index,actual,predicted,residual,model
1484,6.88606,6.1200223,0.766037703094482,XGBoost-combined
3113,8.38616,6.803904,1.582255943450928,XGBoost-combined
45,6.03152,5.9748735,0.0566464572143559,XGBoost-combined
686,5.96257,7.429592,-1.467022132568359,XGBoost-combined
2931,5.89963,5.8412495,0.0583805340576173,XGBoost-combined
4105,6.0655,6.0063486,0.0591513900756837,XGBoost-combined
1778,5.211255,6.3474736,-1.1362186213684078,XGBoost-combined
3362,5.04096,5.956498,-0.9155381460571288,XGBoost-combined
1447,6.52288,7.0765505,-0.5536704837036135,XGBoost-combined
3076,5.18709,6.3147407,-1.127650657806396,XGBoost-combined
4373,7.4437,5.848075,1.5956250869750974,XGBoost-combined
1538,5.1607,6.0544925,-0.8937924736022946,XGBoost-combined
500,6.16115,6.4088326,-0.247682550048828,XGBoost-combined
892,5.55752,6.1991634,-0.6416434368896482,XGBoost-combined
2710,6.1549,5.3033915,0.8515085433959957,XGBoost-combined
2955,8.90309,7.491281,1.4118089674377448,XGBoost-combined
1603,6.92445,7.575183,-0.6507329147338865,XGBoost-combined
1455,7.69897,7.6398106,0.059159437866211,XGBoost-combined
252,6.67778,8.368853,-1.691072615356445,XGBoost-combined
1936,6.36552,7.9060574,-1.540537357788086,XGBoost-combined
3932,6.28316,7.45468,-1.1715199659729008,XGBoost-combined
3158,9.13668,8.190535,0.9461454083251954,XGBoost-combined
4119,5.48945,6.140863,-0.6514129417419436,XGBoost-combined
1156,7.19382,7.550531,-0.3567109104919437,XGBoost-combined
728,5.99443,6.34268,-0.3482499774169918,XGBoost-combined
4374,7.173394999999999,7.106322,0.0670731883239739,XGBoost-combined
3986,7.4437,7.106322,0.3373781883239743,XGBoost-combined
3987,7.49485,7.106322,0.3885281883239742,XGBoost-combined
2686,5.45967,6.2574744,-0.797804422454834,XGBoost-combined
1568,5.04576,5.674666,-0.6289059278869633,XGBoost-combined
4233,5.94006,5.7889423,0.151117662963867,XGBoost-combined
3784,6.19382,6.888162,-0.6943421360778812,XGBoost-combined
1850,5.01323,5.5257874,-0.5125573535156249,XGBoost-combined
2169,6.04096,5.468875,0.5720850686645509,XGBoost-combined
663,5.72816,6.760105,-1.0319451330566407,XGBoost-combined
4484,6.36653,6.534776,-0.1682462107849121,XGBoost-combined
2817,5.07572,5.775318,-0.6995981457519536,XGBoost-combined
1189,6.09691,6.8390355,-0.7421255110168454,XGBoost-combined
3859,7.45643,6.30132,1.1551099240112306,XGBoost-combined
747,8.24795,7.854193,0.3937567893981928,XGBoost-combined
1762,5.13668,5.6943398,-0.5576597521972655,XGBoost-combined
4436,5.31158,6.2446632,-0.9330832385253904,XGBoost-combined
1807,8.3279,7.744161,0.5837388710021969,XGBoost-combined
1976,8.17393,8.207379,-0.0334493411254879,XGBoost-combined
978,6.17783,7.0544195,-0.8765895175170897,XGBoost-combined
419,5.42022,5.6336126,-0.2133926327514652,XGBoost-combined
1339,5.17393,7.128375,-1.9544450534057611,XGBoost-combined
3561,5.29243,5.759083,-0.4666527941894527,XGBoost-combined
1186,5.79588,6.767726,-0.9718459445190426,XGBoost-combined
185,6.65758,6.4990187,0.1585613308715823,XGBoost-combined
1333,6.05061,6.0372057,0.0134043038940427,XGBoost-combined
3361,5.16749,5.780451,-0.6129608209228516,XGBoost-combined
3046,8.85387,8.699472,0.1543975726318365,XGBoost-combined
159,5.0,5.910267,-0.9102668762207032,XGBoost-combined
3707,8.04576,7.9733925,0.0723675134277339,XGBoost-combined
3489,6.56067,6.9305854,-0.3699153843688965,XGBoost-combined
1451,7.09691,7.4289894,-0.3320794104003903,XGBoost-combined
742,6.86967,7.1105876,-0.2409175968933103,XGBoost-combined
1202,8.55284,6.7528396,1.8000004347229002,XGBoost-combined
1337,5.5376,6.1710467,-0.6334467338562009,XGBoost-combined
4250,8.4828,7.3393497,1.1434502532958977,XGBoost-combined
2313,9.0655,8.05103,1.014469841003418,XGBoost-combined
1601,6.18709,5.8124332,0.3746567572021488,XGBoost-combined
4247,7.25964,6.6986556,0.560984394683838,XGBoost-combined
188,9.08619,7.322164,1.7640259413146977,XGBoost-combined
412,7.030094999999999,6.6313396,0.3987554499816887,XGBoost-combined
3128,6.4,7.3373213,-0.9373212814331052,XGBoost-combined
140,6.4437,5.8391285,0.6045715057373044,XGBoost-combined
1984,5.17393,5.608707,-0.434776951141357,XGBoost-combined
1567,5.73283,6.6007767,-0.8679466723632814,XGBoost-combined
1848,5.08619,5.358522,-0.2723319383239744,XGBoost-combined
1939,5.819455,5.896665,-0.0772100962829593,XGBoost-combined
1875,5.30103,6.3582807,-1.057250658721924,XGBoost-combined
3721,8.76955,6.2777085,2.4918414695739752,XGBoost-combined
1947,6.697985,6.2926693,0.4053157037353516,XGBoost-combined
4359,5.12321,5.928263,-0.805053187408447,XGBoost-combined
3070,6.14509,6.7678742,-0.6227842408752444,XGBoost-combined
4171,5.70333,5.9501133,-0.2467832965087888,XGBoost-combined
1182,7.88606,7.5238814,0.3621785646057125,XGBoost-combined
2168,5.00087,5.7542696,-0.7533995999145509,XGBoost-combined
191,8.52288,6.8079624,1.7149175823974616,XGBoost-combined
2151,6.16115,6.025843,0.1353068565368653,XGBoost-combined
2821,7.52288,6.90463,0.6182498158264158,XGBoost-combined
3913,6.99482,6.4868474,0.5079725993347166,XGBoost-combined
1442,7.30103,8.133736,-0.8327056567382813,XGBoost-combined
615,6.44,5.9265695,0.5134305381774906,XGBoost-combined
3344,5.24872,5.4987526,-0.250032593994141,XGBoost-combined
3724,8.59007,8.090432,0.4996378329467781,XGBoost-combined
649,8.34679,6.9043097,1.442480250396729,XGBoost-combined
278,6.69001,6.0949078,0.5951022393798828,XGBoost-combined
282,7.11003,6.9511123,0.1589177296447754,XGBoost-combined
955,6.26761,5.8541465,0.4134635194396976,XGBoost-combined
2727,6.0,5.5700135,0.4299864768981933,XGBoost-combined
1934,7.13966,7.96264,-0.822979808654785,XGBoost-combined
503,5.88606,6.288334,-0.402273892822266,XGBoost-combined
3951,7.0,6.0547943,0.9452056884765624,XGBoost-combined
4003,7.5376,7.051793,0.4858069015502932,XGBoost-combined
3708,5.85574,7.596049,-1.740308831939697,XGBoost-combined
1784,6.319135,5.775614,0.5435212152099611,XGBoost-combined
1523,6.50864,7.905087,-1.3964469941711428,XGBoost-combined
4123,7.95468,7.7264576,0.2282224041748044,XGBoost-combined
1982,5.07058,5.7588806,-0.6883006152343754,XGBoost-combined
3818,5.41794,6.2609253,-0.8429852929687502,XGBoost-combined
1817,6.09691,6.5878873,-0.4909772871398923,XGBoost-combined
3924,7.23657,6.979973,0.2565971606445316,XGBoost-combined
2474,6.15366,6.514166,-0.3605058782958981,XGBoost-combined
2013,6.48812,6.9371505,-0.4490304783630368,XGBoost-combined
1408,5.4318,6.704292,-1.272491820526123,XGBoost-combined
3476,8.35556,8.078982,0.2765776467895513,XGBoost-combined
1548,5.8716,5.7982874,0.0733126083374022,XGBoost-combined
1276,7.6073,7.3936114,0.2136885688781742,XGBoost-combined
4511,8.20066,7.3881445,0.8125155068969718,XGBoost-combined
669,5.46725,8.063848,-2.596597541809082,XGBoost-combined
2469,6.59346,6.081538,0.5119217996215824,XGBoost-combined
1471,6.25964,6.5274086,-0.2677685998535155,XGBoost-combined
3991,9.30103,6.0091214,3.291908582000733,XGBoost-combined
1964,7.84771,7.9901757,-0.1424657240295408,XGBoost-combined
2048,7.66555,8.0689535,-0.4034035140991214,XGBoost-combined
2088,5.98716,6.717276,-0.7301160963439939,XGBoost-combined
112,7.49485,7.244047,0.2508028350830074,XGBoost-combined
3576,5.63676,5.1731977,0.4635622537231443,XGBoost-combined
2479,5.22257,5.4592476,-0.2366775891113279,XGBoost-combined
2542,5.0,5.7074537,-0.707453727722168,XGBoost-combined
2592,5.20691,5.4894085,-0.2824984930419925,XGBoost-combined
1405,6.1549,6.8014097,-0.6465097213745121,XGBoost-combined
2834,5.86646,5.822654,0.0438062295532226,XGBoost-combined
3999,5.72125,5.821636,-0.1003861999511714,XGBoost-combined
1461,5.00877,5.712587,-0.7038168797302244,XGBoost-combined
3069,7.02687,7.0988,-0.0719301823425295,XGBoost-combined
2709,6.52288,5.770853,0.7520269573974607,XGBoost-combined
845,5.89,6.071484,-0.1814840888977054,XGBoost-combined
1946,6.664775,6.471265,0.1935101608276364,XGBoost-combined
1715,7.92082,6.6741076,1.246712448425293,XGBoost-combined
3917,6.60206,6.4457006,0.1563593545532224,XGBoost-combined
2144,6.30715,6.1413774,0.1657725509643555,XGBoost-combined
2319,6.65365,5.9231997,0.7304503463745116,XGBoost-combined
889,6.48545,6.1119027,0.3735472862243654,XGBoost-combined
822,6.84164,6.960647,-0.1190071061706543,XGBoost-combined
2606,5.17457,5.8532057,-0.6786356808471679,XGBoost-combined
1005,6.79588,6.888915,-0.0930350619506832,XGBoost-combined
3723,8.61979,8.102732,0.517058295288086,XGBoost-combined
3029,5.86012,5.8206134,0.039506615753174,XGBoost-combined
654,7.26761,6.657001,0.6106089814758304,XGBoost-combined
1709,5.85,5.336435,0.5135651588439938,XGBoost-combined
3960,6.72125,6.8376617,-0.1164117431640621,XGBoost-combined
23,5.34679,6.5228,-1.176009968719482,XGBoost-combined
37,7.39794,7.229874,0.1680658659362794,XGBoost-combined
4093,5.93554,5.602121,0.3334191236877437,XGBoost-combined
1338,5.38722,5.9317293,-0.5445093167114257,XGBoost-combined
4151,5.05502,6.400115,-1.3450950131225587,XGBoost-combined
4005,6.52288,6.583407,-0.0605269252014162,XGBoost-combined
561,6.3279,6.0963054,0.2315946296691891,XGBoost-combined
517,5.4023,5.8297434,-0.4274433853149411,XGBoost-combined
2702,5.11805,5.6794295,-0.5613795310974119,XGBoost-combined
1168,5.52288,6.4410005,-0.9181204615783694,XGBoost-combined
1414,7.59998,7.615069,-0.0150889125061031,XGBoost-combined
882,9.0,5.695637,3.304362773895264,XGBoost-combined
1475,7.61979,6.8295417,0.7902483168029786,XGBoost-combined
50,6.42022,6.433124,-0.0129040653991703,XGBoost-combined
1562,6.56067,6.4975815,0.0630885180664062,XGBoost-combined
2773,6.11976,6.240635,-0.1208749182128903,XGBoost-combined
4162,5.55596,5.7164617,-0.1605016584777834,XGBoost-combined
2655,5.41794,5.6002293,-0.1822892633056643,XGBoost-combined
3474,8.53165,8.809975,-0.2783246704101554,XGBoost-combined
2589,6.14874,5.5226226,0.6261174147033692,XGBoost-combined
4570,8.58336,8.439956,0.1434042886352546,XGBoost-combined
4149,5.75696,5.332896,0.4240637673950198,XGBoost-combined
2950,8.70006,7.5054326,1.1946273942565924,XGBoost-combined
1107,6.06905,6.7375526,-0.6685026428222658,XGBoost-combined
1130,8.09691,7.2591486,0.8377614022827142,XGBoost-combined
1459,5.25964,5.287486,-0.0278460763549803,XGBoost-combined
3725,8.6216,8.525423,0.096176950073243,XGBoost-combined
2468,8.15989,6.6501565,1.5097335020446785,XGBoost-combined
838,7.37161,6.249409,1.122200801239014,XGBoost-combined
568,6.74473,5.8634434,0.8812866253662106,XGBoost-combined
502,7.60206,7.42462,0.1774398484802244,XGBoost-combined
3952,7.82391,6.4714923,1.3524177095031735,XGBoost-combined
873,8.73755,8.917574,-0.1800239288330072,XGBoost-combined
3309,5.65189,6.48007,-0.8281801141357423,XGBoost-combined
3480,7.30103,6.2677436,1.0332864125061034,XGBoost-combined
3481,7.92082,6.2677436,1.6530764125061037,XGBoost-combined
560,6.21467,6.076271,0.1383989428710936,XGBoost-combined
55,5.14,5.428807,-0.2888067817687991,XGBoost-combined
1877,5.04096,6.1894374,-1.1484773893737792,XGBoost-combined
2465,7.05502,7.0266433,0.0283767237854002,XGBoost-combined
1933,6.7167,8.244439,-1.5277391250610348,XGBoost-combined
1494,6.20901,5.9886336,0.220376367340088,XGBoost-combined
1874,5.65758,6.9030046,-1.2454246463012693,XGBoost-combined
4101,5.44977,5.2083664,0.2414036059570312,XGBoost-combined
1561,6.72125,6.1737943,0.5474557304382328,XGBoost-combined
1983,6.04576,5.748535,0.2972248437499996,XGBoost-combined
3077,7.85387,6.722074,1.1317959681701657,XGBoost-combined
3420,9.03152,7.7014832,1.3300367503356938,XGBoost-combined
4562,6.94692,6.118222,0.8286977633666996,XGBoost-combined
749,7.76955,7.3898168,0.379733238983154,XGBoost-combined
839,6.91009,7.53546,-0.6253699952697751,XGBoost-combined
3816,6.46852,6.059131,0.4093888545227049,XGBoost-combined
333,7.55284,6.674583,0.8782570417785642,XGBoost-combined
4057,5.52288,5.549339,-0.0264588175964357,XGBoost-combined
2991,5.33724,5.5859413,-0.2487013146972652,XGBoost-combined
4561,6.17522,7.24979,-1.0745701916503902,XGBoost-combined
2304,5.16115,5.412988,-0.2518381858825682,XGBoost-combined
2493,7.52288,6.063297,1.4595832051086424,XGBoost-combined
1266,7.42022,8.496317,-1.0760969097900397,XGBoost-combined
352,6.92082,6.60549,0.3153297923278808,XGBoost-combined
1745,5.78781,6.446778,-0.6589678205871579,XGBoost-combined
3471,8.36151,9.076341,-0.714830675354003,XGBoost-combined
994,7.12494,6.0411997,1.0837403158569332,XGBoost-combined
507,6.85699,7.0267572,-0.1697672402954104,XGBoost-combined
957,8.59007,8.938833,-0.3487632366943352,XGBoost-combined
1798,6.98716,6.7024317,0.2847283212280276,XGBoost-combined
1525,6.34199,6.991221,-0.6492309510803222,XGBoost-combined
952,7.14874,6.2814813,0.8672587339782716,XGBoost-combined
1460,5.05552,5.9654007,-0.9098806958007816,XGBoost-combined
39,7.02228,6.6131706,0.4091093762207034,XGBoost-combined
3359,6.08092,5.73961,0.3413098048400877,XGBoost-combined
3712,8.40894,7.213285,1.1956550306701654,XGBoost-combined
1799,6.63639,6.679945,-0.0435549920654301,XGBoost-combined
3124,8.10002,7.510409,0.5896111216735846,XGBoost-combined
4188,5.71287,6.1184244,-0.4055544155883792,XGBoost-combined
1876,5.04576,6.502677,-1.4569169638061528,XGBoost-combined
1335,5.60206,6.4686027,-0.8665426573181154,XGBoost-combined
3502,8.20551,8.224278,-0.0187684500122067,XGBoost-combined
652,7.04576,6.923469,0.1222909333801265,XGBoost-combined
2314,8.59176,7.8920093,0.6997507417297371,XGBoost-combined
1960,8.63827,6.6670213,1.97124872543335,XGBoost-combined
3897,6.28316,6.1668034,0.116356640014648,XGBoost-combined
4092,6.26922,6.0530744,0.2161456401062009,XGBoost-combined
3562,5.49485,5.661779,-0.1669289268493656,XGBoost-combined
1187,7.63827,7.8285117,-0.1902417149353024,XGBoost-combined
1396,8.30103,7.4402575,0.8607724507141121,XGBoost-combined
384,5.0,6.2817097,-1.2817096710205078,XGBoost-combined
1524,6.58838,8.014413,-1.4260328799438478,XGBoost-combined
3997,5.52288,5.740625,-0.2177449046325685,XGBoost-combined
1417,8.01002,8.073144,-0.0631239590454093,XGBoost-combined
2205,6.292,5.5766544,0.7153455657958983,XGBoost-combined
2454,6.40894,6.868941,-0.4600008302307126,XGBoost-combined
2957,9.36653,7.7189164,1.6476135838317862,XGBoost-combined
1332,6.20761,5.9541907,0.2534192689514158,XGBoost-combined
780,8.47945,7.5671215,0.9123284942626952,XGBoost-combined
1620,7.28651,7.6075087,-0.3209986593627931,XGBoost-combined
3842,6.84771,6.123694,0.7240160569763185,XGBoost-combined
2492,5.29243,5.929852,-0.6374220088195797,XGBoost-combined
3862,6.30103,6.5526285,-0.251598517150879,XGBoost-combined
3493,7.95861,8.156522,-0.1979117971801756,XGBoost-combined
1849,5.17393,5.5759697,-0.4020396960449215,XGBoost-combined
4435,5.51713,6.570916,-1.0537861758422853,XGBoost-combined
250,7.5817,7.526299,0.0554010002136227,XGBoost-combined
4538,5.23582,5.7454567,-0.5096366955566403,XGBoost-combined
3926,9.284,6.0411005,3.2428994979858405,XGBoost-combined
83,6.79588,5.7333174,1.062562624816895,XGBoost-combined
1744,5.75449,6.0832887,-0.328798669586182,XGBoost-combined
314,8.4437,8.61678,-0.1730802810668947,XGBoost-combined
2090,6.56864,6.06242,0.5062201086425784,XGBoost-combined
2147,5.98422,6.191124,-0.2069039624023441,XGBoost-combined
1270,5.45593,5.992508,-0.5365779345703121,XGBoost-combined
3555,5.13668,5.4158874,-0.2792073558044432,XGBoost-combined
3954,7.33724,6.2114425,1.125797529449463,XGBoost-combined
577,6.5376,6.087142,0.4504580093383792,XGBoost-combined
3486,5.67366,5.596691,0.076968868408203,XGBoost-combined
2142,6.18111,6.298996,-0.1178859716796871,XGBoost-combined
290,5.74,6.5439377,-0.8039376831054685,XGBoost-combined
4291,7.02687,6.715872,0.3109981890869138,XGBoost-combined
3080,5.79588,6.277364,-0.4814837771606441,XGBoost-combined
732,7.67778,6.8617163,0.8160637295532229,XGBoost-combined
2049,8.16115,8.044302,0.1168480133056633,XGBoost-combined
1808,7.76955,7.8128114,-0.0432613746643069,XGBoost-combined
4323,5.32883,5.5723786,-0.2435486354064941,XGBoost-combined
1546,5.33287,5.797155,-0.4642849034118654,XGBoost-combined
3103,8.72125,8.803518,-0.0822682952880864,XGBoost-combined
2363,7.17393,6.66178,0.5121501194763187,XGBoost-combined
2217,6.44733,7.0809855,-0.6336555461120605,XGBoost-combined
729,5.87234,6.179261,-0.306921207580566,XGBoost-combined
173,6.740745,7.077151,-0.3364058216857906,XGBoost-combined
4154,5.48149,5.7440815,-0.2625914971923828,XGBoost-combined
1321,6.74473,7.3150773,-0.5703473048400882,XGBoost-combined
3896,5.19511,6.18171,-0.9865997663879398,XGBoost-combined
42,6.55284,6.4539227,0.0989172514343259,XGBoost-combined
3791,7.16749,6.2317257,0.9357643072509764,XGBoost-combined
3820,5.76955,6.004847,-0.235297049713135,XGBoost-combined
1281,6.9393,7.504332,-0.5650320655822751,XGBoost-combined
1563,9.62709,6.498254,3.1288361776733407,XGBoost-combined
3151,9.09691,7.5094757,1.5874342919921869,XGBoost-combined
2065,5.07572,6.22669,-1.150969815521241,XGBoost-combined
3683,5.06048,5.580947,-0.520466922302246,XGBoost-combined
369,5.58503,6.268482,-0.6834522082519534,XGBoost-combined
3345,6.09151,6.040029,0.0514809510803226,XGBoost-combined
1292,8.31876,8.0205345,0.2982254846191399,XGBoost-combined
1550,6.39794,6.059089,0.3388508161926271,XGBoost-combined
3115,5.82391,5.6297483,0.1941616555786129,XGBoost-combined
2666,7.22185,7.137343,0.0845070701599119,XGBoost-combined
2994,5.47991,5.5462823,-0.0663722914123532,XGBoost-combined
950,6.80134,6.715335,0.0860051077270505,XGBoost-combined
2450,5.07988,5.6264052,-0.5465252391052244,XGBoost-combined
1783,6.77258,5.8138766,0.9587033711242672,XGBoost-combined
4481,8.33255,6.095471,2.2370790946960444,XGBoost-combined
2767,5.05306,5.6241384,-0.5710783552551266,XGBoost-combined
3125,7.70006,7.480142,0.2199178834533688,XGBoost-combined
1062,6.56864,6.422083,0.1465570989990237,XGBoost-combined
4190,5.2204,5.394808,-0.1744078155517581,XGBoost-combined
1007,6.45593,6.431835,0.0240948254394535,XGBoost-combined
1944,6.271825,6.438152,-0.1663268363952639,XGBoost-combined
1462,5.06048,5.5123687,-0.4518886790466307,XGBoost-combined
1445,5.1549,5.7786536,-0.6237536216735844,XGBoost-combined
4274,6.68867,6.904351,-0.215681234436035,XGBoost-combined
4527,5.03953,6.03938,-0.9998500735473632,XGBoost-combined
4133,5.44563,5.7243323,-0.2787023326110835,XGBoost-combined
2046,7.48812,8.238862,-0.7507420376586911,XGBoost-combined
1557,5.02687,5.747716,-0.7208459500122073,XGBoost-combined
199,5.92082,6.448247,-0.5274269558715821,XGBoost-combined
1397,8.1549,7.557233,0.5976671432495113,XGBoost-combined
3905,5.47886,5.7325053,-0.2536453215026855,XGBoost-combined
1235,6.63827,6.796239,-0.1579688992309567,XGBoost-combined
668,5.16368,7.4504957,-2.286815719909668,XGBoost-combined
1400,7.61979,7.1912436,0.4285463514709473,XGBoost-combined
3310,6.13077,6.985815,-0.8550450482177734,XGBoost-combined
2681,5.3851,5.740912,-0.3558119606018062,XGBoost-combined
363,6.49485,6.10785,0.3869999252319331,XGBoost-combined
501,6.56864,6.350846,0.2177941862487795,XGBoost-combined
4510,5.38091,5.8184385,-0.4375285299682616,XGBoost-combined
4161,6.49485,6.056045,0.4388049446105952,XGBoost-combined
148,5.20329,6.2503204,-1.0470304345703123,XGBoost-combined
1937,6.79588,6.9780383,-0.1821583110046383,XGBoost-combined
2082,6.65365,6.8335743,-0.1799242950439454,XGBoost-combined
3470,8.26122,8.853136,-0.5919160626220705,XGBoost-combined
1551,6.59176,6.716192,-0.1244317686462403,XGBoost-combined
1564,7.5544,7.5651765,-0.0107764869689939,XGBoost-combined
1118,5.50307,6.3874454,-0.8843754498291014,XGBoost-combined
91,6.95861,7.1627474,-0.2041373831176756,XGBoost-combined
1272,5.67778,6.610094,-0.93231407043457,XGBoost-combined
4428,5.18376,5.618361,-0.4346009962463375,XGBoost-combined
3826,5.8962,5.9107556,-0.0145556343078609,XGBoost-combined
1528,5.0,5.708174,-0.7081742286682129,XGBoost-combined
969,8.01592,7.8312345,0.1846855448913569,XGBoost-combined
1816,6.85387,7.0636945,-0.2098244770812991,XGBoost-combined
75,6.12494,6.721778,-0.5968379159545902,XGBoost-combined
2784,6.04769,6.98084,-0.93315020614624,XGBoost-combined
1517,7.46852,7.3161464,0.1523736262512205,XGBoost-combined
1802,6.91507,7.439264,-0.5241938206481933,XGBoost-combined
4547,5.78357,6.0586233,-0.2750533139038085,XGBoost-combined
1449,5.39794,6.1949673,-0.7970272698974608,XGBoost-combined
3216,5.00261,6.2697735,-1.2671634832763674,XGBoost-combined
3726,9.38722,8.108584,1.2786355960083,XGBoost-combined
446,5.43652,5.4033055,0.033214469451904,XGBoost-combined
1897,7.75945,8.31246,-0.5530099456787108,XGBoost-combined
586,5.11,5.3504214,-0.2404214286804196,XGBoost-combined
2317,6.58503,6.1477027,0.4373273060607907,XGBoost-combined
2143,6.05849,6.2838945,-0.2254045388793946,XGBoost-combined
2954,9.02228,7.7588706,1.2634093983459476,XGBoost-combined
3973,6.12494,6.189885,-0.0649451394653324,XGBoost-combined
613,7.22185,5.8841267,1.337723336791992,XGBoost-combined
2265,5.60206,6.262378,-0.6603182157897951,XGBoost-combined
1510,7.85387,7.340075,0.5137949839782712,XGBoost-combined
1537,6.1549,5.523152,0.6317481254577633,XGBoost-combined
4325,6.07988,6.179918,-0.1000378123474119,XGBoost-combined
4445,8.04001,8.0022545,0.0377555139160161,XGBoost-combined
160,5.52288,5.743344,-0.2204638301086428,XGBoost-combined
1716,7.92082,6.239593,1.6812269709777832,XGBoost-combined
592,5.52288,6.1878967,-0.6650167285156252,XGBoost-combined
4433,6.09583,6.3631883,-0.2673582667541501,XGBoost-combined
3074,6.25259,6.978028,-0.7254378205871586,XGBoost-combined
4477,5.3279,5.85523,-0.5273298545837406,XGBoost-combined
1011,6.5,6.12694,0.3730602264404297,XGBoost-combined
3722,8.73993,7.8989825,0.8409474751281731,XGBoost-combined
648,8.22185,8.102511,0.1193385940551756,XGBoost-combined
3349,5.88941,6.8579946,-0.968584556427002,XGBoost-combined
358,7.00436,6.911649,0.0927107728576661,XGBoost-combined
1847,5.20066,5.3468895,-0.1462294958496093,XGBoost-combined
33,6.1549,5.612036,0.542863771820068,XGBoost-combined
4409,5.42829,5.8345942,-0.4063042497253422,XGBoost-combined
650,6.46852,6.7557178,-0.2871977543640138,XGBoost-combined
1280,6.35655,6.5236316,-0.1670815727233883,XGBoost-combined
4386,5.94692,6.575675,-0.6287550106811519,XGBoost-combined
2754,7.32003,6.8748574,0.4451725743103027,XGBoost-combined
4132,6.27646,5.6454988,0.630961247406006,XGBoost-combined
3079,5.30103,5.863,-0.5619699160766602,XGBoost-combined
2425,6.03152,5.9131045,0.1184154658508305,XGBoost-combined
94,7.55284,7.6544476,-0.1016075555419924,XGBoost-combined
2853,8.5784,8.032107,0.546292646789551,XGBoost-combined
2884,8.38828,7.73024,0.6580401318359375,XGBoost-combined
2540,8.20761,8.404201,-0.1965905538940422,XGBoost-combined
1864,6.06048,5.8862085,0.1742714657592774,XGBoost-combined
2538,7.73993,8.055348,-0.3154183963012693,XGBoost-combined
2473,5.92996,6.114928,-0.184967768707275,XGBoost-combined
2588,5.31876,5.6103225,-0.2915624754333494,XGBoost-combined
2080,7.24413,6.955384,0.288746222381592,XGBoost-combined
574,6.67778,6.1072264,0.5705536282348636,XGBoost-combined
1008,7.30103,6.4835696,0.817460377960205,XGBoost-combined
2362,5.86328,5.631466,0.2318140881347652,XGBoost-combined
1041,6.74473,6.537199,0.2075309796142574,XGBoost-combined
4528,6.4318,6.3402257,0.0915743034362792,XGBoost-combined
929,7.7986,7.1975675,0.6010325370788578,XGBoost-combined
1498,7.36653,7.8460197,-0.4794897448730468,XGBoost-combined
4292,6.98716,6.8462505,0.140909465942383,XGBoost-combined
3503,9.35655,8.344711,1.0118386962890629,XGBoost-combined
3504,9.92082,8.3171835,1.6036365054321298,XGBoost-combined
4343,5.71444,5.715742,-0.0013021112060549,XGBoost-combined
1114,6.90309,6.679859,0.2232308386230466,XGBoost-combined
2855,8.64782,7.7556148,0.8922052424621576,XGBoost-combined
935,7.59007,7.47715,0.1129200366210936,XGBoost-combined
4356,5.52143,7.08327,-1.561840072937012,XGBoost-combined
2287,8.3363,8.156501,0.1797991836547847,XGBoost-combined
1106,6.94692,7.149512,-0.2025918141174312,XGBoost-combined
67,7.115494999999999,7.1072526,0.0082424021911613,XGBoost-combined
3346,5.17328,6.5920234,-1.4187433726501464,XGBoost-combined
2731,5.63827,5.814069,-0.1757987942504879,XGBoost-combined
1320,7.74473,8.052024,-0.3072938876342777,XGBoost-combined
4088,5.11862,5.2038484,-0.0852283619689941,XGBoost-combined
1652,5.11407,6.022829,-0.9087590557861328,XGBoost-combined
820,6.90309,6.7688503,0.1342396734619138,XGBoost-combined
3953,6.29243,6.170197,0.1222329899597172,XGBoost-combined
1336,5.58503,6.443727,-0.8586970164489749,XGBoost-combined
515,5.74958,5.6831074,0.0664726239013671,XGBoost-combined
2677,6.22185,7.411031,-1.1891807693481449,XGBoost-combined
1516,7.78252,7.3687096,0.4138104357910155,XGBoost-combined
1352,8.1549,6.8545856,1.3003143524169918,XGBoost-combined
77,6.40894,6.9581876,-0.5492475801086423,XGBoost-combined
1329,9.1549,9.215611,-0.0607114578247074,XGBoost-combined
1472,6.14267,6.1136713,0.0289986972045896,XGBoost-combined
1968,7.46852,6.2780766,1.1904433512878416,XGBoost-combined
971,7.30103,8.134829,-0.8337985675048829,XGBoost-combined
856,5.41657,5.7494364,-0.3328663784790038,XGBoost-combined
2809,6.67778,7.164138,-0.4863578402709958,XGBoost-combined
351,7.85387,7.6664977,0.1873722926330563,XGBoost-combined
3874,5.71086,6.1306458,-0.4197857519531247,XGBoost-combined
1263,6.58336,7.99339,-1.4100300833129884,XGBoost-combined
253,7.66154,7.782139,-0.120598824462891,XGBoost-combined
3969,6.26761,6.158583,0.1090268357849124,XGBoost-combined
3904,7.38722,5.8425827,1.5446372973632814,XGBoost-combined
1128,7.00436,6.03296,0.9714000619506836,XGBoost-combined
1042,6.05061,6.37043,-0.3198199926757814,XGBoost-combined
3903,5.40671,5.8433695,-0.4366594839477535,XGBoost-combined
3127,7.0,7.6661234,-0.6661233901977539,XGBoost-combined
4153,8.09691,8.3346615,-0.237751483764649,XGBoost-combined
4186,5.26841,6.195439,-0.9270288618469236,XGBoost-combined
966,7.85387,8.027257,-0.1733869656372073,XGBoost-combined
2934,5.21396,6.088692,-0.8747321882629393,XGBoost-combined
944,5.62525,5.757274,-0.1320241508483883,XGBoost-combined
1823,5.36552,5.865685,-0.5001649861145019,XGBoost-combined
4252,6.41417,6.7596335,-0.3454635411071773,XGBoost-combined
2961,5.32606,6.0421557,-0.7160957426452637,XGBoost-combined
3560,5.88606,5.9470515,-0.0609915251159671,XGBoost-combined
580,7.55284,6.3708477,1.1819922979736326,XGBoost-combined
4185,6.52288,6.327393,0.1954869450378416,XGBoost-combined
3936,9.67985,7.958805,1.7210449157714844,XGBoost-combined
370,7.20761,6.530263,0.6773470529174803,XGBoost-combined
819,6.87615,6.9579105,-0.0817605377197265,XGBoost-combined
1962,8.68613,8.0633,0.6228298672485355,XGBoost-combined
585,6.30103,6.03754,0.2634900410461425,XGBoost-combined
1879,5.63451,6.3385286,-0.7040186331176761,XGBoost-combined
27,6.08092,6.4509377,-0.3700177479553224,XGBoost-combined
4507,6.26761,5.8061495,0.4614605172729495,XGBoost-combined
1331,6.22915,5.589504,0.6396462348937986,XGBoost-combined
4208,5.635015,6.237455,-0.6024398912048339,XGBoost-combined
3947,5.28432,5.891383,-0.6070631710815428,XGBoost-combined
796,5.50864,6.176576,-0.6679361375427249,XGBoost-combined
1456,5.22185,5.635718,-0.4138678688049317,XGBoost-combined
1457,5.69897,5.635718,0.0632521311950684,XGBoost-combined
2424,5.23136,6.256298,-1.0249380651855473,XGBoost-combined
4539,5.09259,5.66649,-0.5739000779724117,XGBoost-combined
194,8.05061,6.613028,1.4375819505310066,XGBoost-combined
1614,7.0716,7.2687182,-0.1971182426452635,XGBoost-combined
3809,6.05552,5.465608,0.5899118800354,XGBoost-combined
3511,5.14267,6.1697135,-1.0270434971618654,XGBoost-combined
4331,5.36292,6.208981,-0.8460610371398927,XGBoost-combined
3972,5.34199,6.128422,-0.7864317834472656,XGBoost-combined
3877,6.56067,6.196307,0.3643628176879883,XGBoost-combined
2992,5.3098,5.629194,-0.3193937828063964,XGBoost-combined
3311,6.29243,6.199862,0.0925679966735844,XGBoost-combined
58,5.19,5.247725,-0.0577250099182125,XGBoost-combined
4229,6.36051,6.0831842,0.2773257577514645,XGBoost-combined
3510,5.42713,6.1110454,-0.6839153605651855,XGBoost-combined
3572,5.31069,5.3636193,-0.0529293275451658,XGBoost-combined
2150,6.72125,5.8599963,0.8612536811828617,XGBoost-combined
1353,8.09098,7.0943165,0.9966635174560547,XGBoost-combined
662,8.09098,7.068638,1.0223421520996094,XGBoost-combined
1399,7.79588,7.4460716,0.349808375244141,XGBoost-combined
1477,7.16749,6.15852,1.0089697782897948,XGBoost-combined
2133,5.61618,6.467597,-0.8514170077514649,XGBoost-combined
1261,7.08092,8.03399,-0.9530699063110352,XGBoost-combined
3880,6.63827,6.71856,-0.0802902188110348,XGBoost-combined
1558,5.25181,5.855446,-0.6036358618164064,XGBoost-combined
3727,9.20066,8.573668,0.626992473754882,XGBoost-combined
2591,5.57675,5.6416626,-0.0649125976562503,XGBoost-combined
3810,5.0,5.738023,-0.7380228042602539,XGBoost-combined
1296,8.56864,8.732409,-0.16376852355957,XGBoost-combined
2956,7.27572,7.479469,-0.2037488224792483,XGBoost-combined
195,6.31876,7.737218,-1.4184579031372069,XGBoost-combined
1446,5.09691,6.802131,-1.7052211759948728,XGBoost-combined
4273,6.6332,6.958705,-0.3255049484252925,XGBoost-combined
3508,6.92082,6.1795735,0.7412464640808105,XGBoost-combined
1717,5.78781,6.103829,-0.3160189070129391,XGBoost-combined
38,7.09691,7.0267453,0.0701646806335452,XGBoost-combined
3876,6.18177,6.4100194,-0.2282493977355955,XGBoost-combined
4512,9.0655,7.387694,1.6778061180114747,XGBoost-combined
4332,5.195735,6.2065,-1.0107650534057615,XGBoost-combined
1466,7.12494,6.632944,0.4919958929443355,XGBoost-combined
3149,7.42022,7.5007496,-0.0805295880126957,XGBoost-combined
453,5.89963,7.130576,-1.2309461337280272,XGBoost-combined
1501,7.69897,7.5990863,0.0998837153625489,XGBoost-combined
3466,6.80883,7.7559137,-0.9470837344360348,XGBoost-combined
719,6.21467,6.5353847,-0.3207146549987794,XGBoost-combined
718,5.61618,6.5353847,-0.9192046549987792,XGBoost-combined
603,6.08092,6.5353847,-0.4544646549987794,XGBoost-combined
4078,7.95861,7.1002107,0.858399333343506,XGBoost-combined
1940,6.647905,6.0479503,0.5999547322082517,XGBoost-combined
1324,7.33724,8.259187,-0.921946744689941,XGBoost-combined
4294,7.02687,7.2436776,-0.216807616119385,XGBoost-combined
3455,6.40494,7.69828,-1.2933398576354982,XGBoost-combined
4513,7.29158,8.551291,-1.2597114657592776,XGBoost-combined
4157,7.046835,7.436957,-0.3901218824768069,XGBoost-combined
1810,6.92082,7.3953104,-0.4744904019165039,XGBoost-combined
3768,7.70553,5.846826,1.858703923492432,XGBoost-combined
3209,6.39794,5.886274,0.5116661390686037,XGBoost-combined
2137,6.5867,6.021257,0.5654430763244633,XGBoost-combined
3575,5.38902,5.213641,0.1753788333129886,XGBoost-combined
1814,7.69897,8.012679,-0.313709100036621,XGBoost-combined
2320,6.93181,6.397316,0.5344940209960933,XGBoost-combined
4476,5.34679,5.9487844,-0.6019943513488766,XGBoost-combined
2806,6.0348,6.623882,-0.589081816864014,XGBoost-combined
1977,5.08619,5.7288966,-0.6427066178894041,XGBoost-combined
19,5.42022,5.645818,-0.2255982334899906,XGBoost-combined
2604,7.43063,6.053768,1.3768618420410157,XGBoost-combined
3478,8.97469,7.4275703,1.5471196569824226,XGBoost-combined
683,7.41567,7.7791367,-0.3634666577148433,XGBoost-combined
4002,5.46852,5.7254925,-0.2569724774169923,XGBoost-combined
2167,5.82391,6.27169,-0.4477798918151858,XGBoost-combined
3840,5.24336,6.2249093,-0.9815493055725096,XGBoost-combined
745,8.29414,6.4879494,1.8061906286621097,XGBoost-combined
581,5.21,5.5968122,-0.3868122482299805,XGBoost-combined
2015,6.81531,7.572737,-0.7574272169494627,XGBoost-combined
769,5.97,5.897629,0.0723712158203122,XGBoost-combined
1583,6.64397,5.857405,0.7865648143005375,XGBoost-combined
1584,7.14874,6.160927,0.9878131811523438,XGBoost-combined
2952,5.4828,5.960036,-0.4772358009338378,XGBoost-combined
3355,5.5784,5.6657043,-0.0873042503356931,XGBoost-combined
203,8.07572,6.995122,1.0805980441284184,XGBoost-combined
3535,6.49485,6.260531,0.2343190513610835,XGBoost-combined
853,6.63676,6.821944,-0.1851842367553713,XGBoost-combined
774,6.77001,7.3002734,-0.5302634184265136,XGBoost-combined
771,6.91999,7.4880767,-0.5680866868591306,XGBoost-combined
2782,5.03306,6.1824765,-1.1494165205383302,XGBoost-combined
1736,5.23582,5.39266,-0.1568401409912105,XGBoost-combined
2170,5.77211,5.8770213,-0.1049113127136234,XGBoost-combined
1967,7.25964,6.0712337,1.1884062506103517,XGBoost-combined
3137,6.34294,7.281291,-0.938351007995606,XGBoost-combined
3843,6.66555,6.3287888,0.3367612426757809,XGBoost-combined
43,5.82391,6.782502,-0.9585921743774416,XGBoost-combined
3494,8.10292,8.025125,0.0777954501342765,XGBoost-combined
4104,5.14388,5.1117463,0.032133688812256,XGBoost-combined
933,5.26201,6.438125,-1.1761151335144042,XGBoost-combined
934,5.38091,6.438125,-1.0572151335144042,XGBoost-combined
1468,6.20761,6.9845824,-0.7769724241638185,XGBoost-combined
651,6.72125,7.1361103,-0.4148603057861324,XGBoost-combined
2303,5.29243,5.4567714,-0.1643413737487788,XGBoost-combined
4080,6.97964,7.247774,-0.2681341241455079,XGBoost-combined
239,7.56225,7.3935094,0.168740612030029,XGBoost-combined
685,7.48545,7.72586,-0.2404101188659666,XGBoost-combined
4074,5.11862,5.7941375,-0.6755174778747559,XGBoost-combined
2741,6.05061,6.380901,-0.3302908598327638,XGBoost-combined
2771,6.18842,6.032174,0.1562458895874021,XGBoost-combined
1443,7.0,8.172686,-1.172685623168945,XGBoost-combined
712,5.25885,7.9776797,-2.71882972946167,XGBoost-combined
678,8.52288,7.910867,0.6120127857971198,XGBoost-combined
775,7.19997,7.3153625,-0.1153924534606929,XGBoost-combined
1265,8.05552,8.185952,-0.1304321865844731,XGBoost-combined
3304,7.55284,6.4123526,1.1404874380493162,XGBoost-combined
923,9.17393,8.98557,0.1883600460815433,XGBoost-combined
3350,7.35952,7.720207,-0.3606872143554689,XGBoost-combined
1637,5.825555,5.7043614,0.1211935612487788,XGBoost-combined
3089,5.97881,5.644277,0.3345329042053224,XGBoost-combined
3104,8.28819,8.787381,-0.4991911721801756,XGBoost-combined
310,9.24413,8.925764,0.3183659161376955,XGBoost-combined
2301,5.52288,6.4112186,-0.8883386431884768,XGBoost-combined
1026,5.52288,6.4112186,-0.8883386431884768,XGBoost-combined
2079,7.16115,7.12105,0.0401001190185548,XGBoost-combined
1605,6.85699,7.5972543,-0.7402642762756351,XGBoost-combined
3415,7.00745,7.7106624,-0.7032123649597164,XGBoost-combined
583,5.88606,6.280108,-0.3940479750061039,XGBoost-combined
4474,5.06098,6.104355,-1.0433748583984377,XGBoost-combined
228,5.20066,6.4929724,-1.2923123739624025,XGBoost-combined
1441,7.39794,7.892651,-0.4947110810852049,XGBoost-combined
2605,5.22185,5.929223,-0.7073730606079103,XGBoost-combined
1718,7.03152,6.0018606,1.0296593814086918,XGBoost-combined
832,7.76195,7.573113,0.1888370353698727,XGBoost-combined
241,8.26761,7.487629,0.7799810632324213,XGBoost-combined
2086,6.91721,7.1234875,-0.2062774725341798,XGBoost-combined
1509,7.1549,7.5340242,-0.3791242385864262,XGBoost-combined
3450,6.77469,7.0202036,-0.2455135903930667,XGBoost-combined
1949,6.714205,5.8683767,0.8458282681274412,XGBoost-combined
679,8.38722,7.8212886,0.5659314143371574,XGBoost-combined
3827,6.86967,5.9556537,0.914016332550049,XGBoost-combined
833,8.10846,7.9580674,0.1503925828552237,XGBoost-combined
71,4.97879,5.6299195,-0.6511295289611816,XGBoost-combined
3044,8.60206,9.29482,-0.6927598318481447,XGBoost-combined
4333,5.17914,6.0660276,-0.8868876412963864,XGBoost-combined
229,6.33724,7.0303392,-0.6930992410278316,XGBoost-combined
1164,6.96658,6.5120068,0.4545732403564457,XGBoost-combined
1788,7.1549,6.827501,0.3273991798400875,XGBoost-combined
874,6.01773,5.444249,0.5734808468627932,XGBoost-combined
2453,7.04624,6.8700776,0.1761623899841309,XGBoost-combined
2224,8.1549,7.0629234,1.0919765686035152,XGBoost-combined
3185,7.4318,6.7439303,0.6878696601867675,XGBoost-combined
4443,7.55596,7.1740904,0.381869614562988,XGBoost-combined
184,7.02687,7.4193377,-0.3924677494812014,XGBoost-combined
1431,7.28001,7.864911,-0.5849010794067384,XGBoost-combined
3414,6.8146,7.673995,-0.8593950180053707,XGBoost-combined
567,5.60206,6.0800676,-0.4780076345825197,XGBoost-combined
3937,6.56225,6.146203,0.4160469589233395,XGBoost-combined
243,7.08302,7.7341647,-0.6511447148132321,XGBoost-combined
1779,6.644945,7.0305905,-0.3856455342102052,XGBoost-combined
2564,6.34679,6.3007894,0.0460006437683109,XGBoost-combined
3078,5.61979,5.5907774,0.0290126028442383,XGBoost-combined
2813,5.70115,6.3687143,-0.6675643325805662,XGBoost-combined
3961,5.1549,6.651851,-1.4969511772155766,XGBoost-combined
487,6.92082,7.7268906,-0.8060705639648438,XGBoost-combined
4327,5.439715,6.4101453,-0.9704302827453616,XGBoost-combined
4202,5.47301,5.494492,-0.0214820539855953,XGBoost-combined
3048,8.88606,8.874451,0.0116093164062505,XGBoost-combined
1262,6.75449,7.955602,-1.2011121690368656,XGBoost-combined
494,7.52288,7.031125,0.491754931335449,XGBoost-combined
3347,5.59007,7.031125,-1.441055068664551,XGBoost-combined
4170,5.85699,5.8778615,-0.0208714997863772,XGBoost-combined
4565,6.37675,5.8495874,0.5271625595092777,XGBoost-combined
1811,6.56864,6.9177103,-0.3490703042602536,XGBoost-combined
3122,8.50004,7.568662,0.9313778334045412,XGBoost-combined
2318,5.98464,6.6072273,-0.6225873254394534,XGBoost-combined
1309,5.79317,6.8407125,-1.0475425473022462,XGBoost-combined
2222,5.39794,7.3964243,-1.9984842935180664,XGBoost-combined
2808,6.21467,7.170736,-0.9560658360290528,XGBoost-combined
714,5.0048,5.7843046,-0.7795046188354489,XGBoost-combined
340,7.0,6.8219795,0.1780204772949218,XGBoost-combined
3180,6.60206,5.964942,0.63711802154541,XGBoost-combined
2823,7.69897,7.152159,0.5468107859802247,XGBoost-combined
1357,5.36653,5.9185424,-0.5520123851013183,XGBoost-combined
578,5.21,5.292818,-0.0828180694580078,XGBoost-combined
563,5.28,5.3702154,-0.0902154159545896,XGBoost-combined
4427,5.33913,5.602973,-0.2638429843139649,XGBoost-combined
244,7.79187,7.234946,0.5569242259216312,XGBoost-combined
3300,7.7167,6.808284,0.9084161941528324,XGBoost-combined
1719,7.36653,6.808284,0.558246194152832,XGBoost-combined
2068,6.34361,6.5991855,-0.2555754667663574,XGBoost-combined
779,8.48004,7.892367,0.5876731138610847,XGBoost-combined
3447,6.76955,6.484624,0.2849260910034177,XGBoost-combined
2047,7.76195,8.207917,-0.4459672134399417,XGBoost-combined
1177,8.65758,8.474455,0.1831251202392572,XGBoost-combined
1632,8.28567,8.209042,0.0766284045410152,XGBoost-combined
3682,5.65758,6.2242346,-0.5666545809936521,XGBoost-combined
3453,6.5064,7.23143,-0.7250300537109373,XGBoost-combined
2831,5.08725,5.5362816,-0.4490315856933593,XGBoost-combined
3732,5.39794,6.23821,-0.8402702012634276,XGBoost-combined
3134,7.5376,7.3534966,0.1841034484863284,XGBoost-combined
2811,6.5376,6.9603653,-0.4227652954101559,XGBoost-combined
2996,6.20761,6.407655,-0.2000447622680665,XGBoost-combined
2418,6.12205,6.4483767,-0.3263266555786135,XGBoost-combined
2077,6.02826,6.6476817,-0.6194217131042477,XGBoost-combined
3559,6.09151,5.872746,0.2187640092468266,XGBoost-combined
154,6.72125,6.829097,-0.1078467941284175,XGBoost-combined
4569,7.284,6.8950753,0.38892467880249,XGBoost-combined
3499,7.31966,8.158106,-0.8384458502197267,XGBoost-combined
2153,6.10237,6.1837654,-0.0813954113769535,XGBoost-combined
4329,5.37479,6.275763,-0.9009730348205568,XGBoost-combined
134,6.14874,6.4432983,-0.2945583398437499,XGBoost-combined
3667,7.64397,7.6315966,0.0123734347534183,XGBoost-combined
1818,6.0,6.267267,-0.2672672271728515,XGBoost-combined
56,5.35,5.3035016,0.0464983940124508,XGBoost-combined
4429,5.0,5.640719,-0.640718936920166,XGBoost-combined
3919,7.88606,7.288351,0.5977089410400387,XGBoost-combined
480,7.30103,7.0847297,0.2163003285217284,XGBoost-combined
1790,6.02506,6.5084324,-0.4833723883056642,XGBoost-combined
1782,7.134205,5.77399,1.3602148457336425,XGBoost-combined
3998,5.38722,6.4264674,-1.0392474186706542,XGBoost-combined
928,8.85078,7.585894,1.2648858921813968,XGBoost-combined
205,6.081145,5.9370427,0.144102286834717,XGBoost-combined
727,7.13312,6.264509,0.8686107989501952,XGBoost-combined
1881,8.29757,8.565967,-0.2683966061401364,XGBoost-combined
1966,5.20066,5.9713964,-0.7707364462280273,XGBoost-combined
4362,5.37779,6.0937047,-0.7159147004699706,XGBoost-combined
571,7.13077,6.0823736,1.0483963809204102,XGBoost-combined
3894,5.59482,6.4651866,-0.8703665959167477,XGBoost-combined
490,6.18709,6.249831,-0.0627411996459956,XGBoost-combined
3845,6.64782,5.8847203,0.7630996745300296,XGBoost-combined
1294,8.72125,8.077542,0.6437076950073237,XGBoost-combined
943,5.67778,6.24002,-0.5622397982788083,XGBoost-combined
3672,7.09691,6.4570527,0.6398572923278811,XGBoost-combined
3671,9.48149,8.565467,0.916023119201661,XGBoost-combined
3100,8.44249,6.644968,1.797521967163085,XGBoost-combined
1791,5.5391,6.154744,-0.6156441482543942,XGBoost-combined
4434,7.04096,6.458282,0.5826780061340333,XGBoost-combined
589,6.58503,5.614401,0.9706291363525388,XGBoost-combined
1358,5.44855,5.7235394,-0.2749893524169922,XGBoost-combined
1275,5.35655,6.509947,-1.1533968231201168,XGBoost-combined
1751,6.31069,7.092121,-0.781431124267578,XGBoost-combined
4004,8.0,6.2817397,1.7182602882385254,XGBoost-combined
872,8.17718,7.335292,0.8418881375122069,XGBoost-combined
2289,6.56915,6.385,0.1841497711181636,XGBoost-combined
4249,6.92082,6.4731417,0.4476783297729492,XGBoost-combined
1194,9.31876,9.017194,0.301566205749511,XGBoost-combined
359,7.04576,7.1825037,-0.136743700256348,XGBoost-combined
1185,7.76955,7.35382,0.4157301528930661,XGBoost-combined
1240,7.88606,6.4669657,1.4190943246459955,XGBoost-combined
366,8.02687,8.089223,-0.0623529080200189,XGBoost-combined
1127,6.8962,6.504238,0.3919618713378909,XGBoost-combined
1965,5.60206,6.173097,-0.5710371336364748,XGBoost-combined
237,7.93181,7.8122187,0.1195913339233394,XGBoost-combined
1458,6.09691,6.470441,-0.373530864562988,XGBoost-combined
251,7.09909,7.188807,-0.0897170106506344,XGBoost-combined
3051,5.49485,6.266693,-0.7718431152343754,XGBoost-combined
3841,7.0,5.599249,1.4007511138916016,XGBoost-combined
3144,6.31876,6.531027,-0.2122668402099607,XGBoost-combined
777,8.18,8.003817,0.1761833953857419,XGBoost-combined
772,8.24003,7.927373,0.3126570675659188,XGBoost-combined
1692,5.07,5.4811707,-0.4111706542968747,XGBoost-combined
1439,6.30103,7.5699515,-1.2689215342712403,XGBoost-combined
146,6.18177,5.6138344,0.5679356188964846,XGBoost-combined
1402,7.49485,7.2595263,0.2353237472534175,XGBoost-combined
462,5.527355,5.651843,-0.1244880709838867,XGBoost-combined
3928,9.13668,8.169487,0.9671930004882814,XGBoost-combined
4129,6.27474,6.030449,0.2442910864257816,XGBoost-combined
3050,6.10791,6.1876974,-0.0797874105834957,XGBoost-combined
165,5.98297,6.294881,-0.3119108670043946,XGBoost-combined
1351,6.30103,6.1429014,0.1581285794067382,XGBoost-combined
1095,7.16749,7.4258842,-0.2583942468261719,XGBoost-combined
2926,7.35556,6.9491878,0.4063722444152828,XGBoost-combined
3858,5.34679,5.98464,-0.6378501214599606,XGBoost-combined
2451,5.89466,5.618478,0.2761821786499023,XGBoost-combined
1800,7.01323,6.7915945,0.2216354946899414,XGBoost-combined
4001,5.82391,5.8935366,-0.0696265676879885,XGBoost-combined
731,5.49435,6.172264,-0.6779140991210939,XGBoost-combined
1063,6.35655,6.4566507,-0.1001007339477535,XGBoost-combined
2898,6.96497,8.089211,-1.1242414639282226,XGBoost-combined
1430,7.79997,7.772468,0.027501909942627,XGBoost-combined
4244,6.71897,6.049188,0.6697818629455563,XGBoost-combined
3340,5.05849,5.624195,-0.5657050988769532,XGBoost-combined
4470,5.23359,5.8908544,-0.6572643586730953,XGBoost-combined
4478,6.04576,6.2429495,-0.197189485778809,XGBoost-combined
4475,7.14874,5.7731833,1.3755566542053224,XGBoost-combined
3786,6.09745,6.185872,-0.0884220779418942,XGBoost-combined
3505,9.56864,8.287641,1.280999428405762,XGBoost-combined
3464,7.81816,7.752486,0.0656737710571286,XGBoost-combined
1334,5.88606,6.446863,-0.5608031744384769,XGBoost-combined
1559,7.30103,6.339362,0.9616678555297852,XGBoost-combined
1269,5.04096,6.9618025,-1.9208424826049804,XGBoost-combined
1527,5.00877,5.8945913,-0.8858213314819334,XGBoost-combined
741,7.14206,7.090709,0.0513507905578611,XGBoost-combined
1245,5.39794,5.879942,-0.482001940307617,XGBoost-combined
4210,5.767,5.8514633,-0.0844633178710934,XGBoost-combined
238,7.90658,8.104638,-0.1980580996704102,XGBoost-combined
3846,6.08619,5.868728,0.2174618391418459,XGBoost-combined
594,9.52288,8.283248,1.2396320523071296,XGBoost-combined
2135,7.74473,6.6654162,1.079313759307861,XGBoost-combined
717,7.42022,7.103722,0.3164979045104976,XGBoost-combined
1004,6.82391,6.944498,-0.1205880621337893,XGBoost-combined
3669,7.91721,7.6792393,0.2379707269287108,XGBoost-combined
1448,5.04576,5.8225346,-0.776774561157227,XGBoost-combined
4264,6.29229,6.260367,0.0319230833435062,XGBoost-combined
2467,7.73755,7.2404585,0.4970915115356442,XGBoost-combined
1813,7.52288,7.9175296,-0.3946495829772951,XGBoost-combined
4563,6.94692,6.160339,0.7865811213684086,XGBoost-combined
4363,7.5376,5.65759,1.8800100875854493,XGBoost-combined
3183,5.02687,5.42554,-0.3986699703979495,XGBoost-combined
1188,5.92082,7.076508,-1.1556880451965332,XGBoost-combined
3668,7.93181,7.7985907,0.1332193399047847,XGBoost-combined
3957,5.31426,6.2884693,-0.9742093145751952,XGBoost-combined
4524,7.39794,7.230872,0.1670678457641603,XGBoost-combined
653,6.12494,6.8144345,-0.6894945283508305,XGBoost-combined
3728,8.90309,8.488153,0.414936542358399,XGBoost-combined
4263,6.2583,6.238447,0.0198528106689455,XGBoost-combined
4158,7.19382,6.7534595,0.440360546417236,XGBoost-combined
0,6.12494,6.0793095,0.045630536499023,XGBoost-combined
1057,6.60206,5.999764,0.6022960343933104,XGBoost-combined
2221,6.90309,7.4487624,-0.5456724168395999,XGBoost-combined
915,5.23657,5.8334584,-0.5968884236145016,XGBoost-combined
851,6.54303,6.7585597,-0.2155297038269044,XGBoost-combined
472,7.65758,7.4733605,0.1842194615173342,XGBoost-combined
3383,6.51999,5.376912,1.1430778829956054,XGBoost-combined
1364,6.6103,6.6134853,-0.0031853363037113,XGBoost-combined
1781,6.90344,6.999298,-0.0958580957031252,XGBoost-combined
3916,5.25964,6.9275775,-1.667937495574951,XGBoost-combined
1416,8.43997,7.9532127,0.4867572619628912,XGBoost-combined
362,6.65758,6.465888,0.1916919766235354,XGBoost-combined
1467,7.22185,6.9358945,0.2859555107116698,XGBoost-combined
1039,6.69897,6.6463537,0.0526162783813477,XGBoost-combined
1454,8.0,7.753614,0.2463860511779785,XGBoost-combined
4347,5.71444,6.075587,-0.361146795806885,XGBoost-combined
1129,6.92082,5.753185,1.1676352046203613,XGBoost-combined
3473,8.7122,9.030374,-0.3181735733032234,XGBoost-combined
1797,6.78781,6.722555,0.0652548394775394,XGBoost-combined
566,5.82391,5.6544647,0.1694452783203122,XGBoost-combined
3509,5.25337,6.1859984,-0.932628439788818,XGBoost-combined
4353,6.86646,6.509097,0.3573629006958008,XGBoost-combined
2296,6.72946,6.9237823,-0.194322348632812,XGBoost-combined
3790,6.03953,6.02657,0.0129601567077637,XGBoost-combined
2923,7.74473,6.2126126,1.532117371063232,XGBoost-combined
1518,7.54668,7.3624496,0.1842303540039065,XGBoost-combined
1330,8.52288,9.082484,-0.5596042453002923,XGBoost-combined
3147,6.284,5.8619905,0.4220095481872556,XGBoost-combined
1483,6.95861,6.579271,0.3793391603088381,XGBoost-combined
2136,6.79588,6.2240324,0.5718475979614261,XGBoost-combined
4348,5.71444,5.8179636,-0.1035236001586916,XGBoost-combined
1367,7.0,6.6148405,0.3851594924926758,XGBoost-combined
1247,5.0,6.149637,-1.149637222290039,XGBoost-combined
3417,7.96981,7.548439,0.4213709741210936,XGBoost-combined
1191,7.88606,7.3865533,0.4995067124938961,XGBoost-combined
2949,8.75007,7.6276836,1.122386360473632,XGBoost-combined
187,5.35655,7.0906014,-1.7340514442443844,XGBoost-combined
4152,7.60206,7.0669475,0.5351125398254393,XGBoost-combined
1604,7.04818,6.864247,0.183933154754639,XGBoost-combined
871,7.70553,8.27319,-0.5676595446777339,XGBoost-combined
2134,6.72816,6.230086,0.498074150238037,XGBoost-combined
3297,7.08092,5.5999002,1.481019754333496,XGBoost-combined
1315,8.35655,8.78978,-0.4332296630859371,XGBoost-combined
2558,6.01278,5.7311497,0.2816303265380862,XGBoost-combined
3962,5.76955,6.934418,-1.1648682014465337,XGBoost-combined
4568,7.95468,6.3770227,1.577657256774902,XGBoost-combined
1980,6.09691,5.8728476,0.2240624429321291,XGBoost-combined
2812,5.93554,6.3797317,-0.44419165512085,XGBoost-combined
3927,8.87615,5.948904,2.927245962524415,XGBoost-combined
3099,7.5817,6.01054,1.5711599914550778,XGBoost-combined
4346,5.71444,5.758028,-0.043588030395508,XGBoost-combined
2085,7.34679,7.338446,0.0083438597106937,XGBoost-combined
1824,5.30715,5.3874636,-0.0803135696411132,XGBoost-combined
3863,7.52244,5.645592,1.8768477873229976,XGBoost-combined
1328,8.82391,9.282466,-0.4585559347534182,XGBoost-combined
3766,7.65365,6.546194,1.107455923461914,XGBoost-combined
972,7.6038,8.078707,-0.4749067413330081,XGBoost-combined
3483,8.89279,5.951877,2.9409128828430173,XGBoost-combined
3482,8.80967,5.951877,2.857792882843018,XGBoost-combined
3933,6.98297,7.4540296,-0.4710595600891114,XGBoost-combined
3837,6.04576,6.21662,-0.170859968414307,XGBoost-combined
3299,6.1261,6.47585,-0.3497501052856444,XGBoost-combined
1274,6.52288,6.3698554,0.1530245960998533,XGBoost-combined
2081,6.92812,6.695843,0.2322767802429197,XGBoost-combined
1365,6.79371,6.179153,0.6145570344543456,XGBoost-combined
891,6.74232,5.971995,0.770325123138428,XGBoost-combined
1410,5.52288,5.8641286,-0.3412485896301271,XGBoost-combined
2951,5.97,7.037309,-1.0673091697692874,XGBoost-combined
1635,6.61979,5.843024,0.7767662229919434,XGBoost-combined
79,7.39794,7.3726873,0.0252526602172853,XGBoost-combined
2225,7.22915,7.5122776,-0.2831276031494143,XGBoost-combined
181,5.48149,7.64868,-2.1671902101135254,XGBoost-combined
1693,5.77,5.51107,0.258930225372314,XGBoost-combined
1613,8.34775,8.241101,0.1066487350463862,XGBoost-combined
3971,5.49485,5.479049,0.0158007942199702,XGBoost-combined
190,5.0,6.74873,-1.748730182647705,XGBoost-combined
3819,5.28233,6.261803,-0.979473150177002,XGBoost-combined
1453,9.0,7.683043,1.3169569969177246,XGBoost-combined
900,7.44977,7.2676053,0.1821646952819824,XGBoost-combined
3785,6.00524,5.8946476,0.1105924017333981,XGBoost-combined
582,6.48149,6.038097,0.4433930952453613,XGBoost-combined
1746,5.18842,5.874368,-0.685948190765381,XGBoost-combined
1027,5.22185,6.1300836,-0.9082335609436036,XGBoost-combined
773,8.24003,8.108258,0.1317717526245125,XGBoost-combined
1297,8.79588,8.72437,0.0715099972534183,XGBoost-combined
471,7.521435,7.581882,-0.0604469999694821,XGBoost-combined
505,7.0,7.3977423,-0.3977422714233398,XGBoost-combined
3418,8.96658,7.594234,1.3723460102844245,XGBoost-combined
1409,5.0,6.8283925,-1.828392505645752,XGBoost-combined
3098,7.51286,5.986044,1.526816069946289,XGBoost-combined
395,5.47,5.6565547,-0.186554698944092,XGBoost-combined
1859,5.38195,6.2981267,-0.9161766975402834,XGBoost-combined
3156,7.2321,7.3729095,-0.1408095458984375,XGBoost-combined
1341,5.07058,6.234298,-1.1637182292175297,XGBoost-combined
3155,7.62709,7.505933,0.1211571920776366,XGBoost-combined
3120,8.70006,7.941973,0.758086790618897,XGBoost-combined
4087,9.284,8.093271,1.1907287445068366,XGBoost-combined
3056,6.85387,6.249365,0.6045051470947262,XGBoost-combined
4324,6.30016,6.439213,-0.1390527990722656,XGBoost-combined
4330,5.50328,6.4183245,-0.9150444705200194,XGBoost-combined
1722,5.17005,5.254233,-0.0841828834533693,XGBoost-combined
3864,5.4828,7.583187,-2.1003871032714843,XGBoost-combined
49,7.09691,6.9109225,0.1859874726867678,XGBoost-combined
1029,5.30103,5.316939,-0.0159088771057129,XGBoost-combined
1943,5.377875,6.132481,-0.7546060981750484,XGBoost-combined
176,6.48149,6.8938785,-0.4123884599304199,XGBoost-combined
123,6.48149,6.8938785,-0.4123884599304199,XGBoost-combined
356,6.46852,6.8982487,-0.4297286724853517,XGBoost-combined
3298,6.6517,6.7563252,-0.1046252449035645,XGBoost-combined
53,5.03152,6.4298434,-1.398323425750732,XGBoost-combined
2358,6.21467,5.794283,0.4203870867919921,XGBoost-combined
3943,6.2636,6.2008576,0.0627423606872561,XGBoost-combined
1540,5.23307,6.0882716,-0.8552016178894046,XGBoost-combined
355,6.67778,6.2756624,0.4021175778198245,XGBoost-combined
212,6.67801,6.2756624,0.4023475778198238,XGBoost-combined
4473,7.63078,6.466387,1.1643932049560544,XGBoost-combined
850,6.41623,6.7019467,-0.2857167353820804,XGBoost-combined
3500,8.42022,8.144271,0.2759491030883794,XGBoost-combined
3870,5.01323,5.8393226,-0.8260925669860839,XGBoost-combined
4245,9.36653,6.9821224,2.3844075787353507,XGBoost-combined
2393,5.79317,6.260457,-0.4672870388793946,XGBoost-combined
3950,7.04576,6.518561,0.5271991136169429,XGBoost-combined
2223,6.88606,7.245609,-0.3595488066101078,XGBoost-combined
1536,5.64859,6.5799794,-0.9313894197082516,XGBoost-combined
3931,7.0,6.802338,0.1976618766784668,XGBoost-combined
3709,5.88406,6.1977277,-0.313667680206299,XGBoost-combined
4100,5.34104,5.1739306,0.1671093550109859,XGBoost-combined
110,8.34679,7.053729,1.2930609426879889,XGBoost-combined
4514,8.93554,6.514689,2.4208510313415523,XGBoost-combined
1804,7.00877,6.88365,0.1251201739501954,XGBoost-combined
2785,7.15927,7.014677,0.144592952270508,XGBoost-combined
960,5.22915,6.08708,-0.857930001831055,XGBoost-combined
249,7.26281,7.230388,0.0324218354797363,XGBoost-combined
1945,6.174285,6.187461,-0.013175899353027,XGBoost-combined
1539,5.1261,6.8764496,-1.7503495849609374,XGBoost-combined
3549,6.17393,5.870874,0.303056071929932,XGBoost-combined
3477,8.24872,8.855306,-0.606585671691894,XGBoost-combined
1010,6.0,7.0301924,-1.0301923751831057,XGBoost-combined
2755,7.34998,6.3953066,0.954673412780762,XGBoost-combined
4328,5.09155,6.1749706,-1.083420626831055,XGBoost-combined
1181,6.46852,8.003991,-1.5354711270141603,XGBoost-combined
1493,7.60206,6.2392325,1.3628274598693846,XGBoost-combined
4084,5.4045,6.2759767,-0.871476657867432,XGBoost-combined
579,6.04576,6.0702157,-0.0244557020568851,XGBoost-combined
3112,6.70997,5.851648,0.8583221461486819,XGBoost-combined
1012,5.6,6.915894,-1.3158940315246586,XGBoost-combined
1484,6.88606,6.3430853,0.5429747109985348,XGBoost-morgan
3113,8.38616,6.887152,1.4990078050231936,XGBoost-morgan
45,6.03152,6.772677,-0.7411569447326656,XGBoost-morgan
686,5.96257,8.088917,-2.1263467785644528,XGBoost-morgan
2931,5.89963,6.160608,-0.2609778147888182,XGBoost-morgan
4105,6.0655,5.812982,0.2525179176330567,XGBoost-morgan
1778,5.211255,6.6169214,-1.4056664248657222,XGBoost-morgan
3362,5.04096,6.055138,-1.0141781111145018,XGBoost-morgan
1447,6.52288,6.305433,0.2174472035217283,XGBoost-morgan
3076,5.18709,6.4470263,-1.2599362527465816,XGBoost-morgan
4373,7.4437,6.0118127,1.4318873130798335,XGBoost-morgan
1538,5.1607,5.8562293,-0.6955293052673337,XGBoost-morgan
500,6.16115,6.493149,-0.3319988037109374,XGBoost-morgan
892,5.55752,6.1040387,-0.5465187153625486,XGBoost-morgan
2710,6.1549,5.521402,0.6334981178283687,XGBoost-morgan
2955,8.90309,7.8689394,1.0341506002807623,XGBoost-morgan
1603,6.92445,7.7156153,-0.7911652725219724,XGBoost-morgan
1455,7.69897,7.0245805,0.6743895213317872,XGBoost-morgan
252,6.67778,8.133114,-1.455333861083984,XGBoost-morgan
1936,6.36552,8.057517,-1.6919970516967773,XGBoost-morgan
3932,6.28316,7.6082206,-1.3250605772399906,XGBoost-morgan
3158,9.13668,8.577114,0.5595658947753908,XGBoost-morgan
4119,5.48945,5.7258263,-0.2363762634277346,XGBoost-morgan
1156,7.19382,7.180862,0.0129580500793453,XGBoost-morgan
728,5.99443,6.4899797,-0.4955497439575191,XGBoost-morgan
4374,7.173394999999999,7.13587,0.0375250201416008,XGBoost-morgan
3986,7.4437,7.13587,0.3078300201416013,XGBoost-morgan
3987,7.49485,7.13587,0.3589800201416011,XGBoost-morgan
2686,5.45967,6.31805,-0.8583799076843261,XGBoost-morgan
1568,5.04576,5.882508,-0.8367478010559086,XGBoost-morgan
4233,5.94006,5.825348,0.1147120996093749,XGBoost-morgan
3784,6.19382,6.4832764,-0.2894563671875003,XGBoost-morgan
1850,5.01323,5.353085,-0.3398550410461425,XGBoost-morgan
2169,6.04096,5.361098,0.6798621873474122,XGBoost-morgan
663,5.72816,6.6469116,-0.91875162109375,XGBoost-morgan
4484,6.36653,6.404408,-0.0378779780578613,XGBoost-morgan
2817,5.07572,5.548128,-0.4724081280517582,XGBoost-morgan
1189,6.09691,6.9882865,-0.89137649520874,XGBoost-morgan
3859,7.45643,6.9440165,0.5124135433959962,XGBoost-morgan
747,8.24795,7.8895574,0.3583926383972162,XGBoost-morgan
1762,5.13668,5.5038753,-0.3671952555847166,XGBoost-morgan
4436,5.31158,6.2350693,-0.9234892749023436,XGBoost-morgan
1807,8.3279,7.267598,1.060301847839355,XGBoost-morgan
1976,8.17393,8.325183,-0.1512529147338863,XGBoost-morgan
978,6.17783,7.4444604,-1.2666303919982909,XGBoost-morgan
419,5.42022,5.630977,-0.2107571537780765,XGBoost-morgan
1339,5.17393,7.2924256,-2.1184956324768063,XGBoost-morgan
3561,5.29243,5.755957,-0.4635271266174312,XGBoost-morgan
1186,5.79588,6.416309,-0.6204288798522946,XGBoost-morgan
185,6.65758,6.8212423,-0.1636623324584958,XGBoost-morgan
1333,6.05061,6.0903444,-0.0397344290161134,XGBoost-morgan
3361,5.16749,5.814236,-0.6467461640930177,XGBoost-morgan
3046,8.85387,8.837185,0.0166850939941411,XGBoost-morgan
159,5.0,5.8002944,-0.8002943992614746,XGBoost-morgan
3707,8.04576,8.185561,-0.1398011801147465,XGBoost-morgan
3489,6.56067,7.1247754,-0.5641054096984863,XGBoost-morgan
1451,7.09691,7.0245805,0.0723295213317873,XGBoost-morgan
742,6.86967,6.9506335,-0.0809635258483885,XGBoost-morgan
1202,8.55284,7.143477,1.4093630369567869,XGBoost-morgan
1337,5.5376,5.9725165,-0.4349165367126462,XGBoost-morgan
4250,8.4828,7.272335,1.2104649475097649,XGBoost-morgan
2313,9.0655,8.008533,1.0569674758911134,XGBoost-morgan
1601,6.18709,5.5783544,0.6087356413269047,XGBoost-morgan
4247,7.25964,6.622612,0.6370280004882813,XGBoost-morgan
188,9.08619,8.037563,1.0486266760253908,XGBoost-morgan
412,7.030094999999999,6.734125,0.2959698626708977,XGBoost-morgan
3128,6.4,7.356371,-0.95637092590332,XGBoost-morgan
140,6.4437,5.836853,0.6068469726562498,XGBoost-morgan
1984,5.17393,5.621833,-0.4479028475952145,XGBoost-morgan
1567,5.73283,6.9682117,-1.2353816508483888,XGBoost-morgan
1848,5.08619,5.1949325,-0.1087424607849119,XGBoost-morgan
1939,5.819455,5.8022227,0.0172322712707515,XGBoost-morgan
1875,5.30103,5.8896685,-0.5886384646606446,XGBoost-morgan
3721,8.76955,6.271489,2.4980608566284186,XGBoost-morgan
1947,6.697985,6.135171,0.5628140634155274,XGBoost-morgan
4359,5.12321,5.833985,-0.7107748518371579,XGBoost-morgan
3070,6.14509,6.871009,-0.7259188729858401,XGBoost-morgan
4171,5.70333,6.159512,-0.4561820429992673,XGBoost-morgan
1182,7.88606,7.3885703,0.4974896913146969,XGBoost-morgan
2168,5.00087,5.5194626,-0.5185925854492188,XGBoost-morgan
191,8.52288,7.2812247,1.2416552723693854,XGBoost-morgan
2151,6.16115,5.889414,0.271736166381836,XGBoost-morgan
2821,7.52288,7.0240974,0.4987825573730466,XGBoost-morgan
3913,6.99482,6.9329157,0.0619043124389646,XGBoost-morgan
1442,7.30103,7.342087,-0.0410567919921875,XGBoost-morgan
615,6.44,6.1148386,0.325161399841309,XGBoost-morgan
3344,5.24872,5.436328,-0.1876079342651371,XGBoost-morgan
3724,8.59007,7.717911,0.8721592333984383,XGBoost-morgan
649,8.34679,7.5669293,0.7798606596374515,XGBoost-morgan
278,6.69001,5.973316,0.7166938073730469,XGBoost-morgan
282,7.11003,6.5682154,0.5418146298217774,XGBoost-morgan
955,6.26761,5.8553057,0.4123043283081058,XGBoost-morgan
2727,6.0,5.5004077,0.4995923042297363,XGBoost-morgan
1934,7.13966,8.057517,-0.9178570516967772,XGBoost-morgan
503,5.88606,6.255723,-0.3696629995727543,XGBoost-morgan
3951,7.0,6.0832343,0.9167656898498536,XGBoost-morgan
4003,7.5376,6.9960914,0.5415086341857913,XGBoost-morgan
3708,5.85574,7.7803316,-1.9245916116333008,XGBoost-morgan
1784,6.319135,5.779181,0.5399539964294435,XGBoost-morgan
1523,6.50864,8.457407,-1.9487669976806643,XGBoost-morgan
4123,7.95468,7.672491,0.2821889263916013,XGBoost-morgan
1982,5.07058,5.7474375,-0.6768574771118168,XGBoost-morgan
3818,5.41794,5.7787957,-0.3608557191467287,XGBoost-morgan
1817,6.09691,7.334312,-1.2374019621276853,XGBoost-morgan
3924,7.23657,7.130206,0.1063638919067386,XGBoost-morgan
2474,6.15366,6.606056,-0.4523962133789059,XGBoost-morgan
2013,6.48812,6.9992056,-0.5110855892944333,XGBoost-morgan
1408,5.4318,7.5137196,-2.0819195587158204,XGBoost-morgan
3476,8.35556,7.8255463,0.530013735351563,XGBoost-morgan
1548,5.8716,5.96144,-0.0898400863647461,XGBoost-morgan
1276,7.6073,7.38919,0.2181098030090336,XGBoost-morgan
4511,8.20066,7.124394,1.0762660600280751,XGBoost-morgan
669,5.46725,8.232603,-2.765353073120117,XGBoost-morgan
2469,6.59346,6.079112,0.5143479470825199,XGBoost-morgan
1471,6.25964,6.446336,-0.1866957925415038,XGBoost-morgan
3991,9.30103,6.578036,2.722994168548585,XGBoost-morgan
1964,7.84771,8.049114,-0.2014042272949217,XGBoost-morgan
2048,7.66555,8.501513,-0.8359625274658207,XGBoost-morgan
2088,5.98716,6.773304,-0.7861439855957029,XGBoost-morgan
112,7.49485,7.4860134,0.0088365875244136,XGBoost-morgan
3576,5.63676,5.3780937,0.2586662805175779,XGBoost-morgan
2479,5.22257,5.4827566,-0.2601866146850584,XGBoost-morgan
2542,5.0,5.8664064,-0.8664064407348633,XGBoost-morgan
2592,5.20691,5.524224,-0.3173138044738772,XGBoost-morgan
1405,6.1549,6.6446548,-0.489754750823975,XGBoost-morgan
2834,5.86646,5.9011416,-0.0346816435241699,XGBoost-morgan
3999,5.72125,5.8354607,-0.1142106628417964,XGBoost-morgan
1461,5.00877,5.7604623,-0.7516922840881346,XGBoost-morgan
3069,7.02687,7.1661844,-0.1393144253540041,XGBoost-morgan
2709,6.52288,5.640118,0.8827618778991697,XGBoost-morgan
845,5.89,6.071354,-0.1813539123535159,XGBoost-morgan
1946,6.664775,6.4327607,0.2320142845153805,XGBoost-morgan
1715,7.92082,6.5319786,1.3888413928222656,XGBoost-morgan
3917,6.60206,6.5500402,0.0520197549438474,XGBoost-morgan
2144,6.30715,6.217721,0.0894290145874023,XGBoost-morgan
2319,6.65365,5.774675,0.8789751075744627,XGBoost-morgan
889,6.48545,5.9003615,0.5850884620666505,XGBoost-morgan
822,6.84164,6.9561086,-0.114468570098877,XGBoost-morgan
2606,5.17457,6.000221,-0.8256507756042479,XGBoost-morgan
1005,6.79588,6.917433,-0.1215527850341793,XGBoost-morgan
3723,8.61979,7.822119,0.7976707640075684,XGBoost-morgan
3029,5.86012,6.2613287,-0.4012086972045896,XGBoost-morgan
654,7.26761,6.7169323,0.5506777032470707,XGBoost-morgan
1709,5.85,5.369664,0.4803358078002926,XGBoost-morgan
3960,6.72125,6.9411287,-0.2198787307739254,XGBoost-morgan
23,5.34679,6.485876,-1.139086083374023,XGBoost-morgan
37,7.39794,6.772677,0.6252630552673342,XGBoost-morgan
4093,5.93554,5.608055,0.3274848852539058,XGBoost-morgan
1338,5.38722,6.2788987,-0.8916787159729003,XGBoost-morgan
4151,5.05502,6.5864015,-1.5313814625549318,XGBoost-morgan
4005,6.52288,6.544964,-0.022083836669922,XGBoost-morgan
561,6.3279,6.167187,0.1607127861022945,XGBoost-morgan
517,5.4023,5.733064,-0.3307641746520993,XGBoost-morgan
2702,5.11805,5.508107,-0.3900571853637693,XGBoost-morgan
1168,5.52288,6.448891,-0.9260111628723148,XGBoost-morgan
1414,7.59998,7.2107725,0.3892074856567387,XGBoost-morgan
882,9.0,5.901575,3.0984249114990234,XGBoost-morgan
1475,7.61979,6.8029103,0.8168796720886231,XGBoost-morgan
50,6.42022,6.772677,-0.3524569447326664,XGBoost-morgan
1562,6.56067,6.1139917,0.4466782626342773,XGBoost-morgan
2773,6.11976,6.3197784,-0.2000184423828122,XGBoost-morgan
4162,5.55596,5.690963,-0.1350027914428713,XGBoost-morgan
2655,5.41794,5.459608,-0.0416680780029299,XGBoost-morgan
3474,8.53165,9.067962,-0.5363116928100577,XGBoost-morgan
2589,6.14874,5.516769,0.6319710676574708,XGBoost-morgan
4570,8.58336,8.309392,0.2739680245971687,XGBoost-morgan
4149,5.75696,5.3359346,0.4210253610229495,XGBoost-morgan
2950,8.70006,7.672617,1.0274430413818365,XGBoost-morgan
1107,6.06905,7.1300616,-1.0610116264343263,XGBoost-morgan
1130,8.09691,7.2222705,0.8746395112609857,XGBoost-morgan
1459,5.25964,5.35169,-0.0920498155212401,XGBoost-morgan
3725,8.6216,8.187482,0.4341181198120125,XGBoost-morgan
2468,8.15989,6.6510196,1.5088704267883308,XGBoost-morgan
838,7.37161,6.3212957,1.0503142617797856,XGBoost-morgan
568,6.74473,5.8225875,0.9221425099182126,XGBoost-morgan
502,7.60206,7.3933616,0.208698431549072,XGBoost-morgan
3952,7.82391,6.2950945,1.5288155099487302,XGBoost-morgan
873,8.73755,7.8703485,0.8672015464782721,XGBoost-morgan
3309,5.65189,6.3815203,-0.7296302713012697,XGBoost-morgan
3480,7.30103,6.508281,0.7927487690734862,XGBoost-morgan
3481,7.92082,6.508281,1.4125387690734863,XGBoost-morgan
560,6.21467,6.167187,0.0474827861022948,XGBoost-morgan
55,5.14,5.531467,-0.3914669609069827,XGBoost-morgan
1877,5.04096,6.406004,-1.365043952026367,XGBoost-morgan
2465,7.05502,7.019855,0.0351649775695799,XGBoost-morgan
1933,6.7167,8.057517,-1.340817051696777,XGBoost-morgan
1494,6.20901,5.726093,0.4829171846008302,XGBoost-morgan
1874,5.65758,5.906944,-0.2493637980651852,XGBoost-morgan
4101,5.44977,5.1028824,0.3468876147460937,XGBoost-morgan
1561,6.72125,6.03845,0.6828002357482914,XGBoost-morgan
1983,6.04576,5.8401556,0.2056043984985347,XGBoost-morgan
3077,7.85387,6.798719,1.0551510707092282,XGBoost-morgan
3420,9.03152,7.536071,1.4954491763305668,XGBoost-morgan
4562,6.94692,6.771573,0.1753469332885746,XGBoost-morgan
749,7.76955,7.705287,0.0642630203247067,XGBoost-morgan
839,6.91009,8.019236,-1.1091456109619138,XGBoost-morgan
3816,6.46852,5.884492,0.5840280795288084,XGBoost-morgan
333,7.55284,6.109766,1.4430739935302732,XGBoost-morgan
4057,5.52288,5.8531413,-0.3302613078308107,XGBoost-morgan
2991,5.33724,5.396578,-0.0593378350830073,XGBoost-morgan
4561,6.17522,7.7759438,-1.6007237561035152,XGBoost-morgan
2304,5.16115,5.507023,-0.3458728576660155,XGBoost-morgan
2493,7.52288,6.140949,1.38193122756958,XGBoost-morgan
1266,7.42022,8.098529,-0.6783088619995121,XGBoost-morgan
352,6.92082,6.846322,0.0744979403686523,XGBoost-morgan
1745,5.78781,6.618235,-0.8304251112365719,XGBoost-morgan
3471,8.36151,9.067962,-0.7064516928100577,XGBoost-morgan
994,7.12494,6.039914,1.0850258688354488,XGBoost-morgan
507,6.85699,6.925477,-0.0684870278930667,XGBoost-morgan
957,8.59007,8.781735,-0.19166542022705,XGBoost-morgan
1798,6.98716,7.0810547,-0.0938946874999997,XGBoost-morgan
1525,6.34199,7.2086363,-0.8666462838745117,XGBoost-morgan
952,7.14874,6.9271674,0.2215725843811036,XGBoost-morgan
1460,5.05552,6.444208,-1.388688145141602,XGBoost-morgan
39,7.02228,6.58703,0.4352500660705569,XGBoost-morgan
3359,6.08092,6.122775,-0.0418550778198243,XGBoost-morgan
3712,8.40894,7.1491485,1.2597915357971186,XGBoost-morgan
1799,6.63639,7.0806456,-0.4442555612182621,XGBoost-morgan
3124,8.10002,7.8423123,0.2577076640319831,XGBoost-morgan
4188,5.71287,5.854137,-0.141266943817139,XGBoost-morgan
1876,5.04576,6.5089226,-1.4631625769042973,XGBoost-morgan
1335,5.60206,6.4450603,-0.8430002531433107,XGBoost-morgan
3502,8.20551,8.167609,0.0379007852172854,XGBoost-morgan
652,7.04576,6.8013186,0.2444413545227046,XGBoost-morgan
2314,8.59176,7.7943234,0.7974365556335457,XGBoost-morgan
1960,8.63827,6.1160674,2.5222025904846195,XGBoost-morgan
3897,6.28316,6.366036,-0.0828759382629398,XGBoost-morgan
4092,6.26922,5.9272056,0.342014437408447,XGBoost-morgan
3562,5.49485,5.612242,-0.1173922218322758,XGBoost-morgan
1187,7.63827,8.049669,-0.41139926574707,XGBoost-morgan
1396,8.30103,7.604469,0.6965611775207528,XGBoost-morgan
384,5.0,6.299815,-1.2998151779174805,XGBoost-morgan
1524,6.58838,8.277808,-1.68942818939209,XGBoost-morgan
3997,5.52288,5.8403807,-0.3175006686401369,XGBoost-morgan
1417,8.01002,8.352797,-0.3427765545654289,XGBoost-morgan
2205,6.292,5.3460097,0.9459902687072752,XGBoost-morgan
2454,6.40894,6.931348,-0.522407846984863,XGBoost-morgan
2957,9.36653,8.520551,0.8459792721557609,XGBoost-morgan
1332,6.20761,5.9843106,0.2232993730163572,XGBoost-morgan
780,8.47945,7.863038,0.6164119369506835,XGBoost-morgan
1620,7.28651,7.753995,-0.4674849417114259,XGBoost-morgan
3842,6.84771,6.1591744,0.6885355577087404,XGBoost-morgan
2492,5.29243,5.8298497,-0.5374197200012203,XGBoost-morgan
3862,6.30103,6.50221,-0.2011801402282715,XGBoost-morgan
3493,7.95861,8.094032,-0.135422287597656,XGBoost-morgan
1849,5.17393,5.935056,-0.7611262095642086,XGBoost-morgan
4435,5.51713,7.3256373,-1.8085073405456544,XGBoost-morgan
250,7.5817,7.6435337,-0.0618337066650394,XGBoost-morgan
4538,5.23582,5.910664,-0.674844081573486,XGBoost-morgan
3926,9.284,5.905059,3.378941139221192,XGBoost-morgan
83,6.79588,5.4872546,1.3086253804016117,XGBoost-morgan
1744,5.75449,6.1740503,-0.419560331115723,XGBoost-morgan
314,8.4437,8.3467455,0.0969545089721677,XGBoost-morgan
2090,6.56864,5.96474,0.6039002005004885,XGBoost-morgan
2147,5.98422,6.2417583,-0.2575383465576175,XGBoost-morgan
1270,5.45593,5.697179,-0.2412488406372066,XGBoost-morgan
3555,5.13668,5.3438306,-0.2071505854797362,XGBoost-morgan
3954,7.33724,6.518843,0.8183968260192875,XGBoost-morgan
577,6.5376,5.8570995,0.6805004669189456,XGBoost-morgan
3486,5.67366,5.5291195,0.1445405084228515,XGBoost-morgan
2142,6.18111,6.313602,-0.1324919706726071,XGBoost-morgan
290,5.74,6.393547,-0.6535470581054685,XGBoost-morgan
4291,7.02687,6.757029,0.2698409434509274,XGBoost-morgan
3080,5.79588,6.31805,-0.5221699076843258,XGBoost-morgan
732,7.67778,6.7507544,0.9270256436157228,XGBoost-morgan
2049,8.16115,8.501513,-0.3403625274658211,XGBoost-morgan
1808,7.76955,7.267598,0.5019518478393552,XGBoost-morgan
4323,5.32883,5.8805475,-0.5517175234985352,XGBoost-morgan
1546,5.33287,5.8467574,-0.5138874119567873,XGBoost-morgan
3103,8.72125,9.242924,-0.5216737365722661,XGBoost-morgan
2363,7.17393,6.521919,0.6520112263488773,XGBoost-morgan
2217,6.44733,7.1180835,-0.6707534770202637,XGBoost-morgan
729,5.87234,6.316939,-0.4445988771057125,XGBoost-morgan
173,6.740745,6.694078,0.0466670314025883,XGBoost-morgan
4154,5.48149,5.872383,-0.3908931176757813,XGBoost-morgan
1321,6.74473,7.575725,-0.830995078582764,XGBoost-morgan
3896,5.19511,6.2752357,-1.0801256529235843,XGBoost-morgan
42,6.55284,6.449775,0.1030647810363767,XGBoost-morgan
3791,7.16749,6.2486916,0.9187984411621092,XGBoost-morgan
3820,5.76955,5.8365345,-0.0669845001220705,XGBoost-morgan
1281,6.9393,7.5475225,-0.6082225448608396,XGBoost-morgan
1563,9.62709,6.1826506,3.4444394338989266,XGBoost-morgan
3151,9.09691,7.394029,1.7028808595275873,XGBoost-morgan
2065,5.07572,6.0516725,-0.975952458648682,XGBoost-morgan
3683,5.06048,5.8732295,-0.8127495036315917,XGBoost-morgan
369,5.58503,6.1370096,-0.5519796206665042,XGBoost-morgan
3345,6.09151,5.8537583,0.237751664886475,XGBoost-morgan
1292,8.31876,8.093466,0.2252941949462883,XGBoost-morgan
1550,6.39794,6.053208,0.3447321257019045,XGBoost-morgan
3115,5.82391,6.1425176,-0.3186075666809085,XGBoost-morgan
2666,7.22185,7.140324,0.081525884246826,XGBoost-morgan
2994,5.47991,5.6000237,-0.1201137464904782,XGBoost-morgan
950,6.80134,6.764333,0.0370072286987301,XGBoost-morgan
2450,5.07988,6.0815797,-1.0016996852111817,XGBoost-morgan
1783,6.77258,5.779181,0.993398996429443,XGBoost-morgan
4481,8.33255,6.3961644,1.9363855827331535,XGBoost-morgan
2767,5.05306,5.538754,-0.4856939863586422,XGBoost-morgan
3125,7.70006,7.8423123,-0.1422523359680179,XGBoost-morgan
1062,6.56864,6.3727126,0.1959273878479006,XGBoost-morgan
4190,5.2204,5.405311,-0.1849111076354983,XGBoost-morgan
1007,6.45593,6.3899603,0.0659697109985355,XGBoost-morgan
1944,6.271825,6.4810615,-0.2092364585876467,XGBoost-morgan
1462,5.06048,5.458158,-0.3976780162048339,XGBoost-morgan
1445,5.1549,5.829258,-0.674357965087891,XGBoost-morgan
4274,6.68867,7.12869,-0.4400197659301756,XGBoost-morgan
4527,5.03953,5.8299503,-0.7904203326416015,XGBoost-morgan
4133,5.44563,5.7824764,-0.336846425170898,XGBoost-morgan
2046,7.48812,8.477367,-0.9892474011230464,XGBoost-morgan
1557,5.02687,5.5944366,-0.5675666455078128,XGBoost-morgan
199,5.92082,6.365129,-0.4443089939880371,XGBoost-morgan
1397,8.1549,7.604469,0.5504311775207515,XGBoost-morgan
3905,5.47886,5.685751,-0.2068909613037108,XGBoost-morgan
1235,6.63827,7.1219425,-0.4836725201416012,XGBoost-morgan
668,5.16368,7.7152295,-2.551549511260986,XGBoost-morgan
1400,7.61979,6.9109483,0.7088417234802247,XGBoost-morgan
3310,6.13077,6.3242183,-0.1934482731628417,XGBoost-morgan
2681,5.3851,5.6150894,-0.2299894165039058,XGBoost-morgan
363,6.49485,6.0272655,0.4675844512939449,XGBoost-morgan
501,6.56864,6.8216553,-0.2530152734374997,XGBoost-morgan
4510,5.38091,5.841793,-0.4608830603027343,XGBoost-morgan
4161,6.49485,6.687943,-0.1930929817199711,XGBoost-morgan
148,5.20329,6.219265,-1.0159749841308594,XGBoost-morgan
1937,6.79588,6.7179947,0.0778853100585941,XGBoost-morgan
2082,6.65365,7.194582,-0.540931985473633,XGBoost-morgan
3470,8.26122,9.024965,-0.763745286254883,XGBoost-morgan
1551,6.59176,6.6621256,-0.070365587463379,XGBoost-morgan
1564,7.5544,7.8715105,-0.3171105056762693,XGBoost-morgan
1118,5.50307,6.3273787,-0.824308749847412,XGBoost-morgan
91,6.95861,6.9718347,-0.0132246595764158,XGBoost-morgan
1272,5.67778,6.531846,-0.8540660464477536,XGBoost-morgan
4428,5.18376,5.7730913,-0.5893313162231442,XGBoost-morgan
3826,5.8962,5.838213,0.057987033081055,XGBoost-morgan
1528,5.0,5.653007,-0.6530070304870605,XGBoost-morgan
969,8.01592,7.902176,0.1137440966796869,XGBoost-morgan
1816,6.85387,7.334312,-0.4804419621276858,XGBoost-morgan
75,6.12494,6.7871847,-0.6622447152709965,XGBoost-morgan
2784,6.04769,7.3858767,-1.338186655578613,XGBoost-morgan
1517,7.46852,7.4246397,0.0438802981567381,XGBoost-morgan
1802,6.91507,6.808799,0.1062712100219727,XGBoost-morgan
4547,5.78357,6.1055474,-0.3219774281311034,XGBoost-morgan
1449,5.39794,7.0245805,-1.6266404786682127,XGBoost-morgan
3216,5.00261,6.3808613,-1.378251282348633,XGBoost-morgan
3726,9.38722,8.258453,1.1287666308593742,XGBoost-morgan
446,5.43652,5.398536,0.0379837947082517,XGBoost-morgan
1897,7.75945,8.222564,-0.4631137435913084,XGBoost-morgan
586,5.11,5.84738,-0.7373801612854001,XGBoost-morgan
2317,6.58503,6.3952737,0.1897563145446774,XGBoost-morgan
2143,6.05849,6.482826,-0.4243362329101563,XGBoost-morgan
2954,9.02228,7.8689394,1.153340600280762,XGBoost-morgan
3973,6.12494,6.0845747,0.0403653005981441,XGBoost-morgan
613,7.22185,6.002896,1.2189541679382323,XGBoost-morgan
2265,5.60206,6.585018,-0.9829581579589846,XGBoost-morgan
1510,7.85387,7.4199305,0.433939541931152,XGBoost-morgan
1537,6.1549,5.641488,0.5134119247436519,XGBoost-morgan
4325,6.07988,6.2506456,-0.1707656375122068,XGBoost-morgan
4445,8.04001,7.9657044,0.0743055589294439,XGBoost-morgan
160,5.52288,5.7030096,-0.180129605407715,XGBoost-morgan
1716,7.92082,6.468817,1.452002765960693,XGBoost-morgan
592,5.52288,5.7768397,-0.2539597331237795,XGBoost-morgan
4433,6.09583,6.519454,-0.4236240023803708,XGBoost-morgan
3074,6.25259,7.133003,-0.8804132348632816,XGBoost-morgan
4477,5.3279,5.9410696,-0.613169602966309,XGBoost-morgan
1011,6.5,6.0395665,0.4604334831237793,XGBoost-morgan
3722,8.73993,7.558301,1.181629028015136,XGBoost-morgan
648,8.22185,7.9691205,0.252729497528076,XGBoost-morgan
3349,5.88941,6.614721,-0.7253108213806154,XGBoost-morgan
358,7.00436,6.7662597,0.2381003297424317,XGBoost-morgan
1847,5.20066,5.1822677,0.0183923341369629,XGBoost-morgan
33,6.1549,6.504859,-0.3499589706420902,XGBoost-morgan
4409,5.42829,5.660326,-0.2320360040283207,XGBoost-morgan
650,6.46852,6.6317997,-0.1632796978759767,XGBoost-morgan
1280,6.35655,6.9248776,-0.5683276435852047,XGBoost-morgan
4386,5.94692,6.584104,-0.6371840611267086,XGBoost-morgan
2754,7.32003,6.516764,0.8032658360290528,XGBoost-morgan
4132,6.27646,5.7132463,0.5632136544799806,XGBoost-morgan
3079,5.30103,5.686497,-0.3854672114562989,XGBoost-morgan
2425,6.03152,6.1510878,-0.1195677609252925,XGBoost-morgan
94,7.55284,7.764849,-0.2120091859436037,XGBoost-morgan
2853,8.5784,8.004847,0.5735534271240237,XGBoost-morgan
2884,8.38828,7.454647,0.9336329357910156,XGBoost-morgan
2540,8.20761,8.327099,-0.1194888464355461,XGBoost-morgan
1864,6.06048,6.066782,-0.0063019976806639,XGBoost-morgan
2538,7.73993,8.327099,-0.5871688464355467,XGBoost-morgan
2473,5.92996,6.213317,-0.2833569174194332,XGBoost-morgan
2588,5.31876,5.516769,-0.1980089323425291,XGBoost-morgan
2080,7.24413,7.152654,0.0914758290100099,XGBoost-morgan
574,6.67778,6.1488495,0.5289305126953128,XGBoost-morgan
1008,7.30103,6.737876,0.5631540615844726,XGBoost-morgan
2362,5.86328,5.5462313,0.3170487301635738,XGBoost-morgan
1041,6.74473,6.3818703,0.362859730224609,XGBoost-morgan
4528,6.4318,6.2049546,0.2268453758239745,XGBoost-morgan
929,7.7986,6.9302197,0.8683803497314457,XGBoost-morgan
1498,7.36653,7.8288536,-0.4623236071777343,XGBoost-morgan
4292,6.98716,7.1046405,-0.1174804838562009,XGBoost-morgan
3503,9.35655,8.424362,0.9321878173828128,XGBoost-morgan
3504,9.92082,8.424362,1.4964578173828134,XGBoost-morgan
4343,5.71444,5.7272816,-0.0128415704345705,XGBoost-morgan
1114,6.90309,6.7571783,0.1459116934204098,XGBoost-morgan
2855,8.64782,7.9730616,0.6747584384155267,XGBoost-morgan
935,7.59007,7.901547,-0.3114769551086427,XGBoost-morgan
4356,5.52143,7.693808,-2.172378078765869,XGBoost-morgan
2287,8.3363,7.6665616,0.669738396453857,XGBoost-morgan
1106,6.94692,7.012662,-0.0657419338989253,XGBoost-morgan
67,7.115494999999999,6.905779,0.2097161151123039,XGBoost-morgan
3346,5.17328,7.0209146,-1.8476345545959472,XGBoost-morgan
2731,5.63827,5.554312,0.0839577708435062,XGBoost-morgan
1320,7.74473,8.314006,-0.5692758517456058,XGBoost-morgan
4088,5.11862,5.1513205,-0.0327004574584961,XGBoost-morgan
1652,5.11407,5.9569926,-0.8429226261901857,XGBoost-morgan
820,6.90309,6.789684,0.113406181182861,XGBoost-morgan
3953,6.29243,6.3535304,-0.0611004069519038,XGBoost-morgan
1336,5.58503,6.8948216,-1.309791643829346,XGBoost-morgan
515,5.74958,5.595043,0.154536817626953,XGBoost-morgan
2677,6.22185,7.849033,-1.6271828788757323,XGBoost-morgan
1516,7.78252,7.4246397,0.3578802981567381,XGBoost-morgan
1352,8.1549,6.9264803,1.2284197067260738,XGBoost-morgan
77,6.40894,7.0118484,-0.602908449707031,XGBoost-morgan
1329,9.1549,9.021283,0.1336168502807613,XGBoost-morgan
1472,6.14267,6.399437,-0.2567669506835939,XGBoost-morgan
1968,7.46852,6.3937078,1.0748122477722166,XGBoost-morgan
971,7.30103,7.8561316,-0.5551015536499024,XGBoost-morgan
856,5.41657,5.826451,-0.4098808247375487,XGBoost-morgan
2809,6.67778,7.0793204,-0.4015404307556149,XGBoost-morgan
351,7.85387,7.8542037,-0.0003337010192874,XGBoost-morgan
3874,5.71086,6.415633,-0.7047732015991208,XGBoost-morgan
1263,6.58336,8.214516,-1.6311556860351564,XGBoost-morgan
253,7.66154,8.374792,-0.7132520989990239,XGBoost-morgan
3969,6.26761,6.345965,-0.0783549085998531,XGBoost-morgan
3904,7.38722,5.801111,1.5861087786865236,XGBoost-morgan
1128,7.00436,6.1078906,0.8964693940734865,XGBoost-morgan
1042,6.05061,6.030605,0.0200051606750486,XGBoost-morgan
3903,5.40671,5.684479,-0.2777692366027828,XGBoost-morgan
3127,7.0,7.777762,-0.7777619361877441,XGBoost-morgan
4153,8.09691,8.7934675,-0.6965575216674811,XGBoost-morgan
4186,5.26841,6.396283,-1.127873149719238,XGBoost-morgan
966,7.85387,7.902176,-0.0483059033203128,XGBoost-morgan
2934,5.21396,6.0990763,-0.8851162710571288,XGBoost-morgan
944,5.62525,5.5609016,0.0643483581542971,XGBoost-morgan
1823,5.36552,5.724819,-0.3592991833496093,XGBoost-morgan
4252,6.41417,6.8237295,-0.4095595150756832,XGBoost-morgan
2961,5.32606,5.7899446,-0.4638846487426757,XGBoost-morgan
3560,5.88606,5.6568093,0.2292506700134273,XGBoost-morgan
580,7.55284,6.644667,0.908172851409912,XGBoost-morgan
4185,6.52288,6.476888,0.045991820220947,XGBoost-morgan
3936,9.67985,7.471564,2.2082861839294434,XGBoost-morgan
370,7.20761,6.817177,0.3904331811523436,XGBoost-morgan
819,6.87615,7.056767,-0.1806169868469238,XGBoost-morgan
1962,8.68613,8.004343,0.6817869671630863,XGBoost-morgan
585,6.30103,6.046366,0.2546637852478026,XGBoost-morgan
1879,5.63451,6.572479,-0.9379687712097172,XGBoost-morgan
27,6.08092,6.5697694,-0.4888493824768067,XGBoost-morgan
4507,6.26761,5.6578946,0.6097153886413578,XGBoost-morgan
1331,6.22915,5.698279,0.5308710960388181,XGBoost-morgan
4208,5.635015,6.389258,-0.7542429078674315,XGBoost-morgan
3947,5.28432,6.1085634,-0.8242434231567382,XGBoost-morgan
796,5.50864,6.1740456,-0.6654055627441409,XGBoost-morgan
1456,5.22185,5.5914197,-0.3695696968078614,XGBoost-morgan
1457,5.69897,5.5914197,0.1075503031921387,XGBoost-morgan
2424,5.23136,6.0785513,-0.847191292419434,XGBoost-morgan
4539,5.09259,5.5549955,-0.4624055368041988,XGBoost-morgan
194,8.05061,6.685164,1.3654460252380378,XGBoost-morgan
1614,7.0716,7.241316,-0.1697158416748045,XGBoost-morgan
3809,6.05552,5.705725,0.3497948069763179,XGBoost-morgan
3511,5.14267,6.051875,-0.909205114440918,XGBoost-morgan
4331,5.36292,6.180229,-0.8173091870117188,XGBoost-morgan
3972,5.34199,5.853101,-0.5111107766723633,XGBoost-morgan
3877,6.56067,6.462043,0.0986271914672851,XGBoost-morgan
2992,5.3098,5.588222,-0.2784220268249511,XGBoost-morgan
3311,6.29243,6.2880807,0.0043493077087406,XGBoost-morgan
58,5.19,5.389919,-0.1999188041687007,XGBoost-morgan
4229,6.36051,6.3332863,0.027223714599609,XGBoost-morgan
3510,5.42713,5.88694,-0.4598100024414062,XGBoost-morgan
3572,5.31069,5.300885,0.0098047994995118,XGBoost-morgan
2150,6.72125,5.889414,0.8318361663818363,XGBoost-morgan
1353,8.09098,7.007038,1.083941883544922,XGBoost-morgan
662,8.09098,6.8511944,1.2397856182861329,XGBoost-morgan
1399,7.79588,7.604469,0.1914111775207523,XGBoost-morgan
1477,7.16749,6.675637,0.4918532316589354,XGBoost-morgan
2133,5.61618,6.6514792,-1.0352992442321778,XGBoost-morgan
1261,7.08092,8.062452,-0.9815323162841798,XGBoost-morgan
3880,6.63827,6.9625044,-0.3242343869018551,XGBoost-morgan
1558,5.25181,6.092545,-0.8407350325012208,XGBoost-morgan
3727,9.20066,8.50721,0.6934502221679679,XGBoost-morgan
2591,5.57675,5.613863,-0.0371129913330081,XGBoost-morgan
3810,5.0,5.797316,-0.7973160743713379,XGBoost-morgan
1296,8.56864,8.121615,0.447024590148926,XGBoost-morgan
2956,7.27572,7.820461,-0.5447407963562014,XGBoost-morgan
195,6.31876,7.630569,-1.311808981170654,XGBoost-morgan
1446,5.09691,6.327935,-1.2310252188110349,XGBoost-morgan
4273,6.6332,7.0713673,-0.4381672637939449,XGBoost-morgan
3508,6.92082,6.1098537,0.810966255493164,XGBoost-morgan
1717,5.78781,6.080097,-0.2922871984863278,XGBoost-morgan
38,7.09691,6.893806,0.2031040193176272,XGBoost-morgan
3876,6.18177,6.8234577,-0.6416877178955076,XGBoost-morgan
4512,9.0655,7.2254987,1.8400013236999515,XGBoost-morgan
4332,5.195735,6.240727,-1.0449919477844238,XGBoost-morgan
1466,7.12494,6.3344,0.7905398229980465,XGBoost-morgan
3149,7.42022,7.11627,0.3039499346923824,XGBoost-morgan
453,5.89963,6.9814167,-1.0817867022705077,XGBoost-morgan
1501,7.69897,7.6075897,0.0913802783203125,XGBoost-morgan
3466,6.80883,8.091877,-1.2830469836425775,XGBoost-morgan
719,6.21467,6.3392944,-0.12462443359375,XGBoost-morgan
718,5.61618,6.3392944,-0.72311443359375,XGBoost-morgan
603,6.08092,6.3392944,-0.2583744335937501,XGBoost-morgan
4078,7.95861,7.06582,0.8927897828674318,XGBoost-morgan
1940,6.647905,6.000877,0.6470280964660642,XGBoost-morgan
1324,7.33724,7.575725,-0.2384850785827632,XGBoost-morgan
4294,7.02687,6.7096534,0.3172166224670407,XGBoost-morgan
3455,6.40494,7.361447,-0.9565068574523928,XGBoost-morgan
4513,7.29158,8.229115,-0.9375345324707034,XGBoost-morgan
4157,7.046835,7.8146176,-0.7677826338195803,XGBoost-morgan
1810,6.92082,7.267598,-0.3467781521606445,XGBoost-morgan
3768,7.70553,5.7545166,1.9510133984375004,XGBoost-morgan
3209,6.39794,5.7440143,0.653925736846924,XGBoost-morgan
2137,6.5867,6.063287,0.5234132186889653,XGBoost-morgan
3575,5.38902,5.163001,0.2260189395141605,XGBoost-morgan
1814,7.69897,7.334312,0.3646580378723145,XGBoost-morgan
2320,6.93181,6.475465,0.4563451791381832,XGBoost-morgan
4476,5.34679,6.0557323,-0.7089422502136227,XGBoost-morgan
2806,6.0348,6.8693404,-0.8345404197692874,XGBoost-morgan
1977,5.08619,5.581954,-0.4957640023803709,XGBoost-morgan
19,5.42022,6.7423887,-1.322168725280762,XGBoost-morgan
2604,7.43063,6.0133996,1.4172303990173338,XGBoost-morgan
3478,8.97469,7.880056,1.094634095611573,XGBoost-morgan
683,7.41567,7.6397734,-0.2241033688354488,XGBoost-morgan
4002,5.46852,6.0714884,-0.6029683804321291,XGBoost-morgan
2167,5.82391,6.30413,-0.4802200773620608,XGBoost-morgan
3840,5.24336,6.2163925,-0.9730325170898436,XGBoost-morgan
745,8.29414,6.354914,1.9392258116149907,XGBoost-morgan
581,5.21,5.446492,-0.2364921951293945,XGBoost-morgan
2015,6.81531,6.9992056,-0.1838955892944334,XGBoost-morgan
769,5.97,6.385546,-0.4155462074279787,XGBoost-morgan
1583,6.64397,6.119867,0.524103152008057,XGBoost-morgan
1584,7.14874,6.350276,0.7984640066528321,XGBoost-morgan
2952,5.4828,5.934943,-0.4521431991577147,XGBoost-morgan
3355,5.5784,5.541251,0.0371488174438479,XGBoost-morgan
203,8.07572,7.154561,0.921158957214356,XGBoost-morgan
3535,6.49485,6.216471,0.2783788047790523,XGBoost-morgan
853,6.63676,6.7905188,-0.1537587606811525,XGBoost-morgan
774,6.77001,7.090156,-0.3201460783386229,XGBoost-morgan
771,6.91999,7.0840077,-0.1640177400207516,XGBoost-morgan
2782,5.03306,6.465044,-1.4319840216064454,XGBoost-morgan
1736,5.23582,5.2172184,0.0186016009521488,XGBoost-morgan
2170,5.77211,5.834029,-0.0619191976928714,XGBoost-morgan
1967,7.25964,6.271573,0.9880669332885744,XGBoost-morgan
3137,6.34294,6.9425764,-0.5996364083862309,XGBoost-morgan
3843,6.66555,6.325553,0.3399970596313473,XGBoost-morgan
43,5.82391,6.7013083,-0.8773982504272464,XGBoost-morgan
3494,8.10292,8.094032,0.0088877124023429,XGBoost-morgan
4104,5.14388,5.123271,0.0206090115356447,XGBoost-morgan
933,5.26201,6.8948207,-1.6328106901550292,XGBoost-morgan
934,5.38091,6.8948207,-1.5139106901550292,XGBoost-morgan
1468,6.20761,6.137114,0.0704959519958494,XGBoost-morgan
651,6.72125,6.8377433,-0.1164932823181148,XGBoost-morgan
2303,5.29243,5.738214,-0.4457840159606929,XGBoost-morgan
4080,6.97964,7.0716705,-0.0920305322265626,XGBoost-morgan
239,7.56225,7.6435337,-0.0812837066650393,XGBoost-morgan
685,7.48545,7.6397734,-0.154323368835449,XGBoost-morgan
4074,5.11862,5.978565,-0.8599452160644532,XGBoost-morgan
2741,6.05061,6.446554,-0.3959441839599611,XGBoost-morgan
2771,6.18842,5.843763,0.3446571253967283,XGBoost-morgan
1443,7.0,7.342087,-0.3420867919921875,XGBoost-morgan
712,5.25885,7.908058,-2.6492081665039064,XGBoost-morgan
678,8.52288,7.3828597,1.1400202931213386,XGBoost-morgan
775,7.19997,7.1182327,0.0817372729492191,XGBoost-morgan
1265,8.05552,8.098529,-0.0430088619995121,XGBoost-morgan
3304,7.55284,6.257488,1.295352226104736,XGBoost-morgan
923,9.17393,9.07671,0.0972202526855472,XGBoost-morgan
3350,7.35952,7.463401,-0.1038808407592775,XGBoost-morgan
1637,5.825555,5.785017,0.0405379864501949,XGBoost-morgan
3089,5.97881,5.4332395,0.5455705400085451,XGBoost-morgan
3104,8.28819,9.358639,-1.0704487634277342,XGBoost-morgan
310,9.24413,9.240941,0.0031889523315431,XGBoost-morgan
2301,5.52288,6.9637074,-1.4408274470520022,XGBoost-morgan
1026,5.52288,6.9637074,-1.4408274470520022,XGBoost-morgan
2079,7.16115,6.8925714,0.2685785507202149,XGBoost-morgan
1605,6.85699,7.830853,-0.9738629853820804,XGBoost-morgan
3415,7.00745,7.7332463,-0.7257963264465328,XGBoost-morgan
583,5.88606,6.167187,-0.2811272138977054,XGBoost-morgan
4474,5.06098,6.2157054,-1.1547253947448732,XGBoost-morgan
228,5.20066,6.234302,-1.0336420439147949,XGBoost-morgan
1441,7.39794,7.342087,0.0558532080078126,XGBoost-morgan
2605,5.22185,5.7876916,-0.5658415931701661,XGBoost-morgan
1718,7.03152,6.130691,0.900828948516846,XGBoost-morgan
832,7.76195,7.71396,0.04798982925415,XGBoost-morgan
241,8.26761,7.328357,0.9392527803039544,XGBoost-morgan
2086,6.91721,6.951567,-0.0343571730041505,XGBoost-morgan
1509,7.1549,7.688813,-0.5339132095336918,XGBoost-morgan
3450,6.77469,6.7261705,0.0485194601440426,XGBoost-morgan
1949,6.714205,6.323705,0.3904998036193845,XGBoost-morgan
679,8.38722,7.4070024,0.9802175509643548,XGBoost-morgan
3827,6.86967,5.844025,1.025644864959717,XGBoost-morgan
833,8.10846,8.056101,0.052359154663085,XGBoost-morgan
71,4.97879,5.8278103,-0.8490202874755859,XGBoost-morgan
3044,8.60206,9.385336,-0.7832759222412111,XGBoost-morgan
4333,5.17914,5.9633083,-0.7841683343505856,XGBoost-morgan
229,6.33724,7.070573,-0.7333328530883785,XGBoost-morgan
1164,6.96658,6.537693,0.4288869763183598,XGBoost-morgan
1788,7.1549,6.787549,0.3673509811401363,XGBoost-morgan
874,6.01773,5.754592,0.2631380581665041,XGBoost-morgan
2453,7.04624,6.9361353,0.1101047079467774,XGBoost-morgan
2224,8.1549,6.7335505,1.4213494514465328,XGBoost-morgan
3185,7.4318,6.833328,0.5984722297668457,XGBoost-morgan
4443,7.55596,7.656343,-0.1003829832458498,XGBoost-morgan
184,7.02687,7.061782,-0.0349118832397463,XGBoost-morgan
1431,7.28001,7.932615,-0.6526048033142091,XGBoost-morgan
3414,6.8146,7.72318,-0.9085798171997066,XGBoost-morgan
567,5.60206,6.0074153,-0.405355294647217,XGBoost-morgan
3937,6.56225,5.969512,0.5927380142211911,XGBoost-morgan
243,7.08302,7.919832,-0.8368122296142575,XGBoost-morgan
1779,6.644945,7.065724,-0.4207788960266114,XGBoost-morgan
2564,6.34679,6.3399725,0.0068175039672855,XGBoost-morgan
3078,5.61979,5.4439054,0.1758846464538574,XGBoost-morgan
2813,5.70115,6.4980135,-0.7968634963989256,XGBoost-morgan
3961,5.1549,6.6422524,-1.4873524452209477,XGBoost-morgan
487,6.92082,7.5994062,-0.6785862423706055,XGBoost-morgan
4327,5.439715,6.6096244,-1.1699093858337406,XGBoost-morgan
4202,5.47301,5.4886084,-0.0155983602905269,XGBoost-morgan
3048,8.88606,8.958739,-0.072679280700683,XGBoost-morgan
1262,6.75449,8.062452,-1.30796231628418,XGBoost-morgan
494,7.52288,6.790374,0.7325061978149412,XGBoost-morgan
3347,5.59007,6.790374,-1.2003038021850587,XGBoost-morgan
4170,5.85699,5.967943,-0.1109531915283206,XGBoost-morgan
4565,6.37675,5.930519,0.4462308959960941,XGBoost-morgan
1811,6.56864,7.267598,-0.6989581521606443,XGBoost-morgan
3122,8.50004,7.870095,0.6299452238464358,XGBoost-morgan
2318,5.98464,6.5642896,-0.5796495698547366,XGBoost-morgan
1309,5.79317,7.1207733,-1.3276033154296876,XGBoost-morgan
2222,5.39794,6.8135285,-1.415588537750244,XGBoost-morgan
2808,6.21467,7.0793204,-0.8646504307556153,XGBoost-morgan
714,5.0048,5.949047,-0.9442470886230464,XGBoost-morgan
340,7.0,6.913462,0.0865378379821777,XGBoost-morgan
3180,6.60206,5.7688646,0.8331953683471678,XGBoost-morgan
2823,7.69897,7.2844796,0.4144903819274903,XGBoost-morgan
1357,5.36653,5.781828,-0.4152979266357421,XGBoost-morgan
578,5.21,5.366945,-0.1569447898864746,XGBoost-morgan
563,5.28,5.253688,0.0263121414184572,XGBoost-morgan
4427,5.33913,5.4918904,-0.1527604304504395,XGBoost-morgan
244,7.79187,7.6435337,0.1483362933349612,XGBoost-morgan
3300,7.7167,6.945761,0.7709387962341312,XGBoost-morgan
1719,7.36653,6.945761,0.4207687962341309,XGBoost-morgan
2068,6.34361,6.5383005,-0.1946905142211914,XGBoost-morgan
779,8.48004,7.9509387,0.529101298370362,XGBoost-morgan
3447,6.76955,6.343527,0.4260231597900388,XGBoost-morgan
2047,7.76195,8.477367,-0.7154174011230472,XGBoost-morgan
1177,8.65758,8.251994,0.4055858670043939,XGBoost-morgan
1632,8.28567,8.424451,-0.1387808743286136,XGBoost-morgan
3682,5.65758,6.164791,-0.5072111071777341,XGBoost-morgan
3453,6.5064,7.063464,-0.5570641647338865,XGBoost-morgan
2831,5.08725,5.7162027,-0.6289527359008789,XGBoost-morgan
3732,5.39794,6.378273,-0.980333010253906,XGBoost-morgan
3134,7.5376,8.102632,-0.5650315689086911,XGBoost-morgan
2811,6.5376,6.7964487,-0.2588487075805661,XGBoost-morgan
2996,6.20761,6.27072,-0.0631100050354005,XGBoost-morgan
2418,6.12205,6.386038,-0.2639878265380861,XGBoost-morgan
2077,6.02826,6.753915,-0.7256548330688473,XGBoost-morgan
3559,6.09151,5.806805,0.2847048661804203,XGBoost-morgan
154,6.72125,6.7452993,-0.0240493392944332,XGBoost-morgan
4569,7.284,7.078491,0.2055087890624998,XGBoost-morgan
3499,7.31966,8.180299,-0.8606388052368166,XGBoost-morgan
2153,6.10237,6.18118,-0.0788100003051761,XGBoost-morgan
4329,5.37479,6.6145864,-1.239796353302002,XGBoost-morgan
134,6.14874,6.3767104,-0.2279704148864745,XGBoost-morgan
3667,7.64397,7.649107,-0.0051369793701168,XGBoost-morgan
1818,6.0,6.7742004,-0.774200439453125,XGBoost-morgan
56,5.35,5.389919,-0.0399188041687015,XGBoost-morgan
4429,5.0,5.3850026,-0.3850026130676269,XGBoost-morgan
3919,7.88606,7.1007648,0.7852952485656735,XGBoost-morgan
480,7.30103,7.1493435,0.1516865093994139,XGBoost-morgan
1790,6.02506,6.3264523,-0.3013922552490236,XGBoost-morgan
1782,7.134205,5.779181,1.355023996429443,XGBoost-morgan
3998,5.38722,6.625838,-1.2386178028869628,XGBoost-morgan
928,8.85078,7.9335628,0.9172172444152836,XGBoost-morgan
205,6.081145,6.105659,-0.0245140080261228,XGBoost-morgan
727,7.13312,6.5932474,0.539872586364746,XGBoost-morgan
1881,8.29757,7.5889735,0.708596477813721,XGBoost-morgan
1966,5.20066,5.91881,-0.7181498907470703,XGBoost-morgan
4362,5.37779,5.859268,-0.4814781884765624,XGBoost-morgan
571,7.13077,6.0313334,1.0994365534973145,XGBoost-morgan
3894,5.59482,6.5029144,-0.9080944287109372,XGBoost-morgan
490,6.18709,6.372576,-0.1854862367248531,XGBoost-morgan
3845,6.64782,6.23753,0.4102897685241702,XGBoost-morgan
1294,8.72125,8.093466,0.6277841949462886,XGBoost-morgan
943,5.67778,6.1035595,-0.4257794940185544,XGBoost-morgan
3672,7.09691,7.4000015,-0.303091525878906,XGBoost-morgan
3671,9.48149,8.061647,1.419842584838868,XGBoost-morgan
3100,8.44249,6.3737082,2.068781751861572,XGBoost-morgan
1791,5.5391,6.260756,-0.7216560157775875,XGBoost-morgan
4434,7.04096,6.2814484,0.7595116357421876,XGBoost-morgan
589,6.58503,5.7298455,0.8551844761657712,XGBoost-morgan
1358,5.44855,5.7102904,-0.2617404319763183,XGBoost-morgan
1275,5.35655,6.570419,-1.213868834686279,XGBoost-morgan
1751,6.31069,6.943793,-0.6331028199768065,XGBoost-morgan
4004,8.0,6.6995606,1.3004393577575684,XGBoost-morgan
872,8.17718,7.054793,1.122387118988037,XGBoost-morgan
2289,6.56915,7.4733067,-0.9041566558837896,XGBoost-morgan
4249,6.92082,6.793024,0.1277959368896484,XGBoost-morgan
1194,9.31876,8.9407835,0.3779764993286125,XGBoost-morgan
359,7.04576,6.9230704,0.1226895692443843,XGBoost-morgan
1185,7.76955,7.850559,-0.0810092346191408,XGBoost-morgan
1240,7.88606,6.5242624,1.3617975717163082,XGBoost-morgan
366,8.02687,8.601189,-0.5743186596679681,XGBoost-morgan
1127,6.8962,6.504724,0.3914759742736819,XGBoost-morgan
1965,5.60206,6.341017,-0.7389567694091799,XGBoost-morgan
237,7.93181,8.374792,-0.4429820989990238,XGBoost-morgan
1458,6.09691,5.5972166,0.4996933938598635,XGBoost-morgan
251,7.09909,7.4783735,-0.3792835275268551,XGBoost-morgan
3051,5.49485,6.179378,-0.6845280326843266,XGBoost-morgan
3841,7.0,5.5786414,1.421358585357666,XGBoost-morgan
3144,6.31876,6.453684,-0.1349238531494139,XGBoost-morgan
777,8.18,7.868589,0.3114110755920407,XGBoost-morgan
772,8.24003,7.9495745,0.2904555294799813,XGBoost-morgan
1692,5.07,5.4178324,-0.3478323745727536,XGBoost-morgan
1439,6.30103,7.342087,-1.0410567919921876,XGBoost-morgan
146,6.18177,5.599806,0.5819641680908205,XGBoost-morgan
1402,7.49485,7.604469,-0.1096188224792484,XGBoost-morgan
462,5.527355,5.693034,-0.1656791720581054,XGBoost-morgan
3928,9.13668,8.046109,1.0905708004760744,XGBoost-morgan
4129,6.27474,6.1078043,0.1669357015991215,XGBoost-morgan
3050,6.10791,6.2843084,-0.1763984335327144,XGBoost-morgan
165,5.98297,6.574858,-0.5918881886291505,XGBoost-morgan
1351,6.30103,6.7522902,-0.4512602488708497,XGBoost-morgan
1095,7.16749,7.622762,-0.4552722032165528,XGBoost-morgan
2926,7.35556,6.9057293,0.4498307061767574,XGBoost-morgan
3858,5.34679,6.1306596,-0.7838695802307125,XGBoost-morgan
2451,5.89466,5.925449,-0.0307888945007324,XGBoost-morgan
1800,7.01323,7.189473,-0.1762431521606444,XGBoost-morgan
4001,5.82391,5.9617376,-0.1378276327514651,XGBoost-morgan
731,5.49435,6.363352,-0.8690018218994142,XGBoost-morgan
1063,6.35655,6.4277434,-0.0711934349060054,XGBoost-morgan
2898,6.96497,7.6729,-0.7079301998901366,XGBoost-morgan
1430,7.79997,7.8184414,-0.0184713909912108,XGBoost-morgan
4244,6.71897,6.3098226,0.4091474406433102,XGBoost-morgan
3340,5.05849,5.5685005,-0.5100105187988282,XGBoost-morgan
4470,5.23359,5.742505,-0.5089150735473629,XGBoost-morgan
4478,6.04576,6.1110806,-0.065320646514893,XGBoost-morgan
4475,7.14874,5.773425,1.3753148977661134,XGBoost-morgan
3786,6.09745,6.1057124,-0.0082624137878415,XGBoost-morgan
3505,9.56864,8.424362,1.1442778173828128,XGBoost-morgan
3464,7.81816,7.6984,0.1197599794006345,XGBoost-morgan
1334,5.88606,6.870864,-0.9848039144897464,XGBoost-morgan
1559,7.30103,6.3820133,0.9190166790771483,XGBoost-morgan
1269,5.04096,6.636223,-1.5952628393554686,XGBoost-morgan
1527,5.00877,5.9206505,-0.9118804821777342,XGBoost-morgan
741,7.14206,6.7835627,0.3584973397827147,XGBoost-morgan
1245,5.39794,6.0471053,-0.6491653123474119,XGBoost-morgan
4210,5.767,5.8043437,-0.0373437004089352,XGBoost-morgan
238,7.90658,7.966017,-0.0594367694091797,XGBoost-morgan
3846,6.08619,6.23753,-0.1513402314758298,XGBoost-morgan
594,9.52288,7.6832647,1.8396152676391608,XGBoost-morgan
2135,7.74473,6.9213204,0.8234095616149899,XGBoost-morgan
717,7.42022,7.0896163,0.3306037013244625,XGBoost-morgan
1004,6.82391,6.9518466,-0.1279365995788577,XGBoost-morgan
3669,7.91721,7.649107,0.2681030206298826,XGBoost-morgan
1448,5.04576,6.7659087,-1.7201487181091313,XGBoost-morgan
4264,6.29229,6.3911366,-0.0988466462707515,XGBoost-morgan
2467,7.73755,7.4719243,0.2656256950378415,XGBoost-morgan
1813,7.52288,7.334312,0.1885680378723142,XGBoost-morgan
4563,6.94692,7.0095897,-0.0626696720886226,XGBoost-morgan
4363,7.5376,5.6474133,1.8901867462158208,XGBoost-morgan
3183,5.02687,5.7167935,-0.6899235371398929,XGBoost-morgan
1188,5.92082,7.1057396,-1.1849195935058594,XGBoost-morgan
3668,7.93181,7.649107,0.2827030206298824,XGBoost-morgan
3957,5.31426,6.1051474,-0.7908873617553711,XGBoost-morgan
4524,7.39794,6.8406367,0.5573032698059084,XGBoost-morgan
653,6.12494,6.71264,-0.5876998086547855,XGBoost-morgan
3728,8.90309,8.439492,0.4635977743530279,XGBoost-morgan
4263,6.2583,6.380287,-0.121987170410156,XGBoost-morgan
4158,7.19382,6.9883814,0.205438614196777,XGBoost-morgan
0,6.12494,5.9591155,0.1658244947814937,XGBoost-morgan
1057,6.60206,5.899925,0.7021347680664061,XGBoost-morgan
2221,6.90309,7.1180835,-0.2149934770202639,XGBoost-morgan
915,5.23657,5.6808753,-0.4443053013610836,XGBoost-morgan
851,6.54303,6.625404,-0.0823738810729981,XGBoost-morgan
472,7.65758,7.091768,0.5658122120666507,XGBoost-morgan
3383,6.51999,5.352558,1.1674318640136718,XGBoost-morgan
1364,6.6103,6.601836,0.008463795471191,XGBoost-morgan
1781,6.90344,7.065724,-0.1622838960266115,XGBoost-morgan
3916,5.25964,7.40897,-2.1493298791503905,XGBoost-morgan
1416,8.43997,7.9366736,0.5032963587951667,XGBoost-morgan
362,6.65758,6.3258123,0.3317676602172854,XGBoost-morgan
1467,7.22185,6.394927,0.8269229751586913,XGBoost-morgan
1039,6.69897,6.550302,0.1486679713439942,XGBoost-morgan
1454,8.0,7.0245805,0.9754195213317872,XGBoost-morgan
4347,5.71444,5.9360533,-0.2216132760620119,XGBoost-morgan
1129,6.92082,5.8347464,1.0860736392211914,XGBoost-morgan
3473,8.7122,9.067962,-0.3557616928100593,XGBoost-morgan
1797,6.78781,7.3262587,-0.5384486593627926,XGBoost-morgan
566,5.82391,5.830103,-0.0061929205322268,XGBoost-morgan
3509,5.25337,6.0695014,-0.8161313999938962,XGBoost-morgan
4353,6.86646,6.4188724,0.4475876435852051,XGBoost-morgan
2296,6.72946,7.6665616,-0.937101603546142,XGBoost-morgan
3790,6.03953,6.1241875,-0.0846574694824218,XGBoost-morgan
2923,7.74473,6.131466,1.6132640881347653,XGBoost-morgan
1518,7.54668,7.4246397,0.1220402981567385,XGBoost-morgan
1330,8.52288,9.021283,-0.4984031497192376,XGBoost-morgan
3147,6.284,5.721439,0.5625611152648924,XGBoost-morgan
1483,6.95861,6.7022114,0.2563986199951173,XGBoost-morgan
2136,6.79588,6.5156784,0.2802015942382816,XGBoost-morgan
4348,5.71444,5.682912,0.0315281271362302,XGBoost-morgan
1367,7.0,7.1642942,-0.1642942428588867,XGBoost-morgan
1247,5.0,6.167328,-1.167327880859375,XGBoost-morgan
3417,7.96981,7.5645494,0.4052605538940428,XGBoost-morgan
1191,7.88606,7.075709,0.8103511338806149,XGBoost-morgan
2949,8.75007,7.672617,1.077453041381835,XGBoost-morgan
187,5.35655,7.210652,-1.854101874542236,XGBoost-morgan
4152,7.60206,7.554101,0.0479590097045896,XGBoost-morgan
1604,7.04818,7.204274,-0.1560941775512692,XGBoost-morgan
871,7.70553,7.318366,0.3871639492797856,XGBoost-morgan
2134,6.72816,6.5852575,0.1429024697875975,XGBoost-morgan
3297,7.08092,5.591086,1.4898340892028807,XGBoost-morgan
1315,8.35655,8.915205,-0.5586550018310543,XGBoost-morgan
2558,6.01278,5.8164535,0.1963265431213381,XGBoost-morgan
3962,5.76955,7.128226,-1.3586758033752444,XGBoost-morgan
4568,7.95468,6.4369454,1.51773456161499,XGBoost-morgan
1980,6.09691,5.8266897,0.2702202798461917,XGBoost-morgan
2812,5.93554,6.1578293,-0.2222892846679691,XGBoost-morgan
3927,8.87615,6.0195475,2.856602537536622,XGBoost-morgan
3099,7.5817,6.1413794,1.4403206436157223,XGBoost-morgan
4346,5.71444,5.6823735,0.0320664762878415,XGBoost-morgan
2085,7.34679,7.342027,0.0047628126525882,XGBoost-morgan
1824,5.30715,5.2699366,0.0372134384155273,XGBoost-morgan
3863,7.52244,6.1303816,1.392058415832519,XGBoost-morgan
1328,8.82391,9.021283,-0.1973731497192385,XGBoost-morgan
3766,7.65365,6.09036,1.563289835357666,XGBoost-morgan
972,7.6038,7.8561316,-0.2523315536499027,XGBoost-morgan
3483,8.89279,5.9581866,2.9346033735656736,XGBoost-morgan
3482,8.80967,5.9581866,2.8514833735656744,XGBoost-morgan
3933,6.98297,7.635787,-0.6528170101928712,XGBoost-morgan
3837,6.04576,6.452157,-0.4063970205688481,XGBoost-morgan
3299,6.1261,6.545127,-0.4190269149780272,XGBoost-morgan
1274,6.52288,6.1003084,0.422571581726074,XGBoost-morgan
2081,6.92812,6.6071124,0.3210075923156736,XGBoost-morgan
1365,6.79371,6.139873,0.6538369721984862,XGBoost-morgan
891,6.74232,5.944044,0.7982758868408206,XGBoost-morgan
1410,5.52288,5.912212,-0.3893318949890139,XGBoost-morgan
2951,5.97,6.997233,-1.0272329139709475,XGBoost-morgan
1635,6.61979,5.595284,1.0245060148620606,XGBoost-morgan
79,7.39794,7.1071396,0.2908004125976564,XGBoost-morgan
2225,7.22915,6.8724747,0.3566753295898435,XGBoost-morgan
181,5.48149,7.338329,-1.8568388383483887,XGBoost-morgan
1693,5.77,5.5694633,0.2005367469787593,XGBoost-morgan
1613,8.34775,7.8070283,0.5407217063903804,XGBoost-morgan
3971,5.49485,5.4594655,0.0353844963073726,XGBoost-morgan
190,5.0,6.983027,-1.98302698135376,XGBoost-morgan
3819,5.28233,5.968341,-0.6860108737182617,XGBoost-morgan
1453,9.0,7.0245805,1.975419521331787,XGBoost-morgan
900,7.44977,7.2341714,0.2155986094665527,XGBoost-morgan
3785,6.00524,5.9305606,0.0746794111633297,XGBoost-morgan
582,6.48149,6.090987,0.3905027944946289,XGBoost-morgan
1746,5.18842,6.1880636,-0.9996436215209964,XGBoost-morgan
1027,5.22185,6.128678,-0.9068278450012208,XGBoost-morgan
773,8.24003,7.977598,0.2624318096923836,XGBoost-morgan
1297,8.79588,8.121615,0.6742645901489261,XGBoost-morgan
471,7.521435,7.4224195,0.0990154519653323,XGBoost-morgan
505,7.0,7.2064657,-0.2064657211303711,XGBoost-morgan
3418,8.96658,7.5546646,1.4119153881835942,XGBoost-morgan
1409,5.0,6.4918203,-1.4918203353881836,XGBoost-morgan
3098,7.51286,5.937703,1.5751568673706051,XGBoost-morgan
395,5.47,5.7620683,-0.2920682716369631,XGBoost-morgan
1859,5.38195,6.414734,-1.0327838867187502,XGBoost-morgan
3156,7.2321,7.3103843,-0.0782842735290527,XGBoost-morgan
1341,5.07058,6.2061706,-1.1355905589294435,XGBoost-morgan
3155,7.62709,7.3901844,0.2369055975341796,XGBoost-morgan
3120,8.70006,8.123302,0.5767575402832037,XGBoost-morgan
4087,9.284,7.955591,1.328408798217774,XGBoost-morgan
3056,6.85387,6.063938,0.7899318591308591,XGBoost-morgan
4324,6.30016,6.3045425,-0.0043825415039062,XGBoost-morgan
4330,5.50328,6.455138,-0.9518582064819334,XGBoost-morgan
1722,5.17005,5.075909,0.0941408622741697,XGBoost-morgan
3864,5.4828,7.3788447,-1.896044738006592,XGBoost-morgan
49,7.09691,6.772677,0.3242330552673342,XGBoost-morgan
1029,5.30103,5.4527397,-0.1517097155761719,XGBoost-morgan
1943,5.377875,6.027545,-0.6496699752807613,XGBoost-morgan
176,6.48149,6.4570727,0.0244172651672363,XGBoost-morgan
123,6.48149,6.4570727,0.0244172651672363,XGBoost-morgan
356,6.46852,6.9887805,-0.5202604985046388,XGBoost-morgan
3298,6.6517,7.01494,-0.3632397850036621,XGBoost-morgan
53,5.03152,6.403307,-1.37178696105957,XGBoost-morgan
2358,6.21467,5.9562006,0.2584694003295897,XGBoost-morgan
3943,6.2636,6.237919,0.0256811462402346,XGBoost-morgan
1540,5.23307,6.190326,-0.9572562138366704,XGBoost-morgan
355,6.67778,6.337369,0.3404110348510745,XGBoost-morgan
212,6.67801,6.337369,0.3406410348510738,XGBoost-morgan
4473,7.63078,6.3430796,1.2877004330444333,XGBoost-morgan
850,6.41623,7.4150786,-0.9988486399841312,XGBoost-morgan
3500,8.42022,8.167609,0.2526107852172856,XGBoost-morgan
3870,5.01323,5.5376225,-0.5243924517822265,XGBoost-morgan
4245,9.36653,7.658574,1.707955895690917,XGBoost-morgan
2393,5.79317,6.1940885,-0.4009184590148926,XGBoost-morgan
3950,7.04576,6.731843,0.3139170053100582,XGBoost-morgan
2223,6.88606,6.8724747,0.0135853295898433,XGBoost-morgan
1536,5.64859,6.6687956,-1.0202055856323238,XGBoost-morgan
3931,7.0,6.532668,0.4673318862915039,XGBoost-morgan
3709,5.88406,6.3194656,-0.4354056372070314,XGBoost-morgan
4100,5.34104,5.1819196,0.1591204252624507,XGBoost-morgan
110,8.34679,7.503852,0.8429381094360355,XGBoost-morgan
4514,8.93554,6.583881,2.3516590986633297,XGBoost-morgan
1804,7.00877,6.808799,0.1999712100219728,XGBoost-morgan
2785,7.15927,7.5885963,-0.4293263439941404,XGBoost-morgan
960,5.22915,6.1874623,-0.9583123298645022,XGBoost-morgan
249,7.26281,7.4079795,-0.1451694883728027,XGBoost-morgan
1945,6.174285,5.9368854,0.237399643096924,XGBoost-morgan
1539,5.1261,7.173158,-2.0470581687927245,XGBoost-morgan
3549,6.17393,5.936174,0.2377560841369632,XGBoost-morgan
3477,8.24872,8.840267,-0.5915471813964839,XGBoost-morgan
1010,6.0,7.080208,-1.0802078247070312,XGBoost-morgan
2755,7.34998,6.107934,1.2420460018920902,XGBoost-morgan
4328,5.09155,6.3178606,-1.2263106033325195,XGBoost-morgan
1181,6.46852,7.739341,-1.2708207821655275,XGBoost-morgan
1493,7.60206,6.058911,1.5431491532897947,XGBoost-morgan
4084,5.4045,6.132195,-0.7276949958801273,XGBoost-morgan
579,6.04576,6.167187,-0.1214272138977055,XGBoost-morgan
3112,6.70997,5.889414,0.8205561663818361,XGBoost-morgan
1012,5.6,7.057715,-1.457714939117432,XGBoost-morgan
1484,6.88606,5.9306116711840495,0.95544832881595,LightGBM-combined
3113,8.38616,6.180167087421676,2.205992912578324,LightGBM-combined
45,6.03152,6.554620726067605,-0.5231007260676046,LightGBM-combined
686,5.96257,7.105191800103341,-1.142621800103341,LightGBM-combined
2931,5.89963,6.102208853437424,-0.2025788534374237,LightGBM-combined
4105,6.0655,6.041757911805348,0.0237420881946519,LightGBM-combined
1778,5.211255,6.574978374419676,-1.363723374419675,LightGBM-combined
3362,5.04096,5.9874192768042,-0.9464592768042,LightGBM-combined
1447,6.52288,6.961523822725725,-0.4386438227257248,LightGBM-combined
3076,5.18709,6.383049928712421,-1.195959928712421,LightGBM-combined
4373,7.4437,5.950651587716658,1.4930484122833416,LightGBM-combined
1538,5.1607,5.916619453777263,-0.7559194537772624,LightGBM-combined
500,6.16115,6.50005467827615,-0.3389046782761502,LightGBM-combined
892,5.55752,6.222444959882879,-0.664924959882879,LightGBM-combined
2710,6.1549,5.3746267831049535,0.7802732168950461,LightGBM-combined
2955,8.90309,7.218312521934239,1.6847774780657616,LightGBM-combined
1603,6.92445,7.733967716117176,-0.8095177161171758,LightGBM-combined
1455,7.69897,7.73906249185393,-0.0400924918539296,LightGBM-combined
252,6.67778,7.768186098998881,-1.0904060989988809,LightGBM-combined
1936,6.36552,8.152010135255402,-1.786490135255402,LightGBM-combined
3932,6.28316,7.744461120029864,-1.461301120029865,LightGBM-combined
3158,9.13668,8.74031411223953,0.3963658877604707,LightGBM-combined
4119,5.48945,6.000869076616475,-0.511419076616475,LightGBM-combined
1156,7.19382,7.43850330900316,-0.2446833090031601,LightGBM-combined
728,5.99443,6.139429591096212,-0.1449995910962114,LightGBM-combined
4374,7.173394999999999,7.134567524172469,0.0388274758275306,LightGBM-combined
3986,7.4437,7.134567524172469,0.3091324758275311,LightGBM-combined
3987,7.49485,7.134567524172469,0.3602824758275309,LightGBM-combined
2686,5.45967,6.295990849696705,-0.8363208496967047,LightGBM-combined
1568,5.04576,5.669184849164999,-0.6234248491649996,LightGBM-combined
4233,5.94006,5.717900856950725,0.2221591430492751,LightGBM-combined
3784,6.19382,6.806417870238423,-0.6125978702384236,LightGBM-combined
1850,5.01323,5.567664078297899,-0.5544340782978994,LightGBM-combined
2169,6.04096,5.304197756313762,0.736762243686238,LightGBM-combined
663,5.72816,6.709005478584951,-0.9808454785849507,LightGBM-combined
4484,6.36653,6.376726362470984,-0.0101963624709835,LightGBM-combined
2817,5.07572,6.156101729454199,-1.0803817294541993,LightGBM-combined
1189,6.09691,6.842032516828751,-0.7451225168287507,LightGBM-combined
3859,7.45643,5.726961627396243,1.7294683726037574,LightGBM-combined
747,8.24795,7.672476604789584,0.5754733952104152,LightGBM-combined
1762,5.13668,5.965230877755753,-0.8285508777557524,LightGBM-combined
4436,5.31158,6.241609264393117,-0.9300292643931164,LightGBM-combined
1807,8.3279,7.405317200317204,0.9225827996827958,LightGBM-combined
1976,8.17393,8.128121966402354,0.0458080335976465,LightGBM-combined
978,6.17783,6.7219338266518776,-0.5441038266518774,LightGBM-combined
419,5.42022,5.3928958701525485,0.0273241298474511,LightGBM-combined
1339,5.17393,6.759216587176785,-1.5852865871767845,LightGBM-combined
3561,5.29243,5.823544760662103,-0.5311147606621027,LightGBM-combined
1186,5.79588,6.692651660439418,-0.896771660439418,LightGBM-combined
185,6.65758,6.311051747395402,0.3465282526045978,LightGBM-combined
1333,6.05061,6.177542527765788,-0.1269325277657884,LightGBM-combined
3361,5.16749,5.976045143050909,-0.808555143050909,LightGBM-combined
3046,8.85387,8.847749975173079,0.0061200248269219,LightGBM-combined
159,5.0,6.101276123997204,-1.101276123997204,LightGBM-combined
3707,8.04576,7.3170546786588915,0.7287053213411081,LightGBM-combined
3489,6.56067,7.172236710659865,-0.611566710659865,LightGBM-combined
1451,7.09691,7.367417514166769,-0.270507514166769,LightGBM-combined
742,6.86967,7.158478131213023,-0.288808131213023,LightGBM-combined
1202,8.55284,7.023447633513279,1.5293923664867206,LightGBM-combined
1337,5.5376,6.156964754052335,-0.6193647540523344,LightGBM-combined
4250,8.4828,7.055616923762299,1.4271830762377,LightGBM-combined
2313,9.0655,7.900943458771278,1.1645565412287224,LightGBM-combined
1601,6.18709,5.609619052559072,0.5774709474409283,LightGBM-combined
4247,7.25964,6.417944455127863,0.8416955448721373,LightGBM-combined
188,9.08619,6.807658627305813,2.278531372694188,LightGBM-combined
412,7.030094999999999,6.5085239625192886,0.5215710374807108,LightGBM-combined
3128,6.4,7.679766803706355,-1.2797668037063543,LightGBM-combined
140,6.4437,6.203776654610386,0.2399233453896139,LightGBM-combined
1984,5.17393,5.744293013000785,-0.5703630130007848,LightGBM-combined
1567,5.73283,6.611661332256241,-0.8788313322562411,LightGBM-combined
1848,5.08619,5.316436944664439,-0.2302469446644384,LightGBM-combined
1939,5.819455,5.784514192351675,0.0349408076483248,LightGBM-combined
1875,5.30103,6.241475303526098,-0.940445303526098,LightGBM-combined
3721,8.76955,6.144656363664516,2.624893636335485,LightGBM-combined
1947,6.697985,6.069548277293209,0.6284367227067911,LightGBM-combined
4359,5.12321,5.941179708535134,-0.8179697085351334,LightGBM-combined
3070,6.14509,6.83919888491403,-0.69410888491403,LightGBM-combined
4171,5.70333,6.143108926823891,-0.4397789268238909,LightGBM-combined
1182,7.88606,7.60757739414336,0.2784826058566398,LightGBM-combined
2168,5.00087,5.98020677700371,-0.9793367770037102,LightGBM-combined
191,8.52288,6.428729328592252,2.094150671407749,LightGBM-combined
2151,6.16115,6.3133262786161,-0.1521762786160998,LightGBM-combined
2821,7.52288,6.511038072977016,1.011841927022984,LightGBM-combined
3913,6.99482,6.327925047254932,0.6668949527450678,LightGBM-combined
1442,7.30103,7.7701625093957345,-0.4691325093957346,LightGBM-combined
615,6.44,6.438337870221568,0.0016621297784329,LightGBM-combined
3344,5.24872,5.450265115523695,-0.2015451155236949,LightGBM-combined
3724,8.59007,8.034218318081798,0.5558516819182024,LightGBM-combined
649,8.34679,6.794784573157594,1.5520054268424062,LightGBM-combined
278,6.69001,6.233306002253715,0.4567039977462848,LightGBM-combined
282,7.11003,7.182190743128428,-0.0721607431284283,LightGBM-combined
955,6.26761,5.639526340967671,0.6280836590323293,LightGBM-combined
2727,6.0,5.361205029785656,0.6387949702143443,LightGBM-combined
1934,7.13966,8.412413719521455,-1.2727537195214549,LightGBM-combined
503,5.88606,6.356196391873104,-0.4701363918731047,LightGBM-combined
3951,7.0,5.975343606165704,1.024656393834296,LightGBM-combined
4003,7.5376,6.493986173119397,1.0436138268806037,LightGBM-combined
3708,5.85574,7.3992729028499316,-1.5435329028499316,LightGBM-combined
1784,6.319135,5.959284845974719,0.3598501540252812,LightGBM-combined
1523,6.50864,8.19001218447881,-1.6813721844788103,LightGBM-combined
4123,7.95468,7.794211947607807,0.1604680523921926,LightGBM-combined
1982,5.07058,5.856472583365761,-0.7858925833657615,LightGBM-combined
3818,5.41794,6.12057200338232,-0.7026320033823206,LightGBM-combined
1817,6.09691,6.8135515218110605,-0.7166415218110602,LightGBM-combined
3924,7.23657,6.668385315130949,0.5681846848690517,LightGBM-combined
2474,6.15366,6.673175165489895,-0.5195151654898948,LightGBM-combined
2013,6.48812,6.756802269518724,-0.2686822695187238,LightGBM-combined
1408,5.4318,6.732609904190677,-1.300809904190677,LightGBM-combined
3476,8.35556,7.374132763977484,0.9814272360225162,LightGBM-combined
1548,5.8716,5.925236853536937,-0.0536368535369371,LightGBM-combined
1276,7.6073,7.317726862324948,0.2895731376750525,LightGBM-combined
4511,8.20066,7.003971916568898,1.1966880834311011,LightGBM-combined
669,5.46725,7.151910079663619,-1.6846600796636189,LightGBM-combined
2469,6.59346,5.988284608925981,0.6051753910740194,LightGBM-combined
1471,6.25964,6.529627213575168,-0.2699872135751677,LightGBM-combined
3991,9.30103,5.7830276357523,3.5180023642477005,LightGBM-combined
1964,7.84771,7.926402663262416,-0.0786926632624158,LightGBM-combined
2048,7.66555,8.184974655497788,-0.5194246554977884,LightGBM-combined
2088,5.98716,6.481956473196359,-0.4947964731963585,LightGBM-combined
112,7.49485,7.095797656602815,0.3990523433971846,LightGBM-combined
3576,5.63676,5.408308107615995,0.2284518923840046,LightGBM-combined
2479,5.22257,5.54576532147077,-0.3231953214707701,LightGBM-combined
2542,5.0,5.7620161772344405,-0.7620161772344405,LightGBM-combined
2592,5.20691,5.571232102061636,-0.364322102061636,LightGBM-combined
1405,6.1549,6.873864950846815,-0.7189649508468152,LightGBM-combined
2834,5.86646,5.9359997541690985,-0.0695397541690985,LightGBM-combined
3999,5.72125,6.081222993067378,-0.3599729930673776,LightGBM-combined
1461,5.00877,5.706021400403411,-0.6972514004034105,LightGBM-combined
3069,7.02687,7.034479839415972,-0.0076098394159727,LightGBM-combined
2709,6.52288,5.80798594848402,0.7148940515159801,LightGBM-combined
845,5.89,6.100049459570027,-0.210049459570027,LightGBM-combined
1946,6.664775,6.287094070853149,0.3776809291468508,LightGBM-combined
1715,7.92082,6.395676160091515,1.525143839908485,LightGBM-combined
3917,6.60206,6.893801233723623,-0.2917412337236227,LightGBM-combined
2144,6.30715,6.102414440281243,0.204735559718757,LightGBM-combined
2319,6.65365,6.002156904059606,0.6514930959403937,LightGBM-combined
889,6.48545,6.240268094901241,0.2451819050987591,LightGBM-combined
822,6.84164,6.852506114156019,-0.0108661141560189,LightGBM-combined
2606,5.17457,5.857615070071323,-0.6830450700713229,LightGBM-combined
1005,6.79588,6.838404796098927,-0.0425247960989265,LightGBM-combined
3723,8.61979,8.184354919236702,0.4354350807632983,LightGBM-combined
3029,5.86012,5.693831054085688,0.1662889459143119,LightGBM-combined
654,7.26761,6.741966276738389,0.5256437232616111,LightGBM-combined
1709,5.85,5.55310408484403,0.2968959151559698,LightGBM-combined
3960,6.72125,6.427440244954467,0.2938097550455332,LightGBM-combined
23,5.34679,6.5044625287486175,-1.1576725287486171,LightGBM-combined
37,7.39794,6.954739716391953,0.4432002836080473,LightGBM-combined
4093,5.93554,5.7154479965388445,0.2200920034611551,LightGBM-combined
1338,5.38722,6.056732597230049,-0.6695125972300486,LightGBM-combined
4151,5.05502,6.197572369384359,-1.142552369384359,LightGBM-combined
4005,6.52288,6.808016569509656,-0.2851365695096559,LightGBM-combined
561,6.3279,5.945645837687916,0.3822541623120834,LightGBM-combined
517,5.4023,5.874994850942197,-0.4726948509421964,LightGBM-combined
2702,5.11805,5.551282257440266,-0.4332322574402658,LightGBM-combined
1168,5.52288,6.300268006912661,-0.7773880069126609,LightGBM-combined
1414,7.59998,7.506085089277731,0.0938949107222697,LightGBM-combined
882,9.0,5.834563608647955,3.1654363913520447,LightGBM-combined
1475,7.61979,6.806892515214594,0.812897484785406,LightGBM-combined
50,6.42022,6.710493517184679,-0.2902735171846791,LightGBM-combined
1562,6.56067,6.322088949987678,0.2385810500123222,LightGBM-combined
2773,6.11976,6.227075735165487,-0.1073157351654865,LightGBM-combined
4162,5.55596,5.8060814020788,-0.2501214020788005,LightGBM-combined
2655,5.41794,5.600852304530921,-0.1829123045309213,LightGBM-combined
3474,8.53165,8.489070515037135,0.0425794849628662,LightGBM-combined
2589,6.14874,5.601577074021532,0.5471629259784683,LightGBM-combined
4570,8.58336,8.313293213040154,0.2700667869598465,LightGBM-combined
4149,5.75696,5.740300241533055,0.016659758466945,LightGBM-combined
2950,8.70006,7.413397965071106,1.2866620349288942,LightGBM-combined
1107,6.06905,6.993929152200457,-0.9248791522004574,LightGBM-combined
1130,8.09691,7.096730479087966,1.0001795209120337,LightGBM-combined
1459,5.25964,5.413111284046384,-0.1534712840463843,LightGBM-combined
3725,8.6216,9.022571683124951,-0.4009716831249523,LightGBM-combined
2468,8.15989,6.299567869838397,1.860322130161604,LightGBM-combined
838,7.37161,6.411214232394095,0.9603957676059052,LightGBM-combined
568,6.74473,5.911015668816917,0.8337143311830824,LightGBM-combined
502,7.60206,7.348076493615677,0.2539835063843227,LightGBM-combined
3952,7.82391,6.386814102652604,1.4370958973473955,LightGBM-combined
873,8.73755,9.147078803606613,-0.4095288036066105,LightGBM-combined
3309,5.65189,6.264824346211762,-0.6129343462117625,LightGBM-combined
3480,7.30103,6.520315444527199,0.7807145554728008,LightGBM-combined
3481,7.92082,6.520315444527199,1.4005045554728008,LightGBM-combined
560,6.21467,5.912259115304458,0.3024108846955418,LightGBM-combined
55,5.14,5.657601425745454,-0.517601425745454,LightGBM-combined
1877,5.04096,5.778208986628157,-0.7372489866281571,LightGBM-combined
2465,7.05502,6.85581092138516,0.1992090786148397,LightGBM-combined
1933,6.7167,8.406367369208779,-1.6896673692087782,LightGBM-combined
1494,6.20901,5.829193876208306,0.3798161237916941,LightGBM-combined
1874,5.65758,6.648718426037974,-0.991138426037974,LightGBM-combined
4101,5.44977,5.309294283529873,0.1404757164701271,LightGBM-combined
1561,6.72125,6.100404177678398,0.620845822321602,LightGBM-combined
1983,6.04576,5.976644633677275,0.0691153663227241,LightGBM-combined
3077,7.85387,6.9672444706945695,0.8866255293054301,LightGBM-combined
3420,9.03152,7.243885224420958,1.7876347755790425,LightGBM-combined
4562,6.94692,6.342842565865158,0.604077434134842,LightGBM-combined
749,7.76955,7.439210268401556,0.3303397315984435,LightGBM-combined
839,6.91009,7.308490541694355,-0.3984005416943548,LightGBM-combined
3816,6.46852,6.026625902605449,0.4418940973945506,LightGBM-combined
333,7.55284,7.284255765295309,0.2685842347046909,LightGBM-combined
4057,5.52288,5.495424571276033,0.0274554287239672,LightGBM-combined
2991,5.33724,5.726972816897647,-0.3897328168976468,LightGBM-combined
4561,6.17522,6.9244189344912295,-0.7491989344912291,LightGBM-combined
2304,5.16115,5.64529084172506,-0.4841408417250594,LightGBM-combined
2493,7.52288,6.186579458273624,1.3363005417263762,LightGBM-combined
1266,7.42022,8.076784694248913,-0.656564694248913,LightGBM-combined
352,6.92082,6.646185329586447,0.2746346704135529,LightGBM-combined
1745,5.78781,6.591471465858242,-0.8036614658582417,LightGBM-combined
3471,8.36151,8.800450072450486,-0.4389400724504853,LightGBM-combined
994,7.12494,6.305808915249373,0.8191310847506266,LightGBM-combined
507,6.85699,6.988009076113517,-0.1310190761135174,LightGBM-combined
957,8.59007,8.860544744750719,-0.2704747447507181,LightGBM-combined
1798,6.98716,6.640939528319928,0.3462204716800725,LightGBM-combined
1525,6.34199,7.274255472616916,-0.9322654726169164,LightGBM-combined
952,7.14874,6.230110409119672,0.918629590880328,LightGBM-combined
1460,5.05552,5.670078037647555,-0.614558037647555,LightGBM-combined
39,7.02228,6.456200844796787,0.5660791552032132,LightGBM-combined
3359,6.08092,5.70464723809753,0.3762727619024701,LightGBM-combined
3712,8.40894,6.700320976555669,1.7086190234443306,LightGBM-combined
1799,6.63639,6.611262665791287,0.0251273342087126,LightGBM-combined
3124,8.10002,7.48268829085746,0.6173317091425403,LightGBM-combined
4188,5.71287,6.308075312863017,-0.5952053128630173,LightGBM-combined
1876,5.04576,6.337273187180184,-1.2915131871801844,LightGBM-combined
1335,5.60206,6.80683128855525,-1.20477128855525,LightGBM-combined
3502,8.20551,8.302726680518306,-0.0972166805183061,LightGBM-combined
652,7.04576,6.701891567368711,0.3438684326312886,LightGBM-combined
2314,8.59176,8.164459839420507,0.4273001605794935,LightGBM-combined
1960,8.63827,6.999971942113168,1.638298057886832,LightGBM-combined
3897,6.28316,6.21331881737292,0.0698411826270799,LightGBM-combined
4092,6.26922,6.091880801871924,0.1773391981280756,LightGBM-combined
3562,5.49485,5.806629779563938,-0.3117797795639383,LightGBM-combined
1187,7.63827,8.560373070875315,-0.9221030708753144,LightGBM-combined
1396,8.30103,7.284532868152689,1.016497131847312,LightGBM-combined
384,5.0,6.4268836717495885,-1.4268836717495883,LightGBM-combined
1524,6.58838,8.148941158481408,-1.5605611584814083,LightGBM-combined
3997,5.52288,5.375904883970132,0.1469751160298678,LightGBM-combined
1417,8.01002,7.566318599061737,0.4437014009382638,LightGBM-combined
2205,6.292,5.514933831744432,0.7770661682555682,LightGBM-combined
2454,6.40894,6.837978826833109,-0.4290388268331089,LightGBM-combined
2957,9.36653,7.2646872267987055,2.1018427732012936,LightGBM-combined
1332,6.20761,5.948923079749806,0.2586869202501942,LightGBM-combined
780,8.47945,7.315450376484594,1.163999623515406,LightGBM-combined
1620,7.28651,7.293861115261181,-0.0073511152611809,LightGBM-combined
3842,6.84771,5.978402563154866,0.8693074368451343,LightGBM-combined
2492,5.29243,6.191691072888523,-0.8992610728885229,LightGBM-combined
3862,6.30103,6.78100804832802,-0.4799780483280198,LightGBM-combined
3493,7.95861,8.347999947260682,-0.3893899472606819,LightGBM-combined
1849,5.17393,5.648062706916881,-0.4741327069168806,LightGBM-combined
4435,5.51713,6.679982989826208,-1.1628529898262077,LightGBM-combined
250,7.5817,7.36391588214452,0.2177841178554791,LightGBM-combined
4538,5.23582,5.671948240444616,-0.4361282404446154,LightGBM-combined
3926,9.284,6.495949887424381,2.78805011257562,LightGBM-combined
83,6.79588,6.210206364411945,0.585673635588055,LightGBM-combined
1744,5.75449,6.032366469072746,-0.277876469072746,LightGBM-combined
314,8.4437,8.817865093343013,-0.3741650933430129,LightGBM-combined
2090,6.56864,6.067710422015973,0.500929577984027,LightGBM-combined
2147,5.98422,6.053670915221233,-0.0694509152212337,LightGBM-combined
1270,5.45593,5.869591991539792,-0.4136619915397919,LightGBM-combined
3555,5.13668,5.604775623254976,-0.4680956232549755,LightGBM-combined
3954,7.33724,6.401486310878813,0.9357536891211876,LightGBM-combined
577,6.5376,5.840203012237197,0.6973969877628035,LightGBM-combined
3486,5.67366,5.546292565405746,0.1273674345942543,LightGBM-combined
2142,6.18111,6.2611287815037215,-0.0800187815037212,LightGBM-combined
290,5.74,6.627073531659356,-0.8870735316593557,LightGBM-combined
4291,7.02687,6.930557660291637,0.0963123397083629,LightGBM-combined
3080,5.79588,6.356394130992007,-0.5605141309920061,LightGBM-combined
732,7.67778,6.837651885066925,0.8401281149330755,LightGBM-combined
2049,8.16115,8.209264828834478,-0.0481148288344783,LightGBM-combined
1808,7.76955,7.369854176917205,0.3996958230827951,LightGBM-combined
4323,5.32883,5.691894334030796,-0.3630643340307964,LightGBM-combined
1546,5.33287,5.770358852454427,-0.4374888524544271,LightGBM-combined
3103,8.72125,8.693103258456505,0.0281467415434946,LightGBM-combined
2363,7.17393,6.384274845849301,0.7896551541506991,LightGBM-combined
2217,6.44733,7.138090910317795,-0.6907609103177954,LightGBM-combined
729,5.87234,6.464272712796882,-0.5919327127968819,LightGBM-combined
173,6.740745,7.024259287678127,-0.283514287678126,LightGBM-combined
4154,5.48149,5.837436547023517,-0.3559465470235174,LightGBM-combined
1321,6.74473,7.266930918016366,-0.5222009180163667,LightGBM-combined
3896,5.19511,6.427806343908806,-1.232696343908806,LightGBM-combined
42,6.55284,6.212577215150834,0.3402627848491661,LightGBM-combined
3791,7.16749,6.306705806470663,0.8607841935293372,LightGBM-combined
3820,5.76955,6.073385296255222,-0.3038352962552224,LightGBM-combined
1281,6.9393,7.730590393884586,-0.7912903938845854,LightGBM-combined
1563,9.62709,6.370982686740598,3.2561073132594025,LightGBM-combined
3151,9.09691,7.573562922371006,1.5233470776289932,LightGBM-combined
2065,5.07572,6.00934687384523,-0.9336268738452302,LightGBM-combined
3683,5.06048,5.583597326996286,-0.5231173269962861,LightGBM-combined
369,5.58503,6.280378113922954,-0.6953481139229547,LightGBM-combined
3345,6.09151,5.651582881561035,0.4399271184389652,LightGBM-combined
1292,8.31876,7.538701768060341,0.7800582319396581,LightGBM-combined
1550,6.39794,5.596194668596995,0.801745331403005,LightGBM-combined
3115,5.82391,5.525078348164859,0.2988316518351404,LightGBM-combined
2666,7.22185,7.212555689716318,0.0092943102836819,LightGBM-combined
2994,5.47991,5.805915902121479,-0.3260059021214783,LightGBM-combined
950,6.80134,6.739961437794215,0.0613785622057845,LightGBM-combined
2450,5.07988,5.951634564760168,-0.8717545647601677,LightGBM-combined
1783,6.77258,6.082060843836707,0.6905191561632922,LightGBM-combined
4481,8.33255,6.092575721331566,2.2399742786684333,LightGBM-combined
2767,5.05306,6.061448890701017,-1.008388890701017,LightGBM-combined
3125,7.70006,7.4709874313684095,0.2290725686315902,LightGBM-combined
1062,6.56864,6.402920855880263,0.1657191441197376,LightGBM-combined
4190,5.2204,5.406876969019057,-0.1864769690190568,LightGBM-combined
1007,6.45593,6.322731287818955,0.1331987121810449,LightGBM-combined
1944,6.271825,6.367200212797749,-0.0953752127977489,LightGBM-combined
1462,5.06048,5.765164719805043,-0.7046847198050425,LightGBM-combined
1445,5.1549,6.007959665190024,-0.853059665190024,LightGBM-combined
4274,6.68867,6.93040492448642,-0.2417349244864199,LightGBM-combined
4527,5.03953,6.017218290235293,-0.9776882902352932,LightGBM-combined
4133,5.44563,5.868557839232947,-0.4229278392329467,LightGBM-combined
2046,7.48812,8.319609905934866,-0.8314899059348662,LightGBM-combined
1557,5.02687,5.3111594337004,-0.2842894337004003,LightGBM-combined
199,5.92082,6.127753744594552,-0.2069337445945516,LightGBM-combined
1397,8.1549,7.629420920617274,0.5254790793827251,LightGBM-combined
3905,5.47886,5.955057023962362,-0.4761970239623618,LightGBM-combined
1235,6.63827,6.896122640869479,-0.2578526408694781,LightGBM-combined
668,5.16368,6.999307880832566,-1.8356278808325657,LightGBM-combined
1400,7.61979,7.094210822942783,0.5255791770572174,LightGBM-combined
3310,6.13077,7.497503450184202,-1.366733450184202,LightGBM-combined
2681,5.3851,5.81346961173953,-0.4283696117395292,LightGBM-combined
363,6.49485,6.20514781819974,0.2897021818002594,LightGBM-combined
501,6.56864,6.1882978423335615,0.3803421576664387,LightGBM-combined
4510,5.38091,5.836369860510102,-0.4554598605101017,LightGBM-combined
4161,6.49485,5.977714440360208,0.517135559639792,LightGBM-combined
148,5.20329,5.912003827185442,-0.7087138271854423,LightGBM-combined
1937,6.79588,6.775684402915793,0.0201955970842071,LightGBM-combined
2082,6.65365,6.880361702156635,-0.2267117021566349,LightGBM-combined
3470,8.26122,8.528645753076342,-0.267425753076342,LightGBM-combined
1551,6.59176,6.635465250465463,-0.0437052504654635,LightGBM-combined
1564,7.5544,7.313748530456294,0.2406514695437058,LightGBM-combined
1118,5.50307,6.76903261982438,-1.2659626198243794,LightGBM-combined
91,6.95861,7.103767805359359,-0.1451578053593589,LightGBM-combined
1272,5.67778,6.433801333042964,-0.7560213330429635,LightGBM-combined
4428,5.18376,5.508479350824588,-0.324719350824588,LightGBM-combined
3826,5.8962,5.918800444829186,-0.0226004448291856,LightGBM-combined
1528,5.0,5.77353277546806,-0.7735327754680599,LightGBM-combined
969,8.01592,7.92819763638458,0.0877223636154198,LightGBM-combined
1816,6.85387,6.917976287528217,-0.064106287528217,LightGBM-combined
75,6.12494,6.550938962580764,-0.4259989625807643,LightGBM-combined
2784,6.04769,7.391421862147359,-1.3437318621473588,LightGBM-combined
1517,7.46852,7.341010685771001,0.1275093142289991,LightGBM-combined
1802,6.91507,7.742678377965359,-0.8276083779653591,LightGBM-combined
4547,5.78357,6.01550006770603,-0.2319300677060303,LightGBM-combined
1449,5.39794,6.462166180876922,-1.064226180876922,LightGBM-combined
3216,5.00261,5.946527654603918,-0.9439176546039184,LightGBM-combined
3726,9.38722,7.903752272653024,1.4834677273469756,LightGBM-combined
446,5.43652,5.689709426905581,-0.253189426905581,LightGBM-combined
1897,7.75945,8.265817583051161,-0.5063675830511611,LightGBM-combined
586,5.11,5.281487115971181,-0.171487115971181,LightGBM-combined
2317,6.58503,5.9843187897339085,0.6007112102660912,LightGBM-combined
2143,6.05849,6.276614261798379,-0.2181242617983789,LightGBM-combined
2954,9.02228,7.473422437489124,1.548857562510876,LightGBM-combined
3973,6.12494,5.965992449976446,0.1589475500235533,LightGBM-combined
613,7.22185,6.102223817037894,1.119626182962106,LightGBM-combined
2265,5.60206,6.709929912333455,-1.107869912333455,LightGBM-combined
1510,7.85387,7.813236047539449,0.040633952460551,LightGBM-combined
1537,6.1549,5.479898613289592,0.6750013867104077,LightGBM-combined
4325,6.07988,5.976014199128383,0.1038658008716169,LightGBM-combined
4445,8.04001,7.44945512849314,0.5905548715068605,LightGBM-combined
160,5.52288,5.8564720252310405,-0.3335920252310407,LightGBM-combined
1716,7.92082,6.29572490855294,1.6250950914470597,LightGBM-combined
592,5.52288,5.958201862739741,-0.435321862739741,LightGBM-combined
4433,6.09583,6.118629740893669,-0.022799740893669,LightGBM-combined
3074,6.25259,7.11090284432639,-0.8583128443263908,LightGBM-combined
4477,5.3279,5.782262479724123,-0.4543624797241232,LightGBM-combined
1011,6.5,6.429192636241689,0.0708073637583108,LightGBM-combined
3722,8.73993,8.085246549527108,0.6546834504728913,LightGBM-combined
648,8.22185,7.815948807531385,0.4059011924686144,LightGBM-combined
3349,5.88941,6.864662074158276,-0.9752520741582762,LightGBM-combined
358,7.00436,7.002611128241575,0.0017488717584255,LightGBM-combined
1847,5.20066,5.336627100387705,-0.1359671003877052,LightGBM-combined
33,6.1549,6.251055302615316,-0.0961553026153163,LightGBM-combined
4409,5.42829,6.038736049993325,-0.6104460499933255,LightGBM-combined
650,6.46852,6.760375862925013,-0.2918558629250132,LightGBM-combined
1280,6.35655,6.572850585274709,-0.216300585274709,LightGBM-combined
4386,5.94692,6.412078572865106,-0.4651585728651053,LightGBM-combined
2754,7.32003,6.594637398136249,0.7253926018637511,LightGBM-combined
4132,6.27646,5.616435228826641,0.6600247711733589,LightGBM-combined
3079,5.30103,5.963768485734848,-0.662738485734848,LightGBM-combined
2425,6.03152,6.32667764387574,-0.2951576438757399,LightGBM-combined
94,7.55284,7.977535592407976,-0.4246955924079758,LightGBM-combined
2853,8.5784,7.989135616585362,0.5892643834146378,LightGBM-combined
2884,8.38828,7.41587045380624,0.9724095461937594,LightGBM-combined
2540,8.20761,8.24999316668128,-0.0423831666812795,LightGBM-combined
1864,6.06048,5.962851432265305,0.097628567734695,LightGBM-combined
2538,7.73993,8.027288766375715,-0.2873587663757151,LightGBM-combined
2473,5.92996,6.229112317463909,-0.2991523174639088,LightGBM-combined
2588,5.31876,5.631724571796861,-0.3129645717968605,LightGBM-combined
2080,7.24413,6.978772035555249,0.2653579644447514,LightGBM-combined
574,6.67778,6.0143653775407,0.6634146224593005,LightGBM-combined
1008,7.30103,6.622977045925151,0.6780529540748486,LightGBM-combined
2362,5.86328,5.616281824572747,0.2469981754272527,LightGBM-combined
1041,6.74473,6.60389493956024,0.1408350604397599,LightGBM-combined
4528,6.4318,6.372416877106284,0.059383122893716,LightGBM-combined
929,7.7986,7.279969835509187,0.5186301644908138,LightGBM-combined
1498,7.36653,7.540106991830816,-0.1735769918308163,LightGBM-combined
4292,6.98716,6.8697783260749,0.1173816739251005,LightGBM-combined
3503,9.35655,8.442917658486541,0.9136323415134592,LightGBM-combined
3504,9.92082,8.345269019729795,1.575550980270206,LightGBM-combined
4343,5.71444,5.955579779698391,-0.2411397796983907,LightGBM-combined
1114,6.90309,6.889916190993957,0.0131738090060427,LightGBM-combined
2855,8.64782,8.067735059035229,0.5800849409647704,LightGBM-combined
935,7.59007,7.150280331535631,0.4397896684643685,LightGBM-combined
4356,5.52143,7.200709967845085,-1.6792799678450852,LightGBM-combined
2287,8.3363,7.8840077110927,0.4522922889072998,LightGBM-combined
1106,6.94692,7.096014332567127,-0.1490943325671265,LightGBM-combined
67,7.115494999999999,6.771098267868199,0.3443967321318002,LightGBM-combined
3346,5.17328,6.38393887411336,-1.21065887411336,LightGBM-combined
2731,5.63827,5.91978938938319,-0.28151938938319,LightGBM-combined
1320,7.74473,7.907618175859572,-0.1628881758595719,LightGBM-combined
4088,5.11862,5.207156904781121,-0.0885369047811206,LightGBM-combined
1652,5.11407,5.859960703249718,-0.7458907032497182,LightGBM-combined
820,6.90309,6.637171748494845,0.2659182515051546,LightGBM-combined
3953,6.29243,6.114413455184493,0.1780165448155077,LightGBM-combined
1336,5.58503,6.496275504378064,-0.9112455043780638,LightGBM-combined
515,5.74958,5.638604168581838,0.1109758314181617,LightGBM-combined
2677,6.22185,7.360512490239233,-1.1386624902392333,LightGBM-combined
1516,7.78252,7.398975087686394,0.3835449123136056,LightGBM-combined
1352,8.1549,6.52094954556669,1.6339504544333092,LightGBM-combined
77,6.40894,7.091873567347294,-0.6829335673472938,LightGBM-combined
1329,9.1549,9.283510483329168,-0.128610483329167,LightGBM-combined
1472,6.14267,6.179152271001184,-0.0364822710011836,LightGBM-combined
1968,7.46852,6.2043286766161065,1.2641913233838933,LightGBM-combined
971,7.30103,8.160844137630871,-0.8598141376308712,LightGBM-combined
856,5.41657,5.9588119624326366,-0.5422419624326364,LightGBM-combined
2809,6.67778,6.785292627610463,-0.1075126276104629,LightGBM-combined
351,7.85387,7.780764579433764,0.073105420566236,LightGBM-combined
3874,5.71086,5.773041484419583,-0.0621814844195824,LightGBM-combined
1263,6.58336,7.853609349996717,-1.270249349996717,LightGBM-combined
253,7.66154,7.370526703808294,0.2910132961917053,LightGBM-combined
3969,6.26761,5.92772538748134,0.3398846125186603,LightGBM-combined
3904,7.38722,5.938114031899798,1.449105968100202,LightGBM-combined
1128,7.00436,5.914903031206621,1.089456968793379,LightGBM-combined
1042,6.05061,6.328976643337057,-0.2783666433370575,LightGBM-combined
3903,5.40671,5.942142140732004,-0.535432140732004,LightGBM-combined
3127,7.0,7.714779797338324,-0.7147797973383243,LightGBM-combined
4153,8.09691,8.584875736271922,-0.4879657362719225,LightGBM-combined
4186,5.26841,5.888356234708552,-0.6199462347085518,LightGBM-combined
966,7.85387,8.150413347154133,-0.2965433471541336,LightGBM-combined
2934,5.21396,6.1367526954726594,-0.9227926954726592,LightGBM-combined
944,5.62525,5.749313079131353,-0.1240630791313526,LightGBM-combined
1823,5.36552,5.780582338346869,-0.4150623383468685,LightGBM-combined
4252,6.41417,6.572839992607749,-0.1586699926077486,LightGBM-combined
2961,5.32606,5.763770941878152,-0.4377109418781524,LightGBM-combined
3560,5.88606,6.1067590413259545,-0.2206990413259548,LightGBM-combined
580,7.55284,6.347462647910531,1.205377352089469,LightGBM-combined
4185,6.52288,6.68072347691923,-0.15784347691923,LightGBM-combined
3936,9.67985,8.206547601054895,1.4733023989451048,LightGBM-combined
370,7.20761,6.473103621850343,0.734506378149657,LightGBM-combined
819,6.87615,6.92818497782306,-0.0520349778230597,LightGBM-combined
1962,8.68613,7.737337335601503,0.9487926643984972,LightGBM-combined
585,6.30103,5.960549112020452,0.340480887979548,LightGBM-combined
1879,5.63451,6.316379706238132,-0.6818697062381318,LightGBM-combined
27,6.08092,6.263303886425848,-0.182383886425848,LightGBM-combined
4507,6.26761,5.787837087617749,0.4797729123822511,LightGBM-combined
1331,6.22915,5.595454571829685,0.6336954281703147,LightGBM-combined
4208,5.635015,6.54156896567184,-0.90655396567184,LightGBM-combined
3947,5.28432,5.557961331108396,-0.2736413311083954,LightGBM-combined
796,5.50864,6.260006965851617,-0.7513669658516173,LightGBM-combined
1456,5.22185,5.845479477861463,-0.6236294778614626,LightGBM-combined
1457,5.69897,5.845479477861463,-0.1465094778614624,LightGBM-combined
2424,5.23136,6.28351903156416,-1.052159031564161,LightGBM-combined
4539,5.09259,5.619586410486965,-0.5269964104869649,LightGBM-combined
194,8.05061,6.617778686599965,1.432831313400036,LightGBM-combined
1614,7.0716,7.351402044944713,-0.2798020449447129,LightGBM-combined
3809,6.05552,5.520408284910896,0.5351117150891032,LightGBM-combined
3511,5.14267,6.1570660662262044,-1.0143960662262046,LightGBM-combined
4331,5.36292,6.135327380585782,-0.7724073805857818,LightGBM-combined
3972,5.34199,6.428120943187624,-1.0861309431876238,LightGBM-combined
3877,6.56067,6.045290049657023,0.515379950342977,LightGBM-combined
2992,5.3098,5.659387060968898,-0.349587060968898,LightGBM-combined
3311,6.29243,6.370324706137206,-0.0778947061372052,LightGBM-combined
58,5.19,5.497042791777368,-0.3070427917773672,LightGBM-combined
4229,6.36051,6.015528121057966,0.3449818789420336,LightGBM-combined
3510,5.42713,6.125955052944072,-0.6988250529440716,LightGBM-combined
3572,5.31069,5.316439115631017,-0.0057491156310165,LightGBM-combined
2150,6.72125,6.178545541806972,0.5427044581930289,LightGBM-combined
1353,8.09098,6.722235427372781,1.368744572627219,LightGBM-combined
662,8.09098,6.672030207569823,1.418949792430177,LightGBM-combined
1399,7.79588,7.2808169002059,0.5150630997941006,LightGBM-combined
1477,7.16749,6.084860870962169,1.082629129037831,LightGBM-combined
2133,5.61618,6.098708251325608,-0.4825282513256077,LightGBM-combined
1261,7.08092,7.91684464652634,-0.8359246465263404,LightGBM-combined
3880,6.63827,6.4055128768115015,0.2327571231884988,LightGBM-combined
1558,5.25181,6.124510858564508,-0.8727008585645084,LightGBM-combined
3727,9.20066,8.4273705237016,0.7732894762984,LightGBM-combined
2591,5.57675,5.812833844297495,-0.2360838442974948,LightGBM-combined
3810,5.0,5.780319698920674,-0.7803196989206738,LightGBM-combined
1296,8.56864,8.741757293401244,-0.1731172934012441,LightGBM-combined
2956,7.27572,7.109533117037612,0.1661868829623873,LightGBM-combined
195,6.31876,7.807661122295768,-1.4889011222957675,LightGBM-combined
1446,5.09691,6.654106016295916,-1.557196016295916,LightGBM-combined
4273,6.6332,6.9268755102486415,-0.293675510248641,LightGBM-combined
3508,6.92082,6.232871805209997,0.6879481947900032,LightGBM-combined
1717,5.78781,6.051664310897196,-0.2638543108971953,LightGBM-combined
38,7.09691,6.6325037862550005,0.4644062137449998,LightGBM-combined
3876,6.18177,6.128230172210083,0.0535398277899172,LightGBM-combined
4512,9.0655,7.614102985789211,1.451397014210789,LightGBM-combined
4332,5.195735,6.169369943626701,-0.9736349436267008,LightGBM-combined
1466,7.12494,6.747350359678871,0.3775896403211289,LightGBM-combined
3149,7.42022,7.970538336498686,-0.5503183364986866,LightGBM-combined
453,5.89963,6.701140253178952,-0.801510253178952,LightGBM-combined
1501,7.69897,7.725727542754122,-0.0267575427541215,LightGBM-combined
3466,6.80883,7.639504819416143,-0.8306748194161431,LightGBM-combined
719,6.21467,6.621234148601996,-0.4065641486019959,LightGBM-combined
718,5.61618,6.621234148601996,-1.005054148601996,LightGBM-combined
603,6.08092,6.621234148601996,-0.540314148601996,LightGBM-combined
4078,7.95861,6.7439003821906125,1.2147096178093877,LightGBM-combined
1940,6.647905,5.968779073569618,0.6791259264303822,LightGBM-combined
1324,7.33724,8.535801616882598,-1.1985616168825972,LightGBM-combined
4294,7.02687,7.599742185376068,-0.5728721853760685,LightGBM-combined
3455,6.40494,7.608396548161791,-1.2034565481617907,LightGBM-combined
4513,7.29158,8.311656088857161,-1.0200760888571612,LightGBM-combined
4157,7.046835,7.192486537439144,-0.1456515374391438,LightGBM-combined
1810,6.92082,7.21511181804896,-0.2942918180489604,LightGBM-combined
3768,7.70553,6.0215945227421175,1.683935477257883,LightGBM-combined
3209,6.39794,6.008079315652033,0.3898606843479673,LightGBM-combined
2137,6.5867,5.7221846424140175,0.864515357585983,LightGBM-combined
3575,5.38902,5.317802706462606,0.0712172935373942,LightGBM-combined
1814,7.69897,7.523325467152397,0.1756445328476035,LightGBM-combined
2320,6.93181,6.302042337174575,0.629767662825425,LightGBM-combined
4476,5.34679,5.92118541472445,-0.5743954147244494,LightGBM-combined
2806,6.0348,6.6118517975843325,-0.5770517975843328,LightGBM-combined
1977,5.08619,5.763789110154129,-0.6775991101541292,LightGBM-combined
19,5.42022,6.333505292737395,-0.9132852927373952,LightGBM-combined
2604,7.43063,6.226291772082711,1.2043382279172894,LightGBM-combined
3478,8.97469,7.444595383794211,1.5300946162057896,LightGBM-combined
683,7.41567,8.073534667732456,-0.657864667732456,LightGBM-combined
4002,5.46852,5.815861409500511,-0.3473414095005109,LightGBM-combined
2167,5.82391,6.459276960012983,-0.6353669600129832,LightGBM-combined
3840,5.24336,5.907018388328759,-0.6636583883287592,LightGBM-combined
745,8.29414,6.265498854129301,2.0286411458707,LightGBM-combined
581,5.21,5.6150460768855,-0.4050460768855002,LightGBM-combined
2015,6.81531,7.336561171435749,-0.5212511714357486,LightGBM-combined
769,5.97,6.200131836920116,-0.2301318369201164,LightGBM-combined
1583,6.64397,5.595350655451774,1.0486193445482268,LightGBM-combined
1584,7.14874,5.912864986354563,1.2358750136454368,LightGBM-combined
2952,5.4828,6.4851665614788745,-1.0023665614788744,LightGBM-combined
3355,5.5784,5.7108364953998025,-0.1324364953998023,LightGBM-combined
203,8.07572,6.649281946981965,1.4264380530180354,LightGBM-combined
3535,6.49485,6.3267353203956604,0.1681146796043391,LightGBM-combined
853,6.63676,6.712552024966588,-0.0757920249665877,LightGBM-combined
774,6.77001,7.033631901351313,-0.2636219013513132,LightGBM-combined
771,6.91999,7.335317644643483,-0.415327644643483,LightGBM-combined
2782,5.03306,6.7513876572205405,-1.7183276572205406,LightGBM-combined
1736,5.23582,5.507231054525112,-0.2714110545251111,LightGBM-combined
2170,5.77211,5.920856904515564,-0.1487469045155638,LightGBM-combined
1967,7.25964,6.073772943186726,1.185867056813274,LightGBM-combined
3137,6.34294,7.806173895573038,-1.4632338955730386,LightGBM-combined
3843,6.66555,6.266493686513603,0.3990563134863967,LightGBM-combined
43,5.82391,6.520582971715752,-0.6966729717157527,LightGBM-combined
3494,8.10292,8.057579745670363,0.0453402543296359,LightGBM-combined
4104,5.14388,5.1910778951919445,-0.0471978951919442,LightGBM-combined
933,5.26201,6.685567895364848,-1.4235578953648478,LightGBM-combined
934,5.38091,6.685567895364848,-1.3046578953648478,LightGBM-combined
1468,6.20761,7.005058036759229,-0.7974480367592287,LightGBM-combined
651,6.72125,6.698751232256473,0.0224987677435271,LightGBM-combined
2303,5.29243,5.609455355290939,-0.317025355290939,LightGBM-combined
4080,6.97964,6.884885310929259,0.0947546890707409,LightGBM-combined
239,7.56225,6.952992195974815,0.6092578040251846,LightGBM-combined
685,7.48545,8.222202639951561,-0.7367526399515612,LightGBM-combined
4074,5.11862,5.895525176228329,-0.776905176228329,LightGBM-combined
2741,6.05061,6.294743363345706,-0.2441333633457061,LightGBM-combined
2771,6.18842,6.269334837249358,-0.0809148372493577,LightGBM-combined
1443,7.0,7.921706633174329,-0.9217066331743292,LightGBM-combined
712,5.25885,7.6538611969278785,-2.3950111969278787,LightGBM-combined
678,8.52288,7.535176398713856,0.9877036012861442,LightGBM-combined
775,7.19997,7.036928148453134,0.1630418515468665,LightGBM-combined
1265,8.05552,8.015515958342409,0.0400040416575908,LightGBM-combined
3304,7.55284,6.393787196860516,1.1590528031394838,LightGBM-combined
923,9.17393,9.049022320562248,0.1249076794377526,LightGBM-combined
3350,7.35952,7.676444559897432,-0.3169245598974317,LightGBM-combined
1637,5.825555,5.548147067697355,0.2774079323026441,LightGBM-combined
3089,5.97881,5.50438232366129,0.4744276763387098,LightGBM-combined
3104,8.28819,8.725645709797991,-0.437455709797991,LightGBM-combined
310,9.24413,8.789927645891872,0.4542023541081281,LightGBM-combined
2301,5.52288,6.487013911633455,-0.9641339116334552,LightGBM-combined
1026,5.52288,6.487013911633455,-0.9641339116334552,LightGBM-combined
2079,7.16115,7.05453988734232,0.1066101126576803,LightGBM-combined
1605,6.85699,7.188117272492575,-0.3311272724925755,LightGBM-combined
3415,7.00745,7.382608430106408,-0.3751584301064072,LightGBM-combined
583,5.88606,6.119493332846321,-0.2334333328463209,LightGBM-combined
4474,5.06098,5.797152670481156,-0.7361726704811558,LightGBM-combined
228,5.20066,6.093692200936616,-0.8930322009366156,LightGBM-combined
1441,7.39794,7.6691315637845054,-0.2711915637845052,LightGBM-combined
2605,5.22185,6.025503650876566,-0.8036536508765657,LightGBM-combined
1718,7.03152,5.784996778679185,1.2465232213208155,LightGBM-combined
832,7.76195,7.498893205895562,0.2630567941044379,LightGBM-combined
241,8.26761,7.457421006761013,0.8101889932389863,LightGBM-combined
2086,6.91721,7.095308815691836,-0.1780988156918361,LightGBM-combined
1509,7.1549,7.723015033084591,-0.5681150330845917,LightGBM-combined
3450,6.77469,7.525272030409435,-0.7505820304094355,LightGBM-combined
1949,6.714205,5.934843176401675,0.7793618235983244,LightGBM-combined
679,8.38722,7.508435068016769,0.8787849319832306,LightGBM-combined
3827,6.86967,6.016751053949125,0.8529189460508748,LightGBM-combined
833,8.10846,7.8425952742845695,0.2658647257154296,LightGBM-combined
71,4.97879,5.598914125852407,-0.6201241258524073,LightGBM-combined
3044,8.60206,9.000173320003094,-0.3981133200030946,LightGBM-combined
4333,5.17914,6.045281641935413,-0.8661416419354131,LightGBM-combined
229,6.33724,6.826862587510417,-0.489622587510417,LightGBM-combined
1164,6.96658,6.550177682798266,0.4164023172017348,LightGBM-combined
1788,7.1549,6.573579405919257,0.5813205940807427,LightGBM-combined
874,6.01773,5.35687156777989,0.6608584322201105,LightGBM-combined
2453,7.04624,6.619451853641692,0.4267881463583078,LightGBM-combined
2224,8.1549,7.152448528714054,1.002451471285946,LightGBM-combined
3185,7.4318,6.607416243326184,0.8243837566738161,LightGBM-combined
4443,7.55596,7.380658539482134,0.1753014605178657,LightGBM-combined
184,7.02687,7.296595667089703,-0.2697256670897037,LightGBM-combined
1431,7.28001,7.469572014115885,-0.1895620141158849,LightGBM-combined
3414,6.8146,7.373749796309332,-0.5591497963093319,LightGBM-combined
567,5.60206,5.984484195201622,-0.3824241952016223,LightGBM-combined
3937,6.56225,6.381434738123144,0.1808152618768552,LightGBM-combined
243,7.08302,7.260450839069921,-0.1774308390699204,LightGBM-combined
1779,6.644945,6.720019597327801,-0.0750745973278013,LightGBM-combined
2564,6.34679,6.2614502453711935,0.0853397546288068,LightGBM-combined
3078,5.61979,5.400159717138823,0.2196302828611767,LightGBM-combined
2813,5.70115,6.531620279293251,-0.8304702792932508,LightGBM-combined
3961,5.1549,6.711537855071933,-1.5566378550719335,LightGBM-combined
487,6.92082,7.588703517766015,-0.6678835177660147,LightGBM-combined
4327,5.439715,6.063967207313478,-0.6242522073134786,LightGBM-combined
4202,5.47301,5.447098777653176,0.0259112223468243,LightGBM-combined
3048,8.88606,8.998319153793894,-0.112259153793893,LightGBM-combined
1262,6.75449,7.899823705027743,-1.1453337050277437,LightGBM-combined
494,7.52288,7.1918500363875,0.3310299636125,LightGBM-combined
3347,5.59007,7.1918500363875,-1.6017800363875,LightGBM-combined
4170,5.85699,6.139173586299188,-0.2821835862991886,LightGBM-combined
4565,6.37675,5.999182524024039,0.3775674759759617,LightGBM-combined
1811,6.56864,6.821236629860565,-0.2525966298605651,LightGBM-combined
3122,8.50004,7.549731787826171,0.9503082121738292,LightGBM-combined
2318,5.98464,6.62788265702867,-0.6432426570286705,LightGBM-combined
1309,5.79317,6.894068463429483,-1.1008984634294832,LightGBM-combined
2222,5.39794,7.394318499628884,-1.996378499628884,LightGBM-combined
2808,6.21467,6.70051466749709,-0.4858446674970897,LightGBM-combined
714,5.0048,6.413693486859415,-1.408893486859415,LightGBM-combined
340,7.0,6.90591836326072,0.09408163673928,LightGBM-combined
3180,6.60206,5.947650524837429,0.6544094751625709,LightGBM-combined
2823,7.69897,6.919934089673634,0.7790359103263658,LightGBM-combined
1357,5.36653,6.005092540617472,-0.638562540617472,LightGBM-combined
578,5.21,5.312690838802967,-0.1026908388029665,LightGBM-combined
563,5.28,5.403428712838121,-0.1234287128381206,LightGBM-combined
4427,5.33913,5.37315067523358,-0.0340206752335801,LightGBM-combined
244,7.79187,6.924471257994159,0.8673987420058413,LightGBM-combined
3300,7.7167,6.973512716855686,0.743187283144314,LightGBM-combined
1719,7.36653,6.973512716855686,0.3930172831443137,LightGBM-combined
2068,6.34361,6.723840300734937,-0.3802303007349374,LightGBM-combined
779,8.48004,7.553610321116449,0.9264296788835518,LightGBM-combined
3447,6.76955,6.432699240676427,0.336850759323573,LightGBM-combined
2047,7.76195,8.330688799195155,-0.5687387991951551,LightGBM-combined
1177,8.65758,8.497747468056344,0.1598325319436551,LightGBM-combined
1632,8.28567,8.033394021696314,0.2522759783036861,LightGBM-combined
3682,5.65758,6.519496091848161,-0.861916091848161,LightGBM-combined
3453,6.5064,7.495949257964565,-0.9895492579645646,LightGBM-combined
2831,5.08725,5.668876237612448,-0.5816262376124479,LightGBM-combined
3732,5.39794,5.90938845515087,-0.5114484551508696,LightGBM-combined
3134,7.5376,7.475812921893218,0.0617870781067821,LightGBM-combined
2811,6.5376,6.578664831965259,-0.0410648319652589,LightGBM-combined
2996,6.20761,6.046467791441675,0.1611422085583251,LightGBM-combined
2418,6.12205,6.11518356140252,0.0068664385974797,LightGBM-combined
2077,6.02826,6.493074807980865,-0.4648148079808649,LightGBM-combined
3559,6.09151,6.038748650346234,0.0527613496537666,LightGBM-combined
154,6.72125,6.579134699989615,0.1421153000103849,LightGBM-combined
4569,7.284,7.294652100193532,-0.010652100193532,LightGBM-combined
3499,7.31966,8.1715859929825,-0.8519259929825003,LightGBM-combined
2153,6.10237,5.972248658423466,0.1301213415765332,LightGBM-combined
4329,5.37479,6.134959862280818,-0.7601698622808177,LightGBM-combined
134,6.14874,6.324890965343361,-0.1761509653433606,LightGBM-combined
3667,7.64397,7.7657021279815,-0.1217321279814998,LightGBM-combined
1818,6.0,6.229227939956593,-0.2292279399565933,LightGBM-combined
56,5.35,5.552565826471688,-0.2025658264716883,LightGBM-combined
4429,5.0,5.813747839879265,-0.813747839879265,LightGBM-combined
3919,7.88606,7.073185145766429,0.8128748542335709,LightGBM-combined
480,7.30103,7.117497379772136,0.1835326202278642,LightGBM-combined
1790,6.02506,6.579048561896541,-0.5539885618965412,LightGBM-combined
1782,7.134205,6.047458735204033,1.0867462647959665,LightGBM-combined
3998,5.38722,6.216035959376005,-0.8288159593760049,LightGBM-combined
928,8.85078,7.093679461572832,1.757100538427168,LightGBM-combined
205,6.081145,5.806104890170858,0.2750401098291419,LightGBM-combined
727,7.13312,6.28232083377219,0.8507991662278096,LightGBM-combined
1881,8.29757,8.829550311126338,-0.5319803111263379,LightGBM-combined
1966,5.20066,5.770292639837522,-0.569632639837522,LightGBM-combined
4362,5.37779,6.15290351690274,-0.7751135169027403,LightGBM-combined
571,7.13077,5.894966432665308,1.235803567334692,LightGBM-combined
3894,5.59482,6.339179049630238,-0.7443590496302379,LightGBM-combined
490,6.18709,6.120130371132079,0.066959628867921,LightGBM-combined
3845,6.64782,5.919719436557061,0.7281005634429389,LightGBM-combined
1294,8.72125,7.726229434423972,0.9950205655760272,LightGBM-combined
943,5.67778,6.386432746167823,-0.7086527461678225,LightGBM-combined
3672,7.09691,6.42864426599262,0.6682657340073801,LightGBM-combined
3671,9.48149,7.962341995592776,1.5191480044072252,LightGBM-combined
3100,8.44249,6.650574918193636,1.791915081806363,LightGBM-combined
1791,5.5391,6.157291079843519,-0.6181910798435188,LightGBM-combined
4434,7.04096,6.798246662737788,0.2427133372622121,LightGBM-combined
589,6.58503,5.819138162643473,0.7658918373565271,LightGBM-combined
1358,5.44855,5.912221989990694,-0.4636719899906936,LightGBM-combined
1275,5.35655,6.513064122880309,-1.156514122880309,LightGBM-combined
1751,6.31069,6.862048049487181,-0.551358049487181,LightGBM-combined
4004,8.0,6.122468594165752,1.8775314058342485,LightGBM-combined
872,8.17718,7.469413324000365,0.7077666759996344,LightGBM-combined
2289,6.56915,6.3953761703438365,0.173773829656163,LightGBM-combined
4249,6.92082,6.488062544857457,0.4327574551425428,LightGBM-combined
1194,9.31876,8.817828270929743,0.5009317290702562,LightGBM-combined
359,7.04576,7.660986226860939,-0.6152262268609396,LightGBM-combined
1185,7.76955,7.804882584425814,-0.0353325844258138,LightGBM-combined
1240,7.88606,6.5423079600541305,1.3437520399458691,LightGBM-combined
366,8.02687,8.140338084460609,-0.1134680844606084,LightGBM-combined
1127,6.8962,6.614729413572976,0.2814705864270239,LightGBM-combined
1965,5.60206,6.43396088493415,-0.83190088493415,LightGBM-combined
237,7.93181,7.439620096686699,0.4921899033133003,LightGBM-combined
1458,6.09691,6.542338855003689,-0.4454288550036889,LightGBM-combined
251,7.09909,7.157723634178549,-0.0586336341785482,LightGBM-combined
3051,5.49485,6.202951064304396,-0.7081010643043966,LightGBM-combined
3841,7.0,5.5624614433922135,1.4375385566077865,LightGBM-combined
3144,6.31876,6.580808847774964,-0.262048847774964,LightGBM-combined
777,8.18,7.616808602421172,0.5631913975788274,LightGBM-combined
772,8.24003,7.770694416388018,0.4693355836119828,LightGBM-combined
1692,5.07,5.603565972901689,-0.5335659729016884,LightGBM-combined
1439,6.30103,7.373606876624455,-1.0725768766244554,LightGBM-combined
146,6.18177,5.987408290936729,0.194361709063271,LightGBM-combined
1402,7.49485,7.181156811127297,0.3136931888727021,LightGBM-combined
462,5.527355,5.7931916677962505,-0.2658366677962505,LightGBM-combined
3928,9.13668,7.506310000180256,1.6303699998197445,LightGBM-combined
4129,6.27474,5.680983696328972,0.5937563036710287,LightGBM-combined
3050,6.10791,6.267044960630192,-0.1591349606301912,LightGBM-combined
165,5.98297,6.532411521164351,-0.5494415211643515,LightGBM-combined
1351,6.30103,6.304764065122466,-0.0037340651224662,LightGBM-combined
1095,7.16749,7.045038865615085,0.1224511343849146,LightGBM-combined
2926,7.35556,6.642624764199671,0.7129352358003285,LightGBM-combined
3858,5.34679,6.35268573493921,-1.0058957349392097,LightGBM-combined
2451,5.89466,5.933503026431467,-0.0388430264314667,LightGBM-combined
1800,7.01323,6.631737367289906,0.3814926327100938,LightGBM-combined
4001,5.82391,5.734383324168787,0.0895266758312125,LightGBM-combined
731,5.49435,6.376794011844102,-0.8824440118441021,LightGBM-combined
1063,6.35655,6.202375621577221,0.1541743784227796,LightGBM-combined
2898,6.96497,7.81530263594617,-0.8503326359461703,LightGBM-combined
1430,7.79997,7.383764046536199,0.4162059534638009,LightGBM-combined
4244,6.71897,5.82025335030328,0.8987166496967198,LightGBM-combined
3340,5.05849,5.779957126127079,-0.7214671261270791,LightGBM-combined
4470,5.23359,6.098630318173543,-0.8650403181735422,LightGBM-combined
4478,6.04576,6.206033704938325,-0.1602737049383256,LightGBM-combined
4475,7.14874,5.847585533150864,1.3011544668491366,LightGBM-combined
3786,6.09745,6.276706134279759,-0.1792561342797585,LightGBM-combined
3505,9.56864,8.305016133450675,1.2636238665493256,LightGBM-combined
3464,7.81816,7.758210548463144,0.0599494515368554,LightGBM-combined
1334,5.88606,6.134758444008051,-0.2486984440080517,LightGBM-combined
1559,7.30103,6.420752538158518,0.8802774618414819,LightGBM-combined
1269,5.04096,6.6771813328755245,-1.6362213328755244,LightGBM-combined
1527,5.00877,5.695913487822471,-0.6871434878224711,LightGBM-combined
741,7.14206,7.368571940242966,-0.2265119402429665,LightGBM-combined
1245,5.39794,6.006644753977022,-0.6087047539770216,LightGBM-combined
4210,5.767,5.987408844799504,-0.2204088447995031,LightGBM-combined
238,7.90658,7.915682920328341,-0.009102920328341,LightGBM-combined
3846,6.08619,5.975258216554035,0.1109317834459648,LightGBM-combined
594,9.52288,8.484751405049225,1.0381285949507753,LightGBM-combined
2135,7.74473,6.303723300888355,1.4410066991116448,LightGBM-combined
717,7.42022,7.07996887544111,0.3402511245588897,LightGBM-combined
1004,6.82391,6.877617782167169,-0.0537077821671694,LightGBM-combined
3669,7.91721,8.220970799863474,-0.3037607998634746,LightGBM-combined
1448,5.04576,6.119080393807263,-1.073320393807263,LightGBM-combined
4264,6.29229,6.217945715460635,0.0743442845393653,LightGBM-combined
2467,7.73755,7.132154028290759,0.6053959717092408,LightGBM-combined
1813,7.52288,7.45105051339648,0.0718294866035194,LightGBM-combined
4563,6.94692,6.374688828842449,0.5722311711575516,LightGBM-combined
4363,7.5376,5.541628329376524,1.9959716706234767,LightGBM-combined
3183,5.02687,5.61781806412224,-0.59094806412224,LightGBM-combined
1188,5.92082,7.1595641885493695,-1.2387441885493695,LightGBM-combined
3668,7.93181,8.292846447693131,-0.3610364476931318,LightGBM-combined
3957,5.31426,6.474790830570957,-1.1605308305709574,LightGBM-combined
4524,7.39794,7.618767457107904,-0.2208274571079043,LightGBM-combined
653,6.12494,6.61517682109594,-0.49023682109594,LightGBM-combined
3728,8.90309,8.282077031847694,0.6210129681523071,LightGBM-combined
4263,6.2583,6.262138326870601,-0.0038383268706008,LightGBM-combined
4158,7.19382,6.803788219690483,0.390031780309517,LightGBM-combined
0,6.12494,6.113743395000045,0.011196604999955,LightGBM-combined
1057,6.60206,6.059538120668919,0.5425218793310806,LightGBM-combined
2221,6.90309,7.642232459162445,-0.7391424591624451,LightGBM-combined
915,5.23657,5.638799261968915,-0.4022292619689143,LightGBM-combined
851,6.54303,6.471933185173199,0.0710968148268005,LightGBM-combined
472,7.65758,7.617920735859346,0.0396592641406545,LightGBM-combined
3383,6.51999,5.568446959488462,0.9515430405115382,LightGBM-combined
1364,6.6103,6.444441081382307,0.1658589186176922,LightGBM-combined
1781,6.90344,6.695343865618673,0.2080961343813268,LightGBM-combined
3916,5.25964,6.89779137997745,-1.63815137997745,LightGBM-combined
1416,8.43997,8.28889966775522,0.1510703322447799,LightGBM-combined
362,6.65758,6.7411723140742,-0.0835923140741998,LightGBM-combined
1467,7.22185,7.003422755261696,0.2184272447383035,LightGBM-combined
1039,6.69897,6.5930000789197685,0.1059699210802316,LightGBM-combined
1454,8.0,7.692054700490395,0.3079452995096048,LightGBM-combined
4347,5.71444,6.044754466391794,-0.330314466391794,LightGBM-combined
1129,6.92082,5.661248554837967,1.2595714451620328,LightGBM-combined
3473,8.7122,8.66929143546449,0.0429085645355087,LightGBM-combined
1797,6.78781,6.740712827766581,0.0470971722334194,LightGBM-combined
566,5.82391,5.92489088007061,-0.10098088007061,LightGBM-combined
3509,5.25337,6.146293804002342,-0.8929238040023417,LightGBM-combined
4353,6.86646,6.215916056370786,0.6505439436292138,LightGBM-combined
2296,6.72946,6.97310215362767,-0.2436421536276691,LightGBM-combined
3790,6.03953,5.975056051382899,0.0644739486171008,LightGBM-combined
2923,7.74473,6.174363369749624,1.5703666302503754,LightGBM-combined
1518,7.54668,7.314333209082064,0.2323467909179362,LightGBM-combined
1330,8.52288,9.12659703946248,-0.6037170394624791,LightGBM-combined
3147,6.284,6.183200216704528,0.1007997832954723,LightGBM-combined
1483,6.95861,6.694762305805766,0.2638476941942338,LightGBM-combined
2136,6.79588,6.257158613751421,0.5387213862485796,LightGBM-combined
4348,5.71444,5.802181547634641,-0.087741547634641,LightGBM-combined
1367,7.0,6.238665467846436,0.7613345321535645,LightGBM-combined
1247,5.0,6.216980886569436,-1.216980886569436,LightGBM-combined
3417,7.96981,7.138167971241225,0.8316420287587745,LightGBM-combined
1191,7.88606,7.245093790941343,0.6409662090586563,LightGBM-combined
2949,8.75007,7.562604195690589,1.1874658043094095,LightGBM-combined
187,5.35655,6.586762739982496,-1.2302127399824956,LightGBM-combined
4152,7.60206,7.204574034845385,0.3974859651546145,LightGBM-combined
1604,7.04818,6.9171918034367526,0.1309881965632477,LightGBM-combined
871,7.70553,8.552189542296427,-0.8466595422964263,LightGBM-combined
2134,6.72816,6.222361346368381,0.5057986536316186,LightGBM-combined
3297,7.08092,5.572856836049573,1.5080631639504265,LightGBM-combined
1315,8.35655,9.113854338316814,-0.7573043383168141,LightGBM-combined
2558,6.01278,5.789633641988861,0.2231463580111388,LightGBM-combined
3962,5.76955,6.776109351833241,-1.006559351833241,LightGBM-combined
4568,7.95468,6.359553497605626,1.5951265023943737,LightGBM-combined
1980,6.09691,5.783827792386238,0.3130822076137622,LightGBM-combined
2812,5.93554,6.349155578400866,-0.4136155784008668,LightGBM-combined
3927,8.87615,7.069149629893213,1.8070003701067885,LightGBM-combined
3099,7.5817,6.04366554729934,1.5380344527006595,LightGBM-combined
4346,5.71444,5.8479914475555335,-0.1335514475555337,LightGBM-combined
2085,7.34679,7.212061624550603,0.1347283754493977,LightGBM-combined
1824,5.30715,5.259765966675201,0.047384033324799,LightGBM-combined
3863,7.52244,5.950605684600079,1.5718343153999204,LightGBM-combined
1328,8.82391,9.092426628068988,-0.268516628068987,LightGBM-combined
3766,7.65365,6.087928374898382,1.5657216251016175,LightGBM-combined
972,7.6038,7.790436219267809,-0.1866362192678092,LightGBM-combined
3483,8.89279,5.890218247230125,3.0025717527698745,LightGBM-combined
3482,8.80967,5.890218247230125,2.919451752769876,LightGBM-combined
3933,6.98297,7.748598018559092,-0.7656280185590925,LightGBM-combined
3837,6.04576,6.194370963617346,-0.1486109636173465,LightGBM-combined
3299,6.1261,6.614846921972378,-0.4887469219723774,LightGBM-combined
1274,6.52288,6.313843887231586,0.2090361127684135,LightGBM-combined
2081,6.92812,6.570074122751343,0.3580458772486565,LightGBM-combined
1365,6.79371,6.291145424627665,0.5025645753723351,LightGBM-combined
891,6.74232,5.898338099342058,0.8439819006579423,LightGBM-combined
1410,5.52288,5.634037165184077,-0.1111571651840774,LightGBM-combined
2951,5.97,7.152787288801254,-1.1827872888012545,LightGBM-combined
1635,6.61979,5.928753706471328,0.691036293528672,LightGBM-combined
79,7.39794,7.311318994010983,0.0866210059890173,LightGBM-combined
2225,7.22915,7.800600671204585,-0.5714506712045848,LightGBM-combined
181,5.48149,7.476544719487833,-1.9950547194878332,LightGBM-combined
1693,5.77,5.624525056628824,0.1454749433711759,LightGBM-combined
1613,8.34775,8.22325894783926,0.1244910521607387,LightGBM-combined
3971,5.49485,5.273124711174527,0.221725288825473,LightGBM-combined
190,5.0,6.217269814631253,-1.217269814631253,LightGBM-combined
3819,5.28233,6.179583453055517,-0.8972534530555167,LightGBM-combined
1453,9.0,7.559656322004852,1.4403436779951475,LightGBM-combined
900,7.44977,7.158159203593419,0.291610796406581,LightGBM-combined
3785,6.00524,5.958123643602982,0.0471163563970176,LightGBM-combined
582,6.48149,5.944038235300938,0.5374517646990622,LightGBM-combined
1746,5.18842,6.116525029046947,-0.9281050290469476,LightGBM-combined
1027,5.22185,6.268703572303379,-1.0468535723033794,LightGBM-combined
773,8.24003,8.070152820048305,0.1698771799516958,LightGBM-combined
1297,8.79588,8.741968780765383,0.0539112192346173,LightGBM-combined
471,7.521435,7.32253299537889,0.19890200462111,LightGBM-combined
505,7.0,7.209291104171888,-0.2092911041718883,LightGBM-combined
3418,8.96658,7.110167318505239,1.8564126814947617,LightGBM-combined
1409,5.0,6.881088237264965,-1.881088237264965,LightGBM-combined
3098,7.51286,5.884432228050161,1.6284277719498386,LightGBM-combined
395,5.47,5.661580939916389,-0.1915809399163892,LightGBM-combined
1859,5.38195,6.258348945242482,-0.8763989452424825,LightGBM-combined
3156,7.2321,7.127887559533832,0.1042124404661679,LightGBM-combined
1341,5.07058,6.112563466679556,-1.0419834666795564,LightGBM-combined
3155,7.62709,7.517228682237526,0.1098613177624736,LightGBM-combined
3120,8.70006,7.890179454939484,0.8098805450605164,LightGBM-combined
4087,9.284,7.469244276425807,1.8147557235741931,LightGBM-combined
3056,6.85387,6.386679866914437,0.4671901330855625,LightGBM-combined
4324,6.30016,6.262083027451152,0.0380769725488479,LightGBM-combined
4330,5.50328,6.299349802924148,-0.7960698029241478,LightGBM-combined
1722,5.17005,5.392506447461468,-0.2224564474614681,LightGBM-combined
3864,5.4828,7.26950116124679,-1.78670116124679,LightGBM-combined
49,7.09691,6.983852620024276,0.1130573799757241,LightGBM-combined
1029,5.30103,5.633043538443997,-0.3320135384439968,LightGBM-combined
1943,5.377875,6.113402891705364,-0.7355278917053631,LightGBM-combined
176,6.48149,6.824009135501108,-0.3425191355011083,LightGBM-combined
123,6.48149,6.824009135501108,-0.3425191355011083,LightGBM-combined
356,6.46852,6.982087534280075,-0.5135675342800754,LightGBM-combined
3298,6.6517,6.674424164802493,-0.0227241648024927,LightGBM-combined
53,5.03152,6.456289894269607,-1.4247698942696063,LightGBM-combined
2358,6.21467,5.847072280634641,0.3675977193653592,LightGBM-combined
3943,6.2636,6.380119590576362,-0.1165195905763614,LightGBM-combined
1540,5.23307,6.205457824838361,-0.9723878248383616,LightGBM-combined
355,6.67778,6.242757305085142,0.4350226949148581,LightGBM-combined
212,6.67801,6.242757305085142,0.4352526949148574,LightGBM-combined
4473,7.63078,6.530852692704332,1.099927307295668,LightGBM-combined
850,6.41623,6.668397552752064,-0.2521675527520646,LightGBM-combined
3500,8.42022,8.292675496384755,0.1275445036152458,LightGBM-combined
3870,5.01323,5.626231735223168,-0.6130017352231683,LightGBM-combined
4245,9.36653,6.88312572393246,2.48340427606754,LightGBM-combined
2393,5.79317,6.286404383672641,-0.4932343836726414,LightGBM-combined
3950,7.04576,6.347684614627495,0.6980753853725048,LightGBM-combined
2223,6.88606,7.586018044756996,-0.6999580447569969,LightGBM-combined
1536,5.64859,6.210280802105671,-0.5616908021056704,LightGBM-combined
3931,7.0,6.539526205656352,0.4604737943436481,LightGBM-combined
3709,5.88406,6.174344679613717,-0.290284679613717,LightGBM-combined
4100,5.34104,5.248366217435124,0.0926737825648755,LightGBM-combined
110,8.34679,7.135945431416979,1.2108445685830214,LightGBM-combined
4514,8.93554,6.353752510099633,2.5817874899003668,LightGBM-combined
1804,7.00877,6.769337761477924,0.2394322385220766,LightGBM-combined
2785,7.15927,6.687597201983773,0.4716727980162272,LightGBM-combined
960,5.22915,5.959337590710187,-0.7301875907101874,LightGBM-combined
249,7.26281,7.105387627480671,0.1574223725193286,LightGBM-combined
1945,6.174285,6.129336944280484,0.0449480557195158,LightGBM-combined
1539,5.1261,7.117967801952776,-1.9918678019527756,LightGBM-combined
3549,6.17393,5.919843796188944,0.254086203811056,LightGBM-combined
3477,8.24872,8.557182081337006,-0.3084620813370051,LightGBM-combined
1010,6.0,7.156651810762176,-1.1566518107621755,LightGBM-combined
2755,7.34998,6.277531930437804,1.0724480695621963,LightGBM-combined
4328,5.09155,6.037392811881184,-0.9458428118811844,LightGBM-combined
1181,6.46852,8.466749573475548,-1.998229573475548,LightGBM-combined
1493,7.60206,6.297577665275432,1.3044823347245682,LightGBM-combined
4084,5.4045,6.369467900332452,-0.9649679003324518,LightGBM-combined
579,6.04576,5.990186308407447,0.0555736915925528,LightGBM-combined
3112,6.70997,6.159430194655054,0.550539805344946,LightGBM-combined
1012,5.6,7.2321641547193245,-1.6321641547193249,LightGBM-combined
1484,6.88606,6.230797586648138,0.6552624133518616,LightGBM-morgan
3113,8.38616,6.351690996947795,2.034469003052205,LightGBM-morgan
45,6.03152,6.859736191909722,-0.8282161919097213,LightGBM-morgan
686,5.96257,7.500794628095352,-1.538224628095351,LightGBM-morgan
2931,5.89963,6.243017569077684,-0.3433875690776835,LightGBM-morgan
4105,6.0655,5.993668513820109,0.0718314861798914,LightGBM-morgan
1778,5.211255,6.8430403412972645,-1.631785341297264,LightGBM-morgan
3362,5.04096,6.311881197756594,-1.2709211977565935,LightGBM-morgan
1447,6.52288,6.188742082493653,0.3341379175063466,LightGBM-morgan
3076,5.18709,6.53183265379199,-1.3447426537919895,LightGBM-morgan
4373,7.4437,6.170506390103641,1.2731936098963583,LightGBM-morgan
1538,5.1607,6.1431309706254495,-0.9824309706254492,LightGBM-morgan
500,6.16115,6.467862226973604,-0.3067122269736035,LightGBM-morgan
892,5.55752,5.9199739428720575,-0.3624539428720572,LightGBM-morgan
2710,6.1549,5.47511664775413,0.6797833522458694,LightGBM-morgan
2955,8.90309,7.447826366665314,1.4552636333346864,LightGBM-morgan
1603,6.92445,7.366281987130636,-0.4418319871306355,LightGBM-morgan
1455,7.69897,6.969766913613389,0.7292030863866108,LightGBM-morgan
252,6.67778,7.599825428571083,-0.9220454285710824,LightGBM-morgan
1936,6.36552,8.40473331824181,-2.03921331824181,LightGBM-morgan
3932,6.28316,7.386323397907112,-1.103163397907112,LightGBM-morgan
3158,9.13668,8.712094102431603,0.4245858975683969,LightGBM-morgan
4119,5.48945,5.994061907094083,-0.5046119070940831,LightGBM-morgan
1156,7.19382,7.328833020536961,-0.1350130205369613,LightGBM-morgan
728,5.99443,6.336760927083175,-0.3423309270831742,LightGBM-morgan
4374,7.173394999999999,6.960793429364718,0.2126015706352815,LightGBM-morgan
3986,7.4437,6.960793429364718,0.482906570635282,LightGBM-morgan
3987,7.49485,6.960793429364718,0.5340565706352818,LightGBM-morgan
2686,5.45967,6.30833619177901,-0.8486661917790101,LightGBM-morgan
1568,5.04576,5.3900637882031015,-0.3443037882031019,LightGBM-morgan
4233,5.94006,5.765617287830599,0.1744427121694007,LightGBM-morgan
3784,6.19382,6.609103326074645,-0.4152833260746451,LightGBM-morgan
1850,5.01323,5.3049673630234775,-0.2917373630234774,LightGBM-morgan
2169,6.04096,5.517936072445506,0.5230239275544939,LightGBM-morgan
663,5.72816,6.697065863247581,-0.9689058632475812,LightGBM-morgan
4484,6.36653,6.642354055956291,-0.2758240559562912,LightGBM-morgan
2817,5.07572,5.879765261554678,-0.8040452615546787,LightGBM-morgan
1189,6.09691,6.931068591171791,-0.834158591171791,LightGBM-morgan
3859,7.45643,6.730590714271112,0.7258392857288882,LightGBM-morgan
747,8.24795,7.606276780225967,0.6416732197740327,LightGBM-morgan
1762,5.13668,5.503357918165258,-0.3666779181652577,LightGBM-morgan
4436,5.31158,6.190409619419043,-0.8788296194190428,LightGBM-morgan
1807,8.3279,7.208972614300796,1.1189273856992037,LightGBM-morgan
1976,8.17393,8.171860696790631,0.0020693032093692,LightGBM-morgan
978,6.17783,7.240798913362424,-1.0629689133624236,LightGBM-morgan
419,5.42022,5.626167385370176,-0.2059473853701767,LightGBM-morgan
1339,5.17393,7.477386794618764,-2.3034567946187634,LightGBM-morgan
3561,5.29243,5.766473561967513,-0.4740435619675125,LightGBM-morgan
1186,5.79588,6.3756407265480215,-0.5797607265480211,LightGBM-morgan
185,6.65758,6.648966634771185,0.0086133652288156,LightGBM-morgan
1333,6.05061,6.1296840951468745,-0.0790740951468746,LightGBM-morgan
3361,5.16749,5.84392753305778,-0.6764375330577801,LightGBM-morgan
3046,8.85387,8.78974887170478,0.0641211282952198,LightGBM-morgan
159,5.0,5.913818189634169,-0.9138181896341688,LightGBM-morgan
3707,8.04576,7.630793592129099,0.4149664078709003,LightGBM-morgan
3489,6.56067,7.226159258260457,-0.6654892582604566,LightGBM-morgan
1451,7.09691,6.969766913613389,0.1271430863866109,LightGBM-morgan
742,6.86967,7.162654976279902,-0.2929849762799019,LightGBM-morgan
1202,8.55284,7.33994856572207,1.21289143427793,LightGBM-morgan
1337,5.5376,5.7344809875548926,-0.1968809875548922,LightGBM-morgan
4250,8.4828,7.385344481214594,1.097455518785405,LightGBM-morgan
2313,9.0655,7.952240888269566,1.113259111730434,LightGBM-morgan
1601,6.18709,5.692230282303009,0.4948597176969915,LightGBM-morgan
4247,7.25964,6.580025663303226,0.6796143366967744,LightGBM-morgan
188,9.08619,7.633224593649599,1.4529654063504012,LightGBM-morgan
412,7.030094999999999,6.793456319075456,0.2366386809245435,LightGBM-morgan
3128,6.4,7.514278353582423,-1.1142783535824226,LightGBM-morgan
140,6.4437,5.693080003979821,0.7506199960201787,LightGBM-morgan
1984,5.17393,5.642903262916835,-0.468973262916835,LightGBM-morgan
1567,5.73283,6.851669426826206,-1.118839426826206,LightGBM-morgan
1848,5.08619,5.268436771253572,-0.1822467712535713,LightGBM-morgan
1939,5.819455,5.88669759703386,-0.0672425970338608,LightGBM-morgan
1875,5.30103,5.671483222549548,-0.370453222549548,LightGBM-morgan
3721,8.76955,6.094447597120634,2.675102402879366,LightGBM-morgan
1947,6.697985,6.088272057265035,0.6097129427349648,LightGBM-morgan
4359,5.12321,6.179749680780748,-1.0565396807807472,LightGBM-morgan
3070,6.14509,6.915587895255445,-0.7704978952554455,LightGBM-morgan
4171,5.70333,6.046984057412641,-0.3436540574126407,LightGBM-morgan
1182,7.88606,7.231933232734093,0.6541267672659066,LightGBM-morgan
2168,5.00087,5.898539488858254,-0.8976694888582539,LightGBM-morgan
191,8.52288,7.147030348539492,1.3758496514605083,LightGBM-morgan
2151,6.16115,6.238998988277655,-0.0778489882776547,LightGBM-morgan
2821,7.52288,7.026283846199839,0.4965961538001604,LightGBM-morgan
3913,6.99482,6.831401187243946,0.1634188127560536,LightGBM-morgan
1442,7.30103,7.097530831449093,0.2034991685509073,LightGBM-morgan
615,6.44,6.3792218522273005,0.0607781477726998,LightGBM-morgan
3344,5.24872,5.566034575134138,-0.3173145751341382,LightGBM-morgan
3724,8.59007,7.624648569048907,0.9654214309510936,LightGBM-morgan
649,8.34679,7.108593300961819,1.2381966990381814,LightGBM-morgan
278,6.69001,6.324168316724946,0.3658416832750539,LightGBM-morgan
282,7.11003,6.802933021081827,0.3070969789181728,LightGBM-morgan
955,6.26761,5.546804594145425,0.7208054058545752,LightGBM-morgan
2727,6.0,5.548824869862999,0.4511751301370008,LightGBM-morgan
1934,7.13966,8.40473331824181,-1.26507331824181,LightGBM-morgan
503,5.88606,6.274799552732528,-0.3887395527325283,LightGBM-morgan
3951,7.0,5.927051766328204,1.072948233671796,LightGBM-morgan
4003,7.5376,6.886921204114891,0.650678795885109,LightGBM-morgan
3708,5.85574,7.358299054267716,-1.5025590542677163,LightGBM-morgan
1784,6.319135,5.907164537092622,0.4119704629073784,LightGBM-morgan
1523,6.50864,8.337250110102445,-1.8286101101024457,LightGBM-morgan
4123,7.95468,7.811952171926935,0.142727828073065,LightGBM-morgan
1982,5.07058,5.769692541111671,-0.6991125411116714,LightGBM-morgan
3818,5.41794,5.804675677615117,-0.3867356776151176,LightGBM-morgan
1817,6.09691,7.146923631886126,-1.0500136318861255,LightGBM-morgan
3924,7.23657,7.232689658612584,0.0038803413874166,LightGBM-morgan
2474,6.15366,6.836831099584778,-0.6831710995847775,LightGBM-morgan
2013,6.48812,6.862062770212671,-0.3739427702126709,LightGBM-morgan
1408,5.4318,7.348261580004033,-1.9164615800040328,LightGBM-morgan
3476,8.35556,7.367812217663777,0.987747782336224,LightGBM-morgan
1548,5.8716,5.9499213487467975,-0.0783213487467975,LightGBM-morgan
1276,7.6073,7.4073048365867455,0.1999951634132548,LightGBM-morgan
4511,8.20066,7.161310859305655,1.0393491406943438,LightGBM-morgan
669,5.46725,7.2488452646831485,-1.7815952646831483,LightGBM-morgan
2469,6.59346,5.95668984935463,0.6367701506453702,LightGBM-morgan
1471,6.25964,6.282748273728339,-0.0231082737283392,LightGBM-morgan
3991,9.30103,6.511836500979338,2.789193499020663,LightGBM-morgan
1964,7.84771,8.07147877741909,-0.2237687774190897,LightGBM-morgan
2048,7.66555,9.283542964831218,-1.6179929648312186,LightGBM-morgan
2088,5.98716,7.087122036687296,-1.0999620366872955,LightGBM-morgan
112,7.49485,7.659137966165272,-0.1642879661652729,LightGBM-morgan
3576,5.63676,5.5167863329140445,0.1199736670859552,LightGBM-morgan
2479,5.22257,5.488426417509987,-0.2658564175099869,LightGBM-morgan
2542,5.0,5.880870502827341,-0.8808705028273414,LightGBM-morgan
2592,5.20691,5.564387689505,-0.357477689505,LightGBM-morgan
1405,6.1549,6.4322300090397695,-0.2773300090397699,LightGBM-morgan
2834,5.86646,5.696263090702585,0.1701969092974149,LightGBM-morgan
3999,5.72125,5.695968442990751,0.025281557009249,LightGBM-morgan
1461,5.00877,6.0138925167547965,-1.0051225167547964,LightGBM-morgan
3069,7.02687,7.084375304086749,-0.0575053040867494,LightGBM-morgan
2709,6.52288,5.685282890826044,0.8375971091739558,LightGBM-morgan
845,5.89,5.999238451202225,-0.1092384512022253,LightGBM-morgan
1946,6.664775,6.2340667560429655,0.4307082439570342,LightGBM-morgan
1715,7.92082,6.436873580224141,1.483946419775859,LightGBM-morgan
3917,6.60206,6.682128524423183,-0.0800685244231829,LightGBM-morgan
2144,6.30715,6.230961782424106,0.0761882175758943,LightGBM-morgan
2319,6.65365,6.242949447999595,0.4107005520004048,LightGBM-morgan
889,6.48545,5.704759351910018,0.7806906480899825,LightGBM-morgan
822,6.84164,6.683316532661237,0.1583234673387625,LightGBM-morgan
2606,5.17457,6.004384406477278,-0.8298144064772774,LightGBM-morgan
1005,6.79588,6.925992552156206,-0.1301125521562056,LightGBM-morgan
3723,8.61979,8.603470427863769,0.016319572136231,LightGBM-morgan
3029,5.86012,6.1101381492391145,-0.2500181492391142,LightGBM-morgan
654,7.26761,6.693935683253904,0.5736743167460965,LightGBM-morgan
1709,5.85,5.536128844914284,0.3138711550857156,LightGBM-morgan
3960,6.72125,6.551653287775377,0.1695967122246235,LightGBM-morgan
23,5.34679,6.5017412439278495,-1.154951243927849,LightGBM-morgan
37,7.39794,6.859736191909722,0.5382038080902785,LightGBM-morgan
4093,5.93554,5.654338321368058,0.281201678631942,LightGBM-morgan
1338,5.38722,6.299677764039131,-0.9124577640391304,LightGBM-morgan
4151,5.05502,6.755492445798762,-1.700472445798762,LightGBM-morgan
4005,6.52288,6.640002463462164,-0.1171224634621639,LightGBM-morgan
561,6.3279,6.179326712076092,0.1485732879239076,LightGBM-morgan
517,5.4023,5.811084104917113,-0.408784104917113,LightGBM-morgan
2702,5.11805,5.562993686055787,-0.4449436860557867,LightGBM-morgan
1168,5.52288,6.034580483825017,-0.5117004838250176,LightGBM-morgan
1414,7.59998,7.459671818447636,0.1403081815523643,LightGBM-morgan
882,9.0,5.736921241777955,3.2630787582220453,LightGBM-morgan
1475,7.61979,6.540996173121396,1.078793826878604,LightGBM-morgan
50,6.42022,6.859736191909722,-0.4395161919097221,LightGBM-morgan
1562,6.56067,6.234107847424921,0.3265621525750788,LightGBM-morgan
2773,6.11976,6.18429477967996,-0.0645347796799598,LightGBM-morgan
4162,5.55596,5.7753039569595,-0.2193439569595003,LightGBM-morgan
2655,5.41794,5.230943719505416,0.1869962804945837,LightGBM-morgan
3474,8.53165,8.792482917083044,-0.260832917083043,LightGBM-morgan
2589,6.14874,5.577225101390752,0.571514898609248,LightGBM-morgan
4570,8.58336,8.354280582461243,0.2290794175387578,LightGBM-morgan
4149,5.75696,5.639423126923464,0.1175368730765367,LightGBM-morgan
2950,8.70006,7.548901939458812,1.1511580605411886,LightGBM-morgan
1107,6.06905,7.402357202594416,-1.3333072025944164,LightGBM-morgan
1130,8.09691,6.918000544804411,1.1789094551955888,LightGBM-morgan
1459,5.25964,5.565943011423953,-0.3063030114239531,LightGBM-morgan
3725,8.6216,8.17285905115925,0.4487409488407508,LightGBM-morgan
2468,8.15989,6.382647996917648,1.7772420030823524,LightGBM-morgan
838,7.37161,6.888496309668077,0.4831136903319235,LightGBM-morgan
568,6.74473,5.769777580194954,0.974952419805046,LightGBM-morgan
502,7.60206,7.330932704822084,0.2711272951779158,LightGBM-morgan
3952,7.82391,6.275222258669051,1.5486877413309488,LightGBM-morgan
873,8.73755,7.669855889746837,1.0676941102531634,LightGBM-morgan
3309,5.65189,6.239509579546273,-0.5876195795462733,LightGBM-morgan
3480,7.30103,6.219319350402707,1.0817106495972926,LightGBM-morgan
3481,7.92082,6.219319350402707,1.7015006495972926,LightGBM-morgan
560,6.21467,6.179326712076092,0.0353432879239079,LightGBM-morgan
55,5.14,5.635235501445918,-0.4952355014459186,LightGBM-morgan
1877,5.04096,6.301880734867314,-1.2609207348673142,LightGBM-morgan
2465,7.05502,6.899679922827431,0.1553400771725686,LightGBM-morgan
1933,6.7167,8.40473331824181,-1.6880333182418097,LightGBM-morgan
1494,6.20901,5.651380039034442,0.5576299609655582,LightGBM-morgan
1874,5.65758,5.456860125030238,0.2007198749697618,LightGBM-morgan
4101,5.44977,5.189502310856817,0.2602676891431832,LightGBM-morgan
1561,6.72125,5.973071749307832,0.7481782506921686,LightGBM-morgan
1983,6.04576,5.890255428777802,0.1555045712221971,LightGBM-morgan
3077,7.85387,6.888735701875144,0.9651342981248554,LightGBM-morgan
3420,9.03152,7.505519027643606,1.5260009723563943,LightGBM-morgan
4562,6.94692,7.187485671307401,-0.2405656713074009,LightGBM-morgan
749,7.76955,7.599779070589782,0.1697709294102178,LightGBM-morgan
839,6.91009,7.807995450938247,-0.8979054509382465,LightGBM-morgan
3816,6.46852,5.799078950730555,0.6694410492694445,LightGBM-morgan
333,7.55284,7.136366179526811,0.4164738204731888,LightGBM-morgan
4057,5.52288,5.865197635340049,-0.3423176353400494,LightGBM-morgan
2991,5.33724,5.572971800130545,-0.2357318001305444,LightGBM-morgan
4561,6.17522,7.332056427912201,-1.156836427912201,LightGBM-morgan
2304,5.16115,5.413582103273973,-0.2524321032739731,LightGBM-morgan
2493,7.52288,6.514254163624339,1.0086258363756606,LightGBM-morgan
1266,7.42022,7.831540194229778,-0.4113201942297788,LightGBM-morgan
352,6.92082,7.121564747328948,-0.2007447473289483,LightGBM-morgan
1745,5.78781,6.59020253132835,-0.8023925313283495,LightGBM-morgan
3471,8.36151,8.792482917083044,-0.430972917083043,LightGBM-morgan
994,7.12494,6.395516790952032,0.729423209047968,LightGBM-morgan
507,6.85699,7.0318693807041095,-0.1748793807041098,LightGBM-morgan
957,8.59007,8.737174366105899,-0.1471043661058981,LightGBM-morgan
1798,6.98716,6.922362223664481,0.0647977763355189,LightGBM-morgan
1525,6.34199,7.221930070202857,-0.8799400702028572,LightGBM-morgan
952,7.14874,6.720224480955552,0.4285155190444483,LightGBM-morgan
1460,5.05552,6.600696415259251,-1.5451764152592515,LightGBM-morgan
39,7.02228,6.450370721018782,0.5719092789812183,LightGBM-morgan
3359,6.08092,6.07282203970045,0.0080979602995494,LightGBM-morgan
3712,8.40894,6.876194828796607,1.5327451712033922,LightGBM-morgan
1799,6.63639,6.897673998806035,-0.2612839988060358,LightGBM-morgan
3124,8.10002,7.617630757677878,0.4823892423221227,LightGBM-morgan
4188,5.71287,5.8577404219303055,-0.1448704219303058,LightGBM-morgan
1876,5.04576,6.237291171154012,-1.1915311711540122,LightGBM-morgan
1335,5.60206,6.2305055977520185,-0.6284455977520187,LightGBM-morgan
3502,8.20551,8.167469765183817,0.038040234816183,LightGBM-morgan
652,7.04576,6.465401421151179,0.5803585788488208,LightGBM-morgan
2314,8.59176,7.59638363682273,0.9953763631772709,LightGBM-morgan
1960,8.63827,6.173002098894291,2.465267901105709,LightGBM-morgan
3897,6.28316,6.16891167360602,0.1142483263939793,LightGBM-morgan
4092,6.26922,5.996970763252225,0.2722492367477747,LightGBM-morgan
3562,5.49485,5.705072660286012,-0.2102226602860124,LightGBM-morgan
1187,7.63827,8.18243517914814,-0.5441651791481394,LightGBM-morgan
1396,8.30103,7.396826746235647,0.9042032537643534,LightGBM-morgan
384,5.0,6.355748007618224,-1.3557480076182244,LightGBM-morgan
1524,6.58838,8.40296087858706,-1.8145808785870596,LightGBM-morgan
3997,5.52288,5.5721787218435095,-0.0492987218435096,LightGBM-morgan
1417,8.01002,7.810853957254447,0.1991660427455537,LightGBM-morgan
2205,6.292,5.460781959820699,0.8312180401793006,LightGBM-morgan
2454,6.40894,6.664894589197829,-0.2559545891978283,LightGBM-morgan
2957,9.36653,8.285755995070733,1.0807740049292658,LightGBM-morgan
1332,6.20761,6.065124192872615,0.1424858071273851,LightGBM-morgan
780,8.47945,7.270626006266792,1.2088239937332084,LightGBM-morgan
1620,7.28651,7.5545680046809,-0.2680580046809,LightGBM-morgan
3842,6.84771,6.14596095820876,0.7017490417912402,LightGBM-morgan
2492,5.29243,5.929954383790453,-0.6375243837904527,LightGBM-morgan
3862,6.30103,6.348378742239574,-0.0473487422395741,LightGBM-morgan
3493,7.95861,8.10287585864052,-0.1442658586405194,LightGBM-morgan
1849,5.17393,6.008764758611194,-0.8348347586111933,LightGBM-morgan
4435,5.51713,7.20165523209133,-1.68452523209133,LightGBM-morgan
250,7.5817,7.345974722463064,0.2357252775369351,LightGBM-morgan
4538,5.23582,5.638672738246969,-0.4028527382469686,LightGBM-morgan
3926,9.284,6.064409357437681,3.21959064256232,LightGBM-morgan
83,6.79588,5.621229606042908,1.1746503939570925,LightGBM-morgan
1744,5.75449,6.251678285213818,-0.4971882852138183,LightGBM-morgan
314,8.4437,8.751694479654985,-0.3079944796549849,LightGBM-morgan
2090,6.56864,6.115790267759124,0.4528497322408764,LightGBM-morgan
2147,5.98422,6.021294811906301,-0.0370748119063018,LightGBM-morgan
1270,5.45593,5.588881912664987,-0.1329519126649865,LightGBM-morgan
3555,5.13668,5.472133867744827,-0.3354538677448264,LightGBM-morgan
3954,7.33724,6.738567361759354,0.5986726382406466,LightGBM-morgan
577,6.5376,5.610321834362782,0.927278165637218,LightGBM-morgan
3486,5.67366,5.16342702749271,0.51023297250729,LightGBM-morgan
2142,6.18111,6.2992283640351845,-0.1181183640351841,LightGBM-morgan
290,5.74,6.540476969970412,-0.8004769699704122,LightGBM-morgan
4291,7.02687,6.690120560939729,0.336749439060271,LightGBM-morgan
3080,5.79588,6.30833619177901,-0.5124561917790098,LightGBM-morgan
732,7.67778,6.859018499994842,0.8187615000051585,LightGBM-morgan
2049,8.16115,9.283542964831218,-1.122392964831219,LightGBM-morgan
1808,7.76955,7.208972614300796,0.5605773856992036,LightGBM-morgan
4323,5.32883,5.692296804287413,-0.3634668042874134,LightGBM-morgan
1546,5.33287,5.5339283675661175,-0.2010583675661177,LightGBM-morgan
3103,8.72125,9.466217283931211,-0.7449672839312118,LightGBM-morgan
2363,7.17393,6.444572093708714,0.7293579062912867,LightGBM-morgan
2217,6.44733,7.1925916939706,-0.7452616939706003,LightGBM-morgan
729,5.87234,6.454378220782436,-0.5820382207824357,LightGBM-morgan
173,6.740745,7.017327362398298,-0.2765823623982975,LightGBM-morgan
4154,5.48149,5.8649521797065365,-0.3834621797065365,LightGBM-morgan
1321,6.74473,7.799333001032724,-1.0546030010327243,LightGBM-morgan
3896,5.19511,6.266723508471879,-1.071613508471879,LightGBM-morgan
42,6.55284,6.371837726880585,0.1810022731194145,LightGBM-morgan
3791,7.16749,6.397147709526889,0.7703422904731108,LightGBM-morgan
3820,5.76955,6.0752206151932056,-0.3056706151932058,LightGBM-morgan
1281,6.9393,7.458402782805231,-0.5191027828052306,LightGBM-morgan
1563,9.62709,6.253922068412919,3.3731679315870817,LightGBM-morgan
3151,9.09691,7.649323136600429,1.44758686339957,LightGBM-morgan
2065,5.07572,5.910427020561318,-0.8347070205613187,LightGBM-morgan
3683,5.06048,5.893310142305886,-0.8328301423058857,LightGBM-morgan
369,5.58503,6.54274465471311,-0.9577146547131106,LightGBM-morgan
3345,6.09151,5.347633413943951,0.7438765860560492,LightGBM-morgan
1292,8.31876,7.284752348612533,1.0340076513874663,LightGBM-morgan
1550,6.39794,5.523538473883467,0.8744015261165332,LightGBM-morgan
3115,5.82391,5.838739360627155,-0.0148293606271554,LightGBM-morgan
2666,7.22185,7.233412566715313,-0.0115625667153134,LightGBM-morgan
2994,5.47991,5.7461988298176525,-0.2662888298176522,LightGBM-morgan
950,6.80134,6.752392044047997,0.0489479559520029,LightGBM-morgan
2450,5.07988,6.079864240642245,-0.9999842406422452,LightGBM-morgan
1783,6.77258,5.907164537092622,0.8654154629073778,LightGBM-morgan
4481,8.33255,6.363792857690717,1.968757142309283,LightGBM-morgan
2767,5.05306,5.947998742632874,-0.8949387426328741,LightGBM-morgan
3125,7.70006,7.617630757677878,0.0824292423221217,LightGBM-morgan
1062,6.56864,6.183026540465494,0.3856134595345066,LightGBM-morgan
4190,5.2204,5.333555139390821,-0.1131551393908214,LightGBM-morgan
1007,6.45593,6.191486467280681,0.2644435327193193,LightGBM-morgan
1944,6.271825,6.302515339576269,-0.0306903395762692,LightGBM-morgan
1462,5.06048,5.586329206384779,-0.5258492063847786,LightGBM-morgan
1445,5.1549,5.761604561355595,-0.6067045613555955,LightGBM-morgan
4274,6.68867,7.123384307754153,-0.4347143077541533,LightGBM-morgan
4527,5.03953,5.938059572139384,-0.8985295721393838,LightGBM-morgan
4133,5.44563,5.804736255346309,-0.3591062553463082,LightGBM-morgan
2046,7.48812,9.388724081098884,-1.900604081098884,LightGBM-morgan
1557,5.02687,4.157044439042208,0.8698255609577918,LightGBM-morgan
199,5.92082,5.991715084323834,-0.0708950843238342,LightGBM-morgan
1397,8.1549,7.396826746235647,0.7580732537643522,LightGBM-morgan
3905,5.47886,5.297000237544312,0.1818597624556881,LightGBM-morgan
1235,6.63827,7.126887719666409,-0.4886177196664087,LightGBM-morgan
668,5.16368,6.90952294784541,-1.7458429478454098,LightGBM-morgan
1400,7.61979,7.032313898109509,0.5874761018904913,LightGBM-morgan
3310,6.13077,6.566130407766074,-0.4353604077660735,LightGBM-morgan
2681,5.3851,5.582726739691995,-0.1976267396919944,LightGBM-morgan
363,6.49485,6.532708630010179,-0.037858630010179,LightGBM-morgan
501,6.56864,6.754298556159139,-0.1856585561591384,LightGBM-morgan
4510,5.38091,5.809704936166646,-0.4287949361666463,LightGBM-morgan
4161,6.49485,6.443902550820168,0.0509474491798318,LightGBM-morgan
148,5.20329,6.083565245912579,-0.8802752459125793,LightGBM-morgan
1937,6.79588,6.499418272897706,0.2964617271022947,LightGBM-morgan
2082,6.65365,7.129684324826744,-0.4760343248267444,LightGBM-morgan
3470,8.26122,8.792515704808727,-0.531295704808727,LightGBM-morgan
1551,6.59176,6.432258542112938,0.1595014578870621,LightGBM-morgan
1564,7.5544,7.951973050143269,-0.3975730501432686,LightGBM-morgan
1118,5.50307,6.678336442954238,-1.1752664429542374,LightGBM-morgan
91,6.95861,6.963597837763882,-0.0049878377638821,LightGBM-morgan
1272,5.67778,6.591939583323809,-0.9141595833238084,LightGBM-morgan
4428,5.18376,5.747770500343384,-0.5640105003433833,LightGBM-morgan
3826,5.8962,5.999012145457915,-0.1028121454579142,LightGBM-morgan
1528,5.0,5.291165849235258,-0.2911658492352575,LightGBM-morgan
969,8.01592,7.820796830734197,0.1951231692658028,LightGBM-morgan
1816,6.85387,7.146923631886126,-0.2930536318861261,LightGBM-morgan
75,6.12494,6.89662201169203,-0.7716820116920307,LightGBM-morgan
2784,6.04769,7.791162081371471,-1.743472081371471,LightGBM-morgan
1517,7.46852,7.578771138242711,-0.1102511382427113,LightGBM-morgan
1802,6.91507,6.7287791643954185,0.1862908356045816,LightGBM-morgan
4547,5.78357,6.036255841629676,-0.2526858416296758,LightGBM-morgan
1449,5.39794,6.969766913613389,-1.571826913613389,LightGBM-morgan
3216,5.00261,6.701132517751274,-1.6985225177512744,LightGBM-morgan
3726,9.38722,8.18591944146375,1.20130055853625,LightGBM-morgan
446,5.43652,5.565297297356578,-0.1287772973565779,LightGBM-morgan
1897,7.75945,8.181718288295386,-0.4222682882953856,LightGBM-morgan
586,5.11,5.679864795456593,-0.569864795456593,LightGBM-morgan
2317,6.58503,6.45099190517672,0.1340380948232802,LightGBM-morgan
2143,6.05849,6.53004786590595,-0.4715578659059503,LightGBM-morgan
2954,9.02228,7.447826366665314,1.574453633334686,LightGBM-morgan
3973,6.12494,5.597603615723515,0.5273363842764844,LightGBM-morgan
613,7.22185,6.076971866667897,1.144878133332103,LightGBM-morgan
2265,5.60206,6.311025771674946,-0.7089657716749462,LightGBM-morgan
1510,7.85387,7.813770471148238,0.040099528851762,LightGBM-morgan
1537,6.1549,5.671133782461066,0.4837662175389337,LightGBM-morgan
4325,6.07988,6.186932171570378,-0.1070521715703778,LightGBM-morgan
4445,8.04001,7.326213082764498,0.713796917235503,LightGBM-morgan
160,5.52288,5.957549950091405,-0.4346699500914051,LightGBM-morgan
1716,7.92082,5.938023032112687,1.982796967887313,LightGBM-morgan
592,5.52288,5.781157751293594,-0.2582777512935941,LightGBM-morgan
4433,6.09583,6.286847228088613,-0.1910172280886124,LightGBM-morgan
3074,6.25259,7.350113345022356,-1.0975233450223565,LightGBM-morgan
4477,5.3279,6.22510342095281,-0.8972034209528106,LightGBM-morgan
1011,6.5,6.282055276934549,0.2179447230654512,LightGBM-morgan
3722,8.73993,7.949947874575793,0.7899821254242063,LightGBM-morgan
648,8.22185,7.727522960527066,0.4943270394729335,LightGBM-morgan
3349,5.88941,7.082749689053762,-1.1933396890537624,LightGBM-morgan
358,7.00436,6.893594292816208,0.1107657071837922,LightGBM-morgan
1847,5.20066,5.42799279988481,-0.2273327998848096,LightGBM-morgan
33,6.1549,6.740856655532388,-0.5859566555323887,LightGBM-morgan
4409,5.42829,5.74158247905528,-0.3132924790552804,LightGBM-morgan
650,6.46852,6.57716895734134,-0.10864895734134,LightGBM-morgan
1280,6.35655,6.9714074473576,-0.6148574473575996,LightGBM-morgan
4386,5.94692,6.515196562317689,-0.5682765623176884,LightGBM-morgan
2754,7.32003,6.543583806354208,0.7764461936457918,LightGBM-morgan
4132,6.27646,5.766999396971615,0.5094606030283853,LightGBM-morgan
3079,5.30103,5.35871753361041,-0.0576875336104096,LightGBM-morgan
2425,6.03152,5.768945648581949,0.2625743514180518,LightGBM-morgan
94,7.55284,8.09792501512702,-0.5450850151270199,LightGBM-morgan
2853,8.5784,7.808068803799766,0.7703311962002344,LightGBM-morgan
2884,8.38828,7.277786115408373,1.1104938845916266,LightGBM-morgan
2540,8.20761,8.163494288524529,0.044115711475472,LightGBM-morgan
1864,6.06048,6.162968768740732,-0.1024887687407316,LightGBM-morgan
2538,7.73993,8.163494288524529,-0.4235642885245285,LightGBM-morgan
2473,5.92996,6.3446022735985945,-0.4146422735985942,LightGBM-morgan
2588,5.31876,5.577225101390752,-0.2584651013907519,LightGBM-morgan
2080,7.24413,7.041830466804308,0.202299533195692,LightGBM-morgan
574,6.67778,6.1461518970162565,0.5316281029837437,LightGBM-morgan
1008,7.30103,6.489835341903207,0.8111946580967926,LightGBM-morgan
2362,5.86328,5.512406459431587,0.3508735405684122,LightGBM-morgan
1041,6.74473,6.220216900223258,0.5245130997767413,LightGBM-morgan
4528,6.4318,6.228457307945472,0.2033426920545276,LightGBM-morgan
929,7.7986,6.87179589802262,0.926804101977381,LightGBM-morgan
1498,7.36653,7.96469708295905,-0.5981670829590504,LightGBM-morgan
4292,6.98716,6.713897718102341,0.2732622818976589,LightGBM-morgan
3503,9.35655,8.325961156692196,1.030588843307804,LightGBM-morgan
3504,9.92082,8.325961156692196,1.5948588433078044,LightGBM-morgan
4343,5.71444,5.737753272314018,-0.0233132723140183,LightGBM-morgan
1114,6.90309,6.95735000845454,-0.0542600084545403,LightGBM-morgan
2855,8.64782,7.849932116613266,0.7978878833867329,LightGBM-morgan
935,7.59007,7.4516213859212925,0.1384486140787073,LightGBM-morgan
4356,5.52143,8.10092479967263,-2.57949479967263,LightGBM-morgan
2287,8.3363,7.670527820551253,0.6657721794487461,LightGBM-morgan
1106,6.94692,7.181627419279523,-0.2347074192795224,LightGBM-morgan
67,7.115494999999999,6.807808345964467,0.3076866540355318,LightGBM-morgan
3346,5.17328,6.795449128369014,-1.6221691283690136,LightGBM-morgan
2731,5.63827,6.036942876496843,-0.3986728764968426,LightGBM-morgan
1320,7.74473,7.907184781045443,-0.1624547810454437,LightGBM-morgan
4088,5.11862,5.198490530345845,-0.0798705303458451,LightGBM-morgan
1652,5.11407,5.696428529054523,-0.582358529054523,LightGBM-morgan
820,6.90309,6.57262852359281,0.3304614764071898,LightGBM-morgan
3953,6.29243,6.209631420648614,0.0827985793513867,LightGBM-morgan
1336,5.58503,6.909976124824922,-1.3249461248249226,LightGBM-morgan
515,5.74958,5.698666819069099,0.0509131809309009,LightGBM-morgan
2677,6.22185,7.876024306004742,-1.6541743060047418,LightGBM-morgan
1516,7.78252,7.578771138242711,0.2037488617572886,LightGBM-morgan
1352,8.1549,6.956521671754562,1.198378328245438,LightGBM-morgan
77,6.40894,7.421670182032567,-1.0127301820325671,LightGBM-morgan
1329,9.1549,9.164593036998651,-0.0096930369986516,LightGBM-morgan
1472,6.14267,6.11882616183583,0.0238438381641694,LightGBM-morgan
1968,7.46852,6.270500625076583,1.1980193749234171,LightGBM-morgan
971,7.30103,7.936369029837211,-0.635339029837211,LightGBM-morgan
856,5.41657,5.718881109883455,-0.3023111098834548,LightGBM-morgan
2809,6.67778,6.640716103954295,0.037063896045705,LightGBM-morgan
351,7.85387,7.947126617650879,-0.0932566176508791,LightGBM-morgan
3874,5.71086,6.348954188240637,-0.638094188240637,LightGBM-morgan
1263,6.58336,7.962104904222446,-1.3787449042224464,LightGBM-morgan
253,7.66154,8.338772284306975,-0.6772322843069754,LightGBM-morgan
3969,6.26761,6.071108012004962,0.1965019879950382,LightGBM-morgan
3904,7.38722,5.521190840108652,1.8660291598913483,LightGBM-morgan
1128,7.00436,6.2267633626585575,0.7775966373414427,LightGBM-morgan
1042,6.05061,5.8485652923932445,0.2020447076067553,LightGBM-morgan
3903,5.40671,5.512205776275618,-0.1054957762756174,LightGBM-morgan
3127,7.0,7.615944855093023,-0.6159448550930229,LightGBM-morgan
4153,8.09691,8.567286355827196,-0.4703763558271969,LightGBM-morgan
4186,5.26841,5.654493633928767,-0.3860836339287665,LightGBM-morgan
966,7.85387,7.820796830734197,0.033073169265803,LightGBM-morgan
2934,5.21396,6.094676934179317,-0.8807169341793166,LightGBM-morgan
944,5.62525,5.7926957279926725,-0.1674457279926722,LightGBM-morgan
1823,5.36552,5.811926095977155,-0.4464060959771547,LightGBM-morgan
4252,6.41417,7.012528176180927,-0.5983581761809269,LightGBM-morgan
2961,5.32606,5.8909960430380295,-0.5649360430380295,LightGBM-morgan
3560,5.88606,5.712967340147443,0.173092659852557,LightGBM-morgan
580,7.55284,6.567402336809789,0.9854376631902104,LightGBM-morgan
4185,6.52288,6.695466959082478,-0.1725869590824782,LightGBM-morgan
3936,9.67985,8.033052995930424,1.646797004069576,LightGBM-morgan
370,7.20761,6.690169671521447,0.5174403284785534,LightGBM-morgan
819,6.87615,6.750855780729759,0.1252942192702413,LightGBM-morgan
1962,8.68613,8.086116904075901,0.6000130959240995,LightGBM-morgan
585,6.30103,6.039064316775734,0.2619656832242656,LightGBM-morgan
1879,5.63451,6.414173598196524,-0.7796635981965245,LightGBM-morgan
27,6.08092,6.447703087114201,-0.366783087114201,LightGBM-morgan
4507,6.26761,5.825165059603198,0.4424449403968022,LightGBM-morgan
1331,6.22915,5.788150132269871,0.4409998677301292,LightGBM-morgan
4208,5.635015,6.925803591285147,-1.2907885912851471,LightGBM-morgan
3947,5.28432,6.016348420085949,-0.7320284200859488,LightGBM-morgan
796,5.50864,6.212736694715264,-0.7040966947152638,LightGBM-morgan
1456,5.22185,5.630392488504329,-0.4085424885043291,LightGBM-morgan
1457,5.69897,5.630392488504329,0.068577511495671,LightGBM-morgan
2424,5.23136,5.947650449038727,-0.716290449038727,LightGBM-morgan
4539,5.09259,5.002097331954968,0.0904926680450319,LightGBM-morgan
194,8.05061,6.404081211871655,1.6465287881283457,LightGBM-morgan
1614,7.0716,7.352979113603611,-0.2813791136036112,LightGBM-morgan
3809,6.05552,5.927719630207419,0.1278003697925802,LightGBM-morgan
3511,5.14267,6.160701227738097,-1.0180312277380974,LightGBM-morgan
4331,5.36292,6.174138881868069,-0.8112188818680695,LightGBM-morgan
3972,5.34199,6.120514189713262,-0.778524189713262,LightGBM-morgan
3877,6.56067,6.5560923284069474,0.0045776715930525,LightGBM-morgan
2992,5.3098,5.321827825651806,-0.0120278256518062,LightGBM-morgan
3311,6.29243,6.209391488068519,0.0830385119314813,LightGBM-morgan
58,5.19,5.575466836928771,-0.3854668369287708,LightGBM-morgan
4229,6.36051,6.454116668649093,-0.0936066686490937,LightGBM-morgan
3510,5.42713,5.836135881649397,-0.4090058816493966,LightGBM-morgan
3572,5.31069,5.386952982186527,-0.0762629821865266,LightGBM-morgan
2150,6.72125,6.238998988277655,0.4822510117223455,LightGBM-morgan
1353,8.09098,6.425473121442444,1.6655068785575562,LightGBM-morgan
662,8.09098,6.720949445108751,1.3700305548912493,LightGBM-morgan
1399,7.79588,7.396826746235647,0.3990532537643529,LightGBM-morgan
1477,7.16749,6.538031919790786,0.629458080209214,LightGBM-morgan
2133,5.61618,5.984818135811899,-0.3686381358118993,LightGBM-morgan
1261,7.08092,7.988377116978792,-0.907457116978792,LightGBM-morgan
3880,6.63827,6.923722558743024,-0.2854525587430236,LightGBM-morgan
1558,5.25181,5.59677600381982,-0.3449660038198203,LightGBM-morgan
3727,9.20066,8.395142246030485,0.8055177539695144,LightGBM-morgan
2591,5.57675,5.7280678992701946,-0.1513178992701949,LightGBM-morgan
3810,5.0,5.899158483677261,-0.8991584836772608,LightGBM-morgan
1296,8.56864,7.84842361117017,0.7202163888298303,LightGBM-morgan
2956,7.27572,7.432575058886994,-0.1568550588869941,LightGBM-morgan
195,6.31876,7.405484476888481,-1.086724476888481,LightGBM-morgan
1446,5.09691,6.168852595179858,-1.0719425951798571,LightGBM-morgan
4273,6.6332,7.087388262529456,-0.4541882625294553,LightGBM-morgan
3508,6.92082,6.488387913128143,0.4324320868718567,LightGBM-morgan
1717,5.78781,5.907538054750586,-0.1197280547505856,LightGBM-morgan
38,7.09691,6.622112019932972,0.4747979800670281,LightGBM-morgan
3876,6.18177,6.856180352310134,-0.6744103523101339,LightGBM-morgan
4512,9.0655,7.466439704519117,1.599060295480883,LightGBM-morgan
4332,5.195735,6.248556500161103,-1.0528215001611023,LightGBM-morgan
1466,7.12494,6.299355620226385,0.8255843797736144,LightGBM-morgan
3149,7.42022,7.628717118579583,-0.2084971185795829,LightGBM-morgan
453,5.89963,6.311473828078233,-0.4118438280782328,LightGBM-morgan
1501,7.69897,7.930045902550992,-0.2310759025509918,LightGBM-morgan
3466,6.80883,7.561550134387376,-0.752720134387376,LightGBM-morgan
719,6.21467,6.562082300920737,-0.3474123009207375,LightGBM-morgan
718,5.61618,6.562082300920737,-0.9459023009207376,LightGBM-morgan
603,6.08092,6.562082300920737,-0.4811623009207375,LightGBM-morgan
4078,7.95861,6.684717405301823,1.273892594698177,LightGBM-morgan
1940,6.647905,6.031531167793585,0.6163738322064152,LightGBM-morgan
1324,7.33724,7.799333001032724,-0.4620930010327235,LightGBM-morgan
4294,7.02687,7.540373075619495,-0.5135030756194956,LightGBM-morgan
3455,6.40494,7.401278440769262,-0.9963384407692616,LightGBM-morgan
4513,7.29158,8.478525491149794,-1.1869454911497943,LightGBM-morgan
4157,7.046835,7.35627670211812,-0.3094417021181206,LightGBM-morgan
1810,6.92082,7.208972614300796,-0.2881526143007962,LightGBM-morgan
3768,7.70553,6.07592367286794,1.62960632713206,LightGBM-morgan
3209,6.39794,5.915319324330609,0.4826206756693914,LightGBM-morgan
2137,6.5867,6.027558389121238,0.5591416108787621,LightGBM-morgan
3575,5.38902,5.158936027157344,0.2300839728426567,LightGBM-morgan
1814,7.69897,7.146923631886126,0.5520463681138743,LightGBM-morgan
2320,6.93181,6.699282088050105,0.2325279119498944,LightGBM-morgan
4476,5.34679,6.406924724234829,-1.0601347242348282,LightGBM-morgan
2806,6.0348,7.044322247628166,-1.0095222476281664,LightGBM-morgan
1977,5.08619,5.724124969416966,-0.6379349694169658,LightGBM-morgan
19,5.42022,6.77779735010981,-1.3575773501098105,LightGBM-morgan
2604,7.43063,5.825133459634683,1.6054965403653163,LightGBM-morgan
3478,8.97469,8.397801681411302,0.5768883185886988,LightGBM-morgan
683,7.41567,7.769743188680496,-0.3540731886804957,LightGBM-morgan
4002,5.46852,5.902754824731565,-0.4342348247315648,LightGBM-morgan
2167,5.82391,6.281692772716549,-0.4577827727165493,LightGBM-morgan
3840,5.24336,6.042134105347358,-0.7987741053473583,LightGBM-morgan
745,8.29414,6.443059647800459,1.8510803521995407,LightGBM-morgan
581,5.21,5.318251688176322,-0.1082516881763222,LightGBM-morgan
2015,6.81531,6.862062770212671,-0.0467527702126711,LightGBM-morgan
769,5.97,6.872393996481501,-0.9023939964815008,LightGBM-morgan
1583,6.64397,5.57738384937477,1.0665861506252303,LightGBM-morgan
1584,7.14874,5.485570463110963,1.6631695368890371,LightGBM-morgan
2952,5.4828,6.482439907151185,-0.9996399071511846,LightGBM-morgan
3355,5.5784,5.373919695660225,0.2044803043397749,LightGBM-morgan
203,8.07572,7.04164700260829,1.0340729973917109,LightGBM-morgan
3535,6.49485,6.444169066730728,0.0506809332692714,LightGBM-morgan
853,6.63676,7.044349077716101,-0.4075890777161008,LightGBM-morgan
774,6.77001,6.684234556439398,0.0857754435606024,LightGBM-morgan
771,6.91999,6.799964183224755,0.1200258167752457,LightGBM-morgan
2782,5.03306,7.651252962214848,-2.618192962214848,LightGBM-morgan
1736,5.23582,5.302006348064741,-0.0661863480647406,LightGBM-morgan
2170,5.77211,5.751562012264437,0.0205479877355623,LightGBM-morgan
1967,7.25964,6.231821616376885,1.0278183836231154,LightGBM-morgan
3137,6.34294,6.982510630692841,-0.639570630692841,LightGBM-morgan
3843,6.66555,6.2692600236535645,0.3962899763464351,LightGBM-morgan
43,5.82391,6.442827786705641,-0.6189177867056417,LightGBM-morgan
3494,8.10292,8.10287585864052,4.414135947961029e-05,LightGBM-morgan
4104,5.14388,5.160989353482222,-0.0171093534822217,LightGBM-morgan
933,5.26201,7.438034395784508,-2.176024395784508,LightGBM-morgan
934,5.38091,7.438034395784508,-2.057124395784508,LightGBM-morgan
1468,6.20761,6.146756134934867,0.0608538650651331,LightGBM-morgan
651,6.72125,6.321502809727466,0.3997471902725342,LightGBM-morgan
2303,5.29243,5.722928510554373,-0.4304985105543721,LightGBM-morgan
4080,6.97964,6.815594075138829,0.1640459248611705,LightGBM-morgan
239,7.56225,7.345974722463064,0.2162752775369352,LightGBM-morgan
685,7.48545,7.769743188680496,-0.284293188680496,LightGBM-morgan
4074,5.11862,5.990517438960677,-0.8718974389606773,LightGBM-morgan
2741,6.05061,6.540301314004005,-0.4896913140040055,LightGBM-morgan
2771,6.18842,6.231322196070256,-0.0429021960702558,LightGBM-morgan
1443,7.0,7.097530831449093,-0.0975308314490925,LightGBM-morgan
712,5.25885,7.373114088848849,-2.114264088848849,LightGBM-morgan
678,8.52288,7.189394209207032,1.3334857907929685,LightGBM-morgan
775,7.19997,6.859837596062611,0.3401324039373898,LightGBM-morgan
1265,8.05552,7.831540194229778,0.2239798057702211,LightGBM-morgan
3304,7.55284,5.927956688534508,1.624883311465492,LightGBM-morgan
923,9.17393,9.018678805222388,0.1552511947776125,LightGBM-morgan
3350,7.35952,8.143217042634507,-0.7836970426345076,LightGBM-morgan
1637,5.825555,6.020728001464068,-0.1951730014640684,LightGBM-morgan
3089,5.97881,5.285492637078776,0.6933173629212241,LightGBM-morgan
3104,8.28819,9.5813596084385,-1.2931696084384985,LightGBM-morgan
310,9.24413,8.90431868695718,0.3398113130428193,LightGBM-morgan
2301,5.52288,6.92517969803093,-1.40229969803093,LightGBM-morgan
1026,5.52288,6.92517969803093,-1.40229969803093,LightGBM-morgan
2079,7.16115,6.906737140782636,0.2544128592173642,LightGBM-morgan
1605,6.85699,7.503726627651731,-0.6467366276517312,LightGBM-morgan
3415,7.00745,7.544664006203226,-0.537214006203226,LightGBM-morgan
583,5.88606,6.179326712076092,-0.2932667120760923,LightGBM-morgan
4474,5.06098,6.257990938538429,-1.1970109385384289,LightGBM-morgan
228,5.20066,5.977227566057493,-0.7765675660574933,LightGBM-morgan
1441,7.39794,7.097530831449093,0.3004091685509076,LightGBM-morgan
2605,5.22185,5.649065475447386,-0.4272154754473858,LightGBM-morgan
1718,7.03152,6.008899588075429,1.0226204119245716,LightGBM-morgan
832,7.76195,7.691538633665387,0.0704113663346124,LightGBM-morgan
241,8.26761,7.521447275895724,0.7461627241042752,LightGBM-morgan
2086,6.91721,6.932003869072703,-0.0147938690727027,LightGBM-morgan
1509,7.1549,7.82104984976861,-0.6661498497686109,LightGBM-morgan
3450,6.77469,7.082235115208001,-0.3075451152080015,LightGBM-morgan
1949,6.714205,6.318845354853154,0.3953596451468462,LightGBM-morgan
679,8.38722,7.422009617765962,0.9652103822340372,LightGBM-morgan
3827,6.86967,5.844071992975158,1.0255980070248425,LightGBM-morgan
833,8.10846,7.798553384429139,0.3099066155708598,LightGBM-morgan
71,4.97879,5.681059475262479,-0.7022694752624785,LightGBM-morgan
3044,8.60206,9.24931807058084,-0.6472580705808415,LightGBM-morgan
4333,5.17914,6.2717671165704045,-1.0926271165704042,LightGBM-morgan
229,6.33724,6.964156281506429,-0.6269162815064284,LightGBM-morgan
1164,6.96658,6.401662568731396,0.5649174312686043,LightGBM-morgan
1788,7.1549,6.628652040634772,0.5262479593652278,LightGBM-morgan
874,6.01773,5.444501340077316,0.5732286599226839,LightGBM-morgan
2453,7.04624,6.756574522218281,0.2896654777817193,LightGBM-morgan
2224,8.1549,6.822862131325577,1.3320378686744228,LightGBM-morgan
3185,7.4318,6.988704035095728,0.4430959649042716,LightGBM-morgan
4443,7.55596,7.249081981610587,0.3068780183894128,LightGBM-morgan
184,7.02687,6.87162036387554,0.1552496361244602,LightGBM-morgan
1431,7.28001,7.453058995396932,-0.1730489953969325,LightGBM-morgan
3414,6.8146,7.533263683637789,-0.7186636836377884,LightGBM-morgan
567,5.60206,5.861835628588457,-0.2597756285884571,LightGBM-morgan
3937,6.56225,6.272281905331555,0.2899680946684446,LightGBM-morgan
243,7.08302,7.4539374887994,-0.3709174887993995,LightGBM-morgan
1779,6.644945,7.287802182497876,-0.6428571824978757,LightGBM-morgan
2564,6.34679,6.436877080142984,-0.0900870801429833,LightGBM-morgan
3078,5.61979,5.038771140505029,0.5810188594949715,LightGBM-morgan
2813,5.70115,6.807032606612865,-1.105882606612865,LightGBM-morgan
3961,5.1549,6.888495461878874,-1.733595461878874,LightGBM-morgan
487,6.92082,7.363041986613481,-0.4422219866134806,LightGBM-morgan
4327,5.439715,6.134722222793569,-0.6950072227935697,LightGBM-morgan
4202,5.47301,5.736166814261174,-0.2631568142611735,LightGBM-morgan
3048,8.88606,8.883035933776204,0.0030240662237961,LightGBM-morgan
1262,6.75449,7.988377116978792,-1.2338871169787922,LightGBM-morgan
494,7.52288,6.714145176872286,0.8087348231277138,LightGBM-morgan
3347,5.59007,6.714145176872286,-1.124075176872286,LightGBM-morgan
4170,5.85699,5.925923894414807,-0.0689338944148074,LightGBM-morgan
4565,6.37675,6.252046451137124,0.1247035488628762,LightGBM-morgan
1811,6.56864,7.208972614300796,-0.6403326143007959,LightGBM-morgan
3122,8.50004,7.629456705647218,0.870583294352782,LightGBM-morgan
2318,5.98464,6.456374054524148,-0.4717340545241484,LightGBM-morgan
1309,5.79317,7.143338832715997,-1.3501688327159966,LightGBM-morgan
2222,5.39794,6.750994763599628,-1.3530547635996273,LightGBM-morgan
2808,6.21467,6.640716103954295,-0.4260461039542953,LightGBM-morgan
714,5.0048,6.8540834802001225,-1.849283480200122,LightGBM-morgan
340,7.0,6.800240890280509,0.1997591097194906,LightGBM-morgan
3180,6.60206,5.345094078753754,1.2569659212462456,LightGBM-morgan
2823,7.69897,7.259533578717295,0.4394364212827053,LightGBM-morgan
1357,5.36653,6.147942559811927,-0.781412559811927,LightGBM-morgan
578,5.21,5.179890054337778,0.0301099456622218,LightGBM-morgan
563,5.28,5.050032402843906,0.2299675971560946,LightGBM-morgan
4427,5.33913,5.582464116320376,-0.2433341163203763,LightGBM-morgan
244,7.79187,7.345974722463064,0.4458952775369358,LightGBM-morgan
3300,7.7167,6.671516010366914,1.0451839896330863,LightGBM-morgan
1719,7.36653,6.671516010366914,0.695013989633086,LightGBM-morgan
2068,6.34361,6.571995028072578,-0.2283850280725783,LightGBM-morgan
779,8.48004,7.375864478491789,1.1041755215082114,LightGBM-morgan
3447,6.76955,6.409219239584506,0.3603307604154935,LightGBM-morgan
2047,7.76195,9.388724081098884,-1.6267740810988842,LightGBM-morgan
1177,8.65758,8.068577673787102,0.5890023262128974,LightGBM-morgan
1632,8.28567,8.156121926463634,0.1295480735363661,LightGBM-morgan
3682,5.65758,6.507029742492078,-0.8494497424920775,LightGBM-morgan
3453,6.5064,7.3056804847132595,-0.7992804847132593,LightGBM-morgan
2831,5.08725,5.707063421510545,-0.6198134215105453,LightGBM-morgan
3732,5.39794,6.527315406545215,-1.1293754065452148,LightGBM-morgan
3134,7.5376,8.016119741028746,-0.4785197410287454,LightGBM-morgan
2811,6.5376,6.466350063269831,0.0712499367301688,LightGBM-morgan
2996,6.20761,6.147481384312359,0.060128615687641,LightGBM-morgan
2418,6.12205,6.608199615338014,-0.4861496153380145,LightGBM-morgan
2077,6.02826,6.6788801560919415,-0.6506201560919411,LightGBM-morgan
3559,6.09151,5.796725611205451,0.2947843887945494,LightGBM-morgan
154,6.72125,6.74668522964461,-0.0254352296446098,LightGBM-morgan
4569,7.284,7.2199271274135315,0.0640728725864683,LightGBM-morgan
3499,7.31966,8.1470555636105,-0.8273955636105006,LightGBM-morgan
2153,6.10237,5.989619586630927,0.1127504133690724,LightGBM-morgan
4329,5.37479,6.264065975435641,-0.8892759754356412,LightGBM-morgan
134,6.14874,6.256706072782165,-0.1079660727821645,LightGBM-morgan
3667,7.64397,7.824093909981468,-0.180123909981468,LightGBM-morgan
1818,6.0,6.542776975224614,-0.5427769752246139,LightGBM-morgan
56,5.35,5.575466836928771,-0.2254668369287715,LightGBM-morgan
4429,5.0,5.33973422910789,-0.33973422910789,LightGBM-morgan
3919,7.88606,7.05848489932834,0.8275751006716598,LightGBM-morgan
480,7.30103,7.23165895841712,0.0693710415828796,LightGBM-morgan
1790,6.02506,5.77045333032279,0.2546066696772096,LightGBM-morgan
1782,7.134205,5.907164537092622,1.227040462907378,LightGBM-morgan
3998,5.38722,6.30716760527817,-0.9199476052781704,LightGBM-morgan
928,8.85078,7.232655989578323,1.6181240104216776,LightGBM-morgan
205,6.081145,6.273806475991201,-0.1926614759912004,LightGBM-morgan
727,7.13312,6.605155810380719,0.527964189619281,LightGBM-morgan
1881,8.29757,7.31438064338796,0.9831893566120408,LightGBM-morgan
1966,5.20066,5.828758926647697,-0.6280989266476968,LightGBM-morgan
4362,5.37779,5.733830658560888,-0.3560406585608877,LightGBM-morgan
571,7.13077,6.103687731506855,1.027082268493145,LightGBM-morgan
3894,5.59482,6.505116163109128,-0.9102961631091278,LightGBM-morgan
490,6.18709,6.281544408113779,-0.0944544081137781,LightGBM-morgan
3845,6.64782,6.241833440847319,0.405986559152681,LightGBM-morgan
1294,8.72125,7.284752348612533,1.4364976513874668,LightGBM-morgan
943,5.67778,6.1517828606467,-0.4740028606467001,LightGBM-morgan
3672,7.09691,6.913416344875782,0.1834936551242183,LightGBM-morgan
3671,9.48149,7.111651148622807,2.369838851377194,LightGBM-morgan
3100,8.44249,6.170063060740475,2.2724269392595247,LightGBM-morgan
1791,5.5391,6.467375874646756,-0.9282758746467552,LightGBM-morgan
4434,7.04096,6.311200191230292,0.7297598087697086,LightGBM-morgan
589,6.58503,5.761254919897546,0.8237750801024539,LightGBM-morgan
1358,5.44855,5.9697667344780925,-0.5212167344780925,LightGBM-morgan
1275,5.35655,6.301450169235808,-0.9449001692358072,LightGBM-morgan
1751,6.31069,6.864477148915297,-0.5537871489152968,LightGBM-morgan
4004,8.0,7.121115374552571,0.8788846254474292,LightGBM-morgan
872,8.17718,7.111385197499319,1.0657948025006805,LightGBM-morgan
2289,6.56915,7.595361962156364,-1.0262119621563643,LightGBM-morgan
4249,6.92082,6.811828280008613,0.108991719991387,LightGBM-morgan
1194,9.31876,8.827452760977193,0.4913072390228059,LightGBM-morgan
359,7.04576,7.484241137119192,-0.4384811371191928,LightGBM-morgan
1185,7.76955,8.027830093449783,-0.2582800934497831,LightGBM-morgan
1240,7.88606,6.838418364723134,1.0476416352768654,LightGBM-morgan
366,8.02687,8.864192393489883,-0.8373223934898828,LightGBM-morgan
1127,6.8962,6.611884227412475,0.2843157725875249,LightGBM-morgan
1965,5.60206,5.973891881074452,-0.3718318810744518,LightGBM-morgan
237,7.93181,8.338772284306975,-0.4069622843069753,LightGBM-morgan
1458,6.09691,5.552084740699393,0.5448252593006071,LightGBM-morgan
251,7.09909,7.4484809663266995,-0.3493909663266992,LightGBM-morgan
3051,5.49485,6.305020752333877,-0.8101707523338773,LightGBM-morgan
3841,7.0,5.3122247516872365,1.6877752483127637,LightGBM-morgan
3144,6.31876,6.608276316672757,-0.2895163166727572,LightGBM-morgan
777,8.18,7.640369654248528,0.5396303457514717,LightGBM-morgan
772,8.24003,7.912078349176611,0.3279516508233895,LightGBM-morgan
1692,5.07,5.569491137263805,-0.4994911372638047,LightGBM-morgan
1439,6.30103,7.097530831449093,-0.7965008314490927,LightGBM-morgan
146,6.18177,5.612166251325103,0.569603748674897,LightGBM-morgan
1402,7.49485,7.396826746235647,0.0980232537643521,LightGBM-morgan
462,5.527355,5.823323049924762,-0.2959680499247623,LightGBM-morgan
3928,9.13668,8.0732334545923,1.0634465454077002,LightGBM-morgan
4129,6.27474,5.7499275232493146,0.5248124767506859,LightGBM-morgan
3050,6.10791,6.484939738031506,-0.3770297380315055,LightGBM-morgan
165,5.98297,6.764833292539587,-0.7818632925395868,LightGBM-morgan
1351,6.30103,6.873255320704816,-0.572225320704816,LightGBM-morgan
1095,7.16749,7.392395067665486,-0.2249050676654862,LightGBM-morgan
2926,7.35556,6.6433195128306055,0.7122404871693941,LightGBM-morgan
3858,5.34679,6.1467739909824815,-0.7999839909824811,LightGBM-morgan
2451,5.89466,5.892789773880397,0.0018702261196033,LightGBM-morgan
1800,7.01323,7.054490687577456,-0.0412606875774557,LightGBM-morgan
4001,5.82391,6.1627787459851255,-0.3388687459851258,LightGBM-morgan
731,5.49435,6.976471740969045,-1.4821217409690457,LightGBM-morgan
1063,6.35655,6.293800979665519,0.0627490203344818,LightGBM-morgan
2898,6.96497,7.6216042306301075,-0.6566342306301074,LightGBM-morgan
1430,7.79997,7.333186072058663,0.4667839279413375,LightGBM-morgan
4244,6.71897,6.266768939170022,0.452201060829978,LightGBM-morgan
3340,5.05849,5.825286739882133,-0.7667967398821327,LightGBM-morgan
4470,5.23359,5.579945370512168,-0.3463553705121676,LightGBM-morgan
4478,6.04576,6.068911561071636,-0.0231515610716366,LightGBM-morgan
4475,7.14874,5.774103744000027,1.374636255999973,LightGBM-morgan
3786,6.09745,6.348328012276216,-0.2508780122762157,LightGBM-morgan
3505,9.56864,8.325961156692196,1.2426788433078038,LightGBM-morgan
3464,7.81816,8.134740313528727,-0.3165803135287275,LightGBM-morgan
1334,5.88606,6.095697236985063,-0.2096372369850634,LightGBM-morgan
1559,7.30103,6.39504334648852,0.90598665351148,LightGBM-morgan
1269,5.04096,6.2788782470472535,-1.2379182470472534,LightGBM-morgan
1527,5.00877,5.955212076842777,-0.9464420768427768,LightGBM-morgan
741,7.14206,7.208913908346396,-0.0668539083463963,LightGBM-morgan
1245,5.39794,6.115070799583589,-0.7171307995835887,LightGBM-morgan
4210,5.767,5.970900718504838,-0.2039007185048378,LightGBM-morgan
238,7.90658,8.10196088873357,-0.1953808887335704,LightGBM-morgan
3846,6.08619,6.241833440847319,-0.155643440847319,LightGBM-morgan
594,9.52288,7.350313109685182,2.172566890314819,LightGBM-morgan
2135,7.74473,6.822107135143236,0.9226228648567636,LightGBM-morgan
717,7.42022,6.931350470006534,0.4888695299934653,LightGBM-morgan
1004,6.82391,7.135146630479412,-0.3112366304794127,LightGBM-morgan
3669,7.91721,7.824093909981468,0.0931160900185315,LightGBM-morgan
1448,5.04576,6.792430425547518,-1.746670425547518,LightGBM-morgan
4264,6.29229,6.47758073185578,-0.1852907318557797,LightGBM-morgan
2467,7.73755,6.881530681990967,0.8560193180090332,LightGBM-morgan
1813,7.52288,7.146923631886126,0.375956368113874,LightGBM-morgan
4563,6.94692,7.373233345763658,-0.4263133457636572,LightGBM-morgan
4363,7.5376,5.972284851684303,1.5653151483156975,LightGBM-morgan
3183,5.02687,5.595144175749467,-0.5682741757494671,LightGBM-morgan
1188,5.92082,7.135208767485852,-1.2143887674858522,LightGBM-morgan
3668,7.93181,7.824093909981468,0.1077160900185312,LightGBM-morgan
3957,5.31426,5.856842378571608,-0.5425823785716082,LightGBM-morgan
4524,7.39794,6.964687528705891,0.433252471294109,LightGBM-morgan
653,6.12494,6.3125725896457405,-0.1876325896457409,LightGBM-morgan
3728,8.90309,8.156730944367554,0.7463590556324462,LightGBM-morgan
4263,6.2583,6.46498816722512,-0.2066881672251197,LightGBM-morgan
4158,7.19382,7.762102712656214,-0.568282712656214,LightGBM-morgan
0,6.12494,5.94370692645349,0.1812330735465099,LightGBM-morgan
1057,6.60206,5.967621014682212,0.6344389853177876,LightGBM-morgan
2221,6.90309,7.1925916939706,-0.2895016939706005,LightGBM-morgan
915,5.23657,5.754290781569342,-0.5177207815693414,LightGBM-morgan
851,6.54303,6.6657531322884775,-0.1227231322884776,LightGBM-morgan
472,7.65758,6.937810031327278,0.7197699686727219,LightGBM-morgan
3383,6.51999,5.6011188282193,0.9188711717807,LightGBM-morgan
1364,6.6103,6.249794125401671,0.3605058745983287,LightGBM-morgan
1781,6.90344,7.287802182497876,-0.3843621824978758,LightGBM-morgan
3916,5.25964,7.775833735878907,-2.5161937358789066,LightGBM-morgan
1416,8.43997,8.126180528769158,0.3137894712308426,LightGBM-morgan
362,6.65758,6.272589004322334,0.3849909956776667,LightGBM-morgan
1467,7.22185,6.345948573983946,0.8759014260160543,LightGBM-morgan
1039,6.69897,6.232531213487806,0.4664387865121941,LightGBM-morgan
1454,8.0,6.969766913613389,1.0302330863866107,LightGBM-morgan
4347,5.71444,6.007253380011442,-0.2928133800114425,LightGBM-morgan
1129,6.92082,6.04757443308333,0.8732455669166699,LightGBM-morgan
3473,8.7122,8.792482917083044,-0.0802829170830445,LightGBM-morgan
1797,6.78781,7.196296794348776,-0.4084867943487751,LightGBM-morgan
566,5.82391,5.784515050518433,0.0393949494815668,LightGBM-morgan
3509,5.25337,5.897536783330898,-0.6441667833308973,LightGBM-morgan
4353,6.86646,6.266013413905202,0.6004465860947983,LightGBM-morgan
2296,6.72946,7.670527820551253,-0.941067820551253,LightGBM-morgan
3790,6.03953,6.33277485632444,-0.2932448563244394,LightGBM-morgan
2923,7.74473,6.247549008276992,1.497180991723008,LightGBM-morgan
1518,7.54668,7.578771138242711,-0.0320911382427109,LightGBM-morgan
1330,8.52288,9.164593036998651,-0.6417130369986506,LightGBM-morgan
3147,6.284,5.71073132331438,0.5732686766856201,LightGBM-morgan
1483,6.95861,6.519925444501387,0.4386845554986136,LightGBM-morgan
2136,6.79588,6.383793354867022,0.4120866451329785,LightGBM-morgan
4348,5.71444,5.916522908999428,-0.2020829089994285,LightGBM-morgan
1367,7.0,6.635088842793065,0.3649111572069348,LightGBM-morgan
1247,5.0,6.553253333696625,-1.5532533336966248,LightGBM-morgan
3417,7.96981,7.555401904760266,0.4144080952397342,LightGBM-morgan
1191,7.88606,6.927271528214493,0.9587884717855067,LightGBM-morgan
2949,8.75007,7.548901939458812,1.2011680605411872,LightGBM-morgan
187,5.35655,6.7012072919634695,-1.3446572919634692,LightGBM-morgan
4152,7.60206,7.402525644749749,0.1995343552502504,LightGBM-morgan
1604,7.04818,7.110613837867444,-0.0624338378674433,LightGBM-morgan
871,7.70553,7.120048753938306,0.5854812460616943,LightGBM-morgan
2134,6.72816,6.409000613020261,0.3191593869797389,LightGBM-morgan
3297,7.08092,5.397149208252666,1.6837707917473337,LightGBM-morgan
1315,8.35655,9.220596283065444,-0.864046283065445,LightGBM-morgan
2558,6.01278,5.782605315777516,0.2301746842224838,LightGBM-morgan
3962,5.76955,6.988184839341763,-1.218634839341763,LightGBM-morgan
4568,7.95468,6.374866955575244,1.579813044424756,LightGBM-morgan
1980,6.09691,5.818040561365191,0.2788694386348096,LightGBM-morgan
2812,5.93554,6.216934138980351,-0.2813941389803513,LightGBM-morgan
3927,8.87615,7.029879043558237,1.846270956441764,LightGBM-morgan
3099,7.5817,6.36716895563914,1.21453104436086,LightGBM-morgan
4346,5.71444,5.563453810496069,0.1509861895039304,LightGBM-morgan
2085,7.34679,7.0550631602552905,0.2917268397447099,LightGBM-morgan
1824,5.30715,5.008329092172317,0.2988209078276833,LightGBM-morgan
3863,7.52244,5.938093262445247,1.5843467375547524,LightGBM-morgan
1328,8.82391,9.164593036998651,-0.3406830369986515,LightGBM-morgan
3766,7.65365,6.624429050806952,1.0292209491930482,LightGBM-morgan
972,7.6038,7.936369029837211,-0.3325690298372112,LightGBM-morgan
3483,8.89279,5.572363713337835,3.320426286662165,LightGBM-morgan
3482,8.80967,5.572363713337835,3.2373062866621654,LightGBM-morgan
3933,6.98297,7.381161489924628,-0.3981914899246277,LightGBM-morgan
3837,6.04576,6.447680400121852,-0.4019204001218526,LightGBM-morgan
3299,6.1261,6.710487555660351,-0.584387555660351,LightGBM-morgan
1274,6.52288,5.7545377295176205,0.7683422704823792,LightGBM-morgan
2081,6.92812,6.42653399943852,0.5015860005614794,LightGBM-morgan
1365,6.79371,6.287852011997574,0.5058579880024263,LightGBM-morgan
891,6.74232,5.716198913434749,1.0261210865652517,LightGBM-morgan
1410,5.52288,6.003774781045433,-0.4808947810454329,LightGBM-morgan
2951,5.97,7.653949663480725,-1.6839496634807256,LightGBM-morgan
1635,6.61979,5.642865737340567,0.9769242626594332,LightGBM-morgan
79,7.39794,7.005693791901605,0.3922462080983955,LightGBM-morgan
2225,7.22915,6.747846859025904,0.481303140974096,LightGBM-morgan
181,5.48149,7.251896947938395,-1.7704069479383948,LightGBM-morgan
1693,5.77,5.7571142972211495,0.01288570277885,LightGBM-morgan
1613,8.34775,7.899405475261268,0.4483445247387312,LightGBM-morgan
3971,5.49485,4.937350272003828,0.5574997279961718,LightGBM-morgan
190,5.0,6.922282414646884,-1.922282414646884,LightGBM-morgan
3819,5.28233,5.897344012541452,-0.6150140125414518,LightGBM-morgan
1453,9.0,6.969766913613389,2.0302330863866107,LightGBM-morgan
900,7.44977,7.100419642100083,0.3493503578999171,LightGBM-morgan
3785,6.00524,6.223949259050768,-0.218709259050768,LightGBM-morgan
582,6.48149,5.93217910139762,0.5493108986023802,LightGBM-morgan
1746,5.18842,6.583232760464667,-1.3948127604646672,LightGBM-morgan
1027,5.22185,6.5049827080723,-1.2831327080722996,LightGBM-morgan
773,8.24003,7.868503215536645,0.3715267844633558,LightGBM-morgan
1297,8.79588,7.84842361117017,0.9474563888298304,LightGBM-morgan
471,7.521435,7.271197835169464,0.2502371648305361,LightGBM-morgan
505,7.0,7.149946723202181,-0.1499467232021807,LightGBM-morgan
3418,8.96658,7.549353985099226,1.4172260149007745,LightGBM-morgan
1409,5.0,6.49804644567935,-1.49804644567935,LightGBM-morgan
3098,7.51286,5.529895219487591,1.982964780512409,LightGBM-morgan
395,5.47,5.684040413041254,-0.2140404130412543,LightGBM-morgan
1859,5.38195,6.447018740443524,-1.0650687404435244,LightGBM-morgan
3156,7.2321,7.638921359993231,-0.4068213599932306,LightGBM-morgan
1341,5.07058,6.116354340806251,-1.0457743408062514,LightGBM-morgan
3155,7.62709,7.741213839532972,-0.1141238395329722,LightGBM-morgan
3120,8.70006,8.171226990647506,0.5288330093524944,LightGBM-morgan
4087,9.284,8.017386684944293,1.2666133150557073,LightGBM-morgan
3056,6.85387,6.728904314003186,0.1249656859968135,LightGBM-morgan
4324,6.30016,6.305736706103217,-0.0055767061032172,LightGBM-morgan
4330,5.50328,6.147777426117464,-0.6444974261174634,LightGBM-morgan
1722,5.17005,5.045321082382821,0.1247289176171788,LightGBM-morgan
3864,5.4828,7.570617245596778,-2.087817245596778,LightGBM-morgan
49,7.09691,6.859736191909722,0.2371738080902785,LightGBM-morgan
1029,5.30103,5.595485078966742,-0.2944550789667417,LightGBM-morgan
1943,5.377875,6.061926873276661,-0.684051873276661,LightGBM-morgan
176,6.48149,6.672384043303655,-0.190894043303655,LightGBM-morgan
123,6.48149,6.672384043303655,-0.190894043303655,LightGBM-morgan
356,6.46852,6.76867636455656,-0.3001563645565603,LightGBM-morgan
3298,6.6517,6.875318622249679,-0.2236186222496794,LightGBM-morgan
53,5.03152,6.180436971227576,-1.1489169712275755,LightGBM-morgan
2358,6.21467,5.911934709762187,0.3027352902378126,LightGBM-morgan
3943,6.2636,6.332777624122623,-0.0691776241226227,LightGBM-morgan
1540,5.23307,6.134274878293033,-0.9012048782930338,LightGBM-morgan
355,6.67778,6.787899381751313,-0.1101193817513124,LightGBM-morgan
212,6.67801,6.787899381751313,-0.1098893817513131,LightGBM-morgan
4473,7.63078,6.480031850909499,1.150748149090501,LightGBM-morgan
850,6.41623,7.048803351560311,-0.6325733515603114,LightGBM-morgan
3500,8.42022,8.167469765183817,0.2527502348161832,LightGBM-morgan
3870,5.01323,5.50788952384564,-0.4946595238456401,LightGBM-morgan
4245,9.36653,7.733879017416537,1.6326509825834623,LightGBM-morgan
2393,5.79317,6.572957196598165,-0.7797871965981651,LightGBM-morgan
3950,7.04576,6.774748652105569,0.2710113478944302,LightGBM-morgan
2223,6.88606,6.747846859025904,0.1382131409740958,LightGBM-morgan
1536,5.64859,6.731198096246567,-1.0826080962465667,LightGBM-morgan
3931,7.0,6.468841374249908,0.5311586257500922,LightGBM-morgan
3709,5.88406,5.730928708929499,0.1531312910705011,LightGBM-morgan
4100,5.34104,5.173600193227518,0.1674398067724816,LightGBM-morgan
110,8.34679,7.216826769817602,1.1299632301823983,LightGBM-morgan
4514,8.93554,6.517271652069009,2.418268347930991,LightGBM-morgan
1804,7.00877,6.7287791643954185,0.2799908356045817,LightGBM-morgan
2785,7.15927,7.687422748418392,-0.5281527484183917,LightGBM-morgan
960,5.22915,6.473035464552915,-1.243885464552915,LightGBM-morgan
249,7.26281,7.430212356427186,-0.1674023564271864,LightGBM-morgan
1945,6.174285,6.04571844587272,0.1285665541272802,LightGBM-morgan
1539,5.1261,6.6057417894800095,-1.4796417894800094,LightGBM-morgan
3549,6.17393,6.051148210125803,0.1227817898741969,LightGBM-morgan
3477,8.24872,8.63428451371079,-0.3855645137107899,LightGBM-morgan
1010,6.0,7.908442079127432,-1.908442079127432,LightGBM-morgan
2755,7.34998,5.9158124922976,1.4341675077024003,LightGBM-morgan
4328,5.09155,5.928705697525108,-0.837155697525108,LightGBM-morgan
1181,6.46852,7.881012184339139,-1.412492184339139,LightGBM-morgan
1493,7.60206,6.718527705373162,0.8835322946268382,LightGBM-morgan
4084,5.4045,5.911068329510287,-0.5065683295102872,LightGBM-morgan
579,6.04576,6.179326712076092,-0.1335667120760924,LightGBM-morgan
3112,6.70997,6.238998988277655,0.4709710117223453,LightGBM-morgan
1012,5.6,7.886796808640039,-2.286796808640039,LightGBM-morgan
1484,6.88606,5.933527,0.952533007202148,XGBoost-descriptors
3113,8.38616,6.7280865,1.658073528442383,XGBoost-descriptors
45,6.03152,6.127011,-0.0954908222961421,XGBoost-descriptors
686,5.96257,6.2106276,-0.2480575558471676,XGBoost-descriptors
2931,5.89963,5.9831367,-0.0835066539001463,XGBoost-descriptors
4105,6.0655,6.125396,-0.0598957748413084,XGBoost-descriptors
1778,5.211255,6.205772,-0.9945169230651852,XGBoost-descriptors
3362,5.04096,6.1976967,-1.1567366857910155,XGBoost-descriptors
1447,6.52288,6.696198,-0.1733179866027834,XGBoost-descriptors
3076,5.18709,6.0170302,-0.8299402391052242,XGBoost-descriptors
4373,7.4437,6.131893,1.3118068420410154,XGBoost-descriptors
1538,5.1607,5.9930553,-0.8323553436279294,XGBoost-descriptors
500,6.16115,6.438242,-0.2770919586181639,XGBoost-descriptors
892,5.55752,5.6357846,-0.0782646260070798,XGBoost-descriptors
2710,6.1549,5.554961,0.599938795471191,XGBoost-descriptors
2955,8.90309,7.5045285,1.3985614775085455,XGBoost-descriptors
1603,6.92445,7.2007966,-0.2763466041564939,XGBoost-descriptors
1455,7.69897,7.7883525,-0.0893824894714354,XGBoost-descriptors
252,6.67778,7.1242447,-0.446464689941406,XGBoost-descriptors
1936,6.36552,7.7913675,-1.4258475308227538,XGBoost-descriptors
3932,6.28316,7.3670273,-1.083867282714844,XGBoost-descriptors
3158,9.13668,8.61298,0.5237001110839845,XGBoost-descriptors
4119,5.48945,6.6403527,-1.1509027259826663,XGBoost-descriptors
1156,7.19382,7.270055,-0.0762348171997073,XGBoost-descriptors
728,5.99443,6.1021347,-0.1077047045898433,XGBoost-descriptors
4374,7.173394999999999,7.085158,0.0882371287536614,XGBoost-descriptors
3986,7.4437,7.085158,0.3585421287536618,XGBoost-descriptors
3987,7.49485,7.085158,0.4096921287536617,XGBoost-descriptors
2686,5.45967,7.0572257,-1.5975557041931152,XGBoost-descriptors
1568,5.04576,5.8150773,-0.7693173048400883,XGBoost-descriptors
4233,5.94006,5.8742704,0.0657895608520506,XGBoost-descriptors
3784,6.19382,7.2753873,-1.081567287139893,XGBoost-descriptors
1850,5.01323,6.2606955,-1.247465457458496,XGBoost-descriptors
2169,6.04096,5.923687,0.1172730187988282,XGBoost-descriptors
663,5.72816,6.6450033,-0.9168433187866212,XGBoost-descriptors
4484,6.36653,6.177101,0.1894288647460937,XGBoost-descriptors
2817,5.07572,5.712099,-0.6363790753173832,XGBoost-descriptors
1189,6.09691,6.590951,-0.4940409658813474,XGBoost-descriptors
3859,7.45643,6.2129755,1.24345449798584,XGBoost-descriptors
747,8.24795,7.6360846,0.6118654434204096,XGBoost-descriptors
1762,5.13668,6.1385727,-1.0018926928710936,XGBoost-descriptors
4436,5.31158,6.662306,-1.3507258319091795,XGBoost-descriptors
1807,8.3279,7.3454814,0.982418604278564,XGBoost-descriptors
1976,8.17393,8.020341,0.1535890805053714,XGBoost-descriptors
978,6.17783,6.3581033,-0.1802732752990721,XGBoost-descriptors
419,5.42022,5.518008,-0.0977882321166996,XGBoost-descriptors
1339,5.17393,6.673205,-1.4992748988342282,XGBoost-descriptors
3561,5.29243,6.350866,-1.0584358409118648,XGBoost-descriptors
1186,5.79588,6.4252234,-0.629343350524902,XGBoost-descriptors
185,6.65758,5.564393,1.093186956481934,XGBoost-descriptors
1333,6.05061,6.654668,-0.6040578543090822,XGBoost-descriptors
3361,5.16749,6.326876,-1.159386163482666,XGBoost-descriptors
3046,8.85387,8.488171,0.3656993762207037,XGBoost-descriptors
159,5.0,6.4113107,-1.4113106727600098,XGBoost-descriptors
3707,8.04576,7.2449203,0.8008397462463375,XGBoost-descriptors
3489,6.56067,6.9202447,-0.3595746937561035,XGBoost-descriptors
1451,7.09691,7.7191954,-0.6222853659057614,XGBoost-descriptors
742,6.86967,6.684881,0.1847887896728517,XGBoost-descriptors
1202,8.55284,6.321879,2.2309610899353025,XGBoost-descriptors
1337,5.5376,6.8125305,-1.2749305175781247,XGBoost-descriptors
4250,8.4828,6.7118073,1.7709927490234367,XGBoost-descriptors
2313,9.0655,7.6824017,1.383098342895508,XGBoost-descriptors
1601,6.18709,6.119742,0.0673480833435062,XGBoost-descriptors
4247,7.25964,6.3522034,0.9074366308593752,XGBoost-descriptors
188,9.08619,7.408664,1.6775257734680178,XGBoost-descriptors
412,7.030094999999999,6.2574224,0.7726725527954095,XGBoost-descriptors
3128,6.4,7.348198,-0.9481979370117184,XGBoost-descriptors
140,6.4437,6.741452,-0.297752217102051,XGBoost-descriptors
1984,5.17393,5.885771,-0.7118407977294918,XGBoost-descriptors
1567,5.73283,6.0521903,-0.3193603038024903,XGBoost-descriptors
1848,5.08619,5.6478176,-0.5616276116943357,XGBoost-descriptors
1939,5.819455,5.8223267,-0.0028716601562503,XGBoost-descriptors
1875,5.30103,6.527622,-1.2265922229003907,XGBoost-descriptors
3721,8.76955,6.956788,1.812761936950684,XGBoost-descriptors
1947,6.697985,6.2863054,0.4116795724487305,XGBoost-descriptors
4359,5.12321,6.257017,-1.133807135620117,XGBoost-descriptors
3070,6.14509,6.986286,-0.8411961633300784,XGBoost-descriptors
4171,5.70333,5.6411524,0.0621776181030275,XGBoost-descriptors
1182,7.88606,6.9971104,0.8889496331787106,XGBoost-descriptors
2168,5.00087,6.0115824,-1.010712374572754,XGBoost-descriptors
191,8.52288,6.7862706,1.73660938156128,XGBoost-descriptors
2151,6.16115,6.9406476,-0.7794976020812987,XGBoost-descriptors
2821,7.52288,6.026488,1.4963921726989744,XGBoost-descriptors
3913,6.99482,6.577077,0.4177430880737303,XGBoost-descriptors
1442,7.30103,7.598427,-0.2973968188476563,XGBoost-descriptors
615,6.44,6.2988,0.1412000083923343,XGBoost-descriptors
3344,5.24872,6.074053,-0.8253328106689457,XGBoost-descriptors
3724,8.59007,7.9036083,0.6864616778564461,XGBoost-descriptors
649,8.34679,7.148609,1.1981808386230473,XGBoost-descriptors
278,6.69001,6.5709696,0.1190404183959961,XGBoost-descriptors
282,7.11003,6.9823866,0.1276434109497071,XGBoost-descriptors
955,6.26761,6.124872,0.1427377923583987,XGBoost-descriptors
2727,6.0,5.9463043,0.0536956787109375,XGBoost-descriptors
1934,7.13966,8.277409,-1.1377485998535155,XGBoost-descriptors
503,5.88606,6.5036697,-0.6176097387695316,XGBoost-descriptors
3951,7.0,6.178713,0.8212871551513672,XGBoost-descriptors
4003,7.5376,5.938038,1.5995621276855472,XGBoost-descriptors
3708,5.85574,6.7283034,-0.8725634324645997,XGBoost-descriptors
1784,6.319135,5.885107,0.4340279595947267,XGBoost-descriptors
1523,6.50864,6.9941244,-0.4854844125366213,XGBoost-descriptors
4123,7.95468,7.409816,0.5448642117309568,XGBoost-descriptors
1982,5.07058,6.0986037,-1.02802372543335,XGBoost-descriptors
3818,5.41794,5.6555557,-0.2376157250976565,XGBoost-descriptors
1817,6.09691,6.2383184,-0.1414084432983395,XGBoost-descriptors
3924,7.23657,6.5290055,0.7075644725036625,XGBoost-descriptors
2474,6.15366,6.286327,-0.1326668852233883,XGBoost-descriptors
2013,6.48812,7.2058825,-0.7177625492858883,XGBoost-descriptors
1408,5.4318,6.38763,-0.9558299858093262,XGBoost-descriptors
3476,8.35556,8.6902,-0.3346398519897455,XGBoost-descriptors
1548,5.8716,5.9047966,-0.0331966003417969,XGBoost-descriptors
1276,7.6073,7.4474382,0.1598617599487308,XGBoost-descriptors
4511,8.20066,7.0114045,1.189255485687255,XGBoost-descriptors
669,5.46725,6.88529,-1.4180401458740235,XGBoost-descriptors
2469,6.59346,6.0508685,0.5425914888000491,XGBoost-descriptors
1471,6.25964,6.342208,-0.082567908630371,XGBoost-descriptors
3991,9.30103,6.002704,3.298325856475831,XGBoost-descriptors
1964,7.84771,7.726494,0.1212161645507814,XGBoost-descriptors
2048,7.66555,7.1625795,0.5029704635620114,XGBoost-descriptors
2088,5.98716,6.7975574,-0.8103973539733884,XGBoost-descriptors
112,7.49485,7.082085,0.4127648674011226,XGBoost-descriptors
3576,5.63676,5.1676464,0.4691135919189451,XGBoost-descriptors
2479,5.22257,5.136345,0.0862250903320314,XGBoost-descriptors
2542,5.0,5.8236203,-0.8236203193664551,XGBoost-descriptors
2592,5.20691,5.3012977,-0.0943876646423342,XGBoost-descriptors
1405,6.1549,6.524587,-0.3696871543884281,XGBoost-descriptors
2834,5.86646,6.1547136,-0.2882536306762695,XGBoost-descriptors
3999,5.72125,6.6861377,-0.9648876762390132,XGBoost-descriptors
1461,5.00877,5.7386293,-0.7298593411254881,XGBoost-descriptors
3069,7.02687,7.476585,-0.4497149113464358,XGBoost-descriptors
2709,6.52288,6.304584,0.2182959736633298,XGBoost-descriptors
845,5.89,6.248202,-0.3582018470764163,XGBoost-descriptors
1946,6.664775,6.9264965,-0.261721505737305,XGBoost-descriptors
1715,7.92082,6.5190363,1.4017837069702148,XGBoost-descriptors
3917,6.60206,6.313157,0.2889029183959959,XGBoost-descriptors
2144,6.30715,6.154123,0.1530271705627441,XGBoost-descriptors
2319,6.65365,6.355894,0.2977559112548826,XGBoost-descriptors
889,6.48545,5.6357846,0.8496653739929201,XGBoost-descriptors
822,6.84164,6.5754185,0.2662215277099609,XGBoost-descriptors
2606,5.17457,6.3291535,-1.154583537750244,XGBoost-descriptors
1005,6.79588,6.617023,0.1788570088195804,XGBoost-descriptors
3723,8.61979,7.866504,0.7532858076477051,XGBoost-descriptors
3029,5.86012,5.441304,0.4188157931518557,XGBoost-descriptors
654,7.26761,6.7554216,0.5121883615112308,XGBoost-descriptors
1709,5.85,5.3402076,0.5097924232482907,XGBoost-descriptors
3960,6.72125,6.259036,0.4622139358520511,XGBoost-descriptors
23,5.34679,6.4521604,-1.1053703584289547,XGBoost-descriptors
37,7.39794,7.2574477,0.1404922804260255,XGBoost-descriptors
4093,5.93554,5.608123,0.327417174377441,XGBoost-descriptors
1338,5.38722,5.674178,-0.286958123474121,XGBoost-descriptors
4151,5.05502,6.453371,-1.398351047973633,XGBoost-descriptors
4005,6.52288,6.567689,-0.0448089419555666,XGBoost-descriptors
561,6.3279,6.1362634,0.1916366294860836,XGBoost-descriptors
517,5.4023,6.548122,-1.1458219291687008,XGBoost-descriptors
2702,5.11805,5.746911,-0.62886104888916,XGBoost-descriptors
1168,5.52288,6.9264474,-1.40356739151001,XGBoost-descriptors
1414,7.59998,7.3875127,0.2124673161315922,XGBoost-descriptors
882,9.0,5.4227276,3.577272415161133,XGBoost-descriptors
1475,7.61979,6.6201077,0.999682349243164,XGBoost-descriptors
50,6.42022,6.6991696,-0.2789496357727055,XGBoost-descriptors
1562,6.56067,6.585191,-0.0245207730102539,XGBoost-descriptors
2773,6.11976,5.944521,0.1752390496826175,XGBoost-descriptors
4162,5.55596,5.9540753,-0.398115336456299,XGBoost-descriptors
2655,5.41794,6.502033,-1.0840932336425784,XGBoost-descriptors
3474,8.53165,8.634135,-0.1024852462768546,XGBoost-descriptors
2589,6.14874,5.7037168,0.44502324508667,XGBoost-descriptors
4570,8.58336,8.058057,0.5253031686401375,XGBoost-descriptors
4149,5.75696,5.79008,-0.0331200704956051,XGBoost-descriptors
2950,8.70006,6.594455,2.1056052346801764,XGBoost-descriptors
1107,6.06905,6.2011833,-0.132133319091797,XGBoost-descriptors
1130,8.09691,6.785483,1.3114271165466302,XGBoost-descriptors
1459,5.25964,5.5293875,-0.2697474740600585,XGBoost-descriptors
3725,8.6216,8.982947,-0.361347349548339,XGBoost-descriptors
2468,8.15989,7.1879973,0.9718926588439948,XGBoost-descriptors
838,7.37161,6.5105047,0.8611052774047856,XGBoost-descriptors
568,6.74473,6.045546,0.6991839451599118,XGBoost-descriptors
502,7.60206,7.07712,0.524940172729492,XGBoost-descriptors
3952,7.82391,7.3771143,0.446795704040527,XGBoost-descriptors
873,8.73755,9.190952,-0.45340230102539,XGBoost-descriptors
3309,5.65189,6.3372254,-0.6853354371643068,XGBoost-descriptors
3480,7.30103,6.1362367,1.1647933323669433,XGBoost-descriptors
3481,7.92082,6.1362367,1.784583332366943,XGBoost-descriptors
560,6.21467,6.213249,0.0014207934570311,XGBoost-descriptors
55,5.14,5.8416944,-0.7016943550109866,XGBoost-descriptors
1877,5.04096,5.499415,-0.4584549208068846,XGBoost-descriptors
2465,7.05502,7.0530543,0.0019656672668455,XGBoost-descriptors
1933,6.7167,8.662136,-1.945436077880859,XGBoost-descriptors
1494,6.20901,6.746696,-0.5376859953308104,XGBoost-descriptors
1874,5.65758,6.988117,-1.3305372180175778,XGBoost-descriptors
4101,5.44977,5.6297398,-0.179969761352539,XGBoost-descriptors
1561,6.72125,6.3568654,0.3643845939636234,XGBoost-descriptors
1983,6.04576,6.134969,-0.0892092344665531,XGBoost-descriptors
3077,7.85387,7.716993,0.1368771449279782,XGBoost-descriptors
3420,9.03152,6.9136553,2.117864718933106,XGBoost-descriptors
4562,6.94692,6.1481633,0.7987566813659672,XGBoost-descriptors
749,7.76955,7.022468,0.7470819099426267,XGBoost-descriptors
839,6.91009,6.809496,0.1005940740966799,XGBoost-descriptors
3816,6.46852,6.28334,0.1851800227355955,XGBoost-descriptors
333,7.55284,6.557963,0.9948771055603024,XGBoost-descriptors
4057,5.52288,5.6082296,-0.0853496371459963,XGBoost-descriptors
2991,5.33724,6.0113597,-0.6741196916198726,XGBoost-descriptors
4561,6.17522,7.1531954,-0.9779753811645504,XGBoost-descriptors
2304,5.16115,5.9930763,-0.8319263244628905,XGBoost-descriptors
2493,7.52288,6.121094,1.4017857731628416,XGBoost-descriptors
1266,7.42022,7.7319036,-0.3116835530090336,XGBoost-descriptors
352,6.92082,6.348388,0.5724318049621582,XGBoost-descriptors
1745,5.78781,6.3469987,-0.5591886915588375,XGBoost-descriptors
3471,8.36151,8.700448,-0.3389380361938467,XGBoost-descriptors
994,7.12494,5.656954,1.4679861883544918,XGBoost-descriptors
507,6.85699,6.6620703,0.1949197256469723,XGBoost-descriptors
957,8.59007,8.37874,0.2113296893310554,XGBoost-descriptors
1798,6.98716,5.937344,1.049815925750733,XGBoost-descriptors
1525,6.34199,7.443837,-1.1018471658325195,XGBoost-descriptors
952,7.14874,5.8923917,1.2563483183288575,XGBoost-descriptors
1460,5.05552,5.685935,-0.6304150204467778,XGBoost-descriptors
39,7.02228,6.927247,0.0950329525756839,XGBoost-descriptors
3359,6.08092,5.7120457,0.3688743304443358,XGBoost-descriptors
3712,8.40894,6.7603254,1.648614568176269,XGBoost-descriptors
1799,6.63639,5.6478624,0.9885275656127924,XGBoost-descriptors
3124,8.10002,7.761266,0.3387537684631354,XGBoost-descriptors
4188,5.71287,6.9284153,-1.2155452984619144,XGBoost-descriptors
1876,5.04576,6.22265,-1.1768900511169438,XGBoost-descriptors
1335,5.60206,6.9679885,-1.3659284910583498,XGBoost-descriptors
3502,8.20551,8.334656,-0.1291457617187497,XGBoost-descriptors
652,7.04576,6.690898,0.3548620584106441,XGBoost-descriptors
2314,8.59176,8.596918,-0.0051581060791008,XGBoost-descriptors
1960,8.63827,6.6443315,1.9939385447692877,XGBoost-descriptors
3897,6.28316,6.3949776,-0.1118175695800784,XGBoost-descriptors
4092,6.26922,6.2958384,-0.0266183560180666,XGBoost-descriptors
3562,5.49485,6.215238,-0.7203880943298344,XGBoost-descriptors
1187,7.63827,7.1681666,0.470103362579346,XGBoost-descriptors
1396,8.30103,6.9721437,1.3288863499450692,XGBoost-descriptors
384,5.0,6.718719,-1.7187190055847168,XGBoost-descriptors
1524,6.58838,7.015267,-0.4268868952941895,XGBoost-descriptors
3997,5.52288,6.127304,-0.6044240771484377,XGBoost-descriptors
1417,8.01002,6.810298,1.1997220339965828,XGBoost-descriptors
2205,6.292,5.698139,0.5938608093261717,XGBoost-descriptors
2454,6.40894,7.270247,-0.8613069825744626,XGBoost-descriptors
2957,9.36653,7.15475,2.211780129699706,XGBoost-descriptors
1332,6.20761,6.354285,-0.1466747633361818,XGBoost-descriptors
780,8.47945,7.501628,0.9778220779418944,XGBoost-descriptors
1620,7.28651,7.0522666,0.234243402252197,XGBoost-descriptors
3842,6.84771,6.729691,0.1180189714050294,XGBoost-descriptors
2492,5.29243,6.1961703,-0.903740330047607,XGBoost-descriptors
3862,6.30103,7.3762345,-1.075204531402588,XGBoost-descriptors
3493,7.95861,8.42771,-0.4690995794677732,XGBoost-descriptors
1849,5.17393,5.502421,-0.3284909022521969,XGBoost-descriptors
4435,5.51713,6.2426643,-0.7255343371582033,XGBoost-descriptors
250,7.5817,7.408262,0.1734382240295406,XGBoost-descriptors
4538,5.23582,6.0148053,-0.7789853169250485,XGBoost-descriptors
3926,9.284,6.291244,2.9927559700012214,XGBoost-descriptors
83,6.79588,6.7570615,0.0388185185241702,XGBoost-descriptors
1744,5.75449,5.94382,-0.1893299996948245,XGBoost-descriptors
314,8.4437,9.11027,-0.6665695465087893,XGBoost-descriptors
2090,6.56864,5.756485,0.8121550146484378,XGBoost-descriptors
2147,5.98422,6.380696,-0.3964758198547367,XGBoost-descriptors
1270,5.45593,6.256112,-0.8001820986938473,XGBoost-descriptors
3555,5.13668,5.9509697,-0.8142896960449217,XGBoost-descriptors
3954,7.33724,6.532278,0.8049619390869145,XGBoost-descriptors
577,6.5376,6.292647,0.2449531150817874,XGBoost-descriptors
3486,5.67366,5.267663,0.4059969979858397,XGBoost-descriptors
2142,6.18111,6.2277575,-0.0466474539184567,XGBoost-descriptors
290,5.74,6.524926,-0.7849261856079099,XGBoost-descriptors
4291,7.02687,6.4853306,0.5415394183349607,XGBoost-descriptors
3080,5.79588,7.2979283,-1.5020483332824703,XGBoost-descriptors
732,7.67778,6.937491,0.7402890599060061,XGBoost-descriptors
2049,8.16115,6.983834,1.1773162101745598,XGBoost-descriptors
1808,7.76955,7.509953,0.2595969779968259,XGBoost-descriptors
4323,5.32883,5.278624,0.0502059422302245,XGBoost-descriptors
1546,5.33287,6.2001534,-0.8672833508300783,XGBoost-descriptors
3103,8.72125,6.706169,2.0150808715820308,XGBoost-descriptors
2363,7.17393,6.2764177,0.8975122677612308,XGBoost-descriptors
2217,6.44733,6.8536363,-0.4063062648010254,XGBoost-descriptors
729,5.87234,6.0977073,-0.2253672715759274,XGBoost-descriptors
173,6.740745,6.4441843,0.296560696716309,XGBoost-descriptors
4154,5.48149,6.646285,-1.1647950570678711,XGBoost-descriptors
1321,6.74473,7.363537,-0.6188068347167972,XGBoost-descriptors
3896,5.19511,6.655862,-1.460751854553223,XGBoost-descriptors
42,6.55284,6.029694,0.5231459196472166,XGBoost-descriptors
3791,7.16749,6.084549,1.0829410498046874,XGBoost-descriptors
3820,5.76955,6.3145733,-0.5450232879638675,XGBoost-descriptors
1281,6.9393,7.8543906,-0.9150906211853024,XGBoost-descriptors
1563,9.62709,6.585191,3.041899226989747,XGBoost-descriptors
3151,9.09691,7.691963,1.404946804199218,XGBoost-descriptors
2065,5.07572,6.835828,-1.7601078274536135,XGBoost-descriptors
3683,5.06048,5.806241,-0.7457610354614257,XGBoost-descriptors
369,5.58503,5.890878,-0.3058482005310061,XGBoost-descriptors
3345,6.09151,5.7647557,0.3267542741394047,XGBoost-descriptors
1292,8.31876,8.048425,0.2703352792358391,XGBoost-descriptors
1550,6.39794,5.8924413,0.5054987272644045,XGBoost-descriptors
3115,5.82391,5.6167417,0.2071683427429196,XGBoost-descriptors
2666,7.22185,6.776626,0.4452238899230956,XGBoost-descriptors
2994,5.47991,5.947284,-0.4673742216491696,XGBoost-descriptors
950,6.80134,6.6710186,0.1303213995361325,XGBoost-descriptors
2450,5.07988,5.3748026,-0.2949225894165037,XGBoost-descriptors
1783,6.77258,6.182814,0.5897658787536617,XGBoost-descriptors
4481,8.33255,6.091005,2.241545151519775,XGBoost-descriptors
2767,5.05306,6.697742,-1.6446819853210446,XGBoost-descriptors
3125,7.70006,7.4341683,0.2658916612243649,XGBoost-descriptors
1062,6.56864,6.4176173,0.1510226789855959,XGBoost-descriptors
4190,5.2204,5.785195,-0.5647948738098147,XGBoost-descriptors
1007,6.45593,6.66983,-0.2138998454284664,XGBoost-descriptors
1944,6.271825,6.44794,-0.1761148727416994,XGBoost-descriptors
1462,5.06048,5.6705046,-0.6100245700073241,XGBoost-descriptors
1445,5.1549,6.438549,-1.2836490417480473,XGBoost-descriptors
4274,6.68867,6.5520725,0.136597474975586,XGBoost-descriptors
4527,5.03953,6.5239325,-1.4844024569702148,XGBoost-descriptors
4133,5.44563,5.940247,-0.4946170588684078,XGBoost-descriptors
2046,7.48812,7.1625795,0.325540463562012,XGBoost-descriptors
1557,5.02687,5.8666673,-0.8397972706604007,XGBoost-descriptors
199,5.92082,6.7217536,-0.8009335972595215,XGBoost-descriptors
1397,8.1549,7.2643437,0.8905562614440914,XGBoost-descriptors
3905,5.47886,5.820953,-0.3420928923034667,XGBoost-descriptors
1235,6.63827,6.768923,-0.1306528057861324,XGBoost-descriptors
668,5.16368,6.88529,-1.7216101458740232,XGBoost-descriptors
1400,7.61979,6.6490808,0.970709246673584,XGBoost-descriptors
3310,6.13077,6.487933,-0.3571631588745116,XGBoost-descriptors
2681,5.3851,5.8478403,-0.4627403091430659,XGBoost-descriptors
363,6.49485,6.0850573,0.4097927413940425,XGBoost-descriptors
501,6.56864,6.1335316,0.4351084295654299,XGBoost-descriptors
4510,5.38091,6.526447,-1.1455368193054198,XGBoost-descriptors
4161,6.49485,6.4030066,0.0918434463500972,XGBoost-descriptors
148,5.20329,6.3666553,-1.1633653497314451,XGBoost-descriptors
1937,6.79588,7.671067,-0.8751872378540035,XGBoost-descriptors
2082,6.65365,6.5769997,0.0766503356933592,XGBoost-descriptors
3470,8.26122,7.7382636,0.5229563929748533,XGBoost-descriptors
1551,6.59176,6.438185,0.1535747850036619,XGBoost-descriptors
1564,7.5544,6.574807,0.9795928329467776,XGBoost-descriptors
1118,5.50307,6.7344246,-1.231354591064453,XGBoost-descriptors
91,6.95861,6.7922196,0.1663903611755373,XGBoost-descriptors
1272,5.67778,7.1062684,-1.4284884059143064,XGBoost-descriptors
4428,5.18376,6.6509147,-1.4671546690368649,XGBoost-descriptors
3826,5.8962,6.0952215,-0.1990215194702145,XGBoost-descriptors
1528,5.0,6.364449,-1.3644490242004397,XGBoost-descriptors
969,8.01592,7.674493,0.3414271640014643,XGBoost-descriptors
1816,6.85387,6.5621843,0.2916856661987301,XGBoost-descriptors
75,6.12494,7.082291,-0.9573511262512212,XGBoost-descriptors
2784,6.04769,6.329307,-0.2816170793151853,XGBoost-descriptors
1517,7.46852,6.856738,0.6117819094848631,XGBoost-descriptors
1802,6.91507,6.476841,0.4382290270996094,XGBoost-descriptors
4547,5.78357,5.7341,0.0494701350402833,XGBoost-descriptors
1449,5.39794,6.292095,-0.8941551843261717,XGBoost-descriptors
3216,5.00261,5.9915686,-0.9889585653686526,XGBoost-descriptors
3726,9.38722,7.7387743,1.6484457003784172,XGBoost-descriptors
446,5.43652,5.603875,-0.1673551602172853,XGBoost-descriptors
1897,7.75945,7.797568,-0.0381178443908689,XGBoost-descriptors
586,5.11,4.9792156,0.1307843780517581,XGBoost-descriptors
2317,6.58503,5.795154,0.7898759053039548,XGBoost-descriptors
2143,6.05849,6.302506,-0.2440159700012207,XGBoost-descriptors
2954,9.02228,7.898908,1.1233718617248538,XGBoost-descriptors
3973,6.12494,6.6200724,-0.4951323648071293,XGBoost-descriptors
613,7.22185,6.0241857,1.1976643424987792,XGBoost-descriptors
2265,5.60206,5.754271,-0.1522110304260255,XGBoost-descriptors
1510,7.85387,6.7700043,1.0838657275390622,XGBoost-descriptors
1537,6.1549,5.7731085,0.3817915176391597,XGBoost-descriptors
4325,6.07988,6.4521346,-0.3722546092224119,XGBoost-descriptors
4445,8.04001,7.8922243,0.1477856881713872,XGBoost-descriptors
160,5.52288,6.1100163,-0.5871363459777834,XGBoost-descriptors
1716,7.92082,6.6011596,1.3196604273986816,XGBoost-descriptors
592,5.52288,6.2515326,-0.728652554626465,XGBoost-descriptors
4433,6.09583,5.9183173,0.1775126820373538,XGBoost-descriptors
3074,6.25259,6.7417426,-0.4891526109313968,XGBoost-descriptors
4477,5.3279,5.73862,-0.4107198043823246,XGBoost-descriptors
1011,6.5,6.6102333,-0.1102333068847656,XGBoost-descriptors
3722,8.73993,8.347738,0.3921917340087884,XGBoost-descriptors
648,8.22185,8.233526,-0.0116762298583985,XGBoost-descriptors
3349,5.88941,7.045256,-1.1558461378479006,XGBoost-descriptors
358,7.00436,6.648114,0.3562457955932618,XGBoost-descriptors
1847,5.20066,5.3643045,-0.1636445425415038,XGBoost-descriptors
33,6.1549,6.18328,-0.0283799911499027,XGBoost-descriptors
4409,5.42829,5.831201,-0.4029110765075687,XGBoost-descriptors
650,6.46852,6.4229527,0.0455673480224607,XGBoost-descriptors
1280,6.35655,6.743725,-0.3871748229980465,XGBoost-descriptors
4386,5.94692,6.7541685,-0.8072485104370113,XGBoost-descriptors
2754,7.32003,6.5379057,0.7821243069458008,XGBoost-descriptors
4132,6.27646,5.7568054,0.5196545800781252,XGBoost-descriptors
3079,5.30103,6.283434,-0.9824039141845704,XGBoost-descriptors
2425,6.03152,6.180591,-0.1490711064147944,XGBoost-descriptors
94,7.55284,7.229895,0.3229448851013181,XGBoost-descriptors
2853,8.5784,7.2441487,1.3342512687683108,XGBoost-descriptors
2884,8.38828,7.438391,0.9498887913513184,XGBoost-descriptors
2540,8.20761,8.175146,0.0324638970947273,XGBoost-descriptors
1864,6.06048,5.643403,0.4170769467163087,XGBoost-descriptors
2538,7.73993,7.6773586,0.0625713726806642,XGBoost-descriptors
2473,5.92996,5.807779,0.1221811647033694,XGBoost-descriptors
2588,5.31876,5.814918,-0.4961580412292479,XGBoost-descriptors
2080,7.24413,6.6910477,0.5530823315429689,XGBoost-descriptors
574,6.67778,6.106528,0.5712521946716311,XGBoost-descriptors
1008,7.30103,6.2998886,1.0011413891601562,XGBoost-descriptors
2362,5.86328,5.70945,0.1538302319335933,XGBoost-descriptors
1041,6.74473,6.843432,-0.0987019496154788,XGBoost-descriptors
4528,6.4318,6.6993732,-0.2675732452392578,XGBoost-descriptors
929,7.7986,7.0345798,0.764020246124268,XGBoost-descriptors
1498,7.36653,6.6761127,0.6904173481750489,XGBoost-descriptors
4292,6.98716,6.833971,0.1531889764404299,XGBoost-descriptors
3503,9.35655,7.9062805,1.4502694824218754,XGBoost-descriptors
3504,9.92082,7.754148,2.166671993560792,XGBoost-descriptors
4343,5.71444,5.9748383,-0.2603982568359377,XGBoost-descriptors
1114,6.90309,7.157422,-0.2543320657348635,XGBoost-descriptors
2855,8.64782,7.6484413,0.9993786853027338,XGBoost-descriptors
935,7.59007,7.358577,0.2314932254028319,XGBoost-descriptors
4356,5.52143,6.155866,-0.6344361460876469,XGBoost-descriptors
2287,8.3363,7.854321,0.4819789970397945,XGBoost-descriptors
1106,6.94692,7.2696524,-0.3227323666381831,XGBoost-descriptors
67,7.115494999999999,6.477034,0.6384609080505363,XGBoost-descriptors
3346,5.17328,6.0260324,-0.8527524478149413,XGBoost-descriptors
2731,5.63827,5.904908,-0.266638180236816,XGBoost-descriptors
1320,7.74473,7.6280513,0.1166787190246578,XGBoost-descriptors
4088,5.11862,5.4169235,-0.2983035229492188,XGBoost-descriptors
1652,5.11407,5.9407344,-0.8266643864440919,XGBoost-descriptors
820,6.90309,6.716227,0.1868629454040524,XGBoost-descriptors
3953,6.29243,6.6564403,-0.3640102580261226,XGBoost-descriptors
1336,5.58503,5.6774654,-0.0924354388427737,XGBoost-descriptors
515,5.74958,6.131206,-0.3816260356140137,XGBoost-descriptors
2677,6.22185,6.1628885,0.0589614730834959,XGBoost-descriptors
1516,7.78252,7.002901,0.7796189227294921,XGBoost-descriptors
1352,8.1549,6.514347,1.640552923583984,XGBoost-descriptors
77,6.40894,6.93033,-0.5213897996520993,XGBoost-descriptors
1329,9.1549,9.141398,0.0135015701293941,XGBoost-descriptors
1472,6.14267,6.281667,-0.1389972325134278,XGBoost-descriptors
1968,7.46852,6.089819,1.3787010455322264,XGBoost-descriptors
971,7.30103,7.835207,-0.5341769854736329,XGBoost-descriptors
856,5.41657,5.896138,-0.4795681912231444,XGBoost-descriptors
2809,6.67778,6.868982,-0.1912018382263181,XGBoost-descriptors
351,7.85387,7.0876684,0.7662015811157223,XGBoost-descriptors
3874,5.71086,5.791967,-0.0811069151306149,XGBoost-descriptors
1263,6.58336,7.7599974,-1.1766373678588868,XGBoost-descriptors
253,7.66154,7.2026057,0.4589342756652828,XGBoost-descriptors
3969,6.26761,6.1392317,0.1283783181762698,XGBoost-descriptors
3904,7.38722,5.6967483,1.6904717433166505,XGBoost-descriptors
1128,7.00436,6.5198355,0.4845245278930665,XGBoost-descriptors
1042,6.05061,6.622698,-0.5720878302001955,XGBoost-descriptors
3903,5.40671,5.910226,-0.5035158682250973,XGBoost-descriptors
3127,7.0,7.210694,-0.2106938362121582,XGBoost-descriptors
4153,8.09691,6.9094048,1.1875052453613275,XGBoost-descriptors
4186,5.26841,6.900731,-1.6323210867309568,XGBoost-descriptors
966,7.85387,7.932537,-0.0786670788574221,XGBoost-descriptors
2934,5.21396,6.2529526,-1.0389925756835936,XGBoost-descriptors
944,5.62525,5.2990017,0.3262483062744143,XGBoost-descriptors
1823,5.36552,5.9228983,-0.5573782925415038,XGBoost-descriptors
4252,6.41417,6.4734635,-0.0592935353088375,XGBoost-descriptors
2961,5.32606,6.074456,-0.7483962149047851,XGBoost-descriptors
3560,5.88606,6.7582173,-0.8721573347473148,XGBoost-descriptors
580,7.55284,6.468799,1.0840408857727049,XGBoost-descriptors
4185,6.52288,6.175548,0.3473319233703611,XGBoost-descriptors
3936,9.67985,7.65799,2.021860021209717,XGBoost-descriptors
370,7.20761,6.9263453,0.2812646516418455,XGBoost-descriptors
819,6.87615,6.716227,0.1599229454040527,XGBoost-descriptors
1962,8.68613,7.8890414,0.7970885762023929,XGBoost-descriptors
585,6.30103,5.931741,0.369288762359619,XGBoost-descriptors
1879,5.63451,5.8069806,-0.1724706098937991,XGBoost-descriptors
27,6.08092,5.945705,0.1352150630187987,XGBoost-descriptors
4507,6.26761,5.950831,0.3167790635681156,XGBoost-descriptors
1331,6.22915,5.7826524,0.4464976219177243,XGBoost-descriptors
4208,5.635015,6.4390435,-0.8040285218811034,XGBoost-descriptors
3947,5.28432,5.2816763,0.0026437075805665,XGBoost-descriptors
796,5.50864,5.724226,-0.2155859979248049,XGBoost-descriptors
1456,5.22185,6.2109375,-0.9890875,XGBoost-descriptors
1457,5.69897,6.2109375,-0.5119674999999999,XGBoost-descriptors
2424,5.23136,7.036787,-1.8054270330810551,XGBoost-descriptors
4539,5.09259,5.7590766,-0.6664865953063961,XGBoost-descriptors
194,8.05061,6.7469616,1.303648406372071,XGBoost-descriptors
1614,7.0716,7.156709,-0.0851091941833495,XGBoost-descriptors
3809,6.05552,5.2062945,0.8492254634094234,XGBoost-descriptors
3511,5.14267,5.9899216,-0.8472515698242189,XGBoost-descriptors
4331,5.36292,6.5007014,-1.1377814274597169,XGBoost-descriptors
3972,5.34199,5.798978,-0.4569878518676757,XGBoost-descriptors
3877,6.56067,6.0891414,0.4715286311340332,XGBoost-descriptors
2992,5.3098,6.1748524,-0.8650523712158202,XGBoost-descriptors
3311,6.29243,6.4069257,-0.1144956782531734,XGBoost-descriptors
58,5.19,5.342134,-0.1521339988708492,XGBoost-descriptors
4229,6.36051,5.64668,0.7138301217651364,XGBoost-descriptors
3510,5.42713,5.846239,-0.4191090899658203,XGBoost-descriptors
3572,5.31069,5.4262533,-0.1155633187866209,XGBoost-descriptors
2150,6.72125,6.6748686,0.0463814163208011,XGBoost-descriptors
1353,8.09098,6.803145,1.2878350682067872,XGBoost-descriptors
662,8.09098,7.076639,1.014340824584961,XGBoost-descriptors
1399,7.79588,6.8382773,0.9576026600646976,XGBoost-descriptors
1477,7.16749,6.744521,0.4229688589477538,XGBoost-descriptors
2133,5.61618,6.208627,-0.5924472239685059,XGBoost-descriptors
1261,7.08092,7.9186206,-0.8377005863952638,XGBoost-descriptors
3880,6.63827,5.7489533,0.8893166575622562,XGBoost-descriptors
1558,5.25181,6.2380877,-0.9862776541137696,XGBoost-descriptors
3727,9.20066,8.432181,0.7684786416625968,XGBoost-descriptors
2591,5.57675,5.761869,-0.1851189537048343,XGBoost-descriptors
3810,5.0,5.861434,-0.8614339828491211,XGBoost-descriptors
1296,8.56864,8.8303585,-0.2617185052490232,XGBoost-descriptors
2956,7.27572,7.0696177,0.2061022517395017,XGBoost-descriptors
195,6.31876,7.99576,-1.6769999639892577,XGBoost-descriptors
1446,5.09691,6.6624446,-1.5655345915222163,XGBoost-descriptors
4273,6.6332,6.4603972,0.1728027565002445,XGBoost-descriptors
3508,6.92082,6.967185,-0.0463650204467773,XGBoost-descriptors
1717,5.78781,5.7653008,0.0225092492675784,XGBoost-descriptors
38,7.09691,6.7100935,0.3868165017700198,XGBoost-descriptors
3876,6.18177,6.551461,-0.3696912197875974,XGBoost-descriptors
4512,9.0655,7.656786,1.4087140350341798,XGBoost-descriptors
4332,5.195735,6.4944067,-1.2986717001342774,XGBoost-descriptors
1466,7.12494,6.7869654,0.3379746298217769,XGBoost-descriptors
3149,7.42022,7.1927714,0.227448565216064,XGBoost-descriptors
453,5.89963,6.521317,-0.6216870051574706,XGBoost-descriptors
1501,7.69897,7.751534,-0.0525639851379393,XGBoost-descriptors
3466,6.80883,7.3630004,-0.554170392913818,XGBoost-descriptors
719,6.21467,6.84025,-0.6255800152587891,XGBoost-descriptors
718,5.61618,6.84025,-1.2240700152587891,XGBoost-descriptors
603,6.08092,6.84025,-0.7593300152587892,XGBoost-descriptors
4078,7.95861,6.0267773,1.9318327325439453,XGBoost-descriptors
1940,6.647905,6.0090704,0.6388346035766599,XGBoost-descriptors
1324,7.33724,8.483119,-1.1458790109252923,XGBoost-descriptors
4294,7.02687,6.1229777,0.9038922663879392,XGBoost-descriptors
3455,6.40494,7.755366,-1.35042584854126,XGBoost-descriptors
4513,7.29158,7.5351543,-0.2435743426513674,XGBoost-descriptors
4157,7.046835,7.122908,-0.0760731153869631,XGBoost-descriptors
1810,6.92082,7.5760336,-0.6552135922241211,XGBoost-descriptors
3768,7.70553,6.9172773,0.788252663879395,XGBoost-descriptors
3209,6.39794,6.540311,-0.1423708596801756,XGBoost-descriptors
2137,6.5867,6.133095,0.4536052124023442,XGBoost-descriptors
3575,5.38902,5.401999,-0.0129789967346187,XGBoost-descriptors
1814,7.69897,8.077137,-0.378166993408203,XGBoost-descriptors
2320,6.93181,6.542544,0.3892661119079585,XGBoost-descriptors
4476,5.34679,5.850198,-0.5034077920532223,XGBoost-descriptors
2806,6.0348,6.078023,-0.0432229568481448,XGBoost-descriptors
1977,5.08619,6.028253,-0.9420630784606931,XGBoost-descriptors
19,5.42022,5.88684,-0.466619866638184,XGBoost-descriptors
2604,7.43063,6.258298,1.172332079772949,XGBoost-descriptors
3478,8.97469,7.5448837,1.429806271972657,XGBoost-descriptors
683,7.41567,7.7328687,-0.3171986714172359,XGBoost-descriptors
4002,5.46852,5.637958,-0.1694380497741701,XGBoost-descriptors
2167,5.82391,6.2403836,-0.4164736250305179,XGBoost-descriptors
3840,5.24336,6.3464613,-1.103101296081543,XGBoost-descriptors
745,8.29414,7.179373,1.1147672125244146,XGBoost-descriptors
581,5.21,5.8144073,-0.6044073486328125,XGBoost-descriptors
2015,6.81531,7.651705,-0.8363947882080076,XGBoost-descriptors
769,5.97,5.8201013,0.1498987388610837,XGBoost-descriptors
1583,6.64397,6.4209046,0.2230653636169437,XGBoost-descriptors
1584,7.14874,6.1182604,1.030479616394043,XGBoost-descriptors
2952,5.4828,5.9075923,-0.4247922966003417,XGBoost-descriptors
3355,5.5784,5.9180417,-0.3396417060852048,XGBoost-descriptors
203,8.07572,6.927026,1.1486942050170903,XGBoost-descriptors
3535,6.49485,6.3474884,0.147361596679687,XGBoost-descriptors
853,6.63676,7.224181,-0.5874211752319338,XGBoost-descriptors
774,6.77001,7.2126813,-0.4426712934875487,XGBoost-descriptors
771,6.91999,7.196974,-0.2769838006591794,XGBoost-descriptors
2782,5.03306,6.3104944,-1.2774344229125978,XGBoost-descriptors
1736,5.23582,5.5687523,-0.332932288818359,XGBoost-descriptors
2170,5.77211,6.083438,-0.3113279196166996,XGBoost-descriptors
1967,7.25964,5.826463,1.433176777496338,XGBoost-descriptors
3137,6.34294,6.652246,-0.3093059983825688,XGBoost-descriptors
3843,6.66555,6.54814,0.1174099510192867,XGBoost-descriptors
43,5.82391,6.3560376,-0.5321276167297366,XGBoost-descriptors
3494,8.10292,7.5647984,0.5381216448974602,XGBoost-descriptors
4104,5.14388,5.086908,0.0569721363830568,XGBoost-descriptors
933,5.26201,5.3293533,-0.0673433325195311,XGBoost-descriptors
934,5.38091,5.3293533,0.0515566674804688,XGBoost-descriptors
1468,6.20761,6.8443513,-0.6367412916564943,XGBoost-descriptors
651,6.72125,6.4140544,0.3071956062316898,XGBoost-descriptors
2303,5.29243,5.3244767,-0.0320467189025874,XGBoost-descriptors
4080,6.97964,6.7905436,0.1890964437866209,XGBoost-descriptors
239,7.56225,6.9607396,0.601510387420654,XGBoost-descriptors
685,7.48545,7.4473605,0.0380894844055177,XGBoost-descriptors
4074,5.11862,6.3928995,-1.274279513244629,XGBoost-descriptors
2741,6.05061,6.2683797,-0.2177696882629396,XGBoost-descriptors
2771,6.18842,6.541203,-0.352783022003174,XGBoost-descriptors
1443,7.0,7.856078,-0.8560781478881836,XGBoost-descriptors
712,5.25885,7.984665,-2.725814916992188,XGBoost-descriptors
678,8.52288,7.8964777,0.6264023007202155,XGBoost-descriptors
775,7.19997,7.4062667,-0.2062966893005366,XGBoost-descriptors
1265,8.05552,7.4858723,0.5696477313232418,XGBoost-descriptors
3304,7.55284,6.497291,1.0555489118957515,XGBoost-descriptors
923,9.17393,8.185973,0.9879568325805668,XGBoost-descriptors
3350,7.35952,7.3602576,-0.0007376255798341,XGBoost-descriptors
1637,5.825555,5.7634416,0.0621134373474117,XGBoost-descriptors
3089,5.97881,5.697815,0.2809950585937502,XGBoost-descriptors
3104,8.28819,6.934228,1.35396205657959,XGBoost-descriptors
310,9.24413,8.417181,0.8269489849853517,XGBoost-descriptors
2301,5.52288,5.5949388,-0.0720587550354006,XGBoost-descriptors
1026,5.52288,5.5949388,-0.0720587550354006,XGBoost-descriptors
2079,7.16115,7.3664913,-0.2053413177490233,XGBoost-descriptors
1605,6.85699,7.0810065,-0.2240165269470218,XGBoost-descriptors
3415,7.00745,7.758516,-0.7510658348083492,XGBoost-descriptors
583,5.88606,6.4729495,-0.5868895048522953,XGBoost-descriptors
4474,5.06098,6.0315933,-0.9706133227539064,XGBoost-descriptors
228,5.20066,6.4137144,-1.2130544088745117,XGBoost-descriptors
1441,7.39794,7.512452,-0.1145121255493162,XGBoost-descriptors
2605,5.22185,5.9838905,-0.7620405334472657,XGBoost-descriptors
1718,7.03152,5.485226,1.546293845672608,XGBoost-descriptors
832,7.76195,7.355101,0.4068488914489743,XGBoost-descriptors
241,8.26761,7.690253,0.5773572190856928,XGBoost-descriptors
2086,6.91721,6.9779944,-0.0607844419860841,XGBoost-descriptors
1509,7.1549,6.518915,0.635984823608398,XGBoost-descriptors
3450,6.77469,7.407681,-0.6329909883117679,XGBoost-descriptors
1949,6.714205,6.046928,0.6672770710754392,XGBoost-descriptors
679,8.38722,7.5609355,0.8262845027160637,XGBoost-descriptors
3827,6.86967,6.1904497,0.6792202853393556,XGBoost-descriptors
833,8.10846,7.6091547,0.4993052987670889,XGBoost-descriptors
71,4.97879,5.45404,-0.4752500505065917,XGBoost-descriptors
3044,8.60206,8.832832,-0.2307723364257814,XGBoost-descriptors
4333,5.17914,5.670184,-0.4910441354370114,XGBoost-descriptors
229,6.33724,6.7047653,-0.3675253198242183,XGBoost-descriptors
1164,6.96658,6.461704,0.504876222686768,XGBoost-descriptors
1788,7.1549,6.634959,0.5199407791137691,XGBoost-descriptors
874,6.01773,5.884319,0.1334111714172365,XGBoost-descriptors
2453,7.04624,6.888464,0.1577760260009766,XGBoost-descriptors
2224,8.1549,7.0460324,1.1088675712585443,XGBoost-descriptors
3185,7.4318,6.1976433,1.234156719970703,XGBoost-descriptors
4443,7.55596,6.467032,1.0889280442810056,XGBoost-descriptors
184,7.02687,7.0586324,-0.0317623738098147,XGBoost-descriptors
1431,7.28001,6.589866,0.6901438386535643,XGBoost-descriptors
3414,6.8146,7.8028436,-0.988243570709228,XGBoost-descriptors
567,5.60206,6.045162,-0.4431022009277345,XGBoost-descriptors
3937,6.56225,6.4258494,0.1364005622863766,XGBoost-descriptors
243,7.08302,7.114279,-0.0312587933349606,XGBoost-descriptors
1779,6.644945,6.6714306,-0.0264855877685548,XGBoost-descriptors
2564,6.34679,6.154733,0.1920568190002445,XGBoost-descriptors
3078,5.61979,6.6198,-1.0000100907897949,XGBoost-descriptors
2813,5.70115,6.5029206,-0.801770627593994,XGBoost-descriptors
3961,5.1549,6.5912876,-1.4363876129150397,XGBoost-descriptors
487,6.92082,7.087567,-0.1667468525695801,XGBoost-descriptors
4327,5.439715,6.1680665,-0.728351501617432,XGBoost-descriptors
4202,5.47301,5.731946,-0.2589359915161129,XGBoost-descriptors
3048,8.88606,8.408145,0.4779150491333013,XGBoost-descriptors
1262,6.75449,7.833463,-1.0789731919860843,XGBoost-descriptors
494,7.52288,6.8567348,0.6661452473449705,XGBoost-descriptors
3347,5.59007,6.8567348,-1.2666647526550294,XGBoost-descriptors
4170,5.85699,5.8988504,-0.0418604409790042,XGBoost-descriptors
4565,6.37675,6.4905105,-0.1137604637145992,XGBoost-descriptors
1811,6.56864,6.619463,-0.050822966918945,XGBoost-descriptors
3122,8.50004,7.4629807,1.0370592527771,XGBoost-descriptors
2318,5.98464,6.2179766,-0.2333365701293948,XGBoost-descriptors
1309,5.79317,7.0012746,-1.208104585723877,XGBoost-descriptors
2222,5.39794,6.9089627,-1.5110227265930174,XGBoost-descriptors
2808,6.21467,6.673143,-0.4584729100036622,XGBoost-descriptors
714,5.0048,5.7578726,-0.7530725814819332,XGBoost-descriptors
340,7.0,6.534665,0.4653348922729492,XGBoost-descriptors
3180,6.60206,6.201728,0.400332132873535,XGBoost-descriptors
2823,7.69897,6.16864,1.53032986328125,XGBoost-descriptors
1357,5.36653,6.0466976,-0.6801676165771484,XGBoost-descriptors
578,5.21,5.2404194,-0.0304193878173828,XGBoost-descriptors
563,5.28,5.77555,-0.4955498886108396,XGBoost-descriptors
4427,5.33913,7.4494224,-2.110292359466553,XGBoost-descriptors
244,7.79187,6.68836,1.103509785766602,XGBoost-descriptors
3300,7.7167,6.618972,1.0977281753540042,XGBoost-descriptors
1719,7.36653,6.618972,0.7475581753540039,XGBoost-descriptors
2068,6.34361,6.887121,-0.5435112005615235,XGBoost-descriptors
779,8.48004,7.8567104,0.6233295660400398,XGBoost-descriptors
3447,6.76955,5.9947286,0.7748214347839353,XGBoost-descriptors
2047,7.76195,6.983834,0.7781162101745602,XGBoost-descriptors
1177,8.65758,8.866595,-0.2090152682495123,XGBoost-descriptors
1632,8.28567,7.871048,0.4146220263671871,XGBoost-descriptors
3682,5.65758,6.1156893,-0.4581092776489255,XGBoost-descriptors
3453,6.5064,6.9915714,-0.4851714263916014,XGBoost-descriptors
2831,5.08725,5.862961,-0.7757108154296875,XGBoost-descriptors
3732,5.39794,5.750617,-0.3526770272827146,XGBoost-descriptors
3134,7.5376,6.633321,0.9042791915893558,XGBoost-descriptors
2811,6.5376,6.703135,-0.1655350135803219,XGBoost-descriptors
2996,6.20761,6.3151,-0.1074901930236817,XGBoost-descriptors
2418,6.12205,6.457985,-0.3359349243164065,XGBoost-descriptors
2077,6.02826,6.726353,-0.6980931684875484,XGBoost-descriptors
3559,6.09151,6.4191346,-0.3276246168518062,XGBoost-descriptors
154,6.72125,7.249559,-0.5283089256286617,XGBoost-descriptors
4569,7.284,7.367275,-0.0832752380371095,XGBoost-descriptors
3499,7.31966,7.8005567,-0.4808966596984865,XGBoost-descriptors
2153,6.10237,6.0756373,0.0267326594543453,XGBoost-descriptors
4329,5.37479,6.624023,-1.2492329606628418,XGBoost-descriptors
134,6.14874,6.125811,0.0229288999938965,XGBoost-descriptors
3667,7.64397,7.8655934,-0.2216234333801265,XGBoost-descriptors
1818,6.0,6.028071,-0.0280709266662597,XGBoost-descriptors
56,5.35,5.3168945,0.0331054687499996,XGBoost-descriptors
4429,5.0,6.237351,-1.2373509407043457,XGBoost-descriptors
3919,7.88606,7.733004,0.1530559068298336,XGBoost-descriptors
480,7.30103,6.3363166,0.9647134144592284,XGBoost-descriptors
1790,6.02506,6.7746615,-0.7496015409851076,XGBoost-descriptors
1782,7.134205,6.178338,0.9558669491577144,XGBoost-descriptors
3998,5.38722,6.4686813,-1.0814613354492186,XGBoost-descriptors
928,8.85078,7.0966973,1.7540826695251468,XGBoost-descriptors
205,6.081145,6.111661,-0.0305159573364255,XGBoost-descriptors
727,7.13312,6.0302243,1.1028956767272948,XGBoost-descriptors
1881,8.29757,8.609305,-0.311735381774902,XGBoost-descriptors
1966,5.20066,5.9650426,-0.7643825910949706,XGBoost-descriptors
4362,5.37779,6.621832,-1.2440418939208984,XGBoost-descriptors
571,7.13077,6.3354173,0.7953527293395997,XGBoost-descriptors
3894,5.59482,6.7342052,-1.1393852459716791,XGBoost-descriptors
490,6.18709,6.1450925,0.0419975126647953,XGBoost-descriptors
3845,6.64782,6.156533,0.4912872355651858,XGBoost-descriptors
1294,8.72125,8.919105,-0.1978545761108403,XGBoost-descriptors
943,5.67778,5.8078265,-0.1300465190124509,XGBoost-descriptors
3672,7.09691,6.697717,0.3991928102111819,XGBoost-descriptors
3671,9.48149,8.950433,0.5310572225952157,XGBoost-descriptors
3100,8.44249,7.1001706,1.3423193876647943,XGBoost-descriptors
1791,5.5391,6.3612795,-0.8221794876098629,XGBoost-descriptors
4434,7.04096,6.062292,0.9786679010009768,XGBoost-descriptors
589,6.58503,5.081894,1.5031360791015622,XGBoost-descriptors
1358,5.44855,5.7410474,-0.2924973823547363,XGBoost-descriptors
1275,5.35655,6.7229247,-1.366374709320068,XGBoost-descriptors
1751,6.31069,6.5270686,-0.2163786149597166,XGBoost-descriptors
4004,8.0,6.54733,1.4526700973510742,XGBoost-descriptors
872,8.17718,6.7015343,1.4756457287597655,XGBoost-descriptors
2289,6.56915,6.6338115,-0.0646614738464359,XGBoost-descriptors
4249,6.92082,6.0752425,0.8455774806213379,XGBoost-descriptors
1194,9.31876,7.997413,1.3213468415832512,XGBoost-descriptors
359,7.04576,8.187226,-1.1414662954711918,XGBoost-descriptors
1185,7.76955,6.183597,1.5859529121398923,XGBoost-descriptors
1240,7.88606,6.6768303,1.2092297082519528,XGBoost-descriptors
366,8.02687,6.718952,1.3079178210449225,XGBoost-descriptors
1127,6.8962,6.604453,0.291746913146973,XGBoost-descriptors
1965,5.60206,7.522964,-1.9209040007019045,XGBoost-descriptors
237,7.93181,7.570614,0.3611961389160152,XGBoost-descriptors
1458,6.09691,6.373022,-0.2761120794677731,XGBoost-descriptors
251,7.09909,6.4548416,0.6442483862304691,XGBoost-descriptors
3051,5.49485,6.1639304,-0.6690804161071782,XGBoost-descriptors
3841,7.0,6.037287,0.9627127647399902,XGBoost-descriptors
3144,6.31876,6.640675,-0.3219150679016112,XGBoost-descriptors
777,8.18,7.7950277,0.3849722671508786,XGBoost-descriptors
772,8.24003,8.09244,0.147590348510743,XGBoost-descriptors
1692,5.07,5.509128,-0.4391280937194821,XGBoost-descriptors
1439,6.30103,7.302937,-1.0019070307922364,XGBoost-descriptors
146,6.18177,6.2380567,-0.0562866596984861,XGBoost-descriptors
1402,7.49485,6.875185,0.6196649871826168,XGBoost-descriptors
462,5.527355,5.7178283,-0.1904732737731933,XGBoost-descriptors
3928,9.13668,8.569736,0.5669444729614259,XGBoost-descriptors
4129,6.27474,6.336459,-0.0617191598510737,XGBoost-descriptors
3050,6.10791,6.4391346,-0.3312245977783199,XGBoost-descriptors
165,5.98297,5.8949757,0.0879943377685545,XGBoost-descriptors
1351,6.30103,6.7282276,-0.4271976153564454,XGBoost-descriptors
1095,7.16749,7.034975,0.1325149481201171,XGBoost-descriptors
2926,7.35556,7.009084,0.3464757752990719,XGBoost-descriptors
3858,5.34679,6.328222,-0.9814317979431147,XGBoost-descriptors
2451,5.89466,5.618179,0.2764811555480957,XGBoost-descriptors
1800,7.01323,5.898588,1.114641819458008,XGBoost-descriptors
4001,5.82391,5.9079723,-0.0840623358154299,XGBoost-descriptors
731,5.49435,6.565815,-1.0714649719238285,XGBoost-descriptors
1063,6.35655,6.3327527,0.023797295379639,XGBoost-descriptors
2898,6.96497,8.097209,-1.1322389767456054,XGBoost-descriptors
1430,7.79997,6.640378,1.1595920016479493,XGBoost-descriptors
4244,6.71897,5.9541483,0.7648217074584958,XGBoost-descriptors
3340,5.05849,5.875176,-0.816685952911377,XGBoost-descriptors
4470,5.23359,6.128447,-0.89485705581665,XGBoost-descriptors
4478,6.04576,6.347717,-0.3019568083190922,XGBoost-descriptors
4475,7.14874,5.866942,1.2817980711364747,XGBoost-descriptors
3786,6.09745,6.084549,0.0129010498046877,XGBoost-descriptors
3505,9.56864,7.6005726,1.96806741394043,XGBoost-descriptors
3464,7.81816,7.316313,0.5018472100830076,XGBoost-descriptors
1334,5.88606,6.2908945,-0.4048345083618168,XGBoost-descriptors
1559,7.30103,6.569595,0.7314351399230956,XGBoost-descriptors
1269,5.04096,7.0590186,-2.018058611907959,XGBoost-descriptors
1527,5.00877,6.074755,-1.0659851918029783,XGBoost-descriptors
741,7.14206,7.2274156,-0.0853555616760255,XGBoost-descriptors
1245,5.39794,5.95471,-0.556770006713867,XGBoost-descriptors
4210,5.767,6.6676955,-0.9006955223083493,XGBoost-descriptors
238,7.90658,8.056857,-0.1502771090698242,XGBoost-descriptors
3846,6.08619,6.3661904,-0.280000433502197,XGBoost-descriptors
594,9.52288,9.023361,0.4995187939453132,XGBoost-descriptors
2135,7.74473,6.072161,1.6725688023376462,XGBoost-descriptors
717,7.42022,7.1453443,0.2748757426452632,XGBoost-descriptors
1004,6.82391,6.617023,0.2068870088195797,XGBoost-descriptors
3669,7.91721,8.411303,-0.4940925665283204,XGBoost-descriptors
1448,5.04576,6.0676723,-1.0219122526550295,XGBoost-descriptors
4264,6.29229,6.6045446,-0.3122546395874019,XGBoost-descriptors
2467,7.73755,7.1300106,0.6075393951416013,XGBoost-descriptors
1813,7.52288,7.5353403,-0.0124603091430666,XGBoost-descriptors
4563,6.94692,6.3685603,0.5783596858215336,XGBoost-descriptors
4363,7.5376,6.0977306,1.4398693634033206,XGBoost-descriptors
3183,5.02687,5.548619,-0.5217487934875491,XGBoost-descriptors
1188,5.92082,6.901457,-0.9806368328857422,XGBoost-descriptors
3668,7.93181,8.425704,-0.4938940023803715,XGBoost-descriptors
3957,5.31426,6.5354533,-1.2211933195495606,XGBoost-descriptors
4524,7.39794,7.176746,0.2211941084289552,XGBoost-descriptors
653,6.12494,6.8818064,-0.7568663735961918,XGBoost-descriptors
3728,8.90309,7.8064947,1.0965952871704108,XGBoost-descriptors
4263,6.2583,6.644818,-0.3865178291320799,XGBoost-descriptors
4158,7.19382,6.2046866,0.9891333583068844,XGBoost-descriptors
0,6.12494,6.23565,-0.1107100625610355,XGBoost-descriptors
1057,6.60206,5.9615197,0.6405402818298338,XGBoost-descriptors
2221,6.90309,7.5403795,-0.6372895242309573,XGBoost-descriptors
915,5.23657,6.731405,-1.4948347813415523,XGBoost-descriptors
851,6.54303,6.9914193,-0.4483893153381348,XGBoost-descriptors
472,7.65758,7.4904675,0.1671124516296389,XGBoost-descriptors
3383,6.51999,5.944739,0.5752511351013183,XGBoost-descriptors
1364,6.6103,6.602612,0.0076879814147945,XGBoost-descriptors
1781,6.90344,6.7770996,0.1263403906249998,XGBoost-descriptors
3916,5.25964,6.2924576,-1.0328175805664062,XGBoost-descriptors
1416,8.43997,6.935799,1.5041708781433112,XGBoost-descriptors
362,6.65758,6.2738605,0.3837195454406741,XGBoost-descriptors
1467,7.22185,6.961057,0.2607928138732909,XGBoost-descriptors
1039,6.69897,6.890552,-0.1915820439147948,XGBoost-descriptors
1454,8.0,7.778302,0.2216978073120117,XGBoost-descriptors
4347,5.71444,6.0778875,-0.3634475350952151,XGBoost-descriptors
1129,6.92082,6.042898,0.877921821899414,XGBoost-descriptors
3473,8.7122,9.1977005,-0.4855005004882819,XGBoost-descriptors
1797,6.78781,5.947456,0.8403541169738773,XGBoost-descriptors
566,5.82391,5.081894,0.7420160791015622,XGBoost-descriptors
3509,5.25337,6.123815,-0.8704450596618649,XGBoost-descriptors
4353,6.86646,6.3562245,0.510235463104248,XGBoost-descriptors
2296,6.72946,6.7195764,0.0098836412048344,XGBoost-descriptors
3790,6.03953,6.600611,-0.5610812098693847,XGBoost-descriptors
2923,7.74473,6.342457,1.4022731823730463,XGBoost-descriptors
1518,7.54668,6.913665,0.6330151821899417,XGBoost-descriptors
1330,8.52288,8.980703,-0.4578233538818352,XGBoost-descriptors
3147,6.284,6.314632,-0.0306319389343263,XGBoost-descriptors
1483,6.95861,6.698391,0.2602190393066408,XGBoost-descriptors
2136,6.79588,6.2258515,0.5700284642028812,XGBoost-descriptors
4348,5.71444,6.556562,-0.8421219468688967,XGBoost-descriptors
1367,7.0,6.0911317,0.9088683128356934,XGBoost-descriptors
1247,5.0,6.4699144,-1.469914436340332,XGBoost-descriptors
3417,7.96981,7.040903,0.9289069085693358,XGBoost-descriptors
1191,7.88606,6.95003,0.936030149993896,XGBoost-descriptors
2949,8.75007,6.7609844,1.989085579223632,XGBoost-descriptors
187,5.35655,6.8601146,-1.503564574432373,XGBoost-descriptors
4152,7.60206,6.9964623,0.6055976548767088,XGBoost-descriptors
1604,7.04818,6.86388,0.1842998425292972,XGBoost-descriptors
871,7.70553,8.09234,-0.3868104693603511,XGBoost-descriptors
2134,6.72816,6.0948706,0.6332894326782226,XGBoost-descriptors
3297,7.08092,6.3227053,0.7582147311401366,XGBoost-descriptors
1315,8.35655,8.558647,-0.2020971557617183,XGBoost-descriptors
2558,6.01278,5.7466464,0.2661335957336428,XGBoost-descriptors
3962,5.76955,6.395157,-0.6256068603515628,XGBoost-descriptors
4568,7.95468,5.8640413,2.090638671569824,XGBoost-descriptors
1980,6.09691,6.153354,-0.0564441679382321,XGBoost-descriptors
2812,5.93554,6.4208465,-0.4853064622497562,XGBoost-descriptors
3927,8.87615,6.817898,2.058252203369141,XGBoost-descriptors
3099,7.5817,6.702921,0.8787790863037106,XGBoost-descriptors
4346,5.71444,6.3025804,-0.5881403565979006,XGBoost-descriptors
2085,7.34679,6.9779944,0.3687955580139164,XGBoost-descriptors
1824,5.30715,5.5940495,-0.2868994537353515,XGBoost-descriptors
3863,7.52244,5.866872,1.65556816619873,XGBoost-descriptors
1328,8.82391,9.053668,-0.229758022155762,XGBoost-descriptors
3766,7.65365,6.9923472,0.6613027595520018,XGBoost-descriptors
972,7.6038,7.829239,-0.2254388916015628,XGBoost-descriptors
3483,8.89279,6.101419,2.791371027984619,XGBoost-descriptors
3482,8.80967,6.101419,2.70825102798462,XGBoost-descriptors
3933,6.98297,7.208373,-0.2254030697631837,XGBoost-descriptors
3837,6.04576,6.20297,-0.1572100279235844,XGBoost-descriptors
3299,6.1261,6.277789,-0.1516891159057616,XGBoost-descriptors
1274,6.52288,6.586438,-0.0635581790161134,XGBoost-descriptors
2081,6.92812,6.139006,0.7891138621520994,XGBoost-descriptors
1365,6.79371,6.214131,0.5795791215515136,XGBoost-descriptors
891,6.74232,6.1881747,0.5541452754211429,XGBoost-descriptors
1410,5.52288,5.7587247,-0.2358446894836428,XGBoost-descriptors
2951,5.97,7.365964,-1.395963935852051,XGBoost-descriptors
1635,6.61979,5.8287196,0.7910703840637208,XGBoost-descriptors
79,7.39794,7.358437,0.0395029386901857,XGBoost-descriptors
2225,7.22915,7.667636,-0.4384859176635745,XGBoost-descriptors
181,5.48149,7.77608,-2.2945901315307617,XGBoost-descriptors
1693,5.77,5.3766,0.3934002113342281,XGBoost-descriptors
1613,8.34775,7.1403837,1.2073662796020503,XGBoost-descriptors
3971,5.49485,5.565609,-0.0707589782714848,XGBoost-descriptors
190,5.0,6.339416,-1.3394160270690918,XGBoost-descriptors
3819,5.28233,6.467672,-1.1853418711853028,XGBoost-descriptors
1453,9.0,7.416813,1.5831871032714844,XGBoost-descriptors
900,7.44977,7.0544453,0.3953247332763672,XGBoost-descriptors
3785,6.00524,6.600611,-0.5953712098693851,XGBoost-descriptors
582,6.48149,5.9238267,0.5576633055114746,XGBoost-descriptors
1746,5.18842,6.2045026,-1.016082582550049,XGBoost-descriptors
1027,5.22185,5.688788,-0.4669379371643067,XGBoost-descriptors
773,8.24003,8.21396,0.0260703060913094,XGBoost-descriptors
1297,8.79588,8.765319,0.0305611294555667,XGBoost-descriptors
471,7.521435,7.3925996,0.1288354173278811,XGBoost-descriptors
505,7.0,6.990312,0.0096879005432128,XGBoost-descriptors
3418,8.96658,7.0376835,1.928896513061524,XGBoost-descriptors
1409,5.0,6.524587,-1.5245871543884275,XGBoost-descriptors
3098,7.51286,6.8892975,0.6235625146484374,XGBoost-descriptors
395,5.47,5.70607,-0.2360699462890627,XGBoost-descriptors
1859,5.38195,5.735066,-0.3531159370422365,XGBoost-descriptors
3156,7.2321,7.246561,-0.014461050415039,XGBoost-descriptors
1341,5.07058,6.449276,-1.3786959704589847,XGBoost-descriptors
3155,7.62709,7.751174,-0.1240839730834961,XGBoost-descriptors
3120,8.70006,7.6240616,1.0759984155273443,XGBoost-descriptors
4087,9.284,8.419539,0.8644605484008796,XGBoost-descriptors
3056,6.85387,6.7502785,0.103591527099609,XGBoost-descriptors
4324,6.30016,6.56374,-0.2635797766113281,XGBoost-descriptors
4330,5.50328,6.5007014,-0.9974214274597166,XGBoost-descriptors
1722,5.17005,5.600765,-0.4307152282714845,XGBoost-descriptors
3864,5.4828,7.0266213,-1.543821341705322,XGBoost-descriptors
49,7.09691,6.955213,0.1416969300842288,XGBoost-descriptors
1029,5.30103,5.3543596,-0.0533296267700196,XGBoost-descriptors
1943,5.377875,6.7331147,-1.3552397193908687,XGBoost-descriptors
176,6.48149,6.214131,0.2673591215515136,XGBoost-descriptors
123,6.48149,6.214131,0.2673591215515136,XGBoost-descriptors
356,6.46852,6.7900896,-0.3215696072387697,XGBoost-descriptors
3298,6.6517,6.5296116,0.1220884124755858,XGBoost-descriptors
53,5.03152,6.3786845,-1.347164520721435,XGBoost-descriptors
2358,6.21467,6.22125,-0.006580057220459,XGBoost-descriptors
3943,6.2636,6.143355,0.1202451072692873,XGBoost-descriptors
1540,5.23307,6.134598,-0.9015277783203128,XGBoost-descriptors
355,6.67778,6.2627068,0.4150732434082034,XGBoost-descriptors
212,6.67801,6.2627068,0.4153032434082027,XGBoost-descriptors
4473,7.63078,6.7860813,0.8446986859130856,XGBoost-descriptors
850,6.41623,6.150496,0.2657339939880367,XGBoost-descriptors
3500,8.42022,8.1232,0.2970195834350591,XGBoost-descriptors
3870,5.01323,5.843431,-0.830200995941162,XGBoost-descriptors
4245,9.36653,6.428547,2.937983094482421,XGBoost-descriptors
2393,5.79317,5.878809,-0.0856389752197266,XGBoost-descriptors
3950,7.04576,6.542651,0.5031088235473629,XGBoost-descriptors
2223,6.88606,6.9621835,-0.0761234754943851,XGBoost-descriptors
1536,5.64859,6.491988,-0.8433981820678706,XGBoost-descriptors
3931,7.0,7.3729615,-0.3729615211486816,XGBoost-descriptors
3709,5.88406,6.678962,-0.7949022306823732,XGBoost-descriptors
4100,5.34104,5.357984,-0.0169440660095219,XGBoost-descriptors
110,8.34679,7.039866,1.306924029388428,XGBoost-descriptors
4514,8.93554,6.9792333,1.956306735076904,XGBoost-descriptors
1804,7.00877,6.6376987,0.3710713496398927,XGBoost-descriptors
2785,7.15927,6.038966,1.1203038211059573,XGBoost-descriptors
960,5.22915,5.8095603,-0.580410298919678,XGBoost-descriptors
249,7.26281,7.055275,0.2075350366210937,XGBoost-descriptors
1945,6.174285,6.6796327,-0.5053476637268064,XGBoost-descriptors
1539,5.1261,7.161042,-2.0349422134399413,XGBoost-descriptors
3549,6.17393,6.0885983,0.0853317486572269,XGBoost-descriptors
3477,8.24872,8.847248,-0.5985280773925776,XGBoost-descriptors
1010,6.0,6.606826,-0.6068258285522461,XGBoost-descriptors
2755,7.34998,6.9978075,0.3521724972534183,XGBoost-descriptors
4328,5.09155,6.624023,-1.532472960662842,XGBoost-descriptors
1181,6.46852,8.623264,-2.154744312744141,XGBoost-descriptors
1493,7.60206,6.816293,0.7857672372436522,XGBoost-descriptors
4084,5.4045,6.2987137,-0.8942136840820316,XGBoost-descriptors
579,6.04576,6.0690684,-0.0233084318542484,XGBoost-descriptors
3112,6.70997,6.7572746,-0.0473046276855466,XGBoost-descriptors
1012,5.6,6.424621,-0.8246211051940922,XGBoost-descriptors
1484,6.88606,5.615128209392985,1.2709317906070146,LightGBM-descriptors
3113,8.38616,6.489841212643191,1.896318787356809,LightGBM-descriptors
45,6.03152,6.49294195020775,-0.4614219502077494,LightGBM-descriptors
686,5.96257,6.541164476658051,-0.5785944766580506,LightGBM-descriptors
2931,5.89963,5.931494189255825,-0.0318641892558249,LightGBM-descriptors
4105,6.0655,6.134320723423408,-0.0688207234234079,LightGBM-descriptors
1778,5.211255,6.36392145730207,-1.15266645730207,LightGBM-descriptors
3362,5.04096,5.816258894649407,-0.7752988946494064,LightGBM-descriptors
1447,6.52288,6.620344073146421,-0.0974640731464209,LightGBM-descriptors
3076,5.18709,5.949099290370366,-0.7620092903703659,LightGBM-descriptors
4373,7.4437,6.201298226157622,1.2424017738423778,LightGBM-descriptors
1538,5.1607,5.776021078162653,-0.615321078162653,LightGBM-descriptors
500,6.16115,6.589527133309068,-0.428377133309068,LightGBM-descriptors
892,5.55752,5.450856665856848,0.1066633341431524,LightGBM-descriptors
2710,6.1549,5.557103918176818,0.5977960818231818,LightGBM-descriptors
2955,8.90309,7.407815258127926,1.4952747418720742,LightGBM-descriptors
1603,6.92445,7.239945728391796,-0.315495728391796,LightGBM-descriptors
1455,7.69897,7.91077242697807,-0.2118024269780702,LightGBM-descriptors
252,6.67778,6.959785813806444,-0.2820058138064434,LightGBM-descriptors
1936,6.36552,8.22956883173515,-1.8640488317351505,LightGBM-descriptors
3932,6.28316,7.4884002934156575,-1.205240293415658,LightGBM-descriptors
3158,9.13668,8.92963697949564,0.2070430205043596,LightGBM-descriptors
4119,5.48945,6.524364812802755,-1.0349148128027554,LightGBM-descriptors
1156,7.19382,7.573069555556192,-0.3792495555561928,LightGBM-descriptors
728,5.99443,6.049385497560371,-0.0549554975603703,LightGBM-descriptors
4374,7.173394999999999,7.148637022084567,0.0247579779154323,LightGBM-descriptors
3986,7.4437,7.148637022084567,0.2950629779154328,LightGBM-descriptors
3987,7.49485,7.148637022084567,0.3462129779154326,LightGBM-descriptors
2686,5.45967,7.533255911722413,-2.0735859117224127,LightGBM-descriptors
1568,5.04576,5.554842158282517,-0.5090821582825171,LightGBM-descriptors
4233,5.94006,5.6719482526321805,0.2681117473678194,LightGBM-descriptors
3784,6.19382,7.390050396200979,-1.1962303962009797,LightGBM-descriptors
1850,5.01323,6.533971370578007,-1.5207413705780066,LightGBM-descriptors
2169,6.04096,5.745124938061414,0.2958350619385861,LightGBM-descriptors
663,5.72816,6.606674669797615,-0.8785146697976147,LightGBM-descriptors
4484,6.36653,6.14443826381791,0.2220917361820902,LightGBM-descriptors
2817,5.07572,5.448887700998836,-0.3731677009988363,LightGBM-descriptors
1189,6.09691,6.725190500582976,-0.6282805005829752,LightGBM-descriptors
3859,7.45643,5.720829916717682,1.7356000832823175,LightGBM-descriptors
747,8.24795,7.657750013614951,0.5901999863850484,LightGBM-descriptors
1762,5.13668,6.488997432140418,-1.352317432140418,LightGBM-descriptors
4436,5.31158,6.418515131098209,-1.1069351310982087,LightGBM-descriptors
1807,8.3279,7.324061610972736,1.0038383890272635,LightGBM-descriptors
1976,8.17393,8.377830139069047,-0.2039001390690469,LightGBM-descriptors
978,6.17783,6.693326838559918,-0.5154968385599181,LightGBM-descriptors
419,5.42022,5.580409914152293,-0.1601899141522933,LightGBM-descriptors
1339,5.17393,7.080451993827646,-1.9065219938276456,LightGBM-descriptors
3561,5.29243,6.530328466941623,-1.2378984669416226,LightGBM-descriptors
1186,5.79588,6.53312939988601,-0.7372493998860099,LightGBM-descriptors
185,6.65758,6.060248820991301,0.597331179008699,LightGBM-descriptors
1333,6.05061,6.137618168617785,-0.0870081686177854,LightGBM-descriptors
3361,5.16749,6.416035933843021,-1.2485459338430207,LightGBM-descriptors
3046,8.85387,8.578496960144086,0.2753730398559142,LightGBM-descriptors
159,5.0,6.101702359291377,-1.1017023592913766,LightGBM-descriptors
3707,8.04576,7.308686936486364,0.7370730635136358,LightGBM-descriptors
3489,6.56067,6.83770422210232,-0.2770342221023201,LightGBM-descriptors
1451,7.09691,7.281197935234506,-0.1842879352345061,LightGBM-descriptors
742,6.86967,6.768252984459763,0.1014170155402371,LightGBM-descriptors
1202,8.55284,6.408887089868712,2.143952910131288,LightGBM-descriptors
1337,5.5376,6.798651267962814,-1.261051267962814,LightGBM-descriptors
4250,8.4828,6.978562414870154,1.5042375851298448,LightGBM-descriptors
2313,9.0655,7.968017387915764,1.097482612084236,LightGBM-descriptors
1601,6.18709,6.157930403414045,0.0291595965859556,LightGBM-descriptors
4247,7.25964,6.252702713222332,1.006937286777668,LightGBM-descriptors
188,9.08619,7.016708439396842,2.0694815606031582,LightGBM-descriptors
412,7.030094999999999,5.967316072563628,1.062778927436371,LightGBM-descriptors
3128,6.4,7.590586941824399,-1.1905869418243986,LightGBM-descriptors
140,6.4437,6.902219988515658,-0.4585199885156585,LightGBM-descriptors
1984,5.17393,5.979356417824808,-0.8054264178248074,LightGBM-descriptors
1567,5.73283,6.262678633796946,-0.5298486337969459,LightGBM-descriptors
1848,5.08619,5.563115774575675,-0.4769257745756752,LightGBM-descriptors
1939,5.819455,6.063664731448135,-0.2442097314481355,LightGBM-descriptors
1875,5.30103,6.465349546301962,-1.1643195463019618,LightGBM-descriptors
3721,8.76955,6.992620522337345,1.7769294776626552,LightGBM-descriptors
1947,6.697985,6.288838697205718,0.4091463027942819,LightGBM-descriptors
4359,5.12321,6.011438067964098,-0.8882280679640981,LightGBM-descriptors
3070,6.14509,7.170814282536646,-1.025724282536646,LightGBM-descriptors
4171,5.70333,6.021931145156252,-0.3186011451562516,LightGBM-descriptors
1182,7.88606,6.912413357877424,0.973646642122576,LightGBM-descriptors
2168,5.00087,5.964232312729108,-0.9633623127291076,LightGBM-descriptors
191,8.52288,6.637795305381904,1.8850846946180964,LightGBM-descriptors
2151,6.16115,7.169614821307583,-1.0084648213075829,LightGBM-descriptors
2821,7.52288,5.9510679006536975,1.5718120993463025,LightGBM-descriptors
3913,6.99482,6.30415930325244,0.6906606967475604,LightGBM-descriptors
1442,7.30103,7.8200470239841025,-0.5190170239841025,LightGBM-descriptors
615,6.44,6.007997497178189,0.4320025028218115,LightGBM-descriptors
3344,5.24872,5.8950884871735685,-0.6463684871735689,LightGBM-descriptors
3724,8.59007,8.048097794867273,0.541972205132728,LightGBM-descriptors
649,8.34679,6.905426234251358,1.4413637657486422,LightGBM-descriptors
278,6.69001,6.578832113282403,0.1111778867175967,LightGBM-descriptors
282,7.11003,7.342278434196458,-0.2322484341964577,LightGBM-descriptors
955,6.26761,5.994540676922693,0.2730693230773076,LightGBM-descriptors
2727,6.0,5.749153453703779,0.2508465462962208,LightGBM-descriptors
1934,7.13966,8.41647698036908,-1.2768169803690794,LightGBM-descriptors
503,5.88606,6.591425519137241,-0.7053655191372412,LightGBM-descriptors
3951,7.0,6.104997942968888,0.8950020570311121,LightGBM-descriptors
4003,7.5376,6.169919279998109,1.367680720001891,LightGBM-descriptors
3708,5.85574,7.147334600725149,-1.2915946007251486,LightGBM-descriptors
1784,6.319135,6.073539208026641,0.2455957919733595,LightGBM-descriptors
1523,6.50864,6.772688776431794,-0.2640487764317942,LightGBM-descriptors
4123,7.95468,7.229132793759996,0.7255472062400035,LightGBM-descriptors
1982,5.07058,6.141840506048386,-1.071260506048386,LightGBM-descriptors
3818,5.41794,5.748225593310887,-0.3302855933108874,LightGBM-descriptors
1817,6.09691,6.202969468363327,-0.1060594683633269,LightGBM-descriptors
3924,7.23657,6.27237052409275,0.9641994759072504,LightGBM-descriptors
2474,6.15366,6.413406525772642,-0.2597465257726412,LightGBM-descriptors
2013,6.48812,6.974980613661823,-0.4868606136618227,LightGBM-descriptors
1408,5.4318,6.286658932929605,-0.8548589329296048,LightGBM-descriptors
3476,8.35556,8.565970256278488,-0.2104102562784877,LightGBM-descriptors
1548,5.8716,5.973998700477051,-0.1023987004770514,LightGBM-descriptors
1276,7.6073,7.132767270345021,0.474532729654979,LightGBM-descriptors
4511,8.20066,7.42669652642502,0.7739634735749794,LightGBM-descriptors
669,5.46725,6.849791207027369,-1.3825412070273693,LightGBM-descriptors
2469,6.59346,5.950799236528908,0.6426607634710919,LightGBM-descriptors
1471,6.25964,6.529820830574462,-0.2701808305744615,LightGBM-descriptors
3991,9.30103,6.091792655592521,3.20923734440748,LightGBM-descriptors
1964,7.84771,7.61436685484611,0.2333431451538903,LightGBM-descriptors
2048,7.66555,7.246381888706889,0.4191681112931107,LightGBM-descriptors
2088,5.98716,6.630449685207672,-0.6432896852076722,LightGBM-descriptors
112,7.49485,7.018780621718893,0.4760693782811067,LightGBM-descriptors
3576,5.63676,5.459630220565288,0.1771297794347122,LightGBM-descriptors
2479,5.22257,5.370720701626931,-0.148150701626931,LightGBM-descriptors
2542,5.0,6.093039048197947,-1.093039048197947,LightGBM-descriptors
2592,5.20691,5.488574048460464,-0.2816640484604642,LightGBM-descriptors
1405,6.1549,6.821910581696016,-0.6670105816960161,LightGBM-descriptors
2834,5.86646,5.720336513127097,0.1461234868729031,LightGBM-descriptors
3999,5.72125,6.628957616647179,-0.9077076166471788,LightGBM-descriptors
1461,5.00877,5.748838824415244,-0.7400688244152436,LightGBM-descriptors
3069,7.02687,7.472490353523401,-0.4456203535234015,LightGBM-descriptors
2709,6.52288,6.149496062433995,0.3733839375660048,LightGBM-descriptors
845,5.89,6.324622836986315,-0.434622836986315,LightGBM-descriptors
1946,6.664775,6.704144212063,-0.0393692120630007,LightGBM-descriptors
1715,7.92082,6.495622405684098,1.425197594315902,LightGBM-descriptors
3917,6.60206,6.264171419210828,0.3378885807891718,LightGBM-descriptors
2144,6.30715,6.194025620352208,0.1131243796477923,LightGBM-descriptors
2319,6.65365,6.344609695194087,0.3090403048059134,LightGBM-descriptors
889,6.48545,5.434209006184592,1.0512409938154086,LightGBM-descriptors
822,6.84164,6.843388113364955,-0.0017481133649548,LightGBM-descriptors
2606,5.17457,6.547197203745746,-1.372627203745746,LightGBM-descriptors
1005,6.79588,7.179952346153473,-0.3840723461534727,LightGBM-descriptors
3723,8.61979,8.3627464823602,0.2570435176398007,LightGBM-descriptors
3029,5.86012,5.769518222258283,0.0906017777417176,LightGBM-descriptors
654,7.26761,6.835613686606517,0.4319963133934834,LightGBM-descriptors
1709,5.85,5.428690719279302,0.4213092807206973,LightGBM-descriptors
3960,6.72125,6.136651203192755,0.5845987968072457,LightGBM-descriptors
23,5.34679,6.400007364636466,-1.053217364636466,LightGBM-descriptors
37,7.39794,7.145264814791739,0.2526751852082611,LightGBM-descriptors
4093,5.93554,5.509545773784404,0.4259942262155958,LightGBM-descriptors
1338,5.38722,5.477715009554055,-0.0904950095540551,LightGBM-descriptors
4151,5.05502,6.360376271425027,-1.305356271425027,LightGBM-descriptors
4005,6.52288,6.321492162774673,0.2013878372253268,LightGBM-descriptors
561,6.3279,5.919447012067169,0.4084529879328302,LightGBM-descriptors
517,5.4023,6.170001831781403,-0.7677018317814026,LightGBM-descriptors
2702,5.11805,5.507761436184313,-0.3897114361843128,LightGBM-descriptors
1168,5.52288,7.043785331371852,-1.5209053313718526,LightGBM-descriptors
1414,7.59998,7.314435766654753,0.2855442333452478,LightGBM-descriptors
882,9.0,5.445454104685716,3.554545895314284,LightGBM-descriptors
1475,7.61979,6.483399096738414,1.136390903261586,LightGBM-descriptors
50,6.42022,6.8998915597019455,-0.4796715597019458,LightGBM-descriptors
1562,6.56067,6.7984233680175485,-0.2377533680175485,LightGBM-descriptors
2773,6.11976,5.949973664418359,0.1697863355816418,LightGBM-descriptors
4162,5.55596,5.827028451135639,-0.2710684511356387,LightGBM-descriptors
2655,5.41794,6.309698441859036,-0.8917584418590359,LightGBM-descriptors
3474,8.53165,8.750171127629482,-0.2185211276294811,LightGBM-descriptors
2589,6.14874,5.555883636994997,0.5928563630050032,LightGBM-descriptors
4570,8.58336,8.21132017247742,0.3720398275225811,LightGBM-descriptors
4149,5.75696,5.65473469296855,0.1022253070314507,LightGBM-descriptors
2950,8.70006,7.205851659780073,1.494208340219927,LightGBM-descriptors
1107,6.06905,6.3394199966744,-0.2703699966744004,LightGBM-descriptors
1130,8.09691,6.916753810637668,1.1801561893623314,LightGBM-descriptors
1459,5.25964,5.440569721678988,-0.1809297216789875,LightGBM-descriptors
3725,8.6216,9.065565794822854,-0.4439657948228532,LightGBM-descriptors
2468,8.15989,7.160896762016335,0.998993237983666,LightGBM-descriptors
838,7.37161,6.776172278070413,0.5954377219295877,LightGBM-descriptors
568,6.74473,6.068419102679793,0.6763108973202065,LightGBM-descriptors
502,7.60206,7.1381658614115935,0.4638941385884063,LightGBM-descriptors
3952,7.82391,7.678640660501051,0.1452693394989488,LightGBM-descriptors
873,8.73755,9.410274415312722,-0.6727244153127216,LightGBM-descriptors
3309,5.65189,6.10911245251476,-0.4572224525147597,LightGBM-descriptors
3480,7.30103,6.081056496716375,1.219973503283625,LightGBM-descriptors
3481,7.92082,6.081056496716375,1.839763503283625,LightGBM-descriptors
560,6.21467,6.05369912435366,0.1609708756463401,LightGBM-descriptors
55,5.14,5.826510437918256,-0.6865104379182565,LightGBM-descriptors
1877,5.04096,5.252433799956735,-0.2114737999567353,LightGBM-descriptors
2465,7.05502,6.835583614614726,0.2194363853852738,LightGBM-descriptors
1933,6.7167,8.47883418595044,-1.7621341859504396,LightGBM-descriptors
1494,6.20901,6.434962913078437,-0.2259529130784372,LightGBM-descriptors
1874,5.65758,7.151710511895284,-1.4941305118952837,LightGBM-descriptors
4101,5.44977,5.841222008009698,-0.3914520080096979,LightGBM-descriptors
1561,6.72125,6.177803103629932,0.5434468963700683,LightGBM-descriptors
1983,6.04576,6.034075300786128,0.0116846992138714,LightGBM-descriptors
3077,7.85387,7.475190705669034,0.3786792943309658,LightGBM-descriptors
3420,9.03152,6.449806111329646,2.581713888670355,LightGBM-descriptors
4562,6.94692,6.546979457596035,0.3999405424039652,LightGBM-descriptors
749,7.76955,7.037278804612828,0.7322711953871721,LightGBM-descriptors
839,6.91009,7.088985070279395,-0.1788950702793945,LightGBM-descriptors
3816,6.46852,6.285897672686814,0.1826223273131857,LightGBM-descriptors
333,7.55284,6.626774127271262,0.9260658727287376,LightGBM-descriptors
4057,5.52288,5.6294449685797305,-0.1065649685797307,LightGBM-descriptors
2991,5.33724,6.133962127449919,-0.7967221274499181,LightGBM-descriptors
4561,6.17522,7.151841964878631,-0.976621964878631,LightGBM-descriptors
2304,5.16115,6.087664897046789,-0.9265148970467888,LightGBM-descriptors
2493,7.52288,6.056342616292701,1.4665373837072986,LightGBM-descriptors
1266,7.42022,8.338245591840142,-0.9180255918401424,LightGBM-descriptors
352,6.92082,6.786066636965375,0.1347533630346253,LightGBM-descriptors
1745,5.78781,6.413585739349487,-0.6257757393494865,LightGBM-descriptors
3471,8.36151,8.839965764527987,-0.4784557645279861,LightGBM-descriptors
994,7.12494,5.810328763473704,1.3146112365262956,LightGBM-descriptors
507,6.85699,7.010189106325802,-0.1531991063258022,LightGBM-descriptors
957,8.59007,8.202966355968531,0.3871036440314697,LightGBM-descriptors
1798,6.98716,5.800835902373788,1.186324097626212,LightGBM-descriptors
1525,6.34199,7.583009054380085,-1.241019054380085,LightGBM-descriptors
952,7.14874,6.06354759928974,1.0851924007102598,LightGBM-descriptors
1460,5.05552,5.829568745170182,-0.7740487451701821,LightGBM-descriptors
39,7.02228,6.697932235879031,0.3243477641209695,LightGBM-descriptors
3359,6.08092,5.909959920521285,0.1709600794787151,LightGBM-descriptors
3712,8.40894,6.600196974219402,1.808743025780597,LightGBM-descriptors
1799,6.63639,5.667365436231887,0.9690245637681124,LightGBM-descriptors
3124,8.10002,8.1053245936073,-0.005304593607299,LightGBM-descriptors
4188,5.71287,6.911394135508577,-1.1985241355085776,LightGBM-descriptors
1876,5.04576,6.3053030417107605,-1.259543041710761,LightGBM-descriptors
1335,5.60206,7.130778389939437,-1.5287183899394368,LightGBM-descriptors
3502,8.20551,8.071889513035087,0.1336204869649133,LightGBM-descriptors
652,7.04576,6.549690326574115,0.4960696734258842,LightGBM-descriptors
2314,8.59176,8.416297549898763,0.1754624501012376,LightGBM-descriptors
1960,8.63827,7.1161516132984,1.5221183867016004,LightGBM-descriptors
3897,6.28316,6.309426139726504,-0.0262661397265038,LightGBM-descriptors
4092,6.26922,6.142317734908058,0.1269022650919415,LightGBM-descriptors
3562,5.49485,6.370763405848321,-0.8759134058483218,LightGBM-descriptors
1187,7.63827,7.158601480632347,0.4796685193676531,LightGBM-descriptors
1396,8.30103,6.767719003075984,1.5333109969240173,LightGBM-descriptors
384,5.0,6.160307846414146,-1.1603078464141463,LightGBM-descriptors
1524,6.58838,6.772688776431794,-0.1843087764317941,LightGBM-descriptors
3997,5.52288,5.804128615057915,-0.2812486150579154,LightGBM-descriptors
1417,8.01002,6.607970216948264,1.402049783051737,LightGBM-descriptors
2205,6.292,5.726815426242055,0.5651845737579446,LightGBM-descriptors
2454,6.40894,6.933633437332994,-0.5246934373329939,LightGBM-descriptors
2957,9.36653,7.304264153011333,2.062265846988666,LightGBM-descriptors
1332,6.20761,6.258094423519359,-0.0504844235193591,LightGBM-descriptors
780,8.47945,6.902456224776863,1.576993775223137,LightGBM-descriptors
1620,7.28651,7.040350975854236,0.246159024145764,LightGBM-descriptors
3842,6.84771,6.560949709458794,0.2867602905412063,LightGBM-descriptors
2492,5.29243,6.163914182748894,-0.8714841827488939,LightGBM-descriptors
3862,6.30103,7.390117107085783,-1.089087107085783,LightGBM-descriptors
3493,7.95861,8.096305211628648,-0.1376952116286478,LightGBM-descriptors
1849,5.17393,5.385241381733304,-0.2113113817333038,LightGBM-descriptors
4435,5.51713,6.043125953190635,-0.5259959531906349,LightGBM-descriptors
250,7.5817,7.338612111193768,0.2430878888062313,LightGBM-descriptors
4538,5.23582,5.770428571546759,-0.5346085715467588,LightGBM-descriptors
3926,9.284,6.171565732107605,3.112434267892396,LightGBM-descriptors
83,6.79588,6.933670497762875,-0.1377904977628743,LightGBM-descriptors
1744,5.75449,6.019534728170204,-0.2650447281702046,LightGBM-descriptors
314,8.4437,9.109274260223394,-0.6655742602233943,LightGBM-descriptors
2090,6.56864,5.678673733418675,0.8899662665813253,LightGBM-descriptors
2147,5.98422,6.218477111314482,-0.2342571113144824,LightGBM-descriptors
1270,5.45593,5.849616631398071,-0.3936866313980705,LightGBM-descriptors
3555,5.13668,5.969813041008846,-0.8331330410088462,LightGBM-descriptors
3954,7.33724,6.665866492978477,0.6713735070215234,LightGBM-descriptors
577,6.5376,6.401306570678565,0.1362934293214355,LightGBM-descriptors
3486,5.67366,5.377062031573583,0.2965979684264166,LightGBM-descriptors
2142,6.18111,6.103890753606843,0.0772192463931569,LightGBM-descriptors
290,5.74,6.789608272197242,-1.0496082721972415,LightGBM-descriptors
4291,7.02687,6.555980656042886,0.470889343957114,LightGBM-descriptors
3080,5.79588,7.61362307398841,-1.8177430739884104,LightGBM-descriptors
732,7.67778,6.58130882724492,1.0964711727550809,LightGBM-descriptors
2049,8.16115,6.93525991675976,1.2258900832402393,LightGBM-descriptors
1808,7.76955,7.381897450131826,0.3876525498681733,LightGBM-descriptors
4323,5.32883,5.228997628768991,0.0998323712310087,LightGBM-descriptors
1546,5.33287,5.927574096581548,-0.5947040965815482,LightGBM-descriptors
3103,8.72125,6.467442483617121,2.253807516382879,LightGBM-descriptors
2363,7.17393,6.098680017574592,1.075249982425408,LightGBM-descriptors
2217,6.44733,6.711724509055923,-0.264394509055923,LightGBM-descriptors
729,5.87234,6.038792348553977,-0.1664523485539764,LightGBM-descriptors
173,6.740745,6.426310711873072,0.3144342881269288,LightGBM-descriptors
4154,5.48149,6.324656913601999,-0.8431669136019986,LightGBM-descriptors
1321,6.74473,7.346607729886025,-0.6018777298860254,LightGBM-descriptors
3896,5.19511,6.703678370220971,-1.5085683702209716,LightGBM-descriptors
42,6.55284,6.010639624410025,0.5422003755899745,LightGBM-descriptors
3791,7.16749,5.99021897270027,1.1772710272997298,LightGBM-descriptors
3820,5.76955,6.259572486219057,-0.4900224862190576,LightGBM-descriptors
1281,6.9393,7.631512632264135,-0.6922126322641349,LightGBM-descriptors
1563,9.62709,6.7984233680175485,2.8286666319824523,LightGBM-descriptors
3151,9.09691,7.65336546524693,1.4435445347530695,LightGBM-descriptors
2065,5.07572,6.869609940546239,-1.7938899405462392,LightGBM-descriptors
3683,5.06048,5.909222983831642,-0.8487429838316416,LightGBM-descriptors
369,5.58503,6.076487329256944,-0.4914573292569439,LightGBM-descriptors
3345,6.09151,5.846075184042915,0.2454348159570853,LightGBM-descriptors
1292,8.31876,7.838729282009512,0.4800307179904877,LightGBM-descriptors
1550,6.39794,5.809342878361816,0.588597121638184,LightGBM-descriptors
3115,5.82391,5.596111475197785,0.2277985248022149,LightGBM-descriptors
2666,7.22185,7.009843371802181,0.2120066281978188,LightGBM-descriptors
2994,5.47991,5.956689079707106,-0.4767790797071054,LightGBM-descriptors
950,6.80134,6.640835703842839,0.1605042961571605,LightGBM-descriptors
2450,5.07988,5.461267814687962,-0.3813878146879617,LightGBM-descriptors
1783,6.77258,6.268001649592747,0.504578350407253,LightGBM-descriptors
4481,8.33255,6.2382229439687045,2.094327056031295,LightGBM-descriptors
2767,5.05306,6.810391074000275,-1.757331074000275,LightGBM-descriptors
3125,7.70006,7.922857521289501,-0.2227975212895012,LightGBM-descriptors
1062,6.56864,6.720356356526234,-0.1517163565262338,LightGBM-descriptors
4190,5.2204,5.858215347559018,-0.6378153475590187,LightGBM-descriptors
1007,6.45593,6.526685783867296,-0.0707557838672956,LightGBM-descriptors
1944,6.271825,6.3910116740848935,-0.1191866740848937,LightGBM-descriptors
1462,5.06048,5.495177359200113,-0.4346973592001131,LightGBM-descriptors
1445,5.1549,6.1720404402959765,-1.017140440295977,LightGBM-descriptors
4274,6.68867,6.673203000136919,0.0154669998630811,LightGBM-descriptors
4527,5.03953,6.133951903443643,-1.094421903443643,LightGBM-descriptors
4133,5.44563,5.800201517385734,-0.3545715173857333,LightGBM-descriptors
2046,7.48812,7.250829236762152,0.2372907632378487,LightGBM-descriptors
1557,5.02687,5.439005466154806,-0.4121354661548064,LightGBM-descriptors
199,5.92082,6.515057724036337,-0.5942377240363372,LightGBM-descriptors
1397,8.1549,7.276912165099452,0.8779878349005479,LightGBM-descriptors
3905,5.47886,5.6976505962308455,-0.2187905962308454,LightGBM-descriptors
1235,6.63827,7.10815677502151,-0.4698867750215099,LightGBM-descriptors
668,5.16368,6.849791207027369,-1.686111207027369,LightGBM-descriptors
1400,7.61979,7.089907368217369,0.5298826317826313,LightGBM-descriptors
3310,6.13077,6.921455945723326,-0.7906859457233262,LightGBM-descriptors
2681,5.3851,5.757712025914542,-0.3726120259145418,LightGBM-descriptors
363,6.49485,6.378081625517378,0.1167683744826213,LightGBM-descriptors
501,6.56864,5.880986675395201,0.6876533246047991,LightGBM-descriptors
4510,5.38091,6.9222625703272245,-1.5413525703272244,LightGBM-descriptors
4161,6.49485,6.692522140527272,-0.1976721405272723,LightGBM-descriptors
148,5.20329,6.347901043883369,-1.1446110438833692,LightGBM-descriptors
1937,6.79588,7.393949406270375,-0.5980694062703744,LightGBM-descriptors
2082,6.65365,6.6585604360415545,-0.0049104360415546,LightGBM-descriptors
3470,8.26122,7.7676611323240286,0.4935588676759712,LightGBM-descriptors
1551,6.59176,6.410519953250617,0.1812400467493828,LightGBM-descriptors
1564,7.5544,6.883449547551445,0.6709504524485554,LightGBM-descriptors
1118,5.50307,6.974053747201894,-1.4709837472018936,LightGBM-descriptors
91,6.95861,7.1934194290314855,-0.2348094290314852,LightGBM-descriptors
1272,5.67778,7.330020924608733,-1.6522409246087326,LightGBM-descriptors
4428,5.18376,7.0967465435477255,-1.912986543547725,LightGBM-descriptors
3826,5.8962,6.178819821154441,-0.2826198211544408,LightGBM-descriptors
1528,5.0,6.126705401535298,-1.1267054015352975,LightGBM-descriptors
969,8.01592,7.752336135017562,0.2635838649824373,LightGBM-descriptors
1816,6.85387,6.559806773898793,0.2940632261012066,LightGBM-descriptors
75,6.12494,6.910886029548252,-0.7859460295482519,LightGBM-descriptors
2784,6.04769,6.640944648848726,-0.5932546488487258,LightGBM-descriptors
1517,7.46852,6.627107558475278,0.8414124415247217,LightGBM-descriptors
1802,6.91507,6.607537112689956,0.3075328873100442,LightGBM-descriptors
4547,5.78357,5.467840536386085,0.3157294636139154,LightGBM-descriptors
1449,5.39794,6.2472963159233394,-0.8493563159233393,LightGBM-descriptors
3216,5.00261,5.884852478401951,-0.8822424784019516,LightGBM-descriptors
3726,9.38722,7.841353085488114,1.545866914511885,LightGBM-descriptors
446,5.43652,5.946057183178854,-0.5095371831788542,LightGBM-descriptors
1897,7.75945,8.009274886261263,-0.2498248862612628,LightGBM-descriptors
586,5.11,4.884901460155516,0.2250985398444847,LightGBM-descriptors
2317,6.58503,6.123071188171933,0.4619588118280671,LightGBM-descriptors
2143,6.05849,6.394171372221472,-0.3356813722214715,LightGBM-descriptors
2954,9.02228,8.219275666026439,0.8030043339735613,LightGBM-descriptors
3973,6.12494,6.715236260047941,-0.5902962600479418,LightGBM-descriptors
613,7.22185,6.209643377396707,1.0122066226032933,LightGBM-descriptors
2265,5.60206,5.826357311101847,-0.2242973111018473,LightGBM-descriptors
1510,7.85387,6.761527237042692,1.0923427629573077,LightGBM-descriptors
1537,6.1549,5.796603854915106,0.3582961450848936,LightGBM-descriptors
4325,6.07988,6.295421631442707,-0.215541631442707,LightGBM-descriptors
4445,8.04001,7.508752301304304,0.531257698695697,LightGBM-descriptors
160,5.52288,6.052449575906135,-0.5295695759061347,LightGBM-descriptors
1716,7.92082,6.350914769638393,1.5699052303616066,LightGBM-descriptors
592,5.52288,6.24205681426105,-0.7191768142610506,LightGBM-descriptors
4433,6.09583,5.993169759303711,0.1026602406962897,LightGBM-descriptors
3074,6.25259,7.004633772537057,-0.752043772537057,LightGBM-descriptors
4477,5.3279,5.635778540641929,-0.3078785406419291,LightGBM-descriptors
1011,6.5,6.651236143741996,-0.151236143741996,LightGBM-descriptors
3722,8.73993,8.325722303771606,0.4142076962283934,LightGBM-descriptors
648,8.22185,8.237442564110866,-0.0155925641108662,LightGBM-descriptors
3349,5.88941,7.064020924565807,-1.1746109245658074,LightGBM-descriptors
358,7.00436,6.992214719215737,0.0121452807842628,LightGBM-descriptors
1847,5.20066,5.409975618377481,-0.2093156183774809,LightGBM-descriptors
33,6.1549,6.122419902622572,0.0324800973774275,LightGBM-descriptors
4409,5.42829,5.895540940665162,-0.4672509406651626,LightGBM-descriptors
650,6.46852,6.421886358714667,0.0466336412853332,LightGBM-descriptors
1280,6.35655,6.507271191812252,-0.1507211918122513,LightGBM-descriptors
4386,5.94692,6.830609014797447,-0.8836890147974463,LightGBM-descriptors
2754,7.32003,6.741980737953583,0.5780492620464166,LightGBM-descriptors
4132,6.27646,5.766436206916066,0.510023793083934,LightGBM-descriptors
3079,5.30103,6.313140625757121,-1.0121106257571215,LightGBM-descriptors
2425,6.03152,6.307570969577711,-0.2760509695777102,LightGBM-descriptors
94,7.55284,7.416171632124678,0.1366683678753215,LightGBM-descriptors
2853,8.5784,7.597049902208127,0.9813500977918732,LightGBM-descriptors
2884,8.38828,7.571243776260596,0.8170362237394038,LightGBM-descriptors
2540,8.20761,8.131350207332385,0.0762597926676154,LightGBM-descriptors
1864,6.06048,5.431016581173977,0.6294634188260231,LightGBM-descriptors
2538,7.73993,7.671840540838187,0.068089459161813,LightGBM-descriptors
2473,5.92996,5.91587884089404,0.0140811591059604,LightGBM-descriptors
2588,5.31876,5.683806445139106,-0.3650464451391055,LightGBM-descriptors
2080,7.24413,6.755210964467497,0.4889190355325032,LightGBM-descriptors
574,6.67778,5.948451508862718,0.7293284911372826,LightGBM-descriptors
1008,7.30103,6.459776284348207,0.841253715651793,LightGBM-descriptors
2362,5.86328,5.691035958972824,0.1722440410271755,LightGBM-descriptors
1041,6.74473,6.869958405888719,-0.1252284058887189,LightGBM-descriptors
4528,6.4318,6.9715781894776665,-0.5397781894776665,LightGBM-descriptors
929,7.7986,7.0738396401909815,0.7247603598090189,LightGBM-descriptors
1498,7.36653,6.991095972878637,0.3754340271213632,LightGBM-descriptors
4292,6.98716,6.355610830500967,0.6315491694990332,LightGBM-descriptors
3503,9.35655,7.758223994948051,1.5983260050519492,LightGBM-descriptors
3504,9.92082,7.598798270804735,2.3220217291952663,LightGBM-descriptors
4343,5.71444,5.882821020488677,-0.1683810204886775,LightGBM-descriptors
1114,6.90309,7.029468423082095,-0.1263784230820954,LightGBM-descriptors
2855,8.64782,8.04701945792775,0.6008005420722498,LightGBM-descriptors
935,7.59007,7.088109885998665,0.501960114001335,LightGBM-descriptors
4356,5.52143,6.203297563970436,-0.6818675639704361,LightGBM-descriptors
2287,8.3363,7.864856715219076,0.4714432847809231,LightGBM-descriptors
1106,6.94692,7.319145472998785,-0.3722254729987844,LightGBM-descriptors
67,7.115494999999999,6.23942013164129,0.8760748683587094,LightGBM-descriptors
3346,5.17328,5.788896603687697,-0.6156166036876973,LightGBM-descriptors
2731,5.63827,5.918182926969683,-0.2799129269696827,LightGBM-descriptors
1320,7.74473,7.86917999720256,-0.1244499972025598,LightGBM-descriptors
4088,5.11862,5.471278934776207,-0.3526589347762066,LightGBM-descriptors
1652,5.11407,5.765612104669053,-0.651542104669053,LightGBM-descriptors
820,6.90309,6.727606941481091,0.1754830585189086,LightGBM-descriptors
3953,6.29243,6.442502634558625,-0.1500726345586249,LightGBM-descriptors
1336,5.58503,5.699529256043844,-0.1144992560438442,LightGBM-descriptors
515,5.74958,6.279237313777783,-0.5296573137777827,LightGBM-descriptors
2677,6.22185,6.351469610721335,-0.1296196107213347,LightGBM-descriptors
1516,7.78252,6.902014369483594,0.8805056305164056,LightGBM-descriptors
1352,8.1549,6.19917227856807,1.9557277214319295,LightGBM-descriptors
77,6.40894,7.03868389329735,-0.6297438932973494,LightGBM-descriptors
1329,9.1549,9.30583905434722,-0.1509390543472211,LightGBM-descriptors
1472,6.14267,6.164293253613217,-0.0216232536132174,LightGBM-descriptors
1968,7.46852,5.943524871927172,1.5249951280728276,LightGBM-descriptors
971,7.30103,7.433880509972928,-0.1328505099729282,LightGBM-descriptors
856,5.41657,6.038759355802993,-0.622189355802993,LightGBM-descriptors
2809,6.67778,6.734085218451988,-0.0563052184519881,LightGBM-descriptors
351,7.85387,7.10182768736926,0.7520423126307394,LightGBM-descriptors
3874,5.71086,5.693157111528818,0.0177028884711818,LightGBM-descriptors
1263,6.58336,7.86981030611216,-1.28645030611216,LightGBM-descriptors
253,7.66154,7.169350831401293,0.4921891685987063,LightGBM-descriptors
3969,6.26761,6.087955148293986,0.1796548517060143,LightGBM-descriptors
3904,7.38722,5.663753112561666,1.7234668874383343,LightGBM-descriptors
1128,7.00436,6.7979290924577045,0.2064309075422956,LightGBM-descriptors
1042,6.05061,6.184640280134852,-0.1340302801348523,LightGBM-descriptors
3903,5.40671,5.738581031652865,-0.3318710316528648,LightGBM-descriptors
3127,7.0,7.137870014920078,-0.137870014920078,LightGBM-descriptors
4153,8.09691,6.9705926911389815,1.126317308861018,LightGBM-descriptors
4186,5.26841,6.920761688486968,-1.6523516884869671,LightGBM-descriptors
966,7.85387,7.73529917849105,0.1185708215089498,LightGBM-descriptors
2934,5.21396,6.742015765284235,-1.5280557652842353,LightGBM-descriptors
944,5.62525,5.671928247560891,-0.0466782475608908,LightGBM-descriptors
1823,5.36552,5.835110447123332,-0.4695904471233323,LightGBM-descriptors
4252,6.41417,6.523278267082139,-0.1091082670821386,LightGBM-descriptors
2961,5.32606,5.919557159661635,-0.5934971596616352,LightGBM-descriptors
3560,5.88606,6.574694139015544,-0.6886341390155444,LightGBM-descriptors
580,7.55284,6.558121845879761,0.994718154120239,LightGBM-descriptors
4185,6.52288,6.028911364296617,0.493968635703383,LightGBM-descriptors
3936,9.67985,8.044303335816696,1.6355466641833036,LightGBM-descriptors
370,7.20761,7.477314153285729,-0.2697041532857289,LightGBM-descriptors
819,6.87615,6.727606941481091,0.1485430585189089,LightGBM-descriptors
1962,8.68613,7.548850062644623,1.1372799373553768,LightGBM-descriptors
585,6.30103,5.855945183562972,0.4450848164370278,LightGBM-descriptors
1879,5.63451,5.963171406634252,-0.3286614066342519,LightGBM-descriptors
27,6.08092,5.904226491883266,0.1766935081167338,LightGBM-descriptors
4507,6.26761,5.840676358142826,0.4269336418571745,LightGBM-descriptors
1331,6.22915,5.938992531680155,0.2901574683198449,LightGBM-descriptors
4208,5.635015,6.337786734113473,-0.7027717341134725,LightGBM-descriptors
3947,5.28432,5.33900668935407,-0.05468668935407,LightGBM-descriptors
796,5.50864,5.694387559165568,-0.1857475591655681,LightGBM-descriptors
1456,5.22185,5.920844127029639,-0.6989941270296391,LightGBM-descriptors
1457,5.69897,5.920844127029639,-0.2218741270296389,LightGBM-descriptors
2424,5.23136,7.084827090981606,-1.8534670909816064,LightGBM-descriptors
4539,5.09259,5.841812271321808,-0.7492222713218073,LightGBM-descriptors
194,8.05061,6.316559688486247,1.7340503115137542,LightGBM-descriptors
1614,7.0716,7.009375611440416,0.0622243885595841,LightGBM-descriptors
3809,6.05552,5.35533342115018,0.7001865788498192,LightGBM-descriptors
3511,5.14267,6.106548464460468,-0.9638784644604684,LightGBM-descriptors
4331,5.36292,6.363417025287103,-1.0004970252871033,LightGBM-descriptors
3972,5.34199,6.179323270555522,-0.8373332705555221,LightGBM-descriptors
3877,6.56067,6.107023171183979,0.4536468288160211,LightGBM-descriptors
2992,5.3098,5.975644175008255,-0.6658441750082549,LightGBM-descriptors
3311,6.29243,6.264190903804324,0.0282390961956764,LightGBM-descriptors
58,5.19,5.309554973926857,-0.1195549739268564,LightGBM-descriptors
4229,6.36051,5.799240121843949,0.5612698781560503,LightGBM-descriptors
3510,5.42713,5.993367702854476,-0.566237702854476,LightGBM-descriptors
3572,5.31069,5.41131587175663,-0.1006258717566295,LightGBM-descriptors
2150,6.72125,6.61375884184659,0.1074911581534108,LightGBM-descriptors
1353,8.09098,6.863476225176296,1.2275037748237043,LightGBM-descriptors
662,8.09098,7.1008368236353165,0.9901431763646836,LightGBM-descriptors
1399,7.79588,6.768232385383258,1.0276476146167424,LightGBM-descriptors
1477,7.16749,6.496048530973424,0.6714414690265764,LightGBM-descriptors
2133,5.61618,6.215497902033823,-0.5993179020338228,LightGBM-descriptors
1261,7.08092,7.697740648834782,-0.616820648834782,LightGBM-descriptors
3880,6.63827,5.242767742199899,1.3955022578001015,LightGBM-descriptors
1558,5.25181,6.324581944553636,-1.0727719445536357,LightGBM-descriptors
3727,9.20066,8.435983526500944,0.7646764734990548,LightGBM-descriptors
2591,5.57675,5.73921391426347,-0.16246391426347,LightGBM-descriptors
3810,5.0,5.61520015837639,-0.61520015837639,LightGBM-descriptors
1296,8.56864,8.7640235684899,-0.1953835684899001,LightGBM-descriptors
2956,7.27572,6.676583837725149,0.599136162274851,LightGBM-descriptors
195,6.31876,7.898794706506004,-1.5800347065060043,LightGBM-descriptors
1446,5.09691,6.475778097371225,-1.3788680973712246,LightGBM-descriptors
4273,6.6332,6.543801724095309,0.0893982759046911,LightGBM-descriptors
3508,6.92082,7.072103309079859,-0.1512833090798588,LightGBM-descriptors
1717,5.78781,5.533590261328498,0.2542197386715026,LightGBM-descriptors
38,7.09691,6.335361286726068,0.7615487132739327,LightGBM-descriptors
3876,6.18177,6.291176294791161,-0.1094062947911611,LightGBM-descriptors
4512,9.0655,8.190314898625791,0.8751851013742087,LightGBM-descriptors
4332,5.195735,6.209122921077939,-1.013387921077939,LightGBM-descriptors
1466,7.12494,6.977457961861831,0.1474820381381683,LightGBM-descriptors
3149,7.42022,7.251486475775693,0.1687335242243062,LightGBM-descriptors
453,5.89963,6.531254153962111,-0.631624153962111,LightGBM-descriptors
1501,7.69897,7.966739778397417,-0.2677697783974171,LightGBM-descriptors
3466,6.80883,7.376346644159408,-0.567516644159408,LightGBM-descriptors
719,6.21467,6.99809464210868,-0.7834246421086801,LightGBM-descriptors
718,5.61618,6.99809464210868,-1.38191464210868,LightGBM-descriptors
603,6.08092,6.99809464210868,-0.9171746421086802,LightGBM-descriptors
4078,7.95861,6.077936264609495,1.8806737353905048,LightGBM-descriptors
1940,6.647905,6.0609813159441295,0.5869236840558703,LightGBM-descriptors
1324,7.33724,8.2591898819969,-0.9219498819968992,LightGBM-descriptors
4294,7.02687,5.591605655490996,1.4352643445090036,LightGBM-descriptors
3455,6.40494,7.836345944488367,-1.431405944488367,LightGBM-descriptors
4513,7.29158,7.417201428878418,-0.1256214288784178,LightGBM-descriptors
4157,7.046835,6.969678876254955,0.0771561237450448,LightGBM-descriptors
1810,6.92082,7.369603902767253,-0.4487839027672535,LightGBM-descriptors
3768,7.70553,6.690520225730505,1.0150097742694957,LightGBM-descriptors
3209,6.39794,6.442259465475964,-0.0443194654759633,LightGBM-descriptors
2137,6.5867,6.0035733970841525,0.583126602915848,LightGBM-descriptors
3575,5.38902,5.63128901058976,-0.2422690105897595,LightGBM-descriptors
1814,7.69897,7.607970388866525,0.0909996111334745,LightGBM-descriptors
2320,6.93181,6.483843195415625,0.4479668045843743,LightGBM-descriptors
4476,5.34679,5.797904765939784,-0.4511147659397831,LightGBM-descriptors
2806,6.0348,6.245542418776475,-0.2107424187764754,LightGBM-descriptors
1977,5.08619,6.26763061679561,-1.1814406167956095,LightGBM-descriptors
19,5.42022,6.015456162066017,-0.5952361620660174,LightGBM-descriptors
2604,7.43063,6.387351108225486,1.0432788917745135,LightGBM-descriptors
3478,8.97469,7.627305605389248,1.3473843946107529,LightGBM-descriptors
683,7.41567,8.113249921993557,-0.6975799219935563,LightGBM-descriptors
4002,5.46852,5.673795489183006,-0.2052754891830064,LightGBM-descriptors
2167,5.82391,6.067042061358603,-0.2431320613586036,LightGBM-descriptors
3840,5.24336,6.450267002670668,-1.2069070026706683,LightGBM-descriptors
745,8.29414,7.103995052081889,1.1901449479181112,LightGBM-descriptors
581,5.21,5.960807015038078,-0.7508070150380783,LightGBM-descriptors
2015,6.81531,7.395294663738634,-0.5799846637386343,LightGBM-descriptors
769,5.97,6.261824419906929,-0.2918244199069288,LightGBM-descriptors
1583,6.64397,6.896116785684021,-0.2521467856840207,LightGBM-descriptors
1584,7.14874,6.370870569627408,0.7778694303725917,LightGBM-descriptors
2952,5.4828,5.862859264901581,-0.3800592649015808,LightGBM-descriptors
3355,5.5784,5.786574002841153,-0.2081740028411527,LightGBM-descriptors
203,8.07572,6.746317117812774,1.3294028821872264,LightGBM-descriptors
3535,6.49485,6.376429981544079,0.1184200184559207,LightGBM-descriptors
853,6.63676,6.728314161110692,-0.0915541611106922,LightGBM-descriptors
774,6.77001,7.60998913422893,-0.8399791342289298,LightGBM-descriptors
771,6.91999,7.659915154957395,-0.7399251549573949,LightGBM-descriptors
2782,5.03306,6.059522801231191,-1.0264628012311912,LightGBM-descriptors
1736,5.23582,5.54266944290999,-0.3068494429099893,LightGBM-descriptors
2170,5.77211,6.291719467315024,-0.519609467315024,LightGBM-descriptors
1967,7.25964,5.759506101951248,1.5001338980487526,LightGBM-descriptors
3137,6.34294,6.623326694690282,-0.2803866946902822,LightGBM-descriptors
3843,6.66555,6.54930567841264,0.1162443215873594,LightGBM-descriptors
43,5.82391,6.296602751637763,-0.472692751637763,LightGBM-descriptors
3494,8.10292,7.489520283655549,0.6133997163444507,LightGBM-descriptors
4104,5.14388,5.299028613780196,-0.155148613780196,LightGBM-descriptors
933,5.26201,6.336258638992663,-1.074248638992663,LightGBM-descriptors
934,5.38091,6.336258638992663,-0.9553486389926632,LightGBM-descriptors
1468,6.20761,7.120129941497596,-0.912519941497596,LightGBM-descriptors
651,6.72125,6.622528001784023,0.0987219982159777,LightGBM-descriptors
2303,5.29243,5.313722253627249,-0.0212922536272488,LightGBM-descriptors
4080,6.97964,6.28922788897126,0.6904121110287402,LightGBM-descriptors
239,7.56225,7.005093370038595,0.5571566299614048,LightGBM-descriptors
685,7.48545,7.5900862815284915,-0.1046362815284913,LightGBM-descriptors
4074,5.11862,6.479834560983819,-1.3612145609838189,LightGBM-descriptors
2741,6.05061,6.361448305888058,-0.3108383058880584,LightGBM-descriptors
2771,6.18842,6.525338683410684,-0.3369186834106843,LightGBM-descriptors
1443,7.0,7.849289151509338,-0.8492891515093381,LightGBM-descriptors
712,5.25885,7.662462526930555,-2.403612526930555,LightGBM-descriptors
678,8.52288,7.7263281733102,0.7965518266898011,LightGBM-descriptors
775,7.19997,7.663726564430162,-0.4637565644301613,LightGBM-descriptors
1265,8.05552,8.396659554234622,-0.3411395542346227,LightGBM-descriptors
3304,7.55284,6.346039573398103,1.2068004266018972,LightGBM-descriptors
923,9.17393,8.092921974758681,1.081008025241319,LightGBM-descriptors
3350,7.35952,7.197296452127239,0.1622235478727614,LightGBM-descriptors
1637,5.825555,5.672736066797105,0.1528189332028944,LightGBM-descriptors
3089,5.97881,5.9848985696214525,-0.0060885696214523,LightGBM-descriptors
3104,8.28819,6.7040823045886375,1.5841076954113626,LightGBM-descriptors
310,9.24413,8.361315269065557,0.8828147309344434,LightGBM-descriptors
2301,5.52288,5.56937624733553,-0.0464962473355301,LightGBM-descriptors
1026,5.52288,5.56937624733553,-0.0464962473355301,LightGBM-descriptors
2079,7.16115,7.193464245815147,-0.0323142458151473,LightGBM-descriptors
1605,6.85699,6.942122252712196,-0.0851322527121958,LightGBM-descriptors
3415,7.00745,7.566355272027181,-0.5589052720271805,LightGBM-descriptors
583,5.88606,6.414196879628765,-0.5281368796287653,LightGBM-descriptors
4474,5.06098,6.087510458191584,-1.0265304581915844,LightGBM-descriptors
228,5.20066,6.916273143953434,-1.7156131439534343,LightGBM-descriptors
1441,7.39794,7.775900590549524,-0.3779605905495238,LightGBM-descriptors
2605,5.22185,5.9881202580869015,-0.7662702580869016,LightGBM-descriptors
1718,7.03152,5.673302943782048,1.3582170562179527,LightGBM-descriptors
832,7.76195,7.221192467730014,0.5407575322699856,LightGBM-descriptors
241,8.26761,7.553425705262454,0.7141842947375459,LightGBM-descriptors
2086,6.91721,7.235333835808301,-0.3181238358083016,LightGBM-descriptors
1509,7.1549,6.560036979102482,0.5948630208975176,LightGBM-descriptors
3450,6.77469,7.503301391806103,-0.728611391806103,LightGBM-descriptors
1949,6.714205,6.154452747142794,0.5597522528572059,LightGBM-descriptors
679,8.38722,7.6734742107682,0.7137457892317993,LightGBM-descriptors
3827,6.86967,6.0624865168924345,0.8071834831075657,LightGBM-descriptors
833,8.10846,7.630258372750841,0.4782016272491578,LightGBM-descriptors
71,4.97879,5.702047088956424,-0.7232570889564238,LightGBM-descriptors
3044,8.60206,8.71088117866064,-0.1088211786606407,LightGBM-descriptors
4333,5.17914,5.925069230309919,-0.745929230309919,LightGBM-descriptors
229,6.33724,6.707804006817735,-0.3705640068177347,LightGBM-descriptors
1164,6.96658,6.404043081510463,0.5625369184895375,LightGBM-descriptors
1788,7.1549,6.640634538225426,0.5142654617745732,LightGBM-descriptors
874,6.01773,5.61315276758165,0.4045772324183501,LightGBM-descriptors
2453,7.04624,7.041908674104584,0.004331325895416,LightGBM-descriptors
2224,8.1549,7.267376009501749,0.8875239904982504,LightGBM-descriptors
3185,7.4318,6.121857941659344,1.3099420583406562,LightGBM-descriptors
4443,7.55596,6.68074452748741,0.8752154725125898,LightGBM-descriptors
184,7.02687,6.95967673619895,0.0671932638010499,LightGBM-descriptors
1431,7.28001,6.4369350946979775,0.8430749053020223,LightGBM-descriptors
3414,6.8146,7.732943050272255,-0.9183430502722548,LightGBM-descriptors
567,5.60206,6.114999584825495,-0.512939584825495,LightGBM-descriptors
3937,6.56225,6.423524378232333,0.1387256217676666,LightGBM-descriptors
243,7.08302,7.099755160756983,-0.0167351607569825,LightGBM-descriptors
1779,6.644945,6.397837799951298,0.2471072000487018,LightGBM-descriptors
2564,6.34679,6.289754575680312,0.0570354243196886,LightGBM-descriptors
3078,5.61979,6.51265420191611,-0.8928642019161099,LightGBM-descriptors
2813,5.70115,6.524223303971632,-0.8230733039716318,LightGBM-descriptors
3961,5.1549,6.424331469488833,-1.2694314694888336,LightGBM-descriptors
487,6.92082,7.057548715218677,-0.1367287152186769,LightGBM-descriptors
4327,5.439715,6.16318833098109,-0.7234733309810908,LightGBM-descriptors
4202,5.47301,5.35263826191667,0.12037173808333,LightGBM-descriptors
3048,8.88606,8.420462013007334,0.4655979869926661,LightGBM-descriptors
1262,6.75449,7.687576889583273,-0.9330868895832732,LightGBM-descriptors
494,7.52288,6.7887091327915945,0.7341708672084053,LightGBM-descriptors
3347,5.59007,6.7887091327915945,-1.1986391327915946,LightGBM-descriptors
4170,5.85699,6.165051398681081,-0.3080613986810814,LightGBM-descriptors
4565,6.37675,6.796025511750554,-0.4192755117505538,LightGBM-descriptors
1811,6.56864,6.6415695561574495,-0.0729295561574492,LightGBM-descriptors
3122,8.50004,7.844600411146988,0.655439588853012,LightGBM-descriptors
2318,5.98464,6.228753321942176,-0.2441133219421765,LightGBM-descriptors
1309,5.79317,6.978775884305274,-1.185605884305274,LightGBM-descriptors
2222,5.39794,7.086043784524797,-1.688103784524797,LightGBM-descriptors
2808,6.21467,6.488449083761068,-0.2737790837610676,LightGBM-descriptors
714,5.0048,6.20678110989637,-1.2019811098963693,LightGBM-descriptors
340,7.0,6.465776961494931,0.5342230385050692,LightGBM-descriptors
3180,6.60206,6.049196302711576,0.5528636972884238,LightGBM-descriptors
2823,7.69897,6.495999234783255,1.2029707652167447,LightGBM-descriptors
1357,5.36653,6.206072966764455,-0.839542966764455,LightGBM-descriptors
578,5.21,5.458153301944583,-0.2481533019445825,LightGBM-descriptors
563,5.28,5.796549573270218,-0.5165495732702174,LightGBM-descriptors
4427,5.33913,8.4045990113932,-3.0654690113932004,LightGBM-descriptors
244,7.79187,7.079031664085353,0.7128383359146477,LightGBM-descriptors
3300,7.7167,6.660610447184281,1.0560895528157197,LightGBM-descriptors
1719,7.36653,6.660610447184281,0.7059195528157192,LightGBM-descriptors
2068,6.34361,6.827532068450671,-0.4839220684506706,LightGBM-descriptors
779,8.48004,7.474072004457303,1.005967995542698,LightGBM-descriptors
3447,6.76955,6.252710128127415,0.5168398718725848,LightGBM-descriptors
2047,7.76195,6.9614792366500975,0.8004707633499022,LightGBM-descriptors
1177,8.65758,8.413143867180668,0.2444361328193309,LightGBM-descriptors
1632,8.28567,7.813822218993923,0.471847781006077,LightGBM-descriptors
3682,5.65758,5.780958940651421,-0.1233789406514205,LightGBM-descriptors
3453,6.5064,7.466236676469697,-0.9598366764696964,LightGBM-descriptors
2831,5.08725,5.737252589557547,-0.6500025895575465,LightGBM-descriptors
3732,5.39794,5.527042525027966,-0.1291025250279656,LightGBM-descriptors
3134,7.5376,6.622241757999943,0.9153582420000576,LightGBM-descriptors
2811,6.5376,6.4984918273689685,0.0391081726310318,LightGBM-descriptors
2996,6.20761,6.54039718622883,-0.3327871862288303,LightGBM-descriptors
2418,6.12205,6.153002286328721,-0.0309522863287208,LightGBM-descriptors
2077,6.02826,6.642850577361304,-0.6145905773613034,LightGBM-descriptors
3559,6.09151,6.503965488360928,-0.4124554883609272,LightGBM-descriptors
154,6.72125,7.159712090570654,-0.4384620905706535,LightGBM-descriptors
4569,7.284,7.525417523709306,-0.2414175237093063,LightGBM-descriptors
3499,7.31966,7.715782340860359,-0.3961223408603596,LightGBM-descriptors
2153,6.10237,6.045575434275362,0.0567945657246378,LightGBM-descriptors
4329,5.37479,6.38998955096092,-1.0151995509609204,LightGBM-descriptors
134,6.14874,6.150643305018672,-0.001903305018672,LightGBM-descriptors
3667,7.64397,7.883549367108261,-0.2395793671082602,LightGBM-descriptors
1818,6.0,6.085404916580478,-0.0854049165804777,LightGBM-descriptors
56,5.35,5.467285622848477,-0.1172856228484775,LightGBM-descriptors
4429,5.0,6.325627372394679,-1.3256273723946794,LightGBM-descriptors
3919,7.88606,7.713833837697071,0.1722261623029286,LightGBM-descriptors
480,7.30103,6.437929429819489,0.863100570180511,LightGBM-descriptors
1790,6.02506,7.069367242615472,-1.0443072426154716,LightGBM-descriptors
1782,7.134205,6.271975832235256,0.8622291677647436,LightGBM-descriptors
3998,5.38722,6.296720774273209,-0.9095007742732086,LightGBM-descriptors
928,8.85078,7.37672891543775,1.4740510845622508,LightGBM-descriptors
205,6.081145,6.147045282300104,-0.0659002823001033,LightGBM-descriptors
727,7.13312,5.565236605172913,1.5678833948270867,LightGBM-descriptors
1881,8.29757,8.528011485709706,-0.2304414857097061,LightGBM-descriptors
1966,5.20066,5.649954642116683,-0.4492946421166826,LightGBM-descriptors
4362,5.37779,6.271941203122816,-0.8941512031228154,LightGBM-descriptors
571,7.13077,6.227709481742968,0.903060518257032,LightGBM-descriptors
3894,5.59482,6.808437125749592,-1.2136171257495914,LightGBM-descriptors
490,6.18709,6.025279144637066,0.1618108553629342,LightGBM-descriptors
3845,6.64782,6.265596787377981,0.3822232126220193,LightGBM-descriptors
1294,8.72125,8.755414706468661,-0.0341647064686618,LightGBM-descriptors
943,5.67778,5.6605593043419535,0.0172206956580467,LightGBM-descriptors
3672,7.09691,6.629166436186291,0.4677435638137091,LightGBM-descriptors
3671,9.48149,8.17533500623736,1.306154993762641,LightGBM-descriptors
3100,8.44249,6.50030744019567,1.942182559804329,LightGBM-descriptors
1791,5.5391,6.641352313015874,-1.1022523130158737,LightGBM-descriptors
4434,7.04096,6.004801339905062,1.0361586600949382,LightGBM-descriptors
589,6.58503,5.66952933773813,0.91550066226187,LightGBM-descriptors
1358,5.44855,5.93037893741619,-0.4818289374161901,LightGBM-descriptors
1275,5.35655,6.480429266061456,-1.123879266061456,LightGBM-descriptors
1751,6.31069,6.339415390927055,-0.0287253909270548,LightGBM-descriptors
4004,8.0,6.405452702545064,1.5945472974549355,LightGBM-descriptors
872,8.17718,6.941316471106468,1.2358635288935318,LightGBM-descriptors
2289,6.56915,6.7130788176249565,-0.1439288176249569,LightGBM-descriptors
4249,6.92082,6.1164124500969725,0.8044075499030274,LightGBM-descriptors
1194,9.31876,7.9070033252145855,1.4117566747854138,LightGBM-descriptors
359,7.04576,8.021726625624503,-0.975966625624503,LightGBM-descriptors
1185,7.76955,6.26978352895053,1.4997664710494698,LightGBM-descriptors
1240,7.88606,6.670036250086715,1.2160237499132842,LightGBM-descriptors
366,8.02687,6.801162574143205,1.225707425856796,LightGBM-descriptors
1127,6.8962,6.656161066228175,0.2400389337718254,LightGBM-descriptors
1965,5.60206,8.198415695802966,-2.5963556958029663,LightGBM-descriptors
237,7.93181,7.347193422298814,0.584616577701186,LightGBM-descriptors
1458,6.09691,6.139196833903827,-0.0422868339038267,LightGBM-descriptors
251,7.09909,6.52202856938174,0.5770614306182607,LightGBM-descriptors
3051,5.49485,6.278349035676284,-0.7834990356762841,LightGBM-descriptors
3841,7.0,6.48150740213278,0.5184925978672199,LightGBM-descriptors
3144,6.31876,6.303745187310069,0.0150148126899312,LightGBM-descriptors
777,8.18,7.855808533511021,0.3241914664889789,LightGBM-descriptors
772,8.24003,8.302122329884028,-0.0620923298840274,LightGBM-descriptors
1692,5.07,5.576041301569399,-0.5060413015693985,LightGBM-descriptors
1439,6.30103,7.384811507221496,-1.083781507221496,LightGBM-descriptors
146,6.18177,6.579457256885834,-0.3976872568858338,LightGBM-descriptors
1402,7.49485,6.72963418349618,0.7652158165038196,LightGBM-descriptors
462,5.527355,5.838502179107808,-0.3111471791078077,LightGBM-descriptors
3928,9.13668,7.741653927452895,1.3950260725471049,LightGBM-descriptors
4129,6.27474,6.336607659314434,-0.0618676593144336,LightGBM-descriptors
3050,6.10791,6.03122403071588,0.0766859692841199,LightGBM-descriptors
165,5.98297,5.972330282689402,0.0106397173105978,LightGBM-descriptors
1351,6.30103,6.700729215820465,-0.3996992158204655,LightGBM-descriptors
1095,7.16749,6.86596661381654,0.3015233861834598,LightGBM-descriptors
2926,7.35556,6.684701706242741,0.6708582937572585,LightGBM-descriptors
3858,5.34679,6.537335919582572,-1.1905459195825712,LightGBM-descriptors
2451,5.89466,5.5382888420236975,0.3563711579763025,LightGBM-descriptors
1800,7.01323,5.845370009415853,1.1678599905841471,LightGBM-descriptors
4001,5.82391,5.56518647284035,0.2587235271596499,LightGBM-descriptors
731,5.49435,6.2258085937043,-0.7314585937042999,LightGBM-descriptors
1063,6.35655,6.168472381311944,0.1880776186880561,LightGBM-descriptors
2898,6.96497,8.03988919755914,-1.0749191975591392,LightGBM-descriptors
1430,7.79997,6.4369350946979775,1.3630349053020223,LightGBM-descriptors
4244,6.71897,5.822947925244812,0.8960220747551872,LightGBM-descriptors
3340,5.05849,6.015083328605459,-0.9565933286054592,LightGBM-descriptors
4470,5.23359,6.9284569917148415,-1.6948669917148411,LightGBM-descriptors
4478,6.04576,6.490628992953557,-0.4448689929535572,LightGBM-descriptors
4475,7.14874,5.973970007859815,1.1747699921401855,LightGBM-descriptors
3786,6.09745,5.99021897270027,0.1072310272997301,LightGBM-descriptors
3505,9.56864,7.671905894389705,1.896734105610295,LightGBM-descriptors
3464,7.81816,7.720461058587153,0.0976989414128466,LightGBM-descriptors
1334,5.88606,5.791155295227878,0.0949047047721212,LightGBM-descriptors
1559,7.30103,6.4406590118538425,0.8603709881461574,LightGBM-descriptors
1269,5.04096,6.597484427946506,-1.5565244279465065,LightGBM-descriptors
1527,5.00877,5.8159236218332655,-0.8071536218332653,LightGBM-descriptors
741,7.14206,7.150376646697841,-0.0083166466978408,LightGBM-descriptors
1245,5.39794,5.736995565878125,-0.3390555658781249,LightGBM-descriptors
4210,5.767,6.441160623708915,-0.6741606237089144,LightGBM-descriptors
238,7.90658,7.562835946012222,0.3437440539877778,LightGBM-descriptors
3846,6.08619,6.221180079840928,-0.1349900798409278,LightGBM-descriptors
594,9.52288,9.194299248126592,0.3285807518734085,LightGBM-descriptors
2135,7.74473,5.935129313490852,1.809600686509148,LightGBM-descriptors
717,7.42022,7.205108008070083,0.2151119919299162,LightGBM-descriptors
1004,6.82391,7.237435299185972,-0.4135252991859719,LightGBM-descriptors
3669,7.91721,8.378372618624446,-0.4611626186244466,LightGBM-descriptors
1448,5.04576,5.901716754126742,-0.8559567541267423,LightGBM-descriptors
4264,6.29229,6.567440446888264,-0.2751504468882633,LightGBM-descriptors
2467,7.73755,6.98198197191712,0.7555680280828803,LightGBM-descriptors
1813,7.52288,7.249584284845789,0.2732957151542106,LightGBM-descriptors
4563,6.94692,6.066246521572989,0.8806734784270116,LightGBM-descriptors
4363,7.5376,5.75411325684308,1.7834867431569208,LightGBM-descriptors
3183,5.02687,5.724902487422129,-0.6980324874221289,LightGBM-descriptors
1188,5.92082,7.144737741294612,-1.2239177412946116,LightGBM-descriptors
3668,7.93181,8.290331556894925,-0.3585215568949254,LightGBM-descriptors
3957,5.31426,6.689349159138843,-1.3750891591388434,LightGBM-descriptors
4524,7.39794,7.4456326134664,-0.0476926134663999,LightGBM-descriptors
653,6.12494,6.528532437746004,-0.4035924377460045,LightGBM-descriptors
3728,8.90309,8.003688751300825,0.899401248699176,LightGBM-descriptors
4263,6.2583,6.648023853573013,-0.3897238535730132,LightGBM-descriptors
4158,7.19382,5.920291130654127,1.2735288693458724,LightGBM-descriptors
0,6.12494,6.530458382987133,-0.4055183829871334,LightGBM-descriptors
1057,6.60206,5.779092362895259,0.8229676371047407,LightGBM-descriptors
2221,6.90309,7.460334603312099,-0.5572446033120997,LightGBM-descriptors
915,5.23657,6.99651575281061,-1.7599457528106095,LightGBM-descriptors
851,6.54303,6.785816921525377,-0.2427869215253775,LightGBM-descriptors
472,7.65758,7.867347601658732,-0.2097676016587319,LightGBM-descriptors
3383,6.51999,5.861781153071003,0.6582088469289973,LightGBM-descriptors
1364,6.6103,6.429797288239422,0.1805027117605773,LightGBM-descriptors
1781,6.90344,6.762046266644279,0.1413937333557209,LightGBM-descriptors
3916,5.25964,6.12382663137707,-0.8641866313770699,LightGBM-descriptors
1416,8.43997,6.797189383474706,1.642780616525295,LightGBM-descriptors
362,6.65758,6.334715439001364,0.322864560998636,LightGBM-descriptors
1467,7.22185,7.206056387846853,0.0157936121531472,LightGBM-descriptors
1039,6.69897,7.16285433417509,-0.4638843341750895,LightGBM-descriptors
1454,8.0,7.922585536236653,0.0774144637633469,LightGBM-descriptors
4347,5.71444,5.949776934633938,-0.2353369346339384,LightGBM-descriptors
1129,6.92082,6.2143108457016325,0.7065091542983675,LightGBM-descriptors
3473,8.7122,9.384111780790986,-0.6719117807909871,LightGBM-descriptors
1797,6.78781,5.91797215147899,0.8698378485210103,LightGBM-descriptors
566,5.82391,5.66952933773813,0.1543806622618699,LightGBM-descriptors
3509,5.25337,6.175723506010811,-0.9223535060108105,LightGBM-descriptors
4353,6.86646,6.328356382583971,0.538103617416029,LightGBM-descriptors
2296,6.72946,6.788762833802938,-0.0593028338029375,LightGBM-descriptors
3790,6.03953,6.124502132408835,-0.0849721324088346,LightGBM-descriptors
2923,7.74473,6.639812191086401,1.1049178089135987,LightGBM-descriptors
1518,7.54668,6.763264322709276,0.7834156772907246,LightGBM-descriptors
1330,8.52288,9.208393048208698,-0.6855130482086977,LightGBM-descriptors
3147,6.284,6.454680275068616,-0.1706802750686158,LightGBM-descriptors
1483,6.95861,6.683233660105406,0.2753763398945938,LightGBM-descriptors
2136,6.79588,5.973581501294298,0.8222984987057025,LightGBM-descriptors
4348,5.71444,6.985147582862335,-1.270707582862335,LightGBM-descriptors
1367,7.0,6.16848746271694,0.8315125372830598,LightGBM-descriptors
1247,5.0,6.527149872825189,-1.5271498728251889,LightGBM-descriptors
3417,7.96981,7.133569168933986,0.8362408310660134,LightGBM-descriptors
1191,7.88606,7.214164049661274,0.6718959503387261,LightGBM-descriptors
2949,8.75007,7.207424032644322,1.5426459673556767,LightGBM-descriptors
187,5.35655,6.785890269948621,-1.4293402699486206,LightGBM-descriptors
4152,7.60206,6.917581076429796,0.6844789235702038,LightGBM-descriptors
1604,7.04818,6.703115636612755,0.3450643633872454,LightGBM-descriptors
871,7.70553,8.225440745879041,-0.5199107458790406,LightGBM-descriptors
2134,6.72816,5.982826192798121,0.7453338072018791,LightGBM-descriptors
3297,7.08092,6.170405672991357,0.9105143270086424,LightGBM-descriptors
1315,8.35655,8.739264015471013,-0.3827140154710129,LightGBM-descriptors
2558,6.01278,5.774700469467708,0.2380795305322927,LightGBM-descriptors
3962,5.76955,6.275315202363597,-0.5057652023635972,LightGBM-descriptors
4568,7.95468,6.062041834522344,1.8926381654776556,LightGBM-descriptors
1980,6.09691,6.183542202004717,-0.0866322020047167,LightGBM-descriptors
2812,5.93554,6.637960146514257,-0.7024201465142577,LightGBM-descriptors
3927,8.87615,6.409849923805193,2.466300076194808,LightGBM-descriptors
3099,7.5817,6.64325566348626,0.93844433651374,LightGBM-descriptors
4346,5.71444,6.227778329091142,-0.513338329091142,LightGBM-descriptors
2085,7.34679,7.235333835808301,0.1114561641916989,LightGBM-descriptors
1824,5.30715,5.371004048805814,-0.0638540488058136,LightGBM-descriptors
3863,7.52244,5.445815550825148,2.076624449174852,LightGBM-descriptors
1328,8.82391,9.254107554255157,-0.4301975542551552,LightGBM-descriptors
3766,7.65365,6.8372869926351285,0.8163630073648713,LightGBM-descriptors
972,7.6038,7.31728820266096,0.2865117973390392,LightGBM-descriptors
3483,8.89279,6.213445334950339,2.679344665049661,LightGBM-descriptors
3482,8.80967,6.213445334950339,2.596224665049662,LightGBM-descriptors
3933,6.98297,7.224414801431077,-0.2414448014310775,LightGBM-descriptors
3837,6.04576,6.364460812759851,-0.3187008127598512,LightGBM-descriptors
3299,6.1261,6.617316653831686,-0.4912166538316862,LightGBM-descriptors
1274,6.52288,6.587344439454951,-0.0644644394549516,LightGBM-descriptors
2081,6.92812,6.456762810092677,0.471357189907323,LightGBM-descriptors
1365,6.79371,6.384442399423552,0.4092676005764479,LightGBM-descriptors
891,6.74232,5.876670928400987,0.8656490715990133,LightGBM-descriptors
1410,5.52288,5.703145190629327,-0.1802651906293269,LightGBM-descriptors
2951,5.97,7.498078401836011,-1.5280784018360114,LightGBM-descriptors
1635,6.61979,5.77730160592895,0.8424883940710499,LightGBM-descriptors
79,7.39794,7.507860868508463,-0.1099208685084631,LightGBM-descriptors
2225,7.22915,7.771531236883018,-0.5423812368830188,LightGBM-descriptors
181,5.48149,7.495563503126276,-2.0140735031262764,LightGBM-descriptors
1693,5.77,5.381070253359008,0.3889297466409918,LightGBM-descriptors
1613,8.34775,7.266628056428762,1.0811219435712376,LightGBM-descriptors
3971,5.49485,5.274802162224958,0.2200478377750414,LightGBM-descriptors
190,5.0,6.334383218196636,-1.3343832181966355,LightGBM-descriptors
3819,5.28233,6.432588978037551,-1.1502589780375514,LightGBM-descriptors
1453,9.0,7.893720035664137,1.1062799643358634,LightGBM-descriptors
900,7.44977,6.6251105538935455,0.8246594461064545,LightGBM-descriptors
3785,6.00524,6.124502132408835,-0.1192621324088349,LightGBM-descriptors
582,6.48149,5.801447741630335,0.6800422583696646,LightGBM-descriptors
1746,5.18842,6.121219795485336,-0.9327997954853364,LightGBM-descriptors
1027,5.22185,5.809225770145933,-0.5873757701459335,LightGBM-descriptors
773,8.24003,8.302625920875842,-0.0625959208758413,LightGBM-descriptors
1297,8.79588,8.746124554794378,0.0497554452056228,LightGBM-descriptors
471,7.521435,7.026628187503525,0.494806812496475,LightGBM-descriptors
505,7.0,6.7630405009078665,0.2369594990921335,LightGBM-descriptors
3418,8.96658,6.988037879255152,1.9785421207448488,LightGBM-descriptors
1409,5.0,6.841301830844558,-1.841301830844558,LightGBM-descriptors
3098,7.51286,6.654908321784658,0.8579516782153416,LightGBM-descriptors
395,5.47,6.175276984879379,-0.7052769848793794,LightGBM-descriptors
1859,5.38195,5.809555502151152,-0.4276055021511524,LightGBM-descriptors
3156,7.2321,7.497703139760771,-0.2656031397607714,LightGBM-descriptors
1341,5.07058,6.9796961121758,-1.9091161121758,LightGBM-descriptors
3155,7.62709,7.572211854549546,0.0548781454504538,LightGBM-descriptors
3120,8.70006,7.742752073447266,0.9573079265527342,LightGBM-descriptors
4087,9.284,7.725962204961819,1.5580377950381816,LightGBM-descriptors
3056,6.85387,6.981714209313896,-0.1278442093138965,LightGBM-descriptors
4324,6.30016,6.378842131489511,-0.0786821314895105,LightGBM-descriptors
4330,5.50328,6.363417025287103,-0.860137025287103,LightGBM-descriptors
1722,5.17005,5.527888209912302,-0.3578382099123018,LightGBM-descriptors
3864,5.4828,7.255962877280542,-1.7731628772805417,LightGBM-descriptors
49,7.09691,6.837040525505891,0.259869474494109,LightGBM-descriptors
1029,5.30103,5.476875285203949,-0.1758452852039491,LightGBM-descriptors
1943,5.377875,6.513724084908456,-1.1358490849084557,LightGBM-descriptors
176,6.48149,6.385798961684464,0.095691038315536,LightGBM-descriptors
123,6.48149,6.385798961684464,0.095691038315536,LightGBM-descriptors
356,6.46852,7.219452399278494,-0.7509323992784944,LightGBM-descriptors
3298,6.6517,6.433939361880637,0.2177606381193628,LightGBM-descriptors
53,5.03152,6.483893631287539,-1.4523736312875384,LightGBM-descriptors
2358,6.21467,6.379236499937836,-0.1645664999378358,LightGBM-descriptors
3943,6.2636,6.091397845004387,0.1722021549956132,LightGBM-descriptors
1540,5.23307,5.744539014716014,-0.5114690147160141,LightGBM-descriptors
355,6.67778,6.171754758987701,0.5060252410122992,LightGBM-descriptors
212,6.67801,6.171754758987701,0.5062552410122985,LightGBM-descriptors
4473,7.63078,6.876430235261427,0.7543497647385724,LightGBM-descriptors
850,6.41623,5.895152507460653,0.5210774925393471,LightGBM-descriptors
3500,8.42022,8.045501995130016,0.3747180048699849,LightGBM-descriptors
3870,5.01323,6.00202125123706,-0.9887912512370596,LightGBM-descriptors
4245,9.36653,6.434670854789036,2.9318591452109635,LightGBM-descriptors
2393,5.79317,6.090730818583255,-0.2975608185832552,LightGBM-descriptors
3950,7.04576,6.804680611308068,0.241079388691932,LightGBM-descriptors
2223,6.88606,7.008259770201896,-0.1221997702018962,LightGBM-descriptors
1536,5.64859,6.872309922474258,-1.223719922474258,LightGBM-descriptors
3931,7.0,7.235614982570575,-0.2356149825705751,LightGBM-descriptors
3709,5.88406,6.636127211245406,-0.7520672112454063,LightGBM-descriptors
4100,5.34104,5.52898434688529,-0.1879443468852901,LightGBM-descriptors
110,8.34679,6.832638716613483,1.514151283386517,LightGBM-descriptors
4514,8.93554,7.357492956829774,1.5780470431702254,LightGBM-descriptors
1804,7.00877,6.576481054211113,0.432288945788887,LightGBM-descriptors
2785,7.15927,5.849867398793971,1.3094026012060294,LightGBM-descriptors
960,5.22915,5.724009004140017,-0.4948590041400171,LightGBM-descriptors
249,7.26281,6.76249638881334,0.5003136111866597,LightGBM-descriptors
1945,6.174285,6.45844129639913,-0.2841562963991295,LightGBM-descriptors
1539,5.1261,6.952169797265634,-1.8260697972656343,LightGBM-descriptors
3549,6.17393,5.983514998629992,0.1904150013700087,LightGBM-descriptors
3477,8.24872,9.096822822742393,-0.8481028227423906,LightGBM-descriptors
1010,6.0,6.580050694601376,-0.5800506946013764,LightGBM-descriptors
2755,7.34998,6.921183590117421,0.4287964098825796,LightGBM-descriptors
4328,5.09155,6.38998955096092,-1.2984395509609206,LightGBM-descriptors
1181,6.46852,8.394971028511435,-1.9264510285114351,LightGBM-descriptors
1493,7.60206,6.269111051920199,1.3329489480798014,LightGBM-descriptors
4084,5.4045,6.275552365334376,-0.8710523653343767,LightGBM-descriptors
579,6.04576,6.02928419356858,0.0164758064314192,LightGBM-descriptors
3112,6.70997,6.755745444870674,-0.0457754448706735,LightGBM-descriptors
1012,5.6,6.305072514011425,-0.7050725140114258,LightGBM-descriptors
1484,6.88606,6.048254334236394,0.8378056657636055,RandomForest-combined
3113,8.38616,6.35716810637626,2.0289918936237408,RandomForest-combined
45,6.03152,6.791305366671632,-0.7597853666716317,RandomForest-combined
686,5.96257,6.835304960193508,-0.8727349601935073,RandomForest-combined
2931,5.89963,6.123468686752287,-0.2238386867522868,RandomForest-combined
4105,6.0655,6.083074412493749,-0.0175744124937491,RandomForest-combined
1778,5.211255,6.529829711042487,-1.318574711042487,RandomForest-combined
3362,5.04096,6.123227087958512,-1.0822670879585123,RandomForest-combined
1447,6.52288,6.441187792715002,0.0816922072849974,RandomForest-combined
3076,5.18709,6.392823859632728,-1.2057338596327272,RandomForest-combined
4373,7.4437,6.10250803834986,1.3411919616501402,RandomForest-combined
1538,5.1607,6.217977908072687,-1.0572779080726864,RandomForest-combined
500,6.16115,6.373117317344853,-0.211967317344853,RandomForest-combined
892,5.55752,6.256496925451367,-0.6989769254513671,RandomForest-combined
2710,6.1549,5.873527637692053,0.2813723623079465,RandomForest-combined
2955,8.90309,7.542675422213209,1.360414577786791,RandomForest-combined
1603,6.92445,6.9709786380709335,-0.0465286380709333,RandomForest-combined
1455,7.69897,6.733286946604253,0.9656830533957468,RandomForest-combined
252,6.67778,7.419536849634166,-0.7417568496341653,RandomForest-combined
1936,6.36552,8.152675919463908,-1.787155919463908,RandomForest-combined
3932,6.28316,7.000978508349184,-0.7178185083491844,RandomForest-combined
3158,9.13668,8.354418354631738,0.782261645368262,RandomForest-combined
4119,5.48945,6.1317903171483525,-0.6423403171483528,RandomForest-combined
1156,7.19382,6.7995697311657,0.3942502688343001,RandomForest-combined
728,5.99443,6.168452425722669,-0.1740224257226685,RandomForest-combined
4374,7.173394999999999,6.751311768487508,0.4220832315124916,RandomForest-combined
3986,7.4437,6.751311768487508,0.6923882315124921,RandomForest-combined
3987,7.49485,6.751311768487508,0.7435382315124919,RandomForest-combined
2686,5.45967,6.513562263132508,-1.053892263132508,RandomForest-combined
1568,5.04576,6.029513170500587,-0.9837531705005872,RandomForest-combined
4233,5.94006,6.0348868673621,-0.0948268673620997,RandomForest-combined
3784,6.19382,6.44797976072357,-0.2541597607235699,RandomForest-combined
1850,5.01323,5.998372018921075,-0.9851420189210752,RandomForest-combined
2169,6.04096,6.051057262848406,-0.0100972628484061,RandomForest-combined
663,5.72816,6.626545017362663,-0.8983850173626635,RandomForest-combined
4484,6.36653,6.186171456067906,0.180358543932094,RandomForest-combined
2817,5.07572,6.033790900269588,-0.9580709002695889,RandomForest-combined
1189,6.09691,6.794736000918636,-0.6978260009186359,RandomForest-combined
3859,7.45643,6.191604792120618,1.2648252078793822,RandomForest-combined
747,8.24795,7.428283239725077,0.8196667602749219,RandomForest-combined
1762,5.13668,5.989306057292964,-0.852626057292964,RandomForest-combined
4436,5.31158,6.154741497258222,-0.8431614972582215,RandomForest-combined
1807,8.3279,6.745093317871888,1.582806682128112,RandomForest-combined
1976,8.17393,7.68978942136049,0.4841405786395105,RandomForest-combined
978,6.17783,7.058744065404804,-0.880914065404804,RandomForest-combined
419,5.42022,5.848255575147323,-0.428035575147323,RandomForest-combined
1339,5.17393,6.415820778350138,-1.2418907783501378,RandomForest-combined
3561,5.29243,6.008832927561665,-0.7164029275616643,RandomForest-combined
1186,5.79588,6.663487854856546,-0.867607854856546,RandomForest-combined
185,6.65758,6.365322943028505,0.2922570569714953,RandomForest-combined
1333,6.05061,6.193655152395531,-0.1430451523955316,RandomForest-combined
3361,5.16749,6.037931854841862,-0.8704418548418618,RandomForest-combined
3046,8.85387,8.271544709837121,0.5823252901628795,RandomForest-combined
159,5.0,6.035030330566126,-1.0350303305661264,RandomForest-combined
3707,8.04576,6.642066352921124,1.4036936470788757,RandomForest-combined
3489,6.56067,7.143782595032173,-0.5831125950321727,RandomForest-combined
1451,7.09691,6.680908272732526,0.4160017272674743,RandomForest-combined
742,6.86967,7.064059944283351,-0.1943899442833503,RandomForest-combined
1202,8.55284,7.283620984201822,1.2692190157981775,RandomForest-combined
1337,5.5376,6.321414045935582,-0.783814045935582,RandomForest-combined
4250,8.4828,6.839175166555951,1.643624833444048,RandomForest-combined
2313,9.0655,7.480264128467827,1.5852358715321735,RandomForest-combined
1601,6.18709,6.060240280149504,0.1268497198504965,RandomForest-combined
4247,7.25964,6.225676344305668,1.0339636556943326,RandomForest-combined
188,9.08619,6.830519492747985,2.255670507252015,RandomForest-combined
412,7.030094999999999,6.566441081751917,0.4636539182480819,RandomForest-combined
3128,6.4,7.406333475728853,-1.0063334757288525,RandomForest-combined
140,6.4437,6.145970471637539,0.2977295283624608,RandomForest-combined
1984,5.17393,5.925368795397997,-0.7514387953979966,RandomForest-combined
1567,5.73283,6.594632628356696,-0.8618026283566964,RandomForest-combined
1848,5.08619,5.933614622012839,-0.8474246220128387,RandomForest-combined
1939,5.819455,6.225223852459084,-0.4057688524590839,RandomForest-combined
1875,5.30103,6.376198448606692,-1.075168448606692,RandomForest-combined
3721,8.76955,6.293634644889482,2.4759153551105184,RandomForest-combined
1947,6.697985,6.237487386655357,0.4604976133446428,RandomForest-combined
4359,5.12321,6.44323677136014,-1.3200267713601397,RandomForest-combined
3070,6.14509,6.942667755718781,-0.7975777557187813,RandomForest-combined
4171,5.70333,6.198774628890575,-0.4954446288905743,RandomForest-combined
1182,7.88606,7.078509379448613,0.8075506205513863,RandomForest-combined
2168,5.00087,6.159333069979991,-1.158463069979991,RandomForest-combined
191,8.52288,6.433840827822889,2.0890391721771118,RandomForest-combined
2151,6.16115,6.114251587458056,0.0468984125419442,RandomForest-combined
2821,7.52288,6.65936319959637,0.8635168004036302,RandomForest-combined
3913,6.99482,6.401624933117123,0.5931950668828767,RandomForest-combined
1442,7.30103,6.7583213138077065,0.5427086861922934,RandomForest-combined
615,6.44,6.228883875024533,0.2111161249754678,RandomForest-combined
3344,5.24872,6.226171811219122,-0.9774518112191224,RandomForest-combined
3724,8.59007,8.009970083085705,0.5800999169142962,RandomForest-combined
649,8.34679,6.9711460971162245,1.375643902883776,RandomForest-combined
278,6.69001,6.531903127952869,0.1581068720471306,RandomForest-combined
282,7.11003,6.804697202384216,0.305332797615784,RandomForest-combined
955,6.26761,6.254395664034661,0.0132143359653396,RandomForest-combined
2727,6.0,5.938338240062824,0.0616617599371762,RandomForest-combined
1934,7.13966,8.164283275676574,-1.024623275676574,RandomForest-combined
503,5.88606,6.526079378108137,-0.6400193781081374,RandomForest-combined
3951,7.0,6.124402731167455,0.8755972688325455,RandomForest-combined
4003,7.5376,6.640693451997222,0.8969065480027787,RandomForest-combined
3708,5.85574,6.563266734524552,-0.707526734524552,RandomForest-combined
1784,6.319135,6.481236482444972,-0.1621014824449718,RandomForest-combined
1523,6.50864,8.062584043629064,-1.5539440436290644,RandomForest-combined
4123,7.95468,7.808964089509232,0.1457159104907672,RandomForest-combined
1982,5.07058,5.934225370180595,-0.8636453701805955,RandomForest-combined
3818,5.41794,6.337182999863413,-0.9192429998634132,RandomForest-combined
1817,6.09691,6.635056457918415,-0.5381464579184145,RandomForest-combined
3924,7.23657,6.607081381491019,0.6294886185089812,RandomForest-combined
2474,6.15366,6.698024919326826,-0.5443649193268261,RandomForest-combined
2013,6.48812,7.102929928689503,-0.6148099286895023,RandomForest-combined
1408,5.4318,6.603002285556695,-1.1712022855566948,RandomForest-combined
3476,8.35556,7.709492731409204,0.6460672685907962,RandomForest-combined
1548,5.8716,6.381328974697439,-0.5097289746974392,RandomForest-combined
1276,7.6073,6.940893871403429,0.666406128596571,RandomForest-combined
4511,8.20066,6.873988938629105,1.3266710613708943,RandomForest-combined
669,5.46725,7.048897815294937,-1.5816478152949367,RandomForest-combined
2469,6.59346,6.413033603834862,0.1804263961651386,RandomForest-combined
1471,6.25964,6.193511435562063,0.0661285644379372,RandomForest-combined
3991,9.30103,6.031479725611727,3.2695502743882736,RandomForest-combined
1964,7.84771,7.825581003693901,0.0221289963060993,RandomForest-combined
2048,7.66555,8.297609965940426,-0.6320599659404262,RandomForest-combined
2088,5.98716,6.491448252690138,-0.504288252690138,RandomForest-combined
112,7.49485,6.801439734591058,0.6934102654089411,RandomForest-combined
3576,5.63676,6.097947997540639,-0.4611879975406392,RandomForest-combined
2479,5.22257,5.703644066086323,-0.4810740660863226,RandomForest-combined
2542,5.0,6.047720196436217,-1.0477201964362166,RandomForest-combined
2592,5.20691,5.674343960724579,-0.4674339607245796,RandomForest-combined
1405,6.1549,6.598515154940832,-0.443615154940832,RandomForest-combined
2834,5.86646,6.201089207708817,-0.3346292077088169,RandomForest-combined
3999,5.72125,6.212455570081003,-0.4912055700810027,RandomForest-combined
1461,5.00877,6.068061690139232,-1.059291690139232,RandomForest-combined
3069,7.02687,7.029519210076463,-0.0026492100764636,RandomForest-combined
2709,6.52288,5.970437415353055,0.5524425846469452,RandomForest-combined
845,5.89,6.370074093617796,-0.4800740936177963,RandomForest-combined
1946,6.664775,6.226179809237359,0.4385951907626406,RandomForest-combined
1715,7.92082,6.290723618897612,1.630096381102388,RandomForest-combined
3917,6.60206,6.283593281044123,0.3184667189558769,RandomForest-combined
2144,6.30715,6.201632376744014,0.1055176232559862,RandomForest-combined
2319,6.65365,7.0718876221277975,-0.4182376221277977,RandomForest-combined
889,6.48545,6.253729414628765,0.2317205853712352,RandomForest-combined
822,6.84164,6.907370688705135,-0.0657306887051349,RandomForest-combined
2606,5.17457,6.217095558719205,-1.0425255587192046,RandomForest-combined
1005,6.79588,6.9202609777104485,-0.124380977710448,RandomForest-combined
3723,8.61979,7.950611071093328,0.6691789289066721,RandomForest-combined
3029,5.86012,6.34411790338985,-0.4839979033898496,RandomForest-combined
654,7.26761,6.713667646432986,0.553942353567014,RandomForest-combined
1709,5.85,5.767536217950831,0.0824637820491691,RandomForest-combined
3960,6.72125,6.492056557039626,0.2291934429603745,RandomForest-combined
23,5.34679,6.412051805435129,-1.0652618054351288,RandomForest-combined
37,7.39794,6.814435988095598,0.5835040119044024,RandomForest-combined
4093,5.93554,5.9750858107852896,-0.0395458107852899,RandomForest-combined
1338,5.38722,6.039712013704933,-0.6524920137049328,RandomForest-combined
4151,5.05502,6.1280993696203,-1.0730793696203005,RandomForest-combined
4005,6.52288,6.365089769038487,0.1577902309615124,RandomForest-combined
561,6.3279,6.105246336511391,0.2226536634886091,RandomForest-combined
517,5.4023,5.982796622360889,-0.5804966223608883,RandomForest-combined
2702,5.11805,6.029341292128709,-0.9112912921287092,RandomForest-combined
1168,5.52288,6.561584894586818,-1.038704894586818,RandomForest-combined
1414,7.59998,7.162353102732743,0.4376268972672577,RandomForest-combined
882,9.0,6.247163411067095,2.7528365889329054,RandomForest-combined
1475,7.61979,6.283149004127699,1.3366409958723011,RandomForest-combined
50,6.42022,6.800265606507616,-0.3800456065076165,RandomForest-combined
1562,6.56067,6.342877519579429,0.2177924804205711,RandomForest-combined
2773,6.11976,6.199191515831076,-0.0794315158310761,RandomForest-combined
4162,5.55596,6.007255747368758,-0.451295747368758,RandomForest-combined
2655,5.41794,6.018168213721282,-0.600228213721282,RandomForest-combined
3474,8.53165,8.06865298042748,0.462997019572521,RandomForest-combined
2589,6.14874,5.675871451022107,0.4728685489778934,RandomForest-combined
4570,8.58336,8.028631067630831,0.5547289323691693,RandomForest-combined
4149,5.75696,6.125764387211812,-0.3688043872118118,RandomForest-combined
2950,8.70006,7.246321204530914,1.4537387954690866,RandomForest-combined
1107,6.06905,7.099686014778444,-1.0306360147784446,RandomForest-combined
1130,8.09691,6.654943034354643,1.4419669656453564,RandomForest-combined
1459,5.25964,5.878909580489236,-0.6192695804892354,RandomForest-combined
3725,8.6216,8.015041642521314,0.6065583574786864,RandomForest-combined
2468,8.15989,6.8281496795427,1.3317403204573006,RandomForest-combined
838,7.37161,6.781912371448026,0.5896976285519742,RandomForest-combined
568,6.74473,6.045841034461824,0.6988889655381758,RandomForest-combined
502,7.60206,6.7473370757158655,0.8547229242841343,RandomForest-combined
3952,7.82391,6.339165949499554,1.4847440505004457,RandomForest-combined
873,8.73755,7.648592894462656,1.0889571055373448,RandomForest-combined
3309,5.65189,6.228748296645432,-0.5768582966454323,RandomForest-combined
3480,7.30103,6.306177474794821,0.9948525252051788,RandomForest-combined
3481,7.92082,6.306177474794821,1.6146425252051788,RandomForest-combined
560,6.21467,6.089374349655124,0.1252956503448761,RandomForest-combined
55,5.14,6.156062461626031,-1.0160624616260314,RandomForest-combined
1877,5.04096,6.323865355177677,-1.282905355177677,RandomForest-combined
2465,7.05502,7.003367433853686,0.0516525661463136,RandomForest-combined
1933,6.7167,8.156244095083528,-1.4395440950835274,RandomForest-combined
1494,6.20901,6.407901753645475,-0.1988917536454746,RandomForest-combined
1874,5.65758,6.511633946463933,-0.8540539464639325,RandomForest-combined
4101,5.44977,5.882267409958173,-0.4324974099581729,RandomForest-combined
1561,6.72125,6.185473434379707,0.5357765656202931,RandomForest-combined
1983,6.04576,5.997991223693487,0.0477687763065128,RandomForest-combined
3077,7.85387,6.892947648819294,0.960922351180706,RandomForest-combined
3420,9.03152,6.5757064762504,2.4558135237496,RandomForest-combined
4562,6.94692,6.161708451670979,0.7852115483290216,RandomForest-combined
749,7.76955,7.325907527888998,0.4436424721110015,RandomForest-combined
839,6.91009,7.175556413088935,-0.2654664130889346,RandomForest-combined
3816,6.46852,6.373870775683783,0.0946492243162167,RandomForest-combined
333,7.55284,6.805212712454948,0.7476272875450523,RandomForest-combined
4057,5.52288,5.812876664642463,-0.2899966646424632,RandomForest-combined
2991,5.33724,5.9711205507716905,-0.63388055077169,RandomForest-combined
4561,6.17522,7.155071601965962,-0.9798516019659615,RandomForest-combined
2304,5.16115,6.017327964641436,-0.8561779646414358,RandomForest-combined
2493,7.52288,6.246152507630933,1.2767274923690666,RandomForest-combined
1266,7.42022,7.760664560789634,-0.340444560789634,RandomForest-combined
352,6.92082,6.996618098128124,-0.0757980981281241,RandomForest-combined
1745,5.78781,6.309985770105599,-0.5221757701055987,RandomForest-combined
3471,8.36151,8.047109404091378,0.3144005959086229,RandomForest-combined
994,7.12494,6.477182772327811,0.647757227672189,RandomForest-combined
507,6.85699,6.935922763915397,-0.0789327639153976,RandomForest-combined
957,8.59007,8.318205922047518,0.2718640779524826,RandomForest-combined
1798,6.98716,6.541884011801646,0.4452759881983539,RandomForest-combined
1525,6.34199,6.790609679204626,-0.4486196792046257,RandomForest-combined
952,7.14874,6.332543866395096,0.8161961336049046,RandomForest-combined
1460,5.05552,6.109886535866128,-1.0543665358661285,RandomForest-combined
39,7.02228,6.358597896094755,0.663682103905245,RandomForest-combined
3359,6.08092,5.926513103515846,0.1544068964841543,RandomForest-combined
3712,8.40894,6.395303868769523,2.013636131230476,RandomForest-combined
1799,6.63639,6.547467883259856,0.0889221167401439,RandomForest-combined
3124,8.10002,7.543213313711258,0.5568066862887422,RandomForest-combined
4188,5.71287,6.213877002498424,-0.5010070024984241,RandomForest-combined
1876,5.04576,6.301634576685797,-1.2558745766857973,RandomForest-combined
1335,5.60206,6.340805895444674,-0.7387458954446746,RandomForest-combined
3502,8.20551,8.242822324593181,-0.0373123245931807,RandomForest-combined
652,7.04576,6.596241300720627,0.4495186992793725,RandomForest-combined
2314,8.59176,7.421523110285404,1.1702368897145972,RandomForest-combined
1960,8.63827,6.328544811013839,2.309725188986161,RandomForest-combined
3897,6.28316,6.215481204803377,0.0676787951966222,RandomForest-combined
4092,6.26922,6.100152027706809,0.1690679722931909,RandomForest-combined
3562,5.49485,5.993741718407836,-0.4988917184078367,RandomForest-combined
1187,7.63827,7.180842667793514,0.4574273322064863,RandomForest-combined
1396,8.30103,6.721984220407655,1.579045779592346,RandomForest-combined
384,5.0,6.34614254155037,-1.3461425415503705,RandomForest-combined
1524,6.58838,8.147570504171826,-1.559190504171826,RandomForest-combined
3997,5.52288,6.002829881137911,-0.4799498811379115,RandomForest-combined
1417,8.01002,7.322597378551764,0.6874226214482366,RandomForest-combined
2205,6.292,5.782459306080877,0.5095406939191225,RandomForest-combined
2454,6.40894,7.053458395784905,-0.644518395784905,RandomForest-combined
2957,9.36653,7.470280140706183,1.896249859293816,RandomForest-combined
1332,6.20761,6.149783694326645,0.0578263056733545,RandomForest-combined
780,8.47945,6.766187149112808,1.713262850887192,RandomForest-combined
1620,7.28651,7.1712469743299705,0.1152630256700293,RandomForest-combined
3842,6.84771,6.139741390442135,0.7079686095578657,RandomForest-combined
2492,5.29243,6.203314031402508,-0.9108840314025076,RandomForest-combined
3862,6.30103,6.54971996090524,-0.2486899609052395,RandomForest-combined
3493,7.95861,8.126836397722052,-0.1682263977220515,RandomForest-combined
1849,5.17393,6.096199807441581,-0.9222698074415804,RandomForest-combined
4435,5.51713,6.459761181902664,-0.942631181902664,RandomForest-combined
250,7.5817,7.159049569235665,0.4226504307643344,RandomForest-combined
4538,5.23582,5.988017661227073,-0.7521976612270729,RandomForest-combined
3926,9.284,6.847833487352621,2.43616651264738,RandomForest-combined
83,6.79588,6.272989437813656,0.522890562186344,RandomForest-combined
1744,5.75449,6.218395886523277,-0.4639058865232774,RandomForest-combined
314,8.4437,7.539764404947319,0.9039355950526806,RandomForest-combined
2090,6.56864,6.230515642739894,0.3381243572601065,RandomForest-combined
2147,5.98422,6.270103050905197,-0.2858830509051975,RandomForest-combined
1270,5.45593,5.982349462809359,-0.5264194628093586,RandomForest-combined
3555,5.13668,5.968664663021762,-0.8319846630217622,RandomForest-combined
3954,7.33724,6.369737378058001,0.9675026219419998,RandomForest-combined
577,6.5376,6.182119872610797,0.3554801273892032,RandomForest-combined
3486,5.67366,5.800567647199067,-0.1269076471990669,RandomForest-combined
2142,6.18111,6.235606942394423,-0.0544969423944223,RandomForest-combined
290,5.74,6.612239427288735,-0.8722394272887346,RandomForest-combined
4291,7.02687,6.569944001518597,0.4569259984814025,RandomForest-combined
3080,5.79588,6.54608848216873,-0.7502084821687296,RandomForest-combined
732,7.67778,6.3722325596683485,1.3055474403316518,RandomForest-combined
2049,8.16115,8.279535146932373,-0.1183851469323737,RandomForest-combined
1808,7.76955,6.746768340034366,1.0227816599656334,RandomForest-combined
4323,5.32883,6.065608275948548,-0.7367782759485477,RandomForest-combined
1546,5.33287,6.085242602698555,-0.7523726026985553,RandomForest-combined
3103,8.72125,8.274781236738384,0.4464687632616151,RandomForest-combined
2363,7.17393,6.474664026108391,0.6992659738916096,RandomForest-combined
2217,6.44733,7.242548871843758,-0.7952188718437583,RandomForest-combined
729,5.87234,6.131620249800741,-0.2592802498007405,RandomForest-combined
173,6.740745,6.735970817412167,0.0047741825878331,RandomForest-combined
4154,5.48149,6.331297068192875,-0.8498070681928747,RandomForest-combined
1321,6.74473,7.755255822581685,-1.0105258225816858,RandomForest-combined
3896,5.19511,6.579941555209575,-1.3848315552095751,RandomForest-combined
42,6.55284,6.409385604054815,0.1434543959451852,RandomForest-combined
3791,7.16749,6.307661259747133,0.8598287402528673,RandomForest-combined
3820,5.76955,6.126662289987429,-0.3571122899874295,RandomForest-combined
1281,6.9393,7.592896556009971,-0.6535965560099708,RandomForest-combined
1563,9.62709,6.328596745837154,3.298493254162847,RandomForest-combined
3151,9.09691,7.380695800089662,1.716214199910337,RandomForest-combined
2065,5.07572,6.273145181150328,-1.1974251811503285,RandomForest-combined
3683,5.06048,5.91996021395707,-0.8594802139570703,RandomForest-combined
369,5.58503,6.454228838899275,-0.8691988388992753,RandomForest-combined
3345,6.09151,6.286376086560756,-0.1948660865607552,RandomForest-combined
1292,8.31876,7.211626582399084,1.1071334176009149,RandomForest-combined
1550,6.39794,6.14155452821491,0.2563854717850899,RandomForest-combined
3115,5.82391,5.914685193899089,-0.0907751938990895,RandomForest-combined
2666,7.22185,7.052258504994388,0.1695914950056121,RandomForest-combined
2994,5.47991,6.128402570778452,-0.6484925707784521,RandomForest-combined
950,6.80134,6.496294765092091,0.3050452349079089,RandomForest-combined
2450,5.07988,5.989560896466567,-0.9096808964665666,RandomForest-combined
1783,6.77258,6.484940799955757,0.2876392000442429,RandomForest-combined
4481,8.33255,6.153173005467803,2.179376994532197,RandomForest-combined
2767,5.05306,6.118917620283988,-1.065857620283988,RandomForest-combined
3125,7.70006,7.541387992978606,0.1586720070213934,RandomForest-combined
1062,6.56864,6.36324669744298,0.2053933025570202,RandomForest-combined
4190,5.2204,5.816539025147626,-0.5961390251476262,RandomForest-combined
1007,6.45593,6.167242486524452,0.2886875134755486,RandomForest-combined
1944,6.271825,6.311638298659604,-0.0398132986596042,RandomForest-combined
1462,5.06048,5.955439445613551,-0.8949594456135506,RandomForest-combined
1445,5.1549,6.273215658359614,-1.1183156583596148,RandomForest-combined
4274,6.68867,7.018588426910645,-0.3299184269106447,RandomForest-combined
4527,5.03953,6.315141802301596,-1.2756118023015954,RandomForest-combined
4133,5.44563,6.019162005008656,-0.5735320050086559,RandomForest-combined
2046,7.48812,8.346700780061775,-0.8585807800617751,RandomForest-combined
1557,5.02687,6.196699226285583,-1.1698292262855832,RandomForest-combined
199,5.92082,6.338150224132897,-0.4173302241328969,RandomForest-combined
1397,8.1549,6.759138091693386,1.3957619083066133,RandomForest-combined
3905,5.47886,6.162286539443279,-0.6834265394432792,RandomForest-combined
1235,6.63827,6.611794421160481,0.026475578839519,RandomForest-combined
668,5.16368,7.1099663909828905,-1.9462863909828905,RandomForest-combined
1400,7.61979,6.641690565136145,0.9780994348638554,RandomForest-combined
3310,6.13077,6.539794860729815,-0.409024860729815,RandomForest-combined
2681,5.3851,6.111212382004609,-0.7261123820046089,RandomForest-combined
363,6.49485,6.425258901826696,0.0695910981733041,RandomForest-combined
501,6.56864,6.351734283094496,0.2169057169055044,RandomForest-combined
4510,5.38091,6.114161862122148,-0.733251862122148,RandomForest-combined
4161,6.49485,6.300219695032262,0.1946303049677373,RandomForest-combined
148,5.20329,6.073812705635508,-0.8705227056355076,RandomForest-combined
1937,6.79588,6.426588091859443,0.369291908140557,RandomForest-combined
2082,6.65365,6.811419637872271,-0.1577696378722715,RandomForest-combined
3470,8.26122,7.970642704347897,0.2905772956521026,RandomForest-combined
1551,6.59176,6.5835500798655096,0.0082099201344902,RandomForest-combined
1564,7.5544,6.909321765644336,0.6450782343556645,RandomForest-combined
1118,5.50307,6.901810319897578,-1.398740319897578,RandomForest-combined
91,6.95861,6.922339185469579,0.0362708145304209,RandomForest-combined
1272,5.67778,6.519148724722511,-0.8413687247225106,RandomForest-combined
4428,5.18376,6.048389407388099,-0.8646294073880982,RandomForest-combined
3826,5.8962,6.120213886160735,-0.2240138861607343,RandomForest-combined
1528,5.0,6.003750864634408,-1.0037508646344078,RandomForest-combined
969,8.01592,8.099350727484264,-0.0834307274842647,RandomForest-combined
1816,6.85387,6.668178604192387,0.1856913958076127,RandomForest-combined
75,6.12494,6.566165256641687,-0.4412252566416876,RandomForest-combined
2784,6.04769,7.082881234205657,-1.0351912342056568,RandomForest-combined
1517,7.46852,7.382178186161064,0.0863418138389358,RandomForest-combined
1802,6.91507,7.171861845043017,-0.2567918450430166,RandomForest-combined
4547,5.78357,6.007562371123182,-0.2239923711231819,RandomForest-combined
1449,5.39794,6.468682839538199,-1.070742839538199,RandomForest-combined
3216,5.00261,6.1742435506935225,-1.1716335506935227,RandomForest-combined
3726,9.38722,7.885171124364938,1.5020488756350607,RandomForest-combined
446,5.43652,5.947073252249497,-0.5105532522494975,RandomForest-combined
1897,7.75945,8.090892985724532,-0.3314429857245313,RandomForest-combined
586,5.11,6.16120147203925,-1.0512014720392493,RandomForest-combined
2317,6.58503,7.03851310223772,-0.4534831022377199,RandomForest-combined
2143,6.05849,6.263462536176098,-0.2049725361760979,RandomForest-combined
2954,9.02228,7.603074474766872,1.419205525233128,RandomForest-combined
3973,6.12494,6.200832798791386,-0.0758927987913864,RandomForest-combined
613,7.22185,6.485417340391415,0.7364326596085853,RandomForest-combined
2265,5.60206,6.458098982000154,-0.8560389820001539,RandomForest-combined
1510,7.85387,7.066639507004938,0.7872304929950618,RandomForest-combined
1537,6.1549,5.742312298992084,0.412587701007916,RandomForest-combined
4325,6.07988,6.232023183678828,-0.1521431836788274,RandomForest-combined
4445,8.04001,6.653648977905854,1.386361022094147,RandomForest-combined
160,5.52288,6.315654349215503,-0.7927743492155033,RandomForest-combined
1716,7.92082,6.437555263264485,1.4832647367355154,RandomForest-combined
592,5.52288,6.164762887757348,-0.6418828877573484,RandomForest-combined
4433,6.09583,6.248944355304208,-0.1531143553042078,RandomForest-combined
3074,6.25259,6.722967448245416,-0.4703774482454159,RandomForest-combined
4477,5.3279,6.023594410046295,-0.6956944100462952,RandomForest-combined
1011,6.5,7.256309046772946,-0.7563090467729463,RandomForest-combined
3722,8.73993,7.992069071641433,0.7478609283585662,RandomForest-combined
648,8.22185,7.231513869336458,0.9903361306635414,RandomForest-combined
3349,5.88941,6.98079943288264,-1.0913894328826403,RandomForest-combined
358,7.00436,7.0667254170476985,-0.0623654170476983,RandomForest-combined
1847,5.20066,5.876191189494484,-0.6755311894944835,RandomForest-combined
33,6.1549,6.722061446065946,-0.5671614460659464,RandomForest-combined
4409,5.42829,6.263994328261251,-0.8357043282612517,RandomForest-combined
650,6.46852,6.750608366310448,-0.2820883663104476,RandomForest-combined
1280,6.35655,6.534734853215028,-0.1781848532150274,RandomForest-combined
4386,5.94692,6.28203903380877,-0.3351190338087697,RandomForest-combined
2754,7.32003,6.5181103881211815,0.8019196118788186,RandomForest-combined
4132,6.27646,5.949877194221597,0.3265828057784032,RandomForest-combined
3079,5.30103,6.256893142819642,-0.9558631428196422,RandomForest-combined
2425,6.03152,6.281124332984973,-0.2496043329849726,RandomForest-combined
94,7.55284,6.897221342658586,0.6556186573414138,RandomForest-combined
2853,8.5784,7.77379885599909,0.8046011440009107,RandomForest-combined
2884,8.38828,7.076634924401467,1.3116450755985332,RandomForest-combined
2540,8.20761,7.702756234541484,0.5048537654585168,RandomForest-combined
1864,6.06048,6.124692102458028,-0.0642121024580282,RandomForest-combined
2538,7.73993,7.635749298483355,0.1041807015166451,RandomForest-combined
2473,5.92996,6.569906659772439,-0.6399466597724386,RandomForest-combined
2588,5.31876,5.67729610041187,-0.3585361004118699,RandomForest-combined
2080,7.24413,6.833261026846365,0.4108689731536348,RandomForest-combined
574,6.67778,6.072551083364034,0.6052289166359666,RandomForest-combined
1008,7.30103,6.312463259179542,0.988566740820458,RandomForest-combined
2362,5.86328,5.893170277089371,-0.0298902770893709,RandomForest-combined
1041,6.74473,6.258493211310793,0.4862367886892063,RandomForest-combined
4528,6.4318,6.364231276834595,0.0675687231654045,RandomForest-combined
929,7.7986,6.782611852571173,1.0159881474288277,RandomForest-combined
1498,7.36653,7.159806826057297,0.2067231739427031,RandomForest-combined
4292,6.98716,6.542015008272543,0.4451449917274575,RandomForest-combined
3503,9.35655,8.183295354306964,1.1732546456930368,RandomForest-combined
3504,9.92082,8.182218763599389,1.738601236400612,RandomForest-combined
4343,5.71444,6.141560681363236,-0.4271206813632364,RandomForest-combined
1114,6.90309,6.967082451005862,-0.0639924510058627,RandomForest-combined
2855,8.64782,7.746358828569072,0.9014611714309276,RandomForest-combined
935,7.59007,6.7310009191182845,0.8590690808817154,RandomForest-combined
4356,5.52143,7.099084625157531,-1.577654625157531,RandomForest-combined
2287,8.3363,7.547008710363451,0.7892912896365489,RandomForest-combined
1106,6.94692,7.024668905763553,-0.0777489057635527,RandomForest-combined
67,7.115494999999999,6.802618114499002,0.3128768855009971,RandomForest-combined
3346,5.17328,6.733828185383734,-1.560548185383734,RandomForest-combined
2731,5.63827,5.987441195273075,-0.3491711952730743,RandomForest-combined
1320,7.74473,8.02383005245962,-0.2791000524596212,RandomForest-combined
4088,5.11862,5.840542535325825,-0.7219225353258247,RandomForest-combined
1652,5.11407,5.977781139686465,-0.8637111396864654,RandomForest-combined
820,6.90309,6.951307249903321,-0.0482172499033213,RandomForest-combined
3953,6.29243,6.378914660766851,-0.0864846607668505,RandomForest-combined
1336,5.58503,6.470631837265377,-0.8856018372653773,RandomForest-combined
515,5.74958,5.870827927927255,-0.1212479279272553,RandomForest-combined
2677,6.22185,7.380838301012724,-1.158988301012724,RandomForest-combined
1516,7.78252,7.373474007125255,0.4090459928747449,RandomForest-combined
1352,8.1549,6.460965493351543,1.693934506648457,RandomForest-combined
77,6.40894,6.786892348402278,-0.3779523484022773,RandomForest-combined
1329,9.1549,8.596567966109435,0.5583320338905651,RandomForest-combined
1472,6.14267,6.117180092961011,0.0254899070389891,RandomForest-combined
1968,7.46852,6.167997428119979,1.3005225718800206,RandomForest-combined
971,7.30103,7.991155089666749,-0.6901250896667488,RandomForest-combined
856,5.41657,6.180044661265194,-0.7634746612651941,RandomForest-combined
2809,6.67778,6.387477951352852,0.2903020486471481,RandomForest-combined
351,7.85387,7.418094788590593,0.4357752114094069,RandomForest-combined
3874,5.71086,6.076506958783236,-0.3656469587832358,RandomForest-combined
1263,6.58336,7.606578980306481,-1.0232189803064813,RandomForest-combined
253,7.66154,7.65554047354897,0.0059995264510295,RandomForest-combined
3969,6.26761,6.334032415998105,-0.0664224159981046,RandomForest-combined
3904,7.38722,6.145960220381817,1.2412597796181828,RandomForest-combined
1128,7.00436,6.166123412262981,0.8382365877370193,RandomForest-combined
1042,6.05061,6.193969886606976,-0.1433598866069765,RandomForest-combined
3903,5.40671,6.139812023652032,-0.733102023652032,RandomForest-combined
3127,7.0,7.467103054783338,-0.4671030547833377,RandomForest-combined
4153,8.09691,8.069845017964978,0.0270649820350215,RandomForest-combined
4186,5.26841,6.107954598388903,-0.8395445983889029,RandomForest-combined
966,7.85387,8.188263538214057,-0.3343935382140577,RandomForest-combined
2934,5.21396,6.355190868095181,-1.1412308680951808,RandomForest-combined
944,5.62525,5.985779549606334,-0.3605295496063334,RandomForest-combined
1823,5.36552,6.012944374131727,-0.6474243741317265,RandomForest-combined
4252,6.41417,7.000175889441727,-0.5860058894417266,RandomForest-combined
2961,5.32606,6.070655253192324,-0.7445952531923243,RandomForest-combined
3560,5.88606,6.280168726077744,-0.3941087260777438,RandomForest-combined
580,7.55284,6.470028697010413,1.0828113029895867,RandomForest-combined
4185,6.52288,6.204129873276782,0.3187501267232182,RandomForest-combined
3936,9.67985,7.132133222261951,2.5477167777380494,RandomForest-combined
370,7.20761,6.765438660302952,0.4421713396970474,RandomForest-combined
819,6.87615,6.882282903360523,-0.0061329033605233,RandomForest-combined
1962,8.68613,7.957025650690268,0.7291043493097327,RandomForest-combined
585,6.30103,6.041516300803221,0.2595136991967788,RandomForest-combined
1879,5.63451,6.435849700918946,-0.8013397009189465,RandomForest-combined
27,6.08092,6.412192518762533,-0.3312725187625327,RandomForest-combined
4507,6.26761,6.041600329583023,0.2260096704169774,RandomForest-combined
1331,6.22915,5.874458520951383,0.3546914790486166,RandomForest-combined
4208,5.635015,6.526496366804526,-0.891481366804526,RandomForest-combined
3947,5.28432,6.082535310734035,-0.7982153107340348,RandomForest-combined
796,5.50864,6.055323890866733,-0.5466838908667331,RandomForest-combined
1456,5.22185,6.173225122845086,-0.9513751228450856,RandomForest-combined
1457,5.69897,6.173225122845086,-0.4742551228450855,RandomForest-combined
2424,5.23136,6.221997388083195,-0.9906373880831952,RandomForest-combined
4539,5.09259,5.958023680352767,-0.8654336803527665,RandomForest-combined
194,8.05061,6.410616375962542,1.6399936240374586,RandomForest-combined
1614,7.0716,7.296891691715998,-0.2252916917159977,RandomForest-combined
3809,6.05552,5.8286011210203625,0.226918878979637,RandomForest-combined
3511,5.14267,6.075506545107464,-0.932836545107464,RandomForest-combined
4331,5.36292,6.293084487824602,-0.9301644878246024,RandomForest-combined
3972,5.34199,6.163267911938939,-0.8212779119389388,RandomForest-combined
3877,6.56067,6.372676016060382,0.1879939839396183,RandomForest-combined
2992,5.3098,6.2122440704690645,-0.9024440704690644,RandomForest-combined
3311,6.29243,6.390929846295999,-0.0984998462959989,RandomForest-combined
58,5.19,6.0982438423231615,-0.9082438423231612,RandomForest-combined
4229,6.36051,6.085986037348382,0.2745239626516174,RandomForest-combined
3510,5.42713,6.069516199703884,-0.6423861997038838,RandomForest-combined
3572,5.31069,5.78180970163663,-0.4711197016366295,RandomForest-combined
2150,6.72125,6.087111633079596,0.6341383669204044,RandomForest-combined
1353,8.09098,6.644939168129813,1.446040831870187,RandomForest-combined
662,8.09098,6.661362500216589,1.4296174997834117,RandomForest-combined
1399,7.79588,6.703637276461547,1.0922427235384538,RandomForest-combined
1477,7.16749,6.120653903661942,1.0468360963380583,RandomForest-combined
2133,5.61618,6.290367574106858,-0.6741875741068579,RandomForest-combined
1261,7.08092,7.599980267648366,-0.5190602676483662,RandomForest-combined
3880,6.63827,6.354189179304317,0.2840808206956833,RandomForest-combined
1558,5.25181,6.209289285969197,-0.957479285969197,RandomForest-combined
3727,9.20066,8.028737766051492,1.1719222339485071,RandomForest-combined
2591,5.57675,5.820599594457775,-0.2438495944577754,RandomForest-combined
3810,5.0,6.029256613034773,-1.0292566130347731,RandomForest-combined
1296,8.56864,7.891400337983186,0.677239662016814,RandomForest-combined
2956,7.27572,7.407616972814993,-0.1318969728149932,RandomForest-combined
195,6.31876,6.768059543001398,-0.4492995430013975,RandomForest-combined
1446,5.09691,6.4448625267835125,-1.3479525267835122,RandomForest-combined
4273,6.6332,6.986186870150522,-0.3529868701505219,RandomForest-combined
3508,6.92082,6.243537613348412,0.677282386651588,RandomForest-combined
1717,5.78781,6.145137166467608,-0.3573271664676074,RandomForest-combined
38,7.09691,6.41323039696868,0.6836796030313206,RandomForest-combined
3876,6.18177,6.401700149078873,-0.2199301490788725,RandomForest-combined
4512,9.0655,6.791299192108521,2.2742008078914795,RandomForest-combined
4332,5.195735,6.244527765885315,-1.048792765885315,RandomForest-combined
1466,7.12494,6.363478274092386,0.7614617259076137,RandomForest-combined
3149,7.42022,7.437043605994933,-0.0168236059949338,RandomForest-combined
453,5.89963,6.565148410784272,-0.665518410784272,RandomForest-combined
1501,7.69897,7.2534523063467855,0.4455176936532146,RandomForest-combined
3466,6.80883,7.532489159831162,-0.7236591598311612,RandomForest-combined
719,6.21467,6.596685046540251,-0.3820150465402507,RandomForest-combined
718,5.61618,6.596685046540251,-0.9805050465402508,RandomForest-combined
603,6.08092,6.596685046540251,-0.5157650465402508,RandomForest-combined
4078,7.95861,6.359772086887594,1.5988379131124058,RandomForest-combined
1940,6.647905,6.256086587583122,0.3918184124168773,RandomForest-combined
1324,7.33724,8.174716586349183,-0.8374765863491822,RandomForest-combined
4294,7.02687,6.7387802839790565,0.2880897160209432,RandomForest-combined
3455,6.40494,7.46060399308642,-1.0556639930864202,RandomForest-combined
4513,7.29158,8.108352028547843,-0.8167720285478435,RandomForest-combined
4157,7.046835,7.227645676259722,-0.1808106762597221,RandomForest-combined
1810,6.92082,6.720353774822485,0.2004662251775153,RandomForest-combined
3768,7.70553,6.184280157395749,1.5212498426042511,RandomForest-combined
3209,6.39794,6.006186348282864,0.3917536517171358,RandomForest-combined
2137,6.5867,6.175177916355703,0.4115220836442974,RandomForest-combined
3575,5.38902,6.1110870727821,-0.7220670727820995,RandomForest-combined
1814,7.69897,6.715797990801965,0.9831720091980348,RandomForest-combined
2320,6.93181,7.145604181801291,-0.2137941818012914,RandomForest-combined
4476,5.34679,6.048065138866646,-0.701275138866646,RandomForest-combined
2806,6.0348,6.530961761500432,-0.4961617615004323,RandomForest-combined
1977,5.08619,5.984974628068832,-0.8987846280688316,RandomForest-combined
19,5.42022,6.780092595676551,-1.359872595676551,RandomForest-combined
2604,7.43063,6.212874687577524,1.2177553124224758,RandomForest-combined
3478,8.97469,7.357120062595039,1.617569937404962,RandomForest-combined
683,7.41567,7.639389338351923,-0.2237193383519224,RandomForest-combined
4002,5.46852,6.019499492236611,-0.5509794922366114,RandomForest-combined
2167,5.82391,6.095683280019802,-0.2717732800198025,RandomForest-combined
3840,5.24336,6.303899702177972,-1.060539702177972,RandomForest-combined
745,8.29414,6.647403405487481,1.64673659451252,RandomForest-combined
581,5.21,6.114036983299046,-0.9040369832990462,RandomForest-combined
2015,6.81531,7.262638888914721,-0.4473288889147211,RandomForest-combined
769,5.97,6.739735119913576,-0.7697351199135758,RandomForest-combined
1583,6.64397,6.291662117081634,0.3523078829183665,RandomForest-combined
1584,7.14874,6.40597453611194,0.7427654638880599,RandomForest-combined
2952,5.4828,6.469862630817336,-0.987062630817336,RandomForest-combined
3355,5.5784,5.9713321076520165,-0.3929321076520162,RandomForest-combined
203,8.07572,6.450766164051987,1.6249538359480136,RandomForest-combined
3535,6.49485,6.280097608586787,0.2147523914132127,RandomForest-combined
853,6.63676,6.488549343146785,0.1482106568532151,RandomForest-combined
774,6.77001,6.820738136024884,-0.0507281360248841,RandomForest-combined
771,6.91999,6.961873268663504,-0.0418832686635033,RandomForest-combined
2782,5.03306,6.854734831670204,-1.8216748316702045,RandomForest-combined
1736,5.23582,5.626261234742408,-0.3904412347424078,RandomForest-combined
2170,5.77211,6.16206011475791,-0.3899501147579105,RandomForest-combined
1967,7.25964,6.0859706423152735,1.1736693576847266,RandomForest-combined
3137,6.34294,7.401973806744815,-1.0590338067448153,RandomForest-combined
3843,6.66555,6.227163853426911,0.4383861465730891,RandomForest-combined
43,5.82391,6.410292301536401,-0.5863823015364016,RandomForest-combined
3494,8.10292,8.126948406513621,-0.0240284065136222,RandomForest-combined
4104,5.14388,5.845885525290755,-0.7020055252907547,RandomForest-combined
933,5.26201,6.742283687056605,-1.480273687056605,RandomForest-combined
934,5.38091,6.742283687056605,-1.3613736870566049,RandomForest-combined
1468,6.20761,6.375072662757159,-0.1674626627571589,RandomForest-combined
651,6.72125,6.659770021303875,0.0614799786961253,RandomForest-combined
2303,5.29243,5.97652444666637,-0.6840944466663696,RandomForest-combined
4080,6.97964,6.3765808840643485,0.6030591159356513,RandomForest-combined
239,7.56225,7.146035467703287,0.4162145322967125,RandomForest-combined
685,7.48545,7.7043789845857695,-0.2189289845857693,RandomForest-combined
4074,5.11862,6.224662703050234,-1.1060427030502344,RandomForest-combined
2741,6.05061,6.281642556088535,-0.2310325560885351,RandomForest-combined
2771,6.18842,6.228394526341665,-0.0399745263416653,RandomForest-combined
1443,7.0,6.768529889207618,0.2314701107923822,RandomForest-combined
712,5.25885,7.159404999602579,-1.900554999602579,RandomForest-combined
678,8.52288,7.38544126028737,1.137438739712631,RandomForest-combined
775,7.19997,6.814200497670519,0.3857695023294818,RandomForest-combined
1265,8.05552,7.693037485015735,0.3624825149842641,RandomForest-combined
3304,7.55284,6.225332749682053,1.3275072503179466,RandomForest-combined
923,9.17393,7.8884378768693,1.2854921231307,RandomForest-combined
3350,7.35952,7.456167343138936,-0.0966473431389358,RandomForest-combined
1637,5.825555,5.891953248811978,-0.0663982488119785,RandomForest-combined
3089,5.97881,6.007068011851951,-0.0282580118519506,RandomForest-combined
3104,8.28819,8.36623203668607,-0.0780420366860692,RandomForest-combined
310,9.24413,7.8204020310441775,1.4237279689558229,RandomForest-combined
2301,5.52288,6.3406635509193645,-0.8177835509193647,RandomForest-combined
1026,5.52288,6.3406635509193645,-0.8177835509193647,RandomForest-combined
2079,7.16115,6.825322350174333,0.3358276498256671,RandomForest-combined
1605,6.85699,7.10448371786472,-0.24749371786472,RandomForest-combined
3415,7.00745,6.608919023722896,0.3985309762771045,RandomForest-combined
583,5.88606,6.168798137772722,-0.2827381377727223,RandomForest-combined
4474,5.06098,6.319035405192091,-1.2580554051920911,RandomForest-combined
228,5.20066,6.465065939521434,-1.264405939521434,RandomForest-combined
1441,7.39794,6.7570535431591,0.6408864568409003,RandomForest-combined
2605,5.22185,6.18369648431081,-0.9618464843108104,RandomForest-combined
1718,7.03152,6.160980767582696,0.870539232417304,RandomForest-combined
832,7.76195,7.120973592106646,0.640976407893354,RandomForest-combined
241,8.26761,6.90718863336298,1.36042136663702,RandomForest-combined
2086,6.91721,6.827170324230327,0.090039675769673,RandomForest-combined
1509,7.1549,7.130952820552348,0.023947179447652,RandomForest-combined
3450,6.77469,7.243978670006602,-0.4692886700066019,RandomForest-combined
1949,6.714205,6.167358493795307,0.5468465062046928,RandomForest-combined
679,8.38722,7.381833348125466,1.005386651874533,RandomForest-combined
3827,6.86967,6.1343160661623495,0.7353539338376507,RandomForest-combined
833,8.10846,7.294865213942696,0.813594786057303,RandomForest-combined
71,4.97879,5.941117060106236,-0.9623270601062356,RandomForest-combined
3044,8.60206,8.273619927913574,0.3284400720864262,RandomForest-combined
4333,5.17914,6.223537018530367,-1.0443970185303666,RandomForest-combined
229,6.33724,6.731783216522046,-0.3945432165220452,RandomForest-combined
1164,6.96658,6.628967621125764,0.337612378874236,RandomForest-combined
1788,7.1549,6.613993014607587,0.5409069853924127,RandomForest-combined
874,6.01773,6.273966742424979,-0.2562367424249787,RandomForest-combined
2453,7.04624,6.853089694357353,0.1931503056426473,RandomForest-combined
2224,8.1549,6.702733588499351,1.4521664115006487,RandomForest-combined
3185,7.4318,6.489772661990124,0.9420273380098756,RandomForest-combined
4443,7.55596,6.68783345111526,0.8681265488847396,RandomForest-combined
184,7.02687,6.650831011485821,0.3760389885141784,RandomForest-combined
1431,7.28001,7.207684644491342,0.0723253555086582,RandomForest-combined
3414,6.8146,6.617225859046404,0.1973741409535963,RandomForest-combined
567,5.60206,6.177690910745328,-0.5756309107453284,RandomForest-combined
3937,6.56225,6.478972859626077,0.0832771403739229,RandomForest-combined
243,7.08302,6.92939597326058,0.1536240267394202,RandomForest-combined
1779,6.644945,6.673830605487069,-0.0288856054870692,RandomForest-combined
2564,6.34679,6.3182268401052495,0.0285631598947508,RandomForest-combined
3078,5.61979,6.055932607813375,-0.436142607813375,RandomForest-combined
2813,5.70115,6.394160950772905,-0.693010950772905,RandomForest-combined
3961,5.1549,6.834530740070112,-1.6796307400701125,RandomForest-combined
487,6.92082,6.926583807300263,-0.005763807300263,RandomForest-combined
4327,5.439715,6.267526986940823,-0.8278119869408238,RandomForest-combined
4202,5.47301,5.678088977310174,-0.2050789773101735,RandomForest-combined
3048,8.88606,8.337122660168761,0.5489373398312392,RandomForest-combined
1262,6.75449,7.619924711365856,-0.8654347113658565,RandomForest-combined
494,7.52288,6.67623328551624,0.8466467144837599,RandomForest-combined
3347,5.59007,6.67623328551624,-1.08616328551624,RandomForest-combined
4170,5.85699,6.160470896182711,-0.3034808961827115,RandomForest-combined
4565,6.37675,5.951108493808603,0.4256415061913969,RandomForest-combined
1811,6.56864,6.688994983953374,-0.1203549839533737,RandomForest-combined
3122,8.50004,7.507930103530602,0.9921098964693984,RandomForest-combined
2318,5.98464,7.070129487704612,-1.0854894877046115,RandomForest-combined
1309,5.79317,7.051793665841628,-1.258623665841628,RandomForest-combined
2222,5.39794,6.6088450877352445,-1.2109050877352443,RandomForest-combined
2808,6.21467,6.390530092347699,-0.1758600923476994,RandomForest-combined
714,5.0048,6.726828908019387,-1.722028908019387,RandomForest-combined
340,7.0,6.937151605487983,0.0628483945120166,RandomForest-combined
3180,6.60206,6.105973802013092,0.4960861979869078,RandomForest-combined
2823,7.69897,6.798119473299331,0.900850526700669,RandomForest-combined
1357,5.36653,6.32466180538049,-0.95813180538049,RandomForest-combined
578,5.21,6.110599287319092,-0.9005992873190918,RandomForest-combined
563,5.28,6.051561368265548,-0.771561368265548,RandomForest-combined
4427,5.33913,6.073383704963462,-0.7342537049634617,RandomForest-combined
244,7.79187,7.127734689410583,0.6641353105894172,RandomForest-combined
3300,7.7167,6.377216753111927,1.339483246888073,RandomForest-combined
1719,7.36653,6.377216753111927,0.9893132468880728,RandomForest-combined
2068,6.34361,6.810422460888154,-0.4668124608881543,RandomForest-combined
779,8.48004,6.83988655614346,1.6401534438565406,RandomForest-combined
3447,6.76955,6.371073571380532,0.3984764286194675,RandomForest-combined
2047,7.76195,8.326752092303044,-0.5648020923030446,RandomForest-combined
1177,8.65758,7.1611599974032405,1.496420002596759,RandomForest-combined
1632,8.28567,7.571583099024231,0.7140869009757687,RandomForest-combined
3682,5.65758,6.197579108943181,-0.5399991089431806,RandomForest-combined
3453,6.5064,7.437547801888862,-0.931147801888862,RandomForest-combined
2831,5.08725,6.064194452246233,-0.9769444522462328,RandomForest-combined
3732,5.39794,6.176230811238398,-0.7782908112383975,RandomForest-combined
3134,7.5376,7.317950048617961,0.2196499513820393,RandomForest-combined
2811,6.5376,6.386794422015892,0.1508055779841086,RandomForest-combined
2996,6.20761,6.360192350393136,-0.1525823503931365,RandomForest-combined
2418,6.12205,6.249101249937515,-0.1270512499375149,RandomForest-combined
2077,6.02826,6.780713062543989,-0.7524530625439887,RandomForest-combined
3559,6.09151,5.969165687994098,0.122344312005902,RandomForest-combined
154,6.72125,6.590643406549706,0.1306065934502944,RandomForest-combined
4569,7.284,7.208001433463393,0.0759985665366071,RandomForest-combined
3499,7.31966,7.851405419004092,-0.5317454190040918,RandomForest-combined
2153,6.10237,5.966566845128169,0.135803154871831,RandomForest-combined
4329,5.37479,6.338355249091004,-0.9635652490910038,RandomForest-combined
134,6.14874,6.390307073693637,-0.2415670736936368,RandomForest-combined
3667,7.64397,7.942565474637945,-0.2985954746379446,RandomForest-combined
1818,6.0,6.275770125516978,-0.2757701255169777,RandomForest-combined
56,5.35,6.117099876451007,-0.7670998764510069,RandomForest-combined
4429,5.0,5.968690660989978,-0.968690660989978,RandomForest-combined
3919,7.88606,7.212448822642679,0.6736111773573201,RandomForest-combined
480,7.30103,6.854153888086617,0.446876111913383,RandomForest-combined
1790,6.02506,6.5352576623183305,-0.5101976623183306,RandomForest-combined
1782,7.134205,6.480607901407471,0.6535970985925292,RandomForest-combined
3998,5.38722,6.336111699631835,-0.9488916996318348,RandomForest-combined
928,8.85078,6.954713340339911,1.8960666596600892,RandomForest-combined
205,6.081145,6.243076104091798,-0.1619311040917974,RandomForest-combined
727,7.13312,6.1389929838733615,0.9941270161266385,RandomForest-combined
1881,8.29757,7.435171779902581,0.8623982200974192,RandomForest-combined
1966,5.20066,6.199487402902764,-0.998827402902764,RandomForest-combined
4362,5.37779,6.188055402123865,-0.8102654021238651,RandomForest-combined
571,7.13077,6.300914356933785,0.8298556430662147,RandomForest-combined
3894,5.59482,6.521343029114391,-0.9265230291143904,RandomForest-combined
490,6.18709,6.327410533644159,-0.1403205336441582,RandomForest-combined
3845,6.64782,6.100391886308498,0.5474281136915025,RandomForest-combined
1294,8.72125,7.326029030766004,1.3952209692339954,RandomForest-combined
943,5.67778,6.027385477189721,-0.349605477189721,RandomForest-combined
3672,7.09691,6.264537143303797,0.8323728566962032,RandomForest-combined
3671,9.48149,6.6199853547151,2.861504645284901,RandomForest-combined
3100,8.44249,6.690903895682886,1.7515861043171137,RandomForest-combined
1791,5.5391,6.494949525784854,-0.9558495257848536,RandomForest-combined
4434,7.04096,6.385534949214366,0.6554250507856345,RandomForest-combined
589,6.58503,5.985167175978608,0.5998628240213915,RandomForest-combined
1358,5.44855,6.423801659652856,-0.975251659652856,RandomForest-combined
1275,5.35655,6.377112820947375,-1.020562820947375,RandomForest-combined
1751,6.31069,6.651146576925116,-0.3404565769251153,RandomForest-combined
4004,8.0,6.453719424594926,1.546280575405074,RandomForest-combined
872,8.17718,7.039064573549429,1.1381154264505708,RandomForest-combined
2289,6.56915,7.178214642840576,-0.6090646428405764,RandomForest-combined
4249,6.92082,6.470235501813144,0.4505844981868563,RandomForest-combined
1194,9.31876,7.885917312257586,1.4328426877424132,RandomForest-combined
359,7.04576,7.126857925642213,-0.0810979256422133,RandomForest-combined
1185,7.76955,6.96371576533163,0.80583423466837,RandomForest-combined
1240,7.88606,6.623001578101521,1.2630584218984788,RandomForest-combined
366,8.02687,7.527739467907802,0.4991305320921988,RandomForest-combined
1127,6.8962,6.839473783477556,0.0567262165224446,RandomForest-combined
1965,5.60206,6.291984548485492,-0.6899245484854921,RandomForest-combined
237,7.93181,7.675339211027095,0.256470788972905,RandomForest-combined
1458,6.09691,6.289523570179396,-0.1926135701793958,RandomForest-combined
251,7.09909,6.935343759619887,0.1637462403801137,RandomForest-combined
3051,5.49485,6.102396810996924,-0.607546810996924,RandomForest-combined
3841,7.0,6.101014605216502,0.898985394783498,RandomForest-combined
3144,6.31876,6.231024332164675,0.0877356678353251,RandomForest-combined
777,8.18,6.942557643921336,1.237442356078664,RandomForest-combined
772,8.24003,7.0734048745627645,1.1666251254372364,RandomForest-combined
1692,5.07,5.772141931510394,-0.7021419315103934,RandomForest-combined
1439,6.30103,6.649813470708234,-0.3487834707082342,RandomForest-combined
146,6.18177,6.127985327247768,0.0537846727522319,RandomForest-combined
1402,7.49485,6.673165159325825,0.8216848406741741,RandomForest-combined
462,5.527355,6.068294483286012,-0.5409394832860119,RandomForest-combined
3928,9.13668,7.40581185957263,1.7308681404273702,RandomForest-combined
4129,6.27474,5.936988173362524,0.3377518266374766,RandomForest-combined
3050,6.10791,6.151886965575638,-0.0439769655756379,RandomForest-combined
165,5.98297,6.335024972130138,-0.352054972130138,RandomForest-combined
1351,6.30103,6.257109452189885,0.0439205478101145,RandomForest-combined
1095,7.16749,7.161406899661444,0.0060831003385564,RandomForest-combined
2926,7.35556,6.404616205461421,0.9509437945385786,RandomForest-combined
3858,5.34679,6.168994692728733,-0.8222046927287323,RandomForest-combined
2451,5.89466,6.068638575558868,-0.1739785755588681,RandomForest-combined
1800,7.01323,6.6172602059714745,0.3959697940285256,RandomForest-combined
4001,5.82391,6.126699792132452,-0.3027897921324518,RandomForest-combined
731,5.49435,6.2668690529149655,-0.7725190529149657,RandomForest-combined
1063,6.35655,6.373027961117911,-0.0164779611179106,RandomForest-combined
2898,6.96497,7.40635286579589,-0.44138286579589,RandomForest-combined
1430,7.79997,7.275236182045229,0.5247338179547709,RandomForest-combined
4244,6.71897,6.08978313590987,0.6291868640901299,RandomForest-combined
3340,5.05849,6.120897916625636,-1.0624079166256362,RandomForest-combined
4470,5.23359,6.327028471388672,-1.093438471388672,RandomForest-combined
4478,6.04576,6.225629401544928,-0.179869401544928,RandomForest-combined
4475,7.14874,5.981256532744413,1.167483467255587,RandomForest-combined
3786,6.09745,6.316629637459476,-0.2191796374594758,RandomForest-combined
3505,9.56864,8.180431364004354,1.388208635995646,RandomForest-combined
3464,7.81816,7.651518774357092,0.1666412256429073,RandomForest-combined
1334,5.88606,6.291201552315791,-0.4051415523157917,RandomForest-combined
1559,7.30103,6.368376045883951,0.9326539541160486,RandomForest-combined
1269,5.04096,6.3724911715572405,-1.3315311715572404,RandomForest-combined
1527,5.00877,6.044891335046352,-1.036121335046352,RandomForest-combined
741,7.14206,7.235825552652947,-0.0937655526529468,RandomForest-combined
1245,5.39794,6.270753840283992,-0.8728138402839916,RandomForest-combined
4210,5.767,6.149815213449497,-0.3828152134494971,RandomForest-combined
238,7.90658,7.157084801254177,0.7494951987458229,RandomForest-combined
3846,6.08619,6.104370221995145,-0.018180221995145,RandomForest-combined
594,9.52288,7.563441906695971,1.9594380933040296,RandomForest-combined
2135,7.74473,6.421277638407166,1.3234523615928335,RandomForest-combined
717,7.42022,6.852826309129025,0.5673936908709747,RandomForest-combined
1004,6.82391,6.940923136696038,-0.1170131366960385,RandomForest-combined
3669,7.91721,8.003020549054519,-0.0858105490545186,RandomForest-combined
1448,5.04576,6.373863907227537,-1.3281039072275371,RandomForest-combined
4264,6.29229,6.851981669345233,-0.5596916693452325,RandomForest-combined
2467,7.73755,6.950714533506426,0.7868354664935735,RandomForest-combined
1813,7.52288,6.726230949210548,0.7966490507894521,RandomForest-combined
4563,6.94692,6.149021304663412,0.7978986953365883,RandomForest-combined
4363,7.5376,5.913414400948768,1.6241855990512324,RandomForest-combined
3183,5.02687,6.053385737304201,-1.0265157373042015,RandomForest-combined
1188,5.92082,6.7022975236510245,-0.7814775236510245,RandomForest-combined
3668,7.93181,7.996376793126828,-0.0645667931268283,RandomForest-combined
3957,5.31426,6.351065012077011,-1.0368050120770107,RandomForest-combined
4524,7.39794,6.674194583741717,0.723745416258283,RandomForest-combined
653,6.12494,6.588359707782226,-0.4634197077822266,RandomForest-combined
3728,8.90309,8.021006402468338,0.882083597531663,RandomForest-combined
4263,6.2583,6.842392665524157,-0.5840926655241567,RandomForest-combined
4158,7.19382,6.395982759057467,0.7978372409425329,RandomForest-combined
0,6.12494,6.110063424271808,0.0148765757281914,RandomForest-combined
1057,6.60206,6.3241455335946455,0.2779144664053543,RandomForest-combined
2221,6.90309,7.398336492569474,-0.4952464925694739,RandomForest-combined
915,5.23657,6.248453778759601,-1.011883778759601,RandomForest-combined
851,6.54303,6.472732778513679,0.0702972214863209,RandomForest-combined
472,7.65758,6.891928391751489,0.7656516082485112,RandomForest-combined
3383,6.51999,5.79725886525541,0.7227311347445902,RandomForest-combined
1364,6.6103,6.456721933826684,0.1535780661733161,RandomForest-combined
1781,6.90344,6.698286397171771,0.2051536028282283,RandomForest-combined
3916,5.25964,6.538085038204813,-1.2784450382048131,RandomForest-combined
1416,8.43997,7.213722023097469,1.226247976902532,RandomForest-combined
362,6.65758,6.954999301225429,-0.2974193012254291,RandomForest-combined
1467,7.22185,6.341861288417966,0.8799887115820342,RandomForest-combined
1039,6.69897,6.293959093693637,0.4050109063063631,RandomForest-combined
1454,8.0,6.728691365980639,1.271308634019361,RandomForest-combined
4347,5.71444,6.217081897442681,-0.5026418974426816,RandomForest-combined
1129,6.92082,6.157545346912794,0.7632746530872057,RandomForest-combined
3473,8.7122,8.06808252943678,0.64411747056322,RandomForest-combined
1797,6.78781,6.674673491026816,0.1131365089731843,RandomForest-combined
566,5.82391,5.993554262663104,-0.1696442626631045,RandomForest-combined
3509,5.25337,6.075500041660512,-0.822130041660512,RandomForest-combined
4353,6.86646,6.178339530664792,0.6881204693352085,RandomForest-combined
2296,6.72946,7.357249460427305,-0.6277894604273042,RandomForest-combined
3790,6.03953,6.299806026750302,-0.2602760267503017,RandomForest-combined
2923,7.74473,6.453514343287527,1.291215656712473,RandomForest-combined
1518,7.54668,7.394410414577551,0.1522695854224487,RandomForest-combined
1330,8.52288,8.592801819208901,-0.0699218192089006,RandomForest-combined
3147,6.284,5.995098445050474,0.2889015549495255,RandomForest-combined
1483,6.95861,6.340852563903781,0.6177574360962188,RandomForest-combined
2136,6.79588,6.212057627997906,0.5838223720020945,RandomForest-combined
4348,5.71444,6.202448531454697,-0.4880085314546969,RandomForest-combined
1367,7.0,6.498301076227921,0.5016989237720786,RandomForest-combined
1247,5.0,6.239777123483901,-1.2397771234839006,RandomForest-combined
3417,7.96981,6.551257609176242,1.4185523908237574,RandomForest-combined
1191,7.88606,6.786607115263915,1.0994528847360847,RandomForest-combined
2949,8.75007,7.336112541203654,1.4139574587963448,RandomForest-combined
187,5.35655,6.575606304858724,-1.2190563048587233,RandomForest-combined
4152,7.60206,7.1818136313519085,0.4202463686480913,RandomForest-combined
1604,7.04818,7.163209055188169,-0.1150290551881685,RandomForest-combined
871,7.70553,7.317814542526782,0.3877154574732184,RandomForest-combined
2134,6.72816,6.254396193837396,0.4737638061626041,RandomForest-combined
3297,7.08092,5.821490696430996,1.2594293035690036,RandomForest-combined
1315,8.35655,8.740229575057956,-0.3836795750579558,RandomForest-combined
2558,6.01278,6.208677910317976,-0.1958979103179761,RandomForest-combined
3962,5.76955,6.856852796682071,-1.0873027966820716,RandomForest-combined
4568,7.95468,6.602163659662428,1.352516340337572,RandomForest-combined
1980,6.09691,5.962338983452626,0.1345710165473743,RandomForest-combined
2812,5.93554,6.257933044421848,-0.3223930444218483,RandomForest-combined
3927,8.87615,6.84387389821571,2.0322761017842907,RandomForest-combined
3099,7.5817,6.2887606753252925,1.2929393246747072,RandomForest-combined
4346,5.71444,6.03821491227239,-0.3237749122723903,RandomForest-combined
2085,7.34679,6.794086560834572,0.5527034391654286,RandomForest-combined
1824,5.30715,5.452938041854291,-0.1457880418542911,RandomForest-combined
3863,7.52244,6.197309325584943,1.3251306744150568,RandomForest-combined
1328,8.82391,8.538015135170776,0.2858948648292241,RandomForest-combined
3766,7.65365,6.715856222470703,0.937793777529297,RandomForest-combined
972,7.6038,7.961610758374642,-0.3578107583746419,RandomForest-combined
3483,8.89279,6.177705131739701,2.7150848682602984,RandomForest-combined
3482,8.80967,6.177705131739701,2.631964868260299,RandomForest-combined
3933,6.98297,7.012872463503412,-0.0299024635034124,RandomForest-combined
3837,6.04576,6.302425288762945,-0.256665288762945,RandomForest-combined
3299,6.1261,6.349790433143946,-0.223690433143946,RandomForest-combined
1274,6.52288,6.295124809843658,0.2277551901563415,RandomForest-combined
2081,6.92812,6.721418974315105,0.2067010256848949,RandomForest-combined
1365,6.79371,6.502655716489254,0.2910542835107463,RandomForest-combined
891,6.74232,6.134185799955661,0.608134200044339,RandomForest-combined
1410,5.52288,6.2157415805539,-0.6928615805538998,RandomForest-combined
2951,5.97,6.662102917307003,-0.692102917307003,RandomForest-combined
1635,6.61979,6.090747260644766,0.5290427393552344,RandomForest-combined
79,7.39794,6.90737238594958,0.4905676140504198,RandomForest-combined
2225,7.22915,6.732299091888505,0.4968509081114947,RandomForest-combined
181,5.48149,6.6642046338695575,-1.1827146338695576,RandomForest-combined
1693,5.77,5.86940034442624,-0.0994003444262405,RandomForest-combined
1613,8.34775,7.41235225133105,0.9353977486689492,RandomForest-combined
3971,5.49485,6.021266926584922,-0.5264169265849228,RandomForest-combined
190,5.0,6.411715627402753,-1.411715627402753,RandomForest-combined
3819,5.28233,6.364479182567976,-1.082149182567976,RandomForest-combined
1453,9.0,6.710076096089389,2.289923903910611,RandomForest-combined
900,7.44977,7.199397883714085,0.2503721162859147,RandomForest-combined
3785,6.00524,6.3095486734992114,-0.3043086734992117,RandomForest-combined
582,6.48149,6.052482339174976,0.4290076608250244,RandomForest-combined
1746,5.18842,6.345746947002055,-1.1573269470020549,RandomForest-combined
1027,5.22185,6.325924962322141,-1.1040749623221409,RandomForest-combined
773,8.24003,7.067011003209086,1.1730189967909146,RandomForest-combined
1297,8.79588,7.901685650772392,0.8941943492276083,RandomForest-combined
471,7.521435,7.130136159073166,0.3912988409268347,RandomForest-combined
505,7.0,6.996666387355352,0.0033336126446483,RandomForest-combined
3418,8.96658,6.554196519551703,2.4123834804482973,RandomForest-combined
1409,5.0,6.523587933807114,-1.5235879338071143,RandomForest-combined
3098,7.51286,6.104947725515145,1.407912274484855,RandomForest-combined
395,5.47,6.119417617189254,-0.6494176171892541,RandomForest-combined
1859,5.38195,6.353627533018533,-0.971677533018533,RandomForest-combined
3156,7.2321,7.433067600789803,-0.2009676007898031,RandomForest-combined
1341,5.07058,6.330380910619546,-1.2598009106195462,RandomForest-combined
3155,7.62709,7.4278689856163105,0.1992210143836894,RandomForest-combined
3120,8.70006,7.665676168713044,1.0343838312869569,RandomForest-combined
4087,9.284,7.418208474377585,1.865791525622416,RandomForest-combined
3056,6.85387,6.328985372343099,0.5248846276569008,RandomForest-combined
4324,6.30016,6.251916131912602,0.0482438680873977,RandomForest-combined
4330,5.50328,6.261216804353297,-0.7579368043532968,RandomForest-combined
1722,5.17005,5.654203055875813,-0.4841530558758133,RandomForest-combined
3864,5.4828,6.957893114400449,-1.475093114400449,RandomForest-combined
49,7.09691,6.810683129096325,0.2862268709036755,RandomForest-combined
1029,5.30103,6.064374118466407,-0.7633441184664074,RandomForest-combined
1943,5.377875,6.28781734198569,-0.9099423419856896,RandomForest-combined
176,6.48149,6.69107330035814,-0.2095833003581404,RandomForest-combined
123,6.48149,6.69107330035814,-0.2095833003581404,RandomForest-combined
356,6.46852,7.028798692952752,-0.5602786929527523,RandomForest-combined
3298,6.6517,6.384084679727276,0.267615320272724,RandomForest-combined
53,5.03152,6.246767667528122,-1.2152476675281214,RandomForest-combined
2358,6.21467,6.150489794776553,0.0641802052234465,RandomForest-combined
3943,6.2636,6.164371325035597,0.0992286749644035,RandomForest-combined
1540,5.23307,6.130439333772121,-0.8973693337721214,RandomForest-combined
355,6.67778,6.334065831507536,0.3437141684924647,RandomForest-combined
212,6.67801,6.334065831507536,0.343944168492464,RandomForest-combined
4473,7.63078,6.329346543775146,1.3014334562248535,RandomForest-combined
850,6.41623,6.361722379653956,0.0545076203460439,RandomForest-combined
3500,8.42022,8.236013356710703,0.184206643289297,RandomForest-combined
3870,5.01323,6.124124966393579,-1.1108949663935783,RandomForest-combined
4245,9.36653,7.3103120908193215,2.0562179091806776,RandomForest-combined
2393,5.79317,6.470234049687631,-0.6770640496876306,RandomForest-combined
3950,7.04576,6.295941179401403,0.7498188205985965,RandomForest-combined
2223,6.88606,6.671436852612429,0.214623147387571,RandomForest-combined
1536,5.64859,6.28075955643879,-0.6321695564387895,RandomForest-combined
3931,7.0,6.262476262829841,0.7375237371701591,RandomForest-combined
3709,5.88406,6.257516401261065,-0.3734564012610653,RandomForest-combined
4100,5.34104,5.826048053857315,-0.4850080538573156,RandomForest-combined
110,8.34679,6.822302517222108,1.524487482777892,RandomForest-combined
4514,8.93554,6.277925596796839,2.6576144032031603,RandomForest-combined
1804,7.00877,7.0701331043058815,-0.0613631043058813,RandomForest-combined
2785,7.15927,6.882185530064113,0.277084469935887,RandomForest-combined
960,5.22915,6.151195910038137,-0.9220459100381372,RandomForest-combined
249,7.26281,6.928704771759816,0.3341052282401842,RandomForest-combined
1945,6.174285,6.188847286433187,-0.0145622864331871,RandomForest-combined
1539,5.1261,6.560328927224195,-1.4342289272241953,RandomForest-combined
3549,6.17393,6.120458097759599,0.0534719022404015,RandomForest-combined
3477,8.24872,8.031667892319632,0.2170521076803684,RandomForest-combined
1010,6.0,7.45385993502089,-1.4538599350208905,RandomForest-combined
2755,7.34998,6.338488406956716,1.0114915930432842,RandomForest-combined
4328,5.09155,6.231804242002097,-1.1402542420020971,RandomForest-combined
1181,6.46852,7.02255706252768,-0.55403706252768,RandomForest-combined
1493,7.60206,6.4203224307125,1.1817375692874998,RandomForest-combined
4084,5.4045,6.263008997482465,-0.8585089974824651,RandomForest-combined
579,6.04576,6.073060266607024,-0.0273002666070247,RandomForest-combined
3112,6.70997,6.086352496161664,0.6236175038383367,RandomForest-combined
1012,5.6,7.379779938185717,-1.7797799381857171,RandomForest-combined
1484,6.88606,6.094108766055761,0.7919512339442383,RandomForest-morgan
3113,8.38616,6.301954540060214,2.0842054599397866,RandomForest-morgan
45,6.03152,6.830988305948595,-0.7994683059485945,RandomForest-morgan
686,5.96257,6.873356024911504,-0.9107860249115038,RandomForest-morgan
2931,5.89963,6.0824289850737685,-0.1827989850737683,RandomForest-morgan
4105,6.0655,6.030500557840961,0.0349994421590391,RandomForest-morgan
1778,5.211255,6.448715472457009,-1.2374604724570082,RandomForest-morgan
3362,5.04096,6.034239945950489,-0.9932799459504889,RandomForest-morgan
1447,6.52288,6.337058549860577,0.1858214501394224,RandomForest-morgan
3076,5.18709,6.404099830902058,-1.2170098309020574,RandomForest-morgan
4373,7.4437,6.1452147373837045,1.2984852626162953,RandomForest-morgan
1538,5.1607,6.115859261162985,-0.9551592611629848,RandomForest-morgan
500,6.16115,6.377251756431647,-0.2161017564316472,RandomForest-morgan
892,5.55752,6.271641303227218,-0.714121303227218,RandomForest-morgan
2710,6.1549,5.897103160815308,0.2577968391846914,RandomForest-morgan
2955,8.90309,7.441743296910007,1.4613467030899931,RandomForest-morgan
1603,6.92445,7.017495320482167,-0.093045320482167,RandomForest-morgan
1455,7.69897,6.454449951130648,1.2445200488693526,RandomForest-morgan
252,6.67778,7.503613477041136,-0.8258334770411357,RandomForest-morgan
1936,6.36552,8.117971048588707,-1.752451048588707,RandomForest-morgan
3932,6.28316,7.019307029187416,-0.7361470291874168,RandomForest-morgan
3158,9.13668,8.33983195113432,0.7968480488656802,RandomForest-morgan
4119,5.48945,6.030624068207634,-0.541174068207634,RandomForest-morgan
1156,7.19382,6.729853158191855,0.463966841808145,RandomForest-morgan
728,5.99443,6.275979390995224,-0.2815493909952238,RandomForest-morgan
4374,7.173394999999999,6.786625677568605,0.3867693224313946,RandomForest-morgan
3986,7.4437,6.786625677568605,0.6570743224313951,RandomForest-morgan
3987,7.49485,6.786625677568605,0.7082243224313949,RandomForest-morgan
2686,5.45967,6.348143583795397,-0.8884735837953972,RandomForest-morgan
1568,5.04576,6.036955110400672,-0.991195110400672,RandomForest-morgan
4233,5.94006,6.01040952230246,-0.0703495223024601,RandomForest-morgan
3784,6.19382,6.404803339207495,-0.2109833392074955,RandomForest-morgan
1850,5.01323,5.910724582636446,-0.8974945826364458,RandomForest-morgan
2169,6.04096,6.008050425803658,0.0329095741963421,RandomForest-morgan
663,5.72816,6.659560300399201,-0.9314003003992016,RandomForest-morgan
4484,6.36653,6.140559978765295,0.2259700212347049,RandomForest-morgan
2817,5.07572,6.2281653926253,-1.1524453926253004,RandomForest-morgan
1189,6.09691,6.833441145998099,-0.7365311459980983,RandomForest-morgan
3859,7.45643,6.375660566892166,1.080769433107834,RandomForest-morgan
747,8.24795,7.332377380656039,0.9155726193439602,RandomForest-morgan
1762,5.13668,5.910823373385081,-0.7741433733850807,RandomForest-morgan
4436,5.31158,6.135548157804066,-0.8239681578040656,RandomForest-morgan
1807,8.3279,6.635513712660448,1.692386287339552,RandomForest-morgan
1976,8.17393,7.623463561081624,0.5504664389183764,RandomForest-morgan
978,6.17783,7.122813122461655,-0.9449831224616548,RandomForest-morgan
419,5.42022,5.775381106114595,-0.3551611061145951,RandomForest-morgan
1339,5.17393,6.437117204756846,-1.2631872047568455,RandomForest-morgan
3561,5.29243,5.970700530982603,-0.6782705309826023,RandomForest-morgan
1186,5.79588,6.617361481695627,-0.8214814816956268,RandomForest-morgan
185,6.65758,6.177704459772901,0.4798755402270993,RandomForest-morgan
1333,6.05061,6.193450420202205,-0.1428404202022051,RandomForest-morgan
3361,5.16749,6.01471601958762,-0.8472260195876204,RandomForest-morgan
3046,8.85387,8.239514439026811,0.6143555609731894,RandomForest-morgan
159,5.0,6.062070185998072,-1.0620701859980717,RandomForest-morgan
3707,8.04576,6.626274612224964,1.419485387775036,RandomForest-morgan
3489,6.56067,7.170829085828534,-0.610159085828534,RandomForest-morgan
1451,7.09691,6.454449951130648,0.6424600488693528,RandomForest-morgan
742,6.86967,7.007250280563706,-0.1375802805637054,RandomForest-morgan
1202,8.55284,7.342692406096039,1.2101475939039608,RandomForest-morgan
1337,5.5376,6.245127367380349,-0.707527367380349,RandomForest-morgan
4250,8.4828,6.848041317690062,1.6347586823099372,RandomForest-morgan
2313,9.0655,7.500940221450828,1.5645597785491718,RandomForest-morgan
1601,6.18709,6.007023687103676,0.1800663128963249,RandomForest-morgan
4247,7.25964,6.238055883984899,1.0215841160151014,RandomForest-morgan
188,9.08619,6.737770795112317,2.3484192048876835,RandomForest-morgan
412,7.030094999999999,6.533569073848144,0.4965259261518557,RandomForest-morgan
3128,6.4,7.289222020605055,-0.8892220206050547,RandomForest-morgan
140,6.4437,6.027189861899638,0.4165101381003619,RandomForest-morgan
1984,5.17393,5.887562897108762,-0.713632897108762,RandomForest-morgan
1567,5.73283,6.812008247608736,-1.079178247608736,RandomForest-morgan
1848,5.08619,5.940430001968658,-0.854240001968658,RandomForest-morgan
1939,5.819455,6.258615232406323,-0.4391602324063237,RandomForest-morgan
1875,5.30103,6.297970009291307,-0.9969400092913068,RandomForest-morgan
3721,8.76955,6.281806439206272,2.487743560793729,RandomForest-morgan
1947,6.697985,6.235034941053759,0.4629500589462409,RandomForest-morgan
4359,5.12321,6.430066988071893,-1.3068569880718923,RandomForest-morgan
3070,6.14509,6.946195903085732,-0.8011059030857322,RandomForest-morgan
4171,5.70333,6.1404142945605145,-0.4370842945605142,RandomForest-morgan
1182,7.88606,7.020773977997854,0.8652860220021452,RandomForest-morgan
2168,5.00087,6.120208973324224,-1.1193389733242238,RandomForest-morgan
191,8.52288,6.442363586754615,2.0805164132453857,RandomForest-morgan
2151,6.16115,6.045437311911029,0.1157126880889709,RandomForest-morgan
2821,7.52288,6.850628825271409,0.6722511747285909,RandomForest-morgan
3913,6.99482,6.405019078209954,0.5898009217900455,RandomForest-morgan
1442,7.30103,6.532226087448588,0.7688039125514123,RandomForest-morgan
615,6.44,6.203969809329609,0.236030190670391,RandomForest-morgan
3344,5.24872,6.230612307213698,-0.9818923072136982,RandomForest-morgan
3724,8.59007,8.075365165574528,0.5147048344254728,RandomForest-morgan
649,8.34679,7.12628951381821,1.2205004861817903,RandomForest-morgan
278,6.69001,6.283766122897729,0.4062438771022707,RandomForest-morgan
282,7.11003,6.469472717162238,0.6405572828377624,RandomForest-morgan
955,6.26761,6.207362768607873,0.0602472313921271,RandomForest-morgan
2727,6.0,5.943094800522878,0.0569051994771223,RandomForest-morgan
1934,7.13966,8.117971048588707,-0.978311048588707,RandomForest-morgan
503,5.88606,6.53294356599573,-0.6468835659957302,RandomForest-morgan
3951,7.0,5.997493974402114,1.002506025597886,RandomForest-morgan
4003,7.5376,6.6896148247264655,0.8479851752735348,RandomForest-morgan
3708,5.85574,6.551929309842023,-0.6961893098420227,RandomForest-morgan
1784,6.319135,6.416739749437779,-0.0976047494377789,RandomForest-morgan
1523,6.50864,8.093201915350313,-1.5845619153503137,RandomForest-morgan
4123,7.95468,8.025843573968874,-0.0711635739688745,RandomForest-morgan
1982,5.07058,5.900503999721074,-0.8299239997210748,RandomForest-morgan
3818,5.41794,6.256299451989325,-0.8383594519893256,RandomForest-morgan
1817,6.09691,6.553151571839742,-0.4562415718397421,RandomForest-morgan
3924,7.23657,6.632647480868114,0.6039225191318867,RandomForest-morgan
2474,6.15366,6.648453916470223,-0.4947939164702228,RandomForest-morgan
2013,6.48812,7.172488147554153,-0.684368147554153,RandomForest-morgan
1408,5.4318,6.565114703292877,-1.1333147032928768,RandomForest-morgan
3476,8.35556,7.7189597966634045,0.6366002033365961,RandomForest-morgan
1548,5.8716,6.402088555784502,-0.530488555784502,RandomForest-morgan
1276,7.6073,7.00002310061245,0.6072768993875508,RandomForest-morgan
4511,8.20066,6.8752974659740005,1.325362534025999,RandomForest-morgan
669,5.46725,7.124939267018853,-1.6576892670188528,RandomForest-morgan
2469,6.59346,6.418989191309854,0.1744708086901463,RandomForest-morgan
1471,6.25964,6.091081563587563,0.1685584364124368,RandomForest-morgan
3991,9.30103,6.101138970097298,3.1998910299027026,RandomForest-morgan
1964,7.84771,7.906912054093564,-0.0592020540935633,RandomForest-morgan
2048,7.66555,8.367351801996811,-0.7018018019968117,RandomForest-morgan
2088,5.98716,6.4809225149703575,-0.4937625149703573,RandomForest-morgan
112,7.49485,6.884235200079278,0.6106147999207217,RandomForest-morgan
3576,5.63676,6.160953974442498,-0.5241939744424986,RandomForest-morgan
2479,5.22257,5.715375699480436,-0.4928056994804359,RandomForest-morgan
2542,5.0,6.121624079078016,-1.121624079078016,RandomForest-morgan
2592,5.20691,5.6490213766796975,-0.4421113766796978,RandomForest-morgan
1405,6.1549,6.455774690423412,-0.3008746904234121,RandomForest-morgan
2834,5.86646,6.281466213286264,-0.4150062132862642,RandomForest-morgan
3999,5.72125,6.191208554379618,-0.4699585543796178,RandomForest-morgan
1461,5.00877,6.041416100469643,-1.032646100469643,RandomForest-morgan
3069,7.02687,7.016816748676723,0.0100532513232769,RandomForest-morgan
2709,6.52288,5.957442736609464,0.5654372633905353,RandomForest-morgan
845,5.89,6.3371477316624905,-0.4471477316624908,RandomForest-morgan
1946,6.664775,6.219902175588247,0.4448728244117523,RandomForest-morgan
1715,7.92082,6.399333985806052,1.5214860141939477,RandomForest-morgan
3917,6.60206,6.358213663819891,0.2438463361801091,RandomForest-morgan
2144,6.30715,6.240088907817592,0.0670610921824081,RandomForest-morgan
2319,6.65365,6.977835141957884,-0.3241851419578845,RandomForest-morgan
889,6.48545,6.256052184563475,0.229397815436525,RandomForest-morgan
822,6.84164,6.791528890573218,0.0501111094267816,RandomForest-morgan
2606,5.17457,6.289314293920643,-1.1147442939206424,RandomForest-morgan
1005,6.79588,6.959924468388733,-0.1640444683887327,RandomForest-morgan
3723,8.61979,7.990136586035864,0.6296534139641361,RandomForest-morgan
3029,5.86012,6.432135308353473,-0.5720153083534729,RandomForest-morgan
654,7.26761,6.749257634951457,0.5183523650485435,RandomForest-morgan
1709,5.85,5.797725030604949,0.052274969395051,RandomForest-morgan
3960,6.72125,6.452486390767205,0.2687636092327956,RandomForest-morgan
23,5.34679,6.397129400705046,-1.0503394007050453,RandomForest-morgan
37,7.39794,6.830988305948595,0.5669516940514052,RandomForest-morgan
4093,5.93554,5.9220343957386,0.0135056042613994,RandomForest-morgan
1338,5.38722,6.180000104374025,-0.7927801043740246,RandomForest-morgan
4151,5.05502,6.179621586323072,-1.124601586323072,RandomForest-morgan
4005,6.52288,6.359749602105671,0.1631303978943288,RandomForest-morgan
561,6.3279,6.095119379328441,0.2327806206715585,RandomForest-morgan
517,5.4023,5.992897285545411,-0.5905972855454102,RandomForest-morgan
2702,5.11805,6.04813017598279,-0.9300801759827896,RandomForest-morgan
1168,5.52288,6.521144462877504,-0.998264462877504,RandomForest-morgan
1414,7.59998,7.098878547030812,0.5011014529691886,RandomForest-morgan
882,9.0,6.284249910692355,2.7157500893076447,RandomForest-morgan
1475,7.61979,6.220216201229599,1.3995737987704011,RandomForest-morgan
50,6.42022,6.830988305948595,-0.4107683059485953,RandomForest-morgan
1562,6.56067,6.349785100590318,0.2108848994096819,RandomForest-morgan
2773,6.11976,6.2261177536322165,-0.1063577536322162,RandomForest-morgan
4162,5.55596,5.943773253295828,-0.3878132532958283,RandomForest-morgan
2655,5.41794,6.008150307948496,-0.5902103079484959,RandomForest-morgan
3474,8.53165,8.095162787425545,0.4364872125744554,RandomForest-morgan
2589,6.14874,5.661144477568051,0.487595522431949,RandomForest-morgan
4570,8.58336,7.998381871425026,0.5849781285749742,RandomForest-morgan
4149,5.75696,6.173227920434181,-0.4162679204341808,RandomForest-morgan
2950,8.70006,7.317514614298785,1.382545385701215,RandomForest-morgan
1107,6.06905,7.140337679429326,-1.071287679429326,RandomForest-morgan
1130,8.09691,6.675293390966523,1.4216166090334763,RandomForest-morgan
1459,5.25964,5.93044121814545,-0.6708012181454501,RandomForest-morgan
3725,8.6216,8.00624754706088,0.6153524529391206,RandomForest-morgan
2468,8.15989,6.897360352242955,1.262529647757046,RandomForest-morgan
838,7.37161,6.669718361280751,0.7018916387192498,RandomForest-morgan
568,6.74473,6.0598630844229975,0.6848669155770022,RandomForest-morgan
502,7.60206,6.689615219781958,0.912444780218042,RandomForest-morgan
3952,7.82391,6.421268420863196,1.4026415791368034,RandomForest-morgan
873,8.73755,7.3937256871453405,1.34382431285466,RandomForest-morgan
3309,5.65189,6.235849649529637,-0.5839596495296373,RandomForest-morgan
3480,7.30103,6.240655039643673,1.0603749603563273,RandomForest-morgan
3481,7.92082,6.240655039643673,1.6801649603563271,RandomForest-morgan
560,6.21467,6.095119379328441,0.1195506206715588,RandomForest-morgan
55,5.14,6.030795409171478,-0.8907954091714787,RandomForest-morgan
1877,5.04096,6.492307657541836,-1.4513476575418354,RandomForest-morgan
2465,7.05502,7.047357429178168,0.0076625708218314,RandomForest-morgan
1933,6.7167,8.117971048588707,-1.4012710485887068,RandomForest-morgan
1494,6.20901,6.491495457800607,-0.2824854578006066,RandomForest-morgan
1874,5.65758,6.233725387538248,-0.5761453875382472,RandomForest-morgan
4101,5.44977,5.963733377914527,-0.5139633779145267,RandomForest-morgan
1561,6.72125,6.264667652594212,0.4565823474057886,RandomForest-morgan
1983,6.04576,6.00260588677076,0.0431541132292396,RandomForest-morgan
3077,7.85387,6.74756333297116,1.1063066670288393,RandomForest-morgan
3420,9.03152,6.58813577059201,2.4433842294079904,RandomForest-morgan
4562,6.94692,6.24925801881513,0.6976619811848703,RandomForest-morgan
749,7.76955,7.279960937990405,0.4895890620095944,RandomForest-morgan
839,6.91009,7.1891290333137965,-0.2790390333137962,RandomForest-morgan
3816,6.46852,6.307084164430445,0.1614358355695548,RandomForest-morgan
333,7.55284,6.766756593778813,0.786083406221187,RandomForest-morgan
4057,5.52288,5.917307666208513,-0.3944276662085135,RandomForest-morgan
2991,5.33724,5.91986833540381,-0.5826283354038093,RandomForest-morgan
4561,6.17522,7.278514450349819,-1.1032944503498188,RandomForest-morgan
2304,5.16115,6.044254066227037,-0.8831040662270366,RandomForest-morgan
2493,7.52288,6.183734718912775,1.3391452810872249,RandomForest-morgan
1266,7.42022,7.51378577081814,-0.0935657708181407,RandomForest-morgan
352,6.92082,6.9518750758628505,-0.0310550758628505,RandomForest-morgan
1745,5.78781,6.3914073624403205,-0.6035973624403201,RandomForest-morgan
3471,8.36151,8.095162787425545,0.2663472125744555,RandomForest-morgan
994,7.12494,6.44901344181767,0.6759265581823293,RandomForest-morgan
507,6.85699,6.933982514597615,-0.0769925145976149,RandomForest-morgan
957,8.59007,8.204069022276924,0.3860009777230768,RandomForest-morgan
1798,6.98716,6.640540794770236,0.3466192052297643,RandomForest-morgan
1525,6.34199,6.701113035388395,-0.3591230353883947,RandomForest-morgan
952,7.14874,6.527822711506357,0.6209172884936427,RandomForest-morgan
1460,5.05552,6.137628437807659,-1.0821084378076593,RandomForest-morgan
39,7.02228,6.359346354120814,0.6629336458791864,RandomForest-morgan
3359,6.08092,6.000588222714294,0.0803317772857061,RandomForest-morgan
3712,8.40894,6.413252020166249,1.9956879798337503,RandomForest-morgan
1799,6.63639,6.64058488236445,-0.0041948823644508,RandomForest-morgan
3124,8.10002,7.485451441632874,0.614568558367127,RandomForest-morgan
4188,5.71287,6.160202788632173,-0.4473327886321732,RandomForest-morgan
1876,5.04576,6.269834187505266,-1.2240741875052663,RandomForest-morgan
1335,5.60206,6.406634933299656,-0.8045749332996559,RandomForest-morgan
3502,8.20551,8.174210131496473,0.0312998685035275,RandomForest-morgan
652,7.04576,6.593661415902927,0.4520985840970724,RandomForest-morgan
2314,8.59176,7.346864913886886,1.2448950861131145,RandomForest-morgan
1960,8.63827,6.233758701712331,2.404511298287669,RandomForest-morgan
3897,6.28316,6.128993220350215,0.1541667796497847,RandomForest-morgan
4092,6.26922,6.068265048821565,0.2009549511784349,RandomForest-morgan
3562,5.49485,5.962258523702362,-0.4674085237023622,RandomForest-morgan
1187,7.63827,7.185305679069756,0.4529643209302447,RandomForest-morgan
1396,8.30103,6.599637268092864,1.701392731907137,RandomForest-morgan
384,5.0,6.299957049345098,-1.2999570493450978,RandomForest-morgan
1524,6.58838,8.17319174015324,-1.5848117401532391,RandomForest-morgan
3997,5.52288,6.089638595713069,-0.5667585957130692,RandomForest-morgan
1417,8.01002,7.384577723432875,0.6254422765671261,RandomForest-morgan
2205,6.292,5.76941767293964,0.52258232706036,RandomForest-morgan
2454,6.40894,7.069447427301164,-0.6605074273011633,RandomForest-morgan
2957,9.36653,7.495958866396038,1.8705711336039608,RandomForest-morgan
1332,6.20761,6.177328026917401,0.0302819730825989,RandomForest-morgan
780,8.47945,6.713644787980246,1.765805212019754,RandomForest-morgan
1620,7.28651,7.212707124667165,0.0738028753328343,RandomForest-morgan
3842,6.84771,6.1731014360155205,0.6746085639844797,RandomForest-morgan
2492,5.29243,6.200665871453494,-0.9082358714534936,RandomForest-morgan
3862,6.30103,6.5856490097992895,-0.2846190097992895,RandomForest-morgan
3493,7.95861,8.037706729044597,-0.0790967290445969,RandomForest-morgan
1849,5.17393,6.211751619952024,-1.037821619952024,RandomForest-morgan
4435,5.51713,6.553956513803337,-1.0368265138033372,RandomForest-morgan
250,7.5817,7.225138578998946,0.3565614210010537,RandomForest-morgan
4538,5.23582,6.014755658974296,-0.7789356589742953,RandomForest-morgan
3926,9.284,6.888931044141715,2.395068955858286,RandomForest-morgan
83,6.79588,6.236214809084689,0.559665190915311,RandomForest-morgan
1744,5.75449,6.222602944417438,-0.4681129444174381,RandomForest-morgan
314,8.4437,7.4692194151235025,0.9744805848764972,RandomForest-morgan
2090,6.56864,6.254780490138246,0.3138595098617545,RandomForest-morgan
2147,5.98422,6.248833857736307,-0.2646138577363075,RandomForest-morgan
1270,5.45593,5.975634885487925,-0.5197048854879247,RandomForest-morgan
3555,5.13668,5.963324704319552,-0.826644704319552,RandomForest-morgan
3954,7.33724,6.463042730746424,0.8741972692535764,RandomForest-morgan
577,6.5376,6.12443606411625,0.41316393588375,RandomForest-morgan
3486,5.67366,5.798720714468715,-0.1250607144687148,RandomForest-morgan
2142,6.18111,6.236212274288211,-0.0551022742882105,RandomForest-morgan
290,5.74,6.591756024865425,-0.8517560248654243,RandomForest-morgan
4291,7.02687,6.64210702266294,0.3847629773370595,RandomForest-morgan
3080,5.79588,6.348143583795397,-0.5522635837953969,RandomForest-morgan
732,7.67778,6.316640704384067,1.3611392956159332,RandomForest-morgan
2049,8.16115,8.367351801996811,-0.2062018019968121,RandomForest-morgan
1808,7.76955,6.635513712660448,1.1340362873395522,RandomForest-morgan
4323,5.32883,6.0807502610157655,-0.7519202610157656,RandomForest-morgan
1546,5.33287,6.092575554797471,-0.7597055547974714,RandomForest-morgan
3103,8.72125,8.285909083023382,0.4353409169766173,RandomForest-morgan
2363,7.17393,6.497745408227282,0.6761845917727181,RandomForest-morgan
2217,6.44733,7.330429883133967,-0.8830998831339674,RandomForest-morgan
729,5.87234,6.282205469560518,-0.4098654695605175,RandomForest-morgan
173,6.740745,6.741809929299062,-0.0010649292990612,RandomForest-morgan
4154,5.48149,6.374718253231504,-0.8932282532315039,RandomForest-morgan
1321,6.74473,8.015200049900056,-1.270470049900056,RandomForest-morgan
3896,5.19511,6.524470161041545,-1.3293601610415458,RandomForest-morgan
42,6.55284,6.4526914741402965,0.1001485258597032,RandomForest-morgan
3791,7.16749,6.286606470158593,0.880883529841407,RandomForest-morgan
3820,5.76955,6.1519145138658935,-0.3823645138658937,RandomForest-morgan
1281,6.9393,7.393888794235433,-0.4545887942354332,RandomForest-morgan
1563,9.62709,6.346078629902091,3.28101137009791,RandomForest-morgan
3151,9.09691,7.353227726332617,1.7436822736673827,RandomForest-morgan
2065,5.07572,6.205086219730822,-1.129366219730822,RandomForest-morgan
3683,5.06048,5.914827110749535,-0.8543471107495346,RandomForest-morgan
369,5.58503,6.419662488802545,-0.8346324888025451,RandomForest-morgan
3345,6.09151,6.38598485693238,-0.2944748569323794,RandomForest-morgan
1292,8.31876,7.073988719911636,1.2447712800883632,RandomForest-morgan
1550,6.39794,6.169625170115224,0.2283148298847761,RandomForest-morgan
3115,5.82391,5.9343458951409644,-0.1104358951409647,RandomForest-morgan
2666,7.22185,7.117673600577247,0.1041763994227533,RandomForest-morgan
2994,5.47991,6.08280316024676,-0.6028931602467598,RandomForest-morgan
950,6.80134,6.4810231691379725,0.3203168308620272,RandomForest-morgan
2450,5.07988,5.995671362287586,-0.9157913622875862,RandomForest-morgan
1783,6.77258,6.416739749437779,0.3558402505622204,RandomForest-morgan
4481,8.33255,6.115559585776095,2.216990414223904,RandomForest-morgan
2767,5.05306,6.1274913655950085,-1.0744313655950082,RandomForest-morgan
3125,7.70006,7.485451441632874,0.214608558367126,RandomForest-morgan
1062,6.56864,6.346108923164268,0.2225310768357324,RandomForest-morgan
4190,5.2204,5.841929888570903,-0.6215298885709029,RandomForest-morgan
1007,6.45593,6.183759468236897,0.2721705317631038,RandomForest-morgan
1944,6.271825,6.345813826035331,-0.0739888260353316,RandomForest-morgan
1462,5.06048,5.898497722660371,-0.8380177226603713,RandomForest-morgan
1445,5.1549,6.118468294213701,-0.9635682942137018,RandomForest-morgan
4274,6.68867,7.13687091087124,-0.4482009108712397,RandomForest-morgan
4527,5.03953,6.288041315172629,-1.248511315172629,RandomForest-morgan
4133,5.44563,6.031395149359514,-0.5857651493595135,RandomForest-morgan
2046,7.48812,8.42314090337016,-0.9350209033701588,RandomForest-morgan
1557,5.02687,6.243988367875983,-1.2171183678759832,RandomForest-morgan
199,5.92082,6.212436365407391,-0.2916163654073909,RandomForest-morgan
1397,8.1549,6.599637268092864,1.5552627319071357,RandomForest-morgan
3905,5.47886,6.161159069219132,-0.6822990692191322,RandomForest-morgan
1235,6.63827,6.784486086933908,-0.1462160869339079,RandomForest-morgan
668,5.16368,7.161365479096802,-1.997685479096802,RandomForest-morgan
1400,7.61979,6.542416072714822,1.077373927285178,RandomForest-morgan
3310,6.13077,6.516184642476585,-0.3854146424765847,RandomForest-morgan
2681,5.3851,6.007570742665679,-0.6224707426656781,RandomForest-morgan
363,6.49485,6.379670891405494,0.1151791085945053,RandomForest-morgan
501,6.56864,6.424119096864753,0.1445209031352474,RandomForest-morgan
4510,5.38091,6.026381481281048,-0.6454714812810476,RandomForest-morgan
4161,6.49485,6.358631912508069,0.1362180874919305,RandomForest-morgan
148,5.20329,6.04620655898063,-0.8429165589806304,RandomForest-morgan
1937,6.79588,6.42178763222557,0.3740923677744305,RandomForest-morgan
2082,6.65365,6.819350215056523,-0.165700215056523,RandomForest-morgan
3470,8.26122,8.060109388377514,0.2011106116224859,RandomForest-morgan
1551,6.59176,6.687286017131091,-0.0955260171310907,RandomForest-morgan
1564,7.5544,7.149438653216528,0.4049613467834723,RandomForest-morgan
1118,5.50307,6.9537729202241865,-1.4507029202241863,RandomForest-morgan
91,6.95861,6.867426422720961,0.0911835772790388,RandomForest-morgan
1272,5.67778,6.473234480800015,-0.7954544808000144,RandomForest-morgan
4428,5.18376,6.048024691387461,-0.8642646913874605,RandomForest-morgan
3826,5.8962,6.119160010226169,-0.2229600102261688,RandomForest-morgan
1528,5.0,6.019578819731846,-1.019578819731846,RandomForest-morgan
969,8.01592,8.159373169275097,-0.143453169275098,RandomForest-morgan
1816,6.85387,6.553151571839742,0.3007184281602573,RandomForest-morgan
75,6.12494,6.548841768896742,-0.4239017688967426,RandomForest-morgan
2784,6.04769,7.152309799620481,-1.1046197996204803,RandomForest-morgan
1517,7.46852,7.499119449479339,-0.0305994494793395,RandomForest-morgan
1802,6.91507,7.074769333377005,-0.1596993333770049,RandomForest-morgan
4547,5.78357,6.044723655576768,-0.2611536555767682,RandomForest-morgan
1449,5.39794,6.454449951130648,-1.0565099511306473,RandomForest-morgan
3216,5.00261,6.141479193045271,-1.138869193045271,RandomForest-morgan
3726,9.38722,8.00832937795814,1.37889062204186,RandomForest-morgan
446,5.43652,5.914484009670865,-0.477964009670865,RandomForest-morgan
1897,7.75945,8.113580790277116,-0.3541307902771153,RandomForest-morgan
586,5.11,6.253630039796046,-1.1436300397960455,RandomForest-morgan
2317,6.58503,6.967807567463182,-0.3827775674631821,RandomForest-morgan
2143,6.05849,6.305131751404572,-0.2466417514045717,RandomForest-morgan
2954,9.02228,7.441743296910007,1.5805367030899928,RandomForest-morgan
3973,6.12494,6.173592437210807,-0.0486524372108077,RandomForest-morgan
613,7.22185,6.496093980582844,0.7257560194171555,RandomForest-morgan
2265,5.60206,6.474174595980624,-0.8721145959806238,RandomForest-morgan
1510,7.85387,7.082839956890379,0.7710300431096204,RandomForest-morgan
1537,6.1549,5.740930279756991,0.413969720243009,RandomForest-morgan
4325,6.07988,6.2160709284466895,-0.1361909284466893,RandomForest-morgan
4445,8.04001,6.65228942890132,1.387720571098681,RandomForest-morgan
160,5.52288,6.360164703565105,-0.8372847035651052,RandomForest-morgan
1716,7.92082,6.555057030463975,1.365762969536025,RandomForest-morgan
592,5.52288,6.133521099710527,-0.6106410997105272,RandomForest-morgan
4433,6.09583,6.313814807046865,-0.2179848070468644,RandomForest-morgan
3074,6.25259,6.856910778206887,-0.6043207782068869,RandomForest-morgan
4477,5.3279,6.081962757874252,-0.7540627578742525,RandomForest-morgan
1011,6.5,7.20373049359766,-0.7037304935976598,RandomForest-morgan
3722,8.73993,8.01876559069393,0.7211644093060698,RandomForest-morgan
648,8.22185,7.221085265314355,1.000764734685645,RandomForest-morgan
3349,5.88941,6.817633472973955,-0.9282234729739552,RandomForest-morgan
358,7.00436,7.0358085249333655,-0.0314485249333653,RandomForest-morgan
1847,5.20066,5.888293600655343,-0.6876336006553432,RandomForest-morgan
33,6.1549,6.74304427646641,-0.5881442764664104,RandomForest-morgan
4409,5.42829,6.266166992488205,-0.837876992488205,RandomForest-morgan
650,6.46852,6.635454866848931,-0.1669348668489307,RandomForest-morgan
1280,6.35655,6.570730901880127,-0.2141809018801268,RandomForest-morgan
4386,5.94692,6.29410261169065,-0.3471826116906493,RandomForest-morgan
2754,7.32003,6.463156035193104,0.8568739648068959,RandomForest-morgan
4132,6.27646,5.970000119580721,0.3064598804192791,RandomForest-morgan
3079,5.30103,6.197651969844126,-0.8966219698441265,RandomForest-morgan
2425,6.03152,6.376590610792931,-0.3450706107929306,RandomForest-morgan
94,7.55284,6.966958660436383,0.5858813395636169,RandomForest-morgan
2853,8.5784,7.486097893778044,1.092302106221957,RandomForest-morgan
2884,8.38828,7.039866091628148,1.3484139083718525,RandomForest-morgan
2540,8.20761,7.689971401499861,0.5176385985001399,RandomForest-morgan
1864,6.06048,6.151997959593958,-0.0915179595939577,RandomForest-morgan
2538,7.73993,7.689971401499861,0.0499585985001393,RandomForest-morgan
2473,5.92996,6.58896679469186,-0.6590067946918596,RandomForest-morgan
2588,5.31876,5.661144477568051,-0.3423844775680509,RandomForest-morgan
2080,7.24413,6.8320359511127,0.4120940488873001,RandomForest-morgan
574,6.67778,6.0711690371265785,0.6066109628734218,RandomForest-morgan
1008,7.30103,6.283560190393263,1.0174698096067365,RandomForest-morgan
2362,5.86328,5.930106109465303,-0.0668261094653033,RandomForest-morgan
1041,6.74473,6.217421188647044,0.527308811352956,RandomForest-morgan
4528,6.4318,6.320774300620841,0.1110256993791587,RandomForest-morgan
929,7.7986,6.644940742264407,1.153659257735593,RandomForest-morgan
1498,7.36653,7.234214918262896,0.1323150817371043,RandomForest-morgan
4292,6.98716,6.66628506878304,0.3208749312169603,RandomForest-morgan
3503,9.35655,8.109054251972674,1.247495748027326,RandomForest-morgan
3504,9.92082,8.109054251972674,1.8117657480273264,RandomForest-morgan
4343,5.71444,6.156037156965533,-0.4415971569655337,RandomForest-morgan
1114,6.90309,6.946131666303224,-0.0430416663032238,RandomForest-morgan
2855,8.64782,7.466283915727108,1.1815360842728913,RandomForest-morgan
935,7.59007,6.771837998402158,0.8182320015978419,RandomForest-morgan
4356,5.52143,7.308581669176268,-1.7871516691762688,RandomForest-morgan
2287,8.3363,7.455903541145232,0.8803964588547677,RandomForest-morgan
1106,6.94692,6.998866364159346,-0.0519463641593453,RandomForest-morgan
67,7.115494999999999,6.83999655156588,0.2754984484341189,RandomForest-morgan
3346,5.17328,6.805920129647455,-1.6326401296474549,RandomForest-morgan
2731,5.63827,6.04358457214242,-0.4053145721424194,RandomForest-morgan
1320,7.74473,8.036591277170412,-0.2918612771704127,RandomForest-morgan
4088,5.11862,5.879444450867096,-0.760824450867096,RandomForest-morgan
1652,5.11407,5.941625909570052,-0.8275559095700524,RandomForest-morgan
820,6.90309,6.846298612046055,0.056791387953945,RandomForest-morgan
3953,6.29243,6.459789571896704,-0.1673595718967035,RandomForest-morgan
1336,5.58503,6.549945702820294,-0.964915702820294,RandomForest-morgan
515,5.74958,5.813818280957308,-0.0642382809573076,RandomForest-morgan
2677,6.22185,7.76706686664336,-1.5452168666433606,RandomForest-morgan
1516,7.78252,7.499119449479339,0.2834005505206605,RandomForest-morgan
1352,8.1549,6.461045951703888,1.693854048296112,RandomForest-morgan
77,6.40894,6.791156002684471,-0.382216002684471,RandomForest-morgan
1329,9.1549,8.532666236524149,0.622233763475851,RandomForest-morgan
1472,6.14267,6.065025987199326,0.0776440128006736,RandomForest-morgan
1968,7.46852,6.164449576841573,1.3040704231584268,RandomForest-morgan
971,7.30103,7.927764003580849,-0.6267340035808493,RandomForest-morgan
856,5.41657,6.211101172079822,-0.7945311720798216,RandomForest-morgan
2809,6.67778,6.3803069763836975,0.2974730236163028,RandomForest-morgan
351,7.85387,7.573274170012196,0.2805958299878037,RandomForest-morgan
3874,5.71086,6.113269491735978,-0.4024094917359777,RandomForest-morgan
1263,6.58336,7.552113995904717,-0.9687539959047172,RandomForest-morgan
253,7.66154,7.836353115420496,-0.1748131154204966,RandomForest-morgan
3969,6.26761,6.363789748953246,-0.0961797489532454,RandomForest-morgan
3904,7.38722,6.170192289091623,1.2170277109083774,RandomForest-morgan
1128,7.00436,6.177231534417749,0.8271284655822511,RandomForest-morgan
1042,6.05061,6.175705789684977,-0.1250957896849769,RandomForest-morgan
3903,5.40671,6.165762769451165,-0.7590527694511646,RandomForest-morgan
3127,7.0,7.381043410102254,-0.3810434101022544,RandomForest-morgan
4153,8.09691,8.1782491044123,-0.0813391044123008,RandomForest-morgan
4186,5.26841,6.180882295697451,-0.9124722956974508,RandomForest-morgan
966,7.85387,8.159373169275097,-0.3055031692750978,RandomForest-morgan
2934,5.21396,6.293724911244081,-1.079764911244081,RandomForest-morgan
944,5.62525,5.912234642015099,-0.2869846420150983,RandomForest-morgan
1823,5.36552,6.071039428369156,-0.7055194283691559,RandomForest-morgan
4252,6.41417,7.081579352014879,-0.6674093520148787,RandomForest-morgan
2961,5.32606,6.090040398409738,-0.7639803984097382,RandomForest-morgan
3560,5.88606,6.08893971298926,-0.2028797129892598,RandomForest-morgan
580,7.55284,6.455233678331172,1.0976063216688274,RandomForest-morgan
4185,6.52288,6.282003122391015,0.2408768776089846,RandomForest-morgan
3936,9.67985,7.146216030434092,2.5336339695659085,RandomForest-morgan
370,7.20761,6.84434293250043,0.3632670674995699,RandomForest-morgan
819,6.87615,6.781227791013718,0.094922208986282,RandomForest-morgan
1962,8.68613,7.937398562107335,0.7487314378926655,RandomForest-morgan
585,6.30103,6.031891537925966,0.269138462074034,RandomForest-morgan
1879,5.63451,6.503599054203243,-0.8690890542032434,RandomForest-morgan
27,6.08092,6.459237655201454,-0.378317655201454,RandomForest-morgan
4507,6.26761,6.040436597550151,0.227173402449849,RandomForest-morgan
1331,6.22915,5.934035470213426,0.2951145297865736,RandomForest-morgan
4208,5.635015,6.620676510154056,-0.9856615101540562,RandomForest-morgan
3947,5.28432,6.149182745791008,-0.8648627457910081,RandomForest-morgan
796,5.50864,6.107057804825262,-0.598417804825262,RandomForest-morgan
1456,5.22185,6.020860220643872,-0.7990102206438721,RandomForest-morgan
1457,5.69897,6.020860220643872,-0.3218902206438718,RandomForest-morgan
2424,5.23136,6.174151773892437,-0.9427917738924378,RandomForest-morgan
4539,5.09259,5.943039950892726,-0.8504499508927257,RandomForest-morgan
194,8.05061,6.270360312470981,1.78024968752902,RandomForest-morgan
1614,7.0716,7.300011999002012,-0.2284119990020121,RandomForest-morgan
3809,6.05552,5.897615488303307,0.1579045116966924,RandomForest-morgan
3511,5.14267,6.021887888562633,-0.8792178885626329,RandomForest-morgan
4331,5.36292,6.220717450568573,-0.8577974505685733,RandomForest-morgan
3972,5.34199,6.137695689189651,-0.795705689189651,RandomForest-morgan
3877,6.56067,6.3619417355657415,0.1987282644342585,RandomForest-morgan
2992,5.3098,6.1874712504289855,-0.8776712504289854,RandomForest-morgan
3311,6.29243,6.418866433407956,-0.1264364334079557,RandomForest-morgan
58,5.19,6.002555793860804,-0.8125557938608035,RandomForest-morgan
4229,6.36051,6.187775252340216,0.172734747659784,RandomForest-morgan
3510,5.42713,5.998476375181953,-0.5713463751819532,RandomForest-morgan
3572,5.31069,5.704662919490229,-0.3939729194902286,RandomForest-morgan
2150,6.72125,6.045437311911029,0.6758126880889712,RandomForest-morgan
1353,8.09098,6.600993256423394,1.4899867435766057,RandomForest-morgan
662,8.09098,6.618600321201426,1.472379678798574,RandomForest-morgan
1399,7.79588,6.599637268092864,1.1962427319071365,RandomForest-morgan
1477,7.16749,6.185872701478143,0.981617298521857,RandomForest-morgan
2133,5.61618,6.317202039371238,-0.7010220393712379,RandomForest-morgan
1261,7.08092,7.566867369102628,-0.4859473691026279,RandomForest-morgan
3880,6.63827,6.390950139940652,0.2473198600593482,RandomForest-morgan
1558,5.25181,6.247478956237498,-0.9956689562374984,RandomForest-morgan
3727,9.20066,8.048783544753496,1.1518764552465033,RandomForest-morgan
2591,5.57675,5.803186724597884,-0.2264367245978844,RandomForest-morgan
3810,5.0,6.079407756908464,-1.0794077569084637,RandomForest-morgan
1296,8.56864,7.497939550329437,1.0707004496705634,RandomForest-morgan
2956,7.27572,7.388708746766401,-0.1129887467664012,RandomForest-morgan
195,6.31876,6.68214929308773,-0.3633892930877298,RandomForest-morgan
1446,5.09691,6.360865681134176,-1.263955681134176,RandomForest-morgan
4273,6.6332,7.127601392924966,-0.4944013929249653,RandomForest-morgan
3508,6.92082,6.265704118849027,0.655115881150973,RandomForest-morgan
1717,5.78781,6.112672653555189,-0.324862653555189,RandomForest-morgan
38,7.09691,6.429696956164913,0.667213043835087,RandomForest-morgan
3876,6.18177,6.349172854397405,-0.1674028543974044,RandomForest-morgan
4512,9.0655,6.802130281161257,2.263369718838743,RandomForest-morgan
4332,5.195735,6.201552674891476,-1.0058176748914756,RandomForest-morgan
1466,7.12494,6.364610066915172,0.7603299330848277,RandomForest-morgan
3149,7.42022,7.453067512944013,-0.0328475129440137,RandomForest-morgan
453,5.89963,6.526735908943871,-0.6271059089438706,RandomForest-morgan
1501,7.69897,7.258611639079465,0.440358360920535,RandomForest-morgan
3466,6.80883,7.4948528776976815,-0.6860228776976811,RandomForest-morgan
719,6.21467,6.571936397296186,-0.3572663972961862,RandomForest-morgan
718,5.61618,6.571936397296186,-0.9557563972961862,RandomForest-morgan
603,6.08092,6.571936397296186,-0.4910163972961863,RandomForest-morgan
4078,7.95861,6.374980870777466,1.5836291292225342,RandomForest-morgan
1940,6.647905,6.282184355933964,0.3657206440660356,RandomForest-morgan
1324,7.33724,8.015200049900056,-0.6779600499000553,RandomForest-morgan
4294,7.02687,6.766416634427972,0.2604533655720278,RandomForest-morgan
3455,6.40494,7.418129620387314,-1.0131896203873143,RandomForest-morgan
4513,7.29158,8.120358285074895,-0.828778285074895,RandomForest-morgan
4157,7.046835,7.326401900588445,-0.2795669005884456,RandomForest-morgan
1810,6.92082,6.635513712660448,0.2853062873395524,RandomForest-morgan
3768,7.70553,6.072301245904144,1.6332287540958568,RandomForest-morgan
3209,6.39794,5.998990183240972,0.3989498167590284,RandomForest-morgan
2137,6.5867,6.183268785898877,0.4034312141011238,RandomForest-morgan
3575,5.38902,6.131205517603734,-0.7421855176037333,RandomForest-morgan
1814,7.69897,6.553151571839742,1.1458184281602577,RandomForest-morgan
2320,6.93181,7.079672468906489,-0.1478624689064895,RandomForest-morgan
4476,5.34679,6.121587571195085,-0.7747975711950845,RandomForest-morgan
2806,6.0348,6.560552284994232,-0.5257522849942324,RandomForest-morgan
1977,5.08619,5.988974046367024,-0.9027840463670236,RandomForest-morgan
19,5.42022,6.811818691458777,-1.3915986914587777,RandomForest-morgan
2604,7.43063,6.206989410228981,1.2236405897710192,RandomForest-morgan
3478,8.97469,7.386511107487835,1.5881788925121656,RandomForest-morgan
683,7.41567,7.601972878140469,-0.1863028781404683,RandomForest-morgan
4002,5.46852,6.173546976164422,-0.7050269761644223,RandomForest-morgan
2167,5.82391,6.145231536824248,-0.3213215368242483,RandomForest-morgan
3840,5.24336,6.156743521966883,-0.9133835219668828,RandomForest-morgan
745,8.29414,6.574236968775615,1.7199030312243853,RandomForest-morgan
581,5.21,6.054202416670854,-0.8442024166708544,RandomForest-morgan
2015,6.81531,7.172488147554153,-0.3571781475541531,RandomForest-morgan
769,5.97,6.6068790968549775,-0.6368790968549778,RandomForest-morgan
1583,6.64397,6.251044996215397,0.3929250037846037,RandomForest-morgan
1584,7.14874,6.359798237270601,0.7889417627293991,RandomForest-morgan
2952,5.4828,6.430721251106534,-0.9479212511065338,RandomForest-morgan
3355,5.5784,5.980692582283471,-0.4022925822834704,RandomForest-morgan
203,8.07572,6.413555861640159,1.6621641383598416,RandomForest-morgan
3535,6.49485,6.274609983844003,0.2202400161559969,RandomForest-morgan
853,6.63676,6.452164656109309,0.1845953438906908,RandomForest-morgan
774,6.77001,6.584446653475163,0.1855633465248374,RandomForest-morgan
771,6.91999,6.756815569131226,0.1631744308687741,RandomForest-morgan
2782,5.03306,7.083641240868505,-2.050581240868505,RandomForest-morgan
1736,5.23582,5.650254078513784,-0.4144340785137839,RandomForest-morgan
2170,5.77211,6.144002688576087,-0.3718926885760876,RandomForest-morgan
1967,7.25964,6.106709649508998,1.152930350491002,RandomForest-morgan
3137,6.34294,7.26516138058405,-0.92222138058405,RandomForest-morgan
3843,6.66555,6.278025053674276,0.3875249463257235,RandomForest-morgan
43,5.82391,6.421400449893461,-0.5974904498934617,RandomForest-morgan
3494,8.10292,8.037706729044597,0.065213270955402,RandomForest-morgan
4104,5.14388,5.937371008754026,-0.7934910087540255,RandomForest-morgan
933,5.26201,6.696459015685338,-1.4344490156853382,RandomForest-morgan
934,5.38091,6.696459015685338,-1.3155490156853382,RandomForest-morgan
1468,6.20761,6.189088809772546,0.018521190227454,RandomForest-morgan
651,6.72125,6.622108907245231,0.0991410927547695,RandomForest-morgan
2303,5.29243,6.030135144290292,-0.7377051442902918,RandomForest-morgan
4080,6.97964,6.376414270143941,0.6032257298560593,RandomForest-morgan
239,7.56225,7.225138578998946,0.3371114210010537,RandomForest-morgan
685,7.48545,7.601972878140469,-0.1165228781404685,RandomForest-morgan
4074,5.11862,6.230026575359116,-1.1114065753591165,RandomForest-morgan
2741,6.05061,6.3079991231987,-0.2573891231987,RandomForest-morgan
2771,6.18842,6.2322416739765005,-0.0438216739765007,RandomForest-morgan
1443,7.0,6.532226087448588,0.4677739125514124,RandomForest-morgan
712,5.25885,7.113295349386838,-1.8544453493868376,RandomForest-morgan
678,8.52288,7.270609002258347,1.252270997741654,RandomForest-morgan
775,7.19997,6.584424568481747,0.6155454315182531,RandomForest-morgan
1265,8.05552,7.51378577081814,0.5417342291818592,RandomForest-morgan
3304,7.55284,6.203857370631477,1.348982629368523,RandomForest-morgan
923,9.17393,7.981237266530261,1.1926927334697393,RandomForest-morgan
3350,7.35952,7.4001356750124865,-0.0406156750124866,RandomForest-morgan
1637,5.825555,5.980730876830093,-0.1551758768300937,RandomForest-morgan
3089,5.97881,5.972764700994254,0.0060452990057457,RandomForest-morgan
3104,8.28819,8.341460918602138,-0.0532709186021378,RandomForest-morgan
310,9.24413,7.7833749140160435,1.4607550859839566,RandomForest-morgan
2301,5.52288,6.386042180790914,-0.8631621807909138,RandomForest-morgan
1026,5.52288,6.386042180790914,-0.8631621807909138,RandomForest-morgan
2079,7.16115,6.819133496084647,0.3420165039153531,RandomForest-morgan
1605,6.85699,7.187483070719827,-0.330493070719827,RandomForest-morgan
3415,7.00745,6.583954749464754,0.4234952505352467,RandomForest-morgan
583,5.88606,6.095119379328441,-0.2090593793284414,RandomForest-morgan
4474,5.06098,6.3731307472973,-1.3121507472973004,RandomForest-morgan
228,5.20066,6.415667437237733,-1.215007437237733,RandomForest-morgan
1441,7.39794,6.532226087448588,0.8657139125514126,RandomForest-morgan
2605,5.22185,6.194273111248001,-0.9724231112480012,RandomForest-morgan
1718,7.03152,6.227590426579075,0.8039295734209251,RandomForest-morgan
832,7.76195,7.018486800812373,0.7434631991876266,RandomForest-morgan
241,8.26761,6.9839606700477885,1.283649329952211,RandomForest-morgan
2086,6.91721,6.790006074060632,0.1272039259393675,RandomForest-morgan
1509,7.1549,7.2423507075706,-0.0874507075706008,RandomForest-morgan
3450,6.77469,7.210844935578299,-0.4361549355782994,RandomForest-morgan
1949,6.714205,6.1966753002280734,0.5175296997719263,RandomForest-morgan
679,8.38722,7.280860306478212,1.106359693521787,RandomForest-morgan
3827,6.86967,6.126701370310032,0.742968629689968,RandomForest-morgan
833,8.10846,7.237748204475438,0.8707117955245609,RandomForest-morgan
71,4.97879,6.032468629327807,-1.0536786293278064,RandomForest-morgan
3044,8.60206,8.206027556184107,0.3960324438158924,RandomForest-morgan
4333,5.17914,6.241180397073126,-1.062040397073126,RandomForest-morgan
229,6.33724,6.735789513989016,-0.3985495139890158,RandomForest-morgan
1164,6.96658,6.547723972676812,0.418856027323188,RandomForest-morgan
1788,7.1549,6.556953623126395,0.5979463768736046,RandomForest-morgan
874,6.01773,6.178227502071891,-0.160497502071891,RandomForest-morgan
2453,7.04624,6.872037902405271,0.1742020975947289,RandomForest-morgan
2224,8.1549,6.631749452775242,1.5231505472247573,RandomForest-morgan
3185,7.4318,6.5151128656337685,0.9166871343662316,RandomForest-morgan
4443,7.55596,6.772310182627844,0.7836498173721562,RandomForest-morgan
184,7.02687,6.551913846449303,0.4749561535506972,RandomForest-morgan
1431,7.28001,7.233301633543944,0.0467083664560554,RandomForest-morgan
3414,6.8146,6.584704798703584,0.2298952012964168,RandomForest-morgan
567,5.60206,6.114899314577845,-0.5128393145778452,RandomForest-morgan
3937,6.56225,6.425775099700504,0.136474900299496,RandomForest-morgan
243,7.08302,7.031187729589454,0.0518322704105465,RandomForest-morgan
1779,6.644945,6.80042850740431,-0.1554835074043099,RandomForest-morgan
2564,6.34679,6.302072748452818,0.0447172515471825,RandomForest-morgan
3078,5.61979,6.01505130374319,-0.3952613037431902,RandomForest-morgan
2813,5.70115,6.4610292334343535,-0.7598792334343534,RandomForest-morgan
3961,5.1549,6.837668187026852,-1.682768187026852,RandomForest-morgan
487,6.92082,6.91181754458291,0.0090024554170895,RandomForest-morgan
4327,5.439715,6.2207695841389965,-0.7810545841389969,RandomForest-morgan
4202,5.47301,5.686866464518369,-0.2138564645183684,RandomForest-morgan
3048,8.88606,8.28332066851691,0.6027393314830913,RandomForest-morgan
1262,6.75449,7.566867369102628,-0.8123773691026281,RandomForest-morgan
494,7.52288,6.635552929499853,0.887327070500147,RandomForest-morgan
3347,5.59007,6.635552929499853,-1.0454829294998529,RandomForest-morgan
4170,5.85699,6.099577143325077,-0.2425871433250774,RandomForest-morgan
4565,6.37675,5.990764014910907,0.3859859850890936,RandomForest-morgan
1811,6.56864,6.635513712660448,-0.0668737126604472,RandomForest-morgan
3122,8.50004,7.478898205956697,1.0211417940433032,RandomForest-morgan
2318,5.98464,6.95558732106884,-0.9709473210688396,RandomForest-morgan
1309,5.79317,7.1343204295395335,-1.3411504295395336,RandomForest-morgan
2222,5.39794,6.584691885395053,-1.1867518853950525,RandomForest-morgan
2808,6.21467,6.3803069763836975,-0.1656369763836975,RandomForest-morgan
714,5.0048,6.733267839449939,-1.7284678394499382,RandomForest-morgan
340,7.0,6.96176690287221,0.0382330971277902,RandomForest-morgan
3180,6.60206,6.153524889615417,0.4485351103845829,RandomForest-morgan
2823,7.69897,6.850031929400716,0.8489380705992842,RandomForest-morgan
1357,5.36653,6.332852120190855,-0.9663221201908544,RandomForest-morgan
578,5.21,6.100550345971217,-0.8905503459712172,RandomForest-morgan
563,5.28,6.0717502415449465,-0.7917502415449462,RandomForest-morgan
4427,5.33913,6.020134306222035,-0.681004306222035,RandomForest-morgan
244,7.79187,7.225138578998946,0.5667314210010543,RandomForest-morgan
3300,7.7167,6.350285048478513,1.3664149515214872,RandomForest-morgan
1719,7.36653,6.350285048478513,1.0162449515214869,RandomForest-morgan
2068,6.34361,6.654485623914002,-0.3108756239140016,RandomForest-morgan
779,8.48004,6.715505987988421,1.7645340120115796,RandomForest-morgan
3447,6.76955,6.383600740590065,0.3859492594099345,RandomForest-morgan
2047,7.76195,8.42314090337016,-0.6611909033701595,RandomForest-morgan
1177,8.65758,7.1919215443670055,1.465658455632994,RandomForest-morgan
1632,8.28567,7.648234025121494,0.6374359748785059,RandomForest-morgan
3682,5.65758,6.19888880275801,-0.5413088027580093,RandomForest-morgan
3453,6.5064,7.384812804165091,-0.8784128041650909,RandomForest-morgan
2831,5.08725,6.048765245239331,-0.9615152452393304,RandomForest-morgan
3732,5.39794,6.2201709454132175,-0.8222309454132173,RandomForest-morgan
3134,7.5376,7.4932528442693425,0.0443471557306578,RandomForest-morgan
2811,6.5376,6.357797240271325,0.1798027597286751,RandomForest-morgan
2996,6.20761,6.348142595224824,-0.1405325952248244,RandomForest-morgan
2418,6.12205,6.238388444184642,-0.1163384441846417,RandomForest-morgan
2077,6.02826,6.790432077741677,-0.7621720777416767,RandomForest-morgan
3559,6.09151,5.930243861203442,0.1612661387965586,RandomForest-morgan
154,6.72125,6.497435181598408,0.2238148184015926,RandomForest-morgan
4569,7.284,7.332195972491846,-0.0481959724918459,RandomForest-morgan
3499,7.31966,7.84076443265126,-0.5211044326512599,RandomForest-morgan
2153,6.10237,5.929040169608745,0.1733298303912542,RandomForest-morgan
4329,5.37479,6.263583709511345,-0.8887937095113454,RandomForest-morgan
134,6.14874,6.360891563649957,-0.2121515636499573,RandomForest-morgan
3667,7.64397,7.977782172959943,-0.3338121729599423,RandomForest-morgan
1818,6.0,6.331486856618413,-0.3314868566184126,RandomForest-morgan
56,5.35,6.002555793860804,-0.6525557938608042,RandomForest-morgan
4429,5.0,5.960245463788684,-0.9602454637886836,RandomForest-morgan
3919,7.88606,6.9555389376089,0.9305210623911,RandomForest-morgan
480,7.30103,6.834394925687541,0.4666350743124585,RandomForest-morgan
1790,6.02506,6.371627730784576,-0.3465677307845762,RandomForest-morgan
1782,7.134205,6.416739749437779,0.7174652505622205,RandomForest-morgan
3998,5.38722,6.356997108374992,-0.9697771083749922,RandomForest-morgan
928,8.85078,6.879953120254851,1.9708268797451491,RandomForest-morgan
205,6.081145,6.350140699006699,-0.268995699006699,RandomForest-morgan
727,7.13312,6.282618488896897,0.8505015111031033,RandomForest-morgan
1881,8.29757,7.054692864408825,1.2428771355911756,RandomForest-morgan
1966,5.20066,6.197275426349516,-0.996615426349516,RandomForest-morgan
4362,5.37779,6.213572539280706,-0.8357825392807063,RandomForest-morgan
571,7.13077,6.303026140621826,0.8277438593781739,RandomForest-morgan
3894,5.59482,6.514224740175239,-0.9194047401752384,RandomForest-morgan
490,6.18709,6.376320804339085,-0.1892308043390844,RandomForest-morgan
3845,6.64782,6.147756814902738,0.5000631850972619,RandomForest-morgan
1294,8.72125,7.073988719911636,1.6472612800883637,RandomForest-morgan
943,5.67778,6.0572483357772,-0.3794683357771999,RandomForest-morgan
3672,7.09691,6.270621522280376,0.8262884777196247,RandomForest-morgan
3671,9.48149,6.403973478437902,3.0775165215620985,RandomForest-morgan
3100,8.44249,6.488589842809445,1.9539001571905548,RandomForest-morgan
1791,5.5391,6.489589964620694,-0.9504899646206936,RandomForest-morgan
4434,7.04096,6.394402182695212,0.6465578173047879,RandomForest-morgan
589,6.58503,6.018711903739276,0.5663180962607237,RandomForest-morgan
1358,5.44855,6.455007301462842,-1.0064573014628424,RandomForest-morgan
1275,5.35655,6.351839413822872,-0.9952894138228716,RandomForest-morgan
1751,6.31069,6.594923040032175,-0.2842330400321753,RandomForest-morgan
4004,8.0,6.452223014693955,1.5477769853060446,RandomForest-morgan
872,8.17718,6.952192182149633,1.2249878178503666,RandomForest-morgan
2289,6.56915,7.382774316127661,-0.8136243161276617,RandomForest-morgan
4249,6.92082,6.639337249225499,0.2814827507745008,RandomForest-morgan
1194,9.31876,7.833420131435281,1.4853398685647186,RandomForest-morgan
359,7.04576,7.180347090893792,-0.1345870908937927,RandomForest-morgan
1185,7.76955,7.020185135566559,0.7493648644334403,RandomForest-morgan
1240,7.88606,6.655309112182239,1.2307508878177602,RandomForest-morgan
366,8.02687,7.726580569401426,0.3002894305985748,RandomForest-morgan
1127,6.8962,6.839406606731573,0.0567933932684274,RandomForest-morgan
1965,5.60206,6.213548320944911,-0.6114883209449111,RandomForest-morgan
237,7.93181,7.836353115420496,0.0954568845795034,RandomForest-morgan
1458,6.09691,6.132769487325987,-0.0358594873259869,RandomForest-morgan
251,7.09909,7.022848981341703,0.0762410186582975,RandomForest-morgan
3051,5.49485,6.079879569474646,-0.5850295694746466,RandomForest-morgan
3841,7.0,6.127940876891691,0.8720591231083086,RandomForest-morgan
3144,6.31876,6.188779207063703,0.1299807929362968,RandomForest-morgan
777,8.18,6.78590300322015,1.39409699677985,RandomForest-morgan
772,8.24003,6.918893173793908,1.321136826206093,RandomForest-morgan
1692,5.07,5.790386417996603,-0.7203864179966031,RandomForest-morgan
1439,6.30103,6.532226087448588,-0.2311960874485876,RandomForest-morgan
146,6.18177,5.998332497890218,0.1834375021097818,RandomForest-morgan
1402,7.49485,6.599637268092864,0.8952127319071357,RandomForest-morgan
462,5.527355,6.021790663485079,-0.4944356634850786,RandomForest-morgan
3928,9.13668,7.422528168695308,1.714151831304692,RandomForest-morgan
4129,6.27474,5.918562961965183,0.3561770380348177,RandomForest-morgan
3050,6.10791,6.117591189409709,-0.0096811894097088,RandomForest-morgan
165,5.98297,6.415260329150176,-0.4322903291501756,RandomForest-morgan
1351,6.30103,6.292493769503377,0.0085362304966229,RandomForest-morgan
1095,7.16749,7.2373456344880145,-0.0698556344880145,RandomForest-morgan
2926,7.35556,6.4494421873942205,0.9061178126057792,RandomForest-morgan
3858,5.34679,6.167305876095607,-0.8205158760956062,RandomForest-morgan
2451,5.89466,6.0015279185580495,-0.1068679185580494,RandomForest-morgan
1800,7.01323,6.721352156903229,0.2918778430967714,RandomForest-morgan
4001,5.82391,6.223297496326479,-0.3993874963264794,RandomForest-morgan
731,5.49435,6.367990757081919,-0.8736407570819189,RandomForest-morgan
1063,6.35655,6.385471042178793,-0.0289210421787924,RandomForest-morgan
2898,6.96497,7.2199211987454,-0.2549511987453998,RandomForest-morgan
1430,7.79997,7.322061079489439,0.4779089205105613,RandomForest-morgan
4244,6.71897,6.189942259027379,0.5290277409726203,RandomForest-morgan
3340,5.05849,6.215544729840454,-1.1570547298404543,RandomForest-morgan
4470,5.23359,6.380662179493521,-1.147072179493521,RandomForest-morgan
4478,6.04576,6.168684587128674,-0.1229245871286748,RandomForest-morgan
4475,7.14874,6.021016661341892,1.1277233386581085,RandomForest-morgan
3786,6.09745,6.296657507120313,-0.1992075071203123,RandomForest-morgan
3505,9.56864,8.109054251972674,1.459585748027326,RandomForest-morgan
3464,7.81816,7.645932944092778,0.1722270559072214,RandomForest-morgan
1334,5.88606,6.352710845772748,-0.4666508457727483,RandomForest-morgan
1559,7.30103,6.359305226543063,0.9417247734569364,RandomForest-morgan
1269,5.04096,6.226147078892848,-1.1851870788928478,RandomForest-morgan
1527,5.00877,6.0374159090856585,-1.0286459090856583,RandomForest-morgan
741,7.14206,7.195974765041708,-0.053914765041708,RandomForest-morgan
1245,5.39794,6.300736842632862,-0.9027968426328616,RandomForest-morgan
4210,5.767,6.238053347513373,-0.4710533475133722,RandomForest-morgan
238,7.90658,7.122797848385234,0.7837821516147656,RandomForest-morgan
3846,6.08619,6.147756814902738,-0.0615668149027381,RandomForest-morgan
594,9.52288,7.229361394633629,2.293518605366372,RandomForest-morgan
2135,7.74473,6.395635811278919,1.3490941887210806,RandomForest-morgan
717,7.42022,6.772292844506649,0.6479271554933508,RandomForest-morgan
1004,6.82391,6.977253056730111,-0.1533430567301117,RandomForest-morgan
3669,7.91721,7.977782172959943,-0.0605721729599428,RandomForest-morgan
1448,5.04576,6.374677480663726,-1.3289174806637265,RandomForest-morgan
4264,6.29229,6.985874010058762,-0.6935840100587614,RandomForest-morgan
2467,7.73755,6.9461827600139125,0.7913672399860872,RandomForest-morgan
1813,7.52288,6.553151571839742,0.9697284281602574,RandomForest-morgan
4563,6.94692,6.216298694215239,0.7306213057847613,RandomForest-morgan
4363,7.5376,5.965864439796674,1.5717355602033267,RandomForest-morgan
3183,5.02687,6.064627989665368,-1.0377579896653684,RandomForest-morgan
1188,5.92082,6.6365698946718,-0.7157498946717995,RandomForest-morgan
3668,7.93181,7.977782172959943,-0.0459721729599431,RandomForest-morgan
3957,5.31426,6.403107977483256,-1.0888479774832565,RandomForest-morgan
4524,7.39794,6.632683249284463,0.7652567507155377,RandomForest-morgan
653,6.12494,6.586942443481155,-0.4620024434811558,RandomForest-morgan
3728,8.90309,8.019630268807079,0.8834597311929215,RandomForest-morgan
4263,6.2583,6.983533056607799,-0.7252330566077987,RandomForest-morgan
4158,7.19382,6.388116031927603,0.8057039680723967,RandomForest-morgan
0,6.12494,6.015823564702889,0.1091164352971105,RandomForest-morgan
1057,6.60206,6.358976601296604,0.243083398703396,RandomForest-morgan
2221,6.90309,7.330429883133967,-0.4273398831339676,RandomForest-morgan
915,5.23657,6.201544644411015,-0.964974644411014,RandomForest-morgan
851,6.54303,6.372623082250457,0.1704069177495428,RandomForest-morgan
472,7.65758,6.858340846612488,0.7992391533875125,RandomForest-morgan
3383,6.51999,5.817616994408815,0.702373005591185,RandomForest-morgan
1364,6.6103,6.458231622612816,0.1520683773871836,RandomForest-morgan
1781,6.90344,6.80042850740431,0.1030114925956899,RandomForest-morgan
3916,5.25964,6.599560097570362,-1.3399200975703618,RandomForest-morgan
1416,8.43997,7.27117057629055,1.1687994237094506,RandomForest-morgan
362,6.65758,6.942128477369586,-0.2845484773695856,RandomForest-morgan
1467,7.22185,6.385527941600444,0.8363220583995563,RandomForest-morgan
1039,6.69897,6.243555551088676,0.4554144489113243,RandomForest-morgan
1454,8.0,6.454449951130648,1.5455500488693523,RandomForest-morgan
4347,5.71444,6.228538142992351,-0.514098142992351,RandomForest-morgan
1129,6.92082,6.192526176401278,0.7282938235987224,RandomForest-morgan
3473,8.7122,8.095162787425545,0.6170372125744539,RandomForest-morgan
1797,6.78781,6.776910580102838,0.0108994198971625,RandomForest-morgan
566,5.82391,6.017912361862525,-0.194002361862525,RandomForest-morgan
3509,5.25337,6.016071795604375,-0.7627017956043742,RandomForest-morgan
4353,6.86646,6.2026775739837055,0.6637824260162946,RandomForest-morgan
2296,6.72946,7.455903541145232,-0.7264435411452315,RandomForest-morgan
3790,6.03953,6.2190747926152525,-0.1795447926152524,RandomForest-morgan
2923,7.74473,6.411842155034241,1.332887844965759,RandomForest-morgan
1518,7.54668,7.499119449479339,0.0475605505206608,RandomForest-morgan
1330,8.52288,8.532666236524149,-0.0097862365241478,RandomForest-morgan
3147,6.284,6.0547885382770295,0.2292114617229703,RandomForest-morgan
1483,6.95861,6.232324868385453,0.7262851316145476,RandomForest-morgan
2136,6.79588,6.249183826383046,0.5466961736169544,RandomForest-morgan
4348,5.71444,6.175122506968199,-0.4606825069681992,RandomForest-morgan
1367,7.0,6.557391382699242,0.4426086173007579,RandomForest-morgan
1247,5.0,6.250308064263908,-1.2503080642639084,RandomForest-morgan
3417,7.96981,6.537422595826722,1.4323874041732785,RandomForest-morgan
1191,7.88606,6.780873393360605,1.1051866066393945,RandomForest-morgan
2949,8.75007,7.317514614298785,1.432555385701214,RandomForest-morgan
187,5.35655,6.450804091235688,-1.0942540912356875,RandomForest-morgan
4152,7.60206,7.34061789024412,0.2614421097558796,RandomForest-morgan
1604,7.04818,7.21424782796042,-0.1660678279604202,RandomForest-morgan
871,7.70553,7.016769707051594,0.6887602929484062,RandomForest-morgan
2134,6.72816,6.255343705147083,0.4728162948529171,RandomForest-morgan
3297,7.08092,5.837073693871357,1.2438463061286429,RandomForest-morgan
1315,8.35655,8.606420352331218,-0.249870352331218,RandomForest-morgan
2558,6.01278,6.224974945238218,-0.2121949452382177,RandomForest-morgan
3962,5.76955,6.872663583151631,-1.1031135831516314,RandomForest-morgan
4568,7.95468,6.619021120350421,1.3356588796495783,RandomForest-morgan
1980,6.09691,5.971335290936914,0.1255747090630858,RandomForest-morgan
2812,5.93554,6.273637555864212,-0.3380975558642127,RandomForest-morgan
3927,8.87615,6.820413232138511,2.0557367678614904,RandomForest-morgan
3099,7.5817,6.216366447056841,1.3653335529431585,RandomForest-morgan
4346,5.71444,6.003972437462068,-0.2895324374620678,RandomForest-morgan
2085,7.34679,6.7926570976133664,0.5541329023866339,RandomForest-morgan
1824,5.30715,5.433707157089818,-0.1265571570898176,RandomForest-morgan
3863,7.52244,6.217625617527878,1.304814382472122,RandomForest-morgan
1328,8.82391,8.532666236524149,0.2912437634758511,RandomForest-morgan
3766,7.65365,6.440938109274991,1.212711890725009,RandomForest-morgan
972,7.6038,7.927764003580849,-0.3239640035808495,RandomForest-morgan
3483,8.89279,6.203324574578237,2.689465425421763,RandomForest-morgan
3482,8.80967,6.203324574578237,2.606345425421764,RandomForest-morgan
3933,6.98297,7.017642026945888,-0.0346720269458877,RandomForest-morgan
3837,6.04576,6.360051635606595,-0.3142916356065957,RandomForest-morgan
3299,6.1261,6.374436742784707,-0.2483367427847067,RandomForest-morgan
1274,6.52288,6.270654857528481,0.2522251424715191,RandomForest-morgan
2081,6.92812,6.771911094052892,0.1562089059471079,RandomForest-morgan
1365,6.79371,6.454121537276193,0.3395884627238068,RandomForest-morgan
891,6.74232,6.150847732200083,0.5914722677999169,RandomForest-morgan
1410,5.52288,6.273073852096748,-0.7501938520967482,RandomForest-morgan
2951,5.97,6.5181292920667815,-0.5481292920667817,RandomForest-morgan
1635,6.61979,6.111723657775805,0.5080663422241951,RandomForest-morgan
79,7.39794,6.84759247876238,0.5503475212376205,RandomForest-morgan
2225,7.22915,6.622668633002922,0.6064813669970777,RandomForest-morgan
181,5.48149,6.522275107548304,-1.040785107548304,RandomForest-morgan
1693,5.77,5.9113904841547,-0.1413904841547006,RandomForest-morgan
1613,8.34775,7.331635118982227,1.0161148810177725,RandomForest-morgan
3971,5.49485,5.963314994090197,-0.4684649940901977,RandomForest-morgan
190,5.0,6.342343408204214,-1.342343408204214,RandomForest-morgan
3819,5.28233,6.295923552933642,-1.0135935529336422,RandomForest-morgan
1453,9.0,6.454449951130648,2.5455500488693525,RandomForest-morgan
900,7.44977,7.281208773391548,0.1685612266084524,RandomForest-morgan
3785,6.00524,6.228743236060815,-0.2235032360608153,RandomForest-morgan
582,6.48149,6.067152167110497,0.4143378328895029,RandomForest-morgan
1746,5.18842,6.355835853905743,-1.1674158539057435,RandomForest-morgan
1027,5.22185,6.293093185842691,-1.0712431858426914,RandomForest-morgan
773,8.24003,6.908587985937766,1.331442014062235,RandomForest-morgan
1297,8.79588,7.497939550329437,1.2979404496705635,RandomForest-morgan
471,7.521435,7.155595926802044,0.3658390731979564,RandomForest-morgan
505,7.0,6.989258662486436,0.010741337513564,RandomForest-morgan
3418,8.96658,6.544267162578869,2.422312837421132,RandomForest-morgan
1409,5.0,6.322714888633857,-1.3227148886338569,RandomForest-morgan
3098,7.51286,6.044491682720019,1.4683683172799809,RandomForest-morgan
395,5.47,6.122200732702766,-0.6522007327027666,RandomForest-morgan
1859,5.38195,6.503995630955343,-1.122045630955343,RandomForest-morgan
3156,7.2321,7.370742534558565,-0.1386425345585653,RandomForest-morgan
1341,5.07058,6.458389535889965,-1.3878095358899651,RandomForest-morgan
3155,7.62709,7.385003153736373,0.2420868462636267,RandomForest-morgan
3120,8.70006,7.6177461627953775,1.082313837204623,RandomForest-morgan
4087,9.284,7.427779202086384,1.8562207979136165,RandomForest-morgan
3056,6.85387,6.406969967053383,0.4469000329466164,RandomForest-morgan
4324,6.30016,6.2493088043857306,0.0508511956142694,RandomForest-morgan
4330,5.50328,6.201126883993297,-0.6978468839932965,RandomForest-morgan
1722,5.17005,5.679421700510636,-0.509371700510636,RandomForest-morgan
3864,5.4828,6.943929437570343,-1.4611294375703432,RandomForest-morgan
49,7.09691,6.830988305948595,0.2659216940514053,RandomForest-morgan
1029,5.30103,6.022758612090943,-0.721728612090943,RandomForest-morgan
1943,5.377875,6.322554501903647,-0.9446795019036464,RandomForest-morgan
176,6.48149,6.669972239442996,-0.1884822394429957,RandomForest-morgan
123,6.48149,6.669972239442996,-0.1884822394429957,RandomForest-morgan
356,6.46852,6.95937520536206,-0.4908552053620605,RandomForest-morgan
3298,6.6517,6.386193024031828,0.2655069759681723,RandomForest-morgan
53,5.03152,6.255075029079097,-1.2235550290790966,RandomForest-morgan
2358,6.21467,6.21699886334993,-0.0023288633499296,RandomForest-morgan
3943,6.2636,6.194631588403236,0.0689684115967645,RandomForest-morgan
1540,5.23307,6.159465622524717,-0.9263956225247174,RandomForest-morgan
355,6.67778,6.337287471029834,0.3404925289701666,RandomForest-morgan
212,6.67801,6.337287471029834,0.3407225289701658,RandomForest-morgan
4473,7.63078,6.344700346380808,1.2860796536191916,RandomForest-morgan
850,6.41623,6.483404928354311,-0.0671749283543112,RandomForest-morgan
3500,8.42022,8.174210131496473,0.2460098685035276,RandomForest-morgan
3870,5.01323,6.029536524362915,-1.016306524362915,RandomForest-morgan
4245,9.36653,7.375200035396523,1.9913299646034768,RandomForest-morgan
2393,5.79317,6.519170749837568,-0.726000749837568,RandomForest-morgan
3950,7.04576,6.243836803664312,0.8019231963356876,RandomForest-morgan
2223,6.88606,6.622668633002922,0.2633913669970775,RandomForest-morgan
1536,5.64859,6.149410321614441,-0.5008203216144409,RandomForest-morgan
3931,7.0,6.211246214474735,0.7887537855252651,RandomForest-morgan
3709,5.88406,6.247910704078697,-0.3638507040786969,RandomForest-morgan
4100,5.34104,5.856393305216064,-0.5153533052160642,RandomForest-morgan
110,8.34679,6.9337201285116326,1.4130698714883678,RandomForest-morgan
4514,8.93554,6.304978151556507,2.6305618484434925,RandomForest-morgan
1804,7.00877,7.074769333377005,-0.0659993333770048,RandomForest-morgan
2785,7.15927,7.135711621892201,0.0235583781077988,RandomForest-morgan
960,5.22915,6.246821892308817,-1.017671892308817,RandomForest-morgan
249,7.26281,7.017213775160984,0.2455962248390157,RandomForest-morgan
1945,6.174285,6.210380374542685,-0.0360953745426844,RandomForest-morgan
1539,5.1261,6.601402982608796,-1.4753029826087962,RandomForest-morgan
3549,6.17393,6.132963494688463,0.0409665053115375,RandomForest-morgan
3477,8.24872,8.010372759290457,0.2383472407095439,RandomForest-morgan
1010,6.0,7.439526150795865,-1.4395261507958654,RandomForest-morgan
2755,7.34998,6.245315177224935,1.1046648227750655,RandomForest-morgan
4328,5.09155,6.1986431215860085,-1.1070931215860087,RandomForest-morgan
1181,6.46852,7.109413010036878,-0.6408930100368782,RandomForest-morgan
1493,7.60206,6.493607743907991,1.1084522560920087,RandomForest-morgan
4084,5.4045,6.200889707495095,-0.796389707495095,RandomForest-morgan
579,6.04576,6.095119379328441,-0.0493593793284414,RandomForest-morgan
3112,6.70997,6.045437311911029,0.664532688088971,RandomForest-morgan
1012,5.6,7.400062017303494,-1.8000620173034942,RandomForest-morgan
1484,6.88606,6.098199220710832,0.7878607792891676,RandomForest-descriptors
3113,8.38616,6.664967446966942,1.7211925530330578,RandomForest-descriptors
45,6.03152,6.406171779010363,-0.3746517790103629,RandomForest-descriptors
686,5.96257,6.519801390318128,-0.5572313903181279,RandomForest-descriptors
2931,5.89963,6.012671361807882,-0.1130413618078822,RandomForest-descriptors
4105,6.0655,6.272137404077346,-0.2066374040773455,RandomForest-descriptors
1778,5.211255,6.328957715750261,-1.1177027157502604,RandomForest-descriptors
3362,5.04096,6.348000121922013,-1.307040121922013,RandomForest-descriptors
1447,6.52288,6.262669082840783,0.2602109171592168,RandomForest-descriptors
3076,5.18709,6.110210277426815,-0.9231202774268148,RandomForest-descriptors
4373,7.4437,6.31976245787255,1.1239375421274491,RandomForest-descriptors
1538,5.1607,6.278565483394543,-1.1178654833945425,RandomForest-descriptors
500,6.16115,6.383223462987463,-0.2220734629874625,RandomForest-descriptors
892,5.55752,5.846765560046467,-0.2892455600464672,RandomForest-descriptors
2710,6.1549,5.791836022429608,0.3630639775703912,RandomForest-descriptors
2955,8.90309,7.769722919477146,1.1333670805228548,RandomForest-descriptors
1603,6.92445,6.869358843762599,0.0550911562374016,RandomForest-descriptors
1455,7.69897,7.383031274698473,0.3159387253015273,RandomForest-descriptors
252,6.67778,6.701442134298125,-0.0236621342981244,RandomForest-descriptors
1936,6.36552,8.383797264940434,-2.018277264940433,RandomForest-descriptors
3932,6.28316,7.125988180595277,-0.8428281805952773,RandomForest-descriptors
3158,9.13668,8.73131015942323,0.4053698405767694,RandomForest-descriptors
4119,5.48945,6.269263763329738,-0.779813763329738,RandomForest-descriptors
1156,7.19382,6.913693642330591,0.2801263576694088,RandomForest-descriptors
728,5.99443,6.33418990342621,-0.3397599034262093,RandomForest-descriptors
4374,7.173394999999999,6.741842458507075,0.4315525414929242,RandomForest-descriptors
3986,7.4437,6.741842458507075,0.7018575414929247,RandomForest-descriptors
3987,7.49485,6.741842458507075,0.7530075414929245,RandomForest-descriptors
2686,5.45967,7.350334206236403,-1.8906642062364032,RandomForest-descriptors
1568,5.04576,6.041135368973648,-0.9953753689736482,RandomForest-descriptors
4233,5.94006,5.990009575652426,-0.0499495756524259,RandomForest-descriptors
3784,6.19382,7.37228350924136,-1.178463509241361,RandomForest-descriptors
1850,5.01323,6.233606892632863,-1.2203768926328626,RandomForest-descriptors
2169,6.04096,6.115345829496312,-0.074385829496312,RandomForest-descriptors
663,5.72816,6.474478502351803,-0.7463185023518033,RandomForest-descriptors
4484,6.36653,6.488100998664832,-0.1215709986648319,RandomForest-descriptors
2817,5.07572,6.012249107122478,-0.9365291071224782,RandomForest-descriptors
1189,6.09691,6.5265098753095945,-0.4295998753095942,RandomForest-descriptors
3859,7.45643,6.059799060948107,1.3966309390518932,RandomForest-descriptors
747,8.24795,7.274049052624282,0.973900947375717,RandomForest-descriptors
1762,5.13668,6.491327719798598,-1.3546477197985975,RandomForest-descriptors
4436,5.31158,6.414911374462268,-1.103331374462268,RandomForest-descriptors
1807,8.3279,7.089761232238263,1.238138767761737,RandomForest-descriptors
1976,8.17393,7.32858103519334,0.8453489648066608,RandomForest-descriptors
978,6.17783,6.534356091992516,-0.3565260919925155,RandomForest-descriptors
419,5.42022,5.898834056525768,-0.4786140565257684,RandomForest-descriptors
1339,5.17393,6.313405529480321,-1.139475529480321,RandomForest-descriptors
3561,5.29243,6.681012467553561,-1.3885824675535607,RandomForest-descriptors
1186,5.79588,6.387123365536988,-0.5912433655369878,RandomForest-descriptors
185,6.65758,6.293362467293128,0.3642175327068724,RandomForest-descriptors
1333,6.05061,6.523972616731713,-0.4733626167317135,RandomForest-descriptors
3361,5.16749,6.351390941054654,-1.1839009410546542,RandomForest-descriptors
3046,8.85387,8.034840165803402,0.8190298341965985,RandomForest-descriptors
159,5.0,6.4232986735262525,-1.4232986735262525,RandomForest-descriptors
3707,8.04576,6.690361807797477,1.3553981922025224,RandomForest-descriptors
3489,6.56067,6.878685655317746,-0.3180156553177458,RandomForest-descriptors
1451,7.09691,7.093992593736463,0.0029174062635375,RandomForest-descriptors
742,6.86967,6.899218092252724,-0.0295480922527238,RandomForest-descriptors
1202,8.55284,6.623891397756172,1.9289486022438276,RandomForest-descriptors
1337,5.5376,6.766114216534276,-1.2285142165342755,RandomForest-descriptors
4250,8.4828,6.838280982163007,1.6445190178369922,RandomForest-descriptors
2313,9.0655,7.421014488687808,1.644485511312192,RandomForest-descriptors
1601,6.18709,6.257572237919997,-0.0704822379199967,RandomForest-descriptors
4247,7.25964,6.383440019916683,0.8761999800833173,RandomForest-descriptors
188,9.08619,6.834285589019394,2.2519044109806066,RandomForest-descriptors
412,7.030094999999999,6.357238187150923,0.6728568128490764,RandomForest-descriptors
3128,6.4,7.56957761823053,-1.1695776182305293,RandomForest-descriptors
140,6.4437,6.500961648394929,-0.0572616483949293,RandomForest-descriptors
1984,5.17393,6.127843999481298,-0.9539139994812976,RandomForest-descriptors
1567,5.73283,6.164216823795643,-0.4313868237956431,RandomForest-descriptors
1848,5.08619,5.976727040417728,-0.890537040417728,RandomForest-descriptors
1939,5.819455,6.053074641340992,-0.2336196413409927,RandomForest-descriptors
1875,5.30103,6.652932751715467,-1.3519027517154667,RandomForest-descriptors
3721,8.76955,6.6625834413472935,2.106966558652707,RandomForest-descriptors
1947,6.697985,6.320910614920152,0.3770743850798483,RandomForest-descriptors
4359,5.12321,6.547936127550223,-1.4247261275502223,RandomForest-descriptors
3070,6.14509,6.842065190148933,-0.6969751901489332,RandomForest-descriptors
4171,5.70333,6.200027267671876,-0.4966972676718759,RandomForest-descriptors
1182,7.88606,6.843941073977391,1.0421189260226091,RandomForest-descriptors
2168,5.00087,6.198550906381212,-1.197680906381212,RandomForest-descriptors
191,8.52288,6.801191611750428,1.7216883882495724,RandomForest-descriptors
2151,6.16115,7.2514669438665775,-1.0903169438665774,RandomForest-descriptors
2821,7.52288,6.02703307990976,1.4958469200902398,RandomForest-descriptors
3913,6.99482,6.393805898239856,0.6010141017601436,RandomForest-descriptors
1442,7.30103,7.219325560089396,0.0817044399106041,RandomForest-descriptors
615,6.44,6.28583879461906,0.1541612053809409,RandomForest-descriptors
3344,5.24872,6.325133520936332,-1.0764135209363328,RandomForest-descriptors
3724,8.59007,7.441417020430946,1.1486529795690543,RandomForest-descriptors
649,8.34679,6.827808846259338,1.518981153740662,RandomForest-descriptors
278,6.69001,6.801881713917457,-0.1118717139174574,RandomForest-descriptors
282,7.11003,7.241517203416817,-0.1314872034168166,RandomForest-descriptors
955,6.26761,6.174687179970425,0.0929228200295755,RandomForest-descriptors
2727,6.0,6.060057796271222,-0.0600577962712218,RandomForest-descriptors
1934,7.13966,8.652954578230869,-1.5132945782308689,RandomForest-descriptors
503,5.88606,6.445734242572417,-0.5596742425724175,RandomForest-descriptors
3951,7.0,6.276940382071484,0.7230596179285165,RandomForest-descriptors
4003,7.5376,6.279915847934633,1.2576841520653677,RandomForest-descriptors
3708,5.85574,6.775556539199434,-0.9198165391994344,RandomForest-descriptors
1784,6.319135,6.3924055459835385,-0.0732705459835383,RandomForest-descriptors
1523,6.50864,6.853542328644536,-0.3449023286445358,RandomForest-descriptors
4123,7.95468,6.839512120507568,1.1151678794924311,RandomForest-descriptors
1982,5.07058,6.169147441932356,-1.0985674419323566,RandomForest-descriptors
3818,5.41794,6.17068733722984,-0.7527473372298399,RandomForest-descriptors
1817,6.09691,6.410897083295991,-0.3139870832959905,RandomForest-descriptors
3924,7.23657,6.505201800068182,0.7313681999318185,RandomForest-descriptors
2474,6.15366,6.549538725789715,-0.3958787257897143,RandomForest-descriptors
2013,6.48812,6.981163003762853,-0.4930430037628523,RandomForest-descriptors
1408,5.4318,6.440891965634533,-1.009091965634533,RandomForest-descriptors
3476,8.35556,7.896717800563895,0.4588421994361056,RandomForest-descriptors
1548,5.8716,6.134853044375114,-0.263253044375114,RandomForest-descriptors
1276,7.6073,6.666454321897063,0.9408456781029376,RandomForest-descriptors
4511,8.20066,6.861867068686898,1.338792931313101,RandomForest-descriptors
669,5.46725,6.679910837787738,-1.2126608377877384,RandomForest-descriptors
2469,6.59346,6.109080470119758,0.4843795298802424,RandomForest-descriptors
1471,6.25964,6.625803487507896,-0.3661634875078956,RandomForest-descriptors
3991,9.30103,6.152030126640615,3.1489998733593856,RandomForest-descriptors
1964,7.84771,7.3714881341529725,0.4762218658470276,RandomForest-descriptors
2048,7.66555,7.07606613939577,0.5894838606042292,RandomForest-descriptors
2088,5.98716,6.556598252822158,-0.5694382528221578,RandomForest-descriptors
112,7.49485,6.9373803292218925,0.557469670778107,RandomForest-descriptors
3576,5.63676,5.911438397439915,-0.2746783974399154,RandomForest-descriptors
2479,5.22257,5.517758200997153,-0.2951882009971527,RandomForest-descriptors
2542,5.0,5.869544072839117,-0.8695440728391173,RandomForest-descriptors
2592,5.20691,5.74839840491204,-0.5414884049120401,RandomForest-descriptors
1405,6.1549,6.6544868150136,-0.4995868150136004,RandomForest-descriptors
2834,5.86646,6.0514671723180005,-0.1850071723180004,RandomForest-descriptors
3999,5.72125,6.3474755155167495,-0.6262255155167491,RandomForest-descriptors
1461,5.00877,6.233251532504638,-1.2244815325046376,RandomForest-descriptors
3069,7.02687,7.201083783287167,-0.1742137832871675,RandomForest-descriptors
2709,6.52288,6.155420614628043,0.3674593853719567,RandomForest-descriptors
845,5.89,6.866285044529967,-0.9762850445299672,RandomForest-descriptors
1946,6.664775,6.492536916473736,0.1722380835262633,RandomForest-descriptors
1715,7.92082,6.3891422351796185,1.5316777648203814,RandomForest-descriptors
3917,6.60206,6.381235973701843,0.2208240262981569,RandomForest-descriptors
2144,6.30715,6.067139219740675,0.2400107802593254,RandomForest-descriptors
2319,6.65365,6.626616669638617,0.027033330361383,RandomForest-descriptors
889,6.48545,5.844824470580378,0.6406255294196219,RandomForest-descriptors
822,6.84164,6.913374887462234,-0.0717348874622336,RandomForest-descriptors
2606,5.17457,6.322761948739447,-1.1481919487394467,RandomForest-descriptors
1005,6.79588,6.835255414525157,-0.039375414525157,RandomForest-descriptors
3723,8.61979,7.67260555943268,0.9471844405673204,RandomForest-descriptors
3029,5.86012,5.91283151142481,-0.0527115114248095,RandomForest-descriptors
654,7.26761,6.677688278345299,0.5899217216547017,RandomForest-descriptors
1709,5.85,5.665182842914845,0.1848171570851544,RandomForest-descriptors
3960,6.72125,6.406279789207432,0.3149702107925689,RandomForest-descriptors
23,5.34679,6.454425723474209,-1.107635723474209,RandomForest-descriptors
37,7.39794,6.952449075270644,0.4454909247293566,RandomForest-descriptors
4093,5.93554,6.0273704631559495,-0.0918304631559498,RandomForest-descriptors
1338,5.38722,5.763572535408631,-0.376352535408631,RandomForest-descriptors
4151,5.05502,6.36375301364002,-1.30873301364002,RandomForest-descriptors
4005,6.52288,6.421310400373698,0.1015695996263019,RandomForest-descriptors
561,6.3279,6.060645606133001,0.2672543938669989,RandomForest-descriptors
517,5.4023,6.189913520060353,-0.7876135200603525,RandomForest-descriptors
2702,5.11805,5.744369481437343,-0.626319481437343,RandomForest-descriptors
1168,5.52288,6.758236380656508,-1.2353563806565084,RandomForest-descriptors
1414,7.59998,6.914022223406155,0.6859577765938454,RandomForest-descriptors
882,9.0,5.979268376458846,3.0207316235411543,RandomForest-descriptors
1475,7.61979,6.2839267321841445,1.3358632678158555,RandomForest-descriptors
50,6.42022,6.519897685384327,-0.0996776853843268,RandomForest-descriptors
1562,6.56067,6.316904396511864,0.2437656034881357,RandomForest-descriptors
2773,6.11976,6.139892725212045,-0.0201327252120444,RandomForest-descriptors
4162,5.55596,6.140611665433285,-0.5846516654332854,RandomForest-descriptors
2655,5.41794,6.425754325364999,-1.0078143253649996,RandomForest-descriptors
3474,8.53165,8.001814457951474,0.5298355420485272,RandomForest-descriptors
2589,6.14874,5.716314823785156,0.4324251762148439,RandomForest-descriptors
4570,8.58336,7.844722850553453,0.7386371494465473,RandomForest-descriptors
4149,5.75696,6.153667766117231,-0.3967077661172302,RandomForest-descriptors
2950,8.70006,6.848508192073278,1.8515518079267224,RandomForest-descriptors
1107,6.06905,6.795796919155749,-0.7267469191557492,RandomForest-descriptors
1130,8.09691,6.849269621497554,1.247640378502445,RandomForest-descriptors
1459,5.25964,5.692145328660764,-0.4325053286607634,RandomForest-descriptors
3725,8.6216,8.12755049403908,0.4940495059609215,RandomForest-descriptors
2468,8.15989,6.79729804319466,1.3625919568053408,RandomForest-descriptors
838,7.37161,7.102251416601323,0.2693585833986773,RandomForest-descriptors
568,6.74473,6.564423718444324,0.1803062815556755,RandomForest-descriptors
502,7.60206,6.95210524876264,0.6499547512373596,RandomForest-descriptors
3952,7.82391,7.12679113087529,0.6971188691247097,RandomForest-descriptors
873,8.73755,8.54840294998852,0.1891470500114813,RandomForest-descriptors
3309,5.65189,6.268177973810842,-0.6162879738108424,RandomForest-descriptors
3480,7.30103,6.1925376399761465,1.1084923600238534,RandomForest-descriptors
3481,7.92082,6.1925376399761465,1.7282823600238535,RandomForest-descriptors
560,6.21467,6.0778141917478,0.1368558082522,RandomForest-descriptors
55,5.14,6.568350176984337,-1.4283501769843374,RandomForest-descriptors
1877,5.04096,5.851670579953627,-0.8107105799536267,RandomForest-descriptors
2465,7.05502,6.843452304462371,0.2115676955376288,RandomForest-descriptors
1933,6.7167,8.604409501846035,-1.887709501846035,RandomForest-descriptors
1494,6.20901,6.323765449019671,-0.1147554490196709,RandomForest-descriptors
1874,5.65758,7.000697681242661,-1.3431176812426608,RandomForest-descriptors
4101,5.44977,6.146930117056454,-0.6971601170564536,RandomForest-descriptors
1561,6.72125,6.26951601721273,0.4517339827872701,RandomForest-descriptors
1983,6.04576,6.127793572855024,-0.0820335728550238,RandomForest-descriptors
3077,7.85387,7.2009183518715405,0.6529516481284592,RandomForest-descriptors
3420,9.03152,6.499975792809584,2.531544207190416,RandomForest-descriptors
4562,6.94692,6.324366117795711,0.6225538822042891,RandomForest-descriptors
749,7.76955,6.967765645086367,0.8017843549136323,RandomForest-descriptors
839,6.91009,7.157591879727078,-0.2475018797270776,RandomForest-descriptors
3816,6.46852,6.467917084833011,0.000602915166989,RandomForest-descriptors
333,7.55284,6.7708067099898095,0.7820332900101903,RandomForest-descriptors
4057,5.52288,5.727659482807143,-0.2047794828071429,RandomForest-descriptors
2991,5.33724,6.3993887569841,-1.062148756984099,RandomForest-descriptors
4561,6.17522,7.043135362247804,-0.8679153622478033,RandomForest-descriptors
2304,5.16115,6.017852225780702,-0.856702225780702,RandomForest-descriptors
2493,7.52288,6.269944381627635,1.2529356183723648,RandomForest-descriptors
1266,7.42022,8.089103147111842,-0.6688831471118428,RandomForest-descriptors
352,6.92082,6.758945279447896,0.1618747205521042,RandomForest-descriptors
1745,5.78781,6.429171476141437,-0.6413614761414363,RandomForest-descriptors
3471,8.36151,7.679422651811773,0.6820873481882277,RandomForest-descriptors
994,7.12494,6.169012191045077,0.9559278089549226,RandomForest-descriptors
507,6.85699,6.732402377711036,0.1245876222889634,RandomForest-descriptors
957,8.59007,8.188317278243478,0.4017527217565231,RandomForest-descriptors
1798,6.98716,6.176579939810512,0.8105800601894888,RandomForest-descriptors
1525,6.34199,7.388164467651004,-1.046174467651004,RandomForest-descriptors
952,7.14874,6.075025318085101,1.0737146819148995,RandomForest-descriptors
1460,5.05552,6.100351358251721,-1.044831358251721,RandomForest-descriptors
39,7.02228,6.402304179198755,0.6199758208012449,RandomForest-descriptors
3359,6.08092,5.816779184203398,0.2641408157966021,RandomForest-descriptors
3712,8.40894,6.40207255248544,2.00686744751456,RandomForest-descriptors
1799,6.63639,6.1050432039934455,0.5313467960065541,RandomForest-descriptors
3124,8.10002,7.788418140318549,0.3116018596814518,RandomForest-descriptors
4188,5.71287,6.645173868835644,-0.9323038688356444,RandomForest-descriptors
1876,5.04576,6.380260783672523,-1.3345007836725236,RandomForest-descriptors
1335,5.60206,6.476581759750708,-0.8745217597507082,RandomForest-descriptors
3502,8.20551,7.870989338126134,0.3345206618738663,RandomForest-descriptors
652,7.04576,6.707542025673437,0.3382179743265627,RandomForest-descriptors
2314,8.59176,7.879405005620572,0.712354994379429,RandomForest-descriptors
1960,8.63827,6.658082240753281,1.98018775924672,RandomForest-descriptors
3897,6.28316,6.785495831041501,-0.5023358310415009,RandomForest-descriptors
4092,6.26922,6.31212418791576,-0.0429041879157603,RandomForest-descriptors
3562,5.49485,6.464753950536769,-0.9699039505367696,RandomForest-descriptors
1187,7.63827,6.845311307888288,0.7929586921117124,RandomForest-descriptors
1396,8.30103,6.852455577066293,1.4485744229337074,RandomForest-descriptors
384,5.0,6.2758207898694325,-1.2758207898694325,RandomForest-descriptors
1524,6.58838,6.853542328644536,-0.2651623286445357,RandomForest-descriptors
3997,5.52288,5.989966862892364,-0.4670868628923639,RandomForest-descriptors
1417,8.01002,6.6823964944002325,1.3276235055997685,RandomForest-descriptors
2205,6.292,5.77073717567181,0.5212628243281898,RandomForest-descriptors
2454,6.40894,6.81663106368597,-0.4076910636859701,RandomForest-descriptors
2957,9.36653,6.713387949240908,2.653142050759091,RandomForest-descriptors
1332,6.20761,6.094257925172306,0.1133520748276941,RandomForest-descriptors
780,8.47945,7.019303614573706,1.4601463854262935,RandomForest-descriptors
1620,7.28651,6.7066980632545965,0.5798119367454033,RandomForest-descriptors
3842,6.84771,6.52188021499214,0.3258297850078602,RandomForest-descriptors
2492,5.29243,6.424116829005655,-1.1316868290056543,RandomForest-descriptors
3862,6.30103,7.1965680214739685,-0.8955380214739685,RandomForest-descriptors
3493,7.95861,7.853035001583431,0.1055749984165688,RandomForest-descriptors
1849,5.17393,5.84504742572206,-0.67111742572206,RandomForest-descriptors
4435,5.51713,6.206858603212414,-0.6897286032124139,RandomForest-descriptors
250,7.5817,7.075677677326377,0.5060223226736227,RandomForest-descriptors
4538,5.23582,6.394999605663657,-1.159179605663657,RandomForest-descriptors
3926,9.284,6.607883769581759,2.676116230418242,RandomForest-descriptors
83,6.79588,6.59288296918945,0.2029970308105504,RandomForest-descriptors
1744,5.75449,6.228036159203324,-0.4735461592033241,RandomForest-descriptors
314,8.4437,8.090673469478894,0.353026530521106,RandomForest-descriptors
2090,6.56864,6.024480022008818,0.5441599779911819,RandomForest-descriptors
2147,5.98422,6.164832192419088,-0.1806121924190886,RandomForest-descriptors
1270,5.45593,6.073168451396204,-0.6172384513962035,RandomForest-descriptors
3555,5.13668,6.510153611335162,-1.3734736113351618,RandomForest-descriptors
3954,7.33724,6.641686409465136,0.6955535905348649,RandomForest-descriptors
577,6.5376,6.509879597508107,0.0277204024918935,RandomForest-descriptors
3486,5.67366,5.799116879116543,-0.1254568791165429,RandomForest-descriptors
2142,6.18111,6.173489998667584,0.0076200013324161,RandomForest-descriptors
290,5.74,6.733191739252518,-0.9931917392525174,RandomForest-descriptors
4291,7.02687,6.09805726456762,0.9288127354323796,RandomForest-descriptors
3080,5.79588,7.513341883859976,-1.7174618838599756,RandomForest-descriptors
732,7.67778,6.638027092271107,1.039752907728893,RandomForest-descriptors
2049,8.16115,6.981786461920519,1.17936353807948,RandomForest-descriptors
1808,7.76955,7.084194211695791,0.685355788304209,RandomForest-descriptors
4323,5.32883,5.88815983848256,-0.5593298384825598,RandomForest-descriptors
1546,5.33287,6.340473388616088,-1.0076033886160882,RandomForest-descriptors
3103,8.72125,6.828033948777778,1.8932160512222216,RandomForest-descriptors
2363,7.17393,6.307359194593301,0.866570805406699,RandomForest-descriptors
2217,6.44733,6.994933477169046,-0.5476034771690461,RandomForest-descriptors
729,5.87234,6.267730714350589,-0.3953907143505883,RandomForest-descriptors
173,6.740745,6.473159866699644,0.267585133300356,RandomForest-descriptors
4154,5.48149,6.600591422585179,-1.119101422585179,RandomForest-descriptors
1321,6.74473,7.147730834088323,-0.4030008340883233,RandomForest-descriptors
3896,5.19511,6.940015679898841,-1.7449056798988414,RandomForest-descriptors
42,6.55284,6.244278525283986,0.3085614747160141,RandomForest-descriptors
3791,7.16749,6.084286666675828,1.083203333324172,RandomForest-descriptors
3820,5.76955,6.200057834183882,-0.4305078341838824,RandomForest-descriptors
1281,6.9393,7.862115956511643,-0.9228159565116432,RandomForest-descriptors
1563,9.62709,6.316904396511864,3.3101856034881365,RandomForest-descriptors
3151,9.09691,7.470723812688537,1.626186187311462,RandomForest-descriptors
2065,5.07572,6.95730810243948,-1.8815881024394807,RandomForest-descriptors
3683,5.06048,5.84509616640951,-0.7846161664095099,RandomForest-descriptors
369,5.58503,6.19674812011087,-0.6117181201108703,RandomForest-descriptors
3345,6.09151,6.263695638991163,-0.1721856389911629,RandomForest-descriptors
1292,8.31876,7.642305675324847,0.6764543246751522,RandomForest-descriptors
1550,6.39794,6.186678535041903,0.2112614649580972,RandomForest-descriptors
3115,5.82391,5.9008521492812624,-0.0769421492812627,RandomForest-descriptors
2666,7.22185,6.849311686225302,0.3725383137746982,RandomForest-descriptors
2994,5.47991,6.090427087326512,-0.610517087326512,RandomForest-descriptors
950,6.80134,6.5620753446018725,0.2392646553981272,RandomForest-descriptors
2450,5.07988,5.785655205762679,-0.7057752057626789,RandomForest-descriptors
1783,6.77258,6.623224252039671,0.1493557479603282,RandomForest-descriptors
4481,8.33255,6.63445033407085,1.6980996659291492,RandomForest-descriptors
2767,5.05306,6.745079691237805,-1.692019691237805,RandomForest-descriptors
3125,7.70006,7.635582782069706,0.0644772179302934,RandomForest-descriptors
1062,6.56864,6.625583792728413,-0.0569437927284131,RandomForest-descriptors
4190,5.2204,5.864326249178188,-0.6439262491781879,RandomForest-descriptors
1007,6.45593,6.308369704025507,0.1475602959744932,RandomForest-descriptors
1944,6.271825,6.358459499796602,-0.0866344997966024,RandomForest-descriptors
1462,5.06048,6.188010886107569,-1.1275308861075688,RandomForest-descriptors
1445,5.1549,6.227579998314907,-1.0726799983149071,RandomForest-descriptors
4274,6.68867,6.579443914477713,0.1092260855222875,RandomForest-descriptors
4527,5.03953,6.5691087211694255,-1.5295787211694254,RandomForest-descriptors
4133,5.44563,6.187095620784017,-0.7414656207840169,RandomForest-descriptors
2046,7.48812,7.07606613939577,0.4120538606042299,RandomForest-descriptors
1557,5.02687,6.138416285600959,-1.1115462856009597,RandomForest-descriptors
199,5.92082,6.706615337428578,-0.7857953374285778,RandomForest-descriptors
1397,8.1549,7.165358195476073,0.9895418045239266,RandomForest-descriptors
3905,5.47886,5.927894020286352,-0.4490340202863523,RandomForest-descriptors
1235,6.63827,6.573894012481759,0.0643759875182414,RandomForest-descriptors
668,5.16368,6.679910837787738,-1.516230837787738,RandomForest-descriptors
1400,7.61979,6.65666213843084,0.96312786156916,RandomForest-descriptors
3310,6.13077,6.644093832871116,-0.5133238328711158,RandomForest-descriptors
2681,5.3851,6.231844445428791,-0.84674444542879,RandomForest-descriptors
363,6.49485,6.4340775189312485,0.0607724810687511,RandomForest-descriptors
501,6.56864,6.22413450538744,0.3445054946125605,RandomForest-descriptors
4510,5.38091,6.311389581456278,-0.9304795814562778,RandomForest-descriptors
4161,6.49485,6.714869771993893,-0.2200197719938934,RandomForest-descriptors
148,5.20329,6.163600023600248,-0.9603100236002478,RandomForest-descriptors
1937,6.79588,7.074260782189174,-0.2783807821891733,RandomForest-descriptors
2082,6.65365,6.753366424062419,-0.0997164240624188,RandomForest-descriptors
3470,8.26122,6.913586876031673,1.3476331239683264,RandomForest-descriptors
1551,6.59176,6.094606249231157,0.4971537507688426,RandomForest-descriptors
1564,7.5544,6.408163308915245,1.1462366910847548,RandomForest-descriptors
1118,5.50307,6.901909980875826,-1.3988399808758256,RandomForest-descriptors
91,6.95861,7.124844477360056,-0.1662344773600557,RandomForest-descriptors
1272,5.67778,6.88752468729962,-1.2097446872996196,RandomForest-descriptors
4428,5.18376,6.709365514382577,-1.5256055143825762,RandomForest-descriptors
3826,5.8962,6.20051881239936,-0.3043188123993596,RandomForest-descriptors
1528,5.0,6.447369108098359,-1.4473691080983588,RandomForest-descriptors
969,8.01592,7.617951051672138,0.3979689483278612,RandomForest-descriptors
1816,6.85387,6.574860474662527,0.2790095253374725,RandomForest-descriptors
75,6.12494,6.75937940663587,-0.6344394066358703,RandomForest-descriptors
2784,6.04769,6.543658268187785,-0.4959682681877844,RandomForest-descriptors
1517,7.46852,7.004540267983805,0.4639797320161944,RandomForest-descriptors
1802,6.91507,6.5025357636664864,0.4125342363335136,RandomForest-descriptors
4547,5.78357,5.696284795077354,0.0872852049226464,RandomForest-descriptors
1449,5.39794,6.292510807555722,-0.8945708075557217,RandomForest-descriptors
3216,5.00261,6.0519913312137845,-1.0493813312137847,RandomForest-descriptors
3726,9.38722,7.424604280849804,1.962615719150195,RandomForest-descriptors
446,5.43652,5.94516690736389,-0.5086469073638904,RandomForest-descriptors
1897,7.75945,7.843959534491787,-0.0845095344917865,RandomForest-descriptors
586,5.11,5.692518506754832,-0.5825185067548313,RandomForest-descriptors
2317,6.58503,6.380170150240814,0.2048598497591855,RandomForest-descriptors
2143,6.05849,6.196555422728773,-0.1380654227287729,RandomForest-descriptors
2954,9.02228,8.114145983599895,0.9081340164001048,RandomForest-descriptors
3973,6.12494,6.42391898130128,-0.2989789813012802,RandomForest-descriptors
613,7.22185,6.449132936443694,0.7727170635563061,RandomForest-descriptors
2265,5.60206,6.245011120815869,-0.6429511208158694,RandomForest-descriptors
1510,7.85387,7.150360526519404,0.7035094734805956,RandomForest-descriptors
1537,6.1549,5.954088871938354,0.2008111280616455,RandomForest-descriptors
4325,6.07988,6.350624761966452,-0.2707447619664522,RandomForest-descriptors
4445,8.04001,7.066599398078107,0.9734106019218932,RandomForest-descriptors
160,5.52288,6.054079840478507,-0.5311998404785072,RandomForest-descriptors
1716,7.92082,6.45286773832258,1.4679522616774197,RandomForest-descriptors
592,5.52288,6.339742908629072,-0.816862908629072,RandomForest-descriptors
4433,6.09583,5.913341483319426,0.1824885166805741,RandomForest-descriptors
3074,6.25259,6.632804746633294,-0.3802147466332943,RandomForest-descriptors
4477,5.3279,5.892646743932102,-0.5647467439321021,RandomForest-descriptors
1011,6.5,6.998276657611654,-0.4982766576116537,RandomForest-descriptors
3722,8.73993,7.830077529549577,0.9098524704504224,RandomForest-descriptors
648,8.22185,7.408651297434484,0.8131987025655159,RandomForest-descriptors
3349,5.88941,7.524785956216,-1.6353759562160004,RandomForest-descriptors
358,7.00436,6.764651097515495,0.2397089024845051,RandomForest-descriptors
1847,5.20066,5.84097301707675,-0.6403130170767497,RandomForest-descriptors
33,6.1549,6.359008931852461,-0.2041089318524616,RandomForest-descriptors
4409,5.42829,6.335245602930835,-0.906955602930835,RandomForest-descriptors
650,6.46852,6.450443548444472,0.0180764515555278,RandomForest-descriptors
1280,6.35655,6.645154856703887,-0.2886048567038868,RandomForest-descriptors
4386,5.94692,6.78410423878051,-0.8371842387805097,RandomForest-descriptors
2754,7.32003,6.446878860558558,0.8731511394414424,RandomForest-descriptors
4132,6.27646,6.040842884828556,0.2356171151714443,RandomForest-descriptors
3079,5.30103,6.245359610241193,-0.9443296102411932,RandomForest-descriptors
2425,6.03152,6.195102805368136,-0.1635828053681356,RandomForest-descriptors
94,7.55284,6.879900585008156,0.672939414991844,RandomForest-descriptors
2853,8.5784,7.775229428739656,0.8031705712603445,RandomForest-descriptors
2884,8.38828,6.995142818757483,1.3931371812425173,RandomForest-descriptors
2540,8.20761,7.6863487851046814,0.5212612148953193,RandomForest-descriptors
1864,6.06048,5.783936343062363,0.2765436569376369,RandomForest-descriptors
2538,7.73993,7.316157681781114,0.4237723182188864,RandomForest-descriptors
2473,5.92996,6.10266613011508,-0.1727061301150794,RandomForest-descriptors
2588,5.31876,5.764697191641875,-0.4459371916418746,RandomForest-descriptors
2080,7.24413,6.810502520919789,0.4336274790802115,RandomForest-descriptors
574,6.67778,6.064353551745287,0.6134264482547138,RandomForest-descriptors
1008,7.30103,6.4568227167684,0.8442072832315999,RandomForest-descriptors
2362,5.86328,5.833885900756262,0.0293940992437375,RandomForest-descriptors
1041,6.74473,6.698537572799633,0.046192427200367,RandomForest-descriptors
4528,6.4318,6.653980027151652,-0.2221800271516523,RandomForest-descriptors
929,7.7986,6.867885203550346,0.9307147964496548,RandomForest-descriptors
1498,7.36653,6.995459361623425,0.3710706383765751,RandomForest-descriptors
4292,6.98716,6.127843761174726,0.859316238825274,RandomForest-descriptors
3503,9.35655,7.646980631303119,1.7095693686968811,RandomForest-descriptors
3504,9.92082,7.577115525547099,2.3437044744529016,RandomForest-descriptors
4343,5.71444,6.153351358121225,-0.4389113581212251,RandomForest-descriptors
1114,6.90309,7.050934205745027,-0.1478442057450273,RandomForest-descriptors
2855,8.64782,7.890450475517006,0.7573695244829937,RandomForest-descriptors
935,7.59007,6.876225432973531,0.7138445670264693,RandomForest-descriptors
4356,5.52143,6.2957705793561365,-0.7743405793561369,RandomForest-descriptors
2287,8.3363,7.792384014320332,0.5439159856796678,RandomForest-descriptors
1106,6.94692,7.119993465265214,-0.1730734652652135,RandomForest-descriptors
67,7.115494999999999,6.512158728700603,0.6033362712993959,RandomForest-descriptors
3346,5.17328,6.211652917758727,-1.0383729177587266,RandomForest-descriptors
2731,5.63827,5.912782566910893,-0.274512566910893,RandomForest-descriptors
1320,7.74473,8.010322044717412,-0.2655920447174127,RandomForest-descriptors
4088,5.11862,6.036209977889518,-0.9175899778895182,RandomForest-descriptors
1652,5.11407,6.274751927538409,-1.160681927538409,RandomForest-descriptors
820,6.90309,6.9029226567612,0.0001673432387994,RandomForest-descriptors
3953,6.29243,6.663107217308221,-0.3706772173082209,RandomForest-descriptors
1336,5.58503,6.030700766481413,-0.4456707664814132,RandomForest-descriptors
515,5.74958,6.351704129130226,-0.6021241291302264,RandomForest-descriptors
2677,6.22185,6.267594102853017,-0.0457441028530167,RandomForest-descriptors
1516,7.78252,7.0554978083218405,0.7270221916781594,RandomForest-descriptors
1352,8.1549,6.304262519310321,1.850637480689679,RandomForest-descriptors
77,6.40894,6.829751512559966,-0.4208115125599656,RandomForest-descriptors
1329,9.1549,8.319538764514983,0.8353612354850171,RandomForest-descriptors
1472,6.14267,6.282439216002992,-0.1397692160029917,RandomForest-descriptors
1968,7.46852,6.127155019790287,1.341364980209713,RandomForest-descriptors
971,7.30103,7.6149337588794515,-0.3139037588794515,RandomForest-descriptors
856,5.41657,6.227721912725881,-0.8111519127258813,RandomForest-descriptors
2809,6.67778,6.462243865873404,0.2155361341265962,RandomForest-descriptors
351,7.85387,6.646494910572396,1.207375089427604,RandomForest-descriptors
3874,5.71086,6.020845537827242,-0.3099855378272416,RandomForest-descriptors
1263,6.58336,7.632497852323994,-1.0491378523239945,RandomForest-descriptors
253,7.66154,6.953222540818724,0.7083174591812753,RandomForest-descriptors
3969,6.26761,6.238162840898279,0.0294471591017213,RandomForest-descriptors
3904,7.38722,5.971140262201519,1.4160797377984808,RandomForest-descriptors
1128,7.00436,6.739070646933316,0.2652893530666844,RandomForest-descriptors
1042,6.05061,6.278246669572392,-0.2276366695723917,RandomForest-descriptors
3903,5.40671,5.999125116647387,-0.5924151166473868,RandomForest-descriptors
3127,7.0,7.087882909664601,-0.087882909664601,RandomForest-descriptors
4153,8.09691,7.279667068093695,0.8172429319063044,RandomForest-descriptors
4186,5.26841,6.427349548414875,-1.1589395484148746,RandomForest-descriptors
966,7.85387,7.655938853819519,0.1979311461804807,RandomForest-descriptors
2934,5.21396,6.469672107431762,-1.255712107431762,RandomForest-descriptors
944,5.62525,5.904954405594963,-0.2797044055949627,RandomForest-descriptors
1823,5.36552,6.031872829990287,-0.666352829990287,RandomForest-descriptors
4252,6.41417,6.4729478420470645,-0.0587778420470641,RandomForest-descriptors
2961,5.32606,6.085706728571876,-0.7596467285718758,RandomForest-descriptors
3560,5.88606,6.903688745599507,-1.0176287455995077,RandomForest-descriptors
580,7.55284,6.713055670348676,0.8397843296513239,RandomForest-descriptors
4185,6.52288,6.213354282167526,0.3095257178324742,RandomForest-descriptors
3936,9.67985,7.285878028654185,2.393971971345815,RandomForest-descriptors
370,7.20761,7.648984577231775,-0.441374577231775,RandomForest-descriptors
819,6.87615,6.9029226567612,-0.0267726567612003,RandomForest-descriptors
1962,8.68613,7.74405940417023,0.9420705958297706,RandomForest-descriptors
585,6.30103,6.102313910663596,0.1987160893364041,RandomForest-descriptors
1879,5.63451,6.092333254168237,-0.457823254168237,RandomForest-descriptors
27,6.08092,6.260414388625789,-0.1794943886257893,RandomForest-descriptors
4507,6.26761,5.932830575785964,0.3347794242140365,RandomForest-descriptors
1331,6.22915,5.957647405539512,0.2715025944604878,RandomForest-descriptors
4208,5.635015,6.478114346863032,-0.8430993468630321,RandomForest-descriptors
3947,5.28432,5.659720012740097,-0.3754000127400969,RandomForest-descriptors
796,5.50864,5.912287332623222,-0.4036473326232226,RandomForest-descriptors
1456,5.22185,6.073807511854026,-0.8519575118540264,RandomForest-descriptors
1457,5.69897,6.073807511854026,-0.3748375118540261,RandomForest-descriptors
2424,5.23136,6.912761017839734,-1.6814010178397345,RandomForest-descriptors
4539,5.09259,6.013466305948381,-0.9208763059483802,RandomForest-descriptors
194,8.05061,6.7180260704087935,1.3325839295912072,RandomForest-descriptors
1614,7.0716,7.03435040870577,0.0372495912942296,RandomForest-descriptors
3809,6.05552,5.606010718582614,0.4495092814173853,RandomForest-descriptors
3511,5.14267,6.066167778185583,-0.9234977781855828,RandomForest-descriptors
4331,5.36292,6.3827498899036526,-1.0198298899036526,RandomForest-descriptors
3972,5.34199,6.285507425163997,-0.9435174251639972,RandomForest-descriptors
3877,6.56067,6.392349304169428,0.1683206958305723,RandomForest-descriptors
2992,5.3098,6.294001047990524,-0.984201047990524,RandomForest-descriptors
3311,6.29243,6.18564328675487,0.1067867132451301,RandomForest-descriptors
58,5.19,6.226210196165152,-1.0362101961651513,RandomForest-descriptors
4229,6.36051,6.179409763326635,0.1811002366733642,RandomForest-descriptors
3510,5.42713,6.090628594315175,-0.6634985943151746,RandomForest-descriptors
3572,5.31069,5.592310861205038,-0.2816208612050381,RandomForest-descriptors
2150,6.72125,6.893579639610951,-0.1723296396109503,RandomForest-descriptors
1353,8.09098,6.650884229135277,1.4400957708647226,RandomForest-descriptors
662,8.09098,6.678666166522377,1.412313833477623,RandomForest-descriptors
1399,7.79588,6.828283287280352,0.967596712719648,RandomForest-descriptors
1477,7.16749,6.789119271474523,0.3783707285254767,RandomForest-descriptors
2133,5.61618,6.18881003240223,-0.5726300324022304,RandomForest-descriptors
1261,7.08092,7.745161382902924,-0.6642413829029241,RandomForest-descriptors
3880,6.63827,6.136515062102132,0.5017549378978687,RandomForest-descriptors
1558,5.25181,6.416457923055295,-1.1646479230552949,RandomForest-descriptors
3727,9.20066,7.883935315687037,1.3167246843129623,RandomForest-descriptors
2591,5.57675,5.838511056911647,-0.2617610569116468,RandomForest-descriptors
3810,5.0,5.868940835029372,-0.8689408350293721,RandomForest-descriptors
1296,8.56864,8.674150453300314,-0.1055104533003135,RandomForest-descriptors
2956,7.27572,7.045216745379499,0.2305032546205003,RandomForest-descriptors
195,6.31876,7.318178766298745,-0.9994187662987448,RandomForest-descriptors
1446,5.09691,6.493330260165909,-1.3964202601659084,RandomForest-descriptors
4273,6.6332,6.43383106685143,0.1993689331485706,RandomForest-descriptors
3508,6.92082,6.516003710048056,0.4048162899519436,RandomForest-descriptors
1717,5.78781,5.962573156479004,-0.1747631564790035,RandomForest-descriptors
38,7.09691,6.405622993385064,0.6912870066149361,RandomForest-descriptors
3876,6.18177,6.530807581172823,-0.3490375811728228,RandomForest-descriptors
4512,9.0655,7.440305975909214,1.6251940240907858,RandomForest-descriptors
4332,5.195735,6.264512273825339,-1.0687772738253392,RandomForest-descriptors
1466,7.12494,6.588481043906883,0.5364589560931163,RandomForest-descriptors
3149,7.42022,7.282533448271495,0.1376865517285042,RandomForest-descriptors
453,5.89963,6.637498395101528,-0.7378683951015281,RandomForest-descriptors
1501,7.69897,7.759551777262495,-0.0605817772624952,RandomForest-descriptors
3466,6.80883,7.597443016303284,-0.7886130163032838,RandomForest-descriptors
719,6.21467,6.930146913390375,-0.7154769133903747,RandomForest-descriptors
718,5.61618,6.930146913390375,-1.3139669133903746,RandomForest-descriptors
603,6.08092,6.930146913390375,-0.8492269133903747,RandomForest-descriptors
4078,7.95861,6.025722398640567,1.9328876013594332,RandomForest-descriptors
1940,6.647905,6.1875154083364725,0.4603895916635272,RandomForest-descriptors
1324,7.33724,8.672811106571439,-1.3355711065714386,RandomForest-descriptors
4294,7.02687,6.431533177072563,0.595336822927437,RandomForest-descriptors
3455,6.40494,7.587618404357201,-1.1826784043572012,RandomForest-descriptors
4513,7.29158,7.486073313308426,-0.1944933133084259,RandomForest-descriptors
4157,7.046835,7.102167138676772,-0.0553321386767722,RandomForest-descriptors
1810,6.92082,7.01282691320857,-0.0920069132085696,RandomForest-descriptors
3768,7.70553,6.839816274745961,0.8657137252540394,RandomForest-descriptors
3209,6.39794,6.3993444204920085,-0.0014044204920082,RandomForest-descriptors
2137,6.5867,6.180134090609076,0.4065659093909248,RandomForest-descriptors
3575,5.38902,6.023523844317351,-0.6345038443173507,RandomForest-descriptors
1814,7.69897,7.057518476807807,0.6414515231921936,RandomForest-descriptors
2320,6.93181,6.636563707935429,0.2952462920645704,RandomForest-descriptors
4476,5.34679,5.885530900131747,-0.5387409001317467,RandomForest-descriptors
2806,6.0348,6.174156663309752,-0.1393566633097522,RandomForest-descriptors
1977,5.08619,6.159778623551944,-1.0735886235519434,RandomForest-descriptors
19,5.42022,6.400269876244591,-0.9800498762445916,RandomForest-descriptors
2604,7.43063,6.197128466757038,1.2335015332429622,RandomForest-descriptors
3478,8.97469,7.340653192197769,1.6340368078022314,RandomForest-descriptors
683,7.41567,7.875746557809085,-0.4600765578090842,RandomForest-descriptors
4002,5.46852,5.715135489092627,-0.2466154890926271,RandomForest-descriptors
2167,5.82391,6.096559767784535,-0.272649767784535,RandomForest-descriptors
3840,5.24336,6.492950423632563,-1.2495904236325632,RandomForest-descriptors
745,8.29414,7.21068870008602,1.083451299913981,RandomForest-descriptors
581,5.21,6.122045719879699,-0.912045719879699,RandomForest-descriptors
2015,6.81531,7.514812327128465,-0.6995023271284646,RandomForest-descriptors
769,5.97,7.0531091603899565,-1.0831091603899567,RandomForest-descriptors
1583,6.64397,6.853948335667338,-0.2099783356673379,RandomForest-descriptors
1584,7.14874,6.399526880477453,0.7492131195225467,RandomForest-descriptors
2952,5.4828,6.048638537489649,-0.5658385374896486,RandomForest-descriptors
3355,5.5784,6.037823082945491,-0.4594230829454906,RandomForest-descriptors
203,8.07572,6.820401458049002,1.255318541950999,RandomForest-descriptors
3535,6.49485,6.193315772700625,0.3015342272993742,RandomForest-descriptors
853,6.63676,6.9616893659233,-0.3249293659232997,RandomForest-descriptors
774,6.77001,7.350962594885633,-0.5809525948856331,RandomForest-descriptors
771,6.91999,7.437395715606263,-0.5174057156062624,RandomForest-descriptors
2782,5.03306,6.30978506226865,-1.2767250622686506,RandomForest-descriptors
1736,5.23582,5.562477365142485,-0.3266573651424842,RandomForest-descriptors
2170,5.77211,6.406216322526407,-0.6341063225264074,RandomForest-descriptors
1967,7.25964,5.865955676544931,1.393684323455069,RandomForest-descriptors
3137,6.34294,6.666508600407167,-0.3235686004071674,RandomForest-descriptors
3843,6.66555,6.544365028040881,0.1211849719591189,RandomForest-descriptors
43,5.82391,6.357116987677539,-0.5332069876775396,RandomForest-descriptors
3494,8.10292,7.583219612841082,0.5197003871589176,RandomForest-descriptors
4104,5.14388,5.812964627972532,-0.6690846279725315,RandomForest-descriptors
933,5.26201,6.600840495325726,-1.338830495325726,RandomForest-descriptors
934,5.38091,6.600840495325726,-1.219930495325726,RandomForest-descriptors
1468,6.20761,6.68512737516639,-0.4775173751663901,RandomForest-descriptors
651,6.72125,6.724470559711401,-0.0032205597114005,RandomForest-descriptors
2303,5.29243,5.603426681596964,-0.3109966815969631,RandomForest-descriptors
4080,6.97964,6.271853007990528,0.7077869920094724,RandomForest-descriptors
239,7.56225,6.925869385863856,0.6363806141361437,RandomForest-descriptors
685,7.48545,7.668511003653206,-0.1830610036532061,RandomForest-descriptors
4074,5.11862,6.66453139871916,-1.5459113987191602,RandomForest-descriptors
2741,6.05061,6.493518155532135,-0.4429081555321348,RandomForest-descriptors
2771,6.18842,6.409604246102351,-0.221184246102351,RandomForest-descriptors
1443,7.0,7.345630958793997,-0.3456309587939969,RandomForest-descriptors
712,5.25885,7.358344489885596,-2.099494489885596,RandomForest-descriptors
678,8.52288,7.908026917680481,0.6148530823195193,RandomForest-descriptors
775,7.19997,7.343509493443834,-0.1435394934438338,RandomForest-descriptors
1265,8.05552,7.968897378096344,0.0866226219036558,RandomForest-descriptors
3304,7.55284,6.141363597091538,1.4114764029084617,RandomForest-descriptors
923,9.17393,7.410886178105448,1.763043821894552,RandomForest-descriptors
3350,7.35952,7.574131316036228,-0.2146113160362279,RandomForest-descriptors
1637,5.825555,5.903942582030241,-0.0783875820302411,RandomForest-descriptors
3089,5.97881,5.875300428528382,0.1035095714716183,RandomForest-descriptors
3104,8.28819,7.013490721367425,1.2746992786325748,RandomForest-descriptors
310,9.24413,7.758039678726985,1.4860903212730152,RandomForest-descriptors
2301,5.52288,6.156032792705762,-0.6331527927057623,RandomForest-descriptors
1026,5.52288,6.156032792705762,-0.6331527927057623,RandomForest-descriptors
2079,7.16115,6.988040201403662,0.1731097985963376,RandomForest-descriptors
1605,6.85699,6.936938849186088,-0.0799488491860884,RandomForest-descriptors
3415,7.00745,7.121259803532979,-0.1138098035329786,RandomForest-descriptors
583,5.88606,6.557306682794684,-0.6712466827946848,RandomForest-descriptors
4474,5.06098,5.9393661829038535,-0.8783861829038537,RandomForest-descriptors
228,5.20066,6.361368563748864,-1.160708563748864,RandomForest-descriptors
1441,7.39794,7.134253748447252,0.2636862515527483,RandomForest-descriptors
2605,5.22185,6.194197741926554,-0.972347741926554,RandomForest-descriptors
1718,7.03152,6.02512958467719,1.0063904153228105,RandomForest-descriptors
832,7.76195,7.296749300711278,0.4652006992887214,RandomForest-descriptors
241,8.26761,6.612061181542501,1.655548818457499,RandomForest-descriptors
2086,6.91721,6.54307556179042,0.3741344382095803,RandomForest-descriptors
1509,7.1549,6.885431629550129,0.2694683704498706,RandomForest-descriptors
3450,6.77469,7.468708503740266,-0.6940185037402662,RandomForest-descriptors
1949,6.714205,6.198578813966825,0.5156261860331748,RandomForest-descriptors
679,8.38722,7.466458492457892,0.9207615075421068,RandomForest-descriptors
3827,6.86967,6.179408476155589,0.690261523844411,RandomForest-descriptors
833,8.10846,7.416549199067042,0.6919108009329573,RandomForest-descriptors
71,4.97879,5.903334407721244,-0.9245444077212436,RandomForest-descriptors
3044,8.60206,7.87485804544441,0.7272019545555901,RandomForest-descriptors
4333,5.17914,6.223026245038193,-1.043886245038193,RandomForest-descriptors
229,6.33724,6.496088610234379,-0.1588486102343784,RandomForest-descriptors
1164,6.96658,6.364347116072683,0.602232883927317,RandomForest-descriptors
1788,7.1549,6.495707270858217,0.6591927291417825,RandomForest-descriptors
874,6.01773,5.95921366169194,0.0585163383080606,RandomForest-descriptors
2453,7.04624,7.041542361130133,0.0046976388698674,RandomForest-descriptors
2224,8.1549,6.940467833780047,1.2144321662199529,RandomForest-descriptors
3185,7.4318,6.169603956468206,1.2621960435317936,RandomForest-descriptors
4443,7.55596,6.632280161059035,0.9236798389409646,RandomForest-descriptors
184,7.02687,6.780536213726707,0.2463337862732926,RandomForest-descriptors
1431,7.28001,6.64212441785918,0.6378855821408198,RandomForest-descriptors
3414,6.8146,7.1611606548157605,-0.34656065481576,RandomForest-descriptors
567,5.60206,6.358741944748002,-0.756681944748002,RandomForest-descriptors
3937,6.56225,6.359204617784917,0.203045382215083,RandomForest-descriptors
243,7.08302,6.505160282187049,0.5778597178129514,RandomForest-descriptors
1779,6.644945,6.513821642532562,0.1311233574674375,RandomForest-descriptors
2564,6.34679,6.333390523440948,0.0133994765590523,RandomForest-descriptors
3078,5.61979,6.486674262551536,-0.8668842625515358,RandomForest-descriptors
2813,5.70115,6.325683899931185,-0.6245338999311851,RandomForest-descriptors
3961,5.1549,6.578925644698194,-1.4240256446981947,RandomForest-descriptors
487,6.92082,6.874448083831276,0.0463719161687237,RandomForest-descriptors
4327,5.439715,6.275298360018408,-0.8355833600184086,RandomForest-descriptors
4202,5.47301,5.83440822100094,-0.3613982210009396,RandomForest-descriptors
3048,8.88606,7.998533102316029,0.887526897683971,RandomForest-descriptors
1262,6.75449,7.736252302148256,-0.9817623021482564,RandomForest-descriptors
494,7.52288,6.534840120890356,0.9880398791096444,RandomForest-descriptors
3347,5.59007,6.534840120890356,-0.9447701208903556,RandomForest-descriptors
4170,5.85699,6.188801661399922,-0.3318116613999224,RandomForest-descriptors
4565,6.37675,6.557727566770471,-0.1809775667704709,RandomForest-descriptors
1811,6.56864,6.6190369311191,-0.0503969311191001,RandomForest-descriptors
3122,8.50004,7.66331487529014,0.8367251247098606,RandomForest-descriptors
2318,5.98464,6.6790187594454,-0.6943787594454003,RandomForest-descriptors
1309,5.79317,6.852136683401572,-1.0589666834015716,RandomForest-descriptors
2222,5.39794,6.855459062141006,-1.4575190621410057,RandomForest-descriptors
2808,6.21467,6.401086735913374,-0.1864167359133741,RandomForest-descriptors
714,5.0048,6.49522803615313,-1.49042803615313,RandomForest-descriptors
340,7.0,6.683505281709253,0.3164947182907474,RandomForest-descriptors
3180,6.60206,6.129873325805656,0.4721866741943437,RandomForest-descriptors
2823,7.69897,6.503994469106952,1.194975530893048,RandomForest-descriptors
1357,5.36653,6.12514669421066,-0.7586166942106596,RandomForest-descriptors
578,5.21,5.994951455800903,-0.7849514558009032,RandomForest-descriptors
563,5.28,6.120461093229903,-0.8404610932299024,RandomForest-descriptors
4427,5.33913,7.245744584049901,-1.9066145840499007,RandomForest-descriptors
244,7.79187,6.857653886841339,0.9342161131586612,RandomForest-descriptors
3300,7.7167,6.434436649574945,1.2822633504250556,RandomForest-descriptors
1719,7.36653,6.434436649574945,0.9320933504250551,RandomForest-descriptors
2068,6.34361,6.87007947609235,-0.5264694760923501,RandomForest-descriptors
779,8.48004,7.246937519446511,1.23310248055349,RandomForest-descriptors
3447,6.76955,6.270631362802195,0.4989186371978045,RandomForest-descriptors
2047,7.76195,6.981786461920519,0.7801635380794805,RandomForest-descriptors
1177,8.65758,7.568921213707263,1.0886587862927364,RandomForest-descriptors
1632,8.28567,7.373982060670158,0.911687939329842,RandomForest-descriptors
3682,5.65758,6.0508004737455,-0.3932204737454992,RandomForest-descriptors
3453,6.5064,7.42097908920667,-0.9145790892066694,RandomForest-descriptors
2831,5.08725,6.058609614112056,-0.971359614112056,RandomForest-descriptors
3732,5.39794,5.874990623136653,-0.4770506231366527,RandomForest-descriptors
3134,7.5376,6.558602308496149,0.9789976915038512,RandomForest-descriptors
2811,6.5376,6.315157780015971,0.2224422199840292,RandomForest-descriptors
2996,6.20761,6.31071590287309,-0.1031059028730903,RandomForest-descriptors
2418,6.12205,6.32857056688986,-0.2065205668898606,RandomForest-descriptors
2077,6.02826,6.526810747615044,-0.4985507476150435,RandomForest-descriptors
3559,6.09151,6.597248059641454,-0.5057380596414536,RandomForest-descriptors
154,6.72125,6.933842287617762,-0.2125922876177615,RandomForest-descriptors
4569,7.284,7.185393432966577,0.098606567033423,RandomForest-descriptors
3499,7.31966,7.295125294314203,0.0245347056857969,RandomForest-descriptors
2153,6.10237,6.084217254937209,0.0181527450627907,RandomForest-descriptors
4329,5.37479,6.397895984927184,-1.0231059849271835,RandomForest-descriptors
134,6.14874,6.302467663134951,-0.1537276631349504,RandomForest-descriptors
3667,7.64397,7.7295820572118625,-0.0856120572118621,RandomForest-descriptors
1818,6.0,5.959324391842463,0.040675608157537,RandomForest-descriptors
56,5.35,6.387286444104393,-1.0372864441043932,RandomForest-descriptors
4429,5.0,6.151763581883471,-1.151763581883471,RandomForest-descriptors
3919,7.88606,7.716992269024284,0.1690677309757156,RandomForest-descriptors
480,7.30103,6.6054731035743055,0.6955568964256944,RandomForest-descriptors
1790,6.02506,6.506016201862875,-0.4809562018628748,RandomForest-descriptors
1782,7.134205,6.638237966695013,0.4959670333049866,RandomForest-descriptors
3998,5.38722,6.351792864650807,-0.9645728646508064,RandomForest-descriptors
928,8.85078,6.81096757353402,2.0398124264659803,RandomForest-descriptors
205,6.081145,6.458931184138193,-0.3777861841381931,RandomForest-descriptors
727,7.13312,6.135182122471916,0.9979378775280844,RandomForest-descriptors
1881,8.29757,8.32563968326619,-0.0280696832661888,RandomForest-descriptors
1966,5.20066,6.0837837105467845,-0.8831237105467844,RandomForest-descriptors
4362,5.37779,6.324783059681667,-0.9469930596816668,RandomForest-descriptors
571,7.13077,6.36677973083618,0.7639902691638198,RandomForest-descriptors
3894,5.59482,6.69673950998608,-1.1019195099860797,RandomForest-descriptors
490,6.18709,6.249783479685636,-0.0626934796856355,RandomForest-descriptors
3845,6.64782,6.292520930600776,0.3552990693992246,RandomForest-descriptors
1294,8.72125,8.367770242587744,0.3534797574122557,RandomForest-descriptors
943,5.67778,5.990975617026851,-0.3131956170268504,RandomForest-descriptors
3672,7.09691,7.178150098478599,-0.0812400984785988,RandomForest-descriptors
3671,9.48149,7.4881209121747485,1.9933690878252524,RandomForest-descriptors
3100,8.44249,6.914743279232502,1.5277467207674975,RandomForest-descriptors
1791,5.5391,6.877982274184338,-1.3388822741843374,RandomForest-descriptors
4434,7.04096,6.047210072283509,0.9937499277164914,RandomForest-descriptors
589,6.58503,5.962966584268435,0.6220634157315645,RandomForest-descriptors
1358,5.44855,6.142185914615497,-0.6936359146154967,RandomForest-descriptors
1275,5.35655,6.390493952287381,-1.0339439522873803,RandomForest-descriptors
1751,6.31069,6.539144629055362,-0.2284546290553617,RandomForest-descriptors
4004,8.0,6.343597879772888,1.6564021202271118,RandomForest-descriptors
872,8.17718,6.736239724938296,1.4409402750617035,RandomForest-descriptors
2289,6.56915,6.666592472257002,-0.0974424722570024,RandomForest-descriptors
4249,6.92082,6.081556876506803,0.8392631234931969,RandomForest-descriptors
1194,9.31876,7.164291595148646,2.154468404851353,RandomForest-descriptors
359,7.04576,7.534227942809804,-0.4884679428098044,RandomForest-descriptors
1185,7.76955,6.409019140191649,1.3605308598083503,RandomForest-descriptors
1240,7.88606,6.662370641330289,1.223689358669711,RandomForest-descriptors
366,8.02687,6.562628790167365,1.4642412098326352,RandomForest-descriptors
1127,6.8962,6.740570443640605,0.1556295563593952,RandomForest-descriptors
1965,5.60206,7.262928064350774,-1.6608680643507745,RandomForest-descriptors
237,7.93181,7.116982131028398,0.8148278689716015,RandomForest-descriptors
1458,6.09691,6.129882397185839,-0.0329723971858388,RandomForest-descriptors
251,7.09909,6.424000967791399,0.675089032208601,RandomForest-descriptors
3051,5.49485,6.144486940184724,-0.6496369401847248,RandomForest-descriptors
3841,7.0,6.194789607027407,0.8052103929725929,RandomForest-descriptors
3144,6.31876,6.588324734338533,-0.269564734338533,RandomForest-descriptors
777,8.18,7.354944665127079,0.8250553348729204,RandomForest-descriptors
772,8.24003,7.619021355285633,0.6210086447143679,RandomForest-descriptors
1692,5.07,5.686360860009285,-0.6163608600092845,RandomForest-descriptors
1439,6.30103,7.05200497984484,-0.7509749798448402,RandomForest-descriptors
146,6.18177,6.472980633419353,-0.2912106334193529,RandomForest-descriptors
1402,7.49485,6.705757320789579,0.7890926792104205,RandomForest-descriptors
462,5.527355,5.96946572664604,-0.4421107266460398,RandomForest-descriptors
3928,9.13668,7.333557760741123,1.8031222392588768,RandomForest-descriptors
4129,6.27474,6.353566199400441,-0.0788261994004404,RandomForest-descriptors
3050,6.10791,6.5509929361540005,-0.4430829361540001,RandomForest-descriptors
165,5.98297,6.308073503435366,-0.3251035034353657,RandomForest-descriptors
1351,6.30103,6.472862150707373,-0.171832150707373,RandomForest-descriptors
1095,7.16749,6.794708337242093,0.372781662757907,RandomForest-descriptors
2926,7.35556,6.426067750911654,0.9294922490883452,RandomForest-descriptors
3858,5.34679,6.4229784610466325,-1.076188461046632,RandomForest-descriptors
2451,5.89466,5.7855423395800765,0.1091176604199235,RandomForest-descriptors
1800,7.01323,6.0750784396198965,0.9381515603801036,RandomForest-descriptors
4001,5.82391,5.775779580384298,0.0481304196157017,RandomForest-descriptors
731,5.49435,6.495031991365049,-1.0006819913650489,RandomForest-descriptors
1063,6.35655,6.558339456430312,-0.2017894564303111,RandomForest-descriptors
2898,6.96497,8.028057943489644,-1.063087943489644,RandomForest-descriptors
1430,7.79997,6.64212441785918,1.15784558214082,RandomForest-descriptors
4244,6.71897,6.11207554699832,0.6068944530016793,RandomForest-descriptors
3340,5.05849,6.133008981149256,-1.0745189811492564,RandomForest-descriptors
4470,5.23359,6.762850272522401,-1.529260272522401,RandomForest-descriptors
4478,6.04576,6.498328704718745,-0.452568704718745,RandomForest-descriptors
4475,7.14874,6.01439378281451,1.13434621718549,RandomForest-descriptors
3786,6.09745,6.084286666675828,0.0131633333241723,RandomForest-descriptors
3505,9.56864,7.546709251041896,2.0219307489581047,RandomForest-descriptors
3464,7.81816,7.5530528017378,0.2651071982622,RandomForest-descriptors
1334,5.88606,6.23514628905875,-0.34908628905875,RandomForest-descriptors
1559,7.30103,6.300235924896673,1.000794075103327,RandomForest-descriptors
1269,5.04096,6.469932383118687,-1.428972383118687,RandomForest-descriptors
1527,5.00877,6.375918024303354,-1.3671480243033542,RandomForest-descriptors
741,7.14206,7.05429072237205,0.0877692776279497,RandomForest-descriptors
1245,5.39794,6.176283657400498,-0.778343657400498,RandomForest-descriptors
4210,5.767,6.5535736716145925,-0.7865736716145921,RandomForest-descriptors
238,7.90658,7.176847032530203,0.729732967469797,RandomForest-descriptors
3846,6.08619,6.404732416576306,-0.3185424165763058,RandomForest-descriptors
594,9.52288,8.534334754502389,0.9885452454976118,RandomForest-descriptors
2135,7.74473,6.114358836885036,1.6303711631149636,RandomForest-descriptors
717,7.42022,7.122093576541946,0.2981264234580534,RandomForest-descriptors
1004,6.82391,6.838767514994133,-0.0148575149941336,RandomForest-descriptors
3669,7.91721,8.01551965999144,-0.0983096599914405,RandomForest-descriptors
1448,5.04576,6.089147907903008,-1.0433879079030088,RandomForest-descriptors
4264,6.29229,6.525735190600948,-0.233445190600948,RandomForest-descriptors
2467,7.73755,6.760357279607351,0.9771927203926492,RandomForest-descriptors
1813,7.52288,7.055765560321807,0.467114439678193,RandomForest-descriptors
4563,6.94692,6.004799489840544,0.942120510159457,RandomForest-descriptors
4363,7.5376,5.984727431316908,1.5528725686830924,RandomForest-descriptors
3183,5.02687,5.933883401184616,-0.9070134011846164,RandomForest-descriptors
1188,5.92082,6.943186289321199,-1.0223662893211989,RandomForest-descriptors
3668,7.93181,7.947996927936019,-0.0161869279360198,RandomForest-descriptors
3957,5.31426,6.796623900951543,-1.482363900951543,RandomForest-descriptors
4524,7.39794,7.0794582913276125,0.3184817086723877,RandomForest-descriptors
653,6.12494,6.725187877801076,-0.6002478778010767,RandomForest-descriptors
3728,8.90309,7.651402042359021,1.2516879576409794,RandomForest-descriptors
4263,6.2583,6.658835507098342,-0.4005355070983416,RandomForest-descriptors
4158,7.19382,6.302722210118719,0.8910977898812806,RandomForest-descriptors
0,6.12494,6.236692333224419,-0.1117523332244196,RandomForest-descriptors
1057,6.60206,6.333417620739101,0.2686423792608989,RandomForest-descriptors
2221,6.90309,7.551545724201226,-0.6484557242012263,RandomForest-descriptors
915,5.23657,7.053903294926215,-1.8173332949262144,RandomForest-descriptors
851,6.54303,6.588178115741427,-0.0451481157414273,RandomForest-descriptors
472,7.65758,7.17346349561635,0.4841165043836506,RandomForest-descriptors
3383,6.51999,5.940437024840785,0.5795529751592152,RandomForest-descriptors
1364,6.6103,6.366427482367482,0.2438725176325178,RandomForest-descriptors
1781,6.90344,6.369234944752785,0.5342050552472148,RandomForest-descriptors
3916,5.25964,6.221956301856829,-0.9623163018568288,RandomForest-descriptors
1416,8.43997,6.732871350062367,1.7070986499376335,RandomForest-descriptors
362,6.65758,6.494947623567815,0.1626323764321853,RandomForest-descriptors
1467,7.22185,6.689571499159848,0.5322785008401523,RandomForest-descriptors
1039,6.69897,6.822781955862335,-0.1238119558623349,RandomForest-descriptors
1454,8.0,7.326852664699474,0.6731473353005262,RandomForest-descriptors
4347,5.71444,6.243511947269289,-0.5290719472692889,RandomForest-descriptors
1129,6.92082,6.310853658621991,0.6099663413780094,RandomForest-descriptors
3473,8.7122,8.081451941113196,0.6307480588868035,RandomForest-descriptors
1797,6.78781,6.0535454594340505,0.7342645405659498,RandomForest-descriptors
566,5.82391,5.962966584268435,-0.1390565842684354,RandomForest-descriptors
3509,5.25337,6.117695368776961,-0.864325368776961,RandomForest-descriptors
4353,6.86646,6.347828237699371,0.5186317623006289,RandomForest-descriptors
2296,6.72946,6.888456487942933,-0.1589964879429324,RandomForest-descriptors
3790,6.03953,6.456554556293064,-0.4170245562930637,RandomForest-descriptors
2923,7.74473,6.416777572651735,1.327952427348265,RandomForest-descriptors
1518,7.54668,6.982791742174869,0.5638882578251314,RandomForest-descriptors
1330,8.52288,8.330927372052148,0.1919526279478525,RandomForest-descriptors
3147,6.284,6.120331184933844,0.1636688150661553,RandomForest-descriptors
1483,6.95861,6.630877763666693,0.3277322363333068,RandomForest-descriptors
2136,6.79588,6.111738051658323,0.6841419483416775,RandomForest-descriptors
4348,5.71444,6.345144198045045,-0.630704198045045,RandomForest-descriptors
1367,7.0,6.109616105065939,0.890383894934061,RandomForest-descriptors
1247,5.0,6.677661487557022,-1.677661487557022,RandomForest-descriptors
3417,7.96981,6.995668993414409,0.9741410065855912,RandomForest-descriptors
1191,7.88606,6.612896287953242,1.2731637120467578,RandomForest-descriptors
2949,8.75007,6.900823194908286,1.8492468050917128,RandomForest-descriptors
187,5.35655,6.715859983573072,-1.3593099835730715,RandomForest-descriptors
4152,7.60206,6.894739931455821,0.7073200685441785,RandomForest-descriptors
1604,7.04818,6.673943722216591,0.3742362777834094,RandomForest-descriptors
871,7.70553,7.793093648401747,-0.0875636484017468,RandomForest-descriptors
2134,6.72816,6.138895120130043,0.5892648798699573,RandomForest-descriptors
3297,7.08092,6.01828075092294,1.0626392490770602,RandomForest-descriptors
1315,8.35655,8.921190324947947,-0.5646403249479466,RandomForest-descriptors
2558,6.01278,6.0036617328485145,0.0091182671514857,RandomForest-descriptors
3962,5.76955,6.528638506432674,-0.7590885064326747,RandomForest-descriptors
4568,7.95468,6.302157251090575,1.6525227489094243,RandomForest-descriptors
1980,6.09691,6.1352559485246365,-0.0383459485246362,RandomForest-descriptors
2812,5.93554,6.222644654512695,-0.2871046545126958,RandomForest-descriptors
3927,8.87615,6.969674768284092,1.906475231715909,RandomForest-descriptors
3099,7.5817,7.042506854295665,0.5391931457043349,RandomForest-descriptors
4346,5.71444,6.201372052781745,-0.4869320527817455,RandomForest-descriptors
2085,7.34679,6.54307556179042,0.8037144382095809,RandomForest-descriptors
1824,5.30715,5.693753748329417,-0.3866037483294171,RandomForest-descriptors
3863,7.52244,6.172462537637255,1.3499774623627443,RandomForest-descriptors
1328,8.82391,8.216906505356567,0.6070034946434326,RandomForest-descriptors
3766,7.65365,7.412493194023302,0.2411568059766979,RandomForest-descriptors
972,7.6038,7.655291610707046,-0.0514916107070462,RandomForest-descriptors
3483,8.89279,6.252786644970332,2.640003355029668,RandomForest-descriptors
3482,8.80967,6.252786644970332,2.556883355029669,RandomForest-descriptors
3933,6.98297,7.111179931770439,-0.1282099317704386,RandomForest-descriptors
3837,6.04576,6.3183306950018885,-0.2725706950018889,RandomForest-descriptors
3299,6.1261,6.657270233029752,-0.5311702330297514,RandomForest-descriptors
1274,6.52288,6.415493850789369,0.1073861492106305,RandomForest-descriptors
2081,6.92812,6.310070120497319,0.6180498795026805,RandomForest-descriptors
1365,6.79371,6.40170351559486,0.3920064844051403,RandomForest-descriptors
891,6.74232,5.923153612361743,0.8191663876382576,RandomForest-descriptors
1410,5.52288,6.1838860716259125,-0.6610060716259127,RandomForest-descriptors
2951,5.97,7.130428986098792,-1.1604289860987924,RandomForest-descriptors
1635,6.61979,6.078045721997911,0.5417442780020894,RandomForest-descriptors
79,7.39794,7.207127850065731,0.1908121499342687,RandomForest-descriptors
2225,7.22915,7.171347702802234,0.0578022971977656,RandomForest-descriptors
181,5.48149,7.13443162528861,-1.6529416252886104,RandomForest-descriptors
1693,5.77,5.684894293420131,0.0851057065798688,RandomForest-descriptors
1613,8.34775,6.8922873549788735,1.455462645021126,RandomForest-descriptors
3971,5.49485,5.970809833312381,-0.4759598333123813,RandomForest-descriptors
190,5.0,6.469684324946427,-1.469684324946427,RandomForest-descriptors
3819,5.28233,6.468114026559309,-1.1857840265593094,RandomForest-descriptors
1453,9.0,7.195430337972653,1.8045696620273464,RandomForest-descriptors
900,7.44977,6.724498335936385,0.725271664063615,RandomForest-descriptors
3785,6.00524,6.452465780782859,-0.4472257807828592,RandomForest-descriptors
582,6.48149,6.029085576443762,0.4524044235562376,RandomForest-descriptors
1746,5.18842,6.079915132060436,-0.8914951320604363,RandomForest-descriptors
1027,5.22185,6.063593932315415,-0.8417439323154152,RandomForest-descriptors
773,8.24003,7.636795947127053,0.6032340528729474,RandomForest-descriptors
1297,8.79588,8.652965134864274,0.1429148651357259,RandomForest-descriptors
471,7.521435,6.975283675891984,0.546151324108016,RandomForest-descriptors
505,7.0,6.859241876631657,0.140758123368343,RandomForest-descriptors
3418,8.96658,6.960305211840268,2.0062747881597325,RandomForest-descriptors
1409,5.0,6.6544868150136,-1.6544868150136,RandomForest-descriptors
3098,7.51286,6.903511963663693,0.6093480363363071,RandomForest-descriptors
395,5.47,6.62034598916658,-1.1503459891665804,RandomForest-descriptors
1859,5.38195,5.867026713032556,-0.4850767130325559,RandomForest-descriptors
3156,7.2321,7.106369391652133,0.1257306083478671,RandomForest-descriptors
1341,5.07058,6.216136469197354,-1.1455564691973548,RandomForest-descriptors
3155,7.62709,7.3381564797634145,0.2889335202365855,RandomForest-descriptors
3120,8.70006,7.578270175052222,1.1217898249477782,RandomForest-descriptors
4087,9.284,7.324647159374313,1.9593528406256877,RandomForest-descriptors
3056,6.85387,6.684149419916679,0.1697205800833208,RandomForest-descriptors
4324,6.30016,6.347722401302764,-0.0475624013027635,RandomForest-descriptors
4330,5.50328,6.3827498899036526,-0.8794698899036524,RandomForest-descriptors
1722,5.17005,5.610784597210319,-0.4407345972103194,RandomForest-descriptors
3864,5.4828,6.801945162411024,-1.319145162411024,RandomForest-descriptors
49,7.09691,6.711993282842287,0.3849167171577132,RandomForest-descriptors
1029,5.30103,5.991845311881231,-0.6908153118812308,RandomForest-descriptors
1943,5.377875,6.392683269369706,-1.0148082693697056,RandomForest-descriptors
176,6.48149,6.40170351559486,0.0797864844051403,RandomForest-descriptors
123,6.48149,6.40170351559486,0.0797864844051403,RandomForest-descriptors
356,6.46852,6.963874826169016,-0.4953548261690157,RandomForest-descriptors
3298,6.6517,6.477935014436963,0.1737649855630367,RandomForest-descriptors
53,5.03152,6.302597794910343,-1.271077794910343,RandomForest-descriptors
2358,6.21467,6.152901977525134,0.0617680224748662,RandomForest-descriptors
3943,6.2636,6.12082729233672,0.1427727076632807,RandomForest-descriptors
1540,5.23307,6.10605235970118,-0.8729823597011803,RandomForest-descriptors
355,6.67778,6.348467509923532,0.3293124900764681,RandomForest-descriptors
212,6.67801,6.348467509923532,0.3295424900764674,RandomForest-descriptors
4473,7.63078,6.580934746394447,1.049845253605553,RandomForest-descriptors
850,6.41623,6.271267295494574,0.144962704505426,RandomForest-descriptors
3500,8.42022,7.865986326731341,0.5542336732686595,RandomForest-descriptors
3870,5.01323,6.627422359597258,-1.6141923595972578,RandomForest-descriptors
4245,9.36653,6.786955440332656,2.579574559667344,RandomForest-descriptors
2393,5.79317,6.268636774930046,-0.4754667749300463,RandomForest-descriptors
3950,7.04576,6.3488069499918645,0.6969530500081351,RandomForest-descriptors
2223,6.88606,6.836836663054628,0.0492233369453716,RandomForest-descriptors
1536,5.64859,6.296887023697774,-0.6482970236977739,RandomForest-descriptors
3931,7.0,6.767229681624916,0.232770318375084,RandomForest-descriptors
3709,5.88406,6.305825099067309,-0.4217650990673087,RandomForest-descriptors
4100,5.34104,6.030523698639909,-0.6894836986399095,RandomForest-descriptors
110,8.34679,6.727357286479735,1.6194327135202655,RandomForest-descriptors
4514,8.93554,7.314348102031455,1.6211918979685445,RandomForest-descriptors
1804,7.00877,6.634696412687269,0.374073587312731,RandomForest-descriptors
2785,7.15927,6.069538912457031,1.0897310875429689,RandomForest-descriptors
960,5.22915,5.863993285710979,-0.6348432857109794,RandomForest-descriptors
249,7.26281,6.404387068582974,0.8584229314170262,RandomForest-descriptors
1945,6.174285,6.433081144672431,-0.2587961446724307,RandomForest-descriptors
1539,5.1261,7.260970187991203,-2.1348701879912038,RandomForest-descriptors
3549,6.17393,6.4840006733149655,-0.3100706733149652,RandomForest-descriptors
3477,8.24872,8.067885300430001,0.1808346995699992,RandomForest-descriptors
1010,6.0,6.884950191193548,-0.884950191193548,RandomForest-descriptors
2755,7.34998,6.807304688591392,0.5426753114086083,RandomForest-descriptors
4328,5.09155,6.397895984927184,-1.3063459849271837,RandomForest-descriptors
1181,6.46852,7.493634490236237,-1.0251144902362368,RandomForest-descriptors
1493,7.60206,6.32449314887537,1.2775668511246296,RandomForest-descriptors
4084,5.4045,6.435059833397108,-1.030559833397108,RandomForest-descriptors
579,6.04576,6.01867232595614,0.0270876740438597,RandomForest-descriptors
3112,6.70997,6.829023170393273,-0.1190531703932729,RandomForest-descriptors
1012,5.6,6.485983372780535,-0.8859833727805349,RandomForest-descriptors
