source_index,cleaned_smiles,PIC50,Scaffold_InChI
3018,COc1cc2oc(C(=O)NCC3CCN(Cc4ccccc4)CC3)cc(=O)c2cc1OC,5.83565,RZTPWYWAKMREKN-UHFFFAOYSA-N
3019,COc1ccc2oc(C(=O)NCC3CCN(Cc4ccccc4)CC3)cc(=O)c2c1,5.44249,RZTPWYWAKMREKN-UHFFFAOYSA-N
360,c1ccc(CN2CCC(CCNc3noc4ccccc34)CC2)cc1,6.09151,DZSDRGBLRNZFES-UHFFFAOYSA-N
2783,COc1cc2c(cc1OC)C(=O)C(Cc1cc[n+](Cc3cccc(C)n3)cc1C(N)=O)C2,5.73025,DJPKUESIAGEBIQ-UHFFFAOYSA-N
1585,O=C(NCCCCCCCCCCNc1c2c(nc3cc(Cl)ccc13)CCCC2)c1cc(=O)c2cc(O)c(O)cc2o1,10.04576,RDTFFLFEGIKFDL-UHFFFAOYSA-N
1586,O=C(NCCCCCCCCCCNc1c2c(nc3ccccc13)CCCC2)c1cc(=O)c2cc(O)c(O)cc2o1,8.18709,RDTFFLFEGIKFDL-UHFFFAOYSA-N
1587,O=C(NCCCCCCCCCCNc1c2c(nc3cc(Cl)ccc13)CCCC2)c1cc(=O)c2c(O)cc(O)cc2o1,10.18709,RDTFFLFEGIKFDL-UHFFFAOYSA-N
1588,COc1cc(O)c2c(=O)cc(C(=O)NCCCCCCCCCCNc3c4c(nc5cc(Cl)ccc35)CCCC4)oc2c1,10.45593,RDTFFLFEGIKFDL-UHFFFAOYSA-N
1589,O=C(NCCCCCCCCCCNc1c2c(nc3ccccc13)CCCC2)c1cc(=O)c2c(O)cc(O)cc2o1,8.63827,RDTFFLFEGIKFDL-UHFFFAOYSA-N
1590,COc1cc(O)c2c(=O)cc(C(=O)NCCCCCCCCCCNc3c4c(nc5ccccc35)CCCC4)oc2c1,9.0,RDTFFLFEGIKFDL-UHFFFAOYSA-N
1591,O=C(NCCCCCCCCCCNc1c2c(nc3cc(Cl)ccc13)CCCC2)c1cc(=O)c2cc(O)ccc2o1,9.0,RDTFFLFEGIKFDL-UHFFFAOYSA-N
1592,O=C(NCCCCCCCCCCNc1c2c(nc3ccccc13)CCCC2)c1cc(=O)c2cc(O)ccc2o1,8.09691,RDTFFLFEGIKFDL-UHFFFAOYSA-N
1593,COc1cc2oc(C(=O)NCCCCCCCCCCNc3c4c(nc5cc(Cl)ccc35)CCCC4)cc(=O)c2cc1OC,9.69897,RDTFFLFEGIKFDL-UHFFFAOYSA-N
1594,COc1cc2oc(C(=O)NCCCCCCCCCCNc3c4c(nc5ccccc35)CCCC4)cc(=O)c2cc1OC,8.74473,RDTFFLFEGIKFDL-UHFFFAOYSA-N
1595,COc1cc(OC)c2c(=O)cc(C(=O)NCCCCCCCCCCNc3c4c(nc5cc(Cl)ccc35)CCCC4)oc2c1,9.45593,RDTFFLFEGIKFDL-UHFFFAOYSA-N
1596,COc1cc(OC)c2c(=O)cc(C(=O)NCCCCCCCCCCNc3c4c(nc5ccccc35)CCCC4)oc2c1,8.63827,RDTFFLFEGIKFDL-UHFFFAOYSA-N
1597,COc1ccc2oc(C(=O)NCCCCCCCCCCNc3c4c(nc5cc(Cl)ccc35)CCCC4)cc(=O)c2c1,10.0,RDTFFLFEGIKFDL-UHFFFAOYSA-N
1598,COc1ccc2oc(C(=O)NCCCCCCCCCCNc3c4c(nc5ccccc35)CCCC4)cc(=O)c2c1,9.1107,RDTFFLFEGIKFDL-UHFFFAOYSA-N
1599,O=C(NCCCCCCCCCCNc1c2c(nc3cc(Cl)ccc13)CCCC2)c1cc(=O)c2ccccc2o1,9.52288,RDTFFLFEGIKFDL-UHFFFAOYSA-N
1600,O=C(NCCCCCCCCCCNc1c2c(nc3ccccc13)CCCC2)c1cc(=O)c2ccccc2o1,7.75696,RDTFFLFEGIKFDL-UHFFFAOYSA-N
3908,O=C(Nc1ccc(OC(F)(F)F)cc1)NC1CCN(C(=O)CCCCNc2c3c(nc4cc(Cl)ccc24)CCCC3)CC1,7.88941,BOUNYXVANQUHLS-UHFFFAOYSA-N
3445,O=c1c2ccccc2oc2ccc(OCCCCCN3CCCCCC3)cc12,6.40671,KNIPHGXUVWAHCN-UHFFFAOYSA-N
3446,O=c1c2cc(Cl)ccc2oc2ccc(OCCCCCN3CCCCCC3)cc12,6.92082,KNIPHGXUVWAHCN-UHFFFAOYSA-N
57,COc1ccccc1CN(C)CCCCCC(=O)N(C)CCCCCCCCN(C)C(=O)CCCCCN(C)Cc1ccccc1OC,6.77001,JHQNMXFHTFUQGJ-UHFFFAOYSA-N
61,COc1ccccc1CNCCCCCC(=O)N(C)CCCCCCCCN(C)C(=O)CCCCCNCc1ccccc1OC,6.51,JHQNMXFHTFUQGJ-UHFFFAOYSA-N
63,COc1ccccc1CNCCCCCC(=O)NCCCCCCCCNC(=O)CCCCCNCc1ccccc1OC,5.73,JHQNMXFHTFUQGJ-UHFFFAOYSA-N
256,CCN(CCCCCC(=O)N(C)CCCCCCCCN(C)C(=O)CCCCCN(CC)Cc1ccccc1C)Cc1ccccc1C,7.25003,JHQNMXFHTFUQGJ-UHFFFAOYSA-N
260,COc1ccc(CN(C)CCCCCC(=O)N(C)CCCCCCCCN(C)C(=O)CCCCCN(C)Cc2ccc(OC)cc2)cc1,5.24,JHQNMXFHTFUQGJ-UHFFFAOYSA-N
262,CCN(CCCCCC(=O)N(CCCCCCCCN(C(=O)CCCCCN(CC)Cc1ccccc1OC)C(C)C)C(C)C)Cc1ccccc1OC,7.73993,JHQNMXFHTFUQGJ-UHFFFAOYSA-N
264,COc1ccccc1CN(CCCCCC(=O)N(C)CCCCCCCCN(C)C(=O)CCCCCN(Cc1ccccc1OC)C(C)C)C(C)C,7.14002,JHQNMXFHTFUQGJ-UHFFFAOYSA-N
266,COc1cccc(CN(C)CCCCCC(=O)N(C)CCCCCCCCN(C)C(=O)CCCCCN(C)Cc2cccc(OC)c2)c1,6.17,JHQNMXFHTFUQGJ-UHFFFAOYSA-N
268,CCN(CCCCCC(=O)N(C)CCCCCCCCN(C)C(=O)CCCCCN(CC)Cc1ccccc1[N+](=O)[O-])Cc1ccccc1[N+](=O)[O-],6.600009999999999,JHQNMXFHTFUQGJ-UHFFFAOYSA-N
272,CCCOc1ccccc1CN(CC)CCCCCC(=O)N(C)CCCCCCCCN(C)C(=O)CCCCCN(CC)Cc1ccccc1OCCC,7.47006,JHQNMXFHTFUQGJ-UHFFFAOYSA-N
276,CCN(CCCCCC(=O)N(C)CCCCCCCCN(C)C(=O)CCCCCN(CC)Cc1ccccc1C(F)(F)F)Cc1ccccc1C(F)(F)F,5.34,JHQNMXFHTFUQGJ-UHFFFAOYSA-N
277,CCN(CCCCCC(=O)N(C)CCCCCCCCN(C)C(=O)CCCCCN(CC)Cc1ccccc1OC)Cc1ccccc1OC,7.73002,JHQNMXFHTFUQGJ-UHFFFAOYSA-N
279,CCN(CCCCCC(=O)N(C)CCCCCCCCN(C)C(=O)CCCCCN(CC)Cc1ccccc1)Cc1ccccc1,7.30998,JHQNMXFHTFUQGJ-UHFFFAOYSA-N
281,CCN(CCCCCC(=O)N(C)CCCCCCCCN(C)C(=O)CCCCCN(CC)Cc1ccccc1Cl)Cc1ccccc1Cl,6.95001,JHQNMXFHTFUQGJ-UHFFFAOYSA-N
746,COc1cc(C(=O)NCCCCCCCC(=O)NNc2c3c(nc4ccccc24)CCCC3)cc(OC)c1OC,8.28067,AAFADTHXZNSIKG-UHFFFAOYSA-N
4030,CCC1=CC2Cc3nc4cc(Cl)ccc4c(NCCCN4CCC(CC5Cc6cc(OC)c(OC)cc6C5)CC4)c3C(C1)C2,8.30691,RGQVLYRBIUCEMS-UHFFFAOYSA-N
4032,COc1cc2c(cc1OC)CC(CC1CCN(CCCNc3c4c(nc5cc(Cl)ccc35)CC3C=C(C)CC4C3)CC1)C2,8.426695,RGQVLYRBIUCEMS-UHFFFAOYSA-N
4121,Cc1cc(=O)[nH]c2c1C(=O)C(NCCCCNc1c3c(nc4ccccc14)CCCC3)=CC2=O,7.23433,WLZZZKIRXUHSSI-UHFFFAOYSA-N
4124,Cc1cc(=O)[nH]c2c1C(=O)C(NCCCCNc1c3c(nc4cc(Cl)ccc14)CCCC3)=CC2=O,8.25337,WLZZZKIRXUHSSI-UHFFFAOYSA-N
3512,CCOC(=O)c1c(C)nc(N2CCN(S(=O)(=O)c3ccc(NC(C)=O)cc3)CC2)nc1-c1ccc(OC)cc1,6.87926,AORJEBJUUPLKIC-UHFFFAOYSA-N
3513,CCOC(=O)c1c(C)nc(N2CCN(S(=O)(=O)c3ccc(NC(C)=O)c(Cl)c3)CC2)nc1-c1ccc(OC)cc1,7.0574,AORJEBJUUPLKIC-UHFFFAOYSA-N
3514,CCOC(=O)c1c(C)nc(N2CCN(S(=O)(=O)c3ccc(NC(C)=O)c(F)c3)CC2)nc1-c1ccc(OC)cc1,7.03668,AORJEBJUUPLKIC-UHFFFAOYSA-N
3515,CCOC(=O)c1c(C)nc(N2CCN(S(=O)(=O)c3ccc(NC(C)=O)c(OC)c3)CC2)nc1-c1ccc(OC)cc1,7.101,AORJEBJUUPLKIC-UHFFFAOYSA-N
3516,CCOC(=O)c1c(C)nc(N2CCN(S(=O)(=O)c3ccc(NC(C)=O)cc3)CC2)nc1-c1ccccc1,6.92885,AORJEBJUUPLKIC-UHFFFAOYSA-N
3517,CCOC(=O)c1c(C)nc(N2CCN(S(=O)(=O)c3ccc(NC(C)=O)c(Cl)c3)CC2)nc1-c1ccccc1,6.84312,AORJEBJUUPLKIC-UHFFFAOYSA-N
3518,CCOC(=O)c1c(C)nc(N2CCN(S(=O)(=O)c3ccc(NC(C)=O)c(F)c3)CC2)nc1-c1ccccc1,7.01131,AORJEBJUUPLKIC-UHFFFAOYSA-N
3519,CCOC(=O)c1c(C)nc(N2CCN(S(=O)(=O)c3ccc(NC(C)=O)c(OC)c3)CC2)nc1-c1ccccc1,7.10243,AORJEBJUUPLKIC-UHFFFAOYSA-N
3520,CCOC(=O)c1c(C)nc(N2CCN(S(=O)(=O)c3ccc(NC(C)=O)cc3)CC2)nc1-c1ccc(OC)c(OC)c1,7.05164,AORJEBJUUPLKIC-UHFFFAOYSA-N
3521,CCOC(=O)c1c(C)nc(N2CCN(S(=O)(=O)c3ccc(NC(C)=O)c(Cl)c3)CC2)nc1-c1ccc(OC)c(OC)c1,7.32486,AORJEBJUUPLKIC-UHFFFAOYSA-N
3522,CCOC(=O)c1c(C)nc(N2CCN(S(=O)(=O)c3ccc(NC(C)=O)c(F)c3)CC2)nc1-c1ccc(OC)c(OC)c1,7.11623,AORJEBJUUPLKIC-UHFFFAOYSA-N
3523,CCOC(=O)c1c(C)nc(N2CCN(S(=O)(=O)c3ccc(NC(C)=O)c(OC)c3)CC2)nc1-c1ccc(OC)c(OC)c1,7.10149,AORJEBJUUPLKIC-UHFFFAOYSA-N
3524,CCOC(=O)c1c(C)nc(N2CCN(S(=O)(=O)c3ccc(N)cc3)CC2)nc1-c1ccc(OC)cc1,7.14333,AORJEBJUUPLKIC-UHFFFAOYSA-N
3525,CCOC(=O)c1c(C)nc(N2CCN(S(=O)(=O)c3ccc(N)c(Cl)c3)CC2)nc1-c1ccc(OC)cc1,7.10841,AORJEBJUUPLKIC-UHFFFAOYSA-N
3526,CCOC(=O)c1c(C)nc(N2CCN(S(=O)(=O)c3ccc(N)c(F)c3)CC2)nc1-c1ccc(OC)cc1,6.9974,AORJEBJUUPLKIC-UHFFFAOYSA-N
3527,CCOC(=O)c1c(C)nc(N2CCN(S(=O)(=O)c3ccc(N)c(OC)c3)CC2)nc1-c1ccc(OC)cc1,7.16431,AORJEBJUUPLKIC-UHFFFAOYSA-N
3528,CCOC(=O)c1c(C)nc(N2CCN(S(=O)(=O)c3ccc(N)c(Cl)c3)CC2)nc1-c1ccccc1,7.10171,AORJEBJUUPLKIC-UHFFFAOYSA-N
3529,CCOC(=O)c1c(C)nc(N2CCN(S(=O)(=O)c3ccc(N)c(OC)c3)CC2)nc1-c1ccccc1,7.07237,AORJEBJUUPLKIC-UHFFFAOYSA-N
3530,CCOC(=O)c1c(C)nc(N2CCN(S(=O)(=O)c3ccc(N)cc3)CC2)nc1-c1ccc(OC)c(OC)c1,7.16736,AORJEBJUUPLKIC-UHFFFAOYSA-N
3531,CCOC(=O)c1c(C)nc(N2CCN(S(=O)(=O)c3ccc(N)c(Cl)c3)CC2)nc1-c1ccc(OC)c(OC)c1,7.28937,AORJEBJUUPLKIC-UHFFFAOYSA-N
3532,CCOC(=O)c1c(C)nc(N2CCN(S(=O)(=O)c3ccc(N)c(F)c3)CC2)nc1-c1ccc(OC)c(OC)c1,7.18,AORJEBJUUPLKIC-UHFFFAOYSA-N
3533,CCOC(=O)c1c(C)nc(N2CCN(S(=O)(=O)c3ccc(N)c(OC)c3)CC2)nc1-c1ccc(OC)c(OC)c1,7.06763,AORJEBJUUPLKIC-UHFFFAOYSA-N
948,CCOC(=O)C1=C(C)Nc2nc3c(c(N)c2[C@H]1c1ccc(OC)cc1)CCCC3,7.39684,PHZFCULPFNIUPO-OAHLLOKOSA-N
1672,CCOC(=O)C1=C(C)Nc2nc3c(c(N)c2[C@H]1c1cccc(OC)c1)CCCC3,7.21,PHZFCULPFNIUPO-OAHLLOKOSA-N
1674,CCOC(=O)C1=C(C)Nc2nc3c(c(N)c2[C@H]1c1ccc(C)cc1)CCCC3,7.04001,PHZFCULPFNIUPO-OAHLLOKOSA-N
1675,CCOC(=O)C1=C(C)Nc2nc3c(c(N)c2[C@H]1c1ccc([N+](=O)[O-])cc1)CCCC3,6.22,PHZFCULPFNIUPO-OAHLLOKOSA-N
1676,CCOC(=O)C1=C(C)Nc2nc3c(c(N)c2[C@H]1c1cccc([N+](=O)[O-])c1)CCCC3,6.95999,PHZFCULPFNIUPO-OAHLLOKOSA-N
1677,CCOC(=O)C1=C(C)Nc2nc3c(c(N)c2[C@H]1c1ccccc1[N+](=O)[O-])CCCC3,6.51999,PHZFCULPFNIUPO-OAHLLOKOSA-N
1678,CCOC(=O)C1=C(C)Nc2nc3c(c(N)c2[C@H]1c1ccc(F)cc1)CCCC3,7.28001,PHZFCULPFNIUPO-OAHLLOKOSA-N
1679,CCOC(=O)C1=C(C)Nc2nc3c(c(N)c2[C@H]1c1ccccc1)CCCC3,7.10002,PHZFCULPFNIUPO-OAHLLOKOSA-N
1651,CC1Cc2nc3nc(-c4ccccc4)cc(C(F)(F)F)c3c(N)c2C1,5.02826,CHESWRHKCUTCBE-UHFFFAOYSA-N
1654,Nc1c2c(nc3nc(-c4ccccc4)cc(C(F)(F)F)c13)CCC2,5.0942,CHESWRHKCUTCBE-UHFFFAOYSA-N
1239,CN(CCOCCCNC(=S)NC(=O)c1ccccc1)Cc1ccccc1,5.95861,DBOBKBYZGORZGL-UHFFFAOYSA-N
2904,COc1ccc(Cn2cc(C(=O)NCCCCNc3c4c(nc5cc(Cl)ccc35)CCCC4)c(=O)c3ccccc32)cc1,7.04769,AYKPOJMTNSVOMN-UHFFFAOYSA-N
2911,COc1ccc(Cn2cc(C(=O)NCCCCNc3c4c(nc5ccccc35)CCCC4)c(=O)c3ccccc32)cc1,6.30892,AYKPOJMTNSVOMN-UHFFFAOYSA-N
2917,COc1ccc(Cn2cc(C(=O)NCCCCNc3c4c(nc5ccc(OC)cc35)CCCC4)c(=O)c3ccccc32)cc1,5.02228,AYKPOJMTNSVOMN-UHFFFAOYSA-N
1519,O=c1c2ccc(OCCCCCCCNc3c4c(nc5ccccc35)CCCC4)cc2oc2ncccc12,6.54821,BFOOQYHXKGWIBI-UHFFFAOYSA-N
2728,CN1CCN(c2ccc(/C=C/c3cc(N4CCN(C)CC4)c4ccccc4[n+]3C)cc2)CC1,5.60206,IDHWMEGKMHKJEO-VMPITWQZSA-O
2729,COc1cc(/C=C/c2cc(N3CCN(C)CC3)c3ccccc3[n+]2C)ccc1N1CCN(C)CC1,5.37675,IDHWMEGKMHKJEO-VMPITWQZSA-O
847,CCCCC1=NC2(CCCC2)C(=O)N1Cc1ccc(Br)cc1,7.1549,BQVUJFOOOANMGT-UHFFFAOYSA-N
854,CCCCC1=NC2(CCCC2)C(=O)N1Cc1ccc([N+](=O)[O-])cc1,6.86838,BQVUJFOOOANMGT-UHFFFAOYSA-N
855,CCCCC1=NC2(CCCC2)C(=O)N1Cc1cc(OC)c(OC)cc1Br,7.08355,BQVUJFOOOANMGT-UHFFFAOYSA-N
4102,O=C1CC2Cc3ccsc3C2=NN1CCCCCN1CCN(Cc2cccc3c2ccn3S(=O)(=O)c2ccccc2)CC1,5.16178,AVIFTUQCMKTSNJ-UHFFFAOYSA-N
2596,Cc1ccc(C2c3ccc4cccnc4c3Oc3nc4c(c(N)c32)CCCC4)cc1,5.54516,JKYBFSJNLQTBCS-UHFFFAOYSA-N
2597,COc1ccc(C2c3ccc4cccnc4c3Oc3nc4c(c(N)c32)CCCC4)cc1,5.82102,JKYBFSJNLQTBCS-UHFFFAOYSA-N
2598,COc1cccc(C2c3ccc4cccnc4c3Oc3nc4c(c(N)c32)CCCC4)c1,6.12494,JKYBFSJNLQTBCS-UHFFFAOYSA-N
2599,Nc1c2c(nc3c1C(c1cccc(F)c1)c1ccc4cccnc4c1O3)CCCC2,5.65758,JKYBFSJNLQTBCS-UHFFFAOYSA-N
2600,Nc1c2c(nc3c1C(c1ccccc1)c1ccc4cccnc4c1O3)CCCC2,5.76195,JKYBFSJNLQTBCS-UHFFFAOYSA-N
4248,COc1cc2cc(C(=O)NCCC3CCN(Cc4ccccc4)CC3)[nH]c2cc1OC,6.49485,IFWJDCJQEWTHSS-UHFFFAOYSA-N
1366,CN1CC[C@@]2(C)c3cc(OC(=O)N4CCc5ccccc5C4)ccc3N(C)[C@@H]12,6.82974,BFKYRMLUMLJZJD-LRTDYKAYSA-N
4174,COC(=O)/C=C/C(=O)Nc1cccc(OCCCCSC(=S)N2CCCC2)c1,5.21896,CWSYGAVOGHHPRG-UHFFFAOYSA-N
2149,C/C(=C\C[C@]12C[C@H]3C[C@@H]4C(C)(C)CC[C@@]4(C1=O)C(=O)[C@](C(=O)c1ccccc1)(C2=O)C3(C)C)CC/C=C/C(C)C,5.00877,AYZUQWARUALHQF-LKIQXGJQSA-N
2227,CCC(CC)n1cc(C(=O)C(F)F)cn1,7.497035,WTKZEGDFNFYCGP-UHFFFAOYSA-N
2228,CCCC(C)n1cc(C(=O)C(F)F)cn1,6.814075,WTKZEGDFNFYCGP-UHFFFAOYSA-N
2229,CCC(C)n1cc(C(=O)C(F)F)cn1,7.01231,WTKZEGDFNFYCGP-UHFFFAOYSA-N
2230,CC(C)n1cc(C(=O)C(F)F)cn1,6.078405,WTKZEGDFNFYCGP-UHFFFAOYSA-N
2232,CC(C)Cn1cc(C(=O)C(F)(F)F)cn1,6.19859,WTKZEGDFNFYCGP-UHFFFAOYSA-N
2234,CCC(CC)n1cc(C(=O)C(F)(F)F)cn1,8.533815,WTKZEGDFNFYCGP-UHFFFAOYSA-N
2235,CCCC(C)n1cc(C(=O)C(F)(F)F)cn1,8.11148,WTKZEGDFNFYCGP-UHFFFAOYSA-N
2236,CCC(C)n1cc(C(=O)C(F)(F)F)cn1,8.121324999999999,WTKZEGDFNFYCGP-UHFFFAOYSA-N
2237,CC(C)n1cc(C(=O)C(F)(F)F)cn1,7.013954999999999,WTKZEGDFNFYCGP-UHFFFAOYSA-N
2243,CC(C)Cn1cc(C(=O)C(F)F)cn1,4.984135,WTKZEGDFNFYCGP-UHFFFAOYSA-N
2246,CCC(CC)n1cc(C(=O)CF)cn1,5.280685,WTKZEGDFNFYCGP-UHFFFAOYSA-N
967,O=C(CCc1ccc2nc(-c3ccccc3)c3c(c2c1)OCCC3)NCCCCCCCNc1c2c(nc3cc(Cl)ccc13)CCCC2,7.89237,GYCRGXGRCCAPPT-UHFFFAOYSA-N
1955,O=C(Cc1cc(=O)oc2cc(O)ccc12)NCCCNc1c2c(nc3ccccc13)CCCC2,6.55752,ICXOGDKVJOQDQE-UHFFFAOYSA-N
4357,C/C(NCCCCNc1c2c(nc3ccccc13)CCCC2)=C(/N=N/c1ccc(C)cc1)C(=O)c1ccccc1,6.05061,GCMIDFMBOMINIX-DWCJFUQGSA-N
1111,O=C(CCC1CCN(Cc2ccccc2)CC1)c1ccc2c(c1)CCCN2c1ccccc1,7.26761,FTIASDZNAWKWHK-UHFFFAOYSA-N
2394,CCCCCCCNC(=O)Oc1ccc2c(c1)CN(C)C(c1cc[nH]c1)N2C,6.06956,IPUMUXGUXSUZNF-UHFFFAOYSA-N
1621,CC(C)=CCC/C(C)=C/Cc1ccc(O)c2nc3cccc(O)c3nc12,5.5817,PCNDJXKNXGMECE-UHFFFAOYSA-N
1622,CC(=O)Oc1cccc2nc3c(OC(C)=O)ccc(C/C=C(\C)CCC=C(C)C)c3nc12,5.6968,PCNDJXKNXGMECE-UHFFFAOYSA-N
1623,Oc1cccc2nc3c(O)cccc3nc12,5.34486,PCNDJXKNXGMECE-UHFFFAOYSA-N
752,COc1cc(C(=O)NCC(=O)NNc2c3c(nc4ccccc24)CCCC3)cc(OC)c1OC,7.28735,HMFNQBSADDJDKJ-UHFFFAOYSA-N
1774,COc1c(F)c[n+](CCCOc2ccc3c(C)cc(=O)oc3c2)cc1F.O=S(=O)([O-])C(F)(F)F,5.7454,GFTMVSFOIQWJSE-UHFFFAOYSA-N
1777,COc1ccc(C(F)(F)F)c[n+]1CCCOc1ccc2c(C)cc(=O)oc2c1.O=S(=O)([O-])C(F)(F)F,5.4437,GFTMVSFOIQWJSE-UHFFFAOYSA-N
4518,O=C(N/N=C/c1ccc([N+](=O)[O-])cc1)c1ccc(Cl)nc1,7.69897,BAZGGMGNEFKCHN-OQLLNIDSSA-N
4519,COc1ccc(/C=N/NC(=O)c2ccc(Cl)nc2)cc1OC,7.52288,BAZGGMGNEFKCHN-OQLLNIDSSA-N
4520,CCOc1cc(/C=N/NC(=O)c2ccc(Cl)nc2)ccc1O,7.52288,BAZGGMGNEFKCHN-OQLLNIDSSA-N
4521,COC(=O)c1ccc(/C=N/NC(=O)c2ccc(Cl)nc2)cc1,7.0,BAZGGMGNEFKCHN-OQLLNIDSSA-N
4522,COc1cc(/C=N/NC(=O)c2ccc(Cl)nc2)ccc1O,7.52288,BAZGGMGNEFKCHN-OQLLNIDSSA-N
981,CCCSc1nc2nc3c(c(N)c2s1)C1CC(C)=CC(C3)C1,5.11407,BNFDZLOQSFVVEC-UHFFFAOYSA-N
982,CCCSc1nc2nc3c(c(N)c2s1)C1CC(CC)=CC(C3)C1,5.13847,BNFDZLOQSFVVEC-UHFFFAOYSA-N
114,CNC(=O)Oc1ccc2c(c1)[C@]1(C)CCNC1N2,7.96257,VOWHONRMOCHCGC-UHFFFAOYSA-N
121,CNC(=O)Oc1ccc2c(c1)[C@]1(C)CCNC1N2C,7.67778,VOWHONRMOCHCGC-UHFFFAOYSA-N
129,CNC(=O)Oc1ccc2c(c1)[C@@]1(C)CCNC1N2,5.82681,VOWHONRMOCHCGC-UHFFFAOYSA-N
227,CCCCNC(=O)Oc1ccc2c(c1)[C@]1(C)CCN(C)C1N2C,6.81816,VOWHONRMOCHCGC-UHFFFAOYSA-N
233,CN(C)C(=O)Oc1ccc2c(c1)[C@]1(C)CCN(C)C1N2C,6.01323,VOWHONRMOCHCGC-UHFFFAOYSA-N
234,CCCCCCCCNC(=O)Oc1ccc2c(c1)[C@]1(C)CCN(C)C1N2C,6.95861,VOWHONRMOCHCGC-UHFFFAOYSA-N
255,CNC(=O)Oc1ccc2c(c1)[C@]1(C)CCN(C)C1N2C=O,6.41173,VOWHONRMOCHCGC-UHFFFAOYSA-N
274,CNC(=O)Oc1ccc2c(c1)[C@@]1(C)CCN(C)C1N2C,5.00494,VOWHONRMOCHCGC-UHFFFAOYSA-N
280,CNC(=O)Oc1ccc2c(c1)[C@@]1(C)CCN(C)C1N2,5.65886,VOWHONRMOCHCGC-UHFFFAOYSA-N
284,CNC(=O)Oc1ccc2c(c1)[C@]1(C)CCN(C)C1N2,7.24642,VOWHONRMOCHCGC-UHFFFAOYSA-N
599,CCNC(=O)Oc1ccc2c(c1)[C@]1(C)CCN(C)C1N2C,7.02687,VOWHONRMOCHCGC-UHFFFAOYSA-N
3865,CNC(=O)Oc1ccc2c(c1)[C@]1(C)CCN(C)[C@]1(C)N2C,7.55284,VOWHONRMOCHCGC-UHFFFAOYSA-N
2311,COc1cccc2cc(CNCCCCCCNc3c4c(nc5ccccc35)CCCC4)oc12,7.81531,JUVYNJSGHLUFJL-UHFFFAOYSA-N
4293,Cc1cc(NS(=O)(=O)c2ccc(-n3cc(COc4ccccc4-c4nc(-c5ccccc5)no4)nn3)cc2)no1,6.98297,KIMJOHZHCYGQGH-UHFFFAOYSA-N
584,C/C(=C\C(=O)N(C)[C@H]1CC[C@@]2(C)[C@@H](CC[C@@H]3[C@@H]2CC[C@]2(C)[C@@H]([C@H](C)N(C)C)CC[C@@H]32)C1)C(C)C,5.19,UACIBCPNAKBWHX-GFTPRTEMSA-N
590,C[C@H](NC=O)[C@H]1CC[C@H]2[C@@H]3CC[C@H]4C[C@@H](N(C)C)CC[C@]4(C)[C@H]3CC[C@]12C,5.19,UACIBCPNAKBWHX-GFTPRTEMSA-N
916,C/C=C(\C)C(=O)N[C@H]1CC[C@]2(C)[C@H]3CC[C@]4(C)[C@@H]([C@H](C)NC)CC[C@H]4[C@@H]3CC[C@H]2[C@H]1OC(C)=O,5.09151,UACIBCPNAKBWHX-GFTPRTEMSA-N
2995,C[C@H]1COc2c1c(=O)oc(=O)c1c3c(ccc21)C(C)(C)CCC3,5.49309,GXAYYQMQBAJZJJ-UHFFFAOYSA-N
1350,CC(C)c1ccc(NC(=O)Oc2ccc3c(c2)[C@]2(C)CC[N+](C)(CCc4ccccc4)C2N3C)cc1,6.52288,FGYCMKQXOGBSDD-UHFFFAOYSA-O
667,CNC(=O)Oc1cccc(CN(C)CCCOc2ccc3c(c2)O/C(=C\c2cc(OC)c(OC)c(OC)c2)C3=O)c1,5.52433,QEBJUDNUEAUMPD-JLPGSUDCSA-N
1303,CNC(=O)Oc1cccc(CN(C)CCCOc2ccc3c(c2)O/C(=C\c2cc(O)c(O)c(O)c2)C3=O)c1,8.52433,QEBJUDNUEAUMPD-JLPGSUDCSA-N
60,COc1ccccc1CNCCCCCCNCCCCCCCCNCCCCCCNCc1ccccc1OC,5.27,BTBQFAQETBWIOC-UHFFFAOYSA-N
2464,CN(CCCOc1ccc2ccc(=O)oc2c1)Cc1cccc(OC(=O)NCCCCCCc2ccccc2)c1,6.96257,DNMRPYYNCOVHIX-UHFFFAOYSA-N
968,O=C(CCc1ccc2nc(-c3ccccc3)c3c(c2c1)OCCC3)NCCCCCCNc1c2c(nc3cc(Cl)ccc13)CCCC2,7.95468,AGQTUPBLVLPGIW-UHFFFAOYSA-N
2028,COc1ccc2nc3c(c(NCCNC4=CC(=O)c5ccccc5C4=O)c2c1)CCCC3,5.59688,DVAUGKNGSJLBSB-UHFFFAOYSA-N
2030,O=C1C=C(NCCNc2c3c(nc4ccccc24)CCCC3)C(=O)c2ccccc21,7.84466,DVAUGKNGSJLBSB-UHFFFAOYSA-N
2032,O=C1C=C(NCCNc2c3c(nc4cc(Cl)ccc24)CCCC3)C(=O)c2ccccc21,8.71444,DVAUGKNGSJLBSB-UHFFFAOYSA-N
2034,O=C1C(NCCNc2c3c(nc4ccccc24)CCCC3)=CC(=O)c2c(O)cccc21,7.6073,DVAUGKNGSJLBSB-UHFFFAOYSA-N
2036,O=C1C(NCCNc2c3c(nc4cc(Cl)ccc24)CCCC3)=CC(=O)c2c(O)cccc21,9.14267,DVAUGKNGSJLBSB-UHFFFAOYSA-N
2038,COc1ccc2nc3c(c(NCCNC4=CC(=O)c5c(O)cccc5C4=O)c2c1)CCCC3,6.18642,DVAUGKNGSJLBSB-UHFFFAOYSA-N
2040,COc1ccc2nc3c(c(NCCNC4=C(Cl)C(=O)c5ccccc5C4=O)c2c1)CCCC3,5.86328,DVAUGKNGSJLBSB-UHFFFAOYSA-N
2042,O=C1C(Cl)=C(NCCNc2c3c(nc4cc(Cl)ccc24)CCCC3)C(=O)c2ccccc21,8.49349,DVAUGKNGSJLBSB-UHFFFAOYSA-N
2044,O=C1C(Cl)=C(NCCNc2c3c(nc4ccccc24)CCCC3)C(=O)c2ccccc21,7.01728,DVAUGKNGSJLBSB-UHFFFAOYSA-N
2112,CCN(CCCOc1ccc(-c2cc(=O)c3c(OC)c(OC)c(OC)cc3o2)cc1)Cc1ccccc1OC,6.69897,MKXCTUCBIJGEMG-UHFFFAOYSA-N
2118,CCN(CCCOc1ccc(-c2cc(=O)c3c(O)c(OC)c(OC)cc3o2)cc1)Cc1ccccc1OC,6.04576,MKXCTUCBIJGEMG-UHFFFAOYSA-N
3542,COc1cc2c(cc1OC)C(=O)/C(=C/c1ccc(N3CC[N+](C)(Cc4ccccn4)CC3)cc1)C2,6.42022,BQYZQHSHVHKUAX-OQKWZONESA-O
632,COc1cc2cc(C(=O)C3=CC[N+](C)(Cc4ccccc4)CC3)sc2cc1OC,6.284,FBTGIGPIRWBHTC-UHFFFAOYSA-O
2948,C[C@@H]1C[C@H]2CC(=O)[C@H]3CCC[N+]4([O-])CCC[C@]2(O)[C@]34C1,6.22915,GWSVBLYOVYFHBW-JISICJPESA-O
4416,CC(c1cccc(OC(=O)NCCc2c[nH]c3ccccc23)c1)N(C)C,7.61137,KXQJVRXDPOYTNZ-UHFFFAOYSA-N
4417,Cc1ccc2[nH]cc(CCNC(=O)Oc3cccc(C(C)N(C)C)c3)c2c1,7.13501,KXQJVRXDPOYTNZ-UHFFFAOYSA-N
4418,COc1ccc2[nH]cc(CCNC(=O)Oc3cccc(C(C)N(C)C)c3)c2c1,7.31587,KXQJVRXDPOYTNZ-UHFFFAOYSA-N
4419,CC(c1cccc(OC(=O)NCCc2c[nH]c3ccc(O)cc23)c1)N(C)C,8.63639,KXQJVRXDPOYTNZ-UHFFFAOYSA-N
4420,CC(c1cccc(OC(=O)NCCc2c[nH]c3ccc(Cl)cc23)c1)N(C)C,7.86044,KXQJVRXDPOYTNZ-UHFFFAOYSA-N
4421,C[C@@H](c1cccc(OC(=O)NCCc2c[nH]c3ccccc23)c1)N(C)C,7.65443,KXQJVRXDPOYTNZ-UHFFFAOYSA-N
4422,Cc1ccc2[nH]cc(CCNC(=O)Oc3cccc([C@H](C)N(C)C)c3)c2c1,7.26177,KXQJVRXDPOYTNZ-UHFFFAOYSA-N
4423,COc1ccc2[nH]cc(CCNC(=O)Oc3cccc([C@H](C)N(C)C)c3)c2c1,7.66878,KXQJVRXDPOYTNZ-UHFFFAOYSA-N
4424,C[C@@H](c1cccc(OC(=O)NCCc2c[nH]c3ccc(O)cc23)c1)N(C)C,9.00436,KXQJVRXDPOYTNZ-UHFFFAOYSA-N
4425,C[C@@H](c1cccc(OC(=O)NCCc2c[nH]c3ccc(Cl)cc23)c1)N(C)C,8.09854,KXQJVRXDPOYTNZ-UHFFFAOYSA-N
4426,C[C@H](c1cccc(OC(=O)NCCc2c[nH]c3ccc(Cl)cc23)c1)N(C)C,8.07676,KXQJVRXDPOYTNZ-UHFFFAOYSA-N
180,O=C1/C(=C/c2cc[nH]c2)CN(Cc2ccccc2)C/C1=C\c1cc[nH]c1,5.22185,ACFCLLGSDFAVEQ-CLVAPQHMSA-N
3687,c1ccc(CN2CCC(c3cc4ccccc4o3)CC2)cc1,5.29499,JMULJIQFSHBVOR-UHFFFAOYSA-N
730,CC1=C(CCN2CCN(C(c3ccc(F)cc3)c3ccc(F)cc3)CC2)C(=O)C2CCCCC2=N1,5.96948,AVBMYNQDDDXVFM-UHFFFAOYSA-N
1931,O=C1/C(=C\c2ccc(N3CCCC3)cc2)CNC/C1=C\c1ccc(N2CCCC2)cc1,5.02136,STCSLEWFMHPGFM-QFFDILLMSA-N
1932,CN1C/C(=C/c2ccc(N3CCCC3)cc2)C(=O)/C(=C/c2ccc(N3CCCC3)cc2)C1,5.55596,STCSLEWFMHPGFM-QFFDILLMSA-N
1712,O=c1c(O)c(-c2ccc(O)c(O)c2)oc2cc(O)ccc12,7.92082,VHBFFQKBGNRLFZ-UHFFFAOYSA-N
1713,O=c1c(O)c(-c2cc(O)c(O)c(O)c2)oc2cc(O)cc(O)c12,7.92082,VHBFFQKBGNRLFZ-UHFFFAOYSA-N
1714,O=c1c(O)c(-c2ccccc2)oc2cc(O)cc(O)c12,7.92082,VHBFFQKBGNRLFZ-UHFFFAOYSA-N
3423,CCN(C)C(=O)Oc1ccc(-c2cc(=O)c3c(O)cc(OC(=O)N(C)CC)cc3o2)cc1,5.13493,VHBFFQKBGNRLFZ-UHFFFAOYSA-N
3424,CCN(C)C(=O)Oc1ccc(-c2cc(=O)c3c(OC(=O)N(C)CC)cc(OC(=O)N(C)CC)cc3o2)cc1,4.97315,VHBFFQKBGNRLFZ-UHFFFAOYSA-N
3946,O=c1c(O)c(-c2ccccc2)oc2cc(Br)c(I)cc12,5.0,VHBFFQKBGNRLFZ-UHFFFAOYSA-N
4015,O=c1c(O)c(-c2ccc(O)c(O)c2)oc2cc(O)cc(O)c12,5.53611,VHBFFQKBGNRLFZ-UHFFFAOYSA-N
4018,COc1cc(O)c2c(=O)cc(-c3ccccc3)oc2c1OC,5.60906,VHBFFQKBGNRLFZ-UHFFFAOYSA-N
4048,O=c1c(O)c(-c2ccc(F)cc2)oc2cc(F)c(I)cc12,8.4908,VHBFFQKBGNRLFZ-UHFFFAOYSA-N
4049,O=c1c(O)c(-c2ccc(Cl)cc2)oc2cc(F)c(I)cc12,8.46218,VHBFFQKBGNRLFZ-UHFFFAOYSA-N
4050,COc1ccc(-c2oc3cc(Br)c(I)cc3c(=O)c2O)cc1,7.53775,VHBFFQKBGNRLFZ-UHFFFAOYSA-N
4051,COc1ccc(-c2oc3cc(OC)c(I)cc3c(=O)c2O)cc1,8.14327,VHBFFQKBGNRLFZ-UHFFFAOYSA-N
4075,CCN(CC)C(=O)Oc1ccc(-c2cc(=O)c3c(O)c(O)c(O)cc3o2)cc1,5.92082,VHBFFQKBGNRLFZ-UHFFFAOYSA-N
4079,CCN(CC)CCOc1ccc2c(=O)cc(-c3ccc(OC)cc3)oc2c1,7.56703,VHBFFQKBGNRLFZ-UHFFFAOYSA-N
4168,O=c1cc(-c2ccc(O)cc2)oc2ccccc12,5.82391,VHBFFQKBGNRLFZ-UHFFFAOYSA-N
879,COc1cc2c(cc1OC)[C@]1(OC2=O)[C@H](O)[C@@H](O)C=C2CCN(C)[C@H]21,5.63451,JXHMSNWZWHVJCA-UKRRQHHQSA-N
1138,CCN1CC[C@@]2(C)c3cc(OC(=O)NC(C)c4ccccc4)ccc3C[C@@H]12,5.87615,VEPPAPQOHSMECW-UHUGOGIASA-N
1139,CCN1CC[C@@]2(C)c3cc(OC(=O)NCc4ccccc4)ccc3C[C@@H]12,7.16115,VEPPAPQOHSMECW-UHUGOGIASA-N
1064,CCCCCCOC(=O)[C@H](CCC(=O)NCCC1CCN(Cc2ccccc2)CC1)NC(=O)c1cc2ccsc2s1,6.52288,HVOQIFAVBGXVKS-UHFFFAOYSA-N
706,CC(C)c1ccc(NC(=O)Oc2ccc3c(c2)[C@]2(C)CCO[C@@H]2N3C)cc1,5.41341,BLMXFPRHYAECRY-VYIIXAMBSA-N
708,Cc1ccccc1NC(=O)Oc1ccc2c(c1)[C@]1(C)CCO[C@@H]1N2C,7.88606,BLMXFPRHYAECRY-VYIIXAMBSA-N
3073,COc1c(C(=O)CCC2CCN(CC3CCCCC3)CC2)cc(Cl)c2c1ccn2Cc1ccccc1,6.58403,ICALDSOVJLIENB-UHFFFAOYSA-N
3075,O=C(CCC1CCN(CC2CCCCC2)CC1)c1ccc2c(ccn2Cc2ccccc2)c1,6.87615,ICALDSOVJLIENB-UHFFFAOYSA-N
4472,C[C@@H]1CC[C@]2(C(=O)NCc3ccccc3Cl)CC[C@]3(C)C(=CC[C@@H]4[C@@]5(C)C[C@@H](O)[C@H](O)[C@@](C)(CO)[C@@H]5CC[C@]43C)[C@@H]2[C@]1(C)O,5.4318,BLNLCJPKUXWYSV-QUOSSWOJSA-N
1708,CCOC(=O)c1c(C)nc2nc3c(c(N)c2c1-c1ccncc1)CCCCC3,5.29,FROZZPRXNQNBSA-UHFFFAOYSA-N
671,CCC(=O)Oc1cccc(CN(C)CCCCCCCOc2ccc3c(c2)O/C(=C\c2ccc4ccccc4c2)C3=O)c1,5.67985,UWIUJEBCGNCCDI-JDCMOKTRSA-N
1305,CNC(=O)Oc1cccc(CN(C)CCCCCCCOc2ccc3c(c2)O/C(=C\c2ccc4ccccc4c2)C3=O)c1,8.67985,UWIUJEBCGNCCDI-JDCMOKTRSA-N
225,CCCCCCNC(=O)Oc1ccc2c(c1)[C@]1(C)CCN(CC)[C@@H]1C2,7.522880000000001,AYMKUDMWKRYQAG-RRKGBCIJSA-N
1131,CCCCCCCNC(=O)Oc1ccc2c(c1)[C@]1(C)CCN(C)[C@@H]1C2,6.9431,AYMKUDMWKRYQAG-RRKGBCIJSA-N
1132,CCCCCCNC(=O)Oc1ccc2c(c1)[C@]1(C)CCN(C)[C@@H]1C2,8.0,AYMKUDMWKRYQAG-RRKGBCIJSA-N
1133,CCCCCCCNC(=O)Oc1ccc2c(c1)[C@]1(C)CCN(CC)[C@@H]1C2,7.23657,AYMKUDMWKRYQAG-RRKGBCIJSA-N
1134,CCCCNC(=O)Oc1ccc2c(c1)[C@]1(C)CCN(CC)[C@@H]1C2,7.04576,AYMKUDMWKRYQAG-RRKGBCIJSA-N
1135,CCCNC(=O)Oc1ccc2c(c1)[C@]1(C)CCN(CC)[C@@H]1C2,6.81248,AYMKUDMWKRYQAG-RRKGBCIJSA-N
1136,CCN1CC[C@@]2(C)c3cc(OC(=O)NC)ccc3C[C@@H]12,7.42022,AYMKUDMWKRYQAG-RRKGBCIJSA-N
1140,CCCCCCCNC(=O)Oc1ccc2c(c1)[C@]1(C)CCN(CCC)[C@@H]1C2,7.03152,AYMKUDMWKRYQAG-RRKGBCIJSA-N
1141,CCCCCCNC(=O)Oc1ccc2c(c1)[C@]1(C)CCN(CCC)[C@@H]1C2,7.20761,AYMKUDMWKRYQAG-RRKGBCIJSA-N
3657,Cc1ccc(S(=O)(=O)SCc2ccccc2)cc1,6.28617,SCHZXZPFGJTWJB-UHFFFAOYSA-N
3658,Cc1ccc(S(=O)(=O)SCc2ccc(F)cc2)cc1,6.50515,SCHZXZPFGJTWJB-UHFFFAOYSA-N
3659,Cc1ccc(S(=O)(=O)SCc2ccc(Cl)cc2)cc1,6.32039,SCHZXZPFGJTWJB-UHFFFAOYSA-N
3660,Cc1ccc(S(=O)(=O)SCc2ccc([N+](=O)[O-])cc2)cc1,6.67305,SCHZXZPFGJTWJB-UHFFFAOYSA-N
3661,Cc1ccc(S(=O)(=O)SCc2ccc(C#N)cc2)cc1,6.70841,SCHZXZPFGJTWJB-UHFFFAOYSA-N
3662,Cc1ccc(S(=O)(=O)SCc2ccc(C(F)(F)F)cc2)cc1,7.06248,SCHZXZPFGJTWJB-UHFFFAOYSA-N
3663,Cc1ccc(S(=O)(=O)SCc2ccc(OC(F)(F)F)cc2)cc1,6.88807,SCHZXZPFGJTWJB-UHFFFAOYSA-N
3664,COc1ccc(CSS(=O)(=O)c2ccc(C)cc2)cc1,6.3114,SCHZXZPFGJTWJB-UHFFFAOYSA-N
3665,Cc1ccc(S(=O)(=O)SCc2ccc(C(C)C)cc2)cc1,7.92445,SCHZXZPFGJTWJB-UHFFFAOYSA-N
3666,Cc1ccc(S(=O)(=O)SCc2ccc(C(C)(C)C)cc2)cc1,6.75301,SCHZXZPFGJTWJB-UHFFFAOYSA-N
1867,Cn1ncc2c1-c1sccc1C2NC(=O)CN1CCN(Cc2ccccc2F)CC1,5.87943,KWXRZCJBVNGGSK-UHFFFAOYSA-N
1868,Cn1ncc2c1-c1sccc1C2NC(=O)CN1CCN(Cc2ccccc2)CC1,6.03152,KWXRZCJBVNGGSK-UHFFFAOYSA-N
1869,O=C(CN1CCN(Cc2ccccc2)CC1)NC1c2cn[nH]c2-c2sccc21,5.03716,KWXRZCJBVNGGSK-UHFFFAOYSA-N
3053,CN1c2ccc(OC(=O)NCCCCCCN3CCCC3)cc2CN2CCc3ccccc3C21,6.05776,FEWSBLNWZZKPCG-UHFFFAOYSA-N
2011,C/C=C1\[C@H]2C=C(C)C[C@]1(N[C@H]1OC(=O)C3=C4CC(C)(C)C[C@H]4[C@@H](C)[C@@H](O)C[C@]31O)c1ccc(=O)[nH]c1C2,5.66354,TUAGUVROCPGBRH-HLOKYFMASA-N
2012,C/C=C1\[C@H]2C=C(C)C[C@]1(N[C@H]1OC(=O)C3=C4CC(C)(C)C[C@H]4[C@@H](C)[C@@H](O)C[C@]31OC)c1ccc(=O)[nH]c1C2,6.00436,TUAGUVROCPGBRH-HLOKYFMASA-N
2682,CN1C(=O)C2CN(C)C3(C(=O)c4ccccc4C3=O)C2C1=O,5.67778,AJMKIWXIURIKPS-UHFFFAOYSA-N
3579,Cc1ccc(C(=O)N2CCN(CC(=O)N3CCN(CCCc4c[nH]c5ccc(F)cc45)CC3)CC2)cc1,5.4437,HJELLEISQPFXGX-UHFFFAOYSA-N
3580,O=C(CN1CCN(C(=O)c2ccc(F)cc2)CC1)N1CCN(CCCc2c[nH]c3ccc(F)cc23)CC1,5.46852,HJELLEISQPFXGX-UHFFFAOYSA-N
4283,CCCNC(C)C(=O)Nc1c(C)csc1-c1nc(C)no1,6.6968,ASIVDOCWODPISQ-UHFFFAOYSA-N
2298,COC(=O)C1=C(C)OP(=O)(OC)OCC1,5.9850650000000005,AZSNCMXKYRSIGD-UHFFFAOYSA-N
2299,COP1(=O)OCCC(C(=O)OC(C)(C)C)=C(C)O1,5.221909999999999,AZSNCMXKYRSIGD-UHFFFAOYSA-N
70,Nc1c2c(nc3ccccc13)-c1ccccc1C2,6.31299,KUZOQBPSADEASZ-UHFFFAOYSA-N
286,Nc1c2c(nc3cc(Cl)ccc13)-c1ccccc1C2,5.18,KUZOQBPSADEASZ-UHFFFAOYSA-N
289,COc1ccc2c(c1)-c1nc3ccccc3c(N)c1C2,5.37,KUZOQBPSADEASZ-UHFFFAOYSA-N
294,Nc1ccc2nc3c(c(N)c2c1)Cc1ccccc1-3,5.23,KUZOQBPSADEASZ-UHFFFAOYSA-N
301,Nc1c2c(nc3ccccc13)-c1ccc(F)cc1C2,6.36,KUZOQBPSADEASZ-UHFFFAOYSA-N
307,Cc1ccc2c(c1)-c1nc3ccccc3c(N)c1C2,5.34,KUZOQBPSADEASZ-UHFFFAOYSA-N
311,Cc1cccc2c1Cc1c-2nc2ccccc2c1N,5.41,KUZOQBPSADEASZ-UHFFFAOYSA-N
317,COc1ccc2c(c1)Cc1c-2nc2ccccc2c1N,5.19,KUZOQBPSADEASZ-UHFFFAOYSA-N
321,COc1cccc2c1Cc1c-2nc2ccccc2c1N,5.78,KUZOQBPSADEASZ-UHFFFAOYSA-N
324,Nc1c2c(nc3ccccc13)-c1ccc(Cl)cc1C2,5.27,KUZOQBPSADEASZ-UHFFFAOYSA-N
326,Nc1c2c(nc3cc(F)ccc13)-c1ccccc1C2,5.92,KUZOQBPSADEASZ-UHFFFAOYSA-N
2828,CN(C)C(=O)Oc1cccc2c1cc(C(=O)NCCOCCOCCN1C(=O)c3ccccc3C1=O)c[n+]2C.O=S(=O)([O-])C(F)(F)F,8.22185,JCLOJXJAQKBSDI-UHFFFAOYSA-O
682,O=C(CCCCC1CCSS1)NCCCCNc1c2c(nc3ccccc13)CCCC2,7.45346,IEBFRRATFZBOGS-UHFFFAOYSA-N
1060,CCCCCCOC(=O)[C@H](CCC(=O)NCCC1CCN(Cc2ccccc2)CC1)NC(=O)c1cccs1,6.30103,IVKKKQOFNSTSIZ-UHFFFAOYSA-N
1061,CCCCCCOC(=O)[C@H](CCC(=O)NCCC1CCN(Cc2ccccc2)CC1)NC(=O)c1cc(Br)cs1,6.74473,IVKKKQOFNSTSIZ-UHFFFAOYSA-N
3787,CC(=O)N1N=C(c2ccc(C)cc2)CC1c1ccc(-c2ccccc2)cc1,6.07314,BQTRLZBZPXOORP-UHFFFAOYSA-N
3788,CC(=O)N1N=C(c2ccccc2[N+](=O)[O-])CC1c1ccc(-c2ccccc2)cc1,7.284,BQTRLZBZPXOORP-UHFFFAOYSA-N
3789,CC(=O)N1N=C(c2ccc(Br)cc2)CC1c1ccc(-c2ccccc2)cc1,6.04431,BQTRLZBZPXOORP-UHFFFAOYSA-N
595,CNC(=O)Oc1ccc2c(c1)[C@]1(C)CCOC1N2C,7.98329,FXHKMZQULJFLCI-UHFFFAOYSA-N
596,CCNC(=O)Oc1ccc2c(c1)[C@]1(C)CCOC1N2C,7.08619,FXHKMZQULJFLCI-UHFFFAOYSA-N
1033,CCN(CC)CCCCCOc1ccc2c(c1)CC/C(=C\c1ccc(CN(C)Cc3ccccc3)cc1)C2=O,7.25181,QODGEVYNCJFDSD-XQNSMLJCSA-N
1034,COc1cc2c(cc1OC)C(=O)/C(=C/c1ccc(CN(C)Cc3ccccc3)cc1)CC2,6.74473,QODGEVYNCJFDSD-XQNSMLJCSA-N
1035,COc1ccc2c(c1)C(=O)/C(=C/c1ccc(CN(C)Cc3ccccc3)cc1)CC2,5.26922,QODGEVYNCJFDSD-XQNSMLJCSA-N
1036,COc1ccc2c(c1)CC/C(=C\c1ccc(CN(C)Cc3ccccc3)cc1)C2=O,6.95861,QODGEVYNCJFDSD-XQNSMLJCSA-N
1440,c1ccc2c[n+](CCCCCCCC[n+]3ccc4ccccc4c3)ccc2c1,8.30103,GMXBRECDYFCFAU-UHFFFAOYSA-N
2123,N#Cc1cc2c(cn1)[nH]c1ncc(-c3ccc(CN4CCCCC4)cc3)cc12,6.47756,AGJHYDCWZUUFAE-UHFFFAOYSA-N
2124,C[C@@H]1CCC[C@H](C)N1Cc1ccc(-c2cnc3[nH]c4cnc(C#N)cc4c3c2)cc1,6.86967,AGJHYDCWZUUFAE-UHFFFAOYSA-N
2125,C[C@@H]1C[C@H](C)CN(Cc2ccc(-c3cnc4[nH]c5cnc(C#N)cc5c4c3)cc2)C1,5.38722,AGJHYDCWZUUFAE-UHFFFAOYSA-N
2126,CC1(C)CCCN(Cc2ccc(-c3cnc4[nH]c5cnc(C#N)cc5c4c3)cc2)C1,5.47756,AGJHYDCWZUUFAE-UHFFFAOYSA-N
2127,CC1(C)CCN(Cc2ccc(-c3cnc4[nH]c5cnc(C#N)cc5c4c3)cc2)CC1,7.95861,AGJHYDCWZUUFAE-UHFFFAOYSA-N
2128,CC(C)(c1ccc(-c2cnc3[nH]c4cnc(C#N)cc4c3c2)cc1)N1CCCCC1,6.29499,AGJHYDCWZUUFAE-UHFFFAOYSA-N
2129,N#Cc1cc2c(cn1)[nH]c1ncc(-c3ccc(CN4CCC(O)CC4)cc3)cc12,6.42251,AGJHYDCWZUUFAE-UHFFFAOYSA-N
2130,N#Cc1cc2c(cn1)[nH]c1ncc(-c3ccc(CN4CCC[C@@H](O)C4)cc3)cc12,6.14997,AGJHYDCWZUUFAE-UHFFFAOYSA-N
2131,N#Cc1cc2c(cn1)[nH]c1ncc(-c3ccc(CN4CCC(F)CC4)cc3)cc12,6.05061,AGJHYDCWZUUFAE-UHFFFAOYSA-N
2132,N#Cc1cc2c(cn1)[nH]c1ncc(-c3ccc(CN4CCC(C#N)CC4)cc3)cc12,5.57025,AGJHYDCWZUUFAE-UHFFFAOYSA-N
2138,NC(=O)c1cc2c(cn1)[nH]c1ncc(-c3ccc(CN4CCCCC4)cc3)cc12,6.66354,AGJHYDCWZUUFAE-UHFFFAOYSA-N
4203,Cc1cc(C)c(C(=O)/C=C/c2nc(C)c(C)nc2C)cc1C,5.61979,KFJULHIJZGIJHV-VOTSOKGWSA-N
202,CN1CCC(CCC2C(=O)Nc3ccccc3C2=O)CC1,8.37675,JSGAUGGABXMCFB-UHFFFAOYSA-N
3095,S=C(NCc1ccccc1)NNc1c2c(nc3ccccc13)CCCC2,6.66154,GHGXCYPXBDQVRC-UHFFFAOYSA-N
4384,COc1ccc2c(c1)c(=O)c1ccccc1n2Cc1cn(Cc2ccc(Cl)cc2)nn1,5.13608,JNNPDYMRWFDTIS-UHFFFAOYSA-N
1858,CCOC(=O)c1ccc2nc(-c3cccnc3)c3c(c2c1)N(Cc1ccccc1)CCC3,5.97469,FNKFXYYONXANRT-UHFFFAOYSA-N
4120,Cc1cc(=O)[nH]c2c1C(=O)C(NCCNc1c3c(nc4ccccc14)CCCC3)=CC2=O,6.17587,IESCBRYMXHTAKI-UHFFFAOYSA-N
4122,Cc1cc(=O)[nH]c2c1C(=O)C(NCCNc1c3c(nc4cc(Cl)ccc14)CCCC3)=CC2=O,6.91721,IESCBRYMXHTAKI-UHFFFAOYSA-N
1570,CC1=C[C@@H]2Cc3nc4cc(Cl)ccc4c(NCCCCCCCNc4c5c(nc6ccccc46)CCCC5)c3[C@H](C1)C2,8.87615,PQWXUVNBAXVYLP-IZZNHLLZSA-N
1575,CC1=C[C@@H]2Cc3nc4cc(Cl)ccc4c(NCCCCCCCNc4c5c(nc6cc(Cl)ccc46)CCCC5)c3[C@H](C1)C2,8.69037,PQWXUVNBAXVYLP-IZZNHLLZSA-N
3718,COc1ccc2c3c1O[C@H]1C[C@@H](O)C=C[C@@]31CCN(CCCCc1cn(CCCCC(=O)NCCc3c[nH]c4ccccc34)nn1)C2,7.50864,ADESHZMJQLDWKW-JUKUECOXSA-N
3720,COc1ccc2[nH]cc(CCNC(=O)CCCCn3cc(CCCCN4CC[C@@]56C=C[C@H](O)C[C@@H]5Oc5c(OC)ccc(c56)C4)nn3)c2c1,7.74473,ADESHZMJQLDWKW-JUKUECOXSA-N
2743,CCN(CCCCCCNC(=O)COc1ccc(-c2cc(=O)c3c(OC)c(OC)c(OC)cc3o2)cc1)Cc1ccccc1OC,5.90309,KWMYGHIJOJWNKS-UHFFFAOYSA-N
2745,CCN(CCCCCCNC(=O)COc1ccc(-c2cc(=O)c3c(O)c(OC)c(OC)cc3o2)cc1)Cc1ccccc1OC,5.86328,KWMYGHIJOJWNKS-UHFFFAOYSA-N
300,CNC(=O)Oc1cccc2c1OC[C@@H]1CCN(C)[C@H]21,7.53003,OMAOPGJSIGOCIM-KWQFWETISA-N
319,CNC(=O)Oc1ccc2c(c1)OC[C@@H]1CCN(C)[C@H]21,6.61644,OMAOPGJSIGOCIM-KWQFWETISA-N
73,COc1cc2cc(C(=O)CC(O)C3CC[N+](C)(Cc4ccccc4)CC3)sc2cc1OC,6.690405,HXFSUKMKWTWURM-UHFFFAOYSA-O
90,COc1cc2cc(C(=O)CC(OC)C3CC[N+](C)(Cc4ccccc4)CC3)sc2cc1OC,6.92082,HXFSUKMKWTWURM-UHFFFAOYSA-O
102,COc1cc2cc(C(=O)CCC3CC[N+](C)(Cc4ccccc4)CC3)sc2cc1OC,8.09691,HXFSUKMKWTWURM-UHFFFAOYSA-O
910,c1cc(OCCCN2CCCCC2)ccc1CN1CCCCC1,5.49485,PTKHFRNHJULJKT-UHFFFAOYSA-N
912,OCCC1CCN(Cc2ccc(OCCCN3CCCCC3)cc2)CC1,6.45593,PTKHFRNHJULJKT-UHFFFAOYSA-N
913,OCC1CCN(Cc2ccc(OCCCN3CCCCC3)cc2)CC1,5.95861,PTKHFRNHJULJKT-UHFFFAOYSA-N
914,OC1CCN(Cc2ccc(OCCCN3CCCCC3)cc2)CC1,5.63827,PTKHFRNHJULJKT-UHFFFAOYSA-N
306,O=C1Cc2cc3onc(CCC4CCN(Cc5ccccc5)CC4)c3cc2N1,9.02228,GDDBSWQWOFNCSG-UHFFFAOYSA-N
625,CN1C(=O)Cc2cc3onc(CCC4CCN(Cc5ccccc5)CC4)c3cc21,9.31876,GDDBSWQWOFNCSG-UHFFFAOYSA-N
1485,CCN(CC)C(C)CN1c2ccccc2Sc2ccccc21,6.52288,WJFKNYWRSNBZNX-UHFFFAOYSA-N
1486,CCN(CC)C(C)C(=O)N1c2ccccc2Sc2ccccc21,5.47237,WJFKNYWRSNBZNX-UHFFFAOYSA-N
2384,Clc1ccc2c(c1)Nc1ccccc1S2,5.13077,WJFKNYWRSNBZNX-UHFFFAOYSA-N
2391,c1ccc2c(c1)Nc1ccccc1S2,5.13668,WJFKNYWRSNBZNX-UHFFFAOYSA-N
4090,O=C1CC2CCc3ccsc3C2=NN1Cc1ccc(CN2CCN(Cc3ccccc3)CC2)cc1,5.43771,FMHFUABJEGMXDA-UHFFFAOYSA-N
1880,CCOP(=S)(OCC)Oc1cc(C)nc(C(C)C)n1,5.72125,CZPWVGJYEJSRLH-UHFFFAOYSA-N
3492,COc1cc2c(cc1O)CCC(C)(CC(=O)NCCCCCCCNc1c3c(nc4ccccc14)CCCC3)O2,6.95468,RTGLFNITZWMBGU-UHFFFAOYSA-N
3496,COc1cc2c(cc1O)CCC(C)(CC(=O)NCCCCCCCNc1c3c(nc4cc(Cl)ccc14)CCCC3)O2,8.2652,RTGLFNITZWMBGU-UHFFFAOYSA-N
4360,CC(C)(C)c1cc(CNCCNc2c3c(nc4ccccc24)CCCCC3)cc(C(C)(C)C)c1O,5.72125,GDDZAQXRTNVYPY-UHFFFAOYSA-N
4560,CC(C)(C)c1ccc(CNCCNc2c3c(nc4ccccc24)CCCCC3)c(C(C)(C)C)c1O,5.72125,GDDZAQXRTNVYPY-UHFFFAOYSA-N
1752,Clc1ccc2[nH]c(-c3ccc(OCCN4CCOCC4)cc3)nc2c1,5.01189,FVWQPWJWXDUYOX-UHFFFAOYSA-N
607,Nc1ccc2c(c1)c(-c1ccccc1)[n+](CCCNCCCNCCCNc1c3c(nc4ccccc14)CCCC3)c1cc(N)ccc21,8.81824,JRYJUGMRNVCXOY-UHFFFAOYSA-N
1487,C[C@@H](Cc1ccccc1)NC(=O)Oc1cccc([C@H](C)N(C)C)c1,6.29414,HAXCSBJTTMWOMN-UHFFFAOYSA-N
1488,C[C@H](Cc1ccccc1)NC(=O)Oc1cccc([C@H](C)N(C)C)c1,6.39362,HAXCSBJTTMWOMN-UHFFFAOYSA-N
1489,C[C@@H](c1cccc(OC(=O)N(C)[C@@H](C)Cc2ccccc2)c1)N(C)C,6.88273,HAXCSBJTTMWOMN-UHFFFAOYSA-N
1490,C[C@H](Cc1ccccc1)N(C)C(=O)Oc1cccc([C@H](C)N(C)C)c1,6.51999,HAXCSBJTTMWOMN-UHFFFAOYSA-N
1950,CN(CCC(=O)NCCCCNc1c2c(nc3ccccc13)CCCC2)C1CCCCC1,6.98297,WMQRORZTVFOCTL-UHFFFAOYSA-N
1953,CCN(CCC(=O)NCCCCNc1c2c(nc3ccccc13)CCCC2)C1CCCCC1,7.02595,WMQRORZTVFOCTL-UHFFFAOYSA-N
2807,COc1cc2c(cc1OC)C(=O)C(CC1C=CN(Cc3ccccc3)C=C1C(C)=O)CC2,6.46279,DOSYFWUKMLAOET-UHFFFAOYSA-N
3324,c1ccc(-c2nnc(N3CCN(c4ccccn4)CC3)o2)cc1,6.46725,NBMHQAWRLMBPET-UHFFFAOYSA-N
3325,COc1cccc(-c2nnc(N3CCN(c4ccccn4)CC3)o2)c1OC,5.92445,NBMHQAWRLMBPET-UHFFFAOYSA-N
3326,COc1cc(-c2nnc(N3CCN(c4ccccn4)CC3)o2)cc(OC)c1OC,6.65365,NBMHQAWRLMBPET-UHFFFAOYSA-N
3327,Oc1ccc(-c2nnc(N3CCN(c4ccccn4)CC3)o2)cc1,5.92812,NBMHQAWRLMBPET-UHFFFAOYSA-N
3328,Oc1ccccc1-c1nnc(N2CCN(c3ccccn3)CC2)o1,5.91009,NBMHQAWRLMBPET-UHFFFAOYSA-N
3329,Oc1ccc(-c2nnc(N3CCN(c4ccccn4)CC3)o2)c(O)c1,5.8729,NBMHQAWRLMBPET-UHFFFAOYSA-N
3330,Cc1cccc(-c2nnc(N3CCN(c4ccccn4)CC3)o2)c1,5.28067,NBMHQAWRLMBPET-UHFFFAOYSA-N
3331,Cc1ccc(-c2nnc(N3CCN(c4ccccn4)CC3)o2)cc1,5.9914,NBMHQAWRLMBPET-UHFFFAOYSA-N
3332,O=[N+]([O-])c1ccc(-c2nnc(N3CCN(c4ccccn4)CC3)o2)cc1,6.65956,NBMHQAWRLMBPET-UHFFFAOYSA-N
3333,FC(F)(F)c1ccc(-c2nnc(N3CCN(c4ccccn4)CC3)o2)cc1,6.73993,NBMHQAWRLMBPET-UHFFFAOYSA-N
3334,FC(F)(F)Oc1ccc(-c2nnc(N3CCN(c4ccccn4)CC3)o2)cc1,7.05061,NBMHQAWRLMBPET-UHFFFAOYSA-N
3335,Clc1ccc(-c2nnc(N3CCN(c4ccccn4)CC3)o2)cc1,6.9914,NBMHQAWRLMBPET-UHFFFAOYSA-N
3336,Fc1ccc(-c2nnc(N3CCN(c4ccccn4)CC3)o2)cc1,6.86646,NBMHQAWRLMBPET-UHFFFAOYSA-N
3337,Brc1ccc(-c2nnc(N3CCN(c4ccccn4)CC3)o2)cc1,7.13077,NBMHQAWRLMBPET-UHFFFAOYSA-N
3338,Fc1ccc(-c2nnc(N3CCN(c4ccccn4)CC3)o2)c(F)c1,7.26761,NBMHQAWRLMBPET-UHFFFAOYSA-N
139,c1ccc(CN2CCC(CCNc3cc4ccc5ccccc5c4nn3)CC2)cc1,6.72125,BOEAEKKTIXSDNX-UHFFFAOYSA-N
1529,CCCCC/C=C\C/C=C\CCCCCCCC(=O)OCCCc1cc(OC)c2oc(-c3ccc4c(c3)OCO4)cc2c1,5.76955,DGXHKSQAMQUCQT-UHFFFAOYSA-N
1530,CCCCCCCC/C=C\CCCCCCCC(=O)OCCCc1cc(OC)c2oc(-c3ccc4c(c3)OCO4)cc2c1,5.74473,DGXHKSQAMQUCQT-UHFFFAOYSA-N
1531,CCCCC/C=C\C/C=C\CCCCCCCC(=O)OCCCc1ccc2oc(-c3ccc4c(c3)OCO4)cc2c1,5.56864,DGXHKSQAMQUCQT-UHFFFAOYSA-N
1532,CCCCCCCC/C=C\CCCCCCCC(=O)OCCCc1ccc2oc(-c3ccc4c(c3)OCO4)cc2c1,5.50864,DGXHKSQAMQUCQT-UHFFFAOYSA-N
1534,CC[C@H](C)C(=O)OCCCc1cc(OC)c2oc(-c3ccc4c(c3)OCO4)cc2c1,5.22915,DGXHKSQAMQUCQT-UHFFFAOYSA-N
1535,CC[C@H](C)C(=O)OCCCc1ccc2oc(-c3ccc4c(c3)OCO4)cc2c1,5.21467,DGXHKSQAMQUCQT-UHFFFAOYSA-N
611,COc1ccc(-c2cc3c(c(=O)o2)C[C@@]2(O)[C@@]4(C)C(=O)[C@@]5(OC)C(=O)O[C@]4(CC[C@@]2(C)O3)C5(C)C)cc1,6.63827,IOVMRCPGYSGUMJ-DXOLEWAWSA-N
1542,CC[C@]1(O)CC[C@H]2[C@@H]3CCC4=CCCC[C@@H]4[C@H]3CC[C@@]21C,5.18682,DKKWHIZUXSVRRX-BRNHUXAOSA-N
658,O=C(CCc1cc[n+](Cc2ccccc2)cc1)c1ccc2c(c1)OCO2,6.61979,CGPFCMGYTPXYSJ-UHFFFAOYSA-N
3684,C[n+]1ccc2[nH]c3ccc(F)cc3c2c1,5.72125,RDMFHRSPDKWERA-UHFFFAOYSA-O
3685,Cc1ccc2[nH]c3cc[n+](C)cc3c2c1,5.04096,RDMFHRSPDKWERA-UHFFFAOYSA-O
2730,C[n+]1c(/C=C/c2cc3ccccc3[nH]2)cc(N2CCOCC2)c2ccccc21,5.35655,DAGJMMZCVVNNNP-MDZDMXLPSA-O
4231,COc1cc2ncnc(N3CCN(c4ccc([N+](=O)[O-])cc4)CC3)c2cc1OC,6.31785,JYIDXZNSMUEXHK-UHFFFAOYSA-N
4232,COc1cc2ncnc(N3CCN(c4ccccc4)CC3)c2cc1OC,5.9974,JYIDXZNSMUEXHK-UHFFFAOYSA-N
4235,COc1cc2ncnc(N3CCN(c4ccc(F)cc4)CC3)c2cc1OC,5.9838,JYIDXZNSMUEXHK-UHFFFAOYSA-N
4240,COc1cc2ncnc(N3CCN(c4ccc(C)cc4)CC3)c2cc1OC,5.93144,JYIDXZNSMUEXHK-UHFFFAOYSA-N
4241,COc1cc2ncnc(N3CCN(c4ccc(Br)cc4)CC3)c2cc1OC,6.01189,JYIDXZNSMUEXHK-UHFFFAOYSA-N
4242,COc1cc2ncnc(N3CCN(c4ccccc4[N+](=O)[O-])CC3)c2cc1OC,6.03905,JYIDXZNSMUEXHK-UHFFFAOYSA-N
3796,CCCCCCCNC(=O)Oc1ccc(Cc2nc3cc(C(=O)N4CCCCC4)ccc3n2CCC(C)C)cc1,7.21827,BZVKJEORXGAQFX-UHFFFAOYSA-N
1115,CN1CCCCc2ccc(C(=O)CCC3CCN(Cc4ccccc4)CC3)cc21,7.09151,PMBLXLOXUGVTGB-UHFFFAOYSA-N
1116,CCN1CCCCc2ccc(C(=O)CCC3CCN(Cc4ccccc4)CC3)cc21,6.42481,PMBLXLOXUGVTGB-UHFFFAOYSA-N
1117,CCCN1CCCCc2ccc(C(=O)CCC3CCN(Cc4ccccc4)CC3)cc21,5.87615,PMBLXLOXUGVTGB-UHFFFAOYSA-N
1119,COc1ccccc1CN1CCC(CCC(=O)c2ccc3c(c2)NCCCC3)CC1,5.57643,PMBLXLOXUGVTGB-UHFFFAOYSA-N
1120,COc1cccc(CN2CCC(CCC(=O)c3ccc4c(c3)NCCCC4)CC2)c1,6.07212,PMBLXLOXUGVTGB-UHFFFAOYSA-N
1121,O=C(CCC1CCN(Cc2ccccc2F)CC1)c1ccc2c(c1)NCCCC2,6.48017,PMBLXLOXUGVTGB-UHFFFAOYSA-N
1122,O=C(CCC1CCN(Cc2cccc(F)c2)CC1)c1ccc2c(c1)NCCCC2,6.83863,PMBLXLOXUGVTGB-UHFFFAOYSA-N
1123,O=C(CCC1CCN(Cc2ccc(F)cc2)CC1)c1ccc2c(c1)NCCCC2,6.40561,PMBLXLOXUGVTGB-UHFFFAOYSA-N
1124,O=C(CCC1CCN(Cc2cccc(Cl)c2)CC1)c1ccc2c(c1)NCCCC2,6.47756,PMBLXLOXUGVTGB-UHFFFAOYSA-N
1125,Cc1cccc(CN2CCC(CCC(=O)c3ccc4c(c3)NCCCC4)CC2)c1,6.64975,PMBLXLOXUGVTGB-UHFFFAOYSA-N
1126,O=C(CCC1CCN(Cc2cccc([N+](=O)[O-])c2)CC1)c1ccc2c(c1)NCCCC2,6.40894,PMBLXLOXUGVTGB-UHFFFAOYSA-N
2578,COc1cc(/C=C/C(=O)Nc2ccccc2)ccc1OCCCCCCN(C)C,5.07572,FIIZQHKGJMRJIL-VAWYXSNFSA-N
2579,COc1cc(/C=C/C(=O)Nc2ccccc2)ccc1OCCCCCCCCN(C)C,5.04818,FIIZQHKGJMRJIL-VAWYXSNFSA-N
2580,COc1cc(/C=C/C(=O)Nc2ccccc2)ccc1OCCCCCCCCCCN(C)C,5.00305,FIIZQHKGJMRJIL-VAWYXSNFSA-N
2581,CCN(CC)CCCCCCOc1ccc(/C=C/C(=O)Nc2ccccc2)cc1OC,5.73755,FIIZQHKGJMRJIL-VAWYXSNFSA-N
2582,CCN(CC)CCCCCCCCOc1ccc(/C=C/C(=O)Nc2ccccc2)cc1OC,5.86646,FIIZQHKGJMRJIL-VAWYXSNFSA-N
2110,Cc1c(C)c2ccc(OCCN3CCN(CCCNc4c5c(nc6ccccc46)CCCC5)CC3)cc2oc1=O,7.7929,PIWUWOLYFQAYGB-UHFFFAOYSA-N
2111,Cc1c(Cl)c(=O)oc2cc(OCCN3CCN(CCCNc4c5c(nc6ccccc46)CCCC5)CC3)ccc12,7.61314,PIWUWOLYFQAYGB-UHFFFAOYSA-N
3421,O=C(CN1CCC2c3ccccc3NC2C1)Oc1ccc(/C=C2\CCn3c2nc2ccccc2c3=O)cc1,6.66486,GOMMQUCIBUSEBS-HEHNFIMWSA-N
1500,CC(C)C1=N[C@H]2CC[C@]34C[C@]35C(=O)C[C@]3(C)[C@@H]([C@H](C)N(C)Cc6ccccc6)[C@H](O)C[C@@]3(C)[C@@H]5CC[C@H]4[C@]2(C)CS1,8.1549,QJYDWYKRJCYXDL-BVIHQWTGSA-N
1503,COc1ccccc1CN(C)[C@@H](C)[C@H]1[C@H](O)C[C@@]2(C)[C@@H]3CC[C@H]4[C@]5(C)CSC(C(C)C)=N[C@H]5CC[C@@]45C[C@@]35C(=O)C[C@]12C,8.22185,QJYDWYKRJCYXDL-BVIHQWTGSA-N
1504,COc1cccc(CN(C)[C@@H](C)[C@H]2[C@H](O)C[C@@]3(C)[C@@H]4CC[C@H]5[C@]6(C)CSC(C(C)C)=N[C@H]6CC[C@@]56C[C@@]46C(=O)C[C@]23C)c1,8.52288,QJYDWYKRJCYXDL-BVIHQWTGSA-N
1505,COc1ccc(CN(C)[C@@H](C)[C@H]2[C@H](O)C[C@@]3(C)[C@@H]4CC[C@H]5[C@]6(C)CSC(C(C)C)=N[C@H]6CC[C@@]56C[C@@]46C(=O)C[C@]23C)cc1,8.04576,QJYDWYKRJCYXDL-BVIHQWTGSA-N
1506,CC(C)C1=N[C@H]2CC[C@]34C[C@]35C(=O)C[C@]3(C)[C@@H]([C@H](C)N(C)Cc6ccccc6C(F)(F)F)[C@H](O)C[C@@]3(C)[C@@H]5CC[C@H]4[C@]2(C)CS1,7.95861,QJYDWYKRJCYXDL-BVIHQWTGSA-N
1507,CC(C)C1=N[C@H]2CC[C@]34C[C@]35C(=O)C[C@]3(C)[C@@H]([C@H](C)N(C)Cc6cccc(C(F)(F)F)c6)[C@H](O)C[C@@]3(C)[C@@H]5CC[C@H]4[C@]2(C)CS1,8.52288,QJYDWYKRJCYXDL-BVIHQWTGSA-N
1508,CC(C)C1=N[C@H]2CC[C@]34C[C@]35C(=O)C[C@]3(C)[C@@H]([C@H](C)N(C)Cc6ccc(C(F)(F)F)cc6)[C@H](O)C[C@@]3(C)[C@@H]5CC[C@H]4[C@]2(C)CS1,8.52288,QJYDWYKRJCYXDL-BVIHQWTGSA-N
3970,C/C=C1/CN2CCc3c([nH]c4ccccc34)[C@@H]2CC1/C(=C\C(=O)OC)OC,5.4318,HJAAUEGOLKGVQB-HNNXBMFYSA-N
1684,CCOC(=O)C1=C(C)Oc2nc3c(c(N)c2[C@H]1c1ccccc1)CCC3,5.41,DAWIZDFDUWIGTD-CQSZACIVSA-N
3152,O=C(Nc1cc(-c2cn(CCNc3c4c(nc5ccccc35)CCCC4)nn2)ccn1)Nc1cccc2c1[C@@H]1CCCCN1C2=O,7.86328,BNBWNJAILLASJW-PMERELPUSA-N
2488,C#CCN(CCCC1CCN(Cc2ccccc2)CC1)Cc1ccc2cccc(O)c2n1,5.82391,MGRRNVKTJVOBFR-UHFFFAOYSA-N
2490,C#CCN(Cc1ccc2cccc(O)c2n1)C(C#N)CCC1CCN(Cc2ccccc2)CC1,7.5376,MGRRNVKTJVOBFR-UHFFFAOYSA-N
3232,Fc1ccc(/C=N/C2CCN(Cc3ccccc3)CC2)c(F)c1,5.88606,VVQPLYAHXAZPHF-HMMYKYKNSA-N
3233,Fc1ccc(/C=N/C2CCN(Cc3ccccc3)CC2)cc1,5.5376,VVQPLYAHXAZPHF-HMMYKYKNSA-N
3234,Clc1ccc(/C=N/C2CCN(Cc3ccccc3)CC2)c(Cl)c1,5.88606,VVQPLYAHXAZPHF-HMMYKYKNSA-N
3235,Clc1ccc(/C=N/C2CCN(Cc3ccccc3)CC2)cc1,5.82391,VVQPLYAHXAZPHF-HMMYKYKNSA-N
3236,FC(F)(F)Oc1ccc(/C=N/C2CCN(Cc3ccccc3)CC2)cc1,6.0,VVQPLYAHXAZPHF-HMMYKYKNSA-N
3237,FC(F)(F)c1ccc(/C=N/C2CCN(Cc3ccccc3)CC2)cc1,6.35655,VVQPLYAHXAZPHF-HMMYKYKNSA-N
3238,O=[N+]([O-])c1ccc(/C=N/C2CCN(Cc3ccccc3)CC2)cc1,6.04576,VVQPLYAHXAZPHF-HMMYKYKNSA-N
3239,Cc1ccc(/C=N/C2CCN(Cc3ccccc3)CC2)cc1,5.35655,VVQPLYAHXAZPHF-HMMYKYKNSA-N
3240,Oc1ccc(/C=N/C2CCN(Cc3ccccc3)CC2)c(O)c1,5.58503,VVQPLYAHXAZPHF-HMMYKYKNSA-N
3241,Oc1ccc(/C=N/C2CCN(Cc3ccccc3)CC2)cc1,5.31876,VVQPLYAHXAZPHF-HMMYKYKNSA-N
3242,Oc1ccccc1/C=N/C1CCN(Cc2ccccc2)CC1,5.55284,VVQPLYAHXAZPHF-HMMYKYKNSA-N
3243,C(=N\C1CCN(Cc2ccccc2)CC1)/c1ccccc1,5.67778,VVQPLYAHXAZPHF-HMMYKYKNSA-N
1415,O=C(CCC1CCN(Cc2ccccc2)CC1)c1ccc2c(c1)CNCCO2,7.40001,INRAOCPTSHECTL-UHFFFAOYSA-N
958,Clc1ccc2c(NCCCNCCCCCOc3cccc4[nH]c5ccccc5c34)c3c(nc2c1)CCCC3,8.81248,HXNMQPICJQXWHW-UHFFFAOYSA-N
4352,Cc1ccc(C(C)C)cc1OCC(O)CNCc1cccnc1,6.86646,KCYQEWRYCDDVDT-UHFFFAOYSA-N
3770,COc1cc(/C=C/c2nnc(-c3ccc(OC(F)(F)F)cc3)o2)ccc1O,7.03621,MIQDFIINRMWWAK-VAWYXSNFSA-N
4039,COc1cc(/C=C/c2nnc(-c3ccc(C(F)(F)F)cc3)o2)ccc1O,10.16749,MIQDFIINRMWWAK-VAWYXSNFSA-N
4040,COc1cc(/C=C/c2nnc(-c3ccc(Cl)cc3)o2)ccc1O,9.47625,MIQDFIINRMWWAK-VAWYXSNFSA-N
4041,COc1cc(/C=C/c2nnc(-c3ccc(Cl)cc3Cl)o2)ccc1O,9.65758,MIQDFIINRMWWAK-VAWYXSNFSA-N
4042,COc1cc(/C=C/c2nnc(-c3ccc(F)cc3)o2)ccc1O,9.54668,MIQDFIINRMWWAK-VAWYXSNFSA-N
4043,COc1cc(/C=C/c2nnc(-c3ccc(F)cc3F)o2)ccc1O,9.72125,MIQDFIINRMWWAK-VAWYXSNFSA-N
1695,CCOC(=O)C1=C(C)Oc2nc3c(c(N)c2[C@H]1c1ccncc1)CCCC3,5.52,IFPWYGKQIZAXQD-CQSZACIVSA-N
1418,O=C(CCC1CCN(Cc2ccccc2F)CC1)c1cc2c3c(ccn3C(=O)CC2)c1,8.59998,ICVPCSMALLMIGY-UHFFFAOYSA-N
1419,O=C(CCC1CCN(Cc2cccc(F)c2)CC1)c1cc2c3c(ccn3C(=O)CC2)c1,8.89008,ICVPCSMALLMIGY-UHFFFAOYSA-N
1420,O=C(CCC1CCN(Cc2ccccc2Cl)CC1)c1cc2c3c(ccn3C(=O)CC2)c1,8.28997,ICVPCSMALLMIGY-UHFFFAOYSA-N
1421,O=C(CCC1CCN(Cc2cccc(Cl)c2)CC1)c1cc2c3c(ccn3C(=O)CC2)c1,8.30998,ICVPCSMALLMIGY-UHFFFAOYSA-N
1422,O=C(CCC1CCN(Cc2ccc(Cl)cc2)CC1)c1cc2c3c(ccn3C(=O)CC2)c1,6.81999,ICVPCSMALLMIGY-UHFFFAOYSA-N
1423,COc1ccccc1CN1CCC(CCC(=O)c2cc3c4c(ccn4C(=O)CC3)c2)CC1,7.18997,ICVPCSMALLMIGY-UHFFFAOYSA-N
1424,COc1cccc(CN2CCC(CCC(=O)c3cc4c5c(ccn5C(=O)CC4)c3)CC2)c1,6.90001,ICVPCSMALLMIGY-UHFFFAOYSA-N
1425,COc1ccc(CN2CCC(CCC(=O)c3cc4c5c(ccn5C(=O)CC4)c3)CC2)cc1,6.46,ICVPCSMALLMIGY-UHFFFAOYSA-N
1426,O=C(CCC1CCN(Cc2ccccc2O)CC1)c1cc2c3c(ccn3C(=O)CC2)c1,8.96019,ICVPCSMALLMIGY-UHFFFAOYSA-N
1427,O=C(CCC1CCN(Cc2cccc(O)c2)CC1)c1cc2c3c(ccn3C(=O)CC2)c1,8.05998,ICVPCSMALLMIGY-UHFFFAOYSA-N
1428,O=C(CCC1CCN(Cc2ccccc2[N+](=O)[O-])CC1)c1cc2c3c(ccn3C(=O)CC2)c1,7.04998,ICVPCSMALLMIGY-UHFFFAOYSA-N
1429,O=C(CCC1CCN(Cc2cccc([N+](=O)[O-])c2)CC1)c1cc2c3c(ccn3C(=O)CC2)c1,8.54,ICVPCSMALLMIGY-UHFFFAOYSA-N
1434,O=C(CCC1CCN(Cc2ccc(F)cc2)CC1)c1cc2c3c(ccn3C(=O)CC2)c1,8.33999,ICVPCSMALLMIGY-UHFFFAOYSA-N
1435,O=C(CCC1CCN(Cc2ccc(O)cc2)CC1)c1cc2c3c(ccn3C(=O)CC2)c1,9.30998,ICVPCSMALLMIGY-UHFFFAOYSA-N
1436,O=C(CCC1CCN(Cc2ccc([N+](=O)[O-])cc2)CC1)c1cc2c3c(ccn3C(=O)CC2)c1,7.36998,ICVPCSMALLMIGY-UHFFFAOYSA-N
636,COc1cc2cc(C(=O)C3CCC[N+](C)(CC4CCCCO4)CC3)sc2cc1OC,7.55284,BAXQFXPUSVVDGE-UHFFFAOYSA-O
1898,CC1=CC2Cc3nc4cc(Cl)ccc4c(NCc4ccc(CNC(=O)c5cc(O)c6c(c5)C(=O)c5cccc(O)c5C6=O)cc4)c3C(C1)C2,7.73993,DWEDPPIPSUJMOA-UHFFFAOYSA-N
2155,Cc1c(C)c2ccc(OCCCCCCN(C)Cc3ccccc3)cc2oc1=O,6.46852,GXXYQQYKXRBXSU-UHFFFAOYSA-N
2156,CCN(CCCCCCOc1ccc2c(C)c(C)c(=O)oc2c1)Cc1ccccc1,6.35655,GXXYQQYKXRBXSU-UHFFFAOYSA-N
2470,O=C(NCCCCCc1ccccc1)Oc1cccc(Cn2cc(COc3ccc4ccc(=O)oc4c3)nn2)c1,6.03527,JOSKSNIVZAEQFU-UHFFFAOYSA-N
2854,c1ccc2c(NCCCCCSSCCCCCNc3c4c(nc5ccccc35)CCCC4)c3c(nc2c1)CCCC3,8.79048,CSHQXRFENGZQAM-UHFFFAOYSA-N
2345,N#CC1=C(N)N2CCNC2=C([N+](=O)[O-])C12C(=O)Nc1ccc(F)cc12,5.4828,GYYXDEWHRCMDIO-UHFFFAOYSA-N
2349,N#CC1=C(N)N2CCNC2=C([N+](=O)[O-])C12C(=O)Nc1ccc([N+](=O)[O-])cc12,5.48945,GYYXDEWHRCMDIO-UHFFFAOYSA-N
2353,Cc1ccc2c(c1)C1(C(=O)N2)C(C#N)=C(N)N2CCNC2=C1[N+](=O)[O-],5.41341,GYYXDEWHRCMDIO-UHFFFAOYSA-N
2357,N#CC1=C(N)N2CCNC2=C([N+](=O)[O-])C12C(=O)Nc1ccccc12,5.31426,GYYXDEWHRCMDIO-UHFFFAOYSA-N
4444,COc1cc2c(cc1OCCCCCC1CCSS1)C(=O)C(CC1CCN(Cc3ccccc3)CC1)C2,8.11748,KEQOENWOUKJZFA-UHFFFAOYSA-N
834,CCN(CCCCCNC1=CC(=O)C(NCCCCCN(CC)Cc2ccccc2OC)=CC1=O)Cc1ccccc1OC,8.62709,AWDLVHWZJJXDBS-UHFFFAOYSA-N
1412,O=C(CCC1CCN(Cc2ccccc2)CC1)c1ccc2c(c1)NC(c1ccccc1)N2,7.48004,KGNFAYMSUAICCE-UHFFFAOYSA-N
3717,COc1ccc2c3c1O[C@H]1C[C@@H](O)C=C[C@@]31CCN(CCCCc1cn(CCCC(=O)NCCc3c[nH]c4ccccc34)nn1)C2,6.92082,DGLKFDAONHVJIA-SHUZPENHSA-N
3377,c1ccc(-c2nnc(Nc3ncccn3)o2)cc1,5.69,AQUGDAJVVDHBAZ-UHFFFAOYSA-N
3378,Cc1ccc(-c2nnc(Nc3ncccn3)o2)cc1,5.79,AQUGDAJVVDHBAZ-UHFFFAOYSA-N
3379,COc1ccc(-c2nnc(Nc3ncccn3)o2)cc1,5.81,AQUGDAJVVDHBAZ-UHFFFAOYSA-N
3380,COc1ccc(-c2nnc(Nc3ncccn3)o2)cc1OC,5.72,AQUGDAJVVDHBAZ-UHFFFAOYSA-N
3381,COc1cc(-c2nnc(Nc3ncccn3)o2)cc(OC)c1OC,5.91,AQUGDAJVVDHBAZ-UHFFFAOYSA-N
3382,Oc1ccc(-c2nnc(Nc3ncccn3)o2)cc1,5.76,AQUGDAJVVDHBAZ-UHFFFAOYSA-N
3384,Fc1ccc(-c2nnc(Nc3ncccn3)o2)cc1,5.62,AQUGDAJVVDHBAZ-UHFFFAOYSA-N
3385,Clc1ccc(-c2nnc(Nc3ncccn3)o2)cc1,5.54,AQUGDAJVVDHBAZ-UHFFFAOYSA-N
3386,Brc1ccc(-c2nnc(Nc3ncccn3)o2)cc1,5.43,AQUGDAJVVDHBAZ-UHFFFAOYSA-N
3387,Brc1cccc(-c2nnc(Nc3ncccn3)o2)c1,5.48,AQUGDAJVVDHBAZ-UHFFFAOYSA-N
3388,O=[N+]([O-])c1ccccc1-c1nnc(Nc2ncccn2)o1,5.47,AQUGDAJVVDHBAZ-UHFFFAOYSA-N
2814,Cc1cc(=O)oc2cc(OCCSC(=S)N3CCCCC3)ccc12,6.3279,GHTCVUQAVGOGDY-UHFFFAOYSA-N
1773,COc1c(F)c[n+](CCCCOc2ccc3c(C)cc(=O)oc3c2)cc1F.O=S(=O)([O-])C(F)(F)F,6.218435,XZQCYWLQEZNNLW-UHFFFAOYSA-N
1776,COc1ccc(C(F)(F)F)c[n+]1CCCCOc1ccc2c(C)cc(=O)oc2c1.O=S(=O)([O-])C(F)(F)F,6.036935,XZQCYWLQEZNNLW-UHFFFAOYSA-N
186,CN1CCC(C[C@@H]2Cc3ccccc3C2=O)CC1,8.27572,HTMGTCWBXHRXNE-CYBMUJFWSA-N
2067,C#CCN(C)Cc1ccc(OC(=O)N(C)C)c2ncccc12,6.284,SMWDFEZZVXVKRB-UHFFFAOYSA-N
3114,C#CCN(C)Cc1ccc(O)c2ncccc12,5.74473,SMWDFEZZVXVKRB-UHFFFAOYSA-N
1193,O=C1CCCCN1CCC1CCN(Cc2ccccc2)CC1,6.56864,DOBQPNDSZWMKBV-UHFFFAOYSA-N
3890,Nc1nn(-c2c3c(nc4ccc([N+](=O)[O-])cc24)CCCC3)c2ncccc12,7.25181,AQXGOLHXODDTBW-UHFFFAOYSA-N
2925,CCc1nn(CCCN2CCN(c3cccc(Cl)c3)CC2)c(=O)n1CCOc1ccccc1,5.98422,IQPCLHMOVJNIOM-UHFFFAOYSA-N
1513,O=C(NCCCCNc1c2c(nc3ccccc13)CCCC2)c1ccc(F)cc1,9.10568,GQSOUIQKDSCQSH-UHFFFAOYSA-N
2216,CN(C)c1ccc(C(=O)NCCCCNc2c3c(nc4ccccc24)CCCC3)cc1,6.53018,GQSOUIQKDSCQSH-UHFFFAOYSA-N
2756,O=C(Nc1ccc(CN2CCOCC2)cc1C(=O)C(=O)N1C(=O)CCC1=O)c1ccccc1,6.64001,HINFHDUPIIXJBB-UHFFFAOYSA-N
3795,CCCCCCCNC(=O)Oc1ccc(Cc2nc3cc(C(=O)N(CC)CC)ccc3n2CCCCN2CCCCC2)cc1,5.683985,COTJTXZAIZKSJE-UHFFFAOYSA-N
1387,COc1cc2c(cc1OC)C(=O)C1(C2)C(c2ccc(F)cc2)C(c2ccccc2)NC12C(=O)Nc1ccccc12,5.16368,FOHMZMZGIYKSSS-UHFFFAOYSA-N
1388,COc1ccc(C2C(c3ccccc3)NC3(C(=O)Nc4ccccc43)C23Cc2cc(OC)c(OC)cc2C3=O)cc1OC,5.284,FOHMZMZGIYKSSS-UHFFFAOYSA-N
1389,COc1cc2c(cc1OC)C(=O)C1(C2)C(c2ccccc2)C(c2ccccc2)NC12C(=O)Nc1ccccc12,5.29073,FOHMZMZGIYKSSS-UHFFFAOYSA-N
1390,COc1cc2c(cc1OC)C(=O)C1(C2)C(c2ccccc2Cl)C(c2ccccc2)NC12C(=O)Nc1ccccc12,5.13668,FOHMZMZGIYKSSS-UHFFFAOYSA-N
1391,COc1cc2c(cc1OC)C(=O)C1(C2)C(c2ccc(F)cc2)C(c2ccccc2)NC12C(=O)Nc1ccc(Cl)cc12,5.00612,FOHMZMZGIYKSSS-UHFFFAOYSA-N
1392,COc1ccc(C2C(c3ccccc3)NC3(C(=O)Nc4ccc(Cl)cc43)C23Cc2cc(OC)c(OC)cc2C3=O)cc1OC,5.08302,FOHMZMZGIYKSSS-UHFFFAOYSA-N
1393,COc1cc2c(cc1OC)C(=O)C1(C2)C(c2ccccc2)C(c2ccccc2)NC12C(=O)Nc1ccc(Cl)cc12,5.13906,FOHMZMZGIYKSSS-UHFFFAOYSA-N
1394,COc1cc2c(cc1OC)C(=O)C1(C2)C(c2ccccc2)C(c2ccccc2)NC12C(=O)Nc1ccc([N+](=O)[O-])cc12,5.4318,FOHMZMZGIYKSSS-UHFFFAOYSA-N
1395,COc1cc2c(cc1OC)C(=O)C1(C2)C(c2ccccc2Cl)C(c2ccccc2)NC12C(=O)Nc1ccc([N+](=O)[O-])cc12,5.37675,FOHMZMZGIYKSSS-UHFFFAOYSA-N
629,COc1cc2cc(C(=O)CC3CCC(O)C[N+](C)(Cc4ccccc4)CC3)sc2cc1OC,6.42022,HCBHBTDRMMSSGG-UHFFFAOYSA-O
630,COc1cc2cc(C(=O)CC3CCCC[N+](C)(Cc4ccccc4)CC3)sc2cc1OC,6.95861,HCBHBTDRMMSSGG-UHFFFAOYSA-O
1209,CNC(=O)Oc1cccc(CN(C)CCCOc2ccc3c(=O)ccoc3c2)c1,8.05061,NAMHSXVCGWDOCO-UHFFFAOYSA-N
1210,CCCCNC(=O)Oc1cccc(CN(C)CCCOc2ccc3c(=O)ccoc3c2)c1,6.60206,NAMHSXVCGWDOCO-UHFFFAOYSA-N
1211,CCCCCCNC(=O)Oc1cccc(CN(C)CCCOc2ccc3c(=O)ccoc3c2)c1,7.67778,NAMHSXVCGWDOCO-UHFFFAOYSA-N
1661,CCCNC(=O)Oc1cccc(CN(C)CCCOc2ccc3c(=O)ccoc3c2)c1,6.60206,NAMHSXVCGWDOCO-UHFFFAOYSA-N
3025,Nc1ccc(O)c(CN2CCCC2)c1,5.20066,CWEGCQIIDCZZED-UHFFFAOYSA-N
3882,Cc1ccc2nc3c(c(N4CCCCC4)c2c1)CCCC3,6.92812,PHKKNMUDCVZREA-UHFFFAOYSA-N
3886,O=[N+]([O-])c1ccc2nc3c(c(N4CCCCC4)c2c1)CCCC3,5.72469,PHKKNMUDCVZREA-UHFFFAOYSA-N
3899,CC(=O)Nc1ccc2nc3c(c(N4CCCCC4)c2c1)CCCC3,6.52143,PHKKNMUDCVZREA-UHFFFAOYSA-N
3215,COc1cc2c(cc1OC)C(=O)C(Cc1cn(CC3CCN(Cc4ccccc4)CC3)nn1)C2,5.30803,HTPULTNUYBAOFU-UHFFFAOYSA-N
1543,Cc1cc(C(C#N)c2ccc(Cl)cc2)c(Cl)cc1NC(=O)c1cc(I)cc(I)c1O,5.53003,JKYYNNQLDINOBY-UHFFFAOYSA-N
1313,O=C(CCc1c[nH]c2ccccc12)NCCCCCCCNc1c2c(nc3ccccc13)CCCC2,10.22185,UGBNXSYMNXHJKM-UHFFFAOYSA-N
3165,COc1ccc2nc3c(c(NCCCCCCCNC(=O)[C@@H](N)Cc4c[nH]c5ccccc45)c2c1)CCCC3,6.00877,UGBNXSYMNXHJKM-UHFFFAOYSA-N
3172,N[C@@H](Cc1c[nH]c2ccccc12)C(=O)NCCCCCCCNc1c2c(nc3cc(Cl)ccc13)CCCC2,7.72125,UGBNXSYMNXHJKM-UHFFFAOYSA-N
3178,N[C@@H](Cc1c[nH]c2ccccc12)C(=O)NCCCCCCCNc1c2c(nc3ccccc13)CCCC2,6.92082,UGBNXSYMNXHJKM-UHFFFAOYSA-N
2944,COC(=O)c1sc(-c2ccnc(NC(=O)C3CC3)c2)nc1OCCNc1c2c(nc3ccccc13)CCCC2,6.88606,ZIGYHMOSHMITBY-UHFFFAOYSA-N
2945,NC(=O)c1sc(-c2ccnc(NC(=O)C3CC3)c2)nc1OCCNc1c2c(nc3ccccc13)CCCC2,6.52288,ZIGYHMOSHMITBY-UHFFFAOYSA-N
2946,O=C(O)c1sc(-c2ccnc(NC(=O)C3CC3)c2)nc1OCCNc1c2c(nc3ccccc13)CCCC2,6.23657,ZIGYHMOSHMITBY-UHFFFAOYSA-N
2947,CCOC(=O)c1sc(-c2ccnc(NC(=O)C3CC3)c2)nc1OCCNc1c2c(nc3ccccc13)CCCC2,6.50864,ZIGYHMOSHMITBY-UHFFFAOYSA-N
670,CNC(=O)Oc1cccc(CN(C)CCCCCCCOc2ccc3c(c2)O/C(=C\c2cc(OC)c(OC)c(OC)c2)C3=O)c1,6.284,RJYLAUWIHNCJFR-RRAHZORUSA-N
672,CNC(=O)Oc1cccc(CN(C)CCCCCCCOc2ccc3c(c2)O/C(=C\c2ccccc2)C3=O)c1,5.70997,RJYLAUWIHNCJFR-RRAHZORUSA-N
673,CNC(=O)Oc1cccc(CN(C)CCCCCCCOc2ccc3c(c2)O/C(=C\c2ccc(Cl)c(Cl)c2)C3=O)c1,5.09691,RJYLAUWIHNCJFR-RRAHZORUSA-N
1304,CNC(=O)Oc1cccc(CN(C)CCCCCCCOc2ccc3c(c2)O/C(=C\c2cc(O)c(O)c(O)c2)C3=O)c1,9.284,RJYLAUWIHNCJFR-RRAHZORUSA-N
576,C[C@@H]([C@H]1CC[C@H]2[C@@H]3CC[C@H]4C(=O)C(NC(=O)c5ccccc5)=CC[C@]4(C)[C@H]3CC[C@]12C)N(C)C,5.28,CAWADKROFCBGAK-CARJLUJMSA-N
4483,COc1cccc(-c2nc(SCCCSc3nc(N)c(C#N)c(-c4cccc(OC)c4)n3)nc(N)c2C#N)c1,5.2426,DMCKQGJPQJHYSG-UHFFFAOYSA-N
3577,CC(C)c1ccc(NC(=O)OCC2CCN(Cc3ccccc3)CC2)cc1,5.6482,IKTRKOHDYGDICC-UHFFFAOYSA-N
3578,O=C(Nc1ccccc1)OCC1CCN(Cc2ccccc2)CC1,5.13608,IKTRKOHDYGDICC-UHFFFAOYSA-N
1892,CC1=CC2Cc3nc4cc(Cl)ccc4c(NCCCCCCCCNC(=O)c4cc(O)c5c(c4)C(=O)c4cccc(O)c4C5=O)c3C(C1)C2,8.35853,APTNCCMNWHKRNB-UHFFFAOYSA-N
1789,COc1cccc(CCCCCc2cccc(OC)[n+]2C)[n+]1C.O=S(=O)([O-])C(F)(F)F.O=S(=O)([O-])C(F)(F)F,6.979305,CQURZEFNBDJAOR-UHFFFAOYSA-P
3729,CO[C@H]1C[C@H]2C(=C[C@@H]1OC(=O)c1ccc(Cl)c([N+](=O)[O-])c1)[C@H]1CN2Cc2cc3c(cc21)OCO3,5.79317,WEJXNCZIDWRHGK-UXPWSPDFSA-N
3730,CO[C@H]1C[C@H]2C(=C[C@@H]1OC(=O)c1ccc(C)c([N+](=O)[O-])c1)[C@H]1CN2Cc2cc3c(cc21)OCO3,5.36452,WEJXNCZIDWRHGK-UXPWSPDFSA-N
3731,CO[C@H]1C[C@H]2C(=C[C@@H]1OC(=O)c1cc([N+](=O)[O-])ccc1Cl)[C@H]1CN2Cc2cc3c(cc21)OCO3,5.49757,WEJXNCZIDWRHGK-UXPWSPDFSA-N
1413,O=C(CCC1CCN(Cc2ccccc2)CC1)c1ccc2c(c1)CNCCC2,7.63997,JVNVQGLSKUWIEI-UHFFFAOYSA-N
1863,Cn1ncc2c1-c1c(Br)sc(Br)c1C2NC(=O)CN1CCN(Cc2ccccc2F)CC1,6.05552,ANOUVHKKLQOCIC-UHFFFAOYSA-N
1865,Cn1ncc2c1-c1c(Br)sc(Br)c1C2NC(=O)CN1CCN(Cc2ccccc2)CC1,6.48149,ANOUVHKKLQOCIC-UHFFFAOYSA-N
1866,O=C(CN1CCN(Cc2ccccc2)CC1)NC1c2cn[nH]c2-c2c(Br)sc(Br)c21,5.94692,ANOUVHKKLQOCIC-UHFFFAOYSA-N
2154,Cc1c(C)c2ccc(OCCCCCNCc3ccccc3)cc2oc1=O,6.52288,MWPIBDBZFHELKC-UHFFFAOYSA-N
2466,CCCCCCCNC(=O)Oc1cccc(CN(C)CCCCCOc2ccc3ccc(=O)oc3c2)c1,7.94692,MWPIBDBZFHELKC-UHFFFAOYSA-N
4022,Oc1cc(O)cc(Oc2cc(O)c(O)c3c2Oc2c(O)cc(Oc4c(O)cc(Oc5c(O)cc(O)c6c5Oc5c(O)cc(O)cc5O6)cc4O)cc2O3)c1,5.24489,IPZAJWSORPKWGS-UHFFFAOYSA-N
3673,CN1CCc2c(c3ccccc3n2CCC(=O)N2c3ccccc3Sc3ccccc32)C1,5.10791,JTIUHMBHOXJDNB-UHFFFAOYSA-N
259,CN1CC[C@@]2(C)c3cc(OC(=O)Nc4ccccc4)ccc3N(Cc3ccccc3)C12,6.6103,XWHYLMWZWILHMT-UHFFFAOYSA-N
441,Cc1ccccc1NC(=O)Oc1ccc2c(c1)[C@]1(C)CCN(C)C1N2Cc1ccccc1,7.0,XWHYLMWZWILHMT-UHFFFAOYSA-N
3506,COc1cc2c(cc1O)CCC(C)(CCNCCOCCOCCNc1c3c(nc4cc(Cl)ccc14)CCCC3)O2,8.07831,CVXSFPHLOPUFNE-UHFFFAOYSA-N
2050,CN(CCCCCN1C(=O)c2ccccc2C1=O)Cc1ccccc1,6.44249,ZIWHGGCFHGETOI-UHFFFAOYSA-N
2054,CN(CCCCCN1C(=O)c2ccccc2C1=O)Cc1ccccc1F,6.27984,ZIWHGGCFHGETOI-UHFFFAOYSA-N
2058,CN(CCCCCN1C(=O)c2ccccc2C1=O)Cc1cccc(Cl)c1,6.27003,ZIWHGGCFHGETOI-UHFFFAOYSA-N
2091,O=C1c2ccccc2C(=O)N1CCCCCNCc1ccccc1,6.69465,ZIWHGGCFHGETOI-UHFFFAOYSA-N
2095,O=C1c2ccccc2C(=O)N1CCCCCNCc1ccccc1F,6.77469,ZIWHGGCFHGETOI-UHFFFAOYSA-N
2099,O=C1c2ccccc2C(=O)N1CCCCCNCc1ccc(F)cc1,6.57187,ZIWHGGCFHGETOI-UHFFFAOYSA-N
2102,O=C1c2ccccc2C(=O)N1CCCCCNCc1ccc(F)cc1F,6.58838,ZIWHGGCFHGETOI-UHFFFAOYSA-N
2106,O=C1c2ccccc2C(=O)N1CCCCCNCc1cccc(Cl)c1,6.79588,ZIWHGGCFHGETOI-UHFFFAOYSA-N
4262,O=C(NCCNc1c2c(nc3ccccc13)CCCC2)Oc1ccc2cc[nH]c2c1,5.90183,CZSLYGYSXHUYPJ-UHFFFAOYSA-N
2460,COc1ccc(-c2cc3cc(OCCCN(C)Cc4cccc(OC(=O)NCCCCCc5ccccc5)c4)ccc3oc2=O)cc1,6.74715,JWVJYWXTWZLTIK-UHFFFAOYSA-N
2930,COc1ccc2c(c1)C/C(=C/c1ccccc1-c1ccc3nc(N)ccc3c1)C2=O,7.83268,HJHKGRFBRKFGHA-QNGOZBTKSA-N
2524,O=C1/C(=C/c2ccccc2)CN(Cc2ccc3ccccc3c2)C/C1=C\c1ccccc1,5.71444,YYQJDQOYLBWLJL-POAOKBCDSA-N
2526,Cc1ccc(/C=C2\CN(Cc3ccc4ccccc4c3)C/C(=C\c3ccc(C)cc3)C2=O)cc1,5.7986,YYQJDQOYLBWLJL-POAOKBCDSA-N
2527,O=C1/C(=C/c2ccc(Br)cc2)CN(Cc2ccc3ccccc3c2)C/C1=C\c1ccc(Br)cc1,6.08092,YYQJDQOYLBWLJL-POAOKBCDSA-N
1754,Clc1ccc2[nH]c(-c3ccc(OCCN4CCCC4)cc3)nc2c1,5.85387,GPCCQUBMGXQCPH-UHFFFAOYSA-N
1759,Cc1ccc2[nH]c(-c3ccc(OCCN4CCCC4)cc3)nc2c1,6.39794,GPCCQUBMGXQCPH-UHFFFAOYSA-N
1761,c1ccc2[nH]c(-c3ccc(OCCN4CCCC4)cc3)nc2c1,5.67162,GPCCQUBMGXQCPH-UHFFFAOYSA-N
4380,Brc1ccc(Cn2cc(CNC34CC5CC(CC(C5)C3)C4)nn2)cc1,7.03621,HFWKIXNIVIXPBP-UHFFFAOYSA-N
4381,Clc1ccc(Cn2cc(CNC34CC5CC(CC(C5)C3)C4)nn2)cc1,6.87615,HFWKIXNIVIXPBP-UHFFFAOYSA-N
3491,COc1cc2c(cc1O)CCC(C)(CC(=O)NCCCCCCCCNc1c3c(nc4ccccc14)CCCC3)O2,7.15614,RTBZJWXQCNQHNM-UHFFFAOYSA-N
3497,COc1cc2c(cc1O)CCC(C)(CC(=O)NCCCCCCCCNc1c3c(nc4cc(Cl)ccc14)CCCC3)O2,8.43297,RTBZJWXQCNQHNM-UHFFFAOYSA-N
3553,O=C1CC(c2ccc(OCCCCN3CCC(Cc4ccccc4)CC3)cc2)Oc2cc(OCCCCN3CCC(Cc4ccccc4)CC3)cc(O)c21,5.11919,FYVWOSXKRCLPGK-UHFFFAOYSA-N
3867,CCC1C/C(=C\c2cc(OC)c(OC)c(OC)c2Br)C(=O)c2ccccc21,7.34679,JNRAEZULKWNOQO-NTCAYCPXSA-N
3868,COc1ccc(/C=C2\CCc3cc([N+](=O)[O-])ccc3C2=O)c(Cl)c1OC,5.53462,JNRAEZULKWNOQO-NTCAYCPXSA-N
3869,COc1cc(/C=C2\CCc3cc([N+](=O)[O-])ccc3C2=O)c(Br)c(OC)c1OC,6.24413,JNRAEZULKWNOQO-NTCAYCPXSA-N
2053,CN(CCCCCCCCN1C(=O)c2ccccc2C1=O)Cc1ccccc1,6.0655,CBPLVCKGKVDMPI-UHFFFAOYSA-N
2057,CN(CCCCCCCCN1C(=O)c2ccccc2C1=O)Cc1ccccc1F,6.19111,CBPLVCKGKVDMPI-UHFFFAOYSA-N
2061,CN(CCCCCCCCN1C(=O)c2ccccc2C1=O)Cc1cccc(Cl)c1,5.9813,CBPLVCKGKVDMPI-UHFFFAOYSA-N
2094,O=C1c2ccccc2C(=O)N1CCCCCCCCNCc1ccccc1,6.30452,CBPLVCKGKVDMPI-UHFFFAOYSA-N
2098,O=C1c2ccccc2C(=O)N1CCCCCCCCNCc1ccccc1F,6.2636,CBPLVCKGKVDMPI-UHFFFAOYSA-N
2105,O=C1c2ccccc2C(=O)N1CCCCCCCCNCc1ccc(F)cc1F,6.23807,CBPLVCKGKVDMPI-UHFFFAOYSA-N
2109,O=C1c2ccccc2C(=O)N1CCCCCCCCNCc1cccc(Cl)c1,6.16368,CBPLVCKGKVDMPI-UHFFFAOYSA-N
2674,COC(=O)c1cc2c(OC(=O)N(C)C)cccc2[n+](C)c1,7.69897,SMWDFEZZVXVKRB-UHFFFAOYSA-O
2818,CN(C)C(=O)Oc1cccc2c1cc(C(=O)N(C)C)c[n+]2C,6.81248,SMWDFEZZVXVKRB-UHFFFAOYSA-O
2819,CC(C)NC(=O)c1cc2c(OC(=O)N(C)C)cccc2[n+](C)c1,7.23657,SMWDFEZZVXVKRB-UHFFFAOYSA-O
2820,COCCNC(=O)c1cc2c(OC(=O)N(C)C)cccc2[n+](C)c1,7.69897,SMWDFEZZVXVKRB-UHFFFAOYSA-O
2822,COC(=O)CNC(=O)c1cc2c(OC(=O)N(C)C)cccc2[n+](C)c1,7.03152,SMWDFEZZVXVKRB-UHFFFAOYSA-O
2824,CNC(=O)c1cc2c(OC(=O)N(C)C)cccc2[n+](C)c1,7.11351,SMWDFEZZVXVKRB-UHFFFAOYSA-O
2825,CC[n+]1cc(C(=O)NC)cc2c(OC(=O)N(C)C)cccc21,6.50307,SMWDFEZZVXVKRB-UHFFFAOYSA-O
2827,CN(C)C(=O)Oc1cccc2c1cc(C(=O)NCCOCCO)c[n+]2C.COS(=O)(=O)[O-],7.4318,SMWDFEZZVXVKRB-UHFFFAOYSA-O
3921,CCOC(=O)c1cc2c(OC(=O)N(C)C)cccc2[n+](C)c1,8.1549,SMWDFEZZVXVKRB-UHFFFAOYSA-O
3922,COC(=O)c1cc2c(OC(=O)N(C)C)cccc2[n+]([11CH3])c1,7.69897,SMWDFEZZVXVKRB-UHFFFAOYSA-O
750,COc1cc(C(=O)NCCCC(=O)NNc2c3c(nc4ccccc24)CCCC3)cc(OC)c1OC,6.61798,FIAASKNVCMLWNY-UHFFFAOYSA-N
2721,CN1CCN(c2ccc(/C=C/c3ccc4ccccc4[n+]3C)cc2)CC1,5.85387,GONCSTXHHUDHEH-WEVVVXLNSA-O
2722,COc1cc(/C=C/c2ccc3ccccc3[n+]2C)ccc1N1CCN(C)CC1,5.67778,GONCSTXHHUDHEH-WEVVVXLNSA-O
3801,COc1ccc(OCCCN(C)C(=O)c2cnc(CC(=O)c3ccc(OC)cc3)nc2)cc1,5.00789,SVBJFROCZXYNSY-UHFFFAOYSA-N
3802,COc1ccc(C(=O)Cc2ncc(C(=O)N(C)CCCOc3ccc([N+](=O)[O-])cc3)cn2)cc1,5.34104,SVBJFROCZXYNSY-UHFFFAOYSA-N
3803,COc1ccc(C(=O)Cc2ncc(C(=O)N(C)CCCOc3c(F)c(F)c(F)c(F)c3F)cn2)cc1,5.28904,SVBJFROCZXYNSY-UHFFFAOYSA-N
3804,CN(CCCOc1ccc([N+](=O)[O-])cc1)C(=O)c1cnc(CC(=O)c2ccccc2)nc1,5.00261,SVBJFROCZXYNSY-UHFFFAOYSA-N
3805,COc1cccc(C(=O)Cc2ncc(C(=O)N(C)CCCOc3ccc([N+](=O)[O-])cc3)cn2)c1,5.39794,SVBJFROCZXYNSY-UHFFFAOYSA-N
3806,CCOc1ccc(C(=O)Cc2ncc(C(=O)N(C)CCCOc3ccc([N+](=O)[O-])cc3)cn2)cc1,5.19382,SVBJFROCZXYNSY-UHFFFAOYSA-N
3808,COc1ccc(C(=O)Cc2ncc(C(=O)N(C)CCCOc3ccc([N+](=O)[O-])cc3)cn2)cc1OC,5.42136,SVBJFROCZXYNSY-UHFFFAOYSA-N
2751,COc1ccc(NCc2ccc3c(c2)C(=O)C(=O)N3C(=O)c2ccccc2)cc1,6.77006,CXXXASZSTJDALY-UHFFFAOYSA-N
2752,O=C1C(=O)N(C(=O)c2ccccc2)c2ccc(CNc3ccc(Br)cc3)cc21,6.40001,CXXXASZSTJDALY-UHFFFAOYSA-N
1260,c1ccc2c(NCCCCCCCCNc3ccncc3)c3c(nc2c1)CCCC3,7.86646,HAAQFCDOAGMIPV-UHFFFAOYSA-N
449,CCC1=CC2Cc3nc4cc(Cl)ccc4c(N)c3[C@@H](C1)C2,9.041775,BZFWBAOVKAGSFN-KIYNQFGBSA-N
62,Nc1c2c(nc3ccccc13)CCCC2,6.86646,RXBYRTSOWREATF-UHFFFAOYSA-N
119,Nc1c2c(nc3c(Cl)cccc13)CCCC2,7.16178,RXBYRTSOWREATF-UHFFFAOYSA-N
122,Nc1c2c(nc3cccc(Cl)c13)CCCC2,7.47625,RXBYRTSOWREATF-UHFFFAOYSA-N
124,Nc1c2c(nc3ccccc13)CCCC2O,6.15366,RXBYRTSOWREATF-UHFFFAOYSA-N
126,Nc1c2c(nc3cc(Cl)ccc13)CCCC2,8.02288,RXBYRTSOWREATF-UHFFFAOYSA-N
132,Nc1c2c(nc3ccc(Cl)cc13)CCCC2,6.12901,RXBYRTSOWREATF-UHFFFAOYSA-N
136,COc1cccc2nc3c(c(N)c12)CCCC3,6.21112,RXBYRTSOWREATF-UHFFFAOYSA-N
141,Cc1cccc2nc3c(c(N)c12)CCCC3,6.953725,RXBYRTSOWREATF-UHFFFAOYSA-N
144,Nc1c2c(nc3cccc(F)c13)CCCC2,7.10791,RXBYRTSOWREATF-UHFFFAOYSA-N
287,CCCCCCCNc1c2c(nc3cc(Cl)ccc13)CCCC2,7.88307,RXBYRTSOWREATF-UHFFFAOYSA-N
291,Cc1ccc2nc3c(c(N)c2c1)CCCC3,5.09,RXBYRTSOWREATF-UHFFFAOYSA-N
292,COc1cc2nc3c(c(N)c2cc1OC)CCCC3,5.287,RXBYRTSOWREATF-UHFFFAOYSA-N
293,Nc1c2c(nc3ccc([N+](=O)[O-])cc13)CCCC2,5.52144,RXBYRTSOWREATF-UHFFFAOYSA-N
295,CCCCCCCNc1c2c(nc3cc(F)ccc13)CCCC2,7.34339,RXBYRTSOWREATF-UHFFFAOYSA-N
297,Cc1ccc2c(N)c3c(nc2c1)CCCC3,7.0,RXBYRTSOWREATF-UHFFFAOYSA-N
298,CCCCCCCNc1c2c(nc3cc(C)ccc13)CCCC2,6.88804,RXBYRTSOWREATF-UHFFFAOYSA-N
299,CCCCCCCNc1c2c(nc3cc([N+](=O)[O-])ccc13)CCCC2,6.5338,RXBYRTSOWREATF-UHFFFAOYSA-N
302,CCCCCCCNc1c2c(nc3ccc(C)cc13)CCCC2,6.409465,RXBYRTSOWREATF-UHFFFAOYSA-N
308,COc1ccc2c(N)c3c(nc2c1)CCCC3,6.452965000000001,RXBYRTSOWREATF-UHFFFAOYSA-N
315,Nc1c2c(nc3cc(F)ccc13)CCCC2,7.060230000000001,RXBYRTSOWREATF-UHFFFAOYSA-N
316,Nc1ccc2nc3c(c(N)c2c1)CCCC3,5.420109999999999,RXBYRTSOWREATF-UHFFFAOYSA-N
318,Nc1c2c(nc3cc([N+](=O)[O-])ccc13)CCCC2,7.55145,RXBYRTSOWREATF-UHFFFAOYSA-N
322,CCCCCCCNc1c2c(nc3cc(OC)ccc13)CCCC2,6.33362,RXBYRTSOWREATF-UHFFFAOYSA-N
323,Nc1c2c(nc3cc(Br)ccc13)CCCC2,7.18046,RXBYRTSOWREATF-UHFFFAOYSA-N
327,Nc1c2c(nc3cc(Cl)c(Cl)cc13)CCCC2,6.32395,RXBYRTSOWREATF-UHFFFAOYSA-N
391,Nc1c2c(nc3ccccc13)CC(O)CC2,6.162635,RXBYRTSOWREATF-UHFFFAOYSA-N
392,Nc1c2c(nc3ccccc13)CCC(O)C2,5.71572,RXBYRTSOWREATF-UHFFFAOYSA-N
393,Nc1c2c(nc3ccccc13)C(O)CCC2,6.3027750000000005,RXBYRTSOWREATF-UHFFFAOYSA-N
617,Nc1c2c(nc3ccc(O)cc13)CCCC2,6.79,RXBYRTSOWREATF-UHFFFAOYSA-N
687,NCCCNc1c2c(nc3cc(Cl)ccc13)CCCC2,7.66756,RXBYRTSOWREATF-UHFFFAOYSA-N
895,O=C(CO[N+](=O)[O-])NCCCNc1c2c(nc3ccccc13)CCCC2,7.54975,RXBYRTSOWREATF-UHFFFAOYSA-N
896,CC(C)(C)C(=O)NCCCCNc1c2c(nc3ccccc13)CCCC2,7.66555,RXBYRTSOWREATF-UHFFFAOYSA-N
897,CC(C)(CO[N+](=O)[O-])C(=O)NCCCCNc1c2c(nc3ccccc13)CCCC2,6.64589,RXBYRTSOWREATF-UHFFFAOYSA-N
898,CC(C)(CO[N+](=O)[O-])C(=O)NCCCNc1c2c(nc3ccccc13)CCCC2,7.15802,RXBYRTSOWREATF-UHFFFAOYSA-N
901,O=[N+]([O-])OCCCCCCNCCCCNc1c2c(nc3ccccc13)CCCC2,7.74232,RXBYRTSOWREATF-UHFFFAOYSA-N
902,O=[N+]([O-])OCCCNCCCCNc1c2c(nc3ccccc13)CCCC2,8.25181,RXBYRTSOWREATF-UHFFFAOYSA-N
903,O=[N+]([O-])OCCNCCCCNc1c2c(nc3ccccc13)CCCC2,7.95468,RXBYRTSOWREATF-UHFFFAOYSA-N
904,O=[N+]([O-])OCCCCCCNCCCNc1c2c(nc3ccccc13)CCCC2,8.20066,RXBYRTSOWREATF-UHFFFAOYSA-N
905,O=[N+]([O-])OCCCNCCCNc1c2c(nc3ccccc13)CCCC2,8.19382,RXBYRTSOWREATF-UHFFFAOYSA-N
906,O=[N+]([O-])OCCNCCCNc1c2c(nc3ccccc13)CCCC2,8.0,RXBYRTSOWREATF-UHFFFAOYSA-N
907,O=C(CCO[N+](=O)[O-])NCCCCNc1c2c(nc3ccccc13)CCCC2,7.34008,RXBYRTSOWREATF-UHFFFAOYSA-N
908,O=C(CO[N+](=O)[O-])NCCCCNc1c2c(nc3ccccc13)CCCC2,7.64589,RXBYRTSOWREATF-UHFFFAOYSA-N
909,O=C(CCO[N+](=O)[O-])NCCCNc1c2c(nc3ccccc13)CCCC2,7.03152,RXBYRTSOWREATF-UHFFFAOYSA-N
1249,NCCCCCCCNc1c2c(nc3ccccc13)CCCC2,6.49621,RXBYRTSOWREATF-UHFFFAOYSA-N
1250,NCCCCCCCCNc1c2c(nc3ccccc13)CCCC2,7.05061,RXBYRTSOWREATF-UHFFFAOYSA-N
1251,NCCCCCCCCCNc1c2c(nc3ccccc13)CCCC2,6.88273,RXBYRTSOWREATF-UHFFFAOYSA-N
1252,NCCCCCCCCCCNc1c2c(nc3ccccc13)CCCC2,6.83268,RXBYRTSOWREATF-UHFFFAOYSA-N
1253,NCCCCCCCCCCCCNc1c2c(nc3ccccc13)CCCC2,6.74473,RXBYRTSOWREATF-UHFFFAOYSA-N
1254,CN(C)CCCCCCCNc1c2c(nc3ccccc13)CCCC2,7.284,RXBYRTSOWREATF-UHFFFAOYSA-N
1255,CN(C)CCCCCCCCNc1c2c(nc3ccccc13)CCCC2,7.3279,RXBYRTSOWREATF-UHFFFAOYSA-N
1256,CN(C)CCCCCCCCCNc1c2c(nc3ccccc13)CCCC2,7.14874,RXBYRTSOWREATF-UHFFFAOYSA-N
1257,CN(C)CCCCCCCCCCNc1c2c(nc3ccccc13)CCCC2,7.34679,RXBYRTSOWREATF-UHFFFAOYSA-N
1258,CN(C)CCCCCCCCCCCCNc1c2c(nc3ccccc13)CCCC2,6.5784,RXBYRTSOWREATF-UHFFFAOYSA-N
1370,CCCNc1c2c(nc3ccc(OC)cc13)CCCC2,5.03621,RXBYRTSOWREATF-UHFFFAOYSA-N
1371,CCCCCNc1c2c(nc3ccc(OC)cc13)CCCC2,5.17393,RXBYRTSOWREATF-UHFFFAOYSA-N
1372,CCCCCCNc1c2c(nc3ccc(OC)cc13)CCCC2,7.0,RXBYRTSOWREATF-UHFFFAOYSA-N
1373,CCCCCCCNc1c2c(nc3ccc(OC)cc13)CCCC2,6.56864,RXBYRTSOWREATF-UHFFFAOYSA-N
1374,CCCCCCCCNc1c2c(nc3ccc(OC)cc13)CCCC2,6.4437,RXBYRTSOWREATF-UHFFFAOYSA-N
1375,CCCCCCCCCNc1c2c(nc3ccc(OC)cc13)CCCC2,5.79588,RXBYRTSOWREATF-UHFFFAOYSA-N
1376,CCCCCCCCCCCCNc1c2c(nc3ccc(OC)cc13)CCCC2,6.0,RXBYRTSOWREATF-UHFFFAOYSA-N
1555,C=CCCCNc1c2c(nc3ccc(OC)cc13)CCCC2,5.65758,RXBYRTSOWREATF-UHFFFAOYSA-N
3096,C=CCNC(=S)NNc1c2c(nc3ccccc13)CCCC2,5.23882,RXBYRTSOWREATF-UHFFFAOYSA-N
3301,C#CCNc1c2c(nc3ccccc13)CCCC2,7.29499,RXBYRTSOWREATF-UHFFFAOYSA-N
3302,C#CCNc1c2c(nc3cc(Cl)ccc13)CCCC2,8.02687,RXBYRTSOWREATF-UHFFFAOYSA-N
3635,Nc1c2c(nc3ccc(Br)cc13)CCCC2,5.31966,RXBYRTSOWREATF-UHFFFAOYSA-N
3638,Nc1c2c(nc3c(Cl)cc(Cl)cc13)CCCC2,5.36251,RXBYRTSOWREATF-UHFFFAOYSA-N
3640,Nc1c2c(nc3c(Br)cc(Br)cc13)CCCC2,5.28567,RXBYRTSOWREATF-UHFFFAOYSA-N
3642,Nc1c2c(nc3ccc(F)cc13)CCCC2,6.00966,RXBYRTSOWREATF-UHFFFAOYSA-N
3891,Cc1ccc2nc3c(c(NCCO)c2c1)CCCC3,6.74473,RXBYRTSOWREATF-UHFFFAOYSA-N
3892,Cc1ccc2nc3c(c(NCCCl)c2c1)CCCC3,6.11748,RXBYRTSOWREATF-UHFFFAOYSA-N
4555,[2H]c1ccc2nc3c(c(N)c2c1)CCCC3,6.70333,RXBYRTSOWREATF-UHFFFAOYSA-N
1574,CC1=CC2Cc3nc4cc(Cl)ccc4c(NCCCCCCCCCCNc4c5c(nc6ccccc46)CCCC5)c3C(C1)C2,8.37779,ZIABQGWWOHBVJI-UHFFFAOYSA-N
1579,CC1=CC2Cc3nc4cc(Cl)ccc4c(NCCCCCCCCCCNc4c5c(nc6cc(Cl)ccc46)CCCC5)c3C(C1)C2,8.04144,ZIABQGWWOHBVJI-UHFFFAOYSA-N
2208,CC1=CC2Cc3nc4ccccc4c(NCCCCCCCCCCNc4c5c(nc6ccccc46)CCCC5)c3C(C1)C2,8.18977,ZIABQGWWOHBVJI-UHFFFAOYSA-N
2210,CC1=CC2Cc3nc4ccccc4c(NCCCCCCCCCCNc4c5c(nc6cc(Cl)ccc46)CCCC5)c3C(C1)C2,8.82974,ZIABQGWWOHBVJI-UHFFFAOYSA-N
2441,O=C(CC1CCN(Cc2ccccc2)CC1)NCCc1c[nH]c2ccccc12,5.42022,PDZMHDSORBHDFP-UHFFFAOYSA-N
2442,Cc1ccccc1CN1CCC(CC(=O)NCCc2c[nH]c3ccccc23)CC1,5.81248,PDZMHDSORBHDFP-UHFFFAOYSA-N
2443,COc1ccc2[nH]cc(CCNC(=O)CC3CCN(Cc4ccccc4C)CC3)c2c1,5.4437,PDZMHDSORBHDFP-UHFFFAOYSA-N
2444,Cc1cccc(CN2CCC(CC(=O)NCCc3c[nH]c4ccccc34)CC2)c1,5.33442,PDZMHDSORBHDFP-UHFFFAOYSA-N
2445,Cc1ccc(CN2CCC(CC(=O)NCCc3c[nH]c4ccccc34)CC2)cc1,5.30627,PDZMHDSORBHDFP-UHFFFAOYSA-N
2446,COc1ccc2[nH]cc(CCNC(=O)CC3CCN(Cc4ccc(C)cc4)CC3)c2c1,5.03339,PDZMHDSORBHDFP-UHFFFAOYSA-N
3028,CC(C)(C)c1cc(C(=O)CNCC2CCN(Cc3ccccc3)CC2)cc(C(C)(C)C)c1O,5.61261,CUPMXLDBQODCHG-UHFFFAOYSA-N
4288,Nc1ccc(-c2nc(-c3ccccc3N)no2)cc1,6.6968,VIZNDSYPXQJMCM-UHFFFAOYSA-N
4290,CCCCOc1cc(-c2nc(-c3ccccc3)no2)ccc1N,6.71897,VIZNDSYPXQJMCM-UHFFFAOYSA-N
320,C[C@]12CC[C@H](O)[C@@](C)(CO)C1C[C@H](O)[C@@]1(C)Oc3cc(-c4ccncc4)oc(=O)c3C(=O)C21,5.10237,HSTOBJDSCBYOQO-UHFFFAOYSA-N
2559,COC(=O)C1=C(C)Nc2nc3c(c(N)c2C1c1cccc([N+](=O)[O-])c1)CSC3,6.13727,ILXIVXICKWIRRR-UHFFFAOYSA-N
1639,Nc1c2c(nc3c1C(c1ccc(Cl)c(Cl)c1)c1ccc4ccccc4c1O3)CCCC2,5.29499,NEKNOPAJIGVRKE-UHFFFAOYSA-N
1640,Nc1c2c(nc3c1C(c1c(Cl)cccc1Cl)c1ccc4ccccc4c1O3)CCCC2,5.39686,NEKNOPAJIGVRKE-UHFFFAOYSA-N
1641,Nc1c2c(nc3c1C(c1ccc([N+](=O)[O-])cc1)c1ccc4ccccc4c1O3)CCCC2,5.24109,NEKNOPAJIGVRKE-UHFFFAOYSA-N
1642,COc1cc(C2c3ccc4ccccc4c3Oc3nc4c(c(N)c32)CCCC4)cc(OC)c1OC,5.45469,NEKNOPAJIGVRKE-UHFFFAOYSA-N
1643,COc1ccc(C2c3ccc4ccccc4c3Oc3nc4c(c(N)c32)CCCC4)c(OC)c1,6.4318,NEKNOPAJIGVRKE-UHFFFAOYSA-N
1644,COc1cc(C2c3ccc4ccccc4c3Oc3nc4c(c(N)c32)CCCC4)ccc1O,6.48149,NEKNOPAJIGVRKE-UHFFFAOYSA-N
1645,COc1ccccc1C1c2ccc3ccccc3c2Oc2nc3c(c(N)c21)CCCC3,5.3439,NEKNOPAJIGVRKE-UHFFFAOYSA-N
1646,Nc1c2c(nc3c1C(c1ccc(O)cc1)c1ccc4ccccc4c1O3)CCCC2,5.10624,NEKNOPAJIGVRKE-UHFFFAOYSA-N
1647,Cc1ccc(C2c3ccc4ccccc4c3Oc3nc4c(c(N)c32)CCCC4)cc1,6.39794,NEKNOPAJIGVRKE-UHFFFAOYSA-N
1648,Nc1c2c(nc3c1C(c1ccccc1)c1ccc4ccccc4c1O3)CCCC2,6.52288,NEKNOPAJIGVRKE-UHFFFAOYSA-N
3688,O=C(NCC1CCN(Cc2ccccc2)CC1)c1n[nH]c2ccc(-c3cccnc3)cc12,5.96138,DXZUJGHPCQSCHE-UHFFFAOYSA-N
3689,O=C(NCC1CCN(Cc2ccccc2F)CC1)c1n[nH]c2ccc(-c3cccnc3)cc12,5.66234,DXZUJGHPCQSCHE-UHFFFAOYSA-N
1988,COc1cccc(CN(C)CCCCOc2ccc3c4c(c(=O)oc3c2)CCCC4)c1,5.76955,NJDZSOKILZGQAX-UHFFFAOYSA-N
1989,CN(CCCCOc1ccc2c3c(c(=O)oc2c1)CCCC3)Cc1ccccc1,6.0,NJDZSOKILZGQAX-UHFFFAOYSA-N
680,O=C(CCCCC1CCSS1)NCCNc1c2c(nc3ccccc13)CCCC2,7.01323,AJUUAUZWBQPTFD-UHFFFAOYSA-N
1957,O=C(Cc1cc(=O)oc2cc(O)ccc12)NNC(=S)Nc1c2c(nc3ccccc13)CCCC2,5.08778,HAMAIEQEHDOVOU-UHFFFAOYSA-N
1861,CCN(CCCCOc1ccc(-c2coc3cc(O)cc(O)c3c2=O)cc1)Cc1ccccc1OC,5.41117,BXKAIFOAFMMETC-UHFFFAOYSA-N
3948,COc1ccc(-c2cc3cc4c(=O)c(C=O)coc4cc3o2)cc1,5.0,BHGVAXXUXFNVSG-UHFFFAOYSA-N
4471,C[C@@H]1CC[C@]2(C(=O)O)CC[C@]3(C)C(=CC[C@@H]4[C@@]5(C)C[C@@H](OC(=O)c6ccc(Cl)cc6)[C@H](OC(=O)c6ccc(Cl)cc6)[C@@](C)(COC(=O)c6ccc(Cl)cc6)[C@@H]5CC[C@]43C)[C@@H]2[C@]1(C)O,5.22841,AZTOXGFWBBSJAK-MRKIMWIVSA-N
3479,Cn1c(=O)sc2cc(C(=O)CCN3CCN(Cc4ccccc4)CC3)ccc21,6.33724,JDISLMCYHFJWQP-UHFFFAOYSA-N
3305,COc1ccc([C@H]2OC(=O)[C@H]3[C@@H]2C(=O)O[C@@H]3c2ccc3c(c2)OCO3)cc1OC,6.80134,CRJHULALZRTMAB-MWDXBVQZSA-N
3343,Cc1cc(S(=O)(=O)Nc2cnccn2)c(C(C)C)cc1O,5.1343,KAPFAVLCJMCLFV-UHFFFAOYSA-N
2409,COc1cc2c(cc1O)C(=O)/C(=C/C1CCN(Cc3ccccc3)CC1)C2,5.81248,WWOATZYESLZUJT-XSFVSMFZSA-N
2410,COc1cc2c(cc1O)C/C(=C\C1CCN(Cc3ccccc3)CC1)C2=O,5.81248,WWOATZYESLZUJT-XSFVSMFZSA-N
2411,O=C1/C(=C/C2CCN(Cc3ccccc3)CC2)Cc2ccc(O)cc21,5.82391,WWOATZYESLZUJT-XSFVSMFZSA-N
2412,O=C1/C(=C/C2CCN(Cc3ccccc3)CC2)Cc2cccc(O)c21,6.19654,WWOATZYESLZUJT-XSFVSMFZSA-N
2413,O=C1/C(=C/C2CCN(Cc3ccccc3)CC2)Cc2cc(O)ccc21,5.66555,WWOATZYESLZUJT-XSFVSMFZSA-N
2414,COc1cc2c(cc1OC)C(=O)/C(=C/C1CCN(Cc3ccccc3)CC1)C2,7.23657,WWOATZYESLZUJT-XSFVSMFZSA-N
2415,COc1ccc2c(c1)C(=O)/C(=C/C1CCN(Cc3ccccc3)CC1)C2,6.46597,WWOATZYESLZUJT-XSFVSMFZSA-N
2416,COc1cccc2c1C(=O)/C(=C/C1CCN(Cc3ccccc3)CC1)C2,5.82131,WWOATZYESLZUJT-XSFVSMFZSA-N
2417,COc1ccc2c(c1)C/C(=C\C1CCN(Cc3ccccc3)CC1)C2=O,7.36653,WWOATZYESLZUJT-XSFVSMFZSA-N
2419,COc1cccc(CN2CCC(/C=C3\Cc4cc(OC)ccc4C3=O)CC2)c1,6.06905,WWOATZYESLZUJT-XSFVSMFZSA-N
4177,CC[N+](CC)(CCCCCn1c(=O)cc(C)n(CCCn2c(C)cc(=O)n(C)c2=O)c1=O)Cc1ccccc1[N+](=O)[O-],8.1549,IVMJFBQNFVMHFG-UHFFFAOYSA-O
4181,CC[N+](CC)(CCCCCn1c(=O)cc(C)n(CCCn2c(C)cc(=O)n(C)c2=O)c1=O)Cc1ccccc1C(F)(F)F,8.69897,IVMJFBQNFVMHFG-UHFFFAOYSA-O
1006,CCN(CCCNC1=CC(=O)C(NCCCNC(=O)CCCCC2CCSS2)=CC1=O)Cc1ccccc1OC,6.72125,DWTMGIXXVYXICU-UHFFFAOYSA-N
1685,CCOC(=O)C1=C(C)Oc2nc3c(c(N)c2[C@H]1c1cccc([N+](=O)[O-])c1)CCCC3,5.72,QXOHJPJAQVKDBR-OAHLLOKOSA-N
1686,CCOC(=O)C1=C(C)Oc2nc3c(c(N)c2[C@H]1c1ccc(C#N)cc1)CCCC3,5.46,QXOHJPJAQVKDBR-OAHLLOKOSA-N
1687,CCOC(=O)C1=C(C)Oc2nc3c(c(N)c2[C@H]1c1ccc(Cl)cc1)CCCC3,5.71,QXOHJPJAQVKDBR-OAHLLOKOSA-N
1688,CCOC(=O)C1=C(C)Oc2nc3c(c(N)c2[C@H]1c1ccc(C)cc1)CCCC3,5.74,QXOHJPJAQVKDBR-OAHLLOKOSA-N
1689,CCOC(=O)C1=C(C)Oc2nc3c(c(N)c2[C@H]1c1ccccc1)CCCC3,5.81,QXOHJPJAQVKDBR-OAHLLOKOSA-N
1690,CCOC(=O)C1=C(C)Oc2nc3c(c(N)c2[C@H]1c1ccc(OC)c(OC)c1)CCCC3,5.34,QXOHJPJAQVKDBR-OAHLLOKOSA-N
1691,CCOC(=O)C1=C(C)Oc2nc3c(c(N)c2[C@H]1c1cccc(OC)c1)CCCC3,5.11,QXOHJPJAQVKDBR-OAHLLOKOSA-N
1696,CCOC(=O)C1=C(C)Oc2nc3c(c(N)c2[C@H]1c1ccc(OC)cc1)CCCC3,6.06,QXOHJPJAQVKDBR-OAHLLOKOSA-N
3715,COc1ccc2[nH]cc(CCNC(=O)CCCCn3cc(CN4CC[C@@]56C=C[C@H](O)C[C@@H]5Oc5c(OC)ccc(c56)C4)nn3)c2c1,5.99913,GTNXCLKKSLDQGQ-DITALETJSA-N
1003,CCN(CCCCCCNC1=CC(=O)C(NCCCCCCNC(=O)CCCCC2CCSS2)=CC1=O)Cc1ccccc1OC,7.0,FGUBIFBCUVCQNS-UHFFFAOYSA-N
1479,CN(Cc1ccccc1)Cc1ccc(C(=O)c2ccc(OCCCCCN3CCCCC3)cc2)cc1,6.84466,FYWFHMXKMJNXGS-UHFFFAOYSA-N
1236,CN(CCOCCNC(=S)NC(=O)c1ccc2ccccc2c1)Cc1ccccc1,7.0,GEVREHPVEIWFQP-UHFFFAOYSA-N
1974,COc1cc(CCC(=O)/C=C/c2ccc(CNc3c4c(nc5cc(Cl)ccc35)CC3CC(C)=CC4C3)cc2)cc(CN(C)C)c1O,7.67572,DIRLNGVZIACMRC-CZIZESTLSA-N
1975,COc1cc(CCC(=O)/C=C/c2ccc(CNc3c4c(nc5cc(Cl)ccc35)CC3CC(C)=CC4C3)cc2)ccc1O,7.73755,DIRLNGVZIACMRC-CZIZESTLSA-N
888,CCN(Cc1ccccc1)Cc1ccc(-c2cc3ccc(OCCNC(=O)/C=C/c4ccc(Cl)c(Cl)c4)cc3oc2=O)cc1,5.37366,FZOCLHXKQYOSOU-QGOAFFKASA-N
890,CCN(Cc1ccccc1)Cc1ccc(-c2cc3ccc(OCCNC(=O)/C=C/c4cc(F)cc(F)c4)cc3oc2=O)cc1,5.34008,FZOCLHXKQYOSOU-QGOAFFKASA-N
3454,O=C(NCCCNc1c2c(nc3ccccc13)CCCC2)c1sc(-c2ccnc(NC(=O)C3CCC3)c2)nc1OCC1CC1,6.52988,HZTZFAQVGYSTHZ-UHFFFAOYSA-N
1491,C[C@@H]([C@H]1[C@H](O)C[C@@]2(C)[C@@H]3CC[C@H]4[C@]5(C)COC(C(C)(C)F)=N[C@H]5CC[C@@]45C[C@@]35C(=O)C[C@]12C)N(C)C,6.12843,GHTRHGIMNKDACG-LETNVAMUSA-N
1492,C[C@@H]([C@H]1[C@H](O)C[C@@]2(C)[C@@H]3CC[C@H]4[C@]5(C)COC(C(F)(C(F)(F)F)C(F)(F)F)=N[C@H]5CC[C@@]45C[C@@]35C(=O)C[C@]12C)N(C)C,5.52244,GHTRHGIMNKDACG-LETNVAMUSA-N
919,COc1cc2c(cc1OC)CC(CC1CCN(CCNc3c4c(nc5cc(Cl)ccc35)CCCC4)CC1)C2,8.58503,MNJYPJBWHILNMT-UHFFFAOYSA-N
921,COc1cc2c(cc1OC)CC(CC1CCN(CCNc3c4c(nc5ccccc35)CCCC4)CC1)C2,8.28988,MNJYPJBWHILNMT-UHFFFAOYSA-N
3910,CC1=C[C@H]2Cc3nc4cc(Cl)ccc4c(NCCCCC(=O)N4CCC(NC(=O)Nc5ccc(OC(F)(F)F)cc5)CC4)c3[C@@H](C1)C2,5.77989,CIYWTMZGOWASMQ-RPWUZVMVSA-N
1495,CC(C)C1=N[C@H]2CC[C@]34C[C@]35C(=O)C[C@]3(C)[C@@H]([C@H](C)N(C)C)[C@H](O)C[C@@]3(C)[C@@H]5CC[C@H]4[C@]2(C)CS1,7.22185,ABKDUSYLKSLQKV-LETNVAMUSA-N
1496,CN[C@@H](C)[C@H]1[C@H](O)C[C@@]2(C)[C@@H]3CC[C@H]4[C@]5(C)CSC(C(C)C)=N[C@H]5CC[C@@]45C[C@@]35C(=O)C[C@]12C,7.11919,ABKDUSYLKSLQKV-LETNVAMUSA-N
1497,CC(=O)N(C)[C@@H](C)[C@H]1[C@H](O)C[C@@]2(C)[C@@H]3CC[C@H]4[C@]5(C)CSC(C(C)C)=N[C@H]5CC[C@@]45C[C@@]35C(=O)C[C@]12C,6.52578,ABKDUSYLKSLQKV-LETNVAMUSA-N
1499,CC(C)C1=N[C@H]2CC[C@]34C[C@]35C(=O)C[C@]3(C)[C@@H]([C@H](C)N(C)C(=O)OC(C)(C)C)[C@H](O)C[C@@]3(C)[C@@H]5CC[C@H]4[C@]2(C)CS1,6.7986,ABKDUSYLKSLQKV-LETNVAMUSA-N
3815,Cc1cccc2sc(NC(=O)CCN3CCN(CC4CCCO4)CC3)nc12,5.10182,CHZAJDNXPGNBLF-UHFFFAOYSA-N
1956,O=C(Cc1cc(=O)oc2cc(O)ccc12)NCCCCNc1c2c(nc3ccccc13)CCCC2,7.81248,DGAIWEHSIOVGNT-UHFFFAOYSA-N
2073,Cc1c(C)c2c(c(C)c1O)CCC(C)(C(=O)NCCCCNc1c3c(nc4ccccc14)CCCC3)O2,6.146965,ZKFPNRHTYYBOLG-UHFFFAOYSA-N
2268,COc1ccc2nc3c(c(NCCCCNC(=O)C4(C)CCc5c(C)c(O)c(C)c(C)c5O4)c2c1)CCCC3,5.14206,ZKFPNRHTYYBOLG-UHFFFAOYSA-N
2275,Cc1c(C)c2c(c(C)c1O)CCC(C)(C(=O)NCCCCNc1c3c(nc4cc(Cl)ccc14)CCCC3)O2,6.82391,ZKFPNRHTYYBOLG-UHFFFAOYSA-N
1340,Fc1ccc(N(Cc2ccc3c(c2)OCO3)C(=S)Nc2cccc(C(F)(F)F)c2)cc1,5.09691,BYUCGUMKBQIYAW-UHFFFAOYSA-N
3150,O=C(Nc1cccc(-c2cn(CCNc3c4c(nc5ccccc35)CCCC4)nn2)n1)Nc1cccc2c1C1CCCCN1C2=O,6.87615,JRYNVBKKSAGWOO-UHFFFAOYSA-N
335,Cc1ccccc1NC(=O)Oc1ccc2c(c1)[C@]1(C)CCN(C)O[C@@H]1N2C,6.75696,KBCDJDYGGQCOPI-VYIIXAMBSA-N
343,CCc1ccccc1NC(=O)Oc1ccc2c(c1)[C@]1(C)CCN(C)O[C@@H]1N2C,7.18709,KBCDJDYGGQCOPI-VYIIXAMBSA-N
345,CN1CC[C@@]2(C)c3cc(OC(=O)Nc4ccccc4)ccc3N(C)[C@H]2O1,6.88606,KBCDJDYGGQCOPI-VYIIXAMBSA-N
2902,COc1ccc(Cn2cc(C(=O)NCCCCCCNc3c4c(nc5cc(Cl)ccc35)CCCC4)c(=O)c3ccccc32)cc1,7.02641,QDERUYQRVSOFNB-UHFFFAOYSA-N
2909,COc1ccc(Cn2cc(C(=O)NCCCCCCNc3c4c(nc5ccccc35)CCCC4)c(=O)c3ccccc32)cc1,6.7122,QDERUYQRVSOFNB-UHFFFAOYSA-N
2915,COc1ccc(Cn2cc(C(=O)NCCCCCCNc3c4c(nc5ccc(OC)cc35)CCCC4)c(=O)c3ccccc32)cc1,5.0,QDERUYQRVSOFNB-UHFFFAOYSA-N
1137,CCN1CC[C@@]2(C)c3cc(OC(=O)Nc4ccccc4)ccc3C[C@@H]12,6.75449,HGHUANRELDAGLC-OMOCHNIRSA-N
2337,N#CC1=C(N)N(Cc2ccccc2)C(NCc2ccccc2)=C([N+](=O)[O-])C12C(=O)c1cccc3cccc2c13,5.22475,FBXOOPKVYFVFRA-UHFFFAOYSA-N
2341,N#CC1=C(N)N(Cc2ccccc2)C(NCc2ccccc2)=C([N+](=O)[O-])C12C(=O)c1ccc(Br)c3c(Br)ccc2c13,5.20482,FBXOOPKVYFVFRA-UHFFFAOYSA-N
196,CC1CCN(CCc2ccccc2)CC1,6.74473,DBDVAKGHPZJLTH-UHFFFAOYSA-N
2733,CCOC(=O)CC[C@H](NC(=O)OCc1ccccc1)C(=O)NCCC1CCN(Cc2ccccc2)CC1,5.3019,SAKWNBGLNVCIJR-UHFFFAOYSA-N
2734,CCOC(=O)CC[C@@H](NC(=O)OCc1ccccc1)C(=O)NCCC1CCN(Cc2ccccc2)CC1,5.52288,SAKWNBGLNVCIJR-UHFFFAOYSA-N
2420,O=C(CCCCCCCCc1ccc(O)c(O)c1)c1c(O)cccc1O,5.7122,GWELKBUOZQOQHZ-UHFFFAOYSA-N
2421,O=C(CCCCCCCCc1ccc(O)cc1)c1c(O)cccc1O,5.73518,GWELKBUOZQOQHZ-UHFFFAOYSA-N
2422,O=C(CCCCCCCCc1ccccc1)c1c(O)cccc1O,5.88273,GWELKBUOZQOQHZ-UHFFFAOYSA-N
2423,O=C(CCCCCCCCc1ccc(O)cc1)c1c(O)cc(O)cc1O,5.19111,GWELKBUOZQOQHZ-UHFFFAOYSA-N
1624,N#Cc1c(N)nc(NC2CCN(Cc3ccccc3)CC2)c(C#N)c1-c1ccccc1,5.05552,MCBSFPOHLGSBCO-UHFFFAOYSA-N
1771,N#Cc1c(Cl)nc(NC2CCN(Cc3ccccc3)CC2)c(C#N)c1-c1ccccc1,5.02549,MCBSFPOHLGSBCO-UHFFFAOYSA-N
881,[O-]c1cc2c3c(c1)c1cc4c(cc1c[n+]3CC2)OCO4,5.41454,HEPAETZTOMPKRE-UHFFFAOYSA-N
1052,c1cc[n+](CCCCCCCCC[n+]2ccccc2)cc1,5.69897,XJMUBKVBGNJFRH-UHFFFAOYSA-N
1403,CC(C)(C)c1cc[n+](CCCCCCCCC[n+]2ccc(C(C)(C)C)cc2)cc1,7.4318,XJMUBKVBGNJFRH-UHFFFAOYSA-N
1152,O=C(c1ccccc1)N(CCC1CCN(Cc2ccccc2)CC1)c1ccccc1,7.45593,RSMDWTVKHVTHAL-UHFFFAOYSA-N
1153,COc1ccc(C(=O)N(CCC2CCN(Cc3ccccc3)CC2)c2ccccc2)cc1,6.22915,RSMDWTVKHVTHAL-UHFFFAOYSA-N
1154,O=C(c1ccc(F)cc1)N(CCC1CCN(Cc2ccccc2)CC1)c1ccccc1,7.74473,RSMDWTVKHVTHAL-UHFFFAOYSA-N
1155,O=C(c1ccc([N+](=O)[O-])cc1)N(CCC1CCN(Cc2ccccc2)CC1)c1ccccc1,8.26761,RSMDWTVKHVTHAL-UHFFFAOYSA-N
40,CN1CC[C@@]2(C)c3cc(OC(=O)NCCCCCCCCCN4CCOCC4)ccc3N(C)[C@@H]12,7.22185,JROOHZKVSIFPEO-GWQXNCQPSA-N
1630,N#Cc1cc(C#N)c(NCCCC2CCN(Cc3ccccc3)CC2)nc1N,8.02687,WFNBIRNJSOCNHT-UHFFFAOYSA-N
1765,N#Cc1cc(C#N)c(NCCCC2CCN(Cc3ccccc3)CC2)nc1Cl,7.26761,WFNBIRNJSOCNHT-UHFFFAOYSA-N
643,COc1cc2c(cc1OC)SC(C(=O)CCc1cc[n+](CC3CC3)cc1)C2,6.95861,CIYYAXBPPLHNDV-UHFFFAOYSA-N
3737,Cc1c(C)c2ccc(OCC3CCCN(Cc4cccc(F)c4)C3)cc2oc1=O,5.92082,ZBJSUGDKPWWCDP-UHFFFAOYSA-N
3750,Cc1c(C)c2ccc(OCC3CCCN(Cc4ccccc4)C3)cc2oc1=O,5.869965,ZBJSUGDKPWWCDP-UHFFFAOYSA-N
1295,c1ccc2c(NCCCCCCNc3c4c(nc5ncccc35)CCCCC4)c3c(nc2c1)CCCCC3,8.60206,CUNSKXFDFJIUPQ-UHFFFAOYSA-N
1178,O=C(c1ccccc1)c1ccc2c(c1)C(=O)N(CCC1CCN(Cc3ccccc3)CC1)C2=O,8.61979,JPWQKDAHORMNTF-UHFFFAOYSA-N
1628,N#Cc1cc(C#N)c(NC2CCN(Cc3ccccc3)CC2)nc1N,5.50864,KHSFZCPGVFDBKX-UHFFFAOYSA-N
1767,N#Cc1cc(C#N)c(NC2CCN(Cc3ccccc3)CC2)nc1Cl,5.27165,KHSFZCPGVFDBKX-UHFFFAOYSA-N
408,Cn1cc[n+](COC[n+]2ccn(C)c2/C=N/O)c1/C=N/O,5.10791,CGAHLAWAOLRZHC-UHFFFAOYSA-P
893,CCN(Cc1ccccc1)Cc1ccc(-c2cc3cc(OCCNC(=O)/C=C/c4cc(F)cc(F)c4)ccc3oc2=O)cc1,5.14509,DUBCFABUVWVNQL-QGOAFFKASA-N
2264,COc1ccc(-c2cc3c(c(=O)o2)C[C@]2(O)[C@@]4(C)CC[C@@H](OC(C)=O)C(C)(C)[C@]4(O)CC[C@@]2(C)O3)cc1,5.45593,JDYLUVUNDLPZMT-UHFFFAOYSA-N
3797,COc1ccc(-c2cc3c(c(=O)o2)C[C@]2(O)[C@@]4(C)CC[C@@H](O)C(C)(C)[C@]4(O)CC[C@@]2(C)O3)cc1,6.19382,JDYLUVUNDLPZMT-UHFFFAOYSA-N
3154,O=C(Nc1cc(-c2cn(CCNc3c4c(nc5ccccc35)CCCC4)nn2)ccn1)Nc1cccc2c1C1CCCCN1C2=O,7.9431,BNBWNJAILLASJW-UHFFFAOYSA-N
499,CN(C)Cc1ccc(CSCCNc2nnccc2[N+](=O)[O-])o1,6.3279,AZDCZJVQTAHDHL-UHFFFAOYSA-N
7,CSc1nc(-c2ccc3ccccc3c2)nn1C(=O)N(C)C,7.30103,JKXVBPGYSLNZPY-UHFFFAOYSA-N
4276,O=C(NCCCCCCNc1c2c(nc3ccccc13)CCCC2)Oc1ccc(-c2cc3cccnc3[nH]2)cc1,7.67081,VCUSFEPDEQONLX-UHFFFAOYSA-N
4278,O=C(NCCCCCCNc1c2c(nc3cc(F)ccc13)CCCC2)Oc1ccc(-c2cc3cccnc3[nH]2)cc1,7.51784,VCUSFEPDEQONLX-UHFFFAOYSA-N
4280,O=C(NCCCCCCNc1c2c(nc3cc(Cl)ccc13)CCCC2)Oc1ccc(-c2cc3cccnc3[nH]2)cc1,7.18903,VCUSFEPDEQONLX-UHFFFAOYSA-N
4282,O=C(NCCCCCCNc1c2c(nc3cc(Br)ccc13)CCCC2)Oc1ccc(-c2cc3cccnc3[nH]2)cc1,7.2594,VCUSFEPDEQONLX-UHFFFAOYSA-N
1556,COc1ccc2nc3c(c(N4CCCCCN(c5c6c(nc7ccc(OC)cc57)CCCC6)CCCCC4)c2c1)CCCC3,5.33724,DOPAXULTVCOLJN-UHFFFAOYSA-N
1699,CCOC(=O)c1c(C)nc2nc3c(c(N)c2c1-c1ccc(OC)cc1)CCCC3,5.05,VXIBTGIQMBJANX-UHFFFAOYSA-N
1700,Cc1nc2nc3c(c(N)c2c(-c2ccccc2)c1C(=O)OC(C)C)CCCC3,5.92,VXIBTGIQMBJANX-UHFFFAOYSA-N
1703,CCOC(=O)c1c(C)nc2nc3c(c(N)c2c1-c1cccc([N+](=O)[O-])c1)CCCC3,6.03,VXIBTGIQMBJANX-UHFFFAOYSA-N
1704,CCOC(=O)c1c(C)nc2nc3c(c(N)c2c1-c1ccc(Cl)cc1)CCCC3,5.89,VXIBTGIQMBJANX-UHFFFAOYSA-N
1705,CCOC(=O)c1c(C)nc2nc3c(c(N)c2c1-c1ccc(F)cc1)CCCC3,6.15,VXIBTGIQMBJANX-UHFFFAOYSA-N
1706,CCOC(=O)c1c(C)nc2nc3c(c(N)c2c1-c1ccc(OC)c(OC)c1)CCCC3,5.89,VXIBTGIQMBJANX-UHFFFAOYSA-N
1707,CCOC(=O)c1c(C)nc2nc3c(c(N)c2c1-c1cccc(OC)c1)CCCC3,5.92,VXIBTGIQMBJANX-UHFFFAOYSA-N
1711,CCOC(=O)c1c(C)nc2nc3c(c(N)c2c1-c1ccccc1)CCCC3,6.09,VXIBTGIQMBJANX-UHFFFAOYSA-N
3979,CC(C)n1c2ccccc2c2cc[n+](-c3ccccc3)cc21,5.8881250000000005,BLYRLILMLCWJOU-UHFFFAOYSA-O
3980,Cc1ccc2c(c1)c1cc[n+](-c3ccccc3)cc1n2C,6.37675,BLYRLILMLCWJOU-UHFFFAOYSA-O
3981,Cc1ccc(-[n+]2ccc3c4ccccc4n(C)c3c2)cc1,6.5376,BLYRLILMLCWJOU-UHFFFAOYSA-O
3982,Cn1c2ccccc2c2cc[n+](-c3ccc(I)cc3)cc21,6.61979,BLYRLILMLCWJOU-UHFFFAOYSA-O
3983,Cn1c2ccccc2c2cc[n+](-c3ccc(Cl)cc3)cc21,6.387345,BLYRLILMLCWJOU-UHFFFAOYSA-O
3984,Cn1c2ccccc2c2cc[n+](-c3ccc(Br)cc3)cc21,6.52288,BLYRLILMLCWJOU-UHFFFAOYSA-O
3985,COc1ccc(-[n+]2ccc3c4ccccc4n(C)c3c2)cc1,6.52288,BLYRLILMLCWJOU-UHFFFAOYSA-O
3992,Cn1c2ccccc2c2cc[n+](-c3ccc(Br)cc3Br)cc21,6.95861,BLYRLILMLCWJOU-UHFFFAOYSA-O
3064,COc1c(C(=O)CCC2CCN(Cc3ccccc3)CC2)cc(Cl)c2[nH]c([Si](C)(C)C)cc12,6.56067,CPQKZLNBCUOHCW-UHFFFAOYSA-N
3065,COc1c(C(=O)CCC2CCN(Cc3ccccc3)CC2)cc(Cl)c2[nH]ccc12,7.69037,CPQKZLNBCUOHCW-UHFFFAOYSA-N
3067,O=C(CCC1CCN(Cc2ccccc2)CC1)c1ccc2[nH]ccc2c1,7.87615,CPQKZLNBCUOHCW-UHFFFAOYSA-N
3836,O=C(COc1ccc(Cc2ccccc2)cc1)NCCN1CCN(Cc2ccccc2)CC1,6.00305,HURQPHROLGROAJ-UHFFFAOYSA-N
147,c1ccc(CN2CCC(CCSc3ccc(-c4ccccc4)nn3)CC2)cc1,6.3279,AGAAICLBZSPZIQ-UHFFFAOYSA-N
1476,CN(Cc1ccccc1)Cc1ccc(C(=O)c2ccc(OCCCN3CCOCC3)cc2)cc1,6.97062,GIEJESFZGPSEJN-UHFFFAOYSA-N
4178,CC[N+](CC)(CCCCCn1c(=O)cc(C)n(CCCCn2c(C)cc(=O)n(C)c2=O)c1=O)Cc1ccccc1[N+](=O)[O-],9.22185,QLVMBBYTMJJCGL-UHFFFAOYSA-O
4182,CC[N+](CC)(CCCCCn1c(=O)cc(C)n(CCCCn2c(C)cc(=O)n(C)c2=O)c1=O)Cc1ccccc1C(F)(F)F,9.0,QLVMBBYTMJJCGL-UHFFFAOYSA-O
2953,Fc1ccc2c(C3CCN(CCN4CCCCC4)CC3)noc2c1,5.65365,DLBUVBWGLMJYOU-UHFFFAOYSA-N
1941,CCN(CC)CCCOc1ccc2nc3n(c(=O)c2c1)CCC3,5.91291,VARHXCYGZKSOOO-UHFFFAOYSA-N
2886,C#CCNCC(=O)Nc1ccc2nc3n(c(=O)c2c1)CCC3,7.33348,VARHXCYGZKSOOO-UHFFFAOYSA-N
2887,CC(C)=CCNCC(=O)Nc1ccc2nc3n(c(=O)c2c1)CCC3,7.5867,VARHXCYGZKSOOO-UHFFFAOYSA-N
2888,C=CCCNCC(=O)Nc1ccc2nc3n(c(=O)c2c1)CCC3,7.87615,VARHXCYGZKSOOO-UHFFFAOYSA-N
2889,C=CCNCC(=O)Nc1ccc2nc3n(c(=O)c2c1)CCC3,7.17653,VARHXCYGZKSOOO-UHFFFAOYSA-N
2890,CCCCCCCCCCCCCCCCNCC(=O)Nc1ccc2nc3n(c(=O)c2c1)CCC3,8.27491,VARHXCYGZKSOOO-UHFFFAOYSA-N
2891,CCCCCCCCCCCCNCC(=O)Nc1ccc2nc3n(c(=O)c2c1)CCC3,7.43533,VARHXCYGZKSOOO-UHFFFAOYSA-N
2892,CCCCCCCCCCNCC(=O)Nc1ccc2nc3n(c(=O)c2c1)CCC3,7.61798,VARHXCYGZKSOOO-UHFFFAOYSA-N
2893,CCCCCCCCNCC(=O)Nc1ccc2nc3n(c(=O)c2c1)CCC3,7.97469,VARHXCYGZKSOOO-UHFFFAOYSA-N
2894,CCCCCCNCC(=O)Nc1ccc2nc3n(c(=O)c2c1)CCC3,7.59688,VARHXCYGZKSOOO-UHFFFAOYSA-N
2895,CCCCNCC(=O)Nc1ccc2nc3n(c(=O)c2c1)CCC3,7.67366,VARHXCYGZKSOOO-UHFFFAOYSA-N
2896,CCCNCC(=O)Nc1ccc2nc3n(c(=O)c2c1)CCC3,6.50864,VARHXCYGZKSOOO-UHFFFAOYSA-N
2897,CCNCC(=O)Nc1ccc2nc3n(c(=O)c2c1)CCC3,6.25414,VARHXCYGZKSOOO-UHFFFAOYSA-N
1342,Oc1c(CNCCCCCCCCCNc2c3c(nc4ccccc24)CCCC3)ccc2cccnc12,8.25964,BEYZPMKEFLSJEI-UHFFFAOYSA-N
1344,Oc1c(CNCCCCCCCCCNc2c3c(nc4ccccc24)CCCC3)cc(Cl)c2cccnc12,9.0,BEYZPMKEFLSJEI-UHFFFAOYSA-N
2491,C#CCN(Cc1ccc(O)c2ncccc12)C(C#N)CCC1CCN(Cc2ccccc2)CC1,6.45593,BJJFPDPNWBAGOS-UHFFFAOYSA-N
2486,C#CCN(Cc1ccc2cccc(O)c2n1)CC1CCN(Cc2ccccc2)CC1,5.01323,JTBMSOXBOXLAFC-UHFFFAOYSA-N
4275,O=C(NCCCCCNc1c2c(nc3ccccc13)CCCC2)Oc1ccc(-c2cc3cccnc3[nH]2)cc1,6.81645,ZSQVLBAJPVNTPW-UHFFFAOYSA-N
4277,O=C(NCCCCCNc1c2c(nc3cc(F)ccc13)CCCC2)Oc1ccc(-c2cc3cccnc3[nH]2)cc1,6.81901,ZSQVLBAJPVNTPW-UHFFFAOYSA-N
4279,O=C(NCCCCCNc1c2c(nc3cc(Cl)ccc13)CCCC2)Oc1ccc(-c2cc3cccnc3[nH]2)cc1,7.6362,ZSQVLBAJPVNTPW-UHFFFAOYSA-N
4281,O=C(NCCCCCNc1c2c(nc3cc(Br)ccc13)CCCC2)Oc1ccc(-c2cc3cccnc3[nH]2)cc1,7.22812,ZSQVLBAJPVNTPW-UHFFFAOYSA-N
4081,CCC(=O)CNC(=O)Nc1nc2ccc(-c3oc4c(OC)c(O)c(O)c(OC)c4c(=O)c3O)cc2s1,7.0,ALRYRBBCEXMJGI-UHFFFAOYSA-N
4006,COc1ccc2c(c1)c(C=O)cn2CCCCCCCN(C)Cc1cccc(O)c1,5.25649,XRFAUWJPLYPREY-UHFFFAOYSA-N
4010,COc1ccc2c(c1)c(C=O)cn2CCCCCCCN(C)Cc1ccc(O)cc1,5.79317,XRFAUWJPLYPREY-UHFFFAOYSA-N
3550,O=c1cc(-c2ccc(OCCCCN3CCN(Cc4ccccc4)CC3)cc2)oc2cc(OCCCCN3CCN(Cc4ccccc4)CC3)cc(O)c12,6.0,AAFDWODPFAYCQI-UHFFFAOYSA-N
72,C/N=C1/CCc2c1n(C)c1ccc(OC(=O)NCc3ccccc3)c(Br)c21,5.37779,FPUPKICNGPEKDJ-UHFFFAOYSA-N
305,Cc1ccc2nc3c(c(NCc4ccccc4)c2c1)CCCC3,5.430899999999999,JYJAEHAURXXPSD-UHFFFAOYSA-N
325,Clc1ccc2c(NCc3ccccc3)c3c(nc2c1)CCCC3,6.76978,JYJAEHAURXXPSD-UHFFFAOYSA-N
328,O=[N+]([O-])c1ccc2nc3c(c(NCc4ccccc4)c2c1)CCCC3,5.7979400000000005,JYJAEHAURXXPSD-UHFFFAOYSA-N
329,Cc1ccc2c(NCc3ccccc3)c3c(nc2c1)CCCC3,6.12747,JYJAEHAURXXPSD-UHFFFAOYSA-N
330,O=[N+]([O-])c1ccc2c(NCc3ccccc3)c3c(nc2c1)CCCC3,5.319380000000001,JYJAEHAURXXPSD-UHFFFAOYSA-N
2675,COc1ccc(CNc2c3c(nc4ccccc24)CCCC3)cc1OC,5.65758,JYJAEHAURXXPSD-UHFFFAOYSA-N
2676,COc1ccc(CNc2c3c(nc4cc(Cl)ccc24)CCCC3)cc1OC,6.09691,JYJAEHAURXXPSD-UHFFFAOYSA-N
3132,Oc1ccc(CNc2c3c(nc4ccccc24)CCCC3)cc1O,7.0,JYJAEHAURXXPSD-UHFFFAOYSA-N
1226,Cc1cc(-c2ccc3c(c2)OCO3)nnc1NCCN1CCCCC1,6.0,HETNMRPIPFJEGO-UHFFFAOYSA-N
1553,O=C(CCCC[C@@H]1CCSS1)NCCCNc1c2c(nc3cc(Cl)ccc13)CCCC2,9.63827,FUZSKXNTSYMEMF-GOSISDBHSA-N
1911,COc1cc2c(cc1OC)C(Cc1ccc(OCCCCCCN3CCC(c4ccccc4)CC3)cc1)NCC2,5.03012,HRAYQSIQNOZKAT-UHFFFAOYSA-N
2334,N#CC1=C(N)N2CCNC2=C([N+](=O)[O-])C12C(=O)c1cccc3cccc2c13,5.14997,OOUOFOSBPSCTLF-UHFFFAOYSA-N
2338,N#CC1=C(N)N2CCNC2=C([N+](=O)[O-])C12C(=O)c1ccc(Br)c3c(Br)ccc2c13,5.19586,OOUOFOSBPSCTLF-UHFFFAOYSA-N
3581,COc1cccc2cc[n+](-c3ccc(C(F)(F)F)cc3)cc12,6.16115,KRGUESMZMKNYRU-UHFFFAOYSA-N
3582,COc1cccc2cc[n+](-c3ccc(I)cc3)cc12,6.14267,KRGUESMZMKNYRU-UHFFFAOYSA-N
3583,COc1cccc2cc[n+](-c3ccccc3I)cc12,5.68613,KRGUESMZMKNYRU-UHFFFAOYSA-N
3584,COc1cccc2cc[n+](-c3ccc(Br)cc3)cc12,6.72125,KRGUESMZMKNYRU-UHFFFAOYSA-N
3585,COc1cccc2cc[n+](-c3ccccc3Br)cc12,5.2815,KRGUESMZMKNYRU-UHFFFAOYSA-N
3586,COc1cccc2cc[n+](-c3ccc(Cl)cc3)cc12,6.76955,KRGUESMZMKNYRU-UHFFFAOYSA-N
3587,COc1cccc2cc[n+](-c3cccc(Cl)c3)cc12,5.02457,KRGUESMZMKNYRU-UHFFFAOYSA-N
3588,COc1cccc2cc[n+](-c3ccccc3Cl)cc12,5.27327,KRGUESMZMKNYRU-UHFFFAOYSA-N
3589,COc1cccc2cc[n+](-c3ccc(F)cc3)cc12,6.17393,KRGUESMZMKNYRU-UHFFFAOYSA-N
3590,COc1cccc2cc[n+](-c3cccc(F)c3)cc12,5.03953,KRGUESMZMKNYRU-UHFFFAOYSA-N
3591,COc1cccc2cc[n+](-c3ccccc3F)cc12,5.59346,KRGUESMZMKNYRU-UHFFFAOYSA-N
3592,COc1cccc2cc[n+](-c3ccccc3)cc12,5.84771,KRGUESMZMKNYRU-UHFFFAOYSA-N
3593,COc1cccc2cc[n+](-c3ccccc3C#N)cc12,5.75696,KRGUESMZMKNYRU-UHFFFAOYSA-N
3594,COc1cccc2cc[n+](-c3cccc(C#N)c3)cc12,5.46725,KRGUESMZMKNYRU-UHFFFAOYSA-N
3595,COc1cccc2cc[n+](-c3ccccc3C)cc12,5.5391,KRGUESMZMKNYRU-UHFFFAOYSA-N
3596,COc1cccc2cc[n+](-c3cccc(C)c3)cc12,5.65561,KRGUESMZMKNYRU-UHFFFAOYSA-N
3597,COc1cccc2cc[n+](-c3ccc(C)cc3)cc12,5.96658,KRGUESMZMKNYRU-UHFFFAOYSA-N
3598,COc1cccc(-[n+]2ccc3cccc(OC)c3c2)c1,5.16115,KRGUESMZMKNYRU-UHFFFAOYSA-N
3599,COc1ccc(-[n+]2ccc3cccc(OC)c3c2)cc1,6.85387,KRGUESMZMKNYRU-UHFFFAOYSA-N
3600,COc1cccc2cc[n+](-c3c(F)cccc3F)cc12,5.56864,KRGUESMZMKNYRU-UHFFFAOYSA-N
3601,COc1cccc2cc[n+](-c3ccc(Cl)cc3Cl)cc12,5.46597,KRGUESMZMKNYRU-UHFFFAOYSA-N
3602,COc1cccc2cc[n+](-c3ccc(Br)cc3Br)cc12,6.24413,KRGUESMZMKNYRU-UHFFFAOYSA-N
3603,COc1cccc2cc[n+](-c3ccc(Br)cc3F)cc12,6.04576,KRGUESMZMKNYRU-UHFFFAOYSA-N
3604,COc1cccc2cc[n+](-c3ccc(I)cc3F)cc12,5.91009,KRGUESMZMKNYRU-UHFFFAOYSA-N
3605,Brc1ccc(-[n+]2ccc3ccccc3c2)cc1,5.6216,KRGUESMZMKNYRU-UHFFFAOYSA-N
1282,c1ccc2c(NCCCCCCCNc3c4c(nc5ccccc35)CCC4)c3c(nc2c1)CCC3,7.12494,CJYZVXNYXSEUCW-UHFFFAOYSA-N
337,CNC(=O)Oc1ccc2c(c1)[C@]1(C)CCN(C)O[C@@H]1N2C,6.82391,AEEBVPFVPFLZOH-HTLJXXAVSA-N
3678,C[n+]1ccc2c(c1)c1ccccc1n2CCC(=O)N1c2ccccc2Sc2ccccc21,5.65758,FYRFGJSXHGSSRA-UHFFFAOYSA-O
3679,C[n+]1ccc2c(c1)c1cc(F)ccc1n2CCC(=O)N1c2ccccc2Sc2ccccc21,5.58503,FYRFGJSXHGSSRA-UHFFFAOYSA-O
3680,Cc1ccc2c(c1)c1c[n+](C)ccc1n2CCC(=O)N1c2ccccc2Sc2ccccc21,5.95861,FYRFGJSXHGSSRA-UHFFFAOYSA-O
3681,COc1ccc2c(c1)c1c[n+](C)ccc1n2CCC(=O)N1c2ccccc2Sc2ccccc21,5.27572,FYRFGJSXHGSSRA-UHFFFAOYSA-O
350,c1ccc(CN2CCC(CCc3noc4cc(N5CCOCC5)ccc34)CC2)cc1,9.09691,JCWFCWIJNXZDKN-UHFFFAOYSA-N
720,CC(C)c1ccc(NC(=O)Oc2ccc3c(c2)[C@@]2(C)CCO[C@H]2O3)cc1,5.17393,HQHNSHBCYQOVNO-VYIIXAMBSA-N
721,Cc1ccccc1NC(=O)Oc1ccc2c(c1)[C@@]1(C)CCO[C@H]1O2,7.4437,HQHNSHBCYQOVNO-VYIIXAMBSA-N
2652,N#CC1=C(N)N(Cc2ccccc2)C(NCc2ccccc2)=C([N+](=O)[O-])C12c1ccccc1-c1nc3ccccc3nc12,5.27572,TTZDIEOPFYIOAI-UHFFFAOYSA-N
2653,Cc1cc2nc3c(nc2cc1C)C1(C(C#N)=C(N)N(Cc2ccccc2)C(NCc2ccccc2)=C1[N+](=O)[O-])c1ccccc1-3,5.23657,TTZDIEOPFYIOAI-UHFFFAOYSA-N
2654,N#CC1=C(N)N(Cc2ccccc2)C(NCc2ccccc2)=C([N+](=O)[O-])C12c1ccccc1-c1nc3ccc([N+](=O)[O-])cc3nc12,5.35655,TTZDIEOPFYIOAI-UHFFFAOYSA-N
4007,COc1ccc2c(c1)c(C=O)cn2CCCCCCCCN(C)Cc1cccc(O)c1,5.58503,RHDMKEZBXPYVGT-UHFFFAOYSA-N
4011,COc1ccc2c(c1)c(C=O)cn2CCCCCCCCN(C)Cc1ccc(O)cc1,5.68613,RHDMKEZBXPYVGT-UHFFFAOYSA-N
4284,CCCNC(C)C(=O)Nc1c(C)csc1-c1nc(Cc2ccccc2)no1,7.31876,APSMOVSBJJPGKN-UHFFFAOYSA-N
1871,COc1cc2c(cc1OC)C(NC(=O)CN1CCN(Cc3ccccc3F)CC1)c1cnn(C)c1-2,5.61261,NJHWUYOMIXQAPR-UHFFFAOYSA-N
1873,COc1cc2c(cc1OC)C(NC(=O)CN1CCN(Cc3ccccc3)CC1)c1cnn(C)c1-2,5.73518,NJHWUYOMIXQAPR-UHFFFAOYSA-N
597,Cc1ccccc1NC(=O)Oc1ccc2c(c1)[C@]1(C)CCOC1N2C,7.88606,BLMXFPRHYAECRY-UHFFFAOYSA-N
598,CC(C)c1ccc(NC(=O)Oc2ccc3c(c2)[C@]2(C)CCOC2N3C)cc1,5.41341,BLMXFPRHYAECRY-UHFFFAOYSA-N
4031,CCC1=CC2Cc3nc4cc(Cl)ccc4c(NCCN4CCC(CC5Cc6cc(OC)c(OC)cc6C5)CC4)c3C(C1)C2,7.54363,ZYNVCAFXAHFVII-UHFFFAOYSA-N
4033,COc1cc2c(cc1OC)CC(CC1CCN(CCNc3c4c(nc5cc(Cl)ccc35)CC3C=C(C)CC4C3)CC1)C2,7.88606,ZYNVCAFXAHFVII-UHFFFAOYSA-N
925,CCN(CCCCCCn1c(=O)c2cc3c(=O)n(CCCCCCN(CC)Cc4ccccc4OC)c(=O)c3cc2c1=O)Cc1ccccc1OC,8.11351,DKLCDUMMOFZXAU-UHFFFAOYSA-N
793,CN(CCCCCOc1ccc2c(=O)c3ccccc3oc2c1)Cc1ccccc1,5.15657,YYNRPDWLFAYZGE-UHFFFAOYSA-N
1197,CNC(=O)Oc1cccc(CN(C)CCCCCOc2ccc3c(=O)c4ccccc4oc3c2)c1,9.08619,YYNRPDWLFAYZGE-UHFFFAOYSA-N
1198,CCCCCCNC(=O)Oc1cccc(CN(C)CCCCCOc2ccc3c(=O)c4ccccc4oc3c2)c1,7.0,YYNRPDWLFAYZGE-UHFFFAOYSA-N
1665,CCN(CCCCCOc1ccc2c(=O)c3ccccc3oc2c1)Cc1cccc(OC(=O)NC)c1,9.08619,YYNRPDWLFAYZGE-UHFFFAOYSA-N
3265,COc1ccc(-c2nc(NC(=O)C3CCN(Cc4ccc(F)cc4C(F)(F)F)CC3)sc2-c2ccc(OC)cc2)cc1,5.91009,KXOAWIQKVPBDOS-UHFFFAOYSA-N
3266,COc1ccc(-c2nc(NC(=O)C3CCN(Cc4ccccc4C#N)CC3)sc2-c2ccc(OC)cc2)cc1,5.55284,KXOAWIQKVPBDOS-UHFFFAOYSA-N
3267,COc1ccc(-c2nc(NC(=O)C3CCN(Cc4c(F)cccc4Cl)CC3)sc2-c2ccc(OC)cc2)cc1,6.38722,KXOAWIQKVPBDOS-UHFFFAOYSA-N
3268,COc1ccc(-c2nc(NC(=O)C3CCN(Cc4ccc(F)cc4)CC3)sc2-c2ccc(OC)cc2)cc1,5.93554,KXOAWIQKVPBDOS-UHFFFAOYSA-N
3269,COc1ccc(-c2nc(NC(=O)C3CCN(Cc4cc(F)cc(F)c4)CC3)sc2-c2ccc(OC)cc2)cc1,5.61083,KXOAWIQKVPBDOS-UHFFFAOYSA-N
3270,COc1ccc(-c2nc(NC(=O)C3CCN(Cc4cccc(F)c4)CC3)sc2-c2ccc(OC)cc2)cc1,6.24413,KXOAWIQKVPBDOS-UHFFFAOYSA-N
3271,COc1ccc(-c2nc(NC(=O)C3CCN(Cc4ccccc4C(F)(F)F)CC3)sc2-c2ccc(OC)cc2)cc1,6.16749,KXOAWIQKVPBDOS-UHFFFAOYSA-N
3272,COc1ccc(-c2nc(NC(=O)C3CCN(Cc4ccccc4C)CC3)sc2-c2ccc(OC)cc2)cc1,5.8729,KXOAWIQKVPBDOS-UHFFFAOYSA-N
3273,O=C(Nc1nc(-c2ccc(Cl)cc2)c(-c2ccc(Cl)cc2)s1)C1CCN(Cc2ccc(OC(F)(F)F)cc2)CC1,5.86012,KXOAWIQKVPBDOS-UHFFFAOYSA-N
3274,N#Cc1ccccc1CN1CCC(C(=O)Nc2nc(-c3ccc(Cl)cc3)c(-c3ccc(Cl)cc3)s2)CC1,5.75203,KXOAWIQKVPBDOS-UHFFFAOYSA-N
3275,O=C(Nc1nc(-c2ccc(Cl)cc2)c(-c2ccc(Cl)cc2)s1)C1CCN(Cc2ccc(F)cc2Cl)CC1,5.4318,KXOAWIQKVPBDOS-UHFFFAOYSA-N
3276,O=C(Nc1nc(-c2ccc(Cl)cc2)c(-c2ccc(Cl)cc2)s1)C1CCN(Cc2cc(F)cc(F)c2)CC1,6.19382,KXOAWIQKVPBDOS-UHFFFAOYSA-N
3277,O=C(Nc1nc(-c2ccc(Cl)cc2)c(-c2ccc(Cl)cc2)s1)C1CCN(Cc2cccc(F)c2)CC1,6.18709,KXOAWIQKVPBDOS-UHFFFAOYSA-N
3278,O=C(Nc1nc(-c2ccc(Cl)cc2)c(-c2ccc(Cl)cc2)s1)C1CCN(Cc2ccccc2C(F)(F)F)CC1,5.55752,KXOAWIQKVPBDOS-UHFFFAOYSA-N
3279,Cc1ccccc1CN1CCC(C(=O)Nc2nc(-c3ccc(Cl)cc3)c(-c3ccc(Cl)cc3)s2)CC1,5.95861,KXOAWIQKVPBDOS-UHFFFAOYSA-N
3280,Cc1ccc(-c2nc(NC(=O)C3CCN(Cc4ccc([N+](=O)[O-])cc4)CC3)sc2-c2ccc(C)cc2)cc1,5.63451,KXOAWIQKVPBDOS-UHFFFAOYSA-N
3281,Cc1ccc(-c2nc(NC(=O)C3CCN(Cc4ccc(C#N)cc4)CC3)sc2-c2ccc(C)cc2)cc1,5.89279,KXOAWIQKVPBDOS-UHFFFAOYSA-N
3282,Cc1ccc(-c2nc(NC(=O)C3CCN(Cc4c(F)cccc4Cl)CC3)sc2-c2ccc(C)cc2)cc1,5.54061,KXOAWIQKVPBDOS-UHFFFAOYSA-N
3283,Cc1ccc(-c2nc(NC(=O)C3CCN(Cc4cc(F)cc(F)c4)CC3)sc2-c2ccc(C)cc2)cc1,5.60206,KXOAWIQKVPBDOS-UHFFFAOYSA-N
3284,Cc1ccc(-c2nc(NC(=O)C3CCN(Cc4ccccc4C(F)(F)F)CC3)sc2-c2ccc(C)cc2)cc1,5.1209,KXOAWIQKVPBDOS-UHFFFAOYSA-N
4014,CCCCCCCCCCCC1=CC(=O)C=CC1=O,5.10182,AZQWKYJCGOJGHM-UHFFFAOYSA-N
2447,O=C(NCCc1c[nH]c2ccccc12)C1CCN(Cc2ccccc2)CC1,5.10513,QTSKGKRAUSQIQD-UHFFFAOYSA-N
2448,Cc1ccccc1CN1CCC(C(=O)NCCc2c[nH]c3ccccc23)CC1,5.44855,QTSKGKRAUSQIQD-UHFFFAOYSA-N
2449,COc1ccc2[nH]cc(CCNC(=O)C3CCN(Cc4ccccc4C)CC3)c2c1,5.1296,QTSKGKRAUSQIQD-UHFFFAOYSA-N
1815,c1cc[n+](CCCCCCCCC[n+]2ccc3ccccc3c2)cc1,7.39794,JUWPVFGGRPLWHB-UHFFFAOYSA-N
235,C=CC[N+](C)(C)c1ccc(CCC(=O)CCc2ccc([N+](C)(C)CC=C)cc2)cc1,7.74473,JENANTGGBLOTIB-UHFFFAOYSA-N
443,CCCCCSC(=O)OCC[N+](C)(C)C,5.19897,__NO_SCAFFOLD__
911,C[N+](C)(C)CCCCCCCCCC[N+](C)(C)C,5.614575,__NO_SCAFFOLD__
1030,CC(C)OP(=O)(F)OC(C)C,6.92082,__NO_SCAFFOLD__
2171,CCCC[C@@H](O)/C=C/C=C/C(=O)O,6.65758,__NO_SCAFFOLD__
2240,COP(=O)(OC)OC=C(Cl)Cl,5.91956,__NO_SCAFFOLD__
3702,O=C(NCCC1CCN(Cc2cccc(Cl)c2)CC1)c1cncc(NC(=O)c2cccc(NC(=O)C3CC3)c2)c1,5.35734,BCCIUWOSUZTVEO-UHFFFAOYSA-N
2267,COc1ccc2nc3c(c(NCCCNC(=O)C4(C)CCc5c(C)c(O)c(C)c(C)c5O4)c2c1)CCCC3,5.81248,XYHRIOOWVZYHPW-UHFFFAOYSA-N
2272,Cc1c(C)c2c(c(C)c1O)CCC(C)(C(=O)NCCCNc1c3c(nc4ccccc14)CCCC3)O2,6.58503,XYHRIOOWVZYHPW-UHFFFAOYSA-N
2274,Cc1c(C)c2c(c(C)c1O)CCC(C)(C(=O)NCCCNc1c3c(nc4cc(Cl)ccc14)CCCC3)O2,7.09691,XYHRIOOWVZYHPW-UHFFFAOYSA-N
857,CC[C@H](C)C1=N[C@H]2CC[C@]34C[C@]35C(=O)C[C@]3(C)[C@@H]([C@H](C)N(C)C)[C@H](O)C[C@@]3(C)[C@@H]5CC[C@H]4[C@]2(C)CN1,5.35972,WRTKXQQODGIRSM-LETNVAMUSA-N
858,CC(C)C1=N[C@H]2CC[C@]34C[C@]35C(=O)C[C@]3(C)[C@@H]([C@H](C)N(C)C)[C@H](O)C[C@@]3(C)[C@@H]5CC[C@H]4[C@]2(C)CN1,5.50752,WRTKXQQODGIRSM-LETNVAMUSA-N
1224,Cc1cc(-c2ccccc2)nnc1NCCN1CCCCC1,5.26761,ZMHJBQYKHSJECL-UHFFFAOYSA-N
1225,Cc1cc(-c2ccc(Cl)cc2)nnc1NCCN1CCCCC1,5.88606,ZMHJBQYKHSJECL-UHFFFAOYSA-N
1793,CC(C)Cc1ccc(C(C)C(=O)NCCCNCCCNC2=CC(=O)C(NCCCNCCCNC(=O)C(C)c3ccc(CC(C)C)cc3)=CC2=O)cc1,6.22185,CVOBJFGIWLQKNN-UHFFFAOYSA-N
230,CNC(=O)Oc1ccc2c(c1)[C@]1(C)CC[N+](C)(C)C1N2C.COS(=O)(=O)[O-],7.46852,VOWHONRMOCHCGC-UHFFFAOYSA-O
405,CNC(=O)Oc1ccc2c(c1)[C@]1(C)CC[N+](C)(C)C1N2C,7.526194999999999,VOWHONRMOCHCGC-UHFFFAOYSA-O
3929,CNC(=O)Oc1cccc(CN(C)CCCCCCCOc2ccc(-c3cc4ccccc4oc3=O)cc2)c1,8.92082,JFOVBMZALMKBGS-UHFFFAOYSA-N
4544,Nc1c2c(nc3ccc(-c4cncnc4)cc13)CCCC2,6.00656,FEGQVVIECGDZNL-UHFFFAOYSA-N
4545,COc1ncc(-c2ccc3nc4c(c(N)c3c2)CCCC4)cn1,6.21968,FEGQVVIECGDZNL-UHFFFAOYSA-N
4546,COc1ncc(-c2ccc3nc4c(c(N)c3c2)CCCC4)c(OC)n1,6.03905,FEGQVVIECGDZNL-UHFFFAOYSA-N
116,Nc1c2c(nc3ccccc13)C1CCC2C1,7.06074,DHRJAVRMPRDVQD-UHFFFAOYSA-N
125,Nc1c2c(nc3cc(Cl)ccc13)C1CCC2C1,8.34679,DHRJAVRMPRDVQD-UHFFFAOYSA-N
127,Nc1c2c(nc3c(Cl)cccc13)C1CCC2C1,7.07417,DHRJAVRMPRDVQD-UHFFFAOYSA-N
131,Nc1c2c(nc3cccc(Cl)c13)C1CCC2C1,7.37469,DHRJAVRMPRDVQD-UHFFFAOYSA-N
133,Nc1c2c(nc3ccc(Cl)cc13)C1CCC2C1,5.95861,DHRJAVRMPRDVQD-UHFFFAOYSA-N
2070,Cc1c(C)c2c(c(C)c1O)CCC(C)(C(=O)NCCCCCCCNc1c3c(nc4ccccc14)CCCC3)O2,6.501844999999999,OOAZAGCRCPQIGH-UHFFFAOYSA-N
2270,COc1ccc2nc3c(c(NCCCCCCCNC(=O)C4(C)CCc5c(C)c(O)c(C)c(C)c5O4)c2c1)CCCC3,5.17263,OOAZAGCRCPQIGH-UHFFFAOYSA-N
2278,Cc1c(C)c2c(c(C)c1O)CCC(C)(C(=O)NCCCCCCCNc1c3c(nc4cc(Cl)ccc14)CCCC3)O2,7.09691,OOAZAGCRCPQIGH-UHFFFAOYSA-N
609,CCC1=CC2Cc3nc4ccccc4c(NCCCCCCCCNc4c5c(nc6ccccc46)CCCC5)c3C(C1)C2,9.08619,MLNJQWXAKYYVFO-UHFFFAOYSA-N
690,CC1=CC2Cc3nc4cc(Cl)ccc4c(NCCCCCCCCNc4c5c(nc6ccccc46)CCCC5)c3C(C1)C2,8.86012,MLNJQWXAKYYVFO-UHFFFAOYSA-N
694,CC1=CC2Cc3nc4cc(Cl)ccc4c(NCCCCCCCCNc4c5c(nc6cc(Cl)ccc46)CCCC5)c3C(C1)C2,9.138685,MLNJQWXAKYYVFO-UHFFFAOYSA-N
2315,c1ccc2oc(CN(CCCCCCNc3c4c(nc5ccccc35)CCC4)Cc3cc4ccccc4o3)cc2c1,5.68403,BWWUAZJYGRIHDC-UHFFFAOYSA-N
2316,COc1cccc2cc(CN(CCCCCCNc3c4c(nc5ccccc35)CCC4)Cc3cc4cccc(OC)c4o3)oc12,5.12523,BWWUAZJYGRIHDC-UHFFFAOYSA-N
434,CCCCCCCCc1noc(/C(=N/O)SCCN(CC)CC)n1,6.0,BBVIDBNAYOIXOE-UHFFFAOYSA-N
374,CCCCCCCNC(=O)Oc1ccc2c(c1)[C@]1(C)CCN(Cc3ccccc3)C1C2,6.29585,DPIGXLBJCYWBNT-UHFFFAOYSA-N
2770,O=C(Nc1ccncc1Br)OCCCCCNCc1ccccc1,5.39362,SNARGSJQPGYJPK-UHFFFAOYSA-N
2772,COc1ccccc1CNCCCCCOC(=O)Nc1cc(Cl)nc(Cl)c1,5.21042,SNARGSJQPGYJPK-UHFFFAOYSA-N
2774,O=C(Nc1cc(Cl)nc(Cl)c1)OCCCCCNCc1ccccc1,6.81531,SNARGSJQPGYJPK-UHFFFAOYSA-N
1573,CC1=CC2Cc3nc4cc(Cl)ccc4c(NCCCCCCCCCNc4c5c(nc6ccccc46)CCCC5)c3C(C1)C2,8.45223,BQBKATFOXWUDLB-UHFFFAOYSA-N
1578,CC1=CC2Cc3nc4cc(Cl)ccc4c(NCCCCCCCCCNc4c5c(nc6cc(Cl)ccc46)CCCC5)c3C(C1)C2,8.48678,BQBKATFOXWUDLB-UHFFFAOYSA-N
740,COc1cc(CCC(=O)NCCCCC(=O)NNc2c3c(nc4ccccc24)CCCC3)cc(OC)c1OC,7.22915,FDWCQOGZLWYUBF-UHFFFAOYSA-N
1668,COc1ccc([C@H]2C3=C(CC(C)(C)CC3=O)Nc3nc4c(c(N)c32)CCCC4)cc1,6.65999,MUWJXYXJPFUMHC-HXUWFJFHSA-N
1669,Cc1ccc([C@H]2C3=C(CC(C)(C)CC3=O)Nc3nc4c(c(N)c32)CCCC4)cc1,6.63999,MUWJXYXJPFUMHC-HXUWFJFHSA-N
1670,CC1(C)CC(=O)C2=C(C1)Nc1nc3c(c(N)c1[C@H]2c1ccc(F)cc1)CCCC3,6.27,MUWJXYXJPFUMHC-HXUWFJFHSA-N
1671,CC1(C)CC(=O)C2=C(C1)Nc1nc3c(c(N)c1[C@H]2c1ccccc1)CCCC3,6.49,MUWJXYXJPFUMHC-HXUWFJFHSA-N
447,Clc1ccc2c(c1)CN1CCCCCC1=N2,6.30103,SQXQVLHHMMAJIL-UHFFFAOYSA-N
451,Clc1cccc2c1N=C1CCCCCN1C2,5.82391,SQXQVLHHMMAJIL-UHFFFAOYSA-N
460,Clc1cccc2c1CN1CCCCCC1=N2,5.76955,SQXQVLHHMMAJIL-UHFFFAOYSA-N
467,Clc1ccc2c(c1)N=C1CCCCCN1C2,6.80134,SQXQVLHHMMAJIL-UHFFFAOYSA-N
470,c1ccc2c(c1)CN1CCCCCC1=N2,5.42481,SQXQVLHHMMAJIL-UHFFFAOYSA-N
699,O=C(CCCCCCNc1c2c(nc3ccccc13)CCCC2)NCCc1c[nH]c2ccccc12,9.30103,XHISNFCRWZVULB-UHFFFAOYSA-N
701,COc1ccc2[nH]cc(CCNC(=O)CCCCCCNc3c4c(nc5cc(Cl)cc(Cl)c35)CCCC4)c2c1,10.39794,XHISNFCRWZVULB-UHFFFAOYSA-N
702,COc1ccc2[nH]cc(CCNC(=O)CCCCCCNc3c4c(nc5ccccc35)CCCC4)c2c1,9.18709,XHISNFCRWZVULB-UHFFFAOYSA-N
704,O=C(CCCCCCNc1c2c(nc3cc(Cl)ccc13)CCCC2)NCCc1c[nH]c2ccccc12,10.0,XHISNFCRWZVULB-UHFFFAOYSA-N
2766,COc1cc2c(cc1OC)[C@@H]1[C@H](O)[C@@H](OC)C=C3CCN(C2)[C@H]31,5.21467,JRVMAVKMPQIGHG-LSDHHAIUSA-N
4,CSc1nc(-c2ccc(C)cc2)nn1C(=O)N(C)c1ccccc1,5.61979,OVINVLKUIKTPJJ-UHFFFAOYSA-N
9,CSc1nc(-c2ccc(Cl)cc2)nn1C(=O)N(C)c1ccccc1,5.85387,OVINVLKUIKTPJJ-UHFFFAOYSA-N
10,CCSc1nc(-c2ccc(OC)cc2)nn1C(=O)N(C)c1ccccc1,5.95861,OVINVLKUIKTPJJ-UHFFFAOYSA-N
4491,O=C1c2c(sc3c2CCCCC3)OC(c2ccccc2)N1c1ccccc1,6.29243,MRZODELYPSRORZ-UHFFFAOYSA-N
4492,O=C1c2c(sc3c2CCCCC3)OC(c2ccccc2)N1c1ccc(Cl)cc1,5.02319,MRZODELYPSRORZ-UHFFFAOYSA-N
4493,COc1ccc(N2C(=O)c3c(sc4c3CCCCC4)OC2c2ccccc2)cc1,5.39254,MRZODELYPSRORZ-UHFFFAOYSA-N
4494,O=C1c2c(sc3c2CCCCC3)OC(c2ccc(Cl)cc2)N1c1ccccc1,6.25964,MRZODELYPSRORZ-UHFFFAOYSA-N
4495,COc1ccc(N2C(=O)c3c(sc4c3CCCCC4)OC2c2ccc(Cl)cc2)cc1,5.50307,MRZODELYPSRORZ-UHFFFAOYSA-N
1406,CC(C)(C)c1cc[n+](C/C=C\C[n+]2ccc(C(C)(C)C)cc2)cc1,5.69897,GWUUPPPSIZYHCM-FPLPWBNLSA-N
1753,Clc1ccc2[nH]c(-c3ccc(OCCN4CCCCC4)cc3)nc2c1,6.88606,DQHHGJIDSIEIRK-UHFFFAOYSA-N
1758,Cc1ccc2[nH]c(-c3ccc(OCCN4CCCCC4)cc3)nc2c1,6.40894,DQHHGJIDSIEIRK-UHFFFAOYSA-N
1760,c1ccc2[nH]c(-c3ccc(OCCN4CCCCC4)cc3)nc2c1,5.98716,DQHHGJIDSIEIRK-UHFFFAOYSA-N
4482,N#CC1C(N)N2CCCNC2C(C#N)C12C(=O)Nc1ccccc12,5.39362,HQQWZYLEQVBJQQ-UHFFFAOYSA-N
4530,C#CCOc1c(CN2CCCCC2)cc(-c2cc(=O)c3ccccc3o2)cc1OC,5.51004,CPIQFWQUWNIJFA-UHFFFAOYSA-N
4532,C#CCCCOc1c(CN2CCCCC2)cc(-c2cc(=O)c3ccccc3o2)cc1OCC,5.70774,CPIQFWQUWNIJFA-UHFFFAOYSA-N
4536,C#CCCCOc1ccc(-c2cc(=O)c3ccccc3o2)cc1CN1CCCCC1,6.20412,CPIQFWQUWNIJFA-UHFFFAOYSA-N
2071,Cc1c(C)c2c(c(C)c1O)CCC(C)(C(=O)NCCCCCCNc1c3c(nc4ccccc14)CCCC3)O2,7.036315,OZWNMQVYKGQDCW-UHFFFAOYSA-N
2269,COc1ccc2nc3c(c(NCCCCCCNC(=O)C4(C)CCc5c(C)c(O)c(C)c(C)c5O4)c2c1)CCCC3,5.1798,OZWNMQVYKGQDCW-UHFFFAOYSA-N
2277,Cc1c(C)c2c(c(C)c1O)CCC(C)(C(=O)NCCCCCCNc1c3c(nc4cc(Cl)ccc14)CCCC3)O2,7.0,OZWNMQVYKGQDCW-UHFFFAOYSA-N
1896,CC1=CC2Cc3nc4cc(Cl)ccc4c(NCCCCCCCCCCNC(=O)c4cc(O)c5c(c4)C(=O)c4cccc(O)c4C5=O)c3C(C1)C2,8.118905,BFGITSFGKNOFTD-UHFFFAOYSA-N
1032,CN(Cc1ccccc1)Cc1ccc(/C=C2\CCc3cc(OCCCCCN4CCCCC4)ccc3C2=O)cc1,7.284,ISRHGZSHTXDBCW-FEZSWGLMSA-N
4209,COc1cc(/C=C/C(=O)NCCc2ccc(O)c(O)c2)ccc1O,5.06956,BOSUEWCVNFFBGV-VAWYXSNFSA-N
1359,O=C(Nc1ccccc1Cl)Oc1ccc2c(c1)CCCN2Cc1ccccc1,5.48017,IJADZTQNWHSQDA-UHFFFAOYSA-N
1437,C[N+](C)(CCNC(=O)C(=O)NCC[N+](C)(C)Cc1ccccc1Cl)Cc1ccccc1Cl,9.1549,DSERASARYOXWOK-UHFFFAOYSA-P
1854,c1ccc2c(c1)c(OCC1CCCCC1)nn2CC1CCCCC1,5.14874,AVHMZIMFLFDTIN-UHFFFAOYSA-N
3686,c1ccc(C[n+]2ccc3[nH]c4ccccc4c3c2)cc1,5.0655,FWZLSJAQZGRSHU-UHFFFAOYSA-O
385,CCN1CC[C@@]2(C)c3cc(OC(=O)Nc4ccccc4)ccc3CC12,6.75449,HGHUANRELDAGLC-UHFFFAOYSA-N
1996,COc1cccc(CN2CCN(CCOc3ccc4c5c(c(=O)oc4c3)CCCC5)CC2)c1,5.13668,OHDDRPINWQDGEH-UHFFFAOYSA-N
1997,O=c1oc2cc(OCCN3CCN(Cc4ccccc4)CC3)ccc2c2c1CCCC2,5.88606,OHDDRPINWQDGEH-UHFFFAOYSA-N
1065,CCOC(=O)c1cc2c(N)c3c(nc2nc1C)CCCCC3,5.69897,HEVBNUPYWLJPGT-UHFFFAOYSA-N
1066,COC(=O)c1cc2c(N)c3c(nc2nc1C)CCCCC3,5.69897,HEVBNUPYWLJPGT-UHFFFAOYSA-N
4456,N/C(=N\O)c1cccc(NC(=O)Nc2cccc(F)c2)c1,5.76447,GWEHVDNNLFDJLR-UHFFFAOYSA-N
4457,N/C(=N\O)c1cccc(NC(=O)Nc2ccc(F)cc2)c1,5.12436,GWEHVDNNLFDJLR-UHFFFAOYSA-N
4463,Cc1ccccc1NC(=O)Nc1ccc(/C(N)=N/O)cc1,5.06702,GWEHVDNNLFDJLR-UHFFFAOYSA-N
4464,COc1cccc(NC(=O)Nc2ccc(/C(N)=N/O)cc2)c1,5.03858,GWEHVDNNLFDJLR-UHFFFAOYSA-N
4465,N/C(=N\O)c1ccc(NC(=O)Nc2ccc(Cl)cc2)cc1,5.11634,GWEHVDNNLFDJLR-UHFFFAOYSA-N
4466,N/C(=N\O)c1ccc(NC(=O)Nc2cccc(F)c2)cc1,5.51713,GWEHVDNNLFDJLR-UHFFFAOYSA-N
4467,N/C(=N\O)c1ccc(NC(=O)Nc2cccc(Br)c2)cc1,5.19314,GWEHVDNNLFDJLR-UHFFFAOYSA-N
3507,COc1cc2c(cc1OCc1ccccc1)CCC(C)(CC(=O)NCCCCCCCNc1c3c(nc4cc(Cl)ccc14)CCCC3)O2,8.15552,DBTAYZNNWNPYIB-UHFFFAOYSA-N
448,CCC1=CC2Cc3nc4cc(F)ccc4c(N)c3C(C1)C2,8.42136,BZFWBAOVKAGSFN-UHFFFAOYSA-N
452,CCC1=CC2Cc3nc4cc(Cl)cc(Cl)c4c(N)c3C(C1)C2,8.85699,BZFWBAOVKAGSFN-UHFFFAOYSA-N
454,CC1=CC2Cc3nc4ccccc4c(N)c3C(C1)C2,7.28735,BZFWBAOVKAGSFN-UHFFFAOYSA-N
456,CC1=CC2Cc3nc4cc(Cl)ccc4c(N)c3C(C1)C2,9.10791,BZFWBAOVKAGSFN-UHFFFAOYSA-N
457,CCC1=CC2Cc3nc4cccc(F)c4c(N)c3C(C1)C2,7.53018,BZFWBAOVKAGSFN-UHFFFAOYSA-N
458,CCC1=CC2Cc3nc4ccc(Cl)cc4c(N)c3C(C1)C2,6.37161,BZFWBAOVKAGSFN-UHFFFAOYSA-N
459,CC1=CC2Cc3nc4cc(F)cc(F)c4c(N)c3C(C1)C2,8.65758,BZFWBAOVKAGSFN-UHFFFAOYSA-N
461,CCC1=CC2Cc3nc4ccccc4c(N)c3C(C1)C2,7.42251,BZFWBAOVKAGSFN-UHFFFAOYSA-N
463,CC1=CC2Cc3nc4cccc(F)c4c(N)c3C(C1)C2,7.451,BZFWBAOVKAGSFN-UHFFFAOYSA-N
464,CCC1=CC2Cc3nc4cc(C)cc(C)c4c(N)c3C(C1)C2,8.30452,BZFWBAOVKAGSFN-UHFFFAOYSA-N
468,CCC1=CC2Cc3nc4cccc(Cl)c4c(N)c3C(C1)C2,7.93181,BZFWBAOVKAGSFN-UHFFFAOYSA-N
469,CCC1=CC2Cc3nc4cc(F)cc(F)c4c(N)c3C(C1)C2,8.75449,BZFWBAOVKAGSFN-UHFFFAOYSA-N
618,CCC1=CC2Cc3nc4cc(Cl)ccc4c(N)c3C(C1)C2,9.48999,BZFWBAOVKAGSFN-UHFFFAOYSA-N
735,CC1=CC2Cc3nc4cc(Cl)ccc4c(N)c3C(C1)C2NC=O,7.00877,BZFWBAOVKAGSFN-UHFFFAOYSA-N
736,CC1=CC2Cc3nc4cc(Cl)ccc4c(N)c3C(C1)C2N,6.64782,BZFWBAOVKAGSFN-UHFFFAOYSA-N
737,CC1=CC2Cc3nc4cc(Cl)ccc4c(N)c3C(C1)C2NS(C)(=O)=O,7.39254,BZFWBAOVKAGSFN-UHFFFAOYSA-N
976,CCC1=CC2Cc3nc4cc(OC)c(OC)cc4c(N)c3C(C1)C2,5.29243,BZFWBAOVKAGSFN-UHFFFAOYSA-N
983,CC1=CC2Cc3nc4cc(Cl)ccc4c(NC(=O)CCl)c3C(C1)C2,5.60033,BZFWBAOVKAGSFN-UHFFFAOYSA-N
984,CC1=CC2Cc3nc4cc(Cl)ccc4c(NCCO)c3C(C1)C2,8.01502,BZFWBAOVKAGSFN-UHFFFAOYSA-N
985,CCC1=CC2Cc3nc4cc(Cl)ccc4c(NCCO)c3C(C1)C2,8.1707,BZFWBAOVKAGSFN-UHFFFAOYSA-N
986,CC1=CC2Cc3nc4cc(Cl)ccc4c(NCCCl)c3C(C1)C2,7.36351,BZFWBAOVKAGSFN-UHFFFAOYSA-N
987,CC1=CC2Cc3nc4cc(Cl)ccc4c(NCCN=[N+]=[N-])c3C(C1)C2,8.06098,BZFWBAOVKAGSFN-UHFFFAOYSA-N
988,CCC1=CC2Cc3nc4cc(Cl)ccc4c(NCCN=[N+]=[N-])c3C(C1)C2,7.86328,BZFWBAOVKAGSFN-UHFFFAOYSA-N
3670,COc1ccc2nc3c(c(N)c2c1)C1CC(C)=CC(C3)C1,5.58004,BZFWBAOVKAGSFN-UHFFFAOYSA-N
3857,COc1ccc2nc3c(c(N)c2c1)C1CC=CC(C3)C1,5.58004,BZFWBAOVKAGSFN-UHFFFAOYSA-N
3628,COc1cccc(NC(=O)CCNC(=O)/C=C/c2ccc(O)c(OC)c2)c1,5.61798,GGEBRZRCKLLEQY-VAWYXSNFSA-N
3629,COc1cc(/C=C/C(=O)NCCC(=O)Nc2ccc(Cl)cc2)ccc1O,5.27409,GGEBRZRCKLLEQY-VAWYXSNFSA-N
3475,COc1cc(CNC(=O)c2ccc(CNc3c4c(nc5cc(Cl)ccc35)CC3C=C(C)CC4C3)cc2)ccc1O,7.6038,BDVRMDSBZVNOLY-UHFFFAOYSA-N
34,CNC(NCCNCc1ccc(CN(C)C)o1)=C(C#N)C#N,6.20066,YLQBMQCUIZJEEH-UHFFFAOYSA-N
35,CNC(NCCNCc1ccc(CN(C(C)C)C(C)C)o1)=C(C#N)C#N,5.67778,YLQBMQCUIZJEEH-UHFFFAOYSA-N
44,CNC(=C[N+](=O)[O-])NCCSCc1ccc(CN(C)C)o1,5.91268,YLQBMQCUIZJEEH-UHFFFAOYSA-N
4076,COc1ccc(-c2cc(=O)c3ccc(OCCN4CCC(C)CC4)cc3o2)cc1,8.1986,HUPDUDCVVDWTET-UHFFFAOYSA-N
1792,CC1=C(CC(=O)NCCCNCCCNC2=CC(=O)C(NCCCNCCCNC(=O)CC3=C(C)/C(=C\c4ccc([S+](C)[O-])cc4)c4ccc(F)cc43)=CC2=O)c2cc(F)ccc2/C1=C/c1ccc([S+](C)[O-])cc1,5.02045,IOIOYWQHONTBHS-LFOSYLFNSA-N
4009,COc1ccc2c(c1)c(C=O)cn2CCCCCCCCCCN(C)Cc1cccc(O)c1,5.34486,QWDHZOFJHVXPEU-UHFFFAOYSA-N
4013,COc1ccc2c(c1)c(C=O)cn2CCCCCCCCCCN(C)Cc1ccc(O)cc1,6.22185,QWDHZOFJHVXPEU-UHFFFAOYSA-N
1710,CCOC(=O)c1c(C)nc2nc3c(c(N)c2c1-c1ccncc1)CCC3,5.09,AVIDOFAMPMEYPP-UHFFFAOYSA-N
1617,CN(CCC(=O)N1CCN(CCNc2c3c(nc4ccccc24)CCCC3)CC1)c1ccccc1,7.15304,CEFRVNUQUYBTRI-UHFFFAOYSA-N
3949,COc1ccc2[nH]cc(CCNC(=O)CN(CCCCC3CCN(Cc4ccccc4)CC3)C(=O)c3cc(=O)c4ccccc4o3)c2c1,5.69897,ISCNDFDWIJRPET-UHFFFAOYSA-N
3205,COc1ccc(NCC(=O)Nc2ccc3oc(=O)ccc3c2)cc1,7.25806,KDENEWMTDVGOFD-UHFFFAOYSA-N
3206,O=C(CNc1ccc(F)cc1)Nc1ccc2oc(=O)ccc2c1,7.20761,KDENEWMTDVGOFD-UHFFFAOYSA-N
2003,COc1cc2c(cc1OCCN1CCCCC1)C(=O)/C(=C/c1ccc(N(C)C)cc1)C2,6.545,PHUULGHNENMESX-HMMYKYKNSA-N
2004,CCN(CC)c1ccc(/C=C2\Cc3cc(OC)c(OCCN4CCCCC4)cc3C2=O)cc1,6.27051,PHUULGHNENMESX-HMMYKYKNSA-N
2005,CNc1ccc(/C=C2\Cc3cc(OC)c(OCCN4CCCCC4)cc3C2=O)cc1,6.52129,PHUULGHNENMESX-HMMYKYKNSA-N
2006,CCN(C)c1ccc(/C=C2\Cc3cc(OC)c(OCCN4CCCCC4)cc3C2=O)cc1,6.37059,PHUULGHNENMESX-HMMYKYKNSA-N
2007,CCCN(C)c1ccc(/C=C2\Cc3cc(OC)c(OCCN4CCCCC4)cc3C2=O)cc1,6.40871,PHUULGHNENMESX-HMMYKYKNSA-N
2008,CCCN(CCC)c1ccc(/C=C2\Cc3cc(OC)c(OCCN4CCCCC4)cc3C2=O)cc1,6.02036,PHUULGHNENMESX-HMMYKYKNSA-N
3082,C(=N\Nc1c2c(nc3ccccc13)CCCC2)/c1ccc(OCc2cn(-c3ccccc3)nn2)cc1,6.04576,UWFZXJWPNDCUOE-UXHLAJHPSA-N
3083,Clc1ccc(-n2cc(COc3ccc(/C=N/Nc4c5c(nc6ccccc46)CCCC5)cc3)nn2)cc1,5.15304,UWFZXJWPNDCUOE-UXHLAJHPSA-N
3084,Cc1ccc(-n2cc(COc3ccc(/C=N/Nc4c5c(nc6ccccc46)CCCC5)cc3)nn2)cc1,5.42597,UWFZXJWPNDCUOE-UXHLAJHPSA-N
3085,COc1ccc(-n2cc(COc3ccc(/C=N/Nc4c5c(nc6ccccc46)CCCC5)cc3)nn2)cc1,5.63827,UWFZXJWPNDCUOE-UXHLAJHPSA-N
3086,O=C(O)c1ccc(-n2cc(COc3ccc(/C=N/Nc4c5c(nc6ccccc46)CCCC5)cc3)nn2)cc1,5.39469,UWFZXJWPNDCUOE-UXHLAJHPSA-N
3087,O=[N+]([O-])c1ccc(-n2cc(COc3ccc(/C=N/Nc4c5c(nc6ccccc46)CCCC5)cc3)nn2)cc1,5.97881,UWFZXJWPNDCUOE-UXHLAJHPSA-N
3088,O=[N+]([O-])c1cccc(-n2cc(COc3ccc(/C=N/Nc4c5c(nc6ccccc46)CCCC5)cc3)nn2)c1,5.83565,UWFZXJWPNDCUOE-UXHLAJHPSA-N
3090,NS(=O)(=O)c1ccc(-n2cc(COc3ccc(/C=N/Nc4c5c(nc6ccccc46)CCCC5)cc3)nn2)cc1,5.95468,UWFZXJWPNDCUOE-UXHLAJHPSA-N
753,CCOC(=O)C1=C(C)Nc2nc3c(c(N)c2C1c1ccc(OC)cc1)CCCC3,6.97881,PHZFCULPFNIUPO-UHFFFAOYSA-N
754,CCOC(=O)C1=C(C)Nc2nc3c(c(N)c2C1c1cccc(OC)c1)CCCC3,7.23657,PHZFCULPFNIUPO-UHFFFAOYSA-N
755,CCOC(=O)C1=C(C)Nc2nc3c(c(N)c2C1c1ccccc1OC)CCCC3,6.63078,PHZFCULPFNIUPO-UHFFFAOYSA-N
756,CCOC(=O)C1=C(C)Nc2nc3c(c(N)c2C1c1ccc(C)cc1)CCCC3,6.77211,PHZFCULPFNIUPO-UHFFFAOYSA-N
757,CCOC(=O)C1=C(C)Nc2nc3c(c(N)c2C1c1ccc([N+](=O)[O-])cc1)CCCC3,6.51004,PHZFCULPFNIUPO-UHFFFAOYSA-N
758,CCOC(=O)C1=C(C)Nc2nc3c(c(N)c2C1c1cccc([N+](=O)[O-])c1)CCCC3,6.71897,PHZFCULPFNIUPO-UHFFFAOYSA-N
759,CCOC(=O)C1=C(C)Nc2nc3c(c(N)c2C1c1ccccc1[N+](=O)[O-])CCCC3,6.47108,PHZFCULPFNIUPO-UHFFFAOYSA-N
760,CCOC(=O)C1=C(C)Nc2nc3c(c(N)c2C1c1ccc(F)cc1)CCCC3,6.71444,PHZFCULPFNIUPO-UHFFFAOYSA-N
761,CCOC(=O)C1=C(C)Nc2nc3c(c(N)c2C1c1ccccc1)CCCC3,6.91364,PHZFCULPFNIUPO-UHFFFAOYSA-N
951,CCOC(=O)C1=C(C)Nc2nc3c(c(N)c2C1c1ccc(OC)c(OC)c1)CCCC3,7.34679,PHZFCULPFNIUPO-UHFFFAOYSA-N
953,CCOC(=O)C1=C(C)Nc2nc3c(c(N)c2C1c1ccccc1C(F)(F)F)CCCC3,6.64589,PHZFCULPFNIUPO-UHFFFAOYSA-N
2549,CCOC(=O)C1=C(C)Nc2nc3c(c(N)c2C1c1ccc(C(F)(F)F)cc1)CC(C)CC3,6.11464,PHZFCULPFNIUPO-UHFFFAOYSA-N
2550,CC1=C(C(=O)OC(C)C)C(c2cccc(F)c2)c2c(nc3c(c2N)CC(C)(C)CC3)N1,6.25337,PHZFCULPFNIUPO-UHFFFAOYSA-N
2551,CCOC(=O)C1=C(C)Nc2nc3c(c(N)c2C1c1cccc(C(F)(F)F)c1)CC(C)(C)CC3,5.94885,PHZFCULPFNIUPO-UHFFFAOYSA-N
2552,C=CCOC(=O)C1=C(C)Nc2nc3c(c(N)c2C1c1cccc([N+](=O)[O-])c1)CC(C)(C)CC3,5.97675,PHZFCULPFNIUPO-UHFFFAOYSA-N
2553,CCOC(=O)C1=C(C)Nc2nc3c(c(N)c2C1c1cccc(Cl)c1)CC(C)(C)CC3,6.11351,PHZFCULPFNIUPO-UHFFFAOYSA-N
2554,COC(=O)C1=C(C)Nc2nc3c(c(N)c2C1c1ccccc1)CC(C)(C)CC3,6.04915,PHZFCULPFNIUPO-UHFFFAOYSA-N
2555,CC1=C(C(=O)OC(C)C)C(c2ccccc2F)c2c(nc3c(c2N)CC(C)(C)CC3)N1,5.86107,PHZFCULPFNIUPO-UHFFFAOYSA-N
2557,COCCOC(=O)C1=C(C)Nc2nc3c(c(N)c2C1c1ccccc1Cl)CC(C)(C)CC3,6.03668,PHZFCULPFNIUPO-UHFFFAOYSA-N
2560,CCOC(=O)C1=C(C)Nc2nc3c(c(N)c2C1c1cccc([N+](=O)[O-])c1)CC(F)(F)CC3,6.29757,PHZFCULPFNIUPO-UHFFFAOYSA-N
2561,CCOC(=O)C1=C(C)Nc2nc3c(c(N)c2C1c1cccc([N+](=O)[O-])c1)CC(Cl)(Cl)CC3,6.47756,PHZFCULPFNIUPO-UHFFFAOYSA-N
2562,COC(=O)C1=C(C)Nc2nc3c(c(N)c2C1c1cccc([N+](=O)[O-])c1)CCCC3Cl,6.13549,PHZFCULPFNIUPO-UHFFFAOYSA-N
2563,COC(=O)C1=C(C)Nc2nc3c(c(N)c2C1c1cccc([N+](=O)[O-])c1)CCC(C)C3,5.95585,PHZFCULPFNIUPO-UHFFFAOYSA-N
2565,CCOC(=O)C1=C(C(F)(F)F)Nc2nc3c(c(N)c2C1c1cccc([N+](=O)[O-])c1)CC(C)(C)CC3,6.26761,PHZFCULPFNIUPO-UHFFFAOYSA-N
2567,CCOC(=O)C1=C(C)Nc2nc3c(c(N)c2C1c1ccccc1OC)CC(C)CC3,6.74958,PHZFCULPFNIUPO-UHFFFAOYSA-N
2568,CC1=C(C(=O)OCCN(C)C)C(c2ccccc2)c2c(nc3c(c2N)CC(F)(F)CC3)N1,6.86646,PHZFCULPFNIUPO-UHFFFAOYSA-N
2569,COC(=O)C1=C(C)Nc2nc3c(c(N)c2C1c1cccc([N+](=O)[O-])c1)CC(C)(C)CC3,7.34679,PHZFCULPFNIUPO-UHFFFAOYSA-N
2570,CCOC(=O)C1=C(C)Nc2nc3c(c(N)c2C1c1cccc([N+](=O)[O-])c1)CC(C)(C)CC3,5.22475,PHZFCULPFNIUPO-UHFFFAOYSA-N
2571,CC1=C(C(=O)OC(C)C)C(c2ccccc2Cl)c2c(nc3c(c2N)CC(C)(C)CC3)N1,5.51856,PHZFCULPFNIUPO-UHFFFAOYSA-N
2572,CC1=C(C(=O)OC(C)C)C(c2cccc(Cl)c2)c2c(nc3c(c2N)CC(C)(C)CC3)N1,5.16002,PHZFCULPFNIUPO-UHFFFAOYSA-N
2573,CCOC(=O)C1=C(C)Nc2nc3c(c(N)c2C1c1cccc(F)c1)CC(C)(C)CC3,5.73613,PHZFCULPFNIUPO-UHFFFAOYSA-N
2574,C=CCOC(=O)C1=C(C)Nc2nc3c(c(N)c2C1c1cccc(F)c1)CC(C)(C)CC3,5.74958,PHZFCULPFNIUPO-UHFFFAOYSA-N
2575,C#CCOC(=O)C1=C(C)Nc2nc3c(c(N)c2C1c1cccc(F)c1)CC(C)(C)CC3,5.74666,PHZFCULPFNIUPO-UHFFFAOYSA-N
2576,C#CCOC(=O)C1=C(C)Nc2nc3c(c(N)c2C1c1cccc([N+](=O)[O-])c1)CC(C)(C)CC3,5.71489,PHZFCULPFNIUPO-UHFFFAOYSA-N
2577,CCOC(=O)C1=C(C)N(C)c2nc3c(c(N)c2C1c1ccccc1Cl)CC(C)(C)CC3,5.73049,PHZFCULPFNIUPO-UHFFFAOYSA-N
3800,COc1cc2c(cc1OC)C(=O)/C(=C/c1cc[n+](Cc3ccc(F)cc3)cc1)OC2,9.82391,CGJQKDDDVUSTBP-STZFKDTASA-N
4106,COc1cccc(C2CC(c3cc(F)ccc3F)=NN2c2ccc(S(N)(=O)=O)cc2)c1OC,8.19654,FGCZQOHSWGMVPN-UHFFFAOYSA-N
4107,COc1ccc(C2CC(c3cc(F)ccc3F)=NN2c2ccc(S(N)(=O)=O)cc2)c(OC)c1,8.19654,FGCZQOHSWGMVPN-UHFFFAOYSA-N
4108,COc1ccc(OC)c(C2CC(c3cc(F)ccc3F)=NN2c2ccc(S(N)(=O)=O)cc2)c1,8.19654,FGCZQOHSWGMVPN-UHFFFAOYSA-N
4109,COc1ccc(C2CC(c3cc(F)ccc3F)=NN2c2ccc(S(N)(=O)=O)cc2)cc1OC,8.19654,FGCZQOHSWGMVPN-UHFFFAOYSA-N
4110,COc1cccc(C2CC(c3cc(F)cc(F)c3)=NN2c2ccc(S(N)(=O)=O)cc2)c1OC,8.19654,FGCZQOHSWGMVPN-UHFFFAOYSA-N
4111,COc1ccc(C2CC(c3cc(F)cc(F)c3)=NN2c2ccc(S(N)(=O)=O)cc2)c(OC)c1,8.19654,FGCZQOHSWGMVPN-UHFFFAOYSA-N
4112,COc1ccc(OC)c(C2CC(c3cc(F)cc(F)c3)=NN2c2ccc(S(N)(=O)=O)cc2)c1,8.19654,FGCZQOHSWGMVPN-UHFFFAOYSA-N
4113,COc1ccc(C2CC(c3cc(F)cc(F)c3)=NN2c2ccc(S(N)(=O)=O)cc2)cc1OC,8.19654,FGCZQOHSWGMVPN-UHFFFAOYSA-N
3022,COc1cc2oc(C(=O)NC3CCN(Cc4ccccc4)CC3)cc(=O)c2cc1OC,6.18046,KYHRJRLKNXKQIL-UHFFFAOYSA-N
3023,O=C(NC1CCN(Cc2ccccc2)CC1)c1cc(=O)c2cc(O)ccc2o1,5.62709,KYHRJRLKNXKQIL-UHFFFAOYSA-N
3024,COc1ccc2oc(C(=O)NC3CCN(Cc4ccccc4)CC3)cc(=O)c2c1,6.01323,KYHRJRLKNXKQIL-UHFFFAOYSA-N
762,Cc1c2c(cc[n+]1C)c1cc(O)ccc1n2C,5.721625,AIFRHYZBTHREPW-UHFFFAOYSA-O
763,Cc1c2[nH]c3ccc(O)cc3c2cc[n+]1C,6.0035,AIFRHYZBTHREPW-UHFFFAOYSA-O
764,Cn1c2ccc(O)cc2c2cc[n+](C)cc21,5.742365,AIFRHYZBTHREPW-UHFFFAOYSA-O
765,C[n+]1ccc2c(c1)[nH]c1ccc(O)cc12,5.376875,AIFRHYZBTHREPW-UHFFFAOYSA-O
766,COc1ccc2[nH]c3c(C)[n+](C)ccc3c2c1,6.1094550000000005,AIFRHYZBTHREPW-UHFFFAOYSA-O
767,COc1ccc2c(c1)c1cc[n+](C)cc1n2C,5.8705300000000005,AIFRHYZBTHREPW-UHFFFAOYSA-O
768,COc1ccc2[nH]c3c[n+](C)ccc3c2c1,5.65679,AIFRHYZBTHREPW-UHFFFAOYSA-O
3978,CCOC(=O)[n+]1ccc2c([nH]c3cc(OC)ccc32)c1C,6.60206,AIFRHYZBTHREPW-UHFFFAOYSA-O
3993,C[n+]1ccc2c(c1)[nH]c1ccccc12,5.38722,AIFRHYZBTHREPW-UHFFFAOYSA-O
3564,COc1cc(/C=C/C(=O)NCC(=O)Nc2ccccc2OC)ccc1O,5.24033,SXDJCGXQZGFHAN-VAWYXSNFSA-N
3565,COc1cccc(NC(=O)CNC(=O)/C=C/c2ccc(O)c(OC)c2)c1,5.61618,SXDJCGXQZGFHAN-VAWYXSNFSA-N
3566,COc1cc(/C=C/C(=O)NCC(=O)Nc2ccccc2Cl)ccc1O,5.2426,SXDJCGXQZGFHAN-VAWYXSNFSA-N
3567,COc1cc(/C=C/C(=O)NCC(=O)Nc2cccc(Cl)c2)ccc1O,5.24565,SXDJCGXQZGFHAN-VAWYXSNFSA-N
3568,COc1cc(/C=C/C(=O)NCC(=O)Nc2ccc(Cl)cc2)ccc1O,5.46471,SXDJCGXQZGFHAN-VAWYXSNFSA-N
3569,COc1cc(/C=C/C(=O)NCC(=O)Nc2cccc(C(F)(F)F)c2)ccc1O,5.03105,SXDJCGXQZGFHAN-VAWYXSNFSA-N
3570,COc1cc(/C=C/C(=O)NCC(=O)Nc2ccc(C(F)(F)F)cc2)ccc1O,5.0846,SXDJCGXQZGFHAN-VAWYXSNFSA-N
4503,COc1ccc2c3c1O[C@H]1C[C@@H](OCc4ccc(Cc5ccccc5F)cn4)C=C[C@@]31CCN(C)C2,6.28912,HRYYACWYRVZXQV-MPYJOUPCSA-N
4504,COc1ccc2c3c1O[C@H]1C[C@@H](OCc4ccc(Cc5cccc(Cl)c5)cn4)C=C[C@@]31CCN(C)C2,5.47031,HRYYACWYRVZXQV-MPYJOUPCSA-N
4505,COc1ccccc1Cc1ccc(CO[C@H]2C=C[C@@]34CCN(C)Cc5ccc(OC)c(c53)O[C@H]4C2)nc1,5.49512,HRYYACWYRVZXQV-MPYJOUPCSA-N
1031,CO[P@]1(=O)OC[C@H]2COC(=O)C2=C(C)O1,7.39794,HNDCEIZRFNIZKS-SCSAIBSYSA-N
2014,Cc1nc(C(=O)NCCCCCCNc2c3c(nc4ccccc24)CCCC3)cc2c1[nH]c1ccccc12,7.03339,OLKLOVAJULLISR-UHFFFAOYSA-N
2016,O=C(NCCCCCCNc1c2c(nc3ccccc13)CCCC2)c1cc2c(cn1)[nH]c1ccccc12,7.03716,OLKLOVAJULLISR-UHFFFAOYSA-N
2017,CCc1nc(C(=O)NCCCCCCNc2c3c(nc4ccccc24)CCCC3)cc2c1[nH]c1ccccc12,7.00789,OLKLOVAJULLISR-UHFFFAOYSA-N
204,O=C1CCN(Cc2ccccc2)C/C1=C\c1cc[nH]c1,5.22185,BTKLXNPLNYFENL-MHWRWJLKSA-N
3291,O=C1CN(/N=C/c2ccc(-c3ccc([N+](=O)[O-])cc3)o2)C(=O)N1CCC1CCN(Cc2ccccc2)CC1,7.33348,LZXDAZVSVXMDSO-VUTHCHCSSA-N
3292,O=C1CN(/N=C/c2ccc(-c3cccc([N+](=O)[O-])c3)o2)C(=O)N1CCC1CCN(Cc2ccccc2)CC1,6.5376,LZXDAZVSVXMDSO-VUTHCHCSSA-N
3293,O=C1CN(/N=C/c2ccc(-c3ccccc3[N+](=O)[O-])o2)C(=O)N1CCC1CCN(Cc2ccccc2)CC1,7.46597,LZXDAZVSVXMDSO-VUTHCHCSSA-N
3294,COc1ccc(-c2ccc(/C=N/N3CC(=O)N(CCC4CCN(Cc5ccccc5)CC4)C3=O)o2)cc1,6.96658,LZXDAZVSVXMDSO-VUTHCHCSSA-N
3295,COc1cccc(-c2ccc(/C=N/N3CC(=O)N(CCC4CCN(Cc5ccccc5)CC4)C3=O)o2)c1,7.3279,LZXDAZVSVXMDSO-VUTHCHCSSA-N
3296,COc1ccccc1-c1ccc(/C=N/N2CC(=O)N(CCC3CCN(Cc4ccccc4)CC3)C2=O)o1,7.04383,LZXDAZVSVXMDSO-VUTHCHCSSA-N
4295,Nc1c2c(nc3ccc(Oc4ccccc4)cc13)CCC2,5.19246,CZPGYOUJFCVDTH-UHFFFAOYSA-N
4296,COc1ccccc1Oc1ccc2nc3c(c(N)c2c1)CCC3,5.06956,CZPGYOUJFCVDTH-UHFFFAOYSA-N
4297,Cc1cccc(Oc2ccc3nc4c(c(N)c3c2)CCC4)c1,5.27737,CZPGYOUJFCVDTH-UHFFFAOYSA-N
4298,COc1cccc(Oc2ccc3nc4c(c(N)c3c2)CCC4)c1,5.27984,CZPGYOUJFCVDTH-UHFFFAOYSA-N
4299,Cc1ccc(Oc2ccc3nc4c(c(N)c3c2)CCC4)cc1,5.07779,CZPGYOUJFCVDTH-UHFFFAOYSA-N
4300,COc1ccc(Oc2ccc3nc4c(c(N)c3c2)CCC4)cc1,5.37263,CZPGYOUJFCVDTH-UHFFFAOYSA-N
4301,Nc1c2c(nc3ccc(Oc4ccc(Cl)cc4)cc13)CCC2,5.29499,CZPGYOUJFCVDTH-UHFFFAOYSA-N
4302,CC(C)(C)c1ccc(Oc2ccc3nc4c(c(N)c3c2)CCC4)cc1,5.55596,CZPGYOUJFCVDTH-UHFFFAOYSA-N
4303,CC(=O)c1ccc(Oc2ccc3nc4c(c(N)c3c2)CCC4)cc1,5.23958,CZPGYOUJFCVDTH-UHFFFAOYSA-N
4304,Cc1cc(C)cc(Oc2ccc3nc4c(c(N)c3c2)CCC4)c1,5.42946,CZPGYOUJFCVDTH-UHFFFAOYSA-N
1533,COc1cc(CCCOC(=O)Nc2ccccc2)cc2cc(-c3ccc4c(c3)OCO4)oc12,5.34679,KHEJZVZKTWWWJJ-UHFFFAOYSA-N
3848,COc1cc(/C=C/c2cc(=O)oc3c2ccc2oc(-c4cc(OC)cc(OC)c4)cc23)cc(OC)c1,5.55284,LUKPNRXQTALJFU-VAWYXSNFSA-N
3849,COc1cc(/C=C/c2cc(=O)oc3c2ccc2oc(-c4ccccc4)cc23)cc(OC)c1,5.74473,LUKPNRXQTALJFU-VAWYXSNFSA-N
3850,COc1cc(/C=C/c2cc(=O)oc3c2ccc2oc(-c4cccc(F)c4)cc23)cc(OC)c1,5.74473,LUKPNRXQTALJFU-VAWYXSNFSA-N
3851,COc1cc(/C=C/c2cc(=O)oc3c2ccc2oc(-c4ccc(F)cc4)cc23)cc(OC)c1,5.74473,LUKPNRXQTALJFU-VAWYXSNFSA-N
3852,COc1cc(/C=C/c2cc(=O)oc3c2ccc2oc(-c4cccc(Cl)c4)cc23)cc(OC)c1,5.74473,LUKPNRXQTALJFU-VAWYXSNFSA-N
3853,COc1cc(/C=C/c2cc(=O)oc3c2ccc2oc(-c4ccc(Cl)cc4)cc23)cc(OC)c1,5.74473,LUKPNRXQTALJFU-VAWYXSNFSA-N
3854,COc1cc(/C=C/c2cc(=O)oc3c2ccc2oc(-c4ccc(C)cc4)cc23)cc(OC)c1,5.74473,LUKPNRXQTALJFU-VAWYXSNFSA-N
3855,COc1ccc(-c2cc3c(ccc4c(/C=C/c5cc(OC)cc(OC)c5)cc(=O)oc43)o2)cc1,5.74473,LUKPNRXQTALJFU-VAWYXSNFSA-N
782,O=C(Cc1c[nH]c2ccccc12)NCCCCCCCNc1c2c(nc3cc(Cl)ccc13)CCCC2,9.69897,ZZMAZRAYKUEZFA-UHFFFAOYSA-N
783,O=C(Cc1c[nH]c2ccc(Br)cc12)NCCCCCCCNc1c2c(nc3cc(Cl)ccc13)CCCC2,9.22185,ZZMAZRAYKUEZFA-UHFFFAOYSA-N
4342,Cc1ccc(C(C)C)cc1OCC(=O)NCCN1CCCC1,5.71444,DJHVCZIPEGSZEW-UHFFFAOYSA-N
1560,C#CCN(C)Cc1cc2cc(OCCCC3CCN(Cc4ccccc4)CC3)ccc2n1C,6.255865,KGZFSYDNYXKFSD-UHFFFAOYSA-N
2062,CCOC(=O)c1cc2cc(OCCCC3CCN(Cc4ccccc4)CC3)ccc2[nH]1,5.01773,KGZFSYDNYXKFSD-UHFFFAOYSA-N
2063,C=CCNCc1cc2cc(OCCCC3CCN(Cc4ccccc4)CC3)ccc2[nH]1,5.33724,KGZFSYDNYXKFSD-UHFFFAOYSA-N
2064,C#CCNCc1cc2cc(OCCCC3CCN(Cc4ccccc4)CC3)ccc2[nH]1,5.3098,KGZFSYDNYXKFSD-UHFFFAOYSA-N
2066,C#CCN(C)Cc1cc2cc(OCCCC3CCN(Cc4ccccc4C)CC3)ccc2n1C,5.55284,KGZFSYDNYXKFSD-UHFFFAOYSA-N
2117,CCN(CCCCCCOc1ccc(-c2cc(=O)c3c(OC)c(OC)c(OC)cc3o2)cc1)Cc1ccccc1OC,6.36653,VPMPRQLKHHOCSP-UHFFFAOYSA-N
2120,CCN(CCCCCCOc1ccc(-c2cc(=O)c3c(O)c(OC)c(OC)cc3o2)cc1)Cc1ccccc1OC,5.69897,VPMPRQLKHHOCSP-UHFFFAOYSA-N
1846,Nc1ccc2c(c1)c(OCc1ccccc1)nn2Cc1ccccc1,5.0655,LSHSFAITCUQCLP-UHFFFAOYSA-N
1851,O=[N+]([O-])c1ccc2c(c1)c(OCc1ccccc1)nn2Cc1ccccc1,5.13668,LSHSFAITCUQCLP-UHFFFAOYSA-N
1853,c1ccc(COc2nn(Cc3ccccc3)c3ccccc23)cc1,5.5376,LSHSFAITCUQCLP-UHFFFAOYSA-N
3912,CCCCN(CCOc1cccc2c(OC(=O)N(C)C)cccc12)CCC1CCCCCC1,7.31966,IBTOQVUCTSMFOJ-UHFFFAOYSA-N
145,Nc1c2c(nc3ncccc13)CCCC2,6.36754,PFGHYWVBZDJZPM-UHFFFAOYSA-N
1071,COC(=O)c1cc2c(N)c3c(nc2nc1C)CCCC3,6.0,PFGHYWVBZDJZPM-UHFFFAOYSA-N
1072,CCOC(=O)c1cc2c(N)c3c(nc2nc1C)CCCC3,6.10791,PFGHYWVBZDJZPM-UHFFFAOYSA-N
1860,CCN(CCCCOc1ccc(-c2coc3cc(OCCCCN(CC)Cc4ccccc4OC)cc(O)c3c2=O)cc1)Cc1ccccc1OC,6.45593,VJXQYZRHHROCND-UHFFFAOYSA-N
3557,CCN(CCCCOc1ccc(-c2coc3cc(OCCCCN(CC)Cc4ccccc4)cc(O)c3c2=O)cc1)Cc1ccccc1,5.67778,VJXQYZRHHROCND-UHFFFAOYSA-N
2768,COc1ccccc1CNCCCCCCNC(=O)c1cc(Cl)nc(Cl)c1,5.08092,XHAVUDYJOYCHMI-UHFFFAOYSA-N
2769,O=C(NCCCCCCNCc1ccccc1)c1cc(Cl)nc(Cl)c1,5.49894,XHAVUDYJOYCHMI-UHFFFAOYSA-N
3207,Fc1ccc2[nH]c3c(c2c1)C[PH](Cc1cccc2ccccc12)(c1ccccc1)CC3,5.67551,VVQVFAAYWYMLIW-UHFFFAOYSA-N
3208,Oc1ccc2[nH]c3c(c2c1)C[PH](Cc1cccc2ccccc12)(c1ccccc1)CC3,5.58436,VVQVFAAYWYMLIW-UHFFFAOYSA-N
2284,CC(=O)O[C@@]12CCN(C(C)=O)[C@@H]1N(C(C)=O)c1ccc(OC(=O)NCCCCCCNc3c4c(nc5ccccc35)CCCC4)cc12,7.43403,IFWFLBVLUVGFCZ-NLLRYDLESA-N
1990,COc1cccc(CN2CCN(CCCOc3ccc4c5c(c(=O)oc4c3)CCCC5)CC2)c1,5.20761,KMFIWXMOTHJQAP-UHFFFAOYSA-N
1991,O=c1oc2cc(OCCCN3CCN(Cc4ccccc4)CC3)ccc2c2c1CCCC2,6.04576,KMFIWXMOTHJQAP-UHFFFAOYSA-N
481,CN(C)Cc1ccc(CSCCNc2cc(NCc3cccnc3)c([N+](=O)[O-])cc2[N+](=O)[O-])o1,6.50864,HMHAEJRJHIUQDY-UHFFFAOYSA-N
1910,COc1cc2c(cc1OC)C(Cc1ccc(OCCCCCCN3CCN(Cc4ccccc4)CC3)cc1)NCC2,5.25259,IDTOBNOIMGGIOU-UHFFFAOYSA-N
1283,c1ccc2c(NCCCCCCCCNc3c4c(nc5ccccc35)CCC4)c3c(nc2c1)CCC3,7.65758,KBQNIGWBLLTLRQ-UHFFFAOYSA-N
475,O=C(CCC1CCN(Cc2ccccc2)CC1)c1ccc2[nH]c(-c3ccccc3)nc2c1,7.48149,HVWVPJQXLNDOEK-UHFFFAOYSA-N
1862,CCN(CCCCCCOc1cc(O)c2c(=O)c(-c3ccc(O)cc3)coc2c1)Cc1ccccc1,5.23657,DYSZEFXORVXIQO-UHFFFAOYSA-N
3105,COc1cc(NCc2ccc(Oc3c(N)cccc3Cl)cc2)cc(OC)c1OC,5.87943,MDBSZUMQHKZVNQ-UHFFFAOYSA-N
3106,COc1cc(NCc2ccc(Oc3c(N)cccc3Cl)cc2)cc(OC)c1,5.54061,MDBSZUMQHKZVNQ-UHFFFAOYSA-N
3107,Nc1cccc(Cl)c1Oc1ccc(CNc2ccc(O)cc2)cc1,5.05502,MDBSZUMQHKZVNQ-UHFFFAOYSA-N
3108,COc1ccc(NCc2ccc(Oc3c(N)cccc3Cl)cc2)cc1,5.28067,MDBSZUMQHKZVNQ-UHFFFAOYSA-N
3109,Nc1cccc(Cl)c1Oc1ccc(CNc2cccc(O)c2)cc1,5.14086,MDBSZUMQHKZVNQ-UHFFFAOYSA-N
3110,COc1cccc(NCc2ccc(Oc3c(N)cccc3Cl)cc2)c1,5.24795,MDBSZUMQHKZVNQ-UHFFFAOYSA-N
2965,COc1ccc(NC(=O)c2coc3ccc(/C=C/C(=O)O)cc3c2=O)cc1,5.06048,NVUUCSMDDBUOOH-UHFFFAOYSA-N
2966,O=C(O)/C=C/c1ccc2occ(C(=O)Nc3ccccc3)c(=O)c2c1,5.03386,NVUUCSMDDBUOOH-UHFFFAOYSA-N
2970,CCN(CC)CCOC(=O)/C=C/c1ccc2occ(C(=O)Nc3cccc(Cl)c3)c(=O)c2c1,5.06854,NVUUCSMDDBUOOH-UHFFFAOYSA-N
2971,CCN(CC)CCOC(=O)/C=C/c1ccc2occ(C(=O)Nc3ccc(Cl)cc3)c(=O)c2c1,5.11464,NVUUCSMDDBUOOH-UHFFFAOYSA-N
2972,CCN(CC)CCOC(=O)/C=C/c1ccc2occ(C(=O)Nc3ccc(OC)cc3)c(=O)c2c1,5.2652,NVUUCSMDDBUOOH-UHFFFAOYSA-N
2973,CCN(CC)CCOC(=O)/C=C/c1ccc2occ(C(=O)Nc3ccc(C)cc3)c(=O)c2c1,5.04624,NVUUCSMDDBUOOH-UHFFFAOYSA-N
2974,CN(C)CCOC(=O)/C=C/c1ccc2occ(C(=O)Nc3ccc(Cl)cc3)c(=O)c2c1,5.03058,NVUUCSMDDBUOOH-UHFFFAOYSA-N
2975,COc1ccc(NC(=O)c2coc3ccc(/C=C/C(=O)OCCN(C)C)cc3c2=O)cc1,5.451,NVUUCSMDDBUOOH-UHFFFAOYSA-N
2976,Cc1ccc(NC(=O)c2coc3ccc(/C=C/C(=O)OCCN(C)C)cc3c2=O)cc1,6.01323,NVUUCSMDDBUOOH-UHFFFAOYSA-N
2977,CN(C)CCOC(=O)/C=C/c1ccc2occ(C(=O)Nc3ccccc3)c(=O)c2c1,5.43297,NVUUCSMDDBUOOH-UHFFFAOYSA-N
821,CCN(CCCCCCNC1=CC(=O)C(NCCCCCCN(CC)Cc2cccs2)=CC1=O)Cc1cccs1,7.21896,GCOLJWQQANRSNV-UHFFFAOYSA-N
1545,CNC(=C[N+](=O)[O-])NCCSCc1csc(CN(C)C)n1,5.25068,FZWLAAWBMGSTSO-UHFFFAOYSA-N
3989,COc1ccc([C@@H]2c3[nH]c4ccccc4c3C[C@@H]3C(=O)N(CCC4CCN(Cc5ccccc5)CC4)CC(=O)N23)cc1,7.50864,CDCUJCXPBYIZLI-LXANVCGNSA-N
3875,O=C(CN1CCN(Cc2ccccc2)CC1)Nc1n[nH]c2ncccc12,6.52143,ALQDGYVZZVYOGY-UHFFFAOYSA-N
676,CNC(=O)Oc1cccc(CN(C)CCCCCCCOc2ccc3c(c2)CC/C(=C\c2cc(OC)c(OC)c(OC)c2)C3=O)c1,5.30627,KKBRJWZGYFPYRI-XAYXJRQQSA-N
1822,COc1cc2[se]n(-c3ccc(CN4CCCCC4)cc3)c(=O)c2cc1OC,5.84164,HWARFVXWYZKCEU-UHFFFAOYSA-N
3370,NC(=O)c1sc(-c2ccnc(NC(=O)C3CC3)c2)nc1OCCC1CCN(Cc2ccccn2)CC1,5.18046,IPPMEFXXXOMSIW-UHFFFAOYSA-N
2929,COc1ccc2c(c1)C/C(=C/c1ccccc1-c1ccc3ccccc3c1)C2=O,7.48945,BIDYECAYHGTCEQ-KQWNVCNZSA-N
4458,N/C(=N\O)c1cccc(NC(=O)Nc2ccc3[nH]ccc3c2)c1,5.20482,LVXOVQNGTKABGZ-UHFFFAOYSA-N
4468,N/C(=N\O)c1ccc(NC(=O)Nc2ccc3[nH]ccc3c2)cc1,5.12668,LVXOVQNGTKABGZ-UHFFFAOYSA-N
1948,O=c1c2cc(OCCCN3CCCCC3)ccc2nc2n1Cc1ccccc1-2,6.846355,GDJCEVNDAZNLPF-UHFFFAOYSA-N
770,CCN(CCCCCCNc1ccc(-c2ccc(NCCCCCCN(CC)Cc3ccccc3OC)cc2)cc1)Cc1ccccc1OC,5.58,FZCIAYIAQAPWGF-UHFFFAOYSA-N
743,COc1cc(CCC(=O)NCC(=O)NNc2c3c(nc4ccccc24)CCCC3)cc(OC)c1OC,7.39041,IAHJNKLHIZVAKB-UHFFFAOYSA-N
3121,CCOc1ccc(Cc2nc3cc(C(=O)NCCNc4c5c(nc6ccccc46)CCCC5)ccc3n2CCC(C)C)cc1,7.10002,HOJATIWRETURNC-UHFFFAOYSA-N
823,CCN(CCCCCCNC1=CC(=O)C(NCCCCCCN(CC)Cc2ccccc2[N+](=O)[O-])=CC1=O)Cc1ccccc1[N+](=O)[O-],5.63639,BWDSTVFADYFLHE-UHFFFAOYSA-N
824,CCN(CCCCCCNC1=CC(=O)C(NCCCCCCN(CC)Cc2ccccc2Cl)=CC1=O)Cc1ccccc1Cl,6.22695,BWDSTVFADYFLHE-UHFFFAOYSA-N
825,CCN(CCCCCCNC1=CC(=O)C(NCCCCCCN(CC)Cc2ccccc2C)=CC1=O)Cc1ccccc1C,7.14327,BWDSTVFADYFLHE-UHFFFAOYSA-N
826,CCN(CCCCCCNC1=CC(=O)C(NCCCCCCN(CC)Cc2cccc(OC)c2)=CC1=O)Cc1cccc(OC)c1,7.86012,BWDSTVFADYFLHE-UHFFFAOYSA-N
827,CCN(CCCCCCNC1=CC(=O)C(NCCCCCCN(CC)Cc2ccc(OC)cc2)=CC1=O)Cc1ccc(OC)cc1,7.29158,BWDSTVFADYFLHE-UHFFFAOYSA-N
828,CCN(CCCCCCNC1=CC(=O)C(NCCCCCCN(CC)Cc2ccccc2)=CC1=O)Cc1ccccc1,7.1349,BWDSTVFADYFLHE-UHFFFAOYSA-N
829,COc1ccccc1CN(CCCCCCNC1=CC(=O)C(NCCCCCCN(Cc2ccccc2OC)C(C)C)=CC1=O)C(C)C,7.88941,BWDSTVFADYFLHE-UHFFFAOYSA-N
830,COc1ccccc1CN(C)CCCCCCNC1=CC(=O)C(NCCCCCCN(C)Cc2ccccc2OC)=CC1=O,7.10902,BWDSTVFADYFLHE-UHFFFAOYSA-N
831,COc1ccccc1CNCCCCCCNC1=CC(=O)C(NCCCCCCNCc2ccccc2OC)=CC1=O,6.91009,BWDSTVFADYFLHE-UHFFFAOYSA-N
840,CCN(CCCCCCNC1=C(C)C(=O)C(NCCCCCCN(CC)Cc2ccccc2OC)=C(C)C1=O)Cc1ccccc1OC,8.02228,BWDSTVFADYFLHE-UHFFFAOYSA-N
841,CCN(CCCCCCNC1=C(Br)C(=O)C(NCCCCCCN(CC)Cc2ccccc2OC)=C(Br)C1=O)Cc1ccccc1OC,8.57512,BWDSTVFADYFLHE-UHFFFAOYSA-N
842,CCN(CCCCCCNC1=C(Cl)C(=O)C(NCCCCCCN(CC)Cc2ccccc2OC)=C(Cl)C1=O)Cc1ccccc1OC,8.5157,BWDSTVFADYFLHE-UHFFFAOYSA-N
843,CCN(CCCCCCNC1=C(F)C(=O)C(NCCCCCCN(CC)Cc2ccccc2OC)=C(F)C1=O)Cc1ccccc1OC,8.28651,BWDSTVFADYFLHE-UHFFFAOYSA-N
1464,COc1cc(CNCCCCCCNC2=CC(=O)C(NCCCCCCNCc3ccc(O)c(OC)c3)=CC2=O)ccc1O,6.9914,BWDSTVFADYFLHE-UHFFFAOYSA-N
81,COc1cc2cc(C(=O)CCCCC3CC[N+](C)(Cc4ccccc4)CC3)sc2cc1OC,6.95861,VOBGQUFQKUDUJO-UHFFFAOYSA-O
97,COc1cc2cc(C(=O)CC(O)CCC3CC[N+](C)(Cc4ccccc4)CC3)sc2cc1OC,6.42022,VOBGQUFQKUDUJO-UHFFFAOYSA-O
949,CCOC(=O)C1=C(C)Nc2nc3c(c(N)c2C1c1ccncc1)CCCC3,6.6517,JPQZIIHOPJZBDE-UHFFFAOYSA-N
3792,CCCCCCCNC(=O)Oc1ccc(Cc2nc3cc(C(=O)N(CC)CC)ccc3n2CCC(C)C)cc1,6.77848,YTLQFZVCLXFFRK-UHFFFAOYSA-N
4164,CCN(CC)C(=O)c1ccc2c(c1)nc(Cc1ccc(OC(=O)N(C)C)cc1)n2CCC(C)C,5.081239999999999,YTLQFZVCLXFFRK-UHFFFAOYSA-N
3348,COc1ccc2[nH]cc(CCNC(=O)CN(CCCCCCCCNc3c4c(nc5ccccc35)CCCC4)C(=O)CCCC[C@@H]3CCSS3)c2c1,6.74473,HAYVLGNJEPDADG-JGCGQSQUSA-N
2312,c1ccc2oc(CNCCCCCCCNc3c4c(nc5ccccc35)CCC4)cc2c1,7.96658,CPIMBZDXMLRJFA-UHFFFAOYSA-N
2683,CN1CC2C(=O)N(c3ccc([N+](=O)[O-])cc3)C(=O)C2C12C(=O)c1ccccc1C2=O,5.18046,SSMGPKXGPNTFEL-UHFFFAOYSA-N
2684,COc1ccc(N2C(=O)C3CN(C)C4(C(=O)c5ccccc5C4=O)C3C2=O)cc1,6.10791,SSMGPKXGPNTFEL-UHFFFAOYSA-N
2685,Cc1ccc(N2C(=O)C3CN(C)C4(C(=O)c5ccccc5C4=O)C3C2=O)cc1,5.1343,SSMGPKXGPNTFEL-UHFFFAOYSA-N
76,COc1cc2cc(C(=O)CCc3cc[n+](Cc4ccccc4)cc3)sc2cc1OC,8.33724,BBHJSPNDPUSPFW-UHFFFAOYSA-N
86,COC(=O)c1ccc(C[n+]2ccc(CCC(=O)c3cc4cc(OC)c(OC)cc4s3)cc2)cc1,6.0,BBHJSPNDPUSPFW-UHFFFAOYSA-N
89,COc1cc2cc(C(=O)CCc3cc[n+](Cc4ccc(F)cc4)cc3)sc2cc1OC,8.58503,BBHJSPNDPUSPFW-UHFFFAOYSA-N
4344,Cc1ccc(C(C)C)cc1OCC(=O)NCCC1=CCCCC1,5.71444,DPQLZQXGCGFULQ-UHFFFAOYSA-N
836,CCN(CCCNC1=CC(=O)C(NCCCN(CC)Cc2ccccc2OC)=CC1=O)Cc1ccccc1OC,8.64782,ZMIVPHRLYCRQNU-UHFFFAOYSA-N
1463,COc1cc(CNCCCNC2=CC(=O)C(NCCCNCc3ccc(O)c(OC)c3)=CC2=O)ccc1O,6.70333,ZMIVPHRLYCRQNU-UHFFFAOYSA-N
2688,CC(C)c1ccc(NC(=O)Oc2ccc3c(c2)[C@]2(C)CCC(C)[C@@H]2C3C)cc1,6.11919,YPRKAIJELGGDDQ-FWJOYPJLSA-N
2689,CC1CC[C@@]2(C)c3cc(OC(=O)Nc4ccccc4)ccc3C(C)[C@@H]12,7.65758,YPRKAIJELGGDDQ-FWJOYPJLSA-N
4103,O=C1CC2Cc3ccsc3C2=NN1CCCCCCN1CCN(Cc2cccc3c2ccn3S(=O)(=O)c2ccccc2)CC1,5.03716,ATQZQZVXRCSALL-UHFFFAOYSA-N
2742,CCN(CCCCNC(=O)COc1ccc(-c2cc(=O)c3c(OC)c(OC)c(OC)cc3o2)cc1)Cc1ccccc1OC,7.20066,KMIFSYKDECMAFO-UHFFFAOYSA-N
2744,CCN(CCCCNC(=O)COc1ccc(-c2cc(=O)c3c(O)c(OC)c(OC)cc3o2)cc1)Cc1ccccc1OC,7.40894,KMIFSYKDECMAFO-UHFFFAOYSA-N
21,N#CC(C#N)=C1Nc2ccccc2N1CCNCc1ccc(CN2CCCCC2)o1,7.13668,DKQOQRBSBAPSKZ-UHFFFAOYSA-N
4254,C[C@@H](c1cccc(OC(=O)NCCCCCNc2c3c(nc4ccccc24)CCCC3)c1)N(C)C,6.93126,OYNKGUDNFLIGLP-UHFFFAOYSA-N
4256,C[C@@H](c1cccc(OC(=O)NCCCCCNc2c3c(nc4cc(F)ccc24)CCCC3)c1)N(C)C,7.42216,OYNKGUDNFLIGLP-UHFFFAOYSA-N
4258,C[C@@H](c1cccc(OC(=O)NCCCCCNc2c3c(nc4cc(Cl)ccc24)CCCC3)c1)N(C)C,8.08197,OYNKGUDNFLIGLP-UHFFFAOYSA-N
4260,C[C@@H](c1cccc(OC(=O)NCCCCCNc2c3c(nc4cc(Br)ccc24)CCCC3)c1)N(C)C,7.32175,OYNKGUDNFLIGLP-UHFFFAOYSA-N
3244,COc1ccc(-c2nc(NC3CCN(Cc4ccc(C(F)(F)F)cc4)CC3)sc2-c2ccc(OC)cc2)cc1,6.12494,OKTYPCAALOTZLW-UHFFFAOYSA-N
3245,COc1ccc(CN2CCC(Nc3nc(-c4ccc(OC)cc4)c(-c4ccc(OC)cc4)s3)CC2)cc1,6.11351,OKTYPCAALOTZLW-UHFFFAOYSA-N
3246,COc1ccc(-c2nc(NC3CCN(Cc4ccc(C)cc4)CC3)sc2-c2ccc(OC)cc2)cc1,6.08092,OKTYPCAALOTZLW-UHFFFAOYSA-N
3247,Fc1ccc(CN2CCC(Nc3nc(-c4ccc(Cl)cc4)c(-c4ccc(Cl)cc4)s3)CC2)c(Cl)c1,6.4318,OKTYPCAALOTZLW-UHFFFAOYSA-N
3248,N#Cc1ccc(CN2CCC(Nc3nc(-c4ccc(Cl)cc4)c(-c4ccc(Cl)cc4)s3)CC2)cc1,5.9914,OKTYPCAALOTZLW-UHFFFAOYSA-N
3249,COc1ccc(CN2CCC(Nc3nc(-c4ccc(Cl)cc4)c(-c4ccc(Cl)cc4)s3)CC2)cc1,5.95078,OKTYPCAALOTZLW-UHFFFAOYSA-N
3250,Cc1ccc(CN2CCC(Nc3nc(-c4ccc(Cl)cc4)c(-c4ccc(Cl)cc4)s3)CC2)cc1,5.49621,OKTYPCAALOTZLW-UHFFFAOYSA-N
3251,Clc1ccc(-c2nc(NC3CCN(Cc4ccccc4)CC3)sc2-c2ccc(Cl)cc2)cc1,5.86012,OKTYPCAALOTZLW-UHFFFAOYSA-N
3252,Cc1ccc(CN2CCC(Nc3nc(-c4ccc(C)cc4)c(-c4ccc(C)cc4)s3)CC2)cc1,5.96257,OKTYPCAALOTZLW-UHFFFAOYSA-N
3253,Cc1ccc(-c2nc(NC3CCN(Cc4ccccc4)CC3)sc2-c2ccc(C)cc2)cc1,5.89279,OKTYPCAALOTZLW-UHFFFAOYSA-N
4341,Cc1ccc(C(C)C)cc1OCC(=O)N1Cc2ccccc2C1,5.71444,GWRLTTKCUHEBFF-UHFFFAOYSA-N
3312,COc1cc(/C=N/NC(=O)N2CCN(c3ccccn3)CC2)cc(OC)c1OC,5.24489,STEXUOBWQLSVBF-XMHGGMMESA-N
3313,O=C(N/N=C/c1ccccc1)N1CCN(c2ccccn2)CC1,5.44129,STEXUOBWQLSVBF-XMHGGMMESA-N
3314,O=C(N/N=C/c1ccc(O)cc1)N1CCN(c2ccccn2)CC1,5.31785,STEXUOBWQLSVBF-XMHGGMMESA-N
3315,O=C(N/N=C/c1ccc(O)cc1O)N1CCN(c2ccccn2)CC1,5.32975,STEXUOBWQLSVBF-XMHGGMMESA-N
3316,Cc1ccc(/C=N/NC(=O)N2CCN(c3ccccn3)CC2)cc1,5.32057,STEXUOBWQLSVBF-XMHGGMMESA-N
3317,O=C(N/N=C/c1ccc([N+](=O)[O-])cc1)N1CCN(c2ccccn2)CC1,5.93554,STEXUOBWQLSVBF-XMHGGMMESA-N
3318,O=C(N/N=C/c1ccc(C(F)(F)F)cc1)N1CCN(c2ccccn2)CC1,5.87943,STEXUOBWQLSVBF-XMHGGMMESA-N
3319,O=C(N/N=C/c1ccc(OC(F)(F)F)cc1)N1CCN(c2ccccn2)CC1,5.53611,STEXUOBWQLSVBF-XMHGGMMESA-N
3320,O=C(N/N=C/c1ccc(Cl)cc1)N1CCN(c2ccccn2)CC1,5.46597,STEXUOBWQLSVBF-XMHGGMMESA-N
3321,O=C(N/N=C/c1ccc(F)cc1)N1CCN(c2ccccn2)CC1,5.72816,STEXUOBWQLSVBF-XMHGGMMESA-N
3322,O=C(N/N=C/c1ccc(Br)cc1)N1CCN(c2ccccn2)CC1,6.31069,STEXUOBWQLSVBF-XMHGGMMESA-N
3323,O=C(N/N=C/c1ccc(F)cc1F)N1CCN(c2ccccn2)CC1,6.16622,STEXUOBWQLSVBF-XMHGGMMESA-N
3693,O=C(NCC1CCN(Cc2ccccc2)CC1)c1cncc(NC(=O)c2ccnc(NC(=O)C3CC3)c2)c1,5.95782,SQXUZVAZCVIHFU-UHFFFAOYSA-N
3694,O=C(NCC1CCN(Cc2ccccc2F)CC1)c1cncc(NC(=O)c2ccnc(NC(=O)C3CC3)c2)c1,5.75572,SQXUZVAZCVIHFU-UHFFFAOYSA-N
3695,O=C(NCC1CCN(Cc2cccc(F)c2)CC1)c1cncc(NC(=O)c2ccnc(NC(=O)C3CC3)c2)c1,5.62197,SQXUZVAZCVIHFU-UHFFFAOYSA-N
3696,O=C(NCC1CCN(Cc2ccc(F)cc2)CC1)c1cncc(NC(=O)c2ccnc(NC(=O)C3CC3)c2)c1,5.5187,SQXUZVAZCVIHFU-UHFFFAOYSA-N
3697,O=C(NCC1CCN(Cc2ccc(F)c(F)c2)CC1)c1cncc(NC(=O)c2ccnc(NC(=O)C3CC3)c2)c1,5.51329,SQXUZVAZCVIHFU-UHFFFAOYSA-N
3698,O=C(NCC1CCN(Cc2cccc(Cl)c2)CC1)c1cncc(NC(=O)c2ccnc(NC(=O)C3CC3)c2)c1,5.96218,SQXUZVAZCVIHFU-UHFFFAOYSA-N
3699,Cc1ccccc1CN1CCC(CNC(=O)c2cncc(NC(=O)c3ccnc(NC(=O)C4CC4)c3)c2)CC1,5.38796,SQXUZVAZCVIHFU-UHFFFAOYSA-N
18,CN(C)C(=O)Oc1cccc([N+](C)(C)C)c1,7.193875,UHOVQNZJYSORNB-UHFFFAOYSA-N
158,C=CCC[N+](C)(C)c1ccccc1O,5.0,UHOVQNZJYSORNB-UHFFFAOYSA-N
162,C=CC[N+](C)(C)c1cccc(O)c1,5.52288,UHOVQNZJYSORNB-UHFFFAOYSA-N
163,C=CC[N+](C)(C)c1cccc(OC(C)=O)c1,6.0,UHOVQNZJYSORNB-UHFFFAOYSA-N
166,C=CC[N+](C)(C)c1ccccc1O,5.73283,UHOVQNZJYSORNB-UHFFFAOYSA-N
170,CC[N+](C)(C)c1cccc(O)c1,6.10791,UHOVQNZJYSORNB-UHFFFAOYSA-N
171,C=CC[N+](C)(C)c1ccccc1OC,6.0,UHOVQNZJYSORNB-UHFFFAOYSA-N
334,CCN(C)C(=O)Oc1cccc([C@H](C)N(C)C)c1,5.51856,UHOVQNZJYSORNB-UHFFFAOYSA-N
397,CC(=O)Oc1ccc(C)c([N+](C)(C)C)c1,5.273,UHOVQNZJYSORNB-UHFFFAOYSA-N
398,CCC(=O)Oc1cc([N+](C)(C)C)ccc1C,5.424,UHOVQNZJYSORNB-UHFFFAOYSA-N
399,CC(=O)Oc1cc([N+](C)(C)C)ccc1C,6.181,UHOVQNZJYSORNB-UHFFFAOYSA-N
403,COc1ccc(C)cc1OC,5.354900000000001,UHOVQNZJYSORNB-UHFFFAOYSA-N
404,Cc1ccc(O)cc1[N+](C)(C)C,5.549,UHOVQNZJYSORNB-UHFFFAOYSA-N
409,COc1cc(C)cc(OC)c1OC,5.3099,UHOVQNZJYSORNB-UHFFFAOYSA-N
410,CCC(=O)Oc1cccc([N+](C)(C)C)c1,5.224,UHOVQNZJYSORNB-UHFFFAOYSA-N
411,COc1ccc(C)cc1,5.3749,UHOVQNZJYSORNB-UHFFFAOYSA-N
418,Cc1ccc([N+](=O)[O-])cc1,6.1549,UHOVQNZJYSORNB-UHFFFAOYSA-N
421,Cc1ccc([N+](C)(C)C)cc1O,5.507,UHOVQNZJYSORNB-UHFFFAOYSA-N
425,CC(=O)Oc1cccc([N+](C)(C)C)c1,5.521,UHOVQNZJYSORNB-UHFFFAOYSA-N
426,C[N+](C)(C)c1cccc(O)c1,6.012,UHOVQNZJYSORNB-UHFFFAOYSA-N
427,COc1cccc(C)c1,5.984895,UHOVQNZJYSORNB-UHFFFAOYSA-N
445,CCN(CC)CCNC(=O)c1ccc(N)cc1,6.0,UHOVQNZJYSORNB-UHFFFAOYSA-N
509,CC(c1cccc(OC(=O)N(C)C)c1)N(C)C,7.52288,UHOVQNZJYSORNB-UHFFFAOYSA-N
513,C#CCN(C)[C@H](C)Cc1cccc(OC(=O)N(C)CCCCCC)c1,5.69897,UHOVQNZJYSORNB-UHFFFAOYSA-N
523,C#CCN(C)CCc1cccc(OC(=O)N(C)C)c1,6.07058,UHOVQNZJYSORNB-UHFFFAOYSA-N
526,C#CCN(C)C(C)Cc1cccc(OC(=O)N(C)CCCCCC)c1,5.51428,UHOVQNZJYSORNB-UHFFFAOYSA-N
528,C#CCNCCc1cccc(OC(=O)N(C)C)c1,6.65758,UHOVQNZJYSORNB-UHFFFAOYSA-N
531,C#CCN(C)C(C)Cc1cccc(OC(=O)N(C)C)c1,5.78516,UHOVQNZJYSORNB-UHFFFAOYSA-N
538,CNCCc1cccc(OC(=O)N(C)C)c1,6.55284,UHOVQNZJYSORNB-UHFFFAOYSA-N
541,CN(C)CCc1cccc(OC(=O)N(C)C)c1,6.79588,UHOVQNZJYSORNB-UHFFFAOYSA-N
542,CN(C)C(=O)Oc1cccc(CCN)c1,6.63827,UHOVQNZJYSORNB-UHFFFAOYSA-N
544,C#CCNC(C)Cc1cccc(OC(=O)N(C)C)c1,6.26761,UHOVQNZJYSORNB-UHFFFAOYSA-N
547,CCCN(C)C(=O)Oc1cccc(CCN)c1,5.10791,UHOVQNZJYSORNB-UHFFFAOYSA-N
554,C#CC(C)NCCc1cccc(OC(=O)N(C)C)c1,6.76955,UHOVQNZJYSORNB-UHFFFAOYSA-N
558,C#CCN(C)[C@@H](C)Cc1cccc(OC(=O)N(C)CCCCCC)c1,5.46852,UHOVQNZJYSORNB-UHFFFAOYSA-N
659,CNC(=O)Oc1cccc(C(C)N(C)C)c1,7.0,UHOVQNZJYSORNB-UHFFFAOYSA-N
726,CN(C)C(=O)Oc1cccc([N+](C)(C)C)c1.COS(=O)(=O)[O-],7.37572,UHOVQNZJYSORNB-UHFFFAOYSA-N
2177,COc1ccccc1C(C)NS(N)(=O)=O,10.57106,UHOVQNZJYSORNB-UHFFFAOYSA-N
2178,COc1ccc(C(C)NS(N)(=O)=O)cc1,10.57106,UHOVQNZJYSORNB-UHFFFAOYSA-N
2179,COc1ccc(C(C)NS(N)(=O)=O)cc1OC,10.57106,UHOVQNZJYSORNB-UHFFFAOYSA-N
2180,COc1ccc(OC)c(C(C)NS(N)(=O)=O)c1,10.57106,UHOVQNZJYSORNB-UHFFFAOYSA-N
2181,COc1cccc(OC)c1C(C)NS(N)(=O)=O,10.57106,UHOVQNZJYSORNB-UHFFFAOYSA-N
2231,CC(C)(C)c1cccc(C(=O)C(F)F)c1,8.139610000000001,UHOVQNZJYSORNB-UHFFFAOYSA-N
2238,CC(C)(C)c1cccc(C(=O)C(F)(F)F)c1,8.068340000000001,UHOVQNZJYSORNB-UHFFFAOYSA-N
2239,C[Si](C)(C)c1cccc(C(=O)C(F)(F)F)c1,6.78857,UHOVQNZJYSORNB-UHFFFAOYSA-N
2241,CNC(=O)Oc1ccccc1OC(C)C,5.93371,UHOVQNZJYSORNB-UHFFFAOYSA-N
2242,CC(C)(C)c1cccc(C(=O)CF)c1,6.191879999999999,UHOVQNZJYSORNB-UHFFFAOYSA-N
2583,CCOC(=O)/C=C/c1ccc(OCCCCCCN(CC)CC)c(OC)c1,5.7122,UHOVQNZJYSORNB-UHFFFAOYSA-N
2584,CCN(CC)CCCCCCOc1ccc(/C=C/C(=O)O)cc1OC,5.57349,UHOVQNZJYSORNB-UHFFFAOYSA-N
2585,CCOC(=O)/C=C/c1ccc(OCCCCCCCCN(CC)CC)c(OC)c1,5.80688,UHOVQNZJYSORNB-UHFFFAOYSA-N
2586,CCN(CC)CCCCCCCCOc1ccc(/C=C/C(=O)O)cc1OC,5.49757,UHOVQNZJYSORNB-UHFFFAOYSA-N
2679,CCO[P@](=O)(SCC)c1ccccc1,5.09691,UHOVQNZJYSORNB-UHFFFAOYSA-N
2680,CCOP(=O)(OCC)Oc1ccc([N+](=O)[O-])cc1,8.0,UHOVQNZJYSORNB-UHFFFAOYSA-N
3143,COC(=O)/C(=C\C(=O)c1cc(O)ccc1O)CC/C=C(\C)CCC=C(C)C,5.08619,UHOVQNZJYSORNB-UHFFFAOYSA-N
3303,COc1ccc([C@H](O)[C@H](N)C(=O)O)cc1OC,9.0,UHOVQNZJYSORNB-UHFFFAOYSA-N
3342,Cc1cc(S(=O)(=O)NN)c(C(C)C)cc1O,5.03433,UHOVQNZJYSORNB-UHFFFAOYSA-N
3649,CCOC(=O)/C(=N\Nc1ccccc1)C(=O)C(F)(F)F,5.49214,UHOVQNZJYSORNB-UHFFFAOYSA-N
3650,CCOC(=O)/C(=N\Nc1ccc(C)cc1)C(=O)C(F)(F)F,5.13549,UHOVQNZJYSORNB-UHFFFAOYSA-N
3651,CCOC(=O)/C(=N\Nc1ccc(OC)cc1)C(=O)C(F)(F)F,5.33536,UHOVQNZJYSORNB-UHFFFAOYSA-N
3652,CCOC(=O)/C(=N\Nc1ccccc1[N+](=O)[O-])C(=O)C(F)(F)F,6.11976,UHOVQNZJYSORNB-UHFFFAOYSA-N
3653,CCOC(=O)/C(=N\Nc1ccc(F)cc1)C(=O)C(F)(F)F,5.57349,UHOVQNZJYSORNB-UHFFFAOYSA-N
3654,CCOC(=O)/C(=N\Nc1ccc(Br)cc1)C(=O)C(F)(F)F,5.86646,UHOVQNZJYSORNB-UHFFFAOYSA-N
3655,CCOC(=O)/C(=N\Nc1ccccc1C(=O)OCC)C(=O)C(F)(F)F,6.31785,UHOVQNZJYSORNB-UHFFFAOYSA-N
3656,CCOC(=O)/C(=N\Nc1ccc(C(=O)OCC)cc1)C(=O)C(F)(F)F,5.42136,UHOVQNZJYSORNB-UHFFFAOYSA-N
3769,C[N+](C)(C)CCNC(=O)/C=C/c1ccc(O)c(O)c1,5.13668,UHOVQNZJYSORNB-UHFFFAOYSA-N
3856,COc1ccccc1/C=C/C=C(\Br)S(=O)(=O)F,7.10237,UHOVQNZJYSORNB-UHFFFAOYSA-N
4335,CNC(=O)COc1cc(C(C)C)ccc1C,5.71444,UHOVQNZJYSORNB-UHFFFAOYSA-N
4336,CCCNC(=O)COc1cc(C(C)C)ccc1C,5.71444,UHOVQNZJYSORNB-UHFFFAOYSA-N
4337,CCN(CC)C(=O)COc1cc(C(C)C)ccc1C,5.71444,UHOVQNZJYSORNB-UHFFFAOYSA-N
4338,Cc1ccc(C(C)C)cc1OCC(=O)N(C(C)C)C(C)C,5.71444,UHOVQNZJYSORNB-UHFFFAOYSA-N
4349,C=CCNCC(O)COc1cc(C(C)C)ccc1C,6.86646,UHOVQNZJYSORNB-UHFFFAOYSA-N
4350,CCN(CC)CC(O)COc1cc(C(C)C)ccc1C,6.86646,UHOVQNZJYSORNB-UHFFFAOYSA-N
4351,Cc1ccc(C(C)C)cc1OCC(O)CNC(C)(C)C,6.86646,UHOVQNZJYSORNB-UHFFFAOYSA-N
2288,CC(=O)NCCc1c[nH]c2ccc(OC(=O)NCCNc3c4c(nc5ccccc35)CCCC4)cc12,5.95992,OPAGCNSHRPDMMX-UHFFFAOYSA-N
2293,CC(=O)NCCc1c[nH]c2ccc(OC(=O)NCCNc3c4c(nc5cc(Cl)ccc35)CCCC4)cc12,7.69789,OPAGCNSHRPDMMX-UHFFFAOYSA-N
2294,CC(=O)NCCc1c[nH]c2ccc(OC(=O)NCCNc3c4c(nc5ccc(Cl)cc35)CCCC4)cc12,5.48405,OPAGCNSHRPDMMX-UHFFFAOYSA-N
436,CCN(CC)CCS/C(=N\O)c1nc(-c2ccccc2)no1,5.22185,JJBDWBUEPCGFMN-UHFFFAOYSA-N
1987,O=c1oc2cc(OCCCCN3CCC(Cc4ccccc4)CC3)ccc2c2c1CCCC2,5.03621,GTVSDMPQZNLHNQ-UHFFFAOYSA-N
2839,O=C(Nc1ccc2c(c1)CN(C(=O)c1ccccc1)C(=O)C2)c1ccccc1,9.29243,IXVWXMHLIKJMLG-UHFFFAOYSA-N
2840,O=C(Nc1ccc2c(c1)CN(C(=O)c1cccc(Cl)c1)C(=O)C2)c1ccccc1,10.54729,IXVWXMHLIKJMLG-UHFFFAOYSA-N
2841,Cc1cccc(C(=O)N2Cc3cc(NC(=O)c4ccccc4)ccc3CC2=O)c1,10.58153,IXVWXMHLIKJMLG-UHFFFAOYSA-N
2842,COc1ccccc1C(=O)N1Cc2cc(NC(=O)c3ccccc3)ccc2CC1=O,10.72285,IXVWXMHLIKJMLG-UHFFFAOYSA-N
2843,O=C(Nc1ccc2c(c1)CN(C(=O)c1ccccc1)C(=O)C2)c1cccc(Cl)c1,10.87844,IXVWXMHLIKJMLG-UHFFFAOYSA-N
2844,O=C(Nc1ccc2c(c1)CN(C(=O)c1cccc(Cl)c1)C(=O)C2)c1cccc(Cl)c1,10.84924,IXVWXMHLIKJMLG-UHFFFAOYSA-N
2845,Cc1cccc(C(=O)N2Cc3cc(NC(=O)c4cccc(Cl)c4)ccc3CC2=O)c1,10.84134,IXVWXMHLIKJMLG-UHFFFAOYSA-N
2846,COc1ccccc1C(=O)N1Cc2cc(NC(=O)c3cccc(Cl)c3)ccc2CC1=O,10.96059,IXVWXMHLIKJMLG-UHFFFAOYSA-N
2847,Cc1cccc(C(=O)Nc2ccc3c(c2)CN(C(=O)c2cccc(Cl)c2)C(=O)C3)c1,10.67902,IXVWXMHLIKJMLG-UHFFFAOYSA-N
2848,Cc1cccc(C(=O)Nc2ccc3c(c2)CN(C(=O)c2cccc(C)c2)C(=O)C3)c1,10.86902,IXVWXMHLIKJMLG-UHFFFAOYSA-N
2849,COc1ccccc1C(=O)Nc1ccc2c(c1)CN(C(=O)c1ccccc1)C(=O)C2,10.53195,IXVWXMHLIKJMLG-UHFFFAOYSA-N
2850,COc1ccccc1C(=O)Nc1ccc2c(c1)CN(C(=O)c1cccc(Cl)c1)C(=O)C2,10.77676,IXVWXMHLIKJMLG-UHFFFAOYSA-N
2851,COc1ccccc1C(=O)Nc1ccc2c(c1)CN(C(=O)c1cccc(C)c1)C(=O)C2,10.58637,IXVWXMHLIKJMLG-UHFFFAOYSA-N
2852,COc1ccccc1C(=O)Nc1ccc2c(c1)CN(C(=O)c1ccccc1OC)C(=O)C2,10.66595,IXVWXMHLIKJMLG-UHFFFAOYSA-N
3811,Cc1cccc2sc(NC(=O)CCN3CCN(C(C)C)CC3)nc12,5.56067,FELPMYGHWVAGQT-UHFFFAOYSA-N
3812,Cc1cccc2sc(NC(=O)CCN3CCN(C(C)(C)C)CC3)nc12,6.09151,FELPMYGHWVAGQT-UHFFFAOYSA-N
3813,Cc1cccc2sc(NC(=O)CCN3CCN(CCN(C)C)CC3)nc12,6.31876,FELPMYGHWVAGQT-UHFFFAOYSA-N
3814,Cc1cccc2sc(NC(=O)CCN3CCN(CCCN(C)C)CC3)nc12,6.38722,FELPMYGHWVAGQT-UHFFFAOYSA-N
3817,Cc1cccc2sc(NC(=O)CCN3CCN(CCN(C(C)C)C(C)C)CC3)nc12,6.61979,FELPMYGHWVAGQT-UHFFFAOYSA-N
4125,CCN(C)C(=O)Oc1ccc(-c2cc(=O)c3c(O)c(O)c(OC(=O)N[C@@H](Cc4ccccc4)C(=O)OC(C)(C)C)cc3o2)cc1,5.213480000000001,HAHTWEYOLHQDOM-UHFFFAOYSA-N
1571,CC1=C[C@H]2Cc3nc4cc(Cl)ccc4c(NCCCCCCCNc4c5c(nc6ccccc46)CCCC5)c3[C@@H](C1)C2,8.16494,PQWXUVNBAXVYLP-FTJBHMTQSA-N
1576,CC1=C[C@H]2Cc3nc4cc(Cl)ccc4c(NCCCCCCCNc4c5c(nc6cc(Cl)ccc46)CCCC5)c3[C@@H](C1)C2,7.9393,PQWXUVNBAXVYLP-FTJBHMTQSA-N
2528,Cc1ccc(/C=C2/CNCC3=C2N=C2SC=C(c4ccc(C)cc4)N2C3c2ccc(C)cc2)cc1,5.74473,GHLUFKQBBJSVCU-KQWNVCNZSA-N
2529,Cc1ccc(/C=C2/CNCC3=C2N=C2SC=C(c4ccc(Br)cc4)N2C3c2ccc(C)cc2)cc1,5.64397,GHLUFKQBBJSVCU-KQWNVCNZSA-N
2531,Cc1ccc(C2=CSC3=NC4=C(CNC/C4=C/c4ccc(Cl)cc4)C(c4ccc(Cl)cc4)N23)cc1,5.96257,GHLUFKQBBJSVCU-KQWNVCNZSA-N
2533,Brc1ccc(/C=C2/CNCC3=C2N=C2SC=C(c4ccccc4)N2C3c2ccc(Br)cc2)cc1,5.82974,GHLUFKQBBJSVCU-KQWNVCNZSA-N
2534,Cc1ccc(C2=CSC3=NC4=C(CNC/C4=C/c4ccc(Br)cc4)C(c4ccc(Br)cc4)N23)cc1,5.99568,GHLUFKQBBJSVCU-KQWNVCNZSA-N
918,COc1cc2c(cc1OC)CC(CC1CCN(CCCNc3c4c(nc5cc(Cl)ccc35)CCCC4)CC1)C2,8.97469,HQGLMMZRWJZVMJ-UHFFFAOYSA-N
920,COc1cc2c(cc1OC)CC(CC1CCN(CCCNc3c4c(nc5ccccc35)CCCC4)CC1)C2,8.66555,HQGLMMZRWJZVMJ-UHFFFAOYSA-N
2990,CN1CCN(C2CCN(C(=O)COc3ccc(-c4ccccc4)cc3)CC2)CC1,5.0,KTGAIZHNMMMGNC-UHFFFAOYSA-N
2993,CCN1CCN(C2CCN(C(=O)COc3ccc(-c4ccc([N+](=O)[O-])cc4)cc3)CC2)CC1,5.67778,KTGAIZHNMMMGNC-UHFFFAOYSA-N
3169,N[C@@H](Cc1c[nH]c2ccccc12)C(=O)NCCCCNc1c2c(nc3cc(Cl)ccc13)CCCC2,7.20761,YMJFBQQOSAAGSZ-UHFFFAOYSA-N
3176,N[C@@H](Cc1c[nH]c2ccccc12)C(=O)NCCCCNc1c2c(nc3ccccc13)CCCC2,5.88606,YMJFBQQOSAAGSZ-UHFFFAOYSA-N
887,Clc1cccc(Cl)c1CO/N=C/c1cc[n+](CCC[n+]2ccc(/C=N/OCc3c(Cl)cccc3Cl)cc2)cc1,5.22185,JVKKLSFINYTXOR-WECXDZCISA-N
378,CCN1CC[C@@]2(C)c3cc(OC(=O)N[C@@H](C)c4ccccc4)ccc3CC12,5.87615,VEPPAPQOHSMECW-UHFFFAOYSA-N
381,CCN1CC[C@@]2(C)c3cc(OC(=O)NCc4ccccc4)ccc3CC12,7.16115,VEPPAPQOHSMECW-UHFFFAOYSA-N
2593,COc1cc(/C=C/C(=O)Nc2ccccc2)ccc1OCCCCCCN1CCCC1,5.95468,FVQDLYIAYBFTCK-SAPNQHFASA-N
1772,COc1c(F)c[n+](CCCCCOc2ccc3c(C)cc(=O)oc3c2)cc1F.O=S(=O)([O-])C(F)(F)F,6.32333,YAWRJEJWIOOMRI-UHFFFAOYSA-N
1775,COc1ccc(C(F)(F)F)c[n+]1CCCCCOc1ccc2c(C)cc(=O)oc2c1.O=S(=O)([O-])C(F)(F)F,6.064915,YAWRJEJWIOOMRI-UHFFFAOYSA-N
675,CNC(=O)Oc1cccc(CN(C)CCCCCCCOc2ccc3c(c2)OC/C(=C\c2cc(OC)c(OC)c(OC)c2)C3=O)c1,5.00833,ASCBNEJRFFFGFO-LHLOQNFPSA-N
4238,COc1cc2ncnc(N3CCN(C)CC3)c2cc1OC,5.89449,KLTHGJYCURVMAK-UHFFFAOYSA-N
4239,COc1cc2ncnc(N3CCN(C(C)=O)CC3)c2cc1OC,5.92372,KLTHGJYCURVMAK-UHFFFAOYSA-N
3045,NC12CC3CC(F)(CC(C1)c1cc(NC(=O)CCCNc4c5c(nc6cc(Cl)ccc46)CCCC5)ccc13)C2,9.52288,IFNVPYBVJOVWAH-UHFFFAOYSA-N
3830,O=C(COc1ccc(-c2ccccc2)cc1)NCCN1CCN(Cc2ccccc2)CC1,6.13371,KJLQZKUKATZVAQ-UHFFFAOYSA-N
689,CC1=CC2Cc3nc4cc(Cl)ccc4c(NCCCCCCCNc4c5c(nc6ccccc46)CCCC5)c3C(C1)C2,9.09603,PQWXUVNBAXVYLP-UHFFFAOYSA-N
693,CC1=CC2Cc3nc4cc(Cl)ccc4c(NCCCCCCCNc4c5c(nc6cc(Cl)ccc46)CCCC5)c3C(C1)C2,8.93863,PQWXUVNBAXVYLP-UHFFFAOYSA-N
3184,O=C1N/C(=N\c2ccc3oc(=O)ccc3c2)S/C1=C/c1ccccc1,7.02641,REUPXWMWDMMODN-MHWRWJLKSA-N
3199,COc1ccc(/C=C2/S/C(=N/c3ccc4oc(=O)ccc4c3)NC2=O)cc1,7.30277,REUPXWMWDMMODN-MHWRWJLKSA-N
3200,O=C1N/C(=N\c2ccc3oc(=O)ccc3c2)S/C1=C/c1ccc(F)cc1,6.66555,REUPXWMWDMMODN-MHWRWJLKSA-N
3201,CSc1ccc(/C=C2/S/C(=N/c3ccc4oc(=O)ccc4c3)NC2=O)cc1,6.82189,REUPXWMWDMMODN-MHWRWJLKSA-N
3202,O=C1N/C(=N\c2ccc3oc(=O)ccc3c2)S/C1=C/c1ccc(Cl)cc1,6.7607,REUPXWMWDMMODN-MHWRWJLKSA-N
3203,CN(C)c1ccc(/C=C2/S/C(=N/c3ccc4oc(=O)ccc4c3)NC2=O)cc1,7.07572,REUPXWMWDMMODN-MHWRWJLKSA-N
3204,O=C1N/C(=N\c2ccc3oc(=O)ccc3c2)S/C1=C/c1ccc(Br)cc1,6.55846,REUPXWMWDMMODN-MHWRWJLKSA-N
899,O=C(CO/N=[N+](\[O-])N1CCCC1)NCCCCNc1c2c(nc3ccccc13)CCCC2,7.29499,CJDXDXPZBOPRIH-UHFFFAOYSA-O
3153,O=C(Nc1cc(-c2cn(CCNc3c4c(nc5ccccc35)CCCC4)nn2)ccn1)Nc1cccc2c1[C@H]1CCCCN1C2=O,8.02228,BNBWNJAILLASJW-SSEXGKCCSA-N
3254,COc1ccc(-c2nc(NCC3CCN(Cc4c(F)cccc4Cl)CC3)sc2-c2ccc(OC)cc2)cc1,6.4437,KJNXOYPMMMQJTK-UHFFFAOYSA-N
3255,COc1ccc(-c2nc(NCC3CCN(Cc4ccccc4C(F)(F)F)CC3)sc2-c2ccc(OC)cc2)cc1,6.16115,KJNXOYPMMMQJTK-UHFFFAOYSA-N
3256,COc1ccc(-c2nc(NCC3CCN(Cc4ccccc4C)CC3)sc2-c2ccc(OC)cc2)cc1,6.22915,KJNXOYPMMMQJTK-UHFFFAOYSA-N
3257,Fc1ccc(CN2CCC(CNc3nc(-c4ccc(Cl)cc4)c(-c4ccc(Cl)cc4)s3)CC2)c(C(F)(F)F)c1,5.90658,KJNXOYPMMMQJTK-UHFFFAOYSA-N
3258,Fc1ccc(CN2CCC(CNc3nc(-c4ccc(Cl)cc4)c(-c4ccc(Cl)cc4)s3)CC2)c(Cl)c1,6.284,KJNXOYPMMMQJTK-UHFFFAOYSA-N
3259,Fc1cc(F)cc(CN2CCC(CNc3nc(-c4ccc(Cl)cc4)c(-c4ccc(Cl)cc4)s3)CC2)c1,6.20066,KJNXOYPMMMQJTK-UHFFFAOYSA-N
3260,Cc1ccccc1CN1CCC(CNc2nc(-c3ccc(Cl)cc3)c(-c3ccc(Cl)cc3)s2)CC1,6.06048,KJNXOYPMMMQJTK-UHFFFAOYSA-N
3261,Cc1ccc(-c2nc(NCC3CCN(Cc4ccc(F)cc4)CC3)sc2-c2ccc(C)cc2)cc1,6.4318,KJNXOYPMMMQJTK-UHFFFAOYSA-N
3262,Cc1ccc(-c2nc(NCC3CCN(Cc4cc(F)cc(F)c4)CC3)sc2-c2ccc(C)cc2)cc1,6.52288,KJNXOYPMMMQJTK-UHFFFAOYSA-N
3263,Cc1ccc(-c2nc(NCC3CCN(Cc4ccccc4C(F)(F)F)CC3)sc2-c2ccc(C)cc2)cc1,6.39794,KJNXOYPMMMQJTK-UHFFFAOYSA-N
3264,Cc1ccc(-c2nc(NCC3CCN(Cc4ccccc4C)CC3)sc2-c2ccc(C)cc2)cc1,6.30103,KJNXOYPMMMQJTK-UHFFFAOYSA-N
4160,CCN(CCCCCOc1cc(O)c2c(c1)OC(c1ccc(O)cc1)CC2=O)Cc1ccccc1,6.04096,BKCVYBKXHLCECF-UHFFFAOYSA-N
3081,C#CCOc1ccc(/C=N/Nc2c3c(nc4ccccc24)CCCC3)cc1,5.56384,HKTVPOSINVFDKN-KGENOOAVSA-N
1742,C=CC(=O)N1C/C(=C\c2cccc([N+](=O)[O-])c2)C(=O)/C(=C/c2cccc([N+](=O)[O-])c2)C1,5.01055,KPVTZSGWKGUMLH-JYFOCSDGSA-N
1743,C=CC(=O)N1C/C(=C\c2ccccc2OC)C(=O)/C(=C/c2ccccc2OC)C1,5.05948,KPVTZSGWKGUMLH-JYFOCSDGSA-N
1926,CCOC(OCC)c1ccc(/C=C2\CNC/C(=C\c3ccc(C(OCC)OCC)cc3)C2=O)cc1,6.03621,KPVTZSGWKGUMLH-JYFOCSDGSA-N
1927,CCOC(OCC)c1ccc(/C=C2\CN(C)C/C(=C\c3ccc(C(OCC)OCC)cc3)C2=O)cc1,7.37675,KPVTZSGWKGUMLH-JYFOCSDGSA-N
1855,CCNCc1ccc2nc(-c3ccc(Cl)cc3)c3c(c2c1)NCCC3,6.25493,OMSOTGLXXNYCEC-UHFFFAOYSA-N
1961,CCNC(=O)c1ccc2nc(-c3ccc(Cl)cc3)c3c(c2c1)NCCC3,7.18709,OMSOTGLXXNYCEC-UHFFFAOYSA-N
3781,CCN(CC)Cc1ccc(/C=C2/Cc3cc(OC)ccc3C2=O)cc1,5.9393,ITHXOKQJEXLMKO-UVTDQMKNSA-N
2283,CC(=O)NCCc1c[nH]c2ccc(OC(=O)NCCCCCCCNc3c4c(nc5cc(Cl)ccc35)CCCC4)cc12,8.11351,JYPKWTANCQUPRY-UHFFFAOYSA-N
2290,CC(=O)NCCc1c[nH]c2ccc(OC(=O)NCCCCCCCNc3c4c(nc5ccc(Cl)cc35)CCCC4)cc12,7.39924,JYPKWTANCQUPRY-UHFFFAOYSA-N
2295,CC(=O)NCCc1c[nH]c2ccc(OC(=O)NCCCCCCCNc3c4c(nc5ccccc35)CCCC4)cc12,7.47147,JYPKWTANCQUPRY-UHFFFAOYSA-N
2285,CC(=O)NCCc1c[nH]c2ccc(OC(=O)NCCCCCCCCCCNc3c4c(nc5ccc(Cl)cc35)CCCC4)cc12,8.84466,XPJRKOPDDZHKQB-UHFFFAOYSA-N
2291,CC(=O)NCCc1c[nH]c2ccc(OC(=O)NCCCCCCCCCCNc3c4c(nc5ccccc35)CCCC4)cc12,8.92812,XPJRKOPDDZHKQB-UHFFFAOYSA-N
2292,CC(=O)NCCc1c[nH]c2ccc(OC(=O)NCCCCCCCCCCNc3c4c(nc5cc(Cl)ccc35)CCCC4)cc12,8.09151,XPJRKOPDDZHKQB-UHFFFAOYSA-N
1212,CNC(=O)Oc1cccc(CN(C)CCCOc2ccc3c(=O)cc(-c4ccccc4)oc3c2)c1,8.24413,ONNVQEKPEIIKAW-UHFFFAOYSA-N
1213,CCCCNC(=O)Oc1cccc(CN(C)CCCOc2ccc3c(=O)cc(-c4ccccc4)oc3c2)c1,7.50864,ONNVQEKPEIIKAW-UHFFFAOYSA-N
1214,CCCCCCNC(=O)Oc1cccc(CN(C)CCCOc2ccc3c(=O)cc(-c4ccccc4)oc3c2)c1,7.16749,ONNVQEKPEIIKAW-UHFFFAOYSA-N
2522,COc1cc2c(cc1OC)C(=O)C(CC1CCN(Cc3ccc4ccccc4n3)CC1)C2,5.07417,GQOLUODVXGXBQS-UHFFFAOYSA-N
2765,COc1cc2c(cc1OC)C(=O)C(CC1CCN(Cc3cc(N)c4ccccc4n3)CC1)C2,6.14874,GQOLUODVXGXBQS-UHFFFAOYSA-N
78,CCC[n+]1ccc(CCC(=O)c2cc3cc(OC)c(OC)cc3s2)cc1,5.59007,PYTVRJQBTZESQO-UHFFFAOYSA-O
82,CC[n+]1ccc(CCC(=O)c2cc3cc(OC)c(OC)cc3s2)cc1,6.55284,PYTVRJQBTZESQO-UHFFFAOYSA-O
95,COc1cc2cc(C(=O)CCc3cc[n+](C)cc3)sc2cc1OC,6.04576,PYTVRJQBTZESQO-UHFFFAOYSA-O
96,COCC[n+]1ccc(CCC(=O)c2cc3cc(OC)c(OC)cc3s2)cc1,7.52288,PYTVRJQBTZESQO-UHFFFAOYSA-O
106,C=CC[n+]1ccc(CCC(=O)c2cc3cc(OC)c(OC)cc3s2)cc1,6.26761,PYTVRJQBTZESQO-UHFFFAOYSA-O
107,CCOCC[n+]1ccc(CCC(=O)c2cc3cc(OC)c(OC)cc3s2)cc1,8.1549,PYTVRJQBTZESQO-UHFFFAOYSA-O
3487,COc1ccc([C@@H]2CN(C)C3(C(=O)c4ccccc4C3=O)[C@]23CSc2ccccc2C3=O)cc1,5.93554,WIVQWKBFPDKCOF-NBGIEHNGSA-N
3488,Cc1ccc([C@@H]2CN(C)C3(C(=O)c4ccccc4C3=O)[C@]23CSc2ccccc2C3=O)cc1,5.18046,WIVQWKBFPDKCOF-NBGIEHNGSA-N
138,Nc1c2c(nc3cccc(F)c13)OCCC2,6.47496,XGTLJTHSJRABII-UHFFFAOYSA-N
143,Nc1c2c(nc3ccc(Cl)cc13)OCCC2,5.00833,XGTLJTHSJRABII-UHFFFAOYSA-N
150,COc1cccc2nc3c(c(N)c12)CCCO3,6.21753,XGTLJTHSJRABII-UHFFFAOYSA-N
151,Nc1c2c(nc3ccccc13)OCCC2,6.57512,XGTLJTHSJRABII-UHFFFAOYSA-N
155,Nc1c2c(nc3cccc(Cl)c13)OCCC2,6.50446,XGTLJTHSJRABII-UHFFFAOYSA-N
157,Cc1cccc2nc3c(c(N)c12)CCCO3,6.82391,XGTLJTHSJRABII-UHFFFAOYSA-N
2009,C/C=C1\[C@H]2C=C(C)C[C@]1(NC1OCC3=C4CC(C)(C)[C@H](O)[C@H]4[C@@H](C)CCC31O)c1ccc(=O)[nH]c1C2,7.22185,YCGLFFGMIUZISY-WKRPIFTMSA-N
2010,C/C=C1\[C@H]2C=C(C)C[C@]1(NC1OCC3=C4CC(C)(C)C[C@H]4[C@@H](C)[C@H](O)CC31O)c1ccc(=O)[nH]c1C2,6.95861,YCGLFFGMIUZISY-WKRPIFTMSA-N
684,O=C(CCCCC1CCSS1)NCCCCCCNc1c2c(nc3ccccc13)CCCC2,7.52143,GWKZBCSXCDIJEX-UHFFFAOYSA-N
884,Cc1c(C)c2ccc(OCc3cccc(Cl)c3)cc2oc1=O,5.49634,QDLFCBKKECTJSK-UHFFFAOYSA-N
3744,Cc1c(C)c2ccc(OCc3cccc(CN(C)CCCC(F)F)c3)cc2oc1=O,5.76955,QDLFCBKKECTJSK-UHFFFAOYSA-N
3745,Cc1c(C)c2ccc(OCc3ccc(CN(C)CCCC(F)F)cc3)cc2oc1=O,5.82391,QDLFCBKKECTJSK-UHFFFAOYSA-N
3746,CN(CCCC(F)F)Cc1ccc(COc2ccc3c(CO)cc(=O)oc3c2)cc1,6.25964,QDLFCBKKECTJSK-UHFFFAOYSA-N
3752,CN(CCCO)Cc1ccc(COc2ccc3c(CO)cc(=O)oc3c2)cc1,5.65758,QDLFCBKKECTJSK-UHFFFAOYSA-N
4055,Cc1c(C)c2ccc(OCc3ccccc3)cc2oc1=O,5.52288,QDLFCBKKECTJSK-UHFFFAOYSA-N
4058,Cc1c(C)c2ccc(OCc3cc(F)cc(F)c3)cc2oc1=O,5.52288,QDLFCBKKECTJSK-UHFFFAOYSA-N
4059,Cc1c(C)c2ccc(OCc3ccc(Cl)cc3)cc2oc1=O,5.52288,QDLFCBKKECTJSK-UHFFFAOYSA-N
4060,Cc1c(C)c2ccc(OCc3ccc(F)c(F)c3)cc2oc1=O,5.52288,QDLFCBKKECTJSK-UHFFFAOYSA-N
4061,Cc1c(C)c2ccc(OCc3ccc(F)cc3)cc2oc1=O,5.52288,QDLFCBKKECTJSK-UHFFFAOYSA-N
4062,Cc1ccc(COc2ccc3c(C)c(C)c(=O)oc3c2)cc1,5.52288,QDLFCBKKECTJSK-UHFFFAOYSA-N
4063,Cc1c(C)c2ccc(OCc3cccc(F)c3)cc2oc1=O,5.52288,QDLFCBKKECTJSK-UHFFFAOYSA-N
4064,Cc1c(C)c2ccc(OCc3cccc(N)c3)cc2oc1=O,5.52288,QDLFCBKKECTJSK-UHFFFAOYSA-N
4065,COc1cccc(COc2ccc3c(C)c(C)c(=O)oc3c2)c1,5.52288,QDLFCBKKECTJSK-UHFFFAOYSA-N
4066,Cc1c(C)c2ccc(OCc3cccc(O)c3)cc2oc1=O,5.52288,QDLFCBKKECTJSK-UHFFFAOYSA-N
4067,Cc1ccccc1COc1ccc2c(C)c(C)c(=O)oc2c1,5.52288,QDLFCBKKECTJSK-UHFFFAOYSA-N
4068,Cc1cccc(COc2ccc3c(C)c(C)c(=O)oc3c2)c1,5.52288,QDLFCBKKECTJSK-UHFFFAOYSA-N
3923,CCN1/C(=C/C(C)=O)Sc2ccc(OC(=O)OCCOCCNC(=O)c3cc4c(OC(=O)N(C)C)cccc4[n+](C)c3)cc21.COS(=O)(=O)[O-],7.08938,JRTSDOAXCDGRPI-UHFFFAOYSA-O
3003,COc1cc2oc(C(=O)NCCCC3CCN(Cc4ccccc4)CC3)cc(=O)c2cc1OC,6.95861,VUDMGFTYAXLBJP-UHFFFAOYSA-N
3004,O=C(NCCCC1CCN(Cc2ccccc2)CC1)c1cc(=O)c2cc(O)ccc2o1,7.63827,VUDMGFTYAXLBJP-UHFFFAOYSA-N
3005,COc1ccc2oc(C(=O)NCCCC3CCN(Cc4ccccc4)CC3)cc(=O)c2c1,6.4318,VUDMGFTYAXLBJP-UHFFFAOYSA-N
246,CN(CCCOc1ccc2c(=O)c3ccccc3oc2c1)Cc1cccc(OC(=O)NCCCCCCN2CCOCC2)c1,7.67572,ACBZXVJRMPPPRP-UHFFFAOYSA-N
156,Nc1c2c(nc3c1CCCO3)CCC2,5.95078,HJCIVWBIGFKNCN-UHFFFAOYSA-N
2711,C[n+]1c(/C=C/c2ccc(N3CCOCC3)cc2)ccc2ccccc21,5.61979,AKAGGWSNVWAIRP-WEVVVXLNSA-O
2712,COc1cc(/C=C/c2ccc3ccccc3[n+]2C)ccc1N1CCOCC1,5.72125,AKAGGWSNVWAIRP-WEVVVXLNSA-O
1229,CN(CCOCCNC(=S)NC(=O)c1ccccc1)Cc1ccccc1,6.92082,ITDGDWRZOJLDPH-UHFFFAOYSA-N
1230,Cc1ccc(C(=O)NC(=S)NCCOCCN(C)Cc2ccccc2)cc1,7.11351,ITDGDWRZOJLDPH-UHFFFAOYSA-N
1231,COc1ccc(C(=O)NC(=S)NCCOCCN(C)Cc2ccccc2)cc1,7.58503,ITDGDWRZOJLDPH-UHFFFAOYSA-N
1232,CN(CCOCCNC(=S)NC(=O)c1ccc(Cl)cc1)Cc1ccccc1,7.52288,ITDGDWRZOJLDPH-UHFFFAOYSA-N
1233,CN(CCOCCNC(=S)NC(=O)c1cccc([N+](=O)[O-])c1)Cc1ccccc1,7.82391,ITDGDWRZOJLDPH-UHFFFAOYSA-N
1234,CN(CCOCCNC(=S)NC(=O)c1ccc(Cl)c(Cl)c1)Cc1ccccc1,7.25964,ITDGDWRZOJLDPH-UHFFFAOYSA-N
3606,COc1cccc2c1C=[N+](c1ccccc1)CC2,5.79048,PQBJBBLQXFSAOH-UHFFFAOYSA-N
3607,COc1cccc2c1C=[N+](c1ccccc1F)CC2,5.53165,PQBJBBLQXFSAOH-UHFFFAOYSA-N
3608,COc1cccc2c1C=[N+](c1ccc(F)cc1)CC2,5.70115,PQBJBBLQXFSAOH-UHFFFAOYSA-N
3609,COc1cccc2c1C=[N+](c1ccc(Cl)cc1)CC2,6.49485,PQBJBBLQXFSAOH-UHFFFAOYSA-N
3610,COc1cccc2c1C=[N+](c1ccccc1Br)CC2,5.82391,PQBJBBLQXFSAOH-UHFFFAOYSA-N
3611,COc1cccc2c1C=[N+](c1ccc(Br)cc1)CC2,6.55284,PQBJBBLQXFSAOH-UHFFFAOYSA-N
3612,COc1cccc2c1C=[N+](c1ccccc1I)CC2,5.74715,PQBJBBLQXFSAOH-UHFFFAOYSA-N
3613,COc1cccc2c1C=[N+](c1ccc(I)cc1)CC2,5.99568,PQBJBBLQXFSAOH-UHFFFAOYSA-N
3614,COc1cccc2c1C=[N+](c1ccc(C(F)(F)F)cc1)CC2,5.7122,PQBJBBLQXFSAOH-UHFFFAOYSA-N
3615,COc1cccc2c1C=[N+](c1cccc(C#N)c1)CC2,5.28988,PQBJBBLQXFSAOH-UHFFFAOYSA-N
3616,COc1cccc2c1C=[N+](c1ccccc1C)CC2,5.51286,PQBJBBLQXFSAOH-UHFFFAOYSA-N
3617,COc1cccc2c1C=[N+](c1cccc(C)c1)CC2,5.5391,PQBJBBLQXFSAOH-UHFFFAOYSA-N
3618,COc1cccc2c1C=[N+](c1ccc(C)cc1)CC2,6.27572,PQBJBBLQXFSAOH-UHFFFAOYSA-N
3619,COc1cccc([N+]2=Cc3c(cccc3OC)CC2)c1,5.2815,PQBJBBLQXFSAOH-UHFFFAOYSA-N
3620,COc1ccc([N+]2=Cc3c(cccc3OC)CC2)cc1,5.98297,PQBJBBLQXFSAOH-UHFFFAOYSA-N
3621,COc1cccc2c1C=[N+](c1c(F)cccc1F)CC2,5.88941,PQBJBBLQXFSAOH-UHFFFAOYSA-N
3622,COc1cccc2c1C=[N+](c1ccc(Cl)cc1Cl)CC2,5.98297,PQBJBBLQXFSAOH-UHFFFAOYSA-N
3623,COc1cccc2c1C=[N+](c1ccc(Br)cc1Br)CC2,5.42946,PQBJBBLQXFSAOH-UHFFFAOYSA-N
3624,COc1cccc2c1C=[N+](c1ccc(Br)cc1F)CC2,5.88941,PQBJBBLQXFSAOH-UHFFFAOYSA-N
3625,COc1cccc2c1C=[N+](c1ccc(I)cc1F)CC2,5.97469,PQBJBBLQXFSAOH-UHFFFAOYSA-N
739,COc1cc(CCC(=O)NCCCCCC(=O)NNc2c3c(nc4ccccc24)CCCC3)cc(OC)c1OC,8.07624,GMMAWAYCLWHMGA-UHFFFAOYSA-N
1347,CN1c2ccc(OC(=O)Nc3ccccc3)cc2[C@]2(C)CC[N+](C)(C)C12,7.59517,ULLJVPKUDFDJKB-UHFFFAOYSA-O
1348,Cc1ccccc1NC(=O)Oc1ccc2c(c1)[C@]1(C)CC[N+](C)(C)C1N2C,7.83565,ULLJVPKUDFDJKB-UHFFFAOYSA-O
1349,CC(C)c1ccc(NC(=O)Oc2ccc3c(c2)[C@]2(C)CC[N+](C)(C)C2N3C)cc1,6.83863,ULLJVPKUDFDJKB-UHFFFAOYSA-O
4243,O=C(CCN1CCCCC1)Nc1ccc2nc(-c3cc4ccccc4[nH]3)[nH]c(=O)c2c1,7.6784,JOCZIAQMXYHQML-UHFFFAOYSA-N
1110,O=C(CCC1CCN(Cc2ccccc2)CC1)c1ccc2c(c1)NCCC2,6.78516,KWRRGOAPOBYBJX-UHFFFAOYSA-N
1112,CN1CCCc2ccc(C(=O)CCC3CCN(Cc4ccccc4)CC3)cc21,7.4437,KWRRGOAPOBYBJX-UHFFFAOYSA-N
1763,N#Cc1c(NCCC2CCN(Cc3ccccc3)CC2)nc(NCCC2CCN(Cc3ccccc3)CC2)c(C#N)c1-c1ccccc1,5.01011,HPUGCMFOSXYTPF-UHFFFAOYSA-N
1554,O=C(CCCC[C@H]1CCSS1)NCCCNc1c2c(nc3cc(Cl)ccc13)CCCC2,9.32698,FUZSKXNTSYMEMF-SFHVURJKSA-N
3145,Cc1ccc2oc(-c3ccc(OCCCCCCN4CCCCC4)cc3)cc(=O)c2c1,6.4437,IFOPJGURFAUYCJ-UHFFFAOYSA-N
1883,N/C(=N\O)c1nc(CCCCCNc2c3c(nc4ccccc24)CCCC3)ccc1O,6.58503,XWILTRCLQISZDK-UHFFFAOYSA-N
1885,O/N=C/c1nc(CCCCCNc2c3c(nc4ccccc24)CCCC3)ccc1O,6.58503,XWILTRCLQISZDK-UHFFFAOYSA-N
1888,c1ccc(CCCCCNc2c3c(nc4ccccc24)CCCC3)nc1,6.82391,XWILTRCLQISZDK-UHFFFAOYSA-N
2001,COc1cc(C(C)N(C)C)cc2oc(=O)c3ccccc3c12,5.55284,TVKNXKLYVUVOCV-UHFFFAOYSA-N
2002,C[C@@H](c1ccc2c(c1)oc(=O)c1ccccc12)N(C)C,5.10237,TVKNXKLYVUVOCV-UHFFFAOYSA-N
3091,S=C(NNc1c2c(nc3ccccc13)CCCC2)Nc1ccccc1,6.21467,ACCSWVGAMRADDI-UHFFFAOYSA-N
3092,S=C(NNc1c2c(nc3ccccc13)CCCC2)Nc1ccc(Cl)cc1,6.10458,ACCSWVGAMRADDI-UHFFFAOYSA-N
3093,S=C(NNc1c2c(nc3ccccc13)CCCC2)Nc1ccc(Br)cc1,6.24336,ACCSWVGAMRADDI-UHFFFAOYSA-N
3094,COc1ccc(NC(=S)NNc2c3c(nc4ccccc24)CCCC3)cc1,6.53313,ACCSWVGAMRADDI-UHFFFAOYSA-N
3097,NS(=O)(=O)c1ccc(NC(=S)NNc2c3c(nc4ccccc24)CCCC3)cc1,6.01728,ACCSWVGAMRADDI-UHFFFAOYSA-N
2281,CC(=O)NCCc1c[nH]c2ccc(OC(=O)NCCCCCCNc3c4c(nc5ccccc35)CCCC4)cc12,6.74865,CBPJDUUDTXTXML-UHFFFAOYSA-N
1737,O=C1/C(=C/c2ccc(Cl)cc2)CN(C(=O)[C@H]2C[C@H]3CCCN3[C@]23C(=O)Nc2cc(Cl)ccc23)C/C1=C\c1ccc(Cl)cc1,5.47366,DENHFQWNVWMYSV-YLPQFATFSA-N
1738,Cc1ccc(/C=C2\CN(C(=O)[C@H]3C[C@H]4CCCN4[C@]34C(=O)Nc3cc(Cl)ccc34)C/C(=C\c3ccc(C)cc3)C2=O)cc1,5.11919,DENHFQWNVWMYSV-YLPQFATFSA-N
1739,O=C1/C(=C/c2ccc(Cl)cc2Cl)CN(C(=O)[C@H]2C[C@H]3CCCN3[C@]23C(=O)Nc2cc(Cl)ccc23)C/C1=C\c1ccc(Cl)cc1Cl,5.47756,DENHFQWNVWMYSV-YLPQFATFSA-N
1740,O=C1/C(=C/c2cccc([N+](=O)[O-])c2)CN(C(=O)[C@H]2C[C@H]3CCCN3[C@]23C(=O)Nc2cc(Cl)ccc23)C/C1=C\c1cccc([N+](=O)[O-])c1,5.36856,DENHFQWNVWMYSV-YLPQFATFSA-N
1741,O=C1/C(=C/c2ccccc2Cl)CN(C(=O)[C@H]2C[C@H]3CCCN3[C@]23C(=O)Nc2cc(Cl)ccc23)C/C1=C\c1ccccc1Cl,5.29414,DENHFQWNVWMYSV-YLPQFATFSA-N
3451,CNC(=O)c1sc(-c2ccnc(NC(=O)C3CC3)c2)nc1OCCOCc1cn(CCNc2c3c(nc4cc(Cl)ccc24)CCCC3)nn1,7.91721,HQNDMWVFMSFTIV-UHFFFAOYSA-N
3452,CNC(=O)c1sc(-c2ccnc(NC(=O)C3CC3)c2)nc1OCCOCc1cn(CCNc2c3c(nc4ccccc24)CCCC3)nn1,7.34969,HQNDMWVFMSFTIV-UHFFFAOYSA-N
1942,O=c1c2cc(OCCCN3CCCCC3)ccc2nc2n1CCC2,5.962305000000001,FFIZZPFJAXHTDR-UHFFFAOYSA-N
3571,COc1cc(/C=C/C(=O)NCC(=O)Nc2ccc3[nH]ccc3c2)ccc1O,5.24109,GPVZXARJQBEXFP-RMKNXTFCSA-N
1512,O=C(NCCCNc1c2c(nc3ccccc13)CCCC2)c1ccc(F)cc1,9.09205,KRXZWCABPZLVBL-UHFFFAOYSA-N
2215,CN(C)c1ccc(C(=O)NCCCNc2c3c(nc4ccccc24)CCCC3)cc1,7.72125,KRXZWCABPZLVBL-UHFFFAOYSA-N
3794,CCN(CC)C(=O)c1ccc2c(c1)nc(Cc1ccc(OC(=O)N3CCC3)cc1)n2CCC(C)C,6.174065000000001,BDRKAJHQPXZFOY-UHFFFAOYSA-N
1870,COc1cc2c(cc1OC)C(NC(=O)CN1CCN(Cc3ccccc3F)CC1)c1cnn(-c3ccccc3)c1-2,5.61439,UZYCYTRGSZTTGC-UHFFFAOYSA-N
1872,COc1cc2c(cc1OC)C(NC(=O)CN1CCN(Cc3ccccc3)CC1)c1cnn(-c3ccccc3)c1-2,5.52433,UZYCYTRGSZTTGC-UHFFFAOYSA-N
973,O=C(NCCCCCCCCNc1c2c(nc3cc(Cl)ccc13)CCCC2)c1ccc2nc(-c3ccc(Cl)cc3)c3c(c2c1)OCCC3,8.15304,DDPFTYYIULVSQO-UHFFFAOYSA-N
2306,COc1cccc2cc(C(=O)NCCCCCCCNc3c4c(nc5ccccc35)CCC4)oc12,6.00305,ALUMRCODWIMCFJ-UHFFFAOYSA-N
2324,O=C(NCCCCCCCNc1c2c(nc3ccccc13)CCC2)c1cc2ccccc2o1,7.31336,ALUMRCODWIMCFJ-UHFFFAOYSA-N
4251,C[C@@H](c1cccc(OC(=O)NCCNc2c3c(nc4ccccc24)CCCC3)c1)N(C)C,6.59779,ACYWKEMFHFVNQN-UHFFFAOYSA-N
2076,CCCCN1CCC(CCC(=O)c2cc(Cl)c(N)cc2OC)CC1,6.39469,MFEJNKBUECDJDU-UHFFFAOYSA-N
4401,CCCCN1CCC(CCC(=O)c2ccc(N)cc2OC)CC1,6.1261,MFEJNKBUECDJDU-UHFFFAOYSA-N
4402,CCCCN1CCC(CCC(=O)c2cc(Br)ccc2OC)CC1,6.35164,MFEJNKBUECDJDU-UHFFFAOYSA-N
4403,CCCCN1CCC(CCC(=O)c2cc(I)c(N)cc2OC)CC1,6.18177,MFEJNKBUECDJDU-UHFFFAOYSA-N
465,CC1=C[C@@H]2Cc3nc4cc(F)ccc4c(N)c3[C@H](C1)C2,8.33913,BZFWBAOVKAGSFN-NWDGAFQWSA-N
1580,CC1=C[C@@H]2Cc3nc4cc(Cl)ccc4c(N)c3[C@H](C1)C2,9.36653,BZFWBAOVKAGSFN-NWDGAFQWSA-N
691,CC1=C[C@@H]2Cc3nc4cc(Cl)ccc4c(NCCCN(C)CCCCNc4c5c(nc6ccccc46)CCCC5)c3[C@H](C1)C2,9.49485,UXCGNBAZQWGKDQ-IZZNHLLZSA-N
695,CC1=C[C@@H]2Cc3nc4cc(Cl)ccc4c(NCCCN(C)CCCCNc4c5c(nc6cc(Cl)ccc46)CCCC5)c3[C@H](C1)C2,9.5376,UXCGNBAZQWGKDQ-IZZNHLLZSA-N
1327,O=C(NCCCCCCCNc1c2c(nc3cc(Cl)ccc13)CCCC2)c1n[nH]c2ccccc12,7.02228,FKYNMSJYDRYLMD-UHFFFAOYSA-N
2247,O=C(NCCc1c[nH]c2ccccc12)c1cc[n+](Cc2ccccc2)cc1,5.37675,POYGDFGWFNUJTP-UHFFFAOYSA-O
2248,O=C(NCCc1c[nH]c2ccccc12)c1cc[n+](Cc2ccccc2F)cc1,5.49485,POYGDFGWFNUJTP-UHFFFAOYSA-O
2249,O=C(NCCc1c[nH]c2ccccc12)c1cc[n+](Cc2cccc(F)c2)cc1,5.40894,POYGDFGWFNUJTP-UHFFFAOYSA-O
2250,O=C(NCCc1c[nH]c2ccccc12)c1cc[n+](Cc2ccc(F)cc2)cc1,5.46852,POYGDFGWFNUJTP-UHFFFAOYSA-O
2251,Cc1cccc(C[n+]2ccc(C(=O)NCCc3c[nH]c4ccccc34)cc2)c1,5.56864,POYGDFGWFNUJTP-UHFFFAOYSA-O
2252,Cc1ccc(C[n+]2ccc(C(=O)NCCc3c[nH]c4ccccc34)cc2)cc1,5.24413,POYGDFGWFNUJTP-UHFFFAOYSA-O
2253,COc1ccc2[nH]cc(CCNC(=O)c3cc[n+](Cc4ccccc4F)cc3)c2c1,5.48149,POYGDFGWFNUJTP-UHFFFAOYSA-O
2254,COc1ccc2[nH]cc(CCNC(=O)c3cc[n+](Cc4cccc(F)c4)cc3)c2c1,5.42022,POYGDFGWFNUJTP-UHFFFAOYSA-O
2255,COc1ccc2[nH]cc(CCNC(=O)c3cc[n+](Cc4ccc(F)cc4)cc3)c2c1,5.29243,POYGDFGWFNUJTP-UHFFFAOYSA-O
2256,COc1ccc2[nH]cc(CCNC(=O)c3cc[n+](Cc4ccc(OC(=O)N(C)C)cc4)cc3)c2c1,5.88606,POYGDFGWFNUJTP-UHFFFAOYSA-O
54,N#CC(C#N)=C1NCCN1CCNCc1ccc(CN2CCCCCC2)o1,6.92082,FBRWAGKHNFWMGN-UHFFFAOYSA-N
2280,CC(=O)NCCc1c[nH]c2ccc(OC(=O)NCCCCCCCCCCCCNc3c4c(nc5ccc(Cl)cc35)CCCC4)cc12,8.1549,BPUWTEOSJHWSHT-UHFFFAOYSA-N
2282,CC(=O)NCCc1c[nH]c2ccc(OC(=O)NCCCCCCCCCCCCNc3c4c(nc5ccccc35)CCCC4)cc12,8.42022,BPUWTEOSJHWSHT-UHFFFAOYSA-N
2297,CC(=O)NCCc1c[nH]c2ccc(OC(=O)NCCCCCCCCCCCCNc3c4c(nc5cc(Cl)ccc35)CCCC4)cc12,7.59176,BPUWTEOSJHWSHT-UHFFFAOYSA-N
3883,Cc1ccc2nc3c(c(N4CCN(C)CC4)c2c1)CCCC3,6.35655,SIVRCFKUZDWTJH-UHFFFAOYSA-N
3887,CN1CCN(c2c3c(nc4ccc([N+](=O)[O-])cc24)CCCC3)CC1,6.61083,SIVRCFKUZDWTJH-UHFFFAOYSA-N
1655,COc1ccc(-c2cc(N)c3c(C(F)(F)F)cc(-c4ccccc4)nc3n2)cc1,5.08407,MMDGFXNXTCVVQZ-UHFFFAOYSA-N
1656,Nc1cc(-c2ccccc2Br)nc2nc(-c3ccccc3)cc(C(F)(F)F)c12,6.05061,MMDGFXNXTCVVQZ-UHFFFAOYSA-N
1657,Nc1cc(-c2ccc(Cl)cc2)nc2nc(-c3ccccc3)cc(C(F)(F)F)c12,6.284,MMDGFXNXTCVVQZ-UHFFFAOYSA-N
1658,Nc1cc(-c2ccc(F)cc2)nc2nc(-c3ccccc3)cc(C(F)(F)F)c12,5.18177,MMDGFXNXTCVVQZ-UHFFFAOYSA-N
1659,Nc1cc(-c2cccc(F)c2)nc2nc(-c3ccccc3)cc(C(F)(F)F)c12,5.15304,MMDGFXNXTCVVQZ-UHFFFAOYSA-N
1660,Nc1cc(-c2ccccc2)nc2nc(-c3ccccc3)cc(C(F)(F)F)c12,5.14874,MMDGFXNXTCVVQZ-UHFFFAOYSA-N
4265,O=C(NCCCCCNc1c2c(nc3ccccc13)CCCC2)Oc1ccc2cc[nH]c2c1,6.37563,VONJCWNKPFFSJN-UHFFFAOYSA-N
4267,O=C(NCCCCCNc1c2c(nc3cc(F)ccc13)CCCC2)Oc1ccc2cc[nH]c2c1,6.56368,VONJCWNKPFFSJN-UHFFFAOYSA-N
4269,O=C(NCCCCCNc1c2c(nc3cc(Cl)ccc13)CCCC2)Oc1ccc2cc[nH]c2c1,6.60602,VONJCWNKPFFSJN-UHFFFAOYSA-N
4271,O=C(NCCCCCNc1c2c(nc3cc(Br)ccc13)CCCC2)Oc1ccc2cc[nH]c2c1,6.49828,VONJCWNKPFFSJN-UHFFFAOYSA-N
4165,CCN(CC)C(=O)c1ccc2c(c1)nc(Cc1ccc(OC(=O)NCc3ccccc3)cc1)n2CCC(C)C,5.373395,HKGPUPDKEUBKQY-UHFFFAOYSA-N
4167,CCN(CC)C(=O)c1ccc2c(c1)nc(Cc1ccc(OC(=O)N(C)Cc3ccccc3)cc1)n2CCC(C)C,5.02264,HKGPUPDKEUBKQY-UHFFFAOYSA-N
1183,O=c1c2ccccc2ccn1CCC1CCN(Cc2ccccc2)CC1,5.95861,GCDBDMZTKCNPAH-UHFFFAOYSA-N
2967,COc1ccc(NC(=O)c2cc(=O)c3cc(/C=C/C(=O)O)ccc3o2)cc1,5.12901,VVWWYMNUAXKVCF-UHFFFAOYSA-N
2968,Cc1ccc(NC(=O)c2cc(=O)c3cc(/C=C/C(=O)O)ccc3o2)cc1,5.29243,VVWWYMNUAXKVCF-UHFFFAOYSA-N
2969,O=C(O)/C=C/c1ccc2oc(C(=O)Nc3ccccc3)cc(=O)c2c1,5.22257,VVWWYMNUAXKVCF-UHFFFAOYSA-N
2978,CCN(CC)CCOC(=O)/C=C/c1ccc2oc(C(=O)Nc3ccc(C)c(C)c3)cc(=O)c2c1,5.6073,VVWWYMNUAXKVCF-UHFFFAOYSA-N
2979,CCN(CC)CCOC(=O)/C=C/c1ccc2oc(C(=O)Nc3cccc(Cl)c3)cc(=O)c2c1,5.35164,VVWWYMNUAXKVCF-UHFFFAOYSA-N
2980,CCN(CC)CCOC(=O)/C=C/c1ccc2oc(C(=O)Nc3ccc(Cl)cc3)cc(=O)c2c1,6.0655,VVWWYMNUAXKVCF-UHFFFAOYSA-N
2981,CCN(CC)CCOC(=O)/C=C/c1ccc2oc(C(=O)Nc3ccc(OC)cc3)cc(=O)c2c1,5.9431,VVWWYMNUAXKVCF-UHFFFAOYSA-N
2982,CCN(CC)CCOC(=O)/C=C/c1ccc2oc(C(=O)Nc3ccc(C)cc3)cc(=O)c2c1,5.00568,VVWWYMNUAXKVCF-UHFFFAOYSA-N
2983,CCN(CC)CCOC(=O)/C=C/c1ccc2oc(C(=O)Nc3ccccc3)cc(=O)c2c1,5.45967,VVWWYMNUAXKVCF-UHFFFAOYSA-N
2984,Cc1ccc(NC(=O)c2cc(=O)c3cc(/C=C/C(=O)OCCN(C)C)ccc3o2)cc1C,6.67778,VVWWYMNUAXKVCF-UHFFFAOYSA-N
2985,CN(C)CCOC(=O)/C=C/c1ccc2oc(C(=O)Nc3cccc(Cl)c3)cc(=O)c2c1,5.22768,VVWWYMNUAXKVCF-UHFFFAOYSA-N
2986,CN(C)CCOC(=O)/C=C/c1ccc2oc(C(=O)Nc3ccc(Cl)cc3)cc(=O)c2c1,5.91364,VVWWYMNUAXKVCF-UHFFFAOYSA-N
2987,COc1ccc(NC(=O)c2cc(=O)c3cc(/C=C/C(=O)OCCN(C)C)ccc3o2)cc1,6.04096,VVWWYMNUAXKVCF-UHFFFAOYSA-N
2988,Cc1ccc(NC(=O)c2cc(=O)c3cc(/C=C/C(=O)OCCN(C)C)ccc3o2)cc1,6.67778,VVWWYMNUAXKVCF-UHFFFAOYSA-N
2989,CN(C)CCOC(=O)/C=C/c1ccc2oc(C(=O)Nc3ccccc3)cc(=O)c2c1,6.13077,VVWWYMNUAXKVCF-UHFFFAOYSA-N
257,CC[N+](C)(CCCCCC(=O)N(C)CCCCCCCCN(C)C(=O)CCCCC[N+](C)(CC)Cc1ccccc1Cl)Cc1ccccc1Cl,7.70997,JHQNMXFHTFUQGJ-UHFFFAOYSA-P
258,CC[N+](C)(CCCCCC(=O)N(CCCCCCCCN(C(=O)CCCCC[N+](C)(CC)Cc1ccccc1OC)C(C)C)C(C)C)Cc1ccccc1OC,8.09002,JHQNMXFHTFUQGJ-UHFFFAOYSA-P
263,CC[N+](C)(CCCCCC(=O)N(C)CCCCCCCCN(C)C(=O)CCCCC[N+](C)(CC)Cc1ccccc1[N+](=O)[O-])Cc1ccccc1[N+](=O)[O-],7.90503,JHQNMXFHTFUQGJ-UHFFFAOYSA-P
267,CC[N+](C)(CCCCCC(=O)N(C)CCCCCCCCN(C)C(=O)CCCCC[N+](C)(CC)Cc1ccccc1C(F)(F)F)Cc1ccccc1C(F)(F)F,7.92996,JHQNMXFHTFUQGJ-UHFFFAOYSA-P
269,CC[N+](C)(CCCCCC(=O)N(C)CCCCCCCCN(C)C(=O)CCCCC[N+](C)(CC)Cc1ccccc1)Cc1ccccc1,7.43004,JHQNMXFHTFUQGJ-UHFFFAOYSA-P
270,CCCOc1ccccc1C[N+](C)(CC)CCCCCC(=O)N(C)CCCCCCCCN(C)C(=O)CCCCC[N+](C)(CC)Cc1ccccc1OCCC,7.75995,JHQNMXFHTFUQGJ-UHFFFAOYSA-P
271,CC[N+](C)(CCCCCC(=O)N(C)CCCCCCCCN(C)C(=O)CCCCC[N+](C)(CC)Cc1ccccc1C)Cc1ccccc1C,7.77989,JHQNMXFHTFUQGJ-UHFFFAOYSA-P
283,CC[N+](C)(CCCCCC(=O)N(C)CCCCCCCCN(C)C(=O)CCCCC[N+](C)(CC)Cc1ccccc1OC)Cc1ccccc1OC,7.940144999999999,JHQNMXFHTFUQGJ-UHFFFAOYSA-P
3290,O=C1CN(/N=C/c2ccc(-c3ccc([N+](=O)[O-])cc3)o2)C(=O)N1CCN1CCN(Cc2ccccc2)CC1,6.6968,BHGXULAGFJNHOT-TURZUDJPSA-N
1241,CN(CCOCCNC(=S)Nc1ccc(Cl)cc1)Cc1ccccc1,5.74473,NTKQSPHDRBUJAY-UHFFFAOYSA-N
1243,COc1ccc(NC(=S)NCCOCCN(C)Cc2cccc([N+](=O)[O-])c2)cc1OC,5.82391,NTKQSPHDRBUJAY-UHFFFAOYSA-N
1244,CN(CCOCCNC(=S)Nc1ccc(OC(F)(F)F)cc1)Cc1ccccc1,6.0,NTKQSPHDRBUJAY-UHFFFAOYSA-N
2608,COc1ccc(CNc2nc(NC(N)=O)nc3ccccc23)cc1OC,5.0655,FVWANTDQRFSCAL-UHFFFAOYSA-N
2609,NC(=O)Nc1nc(NCc2ccccc2)c2ccccc2n1,5.08092,FVWANTDQRFSCAL-UHFFFAOYSA-N
2612,COc1ccc(CNc2nc(NC(C)=O)nc3ccccc23)cc1OC,5.07058,FVWANTDQRFSCAL-UHFFFAOYSA-N
2613,CC(=O)Nc1nc(NCc2ccccc2)c2ccccc2n1,5.12494,FVWANTDQRFSCAL-UHFFFAOYSA-N
2614,CCCNc1nc(NCc2ccc(OC)c(OC)c2)c2ccccc2n1,5.25181,FVWANTDQRFSCAL-UHFFFAOYSA-N
2616,CCNc1nc(NCc2ccccc2)c2ccccc2n1,5.12494,FVWANTDQRFSCAL-UHFFFAOYSA-N
2617,CCCNc1nc(NCc2ccccc2)c2ccccc2n1,5.10791,FVWANTDQRFSCAL-UHFFFAOYSA-N
2618,CC(C)Nc1nc(NCc2ccccc2)c2ccccc2n1,5.19382,FVWANTDQRFSCAL-UHFFFAOYSA-N
2629,COc1ccc(CNc2nc(CC(N)=O)nc3ccccc23)cc1OC,5.13077,FVWANTDQRFSCAL-UHFFFAOYSA-N
2630,NC(=O)Cc1nc(NCc2ccccc2)c2ccccc2n1,5.14267,FVWANTDQRFSCAL-UHFFFAOYSA-N
2634,CNc1nc(NCc2ccc(OC)c(OC)c2)c2ccccc2n1,5.13668,FVWANTDQRFSCAL-UHFFFAOYSA-N
2635,CCNc1nc(NCc2ccc(OC)c(OC)c2)c2ccccc2n1,5.20066,FVWANTDQRFSCAL-UHFFFAOYSA-N
2636,COc1ccc(CNc2nc(NC(C)C)nc3ccccc23)cc1OC,5.16749,FVWANTDQRFSCAL-UHFFFAOYSA-N
2637,CNc1nc(NCc2ccccc2)c2ccccc2n1,5.09691,FVWANTDQRFSCAL-UHFFFAOYSA-N
484,COc1cc2cc(-c3ccc(CN(C)Cc4ccccc4)cc3)c(=O)oc2cc1OC,7.35164,HQOOCHIABVBRKY-UHFFFAOYSA-N
801,CN(Cc1ccccc1)Cc1ccc(-c2cc3cc(N)ccc3oc2=O)cc1,6.55129,HQOOCHIABVBRKY-UHFFFAOYSA-N
802,CN(Cc1ccccc1)Cc1ccc(-c2cc3cc([N+](=O)[O-])ccc3oc2=O)cc1,6.82974,HQOOCHIABVBRKY-UHFFFAOYSA-N
803,COc1cc2cc(-c3ccc(CN(CCO)Cc4ccccc4)cc3)c(=O)oc2cc1OC,7.30715,HQOOCHIABVBRKY-UHFFFAOYSA-N
804,CCN(Cc1ccccc1)Cc1ccc(-c2cc3cc(OC)c(OC)cc3oc2=O)cc1,7.73755,HQOOCHIABVBRKY-UHFFFAOYSA-N
805,COc1ccc(CN(C)Cc2ccc(-c3cc4cc(OC)c(OC)cc4oc3=O)cc2)cc1,5.64589,HQOOCHIABVBRKY-UHFFFAOYSA-N
806,COc1cccc(CN(C)Cc2ccc(-c3cc4cc(OC)c(OC)cc4oc3=O)cc2)c1,6.1463,HQOOCHIABVBRKY-UHFFFAOYSA-N
807,COc1ccccc1CN(C)Cc1ccc(-c2cc3cc(OC)c(OC)cc3oc2=O)cc1,7.20691,HQOOCHIABVBRKY-UHFFFAOYSA-N
808,COc1cc2cc(-c3ccc(CN(C)Cc4ccc(C)cc4)cc3)c(=O)oc2cc1OC,6.50864,HQOOCHIABVBRKY-UHFFFAOYSA-N
809,COc1cc2cc(-c3ccc(CN(C)Cc4cccc(C)c4)cc3)c(=O)oc2cc1OC,6.91364,HQOOCHIABVBRKY-UHFFFAOYSA-N
810,COc1cc2cc(-c3ccc(CN(C)Cc4ccccc4C)cc3)c(=O)oc2cc1OC,6.43652,HQOOCHIABVBRKY-UHFFFAOYSA-N
811,COc1cc2cc(-c3ccc(CN(C)Cc4cccc([N+](=O)[O-])c4)cc3)c(=O)oc2cc1OC,6.43415,HQOOCHIABVBRKY-UHFFFAOYSA-N
812,COc1cc2cc(-c3ccc(CN(C)Cc4ccccc4[N+](=O)[O-])cc3)c(=O)oc2cc1OC,6.00568,HQOOCHIABVBRKY-UHFFFAOYSA-N
813,COc1ccc2oc(=O)c(-c3ccc(CN(C)Cc4ccccc4)cc3)cc2c1,6.78781,HQOOCHIABVBRKY-UHFFFAOYSA-N
815,COc1ccc2cc(-c3ccc(CN(C)Cc4ccccc4)cc3)c(=O)oc2c1,6.04964,HQOOCHIABVBRKY-UHFFFAOYSA-N
1228,O=C(CCC1CCN(Cc2ccccc2)CC1)c1ccc2c(c1)OCO2,7.52288,BULPDQLGDINAMU-UHFFFAOYSA-N
2657,COc1cc2c(cc1OC)C(=O)C(CC1C=CN(Cc3ccccc3C)C=C1C(C)=O)C2,6.36856,XMYNTYLKGUHZIR-UHFFFAOYSA-N
2658,CC(=O)C1=CN(Cc2ccccc2C)C=CC1CC1Cc2cc(C)c(C)cc2C1=O,6.18509,XMYNTYLKGUHZIR-UHFFFAOYSA-N
2566,CC1=C(C(=O)OC(C)C)C(c2cncnc2)c2c(nc3c(c2N)CC(C)(C)CC3)N1,6.07469,CWLLUJZBBZQEIN-UHFFFAOYSA-N
4156,O=C(NCCCNc1c2c(nc3cc(Cl)ccc13)CCCC2)c1nc2ccc([N+](=O)[O-])cc2s1,7.74473,HRYFGNDZFJDCOM-UHFFFAOYSA-N
4180,CC[N+](CC)(CCCCCn1c(=O)cc(C)n(CCCCCCn2c(C)cc(=O)n(C)c2=O)c1=O)Cc1ccccc1[N+](=O)[O-],10.0,USJIDDWMHJWKRB-UHFFFAOYSA-O
4184,CC[N+](CC)(CCCCCn1c(=O)cc(C)n(CCCCCCn2c(C)cc(=O)n(C)c2=O)c1=O)Cc1ccccc1C(F)(F)F,9.69897,USJIDDWMHJWKRB-UHFFFAOYSA-O
3363,NC(=O)c1sc(-c2ccnc(NC(=O)C3CC3)c2)nc1OCCCC1CCN(Cc2ccc(F)cc2)CC1,6.50864,JNJOUIZDUSOAGG-UHFFFAOYSA-N
3364,NC(=O)c1sc(-c2ccnc(NC(=O)C3CC3)c2)nc1OCCCC1CCN(Cc2cccc(F)c2)CC1,5.52288,JNJOUIZDUSOAGG-UHFFFAOYSA-N
3365,NC(=O)c1sc(-c2ccnc(NC(=O)C3CC3)c2)nc1OCCCC1CCN(Cc2ccccc2F)CC1,5.87943,JNJOUIZDUSOAGG-UHFFFAOYSA-N
3366,NC(=O)c1sc(-c2ccnc(NC(=O)C3CC3)c2)nc1OCCCC1CCN(Cc2ccccc2)CC1,6.42022,JNJOUIZDUSOAGG-UHFFFAOYSA-N
2233,O=C(c1cnn(C2CCCC2)c1)C(F)(F)F,8.24898,JZSAQAFZTUPWAR-UHFFFAOYSA-N
2244,O=C(c1cnn(C2CCCC2)c1)C(F)F,6.6472750000000005,JZSAQAFZTUPWAR-UHFFFAOYSA-N
2245,O=C(CF)c1cnn(C2CCCC2)c1,5.742395,JZSAQAFZTUPWAR-UHFFFAOYSA-N
2018,O=C(NCCCCCCNc1c2c(nc3ccccc13)CCCC2)c1cc2c([nH]c3ccccc32)c(-c2ccccc2)n1,6.7986,XKKFXCKMPXLPKK-UHFFFAOYSA-N
2019,O=C(NCCCCCCNc1c2c(nc3ccccc13)CCCC2)c1cc2c([nH]c3ccccc32)c(-c2ccc(F)cc2)n1,6.51428,XKKFXCKMPXLPKK-UHFFFAOYSA-N
2020,COc1ccc(-c2nc(C(=O)NCCCCCCNc3c4c(nc5ccccc35)CCCC4)cc3c2[nH]c2ccccc23)cc1,6.82681,XKKFXCKMPXLPKK-UHFFFAOYSA-N
723,CCNC(=O)Oc1ccc2c(c1)[C@@]1(C)CCO[C@H]1O2,6.31336,GXXKXVYPWUFQSX-HTLJXXAVSA-N
3771,COc1ccc(/C=C/C(=O)Nc2cc[n+](Cc3cccc(F)c3)cc2)cc1OC,7.7167,XSUIFVDCVKFUQX-VAWYXSNFSA-O
3772,COc1ccc(/C=C/C(=O)Nc2cc[n+](Cc3ccc(F)cc3)cc2)cc1OC,8.0655,XSUIFVDCVKFUQX-VAWYXSNFSA-O
3831,O=C(COc1ccc(Cl)cc1[N+](=O)[O-])NCCN1CCN(Cc2ccccc2)CC1,9.09691,CGIBXWFVPBDEKZ-UHFFFAOYSA-N
3832,O=C(COc1cc(F)ccc1[N+](=O)[O-])NCCN1CCN(Cc2ccccc2)CC1,8.55284,CGIBXWFVPBDEKZ-UHFFFAOYSA-N
3833,O=C(COc1ccc([N+](=O)[O-])cc1)NCCN1CCN(Cc2ccccc2)CC1,7.37675,CGIBXWFVPBDEKZ-UHFFFAOYSA-N
3834,O=C(COc1ccccc1C(F)(F)F)NCCN1CCN(Cc2ccccc2)CC1,6.86646,CGIBXWFVPBDEKZ-UHFFFAOYSA-N
3835,Cc1cc(Br)cc(C)c1OCC(=O)NCCN1CCN(Cc2ccccc2)CC1,7.04576,CGIBXWFVPBDEKZ-UHFFFAOYSA-N
3838,COc1ccc(OCC(=O)NCCN2CCN(Cc3ccccc3)CC2)cc1,6.52288,CGIBXWFVPBDEKZ-UHFFFAOYSA-N
3839,O=C(COc1ccc(Cl)cc1)NCCN1CCN(Cc2ccccc2)CC1,6.72354,CGIBXWFVPBDEKZ-UHFFFAOYSA-N
2921,CC(=O)OC(C)(C)/C=C/C(=O)[C@](C)(O)[C@H]1[C@H](O)C[C@@]2(C)[C@@H]3CC=C(C(C)(C)C(=O)O)/C(=C\C(=O)O)[C@]3(C)C(=O)C[C@]12C,5.50864,DASPBOAPKPGSJF-VPTICVGPSA-N
149,Nc1c2c(nc3cnccc13)CCCC2,5.58503,IVIGCJIZBAGQMB-UHFFFAOYSA-N
1999,COc1cccc(CN(C)CCOc2ccc3c4c(c(=O)oc3c2)CCCC4)c1,5.22185,FOGMSWLUAUAHDJ-UHFFFAOYSA-N
2000,CN(CCOc1ccc2c3c(c(=O)oc2c1)CCCC3)Cc1ccccc1,5.55284,FOGMSWLUAUAHDJ-UHFFFAOYSA-N
22,COc1cc(N)c(Cl)cc1C(=O)NCCNCc1ccc(CN(C)C)o1,5.50864,HYIITDFRNMTEAM-UHFFFAOYSA-N
3181,O=C(c1ccccc1Cl)n1nc(OCCN2CCCC2)c2ccccc21,5.01323,HUTGZRVZRJFBSK-UHFFFAOYSA-N
3351,O=C(NO)c1ccc(Nc2c3ccccc3nc3ccccc23)cc1,6.14267,LNVQBBHYPGFSMX-UHFFFAOYSA-N
3352,O=C(NO)c1ccc(Nc2c3ccccc3nc3ccc(F)cc23)cc1,6.22185,LNVQBBHYPGFSMX-UHFFFAOYSA-N
3353,O=C(NO)c1ccc(Nc2c3ccccc3nc3ccc(Br)cc23)cc1,6.05552,LNVQBBHYPGFSMX-UHFFFAOYSA-N
3354,O=C(NO)c1ccc(Nc2c3ccccc3nc3ccc(OC(F)(F)F)cc23)cc1,5.43771,LNVQBBHYPGFSMX-UHFFFAOYSA-N
3356,COc1cc2nc3ccccc3c(Nc3ccc(C(=O)NO)cc3)c2c(OC)c1OC,6.19382,LNVQBBHYPGFSMX-UHFFFAOYSA-N
1142,CCCCCCCNC(=O)Oc1ccc2c(c1)[C@]1(C)CCN(Cc3ccccc3)[C@@H]1C2,6.29585,DPIGXLBJCYWBNT-QRWMCTBCSA-N
3063,COc1c(C(=O)CCC2CCN(CC3CCCCC3)CC2)cc(Cl)c2[nH]ccc12,7.03905,JBJVWRHVBXWURS-UHFFFAOYSA-N
3066,O=C(CCC1CCN(CC2CCCCC2)CC1)c1cc(Cl)c2[nH]ccc2c1,7.54061,JBJVWRHVBXWURS-UHFFFAOYSA-N
3068,O=C(CCC1CCN(CC2CCCCC2)CC1)c1ccc2[nH]ccc2c1,7.29243,JBJVWRHVBXWURS-UHFFFAOYSA-N
3071,COc1c(C(=O)CCC2CCN(CC3CCCCC3)CC2)ccc2[nH]ccc12,7.39794,JBJVWRHVBXWURS-UHFFFAOYSA-N
3072,COc1c(C(=O)CCC2CCN(CC3CCCCC3)CC2)cc(Cl)c2c1ccn2C,7.07366,JBJVWRHVBXWURS-UHFFFAOYSA-N
3767,COC(=O)/C=C/c1ccc(OCCCCCN2CCN(CC(=O)Nc3c4c(nc5ccccc35)CCCC4)CC2)c(OC)c1,7.20971,JHINFXUXJFRIPN-UHFFFAOYSA-N
3306,COc1cc([C@H]2OC[C@H]3[C@@H]2CO[C@@H]3c2cc(OC)c3c(c2)OCO3)cc(OC)c1OC,6.33724,GWCBLTWBJYAFLK-ILRDRHFLSA-N
1411,C[C@@H]([C@H]1[C@H](O)C[C@@]2(C)[C@@H]3C[C@H](O)[C@H]4[C@]5(C)CO[C@]4(C=C[C@@H]5NC(=O)c4ccccc4)CC3=CC[C@]12C)N(C)C,5.07058,IKOLJXPQOBOIKI-WHQFWZOJSA-N
1520,c1ccc2c(c1)Cc1c-2nc2ccccc2c1NCCCCCCCNc1c2c(nc3ccccc13)CCCC2,7.85699,CYAYCBCGPZWTLM-UHFFFAOYSA-N
1521,Clc1ccc2c(NCCCCCCCNc3c4c(nc5ccccc35)-c3ccccc3C4)c3c(nc2c1)CCCC3,8.97881,CYAYCBCGPZWTLM-UHFFFAOYSA-N
1522,Clc1ccc2c(NCCCCCCCNc3c4c(nc5cc(Cl)ccc35)-c3ccccc3C4)c3c(nc2c1)CCCC3,7.91721,CYAYCBCGPZWTLM-UHFFFAOYSA-N
68,CN(CCn1cc[n+](C)c1/C=N/O)S(C)(=O)=O,5.16749,RAXXELZNTBOGNW-UHFFFAOYSA-O
332,C#CCCCC[n+]1ccn(C)c1/C=N/O,5.07058,RAXXELZNTBOGNW-UHFFFAOYSA-O
336,C#CCC(C)OC[n+]1ccn(C)c1/C=N/O,5.05948,RAXXELZNTBOGNW-UHFFFAOYSA-O
341,C#CC(CC)OC[n+]1ccn(C)c1/C=N/O,5.10735,RAXXELZNTBOGNW-UHFFFAOYSA-O
342,C#CCC(CCC)OC[n+]1ccn(C)c1/C=N/O,5.28316,RAXXELZNTBOGNW-UHFFFAOYSA-O
344,C#CC(CCC)OC[n+]1ccn(C)c1/C=N/O,5.08249,RAXXELZNTBOGNW-UHFFFAOYSA-O
406,CCCCCCCCOC[n+]1ccn(C)c1/C=N/O,5.02228,RAXXELZNTBOGNW-UHFFFAOYSA-O
423,Cn1cc[n+](COCC(C)(C)C)c1/C=N/O,5.07572,RAXXELZNTBOGNW-UHFFFAOYSA-O
4314,Nc1c2c(nc3ccc(Oc4ccccc4)cc13)CCCCC2,5.27084,HDSPUJRIJBZPAJ-UHFFFAOYSA-N
4315,Cc1ccccc1Oc1ccc2nc3c(c(N)c2c1)CCCCC3,5.23657,HDSPUJRIJBZPAJ-UHFFFAOYSA-N
4316,COc1ccccc1Oc1ccc2nc3c(c(N)c2c1)CCCCC3,5.01682,HDSPUJRIJBZPAJ-UHFFFAOYSA-N
4317,COc1cccc(Oc2ccc3nc4c(c(N)c3c2)CCCCC4)c1,5.37161,HDSPUJRIJBZPAJ-UHFFFAOYSA-N
4318,Cc1ccc(Oc2ccc3nc4c(c(N)c3c2)CCCCC4)cc1,5.42136,HDSPUJRIJBZPAJ-UHFFFAOYSA-N
4319,COc1ccc(Oc2ccc3nc4c(c(N)c3c2)CCCCC4)cc1,5.44009,HDSPUJRIJBZPAJ-UHFFFAOYSA-N
4320,Nc1c2c(nc3ccc(Oc4ccc(Cl)cc4)cc13)CCCCC2,5.37469,HDSPUJRIJBZPAJ-UHFFFAOYSA-N
4321,Cc1cc(C)cc(Oc2ccc3nc4c(c(N)c3c2)CCCCC4)c1,6.00436,HDSPUJRIJBZPAJ-UHFFFAOYSA-N
1203,CNC(=O)Oc1cccc(CN(C)CCCOc2ccc3c(=O)c4cccnc4oc3c2)c1,8.95861,WAZZPPCZQVKIJV-UHFFFAOYSA-N
1204,CCCCNC(=O)Oc1cccc(CN(C)CCCOc2ccc3c(=O)c4cccnc4oc3c2)c1,8.05061,WAZZPPCZQVKIJV-UHFFFAOYSA-N
1205,CCCCCCNC(=O)Oc1cccc(CN(C)CCCOc2ccc3c(=O)c4cccnc4oc3c2)c1,7.37675,WAZZPPCZQVKIJV-UHFFFAOYSA-N
1664,CCCCCCCNC(=O)Oc1cccc(CN(C)CCCOc2ccc3c(=O)c4cccnc4oc3c2)c1,7.631405,WAZZPPCZQVKIJV-UHFFFAOYSA-N
800,COc1cc2occ(-c3ccc(CN(C)Cc4ccccc4)cc3)c(=O)c2cc1OC,5.91009,GWDUBPBCOJUTTH-UHFFFAOYSA-N
201,CN1CCC(CCN2C(=O)c3ccccc3C2=O)CC1,9.04576,UXIHSXPUZBROTR-UHFFFAOYSA-N
1172,CN1CCC(CCN2C(=O)c3ccc([N+](=O)[O-])cc3C2=O)CC1,5.16749,UXIHSXPUZBROTR-UHFFFAOYSA-N
4559,CC(C)(C)c1ccc(/C=N/CCNc2c3c(nc4ccccc24)CCCCC3)c(C(C)(C)C)c1O,5.39469,CYWUMGVSXWDCBM-JJIBRWJFSA-N
3775,CCN(CC)Cc1ccc(/C=C2\Cc3cc(OC)c(OC)cc3C2=O)cc1,7.20066,ITHXOKQJEXLMKO-GXDHUFHOSA-N
3777,CCN(CC)Cc1ccc(/C=C2\Cc3ccccc3C2=O)cc1,6.21325,ITHXOKQJEXLMKO-GXDHUFHOSA-N
3779,CCN(CC)Cc1ccc(/C=C2\Cc3cc(OC)ccc3C2=O)cc1,6.94692,ITHXOKQJEXLMKO-GXDHUFHOSA-N
3782,CCN(CC)Cc1ccc(/C=C2\Cc3ccc(OC)cc3C2=O)cc1,6.01592,ITHXOKQJEXLMKO-GXDHUFHOSA-N
1227,c1ccc(-c2ccc(NCCCCCN3Cc4ccccc4CN3)nn2)cc1,5.0,FTJHDEREJQMLMM-UHFFFAOYSA-N
4550,Nc1c2c(nc3ccc(-c4cccs4)cc13)CCCC2,6.02319,YHYRFYGZJRXSJH-UHFFFAOYSA-N
4551,Nc1c2c(nc3ccc(-c4ccc(Cl)s4)cc13)CCCC2,6.4318,YHYRFYGZJRXSJH-UHFFFAOYSA-N
4552,Cc1csc(-c2ccc3nc4c(c(N)c3c2)CCCC4)c1,6.47625,YHYRFYGZJRXSJH-UHFFFAOYSA-N
2487,C#CCN(CCC1CCN(Cc2ccccc2)CC1)Cc1ccc2cccc(O)c2n1,5.38722,KOIDLCJRXGLPMP-UHFFFAOYSA-N
2489,C#CCN(Cc1ccc2cccc(O)c2n1)C(C#N)CC1CCN(Cc2ccccc2)CC1,5.48149,KOIDLCJRXGLPMP-UHFFFAOYSA-N
2747,Cc1ccc2c(c1)C(=O)C(=O)N2Cc1ccccc1[N+](=O)[O-],6.70006,SIISFRLGYDVIRG-UHFFFAOYSA-N
2748,Cc1ccc2c(c1)C(=O)C(=O)N2Cc1ccc(Br)cc1,6.69001,SIISFRLGYDVIRG-UHFFFAOYSA-N
2749,O=C1C(=O)N(Cc2ccc(Br)cc2)c2ccc(Br)cc21,7.04998,SIISFRLGYDVIRG-UHFFFAOYSA-N
2750,O=C1C(=O)N(Cc2ccccc2[N+](=O)[O-])c2ccc(Br)cc21,6.58004,SIISFRLGYDVIRG-UHFFFAOYSA-N
1649,CC1CCc2nc3nc(-c4ccccc4)cc(C(F)(F)F)c3c(N)c2C1,6.29243,DHNIRRNPHIBRFM-UHFFFAOYSA-N
1650,CC1CCc2c(nc3nc(-c4ccccc4)cc(C(F)(F)F)c3c2N)C1,5.48812,DHNIRRNPHIBRFM-UHFFFAOYSA-N
1653,Nc1c2c(nc3nc(-c4ccccc4)cc(C(F)(F)F)c13)CCCC2,6.45593,DHNIRRNPHIBRFM-UHFFFAOYSA-N
1935,CC1=C[C@H]2Cc3nc4cc(Cl)ccc4c(NCCCCCCCCCCNc4c5c(nc6cc(Cl)ccc46)C[C@@H]4C=C(C)C[C@H]5C4)c3[C@@H](C1)C2,7.75696,DUDLJENWIGRBBX-ZRTHHSRSSA-N
1054,c1cc[n+](CCCCCCCCCCC[n+]2ccccc2)cc1,6.1549,RMHVLBGFZUPBFB-UHFFFAOYSA-N
1401,CC(C)(C)c1cc[n+](CCCCCCCCCCC[n+]2ccc(C(C)(C)C)cc2)cc1,7.58503,RMHVLBGFZUPBFB-UHFFFAOYSA-N
3963,COc1cc2c(cc1OC)C(=O)[C@]1(C2)[C@H](c2ccccc2OC)[C@H](Cc2c[nH]c3ccccc23)NC12C(=O)Nc1ccccc12,5.55909,XSRAKZVLHDSYCR-YWCZSCKXSA-N
3964,COc1cccc([C@@H]2[C@H](Cc3c[nH]c4ccccc34)NC3(C(=O)Nc4ccccc43)[C@@]23Cc2cc(OC)c(OC)cc2C3=O)c1,5.63639,XSRAKZVLHDSYCR-YWCZSCKXSA-N
3965,COc1cc2c(cc1OC)C(=O)[C@]1(C2)[C@H](c2cccc([N+](=O)[O-])c2)[C@H](Cc2c[nH]c3ccccc23)NC12C(=O)Nc1ccccc12,5.72354,XSRAKZVLHDSYCR-YWCZSCKXSA-N
1322,O=C(NCCCCCCNc1c2c(nc3cc(Cl)ccc13)CCCC2)c1c[nH]c2ccccc12,7.48149,CGIMGXTZKQHJJU-UHFFFAOYSA-N
25,CC1CCCCN1Cc1ccc(CNCCN2CCNC2=C(C#N)C#N)o1,6.26761,AJXQMEAUVWYGSU-UHFFFAOYSA-N
26,N#CC(C#N)=C1NCCN1CCNCc1ccc(CN2CCCCC2)o1,7.52288,AJXQMEAUVWYGSU-UHFFFAOYSA-N
28,N#CC(C#N)=C1NCCN1CCNCc1ccc(CN2CCC(O)CC2)o1,6.40894,AJXQMEAUVWYGSU-UHFFFAOYSA-N
36,CC1CCN(Cc2ccc(CNCCN3CCNC3=C(C#N)C#N)o2)CC1,6.5376,AJXQMEAUVWYGSU-UHFFFAOYSA-N
46,CC1CCCN(Cc2ccc(CNCCN3CCNC3=C(C#N)C#N)o2)C1,6.4318,AJXQMEAUVWYGSU-UHFFFAOYSA-N
47,CC1CCCC(C)N1Cc1ccc(CNCCN2CCNC2=C(C#N)C#N)o1,5.34679,AJXQMEAUVWYGSU-UHFFFAOYSA-N
51,COC1CCCN(Cc2ccc(CNCCN3CCNC3=C(C#N)C#N)o2)C1,5.48149,AJXQMEAUVWYGSU-UHFFFAOYSA-N
52,N#CC(C#N)=C1NCCN1CCNCc1ccc(CN2CCCC(O)C2)o1,6.4318,AJXQMEAUVWYGSU-UHFFFAOYSA-N
627,COc1cc2cc(C(=O)C3CCC[N+](C)(Cc4ccccc4)CC3)sc2cc1OC,8.09691,PKCKBHWYRVNGHE-UHFFFAOYSA-O
628,COc1cc2cc(C(=O)C3CC[N+](C)(Cc4ccccc4)CCC3O)sc2cc1OC,7.36653,PKCKBHWYRVNGHE-UHFFFAOYSA-O
631,COc1cc2cc(C(=O)C3CC[N+](C)(Cc4ccccc4)CCC3OC)sc2cc1OC,6.92082,PKCKBHWYRVNGHE-UHFFFAOYSA-O
2302,CO[P@]1(=O)OC[C@@H]2COC(=O)C2=C(C)O1,7.45593,HNDCEIZRFNIZKS-BYPYZUCNSA-N
3955,COc1ccc2cc([C@H](C)C(=O)N/N=C3\c4cc(OC)c(OC)cc4CC3CC3CCN(Cc4ccccc4)CC3)ccc2c1,6.82391,GQRRQUSXVVAHGB-ZSWXBHCYSA-N
794,CN(CCCCOc1ccc2c(=O)c3ccccc3oc2c1)Cc1ccccc1,5.20412,HJVWJYJVIPHSPH-UHFFFAOYSA-N
1195,CNC(=O)Oc1cccc(CN(C)CCCCOc2ccc3c(=O)c4ccccc4oc3c2)c1,7.4318,HJVWJYJVIPHSPH-UHFFFAOYSA-N
1196,CCCCCCNC(=O)Oc1cccc(CN(C)CCCCOc2ccc3c(=O)c4ccccc4oc3c2)c1,7.0,HJVWJYJVIPHSPH-UHFFFAOYSA-N
1662,CCCCCCCNC(=O)Oc1cccc(CN(C)CCCCOc2ccc3c(=O)c4ccccc4oc3c2)c1,7.0,HJVWJYJVIPHSPH-UHFFFAOYSA-N
3888,Cc1ccc2nc3c(c(Nc4[nH]nc5ncccc45)c2c1)CCCC3,6.09098,GKDPNDFNLNWGMS-UHFFFAOYSA-N
3889,O=[N+]([O-])c1ccc2nc3c(c(Nc4[nH]nc5ncccc45)c2c1)CCCC3,6.52433,GKDPNDFNLNWGMS-UHFFFAOYSA-N
937,COc1ccc(C(=O)c2ccc(CN(C)Cc3ccccc3)cc2)cc1OC,6.33724,GKXJDPQNEUIPCD-UHFFFAOYSA-N
938,CCN(Cc1ccccc1)Cc1ccc(C(=O)c2ccc(OC)c(OC)c2)cc1,6.24413,GKXJDPQNEUIPCD-UHFFFAOYSA-N
939,COc1ccc(C(=O)c2ccc(CN(CCO)Cc3ccccc3)cc2)cc1OC,5.85078,GKXJDPQNEUIPCD-UHFFFAOYSA-N
940,COc1ccc(C(=O)c2ccc(CN(C)Cc3ccccc3)cc2)cc1F,5.8041,GKXJDPQNEUIPCD-UHFFFAOYSA-N
941,COc1ccc(C(=O)c2ccc(CN(C)Cc3cccc(C)c3)cc2)cc1OC,5.78252,GKXJDPQNEUIPCD-UHFFFAOYSA-N
942,COc1ccc(C(=O)c2ccc(CN(C)Cc3ccccc3)cc2)cc1,5.73993,GKXJDPQNEUIPCD-UHFFFAOYSA-N
945,COc1ccccc1CN(C)Cc1ccc(C(=O)c2ccc(OC)c(OC)c2)cc1,5.43063,GKXJDPQNEUIPCD-UHFFFAOYSA-N
946,COc1ccc(C(=O)c2ccc(CN(C)Cc3cccc([N+](=O)[O-])c3)cc2)cc1OC,5.36957,GKXJDPQNEUIPCD-UHFFFAOYSA-N
947,COc1ccc(C(=O)c2ccc(CN(CCN(C)C)Cc3ccccc3)cc2)cc1OC,5.06349,GKXJDPQNEUIPCD-UHFFFAOYSA-N
1470,CCN(CC)CC(=O)Nc1ccc(C(=O)c2ccc(CN(C)Cc3ccccc3)cc2)cc1,6.67778,GKXJDPQNEUIPCD-UHFFFAOYSA-N
1474,CCN(CC)CCCOc1ccc(C(=O)c2ccc(CN(C)Cc3ccccc3)cc2)cc1,7.60206,GKXJDPQNEUIPCD-UHFFFAOYSA-N
1478,CCN(CC)CCCCCOc1ccc(C(=O)c2ccc(CN(C)Cc3ccccc3)cc2)cc1,6.84164,GKXJDPQNEUIPCD-UHFFFAOYSA-N
1480,CCN(CC)CCCCCCOc1ccc(C(=O)c2ccc(CN(C)Cc3ccccc3)cc2)cc1,6.59007,GKXJDPQNEUIPCD-UHFFFAOYSA-N
1482,CCN(CC)CCCCCCCOc1ccc(C(=O)c2ccc(CN(C)Cc3ccccc3)cc2)cc1,6.09151,GKXJDPQNEUIPCD-UHFFFAOYSA-N
1878,CN(Cc1ccccc1)Cc1ccc(C(=O)c2ccc(O)c(F)c2)cc1,5.43652,GKXJDPQNEUIPCD-UHFFFAOYSA-N
3456,CNC(=O)c1sc(-c2ccnc(NC(=O)CNCCNc3c4c(nc5ccccc35)CCCC4)c2)nc1OCC1CC1,8.92082,YKYSVZHMNYROGP-UHFFFAOYSA-N
3457,CNC(=O)c1sc(-c2ccnc(NC(=O)CNCCNc3c4c(nc5cc(Cl)ccc35)CCCC4)c2)nc1OCC1CC1,7.39254,YKYSVZHMNYROGP-UHFFFAOYSA-N
3458,CNC(=O)c1sc(-c2ccnc(NC(=O)CNCCNc3c4c(nc5ccc(OC)cc35)CCCC4)c2)nc1OCC1CC1,7.51286,YKYSVZHMNYROGP-UHFFFAOYSA-N
3459,CCNC(=O)c1sc(-c2ccnc(NC(=O)CNCCNc3c4c(nc5ccccc35)CCCC4)c2)nc1OCC1CC1,7.34486,YKYSVZHMNYROGP-UHFFFAOYSA-N
3460,CCCNC(=O)c1sc(-c2ccnc(NC(=O)CNCCNc3c4c(nc5ccccc35)CCCC4)c2)nc1OCC1CC1,8.3098,YKYSVZHMNYROGP-UHFFFAOYSA-N
3461,NC(=O)c1sc(-c2ccnc(NC(=O)CNCCNc3c4c(nc5ccccc35)CCCC4)c2)nc1OCC1CC1,9.09691,YKYSVZHMNYROGP-UHFFFAOYSA-N
3416,O=C(CCN1CCC2c3ccccc3NC2C1)Nc1ccc(/C=C2\CCn3c2nc2ccccc2c3=O)cc1,8.011,ARMJZDJUAIIGAI-ZBJSNUHESA-N
4266,O=C(NCCCCCCNc1c2c(nc3ccccc13)CCCC2)Oc1ccc2cc[nH]c2c1,6.41824,RKXBOYRQFZRSIN-UHFFFAOYSA-N
4268,O=C(NCCCCCCNc1c2c(nc3cc(F)ccc13)CCCC2)Oc1ccc2cc[nH]c2c1,6.52697,RKXBOYRQFZRSIN-UHFFFAOYSA-N
4270,O=C(NCCCCCCNc1c2c(nc3cc(Cl)ccc13)CCCC2)Oc1ccc2cc[nH]c2c1,6.8161,RKXBOYRQFZRSIN-UHFFFAOYSA-N
4272,O=C(NCCCCCCNc1c2c(nc3cc(Br)ccc13)CCCC2)Oc1ccc2cc[nH]c2c1,6.9465,RKXBOYRQFZRSIN-UHFFFAOYSA-N
3736,N#Cc1ccc2[nH]cc(CCCCN3CCN(c4ccc(C(=O)CCC5CCN(Cc6ccccc6)CC5)cc4)CC3)c2c1,9.23657,AEUPTFPGPNPFKY-UHFFFAOYSA-N
1970,CN(C)CCOc1ccc(C(=O)/C=C/c2ccccc2)cc1,5.32975,DQFBYFPFKXHELB-VAWYXSNFSA-N
1971,CN(C)CCCCOc1ccc(C(=O)/C=C/c2ccccc2)cc1,5.04818,DQFBYFPFKXHELB-VAWYXSNFSA-N
1972,CCN(CC)CCOc1ccc(C(=O)/C=C/c2ccccc2)cc1,5.11748,DQFBYFPFKXHELB-VAWYXSNFSA-N
1973,CCCN(CCC)CCCCOc1ccc(C(=O)/C=C/c2ccccc2)cc1,5.22841,DQFBYFPFKXHELB-VAWYXSNFSA-N
2497,CN(C)C(=O)Oc1cccc(C(=O)/C=C/c2ccc(O)cc2)c1,6.06048,DQFBYFPFKXHELB-VAWYXSNFSA-N
2498,COc1ccc(/C=C/C(=O)c2cccc(OC(=O)N(C)C)c2)cc1,5.0942,DQFBYFPFKXHELB-VAWYXSNFSA-N
3563,CCN(CC)CCCCOc1ccc(/C=C/C(=O)c2c(O)cc(OCCCCN(CC)CC)cc2O)cc1,5.3279,DQFBYFPFKXHELB-VAWYXSNFSA-N
4044,COc1ccc(/C=C/C(=O)c2cc(I)c(Cl)cc2O)cc1,7.93107,DQFBYFPFKXHELB-VAWYXSNFSA-N
4045,O=C(/C=C/c1ccc(F)cc1)c1cc(I)c(Br)cc1O,7.9594,DQFBYFPFKXHELB-VAWYXSNFSA-N
4046,COc1cc(O)c(C(=O)/C=C/c2ccc(F)cc2)cc1I,8.0278,DQFBYFPFKXHELB-VAWYXSNFSA-N
4047,COc1ccc(/C=C/C(=O)c2cc(I)c(OC)cc2O)cc1,7.96019,DQFBYFPFKXHELB-VAWYXSNFSA-N
4506,Nc1ccccc1C(=O)/C=C/c1cccc(Cl)c1Cl,7.09691,DQFBYFPFKXHELB-VAWYXSNFSA-N
174,COc1ccc(NC(=O)Oc2ccc3c(c2)[C@]2(C)CCN(C)[C@@H]2N3C)cc1,6.5471,ULLJVPKUDFDJKB-FQNRMIAFSA-N
179,CN1CC[C@@]2(C)c3cc(OC(=O)Nc4ccccc4)ccc3N(C)[C@@H]12,7.61979,ULLJVPKUDFDJKB-FQNRMIAFSA-N
206,Cc1ccc(NC(=O)Oc2ccc3c(c2)[C@]2(C)CCN(C)[C@@H]2N3C)cc1,6.85387,ULLJVPKUDFDJKB-FQNRMIAFSA-N
207,CCc1cccc(CC)c1NC(=O)Oc1ccc2c(c1)[C@]1(C)CCN(C)[C@@H]1N2C,5.99253,ULLJVPKUDFDJKB-FQNRMIAFSA-N
208,CC(C)c1ccccc1NC(=O)Oc1ccc2c(c1)[C@]1(C)CCN(C)[C@@H]1N2C,7.82391,ULLJVPKUDFDJKB-FQNRMIAFSA-N
209,Cc1cccc(C)c1NC(=O)Oc1ccc2c(c1)[C@]1(C)CCN(C)[C@@H]1N2C,6.10513,ULLJVPKUDFDJKB-FQNRMIAFSA-N
210,CCc1ccccc1NC(=O)Oc1ccc2c(c1)[C@]1(C)CCN(C)[C@@H]1N2C,8.0,ULLJVPKUDFDJKB-FQNRMIAFSA-N
211,Cc1cc(C)cc(NC(=O)Oc2ccc3c(c2)[C@]2(C)CCN(C)[C@@H]2N3C)c1,7.10791,ULLJVPKUDFDJKB-FQNRMIAFSA-N
213,Cc1cccc(NC(=O)Oc2ccc3c(c2)[C@]2(C)CCN(C)[C@@H]2N3C)c1,7.55284,ULLJVPKUDFDJKB-FQNRMIAFSA-N
214,Cc1cccc(NC(=O)Oc2ccc3c(c2)[C@]2(C)CCN(C)[C@@H]2N3C)c1C,7.63827,ULLJVPKUDFDJKB-FQNRMIAFSA-N
215,CN(C(=O)Oc1ccc2c(c1)[C@]1(C)CCN(C)[C@@H]1N2C)c1ccccc1,6.353155,ULLJVPKUDFDJKB-FQNRMIAFSA-N
216,Cc1ccc(C)c(NC(=O)Oc2ccc3c(c2)[C@]2(C)CCN(C)[C@@H]2N3C)c1,7.58503,ULLJVPKUDFDJKB-FQNRMIAFSA-N
217,Cc1ccc(NC(=O)Oc2ccc3c(c2)[C@]2(C)CCN(C)[C@@H]2N3C)c(C)c1,7.85387,ULLJVPKUDFDJKB-FQNRMIAFSA-N
218,Cc1cc(C)c(NC(=O)Oc2ccc3c(c2)[C@]2(C)CCN(C)[C@@H]2N3C)c(C)c1,5.88606,ULLJVPKUDFDJKB-FQNRMIAFSA-N
219,Cc1ccc(NC(=O)Oc2ccc3c(c2)[C@]2(C)CCN(C)[C@@H]2N3C)cc1C,7.50864,ULLJVPKUDFDJKB-FQNRMIAFSA-N
220,Cc1cc2c(cc1OC(=O)Nc1ccccc1)[C@]1(C)CCN(C)[C@@H]1N2C,6.58503,ULLJVPKUDFDJKB-FQNRMIAFSA-N
221,CN(C)Cc1cc2c(cc1OC(=O)Nc1ccccc1)[C@]1(C)CCN(C)[C@@H]1N2C,5.85487,ULLJVPKUDFDJKB-FQNRMIAFSA-N
222,CC(C)c1ccc(NC(=O)Oc2ccc3c(c2)[C@]2(C)CCN(C)[C@@H]2N3C)cc1,6.5389,ULLJVPKUDFDJKB-FQNRMIAFSA-N
223,Cc1ccccc1NC(=O)Oc1ccc2c(c1)[C@]1(C)CCN(C)[C@@H]1N2C,8.0,ULLJVPKUDFDJKB-FQNRMIAFSA-N
1361,Cc1ccccc1NC(=O)Oc1ccc2c(c1)[C@]1(C)CCN[C@@H]1N2,6.08092,ULLJVPKUDFDJKB-FQNRMIAFSA-N
1363,CN1CC[C@@]2(C)c3cc(OC(=O)Nc4ccccc4)ccc3N(C=O)[C@@H]12,6.48149,ULLJVPKUDFDJKB-FQNRMIAFSA-N
1369,Cc1ccccc1NC(=O)Oc1ccc2c(c1)[C@]1(C)CCN(C)[C@@H]1N2,7.39794,ULLJVPKUDFDJKB-FQNRMIAFSA-N
2601,CC(C)c1ccc(NC(=O)Oc2ccc3c(c2)[C@]2(C)CCN[C@@H]2N3)cc1,6.95861,ULLJVPKUDFDJKB-FQNRMIAFSA-N
3930,CC(=O)N1CC[C@@]2(O)c3cc(OC(=O)Nc4ccccc4)ccc3N[C@@H]12,6.60206,ULLJVPKUDFDJKB-FQNRMIAFSA-N
1787,COc1cccc(CCCCCCCc2cccc(OC)[n+]2C)[n+]1C.O=S(=O)([O-])C(F)(F)F.O=S(=O)([O-])C(F)(F)F,6.92082,BRMDMFQKWSVCHQ-UHFFFAOYSA-P
288,CN1C(=O)Cc2cc3c(CCC4CCN(Cc5ccccc5)CC4)noc3cc21,9.319395,MTCMTKNMZCPKLX-UHFFFAOYSA-N
296,O=C1Cc2cc3c(CCC4CCN(Cc5ccccc5)CC4)noc3cc2N1,9.48149,MTCMTKNMZCPKLX-UHFFFAOYSA-N
41,CN1CC[C@@]2(C)c3cc(OC(=O)NCCCCCCCCCCCCN4CCOCC4)ccc3N(C)[C@@H]12,7.1549,HQBNRKGCDQVZPV-ANWICMFUSA-N
2172,COc1ccc(C(C)NS(=O)(=O)NC(=O)OCc2ccccc2)cc1OC,10.57106,BZHBFQGFWMBRKN-UHFFFAOYSA-N
2173,COc1ccc(C(C)NS(=O)(=O)NC(=O)OCc2ccccc2)cc1,10.57106,BZHBFQGFWMBRKN-UHFFFAOYSA-N
2174,COc1ccccc1C(C)NS(=O)(=O)NC(=O)OCc1ccccc1,10.57106,BZHBFQGFWMBRKN-UHFFFAOYSA-N
2175,COc1ccc(OC)c(C(C)NS(=O)(=O)NC(=O)OCc2ccccc2)c1,10.57106,BZHBFQGFWMBRKN-UHFFFAOYSA-N
2176,COc1cccc(OC)c1C(C)NS(=O)(=O)NC(=O)OCc1ccccc1,10.57106,BZHBFQGFWMBRKN-UHFFFAOYSA-N
261,CNC(=O)Oc1ccc2c(c1)[C@@]1(C)CCN(C)C1N2Cc1ccccc1,5.54554,YSXYQGDIUVECGI-UHFFFAOYSA-N
265,CNC(=O)Oc1ccc2c(c1)[C@]1(C)CCN(C)C1N2Cc1ccccc1,6.79371,YSXYQGDIUVECGI-UHFFFAOYSA-N
438,Cc1ccccc1NC(=O)Oc1ccc2c(c1)[C@]1(C)CCN(Cc3ccccc3)C1N2Cc1ccccc1,5.75449,JCZZLPWNFXJVKU-UHFFFAOYSA-N
4086,Cc1ccc(NCC[C@@H]2CCCN3CCCC[C@H]23)c2c(=O)c3ccccc3oc12,6.85387,HDFNORIXMROTFT-FXAWDEMLSA-N
20,CN1CC[C@@]2(C)c3cc(OC(=O)NCCCCCCCCCCN4CCOCC4)ccc3N(C)[C@@H]12,7.39794,BQIQANCGHMQWHH-MQNHUJCZSA-N
4375,O=[N+]([O-])c1cccc(-c2cnc3cccnc3n2)c1,6.33161,WATGCYZSCSXVKY-UHFFFAOYSA-N
4376,Cc1cccc(-c2cnc3cccnc3n2)c1,6.05061,WATGCYZSCSXVKY-UHFFFAOYSA-N
4377,Fc1cccc(-c2cnc3cccnc3n2)c1,6.09691,WATGCYZSCSXVKY-UHFFFAOYSA-N
2816,CCN(CC)C(=S)SCCOc1ccc2c(C)cc(=O)oc2c1,5.7122,ZYGHJZDHTFUPRJ-UHFFFAOYSA-N
4431,O=c1ccc2cc(O)c(O)cc2o1,5.21254,ZYGHJZDHTFUPRJ-UHFFFAOYSA-N
2610,COc1ccc(CCNc2nc(NC(N)=O)nc3ccccc23)cc1OC,5.06048,YKOSADJQCBRMRR-UHFFFAOYSA-N
2611,NC(=O)Nc1nc(NCCc2ccccc2)c2ccccc2n1,5.10237,YKOSADJQCBRMRR-UHFFFAOYSA-N
2620,CNc1nc(NCCc2ccc(OC)c(OC)c2)c2ccccc2n1,5.07058,YKOSADJQCBRMRR-UHFFFAOYSA-N
2621,CCNc1nc(NCCc2ccc(OC)c(OC)c2)c2ccccc2n1,5.12494,YKOSADJQCBRMRR-UHFFFAOYSA-N
2622,CCCNc1nc(NCCc2ccc(OC)c(OC)c2)c2ccccc2n1,5.1549,YKOSADJQCBRMRR-UHFFFAOYSA-N
2624,CNc1nc(NCCc2ccccc2)c2ccccc2n1,5.06048,YKOSADJQCBRMRR-UHFFFAOYSA-N
2625,CCNc1nc(NCCc2ccccc2)c2ccccc2n1,5.11919,YKOSADJQCBRMRR-UHFFFAOYSA-N
2626,CCCNc1nc(NCCc2ccccc2)c2ccccc2n1,5.14267,YKOSADJQCBRMRR-UHFFFAOYSA-N
2627,CC(C)Nc1nc(NCCc2ccccc2)c2ccccc2n1,5.14267,YKOSADJQCBRMRR-UHFFFAOYSA-N
2631,NC(=O)Cc1nc(NCCc2ccccc2)c2ccccc2n1,5.13668,YKOSADJQCBRMRR-UHFFFAOYSA-N
2632,COc1ccc(CCNc2nc(NC(C)=O)nc3ccccc23)cc1OC,5.13077,YKOSADJQCBRMRR-UHFFFAOYSA-N
2633,CC(=O)Nc1nc(NCCc2ccccc2)c2ccccc2n1,5.1549,YKOSADJQCBRMRR-UHFFFAOYSA-N
2638,COc1ccc(CCNc2nc(NC(C)C)nc3ccccc23)cc1OC,5.11919,YKOSADJQCBRMRR-UHFFFAOYSA-N
3990,C[n+]1ccc2c3ccccc3n(CCCCCCCCCn3c4ccccc4c4cc[n+](C)cc43)c2c1,9.22185,JJAATQLWMKLMJU-UHFFFAOYSA-P
4246,CCCCCCCCCCCC1=C(O)C(=O)C=C(NCCC2CCN(Cc3ccccc3)CC2)C1=O,6.82391,GBMZEHMOSHVJAK-UHFFFAOYSA-N
2471,CCCCCCCNC(=O)Oc1ccc(Cn2cc(COc3ccc4ccc(=O)oc4c3)nn2)cc1,6.66959,DTIWQBJDQQTGMN-UHFFFAOYSA-N
2472,CCCCCCCNC(=O)Oc1cccc(Cn2cc(COc3ccc4ccc(=O)oc4c3)nn2)c1,5.9813,DTIWQBJDQQTGMN-UHFFFAOYSA-N
4432,COc1cc(Cn2cc(COc3ccc4ccc(=O)oc4c3C(C)=O)nn2)cc(OC)c1,5.59007,DTIWQBJDQQTGMN-UHFFFAOYSA-N
4145,Cc1ccc(NCCCSC[C@@H]2CCCN3CCCC[C@H]23)c2c(=O)c3ccccc3sc12,5.10568,HZNMNQYADWOOOP-SIKLNZKXSA-N
2069,Cc1c(C)c2c(c(C)c1O)CCC(C)(C(=O)NCCCCCCCCNc1c3c(nc4ccccc14)CCCC3)O2,6.40304,AVRIWDJUZPAWDY-UHFFFAOYSA-N
2271,COc1ccc2nc3c(c(NCCCCCCCCNC(=O)C4(C)CCc5c(C)c(O)c(C)c(C)c5O4)c2c1)CCCC3,5.45842,AVRIWDJUZPAWDY-UHFFFAOYSA-N
2279,Cc1c(C)c2c(c(C)c1O)CCC(C)(C(=O)NCCCCCCCCNc1c3c(nc4cc(Cl)ccc14)CCCC3)O2,7.09691,AVRIWDJUZPAWDY-UHFFFAOYSA-N
1994,COc1cccc(CN(C)CCCOc2ccc3c4c(c(=O)oc3c2)CCCC4)c1,5.56864,GNOKFBCUBTWYGU-UHFFFAOYSA-N
1995,CN(CCCOc1ccc2c3c(c(=O)oc2c1)CCCC3)Cc1ccccc1,5.67778,GNOKFBCUBTWYGU-UHFFFAOYSA-N
2463,CCCCCCCNC(=O)Oc1cccc(CN(C)CCCOc2ccc3c4c(c(=O)oc3c2)CCCC4)c1,7.66555,GNOKFBCUBTWYGU-UHFFFAOYSA-N
3465,CNC(=O)c1sc(-c2ccnc(NC(=O)CNCCNc3c4c(nc5ccccc35)CCCC4)c2)nc1OC,7.01144,YEYDWSYCQHCCII-UHFFFAOYSA-N
3467,CNC(=O)c1sc(-c2ccnc(NC(=O)CNCCNc3c4c(nc5ccccc35)CCCC4)c2)nc1OCC(C)(C)C,6.98758,YEYDWSYCQHCCII-UHFFFAOYSA-N
3468,CNC(=O)c1sc(-c2ccnc(NC(=O)CNCCNc3c4c(nc5ccccc35)CCCC4)c2)nc1OC(C)C,6.62452,YEYDWSYCQHCCII-UHFFFAOYSA-N
3469,CNC(=O)c1sc(-c2ccnc(NC(=O)CNCCNc3c4c(nc5ccccc35)CCCC4)c2)nc1OCC(C)C,7.30803,YEYDWSYCQHCCII-UHFFFAOYSA-N
375,CCCCCCCNC(=O)Oc1ccc2c(c1)[C@@H]1CCN(CCC)C1C2,6.20135,AYMKUDMWKRYQAG-VUWPPUDQSA-N
379,CCN1CC[C@H]2c3cc(OC(=O)NC)ccc3CC21,6.59688,AYMKUDMWKRYQAG-VUWPPUDQSA-N
380,CCCCCCNC(=O)Oc1ccc2c(c1)[C@@H]1CCN(CCC)C1C2,6.27424,AYMKUDMWKRYQAG-VUWPPUDQSA-N
382,CCCCNC(=O)Oc1ccc2c(c1)[C@@H]1CCN(CC)C1C2,5.96819,AYMKUDMWKRYQAG-VUWPPUDQSA-N
383,CCCCCCCNC(=O)Oc1ccc2c(c1)[C@@H]1CCN(CC)C1C2,6.41908,AYMKUDMWKRYQAG-VUWPPUDQSA-N
388,CCCCCCNC(=O)Oc1ccc2c(c1)[C@@H]1CCN(CC)C1C2,6.68194,AYMKUDMWKRYQAG-VUWPPUDQSA-N
390,CCCNC(=O)Oc1ccc2c(c1)[C@@H]1CCN(CC)C1C2,5.65916,AYMKUDMWKRYQAG-VUWPPUDQSA-N
1078,CN(C)C(=O)Oc1ccc(-c2cn3c(NC(=O)c4ccccc4)cccc3[n+]2C)cc1,6.69897,KGBBKWJISGJVCN-UHFFFAOYSA-O
2364,COc1ccc(C(=O)N2c3ccccc3[Se]c3ccc(Cl)cc32)cc1OC,5.20761,VEFIYLBMXGJEDC-UHFFFAOYSA-N
2365,COc1cccc(C(=O)N2c3ccccc3[Se]c3ccc(Cl)cc32)c1,5.22915,VEFIYLBMXGJEDC-UHFFFAOYSA-N
2366,COc1ccc(C(=O)N2c3ccccc3[Se]c3ccc(Cl)cc32)cc1,5.23657,VEFIYLBMXGJEDC-UHFFFAOYSA-N
2369,O=C(c1ccccc1)N1c2ccccc2[Se]c2ccc(Cl)cc21,5.22185,VEFIYLBMXGJEDC-UHFFFAOYSA-N
2371,COc1ccc(C(=O)N2c3ccccc3[Se]c3ccccc32)cc1OC,5.29243,VEFIYLBMXGJEDC-UHFFFAOYSA-N
2372,COc1cccc(C(=O)N2c3ccccc3[Se]c3ccccc32)c1,5.20761,VEFIYLBMXGJEDC-UHFFFAOYSA-N
2373,COc1ccc(C(=O)N2c3ccccc3[Se]c3ccccc32)cc1,5.33724,VEFIYLBMXGJEDC-UHFFFAOYSA-N
2376,O=C(c1ccccc1)N1c2ccccc2[Se]c2ccccc21,5.26761,VEFIYLBMXGJEDC-UHFFFAOYSA-N
681,O=C(CCCCC1CCSS1)NCCCNc1c2c(nc3ccccc13)CCCC2,8.15739,FUZSKXNTSYMEMF-UHFFFAOYSA-N
4479,CCN(CCCCCn1c(C)cc(=O)n(CCCCCN(CC)Cc2ccccc2C#N)c1=O)Cc1ccccc1C#N,5.13668,FVSZSXKCFKSTNT-UHFFFAOYSA-N
4480,CCN(CCCCCn1c(C)cc(=O)n(CCCCCN(CC)Cc2cccc(C(=O)OC)c2)c1=O)Cc1cccc(C(=O)OC)c1,6.5376,FVSZSXKCFKSTNT-UHFFFAOYSA-N
3484,COc1ccc([C@@H]2[C@H]3CSCN3C3(C(=O)c4ccccc4C3=O)[C@]23CSc2ccccc2C3=O)cc1,5.95861,XEDITFPNOHYJHU-WHCXKFMVSA-N
3485,Cc1ccc([C@@H]2[C@H]3CSCN3C3(C(=O)c4ccccc4C3=O)[C@]23CSc2ccccc2C3=O)cc1,5.14813,XEDITFPNOHYJHU-WHCXKFMVSA-N
2382,O=C(Cc1ccccc1)N1c2ccccc2Sc2ccc(Cl)cc21,5.12494,ODRJXAKDUXFICI-UHFFFAOYSA-N
2389,O=C(Cc1ccccc1)N1c2ccccc2Sc2ccccc21,5.13077,ODRJXAKDUXFICI-UHFFFAOYSA-N
1549,CCc1c2c(nc3ccc(OC(=O)N4CCC(N5CCCCC5)CC4)cc13)-c1cc3c(c(=O)n1C2)COC(=O)[C@]3(O)CC,5.73826,FJVHNKWJAPRBDC-UHFFFAOYSA-N
677,c1ccc2c(NCCCCCCCNc3c4c(nc5ccccc35)CCCC4)c3c(nc2c1)CCCC3,9.16033,ITZOKHKOFJOBFS-UHFFFAOYSA-N
1287,Fc1ccc2c(NCCCCCCCNc3c4c(nc5cc(F)ccc35)CCCC4)c3c(nc2c1)CCCC3,9.22185,ITZOKHKOFJOBFS-UHFFFAOYSA-N
1290,Clc1ccc2c(NCCCCCCCNc3c4c(nc5cc(Cl)ccc35)CCCC4)c3c(nc2c1)CCCC3,10.1549,ITZOKHKOFJOBFS-UHFFFAOYSA-N
303,COc1ccc(-c2cc3c(c(=O)o2)C[C@]2(O)[C@@]4(C)C(=O)C=CC(C)(C)[C@]4(O)CC[C@@]2(C)O3)cc1,7.58503,RNBBYLHKCNHDMC-UHFFFAOYSA-N
312,COc1ccc(-c2cc3c(c(=O)o2)C[C@]2(O)[C@@]4(C)C(=O)C=CC(C)(C)[C@]4(O)CC[C@@]2(C)O3)cc1OC,9.0,RNBBYLHKCNHDMC-UHFFFAOYSA-N
313,COc1cc(-c2cc3c(c(=O)o2)C[C@]2(O)[C@@]4(C)C(=O)C=CC(C)(C)[C@]4(O)CC[C@@]2(C)O3)cc(OC)c1OC,8.11919,RNBBYLHKCNHDMC-UHFFFAOYSA-N
614,COC1=CC(=O)[C@]2(C)[C@]3(O)Cc4c(cc(-c5cc(OC)c(OC)c(OC)c5)oc4=O)O[C@]3(C)CC[C@]2(O)C1(C)C,6.37675,RNBBYLHKCNHDMC-UHFFFAOYSA-N
2263,COc1cc(-c2cc3c(c(=O)o2)C[C@]2(O)[C@@]4(C)C(=O)C=CC(C)(C)[C@]4(O)CC[C@@]2(C)O3)cc(OC)c1O,8.16749,RNBBYLHKCNHDMC-UHFFFAOYSA-N
1820,COc1cc2[se]n(-c3ccc(OCCCN4CCCCC4)cc3)c(=O)c2cc1OC,5.28819,IHPSCUSFORMUHM-UHFFFAOYSA-N
109,COc1cc2cc(C=C3CC[N+](C)(Cc4ccccc4)CC3)sc2cc1OC,5.57349,IFSOHTNZJVJJGA-UHFFFAOYSA-O
4054,O=c1ccoc2ccc(Oc3ccccc3)cc12,5.52288,DZXQKWIYTNJLDC-UHFFFAOYSA-N
4056,Cc1cc(=O)c2cc(Oc3ccccc3)ccc2o1,5.52288,DZXQKWIYTNJLDC-UHFFFAOYSA-N
4287,Cc1noc(-c2ccc(N)cc2)n1,6.98297,SNFAEUZNFIYGNA-UHFFFAOYSA-N
4289,CCCCOc1cc(-c2nc(C)no2)ccc1N,7.79588,SNFAEUZNFIYGNA-UHFFFAOYSA-N
784,O=C(CCCc1c[nH]c2ccccc12)NCCCCCNc1c2c(nc3cc(Cl)ccc13)CCCC2,9.52288,COADHLNTUTYDRI-UHFFFAOYSA-N
1697,CCOC(=O)C1=C(C)Oc2nc3c(c(N)c2[C@H]1c1ccncc1)CCC3,5.18,DIBVGLXLEPTAFS-CYBMUJFWSA-N
88,COc1cc2cc(C(=O)C=C3CC[N+](C)(Cc4ccccc4)CC3)sc2cc1OC,6.284,HCWWTCVTEUDIOU-UHFFFAOYSA-O
473,CN(C)Cc1ccc(CSCCNc2cc(Nc3ccc(F)cc3)c([N+](=O)[O-])cc2[N+](=O)[O-])o1,6.16749,GDQOEOCEMHZREX-UHFFFAOYSA-N
493,CN(C)Cc1ccc(CSCCNc2cc(Nc3ccccc3C#N)c([N+](=O)[O-])cc2[N+](=O)[O-])o1,6.20066,GDQOEOCEMHZREX-UHFFFAOYSA-N
508,CN(C)Cc1ccc(CSCCNc2cc(Nc3ccccc3)c([N+](=O)[O-])cc2[N+](=O)[O-])o1,6.19382,GDQOEOCEMHZREX-UHFFFAOYSA-N
1889,CC1=CC2Cc3nc4cc(Cl)ccc4c(NCCCCCNC(=O)c4cc(O)c5c(c4)C(=O)c4cccc(O)c4C5=O)c3C(C1)C2,8.97062,DMDROIPKJWDHFC-UHFFFAOYSA-N
1206,CNC(=O)Oc1cccc(CN(C)CCCOc2ccc3ccc(=O)oc3c2)c1,8.24413,WHYIEUPXCLAOTN-UHFFFAOYSA-N
1207,CCCCNC(=O)Oc1cccc(CN(C)CCCOc2ccc3ccc(=O)oc3c2)c1,7.85387,WHYIEUPXCLAOTN-UHFFFAOYSA-N
1208,CCCCCCNC(=O)Oc1cccc(CN(C)CCCOc2ccc3ccc(=O)oc3c2)c1,7.88606,WHYIEUPXCLAOTN-UHFFFAOYSA-N
2152,Cc1c(C)c2ccc(OCCCN(C)Cc3ccccc3)cc2oc1=O,6.0,WHYIEUPXCLAOTN-UHFFFAOYSA-N
2462,CCCCCCCNC(=O)Oc1cccc(CN(C)CCCOc2ccc3ccc(=O)oc3c2)c1,7.42713,WHYIEUPXCLAOTN-UHFFFAOYSA-N
3742,CCN(CCCOc1ccc2c(C)c(C)c(=O)oc2c1)Cc1cccc(F)c1,5.92082,WHYIEUPXCLAOTN-UHFFFAOYSA-N
3743,Cc1c(C)c2ccc(OCCCN(Cc3cccc(F)c3)C(C)C)cc2oc1=O,6.04096,WHYIEUPXCLAOTN-UHFFFAOYSA-N
1237,CN(CCOCCNC(=S)NC(=O)c1ccc2c(c1)C(=O)c1ccccc1-2)Cc1ccccc1,7.52288,GYHWOBABHGPEJX-UHFFFAOYSA-N
1238,CN(CCOCCNC(=S)NC(=O)c1ccc2c(c1)C(=O)c1ccccc1C2=O)Cc1ccccc1,8.22185,HNWLXZHDOFNYPM-UHFFFAOYSA-N
1805,COc1cc2[se]n(CCCCCCNc3c4c(nc5ccccc35)CCCC4)c(=O)c2cc1OC,7.82016,NAKZJQSHDVVYBW-UHFFFAOYSA-N
1806,O=c1c2ccccc2[se]n1CCCCCCNc1c2c(nc3ccccc13)CCCC2,7.70952,NAKZJQSHDVVYBW-UHFFFAOYSA-N
1681,CCOC(=O)C1=C(C)Oc2nc3c(c(N)c2[C@H]1c1cccnc1Cl)CCCC3,5.67,FOCJBBQDZCIPRW-CQSZACIVSA-N
1682,CCOC(=O)C1=C(C)Oc2nc3c(c(N)c2[C@H]1c1cccnc1Br)CCCC3,5.73,FOCJBBQDZCIPRW-CQSZACIVSA-N
1683,CCOC(=O)C1=C(C)Oc2nc3c(c(N)c2[C@H]1c1cccnc1OC)CCCC3,5.41,FOCJBBQDZCIPRW-CQSZACIVSA-N
1694,CCOC(=O)C1=C(C)Oc2nc3c(c(N)c2[C@H]1c1cccnc1)CCCC3,5.15,FOCJBBQDZCIPRW-CQSZACIVSA-N
715,CC(C)c1ccc(NC(=O)Oc2ccc3c(c2)[C@]2(C)CO[C@@H](C2)O3)cc1,5.46471,XJOKTEONVKMBPL-WVQRXBFSSA-N
716,Cc1ccccc1NC(=O)Oc1ccc2c(c1)[C@]1(C)CO[C@@H](C1)O2,7.01323,XJOKTEONVKMBPL-WVQRXBFSSA-N
3212,COc1cc2ncnc(NCc3cn(CC4CCN(Cc5ccccc5)CC4)nn3)c2cc1OC,5.4045,GTJVRLSLZZLTQZ-UHFFFAOYSA-N
3213,c1ccc(CN2CCC(Cn3cc(CNc4ncnc5ccccc45)nn3)CC2)cc1,5.37469,GTJVRLSLZZLTQZ-UHFFFAOYSA-N
634,COCC[N+]1(C)CCCC(C(=O)c2cc3cc(OC)c(OC)cc3s2)CC1,7.27572,IWCRTYMKZQLWMC-UHFFFAOYSA-O
637,COc1cc2cc(C(=O)C3CCC[N+](C)(CC(=O)OC(C)(C)C)CC3)sc2cc1OC,7.10237,IWCRTYMKZQLWMC-UHFFFAOYSA-O
639,COc1cc2cc(C(=O)C3CCC[N+](C)(CC#N)CC3)sc2cc1OC,6.0,IWCRTYMKZQLWMC-UHFFFAOYSA-O
1801,O=C1/C(=C/c2ccc(F)cc2)COc2cc(OCCCCCCNc3c4c(nc5ccccc35)CCCC4)ccc21,6.97757,JZSNDOCPSPCPTF-XTCLZLMSSA-N
1803,COc1ccc(/C=C2\COc3cc(OCCCCCCNc4c5c(nc6ccccc46)CCCC5)ccc3C2=O)cc1,6.80465,JZSNDOCPSPCPTF-XTCLZLMSSA-N
2218,CN(C)c1ccc(C(=O)NCCCCCCNc2c3c(nc4ccccc24)CCCC3)cc1,7.19382,SBXOBUMXYFRCBO-UHFFFAOYSA-N
4354,O=C(NCCCCCCNc1c2c(nc3ccccc13)CCCC2)c1ccccc1O,7.69897,SBXOBUMXYFRCBO-UHFFFAOYSA-N
1037,CCN(CC)CCCCCCCOc1ccc2c(c1)C(=O)/C(=C/c1ccc(CN(C)Cc3ccccc3)cc1)C2,6.29243,IHMCPZVTIHATBD-HYARGMPZSA-N
1038,CCN(CC)CCCCCCOc1ccc2c(c1)C(=O)/C(=C/c1ccc(CN(C)Cc3ccccc3)cc1)C2,6.42022,IHMCPZVTIHATBD-HYARGMPZSA-N
1040,CCN(CC)CCCCCOc1ccc2c(c1)C(=O)/C(=C/c1ccc(CN(C)Cc3ccccc3)cc1)C2,6.72125,IHMCPZVTIHATBD-HYARGMPZSA-N
1043,CCN(CC)CCCCOc1ccc2c(c1)C(=O)/C(=C/c1ccc(CN(C)Cc3ccccc3)cc1)C2,6.05061,IHMCPZVTIHATBD-HYARGMPZSA-N
1044,CCN(CC)CCCOc1ccc2c(c1)C(=O)/C(=C/c1ccc(CN(C)Cc3ccccc3)cc1)C2,5.87943,IHMCPZVTIHATBD-HYARGMPZSA-N
1045,CCN(CC)CCOc1ccc2c(c1)C(=O)/C(=C/c1ccc(CN(C)Cc3ccccc3)cc1)C2,5.81531,IHMCPZVTIHATBD-HYARGMPZSA-N
1046,CCN(CC)CCCCOc1ccc2c(c1)C/C(=C\c1ccc(CN(C)Cc3ccccc3)cc1)C2=O,5.4034,IHMCPZVTIHATBD-HYARGMPZSA-N
1047,CCN(CC)CCCOc1ccc2c(c1)C/C(=C\c1ccc(CN(C)Cc3ccccc3)cc1)C2=O,5.79317,IHMCPZVTIHATBD-HYARGMPZSA-N
1048,CCN(CC)CCOc1ccc2c(c1)C/C(=C\c1ccc(CN(C)Cc3ccccc3)cc1)C2=O,5.5376,IHMCPZVTIHATBD-HYARGMPZSA-N
1049,CCN(Cc1ccccc1)Cc1ccc(/C=C2\Cc3ccc(OC)cc3C2=O)cc1,5.30715,IHMCPZVTIHATBD-HYARGMPZSA-N
1050,COc1ccc2c(c1)C(=O)/C(=C/c1ccc(CN(C)Cc3ccccc3)cc1)C2,6.20066,IHMCPZVTIHATBD-HYARGMPZSA-N
1051,COc1cc2c(cc1OC)C(=O)/C(=C/c1ccc(CN(C)Cc3ccccc3)cc1)C2,5.9431,IHMCPZVTIHATBD-HYARGMPZSA-N
956,Clc1ccc2c(NCCCNCCCOc3cccc4[nH]c5ccccc5c34)c3c(nc2c1)CCCC3,8.66756,FNXUIRRQXYJKBW-UHFFFAOYSA-N
2753,O=C1C(=O)N(C(=O)c2ccccc2)c2ccc(CN3CCCCC3)cc21,7.10002,HNIKWNCSGCNTIO-UHFFFAOYSA-N
1634,CN(C)c1ccccc1CNCCCCCCCCNc1c2c(nc3ccccc13)CCCC2,8.39362,APTOOUCCLNCNIA-UHFFFAOYSA-N
4364,CCOC(=O)C1=C(Nc2ccccc2)CC(c2ccc(F)cc2)N(c2ccccc2)C1c1ccc(F)cc1,5.86582,BHZJIWUWHZIBMK-UHFFFAOYSA-N
4365,CCOC(=O)C1=C(Nc2ccc(F)cc2)CC(c2ccc(F)cc2)N(c2ccc(F)cc2)C1c1ccc(F)cc1,6.11126,BHZJIWUWHZIBMK-UHFFFAOYSA-N
4366,CCOC(=O)C1=C(Nc2ccc(F)cc2)CC(c2cccc(F)c2)N(c2ccc(F)cc2)C1c1cccc(F)c1,5.95117,BHZJIWUWHZIBMK-UHFFFAOYSA-N
4367,CCOC(=O)C1=C(Nc2ccc(F)cc2)CC(c2ccc(C(F)(F)F)cc2)N(c2ccc(F)cc2)C1c1ccc(C(F)(F)F)cc1,6.03058,BHZJIWUWHZIBMK-UHFFFAOYSA-N
4368,CCOC(=O)C1=C(Nc2cccc(F)c2)CC(c2ccc(C(F)(F)F)cc2)N(c2cccc(F)c2)C1c1ccc(C(F)(F)F)cc1,5.92372,BHZJIWUWHZIBMK-UHFFFAOYSA-N
4369,CCOC(=O)C1=C(Nc2ccc(F)cc2)CC(c2ccc(Cl)cc2)N(c2ccc(F)cc2)C1c1ccc(Cl)cc1,6.0381,BHZJIWUWHZIBMK-UHFFFAOYSA-N
4370,CCOC(=O)C1=C(Nc2cccc(F)c2)CC(c2ccc(Cl)cc2)N(c2cccc(F)c2)C1c1ccc(Cl)cc1,5.89551,BHZJIWUWHZIBMK-UHFFFAOYSA-N
4371,CCOC(=O)C1=C(Nc2cccc(F)c2)CC(c2ccc(F)cc2)N(c2cccc(F)c2)C1c1ccc(F)cc1,5.84832,BHZJIWUWHZIBMK-UHFFFAOYSA-N
4077,COc1ccc(-c2cc(=O)c3ccc(OCCN4CCN(CCO)CC4)cc3o2)cc1,8.12148,DBXSKMIIRVJQNR-UHFFFAOYSA-N
3690,O=C(CC1CCN(Cc2ccccc2)CC1)Nc1n[nH]c2cc(-c3cccnc3)ccc12,6.29328,MIIFHVXEAJWDFO-UHFFFAOYSA-N
3691,O=C(CC1CCN(Cc2ccccc2F)CC1)Nc1n[nH]c2cc(-c3cccnc3)ccc12,6.16052,MIIFHVXEAJWDFO-UHFFFAOYSA-N
3692,O=C(CC1CCN(Cc2ccc(F)cc2)CC1)Nc1n[nH]c2cc(-c3cccnc3)ccc12,6.28567,MIIFHVXEAJWDFO-UHFFFAOYSA-N
700,O=C(CCCCCNc1c2c(nc3ccccc13)CCCC2)NCCc1c[nH]c2ccc(O)cc12,9.34679,FKFJZGFHHCYXOR-UHFFFAOYSA-N
703,O=C(CCCCCNc1c2c(nc3cccc(Cl)c13)CCCC2)NCCc1c[nH]c2ccccc12,9.06048,FKFJZGFHHCYXOR-UHFFFAOYSA-N
1267,Nc1c2c(nc3ccccc13)CCC2,5.35655,GEBRPJJJIRIALP-UHFFFAOYSA-N
3633,Cc1ccc2nc3c(c(N)c2c1)CCC3,5.0,GEBRPJJJIRIALP-UHFFFAOYSA-N
3634,Nc1c2c(nc3ccc(Br)cc13)CCC2,5.24489,GEBRPJJJIRIALP-UHFFFAOYSA-N
3636,Nc1c2c(nc3ccc(Cl)cc13)CCC2,5.80134,GEBRPJJJIRIALP-UHFFFAOYSA-N
3641,Nc1c2c(nc3ccc(F)cc13)CCC2,6.17914,GEBRPJJJIRIALP-UHFFFAOYSA-N
3644,Cc1ccc2c(N)c3c(nc2c1)CCC3,6.45967,GEBRPJJJIRIALP-UHFFFAOYSA-N
3646,Cc1cccc2nc3c(c(N)c12)CCC3,6.38195,GEBRPJJJIRIALP-UHFFFAOYSA-N
3648,COc1ccc2nc3c(c(N)c2c1)CCC3,5.08513,GEBRPJJJIRIALP-UHFFFAOYSA-N
1433,c1ccc(CN2CCC(CCc3noc4cc(C5CCCCC5)ccc34)CC2)cc1,9.10002,ATASLUKKLHOVPH-UHFFFAOYSA-N
2615,COc1ccc(CNc2nc(NC3CC3)nc3ccccc23)cc1OC,5.14267,ISNUVLPBKHDGCQ-UHFFFAOYSA-N
2619,c1ccc(CNc2nc(NC3CC3)nc3ccccc23)cc1,5.18046,ISNUVLPBKHDGCQ-UHFFFAOYSA-N
1552,O=C(CCCCc1cccs1)NCCCNc1c2c(nc3cc(Cl)ccc13)CCCC2,8.57512,GKWGQTFMQKLHOX-UHFFFAOYSA-N
3052,CCCCCCCNC(=O)Oc1ccc2c(c1)CN1CCc3ccccc3C1N2C,5.420109999999999,HWLGLQZTWCGHLI-UHFFFAOYSA-N
709,CCNC(=O)Oc1ccc2c(c1)[C@]1(C)CCO[C@@H]1N2C,7.08619,FXHKMZQULJFLCI-HTLJXXAVSA-N
711,CNC(=O)Oc1ccc2c(c1)[C@]1(C)CCO[C@@H]1N2C,7.98329,FXHKMZQULJFLCI-HTLJXXAVSA-N
2757,CC(=O)[C@@]12C(=O)C(CC=C(C)C)=C3O[C@H](C(C)(C)O)C[C@]3(C[C@H](CC=C(C)C)[C@@]1(C)CCC=C(C)C)C2=O,5.05799,DPHHXAHMHZTUKC-QRIDDKLISA-N
2758,C=C(C)[C@@H](O)CC[C@]1(C)[C@@H](CC=C(C)C)C[C@]23C[C@@H](C(C)(C)O)OC2=C(CC=C(C)C)C(=O)[C@@]1(C(=O)C(C)C)C3=O,5.03953,DPHHXAHMHZTUKC-QRIDDKLISA-N
3214,O=C1c2ccccc2C(=O)N1Cc1cn(CC2CCN(Cc3ccccc3)CC2)nn1,5.3098,FFRRFBBXYMQKCX-UHFFFAOYSA-N
4410,COc1cc(N)c(Br)cc1C(=O)NCC1CCN(CC2CCCCC2)CC1,5.06048,VQHPLNYDVBCJMS-UHFFFAOYSA-N
4411,COc1cc(N)c(I)cc1C(=O)NCC1CCN(CC2CCCCC2)CC1,5.29328,VQHPLNYDVBCJMS-UHFFFAOYSA-N
1073,Cc1cccc2n1cc(-c1ccc(OC(=O)N(C)C)cc1)[n+]2C,5.88606,KDHWCFCNNGUJCP-UHFFFAOYSA-O
1074,CN(C)C(=O)Oc1ccc(-c2cn3c(C(F)(F)F)cccc3[n+]2C)cc1,5.0,KDHWCFCNNGUJCP-UHFFFAOYSA-O
1075,COc1cccc2n1cc(-c1ccc(OC(=O)N(C)C)cc1)[n+]2C,5.09151,KDHWCFCNNGUJCP-UHFFFAOYSA-O
1076,CN(C)C(=O)Oc1ccc(-c2cn3c(NC=O)cccc3[n+]2C)cc1,5.92082,KDHWCFCNNGUJCP-UHFFFAOYSA-O
1077,CC(=O)Nc1cccc2n1cc(-c1ccc(OC(=O)N(C)C)cc1)[n+]2C,6.1549,KDHWCFCNNGUJCP-UHFFFAOYSA-O
1079,CNC(=O)Nc1cccc2n1cc(-c1ccc(OC(=O)N(C)C)cc1)[n+]2C,5.86967,KDHWCFCNNGUJCP-UHFFFAOYSA-O
1080,COC(=O)Nc1cccc2n1cc(-c1ccc(OC(=O)N(C)C)cc1)[n+]2C,5.95861,KDHWCFCNNGUJCP-UHFFFAOYSA-O
1081,CN(C)C(=O)Nc1cccc2n1cc(-c1ccc(OC(=O)N(C)C)cc1)[n+]2C,5.79588,KDHWCFCNNGUJCP-UHFFFAOYSA-O
1082,CNC(=O)Oc1ccc(-c2cn3c(C)cccc3[n+]2C)cc1,5.39794,KDHWCFCNNGUJCP-UHFFFAOYSA-O
1083,CNC(=O)Oc1ccc(-c2cn3c(NC(C)=O)cccc3[n+]2C)cc1,5.95861,KDHWCFCNNGUJCP-UHFFFAOYSA-O
1084,CN(C)C(=O)Oc1cccc(-c2cn3ccccc3[n+]2C)c1,5.14874,KDHWCFCNNGUJCP-UHFFFAOYSA-O
1085,CC(=O)Nc1cccc2n1cc(-c1cccc(OC(=O)N(C)C)c1)[n+]2C,5.60206,KDHWCFCNNGUJCP-UHFFFAOYSA-O
1086,CNC(=O)Oc1cccc(-c2cn3ccccc3[n+]2C)c1,6.45593,KDHWCFCNNGUJCP-UHFFFAOYSA-O
1087,CNC(=O)Oc1cccc(-c2cn3c(NC(C)=O)cccc3[n+]2C)c1,5.34679,KDHWCFCNNGUJCP-UHFFFAOYSA-O
1088,C[n+]1c(-c2ccccc2)cn2cc(C(N)=O)ccc21,5.02228,KDHWCFCNNGUJCP-UHFFFAOYSA-O
3844,c1ccc2c(c1)CCCN1Cc3cc(OCCCN4CCCCC4)ccc3N=C21,6.27165,GVDQRHZTBDTQBI-UHFFFAOYSA-N
2332,CC(C)=CC[C@H]1C[C@@]2(CC=C(C)C)C(=O)O[C@@](CC=C(C)C)(C(=O)[C@@H](C(=O)C(C)C)[C@]1(C)C/C=C/C(C)(C)O)C2=O,5.01773,KGHILXVWRKUVGB-UHFFFAOYSA-N
2333,CCC(C)C(=O)[C@@H]1C(=O)[C@]2(CC=C(C)C)OC(=O)[C@](CC=C(C)C)(C[C@H](CC=C(C)C)[C@@]1(C)C/C=C/C(C)(C)O)C2=O,5.14874,KGHILXVWRKUVGB-UHFFFAOYSA-N
1502,CC(C)C1=N[C@H]2CC[C@]34C[C@]35C(=O)C[C@]3(C)[C@@H]([C@H](C)N(C)CCCc6ccccc6)[C@H](O)C[C@@]3(C)[C@@H]5CC[C@H]4[C@]2(C)CS1,7.11919,GADQUMYHDUBVIK-HSNWFKKSSA-N
1175,O=C(Nc1ccc2c(c1)C(=O)N(CCC1CCN(Cc3ccccc3)CC1)C2=O)c1ccccc1,8.92082,JEXADSKXZBGTNK-UHFFFAOYSA-N
1626,N#Cc1c(N)nc(NCCCC2CCN(Cc3ccccc3)CC2)c(C#N)c1-c1ccccc1,6.61979,MOJHDDTXIJMHAS-UHFFFAOYSA-N
1769,N#Cc1c(Cl)nc(NCCCC2CCN(Cc3ccccc3)CC2)c(C#N)c1-c1ccccc1,5.41341,MOJHDDTXIJMHAS-UHFFFAOYSA-N
1978,COc1cccc(CN(C)CCCCOc2ccc3c(c2)oc(=O)c2ccccc23)c1,5.08092,UGUPNUQNBUBESC-UHFFFAOYSA-N
1979,CN(CCCCOc1ccc2c(c1)oc(=O)c1ccccc12)Cc1ccccc1,5.95861,UGUPNUQNBUBESC-UHFFFAOYSA-N
3977,COc1ccc2c3c([nH]c2c1N)C(C)NCC3,5.69897,CFTOTSJVQRFXOF-UHFFFAOYSA-N
4211,O=C(Cn1nc(-c2ccccc2)c(-c2ccccc2)nc1=O)Nc1ccc([N+](=O)[O-])cc1,5.97184,RRFFUSGBGWODEN-UHFFFAOYSA-N
4212,O=C(Cn1nc(-c2ccccc2)c(-c2ccccc2)nc1=O)Nc1ccc([N+](=O)[O-])cc1Cl,6.15552,RRFFUSGBGWODEN-UHFFFAOYSA-N
4213,O=C(Cn1nc(-c2ccccc2)c(-c2ccccc2)nc1=O)Nc1cc(Br)cc(Br)c1,6.11238,RRFFUSGBGWODEN-UHFFFAOYSA-N
4214,N#Cc1ccccc1NC(=O)Cn1nc(-c2ccccc2)c(-c2ccccc2)nc1=O,5.73025,RRFFUSGBGWODEN-UHFFFAOYSA-N
4215,O=C(Cn1nc(-c2ccccc2)c(-c2ccccc2)nc1=O)Nc1ccc(Cl)cc1,5.85201,RRFFUSGBGWODEN-UHFFFAOYSA-N
4216,O=C(Cn1nc(-c2ccccc2)c(-c2ccccc2)nc1=O)Nc1ccc(Br)cc1,6.02641,RRFFUSGBGWODEN-UHFFFAOYSA-N
4217,O=C(Cn1nc(-c2ccccc2)c(-c2ccccc2)nc1=O)Nc1cccc(Cl)c1,5.93517,RRFFUSGBGWODEN-UHFFFAOYSA-N
4218,O=C(Cn1nc(-c2ccccc2)c(-c2ccccc2)nc1=O)Nc1ccc(F)cc1,6.07779,RRFFUSGBGWODEN-UHFFFAOYSA-N
4219,O=C(Cn1nc(-c2ccccc2)c(-c2ccccc2)nc1=O)Nc1ccc(O)cc1,5.94006,RRFFUSGBGWODEN-UHFFFAOYSA-N
4220,O=C(Cn1nc(-c2ccccc2)c(-c2ccccc2)nc1=O)Nc1ccccc1O,6.12321,RRFFUSGBGWODEN-UHFFFAOYSA-N
4221,COc1cc(NC(=O)Cn2nc(-c3ccccc3)c(-c3ccccc3)nc2=O)cc(OC)c1OC,6.14997,RRFFUSGBGWODEN-UHFFFAOYSA-N
4222,COc1cc(NC(=O)Cn2nc(-c3ccccc3)c(-c3ccccc3)nc2=O)cc(OC)c1,6.31336,RRFFUSGBGWODEN-UHFFFAOYSA-N
4223,O=C(Cn1nc(-c2ccccc2)c(-c2ccccc2)nc1=O)Nc1cccc([N+](=O)[O-])c1,5.95117,RRFFUSGBGWODEN-UHFFFAOYSA-N
4224,O=C(Cn1nc(-c2ccccc2)c(-c2ccccc2)nc1=O)Nc1ccccc1Cl,6.14327,RRFFUSGBGWODEN-UHFFFAOYSA-N
4225,O=C(Cn1nc(-c2ccccc2)c(-c2ccccc2)nc1=O)Nc1ccccc1[N+](=O)[O-],6.1343,RRFFUSGBGWODEN-UHFFFAOYSA-N
4226,N#Cc1cccc(NC(=O)Cn2nc(-c3ccccc3)c(-c3ccccc3)nc2=O)c1,5.9024,RRFFUSGBGWODEN-UHFFFAOYSA-N
4227,Cc1ccccc1NC(=O)Cn1nc(-c2ccccc2)c(-c2ccccc2)nc1=O,6.02091,RRFFUSGBGWODEN-UHFFFAOYSA-N
4228,O=C(Cn1nc(-c2ccccc2)c(-c2ccccc2)nc1=O)Nc1ccc(F)cc1F,5.93704,RRFFUSGBGWODEN-UHFFFAOYSA-N
2426,COc1cc(/C=C/C(=O)NCCC2CCN(Cc3ccccc3)CC2)ccc1O,6.273105,IPNCANNCIDZOHY-VAWYXSNFSA-N
2427,COc1ccc(/C=C/C(=O)NCCC2CCN(Cc3ccccc3)CC2)cc1O,5.77989,IPNCANNCIDZOHY-VAWYXSNFSA-N
2428,COc1cc(/C=C/C(=O)NCCC2CCN(Cc3ccccc3)CC2)cc(OC)c1O,6.49349,IPNCANNCIDZOHY-VAWYXSNFSA-N
2429,O=C(/C=C/c1ccc(O)cc1)NCCC1CCN(Cc2ccccc2)CC1,5.65758,IPNCANNCIDZOHY-VAWYXSNFSA-N
2430,O=C(/C=C/c1ccc(O)c(O)c1)NCCC1CCN(Cc2ccccc2)CC1,5.797795000000001,IPNCANNCIDZOHY-VAWYXSNFSA-N
2431,O=C(/C=C/c1ccccc1O)NCCC1CCN(Cc2ccccc2)CC1,5.57187,IPNCANNCIDZOHY-VAWYXSNFSA-N
2432,O=C(/C=C/c1ccccc1)NCCC1CCN(Cc2ccccc2)CC1,6.366475,IPNCANNCIDZOHY-VAWYXSNFSA-N
2433,COc1cc(/C=C/C(=O)NCCC2CCN(Cc3ccccc3)CC2)ccc1OC(C)=O,6.4698,IPNCANNCIDZOHY-VAWYXSNFSA-N
2434,COc1ccc(/C=C/C(=O)NCCC2CCN(Cc3ccccc3)CC2)cc1OC,6.43202,IPNCANNCIDZOHY-VAWYXSNFSA-N
2435,COc1cccc(/C=C/C(=O)NCCC2CCN(Cc3ccccc3)CC2)c1,6.143045,IPNCANNCIDZOHY-VAWYXSNFSA-N
2436,COc1cc(/C=C/C(=O)NCCC2CCN(Cc3ccccc3)CC2)cc(OC)c1OC,6.63078,IPNCANNCIDZOHY-VAWYXSNFSA-N
2437,O=C(/C=C/c1ccc(F)cc1)NCCC1CCN(Cc2ccccc2)CC1,5.48149,IPNCANNCIDZOHY-VAWYXSNFSA-N
2438,O=C(/C=C/c1ccc(Cl)cc1)NCCC1CCN(Cc2ccccc2)CC1,6.44129,IPNCANNCIDZOHY-VAWYXSNFSA-N
2439,O=C(/C=C/c1ccc([N+](=O)[O-])cc1)NCCC1CCN(Cc2ccccc2)CC1,6.47237,IPNCANNCIDZOHY-VAWYXSNFSA-N
2482,O=C(/C=C/c1ccc(O)cc1O)NCCC1CCN(Cc2ccccc2)CC1,6.00436,IPNCANNCIDZOHY-VAWYXSNFSA-N
2483,O=C(/C=C/c1cccc(O)c1)NCCC1CCN(Cc2ccccc2)CC1,5.95078,IPNCANNCIDZOHY-VAWYXSNFSA-N
2484,COc1ccc(/C=C/C(=O)NCCC2CCN(Cc3ccccc3)CC2)c(OC)c1,6.20066,IPNCANNCIDZOHY-VAWYXSNFSA-N
2485,COc1ccc(/C=C/C(=O)NCCC2CCN(Cc3ccccc3)CC2)cc1,6.3098,IPNCANNCIDZOHY-VAWYXSNFSA-N
3027,CC(C)(C)c1cc(/C=C/C(=O)NCCC2CCN(Cc3ccccc3)CC2)cc(C(C)(C)C)c1O,5.6517,IPNCANNCIDZOHY-VAWYXSNFSA-N
3030,COc1ccc(CN2CCC(CCNC(=O)/C=C/c3cc(C(C)(C)C)c(O)c(C(C)(C)C)c3)CC2)cc1,5.67366,IPNCANNCIDZOHY-VAWYXSNFSA-N
3031,Cc1ccccc1CN1CCC(CCNC(=O)/C=C/c2cc(C(C)(C)C)c(O)c(C(C)(C)C)c2)CC1,5.60033,IPNCANNCIDZOHY-VAWYXSNFSA-N
3032,Cc1ccc(CN2CCC(CCNC(=O)/C=C/c3cc(C(C)(C)C)c(O)c(C(C)(C)C)c3)CC2)cc1,5.6968,IPNCANNCIDZOHY-VAWYXSNFSA-N
3033,CC(C)(C)c1cc(/C=C/C(=O)NCCC2CCN(Cc3ccccc3F)CC2)cc(C(C)(C)C)c1O,6.12494,IPNCANNCIDZOHY-VAWYXSNFSA-N
3034,CC(C)(C)c1cc(/C=C/C(=O)NCCC2CCN(Cc3cccc(F)c3)CC2)cc(C(C)(C)C)c1O,5.87615,IPNCANNCIDZOHY-VAWYXSNFSA-N
3035,CC(C)(C)c1cc(/C=C/C(=O)NCCC2CCN(Cc3ccc(F)cc3)CC2)cc(C(C)(C)C)c1O,6.00877,IPNCANNCIDZOHY-VAWYXSNFSA-N
3036,CC(C)(C)c1cc(/C=C/C(=O)NCCC2CCN(Cc3ccc(F)cc3F)CC2)cc(C(C)(C)C)c1O,5.74958,IPNCANNCIDZOHY-VAWYXSNFSA-N
3037,CC(C)(C)c1cc(/C=C/C(=O)NCCC2CCN(Cc3ccc(F)c(F)c3)CC2)cc(C(C)(C)C)c1O,5.79048,IPNCANNCIDZOHY-VAWYXSNFSA-N
3038,CC(C)(C)c1cc(/C=C/C(=O)NCCC2CCN(Cc3ccccc3Cl)CC2)cc(C(C)(C)C)c1O,5.61261,IPNCANNCIDZOHY-VAWYXSNFSA-N
3039,CC(C)(C)c1cc(/C=C/C(=O)NCCC2CCN(Cc3cccc(Cl)c3)CC2)cc(C(C)(C)C)c1O,5.59517,IPNCANNCIDZOHY-VAWYXSNFSA-N
3040,CC(C)(C)c1cc(/C=C/C(=O)NCCC2CCN(Cc3ccc(Br)cc3)CC2)cc(C(C)(C)C)c1O,5.41908,IPNCANNCIDZOHY-VAWYXSNFSA-N
3041,CC(C)(C)c1cc(/C=C/C(=O)NCCC2CCN(Cc3cccc([N+](=O)[O-])c3)CC2)cc(C(C)(C)C)c1O,5.46092,IPNCANNCIDZOHY-VAWYXSNFSA-N
3042,CC(C)(C)c1cc(/C=C/C(=O)NCCC2CCN(Cc3ccc(C#N)cc3)CC2)cc(C(C)(C)C)c1O,5.55596,IPNCANNCIDZOHY-VAWYXSNFSA-N
4114,Cc1ccc2cc(C3CC(c4sccc4Cl)=NN3)c(Cl)nc2c1,6.69897,IPJHLISTNYEINS-UHFFFAOYSA-N
1314,O=C(CCc1c[nH]c2ccccc12)NCCCCCCCCNc1c2c(nc3cc(Cl)ccc13)CCCC2,9.30103,GQBWHZBWCYHEEM-UHFFFAOYSA-N
3166,COc1ccc2nc3c(c(NCCCCCCCCNC(=O)[C@@H](N)Cc4c[nH]c5ccccc45)c2c1)CCCC3,5.88606,GQBWHZBWCYHEEM-UHFFFAOYSA-N
3173,N[C@@H](Cc1c[nH]c2ccccc12)C(=O)NCCCCCCCCNc1c2c(nc3cc(Cl)ccc13)CCCC2,7.30103,GQBWHZBWCYHEEM-UHFFFAOYSA-N
3179,N[C@@H](Cc1c[nH]c2ccccc12)C(=O)NCCCCCCCCNc1c2c(nc3ccccc13)CCCC2,7.11919,GQBWHZBWCYHEEM-UHFFFAOYSA-N
1526,c1ccc2c(CNc3ccnc(N4CCN(C5CCCCC5)CC4)n3)cccc2c1,5.09691,DPVZNLKVPWECGM-UHFFFAOYSA-N
1636,CNC(=O)Oc1cccc(CN(C)CCCCCCCOc2ccc(-c3oc4ccccc4c3C(=O)c3ccc(C)cc3)cc2)c1,6.46852,GQVRUSWODVCDOD-UHFFFAOYSA-N
4549,Nc1c2c(nc3ccc(-c4ccsc4)cc13)CCCC2,6.35262,FKAXNOMJEFGVMA-UHFFFAOYSA-N
2523,Cc1ccc(/C=C2\CN(Cc3cccc(C)c3)C/C(=C\c3ccc(C)cc3)C2=O)cc1,5.49214,VATOZJIGHBQVFX-MUPYBJATSA-N
2525,Cc1cccc(CN2C/C(=C\c3ccccc3)C(=O)/C(=C/c3ccccc3)C2)c1,5.49757,VATOZJIGHBQVFX-MUPYBJATSA-N
2941,COc1nc(-c2ccnc(NC(=O)C3CC3)c2)sc1C(=O)NCCCCCCNc1c2c(nc3ccccc13)CCCC2,7.65758,JAVPGDUXURVQQD-UHFFFAOYSA-N
2141,c1nnc(-c2cc3c(cn2)[nH]c2ncc(-c4ccc(CN5CCCCC5)cc4)cc23)o1,6.34679,HKQUHJFCVOBXLG-UHFFFAOYSA-N
995,C[C@@H]1CCC[C@H](C)N1S(=O)(=O)c1ccccc1,6.40671,VRYWBMTXKFQBCA-UHFFFAOYSA-N
996,Cc1ccc(S(=O)(=O)N2[C@H](C)CCC[C@@H]2C)cc1,6.43415,VRYWBMTXKFQBCA-UHFFFAOYSA-N
997,C[C@@H]1CCC[C@H](C)N1S(=O)(=O)c1ccc(C(C)(C)C)cc1,6.33913,VRYWBMTXKFQBCA-UHFFFAOYSA-N
998,C[C@@H]1CCC[C@H](C)N1S(=O)(=O)c1ccc(Cl)cc1,6.49757,VRYWBMTXKFQBCA-UHFFFAOYSA-N
999,C[C@@H]1CCC[C@H](C)N1S(=O)(=O)c1cc(Cl)ccc1Cl,7.04576,VRYWBMTXKFQBCA-UHFFFAOYSA-N
1000,C[C@@H]1CCC[C@H](C)N1S(=O)(=O)c1ccccc1[N+](=O)[O-],6.73283,VRYWBMTXKFQBCA-UHFFFAOYSA-N
1001,C[C@@H]1CCC[C@H](C)N1S(=O)(=O)c1cccc([N+](=O)[O-])c1,6.7167,VRYWBMTXKFQBCA-UHFFFAOYSA-N
1002,C[C@@H]1CCC[C@H](C)N1S(=O)(=O)c1ccc([N+](=O)[O-])cc1,5.9393,VRYWBMTXKFQBCA-UHFFFAOYSA-N
4542,Nc1c2c(nc3ccc(-c4ccc(Cl)nc4)cc13)CCCC2,6.54212,NJTDMKZXUVAWHE-UHFFFAOYSA-N
4543,Nc1c2c(nc3ccc(-c4ccc(F)nc4)cc13)CCCC2,6.04576,NJTDMKZXUVAWHE-UHFFFAOYSA-N
3860,C#CCOc1cccc(-c2cc(-c3ccc(OCCN4CCOCC4)cc3)nc(C)n2)c1,8.02045,SGIRALQRNVQBBG-UHFFFAOYSA-N
3968,C#CCOc1ccc(-c2cc(-c3ccc(OCCN4CCOCC4)cc3)nc(N)n2)cc1,7.51627,SGIRALQRNVQBBG-UHFFFAOYSA-N
4486,C#CCNc1ccc(-c2cc(-c3ccc(OCCN4CCOCC4)cc3)nc(N)n2)cc1,5.14206,SGIRALQRNVQBBG-UHFFFAOYSA-N
1343,Cc1ccc2ccc(CNCCCCCCCCNc3c4c(nc5ccccc35)CCCC4)c(O)c2n1,9.30103,JVIRZDYESYVDMN-UHFFFAOYSA-N
455,c1ccc2c(c1)CN1CCCCCCC1=N2,5.03621,GCTYUVIIPGRTHM-UHFFFAOYSA-N
3798,COC/C(C=O)=C\CCC1=CC(c2cc(O)ccc2O)OC1=O,5.06956,UXMKOLJFXKKWEQ-UHFFFAOYSA-N
3799,CCOC1(c2cc(O)ccc2O)C=C(CC/C=C(\C)CCC=C(C)C)C(=O)O1,5.13253,UXMKOLJFXKKWEQ-UHFFFAOYSA-N
2556,CC1=C(C(=O)OC2CCC2)C(c2ccccc2F)c2c(nc3c(c2N)CC(C)(C)CC3)N1,6.1209,BHQDTAPCKJANRQ-UHFFFAOYSA-N
4487,COc1cc(/C=C/C(=O)c2ccc(OCCN3CCCC3)cc2)ccc1OCc1nc(C)c(C)nc1C,6.00877,DCYGRUQSKMONOT-LFYBBSHMSA-N
115,C[C@@]12CCNC1Nc1ccc(OC(=O)Nc3ccccc3)cc12,7.65561,ULLJVPKUDFDJKB-UHFFFAOYSA-N
117,CN1c2ccc(OC(=O)Nc3ccccc3)cc2[C@]2(C)CCNC12,7.86012,ULLJVPKUDFDJKB-UHFFFAOYSA-N
128,C[C@]12CCNC1Nc1ccc(OC(=O)Nc3ccccc3)cc12,6.63639,ULLJVPKUDFDJKB-UHFFFAOYSA-N
231,CN1CC[C@@]2(C)c3cc(OC(=O)Nc4ccc(Cl)cc4)ccc3N(C)C12,5.74473,ULLJVPKUDFDJKB-UHFFFAOYSA-N
232,CN1CC[C@@]2(C)c3cc(OC(=O)Nc4ccccc4)ccc3N(C)C12,7.61979,ULLJVPKUDFDJKB-UHFFFAOYSA-N
236,COc1ccc(NC(=O)Oc2ccc3c(c2)[C@]2(C)CCN(C)C2N3C)cc1,5.76955,ULLJVPKUDFDJKB-UHFFFAOYSA-N
254,CN1CC[C@@]2(C)c3cc(OC(=O)Nc4ccccc4)ccc3NC12,7.38934,ULLJVPKUDFDJKB-UHFFFAOYSA-N
273,CN1CC[C@]2(C)c3cc(OC(=O)Nc4ccccc4)ccc3N(C)C12,5.45587,ULLJVPKUDFDJKB-UHFFFAOYSA-N
275,CN1CC[C@@]2(C)c3cc(OC(=O)Nc4ccccc4)ccc3N(C=O)C12,6.10768,ULLJVPKUDFDJKB-UHFFFAOYSA-N
285,CN1CC[C@]2(C)c3cc(OC(=O)Nc4ccccc4)ccc3NC12,5.24761,ULLJVPKUDFDJKB-UHFFFAOYSA-N
431,CC(C)c1ccc(NC(=O)Oc2ccc3c(c2)[C@]2(C)CCNC2N3C)cc1,6.48945,ULLJVPKUDFDJKB-UHFFFAOYSA-N
432,Cc1ccccc1NC(=O)Oc1ccc2c(c1)[C@]1(C)CCN(C)C1N2C,7.98716,ULLJVPKUDFDJKB-UHFFFAOYSA-N
433,CC(C)c1ccc(NC(=O)Oc2ccc3c(c2)[C@]2(C)CCNC2N3)cc1,6.95861,ULLJVPKUDFDJKB-UHFFFAOYSA-N
435,CC(C)c1ccc(NC(=O)Oc2ccc3c(c2)[C@]2(C)CCN(C)C2N3C)cc1,6.12033,ULLJVPKUDFDJKB-UHFFFAOYSA-N
437,Cc1ccccc1NC(=O)Oc1ccc2c(c1)[C@]1(C)CCN(C)C1N2,7.39794,ULLJVPKUDFDJKB-UHFFFAOYSA-N
439,Cc1ccccc1NC(=O)Oc1ccc2c(c1)[C@]1(C)CCNC1N2C,7.76955,ULLJVPKUDFDJKB-UHFFFAOYSA-N
440,Cc1ccccc1NC(=O)Oc1ccc2c(c1)[C@]1(C)CCNC1N2,6.54516,ULLJVPKUDFDJKB-UHFFFAOYSA-N
442,CC(C)c1ccc(NC(=O)Oc2ccc3c(c2)[C@]2(C)CCN(C)C2N3)cc1,5.69465,ULLJVPKUDFDJKB-UHFFFAOYSA-N
4508,CSc1ccc(/C=C/C(=O)c2ccccc2N)cn1,5.91364,MHYINARESROASH-CMDGGOBGSA-N
4509,Cc1ccc(/C=C/C(=O)c2ccccc2N)cn1,5.53462,MHYINARESROASH-CMDGGOBGSA-N
2392,C[N+](C)(C)CCOC(=O)c1ccc(Oc2nc(Oc3ccc(C(=O)OCC[N+](C)(C)C)cc3)nc(Oc3ccc(C(=O)OCC[N+](C)(C)C)cc3)n2)cc1,6.52288,IYDYVVVAQKFGBS-UHFFFAOYSA-N
1325,O=C(CCCc1c[nH]c2ccccc12)NCCCCCCNc1c2c(nc3cc(Cl)ccc13)CCCC2,9.30103,KJZFEFHKWSIECZ-UHFFFAOYSA-N
970,O=C(CCc1ccc2nc(-c3ccccc3)c3c(c2c1)OCCC3)NCCCCNc1c2c(nc3cc(Cl)ccc13)CCCC2,7.77989,AAWHBYRLSMVMPT-UHFFFAOYSA-N
894,CCN(Cc1ccccc1)Cc1ccc(-c2cc3cc(OCCNC(=O)Cc4cc(F)cc(F)c4)ccc3oc2=O)cc1,6.25885,FPGWIAWVSIHWBX-UHFFFAOYSA-N
744,COc1cc(CCC(=O)NNc2c3c(nc4ccccc24)CCCC3)cc(OC)c1OC,6.43771,HJMWUOBZJOSANB-UHFFFAOYSA-N
990,CCC1=CC2Cc3nc4cc(Cl)ccc4c(NCCn4cc(CCCCCCN5CCc6cc(OC)c(OC)cc6C5c5cccc([N+](=O)[O-])c5)nn4)c3C(C1)C2,8.22475,MVFNAHUSKVHVBL-UHFFFAOYSA-N
991,COc1cc2c(cc1OC)C(c1cccc([N+](=O)[O-])c1)N(CCCCCCc1cn(CCNc3c4c(nc5cc(Cl)ccc35)CC3C=C(C)CC4C3)nn1)CC2,8.4034,MVFNAHUSKVHVBL-UHFFFAOYSA-N
4537,C#CCCCOc1c(CN2CCCCC2)cc(-c2cc(=O)c3ccccc3o2)cc1CN1CCCCC1,5.88273,BYUXNAQCYOUTID-UHFFFAOYSA-N
3940,COc1ccc2c(c1)O/C(=C\c1ccc(OCCN3CCCCC3)c(Cl)c1)C2=O,6.79588,VGAYEOMAXFNLKY-PGMHBOJBSA-N
3941,O=C1/C(=C/c2ccc(OCCN3CCCCC3)cc2)Oc2ccccc21,6.45842,VGAYEOMAXFNLKY-PGMHBOJBSA-N
3945,CCOc1ccc2c(c1)O/C(=C\c1ccc(OCCN3CCCCC3)cc1)C2=O,7.34679,VGAYEOMAXFNLKY-PGMHBOJBSA-N
1020,C/C=C1\[C@H]2C=C(C)C[C@]1(/N=C/C=C/c1ccccc1)c1ccc(=O)[nH]c1C2,7.61979,FGUGVXFFERMMID-ONNCBLDTSA-N
1021,C/C=C1\[C@H]2C=C(C)C[C@]1(/N=C/C(=C/c1ccccc1)CCCCC)c1ccc(=O)[nH]c1C2,7.29243,FGUGVXFFERMMID-ONNCBLDTSA-N
1022,C/C=C1\[C@H]2C=C(C)C[C@]1(/N=C/C(C)=C/c1ccccc1)c1ccc(=O)[nH]c1C2,7.60206,FGUGVXFFERMMID-ONNCBLDTSA-N
1023,C/C=C1\[C@H]2C=C(C)C[C@]1(/N=C/C=C/c1ccc(N(C)C)cc1)c1ccc(=O)[nH]c1C2,7.39794,FGUGVXFFERMMID-ONNCBLDTSA-N
2305,O=C(NCCCCCCCNc1c2c(nc3ccccc13)CCCCC2)c1cc2ccccc2o1,6.4908,VXLRZAXUUZPXJL-UHFFFAOYSA-N
2308,COc1cccc2cc(C(=O)NCCCCCCCNc3c4c(nc5ccccc35)CCCCC4)oc12,6.38091,VXLRZAXUUZPXJL-UHFFFAOYSA-N
98,COc1cc2cc(C(=O)CCc3cc[n+](Cc4ccsc4)cc3)sc2cc1OC,8.22185,FGETXRCMJIPTMK-UHFFFAOYSA-N
3776,CCN(CC)Cc1ccc(C=C2Cc3cc(OC)c(OC)cc3C2=O)cc1,6.59688,ITHXOKQJEXLMKO-UHFFFAOYSA-N
3778,CCN(CC)Cc1ccc(C=C2Cc3ccccc3C2=O)cc1,5.88273,ITHXOKQJEXLMKO-UHFFFAOYSA-N
3780,CCN(CC)Cc1ccc(C=C2Cc3cc(OC)ccc3C2=O)cc1,6.29671,ITHXOKQJEXLMKO-UHFFFAOYSA-N
3783,CCN(CC)Cc1ccc(C=C2Cc3ccc(OC)cc3C2=O)cc1,5.95861,ITHXOKQJEXLMKO-UHFFFAOYSA-N
778,CCN(CCCCCC(=O)N1CCC(CCC2CCN(C(=O)CCCCCN(CC)Cc3ccccc3OC)CC2)CC1)Cc1ccccc1OC,8.13001,ZCFTXFRNKQBBTE-UHFFFAOYSA-N
844,COc1ccccc1CNCCCCCC(=O)N1CCC(CCC2CCN(C(=O)CCCCCNCc3ccccc3OC)CC2)CC1,6.86999,ZCFTXFRNKQBBTE-UHFFFAOYSA-N
2856,Cc1cc(=O)oc2cc(OCc3cc[n+](Cc4ccccc4)cc3)ccc12,6.45346,LWQJZEVGFMLOFK-UHFFFAOYSA-N
2857,Cc1cc(=O)oc2cc(OCc3cc[n+](Cc4ccccc4F)cc3)ccc12,7.18509,LWQJZEVGFMLOFK-UHFFFAOYSA-N
2858,Cc1cc(=O)oc2cc(OCc3cc[n+](Cc4cccc(F)c4)cc3)ccc12,7.38091,LWQJZEVGFMLOFK-UHFFFAOYSA-N
2859,Cc1cc(=O)oc2cc(OCc3cc[n+](Cc4ccc(F)cc4)cc3)ccc12,7.43297,LWQJZEVGFMLOFK-UHFFFAOYSA-N
2860,Cc1ccccc1C[n+]1ccc(COc2ccc3c(C)cc(=O)oc3c2)cc1,7.451,LWQJZEVGFMLOFK-UHFFFAOYSA-N
2861,Cc1cccc(C[n+]2ccc(COc3ccc4c(C)cc(=O)oc4c3)cc2)c1,7.07779,LWQJZEVGFMLOFK-UHFFFAOYSA-N
2862,Cc1ccc(C[n+]2ccc(COc3ccc4c(C)cc(=O)oc4c3)cc2)cc1,6.60206,LWQJZEVGFMLOFK-UHFFFAOYSA-N
2863,Cc1cc(=O)oc2cc(OCc3cc[n+](Cc4ccccc4Br)cc3)ccc12,7.10735,LWQJZEVGFMLOFK-UHFFFAOYSA-N
2864,Cc1cc(=O)oc2cc(OCc3cc[n+](Cc4cccc(Br)c4)cc3)ccc12,6.89076,LWQJZEVGFMLOFK-UHFFFAOYSA-N
2865,Cc1cc(=O)oc2cc(OCc3cc[n+](Cc4ccc(Br)cc4)cc3)ccc12,6.66254,LWQJZEVGFMLOFK-UHFFFAOYSA-N
2866,Cc1cc(=O)oc2cc(OCc3cc[n+](Cc4cccc([N+](=O)[O-])c4)cc3)ccc12,6.63827,LWQJZEVGFMLOFK-UHFFFAOYSA-N
2867,Cc1cc(=O)oc2cc(OCc3cc[n+](Cc4ccc([N+](=O)[O-])cc4)cc3)ccc12,5.96778,LWQJZEVGFMLOFK-UHFFFAOYSA-N
2703,CCN(CCCN1C(=O)c2ccccc2C1=O)Cc1ccccc1OC,5.34679,MOMVTGBGFTXRIQ-UHFFFAOYSA-N
2704,C#CCN(CCCN1C(=O)c2ccccc2C1=O)Cc1ccccc1,5.92082,MOMVTGBGFTXRIQ-UHFFFAOYSA-N
1547,CCN(CC)CCCC(C)Nc1c2ccc(Cl)cc2nc2ccc(OC)cc12,5.57398,DZBUGLKDJFMEHC-UHFFFAOYSA-N
3360,c1ccc2nc3ccccc3cc2c1,5.16494,DZBUGLKDJFMEHC-UHFFFAOYSA-N
1929,CN(C)c1ccc(/C=C2/CNC/C(=C\c3ccc(N(C)C)cc3[N+](=O)[O-])C2=O)c([N+](=O)[O-])c1,6.05552,KPVTZSGWKGUMLH-MJZABRMRSA-N
1930,CN1C/C(=C/c2ccc(N(C)C)cc2[N+](=O)[O-])C(=O)/C(=C/c2ccc(N(C)C)cc2[N+](=O)[O-])C1,7.24413,KPVTZSGWKGUMLH-MJZABRMRSA-N
564,C/C=C(\C)C(=O)N[C@H]1CC[C@@]2(C)C(=CC[C@H]3[C@@H]4CC[C@H]([C@H](C)N(C)C)[C@@]4(C)CC[C@@H]32)C1=O,5.15,QUKURFWPODKMTL-FJGURNMVSA-N
917,CN[C@@H](C)[C@H]1CC[C@H]2[C@@H]3CC=C4C(=O)[C@@H](NC(=O)C=C(C)C)CC[C@]4(C)[C@H]3CC[C@]12C,5.00436,QUKURFWPODKMTL-FJGURNMVSA-N
927,CCN(CCCCCCN1CCN(CCCCCCN(CC)Cc2ccccc2OC)C1=O)Cc1ccccc1OC,7.14026,HVQMCODVWMGXKV-UHFFFAOYSA-N
3976,COc1ccc([C@@H]2N[C@@H](C(=O)O)Cc3c2n(C)c2ccccc32)cc1OC,5.60206,INERHEQVAVQJBO-INIZCTEOSA-N
474,C[N+]1(Cc2ccccc2)CCC(CCC(=O)c2ccc3c(c2)OCO3)CC1,7.00087,BULPDQLGDINAMU-UHFFFAOYSA-O
1167,O=C1c2ccccc2C(=O)N1CCC1CCN(Cc2ccccc2)CC1,7.09691,CRPBEXXXEBUOEC-UHFFFAOYSA-N
1169,O=C1c2ccc([N+](=O)[O-])cc2C(=O)N1CCC1CCN(Cc2ccccc2)CC1,7.90309,CRPBEXXXEBUOEC-UHFFFAOYSA-N
1170,COc1ccc(CN2CCC(CCN3C(=O)c4ccc([N+](=O)[O-])cc4C3=O)CC2)cc1,6.35655,CRPBEXXXEBUOEC-UHFFFAOYSA-N
1171,O=C1c2ccc([N+](=O)[O-])cc2C(=O)N1CCC1CCN(Cc2ccc(Cl)cc2)CC1,6.61979,CRPBEXXXEBUOEC-UHFFFAOYSA-N
1173,Nc1ccc2c(c1)C(=O)N(CCC1CCN(Cc3ccccc3)CC1)C2=O,8.05552,CRPBEXXXEBUOEC-UHFFFAOYSA-N
1174,CC(=O)Nc1ccc2c(c1)C(=O)N(CCC1CCN(Cc3ccccc3)CC1)C2=O,8.55284,CRPBEXXXEBUOEC-UHFFFAOYSA-N
1176,COc1ccc2c(c1)C(=O)N(CCC1CCN(Cc3ccccc3)CC1)C2=O,8.09691,CRPBEXXXEBUOEC-UHFFFAOYSA-N
1179,O=C1c2cccc([N+](=O)[O-])c2C(=O)N1CCC1CCN(Cc2ccccc2)CC1,8.04576,CRPBEXXXEBUOEC-UHFFFAOYSA-N
1180,Nc1cccc2c1C(=O)N(CCC1CCN(Cc3ccccc3)CC1)C2=O,7.95861,CRPBEXXXEBUOEC-UHFFFAOYSA-N
612,COc1ccc(-c2cc3c(c(=O)o2)C[C@@]2(O)[C@@]4(C)C=CC(=O)C(C)(C)[C@@]4(O)CC[C@@]2(C)O3)cc1,7.04576,GLEKCUCIXWPZNR-UHFFFAOYSA-N
3448,CNC(=O)c1sc(-c2ccnc(NC(=O)C3CC3)c2)nc1OCCc1cn(CCNc2c3c(nc4cc(Cl)ccc24)CCCC3)nn1,7.41229,WHUJSQXNUCCIJX-UHFFFAOYSA-N
3449,CNC(=O)c1sc(-c2ccnc(NC(=O)C3CC3)c2)nc1OCCc1cn(CCNc2c3c(nc4ccccc24)CCCC3)nn1,6.57025,WHUJSQXNUCCIJX-UHFFFAOYSA-N
1310,O=C(CCc1c[nH]c2ccccc12)NCCCCCNc1c2c(nc3ccccc13)CCCC2,7.1549,YYNNNHICPRTURU-UHFFFAOYSA-N
1311,O=C(CCc1c[nH]c2ccccc12)NCCCCCNc1c2c(nc3cc(Cl)ccc13)CCCC2,8.39794,YYNNNHICPRTURU-UHFFFAOYSA-N
3163,COc1ccc2nc3c(c(NCCCCCNC(=O)[C@@H](N)Cc4c[nH]c5ccccc45)c2c1)CCCC3,6.20761,YYNNNHICPRTURU-UHFFFAOYSA-N
3170,N[C@@H](Cc1c[nH]c2ccccc12)C(=O)NCCCCCNc1c2c(nc3cc(Cl)ccc13)CCCC2,7.11919,YYNNNHICPRTURU-UHFFFAOYSA-N
3177,N[C@@H](Cc1c[nH]c2ccccc12)C(=O)NCCCCCNc1c2c(nc3ccccc13)CCCC2,6.49485,YYNNNHICPRTURU-UHFFFAOYSA-N
1602,CN(CCCOc1ccc2ccc(=O)oc2c1)Cc1cccc(OC(=O)NCCCCCc2ccccc2)c1,7.12552,OLGSQAZZHZPLGV-UHFFFAOYSA-N
2452,Cc1cc(=O)oc2cc(OCCCN(C)Cc3cccc(OC(=O)NCCCCCc4ccccc4)c3)ccc12,7.0942,OLGSQAZZHZPLGV-UHFFFAOYSA-N
644,COc1cc2c(cc1OC)SC(C(=O)CCc1cc[n+](CC3CCC3)cc1)C2,7.39794,GDYXVZFBBRJOFV-UHFFFAOYSA-N
1606,COc1ccc(CNc2ccnc(NC3CCN(Cc4ccccc4)CC3)n2)cc1OC,5.00436,GLHVTNXLNWGCPW-UHFFFAOYSA-N
1607,COc1ccc(CNc2ccnc(NC3CCN(Cc4ccccc4)CC3)n2)cc1,5.02687,GLHVTNXLNWGCPW-UHFFFAOYSA-N
1608,Fc1ccc(CNc2ccnc(NC3CCN(Cc4ccccc4)CC3)n2)cc1,5.11351,GLHVTNXLNWGCPW-UHFFFAOYSA-N
1609,Brc1ccc(CNc2ccnc(NC3CCN(Cc4ccccc4)CC3)n2)cc1,5.00436,GLHVTNXLNWGCPW-UHFFFAOYSA-N
1610,Clc1ccc(CNc2ccnc(NC3CCN(Cc4ccccc4)CC3)n2)cc1,5.05552,GLHVTNXLNWGCPW-UHFFFAOYSA-N
1611,Clc1cccc(CNc2ccnc(NC3CCN(Cc4ccccc4)CC3)n2)c1,5.11351,GLHVTNXLNWGCPW-UHFFFAOYSA-N
1612,Clc1ccccc1CNc1ccnc(NC2CCN(Cc3ccccc3)CC2)n1,5.11351,GLHVTNXLNWGCPW-UHFFFAOYSA-N
932,CCN(CCCCCC(=O)N[C@H]1CC[C@H](NC(=O)CCCCCN(CC)Cc2ccccc2OC)CC1)Cc1ccccc1OC,5.06803,INXDBDQGBWBWPO-WXUXXXNLSA-N
3135,COc1ccc(CCOCCCCCNc2c3c(nc4ccccc24)CCCC3)cc1,6.66555,HQDPUZWRGZJKEA-UHFFFAOYSA-N
3136,COc1ccc(CCOCCCCCNc2c3c(nc4ccccc24)CCCC3)cc1OC,6.77469,HQDPUZWRGZJKEA-UHFFFAOYSA-N
3139,Oc1ccc(CCOCCCCCNc2c3c(nc4ccccc24)CCCC3)cc1,6.84771,HQDPUZWRGZJKEA-UHFFFAOYSA-N
3140,Oc1ccc(CCOCCCCCNc2c3c(nc4ccccc24)CCCC3)cc1O,6.266,HQDPUZWRGZJKEA-UHFFFAOYSA-N
444,Cc1ccccc1NC(=O)Oc1ccc2c(c1)[C@]1(C)CCN(CCc3ccccc3)C1N2C,6.25964,FGYCMKQXOGBSDD-UHFFFAOYSA-N
189,CC1CCN(Cc2ccccc2)CC1,8.27572,NZVZVGPYTICZBZ-UHFFFAOYSA-N
192,CC1CCN(Cc2ccccc2[N+](=O)[O-])CC1,6.79588,NZVZVGPYTICZBZ-UHFFFAOYSA-N
193,Cc1ccccc1CN1CCC(C)CC1,8.0,NZVZVGPYTICZBZ-UHFFFAOYSA-N
1056,CCCCCCOC(=O)[C@H](CCC(=O)NCCC1CCN(Cc2ccccc2)CC1)NC(=O)OC(C)(C)C,6.02228,NZVZVGPYTICZBZ-UHFFFAOYSA-N
1165,CC(=O)N(C)CCC1CCN(Cc2ccccc2)CC1,6.18046,NZVZVGPYTICZBZ-UHFFFAOYSA-N
1355,C[C@H](c1cccc(OC(=O)N(C)C)c1)N1CCCCC1,7.49485,NZVZVGPYTICZBZ-UHFFFAOYSA-N
2829,COc1ccc(C2NC(=S)Nc3nc4c(c(N)c32)CCCC4)cc1,5.11691,LBDRAYNINOXQIR-UHFFFAOYSA-N
2830,COc1cccc(C2NC(=S)Nc3nc4c(c(N)c32)CCCC4)c1,5.5157,LBDRAYNINOXQIR-UHFFFAOYSA-N
2832,Nc1c2c(nc3c1C(c1ccc(Cl)cc1)NC(=S)N3)CCCC2,5.27737,LBDRAYNINOXQIR-UHFFFAOYSA-N
2833,Nc1c2c(nc3c1C(c1cccc(Br)c1)NC(=S)N3)CCCC2,7.42829,LBDRAYNINOXQIR-UHFFFAOYSA-N
1952,CCN(CCC(=O)NCCCNc1c2c(nc3ccccc13)CCCC2)C1CCCCC1,7.58004,ZBMVIVMHUGABFH-UHFFFAOYSA-N
1959,CN(CCC(=O)NCCCNc1c2c(nc3ccccc13)CCCC2)C1CCCCC1,6.40012,ZBMVIVMHUGABFH-UHFFFAOYSA-N
4340,Cc1ccc(C(C)C)cc1OCC(=O)N1CCCCC1,5.71444,IUPQNTVJUFOXAX-UHFFFAOYSA-N
3111,OC(CNCc1cccc(OCc2ccccc2)c1)Cn1cc(Br)c2cc(Br)ccc21,5.04096,KAHSAWGWWLYAFT-UHFFFAOYSA-N
371,CCCCCCNC(=O)Oc1ccc2c(c1)[C@]1(C)CCN(CC)C1C2,7.34679,AYMKUDMWKRYQAG-UHFFFAOYSA-N
372,CCCCCCCNC(=O)Oc1ccc2c(c1)[C@]1(C)CCN(CC)C1C2,7.23657,AYMKUDMWKRYQAG-UHFFFAOYSA-N
373,CCCNC(=O)Oc1ccc2c(c1)[C@]1(C)CCN(CC)C1C2,6.81248,AYMKUDMWKRYQAG-UHFFFAOYSA-N
376,CCCCCCNC(=O)Oc1ccc2c(c1)[C@]1(C)CCN(C)C1C2,7.11351,AYMKUDMWKRYQAG-UHFFFAOYSA-N
377,CCCCCCCNC(=O)Oc1ccc2c(c1)[C@]1(C)CCN(C)C1C2,6.9431,AYMKUDMWKRYQAG-UHFFFAOYSA-N
386,CCCCNC(=O)Oc1ccc2c(c1)[C@]1(C)CCN(CC)C1C2,7.04576,AYMKUDMWKRYQAG-UHFFFAOYSA-N
387,CCCCCCCNC(=O)Oc1ccc2c(c1)[C@]1(C)CCN(CCC)C1C2,7.03152,AYMKUDMWKRYQAG-UHFFFAOYSA-N
389,CCN1CC[C@@]2(C)c3cc(OC(=O)NC)ccc3CC12,7.42022,AYMKUDMWKRYQAG-UHFFFAOYSA-N
1145,CCCCNC(=O)Oc1ccc2c(c1)C1CCN(CC)C1C2,5.96819,AYMKUDMWKRYQAG-UHFFFAOYSA-N
1146,CCCNC(=O)Oc1ccc2c(c1)C1CCN(CC)C1C2,5.65916,AYMKUDMWKRYQAG-UHFFFAOYSA-N
1147,CCN1CCC2c3cc(OC(=O)NC)ccc3CC21,6.59688,AYMKUDMWKRYQAG-UHFFFAOYSA-N
1148,CCCCCCCNC(=O)Oc1ccc2c(c1)C1CCN(CCC)C1C2,6.20135,AYMKUDMWKRYQAG-UHFFFAOYSA-N
1149,CCCCCCNC(=O)Oc1ccc2c(c1)C1CCN(CCC)C1C2,6.26281,AYMKUDMWKRYQAG-UHFFFAOYSA-N
2713,C[n+]1c(/C=C/c2ccccc2)ccc2ccccc21,5.36653,RLGKSXCGHMXELQ-ZRDIBKRKSA-O
2714,C[n+]1c(/C=C/c2ccc(O)cc2)ccc2ccccc21,5.74473,RLGKSXCGHMXELQ-ZRDIBKRKSA-O
2715,COc1cc(/C=C/c2ccc3ccccc3[n+]2C)cc(OC)c1O,5.76955,RLGKSXCGHMXELQ-ZRDIBKRKSA-O
2716,COc1cc(/C=C/c2ccc3ccccc3[n+]2C)cc(OC)c1OC,5.79588,RLGKSXCGHMXELQ-ZRDIBKRKSA-O
2717,COc1cc(/C=C/c2ccc3ccccc3[n+]2C)ccc1F,5.55284,RLGKSXCGHMXELQ-ZRDIBKRKSA-O
2718,CN(C)c1ccc(/C=C/c2ccc3ccccc3[n+]2C)cc1,6.30103,RLGKSXCGHMXELQ-ZRDIBKRKSA-O
2719,CCN(CC)c1ccc(/C=C/c2ccc3ccccc3[n+]2C)c(O)c1,5.82391,RLGKSXCGHMXELQ-ZRDIBKRKSA-O
2720,CCN(CC)c1ccc(/C=C/c2ccc3ccccc3[n+]2C)c(OC)c1,6.1549,RLGKSXCGHMXELQ-ZRDIBKRKSA-O
2723,CCN(CC)c1ccc(/C=C/c2ccc3ccccc3[n+]2C)cc1,6.39794,RLGKSXCGHMXELQ-ZRDIBKRKSA-O
2724,CCN(CC)c1ccc(/C=C/c2ccc3ccccc3[n+]2C)c(Cl)c1,6.22185,RLGKSXCGHMXELQ-ZRDIBKRKSA-O
2725,C[n+]1c(/C=C/c2ccc(Cl)cc2)ccc2ccccc21,5.35655,RLGKSXCGHMXELQ-ZRDIBKRKSA-O
2726,C[n+]1c(/C=C/c2ccc(F)cc2)ccc2ccccc21,5.61979,RLGKSXCGHMXELQ-ZRDIBKRKSA-O
3210,CCOc1ccc2[nH]c(SCc3cn(CC4CCN(Cc5ccccc5)CC4)nn3)nc2c1,5.16115,PPCLZSQPGRUGBH-UHFFFAOYSA-N
3211,c1ccc(CN2CCC(Cn3cc(CSc4nc5ccccc5[nH]4)nn3)CC2)cc1,5.1349,PPCLZSQPGRUGBH-UHFFFAOYSA-N
1469,COc1cc2c(cc1OC)CN(c1cc[n+](Cc3ccc(C[n+]4ccc(N5CCCCC5)cc4)cc3)cc1)CC2,7.20761,BXXICGWXQFEDAP-UHFFFAOYSA-N
4305,Cc1ccccc1Oc1ccc2nc3c(c(N)c2c1)CCCC3,5.42251,YQECNLHNFBWCNG-UHFFFAOYSA-N
4306,COc1ccccc1Oc1ccc2nc3c(c(N)c2c1)CCCC3,6.07572,YQECNLHNFBWCNG-UHFFFAOYSA-N
4307,Cc1cccc(Oc2ccc3nc4c(c(N)c3c2)CCCC4)c1,5.03668,YQECNLHNFBWCNG-UHFFFAOYSA-N
4308,COc1cccc(Oc2ccc3nc4c(c(N)c3c2)CCCC4)c1,5.5784,YQECNLHNFBWCNG-UHFFFAOYSA-N
4309,Cc1ccc(Oc2ccc3nc4c(c(N)c3c2)CCCC4)cc1,5.4828,YQECNLHNFBWCNG-UHFFFAOYSA-N
4310,COc1ccc(Oc2ccc3nc4c(c(N)c3c2)CCCC4)cc1,5.5376,YQECNLHNFBWCNG-UHFFFAOYSA-N
4311,Nc1c2c(nc3ccc(Oc4ccc(Cl)cc4)cc13)CCCC2,5.53462,YQECNLHNFBWCNG-UHFFFAOYSA-N
4312,CC(C)(C)c1ccc(Oc2ccc3nc4c(c(N)c3c2)CCCC4)cc1,5.70774,YQECNLHNFBWCNG-UHFFFAOYSA-N
4313,Cc1cc(C)cc(Oc2ccc3nc4c(c(N)c3c2)CCCC4)c1,5.79048,YQECNLHNFBWCNG-UHFFFAOYSA-N
4322,Nc1c2c(nc3ccc(Oc4ccccc4)cc13)CCCC2,5.487135,YQECNLHNFBWCNG-UHFFFAOYSA-N
152,Cc1cc(=NCCC2CCN(Cc3ccccc3)CC2)[nH]nc1-c1ccccc1,7.54336,PHORSJQGLQBIOY-UHFFFAOYSA-N
153,CCc1cc(=NCCC2CCN(Cc3ccccc3)CC2)[nH]nc1-c1ccccc1,7.37455,PHORSJQGLQBIOY-UHFFFAOYSA-N
224,c1ccc(CN2CCC(CCNc3ccc(-c4ccccc4)nn3)CC2)cc1,6.887345,PHORSJQGLQBIOY-UHFFFAOYSA-N
1277,Cc1cc(-c2ccccc2)n[nH]c1=NCCC1CCN(Cc2ccccc2)CC1,6.49485,PHORSJQGLQBIOY-UHFFFAOYSA-N
1278,CC(C)c1cc(-c2ccccc2)n[nH]c1=NCCC1CCN(Cc2ccccc2)CC1,6.36653,PHORSJQGLQBIOY-UHFFFAOYSA-N
1279,CCCc1cc(=NCCC2CCN(Cc3ccccc3)CC2)[nH]nc1-c1ccccc1,7.21467,PHORSJQGLQBIOY-UHFFFAOYSA-N
4558,COn1cc(CCNC(=S)NCCCCCNc2c3c(nc4ccccc24)CCCC3)c2ccccc21,7.1549,DZNRRYKCVFWJKP-UHFFFAOYSA-N
1113,O=C(CCC1CCN(Cc2ccccc2)CC1)c1ccc2c(c1)N(c1ccccc1)CCC2,5.82681,FLEWNSKCTYCXMT-UHFFFAOYSA-N
3573,COc1cccc(N2CCN(C(=O)/C=C/c3ccc(O)c(OC)c3)CC2)c1,5.00393,FADBKIXZVPGOPE-VAWYXSNFSA-N
3873,O=C1OCc2cc(-c3ccc(-c4ccc(CO)cc4)s3)ccc21,5.09691,FHXCKAKIBCYHMZ-UHFFFAOYSA-N
394,COc1ccccc1CN1CCCCCCCCN(Cc2ccccc2OC)C(=O)CCCCCNCc2ccc(cc2)CNCCCCCC1=O,5.85,FWHGXAVKRXWJSP-UHFFFAOYSA-N
725,COc1cc2ccnc(C(O)c3ccccc3OC)c2cc1OC,5.15864,IZTUINVRJSCOIR-UHFFFAOYSA-N
1780,COc1cc2c(cc1OC)C(=O)C(CCCCCCc1cccc(OC)[n+]1C)C2.O=S(=O)([O-])C(F)(F)F,7.07745,FHAMORVAQLWZNL-UHFFFAOYSA-O
1345,CN(C)c1cccc(OC(=O)Nc2ccccc2)c1,5.60206,XVNKRRXASPPECQ-UHFFFAOYSA-N
1346,COS(=O)(=O)[O-].C[N+](C)(C)c1cccc(OC(=O)Nc2ccccc2)c1,5.727,XVNKRRXASPPECQ-UHFFFAOYSA-N
135,Nc1c2c(nc3c1CCCO3)CCCC2,6.34199,FZAANFLYCBJAJT-UHFFFAOYSA-N
2678,Clc1ccc2c(NCc3ccccn3)c3c(nc2c1)CCCC3,7.04576,GAHQTUGIHSTVHS-UHFFFAOYSA-N
2687,c1ccc(CNc2c3c(nc4ccccc24)CCCC3)nc1,5.17393,GAHQTUGIHSTVHS-UHFFFAOYSA-N
4529,C#CCOc1c(CN2CCOCC2)cc(-c2cc(=O)c3ccccc3o2)cc1OC,5.14026,CVDOCHGSBFJTHT-UHFFFAOYSA-N
4531,C#CCCOc1c(CN2CCOCC2)cc(-c2cc(=O)c3ccccc3o2)cc1OCC,5.21896,CVDOCHGSBFJTHT-UHFFFAOYSA-N
4535,C#CCOc1ccc(-c2cc(=O)c3ccccc3o2)cc1CN1CCOCC1,5.65956,CVDOCHGSBFJTHT-UHFFFAOYSA-N
4116,Cc1ccc(C(=O)/C=C/c2ccc(N3CCCCC3)cc2)s1,6.88606,PEEHJHNPSOPBHE-DHZHZOJOSA-N
4117,O=C(/C=C/c1ccc(N2CCCCC2)cc1)c1sccc1Cl,6.79588,PEEHJHNPSOPBHE-DHZHZOJOSA-N
4564,C[Si](C)(C)c1c([Si](C)(C)C)c(=P(c2ccccc2)(c2ccccc2)c2ccccc2)c1=O,6.94692,ANQGNYZKGOFNSV-UHFFFAOYSA-N
4027,COc1ccc(NC(=O)C2CCN(C(=O)c3ccccc3)CC2)cc1,8.00966,ZJEMMILNQUDGAY-UHFFFAOYSA-N
4028,COc1ccccc1NC(=O)C1CCN(C(=O)c2ccccc2)CC1,8.07263,ZJEMMILNQUDGAY-UHFFFAOYSA-N
4029,COc1ccc(NC(=O)C2CCN(C(=O)c3ccccc3)CC2)cc1OC,8.38616,ZJEMMILNQUDGAY-UHFFFAOYSA-N
3714,COc1ccc2[nH]cc(CCNC(=O)Cn3cc(CN4CC[C@@]56C=C[C@H](O)C[C@@H]5Oc5c(OC)ccc(c56)C4)nn3)c2c1,5.26664,IBPXTZGMIXISTL-FIBWVYCGSA-N
4556,COCc1c(O)c(Oc2c(C=O)c(O)cc(C)c2C(=O)OC)c2c(c1O)C(=O)O[C@H]2O,5.14874,BWZFLAUDFHHCEQ-UHFFFAOYSA-N
2514,COc1cc2c(cc1OC)C(=O)C(CC1CCN(Cc3ccccn3)CC1)C2,6.83268,UXBVURPUSBIFGC-UHFFFAOYSA-N
2515,COc1cc2c(cc1OC)C(=O)C(CC1CCN(Cc3ncccc3C)CC1)C2,6.94692,UXBVURPUSBIFGC-UHFFFAOYSA-N
2516,COc1cc2c(cc1OC)C(=O)C(CC1CCN(Cc3cccc(C)n3)CC1)C2,7.13668,UXBVURPUSBIFGC-UHFFFAOYSA-N
2517,COc1cc2c(cc1OC)C(=O)C(CC1CCN(Cc3ncc(C)cc3C)CC1)C2,6.08938,UXBVURPUSBIFGC-UHFFFAOYSA-N
2518,COc1cc2c(cc1OC)C(=O)C(CC1CCN(Cc3cccc(F)n3)CC1)C2,6.70997,UXBVURPUSBIFGC-UHFFFAOYSA-N
2519,COc1cc2c(cc1OC)C(=O)C(CC1CCN(Cc3cccc(Cl)n3)CC1)C2,6.05404,UXBVURPUSBIFGC-UHFFFAOYSA-N
2520,COc1cc2c(cc1OC)C(=O)C(CC1CCN(Cc3cccc(Br)n3)CC1)C2,5.70333,UXBVURPUSBIFGC-UHFFFAOYSA-N
2521,COC(=O)c1cccc(CN2CCC(CC3Cc4cc(OC)c(OC)cc4C3=O)CC2)n1,5.23807,UXBVURPUSBIFGC-UHFFFAOYSA-N
3130,Oc1ccc(/C=N/c2c3c(nc4ccccc24)CCCC3)cc1,5.83121,QMMRHVHQOLFZMP-KGENOOAVSA-N
3131,Oc1ccc(/C=N/c2c3c(nc4ccccc24)CCCC3)cc1O,6.21538,QMMRHVHQOLFZMP-KGENOOAVSA-N
3133,Oc1cc(/C=N/c2c3c(nc4ccccc24)CCCC3)cc(O)c1O,5.98297,QMMRHVHQOLFZMP-KGENOOAVSA-N
2475,CCCCCCc1ccc(NC(=O)Oc2cccc(CN(C)CCCOc3ccc4ccc(=O)oc4c3)c2)cc1,5.42022,IDTSETIJMAVCIZ-UHFFFAOYSA-N
2378,COc1ccc(C(=O)N2c3ccccc3Sc3ccc(Cl)cc32)cc1OC,5.19382,RVBAUHGQSLEOSR-UHFFFAOYSA-N
2379,COc1cccc(C(=O)N2c3ccccc3Sc3ccc(Cl)cc32)c1,5.33724,RVBAUHGQSLEOSR-UHFFFAOYSA-N
2380,COc1ccc(C(=O)N2c3ccccc3Sc3ccc(Cl)cc32)cc1,5.22915,RVBAUHGQSLEOSR-UHFFFAOYSA-N
2383,O=C(c1ccccc1)N1c2ccccc2Sc2ccc(Cl)cc21,5.00436,RVBAUHGQSLEOSR-UHFFFAOYSA-N
2385,COc1ccc(C(=O)N2c3ccccc3Sc3ccccc32)cc1OC,5.23657,RVBAUHGQSLEOSR-UHFFFAOYSA-N
2386,COc1cccc(C(=O)N2c3ccccc3Sc3ccccc32)c1,5.20761,RVBAUHGQSLEOSR-UHFFFAOYSA-N
2387,COc1ccc(C(=O)N2c3ccccc3Sc3ccccc32)cc1,5.20066,RVBAUHGQSLEOSR-UHFFFAOYSA-N
2390,O=C(c1ccccc1)N1c2ccccc2Sc2ccccc21,5.09691,RVBAUHGQSLEOSR-UHFFFAOYSA-N
1544,CCCCCCCCCCCCCCCC[n+]1ccccc1,5.56019,JUJWROOIHBZHMG-UHFFFAOYSA-O
962,CC1(C)CC(=O)C2=C(C1)Nc1nc3c(c(N)c1C2c1ccncc1)CCCC3,5.55284,FZGXLGWKSSVIND-UHFFFAOYSA-N
197,CN1CCC(C[C@H]2Cc3ccccc3C2=O)CC1,8.11351,HTMGTCWBXHRXNE-ZDUSSCGKSA-N
4460,N/C(=N\O)c1cccc(NC(=O)NCCc2c[nH]c3ccccc23)c1,5.81248,ZGQABPLJNQKODP-UHFFFAOYSA-N
4461,N/C(=N\O)c1cccc(NC(=O)NCCc2c[nH]c3ccc(Cl)cc23)c1,5.93554,ZGQABPLJNQKODP-UHFFFAOYSA-N
4462,COc1ccc2[nH]cc(CCNC(=O)Nc3cccc(/C(N)=N/O)c3)c2c1,6.04096,ZGQABPLJNQKODP-UHFFFAOYSA-N
4019,Cc1cc2c(c(C)c1CCO[C@@H]1O[C@H](CO)[C@@H](O)[C@H](O)[C@H]1O)C(=O)[C@H](C)C2,5.59346,PPPXDRHTRMAHDD-INIZCTEOSA-N
4020,Cc1cc2c(c(C)c1CCO[C@@H]1O[C@H](CO)[C@@H](O)[C@H](O)[C@H]1O)C(=O)[C@@H](C)[C@H]2O,5.03763,PPPXDRHTRMAHDD-INIZCTEOSA-N
4021,Cc1cc2c(c(C)c1CCO[C@@H]1O[C@H](CO)[C@@H](O)[C@H](O)[C@H]1O)C(=O)[C@H](C)[C@H]2O,5.42366,PPPXDRHTRMAHDD-INIZCTEOSA-N
1755,CC(C)N(CCOc1ccc(-c2nc3cc(Cl)ccc3[nH]2)cc1)C(C)C,5.43415,DWYHDSLIWMUSOO-UHFFFAOYSA-N
1756,CCN(CC)CCOc1ccc(-c2nc3cc(Cl)ccc3[nH]2)cc1,5.05799,DWYHDSLIWMUSOO-UHFFFAOYSA-N
1757,CN(C)CCOc1ccc(-c2nc3cc(Cl)ccc3[nH]2)cc1,5.09583,DWYHDSLIWMUSOO-UHFFFAOYSA-N
2260,COc1ccc2[nH]cc(CCNC(=O)CCc3cc[n+](Cc4ccccc4F)cc3)c2c1,6.27572,VTABYHUTDXEGBC-UHFFFAOYSA-O
2261,COc1ccc2[nH]cc(CCNC(=O)CCc3cc[n+](Cc4cccc(F)c4)cc3)c2c1,6.35655,VTABYHUTDXEGBC-UHFFFAOYSA-O
2262,COc1ccc2[nH]cc(CCNC(=O)CCc3cc[n+](Cc4ccc(F)cc4)cc3)c2c1,6.23657,VTABYHUTDXEGBC-UHFFFAOYSA-O
3501,COc1cc2c(cc1O)CCC(C)(CCC(=O)NCCCCCCCNc1c3c(nc4cc(Cl)ccc14)CCCC3)O2,8.10018,DSSWIVHVLJERRB-UHFFFAOYSA-N
3162,COc1ccc2nc3c(c(NCCCNC(=O)[C@@H](N)Cc4c[nH]c5ccccc45)c2c1)CCCC3,5.88606,XLVSJMJWAUTOHH-UHFFFAOYSA-N
3168,N[C@@H](Cc1c[nH]c2ccccc12)C(=O)NCCCNc1c2c(nc3cc(Cl)ccc13)CCCC2,7.1549,XLVSJMJWAUTOHH-UHFFFAOYSA-N
3175,N[C@@H](Cc1c[nH]c2ccccc12)C(=O)NCCCNc1c2c(nc3ccccc13)CCCC2,6.23657,XLVSJMJWAUTOHH-UHFFFAOYSA-N
2590,COc1cc(/C=C/C(=O)Nc2ccccc2)ccc1OCCCCCCCCN1CCCCC1,5.3851,ACFKCHHVTYBUGP-LVZFUZTISA-N
4385,O=c1[nH]c(COCCC2CCN(Cc3ccccc3)CC2)nc2c1cnn2C1CCCC1,6.6517,HMNNGFZGSKJZAA-UHFFFAOYSA-N
4091,O=C1CC2CCc3ccsc3C2=NN1CCCCN1CCCCC1,5.67985,BYPQEUFUCCZAJU-UHFFFAOYSA-N
2903,COc1ccc(Cn2cc(C(=O)NCCCCCNc3c4c(nc5cc(Cl)ccc35)CCCC4)c(=O)c3ccccc32)cc1,6.74473,IVZKZMIWFCXNMT-UHFFFAOYSA-N
2910,COc1ccc(Cn2cc(C(=O)NCCCCCNc3c4c(nc5ccccc35)CCCC4)c(=O)c3ccccc32)cc1,6.53313,IVZKZMIWFCXNMT-UHFFFAOYSA-N
2916,COc1ccc(Cn2cc(C(=O)NCCCCCNc3c4c(nc5ccc(OC)cc35)CCCC4)c(=O)c3ccccc32)cc1,5.09583,IVZKZMIWFCXNMT-UHFFFAOYSA-N
1698,CCOC(=O)c1c(C)nc2nc3c(c(N)c2c1-c1ccc(OC)cc1)CCCCC3,5.87,XEWBJNBOXVLEJL-UHFFFAOYSA-N
1701,CCOC(=O)c1c(C)nc2nc3c(c(N)c2c1-c1ccc(F)cc1)CCCCC3,5.27,XEWBJNBOXVLEJL-UHFFFAOYSA-N
1702,CCOC(=O)c1c(C)nc2nc3c(c(N)c2c1-c1ccc(OC)c(OC)c1)CCCCC3,5.19,XEWBJNBOXVLEJL-UHFFFAOYSA-N
2359,O=c1cc(Cl)c2ccc(OCCNC3CCN(Cc4ccccc4)CC3)cc2o1,5.69037,BOXHJLTYYUXRSS-UHFFFAOYSA-N
2360,Cc1c(C)c2ccc(OCCNC3CCN(Cc4ccccc4)CC3)cc2oc1=O,5.77211,BOXHJLTYYUXRSS-UHFFFAOYSA-N
2361,Cc1c(Cl)c(=O)oc2cc(OCCNC3CCN(Cc4ccccc4)CC3)ccc12,5.73993,BOXHJLTYYUXRSS-UHFFFAOYSA-N
587,C/C=C(\C)C(=O)N[C@H]1CC[C@@]2(C)C(=CC[C@H]3C4=CC[C@H]([C@H](C)N(C)C)[C@@]4(C)CC[C@@H]32)C1=O,5.24,JYYICOWOHOXYRP-RIXNLZLZSA-N
164,C=CC[N+](C)(C)c1ccc(OCC(=O)c2ccc(OC)c(OC)c2)cc1,5.0,KRSXGTAVHIDVPM-UHFFFAOYSA-N
167,COc1ccc(C(=O)COc2cccc([N+](C)(C)C)c2)cc1OC,5.0,KRSXGTAVHIDVPM-UHFFFAOYSA-N
169,COc1ccc(C(=O)COc2ccc([N+](C)(C)C)cc2)cc1OC,5.0,KRSXGTAVHIDVPM-UHFFFAOYSA-N
1882,COc1cc(/C=C/C(=O)NCCCCCCNc2c3c(nc4ccccc24)CCCC3)ccc1O,7.93405,RIZHLFWUQTUAPS-VHEBQXMUSA-N
2899,COc1cc(/C=C/C(=O)NCCCCCCNc2c3c(nc4ccccc24)CCCC3)cc(OC)c1O,7.18575,RIZHLFWUQTUAPS-VHEBQXMUSA-N
3055,O=C(/C=C/c1ccc([N+](=O)[O-])cc1)NCCCCCCNc1c2c(nc3ccccc13)CCCC2,8.56864,RIZHLFWUQTUAPS-VHEBQXMUSA-N
781,O=C(CCc1c[nH]c2ccccc12)NCCCCCCNc1c2c(nc3cc(Cl)ccc13)CCCC2,10.1549,NTISYWBCRKDSDB-UHFFFAOYSA-N
1312,O=C(CCc1c[nH]c2ccccc12)NCCCCCCNc1c2c(nc3ccccc13)CCCC2,10.69897,NTISYWBCRKDSDB-UHFFFAOYSA-N
1319,N#Cc1ccc2[nH]cc(CCC(=O)NCCCCCCNc3c4c(nc5cc(Cl)ccc35)CCCC4)c2c1,9.1549,NTISYWBCRKDSDB-UHFFFAOYSA-N
2025,CC(C)(C)OC(=O)N[C@@H](Cc1c[nH]c2ccccc12)C(=O)NCCCCCCNc1c2c(nc3ccccc13)CCCC2,6.93554,NTISYWBCRKDSDB-UHFFFAOYSA-N
2026,N[C@@H](Cc1c[nH]c2ccccc12)C(=O)NCCCCCCNc1c2c(nc3ccccc13)CCCC2,6.9685950000000005,NTISYWBCRKDSDB-UHFFFAOYSA-N
2027,CC(=O)N[C@@H](Cc1c[nH]c2ccccc12)C(=O)NCCCCCCNc1c2c(nc3ccccc13)CCCC2,6.81531,NTISYWBCRKDSDB-UHFFFAOYSA-N
3159,NC(Cc1c[nH]c2ccccc12)C(=O)NCCCCCCNc1c2c(nc3cc(Cl)ccc13)CCCC2,8.13077,NTISYWBCRKDSDB-UHFFFAOYSA-N
3160,N[C@H](Cc1c[nH]c2ccccc12)C(=O)NCCCCCCNc1c2c(nc3cc(Cl)ccc13)CCCC2,8.16115,NTISYWBCRKDSDB-UHFFFAOYSA-N
3164,COc1ccc2nc3c(c(NCCCCCCNC(=O)[C@@H](N)Cc4c[nH]c5ccccc45)c2c1)CCCC3,6.02687,NTISYWBCRKDSDB-UHFFFAOYSA-N
3171,N[C@@H](Cc1c[nH]c2ccccc12)C(=O)NCCCCCCNc1c2c(nc3cc(Cl)ccc13)CCCC2,8.20066,NTISYWBCRKDSDB-UHFFFAOYSA-N
886,Clc1cccc(Cl)c1CO/N=C/c1cc[n+](CCCc2ccccc2)cc1,6.74473,HMDAOPZJXAZTGC-PTGBLXJZSA-N
601,Cc1ccccc1NC(=O)Oc1ccc2c(c1)C1(C)CCOC1O2,7.63827,HQHNSHBCYQOVNO-UHFFFAOYSA-N
602,CC(C)c1ccc(NC(=O)Oc2ccc3c(c2)C2(C)CCOC2O3)cc1,5.57675,HQHNSHBCYQOVNO-UHFFFAOYSA-N
3734,CC(C)c1ccc(NC(=O)Oc2ccc3c(c2)[C@]2(C)CCOC2O3)cc1,7.56864,HQHNSHBCYQOVNO-UHFFFAOYSA-N
3,CSc1nc(-c2ccc(OC(F)(F)F)cc2)nn1C(=O)N(C)C,6.09691,NYMLZIFRPNYAHS-UHFFFAOYSA-N
5,CSc1nc(-c2ccc(Cl)cc2)nn1C(=O)N(C)C,7.0,NYMLZIFRPNYAHS-UHFFFAOYSA-N
6,COc1ccc(-c2nc(SC)n(C(=O)N(C)C)n2)cc1,6.09691,NYMLZIFRPNYAHS-UHFFFAOYSA-N
12,CSc1nc(-c2ccc(C)cc2)nn1C(=O)N(C)C,6.09691,NYMLZIFRPNYAHS-UHFFFAOYSA-N
13,CCSc1nc(-c2ccc(Cl)cc2)nn1C(=O)N(C)C,7.25181,NYMLZIFRPNYAHS-UHFFFAOYSA-N
14,CCCCCCSc1nc(-c2ccc(C)cc2)nn1C(=O)N(C)C,6.69897,NYMLZIFRPNYAHS-UHFFFAOYSA-N
15,CCCSc1nc(-c2ccc(Cl)cc2)nn1C(=O)N(C)C,6.52288,NYMLZIFRPNYAHS-UHFFFAOYSA-N
16,Cc1ccc(-c2nc(SCC(F)(F)F)n(C(=O)N(C)C)n2)cc1,6.69897,NYMLZIFRPNYAHS-UHFFFAOYSA-N
17,CSc1nc(-c2ccc(C(F)(F)F)cc2)nn1C(=O)N(C)C,6.30103,NYMLZIFRPNYAHS-UHFFFAOYSA-N
1055,c1cc[n+](Cc2ccc3ccc(C[n+]4ccccc4)cc3c2)cc1,6.69897,JEZXOBKWCWPNSS-UHFFFAOYSA-N
4115,Cc1ccc2cc(C3CC(c4cc(Cl)sc4Cl)=NN3)c(Cl)nc2c1,6.82391,IKXBHEWXARZDSL-UHFFFAOYSA-N
24,Oc1nc2ccccc2n1CCNCc1ccc(CN2CCCCC2)o1,5.92082,GSNBUYRNVJADAK-UHFFFAOYSA-N
3373,NC(=O)c1sc(-c2ccnc(NC(=O)C3CC3)c2)nc1OCC1CCN(Cc2ccccc2)CC1,5.82391,DCXHXENQMQMNRB-UHFFFAOYSA-N
3374,CNC(=O)c1sc(-c2ccnc(NC(=O)C3CC3)c2)nc1OCC1CCN(Cc2cccc([N+](=O)[O-])c2)CC1,5.22185,DCXHXENQMQMNRB-UHFFFAOYSA-N
3375,CNC(=O)c1sc(-c2ccnc(NC(=O)C3CC3)c2)nc1OCC1CCN(Cc2ccccc2F)CC1,5.04576,DCXHXENQMQMNRB-UHFFFAOYSA-N
3376,CNC(=O)c1sc(-c2ccnc(NC(=O)C3CC3)c2)nc1OCC1CCN(Cc2ccccc2)CC1,5.09691,DCXHXENQMQMNRB-UHFFFAOYSA-N
635,COc1cc2cc(C(=O)C3CCC[N+](C)(Cc4ccc([N+](=O)[O-])o4)CC3)sc2cc1OC,7.49485,GWBKSBZHYBXTIL-UHFFFAOYSA-O
3893,Cc1ccc2nc3c(c(NCCN4CCOCC4)c2c1)CCCC3,6.88273,GYJGARZINSSEOU-UHFFFAOYSA-N
3900,c1ccc2c(NCCN3CCOCC3)c3c(nc2c1)CCCC3,7.03152,GYJGARZINSSEOU-UHFFFAOYSA-N
48,CN1CC[C@@]2(C)c3cc(OC(=O)NCCCCCN4CCOCC4)ccc3N(C)[C@@H]12,5.11919,HKOREJWUFCOHQT-LRTDYKAYSA-N
688,CC1=CC2Cc3nc4cc(Cl)ccc4c(NCCCCCCNc4c5c(nc6ccccc46)CCCC5)c3C(C1)C2,9.175820000000002,VTVFXURRUMOQCX-UHFFFAOYSA-N
692,CC1=CC2Cc3nc4cc(Cl)ccc4c(NCCCCCCNc4c5c(nc6cc(Cl)ccc46)CCCC5)c3C(C1)C2,9.23878,VTVFXURRUMOQCX-UHFFFAOYSA-N
1308,CNC(=O)Oc1cccc(CN(C)CCCCCCCOc2ccc3c(c2)CC/C(=C/c2cc(O)c(O)c(O)c2)C3=O)c1,8.30627,KKBRJWZGYFPYRI-SLMZUGIISA-N
516,C#CCN(C)[C@H](C)Cc1cccc(OC(=O)N(C)C2CCCCC2)c1,5.10237,GJQFJYAVSJYAOW-UHFFFAOYSA-N
524,C#CCN(C)C(C)Cc1cccc(OC(=O)N(C)C2CCCCC2)c1,5.06198,GJQFJYAVSJYAOW-UHFFFAOYSA-N
545,C#CCN(C)[C@@H](C)Cc1cccc(OC(=O)N(C)C2CCCCC2)c1,5.20066,GJQFJYAVSJYAOW-UHFFFAOYSA-N
546,C#CCNC(C)Cc1cccc(OC(=O)N(C)C2CCCCC2)c1,5.4437,GJQFJYAVSJYAOW-UHFFFAOYSA-N
4069,Cc1ccc(-c2noc(-c3cccc(OCC4CCN(Cc5ccccc5)CC4)c3)n2)cn1,6.13077,FBAAZIXWQQGYFU-UHFFFAOYSA-N
4070,Cc1ccc(-c2noc(-c3cccc(OCC4CCN(Cc5ccc(F)cc5)CC4)c3)n2)cn1,5.52433,FBAAZIXWQQGYFU-UHFFFAOYSA-N
4071,Cc1ccc(-c2noc(-c3cccc(OCC4CCN(Cc5ccccc5F)CC4)c3)n2)cn1,6.5376,FBAAZIXWQQGYFU-UHFFFAOYSA-N
4072,Cc1ccc(-c2noc(-c3cccc(OCC4CCN(Cc5cccc(F)c5)CC4)c3)n2)cn1,6.42022,FBAAZIXWQQGYFU-UHFFFAOYSA-N
4073,Cc1ccc(-c2noc(-c3cccc(OCC4CCN(Cc5ccccc5Cl)CC4)c3)n2)cn1,6.24413,FBAAZIXWQQGYFU-UHFFFAOYSA-N
1354,CNC(=O)Oc1ccc2c(c1)CC[C@@H]1CCN(C)[C@H]21,7.76195,ICISUXWQUUKZMT-PWSUYJOCSA-N
705,CCNC(=O)Oc1ccc2c(c1)[C@]1(C)CCO[C@@H]1O2,7.22185,GXXKXVYPWUFQSX-LHIURRSHSA-N
1615,CCN(CCCN1CCN(CCNc2c3c(nc4ccccc24)CCCC3)CC1)C1CCCCC1,6.7122,FXNSMRYOOIJHGY-UHFFFAOYSA-N
1616,CN(CCCN1CCN(CCNc2c3c(nc4ccccc24)CCCC3)CC1)C1CCCCC1,7.39041,FXNSMRYOOIJHGY-UHFFFAOYSA-N
3847,CCn1c2ccccc2c2cc(/C=C/c3ccc(NC(=S)NCCN4CCCC4)cc3)ccc21,5.5784,AQMKOPRIUIYUJV-BQYQJAHWSA-N
1812,c1cc[n+](CCCCCCC[n+]2cccc3ccccc32)cc1,6.26761,AJEOSTRBVYLHFL-UHFFFAOYSA-N
2307,COc1cccc2cc(C(=O)NCCCCCCCNc3c4c(nc5ccccc35)CCCC4)oc12,7.35458,MXWGOVLVJYDLRV-UHFFFAOYSA-N
2323,O=C(NCCCCCCCNc1c2c(nc3ccccc13)CCCC2)c1cc2ccccc2o1,7.11407,MXWGOVLVJYDLRV-UHFFFAOYSA-N
4489,CCOC(=O)c1c(OC(=O)c2ccccc2)sc2c1CCCCC2,5.66555,IKTIJQIGYVSLLE-UHFFFAOYSA-N
4490,CCOC(=O)c1c(OC(=O)c2ccc(Cl)cc2)sc2c1CCCCC2,5.97881,IKTIJQIGYVSLLE-UHFFFAOYSA-N
2640,Oc1cc(O)cc(/C=C/c2ccc(Nc3c4c(nc5cc(Cl)ccc35)CCCC4)cc2)c1,5.05552,GDQDVGJLHPAPGQ-CCEZHUSRSA-N
3443,COc1ccc2cc3[n+](cc2c1OCc1ccc2ccccc2c1)CCc1cc2c(cc1-3)OCO2,5.82391,FSIJYTFKWYMORV-UHFFFAOYSA-N
2587,COc1cc(/C=C/C(=O)Nc2ccccc2)ccc1OCCCCN1CCCCC1,5.1463,KERUJWDWMUIWDG-DTQAZKPQSA-N
697,CN[C@@H](CCOc1ccc([N+](=O)[O-])cc1)c1ccc(OC(=O)N(C)C)cc1,6.99568,YNKWXURRTAXYIE-UHFFFAOYSA-N
3966,CCN(C)C(=O)Oc1ccc(C(CCOc2ccc([N+](=O)[O-])cc2)NC)cc1,6.99568,YNKWXURRTAXYIE-UHFFFAOYSA-N
4389,Nc1n[nH]c2nc(-c3ccccc3)cc(-c3ccccc3)c12,5.27819,BDGLNVUCTWNUPS-UHFFFAOYSA-N
4390,Nc1n[nH]c2nc(-c3ccccc3)cc(-c3ccc(Br)cc3)c12,5.64975,BDGLNVUCTWNUPS-UHFFFAOYSA-N
4391,COc1ccc(-c2cc(-c3ccccc3)nc3[nH]nc(N)c23)cc1OC,5.01637,BDGLNVUCTWNUPS-UHFFFAOYSA-N
4392,COc1cc(-c2cc(-c3ccccc3)nc3[nH]nc(N)c23)cc(OC)c1OC,5.72354,BDGLNVUCTWNUPS-UHFFFAOYSA-N
4393,COc1ccc(-c2cc(-c3ccc(Br)cc3)c3c(N)n[nH]c3n2)cc1,5.42946,BDGLNVUCTWNUPS-UHFFFAOYSA-N
4394,COc1ccc(-c2cc(-c3ccc(OC)cc3)c3c(N)n[nH]c3n2)cc1,6.58503,BDGLNVUCTWNUPS-UHFFFAOYSA-N
4395,COc1ccc(-c2cc(-c3ccc(OC)c(OC)c3)c3c(N)n[nH]c3n2)cc1,6.09151,BDGLNVUCTWNUPS-UHFFFAOYSA-N
4396,COc1ccc(-c2cc(-c3cc(OC)c(OC)c(OC)c3)c3c(N)n[nH]c3n2)cc1,5.22113,BDGLNVUCTWNUPS-UHFFFAOYSA-N
4397,Nc1n[nH]c2nc(-c3ccc(Br)cc3)cc(-c3ccc(Br)cc3)c12,6.76955,BDGLNVUCTWNUPS-UHFFFAOYSA-N
4398,COc1ccc(-c2cc(-c3ccc(Br)cc3)nc3[nH]nc(N)c23)cc1,6.45593,BDGLNVUCTWNUPS-UHFFFAOYSA-N
4399,COc1ccc(-c2cc(-c3ccc(Br)cc3)nc3[nH]nc(N)c23)cc1OC,6.79588,BDGLNVUCTWNUPS-UHFFFAOYSA-N
4400,COc1cc(-c2cc(-c3ccc(Br)cc3)nc3[nH]nc(N)c23)cc(OC)c1OC,6.20066,BDGLNVUCTWNUPS-UHFFFAOYSA-N
3101,O=C(/C=C/c1ccc(OCc2ccccc2)cc1)NCCNc1c2c(nc3ccccc13)CCCC2,7.21753,XDSJIKQHXRQOIP-KNTRCKAVSA-N
3102,COc1cc(/C=C/C(=O)NCCNc2c3c(nc4ccccc24)CCCC3)ccc1OCc1ccccc1,7.25885,XDSJIKQHXRQOIP-KNTRCKAVSA-N
3341,Cc1cc(S(=O)(=O)NCc2ccccn2)c(C(C)C)cc1O,5.15552,ATNMJYCSSCNVMR-UHFFFAOYSA-N
4285,CCCNC(C)C(=O)Nc1c(C)csc1-c1nc(-c2ccccc2)no1,6.9914,IHNSIFFSNUQGQN-UHFFFAOYSA-N
4286,CCCNC(C)C(=O)Nc1c(C)csc1-c1nc(-c2ccccc2N)no1,6.91721,IHNSIFFSNUQGQN-UHFFFAOYSA-N
2541,O=S(=O)(c1ccccc1)n1ccc2c(N3CCN(CCCCCCCCNc4c5c(nc6ccccc46)CCCC5)CC3)cccc21,8.88606,FZNAHZCVWVQRSJ-UHFFFAOYSA-N
1720,O=C(C[C@H]1C[C@H]2CCCN2[C@]12C(=O)Nc1ccccc12)N1C/C(=C\c2ccc(Cl)cc2)C(=O)[C@]2(C[C@H]3CCCN3[C@@]23C(=O)Nc2ccccc23)C1,5.10127,YPJPJVJYEPAABA-QKHZYRMWSA-N
1721,O=C(C[C@H]1C[C@H]2CCCN2[C@]12C(=O)Nc1ccccc12)N1C/C(=C\c2ccc(Cl)cc2Cl)C(=O)[C@]2(C[C@H]3CCCN3[C@@]23C(=O)Nc2ccccc23)C1,5.15739,YPJPJVJYEPAABA-QKHZYRMWSA-N
4255,C[C@@H](c1cccc(OC(=O)NCCCCCCNc2c3c(nc4ccccc24)CCCC3)c1)N(C)C,6.92606,FTDKCSONXJICST-UHFFFAOYSA-N
4257,C[C@@H](c1cccc(OC(=O)NCCCCCCNc2c3c(nc4cc(F)ccc24)CCCC3)c1)N(C)C,7.3751,FTDKCSONXJICST-UHFFFAOYSA-N
4259,C[C@@H](c1cccc(OC(=O)NCCCCCCNc2c3c(nc4cc(Cl)ccc24)CCCC3)c1)N(C)C,7.59176,FTDKCSONXJICST-UHFFFAOYSA-N
4261,C[C@@H](c1cccc(OC(=O)NCCCCCCNc2c3c(nc4cc(Br)ccc24)CCCC3)c1)N(C)C,7.25189,FTDKCSONXJICST-UHFFFAOYSA-N
3988,COc1ccc([C@@H]2c3[nH]c4ccccc4c3C[C@H]3C(=O)N(CCC4CCN(Cc5ccccc5)CC4)CC(=O)N23)cc1,7.82391,CDCUJCXPBYIZLI-BZKUTMRRSA-N
922,COc1cc2c(cc1OC)C(=O)C(CC1CCN(CCCNc3c4c(nc5cc(Cl)ccc35)CCCC4)CC1)C2,9.56864,ZAUSWNSHRYNCTR-UHFFFAOYSA-N
924,COc1cc2c(cc1OC)C(=O)C(CC1CCN(CCCNc3c4c(nc5ccccc35)CCCC4)CC1)C2,9.05552,ZAUSWNSHRYNCTR-UHFFFAOYSA-N
1108,O=C(CCC1CCN(Cc2ccccc2)CC1)c1ccc2c(c1)CCCN2,7.22879,UUQBDBYKPIHDLS-UHFFFAOYSA-N
1109,CN1CCCc2cc(C(=O)CCC3CCN(Cc4ccccc4)CC3)ccc21,7.61979,UUQBDBYKPIHDLS-UHFFFAOYSA-N
3217,Fc1ccc(CNC2CCN(Cc3ccccc3)CC2)c(F)c1,6.14874,ZZWIYXVNVZCOSL-UHFFFAOYSA-N
3218,Fc1ccc(CNC2CCN(Cc3ccccc3)CC2)cc1,5.92082,ZZWIYXVNVZCOSL-UHFFFAOYSA-N
3219,Clc1ccc(CNC2CCN(Cc3ccccc3)CC2)c(Cl)c1,6.20761,ZZWIYXVNVZCOSL-UHFFFAOYSA-N
3220,Clc1ccc(CNC2CCN(Cc3ccccc3)CC2)cc1,6.07058,ZZWIYXVNVZCOSL-UHFFFAOYSA-N
3221,FC(F)(F)Oc1ccc(CNC2CCN(Cc3ccccc3)CC2)cc1,6.22915,ZZWIYXVNVZCOSL-UHFFFAOYSA-N
3222,FC(F)(F)c1ccc(CNC2CCN(Cc3ccccc3)CC2)cc1,6.95861,ZZWIYXVNVZCOSL-UHFFFAOYSA-N
3223,O=[N+]([O-])c1ccc(CNC2CCN(Cc3ccccc3)CC2)cc1,6.14267,ZZWIYXVNVZCOSL-UHFFFAOYSA-N
3224,Cc1ccc(CNC2CCN(Cc3ccccc3)CC2)cc1,5.4318,ZZWIYXVNVZCOSL-UHFFFAOYSA-N
3225,Cc1cccc(CNC2CCN(Cc3ccccc3)CC2)c1,5.38722,ZZWIYXVNVZCOSL-UHFFFAOYSA-N
3226,Oc1ccc(CNC2CCN(Cc3ccccc3)CC2)c(O)c1,5.63827,ZZWIYXVNVZCOSL-UHFFFAOYSA-N
3227,Oc1ccc(CNC2CCN(Cc3ccccc3)CC2)cc1,5.39794,ZZWIYXVNVZCOSL-UHFFFAOYSA-N
3228,Oc1ccccc1CNC1CCN(Cc2ccccc2)CC1,5.61979,ZZWIYXVNVZCOSL-UHFFFAOYSA-N
3229,COc1cc(CNC2CCN(Cc3ccccc3)CC2)cc(OC)c1OC,5.65758,ZZWIYXVNVZCOSL-UHFFFAOYSA-N
3230,c1ccc(CNC2CCN(Cc3ccccc3)CC2)cc1,5.76955,ZZWIYXVNVZCOSL-UHFFFAOYSA-N
3231,COc1cccc(CNC2CCN(Cc3ccccc3)CC2)c1OC,5.65758,ZZWIYXVNVZCOSL-UHFFFAOYSA-N
1887,O/N=C/c1ncc(CCCCCNc2c3c(nc4ccccc24)CCCC3)cc1O,6.78781,DGSXIEHZBQNKOR-UHFFFAOYSA-N
2157,CN(Cc1ccccc1)Cc1ccc(COc2ccc3ccc(=O)oc3c2)cc1,6.02228,BOUVISQULAWZBA-UHFFFAOYSA-N
2158,Cc1cc2ccc(OCc3ccc(CN(C)Cc4ccccc4)cc3)cc2oc1=O,6.30103,BOUVISQULAWZBA-UHFFFAOYSA-N
2159,Cc1cc(=O)oc2cc(OCc3ccc(CN(C)Cc4ccccc4)cc3)ccc12,6.04096,BOUVISQULAWZBA-UHFFFAOYSA-N
2160,Cc1c(C)c2ccc(OCc3ccc(CN(C)Cc4ccccc4)cc3)cc2oc1=O,6.34679,BOUVISQULAWZBA-UHFFFAOYSA-N
2161,Cc1cc(=O)oc2cc(OCc3ccc(CN(C)Cc4cccc(Cl)c4)cc3)ccc12,6.0,BOUVISQULAWZBA-UHFFFAOYSA-N
2162,CN(Cc1ccc(C#N)cc1)Cc1ccc(COc2ccc3ccc(=O)oc3c2)cc1,5.22185,BOUVISQULAWZBA-UHFFFAOYSA-N
2163,Cc1cc(=O)oc2cc(OCc3ccc(CN(C)Cc4ccc(C#N)cc4)cc3)ccc12,5.07058,BOUVISQULAWZBA-UHFFFAOYSA-N
2164,Cc1c(C)c2ccc(OCc3ccc(CN(C)Cc4ccc(C#N)cc4)cc3)cc2oc1=O,5.40894,BOUVISQULAWZBA-UHFFFAOYSA-N
2165,CN(Cc1ccccc1)Cc1ccc(COc2ccc3c(CO)cc(=O)oc3c2)cc1,6.92082,BOUVISQULAWZBA-UHFFFAOYSA-N
2166,CN(Cc1ccc(COc2ccc3c(CO)cc(=O)oc3c2)cc1)Cc1cccc(Cl)c1,6.48149,BOUVISQULAWZBA-UHFFFAOYSA-N
3747,CN(Cc1ccc(COc2ccc3c(CO)cc(=O)oc3c2)cc1)Cc1cccc(F)c1,6.48149,BOUVISQULAWZBA-UHFFFAOYSA-N
3748,CN(Cc1ccccc1)Cc1ccc(COc2ccc3c(C(F)F)cc(=O)oc3c2)cc1,6.25181,BOUVISQULAWZBA-UHFFFAOYSA-N
2407,COc1cc2occ(-c3ccc(O)cc3O)c(=O)c2c(O)c1CC=C(C)C,5.00436,GOMNOOKGLZYEJT-UHFFFAOYSA-N
4082,CN(C)CCNC(=O)COc1cc(O)c2c(=O)c(-c3ccc(O)cc3)coc2c1,5.56067,GOMNOOKGLZYEJT-UHFFFAOYSA-N
4083,CCN(CC)CCCCOc1cc(O)c2c(=O)c(-c3ccc(O)cc3)coc2c1,7.0,GOMNOOKGLZYEJT-UHFFFAOYSA-N
3703,O=C(Nc1cncc(OCC2CCN(Cc3ccccc3)CC2)c1)c1ccnc(NC(=O)C2CC2)c1,8.58503,MAPUWPDSUZHELW-UHFFFAOYSA-N
3704,O=C(Nc1cncc(OCC2CCN(Cc3ccccc3F)CC2)c1)c1ccnc(NC(=O)C2CC2)c1,8.3279,MAPUWPDSUZHELW-UHFFFAOYSA-N
3705,O=C(Nc1cncc(OCC2CCN(Cc3ccc(F)cc3)CC2)c1)c1ccnc(NC(=O)C2CC2)c1,9.0,MAPUWPDSUZHELW-UHFFFAOYSA-N
3706,O=C(Nc1cncc(OCC2CCN(Cc3ccccc3Cl)CC2)c1)c1ccnc(NC(=O)C2CC2)c1,7.08831,MAPUWPDSUZHELW-UHFFFAOYSA-N
1362,CCNC(=O)Oc1ccc2c(c1)C1(C)COC(O2)O1,6.41173,JJQGXALJLCIDML-UHFFFAOYSA-N
707,Cc1ccccc1NC(=O)Oc1ccc2c(c1)[C@@]1(C)CCO[C@H]1N2C,6.84771,BLMXFPRHYAECRY-FQNRMIAFSA-N
1631,N#Cc1cc(C#N)c(NCCCCC2CCN(Cc3ccccc3)CC2)nc1N,7.1549,BVMGKNCKLZWDAI-UHFFFAOYSA-N
1764,N#Cc1cc(C#N)c(NCCCCC2CCN(Cc3ccccc3)CC2)nc1Cl,7.88606,BVMGKNCKLZWDAI-UHFFFAOYSA-N
2964,C#CCNc1nc(NCCCCC2CCN(Cc3ccccc3)CC2)c(C#N)cc1C#N,9.0,BVMGKNCKLZWDAI-UHFFFAOYSA-N
1013,C/C=C1\[C@H]2C=C(C)C[C@]1(/N=C/c1ccc(O)c(OC)c1)c1ccc(=O)[nH]c1C2,7.79588,YLCVWWQFUWRBFQ-JLQXUIMWSA-N
1014,C/C=C1\[C@H]2C=C(C)C[C@]1(/N=C/c1ccc(N(C)C)cc1)c1ccc(=O)[nH]c1C2,7.50864,YLCVWWQFUWRBFQ-JLQXUIMWSA-N
1015,C/C=C1\[C@H]2C=C(C)C[C@]1(/N=C/c1ccc(OC)cc1)c1ccc(=O)[nH]c1C2,7.50864,YLCVWWQFUWRBFQ-JLQXUIMWSA-N
1016,C/C=C1\[C@H]2C=C(C)C[C@]1(/N=C/c1ccc(O)c(OCC)c1)c1ccc(=O)[nH]c1C2,7.60206,YLCVWWQFUWRBFQ-JLQXUIMWSA-N
1017,C/C=C1\[C@H]2C=C(C)C[C@]1(/N=C/c1cc(OC)cc(OC)c1)c1ccc(=O)[nH]c1C2,7.5376,YLCVWWQFUWRBFQ-JLQXUIMWSA-N
1018,C/C=C1\[C@H]2C=C(C)C[C@]1(/N=C/c1ccc(OC)cc1OC)c1ccc(=O)[nH]c1C2,7.07572,YLCVWWQFUWRBFQ-JLQXUIMWSA-N
1019,C/C=C1\[C@H]2C=C(C)C[C@]1(/N=C/c1ccc(C#N)cc1)c1ccc(=O)[nH]c1C2,7.65758,YLCVWWQFUWRBFQ-JLQXUIMWSA-N
1024,C/C=C1\[C@H]2C=C(C)C[C@]1(/N=C/c1ccccc1OS(=O)(=O)[O-])c1ccc(=O)[nH]c1C2,7.38722,YLCVWWQFUWRBFQ-JLQXUIMWSA-N
1025,C=CCOc1ccc(/C=N/[C@@]23CC(C)=C[C@@H](Cc4[nH]c(=O)ccc42)/C3=C\C)cc1,7.50864,YLCVWWQFUWRBFQ-JLQXUIMWSA-N
2595,CCOC(=O)/C=C/c1ccc(OCCCCCCN2CCCC2)c(OC)c1,5.29671,BEJCDKTYSDLZBF-UHFFFAOYSA-N
1511,O=C(NCCNc1c2c(nc3ccccc13)CCCC2)c1ccc(F)cc1,9.08884,OBJUJWLRUGLQHZ-UHFFFAOYSA-N
2214,CN(C)c1ccc(C(=O)NCCNc2c3c(nc4ccccc24)CCCC3)cc1,5.88246,OBJUJWLRUGLQHZ-UHFFFAOYSA-N
3918,O=c1c(NCCCCc2c3c(nc4cc(Cl)ccc24)CCCC3)c(NCCCCc2c3c(nc4ccc(Cl)cc24)CCCC3)c1=O,8.69897,CKWMJAPAGAYHIS-UHFFFAOYSA-N
3186,O=C(CNc1ccc2oc(=O)ccc2c1)N1CCN(c2ccccc2)CC1,7.09691,AKCQVKULWVLHMR-UHFFFAOYSA-N
2736,O=C(CC[C@H](NC(=O)c1c[nH]c2ccccc12)C(=O)O)NCCC1CCN(Cc2ccccc2)CC1,5.19382,FQMHFLKJYARCJX-UHFFFAOYSA-N
2739,CCOC(=O)[C@H](CCC(=O)NCCC1CCN(Cc2ccccc2)CC1)NC(=O)c1c[nH]c2ccccc12,5.72125,FQMHFLKJYARCJX-UHFFFAOYSA-N
2740,CCCCCCOC(=O)[C@H](CCC(=O)NCCC1CCN(Cc2ccccc2)CC1)NC(=O)c1c[nH]c2ccccc12,5.51713,FQMHFLKJYARCJX-UHFFFAOYSA-N
497,O=C(CCC1CCN(Cc2ccccc2)CC1)c1ccccc1,6.5157,XDGMPBUKARQUCK-UHFFFAOYSA-N
2084,COc1cc(N)c(Cl)cc1C(=O)CCC1CCN(Cc2ccccc2)CC1,8.07058,XDGMPBUKARQUCK-UHFFFAOYSA-N
3141,COc1cc(N)c(Cl)cc1C(=O)CCC1CCN(Cc2ccc(O)c(O)c2)CC1,6.86044,XDGMPBUKARQUCK-UHFFFAOYSA-N
3142,COc1cc(CN2CCC(CCC(=O)c3cc(Cl)c(N)cc3OC)CC2)ccc1O,6.27165,XDGMPBUKARQUCK-UHFFFAOYSA-N
3925,CCN(C)C(=O)Oc1cccc(CN2CCC(CCC(=O)c3cc(Cl)c(N)cc3OC)CC2)c1,5.38195,XDGMPBUKARQUCK-UHFFFAOYSA-N
2656,COc1cc2c(cc1OC)C(=O)C(Cc1cc[n+](Cc3cccc(Cl)c3)cc1C(N)=O)C2,7.38722,PEBCGJVBTZAJDW-UHFFFAOYSA-N
2659,COc1cc2c(cc1OC)C(=O)C(Cc1cc[n+](Cc3ccccc3C)cc1C(N)=O)C2,6.16877,PEBCGJVBTZAJDW-UHFFFAOYSA-N
2660,COC(=O)c1c[n+](Cc2ccccc2C)ccc1CC1Cc2cc(OC)c(OC)cc2C1=O,8.23657,PEBCGJVBTZAJDW-UHFFFAOYSA-N
2661,COC(=O)c1c[n+](Cc2ccccc2)ccc1CC1Cc2cc(OC)c(OC)cc2C1=O,7.59176,PEBCGJVBTZAJDW-UHFFFAOYSA-N
2662,CC(=O)c1c[n+](Cc2ccccc2C)ccc1CC1Cc2cc(Cl)ccc2C1=O,6.5817,PEBCGJVBTZAJDW-UHFFFAOYSA-N
2663,CC(=O)c1c[n+](Cc2ccccc2C)ccc1CC1Cc2cc(C)ccc2C1=O,7.04096,PEBCGJVBTZAJDW-UHFFFAOYSA-N
2664,CC(=O)c1c[n+](Cc2ccccc2C)ccc1CC1Cc2cc(C)c(C)cc2C1=O,7.55752,PEBCGJVBTZAJDW-UHFFFAOYSA-N
2665,COc1ccc2c(c1)CC(Cc1cc[n+](Cc3ccccc3C)cc1C(C)=O)C2=O,7.52288,PEBCGJVBTZAJDW-UHFFFAOYSA-N
2667,COc1cc2c(cc1OC)C(=O)C(Cc1cc[n+](Cc3cccc(Cl)c3)cc1C(C)=O)C2,8.48545,PEBCGJVBTZAJDW-UHFFFAOYSA-N
2668,COc1cc2c(cc1OC)C(=O)C(Cc1cc[n+](Cc3ccccc3Cl)cc1C(C)=O)C2,7.74473,PEBCGJVBTZAJDW-UHFFFAOYSA-N
2669,COc1cc2c(cc1OC)C(=O)C(Cc1cc[n+](Cc3cccc(C)c3)cc1C(C)=O)C2,7.85387,PEBCGJVBTZAJDW-UHFFFAOYSA-N
2670,COc1cc2c(cc1OC)C(=O)C(Cc1cc[n+](Cc3ccccc3C)cc1C(C)=O)C2,8.05552,PEBCGJVBTZAJDW-UHFFFAOYSA-N
2671,COc1cc2c(cc1OC)C(=O)C(Cc1cc[n+](Cc3ccccc3)cc1C(C)=O)C2,7.74473,PEBCGJVBTZAJDW-UHFFFAOYSA-N
2672,COc1cc2c(cc1OC)C(=O)C(Cc1cc[n+](Cc3ccccc3)cc1C#N)C2,8.53462,PEBCGJVBTZAJDW-UHFFFAOYSA-N
2673,COc1cc2c(cc1OC)C(=O)C(Cc1cc[n+](Cc3ccccc3)cc1)C2,7.43771,PEBCGJVBTZAJDW-UHFFFAOYSA-N
2800,CC(=O)c1c[n+](Cc2cccc(Cl)c2)ccc1CC1Cc2cc(O)ccc2C1=O,6.93367,PEBCGJVBTZAJDW-UHFFFAOYSA-N
2801,COc1cc2c(cc1O)C(=O)C(Cc1cc[n+](Cc3cccc(Cl)c3)cc1C(C)=O)C2,8.56864,PEBCGJVBTZAJDW-UHFFFAOYSA-N
2802,CC(=O)c1c[n+](Cc2ccccc2C)ccc1CC1Cc2cc(OCC(F)(F)F)ccc2C1=O,7.43063,PEBCGJVBTZAJDW-UHFFFAOYSA-N
2804,COc1cc2c(cc1OC)C(=O)C(Cc1cc[n+](Cc3ccccc3)cc1Br)C2,9.4437,PEBCGJVBTZAJDW-UHFFFAOYSA-N
3713,COc1ccc2[nH]cc(CCNC(=O)Cn3cc(CCCCN(C)CCCC4c5cc(OC)c(OC)cc5CCN4C)nn3)c2c1,5.65758,CVAIGSAFBABGAE-UHFFFAOYSA-N
4094,O=C1CC2CCc3ccsc3C2=NN1CCN1CCN(Cc2ccccc2)CC1,6.76955,BNGICRROXYSOFL-UHFFFAOYSA-N
1726,Clc1ccc(-c2nnc3sc(-c4ccoc4)nn23)cc1,5.74958,RKCGRKYCTUEVJE-UHFFFAOYSA-N
1727,COc1cccc(-c2nnc3sc(-c4ccoc4)nn23)c1,5.74958,RKCGRKYCTUEVJE-UHFFFAOYSA-N
1728,COc1ccccc1-c1nnc2sc(-c3ccoc3)nn12,5.74958,RKCGRKYCTUEVJE-UHFFFAOYSA-N
1732,Clc1ccccc1-c1nnc2sc(-c3ccoc3)nn12,5.74958,RKCGRKYCTUEVJE-UHFFFAOYSA-N
1733,Brc1cccc(-c2nnc3sc(-c4ccoc4)nn23)c1,6.46344,RKCGRKYCTUEVJE-UHFFFAOYSA-N
1734,Brc1ccc(-c2nnc3sc(-c4ccoc4)nn23)cc1,5.74958,RKCGRKYCTUEVJE-UHFFFAOYSA-N
1735,COc1ccc(-c2nnc3sc(-c4ccoc4)nn23)cc1,5.74958,RKCGRKYCTUEVJE-UHFFFAOYSA-N
1729,Fc1ccc(Cc2nnc3sc(-c4ccoc4)nn23)cc1,5.74958,HSFFEMSAVIUGLY-UHFFFAOYSA-N
1730,Fc1ccccc1Cc1nnc2sc(-c3ccoc3)nn12,5.74958,HSFFEMSAVIUGLY-UHFFFAOYSA-N
1731,Fc1cccc(Cc2nnc3sc(-c4ccoc4)nn23)c1,5.74958,HSFFEMSAVIUGLY-UHFFFAOYSA-N
3425,COc1ccc2cc3[n+](cc2c1OCc1ccccc1)CCc1cc2c(cc1-3)OCO2,5.30103,LUVYNKKPQOBDEC-UHFFFAOYSA-N
3426,COc1ccc2cc3[n+](cc2c1OCc1cccc(C)c1)CCc1cc2c(cc1-3)OCO2,5.13668,LUVYNKKPQOBDEC-UHFFFAOYSA-N
3427,COc1ccc2cc3[n+](cc2c1OCc1ccc(C(C)C)cc1)CCc1cc2c(cc1-3)OCO2,5.37675,LUVYNKKPQOBDEC-UHFFFAOYSA-N
3428,COc1ccc2cc3[n+](cc2c1OCc1cc(C)cc(C)c1)CCc1cc2c(cc1-3)OCO2,5.60206,LUVYNKKPQOBDEC-UHFFFAOYSA-N
3429,COc1ccc2cc3[n+](cc2c1OCc1ccc(Br)cc1)CCc1cc2c(cc1-3)OCO2,5.48149,LUVYNKKPQOBDEC-UHFFFAOYSA-N
3430,COc1ccc2cc3[n+](cc2c1OCc1cccc(Br)c1)CCc1cc2c(cc1-3)OCO2,5.56864,LUVYNKKPQOBDEC-UHFFFAOYSA-N
3431,COc1ccc2cc3[n+](cc2c1OCc1ccccc1Br)CCc1cc2c(cc1-3)OCO2,5.76955,LUVYNKKPQOBDEC-UHFFFAOYSA-N
3432,COc1ccc2cc3[n+](cc2c1OCc1ccc([N+](=O)[O-])cc1)CCc1cc2c(cc1-3)OCO2,6.00436,LUVYNKKPQOBDEC-UHFFFAOYSA-N
3433,COc1ccc2cc3[n+](cc2c1OCc1ccc(SC)cc1)CCc1cc2c(cc1-3)OCO2,5.58503,LUVYNKKPQOBDEC-UHFFFAOYSA-N
3434,COc1ccc2cc3[n+](cc2c1OCc1cccc([N+](=O)[O-])c1)CCc1cc2c(cc1-3)OCO2,5.83863,LUVYNKKPQOBDEC-UHFFFAOYSA-N
3435,COc1ccc2cc3[n+](cc2c1OCc1cccc(Cl)c1)CCc1cc2c(cc1-3)OCO2,5.72125,LUVYNKKPQOBDEC-UHFFFAOYSA-N
3436,COc1ccc2cc3[n+](cc2c1OCc1ccc(Cl)cc1)CCc1cc2c(cc1-3)OCO2,5.60206,LUVYNKKPQOBDEC-UHFFFAOYSA-N
3437,COc1ccc2cc3[n+](cc2c1OCc1ccc(Cl)c(Cl)c1)CCc1cc2c(cc1-3)OCO2,5.91364,LUVYNKKPQOBDEC-UHFFFAOYSA-N
3438,COC(=O)c1ccc(COc2c(OC)ccc3cc4[n+](cc23)CCc2cc3c(cc2-4)OCO3)cc1,5.58503,LUVYNKKPQOBDEC-UHFFFAOYSA-N
3439,COc1ccc2cc3[n+](cc2c1OCc1ccc(C#N)cc1)CCc1cc2c(cc1-3)OCO2,5.76955,LUVYNKKPQOBDEC-UHFFFAOYSA-N
3440,COc1cccc(COc2c(OC)ccc3cc4[n+](cc23)CCc2cc3c(cc2-4)OCO3)c1,5.45593,LUVYNKKPQOBDEC-UHFFFAOYSA-N
3441,COc1ccc2cc3[n+](cc2c1OCc1ccc(C(F)(F)F)cc1)CCc1cc2c(cc1-3)OCO2,5.88606,LUVYNKKPQOBDEC-UHFFFAOYSA-N
3442,COc1ccc(COc2c(OC)ccc3cc4[n+](cc23)CCc2cc3c(cc2-4)OCO3)cc1,5.27572,LUVYNKKPQOBDEC-UHFFFAOYSA-N
3444,COc1ccc2cc3[n+](cc2c1OC(C)c1ccccc1)CCc1cc2c(cc1-3)OCO2,6.10237,LUVYNKKPQOBDEC-UHFFFAOYSA-N
1819,COc1cc2[se]n(-c3ccc(OCCCCN4CCCCC4)cc3)c(=O)c2cc1OC,5.46725,HMSMWYXVOXJICA-UHFFFAOYSA-N
798,CCN(Cc1ccccc1)Cc1cccc(-c2coc3cc(OC)c(OC)cc3c2=O)c1,5.7986,QYWYUXDVWSNKER-UHFFFAOYSA-N
799,COc1cc2occ(-c3cccc(CN(C)Cc4ccccc4)c3)c(=O)c2cc1OC,5.69465,QYWYUXDVWSNKER-UHFFFAOYSA-N
4383,Cc1ccc(-c2cn(Cc3ccc4ccccc4c3)nn2)cc1C(=O)NCCN1CCOCC1,5.14086,IOUAQOHTMDFCRB-UHFFFAOYSA-N
3020,COc1cc2oc(C(=O)OCC3CCN(Cc4ccccc4)CC3)cc(=O)c2cc1OC,6.52288,ZWFDOEBDUQKTNF-UHFFFAOYSA-N
3021,COc1ccc2oc(C(=O)OCC3CCN(Cc4ccccc4)CC3)cc(=O)c2c1,5.12552,ZWFDOEBDUQKTNF-UHFFFAOYSA-N
4388,COc1ccc2c3c1O[C@H]1C[C@@H](O)C=C[C@@]31CCN(CC#CCNC13CC4CC(C)(CC(C)(C4)C1)C3)C2,6.11805,GWPZNAONEMYVFA-AFTMWWLOSA-N
1680,COc1ccccc1[C@H]1C2=C(CC(C)(C)CC2=O)Oc2nc3c(c(N)c21)CCCC3,5.15,IYYBOPITVDILGW-HXUWFJFHSA-N
309,O=C(CCCCCCC(=O)NCCCCCCN1CC[C@H]2COc3ccccc3[C@H]21)NCCCCCCN1CC[C@H]2COc3ccccc3[C@H]21,5.01,JNAALEZZYYJZPB-FMWQYVROSA-N
1377,COc1cc2c(cc1OC)C(=O)C1(C2)C(c2ccc(F)cc2)CN(C)C12C(=O)Nc1ccccc12,5.67366,DSMOZEUXMCSUIB-UHFFFAOYSA-N
1378,COc1ccc(C2CN(C)C3(C(=O)Nc4ccccc43)C23Cc2cc(OC)c(OC)cc2C3=O)cc1OC,5.37675,DSMOZEUXMCSUIB-UHFFFAOYSA-N
1379,COc1cc2c(cc1OC)C(=O)C1(C2)C(c2ccccc2)CN(C)C12C(=O)Nc1ccccc12,5.50585,DSMOZEUXMCSUIB-UHFFFAOYSA-N
1380,COc1cc2c(cc1OC)C(=O)C1(C2)C(c2ccccc2Cl)CN(C)C12C(=O)Nc1ccccc12,5.36653,DSMOZEUXMCSUIB-UHFFFAOYSA-N
1381,COc1cc2c(cc1OC)C(=O)C1(C2)C(c2ccc(F)cc2)CN(C)C12C(=O)Nc1ccc(Cl)cc12,5.4318,DSMOZEUXMCSUIB-UHFFFAOYSA-N
1382,COc1ccc(C2CN(C)C3(C(=O)Nc4ccc(Cl)cc43)C23Cc2cc(OC)c(OC)cc2C3=O)cc1OC,5.37675,DSMOZEUXMCSUIB-UHFFFAOYSA-N
1383,COc1cc2c(cc1OC)C(=O)C1(C2)C(c2ccccc2Cl)CN(C)C12C(=O)Nc1ccc(Cl)cc12,5.18046,DSMOZEUXMCSUIB-UHFFFAOYSA-N
1384,COc1cc2c(cc1OC)C(=O)C1(C2)C(c2ccc(F)cc2)CN(C)C12C(=O)Nc1ccc([N+](=O)[O-])cc12,5.0655,DSMOZEUXMCSUIB-UHFFFAOYSA-N
1385,COc1ccc(C2CN(C)C3(C(=O)Nc4ccc([N+](=O)[O-])cc43)C23Cc2cc(OC)c(OC)cc2C3=O)cc1OC,5.21467,DSMOZEUXMCSUIB-UHFFFAOYSA-N
1386,COc1cc2c(cc1OC)C(=O)C1(C2)C(c2ccccc2Cl)CN(C)C12C(=O)Nc1ccc([N+](=O)[O-])cc12,5.11919,DSMOZEUXMCSUIB-UHFFFAOYSA-N
733,Fc1ccc(C(c2ccc(F)cc2)N2CCN(CCN3CCCCC3)CC2)cc1,6.8986,HBOWPXFEJMZFMN-UHFFFAOYSA-N
835,CCN(CCCCNC1=CC(=O)C(NCCCCN(CC)Cc2ccccc2OC)=CC1=O)Cc1ccccc1OC,7.86646,KKJQXNILAUPNKG-UHFFFAOYSA-N
2148,c1ncc(-c2cc3c(cn2)[nH]c2ncc(-c4ccc(CN5CCCCC5)cc4)cc23)cn1,6.57512,CJPWVSWHUPXWHU-UHFFFAOYSA-N
1473,CN(Cc1ccccc1)Cc1ccc(C(=O)c2ccc(NC(=O)CCCCN3CCCCC3)cc2)cc1,6.66354,CZBDULQWWCSSTR-UHFFFAOYSA-N
3895,Cc1ccc2nc3c(c(NCCN4CCN(C)CC4)c2c1)CCCC3,6.01144,ALBLVLIIOKNDOE-UHFFFAOYSA-N
4206,CN(C)CCCN1C(=O)CSC1c1cccc(F)c1F,5.121335,ZMOOFKQWPDBUEM-UHFFFAOYSA-N
4207,CN(C)CCCN1C(=O)CSC1c1cccc(Cl)c1Cl,5.378275,ZMOOFKQWPDBUEM-UHFFFAOYSA-N
2536,O=S(=O)(c1ccccc1)n1ccc2c(N3CCN(CCNc4c5c(nc6ccccc46)CCCC5)CC3)cccc21,7.36051,HFXNFOSTKCPMIS-UHFFFAOYSA-N
93,COc1cc2cc(C(=O)CC3(O)CC[N+](C)(Cc4ccccc4)CC3)sc2cc1OC,7.04576,FGXBJZDVJKQHGB-UHFFFAOYSA-O
751,COc1cc(C(=O)NCCC(=O)NNc2c3c(nc4ccccc24)CCCC3)cc(OC)c1OC,7.04964,KHHAVNBRJKYISP-UHFFFAOYSA-N
2932,O=C(Cc1c[nH]c2ccc(Br)cc12)NCCC1CCN(Cc2ccccc2)CC1,5.85078,QVABANWNMXGOAK-UHFFFAOYSA-N
2933,Cc1[nH]c2ccccc2c1CC(=O)NCCC1CCN(Cc2ccccc2)CC1,5.13847,QVABANWNMXGOAK-UHFFFAOYSA-N
2935,Cn1cc(CC(=O)NCCC2CCN(Cc3ccccc3)CC2)c2ccccc21,5.84771,QVABANWNMXGOAK-UHFFFAOYSA-N
2936,O=C(Cc1c[nH]c2ccccc12)NCCC1CCN(Cc2ccccc2)CC1,5.44977,QVABANWNMXGOAK-UHFFFAOYSA-N
852,CCCCC1=NC2(CCCC2)C(=O)N1Cc1cc2c(cc1C)OCO2,6.63545,CBKBXTSQLAZNNG-UHFFFAOYSA-N
2440,COc1cc(CCC(=O)NCCC2CCN(Cc3ccccc3)CC2)ccc1O,5.27409,XMRUHTURRZHFIZ-UHFFFAOYSA-N
3026,CC(C)(C)c1cc(CCC(=O)NCCC2CCN(Cc3ccccc3)CC2)cc(C(C)(C)C)c1O,5.46597,XMRUHTURRZHFIZ-UHFFFAOYSA-N
936,CCN(CCCCCCN1C(=O)c2cccc3cccc(c23)C1=O)Cc1ccccc1OC,7.27165,BOPBLYZHFOTQOO-UHFFFAOYSA-N
1053,c1cc[n+](CCCCCCCCCC[n+]2ccccc2)cc1,6.39794,UONDTBVSZIDJKA-UHFFFAOYSA-N
1398,CC(C)(C)c1cc[n+](CCCCCCCCCC[n+]2ccc(C(C)(C)C)cc2)cc1,7.92082,UONDTBVSZIDJKA-UHFFFAOYSA-N
1582,COc1ccc2c(ccc[n+]2Cc2ccccc2)c1,5.27654,VQGBPCIONNQYIL-UHFFFAOYSA-N
2826,CNC(=O)c1cc2c(OC(=O)N(C)C)cccc2[n+](Cc2ccccc2)c1,5.93554,VQGBPCIONNQYIL-UHFFFAOYSA-N
2331,CCN(CCCCCCCCc1cccc(OC)c1)Cc1ccccc1OC,5.24795,HKMGZCKGWBFZKW-UHFFFAOYSA-N
926,CCN(CCCCCCN1C(=O)c2ccc(-c3ccc4c(c3)C(=O)N(CCCCCCN(CC)Cc3ccccc3OC)C4=O)cc2C1=O)Cc1ccccc1OC,7.85387,ASAPLFRQNLSINY-UHFFFAOYSA-N
1825,CN1CC[C@@H](C(=O)N2C/C(=C\c3ccc(F)cc3)C(=O)[C@@]3(C2)[C@H](c2ccc(F)cc2)CN(C)[C@]32C(=O)Nc3ccccc32)[C@@]12C(=O)Nc1ccccc12,5.62893,PAPJYYPFDSUEFY-VPPNEJQJSA-N
1826,CN1CC[C@@H](C(=O)N2C/C(=C\c3ccc(Cl)cc3)C(=O)[C@@]3(C2)[C@H](c2ccc(Cl)cc2)CN(C)[C@]32C(=O)Nc3ccccc32)[C@@]12C(=O)Nc1ccccc12,5.21183,PAPJYYPFDSUEFY-VPPNEJQJSA-N
1827,Cc1ccc(/C=C2\CN(C(=O)[C@@H]3CCN(C)[C@]34C(=O)Nc3ccccc34)C[C@]3(C2=O)[C@H](c2ccc(C)cc2)CN(C)[C@]32C(=O)Nc3ccccc32)cc1,5.1152,PAPJYYPFDSUEFY-VPPNEJQJSA-N
1828,CN1CC[C@@H](C(=O)N2C/C(=C\c3ccc(Cl)cc3Cl)C(=O)[C@@]3(C2)[C@H](c2ccc(Cl)cc2Cl)CN(C)[C@]32C(=O)Nc3ccccc32)[C@@]12C(=O)Nc1ccccc12,5.35458,PAPJYYPFDSUEFY-VPPNEJQJSA-N
1829,CN1CC[C@@H](C(=O)N2C/C(=C\c3cccc([N+](=O)[O-])c3)C(=O)[C@@]3(C2)[C@H](c2cccc([N+](=O)[O-])c2)CN(C)[C@]32C(=O)Nc3ccccc32)[C@@]12C(=O)Nc1ccccc12,5.6073,PAPJYYPFDSUEFY-VPPNEJQJSA-N
1830,CN1CC[C@@H](C(=O)N2C/C(=C\c3ccccc3F)C(=O)[C@@]3(C2)[C@H](c2ccccc2F)CN(C)[C@]32C(=O)Nc3ccccc32)[C@@]12C(=O)Nc1ccccc12,5.20901,PAPJYYPFDSUEFY-VPPNEJQJSA-N
1831,CN1CC[C@@H](C(=O)N2C/C(=C\c3ccccc3Cl)C(=O)[C@@]3(C2)[C@H](c2ccccc2Cl)CN(C)[C@]32C(=O)Nc3ccccc32)[C@@]12C(=O)Nc1ccccc12,5.28483,PAPJYYPFDSUEFY-VPPNEJQJSA-N
1832,COc1ccccc1/C=C1\CN(C(=O)[C@@H]2CCN(C)[C@]23C(=O)Nc2ccccc23)C[C@]2(C1=O)[C@H](c1ccccc1OC)CN(C)[C@]21C(=O)Nc2ccccc21,5.32514,PAPJYYPFDSUEFY-VPPNEJQJSA-N
1833,Cc1ccccc1/C=C1\CN(C(=O)[C@@H]2CCN(C)[C@]23C(=O)Nc2ccccc23)C[C@]2(C1=O)[C@H](c1ccccc1C)CN(C)[C@]21C(=O)Nc2ccccc21,5.02549,PAPJYYPFDSUEFY-VPPNEJQJSA-N
1834,CN1CC[C@@H](C(=O)N2C/C(=C\c3ccccc3)C(=O)[C@@]3(C2)[C@H](c2ccccc2)CN(C)[C@]32C(=O)Nc3ccccc32)[C@@]12C(=O)Nc1ccccc12,5.58004,PAPJYYPFDSUEFY-VPPNEJQJSA-N
3129,CCOc1ccc(Cc2nc3cc(C(=O)NCCSSCCNc4c5c(nc6ccccc46)CCCC5)ccc3n2CCC(C)C)cc1,7.10002,HPKYQTRKQUMCOS-UHFFFAOYSA-N
3879,O=C(CCN1CCN(Cc2ccccc2)CC1)Nc1n[nH]c2ncccc12,7.46852,KDMZZYWXGOGWFK-UHFFFAOYSA-N
8,CSc1nc(-c2ccc(-c3ccccc3)cc2)nn1C(=O)N(C)C,6.25181,FZYKBLSPMPIYKD-UHFFFAOYSA-N
1785,COc1cc2c(cc1OC)C[N+](C)(CCCCc1cccc(OC)[n+]1C)CC2.O=S(=O)([O-])C(F)(F)F.O=S(=O)([O-])C(F)(F)F,5.27182,GZMDVSNEMMSXNM-UHFFFAOYSA-P
3123,CCOc1ccc(Cc2nc3cc(C(=O)NCCCCNc4c5c(nc6ccccc46)CCCC5)ccc3n2CCC(C)C)cc1,8.0,VJHQBGAGFAIABW-UHFFFAOYSA-N
3126,CCOc1ccc(Cc2nc3cc(C(=O)N(CC)CCCCNc4c5c(nc6ccccc46)CCCC5)ccc3n2CCC(C)C)cc1,7.19997,VJHQBGAGFAIABW-UHFFFAOYSA-N
2029,COc1ccc2nc3c(c(NCCCNC4=CC(=O)c5ccccc5C4=O)c2c1)CCCC3,5.21112,RTTSLBXGYIFCRM-UHFFFAOYSA-N
2031,O=C1C=C(NCCCNc2c3c(nc4ccccc24)CCCC3)C(=O)c2ccccc21,7.27003,RTTSLBXGYIFCRM-UHFFFAOYSA-N
2033,O=C1C=C(NCCCNc2c3c(nc4cc(Cl)ccc24)CCCC3)C(=O)c2ccccc21,8.26761,RTTSLBXGYIFCRM-UHFFFAOYSA-N
2035,O=C1C(NCCCNc2c3c(nc4ccccc24)CCCC3)=CC(=O)c2c(O)cccc21,6.98716,RTTSLBXGYIFCRM-UHFFFAOYSA-N
2037,O=C1C(NCCCNc2c3c(nc4cc(Cl)ccc24)CCCC3)=CC(=O)c2c(O)cccc21,8.03433,RTTSLBXGYIFCRM-UHFFFAOYSA-N
2039,COc1ccc2nc3c(c(NCCCNC4=CC(=O)c5c(O)cccc5C4=O)c2c1)CCCC3,6.45842,RTTSLBXGYIFCRM-UHFFFAOYSA-N
2041,COc1ccc2nc3c(c(NCCCNC4=C(Cl)C(=O)c5ccccc5C4=O)c2c1)CCCC3,6.09205,RTTSLBXGYIFCRM-UHFFFAOYSA-N
2043,O=C1C(Cl)=C(NCCCNc2c3c(nc4cc(Cl)ccc24)CCCC3)C(=O)c2ccccc21,8.04866,RTTSLBXGYIFCRM-UHFFFAOYSA-N
2045,O=C1C(Cl)=C(NCCCNc2c3c(nc4ccccc24)CCCC3)C(=O)c2ccccc21,7.42022,RTTSLBXGYIFCRM-UHFFFAOYSA-N
2997,COc1cc2[nH]c(C(=O)NCCC3CCN(Cc4ccccc4)CC3)cc(=O)c2cc1OC,6.76955,OKJRPJHNPPGFPE-UHFFFAOYSA-N
2998,O=C(NCCC1CCN(Cc2ccccc2)CC1)c1cc(=O)c2cccc(O)c2[nH]1,5.9393,OKJRPJHNPPGFPE-UHFFFAOYSA-N
2999,COc1cccc2c(=O)cc(C(=O)NCCC3CCN(Cc4ccccc4)CC3)[nH]c12,5.78516,OKJRPJHNPPGFPE-UHFFFAOYSA-N
3000,COc1ccc2c(=O)cc(C(=O)NCCC3CCN(Cc4ccccc4)CC3)[nH]c2c1,6.34679,OKJRPJHNPPGFPE-UHFFFAOYSA-N
3001,O=C(NCCC1CCN(Cc2ccccc2)CC1)c1cc(=O)c2cc(O)ccc2[nH]1,6.52288,OKJRPJHNPPGFPE-UHFFFAOYSA-N
3002,COc1ccc2[nH]c(C(=O)NCCC3CCN(Cc4ccccc4)CC3)cc(=O)c2c1,6.05552,OKJRPJHNPPGFPE-UHFFFAOYSA-N
1248,CN(CCOCCNC(=O)Nc1ccc([N+](=O)[O-])cc1)Cc1ccccc1,5.63827,FBSSMMFYDMWLSR-UHFFFAOYSA-N
875,COc1cc2c(cc1OC)-c1cccc3c1N(CC3)C2,5.41229,COJHLECINBFIEC-UHFFFAOYSA-N
2901,COc1ccc(Cn2cc(C(=O)NCCCCCCCNc3c4c(nc5cc(Cl)ccc35)CCCC4)c(=O)c3ccccc32)cc1,7.28651,HTNHARYYMXRTRJ-UHFFFAOYSA-N
2908,COc1ccc(Cn2cc(C(=O)NCCCCCCCNc3c4c(nc5ccccc35)CCCC4)c(=O)c3ccccc32)cc1,6.7122,HTNHARYYMXRTRJ-UHFFFAOYSA-N
2914,COc1ccc(Cn2cc(C(=O)NCCCCCCCNc3c4c(nc5ccc(OC)cc35)CCCC4)c(=O)c3ccccc32)cc1,5.81531,HTNHARYYMXRTRJ-UHFFFAOYSA-N
3807,CN(CCCOc1ccc([N+](=O)[O-])cc1)C(=O)c1cnc(CC(=O)c2ccc3c(c2)OCO3)nc1,6.00436,ABEMVQRELSYIGR-UHFFFAOYSA-N
3536,COc1cc2c(cc1OC)C(=O)/C(=C/c1ccc(N3CC[N+](C)(Cc4ccccc4)CC3)cc1)C2,6.4318,KEDNXTFFWZJTFK-HKOYGPOVSA-O
3537,COc1cc2c(cc1OC)C(=O)/C(=C/c1ccc(N3CC[N+](C)(Cc4ccc(Br)cc4)CC3)cc1)C2,5.59346,KEDNXTFFWZJTFK-HKOYGPOVSA-O
3538,COc1cc2c(cc1OC)C(=O)/C(=C/c1ccc(N3CC[N+](C)(Cc4cccc(Br)c4)CC3)cc1)C2,5.70115,KEDNXTFFWZJTFK-HKOYGPOVSA-O
3539,COc1cc2c(cc1OC)C(=O)/C(=C/c1ccc(N3CC[N+](C)(Cc4ccccc4Br)CC3)cc1)C2,6.26761,KEDNXTFFWZJTFK-HKOYGPOVSA-O
3540,COc1cc2c(cc1OC)C(=O)/C(=C/c1ccc(N3CC[N+](C)(Cc4cccc(Cl)c4)CC3)cc1)C2,6.49485,KEDNXTFFWZJTFK-HKOYGPOVSA-O
3541,COc1cc2c(cc1OC)C(=O)/C(=C/c1ccc(N3CC[N+](C)(Cc4ccccc4Cl)CC3)cc1)C2,6.31876,KEDNXTFFWZJTFK-HKOYGPOVSA-O
795,COc1cc2cc(-c3ccc(C[N+](C)(C)Cc4ccccc4)cc3)c(=O)oc2cc1OC,7.97881,HQOOCHIABVBRKY-UHFFFAOYSA-O
168,COc1ccc(C(=O)COc2cccc([N+](C)(C)Cc3ccccc3)c2)cc1OC,6.48149,CYYTWARSWHFVEI-UHFFFAOYSA-O
3967,CCN(C)C(=O)Oc1ccc2c(c1)C=CC(C)N(C)C2CCOc1ccc([N+](=O)[O-])cc1,7.85387,GYTKOSKWYAYEPO-UHFFFAOYSA-N
2226,CC[N+](CC)(CCCCCn1c(C)cc(=O)n(CCCCC[N+](CC)(CC)Cc2ccccc2[N+](=O)[O-])c1=O)Cc1ccccc1[N+](=O)[O-],9.85387,FVSZSXKCFKSTNT-UHFFFAOYSA-P
4176,CC[N+](CC)(CCCCCn1c(C)cc(=O)n(CCCCC[N+](CC)(CC)Cc2ccccc2)c1=O)Cc1ccccc1,9.85387,FVSZSXKCFKSTNT-UHFFFAOYSA-P
2958,CN(C)CCOc1ccc(/C=C2\COc3ccccc3C2=O)cc1,6.18243,TXRPREROCFYGHX-JLHYYAGUSA-N
2959,CCN(CC)CCOc1ccc(/C=C2\COc3ccccc3C2=O)cc1,5.4828,TXRPREROCFYGHX-JLHYYAGUSA-N
2960,CCN(CC)CCCCCCOc1ccc(/C=C2\COc3ccccc3C2=O)cc1,5.73283,TXRPREROCFYGHX-JLHYYAGUSA-N
2962,CN(C)CCOc1cccc(/C=C2\COc3ccccc3C2=O)c1,5.85078,TXRPREROCFYGHX-JLHYYAGUSA-N
3490,COc1cc2c(cc1O)CCC(C)(CC(=O)NCCCCCCCCCNc1c3c(nc4ccccc14)CCCC3)O2,7.23807,BHSMWYLFMWGEGM-UHFFFAOYSA-N
3498,COc1cc2c(cc1O)CCC(C)(CC(=O)NCCCCCCCCCNc1c3c(nc4cc(Cl)ccc14)CCCC3)O2,8.68825,BHSMWYLFMWGEGM-UHFFFAOYSA-N
974,O=C(NCCCCCCCNc1c2c(nc3cc(Cl)ccc13)CCCC2)c1ccc2nc(-c3ccc(Cl)cc3)c3c(c2c1)OCCC3,7.73755,HCINEXNSUBFADG-UHFFFAOYSA-N
661,CNC(=O)Oc1cccc2c1CCC1CCN(C)C21,7.76195,ICISUXWQUUKZMT-UHFFFAOYSA-N
666,CCNC(=O)Oc1cccc2c1CCC1CCN(C)C21,6.40561,ICISUXWQUUKZMT-UHFFFAOYSA-N
1794,CCn1c(=O)n(C)s/c1=N\CCC1CCN(Cc2ccccc2)CC1,6.85387,HDRPKPOOFYOYQP-UHFFFAOYSA-N
3938,Cn1ccc2cc(-c3cnc4ccc(C(=O)N5CCCCC5)cc4n3)ccc2c1=O,5.26761,GCLZEYNUSOGYSP-UHFFFAOYSA-N
1068,CCOC(=O)c1cc2c(N)c3c(nc2nc1C)CCC3,5.67778,XWNBLHIYRXEHPR-UHFFFAOYSA-N
1070,COC(=O)c1cc2c(N)c3c(nc2nc1C)CCC3,5.72125,XWNBLHIYRXEHPR-UHFFFAOYSA-N
3907,O=C(Nc1ccc(OC(F)(F)F)cc1)NC1CCN(C(=O)CCCNc2c3c(nc4cc(Cl)ccc24)CCCC3)CC1,8.56703,HKRHQXGLSIAVJS-UHFFFAOYSA-N
3422,CS[C@@H](Cn1nnc2cc(C#Cc3ccc(CN4CCOCC4)cc3)ccc21)N(O)C=O,5.45593,HDFMURCSXYPBBG-UHFFFAOYSA-N
3116,CCOc1ccc(Cc2nc3cc(C(=O)N(CC)CC)ccc3n2CCNc2c3c(nc4ccccc24)CCCC3)cc1,8.89997,IAONPROFUFTPDB-UHFFFAOYSA-N
638,COc1cc2cc(C(=O)C3CCC[N+](C)(CCOc4ccccc4)CC3)sc2cc1OC,6.40894,HDVPIBWSDSUSSZ-UHFFFAOYSA-O
400,COc1cc2c(c(OC)c1)C(=O)C(C)C2,7.0101,QNXSIUBBGPHDDE-UHFFFAOYSA-N
401,COc1ccc2c(c1)C(=O)C(C)C2,6.75512,QNXSIUBBGPHDDE-UHFFFAOYSA-N
402,COc1cc2c(cc1OC(C)C)CC(C)C2=O,7.235099999999999,QNXSIUBBGPHDDE-UHFFFAOYSA-N
407,Cc1cccc2c1CC(C)C2=O,7.285124999999999,QNXSIUBBGPHDDE-UHFFFAOYSA-N
413,CC1Cc2ccccc2C1=O,6.625109999999999,QNXSIUBBGPHDDE-UHFFFAOYSA-N
414,COc1cccc2c1CC(C)C2=O,7.170159999999999,QNXSIUBBGPHDDE-UHFFFAOYSA-N
415,COc1ccc2c(c1OC)C(=O)C(C)C2,6.7401,QNXSIUBBGPHDDE-UHFFFAOYSA-N
416,COc1cc2c(cc1O)CC(C)C2=O,6.420109999999999,QNXSIUBBGPHDDE-UHFFFAOYSA-N
417,COc1ccc(OC)c2c1CC(C)C2=O,6.930095,QNXSIUBBGPHDDE-UHFFFAOYSA-N
420,CC1Cc2ccc(F)cc2C1=O,6.560105,QNXSIUBBGPHDDE-UHFFFAOYSA-N
422,COc1cc2c(c(OC)c1OC)C(=O)C(C)C2,7.15015,QNXSIUBBGPHDDE-UHFFFAOYSA-N
424,COc1cc2c(cc1OC)C(=O)C(C)C2,7.350115000000001,QNXSIUBBGPHDDE-UHFFFAOYSA-N
428,CCOc1cc2c(cc1OCC)C(=O)C(C)C2,7.310095,QNXSIUBBGPHDDE-UHFFFAOYSA-N
429,Cc1ccc2c(c1)C(=O)C(C)C2,6.79012,QNXSIUBBGPHDDE-UHFFFAOYSA-N
430,COc1ccc2c(c1OC)CC(C)C2=O,7.06014,QNXSIUBBGPHDDE-UHFFFAOYSA-N
2530,Cc1ccc(/C=C2/CNCC3=C2N=C2SC=C(c4ccc5ccccc5c4)N2C3c2ccc(C)cc2)cc1,6.00877,SAFHZFSRVDFRNP-PKAZHMFMSA-N
2532,Clc1ccc(/C=C2/CNCC3=C2N=C2SC=C(c4ccc5ccccc5c4)N2C3c2ccc(Cl)cc2)cc1,5.86967,SAFHZFSRVDFRNP-PKAZHMFMSA-N
2535,Brc1ccc(/C=C2/CNCC3=C2N=C2SC=C(c4ccc5ccccc5c4)N2C3c2ccc(Br)cc2)cc1,6.13668,SAFHZFSRVDFRNP-PKAZHMFMSA-N
1912,CN(Cc1ccccc1)Cc1ccc(C(=O)NCCc2c[nH]c3ccc(O)cc23)cc1,5.37675,YIYWRZZBMJZQLB-UHFFFAOYSA-N
1913,CN(Cc1ccccc1)Cc1ccc(C(=O)NCCc2c[nH]c3ccccc23)cc1,5.72125,YIYWRZZBMJZQLB-UHFFFAOYSA-N
1914,COc1ccc2[nH]cc(CCNC(=O)c3ccc(CN(C)Cc4ccccc4)cc3)c2c1,5.21467,YIYWRZZBMJZQLB-UHFFFAOYSA-N
1915,COc1ccc2c(CCNC(=O)c3ccc(CN(C)Cc4ccccc4)cc3)c[nH]c2c1,5.38722,YIYWRZZBMJZQLB-UHFFFAOYSA-N
1916,CN(Cc1ccccc1)Cc1ccc(C(=O)NCCc2c[nH]c3cc(F)ccc23)cc1,5.60206,YIYWRZZBMJZQLB-UHFFFAOYSA-N
1917,CN(Cc1ccc(C(=O)NCCc2c[nH]c3ccccc23)cc1)Cc1ccccc1Cl,5.42022,YIYWRZZBMJZQLB-UHFFFAOYSA-N
1918,COc1ccc2[nH]cc(CCNC(=O)c3ccc(CN(C)Cc4ccccc4Cl)cc3)c2c1,5.58503,YIYWRZZBMJZQLB-UHFFFAOYSA-N
1919,CN(Cc1ccc(C(=O)NCCc2c[nH]c3ccccc23)cc1)Cc1cccc(Cl)c1,5.29243,YIYWRZZBMJZQLB-UHFFFAOYSA-N
1920,COc1ccc2[nH]cc(CCNC(=O)c3ccc(CN(C)Cc4cccc(Cl)c4)cc3)c2c1,5.25181,YIYWRZZBMJZQLB-UHFFFAOYSA-N
1921,COc1ccc2c(CCNC(=O)c3ccc(CN(C)Cc4cccc(Cl)c4)cc3)c[nH]c2c1,5.67778,YIYWRZZBMJZQLB-UHFFFAOYSA-N
1922,COc1ccccc1CN(C)Cc1ccc(C(=O)NCCc2c[nH]c3ccccc23)cc1,5.3279,YIYWRZZBMJZQLB-UHFFFAOYSA-N
1923,COc1ccc2[nH]cc(CCNC(=O)c3ccc(CN(C)Cc4ccccc4OC)cc3)c2c1,5.26761,YIYWRZZBMJZQLB-UHFFFAOYSA-N
1924,COc1cccc(CN(C)Cc2ccc(C(=O)NCCc3c[nH]c4ccccc34)cc2)c1,5.42022,YIYWRZZBMJZQLB-UHFFFAOYSA-N
1925,COc1cccc(CN(C)Cc2ccc(C(=O)NCCc3c[nH]c4ccc(OC)cc34)cc2)c1,5.16749,YIYWRZZBMJZQLB-UHFFFAOYSA-N
776,CCN(CCCCCC(=O)Nc1ccc(-c2ccc(NC(=O)CCCCCN(CC)Cc3ccccc3OC)cc2)cc1)Cc1ccccc1OC,7.44003,CTMIALBUPGLVNI-UHFFFAOYSA-N
137,c1ccc(CN2CCC(CCNc3cc4c(nn3)-c3ccccc3CCC4)CC2)cc1,6.92082,ATHZIFFSGSWIAU-UHFFFAOYSA-N
4089,O=C1CC2CCCc3ccsc3C2=NN1CCCCN1CCN(Cc2ccccc2)CC1,5.91009,BSRISIKVNVNLJD-UHFFFAOYSA-N
3626,C[n+]1cc2c3c(ccc2c2ccc4cc5c(cc4c21)OCO5)OCO3,5.91364,CNXVDVMAYXLWPD-UHFFFAOYSA-O
748,COc1cc(C(=O)NCCCCCC(=O)NNc2c3c(nc4ccccc24)CCCC3)cc(OC)c1OC,7.73993,YRAAVIIWKQCLLK-UHFFFAOYSA-N
865,CC[N+](CC)(CC)CCOc1ccc(C(=O)NCCCCCC(=O)NNc2c3c(nc4ccccc24)CCCC3)cc1,8.11862,YRAAVIIWKQCLLK-UHFFFAOYSA-N
866,CC[N+](CC)(CC)CCOc1cc(OCC[N+](CC)(CC)CC)c(C(=O)NCCCCCC(=O)NNc2c3c(nc4cc(Cl)ccc24)CCCC3)cc1OCC[N+](CC)(CC)CC,8.18442,YRAAVIIWKQCLLK-UHFFFAOYSA-N
867,CC[N+](CC)(CC)CCOc1cc(OCC[N+](CC)(CC)CC)c(C(=O)NCCCCCC(=O)NNc2c3c(nc4ccccc24)CCCC3)cc1OCC[N+](CC)(CC)CC,7.63451,YRAAVIIWKQCLLK-UHFFFAOYSA-N
868,CC[N+](CC)(CC)CCOc1cc(OCC[N+](CC)(CC)CC)cc(C(=O)NCCCCCC(=O)NNc2c3c(nc4cc(Cl)ccc24)CCCC3)c1,8.1707,YRAAVIIWKQCLLK-UHFFFAOYSA-N
869,CC[N+](CC)(CC)CCOc1cc(OCC[N+](CC)(CC)CC)cc(C(=O)NCCCCCC(=O)NNc2c3c(nc4ccccc24)CCCC3)c1,7.80134,YRAAVIIWKQCLLK-UHFFFAOYSA-N
870,CC[N+](CC)(CC)CCOc1ccc(C(=O)NCCCCCC(=O)NNc2c3c(nc4cc(Cl)ccc24)CCCC3)cc1,8.2644,YRAAVIIWKQCLLK-UHFFFAOYSA-N
2074,Cc1c(C)c2c(c(C)c1O)CCC(C)(C(=O)NCCNc1c3c(nc4ccccc14)CCCC3)O2,5.85188,HGZOEUIMZNUBQP-UHFFFAOYSA-N
2266,COc1ccc2nc3c(c(NCCNC(=O)C4(C)CCc5c(C)c(O)c(C)c(C)c5O4)c2c1)CCCC3,5.36051,HGZOEUIMZNUBQP-UHFFFAOYSA-N
2273,Cc1c(C)c2c(c(C)c1O)CCC(C)(C(=O)NCCNc1c3c(nc4cc(Cl)ccc14)CCCC3)O2,6.67778,HGZOEUIMZNUBQP-UHFFFAOYSA-N
200,CC1CCN(Cc2ccc3ccccc3c2)CC1,5.5376,KEAMGSGUUNWSOY-UHFFFAOYSA-N
4155,COC(=O)[C@H]1[C@H]2C[C@@H]3c4[nH]c5cc(OC)ccc5c4CCN3C[C@H]2C[C@@H](OC(=O)c2cc(OC)c(OC)c(OC)c2)[C@@H]1OC,5.76955,IMALDZVHQDNXNG-CMCWBKRRSA-N
4334,CN(CCc1ccsc1)Cc1ccc(COc2ccc3c(CO)cc(=O)oc3c2)cc1,5.49894,CYDBQWRWTJIQJX-UHFFFAOYSA-N
4187,O=C1Cc2cc(OCc3ccc(F)cc3)ccc2C=C1C(=O)NCCc1c[nH]c2ccccc12,6.79588,DEOJEYMDLUNGLO-UHFFFAOYSA-N
1166,O=C1c2ccccc2CN1CCC1CCN(Cc2ccccc2)CC1,7.00877,HTZVJSOFOPIELV-UHFFFAOYSA-N
646,COc1cc2c(cc1OC)SC(C(=O)CCc1cc[n+](Cc3ccc(F)cc3)cc1)C2,8.58503,RSNNTUWEOALCKI-UHFFFAOYSA-N
647,COC(=O)c1ccc(C[n+]2ccc(CCC(=O)C3Cc4cc(OC)c(OC)cc4S3)cc2)cc1,6.0,RSNNTUWEOALCKI-UHFFFAOYSA-N
657,COc1cc2c(cc1OC)SC(C(=O)CCc1cc[n+](Cc3ccccc3)cc1)C2,8.33724,RSNNTUWEOALCKI-UHFFFAOYSA-N
3054,CN1c2ccc(OC(=O)NCCCCCCN3CCCCC3)cc2CN2CCc3ccccc3C21,5.91541,DSSYZJQEEUGKTN-UHFFFAOYSA-N
2309,c1ccc2oc(CNCCCCCCNc3c4c(nc5ccccc35)CCC4)cc2c1,7.3279,BFCQNBAYDZOIHV-UHFFFAOYSA-N
2310,COc1cccc2cc(CNCCCCCCNc3c4c(nc5ccccc35)CCC4)oc12,7.19997,BFCQNBAYDZOIHV-UHFFFAOYSA-N
610,COc1ccc(-c2cc3c(c(=O)o2)C[C@@]2(O)[C@@]4(C)CCC(=O)OC(C)(C)[C@@]4(O)CC[C@@]2(C)O3)cc1,5.60206,ISVXEUUPDMXQFL-UHFFFAOYSA-N
572,CN(C)Cc1ccc(CSCCCCCCCCCSCc2ccc(CN(C)C)o2)o1,6.33724,KDJIOKLLAMSXIU-UHFFFAOYSA-N
1809,c1cc[n+](CCCCCCCCCC[n+]2cccc3ccccc32)cc1,8.30103,IXYYOCBGKVPOHF-UHFFFAOYSA-N
4253,C[C@@H](c1cccc(OC(=O)NCCCCNc2c3c(nc4ccccc24)CCCC3)c1)N(C)C,6.53429,HTWCATBXDHROAO-UHFFFAOYSA-N
4540,Nc1c2c(nc3ccc(-c4ccncc4)cc13)CCCC2,5.92849,VUTKNZLZEHUNMY-UHFFFAOYSA-N
4541,COc1cc(-c2ccc3nc4c(c(N)c3c2)CCCC4)ccn1,6.16941,VUTKNZLZEHUNMY-UHFFFAOYSA-N
1895,CC1=C[C@@H]2Cc3nc4cc(Cl)ccc4c(NCCCCCCCCCNC(=O)c4cc(O)c5c(c4)C(=O)c4cccc(O)c4C5=O)c3[C@H](C1)C2,8.620695000000001,GQOCQOJNBAHFNH-RRPNLBNLSA-N
183,COc1ccc2[nH]cc(/C=C3\CN(Cc4ccccc4)CCC3=O)c2c1,5.22185,ZPMXWGBWYLLQKG-LDADJPATSA-N
198,O=C1CCN(Cc2ccccc2)C/C1=C\c1c[nH]c2ccccc12,5.09691,ZPMXWGBWYLLQKG-LDADJPATSA-N
4159,CCOC(=O)C1=C(C)N(CCC2CCN(Cc3ccccc3)CC2)C(=O)NC1c1coc2c(Cl)cc(Cl)cc2c1=O,7.22185,JGJZSXALRKGPRE-UHFFFAOYSA-N
3367,NC(=O)c1sc(-c2ccnc(NC(=O)C3CC3)c2)nc1OCCC1CCN(Cc2ccc(F)cc2)CC1,5.34679,NTTPNUSGRGVLEU-UHFFFAOYSA-N
3368,NC(=O)c1sc(-c2ccnc(NC(=O)C3CC3)c2)nc1OCCC1CCN(Cc2cccc(F)c2)CC1,5.3279,NTTPNUSGRGVLEU-UHFFFAOYSA-N
3369,NC(=O)c1sc(-c2ccnc(NC(=O)C3CC3)c2)nc1OCCC1CCN(Cc2ccccc2Cl)CC1,5.4318,NTTPNUSGRGVLEU-UHFFFAOYSA-N
3371,NC(=O)c1sc(-c2ccnc(NC(=O)C3CC3)c2)nc1OCCC1CCN(Cc2ccccc2F)CC1,5.10791,NTTPNUSGRGVLEU-UHFFFAOYSA-N
3372,NC(=O)c1sc(-c2ccnc(NC(=O)C3CC3)c2)nc1OCCC1CCN(Cc2ccccc2)CC1,6.13668,NTTPNUSGRGVLEU-UHFFFAOYSA-N
2206,CC1=CC2Cc3nc4cc(Cl)ccc4c(NCCCCCCCCCCCCNc4c5c(nc6ccccc46)CCCC5)c3C(C1)C2,8.7167,LLPHDNIUYBFXKR-UHFFFAOYSA-N
2207,CC1=CC2Cc3nc4cc(Cl)ccc4c(NCCCCCCCCCCCCNc4c5c(nc6cc(Cl)ccc46)CCCC5)c3C(C1)C2,8.46092,LLPHDNIUYBFXKR-UHFFFAOYSA-N
2209,CC1=CC2Cc3nc4ccccc4c(NCCCCCCCCCCCCNc4c5c(nc6ccccc46)CCCC5)c3C(C1)C2,7.99568,LLPHDNIUYBFXKR-UHFFFAOYSA-N
2211,CC1=CC2Cc3nc4ccccc4c(NCCCCCCCCCCCCNc4c5c(nc6cc(Cl)ccc46)CCCC5)c3C(C1)C2,8.43652,LLPHDNIUYBFXKR-UHFFFAOYSA-N
4095,CCN(CC)CCCCN1N=C2c3sccc3CCC2CC1=O,5.53313,SWAXJSBSRJXHAC-UHFFFAOYSA-N
4096,CN(C)CCCCN1N=C2c3sccc3CCC2CC1=O,5.19654,SWAXJSBSRJXHAC-UHFFFAOYSA-N
1059,CCCCCCOC(=O)[C@H](CCC(=O)NCCC1CCN(Cc2ccccc2)CC1)NC(=O)c1ccccc1,6.27572,DWNXVVDXAPWOOG-UHFFFAOYSA-N
2732,CCCCCCOC(=O)[C@@H](CCC(=O)NCCC1CCN(Cc2ccccc2)CC1)NC(=O)c1ccccc1,6.05061,DWNXVVDXAPWOOG-UHFFFAOYSA-N
2735,O=C(CC[C@H](NC(=O)c1ccccc1)C(=O)O)NCCC1CCN(Cc2ccccc2)CC1,6.11919,DWNXVVDXAPWOOG-UHFFFAOYSA-N
2737,CCOC(=O)[C@H](CCC(=O)NCCC1CCN(Cc2ccccc2)CC1)NC(=O)c1ccccc1,6.07058,DWNXVVDXAPWOOG-UHFFFAOYSA-N
2738,CCOC(=O)[C@@H](CCC(=O)NCCC1CCN(Cc2ccccc2)CC1)NC(=O)c1ccccc1,6.30103,DWNXVVDXAPWOOG-UHFFFAOYSA-N
837,CCN(CCNC1=CC(=O)C(NCCN(CC)Cc2ccccc2OC)=CC1=O)Cc1ccccc1OC,7.21112,ASURBWAPVQYRGO-UHFFFAOYSA-N
818,CCN(CCCCCCNC1=CC(=O)C(NCCCCCCN(CC)Cc2ccncc2)=CC1=O)Cc1ccncc1,6.7167,IGCLIIFZMUGQPQ-UHFFFAOYSA-N
698,CN(C)C(=O)Oc1ccc2c(c1)C=CCN(C)[C@@H]2CCOc1ccc([N+](=O)[O-])cc1,7.85387,GYTKOSKWYAYEPO-GOSISDBHSA-N
1450,c1ccc2c(c1)ccc[n+]2CCCCCCC[n+]1cccc2ccccc21,7.04576,BLMJGURMDNTUKU-UHFFFAOYSA-N
518,C#CCNC1CCc2ccc(OC(=O)N(C)c3ccc(OC)cc3)cc21,6.0655,UFYBVHOUUMLJTI-UHFFFAOYSA-N
530,COc1ccc(N(C)C(=O)Oc2ccc3c(c2)C(N)CC3)cc1,6.52288,UFYBVHOUUMLJTI-UHFFFAOYSA-N
548,C#CCNC1CCc2ccc(OC(=O)N(C)c3ccccc3)cc21,6.25964,UFYBVHOUUMLJTI-UHFFFAOYSA-N
2286,CC(=O)NCCc1c[nH]c2ccc(OC(=O)NCCCCNc3c4c(nc5ccccc35)CCCC4)cc12,6.42304,FQVGGJLEHUNKNW-UHFFFAOYSA-N
1157,O=C(C1CCCCC1)N(CCC1CCN(Cc2ccccc2)CC1)c1ccccc1,5.02687,ALNLNNGVDVYQOX-UHFFFAOYSA-N
2089,COc1cc(N)c(Cl)cc1C(=O)OCC1CCN(CC2CCCCC2)CC1,5.56543,JNMXZXVKKBDEAS-UHFFFAOYSA-N
482,C[N+]1(Cc2ccccc2)CCC(CCC(=O)c2ccc3c(c2)CCO3)CC1,7.76955,IKICEKYOYFBQLB-UHFFFAOYSA-O
483,C[N@+]1(Cc2ccccc2)CC[C@H](CCC(=O)c2ccc3c(c2)CCO3)CC1,7.18046,IKICEKYOYFBQLB-UHFFFAOYSA-O
2815,Cc1cc(=O)oc2cc(OCCSC(=S)N3CCCC3)ccc12,6.05061,ATULQKOJYBXQER-UHFFFAOYSA-N
1886,O/N=C/c1nc(CCCCNc2c3c(nc4ccccc24)CCCC3)ccc1O,6.227964999999999,DRZHLPIRTGYXKK-UHFFFAOYSA-N
2920,O/N=C/c1nc(CCCCNc2c3c(nc4ccc(Cl)cc24)CCCC3)ccc1O,5.63827,DRZHLPIRTGYXKK-UHFFFAOYSA-N
2183,CCOC(=O)C1=C(Nc2ccccc2)C[C@@H](c2ccccc2)N(c2ccccc2)[C@@H]1c1ccccc1,5.53,BHZJIWUWHZIBMK-VMPREFPWSA-N
2184,COC(=O)C1=C(Nc2ccccc2)C[C@@H](c2ccccc2)N(c2ccccc2)[C@@H]1c1ccccc1,5.186,BHZJIWUWHZIBMK-VMPREFPWSA-N
2185,COC(=O)C1=C(Nc2ccccc2)C[C@@H](c2ccc(C)cc2)N(c2ccccc2)[C@@H]1c1ccc(C)cc1,5.242,BHZJIWUWHZIBMK-VMPREFPWSA-N
2186,CCOC(=O)C1=C(Nc2ccccc2)C[C@@H](c2ccc(C)cc2)N(c2ccccc2)[C@@H]1c1ccc(C)cc1,5.253,BHZJIWUWHZIBMK-VMPREFPWSA-N
2187,COC(=O)C1=C(Nc2ccc(C)cc2)C[C@@H](c2ccc(C)cc2)N(c2ccc(C)cc2)[C@@H]1c1ccc(C)cc1,5.169,BHZJIWUWHZIBMK-VMPREFPWSA-N
2188,COC(=O)C1=C(Nc2ccc(Br)cc2)C[C@@H](c2ccc(C)cc2)N(c2ccc(Br)cc2)[C@@H]1c1ccc(C)cc1,5.606,BHZJIWUWHZIBMK-VMPREFPWSA-N
2189,COC(=O)C1=C(Nc2ccc(Cl)cc2)C[C@@H](c2ccc(C)cc2)N(c2ccc(Cl)cc2)[C@@H]1c1ccc(C)cc1,5.668,BHZJIWUWHZIBMK-VMPREFPWSA-N
2190,COC(=O)C1=C(Nc2ccc(OC)cc2)C[C@@H](c2ccc(C)cc2)N(c2ccc(OC)cc2)[C@@H]1c1ccc(C)cc1,5.234,BHZJIWUWHZIBMK-VMPREFPWSA-N
2191,CCOC(=O)C1=C(Nc2ccc(OC)cc2)C[C@@H](c2ccc(C)cc2)N(c2ccc(OC)cc2)[C@@H]1c1ccc(C)cc1,5.303,BHZJIWUWHZIBMK-VMPREFPWSA-N
2192,CCOC(=O)C1=C(Nc2ccc(OC)cc2)C[C@@H](c2ccccc2)N(c2ccc(OC)cc2)[C@@H]1c1ccccc1,5.648,BHZJIWUWHZIBMK-VMPREFPWSA-N
2193,CCOC(=O)C1=C(Nc2ccc(Cl)cc2)C[C@@H](c2ccccc2)N(c2ccc(Cl)cc2)[C@@H]1c1ccccc1,5.337,BHZJIWUWHZIBMK-VMPREFPWSA-N
2194,CCOC(=O)C1=C(Nc2ccc(C)cc2)C[C@@H](c2ccccc2)N(c2ccc(C)cc2)[C@@H]1c1ccccc1,5.286,BHZJIWUWHZIBMK-VMPREFPWSA-N
2195,CCOC(=O)C1=C(Nc2ccc(F)cc2)C[C@@H](c2ccc(Cl)cc2)N(c2ccc(F)cc2)[C@@H]1c1ccc(Cl)cc1,6.26,BHZJIWUWHZIBMK-VMPREFPWSA-N
2196,CCOC(=O)C1=C(Nc2ccccc2)C[C@@H](c2ccc(F)cc2)N(c2ccccc2)[C@@H]1c1ccc(F)cc1,6.409,BHZJIWUWHZIBMK-VMPREFPWSA-N
2197,COC(=O)C1=C(Nc2ccc(F)cc2)C[C@@H](c2ccc(F)cc2)N(c2ccc(F)cc2)[C@@H]1c1ccc(F)cc1,5.495,BHZJIWUWHZIBMK-VMPREFPWSA-N
2198,COC(=O)C1=C(Nc2ccc(Cl)cc2)C[C@@H](c2ccc(F)cc2)N(c2ccc(Cl)cc2)[C@@H]1c1ccc(F)cc1,6.149,BHZJIWUWHZIBMK-VMPREFPWSA-N
2199,CC(C)(C)OC(=O)C1=C(Nc2ccccc2)C[C@@H](c2ccccc2)N(c2ccccc2)[C@@H]1c1ccccc1,5.554,BHZJIWUWHZIBMK-VMPREFPWSA-N
2200,COC(=O)C1=C(Nc2ccccc2)C[C@@H](c2ccc(Cl)cc2)N(c2ccccc2)[C@@H]1c1ccc(Cl)cc1,6.056,BHZJIWUWHZIBMK-VMPREFPWSA-N
2201,CCOC(=O)C1=C(Nc2ccc(C)cc2)C[C@@H](c2ccc(Cl)cc2)N(c2ccc(C)cc2)[C@@H]1c1ccc(Cl)cc1,5.268,BHZJIWUWHZIBMK-VMPREFPWSA-N
2202,COC(=O)C1=C(Nc2ccc(Br)cc2)C[C@@H](c2ccc(Cl)cc2)N(c2ccc(Br)cc2)[C@@H]1c1ccc(Cl)cc1,6.056,BHZJIWUWHZIBMK-VMPREFPWSA-N
2203,COC(=O)C1=C(Nc2ccc(Br)cc2)C[C@@H](c2ccc(OC)cc2)N(c2ccc(Br)cc2)[C@@H]1c1ccc(OC)cc1,5.666,BHZJIWUWHZIBMK-VMPREFPWSA-N
2204,CCOC(=O)C1=C(Nc2ccc(Cl)cc2)C[C@@H](c2ccc(OC)cc2)N(c2ccc(Cl)cc2)[C@@H]1c1ccc(OC)cc1,6.42,BHZJIWUWHZIBMK-VMPREFPWSA-N
4326,CN(Cc1ccc(COc2ccc3c(CO)cc(=O)oc3c2)cc1)Cc1ccsc1,6.58336,DIFMBALLHUXGIP-UHFFFAOYSA-N
633,COc1cc2cc(C3=CC[N+](C)(Cc4ccccc4)CC3)sc2cc1OC,5.57349,FCHXTZSDFHPFEA-UHFFFAOYSA-O
3974,COc1ccc2c(c1)[nH]c1c(C(C)=O)nccc12,5.39794,AIFRHYZBTHREPW-UHFFFAOYSA-N
3975,C#CCn1c2cc(OC)ccc2c2ccnc(C)c21,5.72125,AIFRHYZBTHREPW-UHFFFAOYSA-N
619,C=C1c2ccccc2N=C2CCCCCN12,5.43,CFBDZCKTSONAGK-UHFFFAOYSA-N
620,C=C1c2cccc(Cl)c2N=C2CCCCCN12,5.82,CFBDZCKTSONAGK-UHFFFAOYSA-N
621,C=C1c2ccc(Cl)cc2N=C2CCCCCN12,6.8,CFBDZCKTSONAGK-UHFFFAOYSA-N
622,C=C1c2cc(Cl)ccc2N=C2CCCCCN12,6.3,CFBDZCKTSONAGK-UHFFFAOYSA-N
623,C=C1c2c(Cl)cccc2N=C2CCCCCN12,5.77,CFBDZCKTSONAGK-UHFFFAOYSA-N
4523,O=c1[nH]c(CNCCC2CCN(Cc3ccccc3)CC2)nc2c1cnn2C1CCCC1,6.5376,CXAJAAIHVWRPHS-UHFFFAOYSA-N
2408,COc1cc2c(cc1OC)C(=O)C(CC1CCN(CC3CCCCC3)CC1)C2,8.04576,GAGCOTIFWCHLQP-UHFFFAOYSA-N
3187,COc1ccc(C(=O)CNc2ccc3oc(=O)ccc3c2)cc1,7.25964,NPIBXWJMYNWBHM-UHFFFAOYSA-N
3188,O=C(CNc1ccc2oc(=O)ccc2c1)c1ccccc1,6.82974,NPIBXWJMYNWBHM-UHFFFAOYSA-N
4189,CCOP(=O)(OCC)C(NCc1cccs1)c1cn(-c2ccccc2)nc1-c1ccc(Cl)cc1,7.76955,FCZMQSCKAWGXJI-UHFFFAOYSA-N
2219,CN(C)c1ccc(C(=O)NCCCCCCCNc2c3c(nc4ccccc24)CCCC3)cc1,7.12494,IDOUJHIGVNLISJ-UHFFFAOYSA-N
1293,c1cnc2nc3c(c(NCCCCCCCNc4c5c(nc6ncccc46)CCCC5)c2c1)CCCC3,8.88606,CFMNRJWKHXEFOQ-UHFFFAOYSA-N
2643,N#CC1=C(N)N2CCNC2=C([N+](=O)[O-])C12c1ccccc1-c1nc3ccccc3nc12,5.19382,TXQBQEAKTWKEAO-UHFFFAOYSA-N
2644,Cc1cc2nc3c(nc2cc1C)C1(C(C#N)=C(N)N2CCNC2=C1[N+](=O)[O-])c1ccccc1-3,5.18046,TXQBQEAKTWKEAO-UHFFFAOYSA-N
2645,N#CC1=C(N)N2CCNC2=C([N+](=O)[O-])C12c1ccccc1-c1nc3ccc([N+](=O)[O-])cc3nc12,5.18709,TXQBQEAKTWKEAO-UHFFFAOYSA-N
32,CCCCCCCNC(=O)Oc1ccc2c(c1)[C@]1(C)CCN(C)[C@@H]1N2C,7.308095,VOWHONRMOCHCGC-LHIURRSHSA-N
59,CNC(=O)Oc1ccc2c(c1)[C@]1(C)CCN(C)[C@@H]1N2C,7.15579,VOWHONRMOCHCGC-LHIURRSHSA-N
172,CNC(=O)Oc1ccc2c(c1)[C@]1(C)CCN[C@@H]1N2C,7.658025,VOWHONRMOCHCGC-LHIURRSHSA-N
175,CCCCCCCCNC(=O)Oc1ccc2c(c1)[C@]1(C)CCN(C)[C@@H]1N2C,7.809895,VOWHONRMOCHCGC-LHIURRSHSA-N
177,C=CCN1CC[C@@]2(C)c3cc(OC(=O)NC)ccc3N(C)[C@@H]12,7.42082,VOWHONRMOCHCGC-LHIURRSHSA-N
178,CN(C)C(=O)Oc1ccc2c(c1)[C@]1(C)CCN(C)[C@@H]1N2C,6.59321,VOWHONRMOCHCGC-LHIURRSHSA-N
713,CCNC(=O)Oc1ccc2c(c1)[C@]1(C)CCN(C)[C@@H]1N2C,7.02687,VOWHONRMOCHCGC-LHIURRSHSA-N
1356,CNC(=O)Oc1ccc2c(c1)[C@@]1(C)CCN(C)[C@@H]1N2C,5.00494,VOWHONRMOCHCGC-LHIURRSHSA-N
1360,CNC(=O)Oc1ccc2c(c1)[C@]1(C)CCN(C)[C@@H]1N2C=O,5.60206,VOWHONRMOCHCGC-LHIURRSHSA-N
1368,CNC(=O)Oc1ccc2c(c1)[C@]1(C)CCN(C)[C@@H]1N2,7.24642,VOWHONRMOCHCGC-LHIURRSHSA-N
2690,COc1cc2c(cc1OC)C(=O)/C(=C/c1cc[n+](Cc3ccccc3)cc1)C2,8.46852,JFZIGIZYTKMSTN-XSFVSMFZSA-N
2691,COc1cc2c(cc1OC)C(=O)/C(=C/c1cc[n+](Cc3ccccc3F)cc1)C2,9.09691,JFZIGIZYTKMSTN-XSFVSMFZSA-N
2692,COc1cc2c(cc1OC)C(=O)/C(=C/c1cc[n+](Cc3cccc(F)c3)cc1)C2,8.5376,JFZIGIZYTKMSTN-XSFVSMFZSA-N
2693,COc1cc2c(cc1OC)C(=O)/C(=C/c1cc[n+](Cc3ccc(F)cc3)cc1)C2,8.38722,JFZIGIZYTKMSTN-XSFVSMFZSA-N
2694,COc1cc2c(cc1OC)C(=O)/C(=C/c1cc[n+](Cc3ccccc3C)cc1)C2,8.23657,JFZIGIZYTKMSTN-XSFVSMFZSA-N
2695,COc1cc2c(cc1OC)C(=O)/C(=C/c1cc[n+](Cc3cccc(C)c3)cc1)C2,8.39794,JFZIGIZYTKMSTN-XSFVSMFZSA-N
2696,COc1cc2c(cc1OC)C(=O)/C(=C/c1cc[n+](Cc3ccc(C)cc3)cc1)C2,7.73049,JFZIGIZYTKMSTN-XSFVSMFZSA-N
2697,COc1cc2c(cc1OC)C(=O)/C(=C/c1cc[n+](Cc3ccccc3Br)cc1)C2,8.42022,JFZIGIZYTKMSTN-XSFVSMFZSA-N
2698,COc1cc2c(cc1OC)C(=O)/C(=C/c1cc[n+](Cc3cccc(Br)c3)cc1)C2,8.284,JFZIGIZYTKMSTN-XSFVSMFZSA-N
2699,COc1cc2c(cc1OC)C(=O)/C(=C/c1cc[n+](Cc3ccc(Br)cc3)cc1)C2,7.15677,JFZIGIZYTKMSTN-XSFVSMFZSA-N
2700,COc1cc2c(cc1OC)C(=O)/C(=C/c1cc[n+](Cc3cccc([N+](=O)[O-])c3)cc1)C2,8.4437,JFZIGIZYTKMSTN-XSFVSMFZSA-N
2701,COc1cc2c(cc1OC)C(=O)/C(=C/c1cc[n+](Cc3ccc([N+](=O)[O-])cc3)cc1)C2,7.22548,JFZIGIZYTKMSTN-XSFVSMFZSA-N
3118,CCOc1ccc(Cc2nc3cc(C(=O)N(CC)CC)ccc3n2CCCCNc2c3c(nc4ccccc24)CCCC3)cc1,7.50004,INTOIIYEBBHGJB-UHFFFAOYSA-N
1969,Cc1cc(=O)oc2cc(OCCN3CCN(CC(=O)Nc4c5c(nc6ccccc46)CCCC5)CC3)ccc12,7.03621,IFYBWVINZZLKPU-UHFFFAOYSA-N
4191,CCOP(=O)(OCC)C(Nc1cccc(O)c1)c1ccc(OCc2nc3ccccc3c(=O)n2-c2ccc(F)cc2)c(OC)c1,5.36211,YCDNLBMUZPUINA-UHFFFAOYSA-N
4192,CCOP(=O)(OCC)C(Nc1ccccc1C#N)c1ccc(OCc2nc3ccccc3c(=O)n2-c2ccc(F)cc2)c(OC)c1,5.53121,YCDNLBMUZPUINA-UHFFFAOYSA-N
4193,CCOP(=O)(OCC)C(Nc1ccccc1C(F)(F)F)c1ccc(OCc2nc3ccccc3c(=O)n2-c2ccc(F)cc2)c(OC)c1,5.30742,YCDNLBMUZPUINA-UHFFFAOYSA-N
4194,CCOP(=O)(OCC)C(Nc1ccccc1C)c1ccc(OCc2nc3ccccc3c(=O)n2-c2ccc(F)cc2)c(OC)c1,5.2714,YCDNLBMUZPUINA-UHFFFAOYSA-N
4195,CCOP(=O)(OCC)C(Nc1ccccc1OC)c1ccc(OCc2nc3ccccc3c(=O)n2-c2ccc(F)cc2)c(OC)c1,5.57626,YCDNLBMUZPUINA-UHFFFAOYSA-N
4196,CCOP(=O)(OCC)C(Nc1ccc([N+](=O)[O-])cc1)c1ccc(OCc2nc3ccccc3c(=O)n2-c2ccc(F)cc2)c(OC)c1,5.74909,YCDNLBMUZPUINA-UHFFFAOYSA-N
4197,CCOP(=O)(OCC)C(Nc1ccc(C(=O)O)cc1)c1ccc(OCc2nc3ccccc3c(=O)n2-c2ccc(F)cc2)c(OC)c1,5.93667,YCDNLBMUZPUINA-UHFFFAOYSA-N
4198,CCOP(=O)(OCC)C(Nc1ccccc1C(C)=O)c1ccc(OCc2nc3ccccc3c(=O)n2-c2ccc(F)cc2)c(OC)c1,5.25003,YCDNLBMUZPUINA-UHFFFAOYSA-N
4199,CCOP(=O)(OCC)C(Nc1cc(C)ccc1C)c1ccc(OCc2nc3ccccc3c(=O)n2-c2ccc(F)cc2)c(OC)c1,5.2181,YCDNLBMUZPUINA-UHFFFAOYSA-N
4200,CCOP(=O)(OCC)C(Nc1c(C)cccc1C)c1ccc(OCc2nc3ccccc3c(=O)n2-c2ccc(F)cc2)c(OC)c1,5.52057,YCDNLBMUZPUINA-UHFFFAOYSA-N
4201,CCOP(=O)(OCC)C(Nc1cccc(Cl)c1Cl)c1ccc(OCc2nc3ccccc3c(=O)n2-c2ccc(F)cc2)c(OC)c1,5.59278,YCDNLBMUZPUINA-UHFFFAOYSA-N
2321,c1ccc2oc(CN(CCCCCCCNc3c4c(nc5ccccc35)CCCCC4)Cc3cc4ccccc4o3)cc2c1,6.69897,OSNBHPQSXCZVRH-UHFFFAOYSA-N
2322,COc1cccc2cc(CN(CCCCCCCNc3c4c(nc5ccccc35)CCCCC4)Cc3cc4cccc(OC)c4o3)oc12,6.70115,OSNBHPQSXCZVRH-UHFFFAOYSA-N
1317,CN(CCCNC(=O)CCc1c[nH]c2ccccc12)CCCNc1c2c(nc3ccccc13)CCCC2,6.83268,BSFBZLJJPSYZOM-UHFFFAOYSA-N
1318,CN(CCCNC(=O)CCc1c[nH]c2ccccc12)CCCNc1c2c(nc3cc(Cl)ccc13)CCCC2,8.5376,BSFBZLJJPSYZOM-UHFFFAOYSA-N
797,COc1cc2oc(-c3cccc(CN(C)Cc4ccccc4)c3)cc(=O)c2cc1OC,5.64397,AOIXPVZGWICCKP-UHFFFAOYSA-N
3047,FC12CC3CC(NCCCCNc4c5c(nc6cc(Cl)ccc46)CCCC5)(CC(C1)c1ccccc13)C2,8.69897,BJCSXPZMHOHQFQ-UHFFFAOYSA-N
975,O=C(NCCCCCCNc1c2c(nc3cc(Cl)ccc13)CCCC2)c1ccc2nc(-c3ccc(Cl)cc3)c3c(c2c1)OCCC3,7.7167,JSOGOOOZEGOQGP-UHFFFAOYSA-N
161,COc1ccc(C(=O)CCc2ccc([N+](C)(C)Cc3ccccc3)cc2)cc1OC,5.88606,DBSHGGWKIXHPGL-UHFFFAOYSA-O
3307,COc1cc([C@H]2OC[C@H]3[C@@H]2CO[C@@H]3c2cc(OC)c(OC)c(OC)c2)cc(OC)c1OC,6.21042,LCDOURUENWKEAD-WNRNVDISSA-N
3308,COc1ccc([C@H]2OC[C@H]3[C@@H]2CO[C@@H]3c2cc(OC)c(OC)c(OC)c2)cc1OC,6.04431,LCDOURUENWKEAD-WNRNVDISSA-N
1285,c1ccc2c(NCCCCCCCCNc3c4c(nc5ccccc35)CCCC4)c3c(nc2c1)CCCC3,8.79588,ZIDVXYDWJIVBSC-UHFFFAOYSA-N
1288,Fc1ccc2c(NCCCCCCCCNc3c4c(nc5cc(F)ccc35)CCCC4)c3c(nc2c1)CCCC3,9.1549,ZIDVXYDWJIVBSC-UHFFFAOYSA-N
1291,Clc1ccc2c(NCCCCCCCCNc3c4c(nc5cc(Cl)ccc35)CCCC4)c3c(nc2c1)CCCC3,9.52288,ZIDVXYDWJIVBSC-UHFFFAOYSA-N
1795,CCOC(=O)C1=C(C)Oc2nc3c(c(N)c2C1c1ccc(C)cc1)CCCC3,6.73993,QXOHJPJAQVKDBR-UHFFFAOYSA-N
1796,CCOC(=O)C1=C(C)Oc2nc3c(c(N)c2C1c1ccc(OC)cc1)CCCC3,6.400705,QXOHJPJAQVKDBR-UHFFFAOYSA-N
3914,CCCCN(CCc1c[nH]c2c(OC(=O)C(C)C)cccc12)CCC1CCCCCC1,5.86391,KKCCFJLKYWLUFQ-UHFFFAOYSA-N
2646,N#CC1=C(N)N2CCCNC2=C([N+](=O)[O-])C12c1ccccc1-c1nc3ccccc3nc12,5.37675,MQASZTRPRTVQDS-UHFFFAOYSA-N
2647,Cc1cc2nc3c(nc2cc1C)C1(C(C#N)=C(N)N2CCCNC2=C1[N+](=O)[O-])c1ccccc1-3,5.24413,MQASZTRPRTVQDS-UHFFFAOYSA-N
2648,N#CC1=C(N)N2CCCNC2=C([N+](=O)[O-])C12c1ccccc1-c1nc3ccc([N+](=O)[O-])cc3nc12,5.40894,MQASZTRPRTVQDS-UHFFFAOYSA-N
2649,CC1(C)CNC2=C([N+](=O)[O-])C3(C(C#N)=C(N)N2C1)c1ccccc1-c1nc2ccccc2nc13,5.36653,MQASZTRPRTVQDS-UHFFFAOYSA-N
2650,Cc1cc2nc3c(nc2cc1C)C1(C(C#N)=C(N)N2CC(C)(C)CNC2=C1[N+](=O)[O-])c1ccccc1-3,5.39794,MQASZTRPRTVQDS-UHFFFAOYSA-N
2651,CC1(C)CNC2=C([N+](=O)[O-])C3(C(C#N)=C(N)N2C1)c1ccccc1-c1nc2ccc([N+](=O)[O-])cc2nc13,5.4437,MQASZTRPRTVQDS-UHFFFAOYSA-N
2257,COc1ccc2[nH]cc(CCNC(=O)/C=C/c3cc[n+](Cc4ccccc4F)cc3)c2c1,6.58503,QMTYYVPOCHGFBA-ZHACJKMWSA-O
2258,COc1ccc2[nH]cc(CCNC(=O)/C=C/c3cc[n+](Cc4cccc(F)c4)cc3)c2c1,6.95861,QMTYYVPOCHGFBA-ZHACJKMWSA-O
2259,COc1ccc2[nH]cc(CCNC(=O)/C=C/c3cc[n+](Cc4ccc(F)cc4)cc3)c2c1,6.67778,QMTYYVPOCHGFBA-ZHACJKMWSA-O
979,CC1=CC2Cc3nc4oc(C)c(C)c4c(N)c3C(C1)C2,5.32057,MVOAMTJWCFCFIN-UHFFFAOYSA-N
980,CCC1=CC2Cc3nc4oc(C)c(C)c4c(N)c3C(C1)C2,5.19044,MVOAMTJWCFCFIN-UHFFFAOYSA-N
1067,CCOC(=O)c1cc2c(N)c3c(nc2nc1C)CCCCCC3,5.74473,WDGQGLWXVMWOHB-UHFFFAOYSA-N
1069,COC(=O)c1cc2c(N)c3c(nc2nc1C)CCCCCC3,5.74473,WDGQGLWXVMWOHB-UHFFFAOYSA-N
4099,O=C1CC2CCc3ccsc3C2=NN1CCCCCCN1CCN(Cc2cccc3c2ccn3S(=O)(=O)c2ccccc2)CC1,5.00877,HKJPSKQLHUWRSF-UHFFFAOYSA-N
2146,c1cnc(-c2cc3c(cn2)[nH]c2ncc(-c4ccc(CN5CCCCC5)cc4)cc23)cn1,5.91614,GXRLPTHGYBPIDP-UHFFFAOYSA-N
1928,CN(C)c1ccc(/C=C2/COC/C(=C\c3ccc(N(C)C)cc3[N+](=O)[O-])C2=O)c([N+](=O)[O-])c1,5.81248,BYUOXPBVJAPZNL-MJZABRMRSA-N
3400,c1ccc(CNC2CCN(Cc3ccccc3)C2)cc1,5.94846,BHEXKVGLZMEJRQ-UHFFFAOYSA-N
3401,COc1cccc(CNC2CCN(Cc3ccccc3)C2)c1OC,5.35823,BHEXKVGLZMEJRQ-UHFFFAOYSA-N
3402,COc1cc(CNC2CCN(Cc3ccccc3)C2)cc(OC)c1OC,5.50515,BHEXKVGLZMEJRQ-UHFFFAOYSA-N
3403,Oc1ccc(CNC2CCN(Cc3ccccc3)C2)cc1,5.75746,BHEXKVGLZMEJRQ-UHFFFAOYSA-N
3404,Oc1ccccc1CNC1CCN(Cc2ccccc2)C1,5.64628,BHEXKVGLZMEJRQ-UHFFFAOYSA-N
3405,Oc1ccc(CNC2CCN(Cc3ccccc3)C2)c(O)c1,5.81759,BHEXKVGLZMEJRQ-UHFFFAOYSA-N
3406,Cc1ccc(CNC2CCN(Cc3ccccc3)C2)cc1,5.19436,BHEXKVGLZMEJRQ-UHFFFAOYSA-N
3407,O=[N+]([O-])c1ccc(CNC2CCN(Cc3ccccc3)C2)cc1,6.13018,BHEXKVGLZMEJRQ-UHFFFAOYSA-N
3408,FC(F)(F)c1ccc(CNC2CCN(Cc3ccccc3)C2)cc1,6.89279,BHEXKVGLZMEJRQ-UHFFFAOYSA-N
3409,FC(F)(F)Oc1ccc(CNC2CCN(Cc3ccccc3)C2)cc1,7.23657,BHEXKVGLZMEJRQ-UHFFFAOYSA-N
3410,Clc1ccc(CNC2CCN(Cc3ccccc3)C2)cc1,6.74958,BHEXKVGLZMEJRQ-UHFFFAOYSA-N
3411,Fc1ccc(CNC2CCN(Cc3ccccc3)C2)cc1,6.82681,BHEXKVGLZMEJRQ-UHFFFAOYSA-N
3412,Brc1ccc(CNC2CCN(Cc3ccccc3)C2)cc1,6.87615,BHEXKVGLZMEJRQ-UHFFFAOYSA-N
3413,Fc1ccc(CNC2CCN(Cc3ccccc3)C2)c(F)c1,7.16115,BHEXKVGLZMEJRQ-UHFFFAOYSA-N
4204,COc1cccc(C(c2ccc(F)cc2)N2CCN(c3cnccn3)CC2)c1O,6.14874,VNYYZZUTCYXDEN-UHFFFAOYSA-N
4205,Cc1ccc(C(c2ccccc2O)N2CCN(c3cnccn3)CC2)cc1,5.96257,VNYYZZUTCYXDEN-UHFFFAOYSA-N
4361,Clc1ccc(C(Cn2ccnc2)OCc2csc3c(Cl)cccc23)c(Cl)c1,7.0,AXFNCHDFGGPKMF-UHFFFAOYSA-N
1284,c1ccc2c(NCCCCCCNc3c4c(nc5ccccc35)CCCC4)c3c(nc2c1)CCCC3,8.85387,IYNUCVAQGDCTFO-UHFFFAOYSA-N
1286,Fc1ccc2c(NCCCCCCNc3c4c(nc5cc(F)ccc35)CCCC4)c3c(nc2c1)CCCC3,9.04576,IYNUCVAQGDCTFO-UHFFFAOYSA-N
1289,Clc1ccc2c(NCCCCCCNc3c4c(nc5cc(Cl)ccc35)CCCC4)c3c(nc2c1)CCCC3,9.22185,IYNUCVAQGDCTFO-UHFFFAOYSA-N
2,O=C(N1CCCCC1)n1nc(-c2ccc(Cl)cc2)nc1SCC(F)(F)F,6.52288,HBEPAIPMAVOACQ-UHFFFAOYSA-N
11,CSc1nc(-c2ccc(Cl)cc2)nn1C(=O)N1CCCCC1,7.58503,HBEPAIPMAVOACQ-UHFFFAOYSA-N
4166,CCN(CC)C(=O)c1ccc2c(c1)nc(Cc1ccc(OC(=O)N(C)c3ccccc3)cc1)n2CCC(C)C,5.48046,KCUPGLSWPZVOAR-UHFFFAOYSA-N
3551,O=c1cc(-c2ccc(OCCCCN3CCc4ccccc4C3)cc2)oc2cc(OCCCCN3CCc4ccccc4C3)cc(O)c12,6.22915,HIFFPOKGECRZHC-UHFFFAOYSA-N
1465,O=C1C=C(NCCCCCCNCc2ccc(-c3nc4ccccc4s3)cc2)C(=O)C=C1NCCCCCCNCc1ccc(-c2nc3ccccc3s2)cc1,6.5157,DMJZMKWUENVGJJ-UHFFFAOYSA-N
1905,COc1cc2c(cc1OC)C(Cc1ccc(OCCCCCCN3CCCC3C)cc1)NCC2,5.34679,CLMAEFKVAQVHEY-UHFFFAOYSA-N
1908,COc1cc2c(cc1OC)C(Cc1ccc(OCCCCCCN3CCCC3)cc1)NCC2,5.52578,CLMAEFKVAQVHEY-UHFFFAOYSA-N
1452,c1ccc2c(c1)ccc[n+]2CCCCCCCCC[n+]1cccc2ccccc21,7.09691,FEWPEMHIXGPAEH-UHFFFAOYSA-N
3285,Cc1cccc(C2C([N+](=O)[O-])C(Cc3c[nH]cn3)NC23c2ccccc2-c2nc4ccccc4nc23)c1,5.10791,ZUPHSZUUVUZQJL-UHFFFAOYSA-N
3286,Cc1ccc(C2C([N+](=O)[O-])C(Cc3c[nH]cn3)NC23c2ccccc2-c2nc4ccccc4nc23)cc1,5.69465,ZUPHSZUUVUZQJL-UHFFFAOYSA-N
3287,COc1ccccc1C1C([N+](=O)[O-])C(Cc2c[nH]cn2)NC12c1ccccc1-c1nc3ccccc3nc12,5.28233,ZUPHSZUUVUZQJL-UHFFFAOYSA-N
3288,COc1cccc(C2C([N+](=O)[O-])C(Cc3c[nH]cn3)NC23c2ccccc2-c2nc4ccccc4nc23)c1,5.03621,ZUPHSZUUVUZQJL-UHFFFAOYSA-N
3289,COc1ccc(C2C([N+](=O)[O-])C(Cc3c[nH]cn3)NC23c2ccccc2-c2nc4ccccc4nc23)cc1,5.68825,ZUPHSZUUVUZQJL-UHFFFAOYSA-N
1723,O=C1/C(=C/c2ccc(Cl)cc2)CN(C(=O)C[C@H]2C[C@H]3CCCN3[C@]23C(=O)Nc2ccccc23)C/C1=C\c1ccc(Cl)cc1,5.47366,ZXNYKJWIZZJZPB-UEJDYGPVSA-N
1724,O=C1/C(=C/c2ccc(Cl)cc2Cl)CN(C(=O)C[C@H]2C[C@H]3CCCN3[C@]23C(=O)Nc2ccccc23)C/C1=C\c1ccc(Cl)cc1Cl,5.38616,ZXNYKJWIZZJZPB-UEJDYGPVSA-N
1725,O=C1/C(=C/c2cccc([N+](=O)[O-])c2)CN(C(=O)C[C@H]2C[C@H]3CCCN3[C@]23C(=O)Nc2ccccc23)C/C1=C\c1cccc([N+](=O)[O-])c1,5.22257,ZXNYKJWIZZJZPB-UEJDYGPVSA-N
674,CNC(=O)Oc1cccc(CN(C)CCCCCCCOc2ccc3c(c2)C/C(=C\c2cc(OC)c(OC)c(OC)c2)C3=O)c1,5.74473,RFXAMLDLPLCZJH-NHFJDJAPSA-N
1306,CNC(=O)Oc1cccc(CN(C)CCCCCCCOc2ccc3c(c2)C/C(=C\c2cc(O)c(O)c(O)c2)C3=O)c1,8.74473,RFXAMLDLPLCZJH-NHFJDJAPSA-N
4533,C#CCOc1c(CN2CCOCC2)cc(-c2cc(=O)c3ccccc3o2)cc1CN1CCOCC1,5.42713,MDDTVJMVDHXEQM-UHFFFAOYSA-N
4534,C#CCCCOc1c(CN2CCOCC2)cc(-c2cc(=O)c3ccccc3o2)cc1CN1CCOCC1,5.47108,MDDTVJMVDHXEQM-UHFFFAOYSA-N
2052,CN(CCCCCCCN1C(=O)c2ccccc2C1=O)Cc1ccccc1,6.0013,AFZKLKOFXUIXAC-UHFFFAOYSA-N
2056,CN(CCCCCCCN1C(=O)c2ccccc2C1=O)Cc1ccccc1F,6.20412,AFZKLKOFXUIXAC-UHFFFAOYSA-N
2060,CN(CCCCCCCN1C(=O)c2ccccc2C1=O)Cc1cccc(Cl)c1,5.88506,AFZKLKOFXUIXAC-UHFFFAOYSA-N
2093,O=C1c2ccccc2C(=O)N1CCCCCCCNCc1ccccc1,6.51856,AFZKLKOFXUIXAC-UHFFFAOYSA-N
2097,O=C1c2ccccc2C(=O)N1CCCCCCCNCc1ccccc1F,6.4828,AFZKLKOFXUIXAC-UHFFFAOYSA-N
2101,O=C1c2ccccc2C(=O)N1CCCCCCCNCc1ccc(F)cc1,6.35952,AFZKLKOFXUIXAC-UHFFFAOYSA-N
2104,O=C1c2ccccc2C(=O)N1CCCCCCCNCc1ccc(F)cc1F,6.41908,AFZKLKOFXUIXAC-UHFFFAOYSA-N
2108,O=C1c2ccccc2C(=O)N1CCCCCCCNCc1cccc(Cl)c1,6.18642,AFZKLKOFXUIXAC-UHFFFAOYSA-N
3049,O=C(CCCNc1c2c(nc3cc(Cl)ccc13)CCCC2)NC12CC3CC(F)(CC(C1)c1ccccc13)C2,8.85387,JOSSBZXGFHCABJ-UHFFFAOYSA-N
3463,CNC(=O)c1sc(-c2ccnc(NC(=O)CNCCCCCCNc3c4c(nc5ccccc35)CCCC4)c2)nc1OCC1CC1,7.65956,AEDHVDFWLXLDON-UHFFFAOYSA-N
3057,Cc1c(C)c2ccc(OCC3CCN(Cc4cccc(CO)c4)CC3)cc2oc1=O,5.85387,DXFDENZBIGTAQD-UHFFFAOYSA-N
3058,Cc1c(C)c2ccc(OCC3CCN(Cc4cccc(OCCCO)c4)CC3)cc2oc1=O,6.07572,DXFDENZBIGTAQD-UHFFFAOYSA-N
3060,Cc1c(C)c2ccc(OCC3CCN(Cc4cccc(CO[N+](=O)[O-])c4)CC3)cc2oc1=O,5.88606,DXFDENZBIGTAQD-UHFFFAOYSA-N
3062,Cc1c(C)c2ccc(OCC3CCN(Cc4cccc(OCCCO[N+](=O)[O-])c4)CC3)cc2oc1=O,6.31876,DXFDENZBIGTAQD-UHFFFAOYSA-N
3739,Cc1c(C)c2ccc(OCC3CCN(Cc4cccc(F)c4)CC3)cc2oc1=O,6.33724,DXFDENZBIGTAQD-UHFFFAOYSA-N
3740,Cc1c(C)c2ccc(OCC3CCN(Cc4cccc(C(F)(F)F)c4)CC3)cc2oc1=O,6.3279,DXFDENZBIGTAQD-UHFFFAOYSA-N
3751,Cc1c(C)c2ccc(OCC3CCN(Cc4ccccc4)CC3)cc2oc1=O,6.42022,DXFDENZBIGTAQD-UHFFFAOYSA-N
3189,CSc1ccc(C2SCC(=O)N2c2ccc3oc(=O)ccc3c2)cc1,6.50724,VKNWDCRSXKCHGZ-UHFFFAOYSA-N
3190,O=C1CSC(c2ccc(F)cc2)N1c1ccc2oc(=O)ccc2c1,6.9914,VKNWDCRSXKCHGZ-UHFFFAOYSA-N
3191,COc1ccc(C2SCC(=O)N2c2ccc3oc(=O)ccc3c2)cc1,7.14813,VKNWDCRSXKCHGZ-UHFFFAOYSA-N
3146,Cc1cc(N2CCCCC2)nc2ccccc12,6.07572,JWKIBLYWKJBSQP-UHFFFAOYSA-N
3117,CCOc1ccc(Cc2nc3cc(C(=O)N(CC)CC)ccc3n2CCCNc2c3c(nc4ccccc24)CCCC3)cc1,8.50004,CHOBURRKJISLAI-UHFFFAOYSA-N
2603,COc1cc2c(cc1OC)C(=O)/C(=C/c1ccc(CN3CCCC3)c(O)c1)O2,5.87943,IDKGPZZQKZEDSN-UYRXBGFRSA-N
3700,O=C(Nc1cncc(C(=O)NC2CCN(Cc3ccccc3)CC2)c1)c1ccnc(NC(=O)C2CC2)c1,6.20621,VKIJTFYGLUKRHX-UHFFFAOYSA-N
3701,O=C(Nc1cncc(C(=O)NC2CCN(Cc3cccc(Cl)c3)CC2)c1)c1ccnc(NC(=O)C2CC2)c1,5.60189,VKIJTFYGLUKRHX-UHFFFAOYSA-N
3543,CCC[N+]1(C)CCN(c2ccc(/C=C3\Cc4cc(OC)c(OC)cc4C3=O)cc2)CC1,5.66756,UCTOTJQSJOBAEG-GHRIWEEISA-O
3544,CCCC[N+]1(C)CCN(c2ccc(/C=C3\Cc4cc(OC)c(OC)cc4C3=O)cc2)CC1,6.26761,UCTOTJQSJOBAEG-GHRIWEEISA-O
3545,CCCCC[N+]1(C)CCN(c2ccc(/C=C3\Cc4cc(OC)c(OC)cc4C3=O)cc2)CC1,6.26761,UCTOTJQSJOBAEG-GHRIWEEISA-O
3546,CCCCCC[N+]1(C)CCN(c2ccc(/C=C3\Cc4cc(OC)c(OC)cc4C3=O)cc2)CC1,5.37161,UCTOTJQSJOBAEG-GHRIWEEISA-O
3547,C=CC[N+]1(C)CCN(c2ccc(/C=C3\Cc4cc(OC)c(OC)cc4C3=O)cc2)CC1,6.36653,UCTOTJQSJOBAEG-GHRIWEEISA-O
3548,COc1cc2c(cc1OC)C(=O)/C(=C/c1ccc(N3CC[N+](C)(CCO)CC3)cc1)C2,5.95861,UCTOTJQSJOBAEG-GHRIWEEISA-O
4008,COc1ccc2c(c1)c(C=O)cn2CCCCCCCCCN(C)Cc1cccc(O)c1,5.28483,DEGUCBACNWCFPX-UHFFFAOYSA-N
4012,COc1ccc2c(c1)c(C=O)cn2CCCCCCCCCN(C)Cc1ccc(O)cc1,5.20551,DEGUCBACNWCFPX-UHFFFAOYSA-N
1158,CC(=O)N(CCC1CCN(Cc2ccccc2)CC1)c1ccccc1,7.284,WIVOLTFGVIYIMZ-UHFFFAOYSA-N
1159,CCC(=O)N(CCC1CCN(Cc2ccccc2)CC1)c1ccccc1,6.08092,WIVOLTFGVIYIMZ-UHFFFAOYSA-N
1160,COc1cccc(N(CCC2CCN(Cc3ccccc3)CC2)C(C)=O)c1,7.33724,WIVOLTFGVIYIMZ-UHFFFAOYSA-N
1161,COc1ccc(N(CCC2CCN(Cc3ccccc3)CC2)C(C)=O)cc1,6.1549,WIVOLTFGVIYIMZ-UHFFFAOYSA-N
1162,CC(=O)N(CCC1CCN(Cc2ccccc2)CC1)c1cccc(F)c1,7.18709,WIVOLTFGVIYIMZ-UHFFFAOYSA-N
1163,CC(=O)N(CCC1CCN(Cc2ccccc2)CC1)c1ccc(F)cc1,6.68825,WIVOLTFGVIYIMZ-UHFFFAOYSA-N
4496,COc1ccc2c3c1O[C@H]1C[C@@H](OC(=O)NC4CCN(Cc5cccc(C(F)(F)F)c5)CC4)C=C[C@@]31CCN(C)C2,6.22081,VMSAIXHBENMYGL-AGJHTDJMSA-N
4497,COc1ccc2c3c1O[C@H]1C[C@@H](OC(=O)NC4CCN(Cc5ccc(F)cc5F)CC4)C=C[C@@]31CCN(C)C2,5.91937,VMSAIXHBENMYGL-AGJHTDJMSA-N
4498,COc1ccc2c3c1O[C@H]1C[C@@H](OC(=O)NC4CCN(Cc5ccc(F)cc5)CC4)C=C[C@@]31CCN(C)C2,6.39862,VMSAIXHBENMYGL-AGJHTDJMSA-N
4499,COc1ccc2c3c1O[C@H]1C[C@@H](OC(=O)NC4CCN(Cc5cccc(F)c5)CC4)C=C[C@@]31CCN(C)C2,6.37782,VMSAIXHBENMYGL-AGJHTDJMSA-N
4500,COc1ccc2c3c1O[C@H]1C[C@@H](OC(=O)NC4CCN(Cc5ccccc5F)CC4)C=C[C@@]31CCN(C)C2,6.39169,VMSAIXHBENMYGL-AGJHTDJMSA-N
4501,COc1ccc2c3c1O[C@H]1C[C@@H](OC(=O)NC4CCN(Cc5ccccc5)CC4)C=C[C@@]31CCN(C)C2,6.432,VMSAIXHBENMYGL-AGJHTDJMSA-N
4502,COc1ccc2c3c1O[C@H]1C[C@@H](OC(=O)NC4CCN(Cc5ccc(OC(F)(F)F)cc5)CC4)C=C[C@@]31CCN(C)C2,6.3457,VMSAIXHBENMYGL-AGJHTDJMSA-N
242,CNC(=O)Oc1cccc(CN(C)CCCCCCOc2ccc3c(=O)c4ccccc4oc3c2)c1,8.85387,NJEMLWAYICNSMV-UHFFFAOYSA-N
792,CN(CCCCCCOc1ccc2c(=O)c3ccccc3oc2c1)Cc1ccccc1,5.5391,NJEMLWAYICNSMV-UHFFFAOYSA-N
2457,CCCCCCCCCC(C)C1OCc2c[n+](C)c(C)c(OC(=O)N(C)C)c2CO1,6.33724,TVAPPUQQGZUSQJ-UHFFFAOYSA-O
2458,CCCCCCCCC1OCc2c[n+](C)c(C)c(OC(=O)N(C)C)c2CO1,5.88606,TVAPPUQQGZUSQJ-UHFFFAOYSA-O
2459,CCCCCCCC1OCc2c[n+](C)c(C)c(OC(=O)N(C)C)c2CO1,5.67778,TVAPPUQQGZUSQJ-UHFFFAOYSA-O
604,Cc1ccccc1NC(=O)Oc1ccc2c(c1)C1(C)COC(C1)O2,7.25181,XJOKTEONVKMBPL-UHFFFAOYSA-N
605,CC(C)c1ccc(NC(=O)Oc2ccc3c(c2)C2(C)COC(C2)O3)cc1,5.36653,XJOKTEONVKMBPL-UHFFFAOYSA-N
1541,Oc1c(Cl)cc(Cl)c(Cl)c1Cc1c(O)c(Cl)cc(Cl)c1Cl,5.52073,CZZYITDELCSZES-UHFFFAOYSA-N
3871,CCC(c1ccc(O)c(OC)c1)c1cccc(O)c1O,5.24718,CZZYITDELCSZES-UHFFFAOYSA-N
3872,CCC(c1ccc(O)c(OC)c1)c1ccc(OC)cc1O,5.32239,CZZYITDELCSZES-UHFFFAOYSA-N
2342,N#CC1=C(N)N(Cc2ccccc2)C(NCc2ccccc2)=C([N+](=O)[O-])C12C(=O)Nc1ccc(F)cc12,5.451,MFQWVVQBTKFUPW-UHFFFAOYSA-N
2346,N#CC1=C(N)N(Cc2ccccc2)C(NCc2ccccc2)=C([N+](=O)[O-])C12C(=O)Nc1ccc([N+](=O)[O-])cc12,5.47237,MFQWVVQBTKFUPW-UHFFFAOYSA-N
2350,Cc1ccc2c(c1)C1(C(=O)N2)C(C#N)=C(N)N(Cc2ccccc2)C(NCc2ccccc2)=C1[N+](=O)[O-],5.43063,MFQWVVQBTKFUPW-UHFFFAOYSA-N
2354,N#CC1=C(N)N(Cc2ccccc2)C(NCc2ccccc2)=C([N+](=O)[O-])C12C(=O)Nc1ccccc12,5.4023,MFQWVVQBTKFUPW-UHFFFAOYSA-N
1629,N#Cc1cc(C#N)c(NCCC2CCN(Cc3ccccc3)CC2)nc1N,6.65758,DCFXDNUUQBWFFR-UHFFFAOYSA-N
1766,N#Cc1cc(C#N)c(NCCC2CCN(Cc3ccccc3)CC2)nc1Cl,6.50864,DCFXDNUUQBWFFR-UHFFFAOYSA-N
118,CNC(=O)Oc1ccc2c(c1)[C@]1(C)CCN(Cc3ccccc3)C1N2Cc1ccccc1,5.96257,WKOHIRBMSXYUCL-UHFFFAOYSA-N
130,CNC(=O)Oc1ccc2c(c1)[C@@]1(C)CCN(Cc3ccccc3)C1N2Cc1ccccc1,5.44855,WKOHIRBMSXYUCL-UHFFFAOYSA-N
247,CNC(=O)Oc1cccc(CN(C)CCCOc2cccc(Cc3ccccc3)c2)c1,7.6073,GHLQIUUQOWYNQU-UHFFFAOYSA-N
4567,O=C(NNC(=S)Nc1ccccc1[N+](=O)[O-])c1sccc1Cl,6.39794,HNOZXLPXQCPGFX-UHFFFAOYSA-N
3716,COc1ccc2c3c1O[C@H]1C[C@@H](O)C=C[C@@]31CCN(CCCCc1cn(CC(=O)NCCc3c[nH]c4ccccc34)nn1)C2,6.86012,DFLQQJXXKXGEQT-DITALETJSA-N
3719,COc1ccc2[nH]cc(CCNC(=O)Cn3cc(CCCCN4CC[C@@]56C=C[C@H](O)C[C@@H]5Oc5c(OC)ccc(c56)C4)nn3)c2c1,7.63827,DFLQQJXXKXGEQT-DITALETJSA-N
1323,O=C(NCCCCCCCNc1c2c(nc3cc(Cl)ccc13)CCCC2)c1c[nH]c2ccccc12,7.4437,PSEFHJKVXPWPKW-UHFFFAOYSA-N
1326,Cn1cc(C(=O)NCCCCCCCNc2c3c(nc4cc(Cl)ccc24)CCCC3)c2ccccc21,7.96257,PSEFHJKVXPWPKW-UHFFFAOYSA-N
2182,CN(Cc1ccccc1)Cc1ccc(/C=C2\CCc3cc(OCCCCCN4CCN(Cc5ccc(F)cc5)CC4)ccc3C2=O)cc1,5.10624,HOOUDOBEEYPAQP-HXPUERGNSA-N
2325,COc1cccc2cc(C(=O)NCCCCCCNc3c4c(nc5ccccc35)CCCCC4)oc12,7.4908,OPDNPGNAIOMGJW-UHFFFAOYSA-N
2328,O=C(NCCCCCCNc1c2c(nc3ccccc13)CCCCC2)c1cc2ccccc2o1,6.51145,OPDNPGNAIOMGJW-UHFFFAOYSA-N
4345,COc1ccc(CCNC(=O)COc2cc(C(C)C)ccc2C)cc1OC,5.71444,GDCVHJQWGCHXEY-UHFFFAOYSA-N
2122,CN1CCN(c2cccc(-c3cnc4[nH]c5cnc(C#N)cc5c4c3)c2)CC1,5.32148,CRSZRYQQPLDHRO-UHFFFAOYSA-N
562,CCCCNC(=O)Oc1ccc2c(c1)C1CCN(CC)C2C1,6.68613,ODNBLSHUQMAKDZ-UHFFFAOYSA-N
565,CCCCCCNC(=O)Oc1ccc2c(c1)C1(C)CCN(CC)C2C1,6.87615,ODNBLSHUQMAKDZ-UHFFFAOYSA-N
569,CCN1CCC2CC1c1ccc(OC(=O)NC)cc12,6.767,ODNBLSHUQMAKDZ-UHFFFAOYSA-N
573,CCCCCCCNC(=O)Oc1ccc2c(c1)C1CCN(C)C2C1,6.84466,ODNBLSHUQMAKDZ-UHFFFAOYSA-N
575,CCCCCCCNC(=O)Oc1ccc2c(c1)C1CCN(CC)C2C1,6.77211,ODNBLSHUQMAKDZ-UHFFFAOYSA-N
588,CCCCCCNC(=O)Oc1ccc2c(c1)C1CCN(CC)C2C1,6.90309,ODNBLSHUQMAKDZ-UHFFFAOYSA-N
591,CCCCCCCNC(=O)Oc1ccc2c(c1)C1(C)CCN(CC)C2C1,6.7986,ODNBLSHUQMAKDZ-UHFFFAOYSA-N
593,CCCCCCNC(=O)Oc1ccc2c(c1)C1CCN(C)C2C1,7.14267,ODNBLSHUQMAKDZ-UHFFFAOYSA-N
2367,O=C(CCc1ccccc1)N1c2ccccc2[Se]c2ccc(Cl)cc21,5.20066,ZZYXEZHDTZEGCL-UHFFFAOYSA-N
2374,O=C(CCc1ccccc1)N1c2ccccc2[Se]c2ccccc21,5.17393,ZZYXEZHDTZEGCL-UHFFFAOYSA-N
1836,C=CC(=O)N1C/C(=C\c2ccc(F)cc2)C(=O)[C@@]2(C1)[C@H](c1ccc(F)cc1)CN(C)[C@]21C(=O)Nc2ccccc21,5.10791,IZSJJCSJAOULBC-GWRLCIEASA-N
1837,C=CC(=O)N1C/C(=C\c2ccc(Cl)cc2)C(=O)[C@@]2(C1)[C@H](c1ccc(Cl)cc1)CN(C)[C@]21C(=O)Nc2ccccc21,5.07572,IZSJJCSJAOULBC-GWRLCIEASA-N
1838,C=CC(=O)N1C/C(=C\c2ccc(C)cc2)C(=O)[C@@]2(C1)[C@H](c1ccc(C)cc1)CN(C)[C@]21C(=O)Nc2ccccc21,5.12552,IZSJJCSJAOULBC-GWRLCIEASA-N
1839,C=CC(=O)N1C/C(=C\c2ccc(Cl)cc2Cl)C(=O)[C@@]2(C1)[C@H](c1ccc(Cl)cc1Cl)CN(C)[C@]21C(=O)Nc2ccccc21,5.21183,IZSJJCSJAOULBC-GWRLCIEASA-N
1840,C=CC(=O)N1C/C(=C\c2cccc([N+](=O)[O-])c2)C(=O)[C@@]2(C1)[C@H](c1cccc([N+](=O)[O-])c1)CN(C)[C@]21C(=O)Nc2ccccc21,5.27246,IZSJJCSJAOULBC-GWRLCIEASA-N
1841,C=CC(=O)N1C/C(=C\c2ccccc2F)C(=O)[C@@]2(C1)[C@H](c1ccccc1F)CN(C)[C@]21C(=O)Nc2ccccc21,5.16241,IZSJJCSJAOULBC-GWRLCIEASA-N
1842,C=CC(=O)N1C/C(=C\c2ccccc2Cl)C(=O)[C@@]2(C1)[C@H](c1ccccc1Cl)CN(C)[C@]21C(=O)Nc2ccccc21,5.29073,IZSJJCSJAOULBC-GWRLCIEASA-N
1843,C=CC(=O)N1C/C(=C\c2ccccc2OC)C(=O)[C@@]2(C1)[C@H](c1ccccc1OC)CN(C)[C@]21C(=O)Nc2ccccc21,5.38722,IZSJJCSJAOULBC-GWRLCIEASA-N
1844,C=CC(=O)N1C/C(=C\c2ccccc2C)C(=O)[C@@]2(C1)[C@H](c1ccccc1C)CN(C)[C@]21C(=O)Nc2ccccc21,5.40121,IZSJJCSJAOULBC-GWRLCIEASA-N
1845,C=CC(=O)N1C/C(=C\c2ccccc2)C(=O)[C@@]2(C1)[C@H](c1ccccc1)CN(C)[C@]21C(=O)Nc2ccccc21,5.05849,IZSJJCSJAOULBC-GWRLCIEASA-N
570,CN(C)Cc1ccc(CSCCCCCCSCc2ccc(CN(C)C)o2)o1,6.13077,GSDUGQNEVHEYFA-UHFFFAOYSA-N
3006,O=C(NCCC1CCN(Cc2ccccc2)CC1)c1cc(=O)c2cc(O)c(O)cc2o1,5.38405,ADKJHJNFROJLTD-UHFFFAOYSA-N
3007,COc1cc2oc(C(=O)NCCC3CCN(Cc4ccccc4)CC3)cc(=O)c2cc1OC,7.33724,ADKJHJNFROJLTD-UHFFFAOYSA-N
3008,O=C(NCCC1CCN(Cc2ccccc2)CC1)c1cc(=O)c2c(O)cc(O)cc2o1,6.23657,ADKJHJNFROJLTD-UHFFFAOYSA-N
3009,COc1cc(OC)c2c(=O)cc(C(=O)NCCC3CCN(Cc4ccccc4)CC3)oc2c1,6.49485,ADKJHJNFROJLTD-UHFFFAOYSA-N
3010,Nc1ccc2oc(C(=O)NCCC3CCN(Cc4ccccc4)CC3)cc(=O)c2c1,7.38722,ADKJHJNFROJLTD-UHFFFAOYSA-N
3011,O=C(NCCC1CCN(Cc2ccccc2)CC1)c1cc(=O)c2cc([N+](=O)[O-])ccc2o1,7.67778,ADKJHJNFROJLTD-UHFFFAOYSA-N
3012,COc1ccc2c(=O)cc(C(=O)NCCC3CCN(Cc4ccccc4)CC3)oc2c1,7.48149,ADKJHJNFROJLTD-UHFFFAOYSA-N
3013,O=C(NCCC1CCN(Cc2ccccc2)CC1)c1cc(=O)c2cc(O)ccc2o1,7.04096,ADKJHJNFROJLTD-UHFFFAOYSA-N
3014,COc1ccc2oc(C(=O)NCCC3CCN(Cc4ccccc4)CC3)cc(=O)c2c1,6.76955,ADKJHJNFROJLTD-UHFFFAOYSA-N
3015,COc1cccc2oc(C(=O)NCCC3CCN(Cc4ccccc4)CC3)cc(=O)c12,6.06048,ADKJHJNFROJLTD-UHFFFAOYSA-N
3016,O=C(NCCC1CCN(Cc2ccccc2)CC1)c1cc(=O)c2ccccc2o1,6.95861,ADKJHJNFROJLTD-UHFFFAOYSA-N
248,CNC(=O)Oc1cccc(CN(C)CCCCCCCOc2ccc3c(=O)c4ccccc4oc3c2)c1,7.28735,NQEOISRPUUTSTL-UHFFFAOYSA-N
786,CCN(CCCCCCCOc1ccc2c(=O)c3ccccc3oc2c1)Cc1ccccc1OC,5.50169,NQEOISRPUUTSTL-UHFFFAOYSA-N
787,COc1ccccc1CN(C)CCCCCCCOc1ccc2c(=O)c3ccccc3oc2c1,5.66154,NQEOISRPUUTSTL-UHFFFAOYSA-N
789,COc1cc2oc3cc(OCCCCCCCN(C)Cc4ccccc4)ccc3c(=O)c2cc1OC,5.63451,NQEOISRPUUTSTL-UHFFFAOYSA-N
790,COc1ccc2c(=O)c3ccc(OCCCCCCCN(C)Cc4ccccc4)cc3oc2c1,5.10568,NQEOISRPUUTSTL-UHFFFAOYSA-N
791,CN(CCCCCCCOc1ccc2c(=O)c3ccccc3oc2c1)Cc1ccccc1,5.54975,NQEOISRPUUTSTL-UHFFFAOYSA-N
1666,CNCOc1cccc(CN(C)CCCCCCCOc2ccc3c(=O)c4ccccc4oc3c2)c1,9.49485,NQEOISRPUUTSTL-UHFFFAOYSA-N
616,Nc1c2c(nc3cccc(F)c13)C1CC(C2)C1,7.54,IXLKETBSVMDOJV-UHFFFAOYSA-N
3866,CN1c2ccccc2C(NCCCCCCC(=O)CCCCNc2c3c(nc4ccccc24)CCCC3)c2ccc(Cl)cc2S1(=O)=O,6.79588,BQNHPQADYSFXTR-UHFFFAOYSA-N
3956,COc1cc2c(cc1OC)/C(=N\NC(=O)CNC(=O)C(C)c1ccc(CC(C)C)cc1)C(CC1CCN(Cc3ccccc3)CC1)C2,5.92445,CFMWIHNMZXMOGE-JCUPVDEDSA-N
3958,COc1cc2c(cc1OC)/C(=N\NC(=O)C(NC(=O)C(C)c1ccc(CC(C)C)cc1)C(C)C)C(CC1CCN(Cc3ccccc3)CC1)C2,6.39794,CFMWIHNMZXMOGE-JCUPVDEDSA-N
3959,COc1cc2c(cc1OC)/C(=N\NC(=O)C(CC(C)C)NC(=O)C(C)c1ccc(CC(C)C)cc1)C(CC1CCN(Cc3ccccc3)CC1)C2,6.45593,CFMWIHNMZXMOGE-JCUPVDEDSA-N
476,CCCCCNc1cc(NCCSCc2ccc(CN(C)C)o2)c([N+](=O)[O-])cc1[N+](=O)[O-],5.92082,NMIHDRPHJTXEHH-UHFFFAOYSA-N
477,CC(C)=NNc1cc(NCCSCc2ccc(CN(C)C)o2)c([N+](=O)[O-])cc1[N+](=O)[O-],6.35655,NMIHDRPHJTXEHH-UHFFFAOYSA-N
478,CN(C)Cc1ccc(CSCCNc2cccc(F)c2C#N)o1,5.67778,NMIHDRPHJTXEHH-UHFFFAOYSA-N
479,CN(C)Cc1ccc(CSCCNc2ccc(F)cc2[N+](=O)[O-])o1,6.18709,NMIHDRPHJTXEHH-UHFFFAOYSA-N
485,CN(C)Cc1ccc(CSCCNc2cc(F)c([N+](=O)[O-])cc2[N+](=O)[O-])o1,6.92082,NMIHDRPHJTXEHH-UHFFFAOYSA-N
486,CN(C)Cc1ccc(CSCCNc2cc(N)c([N+](=O)[O-])cc2[N+](=O)[O-])o1,7.08092,NMIHDRPHJTXEHH-UHFFFAOYSA-N
488,CN(C)Cc1ccc(CSCCNc2cc(NN)c([N+](=O)[O-])cc2[N+](=O)[O-])o1,7.11919,NMIHDRPHJTXEHH-UHFFFAOYSA-N
489,CCCNc1cc(NCCSCc2ccc(CN(C)C)o2)c([N+](=O)[O-])cc1[N+](=O)[O-],6.58503,NMIHDRPHJTXEHH-UHFFFAOYSA-N
491,CNc1cc(NCCSCc2ccc(CN(C)C)o2)c([N+](=O)[O-])cc1[N+](=O)[O-],6.79588,NMIHDRPHJTXEHH-UHFFFAOYSA-N
496,CN(C)CCNc1cc(NCCSCc2ccc(CN(C)C)o2)c([N+](=O)[O-])cc1[N+](=O)[O-],6.284,NMIHDRPHJTXEHH-UHFFFAOYSA-N
506,CN(C)Cc1ccc(CSCCNc2ccc([N+](=O)[O-])cc2[N+](=O)[O-])o1,6.69897,NMIHDRPHJTXEHH-UHFFFAOYSA-N
396,COc1ccccc1CN1CCCCCCCCN(Cc2ccccc2OC)C(=O)CCCCCNCc2cccc(c2)Cc2cccc(c2)CNCCCCCC1=O,5.21,IUKJVIWCMHHLFY-UHFFFAOYSA-N
4179,CC[N+](CC)(CCCCCn1c(=O)cc(C)n(CCCCCn2c(C)cc(=O)n(C)c2=O)c1=O)Cc1ccccc1[N+](=O)[O-],9.39794,BSXSSABLTDVJDT-UHFFFAOYSA-O
4183,CC[N+](CC)(CCCCCn1c(=O)cc(C)n(CCCCCn2c(C)cc(=O)n(C)c2=O)c1=O)Cc1ccccc1C(F)(F)F,9.30103,BSXSSABLTDVJDT-UHFFFAOYSA-O
74,C/N=C1/CCc2c1n(C)c1ccc(OC(=O)NC)c(Cl)c21,6.63827,FXRNSWLBYKVRMO-UHFFFAOYSA-N
80,C/N=C1/CCc2c1n(C)c1cc(Cl)c(OC(=O)NC)cc21,6.17393,FXRNSWLBYKVRMO-UHFFFAOYSA-N
84,CCCn1c2c(c3c(Br)c(OC(=O)NC)ccc31)CC/C2=N/CC,6.63827,FXRNSWLBYKVRMO-UHFFFAOYSA-N
87,CCCCNC(=O)Oc1ccc2c(c1Br)c1c(n2C)/C(=N\C)CC1,5.49894,FXRNSWLBYKVRMO-UHFFFAOYSA-N
92,C/N=C1/CCc2c1n(C)c1ccc(OC(=O)NC)cc21,5.47366,FXRNSWLBYKVRMO-UHFFFAOYSA-N
99,CC/N=C1/CCc2c1n(C)c1ccc(OC(=O)NC)c(Br)c21,6.85387,FXRNSWLBYKVRMO-UHFFFAOYSA-N
100,C/N=C1/CCc2c1n(C)c1ccc(OC(=O)NC)c(Br)c21,6.74473,FXRNSWLBYKVRMO-UHFFFAOYSA-N
104,CC/N=C1/CCc2c1n(C)c1ccc(OC(=O)NC)c(Cl)c21,6.79588,FXRNSWLBYKVRMO-UHFFFAOYSA-N
105,CCC/N=C1/CCc2c1n(C)c1ccc(OC(=O)NC)cc21,5.41567,FXRNSWLBYKVRMO-UHFFFAOYSA-N
108,C/N=C1/CCc2c1n(C)c1ccc(OC(=O)N(C)C)c(Br)c21,7.22185,FXRNSWLBYKVRMO-UHFFFAOYSA-N
111,CC/N=C1/CCc2c1n(C)c1ccc(OC(=O)NC)cc21,5.24565,FXRNSWLBYKVRMO-UHFFFAOYSA-N
4387,COc1ccc2c3c1O[C@H]1C[C@@H](O)C=C[C@@]31CCN(C/C=C/CNC13CC4CC(C)(CC(C)(C4)C1)C3)C2,6.9393,GPZKVONVKFJEEO-JQSCYJAISA-N
4163,COc1cc2c(cc1OC)-c1c(-c3ccc(Cl)cc3)c(/C=N/c3ccc(/N=C/c4cn5c(c4-c4ccc(Cl)cc4)-c4cc(OC)c(OC)cc4CC5)cc3)cn1CC2,5.13668,IOMWIGQKJJJFHJ-XHVGDULWSA-N
1569,CC(C)=CCC/C(C)=C/Cc1c(O)cc2c(c1O)C(=O)C[C@@H](c1ccc(O)c(O)c1)O2,5.14267,ZONYXWQDUYMKFB-HNNXBMFYSA-N
3627,CC(C)=CCc1c(O)cc(O)c2c1O[C@H](c1ccccc1)CC2=O,8.19382,ZONYXWQDUYMKFB-HNNXBMFYSA-N
1514,c1ccc2c(NCCCCCCN3CCOCC3)c3c(nc2c1)CCCC3,7.16178,CMHPNWZOHZNFLB-UHFFFAOYSA-N
3192,O=c1ccc2cc(/N=C/c3ccc(Br)cc3)ccc2o1,7.24489,JGGXMRCFUJMMJT-GZTJUZNOSA-N
3193,CN(C)c1ccc(/C=N/c2ccc3oc(=O)ccc3c2)cc1,7.38722,JGGXMRCFUJMMJT-GZTJUZNOSA-N
3194,O=c1ccc2cc(/N=C/c3ccc(Cl)cc3)ccc2o1,7.10292,JGGXMRCFUJMMJT-GZTJUZNOSA-N
3195,CSc1ccc(/C=N/c2ccc3oc(=O)ccc3c2)cc1,6.76422,JGGXMRCFUJMMJT-GZTJUZNOSA-N
3196,O=c1ccc2cc(/N=C/c3ccc(F)cc3)ccc2o1,6.64589,JGGXMRCFUJMMJT-GZTJUZNOSA-N
3197,COc1ccc(/C=N/c2ccc3oc(=O)ccc3c2)cc1,6.86934,JGGXMRCFUJMMJT-GZTJUZNOSA-N
3198,O=c1ccc2cc(/N=C/c3ccccc3)ccc2o1,6.94157,JGGXMRCFUJMMJT-GZTJUZNOSA-N
3462,CNC(=O)c1sc(-c2ccnc(NC(=O)CNCCCCNc3c4c(nc5ccccc35)CCCC4)c2)nc1OCC1CC1,7.63639,DZDRNNGRRUXRQL-UHFFFAOYSA-N
846,CCCCC1=NC2(CCCC2)C(=O)N1Cc1ccc(-c2ccccc2C#N)cc1,7.08355,ZXTSTMWVWDUFAQ-UHFFFAOYSA-N
848,CCCCC1=NC2(CCCC2)C(=O)N1Cc1ccc(-c2ccccc2C(=O)OC(C)(C)C)cc1,6.57057,ZXTSTMWVWDUFAQ-UHFFFAOYSA-N
849,CCCCC1=NC2(CCCC2)C(=O)N1Cc1ccc(-c2ccccc2C(=O)OC)cc1,6.6187,ZXTSTMWVWDUFAQ-UHFFFAOYSA-N
240,CNC(=O)Oc1cccc(CN(C)CCCOc2ccc3c(=O)c4ccccc4oc3c2)c1,9.52288,YJAFJAGEJWHHSY-UHFFFAOYSA-N
785,CN(CCCOc1ccc2c(=O)c3ccccc3oc2c1)Cc1ccccc1,5.57187,YJAFJAGEJWHHSY-UHFFFAOYSA-N
788,COc1ccccc1CN(C)CCCOc1ccc2c(=O)c3ccccc3oc2c1,5.46852,YJAFJAGEJWHHSY-UHFFFAOYSA-N
1199,CCNC(=O)Oc1cccc(CN(C)CCCOc2ccc3c(=O)c4ccccc4oc3c2)c1,7.88606,YJAFJAGEJWHHSY-UHFFFAOYSA-N
1200,CCCNC(=O)Oc1cccc(CN(C)CCCOc2ccc3c(=O)c4ccccc4oc3c2)c1,7.55284,YJAFJAGEJWHHSY-UHFFFAOYSA-N
1201,CCCCNC(=O)Oc1cccc(CN(C)CCCOc2ccc3c(=O)c4ccccc4oc3c2)c1,7.4437,YJAFJAGEJWHHSY-UHFFFAOYSA-N
1215,CCN(CCCOc1ccc2c(=O)c3ccccc3oc2c1)Cc1cccc(OC(=O)NC)c1,9.25181,YJAFJAGEJWHHSY-UHFFFAOYSA-N
1216,CCCCNC(=O)Oc1cccc(CN(CC)CCCOc2ccc3c(=O)c4ccccc4oc3c2)c1,8.0655,YJAFJAGEJWHHSY-UHFFFAOYSA-N
1217,CCCCCCNC(=O)Oc1cccc(CN(CC)CCCOc2ccc3c(=O)c4ccccc4oc3c2)c1,6.79588,YJAFJAGEJWHHSY-UHFFFAOYSA-N
1218,CCCN(CCCOc1ccc2c(=O)c3ccccc3oc2c1)Cc1cccc(OC(=O)NC)c1,8.39794,YJAFJAGEJWHHSY-UHFFFAOYSA-N
1219,CCCCNC(=O)Oc1cccc(CN(CCC)CCCOc2ccc3c(=O)c4ccccc4oc3c2)c1,7.1549,YJAFJAGEJWHHSY-UHFFFAOYSA-N
1220,CCCCCCNC(=O)Oc1cccc(CN(CCC)CCCOc2ccc3c(=O)c4ccccc4oc3c2)c1,6.39794,YJAFJAGEJWHHSY-UHFFFAOYSA-N
1221,CNC(=O)Oc1cccc(CN(CCCOc2ccc3c(=O)c4ccccc4oc3c2)C(C)C)c1,9.1549,YJAFJAGEJWHHSY-UHFFFAOYSA-N
1222,CCCCNC(=O)Oc1cccc(CN(CCCOc2ccc3c(=O)c4ccccc4oc3c2)C(C)C)c1,7.0,YJAFJAGEJWHHSY-UHFFFAOYSA-N
1223,CCCCCCNC(=O)Oc1cccc(CN(CCCOc2ccc3c(=O)c4ccccc4oc3c2)C(C)C)c1,6.76955,YJAFJAGEJWHHSY-UHFFFAOYSA-N
1663,CCCCCCCNC(=O)Oc1cccc(CN(CCCOc2ccc3c(=O)c4ccccc4oc3c2)C(C)C)c1,6.76955,YJAFJAGEJWHHSY-UHFFFAOYSA-N
1893,CC1=CC2Cc3nc4cc(Cl)ccc4c(NCCCCCCCCCNC(=O)c4cc(O)c5c(c4)C(=O)c4cccc(O)c4C5=O)c3C(C1)C2,8.4437,GQOCQOJNBAHFNH-UHFFFAOYSA-N
2539,O=S(=O)(c1ccccc1)n1ccc2c(N3CCN(CCCCCCNc4c5c(nc6ccccc46)CCCC5)CC3)cccc21,7.88941,INTOYXAUMDZZCK-UHFFFAOYSA-N
1906,COc1cc2c(cc1OC)C(Cc1ccc(OCCCCCCN3CCCCC3C)cc1)NCC2,5.65758,XAYDDCXQBZBODU-UHFFFAOYSA-N
1907,COc1cc2c(cc1OC)C(Cc1ccc(OCCCCCCN3CCCCC3)cc1)NCC2,5.66959,XAYDDCXQBZBODU-UHFFFAOYSA-N
1909,COc1cc2c(cc1OC)C(Cc1ccc(OCCCCCCN3CCC(O)CC3)cc1)NCC2,5.01818,XAYDDCXQBZBODU-UHFFFAOYSA-N
3148,CC[C@@H](CN1CCCC1=O)C(=O)NCCCCCCCNc1c2c(nc3cc(Cl)ccc13)C[C@H]1C=C(C)C[C@@H]2C1,8.37675,CCWGHNPGJUADOI-XZOQPEGZSA-N
3630,COc1cc(/C=C/C(=O)NCC(=O)NCCc2c[nH]c3ccccc23)ccc1O,5.93272,IUXDHDQACLSYLE-ZHACJKMWSA-N
3631,COc1ccc2[nH]cc(CCNC(=O)CNC(=O)/C=C/c3ccc(O)c(OC)c3)c2c1,6.01773,IUXDHDQACLSYLE-ZHACJKMWSA-N
3632,COc1cc(/C=C/C(=O)NCC(=O)NCCc2c[nH]c3ccc(Cl)cc23)ccc1O,6.07572,IUXDHDQACLSYLE-ZHACJKMWSA-N
3944,COc1cc(/C=C2\Oc3cc(OCCN4CCCC4)ccc3C2=O)cc(OC)c1OC,6.19179,RGKRBGOMLNQRHE-ZHZULCJRSA-N
4525,COc1ccccc1/C=C1\Oc2cc(OCCN3CCCC3)ccc2C1=O,5.57349,RGKRBGOMLNQRHE-ZHZULCJRSA-N
4526,COc1ccc(/C=C2\Oc3cc(OCCN4CCCC4)ccc3C2=O)c(OC)c1OC,5.80688,RGKRBGOMLNQRHE-ZHZULCJRSA-N
3753,COC(=O)c1c(CCCCCCCCNc2c3c(nc4ccccc24)CCCC3)cccc1OC,7.68194,GZLZSRBYDJULSD-UHFFFAOYSA-N
3754,COC(=O)c1c(CCCCCCCCNc2c3c(nc4cc(Cl)ccc24)CCCC3)cccc1OC,8.59517,GZLZSRBYDJULSD-UHFFFAOYSA-N
3755,COC(=O)c1c(CCCCCCCCNc2c3c(nc4ccc(OC)cc24)CCCC3)cccc1OC,5.89963,GZLZSRBYDJULSD-UHFFFAOYSA-N
3756,COc1cccc(CCCCCCCCNc2c3c(nc4ccccc24)CCCC3)c1,7.39794,GZLZSRBYDJULSD-UHFFFAOYSA-N
3757,COc1cccc(CCCCCCCCNc2c3c(nc4cc(Cl)ccc24)CCCC3)c1,8.24336,GZLZSRBYDJULSD-UHFFFAOYSA-N
3758,COc1cc(CCCCCCCCNc2c3c(nc4ccccc24)CCCC3)cc(OC)c1,7.32606,GZLZSRBYDJULSD-UHFFFAOYSA-N
3759,COc1cc(CCCCCCCCNc2c3c(nc4cc(Cl)ccc24)CCCC3)cc(OC)c1,8.29243,GZLZSRBYDJULSD-UHFFFAOYSA-N
3760,COC(=O)c1c(O)cccc1CCCCCCCCNc1c2c(nc3ccccc13)CCCC2,7.76955,GZLZSRBYDJULSD-UHFFFAOYSA-N
3761,COC(=O)c1c(O)cccc1CCCCCCCCNc1c2c(nc3cc(Cl)ccc13)CCCC2,8.55129,GZLZSRBYDJULSD-UHFFFAOYSA-N
3762,O=C(O)c1c(O)cccc1CCCCCCCCNc1c2c(nc3ccccc13)CCCC2,6.73518,GZLZSRBYDJULSD-UHFFFAOYSA-N
3763,O=C(O)c1c(O)cccc1CCCCCCCCNc1c2c(nc3cc(Cl)ccc13)CCCC2,7.8729,GZLZSRBYDJULSD-UHFFFAOYSA-N
3764,Oc1cccc(CCCCCCCCNc2c3c(nc4ccccc24)CCCC3)c1,7.7167,GZLZSRBYDJULSD-UHFFFAOYSA-N
3765,Oc1cccc(CCCCCCCCNc2c3c(nc4cc(Cl)ccc24)CCCC3)c1,8.37779,GZLZSRBYDJULSD-UHFFFAOYSA-N
859,CN[C@@H](C)[C@H]1[C@H](O)C[C@@]2(C)[C@@H]3CC[C@@H]4C(=CC[C@@H]5N=C(C(C)C)OC[C@]54C)C[C@H]3C(=O)C[C@]12C,6.28651,JUHUNMSGGHNUAX-NIHWJDNZSA-N
860,CC(C)C1=N[C@H]2CC=C3C[C@H]4C(=O)C[C@]5(C)[C@@H]([C@H](C)N(C)C)[C@H](OC(=O)C(C)(C)C)C[C@@]5(C)[C@@H]4CC[C@H]3[C@]2(C)CO1,6.07624,JUHUNMSGGHNUAX-NIHWJDNZSA-N
861,CC[C@H](C)C1=N[C@H]2CC=C3C[C@H]4C(=O)C[C@]5(C)[C@@H]([C@H](C)N(C)C)[C@H](O)C[C@@]5(C)[C@@H]4CC[C@H]3[C@]2(C)CO1,6.57675,JUHUNMSGGHNUAX-NIHWJDNZSA-N
862,C[C@@H]([C@H]1[C@H](O)C[C@@]2(C)[C@@H]3CC[C@@H]4C(=CC[C@@H]5N=C(C(C)(C)C)OC[C@]54C)C[C@H]3C(=O)C[C@]12C)N(C)C,6.45469,JUHUNMSGGHNUAX-NIHWJDNZSA-N
863,CC1=N[C@H]2CC=C3C[C@H]4C(=O)C[C@]5(C)[C@@H]([C@H](C)N(C)C)[C@H](O)C[C@@]5(C)[C@@H]4CC[C@H]3[C@]2(C)CO1,5.2805,JUHUNMSGGHNUAX-NIHWJDNZSA-N
2639,O=C(CCCC1CCSS1)NCCCNc1c2c(nc3cc(Cl)ccc13)CCCC2,6.59688,HMKCOOKZDCPWSP-UHFFFAOYSA-N
1298,Cc1ccc2nc3c(c(Nc4ccccc4)c2c1)CCCC3,5.4318,TXHHGLULBHVWMO-UHFFFAOYSA-N
1299,Cc1ccc2c(Nc3ccccc3)c3c(nc2c1)CCCC3,6.12494,TXHHGLULBHVWMO-UHFFFAOYSA-N
1300,Clc1ccc2c(Nc3ccccc3)c3c(nc2c1)CCCC3,6.76955,TXHHGLULBHVWMO-UHFFFAOYSA-N
1301,O=[N+]([O-])c1ccc2nc3c(c(Nc4ccccc4)c2c1)CCCC3,5.79588,TXHHGLULBHVWMO-UHFFFAOYSA-N
1302,O=[N+]([O-])c1ccc2c(Nc3ccccc3)c3c(nc2c1)CCCC3,5.31876,TXHHGLULBHVWMO-UHFFFAOYSA-N
3358,O=C(NO)c1ccc(Nc2c3c(nc4ccccc24)CCCC3)cc1,5.70553,TXHHGLULBHVWMO-UHFFFAOYSA-N
