,Scaffold_InChI,MolWt,MolLogP,NumHDonors,NumHAcceptors,TPSA,MaxPartialCharge,MinPartialCharge,NumHeteroatoms,NumRotatableBonds,FractionCSP3,NumAromaticRings,RingCount,NumAliphaticNitrogens,NumFormalCharge
18,UHOVQNZJYSORNB-UHFFFAOYSA-N,223.29599999999996,1.9437,0,2,29.540000000000003,0.41420528734389944,-0.4099804350147414,4,2,0.4166666666666667,1,1,2,1
158,UHOVQNZJYSORNB-UHFFFAOYSA-N,192.28199999999998,2.535200000000001,1,1,20.23,0.17668528061706404,-0.5027161397832849,2,4,0.3333333333333333,1,1,1,1
162,UHOVQNZJYSORNB-UHFFFAOYSA-N,178.255,2.1451000000000002,1,1,20.23,0.1358914896643893,-0.5077266994816122,2,3,0.2727272727272727,1,1,1,1
163,UHOVQNZJYSORNB-UHFFFAOYSA-N,220.29199999999997,2.3648,0,2,26.3,0.30752767662612024,-0.42649068262317213,3,4,0.3076923076923077,1,1,1,1
166,UHOVQNZJYSORNB-UHFFFAOYSA-N,178.255,2.1451000000000007,1,1,20.23,0.17669514775324002,-0.5027160280758125,2,3,0.2727272727272727,1,1,1,1
170,UHOVQNZJYSORNB-UHFFFAOYSA-N,166.24399999999997,1.9790000000000003,1,1,20.23,0.13563019252731973,-0.5077267008807378,2,2,0.4,1,1,1,1
171,UHOVQNZJYSORNB-UHFFFAOYSA-N,192.28199999999998,2.4481,0,1,9.23,0.17922007666801032,-0.49075851285281197,2,4,0.3333333333333333,1,1,1,1
334,UHOVQNZJYSORNB-UHFFFAOYSA-N,250.34199999999998,2.7597000000000014,0,3,32.78,0.4144541548147784,-0.41020488434079394,4,4,0.5,1,1,2,0
397,UHOVQNZJYSORNB-UHFFFAOYSA-N,208.28099999999998,2.11702,0,2,26.3,0.30752767924730073,-0.42649031714694335,3,2,0.4166666666666667,1,1,1,1
398,UHOVQNZJYSORNB-UHFFFAOYSA-N,222.308,2.5071200000000005,0,2,26.3,0.3104100153901234,-0.4260091338159232,3,3,0.46153846153846156,1,1,1,1
399,UHOVQNZJYSORNB-UHFFFAOYSA-N,208.281,2.11702,0,2,26.3,0.3075372956841324,-0.4262047712077555,3,2,0.4166666666666667,1,1,1,1
403,UHOVQNZJYSORNB-UHFFFAOYSA-N,152.19299999999998,2.01222,0,2,18.46,0.1604760357299243,-0.49286998176909896,2,2,0.3333333333333333,1,1,0,0
404,UHOVQNZJYSORNB-UHFFFAOYSA-N,166.244,1.89732,1,1,20.23,0.13836367999857235,-0.5077263370518521,2,1,0.4,1,1,1,1
409,UHOVQNZJYSORNB-UHFFFAOYSA-N,182.21899999999997,2.0208199999999996,0,3,27.69,0.2027733207383143,-0.49270485079927046,3,3,0.4,1,1,0,0
410,UHOVQNZJYSORNB-UHFFFAOYSA-N,208.28099999999998,2.1986999999999997,0,2,26.3,0.31040039661766655,-0.42629504795327117,3,3,0.4166666666666667,1,1,1,1
411,UHOVQNZJYSORNB-UHFFFAOYSA-N,122.16699999999997,2.0036199999999997,0,1,9.23,0.11837738457272944,-0.49676822175454044,1,1,0.25,1,1,0,0
418,UHOVQNZJYSORNB-UHFFFAOYSA-N,137.138,1.90322,0,2,43.14,0.26894145561733507,-0.25830963621589803,3,1,0.14285714285714285,1,1,1,0
421,UHOVQNZJYSORNB-UHFFFAOYSA-N,166.24400000000003,1.8973200000000001,1,1,20.23,0.13544274944033538,-0.5074467905693083,2,1,0.4,1,1,1,1
425,UHOVQNZJYSORNB-UHFFFAOYSA-N,194.25399999999996,1.8086,0,2,26.3,0.3075276766167938,-0.4264906853372003,3,2,0.36363636363636365,1,1,1,1
426,UHOVQNZJYSORNB-UHFFFAOYSA-N,152.21699999999998,1.5889,1,1,20.23,0.13542214057267082,-0.5077267021776622,2,1,0.3333333333333333,1,1,1,1
427,UHOVQNZJYSORNB-UHFFFAOYSA-N,122.16699999999997,2.0036199999999997,0,1,9.23,0.11862252697125092,-0.49675814851100386,1,1,0.25,1,1,0,0
445,UHOVQNZJYSORNB-UHFFFAOYSA-N,235.33100000000002,1.3403999999999996,2,3,58.36,0.25082564185696543,-0.3987282195063003,4,6,0.46153846153846156,1,1,3,0
509,UHOVQNZJYSORNB-UHFFFAOYSA-N,236.31499999999997,2.369600000000001,0,3,32.78,0.4142017074088653,-0.41021196044156366,4,3,0.46153846153846156,1,1,2,0
513,UHOVQNZJYSORNB-UHFFFAOYSA-N,344.4990000000002,4.193500000000004,0,3,32.78,0.414463842323482,-0.41020583006065386,4,10,0.5714285714285714,1,1,2,0
523,UHOVQNZJYSORNB-UHFFFAOYSA-N,260.337,1.8545000000000003,0,3,32.78,0.414201699729219,-0.41021302628499745,4,5,0.4,1,1,2,0
526,UHOVQNZJYSORNB-UHFFFAOYSA-N,344.4990000000002,4.193500000000004,0,3,32.78,0.414463842323482,-0.41020583006065386,4,10,0.5714285714285714,1,1,2,0
528,UHOVQNZJYSORNB-UHFFFAOYSA-N,246.30999999999997,1.5123000000000002,1,3,41.57,0.41420169972921084,-0.4102130262898975,4,5,0.35714285714285715,1,1,2,0
531,UHOVQNZJYSORNB-UHFFFAOYSA-N,274.364,2.2430000000000003,0,3,32.78,0.41420169973455745,-0.4102130247384486,4,5,0.4375,1,1,2,0
538,UHOVQNZJYSORNB-UHFFFAOYSA-N,222.28799999999995,1.5089000000000001,1,3,41.57,0.4142016997292108,-0.4102130262899405,4,4,0.4166666666666667,1,1,2,0
541,UHOVQNZJYSORNB-UHFFFAOYSA-N,236.31499999999997,1.8511000000000002,0,3,32.78,0.41420169972921894,-0.4102130262850428,4,4,0.46153846153846156,1,1,2,0
542,UHOVQNZJYSORNB-UHFFFAOYSA-N,208.26099999999994,1.2482000000000002,1,3,55.56,0.41420169972920423,-0.4102130262939523,4,3,0.36363636363636365,1,1,2,0
544,UHOVQNZJYSORNB-UHFFFAOYSA-N,260.337,1.9008,1,3,41.57,0.4142016997345508,-0.4102130247425051,4,5,0.4,1,1,2,0
547,UHOVQNZJYSORNB-UHFFFAOYSA-N,236.31499999999997,2.0284,1,3,55.56,0.4144636780141806,-0.4102058325552068,4,5,0.46153846153846156,1,1,2,0
554,UHOVQNZJYSORNB-UHFFFAOYSA-N,260.337,1.9008,1,3,41.57,0.4142016997292109,-0.4102130262898873,4,5,0.4,1,1,2,0
558,UHOVQNZJYSORNB-UHFFFAOYSA-N,344.4990000000002,4.193500000000004,0,3,32.78,0.414463842323482,-0.41020583006065386,4,10,0.5714285714285714,1,1,2,0
659,UHOVQNZJYSORNB-UHFFFAOYSA-N,222.28799999999998,2.0274,1,3,41.57,0.41183850372715275,-0.4103543042864212,4,3,0.4166666666666667,1,1,2,0
726,UHOVQNZJYSORNB-UHFFFAOYSA-N,334.394,1.0367000000000002,0,6,95.97,0.41420528734389944,-0.7255268762275708,9,3,0.46153846153846156,1,1,2,0
2177,UHOVQNZJYSORNB-UHFFFAOYSA-N,230.289,0.5493000000000001,2,3,81.41999999999999,0.2744219770956014,-0.4964143114677264,6,4,0.3333333333333333,1,1,2,0
2178,UHOVQNZJYSORNB-UHFFFAOYSA-N,230.289,0.5493000000000001,2,3,81.41999999999999,0.27441974695974647,-0.4967682021604072,6,4,0.3333333333333333,1,1,2,0
2179,UHOVQNZJYSORNB-UHFFFAOYSA-N,260.315,0.5579000000000003,2,4,90.64999999999999,0.2744197644911192,-0.492869961195092,7,5,0.4,1,1,2,0
2180,UHOVQNZJYSORNB-UHFFFAOYSA-N,260.315,0.5579000000000003,2,4,90.65,0.27442199485905716,-0.4967521071862015,7,5,0.4,1,1,2,0
2181,UHOVQNZJYSORNB-UHFFFAOYSA-N,260.315,0.5579000000000001,2,4,90.65,0.27442423188846443,-0.49626911459056633,7,5,0.4,1,1,2,0
2231,UHOVQNZJYSORNB-UHFFFAOYSA-N,212.23899999999995,3.4319000000000024,0,1,17.07,0.30000639994933354,-0.2877132699701254,3,2,0.4166666666666667,1,1,0,0
2238,UHOVQNZJYSORNB-UHFFFAOYSA-N,230.22899999999993,3.7291000000000025,0,1,17.07,0.4543619393294461,-0.28396442162622976,4,1,0.4166666666666667,1,1,0,0
2239,UHOVQNZJYSORNB-UHFFFAOYSA-N,246.30399999999992,2.9768000000000017,0,1,17.07,0.45436165444103643,-0.2839647109573129,5,2,0.36363636363636365,1,1,0,0
2241,UHOVQNZJYSORNB-UHFFFAOYSA-N,209.24499999999998,2.192,1,3,47.56,0.41197148550607754,-0.4870953014626587,4,3,0.36363636363636365,1,1,1,0
2242,UHOVQNZJYSORNB-UHFFFAOYSA-N,194.24899999999994,3.136300000000002,0,1,17.07,0.1933012879914776,-0.2912097127626613,2,2,0.4166666666666667,1,1,0,0
2583,UHOVQNZJYSORNB-UHFFFAOYSA-N,377.5250000000001,4.552500000000005,0,5,48.0,0.3302508465766572,-0.4928470476891484,5,14,0.5909090909090909,1,1,1,0
2584,UHOVQNZJYSORNB-UHFFFAOYSA-N,349.4710000000001,4.0740000000000025,1,4,59.0,0.32782120288316,-0.4928470476891529,5,13,0.55,1,1,1,0
2585,UHOVQNZJYSORNB-UHFFFAOYSA-N,405.5790000000002,5.332700000000005,0,5,48.0,0.3302508465766572,-0.4928470476891484,5,16,0.625,1,1,1,0
2586,UHOVQNZJYSORNB-UHFFFAOYSA-N,377.5250000000001,4.854200000000004,1,4,59.0,0.32782120288316,-0.4928470476891529,5,15,0.5909090909090909,1,1,1,0
2679,UHOVQNZJYSORNB-UHFFFAOYSA-N,230.269,3.2946000000000017,0,3,26.3,0.28655013361589743,-0.3181491653384376,4,5,0.4,1,1,0,0
2680,UHOVQNZJYSORNB-UHFFFAOYSA-N,275.197,3.154700000000002,0,6,87.9,0.5295433350972406,-0.4040065837771281,8,7,0.4,1,1,1,0
3143,UHOVQNZJYSORNB-UHFFFAOYSA-N,372.4610000000002,4.852800000000004,2,5,83.83000000000001,0.3333706379286537,-0.5079370131398695,5,9,0.36363636363636365,1,1,0,0
3303,UHOVQNZJYSORNB-UHFFFAOYSA-N,241.24299999999994,0.14909999999999973,3,5,102.01000000000002,0.3230479178135286,-0.49286995023558955,6,5,0.36363636363636365,1,1,1,0
3342,UHOVQNZJYSORNB-UHFFFAOYSA-N,244.316,0.9760199999999997,3,4,92.42,0.25285428147612304,-0.5076750215602703,6,3,0.4,1,1,2,0
3649,UHOVQNZJYSORNB-UHFFFAOYSA-N,288.225,2.149,1,5,67.75999999999999,0.45639889968921665,-0.46111441505130096,8,5,0.25,1,1,2,0
3650,UHOVQNZJYSORNB-UHFFFAOYSA-N,302.252,2.457420000000001,1,5,67.75999999999999,0.4563988996892167,-0.46111441505130096,8,5,0.3076923076923077,1,1,2,0
3651,UHOVQNZJYSORNB-UHFFFAOYSA-N,318.251,2.1575999999999995,1,6,76.99000000000001,0.456398899689217,-0.4967658730739837,9,6,0.3076923076923077,1,1,2,0
3652,UHOVQNZJYSORNB-UHFFFAOYSA-N,333.22200000000004,2.0572,1,7,110.9,0.45639889985335524,-0.4611144149461158,11,6,0.25,1,1,3,0
3653,UHOVQNZJYSORNB-UHFFFAOYSA-N,306.215,2.2881,1,5,67.75999999999999,0.45639889968921693,-0.4611144150513009,9,5,0.25,1,1,2,0
3654,UHOVQNZJYSORNB-UHFFFAOYSA-N,367.12100000000004,2.911500000000001,1,5,67.75999999999999,0.45639889968921676,-0.4611144150513009,9,5,0.25,1,1,2,0
3655,UHOVQNZJYSORNB-UHFFFAOYSA-N,360.28800000000007,2.3257000000000003,1,7,94.06,0.4563988997034756,-0.4623347650679293,10,7,0.3333333333333333,1,1,2,0
3656,UHOVQNZJYSORNB-UHFFFAOYSA-N,360.288,2.3257000000000003,1,7,94.06,0.4563988996892167,-0.4623913114792983,10,7,0.3333333333333333,1,1,2,0
3769,UHOVQNZJYSORNB-UHFFFAOYSA-N,265.333,0.9333999999999998,3,3,69.56,0.243705857256779,-0.5042596319016555,5,5,0.35714285714285715,1,1,2,1
3856,UHOVQNZJYSORNB-UHFFFAOYSA-N,321.16700000000003,3.2440000000000015,0,3,43.370000000000005,0.3382902102746362,-0.49613718145442515,6,4,0.09090909090909091,1,1,0,0
4335,UHOVQNZJYSORNB-UHFFFAOYSA-N,221.29999999999998,2.24322,1,2,38.33,0.25718120317967164,-0.4834984780662065,3,4,0.46153846153846156,1,1,1,0
4336,UHOVQNZJYSORNB-UHFFFAOYSA-N,249.35399999999998,3.0234200000000016,1,2,38.33,0.2574390701743013,-0.4834982751014591,3,6,0.5333333333333333,1,1,1,0
4337,UHOVQNZJYSORNB-UHFFFAOYSA-N,263.38100000000003,3.3656200000000025,0,2,29.540000000000003,0.2599839287789536,-0.4834898156592534,3,6,0.5625,1,1,1,0
4338,UHOVQNZJYSORNB-UHFFFAOYSA-N,291.435,4.1426200000000035,0,2,29.54,0.2604645776501152,-0.48348942629642916,3,6,0.6111111111111112,1,1,1,0
4349,UHOVQNZJYSORNB-UHFFFAOYSA-N,263.381,2.6337200000000003,2,3,41.489999999999995,0.12212595361657348,-0.4905594364838433,3,8,0.5,1,1,1,0
4350,UHOVQNZJYSORNB-UHFFFAOYSA-N,279.42400000000004,3.1999200000000014,1,3,32.7,0.1221259556271948,-0.490559260791736,3,8,0.6470588235294118,1,1,1,0
4351,UHOVQNZJYSORNB-UHFFFAOYSA-N,279.42400000000004,3.246220000000001,2,3,41.49,0.12212595362450426,-0.4905594350571747,3,6,0.6470588235294118,1,1,1,0
62,RXBYRTSOWREATF-UHFFFAOYSA-N,198.26899999999992,2.695800000000001,1,2,38.91,0.07257162961042982,-0.39790227593023253,2,0,0.3076923076923077,2,3,1,0
119,RXBYRTSOWREATF-UHFFFAOYSA-N,232.71399999999997,3.3492000000000015,1,2,38.91,0.09118257782157702,-0.3979015372208969,3,0,0.3076923076923077,2,3,1,0
122,RXBYRTSOWREATF-UHFFFAOYSA-N,232.7139999999999,3.3492000000000015,1,2,38.91,0.07407945868796693,-0.39785882960389596,3,0,0.3076923076923077,2,3,1,0
124,RXBYRTSOWREATF-UHFFFAOYSA-N,214.26799999999994,2.1867000000000005,2,3,59.14,0.08277967500447517,-0.39782238542491977,3,0,0.3076923076923077,2,3,1,0
126,RXBYRTSOWREATF-UHFFFAOYSA-N,232.71399999999994,3.3492000000000015,1,2,38.91,0.07405454056162307,-0.39790226471509943,3,0,0.3076923076923077,2,3,1,0
132,RXBYRTSOWREATF-UHFFFAOYSA-N,232.7139999999999,3.3492000000000015,1,2,38.91,0.072677169544783,-0.3979015673372523,3,0,0.3076923076923077,2,3,1,0
136,RXBYRTSOWREATF-UHFFFAOYSA-N,228.29499999999993,2.7044000000000006,1,3,48.14,0.12985180617219552,-0.49597152667035105,3,1,0.35714285714285715,2,3,1,0
141,RXBYRTSOWREATF-UHFFFAOYSA-N,212.29599999999994,3.004220000000002,1,2,38.91,0.07284011363609348,-0.39789413288035186,2,0,0.35714285714285715,2,3,1,0
144,RXBYRTSOWREATF-UHFFFAOYSA-N,216.2589999999999,2.834900000000001,1,2,38.91,0.13418842979919954,-0.3978161577379166,3,0,0.3076923076923077,2,3,1,0
287,RXBYRTSOWREATF-UHFFFAOYSA-N,330.9030000000002,6.1493000000000055,1,2,24.92,0.07406182474386742,-0.3842217428151469,3,7,0.55,2,3,1,0
291,RXBYRTSOWREATF-UHFFFAOYSA-N,212.29599999999994,3.004220000000002,1,2,38.91,0.07259141149353698,-0.3979021401252601,2,0,0.35714285714285715,2,3,1,0
292,RXBYRTSOWREATF-UHFFFAOYSA-N,258.32099999999997,2.713000000000001,1,4,57.370000000000005,0.16241263560167113,-0.49284312230898597,4,2,0.4,2,3,1,0
293,RXBYRTSOWREATF-UHFFFAOYSA-N,243.2659999999999,2.604000000000001,1,4,82.05,0.2697581715864626,-0.3978988173816816,5,1,0.3076923076923077,2,3,2,0
295,RXBYRTSOWREATF-UHFFFAOYSA-N,314.4480000000002,5.635000000000005,1,2,24.92,0.12490392849251428,-0.3842217316614426,3,7,0.55,2,3,1,0
297,RXBYRTSOWREATF-UHFFFAOYSA-N,212.29599999999996,3.004220000000002,1,2,38.91,0.07283575465575975,-0.39790227375864695,2,0,0.35714285714285715,2,3,1,0
298,RXBYRTSOWREATF-UHFFFAOYSA-N,310.4850000000002,5.804320000000006,1,2,24.92,0.07284303887218582,-0.38422175186434737,2,7,0.5714285714285714,2,3,1,0
299,RXBYRTSOWREATF-UHFFFAOYSA-N,341.4550000000002,5.404100000000005,1,4,68.06,0.2711307847048579,-0.3842216988233836,5,8,0.55,2,3,2,0
302,RXBYRTSOWREATF-UHFFFAOYSA-N,310.4850000000002,5.804320000000005,1,2,24.92,0.0725986961510558,-0.3842216181876536,2,7,0.5714285714285714,2,3,1,0
308,RXBYRTSOWREATF-UHFFFAOYSA-N,228.29499999999996,2.7044000000000006,1,3,48.14,0.12055907533675035,-0.4966855401188973,3,1,0.35714285714285715,2,3,1,0
315,RXBYRTSOWREATF-UHFFFAOYSA-N,216.25899999999996,2.834900000000001,1,2,38.91,0.12490392663602429,-0.39790225356835307,3,0,0.3076923076923077,2,3,1,0
316,RXBYRTSOWREATF-UHFFFAOYSA-N,213.28399999999993,2.2780000000000005,2,3,64.92999999999999,0.0727244410845452,-0.3987083298753454,3,0,0.3076923076923077,2,3,2,0
318,RXBYRTSOWREATF-UHFFFAOYSA-N,243.26599999999993,2.604000000000001,1,4,82.05,0.27113078282243985,-0.3979022207507431,5,1,0.3076923076923077,2,3,2,0
322,RXBYRTSOWREATF-UHFFFAOYSA-N,326.4840000000002,5.504500000000005,1,3,34.150000000000006,0.12055907719754573,-0.4966855401115838,3,8,0.5714285714285714,2,3,1,0
323,RXBYRTSOWREATF-UHFFFAOYSA-N,277.165,3.4583000000000013,1,2,38.91,0.07369537608459156,-0.3979022674645972,3,0,0.3076923076923077,2,3,1,0
327,RXBYRTSOWREATF-UHFFFAOYSA-N,267.159,4.002600000000001,1,2,38.91,0.07416206397749589,-0.39790155590788995,4,0,0.3076923076923077,2,3,1,0
391,RXBYRTSOWREATF-UHFFFAOYSA-N,214.26799999999994,1.6665999999999999,2,3,59.14,0.07257364154747889,-0.3979022539657544,3,0,0.3076923076923077,2,3,1,0
392,RXBYRTSOWREATF-UHFFFAOYSA-N,214.26799999999994,1.6665999999999999,2,3,59.14,0.07257167540967562,-0.3979009118903775,3,0,0.3076923076923077,2,3,1,0
393,RXBYRTSOWREATF-UHFFFAOYSA-N,214.26799999999994,2.1867,2,3,59.14,0.09632918037259627,-0.3979008730771147,3,0,0.3076923076923077,2,3,1,0
617,RXBYRTSOWREATF-UHFFFAOYSA-N,214.26799999999994,2.4014000000000006,2,3,59.14,0.11590740805915684,-0.5079401871664674,3,0,0.3076923076923077,2,3,1,0
687,RXBYRTSOWREATF-UHFFFAOYSA-N,289.8100000000001,3.527700000000002,2,3,50.94,0.07406182476801514,-0.3841725801286457,4,4,0.4375,2,3,2,0
895,RXBYRTSOWREATF-UHFFFAOYSA-N,358.3980000000002,2.2401,2,6,106.39,0.29450931099805105,-0.38415348648921455,8,8,0.4444444444444444,2,3,3,0
896,RXBYRTSOWREATF-UHFFFAOYSA-N,353.51000000000016,4.4680000000000035,2,3,54.02,0.22487614829533686,-0.38422058289533223,4,6,0.5454545454545454,2,3,2,0
897,RXBYRTSOWREATF-UHFFFAOYSA-N,414.50600000000026,3.6564000000000023,2,6,106.39,0.29402967065885816,-0.3842205828953322,8,10,0.5454545454545454,2,3,3,0
898,RXBYRTSOWREATF-UHFFFAOYSA-N,400.4790000000002,3.266300000000002,2,6,106.39,0.29402967065885827,-0.38415348651279263,8,9,0.5238095238095238,2,3,3,0
901,RXBYRTSOWREATF-UHFFFAOYSA-N,414.55000000000024,4.664000000000004,2,6,89.32000000000001,0.2939947149090627,-0.3842209082542759,7,14,0.6086956521739131,2,3,3,0
902,RXBYRTSOWREATF-UHFFFAOYSA-N,372.46900000000016,3.4937000000000022,2,6,89.32000000000001,0.2939955249638168,-0.38422090825427585,7,11,0.55,2,3,3,0
903,RXBYRTSOWREATF-UHFFFAOYSA-N,358.4420000000002,3.103600000000001,2,6,89.32000000000001,0.29404250755855266,-0.3842209082542043,7,10,0.5263157894736842,2,3,3,0
904,RXBYRTSOWREATF-UHFFFAOYSA-N,400.5230000000002,4.273900000000004,2,6,89.32000000000001,0.2939947149090627,-0.3841724580318035,7,13,0.5909090909090909,2,3,3,0
905,RXBYRTSOWREATF-UHFFFAOYSA-N,358.4420000000002,3.103600000000002,2,6,89.32000000000001,0.2939955249638169,-0.38417245803173194,7,10,0.5263157894736842,2,3,3,0
906,RXBYRTSOWREATF-UHFFFAOYSA-N,344.4150000000002,2.7135000000000007,2,6,89.32000000000001,0.2940425075586254,-0.38417245799266936,7,9,0.5,2,3,3,0
907,RXBYRTSOWREATF-UHFFFAOYSA-N,386.45200000000017,3.0203000000000015,2,6,106.39,0.2940091730797946,-0.3842205828953535,8,10,0.5,2,3,3,0
908,RXBYRTSOWREATF-UHFFFAOYSA-N,372.4250000000002,2.6302000000000003,2,6,106.39,0.29450931099798444,-0.38422058289528915,8,9,0.47368421052631576,2,3,3,0
909,RXBYRTSOWREATF-UHFFFAOYSA-N,372.4250000000002,2.6302000000000003,2,6,106.39,0.29400917307979463,-0.3841534865244365,8,9,0.47368421052631576,2,3,3,0
1249,RXBYRTSOWREATF-UHFFFAOYSA-N,311.4730000000002,4.434700000000004,2,3,50.94,0.07257891383351685,-0.384221754037229,3,8,0.55,2,3,2,0
1250,RXBYRTSOWREATF-UHFFFAOYSA-N,325.5000000000002,4.824800000000004,2,3,50.94,0.07257891383351685,-0.3842217540372765,3,9,0.5714285714285714,2,3,2,0
1251,RXBYRTSOWREATF-UHFFFAOYSA-N,339.5270000000002,5.214900000000005,2,3,50.94,0.07257891383351685,-0.3842217540372765,3,10,0.5909090909090909,2,3,2,0
1252,RXBYRTSOWREATF-UHFFFAOYSA-N,353.5540000000002,5.605000000000006,2,3,50.94,0.07257891383351685,-0.3842217540372765,3,11,0.6086956521739131,2,3,2,0
1253,RXBYRTSOWREATF-UHFFFAOYSA-N,381.6080000000002,6.385200000000007,2,3,50.94,0.07257891383351685,-0.3842217540372765,3,13,0.64,2,3,2,0
1254,RXBYRTSOWREATF-UHFFFAOYSA-N,339.5270000000002,5.037600000000005,1,3,28.16,0.07257891383351685,-0.384221754037229,3,9,0.5909090909090909,2,3,2,0
1255,RXBYRTSOWREATF-UHFFFAOYSA-N,353.5540000000002,5.427700000000005,1,3,28.16,0.07257891383351685,-0.3842217540372765,3,10,0.6086956521739131,2,3,2,0
1256,RXBYRTSOWREATF-UHFFFAOYSA-N,367.5810000000002,5.817800000000006,1,3,28.16,0.07257891383351685,-0.3842217540372765,3,11,0.625,2,3,2,0
1257,RXBYRTSOWREATF-UHFFFAOYSA-N,381.6080000000002,6.207900000000007,1,3,28.16,0.07257891383351685,-0.3842217540372765,3,12,0.64,2,3,2,0
1258,RXBYRTSOWREATF-UHFFFAOYSA-N,409.6620000000002,6.988100000000007,1,3,28.16,0.07257891383351685,-0.3842217540372765,3,14,0.6666666666666666,2,3,2,0
1370,RXBYRTSOWREATF-UHFFFAOYSA-N,270.37600000000003,3.9441000000000033,1,3,34.150000000000006,0.11919037714028559,-0.4967417642993277,3,4,0.47058823529411764,2,3,1,0
1371,RXBYRTSOWREATF-UHFFFAOYSA-N,298.4300000000001,4.724300000000004,1,3,34.150000000000006,0.11919037714029497,-0.4967417642993277,3,6,0.5263157894736842,2,3,1,0
1372,RXBYRTSOWREATF-UHFFFAOYSA-N,312.45700000000016,5.114400000000004,1,3,34.150000000000006,0.11919037714029497,-0.4967417642993277,3,7,0.55,2,3,1,0
1373,RXBYRTSOWREATF-UHFFFAOYSA-N,326.4840000000002,5.5045000000000055,1,3,34.150000000000006,0.11919037714029497,-0.4967417642993277,3,8,0.5714285714285714,2,3,1,0
1374,RXBYRTSOWREATF-UHFFFAOYSA-N,340.5110000000002,5.894600000000006,1,3,34.150000000000006,0.11919037714029497,-0.4967417642993277,3,9,0.5909090909090909,2,3,1,0
1375,RXBYRTSOWREATF-UHFFFAOYSA-N,354.53800000000024,6.284700000000006,1,3,34.150000000000006,0.11919037714029497,-0.4967417642993277,3,10,0.6086956521739131,2,3,1,0
1376,RXBYRTSOWREATF-UHFFFAOYSA-N,396.61900000000026,7.455000000000007,1,3,34.150000000000006,0.11919037714029497,-0.4967417642993277,3,13,0.6538461538461539,2,3,1,0
1555,RXBYRTSOWREATF-UHFFFAOYSA-N,296.4140000000001,4.500300000000004,1,3,34.150000000000006,0.11919037714030495,-0.4967417642993277,3,6,0.42105263157894735,2,3,1,0
3096,RXBYRTSOWREATF-UHFFFAOYSA-N,312.4420000000002,3.090600000000001,3,3,48.98,0.18492613674729208,-0.3578955026268272,5,4,0.29411764705882354,2,3,3,0
3301,RXBYRTSOWREATF-UHFFFAOYSA-N,236.31799999999996,3.1587000000000014,1,2,24.92,0.07631754182091109,-0.37331941686931674,2,2,0.3125,2,3,1,0
3302,RXBYRTSOWREATF-UHFFFAOYSA-N,270.76300000000003,3.812100000000002,1,2,24.92,0.07631754187036709,-0.3733194056449033,3,2,0.3125,2,3,1,0
3635,RXBYRTSOWREATF-UHFFFAOYSA-N,277.165,3.4583000000000013,1,2,38.91,0.07265141692218996,-0.3979017407963618,3,0,0.3076923076923077,2,3,1,0
3638,RXBYRTSOWREATF-UHFFFAOYSA-N,267.159,4.002600000000001,1,2,38.91,0.09128997426608544,-0.397900828421983,4,0,0.3076923076923077,2,3,1,0
3640,RXBYRTSOWREATF-UHFFFAOYSA-N,356.0610000000002,4.220800000000001,1,2,38.91,0.08684455837311407,-0.39790118278688197,4,0,0.3076923076923077,2,3,1,0
3642,RXBYRTSOWREATF-UHFFFAOYSA-N,216.25899999999993,2.834900000000001,1,2,38.91,0.12353798565844237,-0.3979008656836914,3,0,0.3076923076923077,2,3,1,0
3891,RXBYRTSOWREATF-UHFFFAOYSA-N,256.34899999999993,2.826220000000001,2,3,45.150000000000006,0.07259870739668783,-0.3945459986928677,3,3,0.4375,2,3,1,0
3892,RXBYRTSOWREATF-UHFFFAOYSA-N,274.795,4.072720000000003,1,2,24.92,0.07259870157008254,-0.38302360984909145,3,3,0.4375,2,3,1,0
4555,RXBYRTSOWREATF-UHFFFAOYSA-N,199.27510177799996,2.695800000000001,1,2,38.91,0.07257162961042982,-0.39790227593023253,2,0,0.3076923076923077,2,3,1,0
753,PHZFCULPFNIUPO-UHFFFAOYSA-N,393.48700000000025,3.945700000000003,2,6,86.47,0.33623814767974824,-0.4967682095840387,6,4,0.391304347826087,2,4,2,0
754,PHZFCULPFNIUPO-UHFFFAOYSA-N,393.48700000000025,3.945700000000003,2,6,86.47,0.3362381671746047,-0.49675736376208335,6,4,0.391304347826087,2,4,2,0
755,PHZFCULPFNIUPO-UHFFFAOYSA-N,393.48700000000025,3.945700000000003,2,6,86.47,0.33624065191301833,-0.4964415138766486,6,4,0.391304347826087,2,4,2,0
756,PHZFCULPFNIUPO-UHFFFAOYSA-N,377.4880000000002,4.2455200000000035,2,5,77.24,0.3362381475432153,-0.46255386656310526,5,3,0.391304347826087,2,4,2,0
757,PHZFCULPFNIUPO-UHFFFAOYSA-N,408.45800000000025,3.8453000000000026,2,7,120.38,0.336238147805683,-0.4625538665627692,8,4,0.36363636363636365,2,4,3,0
758,PHZFCULPFNIUPO-UHFFFAOYSA-N,408.45800000000025,3.8453000000000026,2,7,120.38,0.3362381839683635,-0.4625538664663688,8,4,0.36363636363636365,2,4,3,0
759,PHZFCULPFNIUPO-UHFFFAOYSA-N,408.45800000000025,3.8453000000000026,2,7,120.38,0.3362427934948076,-0.462553840779519,8,4,0.36363636363636365,2,4,3,0
760,PHZFCULPFNIUPO-UHFFFAOYSA-N,381.4510000000002,4.076200000000003,2,5,77.24,0.3362381476428527,-0.46255386656297787,6,3,0.36363636363636365,2,4,2,0
761,PHZFCULPFNIUPO-UHFFFAOYSA-N,363.4610000000002,3.9371000000000027,2,5,77.24,0.3362381475324513,-0.46255386656311903,5,3,0.36363636363636365,2,4,2,0
951,PHZFCULPFNIUPO-UHFFFAOYSA-N,423.5130000000003,3.9543000000000026,2,7,95.7,0.33623816732794015,-0.4928699689898569,7,5,0.4166666666666667,2,4,2,0
953,PHZFCULPFNIUPO-UHFFFAOYSA-N,431.4580000000002,4.955900000000003,2,5,77.24,0.41620877062611555,-0.46255386541723076,8,3,0.391304347826087,2,4,2,0
2549,PHZFCULPFNIUPO-UHFFFAOYSA-N,445.4850000000002,5.201900000000004,2,5,77.24,0.4159098457937878,-0.4625538665631049,8,3,0.4166666666666667,2,4,2,0
2550,PHZFCULPFNIUPO-UHFFFAOYSA-N,423.53200000000027,5.100800000000003,2,5,77.24,0.33650458880004874,-0.45953799090574354,6,3,0.44,2,4,2,0
2551,PHZFCULPFNIUPO-UHFFFAOYSA-N,459.5120000000002,5.592000000000004,2,5,77.24,0.4159200496650794,-0.46255386655907016,8,3,0.44,2,4,2,0
2552,PHZFCULPFNIUPO-UHFFFAOYSA-N,448.52300000000025,4.6475000000000035,2,7,120.38,0.3365650760526593,-0.4580382677867723,8,5,0.36,2,4,3,0
2553,PHZFCULPFNIUPO-UHFFFAOYSA-N,425.9600000000002,5.226600000000004,2,5,77.24,0.336238154938065,-0.46255386654353003,6,3,0.4166666666666667,2,4,2,0
2554,PHZFCULPFNIUPO-UHFFFAOYSA-N,377.48800000000017,4.183100000000003,2,5,77.24,0.3359724333083038,-0.4655800632817697,5,2,0.391304347826087,2,4,2,0
2555,PHZFCULPFNIUPO-UHFFFAOYSA-N,423.53200000000027,5.100800000000004,2,5,77.24,0.3365064684906745,-0.4595379804954557,6,3,0.44,2,4,2,0
2557,PHZFCULPFNIUPO-UHFFFAOYSA-N,455.9860000000003,4.853100000000004,2,6,86.47,0.3363336504316725,-0.4598047135323149,7,5,0.44,2,4,2,0
2560,PHZFCULPFNIUPO-UHFFFAOYSA-N,444.4380000000002,4.090500000000001,2,7,120.38,0.33623818396860394,-0.4625538664663687,10,4,0.36363636363636365,2,4,3,0
2561,PHZFCULPFNIUPO-UHFFFAOYSA-N,477.3480000000002,4.629100000000003,2,7,120.38,0.33623818396848076,-0.4625538664663687,10,4,0.36363636363636365,2,4,3,0
2562,PHZFCULPFNIUPO-UHFFFAOYSA-N,428.8760000000002,4.192600000000002,2,7,120.38,0.3359724697443014,-0.46558006318502676,9,3,0.3333333333333333,2,4,3,0
2563,PHZFCULPFNIUPO-UHFFFAOYSA-N,408.4580000000002,3.7012000000000027,2,7,120.38,0.3359724697441145,-0.465580063185027,8,3,0.36363636363636365,2,4,3,0
2565,PHZFCULPFNIUPO-UHFFFAOYSA-N,490.4820000000003,5.023800000000004,2,7,120.38,0.4313644380115659,-0.46254960349794544,11,4,0.4166666666666667,2,4,3,0
2567,PHZFCULPFNIUPO-UHFFFAOYSA-N,407.51400000000024,4.1917000000000035,2,6,86.47,0.3362406519130297,-0.4964415138766486,6,4,0.4166666666666667,2,4,2,0
2568,PHZFCULPFNIUPO-UHFFFAOYSA-N,442.5100000000003,3.724000000000002,2,6,80.48,0.3362956189409518,-0.4608952639547839,8,5,0.4166666666666667,2,4,3,0
2569,PHZFCULPFNIUPO-UHFFFAOYSA-N,422.48500000000024,4.091300000000003,2,7,120.38,0.33597246974413736,-0.465580063185027,8,3,0.391304347826087,2,4,3,0
2570,PHZFCULPFNIUPO-UHFFFAOYSA-N,436.5120000000003,4.481400000000003,2,7,120.38,0.3362381839683864,-0.4625538664663688,8,4,0.4166666666666667,2,4,3,0
2571,PHZFCULPFNIUPO-UHFFFAOYSA-N,439.9870000000003,5.615100000000005,2,5,77.24,0.3365055259262696,-0.45953798570423376,6,3,0.44,2,4,2,0
2572,PHZFCULPFNIUPO-UHFFFAOYSA-N,439.9870000000003,5.615100000000005,2,5,77.24,0.3365045814396209,-0.45953799092524933,6,3,0.44,2,4,2,0
2573,PHZFCULPFNIUPO-UHFFFAOYSA-N,409.5050000000002,4.7123000000000035,2,5,77.24,0.33623816229847686,-0.4625538665240257,6,3,0.4166666666666667,2,4,2,0
2574,PHZFCULPFNIUPO-UHFFFAOYSA-N,421.5160000000002,4.878400000000004,2,5,77.24,0.33656505438269946,-0.4580382678444346,6,4,0.36,2,4,2,0
2575,PHZFCULPFNIUPO-UHFFFAOYSA-N,419.50000000000017,4.325600000000003,2,5,77.24,0.3372139554224829,-0.4490825361874785,6,3,0.36,2,4,2,0
2576,PHZFCULPFNIUPO-UHFFFAOYSA-N,446.50700000000023,4.094700000000003,2,7,120.38,0.3372139770925432,-0.44908253612980553,8,4,0.36,2,4,3,0
2577,PHZFCULPFNIUPO-UHFFFAOYSA-N,439.98700000000025,5.250900000000004,1,5,68.45,0.3362465623714304,-0.46255377688269655,6,3,0.44,2,4,2,0
2426,IPNCANNCIDZOHY-VAWYXSNFSA-N,394.51500000000004,3.8325000000000036,2,4,61.8,0.24349920843510398,-0.5042543435662299,5,8,0.375,2,3,2,0
2427,IPNCANNCIDZOHY-VAWYXSNFSA-N,394.5150000000001,3.8325000000000036,2,4,61.8,0.24349920843160908,-0.5042402148529654,5,8,0.375,2,3,2,0
2428,IPNCANNCIDZOHY-VAWYXSNFSA-N,424.5410000000001,3.841100000000004,2,5,71.03,0.24349922638103041,-0.5016992098708584,6,9,0.4,2,3,2,0
2429,IPNCANNCIDZOHY-VAWYXSNFSA-N,364.48900000000015,3.8239000000000027,2,3,52.57,0.24349919050113794,-0.5079662507796763,4,7,0.34782608695652173,2,3,2,0
2430,IPNCANNCIDZOHY-VAWYXSNFSA-N,380.4880000000001,3.5295000000000023,3,4,72.8,0.24349920843159603,-0.5042596319016555,5,7,0.34782608695652173,2,3,2,0
2431,IPNCANNCIDZOHY-VAWYXSNFSA-N,364.48900000000015,3.8239000000000027,2,3,52.57,0.24350148831545346,-0.5073345226135705,4,7,0.34782608695652173,2,3,2,0
2432,IPNCANNCIDZOHY-VAWYXSNFSA-N,348.49000000000007,4.118300000000003,1,2,32.34,0.24349919036710746,-0.3525437575202659,3,7,0.34782608695652173,2,3,2,0
2433,IPNCANNCIDZOHY-VAWYXSNFSA-N,436.55200000000013,4.052200000000004,1,5,67.87,0.307656537741339,-0.4928201123092554,6,9,0.38461538461538464,2,3,2,0
2434,IPNCANNCIDZOHY-VAWYXSNFSA-N,408.54200000000014,4.135500000000004,1,4,50.8,0.24349920843511705,-0.49286956489759315,5,9,0.4,2,3,2,0
2435,IPNCANNCIDZOHY-VAWYXSNFSA-N,378.51600000000013,4.126900000000004,1,3,41.57,0.24349920829558142,-0.4967458540792455,4,8,0.375,2,3,2,0
2436,IPNCANNCIDZOHY-VAWYXSNFSA-N,438.56800000000015,4.1441000000000034,1,5,60.03,0.24349922638104404,-0.4926923988524217,6,10,0.4230769230769231,2,3,2,0
2437,IPNCANNCIDZOHY-VAWYXSNFSA-N,366.48000000000013,4.257400000000003,1,2,32.34,0.24349919046757443,-0.35254375752010875,4,7,0.34782608695652173,2,3,2,0
2438,IPNCANNCIDZOHY-VAWYXSNFSA-N,382.9350000000001,4.771700000000004,1,2,32.34,0.2434991904174494,-0.3525437575201872,4,7,0.34782608695652173,2,3,2,0
2439,IPNCANNCIDZOHY-VAWYXSNFSA-N,393.4870000000002,4.026500000000003,1,4,75.47999999999999,0.26896485452448826,-0.3525437575198764,6,8,0.34782608695652173,2,3,3,0
2482,IPNCANNCIDZOHY-VAWYXSNFSA-N,380.4880000000001,3.5295000000000023,3,4,72.8,0.24350148845634073,-0.5078225556739828,5,7,0.34782608695652173,2,3,2,0
2483,IPNCANNCIDZOHY-VAWYXSNFSA-N,364.48900000000015,3.8239000000000027,2,3,52.57,0.24349920829210212,-0.5079442742269885,4,7,0.34782608695652173,2,3,2,0
2484,IPNCANNCIDZOHY-VAWYXSNFSA-N,408.54200000000014,4.135500000000004,1,4,50.8,0.2435014894043416,-0.4966240390443925,5,9,0.4,2,3,2,0
2485,IPNCANNCIDZOHY-VAWYXSNFSA-N,378.5160000000001,4.126900000000004,1,3,41.57,0.24349919050115032,-0.49676782420531607,4,8,0.375,2,3,2,0
3027,IPNCANNCIDZOHY-VAWYXSNFSA-N,476.70500000000027,6.418900000000008,2,3,52.57000000000001,0.2434991931517225,-0.5073402938824539,4,7,0.5161290322580645,2,3,2,0
3030,IPNCANNCIDZOHY-VAWYXSNFSA-N,506.7310000000004,6.427500000000008,2,4,61.8,0.2434991931517225,-0.5073402938824539,5,8,0.53125,2,3,2,0
3031,IPNCANNCIDZOHY-VAWYXSNFSA-N,490.73200000000037,6.727320000000009,2,3,52.57000000000001,0.2434991931517225,-0.5073402938824539,4,7,0.53125,2,3,2,0
3032,IPNCANNCIDZOHY-VAWYXSNFSA-N,490.73200000000037,6.727320000000009,2,3,52.57000000000001,0.2434991931517225,-0.5073402938824539,4,7,0.53125,2,3,2,0
3033,IPNCANNCIDZOHY-VAWYXSNFSA-N,494.6950000000003,6.558000000000008,2,3,52.57000000000001,0.2434991931517225,-0.5073402938824539,5,7,0.5161290322580645,2,3,2,0
3034,IPNCANNCIDZOHY-VAWYXSNFSA-N,494.6950000000003,6.558000000000008,2,3,52.57000000000001,0.2434991931517225,-0.5073402938824539,5,7,0.5161290322580645,2,3,2,0
3035,IPNCANNCIDZOHY-VAWYXSNFSA-N,494.6950000000003,6.558000000000008,2,3,52.57000000000001,0.2434991931517225,-0.5073402938824539,5,7,0.5161290322580645,2,3,2,0
3036,IPNCANNCIDZOHY-VAWYXSNFSA-N,512.6850000000003,6.697100000000009,2,3,52.57000000000001,0.2434991931517225,-0.5073402938824539,6,7,0.5161290322580645,2,3,2,0
3037,IPNCANNCIDZOHY-VAWYXSNFSA-N,512.6850000000003,6.697100000000009,2,3,52.57000000000001,0.2434991931517225,-0.5073402938824539,6,7,0.5161290322580645,2,3,2,0
3038,IPNCANNCIDZOHY-VAWYXSNFSA-N,511.15000000000026,7.072300000000009,2,3,52.57000000000001,0.2434991931517225,-0.5073402938824539,5,7,0.5161290322580645,2,3,2,0
3039,IPNCANNCIDZOHY-VAWYXSNFSA-N,511.15000000000026,7.072300000000009,2,3,52.57000000000001,0.2434991931517225,-0.5073402938824539,5,7,0.5161290322580645,2,3,2,0
3040,IPNCANNCIDZOHY-VAWYXSNFSA-N,555.6010000000002,7.181400000000009,2,3,52.57000000000001,0.2434991931517225,-0.5073402938824539,5,7,0.5161290322580645,2,3,2,0
3041,IPNCANNCIDZOHY-VAWYXSNFSA-N,521.7020000000003,6.327100000000008,2,5,95.71000000000001,0.2692476524712405,-0.5073402938824539,7,8,0.5161290322580645,2,3,3,0
3042,IPNCANNCIDZOHY-VAWYXSNFSA-N,501.7150000000003,6.290580000000008,2,4,76.36,0.2434991931517225,-0.5073402938824539,5,7,0.5,2,3,3,0
448,BZFWBAOVKAGSFN-UHFFFAOYSA-N,282.3620000000001,4.342200000000003,1,2,38.91,0.1249039266680027,-0.39789343041062825,3,1,0.3888888888888889,2,4,1,0
452,BZFWBAOVKAGSFN-UHFFFAOYSA-N,333.26200000000017,5.509900000000004,1,2,38.91,0.07556325238209999,-0.3978499920970165,4,1,0.3888888888888889,2,4,1,0
454,BZFWBAOVKAGSFN-UHFFFAOYSA-N,250.345,3.8130000000000024,1,2,38.91,0.07257248126256892,-0.39789345277904464,2,0,0.35294117647058826,2,4,1,0
456,BZFWBAOVKAGSFN-UHFFFAOYSA-N,284.7900000000001,4.466400000000003,1,2,38.91,0.07405539221281891,-0.3978934415629028,3,0,0.35294117647058826,2,4,1,0
457,BZFWBAOVKAGSFN-UHFFFAOYSA-N,282.3620000000001,4.342200000000003,1,2,38.91,0.13418862137752716,-0.3978073289209703,3,1,0.3888888888888889,2,4,1,0
458,BZFWBAOVKAGSFN-UHFFFAOYSA-N,298.8170000000001,4.856500000000003,1,2,38.91,0.07267802127208366,-0.397892744123991,3,1,0.3888888888888889,2,4,1,0
459,BZFWBAOVKAGSFN-UHFFFAOYSA-N,286.32500000000005,4.091200000000002,1,2,38.91,0.13710268056832406,-0.3978073055383107,4,0,0.35294117647058826,2,4,1,0
461,BZFWBAOVKAGSFN-UHFFFAOYSA-N,264.372,4.203100000000003,1,2,38.91,0.07257248126260375,-0.3978934527745188,2,1,0.3888888888888889,2,4,1,0
463,BZFWBAOVKAGSFN-UHFFFAOYSA-N,268.33500000000004,3.9521000000000024,1,2,38.91,0.13418862137751633,-0.39780732892550047,3,0,0.35294117647058826,2,4,1,0
464,BZFWBAOVKAGSFN-UHFFFAOYSA-N,292.42600000000004,4.819940000000003,1,2,38.91,0.07310509070955633,-0.39788530701466696,2,1,0.45,2,4,1,0
468,BZFWBAOVKAGSFN-UHFFFAOYSA-N,298.8170000000001,4.856500000000003,1,2,38.91,0.07408031144766307,-0.3978500035864777,3,1,0.3888888888888889,2,4,1,0
469,BZFWBAOVKAGSFN-UHFFFAOYSA-N,300.3520000000001,4.481300000000003,1,2,38.91,0.13710268056833486,-0.39780730553378046,4,1,0.3888888888888889,2,4,1,0
618,BZFWBAOVKAGSFN-UHFFFAOYSA-N,298.8170000000001,4.856500000000003,1,2,38.91,0.07405539221285373,-0.39789344155837686,3,1,0.3888888888888889,2,4,1,0
735,BZFWBAOVKAGSFN-UHFFFAOYSA-N,327.81500000000005,3.1909,2,3,68.00999999999999,0.2068789529951904,-0.3978923379496539,5,2,0.3333333333333333,2,4,2,0
736,BZFWBAOVKAGSFN-UHFFFAOYSA-N,299.80500000000006,3.4036,2,3,64.92999999999999,0.07405542046609248,-0.3978926045747843,4,0,0.35294117647058826,2,4,2,0
737,BZFWBAOVKAGSFN-UHFFFAOYSA-N,377.8970000000001,2.9941000000000004,2,4,85.07999999999998,0.20848985777302906,-0.3978925999329298,7,2,0.3888888888888889,2,4,2,0
976,BZFWBAOVKAGSFN-UHFFFAOYSA-N,324.4240000000001,4.220300000000003,1,4,57.370000000000005,0.16241263563417477,-0.4928431223029678,4,3,0.45,2,4,1,0
983,BZFWBAOVKAGSFN-UHFFFAOYSA-N,361.2720000000002,5.061500000000003,1,2,41.99,0.2388228895907924,-0.3241036275439982,5,2,0.3684210526315789,2,4,1,0
984,BZFWBAOVKAGSFN-UHFFFAOYSA-N,328.8430000000002,4.288400000000003,2,3,45.150000000000006,0.07406268778850816,-0.39454599868730766,4,3,0.42105263157894735,2,4,1,0
985,BZFWBAOVKAGSFN-UHFFFAOYSA-N,342.87000000000023,4.678500000000005,2,3,45.150000000000006,0.074062687788543,-0.39454599868730766,4,4,0.45,2,4,1,0
986,BZFWBAOVKAGSFN-UHFFFAOYSA-N,347.28900000000016,5.534900000000004,1,2,24.92,0.07406268196178284,-0.3830149137720759,4,3,0.42105263157894735,2,4,1,0
987,BZFWBAOVKAGSFN-UHFFFAOYSA-N,353.8570000000002,5.606400000000003,1,3,73.68,0.07406267603464034,-0.3840789862221055,6,4,0.42105263157894735,2,4,4,0
988,BZFWBAOVKAGSFN-UHFFFAOYSA-N,367.88400000000024,5.996500000000005,1,3,73.68,0.0740626760346752,-0.38407898621757613,6,5,0.45,2,4,4,0
3670,BZFWBAOVKAGSFN-UHFFFAOYSA-N,280.37100000000004,3.8216000000000028,1,3,48.14,0.11919026010173209,-0.4967417652554831,3,1,0.3888888888888889,2,4,1,0
3857,BZFWBAOVKAGSFN-UHFFFAOYSA-N,266.344,3.4315000000000024,1,3,48.14,0.11919026010172196,-0.49674176525548314,3,1,0.35294117647058826,2,4,1,0
3581,KRGUESMZMKNYRU-UHFFFAOYSA-N,304.29099999999994,4.143900000000003,0,1,13.11,0.4159178899701203,-0.49587358671910486,5,2,0.11764705882352941,3,3,0,1
3582,KRGUESMZMKNYRU-UHFFFAOYSA-N,362.19,3.729700000000002,0,1,13.11,0.21020115741244794,-0.4958735867191048,3,2,0.0625,3,3,0,1
3583,KRGUESMZMKNYRU-UHFFFAOYSA-N,362.19,3.729700000000003,0,1,13.11,0.22352072450796773,-0.4958735866975715,3,2,0.0625,3,3,0,1
3584,KRGUESMZMKNYRU-UHFFFAOYSA-N,315.19,3.8876000000000026,0,1,13.11,0.21020617961881247,-0.4958735867191048,3,2,0.0625,3,3,0,1
3585,KRGUESMZMKNYRU-UHFFFAOYSA-N,315.19,3.8876000000000026,0,1,13.11,0.22438548560766014,-0.4958735866961204,3,2,0.0625,3,3,0,1
3586,KRGUESMZMKNYRU-UHFFFAOYSA-N,270.739,3.778500000000002,0,1,13.11,0.21023198601285265,-0.4958735867191048,3,2,0.0625,3,3,0,1
3587,KRGUESMZMKNYRU-UHFFFAOYSA-N,270.739,3.778500000000003,0,1,13.11,0.21162025523318959,-0.49587358671903486,3,2,0.0625,3,3,0,1
3588,KRGUESMZMKNYRU-UHFFFAOYSA-N,270.739,3.778500000000003,0,1,13.11,0.22883699387009096,-0.49587358668866766,3,2,0.0625,3,3,0,1
3589,KRGUESMZMKNYRU-UHFFFAOYSA-N,254.28399999999996,3.2642000000000015,0,1,13.11,0.2103358734094247,-0.49587358671910464,3,2,0.0625,3,3,0,1
3590,KRGUESMZMKNYRU-UHFFFAOYSA-N,254.28399999999996,3.2642000000000024,0,1,13.11,0.21306057503990064,-0.49587358671896514,3,2,0.0625,3,3,0,1
3591,KRGUESMZMKNYRU-UHFFFAOYSA-N,254.28399999999996,3.2642000000000024,0,1,13.11,0.2460940920616236,-0.4958735866584351,3,2,0.0625,3,3,0,1
3592,KRGUESMZMKNYRU-UHFFFAOYSA-N,236.29399999999998,3.1251000000000015,0,1,13.11,0.21012622468566416,-0.4958735867191049,2,2,0.0625,3,3,0,1
3593,KRGUESMZMKNYRU-UHFFFAOYSA-N,261.304,2.996780000000002,0,2,36.9,0.22799704076774976,-0.49587358669353954,3,2,0.058823529411764705,3,3,1,1
3594,KRGUESMZMKNYRU-UHFFFAOYSA-N,261.304,2.996780000000002,0,2,36.9,0.21145377327019588,-0.49587358671904624,3,2,0.058823529411764705,3,3,1,1
3595,KRGUESMZMKNYRU-UHFFFAOYSA-N,250.32099999999997,3.4335200000000023,0,1,13.11,0.21303164149829742,-0.4958735867131421,2,2,0.11764705882352941,3,3,0,1
3596,KRGUESMZMKNYRU-UHFFFAOYSA-N,250.32099999999997,3.4335200000000023,0,1,13.11,0.21039222174234523,-0.49587358671909126,2,2,0.11764705882352941,3,3,0,1
3597,KRGUESMZMKNYRU-UHFFFAOYSA-N,250.32099999999997,3.4335200000000023,0,1,13.11,0.2101460466599383,-0.49587358671910486,2,2,0.11764705882352941,3,3,0,1
3598,KRGUESMZMKNYRU-UHFFFAOYSA-N,266.32,3.133700000000002,0,2,22.34,0.21383939683977987,-0.49650566949523817,3,3,0.11764705882352941,3,3,0,1
3599,KRGUESMZMKNYRU-UHFFFAOYSA-N,266.32,3.133700000000002,0,2,22.34,0.21039971006803002,-0.4967597939024891,3,3,0.11764705882352941,3,3,0,1
3600,KRGUESMZMKNYRU-UHFFFAOYSA-N,272.27399999999994,3.4033000000000024,0,1,13.11,0.28212405190888473,-0.49587358659739383,4,2,0.0625,3,3,0,1
3601,KRGUESMZMKNYRU-UHFFFAOYSA-N,305.184,4.431900000000002,0,1,13.11,0.2289447336333379,-0.4958735866886676,4,2,0.0625,3,3,0,1
3602,KRGUESMZMKNYRU-UHFFFAOYSA-N,394.086,4.650100000000003,0,1,13.11,0.2244665157524387,-0.49587358669612025,4,2,0.0625,3,3,0,1
3603,KRGUESMZMKNYRU-UHFFFAOYSA-N,333.18,4.026700000000003,0,1,13.11,0.24617693437801638,-0.495873586658435,4,2,0.0625,3,3,0,1
3604,KRGUESMZMKNYRU-UHFFFAOYSA-N,380.18,3.868800000000003,0,1,13.11,0.24617173087695626,-0.495873586658435,4,2,0.0625,3,3,0,1
3605,KRGUESMZMKNYRU-UHFFFAOYSA-N,285.164,3.8790000000000022,0,0,3.88,0.2102032490080384,-0.1665655089941231,2,1,0.0,3,3,0,1
174,ULLJVPKUDFDJKB-FQNRMIAFSA-N,367.4490000000001,3.675200000000002,1,5,54.040000000000006,0.4165873215850885,-0.49676588826734286,6,3,0.38095238095238093,2,4,3,0
179,ULLJVPKUDFDJKB-FQNRMIAFSA-N,337.42300000000006,3.6666000000000025,1,4,44.81,0.41658728848057563,-0.4100933056264882,5,2,0.35,2,4,3,0
206,ULLJVPKUDFDJKB-FQNRMIAFSA-N,351.45000000000005,3.9750200000000024,1,4,44.81,0.4165872908972457,-0.41009330561992585,5,2,0.38095238095238093,2,4,3,0
207,ULLJVPKUDFDJKB-FQNRMIAFSA-N,393.5310000000002,4.791400000000004,1,4,44.81,0.4166061596386477,-0.41009307902458775,5,4,0.4583333333333333,2,4,3,0
208,ULLJVPKUDFDJKB-FQNRMIAFSA-N,379.50400000000013,4.7900000000000045,1,4,44.81,0.416596886407002,-0.4100931914219775,5,3,0.43478260869565216,2,4,3,0
209,ULLJVPKUDFDJKB-FQNRMIAFSA-N,365.47700000000015,4.283440000000003,1,4,44.81,0.4166058299959165,-0.4100930809029381,5,2,0.4090909090909091,2,4,3,0
210,ULLJVPKUDFDJKB-FQNRMIAFSA-N,365.47700000000015,4.229000000000004,1,4,44.81,0.41659672040822243,-0.4100931923684245,5,3,0.4090909090909091,2,4,3,0
211,ULLJVPKUDFDJKB-FQNRMIAFSA-N,365.47700000000015,4.283440000000003,1,4,44.81,0.4165875980700851,-0.41009330387104104,5,2,0.4090909090909091,2,4,3,0
213,ULLJVPKUDFDJKB-FQNRMIAFSA-N,351.4500000000001,3.9750200000000033,1,4,44.81,0.4165874432713628,-0.4100933047487853,5,2,0.38095238095238093,2,4,3,0
214,ULLJVPKUDFDJKB-FQNRMIAFSA-N,365.47700000000015,4.283440000000004,1,4,44.81,0.41659671130911574,-0.41009319242436054,5,2,0.4090909090909091,2,4,3,0
215,ULLJVPKUDFDJKB-FQNRMIAFSA-N,351.45000000000005,3.6909000000000027,0,4,36.02,0.41898151028810465,-0.40994955956217505,5,2,0.38095238095238093,2,4,3,0
216,ULLJVPKUDFDJKB-FQNRMIAFSA-N,365.47700000000015,4.283440000000003,1,4,44.81,0.41659671066849135,-0.41009319242824793,5,2,0.4090909090909091,2,4,3,0
217,ULLJVPKUDFDJKB-FQNRMIAFSA-N,365.4770000000001,4.283440000000003,1,4,44.81,0.416596558163319,-0.41009319330015287,5,2,0.4090909090909091,2,4,3,0
218,ULLJVPKUDFDJKB-FQNRMIAFSA-N,379.50400000000013,4.591860000000004,1,4,44.81,0.41660583242834803,-0.41009308089633206,5,2,0.43478260869565216,2,4,3,0
219,ULLJVPKUDFDJKB-FQNRMIAFSA-N,365.4770000000001,4.283440000000003,1,4,44.81,0.4165874456946848,-0.41009330474220446,5,2,0.4090909090909091,2,4,3,0
220,ULLJVPKUDFDJKB-FQNRMIAFSA-N,351.45000000000016,3.9750200000000033,1,4,44.81,0.4165969443238729,-0.4098075378990869,5,2,0.38095238095238093,2,4,3,0
221,ULLJVPKUDFDJKB-FQNRMIAFSA-N,394.5190000000002,3.728200000000003,1,5,48.050000000000004,0.41659792805293827,-0.40974328633583157,6,4,0.43478260869565216,2,4,4,0
222,ULLJVPKUDFDJKB-FQNRMIAFSA-N,379.50400000000013,4.7900000000000045,1,4,44.81,0.41658729091671387,-0.4100933056199003,5,3,0.43478260869565216,2,4,3,0
223,ULLJVPKUDFDJKB-FQNRMIAFSA-N,351.4500000000001,3.9750200000000033,1,4,44.81,0.41659655573877336,-0.4100931933067371,5,2,0.38095238095238093,2,4,3,0
1361,ULLJVPKUDFDJKB-FQNRMIAFSA-N,323.396,3.6085200000000013,3,4,62.39,0.4165965557322944,-0.41009319520988663,5,2,0.3157894736842105,2,4,3,0
1363,ULLJVPKUDFDJKB-FQNRMIAFSA-N,351.40600000000006,3.193200000000002,1,4,61.88,0.4165872884921271,-0.4100933021850439,6,3,0.3,2,4,3,0
1369,ULLJVPKUDFDJKB-FQNRMIAFSA-N,337.42300000000006,3.950720000000003,2,4,53.6,0.41659655573230164,-0.41009319520555537,5,2,0.35,2,4,3,0
2601,ULLJVPKUDFDJKB-FQNRMIAFSA-N,351.45000000000005,4.423500000000002,3,4,62.39,0.4165872909102351,-0.41009330752304984,5,3,0.38095238095238093,2,4,3,0
3930,ULLJVPKUDFDJKB-FQNRMIAFSA-N,353.37800000000004,2.4889,3,5,90.9,0.4165872997634328,-0.4100917303988811,7,2,0.2631578947368421,2,4,3,0
510,PQNFLJBBNBOBRQ-UHFFFAOYSA-N,234.29899999999998,1.9537,1,3,41.57,0.4142017099378083,-0.4102116053185147,4,2,0.46153846153846156,1,2,2,0
511,PQNFLJBBNBOBRQ-UHFFFAOYSA-N,272.348,2.347200000000001,1,3,41.57,0.4144639839989252,-0.4099077628924956,4,4,0.4375,1,2,2,0
512,PQNFLJBBNBOBRQ-UHFFFAOYSA-N,220.27199999999993,1.693,1,3,55.56,0.41421153661529203,-0.40991484009412155,4,1,0.4166666666666667,1,2,2,0
514,PQNFLJBBNBOBRQ-UHFFFAOYSA-N,258.32099999999997,1.9571,1,3,41.57,0.4142125156450525,-0.40985156584516647,4,3,0.4,1,2,2,0
520,PQNFLJBBNBOBRQ-UHFFFAOYSA-N,290.4070000000001,3.643500000000002,1,3,55.56,0.4144638525230751,-0.41020441170670735,4,6,0.5882352941176471,1,2,2,0
522,PQNFLJBBNBOBRQ-UHFFFAOYSA-N,272.348,2.2993000000000006,0,3,32.78,0.41421251663623654,-0.40985142576998185,4,3,0.4375,1,2,2,0
525,PQNFLJBBNBOBRQ-UHFFFAOYSA-N,234.29899999999995,2.0831,1,3,55.56,0.41446398399520856,-0.4099077639897054,4,2,0.46153846153846156,1,2,2,0
527,PQNFLJBBNBOBRQ-UHFFFAOYSA-N,258.32099999999997,1.9571,1,3,41.57,0.41420170993784333,-0.410211605297359,4,3,0.4,1,2,2,0
529,PQNFLJBBNBOBRQ-UHFFFAOYSA-N,272.34799999999996,2.3951000000000002,2,3,50.36,0.4121004654489585,-0.4103467696456447,4,5,0.4375,1,2,2,0
532,PQNFLJBBNBOBRQ-UHFFFAOYSA-N,234.29899999999995,1.9537,1,3,41.57,0.4142125156256413,-0.40985157152454926,4,2,0.46153846153846156,1,2,2,0
533,PQNFLJBBNBOBRQ-UHFFFAOYSA-N,248.32599999999994,2.2959000000000005,0,3,32.78,0.41421153662268023,-0.40991483793285033,4,2,0.5,1,2,2,0
534,PQNFLJBBNBOBRQ-UHFFFAOYSA-N,220.27199999999993,1.693,1,3,55.56,0.41420170993415417,-0.4102116063845224,4,1,0.4166666666666667,1,2,2,0
535,PQNFLJBBNBOBRQ-UHFFFAOYSA-N,220.27199999999993,1.693,1,3,55.56,0.41421251464661424,-0.40985170882678784,4,1,0.4166666666666667,1,2,2,0
536,PQNFLJBBNBOBRQ-UHFFFAOYSA-N,276.38,3.1240000000000023,1,3,41.57,0.41445415734372937,-0.4102045292124357,4,5,0.5625,1,2,2,0
537,PQNFLJBBNBOBRQ-UHFFFAOYSA-N,258.32099999999997,1.9571,1,3,41.57,0.41420170993784333,-0.410211605297359,4,3,0.4,1,2,2,0
539,PQNFLJBBNBOBRQ-UHFFFAOYSA-N,248.32599999999996,2.4732000000000003,1,3,55.56,0.41446368821912716,-0.4102044126457564,4,3,0.5,1,2,2,0
540,PQNFLJBBNBOBRQ-UHFFFAOYSA-N,234.29899999999995,2.1310000000000002,2,3,64.35,0.4121004654452693,-0.4103467707328062,4,3,0.46153846153846156,1,2,2,0
550,PQNFLJBBNBOBRQ-UHFFFAOYSA-N,258.32099999999997,1.9571,1,3,41.57,0.41420170993784333,-0.410211605297359,4,3,0.4,1,2,2,0
551,PQNFLJBBNBOBRQ-UHFFFAOYSA-N,300.40200000000004,3.1274000000000024,1,3,41.57,0.41446385122229445,-0.410204410623105,4,6,0.5,1,2,2,0
552,PQNFLJBBNBOBRQ-UHFFFAOYSA-N,234.29899999999995,2.0831,1,3,55.56,0.4144541573400664,-0.4102045302837476,4,2,0.46153846153846156,1,2,2,0
555,PQNFLJBBNBOBRQ-UHFFFAOYSA-N,288.41600000000005,3.0589000000000013,1,3,32.34,0.2854287260447788,-0.3394322938069268,4,3,0.4375,1,2,2,0
556,PQNFLJBBNBOBRQ-UHFFFAOYSA-N,286.375,2.737300000000001,1,3,41.57,0.41446368822281643,-0.410204411558593,4,5,0.47058823529411764,1,2,2,0
557,PQNFLJBBNBOBRQ-UHFFFAOYSA-N,248.32599999999994,2.2959000000000005,0,3,32.78,0.4142017099414876,-0.4102116042431133,4,2,0.5,1,2,2,0
3512,AORJEBJUUPLKIC-UHFFFAOYSA-N,553.6410000000003,3.1066200000000013,1,9,131.03,0.3417192149031604,-0.496767802908449,12,8,0.3333333333333333,3,4,3,0
3513,AORJEBJUUPLKIC-UHFFFAOYSA-N,588.0860000000004,3.7600200000000026,1,9,131.03,0.3417192149031604,-0.496767802908449,13,8,0.3333333333333333,3,4,3,0
3514,AORJEBJUUPLKIC-UHFFFAOYSA-N,571.6310000000003,3.245720000000002,1,9,131.03,0.3417192149031604,-0.496767802908449,13,8,0.3333333333333333,3,4,3,0
3515,AORJEBJUUPLKIC-UHFFFAOYSA-N,583.6670000000004,3.1152200000000017,1,10,140.26,0.3417192149031604,-0.496767802908449,13,9,0.35714285714285715,3,4,3,0
3516,AORJEBJUUPLKIC-UHFFFAOYSA-N,523.6150000000004,3.0980200000000018,1,8,121.8,0.34171921475707767,-0.4622858487173708,11,7,0.3076923076923077,3,4,3,0
3517,AORJEBJUUPLKIC-UHFFFAOYSA-N,558.0600000000004,3.751420000000003,1,8,121.8,0.34171921475707767,-0.4622858487173708,12,7,0.3076923076923077,3,4,3,0
3518,AORJEBJUUPLKIC-UHFFFAOYSA-N,541.6050000000004,3.2371200000000018,1,8,121.8,0.34171921475707767,-0.4622858487173708,12,7,0.3076923076923077,3,4,3,0
3519,AORJEBJUUPLKIC-UHFFFAOYSA-N,553.6410000000004,3.1066200000000013,1,9,131.03,0.34171921475707767,-0.4945326384290974,12,8,0.3333333333333333,3,4,3,0
3520,AORJEBJUUPLKIC-UHFFFAOYSA-N,583.6670000000003,3.1152200000000017,1,10,140.26,0.34171923441627855,-0.4928695425357506,13,9,0.35714285714285715,3,4,3,0
3521,AORJEBJUUPLKIC-UHFFFAOYSA-N,618.1120000000003,3.768620000000003,1,10,140.26,0.34171923441627855,-0.4928695425357506,14,9,0.35714285714285715,3,4,3,0
3522,AORJEBJUUPLKIC-UHFFFAOYSA-N,601.6570000000003,3.2543200000000025,1,10,140.26,0.34171923441627855,-0.4928695425357506,14,9,0.35714285714285715,3,4,3,0
3523,AORJEBJUUPLKIC-UHFFFAOYSA-N,613.6930000000003,3.123820000000002,1,11,149.48999999999998,0.34171923441627855,-0.4945326384290974,14,10,0.3793103448275862,3,4,3,0
3524,AORJEBJUUPLKIC-UHFFFAOYSA-N,511.6040000000003,2.7304200000000005,1,9,127.95,0.3417192149031604,-0.496767802908449,11,7,0.32,3,4,3,0
3525,AORJEBJUUPLKIC-UHFFFAOYSA-N,546.0490000000003,3.383820000000002,1,9,127.95,0.3417192149031604,-0.496767802908449,12,7,0.32,3,4,3,0
3526,AORJEBJUUPLKIC-UHFFFAOYSA-N,529.5940000000004,2.8695200000000005,1,9,127.95,0.3417192149031604,-0.496767802908449,12,7,0.32,3,4,3,0
3527,AORJEBJUUPLKIC-UHFFFAOYSA-N,541.6300000000003,2.739020000000001,1,10,137.18,0.3417192149031604,-0.496767802908449,12,8,0.34615384615384615,3,4,3,0
3528,AORJEBJUUPLKIC-UHFFFAOYSA-N,516.0230000000004,3.3752200000000023,1,8,118.72,0.34171921475707767,-0.4622858487173708,11,6,0.2916666666666667,3,4,3,0
3529,AORJEBJUUPLKIC-UHFFFAOYSA-N,511.6040000000003,2.7304200000000005,1,9,127.95,0.34171921475707767,-0.49455474701638824,11,7,0.32,3,4,3,0
3530,AORJEBJUUPLKIC-UHFFFAOYSA-N,541.6300000000003,2.739020000000001,1,10,137.18,0.34171923441627855,-0.4928695425357506,12,8,0.34615384615384615,3,4,3,0
3531,AORJEBJUUPLKIC-UHFFFAOYSA-N,576.0750000000003,3.392420000000002,1,10,137.18,0.34171923441627855,-0.4928695425357506,13,8,0.34615384615384615,3,4,3,0
3532,AORJEBJUUPLKIC-UHFFFAOYSA-N,559.6200000000003,2.878120000000001,1,10,137.18,0.34171923441627855,-0.4928695425357506,13,8,0.34615384615384615,3,4,3,0
3533,AORJEBJUUPLKIC-UHFFFAOYSA-N,571.6560000000003,2.7476200000000004,1,11,146.41,0.34171923441627855,-0.49455474701638824,13,9,0.37037037037037035,3,4,3,0
2183,BHZJIWUWHZIBMK-VMPREFPWSA-N,474.60400000000016,7.308600000000006,1,4,41.57,0.33775116416266177,-0.46251279393509365,4,7,0.15625,4,5,2,0
2184,BHZJIWUWHZIBMK-VMPREFPWSA-N,460.5770000000001,6.918500000000006,1,4,41.57,0.3374854584413386,-0.4655389925749207,4,6,0.12903225806451613,4,5,2,0
2185,BHZJIWUWHZIBMK-VMPREFPWSA-N,488.6310000000002,7.535340000000007,1,4,41.57,0.3374854584520652,-0.465538992574907,4,6,0.18181818181818182,4,5,2,0
2186,BHZJIWUWHZIBMK-VMPREFPWSA-N,502.65800000000024,7.925440000000008,1,4,41.57,0.3377511641733884,-0.46251279393507994,4,7,0.20588235294117646,4,5,2,0
2187,BHZJIWUWHZIBMK-VMPREFPWSA-N,516.6850000000003,8.152180000000007,1,4,41.57,0.3374854584520975,-0.46553899257490694,4,6,0.22857142857142856,4,5,2,0
2188,BHZJIWUWHZIBMK-VMPREFPWSA-N,646.4230000000001,9.06034,1,4,41.57,0.33748545845219047,-0.46553899257490694,6,6,0.18181818181818182,4,5,2,0
2189,BHZJIWUWHZIBMK-VMPREFPWSA-N,557.5210000000002,8.842140000000002,1,4,41.57,0.33748545845223127,-0.46553899257490694,6,6,0.18181818181818182,4,5,2,0
2190,BHZJIWUWHZIBMK-VMPREFPWSA-N,548.6830000000002,7.552540000000008,1,6,60.03,0.3374854584525084,-0.4967658898220204,6,8,0.22857142857142856,4,5,2,0
2191,BHZJIWUWHZIBMK-VMPREFPWSA-N,562.7100000000003,7.942640000000008,1,6,60.03,0.3377511641738316,-0.4967658898220204,6,9,0.25,4,5,2,0
2192,BHZJIWUWHZIBMK-VMPREFPWSA-N,534.6560000000003,7.325800000000007,1,6,60.03,0.33775116416310497,-0.4967658898220204,6,9,0.20588235294117646,4,5,2,0
2193,BHZJIWUWHZIBMK-VMPREFPWSA-N,543.4940000000003,8.615400000000003,1,4,41.57,0.3377511641628279,-0.46251279393509354,6,7,0.15625,4,5,2,0
2194,BHZJIWUWHZIBMK-VMPREFPWSA-N,502.6580000000002,7.925440000000007,1,4,41.57,0.33775116416269413,-0.46251279393509365,4,7,0.20588235294117646,4,5,2,0
2195,BHZJIWUWHZIBMK-VMPREFPWSA-N,579.4740000000002,8.8936,1,4,41.57,0.33775116421812135,-0.462512793935023,8,7,0.15625,4,5,2,0
2196,BHZJIWUWHZIBMK-VMPREFPWSA-N,510.5840000000002,7.586800000000006,1,4,41.57,0.3377511642726796,-0.46251279393495287,6,7,0.15625,4,5,2,0
2197,BHZJIWUWHZIBMK-VMPREFPWSA-N,532.5370000000001,7.474900000000005,1,4,41.57,0.33748545855168766,-0.4655389925747798,8,6,0.12903225806451613,4,5,2,0
2198,BHZJIWUWHZIBMK-VMPREFPWSA-N,565.4470000000002,8.503500000000003,1,4,41.57,0.3374854585515221,-0.46553899257477993,8,6,0.12903225806451613,4,5,2,0
2199,BHZJIWUWHZIBMK-VMPREFPWSA-N,502.65800000000013,8.087200000000008,1,4,41.57,0.33828469362830366,-0.4564916134625842,4,6,0.20588235294117646,4,5,2,0
2200,BHZJIWUWHZIBMK-VMPREFPWSA-N,529.4670000000001,8.225300000000004,1,4,41.57,0.33748545849646616,-0.46553899257485026,6,6,0.12903225806451613,4,5,2,0
2201,BHZJIWUWHZIBMK-VMPREFPWSA-N,571.5480000000002,9.232239999999997,1,4,41.57,0.337751164217822,-0.46251279393502315,6,7,0.20588235294117646,4,5,2,0
2202,BHZJIWUWHZIBMK-VMPREFPWSA-N,687.259,9.750299999999992,1,4,41.57,0.33748545849659156,-0.4655389925748502,8,6,0.12903225806451613,4,5,2,0
2203,BHZJIWUWHZIBMK-VMPREFPWSA-N,678.4210000000002,8.460700000000003,1,6,60.03,0.3374854585882485,-0.4967681969926743,8,8,0.18181818181818182,4,5,2,0
2204,BHZJIWUWHZIBMK-VMPREFPWSA-N,603.5460000000003,8.632600000000002,1,6,60.03,0.337751164309613,-0.4967681969926743,8,9,0.20588235294117646,4,5,2,0
2075,BUZJPSLSVFRWOJ-UHFFFAOYSA-N,392.9710000000003,5.186000000000005,1,4,55.56,0.16616232751003804,-0.4959186443259287,5,7,0.6818181818181818,1,3,2,0
2083,BUZJPSLSVFRWOJ-UHFFFAOYSA-N,406.9980000000003,5.432000000000006,1,4,55.56,0.16616232751003804,-0.4959186443259287,5,7,0.6956521739130435,1,3,2,0
4404,BUZJPSLSVFRWOJ-UHFFFAOYSA-N,358.52600000000024,4.532600000000004,1,4,55.56,0.16610853417657556,-0.49592052449309265,4,7,0.6818181818181818,1,3,2,0
4405,BUZJPSLSVFRWOJ-UHFFFAOYSA-N,376.5160000000003,4.671700000000005,1,4,55.56,0.1662151611562573,-0.49591678273459544,5,7,0.6818181818181818,1,3,2,0
4406,BUZJPSLSVFRWOJ-UHFFFAOYSA-N,406.9980000000004,5.432000000000006,1,4,55.56,0.16895255648732946,-0.49591844036193916,5,7,0.6956521739130435,1,3,2,0
4407,BUZJPSLSVFRWOJ-UHFFFAOYSA-N,437.4220000000004,5.295100000000006,1,4,55.56,0.16614920224703983,-0.4959191045633259,5,7,0.6818181818181818,1,3,2,0
4408,BUZJPSLSVFRWOJ-UHFFFAOYSA-N,484.4220000000006,5.137200000000005,1,4,55.56,0.16614664791789407,-0.495919194143878,5,7,0.6818181818181818,1,3,2,0
4412,BUZJPSLSVFRWOJ-UHFFFAOYSA-N,378.9440000000002,4.883000000000005,2,4,66.56,0.16615423991650716,-0.5071159532875167,5,6,0.6666666666666666,1,3,2,0
4413,BUZJPSLSVFRWOJ-UHFFFAOYSA-N,406.99800000000033,5.576100000000006,1,4,55.56,0.16616262503397788,-0.493040150374597,5,8,0.6956521739130435,1,3,2,0
4414,BUZJPSLSVFRWOJ-UHFFFAOYSA-N,424.9880000000003,5.525700000000006,1,4,55.56,0.16616264843227158,-0.4900238232289277,6,9,0.6956521739130435,1,3,2,0
4446,BUZJPSLSVFRWOJ-UHFFFAOYSA-N,372.5530000000003,4.922700000000005,1,4,55.56,0.16610883158274278,-0.49304203074321246,4,8,0.6956521739130435,1,3,2,0
4447,BUZJPSLSVFRWOJ-UHFFFAOYSA-N,390.54300000000023,4.872300000000005,1,4,55.56,0.1661088549705538,-0.4900257036524218,5,9,0.6956521739130435,1,3,2,0
4448,BUZJPSLSVFRWOJ-UHFFFAOYSA-N,328.5000000000001,4.5240000000000045,1,3,46.330000000000005,0.16238539045735106,-0.39872823465894097,3,6,0.6666666666666666,1,3,2,0
4449,BUZJPSLSVFRWOJ-UHFFFAOYSA-N,343.5110000000002,4.950400000000005,0,3,29.54,0.16610584911661508,-0.49600123656980344,3,7,0.6818181818181818,1,3,1,0
4450,BUZJPSLSVFRWOJ-UHFFFAOYSA-N,362.94500000000016,5.177400000000006,1,3,46.330000000000005,0.16243852726584876,-0.3975223553493532,4,6,0.6666666666666666,1,3,2,0
4451,BUZJPSLSVFRWOJ-UHFFFAOYSA-N,455.4120000000001,5.434200000000005,1,4,55.56,0.16625842259272672,-0.4947230812685627,6,7,0.6818181818181818,1,3,2,0
4452,BUZJPSLSVFRWOJ-UHFFFAOYSA-N,502.4120000000001,5.276300000000005,1,4,55.56,0.1662557058017235,-0.49479729092327296,6,7,0.6818181818181818,1,3,2,0
4453,BUZJPSLSVFRWOJ-UHFFFAOYSA-N,435.0080000000004,5.562200000000006,1,4,58.64,0.22078952405597074,-0.4959182960159049,6,8,0.6666666666666666,1,3,2,0
4454,BUZJPSLSVFRWOJ-UHFFFAOYSA-N,420.9810000000002,5.259200000000005,2,4,69.64,0.22078952336410262,-0.5071156051317809,6,7,0.6521739130434783,1,3,2,0
4455,BUZJPSLSVFRWOJ-UHFFFAOYSA-N,395.98930533400033,5.186000000000004,1,4,55.56,0.16616232751003804,-0.4959186443259287,5,7,0.6818181818181818,1,3,2,0
3265,KXOAWIQKVPBDOS-UHFFFAOYSA-N,599.6500000000002,7.502900000000007,1,6,63.69,0.41632718848404576,-0.49676781042059315,11,8,0.2903225806451613,4,5,2,0
3266,KXOAWIQKVPBDOS-UHFFFAOYSA-N,538.6730000000003,6.2166800000000055,1,7,87.48,0.22886338485074395,-0.49676781042059315,8,8,0.25806451612903225,4,5,3,0
3267,KXOAWIQKVPBDOS-UHFFFAOYSA-N,566.0980000000003,7.137500000000007,1,6,63.69,0.22886338485100205,-0.49676781042059315,9,8,0.26666666666666666,4,5,2,0
3268,KXOAWIQKVPBDOS-UHFFFAOYSA-N,531.6530000000002,6.484100000000007,1,6,63.69,0.22886338485064406,-0.49676781042059315,8,8,0.26666666666666666,4,5,2,0
3269,KXOAWIQKVPBDOS-UHFFFAOYSA-N,549.6430000000003,6.623200000000007,1,6,63.69,0.22886338485064447,-0.49676781042059315,9,8,0.26666666666666666,4,5,2,0
3270,KXOAWIQKVPBDOS-UHFFFAOYSA-N,531.6530000000002,6.484100000000007,1,6,63.69,0.22886338485064428,-0.49676781042059315,8,8,0.26666666666666666,4,5,2,0
3271,KXOAWIQKVPBDOS-UHFFFAOYSA-N,581.6600000000002,7.363800000000007,1,6,63.69,0.41622339276154763,-0.49676781042059315,10,8,0.2903225806451613,4,5,2,0
3272,KXOAWIQKVPBDOS-UHFFFAOYSA-N,527.6900000000003,6.653420000000008,1,6,63.69,0.22886338485066732,-0.49676781042059315,7,8,0.2903225806451613,4,5,2,0
3273,KXOAWIQKVPBDOS-UHFFFAOYSA-N,606.4970000000003,8.533200000000003,1,5,54.46000000000001,0.5725963006273208,-0.4057996810079171,11,7,0.2413793103448276,4,5,2,0
3274,KXOAWIQKVPBDOS-UHFFFAOYSA-N,547.511,7.506280000000006,1,5,69.02000000000001,0.22886338485074362,-0.30170166194059456,8,6,0.20689655172413793,4,5,3,0
3275,KXOAWIQKVPBDOS-UHFFFAOYSA-N,574.9360000000001,8.427100000000003,1,4,45.230000000000004,0.22886338485076302,-0.30170166194059456,9,6,0.21428571428571427,4,5,2,0
3276,KXOAWIQKVPBDOS-UHFFFAOYSA-N,558.4810000000001,7.912800000000006,1,4,45.230000000000004,0.22886338485064428,-0.3017016619405946,9,6,0.21428571428571427,4,5,2,0
3277,KXOAWIQKVPBDOS-UHFFFAOYSA-N,540.4910000000001,7.773700000000006,1,4,45.230000000000004,0.22886338485064406,-0.3017016619405946,8,6,0.21428571428571427,4,5,2,0
3278,KXOAWIQKVPBDOS-UHFFFAOYSA-N,590.4980000000003,8.653400000000001,1,4,45.230000000000004,0.41622339276154763,-0.3017016619405946,10,6,0.2413793103448276,4,5,2,0
3279,KXOAWIQKVPBDOS-UHFFFAOYSA-N,536.528,7.943020000000007,1,4,45.230000000000004,0.228863384850667,-0.3017016619405946,7,6,0.2413793103448276,4,5,2,0
3280,KXOAWIQKVPBDOS-UHFFFAOYSA-N,526.6620000000003,6.852840000000007,1,6,88.37,0.26894348137721497,-0.30170166194071313,8,7,0.26666666666666666,4,5,3,0
3281,KXOAWIQKVPBDOS-UHFFFAOYSA-N,506.67500000000024,6.816320000000007,1,5,69.02000000000001,0.22886338485064378,-0.30170166194071313,6,6,0.25806451612903225,4,5,3,0
3282,KXOAWIQKVPBDOS-UHFFFAOYSA-N,534.1000000000003,7.737140000000007,1,4,45.230000000000004,0.22886338485100177,-0.30170166194071285,7,6,0.26666666666666666,4,5,2,0
3283,KXOAWIQKVPBDOS-UHFFFAOYSA-N,517.6450000000002,7.222840000000007,1,4,45.230000000000004,0.22886338485064422,-0.30170166194071313,7,6,0.26666666666666666,4,5,2,0
3284,KXOAWIQKVPBDOS-UHFFFAOYSA-N,549.6620000000003,7.9634400000000065,1,4,45.230000000000004,0.41622339276154763,-0.30170166194071313,8,6,0.2903225806451613,4,5,2,0
3606,PQBJBBLQXFSAOH-UHFFFAOYSA-N,238.30999999999997,3.014400000000001,0,1,12.24,0.20468002480169978,-0.4958863969504543,2,2,0.1875,2,3,1,1
3607,PQBJBBLQXFSAOH-UHFFFAOYSA-N,256.29999999999995,3.153500000000002,0,1,12.24,0.24078072421742797,-0.4958863968903791,3,2,0.1875,2,3,1,1
3608,PQBJBBLQXFSAOH-UHFFFAOYSA-N,256.29999999999995,3.153500000000001,0,1,12.24,0.20489044314065863,-0.49588639695045406,3,2,0.1875,2,3,1,1
3609,PQBJBBLQXFSAOH-UHFFFAOYSA-N,272.75500000000005,3.6678000000000024,0,1,12.24,0.20478617277298974,-0.4958863969504542,3,2,0.1875,2,3,1,1
3610,PQBJBBLQXFSAOH-UHFFFAOYSA-N,317.2060000000001,3.776900000000003,0,1,12.24,0.2190385688842127,-0.4958863969277296,3,2,0.1875,2,3,1,1
3611,PQBJBBLQXFSAOH-UHFFFAOYSA-N,317.2060000000001,3.776900000000003,0,1,12.24,0.2047602717196567,-0.4958863969504542,3,2,0.1875,2,3,1,1
3612,PQBJBBLQXFSAOH-UHFFFAOYSA-N,364.2060000000001,3.6190000000000024,0,1,12.24,0.2181686087824416,-0.49588639692916736,3,2,0.1875,2,3,1,1
3613,PQBJBBLQXFSAOH-UHFFFAOYSA-N,364.2060000000001,3.6190000000000024,0,1,12.24,0.2047552310889474,-0.4958863969504542,3,2,0.1875,2,3,1,1
3614,PQBJBBLQXFSAOH-UHFFFAOYSA-N,306.307,4.0332000000000034,0,1,12.24,0.41591788519869877,-0.4958863969504543,5,2,0.23529411764705882,2,3,1,1
3615,PQBJBBLQXFSAOH-UHFFFAOYSA-N,263.32,2.8860800000000015,0,2,36.03,0.2060177945452185,-0.4958863969504083,3,2,0.17647058823529413,2,3,2,1
3616,PQBJBBLQXFSAOH-UHFFFAOYSA-N,252.33699999999996,3.322820000000002,0,1,12.24,0.20761754647561273,-0.4958863969445945,2,2,0.23529411764705882,2,3,1,1
3617,PQBJBBLQXFSAOH-UHFFFAOYSA-N,252.33699999999996,3.322820000000002,0,1,12.24,0.20494824834569483,-0.49588639695044356,2,2,0.23529411764705882,2,3,1,1
3618,PQBJBBLQXFSAOH-UHFFFAOYSA-N,252.33699999999996,3.322820000000002,0,1,12.24,0.2046999209321767,-0.4958863969504543,2,2,0.23529411764705882,2,3,1,1
3619,PQBJBBLQXFSAOH-UHFFFAOYSA-N,268.33599999999996,3.0230000000000015,0,2,21.47,0.2084239112811204,-0.4965059873949519,3,3,0.23529411764705882,2,3,1,1
3620,PQBJBBLQXFSAOH-UHFFFAOYSA-N,268.33599999999996,3.0230000000000015,0,2,21.47,0.2049545281025641,-0.4967597988570514,3,3,0.23529411764705882,2,3,1,1
3621,PQBJBBLQXFSAOH-UHFFFAOYSA-N,274.29,3.292600000000002,0,1,12.24,0.2768203785217835,-0.4958863968298783,4,2,0.1875,2,3,1,1
3622,PQBJBBLQXFSAOH-UHFFFAOYSA-N,307.20000000000005,4.321200000000003,0,1,12.24,0.22361745100649724,-0.49588639692034375,4,2,0.1875,2,3,1,1
3623,PQBJBBLQXFSAOH-UHFFFAOYSA-N,396.1020000000001,4.539400000000003,0,1,12.24,0.21911989630393996,-0.49588639692772946,4,2,0.1875,2,3,1,1
3624,PQBJBBLQXFSAOH-UHFFFAOYSA-N,335.1960000000001,3.916000000000003,0,1,12.24,0.24086356407723214,-0.4958863968903791,4,2,0.1875,2,3,1,1
3625,PQBJBBLQXFSAOH-UHFFFAOYSA-N,382.1960000000001,3.7581000000000024,0,1,12.24,0.2408583607276582,-0.4958863968903791,4,2,0.1875,2,3,1,1
3425,LUVYNKKPQOBDEC-UHFFFAOYSA-N,412.46500000000026,4.666700000000004,0,4,40.8,0.23080098116659084,-0.492840124495677,5,4,0.19230769230769232,4,6,0,1
3426,LUVYNKKPQOBDEC-UHFFFAOYSA-N,426.4920000000003,4.975120000000005,0,4,40.8,0.23080098116659084,-0.4928401244956612,5,4,0.2222222222222222,4,6,0,1
3427,LUVYNKKPQOBDEC-UHFFFAOYSA-N,454.54600000000033,5.790100000000006,0,4,40.8,0.23080098116659084,-0.49284012449567693,5,5,0.27586206896551724,4,6,0,1
3428,LUVYNKKPQOBDEC-UHFFFAOYSA-N,440.5190000000003,5.283540000000005,0,4,40.8,0.23080098116659084,-0.49284012449564535,5,4,0.25,4,6,0,1
3429,LUVYNKKPQOBDEC-UHFFFAOYSA-N,491.3610000000003,5.429200000000005,0,4,40.8,0.23080098116659084,-0.49284012449567693,6,4,0.19230769230769232,4,6,0,1
3430,LUVYNKKPQOBDEC-UHFFFAOYSA-N,491.3610000000003,5.429200000000004,0,4,40.8,0.23080098116659084,-0.4928401244956157,6,4,0.19230769230769232,4,6,0,1
3431,LUVYNKKPQOBDEC-UHFFFAOYSA-N,491.3610000000003,5.429200000000004,0,4,40.8,0.23080098116659084,-0.4928401244616865,6,4,0.19230769230769232,4,6,0,1
3432,LUVYNKKPQOBDEC-UHFFFAOYSA-N,457.46200000000033,4.574900000000004,0,6,83.94000000000001,0.2689461511250285,-0.4928401244956763,8,5,0.19230769230769232,4,6,1,1
3433,LUVYNKKPQOBDEC-UHFFFAOYSA-N,458.5590000000003,5.388600000000005,0,5,40.8,0.23080098116659084,-0.49284012449567693,6,5,0.2222222222222222,4,6,0,1
3434,LUVYNKKPQOBDEC-UHFFFAOYSA-N,457.46200000000033,4.574900000000004,0,6,83.94000000000001,0.2693274336172764,-0.49284012449527503,8,5,0.19230769230769232,4,6,1,1
3435,LUVYNKKPQOBDEC-UHFFFAOYSA-N,446.9100000000003,5.3201000000000045,0,4,40.8,0.23080098116659084,-0.4928401244955958,6,4,0.19230769230769232,4,6,0,1
3436,LUVYNKKPQOBDEC-UHFFFAOYSA-N,446.9100000000003,5.3201000000000045,0,4,40.8,0.23080098116659084,-0.4928401244956769,6,4,0.19230769230769232,4,6,0,1
3437,LUVYNKKPQOBDEC-UHFFFAOYSA-N,481.35500000000036,5.973500000000004,0,4,40.8,0.23080098116659084,-0.4928401244955956,7,4,0.19230769230769232,4,6,0,1
3438,LUVYNKKPQOBDEC-UHFFFAOYSA-N,470.5010000000003,4.453300000000003,0,6,67.10000000000001,0.3373418012596229,-0.49284012449567693,7,5,0.21428571428571427,4,6,0,1
3439,LUVYNKKPQOBDEC-UHFFFAOYSA-N,437.47500000000025,4.5383800000000045,0,5,64.59,0.23080098116659084,-0.4928401244956769,6,4,0.18518518518518517,4,6,1,1
3440,LUVYNKKPQOBDEC-UHFFFAOYSA-N,442.49100000000027,4.6753000000000045,0,5,50.03,0.23080098116659084,-0.49675568761393046,6,5,0.2222222222222222,4,6,0,1
3441,LUVYNKKPQOBDEC-UHFFFAOYSA-N,480.4620000000003,5.685500000000004,0,4,40.8,0.4159098711345596,-0.49284012449567693,8,4,0.2222222222222222,4,6,0,1
3442,LUVYNKKPQOBDEC-UHFFFAOYSA-N,442.4910000000003,4.6753000000000045,0,5,50.03,0.23080098116659084,-0.49676818326913347,6,5,0.2222222222222222,4,6,0,1
3444,LUVYNKKPQOBDEC-UHFFFAOYSA-N,426.4920000000003,5.227700000000005,0,4,40.8,0.23080098116659084,-0.4928398084238894,5,4,0.2222222222222222,4,6,0,1
120,NCTLDXMBTJBAHY-UHFFFAOYSA-N,379.50000000000017,4.361100000000004,0,4,38.77,0.16620209627378937,-0.49285879087511075,4,6,0.4583333333333333,2,4,1,0
2499,NCTLDXMBTJBAHY-UHFFFAOYSA-N,393.5270000000002,4.669520000000005,0,4,38.77,0.16620209627378937,-0.49285879087511075,4,6,0.48,2,4,1,0
2500,NCTLDXMBTJBAHY-UHFFFAOYSA-N,393.5270000000002,4.669520000000005,0,4,38.77,0.16620209627378937,-0.49285879087511075,4,6,0.48,2,4,1,0
2501,NCTLDXMBTJBAHY-UHFFFAOYSA-N,393.5270000000002,4.669520000000005,0,4,38.77,0.16620209627378937,-0.49285879087511075,4,6,0.48,2,4,1,0
2502,NCTLDXMBTJBAHY-UHFFFAOYSA-N,397.4900000000002,4.500200000000004,0,4,38.77,0.16620209627378937,-0.49285879087511075,5,6,0.4583333333333333,2,4,1,0
2503,NCTLDXMBTJBAHY-UHFFFAOYSA-N,397.4900000000002,4.500200000000004,0,4,38.77,0.16620209627378937,-0.49285879087511075,5,6,0.4583333333333333,2,4,1,0
2504,NCTLDXMBTJBAHY-UHFFFAOYSA-N,397.4900000000002,4.500200000000004,0,4,38.77,0.16620209627378937,-0.49285879087511075,5,6,0.4583333333333333,2,4,1,0
2505,NCTLDXMBTJBAHY-UHFFFAOYSA-N,413.94500000000016,5.014500000000005,0,4,38.77,0.16620209627378937,-0.49285879087511075,5,6,0.4583333333333333,2,4,1,0
2506,NCTLDXMBTJBAHY-UHFFFAOYSA-N,413.94500000000016,5.014500000000005,0,4,38.77,0.16620209627378937,-0.49285879087511075,5,6,0.4583333333333333,2,4,1,0
2507,NCTLDXMBTJBAHY-UHFFFAOYSA-N,413.94500000000016,5.014500000000004,0,4,38.77,0.16620209627378937,-0.49285879087511075,5,6,0.4583333333333333,2,4,1,0
2508,NCTLDXMBTJBAHY-UHFFFAOYSA-N,447.4970000000002,5.3799000000000055,0,4,38.77,0.41622339276152204,-0.49285879087511075,7,6,0.48,2,4,1,0
2509,NCTLDXMBTJBAHY-UHFFFAOYSA-N,447.4970000000002,5.3799000000000055,0,4,38.77,0.41592031428925985,-0.49285879087511075,7,6,0.48,2,4,1,0
2510,NCTLDXMBTJBAHY-UHFFFAOYSA-N,447.4970000000002,5.3799000000000055,0,4,38.77,0.41590985007406245,-0.49285879087511075,7,6,0.48,2,4,1,0
2511,NCTLDXMBTJBAHY-UHFFFAOYSA-N,424.49700000000024,4.269300000000004,0,6,81.91,0.27338713627449607,-0.49285879087511075,7,7,0.4583333333333333,2,4,2,0
2512,NCTLDXMBTJBAHY-UHFFFAOYSA-N,424.49700000000024,4.269300000000004,0,6,81.91,0.2692476524712405,-0.49285879087511075,7,7,0.4583333333333333,2,4,2,0
2513,NCTLDXMBTJBAHY-UHFFFAOYSA-N,424.49700000000024,4.269300000000004,0,6,81.91,0.26894348137721497,-0.49285879087511075,7,7,0.4583333333333333,2,4,2,0
4440,NCTLDXMBTJBAHY-UHFFFAOYSA-N,365.4730000000001,4.058100000000003,1,4,49.77,0.16620197086357616,-0.5042385572171937,4,5,0.43478260869565216,2,4,1,0
4441,NCTLDXMBTJBAHY-UHFFFAOYSA-N,365.47300000000007,4.058100000000003,1,4,49.77,0.16620209430103308,-0.5042474897137973,4,5,0.43478260869565216,2,4,1,0
4442,NCTLDXMBTJBAHY-UHFFFAOYSA-N,351.446,3.755100000000003,2,4,60.77,0.16620196889019961,-0.5042527783614627,4,4,0.4090909090909091,2,4,1,0
2656,PEBCGJVBTZAJDW-UHFFFAOYSA-N,451.9300000000002,3.3896000000000015,1,4,82.5,0.25454578096635716,-0.492858790868862,7,7,0.24,3,4,1,1
2659,PEBCGJVBTZAJDW-UHFFFAOYSA-N,431.5120000000002,3.044620000000001,1,4,82.5,0.2545457809735405,-0.492858790868862,6,7,0.2692307692307692,3,4,1,1
2660,PEBCGJVBTZAJDW-UHFFFAOYSA-N,446.5230000000003,3.732320000000003,0,5,65.71000000000001,0.34374646301970513,-0.492858790868862,6,7,0.2962962962962963,3,4,0,1
2661,PEBCGJVBTZAJDW-UHFFFAOYSA-N,432.4960000000003,3.4239000000000024,0,5,65.71000000000001,0.34374646301240386,-0.492858790868862,6,7,0.2692307692307692,3,4,0,1
2662,PEBCGJVBTZAJDW-UHFFFAOYSA-N,404.91700000000014,4.784520000000005,0,2,38.019999999999996,0.17973725899449128,-0.294253253815165,4,5,0.24,3,4,0,1
2663,PEBCGJVBTZAJDW-UHFFFAOYSA-N,384.4990000000002,4.4395400000000045,0,2,38.019999999999996,0.17973725899449122,-0.294253253815165,3,5,0.2692307692307692,3,4,0,1
2664,PEBCGJVBTZAJDW-UHFFFAOYSA-N,398.52600000000024,4.747960000000004,0,2,38.019999999999996,0.17973725899449128,-0.294253253815165,3,5,0.2962962962962963,3,4,0,1
2665,PEBCGJVBTZAJDW-UHFFFAOYSA-N,400.49800000000016,4.139720000000004,0,3,47.25,0.17973725899449133,-0.49675717804975666,4,6,0.2692307692307692,3,4,0,1
2667,PEBCGJVBTZAJDW-UHFFFAOYSA-N,450.9420000000002,4.493300000000004,0,4,56.480000000000004,0.179737052719639,-0.492858790868862,6,7,0.2692307692307692,3,4,0,1
2668,PEBCGJVBTZAJDW-UHFFFAOYSA-N,450.9420000000002,4.493300000000004,0,4,56.480000000000004,0.17973816589927558,-0.492858790868862,6,7,0.2692307692307692,3,4,0,1
2669,PEBCGJVBTZAJDW-UHFFFAOYSA-N,430.5240000000002,4.148320000000004,0,4,56.480000000000004,0.1797370456859141,-0.492858790868862,5,7,0.2962962962962963,3,4,0,1
2670,PEBCGJVBTZAJDW-UHFFFAOYSA-N,430.5240000000002,4.148320000000004,0,4,56.480000000000004,0.17973725899449144,-0.492858790868862,5,7,0.2962962962962963,3,4,0,1
2671,PEBCGJVBTZAJDW-UHFFFAOYSA-N,416.4970000000002,3.8399000000000028,0,4,56.480000000000004,0.17973704399699145,-0.492858790868862,5,7,0.2692307692307692,3,4,0,1
2672,PEBCGJVBTZAJDW-UHFFFAOYSA-N,399.47000000000014,3.508980000000003,0,4,63.2,0.1867732332847667,-0.492858790868862,5,6,0.24,3,4,1,1
2673,PEBCGJVBTZAJDW-UHFFFAOYSA-N,374.4600000000001,3.6373000000000024,0,3,39.410000000000004,0.17329773079894076,-0.492858790868862,4,6,0.25,3,4,0,1
2800,PEBCGJVBTZAJDW-UHFFFAOYSA-N,406.88900000000024,4.181700000000004,1,3,58.25,0.1797370527196389,-0.507955601715592,5,5,0.20833333333333334,3,4,0,1
2801,PEBCGJVBTZAJDW-UHFFFAOYSA-N,436.91500000000013,4.190300000000003,1,4,67.48,0.179737052719639,-0.5042385572130019,6,6,0.24,3,4,0,1
2802,PEBCGJVBTZAJDW-UHFFFAOYSA-N,468.49500000000023,5.072220000000005,0,3,47.25,0.42206638062503565,-0.4841208775502078,7,7,0.2962962962962963,3,4,0,1
2804,PEBCGJVBTZAJDW-UHFFFAOYSA-N,453.3560000000001,4.399800000000004,0,3,39.410000000000004,0.18315957590269302,-0.492858790868862,5,6,0.25,3,4,0,1
4211,RRFFUSGBGWODEN-UHFFFAOYSA-N,427.4200000000002,3.5192000000000014,1,6,120.02000000000001,0.3645770691635473,-0.32447102687958207,9,6,0.043478260869565216,4,4,2,0
4212,RRFFUSGBGWODEN-UHFFFAOYSA-N,461.86500000000024,4.172600000000003,1,6,120.02000000000001,0.36457706918450383,-0.32313033595358853,10,6,0.043478260869565216,4,4,2,0
4213,RRFFUSGBGWODEN-UHFFFAOYSA-N,540.2150000000001,5.136000000000003,1,4,76.88,0.3645770691636191,-0.32439823105952553,8,5,0.043478260869565216,4,4,1,0
4214,RRFFUSGBGWODEN-UHFFFAOYSA-N,407.4330000000001,3.482680000000002,1,5,100.67000000000002,0.36457706918115806,-0.3232743433584625,7,5,0.041666666666666664,4,4,2,0
4215,RRFFUSGBGWODEN-UHFFFAOYSA-N,416.86800000000017,4.264400000000003,1,4,76.88,0.36457706916354693,-0.3244778312067002,7,5,0.043478260869565216,4,4,1,0
4216,RRFFUSGBGWODEN-UHFFFAOYSA-N,461.31900000000013,4.373500000000003,1,4,76.88,0.36457706916354693,-0.3244782603814016,7,5,0.043478260869565216,4,4,1,0
4217,RRFFUSGBGWODEN-UHFFFAOYSA-N,416.86800000000017,4.264400000000003,1,4,76.88,0.3645770691635948,-0.3244257856698805,7,5,0.043478260869565216,4,4,1,0
4218,RRFFUSGBGWODEN-UHFFFAOYSA-N,400.4130000000001,3.7501000000000015,1,4,76.88,0.3645770691635471,-0.32447609513973685,7,5,0.043478260869565216,4,4,1,0
4219,RRFFUSGBGWODEN-UHFFFAOYSA-N,398.42200000000014,3.316600000000001,2,5,97.11,0.3645770691635471,-0.5079643157924238,7,5,0.043478260869565216,4,4,1,0
4220,RRFFUSGBGWODEN-UHFFFAOYSA-N,398.42200000000014,3.3166000000000015,2,5,97.11,0.36457706921916305,-0.5057740478391889,7,5,0.043478260869565216,4,4,1,0
4221,RRFFUSGBGWODEN-UHFFFAOYSA-N,472.50100000000026,3.6368000000000027,1,7,104.57,0.3645770691638025,-0.49263353750422934,9,8,0.15384615384615385,4,4,1,0
4222,RRFFUSGBGWODEN-UHFFFAOYSA-N,442.4750000000002,3.6282000000000023,1,6,95.33999999999999,0.3645770691638023,-0.49654391141507775,8,7,0.12,4,4,1,0
4223,RRFFUSGBGWODEN-UHFFFAOYSA-N,427.4200000000002,3.5192000000000014,1,6,120.02000000000001,0.3645770691637837,-0.32422149039841625,9,6,0.043478260869565216,4,4,2,0
4224,RRFFUSGBGWODEN-UHFFFAOYSA-N,416.86800000000017,4.264400000000003,1,4,76.88,0.36457706918450355,-0.3231374704630003,7,5,0.043478260869565216,4,4,1,0
4225,RRFFUSGBGWODEN-UHFFFAOYSA-N,427.4200000000002,3.5192000000000014,1,6,120.02000000000001,0.3645770692666047,-0.3187442752643777,9,6,0.043478260869565216,4,4,2,0
4226,RRFFUSGBGWODEN-UHFFFAOYSA-N,407.4330000000001,3.482680000000002,1,5,100.67000000000002,0.36457706916358706,-0.3244332887377135,7,5,0.041666666666666664,4,4,2,0
4227,RRFFUSGBGWODEN-UHFFFAOYSA-N,396.4500000000001,3.9194200000000032,1,4,76.88,0.3645770691676438,-0.3242319662484277,6,5,0.08333333333333333,4,4,1,0
4228,RRFFUSGBGWODEN-UHFFFAOYSA-N,418.40300000000013,3.8892000000000024,1,4,76.88,0.36457706920526517,-0.32196182886302976,8,5,0.043478260869565216,4,4,1,0
115,ULLJVPKUDFDJKB-UHFFFAOYSA-N,309.369,3.3001000000000014,3,4,62.39,0.41658728847409676,-0.41009330752963774,5,2,0.2777777777777778,2,4,3,0
117,ULLJVPKUDFDJKB-UHFFFAOYSA-N,323.3960000000001,3.3244000000000016,2,4,53.6,0.4165872884805685,-0.4100933056308224,5,2,0.3157894736842105,2,4,3,0
128,ULLJVPKUDFDJKB-UHFFFAOYSA-N,309.369,3.3001000000000014,3,4,62.39,0.41658728847409676,-0.41009330752963774,5,2,0.2777777777777778,2,4,3,0
231,ULLJVPKUDFDJKB-UHFFFAOYSA-N,371.8680000000001,4.320000000000003,1,4,44.81,0.41658730096143737,-0.4100933055927625,6,2,0.35,2,4,3,0
232,ULLJVPKUDFDJKB-UHFFFAOYSA-N,337.42300000000006,3.6666000000000025,1,4,44.81,0.41658728848057563,-0.4100933056264882,5,2,0.35,2,4,3,0
236,ULLJVPKUDFDJKB-UHFFFAOYSA-N,367.4490000000001,3.675200000000002,1,5,54.040000000000006,0.4165873215850885,-0.49676588826734286,6,3,0.38095238095238093,2,4,3,0
254,ULLJVPKUDFDJKB-UHFFFAOYSA-N,323.396,3.6423000000000014,2,4,53.6,0.4165872884741039,-0.41009330752530654,5,2,0.3157894736842105,2,4,3,0
273,ULLJVPKUDFDJKB-UHFFFAOYSA-N,337.42300000000006,3.6666000000000025,1,4,44.81,0.41658728848057563,-0.4100933056264882,5,2,0.35,2,4,3,0
275,ULLJVPKUDFDJKB-UHFFFAOYSA-N,351.40600000000006,3.193200000000002,1,4,61.88,0.4165872884921271,-0.4100933021850439,6,3,0.3,2,4,3,0
285,ULLJVPKUDFDJKB-UHFFFAOYSA-N,323.396,3.6423000000000014,2,4,53.6,0.4165872884741039,-0.41009330752530654,5,2,0.3157894736842105,2,4,3,0
431,ULLJVPKUDFDJKB-UHFFFAOYSA-N,365.4770000000001,4.4478000000000035,2,4,53.6,0.4165872909167068,-0.41009330562423457,5,3,0.4090909090909091,2,4,3,0
432,ULLJVPKUDFDJKB-UHFFFAOYSA-N,351.4500000000001,3.9750200000000033,1,4,44.81,0.41659655573877336,-0.4100931933067371,5,2,0.38095238095238093,2,4,3,0
433,ULLJVPKUDFDJKB-UHFFFAOYSA-N,351.45000000000005,4.423500000000002,3,4,62.39,0.4165872909102351,-0.41009330752304984,5,3,0.38095238095238093,2,4,3,0
435,ULLJVPKUDFDJKB-UHFFFAOYSA-N,379.50400000000013,4.7900000000000045,1,4,44.81,0.41658729091671387,-0.4100933056199003,5,3,0.43478260869565216,2,4,3,0
437,ULLJVPKUDFDJKB-UHFFFAOYSA-N,337.42300000000006,3.950720000000003,2,4,53.6,0.41659655573230164,-0.41009319520555537,5,2,0.35,2,4,3,0
439,ULLJVPKUDFDJKB-UHFFFAOYSA-N,337.42300000000006,3.6328200000000024,2,4,53.6,0.4165965557387662,-0.4100931933110713,5,2,0.35,2,4,3,0
440,ULLJVPKUDFDJKB-UHFFFAOYSA-N,323.396,3.6085200000000013,3,4,62.39,0.4165965557322944,-0.41009319520988663,5,2,0.3157894736842105,2,4,3,0
442,ULLJVPKUDFDJKB-UHFFFAOYSA-N,365.4770000000001,4.765700000000004,2,4,53.6,0.41658729091024227,-0.41009330751871864,5,3,0.4090909090909091,2,4,3,0
3915,BVKKIMOYVHNQMN-UHFFFAOYSA-N,413.6060000000001,5.714100000000006,0,3,37.71,0.43356497864029175,-0.31689708784747084,5,9,0.64,2,3,2,0
4126,BVKKIMOYVHNQMN-UHFFFAOYSA-N,371.5250000000001,5.020600000000004,1,3,48.57,0.41427678152188313,-0.40796133053507766,5,6,0.5909090909090909,2,3,2,0
4127,BVKKIMOYVHNQMN-UHFFFAOYSA-N,385.5520000000002,5.410700000000006,1,3,48.57,0.41452922872835246,-0.40795425440631966,5,7,0.6086956521739131,2,3,2,0
4128,BVKKIMOYVHNQMN-UHFFFAOYSA-N,399.5790000000003,5.799200000000006,1,3,48.57,0.4147732758681491,-0.40794742953520546,5,7,0.625,2,3,2,0
4130,BVKKIMOYVHNQMN-UHFFFAOYSA-N,399.5790000000003,5.800800000000006,1,3,48.57,0.41478176980028897,-0.40794717514726314,5,8,0.625,2,3,2,0
4131,BVKKIMOYVHNQMN-UHFFFAOYSA-N,427.63300000000027,6.577800000000007,1,3,48.57,0.41527013332845303,-0.40793351645629317,5,8,0.6538461538461539,2,3,2,0
4134,BVKKIMOYVHNQMN-UHFFFAOYSA-N,395.54700000000025,5.0240000000000045,1,3,48.57,0.41533683237823144,-0.4079338926744213,5,7,0.5416666666666666,2,3,2,0
4135,BVKKIMOYVHNQMN-UHFFFAOYSA-N,423.60100000000034,5.804200000000006,1,3,48.57,0.41453945670737086,-0.407954132808735,5,9,0.5769230769230769,2,3,2,0
4136,BVKKIMOYVHNQMN-UHFFFAOYSA-N,507.7630000000005,8.14480000000001,1,3,48.57,0.4145389239054595,-0.4079541358279257,5,15,0.65625,2,3,2,0
4137,BVKKIMOYVHNQMN-UHFFFAOYSA-N,409.57400000000035,5.414100000000006,1,3,48.57,0.4155896828075547,-0.40792680431308587,5,8,0.56,2,3,2,0
4138,BVKKIMOYVHNQMN-UHFFFAOYSA-N,419.5690000000003,5.0274000000000045,1,3,48.57,0.41639864037816776,-0.4079064064990905,5,8,0.5,2,3,2,0
4139,BVKKIMOYVHNQMN-UHFFFAOYSA-N,423.6010000000003,5.802600000000006,1,3,48.57,0.41583411998601416,-0.4079199676414886,5,8,0.5769230769230769,2,3,2,0
4140,BVKKIMOYVHNQMN-UHFFFAOYSA-N,387.5240000000002,4.952200000000005,1,4,57.8,0.4386938930810208,-0.4064458687737109,6,7,0.5909090909090909,2,3,2,0
4141,BVKKIMOYVHNQMN-UHFFFAOYSA-N,400.5670000000001,4.867400000000004,1,4,51.81,0.4292070482028543,-0.4070062342806591,6,7,0.6086956521739131,2,3,3,0
4142,BVKKIMOYVHNQMN-UHFFFAOYSA-N,371.52500000000015,5.020600000000004,1,3,48.57,0.4142027848799695,-0.4101411410360094,5,6,0.5909090909090909,2,3,2,0
4143,BVKKIMOYVHNQMN-UHFFFAOYSA-N,427.63300000000027,6.577800000000007,1,3,48.57,0.4151961374661808,-0.41011332706651515,5,8,0.6538461538461539,2,3,2,0
4144,BVKKIMOYVHNQMN-UHFFFAOYSA-N,395.5470000000002,5.0240000000000045,1,3,48.57,0.41526283654274426,-0.41011370329610214,5,7,0.5416666666666666,2,3,2,0
519,CXWXQJXEFPUFDZ-UHFFFAOYSA-N,234.29899999999992,2.0831,1,3,55.56,0.4142017099341438,-0.4102116063908663,4,1,0.46153846153846156,1,2,2,0
521,CXWXQJXEFPUFDZ-UHFFFAOYSA-N,234.29899999999992,1.563,1,3,55.56,0.41420170225580505,-0.41021267093547487,4,1,0.46153846153846156,1,2,2,0
543,CXWXQJXEFPUFDZ-UHFFFAOYSA-N,257.333,3.1902000000000017,0,2,29.54,0.41420170359874225,-0.410212485452459,3,2,0.4375,1,2,1,0
549,CXWXQJXEFPUFDZ-UHFFFAOYSA-N,248.32599999999994,2.4732000000000003,1,3,55.56,0.414454157340056,-0.4102045302900914,4,2,0.5,1,2,2,0
553,CXWXQJXEFPUFDZ-UHFFFAOYSA-N,272.348,1.8271000000000002,1,3,41.57,0.41420170225581165,-0.4102126709313882,4,3,0.4375,1,2,2,0
2395,CXWXQJXEFPUFDZ-UHFFFAOYSA-N,248.32599999999996,1.8237,1,2,41.57,0.31659961502720624,-0.4964675150393172,4,2,0.5,1,2,2,0
2396,CXWXQJXEFPUFDZ-UHFFFAOYSA-N,248.32599999999996,1.8237,1,2,41.57,0.31659961489434624,-0.496757611559946,4,2,0.5,1,2,2,0
2397,CXWXQJXEFPUFDZ-UHFFFAOYSA-N,248.32599999999996,1.8236999999999999,1,2,41.57,0.3165996149600145,-0.4967576005017195,4,2,0.5,1,2,2,0
2398,CXWXQJXEFPUFDZ-UHFFFAOYSA-N,284.38100000000003,0.9484999999999999,1,3,58.64,0.2786962749295823,-0.4964675204358011,6,4,0.5384615384615384,1,2,2,0
2399,CXWXQJXEFPUFDZ-UHFFFAOYSA-N,284.38100000000003,0.9484999999999999,1,3,58.64,0.27869627479514647,-0.49675761159039605,6,4,0.5384615384615384,1,2,2,0
2400,CXWXQJXEFPUFDZ-UHFFFAOYSA-N,284.3810000000001,0.9484999999999999,1,3,58.64,0.2786962748615949,-0.49675760317870243,6,4,0.5384615384615384,1,2,2,0
2401,CXWXQJXEFPUFDZ-UHFFFAOYSA-N,234.29899999999998,1.5207,2,2,52.57000000000001,0.3165996150271938,-0.5076654403736177,4,1,0.46153846153846156,1,2,2,0
2402,CXWXQJXEFPUFDZ-UHFFFAOYSA-N,234.29899999999998,1.5206999999999997,2,2,52.57000000000001,0.3165996148943462,-0.5079560350249939,4,1,0.46153846153846156,1,2,2,0
2403,CXWXQJXEFPUFDZ-UHFFFAOYSA-N,234.29899999999998,1.5206999999999997,2,2,52.57000000000001,0.3165996149600084,-0.5079560239753015,4,1,0.46153846153846156,1,2,2,0
2404,CXWXQJXEFPUFDZ-UHFFFAOYSA-N,270.35400000000004,0.6454999999999999,2,3,69.64,0.2786962749295697,-0.5076654457659425,6,3,0.5,1,2,2,0
2405,CXWXQJXEFPUFDZ-UHFFFAOYSA-N,270.35400000000004,0.6455000000000003,2,3,69.64,0.27869627479514647,-0.5079560350554152,6,3,0.5,1,2,2,0
2406,CXWXQJXEFPUFDZ-UHFFFAOYSA-N,270.35400000000004,0.6454999999999997,2,3,69.64,0.2786962748615886,-0.5079560266502168,6,3,0.5,1,2,2,0
884,QDLFCBKKECTJSK-UHFFFAOYSA-N,314.7680000000001,4.642240000000003,0,3,39.44,0.3389282186204752,-0.48877151290732623,4,3,0.16666666666666666,3,3,0,0
3744,QDLFCBKKECTJSK-UHFFFAOYSA-N,415.48000000000013,5.465940000000005,0,4,42.68,0.3389282186204752,-0.48877224991613166,6,9,0.375,3,3,1,0
3745,QDLFCBKKECTJSK-UHFFFAOYSA-N,415.4800000000001,5.465940000000006,0,4,42.68,0.3389282186204752,-0.4887724323239832,6,9,0.375,3,3,1,0
3746,QDLFCBKKECTJSK-UHFFFAOYSA-N,417.45200000000017,4.341400000000004,1,5,62.910000000000004,0.3360612687887287,-0.4887724322327244,7,10,0.34782608695652173,3,3,1,0
3752,QDLFCBKKECTJSK-UHFFFAOYSA-N,383.44400000000013,2.6785000000000005,2,6,83.14,0.3360612687887287,-0.4887724322327244,6,9,0.3181818181818182,3,3,1,0
4055,QDLFCBKKECTJSK-UHFFFAOYSA-N,280.32300000000004,3.9888400000000033,0,3,39.44,0.3389282186204752,-0.48877243515776414,3,3,0.16666666666666666,3,3,0,0
4058,QDLFCBKKECTJSK-UHFFFAOYSA-N,316.30300000000005,4.267040000000003,0,3,39.44,0.3389282186204752,-0.48876876321431467,5,3,0.16666666666666666,3,3,0,0
4059,QDLFCBKKECTJSK-UHFFFAOYSA-N,314.7680000000001,4.642240000000004,0,3,39.44,0.3389282186204752,-0.4887724208519857,4,3,0.16666666666666666,3,3,0,0
4060,QDLFCBKKECTJSK-UHFFFAOYSA-N,316.30300000000005,4.267040000000002,0,3,39.44,0.3389282186204752,-0.48877057012987535,5,3,0.16666666666666666,3,3,0,0
4061,QDLFCBKKECTJSK-UHFFFAOYSA-N,298.31300000000005,4.127940000000003,0,3,39.44,0.3389282186204752,-0.4887724066332511,4,3,0.16666666666666666,3,3,0,0
4062,QDLFCBKKECTJSK-UHFFFAOYSA-N,294.34999999999997,4.297260000000004,0,3,39.44,0.3389282186204752,-0.4887724323877797,3,3,0.21052631578947367,3,3,0,0
4063,QDLFCBKKECTJSK-UHFFFAOYSA-N,298.31300000000005,4.127940000000003,0,3,39.44,0.3389282186204752,-0.48877059970267156,4,3,0.16666666666666666,3,3,0,0
4064,QDLFCBKKECTJSK-UHFFFAOYSA-N,295.338,3.571040000000001,1,4,65.46000000000001,0.3389282186204752,-0.48877107212849696,4,3,0.16666666666666666,3,3,1,0
4065,QDLFCBKKECTJSK-UHFFFAOYSA-N,310.34900000000005,3.9974400000000037,0,4,48.67,0.3389282186204752,-0.4967556876141794,4,4,0.21052631578947367,3,3,0,0
4066,QDLFCBKKECTJSK-UHFFFAOYSA-N,296.32200000000006,3.694440000000003,1,4,59.67,0.3389282186204752,-0.5079541118967869,4,3,0.16666666666666666,3,3,0,0
4067,QDLFCBKKECTJSK-UHFFFAOYSA-N,294.35,4.297260000000004,0,3,39.44,0.3389282186204752,-0.4887619131084945,3,3,0.21052631578947367,3,3,0,0
4068,QDLFCBKKECTJSK-UHFFFAOYSA-N,294.35,4.297260000000004,0,3,39.44,0.3389282186204752,-0.4887722584165879,3,3,0.21052631578947367,3,3,0,0
1585,RDTFFLFEGIKFDL-UHFFFAOYSA-N,592.1360000000004,7.247300000000008,4,7,124.69000000000001,0.28666132917432846,-0.5042407481242717,9,13,0.42424242424242425,4,5,2,0
1586,RDTFFLFEGIKFDL-UHFFFAOYSA-N,557.6910000000004,6.593900000000008,4,7,124.69000000000001,0.28666132917432846,-0.5042407481242717,8,13,0.42424242424242425,4,5,2,0
1587,RDTFFLFEGIKFDL-UHFFFAOYSA-N,592.1360000000004,7.247300000000008,4,7,124.69000000000001,0.2866613805591965,-0.5076781657095724,9,13,0.42424242424242425,4,5,2,0
1588,RDTFFLFEGIKFDL-UHFFFAOYSA-N,606.1630000000001,7.550300000000006,3,7,113.69,0.2866613805649362,-0.5068931565889838,9,14,0.4411764705882353,4,5,2,0
1589,RDTFFLFEGIKFDL-UHFFFAOYSA-N,557.6910000000004,6.5939000000000085,4,7,124.69000000000001,0.2866613805591965,-0.5076781657095724,8,13,0.42424242424242425,4,5,2,0
1590,RDTFFLFEGIKFDL-UHFFFAOYSA-N,571.7180000000003,6.896900000000007,3,7,113.69,0.2866613805649362,-0.5068931565889838,8,14,0.4411764705882353,4,5,2,0
1591,RDTFFLFEGIKFDL-UHFFFAOYSA-N,576.1370000000004,7.541700000000008,3,6,104.46000000000001,0.2866612996721283,-0.5079370047627322,8,13,0.42424242424242425,4,5,2,0
1592,RDTFFLFEGIKFDL-UHFFFAOYSA-N,541.6920000000003,6.888300000000008,3,6,104.46000000000001,0.2866612996721283,-0.5079370047627322,7,13,0.42424242424242425,4,5,2,0
1593,RDTFFLFEGIKFDL-UHFFFAOYSA-N,620.1900000000003,7.853300000000008,2,7,102.69000000000001,0.2866613291801394,-0.4928398235862813,9,15,0.45714285714285713,4,5,2,0
1594,RDTFFLFEGIKFDL-UHFFFAOYSA-N,585.7450000000002,7.1999000000000075,2,7,102.69000000000001,0.2866613291801394,-0.4928398235862813,8,15,0.45714285714285713,4,5,2,0
1595,RDTFFLFEGIKFDL-UHFFFAOYSA-N,620.19,7.853300000000008,2,7,102.69,0.2866613805750388,-0.49647968955742333,9,15,0.45714285714285713,4,5,2,0
1596,RDTFFLFEGIKFDL-UHFFFAOYSA-N,585.7450000000002,7.1999000000000075,2,7,102.69,0.2866613805750388,-0.49647968955742333,8,15,0.45714285714285713,4,5,2,0
1597,RDTFFLFEGIKFDL-UHFFFAOYSA-N,590.1640000000002,7.844700000000008,2,6,93.46000000000001,0.28666129967215676,-0.4967385814882715,8,14,0.4411764705882353,4,5,2,0
1598,RDTFFLFEGIKFDL-UHFFFAOYSA-N,555.7190000000003,7.191300000000007,2,6,93.46000000000001,0.28666129967215676,-0.4967385814882715,7,14,0.4411764705882353,4,5,2,0
1599,RDTFFLFEGIKFDL-UHFFFAOYSA-N,560.1380000000004,7.836100000000008,2,5,84.23,0.2866612993670688,-0.4506471874503732,7,13,0.42424242424242425,4,5,2,0
1600,RDTFFLFEGIKFDL-UHFFFAOYSA-N,525.6930000000003,7.182700000000008,2,5,84.23,0.2866612993670688,-0.4506471874503732,6,13,0.42424242424242425,4,5,2,0
1089,RTDPVOSMBHIAJV-UHFFFAOYSA-N,348.4900000000001,4.529700000000004,1,3,32.34,0.16239553701417656,-0.3844872052125951,3,6,0.43478260869565216,2,4,2,0
1090,RTDPVOSMBHIAJV-UHFFFAOYSA-N,362.51700000000005,4.554000000000005,0,3,23.550000000000004,0.16239553881667362,-0.37404015097404186,3,6,0.4583333333333333,2,4,2,0
1091,RTDPVOSMBHIAJV-UHFFFAOYSA-N,376.54400000000004,4.944100000000005,0,3,23.550000000000004,0.16239553882692975,-0.3712556773357564,3,7,0.48,2,4,2,0
1092,RTDPVOSMBHIAJV-UHFFFAOYSA-N,390.5710000000001,5.334200000000006,0,3,23.550000000000004,0.1623955388269482,-0.3709889727966599,3,8,0.5,2,4,2,0
1093,RTDPVOSMBHIAJV-UHFFFAOYSA-N,404.5980000000001,5.724300000000007,0,3,23.550000000000004,0.1623955388269482,-0.3709786182614271,3,9,0.5185185185185185,2,4,2,0
1094,RTDPVOSMBHIAJV-UHFFFAOYSA-N,418.62500000000017,6.114400000000007,0,3,23.550000000000004,0.1623955388269482,-0.3709784401613505,3,10,0.5357142857142857,2,4,2,0
1096,RTDPVOSMBHIAJV-UHFFFAOYSA-N,378.51600000000013,4.538300000000004,1,4,41.57,0.16239553701417656,-0.4964259304592162,4,7,0.4583333333333333,2,4,2,0
1097,RTDPVOSMBHIAJV-UHFFFAOYSA-N,378.51600000000013,4.538300000000004,1,4,41.57,0.16239553701417656,-0.49675708681465036,4,7,0.4583333333333333,2,4,2,0
1098,RTDPVOSMBHIAJV-UHFFFAOYSA-N,366.48000000000013,4.668800000000004,1,3,32.34,0.16239553701417656,-0.3844872052125951,4,6,0.43478260869565216,2,4,2,0
1099,RTDPVOSMBHIAJV-UHFFFAOYSA-N,366.48000000000013,4.668800000000004,1,3,32.34,0.16239553701417656,-0.3844872052125951,4,6,0.43478260869565216,2,4,2,0
1100,RTDPVOSMBHIAJV-UHFFFAOYSA-N,366.48000000000013,4.668800000000004,1,3,32.34,0.16239553701417656,-0.3844872052125951,4,6,0.43478260869565216,2,4,2,0
1101,RTDPVOSMBHIAJV-UHFFFAOYSA-N,382.93500000000023,5.183100000000005,1,3,32.34,0.16239553701417656,-0.3844872052125951,4,6,0.43478260869565216,2,4,2,0
1102,RTDPVOSMBHIAJV-UHFFFAOYSA-N,382.93500000000023,5.183100000000005,1,3,32.34,0.16239553701417656,-0.3844872052125951,4,6,0.43478260869565216,2,4,2,0
1103,RTDPVOSMBHIAJV-UHFFFAOYSA-N,382.93500000000023,5.183100000000005,1,3,32.34,0.16239553701417656,-0.3844872052125951,4,6,0.43478260869565216,2,4,2,0
1104,RTDPVOSMBHIAJV-UHFFFAOYSA-N,362.51700000000017,4.838120000000004,1,3,32.34,0.16239553701417656,-0.3844872052125951,3,6,0.4583333333333333,2,4,2,0
1105,RTDPVOSMBHIAJV-UHFFFAOYSA-N,393.48700000000025,4.4379000000000035,1,5,75.48,0.2692476524712405,-0.3844872052125951,6,7,0.43478260869565216,2,4,3,0
240,YJAFJAGEJWHHSY-UHFFFAOYSA-N,446.5030000000001,4.565300000000004,1,6,81.01,0.4118385023618466,-0.49340545532370383,7,8,0.23076923076923078,4,4,2,0
785,YJAFJAGEJWHHSY-UHFFFAOYSA-N,373.4520000000001,4.847100000000005,0,4,42.68,0.20002698534531016,-0.49340545532370395,4,7,0.20833333333333334,4,4,1,0
788,YJAFJAGEJWHHSY-UHFFFAOYSA-N,403.4780000000001,4.855700000000005,0,5,51.910000000000004,0.20002698534531016,-0.49642593222459086,5,8,0.24,4,4,1,0
1199,YJAFJAGEJWHHSY-UHFFFAOYSA-N,460.53000000000014,4.9554000000000045,1,6,81.01,0.4120909461039324,-0.49340545532370383,7,9,0.25925925925925924,4,4,2,0
1200,YJAFJAGEJWHHSY-UHFFFAOYSA-N,474.5570000000002,5.345500000000005,1,6,81.01,0.41210046155468405,-0.49340545532370383,7,10,0.2857142857142857,4,4,2,0
1201,YJAFJAGEJWHHSY-UHFFFAOYSA-N,488.58400000000023,5.735600000000006,1,6,81.01,0.4121006241839178,-0.49340545532370383,7,11,0.3103448275862069,4,4,2,0
1215,YJAFJAGEJWHHSY-UHFFFAOYSA-N,460.53000000000026,4.955400000000004,1,6,81.00999999999999,0.41183850236185765,-0.4934054535569392,7,9,0.25925925925925924,4,4,2,0
1216,YJAFJAGEJWHHSY-UHFFFAOYSA-N,502.6110000000003,6.125700000000006,1,6,81.01,0.4121006241839289,-0.4934054535569392,7,12,0.3333333333333333,4,4,2,0
1217,YJAFJAGEJWHHSY-UHFFFAOYSA-N,530.6650000000004,6.905900000000008,1,6,81.01,0.4121006254850275,-0.4934054535569392,7,14,0.375,4,4,2,0
1218,YJAFJAGEJWHHSY-UHFFFAOYSA-N,474.55700000000024,5.345500000000005,1,6,81.00999999999999,0.4118385023618577,-0.4934054535502849,7,10,0.2857142857142857,4,4,2,0
1219,YJAFJAGEJWHHSY-UHFFFAOYSA-N,516.6380000000004,6.515800000000007,1,6,81.01,0.41210062418392895,-0.4934054535502849,7,13,0.3548387096774194,4,4,2,0
1220,YJAFJAGEJWHHSY-UHFFFAOYSA-N,544.6920000000003,7.296000000000008,1,6,81.01,0.4121006254850275,-0.4934054535502849,7,15,0.3939393939393939,4,4,2,0
1221,YJAFJAGEJWHHSY-UHFFFAOYSA-N,474.5570000000002,5.343900000000005,1,6,81.01,0.41183850236186836,-0.49340545186615165,7,9,0.2857142857142857,4,4,2,0
1222,YJAFJAGEJWHHSY-UHFFFAOYSA-N,516.6380000000003,6.514200000000007,1,6,81.01,0.41210062418393956,-0.49340545186615165,7,12,0.3548387096774194,4,4,2,0
1223,YJAFJAGEJWHHSY-UHFFFAOYSA-N,544.6920000000002,7.294400000000008,1,6,81.01,0.41210062548503806,-0.49340545186615165,7,14,0.3939393939393939,4,4,2,0
1663,YJAFJAGEJWHHSY-UHFFFAOYSA-N,558.7190000000004,7.684500000000009,1,6,81.01,0.41210062548504717,-0.49340545186615165,7,15,0.4117647058823529,4,4,2,0
2779,GDZJKQZAKIQHOI-UHFFFAOYSA-N,440.48500000000007,5.3460200000000055,0,2,30.18,0.4218896593475264,-0.49675718118808104,6,5,0.3076923076923077,3,4,0,1
2780,GDZJKQZAKIQHOI-UHFFFAOYSA-N,435.9310000000001,3.7711000000000023,1,3,73.27,0.2545457793888926,-0.49675718118808104,6,6,0.24,3,4,1,1
2781,GDZJKQZAKIQHOI-UHFFFAOYSA-N,415.51300000000015,3.426120000000002,1,3,73.27,0.25454577935888173,-0.49675718118808104,5,6,0.2692307692307692,3,4,1,1
2789,GDZJKQZAKIQHOI-UHFFFAOYSA-N,414.52500000000015,4.529820000000004,0,3,47.25,0.17973704240743782,-0.49675718118808104,4,6,0.2962962962962963,3,4,0,1
2790,GDZJKQZAKIQHOI-UHFFFAOYSA-N,434.9430000000001,4.874800000000005,0,3,47.25,0.17973704245993372,-0.49675718118808104,5,6,0.2692307692307692,3,4,0,1
2791,GDZJKQZAKIQHOI-UHFFFAOYSA-N,468.4950000000001,5.240200000000005,0,3,47.25,0.4159236426389701,-0.49675718118808104,7,6,0.2962962962962963,3,4,0,1
2792,GDZJKQZAKIQHOI-UHFFFAOYSA-N,414.52500000000015,4.529820000000004,0,3,47.25,0.17973704408367835,-0.49675718118808104,4,6,0.2962962962962963,3,4,0,1
2793,GDZJKQZAKIQHOI-UHFFFAOYSA-N,414.52500000000015,4.529820000000004,0,3,47.25,0.1797372573922557,-0.49675718118808104,4,6,0.2962962962962963,3,4,0,1
2794,GDZJKQZAKIQHOI-UHFFFAOYSA-N,418.4880000000001,4.3605000000000045,0,3,47.25,0.17973705978678212,-0.49675718118808104,5,6,0.2692307692307692,3,4,0,1
2795,GDZJKQZAKIQHOI-UHFFFAOYSA-N,418.4880000000001,4.3605000000000045,0,3,47.25,0.17973927510898305,-0.49675718118808104,5,6,0.2692307692307692,3,4,0,1
2796,GDZJKQZAKIQHOI-UHFFFAOYSA-N,434.9430000000001,4.874800000000005,0,3,47.25,0.17973816429703987,-0.49675718118808104,5,6,0.2692307692307692,3,4,0,1
2797,GDZJKQZAKIQHOI-UHFFFAOYSA-N,434.9430000000001,4.874800000000005,0,3,47.25,0.17973705111740323,-0.49675718118808104,5,6,0.2692307692307692,3,4,0,1
2798,GDZJKQZAKIQHOI-UHFFFAOYSA-N,430.5240000000002,4.230000000000004,0,4,56.480000000000004,0.1797370423947558,-0.4928587940504267,5,7,0.2962962962962963,3,4,0,1
2799,GDZJKQZAKIQHOI-UHFFFAOYSA-N,464.9690000000002,4.883400000000005,0,4,56.480000000000004,0.17973705111740337,-0.4928587940504267,6,7,0.2962962962962963,3,4,0,1
2803,GDZJKQZAKIQHOI-UHFFFAOYSA-N,451.38400000000007,5.089720000000005,0,2,30.18,0.18315957598704274,-0.49675718118808104,4,5,0.28,3,4,0,1
937,GKXJDPQNEUIPCD-UHFFFAOYSA-N,375.4680000000001,4.566800000000004,0,4,38.769999999999996,0.19266223177322508,-0.4928695251478864,4,8,0.20833333333333334,3,3,1,0
938,GKXJDPQNEUIPCD-UHFFFAOYSA-N,389.4950000000001,4.9569000000000045,0,4,38.77,0.1926622317732481,-0.4928695251478864,4,9,0.24,3,3,1,0
939,GKXJDPQNEUIPCD-UHFFFAOYSA-N,405.4940000000001,3.929300000000003,1,5,59.0,0.1926622317732483,-0.4928695251478864,5,10,0.24,3,3,1,0
940,GKXJDPQNEUIPCD-UHFFFAOYSA-N,363.432,4.697300000000005,0,3,29.54,0.19263012524436735,-0.4936869269213061,4,7,0.17391304347826086,3,3,1,0
941,GKXJDPQNEUIPCD-UHFFFAOYSA-N,389.4950000000001,4.875220000000005,0,4,38.769999999999996,0.19266223177322508,-0.4928695251478864,4,8,0.24,3,3,1,0
942,GKXJDPQNEUIPCD-UHFFFAOYSA-N,345.442,4.558200000000004,0,3,29.54,0.19252457568543818,-0.4967677863486889,3,7,0.17391304347826086,3,3,1,0
945,GKXJDPQNEUIPCD-UHFFFAOYSA-N,405.4940000000001,4.575400000000005,0,5,48.0,0.19266223177322508,-0.49642593043524963,5,9,0.24,3,3,1,0
946,GKXJDPQNEUIPCD-UHFFFAOYSA-N,420.46500000000015,4.475000000000004,0,6,81.91,0.2692476524941377,-0.4928695251478864,7,9,0.20833333333333334,3,3,2,0
947,GKXJDPQNEUIPCD-UHFFFAOYSA-N,432.56400000000014,4.498600000000004,0,5,42.010000000000005,0.19266223177324818,-0.4928695251478864,5,11,0.2962962962962963,3,3,2,0
1470,GKXJDPQNEUIPCD-UHFFFAOYSA-N,443.5910000000002,4.829900000000005,1,4,52.650000000000006,0.23805043443360835,-0.3249792691027671,5,11,0.2857142857142857,3,3,3,0
1474,GKXJDPQNEUIPCD-UHFFFAOYSA-N,444.6190000000002,5.6603000000000065,0,4,32.78,0.19252457570315704,-0.49354965943482215,4,13,0.3448275862068966,3,3,2,0
1478,GKXJDPQNEUIPCD-UHFFFAOYSA-N,472.6730000000002,6.440500000000007,0,4,32.78,0.19252457570315692,-0.49360104146687606,4,15,0.3870967741935484,3,3,2,0
1480,GKXJDPQNEUIPCD-UHFFFAOYSA-N,486.7000000000002,6.830600000000008,0,4,32.78,0.19252457570315692,-0.49360104846937586,4,16,0.40625,3,3,2,0
1482,GKXJDPQNEUIPCD-UHFFFAOYSA-N,500.7270000000002,7.220700000000009,0,4,32.78,0.19252457570315692,-0.4936010484961528,4,17,0.42424242424242425,3,3,2,0
1878,GKXJDPQNEUIPCD-UHFFFAOYSA-N,349.405,4.394300000000005,1,3,40.540000000000006,0.19263012328049495,-0.5048804310498224,4,6,0.13636363636363635,3,3,1,0
484,HQOOCHIABVBRKY-UHFFFAOYSA-N,415.48900000000015,5.109200000000005,0,5,51.91,0.34368433218675315,-0.49284232218447843,5,7,0.19230769230769232,4,4,1,0
801,HQOOCHIABVBRKY-UHFFFAOYSA-N,370.45200000000006,4.674200000000003,1,4,59.47,0.3436821023835032,-0.42227580828504785,4,5,0.125,4,4,2,0
802,HQOOCHIABVBRKY-UHFFFAOYSA-N,400.4340000000001,5.000200000000005,0,5,76.59,0.3436821710560667,-0.4222695444124066,6,6,0.125,4,4,2,0
803,HQOOCHIABVBRKY-UHFFFAOYSA-N,445.51500000000016,4.471700000000004,1,6,72.14,0.3436843321867532,-0.49284232218447843,6,9,0.2222222222222222,4,4,1,0
804,HQOOCHIABVBRKY-UHFFFAOYSA-N,429.5160000000002,5.499300000000006,0,5,51.910000000000004,0.3436843321867532,-0.49284232218447843,5,8,0.2222222222222222,4,4,1,0
805,HQOOCHIABVBRKY-UHFFFAOYSA-N,445.5150000000002,5.117800000000005,0,6,61.14000000000001,0.34368433218675315,-0.49676820513890796,6,8,0.2222222222222222,4,4,1,0
806,HQOOCHIABVBRKY-UHFFFAOYSA-N,445.5150000000002,5.117800000000005,0,6,61.14000000000001,0.34368433218675315,-0.49675708681461545,6,8,0.2222222222222222,4,4,1,0
807,HQOOCHIABVBRKY-UHFFFAOYSA-N,445.5150000000002,5.117800000000005,0,6,61.14000000000001,0.34368433218675315,-0.49642593043524963,6,8,0.2222222222222222,4,4,1,0
808,HQOOCHIABVBRKY-UHFFFAOYSA-N,429.5160000000002,5.417620000000006,0,5,51.91,0.34368433218675315,-0.49284232218447843,5,7,0.2222222222222222,4,4,1,0
809,HQOOCHIABVBRKY-UHFFFAOYSA-N,429.5160000000002,5.417620000000006,0,5,51.91,0.34368433218675315,-0.49284232218447843,5,7,0.2222222222222222,4,4,1,0
810,HQOOCHIABVBRKY-UHFFFAOYSA-N,429.5160000000002,5.417620000000006,0,5,51.91,0.34368433218675315,-0.49284232218447843,5,7,0.2222222222222222,4,4,1,0
811,HQOOCHIABVBRKY-UHFFFAOYSA-N,460.4860000000002,5.017400000000005,0,7,95.05000000000001,0.34368433218675315,-0.49284232218447843,8,8,0.19230769230769232,4,4,2,0
812,HQOOCHIABVBRKY-UHFFFAOYSA-N,460.4860000000002,5.017400000000006,0,7,95.05000000000001,0.34368433218675315,-0.49284232218447843,8,8,0.19230769230769232,4,4,2,0
813,HQOOCHIABVBRKY-UHFFFAOYSA-N,385.463,5.1006000000000045,0,4,42.68,0.34368212562577233,-0.49674104764735044,4,6,0.16,4,4,1,0
815,HQOOCHIABVBRKY-UHFFFAOYSA-N,385.4630000000001,5.1006000000000045,0,4,42.68,0.3436842776490216,-0.49662361521931353,4,6,0.16,4,4,1,0
1418,ICVPCSMALLMIGY-UHFFFAOYSA-N,418.5120000000002,5.2419000000000056,0,3,42.31,0.23091021367649578,-0.2989551086993586,5,6,0.38461538461538464,3,5,1,0
1419,ICVPCSMALLMIGY-UHFFFAOYSA-N,418.5120000000002,5.2419000000000056,0,3,42.31,0.23091021367649578,-0.2990625930061207,5,6,0.38461538461538464,3,5,1,0
1420,ICVPCSMALLMIGY-UHFFFAOYSA-N,434.9670000000003,5.756200000000005,0,3,42.31,0.23091021367649578,-0.2990092624986525,5,6,0.38461538461538464,3,5,1,0
1421,ICVPCSMALLMIGY-UHFFFAOYSA-N,434.9670000000003,5.756200000000005,0,3,42.31,0.23091021367649578,-0.2990634917976593,5,6,0.38461538461538464,3,5,1,0
1422,ICVPCSMALLMIGY-UHFFFAOYSA-N,434.9670000000003,5.756200000000005,0,3,42.31,0.23091021367649578,-0.29906438540253805,5,6,0.38461538461538464,3,5,1,0
1423,ICVPCSMALLMIGY-UHFFFAOYSA-N,430.54800000000023,5.111400000000005,0,4,51.54,0.23091021367649578,-0.4964259304592162,5,7,0.4074074074074074,3,5,1,0
1424,ICVPCSMALLMIGY-UHFFFAOYSA-N,430.54800000000023,5.111400000000005,0,4,51.54,0.23091021367649578,-0.49675708681465036,5,7,0.4074074074074074,3,5,1,0
1425,ICVPCSMALLMIGY-UHFFFAOYSA-N,430.54800000000023,5.111400000000005,0,4,51.54,0.23091021367649578,-0.49676820513890796,5,7,0.4074074074074074,3,5,1,0
1426,ICVPCSMALLMIGY-UHFFFAOYSA-N,416.52100000000024,4.808400000000004,1,4,62.540000000000006,0.23091021367649578,-0.5076238431017585,5,6,0.38461538461538464,3,5,1,0
1427,ICVPCSMALLMIGY-UHFFFAOYSA-N,416.52100000000024,4.808400000000004,1,4,62.540000000000006,0.23091021367649578,-0.5079555105009935,5,6,0.38461538461538464,3,5,1,0
1428,ICVPCSMALLMIGY-UHFFFAOYSA-N,445.51900000000035,5.011000000000005,0,5,85.44999999999999,0.27338713627449607,-0.29879994626432144,7,7,0.38461538461538464,3,5,2,0
1429,ICVPCSMALLMIGY-UHFFFAOYSA-N,445.51900000000035,5.011000000000005,0,5,85.44999999999999,0.2692476524712405,-0.2990599693359261,7,7,0.38461538461538464,3,5,2,0
1434,ICVPCSMALLMIGY-UHFFFAOYSA-N,418.5120000000002,5.2419000000000056,0,3,42.31,0.23091021367649578,-0.29906437139523,5,6,0.38461538461538464,3,5,1,0
1435,ICVPCSMALLMIGY-UHFFFAOYSA-N,416.52100000000024,4.808400000000005,1,4,62.540000000000006,0.23091021367649578,-0.5079666315527722,5,6,0.38461538461538464,3,5,1,0
1436,ICVPCSMALLMIGY-UHFFFAOYSA-N,445.51900000000035,5.011000000000005,0,5,85.44999999999999,0.26894348137721497,-0.29906433015484335,7,7,0.38461538461538464,3,5,2,0
1073,KDHWCFCNNGUJCP-UHFFFAOYSA-O,310.377,2.79962,0,2,37.830000000000005,0.41420154313085683,-0.41022298028718385,5,2,0.2222222222222222,3,3,1,1
1074,KDHWCFCNNGUJCP-UHFFFAOYSA-O,364.34700000000004,3.5100000000000025,0,2,37.830000000000005,0.4534007694879563,-0.4102229802871838,8,2,0.2222222222222222,3,3,1,1
1075,KDHWCFCNNGUJCP-UHFFFAOYSA-O,326.37600000000003,2.4998000000000005,0,3,47.06,0.41420154313085683,-0.46525535258742695,6,3,0.2222222222222222,3,3,1,1
1076,KDHWCFCNNGUJCP-UHFFFAOYSA-O,339.37500000000006,2.0595,1,3,66.93,0.4142015431308569,-0.4102229802871837,7,4,0.16666666666666666,3,3,2,1
1077,KDHWCFCNNGUJCP-UHFFFAOYSA-O,353.40200000000004,2.4496,1,3,66.93,0.41420154313085683,-0.41022298028718374,7,3,0.21052631578947367,3,3,2,1
1079,KDHWCFCNNGUJCP-UHFFFAOYSA-O,368.4170000000001,2.2424999999999997,2,3,78.96,0.41420154313085683,-0.41022298028718374,8,3,0.21052631578947367,3,3,3,1
1080,KDHWCFCNNGUJCP-UHFFFAOYSA-O,369.40100000000007,2.6695,1,4,76.15999999999998,0.41420154313085683,-0.4525597082180471,8,3,0.21052631578947367,3,3,2,1
1081,KDHWCFCNNGUJCP-UHFFFAOYSA-O,382.44400000000013,2.5847000000000007,1,3,70.17,0.41420154313085683,-0.41022298028718374,8,3,0.25,3,3,3,1
1082,KDHWCFCNNGUJCP-UHFFFAOYSA-O,296.35,2.457420000000001,1,2,46.62,0.4118383394482356,-0.4103653241256805,5,2,0.17647058823529413,3,3,1,1
1083,KDHWCFCNNGUJCP-UHFFFAOYSA-O,339.37500000000006,2.1074,2,3,75.72,0.4118383394482356,-0.41036532412568044,7,3,0.16666666666666666,3,3,2,1
1084,KDHWCFCNNGUJCP-UHFFFAOYSA-O,296.35,2.4912,0,2,37.830000000000005,0.4142019029206588,-0.41019791482534984,5,2,0.17647058823529413,3,3,1,1
1085,KDHWCFCNNGUJCP-UHFFFAOYSA-O,353.40200000000004,2.4496,1,3,66.93,0.4142019029206587,-0.4101979148252651,7,3,0.21052631578947367,3,3,2,1
1086,KDHWCFCNNGUJCP-UHFFFAOYSA-O,282.32300000000004,2.149,1,2,46.62,0.4118386992399196,-0.41034025867956514,5,2,0.125,3,3,1,1
1087,KDHWCFCNNGUJCP-UHFFFAOYSA-O,339.37500000000006,2.1074,2,3,75.72,0.41183869923991967,-0.4103402586794804,7,3,0.16666666666666666,3,3,2,1
1088,KDHWCFCNNGUJCP-UHFFFAOYSA-O,252.29699999999997,1.5297,1,1,51.38,0.28597474478232504,-0.36548128071979663,4,2,0.06666666666666667,3,3,1,1
3324,NBMHQAWRLMBPET-UHFFFAOYSA-N,307.3570000000001,2.4582000000000006,0,6,58.290000000000006,0.31805163609340786,-0.4032671982922875,6,3,0.23529411764705882,3,4,2,0
3325,NBMHQAWRLMBPET-UHFFFAOYSA-N,367.40900000000016,2.4754000000000005,0,8,76.75000000000001,0.31805400119826344,-0.49284213498182905,8,5,0.3157894736842105,3,4,2,0
3326,NBMHQAWRLMBPET-UHFFFAOYSA-N,397.43500000000023,2.484000000000001,0,9,85.98000000000002,0.3180516726491454,-0.4926888510326221,9,6,0.35,3,4,2,0
3327,NBMHQAWRLMBPET-UHFFFAOYSA-N,323.3560000000001,2.1638,1,7,78.52000000000001,0.3180516362291934,-0.507966196490907,7,3,0.23529411764705882,3,4,2,0
3328,NBMHQAWRLMBPET-UHFFFAOYSA-N,323.3560000000001,2.1638,1,7,78.52000000000001,0.3180539805865749,-0.5071221540632467,7,3,0.23529411764705882,3,4,2,0
3329,NBMHQAWRLMBPET-UHFFFAOYSA-N,339.35500000000013,1.8694,2,8,98.75000000000001,0.31805398072924534,-0.507822498714481,8,3,0.23529411764705882,3,4,2,0
3330,NBMHQAWRLMBPET-UHFFFAOYSA-N,321.3840000000001,2.7666200000000005,0,6,58.290000000000006,0.31805163742195736,-0.40326701371970863,6,3,0.2777777777777778,3,4,2,0
3331,NBMHQAWRLMBPET-UHFFFAOYSA-N,321.3840000000001,2.7666200000000014,0,6,58.290000000000006,0.3180516361033316,-0.40326719541150013,6,3,0.2777777777777778,3,4,2,0
3332,NBMHQAWRLMBPET-UHFFFAOYSA-N,352.3540000000001,2.3663999999999996,0,8,101.42999999999999,0.3180516363453095,-0.4032671250895978,9,4,0.23529411764705882,3,4,3,0
3333,NBMHQAWRLMBPET-UHFFFAOYSA-N,375.3540000000001,3.477000000000002,0,6,58.290000000000006,0.4159102664755695,-0.4032671950403709,9,3,0.2777777777777778,3,4,2,0
3334,NBMHQAWRLMBPET-UHFFFAOYSA-N,391.3530000000001,3.3568000000000016,0,7,67.52000000000001,0.5725963035811865,-0.4057992426779959,10,4,0.2777777777777778,3,4,2,0
3335,NBMHQAWRLMBPET-UHFFFAOYSA-N,341.80200000000013,3.111600000000001,0,6,58.290000000000006,0.3180516361444089,-0.4032671834145312,7,3,0.23529411764705882,3,4,2,0
3336,NBMHQAWRLMBPET-UHFFFAOYSA-N,325.3470000000001,2.5973000000000006,0,6,58.290000000000006,0.31805163619519017,-0.4032671686272133,7,3,0.23529411764705882,3,4,2,0
3337,NBMHQAWRLMBPET-UHFFFAOYSA-N,386.2530000000001,3.220700000000001,0,6,58.290000000000006,0.3180516361318965,-0.4032671870619832,7,3,0.23529411764705882,3,4,2,0
3338,NBMHQAWRLMBPET-UHFFFAOYSA-N,343.3370000000001,2.7364000000000006,0,6,58.290000000000006,0.3180534102953434,-0.40314988937767365,8,3,0.23529411764705882,3,4,2,0
400,QNXSIUBBGPHDDE-UHFFFAOYSA-N,206.24099999999999,2.0787,0,3,35.53,0.1695033929882198,-0.4966133825072849,3,2,0.4166666666666667,1,2,0,0
401,QNXSIUBBGPHDDE-UHFFFAOYSA-N,176.21499999999997,2.0701,0,2,26.3,0.16591032265129274,-0.4967432717288158,2,1,0.36363636363636365,1,2,0,0
402,QNXSIUBBGPHDDE-UHFFFAOYSA-N,234.29499999999996,2.8573000000000013,0,3,35.53,0.16591509870813317,-0.4928441087827251,3,3,0.5,1,2,0,0
407,QNXSIUBBGPHDDE-UHFFFAOYSA-N,160.21599999999998,2.3699200000000005,0,1,17.07,0.16578309439586858,-0.29386624083167345,1,0,0.36363636363636365,1,2,0,0
413,QNXSIUBBGPHDDE-UHFFFAOYSA-N,146.18899999999996,2.0615,0,1,17.07,0.1657729147874489,-0.2938664235572461,1,0,0.3,1,2,0,0
414,QNXSIUBBGPHDDE-UHFFFAOYSA-N,176.21499999999997,2.0701,0,2,26.3,0.16591334739093977,-0.4964527130409632,2,1,0.36363636363636365,1,2,0,0
415,QNXSIUBBGPHDDE-UHFFFAOYSA-N,206.24099999999996,2.0787,0,3,35.53,0.17129362282256386,-0.49284313956094716,3,2,0.4166666666666667,1,2,0,0
416,QNXSIUBBGPHDDE-UHFFFAOYSA-N,192.21399999999997,1.7757,1,3,46.53,0.16591509669794618,-0.5042474897174762,3,1,0.36363636363636365,1,2,0,0
417,QNXSIUBBGPHDDE-UHFFFAOYSA-N,206.24099999999996,2.0787,0,3,35.53,0.16964070552885457,-0.4964478742739226,3,2,0.4166666666666667,1,2,0,0
420,QNXSIUBBGPHDDE-UHFFFAOYSA-N,164.17899999999997,2.2005999999999997,0,1,17.07,0.16587824923154712,-0.29386455114899823,2,0,0.3,1,2,0,0
422,QNXSIUBBGPHDDE-UHFFFAOYSA-N,236.26699999999997,2.0873,0,4,44.760000000000005,0.20355332380062,-0.49270380427609367,4,3,0.46153846153846156,1,2,0,0
424,QNXSIUBBGPHDDE-UHFFFAOYSA-N,206.24099999999996,2.0787,0,3,35.53,0.1659150986706916,-0.49285879088098083,3,2,0.4166666666666667,1,2,0,0
428,QNXSIUBBGPHDDE-UHFFFAOYSA-N,234.29499999999993,2.858900000000001,0,3,35.53,0.16591510107023358,-0.4899799020269359,3,4,0.5,1,2,0,0
429,QNXSIUBBGPHDDE-UHFFFAOYSA-N,160.21599999999998,2.3699200000000005,0,1,17.07,0.1657828740745319,-0.29386624323184013,1,0,0.36363636363636365,1,2,0,0
430,QNXSIUBBGPHDDE-UHFFFAOYSA-N,206.24099999999996,2.0787,0,3,35.53,0.16591812551404952,-0.4928581219502675,3,2,0.4166666666666667,1,2,0,0
1712,VHBFFQKBGNRLFZ-UHFFFAOYSA-N,286.23900000000003,2.282400000000001,4,6,111.13000000000001,0.23453373936363897,-0.5078219802085129,6,1,0.0,3,3,0,0
1713,VHBFFQKBGNRLFZ-UHFFFAOYSA-N,318.237,1.6935999999999998,6,8,151.59,0.23828860248071562,-0.5076781655726541,8,1,0.0,3,3,0,0
1714,VHBFFQKBGNRLFZ-UHFFFAOYSA-N,270.24,2.576800000000001,3,5,90.9,0.23828856065790258,-0.5076781655726545,5,1,0.0,3,3,0,0
3423,VHBFFQKBGNRLFZ-UHFFFAOYSA-N,440.4520000000002,4.066600000000003,1,7,109.52000000000001,0.4144584069022243,-0.506892723545539,9,5,0.2608695652173913,3,3,2,0
3424,VHBFFQKBGNRLFZ-UHFFFAOYSA-N,525.5580000000003,4.811500000000004,0,8,118.82999999999998,0.41448177730738434,-0.455526548848169,11,7,0.3333333333333333,3,3,3,0
3946,VHBFFQKBGNRLFZ-UHFFFAOYSA-N,443.034,4.532700000000001,1,3,50.44,0.23456846208618323,-0.5015154117969279,5,1,0.0,3,3,0,0
4015,VHBFFQKBGNRLFZ-UHFFFAOYSA-N,302.23800000000006,1.988,5,7,131.36,0.2382885816404551,-0.5076781655726544,7,1,0.0,3,3,0,0
4018,VHBFFQKBGNRLFZ-UHFFFAOYSA-N,298.29400000000004,3.182800000000001,1,5,68.9,0.20452672210394482,-0.506887922931415,5,3,0.11764705882352941,3,3,0,0
4048,VHBFFQKBGNRLFZ-UHFFFAOYSA-N,400.118,4.048400000000001,1,3,50.44,0.23457074408120335,-0.5015154116391912,6,1,0.0,3,3,0,0
4049,VHBFFQKBGNRLFZ-UHFFFAOYSA-N,416.573,4.5627,1,3,50.44,0.23457074402287592,-0.5015154116757803,6,1,0.0,3,3,0,0
4050,VHBFFQKBGNRLFZ-UHFFFAOYSA-N,473.06000000000006,4.541300000000002,1,4,59.67,0.23456846224216063,-0.5015154116990819,6,2,0.0625,3,3,0,0
4051,VHBFFQKBGNRLFZ-UHFFFAOYSA-N,424.19000000000005,3.7874000000000025,1,5,68.9,0.2345719280087271,-0.5015154115693284,6,3,0.11764705882352941,3,3,0,0
4075,VHBFFQKBGNRLFZ-UHFFFAOYSA-N,385.37200000000007,3.4174000000000024,3,7,120.44000000000001,0.4147065317865345,-0.5040678974331602,8,4,0.2,3,3,1,0
4079,VHBFFQKBGNRLFZ-UHFFFAOYSA-N,367.4450000000001,4.189200000000003,0,5,51.91,0.1928209935557586,-0.4967677865528365,5,8,0.3181818181818182,3,3,1,0
4168,VHBFFQKBGNRLFZ-UHFFFAOYSA-N,238.242,3.1656000000000013,1,3,50.44,0.19281620053553963,-0.5079662131563947,3,1,0.0,3,3,0,0
2967,VVWWYMNUAXKVCF-UHFFFAOYSA-N,365.34100000000007,3.151700000000001,2,5,105.84,0.32782118769900714,-0.4967658883820176,7,5,0.05,3,3,1,0
2968,VVWWYMNUAXKVCF-UHFFFAOYSA-N,349.34200000000004,3.4515200000000013,2,4,96.61,0.32782118769900714,-0.4780736044582894,6,4,0.05,3,3,1,0
2969,VVWWYMNUAXKVCF-UHFFFAOYSA-N,335.31500000000005,3.1431000000000013,2,4,96.60999999999999,0.32782118769900714,-0.4780736044582894,6,4,0.0,3,3,1,0
2978,VVWWYMNUAXKVCF-UHFFFAOYSA-N,462.5460000000002,4.560340000000004,1,6,88.85,0.33030830980665526,-0.46116581172205023,7,9,0.2962962962962963,3,3,2,0
2979,VVWWYMNUAXKVCF-UHFFFAOYSA-N,468.9370000000001,4.596900000000003,1,6,88.85,0.33030830980665526,-0.46116581172205023,8,9,0.24,3,3,2,0
2980,VVWWYMNUAXKVCF-UHFFFAOYSA-N,468.9370000000001,4.596900000000003,1,6,88.85,0.33030830980665526,-0.46116581172205023,8,9,0.24,3,3,2,0
2981,VVWWYMNUAXKVCF-UHFFFAOYSA-N,464.5180000000002,3.9521000000000024,1,7,98.08000000000001,0.33030830980665526,-0.4967658883820176,8,10,0.2692307692307692,3,3,2,0
2982,VVWWYMNUAXKVCF-UHFFFAOYSA-N,448.5190000000002,4.251920000000003,1,6,88.85,0.33030830980665526,-0.46116581172205023,7,9,0.2692307692307692,3,3,2,0
2983,VVWWYMNUAXKVCF-UHFFFAOYSA-N,434.49200000000013,3.943500000000003,1,6,88.85,0.33030830980665526,-0.46116581172205023,7,9,0.24,3,3,2,0
2984,VVWWYMNUAXKVCF-UHFFFAOYSA-N,434.49200000000025,3.780140000000003,1,6,88.85,0.33030830659845917,-0.4611662543912805,7,7,0.24,3,3,2,0
2985,VVWWYMNUAXKVCF-UHFFFAOYSA-N,440.88300000000015,3.8167000000000018,1,6,88.85,0.33030830659845917,-0.4611662543912805,8,7,0.17391304347826086,3,3,2,0
2986,VVWWYMNUAXKVCF-UHFFFAOYSA-N,440.88300000000015,3.8167000000000018,1,6,88.85,0.33030830659845917,-0.4611662543912805,8,7,0.17391304347826086,3,3,2,0
2987,VVWWYMNUAXKVCF-UHFFFAOYSA-N,436.4640000000002,3.1719000000000017,1,7,98.08,0.33030830659845917,-0.4967658883820176,8,8,0.20833333333333334,3,3,2,0
2988,VVWWYMNUAXKVCF-UHFFFAOYSA-N,420.4650000000002,3.471720000000002,1,6,88.85,0.33030830659845917,-0.4611662543912805,7,7,0.20833333333333334,3,3,2,0
2989,VVWWYMNUAXKVCF-UHFFFAOYSA-N,406.4380000000001,3.1633000000000013,1,6,88.85,0.33030830659845917,-0.4611662543912805,7,7,0.17391304347826086,3,3,2,0
3217,ZZWIYXVNVZCOSL-UHFFFAOYSA-N,316.3950000000001,3.719000000000003,1,2,15.27,0.13010576348027345,-0.30971963989970924,4,5,0.3684210526315789,2,3,2,0
3218,ZZWIYXVNVZCOSL-UHFFFAOYSA-N,298.4050000000001,3.579900000000003,1,2,15.27,0.12272886364338956,-0.3098289415620394,3,5,0.3684210526315789,2,3,2,0
3219,ZZWIYXVNVZCOSL-UHFFFAOYSA-N,349.30500000000006,4.747600000000004,1,2,15.27,0.04652614575979729,-0.30977381366852796,4,5,0.3684210526315789,2,3,2,0
3220,ZZWIYXVNVZCOSL-UHFFFAOYSA-N,314.86000000000007,4.094200000000003,1,2,15.27,0.04056998123987868,-0.30982895555767886,3,5,0.3684210526315789,2,3,2,0
3221,ZZWIYXVNVZCOSL-UHFFFAOYSA-N,364.41100000000006,4.339400000000003,1,3,24.5,0.5725963006273075,-0.40579968101586983,6,6,0.4,2,3,2,0
3222,ZZWIYXVNVZCOSL-UHFFFAOYSA-N,348.4120000000001,4.459600000000004,1,2,15.27,0.41590985006640924,-0.3098289665604584,5,5,0.4,2,3,2,0
3223,ZZWIYXVNVZCOSL-UHFFFAOYSA-N,325.4120000000001,3.349000000000002,1,4,58.410000000000004,0.268943479343963,-0.3098289003559603,5,6,0.3684210526315789,2,3,3,0
3224,ZZWIYXVNVZCOSL-UHFFFAOYSA-N,294.44200000000006,3.749220000000003,1,2,15.27,0.023325742220661777,-0.309828966912491,2,5,0.4,2,3,2,0
3225,ZZWIYXVNVZCOSL-UHFFFAOYSA-N,294.44200000000006,3.749220000000003,1,2,15.27,0.023325742220661777,-0.3098287957824593,2,5,0.4,2,3,2,0
3226,ZZWIYXVNVZCOSL-UHFFFAOYSA-N,312.41300000000007,2.852000000000001,3,4,55.730000000000004,0.1232512904376192,-0.5078229517202295,4,5,0.3684210526315789,2,3,2,0
3227,ZZWIYXVNVZCOSL-UHFFFAOYSA-N,296.41400000000004,3.1464000000000016,2,3,35.5,0.11509649151112311,-0.5079666315606834,3,5,0.3684210526315789,2,3,2,0
3228,ZZWIYXVNVZCOSL-UHFFFAOYSA-N,296.41400000000004,3.1464000000000016,2,3,35.5,0.11956276947518656,-0.5076239810242149,3,5,0.3684210526315789,2,3,2,0
3229,ZZWIYXVNVZCOSL-UHFFFAOYSA-N,370.4930000000002,3.4666000000000023,1,5,42.96000000000001,0.20277547404968288,-0.4927037750082345,5,8,0.45454545454545453,2,3,2,0
3230,ZZWIYXVNVZCOSL-UHFFFAOYSA-N,280.41499999999996,3.440800000000002,1,2,15.27,0.023325742220661777,-0.30982896963900786,2,5,0.3684210526315789,2,3,2,0
3231,ZZWIYXVNVZCOSL-UHFFFAOYSA-N,340.46700000000016,3.458000000000002,1,4,33.730000000000004,0.1646894691796838,-0.4928579967657114,4,7,0.42857142857142855,2,3,2,0
3400,BHEXKVGLZMEJRQ-UHFFFAOYSA-N,266.388,3.0507000000000017,1,2,15.27,0.023390879087582046,-0.30860104213430967,2,5,0.3333333333333333,2,3,2,0
3401,BHEXKVGLZMEJRQ-UHFFFAOYSA-N,326.4400000000001,3.0679000000000016,1,4,33.730000000000004,0.1646894770057543,-0.4928579967656497,4,7,0.4,2,3,2,0
3402,BHEXKVGLZMEJRQ-UHFFFAOYSA-N,356.4660000000002,3.076500000000002,1,5,42.96000000000001,0.2027754740497982,-0.49270377500817675,5,8,0.42857142857142855,2,3,2,0
3403,BHEXKVGLZMEJRQ-UHFFFAOYSA-N,282.387,2.7563000000000013,2,3,35.5,0.11509649151123019,-0.5079666315606832,3,5,0.3333333333333333,2,3,2,0
3404,BHEXKVGLZMEJRQ-UHFFFAOYSA-N,282.387,2.7563000000000013,2,3,35.5,0.11956277729267908,-0.5076239809929506,3,5,0.3333333333333333,2,3,2,0
3405,BHEXKVGLZMEJRQ-UHFFFAOYSA-N,298.386,2.461900000000001,3,4,55.730000000000004,0.12325129825558333,-0.5078229517202294,4,5,0.3333333333333333,2,3,2,0
3406,BHEXKVGLZMEJRQ-UHFFFAOYSA-N,280.415,3.3591200000000025,1,2,15.27,0.023390879087582046,-0.30860103940775463,2,5,0.3684210526315789,2,3,2,0
3407,BHEXKVGLZMEJRQ-UHFFFAOYSA-N,311.38500000000005,2.9589000000000016,1,4,58.410000000000004,0.2689434793440714,-0.30860097285029,5,6,0.3333333333333333,2,3,3,0
3408,BHEXKVGLZMEJRQ-UHFFFAOYSA-N,334.38500000000005,4.069500000000003,1,2,15.27,0.4159098500664093,-0.30860103905571556,5,5,0.3684210526315789,2,3,2,0
3409,BHEXKVGLZMEJRQ-UHFFFAOYSA-N,350.384,3.9493000000000027,1,3,24.5,0.5725963006273075,-0.4057996810158698,6,6,0.3684210526315789,2,3,2,0
3410,BHEXKVGLZMEJRQ-UHFFFAOYSA-N,300.833,3.704100000000002,1,2,15.27,0.04056998123998488,-0.3086010280527828,3,5,0.3333333333333333,2,3,2,0
3411,BHEXKVGLZMEJRQ-UHFFFAOYSA-N,284.37800000000004,3.1898000000000017,1,2,15.27,0.1227288636434964,-0.3086010140569466,3,5,0.3333333333333333,2,3,2,0
3412,BHEXKVGLZMEJRQ-UHFFFAOYSA-N,345.284,3.813200000000003,1,2,15.27,0.023390879087582046,-0.3086010315050208,3,5,0.3333333333333333,2,3,2,0
3413,BHEXKVGLZMEJRQ-UHFFFAOYSA-N,302.36800000000005,3.3289000000000026,1,2,15.27,0.13010577128026057,-0.3084917131502324,4,5,0.3333333333333333,2,3,2,0
823,BWDSTVFADYFLHE-UHFFFAOYSA-N,662.8320000000003,6.066600000000006,2,10,150.96,0.27338713458471753,-0.3817772729616163,12,24,0.5,2,3,6,0
824,BWDSTVFADYFLHE-UHFFFAOYSA-N,641.7280000000002,7.557000000000008,2,6,64.68,0.2034877763341216,-0.3817772729616163,8,22,0.5,2,3,4,0
825,BWDSTVFADYFLHE-UHFFFAOYSA-N,600.8920000000004,6.867040000000007,2,6,64.68,0.2034877763341216,-0.3817772729616163,6,22,0.5263157894736842,2,3,4,0
826,BWDSTVFADYFLHE-UHFFFAOYSA-N,632.8900000000003,6.2674000000000065,2,8,83.14,0.2034877763341216,-0.4967570868146623,8,24,0.5263157894736842,2,3,4,0
827,BWDSTVFADYFLHE-UHFFFAOYSA-N,632.8900000000003,6.2674000000000065,2,8,83.14,0.2034877763341216,-0.496768205138908,8,24,0.5263157894736842,2,3,4,0
828,BWDSTVFADYFLHE-UHFFFAOYSA-N,572.8380000000005,6.250200000000007,2,6,64.68,0.2034877763341216,-0.3817772729616163,6,22,0.5,2,3,4,0
829,BWDSTVFADYFLHE-UHFFFAOYSA-N,660.9440000000002,7.0444000000000075,2,8,83.14000000000001,0.2034877763341216,-0.49642592878260927,8,24,0.55,2,3,4,0
830,BWDSTVFADYFLHE-UHFFFAOYSA-N,604.8360000000004,5.487200000000005,2,8,83.14000000000001,0.2034877763341216,-0.4964259322247426,8,22,0.5,2,3,4,0
831,BWDSTVFADYFLHE-UHFFFAOYSA-N,576.7820000000003,4.802800000000003,4,8,100.72,0.2034877763341216,-0.49642606987126947,8,22,0.47058823529411764,2,3,4,0
840,BWDSTVFADYFLHE-UHFFFAOYSA-N,660.9440000000004,7.047600000000008,2,8,83.14,0.20665693649797207,-0.49642593046585387,8,24,0.55,2,3,4,0
841,BWDSTVFADYFLHE-UHFFFAOYSA-N,790.6820000000002,7.712600000000009,2,8,83.14,0.21882318337512913,-0.49642593046585387,10,24,0.5263157894736842,2,3,4,0
842,BWDSTVFADYFLHE-UHFFFAOYSA-N,701.7800000000003,7.400400000000009,2,8,83.14,0.22360626527567468,-0.49642593046585387,10,24,0.5263157894736842,2,3,4,0
843,BWDSTVFADYFLHE-UHFFFAOYSA-N,668.8700000000003,6.861800000000008,2,8,83.14,0.24212130564974207,-0.49642593046585387,10,24,0.5263157894736842,2,3,4,0
1464,BWDSTVFADYFLHE-UHFFFAOYSA-N,608.7800000000004,4.214000000000003,6,10,141.18,0.2034877763341216,-0.5042545954762858,10,22,0.47058823529411764,2,3,4,0
2608,FVWANTDQRFSCAL-UHFFFAOYSA-N,353.3820000000001,2.7497000000000007,3,6,111.39000000000001,0.31850412732877625,-0.4928699589473596,8,6,0.16666666666666666,3,3,3,0
2609,FVWANTDQRFSCAL-UHFFFAOYSA-N,293.33000000000004,2.732500000000001,3,4,92.93,0.31850412732877625,-0.3653121845048552,6,4,0.0625,3,3,3,0
2612,FVWANTDQRFSCAL-UHFFFAOYSA-N,352.3940000000001,3.217500000000001,2,6,85.37,0.23146121728659422,-0.4928699589473596,7,6,0.21052631578947367,3,3,2,0
2613,FVWANTDQRFSCAL-UHFFFAOYSA-N,292.34200000000004,3.2003000000000013,2,4,66.91,0.23146121728647823,-0.36531219033022977,5,4,0.11764705882352941,3,3,2,0
2614,FVWANTDQRFSCAL-UHFFFAOYSA-N,352.43800000000005,4.081000000000003,2,6,68.30000000000001,0.22472925254443052,-0.4928699589473596,6,8,0.3,3,3,2,0
2616,FVWANTDQRFSCAL-UHFFFAOYSA-N,278.35900000000004,3.673700000000002,2,4,49.84,0.22471975156488444,-0.3653123640856374,4,5,0.17647058823529413,3,3,2,0
2617,FVWANTDQRFSCAL-UHFFFAOYSA-N,292.3860000000001,4.063800000000002,2,4,49.84,0.22472925254431453,-0.36531236408155515,4,6,0.2222222222222222,3,3,2,0
2618,FVWANTDQRFSCAL-UHFFFAOYSA-N,292.3860000000001,4.0622000000000025,2,4,49.84,0.22492832407966878,-0.3653123632215086,4,5,0.2222222222222222,3,3,2,0
2629,FVWANTDQRFSCAL-UHFFFAOYSA-N,352.39400000000006,2.2869,2,6,99.36000000000001,0.22458880000169812,-0.4928699589473596,7,7,0.21052631578947367,3,3,2,0
2630,FVWANTDQRFSCAL-UHFFFAOYSA-N,292.34200000000004,2.2696999999999994,2,4,80.9,0.22458880000169812,-0.3692873497913277,5,5,0.11764705882352941,3,3,2,0
2634,FVWANTDQRFSCAL-UHFFFAOYSA-N,324.384,3.3008000000000015,2,6,68.30000000000001,0.22446644551468198,-0.4928699589473596,6,6,0.2222222222222222,3,3,2,0
2635,FVWANTDQRFSCAL-UHFFFAOYSA-N,338.41100000000006,3.6909000000000027,2,6,68.30000000000001,0.22471975156500046,-0.4928699589473596,6,7,0.2631578947368421,3,3,2,0
2636,FVWANTDQRFSCAL-UHFFFAOYSA-N,352.4380000000001,4.079400000000002,2,6,68.3,0.22492832407978477,-0.4928699589473596,6,7,0.3,3,3,2,0
2637,FVWANTDQRFSCAL-UHFFFAOYSA-N,264.332,3.2836000000000016,2,4,49.84,0.224466445514566,-0.3653123651832623,4,4,0.125,3,3,2,0
2839,IXVWXMHLIKJMLG-UHFFFAOYSA-N,370.40800000000013,3.6640000000000024,1,3,66.48,0.2602795699575918,-0.3219869766962363,5,3,0.08695652173913043,3,4,2,0
2840,IXVWXMHLIKJMLG-UHFFFAOYSA-N,404.8530000000001,4.317400000000003,1,3,66.48,0.26033315119912204,-0.3219869766962363,6,3,0.08695652173913043,3,4,2,0
2841,IXVWXMHLIKJMLG-UHFFFAOYSA-N,384.4350000000001,3.9724200000000023,1,3,66.48,0.26028961267494377,-0.3219869766962363,5,3,0.125,3,4,2,0
2842,IXVWXMHLIKJMLG-UHFFFAOYSA-N,400.4340000000001,3.672600000000002,1,4,75.71000000000001,0.2640454018824986,-0.49592409064272314,6,4,0.125,3,4,2,0
2843,IXVWXMHLIKJMLG-UHFFFAOYSA-N,404.8530000000002,4.317400000000003,1,3,66.48,0.2602795699575918,-0.32198621888569423,6,3,0.08695652173913043,3,4,2,0
2844,IXVWXMHLIKJMLG-UHFFFAOYSA-N,439.2980000000001,4.970800000000003,1,3,66.48,0.26033315119912204,-0.32198621888569423,7,3,0.08695652173913043,3,4,2,0
2845,IXVWXMHLIKJMLG-UHFFFAOYSA-N,418.8800000000001,4.625820000000004,1,3,66.48,0.26028961267494377,-0.32198621888569423,6,3,0.125,3,4,2,0
2846,IXVWXMHLIKJMLG-UHFFFAOYSA-N,434.87900000000013,4.326000000000003,1,4,75.71000000000001,0.2640454018824986,-0.49592409064272314,7,4,0.125,3,4,2,0
2847,IXVWXMHLIKJMLG-UHFFFAOYSA-N,418.88000000000017,4.625820000000004,1,3,66.48,0.26033315119912204,-0.3219868314629514,6,3,0.125,3,4,2,0
2848,IXVWXMHLIKJMLG-UHFFFAOYSA-N,398.46200000000016,4.280840000000002,1,3,66.48,0.26028961267494377,-0.3219868314629514,5,3,0.16,3,4,2,0
2849,IXVWXMHLIKJMLG-UHFFFAOYSA-N,400.43400000000014,3.672600000000002,1,4,75.71000000000001,0.2602795699575918,-0.49592423962340293,6,4,0.125,3,4,2,0
2850,IXVWXMHLIKJMLG-UHFFFAOYSA-N,434.8790000000002,4.326000000000004,1,4,75.71000000000001,0.26033315119912204,-0.49592423962340293,7,4,0.125,3,4,2,0
2851,IXVWXMHLIKJMLG-UHFFFAOYSA-N,414.4610000000002,3.9810200000000027,1,4,75.71000000000001,0.26028961267494377,-0.49592423962340293,6,4,0.16,3,4,2,0
2852,IXVWXMHLIKJMLG-UHFFFAOYSA-N,430.4600000000002,3.6812000000000022,1,5,84.94,0.2640454018824986,-0.49592423962340293,7,5,0.16,3,4,2,0
57,JHQNMXFHTFUQGJ-UHFFFAOYSA-N,666.9920000000003,7.64580000000001,0,6,65.56,0.22180497696035623,-0.4964259322247426,8,27,0.65,2,2,4,0
61,JHQNMXFHTFUQGJ-UHFFFAOYSA-N,638.9380000000004,6.961400000000008,2,6,83.14,0.22180497695557802,-0.49642606987126947,8,27,0.631578947368421,2,2,4,0
63,JHQNMXFHTFUQGJ-UHFFFAOYSA-N,610.8840000000005,6.2770000000000055,4,6,100.72000000000001,0.21949404771968395,-0.49642606987126947,8,27,0.6111111111111112,2,2,4,0
256,JHQNMXFHTFUQGJ-UHFFFAOYSA-N,663.0480000000002,9.025640000000005,0,4,47.10000000000001,0.2218049769603682,-0.34576488878813616,6,27,0.6666666666666666,2,2,4,0
260,JHQNMXFHTFUQGJ-UHFFFAOYSA-N,666.9920000000004,7.64580000000001,0,6,65.56,0.22180497696035623,-0.496768205138932,8,27,0.65,2,2,4,0
262,JHQNMXFHTFUQGJ-UHFFFAOYSA-N,751.1540000000001,9.983199999999998,0,6,65.56000000000002,0.2222943285392408,-0.49642593046585387,8,31,0.6956521739130435,2,2,4,0
264,JHQNMXFHTFUQGJ-UHFFFAOYSA-N,723.1000000000003,9.203000000000005,0,6,65.56,0.2218049769603796,-0.49642592878260927,8,29,0.6818181818181818,2,2,4,0
266,JHQNMXFHTFUQGJ-UHFFFAOYSA-N,666.9920000000004,7.645800000000009,0,6,65.56,0.22180497696035623,-0.49675708682128267,8,27,0.65,2,2,4,0
268,JHQNMXFHTFUQGJ-UHFFFAOYSA-N,724.9880000000003,8.22520000000001,0,8,133.38000000000002,0.27338713458471753,-0.34576488878813616,12,29,0.65,2,2,6,0
272,JHQNMXFHTFUQGJ-UHFFFAOYSA-N,751.1539999999998,9.9864,0,6,65.56,0.2218049769603682,-0.4932701238237712,8,33,0.6956521739130435,2,2,4,0
276,JHQNMXFHTFUQGJ-UHFFFAOYSA-N,770.9880000000005,10.446399999999997,0,4,47.10000000000001,0.416223392755107,-0.34576488878813616,12,27,0.6666666666666666,2,2,4,0
277,JHQNMXFHTFUQGJ-UHFFFAOYSA-N,695.0460000000003,8.426000000000007,0,6,65.56000000000002,0.2218049769603682,-0.49642593046585387,8,29,0.6666666666666666,2,2,4,0
279,JHQNMXFHTFUQGJ-UHFFFAOYSA-N,634.9940000000004,8.408800000000008,0,4,47.10000000000001,0.2218049769603682,-0.34576488878813616,6,27,0.65,2,2,4,0
281,JHQNMXFHTFUQGJ-UHFFFAOYSA-N,703.8840000000002,9.715600000000002,0,4,47.10000000000001,0.2218049769603682,-0.34576488878813616,8,27,0.65,2,2,4,0
304,PEZZRWUONLGRDN-UHFFFAOYSA-N,377.48800000000006,4.631000000000004,1,4,58.370000000000005,0.22074953188379712,-0.3559316633822748,5,6,0.391304347826087,3,4,2,0
347,PEZZRWUONLGRDN-UHFFFAOYSA-N,348.4900000000002,5.289440000000005,0,3,29.270000000000003,0.16691997861377483,-0.3560030357798577,3,5,0.43478260869565216,3,4,1,0
348,PEZZRWUONLGRDN-UHFFFAOYSA-N,320.4360000000001,4.6726000000000045,0,3,29.270000000000003,0.16663553260750422,-0.3560140092670128,3,5,0.38095238095238093,3,4,1,0
349,PEZZRWUONLGRDN-UHFFFAOYSA-N,350.4620000000001,4.681200000000004,0,4,38.5,0.20837195741547432,-0.49270957224699535,4,6,0.4090909090909091,3,4,1,0
353,PEZZRWUONLGRDN-UHFFFAOYSA-N,334.4630000000001,4.981020000000005,0,3,29.270000000000003,0.16665539940512528,-0.3560136515179559,3,5,0.4090909090909091,3,4,1,0
354,PEZZRWUONLGRDN-UHFFFAOYSA-N,350.4620000000001,4.681200000000004,0,4,38.5,0.1703283081863938,-0.49662179054508826,4,6,0.4090909090909091,3,4,1,0
357,PEZZRWUONLGRDN-UHFFFAOYSA-N,399.33200000000005,5.435100000000005,0,3,29.270000000000003,0.16776130780763027,-0.35597119938778427,4,5,0.38095238095238093,3,4,1,0
361,PEZZRWUONLGRDN-UHFFFAOYSA-N,363.46100000000007,3.771500000000003,1,4,72.36000000000001,0.24833658619924168,-0.36559750158736964,5,6,0.36363636363636365,3,4,2,0
364,PEZZRWUONLGRDN-UHFFFAOYSA-N,336.4350000000001,4.378200000000004,1,4,49.5,0.1703203135177203,-0.5078201773628643,4,5,0.38095238095238093,3,4,1,0
365,PEZZRWUONLGRDN-UHFFFAOYSA-N,335.45100000000014,4.254800000000004,1,4,55.29,0.16868761704298543,-0.3986165386508205,4,5,0.38095238095238093,3,4,2,0
367,PEZZRWUONLGRDN-UHFFFAOYSA-N,345.44600000000014,4.544280000000004,0,4,53.06,0.1679554114482569,-0.3559652824726612,4,5,0.36363636363636365,3,4,2,0
368,PEZZRWUONLGRDN-UHFFFAOYSA-N,350.46200000000005,4.681200000000005,0,4,38.50000000000001,0.16690963476431386,-0.49673982960645824,4,6,0.4090909090909091,3,4,1,0
624,PEZZRWUONLGRDN-UHFFFAOYSA-N,364.48900000000015,4.989620000000005,0,4,38.50000000000001,0.17034893553951796,-0.4963424497755974,4,6,0.43478260869565216,3,4,1,0
1432,PEZZRWUONLGRDN-UHFFFAOYSA-N,413.5430000000001,4.044100000000003,1,5,75.44,0.22932098127780093,-0.35593132006909106,7,7,0.4090909090909091,3,4,2,0
1912,YIYWRZZBMJZQLB-UHFFFAOYSA-N,413.521,4.478000000000004,3,3,68.36,0.2507891794134639,-0.5079413894524779,5,8,0.19230769230769232,4,4,2,0
1913,YIYWRZZBMJZQLB-UHFFFAOYSA-N,397.522,4.772400000000004,2,2,48.13,0.2507891794133422,-0.36088890069767343,4,8,0.19230769230769232,4,4,2,0
1914,YIYWRZZBMJZQLB-UHFFFAOYSA-N,427.5480000000001,4.781000000000004,2,3,57.36,0.2507891794134639,-0.4967429680665144,5,9,0.2222222222222222,4,4,2,0
1915,YIYWRZZBMJZQLB-UHFFFAOYSA-N,427.5480000000001,4.781000000000004,2,3,57.36,0.25078917941334244,-0.49668698043868953,5,9,0.2222222222222222,4,4,2,0
1916,YIYWRZZBMJZQLB-UHFFFAOYSA-N,415.512,4.911500000000004,2,2,48.13,0.25078917941334244,-0.36080431087609377,5,8,0.19230769230769232,4,4,2,0
1917,YIYWRZZBMJZQLB-UHFFFAOYSA-N,431.9670000000001,5.425800000000005,2,2,48.13,0.2507891794133422,-0.36088890069767343,5,8,0.19230769230769232,4,4,2,0
1918,YIYWRZZBMJZQLB-UHFFFAOYSA-N,461.9930000000001,5.434400000000005,2,3,57.36,0.2507891794134639,-0.4967429680665144,6,9,0.2222222222222222,4,4,2,0
1919,YIYWRZZBMJZQLB-UHFFFAOYSA-N,431.9670000000001,5.425800000000005,2,2,48.13,0.2507891794133422,-0.36088890069767343,5,8,0.19230769230769232,4,4,2,0
1920,YIYWRZZBMJZQLB-UHFFFAOYSA-N,461.9930000000001,5.434400000000005,2,3,57.36,0.2507891794134639,-0.4967429680665144,6,9,0.2222222222222222,4,4,2,0
1921,YIYWRZZBMJZQLB-UHFFFAOYSA-N,461.9930000000001,5.434400000000005,2,3,57.36,0.25078917941334244,-0.49668698043868953,6,9,0.2222222222222222,4,4,2,0
1922,YIYWRZZBMJZQLB-UHFFFAOYSA-N,427.5480000000001,4.781000000000004,2,3,57.36,0.2507891794133422,-0.49642593043524963,5,9,0.2222222222222222,4,4,2,0
1923,YIYWRZZBMJZQLB-UHFFFAOYSA-N,457.5740000000002,4.7896000000000045,2,4,66.59,0.2507891794134639,-0.4967429680665144,6,10,0.25,4,4,2,0
1924,YIYWRZZBMJZQLB-UHFFFAOYSA-N,427.5480000000002,4.781000000000004,2,3,57.36,0.2507891794133422,-0.49675708681461545,5,9,0.2222222222222222,4,4,2,0
1925,YIYWRZZBMJZQLB-UHFFFAOYSA-N,457.57400000000024,4.789600000000004,2,4,66.59,0.2507891794134639,-0.49675708681461545,6,10,0.25,4,4,2,0
371,AYMKUDMWKRYQAG-UHFFFAOYSA-N,344.4990000000002,4.263300000000004,1,3,41.57,0.41210062441632195,-0.4103474556297107,4,7,0.6666666666666666,1,3,2,0
372,AYMKUDMWKRYQAG-UHFFFAOYSA-N,358.52600000000024,4.653400000000004,1,3,41.57,0.412100624416331,-0.4103474556297107,4,8,0.6818181818181818,1,3,2,0
373,AYMKUDMWKRYQAG-UHFFFAOYSA-N,302.41800000000006,3.0930000000000017,1,3,41.57,0.4121004604859896,-0.4103474565657051,4,4,0.6111111111111112,1,3,2,0
376,AYMKUDMWKRYQAG-UHFFFAOYSA-N,330.47200000000015,3.8732000000000033,1,3,41.57,0.41210062441632195,-0.4103474556297231,4,6,0.65,1,3,2,0
377,AYMKUDMWKRYQAG-UHFFFAOYSA-N,344.4990000000002,4.263300000000003,1,3,41.57,0.412100624416331,-0.4103474556297231,4,7,0.6666666666666666,1,3,2,0
386,AYMKUDMWKRYQAG-UHFFFAOYSA-N,316.44500000000005,3.483100000000002,1,3,41.57,0.4121006231152233,-0.4103474556332596,4,5,0.631578947368421,1,3,2,0
387,AYMKUDMWKRYQAG-UHFFFAOYSA-N,372.5530000000003,5.043500000000004,1,3,41.57,0.412100624416331,-0.41034745562971064,4,9,0.6956521739130435,1,3,2,0
389,AYMKUDMWKRYQAG-UHFFFAOYSA-N,274.36400000000003,2.3128,1,3,41.57,0.4118385012931517,-0.4103546360627195,4,2,0.5625,1,3,2,0
1145,AYMKUDMWKRYQAG-UHFFFAOYSA-N,302.41800000000006,3.309000000000002,1,3,41.57,0.41210062175253875,-0.4103476449462574,4,5,0.6111111111111112,1,3,2,0
1146,AYMKUDMWKRYQAG-UHFFFAOYSA-N,288.391,2.9189000000000016,1,3,41.57,0.41210045912330506,-0.410347645878703,4,4,0.5882352941176471,1,3,2,0
1147,AYMKUDMWKRYQAG-UHFFFAOYSA-N,260.337,2.1387,1,3,41.57,0.4118384999304667,-0.4103548253757147,4,2,0.5333333333333333,1,3,2,0
1148,AYMKUDMWKRYQAG-UHFFFAOYSA-N,358.52600000000024,4.869400000000004,1,3,41.57,0.4121006230536464,-0.41034764494270853,4,9,0.6818181818181818,1,3,2,0
1149,AYMKUDMWKRYQAG-UHFFFAOYSA-N,344.4990000000002,4.479300000000004,1,3,41.57,0.4121006230536374,-0.41034764494270853,4,8,0.6666666666666666,1,3,2,0
3753,GZLZSRBYDJULSD-UHFFFAOYSA-N,474.64500000000027,6.904000000000007,1,5,60.45,0.34142621825640135,-0.49584453232919934,5,12,0.4666666666666667,3,4,1,0
3754,GZLZSRBYDJULSD-UHFFFAOYSA-N,509.0900000000003,7.5574000000000074,1,5,60.45,0.34142621825640135,-0.49584453232919934,6,12,0.4666666666666667,3,4,1,0
3755,GZLZSRBYDJULSD-UHFFFAOYSA-N,504.67100000000033,6.912600000000008,1,6,69.68,0.34142621825640135,-0.4967417642993277,6,13,0.4838709677419355,3,4,1,0
3756,GZLZSRBYDJULSD-UHFFFAOYSA-N,416.6090000000002,7.117400000000007,1,3,34.15,0.11863305824222063,-0.4967579625193984,3,11,0.4642857142857143,3,4,1,0
3757,GZLZSRBYDJULSD-UHFFFAOYSA-N,451.05400000000026,7.770800000000007,1,3,34.15,0.11863305824222063,-0.4967579625193984,4,11,0.4642857142857143,3,4,1,0
3758,GZLZSRBYDJULSD-UHFFFAOYSA-N,446.6350000000003,7.126000000000007,1,4,43.379999999999995,0.12232962305325591,-0.49661419896126296,4,12,0.4827586206896552,3,4,1,0
3759,GZLZSRBYDJULSD-UHFFFAOYSA-N,481.0800000000003,7.779400000000008,1,4,43.379999999999995,0.12232962305325591,-0.49661419896126296,5,12,0.4827586206896552,3,4,1,0
3760,GZLZSRBYDJULSD-UHFFFAOYSA-N,460.6180000000002,6.601000000000006,2,5,71.45,0.3414179926581251,-0.5070418192671478,5,11,0.4482758620689655,3,4,1,0
3761,GZLZSRBYDJULSD-UHFFFAOYSA-N,495.0630000000003,7.254400000000006,2,5,71.45,0.3414179926581251,-0.5070418192671478,6,11,0.4482758620689655,3,4,1,0
3762,GZLZSRBYDJULSD-UHFFFAOYSA-N,446.5910000000002,6.512600000000006,3,4,82.45,0.33925497310129604,-0.5070419094397797,5,11,0.42857142857142855,3,4,1,0
3763,GZLZSRBYDJULSD-UHFFFAOYSA-N,481.03600000000023,7.166000000000007,3,4,82.45,0.33925497310129604,-0.5070419094397797,6,11,0.42857142857142855,3,4,1,0
3764,GZLZSRBYDJULSD-UHFFFAOYSA-N,402.58200000000016,6.814400000000006,2,3,45.15,0.11535018374772917,-0.5079563858335147,3,10,0.4444444444444444,3,4,1,0
3765,GZLZSRBYDJULSD-UHFFFAOYSA-N,437.0270000000002,7.467800000000007,2,3,45.15,0.11535018374772917,-0.5079563858335147,4,10,0.4444444444444444,3,4,1,0
1941,VARHXCYGZKSOOO-UHFFFAOYSA-N,315.41700000000014,2.4534000000000002,0,4,47.36,0.2610154176828899,-0.49352147718677813,5,7,0.5555555555555556,2,3,1,0
2886,VARHXCYGZKSOOO-UHFFFAOYSA-N,296.3300000000001,0.5039999999999996,2,4,76.02000000000001,0.26095432376805644,-0.32495842830925986,6,4,0.3125,2,3,2,0
2887,VARHXCYGZKSOOO-UHFFFAOYSA-N,326.4000000000002,1.8369999999999997,2,4,76.02000000000001,0.26095432376805644,-0.32495868535896344,6,5,0.3888888888888889,2,3,2,0
2888,VARHXCYGZKSOOO-UHFFFAOYSA-N,312.3730000000001,1.4469,2,4,76.02000000000001,0.2609543237680564,-0.3249588125419964,6,6,0.35294117647058826,2,3,2,0
2889,VARHXCYGZKSOOO-UHFFFAOYSA-N,298.3460000000001,1.0567999999999995,2,4,76.02000000000001,0.26095432376805644,-0.324958685367041,6,5,0.3125,2,3,2,0
2890,VARHXCYGZKSOOO-UHFFFAOYSA-N,482.71300000000025,6.352100000000005,2,4,76.02000000000001,0.2609543237680564,-0.32495881376550556,6,18,0.6896551724137931,2,3,2,0
2891,VARHXCYGZKSOOO-UHFFFAOYSA-N,426.60500000000025,4.791700000000003,2,4,76.02000000000001,0.2609543237680564,-0.32495881376550556,6,14,0.64,2,3,2,0
2892,VARHXCYGZKSOOO-UHFFFAOYSA-N,398.5510000000003,4.0115000000000025,2,4,76.02000000000001,0.2609543237680564,-0.32495881376550556,6,12,0.6086956521739131,2,3,2,0
2893,VARHXCYGZKSOOO-UHFFFAOYSA-N,370.49700000000024,3.231300000000002,2,4,76.02000000000001,0.2609543237680564,-0.32495881376550556,6,10,0.5714285714285714,2,3,2,0
2894,VARHXCYGZKSOOO-UHFFFAOYSA-N,342.4430000000002,2.4511000000000003,2,4,76.02000000000001,0.2609543237680564,-0.32495881376550556,6,8,0.5263157894736842,2,3,2,0
2895,VARHXCYGZKSOOO-UHFFFAOYSA-N,314.3890000000001,1.6708999999999998,2,4,76.02000000000001,0.2609543237680564,-0.32495881376551355,6,6,0.47058823529411764,2,3,2,0
2896,VARHXCYGZKSOOO-UHFFFAOYSA-N,300.36200000000014,1.2807999999999993,2,4,76.02000000000001,0.2609543237680564,-0.32495881376986735,6,5,0.4375,2,3,2,0
2897,VARHXCYGZKSOOO-UHFFFAOYSA-N,286.3350000000001,0.8906999999999994,2,4,76.02000000000001,0.2609543237680564,-0.3249588149116223,6,4,0.4,2,3,2,0
2610,YKOSADJQCBRMRR-UHFFFAOYSA-N,367.4090000000001,2.792200000000001,3,6,111.39000000000001,0.3185041273256194,-0.4928699786425153,8,7,0.21052631578947367,3,3,3,0
2611,YKOSADJQCBRMRR-UHFFFAOYSA-N,307.357,2.7750000000000012,3,4,92.93,0.3185041273256194,-0.3690572698259713,6,5,0.11764705882352941,3,3,3,0
2620,YKOSADJQCBRMRR-UHFFFAOYSA-N,338.41100000000006,3.343300000000002,2,6,68.30000000000001,0.22446630518780605,-0.4928699786425153,6,7,0.2631578947368421,3,3,2,0
2621,YKOSADJQCBRMRR-UHFFFAOYSA-N,352.43800000000005,3.7334000000000023,2,6,68.30000000000001,0.2247196112381983,-0.4928699786425153,6,8,0.3,3,3,2,0
2622,YKOSADJQCBRMRR-UHFFFAOYSA-N,366.4650000000001,4.1235000000000035,2,6,68.30000000000001,0.22472911221763373,-0.4928699786425153,6,9,0.3333333333333333,3,3,2,0
2624,YKOSADJQCBRMRR-UHFFFAOYSA-N,278.35900000000004,3.326100000000002,2,4,49.84,0.22446630518780594,-0.3690574504948619,4,5,0.17647058823529413,3,3,2,0
2625,YKOSADJQCBRMRR-UHFFFAOYSA-N,292.3860000000001,3.7162000000000024,2,4,49.84,0.22471961123819822,-0.3690574493973092,4,6,0.2222222222222222,3,3,2,0
2626,YKOSADJQCBRMRR-UHFFFAOYSA-N,306.41300000000007,4.106300000000003,2,4,49.84,0.2247291122176336,-0.3690574493932274,4,7,0.2631578947368421,3,3,2,0
2627,YKOSADJQCBRMRR-UHFFFAOYSA-N,306.41300000000007,4.104700000000002,2,4,49.84,0.2249281837530461,-0.36905744853323746,4,6,0.2631578947368421,3,3,2,0
2631,YKOSADJQCBRMRR-UHFFFAOYSA-N,306.369,2.3122,2,4,80.9,0.2245887999958366,-0.36928734979133687,5,6,0.16666666666666666,3,3,2,0
2632,YKOSADJQCBRMRR-UHFFFAOYSA-N,366.4210000000001,3.2600000000000016,2,6,85.37,0.23146107695852214,-0.4928699786425153,7,7,0.25,3,3,2,0
2633,YKOSADJQCBRMRR-UHFFFAOYSA-N,306.369,3.2428000000000017,2,4,66.91,0.231461076958522,-0.3690572756509615,5,5,0.16666666666666666,3,3,2,0
2638,YKOSADJQCBRMRR-UHFFFAOYSA-N,366.46500000000015,4.121900000000003,2,6,68.3,0.22492818375304618,-0.4928699786425153,6,8,0.3333333333333333,3,3,2,0
4389,BDGLNVUCTWNUPS-UHFFFAOYSA-N,286.338,3.874100000000001,2,3,67.59,0.15817742390723205,-0.381642593765233,4,2,0.0,4,4,1,0
4390,BDGLNVUCTWNUPS-UHFFFAOYSA-N,365.23400000000004,4.636600000000002,2,3,67.59,0.15817742394674836,-0.3816425937651729,5,2,0.0,4,4,1,0
4391,BDGLNVUCTWNUPS-UHFFFAOYSA-N,346.39000000000016,3.891300000000001,2,5,86.05,0.16083161329161802,-0.49286955872757343,6,4,0.1,4,4,1,0
4392,BDGLNVUCTWNUPS-UHFFFAOYSA-N,376.4160000000002,3.8999000000000015,2,6,95.28,0.20279903716436073,-0.4926920127172892,7,5,0.14285714285714285,4,4,1,0
4393,BDGLNVUCTWNUPS-UHFFFAOYSA-N,395.2600000000001,4.645200000000003,2,4,76.82,0.1581774241091832,-0.4967678029321519,6,3,0.05263157894736842,4,4,1,0
4394,BDGLNVUCTWNUPS-UHFFFAOYSA-N,346.39000000000004,3.891300000000001,2,5,86.05,0.15817742420909034,-0.49676781832917327,6,4,0.1,4,4,1,0
4395,BDGLNVUCTWNUPS-UHFFFAOYSA-N,376.41600000000005,3.8999000000000015,2,6,95.27999999999999,0.16083161329161802,-0.4967678029321519,7,5,0.14285714285714285,4,4,1,0
4396,BDGLNVUCTWNUPS-UHFFFAOYSA-N,406.4420000000001,3.908500000000002,2,7,104.51,0.20279903716436073,-0.4967678029321519,8,6,0.18181818181818182,4,4,1,0
4397,BDGLNVUCTWNUPS-UHFFFAOYSA-N,444.1300000000001,5.3991000000000025,2,3,67.59,0.1581774239927866,-0.3816425937651729,6,2,0.0,4,4,1,0
4398,BDGLNVUCTWNUPS-UHFFFAOYSA-N,395.2600000000001,4.645200000000003,2,4,76.82,0.15817742409269367,-0.49676781832917327,6,3,0.05263157894736842,4,4,1,0
4399,BDGLNVUCTWNUPS-UHFFFAOYSA-N,425.2860000000002,4.653800000000003,2,5,86.05,0.16083161329161802,-0.49286955872757343,7,4,0.1,4,4,1,0
4400,BDGLNVUCTWNUPS-UHFFFAOYSA-N,455.31200000000024,4.662400000000003,2,6,95.28,0.20279903716436073,-0.4926920127172892,8,5,0.14285714285714285,4,4,1,0
2157,BOUVISQULAWZBA-UHFFFAOYSA-N,385.4630000000001,5.004000000000005,0,4,42.68,0.33569252139052264,-0.48877243522959396,4,7,0.16,4,4,1,0
2158,BOUVISQULAWZBA-UHFFFAOYSA-N,399.49000000000007,5.312420000000005,0,4,42.68,0.33865803801159633,-0.48877243521301156,4,7,0.19230769230769232,4,4,1,0
2159,BOUVISQULAWZBA-UHFFFAOYSA-N,399.49000000000007,5.312420000000005,0,4,42.68,0.33596215621535824,-0.488772432340626,4,7,0.19230769230769232,4,4,1,0
2160,BOUVISQULAWZBA-UHFFFAOYSA-N,413.51700000000005,5.620840000000006,0,4,42.68,0.3389282186204752,-0.4887724323239832,4,7,0.2222222222222222,4,4,1,0
2161,BOUVISQULAWZBA-UHFFFAOYSA-N,433.9350000000001,5.965820000000006,0,4,42.68,0.33596215621535824,-0.488772432340626,5,7,0.19230769230769232,4,4,1,0
2162,BOUVISQULAWZBA-UHFFFAOYSA-N,410.4730000000001,4.8756800000000045,0,5,66.47,0.33569252139052264,-0.48877243522959396,5,7,0.15384615384615385,4,4,2,0
2163,BOUVISQULAWZBA-UHFFFAOYSA-N,424.5000000000001,5.184100000000004,0,5,66.47,0.33596215621535824,-0.488772432340626,5,7,0.18518518518518517,4,4,2,0
2164,BOUVISQULAWZBA-UHFFFAOYSA-N,438.5270000000001,5.492520000000005,0,5,66.47,0.3389282186204752,-0.4887724323239832,5,7,0.21428571428571427,4,4,2,0
2165,BOUVISQULAWZBA-UHFFFAOYSA-N,415.48900000000015,4.496300000000005,1,5,62.910000000000004,0.3360612687887287,-0.4887724322327243,5,8,0.19230769230769232,4,4,1,0
2166,BOUVISQULAWZBA-UHFFFAOYSA-N,449.9340000000002,5.149700000000005,1,5,62.910000000000004,0.3360612687887287,-0.4887724322327243,6,8,0.19230769230769232,4,4,1,0
3747,BOUVISQULAWZBA-UHFFFAOYSA-N,433.47900000000016,4.635400000000004,1,5,62.910000000000004,0.3360612687887287,-0.4887724322327243,6,8,0.19230769230769232,4,4,1,0
3748,BOUVISQULAWZBA-UHFFFAOYSA-N,435.4700000000001,5.941600000000005,0,4,42.68,0.336185533204342,-0.48877243210103766,6,8,0.19230769230769232,4,4,1,0
1970,DQFBYFPFKXHELB-VAWYXSNFSA-N,295.382,3.523100000000002,0,3,29.54,0.1853547372126715,-0.4922644625196732,3,7,0.21052631578947367,2,2,1,0
1971,DQFBYFPFKXHELB-VAWYXSNFSA-N,323.43600000000004,4.303300000000004,0,3,29.54,0.18535473721252216,-0.4936001690984488,3,9,0.2857142857142857,2,2,1,0
1972,DQFBYFPFKXHELB-VAWYXSNFSA-N,323.43600000000004,4.303300000000004,0,3,29.54,0.1853547372126715,-0.4922640222229659,3,9,0.2857142857142857,2,2,1,0
1973,DQFBYFPFKXHELB-VAWYXSNFSA-N,379.544,5.863700000000006,0,3,29.54,0.18535473721252216,-0.4936001690849414,3,13,0.4,2,2,1,0
2497,DQFBYFPFKXHELB-VAWYXSNFSA-N,311.337,3.348700000000002,1,4,66.84,0.4142019000428483,-0.507966250779788,5,4,0.1111111111111111,2,2,1,0
2498,DQFBYFPFKXHELB-VAWYXSNFSA-N,325.36400000000003,3.6517000000000026,0,4,55.84,0.41420190004284824,-0.4967678242054278,5,5,0.15789473684210525,2,2,1,0
3563,DQFBYFPFKXHELB-VAWYXSNFSA-N,526.7180000000005,5.995500000000008,2,7,82.47,0.1928329474888368,-0.5068937265572743,7,19,0.5161290322580645,2,2,2,0
4044,DQFBYFPFKXHELB-VAWYXSNFSA-N,414.6260000000001,4.554900000000003,1,3,46.53,0.18911006900553,-0.5071282130003447,5,4,0.0625,2,2,0,0
4045,DQFBYFPFKXHELB-VAWYXSNFSA-N,447.04100000000005,4.794500000000003,1,2,37.3,0.18910961781440463,-0.507141825506802,5,3,0.0,2,2,0,0
4046,DQFBYFPFKXHELB-VAWYXSNFSA-N,398.171,4.040600000000001,1,3,46.53,0.18911307472392822,-0.5070397472713798,5,4,0.0625,2,2,0,0
4047,DQFBYFPFKXHELB-VAWYXSNFSA-N,410.2070000000001,3.9101000000000026,1,4,55.760000000000005,0.18911307475729738,-0.5070397472713798,5,5,0.11764705882352941,2,2,0,0
4506,DQFBYFPFKXHELB-VAWYXSNFSA-N,292.1650000000001,4.471700000000002,1,2,43.09,0.18742279820580468,-0.3981293084772115,4,3,0.0,2,2,1,0
1037,IHMCPZVTIHATBD-HYARGMPZSA-N,538.7760000000002,7.81210000000001,0,4,32.78,0.18929081035147646,-0.49357631241528177,4,16,0.4166666666666667,3,4,2,0
1038,IHMCPZVTIHATBD-HYARGMPZSA-N,524.7490000000003,7.422000000000009,0,4,32.78,0.18929081035147646,-0.4935763123885048,4,15,0.4,3,4,2,0
1040,IHMCPZVTIHATBD-HYARGMPZSA-N,510.7220000000003,7.031900000000008,0,4,32.78,0.18929081035147646,-0.4935763053860041,4,14,0.38235294117647056,3,4,2,0
1043,IHMCPZVTIHATBD-HYARGMPZSA-N,496.6950000000003,6.641800000000007,0,4,32.78,0.18929081035147655,-0.4935754329800929,4,13,0.36363636363636365,3,4,2,0
1044,IHMCPZVTIHATBD-HYARGMPZSA-N,482.6680000000003,6.251700000000007,0,4,32.78,0.1892908103515526,-0.4935249233525177,4,12,0.34375,3,4,2,0
1045,IHMCPZVTIHATBD-HYARGMPZSA-N,468.64100000000025,5.861600000000006,0,4,32.78,0.18929081039279688,-0.4922392859506095,4,11,0.3225806451612903,3,4,2,0
1046,IHMCPZVTIHATBD-HYARGMPZSA-N,496.6950000000003,6.641800000000007,0,4,32.78,0.18915780121363668,-0.493589356379202,4,13,0.36363636363636365,3,4,2,0
1047,IHMCPZVTIHATBD-HYARGMPZSA-N,482.6680000000003,6.251700000000007,0,4,32.78,0.1891578012136368,-0.4935388467524471,4,12,0.34375,3,4,2,0
1048,IHMCPZVTIHATBD-HYARGMPZSA-N,468.64100000000025,5.861600000000006,0,4,32.78,0.1891578012137868,-0.49225320944988515,4,11,0.3225806451612903,3,4,2,0
1049,IHMCPZVTIHATBD-HYARGMPZSA-N,397.5180000000001,5.539700000000006,0,3,29.54,0.18929080798805295,-0.4967430524114591,3,7,0.2222222222222222,3,4,1,0
1050,IHMCPZVTIHATBD-HYARGMPZSA-N,383.4910000000001,5.149600000000004,0,3,29.54,0.18929080798805295,-0.4967430524114591,3,6,0.19230769230769232,3,4,1,0
1051,IHMCPZVTIHATBD-HYARGMPZSA-N,413.5170000000001,5.158200000000005,0,4,38.77,0.1892955935989282,-0.4928585846027478,4,7,0.2222222222222222,3,4,1,0
2690,JFZIGIZYTKMSTN-XSFVSMFZSA-N,372.4440000000001,3.8620000000000028,0,3,39.410000000000004,0.18929565350819474,-0.4928585846027478,4,5,0.16666666666666666,3,4,0,1
2691,JFZIGIZYTKMSTN-XSFVSMFZSA-N,390.4340000000001,4.001100000000003,0,3,39.410000000000004,0.18929565350819474,-0.4928585846027478,5,5,0.16666666666666666,3,4,0,1
2692,JFZIGIZYTKMSTN-XSFVSMFZSA-N,390.4340000000001,4.001100000000003,0,3,39.410000000000004,0.18929565350819474,-0.4928585846027478,5,5,0.16666666666666666,3,4,0,1
2693,JFZIGIZYTKMSTN-XSFVSMFZSA-N,390.4340000000001,4.001100000000003,0,3,39.410000000000004,0.18929565350819474,-0.4928585846027478,5,5,0.16666666666666666,3,4,0,1
2694,JFZIGIZYTKMSTN-XSFVSMFZSA-N,386.4710000000001,4.170420000000004,0,3,39.410000000000004,0.18929565350819474,-0.4928585846027478,4,5,0.2,3,4,0,1
2695,JFZIGIZYTKMSTN-XSFVSMFZSA-N,386.4710000000001,4.170420000000004,0,3,39.410000000000004,0.18929565350819474,-0.4928585846027478,4,5,0.2,3,4,0,1
2696,JFZIGIZYTKMSTN-XSFVSMFZSA-N,386.4710000000001,4.170420000000004,0,3,39.410000000000004,0.18929565350819474,-0.4928585846027478,4,5,0.2,3,4,0,1
2697,JFZIGIZYTKMSTN-XSFVSMFZSA-N,451.3400000000001,4.624500000000004,0,3,39.410000000000004,0.18929565350819474,-0.4928585846027478,5,5,0.16666666666666666,3,4,0,1
2698,JFZIGIZYTKMSTN-XSFVSMFZSA-N,451.3400000000001,4.624500000000004,0,3,39.410000000000004,0.18929565350819474,-0.4928585846027478,5,5,0.16666666666666666,3,4,0,1
2699,JFZIGIZYTKMSTN-XSFVSMFZSA-N,451.3400000000001,4.624500000000004,0,3,39.410000000000004,0.18929565350819474,-0.4928585846027478,5,5,0.16666666666666666,3,4,0,1
2700,JFZIGIZYTKMSTN-XSFVSMFZSA-N,417.44100000000014,3.7702000000000027,0,5,82.55,0.26944359689684144,-0.4928585846027478,7,6,0.16666666666666666,3,4,1,1
2701,JFZIGIZYTKMSTN-XSFVSMFZSA-N,417.44100000000014,3.7702000000000027,0,5,82.55,0.26895012571943155,-0.4928585846027478,7,6,0.16666666666666666,3,4,1,1
2856,LWQJZEVGFMLOFK-UHFFFAOYSA-N,358.41700000000003,4.016220000000003,0,3,43.32,0.33596215621535824,-0.4887643651054646,4,5,0.13043478260869565,4,4,0,1
2857,LWQJZEVGFMLOFK-UHFFFAOYSA-N,376.40700000000004,4.155320000000003,0,3,43.32,0.33596215621535824,-0.48876436510546434,5,5,0.13043478260869565,4,4,0,1
2858,LWQJZEVGFMLOFK-UHFFFAOYSA-N,376.40700000000004,4.155320000000003,0,3,43.32,0.33596215621535824,-0.4887643651054646,5,5,0.13043478260869565,4,4,0,1
2859,LWQJZEVGFMLOFK-UHFFFAOYSA-N,376.40700000000004,4.155320000000003,0,3,43.32,0.33596215621535824,-0.4887643651054646,5,5,0.13043478260869565,4,4,0,1
2860,LWQJZEVGFMLOFK-UHFFFAOYSA-N,372.44400000000013,4.324640000000003,0,3,43.32,0.33596215621535824,-0.4887643651054646,4,5,0.16666666666666666,4,4,0,1
2861,LWQJZEVGFMLOFK-UHFFFAOYSA-N,372.4440000000001,4.324640000000003,0,3,43.32,0.33596215621535824,-0.4887643651054646,4,5,0.16666666666666666,4,4,0,1
2862,LWQJZEVGFMLOFK-UHFFFAOYSA-N,372.4440000000001,4.324640000000003,0,3,43.32,0.33596215621535824,-0.4887643651054646,4,5,0.16666666666666666,4,4,0,1
2863,LWQJZEVGFMLOFK-UHFFFAOYSA-N,437.31300000000005,4.778720000000003,0,3,43.32,0.33596215621535824,-0.48876436510546456,5,5,0.13043478260869565,4,4,0,1
2864,LWQJZEVGFMLOFK-UHFFFAOYSA-N,437.31300000000005,4.778720000000003,0,3,43.32,0.33596215621535824,-0.4887643651054646,5,5,0.13043478260869565,4,4,0,1
2865,LWQJZEVGFMLOFK-UHFFFAOYSA-N,437.31300000000005,4.778720000000003,0,3,43.32,0.33596215621535824,-0.4887643651054646,5,5,0.13043478260869565,4,4,0,1
2866,LWQJZEVGFMLOFK-UHFFFAOYSA-N,403.4140000000001,3.924420000000003,0,5,86.46,0.33596215621535824,-0.4887643651054646,7,6,0.13043478260869565,4,4,1,1
2867,LWQJZEVGFMLOFK-UHFFFAOYSA-N,403.4140000000001,3.924420000000003,0,5,86.46,0.33596215621535824,-0.4887643651054646,7,6,0.13043478260869565,4,4,1,1
2713,RLGKSXCGHMXELQ-ZRDIBKRKSA-O,246.333,3.8347000000000024,0,0,3.88,0.21221881747414675,-0.19461399870229662,1,2,0.05555555555555555,3,3,0,1
2714,RLGKSXCGHMXELQ-ZRDIBKRKSA-O,262.33200000000005,3.540300000000002,1,1,24.11,0.21221881747414695,-0.5079662507795715,2,2,0.05555555555555555,3,3,0,1
2715,RLGKSXCGHMXELQ-ZRDIBKRKSA-O,322.38400000000007,3.5575000000000023,1,3,42.57,0.2122188174743415,-0.5016992098707858,4,4,0.15,3,3,0,1
2716,RLGKSXCGHMXELQ-ZRDIBKRKSA-O,336.4110000000001,3.8605000000000027,0,3,31.57,0.2122188174743415,-0.49269239882309296,4,5,0.19047619047619047,3,3,0,1
2717,RLGKSXCGHMXELQ-ZRDIBKRKSA-O,294.349,3.982400000000003,0,1,13.11,0.2122188174742441,-0.49366480636032645,3,3,0.10526315789473684,3,3,0,1
2718,RLGKSXCGHMXELQ-ZRDIBKRKSA-O,289.402,3.9007000000000023,0,1,7.12,0.21221881747414686,-0.37766090988899625,2,3,0.15,3,3,1,1
2719,RLGKSXCGHMXELQ-ZRDIBKRKSA-O,333.4550000000001,4.386500000000005,1,2,27.35,0.21221881752793376,-0.5072535943546643,3,5,0.22727272727272727,3,3,1,1
2720,RLGKSXCGHMXELQ-ZRDIBKRKSA-O,347.48200000000014,4.689500000000004,0,2,16.35,0.21221881752793875,-0.4960562492622699,3,6,0.2608695652173913,3,3,1,1
2723,RLGKSXCGHMXELQ-ZRDIBKRKSA-O,317.4560000000001,4.680900000000005,0,1,7.12,0.21221881747414686,-0.37209165804841265,2,5,0.22727272727272727,3,3,1,1
2724,RLGKSXCGHMXELQ-ZRDIBKRKSA-O,351.90100000000007,5.334300000000005,0,1,7.12,0.21221881749435031,-0.37204914114033705,3,5,0.22727272727272727,3,3,1,1
2725,RLGKSXCGHMXELQ-ZRDIBKRKSA-O,280.778,4.488100000000003,0,0,3.88,0.2122188174741468,-0.1946139987022186,2,2,0.05555555555555555,3,3,0,1
2726,RLGKSXCGHMXELQ-ZRDIBKRKSA-O,264.32300000000004,3.9738000000000024,0,0,3.88,0.21221881747414686,-0.2070117700468692,2,2,0.05555555555555555,3,3,0,1
3312,STEXUOBWQLSVBF-XMHGGMMESA-N,399.45100000000025,1.9730999999999999,1,7,88.52000000000001,0.337405391494611,-0.49269139656645156,9,6,0.35,2,3,4,0
3313,STEXUOBWQLSVBF-XMHGGMMESA-N,309.37300000000005,1.9473,1,4,60.830000000000005,0.3374053913753113,-0.35306816835594357,6,3,0.23529411764705882,2,3,4,0
3314,STEXUOBWQLSVBF-XMHGGMMESA-N,325.37200000000007,1.6529,2,5,81.05999999999999,0.3374053913755261,-0.5079662355248349,7,3,0.23529411764705882,2,3,4,0
3315,STEXUOBWQLSVBF-XMHGGMMESA-N,341.37100000000004,1.3585,3,6,101.28999999999999,0.33740540728856067,-0.5078225396675612,8,3,0.23529411764705882,2,3,4,0
3316,STEXUOBWQLSVBF-XMHGGMMESA-N,323.4000000000001,2.25572,1,4,60.830000000000005,0.33740539137532694,-0.35306816835594357,6,3,0.2777777777777778,2,3,4,0
3317,STEXUOBWQLSVBF-XMHGGMMESA-N,354.37000000000006,1.8555,1,6,103.96999999999998,0.3374053913757098,-0.35306816835594357,9,4,0.23529411764705882,2,3,5,0
3318,STEXUOBWQLSVBF-XMHGGMMESA-N,377.37000000000006,2.966100000000001,1,4,60.830000000000005,0.41591022885630585,-0.35306816835594357,9,3,0.2777777777777778,2,3,4,0
3319,STEXUOBWQLSVBF-XMHGGMMESA-N,393.36900000000014,2.8459000000000003,1,5,70.06,0.5725963034465539,-0.4057992819475662,10,4,0.2777777777777778,2,3,4,0
3320,STEXUOBWQLSVBF-XMHGGMMESA-N,343.81800000000004,2.6007000000000007,1,4,60.830000000000005,0.3374053913753918,-0.35306816835594357,7,3,0.23529411764705882,2,3,4,0
3321,STEXUOBWQLSVBF-XMHGGMMESA-N,327.36300000000006,2.0864000000000003,1,4,60.830000000000005,0.3374053913754721,-0.35306816835594357,7,3,0.23529411764705882,2,3,4,0
3322,STEXUOBWQLSVBF-XMHGGMMESA-N,388.2690000000001,2.7098000000000004,1,4,60.830000000000005,0.337405391375372,-0.35306816835594357,7,3,0.23529411764705882,2,3,4,0
3323,STEXUOBWQLSVBF-XMHGGMMESA-N,345.353,2.2255000000000003,1,4,60.830000000000005,0.3374054033405129,-0.35306816835594357,8,3,0.23529411764705882,2,3,4,0
114,VOWHONRMOCHCGC-UHFFFAOYSA-N,247.29799999999997,1.4073999999999998,3,4,62.39,0.41183851818060474,-0.41035226970540056,5,1,0.46153846153846156,1,3,3,0
121,VOWHONRMOCHCGC-UHFFFAOYSA-N,261.325,1.4317,2,4,53.6,0.4118385181870763,-0.41035226780659106,5,1,0.5,1,3,3,0
129,VOWHONRMOCHCGC-UHFFFAOYSA-N,247.29799999999997,1.4073999999999998,3,4,62.39,0.41183851818060474,-0.41035226970540056,5,1,0.46153846153846156,1,3,3,0
227,VOWHONRMOCHCGC-UHFFFAOYSA-N,317.433,2.9442000000000013,1,4,44.81,0.4121006400091496,-0.4103450873727625,5,4,0.6111111111111112,1,3,3,0
233,VOWHONRMOCHCGC-UHFFFAOYSA-N,289.37899999999996,2.1161000000000003,0,4,36.02,0.4142017218688442,-0.4102099239548018,5,1,0.5625,1,3,3,0
234,VOWHONRMOCHCGC-UHFFFAOYSA-N,373.54100000000017,4.5046000000000035,1,4,44.81,0.41210064131025725,-0.4103450873692135,5,8,0.6818181818181818,1,3,3,0
255,VOWHONRMOCHCGC-UHFFFAOYSA-N,289.335,1.3005,1,4,61.88,0.41183851819863493,-0.410352264360823,6,2,0.4666666666666667,1,3,3,0
274,VOWHONRMOCHCGC-UHFFFAOYSA-N,275.352,1.7739,1,4,44.81,0.4118385181870835,-0.4103522678022568,5,1,0.5333333333333333,1,3,3,0
280,VOWHONRMOCHCGC-UHFFFAOYSA-N,261.32499999999993,1.7496,2,4,53.6,0.41183851818061196,-0.41035226970106925,5,1,0.5,1,3,3,0
284,VOWHONRMOCHCGC-UHFFFAOYSA-N,261.32499999999993,1.7496,2,4,53.6,0.41183851818061196,-0.41035226970106925,5,1,0.5,1,3,3,0
599,VOWHONRMOCHCGC-UHFFFAOYSA-N,289.37899999999996,2.1640000000000006,1,4,44.81,0.4120909619291644,-0.4103452056000185,5,2,0.5625,1,3,3,0
3865,VOWHONRMOCHCGC-UHFFFAOYSA-N,289.37899999999996,2.1640000000000006,1,4,44.81,0.4118385181929097,-0.41035226611147757,5,1,0.5625,1,3,3,0
3232,VVQPLYAHXAZPHF-HMMYKYKNSA-N,314.3790000000001,4.048300000000004,0,2,15.6,0.13436788931934615,-0.298925228300447,4,4,0.3157894736842105,2,3,2,0
3233,VVQPLYAHXAZPHF-HMMYKYKNSA-N,296.38900000000007,3.909200000000003,0,2,15.6,0.12275186175463884,-0.29892522830069373,3,4,0.3157894736842105,2,3,2,0
3234,VVQPLYAHXAZPHF-HMMYKYKNSA-N,347.2890000000001,5.076900000000005,0,2,15.6,0.05237577397302584,-0.2989252283005702,4,4,0.3157894736842105,2,3,2,0
3235,VVQPLYAHXAZPHF-HMMYKYKNSA-N,312.84400000000005,4.423500000000003,0,2,15.6,0.05237471615366982,-0.29892522830069373,3,4,0.3157894736842105,2,3,2,0
3236,VVQPLYAHXAZPHF-HMMYKYKNSA-N,362.3950000000001,4.668700000000004,0,3,24.83,0.5725963034464132,-0.4057992820323014,6,5,0.35,2,3,2,0
3237,VVQPLYAHXAZPHF-HMMYKYKNSA-N,346.3960000000001,4.788900000000004,0,2,15.6,0.4159102287747624,-0.29892522830069373,5,4,0.35,2,3,2,0
3238,VVQPLYAHXAZPHF-HMMYKYKNSA-N,323.3960000000001,3.678300000000003,0,4,58.74,0.2689667184208105,-0.29892522830069373,5,5,0.3157894736842105,2,3,3,0
3239,VVQPLYAHXAZPHF-HMMYKYKNSA-N,292.42600000000004,4.078520000000004,0,2,15.6,0.05237471610444606,-0.29892522830069373,2,4,0.35,2,3,2,0
3240,VVQPLYAHXAZPHF-HMMYKYKNSA-N,310.39700000000005,3.181300000000001,2,4,56.06,0.12751825376538975,-0.5078225397561673,4,4,0.3157894736842105,2,3,2,0
3241,VVQPLYAHXAZPHF-HMMYKYKNSA-N,294.398,3.4757000000000025,1,3,35.830000000000005,0.11511954142365918,-0.5079662356091265,3,4,0.3157894736842105,2,3,2,0
3242,VVQPLYAHXAZPHF-HMMYKYKNSA-N,294.3980000000001,3.4757000000000025,1,3,35.830000000000005,0.12383003668593995,-0.5072752982249754,3,4,0.3157894736842105,2,3,2,0
3243,VVQPLYAHXAZPHF-HMMYKYKNSA-N,278.399,3.770100000000003,0,2,15.6,0.052374716092554334,-0.29892522830069373,2,4,0.3157894736842105,2,3,2,0
3006,ADKJHJNFROJLTD-UHFFFAOYSA-N,422.4810000000002,3.2363000000000026,3,6,103.01,0.2866614932838942,-0.5042407481242717,7,6,0.3333333333333333,3,4,2,0
3007,ADKJHJNFROJLTD-UHFFFAOYSA-N,450.5350000000002,3.8423000000000025,1,6,81.01,0.2866614932897051,-0.4928398235862813,7,8,0.38461538461538464,3,4,2,0
3008,ADKJHJNFROJLTD-UHFFFAOYSA-N,422.4810000000002,3.2363000000000017,3,6,103.01,0.28666154466876226,-0.5076781657095724,7,6,0.3333333333333333,3,4,2,0
3009,ADKJHJNFROJLTD-UHFFFAOYSA-N,450.5350000000003,3.8423000000000034,1,6,81.00999999999999,0.2866615446846045,-0.49647968955742333,7,8,0.38461538461538464,3,4,2,0
3010,ADKJHJNFROJLTD-UHFFFAOYSA-N,405.4980000000001,3.407300000000002,2,5,88.57,0.2866614636483957,-0.45064446007833286,6,6,0.3333333333333333,3,4,3,0
3011,ADKJHJNFROJLTD-UHFFFAOYSA-N,435.48000000000025,3.7333000000000025,1,6,105.69000000000001,0.286661464042556,-0.4506381806693955,8,7,0.3333333333333333,3,4,3,0
3012,ADKJHJNFROJLTD-UHFFFAOYSA-N,420.5090000000002,3.833700000000003,1,5,71.78,0.28666149297558063,-0.49662359428338176,6,7,0.36,3,4,2,0
3013,ADKJHJNFROJLTD-UHFFFAOYSA-N,406.4820000000002,3.530700000000002,2,5,82.78,0.2866614637816941,-0.5079370047627322,6,6,0.3333333333333333,3,4,2,0
3014,ADKJHJNFROJLTD-UHFFFAOYSA-N,420.5090000000001,3.833700000000003,1,5,71.78,0.28666146378172247,-0.4967385814882715,6,7,0.36,3,4,2,0
3015,ADKJHJNFROJLTD-UHFFFAOYSA-N,420.5090000000002,3.833700000000003,1,5,71.78,0.2866615151669385,-0.4958401932922583,6,7,0.36,3,4,2,0
3016,ADKJHJNFROJLTD-UHFFFAOYSA-N,390.4830000000002,3.8251000000000026,1,4,62.550000000000004,0.28666146347663457,-0.4506471874444999,5,6,0.3333333333333333,3,4,2,0
2123,AGJHYDCWZUUFAE-UHFFFAOYSA-N,367.45600000000024,4.635680000000003,1,4,68.6,0.14072216342843952,-0.3379470718425855,5,3,0.2608695652173913,4,5,2,0
2124,AGJHYDCWZUUFAE-UHFFFAOYSA-N,395.51000000000016,5.412680000000004,1,4,68.6,0.14072216342843952,-0.3379470718425855,5,3,0.32,4,5,2,0
2125,AGJHYDCWZUUFAE-UHFFFAOYSA-N,395.5100000000002,5.127680000000005,1,4,68.6,0.14072216342843952,-0.3379470718425855,5,3,0.32,4,5,2,0
2126,AGJHYDCWZUUFAE-UHFFFAOYSA-N,395.5100000000002,5.271780000000005,1,4,68.6,0.14072216342843952,-0.3379470718425855,5,3,0.32,4,5,2,0
2127,AGJHYDCWZUUFAE-UHFFFAOYSA-N,395.5100000000002,5.271780000000005,1,4,68.6,0.14072216342843952,-0.3379470718425855,5,3,0.32,4,5,2,0
2128,AGJHYDCWZUUFAE-UHFFFAOYSA-N,395.5100000000003,5.370780000000005,1,4,68.6,0.14072216342843952,-0.3379470718425855,5,3,0.32,4,5,2,0
2129,AGJHYDCWZUUFAE-UHFFFAOYSA-N,383.4550000000002,3.606480000000002,2,5,88.83,0.14072216342843952,-0.3930296637971057,6,3,0.2608695652173913,4,5,2,0
2130,AGJHYDCWZUUFAE-UHFFFAOYSA-N,383.4550000000002,3.606480000000002,2,5,88.83,0.14072216342843952,-0.39179489854740623,6,3,0.2608695652173913,4,5,2,0
2131,AGJHYDCWZUUFAE-UHFFFAOYSA-N,385.4460000000002,4.583680000000003,1,4,68.6,0.14072216342843952,-0.3379470718425855,6,3,0.2608695652173913,4,5,2,0
2132,AGJHYDCWZUUFAE-UHFFFAOYSA-N,392.46600000000024,4.385360000000003,1,5,92.38999999999999,0.14072216342843952,-0.3379470718425855,6,3,0.25,4,5,3,0
2138,AGJHYDCWZUUFAE-UHFFFAOYSA-N,385.47100000000023,3.8629000000000033,2,4,87.9,0.26681802939865906,-0.36425953308637155,6,4,0.2608695652173913,4,5,2,0
3377,AQUGDAJVVDHBAZ-UHFFFAOYSA-N,239.23800000000003,2.2702,1,6,76.73,0.32223884185954366,-0.4031075036879345,6,3,0.0,3,3,1,0
3378,AQUGDAJVVDHBAZ-UHFFFAOYSA-N,253.26500000000004,2.578620000000001,1,6,76.73,0.3222388418694675,-0.40310750080714297,6,3,0.07692307692307693,3,3,1,0
3379,AQUGDAJVVDHBAZ-UHFFFAOYSA-N,269.264,2.2788000000000004,1,7,85.96000000000001,0.32223884199534275,-0.4967677698743961,7,4,0.07692307692307693,3,3,1,0
3380,AQUGDAJVVDHBAZ-UHFFFAOYSA-N,299.2900000000001,2.2874,1,8,95.19000000000001,0.32223886019936787,-0.49286950785004763,8,5,0.14285714285714285,3,3,1,0
3381,AQUGDAJVVDHBAZ-UHFFFAOYSA-N,329.31600000000014,2.2960000000000003,1,9,104.42000000000002,0.3222388784152728,-0.4926888510326166,9,6,0.2,3,3,1,0
3382,AQUGDAJVVDHBAZ-UHFFFAOYSA-N,255.23700000000005,1.9757999999999993,2,7,96.96000000000001,0.32223884199533015,-0.507966196490907,7,3,0.0,3,3,1,0
3384,AQUGDAJVVDHBAZ-UHFFFAOYSA-N,257.228,2.4093,1,6,76.73,0.3222388419613266,-0.4031074740228175,7,3,0.0,3,3,1,0
3385,AQUGDAJVVDHBAZ-UHFFFAOYSA-N,273.68300000000005,2.9235999999999995,1,6,76.73,0.3222388419105451,-0.40310748881015673,7,3,0.0,3,3,1,0
3386,AQUGDAJVVDHBAZ-UHFFFAOYSA-N,318.134,3.0327,1,6,76.73,0.32223884189803254,-0.40310749245761396,7,3,0.0,3,3,1,0
3387,AQUGDAJVVDHBAZ-UHFFFAOYSA-N,318.134,3.0327,1,6,76.73,0.32223884703857475,-0.4031067763989455,7,3,0.0,3,3,1,0
3388,AQUGDAJVVDHBAZ-UHFFFAOYSA-N,284.235,2.1784,1,8,119.87,0.3222431921149907,-0.4028237096198875,9,4,0.0,3,3,2,0
74,FXRNSWLBYKVRMO-UHFFFAOYSA-N,305.76500000000004,2.915000000000001,1,3,55.620000000000005,0.4118902211438967,-0.40873528919669866,6,1,0.3333333333333333,2,3,2,0
80,FXRNSWLBYKVRMO-UHFFFAOYSA-N,305.765,2.915000000000001,1,3,55.620000000000005,0.41189020995121733,-0.40873602236972395,6,1,0.3333333333333333,2,3,2,0
84,FXRNSWLBYKVRMO-UHFFFAOYSA-N,392.2970000000002,4.287200000000003,1,3,55.62,0.41187765218490197,-0.4091239781119221,6,4,0.4444444444444444,2,3,2,0
87,FXRNSWLBYKVRMO-UHFFFAOYSA-N,392.2970000000002,4.1944000000000035,1,3,55.62,0.41213977390230927,-0.40911679767847,6,4,0.4444444444444444,2,3,2,0
92,FXRNSWLBYKVRMO-UHFFFAOYSA-N,271.32,2.2616000000000005,1,3,55.620000000000005,0.4118386996507348,-0.41034019920572634,5,1,0.3333333333333333,2,3,2,0
99,FXRNSWLBYKVRMO-UHFFFAOYSA-N,364.24300000000005,3.414200000000002,1,3,55.620000000000005,0.4118776521848835,-0.40912397812305784,6,2,0.375,2,3,2,0
100,FXRNSWLBYKVRMO-UHFFFAOYSA-N,350.216,3.0241000000000016,1,3,55.620000000000005,0.4118776521848835,-0.40912397812305784,6,1,0.3333333333333333,2,3,2,0
104,FXRNSWLBYKVRMO-UHFFFAOYSA-N,319.7920000000001,3.3051000000000013,1,3,55.620000000000005,0.4118902211438967,-0.40873528919669866,6,2,0.375,2,3,2,0
105,FXRNSWLBYKVRMO-UHFFFAOYSA-N,299.37399999999997,3.041800000000001,1,3,55.620000000000005,0.4118386996507348,-0.41034019920572634,5,3,0.4117647058823529,2,3,2,0
108,FXRNSWLBYKVRMO-UHFFFAOYSA-N,364.24300000000005,3.3663000000000025,0,3,46.830000000000005,0.4142408549899958,-0.408981634157931,6,1,0.375,2,3,2,0
111,FXRNSWLBYKVRMO-UHFFFAOYSA-N,285.34700000000004,2.651700000000001,1,3,55.620000000000005,0.4118386996507348,-0.41034019920572634,5,2,0.375,2,3,2,0
3254,KJNXOYPMMMQJTK-UHFFFAOYSA-N,552.1150000000002,7.610900000000007,1,6,46.620000000000005,0.1833430487838116,-0.4967678104205932,8,9,0.3,4,5,2,0
3255,KJNXOYPMMMQJTK-UHFFFAOYSA-N,567.6770000000002,7.837200000000007,1,6,46.620000000000005,0.4162233927615222,-0.4967678104205932,9,9,0.3225806451612903,4,5,2,0
3256,KJNXOYPMMMQJTK-UHFFFAOYSA-N,513.7070000000003,7.126820000000008,1,6,46.620000000000005,0.1833430487838116,-0.4967678104205932,6,9,0.3225806451612903,4,5,2,0
3257,KJNXOYPMMMQJTK-UHFFFAOYSA-N,594.5050000000003,9.265899999999998,1,4,28.16,0.4163271884840203,-0.36120774431583647,10,7,0.27586206896551724,4,5,2,0
3258,KJNXOYPMMMQJTK-UHFFFAOYSA-N,560.9530000000002,8.9005,1,4,28.16,0.18334304862447126,-0.3612077443158364,8,7,0.25,4,5,2,0
3259,KJNXOYPMMMQJTK-UHFFFAOYSA-N,544.498,8.386200000000004,1,4,28.16,0.18334304862447126,-0.3612077443158365,8,7,0.25,4,5,2,0
3260,KJNXOYPMMMQJTK-UHFFFAOYSA-N,522.5450000000001,8.416420000000004,1,4,28.16,0.18334304862447126,-0.36120774431583647,6,7,0.27586206896551724,4,5,2,0
3261,KJNXOYPMMMQJTK-UHFFFAOYSA-N,485.6720000000002,7.5571400000000075,1,4,28.160000000000004,0.1833430485472843,-0.3612077443159547,5,7,0.3,4,5,2,0
3262,KJNXOYPMMMQJTK-UHFFFAOYSA-N,503.6620000000002,7.6962400000000075,1,4,28.160000000000004,0.1833430485472843,-0.3612077443159547,6,7,0.3,4,5,2,0
3263,KJNXOYPMMMQJTK-UHFFFAOYSA-N,535.6790000000002,8.436840000000004,1,4,28.160000000000004,0.4162233927615222,-0.36120774431595465,7,7,0.3225806451612903,4,5,2,0
3264,KJNXOYPMMMQJTK-UHFFFAOYSA-N,481.70900000000023,7.726460000000008,1,4,28.160000000000004,0.1833430485472843,-0.36120774431595465,4,7,0.3225806451612903,4,5,2,0
70,KUZOQBPSADEASZ-UHFFFAOYSA-N,232.28599999999997,3.388200000000001,1,2,38.91,0.07680347986771334,-0.397882594620714,2,0,0.0625,3,4,1,0
286,KUZOQBPSADEASZ-UHFFFAOYSA-N,266.73100000000005,4.041600000000002,1,2,38.91,0.07680452451866515,-0.39788258340284366,3,0,0.0625,3,4,1,0
289,KUZOQBPSADEASZ-UHFFFAOYSA-N,262.312,3.3968000000000007,1,3,48.14,0.11905571718341598,-0.49674412533687456,3,1,0.11764705882352941,3,4,1,0
294,KUZOQBPSADEASZ-UHFFFAOYSA-N,247.301,2.9704000000000015,2,3,64.92999999999999,0.07680351473758608,-0.3987083298544326,3,0,0.0625,3,4,2,0
301,KUZOQBPSADEASZ-UHFFFAOYSA-N,250.27599999999995,3.527300000000001,1,2,38.91,0.12303934212008348,-0.3978825945771611,3,0,0.0625,3,4,1,0
307,KUZOQBPSADEASZ-UHFFFAOYSA-N,246.313,3.696620000000001,1,2,38.91,0.07681341057609435,-0.39788259461649267,2,0,0.11764705882352941,3,4,1,0
311,KUZOQBPSADEASZ-UHFFFAOYSA-N,246.31300000000002,3.696620000000002,1,2,38.91,0.07681363865804841,-0.39788259349029975,2,0,0.11764705882352941,3,4,1,0
317,KUZOQBPSADEASZ-UHFFFAOYSA-N,262.312,3.3968000000000007,1,3,48.14,0.11869053151333059,-0.496756991206645,3,1,0.11764705882352941,3,4,1,0
321,KUZOQBPSADEASZ-UHFFFAOYSA-N,262.312,3.3968000000000007,1,3,48.14,0.1225665039028259,-0.4964414046821789,3,1,0.11764705882352941,3,4,1,0
324,KUZOQBPSADEASZ-UHFFFAOYSA-N,266.731,4.041600000000002,1,2,38.91,0.07680521786889587,-0.39788259459889036,3,0,0.0625,3,4,1,0
326,KUZOQBPSADEASZ-UHFFFAOYSA-N,250.276,3.527300000000001,1,2,38.91,0.12490416854083992,-0.3978825722533782,3,0,0.0625,3,4,1,0
4416,KXQJVRXDPOYTNZ-UHFFFAOYSA-N,351.45000000000005,4.121600000000003,2,3,57.36,0.41211151359563664,-0.41034699491049403,5,6,0.2857142857142857,3,3,2,0
4417,KXQJVRXDPOYTNZ-UHFFFAOYSA-N,365.4770000000001,4.430020000000003,2,3,57.36000000000001,0.41211151359564563,-0.41034699491049403,5,6,0.3181818181818182,3,3,2,0
4418,KXQJVRXDPOYTNZ-UHFFFAOYSA-N,381.4760000000001,4.130200000000003,2,4,66.58999999999999,0.4121115135957591,-0.49674296806651425,6,7,0.3181818181818182,3,3,2,0
4419,KXQJVRXDPOYTNZ-UHFFFAOYSA-N,367.44900000000007,3.827200000000002,3,4,77.58999999999999,0.4121115135957591,-0.5079413894524778,6,6,0.2857142857142857,3,3,2,0
4420,KXQJVRXDPOYTNZ-UHFFFAOYSA-N,385.8950000000001,4.775000000000004,2,3,57.36,0.4121115135956826,-0.41034699491049403,6,6,0.2857142857142857,3,3,2,0
4421,KXQJVRXDPOYTNZ-UHFFFAOYSA-N,351.45000000000005,4.121600000000003,2,3,57.36,0.41211151359563664,-0.41034699491049403,5,6,0.2857142857142857,3,3,2,0
4422,KXQJVRXDPOYTNZ-UHFFFAOYSA-N,365.4770000000001,4.430020000000003,2,3,57.36000000000001,0.41211151359564563,-0.41034699491049403,5,6,0.3181818181818182,3,3,2,0
4423,KXQJVRXDPOYTNZ-UHFFFAOYSA-N,381.4760000000001,4.130200000000003,2,4,66.58999999999999,0.4121115135957591,-0.49674296806651425,6,7,0.3181818181818182,3,3,2,0
4424,KXQJVRXDPOYTNZ-UHFFFAOYSA-N,367.44900000000007,3.827200000000002,3,4,77.58999999999999,0.4121115135957591,-0.5079413894524778,6,6,0.2857142857142857,3,3,2,0
4425,KXQJVRXDPOYTNZ-UHFFFAOYSA-N,385.8950000000001,4.775000000000004,2,3,57.36,0.4121115135956826,-0.41034699491049403,6,6,0.2857142857142857,3,3,2,0
4426,KXQJVRXDPOYTNZ-UHFFFAOYSA-N,385.8950000000001,4.775000000000004,2,3,57.36,0.4121115135956826,-0.41034699491049403,6,6,0.2857142857142857,3,3,2,0
476,NMIHDRPHJTXEHH-UHFFFAOYSA-N,465.57600000000025,5.105000000000004,2,9,126.72,0.29885426106604385,-0.46384097737068614,11,15,0.5238095238095238,2,2,5,0
477,NMIHDRPHJTXEHH-UHFFFAOYSA-N,450.52100000000024,4.3106000000000035,2,10,139.08,0.3007102945385751,-0.46384097737068614,12,12,0.42105263157894735,2,2,6,0
478,NMIHDRPHJTXEHH-UHFFFAOYSA-N,333.4320000000001,3.697280000000003,1,5,52.2,0.1425696281024242,-0.4638409773706863,6,8,0.35294117647058826,2,2,3,0
479,NMIHDRPHJTXEHH-UHFFFAOYSA-N,353.4190000000001,3.7338000000000022,1,6,71.55,0.294740327190252,-0.46384097737068614,8,9,0.375,2,2,3,0
485,NMIHDRPHJTXEHH-UHFFFAOYSA-N,398.4160000000001,3.642000000000002,1,8,114.69,0.3113204468079002,-0.46384097737068614,11,10,0.375,2,2,4,0
486,NMIHDRPHJTXEHH-UHFFFAOYSA-N,395.44100000000014,3.0851000000000006,2,9,140.70999999999998,0.2988540017999325,-0.46384097737068614,11,10,0.375,2,2,5,0
488,NMIHDRPHJTXEHH-UHFFFAOYSA-N,410.4560000000002,2.7885,3,10,152.74,0.30018110578784374,-0.46384097737068614,12,11,0.375,2,2,6,0
489,NMIHDRPHJTXEHH-UHFFFAOYSA-N,437.52200000000016,4.324800000000003,2,9,126.72,0.29885426106602325,-0.46384097737068614,11,13,0.47368421052631576,2,2,5,0
491,NMIHDRPHJTXEHH-UHFFFAOYSA-N,409.4680000000002,3.5446000000000026,2,9,126.72,0.2988542580467282,-0.46384097737068614,11,11,0.4117647058823529,2,2,5,0
496,NMIHDRPHJTXEHH-UHFFFAOYSA-N,466.56400000000025,3.4764000000000026,2,10,129.96,0.2988545730174136,-0.46384097737068614,12,14,0.5,2,2,6,0
506,NMIHDRPHJTXEHH-UHFFFAOYSA-N,380.4260000000001,3.502900000000002,1,8,114.69,0.2986869495429465,-0.46384097737068614,10,10,0.375,2,2,4,0
1115,PMBLXLOXUGVTGB-UHFFFAOYSA-N,390.57100000000014,5.334200000000006,0,3,23.550000000000004,0.16246026777460554,-0.3743575800409968,3,6,0.5,2,4,2,0
1116,PMBLXLOXUGVTGB-UHFFFAOYSA-N,404.5980000000001,5.724300000000007,0,3,23.550000000000004,0.16246026913401357,-0.3715731074414675,3,7,0.5185185185185185,2,4,2,0
1117,PMBLXLOXUGVTGB-UHFFFAOYSA-N,418.6250000000002,6.114400000000007,0,3,23.550000000000004,0.16246026913908462,-0.3713064022405635,3,8,0.5357142857142857,2,4,2,0
1119,PMBLXLOXUGVTGB-UHFFFAOYSA-N,406.5700000000002,5.318500000000005,1,4,41.57,0.16246015160108143,-0.4964259304592162,4,7,0.5,2,4,2,0
1120,PMBLXLOXUGVTGB-UHFFFAOYSA-N,406.5700000000002,5.318500000000006,1,4,41.57,0.16246015160108143,-0.49675708681465036,4,7,0.5,2,4,2,0
1121,PMBLXLOXUGVTGB-UHFFFAOYSA-N,394.5340000000002,5.449000000000005,1,3,32.34,0.16246015160108143,-0.3848050102470632,4,6,0.48,2,4,2,0
1122,PMBLXLOXUGVTGB-UHFFFAOYSA-N,394.5340000000002,5.449000000000005,1,3,32.34,0.16246015160108143,-0.3848050102470632,4,6,0.48,2,4,2,0
1123,PMBLXLOXUGVTGB-UHFFFAOYSA-N,394.5340000000002,5.449000000000005,1,3,32.34,0.16246015160108143,-0.3848050102470632,4,6,0.48,2,4,2,0
1124,PMBLXLOXUGVTGB-UHFFFAOYSA-N,410.9890000000003,5.963300000000006,1,3,32.34,0.16246015160108143,-0.3848050102470632,4,6,0.48,2,4,2,0
1125,PMBLXLOXUGVTGB-UHFFFAOYSA-N,390.57100000000025,5.618320000000005,1,3,32.34,0.16246015160108143,-0.3848050102470632,3,6,0.5,2,4,2,0
1126,PMBLXLOXUGVTGB-UHFFFAOYSA-N,421.54100000000034,5.218100000000004,1,5,75.48,0.2692476524712405,-0.3848050102470632,6,7,0.48,2,4,3,0
2227,WTKZEGDFNFYCGP-UHFFFAOYSA-N,216.231,2.692000000000001,0,2,34.89,0.3001301124431186,-0.28758699651763137,5,5,0.6,1,1,0,0
2228,WTKZEGDFNFYCGP-UHFFFAOYSA-N,216.231,2.692000000000001,0,2,34.89,0.30013011243566906,-0.2875869965249015,5,5,0.6,1,1,0,0
2229,WTKZEGDFNFYCGP-UHFFFAOYSA-N,202.20399999999998,2.3019000000000007,0,2,34.89,0.3001301124356553,-0.28758699652491493,5,4,0.5555555555555556,1,1,0,0
2230,WTKZEGDFNFYCGP-UHFFFAOYSA-N,188.17699999999996,1.9118,0,2,34.89,0.3001301124281992,-0.28758699653219144,5,3,0.5,1,1,0,0
2232,WTKZEGDFNFYCGP-UHFFFAOYSA-N,220.19399999999996,2.2841000000000005,0,2,34.89,0.4544855201791096,-0.2838367836474304,6,3,0.5555555555555556,1,1,0,0
2234,WTKZEGDFNFYCGP-UHFFFAOYSA-N,234.22099999999998,2.989200000000001,0,2,34.89,0.4544855221370871,-0.2838367816748292,6,4,0.6,1,1,0,0
2235,WTKZEGDFNFYCGP-UHFFFAOYSA-N,234.22099999999998,2.989200000000001,0,2,34.89,0.454485522129754,-0.2838367816821886,6,4,0.6,1,1,0,0
2236,WTKZEGDFNFYCGP-UHFFFAOYSA-N,220.19399999999996,2.599100000000001,0,2,34.89,0.45448552212974047,-0.28383678168220217,6,3,0.5555555555555556,1,1,0,0
2237,WTKZEGDFNFYCGP-UHFFFAOYSA-N,206.16699999999997,2.2090000000000005,0,2,34.89,0.45448552212240106,-0.283836781689568,6,2,0.5,1,1,0,0
2243,WTKZEGDFNFYCGP-UHFFFAOYSA-N,202.20399999999998,1.9869,0,2,34.89,0.30013011045792987,-0.28758699846671126,5,4,0.5555555555555556,1,1,0,0
2246,WTKZEGDFNFYCGP-UHFFFAOYSA-N,198.24099999999999,2.3964000000000008,0,2,34.89,0.19644412989479343,-0.2910846546648159,4,5,0.6,1,1,0,0
4191,YCDNLBMUZPUINA-UHFFFAOYSA-N,633.6130000000004,7.194800000000008,2,9,121.14000000000003,0.3567283255098707,-0.5078863548381602,12,13,0.21212121212121213,5,5,1,0
4192,YCDNLBMUZPUINA-UHFFFAOYSA-N,642.6240000000004,7.360880000000007,1,9,124.7,0.35672889079028797,-0.49285723908527573,12,13,0.20588235294117646,5,5,2,0
4193,YCDNLBMUZPUINA-UHFFFAOYSA-N,685.6110000000002,8.508000000000004,1,8,100.91000000000001,0.41789011159268213,-0.49285723908530016,14,13,0.23529411764705882,5,5,1,0
4194,YCDNLBMUZPUINA-UHFFFAOYSA-N,631.6410000000003,7.797620000000007,1,8,100.91000000000001,0.3567284423189211,-0.4928572390853004,11,13,0.23529411764705882,5,5,1,0
4195,YCDNLBMUZPUINA-UHFFFAOYSA-N,647.6400000000004,7.497800000000007,1,9,110.14000000000003,0.3567301080344219,-0.49459340884300435,12,14,0.23529411764705882,5,5,1,0
4196,YCDNLBMUZPUINA-UHFFFAOYSA-N,662.6110000000003,7.397400000000007,1,10,144.05,0.3567283116064279,-0.4928572390853079,14,14,0.21212121212121213,5,5,2,0
4197,YCDNLBMUZPUINA-UHFFFAOYSA-N,661.6230000000003,7.187400000000006,2,9,138.21,0.3567283114272225,-0.4928572390853079,13,14,0.20588235294117646,5,5,1,0
4198,YCDNLBMUZPUINA-UHFFFAOYSA-N,659.6510000000003,7.691800000000008,1,9,117.98,0.35672860549021984,-0.49285723908529194,12,14,0.22857142857142856,5,5,1,0
4199,YCDNLBMUZPUINA-UHFFFAOYSA-N,645.6680000000003,8.106040000000009,1,8,100.91000000000001,0.35672844334937104,-0.4928572390853004,11,13,0.2571428571428571,5,5,1,0
4200,YCDNLBMUZPUINA-UHFFFAOYSA-N,645.6680000000003,8.106040000000009,1,8,100.91000000000001,0.3567285733251849,-0.49285723908529294,11,13,0.2571428571428571,5,5,1,0
4201,YCDNLBMUZPUINA-UHFFFAOYSA-N,686.5040000000002,8.796000000000003,1,8,100.91000000000001,0.35672899999191543,-0.49285723908526946,13,13,0.21212121212121213,5,5,1,0
3389,ZLKPJIXUEUCDST-UYRXBGFRSA-N,264.372,3.3800000000000026,0,2,15.6,0.0638556523510846,-0.2968802687600731,2,4,0.2777777777777778,2,3,2,0
3390,ZLKPJIXUEUCDST-UYRXBGFRSA-N,354.4500000000001,3.405800000000002,0,5,43.290000000000006,0.20280024748580522,-0.49269140804101896,5,7,0.38095238095238093,2,3,2,0
3391,ZLKPJIXUEUCDST-UYRXBGFRSA-N,280.371,3.0856000000000012,1,3,35.830000000000005,0.11511954142377183,-0.5079662356091265,3,4,0.2777777777777778,2,3,2,0
3392,ZLKPJIXUEUCDST-UYRXBGFRSA-N,296.37,2.791200000000001,2,4,56.06,0.1275182620208674,-0.5078225397561672,4,4,0.2777777777777778,2,3,2,0
3393,ZLKPJIXUEUCDST-UYRXBGFRSA-N,309.369,3.2882000000000025,0,4,58.74,0.26896671842092457,-0.2968802687600726,5,5,0.2777777777777778,2,3,3,0
3394,ZLKPJIXUEUCDST-UYRXBGFRSA-N,332.369,4.398800000000003,0,2,15.6,0.4159102287747625,-0.2968802687600731,5,4,0.3157894736842105,2,3,2,0
3395,ZLKPJIXUEUCDST-UYRXBGFRSA-N,348.36800000000005,4.2786000000000035,0,3,24.83,0.5725963034464132,-0.4057992820323013,6,5,0.3157894736842105,2,3,2,0
3396,ZLKPJIXUEUCDST-UYRXBGFRSA-N,298.817,4.033400000000003,0,2,15.6,0.06385565241221107,-0.29688026876007306,3,4,0.2777777777777778,2,3,2,0
3397,ZLKPJIXUEUCDST-UYRXBGFRSA-N,282.362,3.5191000000000026,0,2,15.6,0.12275186175475124,-0.29688026876007295,3,4,0.2777777777777778,2,3,2,0
3398,ZLKPJIXUEUCDST-UYRXBGFRSA-N,343.26800000000003,4.142500000000003,0,2,15.6,0.06385565239721455,-0.29688026876007306,3,4,0.2777777777777778,2,3,2,0
3399,ZLKPJIXUEUCDST-UYRXBGFRSA-N,300.35200000000003,3.6582000000000026,0,2,15.6,0.13436789755641404,-0.29688026869254913,4,4,0.2777777777777778,2,3,2,0
4295,CZPGYOUJFCVDTH-UHFFFAOYSA-N,276.33900000000006,4.0980000000000025,1,3,48.14,0.12776018972349504,-0.45735771773514755,3,2,0.16666666666666666,3,4,1,0
4296,CZPGYOUJFCVDTH-UHFFFAOYSA-N,306.36500000000007,4.106600000000003,1,4,57.370000000000005,0.16876247648677417,-0.4928453243877894,4,3,0.21052631578947367,3,4,1,0
4297,CZPGYOUJFCVDTH-UHFFFAOYSA-N,290.36600000000004,4.406420000000003,1,3,48.14,0.12776044346997642,-0.4573472678226276,3,2,0.21052631578947367,3,4,1,0
4298,CZPGYOUJFCVDTH-UHFFFAOYSA-N,306.3650000000001,4.106600000000002,1,4,57.370000000000005,0.13062421010167435,-0.4966244095520802,4,3,0.21052631578947367,3,4,1,0
4299,CZPGYOUJFCVDTH-UHFFFAOYSA-N,290.366,4.4064200000000024,1,3,48.14,0.1277601936887761,-0.457357369885025,3,2,0.21052631578947367,3,4,1,0
4300,CZPGYOUJFCVDTH-UHFFFAOYSA-N,306.36500000000007,4.106600000000002,1,4,57.370000000000005,0.12776024404143374,-0.4967638004399813,4,3,0.21052631578947367,3,4,1,0
4301,CZPGYOUJFCVDTH-UHFFFAOYSA-N,310.78400000000016,4.751400000000003,1,3,48.14,0.127760210202232,-0.4573559027573317,4,2,0.16666666666666666,3,4,1,0
4302,CZPGYOUJFCVDTH-UHFFFAOYSA-N,332.4470000000001,5.395500000000005,1,3,48.14,0.12776019373693281,-0.4573573611011532,3,2,0.3181818181818182,3,4,1,0
4303,CZPGYOUJFCVDTH-UHFFFAOYSA-N,318.3760000000001,4.300600000000003,1,4,65.21,0.15930305721890592,-0.4573569366190166,4,3,0.2,3,4,1,0
4304,CZPGYOUJFCVDTH-UHFFFAOYSA-N,304.3930000000001,4.714840000000003,1,3,48.14,0.12776069722901368,-0.4573368172986271,3,2,0.25,3,4,1,0
1377,DSMOZEUXMCSUIB-UHFFFAOYSA-N,472.5160000000002,4.1449000000000025,1,5,67.87,0.25020523732320477,-0.49285878926293497,7,3,0.2857142857142857,3,6,2,0
1378,DSMOZEUXMCSUIB-UHFFFAOYSA-N,514.5780000000004,4.023000000000003,1,7,86.33,0.25020523740431067,-0.4928699755490137,8,5,0.3333333333333333,3,6,2,0
1379,DSMOZEUXMCSUIB-UHFFFAOYSA-N,454.5260000000002,4.0058000000000025,1,5,67.87,0.2502052373229852,-0.49285878926293497,6,3,0.2857142857142857,3,6,2,0
1380,DSMOZEUXMCSUIB-UHFFFAOYSA-N,488.97100000000023,4.659200000000004,1,5,67.87,0.2502052454371922,-0.49285878926293486,7,3,0.2857142857142857,3,6,2,0
1381,DSMOZEUXMCSUIB-UHFFFAOYSA-N,506.9610000000002,4.798300000000004,1,5,67.87,0.2502061846013866,-0.49285878926293497,8,3,0.2857142857142857,3,6,2,0
1382,DSMOZEUXMCSUIB-UHFFFAOYSA-N,549.0230000000004,4.6764000000000046,1,7,86.33,0.25020618468249395,-0.4928699755490137,9,5,0.3333333333333333,3,6,2,0
1383,DSMOZEUXMCSUIB-UHFFFAOYSA-N,523.4160000000002,5.312600000000004,1,5,67.87,0.2502061927155073,-0.49285878926293486,8,3,0.2857142857142857,3,6,2,0
1384,DSMOZEUXMCSUIB-UHFFFAOYSA-N,517.5130000000003,4.053100000000002,1,7,111.01000000000002,0.2694401750845996,-0.49285878926293497,10,4,0.2857142857142857,3,6,3,0
1385,DSMOZEUXMCSUIB-UHFFFAOYSA-N,559.5750000000004,3.931200000000003,1,9,129.47,0.2694401750845997,-0.4928699755490137,11,6,0.3333333333333333,3,6,3,0
1386,DSMOZEUXMCSUIB-UHFFFAOYSA-N,533.9680000000003,4.567400000000004,1,7,111.01000000000002,0.26944017508465556,-0.49285878926293486,10,4,0.2857142857142857,3,6,3,0
1836,IZSJJCSJAOULBC-GWRLCIEASA-N,539.5820000000002,4.508700000000004,1,4,69.72,0.25026650771548214,-0.33357126148779703,8,3,0.21875,3,6,3,0
1837,IZSJJCSJAOULBC-GWRLCIEASA-N,572.4920000000003,5.537300000000005,1,4,69.72,0.2502665077153719,-0.3335712614880015,8,3,0.21875,3,6,3,0
1838,IZSJJCSJAOULBC-GWRLCIEASA-N,531.6560000000003,4.847340000000004,1,4,69.72,0.2502665077152828,-0.3335712614881667,6,3,0.2647058823529412,3,6,3,0
1839,IZSJJCSJAOULBC-GWRLCIEASA-N,641.3820000000002,6.844100000000005,1,4,69.72,0.2502665158786883,-0.33357124634787777,10,3,0.21875,3,6,3,0
1840,IZSJJCSJAOULBC-GWRLCIEASA-N,593.5960000000003,4.046900000000003,1,8,156.00000000000003,0.2695224036604115,-0.33357126120783986,12,5,0.21875,3,6,5,0
1841,IZSJJCSJAOULBC-GWRLCIEASA-N,539.5820000000002,4.508700000000004,1,4,69.72,0.2502665239923155,-0.333571231300538,8,3,0.21875,3,6,3,0
1842,IZSJJCSJAOULBC-GWRLCIEASA-N,572.4920000000003,5.5373000000000046,1,4,69.72,0.25026651587857485,-0.333571246348088,8,3,0.21875,3,6,3,0
1843,IZSJJCSJAOULBC-GWRLCIEASA-N,563.6540000000003,4.247700000000003,1,6,88.18,0.25026652936724186,-0.49646544451778607,8,5,0.2647058823529412,3,6,3,0
1844,IZSJJCSJAOULBC-GWRLCIEASA-N,531.6560000000003,4.847340000000004,1,4,69.72,0.2502665092957927,-0.33357125855680697,6,3,0.2647058823529412,3,6,3,0
1845,IZSJJCSJAOULBC-GWRLCIEASA-N,503.60200000000026,4.230500000000004,1,4,69.72,0.25026650771526116,-0.33357126148820665,6,3,0.21875,3,6,3,0
1639,NEKNOPAJIGVRKE-UHFFFAOYSA-N,447.3650000000003,7.288500000000004,1,3,48.14,0.22528846608981323,-0.4376382452597347,5,1,0.19230769230769232,4,6,1,0
1640,NEKNOPAJIGVRKE-UHFFFAOYSA-N,447.3650000000003,7.288500000000004,1,3,48.14,0.22529035347794624,-0.4376382137562161,5,1,0.19230769230769232,4,6,1,0
1641,NEKNOPAJIGVRKE-UHFFFAOYSA-N,423.47200000000026,5.8899000000000035,1,5,91.28,0.2689429528356682,-0.4376382453178054,6,2,0.19230769230769232,4,6,2,0
1642,NEKNOPAJIGVRKE-UHFFFAOYSA-N,468.5530000000004,6.007500000000006,1,6,75.83000000000001,0.2252884978600838,-0.4927040548882515,6,4,0.27586206896551724,4,6,1,0
1643,NEKNOPAJIGVRKE-UHFFFAOYSA-N,438.5270000000003,5.998900000000005,1,5,66.60000000000001,0.22529094611752176,-0.4966244400243905,5,3,0.25,4,6,1,0
1644,NEKNOPAJIGVRKE-UHFFFAOYSA-N,424.5000000000003,5.695900000000004,2,5,77.60000000000001,0.22528847833668675,-0.5042545984024782,5,2,0.2222222222222222,4,6,1,0
1645,NEKNOPAJIGVRKE-UHFFFAOYSA-N,408.5010000000003,5.990300000000005,1,4,57.370000000000005,0.22529094596367322,-0.49644153309308703,4,2,0.2222222222222222,4,6,1,0
1646,NEKNOPAJIGVRKE-UHFFFAOYSA-N,394.4740000000003,5.687300000000003,2,4,68.37,0.22528845882646237,-0.5079666359947361,4,1,0.19230769230769232,4,6,1,0
1647,NEKNOPAJIGVRKE-UHFFFAOYSA-N,392.5020000000003,6.290120000000005,1,3,48.14,0.22528845869091585,-0.43763824531881623,3,1,0.2222222222222222,4,6,1,0
1648,NEKNOPAJIGVRKE-UHFFFAOYSA-N,378.47500000000025,5.9817000000000045,1,3,48.14,0.2252884586802285,-0.43763824531885764,3,1,0.19230769230769232,4,6,1,0
781,NTISYWBCRKDSDB-UHFFFAOYSA-N,503.0900000000003,6.969600000000006,3,3,69.81,0.21983042528109834,-0.3842217427793629,6,11,0.4,4,5,2,0
1312,NTISYWBCRKDSDB-UHFFFAOYSA-N,468.6450000000003,6.316200000000006,3,3,69.81,0.21983042528109834,-0.38422175400150255,5,11,0.4,4,5,2,0
1319,NTISYWBCRKDSDB-UHFFFAOYSA-N,528.1000000000004,6.841280000000006,3,4,93.6,0.219830425304377,-0.3842217427793629,7,11,0.3870967741935484,4,5,3,0
2025,NTISYWBCRKDSDB-UHFFFAOYSA-N,583.7770000000002,6.819400000000007,4,5,108.14,0.40781943478595845,-0.44382355612053465,8,12,0.45714285714285713,4,5,3,0
2026,NTISYWBCRKDSDB-UHFFFAOYSA-N,483.66000000000037,5.253400000000005,4,4,95.83,0.2367608395163566,-0.38422175400150255,6,11,0.4,4,5,3,0
2027,NTISYWBCRKDSDB-UHFFFAOYSA-N,525.6970000000005,5.430800000000005,4,4,98.91,0.24242537860103172,-0.38422175400150255,7,12,0.40625,4,5,3,0
3159,NTISYWBCRKDSDB-UHFFFAOYSA-N,518.1050000000004,5.906800000000006,4,4,95.83,0.2367608395163566,-0.3842217427793629,7,11,0.4,4,5,3,0
3160,NTISYWBCRKDSDB-UHFFFAOYSA-N,518.1050000000004,5.906800000000006,4,4,95.83,0.2367608395163566,-0.3842217427793629,7,11,0.4,4,5,3,0
3164,NTISYWBCRKDSDB-UHFFFAOYSA-N,513.6860000000003,5.262000000000003,4,5,105.06,0.23676083951635665,-0.4967417642993277,7,12,0.41935483870967744,4,5,3,0
3171,NTISYWBCRKDSDB-UHFFFAOYSA-N,518.1050000000004,5.906800000000006,4,4,95.83,0.2367608395163566,-0.3842217427793629,7,11,0.4,4,5,3,0
2965,NVUUCSMDDBUOOH-UHFFFAOYSA-N,365.3410000000001,3.151700000000001,2,5,105.84,0.32782118769902857,-0.4967658883822401,7,5,0.05,3,3,1,0
2966,NVUUCSMDDBUOOH-UHFFFAOYSA-N,335.31500000000005,3.1431000000000013,2,4,96.60999999999999,0.32782118769902857,-0.4780736044582894,6,4,0.0,3,3,1,0
2970,NVUUCSMDDBUOOH-UHFFFAOYSA-N,468.93700000000024,4.596900000000003,1,6,88.85,0.3303083098066767,-0.46324034101705713,8,9,0.24,3,3,2,0
2971,NVUUCSMDDBUOOH-UHFFFAOYSA-N,468.93700000000024,4.596900000000003,1,6,88.85,0.3303083098066767,-0.4632403410171085,8,9,0.24,3,3,2,0
2972,NVUUCSMDDBUOOH-UHFFFAOYSA-N,464.51800000000026,3.9521000000000024,1,7,98.08000000000001,0.3303083098066767,-0.4967658883822401,8,10,0.2692307692307692,3,3,2,0
2973,NVUUCSMDDBUOOH-UHFFFAOYSA-N,448.51900000000023,4.251920000000004,1,6,88.85,0.3303083098066767,-0.46324034101710865,7,9,0.2692307692307692,3,3,2,0
2974,NVUUCSMDDBUOOH-UHFFFAOYSA-N,440.88300000000015,3.8167000000000018,1,6,88.85,0.3303083065984805,-0.4632403410171085,8,7,0.17391304347826086,3,3,2,0
2975,NVUUCSMDDBUOOH-UHFFFAOYSA-N,436.4640000000003,3.1719000000000017,1,7,98.07999999999998,0.3303083065984805,-0.4967658883822401,8,8,0.20833333333333334,3,3,2,0
2976,NVUUCSMDDBUOOH-UHFFFAOYSA-N,420.46500000000026,3.471720000000002,1,6,88.85,0.3303083065984805,-0.46324034101710865,7,7,0.20833333333333334,3,3,2,0
2977,NVUUCSMDDBUOOH-UHFFFAOYSA-N,406.4380000000001,3.1633000000000013,1,6,88.85,0.3303083065984805,-0.46324034101710865,7,7,0.17391304347826086,3,3,2,0
3244,OKTYPCAALOTZLW-UHFFFAOYSA-N,553.6500000000002,7.589600000000007,1,6,46.620000000000005,0.41590985007406245,-0.4967678104205932,9,8,0.3,4,5,2,0
3245,OKTYPCAALOTZLW-UHFFFAOYSA-N,515.6790000000003,6.579400000000007,1,7,55.85000000000001,0.18355228412597982,-0.49676820513890796,7,9,0.3,4,5,2,0
3246,OKTYPCAALOTZLW-UHFFFAOYSA-N,499.68000000000023,6.879220000000008,1,6,46.620000000000005,0.18355228412597982,-0.4967678104205932,6,8,0.3,4,5,2,0
3247,OKTYPCAALOTZLW-UHFFFAOYSA-N,546.9260000000003,8.6529,1,4,28.16,0.1835522839666394,-0.35865782141859137,8,6,0.2222222222222222,4,5,2,0
3248,OKTYPCAALOTZLW-UHFFFAOYSA-N,519.5010000000002,7.732080000000006,1,5,51.95,0.1835522839666393,-0.35865782141871055,7,6,0.21428571428571427,4,5,3,0
3249,OKTYPCAALOTZLW-UHFFFAOYSA-N,524.5170000000003,7.869000000000007,1,5,37.39,0.1835522839666393,-0.49676820513890796,7,7,0.25,4,5,2,0
3250,OKTYPCAALOTZLW-UHFFFAOYSA-N,508.51800000000026,8.168820000000006,1,4,28.16,0.1835522839666393,-0.35865782141871055,6,6,0.25,4,5,2,0
3251,OKTYPCAALOTZLW-UHFFFAOYSA-N,494.4910000000002,7.860400000000006,1,4,28.160000000000004,0.1835522839666393,-0.35865782141871055,6,6,0.2222222222222222,4,5,2,0
3252,OKTYPCAALOTZLW-UHFFFAOYSA-N,467.68200000000024,7.478860000000007,1,4,28.16,0.18355228388945227,-0.3586578214188288,4,6,0.3,4,5,2,0
3253,OKTYPCAALOTZLW-UHFFFAOYSA-N,453.6550000000002,7.170440000000007,1,4,28.160000000000004,0.18355228388945227,-0.3586578214188288,4,6,0.27586206896551724,4,5,2,0
2051,OVSULVUWCMANAO-UHFFFAOYSA-N,350.4620000000001,3.975000000000003,0,3,40.620000000000005,0.2610423609505252,-0.302115653634701,4,9,0.36363636363636365,2,3,2,0
2055,OVSULVUWCMANAO-UHFFFAOYSA-N,368.4520000000001,4.114100000000004,0,3,40.620000000000005,0.2610423609505252,-0.3020063675279435,5,9,0.36363636363636365,2,3,2,0
2059,OVSULVUWCMANAO-UHFFFAOYSA-N,384.90700000000015,4.6284000000000045,0,3,40.620000000000005,0.2610423609505252,-0.3021147460143156,5,9,0.36363636363636365,2,3,2,0
2092,OVSULVUWCMANAO-UHFFFAOYSA-N,336.435,3.6328000000000022,1,3,49.410000000000004,0.2610423609505252,-0.31267647272067056,4,9,0.3333333333333333,2,3,2,0
2096,OVSULVUWCMANAO-UHFFFAOYSA-N,354.425,3.7719000000000023,1,3,49.410000000000004,0.2610423609505252,-0.31256717596997463,5,9,0.3333333333333333,2,3,2,0
2100,OVSULVUWCMANAO-UHFFFAOYSA-N,354.425,3.7719000000000023,1,3,49.410000000000004,0.2610423609505252,-0.3126764446462352,5,9,0.3333333333333333,2,3,2,0
2103,OVSULVUWCMANAO-UHFFFAOYSA-N,372.415,3.911000000000003,1,3,49.410000000000004,0.2610423609505252,-0.312567146574869,6,9,0.3333333333333333,2,3,2,0
2107,OVSULVUWCMANAO-UHFFFAOYSA-N,370.88,4.286200000000004,1,3,49.410000000000004,0.2610423609505252,-0.31267556557418097,5,9,0.3333333333333333,2,3,2,0
2707,OVSULVUWCMANAO-UHFFFAOYSA-N,364.48900000000015,4.365100000000004,0,3,40.620000000000005,0.2610423609505252,-0.2993594900946582,4,10,0.391304347826087,2,3,2,0
2708,OVSULVUWCMANAO-UHFFFAOYSA-N,394.5150000000002,4.373700000000004,0,4,49.85000000000001,0.2610423609505252,-0.49642593046585387,5,11,0.4166666666666667,2,3,2,0
1825,PAPJYYPFDSUEFY-VPPNEJQJSA-N,713.7850000000002,5.122000000000004,2,6,102.06,0.250266505931741,-0.3367644525503789,11,3,0.2857142857142857,4,9,5,0
1826,PAPJYYPFDSUEFY-VPPNEJQJSA-N,746.6950000000002,6.150600000000006,2,6,102.06,0.25026650593163063,-0.33676445255058335,11,3,0.2857142857142857,4,9,5,0
1827,PAPJYYPFDSUEFY-VPPNEJQJSA-N,705.859,5.460640000000005,2,6,102.06,0.25026650593154165,-0.3367644525507485,9,3,0.3181818181818182,4,9,5,0
1828,PAPJYYPFDSUEFY-VPPNEJQJSA-N,815.5849999999999,7.457400000000008,2,6,102.06,0.2502665140949273,-0.3367644374121274,13,3,0.2857142857142857,4,9,5,0
1829,PAPJYYPFDSUEFY-VPPNEJQJSA-N,767.7990000000002,4.660200000000003,2,10,188.34,0.2695224036604003,-0.336764452270455,15,5,0.2857142857142857,4,9,7,0
1830,PAPJYYPFDSUEFY-VPPNEJQJSA-N,713.7850000000002,5.122000000000004,2,6,102.06,0.2502665222085349,-0.3367644223664448,11,3,0.2857142857142857,4,9,5,0
1831,PAPJYYPFDSUEFY-VPPNEJQJSA-N,746.6950000000002,6.150600000000007,2,6,102.06,0.2502665140948139,-0.3367644374123377,11,3,0.2857142857142857,4,9,5,0
1832,PAPJYYPFDSUEFY-VPPNEJQJSA-N,737.857,4.861000000000004,2,8,120.52000000000001,0.2502665275834482,-0.49646544451779856,11,5,0.3181818181818182,4,9,5,0
1833,PAPJYYPFDSUEFY-VPPNEJQJSA-N,705.8589999999999,5.460640000000005,2,6,102.06,0.2502665075120477,-0.33676444961971136,9,3,0.3181818181818182,4,9,5,0
1834,PAPJYYPFDSUEFY-VPPNEJQJSA-N,677.8050000000002,4.843800000000004,2,6,102.06,0.25026650593151994,-0.3367644525507884,9,3,0.2857142857142857,4,9,5,0
2247,POYGDFGWFNUJTP-UHFFFAOYSA-O,356.44900000000007,3.476200000000002,2,1,48.77,0.2512452220375163,-0.36088890069767343,4,6,0.13043478260869565,4,4,1,1
2248,POYGDFGWFNUJTP-UHFFFAOYSA-O,374.4390000000001,3.615300000000002,2,1,48.77,0.251245222037786,-0.36088890069767343,5,6,0.13043478260869565,4,4,1,1
2249,POYGDFGWFNUJTP-UHFFFAOYSA-O,374.4390000000001,3.615300000000002,2,1,48.77,0.25124522203751654,-0.36088890069767343,5,6,0.13043478260869565,4,4,1,1
2250,POYGDFGWFNUJTP-UHFFFAOYSA-O,374.4390000000001,3.615300000000002,2,1,48.77,0.2512452220375163,-0.36088890069767343,5,6,0.13043478260869565,4,4,1,1
2251,POYGDFGWFNUJTP-UHFFFAOYSA-O,370.47600000000006,3.784620000000002,2,1,48.769999999999996,0.2512452220375163,-0.36088890069767343,4,6,0.16666666666666666,4,4,1,1
2252,POYGDFGWFNUJTP-UHFFFAOYSA-O,370.47600000000006,3.784620000000003,2,1,48.769999999999996,0.2512452220375163,-0.36088890069767343,4,6,0.16666666666666666,4,4,1,1
2253,POYGDFGWFNUJTP-UHFFFAOYSA-O,404.4650000000001,3.6239000000000017,2,2,58.0,0.25124522203790767,-0.4967429680665144,6,7,0.16666666666666666,4,4,1,1
2254,POYGDFGWFNUJTP-UHFFFAOYSA-O,404.4650000000001,3.6239000000000017,2,2,58.0,0.25124522203763827,-0.4967429680665144,6,7,0.16666666666666666,4,4,1,1
2255,POYGDFGWFNUJTP-UHFFFAOYSA-O,404.4650000000001,3.6239000000000017,2,2,58.0,0.251245222037638,-0.4967429680665144,6,7,0.16666666666666666,4,4,1,1
2256,POYGDFGWFNUJTP-UHFFFAOYSA-O,473.5530000000002,3.545200000000002,2,4,87.54,0.4142015403956492,-0.4967429680665144,8,8,0.2222222222222222,4,4,2,1
3657,SCHZXZPFGJTWJB-UHFFFAOYSA-N,278.398,3.6171200000000026,0,3,34.14,0.22981352582811698,-0.2122108857767815,4,4,0.14285714285714285,2,2,0,0
3658,SCHZXZPFGJTWJB-UHFFFAOYSA-N,296.388,3.7562200000000026,0,3,34.14,0.22981352592740026,-0.2122108857765994,5,4,0.14285714285714285,2,2,0,0
3659,SCHZXZPFGJTWJB-UHFFFAOYSA-N,312.843,4.270520000000004,0,3,34.14,0.22981352587786585,-0.21221088577669026,5,4,0.14285714285714285,2,2,0,0
3660,SCHZXZPFGJTWJB-UHFFFAOYSA-N,323.39500000000004,3.5253200000000025,0,5,77.28,0.2689428412809059,-0.25830963618141806,7,5,0.14285714285714285,2,2,1,0
3661,SCHZXZPFGJTWJB-UHFFFAOYSA-N,303.408,3.488800000000002,0,4,57.93,0.22981352586988513,-0.21221088577670502,5,4,0.13333333333333333,2,2,1,0
3662,SCHZXZPFGJTWJB-UHFFFAOYSA-N,346.395,4.635920000000003,0,3,34.14,0.41590984492286415,-0.21221088577676317,7,4,0.2,2,2,0,0
3663,SCHZXZPFGJTWJB-UHFFFAOYSA-N,362.394,4.515720000000003,0,4,43.370000000000005,0.5725963006086746,-0.4057996863856385,8,5,0.2,2,2,0,0
3664,SCHZXZPFGJTWJB-UHFFFAOYSA-N,308.424,3.625720000000003,0,4,43.370000000000005,0.22981352596058022,-0.4967682104883979,5,5,0.2,2,2,0,0
3665,SCHZXZPFGJTWJB-UHFFFAOYSA-N,320.47900000000004,4.7405200000000045,0,3,34.14,0.22981352583783474,-0.21221088577676367,4,5,0.29411764705882354,2,2,0,0
3666,SCHZXZPFGJTWJB-UHFFFAOYSA-N,334.50600000000003,4.914620000000005,0,3,34.14,0.22981352583785386,-0.21221088577676364,4,4,0.3333333333333333,2,2,0,0
2674,SMWDFEZZVXVKRB-UHFFFAOYSA-O,289.31100000000004,1.5112999999999999,0,4,59.720000000000006,0.4142267091148629,-0.46525366150466674,6,2,0.26666666666666666,2,2,1,1
2818,SMWDFEZZVXVKRB-UHFFFAOYSA-O,302.354,1.4264999999999999,0,3,53.730000000000004,0.41422670908250436,-0.40930801946308476,6,2,0.3125,2,2,2,1
2819,SMWDFEZZVXVKRB-UHFFFAOYSA-O,316.38100000000003,1.8629,1,3,62.52,0.41422670908249765,-0.40930801946715056,6,3,0.35294117647058826,2,2,2,1
2820,SMWDFEZZVXVKRB-UHFFFAOYSA-O,332.38,1.1008999999999995,1,4,71.74999999999999,0.41422670908249765,-0.40930801946715945,7,5,0.35294117647058826,2,2,2,1
2822,SMWDFEZZVXVKRB-UHFFFAOYSA-O,346.36300000000006,0.6274999999999991,1,5,88.81999999999998,0.41422670908249765,-0.46769800401551315,8,4,0.29411764705882354,2,2,2,1
2824,SMWDFEZZVXVKRB-UHFFFAOYSA-O,288.327,1.0842999999999998,1,3,62.52,0.4142267090824976,-0.4093080194671707,6,2,0.26666666666666666,2,2,2,1
2825,SMWDFEZZVXVKRB-UHFFFAOYSA-O,302.354,1.5672,1,3,62.519999999999996,0.4142267090872558,-0.40930801808769435,6,3,0.3125,2,2,2,1
2827,SMWDFEZZVXVKRB-UHFFFAOYSA-O,473.50400000000025,-0.44359999999999844,2,9,158.41,0.4142267090824977,-0.7255268762275708,13,8,0.42105263157894735,2,2,2,0
3921,SMWDFEZZVXVKRB-UHFFFAOYSA-O,303.338,1.9014,0,4,59.720000000000006,0.414226709114863,-0.4622274565322404,6,3,0.3125,2,2,1,1
3922,SMWDFEZZVXVKRB-UHFFFAOYSA-O,288.3114336,1.5112999999999999,0,4,59.720000000000006,0.4142267091148629,-0.46525366150466674,6,2,0.26666666666666666,2,2,1,1
32,VOWHONRMOCHCGC-LHIURRSHSA-N,359.5140000000002,4.114500000000003,1,4,44.81,0.41210064131025725,-0.4103450873692135,5,7,0.6666666666666666,1,3,3,0
59,VOWHONRMOCHCGC-LHIURRSHSA-N,275.352,1.7739,1,4,44.81,0.4118385181870835,-0.4103522678022568,5,1,0.5333333333333333,1,3,3,0
172,VOWHONRMOCHCGC-LHIURRSHSA-N,261.325,1.4317,2,4,53.6,0.4118385181870763,-0.41035226780659106,5,1,0.5,1,3,3,0
175,VOWHONRMOCHCGC-LHIURRSHSA-N,373.54100000000017,4.5046000000000035,1,4,44.81,0.41210064131025725,-0.4103450873692135,5,8,0.6818181818181818,1,3,3,0
177,VOWHONRMOCHCGC-LHIURRSHSA-N,301.39000000000004,2.3301000000000007,1,4,44.81,0.41183851818708356,-0.4103522678022357,5,3,0.47058823529411764,1,3,3,0
178,VOWHONRMOCHCGC-LHIURRSHSA-N,289.37899999999996,2.1161000000000003,0,4,36.02,0.4142017218688442,-0.4102099239548018,5,1,0.5625,1,3,3,0
713,VOWHONRMOCHCGC-LHIURRSHSA-N,289.37899999999996,2.1640000000000006,1,4,44.81,0.4120909619291644,-0.4103452056000185,5,2,0.5625,1,3,3,0
1356,VOWHONRMOCHCGC-LHIURRSHSA-N,275.352,1.7739,1,4,44.81,0.4118385181870835,-0.4103522678022568,5,1,0.5333333333333333,1,3,3,0
1360,VOWHONRMOCHCGC-LHIURRSHSA-N,289.335,1.3005,1,4,61.88,0.41183851819863493,-0.410352264360823,6,2,0.4666666666666667,1,3,3,0
1368,VOWHONRMOCHCGC-LHIURRSHSA-N,261.32499999999993,1.7496,2,4,53.6,0.41183851818061196,-0.41035226970106925,5,1,0.5,1,3,3,0
2409,WWOATZYESLZUJT-XSFVSMFZSA-N,363.4570000000001,3.978200000000003,1,4,49.77,0.18896538026558185,-0.5042384170461989,4,4,0.34782608695652173,2,4,1,0
2410,WWOATZYESLZUJT-XSFVSMFZSA-N,363.4570000000001,3.978200000000003,1,4,49.77,0.1889655038910196,-0.5042473596527062,4,4,0.34782608695652173,2,4,1,0
2411,WWOATZYESLZUJT-XSFVSMFZSA-N,333.43100000000004,3.9696000000000033,1,3,40.540000000000006,0.1889605949854906,-0.5079414737770035,3,3,0.3181818181818182,2,4,1,0
2412,WWOATZYESLZUJT-XSFVSMFZSA-N,333.43100000000004,3.969600000000004,1,3,40.540000000000006,0.1925458069597358,-0.507174024398034,3,3,0.3181818181818182,2,4,1,0
2413,WWOATZYESLZUJT-XSFVSMFZSA-N,333.43100000000004,3.9696000000000033,1,3,40.540000000000006,0.18882771118263947,-0.507955398344245,3,3,0.3181818181818182,2,4,1,0
2414,WWOATZYESLZUJT-XSFVSMFZSA-N,377.48400000000015,4.281200000000004,0,4,38.77,0.18896550586797822,-0.49285858460898707,4,5,0.375,2,4,1,0
2415,WWOATZYESLZUJT-XSFVSMFZSA-N,347.4580000000001,4.272600000000004,0,3,29.54,0.1889607202872287,-0.4967430524178455,3,4,0.34782608695652173,2,4,1,0
2416,WWOATZYESLZUJT-XSFVSMFZSA-N,347.4580000000001,4.272600000000004,0,3,29.54,0.19255391000696165,-0.49597669918410425,3,4,0.34782608695652173,2,4,1,0
2417,WWOATZYESLZUJT-XSFVSMFZSA-N,347.4580000000001,4.272600000000004,0,3,29.54,0.18882771307504442,-0.4967569745896264,3,4,0.34782608695652173,2,4,1,0
2419,WWOATZYESLZUJT-XSFVSMFZSA-N,377.48400000000015,4.281200000000004,0,4,38.77,0.18882771307504442,-0.49675708681465036,4,5,0.375,2,4,1,0
4305,YQECNLHNFBWCNG-UHFFFAOYSA-N,304.39300000000014,4.796520000000004,1,3,48.14,0.12983115302312911,-0.45707763944242746,3,2,0.25,3,4,1,0
4306,YQECNLHNFBWCNG-UHFFFAOYSA-N,320.3920000000001,4.496700000000003,1,4,57.370000000000005,0.16876247648677417,-0.4928453243877894,4,3,0.25,3,4,1,0
4307,YQECNLHNFBWCNG-UHFFFAOYSA-N,304.3930000000001,4.796520000000004,1,3,48.14,0.12776044346996537,-0.45734726782262763,3,2,0.25,3,4,1,0
4308,YQECNLHNFBWCNG-UHFFFAOYSA-N,320.39200000000017,4.496700000000003,1,4,57.370000000000005,0.13062421010167435,-0.4966244095520802,4,3,0.25,3,4,1,0
4309,YQECNLHNFBWCNG-UHFFFAOYSA-N,304.39300000000003,4.796520000000003,1,3,48.14,0.1277601936887651,-0.45735736988502507,3,2,0.25,3,4,1,0
4310,YQECNLHNFBWCNG-UHFFFAOYSA-N,320.3920000000001,4.496700000000002,1,4,57.370000000000005,0.1277602440414227,-0.4967638004399813,4,3,0.25,3,4,1,0
4311,YQECNLHNFBWCNG-UHFFFAOYSA-N,324.8110000000002,5.141500000000003,1,3,48.14,0.12776021020222092,-0.4573559027573317,4,2,0.21052631578947367,3,4,1,0
4312,YQECNLHNFBWCNG-UHFFFAOYSA-N,346.47400000000016,5.785600000000005,1,3,48.14,0.12776019373692177,-0.4573573611011532,3,2,0.34782608695652173,3,4,1,0
4313,YQECNLHNFBWCNG-UHFFFAOYSA-N,318.42000000000013,5.104940000000004,1,3,48.14,0.12776069722900263,-0.45733681729862713,3,2,0.2857142857142857,3,4,1,0
4322,YQECNLHNFBWCNG-UHFFFAOYSA-N,290.3660000000001,4.488100000000003,1,3,48.14,0.12776018972348402,-0.45735771773514755,3,2,0.21052631578947367,3,4,1,0
762,AIFRHYZBTHREPW-UHFFFAOYSA-O,227.287,2.17002,1,1,29.04,0.20198961473410382,-0.5079411828016822,3,0,0.21428571428571427,3,3,0,1
763,AIFRHYZBTHREPW-UHFFFAOYSA-O,213.26,2.1596199999999994,2,1,39.9,0.20178677858690072,-0.5079411847047322,3,0,0.15384615384615385,3,3,0,1
764,AIFRHYZBTHREPW-UHFFFAOYSA-O,213.26,1.8615999999999995,1,1,29.04,0.19257918355326287,-0.5079411828080509,3,0,0.15384615384615385,3,3,0,1
765,AIFRHYZBTHREPW-UHFFFAOYSA-O,199.233,1.8511999999999997,2,1,39.9,0.19237610379521947,-0.5079411847110974,3,0,0.08333333333333333,3,3,0,1
766,AIFRHYZBTHREPW-UHFFFAOYSA-O,227.287,2.4626200000000003,1,1,28.9,0.20178677859063518,-0.49674276322881555,3,1,0.21428571428571427,3,3,0,1
767,AIFRHYZBTHREPW-UHFFFAOYSA-O,227.287,2.1646,0,1,18.04,0.19257918355699707,-0.4967427613306603,3,1,0.21428571428571427,3,3,0,1
768,AIFRHYZBTHREPW-UHFFFAOYSA-O,213.26,2.1542000000000003,1,1,28.9,0.1923761037989505,-0.49674276323518685,3,1,0.15384615384615385,3,3,0,1
3978,AIFRHYZBTHREPW-UHFFFAOYSA-O,285.32300000000004,2.930220000000001,1,3,55.2,0.6017388158160911,-0.49668697489598396,5,2,0.25,3,3,0,1
3993,AIFRHYZBTHREPW-UHFFFAOYSA-O,183.234,2.1456,1,0,19.669999999999998,0.1923760845426609,-0.3496309342500029,2,0,0.08333333333333333,3,3,0,1
225,AYMKUDMWKRYQAG-RRKGBCIJSA-N,344.4990000000002,4.263300000000004,1,3,41.57,0.41210062441632195,-0.4103474556297107,4,7,0.6666666666666666,1,3,2,0
1131,AYMKUDMWKRYQAG-RRKGBCIJSA-N,344.4990000000002,4.263300000000003,1,3,41.57,0.412100624416331,-0.4103474556297231,4,7,0.6666666666666666,1,3,2,0
1132,AYMKUDMWKRYQAG-RRKGBCIJSA-N,330.47200000000015,3.8732000000000033,1,3,41.57,0.41210062441632195,-0.4103474556297231,4,6,0.65,1,3,2,0
1133,AYMKUDMWKRYQAG-RRKGBCIJSA-N,358.52600000000024,4.653400000000004,1,3,41.57,0.412100624416331,-0.4103474556297107,4,8,0.6818181818181818,1,3,2,0
1134,AYMKUDMWKRYQAG-RRKGBCIJSA-N,316.44500000000005,3.483100000000002,1,3,41.57,0.4121006231152233,-0.4103474556332596,4,5,0.631578947368421,1,3,2,0
1135,AYMKUDMWKRYQAG-RRKGBCIJSA-N,302.41800000000006,3.0930000000000017,1,3,41.57,0.4121004604859896,-0.4103474565657051,4,4,0.6111111111111112,1,3,2,0
1136,AYMKUDMWKRYQAG-RRKGBCIJSA-N,274.36400000000003,2.3128,1,3,41.57,0.4118385012931517,-0.4103546360627195,4,2,0.5625,1,3,2,0
1140,AYMKUDMWKRYQAG-RRKGBCIJSA-N,372.5530000000003,5.043500000000004,1,3,41.57,0.412100624416331,-0.41034745562971064,4,9,0.6956521739130435,1,3,2,0
1141,AYMKUDMWKRYQAG-RRKGBCIJSA-N,358.52600000000024,4.653400000000004,1,3,41.57,0.41210062441632195,-0.4103474556297107,4,8,0.6818181818181818,1,3,2,0
1167,CRPBEXXXEBUOEC-UHFFFAOYSA-N,348.446,3.584900000000003,0,3,40.620000000000005,0.26104252789472576,-0.2990643839547593,4,5,0.36363636363636365,2,4,2,0
1169,CRPBEXXXEBUOEC-UHFFFAOYSA-N,393.44300000000015,3.4931000000000028,0,5,83.75999999999999,0.2697757882005685,-0.2990643839547593,7,6,0.36363636363636365,2,4,3,0
1170,CRPBEXXXEBUOEC-UHFFFAOYSA-N,423.4690000000002,3.5017000000000023,0,6,92.99000000000001,0.2697757882005685,-0.49676820513890796,8,7,0.391304347826087,2,4,3,0
1171,CRPBEXXXEBUOEC-UHFFFAOYSA-N,427.88800000000015,4.146500000000003,0,5,83.75999999999999,0.2697757882005685,-0.29906436986168317,8,6,0.36363636363636365,2,4,3,0
1173,CRPBEXXXEBUOEC-UHFFFAOYSA-N,363.46100000000007,3.1671000000000022,1,4,66.64000000000001,0.2611203587379691,-0.39870815720317165,5,5,0.36363636363636365,2,4,3,0
1174,CRPBEXXXEBUOEC-UHFFFAOYSA-N,405.49800000000016,3.543300000000002,1,4,69.72,0.2611206936525817,-0.32631292927425676,6,6,0.375,2,4,3,0
1176,CRPBEXXXEBUOEC-UHFFFAOYSA-N,378.4720000000001,3.5935000000000024,0,4,49.85,0.26118153729974825,-0.49674153912177577,5,6,0.391304347826087,2,4,2,0
1179,CRPBEXXXEBUOEC-UHFFFAOYSA-N,393.44300000000015,3.4931000000000028,0,5,83.75999999999999,0.282486291288008,-0.2990643839547593,7,6,0.36363636363636365,2,4,3,0
1180,CRPBEXXXEBUOEC-UHFFFAOYSA-N,363.46100000000007,3.1671000000000022,1,4,66.64000000000001,0.26314027103776444,-0.39805974593875,5,5,0.36363636363636365,2,4,3,0
2028,DVAUGKNGSJLBSB-UHFFFAOYSA-N,427.50400000000025,4.086800000000003,2,6,80.32,0.2092165181740729,-0.4967417642992633,6,6,0.2692307692307692,3,5,2,0
2030,DVAUGKNGSJLBSB-UHFFFAOYSA-N,397.47800000000024,4.078200000000003,2,5,71.09,0.2092165181740729,-0.3824525431242731,5,5,0.24,3,5,2,0
2032,DVAUGKNGSJLBSB-UHFFFAOYSA-N,431.92300000000034,4.731600000000004,2,5,71.09,0.2092165181740729,-0.38245253190198625,6,5,0.24,3,5,2,0
2034,DVAUGKNGSJLBSB-UHFFFAOYSA-N,413.4770000000002,3.783800000000003,3,6,91.32000000000001,0.20935737189115372,-0.5071594721482736,6,5,0.24,3,5,2,0
2036,DVAUGKNGSJLBSB-UHFFFAOYSA-N,447.92200000000037,4.437200000000004,3,6,91.32000000000001,0.20935737189115372,-0.5071594721482736,7,5,0.24,3,5,2,0
2038,DVAUGKNGSJLBSB-UHFFFAOYSA-N,443.50300000000027,3.7924000000000024,3,7,100.55000000000001,0.20935737189115372,-0.5071594721482736,7,6,0.2692307692307692,3,5,2,0
2040,DVAUGKNGSJLBSB-UHFFFAOYSA-N,461.94900000000035,4.653300000000003,2,6,80.32,0.21076436239568525,-0.4967417642992633,7,6,0.2692307692307692,3,5,2,0
2042,DVAUGKNGSJLBSB-UHFFFAOYSA-N,466.36800000000034,5.298100000000003,2,5,71.09,0.21076436239568525,-0.38245252494990817,7,5,0.24,3,5,2,0
2044,DVAUGKNGSJLBSB-UHFFFAOYSA-N,431.92300000000034,4.644700000000004,2,5,71.09,0.21076436239568525,-0.3824525361721951,6,5,0.24,3,5,2,0
1387,FOHMZMZGIYKSSS-UHFFFAOYSA-N,534.5870000000001,5.544000000000005,2,5,76.66,0.2500085085550161,-0.4928587892629188,7,4,0.21212121212121213,4,7,2,0
1388,FOHMZMZGIYKSSS-UHFFFAOYSA-N,576.6490000000003,5.422100000000005,2,7,95.12000000000002,0.250008508636304,-0.492869975523602,8,6,0.2571428571428571,4,7,2,0
1389,FOHMZMZGIYKSSS-UHFFFAOYSA-N,516.5970000000001,5.404900000000004,2,5,76.66,0.25000850855479595,-0.4928587892629188,6,4,0.21212121212121213,4,7,2,0
1390,FOHMZMZGIYKSSS-UHFFFAOYSA-N,551.0420000000001,6.058300000000006,2,5,76.66,0.25000851668528584,-0.49285878926291876,7,4,0.21212121212121213,4,7,2,0
1391,FOHMZMZGIYKSSS-UHFFFAOYSA-N,569.0320000000002,6.197400000000005,2,5,76.66,0.2500094551732205,-0.4928587892629188,8,4,0.21212121212121213,4,7,2,0
1392,FOHMZMZGIYKSSS-UHFFFAOYSA-N,611.0940000000003,6.075500000000006,2,7,95.12000000000002,0.25000945525451007,-0.492869975523602,9,6,0.2571428571428571,4,7,2,0
1393,FOHMZMZGIYKSSS-UHFFFAOYSA-N,551.0420000000001,6.058300000000005,2,5,76.66,0.2500094551730004,-0.4928587892629188,7,4,0.21212121212121213,4,7,2,0
1394,FOHMZMZGIYKSSS-UHFFFAOYSA-N,561.5940000000002,5.313100000000004,2,7,119.80000000000001,0.2694400451891667,-0.4928587892629188,9,5,0.21212121212121213,4,7,3,0
1395,FOHMZMZGIYKSSS-UHFFFAOYSA-N,596.0390000000001,5.966500000000006,2,7,119.80000000000001,0.2694400451892229,-0.49285878926291876,10,5,0.21212121212121213,4,7,3,0
3,NYMLZIFRPNYAHS-UHFFFAOYSA-N,346.33400000000006,3.095300000000001,0,5,60.25000000000001,0.5725963035225338,-0.4057992597562372,10,3,0.3076923076923077,2,2,1,0
5,NYMLZIFRPNYAHS-UHFFFAOYSA-N,296.783,2.850100000000001,0,4,51.02,0.3461520477278761,-0.3289057463245608,7,2,0.25,2,2,1,0
6,NYMLZIFRPNYAHS-UHFFFAOYSA-N,292.364,2.2053000000000003,0,5,60.25000000000001,0.34615204772801966,-0.49676778686327827,7,3,0.3076923076923077,2,2,1,0
12,NYMLZIFRPNYAHS-UHFFFAOYSA-N,276.365,2.5051200000000007,0,4,51.02,0.34615204772780694,-0.3289057463245608,6,2,0.3076923076923077,2,2,1,0
13,NYMLZIFRPNYAHS-UHFFFAOYSA-N,310.81000000000006,3.2402000000000015,0,4,51.02,0.34615221229806015,-0.3289057451766721,7,3,0.3076923076923077,2,2,1,0
14,NYMLZIFRPNYAHS-UHFFFAOYSA-N,346.5000000000001,4.455620000000004,0,4,51.02,0.34615221359811754,-0.32890574517232335,6,7,0.5,2,2,1,0
15,NYMLZIFRPNYAHS-UHFFFAOYSA-N,324.8370000000001,3.6303000000000027,0,4,51.02,0.34615221359325526,-0.32890574517233123,7,4,0.35714285714285715,2,2,1,0
16,NYMLZIFRPNYAHS-UHFFFAOYSA-N,344.362,3.4376200000000017,0,4,51.02,0.39781895846937687,-0.328905745033089,9,3,0.35714285714285715,2,2,1,0
17,NYMLZIFRPNYAHS-UHFFFAOYSA-N,330.33500000000004,3.2155000000000022,0,4,51.02,0.4159102501152886,-0.3289057463245608,9,2,0.3076923076923077,2,2,1,0
2029,RTTSLBXGYIFCRM-UHFFFAOYSA-N,441.5310000000003,4.476900000000003,2,6,80.32,0.209215429231159,-0.49674176429932765,6,7,0.2962962962962963,3,5,2,0
2031,RTTSLBXGYIFCRM-UHFFFAOYSA-N,411.5050000000003,4.468300000000004,2,5,71.09,0.209215429231159,-0.3841535003789537,5,6,0.2692307692307692,3,5,2,0
2033,RTTSLBXGYIFCRM-UHFFFAOYSA-N,445.95000000000033,5.121700000000004,2,5,71.09,0.209215429231159,-0.3841534891568129,6,6,0.2692307692307692,3,5,2,0
2035,RTTSLBXGYIFCRM-UHFFFAOYSA-N,427.50400000000025,4.173900000000003,3,6,91.32000000000001,0.20935628294852657,-0.5071594721482736,6,6,0.2692307692307692,3,5,2,0
2037,RTTSLBXGYIFCRM-UHFFFAOYSA-N,461.94900000000035,4.827300000000005,3,6,91.32000000000001,0.20935628294852657,-0.5071594721482736,7,6,0.2692307692307692,3,5,2,0
2039,RTTSLBXGYIFCRM-UHFFFAOYSA-N,457.5300000000003,4.182500000000003,3,7,100.55000000000001,0.20935628294852657,-0.5071594721482736,7,7,0.2962962962962963,3,5,2,0
2041,RTTSLBXGYIFCRM-UHFFFAOYSA-N,475.97600000000034,5.0434000000000045,2,6,80.32,0.21076326725792716,-0.49674176429932765,7,7,0.2962962962962963,3,5,2,0
2043,RTTSLBXGYIFCRM-UHFFFAOYSA-N,480.3950000000003,5.688200000000005,2,5,71.09,0.21076326725792716,-0.384153489130497,7,6,0.2692307692307692,3,5,2,0
2045,RTTSLBXGYIFCRM-UHFFFAOYSA-N,445.95000000000033,5.034800000000004,2,5,71.09,0.21076326725792716,-0.38415350035263773,6,6,0.2692307692307692,3,5,2,0
331,WGJYTAVHUDKGNK-ZFWWWQNUSA-N,287.35900000000004,1.8503,1,4,41.93,0.16567612995157358,-0.49285727245768285,4,1,0.5294117647058824,1,4,1,0
696,WGJYTAVHUDKGNK-ZFWWWQNUSA-N,273.332,1.5081,2,4,50.72,0.16567599734045227,-0.4928572724660662,4,1,0.5,1,4,1,0
876,WGJYTAVHUDKGNK-ZFWWWQNUSA-N,273.332,1.5473,2,4,52.93000000000001,0.1654385016490219,-0.5042465281651559,4,0,0.5,1,4,1,0
877,WGJYTAVHUDKGNK-ZFWWWQNUSA-N,303.3580000000001,0.8211,2,5,62.160000000000004,0.1657812474023533,-0.49285725671113934,5,1,0.5294117647058824,1,4,1,0
878,WGJYTAVHUDKGNK-ZFWWWQNUSA-N,303.3580000000001,0.8211,2,5,62.160000000000004,0.1657812474023533,-0.49285725671113934,5,1,0.5294117647058824,1,4,1,0
880,WGJYTAVHUDKGNK-ZFWWWQNUSA-N,259.305,1.2050999999999998,3,4,61.72,0.165438369037906,-0.5042465281704102,4,0,0.4666666666666667,1,4,1,0
4437,WGJYTAVHUDKGNK-ZFWWWQNUSA-N,315.3690000000001,1.767,1,4,59.0,0.21924468454303134,-0.4928572670313918,5,1,0.5,1,4,1,0
4438,WGJYTAVHUDKGNK-ZFWWWQNUSA-N,313.39700000000005,2.4065000000000003,1,4,41.93000000000001,0.16567613334643527,-0.492857272457632,4,3,0.47368421052631576,1,4,1,0
4439,WGJYTAVHUDKGNK-ZFWWWQNUSA-N,327.4240000000001,2.7966000000000006,1,4,41.93000000000001,0.16567613335242903,-0.49285727245763195,4,3,0.5,1,4,1,0
2868,YIKIGGAUPKBFKJ-UHFFFAOYSA-N,344.45799999999997,4.499800000000004,1,2,32.34,0.22829368804045083,-0.3258082992549054,3,7,0.17391304347826086,3,3,2,0
2869,YIKIGGAUPKBFKJ-UHFFFAOYSA-N,360.457,4.205400000000003,2,3,52.57000000000001,0.2282937246812106,-0.5079666419411303,4,7,0.17391304347826086,3,3,2,0
2870,YIKIGGAUPKBFKJ-UHFFFAOYSA-N,374.48400000000004,4.595500000000005,2,3,52.57000000000001,0.2282937246812106,-0.5079666419411303,4,8,0.20833333333333334,3,3,2,0
2871,YIKIGGAUPKBFKJ-UHFFFAOYSA-N,376.456,3.911000000000003,3,4,72.80000000000001,0.22829613334730484,-0.5042598909493712,5,7,0.17391304347826086,3,3,2,0
2872,YIKIGGAUPKBFKJ-UHFFFAOYSA-N,390.48300000000006,4.301100000000004,3,4,72.80000000000001,0.22829613334730492,-0.5042598909493712,5,8,0.20833333333333334,3,3,2,0
2873,YIKIGGAUPKBFKJ-UHFFFAOYSA-N,390.48300000000006,4.214000000000004,2,4,61.8,0.2282961333549925,-0.5042478625196573,5,8,0.20833333333333334,3,3,2,0
2874,YIKIGGAUPKBFKJ-UHFFFAOYSA-N,404.5100000000001,4.604100000000004,2,4,61.80000000000001,0.22829613335499252,-0.5042478625196573,5,9,0.24,3,3,2,0
2875,YIKIGGAUPKBFKJ-UHFFFAOYSA-N,404.5100000000001,4.517000000000004,1,4,50.8,0.22829613435971086,-0.49286997523853876,5,9,0.24,3,3,2,0
2876,YIKIGGAUPKBFKJ-UHFFFAOYSA-N,418.53700000000015,4.907100000000004,1,4,50.80000000000001,0.22829613435971088,-0.49286997523853876,5,10,0.2692307692307692,3,3,2,0
1013,YLCVWWQFUWRBFQ-JLQXUIMWSA-N,376.45600000000013,3.8721000000000023,2,4,74.68,0.24763065363718031,-0.5042543335548534,5,3,0.30434782608695654,2,4,1,0
1014,YLCVWWQFUWRBFQ-JLQXUIMWSA-N,373.5000000000001,4.223900000000003,1,3,48.46,0.24763065363718031,-0.37766089829254207,4,3,0.3333333333333333,2,4,2,0
1015,YLCVWWQFUWRBFQ-JLQXUIMWSA-N,360.4570000000001,4.166500000000003,1,3,54.449999999999996,0.24763065363718031,-0.49676780902290907,4,3,0.30434782608695654,2,4,1,0
1016,YLCVWWQFUWRBFQ-JLQXUIMWSA-N,390.4830000000001,4.2622000000000035,2,4,74.68,0.24763065363718031,-0.5042541377500094,5,4,0.3333333333333333,2,4,1,0
1017,YLCVWWQFUWRBFQ-JLQXUIMWSA-N,390.4830000000001,4.175100000000003,1,4,63.68,0.24763065363718031,-0.4966011026241339,5,4,0.3333333333333333,2,4,1,0
1018,YLCVWWQFUWRBFQ-JLQXUIMWSA-N,390.4830000000002,4.175100000000003,1,4,63.68,0.24763065363718056,-0.49662402310672055,5,4,0.3333333333333333,2,4,1,0
1019,YLCVWWQFUWRBFQ-JLQXUIMWSA-N,355.44100000000014,4.029580000000003,1,3,69.00999999999999,0.24763065363718031,-0.3258164251488055,4,2,0.2608695652173913,2,4,2,0
1024,YLCVWWQFUWRBFQ-JLQXUIMWSA-N,425.4860000000002,2.996900000000001,1,6,111.64999999999998,0.2622157786572496,-0.7158429246029502,8,4,0.2727272727272727,2,4,1,-1
1025,YLCVWWQFUWRBFQ-JLQXUIMWSA-N,386.49500000000006,4.722700000000004,1,3,54.449999999999996,0.24763065363718031,-0.4895570835260274,4,5,0.28,2,4,1,0
2052,AFZKLKOFXUIXAC-UHFFFAOYSA-N,364.48900000000015,4.365100000000004,0,3,40.620000000000005,0.2610423609504817,-0.3021156536701096,4,10,0.391304347826087,2,3,2,0
2056,AFZKLKOFXUIXAC-UHFFFAOYSA-N,382.47900000000016,4.504200000000004,0,3,40.620000000000005,0.2610423609504817,-0.30200636756335214,5,10,0.391304347826087,2,3,2,0
2060,AFZKLKOFXUIXAC-UHFFFAOYSA-N,398.9340000000002,5.018500000000005,0,3,40.620000000000005,0.2610423609504817,-0.30211474604972427,5,10,0.391304347826087,2,3,2,0
2093,AFZKLKOFXUIXAC-UHFFFAOYSA-N,350.46199999999993,4.022900000000003,1,3,49.410000000000004,0.2610423609504817,-0.31267647275604066,4,10,0.36363636363636365,2,3,2,0
2097,AFZKLKOFXUIXAC-UHFFFAOYSA-N,368.45199999999994,4.1620000000000035,1,3,49.410000000000004,0.2610423609504817,-0.3125671760053447,5,10,0.36363636363636365,2,3,2,0
2101,AFZKLKOFXUIXAC-UHFFFAOYSA-N,368.45199999999994,4.1620000000000035,1,3,49.410000000000004,0.2610423609504817,-0.3126764446816052,5,10,0.36363636363636365,2,3,2,0
2104,AFZKLKOFXUIXAC-UHFFFAOYSA-N,386.44199999999995,4.3011000000000035,1,3,49.410000000000004,0.2610423609504817,-0.31256714661023904,6,10,0.36363636363636365,2,3,2,0
2108,AFZKLKOFXUIXAC-UHFFFAOYSA-N,384.9069999999999,4.676300000000004,1,3,49.410000000000004,0.2610423609504817,-0.3126755656095509,5,10,0.36363636363636365,2,3,2,0
25,AJXQMEAUVWYGSU-UHFFFAOYSA-N,368.4850000000001,1.90756,2,7,91.26,0.1691810982985032,-0.46335878070614017,7,7,0.6,1,3,6,0
26,AJXQMEAUVWYGSU-UHFFFAOYSA-N,354.4580000000002,1.519059999999999,2,7,91.25999999999999,0.1691810982985032,-0.4633589853844333,7,7,0.5789473684210527,1,3,6,0
28,AJXQMEAUVWYGSU-UHFFFAOYSA-N,370.45700000000016,0.4898599999999996,3,8,111.49,0.1691810982985032,-0.46335898528363245,8,7,0.5789473684210527,1,3,6,0
36,AJXQMEAUVWYGSU-UHFFFAOYSA-N,368.4850000000001,1.76506,2,7,91.26,0.1691810982985032,-0.4633589853737196,7,7,0.6,1,3,6,0
46,AJXQMEAUVWYGSU-UHFFFAOYSA-N,368.4850000000001,1.7650599999999999,2,7,91.26,0.1691810982985032,-0.4633589839792176,7,7,0.6,1,3,6,0
47,AJXQMEAUVWYGSU-UHFFFAOYSA-N,382.51200000000017,2.2960599999999998,2,7,91.26,0.1691810982985032,-0.4633585700431057,7,7,0.6190476190476191,1,3,6,0
51,AJXQMEAUVWYGSU-UHFFFAOYSA-N,384.4840000000002,1.143960000000001,2,8,100.49,0.1691810982985032,-0.4633589721406799,8,8,0.6,1,3,6,0
52,AJXQMEAUVWYGSU-UHFFFAOYSA-N,370.45700000000016,0.4898599999999996,3,8,111.49,0.1691810982985032,-0.46335897214530286,8,7,0.5789473684210527,1,3,6,0
4364,BHZJIWUWHZIBMK-UHFFFAOYSA-N,510.5840000000002,7.586800000000006,1,4,41.57,0.3377511642726796,-0.46251279393495287,6,7,0.15625,4,5,2,0
4365,BHZJIWUWHZIBMK-UHFFFAOYSA-N,546.5640000000002,7.865000000000006,1,4,41.57,0.3377511642730113,-0.46251279393495265,8,7,0.15625,4,5,2,0
4366,BHZJIWUWHZIBMK-UHFFFAOYSA-N,546.5640000000002,7.865000000000006,1,4,41.57,0.33775117888132633,-0.46251279389610045,8,7,0.15625,4,5,2,0
4367,BHZJIWUWHZIBMK-UHFFFAOYSA-N,646.5780000000002,9.624399999999994,1,4,41.57,0.41590986102515837,-0.46251279393507927,12,7,0.20588235294117646,4,5,2,0
4368,BHZJIWUWHZIBMK-UHFFFAOYSA-N,646.5780000000002,9.624399999999994,1,4,41.57,0.41590986102515837,-0.46251279393496186,12,7,0.20588235294117646,4,5,2,0
4369,BHZJIWUWHZIBMK-UHFFFAOYSA-N,579.4740000000002,8.8936,1,4,41.57,0.33775116421812135,-0.462512793935023,8,7,0.15625,4,5,2,0
4370,BHZJIWUWHZIBMK-UHFFFAOYSA-N,579.4740000000002,8.8936,1,4,41.57,0.3377511643097486,-0.46251279393490563,8,7,0.15625,4,5,2,0
4371,BHZJIWUWHZIBMK-UHFFFAOYSA-N,546.5640000000002,7.865000000000006,1,4,41.57,0.33775116436463865,-0.46251279393483535,8,7,0.15625,4,5,2,0
3979,BLYRLILMLCWJOU-UHFFFAOYSA-O,287.386,4.6521000000000035,0,0,8.809999999999999,0.21018274170676707,-0.3330253276429457,2,2,0.15,4,4,0,1
3980,BLYRLILMLCWJOU-UHFFFAOYSA-O,273.35900000000004,3.9166200000000018,0,0,8.809999999999999,0.21018273821801092,-0.3387213989936151,2,1,0.10526315789473684,4,4,0,1
3981,BLYRLILMLCWJOU-UHFFFAOYSA-O,273.35900000000004,3.9166200000000027,0,0,8.809999999999999,0.2102025601820251,-0.33872166885005933,2,1,0.10526315789473684,4,4,0,1
3982,BLYRLILMLCWJOU-UHFFFAOYSA-O,385.228,4.212800000000002,0,0,8.809999999999999,0.21025767090703965,-0.33872166885000554,3,1,0.05555555555555555,4,4,0,1
3983,BLYRLILMLCWJOU-UHFFFAOYSA-O,293.77700000000004,4.261600000000002,0,0,8.809999999999999,0.21028849949184442,-0.33872166884997473,3,1,0.05555555555555555,4,4,0,1
3984,BLYRLILMLCWJOU-UHFFFAOYSA-O,338.228,4.370700000000003,0,0,8.809999999999999,0.21026269311086251,-0.3387216688500005,3,1,0.05555555555555555,4,4,0,1
3985,BLYRLILMLCWJOU-UHFFFAOYSA-O,289.358,3.6168000000000022,0,1,18.04,0.2104562234598741,-0.49675979390237146,3,2,0.10526315789473684,4,4,0,1
3992,BLYRLILMLCWJOU-UHFFFAOYSA-O,417.124,5.133200000000003,0,0,8.809999999999999,0.22451895276550143,-0.33872166419507693,4,1,0.05555555555555555,4,4,0,1
4106,FGCZQOHSWGMVPN-UHFFFAOYSA-N,473.5010000000002,3.985100000000002,1,6,94.21999999999998,0.23754772174357858,-0.4928574183995253,10,6,0.17391304347826086,3,4,3,0
4107,FGCZQOHSWGMVPN-UHFFFAOYSA-N,473.5010000000002,3.985100000000002,1,6,94.21999999999998,0.23754772174357858,-0.49662442671656176,10,6,0.17391304347826086,3,4,3,0
4108,FGCZQOHSWGMVPN-UHFFFAOYSA-N,473.50100000000015,3.985100000000002,1,6,94.22,0.23754772174357858,-0.49675176244928954,10,6,0.17391304347826086,3,4,3,0
4109,FGCZQOHSWGMVPN-UHFFFAOYSA-N,473.5010000000002,3.985100000000002,1,6,94.21999999999998,0.2375477217435783,-0.49286995568364184,10,6,0.17391304347826086,3,4,3,0
4110,FGCZQOHSWGMVPN-UHFFFAOYSA-N,473.5010000000002,3.985100000000002,1,6,94.21999999999998,0.23754772174357858,-0.4928574183995254,10,6,0.17391304347826086,3,4,3,0
4111,FGCZQOHSWGMVPN-UHFFFAOYSA-N,473.5010000000002,3.985100000000002,1,6,94.21999999999998,0.23754772174357858,-0.49662442671656176,10,6,0.17391304347826086,3,4,3,0
4112,FGCZQOHSWGMVPN-UHFFFAOYSA-N,473.50100000000015,3.985100000000002,1,6,94.22,0.23754772174357858,-0.49675176244928954,10,6,0.17391304347826086,3,4,3,0
4113,FGCZQOHSWGMVPN-UHFFFAOYSA-N,473.5010000000002,3.985100000000002,1,6,94.21999999999998,0.2375477217435783,-0.49286995568364184,10,6,0.17391304347826086,3,4,3,0
1267,GEBRPJJJIRIALP-UHFFFAOYSA-N,184.24199999999993,2.3057,1,2,38.91,0.07257163142484616,-0.397902274677582,2,0,0.25,2,3,1,0
3633,GEBRPJJJIRIALP-UHFFFAOYSA-N,198.26899999999995,2.6141200000000007,1,2,38.91,0.0725914133079538,-0.39790213887260617,2,0,0.3076923076923077,2,3,1,0
3634,GEBRPJJJIRIALP-UHFFFAOYSA-N,263.138,3.068200000000001,1,2,38.91,0.0726514187366082,-0.39790173954369806,3,0,0.25,2,3,1,0
3636,GEBRPJJJIRIALP-UHFFFAOYSA-N,218.68699999999993,2.959100000000001,1,2,38.91,0.07267717135920185,-0.39790156608458416,3,0,0.25,2,3,1,0
3641,GEBRPJJJIRIALP-UHFFFAOYSA-N,202.23199999999994,2.4448000000000008,1,2,38.91,0.12353798565845335,-0.3979008644310062,3,0,0.25,2,3,1,0
3644,GEBRPJJJIRIALP-UHFFFAOYSA-N,198.26899999999998,2.6141200000000007,1,2,38.91,0.07283575647017687,-0.39790227250599636,2,0,0.3076923076923077,2,3,1,0
3646,GEBRPJJJIRIALP-UHFFFAOYSA-N,198.26899999999995,2.6141200000000007,1,2,38.91,0.0728401154505167,-0.3978941316275987,2,0,0.3076923076923077,2,3,1,0
3648,GEBRPJJJIRIALP-UHFFFAOYSA-N,214.26799999999994,2.3143000000000002,1,3,48.14,0.11919025860232446,-0.49674176526141756,3,1,0.3076923076923077,2,3,1,0
4314,HDSPUJRIJBZPAJ-UHFFFAOYSA-N,304.39300000000014,4.878200000000003,1,3,48.14,0.12776018972348402,-0.45735771773514755,3,2,0.25,3,4,1,0
4315,HDSPUJRIJBZPAJ-UHFFFAOYSA-N,318.4200000000002,5.186620000000004,1,3,48.14,0.12983115302312911,-0.45707763944242746,3,2,0.2857142857142857,3,4,1,0
4316,HDSPUJRIJBZPAJ-UHFFFAOYSA-N,334.41900000000015,4.886800000000004,1,4,57.370000000000005,0.16876247648677417,-0.4928453243877894,4,3,0.2857142857142857,3,4,1,0
4317,HDSPUJRIJBZPAJ-UHFFFAOYSA-N,334.4190000000002,4.886800000000004,1,4,57.370000000000005,0.13062421010167435,-0.4966244095520802,4,3,0.2857142857142857,3,4,1,0
4318,HDSPUJRIJBZPAJ-UHFFFAOYSA-N,318.4200000000001,5.186620000000004,1,3,48.14,0.1277601936887651,-0.45735736988502507,3,2,0.2857142857142857,3,4,1,0
4319,HDSPUJRIJBZPAJ-UHFFFAOYSA-N,334.41900000000015,4.886800000000004,1,4,57.370000000000005,0.1277602440414227,-0.4967638004399813,4,3,0.2857142857142857,3,4,1,0
4320,HDSPUJRIJBZPAJ-UHFFFAOYSA-N,338.83800000000025,5.531600000000004,1,3,48.14,0.12776021020222092,-0.4573559027573317,4,2,0.25,3,4,1,0
4321,HDSPUJRIJBZPAJ-UHFFFAOYSA-N,332.4470000000002,5.495040000000004,1,3,48.14,0.12776069722900263,-0.45733681729862713,3,2,0.3181818181818182,3,4,1,0
257,JHQNMXFHTFUQGJ-UHFFFAOYSA-P,733.9540000000004,10.004799999999998,0,2,40.620000000000005,0.2218050021520829,-0.345764888705773,8,27,0.6666666666666666,2,2,4,2
258,JHQNMXFHTFUQGJ-UHFFFAOYSA-P,781.2240000000002,10.272399999999998,0,4,59.08000000000001,0.22229435373108883,-0.4962431721137966,8,31,0.7083333333333334,2,2,4,2
263,JHQNMXFHTFUQGJ-UHFFFAOYSA-P,755.0580000000004,8.514400000000006,0,6,126.9,0.27774337097602275,-0.345764888705773,12,29,0.6666666666666666,2,2,6,2
267,JHQNMXFHTFUQGJ-UHFFFAOYSA-P,801.0580000000007,10.735599999999994,0,2,40.620000000000005,0.4163950399722066,-0.345764888705773,12,27,0.6818181818181818,2,2,4,2
269,JHQNMXFHTFUQGJ-UHFFFAOYSA-P,665.0640000000005,8.698000000000006,0,2,40.620000000000005,0.2218050021520829,-0.345764888705773,6,27,0.6666666666666666,2,2,4,2
270,JHQNMXFHTFUQGJ-UHFFFAOYSA-P,781.2239999999997,10.275599999999999,0,4,59.08,0.2218050021520829,-0.49308735044551766,8,33,0.7083333333333334,2,2,4,2
271,JHQNMXFHTFUQGJ-UHFFFAOYSA-P,693.1180000000004,9.314840000000002,0,2,40.620000000000005,0.2218050021520829,-0.345764888705773,6,27,0.6818181818181818,2,2,4,2
283,JHQNMXFHTFUQGJ-UHFFFAOYSA-P,725.1160000000004,8.715200000000006,0,4,59.08000000000001,0.2218050021520829,-0.4962431721137966,8,29,0.6818181818181818,2,2,4,2
305,JYJAEHAURXXPSD-UHFFFAOYSA-N,302.42100000000016,5.034120000000003,1,2,24.92,0.07259884577220199,-0.3801412213655268,2,3,0.2857142857142857,3,4,1,0
325,JYJAEHAURXXPSD-UHFFFAOYSA-N,322.83900000000017,5.379100000000004,1,2,24.92,0.07406197435592282,-0.3801413459995822,3,3,0.25,3,4,1,0
328,JYJAEHAURXXPSD-UHFFFAOYSA-N,333.3910000000002,4.633900000000003,1,4,68.06,0.269758292545244,-0.38013789734467474,5,4,0.25,3,4,2,0
329,JYJAEHAURXXPSD-UHFFFAOYSA-N,302.4210000000002,5.034120000000004,1,2,24.92,0.0728431884827949,-0.3801413550494256,2,3,0.2857142857142857,3,4,1,0
330,JYJAEHAURXXPSD-UHFFFAOYSA-N,333.3910000000002,4.633900000000003,1,4,68.06,0.2711307847137638,-0.3801413020046975,5,4,0.25,3,4,2,0
2675,JYJAEHAURXXPSD-UHFFFAOYSA-N,348.4460000000002,4.742900000000004,1,4,43.379999999999995,0.1605542543688429,-0.49286995894746977,4,5,0.3181818181818182,3,4,1,0
2676,JYJAEHAURXXPSD-UHFFFAOYSA-N,382.89100000000025,5.3963000000000045,1,4,43.379999999999995,0.1605542543688429,-0.49286995894746977,5,5,0.3181818181818182,3,4,1,0
3132,JYJAEHAURXXPSD-UHFFFAOYSA-N,320.3920000000001,4.136900000000003,3,4,65.38,0.1572303146002286,-0.5042598807156888,4,3,0.25,3,4,1,0
3848,LUKPNRXQTALJFU-VAWYXSNFSA-N,484.50400000000025,6.411000000000006,0,7,80.27000000000001,0.3363229829690433,-0.4966020806381832,7,7,0.13793103448275862,5,5,0,0
3849,LUKPNRXQTALJFU-VAWYXSNFSA-N,424.4520000000001,6.393800000000005,0,5,61.81,0.33632298296904306,-0.4966020806381832,5,5,0.07407407407407407,5,5,0,0
3850,LUKPNRXQTALJFU-VAWYXSNFSA-N,442.4420000000001,6.532900000000005,0,5,61.81,0.33632298296904317,-0.4966020806381832,6,5,0.07407407407407407,5,5,0,0
3851,LUKPNRXQTALJFU-VAWYXSNFSA-N,442.4420000000001,6.532900000000005,0,5,61.81,0.33632298296904306,-0.4966020806381832,6,5,0.07407407407407407,5,5,0,0
3852,LUKPNRXQTALJFU-VAWYXSNFSA-N,458.8970000000001,7.047200000000005,0,5,61.81,0.33632298296904306,-0.4966020806381832,6,5,0.07407407407407407,5,5,0,0
3853,LUKPNRXQTALJFU-VAWYXSNFSA-N,458.8970000000001,7.047200000000005,0,5,61.81,0.33632298296904306,-0.4966020806381832,6,5,0.07407407407407407,5,5,0,0
3854,LUKPNRXQTALJFU-VAWYXSNFSA-N,438.47900000000016,6.702220000000006,0,5,61.81,0.33632298296904306,-0.4966020806381832,5,5,0.10714285714285714,5,5,0,0
3855,LUKPNRXQTALJFU-VAWYXSNFSA-N,454.47800000000024,6.402400000000006,0,6,71.04,0.33632298296904306,-0.49676778655307074,6,6,0.10714285714285714,5,5,0,0
562,ODNBLSHUQMAKDZ-UHFFFAOYSA-N,302.41800000000006,3.829100000000003,1,3,41.57,0.41210062178079,-0.4103476367294217,4,5,0.6111111111111112,1,3,2,0
565,ODNBLSHUQMAKDZ-UHFFFAOYSA-N,344.4990000000002,4.783400000000004,1,3,41.57,0.4121006244444343,-0.41034744745174656,4,7,0.6666666666666666,1,3,2,0
569,ODNBLSHUQMAKDZ-UHFFFAOYSA-N,260.337,2.6588000000000003,1,3,41.57,0.41183849995871796,-0.41035481715887917,4,2,0.5333333333333333,1,3,2,0
573,ODNBLSHUQMAKDZ-UHFFFAOYSA-N,330.47200000000015,4.609300000000004,1,3,41.57,0.41210062308189765,-0.410347636725897,4,7,0.65,1,3,2,0
575,ODNBLSHUQMAKDZ-UHFFFAOYSA-N,344.4990000000002,4.999400000000005,1,3,41.57,0.41210062308189765,-0.4103476367258727,4,8,0.6666666666666666,1,3,2,0
588,ODNBLSHUQMAKDZ-UHFFFAOYSA-N,330.47200000000015,4.609300000000004,1,3,41.57,0.41210062308188855,-0.4103476367258727,4,7,0.65,1,3,2,0
591,ODNBLSHUQMAKDZ-UHFFFAOYSA-N,358.52600000000024,5.173500000000005,1,3,41.57,0.4121006244444434,-0.41034744745174656,4,8,0.6818181818181818,1,3,2,0
593,ODNBLSHUQMAKDZ-UHFFFAOYSA-N,316.4450000000001,4.219200000000003,1,3,41.57,0.41210062308188855,-0.410347636725897,4,6,0.631578947368421,1,3,2,0
948,PHZFCULPFNIUPO-OAHLLOKOSA-N,393.48700000000025,3.945700000000003,2,6,86.47,0.33623814767974824,-0.4967682095840387,6,4,0.391304347826087,2,4,2,0
1672,PHZFCULPFNIUPO-OAHLLOKOSA-N,393.48700000000025,3.945700000000003,2,6,86.47,0.3362381671746047,-0.49675736376208335,6,4,0.391304347826087,2,4,2,0
1674,PHZFCULPFNIUPO-OAHLLOKOSA-N,377.4880000000002,4.2455200000000035,2,5,77.24,0.3362381475432153,-0.46255386656310526,5,3,0.391304347826087,2,4,2,0
1675,PHZFCULPFNIUPO-OAHLLOKOSA-N,408.45800000000025,3.8453000000000026,2,7,120.38,0.336238147805683,-0.4625538665627692,8,4,0.36363636363636365,2,4,3,0
1676,PHZFCULPFNIUPO-OAHLLOKOSA-N,408.45800000000025,3.8453000000000026,2,7,120.38,0.3362381839683635,-0.4625538664663688,8,4,0.36363636363636365,2,4,3,0
1677,PHZFCULPFNIUPO-OAHLLOKOSA-N,408.45800000000025,3.8453000000000026,2,7,120.38,0.3362427934948076,-0.462553840779519,8,4,0.36363636363636365,2,4,3,0
1678,PHZFCULPFNIUPO-OAHLLOKOSA-N,381.4510000000002,4.076200000000003,2,5,77.24,0.3362381476428527,-0.46255386656297787,6,3,0.36363636363636365,2,4,2,0
1679,PHZFCULPFNIUPO-OAHLLOKOSA-N,363.4610000000002,3.9371000000000027,2,5,77.24,0.3362381475324513,-0.46255386656311903,5,3,0.36363636363636365,2,4,2,0
2343,PUAHQWDZHVYAGN-UHFFFAOYSA-N,384.37100000000015,1.1002799999999997,3,7,137.32000000000002,0.31118253751077896,-0.3841681002977836,10,1,0.3333333333333333,1,4,6,0
2344,PUAHQWDZHVYAGN-UHFFFAOYSA-N,356.31700000000006,0.4641799999999997,3,7,137.32,0.3111818343926117,-0.38416837472432114,10,1,0.25,1,4,6,0
2347,PUAHQWDZHVYAGN-UHFFFAOYSA-N,411.3780000000002,0.8693799999999998,3,9,180.46000000000004,0.3111852912779463,-0.38416810022830733,12,2,0.3333333333333333,1,4,7,0
2348,PUAHQWDZHVYAGN-UHFFFAOYSA-N,383.3240000000001,0.23328000000000004,3,9,180.45999999999998,0.3111845881597855,-0.38416837465484527,12,2,0.25,1,4,7,0
2351,PUAHQWDZHVYAGN-UHFFFAOYSA-N,380.40800000000013,1.2695999999999996,3,7,137.32,0.31118082384556184,-0.3841681003402989,9,1,0.3684210526315789,1,4,6,0
2352,PUAHQWDZHVYAGN-UHFFFAOYSA-N,352.3540000000001,0.6334999999999998,3,7,137.32,0.3111801207273904,-0.38416837476683624,9,1,0.29411764705882354,1,4,6,0
2355,PUAHQWDZHVYAGN-UHFFFAOYSA-N,366.38100000000014,0.9611799999999999,3,7,137.32000000000002,0.3111806412656788,-0.3841681003448919,9,1,0.3333333333333333,1,4,6,0
2356,PUAHQWDZHVYAGN-UHFFFAOYSA-N,338.32700000000006,0.3250799999999999,3,7,137.32,0.3111799381475069,-0.38416837477142923,9,1,0.25,1,4,6,0
1685,QXOHJPJAQVKDBR-OAHLLOKOSA-N,409.44200000000023,3.8122000000000025,1,7,117.58000000000001,0.337912482124781,-0.46251063173420265,8,4,0.36363636363636365,2,4,2,0
1686,QXOHJPJAQVKDBR-OAHLLOKOSA-N,389.4550000000002,3.775680000000003,1,6,98.22999999999999,0.337912445481273,-0.46251063183161123,6,3,0.34782608695652173,2,4,2,0
1687,QXOHJPJAQVKDBR-OAHLLOKOSA-N,398.8900000000002,4.557400000000003,1,5,74.44,0.3379124454902116,-0.46251063183159963,6,3,0.36363636363636365,2,4,1,0
1688,QXOHJPJAQVKDBR-OAHLLOKOSA-N,378.4720000000002,4.212420000000003,1,5,74.44,0.33791244544533366,-0.462510631831657,5,3,0.391304347826087,2,4,1,0
1689,QXOHJPJAQVKDBR-OAHLLOKOSA-N,364.44500000000016,3.9040000000000026,1,5,74.44,0.337912445434492,-0.46251063183167085,5,3,0.36363636363636365,2,4,1,0
1690,QXOHJPJAQVKDBR-OAHLLOKOSA-N,424.4970000000003,3.9212000000000033,1,7,92.9,0.33791246536821995,-0.4928699689895966,7,5,0.4166666666666667,2,4,1,0
1691,QXOHJPJAQVKDBR-OAHLLOKOSA-N,394.47100000000023,3.912600000000003,1,6,83.67,0.337912465213777,-0.496757363693545,6,4,0.391304347826087,2,4,1,0
1696,QXOHJPJAQVKDBR-OAHLLOKOSA-N,394.47100000000023,3.912600000000003,1,6,83.67,0.3379124455828529,-0.4967682095837913,6,4,0.391304347826087,2,4,1,0
68,RAXXELZNTBOGNW-UHFFFAOYSA-O,261.327,-0.9878999999999978,1,4,78.78,0.3029445065265359,-0.41062241217099893,8,5,0.5555555555555556,1,1,2,1
332,RAXXELZNTBOGNW-UHFFFAOYSA-O,206.269,0.9242000000000001,1,2,41.4,0.3028963612735481,-0.410622412192633,4,5,0.45454545454545453,1,1,1,1
336,RAXXELZNTBOGNW-UHFFFAOYSA-O,222.26800000000003,0.5065999999999999,1,3,50.629999999999995,0.30482984780953776,-0.4106224040833573,5,5,0.45454545454545453,1,1,1,1
341,RAXXELZNTBOGNW-UHFFFAOYSA-O,222.26800000000003,0.5065999999999999,1,3,50.629999999999995,0.30483044759275646,-0.4106224040833305,5,5,0.45454545454545453,1,1,1,1
342,RAXXELZNTBOGNW-UHFFFAOYSA-O,250.32200000000003,1.2867999999999997,1,3,50.629999999999995,0.30482984980726596,-0.4106224040833573,5,7,0.5384615384615384,1,1,1,1
344,RAXXELZNTBOGNW-UHFFFAOYSA-O,236.29500000000004,0.8966999999999998,1,3,50.629999999999995,0.3048304476005676,-0.4106224040833305,5,6,0.5,1,1,1,1
406,RAXXELZNTBOGNW-UHFFFAOYSA-O,268.38100000000003,2.4553000000000003,1,3,50.629999999999995,0.30482965868500944,-0.4106224040833657,5,10,0.7142857142857143,1,1,1,1
423,RAXXELZNTBOGNW-UHFFFAOYSA-O,226.3,1.1408999999999996,1,3,50.629999999999995,0.304829662675294,-0.4106224040833657,5,4,0.6363636363636364,1,1,1,1
2378,RVBAUHGQSLEOSR-UHFFFAOYSA-N,397.8830000000001,5.800300000000004,0,4,38.769999999999996,0.262547299627042,-0.49286950778989647,6,3,0.09523809523809523,3,4,1,0
2379,RVBAUHGQSLEOSR-UHFFFAOYSA-N,367.857,5.791700000000003,0,3,29.54,0.2625425192236123,-0.49674234866767253,5,2,0.05,3,4,1,0
2380,RVBAUHGQSLEOSR-UHFFFAOYSA-N,367.857,5.791700000000003,0,3,29.54,0.2624085513547406,-0.4967677698171716,5,2,0.05,3,4,1,0
2383,RVBAUHGQSLEOSR-UHFFFAOYSA-N,337.8310000000001,5.783100000000003,0,2,20.310000000000002,0.26240395707308084,-0.2746520038866441,4,1,0.0,3,4,1,0
2385,RVBAUHGQSLEOSR-UHFFFAOYSA-N,363.4380000000001,5.146900000000004,0,4,38.769999999999996,0.2625464874214062,-0.49286950778989647,5,3,0.09523809523809523,3,4,1,0
2386,RVBAUHGQSLEOSR-UHFFFAOYSA-N,333.41200000000003,5.138300000000004,0,3,29.54,0.26254170701796203,-0.4967423486676726,4,2,0.05,3,4,1,0
2387,RVBAUHGQSLEOSR-UHFFFAOYSA-N,333.41200000000003,5.138300000000004,0,3,29.54,0.2624077391485753,-0.4967677698171716,4,2,0.05,3,4,1,0
2390,RVBAUHGQSLEOSR-UHFFFAOYSA-N,303.386,5.129700000000002,0,2,20.310000000000002,0.2624031448669016,-0.27470609868749707,3,1,0.0,3,4,1,0
3082,UWFZXJWPNDCUOE-UXHLAJHPSA-N,474.56800000000015,5.719300000000006,1,6,77.22000000000001,0.13370500537228228,-0.4871676979458609,7,7,0.1724137931034483,5,6,2,0
3083,UWFZXJWPNDCUOE-UXHLAJHPSA-N,509.0130000000003,6.372700000000005,1,6,77.22,0.13370500537240487,-0.4871676979458608,8,7,0.1724137931034483,5,6,2,0
3084,UWFZXJWPNDCUOE-UXHLAJHPSA-N,488.5950000000003,6.027720000000005,1,6,77.22,0.13370500537230617,-0.4871676979458609,7,7,0.2,5,6,2,0
3085,UWFZXJWPNDCUOE-UXHLAJHPSA-N,504.59400000000034,5.727900000000005,1,7,86.45,0.1337050053726092,-0.4967658663121102,8,8,0.2,5,6,2,0
3086,UWFZXJWPNDCUOE-UXHLAJHPSA-N,518.5770000000003,5.417500000000004,2,7,114.52,0.335180860310472,-0.48716769794586084,9,8,0.16666666666666666,5,6,2,0
3087,UWFZXJWPNDCUOE-UXHLAJHPSA-N,519.5650000000003,5.627500000000005,1,8,120.36,0.2690781737344698,-0.4871676979458603,10,8,0.1724137931034483,5,6,3,0
3088,UWFZXJWPNDCUOE-UXHLAJHPSA-N,519.5650000000003,5.627500000000005,1,8,120.36,0.27108570179255326,-0.4871676979455302,10,8,0.1724137931034483,5,6,3,0
3090,UWFZXJWPNDCUOE-UXHLAJHPSA-N,553.6480000000003,4.366700000000003,2,8,137.38,0.23754772593596263,-0.4871676979458608,11,8,0.1724137931034483,5,6,3,0
2514,UXBVURPUSBIFGC-UHFFFAOYSA-N,380.48800000000017,3.7561000000000027,0,5,51.660000000000004,0.16620209627378948,-0.49285879087511075,5,6,0.4782608695652174,2,4,1,0
2515,UXBVURPUSBIFGC-UHFFFAOYSA-N,394.5150000000002,4.0645200000000035,0,5,51.660000000000004,0.16620209627378948,-0.49285879087511075,5,6,0.5,2,4,1,0
2516,UXBVURPUSBIFGC-UHFFFAOYSA-N,394.5150000000002,4.0645200000000035,0,5,51.660000000000004,0.16620209627378948,-0.49285879087511075,5,6,0.5,2,4,1,0
2517,UXBVURPUSBIFGC-UHFFFAOYSA-N,408.54200000000026,4.372940000000004,0,5,51.660000000000004,0.16620209627378948,-0.49285879087511075,5,6,0.52,2,4,1,0
2518,UXBVURPUSBIFGC-UHFFFAOYSA-N,398.4780000000002,3.8952000000000035,0,5,51.660000000000004,0.2125989845740309,-0.49285879087511075,6,6,0.4782608695652174,2,4,1,0
2519,UXBVURPUSBIFGC-UHFFFAOYSA-N,414.93300000000016,4.409500000000004,0,5,51.660000000000004,0.16620209627378948,-0.49285879087511075,6,6,0.4782608695652174,2,4,1,0
2520,UXBVURPUSBIFGC-UHFFFAOYSA-N,459.3840000000002,4.518600000000004,0,5,51.660000000000004,0.16620209627378948,-0.49285879087511075,6,6,0.4782608695652174,2,4,1,0
2521,UXBVURPUSBIFGC-UHFFFAOYSA-N,438.5240000000002,3.5427000000000026,0,7,77.96,0.3561507227841411,-0.49285879087511075,7,7,0.48,2,4,1,0
2364,VEFIYLBMXGJEDC-UHFFFAOYSA-N,444.7760000000001,3.304100000000002,0,3,38.769999999999996,,,6,3,0.09523809523809523,3,4,1,0
2365,VEFIYLBMXGJEDC-UHFFFAOYSA-N,414.75000000000006,3.2955000000000023,0,2,29.54,,,5,2,0.05,3,4,1,0
2366,VEFIYLBMXGJEDC-UHFFFAOYSA-N,414.75000000000006,3.2955000000000014,0,2,29.54,,,5,2,0.05,3,4,1,0
2369,VEFIYLBMXGJEDC-UHFFFAOYSA-N,384.7240000000001,3.286900000000002,0,1,20.310000000000002,,,4,1,0.0,3,4,1,0
2371,VEFIYLBMXGJEDC-UHFFFAOYSA-N,410.33100000000013,2.6507000000000005,0,3,38.769999999999996,,,5,3,0.09523809523809523,3,4,1,0
2372,VEFIYLBMXGJEDC-UHFFFAOYSA-N,380.30500000000006,2.642100000000001,0,2,29.54,,,4,2,0.05,3,4,1,0
2373,VEFIYLBMXGJEDC-UHFFFAOYSA-N,380.30500000000006,2.642100000000001,0,2,29.54,,,4,2,0.05,3,4,1,0
2376,VEFIYLBMXGJEDC-UHFFFAOYSA-N,350.27900000000005,2.6335000000000006,0,1,20.310000000000002,,,3,1,0.0,3,4,1,0
995,VRYWBMTXKFQBCA-UHFFFAOYSA-N,253.36700000000002,2.638200000000001,0,2,37.38,0.243053778454822,-0.2068571945613314,4,2,0.5384615384615384,1,2,1,0
996,VRYWBMTXKFQBCA-UHFFFAOYSA-N,267.39399999999995,2.946620000000001,0,2,37.38,0.24305411575532743,-0.20685719185333365,4,2,0.5714285714285714,1,2,1,0
997,VRYWBMTXKFQBCA-UHFFFAOYSA-N,309.475,3.9357000000000033,0,2,37.38,0.24305412431006307,-0.20685719182047993,4,2,0.6470588235294118,1,2,1,0
998,VRYWBMTXKFQBCA-UHFFFAOYSA-N,287.812,3.2916000000000025,0,2,37.38,0.2430555385410681,-0.20685718057596933,5,2,0.5384615384615384,1,2,1,0
999,VRYWBMTXKFQBCA-UHFFFAOYSA-N,322.25700000000006,3.945000000000004,0,2,37.38,0.2445937260800036,-0.2068005931917457,6,2,0.5384615384615384,1,2,1,0
1000,VRYWBMTXKFQBCA-UHFFFAOYSA-N,298.36400000000003,2.546400000000001,0,4,80.52,0.28888150541036534,-0.25827086588503984,7,3,0.5384615384615384,1,2,2,0
1001,VRYWBMTXKFQBCA-UHFFFAOYSA-N,298.36400000000003,2.546400000000001,0,4,80.52,0.2702827648556867,-0.2583090372401158,7,3,0.5384615384615384,1,2,2,0
1002,VRYWBMTXKFQBCA-UHFFFAOYSA-N,298.36400000000003,2.546400000000001,0,4,80.52,0.26901013833186666,-0.2583096294054097,7,3,0.5384615384615384,1,2,2,0
1699,VXIBTGIQMBJANX-UHFFFAOYSA-N,391.47100000000023,4.251520000000004,1,6,87.33,0.34013383283077087,-0.49676781830658395,6,4,0.34782608695652173,3,4,1,0
1700,VXIBTGIQMBJANX-UHFFFAOYSA-N,375.47200000000026,4.631420000000004,1,5,78.10000000000001,0.3404002316305297,-0.45931108112458685,5,3,0.34782608695652173,3,4,1,0
1703,VXIBTGIQMBJANX-UHFFFAOYSA-N,406.44200000000023,4.151120000000002,1,7,121.24000000000001,0.34013386759033376,-0.4623269603051906,8,4,0.3181818181818182,3,4,2,0
1704,VXIBTGIQMBJANX-UHFFFAOYSA-N,395.8900000000002,4.896320000000004,1,5,78.1,0.34013383274284065,-0.4623269603976986,6,3,0.3181818181818182,3,4,1,0
1705,VXIBTGIQMBJANX-UHFFFAOYSA-N,379.4350000000002,4.3820200000000025,1,5,78.1,0.34013383279549847,-0.46232696039763127,6,3,0.3181818181818182,3,4,1,0
1706,VXIBTGIQMBJANX-UHFFFAOYSA-N,421.4970000000003,4.260120000000003,1,7,96.56,0.3401338516510519,-0.49286955870382804,7,5,0.375,3,4,1,0
1707,VXIBTGIQMBJANX-UHFFFAOYSA-N,391.47100000000023,4.251520000000004,1,6,87.33,0.340133851504466,-0.49674547031517996,6,4,0.34782608695652173,3,4,1,0
1711,VXIBTGIQMBJANX-UHFFFAOYSA-N,361.44500000000016,4.242920000000003,1,5,78.1,0.34013383268995473,-0.4623269603977662,5,3,0.3181818181818182,3,4,1,0
2050,ZIWHGGCFHGETOI-UHFFFAOYSA-N,336.4350000000001,3.584900000000003,0,3,40.620000000000005,0.2610423609742023,-0.30211564437478877,4,8,0.3333333333333333,2,3,2,0
2054,ZIWHGGCFHGETOI-UHFFFAOYSA-N,354.4250000000001,3.724000000000003,0,3,40.620000000000005,0.2610423609742023,-0.30200635826802963,5,8,0.3333333333333333,2,3,2,0
2058,ZIWHGGCFHGETOI-UHFFFAOYSA-N,370.8800000000001,4.238300000000003,0,3,40.620000000000005,0.2610423609742023,-0.30211473675440353,5,8,0.3333333333333333,2,3,2,0
2091,ZIWHGGCFHGETOI-UHFFFAOYSA-N,322.40799999999996,3.242700000000002,1,3,49.410000000000004,0.2610423609741943,-0.3126764634694896,4,8,0.3,2,3,2,0
2095,ZIWHGGCFHGETOI-UHFFFAOYSA-N,340.39799999999997,3.381800000000002,1,3,49.410000000000004,0.2610423609741943,-0.3125671667187918,5,8,0.3,2,3,2,0
2099,ZIWHGGCFHGETOI-UHFFFAOYSA-N,340.39799999999997,3.381800000000002,1,3,49.410000000000004,0.2610423609741943,-0.31267643539505413,5,8,0.3,2,3,2,0
2102,ZIWHGGCFHGETOI-UHFFFAOYSA-N,358.388,3.520900000000002,1,3,49.410000000000004,0.2610423609741943,-0.3125671373236861,6,8,0.3,2,3,2,0
2106,ZIWHGGCFHGETOI-UHFFFAOYSA-N,356.85299999999995,3.8961000000000023,1,3,49.410000000000004,0.2610423609741943,-0.31267555632299987,5,8,0.3,2,3,2,0
375,AYMKUDMWKRYQAG-VUWPPUDQSA-N,358.52600000000024,4.869400000000004,1,3,41.57,0.4121006230536464,-0.41034764494270853,4,9,0.6818181818181818,1,3,2,0
379,AYMKUDMWKRYQAG-VUWPPUDQSA-N,260.337,2.1387,1,3,41.57,0.4118384999304667,-0.4103548253757147,4,2,0.5333333333333333,1,3,2,0
380,AYMKUDMWKRYQAG-VUWPPUDQSA-N,344.4990000000002,4.479300000000004,1,3,41.57,0.4121006230536374,-0.41034764494270853,4,8,0.6666666666666666,1,3,2,0
382,AYMKUDMWKRYQAG-VUWPPUDQSA-N,302.41800000000006,3.309000000000002,1,3,41.57,0.41210062175253875,-0.4103476449462574,4,5,0.6111111111111112,1,3,2,0
383,AYMKUDMWKRYQAG-VUWPPUDQSA-N,344.4990000000002,4.479300000000004,1,3,41.57,0.4121006230536464,-0.41034764494270853,4,8,0.6666666666666666,1,3,2,0
388,AYMKUDMWKRYQAG-VUWPPUDQSA-N,330.47200000000015,4.0892000000000035,1,3,41.57,0.4121006230536374,-0.41034764494270853,4,7,0.65,1,3,2,0
390,AYMKUDMWKRYQAG-VUWPPUDQSA-N,288.391,2.9189000000000016,1,3,41.57,0.41210045912330506,-0.410347645878703,4,4,0.5882352941176471,1,3,2,0
2053,CBPLVCKGKVDMPI-UHFFFAOYSA-N,378.5160000000002,4.755200000000005,0,3,40.620000000000005,0.2610423609504817,-0.3021156536701747,4,11,0.4166666666666667,2,3,2,0
2057,CBPLVCKGKVDMPI-UHFFFAOYSA-N,396.5060000000002,4.894300000000005,0,3,40.620000000000005,0.2610423609504817,-0.30200636756341726,5,11,0.4166666666666667,2,3,2,0
2061,CBPLVCKGKVDMPI-UHFFFAOYSA-N,412.96100000000024,5.408600000000006,0,3,40.620000000000005,0.2610423609504817,-0.30211474604978944,5,11,0.4166666666666667,2,3,2,0
2094,CBPLVCKGKVDMPI-UHFFFAOYSA-N,364.489,4.413000000000004,1,3,49.410000000000004,0.2610423609504817,-0.31267647275610566,4,11,0.391304347826087,2,3,2,0
2098,CBPLVCKGKVDMPI-UHFFFAOYSA-N,382.479,4.552100000000004,1,3,49.410000000000004,0.2610423609504817,-0.31256717600540973,5,11,0.391304347826087,2,3,2,0
2105,CBPLVCKGKVDMPI-UHFFFAOYSA-N,400.469,4.691200000000005,1,3,49.410000000000004,0.2610423609504817,-0.31256714661030405,6,11,0.391304347826087,2,3,2,0
2109,CBPLVCKGKVDMPI-UHFFFAOYSA-N,398.93399999999997,5.066400000000005,1,3,49.410000000000004,0.2610423609504817,-0.31267556560961596,5,11,0.391304347826087,2,3,2,0
3831,CGIBXWFVPBDEKZ-UHFFFAOYSA-N,432.90800000000024,2.561000000000001,1,6,87.94999999999999,0.31191719647817323,-0.47670969647306205,9,9,0.38095238095238093,2,3,4,0
3832,CGIBXWFVPBDEKZ-UHFFFAOYSA-N,416.45300000000026,2.0466999999999995,1,6,87.94999999999999,0.3106434448315971,-0.47663930770284324,9,9,0.38095238095238093,2,3,4,0
3833,CGIBXWFVPBDEKZ-UHFFFAOYSA-N,398.4630000000002,1.9075999999999993,1,6,87.94999999999999,0.2691952153758071,-0.48377946903191654,8,9,0.38095238095238093,2,3,4,0
3834,CGIBXWFVPBDEKZ-UHFFFAOYSA-N,421.4630000000002,3.018200000000002,1,4,44.81,0.4194619217965946,-0.4831463804095219,8,8,0.4090909090909091,2,3,3,0
3835,CGIBXWFVPBDEKZ-UHFFFAOYSA-N,460.41600000000034,3.3787400000000014,1,4,44.81,0.2574844939780063,-0.4832282602534197,6,8,0.43478260869565216,2,3,3,0
3838,CGIBXWFVPBDEKZ-UHFFFAOYSA-N,383.4920000000001,2.008,1,5,54.040000000000006,0.25748392685070187,-0.496763806618128,6,9,0.4090909090909091,2,3,3,0
3839,CGIBXWFVPBDEKZ-UHFFFAOYSA-N,387.9110000000001,2.652800000000001,1,4,44.81,0.25748392670711545,-0.48378649511708016,6,8,0.38095238095238093,2,3,3,0
3057,DXFDENZBIGTAQD-UHFFFAOYSA-N,407.5100000000002,4.193140000000003,1,5,62.910000000000004,0.3389282186113695,-0.4931655692670607,5,6,0.4,3,4,1,0
3058,DXFDENZBIGTAQD-UHFFFAOYSA-N,451.56300000000033,4.4620400000000044,1,6,72.14000000000001,0.3389282186113695,-0.49349888697563793,6,9,0.4444444444444444,3,4,1,0
3060,DXFDENZBIGTAQD-UHFFFAOYSA-N,452.5070000000003,4.409140000000003,0,7,95.05000000000001,0.3389282186113695,-0.4931655692670607,8,8,0.4,3,4,2,0
3062,DXFDENZBIGTAQD-UHFFFAOYSA-N,496.5600000000004,4.678040000000005,0,8,104.28,0.3389282186113695,-0.4935192581589204,9,11,0.4444444444444444,3,4,2,0
3739,DXFDENZBIGTAQD-UHFFFAOYSA-N,395.47400000000016,4.839940000000005,0,4,42.68,0.3389282186113695,-0.4931655692670607,5,5,0.375,3,4,1,0
3740,DXFDENZBIGTAQD-UHFFFAOYSA-N,445.48100000000017,5.719640000000005,0,4,42.68,0.41592031428925985,-0.4931655692670607,7,5,0.4,3,4,1,0
3751,DXFDENZBIGTAQD-UHFFFAOYSA-N,377.48400000000015,4.700840000000005,0,4,42.68,0.3389282186113695,-0.4931655692670607,4,5,0.375,3,4,1,0
1606,GLHVTNXLNWGCPW-UHFFFAOYSA-N,433.55600000000027,4.182400000000003,2,7,71.54,0.22431105241699756,-0.4928699589473596,7,9,0.36,3,4,3,0
1607,GLHVTNXLNWGCPW-UHFFFAOYSA-N,403.5300000000002,4.1738000000000035,2,6,62.31,0.22431105241688207,-0.49676820001969096,6,8,0.3333333333333333,3,4,3,0
1608,GLHVTNXLNWGCPW-UHFFFAOYSA-N,391.49400000000014,4.304300000000004,2,5,53.080000000000005,0.22431105241688204,-0.3658301780173388,6,7,0.30434782608695654,3,4,3,0
1609,GLHVTNXLNWGCPW-UHFFFAOYSA-N,452.40000000000026,4.927700000000003,2,5,53.080000000000005,0.22431105241688196,-0.36583019564696506,6,7,0.30434782608695654,3,4,3,0
1610,GLHVTNXLNWGCPW-UHFFFAOYSA-N,407.9490000000002,4.818600000000003,2,5,53.080000000000005,0.22431105241688196,-0.36583019215880574,6,7,0.30434782608695654,3,4,3,0
1611,GLHVTNXLNWGCPW-UHFFFAOYSA-N,407.9490000000002,4.818600000000003,2,5,53.080000000000005,0.22431105241692517,-0.36582928962644123,6,7,0.30434782608695654,3,4,3,0
1612,GLHVTNXLNWGCPW-UHFFFAOYSA-N,407.94900000000024,4.818600000000003,2,5,53.080000000000005,0.22431105244091698,-0.3657744648159567,6,7,0.30434782608695654,3,4,3,0
4456,GWEHVDNNLFDJLR-UHFFFAOYSA-N,288.282,2.5642000000000005,4,3,99.74000000000001,0.32318037822949536,-0.4091533569175648,7,3,0.0,2,2,4,0
4457,GWEHVDNNLFDJLR-UHFFFAOYSA-N,288.282,2.5642000000000005,4,3,99.74000000000001,0.3231788015650291,-0.4091533569175648,7,3,0.0,2,2,4,0
4463,GWEHVDNNLFDJLR-UHFFFAOYSA-N,284.319,2.7335199999999995,4,3,99.74000000000001,0.32318766245345115,-0.4091533650365698,6,3,0.06666666666666667,2,2,4,0
4464,GWEHVDNNLFDJLR-UHFFFAOYSA-N,300.318,2.4337,4,4,108.97,0.3231805516290947,-0.4966877239004324,7,4,0.06666666666666667,2,2,4,0
4465,GWEHVDNNLFDJLR-UHFFFAOYSA-N,304.737,3.078500000000001,4,3,99.74000000000001,0.32317844688018166,-0.4091533650365698,7,3,0.0,2,2,4,0
4466,GWEHVDNNLFDJLR-UHFFFAOYSA-N,288.282,2.5642000000000005,4,3,99.74000000000001,0.3231800359071916,-0.4091533650365698,7,3,0.0,2,2,4,0
4467,GWEHVDNNLFDJLR-UHFFFAOYSA-N,349.188,3.1876000000000007,4,3,99.74000000000001,0.3231790421441295,-0.4091533650365698,7,3,0.0,2,2,4,0
3821,IEDHWFWHULKXLC-UHFFFAOYSA-N,417.89300000000026,3.655400000000003,1,5,84.71,0.3119171964781333,-0.4767097023906893,8,8,0.38095238095238093,2,3,3,0
3822,IEDHWFWHULKXLC-UHFFFAOYSA-N,401.4380000000002,3.1411000000000016,1,5,84.71,0.31064344483155704,-0.47663931362047274,8,8,0.38095238095238093,2,3,3,0
3823,IEDHWFWHULKXLC-UHFFFAOYSA-N,383.44800000000015,3.0020000000000016,1,5,84.71,0.2691952153758071,-0.48377947493674806,7,8,0.38095238095238093,2,3,3,0
3824,IEDHWFWHULKXLC-UHFFFAOYSA-N,406.4480000000002,4.112600000000003,1,3,41.57,0.4194619217965946,-0.4831463863143919,7,7,0.4090909090909091,2,3,2,0
3825,IEDHWFWHULKXLC-UHFFFAOYSA-N,445.4010000000003,4.4731400000000034,1,3,41.57,0.2574491754717023,-0.4832282661583054,5,7,0.43478260869565216,2,3,2,0
3828,IEDHWFWHULKXLC-UHFFFAOYSA-N,368.4770000000001,3.102400000000001,1,4,50.800000000000004,0.2574486083443348,-0.496763806618128,5,8,0.4090909090909091,2,3,2,0
3829,IEDHWFWHULKXLC-UHFFFAOYSA-N,372.89600000000013,3.747200000000003,1,3,41.57,0.2574486082007485,-0.4837865010219115,5,7,0.38095238095238093,2,3,2,0
3192,JGGXMRCFUJMMJT-GZTJUZNOSA-N,328.1650000000001,4.3061000000000025,0,3,42.57,0.3356903460334531,-0.42272672558986574,4,2,0.0,3,3,1,0
3193,JGGXMRCFUJMMJT-GZTJUZNOSA-N,292.33799999999997,3.609600000000002,0,4,45.81,0.3356903460334531,-0.42272672558986574,4,3,0.1111111111111111,3,3,2,0
3194,JGGXMRCFUJMMJT-GZTJUZNOSA-N,283.71400000000006,4.197000000000003,0,3,42.57,0.3356903460334531,-0.42272672558986574,4,2,0.0,3,3,1,0
3195,JGGXMRCFUJMMJT-GZTJUZNOSA-N,295.363,4.265500000000003,0,4,42.57,0.3356903460334531,-0.42272672558986574,4,3,0.058823529411764705,3,3,1,0
3196,JGGXMRCFUJMMJT-GZTJUZNOSA-N,267.259,3.6827000000000023,0,3,42.57,0.3356903460334531,-0.42272672558986574,4,2,0.0,3,3,1,0
3197,JGGXMRCFUJMMJT-GZTJUZNOSA-N,279.295,3.552200000000002,0,4,51.800000000000004,0.3356903460334531,-0.4967678090070339,4,3,0.058823529411764705,3,3,1,0
3198,JGGXMRCFUJMMJT-GZTJUZNOSA-N,249.26900000000003,3.5436000000000023,0,3,42.57,0.3356903460334531,-0.42272672558986574,3,2,0.0,3,3,1,0
248,NQEOISRPUUTSTL-UHFFFAOYSA-N,502.6110000000002,6.125700000000006,1,6,81.01,0.4118385023618466,-0.49345684443012827,7,12,0.3333333333333333,4,4,2,0
786,NQEOISRPUUTSTL-UHFFFAOYSA-N,473.6130000000002,6.806200000000008,0,5,51.91,0.20002698534531002,-0.49642593046585387,5,13,0.36666666666666664,4,4,1,0
787,NQEOISRPUUTSTL-UHFFFAOYSA-N,459.5860000000001,6.416100000000007,0,5,51.910000000000004,0.20002698534531002,-0.4964259322247426,5,12,0.3448275862068966,4,4,1,0
789,NQEOISRPUUTSTL-UHFFFAOYSA-N,489.6120000000002,6.424700000000007,0,6,61.14,0.20017114194526742,-0.49345684442991405,6,13,0.36666666666666664,4,4,1,0
790,NQEOISRPUUTSTL-UHFFFAOYSA-N,459.5860000000002,6.416100000000007,0,5,51.910000000000004,0.20003177891131804,-0.4966235944086212,5,12,0.3448275862068966,4,4,1,0
791,NQEOISRPUUTSTL-UHFFFAOYSA-N,429.5600000000002,6.407500000000006,0,4,42.68,0.20002698534531002,-0.49345684443012827,4,11,0.32142857142857145,4,4,1,0
1666,NQEOISRPUUTSTL-UHFFFAOYSA-N,488.62800000000016,5.963200000000007,1,6,63.940000000000005,0.20002698534531002,-0.49345684443012827,6,14,0.36666666666666664,4,4,2,0
2476,PISPVZFCFKIAFO-DTQAZKPQSA-N,372.468,4.676100000000005,2,3,52.57000000000001,0.24788015532654528,-0.5079442742269765,4,7,0.125,3,3,2,0
2477,PISPVZFCFKIAFO-DTQAZKPQSA-N,386.49500000000006,4.979100000000004,1,3,41.57,0.24788013753387436,-0.49676782420531607,4,8,0.16,3,3,2,0
2478,PISPVZFCFKIAFO-DTQAZKPQSA-N,386.49500000000006,4.979100000000004,1,3,41.57,0.24788015533002494,-0.4967458540792334,4,8,0.16,3,3,2,0
2480,PISPVZFCFKIAFO-DTQAZKPQSA-N,416.52100000000013,4.987700000000005,1,4,50.8,0.24788015546957598,-0.49286956489759315,5,9,0.19230769230769232,3,3,2,0
2481,PISPVZFCFKIAFO-DTQAZKPQSA-N,416.52100000000013,4.987700000000005,1,4,50.8,0.24788243659694126,-0.4966240390443925,5,9,0.19230769230769232,3,3,2,0
2877,PISPVZFCFKIAFO-DTQAZKPQSA-N,388.46700000000004,4.381700000000005,3,4,72.80000000000001,0.24788015546605457,-0.5042596319016555,5,7,0.125,3,3,2,0
2878,PISPVZFCFKIAFO-DTQAZKPQSA-N,402.494,4.684700000000005,2,4,61.8,0.24788015546956296,-0.5042543435662299,5,8,0.16,3,3,2,0
1500,QJYDWYKRJCYXDL-BVIHQWTGSA-N,576.8910000000002,7.24580000000001,1,5,52.900000000000006,0.13999956680712072,-0.3927350454957832,5,5,0.7777777777777778,1,7,2,0
1503,QJYDWYKRJCYXDL-BVIHQWTGSA-N,606.9170000000001,7.254400000000009,1,6,62.13,0.13999956680712086,-0.49642593053586725,6,6,0.7837837837837838,1,7,2,0
1504,QJYDWYKRJCYXDL-BVIHQWTGSA-N,606.9170000000003,7.254400000000009,1,6,62.13,0.13999956680712072,-0.4967570868149414,6,6,0.7837837837837838,1,7,2,0
1505,QJYDWYKRJCYXDL-BVIHQWTGSA-N,606.9170000000004,7.254400000000009,1,6,62.13,0.13999956680712072,-0.49676820513890907,6,6,0.7837837837837838,1,7,2,0
1506,QJYDWYKRJCYXDL-BVIHQWTGSA-N,644.8879999999999,8.264600000000009,1,5,52.900000000000006,0.4162233926877136,-0.3927350454957709,8,5,0.7837837837837838,1,7,2,0
1507,QJYDWYKRJCYXDL-BVIHQWTGSA-N,644.8879999999999,8.264600000000009,1,5,52.900000000000006,0.4159203142889786,-0.3927350454957832,8,5,0.7837837837837838,1,7,2,0
1508,QJYDWYKRJCYXDL-BVIHQWTGSA-N,644.8879999999999,8.264600000000009,1,5,52.900000000000006,0.41590985007406145,-0.3927350454957832,8,5,0.7837837837837838,1,7,2,0
3184,REUPXWMWDMMODN-MHWRWJLKSA-N,348.38300000000004,3.6846000000000023,1,5,71.67,0.33569034603375086,-0.4227267254723647,6,2,0.0,3,4,2,0
3199,REUPXWMWDMMODN-MHWRWJLKSA-N,378.40900000000005,3.6932000000000027,1,6,80.9,0.33569034603375086,-0.49676782416458015,7,3,0.05,3,4,2,0
3200,REUPXWMWDMMODN-MHWRWJLKSA-N,366.37300000000005,3.8237000000000023,1,5,71.67,0.33569034603375086,-0.4227267254723647,7,2,0.0,3,4,2,0
3201,REUPXWMWDMMODN-MHWRWJLKSA-N,394.4770000000001,4.406500000000003,1,6,71.67,0.33569034603375086,-0.4227267254723647,7,3,0.05,3,4,2,0
3202,REUPXWMWDMMODN-MHWRWJLKSA-N,382.8280000000001,4.338000000000003,1,5,71.67,0.33569034603375086,-0.4227267254723647,7,2,0.0,3,4,2,0
3203,REUPXWMWDMMODN-MHWRWJLKSA-N,391.45200000000006,3.750600000000002,1,6,74.91,0.33569034603375086,-0.4227267254723647,7,3,0.09523809523809523,3,4,3,0
3204,REUPXWMWDMMODN-MHWRWJLKSA-N,427.27900000000005,4.4471000000000025,1,5,71.67,0.33569034603375086,-0.4227267254723647,7,2,0.0,3,4,2,0
1726,RKCGRKYCTUEVJE-UHFFFAOYSA-N,302.74600000000004,3.766200000000002,0,5,56.22,0.23479301279250192,-0.47187062511013605,7,2,0.0,4,4,0,0
1727,RKCGRKYCTUEVJE-UHFFFAOYSA-N,298.327,3.1214000000000013,0,6,65.45,0.2347930307568163,-0.49674344369643375,7,3,0.07142857142857142,4,4,0,0
1728,RKCGRKYCTUEVJE-UHFFFAOYSA-N,298.327,3.121400000000002,0,6,65.45,0.23479532685276264,-0.49599001374293944,7,3,0.07142857142857142,4,4,0,0
1732,RKCGRKYCTUEVJE-UHFFFAOYSA-N,302.746,3.7662000000000013,0,5,56.22,0.23479389231132908,-0.47187062511013605,7,2,0.0,4,4,0,0
1733,RKCGRKYCTUEVJE-UHFFFAOYSA-N,347.197,3.875300000000002,0,5,56.22,0.2347930178687766,-0.47187062511013605,7,2,0.0,4,4,0,0
1734,RKCGRKYCTUEVJE-UHFFFAOYSA-N,347.197,3.875300000000002,0,5,56.22,0.23479301278009784,-0.47187062511013605,7,2,0.0,4,4,0,0
1735,RKCGRKYCTUEVJE-UHFFFAOYSA-N,298.327,3.1214000000000013,0,6,65.45,0.23479301287656482,-0.4967677868630141,7,3,0.07142857142857142,4,4,0,0
3693,SQXUZVAZCVIHFU-UHFFFAOYSA-N,512.6140000000003,3.719400000000002,3,6,116.32000000000002,0.2553955279772118,-0.35170958911961886,9,9,0.3448275862068966,3,5,4,0
3694,SQXUZVAZCVIHFU-UHFFFAOYSA-N,530.6040000000003,3.858500000000002,3,6,116.32000000000002,0.2553955279772118,-0.3517095891196187,10,9,0.3448275862068966,3,5,4,0
3695,SQXUZVAZCVIHFU-UHFFFAOYSA-N,530.6040000000003,3.858500000000002,3,6,116.32000000000002,0.2553955279772118,-0.35170958911961886,10,9,0.3448275862068966,3,5,4,0
3696,SQXUZVAZCVIHFU-UHFFFAOYSA-N,530.6040000000003,3.858500000000002,3,6,116.32000000000002,0.2553955279772118,-0.35170958911961886,10,9,0.3448275862068966,3,5,4,0
3697,SQXUZVAZCVIHFU-UHFFFAOYSA-N,548.5940000000003,3.997600000000002,3,6,116.32000000000002,0.2553955279772118,-0.35170958911961886,11,9,0.3448275862068966,3,5,4,0
3698,SQXUZVAZCVIHFU-UHFFFAOYSA-N,547.0590000000003,4.372800000000003,3,6,116.32000000000002,0.2553955279772118,-0.35170958911961886,10,9,0.3448275862068966,3,5,4,0
3699,SQXUZVAZCVIHFU-UHFFFAOYSA-N,526.6410000000002,4.027820000000002,3,6,116.32000000000002,0.2553955279772118,-0.35170958911961886,9,9,0.36666666666666664,3,5,4,0
3801,SVBJFROCZXYNSY-UHFFFAOYSA-N,449.5070000000002,3.460300000000002,0,7,90.85000000000001,0.2562333459910959,-0.4967677896988229,8,11,0.28,3,3,1,0
3802,SVBJFROCZXYNSY-UHFFFAOYSA-N,464.47800000000024,3.3599000000000023,0,8,124.76,0.2691952100184814,-0.4967677896988229,10,11,0.25,3,3,2,0
3803,SVBJFROCZXYNSY-UHFFFAOYSA-N,509.4310000000002,4.147200000000003,0,6,81.62,0.2562333459913925,-0.4967677896988229,12,10,0.25,3,3,1,0
3804,SVBJFROCZXYNSY-UHFFFAOYSA-N,434.45200000000017,3.351300000000002,0,7,115.53000000000002,0.2691952100184814,-0.4935218989690415,9,10,0.21739130434782608,3,3,2,0
3805,SVBJFROCZXYNSY-UHFFFAOYSA-N,464.47800000000024,3.3599000000000023,0,8,124.76,0.2691952100184814,-0.4967436257181603,10,11,0.25,3,3,2,0
3806,SVBJFROCZXYNSY-UHFFFAOYSA-N,478.5050000000002,3.7500000000000027,0,8,124.76,0.2691952100184814,-0.49388933530074436,10,12,0.28,3,3,2,0
3808,SVBJFROCZXYNSY-UHFFFAOYSA-N,494.5040000000003,3.368500000000002,0,9,133.99,0.2691952100184814,-0.4935218989690415,11,12,0.28,3,3,2,0
3564,SXDJCGXQZGFHAN-VAWYXSNFSA-N,356.3780000000001,2.1774999999999998,3,5,96.89,0.24393328756760116,-0.5042543435662299,7,7,0.15789473684210525,2,2,2,0
3565,SXDJCGXQZGFHAN-VAWYXSNFSA-N,356.3780000000001,2.1775,3,5,96.89000000000001,0.2439332875139716,-0.5042543435662299,7,7,0.15789473684210525,2,2,2,0
3566,SXDJCGXQZGFHAN-VAWYXSNFSA-N,360.797,2.8223000000000007,3,4,87.66,0.24393328753410087,-0.5042543435662299,7,6,0.1111111111111111,2,2,2,0
3567,SXDJCGXQZGFHAN-VAWYXSNFSA-N,360.797,2.8223000000000007,3,4,87.66,0.24393328751389443,-0.5042543435662299,7,6,0.1111111111111111,2,2,2,0
3568,SXDJCGXQZGFHAN-VAWYXSNFSA-N,360.797,2.8223000000000007,3,4,87.66,0.24393328751384824,-0.5042543435662299,7,6,0.1111111111111111,2,2,2,0
3569,SXDJCGXQZGFHAN-VAWYXSNFSA-N,394.34900000000005,3.187700000000001,3,4,87.66,0.41598551646465937,-0.5042543435662299,9,6,0.15789473684210525,2,2,2,0
3570,SXDJCGXQZGFHAN-VAWYXSNFSA-N,394.349,3.187700000000001,3,4,87.66,0.41591206454745056,-0.5042543435662299,9,6,0.15789473684210525,2,2,2,0
4496,VMSAIXHBENMYGL-AGJHTDJMSA-N,571.64,5.267600000000006,1,6,63.27000000000001,0.41592031428926,-0.49285727241847616,10,5,0.5161290322580645,2,6,3,0
4497,VMSAIXHBENMYGL-AGJHTDJMSA-N,539.6230000000003,4.527000000000005,1,6,63.27000000000001,0.4074454388979955,-0.49285727241847616,9,5,0.5,2,6,3,0
4498,VMSAIXHBENMYGL-AGJHTDJMSA-N,521.6330000000003,4.387900000000005,1,6,63.27000000000001,0.4074454388979953,-0.49285727241847616,8,5,0.5,2,6,3,0
4499,VMSAIXHBENMYGL-AGJHTDJMSA-N,521.6330000000003,4.387900000000005,1,6,63.27000000000001,0.4074454388979953,-0.49285727241847616,8,5,0.5,2,6,3,0
4500,VMSAIXHBENMYGL-AGJHTDJMSA-N,521.6330000000003,4.387900000000005,1,6,63.27000000000001,0.4074454388979955,-0.49285727241847616,8,5,0.5,2,6,3,0
4501,VMSAIXHBENMYGL-AGJHTDJMSA-N,503.64300000000037,4.248800000000004,1,6,63.27000000000001,0.4074454388979953,-0.49285727241847616,7,5,0.5,2,6,3,0
4502,VMSAIXHBENMYGL-AGJHTDJMSA-N,587.6389999999999,5.1474000000000055,1,7,72.5,0.5725963006273208,-0.49285727241847616,11,6,0.5161290322580645,2,6,3,0
1206,WHYIEUPXCLAOTN-UHFFFAOYSA-N,396.44300000000004,3.4121000000000024,1,6,81.01,0.4118385023618466,-0.49340547617205094,7,8,0.2727272727272727,3,3,2,0
1207,WHYIEUPXCLAOTN-UHFFFAOYSA-N,438.52400000000017,4.582400000000004,1,6,81.01,0.4121006241839178,-0.49340547617205094,7,11,0.36,3,3,2,0
1208,WHYIEUPXCLAOTN-UHFFFAOYSA-N,466.5780000000003,5.362600000000006,1,6,81.01,0.41210062548501647,-0.49340547617205094,7,13,0.4074074074074074,3,3,2,0
2152,WHYIEUPXCLAOTN-UHFFFAOYSA-N,351.446,4.310740000000004,0,4,42.68,0.33892821861135425,-0.4934054732668734,4,7,0.3181818181818182,3,3,1,0
2462,WHYIEUPXCLAOTN-UHFFFAOYSA-N,480.60500000000036,5.752700000000006,1,6,81.01,0.4121006254850256,-0.49340547617205094,7,14,0.42857142857142855,3,3,2,0
3742,WHYIEUPXCLAOTN-UHFFFAOYSA-N,383.4630000000001,4.839940000000005,0,4,42.68,0.33892821861135425,-0.4934054715001087,5,8,0.34782608695652173,3,3,1,0
3743,WHYIEUPXCLAOTN-UHFFFAOYSA-N,397.4900000000001,5.228440000000005,0,4,42.68,0.33892821861135425,-0.493405469809321,5,8,0.375,3,3,1,0
748,YRAAVIIWKQCLLK-UHFFFAOYSA-N,520.6300000000003,4.572900000000004,3,7,110.81,0.25106023692343304,-0.4926888479950387,9,12,0.41379310344827586,3,4,3,0
865,YRAAVIIWKQCLLK-UHFFFAOYSA-N,574.7900000000002,5.802400000000005,3,5,92.35,0.25078263557843905,-0.4877230285975322,8,16,0.5,3,4,4,1
866,YRAAVIIWKQCLLK-UHFFFAOYSA-N,897.7109999999993,8.966400000000004,3,7,110.81,0.2546901864359661,-0.48673040216100805,13,30,0.66,3,4,6,3
867,YRAAVIIWKQCLLK-UHFFFAOYSA-N,863.2659999999994,8.313000000000008,3,7,110.81,0.2546901864359661,-0.48673040216100805,12,30,0.66,3,4,6,3
868,YRAAVIIWKQCLLK-UHFFFAOYSA-N,753.4729999999998,7.711100000000008,3,6,101.58,0.25105527585458576,-0.48755381288092736,11,23,0.5952380952380952,3,4,5,2
869,YRAAVIIWKQCLLK-UHFFFAOYSA-N,719.0279999999999,7.057700000000007,3,6,101.58,0.25105527585458576,-0.48755381288092736,10,23,0.5952380952380952,3,4,5,2
870,YRAAVIIWKQCLLK-UHFFFAOYSA-N,609.235,6.455800000000006,3,5,92.35,0.25078263557843905,-0.4877230285975322,9,16,0.5,3,4,4,1
1529,DGXHKSQAMQUCQT-UHFFFAOYSA-N,588.7850000000002,10.126399999999993,0,6,67.13000000000001,0.3052777015003681,-0.4928101021049091,6,20,0.4864864864864865,3,4,0,0
1530,DGXHKSQAMQUCQT-UHFFFAOYSA-N,590.8010000000003,10.350399999999993,0,6,67.13000000000001,0.3052777015003681,-0.4928101021049091,6,21,0.5405405405405406,3,4,0,0
1531,DGXHKSQAMQUCQT-UHFFFAOYSA-N,558.7590000000002,10.117799999999994,0,5,57.900000000000006,0.3052777015002432,-0.46566258319174875,5,19,0.4722222222222222,3,4,0,0
1532,DGXHKSQAMQUCQT-UHFFFAOYSA-N,560.7750000000003,10.341799999999994,0,5,57.900000000000006,0.3052777015002432,-0.46566258319174875,5,20,0.5277777777777778,3,4,0,0
1534,DGXHKSQAMQUCQT-UHFFFAOYSA-N,410.4660000000001,5.359000000000005,0,6,67.13000000000001,0.30813235421249363,-0.4928101021049091,6,8,0.375,3,4,0,0
1535,DGXHKSQAMQUCQT-UHFFFAOYSA-N,380.4400000000001,5.350400000000005,0,5,57.900000000000006,0.3081323542123688,-0.4654667520520945,5,7,0.34782608695652173,3,4,0,0
2776,DZYZXJVAPHGOBX-UHFFFAOYSA-N,405.4490000000001,3.8658800000000033,0,4,63.2,0.18677306040831604,-0.4928695286791912,6,8,0.20833333333333334,3,3,1,1
2777,DZYZXJVAPHGOBX-UHFFFAOYSA-N,455.45600000000013,4.745580000000005,0,4,63.2,0.41641688171878427,-0.4928695286791912,8,8,0.24,3,3,1,1
2778,DZYZXJVAPHGOBX-UHFFFAOYSA-N,421.90400000000017,4.380180000000004,0,4,63.2,0.18677305173844264,-0.4928695286791912,6,8,0.20833333333333334,3,3,1,1
2786,DZYZXJVAPHGOBX-UHFFFAOYSA-N,440.9030000000002,4.206700000000003,1,4,76.71000000000001,0.341583362233381,-0.4928695286791912,7,9,0.20833333333333334,3,3,0,1
2787,DZYZXJVAPHGOBX-UHFFFAOYSA-N,438.9310000000002,4.7111000000000045,0,4,56.480000000000004,0.1797368648141267,-0.4928695286791912,6,9,0.24,3,3,0,1
2805,DZYZXJVAPHGOBX-UHFFFAOYSA-N,454.93000000000035,4.295100000000004,0,5,65.71000000000001,0.34374627224167437,-0.4928695286791912,7,9,0.24,3,3,0,1
640,HMNUUZYKJLQTRS-UHFFFAOYSA-O,344.456,2.7470000000000008,0,4,39.410000000000004,0.16828349417147956,-0.49285814686976853,5,6,0.3684210526315789,2,3,0,1
641,HMNUUZYKJLQTRS-UHFFFAOYSA-O,358.48300000000006,3.2299000000000024,0,4,39.41,0.16853320890739237,-0.49285814686976853,5,7,0.4,2,3,0,1
642,HMNUUZYKJLQTRS-UHFFFAOYSA-O,370.4940000000001,3.3960000000000026,0,4,39.41,0.16886739628183664,-0.49285814686976853,5,8,0.3333333333333333,2,3,0,1
645,HMNUUZYKJLQTRS-UHFFFAOYSA-O,402.5360000000001,3.246500000000001,0,5,48.64,0.1711009415734138,-0.49285814686976853,6,10,0.45454545454545453,2,3,0,1
655,HMNUUZYKJLQTRS-UHFFFAOYSA-O,372.51000000000005,3.6200000000000028,0,4,39.41,0.16854612151666407,-0.49285814686976853,5,8,0.42857142857142855,2,3,0,1
656,HMNUUZYKJLQTRS-UHFFFAOYSA-O,388.50900000000007,2.8564000000000007,0,5,48.64,0.17108600029472623,-0.49285814686976853,6,9,0.42857142857142855,2,3,0,1
1229,ITDGDWRZOJLDPH-UHFFFAOYSA-N,371.50600000000014,2.4395000000000007,2,4,53.6,0.2568992631206228,-0.3782935576637503,6,9,0.3,2,2,3,0
1230,ITDGDWRZOJLDPH-UHFFFAOYSA-N,385.5330000000001,2.7479200000000006,2,4,53.6,0.2568995977286117,-0.3782935576637503,6,9,0.3333333333333333,2,2,3,0
1231,ITDGDWRZOJLDPH-UHFFFAOYSA-N,401.5320000000001,2.4481,2,5,62.830000000000005,0.256903856909852,-0.49676776983822685,7,10,0.3333333333333333,2,2,3,0
1232,ITDGDWRZOJLDPH-UHFFFAOYSA-N,405.95100000000014,3.092900000000002,2,4,53.6,0.25690100901405466,-0.3782935576637503,7,9,0.3,2,2,3,0
1233,ITDGDWRZOJLDPH-UHFFFAOYSA-N,416.5030000000002,2.3477000000000006,2,6,96.74000000000001,0.26972495182886763,-0.3782935576637503,9,10,0.3,2,2,4,0
1234,ITDGDWRZOJLDPH-UHFFFAOYSA-N,440.39600000000013,3.7463000000000024,2,4,53.6,0.256954624106138,-0.3782935576637503,8,9,0.3,2,2,3,0
4231,JYIDXZNSMUEXHK-UHFFFAOYSA-N,395.4190000000002,2.881800000000001,0,8,93.86000000000001,0.26907526866325254,-0.49284207036503425,9,5,0.3,3,4,3,0
4232,JYIDXZNSMUEXHK-UHFFFAOYSA-N,350.4220000000002,2.973600000000001,0,6,50.72000000000001,0.16241566872496915,-0.49284207036503425,6,4,0.3,3,4,2,0
4235,JYIDXZNSMUEXHK-UHFFFAOYSA-N,368.41200000000015,3.112700000000002,0,6,50.72000000000001,0.16241566872496915,-0.49284207036503425,7,4,0.3,3,4,2,0
4240,JYIDXZNSMUEXHK-UHFFFAOYSA-N,364.4490000000002,3.282020000000002,0,6,50.72000000000001,0.16241566872496915,-0.49284207036503425,6,4,0.3333333333333333,3,4,2,0
4241,JYIDXZNSMUEXHK-UHFFFAOYSA-N,429.31800000000015,3.736100000000002,0,6,50.72000000000001,0.16241566872496915,-0.49284207036503425,7,4,0.3,3,4,2,0
4242,JYIDXZNSMUEXHK-UHFFFAOYSA-N,395.4190000000002,2.881800000000001,0,8,93.86000000000001,0.29202123731765595,-0.49284207036503425,9,5,0.3,3,4,3,0
3536,KEDNXTFFWZJTFK-HKOYGPOVSA-O,469.6050000000003,4.993000000000005,0,4,38.77,0.18929559366456958,-0.4928585846027478,5,6,0.3,3,5,2,1
3537,KEDNXTFFWZJTFK-HKOYGPOVSA-O,548.5010000000002,5.755500000000006,0,4,38.77,0.18929559366456958,-0.4928585846027478,6,6,0.3,3,5,2,1
3538,KEDNXTFFWZJTFK-HKOYGPOVSA-O,548.5010000000002,5.755500000000006,0,4,38.77,0.18929559366456958,-0.4928585846027478,6,6,0.3,3,5,2,1
3539,KEDNXTFFWZJTFK-HKOYGPOVSA-O,548.5010000000002,5.755500000000006,0,4,38.77,0.18929559366456958,-0.4928585846027478,6,6,0.3,3,5,2,1
3540,KEDNXTFFWZJTFK-HKOYGPOVSA-O,504.0500000000003,5.646400000000006,0,4,38.77,0.18929559366456958,-0.4928585846027478,6,6,0.3,3,5,2,1
3541,KEDNXTFFWZJTFK-HKOYGPOVSA-O,504.0500000000003,5.646400000000006,0,4,38.77,0.18929559366456958,-0.4928585846027478,6,6,0.3,3,5,2,1
3291,LZXDAZVSVXMDSO-VUTHCHCSSA-N,515.5700000000003,4.755200000000005,0,7,112.5,0.3471432509621593,-0.4550499951105633,10,9,0.32142857142857145,3,5,5,0
3292,LZXDAZVSVXMDSO-VUTHCHCSSA-N,515.5700000000003,4.755200000000005,0,7,112.5,0.3471432509621593,-0.4550455669060698,10,9,0.32142857142857145,3,5,5,0
3293,LZXDAZVSVXMDSO-VUTHCHCSSA-N,515.5700000000003,4.755200000000005,0,7,112.5,0.34714325096215953,-0.4547790172193686,10,9,0.32142857142857145,3,5,5,0
3294,LZXDAZVSVXMDSO-VUTHCHCSSA-N,500.59900000000033,4.855600000000005,0,6,78.59,0.3471432509621593,-0.49676778655311393,8,9,0.3448275862068966,3,5,4,0
3295,LZXDAZVSVXMDSO-VUTHCHCSSA-N,500.59900000000033,4.855600000000004,0,6,78.59,0.3471432509621593,-0.4967434355735408,8,9,0.3448275862068966,3,5,4,0
3296,LZXDAZVSVXMDSO-VUTHCHCSSA-N,500.5990000000004,4.855600000000004,0,6,78.59,0.3471432509621594,-0.4959910764373035,8,9,0.3448275862068966,3,5,4,0
3105,MDBSZUMQHKZVNQ-UHFFFAOYSA-N,414.8890000000001,5.352400000000005,2,6,74.97,0.20291572881291306,-0.49263376279320975,7,8,0.18181818181818182,3,3,2,0
3106,MDBSZUMQHKZVNQ-UHFFFAOYSA-N,384.86300000000006,5.343800000000004,2,5,65.74,0.16835364542935977,-0.49654413376284295,6,7,0.14285714285714285,3,3,2,0
3107,MDBSZUMQHKZVNQ-UHFFFAOYSA-N,340.81000000000006,5.032200000000003,3,4,67.51,0.16835364542935977,-0.5079643191404887,5,5,0.05263157894736842,3,3,2,0
3108,MDBSZUMQHKZVNQ-UHFFFAOYSA-N,354.837,5.335200000000004,2,4,56.51,0.16835364542935977,-0.4967658917423299,5,6,0.1,3,3,2,0
3109,MDBSZUMQHKZVNQ-UHFFFAOYSA-N,340.81000000000006,5.032200000000003,3,4,67.51,0.16835364542935977,-0.5078863574158754,5,5,0.05263157894736842,3,3,2,0
3110,MDBSZUMQHKZVNQ-UHFFFAOYSA-N,354.837,5.335200000000004,2,4,56.51,0.16835364542935977,-0.49668795425872136,5,6,0.1,3,3,2,0
3770,MIQDFIINRMWWAK-VAWYXSNFSA-N,378.30600000000004,4.519800000000003,1,6,77.61000000000001,0.5725963035811865,-0.5042543435662299,9,5,0.1111111111111111,3,3,0,0
4039,MIQDFIINRMWWAK-VAWYXSNFSA-N,362.307,4.640000000000003,1,5,68.38000000000001,0.4159102664754557,-0.5042543435662299,8,4,0.1111111111111111,3,3,0,0
4040,MIQDFIINRMWWAK-VAWYXSNFSA-N,328.75500000000005,4.274600000000003,1,5,68.38000000000001,0.247631043441319,-0.5042543435662299,6,4,0.058823529411764705,3,3,0,0
4041,MIQDFIINRMWWAK-VAWYXSNFSA-N,363.20000000000005,4.9280000000000035,1,5,68.38000000000001,0.24913465888486183,-0.5042543435662299,7,4,0.058823529411764705,3,3,0,0
4042,MIQDFIINRMWWAK-VAWYXSNFSA-N,312.3,3.760300000000002,1,5,68.38000000000001,0.24763276887166175,-0.5042543435662299,6,4,0.058823529411764705,3,3,0,0
4043,MIQDFIINRMWWAK-VAWYXSNFSA-N,330.29,3.899400000000002,1,5,68.38000000000001,0.25058580338459124,-0.5042543435662299,7,4,0.058823529411764705,3,3,0,0
1655,MMDGFXNXTCVVQZ-UHFFFAOYSA-N,395.384,5.573400000000004,1,4,61.03,0.41677839830876545,-0.4967678029320421,7,3,0.09090909090909091,4,4,1,0
1656,MMDGFXNXTCVVQZ-UHFFFAOYSA-N,444.2540000000001,6.327300000000004,1,3,51.8,0.4167783983088532,-0.3980554921172416,7,2,0.047619047619047616,4,4,1,0
1657,MMDGFXNXTCVVQZ-UHFFFAOYSA-N,399.80300000000005,6.218200000000003,1,3,51.8,0.41677839830876545,-0.3980554964522494,7,2,0.047619047619047616,4,4,1,0
1658,MMDGFXNXTCVVQZ-UHFFFAOYSA-N,383.34800000000007,5.703900000000003,1,3,51.8,0.41677839830876545,-0.3980554964521723,7,2,0.047619047619047616,4,4,1,0
1659,MMDGFXNXTCVVQZ-UHFFFAOYSA-N,383.348,5.703900000000003,1,3,51.8,0.4167783983087657,-0.3980554964095326,7,2,0.047619047619047616,4,4,1,0
1660,MMDGFXNXTCVVQZ-UHFFFAOYSA-N,365.35800000000006,5.564800000000003,1,3,51.8,0.41677839830876545,-0.39805549645232674,6,2,0.047619047619047616,4,4,1,0
2646,MQASZTRPRTVQDS-UHFFFAOYSA-N,423.43600000000015,2.3448800000000007,2,8,134.0,0.3077074899613082,-0.38417022811404633,9,1,0.17391304347826086,3,6,5,0
2647,MQASZTRPRTVQDS-UHFFFAOYSA-N,451.4900000000003,2.9617200000000006,2,8,134.0,0.30770748996834596,-0.38417022811404633,9,1,0.24,3,6,5,0
2648,MQASZTRPRTVQDS-UHFFFAOYSA-N,468.4330000000002,2.2530800000000006,2,10,177.14,0.307707490138935,-0.38417022811404616,12,2,0.17391304347826086,3,6,6,0
2649,MQASZTRPRTVQDS-UHFFFAOYSA-N,451.4900000000001,2.9809800000000006,2,8,134.0,0.3077081930768697,-0.3841699536949563,9,1,0.24,3,6,5,0
2650,MQASZTRPRTVQDS-UHFFFAOYSA-N,479.5440000000003,3.5978200000000022,2,8,134.0,0.30770819308390746,-0.38416995369495627,9,1,0.2962962962962963,3,6,5,0
2651,MQASZTRPRTVQDS-UHFFFAOYSA-N,496.4870000000002,2.8891800000000005,2,10,177.14,0.30770819325449644,-0.3841699536949561,12,2,0.24,3,6,6,0
189,NZVZVGPYTICZBZ-UHFFFAOYSA-N,189.30199999999996,2.9185000000000016,0,1,3.24,0.02332385598308685,-0.29906476041495095,1,2,0.5384615384615384,1,2,1,0
192,NZVZVGPYTICZBZ-UHFFFAOYSA-N,234.29899999999995,2.8267000000000007,0,3,46.379999999999995,0.2733871362744725,-0.2988003071834021,4,3,0.5384615384615384,1,2,2,0
193,NZVZVGPYTICZBZ-UHFFFAOYSA-N,203.32899999999995,3.2269200000000016,0,1,3.24,0.023586613971935035,-0.2990544309375106,1,2,0.5714285714285714,1,2,1,0
1056,NZVZVGPYTICZBZ-UHFFFAOYSA-N,531.7380000000003,5.201900000000005,2,6,96.97000000000001,0.40787054075727475,-0.4641635385192712,8,15,0.7,1,2,3,0
1165,NZVZVGPYTICZBZ-UHFFFAOYSA-N,274.4080000000001,2.7670000000000012,0,2,23.550000000000004,0.218683632002769,-0.3459941004761095,3,5,0.5882352941176471,1,2,2,0
1355,NZVZVGPYTICZBZ-UHFFFAOYSA-N,276.38,3.2939000000000025,0,3,32.78,0.41420170740888756,-0.41021196042815844,4,3,0.5625,1,2,2,0
2879,OHIUTRCFRLCSIV-UHFFFAOYSA-N,373.4160000000002,1.94268,2,5,99.81,0.26095432376805644,-0.32495868302392217,7,5,0.23809523809523808,3,4,3,0
2880,OHIUTRCFRLCSIV-UHFFFAOYSA-N,393.40300000000025,1.9792,2,6,119.16,0.27337911182455427,-0.32495868293389546,9,6,0.25,3,4,3,0
2881,OHIUTRCFRLCSIV-UHFFFAOYSA-N,384.38600000000025,2.3492000000000006,2,4,76.02000000000001,0.26095432376805644,-0.32495868304220055,8,5,0.25,3,4,2,0
2882,OHIUTRCFRLCSIV-UHFFFAOYSA-N,366.39600000000024,2.2100999999999997,2,4,76.02000000000001,0.26095432376805644,-0.3249586829985344,7,5,0.25,3,4,2,0
2883,OHIUTRCFRLCSIV-UHFFFAOYSA-N,362.4330000000002,2.3794200000000005,2,4,76.02000000000001,0.26095432376805644,-0.32495868303808606,6,5,0.2857142857142857,3,4,2,0
2885,OHIUTRCFRLCSIV-UHFFFAOYSA-N,348.40600000000023,2.071,2,4,76.02000000000001,0.26095432376805644,-0.32495868304235886,6,5,0.25,3,4,2,0
2997,OKJRPJHNPPGFPE-UHFFFAOYSA-N,449.5510000000002,3.5774000000000026,2,5,83.66000000000001,0.26735327533378844,-0.4928420402957054,7,8,0.38461538461538464,3,4,2,0
2998,OKJRPJHNPPGFPE-UHFFFAOYSA-N,405.49800000000016,3.265800000000002,3,4,85.43,0.26735501180045335,-0.5057491189321859,6,6,0.3333333333333333,3,4,2,0
2999,OKJRPJHNPPGFPE-UHFFFAOYSA-N,419.5250000000002,3.568800000000002,2,4,74.43,0.2673550125231767,-0.4945545182550719,6,7,0.36,3,4,2,0
3000,OKJRPJHNPPGFPE-UHFFFAOYSA-N,419.52500000000015,3.568800000000002,2,4,74.43,0.26735327514781293,-0.4966869421278666,6,7,0.36,3,4,2,0
3001,OKJRPJHNPPGFPE-UHFFFAOYSA-N,405.49800000000016,3.2658000000000014,3,4,85.43,0.2673532616462595,-0.5079391188724687,6,6,0.3333333333333333,3,4,2,0
3002,OKJRPJHNPPGFPE-UHFFFAOYSA-N,419.52500000000015,3.568800000000002,2,4,74.43,0.2673532616462765,-0.49674069650707886,6,7,0.36,3,4,2,0
2441,PDZMHDSORBHDFP-UHFFFAOYSA-N,375.51600000000013,4.1289000000000025,2,2,48.13,0.21978618002879685,-0.3608889007037651,4,7,0.375,3,4,2,0
2442,PDZMHDSORBHDFP-UHFFFAOYSA-N,389.5430000000001,4.437320000000003,2,2,48.13,0.21978618002879685,-0.3608889007037651,4,7,0.4,3,4,2,0
2443,PDZMHDSORBHDFP-UHFFFAOYSA-N,419.5690000000002,4.445920000000004,2,3,57.36,0.21978618002891848,-0.4967429680665144,5,8,0.4230769230769231,3,4,2,0
2444,PDZMHDSORBHDFP-UHFFFAOYSA-N,389.5430000000001,4.437320000000003,2,2,48.13,0.21978618002879685,-0.3608889007037651,4,7,0.4,3,4,2,0
2445,PDZMHDSORBHDFP-UHFFFAOYSA-N,389.5430000000001,4.437320000000003,2,2,48.13,0.21978618002879685,-0.3608889007037651,4,7,0.4,3,4,2,0
2446,PDZMHDSORBHDFP-UHFFFAOYSA-N,419.5690000000002,4.445920000000004,2,3,57.36,0.21978618002891848,-0.4967429680665144,5,8,0.4230769230769231,3,4,2,0
152,PHORSJQGLQBIOY-UHFFFAOYSA-N,386.5430000000001,4.5881200000000035,1,3,44.28,0.14122809241423193,-0.29906438388548146,4,6,0.36,3,4,2,0
153,PHORSJQGLQBIOY-UHFFFAOYSA-N,400.5700000000001,4.842100000000005,1,3,44.28,0.14123859183501014,-0.29906438388548146,4,7,0.38461538461538464,3,4,2,0
224,PHORSJQGLQBIOY-UHFFFAOYSA-N,372.51600000000013,4.857800000000004,1,4,41.05,0.14818281107599193,-0.36857532343864763,4,7,0.3333333333333333,3,4,2,0
1277,PHORSJQGLQBIOY-UHFFFAOYSA-N,386.5430000000001,4.5881200000000035,1,3,44.28,0.14396795282812527,-0.29906438388548146,4,6,0.36,3,4,2,0
1278,PHORSJQGLQBIOY-UHFFFAOYSA-N,414.59700000000026,5.403100000000005,1,3,44.28,0.14452129498551589,-0.29906438388548146,4,7,0.4074074074074074,3,4,2,0
1279,PHORSJQGLQBIOY-UHFFFAOYSA-N,414.59700000000015,5.232200000000005,1,3,44.28,0.14123876920383585,-0.29906438388548146,4,8,0.4074074074074074,3,4,2,0
2003,PHUULGHNENMESX-HMMYKYKNSA-N,420.5530000000001,4.448300000000004,0,5,42.010000000000005,0.18929559609994093,-0.49285826027295343,5,7,0.4230769230769231,2,4,2,0
2004,PHUULGHNENMESX-HMMYKYKNSA-N,448.60700000000037,5.228500000000006,0,5,42.010000000000005,0.18929559609994098,-0.49285826027295343,5,9,0.4642857142857143,2,4,2,0
2005,PHUULGHNENMESX-HMMYKYKNSA-N,406.52600000000024,4.424000000000004,1,5,50.8,0.18929559609992883,-0.49285826027295343,5,7,0.4,2,4,2,0
2006,PHUULGHNENMESX-HMMYKYKNSA-N,434.58000000000027,4.8384000000000045,0,5,42.010000000000005,0.18929559609994095,-0.49285826027295343,5,8,0.4444444444444444,2,4,2,0
2007,PHUULGHNENMESX-HMMYKYKNSA-N,448.60700000000037,5.228500000000006,0,5,42.010000000000005,0.18929559609994095,-0.49285826027295343,5,9,0.4642857142857143,2,4,2,0
2008,PHUULGHNENMESX-HMMYKYKNSA-N,476.6610000000004,6.008700000000007,0,5,42.010000000000005,0.18929559609994098,-0.49285826027295343,5,11,0.5,2,4,2,0
78,PYTVRJQBTZESQO-UHFFFAOYSA-O,370.4940000000001,4.431500000000004,0,4,39.41,0.1726562333725736,-0.4928455118509088,5,8,0.3333333333333333,3,3,0,1
82,PYTVRJQBTZESQO-UHFFFAOYSA-O,356.46700000000004,4.041400000000003,0,4,39.41,0.1726562333725736,-0.4928455118509088,5,7,0.3,3,3,0,1
95,PYTVRJQBTZESQO-UHFFFAOYSA-O,342.44000000000005,3.558500000000002,0,4,39.41,0.1726562333725549,-0.4928455118509088,5,6,0.2631578947368421,3,3,0,1
96,PYTVRJQBTZESQO-UHFFFAOYSA-O,386.4930000000001,3.667900000000003,0,5,48.64,0.17265623337257385,-0.4928455118509088,6,9,0.3333333333333333,3,3,0,1
106,PYTVRJQBTZESQO-UHFFFAOYSA-O,368.47800000000007,4.207500000000003,0,4,39.41,0.1726562333725936,-0.4928455118509088,5,8,0.23809523809523808,3,3,0,1
107,PYTVRJQBTZESQO-UHFFFAOYSA-O,400.5200000000001,4.058000000000003,0,5,48.64,0.17265623337257385,-0.4928455118509088,6,10,0.36363636363636365,3,3,0,1
1268,QPDYCRJIHVDOAD-UHFFFAOYSA-N,212.2959999999999,3.0859000000000014,1,2,38.91,0.07257162960360002,-0.39790227593491423,2,0,0.35714285714285715,2,3,1,0
3637,QPDYCRJIHVDOAD-UHFFFAOYSA-N,246.7409999999999,3.739300000000002,1,2,38.91,0.07267716953795317,-0.39790156734193394,3,0,0.35714285714285715,2,3,1,0
3639,QPDYCRJIHVDOAD-UHFFFAOYSA-N,281.18600000000004,4.392700000000001,1,2,38.91,0.0912899742592541,-0.39790082842666485,4,0,0.35714285714285715,2,3,1,0
3643,QPDYCRJIHVDOAD-UHFFFAOYSA-N,230.28599999999992,3.2250000000000014,1,2,38.91,0.12353798565844235,-0.3979008656883732,3,0,0.35714285714285715,2,3,1,0
3645,QPDYCRJIHVDOAD-UHFFFAOYSA-N,226.32299999999995,3.3943200000000022,1,2,38.91,0.07283575464892991,-0.39790227376332854,2,0,0.4,2,3,1,0
3647,QPDYCRJIHVDOAD-UHFFFAOYSA-N,226.32299999999992,3.3943200000000022,1,2,38.91,0.07284011362926365,-0.39789413288503384,2,0,0.4,2,3,1,0
1298,TXHHGLULBHVWMO-UHFFFAOYSA-N,288.3940000000001,5.165620000000003,1,2,24.92,0.072611154326433,-0.35469372206144845,2,2,0.25,3,4,1,0
1299,TXHHGLULBHVWMO-UHFFFAOYSA-N,288.3940000000001,5.165620000000003,1,2,24.92,0.07285549629635271,-0.3546938561957735,2,2,0.25,3,4,1,0
1300,TXHHGLULBHVWMO-UHFFFAOYSA-N,308.8120000000002,5.510600000000004,1,2,24.92,0.07407428210513989,-0.35469384712468016,3,2,0.21052631578947367,3,4,1,0
1301,TXHHGLULBHVWMO-UHFFFAOYSA-N,319.3640000000002,4.765400000000002,1,4,68.06,0.2697584989723655,-0.3546903869101268,5,3,0.21052631578947367,3,4,2,0
1302,TXHHGLULBHVWMO-UHFFFAOYSA-N,319.36400000000015,4.765400000000002,1,4,68.06,0.27113078799155654,-0.35469380302624937,5,3,0.21052631578947367,3,4,2,0
3358,TXHHGLULBHVWMO-UHFFFAOYSA-N,333.3910000000002,3.976200000000003,3,4,74.25,0.2741359168565423,-0.3546932460735186,5,3,0.2,3,4,2,0
3543,UCTOTJQSJOBAEG-GHRIWEEISA-O,421.56100000000026,4.202800000000003,0,4,38.77,0.18929559366456958,-0.4928585846027478,5,6,0.4230769230769231,2,4,2,1
3544,UCTOTJQSJOBAEG-GHRIWEEISA-O,435.58800000000025,4.592900000000005,0,4,38.77,0.18929559366456958,-0.4928585846027478,5,7,0.4444444444444444,2,4,2,1
3545,UCTOTJQSJOBAEG-GHRIWEEISA-O,449.6150000000003,4.983000000000005,0,4,38.77,0.18929559366456958,-0.4928585846027478,5,8,0.4642857142857143,2,4,2,1
3546,UCTOTJQSJOBAEG-GHRIWEEISA-O,463.64200000000034,5.373100000000006,0,4,38.77,0.18929559366456958,-0.4928585846027478,5,9,0.4827586206896552,2,4,2,1
3547,UCTOTJQSJOBAEG-GHRIWEEISA-O,419.54500000000024,3.9788000000000032,0,4,38.77,0.18929559366456958,-0.4928585846027478,5,6,0.34615384615384615,2,4,2,1
3548,UCTOTJQSJOBAEG-GHRIWEEISA-O,423.5330000000003,2.785100000000001,1,5,59.0,0.18929559366456958,-0.4928585846027478,6,6,0.4,2,4,2,1
1158,WIVOLTFGVIYIMZ-UHFFFAOYSA-N,336.4790000000001,4.341800000000004,0,2,23.550000000000004,0.22335484413628223,-0.3126679368941813,3,6,0.4090909090909091,2,3,2,0
1159,WIVOLTFGVIYIMZ-UHFFFAOYSA-N,350.50600000000014,4.731900000000005,0,2,23.550000000000004,0.2261971893695132,-0.31243676389939345,3,7,0.43478260869565216,2,3,2,0
1160,WIVOLTFGVIYIMZ-UHFFFAOYSA-N,366.5050000000001,4.350400000000004,0,3,32.78,0.22335695722447127,-0.4966876073159313,4,7,0.43478260869565216,2,3,2,0
1161,WIVOLTFGVIYIMZ-UHFFFAOYSA-N,366.50500000000017,4.350400000000004,0,3,32.78,0.22335487709106777,-0.4967658864896005,4,7,0.43478260869565216,2,3,2,0
1162,WIVOLTFGVIYIMZ-UHFFFAOYSA-N,354.4690000000001,4.4809000000000045,0,2,23.550000000000004,0.22335644251684023,-0.3125613152780737,4,6,0.4090909090909091,2,3,2,0
1163,WIVOLTFGVIYIMZ-UHFFFAOYSA-N,354.4690000000001,4.4809000000000045,0,2,23.550000000000004,0.22335486890962514,-0.3126644462250566,4,6,0.4090909090909091,2,3,2,0
138,XGTLJTHSJRABII-UHFFFAOYSA-N,218.2309999999999,2.2811000000000003,1,3,48.14,0.21872989408289084,-0.4773879515275313,4,0,0.25,2,3,1,0
143,XGTLJTHSJRABII-UHFFFAOYSA-N,234.68599999999992,2.7954000000000008,1,3,48.14,0.21872637981761864,-0.4773879701639578,4,0,0.25,2,3,1,0
150,XGTLJTHSJRABII-UHFFFAOYSA-N,230.26699999999994,2.1506,1,4,57.370000000000005,0.2187310321969253,-0.49597148760342874,4,1,0.3076923076923077,2,3,1,0
151,XGTLJTHSJRABII-UHFFFAOYSA-N,200.24099999999993,2.1420000000000003,1,3,48.14,0.21872635968273169,-0.47738797021519647,3,0,0.25,2,3,1,0
155,XGTLJTHSJRABII-UHFFFAOYSA-N,234.68599999999992,2.7954000000000017,1,3,48.14,0.2187281356579476,-0.47738796084235563,4,0,0.25,2,3,1,0
157,XGTLJTHSJRABII-UHFFFAOYSA-N,214.26799999999994,2.4504200000000003,1,3,48.14,0.2187267000732171,-0.4773879684002654,3,0,0.3076923076923077,2,3,1,0
3456,YKYSVZHMNYROGP-UHFFFAOYSA-N,585.7340000000003,4.420700000000004,4,9,130.16,0.26625349488755057,-0.47619217497748817,11,12,0.3870967741935484,4,6,4,0
3457,YKYSVZHMNYROGP-UHFFFAOYSA-N,620.1790000000002,5.074100000000004,4,9,130.16,0.26625349488755057,-0.47619217497748817,12,12,0.3870967741935484,4,6,4,0
3458,YKYSVZHMNYROGP-UHFFFAOYSA-N,615.7600000000002,4.429300000000004,4,10,139.39000000000001,0.26625349488755057,-0.49674176429928124,12,13,0.40625,4,6,4,0
3459,YKYSVZHMNYROGP-UHFFFAOYSA-N,599.7610000000001,4.810800000000005,4,9,130.16,0.26650226552722694,-0.4761921739393441,11,13,0.40625,4,6,4,0
3460,YKYSVZHMNYROGP-UHFFFAOYSA-N,613.7880000000001,5.200900000000005,4,9,130.16,0.2665116911117127,-0.47619217393547253,11,14,0.42424242424242425,4,6,4,0
3461,YKYSVZHMNYROGP-UHFFFAOYSA-N,571.7070000000001,4.160000000000004,4,9,144.15,0.26393047565166433,-0.47619226365146905,11,12,0.36666666666666664,4,6,4,0
3091,ACCSWVGAMRADDI-UHFFFAOYSA-N,348.475,4.427100000000003,3,3,48.980000000000004,0.18916923603034116,-0.331391653354976,5,3,0.2,3,4,3,0
3092,ACCSWVGAMRADDI-UHFFFAOYSA-N,382.9200000000001,5.080500000000003,3,3,48.980000000000004,0.18916924842601723,-0.33138990034798993,6,3,0.2,3,4,3,0
3093,ACCSWVGAMRADDI-UHFFFAOYSA-N,427.37100000000004,5.189600000000003,3,3,48.980000000000004,0.18916924538707627,-0.33139032947726915,6,3,0.2,3,4,3,0
3094,ACCSWVGAMRADDI-UHFFFAOYSA-N,378.5010000000002,4.435700000000002,3,4,58.21,0.18916926890901548,-0.4967658884061685,6,4,0.23809523809523808,3,4,3,0
3097,ACCSWVGAMRADDI-UHFFFAOYSA-N,427.55500000000023,3.0745000000000013,4,5,109.14,0.23754770435831335,-0.3313902475025632,9,4,0.2,3,4,4,0
4518,BAZGGMGNEFKCHN-OQLLNIDSSA-N,304.693,2.4071,1,5,97.49,0.2724300818920588,-0.2672992615878617,8,4,0.0,2,2,3,0
4519,BAZGGMGNEFKCHN-OQLLNIDSSA-N,319.74800000000005,2.5161000000000007,1,5,72.81,0.27243008195123625,-0.492869548867403,7,5,0.13333333333333333,2,2,2,0
4520,BAZGGMGNEFKCHN-OQLLNIDSSA-N,319.74800000000005,2.6032000000000006,2,5,83.81,0.27243008195123625,-0.5042541376944725,7,5,0.13333333333333333,2,2,2,0
4521,BAZGGMGNEFKCHN-OQLLNIDSSA-N,317.732,2.2855,1,5,80.64999999999999,0.33734216497978653,-0.4654175191800096,7,4,0.06666666666666667,2,2,2,0
4522,BAZGGMGNEFKCHN-OQLLNIDSSA-N,305.72100000000006,2.2131000000000003,2,5,83.81,0.27243008195123625,-0.5042543334993201,7,4,0.07142857142857142,2,2,2,0
2172,BZHBFQGFWMBRKN-UHFFFAOYSA-N,394.4490000000001,2.5256000000000007,2,6,102.96000000000001,0.4217518586523446,-0.49286996119505533,9,8,0.2777777777777778,2,2,2,0
2173,BZHBFQGFWMBRKN-UHFFFAOYSA-N,364.42300000000006,2.5170000000000003,2,5,93.73,0.42175185865224896,-0.4967682021603724,8,7,0.23529411764705882,2,2,2,0
2174,BZHBFQGFWMBRKN-UHFFFAOYSA-N,364.4230000000001,2.5170000000000003,2,5,93.73,0.4217518587050874,-0.4964143088932401,8,7,0.23529411764705882,2,2,2,0
2175,BZHBFQGFWMBRKN-UHFFFAOYSA-N,394.4490000000002,2.5256000000000007,2,6,102.96,0.4217518587051844,-0.4967521071764042,9,8,0.2777777777777778,2,2,2,0
2176,BZHBFQGFWMBRKN-UHFFFAOYSA-N,394.4490000000001,2.5256000000000007,2,6,102.96,0.421751858758497,-0.49626911197797585,9,8,0.2777777777777778,2,2,2,0
619,CFBDZCKTSONAGK-UHFFFAOYSA-N,212.2959999999999,3.576900000000002,0,2,15.6,0.10923211284166734,-0.329758113584299,2,0,0.35714285714285715,1,3,2,0
620,CFBDZCKTSONAGK-UHFFFAOYSA-N,246.74099999999993,4.230300000000003,0,2,15.6,0.10929660250616716,-0.32975631266699296,3,0,0.35714285714285715,1,3,2,0
621,CFBDZCKTSONAGK-UHFFFAOYSA-N,246.74099999999993,4.230300000000003,0,2,15.6,0.1092331610584938,-0.32975809267124057,3,0,0.35714285714285715,1,3,2,0
622,CFBDZCKTSONAGK-UHFFFAOYSA-N,246.74099999999993,4.230300000000003,0,2,15.6,0.10923213550012176,-0.32975721812781017,3,0,0.35714285714285715,1,3,2,0
623,CFBDZCKTSONAGK-UHFFFAOYSA-N,246.7409999999999,4.230300000000003,0,2,15.6,0.10923399606752561,-0.3297033559072487,3,0,0.35714285714285715,1,3,2,0
1737,DENHFQWNVWMYSV-YLPQFATFSA-N,632.9750000000003,6.8570000000000055,1,4,69.72,0.24995815612529948,-0.3334225709347575,9,3,0.2647058823529412,3,7,3,0
1738,DENHFQWNVWMYSV-YLPQFATFSA-N,592.1390000000002,6.167040000000006,1,4,69.72,0.24995815612529948,-0.3334225709349173,7,3,0.3055555555555556,3,7,3,0
1739,DENHFQWNVWMYSV-YLPQFATFSA-N,701.865,8.163800000000004,1,4,69.72,0.24995815612529948,-0.3334225562337886,11,3,0.2647058823529412,3,7,3,0
1740,DENHFQWNVWMYSV-YLPQFATFSA-N,654.0790000000003,5.366600000000005,1,8,156.0,0.26952240526969445,-0.3334225706633636,13,5,0.2647058823529412,3,7,5,0
1741,DENHFQWNVWMYSV-YLPQFATFSA-N,632.9750000000003,6.8570000000000055,1,4,69.72,0.24995815612529948,-0.33342255623399203,9,3,0.2647058823529412,3,7,3,0
116,DHRJAVRMPRDVQD-UHFFFAOYSA-N,210.27999999999994,3.181700000000002,1,2,38.91,0.07258483346238713,-0.3978934623507498,2,0,0.35714285714285715,2,4,1,0
125,DHRJAVRMPRDVQD-UHFFFAOYSA-N,244.72499999999997,3.8351000000000015,1,2,38.91,0.07406774420404094,-0.3978934511346085,3,0,0.35714285714285715,2,4,1,0
127,DHRJAVRMPRDVQD-UHFFFAOYSA-N,244.725,3.8351000000000015,1,2,38.91,0.09119578022294636,-0.39789272358146305,3,0,0.35714285714285715,2,4,1,0
131,DHRJAVRMPRDVQD-UHFFFAOYSA-N,244.72499999999994,3.8351000000000015,1,2,38.91,0.07409266343466168,-0.39785001316677626,3,0,0.35714285714285715,2,4,1,0
133,DHRJAVRMPRDVQD-UHFFFAOYSA-N,244.72499999999994,3.8351000000000015,1,2,38.91,0.07269037345992457,-0.3978927537003376,3,0,0.35714285714285715,2,4,1,0
1059,DWNXVVDXAPWOOG-UHFFFAOYSA-N,535.7290000000004,5.107200000000004,2,5,87.74000000000001,0.328155380306624,-0.46416487326022204,7,16,0.53125,2,3,3,0
2732,DWNXVVDXAPWOOG-UHFFFAOYSA-N,535.7290000000004,5.107200000000004,2,5,87.74000000000001,0.328155380306624,-0.46416487326022204,7,16,0.53125,2,3,3,0
2735,DWNXVVDXAPWOOG-UHFFFAOYSA-N,451.5670000000004,3.0683000000000016,3,4,98.74,0.3257200037185777,-0.4797172047713374,7,11,0.4230769230769231,2,3,3,0
2737,DWNXVVDXAPWOOG-UHFFFAOYSA-N,479.62100000000015,3.5468,2,5,87.74000000000001,0.3281452929361373,-0.4644590769370087,7,12,0.4642857142857143,2,3,3,0
2738,DWNXVVDXAPWOOG-UHFFFAOYSA-N,479.62100000000015,3.5468,2,5,87.74000000000001,0.3281452929361373,-0.4644590769370087,7,12,0.4642857142857143,2,3,3,0
4069,FBAAZIXWQQGYFU-UHFFFAOYSA-N,440.5470000000002,5.398020000000005,0,6,64.28,0.25787933268381985,-0.4932843179821591,6,7,0.2962962962962963,4,5,1,0
4070,FBAAZIXWQQGYFU-UHFFFAOYSA-N,458.5370000000002,5.537120000000005,0,6,64.28,0.25787933268381985,-0.4932843179821591,7,7,0.2962962962962963,4,5,1,0
4071,FBAAZIXWQQGYFU-UHFFFAOYSA-N,458.5370000000002,5.537120000000005,0,6,64.28,0.25787933268381985,-0.49328431798215894,7,7,0.2962962962962963,4,5,1,0
4072,FBAAZIXWQQGYFU-UHFFFAOYSA-N,458.5370000000002,5.537120000000005,0,6,64.28,0.25787933268381985,-0.4932843179821591,7,7,0.2962962962962963,4,5,1,0
4073,FBAAZIXWQQGYFU-UHFFFAOYSA-N,474.9920000000002,6.051420000000006,0,6,64.28,0.25787933268381985,-0.49328431798215905,7,7,0.2962962962962963,4,5,1,0
3811,FELPMYGHWVAGQT-UHFFFAOYSA-N,346.5000000000001,2.9593200000000017,1,5,48.470000000000006,0.22694132940196154,-0.301904572721128,6,5,0.5555555555555556,2,3,3,0
3812,FELPMYGHWVAGQT-UHFFFAOYSA-N,360.52700000000016,3.349420000000002,1,5,48.470000000000006,0.22694132940198447,-0.301904572721128,6,4,0.5789473684210527,2,3,3,0
3813,FELPMYGHWVAGQT-UHFFFAOYSA-N,375.5420000000002,2.1125199999999995,1,6,51.71000000000001,0.2269413294019348,-0.30812865305902143,7,7,0.5789473684210527,2,3,4,0
3814,FELPMYGHWVAGQT-UHFFFAOYSA-N,389.56900000000024,2.5026200000000003,1,6,51.71000000000001,0.22694132940193468,-0.30935102770112216,7,8,0.6,2,3,4,0
3817,FELPMYGHWVAGQT-UHFFFAOYSA-N,431.65000000000026,3.6697200000000025,1,6,51.71000000000001,0.2269413294019348,-0.301904572721128,7,9,0.6521739130434783,2,3,4,0
2578,FIIZQHKGJMRJIL-VAWYXSNFSA-N,396.53100000000035,4.8479000000000045,1,4,50.800000000000004,0.24788015301388544,-0.4928470477227036,5,12,0.375,2,2,2,0
2579,FIIZQHKGJMRJIL-VAWYXSNFSA-N,424.58500000000043,5.628100000000006,1,4,50.800000000000004,0.24788015301388544,-0.4928470477227036,5,14,0.4230769230769231,2,2,2,0
2580,FIIZQHKGJMRJIL-VAWYXSNFSA-N,452.6390000000005,6.408300000000007,1,4,50.800000000000004,0.24788015301388544,-0.4928470477227036,5,16,0.4642857142857143,2,2,2,0
2581,FIIZQHKGJMRJIL-VAWYXSNFSA-N,424.58500000000015,5.628100000000006,1,4,50.8,0.24788015301388544,-0.4928470477227036,5,14,0.4230769230769231,2,2,2,0
2582,FIIZQHKGJMRJIL-VAWYXSNFSA-N,452.6390000000001,6.408300000000007,1,4,50.8,0.24788015301388544,-0.4928470477227036,5,16,0.4642857142857143,2,2,2,0
2528,GHLUFKQBBJSVCU-KQWNVCNZSA-N,475.6610000000002,7.010860000000007,1,4,27.630000000000003,0.17367709304226686,-0.30868334732592023,4,3,0.1935483870967742,3,6,3,0
2529,GHLUFKQBBJSVCU-KQWNVCNZSA-N,540.5300000000002,7.464940000000007,1,4,27.630000000000003,0.17367709306876195,-0.30868334732592023,5,3,0.16666666666666666,3,6,3,0
2531,GHLUFKQBBJSVCU-KQWNVCNZSA-N,516.4970000000002,7.7008200000000055,1,4,27.630000000000003,0.173677093081131,-0.30868334732576075,6,3,0.13793103448275862,3,6,3,0
2533,GHLUFKQBBJSVCU-KQWNVCNZSA-N,591.3720000000001,7.610600000000006,1,4,27.630000000000003,0.17367709306008802,-0.3086833473258093,6,3,0.10714285714285714,3,6,3,0
2534,GHLUFKQBBJSVCU-KQWNVCNZSA-N,605.399,7.919020000000006,1,4,27.630000000000003,0.17367709306929272,-0.3086833473258093,6,3,0.13793103448275862,3,6,3,0
3063,JBJVWRHVBXWURS-UHFFFAOYSA-N,416.99300000000005,6.085100000000007,1,3,45.33,0.1661857106861224,-0.4952835097894587,5,7,0.625,2,4,1,0
3066,JBJVWRHVBXWURS-UHFFFAOYSA-N,386.967,6.0765000000000065,1,2,36.1,0.16246025614034715,-0.35996736884311475,4,6,0.6086956521739131,2,4,1,0
3068,JBJVWRHVBXWURS-UHFFFAOYSA-N,352.522,5.423100000000005,1,2,36.1,0.1624071120232759,-0.3611756870489942,3,6,0.6086956521739131,2,4,1,0
3071,JBJVWRHVBXWURS-UHFFFAOYSA-N,382.54800000000006,5.4317000000000055,1,3,45.33,0.16613190961303298,-0.4952854082721487,4,7,0.625,2,4,1,0
3072,JBJVWRHVBXWURS-UHFFFAOYSA-N,431.0200000000001,6.0955000000000075,0,3,34.47,0.16618571264330462,-0.49528338393351423,5,7,0.64,2,4,1,0
2596,JKYBFSJNLQTBCS-UHFFFAOYSA-N,393.4900000000003,5.685120000000005,1,4,61.03,0.2253752890406365,-0.43598947314426184,4,1,0.23076923076923078,4,6,1,0
2597,JKYBFSJNLQTBCS-UHFFFAOYSA-N,409.48900000000026,5.3853000000000035,1,5,70.26,0.22537528917619923,-0.49676820958429835,5,2,0.23076923076923078,4,6,1,0
2598,JKYBFSJNLQTBCS-UHFFFAOYSA-N,409.4890000000003,5.3853000000000035,1,5,70.26,0.2253753085344311,-0.4967573638339357,5,2,0.23076923076923078,4,6,1,0
2599,JKYBFSJNLQTBCS-UHFFFAOYSA-N,397.45300000000026,5.515800000000003,1,4,61.03,0.22537530369244882,-0.4359894730263919,5,1,0.2,4,6,1,0
2600,JKYBFSJNLQTBCS-UHFFFAOYSA-N,379.46300000000025,5.376700000000004,1,4,61.03,0.225375289029949,-0.4359894731443035,4,1,0.2,4,6,1,0
859,JUHUNMSGGHNUAX-NIHWJDNZSA-N,470.6980000000003,4.782700000000004,2,5,70.91999999999999,0.1856431691162499,-0.4800973519782074,5,3,0.8620689655172413,0,5,2,0
860,JUHUNMSGGHNUAX-NIHWJDNZSA-N,568.8430000000003,6.721900000000009,0,6,68.2,0.31100510328683184,-0.4800973519782074,6,4,0.8571428571428571,0,5,2,0
861,JUHUNMSGGHNUAX-NIHWJDNZSA-N,498.75200000000035,5.515000000000006,1,5,62.13000000000001,0.18591586312337485,-0.48009018959221295,5,4,0.8709677419354839,0,5,2,0
862,JUHUNMSGGHNUAX-NIHWJDNZSA-N,498.7520000000004,5.515000000000006,1,5,62.13000000000001,0.188577031826106,-0.479905344347699,5,2,0.8709677419354839,0,5,2,0
863,JUHUNMSGGHNUAX-NIHWJDNZSA-N,456.67100000000033,4.488800000000004,1,5,62.13000000000001,0.1797814717744846,-0.48051091263796075,5,2,0.8571428571428571,0,5,2,0
1560,KGZFSYDNYXKFSD-UHFFFAOYSA-N,443.63500000000016,5.314500000000006,0,3,20.64,0.1195386493656186,-0.49357621542735475,4,10,0.4482758620689655,3,4,2,0
2062,KGZFSYDNYXKFSD-UHFFFAOYSA-N,420.5530000000001,5.415800000000005,1,4,54.56,0.35425642892852965,-0.4935762155829446,5,9,0.4230769230769231,3,4,1,0
2063,KGZFSYDNYXKFSD-UHFFFAOYSA-N,417.5970000000001,5.514700000000006,2,3,40.29,0.11953841586816727,-0.493576217329782,4,11,0.4074074074074074,3,4,2,0
2064,KGZFSYDNYXKFSD-UHFFFAOYSA-N,415.5810000000001,4.961900000000004,2,3,40.29,0.11953841586818642,-0.493576217329782,4,10,0.4074074074074074,3,4,2,0
2066,KGZFSYDNYXKFSD-UHFFFAOYSA-N,457.6620000000002,5.622920000000006,0,3,20.64,0.1195386493656186,-0.49357621542735475,4,10,0.4666666666666667,3,4,2,0
3351,LNVQBBHYPGFSMX-UHFFFAOYSA-N,329.35900000000004,4.250600000000002,3,4,74.25,0.2741359168565577,-0.3544180816641871,5,3,0.0,4,4,2,0
3352,LNVQBBHYPGFSMX-UHFFFAOYSA-N,347.34900000000005,4.389700000000002,3,4,74.25,0.2741359168565577,-0.35441666421353796,6,3,0.0,4,4,2,0
3353,LNVQBBHYPGFSMX-UHFFFAOYSA-N,408.25500000000005,5.013100000000002,3,4,74.25,0.2741359168565577,-0.3544175437980517,6,3,0.0,4,4,2,0
3354,LNVQBBHYPGFSMX-UHFFFAOYSA-N,413.3550000000001,5.149200000000002,3,5,83.48,0.5725966710294498,-0.40577294639160477,9,4,0.047619047619047616,4,4,2,0
3356,LNVQBBHYPGFSMX-UHFFFAOYSA-N,419.4370000000002,4.276400000000002,3,7,101.94000000000001,0.27413591685655786,-0.4926312510598938,8,6,0.13043478260869565,4,4,2,0
2544,MPSGBKPMPBBJKL-UHFFFAOYSA-N,376.50500000000005,4.295300000000003,1,4,38.03,0.1833040513765359,-0.49671249238732884,5,7,0.18181818181818182,4,4,1,1
2545,MPSGBKPMPBBJKL-UHFFFAOYSA-N,394.49500000000006,4.434400000000004,1,4,38.03,0.1833040513765359,-0.49671249238732884,6,7,0.18181818181818182,4,4,1,1
2546,MPSGBKPMPBBJKL-UHFFFAOYSA-N,412.48500000000007,4.573500000000004,1,4,38.03,0.1833040513765359,-0.49671249238732884,7,7,0.18181818181818182,4,4,1,1
2547,MPSGBKPMPBBJKL-UHFFFAOYSA-N,382.45900000000006,4.564900000000003,1,3,28.8,0.183303522866258,-0.3611545543743912,6,6,0.14285714285714285,4,4,1,1
2548,MPSGBKPMPBBJKL-UHFFFAOYSA-N,409.466,4.334000000000004,1,5,71.94,0.27049833304644366,-0.36115453873321923,8,7,0.14285714285714285,4,4,2,1
4491,MRZODELYPSRORZ-UHFFFAOYSA-N,375.493,5.755000000000005,0,3,29.54,0.2659831705460752,-0.45536482138851125,4,2,0.2608695652173913,3,5,1,0
4492,MRZODELYPSRORZ-UHFFFAOYSA-N,409.938,6.408400000000005,0,3,29.54,0.2659831830852409,-0.45536482133618783,5,2,0.2608695652173913,3,5,1,0
4493,MRZODELYPSRORZ-UHFFFAOYSA-N,405.5190000000001,5.763600000000005,0,4,38.769999999999996,0.2659832038051754,-0.4967658863163779,5,3,0.2916666666666667,3,5,1,0
4494,MRZODELYPSRORZ-UHFFFAOYSA-N,409.938,6.408400000000005,0,3,29.54,0.26598317058549037,-0.4553648064393526,5,2,0.2608695652173913,3,5,1,0
4495,MRZODELYPSRORZ-UHFFFAOYSA-N,439.96400000000017,6.417000000000005,0,4,38.769999999999996,0.2659832038445907,-0.4967658863163779,6,3,0.2916666666666667,3,5,1,0
3367,NTTPNUSGRGVLEU-UHFFFAOYSA-N,523.6340000000004,4.472700000000004,2,7,110.44000000000001,0.2639304740927467,-0.47647657139484706,10,10,0.4074074074074074,3,5,3,0
3368,NTTPNUSGRGVLEU-UHFFFAOYSA-N,523.6340000000004,4.472700000000004,2,7,110.44000000000001,0.2639304740927467,-0.47647657139484706,10,10,0.4074074074074074,3,5,3,0
3369,NTTPNUSGRGVLEU-UHFFFAOYSA-N,540.0890000000002,4.987000000000005,2,7,110.44000000000001,0.2639304740927467,-0.47647657139484706,10,10,0.4074074074074074,3,5,3,0
3371,NTTPNUSGRGVLEU-UHFFFAOYSA-N,523.6340000000004,4.472700000000004,2,7,110.44000000000001,0.2639304740927467,-0.47647657139484706,10,10,0.4074074074074074,3,5,3,0
3372,NTTPNUSGRGVLEU-UHFFFAOYSA-N,505.6440000000004,4.333600000000004,2,7,110.44000000000001,0.2639304740927467,-0.47647657139484706,9,10,0.4074074074074074,3,5,3,0
2113,PBAJMQUCTXHZRY-UHFFFAOYSA-N,503.59500000000025,5.776800000000005,0,7,70.37,0.20384129540047055,-0.4936001692651318,7,12,0.3,4,4,1,0
2114,PBAJMQUCTXHZRY-UHFFFAOYSA-N,517.6220000000004,6.166900000000006,0,7,70.37,0.20384129540047055,-0.4936001692583827,7,13,0.3225806451612903,4,4,1,0
2115,PBAJMQUCTXHZRY-UHFFFAOYSA-N,533.6210000000003,5.785400000000006,0,8,79.60000000000001,0.20384129540047055,-0.49642593222474257,8,13,0.3225806451612903,4,4,1,0
2116,PBAJMQUCTXHZRY-UHFFFAOYSA-N,547.6480000000004,6.175500000000007,0,8,79.60000000000001,0.20384129540047055,-0.4964259304658537,8,14,0.34375,4,4,1,0
2119,PBAJMQUCTXHZRY-UHFFFAOYSA-N,533.6210000000003,5.872500000000006,1,8,90.60000000000001,0.20361119558006127,-0.5035512179604762,8,13,0.3225806451612903,4,4,1,0
303,RNBBYLHKCNHDMC-UHFFFAOYSA-N,466.53000000000026,3.4364000000000026,2,7,106.20000000000002,0.3428117784856301,-0.49676778655257925,7,2,0.48148148148148145,2,5,0,0
312,RNBBYLHKCNHDMC-UHFFFAOYSA-N,496.5560000000003,3.445000000000002,2,8,115.43000000000002,0.34281179588821337,-0.49286952536220613,8,3,0.5,2,5,0,0
313,RNBBYLHKCNHDMC-UHFFFAOYSA-N,526.5820000000003,3.4536000000000024,2,9,124.66000000000003,0.3428118133022328,-0.49268994560248586,9,4,0.5172413793103449,2,5,0,0
614,RNBBYLHKCNHDMC-UHFFFAOYSA-N,556.6080000000004,3.4277000000000024,2,10,133.89000000000001,0.3428118133025664,-0.50028892107384,10,5,0.5333333333333333,2,5,0,0
2263,RNBBYLHKCNHDMC-UHFFFAOYSA-N,512.5550000000004,3.150600000000002,3,9,135.66000000000003,0.34281181330221966,-0.5016991838271359,9,3,0.5,2,5,0,0
447,SQXQVLHHMMAJIL-UHFFFAOYSA-N,234.7299999999999,3.7596000000000025,0,2,15.6,0.10508559661394433,-0.35563366979164207,3,0,0.46153846153846156,1,3,2,0
451,SQXQVLHHMMAJIL-UHFFFAOYSA-N,234.7299999999999,3.7596000000000025,0,2,15.6,0.10515000698014056,-0.35563276501263835,3,0,0.46153846153846156,1,3,2,0
460,SQXQVLHHMMAJIL-UHFFFAOYSA-N,234.7299999999999,3.7596000000000025,0,2,15.6,0.10508747174260348,-0.35557848585503327,3,0,0.46153846153846156,1,3,2,0
467,SQXQVLHHMMAJIL-UHFFFAOYSA-N,234.7299999999999,3.7596000000000025,0,2,15.6,0.10508662080653387,-0.3556345731195134,3,0,0.46153846153846156,1,3,2,0
470,SQXQVLHHMMAJIL-UHFFFAOYSA-N,200.28499999999994,3.106200000000001,0,2,15.6,0.10508557384436933,-0.35563459453530466,2,0,0.46153846153846156,1,3,2,0
497,XDGMPBUKARQUCK-UHFFFAOYSA-N,307.437,4.561700000000004,0,2,20.310000000000002,0.1623828317585526,-0.29906439949561414,2,6,0.38095238095238093,2,3,1,0
2084,XDGMPBUKARQUCK-UHFFFAOYSA-N,386.9230000000001,4.805900000000004,1,4,55.56,0.16616232751006205,-0.4959186443259287,5,7,0.4090909090909091,2,3,2,0
3141,XDGMPBUKARQUCK-UHFFFAOYSA-N,418.92100000000016,4.217100000000004,3,6,96.02000000000001,0.16616232751006205,-0.5042598840920817,7,7,0.4090909090909091,2,3,2,0
3142,XDGMPBUKARQUCK-UHFFFAOYSA-N,432.94800000000026,4.520100000000005,2,6,85.02000000000001,0.16616232751006205,-0.5042545954710561,7,8,0.43478260869565216,2,3,2,0
3925,XDGMPBUKARQUCK-UHFFFAOYSA-N,488.0280000000003,5.256400000000005,1,6,85.10000000000001,0.41445415344947933,-0.4959186443259287,8,9,0.46153846153846156,2,3,3,0
4085,YYHRZDBSUJQRKI-FXAWDEMLSA-N,406.5950000000001,5.789620000000006,1,4,32.34,0.1974625233800934,-0.38439439113740703,4,4,0.48,3,5,2,0
4146,YYHRZDBSUJQRKI-FXAWDEMLSA-N,422.5940000000001,5.495220000000006,2,5,52.57000000000001,0.19760053812763945,-0.5079400634057416,5,4,0.48,3,5,2,0
4147,YYHRZDBSUJQRKI-FXAWDEMLSA-N,436.6210000000004,5.798220000000005,1,5,41.57,0.19760066398344844,-0.496741641436305,5,5,0.5,3,5,2,0
4148,YYHRZDBSUJQRKI-FXAWDEMLSA-N,467.59100000000046,5.398000000000004,1,7,84.71000000000001,0.28689960683512894,-0.4967416414355514,8,6,0.48,3,5,3,0
4150,YYHRZDBSUJQRKI-FXAWDEMLSA-N,437.6090000000004,5.072000000000004,2,6,67.59,0.19767038666455186,-0.49674164143609767,6,5,0.48,3,5,3,0
1310,YYNNNHICPRTURU-UHFFFAOYSA-N,454.6180000000003,5.926100000000005,3,3,69.81,0.2198304253132831,-0.384221744667669,5,10,0.3793103448275862,4,5,2,0
1311,YYNNNHICPRTURU-UHFFFAOYSA-N,489.0630000000003,6.579500000000006,3,3,69.81,0.2198304253132831,-0.38422173344552935,6,10,0.3793103448275862,4,5,2,0
3163,YYNNNHICPRTURU-UHFFFAOYSA-N,499.65900000000033,4.871900000000003,4,5,105.06,0.23676083954854793,-0.4967417642993277,7,11,0.4,4,5,3,0
3170,YYNNNHICPRTURU-UHFFFAOYSA-N,504.0780000000004,5.5167000000000055,4,4,95.83,0.23676083954854787,-0.38422173344552923,7,10,0.3793103448275862,4,5,3,0
3177,YYNNNHICPRTURU-UHFFFAOYSA-N,469.6330000000003,4.863300000000005,4,4,95.83,0.23676083954854787,-0.384221744667669,6,10,0.3793103448275862,4,5,3,0
3285,ZUPHSZUUVUZQJL-UHFFFAOYSA-N,488.5510000000002,4.528920000000003,2,6,109.63,0.23737339534363674,-0.35090384348320197,8,4,0.20689655172413793,5,7,2,0
3286,ZUPHSZUUVUZQJL-UHFFFAOYSA-N,488.5510000000003,4.528920000000003,2,6,109.63,0.2373732272385771,-0.35090384348320197,8,4,0.20689655172413793,5,7,2,0
3287,ZUPHSZUUVUZQJL-UHFFFAOYSA-N,504.5500000000002,4.2291000000000025,2,7,118.86,0.23751285482350157,-0.49646039454884616,9,5,0.20689655172413793,5,7,2,0
3288,ZUPHSZUUVUZQJL-UHFFFAOYSA-N,504.5500000000002,4.2291000000000025,2,7,118.86,0.23737556949498229,-0.49675772378827754,9,5,0.20689655172413793,5,7,2,0
3289,ZUPHSZUUVUZQJL-UHFFFAOYSA-N,504.5500000000002,4.2291000000000025,2,7,118.86,0.23737326145365892,-0.49676821553415684,9,5,0.20689655172413793,5,7,2,0
443,__NO_SCAFFOLD__,234.38499999999996,2.752600000000001,0,3,26.3,0.36700741479796284,-0.4515812563383885,4,7,0.9090909090909091,0,0,1,1
911,__NO_SCAFFOLD__,258.4939999999999,3.5196000000000023,0,0,0.0,0.07799282789641779,-0.33091481901968084,2,11,1.0,0,0,2,2
1030,__NO_SCAFFOLD__,184.147,2.9140000000000015,0,3,35.53,0.5130843543524137,-0.2808244266140085,5,4,1.0,0,0,0,0
2171,__NO_SCAFFOLD__,184.23499999999996,1.7345,2,2,57.53,0.3277992299711478,-0.4780738583820518,3,6,0.5,0,0,0,0
2240,__NO_SCAFFOLD__,220.976,2.6804000000000006,0,4,44.760000000000005,0.5285168258770697,-0.40942829506140305,7,4,0.5,0,0,0,0
1495,ABKDUSYLKSLQKV-LETNVAMUSA-N,500.7930000000003,5.675400000000007,1,5,52.900000000000006,0.13999956679364464,-0.39273504906159845,5,3,0.9333333333333333,0,6,2,0
1496,ABKDUSYLKSLQKV-LETNVAMUSA-N,486.76600000000036,5.333200000000005,2,5,61.69,0.13999956572313066,-0.3927351863564444,5,3,0.9310344827586207,0,6,2,0
1497,ABKDUSYLKSLQKV-LETNVAMUSA-N,528.8030000000003,5.5921000000000065,1,5,69.97,0.21893557017758125,-0.3927152453496646,6,3,0.9032258064516129,0,6,2,0
1499,ABKDUSYLKSLQKV-LETNVAMUSA-N,586.8830000000003,6.9807000000000095,1,6,79.2,0.40977127066282165,-0.44368906883770887,7,3,0.9117647058823529,0,6,2,0
3881,AEFUUWFATZZAGD-UHFFFAOYSA-N,282.387,3.2586200000000023,0,3,25.360000000000003,0.072606011353142,-0.37777781129151655,3,1,0.5,2,4,1,0
3884,AEFUUWFATZZAGD-UHFFFAOYSA-N,328.41200000000015,2.9674000000000014,0,5,43.82000000000001,0.16241263946393103,-0.49284312035584144,5,3,0.5263157894736842,2,4,1,0
3885,AEFUUWFATZZAGD-UHFFFAOYSA-N,313.3570000000001,2.8584000000000014,0,5,68.5,0.2697584114749729,-0.37777781129105337,6,2,0.47058823529411764,2,4,2,0
3898,AEFUUWFATZZAGD-UHFFFAOYSA-N,325.4120000000001,2.9086000000000016,1,4,54.46000000000001,0.22074776112374705,-0.37777781129138915,5,2,0.47368421052631576,2,4,2,0
3373,DCXHXENQMQMNRB-UHFFFAOYSA-N,491.61700000000036,3.943500000000003,2,7,110.44000000000001,0.2639304756517676,-0.47619048713669,9,9,0.38461538461538464,3,5,3,0
3374,DCXHXENQMQMNRB-UHFFFAOYSA-N,550.6410000000003,4.112400000000004,2,9,139.59,0.2692476524712408,-0.4761903984627089,12,10,0.4074074074074074,3,5,4,0
3375,DCXHXENQMQMNRB-UHFFFAOYSA-N,523.6340000000004,4.343300000000004,2,7,96.45,0.2662534948876538,-0.47619039846270866,10,9,0.4074074074074074,3,5,3,0
3376,DCXHXENQMQMNRB-UHFFFAOYSA-N,505.6440000000004,4.204200000000004,2,7,96.45,0.2662534948876538,-0.4761903984627089,9,9,0.4074074074074074,3,5,3,0
1020,FGUGVXFFERMMID-ONNCBLDTSA-N,356.46900000000016,4.823000000000005,1,2,45.22,0.24763065363713305,-0.3258164251625084,3,3,0.25,2,4,1,0
1021,FGUGVXFFERMMID-ONNCBLDTSA-N,426.6040000000003,6.7735000000000065,1,2,45.22,0.24763065363715536,-0.32581642515604287,3,7,0.3793103448275862,2,4,1,0
1022,FGUGVXFFERMMID-ONNCBLDTSA-N,370.49600000000015,5.213100000000006,1,2,45.22,0.24763065363715536,-0.3258164251560555,3,3,0.28,2,4,1,0
1023,FGUGVXFFERMMID-ONNCBLDTSA-N,399.5380000000002,4.889000000000004,1,3,48.46,0.24763065363713305,-0.377660909889278,4,4,0.3076923076923077,2,4,2,0
1681,FOCJBBQDZCIPRW-CQSZACIVSA-N,399.87800000000016,3.9524000000000026,1,6,87.33,0.33791446085548493,-0.4625106207040264,7,3,0.38095238095238093,2,4,1,0
1682,FOCJBBQDZCIPRW-CQSZACIVSA-N,444.3290000000002,4.061500000000002,1,6,87.33,0.3379142176605794,-0.46251062204596405,7,3,0.38095238095238093,2,4,1,0
1683,FOCJBBQDZCIPRW-CQSZACIVSA-N,395.45900000000023,3.3076000000000016,1,7,96.56,0.3379160855127515,-0.4807650054086656,7,4,0.4090909090909091,2,4,1,0
1694,FOCJBBQDZCIPRW-CQSZACIVSA-N,365.43300000000016,3.299000000000002,1,6,87.33,0.3379134671670514,-0.46251062617923866,6,3,0.38095238095238093,2,4,1,0
4255,FTDKCSONXJICST-UHFFFAOYSA-N,488.6760000000003,6.497100000000007,2,5,66.49,0.41210062685039084,-0.41034712385340777,6,11,0.4666666666666667,3,4,3,0
4257,FTDKCSONXJICST-UHFFFAOYSA-N,506.6660000000003,6.636200000000007,2,5,66.49,0.41210062685039084,-0.41034712385340777,7,11,0.4666666666666667,3,4,3,0
4259,FTDKCSONXJICST-UHFFFAOYSA-N,523.1210000000003,7.150500000000008,2,5,66.49,0.41210062685039084,-0.41034712385340777,7,11,0.4666666666666667,3,4,3,0
4261,FTDKCSONXJICST-UHFFFAOYSA-N,567.5720000000001,7.259600000000008,2,5,66.49,0.41210062685039084,-0.41034712385340777,7,11,0.4666666666666667,3,4,3,0
3674,FYRFGJSXHGSSRA-UHFFFAOYSA-N,421.5250000000001,6.409100000000004,0,3,38.13,0.2329102081374945,-0.33985924059140193,5,3,0.07692307692307693,5,6,1,0
3675,FYRFGJSXHGSSRA-UHFFFAOYSA-N,439.5150000000001,6.548200000000004,0,3,38.13,0.23291020813768518,-0.33985643808911975,6,3,0.07692307692307693,5,6,1,0
3676,FYRFGJSXHGSSRA-UHFFFAOYSA-N,435.5520000000001,6.717520000000003,0,3,38.13,0.23291020813751312,-0.33985897070315463,5,3,0.1111111111111111,5,6,1,0
3677,FYRFGJSXHGSSRA-UHFFFAOYSA-N,451.5510000000001,6.4177000000000035,0,4,47.36000000000001,0.23291020813774926,-0.4967427537410796,6,4,0.1111111111111111,5,6,1,0
3678,FYRFGJSXHGSSRA-UHFFFAOYSA-O,436.5600000000001,5.838600000000005,0,2,29.119999999999997,0.2329102083162488,-0.3395806270582542,5,3,0.1111111111111111,5,6,1,1
3679,FYRFGJSXHGSSRA-UHFFFAOYSA-O,454.5500000000001,5.977700000000004,0,2,29.119999999999997,0.23291020831643958,-0.33957782301002076,6,3,0.1111111111111111,5,6,1,1
3680,FYRFGJSXHGSSRA-UHFFFAOYSA-O,450.5870000000001,6.147020000000005,0,2,29.119999999999997,0.23291020831626746,-0.33958035702163497,5,3,0.14285714285714285,5,6,1,1
3681,FYRFGJSXHGSSRA-UHFFFAOYSA-O,466.5860000000001,5.847200000000005,0,3,38.35,0.23291020831650366,-0.49674272922110047,6,4,0.14285714285714285,5,6,1,1
516,GJQFJYAVSJYAOW-UHFFFAOYSA-N,342.4830000000002,3.9459000000000035,0,3,32.78,0.41471766570776175,-0.410198885482572,4,6,0.5714285714285714,1,2,2,0
524,GJQFJYAVSJYAOW-UHFFFAOYSA-N,342.4830000000002,3.9459000000000035,0,3,32.78,0.41471766570776175,-0.410198885482572,4,6,0.5714285714285714,1,2,2,0
545,GJQFJYAVSJYAOW-UHFFFAOYSA-N,342.4830000000002,3.9459000000000035,0,3,32.78,0.41471766570776175,-0.410198885482572,4,6,0.5714285714285714,1,2,2,0
546,GJQFJYAVSJYAOW-UHFFFAOYSA-N,328.4560000000002,3.6037000000000026,1,3,41.57,0.41471766570775503,-0.4101988854866284,4,6,0.55,1,2,2,0
1314,GQBWHZBWCYHEEM-UHFFFAOYSA-N,531.1440000000002,7.749800000000008,3,3,69.81,0.2198304252810391,-0.3842217428151369,6,13,0.4375,4,5,2,0
3166,GQBWHZBWCYHEEM-UHFFFAOYSA-N,541.7400000000001,6.042200000000005,4,5,105.06,0.23676083951629745,-0.4967417642993277,7,14,0.45454545454545453,4,5,3,0
3173,GQBWHZBWCYHEEM-UHFFFAOYSA-N,546.1590000000002,6.6870000000000065,4,4,95.83,0.2367608395162974,-0.3842217428151369,7,13,0.4375,4,5,3,0
3179,GQBWHZBWCYHEEM-UHFFFAOYSA-N,511.71400000000045,6.033600000000006,4,4,95.83,0.2367608395162974,-0.3842217540372765,6,13,0.4375,4,5,3,0
2420,GWELKBUOZQOQHZ-UHFFFAOYSA-N,358.4340000000001,4.665100000000006,4,5,97.99000000000001,0.16984008941508968,-0.5070514603336534,5,10,0.38095238095238093,2,2,0,0
2421,GWELKBUOZQOQHZ-UHFFFAOYSA-N,342.43500000000006,4.9595000000000065,3,4,77.76,0.16984008941508968,-0.5079666452523371,4,10,0.38095238095238093,2,2,0,0
2422,GWELKBUOZQOQHZ-UHFFFAOYSA-N,326.43600000000004,5.253900000000006,2,3,57.53,0.16984008941508968,-0.5070514603336534,3,10,0.38095238095238093,2,2,0,0
2423,GWELKBUOZQOQHZ-UHFFFAOYSA-N,358.4340000000001,4.665100000000006,4,5,97.99000000000001,0.16984509127658753,-0.5079666452523371,5,10,0.38095238095238093,2,2,0,0
4230,GWKUFDSPVUIGEP-UHFFFAOYSA-N,364.4490000000002,2.9692000000000016,0,6,50.72000000000001,0.16241566872489438,-0.492842070365072,6,5,0.3333333333333333,3,4,2,0
4234,GWKUFDSPVUIGEP-UHFFFAOYSA-N,398.8940000000002,3.622600000000003,0,6,50.72000000000001,0.16241566872489438,-0.492842070365072,7,5,0.3333333333333333,3,4,2,0
4236,GWKUFDSPVUIGEP-UHFFFAOYSA-N,382.4390000000002,3.1083000000000016,0,6,50.72000000000001,0.16241566872489438,-0.492842070365072,7,5,0.3333333333333333,3,4,2,0
4237,GWKUFDSPVUIGEP-UHFFFAOYSA-N,378.47600000000017,3.2776200000000015,0,6,50.72000000000001,0.16241566872489438,-0.492842070365072,6,5,0.36363636363636365,3,4,2,0
2345,GYYXDEWHRCMDIO-UHFFFAOYSA-N,342.2900000000001,0.07407999999999976,3,7,137.32,0.3111841030694107,-0.38416749053450594,10,1,0.2,1,4,6,0
2349,GYYXDEWHRCMDIO-UHFFFAOYSA-N,369.29700000000014,-0.15681999999999952,3,9,180.45999999999998,0.311186856836563,-0.38416749046502885,12,2,0.2,1,4,7,0
2353,GYYXDEWHRCMDIO-UHFFFAOYSA-N,338.32700000000006,0.24339999999999995,3,7,137.32,0.31118238940420273,-0.3841674905770218,9,1,0.25,1,4,6,0
2357,GYYXDEWHRCMDIO-UHFFFAOYSA-N,324.30000000000007,-0.06501999999999963,3,7,137.32,0.3111822068243207,-0.3841674905816149,9,1,0.2,1,4,6,0
1487,HAXCSBJTTMWOMN-UHFFFAOYSA-N,326.44000000000005,4.028800000000003,1,3,41.57,0.412319493057459,-0.410341333041005,4,6,0.35,2,2,2,0
1488,HAXCSBJTTMWOMN-UHFFFAOYSA-N,326.44000000000005,4.028800000000003,1,3,41.57,0.412319493057459,-0.410341333041005,4,6,0.35,2,2,2,0
1489,HAXCSBJTTMWOMN-UHFFFAOYSA-N,340.46700000000004,4.371000000000004,0,3,32.78,0.41471886891097126,-0.41019781053527515,4,6,0.38095238095238093,2,2,2,0
1490,HAXCSBJTTMWOMN-UHFFFAOYSA-N,340.46700000000004,4.371000000000004,0,3,32.78,0.41471886891097137,-0.4101978105352751,4,6,0.38095238095238093,2,2,2,0
794,HJVWJYJVIPHSPH-UHFFFAOYSA-N,387.47900000000016,5.237200000000005,0,4,42.68,0.20002698534531002,-0.49345596499459576,4,8,0.24,4,4,1,0
1195,HJVWJYJVIPHSPH-UHFFFAOYSA-N,460.53000000000014,4.955400000000005,1,6,81.01,0.4118385023618466,-0.49345596499459576,7,9,0.25925925925925924,4,4,2,0
1196,HJVWJYJVIPHSPH-UHFFFAOYSA-N,530.6650000000004,6.905900000000008,1,6,81.01,0.41210062548501647,-0.49345596499459576,7,14,0.375,4,4,2,0
1662,HJVWJYJVIPHSPH-UHFFFAOYSA-N,544.6920000000005,7.296000000000008,1,6,81.01,0.4121006254850256,-0.49345596499459576,7,15,0.3939393939393939,4,4,2,0
3135,HQDPUZWRGZJKEA-UHFFFAOYSA-N,418.5810000000002,5.9637000000000056,1,4,43.38,0.11837775898408974,-0.4967682187567944,4,11,0.4444444444444444,3,4,1,0
3136,HQDPUZWRGZJKEA-UHFFFAOYSA-N,448.60700000000026,5.972300000000006,1,5,52.61,0.1604880513109754,-0.49286997862132514,5,12,0.4642857142857143,3,4,1,0
3139,HQDPUZWRGZJKEA-UHFFFAOYSA-N,404.5540000000002,5.660700000000005,2,4,54.38,0.11509486334732258,-0.5079666451601262,4,10,0.4230769230769231,3,4,1,0
3140,HQDPUZWRGZJKEA-UHFFFAOYSA-N,420.5530000000002,5.366300000000005,3,5,74.61,0.15716366907168908,-0.5042598930740492,5,10,0.4230769230769231,3,4,1,0
3775,ITHXOKQJEXLMKO-GXDHUFHOSA-N,365.47300000000007,4.368000000000004,0,4,38.77,0.1892955935989282,-0.4928585846027478,4,7,0.34782608695652173,2,3,1,0
3777,ITHXOKQJEXLMKO-GXDHUFHOSA-N,305.42100000000005,4.350800000000004,0,2,20.310000000000002,0.18915320065996824,-0.2996335742677312,2,5,0.2857142857142857,2,3,1,0
3779,ITHXOKQJEXLMKO-GXDHUFHOSA-N,335.44700000000006,4.3594000000000035,0,3,29.54,0.1891578011958177,-0.49675697458347484,3,6,0.3181818181818182,2,3,1,0
3782,ITHXOKQJEXLMKO-GXDHUFHOSA-N,335.44700000000006,4.3594000000000035,0,3,29.54,0.18929080798805295,-0.4967430524114591,3,6,0.3181818181818182,2,3,1,0
3776,ITHXOKQJEXLMKO-UHFFFAOYSA-N,365.47300000000007,4.368000000000004,0,4,38.77,0.1892955935989282,-0.4928585846027478,4,7,0.34782608695652173,2,3,1,0
3778,ITHXOKQJEXLMKO-UHFFFAOYSA-N,305.42100000000005,4.350800000000004,0,2,20.310000000000002,0.18915320065996824,-0.2996335742677312,2,5,0.2857142857142857,2,3,1,0
3780,ITHXOKQJEXLMKO-UHFFFAOYSA-N,335.44700000000006,4.3594000000000035,0,3,29.54,0.1891578011958177,-0.49675697458347484,3,6,0.3181818181818182,2,3,1,0
3783,ITHXOKQJEXLMKO-UHFFFAOYSA-N,335.44700000000006,4.3594000000000035,0,3,29.54,0.18929080798805295,-0.4967430524114591,3,6,0.3181818181818182,2,3,1,0
3363,JNJOUIZDUSOAGG-UHFFFAOYSA-N,537.6610000000003,4.8628000000000045,2,7,110.44000000000001,0.26393047408679254,-0.4764875255511956,10,11,0.42857142857142855,3,5,3,0
3364,JNJOUIZDUSOAGG-UHFFFAOYSA-N,537.6610000000003,4.8628000000000045,2,7,110.44000000000001,0.26393047408679254,-0.4764875255511956,10,11,0.42857142857142855,3,5,3,0
3365,JNJOUIZDUSOAGG-UHFFFAOYSA-N,537.6610000000003,4.8628000000000045,2,7,110.44000000000001,0.26393047408679254,-0.4764875255511956,10,11,0.42857142857142855,3,5,3,0
3366,JNJOUIZDUSOAGG-UHFFFAOYSA-N,519.6710000000004,4.7237000000000045,2,7,110.44000000000001,0.26393047408679254,-0.4764875255511956,9,11,0.42857142857142855,3,5,3,0
2335,KJMYCLYQDKTXBQ-UHFFFAOYSA-N,373.3720000000001,1.7224799999999996,2,7,125.28999999999999,0.30946886545900626,-0.3841692943957844,8,1,0.2,2,5,5,0
2336,KJMYCLYQDKTXBQ-UHFFFAOYSA-N,401.42600000000016,2.35858,2,7,125.28999999999999,0.30946956857559815,-0.3841690199729388,8,1,0.2727272727272727,2,5,5,0
2339,KJMYCLYQDKTXBQ-UHFFFAOYSA-N,531.1640000000001,3.2474800000000013,2,7,125.28999999999999,0.3094688825164819,-0.38416929439568664,10,1,0.2,2,5,5,0
2340,KJMYCLYQDKTXBQ-UHFFFAOYSA-N,559.218,3.883580000000003,2,7,125.28999999999999,0.30946958563307386,-0.384169019972841,10,1,0.2727272727272727,2,5,5,0
1742,KPVTZSGWKGUMLH-JYFOCSDGSA-N,419.3930000000002,3.567300000000002,0,6,123.66000000000003,0.26952240526970556,-0.33022983056385674,9,5,0.09090909090909091,2,3,3,0
1743,KPVTZSGWKGUMLH-JYFOCSDGSA-N,389.45100000000014,3.7681000000000022,0,4,55.84,0.2460618885051156,-0.49613697514866717,5,5,0.16666666666666666,2,3,1,0
1926,KPVTZSGWKGUMLH-JYFOCSDGSA-N,479.6170000000003,5.469100000000005,1,6,66.02000000000001,0.18712588182718146,-0.34868211989304887,6,12,0.41379310344827586,2,3,1,0
1927,KPVTZSGWKGUMLH-JYFOCSDGSA-N,493.6440000000003,5.811300000000006,0,6,57.230000000000004,0.18714187071566332,-0.34868211989304887,6,12,0.43333333333333335,2,3,1,0
2835,KWDIMUXCEPISSB-UHFFFAOYSA-N,266.29999999999995,2.1112,2,2,58.2,0.2551577873092436,-0.35172701037972925,4,2,0.125,2,3,2,0
2836,KWDIMUXCEPISSB-UHFFFAOYSA-N,300.74500000000006,2.7646000000000006,2,2,58.2,0.25521136904998526,-0.35172701037972925,5,2,0.125,2,3,2,0
2837,KWDIMUXCEPISSB-UHFFFAOYSA-N,280.32700000000006,2.41962,2,2,58.2,0.25516783014346117,-0.35172701037972925,4,2,0.17647058823529413,2,3,2,0
2838,KWDIMUXCEPISSB-UHFFFAOYSA-N,296.3260000000001,2.1197999999999997,2,3,67.43,0.2589240024307395,-0.49592423962340293,5,3,0.17647058823529413,2,3,2,0
2829,LBDRAYNINOXQIR-UHFFFAOYSA-N,340.45200000000017,2.9406000000000008,3,4,72.2,0.17221194747136648,-0.496768193774331,6,2,0.3333333333333333,2,4,3,0
2830,LBDRAYNINOXQIR-UHFFFAOYSA-N,340.4520000000002,2.9406000000000008,3,4,72.2,0.1722119643595675,-0.49675635791448947,6,2,0.3333333333333333,2,4,3,0
2832,LBDRAYNINOXQIR-UHFFFAOYSA-N,344.87100000000015,3.585400000000001,3,3,62.97,0.17221194739175338,-0.3980440786278339,6,1,0.29411764705882354,2,4,3,0
2833,LBDRAYNINOXQIR-UHFFFAOYSA-N,389.3220000000002,3.6945000000000014,3,3,62.97,0.17221195218641358,-0.3980440786111697,6,1,0.29411764705882354,2,4,3,0
2021,LBOYVYBBAFDIGX-NDEPHWFRSA-N,595.7880000000001,7.045400000000007,3,5,99.35,0.4108412539174255,-0.44366478132323317,8,9,0.4722222222222222,4,6,3,0
2022,LBOYVYBBAFDIGX-NDEPHWFRSA-N,495.6710000000004,5.397900000000004,4,4,81.84,0.23699331826636583,-0.38422175400150255,6,9,0.41935483870967744,4,6,3,0
2023,LBOYVYBBAFDIGX-NDEPHWFRSA-N,609.8150000000003,7.606400000000008,3,5,99.35000000000001,0.41104860573581997,-0.44365913840201354,8,9,0.4864864864864865,4,6,3,0
2024,LBOYVYBBAFDIGX-NDEPHWFRSA-N,509.6980000000003,5.958900000000005,4,4,81.84,0.23700148256276923,-0.38422175400150255,6,9,0.4375,4,6,3,0
2206,LLPHDNIUYBFXKR-UHFFFAOYSA-N,649.3670000000002,11.736199999999984,2,4,49.84,0.0740626765426433,-0.3842217540372765,5,15,0.5238095238095238,4,7,2,0
2207,LLPHDNIUYBFXKR-UHFFFAOYSA-N,683.8120000000001,12.38959999999998,2,4,49.84,0.0740626765426433,-0.384221742815137,6,15,0.5238095238095238,4,7,2,0
2209,LLPHDNIUYBFXKR-UHFFFAOYSA-N,614.922,11.08279999999999,2,4,49.84,0.0725797656332344,-0.3842217540372765,4,15,0.5238095238095238,4,7,2,0
2211,LLPHDNIUYBFXKR-UHFFFAOYSA-N,649.367,11.736199999999986,2,4,49.84,0.07406182474386742,-0.384221742815137,5,15,0.5238095238095238,4,7,2,0
1747,LRFVTYWOQMYALW-UHFFFAOYSA-N,306.366,1.0659999999999998,0,4,78.89000000000001,0.3319688586343157,-0.32474148250724505,7,7,0.6,2,2,0,0
1748,LRFVTYWOQMYALW-UHFFFAOYSA-N,278.31200000000007,0.19300000000000006,0,4,78.89,0.3319688564518087,-0.3278633112499939,7,5,0.5384615384615384,2,2,0,0
1749,LRFVTYWOQMYALW-UHFFFAOYSA-N,194.194,-1.0293,0,3,61.82,0.3317034326359889,-0.3278634660994821,6,0,0.375,2,2,0,0
1750,LRFVTYWOQMYALW-UHFFFAOYSA-N,152.113,-1.0605000000000004,3,3,94.4,0.32688048486521115,-0.33053725143276047,6,0,0.0,2,2,0,0
3703,MAPUWPDSUZHELW-UHFFFAOYSA-N,485.58800000000025,4.368400000000003,2,6,96.44999999999999,0.25539693927848545,-0.49160731221714277,8,9,0.35714285714285715,3,5,3,0
3704,MAPUWPDSUZHELW-UHFFFAOYSA-N,503.57800000000026,4.507500000000004,2,6,96.44999999999999,0.25539693927848545,-0.49160731221714254,9,9,0.35714285714285715,3,5,3,0
3705,MAPUWPDSUZHELW-UHFFFAOYSA-N,503.57800000000026,4.507500000000004,2,6,96.44999999999999,0.25539693927848545,-0.49160731221714277,9,9,0.35714285714285715,3,5,3,0
3706,MAPUWPDSUZHELW-UHFFFAOYSA-N,520.0330000000002,5.021800000000004,2,6,96.44999999999999,0.25539693927848545,-0.49160731221714266,9,9,0.35714285714285715,3,5,3,0
2076,MFEJNKBUECDJDU-UHFFFAOYSA-N,352.9060000000001,4.405800000000004,1,4,55.56,0.16616232751003804,-0.4959186443259287,5,8,0.631578947368421,1,2,2,0
4401,MFEJNKBUECDJDU-UHFFFAOYSA-N,318.4610000000001,3.7524000000000024,1,4,55.56,0.16610853417657556,-0.49592052449309265,4,8,0.631578947368421,1,2,2,0
4402,MFEJNKBUECDJDU-UHFFFAOYSA-N,382.3420000000001,4.932700000000005,0,3,29.540000000000003,0.1661464786099496,-0.4959998480100616,4,8,0.631578947368421,1,2,1,0
4403,MFEJNKBUECDJDU-UHFFFAOYSA-N,444.35700000000014,4.357000000000003,1,4,55.56,0.16614664791789405,-0.495919194143878,5,8,0.631578947368421,1,2,2,0
2342,MFQWVVQBTKFUPW-UHFFFAOYSA-N,496.50200000000024,3.460880000000002,3,7,137.32,0.3112033517928215,-0.38415908763891554,10,6,0.1111111111111111,3,5,6,0
2346,MFQWVVQBTKFUPW-UHFFFAOYSA-N,523.5090000000002,3.229980000000001,3,9,180.45999999999998,0.3112061055598672,-0.3841590875694328,12,7,0.1111111111111111,3,5,7,0
2350,MFQWVVQBTKFUPW-UHFFFAOYSA-N,492.53900000000016,3.630200000000002,3,7,137.32,0.3112016381276757,-0.38415908768143486,9,6,0.14285714285714285,3,5,6,0
2354,MFQWVVQBTKFUPW-UHFFFAOYSA-N,478.5120000000002,3.3217800000000013,3,7,137.32,0.31120145554780076,-0.3841590876860283,9,6,0.1111111111111111,3,5,6,0
1668,MUWJXYXJPFUMHC-HXUWFJFHSA-N,403.52600000000024,4.751800000000004,2,5,77.24,0.16161715138844246,-0.49676820958431495,5,2,0.44,2,5,2,0
1669,MUWJXYXJPFUMHC-HXUWFJFHSA-N,387.52700000000027,5.051620000000003,2,4,68.01,0.16161715125394296,-0.39809023193676224,4,1,0.44,2,5,2,0
1670,MUWJXYXJPFUMHC-HXUWFJFHSA-N,391.4900000000002,4.882300000000003,2,4,68.01,0.1616171513520965,-0.3980902319366176,5,1,0.4166666666666667,2,5,2,0
1671,MUWJXYXJPFUMHC-HXUWFJFHSA-N,373.50000000000017,4.743200000000003,2,4,68.01,0.16161715124333925,-0.39809023193677795,4,1,0.4166666666666667,2,5,2,0
961,MUWJXYXJPFUMHC-UHFFFAOYSA-N,373.50000000000017,4.743200000000003,2,4,68.01,0.16161715124333925,-0.39809023193677795,4,1,0.4166666666666667,2,5,2,0
963,MUWJXYXJPFUMHC-UHFFFAOYSA-N,403.52600000000024,4.751800000000004,2,5,77.24,0.16161715138844246,-0.49676820958431495,5,2,0.44,2,5,2,0
964,MUWJXYXJPFUMHC-UHFFFAOYSA-N,387.52700000000027,5.051620000000003,2,4,68.01,0.16161715125394296,-0.39809023193676224,4,1,0.44,2,5,2,0
965,MUWJXYXJPFUMHC-UHFFFAOYSA-N,391.4900000000002,4.882300000000003,2,4,68.01,0.1616171513520965,-0.3980902319366176,5,1,0.4166666666666667,2,5,2,0
1209,NAMHSXVCGWDOCO-UHFFFAOYSA-N,396.44300000000004,3.4121000000000024,1,6,81.01,0.4118385023618466,-0.4934054602308698,7,8,0.2727272727272727,3,3,2,0
1210,NAMHSXVCGWDOCO-UHFFFAOYSA-N,438.52400000000017,4.582400000000004,1,6,81.01,0.4121006241839178,-0.4934054602308698,7,11,0.36,3,3,2,0
1211,NAMHSXVCGWDOCO-UHFFFAOYSA-N,466.5780000000003,5.362600000000006,1,6,81.01,0.41210062548501647,-0.4934054602308698,7,13,0.4074074074074074,3,3,2,0
1661,NAMHSXVCGWDOCO-UHFFFAOYSA-N,424.4970000000001,4.192300000000004,1,6,81.01,0.41210046155468405,-0.4934054602308698,7,10,0.3333333333333333,3,3,2,0
2495,OMUOMODZGKSORV-UVTDQMKNSA-N,278.35099999999994,4.501300000000004,0,2,26.3,0.23146441407485865,-0.4524282907229131,2,3,0.21052631578947367,2,3,0,0
2496,OMUOMODZGKSORV-UVTDQMKNSA-N,252.269,3.3114000000000017,0,3,35.53,0.23146441420781094,-0.496767824064527,3,2,0.0625,2,3,0,0
2602,OMUOMODZGKSORV-UVTDQMKNSA-N,383.44400000000013,3.867400000000004,1,6,68.23,0.2316086520015009,-0.5076010765354448,6,7,0.3181818181818182,2,3,1,0
2607,OMUOMODZGKSORV-UVTDQMKNSA-N,355.3900000000001,3.087200000000001,1,6,68.23,0.23160863440546506,-0.5076230978902634,6,5,0.25,2,3,1,0
4254,OYNKGUDNFLIGLP-UHFFFAOYSA-N,474.6490000000003,6.1070000000000055,2,5,66.49,0.4121006268828128,-0.41034712385336514,6,10,0.4482758620689655,3,4,3,0
4256,OYNKGUDNFLIGLP-UHFFFAOYSA-N,492.6390000000003,6.246100000000006,2,5,66.49,0.4121006268828128,-0.41034712385336514,7,10,0.4482758620689655,3,4,3,0
4258,OYNKGUDNFLIGLP-UHFFFAOYSA-N,509.0940000000003,6.760400000000008,2,5,66.49,0.4121006268828128,-0.41034712385336514,7,10,0.4482758620689655,3,4,3,0
4260,OYNKGUDNFLIGLP-UHFFFAOYSA-N,553.5450000000002,6.8695000000000075,2,5,66.49,0.4121006268828128,-0.41034712385336514,7,10,0.4482758620689655,3,4,3,0
910,PTKHFRNHJULJKT-UHFFFAOYSA-N,316.48900000000015,3.9273000000000033,0,3,15.71,0.11880813680317043,-0.4935500782583784,3,7,0.7,1,3,2,0
912,PTKHFRNHJULJKT-UHFFFAOYSA-N,360.54200000000026,3.5358000000000027,1,4,35.940000000000005,0.11880813680317047,-0.4935500782583784,4,9,0.7272727272727273,1,3,2,0
913,PTKHFRNHJULJKT-UHFFFAOYSA-N,346.51500000000016,3.1457000000000015,1,4,35.940000000000005,0.11880813680317047,-0.4935500782583784,4,8,0.7142857142857143,1,3,2,0
914,PTKHFRNHJULJKT-UHFFFAOYSA-N,332.48800000000006,2.8981000000000012,1,4,35.940000000000005,0.1188081368031708,-0.4935500782583784,4,7,0.7,1,3,2,0
1033,QODGEVYNCJFDSD-XQNSMLJCSA-N,524.7490000000003,7.4220000000000095,0,4,32.78,0.18881842625691259,-0.49359043049082646,4,14,0.4,3,4,2,0
1034,QODGEVYNCJFDSD-XQNSMLJCSA-N,427.54400000000015,5.548300000000006,0,4,38.77,0.18895620915336603,-0.49285878894045054,4,7,0.25,3,4,1,0
1035,QODGEVYNCJFDSD-XQNSMLJCSA-N,397.51800000000014,5.539700000000004,0,3,29.54,0.18895144544905024,-0.49674305558162324,3,6,0.2222222222222222,3,4,1,0
1036,QODGEVYNCJFDSD-XQNSMLJCSA-N,397.5180000000001,5.539700000000005,0,3,29.54,0.1888184262391251,-0.4967571762669378,3,6,0.2222222222222222,3,4,1,0
2932,QVABANWNMXGOAK-UHFFFAOYSA-N,454.4120000000003,4.891400000000004,2,2,48.13,0.22400175988956864,-0.36087373159293024,5,7,0.375,3,4,2,0
2933,QVABANWNMXGOAK-UHFFFAOYSA-N,389.5430000000001,4.437320000000004,2,2,48.13,0.22401258663161971,-0.3583838989228451,4,7,0.4,3,4,2,0
2935,QVABANWNMXGOAK-UHFFFAOYSA-N,389.5430000000001,4.139300000000003,1,2,37.27,0.2240018798079022,-0.35580587632200533,4,7,0.4,3,4,2,0
2936,QVABANWNMXGOAK-UHFFFAOYSA-N,375.51600000000013,4.128900000000003,2,2,48.13,0.22400175435749375,-0.36087479265572364,4,7,0.375,3,4,2,0
670,RJYLAUWIHNCJFR-RRAHZORUSA-N,618.7270000000002,6.508100000000008,1,9,104.79000000000002,0.4118385023618466,-0.4934568441940233,10,16,0.37142857142857144,3,4,2,0
672,RJYLAUWIHNCJFR-RRAHZORUSA-N,528.6490000000002,6.482300000000007,1,6,77.1,0.4118385023618466,-0.4934568441940233,7,13,0.3125,3,4,2,0
673,RJYLAUWIHNCJFR-RRAHZORUSA-N,597.5390000000002,7.7891000000000075,1,6,77.1,0.4118385023618466,-0.4934568441940233,9,13,0.3125,3,4,2,0
1304,RJYLAUWIHNCJFR-RRAHZORUSA-N,576.6460000000003,5.599100000000008,4,9,137.79000000000002,0.4118385023618466,-0.5041466947380391,10,13,0.3125,3,4,2,0
4266,RKXBOYRQFZRSIN-UHFFFAOYSA-N,456.5900000000003,6.355800000000006,3,4,79.03999999999999,0.41210170431650606,-0.41027630740012777,6,9,0.35714285714285715,4,5,2,0
4268,RKXBOYRQFZRSIN-UHFFFAOYSA-N,474.5800000000003,6.494900000000007,3,4,79.03999999999999,0.41210170431650606,-0.41027630740012777,7,9,0.35714285714285715,4,5,2,0
4270,RKXBOYRQFZRSIN-UHFFFAOYSA-N,491.0350000000003,7.009200000000006,3,4,79.03999999999999,0.41210170431650606,-0.41027630740012777,7,9,0.35714285714285715,4,5,2,0
4272,RKXBOYRQFZRSIN-UHFFFAOYSA-N,535.4860000000003,7.118300000000006,3,4,79.03999999999999,0.41210170431650606,-0.41027630740012777,7,9,0.35714285714285715,4,5,2,0
1152,RSMDWTVKHVTHAL-UHFFFAOYSA-N,398.55000000000007,5.635700000000006,0,2,23.550000000000004,0.2577646383712442,-0.30836562708574894,3,7,0.2962962962962963,3,4,2,0
1153,RSMDWTVKHVTHAL-UHFFFAOYSA-N,428.5760000000001,5.644300000000006,0,3,32.78,0.2577692323350315,-0.4967677698306673,4,8,0.32142857142857145,3,4,2,0
1154,RSMDWTVKHVTHAL-UHFFFAOYSA-N,416.5400000000001,5.774800000000006,0,2,23.550000000000004,0.25776811323981513,-0.3083656036736219,4,7,0.2962962962962963,3,4,2,0
1155,RSMDWTVKHVTHAL-UHFFFAOYSA-N,443.5470000000002,5.543900000000005,0,4,66.69,0.2689715397865168,-0.3083655693134979,6,8,0.2962962962962963,3,4,3,0
2747,SIISFRLGYDVIRG-UHFFFAOYSA-N,296.28200000000004,2.632720000000001,0,4,80.52,0.2992896610375721,-0.3000705542136464,6,3,0.125,2,3,2,0
2748,SIISFRLGYDVIRG-UHFFFAOYSA-N,330.181,3.487020000000002,0,2,37.38,0.2992855448711629,-0.3003385313029244,4,2,0.125,2,3,1,0
2749,SIISFRLGYDVIRG-UHFFFAOYSA-N,395.05,3.9411000000000014,0,2,37.38,0.29928609326578337,-0.3003375218191488,5,2,0.06666666666666667,2,3,1,0
2750,SIISFRLGYDVIRG-UHFFFAOYSA-N,361.151,3.086800000000001,0,4,80.52,0.2992902094324366,-0.3000695447300181,7,3,0.06666666666666667,2,3,2,0
2958,TXRPREROCFYGHX-JLHYYAGUSA-N,323.39200000000005,3.285700000000002,0,4,38.77,0.19567622325155912,-0.4922645003473097,4,5,0.25,2,3,1,0
2959,TXRPREROCFYGHX-JLHYYAGUSA-N,351.4460000000001,4.065900000000004,0,4,38.77,0.19567622325155912,-0.4922640600506023,4,7,0.3181818181818182,2,3,1,0
2960,TXRPREROCFYGHX-JLHYYAGUSA-N,407.55400000000014,5.626300000000006,0,4,38.77,0.19567622325155912,-0.4936010863202687,4,11,0.4230769230769231,2,3,1,0
2962,TXRPREROCFYGHX-JLHYYAGUSA-N,323.39200000000005,3.285700000000002,0,4,38.77,0.19567624125492242,-0.4922425268433781,4,5,0.25,2,3,1,0
1313,UGBNXSYMNXHJKM-UHFFFAOYSA-N,482.67200000000037,6.706300000000006,3,3,69.81,0.21983042528103916,-0.3842217540372108,5,12,0.41935483870967744,4,5,2,0
3165,UGBNXSYMNXHJKM-UHFFFAOYSA-N,527.7130000000002,5.652100000000004,4,5,105.06,0.23676083951629748,-0.4967417642993277,7,13,0.4375,4,5,3,0
3172,UGBNXSYMNXHJKM-UHFFFAOYSA-N,532.1320000000003,6.296900000000006,4,4,95.83,0.23676083951629742,-0.3842217428150712,7,12,0.41935483870967744,4,5,3,0
3178,UGBNXSYMNXHJKM-UHFFFAOYSA-N,497.6870000000004,5.643500000000006,4,4,95.83,0.23676083951629742,-0.3842217540372108,6,12,0.41935483870967744,4,5,3,0
4034,UHILWSKZCOLDGP-UHFFFAOYSA-N,396.40200000000016,3.2123000000000017,0,4,74.76,0.26564280127331,-0.2740252422363936,6,2,0.08333333333333333,3,5,2,0
4035,UHILWSKZCOLDGP-UHFFFAOYSA-N,410.4290000000002,3.5207200000000016,0,4,74.76,0.26564280127331,-0.274025242232081,6,2,0.12,3,5,2,0
4036,UHILWSKZCOLDGP-UHFFFAOYSA-N,426.42800000000017,3.220900000000001,0,5,83.99000000000001,0.26564280127331,-0.4959240906427233,7,3,0.12,3,5,2,0
4037,UHILWSKZCOLDGP-UHFFFAOYSA-N,426.42800000000017,3.220900000000002,0,5,83.99000000000001,0.26564280127331,-0.4967677698304828,7,3,0.12,3,5,2,0
338,ULLJVPKUDFDJKB-FQNRMIAFSA-O,367.4490000000001,3.9876200000000033,1,4,64.63,0.41659655583670296,-0.6314403399390557,6,2,0.38095238095238093,2,4,3,0
339,ULLJVPKUDFDJKB-FQNRMIAFSA-O,381.47600000000017,4.241600000000004,1,4,64.63,0.41659672050615215,-0.6314403399390557,6,3,0.4090909090909091,2,4,3,0
346,ULLJVPKUDFDJKB-FQNRMIAFSA-O,353.42200000000014,3.6792000000000025,1,4,64.63,0.41658728857850524,-0.6314403399390557,6,2,0.35,2,4,3,0
606,ULLJVPKUDFDJKB-FQNRMIAFSA-O,381.47600000000017,4.241600000000004,1,4,64.63,0.41659672050615215,-0.6314403399390557,6,3,0.4090909090909091,2,4,3,0
4276,VCUSFEPDEQONLX-UHFFFAOYSA-N,533.6760000000004,7.417800000000008,3,5,91.93,0.4121004624928177,-0.4103581667084436,7,10,0.30303030303030304,5,6,2,0
4278,VCUSFEPDEQONLX-UHFFFAOYSA-N,551.6660000000004,7.556900000000008,3,5,91.93,0.4121004624928177,-0.4103581667084436,8,10,0.30303030303030304,5,6,2,0
4280,VCUSFEPDEQONLX-UHFFFAOYSA-N,568.1210000000003,8.071200000000006,3,5,91.93,0.4121004624928177,-0.4103581667084436,8,10,0.30303030303030304,5,6,2,0
4282,VCUSFEPDEQONLX-UHFFFAOYSA-N,612.5720000000003,8.180300000000006,3,5,91.93,0.4121004624928177,-0.4103581667084436,8,10,0.30303030303030304,5,6,2,0
4265,VONJCWNKPFFSJN-UHFFFAOYSA-N,442.5630000000003,5.965700000000005,3,4,79.03999999999999,0.41210170434892807,-0.4102763074000851,6,8,0.3333333333333333,4,5,2,0
4267,VONJCWNKPFFSJN-UHFFFAOYSA-N,460.5530000000003,6.104800000000005,3,4,79.03999999999999,0.41210170434892807,-0.4102763074000851,7,8,0.3333333333333333,4,5,2,0
4269,VONJCWNKPFFSJN-UHFFFAOYSA-N,477.0080000000003,6.619100000000005,3,4,79.03999999999999,0.41210170434892807,-0.4102763074000851,7,8,0.3333333333333333,4,5,2,0
4271,VONJCWNKPFFSJN-UHFFFAOYSA-N,521.4590000000003,6.7282000000000055,3,4,79.03999999999999,0.41210170434892807,-0.4102763074000851,7,8,0.3333333333333333,4,5,2,0
1203,WAZZPPCZQVKIJV-UHFFFAOYSA-N,447.4910000000001,3.960300000000003,1,7,93.9,0.4118385023618466,-0.4934054449198095,8,8,0.24,4,4,2,0
1204,WAZZPPCZQVKIJV-UHFFFAOYSA-N,489.57200000000023,5.130600000000005,1,7,93.9,0.4121006241839178,-0.4934054449198095,8,11,0.32142857142857145,4,4,2,0
1205,WAZZPPCZQVKIJV-UHFFFAOYSA-N,517.6260000000004,5.910800000000006,1,7,93.9,0.41210062548501647,-0.4934054449198095,8,13,0.36666666666666664,4,4,2,0
1664,WAZZPPCZQVKIJV-UHFFFAOYSA-N,531.6530000000005,6.3009000000000075,1,7,93.9,0.4121006254850256,-0.4934054449198095,8,14,0.3870967741935484,4,4,2,0
1485,WJFKNYWRSNBZNX-UHFFFAOYSA-N,312.482,5.019600000000005,0,3,6.48,0.05529022095912578,-0.33806466160400384,3,5,0.3684210526315789,2,3,2,0
1486,WJFKNYWRSNBZNX-UHFFFAOYSA-N,326.4650000000001,4.546200000000004,0,3,23.550000000000004,0.24817657617130487,-0.29273568196923516,4,4,0.3157894736842105,2,3,2,0
2384,WJFKNYWRSNBZNX-UHFFFAOYSA-N,233.723,4.548200000000001,1,2,12.03,0.05408077641931111,-0.35363446963028483,3,0,0.0,2,3,1,0
2391,WJFKNYWRSNBZNX-UHFFFAOYSA-N,199.278,3.894800000000001,1,2,12.03,0.05258619390451924,-0.3536773896016825,2,0,0.0,2,3,1,0
699,XHISNFCRWZVULB-UHFFFAOYSA-N,468.6450000000003,6.316200000000006,3,3,69.81,0.2195048206764528,-0.384221754031279,5,11,0.4,4,5,2,0
701,XHISNFCRWZVULB-UHFFFAOYSA-N,567.561,7.631600000000007,3,4,79.03999999999999,0.2195048206765744,-0.4967429680665144,8,12,0.41935483870967744,4,5,2,0
702,XHISNFCRWZVULB-UHFFFAOYSA-N,498.67100000000033,6.324800000000006,3,4,79.03999999999999,0.2195048206765744,-0.4967429680665144,6,12,0.41935483870967744,4,5,2,0
704,XHISNFCRWZVULB-UHFFFAOYSA-N,503.0900000000004,6.969600000000005,3,3,69.81,0.2195048206764528,-0.38422174280913934,6,11,0.4,4,5,2,0
3465,YEYDWSYCQHCCII-UHFFFAOYSA-N,545.6690000000004,3.640500000000002,4,9,130.16,0.2662532915097167,-0.4798082085839216,11,10,0.32142857142857145,4,5,4,0
3467,YEYDWSYCQHCCII-UHFFFAOYSA-N,601.7770000000003,5.056800000000004,4,9,130.16,0.2662534964483159,-0.47592897072344637,11,11,0.40625,4,5,4,0
3468,YEYDWSYCQHCCII-UHFFFAOYSA-N,573.7230000000004,4.419100000000004,4,9,130.16,0.2662536933847221,-0.4737656963203355,11,11,0.36666666666666664,4,5,4,0
3469,YEYDWSYCQHCCII-UHFFFAOYSA-N,587.7500000000003,4.666700000000004,4,9,130.16,0.26625349487565275,-0.4762143932311773,11,12,0.3870967741935484,4,5,4,0
1901,YRYCIFUZSUMAAY-UHFFFAOYSA-N,454.65500000000026,5.414300000000005,1,5,42.96000000000001,0.16056754031748321,-0.4936014809420342,5,14,0.5714285714285714,2,3,2,0
1902,YRYCIFUZSUMAAY-UHFFFAOYSA-N,426.6010000000003,4.634100000000004,1,5,42.96,0.16056754031748321,-0.49360148094203427,5,12,0.5384615384615384,2,3,2,0
1903,YRYCIFUZSUMAAY-UHFFFAOYSA-N,482.70900000000023,6.194500000000007,1,5,42.96000000000001,0.16056754031748321,-0.4936014809420342,5,16,0.6,2,3,2,0
1904,YRYCIFUZSUMAAY-UHFFFAOYSA-N,510.76300000000026,6.974700000000008,1,5,42.96000000000001,0.16056754031748321,-0.4936014809420342,5,18,0.625,2,3,2,0
793,YYNRPDWLFAYZGE-UHFFFAOYSA-N,401.5060000000002,5.627300000000005,0,4,42.68,0.20002698534531002,-0.4934568374008459,4,9,0.2692307692307692,4,4,1,0
1197,YYNRPDWLFAYZGE-UHFFFAOYSA-N,474.55700000000013,5.345500000000006,1,6,81.01,0.4118385023618466,-0.4934568374008459,7,10,0.2857142857142857,4,4,2,0
1198,YYNRPDWLFAYZGE-UHFFFAOYSA-N,544.6920000000005,7.296000000000008,1,6,81.01,0.41210062548501647,-0.4934568374008459,7,15,0.3939393939393939,4,4,2,0
1665,YYNRPDWLFAYZGE-UHFFFAOYSA-N,488.5840000000003,5.735600000000005,1,6,81.00999999999999,0.41183850236185765,-0.49345683740083346,7,11,0.3103448275862069,4,4,2,0
1574,ZIABQGWWOHBVJI-UHFFFAOYSA-N,621.3130000000001,10.95599999999999,2,4,49.84,0.0740626765426433,-0.3842217540372765,5,13,0.5,4,7,2,0
1579,ZIABQGWWOHBVJI-UHFFFAOYSA-N,655.758,11.609399999999985,2,4,49.84,0.0740626765426433,-0.384221742815137,6,13,0.5,4,7,2,0
2208,ZIABQGWWOHBVJI-UHFFFAOYSA-N,586.8680000000002,10.302599999999995,2,4,49.84,0.0725797656332344,-0.3842217540372765,4,13,0.5,4,7,2,0
2210,ZIABQGWWOHBVJI-UHFFFAOYSA-N,621.3129999999999,10.95599999999999,2,4,49.84,0.07406182474386742,-0.384221742815137,5,13,0.5,4,7,2,0
2944,ZIGYHMOSHMITBY-UHFFFAOYSA-N,543.6490000000002,5.258100000000004,2,9,115.33,0.3532371200119802,-0.4745658168777002,10,9,0.3448275862068966,4,6,2,0
2945,ZIGYHMOSHMITBY-UHFFFAOYSA-N,528.6380000000003,4.570400000000004,3,8,132.12,0.26393048424279936,-0.4746123225185488,10,9,0.32142857142857145,4,6,3,0
2946,ZIGYHMOSHMITBY-UHFFFAOYSA-N,529.6220000000002,5.169700000000004,3,8,126.33,0.3510750978788874,-0.4769020371786979,10,9,0.32142857142857145,4,6,2,0
2947,ZIGYHMOSHMITBY-UHFFFAOYSA-N,557.6760000000002,5.6482000000000046,2,9,115.33,0.3535027176129676,-0.4745658157495385,10,10,0.36666666666666664,4,6,2,0
4275,ZSQVLBAJPVNTPW-UHFFFAOYSA-N,519.6490000000003,7.0277000000000065,3,5,91.93,0.4121004625252397,-0.4103581667084009,7,9,0.28125,5,6,2,0
4277,ZSQVLBAJPVNTPW-UHFFFAOYSA-N,537.6390000000004,7.1668000000000065,3,5,91.93,0.4121004625252397,-0.4103581667084009,8,9,0.28125,5,6,2,0
4279,ZSQVLBAJPVNTPW-UHFFFAOYSA-N,554.0940000000004,7.681100000000006,3,5,91.93,0.4121004625252397,-0.4103581667084009,8,9,0.28125,5,6,2,0
4281,ZSQVLBAJPVNTPW-UHFFFAOYSA-N,598.5450000000003,7.790200000000007,3,5,91.93,0.4121004625252397,-0.4103581667084009,8,9,0.28125,5,6,2,0
2759,ADQQIINZWUFVHW-UHFFFAOYSA-N,582.8220000000003,7.260100000000009,1,6,89.9,0.1757972759379429,-0.48944400282408773,6,11,0.6944444444444444,0,3,0,0
2760,ADQQIINZWUFVHW-UHFFFAOYSA-N,582.8220000000003,7.260100000000009,1,6,89.9,0.1757972759379429,-0.48944400282408773,6,11,0.6944444444444444,0,3,0,0
2761,ADQQIINZWUFVHW-UHFFFAOYSA-N,568.7950000000003,6.606000000000009,2,6,100.9,0.17843272850504202,-0.48658716403618946,6,10,0.6857142857142857,0,3,0,0
1863,ANOUVHKKLQOCIC-UHFFFAOYSA-N,583.3250000000002,4.149500000000003,1,5,53.400000000000006,0.23443244513363903,-0.34382947488401483,10,5,0.36363636363636365,3,5,3,0
1865,ANOUVHKKLQOCIC-UHFFFAOYSA-N,565.3350000000002,4.010400000000003,1,5,53.400000000000006,0.23443244513363878,-0.34382947488401483,9,5,0.36363636363636365,3,5,3,0
1866,ANOUVHKKLQOCIC-UHFFFAOYSA-N,551.3080000000001,4.000000000000003,2,5,64.26,0.23443244397048882,-0.34382964032853636,9,5,0.3333333333333333,3,5,3,0
2069,AVRIWDJUZPAWDY-UHFFFAOYSA-N,557.7790000000003,7.397060000000008,3,5,83.48,0.26341610581744396,-0.5073814178920806,6,11,0.5428571428571428,3,5,2,0
2271,AVRIWDJUZPAWDY-UHFFFAOYSA-N,587.8050000000001,7.405660000000009,3,6,92.71000000000001,0.26341610581744396,-0.5073814178920806,7,12,0.5555555555555556,3,5,2,0
2279,AVRIWDJUZPAWDY-UHFFFAOYSA-N,592.224,8.050460000000008,3,5,83.48,0.26341610581744396,-0.5073814178920806,7,11,0.5428571428571428,3,5,2,0
2904,AYKPOJMTNSVOMN-UHFFFAOYSA-N,595.1430000000004,6.760900000000007,2,5,85.25,0.25627570658702786,-0.4967681999969963,8,10,0.2857142857142857,5,6,2,0
2911,AYKPOJMTNSVOMN-UHFFFAOYSA-N,560.6980000000003,6.107500000000006,2,5,85.25,0.25627570658702786,-0.4967681999969963,7,10,0.2857142857142857,5,6,2,0
2917,AYKPOJMTNSVOMN-UHFFFAOYSA-N,590.7240000000004,6.116100000000006,2,6,94.48000000000002,0.25627570658702786,-0.4967681999969963,8,11,0.3055555555555556,5,6,2,0
76,BBHJSPNDPUSPFW-UHFFFAOYSA-N,418.53800000000007,5.069800000000005,0,4,39.41,0.17329773078495567,-0.4928455118509088,5,8,0.2,4,4,0,1
86,BBHJSPNDPUSPFW-UHFFFAOYSA-N,476.5740000000002,4.856400000000004,0,6,65.71000000000001,0.3373418332165583,-0.4928455118509088,7,9,0.2222222222222222,4,4,0,1
89,BBHJSPNDPUSPFW-UHFFFAOYSA-N,436.5280000000001,5.208900000000005,0,4,39.41,0.17330114713153363,-0.4928455118509088,6,8,0.2,4,4,0,1
2359,BOXHJLTYYUXRSS-UHFFFAOYSA-N,412.9170000000002,4.079400000000003,1,5,54.71,0.3372065853176695,-0.49212967471209185,6,7,0.34782608695652173,3,4,2,0
2360,BOXHJLTYYUXRSS-UHFFFAOYSA-N,406.5260000000001,4.0428400000000035,1,5,54.71,0.3389282186114262,-0.49212968672486807,5,7,0.4,3,4,2,0
2361,BOXHJLTYYUXRSS-UHFFFAOYSA-N,426.9440000000002,4.387820000000003,1,5,54.71,0.3549645716840335,-0.4921296866559889,6,7,0.375,3,4,2,0
2280,BPUWTEOSJHWSHT-UHFFFAOYSA-N,660.3030000000002,9.028400000000001,4,5,108.14,0.41210082275649956,-0.41033302381548037,9,18,0.5,4,5,3,0
2282,BPUWTEOSJHWSHT-UHFFFAOYSA-N,625.8580000000003,8.375000000000005,4,5,108.14,0.41210082275649956,-0.41033302381548037,8,18,0.5,4,5,3,0
2297,BPUWTEOSJHWSHT-UHFFFAOYSA-N,660.3030000000002,9.028400000000001,4,5,108.14,0.41210082275649956,-0.41033302381548037,9,18,0.5,4,5,3,0
3787,BQTRLZBZPXOORP-UHFFFAOYSA-N,354.45300000000003,5.359620000000005,0,2,32.67,0.23964054736050405,-0.27327290940210464,3,3,0.16666666666666666,3,4,2,0
3788,BQTRLZBZPXOORP-UHFFFAOYSA-N,385.42300000000006,4.959400000000004,0,4,75.81,0.2779918304986428,-0.2732729092796354,6,4,0.13043478260869565,3,4,3,0
3789,BQTRLZBZPXOORP-UHFFFAOYSA-N,419.32200000000006,5.813700000000005,0,2,32.67,0.23964054736054946,-0.2732729094021045,4,3,0.13043478260869565,3,4,2,0
847,BQVUJFOOOANMGT-UHFFFAOYSA-N,363.299,4.6928000000000045,0,2,32.67,0.2556809403853907,-0.2939906308850864,4,5,0.5555555555555556,1,3,2,0
854,BQVUJFOOOANMGT-UHFFFAOYSA-N,329.40000000000003,3.8385000000000025,0,4,75.81,0.2689441101201366,-0.29399057132636947,6,6,0.5555555555555556,1,3,3,0
855,BQVUJFOOOANMGT-UHFFFAOYSA-N,423.3510000000001,4.710000000000004,0,4,51.13000000000001,0.2556815968996994,-0.4928569509644961,6,7,0.6,1,3,2,0
1631,BVMGKNCKLZWDAI-UHFFFAOYSA-N,388.51900000000006,3.9015600000000026,2,6,101.76,0.14597639076539576,-0.38252436178449345,6,8,0.43478260869565216,2,3,5,0
1764,BVMGKNCKLZWDAI-UHFFFAOYSA-N,407.94900000000007,4.972760000000005,1,5,75.74000000000001,0.14881308455361575,-0.36892402455121487,6,8,0.43478260869565216,2,3,4,0
2964,BVMGKNCKLZWDAI-UHFFFAOYSA-N,426.56800000000015,4.364460000000004,2,6,87.77000000000001,0.1467374136184526,-0.3689018769808046,6,10,0.4230769230769231,2,3,5,0
3956,CFMWIHNMZXMOGE-JCUPVDEDSA-N,638.8530000000001,6.117100000000007,2,6,92.26,0.25894968854318556,-0.49285880815711824,8,13,0.46153846153846156,3,5,4,0
3958,CFMWIHNMZXMOGE-JCUPVDEDSA-N,680.9339999999999,7.141700000000008,2,6,92.26,0.26239317711468635,-0.49285880815711824,8,14,0.5,3,5,4,0
3959,CFMWIHNMZXMOGE-JCUPVDEDSA-N,694.9609999999999,7.531800000000009,2,6,92.26,0.2621368579613266,-0.49285880815711824,8,15,0.5116279069767442,3,5,4,0
4530,CPIQFWQUWNIJFA-UHFFFAOYSA-N,403.4780000000001,4.466500000000004,0,5,51.91,0.19281622141816787,-0.49283122788029043,5,6,0.32,3,4,1,0
4532,CPIQFWQUWNIJFA-UHFFFAOYSA-N,445.5590000000002,5.636800000000006,0,5,51.91,0.19281622141818552,-0.48995366463104467,5,9,0.39285714285714285,3,4,1,0
4536,CPIQFWQUWNIJFA-UHFFFAOYSA-N,401.5060000000003,5.238100000000005,0,4,42.68,0.1928162019869996,-0.49322222502740587,4,7,0.34615384615384615,3,4,1,0
3064,CPQKZLNBCUOHCW-UHFFFAOYSA-N,483.12800000000027,6.250200000000007,1,3,45.33,0.1661857098497661,-0.4952836117526336,6,8,0.4444444444444444,3,4,1,0
3065,CPQKZLNBCUOHCW-UHFFFAOYSA-N,410.94500000000016,5.705000000000005,1,3,45.33,0.16618571068614638,-0.4952835097894587,5,7,0.375,3,4,1,0
3067,CPQKZLNBCUOHCW-UHFFFAOYSA-N,346.47400000000005,5.043000000000005,1,2,36.1,0.1624071120232998,-0.3611756870489942,3,6,0.34782608695652173,3,4,1,0
4529,CVDOCHGSBFJTHT-UHFFFAOYSA-N,405.45000000000016,3.312800000000002,0,6,61.14,0.19281622141816787,-0.4928312278800715,6,6,0.2916666666666667,3,4,1,0
4531,CVDOCHGSBFJTHT-UHFFFAOYSA-N,433.5040000000002,4.0930000000000035,0,6,61.14,0.19281622141818552,-0.4899536568910147,6,8,0.34615384615384615,3,4,1,0
4535,CVDOCHGSBFJTHT-UHFFFAOYSA-N,375.42400000000026,3.3042000000000016,0,5,51.91,0.19281620198699972,-0.4806222646519415,5,5,0.2608695652173913,3,4,1,0
1520,CYAYCBCGPZWTLM-UHFFFAOYSA-N,526.7280000000004,8.707500000000001,2,4,49.84,0.07681072116295729,-0.3842217540372108,4,10,0.3333333333333333,5,7,2,0
1521,CYAYCBCGPZWTLM-UHFFFAOYSA-N,561.173,9.360899999999999,2,4,49.84,0.07681072116295729,-0.3842217428150712,5,10,0.3333333333333333,5,7,2,0
1522,CYAYCBCGPZWTLM-UHFFFAOYSA-N,595.6179999999999,10.014299999999993,2,4,49.84,0.0768117658143324,-0.3842217428150712,6,10,0.3333333333333333,5,7,2,0
1541,CZZYITDELCSZES-UHFFFAOYSA-N,406.90700000000004,6.609000000000001,2,2,40.46,0.13879471824822281,-0.5060328164669213,8,2,0.07692307692307693,2,2,0,0
3871,CZZYITDELCSZES-UHFFFAOYSA-N,274.316,3.353900000000002,3,4,69.92,0.1607957949988562,-0.5042546005008466,4,4,0.25,2,2,0,0
3872,CZZYITDELCSZES-UHFFFAOYSA-N,288.34299999999996,3.6569000000000025,2,4,58.92,0.16027139223995981,-0.5075083186435356,4,5,0.29411764705882354,2,2,0,0
1649,DHNIRRNPHIBRFM-UHFFFAOYSA-N,357.37900000000013,5.022600000000002,1,3,51.8,0.4167785750336811,-0.39784125626833894,6,1,0.3,3,4,1,0
1650,DHNIRRNPHIBRFM-UHFFFAOYSA-N,357.37900000000013,5.022600000000002,1,3,51.8,0.4167785750278784,-0.3978413983198821,6,1,0.3,3,4,1,0
1653,DHNIRRNPHIBRFM-UHFFFAOYSA-N,343.3520000000002,4.776600000000002,1,3,51.8,0.4167785750278462,-0.3978414006528288,6,1,0.2631578947368421,3,4,1,0
1753,DQHHGJIDSIEIRK-UHFFFAOYSA-N,355.8690000000001,4.748000000000003,1,3,41.15,0.13799016916686746,-0.4922640193676377,5,5,0.35,3,4,1,0
1758,DQHHGJIDSIEIRK-UHFFFAOYSA-N,335.451,4.403020000000003,1,3,41.15,0.13798930924183567,-0.4922640193676377,4,5,0.38095238095238093,3,4,1,0
1760,DQHHGJIDSIEIRK-UHFFFAOYSA-N,321.4239999999999,4.094600000000003,1,3,41.15,0.13798910531979686,-0.4922640193676377,4,5,0.35,3,4,1,0
2471,DTIWQBJDQQTGMN-UHFFFAOYSA-N,490.5600000000003,5.070600000000004,1,7,108.48,0.4121004596643662,-0.4870237787263148,9,12,0.3333333333333333,4,4,1,0
2472,DTIWQBJDQQTGMN-UHFFFAOYSA-N,490.5600000000003,5.070600000000004,1,7,108.48,0.41210062789393476,-0.4870237787263147,9,12,0.3333333333333333,4,4,1,0
4432,DTIWQBJDQQTGMN-UHFFFAOYSA-N,435.4360000000002,3.231600000000002,0,8,105.68,0.33571564075692234,-0.49661298330863435,9,8,0.21739130434782608,4,4,0,0
1755,DWYHDSLIWMUSOO-UHFFFAOYSA-N,371.9120000000001,5.380900000000005,1,3,41.15,0.13799016916686746,-0.4922636009070756,5,7,0.38095238095238093,3,3,1,0
1756,DWYHDSLIWMUSOO-UHFFFAOYSA-N,343.858,4.603900000000003,1,3,41.15,0.13799016916686746,-0.4922640228588544,5,7,0.3157894736842105,3,3,1,0
1757,DWYHDSLIWMUSOO-UHFFFAOYSA-N,315.804,3.8237000000000023,1,3,41.15,0.13799016916686746,-0.49226446315556166,5,5,0.23529411764705882,3,3,1,0
4544,FEGQVVIECGDZNL-UHFFFAOYSA-N,276.3430000000001,3.152800000000002,1,4,64.69,0.11481010562932428,-0.3979019821330347,4,1,0.23529411764705882,3,4,1,0
4545,FEGQVVIECGDZNL-UHFFFAOYSA-N,306.369,3.1614000000000013,1,5,73.92,0.3155290985064194,-0.4667864518390216,5,2,0.2777777777777778,3,4,1,0
4546,FEGQVVIECGDZNL-UHFFFAOYSA-N,336.3950000000001,3.1700000000000017,1,6,83.15,0.31892700348944686,-0.4803914740754462,6,3,0.3157894736842105,3,4,1,0
2736,FQMHFLKJYARCJX-UHFFFAOYSA-N,490.6040000000004,3.5496000000000016,4,4,114.53,0.3257200132842246,-0.4797172047473072,8,11,0.39285714285714285,3,4,3,0
2739,FQMHFLKJYARCJX-UHFFFAOYSA-N,518.6580000000001,4.028100000000001,3,5,103.53,0.3281453025023123,-0.46445907691296345,8,12,0.43333333333333335,3,4,3,0
2740,FQMHFLKJYARCJX-UHFFFAOYSA-N,574.7660000000003,5.588500000000005,3,5,103.53,0.3281553898727992,-0.4641648732361768,8,16,0.5,3,4,3,0
2937,FYTTUMGKQQZCRV-UHFFFAOYSA-N,586.718,5.2298000000000044,3,9,127.36000000000001,0.26651271235565743,-0.49674176429932765,11,11,0.3870967741935484,4,6,3,0
2939,FYTTUMGKQQZCRV-UHFFFAOYSA-N,591.137,5.8746000000000045,3,8,118.13000000000001,0.26651271235565743,-0.4798082075419354,11,10,0.36666666666666664,4,6,3,0
2942,FYTTUMGKQQZCRV-UHFFFAOYSA-N,556.692,5.221200000000004,3,8,118.13000000000001,0.26651271235565743,-0.4798082075419354,10,10,0.36666666666666664,4,6,3,0
473,GDQOEOCEMHZREX-UHFFFAOYSA-N,489.5290000000002,5.385600000000005,2,9,126.72000000000001,0.299204619297256,-0.46384097737068614,12,12,0.2727272727272727,3,3,5,0
493,GDQOEOCEMHZREX-UHFFFAOYSA-N,496.54900000000026,5.118180000000005,2,10,150.51,0.29920518382833233,-0.46384097737068614,12,12,0.2608695652173913,3,3,6,0
508,GDQOEOCEMHZREX-UHFFFAOYSA-N,471.5390000000002,5.246500000000005,2,9,126.72000000000001,0.29920461922057473,-0.46384097737068614,11,12,0.2727272727272727,3,3,5,0
1994,GNOKFBCUBTWYGU-UHFFFAOYSA-N,407.5100000000003,4.581300000000004,0,5,51.910000000000004,0.3392264573900591,-0.49675708682128256,5,8,0.4,3,4,1,0
1995,GNOKFBCUBTWYGU-UHFFFAOYSA-N,377.48400000000015,4.572700000000004,0,4,42.68,0.3392264573900591,-0.49340547325518447,4,7,0.375,3,4,1,0
2463,GNOKFBCUBTWYGU-UHFFFAOYSA-N,534.6970000000005,6.631500000000007,1,6,81.01,0.4121006254850256,-0.49340547325518436,7,14,0.5,3,4,2,0
2407,GOMNOOKGLZYEJT-UHFFFAOYSA-N,368.38500000000016,4.094100000000003,3,6,100.13000000000001,0.20390241411885576,-0.5078225492601153,6,4,0.19047619047619047,3,3,0,0
4082,GOMNOOKGLZYEJT-UHFFFAOYSA-N,398.4150000000001,1.9277999999999993,3,7,112.24000000000001,0.2574839848856729,-0.507966244667516,8,7,0.23809523809523808,3,3,2,0
4083,GOMNOOKGLZYEJT-UHFFFAOYSA-N,397.4710000000001,4.372000000000003,2,6,83.14,0.20375050495889213,-0.507966244667516,6,9,0.34782608695652173,3,3,1,0
1754,GPCCQUBMGXQCPH-UHFFFAOYSA-N,341.84200000000004,4.3579000000000025,1,3,41.15,0.13799016916686746,-0.4922640193675221,5,5,0.3157894736842105,3,4,1,0
1759,GPCCQUBMGXQCPH-UHFFFAOYSA-N,321.424,4.012920000000003,1,3,41.15,0.13798930924183567,-0.4922640193675221,4,5,0.35,3,4,1,0
1761,GPCCQUBMGXQCPH-UHFFFAOYSA-N,307.39699999999993,3.704500000000002,1,3,41.15,0.13798910531979686,-0.4922640193675221,4,5,0.3157894736842105,3,4,1,0
85,HFXNFTNROMCBDY-UHFFFAOYSA-O,406.5680000000002,4.384400000000004,0,5,44.760000000000005,0.17233547364132565,-0.4928455118509088,6,9,0.5909090909090909,2,3,1,1
101,HFXNFTNROMCBDY-UHFFFAOYSA-O,420.5510000000002,3.9110000000000023,0,6,61.83000000000001,0.3609994352222268,-0.4928455118509088,7,8,0.5454545454545454,2,3,1,1
113,HFXNFTNROMCBDY-UHFFFAOYSA-O,462.63200000000023,5.079700000000005,0,6,61.83000000000001,0.36179696477354534,-0.4928455118509088,7,8,0.6,2,3,1,1
2074,HGZOEUIMZNUBQP-UHFFFAOYSA-N,473.6170000000003,5.056460000000004,3,5,83.48,0.2634781756950955,-0.5073814178920806,6,5,0.4482758620689655,3,5,2,0
2266,HGZOEUIMZNUBQP-UHFFFAOYSA-N,503.6430000000005,5.065060000000004,3,6,92.71000000000001,0.26347817569509563,-0.5073814178920806,7,6,0.4666666666666667,3,5,2,0
2273,HGZOEUIMZNUBQP-UHFFFAOYSA-N,508.0620000000003,5.709860000000004,3,5,83.48,0.2634781756950955,-0.5073814178920806,7,5,0.4482758620689655,3,5,2,0
601,HQHNSHBCYQOVNO-UHFFFAOYSA-N,325.3640000000001,4.0024200000000025,1,4,56.790000000000006,0.4165965708391728,-0.46366763219330914,5,2,0.3157894736842105,2,4,1,0
602,HQHNSHBCYQOVNO-UHFFFAOYSA-N,353.4180000000001,4.817400000000005,1,4,56.790000000000006,0.4165873060171137,-0.46366763219330914,5,3,0.38095238095238093,2,4,1,0
3734,HQHNSHBCYQOVNO-UHFFFAOYSA-N,353.4180000000001,4.817400000000005,1,4,56.790000000000006,0.4165873060171137,-0.46366763219330914,5,3,0.38095238095238093,2,4,1,0
4503,HRYYACWYRVZXQV-MPYJOUPCSA-N,486.5870000000002,5.199700000000005,0,5,43.82,0.16567613190708472,-0.49285727245766786,6,6,0.36666666666666664,3,6,1,0
4504,HRYYACWYRVZXQV-MPYJOUPCSA-N,503.04200000000026,5.714000000000007,0,5,43.82,0.16567613190708472,-0.49285727245766786,6,6,0.36666666666666664,3,6,1,0
4505,HRYYACWYRVZXQV-MPYJOUPCSA-N,498.6230000000004,5.069200000000005,0,6,53.050000000000004,0.16567613190708472,-0.4964656568421372,6,7,0.3870967741935484,3,6,1,0
1729,HSFFEMSAVIUGLY-UHFFFAOYSA-N,300.31800000000004,3.1757000000000017,0,5,56.22,0.23449313033043148,-0.47187062511601746,7,3,0.07142857142857142,4,4,0,0
1730,HSFFEMSAVIUGLY-UHFFFAOYSA-N,300.31800000000004,3.1757000000000026,0,5,56.22,0.23449314447706518,-0.47187062511601746,7,3,0.07142857142857142,4,4,0,0
1731,HSFFEMSAVIUGLY-UHFFFAOYSA-N,300.318,3.1757000000000026,0,5,56.22,0.23449313038307337,-0.47187062511601746,7,3,0.07142857142857142,4,4,0,0
2901,HTNHARYYMXRTRJ-UHFFFAOYSA-N,637.2240000000004,7.931200000000008,2,5,85.25,0.25627569812291817,-0.4967681999969963,8,13,0.34210526315789475,5,6,2,0
2908,HTNHARYYMXRTRJ-UHFFFAOYSA-N,602.7790000000003,7.277800000000008,2,5,85.25,0.25627569812291817,-0.4967681999969963,7,13,0.34210526315789475,5,6,2,0
2914,HTNHARYYMXRTRJ-UHFFFAOYSA-N,632.8050000000004,7.286400000000008,2,6,94.48000000000002,0.25627569812291817,-0.4967681999969963,8,14,0.358974358974359,5,6,2,0
73,HXFSUKMKWTWURM-UHFFFAOYSA-O,454.6120000000002,4.909000000000005,1,5,55.760000000000005,0.17491206187310038,-0.49284551185090875,6,8,0.4230769230769231,3,4,1,1
90,HXFSUKMKWTWURM-UHFFFAOYSA-O,468.63900000000024,5.563100000000007,0,5,44.760000000000005,0.17492173766713798,-0.49284551185090875,6,9,0.4444444444444444,3,4,1,1
102,HXFSUKMKWTWURM-UHFFFAOYSA-O,438.6130000000001,5.938200000000007,0,4,35.53,0.17233547364134466,-0.4928455118509088,5,8,0.4230769230769231,3,4,1,1
3059,ICROVGRUHKJRIN-UHFFFAOYSA-N,345.4390000000001,2.883040000000001,1,5,62.910000000000004,0.3389282186113695,-0.4931655692807581,5,6,0.55,2,3,1,0
3061,ICROVGRUHKJRIN-UHFFFAOYSA-N,390.43600000000015,3.0990400000000013,0,7,95.05000000000001,0.3389282186113695,-0.4931655692807581,8,8,0.55,2,3,2,0
3741,ICROVGRUHKJRIN-UHFFFAOYSA-N,379.4470000000001,4.545940000000004,0,4,42.68,0.3389282186113695,-0.4931655692807582,6,7,0.5714285714285714,2,3,1,0
4024,INWYPVOENBYPSU-UHFFFAOYSA-N,310.4410000000001,4.019300000000003,1,3,24.5,0.11850988988315009,-0.4967658917511709,3,6,0.4,2,3,2,0
4025,INWYPVOENBYPSU-UHFFFAOYSA-N,310.44100000000003,4.019300000000003,1,3,24.5,0.1414454027464649,-0.49459391306529693,3,6,0.4,2,3,2,0
4026,INWYPVOENBYPSU-UHFFFAOYSA-N,340.46700000000016,4.027900000000003,1,4,33.730000000000004,0.1622711407953362,-0.4928675386354321,4,7,0.42857142857142855,2,3,2,0
677,ITZOKHKOFJOBFS-UHFFFAOYSA-N,492.7110000000004,8.015100000000007,2,4,49.84,0.07257891383351685,-0.3842217540372108,4,10,0.45454545454545453,4,6,2,0
1287,ITZOKHKOFJOBFS-UHFFFAOYSA-N,528.6910000000003,8.293300000000006,2,4,49.84,0.12490392849251428,-0.3842217316613668,6,10,0.45454545454545453,4,6,2,0
1290,ITZOKHKOFJOBFS-UHFFFAOYSA-N,561.6010000000001,9.321899999999998,2,4,49.84,0.07406182474386742,-0.3842217428150712,6,10,0.45454545454545453,4,6,2,0
3630,IUXDHDQACLSYLE-ZHACJKMWSA-N,393.44300000000004,2.3704000000000005,4,4,103.45,0.24393307865023395,-0.5042543435662299,7,8,0.18181818181818182,3,3,2,0
3631,IUXDHDQACLSYLE-ZHACJKMWSA-N,423.4690000000001,2.3789999999999996,4,5,112.68,0.24393307865023395,-0.5042543435662299,8,9,0.21739130434782608,3,3,2,0
3632,IUXDHDQACLSYLE-ZHACJKMWSA-N,427.8880000000001,3.023800000000002,4,4,103.45,0.24393307865023395,-0.5042543435662299,8,8,0.18181818181818182,3,3,2,0
2903,IVZKZMIWFCXNMT-UHFFFAOYSA-N,609.1700000000003,7.151000000000007,2,5,85.25,0.25627569815518764,-0.4967681999969963,8,11,0.3055555555555556,5,6,2,0
2910,IVZKZMIWFCXNMT-UHFFFAOYSA-N,574.7250000000004,6.4976000000000065,2,5,85.25,0.25627569815518764,-0.4967681999969963,7,11,0.3055555555555556,5,6,2,0
2916,IVZKZMIWFCXNMT-UHFFFAOYSA-N,604.7510000000003,6.506200000000007,2,6,94.48000000000002,0.25627569815518764,-0.4967681999969963,8,12,0.32432432432432434,5,6,2,0
634,IWCRTYMKZQLWMC-UHFFFAOYSA-O,392.54100000000017,3.9943000000000035,0,5,44.760000000000005,0.175619866408495,-0.49284551185089726,6,7,0.5714285714285714,2,3,1,1
637,IWCRTYMKZQLWMC-UHFFFAOYSA-O,448.60500000000025,4.689600000000005,0,6,61.83000000000001,0.36179696492311153,-0.49284551185089726,7,6,0.5833333333333334,2,3,1,1
639,IWCRTYMKZQLWMC-UHFFFAOYSA-O,373.4980000000001,3.8714800000000036,0,5,59.32000000000001,0.1756198705112964,-0.49284551185089726,6,5,0.5,2,3,2,1
1284,IYNUCVAQGDCTFO-UHFFFAOYSA-N,478.6840000000004,7.625000000000007,2,4,49.84,0.07257891383351685,-0.3842217540015026,4,9,0.4375,4,6,2,0
1286,IYNUCVAQGDCTFO-UHFFFAOYSA-N,514.6640000000003,7.903200000000007,2,4,49.84,0.12490392849251428,-0.3842217316256585,6,9,0.4375,4,6,2,0
1289,IYNUCVAQGDCTFO-UHFFFAOYSA-N,547.5740000000002,8.9318,2,4,49.84,0.07406182474386742,-0.38422174277936294,6,9,0.4375,4,6,2,0
3867,JNRAEZULKWNOQO-NTCAYCPXSA-N,431.3260000000001,5.638500000000006,0,4,44.760000000000005,0.20400670431914197,-0.49269089227799334,5,5,0.3181818181818182,2,3,0,0
3868,JNRAEZULKWNOQO-NTCAYCPXSA-N,373.79200000000014,4.4779000000000035,0,5,78.67,0.26924612385934327,-0.4928097709003333,7,4,0.21052631578947367,2,3,1,0
3869,JNRAEZULKWNOQO-NTCAYCPXSA-N,448.2690000000002,4.595600000000004,0,6,87.9,0.2692461238593432,-0.49269089227800406,8,5,0.25,2,3,1,0
2283,JYPKWTANCQUPRY-UHFFFAOYSA-N,590.1680000000001,7.077900000000007,4,5,108.14,0.41210082275649956,-0.41033302381548037,9,13,0.42424242424242425,4,5,3,0
2290,JYPKWTANCQUPRY-UHFFFAOYSA-N,590.1680000000001,7.077900000000007,4,5,108.14,0.41210082275649956,-0.41033302381548037,9,13,0.42424242424242425,4,5,3,0
2295,JYPKWTANCQUPRY-UHFFFAOYSA-N,555.7230000000003,6.424500000000006,4,5,108.14,0.41210082275649956,-0.41033302381548037,8,13,0.42424242424242425,4,5,3,0
2233,JZSAQAFZTUPWAR-UHFFFAOYSA-N,232.20499999999996,2.7432000000000016,0,2,34.89,0.4544855221371142,-0.283836781674802,6,2,0.6,1,2,0,0
2244,JZSAQAFZTUPWAR-UHFFFAOYSA-N,214.21499999999997,2.4460000000000006,0,2,34.89,0.30013011244314614,-0.2875869965176046,5,3,0.6,1,2,0,0
2245,JZSAQAFZTUPWAR-UHFFFAOYSA-N,196.22499999999994,2.1504000000000003,0,2,34.89,0.19644412990826723,-0.2910846546647894,4,3,0.6,1,2,0,0
335,KBCDJDYGGQCOPI-VYIIXAMBSA-N,367.4490000000001,3.906620000000003,1,5,54.04,0.41659655575909194,-0.4100931873666875,6,2,0.38095238095238093,2,4,3,0
343,KBCDJDYGGQCOPI-VYIIXAMBSA-N,381.47600000000017,4.160600000000003,1,5,54.04,0.41659672042854107,-0.4100931864283749,6,3,0.4090909090909091,2,4,3,0
345,KBCDJDYGGQCOPI-VYIIXAMBSA-N,353.4220000000001,3.598200000000002,1,5,54.040000000000006,0.4165872885008942,-0.41009329968643865,6,2,0.35,2,4,3,0
164,KRSXGTAVHIDVPM-UHFFFAOYSA-N,356.44200000000006,3.7184000000000026,0,4,44.760000000000005,0.19983975376059646,-0.49286952852253396,5,9,0.2857142857142857,2,2,1,1
167,KRSXGTAVHIDVPM-UHFFFAOYSA-N,330.4040000000001,3.162200000000002,0,4,44.760000000000005,0.19983980554469363,-0.49286952852253396,5,7,0.3157894736842105,2,2,1,1
169,KRSXGTAVHIDVPM-UHFFFAOYSA-N,330.40400000000005,3.162200000000002,0,4,44.760000000000005,0.19983975376059643,-0.49286952852253396,5,7,0.3157894736842105,2,2,1,1
2455,KUXIMKCRVUNBIL-UHFFFAOYSA-N,604.7470000000004,7.862300000000008,1,6,81.00999999999999,0.4121006254903145,-0.49340547613677616,7,15,0.2631578947368421,5,5,2,0
2456,KUXIMKCRVUNBIL-UHFFFAOYSA-N,634.7730000000004,7.870900000000009,1,7,90.24000000000001,0.4121006254903145,-0.4967678180787092,8,16,0.28205128205128205,5,5,2,0
2461,KUXIMKCRVUNBIL-UHFFFAOYSA-N,639.1920000000001,8.515700000000004,1,6,81.00999999999999,0.4121006254903145,-0.49340547613677616,8,15,0.2631578947368421,5,5,2,0
1867,KWXRZCJBVNGGSK-UHFFFAOYSA-N,425.5330000000003,2.624500000000001,1,5,53.400000000000006,0.23443181157624096,-0.3438720416086149,8,5,0.36363636363636365,3,5,3,0
1868,KWXRZCJBVNGGSK-UHFFFAOYSA-N,407.5430000000003,2.485400000000001,1,5,53.400000000000006,0.23443181157624077,-0.3438720416086149,7,5,0.36363636363636365,3,5,3,0
1869,KWXRZCJBVNGGSK-UHFFFAOYSA-N,393.51600000000013,2.4750000000000005,2,5,64.26,0.2344318104109741,-0.3438722073562467,7,5,0.3333333333333333,3,5,3,0
3022,KYHRJRLKNXKQIL-UHFFFAOYSA-N,422.4810000000002,3.204600000000002,1,6,81.01,0.2868773653025362,-0.4928398235862813,7,6,0.3333333333333333,3,4,2,0
3023,KYHRJRLKNXKQIL-UHFFFAOYSA-N,378.42800000000017,2.8930000000000007,2,5,82.78,0.2868773357944823,-0.5079370047627322,6,4,0.2727272727272727,3,4,2,0
3024,KYHRJRLKNXKQIL-UHFFFAOYSA-N,392.45500000000015,3.1960000000000015,1,5,71.78,0.28687733579451075,-0.4967385814882715,6,5,0.30434782608695654,3,4,2,0
2810,LOCRPLULLFDVSN-UHFFFAOYSA-N,391.55800000000016,4.764420000000005,0,5,42.68,0.3359621562062374,-0.49345632385822874,6,6,0.5,2,3,1,0
3934,LOCRPLULLFDVSN-UHFFFAOYSA-N,440.0300000000002,5.806320000000006,0,5,42.68,0.35496457168396156,-0.49345632377271087,7,6,0.5238095238095238,2,3,1,0
3935,LOCRPLULLFDVSN-UHFFFAOYSA-N,454.0570000000002,6.194820000000005,0,5,42.68,0.35496457168396156,-0.49345632377271087,7,6,0.5454545454545454,2,3,1,0
1846,LSHSFAITCUQCLP-UHFFFAOYSA-N,329.403,4.245800000000003,1,3,53.07,0.2407093616823528,-0.4713004382351152,4,5,0.09523809523809523,4,4,1,0
1851,LSHSFAITCUQCLP-UHFFFAOYSA-N,359.38500000000005,4.571800000000003,0,4,70.19,0.2698824719564413,-0.47129837015708104,6,6,0.09523809523809523,4,4,1,0
1853,LSHSFAITCUQCLP-UHFFFAOYSA-N,314.38800000000003,4.663600000000003,0,2,27.05,0.24063099838894775,-0.4713013365209625,3,5,0.09523809523809523,4,4,0,0
3690,MIIFHVXEAJWDFO-UHFFFAOYSA-N,425.5360000000002,4.865700000000004,2,4,73.91,0.22536732766307718,-0.30869313959863953,6,6,0.2692307692307692,4,5,2,0
3691,MIIFHVXEAJWDFO-UHFFFAOYSA-N,443.5260000000002,5.004800000000004,2,4,73.91,0.22536732766307743,-0.30869313959863953,7,6,0.2692307692307692,4,5,2,0
3692,MIIFHVXEAJWDFO-UHFFFAOYSA-N,443.5260000000002,5.004800000000004,2,4,73.91,0.22536732766307718,-0.30869313959863953,7,6,0.2692307692307692,4,5,2,0
609,MLNJQWXAKYYVFO-UHFFFAOYSA-N,572.8410000000002,9.912499999999996,2,4,49.84,0.07257976563326923,-0.3842217540372765,4,12,0.48717948717948717,4,7,2,0
690,MLNJQWXAKYYVFO-UHFFFAOYSA-N,593.2590000000002,10.175799999999994,2,4,49.84,0.0740626765426433,-0.3842217540372765,5,11,0.47368421052631576,4,7,2,0
694,MLNJQWXAKYYVFO-UHFFFAOYSA-N,627.704,10.82919999999999,2,4,49.84,0.0740626765426433,-0.3842217428151369,6,11,0.47368421052631576,4,7,2,0
4172,NBWIXESVYJNPLA-UHFFFAOYSA-N,436.5990000000003,4.017300000000003,1,6,67.87,0.3301647880115668,-0.4935204478049115,8,9,0.47619047619047616,1,2,2,0
4173,NBWIXESVYJNPLA-UHFFFAOYSA-N,450.62600000000026,4.405800000000004,1,6,67.87,0.3301647880115668,-0.49352044780491144,8,9,0.5,1,2,2,0
4175,NBWIXESVYJNPLA-UHFFFAOYSA-N,450.6260000000002,4.405800000000004,1,6,67.87,0.3301647880114382,-0.49359861178964165,8,9,0.5,1,2,2,0
1241,NTKQSPHDRBUJAY-UHFFFAOYSA-N,377.94100000000014,3.775000000000002,2,3,36.53,0.17035845289927817,-0.37829355770938805,6,9,0.3157894736842105,2,2,3,0
1243,NTKQSPHDRBUJAY-UHFFFAOYSA-N,448.5450000000002,3.0470000000000006,2,7,98.13000000000001,0.2692476508382796,-0.4928675351233535,10,12,0.38095238095238093,2,2,4,0
1244,NTKQSPHDRBUJAY-UHFFFAOYSA-N,427.49200000000013,4.020200000000003,2,4,45.760000000000005,0.5725963173373818,-0.40579734743125734,9,10,0.35,2,2,3,0
2014,OLKLOVAJULLISR-UHFFFAOYSA-N,505.6660000000003,6.853820000000006,3,4,82.69999999999999,0.26941105691011613,-0.38422175400150255,6,9,0.34375,5,6,2,0
2016,OLKLOVAJULLISR-UHFFFAOYSA-N,491.63900000000035,6.545400000000005,3,4,82.69999999999999,0.26939850450603364,-0.38422175400150255,6,9,0.3225806451612903,5,6,2,0
2017,OLKLOVAJULLISR-UHFFFAOYSA-N,519.6930000000002,7.107800000000006,3,4,82.69999999999999,0.2694112797682547,-0.38422175400150255,6,10,0.36363636363636365,5,6,2,0
660,OMAOPGJSIGOCIM-UHFFFAOYSA-N,262.3089999999999,1.79,1,4,50.800000000000004,0.4119716662087921,-0.48895040077584484,5,1,0.5,1,3,2,0
664,OMAOPGJSIGOCIM-UHFFFAOYSA-N,346.4710000000002,4.130600000000003,1,4,50.800000000000004,0.41223378896780033,-0.48895040076992874,5,7,0.65,1,3,2,0
665,OMAOPGJSIGOCIM-UHFFFAOYSA-N,276.33599999999996,2.1801000000000004,1,4,50.800000000000004,0.41222410959717004,-0.48895040076993934,5,2,0.5333333333333333,1,3,2,0
1212,ONNVQEKPEIIKAW-UHFFFAOYSA-N,472.5410000000001,5.079100000000005,1,6,81.01,0.4118385023618466,-0.4934054553489326,7,9,0.21428571428571427,4,4,2,0
1213,ONNVQEKPEIIKAW-UHFFFAOYSA-N,514.6220000000003,6.249400000000007,1,6,81.01,0.4121006241839178,-0.4934054553489326,7,12,0.2903225806451613,4,4,2,0
1214,ONNVQEKPEIIKAW-UHFFFAOYSA-N,542.6760000000004,7.029600000000008,1,6,81.01,0.41210062548501647,-0.4934054553489326,7,14,0.3333333333333333,4,4,2,0
2070,OOAZAGCRCPQIGH-UHFFFAOYSA-N,543.7520000000004,7.006960000000007,3,5,83.48,0.263416105817444,-0.5073814178920806,6,10,0.5294117647058824,3,5,2,0
2270,OOAZAGCRCPQIGH-UHFFFAOYSA-N,573.7780000000001,7.015560000000009,3,6,92.71000000000001,0.263416105817444,-0.5073814178920806,7,11,0.5428571428571428,3,5,2,0
2278,OOAZAGCRCPQIGH-UHFFFAOYSA-N,578.1970000000001,7.660360000000009,3,5,83.48,0.263416105817444,-0.5073814178920806,7,10,0.5294117647058824,3,5,2,0
2288,OPAGCNSHRPDMMX-UHFFFAOYSA-N,485.58800000000036,4.474000000000004,4,5,108.14,0.41216353326895255,-0.41033225219618613,8,8,0.32142857142857145,4,5,3,0
2293,OPAGCNSHRPDMMX-UHFFFAOYSA-N,520.0330000000004,5.127400000000004,4,5,108.14,0.41216353326895255,-0.41033225219618613,9,8,0.32142857142857145,4,5,3,0
2294,OPAGCNSHRPDMMX-UHFFFAOYSA-N,520.0330000000004,5.127400000000004,4,5,108.14,0.41216353326895255,-0.41033225219618613,9,8,0.32142857142857145,4,5,3,0
4,OVINVLKUIKTPJJ-UHFFFAOYSA-N,338.43600000000004,4.079920000000002,0,4,51.02,0.350882366406337,-0.2955427293308676,6,3,0.16666666666666666,3,3,1,0
9,OVINVLKUIKTPJJ-UHFFFAOYSA-N,358.85400000000004,4.424900000000004,0,4,51.02,0.3508823664064063,-0.2955427293308675,7,3,0.11764705882352941,3,3,1,0
10,OVINVLKUIKTPJJ-UHFFFAOYSA-N,368.4620000000001,4.170200000000003,0,5,60.25000000000001,0.35088253097844657,-0.49676778686327827,7,5,0.21052631578947367,3,3,1,0
2071,OZWNMQVYKGQDCW-UHFFFAOYSA-N,529.7250000000005,6.616860000000006,3,5,83.48,0.26341610581750313,-0.5073814178920806,6,9,0.5151515151515151,3,5,2,0
2269,OZWNMQVYKGQDCW-UHFFFAOYSA-N,559.7510000000001,6.625460000000008,3,6,92.71000000000001,0.26341610581750313,-0.5073814178920806,7,10,0.5294117647058824,3,5,2,0
2277,OZWNMQVYKGQDCW-UHFFFAOYSA-N,564.1700000000002,7.2702600000000075,3,5,83.48,0.26341610581750313,-0.5073814178920806,7,9,0.5151515151515151,3,5,2,0
2905,PBSABDPEFBGNJY-UHFFFAOYSA-N,581.1160000000004,6.370800000000005,2,5,85.25,0.25627676003958477,-0.4967681999969963,8,9,0.2647058823529412,5,6,2,0
2912,PBSABDPEFBGNJY-UHFFFAOYSA-N,546.6710000000004,5.717400000000005,2,5,85.25,0.25627676003958477,-0.4967681999969963,7,9,0.2647058823529412,5,6,2,0
2918,PBSABDPEFBGNJY-UHFFFAOYSA-N,576.6970000000005,5.726000000000005,2,6,94.48000000000002,0.25627676003958477,-0.4967681999969963,8,10,0.2857142857142857,5,6,2,0
1621,PCNDJXKNXGMECE-UHFFFAOYSA-N,348.4460000000001,5.4294000000000056,2,4,66.24000000000001,0.1429632177374476,-0.5056037404145493,4,5,0.2727272727272727,3,3,0,0
1622,PCNDJXKNXGMECE-UHFFFAOYSA-N,432.52000000000027,5.868800000000006,0,6,78.38000000000001,0.30760113133311423,-0.42432197238160224,6,7,0.3076923076923077,3,3,0,0
1623,PCNDJXKNXGMECE-UHFFFAOYSA-N,212.20800000000003,2.1941999999999995,2,4,66.24000000000001,0.14294183355184975,-0.5056037421960303,4,0,0.0,3,3,0,0
145,PFGHYWVBZDJZPM-UHFFFAOYSA-N,199.25699999999995,2.0907999999999998,1,3,51.8,0.16097926418714303,-0.3978543108630814,3,0,0.3333333333333333,2,3,1,0
1071,PFGHYWVBZDJZPM-UHFFFAOYSA-N,271.32,2.1858199999999997,1,5,78.10000000000001,0.3392269765515485,-0.46536921274006,5,1,0.4,2,3,1,0
1072,PFGHYWVBZDJZPM-UHFFFAOYSA-N,285.34700000000004,2.575920000000001,1,5,78.10000000000001,0.33949266664006034,-0.46234301316558446,5,2,0.4375,2,3,1,0
3882,PHKKNMUDCVZREA-UHFFFAOYSA-N,280.41499999999996,4.412320000000004,0,2,16.130000000000003,0.07260598876209375,-0.3707131993930094,2,1,0.5263157894736842,2,4,1,0
3886,PHKKNMUDCVZREA-UHFFFAOYSA-N,311.3850000000001,4.012100000000003,0,4,59.27,0.2697584113876265,-0.3707098744716866,5,2,0.5,2,4,2,0
3899,PHKKNMUDCVZREA-UHFFFAOYSA-N,323.44000000000005,4.062300000000003,1,3,45.230000000000004,0.2207477611237469,-0.3707122852292574,4,2,0.5,2,4,2,0
627,PKCKBHWYRVNGHE-UHFFFAOYSA-O,424.5860000000001,5.548100000000006,0,4,35.53,0.17561986774848584,-0.49284551185089726,5,6,0.4,3,4,1,1
628,PKCKBHWYRVNGHE-UHFFFAOYSA-O,440.58500000000015,4.518900000000005,1,5,55.760000000000005,0.1782058340125772,-0.49284551185089714,6,6,0.4,3,4,1,1
631,PKCKBHWYRVNGHE-UHFFFAOYSA-O,454.6120000000002,5.173000000000005,0,5,44.760000000000005,0.1782155654260796,-0.49284551185089714,6,7,0.4230769230769231,3,4,1,1
4019,PPPXDRHTRMAHDD-INIZCTEOSA-N,380.4370000000001,0.03733999999999971,4,7,116.45000000000002,0.1861437895533168,-0.39356651509977125,7,5,0.65,1,3,0,0
4020,PPPXDRHTRMAHDD-INIZCTEOSA-N,396.4360000000001,-0.4717600000000001,5,8,136.68,0.18614378955331704,-0.39356651509977125,8,5,0.65,1,3,0,0
4021,PPPXDRHTRMAHDD-INIZCTEOSA-N,396.4360000000001,-0.4717600000000001,5,8,136.68,0.18614378955331704,-0.39356651509977125,8,5,0.65,1,3,0,0
2902,QDERUYQRVSOFNB-UHFFFAOYSA-N,623.1970000000003,7.541100000000007,2,5,85.25,0.2562756981229774,-0.4967681999969963,8,12,0.32432432432432434,5,6,2,0
2909,QDERUYQRVSOFNB-UHFFFAOYSA-N,588.7520000000004,6.887700000000007,2,5,85.25,0.2562756981229774,-0.4967681999969963,7,12,0.32432432432432434,5,6,2,0
2915,QDERUYQRVSOFNB-UHFFFAOYSA-N,618.7780000000004,6.896300000000007,2,6,94.48000000000002,0.2562756981229774,-0.4967681999969963,8,13,0.34210526315789475,5,6,2,0
3130,QMMRHVHQOLFZMP-KGENOOAVSA-N,302.37700000000007,4.569800000000003,1,3,45.480000000000004,0.11511954547532008,-0.5079662355931864,3,2,0.2,3,4,1,0
3131,QMMRHVHQOLFZMP-KGENOOAVSA-N,318.3760000000001,4.275400000000003,2,4,65.71000000000001,0.1575460838947998,-0.5042596218775967,4,2,0.2,3,4,1,0
3133,QMMRHVHQOLFZMP-KGENOOAVSA-N,334.37500000000006,3.981000000000003,3,5,85.94000000000001,0.1997984945728672,-0.5041460805977238,5,2,0.2,3,4,1,0
2257,QMTYYVPOCHGFBA-ZHACJKMWSA-O,430.5030000000001,4.023500000000003,2,2,58.0,0.24350987337739752,-0.4967429680665144,6,8,0.15384615384615385,4,4,1,1
2258,QMTYYVPOCHGFBA-ZHACJKMWSA-O,430.5030000000001,4.023500000000003,2,2,58.0,0.24350987337739752,-0.4967429680665144,6,8,0.15384615384615385,4,4,1,1
2259,QMTYYVPOCHGFBA-ZHACJKMWSA-O,430.5030000000001,4.023500000000003,2,2,58.0,0.24350987337739752,-0.4967429680665144,6,8,0.15384615384615385,4,4,1,1
3994,QQPOIWRPDHPGOI-UHFFFAOYSA-O,340.2439999999999,4.260000000000003,0,0,7.9399999999999995,0.20480329748815088,-0.33901388301768404,3,1,0.16666666666666666,3,4,1,1
3995,QQPOIWRPDHPGOI-UHFFFAOYSA-O,387.2439999999999,4.102100000000004,0,0,7.9399999999999995,0.20479825685925857,-0.3390138830176879,3,1,0.16666666666666666,3,4,1,1
3996,QQPOIWRPDHPGOI-UHFFFAOYSA-O,275.375,3.805920000000002,0,0,7.9399999999999995,0.2047429467221321,-0.33901388301773,2,1,0.21052631578947367,3,4,1,1
2447,QTSKGKRAUSQIQD-UHFFFAOYSA-N,361.48900000000015,3.738800000000002,2,2,48.13,0.22271878419465307,-0.36088890070375457,4,6,0.34782608695652173,3,4,2,0
2448,QTSKGKRAUSQIQD-UHFFFAOYSA-N,375.5160000000001,4.047220000000003,2,2,48.13,0.22271878419467625,-0.36088890070375457,4,6,0.375,3,4,2,0
2449,QTSKGKRAUSQIQD-UHFFFAOYSA-N,405.5420000000002,4.055820000000003,2,3,57.36,0.2227187841947979,-0.4967429680665144,5,7,0.4,3,4,2,0
3944,RGKRBGOMLNQRHE-ZHZULCJRSA-N,425.48100000000017,3.803200000000003,0,7,66.46000000000001,0.23146927838769574,-0.49269237972961777,7,8,0.375,2,4,1,0
4525,RGKRBGOMLNQRHE-ZHZULCJRSA-N,365.42900000000014,3.786000000000003,0,5,48.0,0.23147169098837939,-0.4961347399769722,5,6,0.3181818181818182,2,4,1,0
4526,RGKRBGOMLNQRHE-ZHZULCJRSA-N,425.4810000000002,3.803200000000003,0,7,66.46000000000001,0.23147171184514453,-0.4927145892164918,7,8,0.375,2,4,1,0
1882,RIZHLFWUQTUAPS-VHEBQXMUSA-N,473.61700000000025,5.629700000000006,3,5,83.48,0.24349904434827216,-0.5042543435662299,6,11,0.3793103448275862,3,4,2,0
2899,RIZHLFWUQTUAPS-VHEBQXMUSA-N,503.6430000000003,5.638300000000006,3,6,92.71000000000001,0.24349906229419857,-0.5016992098708584,7,12,0.4,3,4,2,0
3055,RIZHLFWUQTUAPS-VHEBQXMUSA-N,472.58900000000034,5.823700000000005,2,5,97.16,0.26896485452448826,-0.38422175400150255,7,11,0.35714285714285715,3,4,3,0
646,RSNNTUWEOALCKI-UHFFFAOYSA-N,438.5440000000001,4.397400000000004,0,4,39.410000000000004,0.1733011471315039,-0.49285814686976853,6,8,0.28,3,4,0,1
647,RSNNTUWEOALCKI-UHFFFAOYSA-N,478.5900000000002,4.044900000000003,0,6,65.71000000000001,0.3373418332165583,-0.49285814686976853,7,9,0.2962962962962963,3,4,0,1
657,RSNNTUWEOALCKI-UHFFFAOYSA-N,420.5540000000001,4.258300000000004,0,4,39.410000000000004,0.17329773078492594,-0.49285814686976853,5,8,0.28,3,4,0,1
3161,RUENGMAURQTLGQ-UHFFFAOYSA-N,457.5780000000003,3.7016000000000027,4,5,105.06,0.23682291970580363,-0.4967417642992633,7,8,0.3333333333333333,4,5,3,0
3167,RUENGMAURQTLGQ-UHFFFAOYSA-N,461.99700000000036,4.346400000000004,4,4,95.83,0.23682291970580346,-0.38245077882433226,7,7,0.3076923076923077,4,5,3,0
3174,RUENGMAURQTLGQ-UHFFFAOYSA-N,427.5520000000003,3.693000000000003,4,4,95.83,0.23682291970580346,-0.3824507900466192,6,7,0.3076923076923077,4,5,3,0
2530,SAFHZFSRVDFRNP-PKAZHMFMSA-N,511.6940000000002,7.855640000000007,1,4,27.630000000000003,0.17367709567760434,-0.3086833473259202,4,3,0.14705882352941177,4,7,3,0
2532,SAFHZFSRVDFRNP-PKAZHMFMSA-N,552.5300000000002,8.545600000000002,1,4,27.630000000000003,0.17367709571646847,-0.3086833473257607,6,3,0.09375,4,7,3,0
2535,SAFHZFSRVDFRNP-PKAZHMFMSA-N,641.4320000000002,8.763800000000002,1,4,27.630000000000003,0.17367709570463022,-0.3086833473258093,6,3,0.09375,4,7,3,0
3860,SGIRALQRNVQBBG-UHFFFAOYSA-N,429.5200000000002,3.8420200000000024,0,6,56.71000000000001,0.14828330467039766,-0.4922640059967777,6,8,0.3076923076923077,3,4,1,0
3968,SGIRALQRNVQBBG-UHFFFAOYSA-N,430.5080000000002,3.1158,1,7,82.73,0.22063374820234408,-0.49226400599664777,7,8,0.28,3,4,2,0
4486,SGIRALQRNVQBBG-UHFFFAOYSA-N,429.5240000000002,3.1489000000000003,2,7,85.53,0.22063374814610573,-0.49226400599664777,7,8,0.28,3,4,3,0
2770,SNARGSJQPGYJPK-UHFFFAOYSA-N,392.29700000000014,4.352700000000003,2,4,63.25,0.41115107336485546,-0.44931291693838005,6,9,0.3333333333333333,2,2,2,0
2772,SNARGSJQPGYJPK-UHFFFAOYSA-N,412.3169999999999,4.905600000000004,2,5,72.48,0.4111153386727789,-0.49642606987126947,8,10,0.3684210526315789,2,2,2,0
2774,SNARGSJQPGYJPK-UHFFFAOYSA-N,382.2910000000001,4.897000000000003,2,4,63.25,0.4111153386727789,-0.4493133494897406,7,9,0.3333333333333333,2,2,2,0
2683,SSMGPKXGPNTFEL-UHFFFAOYSA-N,405.36600000000016,1.4638,0,7,117.89999999999998,0.26907614323745505,-0.29147487186838933,9,2,0.23809523809523808,2,5,3,0
2684,SSMGPKXGPNTFEL-UHFFFAOYSA-N,390.3950000000001,1.5642,0,6,83.99000000000001,0.24008831591268995,-0.49676588304483266,7,2,0.2727272727272727,2,5,2,0
2685,SSMGPKXGPNTFEL-UHFFFAOYSA-N,374.39600000000013,1.86402,0,5,74.76,0.24008828496367507,-0.29147487186838933,6,1,0.2727272727272727,2,5,2,0
2652,TTZDIEOPFYIOAI-UHFFFAOYSA-N,563.6210000000002,5.341580000000004,2,8,134.0,0.3077290079943609,-0.38416094118361327,9,6,0.08823529411764706,5,7,5,0
2653,TTZDIEOPFYIOAI-UHFFFAOYSA-N,591.6750000000002,5.958420000000006,2,8,134.0,0.30772900800139863,-0.38416094118361327,9,6,0.1388888888888889,5,7,5,0
2654,TTZDIEOPFYIOAI-UHFFFAOYSA-N,608.6180000000002,5.249780000000004,2,10,177.14,0.3077290081719878,-0.3841609411836131,12,7,0.08823529411764706,5,7,6,0
2457,TVAPPUQQGZUSQJ-UHFFFAOYSA-O,421.60200000000026,5.029620000000005,0,4,51.879999999999995,0.41444313750458195,-0.4030773004972363,6,10,0.75,1,2,1,1
2458,TVAPPUQQGZUSQJ-UHFFFAOYSA-O,379.5210000000002,4.003420000000003,0,4,51.879999999999995,0.4144431375045669,-0.403077300506316,6,8,0.7142857142857143,1,2,1,1
2459,TVAPPUQQGZUSQJ-UHFFFAOYSA-O,365.49400000000014,3.6133200000000025,0,4,51.879999999999995,0.4144431375045669,-0.403077300506316,6,7,0.7,1,2,1,1
2643,TXQBQEAKTWKEAO-UHFFFAOYSA-N,409.40900000000016,1.9547800000000002,2,8,134.0,0.3077097586298691,-0.38416934394819424,9,1,0.13636363636363635,3,6,5,0
2644,TXQBQEAKTWKEAO-UHFFFAOYSA-N,437.46300000000025,2.571620000000001,2,8,134.0,0.30770975863690686,-0.38416934394819424,9,1,0.20833333333333334,3,6,5,0
2645,TXQBQEAKTWKEAO-UHFFFAOYSA-N,454.40600000000023,1.86298,2,10,177.14,0.3077097588074959,-0.384169343948194,12,2,0.13636363636363635,3,6,6,0
584,UACIBCPNAKBWHX-GFTPRTEMSA-N,470.78600000000034,7.024700000000009,0,2,23.550000000000004,0.24599555032544693,-0.3392310133531872,3,5,0.9032258064516129,0,4,2,0
590,UACIBCPNAKBWHX-GFTPRTEMSA-N,374.6130000000002,4.710000000000004,1,2,32.34,0.20683802818279443,-0.35592648660873183,3,4,0.9583333333333334,0,4,2,0
916,UACIBCPNAKBWHX-GFTPRTEMSA-N,472.7140000000003,5.245800000000005,2,4,67.43,0.30248633505704337,-0.46005449815619426,5,5,0.8620689655172413,0,4,2,0
518,UFYBVHOUUMLJTI-UHFFFAOYSA-N,350.41800000000006,3.5405000000000024,1,4,50.8,0.4189815315380271,-0.49676588636883207,5,5,0.2857142857142857,2,3,2,0
530,UFYBVHOUUMLJTI-UHFFFAOYSA-N,312.3690000000001,3.2764000000000015,1,4,64.78999999999999,0.41898153153433787,-0.49676588636883207,5,3,0.2777777777777778,2,3,2,0
548,UFYBVHOUUMLJTI-UHFFFAOYSA-N,320.392,3.531900000000003,1,3,41.57,0.4189814983570481,-0.40995124090852364,4,4,0.25,2,3,2,0
1638,UICBHOXXGLYZJH-UHFFFAOYSA-N,352.41000000000014,3.384800000000002,0,4,40.800000000000004,0.21305487420423339,-0.49285872099162253,5,4,0.2857142857142857,3,4,0,1
3773,UICBHOXXGLYZJH-UHFFFAOYSA-N,324.356,2.778800000000002,2,4,62.8,0.2130547453792543,-0.5042527344691299,5,2,0.21052631578947367,3,4,0,1
3774,UICBHOXXGLYZJH-UHFFFAOYSA-N,296.3020000000001,2.1728000000000005,4,4,84.8,0.2130547434268335,-0.5042527344691299,5,0,0.11764705882352941,3,4,0,1
1347,ULLJVPKUDFDJKB-UHFFFAOYSA-O,352.45800000000014,3.811200000000002,1,3,41.57,0.41658728857848615,-0.4100932772255199,5,2,0.38095238095238093,2,4,3,1
1348,ULLJVPKUDFDJKB-UHFFFAOYSA-O,366.4850000000001,4.119620000000004,1,3,41.57,0.4165965558366838,-0.4100931649057688,5,2,0.4090909090909091,2,4,3,1
1349,ULLJVPKUDFDJKB-UHFFFAOYSA-O,394.53900000000016,4.934600000000005,1,3,41.57,0.4165872910146245,-0.41009327721893196,5,3,0.4583333333333333,2,4,3,1
3940,VGAYEOMAXFNLKY-PGMHBOJBSA-N,413.90100000000024,4.829500000000005,0,5,48.0,0.23146924724409318,-0.49662359417276075,6,6,0.34782608695652173,2,4,1,0
3941,VGAYEOMAXFNLKY-PGMHBOJBSA-N,349.43,4.167500000000003,0,4,38.769999999999996,0.23146441420781103,-0.49226405642902615,4,5,0.3181818181818182,2,4,1,0
3945,VGAYEOMAXFNLKY-PGMHBOJBSA-N,393.48300000000023,4.566200000000003,0,5,48.0,0.23146924003466088,-0.49374512783261437,5,7,0.375,2,4,1,0
3189,VKNWDCRSXKCHGZ-UHFFFAOYSA-N,369.46700000000004,4.293500000000003,0,5,50.52,0.335690345926514,-0.4227267458863788,6,3,0.15789473684210525,3,4,1,0
3190,VKNWDCRSXKCHGZ-UHFFFAOYSA-N,341.36300000000006,3.710700000000002,0,4,50.52,0.335690345926514,-0.4227267458863788,6,2,0.1111111111111111,3,4,1,0
3191,VKNWDCRSXKCHGZ-UHFFFAOYSA-N,353.39900000000006,3.5802000000000023,0,5,59.75,0.335690345926514,-0.49676818836543457,6,3,0.15789473684210525,3,4,1,0
2260,VTABYHUTDXEGBC-UHFFFAOYSA-O,432.51900000000006,3.9429000000000034,2,2,58.0,0.2198399029531869,-0.4967429680665144,6,9,0.23076923076923078,4,4,1,1
2261,VTABYHUTDXEGBC-UHFFFAOYSA-O,432.51900000000006,3.9429000000000034,2,2,58.0,0.2198399029531869,-0.4967429680665144,6,9,0.23076923076923078,4,4,1,1
2262,VTABYHUTDXEGBC-UHFFFAOYSA-O,432.51900000000006,3.9429000000000034,2,2,58.0,0.2198399029531869,-0.4967429680665144,6,9,0.23076923076923078,4,4,1,1
3003,VUDMGFTYAXLBJP-UHFFFAOYSA-N,464.5620000000002,4.232400000000004,1,6,81.01,0.2866613304843726,-0.4928398235862813,7,9,0.4074074074074074,3,4,2,0
3004,VUDMGFTYAXLBJP-UHFFFAOYSA-N,420.50900000000024,3.9208000000000034,2,5,82.78,0.28666130097636155,-0.5079370047627322,6,7,0.36,3,4,2,0
3005,VUDMGFTYAXLBJP-UHFFFAOYSA-N,434.5360000000002,4.223800000000003,1,5,71.78,0.2866613009763899,-0.4967385814882715,6,8,0.38461538461538464,3,4,2,0
4375,WATGCYZSCSXVKY-UHFFFAOYSA-N,252.233,2.5999999999999996,0,5,81.81,0.2696025587882822,-0.25830932121043737,6,2,0.0,3,3,1,0
4376,WATGCYZSCSXVKY-UHFFFAOYSA-N,221.26300000000003,3.0002200000000006,0,3,38.67,0.17823427956813026,-0.2506331287078646,3,1,0.07142857142857142,3,3,0,0
4377,WATGCYZSCSXVKY-UHFFFAOYSA-N,225.22600000000003,2.8309000000000006,0,3,38.67,0.17823429130021382,-0.25063311563681584,4,1,0.0,3,3,0,0
3729,WEJXNCZIDWRHGK-UXPWSPDFSA-N,484.89200000000034,3.8290000000000033,0,8,100.37,0.338569873744943,-0.4535843333809823,10,4,0.375,2,6,2,0
3730,WEJXNCZIDWRHGK-UXPWSPDFSA-N,464.47400000000033,3.484020000000002,0,8,100.37,0.3385683463447455,-0.4535843333809823,9,4,0.4,2,6,2,0
3731,WEJXNCZIDWRHGK-UXPWSPDFSA-N,484.89200000000034,3.8290000000000033,0,8,100.37,0.34009764438972223,-0.4535843333809823,10,4,0.375,2,6,2,0
65,WLYPVMOXMPMMFD-UHFFFAOYSA-N,350.26200000000006,3.494600000000001,2,3,59.14,0.4120020721273319,-0.4932615283708803,9,0,0.4,1,3,1,0
66,WLYPVMOXMPMMFD-UHFFFAOYSA-N,296.29200000000003,2.9522000000000004,2,3,59.14,0.4120020717698441,-0.49326152837088094,6,0,0.4,1,3,1,0
69,WLYPVMOXMPMMFD-UHFFFAOYSA-N,296.292,2.9522000000000004,2,3,59.14,0.4093185121653643,-0.49326152837088094,6,0,0.4,1,3,1,0
1906,XAYDDCXQBZBODU-UHFFFAOYSA-N,480.69300000000044,5.946900000000006,1,5,42.96,0.16056754031748321,-0.4936014809420342,5,12,0.6,2,4,2,0
1907,XAYDDCXQBZBODU-UHFFFAOYSA-N,466.66600000000045,5.558400000000005,1,5,42.96,0.16056754031748321,-0.4936014809420342,5,12,0.5862068965517241,2,4,2,0
1909,XAYDDCXQBZBODU-UHFFFAOYSA-N,482.6650000000004,4.529200000000004,2,6,63.19,0.16056754031748321,-0.4936014809420342,6,12,0.5862068965517241,2,4,2,0
1698,XEWBJNBOXVLEJL-UHFFFAOYSA-N,405.4980000000003,4.641620000000003,1,6,87.33,0.34013383283077087,-0.49676781830658395,6,4,0.375,3,4,1,0
1701,XEWBJNBOXVLEJL-UHFFFAOYSA-N,393.4620000000002,4.772120000000004,1,5,78.1,0.34013383279549847,-0.46232696039763127,6,3,0.34782608695652173,3,4,1,0
1702,XEWBJNBOXVLEJL-UHFFFAOYSA-N,435.52400000000034,4.6502200000000045,1,7,96.56,0.3401338516510519,-0.49286955870382804,7,5,0.4,3,4,1,0
29,XFKJDSXEQSVMRW-UHFFFAOYSA-N,314.39300000000003,0.5947600000000013,2,7,91.26,0.1691810982985032,-0.46335934269442725,7,7,0.5,1,2,6,0
30,XFKJDSXEQSVMRW-UHFFFAOYSA-N,328.42,0.9848600000000001,2,7,91.26,0.1691810982985032,-0.4633591655018993,7,8,0.5294117647058824,1,2,6,0
31,XFKJDSXEQSVMRW-UHFFFAOYSA-N,342.44700000000006,1.3749600000000006,2,7,91.26,0.1691810982985032,-0.4633589881805081,7,9,0.5555555555555556,1,2,6,0
2018,XKKFXCKMPXLPKK-UHFFFAOYSA-N,567.7370000000004,8.212400000000006,3,4,82.7,0.26942641436500725,-0.38422175400150255,6,10,0.2702702702702703,6,7,2,0
2019,XKKFXCKMPXLPKK-UHFFFAOYSA-N,585.7270000000004,8.351500000000005,3,4,82.7,0.2694264143652414,-0.38422175400150255,7,10,0.2702702702702703,6,7,2,0
2020,XKKFXCKMPXLPKK-UHFFFAOYSA-N,597.7630000000003,8.221000000000007,3,5,91.93,0.2694264143653201,-0.49676780284887306,7,11,0.2894736842105263,6,7,2,0
3162,XLVSJMJWAUTOHH-UHFFFAOYSA-N,471.6050000000003,4.091700000000003,4,5,105.06,0.23676190076676207,-0.49674176429932765,7,9,0.35714285714285715,4,5,3,0
3168,XLVSJMJWAUTOHH-UHFFFAOYSA-N,476.0240000000003,4.736500000000004,4,4,95.83,0.236761900766762,-0.38415347526906146,7,8,0.3333333333333333,4,5,3,0
3175,XLVSJMJWAUTOHH-UHFFFAOYSA-N,441.57900000000024,4.0831000000000035,4,4,95.83,0.236761900766762,-0.3841534864912022,6,8,0.3333333333333333,4,5,3,0
2906,XOGKUCCUYXLQCD-UHFFFAOYSA-N,567.0890000000004,5.980700000000005,2,5,85.25,0.25633782142751776,-0.4967681999969963,8,8,0.24242424242424243,5,6,2,0
2913,XOGKUCCUYXLQCD-UHFFFAOYSA-N,532.6440000000003,5.327300000000005,2,5,85.25,0.25633782142751776,-0.4967681999969963,7,8,0.24242424242424243,5,6,2,0
2919,XOGKUCCUYXLQCD-UHFFFAOYSA-N,562.6700000000004,5.335900000000005,2,6,94.48000000000002,0.25633782142751793,-0.4967681999969963,8,9,0.2647058823529412,5,6,2,0
2285,XPJRKOPDDZHKQB-UHFFFAOYSA-N,632.2490000000001,8.248200000000006,4,5,108.14,0.41210082275649956,-0.41033302381548037,9,16,0.4722222222222222,4,5,3,0
2291,XPJRKOPDDZHKQB-UHFFFAOYSA-N,597.8040000000002,7.594800000000009,4,5,108.14,0.41210082275649956,-0.41033302381548037,8,16,0.4722222222222222,4,5,3,0
2292,XPJRKOPDDZHKQB-UHFFFAOYSA-N,632.2490000000001,8.248200000000006,4,5,108.14,0.41210082275649956,-0.41033302381548037,9,16,0.4722222222222222,4,5,3,0
4515,XSDOUTCGNPXQDF-UHFFFAOYSA-N,354.45000000000016,3.5545000000000027,1,4,50.8,0.22708397823279858,-0.4928675351081447,5,6,0.38095238095238093,2,3,2,0
4516,XSDOUTCGNPXQDF-UHFFFAOYSA-N,324.42400000000004,3.5459000000000023,1,3,41.57,0.22718403117470393,-0.4945794477563673,4,5,0.35,2,3,2,0
4517,XSDOUTCGNPXQDF-UHFFFAOYSA-N,324.4240000000001,3.5459000000000023,1,3,41.57,0.227081869148256,-0.4967658883917639,4,5,0.35,2,3,2,0
3963,XSRAKZVLHDSYCR-YWCZSCKXSA-N,599.6870000000002,5.764800000000005,3,6,101.68,0.2499987521224409,-0.49646525436669736,8,6,0.24324324324324326,5,8,2,0
3964,XSRAKZVLHDSYCR-YWCZSCKXSA-N,599.6870000000002,5.764800000000005,3,6,101.68,0.24999873067298148,-0.49675776171317215,8,6,0.24324324324324326,5,8,2,0
3965,XSRAKZVLHDSYCR-YWCZSCKXSA-N,614.6580000000001,5.664400000000004,3,7,135.59,0.269210228046788,-0.4928587892629313,10,6,0.2222222222222222,5,8,3,0
1883,XWILTRCLQISZDK-UHFFFAOYSA-N,419.5290000000002,4.133600000000004,4,6,116.65,0.1920946518605826,-0.5055375661523175,7,8,0.375,3,4,3,0
1885,XWILTRCLQISZDK-UHFFFAOYSA-N,404.51400000000024,4.847200000000004,3,6,90.63000000000001,0.14247654359254588,-0.5056252868002719,6,8,0.375,3,4,2,0
1888,XWILTRCLQISZDK-UHFFFAOYSA-N,345.49000000000024,5.333500000000004,1,3,37.81,0.07257891383351685,-0.3842217524690359,3,7,0.391304347826087,3,4,1,0
2267,XYHRIOOWVZYHPW-UHFFFAOYSA-N,517.6700000000004,5.455160000000005,3,6,92.71000000000001,0.26341716717776825,-0.5073814178920806,7,7,0.4838709677419355,3,5,2,0
2272,XYHRIOOWVZYHPW-UHFFFAOYSA-N,487.64400000000035,5.446560000000004,3,5,83.48,0.26341716717776825,-0.5073814178920806,6,6,0.4666666666666667,3,5,2,0
2274,XYHRIOOWVZYHPW-UHFFFAOYSA-N,522.0890000000003,6.099960000000006,3,5,83.48,0.26341716717776825,-0.5073814178920806,7,6,0.4666666666666667,3,5,2,0
4550,YHYRFYGZJRXSJH-UHFFFAOYSA-N,280.3960000000001,4.424300000000002,1,3,38.91,0.07261643186341994,-0.39790197910319164,3,1,0.23529411764705882,3,4,1,0
4551,YHYRFYGZJRXSJH-UHFFFAOYSA-N,314.8410000000002,5.077700000000003,1,3,38.91,0.09344099733713172,-0.39790197910315234,4,1,0.23529411764705882,3,4,1,0
4552,YHYRFYGZJRXSJH-UHFFFAOYSA-N,294.423,4.732720000000003,1,3,38.91,0.07261643187359536,-0.39790197910318403,3,1,0.2777777777777778,3,4,1,0
2938,YIIKATLXAHKFIN-UHFFFAOYSA-N,572.691,4.839700000000004,3,9,127.36000000000001,0.2665737691427481,-0.4967417642992633,11,10,0.36666666666666664,4,6,3,0
2940,YIIKATLXAHKFIN-UHFFFAOYSA-N,577.1099999999999,5.484500000000004,3,8,118.13000000000001,0.266573769142748,-0.4798082075165422,11,9,0.3448275862068966,4,6,3,0
2943,YIIKATLXAHKFIN-UHFFFAOYSA-N,542.6650000000001,4.831100000000004,3,8,118.13000000000001,0.266573769142748,-0.4798082075165422,10,9,0.3448275862068966,4,6,3,0
34,YLQBMQCUIZJEEH-UHFFFAOYSA-N,302.38200000000006,0.4985600000000012,3,7,100.04999999999998,0.1689554832435308,-0.46335934269891277,7,9,0.4666666666666667,1,1,6,0
35,YLQBMQCUIZJEEH-UHFFFAOYSA-N,358.4900000000002,2.0557600000000003,3,7,100.04999999999998,0.1689554832435308,-0.46335857354540183,7,11,0.5789473684210527,1,1,6,0
44,YLQBMQCUIZJEEH-UHFFFAOYSA-N,314.411,1.4589999999999999,2,7,83.58,0.27357019168239366,-0.4638409773706315,8,10,0.5384615384615384,1,1,4,0
2524,YYQJDQOYLBWLJL-POAOKBCDSA-N,415.5360000000001,6.391700000000006,0,2,20.310000000000002,0.18714273169786722,-0.2902894907520555,2,4,0.1,4,5,1,0
2526,YYQJDQOYLBWLJL-POAOKBCDSA-N,443.59000000000026,7.008540000000006,0,2,20.310000000000002,0.18714273171754026,-0.29028949075201727,2,4,0.15625,4,5,1,0
2527,YYQJDQOYLBWLJL-POAOKBCDSA-N,573.3280000000002,7.916700000000006,0,2,20.310000000000002,0.1871427317741682,-0.2902894907519074,4,4,0.1,4,5,1,0
814,ZERKZBWFZJBWEF-UHFFFAOYSA-N,385.4630000000001,5.1006000000000045,0,4,42.68,0.3436823023059552,-0.49674104764735044,4,6,0.16,4,4,1,0
816,ZERKZBWFZJBWEF-UHFFFAOYSA-N,385.4630000000001,5.1006000000000045,0,4,42.68,0.34368445432915323,-0.49662361521931353,4,6,0.16,4,4,1,0
817,ZERKZBWFZJBWEF-UHFFFAOYSA-N,415.48900000000015,5.109200000000005,0,5,51.91,0.34368450886693525,-0.4928423221844784,5,7,0.19230769230769232,4,4,1,0
4460,ZGQABPLJNQKODP-UHFFFAOYSA-N,337.38300000000004,2.6266000000000007,5,3,115.53,0.3187455045443906,-0.4091533569175648,7,5,0.1111111111111111,3,3,4,0
4461,ZGQABPLJNQKODP-UHFFFAOYSA-N,371.82800000000003,3.280000000000001,5,3,115.53,0.31874550454443645,-0.4091533569175648,8,5,0.1111111111111111,3,3,4,0
4462,ZGQABPLJNQKODP-UHFFFAOYSA-N,367.4090000000001,2.6352,5,4,124.75999999999999,0.31874550454451267,-0.4967429680665144,8,6,0.15789473684210525,3,3,4,0
1285,ZIDVXYDWJIVBSC-UHFFFAOYSA-N,506.73800000000045,8.405200000000004,2,4,49.84,0.07257891383351685,-0.3842217540372765,4,11,0.47058823529411764,4,6,2,0
1288,ZIDVXYDWJIVBSC-UHFFFAOYSA-N,542.7180000000002,8.683400000000002,2,4,49.84,0.12490392849251428,-0.3842217316614325,6,11,0.47058823529411764,4,6,2,0
1291,ZIDVXYDWJIVBSC-UHFFFAOYSA-N,575.628,9.711999999999996,2,4,49.84,0.07406182474386742,-0.3842217428151369,6,11,0.47058823529411764,4,6,2,0
4027,ZJEMMILNQUDGAY-UHFFFAOYSA-N,338.4070000000001,3.1861000000000015,1,3,58.64,0.253349561380497,-0.4967658883917639,5,4,0.3,2,3,2,0
4028,ZJEMMILNQUDGAY-UHFFFAOYSA-N,338.40700000000004,3.1861000000000015,1,3,58.64,0.2533495613804972,-0.4945794477563365,5,4,0.3,2,3,2,0
4029,ZJEMMILNQUDGAY-UHFFFAOYSA-N,368.43300000000016,3.194700000000002,1,4,67.87,0.253349561380497,-0.4928675351081447,6,5,0.3333333333333333,2,3,2,0
2073,ZKFPNRHTYYBOLG-UHFFFAOYSA-N,501.6710000000004,5.836660000000005,3,5,83.48,0.2634161142785181,-0.5073814178920806,6,7,0.4838709677419355,3,5,2,0
2268,ZKFPNRHTYYBOLG-UHFFFAOYSA-N,531.6970000000003,5.845260000000007,3,6,92.71000000000001,0.2634161142785181,-0.5073814178920806,7,8,0.5,3,5,2,0
2275,ZKFPNRHTYYBOLG-UHFFFAOYSA-N,536.1160000000003,6.490060000000006,3,5,83.48,0.2634161142785181,-0.5073814178920806,7,7,0.4838709677419355,3,5,2,0
1723,ZXNYKJWIZZJZPB-UEJDYGPVSA-N,612.5570000000004,6.593700000000006,1,4,69.72,0.24942564016413324,-0.3337400217680118,8,4,0.2857142857142857,3,7,3,0
1724,ZXNYKJWIZZJZPB-UEJDYGPVSA-N,681.4470000000002,7.900500000000006,1,4,69.72,0.24942564016413324,-0.333740007067091,10,4,0.2857142857142857,3,7,3,0
1725,ZXNYKJWIZZJZPB-UEJDYGPVSA-N,633.6610000000003,5.103300000000005,1,8,156.0,0.26952240526969445,-0.333740021496619,12,6,0.2857142857142857,3,7,5,0
846,ZXTSTMWVWDUFAQ-UHFFFAOYSA-N,385.5110000000001,5.4689800000000055,0,3,56.46,0.2556809403686841,-0.2939906357563425,4,6,0.4,2,4,3,0
848,ZXTSTMWVWDUFAQ-UHFFFAOYSA-N,460.6180000000002,6.552600000000007,0,4,58.97,0.33877814256450556,-0.4563541826596961,5,7,0.4827586206896552,2,4,2,0
849,ZXTSTMWVWDUFAQ-UHFFFAOYSA-N,418.53700000000015,5.383900000000005,0,4,58.97,0.3379789345782385,-0.46540156000360117,5,7,0.4230769230769231,2,4,2,0
3718,ADESHZMJQLDWKW-JUKUECOXSA-N,638.8130000000003,4.845400000000004,3,7,117.53,0.21950600454191319,-0.49285727245765737,10,14,0.4864864864864865,4,7,2,0
3720,ADESHZMJQLDWKW-JUKUECOXSA-N,668.839,4.8540000000000045,3,8,126.76,0.21950600454203487,-0.4967429680665144,11,15,0.5,4,7,2,0
3974,AIFRHYZBTHREPW-UHFFFAOYSA-N,240.26199999999997,2.9273000000000007,1,3,54.980000000000004,0.17976295966344222,-0.49668697496102826,4,2,0.14285714285714285,3,3,0,0
3975,AIFRHYZBTHREPW-UHFFFAOYSA-N,250.301,3.1397200000000014,0,2,27.05,0.12048395582148333,-0.49668684694845355,3,2,0.1875,3,3,0,0
2711,AKAGGWSNVWAIRP-WEVVVXLNSA-O,331.43899999999996,3.6713000000000022,0,2,16.35,0.21221881747414686,-0.37777781997653287,3,3,0.22727272727272727,3,4,1,1
2712,AKAGGWSNVWAIRP-WEVVVXLNSA-O,361.4650000000002,3.6799000000000017,0,3,25.580000000000002,0.21221881747424406,-0.49456337869443173,4,4,0.2608695652173913,3,4,1,1
2306,ALUMRCODWIMCFJ-UHFFFAOYSA-N,471.6010000000002,6.270700000000006,2,5,76.39,0.286540357535489,-0.492820796983233,6,11,0.3793103448275862,4,5,2,0
2324,ALUMRCODWIMCFJ-UHFFFAOYSA-N,441.5750000000003,6.2621000000000056,2,4,67.16,0.2865365869816967,-0.4509194339417015,5,10,0.35714285714285715,4,5,2,0
2212,ASYMEXMFTJJQKN-UHFFFAOYSA-N,476.9830000000001,6.0468000000000055,1,4,54.04,0.16111541021641182,-0.36084023360605355,7,7,0.25925925925925924,4,5,1,0
2213,ASYMEXMFTJJQKN-UHFFFAOYSA-N,456.5650000000002,5.701820000000006,1,4,54.040000000000006,0.1613727067731256,-0.36084023360605355,6,7,0.2857142857142857,4,5,1,0
1143,AYMKUDMWKRYQAG-WDEREUQCSA-N,344.4990000000002,4.479300000000004,1,3,41.57,0.4121006230536464,-0.41034764494270853,4,8,0.6666666666666666,1,3,2,0
1144,AYMKUDMWKRYQAG-WDEREUQCSA-N,330.47200000000015,4.0892000000000035,1,3,41.57,0.4121006230536374,-0.41034764494270853,4,7,0.65,1,3,2,0
2298,AZSNCMXKYRSIGD-UHFFFAOYSA-N,236.15999999999994,1.6247999999999998,0,6,71.06,0.5289871791363047,-0.46556111630432845,7,2,0.625,0,1,0,0
2299,AZSNCMXKYRSIGD-UHFFFAOYSA-N,278.241,2.7935000000000008,0,6,71.06,0.5289871791537447,-0.4565137402541009,7,2,0.7272727272727273,0,1,0,0
1342,BEYZPMKEFLSJEI-UHFFFAOYSA-N,496.69900000000024,7.299800000000007,3,5,70.07,0.1457801855362461,-0.5053215300811866,5,13,0.4375,4,5,2,0
1344,BEYZPMKEFLSJEI-UHFFFAOYSA-N,531.1440000000002,7.953200000000007,3,5,70.07,0.14588871191307512,-0.5053196395787224,6,13,0.4375,4,5,2,0
2309,BFCQNBAYDZOIHV-UHFFFAOYSA-N,413.56500000000017,6.231800000000005,2,4,50.09,0.133845106758918,-0.4597174813052652,4,10,0.37037037037037035,4,5,2,0
2310,BFCQNBAYDZOIHV-UHFFFAOYSA-N,443.59100000000024,6.2404000000000055,2,5,59.32,0.17566274387173422,-0.4928211641720091,5,11,0.39285714285714285,4,5,2,0
3490,BHSMWYLFMWGEGM-UHFFFAOYSA-N,573.7780000000001,7.260600000000007,3,6,92.71000000000001,0.22351508839786524,-0.5042448501644395,7,14,0.5428571428571428,3,5,2,0
3498,BHSMWYLFMWGEGM-UHFFFAOYSA-N,608.2230000000001,7.914000000000009,3,6,92.71000000000001,0.22351508839786524,-0.5042448501644395,8,14,0.5428571428571428,3,5,2,0
597,BLMXFPRHYAECRY-UHFFFAOYSA-N,338.4070000000001,4.059820000000003,1,4,50.800000000000004,0.41659655575906046,-0.41009318738578443,5,2,0.35,2,4,2,0
598,BLMXFPRHYAECRY-UHFFFAOYSA-N,366.4610000000001,4.874800000000004,1,4,50.800000000000004,0.4165872909370011,-0.4100932996989476,5,3,0.4090909090909091,2,4,2,0
706,BLMXFPRHYAECRY-VYIIXAMBSA-N,366.4610000000001,4.874800000000004,1,4,50.800000000000004,0.4165872909370011,-0.4100932996989476,5,3,0.4090909090909091,2,4,2,0
708,BLMXFPRHYAECRY-VYIIXAMBSA-N,338.4070000000001,4.059820000000003,1,4,50.800000000000004,0.41659655575906046,-0.41009318738578443,5,2,0.35,2,4,2,0
981,BNFDZLOQSFVVEC-UHFFFAOYSA-N,331.5100000000001,4.771600000000004,1,5,51.8,0.1734751998439011,-0.39718298121295986,5,3,0.5294117647058824,2,4,1,0
982,BNFDZLOQSFVVEC-UHFFFAOYSA-N,345.53700000000015,5.161700000000004,1,5,51.8,0.17347519984393123,-0.39718298120841566,5,4,0.5555555555555556,2,4,1,0
1573,BQBKATFOXWUDLB-UHFFFAOYSA-N,607.2860000000002,10.565899999999992,2,4,49.84,0.0740626765426433,-0.3842217540372765,5,12,0.48717948717948717,4,7,2,0
1578,BQBKATFOXWUDLB-UHFFFAOYSA-N,641.731,11.219299999999988,2,4,49.84,0.0740626765426433,-0.384221742815137,6,12,0.48717948717948717,4,7,2,0
1317,BSFBZLJJPSYZOM-UHFFFAOYSA-N,497.68700000000047,5.467800000000005,3,4,73.05000000000001,0.21983119282513594,-0.3841722993082823,6,12,0.41935483870967744,4,5,3,0
1318,BSFBZLJJPSYZOM-UHFFFAOYSA-N,532.1320000000003,6.121200000000005,3,4,73.05000000000001,0.21983119282513594,-0.3841722880861419,7,12,0.41935483870967744,4,5,3,0
4179,BSXSSABLTDVJDT-UHFFFAOYSA-O,611.7640000000005,3.4930400000000033,0,6,131.14000000000001,0.3306598054146125,-0.3201011616366621,12,17,0.5625,3,3,2,1
4183,BSXSSABLTDVJDT-UHFFFAOYSA-O,634.7640000000006,4.603640000000005,0,4,88.0,0.4163950411964949,-0.32030483789154457,12,16,0.5757575757575758,3,3,1,1
2315,BWWUAZJYGRIHDC-UHFFFAOYSA-N,543.7110000000004,8.890600000000001,1,5,54.440000000000005,0.13384530869919897,-0.45970892272023134,5,12,0.3055555555555556,6,7,2,0
2316,BWWUAZJYGRIHDC-UHFFFAOYSA-N,603.7630000000003,8.907800000000002,1,7,72.9,0.17566294579997843,-0.4928211641653676,7,14,0.34210526315789475,6,7,2,0
465,BZFWBAOVKAGSFN-NWDGAFQWSA-N,268.33500000000004,3.9521000000000024,1,2,38.91,0.1249039266680027,-0.39789343041515424,3,0,0.35294117647058826,2,4,1,0
1580,BZFWBAOVKAGSFN-NWDGAFQWSA-N,284.7900000000001,4.466400000000003,1,2,38.91,0.07405539221281891,-0.3978934415629028,3,0,0.35294117647058826,2,4,1,0
1651,CHESWRHKCUTCBE-UHFFFAOYSA-N,343.35200000000015,4.632500000000002,1,3,51.8,0.416778575033714,-0.39784125382809654,6,1,0.2631578947368421,3,4,1,0
1654,CHESWRHKCUTCBE-UHFFFAOYSA-N,329.32500000000016,4.386500000000002,1,3,51.8,0.4167785750278576,-0.3978413993993263,6,1,0.2222222222222222,3,4,1,0
1905,CLMAEFKVAQVHEY-UHFFFAOYSA-N,466.6660000000004,5.556800000000005,1,5,42.96,0.16056754031748321,-0.4936014809420342,5,12,0.5862068965517241,2,4,2,0
1908,CLMAEFKVAQVHEY-UHFFFAOYSA-N,452.6390000000004,5.168300000000005,1,5,42.96,0.16056754031748321,-0.4936014809420342,5,12,0.5714285714285714,2,4,2,0
3710,CWBJELZIHSQSHL-UHFFFAOYSA-N,454.53400000000016,3.6046000000000014,3,5,103.01000000000002,0.25600834528760347,-0.3491602844382709,8,6,0.23076923076923078,4,5,3,0
3711,CWBJELZIHSQSHL-UHFFFAOYSA-N,472.52400000000017,3.7437000000000014,3,5,103.01000000000002,0.25600834528760347,-0.3491602844382709,9,6,0.23076923076923078,4,5,3,0
2751,CXXXASZSTJDALY-UHFFFAOYSA-N,386.4070000000001,3.6770000000000023,1,5,75.71000000000001,0.3060229166168576,-0.4967658917423299,6,5,0.08695652173913043,3,4,2,0
2752,CXXXASZSTJDALY-UHFFFAOYSA-N,435.2770000000001,4.430900000000004,1,4,66.48,0.3060229166168576,-0.38096535194203085,6,4,0.045454545454545456,3,4,2,0
1629,DCFXDNUUQBWFFR-UHFFFAOYSA-N,360.4650000000001,3.121360000000001,2,6,101.76,0.14597655449611233,-0.3825243617844842,6,6,0.38095238095238093,2,3,5,0
1766,DCFXDNUUQBWFFR-UHFFFAOYSA-N,379.8950000000001,4.192560000000004,1,5,75.74000000000001,0.1488130845597269,-0.36891340102189873,6,6,0.38095238095238093,2,3,4,0
4052,DDKKGAJXXCAMEW-AFUMVMLFSA-N,466.3900000000002,6.810100000000002,1,5,67.74000000000001,0.41591207929839086,-0.4632479267815851,9,4,0.04,5,5,2,0
4053,DDKKGAJXXCAMEW-AFUMVMLFSA-N,478.42600000000016,6.679600000000003,1,6,76.97,0.41591207929839086,-0.496767786553071,9,5,0.07692307692307693,5,5,2,0
4008,DEGUCBACNWCFPX-UHFFFAOYSA-N,436.59600000000023,6.030700000000007,1,4,54.7,0.15170750716676312,-0.5079555105076196,5,14,0.4444444444444444,3,3,1,0
4012,DEGUCBACNWCFPX-UHFFFAOYSA-N,436.59600000000023,6.030700000000007,1,4,54.7,0.15170750716676312,-0.5079666315527963,5,14,0.4444444444444444,3,3,1,0
3716,DFLQQJXXKXGEQT-DITALETJSA-N,596.7320000000002,3.6751000000000014,3,7,117.53,0.2413102973470456,-0.49285727245765737,10,11,0.4411764705882353,4,7,2,0
3719,DFLQQJXXKXGEQT-DITALETJSA-N,626.7580000000002,3.6837000000000026,3,8,126.76,0.2413102973471673,-0.4967429680665144,11,12,0.45714285714285713,4,7,2,0
2087,DHLYNZLODLVAFM-UHFFFAOYSA-N,407.98600000000033,5.181600000000005,2,5,71.08,0.129699123022868,-0.4959818422047229,6,7,0.6818181818181818,1,3,3,0
4415,DHLYNZLODLVAFM-UHFFFAOYSA-N,422.0130000000001,5.353800000000005,1,5,60.08,0.12969921827516695,-0.49598184144559104,6,8,0.6956521739130435,1,3,3,0
1974,DIRLNGVZIACMRC-CZIZESTLSA-N,636.2360000000002,8.487200000000003,2,6,74.69,0.16175093526020784,-0.5040306995411955,7,11,0.3333333333333333,4,6,2,0
1975,DIRLNGVZIACMRC-CZIZESTLSA-N,579.1400000000004,8.425600000000003,2,5,71.45,0.16024905032781311,-0.5042546045038995,6,9,0.2777777777777778,4,6,1,0
2757,DPHHXAHMHZTUKC-QRIDDKLISA-N,524.7420000000004,6.999100000000008,1,5,80.67000000000002,0.18366541482161886,-0.4902409631875838,5,9,0.6666666666666666,0,3,0,0
2758,DPHHXAHMHZTUKC-QRIDDKLISA-N,568.7950000000003,6.606000000000008,2,6,100.89999999999998,0.18368924514957494,-0.490240963157988,6,11,0.6857142857142857,0,3,0,0
1886,DRZHLPIRTGYXKK-UHFFFAOYSA-N,390.48700000000025,4.457100000000005,3,6,90.63000000000001,0.14247654359269218,-0.5056252868002717,6,7,0.34782608695652173,3,4,2,0
2920,DRZHLPIRTGYXKK-UHFFFAOYSA-N,424.9320000000003,5.1105000000000045,3,6,90.63000000000001,0.14247654359269218,-0.5056252868002717,7,7,0.34782608695652173,3,4,2,0
3688,DXZUJGHPCQSCHE-UHFFFAOYSA-N,425.5360000000001,4.266900000000003,2,4,73.91,0.27193278112954766,-0.3503428670750992,6,6,0.2692307692307692,4,5,2,0
3689,DXZUJGHPCQSCHE-UHFFFAOYSA-N,443.5260000000001,4.406000000000003,2,4,73.91,0.27193278112954766,-0.35034286707509893,7,6,0.2692307692307692,4,5,2,0
1547,DZBUGLKDJFMEHC-UHFFFAOYSA-N,399.9660000000002,5.972400000000006,1,4,37.39,0.1191905830414167,-0.4967417626412721,5,9,0.43478260869565216,3,3,2,0
3360,DZBUGLKDJFMEHC-UHFFFAOYSA-N,179.22199999999998,3.3880000000000017,0,1,12.89,0.07092271232966951,-0.24779730903285963,1,0,0.0,3,3,0,0
4054,DZXQKWIYTNJLDC-UHFFFAOYSA-N,238.24200000000002,3.585300000000002,0,3,39.44,0.19229632767616323,-0.4640790953928973,3,2,0.0,3,3,0,0
4056,DZXQKWIYTNJLDC-UHFFFAOYSA-N,252.269,3.893720000000002,0,3,39.44,0.19257343953501738,-0.46110566978922835,3,2,0.0625,3,3,0,0
2337,FBXOOPKVYFVFRA-UHFFFAOYSA-N,513.5570000000002,4.719180000000004,2,7,125.28999999999999,0.30949038314639915,-0.38416000738716816,8,6,0.0967741935483871,4,6,5,0
2341,FBXOOPKVYFVFRA-UHFFFAOYSA-N,671.3490000000002,6.2441800000000045,2,7,125.28999999999999,0.3094904002038761,-0.38416000738707035,10,6,0.0967741935483871,4,6,5,0
1028,FGAWVKNKFZRACR-UHFFFAOYSA-N,234.18799999999993,2.0833,0,5,61.83,0.3781129764603155,-0.46556220287471917,6,2,0.6666666666666666,0,1,0,0
2300,FGAWVKNKFZRACR-UHFFFAOYSA-N,248.21499999999995,2.4734000000000007,0,5,61.83000000000001,0.3783706990490653,-0.46556220287471284,6,3,0.7,0,1,0,0
700,FKFJZGFHHCYXOR-UHFFFAOYSA-N,470.6170000000003,5.631700000000005,4,4,90.04,0.21950483001375626,-0.5079413894524779,6,10,0.3793103448275862,4,5,2,0
703,FKFJZGFHHCYXOR-UHFFFAOYSA-N,489.0630000000004,6.579500000000006,3,3,69.81,0.21950483001363463,-0.38417831728285595,6,10,0.3793103448275862,4,5,2,0
1999,FOGMSWLUAUAHDJ-UHFFFAOYSA-N,393.48300000000023,4.191200000000004,0,5,51.910000000000004,0.3392264573901309,-0.4967570868211329,5,7,0.375,3,4,1,0
2000,FOGMSWLUAUAHDJ-UHFFFAOYSA-N,363.4570000000001,4.182600000000003,0,4,42.68,0.3392264573901309,-0.49211982475196836,4,6,0.34782608695652173,3,4,1,0
3556,FPQXGJLVJGKXJD-UHFFFAOYSA-N,644.8120000000002,7.60020000000001,1,7,75.38,0.20375050496602481,-0.5068927400186573,7,13,0.34146341463414637,5,7,2,0
3558,FPQXGJLVJGKXJD-UHFFFAOYSA-N,672.8660000000003,8.722200000000003,1,7,75.38,0.20375050496602481,-0.5068927400186573,7,13,0.37209302325581395,5,7,2,0
4479,FVSZSXKCFKSTNT-UHFFFAOYSA-N,582.7930000000003,5.446580000000006,0,6,98.06,0.3306598053166013,-0.2993120202248336,8,18,0.4857142857142857,3,3,4,0
4480,FVSZSXKCFKSTNT-UHFFFAOYSA-N,648.8450000000004,5.276420000000005,0,8,103.08,0.3373525772703583,-0.4654173978067475,10,20,0.5135135135135135,3,3,2,0
2226,FVSZSXKCFKSTNT-UHFFFAOYSA-P,680.8910000000003,6.589020000000008,0,6,130.28,0.3306598054937618,-0.3201011616367628,12,22,0.5675675675675675,3,3,4,2
4176,FVSZSXKCFKSTNT-UHFFFAOYSA-P,590.8970000000004,6.772620000000008,0,2,44.0,0.3306598054937618,-0.32031818066685364,6,20,0.5675675675675675,3,3,2,2
709,FXHKMZQULJFLCI-HTLJXXAVSA-N,276.33599999999996,2.2488,1,4,50.800000000000004,0.4120909619494512,-0.4103451996790838,5,2,0.5333333333333333,1,3,2,0
711,FXHKMZQULJFLCI-HTLJXXAVSA-N,262.30899999999997,1.8587,1,4,50.800000000000004,0.4118385182073704,-0.41035226188132234,5,1,0.5,1,3,2,0
595,FXHKMZQULJFLCI-UHFFFAOYSA-N,262.30899999999997,1.8587,1,4,50.800000000000004,0.4118385182073704,-0.41035226188132234,5,1,0.5,1,3,2,0
596,FXHKMZQULJFLCI-UHFFFAOYSA-N,276.33599999999996,2.2488,1,4,50.800000000000004,0.4120909619494512,-0.4103451996790838,5,2,0.5333333333333333,1,3,2,0
1615,FXNSMRYOOIJHGY-UHFFFAOYSA-N,477.7410000000005,5.1878000000000055,1,5,34.64,0.07257892018040663,-0.3829343122685668,5,10,0.7,2,5,4,0
1616,FXNSMRYOOIJHGY-UHFFFAOYSA-N,463.7140000000005,4.797700000000004,1,5,34.64,0.07257892018040663,-0.3829343122685668,5,9,0.6896551724137931,2,5,4,0
888,FZOCLHXKQYOSOU-QGOAFFKASA-N,627.5680000000002,7.997300000000006,1,5,71.78,0.34368427765766085,-0.4916175288839199,8,12,0.16666666666666666,5,5,2,0
890,FZOCLHXKQYOSOU-QGOAFFKASA-N,594.6580000000002,6.968700000000007,1,5,71.78,0.34368427765766085,-0.4916175288839199,8,12,0.16666666666666666,5,5,2,0
2678,GAHQTUGIHSTVHS-UHFFFAOYSA-N,323.82700000000017,4.774100000000003,1,3,37.81,0.07406198161855716,-0.37856342053589476,4,3,0.2631578947368421,3,4,1,0
2687,GAHQTUGIHSTVHS-UHFFFAOYSA-N,289.382,4.120700000000002,1,3,37.81,0.07257907070623634,-0.3785634317589543,3,3,0.2631578947368421,3,4,1,0
306,GDDBSWQWOFNCSG-UHFFFAOYSA-N,375.4720000000001,4.167200000000003,1,4,58.370000000000005,0.22838575892307025,-0.356000198966671,5,5,0.391304347826087,3,5,2,0
625,GDDBSWQWOFNCSG-UHFFFAOYSA-N,389.4990000000001,4.191500000000004,0,4,49.580000000000005,0.23073375030036145,-0.35600019701103963,5,5,0.4166666666666667,3,5,2,0
4360,GDDZAQXRTNVYPY-UHFFFAOYSA-N,473.7050000000004,7.006000000000008,3,4,57.18000000000001,0.12254251139279938,-0.507340678139586,4,6,0.5161290322580645,3,4,2,0
4560,GDDZAQXRTNVYPY-UHFFFAOYSA-N,473.7050000000004,7.006000000000009,3,4,57.18000000000001,0.1228467909695898,-0.5073294695582841,4,6,0.5161290322580645,3,4,2,0
1774,GFTMVSFOIQWJSE-UHFFFAOYSA-N,511.42100000000016,3.196220000000002,0,7,109.75,0.485234805463619,-0.7411547731218965,14,6,0.3,3,3,0,0
1777,GFTMVSFOIQWJSE-UHFFFAOYSA-N,543.4380000000003,3.9368200000000027,0,7,109.75,0.485234805463619,-0.7411547731218965,15,6,0.3333333333333333,3,3,0,0
3628,GGEBRZRCKLLEQY-VAWYXSNFSA-N,370.4050000000001,2.5676000000000005,3,5,96.89000000000001,0.24351265094010227,-0.5042543435662299,7,8,0.2,2,2,2,0
3629,GGEBRZRCKLLEQY-VAWYXSNFSA-N,374.82400000000007,3.212400000000002,3,4,87.66,0.2435126509401022,-0.5042543435662299,7,7,0.15789473684210525,2,2,2,0
1491,GHTRHGIMNKDACG-LETNVAMUSA-N,502.7150000000004,5.050900000000006,1,5,62.13,0.22134924601643438,-0.47802097612624034,6,3,0.9333333333333333,0,6,2,0
1492,GHTRHGIMNKDACG-LETNVAMUSA-N,610.6549999999999,6.135700000000007,1,5,62.13,0.4404501882979995,-0.47749499709695836,12,3,0.9333333333333333,0,6,2,0
3888,GKDPNDFNLNWGMS-UHFFFAOYSA-N,329.4070000000002,4.436920000000003,2,4,66.49000000000001,0.18260047187184725,-0.33921201998265643,5,2,0.25,4,5,1,0
3889,GKDPNDFNLNWGMS-UHFFFAOYSA-N,360.37700000000024,4.036700000000002,2,6,109.63,0.26975850472054613,-0.3392086839773011,8,3,0.21052631578947367,4,5,2,0
2721,GONCSTXHHUDHEH-WEVVVXLNSA-O,344.48200000000014,3.5865000000000027,0,2,10.36,0.21221881747414686,-0.36896619487426463,3,3,0.2608695652173913,3,4,2,1
2722,GONCSTXHHUDHEH-WEVVVXLNSA-O,374.5080000000002,3.595100000000002,0,3,19.590000000000003,0.21221881747424406,-0.49456338901244906,4,4,0.2916666666666667,3,4,2,1
2522,GQOLUODVXGXBQS-UHFFFAOYSA-N,430.54800000000023,4.909300000000004,0,5,51.660000000000004,0.16620209627378948,-0.49285879087511075,5,6,0.4074074074074074,3,5,1,0
2765,GQOLUODVXGXBQS-UHFFFAOYSA-N,445.5630000000003,4.491500000000003,1,6,77.68,0.16620209627378948,-0.49285879087511075,6,6,0.4074074074074074,3,5,2,0
1513,GQSOUIQKDSCQSH-UHFFFAOYSA-N,391.4900000000002,4.874800000000004,2,3,54.02,0.2507815250438131,-0.3842205828892004,5,7,0.3333333333333333,3,4,2,0
2216,GQSOUIQKDSCQSH-UHFFFAOYSA-N,416.5690000000002,4.801700000000004,2,4,57.260000000000005,0.2507806344911584,-0.3842205828892004,5,8,0.38461538461538464,3,4,3,0
3212,GTJVRLSLZZLTQZ-UHFFFAOYSA-N,473.58100000000024,3.762800000000003,1,8,90.22000000000001,0.16241566673240895,-0.4928420713724818,9,9,0.38461538461538464,4,5,2,0
3213,GTJVRLSLZZLTQZ-UHFFFAOYSA-N,413.52900000000017,3.7456000000000023,1,6,71.76,0.13710983397576468,-0.36366727982518154,7,7,0.3333333333333333,4,5,2,0
600,GXXKXVYPWUFQSX-UHFFFAOYSA-N,263.29299999999995,2.1914,1,4,56.790000000000006,0.4120909770294893,-0.4636676321933336,5,2,0.5,1,3,1,0
3733,GXXKXVYPWUFQSX-UHFFFAOYSA-N,263.29299999999995,2.1914,1,4,56.790000000000006,0.4120909770294893,-0.4636676321933336,5,2,0.5,1,3,1,0
2155,GXXYQQYKXRBXSU-UHFFFAOYSA-N,393.52700000000004,5.481040000000005,0,4,42.68,0.33892821861135425,-0.49345686234651676,4,10,0.4,3,3,1,0
2156,GXXYQQYKXRBXSU-UHFFFAOYSA-N,407.5540000000002,5.871140000000007,0,4,42.68,0.33892821861135425,-0.49345686234651676,4,11,0.4230769230769231,3,3,1,0
3893,GYJGARZINSSEOU-UHFFFAOYSA-N,325.45600000000013,3.166120000000002,1,4,37.39,0.07259870249845402,-0.3829341641112748,4,4,0.55,2,4,2,0
3900,GYJGARZINSSEOU-UHFFFAOYSA-N,311.4290000000001,2.8577000000000012,1,4,37.39,0.0725789201804067,-0.38293429996155265,4,4,0.5263157894736842,2,4,2,0
2,HBEPAIPMAVOACQ-UHFFFAOYSA-N,404.8450000000001,4.706900000000003,0,4,51.02,0.3978189584693974,-0.322790325827234,10,3,0.4375,2,3,1,0
11,HBEPAIPMAVOACQ-UHFFFAOYSA-N,336.8480000000002,3.7744000000000026,0,4,51.02,0.34667299137317126,-0.3227903271188759,7,2,0.4,2,3,1,0
629,HCBHBTDRMMSSGG-UHFFFAOYSA-O,468.63900000000024,5.2991000000000055,1,5,55.760000000000005,0.1726053018174529,-0.4928455118509088,6,7,0.4444444444444444,3,4,1,1
630,HCBHBTDRMMSSGG-UHFFFAOYSA-O,452.64000000000016,6.328300000000008,0,4,35.53,0.17260528822961338,-0.4928455118509088,5,7,0.4444444444444444,3,4,1,1
1065,HEVBNUPYWLJPGT-UHFFFAOYSA-N,299.3740000000001,2.966020000000001,1,5,78.10000000000001,0.33949266664006034,-0.46234301316558446,5,2,0.47058823529411764,2,3,1,0
1066,HEVBNUPYWLJPGT-UHFFFAOYSA-N,285.34700000000004,2.575920000000001,1,5,78.10000000000001,0.3392269765515485,-0.46536921274006,5,1,0.4375,2,3,1,0
4380,HFWKIXNIVIXPBP-UHFFFAOYSA-N,401.3520000000002,4.147300000000003,1,3,42.74,0.09646552200906232,-0.30545346561313347,5,5,0.6,2,6,1,0
4381,HFWKIXNIVIXPBP-UHFFFAOYSA-N,356.9010000000001,4.0382000000000025,1,3,42.74,0.09646552200909038,-0.30545346561313347,5,5,0.6,2,6,1,0
3579,HJELLEISQPFXGX-UHFFFAOYSA-N,505.6380000000004,3.150220000000001,1,4,62.89000000000001,0.2534394020483036,-0.36088727449637154,8,7,0.4482758620689655,3,5,4,0
3580,HJELLEISQPFXGX-UHFFFAOYSA-N,509.6010000000004,2.980900000000001,1,4,62.89000000000001,0.25344254207843275,-0.36088727449637154,9,7,0.42857142857142855,3,5,4,0
4165,HKGPUPDKEUBKQY-UHFFFAOYSA-N,526.6810000000003,6.443800000000007,1,4,76.46000000000001,0.41237024374558523,-0.41035201221863854,7,11,0.34375,4,4,2,0
4167,HKGPUPDKEUBKQY-UHFFFAOYSA-N,540.7080000000003,6.786000000000008,0,4,67.67000000000002,0.41476968730493463,-0.4102084877189977,7,11,0.36363636363636365,4,4,2,0
918,HQGLMMZRWJZVMJ-UHFFFAOYSA-N,548.1710000000002,7.103300000000008,1,5,46.620000000000005,0.1605075056581137,-0.49285924395206027,6,9,0.5454545454545454,3,6,2,0
920,HQGLMMZRWJZVMJ-UHFFFAOYSA-N,513.7260000000005,6.449900000000007,1,5,46.620000000000005,0.1605075056581137,-0.49285924395206027,5,9,0.5454545454545454,3,6,2,0
722,HQHNSHBCYQOVNO-FQNRMIAFSA-N,325.3640000000001,4.0024200000000025,1,4,56.790000000000006,0.4165965708391728,-0.46366763219330914,5,2,0.3157894736842105,2,4,1,0
3920,HQHNSHBCYQOVNO-FQNRMIAFSA-N,353.4180000000001,4.817400000000005,1,4,56.790000000000006,0.4165873060171137,-0.46366763219330914,5,3,0.38095238095238093,2,4,1,0
720,HQHNSHBCYQOVNO-VYIIXAMBSA-N,353.4180000000001,4.817400000000005,1,4,56.790000000000006,0.4165873060171137,-0.46366763219330914,5,3,0.38095238095238093,2,4,1,0
721,HQHNSHBCYQOVNO-VYIIXAMBSA-N,325.3640000000001,4.0024200000000025,1,4,56.790000000000006,0.4165965708391728,-0.46366763219330914,5,2,0.3157894736842105,2,4,1,0
3451,HQNDMWVFMSFTIV-UHFFFAOYSA-N,702.241,5.292800000000004,3,11,158.07,0.26625350633263445,-0.4740324528167162,15,14,0.38235294117647056,5,7,3,0
3452,HQNDMWVFMSFTIV-UHFFFAOYSA-N,667.796,4.639400000000004,3,11,158.07,0.26625350633263445,-0.4740324528167162,14,14,0.38235294117647056,5,7,3,0
3901,HUQHGGFJJGKEJU-UHFFFAOYSA-N,369.46100000000007,4.434500000000004,1,5,59.0,0.33880051022170765,-0.507610947953977,5,8,0.4090909090909091,2,3,1,0
3902,HUQHGGFJJGKEJU-UHFFFAOYSA-N,397.51500000000016,5.214700000000006,1,5,59.0,0.33880051022170765,-0.5076109444398166,5,10,0.4583333333333333,2,3,1,0
3073,ICALDSOVJLIENB-UHFFFAOYSA-N,507.11800000000017,7.6068000000000096,0,3,34.47,0.16618571266644191,-0.49528338087379764,5,9,0.5161290322580645,3,5,1,0
3075,ICALDSOVJLIENB-UHFFFAOYSA-N,442.6470000000001,6.944800000000008,0,2,25.240000000000002,0.1624071138652061,-0.3430515237960173,3,8,0.5,3,5,1,0
661,ICISUXWQUUKZMT-UHFFFAOYSA-N,260.33699999999993,2.3438000000000008,1,3,41.57,0.4118483331414121,-0.41005718902752836,4,1,0.5333333333333333,1,3,2,0
666,ICISUXWQUUKZMT-UHFFFAOYSA-N,274.3639999999999,2.733900000000001,1,3,41.57,0.4121007768575117,-0.41005012682166886,4,2,0.5625,1,3,2,0
2728,IDHWMEGKMHKJEO-VMPITWQZSA-O,442.63100000000026,3.338300000000002,0,4,16.84,0.21433574438403685,-0.36896619487426463,5,4,0.39285714285714285,3,5,4,1
2729,IDHWMEGKMHKJEO-VMPITWQZSA-O,472.6570000000002,3.3469000000000024,0,5,26.07,0.21433574438413414,-0.4945633890124489,6,5,0.41379310344827586,3,5,4,1
4120,IESCBRYMXHTAKI-UHFFFAOYSA-N,428.49200000000025,3.0749200000000014,3,6,103.94999999999999,0.24827427471636312,-0.38245254312414956,7,5,0.28,3,5,2,0
4122,IESCBRYMXHTAKI-UHFFFAOYSA-N,462.93700000000024,3.7283200000000027,3,6,103.94999999999999,0.24827427471636312,-0.3824525319018626,8,5,0.28,3,5,2,0
4285,IHNSIFFSNUQGQN-UHFFFAOYSA-N,370.47800000000007,4.100120000000002,2,6,80.05,0.2699646049980526,-0.3326289104189244,7,7,0.3157894736842105,3,3,2,0
4286,IHNSIFFSNUQGQN-UHFFFAOYSA-N,385.4930000000001,3.6823200000000016,3,7,106.07000000000001,0.26996592107275325,-0.39813008811354,8,7,0.3157894736842105,3,3,3,0
482,IKICEKYOYFBQLB-UHFFFAOYSA-O,364.5090000000001,4.641200000000004,0,2,26.3,0.16239759650235217,-0.49295869908591755,3,6,0.4583333333333333,2,4,1,1
483,IKICEKYOYFBQLB-UHFFFAOYSA-O,364.5090000000001,4.641200000000004,0,2,26.3,0.16239759650235217,-0.49295869908591755,3,6,0.4583333333333333,2,4,1,1
4489,IKTIJQIGYVSLLE-UHFFFAOYSA-N,344.43200000000024,4.412900000000004,0,5,52.6,0.3438435904488238,-0.4622609653323711,5,4,0.3684210526315789,2,3,0,0
4490,IKTIJQIGYVSLLE-UHFFFAOYSA-N,378.87700000000024,5.066300000000004,0,5,52.6,0.34384534911275094,-0.4622609653323711,6,4,0.3684210526315789,2,3,0,0
3577,IKTRKOHDYGDICC-UHFFFAOYSA-N,366.50500000000005,5.270700000000005,1,3,41.57,0.41112215889391096,-0.44901605912619386,4,6,0.43478260869565216,2,3,2,0
3578,IKTRKOHDYGDICC-UHFFFAOYSA-N,324.42400000000004,4.147300000000003,1,3,41.57,0.4111221564578681,-0.44901605913277076,4,5,0.35,2,3,2,0
2370,ILFYOWGJBKEMSK-UHFFFAOYSA-N,280.616,2.0519999999999996,1,1,12.03,,,3,0,0.0,2,3,1,0
2377,ILFYOWGJBKEMSK-UHFFFAOYSA-N,246.171,1.3985999999999998,1,1,12.03,,,2,0,0.0,2,3,1,0
495,IOFOVWPQJWBUPK-UHFFFAOYSA-N,389.54300000000006,5.2397200000000055,0,3,38.13,0.16246400949128034,-0.32850547862506896,4,7,0.44,3,4,1,0
504,IOFOVWPQJWBUPK-UHFFFAOYSA-N,361.48900000000003,4.746420000000004,1,3,48.99,0.1624640076184641,-0.3422137817869769,4,6,0.391304347826087,3,4,1,0
2615,ISNUVLPBKHDGCQ-UHFFFAOYSA-N,350.4220000000001,3.833400000000002,2,6,68.3,0.22494775535221628,-0.4928699589473596,6,7,0.3,3,4,2,0
2619,ISNUVLPBKHDGCQ-UHFFFAOYSA-N,290.37,3.816200000000002,2,4,49.84,0.2249477553521003,-0.36531236321328453,4,5,0.2222222222222222,3,4,2,0
1060,IVKKKQOFNSTSIZ-UHFFFAOYSA-N,541.7580000000003,5.168700000000005,2,6,87.74000000000001,0.32815579338007755,-0.4641648710404249,8,16,0.5666666666666667,2,3,3,0
1061,IVKKKQOFNSTSIZ-UHFFFAOYSA-N,620.6540000000003,5.931200000000006,2,6,87.74000000000001,0.32815579340188256,-0.46416487104039716,9,16,0.5666666666666667,2,3,3,0
4177,IVMJFBQNFVMHFG-UHFFFAOYSA-O,583.7100000000004,2.7128400000000017,0,6,131.14000000000001,0.33066088416498196,-0.3201011616366621,12,15,0.5333333333333333,3,3,2,1
4181,IVMJFBQNFVMHFG-UHFFFAOYSA-O,606.7100000000005,3.8234400000000033,0,4,88.0,0.4163950411964949,-0.32030483789154457,12,14,0.5483870967741935,3,3,1,1
1625,JDPXLGVJUFKCGL-UHFFFAOYSA-N,436.5630000000002,4.788360000000004,2,6,101.75999999999999,0.14662154288342305,-0.3825054218461967,6,7,0.2962962962962963,3,4,5,0
1770,JDPXLGVJUFKCGL-UHFFFAOYSA-N,455.99300000000017,5.859560000000005,1,5,75.74000000000001,0.14945213728720297,-0.3688944694089817,6,7,0.2962962962962963,3,4,4,0
2264,JDYLUVUNDLPZMT-UHFFFAOYSA-N,512.5990000000004,4.023000000000003,2,8,115.43,0.34281153983126733,-0.49676778655257925,8,3,0.5862068965517241,2,5,0,0
3797,JDYLUVUNDLPZMT-UHFFFAOYSA-N,470.5620000000003,3.452200000000002,3,7,109.36000000000001,0.3428115398311686,-0.49676778655257925,7,2,0.5925925925925926,2,5,0,0
2220,JWVHUNHYELTXQP-UHFFFAOYSA-N,472.6770000000002,6.362100000000006,2,4,57.260000000000005,0.2507806260270858,-0.3842217540372765,5,12,0.4666666666666667,3,4,3,0
4355,JWVHUNHYELTXQP-UHFFFAOYSA-N,445.60700000000026,6.001700000000007,3,4,74.25,0.2545364140968684,-0.5071217816117116,5,11,0.42857142857142855,3,4,2,0
4459,JZNREJCVLZNWHA-UHFFFAOYSA-N,321.34000000000003,2.973300000000001,4,4,112.63000000000001,0.32317912653858577,-0.4091533569175648,7,3,0.0,3,3,4,0
4469,JZNREJCVLZNWHA-UHFFFAOYSA-N,321.34000000000003,2.973300000000001,4,4,112.63000000000001,0.3231787842162804,-0.4091533650365698,7,3,0.0,3,3,4,0
1801,JZSNDOCPSPCPTF-XTCLZLMSSA-N,550.6740000000004,7.962700000000008,1,5,60.45,0.19568101078042646,-0.49345724421987525,6,10,0.3142857142857143,4,6,1,0
1803,JZSNDOCPSPCPTF-XTCLZLMSSA-N,562.7100000000004,7.832200000000007,1,6,69.68,0.19568101081441866,-0.4967678241948668,6,11,0.3333333333333333,4,6,1,0
3205,KDENEWMTDVGOFD-UHFFFAOYSA-N,324.336,2.8522000000000007,2,5,80.57,0.33569034591633895,-0.4967658917420185,6,5,0.1111111111111111,3,3,2,0
3206,KDENEWMTDVGOFD-UHFFFAOYSA-N,312.30000000000007,2.9827000000000012,2,4,71.34,0.33569034591633895,-0.4227267478776602,6,4,0.058823529411764705,3,3,2,0
2332,KGHILXVWRKUVGB-UHFFFAOYSA-N,568.7950000000004,7.060200000000009,1,6,97.74000000000001,0.321110693420273,-0.4417099822278607,6,11,0.6571428571428571,0,2,0,0
2333,KGHILXVWRKUVGB-UHFFFAOYSA-N,582.8220000000003,7.45030000000001,1,6,97.74000000000001,0.32111069342028575,-0.4417099822201999,6,12,0.6666666666666666,0,2,0,0
1628,KHSFZCPGVFDBKX-UHFFFAOYSA-N,332.4110000000001,2.4836599999999995,2,6,101.76,0.14619290540833832,-0.3825243607170186,6,4,0.3157894736842105,2,3,5,0
1767,KHSFZCPGVFDBKX-UHFFFAOYSA-N,351.8410000000001,3.5548600000000024,1,5,75.74000000000001,0.1488132478015431,-0.3660930934457584,6,4,0.3157894736842105,2,3,4,0
1565,KIEJOMKPLBXYDJ-UHFFFAOYSA-N,398.5470000000002,4.039200000000004,1,5,58.64,0.20457863212192232,-0.49642593046585387,5,12,0.5,1,2,2,0
1566,KIEJOMKPLBXYDJ-UHFFFAOYSA-N,400.5190000000002,3.233100000000002,1,6,67.87,0.22219091894889506,-0.49642593046585387,6,13,0.4782608695652174,1,2,2,0
4238,KLTHGJYCURVMAK-UHFFFAOYSA-N,288.351,1.3987999999999998,0,6,50.72000000000001,0.16241566872489438,-0.492842070365072,6,3,0.4666666666666667,2,3,2,0
4239,KLTHGJYCURVMAK-UHFFFAOYSA-N,316.36100000000005,1.3155,0,6,67.79,0.21906665508570317,-0.49284207036503425,7,3,0.4375,2,3,2,0
1990,KMFIWXMOTHJQAP-UHFFFAOYSA-N,462.5900000000004,4.267100000000004,0,6,55.150000000000006,0.3392264573900591,-0.4967570868145368,6,8,0.4642857142857143,3,5,2,0
1991,KMFIWXMOTHJQAP-UHFFFAOYSA-N,432.5640000000003,4.258500000000004,0,5,45.92,0.3392264573900591,-0.49340547321622846,5,7,0.4444444444444444,3,5,2,0
2742,KMIFSYKDECMAFO-UHFFFAOYSA-N,604.7000000000004,5.291700000000006,1,9,108.70000000000002,0.2574389531077386,-0.4964259304658538,10,16,0.35294117647058826,4,4,2,0
2744,KMIFSYKDECMAFO-UHFFFAOYSA-N,590.6730000000003,4.988700000000004,2,9,119.70000000000002,0.2574389531077386,-0.5035512179604762,10,15,0.3333333333333333,4,4,2,0
3445,KNIPHGXUVWAHCN-UHFFFAOYSA-N,379.5000000000002,5.371300000000005,0,4,42.68,0.20016136961607972,-0.4935718307162239,4,7,0.4583333333333333,3,4,1,0
3446,KNIPHGXUVWAHCN-UHFFFAOYSA-N,413.9450000000004,6.024700000000005,0,4,42.68,0.20021519388610184,-0.4935718307161686,5,7,0.4583333333333333,3,4,1,0
2487,KOIDLCJRXGLPMP-UHFFFAOYSA-N,413.5650000000001,4.6779000000000055,1,4,39.6,0.14131162003841016,-0.5056664141319822,4,8,0.37037037037037035,3,4,2,0
2489,KOIDLCJRXGLPMP-UHFFFAOYSA-N,438.57500000000033,4.570080000000004,1,5,63.39,0.1413116200667505,-0.5056664141319277,5,8,0.35714285714285715,3,4,3,0
1929,KPVTZSGWKGUMLH-MJZABRMRSA-N,451.48300000000023,3.274300000000002,1,8,121.86000000000001,0.27816742047071613,-0.3774569524697077,10,6,0.2608695652173913,2,3,5,0
1930,KPVTZSGWKGUMLH-MJZABRMRSA-N,465.5100000000002,3.616500000000003,0,8,113.07,0.27816742151609375,-0.3774569524697076,10,6,0.2916666666666667,2,3,5,0
1512,KRXZWCABPZLVBL-UHFFFAOYSA-N,377.46300000000014,4.484700000000004,2,3,54.02,0.2507825785161887,-0.38415348489405726,5,6,0.30434782608695654,3,4,2,0
2215,KRXZWCABPZLVBL-UHFFFAOYSA-N,402.5420000000002,4.4116000000000035,2,4,57.260000000000005,0.2507816879635374,-0.38415348489405726,5,7,0.36,3,4,3,0
2990,KTGAIZHNMMMGNC-UHFFFAOYSA-N,393.5310000000002,2.9708000000000014,0,4,36.019999999999996,0.26000472753971576,-0.4837790997972831,5,5,0.4583333333333333,2,4,3,0
2993,KTGAIZHNMMMGNC-UHFFFAOYSA-N,452.5550000000003,3.2691000000000017,0,6,79.16,0.26896557487725403,-0.4837790997972823,8,7,0.48,2,4,4,0
1627,KUPDIDJUYIYDME-UHFFFAOYSA-N,464.6170000000002,5.568560000000006,2,6,101.75999999999999,0.14662137915307988,-0.382505421846206,6,9,0.3448275862068966,3,4,5,0
1768,KUPDIDJUYIYDME-UHFFFAOYSA-N,484.0470000000002,6.639760000000007,1,5,75.74000000000001,0.1494521372810907,-0.3689050929376438,6,9,0.3448275862068966,3,4,4,0
2743,KWMYGHIJOJWNKS-UHFFFAOYSA-N,632.7540000000002,6.0719000000000065,1,9,108.70000000000002,0.25743894699326664,-0.49642593046585387,10,18,0.3888888888888889,4,4,2,0
2745,KWMYGHIJOJWNKS-UHFFFAOYSA-N,618.7270000000003,5.768900000000006,2,9,119.70000000000002,0.25743894699326664,-0.5035512179604762,10,17,0.37142857142857144,4,4,2,0
1110,KWRRGOAPOBYBJX-UHFFFAOYSA-N,362.51700000000017,4.919800000000004,1,3,32.34,0.16246015160122146,-0.384793346995199,3,6,0.4583333333333333,2,4,2,0
1112,KWRRGOAPOBYBJX-UHFFFAOYSA-N,376.5440000000001,4.944100000000005,0,3,23.550000000000004,0.16246026777474565,-0.3743459163601865,3,6,0.48,2,4,2,0
3307,LCDOURUENWKEAD-WNRNVDISSA-N,446.49600000000027,3.8134000000000023,0,8,73.84000000000002,0.20277721588304,-0.49270290478748874,8,8,0.5,2,4,0,0
3308,LCDOURUENWKEAD-WNRNVDISSA-N,416.4700000000002,3.804800000000003,0,7,64.61000000000001,0.20277721588304,-0.49286995029650776,7,7,0.4782608695652174,2,4,0,0
1150,LDOQXEUJTAHDNS-UHFFFAOYSA-N,322.45200000000006,3.718700000000003,1,2,32.34,0.25077820618269125,-0.352029426344367,3,6,0.38095238095238093,2,3,2,0
1151,LDOQXEUJTAHDNS-UHFFFAOYSA-N,336.47900000000004,4.060900000000004,0,2,23.55,0.2530904152066377,-0.3417004180647828,3,6,0.4090909090909091,2,3,2,0
1985,LLRQWHTWQOOTRV-UHFFFAOYSA-N,476.61700000000036,4.657200000000005,0,6,55.150000000000006,0.33922645739005897,-0.4967570868145368,6,9,0.4827586206896552,3,5,2,0
1986,LLRQWHTWQOOTRV-UHFFFAOYSA-N,446.5910000000003,4.6486000000000045,0,5,45.92,0.33922645739005897,-0.4934559829259921,5,8,0.4642857142857143,3,5,2,0
4458,LVXOVQNGTKABGZ-UHFFFAOYSA-N,309.329,2.9064000000000005,5,3,115.53,0.32317912649000635,-0.4091533569175648,7,3,0.0,3,3,4,0
4468,LVXOVQNGTKABGZ-UHFFFAOYSA-N,309.32900000000006,2.9064000000000005,5,3,115.53,0.32317878416770107,-0.4091533650365698,7,3,0.0,3,3,4,0
1624,MCBSFPOHLGSBCO-UHFFFAOYSA-N,408.5090000000002,4.150660000000004,2,6,101.75999999999999,0.14683789107790512,-0.38250542077842575,6,5,0.24,3,4,5,0
1771,MCBSFPOHLGSBCO-UHFFFAOYSA-N,427.9390000000002,5.221860000000005,1,5,75.74000000000001,0.1494523005470927,-0.36607416137800375,6,5,0.24,3,4,4,0
4533,MDDTVJMVDHXEQM-UHFFFAOYSA-N,474.55700000000036,3.136400000000002,0,7,64.38000000000001,0.1928162034385191,-0.48027923553684776,7,7,0.39285714285714285,3,5,2,0
4534,MDDTVJMVDHXEQM-UHFFFAOYSA-N,502.61100000000033,3.9166000000000034,0,7,64.38000000000001,0.19281620343851902,-0.4928792419540757,7,9,0.43333333333333335,3,5,2,0
2488,MGRRNVKTJVOBFR-UHFFFAOYSA-N,427.5920000000002,5.068000000000007,1,4,39.6,0.14131162003841016,-0.5056664141319822,4,9,0.39285714285714285,3,4,2,0
2490,MGRRNVKTJVOBFR-UHFFFAOYSA-N,452.6020000000004,4.960180000000005,1,5,63.39,0.1413116200667505,-0.5056664141319277,5,9,0.3793103448275862,3,4,3,0
4508,MHYINARESROASH-CMDGGOBGSA-N,270.35699999999997,3.2818000000000005,1,4,55.980000000000004,0.1874228489543616,-0.3981293084772085,4,4,0.06666666666666667,2,2,1,0
4509,MHYINARESROASH-CMDGGOBGSA-N,238.29000000000002,2.8683199999999998,1,3,55.980000000000004,0.1874228489212611,-0.3981293084772085,3,3,0.06666666666666667,2,2,1,0
1992,MJJPABBWHSSTTI-UHFFFAOYSA-N,461.6020000000004,5.404000000000006,0,5,51.910000000000004,0.3392264573900591,-0.49675796103949327,5,8,0.4827586206896552,3,5,1,0
1993,MJJPABBWHSSTTI-UHFFFAOYSA-N,431.5760000000003,5.395400000000006,0,4,42.68,0.3392264573900591,-0.493405473279333,4,7,0.4642857142857143,3,5,1,0
2112,MKXCTUCBIJGEMG-UHFFFAOYSA-N,533.6210000000003,5.785400000000006,0,8,79.60000000000001,0.20384129540047055,-0.496425930465702,8,13,0.3225806451612903,4,4,1,0
2118,MKXCTUCBIJGEMG-UHFFFAOYSA-N,519.5940000000003,5.482400000000005,1,8,90.60000000000001,0.20361119558006127,-0.5035512179604762,8,12,0.3,4,4,1,0
919,MNJYPJBWHILNMT-UHFFFAOYSA-N,534.1440000000002,6.713200000000007,1,5,46.620000000000005,0.1605075056581137,-0.49285924395206027,6,8,0.53125,3,6,2,0
921,MNJYPJBWHILNMT-UHFFFAOYSA-N,499.6990000000004,6.059800000000006,1,5,46.620000000000005,0.1605075056581137,-0.49285924395206027,5,8,0.53125,3,6,2,0
1626,MOJHDDTXIJMHAS-UHFFFAOYSA-N,450.5900000000002,5.178460000000005,2,6,101.75999999999999,0.14662138044835435,-0.382505421846206,6,8,0.32142857142857145,3,4,5,0
1769,MOJHDDTXIJMHAS-UHFFFAOYSA-N,470.02000000000015,6.249660000000007,1,5,75.74000000000001,0.14945213728110182,-0.3689049133478101,6,8,0.32142857142857145,3,4,4,0
2703,MOMVTGBGFTXRIQ-UHFFFAOYSA-N,352.4340000000001,3.203400000000002,0,4,49.85000000000001,0.2610431424144029,-0.49642593046577416,5,8,0.3333333333333333,2,3,2,0
2704,MOMVTGBGFTXRIQ-UHFFFAOYSA-N,332.403,2.8081000000000014,0,3,40.620000000000005,0.2610431424306867,-0.2879716511935075,4,7,0.23809523809523808,2,3,2,0
288,MTCMTKNMZCPKLX-UHFFFAOYSA-N,389.49900000000014,4.191500000000003,0,4,49.580000000000005,0.23073348609534117,-0.3559311657383563,5,5,0.4166666666666667,3,5,2,0
296,MTCMTKNMZCPKLX-UHFFFAOYSA-N,375.47200000000015,4.167200000000003,1,4,58.370000000000005,0.22838549135298453,-0.35593129074253727,5,5,0.391304347826087,3,5,2,0
990,MVFNAHUSKVHVBL-UHFFFAOYSA-N,790.4090000000002,9.653899999999998,1,9,120.47000000000001,0.2692706644163392,-0.49285921748824646,12,16,0.4444444444444444,5,8,3,0
991,MVFNAHUSKVHVBL-UHFFFAOYSA-N,776.3819999999998,9.2638,1,9,120.46999999999998,0.2692706644163392,-0.49285921748824646,12,15,0.4318181818181818,5,8,3,0
979,MVOAMTJWCFCFIN-UHFFFAOYSA-N,268.36,4.022840000000002,1,3,52.05,0.2283044177291326,-0.44270065965758837,3,0,0.47058823529411764,2,4,1,0
980,MVOAMTJWCFCFIN-UHFFFAOYSA-N,282.38700000000006,4.412940000000003,1,3,52.05,0.22830441772916263,-0.4427006596575883,3,1,0.5,2,4,1,0
2154,MWPIBDBZFHELKC-UHFFFAOYSA-N,365.473,4.748740000000003,1,4,51.47,0.33892821861135425,-0.4934568553489684,4,9,0.34782608695652173,3,3,1,0
2466,MWPIBDBZFHELKC-UHFFFAOYSA-N,508.65900000000045,6.532900000000007,1,6,81.01,0.4121006254850256,-0.4934568582491883,7,16,0.4666666666666667,3,3,2,0
1271,MXRJUMCOVVUCLC-UHFFFAOYSA-N,305.42100000000005,4.348300000000004,0,2,20.310000000000002,0.16605991795116976,-0.37151650296530825,2,3,0.38095238095238093,2,4,1,0
1273,MXRJUMCOVVUCLC-UHFFFAOYSA-N,365.4730000000001,4.3655000000000035,0,4,38.77,0.16620210152164222,-0.49285879087511075,4,5,0.43478260869565216,2,4,1,0
2307,MXWGOVLVJYDLRV-UHFFFAOYSA-N,485.62800000000027,6.660800000000006,2,5,76.39,0.286540357535489,-0.492820796983233,6,11,0.4,4,5,2,0
2323,MXWGOVLVJYDLRV-UHFFFAOYSA-N,455.6020000000003,6.652200000000006,2,4,67.16,0.2865365869816967,-0.4509194339417015,5,10,0.3793103448275862,4,5,2,0
1899,MXWNJMMFXFRHKR-UHFFFAOYSA-N,451.5230000000002,2.892900000000001,3,6,103.89,0.26460924463505686,-0.5061862489466142,8,7,0.36,3,4,2,0
1900,MXWNJMMFXFRHKR-UHFFFAOYSA-N,423.46900000000016,2.2869,5,6,125.89000000000001,0.264609243746415,-0.5061862499703352,8,5,0.30434782608695654,3,4,2,0
1805,NAKZJQSHDVVYBW-UHFFFAOYSA-N,538.5500000000003,5.175200000000005,1,5,65.38,,,7,10,0.42857142857142855,4,5,1,0
1806,NAKZJQSHDVVYBW-UHFFFAOYSA-N,478.49800000000033,5.158000000000004,1,3,46.92,,,5,8,0.38461538461538464,4,5,1,0
1988,NJDZSOKILZGQAX-UHFFFAOYSA-N,421.53700000000026,4.971400000000005,0,5,51.910000000000004,0.33922645739005897,-0.49675708682128267,5,9,0.4230769230769231,3,4,1,0
1989,NJDZSOKILZGQAX-UHFFFAOYSA-N,391.51100000000025,4.962800000000005,0,4,42.68,0.33922645739005897,-0.49345598292607235,4,8,0.4,3,4,1,0
242,NJEMLWAYICNSMV-UHFFFAOYSA-N,488.5840000000002,5.735600000000006,1,6,81.01,0.4118385023618466,-0.49345684440335125,7,11,0.3103448275862069,4,4,2,0
792,NJEMLWAYICNSMV-UHFFFAOYSA-N,415.5330000000002,6.017400000000006,0,4,42.68,0.20002698534531002,-0.49345684440335125,4,10,0.2962962962962963,4,4,1,0
1871,NJHWUYOMIXQAPR-UHFFFAOYSA-N,479.5560000000002,2.5802000000000005,1,6,71.86000000000001,0.234431365663182,-0.49285717937195056,9,7,0.38461538461538464,3,5,3,0
1873,NJHWUYOMIXQAPR-UHFFFAOYSA-N,461.5660000000002,2.4411000000000005,1,6,71.86000000000001,0.23443136566318182,-0.49285717937195056,8,7,0.38461538461538464,3,5,3,0
4542,NJTDMKZXUVAWHE-UHFFFAOYSA-N,309.8000000000002,4.411200000000002,1,3,51.8,0.1285533918461057,-0.39790198215571804,4,1,0.2222222222222222,3,4,1,0
4543,NJTDMKZXUVAWHE-UHFFFAOYSA-N,293.3450000000001,3.8969000000000023,1,3,51.8,0.2123265095573791,-0.39790198215571804,4,1,0.2222222222222222,3,4,1,0
4553,NLOASZMJKPMPNX-UHFFFAOYSA-N,317.43600000000015,4.4288000000000025,1,3,42.150000000000006,0.07261546912051436,-0.3979019821782473,3,2,0.2857142857142857,3,4,2,0
4554,NLOASZMJKPMPNX-UHFFFAOYSA-N,346.47400000000016,5.397600000000005,1,3,48.14,0.1194208539166394,-0.49331121935278766,3,4,0.34782608695652173,3,4,1,0
1190,NOUFYSVCMVOTOJ-UHFFFAOYSA-N,363.46100000000007,2.9921000000000015,1,3,58.1,0.32833041585745726,-0.3066483895982948,5,5,0.36363636363636365,3,4,1,0
1192,NOUFYSVCMVOTOJ-UHFFFAOYSA-N,397.9060000000002,3.645500000000003,1,3,58.1,0.32833122310551394,-0.3065944024176477,6,5,0.36363636363636365,3,4,1,0
3187,NPIBXWJMYNWBHM-UHFFFAOYSA-N,309.321,3.096400000000001,1,5,68.53999999999999,0.3356903458987647,-0.4967677896336037,5,5,0.1111111111111111,3,3,1,0
3188,NPIBXWJMYNWBHM-UHFFFAOYSA-N,279.295,3.0878000000000014,1,4,59.31,0.3356903458987647,-0.4227267512793167,4,4,0.058823529411764705,3,3,1,0
1511,OBJUJWLRUGLQHZ-UHFFFAOYSA-N,363.43600000000004,4.094600000000003,2,3,54.02,0.2508436435871169,-0.3824505901687203,5,5,0.2727272727272727,3,4,2,0
2214,OBJUJWLRUGLQHZ-UHFFFAOYSA-N,388.51500000000016,4.021500000000003,2,4,57.260000000000005,0.2508427530346456,-0.3824505901687203,5,6,0.3333333333333333,3,4,3,0
2382,ODRJXAKDUXFICI-UHFFFAOYSA-N,351.858,5.712000000000003,0,2,20.310000000000002,0.2355348383620064,-0.27843266954248863,4,2,0.05,3,4,1,0
2389,ODRJXAKDUXFICI-UHFFFAOYSA-N,317.413,5.058600000000004,0,2,20.310000000000002,0.23553402671077764,-0.27848676210530726,3,2,0.05,3,4,1,0
1996,OHDDRPINWQDGEH-UHFFFAOYSA-N,448.5630000000004,3.8770000000000033,0,6,55.150000000000006,0.3392264573901309,-0.4967570868145368,6,7,0.4444444444444444,3,5,2,0
1997,OHDDRPINWQDGEH-UHFFFAOYSA-N,418.5370000000003,3.868400000000003,0,5,45.92,0.3392264573901309,-0.49211981517507275,5,6,0.4230769230769231,3,5,2,0
1602,OLGSQAZZHZPLGV-UHFFFAOYSA-N,528.6490000000003,6.195300000000007,1,6,81.00999999999999,0.4121006254903145,-0.49340547617205094,7,14,0.3125,4,4,2,0
2452,OLGSQAZZHZPLGV-UHFFFAOYSA-N,542.6760000000003,6.5037200000000075,1,6,81.00999999999999,0.4121006254903145,-0.4934054732835134,7,14,0.3333333333333333,4,4,2,0
300,OMAOPGJSIGOCIM-KWQFWETISA-N,262.3089999999999,1.79,1,4,50.800000000000004,0.4119716662087921,-0.48895040077584484,5,1,0.5,1,3,2,0
319,OMAOPGJSIGOCIM-KWQFWETISA-N,262.3089999999999,1.79,1,4,50.800000000000004,0.41184054289460065,-0.49273661398702695,5,1,0.5,1,3,2,0
1855,OMSOTGLXXNYCEC-UHFFFAOYSA-N,351.8810000000002,5.022800000000004,2,3,36.95,0.07618342787308194,-0.3841997423840443,4,4,0.2857142857142857,3,4,2,0
1961,OMSOTGLXXNYCEC-UHFFFAOYSA-N,365.86400000000015,4.663000000000003,2,3,54.02,0.25079429018940363,-0.38419957186368564,5,3,0.23809523809523808,3,4,2,0
4378,ONMCHNHOMQZLSO-UHFFFAOYSA-N,363.3030000000001,3.9013000000000027,1,3,42.74,0.09645672472081572,-0.3082628419191978,5,5,0.5294117647058824,2,3,1,0
4379,ONMCHNHOMQZLSO-UHFFFAOYSA-N,318.852,3.792200000000002,1,3,42.74,0.0964567247208438,-0.3082628419191978,5,5,0.5294117647058824,2,3,1,0
2334,OOUOFOSBPSCTLF-UHFFFAOYSA-N,359.3450000000001,1.33238,2,7,125.28999999999999,0.309471134130805,-0.3841684102178481,8,1,0.15789473684210525,2,5,5,0
2338,OOUOFOSBPSCTLF-UHFFFAOYSA-N,517.1370000000001,2.857380000000001,2,7,125.28999999999999,0.3094711511882808,-0.38416841021775033,10,1,0.15789473684210525,2,5,5,0
2325,OPDNPGNAIOMGJW-UHFFFAOYSA-N,485.62800000000027,6.660800000000006,2,5,76.39,0.2865403575355482,-0.492820796983233,6,10,0.4,4,5,2,0
2328,OPDNPGNAIOMGJW-UHFFFAOYSA-N,455.6020000000004,6.652200000000006,2,4,67.16,0.28653658698175594,-0.4509194339417015,5,9,0.3793103448275862,4,5,2,0
2072,OSGYMLNRAOROHH-UHFFFAOYSA-N,515.6980000000004,6.226760000000006,3,5,83.48,0.26341610584970443,-0.5073814178920806,6,8,0.5,3,5,2,0
2276,OSGYMLNRAOROHH-UHFFFAOYSA-N,550.1430000000003,6.880160000000007,3,5,83.48,0.26341610584970443,-0.5073814178920806,7,8,0.5,3,5,2,0
2321,OSNBHPQSXCZVRH-UHFFFAOYSA-N,585.7920000000004,10.060899999999995,1,5,54.440000000000005,0.13384530869919897,-0.45970892272023134,5,13,0.358974358974359,6,7,2,0
2322,OSNBHPQSXCZVRH-UHFFFAOYSA-N,645.8440000000003,10.078099999999996,1,7,72.9,0.17566294579997843,-0.4928211641653676,7,15,0.3902439024390244,6,7,2,0
3939,PABWBTSMYNHWRV-QNGOZBTKSA-N,439.5080000000002,4.193300000000003,0,7,66.46000000000001,0.23146927838769574,-0.49269237972961777,7,8,0.4,2,4,1,0
3942,PABWBTSMYNHWRV-QNGOZBTKSA-N,379.45600000000013,4.1761000000000035,0,5,48.0,0.23146924003485186,-0.496767824064527,5,6,0.34782608695652173,2,4,1,0
4116,PEEHJHNPSOPBHE-DHZHZOJOSA-N,311.44999999999993,4.9429200000000035,0,3,20.310000000000002,0.1952810416236245,-0.37153715897231576,3,4,0.3157894736842105,2,3,1,0
4117,PEEHJHNPSOPBHE-DHZHZOJOSA-N,331.86799999999994,5.287900000000004,0,3,20.310000000000002,0.1967938484515422,-0.37153715897231576,4,4,0.2777777777777778,2,3,1,0
954,PHZFCULPFNIUPO-HNNXBMFYSA-N,393.48700000000025,3.945700000000003,2,6,86.47,0.33623814767974824,-0.4967682095840387,6,4,0.391304347826087,2,4,2,0
1673,PHZFCULPFNIUPO-HNNXBMFYSA-N,393.48700000000025,3.945700000000003,2,6,86.47,0.33624065191301833,-0.4964415138766486,6,4,0.391304347826087,2,4,2,0
2110,PIWUWOLYFQAYGB-UHFFFAOYSA-N,540.7080000000003,5.335440000000005,1,7,70.84,0.3389282186114262,-0.49211981518679104,7,9,0.45454545454545453,4,6,3,0
2111,PIWUWOLYFQAYGB-UHFFFAOYSA-N,561.1260000000003,5.680420000000006,1,7,70.84,0.3549645716840335,-0.4921198151179119,8,9,0.4375,4,6,3,0
3210,PPCLZSQPGRUGBH-UHFFFAOYSA-N,462.6230000000002,4.757600000000004,1,6,71.86,0.16624952306006835,-0.4938051009396936,8,9,0.4,4,5,1,0
3211,PPCLZSQPGRUGBH-UHFFFAOYSA-N,418.57000000000016,4.358900000000003,1,5,62.63,0.16624672040921165,-0.33289472525376584,7,7,0.34782608695652173,4,5,1,0
1571,PQWXUVNBAXVYLP-FTJBHMTQSA-N,579.2320000000003,9.785699999999995,2,4,49.84,0.0740626765426433,-0.3842217540372108,5,10,0.4594594594594595,4,7,2,0
1576,PQWXUVNBAXVYLP-FTJBHMTQSA-N,613.677,10.439099999999993,2,4,49.84,0.0740626765426433,-0.3842217428150712,6,10,0.4594594594594595,4,7,2,0
1570,PQWXUVNBAXVYLP-IZZNHLLZSA-N,579.2320000000003,9.785699999999995,2,4,49.84,0.0740626765426433,-0.3842217540372108,5,10,0.4594594594594595,4,7,2,0
1575,PQWXUVNBAXVYLP-IZZNHLLZSA-N,613.677,10.439099999999993,2,4,49.84,0.0740626765426433,-0.3842217428150712,6,10,0.4594594594594595,4,7,2,0
689,PQWXUVNBAXVYLP-UHFFFAOYSA-N,579.2320000000003,9.785699999999995,2,4,49.84,0.0740626765426433,-0.3842217540372108,5,10,0.4594594594594595,4,7,2,0
693,PQWXUVNBAXVYLP-UHFFFAOYSA-N,613.677,10.439099999999993,2,4,49.84,0.0740626765426433,-0.3842217428150712,6,10,0.4594594594594595,4,7,2,0
992,PRTRSEDVLBBFJZ-UHFFFAOYSA-N,422.52500000000015,5.1432000000000055,0,5,64.84,0.2689442386038649,-0.4928592174882469,6,10,0.44,2,3,2,0
993,PRTRSEDVLBBFJZ-UHFFFAOYSA-N,422.52500000000015,5.1432000000000055,0,5,64.84,0.2692706644163392,-0.49285921748824646,6,10,0.44,2,3,2,0
1323,PSEFHJKVXPWPKW-UHFFFAOYSA-N,489.06300000000033,7.0407000000000055,3,3,69.81,0.252949565356647,-0.3842217428150712,6,10,0.3793103448275862,4,5,2,0
1326,PSEFHJKVXPWPKW-UHFFFAOYSA-N,503.0900000000003,7.051100000000007,2,3,58.95,0.25295709592707655,-0.3842217428150712,6,10,0.4,4,5,2,0
667,QEBJUDNUEAUMPD-JLPGSUDCSA-N,562.6190000000003,4.947700000000005,1,9,104.79000000000002,0.4118385023618466,-0.4934054550875989,10,12,0.2903225806451613,3,4,2,0
1303,QEBJUDNUEAUMPD-JLPGSUDCSA-N,520.5380000000002,4.038700000000005,4,9,137.79000000000002,0.4118385023618466,-0.5041466947380391,10,9,0.21428571428571427,3,4,2,0
4178,QLVMBBYTMJJCGL-UHFFFAOYSA-O,597.7370000000004,3.102940000000002,0,6,131.14000000000001,0.3306598139671181,-0.3201011616366621,12,16,0.5483870967741935,3,3,2,1
4182,QLVMBBYTMJJCGL-UHFFFAOYSA-O,620.7370000000005,4.213540000000004,0,4,88.0,0.4163950411964949,-0.32030483789154457,12,15,0.5625,3,3,1,1
564,QUKURFWPODKMTL-FJGURNMVSA-N,440.67200000000025,5.1455000000000055,1,3,49.410000000000004,0.24667362096980217,-0.3421594153716221,4,4,0.7857142857142857,0,4,2,0
917,QUKURFWPODKMTL-FJGURNMVSA-N,426.6450000000003,4.803300000000004,2,3,58.2,0.2440032617169129,-0.3423783054038135,4,4,0.7777777777777778,0,4,2,0
4009,QWDHZOFJHVXPEU-UHFFFAOYSA-N,450.6230000000003,6.420800000000007,1,4,54.7,0.15170750716676312,-0.5079555105076196,5,15,0.4642857142857143,3,3,1,0
4013,QWDHZOFJHVXPEU-UHFFFAOYSA-N,450.6230000000003,6.420800000000007,1,4,54.7,0.15170750716676312,-0.5079666315527963,5,15,0.4642857142857143,3,3,1,0
1795,QXOHJPJAQVKDBR-UHFFFAOYSA-N,378.4720000000002,4.212420000000003,1,5,74.44,0.33791244544533366,-0.462510631831657,5,3,0.391304347826087,2,4,1,0
1796,QXOHJPJAQVKDBR-UHFFFAOYSA-N,394.47100000000023,3.912600000000003,1,6,83.67,0.3379124455828529,-0.4967682095837913,6,4,0.391304347826087,2,4,1,0
798,QYWYUXDVWSNKER-UHFFFAOYSA-N,429.5160000000002,5.499300000000006,0,5,51.910000000000004,0.20013242955689067,-0.49283982032780077,5,8,0.2222222222222222,4,4,1,0
799,QYWYUXDVWSNKER-UHFFFAOYSA-N,415.48900000000015,5.109200000000005,0,5,51.91,0.20013242955687882,-0.49283982032780077,5,7,0.19230769230769232,4,4,1,0
3684,RDMFHRSPDKWERA-UHFFFAOYSA-O,201.224,2.2847,1,0,19.669999999999998,0.1780840365839082,-0.35413715449417155,3,0,0.08333333333333333,3,3,0,1
3685,RDMFHRSPDKWERA-UHFFFAOYSA-O,197.261,2.4540200000000008,1,0,19.669999999999998,0.17808241925445387,-0.354139687628727,2,0,0.15384615384615385,3,3,0,1
674,RFXAMLDLPLCZJH-NHFJDJAPSA-N,616.7550000000002,6.714300000000009,1,8,95.56,0.4118385023618466,-0.49359023581436223,9,16,0.3888888888888889,3,4,2,0
1306,RFXAMLDLPLCZJH-NHFJDJAPSA-N,574.6740000000003,5.805300000000009,4,8,128.56,0.4118385023618466,-0.5041467058815428,9,13,0.3333333333333333,3,4,2,0
4030,RGQVLYRBIUCEMS-UHFFFAOYSA-N,614.2740000000001,8.610600000000005,1,5,46.620000000000005,0.1605075056581137,-0.49285924395206027,6,10,0.5526315789473685,3,7,2,0
4032,RGQVLYRBIUCEMS-UHFFFAOYSA-N,600.2469999999998,8.220500000000008,1,5,46.620000000000005,0.1605075056581137,-0.49285924395206027,6,9,0.5405405405405406,3,7,2,0
4007,RHDMKEZBXPYVGT-UHFFFAOYSA-N,422.5690000000002,5.640600000000006,1,4,54.7,0.15170750716676312,-0.5079555105076196,5,13,0.4230769230769231,3,3,1,0
4011,RHDMKEZBXPYVGT-UHFFFAOYSA-N,422.5690000000002,5.640600000000006,1,4,54.7,0.15170750716676312,-0.5079666315527963,5,13,0.4230769230769231,3,3,1,0
2623,RLWIYDVUQKJTSM-UHFFFAOYSA-N,364.4490000000001,3.8759000000000023,2,6,68.3,0.22494761502548838,-0.4928699786425153,6,8,0.3333333333333333,3,4,2,0
2628,RLWIYDVUQKJTSM-UHFFFAOYSA-N,304.39700000000005,3.8587000000000016,2,4,49.84,0.22494761502548827,-0.369057448525014,4,6,0.2631578947368421,3,4,2,0
1054,RMHVLBGFZUPBFB-UHFFFAOYSA-N,312.501,4.472700000000004,0,0,7.76,0.1682694500299746,-0.20512568184676755,2,12,0.5238095238095238,2,2,0,2
1401,RMHVLBGFZUPBFB-UHFFFAOYSA-N,424.71700000000004,7.067700000000009,0,0,7.76,0.16856702171118693,-0.20510343673290882,2,12,0.6551724137931034,2,2,0,2
2900,RNMJVJJYCAKXFS-UHFFFAOYSA-N,651.2510000000003,8.321300000000006,2,5,85.25,0.25627569812291817,-0.4967681999969963,8,14,0.358974358974359,5,6,2,0
2907,RNMJVJJYCAKXFS-UHFFFAOYSA-N,616.8060000000004,7.667900000000008,2,5,85.25,0.25627569812291817,-0.4967681999969963,7,14,0.358974358974359,5,6,2,0
3491,RTBZJWXQCNQHNM-UHFFFAOYSA-N,559.7510000000002,6.870500000000007,3,6,92.71000000000001,0.22351508839786524,-0.5042448501644395,7,13,0.5294117647058824,3,5,2,0
3497,RTBZJWXQCNQHNM-UHFFFAOYSA-N,594.196,7.523900000000007,3,6,92.71000000000001,0.22351508839786524,-0.5042448501644395,8,13,0.5294117647058824,3,5,2,0
3492,RTGLFNITZWMBGU-UHFFFAOYSA-N,545.7240000000003,6.480400000000006,3,6,92.71000000000001,0.2235150883978653,-0.5042448501644395,7,12,0.5151515151515151,3,5,2,0
3496,RTGLFNITZWMBGU-UHFFFAOYSA-N,580.1690000000001,7.133800000000007,3,6,92.71000000000001,0.2235150883978653,-0.5042448501644395,8,12,0.5151515151515151,3,5,2,0
3018,RZTPWYWAKMREKN-UHFFFAOYSA-N,436.5080000000002,3.452200000000002,1,6,81.01,0.286670996631927,-0.4928398235862813,7,7,0.36,3,4,2,0
3019,RZTPWYWAKMREKN-UHFFFAOYSA-N,406.48200000000014,3.4436000000000027,1,5,71.78,0.28667096712394435,-0.4967385814882715,6,6,0.3333333333333333,3,4,2,0
2733,SAKWNBGLNVCIJR-UHFFFAOYSA-N,509.6470000000004,4.043200000000002,2,6,96.96999999999998,0.4076213344218718,-0.46596808035899934,8,13,0.4827586206896552,2,3,3,0
2734,SAKWNBGLNVCIJR-UHFFFAOYSA-N,509.6470000000004,4.043200000000002,2,6,96.96999999999998,0.4076213344218718,-0.46596808035899934,8,13,0.4827586206896552,2,3,3,0
2218,SBXOBUMXYFRCBO-UHFFFAOYSA-N,444.6230000000002,5.581900000000005,2,4,57.260000000000005,0.250780626027145,-0.38422175400150255,5,10,0.42857142857142855,3,4,3,0
4354,SBXOBUMXYFRCBO-UHFFFAOYSA-N,417.5530000000003,5.221500000000005,3,4,74.25,0.2545364140969277,-0.5071217816117116,5,9,0.38461538461538464,3,4,2,0
3883,SIVRCFKUZDWTJH-UHFFFAOYSA-N,295.43000000000006,3.173820000000002,0,3,19.370000000000005,0.07260600150756621,-0.36814225250663385,3,1,0.5263157894736842,2,4,2,0
3887,SIVRCFKUZDWTJH-UHFFFAOYSA-N,326.4000000000002,2.773600000000001,0,5,62.510000000000005,0.26975841143694906,-0.36813892755399874,6,2,0.5,2,4,3,0
1856,SKYIFQCTLQKILO-UHFFFAOYSA-N,442.0060000000003,6.617500000000007,1,3,28.160000000000004,0.07619084776969051,-0.3663593817352347,4,6,0.25,4,5,2,0
1857,SKYIFQCTLQKILO-UHFFFAOYSA-N,455.98900000000026,6.257700000000006,1,3,45.230000000000004,0.2507942911251877,-0.3663592111429615,5,5,0.21428571428571427,4,5,2,0
2067,SMWDFEZZVXVKRB-UHFFFAOYSA-N,297.358,2.3602000000000007,0,4,45.67,0.4142780927180021,-0.4078747433054886,5,4,0.29411764705882354,2,2,2,0
3114,SMWDFEZZVXVKRB-UHFFFAOYSA-N,226.279,2.0054,1,3,36.36,0.14132020389533537,-0.5056662686472843,3,3,0.21428571428571427,2,2,1,0
4287,SNFAEUZNFIYGNA-UHFFFAOYSA-N,175.19099999999997,1.6272199999999999,1,4,64.94,0.2574086873512039,-0.3987282194933017,4,1,0.1111111111111111,2,2,1,0
4289,SNFAEUZNFIYGNA-UHFFFAOYSA-N,247.29799999999997,2.806120000000001,1,5,74.17,0.2575473528342491,-0.4914085391106011,5,5,0.38461538461538464,2,2,1,0
2641,SPYJBESQZMDZSA-UHFFFAOYSA-N,444.9620000000003,6.707000000000005,3,4,65.38,0.1190392377904484,-0.5078127105238665,5,5,0.2222222222222222,4,5,1,0
2642,SPYJBESQZMDZSA-UHFFFAOYSA-N,473.0160000000003,7.313000000000006,1,4,43.379999999999995,0.12232981578095398,-0.4966141973812068,5,7,0.27586206896551724,4,5,1,0
1931,STCSLEWFMHPGFM-QFFDILLMSA-N,413.56500000000017,4.5263000000000035,1,4,35.580000000000005,0.18712588195837837,-0.37153483136279647,4,4,0.37037037037037035,2,5,3,0
1932,STCSLEWFMHPGFM-QFFDILLMSA-N,427.5920000000002,4.868500000000005,0,4,26.79,0.1871418708468695,-0.37153483136279647,4,4,0.39285714285714285,2,5,3,0
4095,SWAXJSBSRJXHAC-UHFFFAOYSA-N,333.5010000000002,3.3689000000000027,0,4,35.91,0.24283455313559607,-0.3038846595698768,5,7,0.6666666666666666,1,3,3,0
4096,SWAXJSBSRJXHAC-UHFFFAOYSA-N,305.44700000000006,2.5887000000000002,0,4,35.91,0.2428345531355739,-0.30939876651565845,5,5,0.625,1,3,3,0
3738,SYTMOMAWXWINBD-UHFFFAOYSA-N,379.447,4.545940000000004,0,4,42.68,0.33892821861136957,-0.49311565069917157,6,7,0.5714285714285714,2,3,1,0
3749,SYTMOMAWXWINBD-UHFFFAOYSA-N,345.439,2.883040000000001,1,5,62.910000000000004,0.33892821861136957,-0.4931156506990684,5,6,0.55,2,3,1,0
2011,TUAGUVROCPGBRH-HLOKYFMASA-N,506.64300000000026,3.3759000000000015,4,6,111.65,0.338318439899845,-0.43953758719727054,7,2,0.6,1,6,1,0
2012,TUAGUVROCPGBRH-HLOKYFMASA-N,520.6700000000002,4.030000000000003,3,6,100.65,0.3383284044375274,-0.43952675269668495,7,3,0.6129032258064516,1,6,1,0
2001,TVKNXKLYVUVOCV-UHFFFAOYSA-N,297.35400000000004,3.5774000000000026,0,4,42.68,0.34368752604495023,-0.4959556305298873,4,3,0.2777777777777778,3,3,1,0
2002,TVKNXKLYVUVOCV-UHFFFAOYSA-N,267.328,3.568800000000002,0,3,33.45,0.3436828808781696,-0.4222433759380873,3,2,0.23529411764705882,3,3,1,0
2381,UFAZLVHMPFPAHH-UHFFFAOYSA-N,365.88500000000005,6.102100000000004,0,2,20.310000000000002,0.23144610579084277,-0.2787123512102798,4,3,0.09523809523809523,3,4,1,0
2388,UFAZLVHMPFPAHH-UHFFFAOYSA-N,331.44000000000005,5.448700000000004,0,2,20.310000000000002,0.2314452941472289,-0.27876644379809884,3,3,0.09523809523809523,3,4,1,0
1978,UGUPNUQNBUBESC-UHFFFAOYSA-N,417.5050000000001,5.245800000000005,0,5,51.910000000000004,0.3436849165775378,-0.49675708682128267,5,9,0.2692307692307692,4,4,1,0
1979,UGUPNUQNBUBESC-UHFFFAOYSA-N,387.4790000000001,5.237200000000005,0,4,42.68,0.3436849165775378,-0.49345597965237603,4,8,0.24,4,4,1,0
2927,UNYJUWLOUSQGJX-RGEXLXHISA-N,326.39500000000004,5.184600000000004,0,2,26.3,0.18915816326713736,-0.4967569745834748,2,3,0.08695652173913043,3,4,0,0
2928,UNYJUWLOUSQGJX-RGEXLXHISA-N,356.42100000000005,5.1932000000000045,0,3,35.53,0.18915816326713755,-0.49676781832984024,3,4,0.125,3,4,0,0
1053,UONDTBVSZIDJKA-UHFFFAOYSA-N,298.474,4.082600000000004,0,0,7.76,0.1682694500299746,-0.20512568184676755,2,11,0.5,2,2,0,2
1398,UONDTBVSZIDJKA-UHFFFAOYSA-N,410.69,6.677600000000008,0,0,7.76,0.16856702171118693,-0.20510343673290882,2,11,0.6428571428571429,2,2,0,2
4180,USJIDDWMHJWKRB-UHFFFAOYSA-O,625.7910000000004,3.8831400000000036,0,6,131.14000000000001,0.33065980538196454,-0.3201011616366621,12,18,0.5757575757575758,3,3,2,1
4184,USJIDDWMHJWKRB-UHFFFAOYSA-O,648.7910000000005,4.993740000000005,0,4,88.0,0.4163950411964949,-0.32030483789154457,12,17,0.5882352941176471,3,3,1,1
1108,UUQBDBYKPIHDLS-UHFFFAOYSA-N,362.51700000000017,4.919800000000004,1,3,32.34,0.1623955277863435,-0.3848118414103814,3,6,0.4583333333333333,2,4,2,0
1109,UUQBDBYKPIHDLS-UHFFFAOYSA-N,376.54400000000004,4.944100000000005,0,3,23.550000000000004,0.16239552958399375,-0.37436440583900993,3,6,0.48,2,4,2,0
671,UWIUJEBCGNCCDI-JDCMOKTRSA-N,577.7210000000002,8.232700000000008,0,6,65.07,0.31039682563600296,-0.4934568441940233,6,14,0.2972972972972973,4,5,1,0
1305,UWIUJEBCGNCCDI-JDCMOKTRSA-N,578.7090000000002,7.635500000000008,1,6,77.1,0.4118385023618466,-0.4934568441940233,7,13,0.2777777777777778,4,5,2,0
691,UXCGNBAZQWGKDQ-IZZNHLLZSA-N,608.2740000000001,8.937300000000002,2,5,53.080000000000005,0.07406267656680798,-0.384220906997607,6,11,0.47368421052631576,4,7,3,0
695,UXCGNBAZQWGKDQ-IZZNHLLZSA-N,642.7189999999999,9.590699999999996,2,5,53.080000000000005,0.07406267656680798,-0.3842208957754673,7,11,0.47368421052631576,4,7,3,0
201,UXIHSXPUZBROTR-UHFFFAOYSA-N,272.34800000000007,2.0145,0,3,40.620000000000005,0.26104252789472565,-0.3063474715876171,4,3,0.5,1,3,2,0
1172,UXIHSXPUZBROTR-UHFFFAOYSA-N,317.34500000000014,1.9227,0,5,83.75999999999999,0.2697757882005685,-0.3063474715876171,7,4,0.5,1,3,3,0
3798,UXMKOLJFXKKWEQ-UHFFFAOYSA-N,318.3250000000001,2.174000000000001,2,6,93.06,0.3342730816475581,-0.5079488931140521,6,7,0.29411764705882354,1,2,0,0
3799,UXMKOLJFXKKWEQ-UHFFFAOYSA-N,386.4880000000002,5.243200000000004,2,5,75.99,0.3364746941450186,-0.5079469507402492,5,9,0.43478260869565216,1,2,0,0
1870,UZYCYTRGSZTTGC-UHFFFAOYSA-N,541.6270000000002,4.032400000000003,1,6,71.86000000000001,0.2344313677222462,-0.4928571793547352,9,8,0.2903225806451613,4,6,3,0
1872,UZYCYTRGSZTTGC-UHFFFAOYSA-N,523.6370000000002,3.8933000000000026,1,6,71.86000000000001,0.23443136772224601,-0.4928571793547352,8,8,0.2903225806451613,4,6,3,0
2523,VATOZJIGHBQVFX-MUPYBJATSA-N,407.55700000000013,6.163760000000007,0,2,20.310000000000002,0.18714273171751497,-0.2902896960425561,2,4,0.20689655172413793,3,4,1,0
2525,VATOZJIGHBQVFX-MUPYBJATSA-N,379.50300000000016,5.546920000000005,0,2,20.310000000000002,0.18714273169784196,-0.29028969604259436,2,4,0.14814814814814814,3,4,1,0
378,VEPPAPQOHSMECW-UHFFFAOYSA-N,364.4890000000001,4.444200000000004,1,3,41.57,0.4125774897016868,-0.4103352507501753,4,4,0.43478260869565216,2,4,2,0
381,VEPPAPQOHSMECW-UHFFFAOYSA-N,350.46200000000005,3.883200000000003,1,3,41.57,0.4123704085517601,-0.4103408851120926,4,4,0.4090909090909091,2,4,2,0
1138,VEPPAPQOHSMECW-UHUGOGIASA-N,364.4890000000001,4.444200000000004,1,3,41.57,0.4125774897016868,-0.4103352507501753,4,4,0.43478260869565216,2,4,2,0
1139,VEPPAPQOHSMECW-UHUGOGIASA-N,350.46200000000005,3.883200000000003,1,3,41.57,0.4123704085517601,-0.4103408851120926,4,4,0.4090909090909091,2,4,2,0
2705,VGCNXBCCOLTKPI-UHFFFAOYSA-N,336.4350000000001,3.584900000000003,0,3,40.620000000000005,0.2610423671743762,-0.299358326929333,4,8,0.3333333333333333,2,3,2,0
2706,VGCNXBCCOLTKPI-UHFFFAOYSA-N,366.4610000000002,3.5935000000000024,0,4,49.85000000000001,0.2610423671743762,-0.4964259304658538,5,9,0.36363636363636365,2,3,2,0
4288,VIZNDSYPXQJMCM-UHFFFAOYSA-N,252.27700000000004,2.5680000000000005,2,5,90.96,0.25774371931264933,-0.3987282194932874,5,2,0.0,3,3,2,0
4290,VIZNDSYPXQJMCM-UHFFFAOYSA-N,309.369,4.1647000000000025,1,5,74.17,0.25788106837542507,-0.4914085391053314,5,6,0.2222222222222222,3,3,1,0
3123,VJHQBGAGFAIABW-UHFFFAOYSA-N,617.8380000000001,8.121000000000008,2,5,81.07,0.250859982032405,-0.49388976125045464,7,14,0.41025641025641024,5,6,2,0
3126,VJHQBGAGFAIABW-UHFFFAOYSA-N,645.8920000000002,8.853300000000004,1,5,72.28,0.2534211591509914,-0.49388976125045464,7,15,0.43902439024390244,5,6,2,0
1860,VJXQYZRHHROCND-UHFFFAOYSA-N,708.8960000000003,8.545000000000007,1,9,93.84000000000002,0.20375050496602481,-0.5068927400186573,9,21,0.37209302325581395,5,5,2,0
3557,VJXQYZRHHROCND-UHFFFAOYSA-N,648.8440000000004,8.527800000000006,1,7,75.38,0.20375050496602481,-0.5068927400186573,7,19,0.34146341463414637,5,5,2,0
3700,VKIJTFYGLUKRHX-UHFFFAOYSA-N,498.5870000000003,3.4718000000000018,3,6,116.32,0.2553955279772193,-0.3491602844382709,9,8,0.32142857142857145,3,5,4,0
3701,VKIJTFYGLUKRHX-UHFFFAOYSA-N,533.0320000000002,4.125200000000002,3,6,116.32,0.2553955279772193,-0.3491602844382708,10,8,0.32142857142857145,3,5,4,0
4204,VNYYZZUTCYXDEN-UHFFFAOYSA-N,394.4500000000001,3.2415000000000016,1,6,61.72,0.16237349383039051,-0.5040153576874637,7,5,0.2727272727272727,3,4,2,0
4205,VNYYZZUTCYXDEN-UHFFFAOYSA-N,360.46100000000007,3.4022200000000016,1,5,52.49,0.14663980718842767,-0.5075996446232323,5,4,0.2727272727272727,3,4,2,0
81,VOBGQUFQKUDUJO-UHFFFAOYSA-O,466.6670000000002,6.718400000000008,0,4,35.53,0.17232489980372906,-0.4928455118509088,5,10,0.4642857142857143,3,4,1,1
97,VOBGQUFQKUDUJO-UHFFFAOYSA-O,482.6660000000002,5.689200000000007,1,5,55.760000000000005,0.17490086700413285,-0.49284551185090875,6,10,0.4642857142857143,3,4,1,1
230,VOWHONRMOCHCGC-UHFFFAOYSA-O,401.48500000000007,1.011500000000001,1,7,108.0,0.41183851828499274,-0.7255268762275708,10,2,0.5882352941176471,1,3,3,0
405,VOWHONRMOCHCGC-UHFFFAOYSA-O,290.38699999999994,1.9185,1,3,41.57,0.41183851828499274,-0.41035223940137555,5,1,0.5625,1,3,3,1
2117,VPMPRQLKHHOCSP-UHFFFAOYSA-N,575.7020000000003,6.955700000000008,0,8,79.60000000000001,0.20384129540047055,-0.49642593046585387,8,16,0.38235294117647056,4,4,1,0
2120,VPMPRQLKHHOCSP-UHFFFAOYSA-N,561.6750000000003,6.652700000000008,1,8,90.60000000000001,0.20361119558006127,-0.5035512179604762,8,15,0.36363636363636365,4,4,1,0
1582,VQGBPCIONNQYIL-UHFFFAOYSA-N,250.321,3.1842000000000015,0,1,13.11,0.21253785087968863,-0.49673702009929227,2,3,0.11764705882352941,3,3,0,1
2826,VQGBPCIONNQYIL-UHFFFAOYSA-N,364.42500000000007,2.595600000000001,1,3,62.52,0.4142267090923767,-0.40930801657835836,6,4,0.19047619047619047,3,3,2,1
4410,VQHPLNYDVBCJMS-UHFFFAOYSA-N,438.4100000000005,4.062000000000004,2,4,67.58999999999999,0.2545979905056583,-0.4958423010511553,6,6,0.6666666666666666,1,3,3,0
4411,VQHPLNYDVBCJMS-UHFFFAOYSA-N,485.41000000000054,3.9041000000000032,2,4,67.58999999999999,0.254595412649938,-0.4958423909567549,6,6,0.6666666666666666,1,3,3,0
688,VTVFXURRUMOQCX-UHFFFAOYSA-N,565.2050000000004,9.395599999999998,2,4,49.84,0.0740626765426433,-0.3842217540015026,5,9,0.4444444444444444,4,7,2,0
692,VTVFXURRUMOQCX-UHFFFAOYSA-N,599.6500000000001,10.048999999999994,2,4,49.84,0.0740626765426433,-0.38422174277936294,6,9,0.4444444444444444,4,7,2,0
4540,VUTKNZLZEHUNMY-UHFFFAOYSA-N,275.3550000000001,3.7578000000000022,1,3,51.8,0.0726154691535897,-0.39790198217822265,3,1,0.2222222222222222,3,4,1,0
4541,VUTKNZLZEHUNMY-UHFFFAOYSA-N,305.381,3.7664000000000017,1,4,61.03,0.21300043133507832,-0.48096881624301707,4,2,0.2631578947368421,3,4,1,0
3207,VVQVFAAYWYMLIW-UHFFFAOYSA-N,425.4870000000002,6.791900000000007,1,0,15.79,,,3,3,0.14285714285714285,5,6,0,0
3208,VVQVFAAYWYMLIW-UHFFFAOYSA-N,423.49600000000015,6.358400000000007,2,1,36.019999999999996,,,3,3,0.14285714285714285,5,6,0,0
977,VWVGOALUEAHFJV-UHFFFAOYSA-N,265.36,3.5981000000000014,1,3,51.8,0.16097998195887542,-0.3978454845540349,3,1,0.4117647058823529,2,4,1,0
989,VWVGOALUEAHFJV-UHFFFAOYSA-N,251.333,3.208000000000001,1,3,51.8,0.1609799819588455,-0.3978454845585632,3,0,0.375,2,4,1,0
2305,VXLRZAXUUZPXJL-UHFFFAOYSA-N,469.62900000000036,7.042300000000006,2,4,67.16,0.2865365869816967,-0.4509194339417015,5,10,0.4,4,5,2,0
2308,VXLRZAXUUZPXJL-UHFFFAOYSA-N,499.6550000000003,7.050900000000007,2,5,76.39,0.286540357535489,-0.492820796983233,6,11,0.41935483870967744,4,5,2,0
1067,WDGQGLWXVMWOHB-UHFFFAOYSA-N,313.4010000000001,3.3561200000000024,1,5,78.10000000000001,0.33949266664006034,-0.46234301316558446,5,2,0.5,2,3,1,0
1069,WDGQGLWXVMWOHB-UHFFFAOYSA-N,299.3740000000001,2.966020000000001,1,5,78.10000000000001,0.3392269765515485,-0.46536921274006,5,1,0.47058823529411764,2,3,1,0
2326,WDVUURYAZSPAGT-UHFFFAOYSA-N,471.6010000000002,6.270700000000006,2,5,76.39,0.2865403575355482,-0.492820796983233,6,10,0.3793103448275862,4,5,2,0
2329,WDVUURYAZSPAGT-UHFFFAOYSA-N,441.57500000000033,6.2621000000000056,2,4,67.16,0.28653658698175594,-0.4509194339417015,5,9,0.35714285714285715,4,5,2,0
1630,WFNBIRNJSOCNHT-UHFFFAOYSA-N,374.4920000000001,3.5114600000000014,2,6,101.76,0.14597639206066976,-0.3825243617844934,6,7,0.4090909090909091,2,3,5,0
1765,WFNBIRNJSOCNHT-UHFFFAOYSA-N,393.922,4.582660000000004,1,5,75.74000000000001,0.1488130845536269,-0.3689238449613805,6,7,0.4090909090909091,2,3,4,0
3448,WHUJSQXNUCCIJX-UHFFFAOYSA-N,672.2149999999999,5.318700000000004,3,10,148.84000000000003,0.26625349502320955,-0.47606984508102945,14,12,0.36363636363636365,5,7,3,0
3449,WHUJSQXNUCCIJX-UHFFFAOYSA-N,637.77,4.665300000000004,3,10,148.84000000000003,0.26625349502320955,-0.47606984508102945,13,12,0.36363636363636365,5,7,3,0
3487,WIVQWKBFPDKCOF-NBGIEHNGSA-N,469.56200000000024,4.517200000000004,0,6,63.68,0.19241710575356982,-0.496768215830767,6,2,0.25,3,6,1,0
3488,WIVQWKBFPDKCOF-NBGIEHNGSA-N,453.5630000000002,4.817020000000004,0,5,54.45,0.19241710575329493,-0.2933440076286733,5,1,0.25,3,6,1,0
2368,WJTDBRSQCOOMQI-UHFFFAOYSA-N,398.75100000000003,3.2158000000000015,0,1,20.310000000000002,,,4,2,0.05,3,4,1,0
2375,WJTDBRSQCOOMQI-UHFFFAOYSA-N,364.30600000000004,2.5624000000000002,0,1,20.310000000000002,,,3,2,0.05,3,4,1,0
118,WKOHIRBMSXYUCL-UHFFFAOYSA-N,427.54800000000006,4.914700000000005,1,4,44.81,0.4118385181871196,-0.4103522677804611,5,5,0.2962962962962963,3,5,3,0
130,WKOHIRBMSXYUCL-UHFFFAOYSA-N,427.54800000000006,4.914700000000005,1,4,44.81,0.4118385181871196,-0.4103522677804611,5,5,0.2962962962962963,3,5,3,0
1951,WKQKHFZKNGJQPU-UHFFFAOYSA-N,422.6170000000004,4.686400000000004,2,4,57.260000000000005,0.22084754010584134,-0.38245079875587507,5,9,0.6153846153846154,2,4,3,0
1958,WKQKHFZKNGJQPU-UHFFFAOYSA-N,408.59000000000043,4.296300000000004,2,4,57.260000000000005,0.22084732768219167,-0.38245079875587507,5,8,0.6,2,4,3,0
4121,WLZZZKIRXUHSSI-UHFFFAOYSA-N,456.5460000000003,3.855120000000003,3,6,103.94999999999999,0.24827427471636296,-0.3842205829480451,7,7,0.3333333333333333,3,5,2,0
4124,WLZZZKIRXUHSSI-UHFFFAOYSA-N,490.9910000000003,4.508520000000004,3,6,103.94999999999999,0.24827427471636296,-0.3842205717259055,8,7,0.3333333333333333,3,5,2,0
1950,WMQRORZTVFOCTL-UHFFFAOYSA-N,436.6440000000004,5.076500000000005,2,4,57.260000000000005,0.22078525013511574,-0.38422058289535355,5,10,0.6296296296296297,2,4,3,0
1953,WMQRORZTVFOCTL-UHFFFAOYSA-N,450.6710000000004,5.466600000000005,2,4,57.260000000000005,0.22078546255880663,-0.38422058289535355,5,11,0.6428571428571429,2,4,3,0
857,WRTKXQQODGIRSM-LETNVAMUSA-N,497.7680000000003,4.921900000000004,2,5,64.93,0.13999957232592208,-0.39273504906159845,5,4,0.9354838709677419,0,6,3,0
858,WRTKXQQODGIRSM-LETNVAMUSA-N,483.74100000000027,4.531800000000004,2,5,64.93,0.13999957232592208,-0.39273504906159845,5,3,0.9333333333333333,0,6,3,0
1572,WWJOZXNSXTXFDX-UHFFFAOYSA-N,594.2470000000002,8.547200000000004,2,5,53.080000000000005,0.07406267656680798,-0.3841722993082823,6,10,0.4594594594594595,4,7,3,0
1577,WWJOZXNSXTXFDX-UHFFFAOYSA-N,628.6919999999999,9.2006,2,5,53.080000000000005,0.07406267656680798,-0.3841722880861419,7,10,0.4594594594594595,4,7,3,0
3101,XDSJIKQHXRQOIP-KNTRCKAVSA-N,477.6080000000004,5.934100000000005,2,4,63.25,0.24356115660162678,-0.4889166728397191,5,9,0.22580645161290322,4,5,2,0
3102,XDSJIKQHXRQOIP-KNTRCKAVSA-N,507.6340000000003,5.942700000000006,2,5,72.48,0.24356117453559434,-0.4928467052254603,6,10,0.25,4,5,2,0
3484,XEDITFPNOHYJHU-WHCXKFMVSA-N,513.6400000000002,4.960300000000005,0,7,63.68,0.19246456568566425,-0.4967682158190138,7,2,0.27586206896551724,3,7,1,0
3485,XEDITFPNOHYJHU-WHCXKFMVSA-N,497.64100000000025,5.260120000000005,0,6,54.45,0.19246456568538878,-0.29334378467999944,6,1,0.27586206896551724,3,7,1,0
2768,XHAVUDYJOYCHMI-UHFFFAOYSA-N,410.345,4.477000000000003,2,4,63.25,0.2510023038741855,-0.49642606987126947,7,11,0.4,2,2,2,0
2769,XHAVUDYJOYCHMI-UHFFFAOYSA-N,380.3190000000001,4.4684000000000035,2,3,54.02,0.2510023038741855,-0.352036869814014,6,10,0.3684210526315789,2,2,2,0
2763,XHSPRRUQWLQPRB-RCCKNPSSSA-N,469.54500000000024,5.771200000000006,0,6,100.42,0.1889655058679783,-0.49285858460898707,8,6,0.3333333333333333,3,5,4,0
2764,XHSPRRUQWLQPRB-RCCKNPSSSA-N,443.54700000000025,4.4116000000000035,1,6,77.68,0.1889655058679783,-0.49285858460898707,6,5,0.3333333333333333,3,5,2,0
1052,XJMUBKVBGNJFRH-UHFFFAOYSA-N,284.447,3.6925000000000026,0,0,7.76,0.1682694500299746,-0.20512568184676755,2,10,0.47368421052631576,2,2,0,2
1403,XJMUBKVBGNJFRH-UHFFFAOYSA-N,396.663,6.287500000000008,0,0,7.76,0.16856702171118693,-0.20510343673290882,2,10,0.6296296296296297,2,2,0,2
604,XJOKTEONVKMBPL-UHFFFAOYSA-N,325.3640000000001,4.002420000000003,1,4,56.790000000000006,0.41659657076299106,-0.46460649467535203,5,2,0.3157894736842105,2,4,1,0
605,XJOKTEONVKMBPL-UHFFFAOYSA-N,353.4180000000001,4.817400000000005,1,4,56.790000000000006,0.4165873059409319,-0.46460649467535203,5,3,0.38095238095238093,2,4,1,0
715,XJOKTEONVKMBPL-WVQRXBFSSA-N,353.4180000000001,4.817400000000005,1,4,56.790000000000006,0.4165873059409319,-0.46460649467535203,5,3,0.38095238095238093,2,4,1,0
716,XJOKTEONVKMBPL-WVQRXBFSSA-N,325.3640000000001,4.002420000000003,1,4,56.790000000000006,0.41659657076299106,-0.46460649467535203,5,2,0.3157894736842105,2,4,1,0
2440,XMRUHTURRZHFIZ-UHFFFAOYSA-N,396.53100000000006,3.751900000000003,2,4,61.8,0.21982924271573004,-0.5042546045038214,5,9,0.4583333333333333,2,3,2,0
3026,XMRUHTURRZHFIZ-UHFFFAOYSA-N,478.7210000000003,6.338300000000008,2,3,52.57000000000001,0.2198292264335273,-0.5073406919510867,4,8,0.5806451612903226,2,3,2,0
2657,XMYNTYLKGUHZIR-UHFFFAOYSA-N,431.53200000000027,4.875920000000005,0,5,55.84,0.16622564251986582,-0.49285879087508755,5,7,0.3333333333333333,2,4,1,0
2658,XMYNTYLKGUHZIR-UHFFFAOYSA-N,399.5340000000002,5.475560000000006,0,3,37.38,0.1660937535312419,-0.3497693039268005,3,5,0.3333333333333333,2,4,1,0
4006,XRFAUWJPLYPREY-UHFFFAOYSA-N,408.54200000000014,5.250500000000006,1,4,54.7,0.15170750716676312,-0.5079555105076196,5,12,0.4,3,3,1,0
4010,XRFAUWJPLYPREY-UHFFFAOYSA-N,408.54200000000014,5.250500000000006,1,4,54.7,0.15170750716676312,-0.5079666315527963,5,12,0.4,3,3,1,0
3771,XSUIFVDCVKFUQX-VAWYXSNFSA-O,393.4380000000001,3.830600000000003,1,3,51.44,0.24788716756299756,-0.49286956489759315,6,7,0.13043478260869565,3,3,1,1
3772,XSUIFVDCVKFUQX-VAWYXSNFSA-O,393.4380000000001,3.830600000000003,1,3,51.44,0.24788716756299756,-0.49286956489759315,6,7,0.13043478260869565,3,3,1,1
1345,XVNKRRXASPPECQ-UHFFFAOYSA-N,256.305,3.363500000000002,1,3,41.57,0.4165883453683062,-0.4100253850379379,4,3,0.13333333333333333,2,2,2,0
1346,XVNKRRXASPPECQ-UHFFFAOYSA-N,382.43800000000005,2.5872,1,6,104.76000000000002,0.4165908539297377,-0.7255268762275708,9,4,0.23529411764705882,2,2,2,0
259,XWHYLMWZWILHMT-UHFFFAOYSA-N,413.52100000000013,5.2370000000000045,1,4,44.81,0.41658728848061166,-0.41009330560471363,5,4,0.2692307692307692,3,5,3,0
441,XWHYLMWZWILHMT-UHFFFAOYSA-N,427.5480000000002,5.545420000000005,1,4,44.81,0.4165965557388093,-0.4100931932849625,5,4,0.2962962962962963,3,5,3,0
1068,XWNBLHIYRXEHPR-UHFFFAOYSA-N,271.32,2.1858199999999997,1,5,78.10000000000001,0.33949266664006034,-0.46234301316558446,5,2,0.4,2,3,1,0
1070,XWNBLHIYRXEHPR-UHFFFAOYSA-N,257.29299999999995,1.79572,1,5,78.10000000000001,0.33922697655154854,-0.46536921274006,5,1,0.35714285714285715,2,3,1,0
1773,XZQCYWLQEZNNLW-UHFFFAOYSA-N,525.4480000000002,3.5863200000000024,0,7,109.75,0.485234805463619,-0.7411547731218965,14,7,0.3333333333333333,3,3,0,0
1776,XZQCYWLQEZNNLW-UHFFFAOYSA-N,557.4650000000004,4.326920000000004,0,7,109.75,0.485234805463619,-0.7411547731218965,15,7,0.36363636363636365,3,3,0,0
1772,YAWRJEJWIOOMRI-UHFFFAOYSA-N,539.4750000000003,3.9764200000000036,0,7,109.75,0.485234805463619,-0.7411547731218965,14,8,0.36363636363636365,3,3,0,0
1775,YAWRJEJWIOOMRI-UHFFFAOYSA-N,571.4920000000004,4.717020000000004,0,7,109.75,0.485234805463619,-0.7411547731218965,15,8,0.391304347826087,3,3,0,0
2009,YCGLFFGMIUZISY-WKRPIFTMSA-N,492.66000000000025,3.849300000000003,4,5,94.57999999999998,0.24763001731732698,-0.3919246425465425,6,2,0.6333333333333333,1,6,1,0
2010,YCGLFFGMIUZISY-WKRPIFTMSA-N,492.66000000000025,3.849300000000003,4,5,94.57999999999998,0.24763001731732698,-0.392700212911251,6,2,0.6333333333333333,1,6,1,0
450,YHUVAVMALJCTEP-UHFFFAOYSA-N,250.345,3.8130000000000024,1,2,38.91,0.07257268239990675,-0.3978841777075056,2,0,0.35294117647058826,2,4,1,0
466,YHUVAVMALJCTEP-UHFFFAOYSA-N,264.372,4.203100000000003,1,2,38.91,0.07257268239994133,-0.3978841777030719,2,1,0.3888888888888889,2,4,1,0
3169,YMJFBQQOSAAGSZ-UHFFFAOYSA-N,490.05100000000033,5.126600000000004,4,4,95.83,0.23676084797532262,-0.384220571673153,7,9,0.35714285714285715,4,5,3,0
3176,YMJFBQQOSAAGSZ-UHFFFAOYSA-N,455.6060000000003,4.473200000000004,4,4,95.83,0.23676084797532262,-0.38422058289529254,6,9,0.35714285714285715,4,5,3,0
697,YNKWXURRTAXYIE-UHFFFAOYSA-N,373.40900000000016,3.384800000000002,1,6,93.93999999999998,0.4142015402159617,-0.49351738819084257,8,8,0.3157894736842105,2,2,3,0
3966,YNKWXURRTAXYIE-UHFFFAOYSA-N,387.43600000000004,3.7749000000000024,1,6,93.94,0.41445398762205876,-0.49351738819084257,8,9,0.35,2,2,3,0
1720,YPJPJVJYEPAABA-QKHZYRMWSA-N,702.2549999999999,5.558800000000005,2,6,102.06,0.25026195058692485,-0.3371051189943658,10,3,0.4146341463414634,3,10,5,0
1721,YPJPJVJYEPAABA-QKHZYRMWSA-N,736.6999999999998,6.2122000000000055,2,6,102.06,0.25026195058698397,-0.3371051116549235,11,3,0.4146341463414634,3,10,5,0
2688,YPRKAIJELGGDDQ-FWJOYPJLSA-N,377.52800000000013,6.841800000000006,1,2,38.33,0.41658727400812867,-0.4100956781457536,3,3,0.48,2,4,1,0
2689,YPRKAIJELGGDDQ-FWJOYPJLSA-N,335.44700000000006,5.718400000000004,1,2,38.33,0.4165872715719903,-0.4100956781523415,3,2,0.4090909090909091,2,4,1,0
261,YSXYQGDIUVECGI-UHFFFAOYSA-N,351.45000000000005,3.3443000000000023,1,4,44.81,0.4118385181871196,-0.4103522677804822,5,3,0.38095238095238093,2,4,3,0
265,YSXYQGDIUVECGI-UHFFFAOYSA-N,351.45000000000005,3.3443000000000023,1,4,44.81,0.4118385181871196,-0.4103522677804822,5,3,0.38095238095238093,2,4,3,0
3792,YTLQFZVCLXFFRK-UHFFFAOYSA-N,534.7450000000005,7.214000000000008,1,4,76.45999999999998,0.4121004596099578,-0.41035858273621456,7,15,0.53125,3,3,2,0
4164,YTLQFZVCLXFFRK-UHFFFAOYSA-N,464.6100000000003,5.215600000000006,0,4,67.67000000000002,0.4142015401691987,-0.4102234193312631,7,9,0.4444444444444444,3,3,2,0
2327,YXINUXBSKDTHDM-UHFFFAOYSA-N,457.5740000000002,5.880600000000006,2,5,76.39,0.2865403575355482,-0.492820796983233,6,10,0.35714285714285715,4,5,2,0
2330,YXINUXBSKDTHDM-UHFFFAOYSA-N,427.5480000000003,5.872000000000005,2,4,67.16,0.28653658698175594,-0.4509194339417015,5,9,0.3333333333333333,4,5,2,0
922,ZAUSWNSHRYNCTR-UHFFFAOYSA-N,562.1540000000001,6.743500000000007,1,6,63.690000000000005,0.1662020962737652,-0.49285879087511075,7,9,0.5151515151515151,3,6,2,0
924,ZAUSWNSHRYNCTR-UHFFFAOYSA-N,527.7090000000004,6.090100000000007,1,6,63.690000000000005,0.1662020962737652,-0.49285879087511075,6,9,0.5151515151515151,3,6,2,0
3737,ZBJSUGDKPWWCDP-UHFFFAOYSA-N,395.4740000000001,4.839940000000005,0,4,42.68,0.33892821861136957,-0.4931156488890995,5,5,0.375,3,4,1,0
3750,ZBJSUGDKPWWCDP-UHFFFAOYSA-N,377.4840000000001,4.700840000000005,0,4,42.68,0.33892821861136957,-0.49311564888909964,4,5,0.375,3,4,1,0
1952,ZBMVIVMHUGABFH-UHFFFAOYSA-N,436.6440000000004,5.076500000000005,2,4,57.260000000000005,0.22078651527616494,-0.38415348652445114,5,10,0.6296296296296297,2,4,3,0
1959,ZBMVIVMHUGABFH-UHFFFAOYSA-N,422.6170000000004,4.686400000000004,2,4,57.260000000000005,0.22078630285247489,-0.38415348652445114,5,9,0.6153846153846154,2,4,3,0
1618,ZBVHGRLWCKTLDV-UHFFFAOYSA-N,491.7240000000005,4.714400000000004,1,5,51.71000000000001,0.2234449093598444,-0.3829343061458063,6,9,0.6666666666666666,2,5,4,0
1619,ZBVHGRLWCKTLDV-UHFFFAOYSA-N,477.6970000000005,4.324300000000003,1,5,51.71000000000001,0.22344469692471747,-0.3829343061458063,6,8,0.6551724137931034,2,5,4,0
778,ZCFTXFRNKQBBTE-UHFFFAOYSA-N,719.068,8.426000000000007,0,6,65.56000000000002,0.222063722174155,-0.49642593046585387,8,23,0.6818181818181818,2,4,4,0
844,ZCFTXFRNKQBBTE-UHFFFAOYSA-N,662.9600000000003,6.961400000000008,2,6,83.14,0.2220637221693648,-0.49642606987126947,8,21,0.65,2,4,4,0
2543,ZGHYKEDJXGZSTQ-UHFFFAOYSA-N,358.46299999999997,2.7912000000000017,1,4,66.48,0.2685060690338988,-0.31267646345693206,6,8,0.3157894736842105,2,3,2,0
2963,ZGHYKEDJXGZSTQ-UHFFFAOYSA-N,372.4900000000002,3.1334000000000017,0,4,57.690000000000005,0.268506069033907,-0.3021156443622176,6,8,0.35,2,3,2,0
1224,ZMHJBQYKHSJECL-UHFFFAOYSA-N,296.41800000000006,3.349820000000001,1,4,41.050000000000004,0.1511803095623096,-0.36707725215358367,4,5,0.4444444444444444,2,3,2,0
1225,ZMHJBQYKHSJECL-UHFFFAOYSA-N,330.8630000000002,4.003220000000002,1,4,41.050000000000004,0.1511803095625119,-0.3670772521535835,5,5,0.4444444444444444,2,3,2,0
836,ZMIVPHRLYCRQNU-UHFFFAOYSA-N,548.7280000000003,3.9268000000000027,2,8,83.14,0.2034877826798598,-0.49642593046577416,8,18,0.4375,2,3,4,0
1463,ZMIVPHRLYCRQNU-UHFFFAOYSA-N,524.6180000000004,1.8734000000000015,6,10,141.18,0.2034877826754001,-0.5042545954762858,10,16,0.35714285714285715,2,3,4,0
4206,ZMOOFKQWPDBUEM-UHFFFAOYSA-N,300.374,2.490500000000001,0,3,23.55,0.23332916158004288,-0.32567266734743316,6,5,0.5,1,2,2,0
4207,ZMOOFKQWPDBUEM-UHFFFAOYSA-N,333.2840000000001,3.5191000000000026,0,3,23.55,0.23332831979040103,-0.325728168438956,6,5,0.5,1,2,2,0
1569,ZONYXWQDUYMKFB-HNNXBMFYSA-N,424.49300000000017,5.4507000000000065,4,6,107.22000000000001,0.17392047507552955,-0.5073745346436513,6,6,0.32,2,3,0,0
3627,ZONYXWQDUYMKFB-HNNXBMFYSA-N,324.3760000000001,4.313000000000003,2,4,66.75999999999999,0.173920464296051,-0.5073745338059478,4,3,0.25,2,3,0,0
183,ZPMXWGBWYLLQKG-LDADJPATSA-N,346.4300000000001,4.034900000000003,1,3,45.33,0.16096495790293827,-0.49674276660628613,4,4,0.22727272727272727,3,4,1,0
198,ZPMXWGBWYLLQKG-LDADJPATSA-N,316.40400000000005,4.026300000000003,1,2,36.1,0.16096495783374726,-0.36056518617177913,3,3,0.19047619047619047,3,4,1,0
608,ZPZHFEMGZQOKFN-UHFFFAOYSA-N,605.851,5.944200000000005,3,6,83.66,0.22048968305608174,-0.4964259322246851,7,16,0.34210526315789475,5,5,5,1
885,ZPZHFEMGZQOKFN-UHFFFAOYSA-N,577.7970000000001,5.259800000000003,5,6,101.24,0.22048968305608174,-0.49642606987121224,7,16,0.3055555555555556,5,5,5,1
3020,ZWFDOEBDUQKTNF-UHFFFAOYSA-N,437.4920000000002,3.8792000000000035,0,7,78.21000000000001,0.3739036056834383,-0.4928398235859957,7,7,0.36,3,4,1,0
3021,ZWFDOEBDUQKTNF-UHFFFAOYSA-N,407.4660000000001,3.870600000000003,0,6,68.98,0.37390357598393215,-0.49673858148799716,6,6,0.3333333333333333,3,4,1,0
2816,ZYGHJZDHTFUPRJ-UHFFFAOYSA-N,351.4930000000001,3.8401200000000024,0,5,42.68,0.3359621562062808,-0.49258020859446744,6,6,0.4117647058823529,2,2,1,0
4431,ZYGHJZDHTFUPRJ-UHFFFAOYSA-N,178.143,1.2042,2,4,70.67,0.3356925746867207,-0.5042423255096838,4,0,0.0,2,2,0,0
4031,ZYNVCAFXAHFVII-UHFFFAOYSA-N,600.2470000000002,8.220500000000008,1,5,46.620000000000005,0.1605075056581137,-0.49285924395206027,6,9,0.5405405405405406,3,7,2,0
4033,ZYNVCAFXAHFVII-UHFFFAOYSA-N,586.2199999999999,7.830400000000008,1,5,46.620000000000005,0.1605075056581137,-0.49285924395206027,6,8,0.5277777777777778,3,7,2,0
782,ZZMAZRAYKUEZFA-UHFFFAOYSA-N,503.0900000000003,6.969600000000006,3,3,69.81,0.224001590383153,-0.3842217428150712,6,11,0.4,4,5,2,0
783,ZZMAZRAYKUEZFA-UHFFFAOYSA-N,581.9860000000001,7.732100000000006,3,3,69.81,0.22400159591522795,-0.3842217428150712,7,11,0.4,4,5,2,0
2367,ZZYXEZHDTZEGCL-UHFFFAOYSA-N,412.7780000000001,3.6059000000000028,0,1,20.310000000000002,,,4,3,0.09523809523809523,3,4,1,0
2374,ZZYXEZHDTZEGCL-UHFFFAOYSA-N,378.3330000000001,2.9525000000000015,0,1,20.310000000000002,,,3,3,0.09523809523809523,3,4,1,0
746,AAFADTHXZNSIKG-UHFFFAOYSA-N,548.6840000000003,5.353100000000005,3,7,110.81,0.25106023691802315,-0.4926888479950387,9,14,0.45161290322580644,3,4,3,0
3550,AAFDWODPFAYCQI-UHFFFAOYSA-N,730.9499999999999,7.119200000000009,1,9,81.86000000000001,0.19657915658600286,-0.5068931543817622,9,17,0.4,5,7,4,0
970,AAWHBYRLSMVMPT-UHFFFAOYSA-N,619.2090000000002,8.248300000000004,2,5,76.14,0.2198290710769298,-0.4925003268063673,7,10,0.34210526315789475,5,7,2,0
3807,ABEMVQRELSYIGR-UHFFFAOYSA-N,478.4610000000003,3.080000000000001,0,9,133.99,0.2691952100184814,-0.4935218989690415,11,10,0.25,3,4,2,0
246,ACBZXVJRMPPPRP-UHFFFAOYSA-N,601.7440000000001,5.828100000000005,1,8,93.47999999999999,0.4121006254850686,-0.49340545532370383,9,15,0.42857142857142855,4,5,3,0
180,ACFCLLGSDFAVEQ-CLVAPQHMSA-N,343.43,3.894700000000002,2,2,51.89,0.18714459267655598,-0.36706218578658195,4,4,0.13636363636363635,3,4,1,0
2590,ACFKCHHVTYBUGP-LVZFUZTISA-N,464.6500000000006,6.552400000000007,1,4,50.800000000000004,0.24788015301388544,-0.4928470477227036,5,14,0.4827586206896552,2,3,2,0
4251,ACYWKEMFHFVNQN-UHFFFAOYSA-N,432.5680000000002,4.936700000000004,2,5,66.49,0.4121633373628394,-0.41034635223412247,6,7,0.38461538461538464,3,4,3,0
3463,AEDHVDFWLXLDON-UHFFFAOYSA-N,641.8420000000001,5.981100000000006,4,9,130.16,0.26625349488755057,-0.47619217497748817,11,16,0.45714285714285713,4,6,4,0
337,AEEBVPFVPFLZOH-HTLJXXAVSA-N,291.35099999999994,1.7055,1,5,54.04,0.41183851820740186,-0.4103522618622255,6,1,0.5333333333333333,1,3,3,0
3017,AETZMXQABULFHJ-UHFFFAOYSA-N,451.5190000000002,4.269300000000004,0,7,78.21000000000001,0.37389360465293403,-0.4928398235859957,7,8,0.38461538461538464,3,4,1,0
3736,AEUPTFPGPNPFKY-UHFFFAOYSA-N,587.8120000000002,7.059580000000008,1,5,66.37,0.16238539405567406,-0.36896574041985913,6,12,0.42105263157894735,4,6,4,0
147,AGAAICLBZSPZIQ-UHFFFAOYSA-N,389.5680000000001,5.538000000000006,0,4,29.020000000000003,0.1188010602007432,-0.2990643944874401,4,7,0.3333333333333333,3,4,1,0
968,AGQTUPBLVLPGIW-UHFFFAOYSA-N,647.2630000000001,9.0285,2,5,76.14,0.21982906261928684,-0.4925003268063673,7,12,0.375,5,7,2,0
1812,AJEOSTRBVYLHFL-UHFFFAOYSA-N,306.45300000000003,4.065500000000004,0,0,7.76,0.21196195837034795,-0.20512568184650587,2,8,0.3333333333333333,3,3,0,2
2682,AJMKIWXIURIKPS-UHFFFAOYSA-N,298.29800000000006,-0.019200000000000772,0,5,74.76,0.23523123478743493,-0.291474874001965,6,0,0.375,1,4,2,0
3911,AJOZGTLFPZNNHP-UHFFFAOYSA-N,431.6680000000003,6.504900000000007,1,2,22.270000000000003,0.045628543396265424,-0.3608900706599724,3,12,0.5172413793103449,3,4,2,0
680,AJUUAUZWBQPTFD-UHFFFAOYSA-N,429.6550000000003,5.355800000000004,2,5,54.02,0.2195561334485081,-0.3824507987835063,6,9,0.5652173913043478,2,4,2,0
3186,AKCQVKULWVLHMR-UHFFFAOYSA-N,363.4170000000001,2.553700000000001,1,5,65.79,0.33569034589876473,-0.4227267512792187,6,4,0.23809523809523808,3,4,3,0
3895,ALBLVLIIOKNDOE-UHFFFAOYSA-N,338.49900000000014,3.0813200000000016,1,4,31.400000000000006,0.07259870249845395,-0.382934176418317,4,4,0.5714285714285714,2,4,3,0
1157,ALNLNNGVDVYQOX-UHFFFAOYSA-N,404.5980000000001,5.902200000000007,0,2,23.550000000000004,0.22958900762179604,-0.31218650658035074,3,7,0.5185185185185185,2,4,2,0
3875,ALQDGYVZZVYOGY-UHFFFAOYSA-N,350.42600000000004,1.714199999999999,2,5,77.15,0.23927025309524935,-0.307523181136009,7,5,0.3157894736842105,3,4,3,0
4081,ALRYRBBCEXMJGI-UHFFFAOYSA-N,515.5000000000003,3.3043000000000013,5,11,180.45,0.32090631762410277,-0.5015840776228915,13,7,0.21739130434782608,4,4,2,0
3793,ANEOOKIJLUCTER-UHFFFAOYSA-N,651.8960000000002,7.86230000000001,1,5,79.69999999999999,0.41210045961000097,-0.4103585827362145,8,16,0.475,4,5,3,0
4564,ANQGNYZKGOFNSV-UHFFFAOYSA-N,472.7170000000001,4.538890000000004,0,1,17.07,0.1854182734269352,-0.28936271372744377,4,5,0.21428571428571427,4,4,0,0
797,AOIXPVZGWICCKP-UHFFFAOYSA-N,415.48900000000015,5.109200000000004,0,5,51.91,0.1929603542163323,-0.49283982358706424,5,7,0.19230769230769232,4,4,1,0
4284,APSMOVSBJJPGKN-UHFFFAOYSA-N,384.5050000000001,4.023920000000003,2,6,80.05,0.2696538747370409,-0.3329941443906283,7,8,0.35,3,3,2,0
1892,APTNCCMNWHKRNB-UHFFFAOYSA-N,678.2290000000004,8.253300000000007,4,7,128.62,0.25094154097647053,-0.5071590533791233,9,11,0.35,4,7,2,0
1634,APTOOUCCLNCNIA-UHFFFAOYSA-N,458.6940000000002,6.721900000000007,2,4,40.19,0.07257891383351685,-0.3842217540372765,4,13,0.5,3,4,3,0
3847,AQMKOPRIUIYUJV-BQYQJAHWSA-N,468.6700000000003,6.367000000000006,2,2,32.230000000000004,0.1703230828177659,-0.3611643500647811,5,7,0.27586206896551724,4,5,3,0
3890,AQXGOLHXODDTBW-UHFFFAOYSA-N,360.3770000000001,3.337900000000002,1,6,112.76,0.26975990286159596,-0.38164161613349146,8,2,0.21052631578947367,4,5,2,0
1890,ARFPEMMIFXKGCU-UHFFFAOYSA-N,650.1750000000003,7.473100000000008,4,7,128.62,0.2509415409765297,-0.5071590533791233,9,9,0.3157894736842105,4,7,2,0
3416,ARMJZDJUAIIGAI-ZBJSNUHESA-N,517.6330000000004,4.953000000000004,2,5,79.26,0.2611452939059092,-0.38016926043074534,7,5,0.28125,4,7,3,0
926,ASAPLFRQNLSINY-UHFFFAOYSA-N,787.0140000000004,8.727800000000007,0,8,99.7,0.26106469085752876,-0.49642593046585387,10,23,0.4166666666666667,4,6,4,0
675,ASCBNEJRFFFGFO-LHLOQNFPSA-N,632.7540000000002,6.550600000000007,1,9,104.79000000000002,0.4118385023618466,-0.4934572442569594,10,16,0.3888888888888889,3,4,2,0
1307,ASCBNEJRFFFGFO-QOMWVZHYSA-N,590.6730000000003,5.641600000000008,4,9,137.79000000000002,0.4118385023618466,-0.5041467058417431,10,13,0.3333333333333333,3,4,2,0
4283,ASIVDOCWODPISQ-UHFFFAOYSA-N,308.40700000000004,2.7415400000000014,2,6,80.05,0.26963096752684146,-0.3330175308802213,7,6,0.5,2,2,2,0
1,ASQVBJNOBAVQLY-UHFFFAOYSA-N,376.9130000000002,4.554600000000004,0,4,51.02,0.34667315855500935,-0.3227903259620985,7,4,0.5,2,4,1,0
837,ASURBWAPVQYRGO-UHFFFAOYSA-N,520.6740000000002,3.146600000000002,2,8,83.14,0.20348857666109513,-0.49642593042247296,8,16,0.4,2,3,4,0
1433,ATASLUKKLHOVPH-UHFFFAOYSA-N,402.5820000000003,6.720300000000007,0,3,29.270000000000003,0.16692120597121246,-0.3560030144497497,3,6,0.5185185185185185,3,5,1,0
137,ATHZIFFSGSWIAU-UHFFFAOYSA-N,412.58100000000024,5.346500000000005,1,4,41.05,0.14846056758848455,-0.36856688839679247,4,6,0.4074074074074074,3,5,2,0
3341,ATNMJYCSSCNVMR-UHFFFAOYSA-N,320.4140000000001,2.6975200000000013,2,4,79.29,0.24071915941579541,-0.5076750216122042,6,5,0.3125,2,2,1,0
4103,ATQZQZVXRCSALL-UHFFFAOYSA-N,629.8520000000001,5.426700000000006,0,7,78.22,0.2676509793790913,-0.30079492028610866,10,11,0.4117647058823529,4,7,4,0
2815,ATULQKOJYBXQER-UHFFFAOYSA-N,349.47700000000015,3.594120000000003,0,5,42.68,0.3359621562062808,-0.4925802085944479,6,4,0.4117647058823529,2,3,1,0
730,AVBMYNQDDDXVFM-UHFFFAOYSA-N,477.5990000000004,5.549800000000006,0,4,35.91,0.16889176873200343,-0.3004607713251675,6,6,0.4482758620689655,2,5,3,0
1854,AVHMZIMFLFDTIN-UHFFFAOYSA-N,326.48400000000015,5.575700000000005,0,2,27.05,0.24028895937067232,-0.4758802019040074,3,5,0.6666666666666666,2,4,0,0
1710,AVIDOFAMPMEYPP-UHFFFAOYSA-N,348.4060000000001,3.2478200000000017,1,6,90.99,0.3401338478899976,-0.4623269603575144,6,3,0.3,3,4,1,0
4102,AVIFTUQCMKTSNJ-UHFFFAOYSA-N,615.8250000000002,5.036600000000005,0,7,78.22,0.2676509793790913,-0.3007949109916322,10,10,0.3939393939393939,4,7,4,0
1438,AVWREEWMESQTNI-UHFFFAOYSA-N,342.48600000000005,4.828600000000004,0,0,7.76,0.17613576688964663,-0.20450433229901824,2,7,0.25,4,4,0,2
834,AWDLVHWZJJXDBS-UHFFFAOYSA-N,604.8360000000005,5.487200000000004,2,8,83.14,0.2034877763341657,-0.49642593046585387,8,22,0.5,2,3,4,0
4361,AXFNCHDFGGPKMF-UHFFFAOYSA-N,437.7790000000001,7.0161000000000024,0,3,27.05,0.1022521437298448,-0.3668683217314374,7,6,0.15,4,4,0,0
226,AYMKUDMWKRYQAG-DTIOYNMSSA-N,344.4990000000002,4.263300000000004,1,3,41.57,0.41210062441632195,-0.4103474556297107,4,7,0.6666666666666666,1,3,2,0
2149,AYZUQWARUALHQF-LKIQXGJQSA-N,542.7600000000002,7.764200000000009,0,4,68.28,0.18401344779714746,-0.2974271825454874,4,8,0.6111111111111112,1,6,0,0
499,AZDCZJVQTAHDHL-UHFFFAOYSA-N,337.4050000000001,2.3847000000000005,1,8,97.33,0.31428769104710425,-0.46384097737063135,9,9,0.42857142857142855,2,2,3,0
4014,AZQWKYJCGOJGHM-UHFFFAOYSA-N,262.393,4.541700000000004,0,2,34.14,0.1815888303571294,-0.28994951213093867,2,10,0.6470588235294118,0,1,0,0
4471,AZTOXGFWBBSJAK-MRKIMWIVSA-N,920.3669999999998,11.701899999999984,2,8,136.43,0.33805555531233206,-0.48080420000112056,12,8,0.5294117647058824,3,8,0,0
1852,BAXOFTOLAUCFNW-UHFFFAOYSA-N,319.40500000000003,4.703700000000004,0,4,70.19,0.2698824663727971,-0.476172685689389,6,10,0.5882352941176471,2,2,1,0
636,BAXQFXPUSVVDGE-UHFFFAOYSA-O,432.6060000000003,4.917000000000005,0,5,44.760000000000005,0.17561986641340346,-0.49284551185089726,6,6,0.625,2,4,1,1
434,BBVIDBNAYOIXOE-UHFFFAOYSA-N,356.5360000000002,4.183400000000003,1,7,74.75,0.28610095339843905,-0.4097861854534855,7,13,0.8235294117647058,1,1,2,0
3702,BCCIUWOSUZTVEO-UHFFFAOYSA-N,560.0980000000002,5.367900000000005,3,5,103.43,0.2552792552260664,-0.3519794438956451,9,10,0.3548387096774194,3,5,4,0
3794,BDRKAJHQPXZFOY-UHFFFAOYSA-N,476.6210000000004,5.359700000000006,0,4,67.67000000000002,0.4147280767215234,-0.4102090144075172,7,9,0.4642857142857143,3,4,2,0
3475,BDVRMDSBZVNOLY-UHFFFAOYSA-N,554.0900000000004,7.1405000000000065,3,5,83.48,0.2510446790408698,-0.5042545920952817,7,7,0.2727272727272727,4,6,2,0
2595,BEJCDKTYSDLZBF-UHFFFAOYSA-N,375.5090000000001,4.306500000000004,0,5,48.0,0.3302508465766572,-0.4928470476891484,5,12,0.5909090909090909,1,2,1,0
1896,BFGITSFGKNOFTD-UHFFFAOYSA-N,706.2830000000004,9.033499999999998,4,7,128.62,0.25094154097647053,-0.5071590533791233,9,13,0.38095238095238093,4,7,2,0
1366,BFKYRMLUMLJZJD-LRTDYKAYSA-N,377.4880000000001,3.6128000000000027,0,4,36.02,0.41504330876196377,-0.41018766049825134,5,1,0.43478260869565216,2,5,3,0
1519,BFOOQYHXKGWIBI-UHFFFAOYSA-N,507.6340000000003,7.209600000000006,1,6,77.25,0.23000499490161228,-0.49345683402621726,6,10,0.34375,5,6,1,0
1481,BGFVDKJHBBUGIK-UHFFFAOYSA-N,498.71100000000047,6.9747000000000074,0,4,32.78,0.19252457570315692,-0.49360104846937586,4,14,0.42424242424242425,3,4,2,0
3948,BHGVAXXUXFNVSG-UHFFFAOYSA-N,320.3,4.027300000000002,0,5,69.65,0.20271744486146703,-0.496767786553071,5,3,0.05263157894736842,4,4,0,0
3290,BHGXULAGFJNHOT-TURZUDJPSA-N,516.5580000000003,3.2707000000000015,0,8,115.74,0.3471891026124393,-0.45504999511056327,11,9,0.2962962962962963,3,5,6,0
2556,BHQDTAPCKJANRQ-UHFFFAOYSA-N,435.5430000000003,5.244900000000004,2,5,77.24,0.3365267238650537,-0.458948402282405,6,3,0.46153846153846156,2,5,2,0
2924,BIBARRYXKABQKJ-UHFFFAOYSA-N,289.4189999999999,3.9242000000000035,0,3,29.54,0.16365339511233581,-0.49360123811727546,3,8,0.6111111111111112,1,2,1,0
2929,BIDYECAYHGTCEQ-KQWNVCNZSA-N,376.4550000000001,6.337800000000005,0,2,26.3,0.18915816326715676,-0.4967569745834748,2,3,0.07407407407407407,4,5,0,0
3047,BJCSXPZMHOHQFQ-UHFFFAOYSA-N,518.1200000000003,7.854500000000007,2,3,36.95,0.11357947883848679,-0.3842208970215827,5,7,0.53125,3,8,2,0
2491,BJJFPDPNWBAGOS-UHFFFAOYSA-N,452.6020000000004,4.960180000000006,1,5,63.39,0.1413202039546414,-0.5056662686471702,5,9,0.3793103448275862,3,4,3,0
4160,BKCVYBKXHLCECF-UHFFFAOYSA-N,475.58500000000026,5.875500000000007,2,6,79.23000000000002,0.17390920732515794,-0.5079666065471226,6,11,0.3448275862068966,3,4,1,0
1450,BLMJGURMDNTUKU-UHFFFAOYSA-N,356.5129999999999,5.218700000000005,0,0,7.76,0.21196195837034795,-0.19832534660194828,2,8,0.28,4,4,0,2
707,BLMXFPRHYAECRY-FQNRMIAFSA-N,338.4070000000001,4.059820000000003,1,4,50.800000000000004,0.41659655575906046,-0.41009318738578443,5,2,0.35,2,4,2,0
4472,BLNLCJPKUXWYSV-QUOSSWOJSA-N,628.2940000000002,6.03280000000001,5,5,110.02000000000001,0.22670492089589914,-0.3956934266606466,7,4,0.7567567567567568,1,6,1,0
3152,BNBWNJAILLASJW-PMERELPUSA-N,613.726,6.204000000000004,3,7,129.96,0.3243588630814571,-0.382358218953834,11,7,0.3142857142857143,5,8,4,0
3153,BNBWNJAILLASJW-SSEXGKCCSA-N,613.726,6.204000000000004,3,7,129.96,0.3243588630814571,-0.382358218953834,11,7,0.3142857142857143,5,8,4,0
3154,BNBWNJAILLASJW-UHFFFAOYSA-N,613.726,6.204000000000004,3,7,129.96,0.3243588630814571,-0.382358218953834,11,7,0.3142857142857143,5,8,4,0
4094,BNGICRROXYSOFL-UHFFFAOYSA-N,408.57100000000025,3.064700000000002,0,5,39.150000000000006,0.24288092054275098,-0.29895359381629194,6,5,0.4782608695652174,2,5,4,0
139,BOEAEKKTIXSDNX-UHFFFAOYSA-N,396.5380000000002,5.497200000000005,1,4,41.05,0.14878666447455266,-0.36855725647507953,4,6,0.3076923076923077,4,5,2,0
936,BOPBLYZHFOTQOO-UHFFFAOYSA-N,444.5750000000003,5.526900000000006,0,4,49.85000000000001,0.26088478441895396,-0.49642593046585387,5,11,0.35714285714285715,3,4,2,0
4209,BOSUEWCVNFFBGV-VAWYXSNFSA-N,329.352,2.1841000000000013,4,5,99.02000000000001,0.24350982187747083,-0.5042598930873275,6,6,0.16666666666666666,2,2,1,0
3908,BOUNYXVANQUHLS-UHFFFAOYSA-N,618.0999999999999,7.060500000000006,3,5,95.59,0.5725963173375077,-0.40579734735495393,12,9,0.45161290322580644,3,5,4,0
3182,BPPUARIPSMKIPO-UHFFFAOYSA-N,397.90600000000023,4.6330000000000044,0,4,47.36000000000001,0.27985775730079354,-0.47611202566115124,6,6,0.36363636363636365,3,4,1,0
4488,BPSMUHLNMYEXRF-MAUKXSAKSA-N,442.56000000000023,2.14156,0,8,77.02000000000001,0.33667079002738287,-0.47131241500162285,8,6,0.625,1,4,2,0
724,BQIIGTSQOCWPDH-UHFFFAOYSA-O,356.4420000000001,2.951200000000001,0,4,39.93,0.18743173858537,-0.49286997517496794,5,6,0.38095238095238093,2,3,1,1
20,BQIQANCGHMQWHH-MQNHUJCZSA-N,486.7010000000004,4.597100000000005,1,6,57.28000000000001,0.41210064131025725,-0.41034508736921355,7,12,0.75,1,4,4,0
3866,BQNHPQADYSFXTR-UHFFFAOYSA-N,673.3230000000004,8.386500000000005,2,6,91.4,0.2639749813336096,-0.3842215437788211,9,14,0.42105263157894735,4,6,3,0
3542,BQYZQHSHVHKUAX-OQKWZONESA-O,470.5930000000003,4.388000000000004,0,5,51.660000000000004,0.18929559366456958,-0.4928585846027478,6,6,0.3103448275862069,3,5,2,1
2494,BRBGBGVHTZNKIS-UVTDQMKNSA-N,238.31099999999998,3.8381000000000016,0,2,9.23,0.14633087126526592,-0.45512096621718984,2,1,0.0,2,3,0,0
1787,BRMDMFQKWSVCHQ-UHFFFAOYSA-P,642.6370000000003,3.191300000000002,0,8,140.62,0.485234805463619,-0.7411547731218965,18,10,0.5652173913043478,2,2,0,0
3495,BRYVTSKHCICRKZ-UHFFFAOYSA-N,684.3210000000001,9.3973,2,6,81.71000000000001,0.2235150883978653,-0.49272383958506116,8,16,0.4634146341463415,4,6,2,0
4089,BSRISIKVNVNLJD-UHFFFAOYSA-N,450.6520000000003,4.235000000000004,0,5,39.150000000000006,0.24283435348163246,-0.3007937482165706,6,7,0.5384615384615384,2,5,4,0
60,BTBQFAQETBWIOC-UHFFFAOYSA-N,582.9180000000005,7.223800000000008,4,6,66.58,0.1228448109403212,-0.49642606987126947,6,29,0.6666666666666666,2,2,4,0
204,BTKLXNPLNYFENL-MHWRWJLKSA-N,266.344,2.873100000000001,1,2,36.1,0.16096459333812496,-0.3670621874099582,3,3,0.23529411764705882,2,3,1,0
3554,BTNHZFGRMKCKDX-UHFFFAOYSA-N,710.9120000000003,8.478100000000008,1,9,89.93,0.17390920732517204,-0.5069069796869659,9,21,0.4186046511627907,4,5,2,0
1228,BULPDQLGDINAMU-UHFFFAOYSA-N,351.44600000000014,4.2904000000000035,0,4,38.77,0.23080068587720515,-0.45359504122565414,4,6,0.4090909090909091,2,4,1,0
474,BULPDQLGDINAMU-UHFFFAOYSA-O,366.4810000000001,4.435000000000004,0,3,35.53,0.23080068587720515,-0.45359504122565414,4,6,0.43478260869565216,2,4,1,1
4098,BUXAAHHFQFLYHV-UHFFFAOYSA-N,629.8520000000002,5.426700000000006,0,7,78.22,0.2676509793790913,-0.3007949109916322,10,10,0.4117647058823529,4,7,4,0
1184,BVQFUYUEQBLTCJ-UHFFFAOYSA-N,348.49,3.987200000000003,0,2,23.550000000000004,0.25364154057242927,-0.33829845008176634,3,5,0.43478260869565216,2,4,2,0
1835,BWFOBDLMBRNFDG-UDDAOAOMSA-N,603.7220000000003,6.536900000000007,1,4,69.72,0.25026651109609027,-0.3335712552178625,6,3,0.175,5,8,3,0
4430,BWHNZUPBZKVKFE-UHFFFAOYSA-N,351.3530000000002,3.8751000000000015,0,4,47.78,0.4159102424848494,-0.29472117453516217,8,1,0.3125,3,4,0,0
4372,BWRMZQGIDWILAU-UHFFFAOYSA-N,355.39700000000005,3.416800000000001,1,5,70.26,0.22063374820234416,-0.4809649842642095,5,6,0.09090909090909091,3,3,1,0
4556,BWZFLAUDFHHCEQ-UHFFFAOYSA-N,434.35300000000024,1.8109199999999999,4,11,169.04999999999998,0.3446773606775516,-0.5070511686902389,11,6,0.25,2,3,0,0
1861,BXKAIFOAFMMETC-UHFFFAOYSA-N,489.56800000000027,5.560900000000007,2,7,92.37000000000002,0.203750502871912,-0.5076781707019543,7,11,0.27586206896551724,4,4,1,0
1469,BXXICGWXQFEDAP-UHFFFAOYSA-N,536.7200000000003,4.928400000000005,0,4,32.7,0.1733009932584061,-0.49285921586404263,6,8,0.35294117647058826,4,6,2,2
4091,BYPQEUFUCCZAJU-UHFFFAOYSA-N,345.5120000000002,3.5130000000000026,0,4,35.910000000000004,0.2428345531355961,-0.30333642781638864,5,5,0.6842105263157895,1,4,3,0
1340,BYUCGUMKBQIYAW-UHFFFAOYSA-N,448.44100000000003,5.976800000000003,1,3,33.730000000000004,0.4159855145270327,-0.4535954748880617,9,4,0.13636363636363635,3,4,2,0
1928,BYUOXPBVJAPZNL-MJZABRMRSA-N,452.4670000000002,3.7013000000000025,0,8,119.06,0.2781680679936871,-0.37745695246964767,10,6,0.2608695652173913,2,3,4,0
4537,BYUXNAQCYOUTID-UHFFFAOYSA-N,498.66700000000037,6.224000000000007,0,5,45.92,0.19281620343851902,-0.492879242176539,5,9,0.46875,3,5,2,0
1444,BYZAGCWPLBSOCX-UHFFFAOYSA-N,302.37700000000007,3.1998000000000015,0,1,16.99,0.2573593596344428,-0.26169105431364775,3,4,0.1,4,4,0,2
449,BZFWBAOVKAGSFN-KIYNQFGBSA-N,298.8170000000001,4.856500000000003,1,2,38.91,0.07405539221285373,-0.39789344155837686,3,1,0.3888888888888889,2,4,1,0
1581,BZFWBAOVKAGSFN-NEPJUHHUSA-N,284.7900000000001,4.466400000000003,1,2,38.91,0.07405539221281891,-0.3978934415629028,3,0,0.35294117647058826,2,4,1,0
3796,BZVKJEORXGAQFX-UHFFFAOYSA-N,546.7560000000004,7.358100000000008,1,4,76.45999999999998,0.4121004596099578,-0.41035858273621456,7,13,0.5454545454545454,3,4,2,0
576,CAWADKROFCBGAK-CARJLUJMSA-N,462.6780000000003,5.698200000000006,1,3,49.410000000000004,0.25524558453468826,-0.3191964898027577,4,4,0.6666666666666666,1,5,2,0
852,CBKBXTSQLAZNNG-UHFFFAOYSA-N,342.43900000000014,3.9674200000000033,0,4,51.13000000000001,0.25568112005225263,-0.45358492033190617,5,5,0.6,1,4,2,0
2281,CBPJDUUDTXTXML-UHFFFAOYSA-N,541.6960000000004,6.034400000000005,4,5,108.14,0.4121008227565591,-0.41033302381548037,8,12,0.40625,4,5,3,0
3148,CCWGHNPGJUADOI-XZOQPEGZSA-N,565.2020000000001,7.011400000000007,2,4,74.33000000000001,0.22438888193656373,-0.38421292208267277,7,13,0.6060606060606061,2,5,3,0
3988,CDCUJCXPBYIZLI-BZKUTMRRSA-N,562.7140000000004,5.163700000000005,1,4,68.88000000000001,0.24573030545455213,-0.49676819370801656,7,7,0.37142857142857144,4,7,3,0
3989,CDCUJCXPBYIZLI-LXANVCGNSA-N,562.7140000000004,5.163700000000005,1,4,68.88000000000001,0.24573030545455213,-0.49676819370801656,7,7,0.37142857142857144,4,7,3,0
1617,CEFRVNUQUYBTRI-UHFFFAOYSA-N,471.64900000000034,4.196200000000003,1,5,51.71000000000001,0.22393718930892104,-0.3829343061458063,6,8,0.4482758620689655,3,5,4,0
4016,CEJSCHVZPLJXOS-UHFFFAOYSA-N,444.57100000000025,7.930400000000008,2,4,62.83,0.14525238599007143,-0.507797798868362,4,6,0.3103448275862069,3,4,0,0
1633,CEYJRENWXPAGKD-UHFFFAOYSA-N,472.72100000000023,7.112000000000007,2,4,40.19,0.07257891383351685,-0.3842217540372765,4,14,0.5161290322580645,3,4,3,0
1293,CFMNRJWKHXEFOQ-UHFFFAOYSA-N,494.68700000000035,6.805100000000007,2,6,75.62,0.16098663065825564,-0.3841738019022923,6,10,0.4838709677419355,4,6,2,0
3977,CFTOTSJVQRFXOF-UHFFFAOYSA-N,231.29899999999998,1.9654,3,3,63.07,0.14343468727041744,-0.494516387762128,4,1,0.38461538461538464,2,3,2,0
408,CGAHLAWAOLRZHC-UHFFFAOYSA-P,294.31500000000005,-0.8133999999999968,2,5,92.03,0.30483214951023624,-0.41062240408324974,9,6,0.3333333333333333,2,2,2,2
1322,CGIMGXTZKQHJJU-UHFFFAOYSA-N,475.0360000000003,6.650600000000005,3,3,69.81,0.2529495653567062,-0.3842217427793629,6,9,0.35714285714285715,4,5,2,0
3800,CGJQKDDDVUSTBP-STZFKDTASA-N,406.4330000000001,3.932700000000003,0,4,48.64,0.22762687297752485,-0.49285648130419785,6,5,0.16666666666666666,3,4,0,1
658,CGPFCMGYTPXYSJ-UHFFFAOYSA-N,346.4060000000002,3.566600000000003,0,3,39.41,0.2308006858772231,-0.4535950412256294,4,6,0.18181818181818182,3,4,0,1
3117,CHOBURRKJISLAI-UHFFFAOYSA-N,589.784,7.437000000000008,1,5,72.28,0.2534115410772306,-0.49388976125045464,7,12,0.3783783783783784,5,6,2,0
3815,CHZAJDNXPGNBLF-UHFFFAOYSA-N,388.53700000000026,2.729920000000001,1,6,57.7,0.2269413294019349,-0.37688674236308306,7,6,0.6,2,4,3,0
3909,CIYWTMZGOWASMQ-BJKOFHAPSA-N,670.1760000000003,8.177700000000005,3,5,95.59000000000002,0.5725963173375077,-0.40579734735495393,12,9,0.45714285714285713,3,6,4,0
3910,CIYWTMZGOWASMQ-RPWUZVMVSA-N,670.1760000000003,8.177700000000005,3,5,95.59000000000002,0.5725963173375077,-0.40579734735495393,12,9,0.45714285714285713,3,6,4,0
643,CIYYAXBPPLHNDV-UHFFFAOYSA-N,384.52100000000013,3.6200000000000028,0,4,39.410000000000004,0.16855957761311235,-0.49285814686976853,5,8,0.45454545454545453,2,4,0,1
899,CJDXDXPZBOPRIH-UHFFFAOYSA-O,440.54800000000023,3.3268000000000013,2,6,104.91999999999999,0.2605137429092313,-0.5688647031156765,9,10,0.5652173913043478,2,4,5,0
2148,CJPWVSWHUPXWHU-UHFFFAOYSA-N,420.52000000000027,5.221000000000004,1,5,70.59,0.1378934981738283,-0.33794777321317904,6,4,0.23076923076923078,5,6,1,0
3861,CJYRQVSVJMWRPL-UHFFFAOYSA-N,306.4130000000001,3.3718000000000012,1,3,35.16,0.13798710816615875,-0.3689657417240845,4,3,0.3157894736842105,3,4,2,0
1282,CJYZVXNYXSEUCW-UHFFFAOYSA-N,464.6570000000003,7.234900000000007,2,4,49.84,0.07257891564794114,-0.3842217527837744,4,10,0.41935483870967744,4,6,2,0
3918,CKWMJAPAGAYHIS-UHFFFAOYSA-N,655.6700000000002,8.313000000000004,2,6,83.97999999999999,0.252725209971804,-0.3799591312482035,8,12,0.42105263157894735,5,7,2,0
1514,CMHPNWZOHZNFLB-UHFFFAOYSA-N,367.53700000000015,4.418100000000004,1,4,37.39,0.07257891383351685,-0.3842217540114325,4,8,0.6086956521739131,2,4,2,0
626,CMYOXBIAKNBKIS-UHFFFAOYSA-O,378.49200000000013,4.340300000000004,0,3,35.53,0.1895618953544303,-0.492846532988766,4,5,0.375,2,4,1,1
3626,CNXVDVMAYXLWPD-UHFFFAOYSA-O,332.33500000000015,3.4281000000000015,0,4,40.8,0.23084096572957588,-0.45357199153852557,5,0,0.15,4,6,0,1
784,COADHLNTUTYDRI-UHFFFAOYSA-N,503.0900000000003,6.969600000000006,3,3,69.81,0.2195058876390948,-0.38422173344552935,6,11,0.4,4,5,2,0
875,COJHLECINBFIEC-UHFFFAOYSA-N,267.328,3.246900000000002,0,3,21.700000000000003,0.16085574589879206,-0.492857603202674,3,2,0.29411764705882354,2,4,1,0
3795,COTJTXZAIZKSJE-UHFFFAOYSA-N,603.8520000000001,7.434000000000009,1,5,79.69999999999997,0.4121004596099578,-0.41035858273621456,8,17,0.5833333333333334,3,4,3,0
2312,CPIMBZDXMLRJFA-UHFFFAOYSA-N,427.59200000000016,6.6219000000000054,2,4,50.09,0.133845106758918,-0.4597174813052652,4,11,0.39285714285714285,4,5,2,0
1789,CQURZEFNBDJAOR-UHFFFAOYSA-P,614.5830000000002,2.4111000000000002,0,8,140.62,0.485234805463619,-0.7411547731218965,18,8,0.5238095238095238,2,2,0,0
4339,CQWWLWGATIFQLU-UHFFFAOYSA-N,289.4190000000001,3.9461200000000023,1,2,38.33,0.2576535729087126,-0.483498114012342,3,5,0.6111111111111112,1,2,1,0
1786,CRCCVUJWSLFSBI-UHFFFAOYSA-P,656.6640000000003,3.581400000000002,0,8,140.62,0.485234805463619,-0.7411547731218965,18,11,0.5833333333333334,2,2,0,0
3305,CRJHULALZRTMAB-MWDXBVQZSA-N,398.3670000000002,2.5609,0,8,89.52000000000001,0.31428264195795275,-0.4928699380331239,8,4,0.3333333333333333,2,5,0,0
1264,CRJKPYBOKIRWEV-UHFFFAOYSA-N,438.6190000000002,7.1363000000000065,2,4,49.84,0.07257891383351685,-0.38445380430634263,4,10,0.3793103448275862,4,5,2,0
2122,CRSZRYQQPLDHRO-UHFFFAOYSA-N,368.44400000000013,3.401580000000002,1,5,71.84,0.14072216342843957,-0.36894910175082307,6,2,0.22727272727272727,4,5,3,0
2854,CSHQXRFENGZQAM-UHFFFAOYSA-N,598.926,9.786599999999996,2,6,49.84,0.07257891383351686,-0.3842217499196632,6,15,0.5,4,6,2,0
776,CTMIALBUPGLVNI-UHFFFAOYSA-N,706.9720000000003,9.412800000000002,2,6,83.14000000000001,0.22386861520719636,-0.49642593046585387,8,23,0.4090909090909091,4,4,4,0
1295,CUNSKXFDFJIUPQ-UHFFFAOYSA-N,507.7260000000005,7.800200000000007,2,5,62.730000000000004,0.16098663065283977,-0.3842217540061878,5,9,0.48484848484848486,4,6,2,0
3028,CUPMXLDBQODCHG-UHFFFAOYSA-N,450.6670000000002,5.671700000000007,2,4,52.57000000000001,0.17611935665098863,-0.5073402590262255,4,7,0.5517241379310345,2,3,2,0
3713,CVAIGSAFBABGAE-UHFFFAOYSA-N,631.8220000000001,4.408000000000004,2,8,109.77,0.2413102973471673,-0.4967429680665144,11,17,0.5142857142857142,4,5,3,0
1793,CVOBJFGIWLQKNN-UHFFFAOYSA-N,743.0500000000002,5.061600000000009,6,8,140.46,0.22676001394908643,-0.38172797709391465,10,26,0.5454545454545454,2,3,6,0
3506,CVXSFPHLOPUFNE-UHFFFAOYSA-N,584.1569999999999,5.689900000000005,3,8,94.10000000000001,0.16368964586159485,-0.5042448501644708,9,14,0.53125,3,5,2,0
3025,CWEGCQIIDCZZED-UHFFFAOYSA-N,192.26199999999997,1.5702,2,3,49.49,0.11972337852053827,-0.5076211530692821,3,2,0.45454545454545453,1,2,2,0
2566,CWLLUJZBBZQEIN-UHFFFAOYSA-N,407.51800000000026,3.7517000000000023,2,7,103.02,0.3365066088641718,-0.45953797969176297,7,3,0.4782608695652174,2,4,2,0
4174,CWSYGAVOGHHPRG-UHFFFAOYSA-N,422.57200000000023,3.627200000000003,1,6,67.87,0.3301647880115668,-0.4935204478049115,8,9,0.45,1,2,2,0
4523,CXAJAAIHVWRPHS-UHFFFAOYSA-N,434.5880000000003,3.6266000000000025,2,5,78.84,0.26157790131187475,-0.30988957539265677,7,8,0.56,3,5,2,0
4334,CYDBQWRWTJIQJX-UHFFFAOYSA-N,435.5450000000002,4.600300000000005,1,6,62.910000000000004,0.3360612687887287,-0.4887724322327244,6,9,0.24,4,4,1,0
4559,CYWUMGVSXWDCBM-JJIBRWJFSA-N,471.68900000000036,7.335300000000008,2,4,57.510000000000005,0.12317815445082954,-0.5073171587054521,4,5,0.4838709677419355,3,4,2,0
168,CYYTWARSWHFVEI-UHFFFAOYSA-O,406.5020000000002,4.732600000000005,0,4,44.760000000000005,0.1998398055447239,-0.49286952852253396,5,9,0.24,3,3,1,1
1473,CZBDULQWWCSSTR-UHFFFAOYSA-N,497.6830000000004,6.1443000000000065,1,4,52.650000000000006,0.22386945584694878,-0.3260977156342967,5,12,0.375,3,4,3,0
1880,CZPWVGJYEJSRLH-UHFFFAOYSA-N,304.35200000000003,3.5847200000000026,0,6,53.47,0.3813041331392303,-0.40553675471309386,7,7,0.6666666666666666,1,1,0,0
4262,CZSLYGYSXHUYPJ-UHFFFAOYSA-N,400.4820000000001,4.795400000000003,3,4,79.03999999999999,0.4121644148286363,-0.4102755357807926,6,5,0.25,4,5,2,0
2730,DAGJMMZCVVNNNP-MDZDMXLPSA-O,370.47600000000017,4.152600000000003,1,2,32.14,0.21433576017071998,-0.37777781365291324,4,3,0.20833333333333334,4,5,1,1
1259,DAKMZCNUVKKBIH-UHFFFAOYSA-N,388.55900000000025,5.983100000000005,2,4,49.84,0.07257891383351685,-0.38495741329851424,4,10,0.44,3,4,2,0
2921,DASPBOAPKPGSJF-VPTICVGPSA-N,588.6940000000002,3.6450000000000014,4,8,175.5,0.32812585495225466,-0.4805901043317625,10,8,0.65625,0,3,0,0
1684,DAWIZDFDUWIGTD-CQSZACIVSA-N,350.4180000000001,3.5139000000000022,1,5,74.44,0.337912445434492,-0.46251063183167085,5,3,0.3333333333333333,2,4,1,0
196,DBDVAKGHPZJLTH-UHFFFAOYSA-N,203.32899999999998,2.961000000000001,0,1,3.24,0.0021821998303439396,-0.3029869321304193,1,3,0.5714285714285714,1,2,1,0
1239,DBOBKBYZGORZGL-UHFFFAOYSA-N,385.53300000000013,2.829600000000001,2,4,53.6,0.2568992548646261,-0.38005271542914326,6,10,0.3333333333333333,2,2,3,0
4169,DBQKSAHSXVRXEM-UHFFFAOYSA-N,344.36600000000004,4.744600000000003,1,4,59.67,0.1965829685728977,-0.5079662131563947,4,4,0.045454545454545456,4,4,0,0
161,DBSHGGWKIXHPGL-UHFFFAOYSA-O,404.5300000000001,5.286400000000005,0,3,35.53,0.1628456507374591,-0.4928695286791912,4,9,0.2692307692307692,3,3,1,1
3507,DBTAYZNNWNPYIB-UHFFFAOYSA-N,670.2940000000001,9.007200000000001,2,6,81.71000000000001,0.22351508839786535,-0.49272383958506116,8,15,0.45,4,6,2,0
4077,DBXSKMIIRVJQNR-UHFFFAOYSA-N,424.49700000000024,2.4573,1,7,75.38000000000001,0.1928209935557586,-0.4967677865528365,7,8,0.375,3,4,2,0
4487,DCYGRUQSKMONOT-LFYBBSHMSA-N,501.62700000000035,5.360160000000006,0,7,73.78,0.18535475516472882,-0.49284669236418094,7,11,0.36666666666666664,3,4,1,0
973,DDPFTYYIULVSQO-UHFFFAOYSA-N,681.708,10.143099999999993,2,5,76.14,0.2508049062631954,-0.4925000966032765,8,12,0.375,5,7,2,0
4187,DEOJEYMDLUNGLO-UHFFFAOYSA-N,454.5010000000002,4.753500000000003,2,3,71.19,0.2544362181522735,-0.488905814045519,6,7,0.14285714285714285,4,5,1,0
1956,DGAIWEHSIOVGNT-UHFFFAOYSA-N,471.55700000000036,4.476600000000003,3,6,104.46000000000001,0.335988050070037,-0.5078219983820337,7,8,0.32142857142857145,4,5,2,0
3717,DGLKFDAONHVJIA-SHUZPENHSA-N,624.7860000000003,4.455300000000004,3,7,117.53,0.2195746291809803,-0.49285727245765737,10,13,0.4722222222222222,4,7,2,0
182,DGNWGXLLTKEQST-UHFFFAOYSA-N,271.40400000000005,3.5537000000000027,0,2,20.310000000000002,0.16604932493072025,-0.3063474903199905,2,4,0.6111111111111112,1,3,1,0
1887,DGSXIEHZBQNKOR-UHFFFAOYSA-N,404.51400000000024,4.847200000000005,3,6,90.63000000000001,0.14272902127320075,-0.5056149987880776,6,8,0.375,3,4,2,0
2537,DHTIEPUWNIRXPY-UHFFFAOYSA-N,579.7700000000002,5.929500000000006,1,6,70.47,0.26765203763691836,-0.3841722975169698,8,8,0.3235294117647059,5,7,3,0
1697,DIBVGLXLEPTAFS-CYBMUJFWSA-N,351.4060000000001,2.908900000000001,1,6,87.33,0.337912461414024,-0.46251063178929214,6,3,0.35,2,4,1,0
4326,DIFMBALLHUXGIP-UHFFFAOYSA-N,421.51800000000014,4.557800000000004,1,6,62.910000000000004,0.3360612687887287,-0.4887724322327243,6,8,0.20833333333333334,4,4,1,0
4342,DJHVCZIPEGSZEW-UHFFFAOYSA-N,304.43400000000014,2.70922,1,3,41.57,0.2574842123689854,-0.48349826759071546,4,7,0.6111111111111112,1,2,2,0
2783,DJPKUESIAGEBIQ-UHFFFAOYSA-N,432.5000000000002,2.4396200000000006,1,5,95.39000000000001,0.2545457915450832,-0.492858790868862,7,7,0.28,3,4,1,1
1542,DKKWHIZUXSVRRX-BRNHUXAOSA-N,288.475,5.090300000000005,1,1,20.23,0.07008693799714537,-0.38932459229135946,1,1,0.9,0,4,0,0
925,DKLCDUMMOFZXAU-UHFFFAOYSA-N,710.9160000000003,6.094600000000007,0,8,103.08,0.2610685188257507,-0.49642593046585387,10,22,0.47619047619047616,5,5,2,0
21,DKQOQRBSBAPSKZ-UHFFFAOYSA-N,402.5020000000003,3.5459600000000027,2,7,91.25999999999999,0.16989976590913036,-0.4633589853765652,7,7,0.391304347826087,2,4,6,0
2953,DLBUVBWGLMJYOU-UHFFFAOYSA-N,331.43500000000006,3.6322000000000028,0,4,32.510000000000005,0.16956490169881777,-0.35589095870673176,5,4,0.631578947368421,2,4,2,0
4483,DMCKQGJPQJHYSG-UHFFFAOYSA-N,556.6770000000001,4.800060000000003,2,12,169.64,0.1896603395201283,-0.4967444770439242,12,10,0.18518518518518517,4,4,4,0
1889,DMDROIPKJWDHFC-UHFFFAOYSA-N,636.1480000000003,7.083000000000007,4,7,128.62,0.2509415410087395,-0.5071590533791233,9,8,0.2972972972972973,4,7,2,0
1465,DMJZMKWUENVGJJ-UHFFFAOYSA-N,783.0799999999998,9.339,4,10,108.04,0.2034877763341216,-0.3817772729616251,10,22,0.30434782608695654,6,7,4,0
2464,DNMRPYYNCOVHIX-UHFFFAOYSA-N,542.6760000000004,6.585400000000007,1,6,81.00999999999999,0.4121006254850351,-0.49340547617205094,7,15,0.3333333333333333,4,4,2,0
1193,DOBQPNDSZWMKBV-UHFFFAOYSA-N,300.4460000000001,3.3012000000000024,0,2,23.550000000000004,0.22206472515176487,-0.34269480035863137,3,5,0.631578947368421,1,3,2,0
1556,DOPAXULTVCOLJN-UHFFFAOYSA-N,592.8280000000002,8.225000000000009,0,6,50.72,0.1191904959076548,-0.4967417633349745,6,4,0.5263157894736842,4,7,2,0
2807,DOSYFWUKMLAOET-UHFFFAOYSA-N,431.53200000000027,4.957600000000005,0,5,55.84,0.16590419383783817,-0.492858794050463,5,7,0.3333333333333333,2,4,1,0
1142,DPIGXLBJCYWBNT-QRWMCTBCSA-N,420.59700000000026,5.833700000000006,1,3,41.57,0.41210062441633105,-0.41034745562969804,4,9,0.5185185185185185,2,4,2,0
374,DPIGXLBJCYWBNT-UHFFFAOYSA-N,420.59700000000026,5.833700000000006,1,3,41.57,0.41210062441633105,-0.41034745562969804,4,9,0.5185185185185185,2,4,2,0
4344,DPQLZQXGCGFULQ-UHFFFAOYSA-N,315.4570000000001,4.5039200000000035,1,2,38.33,0.2574498183019577,-0.48349827339683293,3,7,0.55,1,2,1,0
1526,DPVZNLKVPWECGM-UHFFFAOYSA-N,401.5580000000002,4.6966000000000045,1,5,44.290000000000006,0.22684253311393002,-0.36580695706799005,5,5,0.44,3,5,3,0
2775,DSBWNTHVHNOHNA-UHFFFAOYSA-N,353.5100000000001,3.4981000000000027,0,3,20.64,0.11953992242485457,-0.49352501422618833,4,8,0.5454545454545454,2,3,2,0
1437,DSERASARYOXWOK-UHFFFAOYSA-P,481.4680000000001,3.078800000000003,2,2,58.2,0.309024836137551,-0.3421798031081891,8,10,0.4166666666666667,2,2,4,2
3501,DSSWIVHVLJERRB-UHFFFAOYSA-N,594.196,7.523900000000007,3,6,92.71000000000001,0.21964804436289034,-0.504244850164471,8,13,0.5294117647058824,3,5,2,0
3054,DSSYZJQEEUGKTN-UHFFFAOYSA-N,476.6650000000003,5.328000000000006,1,5,48.050000000000004,0.41210064488862685,-0.4103445984065003,6,8,0.5517241379310345,2,5,4,0
3472,DSZBRJWAWYRGRC-UHFFFAOYSA-N,548.1270000000003,7.277200000000008,3,5,83.48,0.21976015480242223,-0.5042545920952964,7,11,0.4375,3,5,2,0
893,DUBCFABUVWVNQL-QGOAFFKASA-N,594.6580000000002,6.968700000000007,1,5,71.78,0.3436821256258204,-0.4917349720063599,8,12,0.16666666666666666,5,5,2,0
1935,DUDLJENWIGRBBX-ZRTHHSRSSA-N,707.8340000000001,12.726599999999978,2,4,49.84,0.0740626765426433,-0.38421292208273855,6,13,0.5,4,8,2,0
1898,DWEDPPIPSUJMOA-UHFFFAOYSA-N,670.1650000000002,7.612900000000008,4,7,128.62,0.25120780469989346,-0.5071590533791233,9,6,0.2,5,8,2,0
1006,DWTMGIXXVYXICU-UHFFFAOYSA-N,588.8400000000004,4.2264000000000035,3,9,99.77,0.21949510773031555,-0.49642593046577416,10,19,0.5666666666666667,1,3,4,0
4097,DXQPJYSXJVUZSK-UHFFFAOYSA-N,436.6250000000003,3.8449000000000026,0,5,39.150000000000006,0.24283455313559618,-0.3007937482165706,6,7,0.52,2,5,4,0
1938,DYDMQTJZQBAGEY-UHFFFAOYSA-N,355.4820000000002,3.3777000000000026,0,4,47.36,0.2610152162410206,-0.49352147717345957,5,5,0.6190476190476191,2,4,1,0
1862,DYSZEFXORVXIQO-UHFFFAOYSA-N,487.59600000000023,6.332500000000008,2,6,83.14,0.20375050495889213,-0.507966244667516,6,12,0.3,4,4,1,0
3462,DZDRNNGRRUXRQL-UHFFFAOYSA-N,613.7880000000002,5.200900000000005,4,9,130.16,0.26625349488755057,-0.47619217497748817,11,14,0.42424242424242425,4,6,4,0
4558,DZNRRYKCVFWJKP-UHFFFAOYSA-N,515.7270000000003,5.415700000000005,3,4,63.14,0.16580386868322464,-0.41708509985642,7,11,0.4,4,5,3,0
360,DZSDRGBLRNZFES-UHFFFAOYSA-N,335.45100000000014,4.542000000000003,1,4,41.3,0.17686474924380666,-0.36672865086949297,4,6,0.38095238095238093,3,4,2,0
3573,FADBKIXZVPGOPE-VAWYXSNFSA-N,368.43300000000016,2.7714000000000008,1,5,62.24000000000001,0.24619559326878493,-0.5042543435662299,6,5,0.2857142857142857,2,3,2,0
498,FAHPVPAHXJNBLK-UHFFFAOYSA-N,522.6280000000005,3.637100000000003,2,11,139.19,0.29885426106614194,-0.46384097737068614,13,15,0.5652173913043478,2,3,6,0
54,FBRWAGKHNFWMGN-UHFFFAOYSA-N,368.48500000000024,1.9091599999999989,2,7,91.25999999999999,0.1691810982985032,-0.46335898538443343,7,7,0.6,1,3,6,0
1248,FBSSMMFYDMWLSR-UHFFFAOYSA-N,372.4250000000001,2.8649000000000013,2,5,96.74000000000001,0.3188150436329371,-0.37829199852003575,8,10,0.3157894736842105,2,2,4,0
632,FBTGIGPIRWBHTC-UHFFFAOYSA-O,408.5430000000002,5.078100000000006,0,4,35.53,0.1985939314340884,-0.49284551184429776,5,6,0.2916666666666667,3,4,1,1
4485,FBYBSOYWJDHSSE-UHFFFAOYSA-N,451.46400000000017,3.460700000000002,0,10,127.36,0.33796887577032125,-0.462510240101602,11,6,0.19047619047619047,2,4,4,0
633,FCHXTZSDFHPFEA-UHFFFAOYSA-O,380.5330000000002,5.352400000000006,0,3,18.46,0.16166604950664393,-0.4928455119137173,4,5,0.30434782608695654,3,4,1,1
4189,FCZMQSCKAWGXJI-UHFFFAOYSA-N,516.0030000000002,7.308700000000006,1,6,65.38,0.35158868982919694,-0.3075421002999927,9,11,0.24,4,4,1,0
734,FDDLGIVTPCIZLY-UHFFFAOYSA-N,401.50100000000026,3.0040000000000013,0,4,18.950000000000003,0.12272961322240376,-0.37879272423075927,6,6,0.4782608695652174,2,4,3,0
740,FDWCQOGZLWYUBF-UHFFFAOYSA-N,534.6570000000004,4.501800000000004,3,7,110.81,0.23780644750898466,-0.49270466044869726,9,13,0.43333333333333335,3,4,3,0
1452,FEWPEMHIXGPAEH-UHFFFAOYSA-N,384.5669999999999,5.998900000000005,0,0,7.76,0.21196195837034776,-0.19832534660221013,2,10,0.3333333333333333,4,4,0,2
3053,FEWSBLNWZZKPCG-UHFFFAOYSA-N,462.63800000000026,4.937900000000005,1,5,48.050000000000004,0.41210064488862685,-0.4103445984065003,6,8,0.5357142857142857,2,5,4,0
738,FEYDUIMOIZSYGW-UHFFFAOYSA-N,407.4700000000003,3.8963000000000028,2,6,81.71000000000001,0.2693884197628703,-0.49268883839911354,7,6,0.30434782608695654,3,4,2,0
1942,FFIZZPFJAXHTDR-UHFFFAOYSA-N,327.4280000000001,2.597500000000001,0,4,47.36,0.2610154176828899,-0.49352147717345957,5,5,0.5789473684210527,2,4,1,0
3214,FFRRFBBXYMQKCX-UHFFFAOYSA-N,415.4970000000001,2.9865000000000013,0,5,71.33000000000001,0.26141739587365614,-0.2990620425269741,7,6,0.3333333333333333,3,5,2,0
98,FGETXRCMJIPTMK-UHFFFAOYSA-N,424.56700000000006,5.131300000000005,0,5,39.41,0.17410458353663458,-0.4928455118509088,6,8,0.21739130434782608,4,4,0,1
1003,FGUBIFBCUVCQNS-UHFFFAOYSA-N,673.0020000000004,6.567000000000007,3,9,99.77,0.21949404655071747,-0.49642593046585387,10,25,0.6388888888888888,1,3,4,0
93,FGXBJZDVJKQHGB-UHFFFAOYSA-O,440.58500000000015,4.663000000000005,1,5,55.760000000000005,0.17519971050237831,-0.4928455118509087,6,7,0.4,3,4,1,1
444,FGYCMKQXOGBSDD-UHFFFAOYSA-N,441.5750000000002,5.587920000000006,1,4,44.81,0.41659655573877336,-0.4100931933067265,5,5,0.32142857142857145,3,5,3,0
1350,FGYCMKQXOGBSDD-UHFFFAOYSA-O,484.66400000000027,6.547500000000008,1,3,41.57,0.4165872910146245,-0.41009327721892214,5,6,0.3870967741935484,3,5,3,1
1780,FHAMORVAQLWZNL-UHFFFAOYSA-O,547.5920000000003,4.136500000000003,0,7,105.84,0.485234805463619,-0.7411547731218965,12,10,0.52,2,3,0,0
3873,FHXCKAKIBCYHMZ-UHFFFAOYSA-N,322.385,4.244800000000002,1,4,46.53,0.33837149778861236,-0.45718559387498214,4,3,0.10526315789473684,3,4,0,0
750,FIAASKNVCMLWNY-UHFFFAOYSA-N,492.57600000000036,3.7927000000000026,3,7,110.81,0.25106043670521244,-0.49268884799503865,9,10,0.37037037037037035,3,4,3,0
1549,FJVHNKWJAPRBDC-UHFFFAOYSA-N,586.6890000000004,4.0911000000000035,1,8,114.2,0.41472818867498196,-0.45819772812578813,10,4,0.5151515151515151,3,7,2,0
4549,FKAXNOMJEFGVMA-UHFFFAOYSA-N,280.3960000000001,4.424300000000002,1,3,38.91,0.07261547653377484,-0.39790198216680467,3,1,0.23529411764705882,3,4,1,0
1327,FKYNMSJYDRYLMD-UHFFFAOYSA-N,490.05100000000033,6.435700000000005,3,4,82.69999999999999,0.2719227278290592,-0.3842217428150712,7,10,0.39285714285714285,4,5,2,0
1113,FLEWNSKCTYCXMT-UHFFFAOYSA-N,438.61500000000024,6.646000000000007,0,3,23.550000000000004,0.16246047318564233,-0.34123465604939435,3,7,0.36666666666666664,3,5,2,0
4090,FMHFUABJEGMXDA-UHFFFAOYSA-N,484.6690000000003,4.764900000000004,0,5,39.150000000000006,0.24315646424576945,-0.29654289984519955,6,6,0.3793103448275862,3,6,4,0
1404,FNDXYZZNFYPLLV-UHFFFAOYSA-N,374.57200000000006,4.953200000000005,0,0,7.76,0.17329813498814944,-0.2007559416132678,2,4,0.38461538461538464,3,3,0,2
1858,FNKFXYYONXANRT-UHFFFAOYSA-N,423.51600000000025,5.426300000000005,0,5,55.32,0.3376331599354375,-0.4623910471797282,5,5,0.2222222222222222,4,5,1,0
956,FNXUIRRQXYJKBW-UHFFFAOYSA-N,513.0850000000003,7.262200000000005,3,4,61.97,0.128786560835108,-0.49281270449673387,6,10,0.3225806451612903,5,6,2,0
894,FPGWIAWVSIHWBX-UHFFFAOYSA-N,582.6470000000003,6.498000000000006,1,5,71.78,0.3436821256258204,-0.4917351836392121,8,12,0.2,5,5,2,0
72,FPUPKICNGPEKDJ-UHFFFAOYSA-N,426.3140000000001,4.5945000000000045,1,3,55.620000000000005,0.41240955923582,-0.4091102271410086,6,3,0.23809523809523808,3,4,2,0
2140,FQUTYOZUGJMHGR-UHFFFAOYSA-N,425.56100000000026,5.887500000000004,1,5,57.7,0.13789350216328652,-0.33794776628693113,6,4,0.24,5,6,1,0
2286,FQVGGJLEHUNKNW-UHFFFAOYSA-N,513.6420000000004,5.254200000000005,4,5,108.14,0.4121008312792727,-0.4103330237921951,8,10,0.36666666666666664,4,5,3,0
1708,FROZZPRXNQNBSA-UHFFFAOYSA-N,376.4600000000002,4.028020000000003,1,6,90.99,0.34013384788999756,-0.4623269603575144,6,3,0.36363636363636365,3,4,1,0
3443,FSIJYTFKWYMORV-UHFFFAOYSA-N,462.5250000000003,5.819900000000005,0,4,40.8,0.23080098116659084,-0.4928401244956434,5,4,0.16666666666666666,5,7,0,1
1111,FTIASDZNAWKWHK-UHFFFAOYSA-N,438.61500000000024,6.646000000000007,0,3,23.550000000000004,0.1623955327534024,-0.34125324541548346,3,7,0.36666666666666664,3,5,2,0
1227,FTJHDEREJQMLMM-UHFFFAOYSA-N,373.50399999999996,4.246200000000002,2,5,53.08,0.14818264735873557,-0.3685859416073367,5,8,0.30434782608695654,3,4,3,0
64,FTVHXTWXOWQWSW-UHFFFAOYSA-N,540.8370000000003,6.053500000000005,4,6,66.58,0.1228448109403212,-0.49642606987126947,6,26,0.6363636363636364,2,2,4,0
1553,FUZSKXNTSYMEMF-GOSISDBHSA-N,478.12700000000035,6.3993000000000055,2,5,54.02,0.21949510773022707,-0.3841534753023612,7,10,0.5833333333333334,2,4,2,0
1554,FUZSKXNTSYMEMF-SFHVURJKSA-N,478.12700000000035,6.3993000000000055,2,5,54.02,0.21949510773022707,-0.3841534753023612,7,10,0.5833333333333334,2,4,2,0
681,FUZSKXNTSYMEMF-UHFFFAOYSA-N,443.6820000000003,5.745900000000005,2,5,54.02,0.21949510773022707,-0.384153486524502,6,10,0.5833333333333334,2,4,2,0
2593,FVQDLYIAYBFTCK-SAPNQHFASA-N,422.56900000000047,5.382100000000006,1,4,50.800000000000004,0.24788015301388544,-0.4928470477227036,5,12,0.4230769230769231,2,3,2,0
1752,FVWQPWJWXDUYOX-UHFFFAOYSA-N,357.84100000000007,3.5943000000000014,1,4,50.379999999999995,0.13799016916686746,-0.49226399007086996,6,5,0.3157894736842105,3,4,1,0
394,FWHGXAVKRXWJSP-UHFFFAOYSA-N,713.0199999999999,8.415600000000007,2,6,83.14000000000001,0.22236745776116423,-0.49640638804197007,8,6,0.5454545454545454,3,5,4,0
3686,FWZLSJAQZGRSHU-UHFFFAOYSA-O,259.332,3.656900000000002,1,0,19.669999999999998,0.1786652057476024,-0.3541399531877314,2,2,0.05555555555555555,4,4,0,1
710,FXHKMZQULJFLCI-LHIURRSHSA-N,262.30899999999997,1.8587,1,4,50.800000000000004,0.4118385182073704,-0.41035226188132234,5,1,0.5,1,3,2,0
3553,FYVWOSXKRCLPGK-UHFFFAOYSA-N,730.9899999999999,9.326100000000002,1,7,71.47,0.17390920732517204,-0.5069069796869659,7,17,0.46808510638297873,4,7,2,0
1479,FYWFHMXKMJNXGS-UHFFFAOYSA-N,484.6840000000004,6.584600000000007,0,4,32.78,0.19252457570315692,-0.493601041466876,4,13,0.40625,3,4,2,0
135,FZAANFLYCBJAJT-UHFFFAOYSA-N,204.27299999999994,1.8676000000000001,1,3,48.14,0.218380140637359,-0.4773959044612069,3,0,0.5833333333333334,1,3,1,0
770,FZCIAYIAQAPWGF-UHFFFAOYSA-N,679.0060000000004,10.359599999999995,2,6,49.0,0.12285298172246825,-0.49642593046585387,6,25,0.45454545454545453,4,4,4,0
1667,FZGXLGWKSSVIND-LJQANCHMSA-N,374.48800000000017,4.138200000000003,2,5,80.9,0.16161716687236188,-0.39809023188898573,5,1,0.43478260869565216,2,5,2,0
962,FZGXLGWKSSVIND-UHFFFAOYSA-N,374.48800000000017,4.138200000000003,2,5,80.9,0.16161716687236188,-0.39809023188898573,5,1,0.43478260869565216,2,5,2,0
2541,FZNAHZCVWVQRSJ-UHFFFAOYSA-N,649.905,7.880000000000009,1,6,70.47,0.26765203763691836,-0.3842217540372765,8,13,0.41025641025641024,5,7,3,0
1545,FZWLAAWBMGSTSO-UHFFFAOYSA-N,331.4670000000001,1.3224999999999998,2,8,83.33,0.27357019168233704,-0.3698300008531342,9,10,0.5833333333333334,1,1,4,0
8,FZYKBLSPMPIYKD-UHFFFAOYSA-N,338.4360000000001,3.8637000000000032,0,4,51.02,0.3461520477278257,-0.3289057463245608,6,3,0.16666666666666666,3,3,1,0
1502,GADQUMYHDUBVIK-HSNWFKKSSA-N,604.9450000000002,7.6784000000000106,1,5,52.900000000000006,0.13999956680036243,-0.39273504729141123,5,7,0.7894736842105263,1,7,2,0
2408,GAGCOTIFWCHLQP-UHFFFAOYSA-N,385.54800000000034,4.7412000000000045,0,4,38.77,0.16620209627376525,-0.49285879087511075,4,6,0.7083333333333334,1,4,1,0
4246,GBMZEHMOSHVJAK-UHFFFAOYSA-N,494.72000000000037,6.6470000000000065,2,5,69.64,0.22225080930006816,-0.5038340691660381,5,16,0.6129032258064516,1,3,2,0
1891,GCCYSNFKZJTBLZ-UHFFFAOYSA-N,664.2020000000003,7.863200000000008,4,7,128.62,0.25094154097647053,-0.5071590533791233,9,10,0.3333333333333333,4,7,2,0
1183,GCDBDMZTKCNPAH-UHFFFAOYSA-N,346.47400000000005,4.303800000000003,0,2,25.240000000000002,0.257905801008408,-0.31497728653665424,3,5,0.34782608695652173,3,4,1,0
3938,GCLZEYNUSOGYSP-UHFFFAOYSA-N,398.4660000000002,3.7748000000000026,0,4,68.09,0.25764661025773966,-0.3386509456386197,6,2,0.25,4,5,1,0
4357,GCMIDFMBOMINIX-DWCJFUQGSA-N,531.7040000000004,8.102020000000008,2,6,78.74000000000001,0.21451871265901246,-0.38666757781431865,6,11,0.29411764705882354,4,5,4,0
821,GCOLJWQQANRSNV-UHFFFAOYSA-N,584.8960000000004,6.373200000000007,2,8,64.68,0.2034877763341216,-0.3817772729616163,8,22,0.5625,2,3,4,0
455,GCTYUVIIPGRTHM-UHFFFAOYSA-N,214.31199999999993,3.4963000000000024,0,2,15.6,0.10508556457615831,-0.3556345961602538,2,0,0.5,1,3,2,0
4345,GDCVHJQWGCHXEY-UHFFFAOYSA-N,371.47700000000015,3.873320000000003,1,4,56.790000000000006,0.25745000047566924,-0.4928699786425153,5,9,0.4090909090909091,2,2,1,0
1948,GDJCEVNDAZNLPF-UHFFFAOYSA-N,375.4720000000001,3.6800000000000024,0,4,47.36,0.2616016671739395,-0.4935214771496878,5,5,0.391304347826087,3,5,1,0
2640,GDQDVGJLHPAPGQ-CCEZHUSRSA-N,442.9460000000002,7.092200000000006,3,4,65.38,0.11936221985016025,-0.5078005906153598,5,4,0.14814814814814814,4,5,1,0
644,GDYXVZFBBRJOFV-UHFFFAOYSA-N,398.5480000000002,4.010100000000003,0,4,39.410000000000004,0.16855957759860318,-0.49285814686976853,5,8,0.4782608695652174,2,4,0,1
3339,GEKCKUZLCCBZMA-UHFFFAOYSA-N,357.46100000000007,4.249900000000002,2,3,58.53,0.09650794071835916,-0.308361957336055,5,7,0.18181818181818182,4,4,1,0
931,GEKUZXXXYDSGHP-UHFFFAOYSA-N,733.0100000000003,8.706400000000007,0,6,65.56000000000002,0.22266796360632848,-0.49642593046585387,8,20,0.4782608695652174,4,6,4,0
3906,GEQSEZZYXMMYJU-UHFFFAOYSA-N,590.0459999999999,6.280300000000005,3,5,95.59,0.5725963173375077,-0.40579734735495393,12,7,0.41379310344827586,3,5,4,0
1236,GEVREHPVEIWFQP-UHFFFAOYSA-N,421.56600000000014,3.5927000000000024,2,4,53.6,0.25692187900819935,-0.3782935576637503,6,9,0.25,3,3,3,0
4548,GFGBBOQRRYWKTG-UHFFFAOYSA-N,278.35499999999996,4.264220000000003,1,3,52.05,0.1337765756005742,-0.4614019194263603,3,1,0.2777777777777778,3,4,1,0
3095,GHGXCYPXBDQVRC-UHFFFAOYSA-N,362.50200000000024,4.104800000000003,3,3,48.98,0.18494639824562095,-0.3572773305923713,5,4,0.23809523809523808,3,4,3,0
247,GHLQIUUQOWYNQU-UHFFFAOYSA-N,418.53700000000003,4.896500000000005,1,4,50.8,0.4118385023618466,-0.49353963192379796,5,10,0.2692307692307692,3,3,2,0
2814,GHTCVUQAVGOGDY-UHFFFAOYSA-N,363.5040000000002,3.984220000000003,0,5,42.68,0.3359621562062808,-0.4925802085944479,6,4,0.4444444444444444,2,3,1,0
1476,GIEJESFZGPSEJN-UHFFFAOYSA-N,458.6020000000003,4.650700000000004,0,5,42.010000000000005,0.19252457570315704,-0.4935496593096978,5,11,0.3448275862068966,3,4,2,0
3552,GKDPVZRIURCIHE-UHFFFAOYSA-N,648.8440000000004,8.527800000000006,1,7,75.38,0.19657915658600286,-0.5068931543817622,7,19,0.34146341463414637,5,5,2,0
1552,GKWGQTFMQKLHOX-UHFFFAOYSA-N,456.05500000000035,6.159700000000005,2,4,54.02,0.2194953018336647,-0.3841534753023612,6,10,0.44,3,4,2,0
612,GLEKCUCIXWPZNR-UHFFFAOYSA-N,466.53000000000026,3.4364000000000026,2,7,106.20000000000002,0.3428117565730485,-0.49676778655257925,7,2,0.48148148148148145,2,5,0,0
3534,GLEMOZIKWIXRBD-UHFFFAOYSA-N,566.4630000000001,4.313000000000003,1,6,109.15999999999998,0.28913423162206475,-0.4807661143762332,12,8,0.28,3,4,3,0
4382,GMHLOJBKEVFYBC-SOWLTJPBSA-N,506.76000000000045,6.137300000000006,3,4,58.21,0.1662257956015482,-0.4967417642993277,6,9,0.6666666666666666,2,7,3,0
3043,GMHLOJBKEVFYBC-UHFFFAOYSA-N,506.76000000000045,6.137300000000006,3,4,58.21,0.1662257956015482,-0.4967417642993277,6,9,0.6666666666666666,2,7,3,0
739,GMMAWAYCLWHMGA-UHFFFAOYSA-N,548.6840000000003,4.891900000000004,3,7,110.81,0.23780528493514547,-0.49270466044869726,9,14,0.45161290322580644,3,4,3,0
1515,GMQZFOMNKDBEQB-UHFFFAOYSA-N,381.5640000000002,4.808200000000005,1,4,37.39,0.07257891383351685,-0.384221754037229,4,9,0.625,2,4,2,0
2762,GMTNCXSPUZXYPO-UHFFFAOYSA-N,553.6150000000004,4.532500000000003,4,6,141.5,0.335988050070037,-0.5078219983820337,9,11,0.25,5,5,2,0
1440,GMXBRECDYFCFAU-UHFFFAOYSA-N,370.54,5.608800000000006,0,0,7.76,0.17613576688934085,-0.20450433244126837,2,9,0.3076923076923077,4,4,0,2
4118,GNEBPJLUBLDSCS-UHFFFAOYSA-N,414.47700000000015,3.9574000000000034,3,4,87.66000000000001,0.25124040220161126,-0.48370835928731526,7,6,0.391304347826087,2,3,2,0
3421,GOMMQUCIBUSEBS-HEHNFIMWSA-N,504.5900000000003,4.529800000000003,1,6,76.46000000000001,0.32503682284894264,-0.4255850317600255,7,4,0.25806451612903225,4,7,2,0
1884,GPABSMPYRNJXKV-UHFFFAOYSA-N,404.5140000000002,4.847200000000004,3,6,90.63000000000001,0.14563599020762197,-0.5053330572858916,6,8,0.375,3,4,2,0
3571,GPVZXARJQBEXFP-RMKNXTFCSA-N,365.389,2.6502000000000003,4,4,103.45,0.24393328751386742,-0.5042543435662299,7,6,0.1,3,3,2,0
4387,GPZKVONVKFJEEO-JQSCYJAISA-N,504.7150000000005,5.115300000000005,2,5,53.96,0.16567613334644601,-0.492857272457632,5,6,0.6875,1,8,2,0
1895,GQOCQOJNBAHFNH-RRPNLBNLSA-N,692.2560000000003,8.643400000000002,4,7,128.62,0.25094154097647053,-0.5071590533791233,9,12,0.36585365853658536,4,7,2,0
1894,GQOCQOJNBAHFNH-SXOMAYOGSA-N,692.2560000000003,8.643400000000002,4,7,128.62,0.25094154097647053,-0.5071590533791233,9,12,0.36585365853658536,4,7,2,0
1893,GQOCQOJNBAHFNH-UHFFFAOYSA-N,692.2560000000003,8.643400000000002,4,7,128.62,0.25094154097647053,-0.5071590533791233,9,12,0.36585365853658536,4,7,2,0
3955,GQRRQUSXVVAHGB-ZSWXBHCYSA-N,605.7790000000002,6.964200000000008,1,6,72.39,0.2468268734169017,-0.49674510424610246,7,10,0.3684210526315789,4,6,3,0
1636,GQVRUSWODVCDOD-UHFFFAOYSA-N,618.7740000000002,8.818720000000004,1,6,81.00999999999999,0.4118385023618466,-0.4936010486766147,7,15,0.28205128205128205,5,5,2,0
4358,GSBGMPKFLCWHGP-UHFFFAOYSA-N,544.7440000000004,3.7482000000000015,4,6,108.04,0.237847130329454,-0.3243392229283412,8,11,0.625,2,6,4,0
570,GSDUGQNEVHEYFA-UHFFFAOYSA-N,424.67600000000016,5.7228000000000065,0,6,32.760000000000005,0.11769914203673741,-0.4638409872453912,6,15,0.6363636363636364,2,2,2,0
24,GSNBUYRNVJADAK-UHFFFAOYSA-N,354.4540000000002,3.1106000000000016,2,5,66.46000000000001,0.2943628242467388,-0.48019855670937317,6,7,0.45,3,4,2,0
3715,GTNXCLKKSLDQGQ-DITALETJSA-N,626.758,4.031300000000003,3,8,126.76,0.21950600454203492,-0.4967429680665144,11,12,0.45714285714285713,4,7,2,0
1987,GTVSDMPQZNLHNQ-UHFFFAOYSA-N,445.6030000000003,5.785500000000006,0,4,42.68,0.33922645739005897,-0.493455982926108,4,8,0.4827586206896552,3,5,1,0
2788,GUWLQSYUWKOCAS-UHFFFAOYSA-N,406.5460000000003,4.7534000000000045,0,3,47.25,0.17941670504848065,-0.49675718118808104,4,6,0.5,2,4,0,1
3844,GVDQRHZTBDTQBI-UHFFFAOYSA-N,389.5430000000002,4.781500000000005,0,4,28.07,0.13662437209378533,-0.49353591329757013,4,5,0.48,2,5,3,0
635,GWBKSBZHYBXTIL-UHFFFAOYSA-O,459.5440000000002,5.049300000000005,0,7,91.81,0.432893160888986,-0.49284551185089726,9,7,0.43478260869565216,3,4,2,1
3306,GWCBLTWBJYAFLK-ILRDRHFLSA-N,430.45300000000026,3.5249000000000024,0,8,73.84000000000002,0.23101652643354129,-0.49270290478748874,8,6,0.4782608695652174,2,5,0,0
800,GWDUBPBCOJUTTH-UHFFFAOYSA-N,415.48900000000015,5.109200000000005,0,5,51.91,0.20013225341903493,-0.49283982032780077,5,7,0.19230769230769232,4,4,1,0
684,GWKZBCSXCDIJEX-UHFFFAOYSA-N,485.76300000000043,6.916200000000007,2,5,54.02,0.21949404655071744,-0.38422175400150255,6,13,0.6296296296296297,2,4,2,0
4388,GWPZNAONEMYVFA-AFTMWWLOSA-N,502.6990000000005,4.562500000000004,2,5,53.96,0.16567613628169894,-0.4928572724575885,5,4,0.6875,1,8,2,0
4341,GWRLTTKCUHEBFF-UHFFFAOYSA-N,309.40900000000005,4.039620000000003,0,2,29.54,0.2606067934132595,-0.4834893901080684,3,4,0.35,2,3,1,0
2948,GWSVBLYOVYFHBW-JISICJPESA-O,279.38,1.9935999999999998,1,3,60.36,0.14224952149536127,-0.6323036815745967,4,0,0.9375,0,4,1,0
1407,GWUUPPPSIZYHCM-BQYQJAHWSA-N,324.512,4.113000000000004,0,0,7.76,0.16888832252480668,-0.20138451845027597,2,4,0.45454545454545453,2,2,0,2
1406,GWUUPPPSIZYHCM-FPLPWBNLSA-N,324.512,4.113000000000004,0,0,7.76,0.16888832252480668,-0.20138451845027597,2,4,0.45454545454545453,2,2,0,2
2995,GXAYYQMQBAJZJJ-UHFFFAOYSA-N,312.3650000000001,3.2630000000000017,0,4,56.51,0.3465599716428368,-0.49172266694560895,4,0,0.47368421052631576,2,4,0,0
2146,GXRLPTHGYBPIDP-UHFFFAOYSA-N,420.52000000000027,5.221000000000004,1,5,70.59,0.1378935060395488,-0.3379477595574548,6,4,0.23076923076923078,5,6,1,0
723,GXXKXVYPWUFQSX-HTLJXXAVSA-N,263.29299999999995,2.1914,1,4,56.790000000000006,0.4120909770294893,-0.4636676321933336,5,2,0.5,1,3,1,0
705,GXXKXVYPWUFQSX-LHIURRSHSA-N,263.29299999999995,2.1914,1,4,56.790000000000006,0.4120909770294893,-0.4636676321933336,5,2,0.5,1,3,1,0
967,GYCRGXGRCCAPPT-UHFFFAOYSA-N,661.2900000000002,9.418599999999998,2,5,76.14,0.21982906261922774,-0.4925003268063673,7,13,0.3902439024390244,5,7,2,0
1237,GYHWOBABHGPEJX-UHFFFAOYSA-N,473.59800000000024,3.6509000000000027,2,5,70.67,0.2569242484853081,-0.3782935576637503,7,9,0.2222222222222222,3,4,3,0
698,GYTKOSKWYAYEPO-GOSISDBHSA-N,411.4580000000002,4.124000000000003,0,6,85.15,0.41420188513765227,-0.4935172424035167,8,6,0.3181818181818182,2,3,3,0
3967,GYTKOSKWYAYEPO-UHFFFAOYSA-N,439.5120000000002,4.902600000000005,0,6,85.15,0.41445433254337183,-0.4935172409274878,8,7,0.375,2,3,3,0
1785,GZMDVSNEMMSXNM-UHFFFAOYSA-P,684.6740000000004,3.165300000000002,0,9,145.97,0.485234805463619,-0.7411547731218965,19,8,0.56,2,3,1,0
1260,HAAQFCDOAGMIPV-UHFFFAOYSA-N,402.58600000000024,6.373200000000006,2,4,49.84,0.07257891383351685,-0.38495741329857985,4,11,0.46153846153846156,3,4,2,0
4125,HAHTWEYOLHQDOM-UHFFFAOYSA-N,618.6390000000002,5.3631000000000055,3,10,164.83999999999997,0.41445399051489534,-0.5035559343292351,12,8,0.2727272727272727,4,4,2,0
1957,HAMAIEQEHDOVOU-UHFFFAOYSA-N,474.5420000000003,3.4859000000000027,4,6,116.49000000000001,0.33598805958506084,-0.5078219983820336,9,3,0.2,4,5,3,0
3348,HAYVLGNJEPDADG-JGCGQSQUSA-N,744.0839999999998,9.257600000000002,3,7,99.35,0.23913669063514412,-0.4967429680665144,10,21,0.5476190476190477,4,6,3,0
733,HBOWPXFEJMZFMN-UHFFFAOYSA-N,399.5290000000003,4.157700000000004,0,3,9.72,0.12272961322240376,-0.30206644816799444,5,6,0.5,2,4,3,0
974,HCINEXNSUBFADG-UHFFFAOYSA-N,667.6810000000002,9.752999999999997,2,5,76.14,0.25080490626319546,-0.4925000966032765,8,11,0.358974358974359,5,7,2,0
88,HCWWTCVTEUDIOU-UHFFFAOYSA-O,422.57000000000016,5.468200000000007,0,4,35.53,0.19525765567151576,-0.4928455118443085,5,6,0.32,3,4,1,1
3422,HDFMURCSXYPBBG-UHFFFAOYSA-N,451.5520000000003,2.2,1,7,83.72,0.23378740233861878,-0.37879229044872864,9,7,0.34782608695652173,3,4,2,0
4086,HDFNORIXMROTFT-FXAWDEMLSA-N,390.5270000000001,5.321120000000005,1,4,45.480000000000004,0.20213301743657847,-0.4554541980479016,4,4,0.48,3,5,2,0
1794,HDRPKPOOFYOYQP-UHFFFAOYSA-N,360.52700000000004,2.4711999999999996,0,4,42.53,0.3389924981682408,-0.29906438388542494,6,6,0.5789473684210527,2,3,2,0
638,HDVPIBWSDSUSSZ-UHFFFAOYSA-O,454.61200000000014,5.426900000000006,0,5,44.760000000000005,0.1756198664271343,-0.49284551185089726,6,8,0.4230769230769231,3,4,1,1
881,HEPAETZTOMPKRE-UHFFFAOYSA-N,265.268,1.6389,0,3,45.400000000000006,0.23080128313099593,-0.8724215305408468,4,0,0.1875,3,5,0,0
1226,HETNMRPIPFJEGO-UHFFFAOYSA-N,340.4270000000002,3.078520000000001,1,6,59.510000000000005,0.23080067580388244,-0.4535950551050359,6,5,0.47368421052631576,2,4,2,0
1963,HFDSKLSQDUQSPC-UHFFFAOYSA-N,638.643,9.005900000000002,3,5,78.94,0.250803879743402,-0.3842217334455181,8,9,0.32432432432432434,5,7,3,0
2139,HFRNGSUSVIONOS-UHFFFAOYSA-N,409.4930000000003,5.419000000000004,1,5,70.84,0.18097731681552623,-0.4418677651336552,6,4,0.24,5,6,1,0
2536,HFXNFOSTKCPMIS-UHFFFAOYSA-N,565.7430000000003,5.539400000000006,1,6,70.47,0.26765203763691836,-0.3829343061460345,8,7,0.30303030303030304,5,7,3,0
1137,HGHUANRELDAGLC-OMOCHNIRSA-N,336.43500000000006,4.205500000000003,1,3,41.57,0.4165872715865658,-0.41009567389225343,4,3,0.38095238095238093,2,4,2,0
385,HGHUANRELDAGLC-UHFFFAOYSA-N,336.43500000000006,4.205500000000003,1,3,41.57,0.4165872715865658,-0.41009567389225343,4,3,0.38095238095238093,2,4,2,0
3551,HIFFPOKGECRZHC-UHFFFAOYSA-N,644.8120000000002,7.600200000000009,1,7,75.38,0.19657915658600286,-0.5068931543817622,7,13,0.34146341463414637,5,7,2,0
3878,HILWYPBKRZUKKA-UHFFFAOYSA-N,288.35500000000013,0.5338999999999996,2,5,77.14999999999999,0.22637784361999402,-0.30860879482244796,7,4,0.5,2,3,3,0
2756,HINFHDUPIIXJBB-UHFFFAOYSA-N,449.4630000000002,1.6293999999999993,1,7,113.09,0.3079892509293421,-0.37879229044867924,9,6,0.2916666666666667,2,4,3,0
3970,HJAAUEGOLKGVQB-HNNXBMFYSA-N,366.4610000000002,3.736600000000003,1,4,54.56,0.33339342831901325,-0.5001925354321114,5,3,0.4090909090909091,2,4,1,0
2922,HJBNYAHXYFWQLW-ROCQPJABSA-N,588.6940000000002,3.236700000000001,4,9,167.66,0.33309541947881804,-0.48059010540031943,10,7,0.6875,0,4,0,0
156,HJCIVWBIGFKNCN-UHFFFAOYSA-N,190.24599999999995,1.4775,1,3,48.14,0.21838014208284162,-0.4773959044575313,3,0,0.5454545454545454,1,3,1,0
2930,HJHKGRFBRKFGHA-QNGOZBTKSA-N,392.45800000000014,5.315000000000004,1,4,65.21000000000001,0.18915816326715684,-0.4967569745834748,4,3,0.07692307692307693,4,5,1,0
744,HJMWUOBZJOSANB-UHFFFAOYSA-N,435.52400000000034,4.215300000000004,2,6,81.71000000000001,0.238140244126474,-0.49270466044862815,7,8,0.36,3,4,2,0
2078,HKBSRKXBNXETSO-UHFFFAOYSA-N,364.9170000000002,4.405800000000004,1,4,55.56,0.16616232751003804,-0.4959186443259287,5,7,0.65,1,3,2,0
4099,HKJPSKQLHUWRSF-UHFFFAOYSA-N,643.8790000000002,5.816800000000007,0,7,78.22,0.2676509793790913,-0.30079492028610866,10,11,0.42857142857142855,4,7,4,0
2331,HKMGZCKGWBFZKW-UHFFFAOYSA-N,383.57600000000014,6.109000000000007,0,3,21.700000000000003,0.12285298172246825,-0.4967579625193984,3,14,0.52,2,2,1,0
48,HKOREJWUFCOHQT-LRTDYKAYSA-N,416.5660000000002,2.6466000000000003,1,6,57.28000000000001,0.4121006413337229,-0.4103450873691827,7,7,0.6956521739130435,1,4,4,0
2141,HKQUHJFCVOBXLG-UHFFFAOYSA-N,410.4810000000003,4.814000000000004,1,6,83.72999999999999,0.2655804078686528,-0.42211688476774684,7,4,0.25,5,6,1,0
3907,HKRHQXGLSIAVJS-UHFFFAOYSA-N,604.0729999999999,6.670400000000005,3,5,95.59,0.5725963173375077,-0.40579734735495393,12,8,0.43333333333333335,3,5,4,0
3081,HKTVPOSINVFDKN-KGENOOAVSA-N,355.4410000000002,4.571600000000004,1,4,46.51,0.1482827431468487,-0.48096499027422285,4,5,0.21739130434782608,3,4,2,0
886,HMDAOPZJXAZTGC-PTGBLXJZSA-N,400.3290000000002,5.464400000000006,0,2,25.47,0.16892977001439693,-0.3908059601521869,5,8,0.18181818181818182,3,3,1,1
752,HMFNQBSADDJDKJ-UHFFFAOYSA-N,464.5220000000004,3.012500000000001,3,7,110.81,0.25719914665351834,-0.4926888479898905,9,8,0.32,3,4,3,0
481,HMHAEJRJHIUQDY-UHFFFAOYSA-N,486.55400000000026,4.510000000000003,2,10,139.61,0.2988631230965965,-0.46384097737068614,12,13,0.3181818181818182,3,3,5,0
2639,HMKCOOKZDCPWSP-UHFFFAOYSA-N,464.1000000000003,6.009200000000005,2,5,54.02,0.2194958088463135,-0.3841534753023612,7,9,0.5652173913043478,2,4,2,0
4385,HMNNGFZGSKJZAA-UHFFFAOYSA-N,435.5720000000003,4.053600000000004,1,5,76.04000000000002,0.2616072129872312,-0.37352617260949106,7,8,0.56,3,5,1,0
1819,HMSMWYXVOXJICA-UHFFFAOYSA-N,489.47400000000044,3.709800000000002,0,5,52.93000000000001,,,7,9,0.4583333333333333,3,4,1,0
2302,HNDCEIZRFNIZKS-BYPYZUCNSA-N,234.14399999999995,1.2347,0,6,71.06,0.5289995857674832,-0.4614782712753482,7,1,0.625,0,2,0,0
1031,HNDCEIZRFNIZKS-SCSAIBSYSA-N,234.14399999999995,1.2347,0,6,71.06,0.5289995857674832,-0.4614782712753482,7,1,0.625,0,2,0,0
2753,HNIKWNCSGCNTIO-UHFFFAOYSA-N,348.4020000000002,3.042200000000002,0,4,57.690000000000005,0.3060229138713206,-0.2990849743371714,5,3,0.2857142857142857,2,4,2,0
4567,HNOZXLPXQCPGFX-UHFFFAOYSA-N,356.81600000000003,2.9411000000000005,3,5,96.30000000000001,0.2922275989347453,-0.325728325713124,10,3,0.0,2,2,4,0
1238,HNWLXZHDOFNYPM-UHFFFAOYSA-N,501.6080000000003,3.214900000000002,2,6,87.74000000000001,0.2569242798483045,-0.3782935576637503,8,9,0.21428571428571427,3,4,3,0
3121,HOJATIWRETURNC-UHFFFAOYSA-N,589.7840000000002,7.340800000000008,2,5,81.07,0.25092210053401365,-0.49388976125045464,7,12,0.3783783783783784,5,6,2,0
2182,HOOUDOBEEYPAQP-HXPUERGNSA-N,645.8630000000003,8.03710000000001,0,5,36.02,0.18881842625691259,-0.49359043049082624,6,14,0.35714285714285715,4,6,3,0
3129,HPKYQTRKQUMCOS-UHFFFAOYSA-N,681.9719999999999,8.722200000000004,2,7,81.07,0.25088838315377754,-0.49388976125045464,9,16,0.41025641025641024,5,6,2,0
1763,HPUGCMFOSXYTPF-UHFFFAOYSA-N,637.8760000000003,7.920360000000009,2,7,91.00999999999999,0.14663028724513494,-0.3688723222608158,7,13,0.3902439024390244,4,6,6,0
41,HQBNRKGCDQVZPV-ANWICMFUSA-N,514.7550000000006,5.377300000000006,1,6,57.28000000000001,0.41210064131025725,-0.41034508736921355,7,14,0.7666666666666667,1,4,4,0
795,HQOOCHIABVBRKY-UHFFFAOYSA-O,430.52400000000017,5.2538000000000045,0,4,48.67,0.34368433237075224,-0.49284232218447843,5,7,0.2222222222222222,4,4,1,1
4482,HQQWZYLEQVBJQQ-UHFFFAOYSA-N,322.37200000000007,0.07586000000000143,3,6,117.97,0.23755115107405136,-0.32493651466359397,7,0,0.47058823529411764,1,4,6,0
1911,HRAYQSIQNOZKAT-UHFFFAOYSA-N,542.7640000000002,6.952100000000008,1,5,42.96,0.16056754031748321,-0.4936014809420342,5,13,0.4857142857142857,3,5,2,0
4156,HRYFGNDZFJDCOM-UHFFFAOYSA-N,495.99200000000036,5.516900000000004,2,7,110.05000000000001,0.2798039426920383,-0.38415347362546215,10,7,0.2916666666666667,4,5,3,0
1058,HSDRUHGSKQONEV-UHFFFAOYSA-N,640.2900000000003,6.904200000000007,2,6,87.74000000000001,0.3281456120607105,-0.46416498582129617,9,17,0.5142857142857142,3,4,3,0
959,HSPJHIDTBHDKEQ-UHFFFAOYSA-N,527.1120000000002,7.652300000000006,3,4,61.97,0.12878529768399372,-0.49286304906090106,6,11,0.34375,5,6,2,0
320,HSTOBJDSCBYOQO-UHFFFAOYSA-N,455.5070000000002,2.1921999999999997,3,8,130.09,0.3505417708479512,-0.4828805610172986,8,2,0.56,2,5,0,0
186,HTMGTCWBXHRXNE-CYBMUJFWSA-N,243.34999999999997,2.773500000000001,0,2,20.310000000000002,0.16605991270327267,-0.30634748420272445,2,2,0.5625,1,3,1,0
197,HTMGTCWBXHRXNE-ZDUSSCGKSA-N,243.34999999999997,2.773500000000001,0,2,20.310000000000002,0.16605991270327267,-0.30634748420272445,2,2,0.5625,1,3,1,0
3215,HTPULTNUYBAOFU-UHFFFAOYSA-N,460.57800000000026,3.805200000000003,0,6,69.48,0.16658517284936172,-0.492858790868803,7,8,0.4444444444444444,3,5,1,0
4253,HTWCATBXDHROAO-UHFFFAOYSA-N,460.62200000000024,5.716900000000005,2,5,66.49,0.41210063537310443,-0.4103471238301227,6,9,0.42857142857142855,3,4,3,0
1242,HTXLPNDFPVEZPH-UHFFFAOYSA-N,393.55600000000015,4.274800000000003,2,3,36.53,0.17037499990646862,-0.37829355770937284,5,9,0.2608695652173913,3,3,3,0
4000,HTYXBZGNCHYWRS-QWHCGFSZSA-O,349.4100000000001,2.872700000000001,1,3,55.2,0.33666393806655714,-0.49718101171235535,5,1,0.3333333333333333,3,5,0,1
1166,HTZVJSOFOPIELV-UHFFFAOYSA-N,334.463,3.9447000000000028,0,2,23.550000000000004,0.2540011969882164,-0.3342761755532402,3,5,0.4090909090909091,2,4,2,0
4076,HUPDUDCVVDWTET-UHFFFAOYSA-N,393.4830000000002,4.579300000000004,0,5,51.910000000000004,0.1928209935557586,-0.4967677865528365,5,6,0.375,3,4,1,0
3836,HURQPHROLGROAJ-UHFFFAOYSA-N,443.59100000000035,3.590200000000003,1,4,44.81,0.2574839266376255,-0.4837879524565803,5,10,0.32142857142857145,3,4,3,0
3181,HUTGZRVZRJFBSK-UHFFFAOYSA-N,369.85200000000015,3.852800000000003,0,4,47.36000000000001,0.27985775732352425,-0.4747992692081844,6,5,0.3,3,4,1,0
1064,HVOQIFAVBGXVKS-UHFFFAOYSA-N,597.8470000000003,6.383400000000007,2,7,87.74000000000001,0.3281557934203505,-0.46416487104037363,9,16,0.53125,3,4,3,0
927,HVQMCODVWMGXKV-UHFFFAOYSA-N,580.8580000000003,6.906200000000008,0,5,48.49000000000001,0.3196227159689891,-0.49642593046585387,7,22,0.6285714285714286,2,3,4,0
475,HVWVPJQXLNDOEK-UHFFFAOYSA-N,423.5600000000001,6.105000000000007,1,3,48.99,0.16246400920904414,-0.3379500377006591,4,7,0.2857142857142857,4,5,1,0
492,HVXOBYDPHVVOFL-UHFFFAOYSA-N,378.54100000000005,5.4798200000000055,0,4,33.2,0.1624363767359702,-0.29906439949561414,4,6,0.391304347826087,3,4,1,0
1822,HWARFVXWYZKCEU-UHFFFAOYSA-N,431.3940000000003,3.0508000000000015,0,4,43.7,,,6,5,0.38095238095238093,3,4,1,0
930,HWDFWWGRLOONQW-UHFFFAOYSA-N,608.8680000000003,5.839400000000006,0,6,65.56,0.3116632398773079,-0.49642593046585387,8,22,0.6111111111111112,2,3,4,0
3052,HWLGLQZTWCGHLI-UHFFFAOYSA-N,407.55800000000016,5.252100000000005,1,4,44.81,0.41210064488858383,-0.4103445984065003,5,7,0.48,2,4,3,0
3735,HXGOXMIBOVOIRT-FHZUCYEKSA-N,433.5960000000002,5.089700000000005,1,4,44.81,0.41231831421112386,-0.4103393071760115,5,5,0.5185185185185185,2,5,3,0
958,HXNMQPICJQXWHW-UHFFFAOYSA-N,541.139,8.042400000000006,3,4,61.97,0.12878528757788457,-0.4928639201672733,6,12,0.36363636363636365,5,6,2,0
22,HYIITDFRNMTEAM-UHFFFAOYSA-N,380.8760000000002,2.1050000000000004,3,6,92.75999999999999,0.2546464409519816,-0.4958418391220486,8,9,0.3888888888888889,2,2,4,0
3357,HYROFEBEBDJRHZ-UHFFFAOYSA-N,394.8180000000001,4.3076000000000025,3,6,96.37,0.2741359168566346,-0.48096712100523104,8,4,0.05,4,4,2,0
4145,HZNMNQYADWOOOP-SIKLNZKXSA-N,466.71600000000024,6.5228200000000065,1,5,32.34,0.19746252338958759,-0.3843753515768626,5,7,0.5185185185185185,3,5,2,0
3454,HZTZFAQVGYSTHZ-UHFFFAOYSA-N,610.7840000000001,6.391500000000007,3,8,118.13,0.26651291573358427,-0.4761921739354186,10,12,0.4411764705882353,4,7,3,0
743,IAHJNKLHIZVAKB-UHFFFAOYSA-N,492.57600000000036,3.331500000000002,3,7,110.81,0.25718644517992323,-0.4927046604486972,9,10,0.37037037037037035,3,4,3,0
2145,IANXMZMJBKUVLQ-UHFFFAOYSA-N,419.53200000000027,5.826000000000005,1,4,57.7,0.13789349811472543,-0.3379477733158109,5,4,0.2222222222222222,5,6,1,0
3116,IAONPROFUFTPDB-UHFFFAOYSA-N,575.7570000000001,7.046900000000008,1,5,72.28,0.2534115410773572,-0.49388976125045464,7,11,0.3611111111111111,5,6,2,0
1316,IBMAZESEFQSFBW-UHFFFAOYSA-N,559.1980000000001,8.530000000000005,3,3,69.81,0.2198304252810391,-0.384221742815137,6,15,0.47058823529411764,4,5,2,0
883,IBPWGZKZWJYGLA-UHFFFAOYSA-N,443.63500000000033,6.023000000000007,1,4,37.39,0.11880650146778103,-0.4935500918981238,4,9,0.4827586206896552,3,5,2,0
3714,IBPXTZGMIXISTL-FIBWVYCGSA-N,584.6770000000001,2.8609999999999998,3,8,126.76,0.24131030637707862,-0.4967429680665144,11,9,0.40625,4,7,2,0
3912,IBTOQVUCTSMFOJ-UHFFFAOYSA-N,454.6550000000004,6.741600000000008,0,4,42.010000000000005,0.41422295377032986,-0.49160790656664,5,11,0.6071428571428571,2,3,2,0
1354,ICISUXWQUUKZMT-PWSUYJOCSA-N,260.33699999999993,2.3438000000000008,1,3,41.57,0.41183849860262667,-0.4103550064571188,4,1,0.5333333333333333,1,3,2,0
1955,ICXOGDKVJOQDQE-UHFFFAOYSA-N,457.5300000000003,4.086500000000003,3,6,104.46000000000001,0.335988050070037,-0.5078219983820337,7,7,0.2962962962962963,4,5,2,0
2603,IDKGPZZQKZEDSN-UYRXBGFRSA-N,381.42800000000017,3.621400000000002,1,6,68.23,0.2316086520015009,-0.5076010765222284,6,5,0.3181818181818182,2,4,1,0
3157,IDMGTGWKKYHBFA-UHFFFAOYSA-N,657.7789999999999,6.253800000000005,3,8,139.19,0.3243587201244882,-0.3823582209399415,12,10,0.35135135135135137,5,8,4,0
2219,IDOUJHIGVNLISJ-UHFFFAOYSA-N,458.6500000000002,5.972000000000006,2,4,57.260000000000005,0.2507806260270858,-0.3842217540372108,5,11,0.4482758620689655,3,4,3,0
1910,IDTOBNOIMGGIOU-UHFFFAOYSA-N,557.7790000000003,5.890300000000006,1,6,46.2,0.16056754031748321,-0.4936014809420342,6,14,0.4857142857142857,3,5,3,0
2475,IDTSETIJMAVCIZ-UHFFFAOYSA-N,542.6760000000005,7.427600000000009,1,6,81.01,0.41658727508164367,-0.49340547617205094,7,14,0.3333333333333333,4,4,2,0
682,IEBFRRATFZBOGS-UHFFFAOYSA-N,457.70900000000034,6.1360000000000054,2,5,54.02,0.2194940550083585,-0.38422058289535355,6,11,0.6,2,4,2,0
3045,IFNVPYBVJOVWAH-UHFFFAOYSA-N,547.1180000000003,7.162100000000006,3,4,80.03999999999999,0.22393698737998546,-0.3842067812142039,7,6,0.5,3,8,3,0
3145,IFOPJGURFAUYCJ-UHFFFAOYSA-N,419.5650000000002,6.193520000000007,0,4,42.68,0.19282628762204337,-0.49360104867355037,4,9,0.4444444444444444,3,4,1,0
1695,IFPWYGKQIZAXQD-CQSZACIVSA-N,365.43300000000016,3.299000000000002,1,6,87.33,0.337912461414024,-0.46251063178929214,6,3,0.38095238095238093,2,4,1,0
109,IFSOHTNZJVJJGA-UHFFFAOYSA-O,394.5600000000002,5.742500000000006,0,3,18.46,0.16166604812359295,-0.49284551191917597,4,5,0.3333333333333333,3,4,1,1
2284,IFWFLBVLUVGFCZ-NLLRYDLESA-N,641.7690000000001,5.5777000000000045,2,8,130.17000000000002,0.4121006580877372,-0.44991524526456816,11,10,0.4722222222222222,3,6,4,0
4248,IFWJDCJQEWTHSS-UHFFFAOYSA-N,421.5410000000001,4.217200000000004,2,4,66.59,0.26723084055962876,-0.4928445194534773,6,8,0.4,3,4,2,0
1969,IFYBWVINZZLKPU-UHFFFAOYSA-N,526.6370000000003,4.163520000000004,1,7,87.91,0.33596215620630937,-0.49211981520340203,8,7,0.3870967741935484,4,6,3,0
818,IGCLIIFZMUGQPQ-UHFFFAOYSA-N,574.8140000000004,5.040200000000004,2,8,90.46000000000001,0.2034877763341216,-0.3817772729616163,8,22,0.5294117647058824,2,3,4,0
1820,IHPSCUSFORMUHM-UHFFFAOYSA-N,475.4470000000004,3.319700000000002,0,5,52.93000000000001,,,7,8,0.43478260869565216,3,4,1,0
1998,IHQOPGPYTRMDJH-UHFFFAOYSA-N,417.5490000000003,5.005300000000005,0,4,42.68,0.3392264573901309,-0.4921198316889809,4,6,0.4444444444444444,3,5,1,0
1359,IJADZTQNWHSQDA-UHFFFAOYSA-N,392.8860000000002,5.903700000000004,1,3,41.57,0.4166367300142778,-0.4100931192732199,5,4,0.17391304347826086,3,4,2,0
1411,IKOLJXPQOBOIKI-WHQFWZOJSA-N,534.7410000000002,4.190800000000004,3,5,82.02999999999999,0.2512592337542008,-0.3927348670524292,6,4,0.6666666666666666,1,6,2,0
3119,IKRUJDIZDVTNER-UHFFFAOYSA-N,617.8380000000001,8.217200000000009,1,5,72.28,0.25341154107723046,-0.49388976125045464,7,14,0.41025641025641024,5,6,2,0
4115,IKXBHEWXARZDSL-UHFFFAOYSA-N,396.73,6.003620000000002,1,4,37.28,0.1346175923653327,-0.3017821443760064,7,2,0.17647058823529413,3,4,2,0
2559,ILXIVXICKWIRRR-UHFFFAOYSA-N,398.44400000000013,3.3232000000000017,2,8,120.38,0.33597246976184625,-0.4655800631850043,9,3,0.2631578947368421,2,4,3,0
4155,IMALDZVHQDNXNG-CMCWBKRRSA-N,608.6880000000004,4.171100000000004,1,10,117.78000000000003,0.3382743425592041,-0.4966869793498891,11,8,0.5151515151515151,3,6,1,0
3976,INERHEQVAVQJBO-INIZCTEOSA-N,366.4170000000001,2.8838000000000017,2,4,72.72,0.32056938912397,-0.49286995780533027,6,4,0.2857142857142857,3,4,1,0
142,INIMHDIZIDCHML-UHFFFAOYSA-N,384.52700000000016,4.183900000000003,1,3,44.28,0.14125077460147975,-0.29906438388548146,4,5,0.36,3,5,2,0
1415,INRAOCPTSHECTL-UHFFFAOYSA-N,378.5160000000002,4.043700000000003,1,4,41.57000000000001,0.16239837404531807,-0.49193134251342063,4,6,0.4583333333333333,2,4,2,0
3118,INTOIIYEBBHGJB-UHFFFAOYSA-N,603.811,7.8271000000000095,1,5,72.28,0.25341154107723046,-0.49388976125045464,7,13,0.39473684210526316,5,6,2,0
2539,INTOYXAUMDZZCK-UHFFFAOYSA-N,621.851,7.099800000000008,1,6,70.47,0.26765203763691836,-0.3842217540114325,8,11,0.3783783783783784,5,7,3,0
932,INXDBDQGBWBWPO-WXUXXXNLSA-N,636.9220000000004,6.712200000000006,2,6,83.14000000000001,0.21970861828342506,-0.49642593046585387,8,22,0.631578947368421,2,3,4,0
1792,IOIOYWQHONTBHS-LFOSYLFNSA-N,1043.3160000000003,7.64620000000001,6,10,186.58,0.2239547466743338,-0.6116461384345886,16,26,0.3103448275862069,4,7,6,0
4163,IOMWIGQKJJJFHJ-XHVGDULWSA-N,807.7779999999998,11.912199999999986,0,6,71.5,0.16090825512300824,-0.49285879828670043,10,10,0.16666666666666666,7,9,2,0
4383,IOUAQOHTMDFCRB-UHFFFAOYSA-N,455.5620000000004,3.5170200000000023,1,5,72.28,0.2511161421825854,-0.3787927180120615,7,7,0.2962962962962963,4,5,2,0
611,IOVMRCPGYSGUMJ-DXOLEWAWSA-N,510.5390000000004,2.829900000000001,1,9,121.50000000000003,0.347135277771309,-0.49676778655257925,9,3,0.5357142857142857,2,6,0,0
4114,IPJHLISTNYEINS-UHFFFAOYSA-N,362.2850000000001,5.350220000000003,1,4,37.28,0.13461759672524595,-0.30175397774181506,6,2,0.17647058823529413,3,4,2,0
3370,IPPMEFXXXOMSIW-UHFFFAOYSA-N,506.6320000000004,3.728600000000003,2,8,123.33000000000001,0.2639304740927467,-0.4764765713948469,10,10,0.4230769230769231,3,5,3,0
2394,IPUMUXGUXSUZNF-UHFFFAOYSA-N,384.52400000000006,4.653900000000003,2,4,60.6,0.4121006448885727,-0.41034459841327664,6,8,0.5,2,3,3,0
4022,IPZAJWSORPKWGS-UHFFFAOYSA-N,742.5540000000003,7.621099999999999,11,18,287.14,0.22006071429170765,-0.5076790125229782,18,6,0.0,6,8,0,0
2925,IQPCLHMOVJNIOM-UHFFFAOYSA-N,470.01700000000034,3.5519000000000025,0,5,55.53,0.34553531197498566,-0.49173377956566083,8,10,0.44,3,4,2,0
3949,ISCNDFDWIJRPET-UHFFFAOYSA-N,648.8040000000003,6.166500000000006,2,6,107.88000000000001,0.2896970043677149,-0.4967429680665144,9,14,0.358974358974359,5,6,3,0
3574,ISMYNYFEVMBAEI-UHFFFAOYSA-N,378.5160000000001,4.990300000000005,1,3,41.57,0.411438267729706,-0.4446330568696183,4,4,0.4583333333333333,2,4,2,0
1032,ISRHGZSHTXDBCW-FEZSWGLMSA-N,536.7600000000006,7.566100000000009,0,4,32.78,0.18881842625691259,-0.4935904304908264,4,12,0.4166666666666667,3,5,2,0
610,ISVXEUUPDMXQFL-UHFFFAOYSA-N,484.54500000000036,3.3869000000000025,2,8,115.43000000000002,0.34281153992168234,-0.49676778655257925,8,2,0.5555555555555556,2,5,0,0
3781,ITHXOKQJEXLMKO-UVTDQMKNSA-N,335.44700000000006,4.3594000000000035,0,3,29.54,0.1891578011958177,-0.49675697458347484,3,6,0.3181818181818182,2,3,1,0
396,IUKJVIWCMHHLFY-UHFFFAOYSA-N,803.1449999999998,10.0064,2,6,83.14000000000001,0.22236745776116423,-0.49640638804197007,8,6,0.49019607843137253,4,5,4,0
4340,IUPQNTVJUFOXAX-UHFFFAOYSA-N,275.392,3.5097200000000024,0,2,29.54,0.26000313140408654,-0.4834898124758229,3,4,0.5882352941176471,1,2,1,0
149,IVIGCJIZBAGQMB-UHFFFAOYSA-N,199.25699999999995,2.0907999999999998,1,3,51.8,0.09088216264972371,-0.39790073230385414,3,0,0.3333333333333333,2,3,1,0
1954,IVNHZJGUWUCAKA-UHFFFAOYSA-N,443.50300000000027,3.6964000000000024,3,6,104.46000000000001,0.33598805007010685,-0.5078219983820337,7,6,0.2692307692307692,4,5,2,0
1246,IWNWFATXWHCBFG-UHFFFAOYSA-N,349.5440000000001,2.931800000000001,2,3,36.53,0.1660905754493544,-0.37829355935276443,5,9,0.631578947368421,1,2,3,0
4017,IXEXLDBKPOEUPH-JNQSZTNGSA-N,516.4550000000003,1.0295999999999996,7,11,211.27999999999997,0.33543392599524885,-0.504259631901577,12,7,0.24,2,3,0,0
616,IXLKETBSVMDOJV-UHFFFAOYSA-N,228.26999999999992,3.0058000000000016,1,2,38.91,0.1341884346368354,-0.39781586232367006,3,0,0.35714285714285715,2,5,1,0
1809,IXYYOCBGKVPOHF-UHFFFAOYSA-N,348.53400000000005,5.235800000000006,0,0,7.76,0.21196195837034776,-0.20512568184676755,2,11,0.4166666666666667,3,3,0,2
2392,IYDYVVVAQKFGBS-UHFFFAOYSA-N,747.87,4.837500000000004,0,12,145.26,0.337839438441965,-0.45609227823073484,15,18,0.38461538461538464,4,4,3,3
103,IYSYICFAXPFNBE-UHFFFAOYSA-O,396.57600000000014,5.517800000000006,0,3,18.46,0.1616658470322081,-0.4928455135424775,4,6,0.4166666666666667,3,4,1,1
1680,IYYBOPITVDILGW-HXUWFJFHSA-N,404.5100000000003,4.718700000000003,1,5,74.44,0.2247700469506603,-0.4964415160687375,5,2,0.44,2,5,1,0
725,IZTUINVRJSCOIR-UHFFFAOYSA-N,325.3640000000001,3.3423000000000016,1,5,60.81,0.16092288190385054,-0.4963604521552544,5,5,0.21052631578947367,3,3,0,0
2941,JAVPGDUXURVQQD-UHFFFAOYSA-N,598.7730000000001,6.391500000000006,3,8,118.13000000000001,0.26651165041340164,-0.47980820754198217,10,13,0.42424242424242425,4,6,3,0
2121,JBAFHLCCSPPVOV-UHFFFAOYSA-N,368.44400000000013,3.401580000000002,1,5,71.84,0.14072216342843952,-0.36896619035873357,6,2,0.22727272727272727,4,5,3,0
1821,JBKQSCQUUYXDOK-UHFFFAOYSA-N,461.42000000000036,2.9296000000000015,0,5,52.93000000000001,,,7,7,0.4090909090909091,3,4,1,0
1981,JCHKASOGFPNEMX-UHFFFAOYSA-N,427.54400000000015,5.669800000000006,0,4,42.68,0.34368491657753786,-0.4934054700056359,4,7,0.32142857142857145,4,5,1,0
2828,JCLOJXJAQKBSDI-UHFFFAOYSA-O,684.6460000000005,1.8352999999999997,1,10,175.55999999999997,0.485234805463619,-0.7411547731218965,18,11,0.3448275862068966,3,4,3,0
350,JCWFCWIJNXZDKN-UHFFFAOYSA-N,405.54200000000026,4.509200000000004,0,5,41.74000000000001,0.1687020818588478,-0.3777778198360684,5,6,0.48,3,5,2,0
438,JCZZLPWNFXJVKU-UHFFFAOYSA-N,503.64600000000024,7.115820000000008,1,4,44.81,0.4165965557388093,-0.4100931932849413,5,6,0.24242424242424243,4,6,3,0
3479,JDISLMCYHFJWQP-UHFFFAOYSA-N,395.5280000000001,2.9906000000000015,0,5,45.550000000000004,0.3073818437542788,-0.3017202505936188,6,6,0.36363636363636365,3,4,2,0
559,JDXGTEPAXRUDOH-UHFFFAOYSA-N,444.6660000000003,5.862600000000007,0,6,32.760000000000005,0.11769914439960018,-0.46384077778453386,6,12,0.4166666666666667,3,3,2,0
235,JENANTGGBLOTIB-UHFFFAOYSA-N,406.6140000000001,5.3269000000000055,0,1,17.07,0.13307303505186963,-0.2996923697532816,3,12,0.37037037037037035,2,2,2,2
4566,JERJOBBWKLLKDH-UHFFFAOYSA-N,449.2950000000001,7.049100000000005,0,2,17.82,0.4159321884230433,-0.23165025946375672,7,3,0.05,4,4,0,0
1175,JEXADSKXZBGTNK-UHFFFAOYSA-N,467.5690000000002,4.837200000000005,1,4,69.72,0.26112069491988976,-0.32197258978184534,6,7,0.27586206896551724,3,5,3,0
1055,JEZXOBKWCWPNSS-UHFFFAOYSA-N,312.41600000000005,3.5114000000000027,0,0,7.76,0.17331933061536914,-0.20077779451795463,2,4,0.09090909090909091,4,4,0,2
3929,JFOVBMZALMKBGS-UHFFFAOYSA-N,528.6490000000002,6.639500000000007,1,6,81.00999999999999,0.4118385023618466,-0.49360108023012417,7,13,0.3125,4,4,2,0
4159,JGJZSXALRKGPRE-UHFFFAOYSA-N,598.5270000000002,6.3055000000000065,1,6,92.09,0.3377481782679294,-0.46251288266454105,10,8,0.3870967741935484,3,5,3,0
3767,JHINFXUXJFRIPN-UHFFFAOYSA-N,600.7600000000001,5.113800000000005,1,8,93.23,0.3299850936231554,-0.4928470476891484,9,13,0.45714285714285713,3,5,3,0
245,JITUKBQYIAROBR-UHFFFAOYSA-N,516.6380000000003,6.515800000000008,1,6,81.01,0.4118385023618466,-0.4934568444301775,7,13,0.3548387096774194,4,4,2,0
1009,JIZHIZADWNBANY-UHFFFAOYSA-N,654.6860000000001,9.627899999999997,2,4,71.84,0.27130673767682684,-0.3842217540372108,8,13,0.34210526315789475,5,6,2,0
3990,JJAATQLWMKLMJU-UHFFFAOYSA-P,490.69500000000016,6.982300000000008,0,0,17.619999999999997,0.19258953372224083,-0.3356034931102752,4,10,0.3333333333333333,6,6,0,2
436,JJBDWBUEPCGFMN-UHFFFAOYSA-N,320.41800000000006,2.947400000000001,1,7,74.75,0.28642369494255726,-0.40978618439310405,7,7,0.4,2,2,2,0
1362,JJQGXALJLCIDML-UHFFFAOYSA-N,265.26499999999993,1.7329,1,5,66.02000000000001,0.41209098828440116,-0.44079238797337283,6,2,0.46153846153846156,1,3,1,0
3419,JJZULEDSKWBYDC-BSYVCWPDSA-N,532.6440000000005,5.310000000000005,1,6,76.46000000000001,0.3107276095437684,-0.42652941343262,7,6,0.30303030303030304,4,7,2,0
7,JKXVBPGYSLNZPY-UHFFFAOYSA-N,312.3980000000001,3.3499000000000017,0,4,51.02,0.34615204773769415,-0.3289057463245449,6,2,0.1875,3,3,1,0
1543,JKYYNNQLDINOBY-UHFFFAOYSA-N,663.0800000000002,7.124400000000003,2,3,73.12,0.25900360274825185,-0.5060008092821509,8,4,0.09090909090909091,3,3,2,0
3687,JMULJIQFSHBVOR-UHFFFAOYSA-N,291.39400000000006,4.812400000000005,0,2,16.380000000000003,0.133785576007833,-0.46078513140461247,2,3,0.3,3,4,1,0
309,JNAALEZZYYJZPB-FMWQYVROSA-N,686.9820000000001,7.59140000000001,2,6,83.14,0.2194940409565948,-0.4928809897174522,8,21,0.6666666666666666,2,6,4,0
2089,JNMXZXVKKBDEAS-UHFFFAOYSA-N,394.9430000000003,4.379900000000005,1,5,64.78999999999999,0.3414837076141947,-0.4957728392993899,6,6,0.6666666666666666,1,3,2,0
4384,JNNPDYMRWFDTIS-UHFFFAOYSA-N,430.8950000000001,4.504800000000004,0,4,61.94,0.19685561488053796,-0.4967406913380812,7,5,0.125,5,5,0,0
4243,JOCZIAQMXYHQML-UHFFFAOYSA-N,415.4970000000001,3.885900000000002,3,4,93.88,0.25864589440012925,-0.35199381727019047,7,5,0.2916666666666667,4,5,2,0
2470,JOSKSNIVZAEQFU-UHFFFAOYSA-N,538.6040000000004,5.513200000000006,1,7,108.48,0.41210062789922375,-0.4870237787263147,9,12,0.22580645161290322,5,5,1,0
3049,JOSSBZXGFHCABJ-UHFFFAOYSA-N,532.1030000000003,7.381100000000007,2,3,54.02,0.21999221820957723,-0.3842067830236769,6,6,0.5,3,8,2,0
949,JPQZIIHOPJZBDE-UHFFFAOYSA-N,364.4490000000002,3.3321000000000023,2,6,90.13,0.33623816340118334,-0.46255386652105246,6,3,0.38095238095238093,2,4,2,0
1178,JPWQKDAHORMNTF-UHFFFAOYSA-N,452.55400000000026,4.8159000000000045,0,4,57.690000000000005,0.2610668608069322,-0.2990643839547593,5,7,0.27586206896551724,3,5,2,0
40,JROOHZKVSIFPEO-GWQXNCQPSA-N,472.6740000000004,4.207000000000003,1,6,57.28000000000001,0.41210064131025725,-0.41034508736921355,7,11,0.7407407407407407,1,4,4,0
3923,JRTSDOAXCDGRPI-UHFFFAOYSA-O,734.8060000000004,3.142100000000002,1,14,194.02,0.5134270782693783,-0.7255268762275708,18,12,0.34375,3,4,3,0
2766,JRVMAVKMPQIGHG-LSDHHAIUSA-N,317.3850000000001,1.6911999999999998,1,5,51.160000000000004,0.16055714626838513,-0.49285901617719896,5,3,0.5555555555555556,1,4,1,0
607,JRYJUGMRNVCXOY-UHFFFAOYSA-N,638.884,7.000500000000006,5,6,104.89999999999999,0.22048968305608174,-0.39870746976602184,7,14,0.3170731707317073,6,7,5,1
3150,JRYNVBKKSAGWOO-UHFFFAOYSA-N,613.726,6.204000000000004,3,7,129.96,0.32435892097997754,-0.3823582189151664,11,7,0.3142857142857143,5,8,4,0
202,JSGAUGGABXMCFB-UHFFFAOYSA-N,286.3750000000001,2.5596000000000005,1,3,49.410000000000004,0.23485302388908325,-0.3247731569559798,4,3,0.5294117647058824,1,3,2,0
975,JSOGOOOZEGOQGP-UHFFFAOYSA-N,653.6540000000001,9.362899999999998,2,5,76.14,0.2508049062632546,-0.4925000966032765,8,10,0.34210526315789475,5,7,2,0
2486,JTBMSOXBOXLAFC-UHFFFAOYSA-N,399.5380000000002,4.287800000000003,1,4,39.6,0.14131162003842468,-0.5056664141319822,4,7,0.34615384615384615,3,4,2,0
3673,JTIUHMBHOXJDNB-UHFFFAOYSA-N,439.5840000000001,5.848800000000005,0,3,28.480000000000004,0.23291001141283932,-0.34369630774019677,5,3,0.2222222222222222,4,6,2,0
864,JUHUNMSGGHNUAX-SVEVISFRSA-N,484.7250000000003,5.124900000000006,1,5,62.13000000000001,0.1856431691162499,-0.4800973519782074,5,3,0.8666666666666667,0,5,2,0
1544,JUJWROOIHBZHMG-UHFFFAOYSA-O,304.5419999999999,6.455400000000006,0,0,3.88,0.1682694500299746,-0.20512568184676755,1,15,0.7619047619047619,1,1,0,1
2311,JUVYNJSGHLUFJL-UHFFFAOYSA-N,457.6180000000003,6.630500000000006,2,5,59.32,0.17566274387173422,-0.4928211641720091,5,11,0.41379310344827586,4,5,2,0
1815,JUWPVFGGRPLWHB-UHFFFAOYSA-N,334.507,4.845700000000005,0,0,7.76,0.17613576688934085,-0.20512568184676755,2,10,0.391304347826087,3,3,0,2
1343,JVIRZDYESYVDMN-UHFFFAOYSA-N,496.69900000000024,7.218120000000007,3,5,70.07000000000001,0.14579265517063889,-0.5053213083722218,5,12,0.4375,4,5,2,0
887,JVKKLSFINYTXOR-WECXDZCISA-N,604.3650000000002,7.0669000000000075,0,4,50.94,0.1689349615338637,-0.3908059601521869,10,12,0.1724137931034483,4,4,2,2
1413,JVNVQGLSKUWIEI-UHFFFAOYSA-N,376.5440000000002,4.597500000000004,1,3,32.34,0.16239413232087968,-0.31265385214095875,3,6,0.48,2,4,2,0
3146,JWKIBLYWKJBSQP-UHFFFAOYSA-N,226.32300000000004,3.533520000000002,0,2,16.130000000000003,0.12900845262840965,-0.3565959280307527,2,1,0.4,2,3,1,0
2460,JWVJYWXTWZLTIK-UHFFFAOYSA-N,634.7730000000004,7.8709000000000096,1,7,90.24000000000001,0.4121006254903145,-0.4967678180787092,8,16,0.28205128205128205,5,5,2,0
2746,JXDYKVIHCLTXOP-UHFFFAOYSA-N,232.23899999999998,1.2059199999999999,0,3,57.690000000000005,0.3307248675505456,-0.33008873205209305,5,0,0.25,1,2,2,0
879,JXHMSNWZWHVJCA-UKRRQHHQSA-N,347.36700000000013,0.4353999999999998,2,7,88.46000000000001,0.3392694213004725,-0.4928560111247181,7,2,0.5,1,4,1,0
587,JYYICOWOHOXYRP-RIXNLZLZSA-N,438.65600000000023,5.065600000000005,1,3,49.410000000000004,0.24667362096983475,-0.3421594153519017,4,4,0.7142857142857143,0,4,2,0
3138,KABZVCNOZFGCQY-UHFFFAOYSA-N,600.8030000000003,9.113100000000001,1,5,52.61,0.16147617134708567,-0.48501790641399456,5,16,0.325,5,6,1,0
3111,KAHSAWGWWLYAFT-UHFFFAOYSA-N,544.2870000000001,5.896000000000004,2,3,46.419999999999995,0.11963465168752341,-0.48890593458465653,6,9,0.2,4,4,1,0
3343,KAPFAVLCJMCLFV-UHFFFAOYSA-N,307.37500000000006,2.414820000000001,2,5,92.18,0.26288761927718923,-0.5076750163806523,7,4,0.2857142857142857,2,2,1,0
1283,KBQNIGWBLLTLRQ-UHFFFAOYSA-N,478.68400000000037,7.625000000000007,2,4,49.84,0.07257891564794114,-0.38422175278384013,4,11,0.4375,4,6,2,0
4166,KCUPGLSWPZVOAR-UHFFFAOYSA-N,526.6810000000003,6.790400000000007,0,4,67.67000000000002,0.41898132859044235,-0.4099630549555202,7,10,0.34375,4,4,2,0
4352,KCYQEWRYCDDVDT-UHFFFAOYSA-N,314.429,3.0429200000000005,2,4,54.38,0.12212595361661113,-0.49055943646954403,4,8,0.42105263157894735,2,2,1,0
572,KDJIOKLLAMSXIU-UHFFFAOYSA-N,466.75700000000023,6.893100000000008,0,6,32.760000000000005,0.11769914203673741,-0.4638409872453912,6,18,0.68,2,2,2,0
3879,KDMZZYWXGOGWFK-UHFFFAOYSA-N,364.4530000000001,2.1042999999999994,2,5,77.15,0.22637784362005028,-0.3086087948224479,7,6,0.35,3,4,3,0
4038,KDZSNGMKOGBFFX-UHFFFAOYSA-N,414.4610000000002,3.504500000000003,0,4,74.76,0.26537180171048413,-0.2784344935899768,6,5,0.2,2,4,2,0
200,KEAMGSGUUNWSOY-UHFFFAOYSA-N,239.36199999999997,4.071700000000003,0,1,3.24,0.023346268825476725,-0.29906438121309553,1,2,0.4117647058823529,2,3,1,0
2594,KEJZDNMKCLIUCS-KNTRCKAVSA-N,450.62300000000056,6.162300000000006,1,4,50.800000000000004,0.24788015301388544,-0.4928470477227036,5,14,0.4642857142857143,2,3,2,0
4444,KEQOENWOUKJZFA-UHFFFAOYSA-N,539.8070000000001,7.445400000000008,0,6,38.77,0.16620209866351235,-0.4928584779678859,6,12,0.5806451612903226,2,5,1,0
2587,KERUJWDWMUIWDG-DTQAZKPQSA-N,408.5420000000004,4.992000000000005,1,4,50.800000000000004,0.24788015301388544,-0.4928470477226237,5,10,0.4,2,3,2,0
4203,KFJULHIJZGIJHV-VOTSOKGWSA-N,294.398,4.223220000000003,0,3,42.85,0.18568487210371387,-0.2892787025096669,3,3,0.3157894736842105,2,2,0,0
1078,KGBBKWJISGJVCN-UHFFFAOYSA-O,415.47300000000007,3.7435000000000027,1,3,66.93,0.4142015431308569,-0.4102229802871837,7,4,0.125,4,4,2,1
1412,KGNFAYMSUAICCE-UHFFFAOYSA-N,425.5760000000001,6.097900000000006,2,4,44.370000000000005,0.16246243824513443,-0.3599329960150409,4,7,0.32142857142857145,3,5,3,0
1533,KHEJZVZKTWWWJJ-UHFFFAOYSA-N,445.4710000000003,6.018400000000004,1,6,79.16000000000001,0.4111121265182296,-0.4928101021049091,7,7,0.19230769230769232,4,5,1,0
751,KHHAVNBRJKYISP-UHFFFAOYSA-N,478.5490000000004,3.4026000000000014,3,7,110.81,0.25107385002990434,-0.4926888479950271,9,9,0.34615384615384615,3,4,3,0
4023,KHXGOLJEPMMSDR-UHFFFAOYSA-N,742.5540000000005,7.201399999999998,12,18,298.14,0.22006131463605133,-0.5076790124052144,18,5,0.0,6,8,0,0
4557,KIIZLMFGYAXDCL-UHFFFAOYSA-N,471.6740000000004,5.493800000000005,4,3,64.77000000000001,0.16580387704195484,-0.38422058290469624,6,9,0.35714285714285715,4,5,3,0
4293,KIMJOHZHCYGQGH-UHFFFAOYSA-N,555.5760000000002,4.6605200000000035,1,10,151.06,0.26263769219648003,-0.48632397188766957,13,9,0.07407407407407407,6,6,1,0
3830,KJLQZKUKATZVAQ-UHFFFAOYSA-N,429.56400000000025,3.666400000000002,1,4,44.81,0.2574839266565037,-0.48378755496839265,5,9,0.2962962962962963,3,4,3,0
1325,KJZFEFHKWSIECZ-UHFFFAOYSA-N,517.1170000000003,7.359700000000006,3,3,69.81,0.21950588760690995,-0.3842217427793629,6,12,0.41935483870967744,4,5,2,0
1308,KKBRJWZGYFPYRI-SLMZUGIISA-N,588.7010000000004,6.195400000000009,4,8,128.56,0.4118385023618466,-0.5041467058853365,9,13,0.35294117647058826,3,4,2,0
676,KKBRJWZGYFPYRI-XAYXJRQQSA-N,630.7820000000003,7.104400000000009,1,8,95.56,0.4118385023618466,-0.49359043752010356,9,16,0.40540540540540543,3,4,2,0
3914,KKCCFJLKYWLUFQ-UHFFFAOYSA-N,426.6450000000003,6.734400000000008,1,3,45.33,0.31333551116013175,-0.4240797781551627,4,11,0.6666666666666666,2,3,1,0
835,KKJQXNILAUPNKG-UHFFFAOYSA-N,576.7820000000003,4.707000000000003,2,8,83.14,0.20348777635819879,-0.4964259304658538,8,20,0.47058823529411764,2,3,4,0
