source_index,InChIkey,cleaned_smiles,PIC50
0,GUZKBNUSIOHJIR-UHFFFAOYSA-N,CCOc1nn(-c2cccc(OCc3ccccc3)c2)c(=O)o1,6.12494
1,XWIIHZHUZCWNLW-UHFFFAOYSA-N,O=C(N1CCCCC1)n1nc(-c2ccc(Cl)cc2)nc1SCC1CC1,7.0
3,GTBUYLWBDILEPY-UHFFFAOYSA-N,O=C(N1CCCCC1)n1nc(-c2ccc(Cl)cc2)nc1SCC(F)(F)F,6.52288
4,FBOHEFQKBNWFPO-UHFFFAOYSA-N,CSc1nc(-c2ccc(OC(F)(F)F)cc2)nn1C(=O)N(C)C,6.09691
5,AAXQEELWFXEVAH-UHFFFAOYSA-N,CSc1nc(-c2ccc(C)cc2)nn1C(=O)N(C)c1ccccc1,5.61979
6,BCRUIWHBJPICOM-UHFFFAOYSA-N,CSc1nc(-c2ccc(Cl)cc2)nn1C(=O)N(C)C,7.0
8,RMOMJDZNOXKMFY-UHFFFAOYSA-N,COc1ccc(-c2nc(SC)n(C(=O)N(C)C)n2)cc1,6.09691
11,FCWFKSMUNCZMFT-UHFFFAOYSA-N,CSc1nc(-c2ccc3ccccc3c2)nn1C(=O)N(C)C,7.30103
13,YKUXAAJJGAYTRC-UHFFFAOYSA-N,CSc1nc(-c2ccc(-c3ccccc3)cc2)nn1C(=O)N(C)C,6.25181
16,AKOLSQVNOPLCPO-UHFFFAOYSA-N,CSc1nc(-c2ccc(Cl)cc2)nn1C(=O)N(C)c1ccccc1,5.85387
18,UXHHCYYVWMSZBI-UHFFFAOYSA-N,CCSc1nc(-c2ccc(OC)cc2)nn1C(=O)N(C)c1ccccc1,5.95861
20,PBUOZLNZOBWRDT-UHFFFAOYSA-N,CSc1nc(-c2ccc(Cl)cc2)nn1C(=O)N1CCCCC1,7.58503
22,BTBHHMNHCCVBKZ-UHFFFAOYSA-N,CSc1nc(-c2ccc(C)cc2)nn1C(=O)N(C)C,6.09691
25,HELKFUZDNOHCMJ-UHFFFAOYSA-N,CCSc1nc(-c2ccc(Cl)cc2)nn1C(=O)N(C)C,7.25181
26,WNOVRIVBMAIXOK-UHFFFAOYSA-N,CCCCCCSc1nc(-c2ccc(C)cc2)nn1C(=O)N(C)C,6.69897
27,PSJHEFSSEIFFSU-UHFFFAOYSA-N,CCCSc1nc(-c2ccc(Cl)cc2)nn1C(=O)N(C)C,6.52288
28,MYAOJPWDGLEXIZ-UHFFFAOYSA-N,Cc1ccc(-c2nc(SCC(F)(F)F)n(C(=O)N(C)C)n2)cc1,6.69897
30,PUBHZTNJRAPIMN-UHFFFAOYSA-N,CSc1nc(-c2ccc(C(F)(F)F)cc2)nn1C(=O)N(C)C,6.30103
34,ALWKGYPQUAPLQC-UHFFFAOYSA-N,CN(C)C(=O)Oc1cccc([N+](C)(C)C)c1,7.34679
36,QRIDTWRYUXZUDP-CTNGQTDRSA-N,CN1CC[C@@]2(C)c3cc(OC(=O)NCCCN4CCOCC4)ccc3N(C)[C@@H]12,5.42022
37,VUNAAQIKHSGPRS-IAPPQJPRSA-N,CN1CC[C@@]2(C)c3cc(OC(=O)NCCCCCCCCCCN4CCOCC4)ccc3N(C)[C@@H]12,7.39794
39,LFWBAKOCTYKRQI-UHFFFAOYSA-N,N#CC(C#N)=C1Nc2ccccc2N1CCNCc1ccc(CN2CCCCC2)o1,7.13668
40,AZHRUDQFJNVULC-UHFFFAOYSA-N,COc1cc(N)c(Cl)cc1C(=O)NCCNCc1ccc(CN(C)C)o1,5.50864
42,KDQSNHIQQSQHHK-UHFFFAOYSA-N,CN1CCN(Cc2ccc(CNCCN3CCNC3=C(C#N)C#N)o2)CC1,5.34679
43,LQDVCSIWQVRECJ-UHFFFAOYSA-N,Oc1nc2ccccc2n1CCNCc1ccc(CN2CCCCC2)o1,5.92082
46,PHELSVIUQBPBLW-UHFFFAOYSA-N,CC1CCCCN1Cc1ccc(CNCCN2CCNC2=C(C#N)C#N)o1,6.26761
47,OKPXRTAMAGECKK-UHFFFAOYSA-N,N#CC(C#N)=C1NCCN1CCNCc1ccc(CN2CCCCC2)o1,7.52288
48,BIYMBWOGRIMVGC-UHFFFAOYSA-N,CNC(NCCNCc1ccc(CN2CCCCC2)o1)=C(C#N)C#N,6.08092
52,JHBKIQPZUOVPJP-UHFFFAOYSA-N,N#CC(C#N)=C1NCCN1CCNCc1ccc(CN2CCC(O)CC2)o1,6.40894
53,YQWKSZPFQPPLDB-UHFFFAOYSA-N,CN(C)Cc1ccc(CNCCN2CCNC2=C(C#N)C#N)o1,6.40894
54,NPDBRPLRDKQUMC-UHFFFAOYSA-N,CCN(C)Cc1ccc(CNCCN2CCNC2=C(C#N)C#N)o1,6.36653
56,RRFNSBXPESKQGR-UHFFFAOYSA-N,CCN(CC)Cc1ccc(CNCCN2CCNC2=C(C#N)C#N)o1,6.22185
60,RRGMXBQMCUKRLH-CTNGQTDRSA-N,CCCCCCCNC(=O)Oc1ccc2c(c1)[C@]1(C)CCN(C)[C@@H]1N2C,7.65758
61,BRGIXRNTFOXZKF-QUCCMNQESA-N,CN1CC[C@@]2(C)c3cc(OC(=O)NCCN4CCOCC4)ccc3N(C)[C@@H]12,6.1549
63,PLQWDBQURPIPGP-UHFFFAOYSA-N,CNC(NCCNCc1ccc(CN(C)C)o1)=C(C#N)C#N,6.20066
64,FDEMXMQQXDTVQU-UHFFFAOYSA-N,CNC(NCCNCc1ccc(CN(C(C)C)C(C)C)o1)=C(C#N)C#N,5.67778
68,HYRWJXSSFVSUQH-UHFFFAOYSA-N,CC1CCN(Cc2ccc(CNCCN3CCNC3=C(C#N)C#N)o2)CC1,6.5376
70,LKBQETKGWDWQQB-PXJZQJOASA-N,CN1CC[C@@]2(C)c3cc(OC(=O)NCCCCCCCCCCCN4CCOCC4)ccc3N(C)[C@@H]12,7.39794
71,XLRRYRJJRDMOHP-UHFFFAOYSA-N,N#CC(C#N)=C1NCCN1CCNCc1ccc(CN2CCCC2)o1,7.09691
72,KTMHWIASCVHJMZ-UHFFFAOYSA-N,N#CC(C#N)=C1NCCN1CCNCc1ccc(CN2CC=CCC2)o1,7.02228
76,XYIGEYHRXKWSPJ-VPUSJEBWSA-N,CN1CC[C@@]2(C)c3cc(OC(=O)NCCCCCCCCCN4CCOCC4)ccc3N(C)[C@@H]12,7.22185
77,HEEOMQHFUSVLEM-DGPALRBDSA-N,CN1CC[C@@]2(C)c3cc(OC(=O)NCCCCCCCCCCCCN4CCOCC4)ccc3N(C)[C@@H]12,7.1549
78,GVHHPMZWUWYOJH-UHFFFAOYSA-N,CNC(NCCNCc1ccc(CN2CCCC2)o1)=C(C#N)C#N,6.55284
80,KABXIVJJYZKNDV-UHFFFAOYSA-N,N#CC(C#N)=C1NCCN1CCNCc1ccc(CN2CCSCC2)o1,5.82391
81,VMXUWOKSQNHOCA-UHFFFAOYSA-N,CNC(=C[N+](=O)[O-])NCCSCc1ccc(CN(C)C)o1,5.91268
82,OAZAZSVSTJITEI-VWNXMTODSA-N,CN1CC[C@@]2(C)c3cc(OC(=O)NCCCCCCN4CCOCC4)ccc3N(C)[C@@H]12,6.03152
83,LHXDCPANSLINDJ-UHFFFAOYSA-N,CC1CCCN(Cc2ccc(CNCCN3CCNC3=C(C#N)C#N)o2)C1,6.4318
84,BGUNJPMNAQNPJN-UHFFFAOYSA-N,CC1CCCC(C)N1Cc1ccc(CNCCN2CCNC2=C(C#N)C#N)o1,5.34679
87,PXRSKRAHRPHMEB-GGAORHGYSA-N,CN1CC[C@@]2(C)c3cc(OC(=O)NCCCCCN4CCOCC4)ccc3N(C)[C@@H]12,5.11919
88,PLDHPJSOABLSHM-RSXGOPAZSA-N,CN1CC[C@@]2(C)c3cc(OC(=O)NCCCCCCCCN4CCOCC4)ccc3N(C)[C@@H]12,7.09691
90,FWJLNPNOFSXKMI-NOZRDPDXSA-N,CN1CC[C@@]2(C)c3cc(OC(=O)NCCCCCCCN4CCOCC4)ccc3N(C)[C@@H]12,6.42022
91,KNECVBKLZJDAMM-UHFFFAOYSA-N,COC1CCCN(Cc2ccc(CNCCN3CCNC3=C(C#N)C#N)o2)C1,5.48149
93,DEVJEYZPXPIVKH-UHFFFAOYSA-N,N#CC(C#N)=C1NCCN1CCNCc1ccc(CN2CCCC(O)C2)o1,6.4318
94,OTEXQGZMMAIBKH-FZBYNPQBSA-N,C/N=c1\c(O)c(O)\c1=N/CCNCc1ccc(CN2CCCCC2)o1,5.03152
96,MYRGYOVGGPKBKY-UHFFFAOYSA-N,N#CC(C#N)=C1NCCN1CCNCc1ccc(CN2CCCCCC2)o1,6.92082
97,IIWOUNLDWKZMQI-UHFFFAOYSA-N,COc1ccccc1CNCCCCCCNCCSSCCNCCCCCCNCc1ccccc1OC,5.14
98,DCPJIWWEBRXADV-UHFFFAOYSA-N,COc1ccccc1CNCCCCCCNCCCCCCCNCCCCCCNCc1ccccc1OC,5.35
99,HDAQKLAKMZNBQB-UHFFFAOYSA-N,COc1ccccc1CN(C)CCCCCC(=O)N(C)CCCCCCCCN(C)C(=O)CCCCCN(C)Cc1ccccc1OC,6.77001
100,BNMMMFMJYKFYRQ-UHFFFAOYSA-N,COc1ccccc1CNCCCCCCNCCCCCCNCCCCCCNCc1ccccc1OC,5.19
101,PIJVFDBKTWXHHD-HIFRSBDPSA-N,CNC(=O)Oc1ccc2c(c1)[C@]1(C)CCN(C)[C@@H]1N2C,7.24413
102,RPMBYDYUVKEZJA-UHFFFAOYSA-N,COc1ccccc1CNCCCCCCNCCCCCCCCNCCCCCCNCc1ccccc1OC,5.27
103,LNYHYEQQDYJOII-UHFFFAOYSA-N,COc1ccccc1CNCCCCCC(=O)N(C)CCCCCCCCN(C)C(=O)CCCCCNCc1ccccc1OC,6.51
105,YLJREFDVOIBQDA-UHFFFAOYSA-N,Nc1c2c(nc3ccccc13)CCCC2,6.86646
106,MMJRYNURNQIZRV-UHFFFAOYSA-N,COc1ccccc1CNCCCCCC(=O)NCCCCCCCCNC(=O)CCCCCNCc1ccccc1OC,5.73
107,QHXIAJIYLGAPSH-UHFFFAOYSA-N,COc1ccccc1CNCCCCCCNCCCCCNCCCCCCNCc1ccccc1OC,5.14
108,BQYXYZYJEUBVBN-UXBLZVDNSA-N,NC12CC(C(F)(F)F)=CC(Cc3nc(O)ccc31)/C2=C\C(F)(F)F,5.52288
110,WPUFLGDKDRHMHB-WTDSWWLTSA-N,C/C=C1\C2C=C(C(F)(F)F)CC1(N)c1ccc(O)nc1C2,6.39794
111,ZRJBHWIHUMBLCN-YQEJDHNASA-N,C/C=C1\[C@H]2C=C(C)C[C@]1(N)c1ccc(=O)[nH]c1C2,7.115494999999999
116,OCTYDCXPLXLOBG-UHFFFAOYSA-O,CN(CCn1cc[n+](C)c1/C=N/O)S(C)(=O)=O,5.16749
118,OPWXEMFYURUFIN-YRNVUSSQSA-N,CC1=CC2Cc3nc(O)ccc3C(N)(C1)/C2=C/C(F)(F)F,5.69897
119,CMZUAEAPKGOQSL-UHFFFAOYSA-N,Nc1c2c(nc3ccccc13)-c1ccccc1C2,6.31299
120,FRXXZKCFLLWYIW-UHFFFAOYSA-N,Nc1c2c(nc3ccccc13)-c1ccccc1CC2,5.52578
123,YRMPTPZWCQVVTR-HAHDFKILSA-N,C/N=C1/CCc2c1n(C)c1ccc(OC(=O)NCc3ccccc3)c(Br)c21,5.37779
124,VTAYNRZFMWKVMV-UHFFFAOYSA-N,COc1cc2cc(C(=O)CC(O)C3CC[N+](C)(Cc4ccccc4)CC3)sc2cc1OC,6.690405
125,AYUGQAIEBQUVSS-MFOYZWKCSA-N,C/N=C1/CCc2c1n(C)c1ccc(OC(=O)NC)c(Cl)c21,6.63827
126,RWPNUXJCHLIEDT-UHFFFAOYSA-N,COc1cc2cc(C(=O)CC3=CC[N+](C)(Cc4ccccc4)CC3)sc2cc1OC,6.12494
127,BMJHCSGGVPNGEK-UHFFFAOYSA-N,COc1cc2cc(C(=O)CCc3cc[n+](Cc4ccccc4)cc3)sc2cc1OC,8.33724
128,WYRBPGIEANOZBO-UHFFFAOYSA-N,COc1cc2cc(C(=O)CCC3CC[N+](C)(CCOc4ccccc4)CC3)sc2cc1OC,6.40894
129,PWYSKXCZAVHRME-UHFFFAOYSA-N,CCC[n+]1ccc(CCC(=O)c2cc3cc(OC)c(OC)cc3s2)cc1,5.59007
130,RQEDOHWZBORVHQ-UHFFFAOYSA-N,COc1cc2cc(C(=O)CCc3cc[n+](CC4CCC4)cc3)sc2cc1OC,7.39794
131,YTHOQVFHGJGIEH-BOPFTXTBSA-N,C/N=C1/CCc2c1n(C)c1cc(Cl)c(OC(=O)NC)cc21,6.17393
132,YORGAYVXBTXTRA-UHFFFAOYSA-N,COc1cc2cc(C(=O)CCCCC3CC[N+](C)(Cc4ccccc4)CC3)sc2cc1OC,6.95861
133,RESFYLPQQBQWLK-UHFFFAOYSA-N,CC[n+]1ccc(CCC(=O)c2cc3cc(OC)c(OC)cc3s2)cc1,6.55284
134,WTKJGTXNTSXOEQ-CLCOLTQESA-N,CNC(=O)Oc1ccc2c(c1)c1c(n2C)/C(=N\CCc2ccccc2)CC1,6.79588
135,HUDYYTCJRPYVSA-MTJSOVHGSA-N,CCCn1c2c(c3c(Br)c(OC(=O)NC)ccc31)CC/C2=N/CC,6.63827
138,HNRGYIMKAVPBFM-UHFFFAOYSA-N,COCC[N+]1(C)CCC(CCC(=O)c2cc3cc(OC)c(OC)cc3s2)CC1,7.27572
139,SMFGROCXHRURCX-UHFFFAOYSA-N,COC(=O)c1ccc(C[n+]2ccc(CCC(=O)c3cc4cc(OC)c(OC)cc4s3)cc2)cc1,6.0
140,YAGWRKXZJCAONM-NDENLUEZSA-N,CCCCNC(=O)Oc1ccc2c(c1Br)c1c(n2C)/C(=N\C)CC1,5.49894
141,DACVVTXURVEDPJ-UHFFFAOYSA-N,COc1cc2cc(C(=O)C=C3CC[N+](C)(Cc4ccccc4)CC3)sc2cc1OC,6.284
142,FUUAKMKHJMTYEE-UHFFFAOYSA-N,COc1cc2cc(C(=O)CCc3cc[n+](Cc4ccc(F)cc4)cc3)sc2cc1OC,8.58503
143,LLFXWTJSKXUPAW-UHFFFAOYSA-N,COc1cc2cc(C(=O)CC(OC)C3CC[N+](C)(Cc4ccccc4)CC3)sc2cc1OC,6.92082
144,NKMJIMRHVLBYRZ-UHFFFAOYSA-N,COc1cc2cc(C(=O)CCc3cc[n+](CC4CC4)cc3)sc2cc1OC,6.95861
145,VNIUREJLUZLBEI-VBKFSLOCSA-N,C/N=C1/CCc2c1n(C)c1ccc(OC(=O)NC)cc21,5.47366
146,LLSISOMGTGWJAD-UHFFFAOYSA-N,COc1cc2cc(C(=O)CC3(O)CC[N+](C)(Cc4ccccc4)CC3)sc2cc1OC,7.04576
147,TWZAUOZTEOEZPS-UHFFFAOYSA-N,COc1cc2cc(C(=O)CCC3CC[N+](C)(CC4CCCCO4)CC3)sc2cc1OC,7.55284
148,QGDFTXPKVNLAAU-UHFFFAOYSA-N,COc1cc2cc(C(=O)CCc3cc[n+](C)cc3)sc2cc1OC,6.04576
149,JWNJPWFLZOKDSC-UHFFFAOYSA-N,COCC[n+]1ccc(CCC(=O)c2cc3cc(OC)c(OC)cc3s2)cc1,7.52288
150,SKWVLMXTRDHOMY-UHFFFAOYSA-N,COc1cc2cc(C(=O)CC(O)CCC3CC[N+](C)(Cc4ccccc4)CC3)sc2cc1OC,6.42022
151,KHVCAPTWEKUUOB-UHFFFAOYSA-N,COc1cc2cc(C(=O)CCc3cc[n+](Cc4ccsc4)cc3)sc2cc1OC,8.22185
152,RGWBBDIISQYISM-GRSHGNNSSA-N,CC/N=C1/CCc2c1n(C)c1ccc(OC(=O)NC)c(Br)c21,6.85387
153,UMXGLDXVWDZRAT-MFOYZWKCSA-N,C/N=C1/CCc2c1n(C)c1ccc(OC(=O)NC)c(Br)c21,6.74473
154,DVAROHRRIITJSW-UHFFFAOYSA-N,COC(=O)C[N+]1(C)CCC(CCC(=O)c2cc3cc(OC)c(OC)cc3s2)CC1,7.26761
156,SGMCTGDOWCTMEU-UHFFFAOYSA-N,COc1cc2cc(C(=O)CCC3CC[N+](C)(Cc4ccccc4)CC3)sc2cc1OC,8.09691
157,PCQMYUIQDLAOSQ-UHFFFAOYSA-N,COc1cc2cc(CC3CC[N+](C)(Cc4ccccc4)CC3)sc2cc1OC,5.0
158,KQUCCBKZVSQSCI-GRSHGNNSSA-N,CC/N=C1/CCc2c1n(C)c1ccc(OC(=O)NC)c(Cl)c21,6.79588
160,BMFWRMMCWVMOEJ-RGEXLXHISA-N,CCC/N=C1/CCc2c1n(C)c1ccc(OC(=O)NC)cc21,5.41567
161,JFIAJOKWMHWGNB-UHFFFAOYSA-N,C=CC[n+]1ccc(CCC(=O)c2cc3cc(OC)c(OC)cc3s2)cc1,6.26761
162,ICAMBRIYAKJCIK-UHFFFAOYSA-N,CCOCC[n+]1ccc(CCC(=O)c2cc3cc(OC)c(OC)cc3s2)cc1,8.1549
164,ONZMCJMKJCZKIT-ZDLGFXPLSA-N,C/N=C1/CCc2c1n(C)c1ccc(OC(=O)N(C)C)c(Br)c21,7.22185
166,FEUIMOLNAYWYJX-UHFFFAOYSA-N,COc1cc2cc(C=C3CC[N+](C)(Cc4ccccc4)CC3)sc2cc1OC,5.57349
167,PIUDKWKHYCTTMB-UHFFFAOYSA-N,COc1cc2cc(C(=O)CCc3cc[n+](Cc4ccc([N+](=O)[O-])o4)cc3)sc2cc1OC,8.34679
168,VSDKGQIPHOMCCH-AQTBWJFISA-N,CC/N=C1/CCc2c1n(C)c1ccc(OC(=O)NC)cc21,5.24565
169,QRGWRAREWVXQNK-UHFFFAOYSA-N,COc1cc2cc(C(=O)CCC3CC[N+](C)(Cc4ccc([N+](=O)[O-])o4)CC3)sc2cc1OC,7.49485
170,RDTZOXACZCTDKX-UHFFFAOYSA-N,COc1cc2cc(C(=O)CCC3CC[N+](C)(CC(=O)OC(C)(C)C)CC3)sc2cc1OC,7.10237
171,JZTYZCGIRWVERO-YUZLPWPTSA-N,CNC(=O)Oc1ccc2c(c1)[C@]1(C)CCNC1N2,7.96257
172,ZTNAPMRRYAYAIK-DAFXYXGESA-N,C[C@@]12CCNC1Nc1ccc(OC(=O)Nc3ccccc3)cc12,7.65561
175,STSMGBGTIPIGCZ-UHFFFAOYSA-N,Nc1c2c(nc3ccccc13)C1CCC2C1,7.06074
176,ITTCFQIHBIBVEN-NNBQYGFHSA-N,CN1c2ccc(OC(=O)Nc3ccccc3)cc2[C@]2(C)CCNC12,7.86012
178,YSZQKPILONCHJM-GPNIZQGCSA-N,CNC(=O)Oc1ccc2c(c1)[C@]1(C)CCN(Cc3ccccc3)C1N2Cc1ccccc1,5.96257
179,DREAHDLCWZKIJL-UHFFFAOYSA-N,Nc1c2c(nc3c(Cl)cccc13)CCCC2,7.16178
181,ADEBPBSSDYVVLD-UHFFFAOYSA-N,COc1cc2c(cc1OC)C(=O)C(CC1CCN(Cc3ccccc3)CC1)C2,7.591620000000001
182,DWMBEPKCENULIA-PYMCNQPYSA-N,CNC(=O)Oc1ccc2c(c1)[C@]1(C)CCNC1N2C,7.67778
183,KVGMGGLTJLJDFE-UHFFFAOYSA-N,Nc1c2c(nc3cccc(Cl)c13)CCCC2,7.47625
185,GVJXSDRIRBRKBI-QWAKEFERSA-N,CNC(=O)Oc1ccc2c(c1)[C@]1(C)CCN(Cc3ccccc3)C1N2C,6.48149
187,HLVVITIHAZBPKB-UHFFFAOYSA-N,Nc1c2c(nc3ccccc13)CCCC2O,6.15366
188,SSQDPTTWVYJYFB-UHFFFAOYSA-N,Nc1c2c(nc3cc(Cl)ccc13)C1CCC2C1,8.34679
189,GQZMDBQRGRRPMS-UHFFFAOYSA-N,Nc1c2c(nc3cc(Cl)ccc13)CCCC2,8.02288
190,NNGFBICBXZNRCM-UHFFFAOYSA-N,Nc1c2c(nc3c(Cl)cccc13)C1CCC2C1,7.07417
194,ZTNAPMRRYAYAIK-UHUGOGIASA-N,C[C@]12CCNC1Nc1ccc(OC(=O)Nc3ccccc3)cc12,6.63639
195,JZTYZCGIRWVERO-GLGOKHISSA-N,CNC(=O)Oc1ccc2c(c1)[C@@]1(C)CCNC1N2,5.82681
197,YSZQKPILONCHJM-ZCJYOONXSA-N,CNC(=O)Oc1ccc2c(c1)[C@@]1(C)CCN(Cc3ccccc3)C1N2Cc1ccccc1,5.44855
198,KDPXEJGRLUVMJN-UHFFFAOYSA-N,Nc1c2c(nc3cccc(Cl)c13)C1CCC2C1,7.37469
199,PUKKYURTEBJMKJ-UHFFFAOYSA-N,Nc1c2c(nc3ccc(Cl)cc13)CCCC2,6.12901
200,LIQUTBYXLQJUQH-UHFFFAOYSA-N,Nc1c2c(nc3ccc(Cl)cc13)C1CCC2C1,5.95861
201,VZIIROIDZAERNQ-UHFFFAOYSA-N,c1ccc(CN2CCC(CCOc3ccc(-c4ccccc4)nn3)CC2)cc1,6.14874
205,ZPEZHGZYZCQFAI-UHFFFAOYSA-N,Nc1c2c(nc3c1CCCO3)CCCC2,6.34199
206,PWJTVPPFLKWOLF-UHFFFAOYSA-N,COc1cccc2nc3c(c(N)c12)CCCC3,6.21112
208,ATHZIFFSGSWIAU-UHFFFAOYSA-N,c1ccc(CN2CCC(CCNc3cc4c(nn3)-c3ccccc3CCC4)CC2)cc1,6.92082
209,BXLXHYPSRHQACO-UHFFFAOYSA-N,Nc1c2c(nc3cccc(F)c13)OCCC2,6.47496
210,HSSQLNQCMMAAPC-UHFFFAOYSA-N,Nc1c2c(nc3cnccc13)OCCC2,7.37675
212,BOEAEKKTIXSDNX-UHFFFAOYSA-N,c1ccc(CN2CCC(CCNc3cc4ccc5ccccc5c4nn3)CC2)cc1,6.72125
213,BMRFESVZYWRROS-UHFFFAOYSA-N,Nc1c2c(nc3c1CCCC3)CCCC2,6.4437
214,VJHVXQDJWJBLLR-UHFFFAOYSA-N,Cc1cccc2nc3c(c(N)c12)CCCC3,6.953725
215,INIMHDIZIDCHML-UHFFFAOYSA-N,c1ccc(CN2CCC(CCN=c3cc4c(n[nH]3)-c3ccccc3C4)CC2)cc1,7.13077
216,JRBPMDZHWBDEGY-UHFFFAOYSA-N,Nc1c2c(nc3ccc(Cl)cc13)OCCC2,5.00833
217,PADRKJUJDBXCPM-UHFFFAOYSA-N,Nc1c2c(nc3cccc(F)c13)CCCC2,7.10791
218,ASSJEIIHRYETRS-UHFFFAOYSA-N,Nc1c2c(nc3ncccc13)CCCC2,6.36754
219,YLUSMKAJIQOXPV-UHFFFAOYSA-N,Nc1c2c(nc3c1CCC3)CCCC2,6.18177
220,AGAAICLBZSPZIQ-UHFFFAOYSA-N,c1ccc(CN2CCC(CCSc3ccc(-c4ccccc4)nn3)CC2)cc1,6.3279
221,QUHKAFSPMKOOBV-UHFFFAOYSA-N,Nc1c2c(nc3ncccc13)OCCC2,5.20329
222,MEOMOJCPDZXFPY-UHFFFAOYSA-N,Nc1c2c(nc3cnccc13)CCCC2,5.58503
223,ZWEQTMLHBVSDBQ-UHFFFAOYSA-N,COc1cccc2nc3c(c(N)c12)CCCO3,6.21753
224,AOWLKNQZYMUMEF-UHFFFAOYSA-N,Nc1c2c(nc3ccccc13)OCCC2,6.57512
225,WWPRLDLNFHABPS-UHFFFAOYSA-N,Cc1cc(=NCCC2CCN(Cc3ccccc3)CC2)[nH]nc1-c1ccccc1,7.54336
226,ALSNDZNRDOKMKL-UHFFFAOYSA-N,CCc1cc(=NCCC2CCN(Cc3ccccc3)CC2)[nH]nc1-c1ccccc1,7.37455
227,VXTOUZSUPQQPPE-UHFFFAOYSA-N,c1ccc(CN2CCC(CCNc3cc4c(nn3)-c3ccccc3CC4)CC2)cc1,6.72125
229,LQNVTFVXRZCQBF-UHFFFAOYSA-N,Nc1c2c(nc3cccc(Cl)c13)OCCC2,6.50446
230,AUOBGKPJAJDIMF-UHFFFAOYSA-N,Nc1c2c(nc3c1CCCO3)CCC2,5.95078
231,BDRIZQJMKALXBR-UHFFFAOYSA-N,Cc1cccc2nc3c(c(N)c12)CCCO3,6.82391
233,QILAXHQPGTWYMO-UHFFFAOYSA-O,C=CCC[N+](C)(C)c1ccccc1O,5.0
237,IRYUPEYMYZHTOD-UHFFFAOYSA-N,COc1ccc(C(=O)COc2ccc([N+](C)(C)Cc3ccccc3)cc2)cc1OC,5.0
238,ZDNNJSHEGAEPON-UHFFFAOYSA-N,COc1ccc(C(=O)CCc2ccc([N+](C)(C)C)cc2)cc1OC,5.52288
243,HBGHZHNBJXQJGB-UHFFFAOYSA-N,COc1ccc(C(=O)CCc2ccc([N+](C)(C)Cc3ccccc3)cc2)cc1OC,5.88606
244,HACXKEPOUOHQGM-UHFFFAOYSA-O,C=CC[N+](C)(C)c1cccc(O)c1,5.52288
247,QVOLLIZMUMRBBN-UHFFFAOYSA-N,C=CC[N+](C)(C)c1cccc(OC(C)=O)c1,6.0
250,MLDPWYNAHSSJAE-UHFFFAOYSA-N,C=CC[N+](C)(C)c1ccc(OCC(=O)c2ccc(OC)c(OC)c2)cc1,5.0
251,BEAHCIYYNAZUDK-UHFFFAOYSA-N,COc1ccc(C(=O)CCc2cccc([N+](C)(C)Cc3ccccc3)c2)cc1OC,5.98297
255,NBCQROXLJLVMLS-UHFFFAOYSA-O,C=CC[N+](C)(C)c1ccccc1O,5.73283
256,LLHDISKIHUGANJ-UHFFFAOYSA-N,COc1ccc(C(=O)COc2cccc([N+](C)(C)C)c2)cc1OC,5.0
257,UPHRCMQUKNHOJI-UHFFFAOYSA-N,COc1ccc(C(=O)COc2cccc([N+](C)(C)Cc3ccccc3)c2)cc1OC,6.48149
260,JKKAWBRGAOZJBD-UHFFFAOYSA-N,COc1ccc(C(=O)COc2ccc([N+](C)(C)C)cc2)cc1OC,5.0
265,VWLHWLSRQJQWRG-UHFFFAOYSA-O,CC[N+](C)(C)c1cccc(O)c1,6.10791
267,FRIKSJMNMRNNFG-UHFFFAOYSA-N,C=CC[N+](C)(C)c1ccccc1OC,6.0
273,DWMBEPKCENULIA-OCCSQVGLSA-N,CNC(=O)Oc1ccc2c(c1)[C@]1(C)CCN[C@@H]1N2C,7.658025
277,SUYCPJVAABOKNP-UNMCSNQZSA-N,CNC(=O)Oc1ccc2c(c1)[C@]1(C)CCN(CCc3ccccc3)[C@@H]1N2C,6.740745
279,FYXWOKCKADGGGY-CTNGQTDRSA-N,COc1ccc(NC(=O)Oc2ccc3c(c2)[C@]2(C)CCN(C)[C@@H]2N3C)cc1,6.5471
281,VSPVCSDDENDBFH-IRLDBZIGSA-N,CCCCCCCCNC(=O)Oc1ccc2c(c1)[C@]1(C)CCN(C)[C@@H]1N2C,7.809895
286,GVJXSDRIRBRKBI-FPOVZHCZSA-N,CNC(=O)Oc1ccc2c(c1)[C@]1(C)CCN(Cc3ccccc3)[C@@H]1N2C,6.48149
288,AKAKQLGKPNQEPO-RDJZCZTQSA-N,C=CCN1CC[C@@]2(C)c3cc(OC(=O)NC)ccc3N(C)[C@@H]12,7.42082
292,IUHMWLMDASQDJQ-ZBFHGGJFSA-N,CN(C)C(=O)Oc1ccc2c(c1)[C@]1(C)CCN(C)[C@@H]1N2C,6.59321
294,PBHFNBQPZCRWQP-QUCCMNQESA-N,CN1CC[C@@]2(C)c3cc(OC(=O)Nc4ccccc4)ccc3N(C)[C@@H]12,7.61979
300,ACFCLLGSDFAVEQ-CLVAPQHMSA-N,O=C1/C(=C/c2cc[nH]c2)CN(Cc2ccccc2)C/C1=C\c1cc[nH]c1,5.22185
304,MYHFJXQJXDZOAD-UHFFFAOYSA-N,CN1CCC(C2Cc3ccccc3C2=O)CC1,5.48149
305,HTZSGCWCLYKYAG-UHFFFAOYSA-N,CN1CCC(CCCC2Cc3ccccc3C2=O)CC1,8.82391
306,AICOROYUBQVFMY-WOJGMQOQSA-N,COc1ccc2[nH]cc(/C=C3\CN(Cc4ccccc4)CCC3=O)c2c1,5.22185
310,SEXWEUPATCACQF-UHFFFAOYSA-N,CN1CCN(CC2Cc3ccccc3C2=O)CC1,7.02687
313,ZJGIOIRWZBZLEU-UHFFFAOYSA-N,CC1CCN(Cc2cccc3ccccc23)CC1,6.65758
314,BPVUQMXHSAOCEZ-CQSZACIVSA-N,CN1CCC(C[C@@H]2Cc3ccccc3C2=O)CC1,8.27572
315,LHRNGCMLMUPFHM-UHFFFAOYSA-N,CN1CCC(CC2=Cc3ccccc3C2)CC1,5.35655
316,OMPBSOCJDMTCKX-FRKPEAEDSA-N,CN1CCC(CC/C=C2\Cc3ccccc3C2=O)CC1,9.08619
317,PWZKIZAHIAGUMK-UHFFFAOYSA-N,CC1CCN(Cc2ccccc2)CC1,8.27572
320,BAXKIBHBAJDALN-UHFFFAOYSA-N,CC1CCN(C(=O)c2ccccc2)CC1,5.0
322,KMRNXXRTDCMBEZ-PSRLSNJGSA-N,CN1CCC(/C=C/C=C2\Cc3ccccc3C2=O)CC1,8.52288
323,ZUBDLZIJXZLHIZ-UHFFFAOYSA-N,CC1CCN(Cc2ccccc2[N+](=O)[O-])CC1,6.79588
325,YNIWJICOZIEUOZ-UHFFFAOYSA-N,Cc1ccccc1CN1CCC(C)CC1,8.0
326,BKRYAPWEMVBTBQ-UHFFFAOYSA-N,CC1CCN(CC2CCCCC2)CC1,8.05061
327,FBFCEJZVMXVAGL-UHFFFAOYSA-N,CC1CCN(CC2Cc3ccccc3C2=O)CC1,6.31876
328,HRWOMUZLXQICPU-UHFFFAOYSA-N,CC1CCN(CCc2ccccc2)CC1,6.74473
329,BPVUQMXHSAOCEZ-AWEZNQCLSA-N,CN1CCC(C[C@H]2Cc3ccccc3C2=O)CC1,8.11351
331,ZPMXWGBWYLLQKG-LDADJPATSA-N,O=C1CCN(Cc2ccccc2)C/C1=C\c1c[nH]c2ccccc12,5.09691
332,FIPWUGMAEWWECL-UHFFFAOYSA-N,CN1CCC(=C2Cc3ccccc3C2=O)CC1,5.92082
333,MIHMYFUMLOHLIM-UHFFFAOYSA-N,CC1CCN(Cc2ccc3ccccc3c2)CC1,5.5376
334,QAHOXZJCERSFGV-UHFFFAOYSA-N,CN1CCC(CCN2C(=O)c3ccccc3C2=O)CC1,9.04576
335,XGOMQTZAPRJNJX-UHFFFAOYSA-N,CN1CCC(CCC2C(=O)Nc3ccccc3C2=O)CC1,8.37675
336,KABALLAVIAZSJI-GXDHUFHOSA-N,CN1CCC(/C=C2\Cc3ccccc3C2=O)CC1,8.07572
338,BTKLXNPLNYFENL-MHWRWJLKSA-N,O=C1CCN(Cc2ccccc2)C/C1=C\c1cc[nH]c1,5.22185
341,SQNCNIUGPOSVQF-UHFFFAOYSA-N,CN(CCCCCNc1ccc(-c2ccccc2)nn1)Cc1ccccc1,6.081145
342,HSSFUESYZZQIIN-CTNGQTDRSA-N,Cc1ccc(NC(=O)Oc2ccc3c(c2)[C@]2(C)CCN(C)[C@@H]2N3C)cc1,6.85387
344,GYPZKPCPQHCARI-VWNXMTODSA-N,CCc1cccc(CC)c1NC(=O)Oc1ccc2c(c1)[C@]1(C)CCN(C)[C@@H]1N2C,5.99253
346,LZCXRMUTKSVDOD-GGAORHGYSA-N,CC(C)c1ccccc1NC(=O)Oc1ccc2c(c1)[C@]1(C)CCN(C)[C@@H]1N2C,7.82391
347,SKPQWJYRAXPOCN-IRLDBZIGSA-N,Cc1cccc(C)c1NC(=O)Oc1ccc2c(c1)[C@]1(C)CCN(C)[C@@H]1N2C,6.10513
352,NRKKZJALIFDZIJ-IRLDBZIGSA-N,CCc1ccccc1NC(=O)Oc1ccc2c(c1)[C@]1(C)CCN(C)[C@@H]1N2C,8.0
355,MMFNDUBHUKJLAW-IRLDBZIGSA-N,Cc1cc(C)cc(NC(=O)Oc2ccc3c(c2)[C@]2(C)CCN(C)[C@@H]2N3C)c1,7.10791
356,ZNARRZNSRNXCPB-ZHACJKMWSA-N,C(=C\C1CCN(Cc2ccccc2)CC1)/c1noc2ccccc12,6.67801
363,PQDJUEVCRHUXJT-CTNGQTDRSA-N,Cc1cccc(NC(=O)Oc2ccc3c(c2)[C@]2(C)CCN(C)[C@@H]2N3C)c1,7.55284
365,UHTNKHARCXSTEU-IRLDBZIGSA-N,Cc1cccc(NC(=O)Oc2ccc3c(c2)[C@]2(C)CCN(C)[C@@H]2N3C)c1C,7.63827
366,JETPGMSWLKMQAI-CTNGQTDRSA-N,CN(C(=O)Oc1ccc2c(c1)[C@]1(C)CCN(C)[C@@H]1N2C)c1ccccc1,6.353155
369,CVZBWJAXPTZWBP-IRLDBZIGSA-N,Cc1ccc(C)c(NC(=O)Oc2ccc3c(c2)[C@]2(C)CCN(C)[C@@H]2N3C)c1,7.58503
373,RQHQYLYBYIHRCT-IRLDBZIGSA-N,Cc1ccc(NC(=O)Oc2ccc3c(c2)[C@]2(C)CCN(C)[C@@H]2N3C)c(C)c1,7.85387
374,HBELXDSVRMNXTN-GGAORHGYSA-N,Cc1cc(C)c(NC(=O)Oc2ccc3c(c2)[C@]2(C)CCN(C)[C@@H]2N3C)c(C)c1,5.88606
376,ZNMNCVVGCVWVBQ-IRLDBZIGSA-N,Cc1ccc(NC(=O)Oc2ccc3c(c2)[C@]2(C)CCN(C)[C@@H]2N3C)cc1C,7.50864
379,XXRVJIACNHMGJG-CTNGQTDRSA-N,Cc1cc2c(cc1OC(=O)Nc1ccccc1)[C@]1(C)CCN(C)[C@@H]1N2C,6.58503
380,CBXFNMRCSJBKBI-GGAORHGYSA-N,CN(C)Cc1cc2c(cc1OC(=O)Nc1ccccc1)[C@]1(C)CCN(C)[C@@H]1N2C,5.85487
382,NKJRRVBTMYRXRB-GGAORHGYSA-N,CC(C)c1ccc(NC(=O)Oc2ccc3c(c2)[C@]2(C)CCN(C)[C@@H]2N3C)cc1,6.5389
384,JGAGHIIOCADQOV-CTNGQTDRSA-N,Cc1ccccc1NC(=O)Oc1ccc2c(c1)[C@]1(C)CCN(C)[C@@H]1N2C,8.0
390,PHORSJQGLQBIOY-UHFFFAOYSA-N,c1ccc(CN2CCC(CCNc3ccc(-c4ccccc4)nn3)CC2)cc1,6.887345
392,UBWZQILFMCCHFE-CTNGQTDRSA-N,CCCCCCNC(=O)Oc1ccc2c(c1)[C@]1(C)CCN(CC)[C@@H]1C2,7.522880000000001
393,UBWZQILFMCCHFE-PZJWPPBQSA-N,CCCCCCNC(=O)Oc1ccc2c(c1)[C@@]1(C)CCN(CC)[C@H]1C2,6.63264
394,CWDMLSUBWFNYMH-DAFXYXGESA-N,CCCCNC(=O)Oc1ccc2c(c1)[C@]1(C)CCN(C)C1N2C,6.81816
397,YFILXGYPMFAIER-AKRCKQFNSA-N,CN(C(=O)NCc1ccccc1)C(=O)Oc1ccc2c(c1)[C@]1(C)CCN(C)C1N2C,5.20066
399,TZWAHCVRZYUKJR-QWAKEFERSA-N,CN1CC[C@@]2(C)c3cc(OC(=O)NCc4ccccc4)ccc3N(C)C12,6.33724
400,HJQWOPNMCWHTII-OIBOYYEISA-N,CNC(=O)Oc1ccc2c(c1)[C@]1(C)CC[N+](C)(C)C1N2C.COS(=O)(=O)[O-],7.46852
402,FAEIGAUSWCZPCA-IJHRGXPZSA-N,CN1CC[C@@]2(C)c3cc(OC(=O)Nc4ccc(Cl)cc4)ccc3N(C)C12,5.74473
403,PBHFNBQPZCRWQP-IJHRGXPZSA-N,CN1CC[C@@]2(C)c3cc(OC(=O)Nc4ccccc4)ccc3N(C)C12,7.61979
404,IUHMWLMDASQDJQ-WMCAAGNKSA-N,CN(C)C(=O)Oc1ccc2c(c1)[C@]1(C)CCN(C)C1N2C,6.01323
407,VSPVCSDDENDBFH-IAXKEJLGSA-N,CCCCCCCCNC(=O)Oc1ccc2c(c1)[C@]1(C)CCN(C)C1N2C,6.95861
408,ZAEXMNKDGJNLTA-UHFFFAOYSA-N,C=CC[N+](C)(C)c1ccc(CCC(=O)CCc2ccc([N+](C)(C)CC=C)cc2)cc1,7.74473
409,FYXWOKCKADGGGY-QWAKEFERSA-N,COc1ccc(NC(=O)Oc2ccc3c(c2)[C@]2(C)CCN(C)C2N3C)cc1,5.76955
410,XRFFIVNZOJUHBC-UHFFFAOYSA-N,CNC(=O)Oc1cccc(CN(C)CCCCCCCCCOc2ccc3c(=O)c4ccccc4oc3c2)c1,7.93181
411,GUFZMXQAUJGGTP-UHFFFAOYSA-N,CNC(=O)Oc1ccc2c(c1)CN(CCCOc1ccc3c(=O)c4ccccc4oc3c1)CC2,7.90658
412,YITSBGUNCGEFBD-UHFFFAOYSA-N,CN(CCCOc1ccc2c(=O)c3ccccc3oc2c1)Cc1cccc(OC(=O)NCCCCCCCCN2CCOCC2)c1,7.56225
413,DNSUFPJFKSCBRT-UHFFFAOYSA-N,CNC(=O)Oc1cccc(CN(C)CCCOc2ccc3c(=O)c4ccccc4oc3c2)c1,9.52288
414,NWPIUZHAZCZQMX-UHFFFAOYSA-N,CNC(=O)Oc1cccc(CN(C)CCCOc2ccc(C(=O)c3ccccc3)cc2)c1,8.26761
415,ZCJVEAQKQPJJOE-UHFFFAOYSA-N,CNC(=O)Oc1cccc(CN(C)CCCCCCOc2ccc3c(=O)c4ccccc4oc3c2)c1,8.85387
416,HWJZJOWEFUMSJX-UHFFFAOYSA-N,CNC(=O)Oc1cccc(CN(C)CCCOc2ccc3ccccc3c2)c1,7.08302
417,GJGXTGDTRQMKRF-UHFFFAOYSA-N,CN(CCCOc1ccc2c(=O)c3ccccc3oc2c1)Cc1cccc(OC(=O)NCCCCCCCCCN2CCOCC2)c1,7.79187
418,SUHPILVZBHLWBS-UHFFFAOYSA-N,CNC(=O)Oc1cccc(CN(C)CCCCCCCCOc2ccc3c(=O)c4ccccc4oc3c2)c1,8.16749
419,HZBWHMWKDXVMMX-UHFFFAOYSA-N,CN(CCCOc1ccc2c(=O)c3ccccc3oc2c1)Cc1cccc(OC(=O)NCCCCCCN2CCOCC2)c1,7.67572
421,XRABKTHZTSLCHJ-UHFFFAOYSA-N,CNC(=O)Oc1cccc(CN(C)CCCOc2cccc(Cc3ccccc3)c2)c1,7.6073
422,QKVHGMOFMMASRA-UHFFFAOYSA-N,CNC(=O)Oc1cccc(CN(C)CCCCCCCOc2ccc3c(=O)c4ccccc4oc3c2)c1,7.28735
423,RCYBYSAMEBZDEK-UHFFFAOYSA-N,CNC(=O)Oc1cccc(CN(C)CCCOc2ccc(-c3ccccc3)cc2)c1,7.26281
424,NSHKRWLPXPEHTJ-UHFFFAOYSA-N,CN(CCCOc1ccc2c(=O)c3ccccc3oc2c1)Cc1cccc(OC(=O)NCCCCCCCN2CCOCC2)c1,7.5817
425,WHEABQVTGKWYIA-UHFFFAOYSA-N,CNC(=O)Oc1cccc(CN(C)CCCOc2ccccc2)c1,7.09909
426,ZMBXOOLDCNMQRK-UHFFFAOYSA-N,CNC(=O)Oc1cccc(CN(C)CC#CCOc2ccc3c(=O)c4ccccc4oc3c2)c1,6.67778
427,SKHRLUFWHGAOII-UHFFFAOYSA-N,CNC(=O)Oc1cccc(CN(C)CCCCCCCCCCOc2ccc3c(=O)c4ccccc4oc3c2)c1,7.66154
429,AGMUUBYEBVEYGU-NNBQYGFHSA-N,CN1CC[C@@]2(C)c3cc(OC(=O)Nc4ccccc4)ccc3NC12,7.38934
430,BLIZSWJUMPREPD-WUJWULDRSA-N,CNC(=O)Oc1ccc2c(c1)[C@]1(C)CCN(C)C1N2C=O,6.41173
431,XFHXQJANHQMYQR-UHFFFAOYSA-N,CCN(CCCCCC(=O)N(C)CCCCCCCCN(C)C(=O)CCCCCN(CC)Cc1ccccc1C)Cc1ccccc1C,7.25003
432,BEWOOQVZCJXCHR-UHFFFAOYSA-N,CC[N+](C)(CCCCCC(=O)N(C)CCCCCCCCN(C)C(=O)CCCCC[N+](C)(CC)Cc1ccccc1Cl)Cc1ccccc1Cl,7.70997
433,ZWGYIQCSZDFZQV-UHFFFAOYSA-N,CC[N+](C)(CCCCCC(=O)N(CCCCCCCCN(C(=O)CCCCC[N+](C)(CC)Cc1ccccc1OC)C(C)C)C(C)C)Cc1ccccc1OC,8.09002
434,UUQLGETXWSEMFB-JKGBFCRXSA-N,CN1CC[C@@]2(C)c3cc(OC(=O)Nc4ccccc4)ccc3N(Cc3ccccc3)C12,6.6103
435,LHOGDRUXAOULLD-UHFFFAOYSA-N,COc1ccc(CN(C)CCCCCC(=O)N(C)CCCCCCCCN(C)C(=O)CCCCCN(C)Cc2ccc(OC)cc2)cc1,5.24
437,MFSFKJAYNZMHEN-VGAJERRHSA-N,CNC(=O)Oc1ccc2c(c1)[C@@]1(C)CCN(C)C1N2Cc1ccccc1,5.54554
439,DSJSKPAKOSGGPL-UHFFFAOYSA-N,CCN(CCCCCC(=O)N(CCCCCCCCN(C(=O)CCCCCN(CC)Cc1ccccc1OC)C(C)C)C(C)C)Cc1ccccc1OC,7.73993
440,NDAKSRSNKJZZLT-UHFFFAOYSA-N,CC[N+](C)(CCCCCC(=O)N(C)CCCCCCCCN(C)C(=O)CCCCC[N+](C)(CC)Cc1ccccc1[N+](=O)[O-])Cc1ccccc1[N+](=O)[O-],7.90503
444,HCMYZQSCTADARC-UHFFFAOYSA-N,COc1ccccc1CN(CCCCCC(=O)N(C)CCCCCCCCN(C)C(=O)CCCCCN(Cc1ccccc1OC)C(C)C)C(C)C,7.14002
446,MFSFKJAYNZMHEN-QWAKEFERSA-N,CNC(=O)Oc1ccc2c(c1)[C@]1(C)CCN(C)C1N2Cc1ccccc1,6.79371
447,ZOHUWMTXULYLTQ-UHFFFAOYSA-N,COc1cccc(CN(C)CCCCCC(=O)N(C)CCCCCCCCN(C)C(=O)CCCCCN(C)Cc2cccc(OC)c2)c1,6.17
448,KHBDHGUQOPEDSD-UHFFFAOYSA-N,CC[N+](C)(CCCCCC(=O)N(C)CCCCCCCCN(C)C(=O)CCCCC[N+](C)(CC)Cc1ccccc1C(F)(F)F)Cc1ccccc1C(F)(F)F,7.92996
449,HWVIRUSPVVRQOV-UHFFFAOYSA-N,CCN(CCCCCC(=O)N(C)CCCCCCCCN(C)C(=O)CCCCCN(CC)Cc1ccccc1[N+](=O)[O-])Cc1ccccc1[N+](=O)[O-],6.600009999999999
454,CIZMEDUDJZCVBY-UHFFFAOYSA-N,CC[N+](C)(CCCCCC(=O)N(C)CCCCCCCCN(C)C(=O)CCCCC[N+](C)(CC)Cc1ccccc1)Cc1ccccc1,7.43004
455,LXMBFDTVWSEIPZ-UHFFFAOYSA-N,CCCOc1ccccc1C[N+](C)(CC)CCCCCC(=O)N(C)CCCCCCCCN(C)C(=O)CCCCC[N+](C)(CC)Cc1ccccc1OCCC,7.75995
456,DZYFZMCXVUMBKW-UHFFFAOYSA-N,CC[N+](C)(CCCCCC(=O)N(C)CCCCCCCCN(C)C(=O)CCCCC[N+](C)(CC)Cc1ccccc1C)Cc1ccccc1C,7.77989
458,ICLMGHKDENGQSK-UHFFFAOYSA-N,CCCOc1ccccc1CN(CC)CCCCCC(=O)N(C)CCCCCCCCN(C)C(=O)CCCCCN(CC)Cc1ccccc1OCCC,7.47006
459,PBHFNBQPZCRWQP-ROPPNANJSA-N,CN1CC[C@]2(C)c3cc(OC(=O)Nc4ccccc4)ccc3N(C)C12,5.45587
460,PIJVFDBKTWXHHD-AWKYBWMHSA-N,CNC(=O)Oc1ccc2c(c1)[C@@]1(C)CCN(C)C1N2C,5.00494
461,RNBMJTUDVDLVNT-IJHRGXPZSA-N,CN1CC[C@@]2(C)c3cc(OC(=O)Nc4ccccc4)ccc3N(C=O)C12,6.10768
462,SUIVMEYWDVGNPD-UHFFFAOYSA-N,CCN(CCCCCC(=O)N(C)CCCCCCCCN(C)C(=O)CCCCCN(CC)Cc1ccccc1C(F)(F)F)Cc1ccccc1C(F)(F)F,5.34
463,VJXLWYGKZGTXAF-UHFFFAOYSA-N,CCN(CCCCCC(=O)N(C)CCCCCCCCN(C)C(=O)CCCCCN(CC)Cc1ccccc1OC)Cc1ccccc1OC,7.73002
467,IQTNXMOPVSCWJR-UHFFFAOYSA-N,CCN(CCCCCCOCCCCCCCCOCCCCCCN(CC)Cc1ccccc1OC)Cc1ccccc1OC,6.69001
469,YMEPZNZXGFFWKB-UHFFFAOYSA-N,CCN(CCCCCC(=O)N(C)CCCCCCCCN(C)C(=O)CCCCCN(CC)Cc1ccccc1)Cc1ccccc1,7.30998
470,GPONHWSDHNCYFZ-TYZXPVIJSA-N,CNC(=O)Oc1ccc2c(c1)[C@@]1(C)CCN(C)C1N2,5.65886
471,CFHDUYWCOGVCCF-UHFFFAOYSA-N,CCN(CCCCCC(=O)N(C)CCCCCCCCN(C)C(=O)CCCCCN(CC)Cc1ccccc1Cl)Cc1ccccc1Cl,6.95001
472,AZORUJDKIYXDQJ-UHFFFAOYSA-N,CC[N+](C)(CCCCCCOCCCCCCCCOCCCCCC[N+](C)(CC)Cc1ccccc1OC)Cc1ccccc1OC,7.11003
474,VTTZSIFCKKPQTK-UHFFFAOYSA-N,CC[N+](C)(CCCCCC(=O)N(C)CCCCCCCCN(C)C(=O)CCCCC[N+](C)(CC)Cc1ccccc1OC)Cc1ccccc1OC,7.940144999999999
478,GPONHWSDHNCYFZ-PYMCNQPYSA-N,CNC(=O)Oc1ccc2c(c1)[C@]1(C)CCN(C)C1N2,7.24642
479,AGMUUBYEBVEYGU-WHCXFUJUSA-N,CN1CC[C@]2(C)c3cc(OC(=O)Nc4ccccc4)ccc3NC12,5.24761
480,WEQZCSNAHHSINY-UHFFFAOYSA-N,Nc1c2c(nc3cc(Cl)ccc13)-c1ccccc1C2,5.18
482,XUHVEOJQELBGLL-UHFFFAOYSA-N,CCCCCCCNc1c2c(nc3cc(Cl)ccc13)CCCC2,7.88307
485,GBRYDMXCJVBJHH-UHFFFAOYSA-N,CN1C(=O)Cc2cc3c(CCC4CCN(Cc5ccccc5)CC4)noc3cc21,9.319395
486,XCCWBTOIDNKQAT-UHFFFAOYSA-N,COc1ccc2c(c1)-c1nc3ccccc3c(N)c1C2,5.37
487,XUQPWMFRKQMTJR-HZMBPMFUSA-O,CNC(=O)Oc1ccc2c(c1)OC[C@@H]1CC[N+](C)(C)[C@H]21,5.74
488,ZZKQNBNYCRCFCW-UHFFFAOYSA-N,Cc1ccc2nc3c(c(N)c2c1)CCCC3,5.090755
490,KZBQUUNPSWNEND-UHFFFAOYSA-N,COc1cc2nc3c(c(N)c2cc1OC)CCCC3,5.287
493,AJQFTXAZPPOZGU-UHFFFAOYSA-N,Nc1c2c(nc3ccc([N+](=O)[O-])cc13)CCCC2,5.52144
495,LQFCZURJKDQWHF-UHFFFAOYSA-N,Nc1ccc2nc3c(c(N)c2c1)Cc1ccccc1-3,5.23
496,CMOBEQAOWOZHMH-UHFFFAOYSA-N,CCCCCCCNc1c2c(nc3cc(F)ccc13)CCCC2,7.34339
499,MTCMTKNMZCPKLX-UHFFFAOYSA-N,O=C1Cc2cc3c(CCC4CCN(Cc5ccccc5)CC4)noc3cc2N1,9.48149
501,XEAIOWJVFCHDRX-UHFFFAOYSA-N,Cc1ccc2c(N)c3c(nc2c1)CCCC3,7.0
503,KQKYQZVPBJYHCD-UHFFFAOYSA-N,CCCCCCCNc1c2c(nc3cc(C)ccc13)CCCC2,6.88804
505,SGQCQXFGSNJUNF-UHFFFAOYSA-N,CCCCCCCNc1c2c(nc3cc([N+](=O)[O-])ccc13)CCCC2,6.5338
507,UKFCIGJAJAIROZ-CABZTGNLSA-N,CNC(=O)Oc1cccc2c1OC[C@@H]1CCN(C)[C@H]21,7.53003
511,ICVJPRLSCKHIAR-UHFFFAOYSA-N,Nc1c2c(nc3ccccc13)-c1ccc(F)cc1C2,6.36
512,DKTDGXIXEAVNKX-UHFFFAOYSA-N,CCCCCCCNc1c2c(nc3ccc(C)cc13)CCCC2,6.409465
515,FNHNBWWIASUEQH-HVWQDESWSA-N,COc1ccc(-c2cc3c(c(=O)o2)C[C@]2(O)[C@@]4(C)C(=O)C=CC(C)(C)[C@]4(O)CC[C@@]2(C)O3)cc1,7.58503
519,OEDAMXCGASJANJ-UHFFFAOYSA-N,CC(=O)Nc1ccc2c(CCC3CCN(Cc4ccccc4)CC3)noc2c1,8.55284
520,QBTINTSOUQAAND-UHFFFAOYSA-N,Cc1ccc2nc3c(c(NCc4ccccc4)c2c1)CCCC3,5.430899999999999
522,GDDBSWQWOFNCSG-UHFFFAOYSA-N,O=C1Cc2cc3onc(CCC4CCN(Cc5ccccc5)CC4)c3cc2N1,9.02228
523,ZVNZKFGWNIWFMC-UHFFFAOYSA-N,Cc1ccc2c(c1)-c1nc3ccccc3c(N)c1C2,5.34
524,GCTSJRRFEWSVAJ-UHFFFAOYSA-N,COc1ccc2c(N)c3c(nc2c1)CCCC3,6.452965000000001
526,JNAALEZZYYJZPB-FMWQYVROSA-N,O=C(CCCCCCC(=O)NCCCCCCN1CC[C@H]2COc3ccccc3[C@H]21)NCCCCCCN1CC[C@H]2COc3ccccc3[C@H]21,5.01
527,UQBAAIYCOXDDQQ-UHFFFAOYSA-N,O=C1CCc2cc3c(CCC4CCN(Cc5ccccc5)CC4)noc3cc2N1,9.24413
529,DKKGRNTXCNVFPV-UHFFFAOYSA-N,Cc1cccc2c1Cc1c-2nc2ccccc2c1N,5.41
531,MIHBCQWIBJDVPX-JUDWXZBOSA-N,COc1ccc(-c2cc3c(c(=O)o2)C[C@]2(O)[C@@]4(C)C(=O)C=CC(C)(C)[C@]4(O)CC[C@@]2(C)O3)cc1OC,9.0
532,PBXNNDFKPQPJBB-VJLHXPKFSA-N,COc1cc(-c2cc3c(c(=O)o2)C[C@]2(O)[C@@]4(C)C(=O)C=CC(C)(C)[C@]4(O)CC[C@@]2(C)O3)cc(OC)c1OC,8.11919
533,OICRNZHKHYSUOP-UHFFFAOYSA-N,O=C1Cc2c(ccc3c(CCC4CCN(Cc5ccccc5)CC4)noc23)N1,8.4437
534,FXFGIRKFQZPTMA-UHFFFAOYSA-N,Nc1c2c(nc3cc(F)ccc13)CCCC2,7.060230000000001
538,QJJKZOSVUGJCLY-UHFFFAOYSA-N,Nc1ccc2nc3c(c(N)c2c1)CCCC3,5.420109999999999
540,LNGUQVVMEJQZNE-UHFFFAOYSA-N,COc1ccc2c(c1)Cc1c-2nc2ccccc2c1N,5.19
541,MLEHSJMTNRGDES-UHFFFAOYSA-N,Nc1c2c(nc3cc([N+](=O)[O-])ccc13)CCCC2,7.55145
544,MNWULZIBRBDECY-ZANVPECISA-N,CNC(=O)Oc1ccc2c(c1)OC[C@@H]1CCN(C)[C@H]21,6.61644
545,ACXPJPLICQQAOX-XJJMBZDKSA-N,C[C@]12CC[C@H](O)[C@@](C)(CO)C1C[C@H](O)[C@@]1(C)Oc3cc(-c4ccncc4)oc(=O)c3C(=O)C21,5.10237
548,UOXICDLLJJDAID-UHFFFAOYSA-N,COc1cccc2c1Cc1c-2nc2ccccc2c1N,5.78
549,JLHFZCNZUUJGRC-UHFFFAOYSA-N,CCCCCCCNc1c2c(nc3cc(OC)ccc13)CCCC2,6.33362
553,LMHYFQXFWSKTJP-UHFFFAOYSA-N,Nc1c2c(nc3cc(Br)ccc13)CCCC2,7.18046
555,OIKUMDYZSYYSDY-UHFFFAOYSA-N,Nc1c2c(nc3ccccc13)-c1ccc(Cl)cc1C2,5.27
556,YJGBKRNWMAQSOS-UHFFFAOYSA-N,Clc1ccc2c(NCc3ccccc3)c3c(nc2c1)CCCC3,6.76978
558,ZUCMSNAIYTWNMO-UHFFFAOYSA-N,Nc1c2c(nc3cc(F)ccc13)-c1ccccc1C2,5.92
559,VZEYMLANIVXUNX-UHFFFAOYSA-N,Nc1c2c(nc3cc(Cl)c(Cl)cc13)CCCC2,6.32395
561,SIWYMMBMGFYGRC-UHFFFAOYSA-N,O=[N+]([O-])c1ccc2nc3c(c(NCc4ccccc4)c2c1)CCCC3,5.7979400000000005
564,XJLXDYCGXFZHLY-UHFFFAOYSA-N,Cc1ccc2c(NCc3ccccc3)c3c(nc2c1)CCCC3,6.12747
566,HNEVTMFUIZLDMG-UHFFFAOYSA-N,O=[N+]([O-])c1ccc2c(NCc3ccccc3)c3c(nc2c1)CCCC3,5.319380000000001
580,ASUTZQLVASHGKV-JDFRZJQESA-N,COc1ccc2c3c1O[C@H]1C[C@@H](O)C=C[C@@]31CCN(C)C2,5.782715
583,VRSUPYLJJFTWLE-UHFFFAOYSA-O,C#CCCCC[n+]1ccn(C)c1/C=N/O,5.07058
584,HZOTZTANVBDFOF-PBCQUBLHSA-N,CNC(=O)Oc1ccc2c(c1)[C@]1(C)CCN(C)[C@@H]1N2C.O=C(O)c1ccccc1O,7.55284
592,XSVMFMHYUFZWBK-NSHDSACASA-N,CCN(C)C(=O)Oc1cccc([C@H](C)N(C)C)c1,5.64054
596,UIQTWEXHPAOUGM-FPOVZHCZSA-N,Cc1ccccc1NC(=O)Oc1ccc2c(c1)[C@]1(C)CCN(C)O[C@@H]1N2C,6.75696
598,JXQBQPRGXRDSBS-UHFFFAOYSA-O,C#CCC(C)OC[n+]1ccn(C)c1/C=N/O,5.05948
600,CNBHDDBNEKKMJH-ZFWWWQNUSA-N,CNC(=O)Oc1ccc2c(c1)[C@]1(C)CCN(C)O[C@@H]1N2C,6.82391
601,GHYFEILIYSGWHS-ZCVJKFOLSA-N,Cc1ccccc1NC(=O)Oc1ccc2c(c1)[C@]1(C)CC[N@@+](C)([O-])[C@@H]1N2C,6.74473
603,MVHRCJQCKYPDRL-UWDQQESISA-N,CCc1ccccc1NC(=O)Oc1ccc2c(c1)[C@]1(C)CC[N@@+](C)([O-])[C@@H]1N2C,6.90309
605,CWTQKLHIHKZUQO-DHSIGJKJSA-N,CNC(=O)Oc1ccc2c(c1)[C@]1(C)CC[N@@+](C)([O-])[C@@H]1N2C,7.0
606,CECHKRCXXNPVOX-UHFFFAOYSA-O,C#CC(CC)OC[n+]1ccn(C)c1/C=N/O,5.10735
608,WXAQWLKLTGJRKY-UHFFFAOYSA-O,C#CCC(CCC)OC[n+]1ccn(C)c1/C=N/O,5.28316
611,ZOBDWFRKFSPCRB-UNMCSNQZSA-N,CCc1ccccc1NC(=O)Oc1ccc2c(c1)[C@]1(C)CCN(C)O[C@@H]1N2C,7.18709
614,IHKTVXKNZKFQCW-UHFFFAOYSA-O,C#CC(CCC)OC[n+]1ccn(C)c1/C=N/O,5.08249
618,JMNTUMBNMVKSOA-ICSRJNTNSA-N,CN1CC[C@@]2(C)c3cc(OC(=O)Nc4ccccc4)ccc3N(C)[C@H]2O1,6.88606
620,PYNCZOMCQLYABK-GREBRCKQSA-N,CN1c2ccc(OC(=O)Nc3ccccc3)cc2[C@]2(C)CC[N@@+](C)([O-])[C@H]12,6.69897
621,NCERWLVJTKFIHR-UHFFFAOYSA-N,Cc1cc2onc(CCC3CCN(Cc4ccccc4)CC3)c2cc1C,8.23657
623,PEZZRWUONLGRDN-UHFFFAOYSA-N,c1ccc(CN2CCC(CCc3noc4ccccc34)CC2)cc1,6.96871
624,LYTYXHJYOPFOCO-UHFFFAOYSA-N,COc1cccc2c(CCC3CCN(Cc4ccccc4)CC3)noc12,8.14874
625,JCWFCWIJNXZDKN-UHFFFAOYSA-N,c1ccc(CN2CCC(CCc3noc4cc(N5CCOCC5)ccc34)CC2)cc1,9.09691
627,RRYREXCAJLJMCL-UHFFFAOYSA-N,O=S(=O)(Nc1ccc2c(CCC3CCN(Cc4ccccc4)CC3)noc2c1)c1ccccc1,7.85387
628,NPZKLBFCTYVTBS-UHFFFAOYSA-N,c1ccc(CN2CCC(CCc3n[nH]c4ccccc34)CC2)cc1,6.92082
629,WZVZDMSPGXVHOP-UHFFFAOYSA-N,Cc1ccc2onc(CCC3CCN(Cc4ccccc4)CC3)c2c1,8.10791
630,VFDQMJCSKFAKRY-UHFFFAOYSA-N,COc1ccc2c(CCC3CCN(Cc4ccccc4)CC3)noc2c1,8.06822
631,ZNARRZNSRNXCPB-KHPPLWFESA-N,C(=C/C1CCN(Cc2ccccc2)CC1)/c1noc2ccccc12,6.67778
633,ZJCILDCILOKWCX-UHFFFAOYSA-N,c1ccc(CN2CCC(CCc3ncnc4ccccc34)CC2)cc1,6.46852
634,SVVHWFKGOPNOLR-UHFFFAOYSA-N,Brc1ccc2c(CCC3CCN(Cc4ccccc4)CC3)noc2c1,7.30103
635,QMQQOVGCVPEGSA-UHFFFAOYSA-N,c1ccc(CN2CCC(CCc3nsc4ccccc34)CC2)cc1,7.00436
636,WNFJUFWSHLTWLJ-UHFFFAOYSA-N,c1ccc(CN2CCC(CCCc3noc4ccccc34)CC2)cc1,7.04576
637,DZSDRGBLRNZFES-UHFFFAOYSA-N,c1ccc(CN2CCC(CCNc3noc4ccccc34)CC2)cc1,6.09151
638,OCXWMIZAVHITQO-UHFFFAOYSA-N,NC(=O)c1ccc2c(CCC3CCN(Cc4ccccc4)CC3)noc2c1,8.576215
639,XYBJWCKGZDRJOC-UHFFFAOYSA-N,c1ccc(CN2CCC(CCc3nccc4ccccc34)CC2)cc1,6.65758
640,PMVWXOVLDYBXSN-UHFFFAOYSA-N,c1ccc(CN2CCC(CNc3noc4ccccc34)CC2)cc1,6.49485
641,PPMPPMKWHZDSNI-UHFFFAOYSA-N,Oc1ccc2c(CCC3CCN(Cc4ccccc4)CC3)noc2c1,7.58503
642,LLOAJMWVAODKLQ-UHFFFAOYSA-N,Nc1ccc2c(CCC3CCN(Cc4ccccc4)CC3)noc2c1,7.69897
643,WNUCJMMTJRRQRG-UHFFFAOYSA-N,O=C(Nc1ccc2c(CCC3CCN(Cc4ccccc4)CC3)noc2c1)c1ccccc1,8.02687
644,XTRTWLAGVWOKQO-UHFFFAOYSA-N,N#Cc1ccc2c(CCC3CCN(Cc4ccccc4)CC3)noc2c1,6.99568
646,WLEKXXPTBPECMY-UHFFFAOYSA-N,COc1ccc2onc(CCC3CCN(Cc4ccccc4)CC3)c2c1,8.14267
647,OXCFQBATIXKIPU-UHFFFAOYSA-N,c1ccc(CN2CCC(COc3noc4ccccc34)CC2)cc1,5.58503
648,LZVMXWWPYZKCHX-LCOAMIHASA-N,CCCCCCNC(=O)Oc1ccc2c(c1)[C@]1(C)CCN(CCC)C1C2.Cc1ccc(C(=O)OC(C(=O)O)C(OC(=O)c2ccc(C)cc2)C(=O)O)cc1,7.20761
649,UBWZQILFMCCHFE-QWAKEFERSA-N,CCCCCCNC(=O)Oc1ccc2c(c1)[C@]1(C)CCN(CC)C1C2,7.34679
650,JOOGXPYATKQKBK-IAXKEJLGSA-N,CCCCCCCNC(=O)Oc1ccc2c(c1)[C@]1(C)CCN(CC)C1C2,7.23657
652,XAWCVUBHVCUDBZ-DAFXYXGESA-N,CCCNC(=O)Oc1ccc2c(c1)[C@]1(C)CCN(CC)C1C2,6.81248
653,AVAFJTWXTNBJNG-GPNIZQGCSA-N,CCCCCCCNC(=O)Oc1ccc2c(c1)[C@]1(C)CCN(Cc3ccccc3)C1C2,6.29585
655,CCLYHFAXRYLZDZ-ZQRQZVKFSA-N,CCCCCCCNC(=O)Oc1ccc2c(c1)[C@@H]1CCN(CCC)C1C2,6.20135
657,ZLFLUZOZKIPTJJ-IJHRGXPZSA-N,CCCCCCNC(=O)Oc1ccc2c(c1)[C@]1(C)CCN(C)C1C2,7.11351
658,MCAQWHWWQNEHOE-QWAKEFERSA-N,CCCCCCCNC(=O)Oc1ccc2c(c1)[C@]1(C)CCN(C)C1C2,6.9431
659,VONJUQXHNPNBDU-NFGFVTGESA-N,CCN1CC[C@@]2(C)c3cc(OC(=O)N[C@@H](C)c4ccccc4)ccc3CC12,5.87615
660,HYIYBWCTLLQRLQ-NBFOIZRFSA-N,CCN1CC[C@H]2c3cc(OC(=O)NC)ccc3CC21,6.59688
661,LKLDMKAWSUSARS-LROBGIAVSA-N,CCCCCCNC(=O)Oc1ccc2c(c1)[C@@H]1CCN(CCC)C1C2,6.27424
663,PVMNTYXKDFRXKP-IAXKEJLGSA-N,CCN1CC[C@@]2(C)c3cc(OC(=O)NCc4ccccc4)ccc3CC12,7.16115
664,JYMNJIDLAQUBDE-MYJWUSKBSA-N,CCCCNC(=O)Oc1ccc2c(c1)[C@@H]1CCN(CC)C1C2,5.96819
665,NNWAKPXOOYJLNL-LROBGIAVSA-N,CCCCCCCNC(=O)Oc1ccc2c(c1)[C@@H]1CCN(CC)C1C2,6.41908
667,TWWXDKNSBLIIEY-UHFFFAOYSA-N,CCCN1CCCC(c2cccc(OC(=O)NC(C)C)c2)C1,5.0
669,TXJSVDRPBGRIFY-QWAKEFERSA-N,CCN1CC[C@@]2(C)c3cc(OC(=O)Nc4ccccc4)ccc3CC12,6.75449
670,OEQMWEPWWKQKQL-NNBQYGFHSA-N,CCCCNC(=O)Oc1ccc2c(c1)[C@]1(C)CCN(CC)C1C2,7.04576
671,QSCQOXMIFSONAX-YANBTOMASA-N,CCCCCCCNC(=O)Oc1ccc2c(c1)[C@]1(C)CCN(CCC)C1C2,7.03152
673,XWDNADYVTFQMOY-KKFHFHRHSA-N,CCCCCCNC(=O)Oc1ccc2c(c1)[C@@H]1CCN(CC)C1C2,6.68194
674,VXTBWKBREFKYDA-WMCAAGNKSA-N,CCN1CC[C@@]2(C)c3cc(OC(=O)NC)ccc3CC12,7.42022
675,GFYHFMVUVHAJDW-LBAUFKAWSA-N,CCCNC(=O)Oc1ccc2c(c1)[C@@H]1CCN(CC)C1C2,5.65916
681,WGAVIJGEWZDOOU-UHFFFAOYSA-N,Nc1c2c(nc3ccccc13)CC(O)CC2,6.162635
683,PYCYYSWVRAEADT-UHFFFAOYSA-N,Nc1c2c(nc3ccccc13)CCC(O)C2,5.71572
685,BISIFJGUTDFVFR-UHFFFAOYSA-N,Nc1c2c(nc3ccccc13)C(O)CCC2,6.3027750000000005
687,FEKLICVONCXYRV-UHFFFAOYSA-N,COc1ccccc1CN1CCCCCCCCN(Cc2ccccc2OC)C(=O)CCCCCNCc2ccc(cc2)CNCCCCCC1=O,5.85
691,PWXAXJBDRWUOPZ-UHFFFAOYSA-N,COc1ccccc1CN1CCCCCCCCN(Cc2ccccc2OC)C(=O)CCCCCNCc2ccc(cc2)-c2ccc(cc2)CNCCCCCC1=O,5.47
695,KTURDSDPPQHUFH-UHFFFAOYSA-N,COc1ccccc1CN1CCCCCCCCN(Cc2ccccc2OC)C(=O)CCCCCNCc2cccc(c2)Cc2cccc(c2)CNCCCCCC1=O,5.21
699,CKKVAQWWMPPXLE-UHFFFAOYSA-N,CC(=O)Oc1ccc(C)c([N+](C)(C)C)c1,5.273
706,MNIMLCHZPSYBJD-UHFFFAOYSA-N,CCC(=O)Oc1cc([N+](C)(C)C)ccc1C,5.424
709,VUELVPNZILZURJ-UHFFFAOYSA-N,CC(=O)Oc1cc([N+](C)(C)C)ccc1C,6.181
713,IFZXCQPMQSSVKJ-UHFFFAOYSA-N,COc1cc2c(c(OC)c1)C(=O)C(C)C2,7.0101
718,VXKMGRRBRAIZKF-UHFFFAOYSA-N,COc1ccc2c(c1)C(=O)C(C)C2,6.75512
723,LTSJAOJBDFVFJN-UHFFFAOYSA-N,COc1cc2c(cc1OC(C)C)CC(C)C2=O,7.235099999999999
730,GYPMBQZAVBFUIZ-UHFFFAOYSA-N,COc1ccc(C)cc1OC,5.354900000000001
732,JSGBTKWCLLGUQI-UHFFFAOYSA-O,Cc1ccc(O)cc1[N+](C)(C)C,5.549
734,HVEHGQRVGLFZTA-WMCAAGNKSA-O,CNC(=O)Oc1ccc2c(c1)[C@]1(C)CC[N+](C)(C)C1N2C,7.526194999999999
735,VPOGYXOJCCWVRS-UHFFFAOYSA-O,CCCCCCCCOC[n+]1ccn(C)c1/C=N/O,5.02228
737,ZDCQKZOFWPDZHL-UHFFFAOYSA-N,Cc1cccc2c1CC(C)C2=O,7.285124999999999
740,AYARUBQRJJYGCJ-UHFFFAOYSA-P,Cn1cc[n+](COC[n+]2ccn(C)c2/C=N/O)c1/C=N/O,5.10791
746,KCIZTNZGSBSSRM-UHFFFAOYSA-N,COc1cc(C)cc(OC)c1OC,5.3099
749,LWTBLXRZFDITBS-UHFFFAOYSA-N,CCC(=O)Oc1cccc([N+](C)(C)C)c1,5.224
757,CHLICZRVGGXEOD-UHFFFAOYSA-N,COc1ccc(C)cc1,5.3749
761,ZSOHEKFEVDPZKH-UHFFFAOYSA-N,CC1Cc2cc3c(cc2C1=O)OCO3,7.030094999999999
763,BEKNOGMQVKBMQN-UHFFFAOYSA-N,CC1Cc2ccccc2C1=O,6.625109999999999
772,MWXYUIGGCLHWEP-UHFFFAOYSA-N,COc1cccc2c1CC(C)C2=O,7.170159999999999
774,UCMACRIRPLDMDR-UHFFFAOYSA-N,COc1ccc2c(c1OC)C(=O)C(C)C2,6.7401
782,HIQOGHGGZYIFQJ-UHFFFAOYSA-N,COc1cc2c(cc1O)CC(C)C2=O,6.420109999999999
790,PJJMKVJLFRGNKC-UHFFFAOYSA-N,COc1ccc(OC)c2c1CC(C)C2=O,6.930095
794,ZPTVNYMJQHSSEA-UHFFFAOYSA-N,Cc1ccc([N+](=O)[O-])cc1,6.1549
796,HMFWEHZULGHDQI-UHFFFAOYSA-O,Cn1cc[n+](COCc2cccc3ccccc23)c1/C=N/O,5.42022
797,BABIQLUCYVRCIX-UHFFFAOYSA-N,CC1Cc2ccc(F)cc2C1=O,6.560105
813,NNZHVFBIRACHKV-UHFFFAOYSA-O,Cc1ccc([N+](C)(C)C)cc1O,5.507
816,NZJAFQIOSNDHPN-UHFFFAOYSA-N,COc1cc2c(c(OC)c1OC)C(=O)C(C)C2,7.15015
822,FYHHSIMJULJXFS-UHFFFAOYSA-O,Cn1cc[n+](COCC(C)(C)C)c1/C=N/O,5.07572
823,DRWBHZSJKUMHGN-UHFFFAOYSA-N,COc1cc2c(cc1OC)C(=O)C(C)C2,7.350115000000001
827,OEUQDGNNEYCCQW-UHFFFAOYSA-N,CC(=O)Oc1cccc([N+](C)(C)C)c1,5.521
829,CSKWZSUBRGLJBC-UHFFFAOYSA-O,C[N+](C)(C)c1cccc(O)c1,6.012
831,OSIGJGFTADMDOB-UHFFFAOYSA-N,COc1cccc(C)c1,5.984895
834,ANVLUJVUZOJZJH-UHFFFAOYSA-N,CCOc1cc2c(cc1OCC)C(=O)C(C)C2,7.310095
836,MFCLOAFNUWAGGB-UHFFFAOYSA-N,Cc1ccc2c(c1)C(=O)C(C)C2,6.79012
845,RRGLXSHXUVBPPY-UHFFFAOYSA-N,COc1ccc2c(c1OC)CC(C)C2=O,7.06014
860,ROYFCSCGFOUJGP-IAXKEJLGSA-N,CC(C)c1ccc(NC(=O)Oc2ccc3c(c2)[C@]2(C)CCNC2N3C)cc1,6.48945
861,JGAGHIIOCADQOV-QWAKEFERSA-N,Cc1ccccc1NC(=O)Oc1ccc2c(c1)[C@]1(C)CCN(C)C1N2C,7.98716
873,ZIGIADNCAWZUAB-QWAKEFERSA-N,CC(C)c1ccc(NC(=O)Oc2ccc3c(c2)[C@]2(C)CCNC2N3)cc1,6.95861
876,KPWSFHABVRXVSI-ZPHPHTNESA-N,CCCCCCCCc1noc(/C(=N/O)SCCN(CC)CC)n1,6.0
880,NKJRRVBTMYRXRB-YANBTOMASA-N,CC(C)c1ccc(NC(=O)Oc2ccc3c(c2)[C@]2(C)CCN(C)C2N3C)cc1,6.12033
882,QZIXJLSOJNMYMO-ICFOKQHNSA-N,CCN(CC)CCS/C(=N\O)c1nc(-c2ccccc2)no1,5.22185
884,ZRWYMOGAPUKQLT-IJHRGXPZSA-N,Cc1ccccc1NC(=O)Oc1ccc2c(c1)[C@]1(C)CCN(C)C1N2,7.39794
885,YSHGAURKQQQQLD-STJUJJKNSA-N,Cc1ccccc1NC(=O)Oc1ccc2c(c1)[C@]1(C)CCN(Cc3ccccc3)C1N2Cc1ccccc1,5.75449
887,QJNHONPWJGXIOZ-IJHRGXPZSA-N,Cc1ccccc1NC(=O)Oc1ccc2c(c1)[C@]1(C)CCNC1N2C,7.76955
888,HFXBBZYSRYHHRW-NNBQYGFHSA-N,Cc1ccccc1NC(=O)Oc1ccc2c(c1)[C@]1(C)CCNC1N2,6.54516
892,GUUSRQYNMVBLTK-GPNIZQGCSA-N,Cc1ccccc1NC(=O)Oc1ccc2c(c1)[C@]1(C)CCN(C)C1N2Cc1ccccc1,7.0
893,WZMBVGKJFPMNGN-IAXKEJLGSA-N,CC(C)c1ccc(NC(=O)Oc2ccc3c(c2)[C@]2(C)CCN(C)C2N3)cc1,5.69465
894,KDJIRJJIEGFPOG-UHFFFAOYSA-N,CCCCCSC(=O)OCC[N+](C)(C)C,6.09691
898,XVAIKIDWWWIJHZ-RXBHZZDJSA-N,Cc1ccccc1NC(=O)Oc1ccc2c(c1)[C@]1(C)CCN(CCc3ccccc3)C1N2C,6.25964
904,REQCZEXYDRLIBE-UHFFFAOYSA-N,CCN(CC)CCNC(=O)c1ccc(N)cc1,6.0
906,PZRHMLTUOQZGFU-UHFFFAOYSA-N,c1ccc2c(c1)CN1CCCCC1=N2,5.43652
907,ZSYBVMLBRRAALN-UHFFFAOYSA-N,Clc1ccc2c(c1)CN1CCCCCC1=N2,6.30103
908,XDJOJDHEYDJBLQ-UHFFFAOYSA-N,CCC1=CC2Cc3nc4cc(F)ccc4c(N)c3C(C1)C2,8.42136
909,QTPHSDHUHXUYFE-KIYNQFGBSA-N,CCC1=CC2Cc3nc4cc(Cl)ccc4c(N)c3[C@@H](C1)C2,9.041775
912,ATSTYEGQPOWINW-UHFFFAOYSA-N,CC1=CC2CC(C1)Cc1nc3ccccc3c(N)c12,6.36051
913,IPSRZRXARJYFKS-UHFFFAOYSA-N,Clc1cccc2c1N=C1CCCCCN1C2,5.82391
915,RSDNICWRHUAZOZ-UHFFFAOYSA-N,CCC1=CC2Cc3nc4cc(Cl)cc(Cl)c4c(N)c3C(C1)C2,8.85699
917,YQSFVLAYSTUSTE-UHFFFAOYSA-N,N=c1c2ccc(Cl)cc2nc2n1CCCCC2,5.89963
918,NQPUWKFWGHITSP-UHFFFAOYSA-N,CC1=CC2Cc3nc4ccccc4c(N)c3C(C1)C2,7.28735
920,GCTYUVIIPGRTHM-UHFFFAOYSA-N,c1ccc2c(c1)CN1CCCCCCC1=N2,5.03621
921,UKCBMHDZLYYTMI-UHFFFAOYSA-N,CC1=CC2Cc3nc4cc(Cl)ccc4c(N)c3C(C1)C2,9.10791
922,TUVOGCOVFCKQFT-UHFFFAOYSA-N,CCC1=CC2Cc3nc4cccc(F)c4c(N)c3C(C1)C2,7.53018
923,RROMZQOFYWOWAP-UHFFFAOYSA-N,CCC1=CC2Cc3nc4ccc(Cl)cc4c(N)c3C(C1)C2,6.37161
924,NKJPXDDMWQSODY-UHFFFAOYSA-N,CC1=CC2Cc3nc4cc(F)cc(F)c4c(N)c3C(C1)C2,8.65758
925,OMWVNMMKKOBHLD-UHFFFAOYSA-N,Clc1cccc2c1CN1CCCCCC1=N2,5.76955
927,RNTAEWUQJLKDIO-UHFFFAOYSA-N,CCC1=CC2Cc3nc4ccccc4c(N)c3C(C1)C2,7.42251
929,WUFQLZTXIWKION-UHFFFAOYSA-N,c1ccc2c(c1)CN1CCCC1=N2,5.527355
930,HXXFZJUEWKJOGB-UHFFFAOYSA-N,CC1=CC2Cc3nc4cccc(F)c4c(N)c3C(C1)C2,7.451
932,GOVGODJNGLRRGL-UHFFFAOYSA-N,CCC1=CC2Cc3nc4cc(C)cc(C)c4c(N)c3C(C1)C2,8.30452
935,CPGLYAIYMGVIIO-WDEREUQCSA-N,CC1=C[C@@H]2Cc3nc4cc(F)ccc4c(N)c3[C@H](C1)C2,8.33913
936,JTXWLCKLIIRZKL-UHFFFAOYSA-N,CCC1=CC2CC(C1)Cc1nc3ccccc3c(N)c12,7.11407
938,JHFVYQMIQHRAQS-UHFFFAOYSA-N,Clc1ccc2c(c1)N=C1CCCCCN1C2,6.80134
941,CCZAEYNRTVFBFH-UHFFFAOYSA-N,CCC1=CC2Cc3nc4cccc(Cl)c4c(N)c3C(C1)C2,7.93181
942,AQTFLSFWSDSMCO-UHFFFAOYSA-N,CCC1=CC2Cc3nc4cc(F)cc(F)c4c(N)c3C(C1)C2,8.75449
947,SQXQVLHHMMAJIL-UHFFFAOYSA-N,c1ccc2c(c1)CN1CCCCCC1=N2,5.42481
949,ZCUGLCPNDXQRDS-UHFFFAOYSA-N,O=C(CCC1CCN(Cc2ccccc2)CC1)c1ccc2c(c1)OCCO2,7.521435
950,OQDJCMHCDIHYKT-UHFFFAOYSA-N,Cc1cc(C(=O)CCC2CC[N+](C)(Cc3ccccc3)CC2)nn1-c1ccccc1,7.65758
951,YXBRWTPSYYDWIO-UHFFFAOYSA-N,CN(C)Cc1ccc(CSCCNc2cc(Nc3ccc(F)cc3)c([N+](=O)[O-])cc2[N+](=O)[O-])o1,6.16749
952,MGRJGBMUVSCADJ-UHFFFAOYSA-N,C[N+]1(Cc2ccccc2)CCC(CCC(=O)c2ccc3c(c2)OCO3)CC1,7.00087
953,HVWVPJQXLNDOEK-UHFFFAOYSA-N,O=C(CCC1CCN(Cc2ccccc2)CC1)c1ccc2[nH]c(-c3ccccc3)nc2c1,7.48149
955,HBZHFOIRLAOODA-UHFFFAOYSA-N,CCCCCNc1cc(NCCSCc2ccc(CN(C)C)o2)c([N+](=O)[O-])cc1[N+](=O)[O-],5.92082
956,FXEKYXNHJDVDPK-UHFFFAOYSA-N,CC(C)=NNc1cc(NCCSCc2ccc(CN(C)C)o2)c([N+](=O)[O-])cc1[N+](=O)[O-],6.35655
958,ADLLVJJAMGWNEL-UHFFFAOYSA-N,CN(C)Cc1ccc(CSCCNc2cccc(F)c2C#N)o1,5.67778
959,NEZXWTGSAGKVIL-UHFFFAOYSA-N,CN(C)Cc1ccc(CSCCNc2ccc(F)cc2[N+](=O)[O-])o1,6.18709
960,HGNLDJVZZAVQMR-UHFFFAOYSA-N,COc1ccc2cc(C(=O)CCC3CC[N+](C)(Cc4ccccc4)CC3)ccc2c1,7.30103
961,NMIVJPRSJCLQCG-UHFFFAOYSA-N,CN(C)Cc1ccc(CSCCNc2cc(NCc3cccnc3)c([N+](=O)[O-])cc2[N+](=O)[O-])o1,6.50864
962,XHKYPQJDZKCEOF-UHFFFAOYSA-N,C[N+]1(Cc2ccccc2)CCC(CCC(=O)c2ccc3c(c2)CCO3)CC1,7.76955
963,XHKYPQJDZKCEOF-FEHRVWHQSA-N,C[N@+]1(Cc2ccccc2)CC[C@H](CCC(=O)c2ccc3c(c2)CCO3)CC1,7.18046
964,KXMCSAUVAHKCOR-UHFFFAOYSA-N,COc1cc2cc(-c3ccc(CN(C)Cc4ccccc4)cc3)c(=O)oc2cc1OC,7.35164
965,LAFTTYMJFZRMQP-UHFFFAOYSA-N,CN(C)Cc1ccc(CSCCNc2cc(F)c([N+](=O)[O-])cc2[N+](=O)[O-])o1,6.92082
966,HAFSYIUXFNUVMN-UHFFFAOYSA-N,CN(C)Cc1ccc(CSCCNc2cc(N)c([N+](=O)[O-])cc2[N+](=O)[O-])o1,7.08092
968,USMKQGWAOUAYSP-UHFFFAOYSA-N,COc1cc2cc(C(=O)CCC3CC[N+](C)(Cc4ccccc4)CC3)n(C)c2cc1OC,6.92082
969,PJCKCTODZPQSKT-UHFFFAOYSA-N,CN(C)Cc1ccc(CSCCNc2cc(NN)c([N+](=O)[O-])cc2[N+](=O)[O-])o1,7.11919
971,JONYPUKQVRMTRD-UHFFFAOYSA-N,CCCNc1cc(NCCSCc2ccc(CN(C)C)o2)c([N+](=O)[O-])cc1[N+](=O)[O-],6.58503
972,FYRCWIJBSJSDHG-UHFFFAOYSA-N,CN(C)Cc1ccc(CSCCNc2cc(Nc3ncccc3[N+](=O)[O-])c([N+](=O)[O-])cc2[N+](=O)[O-])o1,6.18709
974,GUSIEDDJDIMRDC-UHFFFAOYSA-N,CNc1cc(NCCSCc2ccc(CN(C)C)o2)c([N+](=O)[O-])cc1[N+](=O)[O-],6.79588
977,WUDBCFDOLSHYHH-UHFFFAOYSA-N,Cc1nc2ccc(C(=O)CCC3CCN(Cc4ccccc4)CC3)cc2s1,8.16749
979,MVJGXHDGHVCSQW-UHFFFAOYSA-N,CN(C)Cc1ccc(CSCCNc2cc(Nc3ccccc3C#N)c([N+](=O)[O-])cc2[N+](=O)[O-])o1,6.20066
980,YYWGABLTRMRUIT-HWWQOWPSSA-N,CC1=C[C@H]2Cc3[nH]c(=O)ccc3[C@]3(C1)NCCC[C@H]23,7.52288
981,NMPLPABDEKPABN-UHFFFAOYSA-N,CCn1c(C)nc2cc(C(=O)CCC3CCN(Cc4ccccc4)CC3)ccc21,8.36653
982,LFSPBUWIBYIALD-UHFFFAOYSA-N,CN(C)CCNc1cc(NCCSCc2ccc(CN(C)C)o2)c([N+](=O)[O-])cc1[N+](=O)[O-],6.284
983,XDGMPBUKARQUCK-UHFFFAOYSA-N,O=C(CCC1CCN(Cc2ccccc2)CC1)c1ccccc1,6.5157
984,YCFVMRRJBBQZHF-UHFFFAOYSA-N,CN(C)Cc1ccc(CSCCNc2cc(NCCCN3CCOCC3)c([N+](=O)[O-])cc2[N+](=O)[O-])o1,6.4318
985,YSANROTYHBNTDV-UHFFFAOYSA-N,CN(C)Cc1ccc(CSCCNc2nnccc2[N+](=O)[O-])o1,6.3279
986,ZXWMHVSJDRFKHN-UHFFFAOYSA-N,CN(C)Cc1ccc(CSCCNc2cc(NCc3ccccc3)c([N+](=O)[O-])cc2[N+](=O)[O-])o1,6.16115
987,LCSLDZZBWHBLFA-UHFFFAOYSA-N,CN(C)Cc1ccc(CSCCNc2cc(Oc3ccc([N+](=O)[O-])cc3)c([N+](=O)[O-])cc2[N+](=O)[O-])o1,6.56864
989,MNJMLCSCGCADPC-UHFFFAOYSA-N,COc1cc2c(cc1OC)C(=O)C(CC1CC[N+](C)(Cc3ccccc3)CC1)C2,7.60206
991,IBNAPGSCYPCZRO-UHFFFAOYSA-N,CN(C)Cc1ccc(CSCCNc2cc(NCc3ccccn3)c([N+](=O)[O-])cc2[N+](=O)[O-])o1,5.88606
992,LTHKGHCYYOBVQU-UHFFFAOYSA-N,Cc1nc2cc(C(=O)CCC3CCN(Cc4ccccc4)CC3)ccc2[nH]1,7.92082
994,CWPJXPVVERJSEL-UHFFFAOYSA-N,C[N+]1(Cc2ccccc2)CCC(CCC(=O)c2ccc3c(c2)OCCO3)CC1,7.0
996,GWLYGKHENDIOMW-UHFFFAOYSA-N,CN(C)Cc1ccc(CSCCNc2ccc([N+](=O)[O-])cc2[N+](=O)[O-])o1,6.69897
997,XNXQIZLRSMQRTH-UHFFFAOYSA-N,C[N+]1(Cc2ccccc2)CCC(CCC(=O)c2ccc3c(c2)CCCCO3)CC1,6.85699
998,GXKOKBLWYHLOTL-UHFFFAOYSA-N,CN(C)Cc1ccc(CSCCNc2cc(Nc3ccccc3)c([N+](=O)[O-])cc2[N+](=O)[O-])o1,6.19382
1000,AIHREYCBCYOMLZ-UHFFFAOYSA-N,CC(c1cccc(OC(=O)N(C)C)c1)N(C)C,7.52288
1002,KMLJERDDNFAXKC-UHFFFAOYSA-N,CNC1CCc2ccc(OC(=O)N(C)C)cc21,5.97062
1004,CAFPZIPDWWVNRP-UHFFFAOYSA-N,C#CCNC1CCc2c(OC(=O)N(C)CC)cccc21,5.66756
1008,JHNADFDOHHLJBW-UHFFFAOYSA-N,CN(C)C(=O)Oc1cccc2c1CCC2N,8.04576
1010,YNBUJXJHKVCTQX-GOSISDBHSA-N,C#CCN(C)[C@H](C)Cc1cccc(OC(=O)N(C)CCCCCC)c1,5.69897
1011,HVCOWYUWVWKCLH-UHFFFAOYSA-N,C#CCNC1CCc2cccc(OC(=O)N(C)C)c21,5.60206
1012,UJAUBYKRRBNBIA-UHFFFAOYSA-N,C#CCNC1CCc2ccc(OC(=O)N(C)Cc3ccccc3)cc21,5.74958
1013,FTMQGFFVKGHYEQ-QGZVFWFLSA-N,C#CCN(C)[C@H](C)Cc1cccc(OC(=O)N(C)C2CCCCC2)c1,5.10237
1014,RVNORUCXEIIROU-UHFFFAOYSA-N,CN(C(=O)Oc1ccc2c(c1)C(N)CC2)C1CCCCC1,5.4023
1019,NMRHFLBCBDWJRZ-UHFFFAOYSA-N,C#CCNC1CCc2ccc(OC(=O)N(C)c3ccc(OC)cc3)cc21,6.0655
1020,KNFAZGBZIYULFY-UHFFFAOYSA-N,CN(C)C(=O)Oc1ccc2c(c1)C(N)CCC2,5.82974
1022,MVADBDFEPSYKSC-UHFFFAOYSA-N,CCCCCCN(C)C(=O)Oc1ccc2c(c1)C(N)CC2,6.27572
1024,MNNGVKDERCDSCG-UHFFFAOYSA-N,CN(C)C(=O)Oc1ccc2c(c1)CC(N)CC2,5.48945
1026,LUAGXUFRPKJMDF-UHFFFAOYSA-N,C#CCN(C)C1CCc2cccc(OC(=O)N(C)C)c21,5.1549
1027,XFPHEDHECANCFF-UHFFFAOYSA-N,C#CCN(C)CCc1cccc(OC(=O)N(C)C)c1,6.07058
1031,FTMQGFFVKGHYEQ-UHFFFAOYSA-N,C#CCN(C)C(C)Cc1cccc(OC(=O)N(C)C2CCCCC2)c1,5.06198
1033,VMEAVLRQBIRDKD-UHFFFAOYSA-N,CCN(C)C(=O)Oc1cccc2c1CCC2N,7.58503
1036,YNBUJXJHKVCTQX-UHFFFAOYSA-N,C#CCN(C)C(C)Cc1cccc(OC(=O)N(C)CCCCCC)c1,5.51428
1038,HLSVSCQFGAPXKJ-CQSZACIVSA-N,C#CCN[C@@H]1CCc2ccc(OC(=O)N(C)C)cc21,5.74473
1039,HYXHQZASJISSQN-UHFFFAOYSA-N,C#CCNCCc1cccc(OC(=O)N(C)C)c1,6.65758
1040,XACHXIXUMOMGHZ-UHFFFAOYSA-N,C#CCNC1CCc2ccc(OC(=O)NCCC)cc21,5.62342
1043,KLKHEERGMBJKHN-UHFFFAOYSA-N,COc1ccc(N(C)C(=O)Oc2ccc3c(c2)C(N)CC3)cc1,6.52288
1044,ZXLPWFKSNFNNOW-UHFFFAOYSA-N,C#CCN(C)C(C)Cc1cccc(OC(=O)N(C)C)c1,5.78516
1045,ACQQSVLNYFFGER-UHFFFAOYSA-N,C#CCNC1CCc2c(OC(=O)N(C)C)cccc21,7.27572
1046,VRYWLUPKBUBPFK-UHFFFAOYSA-N,CNC1CCc2cccc(OC(=O)N(C)C)c21,6.29243
1047,SPYQRYLMKRNKFD-UHFFFAOYSA-N,CN(C)C(=O)Oc1cccc2c1CCC2N(C)C,7.88606
1048,QZQSLQIZEWMPQS-UHFFFAOYSA-N,CN(C)C(=O)Oc1ccc2c(c1)C(N)CC2,6.11919
1049,KUTPSNLZCMOGGE-UHFFFAOYSA-N,CN(C)C(=O)Oc1cccc2c1C(N)CC2,6.33724
1051,QHTSCZJBKOYQDW-UHFFFAOYSA-N,CCCNC1CCc2ccc(OC(=O)N(C)CC)cc21,5.4437
1052,HLSVSCQFGAPXKJ-AWEZNQCLSA-N,C#CCN[C@H]1CCc2ccc(OC(=O)N(C)C)cc21,5.64782
1053,QGXVPFVJKVEMKS-UHFFFAOYSA-N,CNCCc1cccc(OC(=O)N(C)C)c1,6.55284
1055,OGCSBPXIKACNKA-UHFFFAOYSA-N,CCCN(C)C(=O)Oc1ccc2c(c1)C(N)CC2,5.13668
1056,IRBMYPWDNDKKOG-UHFFFAOYSA-N,CCCNC(=O)Oc1ccc2c(c1)C(N)CC2,5.82974
1059,WPSQKSZQTBMLDQ-UHFFFAOYSA-N,CN(C)CCc1cccc(OC(=O)N(C)C)c1,6.79588
1062,LQVXOBJGBMHXPQ-UHFFFAOYSA-N,CN(C)C(=O)Oc1cccc(CCN)c1,6.63827
1065,XSFXVFBRSREQBM-UHFFFAOYSA-N,C#CCC1CCCc2ccc(OC(=O)N(C)C)cc21,5.4045
1069,JVHQRHHNABNBOK-UHFFFAOYSA-N,C#CCNC(C)Cc1cccc(OC(=O)N(C)C)c1,6.26761
1070,FTMQGFFVKGHYEQ-KRWDZBQOSA-N,C#CCN(C)[C@@H](C)Cc1cccc(OC(=O)N(C)C2CCCCC2)c1,5.20066
1071,SHYBFEOFEFSCKU-UHFFFAOYSA-N,C#CCNC(C)Cc1cccc(OC(=O)N(C)C2CCCCC2)c1,5.4437
1072,PKCPZJFXQLSLLL-UHFFFAOYSA-N,CCCN(C)C(=O)Oc1cccc(CCN)c1,5.10791
1073,VUTBBKJTQYCZFH-UHFFFAOYSA-N,C#CCNC1CCc2ccc(OC(=O)N(C)c3ccccc3)cc21,6.25964
1074,SWNAPNLHVDTIHF-UHFFFAOYSA-N,CCN(C)C(=O)Oc1ccc2c(c1)C(N)CCC2,5.20621
1078,HLSVSCQFGAPXKJ-UHFFFAOYSA-N,C#CCNC1CCc2ccc(OC(=O)N(C)C)cc21,5.5376
1079,PBBZQCRCUHDOBK-KRWDZBQOSA-N,C#CCN[C@H]1CCc2ccc(OC(=O)N(C)CCCC)cc21,5.03152
1081,HTSFGBRWMBRBLU-GFCCVEGCSA-N,CCN(C)C(=O)Oc1ccc2c(c1)[C@H](N)CC2,5.21183
1086,HDMFPUCTKDEZMR-UHFFFAOYSA-N,C#CCNC1CCc2ccc(OC(=O)N(C)C)cc2C1,5.38722
1087,JVYLHZUZDRCHDQ-UHFFFAOYSA-N,C#CC(C)NCCc1cccc(OC(=O)N(C)C)c1,6.76955
1089,YFDSCOBTZXZXEN-UHFFFAOYSA-N,C#CC(C)NC1CCc2ccc(SC(=O)N(C)C)cc21,5.74473
1091,BWNGRRJLFYHENY-INIZCTEOSA-N,C#CCN[C@H]1CCc2ccc(OC(=O)N(C)CCC)cc21,5.07058
1093,ZMBDILYCKABPBU-UHFFFAOYSA-N,CN(C)C(=O)Oc1ccc2c(c1)C(N(C)C)CC2,5.66756
1096,YNBUJXJHKVCTQX-SFHVURJKSA-N,C#CCN(C)[C@@H](C)Cc1cccc(OC(=O)N(C)CCCCCC)c1,5.46852
1098,NSDLLBNDBVHZTN-UHFFFAOYSA-N,CN(C)Cc1ccc(CSCc2ccccc2CSCc2ccc(CN(C)C)o2)o1,5.04576
1099,NOWQNKKWTMXZLC-UHFFFAOYSA-N,CN(C)Cc1ccc(CSCCCCCCCSCc2ccc(CN(C)C)o2)o1,6.21467
1100,CINOACUWPXQJTR-UHFFFAOYSA-N,CN(C)Cc1ccc(CSCCCCCCCCSCc2ccc(CN(C)C)o2)o1,6.3279
1101,KDIDQSZYTUIGNY-UHFFFAOYSA-N,CCCCNC(=O)Oc1ccc2c(c1)C1CCN(CC)C2C1,6.68613
1103,SYWAOYCXRQDRLP-VLNZMSLLSA-N,CC(=O)O[C@@H]1C2CC[C@H]3C4CC=C([C@H](C)N(C)C)[C@@]4(C)CC[C@@H]3[C@@]2(C)CC[C@@H]1NC(=O)C=C(C)C,5.28
1105,HZOTXNIDOKRKQY-KQFGCDFKSA-N,C/C=C(\C)C(=O)N[C@H]1CC[C@@]2(C)C(=CC[C@H]3[C@@H]4CC[C@H]([C@H](C)N(C)C)[C@@]4(C)CC[C@@H]32)C1=O,5.15
1106,KLEWHGJJTJIPNR-UHFFFAOYSA-N,CCCCCCNC(=O)Oc1ccc2c(c1)C1(C)CCN(CC)C2C1,6.87615
1107,BTXJVBGYXBCASF-UHFFFAOYSA-N,CN(C)Cc1ccc(CSCc2cccc(CSCc3ccc(CN(C)C)o3)c2)o1,5.82391
1110,NFYOLQNDIDXOOH-UHFFFAOYSA-N,CN(C)Cc1ccc(CSCCNC(=O)CSCc2ccc(CN(C)C)o2)o1,5.60206
1112,RVVWDYHZWLAHCI-UHFFFAOYSA-N,CN(C)Cc1ccc(CSCc2ccc(-c3ccc(CSCc4ccc(CN(C)C)o4)cc3)cc2)o1,6.74473
1113,SMRNNJFLKGLSBA-UHFFFAOYSA-N,CCN1CCC2CC1c1ccc(OC(=O)NC)cc12,6.767
1114,ZRDXAEKCZXNZEQ-UHFFFAOYSA-N,CN(C)Cc1ccc(CSCCCCCCSCc2ccc(CN(C)C)o2)o1,6.13077
1115,ARSAQZQCCQIFRU-XKZIYDEJSA-N,CN(C)Cc1ccc(CSCCN/C=C(/NCCSCc2ccc(CN(C)C)o2)[N+](=O)[O-])o1,7.13077
1116,MYTVLVZQXNODTK-UHFFFAOYSA-N,CN(C)Cc1ccc(CSCCCCCCCCCSCc2ccc(CN(C)C)o2)o1,6.33724
1118,IPVXUJZZPDSBLD-UHFFFAOYSA-N,CCCCCCCNC(=O)Oc1ccc2c(c1)C1CCN(C)C2C1,6.84466
1123,QLQLZILPUSPCNJ-UHFFFAOYSA-N,CN(C)Cc1ccc(CSCCCCSCc2ccc(CN(C)C)o2)o1,6.67778
1126,RNLWFDRAYXSZPJ-UHFFFAOYSA-N,CCCCCCCNC(=O)Oc1ccc2c(c1)C1CCN(CC)C2C1,6.77211
1128,ZMAOKPMWBVUQPK-IWDJEAQTSA-N,C[C@@H]([C@H]1CC[C@H]2[C@@H]3CC[C@H]4C(=O)C(NC(=O)c5ccccc5)=CC[C@]4(C)[C@H]3CC[C@]12C)N(C)C,5.28
1129,LPWXASFIPNYFQP-UHFFFAOYSA-N,CN(C)Cc1ccc(CSCCNC(=NC#N)NCCSCc2ccc(CN(C)C)o2)o1,6.5376
1130,BWTGOLYEGGOWMU-KFDGPNQLSA-N,C/C(=C\C(=O)N(C)[C@H]1CC[C@@]2(C)[C@@H](CC[C@@H]3[C@@H]2CC[C@]2(C)C([C@H](C)N(C)C)=CC[C@@H]32)C1)C(C)C,5.21
1131,DCTRPSAPKPORBP-UHFFFAOYSA-N,CN(C)Cc1ccc(CSCCCCCSCc2ccc(CN(C)C)o2)o1,6.04576
1132,OVYGDFDMZNYEGZ-UHFFFAOYSA-N,CN(C)Cc1ccc(CSCCNc2cc(NCCSCc3ccc(CN(C)C)o3)c([N+](=O)[O-])cc2[N+](=O)[O-])o1,7.55284
1134,NLOJUKSOUNWUSW-NUOWXSDFSA-N,CN[C@H]1CC[C@@]2(C)C(CC[C@H]3[C@@H]4CC[C@H]([C@H](C)N(C)C)[C@@]4(C)CC[C@@H]32)C1,5.21
1136,ZYKGNFBRZVTSQT-UHFFFAOYSA-N,CN(C)Cc1ccc(CSCCCSCc2ccc(CN(C)C)o2)o1,6.48149
1139,SXUSJKARTRGOFL-UHFFFAOYSA-N,CN(C)Cc1ccc(CSCCCCCCCCCCSCc2ccc(CN(C)C)o2)o1,5.88606
1141,WCBPBBFIAODRLI-AWUJJIRRSA-N,C/C(=C\C(=O)N(C)[C@H]1CC[C@@]2(C)[C@@H](CC[C@@H]3[C@@H]2CC[C@]2(C)[C@@H]([C@H](C)N(C)C)CC[C@@H]32)C1)C(C)C,5.19
1143,BFYPXOUNPUWUNL-UHFFFAOYSA-N,CN(C)Cc1ccc(CSCCSCc2ccc(CN(C)C)o2)o1,6.30103
1145,WKBYYEDQGZSMCP-CNLUTGEBSA-N,C/C=C(\C)C(=O)N[C@@H]1C=C2CC[C@H]3C4=CC[C@H]([C@H](C)N(C)C)[C@@]4(C)CC[C@@H]3[C@@]2(C)CC1,5.11
1148,GCHGDPVSONOHQE-PNUJEHDGSA-N,C/C=C(\C)C(=O)N[C@H]1CC[C@@]2(C)C(=CC[C@H]3C4=CC[C@H]([C@H](C)N(C)C)[C@@]4(C)CC[C@@H]32)C1=O,5.24
1152,KVLGOUWOJOAJTC-UHFFFAOYSA-N,CCCCCCNC(=O)Oc1ccc2c(c1)C1CCN(CC)C2C1,6.90309
1153,BKKRKDDJCRFGHJ-UHFFFAOYSA-N,CN(C)Cc1ccc(CSCc2ccc(CSCc3ccc(CN(C)C)o3)cc2)o1,6.58503
1155,UVZXIKHRPFCSKF-NLGFINLOSA-N,C[C@H](NC=O)[C@H]1CC[C@H]2[C@@H]3CC[C@H]4C[C@@H](N(C)C)CC[C@]4(C)[C@H]3CC[C@]12C,5.19
1156,GTJDKKGEHMPRJD-UHFFFAOYSA-N,CCCCCCCNC(=O)Oc1ccc2c(c1)C1(C)CCN(CC)C2C1,6.7986
1157,ZMNNRQKEGKTIPD-UHFFFAOYSA-N,CN(C)Cc1ccc(CSCC/N=C/NCCSCc2ccc(CN(C)C)o2)o1,5.52288
1158,KFWGKECULQNZER-UHFFFAOYSA-N,CCCCCCNC(=O)Oc1ccc2c(c1)C1CCN(C)C2C1,7.14267
1161,DYTNXFSVOOZIHV-UHFFFAOYSA-N,CN(CCCNc1c2c(nc3ccccc13)CCCC2)CCCNc1c2c(nc3ccccc13)CCCC2,9.52288
1162,LXTKNVLLWOLCOV-PYMCNQPYSA-N,CNC(=O)Oc1ccc2c(c1)[C@]1(C)CCOC1N2C,7.98329
1163,DSQSAHYPEXEBHJ-WUJWULDRSA-N,CCNC(=O)Oc1ccc2c(c1)[C@]1(C)CCOC1N2C,7.08619
1164,AGOPIOMWLMAZHS-IJHRGXPZSA-N,Cc1ccccc1NC(=O)Oc1ccc2c(c1)[C@]1(C)CCOC1N2C,7.88606
1165,NPANUSRHFVUOKM-IAXKEJLGSA-N,CC(C)c1ccc(NC(=O)Oc2ccc3c(c2)[C@]2(C)CCOC2N3C)cc1,5.41341
1167,FDRUOIJOXDAUQN-WMCAAGNKSA-N,CCNC(=O)Oc1ccc2c(c1)[C@]1(C)CCN(C)C1N2C,7.02687
1170,ZEZHVLKHFYAVTB-UHFFFAOYSA-N,CCNC(=O)Oc1ccc2c(c1)C1(C)CCOC1O2,6.4437
1171,JZMKNXICJRCGJX-UHFFFAOYSA-N,Cc1ccccc1NC(=O)Oc1ccc2c(c1)C1(C)CCOC1O2,7.63827
1172,QIYIAVWWIGXXBQ-UHFFFAOYSA-N,CC(C)c1ccc(NC(=O)Oc2ccc3c(c2)C2(C)CCOC2O3)cc1,5.57675
1173,RAANAGIDXYTUAW-UHFFFAOYSA-N,CCNC(=O)Oc1ccc2c(c1)C1(C)COC(C1)O2,6.08092
1174,MBYLQCWDOYEQRA-UHFFFAOYSA-N,Cc1ccccc1NC(=O)Oc1ccc2c(c1)C1(C)COC(C1)O2,7.25181
1175,KOFCNZPCQOBXHD-UHFFFAOYSA-N,CC(C)c1ccc(NC(=O)Oc2ccc3c(c2)C2(C)COC(C2)O3)cc1,5.36653
1181,MVHRCJQCKYPDRL-IIUCQXFBSA-N,CCc1ccccc1NC(=O)Oc1ccc2c(c1)[C@]1(C)CC[N+](C)([O-])[C@@H]1N2C,6.90309
1187,UXTFWAJYDNDQIT-UHFFFAOYSA-O,Nc1ccc2c(c1)c(-c1ccccc1)[n+](CCCNCCCNCCCNc1c3c(nc4ccccc14)CCCC3)c1cc(N)ccc21,8.81824
1188,SUIMARUJTPHLCU-UHFFFAOYSA-O,COc1ccccc1CN(C)CCCN(C)CCCNCCC[n+]1c(-c2ccccc2)c2cc(N)ccc2c2ccc(N)cc21,6.03501
1189,GXUQYCUEEMXLQZ-UHFFFAOYSA-N,CCC1=CC2Cc3nc4ccccc4c(NCCCCCCCCNc4c5c(nc6ccccc46)CCCC5)c3C(C1)C2,9.08619
1190,DSOGYBQXIUXXBY-YYGZZXRFSA-N,COc1ccc(-c2cc3c(c(=O)o2)C[C@@]2(O)[C@@]4(C)CCC(=O)OC(C)(C)[C@@]4(O)CC[C@@]2(C)O3)cc1,5.60206
1191,AOFMVUCAUSHJLI-RKFAPSRVSA-N,COc1ccc(-c2cc3c(c(=O)o2)C[C@@]2(O)[C@@]4(C)C(=O)[C@@]5(OC)C(=O)O[C@]4(CC[C@@]2(C)O3)C5(C)C)cc1,6.63827
1192,XRDDKPLRULFDQK-YYGZZXRFSA-N,COc1ccc(-c2cc3c(c(=O)o2)C[C@@]2(O)[C@@]4(C)C=CC(=O)C(C)(C)[C@@]4(O)CC[C@@]2(C)O3)cc1,7.04576
1193,ARZWKYJFXLHKCZ-YYGZZXRFSA-N,COc1ccc(-c2cc3c(c(=O)o2)C[C@@]2(O)[C@@]4(C)CCC(=O)C(C)(C)[C@@]4(O)CC[C@@]2(C)O3)cc1,7.22185
1194,AENKBRFCOPMCEQ-RYTSNQFKSA-N,COC1=CC(=O)[C@]2(C)[C@]3(O)Cc4c(cc(-c5cc(OC)c(OC)c(OC)c5)oc4=O)O[C@]3(C)CC[C@]2(O)C1(C)C,6.37675
1196,TUHKKEQPFQTBQG-UHFFFAOYSA-N,NC1=C2CCCCC2=NC2CCCCC12,6.44
1210,MPXYSKOIXYKJDL-UHFFFAOYSA-N,Nc1c2c(nc3cccc(F)c13)C1CC(C2)C1,7.54
1215,MFYFDYREFFENNR-UHFFFAOYSA-N,Nc1c2c(nc3ccc(O)cc13)CCCC2,6.79
1223,QTPHSDHUHXUYFE-UHFFFAOYSA-N,CCC1=CC2Cc3nc4cc(Cl)ccc4c(N)c3C(C1)C2,9.48999
1224,CFBDZCKTSONAGK-UHFFFAOYSA-N,C=C1c2ccccc2N=C2CCCCCN12,5.43
1225,MUILZOVEBZOSKO-UHFFFAOYSA-N,C=C1c2cccc(Cl)c2N=C2CCCCCN12,5.82
1226,NRSBDJTYDOITNU-UHFFFAOYSA-N,C=C1c2ccc(Cl)cc2N=C2CCCCCN12,6.8
1227,VHAAMEUGSIJIGI-UHFFFAOYSA-N,C=C1c2cc(Cl)ccc2N=C2CCCCCN12,6.3
1228,KJIWSJOEJZNLAR-UHFFFAOYSA-N,C=C1c2c(Cl)cccc2N=C2CCCCCN12,5.77
1239,BLQLGEMORAKDCK-UHFFFAOYSA-N,COc1cc2onc(CCC3CCN(Cc4ccccc4)CC3)c2cc1C,8.23657
1257,FWOCRPGNZYJWBL-UHFFFAOYSA-N,CN1C(=O)Cc2cc3onc(CCC4CCN(Cc5ccccc5)CC4)c3cc21,9.31876
1259,PNVKWWHBNADAIC-UHFFFAOYSA-N,COc1cc2c(cc1OC)C(=O)C(C1CC[N+](C)(Cc3ccccc3)CC1)=C2,6.60206
1260,MLMBMROIKCDDBW-UHFFFAOYSA-N,COc1cc2cc(C(=O)C3CCC[N+](C)(Cc4ccccc4)CC3)sc2cc1OC,8.09691
1261,WCCVUCMETCYHRK-UHFFFAOYSA-N,COc1cc2cc(C(=O)C3CC[N+](C)(Cc4ccccc4)CCC3O)sc2cc1OC,7.36653
1262,ZFPAYSSATREUMU-UHFFFAOYSA-N,COc1cc2cc(C(=O)CC3CCC(O)C[N+](C)(Cc4ccccc4)CC3)sc2cc1OC,6.42022
1263,MKTGQOMRSQXJEL-UHFFFAOYSA-N,COc1cc2cc(C(=O)CC3CCCC[N+](C)(Cc4ccccc4)CC3)sc2cc1OC,6.95861
1264,RANOFWRVYDDHPM-UHFFFAOYSA-N,COc1cc2cc(C(=O)C3CC[N+](C)(Cc4ccccc4)CCC3OC)sc2cc1OC,6.92082
1265,UOILNRQOHGAVRN-UHFFFAOYSA-N,COc1cc2cc(C(=O)C3=CC[N+](C)(Cc4ccccc4)CC3)sc2cc1OC,6.284
1267,NNBUDCTZXKSTRQ-UHFFFAOYSA-N,COc1cc2cc(C3=CC[N+](C)(Cc4ccccc4)CC3)sc2cc1OC,5.57349
1268,AUIUWDZZXQWWOQ-UHFFFAOYSA-N,COCC[N+]1(C)CCCC(C(=O)c2cc3cc(OC)c(OC)cc3s2)CC1,7.27572
1269,KFZOWBNTEIELDM-UHFFFAOYSA-N,COc1cc2cc(C(=O)C3CCC[N+](C)(Cc4ccc([N+](=O)[O-])o4)CC3)sc2cc1OC,7.49485
1270,ABNOJWGKGYSFSX-UHFFFAOYSA-N,COc1cc2cc(C(=O)C3CCC[N+](C)(CC4CCCCO4)CC3)sc2cc1OC,7.55284
1271,MWKUYSVHHMBCJK-UHFFFAOYSA-N,COc1cc2cc(C(=O)C3CCC[N+](C)(CC(=O)OC(C)(C)C)CC3)sc2cc1OC,7.10237
1272,RUKXDNCEYNEPKG-UHFFFAOYSA-N,COc1cc2cc(C(=O)C3CCC[N+](C)(CCOc4ccccc4)CC3)sc2cc1OC,6.40894
1273,OZVRHFWGWWQRTO-UHFFFAOYSA-N,COc1cc2cc(C(=O)C3CCC[N+](C)(CC#N)CC3)sc2cc1OC,6.0
1274,KARHNKQSLZQOBJ-UHFFFAOYSA-N,COc1cc2c(cc1OC)SC(C(=O)CCc1cc[n+](C)cc1)C2,6.04576
1275,SNRGQBSLWSCUGI-UHFFFAOYSA-N,CC[n+]1ccc(CCC(=O)C2Cc3cc(OC)c(OC)cc3S2)cc1,6.55284
1276,ZADFRSASESDRFO-UHFFFAOYSA-N,C=CC[n+]1ccc(CCC(=O)C2Cc3cc(OC)c(OC)cc3S2)cc1,8.20273
1277,APLNAOFQRVXISP-UHFFFAOYSA-N,COc1cc2c(cc1OC)SC(C(=O)CCc1cc[n+](CC3CC3)cc1)C2,6.95861
1278,XHRVEAIUOVPSMY-UHFFFAOYSA-N,COc1cc2c(cc1OC)SC(C(=O)CCc1cc[n+](CC3CCC3)cc1)C2,7.39794
1279,VWDPERVYBORHQM-UHFFFAOYSA-N,CCOCC[n+]1ccc(CCC(=O)C2Cc3cc(OC)c(OC)cc3S2)cc1,8.1549
1280,XFYXMNMVMKEVIT-UHFFFAOYSA-N,COc1cc2c(cc1OC)SC(C(=O)CCc1cc[n+](Cc3ccc(F)cc3)cc1)C2,8.58503
1281,ICEVKTXKGNOLEX-UHFFFAOYSA-N,COC(=O)c1ccc(C[n+]2ccc(CCC(=O)C3Cc4cc(OC)c(OC)cc4S3)cc2)cc1,6.0
1282,VSTZXOFXIHXLHI-UHFFFAOYSA-N,COc1cc2c(cc1OC)SC(C(=O)CCc1cc[n+](Cc3ccsc3)cc1)C2,8.22185
1283,LZGLANLBIUAGIM-UHFFFAOYSA-N,COc1cc2c(cc1OC)SC(C(=O)CCc1cc[n+](Cc3coc([N+](=O)[O-])c3)cc1)C2,8.34679
1295,QPMZSAYBBBHOOQ-UHFFFAOYSA-N,C=[N+]1N=C(CCC2CCN(Cc3ccccc3)CC2)c2ccccc21,6.46852
1297,RUCMPVRFPBFNLE-UHFFFAOYSA-N,COc1cc2c(cc1OC)SC(C(=O)CC(O)C1CC[N+](C)(Cc3ccccc3)CC1)C2,6.72125
1298,OFQUUTKEKIIUJE-UHFFFAOYSA-N,COc1cc2c(cc1OC)SC(C(=O)CC1(O)CC[N+](C)(Cc3ccccc3)CC1)C2,7.04576
1299,XXUAMLUZORJNNC-UHFFFAOYSA-N,COc1cc2c(cc1OC)SC(C(=O)CC1C=CC[N+](C)(Cc3ccccc3)CC1)C2,6.12494
1301,NAOZAHRAUOKLTI-UHFFFAOYSA-N,COC(=O)C[N+]1(C)CCC(CCC(=O)C2Cc3cc(OC)c(OC)cc3S2)CC1,7.26761
1302,CRMOWQKTQGSOFA-UHFFFAOYSA-N,CCC[n+]1ccc(CCC(=O)C2Cc3cc(OC)c(OC)cc3S2)cc1,5.59007
1303,NVUGDYFHDGXOKY-UHFFFAOYSA-N,COCC[n+]1ccc(CCC(=O)C2Cc3cc(OC)c(OC)cc3S2)cc1,7.52288
1304,UBOLSYAFJBJJBX-UHFFFAOYSA-N,COc1cc2c(cc1OC)SC(C(=O)CCc1cc[n+](Cc3ccccc3)cc1)C2,8.33724
1305,CGPFCMGYTPXYSJ-UHFFFAOYSA-N,O=C(CCc1cc[n+](Cc2ccccc2)cc1)c1ccc2c(c1)OCO2,6.61979
1307,KQOUPMYYRQWZLI-UHFFFAOYSA-N,CNC(=O)Oc1cccc(C(C)N(C)C)c1,7.0
1308,UKFCIGJAJAIROZ-UHFFFAOYSA-N,CNC(=O)Oc1cccc2c1OCC1CCN(C)C21,7.52288
1309,RPFDRSCDZJIZNM-UHFFFAOYSA-N,CNC(=O)Oc1cccc2c1CCC1CCN(C)C21,7.76195
1310,HDQBOOHWHLECAC-UHFFFAOYSA-N,CNC(=O)Oc1cccc2c1SCC1CCN(C)C21,8.09098
1311,GDJCEUYIQJRPFO-UHFFFAOYSA-N,CC(NC(=O)Oc1cccc2c1OCC1CCN(C)C21)c1ccccc1,5.72816
1312,LCLQRXYSCAZUJT-UHFFFAOYSA-N,CCCCCCCNC(=O)Oc1cccc2c1OCC1CCN(C)C21,7.6925
1313,OZZLFEZFCLBCIV-UHFFFAOYSA-N,CCNC(=O)Oc1cccc2c1OCC1CCN(C)C21,6.37675
1314,QJKKNTBZVBEQGM-UHFFFAOYSA-N,CCNC(=O)Oc1cccc2c1CCC1CCN(C)C21,6.40561
1317,LDYLCLZQCXSJGH-YSMPRRRNSA-N,CNC(=O)Oc1cccc(CN(C)CCCOc2ccc3c(c2)O/C(=C\c2cc(OC)c(OC)c(OC)c2)C3=O)c1,5.52433
1318,JAEZFUCFEMHOTF-FSGOGVSDSA-N,CNC(=O)Oc1cccc(CN(C)CCCOc2ccc3c(c2)O/C(=C\c2cccc4ccccc24)C3=O)c1,5.16368
1319,KMSYVNUQWIRJRE-FSGOGVSDSA-N,CNC(=O)Oc1cccc(CN(C)CCCOc2ccc3c(c2)O/C(=C\c2ccc4ccccc4c2)C3=O)c1,5.46725
1320,FIGDFKBRWHQHDX-FSGOGVSDSA-N,CNC(=O)Oc1cccc(CN(C)CCCCCCCOc2ccc3c(c2)O/C(=C\c2cc(OC)c(OC)c(OC)c2)C3=O)c1,6.284
1322,ZQIJTMWONIMKMF-BGDIREAQSA-N,CCC(=O)Oc1cccc(CN(C)CCCCCCCOc2ccc3c(c2)O/C(=C\c2ccc4ccccc4c2)C3=O)c1,5.67985
1324,GLFCSNKKUXWEFI-OFWBYEQRSA-N,CNC(=O)Oc1cccc(CN(C)CCCCCCCOc2ccc3c(c2)O/C(=C\c2ccccc2)C3=O)c1,5.70997
1325,PZMSOLAGWTYVMG-FSGOGVSDSA-N,CNC(=O)Oc1cccc(CN(C)CCCCCCCOc2ccc3c(c2)O/C(=C\c2ccc(Cl)c(Cl)c2)C3=O)c1,5.09691
1327,KYVIWBPYFDCUME-MTDXEUNCSA-N,CNC(=O)Oc1cccc(CN(C)CCCCCCCOc2ccc3c(c2)C/C(=C\c2cc(OC)c(OC)c(OC)c2)C3=O)c1,5.74473
1328,VPPSWJWBTQDKEJ-OVVQPSECSA-N,CNC(=O)Oc1cccc(CN(C)CCCCCCCOc2ccc3c(c2)OC/C(=C\c2cc(OC)c(OC)c(OC)c2)C3=O)c1,5.00833
1329,FMNIEHIAIMPDIG-ZTKZIYFRSA-N,CNC(=O)Oc1cccc(CN(C)CCCCCCCOc2ccc3c(c2)CC/C(=C\c2cc(OC)c(OC)c(OC)c2)C3=O)c1,5.30627
1343,ITZOKHKOFJOBFS-UHFFFAOYSA-N,c1ccc2c(NCCCCCCCNc3c4c(nc5ccccc35)CCCC4)c3c(nc2c1)CCCC3,9.16033
1344,VRNGRBIMQBSIJF-UHFFFAOYSA-N,Cc1c(Cl)nc2ccccc2c1C(=O)NCCCCCCCNc1c2c(nc3ccccc13)CCCC2,8.52288
1345,ACKJXXOVSOCBPX-UHFFFAOYSA-N,Cc1c(N2CCN(C)CC2)nc2ccccc2c1C(=O)NCCCCCCCNc1c2c(nc3ccccc13)CCCC2,8.38722
1346,AJUUAUZWBQPTFD-UHFFFAOYSA-N,O=C(CCCCC1CCSS1)NCCNc1c2c(nc3ccccc13)CCCC2,7.01323
1347,FUZSKXNTSYMEMF-UHFFFAOYSA-N,O=C(CCCCC1CCSS1)NCCCNc1c2c(nc3ccccc13)CCCC2,8.15739
1348,IEBFRRATFZBOGS-UHFFFAOYSA-N,O=C(CCCCC1CCSS1)NCCCCNc1c2c(nc3ccccc13)CCCC2,7.45346
1349,TYGMTYRXRCSMAH-UHFFFAOYSA-N,O=C(CCCCC1CCSS1)NCCCCCNc1c2c(nc3ccccc13)CCCC2,7.41567
1350,GWKZBCSXCDIJEX-UHFFFAOYSA-N,O=C(CCCCC1CCSS1)NCCCCCCNc1c2c(nc3ccccc13)CCCC2,7.52143
1351,UJYFHDXYPAFONC-UHFFFAOYSA-N,O=C(CCCCC1CCSS1)NCCCCCCCNc1c2c(nc3ccccc13)CCCC2,7.48545
1352,QVGXTQPZHCDXRZ-UHFFFAOYSA-N,O=C(CCCCC1CCSS1)NCCCNc1c2c(nc3cc(Cl)ccc13)CCCC2,9.59688
1353,YNUALVMKORREBG-UHFFFAOYSA-N,Nc1c2c(nc3cc(Cl)ccc13)CC(CNC(=O)CCCCC1CCSS1)CC2,5.96257
1354,FPBUGSBZFOFWAX-UHFFFAOYSA-N,NCCCNc1c2c(nc3cc(Cl)ccc13)CCCC2,7.66756
1357,HLRVNJVVXBHFTE-UHFFFAOYSA-N,CC1=CC2Cc3nc4cc(Cl)ccc4c(NCCCCCCNc4c5c(nc6ccccc46)CCCC5)c3C(C1)C2,9.175820000000002
1358,DBUWWODVSCMGDY-UHFFFAOYSA-N,CC1=CC2Cc3nc4cc(Cl)ccc4c(NCCCCCCCNc4c5c(nc6ccccc46)CCCC5)c3C(C1)C2,9.09603
1359,XXFJVXFGCDTSND-UHFFFAOYSA-N,CC1=CC2Cc3nc4cc(Cl)ccc4c(NCCCCCCCCNc4c5c(nc6ccccc46)CCCC5)c3C(C1)C2,9.170805
1360,JPBICZJGLXJNKG-RRPNLBNLSA-N,CC1=C[C@@H]2Cc3nc4cc(Cl)ccc4c(NCCCN(C)CCCCNc4c5c(nc6ccccc46)CCCC5)c3[C@H](C1)C2,9.49485
1361,YNGVZJKKHQZTOO-UHFFFAOYSA-N,CC1=CC2Cc3nc4cc(Cl)ccc4c(NCCCCCCNc4c5c(nc6cc(Cl)ccc46)CCCC5)c3C(C1)C2,9.23878
1362,GCPORJYZTJZXFH-UHFFFAOYSA-N,CC1=CC2Cc3nc4cc(Cl)ccc4c(NCCCCCCCNc4c5c(nc6cc(Cl)ccc46)CCCC5)c3C(C1)C2,8.93863
1363,JVAZMJIFYNHUQW-UHFFFAOYSA-N,CC1=CC2Cc3nc4cc(Cl)ccc4c(NCCCCCCCCNc4c5c(nc6cc(Cl)ccc46)CCCC5)c3C(C1)C2,9.138685
1364,XGUXGMNSUSHHSV-IZZNHLLZSA-N,CC1=C[C@@H]2Cc3nc4cc(Cl)ccc4c(NCCCN(C)CCCCNc4c5c(nc6cc(Cl)ccc46)CCCC5)c3[C@H](C1)C2,9.5376
1389,AIXQQSTVOSFSMO-RBOXIYTFSA-N,COc1ccc2c3c1O[C@H]1C[C@@H](O)C=C[C@@]31CCNC2,5.97062
1391,BGGBDKDNDXWHQP-SFHVURJKSA-N,CN[C@@H](CCOc1ccc([N+](=O)[O-])cc1)c1ccc(OC(=O)N(C)C)cc1,6.99568
1392,XUOUWGWIRPBWCW-OAQYLSRUSA-N,CN(C)C(=O)Oc1ccc2c(c1)C=CCN(C)[C@@H]2CCOc1ccc([N+](=O)[O-])cc1,7.85387
1393,XHISNFCRWZVULB-UHFFFAOYSA-N,O=C(CCCCCCNc1c2c(nc3ccccc13)CCCC2)NCCc1c[nH]c2ccccc12,9.30103
1395,DIHZVMMPFILOAT-UHFFFAOYSA-N,O=C(CCCCCNc1c2c(nc3ccccc13)CCCC2)NCCc1c[nH]c2ccc(O)cc12,9.34679
1396,HSPZASVVTPKCGM-UHFFFAOYSA-N,COc1ccc2[nH]cc(CCNC(=O)CCCCCCNc3c4c(nc5cc(Cl)cc(Cl)c35)CCCC4)c2c1,10.39794
1397,NNXPYYPDXHQYMI-UHFFFAOYSA-N,COc1ccc2[nH]cc(CCNC(=O)CCCCCCNc3c4c(nc5ccccc35)CCCC4)c2c1,9.18709
1399,SZRNKXYBFFECAE-UHFFFAOYSA-N,O=C(CCCCCNc1c2c(nc3cccc(Cl)c13)CCCC2)NCCc1c[nH]c2ccccc12,9.06048
1400,DJYUJPYMPVRRIB-UHFFFAOYSA-N,O=C(CCCCCCNc1c2c(nc3cc(Cl)ccc13)CCCC2)NCCc1c[nH]c2ccccc12,10.0
1401,ZEZHVLKHFYAVTB-OCCSQVGLSA-N,CCNC(=O)Oc1ccc2c(c1)[C@]1(C)CCO[C@@H]1O2,7.22185
1402,NPANUSRHFVUOKM-UNMCSNQZSA-N,CC(C)c1ccc(NC(=O)Oc2ccc3c(c2)[C@]2(C)CCO[C@@H]2N3C)cc1,5.41341
1403,AGOPIOMWLMAZHS-UYAOXDASSA-N,Cc1ccccc1NC(=O)Oc1ccc2c(c1)[C@@]1(C)CCO[C@H]1N2C,6.84771
1404,AGOPIOMWLMAZHS-ICSRJNTNSA-N,Cc1ccccc1NC(=O)Oc1ccc2c(c1)[C@]1(C)CCO[C@@H]1N2C,7.88606
1405,DSQSAHYPEXEBHJ-ZFWWWQNUSA-N,CCNC(=O)Oc1ccc2c(c1)[C@]1(C)CCO[C@@H]1N2C,7.08619
1406,LXTKNVLLWOLCOV-TZMCWYRMSA-N,CNC(=O)Oc1ccc2c(c1)[C@@]1(C)CCO[C@H]1N2C,7.25181
1407,LXTKNVLLWOLCOV-JSGCOSHPSA-N,CNC(=O)Oc1ccc2c(c1)[C@]1(C)CCO[C@@H]1N2C,7.98329
1409,JGAGHIIOCADQOV-PZJWPPBQSA-N,Cc1ccccc1NC(=O)Oc1ccc2c(c1)[C@@]1(C)CCN(C)[C@H]1N2C,5.25885
1411,FDRUOIJOXDAUQN-ZBFHGGJFSA-N,CCNC(=O)Oc1ccc2c(c1)[C@]1(C)CCN(C)[C@@H]1N2C,7.02687
1412,PIJVFDBKTWXHHD-DZGCQCFKSA-N,CNC(=O)Oc1ccc2c(c1)[C@@]1(C)CCN(C)[C@H]1N2C,5.0048
1414,KOFCNZPCQOBXHD-CTNGQTDRSA-N,CC(C)c1ccc(NC(=O)Oc2ccc3c(c2)[C@]2(C)CO[C@@H](C2)O3)cc1,5.46471
1415,MBYLQCWDOYEQRA-MJGOQNOKSA-N,Cc1ccccc1NC(=O)Oc1ccc2c(c1)[C@]1(C)CO[C@@H](C1)O2,7.01323
1416,MBYLQCWDOYEQRA-PKOBYXMFSA-N,Cc1ccccc1NC(=O)Oc1ccc2c(c1)[C@@]1(C)CO[C@H](C1)O2,7.42022
1417,RAANAGIDXYTUAW-OCCSQVGLSA-N,CCNC(=O)Oc1ccc2c(c1)[C@]1(C)CO[C@@H](C1)O2,5.61618
1418,RAANAGIDXYTUAW-GXTWGEPZSA-N,CCNC(=O)Oc1ccc2c(c1)[C@@]1(C)CO[C@H](C1)O2,6.21467
1419,QIYIAVWWIGXXBQ-PZJWPPBQSA-N,CC(C)c1ccc(NC(=O)Oc2ccc3c(c2)[C@@]2(C)CCO[C@H]2O3)cc1,5.17393
1420,JZMKNXICJRCGJX-PKOBYXMFSA-N,Cc1ccccc1NC(=O)Oc1ccc2c(c1)[C@@]1(C)CCO[C@H]1O2,7.4437
1421,JZMKNXICJRCGJX-MJGOQNOKSA-N,Cc1ccccc1NC(=O)Oc1ccc2c(c1)[C@]1(C)CCO[C@@H]1O2,7.668620000000001
1422,ZEZHVLKHFYAVTB-GXTWGEPZSA-N,CCNC(=O)Oc1ccc2c(c1)[C@@]1(C)CCO[C@H]1O2,6.31336
1432,PLKJOOZHDCZCGL-UHFFFAOYSA-N,COc1ccc(CC2=[N+](C)CCc3cc(OC)c(OC)cc32)cc1OC,5.25964
1435,APIOTDBMTZHUEJ-UHFFFAOYSA-N,COc1cc2ccnc(C(O)c3ccccc3OC)c2cc1OC,5.15864
1477,OSZNNLWOYWAHSS-UHFFFAOYSA-M,CN(C)C(=O)Oc1cccc([N+](C)(C)C)c1.COS(=O)(=O)[O-],7.55078
1478,WDHBXSBNUQDWLT-UHFFFAOYSA-N,N#Cc1ccccc1-c1ccc(CN2CCN(C(c3ccc(F)cc3)c3ccc(F)cc3)CC2)cc1,7.13312
1479,CZQFKRLBBDIJNO-UHFFFAOYSA-N,COc1cc(Br)c(CN2CCN(C(c3ccc(F)cc3)c3ccc(F)cc3)CC2)cc1OC,5.99443
1480,VSCFNMVKECXBMF-UHFFFAOYSA-N,Cc1cc2c(cc1CN1CCN(C(c3ccc(F)cc3)c3ccc(F)cc3)CC1)OCO2,5.87234
1481,NCZRUTJVTDTOAX-UHFFFAOYSA-N,CC1=C(CCN2CCN(C(c3ccc(F)cc3)c3ccc(F)cc3)CC2)C(=O)C2CCCCC2=N1,5.96948
1482,CYNVKODZVQUAQS-UHFFFAOYSA-N,Cc1nc2ccccn2c(=O)c1CCN1CCN(C(c2ccc(F)cc2)c2ccc(F)cc2)CC1,5.49435
1483,VFHWFWNFMSLODT-UHFFFAOYSA-N,Fc1ccc(C(c2ccc(F)cc2)N2CCN(CCN3CCCC3)CC2)cc1,7.67778
1484,QVIIDWWABZYHCA-UHFFFAOYSA-N,Fc1ccc(C(c2ccc(F)cc2)N2CCN(CCN3CCCCC3)CC2)cc1,6.8986
1485,ZYSAKJROYRNRCW-UHFFFAOYSA-N,Fc1ccc(C(c2ccc(F)cc2)N2CCN(CCN3CCOCC3)CC2)cc1,6.54638
1486,RVUKPUNERJXZRC-UHFFFAOYSA-N,CC1=CC2Cc3nc4cc(Cl)ccc4c(N)c3C(C1)C2NC=O,7.00877
1490,UEGRKPLAHWHWQQ-UHFFFAOYSA-N,CC1=CC2Cc3nc4cc(Cl)ccc4c(N)c3C(C1)C2N,6.64782
1491,IIGBHFJNVWQBMB-UHFFFAOYSA-N,CC1=CC2Cc3nc4cc(Cl)ccc4c(N)c3C(C1)C2NS(C)(=O)=O,7.39254
1492,ORHYETPDBZUFJW-UHFFFAOYSA-N,COc1cc(C(=O)NNc2c3c(nc4ccccc24)CCCC3)cc(OC)c1OC,6.41341
1493,HZEYALYZZKPABJ-UHFFFAOYSA-N,COc1cc(CCC(=O)NCCCCCC(=O)NNc2c3c(nc4ccccc24)CCCC3)cc(OC)c1OC,8.07624
1494,UZTWTDUISHKFGD-UHFFFAOYSA-N,COc1cc(CCC(=O)NCCCCC(=O)NNc2c3c(nc4ccccc24)CCCC3)cc(OC)c1OC,7.22915
1495,IOOCYIJIKUOHFE-UHFFFAOYSA-N,COc1cc(CCC(=O)NCCCC(=O)NNc2c3c(nc4ccccc24)CCCC3)cc(OC)c1OC,7.14206
1496,XYQHDYWZDYRZLT-UHFFFAOYSA-N,COc1cc(CCC(=O)NCCC(=O)NNc2c3c(nc4ccccc24)CCCC3)cc(OC)c1OC,6.86967
1497,LHUNFEXUROHDNV-UHFFFAOYSA-N,COc1cc(CCC(=O)NCC(=O)NNc2c3c(nc4ccccc24)CCCC3)cc(OC)c1OC,7.39041
1498,ZIHQIMALTYQRGD-UHFFFAOYSA-N,COc1cc(CCC(=O)NNc2c3c(nc4ccccc24)CCCC3)cc(OC)c1OC,6.43771
1499,XYJPAVSBBNRJDP-UHFFFAOYSA-N,COc1cc(C(=O)NCCCCCCCCC(=O)NNc2c3c(cc4ccccc24)CCCC3)cc(OC)c1OC,8.29414
1500,PRXVIQMGMOKJKT-UHFFFAOYSA-N,COc1cc(C(=O)NCCCCCCCC(=O)NNc2c3c(nc4ccccc24)CCCC3)cc(OC)c1OC,8.28067
1501,DSRWIKGFKWYMAF-UHFFFAOYSA-N,COc1cc(C(=O)NCCCCCCC(=O)NNc2c3c(nc4ccccc24)CCCC3)cc(OC)c1OC,8.24795
1502,JYTGRKGSBZXXDK-UHFFFAOYSA-N,COc1cc(C(=O)NCCCCCC(=O)NNc2c3c(nc4ccccc24)CCCC3)cc(OC)c1OC,7.73993
1503,PJWMHJCVVYVTMN-UHFFFAOYSA-N,COc1cc(C(=O)NCCCCC(=O)NNc2c3c(nc4ccccc24)CCCC3)cc(OC)c1OC,7.76955
1504,JJFPAWUNOIIHJP-UHFFFAOYSA-N,COc1cc(C(=O)NCCCC(=O)NNc2c3c(nc4ccccc24)CCCC3)cc(OC)c1OC,6.61798
1505,HHOZIIJUOGFCKO-UHFFFAOYSA-N,COc1cc(C(=O)NCCC(=O)NNc2c3c(nc4ccccc24)CCCC3)cc(OC)c1OC,7.04964
1506,OFCBHLPUPDOGOA-UHFFFAOYSA-N,COc1cc(C(=O)NCC(=O)NNc2c3c(nc4ccccc24)CCCC3)cc(OC)c1OC,7.28735
1508,ZNRGREFWBCWZAU-UHFFFAOYSA-N,CCOC(=O)C1=C(C)Nc2nc3c(c(N)c2C1c1ccc(OC)cc1)CCCC3,6.97881
1509,SCKWNQRIZNNYFA-UHFFFAOYSA-N,CCOC(=O)C1=C(C)Nc2nc3c(c(N)c2C1c1cccc(OC)c1)CCCC3,7.23657
1510,RYUHYOLRLQUVHQ-UHFFFAOYSA-N,CCOC(=O)C1=C(C)Nc2nc3c(c(N)c2C1c1ccccc1OC)CCCC3,6.63078
1511,QTVIWMLMXFVZIY-UHFFFAOYSA-N,CCOC(=O)C1=C(C)Nc2nc3c(c(N)c2C1c1ccc(C)cc1)CCCC3,6.77211
1512,QTWUJCCPMWZOOB-UHFFFAOYSA-N,CCOC(=O)C1=C(C)Nc2nc3c(c(N)c2C1c1ccc([N+](=O)[O-])cc1)CCCC3,6.51004
1513,CWDRVGKNJWGVJS-UHFFFAOYSA-N,CCOC(=O)C1=C(C)Nc2nc3c(c(N)c2C1c1cccc([N+](=O)[O-])c1)CCCC3,6.71897
1514,OWDDOOZVDQHYQH-UHFFFAOYSA-N,CCOC(=O)C1=C(C)Nc2nc3c(c(N)c2C1c1ccccc1[N+](=O)[O-])CCCC3,6.47108
1515,RDDFBAPIHCKOCC-UHFFFAOYSA-N,CCOC(=O)C1=C(C)Nc2nc3c(c(N)c2C1c1ccc(F)cc1)CCCC3,6.71444
1516,POYFPBLOVRVCKS-UHFFFAOYSA-N,CCOC(=O)C1=C(C)Nc2nc3c(c(N)c2C1c1ccccc1)CCCC3,6.91364
1529,CHMZSXAIQRLCLX-UHFFFAOYSA-O,Cc1c2c(cc[n+]1C)c1cc(O)ccc1n2C,5.721625
1531,ICPRLZDLIOARIN-UHFFFAOYSA-O,Cc1c2[nH]c3ccc(O)cc3c2cc[n+]1C,6.0035
1533,OEJPDCAOADNKRJ-UHFFFAOYSA-O,Cn1c2ccc(O)cc2c2cc[n+](C)cc21,5.742365
1535,FTXCPBMJKVPYRT-UHFFFAOYSA-O,C[n+]1ccc2c(c1)[nH]c1ccc(O)cc12,5.376875
1537,GKOBEAWUMYEQIP-UHFFFAOYSA-O,COc1ccc2[nH]c3c(C)[n+](C)ccc3c2c1,6.1094550000000005
1539,DSZQQMUYRCNRKS-UHFFFAOYSA-N,COc1ccc2c(c1)c1cc[n+](C)cc1n2C,5.8705300000000005
1541,UXIBWQLCPYHBSH-UHFFFAOYSA-O,COc1ccc2[nH]c3c[n+](C)ccc3c2c1,5.65679
1555,CAAWONCYYQXLJB-UHFFFAOYSA-N,CCN(CCCCCCNc1ccc(Cc2ccc(NCCCCCCN(CC)Cc3ccccc3OC)cc2)cc1)Cc1ccccc1OC,5.97
1556,OXYGPYKFZHTXST-UHFFFAOYSA-N,CCN(CCCCCCNc1ccc(-c2ccc(NCCCCCCN(CC)Cc3ccccc3OC)cc2)cc1)Cc1ccccc1OC,5.58
1557,MMXVQYINUWPOGL-UHFFFAOYSA-P,CC[N+](C)(CCCCCC(=O)Nc1ccc(CCc2ccc(NC(=O)CCCCC[N+](C)(CC)Cc3ccccc3OC)cc2)cc1)Cc1ccccc1OC,6.91999
1558,JJSKTTNIOYMAJG-UHFFFAOYSA-N,CC[N+](C)(CCCCCC(=O)N1CCC(CCCC2CCN(C(=O)CCCCC[N+](C)(CC)Cc3ccccc3OC)CC2)CC1)Cc1ccccc1OC,8.24003
1559,MKZBCJVAPJMUCL-UHFFFAOYSA-N,CC[N+](C)(CCCCCC(=O)N1CCC(CCC2CCN(C(=O)CCCCC[N+](C)(CC)Cc3ccccc3OC)CC2)CC1)Cc1ccccc1OC,8.24003
1560,JTSFQHSYCFLAHM-UHFFFAOYSA-N,CCN(CCCCCC(=O)Nc1ccc(CCc2ccc(NC(=O)CCCCCN(CC)Cc3ccccc3OC)cc2)cc1)Cc1ccccc1OC,6.77001
1561,RRQRHRADZOPJNL-UHFFFAOYSA-N,CCN(CCCCCC(=O)Nc1ccc(Cc2ccc(NC(=O)CCCCCN(CC)Cc3ccccc3OC)cc2)cc1)Cc1ccccc1OC,7.19997
1562,DQFITZQWLBZWPL-UHFFFAOYSA-N,CCN(CCCCCC(=O)Nc1ccc(-c2ccc(NC(=O)CCCCCN(CC)Cc3ccccc3OC)cc2)cc1)Cc1ccccc1OC,7.44003
1563,OHDAIMUTVTWWBN-UHFFFAOYSA-N,CCN(CCCCCC(=O)N1CCC(CCCC2CCN(C(=O)CCCCCN(CC)Cc3ccccc3OC)CC2)CC1)Cc1ccccc1OC,8.18
1564,OACFNJFRSVQUTM-UHFFFAOYSA-N,CCN(CCCCCC(=O)N1CCC(CCC2CCN(C(=O)CCCCCN(CC)Cc3ccccc3OC)CC2)CC1)Cc1ccccc1OC,8.13001
1565,QGFZYGZFBJAMKK-UHFFFAOYSA-N,CCN(CCCCCC(=O)N1CCC(CC2CCN(C(=O)CCCCCN(CC)Cc3ccccc3OC)CC2)CC1)Cc1ccccc1OC,8.48004
1566,ZKOHODJSCICEFD-UHFFFAOYSA-N,CCN(CCCCCC(=O)N1CCC(C2CCN(C(=O)CCCCCN(CC)Cc3ccccc3OC)CC2)CC1)Cc1ccccc1OC,8.47945
1569,CPLGYLJHIKGTTM-UHFFFAOYSA-N,O=C(CCc1c[nH]c2ccccc12)NCCCCCCNc1c2c(nc3cc(Cl)ccc13)CCCC2,10.1549
1571,NFWZCWJFWPWUFN-UHFFFAOYSA-N,O=C(Cc1c[nH]c2ccccc12)NCCCCCCCNc1c2c(nc3cc(Cl)ccc13)CCCC2,9.69897
1572,FEAVRTOEDVZKCJ-UHFFFAOYSA-N,O=C(Cc1c[nH]c2ccc(Br)cc12)NCCCCCCCNc1c2c(nc3cc(Cl)ccc13)CCCC2,9.43006
1573,WIIKLWSNLFQLLL-UHFFFAOYSA-N,O=C(CCCc1c[nH]c2ccccc12)NCCCCCNc1c2c(nc3cc(Cl)ccc13)CCCC2,9.52288
1580,OTLLABLRJBVBHD-UHFFFAOYSA-N,CN(CCCOc1ccc2c(=O)c3ccccc3oc2c1)Cc1ccccc1,5.57187
1583,APQVLCHKJANNBN-UHFFFAOYSA-N,CCN(CCCCCCCOc1ccc2c(=O)c3ccccc3oc2c1)Cc1ccccc1OC,5.50169
1594,HCYIWPLGUFGDSL-UHFFFAOYSA-N,COc1ccccc1CN(C)CCCCCCCOc1ccc2c(=O)c3ccccc3oc2c1,5.66154
1595,VQPIMTWJBHRDFH-UHFFFAOYSA-N,COc1ccccc1CN(C)CCCOc1ccc2c(=O)c3ccccc3oc2c1,5.46852
1596,YXLAGEWUVMLQRD-UHFFFAOYSA-N,COc1cc2oc3cc(OCCCCCCCN(C)Cc4ccccc4)ccc3c(=O)c2cc1OC,5.63451
1597,OTZUHGHWYCAPIJ-UHFFFAOYSA-N,COc1ccc2c(=O)c3ccc(OCCCCCCCN(C)Cc4ccccc4)cc3oc2c1,5.10568
1603,JUEPMIFCYDBLJZ-UHFFFAOYSA-N,CN(CCCCCCCOc1ccc2c(=O)c3ccccc3oc2c1)Cc1ccccc1,5.54975
1604,NKJXMWCNCBVIAA-UHFFFAOYSA-N,CN(CCCCCCOc1ccc2c(=O)c3ccccc3oc2c1)Cc1ccccc1,5.5391
1605,NDUSIOVFIPORBY-UHFFFAOYSA-N,CN(CCCCCOc1ccc2c(=O)c3ccccc3oc2c1)Cc1ccccc1,5.15657
1606,VUBALVZUDJIWHQ-UHFFFAOYSA-N,CN(CCCCOc1ccc2c(=O)c3ccccc3oc2c1)Cc1ccccc1,5.20412
1610,OZPRPMGGGNQZCR-UHFFFAOYSA-N,COc1cc2cc(-c3ccc(C[N+](C)(C)Cc4ccccc4)cc3)c(=O)oc2cc1OC,7.97881
1613,VUKFZQAYZWJWTL-UHFFFAOYSA-N,COc1cc2oc(-c3ccc(CN(C)Cc4ccccc4)cc3)cc(=O)c2cc1OC,5.50864
1614,HXKHDYYGFATHQZ-UHFFFAOYSA-N,COc1cc2oc(-c3cccc(CN(C)Cc4ccccc4)c3)cc(=O)c2cc1OC,5.64397
1615,UGVDWCWFPOMOMR-UHFFFAOYSA-N,CCN(Cc1ccccc1)Cc1cccc(-c2coc3cc(OC)c(OC)cc3c2=O)c1,5.7986
1616,KZJABZGPRMGEQZ-UHFFFAOYSA-N,COc1cc2occ(-c3cccc(CN(C)Cc4ccccc4)c3)c(=O)c2cc1OC,5.69465
1617,IBPYXVKCOYANPH-UHFFFAOYSA-N,COc1cc2occ(-c3ccc(CN(C)Cc4ccccc4)cc3)c(=O)c2cc1OC,5.91009
1618,WWWLNIZLSIHRAE-UHFFFAOYSA-N,CN(Cc1ccccc1)Cc1ccc(-c2cc3cc(N)ccc3oc2=O)cc1,6.55129
1619,YOADEHMCUGVQME-UHFFFAOYSA-N,CN(Cc1ccccc1)Cc1ccc(-c2cc3cc([N+](=O)[O-])ccc3oc2=O)cc1,6.82974
1620,VFAABMDLNHZKGL-UHFFFAOYSA-N,COc1cc2cc(-c3ccc(CN(CCO)Cc4ccccc4)cc3)c(=O)oc2cc1OC,7.30715
1621,PNZIOQNBQOTGPK-UHFFFAOYSA-N,CCN(Cc1ccccc1)Cc1ccc(-c2cc3cc(OC)c(OC)cc3oc2=O)cc1,7.73755
1622,HOAWDZNYQXALRG-UHFFFAOYSA-N,COc1ccc(CN(C)Cc2ccc(-c3cc4cc(OC)c(OC)cc4oc3=O)cc2)cc1,5.64589
1623,UIALHYCUMNMDDP-UHFFFAOYSA-N,COc1cccc(CN(C)Cc2ccc(-c3cc4cc(OC)c(OC)cc4oc3=O)cc2)c1,6.1463
1624,WGNYJSHONXWUNW-UHFFFAOYSA-N,COc1ccccc1CN(C)Cc1ccc(-c2cc3cc(OC)c(OC)cc3oc2=O)cc1,7.20691
1625,RNNHOLLWKOWGSG-UHFFFAOYSA-N,COc1cc2cc(-c3ccc(CN(C)Cc4ccc(C)cc4)cc3)c(=O)oc2cc1OC,6.50864
1626,BIGKNZBLJTVJKF-UHFFFAOYSA-N,COc1cc2cc(-c3ccc(CN(C)Cc4cccc(C)c4)cc3)c(=O)oc2cc1OC,6.91364
1627,XZUBXCWVPOEDDO-UHFFFAOYSA-N,COc1cc2cc(-c3ccc(CN(C)Cc4ccccc4C)cc3)c(=O)oc2cc1OC,6.43652
1629,QKFXUJGKQVMLDB-UHFFFAOYSA-N,COc1cc2cc(-c3ccc(CN(C)Cc4cccc([N+](=O)[O-])c4)cc3)c(=O)oc2cc1OC,6.43415
1630,YNJVJLWDZRPHHU-UHFFFAOYSA-N,COc1cc2cc(-c3ccc(CN(C)Cc4ccccc4[N+](=O)[O-])cc3)c(=O)oc2cc1OC,6.00568
1631,LCBAVKSTBQRTAA-UHFFFAOYSA-N,COc1ccc2oc(=O)c(-c3ccc(CN(C)Cc4ccccc4)cc3)cc2c1,6.78781
1632,FIEUWEAPAWAGIC-UHFFFAOYSA-N,COc1ccc2oc(=O)c(-c3cccc(CN(C)Cc4ccccc4)c3)cc2c1,6.51856
1633,IQFPRNPELAMHHT-UHFFFAOYSA-N,COc1ccc2cc(-c3ccc(CN(C)Cc4ccccc4)cc3)c(=O)oc2c1,6.04964
1634,HKDKMWFYFZIROV-UHFFFAOYSA-N,COc1ccc2cc(-c3cccc(CN(C)Cc4ccccc4)c3)c(=O)oc2c1,5.64016
1635,LEKNRHNLBQAACF-UHFFFAOYSA-N,COc1cc2cc(-c3cccc(CN(C)Cc4ccccc4)c3)c(=O)oc2cc1OC,6.69465
1643,PBZSJALBPJPRTC-UHFFFAOYSA-N,CCN(CCCCCCNC1=CC(=O)C(NCCCCCCN(CC)Cc2ccncc2)=CC1=O)Cc1ccncc1,6.7167
1644,VKEXSSDEPPNXTH-UHFFFAOYSA-N,CCN(CCCCCCNC1=CC(=O)C(NCCCCCCN(CC)Cc2cccnc2)=CC1=O)Cc1cccnc1,6.87615
1645,ZQZXUEWGYNOIRY-UHFFFAOYSA-N,CCN(CCCCCCNC1=CC(=O)C(NCCCCCCN(CC)Cc2ccccn2)=CC1=O)Cc1ccccn1,6.90309
1646,HNOUEYJFOGZGJQ-UHFFFAOYSA-N,CCN(CCCCCCNC1=CC(=O)C(NCCCCCCN(CC)Cc2cccs2)=CC1=O)Cc1cccs1,7.21896
1647,YKCMZUSFFWAFBL-UHFFFAOYSA-N,CCN(CCCCCCNC1=CC(=O)C(NCCCCCCN(CC)Cc2ccco2)=CC1=O)Cc1ccco1,6.84164
1648,YKPZRVJZMVTFRH-UHFFFAOYSA-N,CCN(CCCCCCNC1=CC(=O)C(NCCCCCCN(CC)Cc2ccccc2[N+](=O)[O-])=CC1=O)Cc1ccccc1[N+](=O)[O-],5.63639
1649,NDXMYEYXNUVGFB-UHFFFAOYSA-N,CCN(CCCCCCNC1=CC(=O)C(NCCCCCCN(CC)Cc2ccccc2Cl)=CC1=O)Cc1ccccc1Cl,6.22695
1650,FJCJZHJMWARDKI-UHFFFAOYSA-N,CCN(CCCCCCNC1=CC(=O)C(NCCCCCCN(CC)Cc2ccccc2C)=CC1=O)Cc1ccccc1C,7.14327
1651,WDAJTWMMIMSMEW-UHFFFAOYSA-N,CCN(CCCCCCNC1=CC(=O)C(NCCCCCCN(CC)Cc2cccc(OC)c2)=CC1=O)Cc1cccc(OC)c1,7.86012
1652,KJZRQUDVRXBXSS-UHFFFAOYSA-N,CCN(CCCCCCNC1=CC(=O)C(NCCCCCCN(CC)Cc2ccc(OC)cc2)=CC1=O)Cc1ccc(OC)cc1,7.29158
1653,KBWUBMMFRHZIRD-UHFFFAOYSA-N,CCN(CCCCCCNC1=CC(=O)C(NCCCCCCN(CC)Cc2ccccc2)=CC1=O)Cc1ccccc1,7.1349
1654,JLHSATALQPHQDC-UHFFFAOYSA-N,COc1ccccc1CN(CCCCCCNC1=CC(=O)C(NCCCCCCN(Cc2ccccc2OC)C(C)C)=CC1=O)C(C)C,7.88941
1655,MMZMCKHUJWUWHI-UHFFFAOYSA-N,COc1ccccc1CN(C)CCCCCCNC1=CC(=O)C(NCCCCCCN(C)Cc2ccccc2OC)=CC1=O,7.10902
1656,WGCPPVBZEQSYPG-UHFFFAOYSA-N,COc1ccccc1CNCCCCCCNC1=CC(=O)C(NCCCCCCNCc2ccccc2OC)=CC1=O,6.91009
1658,RDLNLBPKLFQKGQ-UHFFFAOYSA-N,CCN(CCCCCCNC1=CC(=O)C(NCCCCCCN(CC)CCc2ccccc2OC)=CC1=O)CCc1ccccc1OC,7.76195
1659,YEHMYNHJNYGLSL-UHFFFAOYSA-N,CCN(CCCCCCCNC1=CC(=O)C(NCCCCCCCN(CC)Cc2ccccc2OC)=CC1=O)Cc1ccccc1OC,8.10846
1660,QBDPPJAQPGYPIJ-UHFFFAOYSA-N,CCN(CCCCCNC1=CC(=O)C(NCCCCCN(CC)Cc2ccccc2OC)=CC1=O)Cc1ccccc1OC,8.62709
1661,IHFVYVHVDULYKF-UHFFFAOYSA-N,CCN(CCCCNC1=CC(=O)C(NCCCCN(CC)Cc2ccccc2OC)=CC1=O)Cc1ccccc1OC,7.86646
1662,GWPNFCVXNGPDFU-UHFFFAOYSA-N,CCN(CCCNC1=CC(=O)C(NCCCN(CC)Cc2ccccc2OC)=CC1=O)Cc1ccccc1OC,8.64782
1663,YBQQXJJEGWLVHY-UHFFFAOYSA-N,CCN(CCNC1=CC(=O)C(NCCN(CC)Cc2ccccc2OC)=CC1=O)Cc1ccccc1OC,7.21112
1664,LDVMPEHILZZOPY-UHFFFAOYSA-N,CCN(CCCCCCNc1ccc(NCCCCCCN(CC)Cc2ccccc2OC)cc1)Cc1ccccc1OC,7.37161
1665,BZOAUPBJWLIPPX-UHFFFAOYSA-N,CCN(CCCCCCNC1=C(c2ccccc2)C(=O)C(NCCCCCCN(CC)Cc2ccccc2OC)=C(c2ccccc2)C1=O)Cc1ccccc1OC,6.91009
1666,LHWJPLLEASADRZ-UHFFFAOYSA-N,CCN(CCCCCCNC1=C(C)C(=O)C(NCCCCCCN(CC)Cc2ccccc2OC)=C(C)C1=O)Cc1ccccc1OC,8.02228
1667,UNBNSDOHDINFJF-UHFFFAOYSA-N,CCN(CCCCCCNC1=C(Br)C(=O)C(NCCCCCCN(CC)Cc2ccccc2OC)=C(Br)C1=O)Cc1ccccc1OC,8.57512
1668,OJNIVWNIMGRIAQ-UHFFFAOYSA-N,CCN(CCCCCCNC1=C(Cl)C(=O)C(NCCCCCCN(CC)Cc2ccccc2OC)=C(Cl)C1=O)Cc1ccccc1OC,8.5157
1669,IXPJIDYZLDKESL-UHFFFAOYSA-N,CCN(CCCCCCNC1=C(F)C(=O)C(NCCCCCCN(CC)Cc2ccccc2OC)=C(F)C1=O)Cc1ccccc1OC,8.28651
1670,YGXZRKFALVLGOZ-UHFFFAOYSA-N,COc1ccccc1CNCCCCCC(=O)N1CCC(CCC2CCN(C(=O)CCCCCNCc3ccccc3OC)CC2)CC1,6.86999
1671,JCBGAEQLPPOPDK-UHFFFAOYSA-N,COc1ccccc1CNCCCCCCN1CCC(CCC2CCN(CCCCCCNCc3ccccc3OC)CC2)CC1,5.89
1672,KWEQEHOPDHARIA-UHFFFAOYSA-N,CCCCC1=NC2(CCCC2)C(=O)N1Cc1ccc(-c2ccccc2C#N)cc1,7.08355
1673,NZQPLTFMMZVHAD-UHFFFAOYSA-N,CCCCC1=NC2(CCCC2)C(=O)N1Cc1ccc(Br)cc1,7.1549
1674,VPOTWSUIDKEOHK-UHFFFAOYSA-N,CCCCC1=NC2(CCCC2)C(=O)N1Cc1ccc(-c2ccccc2C(=O)OC(C)(C)C)cc1,6.57057
1675,XYYYFJUWDFFJAL-UHFFFAOYSA-N,CCCCC1=NC2(CCCC2)C(=O)N1Cc1ccc(-c2ccccc2C(=O)OC)cc1,6.6187
1676,QDFOCDSQMLOJPC-UHFFFAOYSA-N,CCCCC1=NC2(CCCC2)C(=O)N1Cc1ccc(-c2ccccc2-n2nnnc2C(c2ccccc2)(c2ccccc2)c2ccccc2)cc1,6.41623
1677,GMYZYXFDWJWXDK-UHFFFAOYSA-N,CCCCC1=NC2(CCCC2)C(=O)N1CC(=O)c1ccc(Cl)cc1,6.54303
1678,MPYRVOAJFAMHDI-UHFFFAOYSA-N,CCCCC1=NC2(CCCC2)C(=O)N1Cc1cc2c(cc1C)OCO2,6.63545
1679,MSFLLWRKYGCUSF-UHFFFAOYSA-N,CCCCC1=NC2(CCCC2)C(=O)N1CCN1C(=O)c2ccccc2C1=O,6.63676
1680,ZAVGGNVFCVGTHW-UHFFFAOYSA-N,CCCCC1=NC2(CCCC2)C(=O)N1Cc1ccc([N+](=O)[O-])cc1,6.86838
1681,BLWBCYSXCOJFMJ-UHFFFAOYSA-N,CCCCC1=NC2(CCCC2)C(=O)N1Cc1cc(OC)c(OC)cc1Br,7.08355
1684,UJEITHAGAPDLTG-JYEUPPAVSA-N,CC[C@H](C)C1=N[C@H]2CC=C3C[C@H]4C(=O)C[C@]5(C)[C@@H]([C@H](C)N(C)C)[C@H](O)C[C@@]5(C)[C@@H]4CC[C@H]3[C@]2(C)CN1,5.41657
1685,VWLHALGORHXQJY-MFZOBWRWSA-N,CC[C@H](C)C1=N[C@H]2CC[C@]34C[C@]35C(=O)C[C@]3(C)[C@@H]([C@H](C)N(C)C)[C@H](O)C[C@@]3(C)[C@@H]5CC[C@H]4[C@]2(C)CN1,5.35972
1686,SFXVFHUGPHQWAG-PDIVMOMKSA-N,CC(C)C1=N[C@H]2CC[C@]34C[C@]35C(=O)C[C@]3(C)[C@@H]([C@H](C)N(C)C)[C@H](O)C[C@@]3(C)[C@@H]5CC[C@H]4[C@]2(C)CN1,5.50752
1687,UQAHSQZJTMTZHV-NAPGQHCVSA-N,CN[C@@H](C)[C@H]1[C@H](O)C[C@@]2(C)[C@@H]3CC[C@@H]4C(=CC[C@@H]5N=C(C(C)C)OC[C@]54C)C[C@H]3C(=O)C[C@]12C,6.28651
1688,BQTQETQQERDQEX-ZDVKWCFPSA-N,CC(C)C1=N[C@H]2CC=C3C[C@H]4C(=O)C[C@]5(C)[C@@H]([C@H](C)N(C)C)[C@H](OC(=O)C(C)(C)C)C[C@@]5(C)[C@@H]4CC[C@H]3[C@]2(C)CO1,6.07624
1689,NSFFTMSKXQWKRS-JYEUPPAVSA-N,CC[C@H](C)C1=N[C@H]2CC=C3C[C@H]4C(=O)C[C@]5(C)[C@@H]([C@H](C)N(C)C)[C@H](O)C[C@@]5(C)[C@@H]4CC[C@H]3[C@]2(C)CO1,6.57675
1690,UGJGWPDUYBCBOG-OAOQIFMYSA-N,C[C@@H]([C@H]1[C@H](O)C[C@@]2(C)[C@@H]3CC[C@@H]4C(=CC[C@@H]5N=C(C(C)(C)C)OC[C@]54C)C[C@H]3C(=O)C[C@]12C)N(C)C,6.45469
1691,PFZGYKJSYVRLLH-HUASUHLISA-N,CC1=N[C@H]2CC=C3C[C@H]4C(=O)C[C@]5(C)[C@@H]([C@H](C)N(C)C)[C@H](O)C[C@@]5(C)[C@@H]4CC[C@H]3[C@]2(C)CO1,5.2805
1692,AICOOMRHRUFYCM-RAQALPRNSA-N,CC(C)C1=N[C@H]2CC=C3CC4C(=O)C[C@]5(C)[C@@H]([C@H](C)N(C)C)[C@H](O)C[C@@]5(C)[C@@H]4CC[C@H]3[C@]2(C)CO1,6.52433
1729,QQOQYSRVJHIFNC-UHFFFAOYSA-O,CC[N+](CC)(CC)CCOc1ccc(C(=O)NCCCCCC(=O)NNc2c3c(nc4ccccc24)CCCC3)cc1,8.11862
1733,SIRDYHJXMICQFA-UHFFFAOYSA-P,CC[N+](CC)(CC)CCOc1cc(OCC[N+](CC)(CC)CC)c(C(=O)NCCCCCC(=O)NNc2c3c(nc4cc(Cl)ccc24)CCCC3)cc1OCC[N+](CC)(CC)CC,8.18442
1734,WJFJEDDYGFJHOF-UHFFFAOYSA-P,CC[N+](CC)(CC)CCOc1cc(OCC[N+](CC)(CC)CC)c(C(=O)NCCCCCC(=O)NNc2c3c(nc4ccccc24)CCCC3)cc1OCC[N+](CC)(CC)CC,7.63451
1735,HSAIXSYFGMGWPJ-UHFFFAOYSA-P,CC[N+](CC)(CC)CCOc1cc(OCC[N+](CC)(CC)CC)cc(C(=O)NCCCCCC(=O)NNc2c3c(nc4cc(Cl)ccc24)CCCC3)c1,8.1707
1736,VIYONFXJRFZLAO-UHFFFAOYSA-P,CC[N+](CC)(CC)CCOc1cc(OCC[N+](CC)(CC)CC)cc(C(=O)NCCCCCC(=O)NNc2c3c(nc4ccccc24)CCCC3)c1,7.80134
1737,SRSKXXPERFQRQE-UHFFFAOYSA-O,CC[N+](CC)(CC)CCOc1ccc(C(=O)NCCCCCC(=O)NNc2c3c(nc4cc(Cl)ccc24)CCCC3)cc1,8.2644
1740,YIEHIIKZXHJHAT-UHFFFAOYSA-N,c1ccc2c(NCCOCCOCCNc3c4c(nc5ccccc35)CCCC4)c3c(nc2c1)CCCC3,7.70553
1741,WLFOCPXAEKVJHV-UHFFFAOYSA-N,O=C(NCCNc1c2c(nc3ccccc13)CCCC2)C(=O)NCCNc1c2c(nc3ccccc13)CCCC2,8.17718
1742,NDGYHTJSFXYWDD-UHFFFAOYSA-N,O=C(CCCNc1c2c(nc3ccccc13)CCCC2)CCCNc1c2c(nc3ccccc13)CCCC2,8.73755
1745,BIGUPJIJZYZJMV-VIBAHUMZSA-N,CC(=O)O[C@H]1[C@H]2c3cc4c(cc3CN3CCC(=C[C@@H]1O)[C@H]23)OCO4,6.01773
1746,JSGDAMUNBMFHFH-UHFFFAOYSA-N,COc1cc2c(cc1OC)-c1cccc3c1N(CC3)C2,5.41229
1747,OYSGWKOGUVOGFQ-RBOXIYTFSA-N,CN1CC[C@@]23C=C[C@H](O)C[C@@H]2Oc2c(O)ccc(c23)C1,7.0
1748,YLFKDWVECRVHGB-CVGURMSBSA-N,COc1ccc2c3c1O[C@H]1C[C@H](O)C=C[C@@]31[C@H](O)CN(C)C2,5.04528
1749,YLFKDWVECRVHGB-SYEQVDHESA-N,COc1ccc2c3c1O[C@H]1C[C@@H](O)C=C[C@@]31[C@H](O)CN(C)C2,5.79317
1754,NDQRWOMGPUUCEK-LMWIJYBJSA-N,COc1cc2c(cc1OC)[C@]1(OC2=O)[C@H](O)[C@@H](O)C=C2CCN(C)[C@H]21,5.63451
1755,UAJBMQOTHJIJOI-WBIUFABUSA-N,Oc1ccc2c3c1O[C@H]1C[C@@H](O)C=C[C@@]31CCNC2,5.84466
1756,DFQOXFIPAAMFAU-UHFFFAOYSA-N,[O-]c1cc2c3c(c1)c1cc4c(cc1c[n+]3CC2)OCO4,5.41454
1761,AGBQKNBQESQNJD-UHFFFAOYSA-N,O=C(O)CCCCC1CCSS1,9.0
1762,IBPWGZKZWJYGLA-UHFFFAOYSA-N,c1ccc2c(NCCc3ccc(OCCCN4CCCCC4)cc3)c3c(nc2c1)CCCC3,8.58503
1769,QYAGHNCHSVGMMO-UHFFFAOYSA-N,Cc1c(C)c2ccc(OCc3cccc(Cl)c3)cc2oc1=O,5.49634
1774,NLCQQMLZYJKGLV-UHFFFAOYSA-O,COc1ccccc1CNCCCNCCCNCCC[n+]1c(-c2ccccc2)c2cc(N)ccc2c2ccc(N)cc21,6.02136
1791,QLRUDVGUKJOCFW-PCLIKHOPSA-N,Clc1cccc(Cl)c1CO/N=C/c1cc[n+](CCCc2ccccc2)cc1,6.74473
1792,RAHLDBGBLYIYDN-WKCPDWHCSA-N,Clc1cccc(Cl)c1CO/N=C/c1cc[n+](CCC[n+]2ccc(/C=N/OCc3c(Cl)cccc3Cl)cc2)cc1,5.22185
1795,ILLXXNMTJSHHII-GZTJUZNOSA-N,CCN(Cc1ccccc1)Cc1ccc(-c2cc3ccc(OCCNC(=O)/C=C/c4ccc(Cl)c(Cl)c4)cc3oc2=O)cc1,5.37366
1796,QTSCLJVLMGAFJO-UHFFFAOYSA-N,CCN(Cc1ccccc1)Cc1ccc(-c2cc3ccc(OCCNC(=O)CCc4ccc(F)c(F)c4)cc3oc2=O)cc1,6.48545
1797,OCCKNKZEIGZTKX-XNTDXEJSSA-N,CCN(Cc1ccccc1)Cc1ccc(-c2cc3ccc(OCCNC(=O)/C=C/c4cc(F)cc(F)c4)cc3oc2=O)cc1,5.34008
1798,GRPPZHNSLSWJDA-UHFFFAOYSA-N,CCN(Cc1ccccc1)Cc1ccc(-c2cc3ccc(OCCNC(=O)Cc4cc(F)cc(F)c4)cc3oc2=O)cc1,6.74232
1800,VXLNOYAINXJRCV-UHFFFAOYSA-N,CCN(Cc1ccccc1)Cc1ccc(-c2cc3cc(OCCNC(=O)CCc4ccc(F)c(F)c4)ccc3oc2=O)cc1,5.55752
1801,OWHHSAFAYNBMOB-XNTDXEJSSA-N,CCN(Cc1ccccc1)Cc1ccc(-c2cc3cc(OCCNC(=O)/C=C/c4cc(F)cc(F)c4)ccc3oc2=O)cc1,5.14509
1802,YWZCKVAHVJWALI-UHFFFAOYSA-N,CCN(Cc1ccccc1)Cc1ccc(-c2cc3cc(OCCNC(=O)Cc4cc(F)cc(F)c4)ccc3oc2=O)cc1,6.25885
1803,FWBFWRIDEUVUDF-UHFFFAOYSA-N,O=C(CO[N+](=O)[O-])NCCCNc1c2c(nc3ccccc13)CCCC2,7.54975
1805,NDNHQHDGXMCKAU-UHFFFAOYSA-N,CC(C)(C)C(=O)NCCCCNc1c2c(nc3ccccc13)CCCC2,7.66555
1806,VVIZOXPPUTVPJG-UHFFFAOYSA-N,CC(C)(CO[N+](=O)[O-])C(=O)NCCCCNc1c2c(nc3ccccc13)CCCC2,6.64589
1807,NMEYTSAYEUBPIY-UHFFFAOYSA-N,CC(C)(CO[N+](=O)[O-])C(=O)NCCCNc1c2c(nc3ccccc13)CCCC2,7.15802
1808,UTKJEOLRINOQLT-OHYPFYFLSA-N,O=C(CO/N=[N+](\[O-])N1CCCC1)NCCCCNc1c2c(nc3ccccc13)CCCC2,7.29499
1809,ZMBLKJNXJLBMMG-SGEDCAFJSA-N,O=C(CO/N=[N+](\[O-])N1CCCC1)NCCCNc1c2c(nc3ccccc13)CCCC2,7.44977
1810,GWQSPHDARHMRIN-UHFFFAOYSA-N,O=[N+]([O-])OCCCCCCNCCCCNc1c2c(nc3ccccc13)CCCC2,7.74232
1811,NJRCJWGDCROWEJ-UHFFFAOYSA-N,O=[N+]([O-])OCCCNCCCCNc1c2c(nc3ccccc13)CCCC2,8.25181
1812,IFIQVKGESREEDD-UHFFFAOYSA-N,O=[N+]([O-])OCCNCCCCNc1c2c(nc3ccccc13)CCCC2,7.95468
1813,KDYGCIXCFTVKNZ-UHFFFAOYSA-N,O=[N+]([O-])OCCCCCCNCCCNc1c2c(nc3ccccc13)CCCC2,8.20066
1814,ZXUFVYAMHXGBOE-UHFFFAOYSA-N,O=[N+]([O-])OCCCNCCCNc1c2c(nc3ccccc13)CCCC2,8.19382
1815,YECKWNRTEHRPOA-UHFFFAOYSA-N,O=[N+]([O-])OCCNCCCNc1c2c(nc3ccccc13)CCCC2,8.0
1816,FZBSIZBRWNKKOD-UHFFFAOYSA-N,O=C(CCO[N+](=O)[O-])NCCCCNc1c2c(nc3ccccc13)CCCC2,7.34008
1817,XABKLWBYRPEVGJ-UHFFFAOYSA-N,O=C(CO[N+](=O)[O-])NCCCCNc1c2c(nc3ccccc13)CCCC2,7.64589
1818,WULXLMMPBPDQLA-UHFFFAOYSA-N,O=C(CCO[N+](=O)[O-])NCCCNc1c2c(nc3ccccc13)CCCC2,7.03152
1819,PTKHFRNHJULJKT-UHFFFAOYSA-N,c1cc(OCCCN2CCCCC2)ccc1CN1CCCCC1,5.49485
1821,MTCUAOILFDZKCO-UHFFFAOYSA-N,C[N+](C)(C)CCCCCCCCCC[N+](C)(C)C,5.614575
1822,OVDJDGHFBGJJHZ-UHFFFAOYSA-N,OCCC1CCN(Cc2ccc(OCCCN3CCCCC3)cc2)CC1,6.45593
1823,CEVWULHGGQMGPD-UHFFFAOYSA-N,OCC1CCN(Cc2ccc(OCCCN3CCCCC3)cc2)CC1,5.95861
1824,OZHWKCSDZSJHKE-UHFFFAOYSA-N,OC1CCN(Cc2ccc(OCCCN3CCCCC3)cc2)CC1,5.63827
1826,PCOSLLZEMYSIRZ-XPSQVAKYSA-N,CC[C@@]1(c2cccc(O)c2)CCCCN(CCCCCCCCCCN2CCCC[C@@](CC)(c3cccc(O)c3)C2)C1,5.23657
1844,JGVUURLOQKRQKQ-ZLTQYVKSSA-N,C/C=C(\C)C(=O)N[C@H]1CC[C@]2(C)[C@H]3CC[C@]4(C)[C@@H]([C@H](C)NC)CC[C@H]4[C@@H]3CC[C@H]2[C@H]1OC(C)=O,5.09151
1845,CLUQFEVBBPGSGA-FXLGMTMQSA-N,CN[C@@H](C)[C@H]1CC[C@H]2[C@@H]3CC=C4C(=O)[C@@H](NC(=O)C=C(C)C)CC[C@]4(C)[C@H]3CC[C@]12C,5.00436
1854,BLQBKXIXNYWZQU-UHFFFAOYSA-N,COc1cc2c(cc1OC)CC(CC1CCN(CCCNc3c4c(nc5cc(Cl)ccc35)CCCC4)CC1)C2,8.97469
1855,POLUICWPCFPRKU-UHFFFAOYSA-N,COc1cc2c(cc1OC)CC(CC1CCN(CCNc3c4c(nc5cc(Cl)ccc35)CCCC4)CC1)C2,8.58503
1856,QCWIFUIODMJCQB-UHFFFAOYSA-N,COc1cc2c(cc1OC)CC(CC1CCN(CCCNc3c4c(nc5ccccc35)CCCC4)CC1)C2,8.66555
1857,GQLCFFCJURYPPV-UHFFFAOYSA-N,COc1cc2c(cc1OC)CC(CC1CCN(CCNc3c4c(nc5ccccc35)CCCC4)CC1)C2,8.28988
1858,JLXTZNCTOFGHRK-UHFFFAOYSA-N,COc1cc2c(cc1OC)C(=O)C(CC1CCN(CCCNc3c4c(nc5cc(Cl)ccc35)CCCC4)CC1)C2,9.56864
1859,FNBJPXIAYRUTAU-UHFFFAOYSA-N,COc1cc2c(cc1OC)C(=O)C(CC1CCN(CCNc3c4c(nc5cc(Cl)ccc35)CCCC4)CC1)C2,9.17393
1860,IWFRXMAENNIBJM-UHFFFAOYSA-N,COc1cc2c(cc1OC)C(=O)C(CC1CCN(CCCNc3c4c(nc5ccccc35)CCCC4)CC1)C2,9.05552
1881,ZVPMATGRPXLGBJ-UHFFFAOYSA-N,CCN(CCCCCCn1c(=O)c2cc3c(=O)n(CCCCCCN(CC)Cc4ccccc4OC)c(=O)c3cc2c1=O)Cc1ccccc1OC,8.11351
1882,BLQXTZGJGNTPNF-UHFFFAOYSA-N,CCN(CCCCCCN1C(=O)c2ccc(-c3ccc4c(c3)C(=O)N(CCCCCCN(CC)Cc3ccccc3OC)C4=O)cc2C1=O)Cc1ccccc1OC,7.85387
1883,AHIBLNIHLALZKU-UHFFFAOYSA-N,CCN(CCCCCCN1CCN(CCCCCCN(CC)Cc2ccccc2OC)C1=O)Cc1ccccc1OC,7.14026
1884,DKVWATCLAJZDGY-UHFFFAOYSA-N,CCN(CCCCCCn1c(=O)c(=O)n(CCCCCCN(CC)Cc2ccccc2OC)c2ccccc21)Cc1ccccc1OC,8.85078
1885,RCSRPMHQFUUQRZ-UHFFFAOYSA-N,CCN(CCCCCCN1CC(=O)N(CCCCCCN(CC)Cc2ccccc2OC)CC1=O)Cc1ccccc1OC,7.7986
1886,UVLGFHNNOKFLBK-UHFFFAOYSA-N,CCN(CCCCCCN1CCN(CCCCCCN(CC)Cc2ccccc2OC)C(=O)C1=O)Cc1ccccc1OC,7.16178
1887,LLTRKBUBECHOPI-UHFFFAOYSA-N,CCN(CCCCCC(=O)N1Cc2ccc3c4c(ccc(c24)C1)CN(C(=O)CCCCCN(CC)Cc1ccccc1OC)C3)Cc1ccccc1OC,8.31605
1888,LUFIJPVBOMMOLK-AQOCXMLWSA-N,CCN(CCCCCC(=O)N[C@H]1CC[C@H](NC(=O)CCCCCN(CC)Cc2ccccc2OC)CC1)Cc1ccccc1OC,5.06803
1889,BBDGMRAXJHQKAS-HEVIKAOCSA-N,CCN(CCCCCC(=O)N[C@H]1CCCC[C@@H]1NC(=O)CCCCCN(CC)Cc1ccccc1OC)Cc1ccccc1OC,5.26201
1890,BBDGMRAXJHQKAS-AQOUDTPCSA-N,CCN(CCCCCC(=O)N[C@H]1CCCC[C@H]1NC(=O)CCCCCN(CC)Cc1ccccc1OC)Cc1ccccc1OC,5.38091
1891,OBHYIKJNEIZSIH-UHFFFAOYSA-N,CCN(CCCCCC(=O)N1CCN(C(=O)CCCCCN(CC)Cc2ccccc2OC)CC1)Cc1ccccc1OC,7.59007
1896,DXPIHMLIHBJICH-UHFFFAOYSA-N,CCN(CCCCCCN1C(=O)c2cccc3cccc(c23)C1=O)Cc1ccccc1OC,7.27165
1902,QTEXQXLUTOICEV-UHFFFAOYSA-N,COc1ccc(C(=O)c2ccc(CN(C)Cc3ccccc3)cc2)cc1OC,6.33724
1903,DPOLQHGQIDYDMV-UHFFFAOYSA-N,CCN(Cc1ccccc1)Cc1ccc(C(=O)c2ccc(OC)c(OC)c2)cc1,6.24413
1904,RZOHJSQDLPUILR-UHFFFAOYSA-N,COc1ccc(C(=O)c2ccc(CN(CCO)Cc3ccccc3)cc2)cc1OC,5.85078
1905,SZSKZDFELQPJIB-UHFFFAOYSA-N,COc1ccc(C(=O)c2ccc(CN(C)Cc3ccccc3)cc2)cc1F,5.8041
1906,IVCCFUHRUFOLOP-UHFFFAOYSA-N,COc1ccc(C(=O)c2ccc(CN(C)Cc3cccc(C)c3)cc2)cc1OC,5.78252
1907,WQQMJTPJWKIZIZ-UHFFFAOYSA-N,COc1ccc(C(=O)c2ccc(CN(C)Cc3ccccc3)cc2)cc1,5.73993
1908,YLNYALYMIPJJMT-JXMROGBWSA-N,COc1ccc(C(=O)c2ccc(/C=C/CN(C)Cc3ccccc3)cc2)cc1OC,5.67778
1909,VNQCVFGDGAJHND-UHFFFAOYSA-N,COc1ccc(C(=O)c2ccc(CN(C)CCN(C)C)cc2)cc1OC,5.62525
1910,RDCJYQBTRRZJDX-UHFFFAOYSA-N,COc1ccccc1CN(C)Cc1ccc(C(=O)c2ccc(OC)c(OC)c2)cc1,5.43063
1911,QWQUTXMNDAXDHI-UHFFFAOYSA-N,COc1ccc(C(=O)c2ccc(CN(C)Cc3cccc([N+](=O)[O-])c3)cc2)cc1OC,5.36957
1912,ZJYMHWZZRSPNMH-UHFFFAOYSA-N,COc1ccc(C(=O)c2ccc(CN(CCN(C)C)Cc3ccccc3)cc2)cc1OC,5.06349
1918,ZNRGREFWBCWZAU-IBGZPJMESA-N,CCOC(=O)C1=C(C)Nc2nc3c(c(N)c2[C@H]1c1ccc(OC)cc1)CCCC3,7.39684
1920,JYCNMGJHVNKCCF-UHFFFAOYSA-N,CCOC(=O)C1=C(C)Nc2nc3c(c(N)c2C1c1ccncc1)CCCC3,6.6517
1921,ONYCNUPACZTCCG-UHFFFAOYSA-N,CCOC(=O)C1=C(C)Nc2nc3c(c(N)c2C1c1cccnc1)CCCC3,6.80134
1922,AAEYHJGXSUBKQJ-UHFFFAOYSA-N,CCOC(=O)C1=C(C)Nc2nc3c(c(N)c2C1c1ccc(OC)c(OC)c1)CCCC3,7.34679
1926,ZRWLPNPYQIGISH-UHFFFAOYSA-N,CCOC(=O)C1=C(C)Nc2nc3c(c(N)c2C1c1ccc(-c2ccccc2)cc1)CCCC3,7.14874
1931,YPJRDGRZUYIHEH-UHFFFAOYSA-N,CCOC(=O)C1=C(C)Nc2nc3c(c(N)c2C1c1ccccc1C(F)(F)F)CCCC3,6.64589
1934,ZNRGREFWBCWZAU-LJQANCHMSA-N,CCOC(=O)C1=C(C)Nc2nc3c(c(N)c2[C@@H]1c1ccc(OC)cc1)CCCC3,6.42251
1936,MTAWKURMWOXCEO-UHFFFAOYSA-N,COc1ccc2c(=O)oc3c(OC)cc(CCN(C)C)c4c(=O)oc1c2c34,6.26761
1939,LPEKEPLZQKHSPL-UHFFFAOYSA-N,Clc1ccc2c(NCCCNCCCOc3cccc4[nH]c5ccccc5c34)c3c(nc2c1)CCCC3,8.66756
1941,CFVHUTNSNQLFIJ-UHFFFAOYSA-N,Clc1ccc2c(NCCCNCCCCCCOc3cccc4[nH]c5ccccc5c34)c3c(nc2c1)CCCC3,8.59007
1942,NFCKRAFHWQEUBC-UHFFFAOYSA-N,Clc1ccc2c(NCCCNCCCCCOc3cccc4[nH]c5ccccc5c34)c3c(nc2c1)CCCC3,8.81248
1943,CMKFVCOUPURYTM-UHFFFAOYSA-N,Clc1ccc2c(NCCCNCCCCOc3cccc4[nH]c5ccccc5c34)c3c(nc2c1)CCCC3,8.78252
1950,RPBZUFRIXGCULF-UHFFFAOYSA-N,Oc1cccc(C2=Nc3ccccc3SC(c3cccs3)C2)c1,5.22915
1952,FAMHVKGFXMORCI-UHFFFAOYSA-N,CC1(C)CC(=O)C2=C(C1)Nc1nc3c(c(N)c1C2c1ccccc1)CCCC3,6.14874
1957,IJHGVZXPADVHCM-UHFFFAOYSA-N,CC1(C)CC(=O)C2=C(C1)Nc1nc3c(c(N)c1C2c1ccncc1)CCCC3,5.55284
1958,QTKZLZALZMVCJL-UHFFFAOYSA-N,COc1ccc(C2C3=C(CC(C)(C)CC3=O)Nc3nc4c(c(N)c32)CCCC4)cc1,6.4318
1959,YHCILCVEQLWROP-UHFFFAOYSA-N,Cc1ccc(C2C3=C(CC(C)(C)CC3=O)Nc3nc4c(c(N)c32)CCCC4)cc1,6.17393
1960,PSKJUZDQNUFRGS-UHFFFAOYSA-N,CC1(C)CC(=O)C2=C(C1)Nc1nc3c(c(N)c1C2c1ccc(F)cc1)CCCC3,5.79588
1968,XPNGWXVMPJPEMO-UHFFFAOYSA-N,O=C(CCc1ccc2nc(-c3ccccc3)c3c(c2c1)OCCC3)NCCCCCCCCNc1c2c(nc3cc(Cl)ccc13)CCCC2,7.85387
1969,WZSXQVUTYDCZRO-UHFFFAOYSA-N,O=C(CCc1ccc2nc(-c3ccccc3)c3c(c2c1)OCCC3)NCCCCCCCNc1c2c(nc3cc(Cl)ccc13)CCCC2,7.89237
1970,KLGKWPHPNYLNFS-UHFFFAOYSA-N,O=C(CCc1ccc2nc(-c3ccccc3)c3c(c2c1)OCCC3)NCCCCCCNc1c2c(nc3cc(Cl)ccc13)CCCC2,7.95468
1971,ORGUKHCERGONJS-UHFFFAOYSA-N,O=C(CCc1ccc2nc(-c3ccccc3)c3c(c2c1)OCCC3)NCCCCCNc1c2c(nc3cc(Cl)ccc13)CCCC2,8.01592
1972,ISVMYZOITFYUKN-UHFFFAOYSA-N,O=C(CCc1ccc2nc(-c3ccccc3)c3c(c2c1)OCCC3)NCCCCNc1c2c(nc3cc(Cl)ccc13)CCCC2,7.77989
1973,GLBUKRYFJCLYRW-UHFFFAOYSA-N,O=C(NCCCCCCCCCCNc1c2c(nc3cc(Cl)ccc13)CCCC2)c1ccc2nc(-c3ccc(Cl)cc3)c3c(c2c1)OCCC3,7.30103
1974,DYQPWUWERYOCLA-UHFFFAOYSA-N,O=C(NCCCCCCCCCNc1c2c(nc3cc(Cl)ccc13)CCCC2)c1ccc2nc(-c3ccc(Cl)cc3)c3c(c2c1)OCCC3,7.6038
1975,RJZPCUVMLZBWGD-UHFFFAOYSA-N,O=C(NCCCCCCCCNc1c2c(nc3cc(Cl)ccc13)CCCC2)c1ccc2nc(-c3ccc(Cl)cc3)c3c(c2c1)OCCC3,8.15304
1976,SYACMZGTAWHUQF-UHFFFAOYSA-N,O=C(NCCCCCCCNc1c2c(nc3cc(Cl)ccc13)CCCC2)c1ccc2nc(-c3ccc(Cl)cc3)c3c(c2c1)OCCC3,7.73755
1977,WKWQTNVUORLIAM-UHFFFAOYSA-N,O=C(NCCCCCCNc1c2c(nc3cc(Cl)ccc13)CCCC2)c1ccc2nc(-c3ccc(Cl)cc3)c3c(c2c1)OCCC3,7.7167
1984,XVOJAMVHTPQUCR-MEKGRNQZSA-N,CCN(CCCCCCNC1=CC(=O)C(NCCCCCCN(CC)[C@@H](C)c2ccccc2OC)=CC1=O)[C@H](C)c1ccccc1OC,9.4437
1992,CCSDPCGLZHBBMS-UHFFFAOYSA-N,CCC1=CC2Cc3nc4cc(OC)c(OC)cc4c(N)c3C(C1)C2,5.29243
1993,YWAVTBJTHDTHKT-UHFFFAOYSA-N,CCC1=CC2Cc3nc4ncccc4c(N)c3C(C1)C2,6.06803
1994,UOQUCRDUEDCZKN-UHFFFAOYSA-N,CCC1=CC2Cc3nc4cnccc4c(N)c3C(C1)C2,6.17783
1995,DWHARBCKHSTAMC-UHFFFAOYSA-N,CC1=CC2Cc3nc4oc(C)c(C)c4c(N)c3C(C1)C2,5.32057
1996,UGAUTTFBNQGETK-UHFFFAOYSA-N,CCC1=CC2Cc3nc4oc(C)c(C)c4c(N)c3C(C1)C2,5.19044
2000,AAWCGROUIUANBA-UHFFFAOYSA-N,CCCSc1nc2nc3c(c(N)c2s1)C1CC(C)=CC(C3)C1,5.11407
2001,WFTCUZBQYUOPNQ-UHFFFAOYSA-N,CCCSc1nc2nc3c(c(N)c2s1)C1CC(CC)=CC(C3)C1,5.13847
2004,DAJXAQSGQWQMMX-UHFFFAOYSA-N,CC1=CC2Cc3nc4cc(Cl)ccc4c(NC(=O)CCl)c3C(C1)C2,5.60033
2008,DYEVLJICQPJCQW-UHFFFAOYSA-N,CC1=CC2Cc3nc4cc(Cl)ccc4c(NCCO)c3C(C1)C2,8.01502
2009,SYDCSACHOOPYMT-UHFFFAOYSA-N,CCC1=CC2Cc3nc4cc(Cl)ccc4c(NCCO)c3C(C1)C2,8.1707
2010,NIXAQILCMCHTLA-UHFFFAOYSA-N,CC1=CC2Cc3nc4cc(Cl)ccc4c(NCCCl)c3C(C1)C2,7.36351
2011,IRXMRJWMAGHOQR-UHFFFAOYSA-N,CC1=CC2Cc3nc4cc(Cl)ccc4c(NCCN=[N+]=[N-])c3C(C1)C2,8.06098
2012,HQUSYPKQXVWTEX-UHFFFAOYSA-N,CCC1=CC2Cc3nc4cc(Cl)ccc4c(NCCN=[N+]=[N-])c3C(C1)C2,7.86328
2013,YGJVNJHITFLVDP-UHFFFAOYSA-N,CC1=CC2Cc3nc4ncccc4c(N)c3C(C1)C2,6.09151
2014,DRYDFCTXPZWATR-UHFFFAOYSA-N,CCC1=CC2Cc3nc4cc(Cl)ccc4c(NCCn4cc(CCCCCCN5CCc6cc(OC)c(OC)cc6C5c5cccc([N+](=O)[O-])c5)nn4)c3C(C1)C2,8.22475
2015,KMVDTWJIMOFUSQ-UHFFFAOYSA-N,COc1cc2c(cc1OC)C(c1cccc([N+](=O)[O-])c1)N(CCCCCCc1cn(CCNc3c4c(nc5cc(Cl)ccc35)CC3C=C(C)CC4C3)nn1)CC2,8.4034
2016,ZHUAQKVCAFDYCY-UHFFFAOYSA-N,C#CCCCCCCN1CCc2cc(OC)c(OC)cc2C1c1ccc([N+](=O)[O-])cc1,5.53462
2017,XHLWPOGRJJEMBA-UHFFFAOYSA-N,C#CCCCCCCN1CCc2cc(OC)c(OC)cc2C1c1cccc([N+](=O)[O-])c1,5.09259
2018,NDRNIFSBRLCSCZ-OCAPTIKFSA-N,C[C@@H]1CCC[C@H](C)N1S(C)(=O)=O,7.12494
2019,JINDARNDFYFWDT-TXEJJXNPSA-N,C[C@@H]1CCC[C@H](C)N1S(=O)(=O)c1ccccc1,6.40671
2020,XZYRAPQLDBVPJJ-BETUJISGSA-N,Cc1ccc(S(=O)(=O)N2[C@H](C)CCC[C@@H]2C)cc1,6.43415
2021,HOUVPLOZMHLJPB-OKILXGFUSA-N,C[C@@H]1CCC[C@H](C)N1S(=O)(=O)c1ccc(C(C)(C)C)cc1,6.33913
2022,HIWROFGCKQGFKO-PHIMTYICSA-N,C[C@@H]1CCC[C@H](C)N1S(=O)(=O)c1ccc(Cl)cc1,6.49757
2023,AJPTYRJZJJWEKE-AOOOYVTPSA-N,C[C@@H]1CCC[C@H](C)N1S(=O)(=O)c1cc(Cl)ccc1Cl,7.04576
2024,WAZIUDLZVPYNJC-PHIMTYICSA-N,C[C@@H]1CCC[C@H](C)N1S(=O)(=O)c1ccccc1[N+](=O)[O-],6.73283
2025,IYTYUVFVDHIBBD-PHIMTYICSA-N,C[C@@H]1CCC[C@H](C)N1S(=O)(=O)c1cccc([N+](=O)[O-])c1,6.7167
2026,VINZAEQAZWVGHS-PHIMTYICSA-N,C[C@@H]1CCC[C@H](C)N1S(=O)(=O)c1ccc([N+](=O)[O-])cc1,5.9393
2030,DMQUTDCZMKIKEE-UHFFFAOYSA-N,CCN(CCCCCCNC1=CC(=O)C(NCCCCCCNC(=O)CCCCC2CCSS2)=CC1=O)Cc1ccccc1OC,7.0
2031,WUQZNYSVERYXKI-UHFFFAOYSA-N,CCN(CCCCCCNC1=CC(=O)C(NCCCNC(=O)CCCCC2CCSS2)=CC1=O)Cc1ccccc1OC,6.82391
2032,BLZFNCXLVXSHTJ-UHFFFAOYSA-N,CCN(CCCNC1=CC(=O)C(NCCCCCCNC(=O)CCCCC2CCSS2)=CC1=O)Cc1ccccc1OC,6.79588
2033,YZOGNKSLEXJYLX-UHFFFAOYSA-N,CCN(CCCNC1=CC(=O)C(NCCCNC(=O)CCCCC2CCSS2)=CC1=O)Cc1ccccc1OC,6.72125
2035,JIMPGPISVDHAIE-PTLVVNQVSA-N,COc1ccc2c3c1O[C@H]1C[C@@H](O)C=C[C@@]31CCN(CCCN1CCCCC1)C2,6.45593
2036,SUFMWEXOZBWNLL-BDZGNEFQSA-N,COc1ccc2c3c1O[C@H]1C[C@@H](O)C=C[C@@]31CCN(CCCCCCCCN1C(=O)c3ccccc3S1(=O)=O)C2,7.30103
2039,IBNHPFJFQUFNTI-UHFFFAOYSA-N,CCc1c(C(=O)NCCCCCCCNc2c3c(nc4ccccc24)CCCC3)nc(-c2ccccc2Cl)n1-c1ccc(Cl)cc1,5.9
2040,REGUYCWTBDAZDP-UHFFFAOYSA-N,O=S(=O)(/N=C(\NCCCCCCCNc1c2c(nc3ccccc13)CCCC2)N1CC(c2ccccc2)C(c2ccc(Cl)cc2)=N1)c1ccc(Cl)cc1,6.0
2041,STWYWUGMZLRNAY-UHFFFAOYSA-N,CCc1c(C(=O)NCCCCNc2c3c(nc4ccccc24)CCCC3)nc(-c2ccccc2Cl)n1-c1ccc(Cl)cc1,6.5
2042,DFQGASIMGBFSOR-UHFFFAOYSA-N,O=S(=O)(/N=C(\NCCCCNc1c2c(nc3ccccc13)CCCC2)N1CC(c2ccccc2)C(c2ccc(Cl)cc2)=N1)c1ccc(Cl)cc1,5.6
2044,IYHMNZGACVVNKT-UVBCFPOWSA-N,C/C=C1\[C@H]2C=C(C)C[C@]1(/N=C/c1ccc(O)c(OC)c1)c1ccc(=O)[nH]c1C2,7.79588
2045,CMHPUUGPQOSPGZ-GLZCYVEJSA-N,C/C=C1\[C@H]2C=C(C)C[C@]1(/N=C/c1ccc(N(C)C)cc1)c1ccc(=O)[nH]c1C2,7.50864
2046,NQSMOKKBRJAZEE-SWQFTIPASA-N,C/C=C1\[C@H]2C=C(C)C[C@]1(/N=C/c1ccc(OC)cc1)c1ccc(=O)[nH]c1C2,7.50864
2047,FBKUHDVEHQJBHC-GHYQWDPLSA-N,C/C=C1\[C@H]2C=C(C)C[C@]1(/N=C/c1ccc(O)c(OCC)c1)c1ccc(=O)[nH]c1C2,7.60206
2048,LONUDFBKFFIIBJ-GACPZTKFSA-N,C/C=C1\[C@H]2C=C(C)C[C@]1(/N=C/c1cc(OC)cc(OC)c1)c1ccc(=O)[nH]c1C2,7.5376
2049,QWYGFYWIRGDLOI-TWDZHTALSA-N,C/C=C1\[C@H]2C=C(C)C[C@]1(/N=C/c1ccc(OC)cc1OC)c1ccc(=O)[nH]c1C2,7.07572
2050,LPKDSVJIZOGWMR-FWVVDGPASA-N,C/C=C1\[C@H]2C=C(C)C[C@]1(/N=C/c1ccc(C#N)cc1)c1ccc(=O)[nH]c1C2,7.65758
2051,IPRCLNDYSXEAEP-BPMVUICESA-N,C/C=C1\[C@H]2C=C(C)C[C@]1(/N=C/C=C/c1ccccc1)c1ccc(=O)[nH]c1C2,7.61979
2052,FAVYHMTUHOXNAF-SMNGAJCCSA-N,C/C=C1\[C@H]2C=C(C)C[C@]1(/N=C/C(=C/c1ccccc1)CCCCC)c1ccc(=O)[nH]c1C2,7.29243
2053,UPNJKBJOFORQKA-ZAKCZKPSSA-N,C/C=C1\[C@H]2C=C(C)C[C@]1(/N=C/C(C)=C/c1ccccc1)c1ccc(=O)[nH]c1C2,7.60206
2054,KBIJRURQBDTZPS-CXSAASKISA-N,C/C=C1\[C@H]2C=C(C)C[C@]1(/N=C/C=C/c1ccc(N(C)C)cc1)c1ccc(=O)[nH]c1C2,7.39794
2055,ZQFPPNIMVJIVRI-QECMQFKJSA-M,C/C=C1\[C@H]2C=C(C)C[C@]1(/N=C/c1ccccc1OS(=O)(=O)[O-])c1ccc(=O)[nH]c1C2,7.38722
2056,LKYZDGCATYBVIF-WIHQUOJNSA-N,C=CCOc1ccc(/C=N/[C@@]23CC(C)=C[C@@H](Cc4[nH]c(=O)ccc42)/C3=C\C)cc1,7.50864
2059,JBANMOPKOHITOL-ZIDLFYJRSA-N,CO[P@@]1(=O)CC[C@H]2COC(=O)C2=C(C)O1,5.52288
2062,DACCJWKHNMNUQB-IZHWHUGBSA-N,COC(=O)C1=C(C)O[P@](=O)(OC)CC[C@H]1COCc1ccccc1,5.22185
2063,GYEHUGPUFOMJON-UHFFFAOYSA-N,COC(=O)C1=C(C)OP(=O)(OC)CCC1,5.1549
2065,ZTQBDHNTLRKOMZ-UHFFFAOYSA-N,COC(=O)C1=C(C)OP(=O)(OC)CC1,5.30103
2068,MUCZHBLJLSDCSD-UHFFFAOYSA-N,CC(C)OP(=O)(F)OC(C)C,6.92082
2069,OMPQJMDGDAAXPE-NPMWZIQKSA-N,CO[P@]1(=O)OC[C@H]2COC(=O)C2=C(C)O1,7.39794
2070,YEUHJVFRRWHHMS-INKHBPHZSA-N,CN(Cc1ccccc1)Cc1ccc(/C=C2\CCc3cc(OCCCCCN4CCCCC4)ccc3C2=O)cc1,7.284
2071,AQOBTKMEQOANSS-FEZSWGLMSA-N,CCN(CC)CCCCCOc1ccc2c(c1)CC/C(=C\c1ccc(CN(C)Cc3ccccc3)cc1)C2=O,7.25181
2072,FAQJAADRJNDSJQ-BUVRLJJBSA-N,COc1cc2c(cc1OC)C(=O)/C(=C/c1ccc(CN(C)Cc3ccccc3)cc1)CC2,6.74473
2073,QBFDDDOIPJMHCU-LFVJCYFKSA-N,COc1ccc2c(c1)C(=O)/C(=C/c1ccc(CN(C)Cc3ccccc3)cc1)CC2,5.26922
2074,LBTQKBBDVONGGY-LFVJCYFKSA-N,COc1ccc2c(c1)CC/C(=C\c1ccc(CN(C)Cc3ccccc3)cc1)C2=O,6.95861
2075,JVWBHMCLFOYJGN-IWBSIUBASA-N,CCN(CC)CCCCCCCOc1ccc2c(c1)C(=O)/C(=C/c1ccc(CN(C)Cc3ccccc3)cc1)C2,6.29243
2076,XZXLYGGNQBZOND-AWSUPERCSA-N,CCN(CC)CCCCCCOc1ccc2c(c1)C(=O)/C(=C/c1ccc(CN(C)Cc3ccccc3)cc1)C2,6.42022
2077,MUBGEWUJBWWEGW-AWSUPERCSA-N,CN(Cc1ccccc1)Cc1ccc(/C=C2\Cc3ccc(OCCCCCN4CCCCC4)cc3C2=O)cc1,6.69897
2078,BHEFQVICVNMJDR-DFKUXCBWSA-N,CCN(CC)CCCCCOc1ccc2c(c1)C(=O)/C(=C/c1ccc(CN(C)Cc3ccccc3)cc1)C2,6.72125
2079,ZZRZJQCUHYDGJB-DFKUXCBWSA-N,CN(Cc1ccccc1)Cc1ccc(/C=C2\Cc3ccc(OCCCCN4CCCCC4)cc3C2=O)cc1,6.74473
2080,KXGKXFKSSKOSEP-MWAVMZGNSA-N,CN(Cc1ccccc1)Cc1ccc(/C=C2\Cc3ccc(OCCCCN4CCOCC4)cc3C2=O)cc1,6.05061
2081,RZMDKGRCDDUXCM-MWAVMZGNSA-N,CCN(CC)CCCCOc1ccc2c(c1)C(=O)/C(=C/c1ccc(CN(C)Cc3ccccc3)cc1)C2,6.05061
2082,GQLKHPYCDIKTKU-ZTKZIYFRSA-N,CCN(CC)CCCOc1ccc2c(c1)C(=O)/C(=C/c1ccc(CN(C)Cc3ccccc3)cc1)C2,5.87943
2083,WXNORWJOEPIWAI-TURZUDJPSA-N,CCN(CC)CCOc1ccc2c(c1)C(=O)/C(=C/c1ccc(CN(C)Cc3ccccc3)cc1)C2,5.81531
2084,ONIWMBSARCTFME-MWAVMZGNSA-N,CCN(CC)CCCCOc1ccc2c(c1)C/C(=C\c1ccc(CN(C)Cc3ccccc3)cc1)C2=O,5.4034
2085,XWFKKILSJAOZHO-ZTKZIYFRSA-N,CCN(CC)CCCOc1ccc2c(c1)C/C(=C\c1ccc(CN(C)Cc3ccccc3)cc1)C2=O,5.79317
2086,KOYSVHXYWHCRDJ-TURZUDJPSA-N,CCN(CC)CCOc1ccc2c(c1)C/C(=C\c1ccc(CN(C)Cc3ccccc3)cc1)C2=O,5.5376
2088,BQLCRHJSCGEICV-BUVRLJJBSA-N,CCN(Cc1ccccc1)Cc1ccc(/C=C2\Cc3ccc(OC)cc3C2=O)cc1,5.30715
2089,HKUGGLLNRGRLLR-OEAKJJBVSA-N,COc1ccc2c(c1)C(=O)/C(=C/c1ccc(CN(C)Cc3ccccc3)cc1)C2,6.20066
2091,MXNMLTUEKPHQAW-YDZHTSKRSA-N,COc1cc2c(cc1OC)C(=O)/C(=C/c1ccc(CN(C)Cc3ccccc3)cc1)C2,5.9431
2101,XJMUBKVBGNJFRH-UHFFFAOYSA-N,c1cc[n+](CCCCCCCCC[n+]2ccccc2)cc1,5.69897
2102,UONDTBVSZIDJKA-UHFFFAOYSA-N,c1cc[n+](CCCCCCCCCC[n+]2ccccc2)cc1,6.39794
2103,RMHVLBGFZUPBFB-UHFFFAOYSA-N,c1cc[n+](CCCCCCCCCCC[n+]2ccccc2)cc1,6.1549
2111,JEZXOBKWCWPNSS-UHFFFAOYSA-N,c1cc[n+](Cc2ccc3ccc(C[n+]4ccccc4)cc3c2)cc1,6.69897
2112,MZBCWMLDVRAXQY-SANMLTNESA-N,CCCCCCOC(=O)[C@H](CCC(=O)NCCC1CCN(Cc2ccccc2)CC1)NC(=O)OC(C)(C)C,6.02228
2113,MHODVJVESFLWQL-PMERELPUSA-N,CCCCCCOC(=O)[C@H](CCC(=O)NCCC1CCN(Cc2ccccc2)CC1)NC(=O)OCc1ccccc1,6.60206
2114,IZQYFZRXSFVMFI-HKBQPEDESA-N,CCCCCCOC(=O)[C@H](CCC(=O)NCCC1CCN(Cc2ccccc2)CC1)NC(=O)Cc1cc2ccc(Cl)cc2s1,7.0
2115,XFEJPTLRXOZZDA-LJAQVGFWSA-N,CCCCCCOC(=O)[C@H](CCC(=O)NCCC1CCN(Cc2ccccc2)CC1)NC(=O)c1ccccc1,6.27572
2116,OCZMNYKUZZMGJF-SANMLTNESA-N,CCCCCCOC(=O)[C@H](CCC(=O)NCCC1CCN(Cc2ccccc2)CC1)NC(=O)c1cccs1,6.30103
2117,RRISCGLVYBLGLP-SANMLTNESA-N,CCCCCCOC(=O)[C@H](CCC(=O)NCCC1CCN(Cc2ccccc2)CC1)NC(=O)c1cc(Br)cs1,6.74473
2118,SDWSXUZGRDKRFJ-LJAQVGFWSA-N,CCCCCCOC(=O)[C@H](CCC(=O)NCCC1CCN(Cc2ccccc2)CC1)NC(=O)c1cc2ccccc2s1,6.56864
2119,QRZGIZWNQIUSQZ-NDEPHWFRSA-N,CCCCCCOC(=O)[C@H](CCC(=O)NCCC1CCN(Cc2ccccc2)CC1)NC(=O)c1cc2cccnc2s1,6.35655
2120,ONGQTEYIIKGJGV-MHZLTWQESA-N,CCCCCCOC(=O)[C@H](CCC(=O)NCCC1CCN(Cc2ccccc2)CC1)NC(=O)c1cc2ccsc2s1,6.52288
2123,KTSROZJJBCCRGO-UHFFFAOYSA-N,CCOC(=O)c1cc2c(N)c3c(nc2nc1C)CCCCC3,5.69897
2124,BMMDNFSOYOPLJH-UHFFFAOYSA-N,COC(=O)c1cc2c(N)c3c(nc2nc1C)CCCCC3,5.69897
2125,LQZDBOQHVFTGOE-UHFFFAOYSA-N,CCOC(=O)c1cc2c(N)c3c(nc2nc1C)CCCCCC3,5.74473
2126,KEQYWVWFPKVEHO-UHFFFAOYSA-N,CCOC(=O)c1cc2c(N)c3c(nc2nc1C)CCC3,5.67778
2127,MJNRKJNEVQCSGU-UHFFFAOYSA-N,COC(=O)c1cc2c(N)c3c(nc2nc1C)CCCCCC3,5.74473
2128,MQPBTVIMKAUQQC-UHFFFAOYSA-N,COC(=O)c1cc2c(N)c3c(nc2nc1C)CCC3,5.72125
2129,FQFLQQWHOCNXQY-UHFFFAOYSA-N,COC(=O)c1cc2c(N)c3c(nc2nc1C)CCCC3,6.0
2130,XGQUEKANWWMGAJ-UHFFFAOYSA-N,CCOC(=O)c1cc2c(N)c3c(nc2nc1C)CCCC3,6.10791
2135,JVTBQWWKNGNYAV-UHFFFAOYSA-N,Cc1cccc2n1cc(-c1ccc(OC(=O)N(C)C)cc1)[n+]2C,5.88606
2137,GGZJKOWOYJBDAW-UHFFFAOYSA-N,CN(C)C(=O)Oc1ccc(-c2cn3c(C(F)(F)F)cccc3[n+]2C)cc1,5.0
2138,NRURFBIGISKRGS-UHFFFAOYSA-N,COc1cccc2n1cc(-c1ccc(OC(=O)N(C)C)cc1)[n+]2C,5.09151
2139,CRBCYWRXPNLTSR-UHFFFAOYSA-O,CN(C)C(=O)Oc1ccc(-c2cn3c(NC=O)cccc3[n+]2C)cc1,5.92082
2140,BJELFHYWVLRPQI-UHFFFAOYSA-O,CC(=O)Nc1cccc2n1cc(-c1ccc(OC(=O)N(C)C)cc1)[n+]2C,6.1549
2142,ILWJGIVYOJVMLT-UHFFFAOYSA-O,CN(C)C(=O)Oc1ccc(-c2cn3c(NC(=O)c4ccccc4)cccc3[n+]2C)cc1,6.69897
2143,PNCBMWYLTVOWNX-UHFFFAOYSA-O,CNC(=O)Nc1cccc2n1cc(-c1ccc(OC(=O)N(C)C)cc1)[n+]2C,5.86967
2144,DZGCJIXUSTYSDL-UHFFFAOYSA-O,COC(=O)Nc1cccc2n1cc(-c1ccc(OC(=O)N(C)C)cc1)[n+]2C,5.95861
2145,DISUNGYVPYEJON-UHFFFAOYSA-O,CN(C)C(=O)Nc1cccc2n1cc(-c1ccc(OC(=O)N(C)C)cc1)[n+]2C,5.79588
2147,NUSGVSVVGGSTSU-UHFFFAOYSA-O,CNC(=O)Oc1ccc(-c2cn3c(C)cccc3[n+]2C)cc1,5.39794
2148,LVCZZDYFTPYKNU-UHFFFAOYSA-O,CNC(=O)Oc1ccc(-c2cn3c(NC(C)=O)cccc3[n+]2C)cc1,5.95861
2149,MOQXQSLPEWYHMC-UHFFFAOYSA-N,CN(C)C(=O)Oc1cccc(-c2cn3ccccc3[n+]2C)c1,5.14874
2154,BSXYNWXJSDYDGT-UHFFFAOYSA-O,CC(=O)Nc1cccc2n1cc(-c1cccc(OC(=O)N(C)C)c1)[n+]2C,5.60206
2155,HPADOMZRWJVWQN-UHFFFAOYSA-O,CNC(=O)Oc1cccc(-c2cn3ccccc3[n+]2C)c1,6.45593
2156,HYLFKWSJNHUCHY-UHFFFAOYSA-O,CNC(=O)Oc1cccc(-c2cn3c(NC(C)=O)cccc3[n+]2C)c1,5.34679
2158,ITNOFEOARUBFAI-UHFFFAOYSA-O,C[n+]1c(-c2ccccc2)cn2cc(C(N)=O)ccc21,5.02228
2160,RTDPVOSMBHIAJV-UHFFFAOYSA-N,O=C(CCC1CCN(Cc2ccccc2)CC1)c1ccc2c(c1)CCN2,7.48949
2161,VUEKQQFQMBNDTO-UHFFFAOYSA-N,CN1CCc2cc(C(=O)CCC3CCN(Cc4ccccc4)CC3)ccc21,8.0
2162,RQRWFALEMPRRCW-UHFFFAOYSA-N,CCN1CCc2cc(C(=O)CCC3CCN(Cc4ccccc4)CC3)ccc21,7.95861
2163,VCGNGVUFQSTPML-UHFFFAOYSA-N,CCCN1CCc2cc(C(=O)CCC3CCN(Cc4ccccc4)CC3)ccc21,7.65758
2164,OXEYNPROGKVXDG-UHFFFAOYSA-N,CCCCN1CCc2cc(C(=O)CCC3CCN(Cc4ccccc4)CC3)ccc21,7.5376
2165,GDTZPIJTUNXMBK-UHFFFAOYSA-N,CCCCCN1CCc2cc(C(=O)CCC3CCN(Cc4ccccc4)CC3)ccc21,7.3279
2166,WWEBTCRGCHRYFS-UHFFFAOYSA-N,O=C(CCC1CCN(Cc2ccccc2)CC1)c1ccc2c(c1)CCN2c1ccccc1,7.16749
2167,WYTBKZXENKAXMI-UHFFFAOYSA-N,COc1ccccc1CN1CCC(CCC(=O)c2ccc3c(c2)CCN3)CC1,6.09044
2168,OQUGQBUZOCXPCA-UHFFFAOYSA-N,COc1cccc(CN2CCC(CCC(=O)c3ccc4c(c3)CCN4)CC2)c1,5.57187
2170,YKTICKJUTVSZBR-UHFFFAOYSA-N,O=C(CCC1CCN(Cc2ccccc2F)CC1)c1ccc2c(c1)CCN2,7.36653
2171,HJLYQXGLGFBWQI-UHFFFAOYSA-N,O=C(CCC1CCN(Cc2cccc(F)c2)CC1)c1ccc2c(c1)CCN2,7.79588
2172,IXXWKQBJYPNXDP-UHFFFAOYSA-N,O=C(CCC1CCN(Cc2ccc(F)cc2)CC1)c1ccc2c(c1)CCN2,7.05061
2173,DXOHWPHMWZTKSU-UHFFFAOYSA-N,O=C(CCC1CCN(Cc2ccccc2Cl)CC1)c1ccc2c(c1)CCN2,7.11919
2174,AGJAKWSYLMETMB-UHFFFAOYSA-N,O=C(CCC1CCN(Cc2cccc(Cl)c2)CC1)c1ccc2c(c1)CCN2,7.22915
2175,NLEPKGFELHYOOA-UHFFFAOYSA-N,O=C(CCC1CCN(Cc2ccc(Cl)cc2)CC1)c1ccc2c(c1)CCN2,5.19654
2176,HANOAHGFQIRMPT-UHFFFAOYSA-N,Cc1cccc(CN2CCC(CCC(=O)c3ccc4c(c3)CCN4)CC2)c1,7.30103
2177,ZZSQSKJDPPTMNT-UHFFFAOYSA-N,O=C(CCC1CCN(Cc2cccc([N+](=O)[O-])c2)CC1)c1ccc2c(c1)CCN2,7.19382
2178,RJFOSTXNSIGOHV-UHFFFAOYSA-N,O=C(CCC1CCN(Cc2ccccc2)CC1)c1ccc2c(c1)NCC2,6.94692
2179,NAMSGSSCIKIOGU-UHFFFAOYSA-N,O=C(CCC1CCN(Cc2ccccc2)CC1)c1ccc2c(c1)N(Cc1ccccc1)CC2,6.06905
2180,UUQBDBYKPIHDLS-UHFFFAOYSA-N,O=C(CCC1CCN(Cc2ccccc2)CC1)c1ccc2c(c1)CCCN2,7.22879
2181,MEQINWMQUQFRBU-UHFFFAOYSA-N,CN1CCCc2cc(C(=O)CCC3CCN(Cc4ccccc4)CC3)ccc21,7.61979
2182,KWRRGOAPOBYBJX-UHFFFAOYSA-N,O=C(CCC1CCN(Cc2ccccc2)CC1)c1ccc2c(c1)NCCC2,6.78516
2183,FTIASDZNAWKWHK-UHFFFAOYSA-N,O=C(CCC1CCN(Cc2ccccc2)CC1)c1ccc2c(c1)CCCN2c1ccccc1,7.26761
2184,BWZUHISSAMBGLB-UHFFFAOYSA-N,CN1CCCc2ccc(C(=O)CCC3CCN(Cc4ccccc4)CC3)cc21,7.4437
2185,FLEWNSKCTYCXMT-UHFFFAOYSA-N,O=C(CCC1CCN(Cc2ccccc2)CC1)c1ccc2c(c1)N(c1ccccc1)CCC2,5.82681
2186,RFJFEUOWKIHAMC-UHFFFAOYSA-N,O=C(CCC1CCN(Cc2ccccc2)CC1)c1ccc2c(c1)CCCCN2,6.90309
2187,PMBLXLOXUGVTGB-UHFFFAOYSA-N,O=C(CCC1CCN(Cc2ccccc2)CC1)c1ccc2c(c1)NCCCC2,6.855005
2188,KFRWOMAUCWZWOD-UHFFFAOYSA-N,CN1CCCCc2ccc(C(=O)CCC3CCN(Cc4ccccc4)CC3)cc21,7.09151
2189,NYVKEUVLHDSEJG-UHFFFAOYSA-N,CCN1CCCCc2ccc(C(=O)CCC3CCN(Cc4ccccc4)CC3)cc21,6.42481
2190,YTVLWARKUSTOKZ-UHFFFAOYSA-N,CCCN1CCCCc2ccc(C(=O)CCC3CCN(Cc4ccccc4)CC3)cc21,5.87615
2191,PRULHOMNCDTENF-UHFFFAOYSA-N,O=C(CCC1CCN(Cc2ccccc2)CC1)c1ccc2c(c1)N(Cc1ccccc1)CCCC2,5.50307
2192,IHHYWELXELLDTG-UHFFFAOYSA-N,COc1ccccc1CN1CCC(CCC(=O)c2ccc3c(c2)NCCCC3)CC1,5.57643
2193,HPJURFKSTPRCQI-UHFFFAOYSA-N,COc1cccc(CN2CCC(CCC(=O)c3ccc4c(c3)NCCCC4)CC2)c1,6.07212
2195,DJYSGFMAGPVHMB-UHFFFAOYSA-N,O=C(CCC1CCN(Cc2ccccc2F)CC1)c1ccc2c(c1)NCCCC2,6.48017
2196,DPOHSBUWIGXUGW-UHFFFAOYSA-N,O=C(CCC1CCN(Cc2cccc(F)c2)CC1)c1ccc2c(c1)NCCCC2,6.83863
2197,QFWCNFLCMOTBIO-UHFFFAOYSA-N,O=C(CCC1CCN(Cc2ccc(F)cc2)CC1)c1ccc2c(c1)NCCCC2,6.40561
2198,MXJGEZDRKZVRGW-UHFFFAOYSA-N,O=C(CCC1CCN(Cc2cccc(Cl)c2)CC1)c1ccc2c(c1)NCCCC2,6.47756
2199,AIMKJRZZZYKDOX-UHFFFAOYSA-N,Cc1cccc(CN2CCC(CCC(=O)c3ccc4c(c3)NCCCC4)CC2)c1,6.64975
2200,CVBWSHNUOYZVMQ-UHFFFAOYSA-N,O=C(CCC1CCN(Cc2cccc([N+](=O)[O-])c2)CC1)c1ccc2c(c1)NCCCC2,6.40894
2201,WNWQLKAZJLNDJZ-UHFFFAOYSA-N,O=C(CCC1CCN(Cc2ccccc2)CC1)c1ccc2c(c1)NCCCCC2,6.8962
2221,RTIIFSJFUWPGNM-UHFFFAOYSA-N,c1ccc(CN2CCC(CNc3nsc4ccccc34)CC2)cc1,7.00436
2224,YAQNHPBYWUEFCO-UHFFFAOYSA-N,c1ccc(CN2CCC(CNc3n[nH]c4ccccc34)CC2)cc1,6.92082
2225,DNBKUNFFVYUPJA-UHFFFAOYSA-N,COc1ccc2c(c1OC)C(=O)CC2CCC1CCN(Cc2ccccc2)CC1,8.09691
2226,MCAQWHWWQNEHOE-CTNGQTDRSA-N,CCCCCCCNC(=O)Oc1ccc2c(c1)[C@]1(C)CCN(C)[C@@H]1C2,6.9431
2227,ZLFLUZOZKIPTJJ-QUCCMNQESA-N,CCCCCCNC(=O)Oc1ccc2c(c1)[C@]1(C)CCN(C)[C@@H]1C2,8.0
2228,JOOGXPYATKQKBK-IRLDBZIGSA-N,CCCCCCCNC(=O)Oc1ccc2c(c1)[C@]1(C)CCN(CC)[C@@H]1C2,7.23657
2230,OEQMWEPWWKQKQL-MJGOQNOKSA-N,CCCCNC(=O)Oc1ccc2c(c1)[C@]1(C)CCN(CC)[C@@H]1C2,7.04576
2232,XAWCVUBHVCUDBZ-AEFFLSMTSA-N,CCCNC(=O)Oc1ccc2c(c1)[C@]1(C)CCN(CC)[C@@H]1C2,6.81248
2233,VXTBWKBREFKYDA-ZBFHGGJFSA-N,CCN1CC[C@@]2(C)c3cc(OC(=O)NC)ccc3C[C@@H]12,7.42022
2234,TXJSVDRPBGRIFY-CTNGQTDRSA-N,CCN1CC[C@@]2(C)c3cc(OC(=O)Nc4ccccc4)ccc3C[C@@H]12,6.75449
2235,VONJUQXHNPNBDU-OSZJVERNSA-N,CCN1CC[C@@]2(C)c3cc(OC(=O)NC(C)c4ccccc4)ccc3C[C@@H]12,5.87615
2236,PVMNTYXKDFRXKP-IRLDBZIGSA-N,CCN1CC[C@@]2(C)c3cc(OC(=O)NCc4ccccc4)ccc3C[C@@H]12,7.16115
2237,QSCQOXMIFSONAX-GGAORHGYSA-N,CCCCCCCNC(=O)Oc1ccc2c(c1)[C@]1(C)CCN(CCC)[C@@H]1C2,7.03152
2238,JMKIHVULQFDEGK-IRLDBZIGSA-N,CCCCCCNC(=O)Oc1ccc2c(c1)[C@]1(C)CCN(CCC)[C@@H]1C2,7.20761
2239,AVAFJTWXTNBJNG-VPUSJEBWSA-N,CCCCCCCNC(=O)Oc1ccc2c(c1)[C@]1(C)CCN(Cc3ccccc3)[C@@H]1C2,6.29585
2240,NNWAKPXOOYJLNL-AZUAARDMSA-N,CCCCCCCNC(=O)Oc1ccc2c(c1)[C@@H]1CCN(CC)[C@@H]1C2,6.41908
2241,XWDNADYVTFQMOY-PKOBYXMFSA-N,CCCCCCNC(=O)Oc1ccc2c(c1)[C@@H]1CCN(CC)[C@@H]1C2,6.68194
2242,JYMNJIDLAQUBDE-UHFFFAOYSA-N,CCCCNC(=O)Oc1ccc2c(c1)C1CCN(CC)C1C2,5.96819
2243,GFYHFMVUVHAJDW-UHFFFAOYSA-N,CCCNC(=O)Oc1ccc2c(c1)C1CCN(CC)C1C2,5.65916
2244,HYIYBWCTLLQRLQ-UHFFFAOYSA-N,CCN1CCC2c3cc(OC(=O)NC)ccc3CC21,6.59688
2245,CCLYHFAXRYLZDZ-UHFFFAOYSA-N,CCCCCCCNC(=O)Oc1ccc2c(c1)C1CCN(CCC)C1C2,6.20135
2246,LKLDMKAWSUSARS-UHFFFAOYSA-N,CCCCCCNC(=O)Oc1ccc2c(c1)C1CCN(CCC)C1C2,6.26281
2247,LDOQXEUJTAHDNS-UHFFFAOYSA-N,O=C(NCCC1CCN(Cc2ccccc2)CC1)c1ccccc1,6.25181
2248,XWAFYFQOGKPZHP-UHFFFAOYSA-N,CN(CCC1CCN(Cc2ccccc2)CC1)C(=O)c1ccccc1,6.76955
2249,RSMDWTVKHVTHAL-UHFFFAOYSA-N,O=C(c1ccccc1)N(CCC1CCN(Cc2ccccc2)CC1)c1ccccc1,7.45593
2250,ZIFYLJRFVGDNJE-UHFFFAOYSA-N,COc1ccc(C(=O)N(CCC2CCN(Cc3ccccc3)CC2)c2ccccc2)cc1,6.22915
2251,IYFAOWGKGUWALB-UHFFFAOYSA-N,O=C(c1ccc(F)cc1)N(CCC1CCN(Cc2ccccc2)CC1)c1ccccc1,7.74473
2252,SLPWVPABBZSEMK-UHFFFAOYSA-N,O=C(c1ccc([N+](=O)[O-])cc1)N(CCC1CCN(Cc2ccccc2)CC1)c1ccccc1,8.26761
2253,KTJJCDOTNADSQC-UHFFFAOYSA-N,O=C(c1ccncc1)N(CCC1CCN(Cc2ccccc2)CC1)c1ccccc1,7.19382
2254,ALNLNNGVDVYQOX-UHFFFAOYSA-N,O=C(C1CCCCC1)N(CCC1CCN(Cc2ccccc2)CC1)c1ccccc1,5.02687
2255,PVDWMIZKHNFLPF-UHFFFAOYSA-N,CC(=O)N(CCC1CCN(Cc2ccccc2)CC1)c1ccccc1,7.284
2256,JGFPTPPWULVKEL-UHFFFAOYSA-N,CCC(=O)N(CCC1CCN(Cc2ccccc2)CC1)c1ccccc1,6.08092
2257,PGQDUDULHWMHKG-UHFFFAOYSA-N,COc1cccc(N(CCC2CCN(Cc3ccccc3)CC2)C(C)=O)c1,7.33724
2258,GIWNUIFQOLHQBQ-UHFFFAOYSA-N,COc1ccc(N(CCC2CCN(Cc3ccccc3)CC2)C(C)=O)cc1,6.1549
2259,FMCFMYIXNIXNBI-UHFFFAOYSA-N,CC(=O)N(CCC1CCN(Cc2ccccc2)CC1)c1cccc(F)c1,7.18709
2260,TXBYPGKNXQTWRM-UHFFFAOYSA-N,CC(=O)N(CCC1CCN(Cc2ccccc2)CC1)c1ccc(F)cc1,6.68825
2262,RDJZUBCTKUBHFU-UHFFFAOYSA-N,CC(=O)N(CCC1CCN(Cc2ccccc2)CC1)c1ccncc1,6.96658
2263,RBQPQKSBZIHHAR-UHFFFAOYSA-N,CC(=O)N(C)CCC1CCN(Cc2ccccc2)CC1,6.18046
2264,HTZVJSOFOPIELV-UHFFFAOYSA-N,O=C1c2ccccc2CN1CCC1CCN(Cc2ccccc2)CC1,7.00877
2265,CRPBEXXXEBUOEC-UHFFFAOYSA-N,O=C1c2ccccc2C(=O)N1CCC1CCN(Cc2ccccc2)CC1,7.09691
2267,CJWDGZCCFKEZLS-UHFFFAOYSA-N,O=C1c2ccc([N+](=O)[O-])cc2C(=O)N1CC1CCN(Cc2ccccc2)CC1,5.52288
2268,WPBGBXPZNCPYQB-UHFFFAOYSA-N,O=C1c2ccc([N+](=O)[O-])cc2C(=O)N1CCC1CCN(Cc2ccccc2)CC1,7.90309
2269,RRVRQLRWRWDWBM-UHFFFAOYSA-N,COc1ccc(CN2CCC(CCN3C(=O)c4ccc([N+](=O)[O-])cc4C3=O)CC2)cc1,6.35655
2270,CLCFZEJHDXQFNI-UHFFFAOYSA-N,O=C1c2ccc([N+](=O)[O-])cc2C(=O)N1CCC1CCN(Cc2ccc(Cl)cc2)CC1,6.61979
2271,SAWAJOAVUYQBDZ-UHFFFAOYSA-N,CN1CCC(CCN2C(=O)c3ccc([N+](=O)[O-])cc3C2=O)CC1,5.16749
2272,PZJNCGONKIPEIG-UHFFFAOYSA-N,Nc1ccc2c(c1)C(=O)N(CCC1CCN(Cc3ccccc3)CC1)C2=O,8.05552
2273,IYQDVAQDSMLFBE-UHFFFAOYSA-N,CC(=O)Nc1ccc2c(c1)C(=O)N(CCC1CCN(Cc3ccccc3)CC1)C2=O,8.55284
2274,JEXADSKXZBGTNK-UHFFFAOYSA-N,O=C(Nc1ccc2c(c1)C(=O)N(CCC1CCN(Cc3ccccc3)CC1)C2=O)c1ccccc1,8.92082
2275,VIBWVJMPDIEOED-UHFFFAOYSA-N,COc1ccc2c(c1)C(=O)N(CCC1CCN(Cc3ccccc3)CC1)C2=O,8.09691
2276,VVALFDQDPSGUHW-UHFFFAOYSA-N,O=C(Nc1ccccc1)c1ccc2c(c1)C(=O)N(CCC1CCN(Cc3ccccc3)CC1)C2=O,8.65758
2277,JPWQKDAHORMNTF-UHFFFAOYSA-N,O=C(c1ccccc1)c1ccc2c(c1)C(=O)N(CCC1CCN(Cc3ccccc3)CC1)C2=O,8.61979
2278,QWDWLGHFTINULB-UHFFFAOYSA-N,O=C1c2cccc([N+](=O)[O-])c2C(=O)N1CCC1CCN(Cc2ccccc2)CC1,8.04576
2279,VQMSAQJYFHAVFV-UHFFFAOYSA-N,Nc1cccc2c1C(=O)N(CCC1CCN(Cc3ccccc3)CC1)C2=O,7.95861
2280,ZVWREYPHISEIQV-UHFFFAOYSA-N,O=C(Nc1cccc2c1C(=O)N(CCC1CCN(Cc3ccccc3)CC1)C2=O)c1ccccc1,6.46852
2281,LORWXMAHQNWARL-UHFFFAOYSA-N,O=C1c2cccnc2C(=O)N1CCC1CCN(Cc2ccccc2)CC1,7.88606
2282,GCDBDMZTKCNPAH-UHFFFAOYSA-N,O=c1c2ccccc2ccn1CCC1CCN(Cc2ccccc2)CC1,5.95861
2283,BVQFUYUEQBLTCJ-UHFFFAOYSA-N,O=C1c2ccccc2CCN1CCC1CCN(Cc2ccccc2)CC1,6.0
2284,WNLYOXFKVMXTBI-UHFFFAOYSA-N,O=C1Cc2ccccc2CN1CCC1CCN(Cc2ccccc2)CC1,7.76955
2285,LCMITKKRKVHZDJ-UHFFFAOYSA-N,c1ccc(CN2CCC(CCN3CCc4ccccc4C3)CC2)cc1,5.79588
2286,NYIRMCGMHBUQGJ-UHFFFAOYSA-N,O=C1Cc2ccccc2C(=O)N1CCC1CCN(Cc2ccccc2)CC1,7.63827
2287,XPEZPTDMSZUQAL-UHFFFAOYSA-N,O=c1c2ccccc2ncn1CCC1CCN(Cc2ccccc2)CC1,5.92082
2288,KXVMGAJDZLDKQI-UHFFFAOYSA-N,O=C1c2ccccc2NCN1CCC1CCN(Cc2ccccc2)CC1,6.09691
2289,NOUFYSVCMVOTOJ-UHFFFAOYSA-N,O=c1[nH]c2ccccc2c(=O)n1CCC1CCN(Cc2ccccc2)CC1,8.37675
2290,YGOWOKNKZNIBEE-UHFFFAOYSA-N,O=C1Nc2ccccc2CN1CCC1CCN(Cc2ccccc2)CC1,7.88606
2291,LPMLUKYEDMRFFG-UHFFFAOYSA-N,O=c1[nH]c2cc(Cl)ccc2c(=O)n1CCC1CCN(Cc2ccccc2)CC1,8.34679
2292,DOBQPNDSZWMKBV-UHFFFAOYSA-N,O=C1CCCCN1CCC1CCN(Cc2ccccc2)CC1,6.56864
2296,WNCPQDOVHICUNG-UHFFFAOYSA-N,O=C1CNc2cc3onc(CCC4CCN(Cc5ccccc5)CC4)c3cc2C1,9.31876
2298,KBOSVOZLQUMJKM-UHFFFAOYSA-N,CNC(=O)Oc1cccc(CN(C)CCCCOc2ccc3c(=O)c4ccccc4oc3c2)c1,7.4318
2299,VVHBVIYSSIUBAX-UHFFFAOYSA-N,CCCCCCNC(=O)Oc1cccc(CN(C)CCCCOc2ccc3c(=O)c4ccccc4oc3c2)c1,7.0
2300,YVQQQWJNOUYSPP-UHFFFAOYSA-N,CNC(=O)Oc1cccc(CN(C)CCCCCOc2ccc3c(=O)c4ccccc4oc3c2)c1,9.08619
2301,NRTNJADFJCRFNL-UHFFFAOYSA-N,CCCCCCNC(=O)Oc1cccc(CN(C)CCCCCOc2ccc3c(=O)c4ccccc4oc3c2)c1,7.0
2302,ALPCPHJLBPNALD-UHFFFAOYSA-N,CCNC(=O)Oc1cccc(CN(C)CCCOc2ccc3c(=O)c4ccccc4oc3c2)c1,7.88606
2303,LMCMDUCNDONQKJ-UHFFFAOYSA-N,CCCNC(=O)Oc1cccc(CN(C)CCCOc2ccc3c(=O)c4ccccc4oc3c2)c1,7.55284
2304,XXYOHHNGEKCFAK-UHFFFAOYSA-N,CCCCNC(=O)Oc1cccc(CN(C)CCCOc2ccc3c(=O)c4ccccc4oc3c2)c1,7.4437
2305,JLIDJRGQAIERBG-UHFFFAOYSA-N,CN(CCCOc1ccc2c(=O)c3ccccc3oc2c1)Cc1cccc(OC(=O)Nc2ccccc2)c1,8.55284
2306,NTBGNSLILYZHOK-UHFFFAOYSA-N,CNC(=O)Oc1cccc(CN(C)CCCOc2ccc3c(=O)c4cccnc4oc3c2)c1,8.95861
2307,ZYNRLEQFTJNNFH-UHFFFAOYSA-N,CCCCNC(=O)Oc1cccc(CN(C)CCCOc2ccc3c(=O)c4cccnc4oc3c2)c1,8.05061
2308,SVTPJKZZYJPYRV-UHFFFAOYSA-N,CCCCCCNC(=O)Oc1cccc(CN(C)CCCOc2ccc3c(=O)c4cccnc4oc3c2)c1,7.37675
2309,XVJDMVSHDMGRQA-UHFFFAOYSA-N,CNC(=O)Oc1cccc(CN(C)CCCOc2ccc3ccc(=O)oc3c2)c1,8.24413
2310,MTHAAFJWKDKWDN-UHFFFAOYSA-N,CCCCNC(=O)Oc1cccc(CN(C)CCCOc2ccc3ccc(=O)oc3c2)c1,7.85387
2311,ZRCBPVTWLWOJLM-UHFFFAOYSA-N,CCCCCCNC(=O)Oc1cccc(CN(C)CCCOc2ccc3ccc(=O)oc3c2)c1,7.88606
2312,QCNLPNZWOJVEMC-UHFFFAOYSA-N,CNC(=O)Oc1cccc(CN(C)CCCOc2ccc3c(=O)ccoc3c2)c1,8.05061
2313,QGZSYSHLTHNVQJ-UHFFFAOYSA-N,CCCCNC(=O)Oc1cccc(CN(C)CCCOc2ccc3c(=O)ccoc3c2)c1,6.60206
2314,VWWLOQUVDINGGC-UHFFFAOYSA-N,CCCCCCNC(=O)Oc1cccc(CN(C)CCCOc2ccc3c(=O)ccoc3c2)c1,7.67778
2315,RDDTTZUMDKWHJZ-UHFFFAOYSA-N,CNC(=O)Oc1cccc(CN(C)CCCOc2ccc3c(=O)cc(-c4ccccc4)oc3c2)c1,8.24413
2316,ZRALBZBQZUJSPR-UHFFFAOYSA-N,CCCCNC(=O)Oc1cccc(CN(C)CCCOc2ccc3c(=O)cc(-c4ccccc4)oc3c2)c1,7.50864
2317,SHAWTVDNEZSOSR-UHFFFAOYSA-N,CCCCCCNC(=O)Oc1cccc(CN(C)CCCOc2ccc3c(=O)cc(-c4ccccc4)oc3c2)c1,7.16749
2318,HXQCOCVRUGEICR-UHFFFAOYSA-N,CCN(CCCOc1ccc2c(=O)c3ccccc3oc2c1)Cc1cccc(OC(=O)NC)c1,9.25181
2319,HHXUHEFFENDWNS-UHFFFAOYSA-N,CCCCNC(=O)Oc1cccc(CN(CC)CCCOc2ccc3c(=O)c4ccccc4oc3c2)c1,8.0655
2320,PQAZOSKFSMTNGU-UHFFFAOYSA-N,CCCCCCNC(=O)Oc1cccc(CN(CC)CCCOc2ccc3c(=O)c4ccccc4oc3c2)c1,6.79588
2321,LGGHQISBZXMDCF-UHFFFAOYSA-N,CCCN(CCCOc1ccc2c(=O)c3ccccc3oc2c1)Cc1cccc(OC(=O)NC)c1,8.39794
2322,MNPIKQZTVMDUBC-UHFFFAOYSA-N,CCCCNC(=O)Oc1cccc(CN(CCC)CCCOc2ccc3c(=O)c4ccccc4oc3c2)c1,7.1549
2323,LVHYHPPSQCHATE-UHFFFAOYSA-N,CCCCCCNC(=O)Oc1cccc(CN(CCC)CCCOc2ccc3c(=O)c4ccccc4oc3c2)c1,6.39794
2324,ZYUCOMLJCQLLSP-UHFFFAOYSA-N,CNC(=O)Oc1cccc(CN(CCCOc2ccc3c(=O)c4ccccc4oc3c2)C(C)C)c1,9.1549
2325,DEJGKDQNTHLAEV-UHFFFAOYSA-N,CCCCNC(=O)Oc1cccc(CN(CCCOc2ccc3c(=O)c4ccccc4oc3c2)C(C)C)c1,7.0
2326,WFGJHCVCXBKDHU-UHFFFAOYSA-N,CCCCCCNC(=O)Oc1cccc(CN(CCCOc2ccc3c(=O)c4ccccc4oc3c2)C(C)C)c1,6.76955
2330,QYPIWAWBCRJQPR-UHFFFAOYSA-N,Cc1cc(-c2ccccc2)nnc1NCCN1CCCCC1,5.26761
2332,VQVUIXDYVAPMOJ-UHFFFAOYSA-N,Cc1cc(-c2ccc(Cl)cc2)nnc1NCCN1CCCCC1,5.88606
2333,VUSSXUIWFZLTIX-UHFFFAOYSA-N,Cc1cc(-c2ccc3c(c2)OCO3)nnc1NCCN1CCCCC1,6.0
2344,FTJHDEREJQMLMM-UHFFFAOYSA-N,c1ccc(-c2ccc(NCCCCCN3Cc4ccccc4CN3)nn2)cc1,5.0
2360,BULPDQLGDINAMU-UHFFFAOYSA-N,O=C(CCC1CCN(Cc2ccccc2)CC1)c1ccc2c(c1)OCO2,7.52288
2365,KEWKCRNEFJBHSP-UHFFFAOYSA-N,CN(CCOCCNC(=S)NC(=O)c1ccccc1)Cc1ccccc1,6.92082
2366,APEXWSYWURSQFH-UHFFFAOYSA-N,Cc1ccc(C(=O)NC(=S)NCCOCCN(C)Cc2ccccc2)cc1,7.11351
2367,ZEMPGLFHJOJMQU-UHFFFAOYSA-N,COc1ccc(C(=O)NC(=S)NCCOCCN(C)Cc2ccccc2)cc1,7.58503
2368,ADVZBBJOYBSROZ-UHFFFAOYSA-N,CN(CCOCCNC(=S)NC(=O)c1ccc(Cl)cc1)Cc1ccccc1,7.52288
2369,SYZVDDNPSVYYEO-UHFFFAOYSA-N,CN(CCOCCNC(=S)NC(=O)c1cccc([N+](=O)[O-])c1)Cc1ccccc1,7.82391
2370,XRBNRPQFWXMTTE-UHFFFAOYSA-N,CN(CCOCCNC(=S)NC(=O)c1ccc(Cl)c(Cl)c1)Cc1ccccc1,7.25964
2371,ZBLLEFQVHGEIDU-UHFFFAOYSA-N,CN(CCOCCNC(=S)NC(=O)c1ccc(-c2ccccc2)cc1)Cc1ccccc1,6.63827
2372,COHWMQXSPQSORZ-UHFFFAOYSA-N,CN(CCOCCNC(=S)NC(=O)c1ccc2ccccc2c1)Cc1ccccc1,7.0
2373,QDMQSDWGWSGNCC-UHFFFAOYSA-N,CN(CCOCCNC(=S)NC(=O)c1ccc2c(c1)C(=O)c1ccccc1-2)Cc1ccccc1,7.52288
2374,SSLBYIAJNRQECX-UHFFFAOYSA-N,CN(CCOCCNC(=S)NC(=O)c1ccc2c(c1)C(=O)c1ccccc1C2=O)Cc1ccccc1,8.22185
2375,GHQMZWFMHBZRED-UHFFFAOYSA-N,CN(CCOCCCNC(=S)NC(=O)c1ccccc1)Cc1ccccc1,5.95861
2376,HBRMXZZVKFXPPL-UHFFFAOYSA-N,CN(CCOCCNC(=S)NC(=O)c1ccccc1)C1CCCCC1,7.88606
2377,YXIDPUJWSXNQBE-UHFFFAOYSA-N,CN(CCOCCNC(=S)Nc1ccc(Cl)cc1)Cc1ccccc1,5.74473
2378,QWSNDOLNOYZUGA-UHFFFAOYSA-N,CN(CCOCCNC(=S)Nc1cccc2ccccc12)Cc1ccccc1,5.0
2379,IIFXEZWTVNGNEY-UHFFFAOYSA-N,COc1ccc(NC(=S)NCCOCCN(C)Cc2cccc([N+](=O)[O-])c2)cc1OC,5.82391
2380,RTBUCTZBKMKWAW-UHFFFAOYSA-N,CN(CCOCCNC(=S)Nc1ccc(OC(F)(F)F)cc1)Cc1ccccc1,6.0
2381,UQQDDFLWSGLUNL-UHFFFAOYSA-N,CN(CCOCCNC(=S)Nc1ccccn1)Cc1ccccc1,5.39794
2382,TWNJMCYHYFBDME-UHFFFAOYSA-N,CN(CCOCCNC(=S)NC1CCCCC1)Cc1ccccc1,5.85387
2383,HRQGWHKVUGNVNC-UHFFFAOYSA-N,CCN(CCOCCNC(=O)NCc1ccccc1)CC1CCCCC1,5.0
2384,IMHFZSFLUOAPRH-UHFFFAOYSA-N,CN(CCOCCNC(=O)Nc1ccc([N+](=O)[O-])cc1)Cc1ccccc1,5.63827
2386,ZEYCLUAFGXAMIV-UHFFFAOYSA-N,NCCCCCCCNc1c2c(nc3ccccc13)CCCC2,6.49621
2387,LFBAUYQQFKFFCF-UHFFFAOYSA-N,NCCCCCCCCNc1c2c(nc3ccccc13)CCCC2,7.05061
2388,BMSMAYYXXZZRQN-UHFFFAOYSA-N,NCCCCCCCCCNc1c2c(nc3ccccc13)CCCC2,6.88273
2389,ZKQCXLRXJGGZDE-UHFFFAOYSA-N,NCCCCCCCCCCNc1c2c(nc3ccccc13)CCCC2,6.83268
2390,AUWJPKWQQCCYFJ-UHFFFAOYSA-N,NCCCCCCCCCCCCNc1c2c(nc3ccccc13)CCCC2,6.74473
2391,IQWZFJFZIOQWMO-UHFFFAOYSA-N,CN(C)CCCCCCCNc1c2c(nc3ccccc13)CCCC2,7.284
2392,YBHMQTHNPQNNEB-UHFFFAOYSA-N,CN(C)CCCCCCCCNc1c2c(nc3ccccc13)CCCC2,7.3279
2393,LNABAEDQNVYLMM-UHFFFAOYSA-N,CN(C)CCCCCCCCCNc1c2c(nc3ccccc13)CCCC2,7.14874
2394,MKWXVXAJEIRGML-UHFFFAOYSA-N,CN(C)CCCCCCCCCCNc1c2c(nc3ccccc13)CCCC2,7.34679
2395,RHFKCHRCTNMGMF-UHFFFAOYSA-N,CN(C)CCCCCCCCCCCCNc1c2c(nc3ccccc13)CCCC2,6.5784
2396,DAKMZCNUVKKBIH-UHFFFAOYSA-N,c1ccc2c(NCCCCCCCNc3ccncc3)c3c(nc2c1)CCCC3,7.89279
2397,HAAQFCDOAGMIPV-UHFFFAOYSA-N,c1ccc2c(NCCCCCCCCNc3ccncc3)c3c(nc2c1)CCCC3,7.86646
2398,SOARTDIDZFKTKX-UHFFFAOYSA-N,c1ccc2c(NCCCCCCCCCNc3ccncc3)c3c(nc2c1)CCCC3,7.08092
2399,VJYJWGAJWFCCLU-UHFFFAOYSA-N,c1ccc2c(NCCCCCCCCCCNc3ccncc3)c3c(nc2c1)CCCC3,6.75449
2400,RSFASIHHCGSKEP-UHFFFAOYSA-N,c1ccc(NCCCCCCCCCCCCNc2c3c(nc4ccccc24)CCCC3)cc1,6.58336
2401,CRJKPYBOKIRWEV-UHFFFAOYSA-N,c1ccc2c(NCCCCCCCNc3c4c(nc5ccccc35)CCCC4)ccnc2c1,7.99568
2402,UNVOAAWEEGAXTN-UHFFFAOYSA-N,c1ccc2c(NCCCCCCCCNc3c4c(nc5ccccc35)CCCC4)ccnc2c1,8.05552
2403,NPGXFJUCABRJKY-UHFFFAOYSA-N,c1ccc2c(NCCCCCCCCCNc3c4c(nc5ccccc35)CCCC4)ccnc2c1,7.42022
2404,GYSCQDBTSDBCGY-UHFFFAOYSA-N,Nc1c2c(nc3ccccc13)CCC2,5.35655
2405,GOXLVSZAUDIXPN-UHFFFAOYSA-N,Nc1c2c(nc3ccccc13)CCCCC2,7.40894
2406,MOYCAFZXXXJGSU-UHFFFAOYSA-N,Nc1c2c(nc3ccccc13)CCCCCC2,5.04096
2421,JDBFUNKEBJSDBO-UHFFFAOYSA-N,CC1=C(C)c2nc3ccccc3c(N)c2C1,5.45593
2423,RTHCYVBBDHJXIQ-UHFFFAOYSA-N,CNCCC(Oc1ccc(C(F)(F)F)cc1)c1ccccc1,6.88606
2424,MXRJUMCOVVUCLC-UHFFFAOYSA-N,O=C1c2ccccc2CC1CC1CCN(c2ccccc2)CC1,6.82391
2425,PTCACPKCJXNQCA-UHFFFAOYSA-N,O=C1c2ccccc2CCC1CC1CCN(c2ccccc2)CC1,5.67778
2427,PUIMXWDMXXGCOQ-UHFFFAOYSA-N,COc1cc2c(cc1OC)C(=O)C(CC1CCN(c3ccccc3)CC1)C2,8.24413
2428,SSBYUQPQURUNFB-UHFFFAOYSA-N,COc1cc2c(cc1OC)C(O)C(CC1CCN(c3ccccc3)CC1)C2,6.52288
2429,FZSQYWVGOUKAEU-UHFFFAOYSA-N,COc1cc2c(cc1OC)CC(CC1CCN(c3ccccc3)CC1)=C2,5.35655
2436,YLTHGBHVBCBJTO-UHFFFAOYSA-N,CNC(=O)Oc1cccc(CN(C)CCCOc2ccc(Cc3ccccc3)cc2)c1,7.6073
2446,DPFDEENBDAFSHC-UHFFFAOYSA-N,Cc1cc(-c2ccccc2)n[nH]c1=NCCC1CCN(Cc2ccccc2)CC1,6.49485
2447,VPUCFTPWWMDXSU-UHFFFAOYSA-N,CC(C)c1cc(-c2ccccc2)n[nH]c1=NCCC1CCN(Cc2ccccc2)CC1,6.36653
2450,QDPFLDICHQNBMJ-UHFFFAOYSA-N,CCCc1cc(=NCCC2CCN(Cc3ccccc3)CC2)[nH]nc1-c1ccccc1,7.21467
2451,QQCCOTBRJNQDJR-UHFFFAOYSA-N,c1ccc(CN2CCC(CCN=c3[nH]nc(-c4ccccc4)c4ccccc34)CC2)cc1,6.35655
2452,OTTDOZLQGARJRG-UHFFFAOYSA-N,c1ccc2c(NCCCCCCNc3c4c(nc5ccccc35)CCC4)c3c(nc2c1)CCC3,6.9393
2453,CJYZVXNYXSEUCW-UHFFFAOYSA-N,c1ccc2c(NCCCCCCCNc3c4c(nc5ccccc35)CCC4)c3c(nc2c1)CCC3,7.12494
2454,KBQNIGWBLLTLRQ-UHFFFAOYSA-N,c1ccc2c(NCCCCCCCCNc3c4c(nc5ccccc35)CCC4)c3c(nc2c1)CCC3,7.65758
2455,IYNUCVAQGDCTFO-UHFFFAOYSA-N,c1ccc2c(NCCCCCCNc3c4c(nc5ccccc35)CCCC4)c3c(nc2c1)CCCC3,8.85387
2457,ZIDVXYDWJIVBSC-UHFFFAOYSA-N,c1ccc2c(NCCCCCCCCNc3c4c(nc5ccccc35)CCCC4)c3c(nc2c1)CCCC3,8.79588
2458,RNCHLHHWJBXPLK-UHFFFAOYSA-N,Fc1ccc2c(NCCCCCCNc3c4c(nc5cc(F)ccc35)CCCC4)c3c(nc2c1)CCCC3,9.04576
2459,MWRCDYACTUEODY-UHFFFAOYSA-N,Fc1ccc2c(NCCCCCCCNc3c4c(nc5cc(F)ccc35)CCCC4)c3c(nc2c1)CCCC3,9.22185
2460,LGPLUMZTSHOAFT-UHFFFAOYSA-N,Fc1ccc2c(NCCCCCCCCNc3c4c(nc5cc(F)ccc35)CCCC4)c3c(nc2c1)CCCC3,9.1549
2461,IXRJZUFMXJZPOC-UHFFFAOYSA-N,Clc1ccc2c(NCCCCCCNc3c4c(nc5cc(Cl)ccc35)CCCC4)c3c(nc2c1)CCCC3,9.22185
2462,UAGMFLGLVVWYFR-UHFFFAOYSA-N,Clc1ccc2c(NCCCCCCCNc3c4c(nc5cc(Cl)ccc35)CCCC4)c3c(nc2c1)CCCC3,10.1549
2463,VPKBEAWMABSKGC-UHFFFAOYSA-N,Clc1ccc2c(NCCCCCCCCNc3c4c(nc5cc(Cl)ccc35)CCCC4)c3c(nc2c1)CCCC3,9.52288
2464,OYFQRIHSVKLETO-UHFFFAOYSA-N,c1cnc2nc3c(c(NCCCCCCNc4c5c(nc6ncccc46)CCCC5)c2c1)CCCC3,8.31876
2465,CFMNRJWKHXEFOQ-UHFFFAOYSA-N,c1cnc2nc3c(c(NCCCCCCCNc4c5c(nc6ncccc46)CCCC5)c2c1)CCCC3,8.88606
2466,WHXABAAQSUQJBY-UHFFFAOYSA-N,c1cnc2nc3c(c(NCCCCCCCCNc4c5c(nc6ncccc46)CCCC5)c2c1)CCCC3,8.72125
2467,CUNSKXFDFJIUPQ-UHFFFAOYSA-N,c1ccc2c(NCCCCCCNc3c4c(nc5ncccc35)CCCCC4)c3c(nc2c1)CCCCC3,8.60206
2468,SQIANBUOIQPBJW-UHFFFAOYSA-N,c1ccc2c(NCCCCCCCNc3c4c(nc5ccccc35)CCCCC4)c3c(nc2c1)CCCCC3,8.56864
2469,ZCQVAGLFOBYHQJ-UHFFFAOYSA-N,c1ccc2c(NCCCCCCCCNc3c4c(nc5ccccc35)CCCCC4)c3c(nc2c1)CCCCC3,8.79588
2480,KSVGHHUWOHOEOT-UHFFFAOYSA-N,Cc1ccc2nc3c(c(Nc4ccccc4)c2c1)CCCC3,5.4318
2481,DZAMPWWGUXWQMU-UHFFFAOYSA-N,Cc1ccc2c(Nc3ccccc3)c3c(nc2c1)CCCC3,6.12494
2482,DCFJPBOHDHFDCM-UHFFFAOYSA-N,Clc1ccc2c(Nc3ccccc3)c3c(nc2c1)CCCC3,6.76955
2483,KSWCPMXQTLATNQ-UHFFFAOYSA-N,O=[N+]([O-])c1ccc2nc3c(c(Nc4ccccc4)c2c1)CCCC3,5.79588
2484,NAXCYQYLDAKXOO-UHFFFAOYSA-N,O=[N+]([O-])c1ccc2c(Nc3ccccc3)c3c(nc2c1)CCCC3,5.31876
2491,YMJAIDWXOYOGGU-QFEZKATASA-N,CNC(=O)Oc1cccc(CN(C)CCCOc2ccc3c(c2)O/C(=C\c2cc(O)c(O)c(O)c2)C3=O)c1,8.52433
2494,VEFMPDZVTZNAQM-MIXAMLLLSA-N,CNC(=O)Oc1cccc(CN(C)CCCCCCCOc2ccc3c(c2)O/C(=C\c2cc(O)c(O)c(O)c2)C3=O)c1,9.284
2496,JRUNUWICCWKNEM-XSVYLIDLSA-N,CNC(=O)Oc1cccc(CN(C)CCCCCCCOc2ccc3c(c2)O/C(=C\c2ccc4ccccc4c2)C3=O)c1,8.67985
2497,SGDJPNXFOBBUMA-HBAMXUDRSA-N,CNC(=O)Oc1cccc(CN(C)CCCCCCCOc2ccc3c(c2)O/C(=C\c2c4ccccc4cc4ccccc24)C3=O)c1,7.10182
2501,WCSMOXXDYDOEJZ-MFKUBSTISA-N,CNC(=O)Oc1cccc(CN(C)CCCCCCCOc2ccc3c(c2)C/C(=C\c2cc(O)c(O)c(O)c2)C3=O)c1,8.74473
2502,JXBQVNZMJKKIMS-IWIPYMOSSA-N,CNC(=O)Oc1cccc(CN(C)CCCCCCCOc2ccc3c(c2)OC/C(=C/c2cc(O)c(O)c(O)c2)C3=O)c1,8.00833
2503,GQCOATKLTLZXLW-ONUIUJJFSA-N,CNC(=O)Oc1cccc(CN(C)CCCCCCCOc2ccc3c(c2)CC/C(=C/c2cc(O)c(O)c(O)c2)C3=O)c1,8.30627
2504,OGPXTGFJHPRGJU-UHFFFAOYSA-N,CNC(=O)Oc1cccc(CN(C)CCCCCCCOc2ccc3c(c2)OCC3=O)c1,5.79317
2505,YYNNNHICPRTURU-UHFFFAOYSA-N,O=C(CCc1c[nH]c2ccccc12)NCCCCCNc1c2c(nc3ccccc13)CCCC2,7.1549
2506,MZIDLDQPPBIKHJ-UHFFFAOYSA-N,O=C(CCc1c[nH]c2ccccc12)NCCCCCNc1c2c(nc3cc(Cl)ccc13)CCCC2,8.39794
2507,NTISYWBCRKDSDB-UHFFFAOYSA-N,O=C(CCc1c[nH]c2ccccc12)NCCCCCCNc1c2c(nc3ccccc13)CCCC2,10.69897
2508,UGBNXSYMNXHJKM-UHFFFAOYSA-N,O=C(CCc1c[nH]c2ccccc12)NCCCCCCCNc1c2c(nc3ccccc13)CCCC2,10.22185
2509,CANCFHBYJYSQSR-UHFFFAOYSA-N,O=C(CCc1c[nH]c2ccccc12)NCCCCCCCCNc1c2c(nc3cc(Cl)ccc13)CCCC2,9.30103
2510,BKAXAPFSKYIFDF-UHFFFAOYSA-N,O=C(CCc1c[nH]c2ccccc12)NCCCCCCCCCNc1c2c(nc3cc(Cl)ccc13)CCCC2,8.35655
2511,MBPKTUUBOVNOPG-UHFFFAOYSA-N,O=C(CCc1c[nH]c2ccccc12)NCCCCCCCCCCNc1c2c(nc3cc(Cl)ccc13)CCCC2,7.65956
2512,YIFIESCJSCAHBP-UHFFFAOYSA-N,CN(CCCNC(=O)CCc1c[nH]c2ccccc12)CCCNc1c2c(nc3ccccc13)CCCC2,6.83268
2513,ZNDUXFVNQAAWFO-UHFFFAOYSA-N,CN(CCCNC(=O)CCc1c[nH]c2ccccc12)CCCNc1c2c(nc3cc(Cl)ccc13)CCCC2,8.5376
2514,PBSOJOMZHQNAPL-UHFFFAOYSA-N,N#Cc1ccc2[nH]cc(CCC(=O)NCCCCCCNc3c4c(nc5cc(Cl)ccc35)CCCC4)c2c1,9.1549
2515,GFHYZPMZHCOIER-DTQAZKPQSA-N,O=C(/C=C/c1c[nH]c2ccccc12)NCCCCCCNc1c2c(nc3cc(Cl)ccc13)CCCC2,7.74473
2516,WRZLBZPGOSUCKT-UHFFFAOYSA-N,O=C(NCCCCCNc1c2c(nc3cc(Cl)ccc13)CCCC2)c1c[nH]c2ccccc12,6.74473
2517,BNYZFCXUCLRASW-UHFFFAOYSA-N,O=C(NCCCCCCNc1c2c(nc3cc(Cl)ccc13)CCCC2)c1c[nH]c2ccccc12,7.48149
2518,FAYCJMALFQZDBF-UHFFFAOYSA-N,O=C(NCCCCCCCNc1c2c(nc3cc(Cl)ccc13)CCCC2)c1c[nH]c2ccccc12,7.4437
2519,NTWXQLUPCDPUOH-UHFFFAOYSA-N,O=C(NCCCCCCCCNc1c2c(nc3cc(Cl)ccc13)CCCC2)c1c[nH]c2ccccc12,7.33724
2523,XXQFKMLSSFZKTL-UHFFFAOYSA-N,O=C(CCCc1c[nH]c2ccccc12)NCCCCCCNc1c2c(nc3cc(Cl)ccc13)CCCC2,9.30103
2524,XLZKWRHITDAXOX-UHFFFAOYSA-N,Cn1cc(C(=O)NCCCCCCCNc2c3c(nc4cc(Cl)ccc24)CCCC3)c2ccccc21,7.96257
2525,XYRVXZVCEIJZMQ-UHFFFAOYSA-N,O=C(NCCCCCCCNc1c2c(nc3cc(Cl)ccc13)CCCC2)c1n[nH]c2ccccc12,7.02228
2526,IXKSPYNBVOXXMS-UHFFFAOYSA-N,O=C(CCOCCc1c[nH]c2ccccc12)NCCCCCNc1c2c(nc3cc(Cl)ccc13)CCCC2,8.82391
2527,YQQLXSBICNXWQG-UHFFFAOYSA-N,O=C(CCOCCc1c[nH]c2ccccc12)NCCCCCCNc1c2c(nc3cc(Cl)ccc13)CCCC2,9.1549
2528,QUZYOFQJXMGVPT-UHFFFAOYSA-N,O=C(CCOCCc1c[nH]c2ccccc12)NCCCCCCCNc1c2c(nc3cc(Cl)ccc13)CCCC2,8.52288
2529,SCEVFJUWLLRELN-UHFFFAOYSA-N,O=C(Nc1cccc(C2=NCCN2)c1)Nc1cccc(C2=NCCN2)c1,6.22915
2530,FOCBRSKUUQCFGB-UHFFFAOYSA-N,CC(Cc1ccc(O)cc1)C1CCC(C)C(c2ccc(O)cc2)C1,6.20761
2531,BVPWJMCABCPUQY-UHFFFAOYSA-N,COc1cc(N)c(Cl)cc1C(=O)NC1CCN(Cc2ccccc2)CC1,6.05061
2532,LQIUNNAXCPNEBY-UHFFFAOYSA-N,CC(C)Cc1ccc(C(=O)CC(Sc2ccccc2N)c2cccc([N+](=O)[O-])c2)cc1,5.88606
2533,IRUQUDYGEDZCLL-UHFFFAOYSA-N,Cc1ccc(S(=O)(=O)N(Cc2ccccc2)c2ccc(N)cc2O)cc1,5.60206
2534,MMEREBMEEJFGDP-UHFFFAOYSA-N,Cc1nn(S(=O)(=O)c2cc(C(F)(F)F)cc(C(F)(F)F)c2)cc1-c1nsc(Nc2ccccc2)n1,5.58503
2535,PNPNALAFJBTBHH-UHFFFAOYSA-N,O=C(CC1S/C(=N/c2ccc(C3CCCCC3)cc2)NC1=O)Nc1ccc(OC(F)(F)F)cc1,5.5376
2536,HYERRBRKDRGAKZ-UHFFFAOYSA-N,Oc1ccc(C2CC(c3ccccc3O)=Nc3ccccc3S2)cc1,5.38722
2537,VKJNTWUNVOZAFH-AUEPDCJTSA-N,C/C(=N\O)c1ccc(Cl)c(NC(=O)c2c(-c3ccccc3Cl)noc2C)c1,5.17393
2538,PJQUGBXJLUQYRX-UHFFFAOYSA-N,Fc1ccc(N(Cc2ccc3c(c2)OCO3)C(=S)Nc2cccc(C(F)(F)F)c2)cc1,5.09691
2539,KTSWYJBLLHNRLO-UHFFFAOYSA-N,COc1ccc(-c2cc(-c3ccc(N(C)C)cc3)nc(NS(=O)(=O)c3ccc(NC(C)=O)cc3)n2)cc1,5.07058
2547,ZDWVWKDAWBGPDN-UHFFFAOYSA-O,CC[N+](C)(CC)CCC[n+]1c(-c2ccccc2)c2cc(N)ccc2c2ccc(N)cc21,5.1463
2551,YZEBCQMSYNIRDF-UHFFFAOYSA-N,Oc1c(CNCCCCCCCCCNc2c3c(nc4ccccc24)CCCC3)ccc2cccnc12,8.25964
2552,KDCDKEGHPMCTKJ-UHFFFAOYSA-N,Cc1ccc2ccc(CNCCCCCCCCNc3c4c(nc5ccccc35)CCCC4)c(O)c2n1,9.30103
2553,WBQRDKIQMPMEDD-UHFFFAOYSA-N,Oc1c(CNCCCCCCCCCNc2c3c(nc4ccccc24)CCCC3)cc(Cl)c2cccnc12,9.0
2557,RVOLLAQWKVFTGE-UHFFFAOYSA-N,CN(C)C(=O)Oc1ccc[n+](C)c1,6.4437
2558,YNGSTYODGGYXSA-UHFFFAOYSA-N,CN(C)c1cccc(OC(=O)Nc2ccccc2)c1,5.60206
2559,CQGHRZNZXOPOFO-UHFFFAOYSA-N,COS(=O)(=O)[O-].C[N+](C)(C)c1cccc(OC(=O)Nc2ccccc2)c1,5.727
2565,QFIKEMJSULRLJK-QWAKEFERSA-O,CN1c2ccc(OC(=O)Nc3ccccc3)cc2[C@]2(C)CC[N+](C)(C)C12,7.59517
2567,XHZNIFLABLRQGZ-IAXKEJLGSA-O,Cc1ccccc1NC(=O)Oc1ccc2c(c1)[C@]1(C)CC[N+](C)(C)C1N2C,7.83565
2569,IZIGCHHIRHKMJQ-GITCGBDTSA-O,CC(C)c1ccc(NC(=O)Oc2ccc3c(c2)[C@]2(C)CC[N+](C)(C)C2N3C)cc1,6.83863
2571,QAOKOBSRMLDYEY-WWKUNUPPSA-O,CC(C)c1ccc(NC(=O)Oc2ccc3c(c2)[C@]2(C)CC[N+](C)(CCc4ccccc4)C2N3C)cc1,6.52288
2572,WWDYNLRLCYEISG-UHFFFAOYSA-N,O=C(CCCN1C(=O)c2ccccc2C1=O)N1CCCCCC1,6.30103
2577,XLACNYANFVDSES-UHFFFAOYSA-N,CCOC(=O)C1=CN(C)c2cccc(OC(=O)N(C)C)c2C1,8.1549
2578,PFKPSOFWIQHOEE-ZANVPECISA-N,CNC(=O)Oc1ccc2c(c1)SC[C@@H]1CCN(C)[C@H]21,8.09098
2581,RIJIUXWTQZLGEH-YGRLFVJLSA-N,CNC(=O)Oc1ccc2c(c1)CC[C@@H]1CCN(C)[C@H]21,7.76195
2586,AZSNSMQGNNSLPD-CYBMUJFWSA-N,C[C@H](c1cccc(OC(=O)N(C)C)c1)N1CCCCC1,7.49485
2590,PIJVFDBKTWXHHD-UKRRQHHQSA-N,CNC(=O)Oc1ccc2c(c1)[C@@]1(C)CCN(C)[C@@H]1N2C,5.00494
2591,NGUSEKDHYWDTPQ-UHFFFAOYSA-N,CC(C)c1ccc(NC(=O)Oc2ccc3c(c2)C2(C)COC(O3)O2)cc1,5.36653
2593,YSZQKPILONCHJM-VPUSJEBWSA-N,CNC(=O)Oc1ccc2c(c1)[C@]1(C)CCN(Cc3ccccc3)[C@@H]1N2Cc1ccccc1,5.44855
2594,LMOCORHCUOWHJF-UHFFFAOYSA-N,O=C(Nc1ccccc1Cl)Oc1ccc2c(c1)CCCN2Cc1ccccc1,5.48017
2595,BLIZSWJUMPREPD-HIFRSBDPSA-N,CNC(=O)Oc1ccc2c(c1)[C@]1(C)CCN(C)[C@@H]1N2C=O,5.60206
2596,HFXBBZYSRYHHRW-MJGOQNOKSA-N,Cc1ccccc1NC(=O)Oc1ccc2c(c1)[C@]1(C)CCN[C@@H]1N2,6.08092
2600,GGURJTHKBIQYLT-UHFFFAOYSA-N,CCNC(=O)Oc1ccc2c(c1)C1(C)COC(O2)O1,6.41173
2602,RNBMJTUDVDLVNT-QUCCMNQESA-N,CN1CC[C@@]2(C)c3cc(OC(=O)Nc4ccccc4)ccc3N(C=O)[C@@H]12,6.48149
2603,UUQLGETXWSEMFB-RSXGOPAZSA-N,CN1CC[C@@]2(C)c3cc(OC(=O)Nc4ccccc4)ccc3N(Cc3ccccc3)[C@@H]12,6.6103
2604,MFSFKJAYNZMHEN-CTNGQTDRSA-N,CNC(=O)Oc1ccc2c(c1)[C@]1(C)CCN(C)[C@@H]1N2Cc1ccccc1,6.79371
2605,IIFRKALDATVOJE-GGAORHGYSA-N,CN1CC[C@@]2(C)c3cc(OC(=O)N4CCc5ccccc5C4)ccc3N(C)[C@@H]12,6.82974
2608,GUHMRCCRDRBMHO-UHFFFAOYSA-N,CNC(=O)Oc1ccc2c(c1)c(C)cn2Nc1ccncc1F,7.0
2612,GPONHWSDHNCYFZ-JSGCOSHPSA-N,CNC(=O)Oc1ccc2c(c1)[C@]1(C)CCN(C)[C@@H]1N2,7.24642
2613,ZRWYMOGAPUKQLT-ICSRJNTNSA-N,Cc1ccccc1NC(=O)Oc1ccc2c(c1)[C@]1(C)CCN(C)[C@@H]1N2,7.39794
2615,GFBWOLCGRWIJDE-UHFFFAOYSA-N,CCCNc1c2c(nc3ccc(OC)cc13)CCCC2,5.03621
2617,KBBSAAQAJDSCGH-UHFFFAOYSA-N,CCCCCNc1c2c(nc3ccc(OC)cc13)CCCC2,5.17393
2618,FHJNAXWWTVBTEP-UHFFFAOYSA-N,CCCCCCNc1c2c(nc3ccc(OC)cc13)CCCC2,7.0
2619,XRCKCYUZWSKFGD-UHFFFAOYSA-N,CCCCCCCNc1c2c(nc3ccc(OC)cc13)CCCC2,6.56864
2620,IFHMPKOJBNGXHV-UHFFFAOYSA-N,CCCCCCCCNc1c2c(nc3ccc(OC)cc13)CCCC2,6.4437
2621,CMKNYPAMAODIKM-UHFFFAOYSA-N,CCCCCCCCCNc1c2c(nc3ccc(OC)cc13)CCCC2,5.79588
2623,YFVGMWQTMYFWMS-UHFFFAOYSA-N,CCCCCCCCCCCCNc1c2c(nc3ccc(OC)cc13)CCCC2,6.0
2631,IQVIPHARSHGADA-UHFFFAOYSA-N,COc1cc2c(cc1OC)C(=O)C1(C2)C(c2ccc(F)cc2)CN(C)C12C(=O)Nc1ccccc12,5.67366
2632,VVHJGKZGVWBDEY-UHFFFAOYSA-N,COc1ccc(C2CN(C)C3(C(=O)Nc4ccccc43)C23Cc2cc(OC)c(OC)cc2C3=O)cc1OC,5.37675
2633,JCRKWESNMGTARN-UHFFFAOYSA-N,COc1cc2c(cc1OC)C(=O)C1(C2)C(c2ccccc2)CN(C)C12C(=O)Nc1ccccc12,5.50585
2634,OCCFQVNBMSSLPG-UHFFFAOYSA-N,COc1cc2c(cc1OC)C(=O)C1(C2)C(c2ccccc2Cl)CN(C)C12C(=O)Nc1ccccc12,5.36653
2635,DPBIWBJSIRMTTR-UHFFFAOYSA-N,COc1cc2c(cc1OC)C(=O)C1(C2)C(c2ccc(F)cc2)CN(C)C12C(=O)Nc1ccc(Cl)cc12,5.4318
2636,WGXWWYALJTUFQJ-UHFFFAOYSA-N,COc1ccc(C2CN(C)C3(C(=O)Nc4ccc(Cl)cc43)C23Cc2cc(OC)c(OC)cc2C3=O)cc1OC,5.37675
2638,INCLLCIGHHXSPI-UHFFFAOYSA-N,COc1cc2c(cc1OC)C(=O)C1(C2)C(c2ccccc2Cl)CN(C)C12C(=O)Nc1ccc(Cl)cc12,5.18046
2639,UOCNUTYNIHRYPD-UHFFFAOYSA-N,COc1cc2c(cc1OC)C(=O)C1(C2)C(c2ccc(F)cc2)CN(C)C12C(=O)Nc1ccc([N+](=O)[O-])cc12,5.0655
2640,QYUROEYAFJQVKH-UHFFFAOYSA-N,COc1ccc(C2CN(C)C3(C(=O)Nc4ccc([N+](=O)[O-])cc43)C23Cc2cc(OC)c(OC)cc2C3=O)cc1OC,5.21467
2642,JIRMJXZEKAMOEK-UHFFFAOYSA-N,COc1cc2c(cc1OC)C(=O)C1(C2)C(c2ccccc2Cl)CN(C)C12C(=O)Nc1ccc([N+](=O)[O-])cc12,5.11919
2643,KEKTVADTRWDTIX-UHFFFAOYSA-N,COc1cc2c(cc1OC)C(=O)C1(C2)C(c2ccc(F)cc2)C(c2ccccc2)NC12C(=O)Nc1ccccc12,5.16368
2644,SHTVSSZRECVTPJ-UHFFFAOYSA-N,COc1ccc(C2C(c3ccccc3)NC3(C(=O)Nc4ccccc43)C23Cc2cc(OC)c(OC)cc2C3=O)cc1OC,5.284
2645,BGGPCEJFXRSBSI-UHFFFAOYSA-N,COc1cc2c(cc1OC)C(=O)C1(C2)C(c2ccccc2)C(c2ccccc2)NC12C(=O)Nc1ccccc12,5.29073
2646,MAIPLBUKRSVRMT-UHFFFAOYSA-N,COc1cc2c(cc1OC)C(=O)C1(C2)C(c2ccccc2Cl)C(c2ccccc2)NC12C(=O)Nc1ccccc12,5.13668
2647,BVSHUOGAIIDBKK-UHFFFAOYSA-N,COc1cc2c(cc1OC)C(=O)C1(C2)C(c2ccc(F)cc2)C(c2ccccc2)NC12C(=O)Nc1ccc(Cl)cc12,5.00612
2648,REEWJWLYSHFTIW-UHFFFAOYSA-N,COc1ccc(C2C(c3ccccc3)NC3(C(=O)Nc4ccc(Cl)cc43)C23Cc2cc(OC)c(OC)cc2C3=O)cc1OC,5.08302
2649,GYHHALPUXKNWQM-UHFFFAOYSA-N,COc1cc2c(cc1OC)C(=O)C1(C2)C(c2ccccc2)C(c2ccccc2)NC12C(=O)Nc1ccc(Cl)cc12,5.13906
2653,HXMKDDKWRMCIPU-UHFFFAOYSA-N,COc1cc2c(cc1OC)C(=O)C1(C2)C(c2ccccc2)C(c2ccccc2)NC12C(=O)Nc1ccc([N+](=O)[O-])cc12,5.4318
2654,BKXPSTDRLRHBDC-UHFFFAOYSA-N,COc1cc2c(cc1OC)C(=O)C1(C2)C(c2ccccc2Cl)C(c2ccccc2)NC12C(=O)Nc1ccc([N+](=O)[O-])cc12,5.37675
2656,BGWSJOXUYWABSA-UHFFFAOYSA-N,CC(C)(C)c1cc[n+](CCCCCCCC[n+]2ccc(C(C)(C)C)cc2)cc1,8.30103
2657,YOMWUZRONLGHHJ-UHFFFAOYSA-N,CC(C)(C)c1cc[n+](CCCCCCCCCCCC[n+]2ccc(C(C)(C)C)cc2)cc1,8.1549
2658,JAZQZHGMPOIYPF-UHFFFAOYSA-N,CC(C)(C)c1cc[n+](CCCCCCCCCC[n+]2ccc(C(C)(C)C)cc2)cc1,7.92082
2659,JKRDVRQPPOYWTL-UHFFFAOYSA-N,CC(C)(C)c1cc[n+](CCCCCCC[n+]2ccc(C(C)(C)C)cc2)cc1,7.79588
2660,QWNIAMHRNCGDAT-MBALSZOMSA-N,CC(C)(C)c1cc[n+](/C=C2\C=CC3=CC/C(=C\[n+]4ccc(C(C)(C)C)cc4)C=C3C2)cc1,7.61979
2661,PIAWAKHRHZZEIK-UHFFFAOYSA-N,CC(C)(C)c1cc[n+](CCCCCCCCCCC[n+]2ccc(C(C)(C)C)cc2)cc1,7.58503
2663,MJOOYCYKVGRRID-UHFFFAOYSA-N,CC(C)(C)c1cc[n+](CCCCCC[n+]2ccc(C(C)(C)C)cc2)cc1,7.49485
2664,RYHRXPJGDAFICN-UHFFFAOYSA-N,CC(C)(C)c1cc[n+](CCCCCCCCC[n+]2ccc(C(C)(C)C)cc2)cc1,7.4318
2665,FKXZCXLZQSOPPI-UHFFFAOYSA-N,CC(C)(C)c1cc[n+](Cc2ccc(C[n+]3ccc(C(C)(C)C)cc3)cc2)cc1,6.52288
2666,PRSMLHLMHZPCHZ-UHFFFAOYSA-N,CC(C)(C)c1cc[n+](Cc2cccc(C[n+]3ccc(C(C)(C)C)cc3)c2)cc1,6.1549
2667,JMBVRTWRCLIWDR-FPLPWBNLSA-N,CC(C)(C)c1cc[n+](C/C=C\C[n+]2ccc(C(C)(C)C)cc2)cc1,5.69897
2668,JMBVRTWRCLIWDR-BQYQJAHWSA-N,CC(C)(C)c1cc[n+](C/C=C/C[n+]2ccc(C(C)(C)C)cc2)cc1,5.46852
2669,DVTOGPVSMNYLJQ-UHFFFAOYSA-N,CC(C)(C)c1cc[n+](CCCC[n+]2ccc(C(C)(C)C)cc2)cc1,5.4318
2670,GTRJMKIJDDDXQG-UHFFFAOYSA-N,CC(C)(C)c1cc[n+](Cc2ccccc2C[n+]2ccc(C(C)(C)C)cc2)cc1,5.0
2691,OMPGPMBHVLLRMF-FGCNPPJOSA-N,CC(=O)O[C@H]1C[C@@H]2C(=CC[C@]3(C)[C@@H]([C@H](C)N(C)C)[C@H](O)C[C@@]23C)C[C@@]23O[C@@H]2[C@H]2OC[C@](C)([C@H]2NC(=O)c2ccccc2)[C@H]13,5.52288
2692,FBMFMDSVTBIJPB-CKTRUMDJSA-N,C[C@@H]([C@H]1[C@H](O)C[C@@]2(C)[C@@H]3C[C@H](O)[C@H]4[C@]5(C)CO[C@]4(C=C[C@@H]5NC(=O)c4ccccc4)CC3=CC[C@]12C)N(C)C,5.07058
2706,KGNFAYMSUAICCE-UHFFFAOYSA-N,O=C(CCC1CCN(Cc2ccccc2)CC1)c1ccc2c(c1)NC(c1ccccc1)N2,7.48004
2709,JVNVQGLSKUWIEI-UHFFFAOYSA-N,O=C(CCC1CCN(Cc2ccccc2)CC1)c1ccc2c(c1)CNCCC2,7.63997
2710,MUPLQQBSTUZKET-UHFFFAOYSA-N,O=C(CCC1CCN(Cc2ccccc2)CC1)c1ccc2c(c1)CCNCC2,7.59998
2711,INRAOCPTSHECTL-UHFFFAOYSA-N,O=C(CCC1CCN(Cc2ccccc2)CC1)c1ccc2c(c1)CNCCO2,7.40001
2712,XXUHSYCMSYGREM-UHFFFAOYSA-N,O=C(CCC1CCN(Cc2ccccc2)CC1)c1cc2c3c(c1)CC(=O)N3CCC2,8.43997
2713,OCBMJTVTNDLOSK-UHFFFAOYSA-N,O=C(CCC1CCN(Cc2ccccc2)CC1)c1cc2c3c(c1)CCN3C(=O)CC2,8.01002
2714,NFTXISIRYWWQCH-UHFFFAOYSA-N,O=C(CCC1CCN(Cc2ccccc2F)CC1)c1cc2c3c(ccn3C(=O)CC2)c1,8.59998
2715,OYOUZDWCUVNLTD-UHFFFAOYSA-N,O=C(CCC1CCN(Cc2cccc(F)c2)CC1)c1cc2c3c(ccn3C(=O)CC2)c1,8.89008
2716,MRXNFHHIQYXLCZ-UHFFFAOYSA-N,O=C(CCC1CCN(Cc2ccccc2Cl)CC1)c1cc2c3c(ccn3C(=O)CC2)c1,8.28997
2717,KFFZZHWEFQETQO-UHFFFAOYSA-N,O=C(CCC1CCN(Cc2cccc(Cl)c2)CC1)c1cc2c3c(ccn3C(=O)CC2)c1,8.30998
2718,RUSFDUFFEYGRCA-UHFFFAOYSA-N,O=C(CCC1CCN(Cc2ccc(Cl)cc2)CC1)c1cc2c3c(ccn3C(=O)CC2)c1,6.81999
2719,OLTPXEYIHUWLFT-UHFFFAOYSA-N,COc1ccccc1CN1CCC(CCC(=O)c2cc3c4c(ccn4C(=O)CC3)c2)CC1,7.18997
2720,GJEHCITUSPVLLH-UHFFFAOYSA-N,COc1cccc(CN2CCC(CCC(=O)c3cc4c5c(ccn5C(=O)CC4)c3)CC2)c1,6.90001
2721,YPTZNQZPLHCHTB-UHFFFAOYSA-N,COc1ccc(CN2CCC(CCC(=O)c3cc4c5c(ccn5C(=O)CC4)c3)CC2)cc1,6.46
2722,GEZUZKUTYJTVML-UHFFFAOYSA-N,O=C(CCC1CCN(Cc2ccccc2O)CC1)c1cc2c3c(ccn3C(=O)CC2)c1,8.96019
2723,SPAOQVWPSOQXTP-UHFFFAOYSA-N,O=C(CCC1CCN(Cc2cccc(O)c2)CC1)c1cc2c3c(ccn3C(=O)CC2)c1,8.05998
2724,YUWFYYYSTMOZFJ-UHFFFAOYSA-N,O=C(CCC1CCN(Cc2ccccc2[N+](=O)[O-])CC1)c1cc2c3c(ccn3C(=O)CC2)c1,7.04998
2725,CGVNEHLIQQXEPD-UHFFFAOYSA-N,O=C(CCC1CCN(Cc2cccc([N+](=O)[O-])c2)CC1)c1cc2c3c(ccn3C(=O)CC2)c1,8.54
2726,XACMNRBVWCIPLK-UHFFFAOYSA-N,O=C(CCC1CCN(Cc2ccccc2)CC1)c1cc2c3c(c1)CCC(=O)N3CCC2,7.79997
2727,VEEUYGGNXIZQMM-UHFFFAOYSA-N,O=C(CCC1CCN(Cc2ccccc2)CC1)c1cc2c3c(c1)CCN3C(=O)CCC2,7.28001
2740,CZWCAVOCGLPUTE-UHFFFAOYSA-N,CS(=O)(=O)Nc1ccc2c(CCC3CCN(Cc4ccccc4)CC3)noc2c1,7.84986
2741,ATASLUKKLHOVPH-UHFFFAOYSA-N,c1ccc(CN2CCC(CCc3noc4cc(C5CCCCC5)ccc34)CC2)cc1,9.10002
2754,GAALVBXZLIDHQH-UHFFFAOYSA-N,O=C(CCC1CCN(Cc2ccc(F)cc2)CC1)c1cc2c3c(ccn3C(=O)CC2)c1,8.33999
2755,BBXSIHLAWFYROK-UHFFFAOYSA-N,O=C(CCC1CCN(Cc2ccc(O)cc2)CC1)c1cc2c3c(ccn3C(=O)CC2)c1,9.30998
2756,OFJBQIDHQDBFPW-UHFFFAOYSA-N,O=C(CCC1CCN(Cc2ccc([N+](=O)[O-])cc2)CC1)c1cc2c3c(ccn3C(=O)CC2)c1,7.36998
2763,AJMNQFJBFWKBJZ-UHFFFAOYSA-P,C[N+](C)(CCNC(=O)C(=O)NCC[N+](C)(C)Cc1ccccc1Cl)Cc1ccccc1Cl,9.1549
2769,AVWREEWMESQTNI-UHFFFAOYSA-N,c1ccc2c[n+](CCCCCC[n+]3ccc4ccccc4c3)ccc2c1,6.52288
2770,WTEHSLBHHPNNTR-UHFFFAOYSA-N,c1ccc2c[n+](CCCCCCC[n+]3ccc4ccccc4c3)ccc2c1,6.30103
2771,GMXBRECDYFCFAU-UHFFFAOYSA-N,c1ccc2c[n+](CCCCCCCC[n+]3ccc4ccccc4c3)ccc2c1,8.30103
2772,UTOPPHLSAAJWHX-UHFFFAOYSA-N,c1ccc2c[n+](CCCCCCCCC[n+]3ccc4ccccc4c3)ccc2c1,7.39794
2773,LRDCLONACLGVJA-UHFFFAOYSA-N,c1ccc2c[n+](CCCCCCCCCC[n+]3ccc4ccccc4c3)ccc2c1,7.30103
2774,ULIWBOHRWMGXPR-UHFFFAOYSA-N,c1ccc2c[n+](CCCCCCCCCCC[n+]3ccc4ccccc4c3)ccc2c1,7.0
2776,BYZAGCWPLBSOCX-UHFFFAOYSA-N,c1ccc2c[n+](COC[n+]3ccc4ccccc4c3)ccc2c1,5.69897
2778,PGHUZXCSVQYQGG-AATRIKPKSA-N,C(=C\C[n+]1ccc2ccccc2c1)/C[n+]1ccc2ccccc2c1,5.1549
2781,SREHLCDERLVEFU-UHFFFAOYSA-N,c1cc(C[n+]2ccc3ccccc3c2)cc(C[n+]2ccc3ccccc3c2)c1,5.09691
2783,KNPXKNFBXUYCEE-UHFFFAOYSA-N,c1ccc2c[n+](Cc3ccc4ccc(C[n+]5ccc6ccccc6c5)cc4c3)ccc2c1,6.52288
2789,XKOPPJJSUOIQCM-UHFFFAOYSA-N,c1ccc2c(c1)ccc[n+]2CCC[n+]1cccc2ccccc21,5.04576
2791,PYAUTVAEUKAKHU-UHFFFAOYSA-N,c1ccc2c(c1)ccc[n+]2CCCCC[n+]1cccc2ccccc21,5.39794
2793,BLMJGURMDNTUKU-UHFFFAOYSA-N,c1ccc2c(c1)ccc[n+]2CCCCCCC[n+]1cccc2ccccc21,7.04576
2794,LGGRUTTWKKNPBL-UHFFFAOYSA-N,c1ccc2c(c1)ccc[n+]2CCCCCCCC[n+]1cccc2ccccc21,7.09691
2795,FEWPEMHIXGPAEH-UHFFFAOYSA-N,c1ccc2c(c1)ccc[n+]2CCCCCCCCC[n+]1cccc2ccccc21,7.09691
2796,YZDRSBRUONQQBH-UHFFFAOYSA-N,c1ccc2c(c1)ccc[n+]2CCCCCCCCCC[n+]1cccc2ccccc21,9.0
2797,XZWPKRVTYLJQOV-UHFFFAOYSA-N,c1ccc2c(c1)ccc[n+]2CCCCCCCCCCC[n+]1cccc2ccccc21,8.0
2798,KQWKYDIWXCLYSS-UHFFFAOYSA-N,c1ccc2c(c1)ccc[n+]2CCCCCCCCCCCC[n+]1cccc2ccccc21,7.69897
2801,SDYUXZXBOSJBHM-AATRIKPKSA-N,C(=C\C[n+]1cccc2ccccc21)/C[n+]1cccc2ccccc21,5.22185
2802,SDYUXZXBOSJBHM-WAYWQWQTSA-N,C(=C/C[n+]1cccc2ccccc21)/C[n+]1cccc2ccccc21,5.69897
2805,WPOFAFLYGQHUBW-UHFFFAOYSA-N,c1ccc2c(c1)ccc[n+]2Cc1ccc2ccc(C[n+]3cccc4ccccc43)cc2c1,6.09691
2818,NAYIVRUMIMUOGQ-UHFFFAOYSA-N,c1ccc2c(CNc3ccnc(N4CCCC4)n3)cccc2c1,5.25964
2820,JAXXPQUWOTTXGC-UHFFFAOYSA-N,CC1CCN(c2nccc(NCCc3ccccc3)n2)CC1,5.05552
2824,MIALFBONYMMUFB-UHFFFAOYSA-N,c1ccc(CCNc2ccnc(N3CCCC3)n2)cc1,5.00877
2845,PGBNXXDXGXQQRQ-UHFFFAOYSA-N,c1ccc(CNc2ccnc(N3CCCC3)n2)cc1,5.06048
2853,LAYZENWRJFTEBJ-UHFFFAOYSA-N,COc1cc(CNCCCNC2=CC(=O)C(NCCCNCc3ccc(O)c(OC)c3)=CC2=O)ccc1O,6.70333
2854,ASJXQHKDXMZZHI-UHFFFAOYSA-N,COc1cc(CNCCCCCCNC2=CC(=O)C(NCCCCCCNCc3ccc(O)c(OC)c3)=CC2=O)ccc1O,6.9914
2860,DMJZMKWUENVGJJ-UHFFFAOYSA-N,O=C1C=C(NCCCCCCNCc2ccc(-c3nc4ccccc4s3)cc2)C(=O)C=C1NCCCCCCNCc1ccc(-c2nc3ccccc3s2)cc1,6.5157
2861,SVAAENNVLVWYJB-UHFFFAOYSA-N,c1cc(C[n+]2ccc(N3CCCCC3)cc2)ccc1C[n+]1ccc(N2CCCCC2)cc1,7.12494
2862,XYGKCUFPPNMELX-UHFFFAOYSA-N,c1cc(C[n+]2ccc(N3CCCCC3)cc2)cc(-c2cccc(C[n+]3ccc(N4CCCCC4)cc3)c2)c1,7.22185
2863,UIHMPKAPVFKAFT-UHFFFAOYSA-N,c1cc(C[N+]23CCC(CC2)CC3)cc(-c2cccc(C[N+]34CCC(CC3)CC4)c2)c1,6.20761
2864,UOZATCLUCGFJDA-UHFFFAOYSA-N,COc1cc2c(cc1OC)CN(c1cc[n+](Cc3ccc(C[n+]4ccc(N5CCCCC5)cc4)cc3)cc1)CC2,7.20761
2867,LJAFQNCTOAFIMB-UHFFFAOYSA-N,CCN(CC)CC(=O)Nc1ccc(C(=O)c2ccc(CN(C)Cc3ccccc3)cc2)cc1,6.67778
2868,BXPGUJXYGPCRGA-UHFFFAOYSA-N,CN(Cc1ccccc1)Cc1ccc(C(=O)c2ccc(NC(=O)CN3CCCCC3)cc2)cc1,6.25964
2869,JDOLORVWCDRHKG-UHFFFAOYSA-N,CN(Cc1ccccc1)Cc1ccc(C(=O)c2ccc(NC(=O)CN3CCOCC3)cc2)cc1,6.14267
2870,NBHYLXBADHTHTJ-UHFFFAOYSA-N,CN(Cc1ccccc1)Cc1ccc(C(=O)c2ccc(NC(=O)CCCCN3CCCCC3)cc2)cc1,6.66354
2871,DJHKGGQDSKLOIG-UHFFFAOYSA-N,CCN(CC)CCCOc1ccc(C(=O)c2ccc(CN(C)Cc3ccccc3)cc2)cc1,7.60206
2872,WFNOXQQPVZJHPW-UHFFFAOYSA-N,CN(Cc1ccccc1)Cc1ccc(C(=O)c2ccc(OCCCN3CCCCC3)cc2)cc1,7.61979
2873,MWWZUDCUVPZYEH-UHFFFAOYSA-N,CN(Cc1ccccc1)Cc1ccc(C(=O)c2ccc(OCCCN3CCOCC3)cc2)cc1,6.97062
2874,KHXUDLHKQASZJR-UHFFFAOYSA-N,CN(Cc1ccccc1)Cc1ccc(C(=O)c2ccc(OCCCN3CCC(n4c(=O)[nH]c5ccccc54)CC3)cc2)cc1,7.16749
2875,GGNRKWVBPHCWIF-UHFFFAOYSA-N,CCN(CC)CCCCCOc1ccc(C(=O)c2ccc(CN(C)Cc3ccccc3)cc2)cc1,6.84164
2876,GKGGPNXFKDZMQC-UHFFFAOYSA-N,CN(Cc1ccccc1)Cc1ccc(C(=O)c2ccc(OCCCCCN3CCCCC3)cc2)cc1,6.84466
2877,CBEKIFXSBAHZGW-UHFFFAOYSA-N,CCN(CC)CCCCCCOc1ccc(C(=O)c2ccc(CN(C)Cc3ccccc3)cc2)cc1,6.59007
2878,NYVBQRTTYHHRCD-UHFFFAOYSA-N,CN(Cc1ccccc1)Cc1ccc(C(=O)c2ccc(OCCCCCCN3CCCCC3)cc2)cc1,6.67778
2879,SDRNTFZOPOEUSB-UHFFFAOYSA-N,CCN(CC)CCCCCCCOc1ccc(C(=O)c2ccc(CN(C)Cc3ccccc3)cc2)cc1,6.09151
2880,WSCLZQFXVHSGBN-UHFFFAOYSA-N,CN(Cc1ccccc1)Cc1ccc(C(=O)c2ccc(OCCCCCCCN3CCCCC3)cc2)cc1,6.95861
2881,PKMOPDBOZLQVPB-UHFFFAOYSA-N,CCN(CC)CCc1ccc(Oc2ccc(C(=O)c3ccc(CN(C)Cc4ccccc4)cc3)cc2)cc1,6.88606
2892,CDOZDBSBBXSXLB-UHFFFAOYSA-N,CCN(CC)C(C)CN1c2ccccc2Sc2ccccc21,6.52288
2906,WKDFOVDLOVYRAJ-JDXGNMNLSA-N,CC(C)c1ccc(NC(=O)Oc2ccc3c(c2)[C@]2(C)CCN(CCc4ccccc4)[C@@H]2N3C)cc1,8.22185
2907,ZVFOYXYQFFWDEX-UHFFFAOYSA-N,CN(C)CC(C)(C)c1cccc(OC(=O)NCCCCN2CCOCC2)c1,8.04576
2909,QCEWCMMSOWEHFC-UHFFFAOYSA-N,CCN(CC)C(C)C(=O)N1c2ccccc2Sc2ccccc21,5.47237
2919,HKJROXHSAHRDAO-HOTGVXAUSA-N,C[C@@H](Cc1ccccc1)NC(=O)Oc1cccc([C@H](C)N(C)C)c1,6.29414
2920,HKJROXHSAHRDAO-CVEARBPZSA-N,C[C@H](Cc1ccccc1)NC(=O)Oc1cccc([C@H](C)N(C)C)c1,6.39362
2921,QGKSWUZOCNWHHA-IRXDYDNUSA-N,C[C@@H](c1cccc(OC(=O)N(C)[C@@H](C)Cc2ccccc2)c1)N(C)C,6.88273
2922,QGKSWUZOCNWHHA-SJORKVTESA-N,C[C@H](Cc1ccccc1)N(C)C(=O)Oc1cccc([C@H](C)N(C)C)c1,6.51999
2925,IIOIREJLGHVBEW-PVSMGPIOSA-N,C[C@@H]([C@H]1[C@H](O)C[C@@]2(C)[C@@H]3CC[C@H]4[C@]5(C)COC(C(C)(C)F)=N[C@H]5CC[C@@]45C[C@@]35C(=O)C[C@]12C)N(C)C,6.12843
2926,LXDBYLCKHFKKMI-GDDBXAOJSA-N,C[C@@H]([C@H]1[C@H](O)C[C@@]2(C)[C@@H]3CC[C@H]4[C@]5(C)COC(C(F)(C(F)(F)F)C(F)(F)F)=N[C@H]5CC[C@@]45C[C@@]35C(=O)C[C@]12C)N(C)C,5.52244
2930,FOVBVZLMLHBULA-DBCGSKAISA-N,CC(C)C1=N[C@H]2CC[C@]34C[C@]35C(=O)C[C@]3(C)[C@@H]([C@H](C)N(C)C)[C@H](O)C[C@@]3(C)[C@@H]5CC[C@H]4[C@]2(C)C=C1,7.60206
2931,XXJQHNDZKODONX-DBCGSKAISA-N,CC(C)C1=N[C@H]2CC[C@]34C[C@]35C(=O)C[C@]3(C)[C@@H]([C@H](C)N(C)C)[C@H](O)C[C@@]3(C)[C@@H]5CC[C@H]4[C@]2(C)CC1,6.20901
2932,DTDCDTSLQAMFQK-PDIVMOMKSA-N,CC(C)C1=N[C@H]2CC[C@]34C[C@]35C(=O)C[C@]3(C)[C@@H]([C@H](C)N(C)C)[C@H](O)C[C@@]3(C)[C@@H]5CC[C@H]4[C@]2(C)CS1,7.22185
2933,XMAZYYDJYBXRBC-LAYXPMECSA-N,CN[C@@H](C)[C@H]1[C@H](O)C[C@@]2(C)[C@@H]3CC[C@H]4[C@]5(C)CSC(C(C)C)=N[C@H]5CC[C@@]45C[C@@]35C(=O)C[C@]12C,7.11919
2934,USMPQJQUGATUJU-FPIMZWEASA-N,CC(=O)N(C)[C@@H](C)[C@H]1[C@H](O)C[C@@]2(C)[C@@H]3CC[C@H]4[C@]5(C)CSC(C(C)C)=N[C@H]5CC[C@@]45C[C@@]35C(=O)C[C@]12C,6.52578
2935,WYTLMUZAZAXEOI-FDWYMNALSA-N,CC(C)C1=N[C@H]2CC[C@]34C[C@]35C(=O)C[C@]3(C)[C@@H]([C@H](C)N(C)C(=O)c6ccccc6)[C@H](O)C[C@@]3(C)[C@@H]5CC[C@H]4[C@]2(C)CS1,7.36653
2936,YQRCNYYDEFPBOB-RQTKVAEISA-N,CC(C)C1=N[C@H]2CC[C@]34C[C@]35C(=O)C[C@]3(C)[C@@H]([C@H](C)N(C)C(=O)OC(C)(C)C)[C@H](O)C[C@@]3(C)[C@@H]5CC[C@H]4[C@]2(C)CS1,6.7986
2937,WOJRPSBNVRDMLF-VRGGLLGESA-N,CC(C)C1=N[C@H]2CC[C@]34C[C@]35C(=O)C[C@]3(C)[C@@H]([C@H](C)N(C)Cc6ccccc6)[C@H](O)C[C@@]3(C)[C@@H]5CC[C@H]4[C@]2(C)CS1,8.1549
2938,DTTWZPSCBDLSIM-KXMYWBMJSA-N,CC(C)C1=N[C@H]2CC[C@]34C[C@]35C(=O)C[C@]3(C)[C@@H]([C@H](C)N(C)CCc6ccccc6)[C@H](O)C[C@@]3(C)[C@@H]5CC[C@H]4[C@]2(C)CS1,7.69897
2939,VIXJWHYOARGMSA-ZCBCEXPUSA-N,CC(C)C1=N[C@H]2CC[C@]34C[C@]35C(=O)C[C@]3(C)[C@@H]([C@H](C)N(C)CCCc6ccccc6)[C@H](O)C[C@@]3(C)[C@@H]5CC[C@H]4[C@]2(C)CS1,7.11919
2940,BSACLFCWNMRHBP-DRFRAUJUSA-N,COc1ccccc1CN(C)[C@@H](C)[C@H]1[C@H](O)C[C@@]2(C)[C@@H]3CC[C@H]4[C@]5(C)CSC(C(C)C)=N[C@H]5CC[C@@]45C[C@@]35C(=O)C[C@]12C,8.22185
2941,MNADYPWSJDDNJK-SGOUQRLHSA-N,COc1cccc(CN(C)[C@@H](C)[C@H]2[C@H](O)C[C@@]3(C)[C@@H]4CC[C@H]5[C@]6(C)CSC(C(C)C)=N[C@H]6CC[C@@]56C[C@@]46C(=O)C[C@]23C)c1,8.52288
2942,JNQCYAPDXOOPBU-SGOUQRLHSA-N,COc1ccc(CN(C)[C@@H](C)[C@H]2[C@H](O)C[C@@]3(C)[C@@H]4CC[C@H]5[C@]6(C)CSC(C(C)C)=N[C@H]6CC[C@@]56C[C@@]46C(=O)C[C@]23C)cc1,8.04576
2943,YTWWSBXEMIYTEK-NGZBDLKASA-N,CC(C)C1=N[C@H]2CC[C@]34C[C@]35C(=O)C[C@]3(C)[C@@H]([C@H](C)N(C)Cc6ccccc6C(F)(F)F)[C@H](O)C[C@@]3(C)[C@@H]5CC[C@H]4[C@]2(C)CS1,7.95861
2944,WOMHDKBUDDJYHQ-NGZBDLKASA-N,CC(C)C1=N[C@H]2CC[C@]34C[C@]35C(=O)C[C@]3(C)[C@@H]([C@H](C)N(C)Cc6cccc(C(F)(F)F)c6)[C@H](O)C[C@@]3(C)[C@@H]5CC[C@H]4[C@]2(C)CS1,8.52288
2945,AGHZIEXSJDHZPW-NGZBDLKASA-N,CC(C)C1=N[C@H]2CC[C@]34C[C@]35C(=O)C[C@]3(C)[C@@H]([C@H](C)N(C)Cc6ccc(C(F)(F)F)cc6)[C@H](O)C[C@@]3(C)[C@@H]5CC[C@H]4[C@]2(C)CS1,8.52288
2946,JEZIOZMCMPTLRQ-RKYOAFJVSA-N,CC(C)C1=N[C@H]2CC[C@]34C[C@]35C(=O)C[C@]3(C)[C@@H]([C@H](C)N(C)CCN6C(=O)c7ccccc7C6=O)[C@H](O)C[C@@]3(C)[C@@H]5CC[C@H]4[C@]2(C)CS1,7.1549
2947,BODOHUCWCQTCDD-LBWKNVSKSA-N,CC(C)C1=N[C@H]2CC[C@]34C[C@]35C(=O)C[C@]3(C)[C@@H]([C@H](C)N(C)CCCN6C(=O)c7ccccc7C6=O)[C@H](O)C[C@@]3(C)[C@@H]5CC[C@H]4[C@]2(C)CS1,7.85387
2950,GYTGGYLIEXABJO-UHFFFAOYSA-N,O=C(NCCNc1c2c(nc3ccccc13)CCCC2)c1ccc(F)cc1,9.08884
2951,MNVLEOSJQKCUMW-UHFFFAOYSA-N,O=C(NCCCNc1c2c(nc3ccccc13)CCCC2)c1ccc(F)cc1,9.09205
2952,OXDAHGHESMCUFV-UHFFFAOYSA-N,O=C(NCCCCNc1c2c(nc3ccccc13)CCCC2)c1ccc(F)cc1,9.10568
2954,CMHPNWZOHZNFLB-UHFFFAOYSA-N,c1ccc2c(NCCCCCCN3CCOCC3)c3c(nc2c1)CCCC3,7.16178
2955,GMQZFOMNKDBEQB-UHFFFAOYSA-N,c1ccc2c(NCCCCCCCN3CCOCC3)c3c(nc2c1)CCCC3,7.35164
2956,RMOFGAOSNXMCIZ-UHFFFAOYSA-N,c1ccc2c(NCCCCCCCCN3CCOCC3)c3c(nc2c1)CCCC3,7.78252
2957,PWPZNYJSIAPFAS-UHFFFAOYSA-N,c1ccc2c(NCCCCCCCCCN3CCOCC3)c3c(nc2c1)CCCC3,7.46852
2958,YEDTVNQWFBUMMP-UHFFFAOYSA-N,c1ccc2c(NCCCCCCCCCCN3CCOCC3)c3c(nc2c1)CCCC3,7.54668
2959,BFOOQYHXKGWIBI-UHFFFAOYSA-N,O=c1c2ccc(OCCCCCCCNc3c4c(nc5ccccc35)CCCC4)cc2oc2ncccc12,6.54821
2960,CYAYCBCGPZWTLM-UHFFFAOYSA-N,c1ccc2c(c1)Cc1c-2nc2ccccc2c1NCCCCCCCNc1c2c(nc3ccccc13)CCCC2,7.85699
2961,ASEDWXNMPGNYLM-UHFFFAOYSA-N,Clc1ccc2c(NCCCCCCCNc3c4c(nc5ccccc35)-c3ccccc3C4)c3c(nc2c1)CCCC3,8.97881
2962,QUXSCHHIUKJGMX-UHFFFAOYSA-N,Clc1ccc2c(NCCCCCCCNc3c4c(nc5cc(Cl)ccc35)-c3ccccc3C4)c3c(nc2c1)CCCC3,7.91721
2963,YKUWYPPZSUFMOI-UHFFFAOYSA-N,Clc1ccc2c(NCCCCCCCOc3ccc(-c4cc5ccccc5o4)cc3)c3c(nc2c1)CCCC3,6.50864
2964,WJLFEPIYIQDTHA-UHFFFAOYSA-N,Clc1ccc2c(NCCCCCCCOc3cccc(-c4cc5ccccc5o4)c3)c3c(nc2c1)CCCC3,6.58838
2965,NQXQNWAFOUTKOY-UHFFFAOYSA-N,c1ccc2c(c1)Cc1c-2nc2ccccc2c1NCCCCCCCNc1c2c(nc3ccccc13)-c1ccccc1C2,6.34199
2973,DPVZNLKVPWECGM-UHFFFAOYSA-N,c1ccc2c(CNc3ccnc(N4CCN(C5CCCCC5)CC4)n3)cccc2c1,5.09691
2977,DHFIEEAUWIMEDU-UHFFFAOYSA-N,OCCN1CCN(c2nccc(NCc3cccc4ccccc34)n2)CC1,5.00877
2984,PUBPSPLUBMSJBN-UHFFFAOYSA-N,c1ccc(C(Nc2ccnc(N3CCN(C4CCCCC4)CC3)n2)c2ccccc2)cc1,5.0
2993,NHCDDUNWYVJRPS-NQLNTKRDSA-N,CCCCC/C=C\C/C=C\CCCCCCCC(=O)OCCCc1cc(OC)c2oc(-c3ccc4c(c3)OCO4)cc2c1,5.76955
2994,GVZWPCDBHBSBHJ-KHPPLWFESA-N,CCCCCCCC/C=C\CCCCCCCC(=O)OCCCc1cc(OC)c2oc(-c3ccc4c(c3)OCO4)cc2c1,5.74473
2995,AABHSZUTAUSICN-HZJYTTRNSA-N,CCCCC/C=C\C/C=C\CCCCCCCC(=O)OCCCc1ccc2oc(-c3ccc4c(c3)OCO4)cc2c1,5.56864
2996,GIGIGVBVJACSBJ-KTKRTIGZSA-N,CCCCCCCC/C=C\CCCCCCCC(=O)OCCCc1ccc2oc(-c3ccc4c(c3)OCO4)cc2c1,5.50864
2997,BBPHUJXUYWFQHY-UHFFFAOYSA-N,COc1cc(CCCOC(=O)Nc2ccccc2)cc2cc(-c3ccc4c(c3)OCO4)oc12,5.34679
2998,MGCSMWCSVJYFBV-HNNXBMFYSA-N,CC[C@H](C)C(=O)OCCCc1cc(OC)c2oc(-c3ccc4c(c3)OCO4)cc2c1,5.22915
2999,MBOVWBBJDJPNSN-HNNXBMFYSA-N,CC[C@H](C)C(=O)OCCCc1ccc2oc(-c3ccc4c(c3)OCO4)cc2c1,5.21467
3001,SIYLLGKDQZGJHK-UHFFFAOYSA-N,CC(C)(C)CC(C)(C)c1ccc(OCCOCC[N+](C)(C)Cc2ccccc2)cc1,5.64859
3002,YBHILYKTIRIUTE-UHFFFAOYSA-N,COc1ccc2cc3[n+](cc2c1OC)CCc1cc2c(cc1-3)OCO2,6.184785
3004,ABJKWBDEJIDSJZ-UHFFFAOYSA-N,CN(Cc1ccc(C(C)(C)C)cc1)Cc1cccc2ccccc12,5.1607
3007,MJJALKDDGIKVBE-UHFFFAOYSA-N,CC(C)(C)c1ccc(C(=O)CCCN2CCC(OC(c3ccccc3)c3ccccc3)CC2)cc1,5.1261
3008,LGLFFNDHMLKUMI-UHFFFAOYSA-N,CN(C)c1ccc(C(=C2C=CC(=[N+](C)C)C=C2)c2ccc(N(C)C)cc2)cc1,5.23307
3010,ACGUYXCXAPNIKK-UHFFFAOYSA-N,Oc1c(Cl)cc(Cl)c(Cl)c1Cc1c(O)c(Cl)cc(Cl)c1Cl,5.52073
3011,AOXRBFRFYPMWLR-XGXHKTLJSA-N,CC[C@]1(O)CC[C@H]2[C@@H]3CCC4=CCCC[C@@H]4[C@H]3CC[C@@]21C,5.18682
3016,JMPFSEBWVLAJKM-UHFFFAOYSA-N,Cc1cc(C(C#N)c2ccc(Cl)cc2)c(Cl)cc1NC(=O)c1cc(I)cc(I)c1O,5.53003
3019,NEUSVAOJNUQRTM-UHFFFAOYSA-N,CCCCCCCCCCCCCCCC[n+]1ccccc1,5.56019
3021,SGXXNSQHWDMGGP-UHFFFAOYSA-N,CNC(=C[N+](=O)[O-])NCCSCc1csc(CN(C)C)n1,5.25068
3023,QRJJEGAJXVEBNE-HKOYGPOVSA-N,Clc1ccc(CO/N=C(\Cn2ccnc2)c2ccc(Cl)cc2Cl)c(Cl)c1,5.33287
3024,GPKJTRJOBQGKQK-UHFFFAOYSA-N,CCN(CC)CCCC(C)Nc1c2ccc(Cl)cc2nc2ccc(OC)cc12,5.57398
3026,WZHJKEUHNJHDLS-QTGUNEKASA-N,CN1C[C@H](CNC(=O)OCc2ccccc2)C[C@@H]2c3cccc4c3c(cn4C)C[C@H]21,5.8716
3027,UWKQSNNFCGGAFS-XIFFEERXSA-N,CCc1c2c(nc3ccc(OC(=O)N4CCC(N5CCCCC5)CC4)cc13)-c1cc3c(c(=O)n1C2)COC(=O)[C@]3(O)CC,5.73826
3029,GZUITABIAKMVPG-UHFFFAOYSA-N,O=C(c1ccc(OCCN2CCCCC2)cc1)c1c(-c2ccc(O)cc2)sc2cc(O)ccc12,6.39794
3031,PAPNIDWABUXIRG-UHFFFAOYSA-N,CCN(CCCCCCNC(=O)CCCCC1CCSS1)Cc1ccccc1OC,6.59176
3033,GLEYGYRXUBEHAQ-UHFFFAOYSA-N,O=C(CCCCc1cccs1)NCCCNc1c2c(nc3cc(Cl)ccc13)CCCC2,8.57512
3035,QVGXTQPZHCDXRZ-GOSISDBHSA-N,O=C(CCCC[C@@H]1CCSS1)NCCCNc1c2c(nc3cc(Cl)ccc13)CCCC2,9.63827
3036,QVGXTQPZHCDXRZ-SFHVURJKSA-N,O=C(CCCC[C@H]1CCSS1)NCCCNc1c2c(nc3cc(Cl)ccc13)CCCC2,9.32698
3044,SUYXUDHQNHYYJQ-UHFFFAOYSA-N,C=CCCCNc1c2c(nc3ccc(OC)cc13)CCCC2,5.65758
3045,OHVOPLCDAMQVTG-UHFFFAOYSA-N,COc1ccc2nc3c(c(N4CCCCCN(c5c6c(nc7ccc(OC)cc57)CCCC6)CCCCC4)c2c1)CCCC3,5.33724
3050,MAUFFTGQSVHXFC-AWLFVXQHSA-N,CCCCOC(=O)C(C)CC(=O)C[C@@H](C)[C@H]1CC(=O)[C@@]2(C)C3=C(C(=O)[C@@H](OC(C)=O)[C@]12C)[C@@]1(C)CC[C@H](O)C(C)(C)[C@@H]1CC3=O,5.02687
3068,PRKYJSGLTUYCPF-UHFFFAOYSA-N,CCCOCCn1c(=O)nc(NC2CCC(O)CC2)c2nnc(-c3ccc(OC)nc3)cc21,5.25181
3076,NHKALDYCLFCPIU-UHFFFAOYSA-N,COc1cc2c(cc1OC)C(=O)C(Oc1ccc(CN3CCCC3)cc1)C2,7.30103
3078,ADCBAOTWERXLAP-UHFFFAOYSA-N,C#CCN(C)Cc1cc2cc(OCCCC3CCN(Cc4ccccc4)CC3)ccc2n1C,6.255865
3079,VVIKQVODDMCZOV-UHFFFAOYSA-N,COc1ccccc1NCc1cc(=O)oc2cc3oc4ccccc4c3cc12,6.72125
3080,XPLUXJZLCXRYPW-UHFFFAOYSA-N,COc1cc2c(C)c(OC)c(=O)oc2cc1OCCCCOc1cc(O)cc(N(C)C)c1,6.56067
3081,INGQQCBCWQDABA-UHFFFAOYSA-N,COc1cc2oc(=O)c(OCCCCOc3cc(O)cc(N(C)C)c3)c(C)c2cc1OC,9.62709
3083,REXRIHWOPDXJCK-UHFFFAOYSA-N,CCN(CCCCCCNC1=CC(=O)c2ccccc2C1=O)Cc1ccccc1OC,8.01189
3084,VSXXENJQNPVAGO-UHFFFAOYSA-N,CCN(CCCCCCNC1=CC(=O)c2ncccc2C1=O)Cc1ccccc1OC,7.5544
3085,ASNWOHSUKKNPGO-UHFFFAOYSA-N,CCN(CCCCCCNC1=CC(=O)C(C)=C(C)C1=O)Cc1ccccc1OC,7.5376
3086,CJKYCZXICOUJLW-UHFFFAOYSA-N,CCN(CCCCCCNC1=CC(=O)C(OC)=CC1=O)Cc1ccccc1OC,7.18509
3087,YOWLFNDAAHIOHS-UHFFFAOYSA-N,COc1ccccc1CNCCCCCCNC1=CC(=O)c2ccccc2C1=O,5.73283
3099,BTGQVTBIXAMVNG-FRKPEAEDSA-N,O/N=C/C1=NCCCN1Cc1ccc(Cl)cc1Cl,5.04576
3121,XCYSQFHYFNWYFP-CEMXSPGASA-N,CC(C)=CCC/C(C)=C/Cc1c(O)cc2c(c1O)C(=O)C[C@@H](c1ccc(O)c(O)c1)O2,5.14267
3129,DBUWWODVSCMGDY-IZZNHLLZSA-N,CC1=C[C@@H]2Cc3nc4cc(Cl)ccc4c(NCCCCCCCNc4c5c(nc6ccccc46)CCCC5)c3[C@H](C1)C2,8.87615
3130,DBUWWODVSCMGDY-FTJBHMTQSA-N,CC1=C[C@H]2Cc3nc4cc(Cl)ccc4c(NCCCCCCCNc4c5c(nc6ccccc46)CCCC5)c3[C@@H](C1)C2,8.16494
3131,YFDJQAZBRSGJIT-UHFFFAOYSA-N,CC1=CC2Cc3nc4cc(Cl)ccc4c(NCCCN(C)CCCNc4c5c(nc6ccccc46)CCCC5)c3C(C1)C2,9.37675
3133,PHMROSHDKYSTRK-UHFFFAOYSA-N,CC1=CC2Cc3nc4cc(Cl)ccc4c(NCCCCCCCCCNc4c5c(nc6ccccc46)CCCC5)c3C(C1)C2,8.45223
3134,SWOKEIJMLYUVPF-UHFFFAOYSA-N,CC1=CC2Cc3nc4cc(Cl)ccc4c(NCCCCCCCCCCNc4c5c(nc6ccccc46)CCCC5)c3C(C1)C2,8.37779
3137,GCPORJYZTJZXFH-LOSJGSFVSA-N,CC1=C[C@@H]2Cc3nc4cc(Cl)ccc4c(NCCCCCCCNc4c5c(nc6cc(Cl)ccc46)CCCC5)c3[C@H](C1)C2,8.69037
3138,GCPORJYZTJZXFH-RPBOFIJWSA-N,CC1=C[C@H]2Cc3nc4cc(Cl)ccc4c(NCCCCCCCNc4c5c(nc6cc(Cl)ccc46)CCCC5)c3[C@@H](C1)C2,7.9393
3139,DLMKTWKCMCVAMJ-UHFFFAOYSA-N,CC1=CC2Cc3nc4cc(Cl)ccc4c(NCCCN(C)CCCNc4c5c(nc6cc(Cl)ccc46)CCCC5)c3C(C1)C2,9.50864
3141,IMMJGBGHWQTBLQ-UHFFFAOYSA-N,CC1=CC2Cc3nc4cc(Cl)ccc4c(NCCCCCCCCCNc4c5c(nc6cc(Cl)ccc46)CCCC5)c3C(C1)C2,8.48678
3142,LUGRPYHMYKPOKB-UHFFFAOYSA-N,CC1=CC2Cc3nc4cc(Cl)ccc4c(NCCCCCCCCCCNc4c5c(nc6cc(Cl)ccc46)CCCC5)c3C(C1)C2,8.04144
3144,UKCBMHDZLYYTMI-WDEREUQCSA-N,CC1=C[C@@H]2Cc3nc4cc(Cl)ccc4c(N)c3[C@H](C1)C2,9.36653
3145,UKCBMHDZLYYTMI-MNOVXSKESA-N,CC1=C[C@H]2Cc3nc4cc(Cl)ccc4c(N)c3[C@@H](C1)C2,7.83863
3151,VMEIRNBRMXRIIJ-UHFFFAOYSA-N,COc1ccc2c(ccc[n+]2Cc2ccccc2)c1,5.27654
3153,VFOGOXRSGPCZGG-QPFJEDRLSA-N,CC[C@H]1C[C@@H]2C[C@H]3c4[nH]c5cc([C@@H]6C[C@H]7C(C(=O)OC)[C@@H](Cc8c6[nH]c6ccccc86)N(C)C[C@H]7CC)ccc5c4CCN(C2)[C@@H]13,6.64397
3154,PKHROTRJQXGCIW-XIVABZEMSA-N,CC[C@H]1C[C@@H]2CN3CCc4c([nH]c5cc([C@H]6C[C@H]7C(C(=O)OC)[C@H](Cc8c6[nH]c6ccccc86)N(C)C[C@H]7CC)ccc45)[C@](C(=O)OC)(C2)[C@H]13,7.14874
3156,VNWJCXLTKRADKP-UHFFFAOYSA-N,O=C(NCCCCCCCCCCNc1c2c(nc3cc(Cl)ccc13)CCCC2)c1cc(=O)c2cc(O)c(O)cc2o1,10.04576
3157,YMRPMJKWTYJBPC-UHFFFAOYSA-N,O=C(NCCCCCCCCCCNc1c2c(nc3ccccc13)CCCC2)c1cc(=O)c2cc(O)c(O)cc2o1,8.18709
3158,FUYCPEKODNDZTA-UHFFFAOYSA-N,O=C(NCCCCCCCCCCNc1c2c(nc3cc(Cl)ccc13)CCCC2)c1cc(=O)c2c(O)cc(O)cc2o1,10.18709
3159,ZUULLQGMZOHIHX-UHFFFAOYSA-N,COc1cc(O)c2c(=O)cc(C(=O)NCCCCCCCCCCNc3c4c(nc5cc(Cl)ccc35)CCCC4)oc2c1,10.45593
3160,VXCQEWKLZIACMS-UHFFFAOYSA-N,O=C(NCCCCCCCCCCNc1c2c(nc3ccccc13)CCCC2)c1cc(=O)c2c(O)cc(O)cc2o1,8.63827
3161,RRTQIJJHXQOLEO-UHFFFAOYSA-N,COc1cc(O)c2c(=O)cc(C(=O)NCCCCCCCCCCNc3c4c(nc5ccccc35)CCCC4)oc2c1,9.0
3162,DULLYLROEIJODI-UHFFFAOYSA-N,O=C(NCCCCCCCCCCNc1c2c(nc3cc(Cl)ccc13)CCCC2)c1cc(=O)c2cc(O)ccc2o1,9.0
3163,GQYKIJZPMPGPIM-UHFFFAOYSA-N,O=C(NCCCCCCCCCCNc1c2c(nc3ccccc13)CCCC2)c1cc(=O)c2cc(O)ccc2o1,8.09691
3164,KBYFEQRBOAAMSZ-UHFFFAOYSA-N,COc1cc2oc(C(=O)NCCCCCCCCCCNc3c4c(nc5cc(Cl)ccc35)CCCC4)cc(=O)c2cc1OC,9.69897
3165,QDCAJVSXNYAGPD-UHFFFAOYSA-N,COc1cc2oc(C(=O)NCCCCCCCCCCNc3c4c(nc5ccccc35)CCCC4)cc(=O)c2cc1OC,8.74473
3166,DWXXMYCVGFGBCQ-UHFFFAOYSA-N,COc1cc(OC)c2c(=O)cc(C(=O)NCCCCCCCCCCNc3c4c(nc5cc(Cl)ccc35)CCCC4)oc2c1,9.45593
3167,ZGZSZRMYJSHPOQ-UHFFFAOYSA-N,COc1cc(OC)c2c(=O)cc(C(=O)NCCCCCCCCCCNc3c4c(nc5ccccc35)CCCC4)oc2c1,8.63827
3168,SXRQIJKFEIRDFT-UHFFFAOYSA-N,COc1ccc2oc(C(=O)NCCCCCCCCCCNc3c4c(nc5cc(Cl)ccc35)CCCC4)cc(=O)c2c1,10.0
3169,UTKKDZJOGSGJSU-UHFFFAOYSA-N,COc1ccc2oc(C(=O)NCCCCCCCCCCNc3c4c(nc5ccccc35)CCCC4)cc(=O)c2c1,9.1107
3170,PLKUANBZKFHKND-UHFFFAOYSA-N,O=C(NCCCCCCCCCCNc1c2c(nc3cc(Cl)ccc13)CCCC2)c1cc(=O)c2ccccc2o1,9.52288
3171,RDTFFLFEGIKFDL-UHFFFAOYSA-N,O=C(NCCCCCCCCCCNc1c2c(nc3ccccc13)CCCC2)c1cc(=O)c2ccccc2o1,7.75696
3172,MMPJDGQUUIZMGJ-UHFFFAOYSA-N,C#CCN1CCc2nc3nc(N4CCCC4)c(C#N)cc3c(N)c2C1,6.18709
3176,LPCKLAOPKGFZKH-UHFFFAOYSA-N,CN(CCCOc1ccc2ccc(=O)oc2c1)Cc1cccc(OC(=O)NCCCCCc2ccccc2)c1,7.12552
3177,SBQAIYUBGADZLI-UHFFFAOYSA-N,CN(CCCOc1ccc2ccc(=O)oc2c1)Cc1cccc(OC(=O)NCCCCCCCN2CCOCC2)c1,6.92445
3178,UAAXSLDYQFFMML-UHFFFAOYSA-N,CN(CCCOc1ccc2c(=O)c3cccnc3oc2c1)Cc1cccc(OC(=O)NCCCCCc2ccccc2)c1,7.04818
3179,ZFRILRHOSKWEAM-UHFFFAOYSA-N,CN(CCCOc1ccc2c(=O)c3cccnc3oc2c1)Cc1cccc(OC(=O)NCCCCCCCN2CCOCC2)c1,6.85699
3185,RSFRMMSXJWXLBM-UHFFFAOYSA-N,COc1ccc(CNc2ccnc(NC3CCN(Cc4ccccc4)CC3)n2)cc1OC,5.00436
3186,JCSHNHCWHQCGHC-UHFFFAOYSA-N,COc1ccc(CNc2ccnc(NC3CCN(Cc4ccccc4)CC3)n2)cc1,5.02687
3188,FFPGDISVVGINKZ-UHFFFAOYSA-N,Fc1ccc(CNc2ccnc(NC3CCN(Cc4ccccc4)CC3)n2)cc1,5.11351
3189,WOAVNWHCIXCOIZ-UHFFFAOYSA-N,Brc1ccc(CNc2ccnc(NC3CCN(Cc4ccccc4)CC3)n2)cc1,5.00436
3190,OODPIPSSGLSZPL-UHFFFAOYSA-N,Clc1ccc(CNc2ccnc(NC3CCN(Cc4ccccc4)CC3)n2)cc1,5.05552
3191,KEOHOXIMLALKHI-UHFFFAOYSA-N,Clc1cccc(CNc2ccnc(NC3CCN(Cc4ccccc4)CC3)n2)c1,5.11351
3192,PWXHGWMZTWHEKM-UHFFFAOYSA-N,Clc1ccccc1CNc1ccnc(NC2CCN(Cc3ccccc3)CC2)n1,5.11351
3195,YVSGFEGOSAGMBU-UHFFFAOYSA-N,O=C(CCNCCNc1c2c(nc3ccccc13)CCCC2)N1CCN(CCNc2c3c(nc4ccccc24)CCCC3)CC1,8.34775
3196,NXBQKWBRFRKKMP-UHFFFAOYSA-N,CN(CCCN1CCN(CCNc2c3c(nc4ccccc24)CCCC3)CC1)c1ccccc1,7.0716
3197,RQNZWLFUMKUSEY-UHFFFAOYSA-N,CCN(CCCN1CCN(CCNc2c3c(nc4ccccc24)CCCC3)CC1)C1CCCCC1,6.7122
3198,LXUNVISZTGHADK-UHFFFAOYSA-N,CN(CCCN1CCN(CCNc2c3c(nc4ccccc24)CCCC3)CC1)C1CCCCC1,7.39041
3199,WAHZPCIDZNITMT-UHFFFAOYSA-N,CN(CCC(=O)N1CCN(CCNc2c3c(nc4ccccc24)CCCC3)CC1)c1ccccc1,7.15304
3200,VHCMEFWOVWZTPM-UHFFFAOYSA-N,CCN(CCC(=O)N1CCN(CCNc2c3c(nc4ccccc24)CCCC3)CC1)C1CCCCC1,8.30364
3201,LCJXIGPIXIZELV-UHFFFAOYSA-N,CN(CCC(=O)N1CCN(CCNc2c3c(nc4ccccc24)CCCC3)CC1)C1CCCCC1,7.82681
3202,OCZGACDAHZKCBW-UHFFFAOYSA-N,O=C(CCN1CCCCC1)N1CCN(CCNc2c3c(nc4ccccc24)CCCC3)CC1,7.28651
3203,KKTBUJKAFHLZPF-XNTDXEJSSA-N,CC(C)=CCC/C(C)=C/Cc1ccc(O)c2nc3cccc(O)c3nc12,5.5817
3204,PCGWNGWRZPYWHR-SFQUDFHCSA-N,CC(=O)Oc1cccc2nc3c(OC(C)=O)ccc(C/C=C(\C)CCC=C(C)C)c3nc12,5.6968
3205,JOXNFMAXWAPITK-UHFFFAOYSA-N,Oc1cccc2nc3c(O)cccc3nc12,5.34486
3212,HYGICHQQWFJQBO-UHFFFAOYSA-N,N#Cc1c(N)nc(NC2CCN(Cc3ccccc3)CC2)c(C#N)c1-c1ccccc1,5.05552
3213,XDYVKYBTRLGBBU-UHFFFAOYSA-N,N#Cc1c(N)nc(NCCC2CCN(Cc3ccccc3)CC2)c(C#N)c1-c1ccccc1,6.40894
3214,RPCOLXBXNDZKDX-UHFFFAOYSA-N,N#Cc1c(N)nc(NCCCC2CCN(Cc3ccccc3)CC2)c(C#N)c1-c1ccccc1,6.61979
3215,DVFDTYFATLFXHU-UHFFFAOYSA-N,N#Cc1c(N)nc(NCCCCC2CCN(Cc3ccccc3)CC2)c(C#N)c1-c1ccccc1,6.92082
3216,CUQAAIMMMVTGCT-UHFFFAOYSA-N,N#Cc1cc(C#N)c(NC2CCN(Cc3ccccc3)CC2)nc1N,5.50864
3217,PNZGBLIDSQOOGI-UHFFFAOYSA-N,N#Cc1cc(C#N)c(NCCC2CCN(Cc3ccccc3)CC2)nc1N,6.65758
3218,LQXBMNZBJKBXIZ-UHFFFAOYSA-N,N#Cc1cc(C#N)c(NCCCC2CCN(Cc3ccccc3)CC2)nc1N,8.02687
3219,LZUQODKACLHUIP-UHFFFAOYSA-N,N#Cc1cc(C#N)c(NCCCCC2CCN(Cc3ccccc3)CC2)nc1N,7.1549
3221,FJPIMKXINVWPJB-UHFFFAOYSA-N,CN(C)c1ccccc1CNCCCCCCCNc1c2c(nc3ccccc13)CCCC2,8.28567
3222,QDAAXOQEIPAFJS-UHFFFAOYSA-N,CN(C)c1ccccc1CNCCCCCCCCCNc1c2c(nc3ccccc13)CCCC2,8.45346
3223,QYEGQBBNFVLNBH-UHFFFAOYSA-N,CN(C)c1ccccc1CNCCCCCCCCNc1c2c(nc3ccccc13)CCCC2,8.39362
3224,RLVQAAQOGNZVOX-UHFFFAOYSA-N,CN(CCCCCCCOc1cccc(-c2oc3ccccc3c2C(=O)c2ccccc2)c1)Cc1ccccc1,6.61979
3225,AQUBWCPEKBRMKW-UHFFFAOYSA-N,CNC(=O)Oc1cccc(CN(C)CCCCCCCOc2ccc(-c3oc4ccccc4c3C(=O)c3ccc(C)cc3)cc2)c1,6.46852
3236,LLEJIEBFSOEYIV-UHFFFAOYSA-N,COc1ccc2c(c[n+](C)c3c4cc5c(cc4ccc23)OCO5)c1OC,5.825555
3238,QUCQEUCGKKTEBI-UHFFFAOYSA-N,COc1cc2c(cc1OC)-c1cc3ccc(OC)c(OC)c3c[n+]1CC2,5.77083
3248,IFYBUPQCUTZITP-UHFFFAOYSA-N,Nc1c2c(nc3c1C(c1ccc(Cl)c(Cl)c1)c1ccc4ccccc4c1O3)CCCC2,5.29499
3249,UCYMJDLWIMOPFK-UHFFFAOYSA-N,Nc1c2c(nc3c1C(c1c(Cl)cccc1Cl)c1ccc4ccccc4c1O3)CCCC2,5.39686
3250,SDDWKMVNUHSMAD-UHFFFAOYSA-N,Nc1c2c(nc3c1C(c1ccc([N+](=O)[O-])cc1)c1ccc4ccccc4c1O3)CCCC2,5.24109
3251,PTNYBRUJEDAMDK-UHFFFAOYSA-N,COc1cc(C2c3ccc4ccccc4c3Oc3nc4c(c(N)c32)CCCC4)cc(OC)c1OC,5.45469
3252,WVOGNNUVYUMTIT-UHFFFAOYSA-N,COc1ccc(C2c3ccc4ccccc4c3Oc3nc4c(c(N)c32)CCCC4)c(OC)c1,6.4318
3253,OJLHQYMZDBCDMI-UHFFFAOYSA-N,COc1cc(C2c3ccc4ccccc4c3Oc3nc4c(c(N)c32)CCCC4)ccc1O,6.48149
3254,GRXDSRZJHKMWBO-UHFFFAOYSA-N,COc1ccccc1C1c2ccc3ccccc3c2Oc2nc3c(c(N)c21)CCCC3,5.3439
3255,WXNVVRPBWAFRSW-UHFFFAOYSA-N,Nc1c2c(nc3c1C(c1ccc(O)cc1)c1ccc4ccccc4c1O3)CCCC2,5.10624
3256,NOYFWGHMIIUBCE-UHFFFAOYSA-N,Cc1ccc(C2c3ccc4ccccc4c3Oc3nc4c(c(N)c32)CCCC4)cc1,6.39794
3257,JLCLWWKDILNTDR-UHFFFAOYSA-N,Nc1c2c(nc3c1C(c1ccccc1)c1ccc4ccccc4c1O3)CCCC2,6.52288
3260,QTICPRZEJAZQKT-UHFFFAOYSA-N,CC1CCc2nc3nc(-c4ccccc4)cc(C(F)(F)F)c3c(N)c2C1,6.29243
3261,NBXVRBUWBMRGAG-UHFFFAOYSA-N,CC1CCc2c(nc3nc(-c4ccccc4)cc(C(F)(F)F)c3c2N)C1,5.48812
3262,VSDNSNOFTZFWQX-UHFFFAOYSA-N,CC1Cc2nc3nc(-c4ccccc4)cc(C(F)(F)F)c3c(N)c2C1,5.02826
3263,FSRJERZUZMLIQD-UHFFFAOYSA-N,Nc1c2c(nc3nc(-c4ccccc4)cc(C(F)(F)F)c13)CCCCCC2,5.11407
3265,YTBVBEARUPNISG-UHFFFAOYSA-N,Nc1c2c(nc3nc(-c4ccccc4)cc(C(F)(F)F)c13)CCCC2,6.45593
3266,TYHRWNPKDSIWRP-UHFFFAOYSA-N,Nc1c2c(nc3nc(-c4ccccc4)cc(C(F)(F)F)c13)CCC2,5.0942
3269,VVSBVXXITLYIIA-UHFFFAOYSA-N,COc1ccc(-c2cc(N)c3c(C(F)(F)F)cc(-c4ccccc4)nc3n2)cc1,5.08407
3270,QHCJIADFFRMYQJ-UHFFFAOYSA-N,Nc1cc(-c2ccccc2Br)nc2nc(-c3ccccc3)cc(C(F)(F)F)c12,6.05061
3271,DPISAUNILCIAKM-UHFFFAOYSA-N,Nc1cc(-c2ccc(Cl)cc2)nc2nc(-c3ccccc3)cc(C(F)(F)F)c12,6.284
3272,MBYSRZFEFLXHSM-UHFFFAOYSA-N,Nc1cc(-c2ccc(F)cc2)nc2nc(-c3ccccc3)cc(C(F)(F)F)c12,5.18177
3273,GBPIIHMQBCMUHP-UHFFFAOYSA-N,Nc1cc(-c2cccc(F)c2)nc2nc(-c3ccccc3)cc(C(F)(F)F)c12,5.15304
3274,NCHHYUFHLPRUAU-UHFFFAOYSA-N,Nc1cc(-c2ccccc2)nc2nc(-c3ccccc3)cc(C(F)(F)F)c12,5.14874
3290,FUFMCGMUAVSMEF-UHFFFAOYSA-N,CCCNC(=O)Oc1cccc(CN(C)CCCOc2ccc3c(=O)ccoc3c2)c1,6.60206
3292,QRKHDRGNICJNHM-UHFFFAOYSA-N,CCCCCCCNC(=O)Oc1cccc(CN(C)CCCCOc2ccc3c(=O)c4ccccc4oc3c2)c1,7.0
3293,BYFZVGVLIHTPKE-UHFFFAOYSA-N,CCCCCCCNC(=O)Oc1cccc(CN(CCCOc2ccc3c(=O)c4ccccc4oc3c2)C(C)C)c1,6.76955
3300,YMUNYIHDWCEAKU-UHFFFAOYSA-N,CCCCCCCNC(=O)Oc1cccc(CN(C)CCCOc2ccc3c(=O)c4cccnc4oc3c2)c1,7.631405
3301,LHKSPQCYJKIEEP-UHFFFAOYSA-N,CCN(CCCCCOc1ccc2c(=O)c3ccccc3oc2c1)Cc1cccc(OC(=O)NC)c1,9.08619
3306,GRFVCGSENMYZKO-UHFFFAOYSA-N,CNCOc1cccc(CN(C)CCCCCCCOc2ccc3c(=O)c4ccccc4oc3c2)c1,9.49485
3308,IJHGVZXPADVHCM-SFHVURJKSA-N,CC1(C)CC(=O)C2=C(C1)Nc1nc3c(c(N)c1[C@H]2c1ccncc1)CCCC3,6.22
3309,QTKZLZALZMVCJL-FQEVSTJZSA-N,COc1ccc([C@H]2C3=C(CC(C)(C)CC3=O)Nc3nc4c(c(N)c32)CCCC4)cc1,6.65999
3310,YHCILCVEQLWROP-FQEVSTJZSA-N,Cc1ccc([C@H]2C3=C(CC(C)(C)CC3=O)Nc3nc4c(c(N)c32)CCCC4)cc1,6.63999
3311,PSKJUZDQNUFRGS-IBGZPJMESA-N,CC1(C)CC(=O)C2=C(C1)Nc1nc3c(c(N)c1[C@H]2c1ccc(F)cc1)CCCC3,6.27
3312,FAMHVKGFXMORCI-IBGZPJMESA-N,CC1(C)CC(=O)C2=C(C1)Nc1nc3c(c(N)c1[C@H]2c1ccccc1)CCCC3,6.49
3314,SCKWNQRIZNNYFA-IBGZPJMESA-N,CCOC(=O)C1=C(C)Nc2nc3c(c(N)c2[C@H]1c1cccc(OC)c1)CCCC3,7.21
3315,RYUHYOLRLQUVHQ-LJQANCHMSA-N,CCOC(=O)C1=C(C)Nc2nc3c(c(N)c2[C@@H]1c1ccccc1OC)CCCC3,6.8
3316,QTVIWMLMXFVZIY-IBGZPJMESA-N,CCOC(=O)C1=C(C)Nc2nc3c(c(N)c2[C@H]1c1ccc(C)cc1)CCCC3,7.04001
3317,QTWUJCCPMWZOOB-SFHVURJKSA-N,CCOC(=O)C1=C(C)Nc2nc3c(c(N)c2[C@H]1c1ccc([N+](=O)[O-])cc1)CCCC3,6.22
3318,CWDRVGKNJWGVJS-SFHVURJKSA-N,CCOC(=O)C1=C(C)Nc2nc3c(c(N)c2[C@H]1c1cccc([N+](=O)[O-])c1)CCCC3,6.95999
3319,OWDDOOZVDQHYQH-SFHVURJKSA-N,CCOC(=O)C1=C(C)Nc2nc3c(c(N)c2[C@H]1c1ccccc1[N+](=O)[O-])CCCC3,6.51999
3320,RDDFBAPIHCKOCC-SFHVURJKSA-N,CCOC(=O)C1=C(C)Nc2nc3c(c(N)c2[C@H]1c1ccc(F)cc1)CCCC3,7.28001
3321,POYFPBLOVRVCKS-SFHVURJKSA-N,CCOC(=O)C1=C(C)Nc2nc3c(c(N)c2[C@H]1c1ccccc1)CCCC3,7.10002
3324,YPDGYNZOSZWZSK-FQEVSTJZSA-N,COc1ccccc1[C@H]1C2=C(CC(C)(C)CC2=O)Oc2nc3c(c(N)c21)CCCC3,5.15
3331,ZBPUYRSHNGEABX-INIZCTEOSA-N,CCOC(=O)C1=C(C)Oc2nc3c(c(N)c2[C@H]1c1cccnc1Cl)CCCC3,5.67
3332,FLPPJFMEXWGXBF-INIZCTEOSA-N,CCOC(=O)C1=C(C)Oc2nc3c(c(N)c2[C@H]1c1cccnc1Br)CCCC3,5.73
3333,OUAVXZYSLKLYHJ-KRWDZBQOSA-N,CCOC(=O)C1=C(C)Oc2nc3c(c(N)c2[C@H]1c1cccnc1OC)CCCC3,5.41
3334,MLXUDSNEEBJDLN-KRWDZBQOSA-N,CCOC(=O)C1=C(C)Oc2nc3c(c(N)c2[C@H]1c1ccccc1)CCC3,5.41
3335,CNDPWIJZPHZPKX-SFHVURJKSA-N,CCOC(=O)C1=C(C)Oc2nc3c(c(N)c2[C@H]1c1cccc([N+](=O)[O-])c1)CCCC3,5.72
3336,VYGAJVSROJLUQQ-IBGZPJMESA-N,CCOC(=O)C1=C(C)Oc2nc3c(c(N)c2[C@H]1c1ccc(C#N)cc1)CCCC3,5.46
3337,JIRJOCYULBCNSY-SFHVURJKSA-N,CCOC(=O)C1=C(C)Oc2nc3c(c(N)c2[C@H]1c1ccc(Cl)cc1)CCCC3,5.71
3338,UHBYWTXOUSTTSQ-IBGZPJMESA-N,CCOC(=O)C1=C(C)Oc2nc3c(c(N)c2[C@H]1c1ccc(C)cc1)CCCC3,5.74
3339,YCDSRUWGEDPILI-SFHVURJKSA-N,CCOC(=O)C1=C(C)Oc2nc3c(c(N)c2[C@H]1c1ccccc1)CCCC3,5.81
3343,UCCBGHDJUMENAF-FQEVSTJZSA-N,CCOC(=O)C1=C(C)Oc2nc3c(c(N)c2[C@H]1c1ccc(OC)c(OC)c1)CCCC3,5.34
3344,TZRRDDHROFLVMK-IBGZPJMESA-N,CCOC(=O)C1=C(C)Oc2nc3c(c(N)c2[C@H]1c1cccc(OC)c1)CCCC3,5.11
3349,OEVGVFJCBVDGJQ-SFHVURJKSA-N,CCOC(=O)C1=C(C)Oc2nc3c(c(N)c2[C@H]1c1ccncc1)CCCCC3,5.07
3350,WVRHLGACEZALAP-INIZCTEOSA-N,CCOC(=O)C1=C(C)Oc2nc3c(c(N)c2[C@H]1c1ccco1)CCCC3,5.77
3352,IYWZZUSGMOJBHW-KRWDZBQOSA-N,CCOC(=O)C1=C(C)Oc2nc3c(c(N)c2[C@H]1c1cccnc1)CCCC3,5.15
3353,BUGJFLXBRJKUKA-KRWDZBQOSA-N,CCOC(=O)C1=C(C)Oc2nc3c(c(N)c2[C@H]1c1ccncc1)CCCC3,5.52
3354,NJPVUJVNAWTZJX-IBGZPJMESA-N,CCOC(=O)C1=C(C)Oc2nc3c(c(N)c2[C@H]1c1ccc(OC)cc1)CCCC3,6.06
3356,AGUVCUMUUYGWMV-INIZCTEOSA-N,CCOC(=O)C1=C(C)Oc2nc3c(c(N)c2[C@H]1c1ccncc1)CCC3,5.18
3357,ZPMPGNOYMGNLNI-UHFFFAOYSA-N,CCOC(=O)c1c(C)nc2nc3c(c(N)c2c1-c1ccc(OC)cc1)CCCCC3,5.87
3358,ZOTLYQAYVPBSTD-UHFFFAOYSA-N,CCOC(=O)c1c(C)nc2nc3c(c(N)c2c1-c1ccc(OC)cc1)CCCC3,5.05
3362,KHPNJTJAWHKVIL-UHFFFAOYSA-N,Cc1nc2nc3c(c(N)c2c(-c2ccccc2)c1C(=O)OC(C)C)CCCC3,5.92
3367,FAGLJGFRSMDZBW-UHFFFAOYSA-N,CCOC(=O)c1c(C)nc2nc3c(c(N)c2c1-c1ccc(F)cc1)CCCCC3,5.27
3368,FFKCNARCPCGPQH-UHFFFAOYSA-N,CCOC(=O)c1c(C)nc2nc3c(c(N)c2c1-c1ccc(OC)c(OC)c1)CCCCC3,5.19
3371,YCHHFZRJBHOKQX-UHFFFAOYSA-N,CCOC(=O)c1c(C)nc2nc3c(c(N)c2c1-c1cccc([N+](=O)[O-])c1)CCCC3,6.03
3372,OVFJYZWCAVHGMW-UHFFFAOYSA-N,CCOC(=O)c1c(C)nc2nc3c(c(N)c2c1-c1ccc(Cl)cc1)CCCC3,5.89
3373,DFIMEOJDEVLTMM-UHFFFAOYSA-N,CCOC(=O)c1c(C)nc2nc3c(c(N)c2c1-c1ccc(F)cc1)CCCC3,6.15
3374,QBNTZYZRSZBWJU-UHFFFAOYSA-N,CCOC(=O)c1c(C)nc2nc3c(c(N)c2c1-c1ccc(OC)c(OC)c1)CCCC3,5.89
3375,PQXUGFFGKUMGFF-UHFFFAOYSA-N,CCOC(=O)c1c(C)nc2nc3c(c(N)c2c1-c1cccc(OC)c1)CCCC3,5.92
3376,UMCMDCALLROMIL-UHFFFAOYSA-N,CCOC(=O)c1c(C)nc2nc3c(c(N)c2c1-c1ccncc1)CCCCC3,5.29
3377,CHKXZOMLVXBARM-UHFFFAOYSA-N,CCOC(=O)c1c(C)nc2nc3c(c(N)c2c1-c1ccncc1)CCCC3,5.85
3378,QBUOEZCFVIOCPR-UHFFFAOYSA-N,CCOC(=O)c1c(C)nc2nc3c(c(N)c2c1-c1ccncc1)CCC3,5.09
3379,UNCWLZOGXZCOJG-UHFFFAOYSA-N,CCOC(=O)c1c(C)nc2nc3c(c(N)c2c1-c1ccccc1)CCCC3,6.09
3383,XHEFDIBZLJXQHF-UHFFFAOYSA-N,O=c1c(O)c(-c2ccc(O)c(O)c2)oc2cc(O)ccc12,7.92082
3384,IKMDFBPHZNJCSN-UHFFFAOYSA-N,O=c1c(O)c(-c2cc(O)c(O)c(O)c2)oc2cc(O)cc(O)c12,7.92082
3385,VCCRNZQBSJXYJD-UHFFFAOYSA-N,O=c1c(O)c(-c2ccccc2)oc2cc(O)cc(O)c12,7.92082
3386,JPUKWEQWGBDDQB-HBDJNLTOSA-N,O=c1c(OC2O[C@H](CO)[C@H](O)[C@H](O)[C@H]2O)c(-c2ccc(O)cc2)oc2cc(O)cc(O)c12,7.92082
3387,IKGXIBQEEMLURG-NVPNHPEKSA-N,C[C@@H]1O[C@@H](OC[C@H]2O[C@@H](Oc3c(-c4ccc(O)c(O)c4)oc4cc(O)cc(O)c4c3=O)[C@H](O)[C@@H](O)[C@@H]2O)[C@H](O)[C@H](O)[C@H]1O,7.92082
3388,KJFTVNFZEUSHFY-UHFFFAOYSA-N,COc1cc2occ(-c3ccc(N4CCCC4)cc3)c(=O)c2cc1OC,5.78781
3389,BIKQENFVXXAJHF-UHFFFAOYSA-N,COc1cc2occ(-c3ccc(OC4CCN(Cc5ccccc5)CC4)cc3)c(=O)c2cc1OC,7.03152
3391,UGTGSTDFYWUXNH-PKOBYXMFSA-N,COc1cc2cc(NC(=O)[C@H]3CCC[C@@H](NCc4ccccc4)C3)c(=O)oc2cc1OC,7.36653
3407,VONAWRRNWCSFFR-QVLSZIRFSA-N,O=C(C[C@H]1C[C@H]2CCCN2[C@]12C(=O)Nc1ccccc12)N1C/C(=C\c2ccc(Cl)cc2)C(=O)[C@]2(C[C@H]3CCCN3[C@@]23C(=O)Nc2ccccc23)C1,5.10127
3409,LJVOIVPCWUJLKZ-AVGIRGRJSA-N,O=C(C[C@H]1C[C@H]2CCCN2[C@]12C(=O)Nc1ccccc12)N1C/C(=C\c2ccc(Cl)cc2Cl)C(=O)[C@]2(C[C@H]3CCCN3[C@@]23C(=O)Nc2ccccc23)C1,5.15739
3416,ZGNYWDUENAFLJX-SYYPJRJYSA-N,O=C1/C(=C/c2cccc3ccccc23)CN(C(=O)C[C@H]2C[C@H]3CCCN3[C@]23C(=O)Nc2ccccc23)C/C1=C\c1cccc2ccccc12,5.17005
3418,CAGSYCPJEBZNQR-AMURHSJLSA-N,O=C1/C(=C/c2ccc(Cl)cc2)CN(C(=O)C[C@H]2C[C@H]3CCCN3[C@]23C(=O)Nc2ccccc23)C/C1=C\c1ccc(Cl)cc1,5.47366
3420,VTDKVLOPDSWYSF-RUQYIBFVSA-N,O=C1/C(=C/c2ccc(Cl)cc2Cl)CN(C(=O)C[C@H]2C[C@H]3CCCN3[C@]23C(=O)Nc2ccccc23)C/C1=C\c1ccc(Cl)cc1Cl,5.38616
3421,NUGLIROFZZXZSJ-WEMBUXJDSA-N,O=C1/C(=C/c2cccc([N+](=O)[O-])c2)CN(C(=O)C[C@H]2C[C@H]3CCCN3[C@]23C(=O)Nc2ccccc23)C/C1=C\c1cccc([N+](=O)[O-])c1,5.22257
3438,LQKVWDKZZLKIEO-UHFFFAOYSA-N,Clc1ccc(-c2nnc3sc(-c4ccoc4)nn23)cc1,5.74958
3439,UCDXFXYDHXUQQS-UHFFFAOYSA-N,COc1cccc(-c2nnc3sc(-c4ccoc4)nn23)c1,5.74958
3440,IBQPWMAINWBSPG-UHFFFAOYSA-N,COc1ccccc1-c1nnc2sc(-c3ccoc3)nn12,5.74958
3441,BQCYOKUETBHDKF-UHFFFAOYSA-N,Fc1ccc(Cc2nnc3sc(-c4ccoc4)nn23)cc1,5.74958
3442,GTTCAAURUZPYCT-UHFFFAOYSA-N,Fc1ccccc1Cc1nnc2sc(-c3ccoc3)nn12,5.74958
3443,FOOHHCUOYWOPNH-UHFFFAOYSA-N,Fc1cccc(Cc2nnc3sc(-c4ccoc4)nn23)c1,5.74958
3444,PXVDNVYERNRUIH-UHFFFAOYSA-N,Clc1ccccc1-c1nnc2sc(-c3ccoc3)nn12,5.74958
3447,VLFPJNJFSRTVCQ-UHFFFAOYSA-N,Brc1cccc(-c2nnc3sc(-c4ccoc4)nn23)c1,6.46344
3448,QYCOFCLOPMEREV-UHFFFAOYSA-N,Brc1ccc(-c2nnc3sc(-c4ccoc4)nn23)cc1,5.74958
3449,BEBHKCHGOXBQFM-UHFFFAOYSA-N,COc1ccc(-c2nnc3sc(-c4ccoc4)nn23)cc1,5.74958
3452,ACEKJSVJSPWCFJ-QEJYEJBOSA-N,O=C1/C(=C/c2cccc3ccccc23)CN(C(=O)[C@H]2C[C@H]3CCCN3[C@]23C(=O)Nc2cc(Cl)ccc23)C/C1=C\c1cccc2ccccc12,5.23582
3454,UFZCTLXXZCRXSR-CALHOEHWSA-N,O=C1/C(=C/c2ccc(Cl)cc2)CN(C(=O)[C@H]2C[C@H]3CCCN3[C@]23C(=O)Nc2cc(Cl)ccc23)C/C1=C\c1ccc(Cl)cc1,5.47366
3455,KPQUHTNSXKRNNN-HUPMBETNSA-N,Cc1ccc(/C=C2\CN(C(=O)[C@H]3C[C@H]4CCCN4[C@]34C(=O)Nc3cc(Cl)ccc34)C/C(=C\c3ccc(C)cc3)C2=O)cc1,5.11919
3456,NVCJOKMKSQXMIZ-PASBQLHESA-N,O=C1/C(=C/c2ccc(Cl)cc2Cl)CN(C(=O)[C@H]2C[C@H]3CCCN3[C@]23C(=O)Nc2cc(Cl)ccc23)C/C1=C\c1ccc(Cl)cc1Cl,5.47756
3457,FXQROPSWMDCKSN-GMTJZYHLSA-N,O=C1/C(=C/c2cccc([N+](=O)[O-])c2)CN(C(=O)[C@H]2C[C@H]3CCCN3[C@]23C(=O)Nc2cc(Cl)ccc23)C/C1=C\c1cccc([N+](=O)[O-])c1,5.36856
3459,IEZUYXINOLBVPZ-WFUNVFJHSA-N,O=C1/C(=C/c2ccccc2Cl)CN(C(=O)[C@H]2C[C@H]3CCCN3[C@]23C(=O)Nc2cc(Cl)ccc23)C/C1=C\c1ccccc1Cl,5.29414
3468,CDXLEFQOEJSRAZ-BEQMOXJMSA-N,C=CC(=O)N1C/C(=C\c2cccc([N+](=O)[O-])c2)C(=O)/C(=C/c2cccc([N+](=O)[O-])c2)C1,5.01055
3471,ANDKTBBSVHIHPD-IWGRKNQJSA-N,C=CC(=O)N1C/C(=C\c2ccccc2OC)C(=O)/C(=C/c2ccccc2OC)C1,5.05948
3475,GDFNKJSVDGBNRH-UHFFFAOYSA-N,COc1ccc2cc(C(=O)CN3CCN(Cc4ccccc4)CC3)c(=O)oc2c1,5.75449
3476,WRBFPGYDKJBYBI-SJORKVTESA-N,CN(C)C(=O)[C@H]1C[C@@H]1c1ccc(-c2ncn(C)c2Sc2ccc(Cl)cn2)cc1,5.78781
3497,ZCCUUQDIBDJBTK-UHFFFAOYSA-N,O=c1ccc2cc3ccoc3cc2o1,5.18842
3498,QXKHYNVANLEOEG-UHFFFAOYSA-N,COc1c2occc2cc2ccc(=O)oc12,6.11919
3502,RBQOQRRFDPXAGN-UHFFFAOYSA-N,CCCn1cnc2c1c(=O)n(CCCCC(C)=O)c(=O)n2C,5.19382
3503,BYPFEZZEUUWMEJ-UHFFFAOYSA-N,CC(=O)CCCCn1c(=O)c2c(ncn2C)n(C)c1=O,5.18046
3504,RYYVLZVUVIJVGH-UHFFFAOYSA-N,Cn1c(=O)c2c(ncn2C)n(C)c1=O,5.11983
3505,LRFVTYWOQMYALW-UHFFFAOYSA-N,O=c1[nH]c(=O)c2nc[nH]c2[nH]1,5.04576
3507,IZGRHSRWTILCID-FIXISWKDSA-N,C=C[C@@H]1[C@H]2C=C(C)C[C@]1(N)c1ccc(=O)[nH]c1C2,6.31069
3512,MKCZJPWVOINYIU-UHFFFAOYSA-N,Clc1ccc2[nH]c(-c3ccc(OCCN4CCOCC4)cc3)nc2c1,5.01189
3513,JWMNDJKJQTZJKT-UHFFFAOYSA-N,Clc1ccc2[nH]c(-c3ccc(OCCN4CCCCC4)cc3)nc2c1,6.88606
3514,BBTOCHYFQHOWFS-UHFFFAOYSA-N,Clc1ccc2[nH]c(-c3ccc(OCCN4CCCC4)cc3)nc2c1,5.85387
3515,QEGIKSFQWDYIPY-UHFFFAOYSA-N,CC(C)N(CCOc1ccc(-c2nc3cc(Cl)ccc3[nH]2)cc1)C(C)C,5.43415
3516,MRCUDDHDPPYVCN-UHFFFAOYSA-N,CCN(CC)CCOc1ccc(-c2nc3cc(Cl)ccc3[nH]2)cc1,5.05799
3517,UFPXLIINJWSSMV-UHFFFAOYSA-N,CN(C)CCOc1ccc(-c2nc3cc(Cl)ccc3[nH]2)cc1,5.09583
3520,XVWGGOXBAAKLJP-UHFFFAOYSA-N,Cc1ccc2[nH]c(-c3ccc(OCCN4CCCCC4)cc3)nc2c1,6.40894
3521,ULFZHPSKEWCTNR-UHFFFAOYSA-N,Cc1ccc2[nH]c(-c3ccc(OCCN4CCCC4)cc3)nc2c1,6.39794
3526,DQHHGJIDSIEIRK-UHFFFAOYSA-N,c1ccc2[nH]c(-c3ccc(OCCN4CCCCC4)cc3)nc2c1,5.98716
3527,GPCCQUBMGXQCPH-UHFFFAOYSA-N,c1ccc2[nH]c(-c3ccc(OCCN4CCCC4)cc3)nc2c1,5.67162
3533,OXQRMHHRDWXOPE-UHFFFAOYSA-N,N#Cc1cc(C#N)c(NC2CCN(Cc3ccccc3)CC2)nc1NC1CCN(Cc2ccccc2)CC1,5.13668
3534,NGQBESRBBIDATI-UHFFFAOYSA-N,N#Cc1c(NCCC2CCN(Cc3ccccc3)CC2)nc(NCCC2CCN(Cc3ccccc3)CC2)c(C#N)c1-c1ccccc1,5.01011
3535,VPVULNNWJJSXOM-UHFFFAOYSA-N,N#Cc1cc(C#N)c(NCCCCC2CCN(Cc3ccccc3)CC2)nc1Cl,7.88606
3536,CXJHSZNBWBHAQG-UHFFFAOYSA-N,N#Cc1cc(C#N)c(NCCCC2CCN(Cc3ccccc3)CC2)nc1Cl,7.26761
3537,KPKNMUAGNOEDIE-UHFFFAOYSA-N,N#Cc1cc(C#N)c(NCCC2CCN(Cc3ccccc3)CC2)nc1Cl,6.50864
3538,APUNUGFNNAECLO-UHFFFAOYSA-N,N#Cc1cc(C#N)c(NC2CCN(Cc3ccccc3)CC2)nc1Cl,5.27165
3539,NXFUAVRJMVGTEU-UHFFFAOYSA-N,N#Cc1c(Cl)nc(NCCCCC2CCN(Cc3ccccc3)CC2)c(C#N)c1-c1ccccc1,7.50864
3540,PWFVTINZOVIFQP-UHFFFAOYSA-N,N#Cc1c(Cl)nc(NCCCC2CCN(Cc3ccccc3)CC2)c(C#N)c1-c1ccccc1,5.41341
3541,CBUMRMKTVSNLKA-UHFFFAOYSA-N,N#Cc1c(Cl)nc(NCCC2CCN(Cc3ccccc3)CC2)c(C#N)c1-c1ccccc1,5.35655
3542,RVJXOEYVNUBNPU-UHFFFAOYSA-N,N#Cc1c(Cl)nc(NC2CCN(Cc3ccccc3)CC2)c(C#N)c1-c1ccccc1,5.02549
3565,ZMKVQRBBDBSXEZ-UHFFFAOYSA-M,COc1c(F)c[n+](CCCCCOc2ccc3c(C)cc(=O)oc3c2)cc1F.O=S(=O)([O-])C(F)(F)F,6.32333
3566,XRUAEVWJKITXIG-UHFFFAOYSA-M,COc1c(F)c[n+](CCCCOc2ccc3c(C)cc(=O)oc3c2)cc1F.O=S(=O)([O-])C(F)(F)F,6.218435
3567,RMKGVUWQYULRKN-UHFFFAOYSA-M,COc1c(F)c[n+](CCCOc2ccc3c(C)cc(=O)oc3c2)cc1F.O=S(=O)([O-])C(F)(F)F,5.7454
3568,KOFNHFQRLFTDHJ-UHFFFAOYSA-M,COc1ccc(C(F)(F)F)c[n+]1CCCCCOc1ccc2c(C)cc(=O)oc2c1.O=S(=O)([O-])C(F)(F)F,6.064915
3569,FIRPLAXRQZWEEH-UHFFFAOYSA-M,COc1ccc(C(F)(F)F)c[n+]1CCCCOc1ccc2c(C)cc(=O)oc2c1.O=S(=O)([O-])C(F)(F)F,6.036935
3570,MJCLAGLRDDLAEC-UHFFFAOYSA-M,COc1ccc(C(F)(F)F)c[n+]1CCCOc1ccc2c(C)cc(=O)oc2c1.O=S(=O)([O-])C(F)(F)F,5.4437
3572,UFMWOXVORSENPN-UHFFFAOYSA-L,COc1ccc(C(F)(F)F)c[n+]1CCC[n+]1cc(C(F)(F)F)ccc1OC.O=S(=O)([O-])C(F)(F)F.O=S(=O)([O-])C(F)(F)F,5.4437
3574,WEAJDBKFZZKOML-UHFFFAOYSA-M,COc1cc2c(cc1OC)C(=O)C(CCCCCCCc1cccc(OC)[n+]1C)C2.O=S(=O)([O-])C(F)(F)F,6.644945
3575,UJVAAQLXSLBDKJ-UHFFFAOYSA-M,COc1cc2c(cc1OC)C(=O)C(CCCCCCc1cccc(OC)[n+]1C)C2.O=S(=O)([O-])C(F)(F)F,7.07745
3576,VBUYOKNRZXECHE-UHFFFAOYSA-M,COc1cc2c(cc1OC)C(=O)C(CCCCCc1cccc(OC)[n+]1C)C2.O=S(=O)([O-])C(F)(F)F,6.90344
3577,BSUMSWVFHNXTDM-UHFFFAOYSA-L,COc1cc2c(cc1OC)C[N+](C)(CCCCCCCc1cccc(OC)[n+]1C)CC2.O=S(=O)([O-])C(F)(F)F.O=S(=O)([O-])C(F)(F)F,7.134205
3578,NMTWMKMOKNHOOG-UHFFFAOYSA-L,COc1cc2c(cc1OC)C[N+](C)(CCCCCCc1cccc(OC)[n+]1C)CC2.O=S(=O)([O-])C(F)(F)F.O=S(=O)([O-])C(F)(F)F,6.77258
3579,DNIAPZKFQRYDIQ-UHFFFAOYSA-L,COc1cc2c(cc1OC)C[N+](C)(CCCCCc1cccc(OC)[n+]1C)CC2.O=S(=O)([O-])C(F)(F)F.O=S(=O)([O-])C(F)(F)F,6.319135
3580,WASMKRBLJDLFHW-UHFFFAOYSA-L,COc1cc2c(cc1OC)C[N+](C)(CCCCc1cccc(OC)[n+]1C)CC2.O=S(=O)([O-])C(F)(F)F.O=S(=O)([O-])C(F)(F)F,5.27182
3581,QFBURNNTMZXPOD-UHFFFAOYSA-L,COc1cccc(CCCCCCCCc2cccc(OC)[n+]2C)[n+]1C.O=S(=O)([O-])C(F)(F)F.O=S(=O)([O-])C(F)(F)F,6.73299
3582,QRYDRTQUSXTXJI-UHFFFAOYSA-L,COc1cccc(CCCCCCCc2cccc(OC)[n+]2C)[n+]1C.O=S(=O)([O-])C(F)(F)F.O=S(=O)([O-])C(F)(F)F,6.92082
3583,RHYDVDVFZJIWDU-UHFFFAOYSA-L,COc1cccc(CCCCCCc2cccc(OC)[n+]2C)[n+]1C.O=S(=O)([O-])C(F)(F)F.O=S(=O)([O-])C(F)(F)F,7.1549
3584,QTAZWBRNRWOAHK-UHFFFAOYSA-L,COc1cccc(CCCCCc2cccc(OC)[n+]2C)[n+]1C.O=S(=O)([O-])C(F)(F)F.O=S(=O)([O-])C(F)(F)F,6.979305
3585,JPPCLTDDFRWLJD-UHFFFAOYSA-L,COc1cccc(CCc2cccc(OC)[n+]2C)[n+]1C.O=S(=O)([O-])C(F)(F)F.O=S(=O)([O-])C(F)(F)F,6.02506
3591,MVZRDWBAHPJFAX-UHFFFAOYSA-N,COc1ccc([N+](=O)[O-])c[n+]1C.F[B-](F)(F)F,5.12494
3624,FIHKSIJMFNDTLZ-HEVIKAOCSA-N,C[C@H](C(=O)NCCCNCCCNC1=CC(=O)C(NCCCNCCCNC(=O)[C@@H](C)c2ccc(-c3ccccc3)c(F)c2)=CC1=O)c1ccc(-c2ccccc2)c(F)c1,5.5391
3628,JLICOVVJIUJAMC-GWSDYOLYSA-N,CC1=C(CC(=O)NCCCNCCCNC2=CC(=O)C(NCCCNCCCNC(=O)CC3=C(C)/C(=C\c4ccc([S+](C)[O-])cc4)c4ccc(F)cc43)=CC2=O)c2cc(F)ccc2/C1=C/c1ccc([S+](C)[O-])cc1,5.02045
3629,GAIPAIINDRQCBE-UHFFFAOYSA-N,CC(C)Cc1ccc(C(C)C(=O)NCCCNCCCNC2=CC(=O)C(NCCCNCCCNC(=O)C(C)c3ccc(CC(C)C)cc3)=CC2=O)cc1,6.22185
3631,XWIRRJCYPXRQNW-ZZEZOPTASA-N,CCn1c(=O)n(C)s/c1=N\CCC1CCN(Cc2ccccc2)CC1,6.85387
3634,UHBYWTXOUSTTSQ-UHFFFAOYSA-N,CCOC(=O)C1=C(C)Oc2nc3c(c(N)c2C1c1ccc(C)cc1)CCCC3,6.73993
3635,NJPVUJVNAWTZJX-UHFFFAOYSA-N,CCOC(=O)C1=C(C)Oc2nc3c(c(N)c2C1c1ccc(OC)cc1)CCCC3,6.400705
3638,ISDBEASSBDUORE-UHFFFAOYSA-N,COc1cc2c(cc1OC)[Se](=O)N(CCC1CCN(Cc3ccccc3)CC1)C2=O,6.78781
3639,XATRWWMRLDBURC-UHFFFAOYSA-N,COc1cc2[se]n(CCCCC3CCN(Cc4ccccc4)CC3)c(=O)c2cc1OC,6.98716
3640,SPTPBOSWJWYELM-UHFFFAOYSA-N,COc1cc2[se]n(CCCC3CCN(Cc4ccccc4)CC3)c(=O)c2cc1OC,6.63639
3641,PGBBHNPZVCTISZ-UHFFFAOYSA-N,COc1cc2[se]n(CCC3CCN(Cc4ccccc4)CC3)c(=O)c2cc1OC,7.01323
3643,UEPKIBDCMASFAW-NJNXFGOHSA-N,O=C1/C(=C/c2ccc(F)cc2)COc2cc(OCCCCCCNc3c4c(nc5ccccc35)CCCC4)ccc21,6.97757
3644,NJHSCOWKTJHWBT-ZZIIXHQDSA-N,COc1ccc(/C=C2\COc3cc(OCCCCCCCCNc4c5c(nc6ccccc46)CCCC5)ccc3C2=O)cc1,6.91507
3645,CBIYVBDPTVOIOY-XTCLZLMSSA-N,COc1ccc(/C=C2\COc3cc(OCCCCCCNc4c5c(nc6ccccc46)CCCC5)ccc3C2=O)cc1,6.80465
3646,SKUMQRLMZICTHQ-NJNXFGOHSA-N,COc1ccc(/C=C2\COc3cc(OCCCCCNc4c5c(nc6ccccc46)CCCC5)ccc3C2=O)cc1,7.00877
3648,BGIOOSDXZCNZQT-UHFFFAOYSA-N,COc1cc2[se]n(CCCCCCNc3c4c(nc5ccccc35)CCCC4)c(=O)c2cc1OC,7.82016
3649,NAKZJQSHDVVYBW-UHFFFAOYSA-N,O=c1c2ccccc2[se]n1CCCCCCNc1c2c(nc3ccccc13)CCCC2,7.70952
3650,KZMBWUIEJCJZBV-UHFFFAOYSA-N,c1cc[n+](CCCCCCCCCCCC[n+]2cccc3ccccc32)cc1,8.3279
3651,OPRFDSBJETWBSK-UHFFFAOYSA-N,c1cc[n+](CCCCCCCCCCC[n+]2cccc3ccccc32)cc1,7.76955
3652,IXYYOCBGKVPOHF-UHFFFAOYSA-N,c1cc[n+](CCCCCCCCCC[n+]2cccc3ccccc32)cc1,8.30103
3653,SYTVXSVMKRXYMG-UHFFFAOYSA-N,c1cc[n+](CCCCCCCCC[n+]2cccc3ccccc32)cc1,6.92082
3654,VLINJGAWQXONRY-UHFFFAOYSA-N,c1cc[n+](CCCCCCCC[n+]2cccc3ccccc32)cc1,6.56864
3655,AJEOSTRBVYLHFL-UHFFFAOYSA-N,c1cc[n+](CCCCCCC[n+]2cccc3ccccc32)cc1,6.26761
3656,XMIICGLXEFLORP-UHFFFAOYSA-N,c1cc[n+](CCCCCCCCCCC[n+]2ccc3ccccc3c2)cc1,7.52288
3657,TVYZGBBYZJIGGJ-UHFFFAOYSA-N,c1cc[n+](CCCCCCCCCC[n+]2ccc3ccccc3c2)cc1,7.69897
3658,JUWPVFGGRPLWHB-UHFFFAOYSA-N,c1cc[n+](CCCCCCCCC[n+]2ccc3ccccc3c2)cc1,7.39794
3659,PVKAOBUBUDQDRR-UHFFFAOYSA-N,c1cc[n+](CCCCCCCC[n+]2ccc3ccccc3c2)cc1,6.85387
3660,LYSYREGAWZUWGY-UHFFFAOYSA-N,c1cc[n+](CCCCCCC[n+]2ccc3ccccc3c2)cc1,6.09691
3666,HARGZZNYNSYSGJ-JTQLQIEISA-N,Cc1cccc2c3c(ccc12)C1=C(C(=O)C3=O)[C@@H](C)CO1,6.0
3673,YJIPHBLIIILVCK-UHFFFAOYSA-N,COc1cc2[se]n(-c3ccc(OCCCCN4CCCCC4)cc3)c(=O)c2cc1OC,5.46725
3674,SEEWNPTXFPHRDI-UHFFFAOYSA-N,COc1cc2[se]n(-c3ccc(OCCCN4CCCCC4)cc3)c(=O)c2cc1OC,5.28819
3675,WBYXSWQBTVRKLU-UHFFFAOYSA-N,COc1cc2[se]n(-c3ccc(OCCN4CCCCC4)cc3)c(=O)c2cc1OC,6.34679
3679,NBEXJUQNTLSDAH-UHFFFAOYSA-N,COc1cc2[se]n(-c3ccc(CN4CCCCC4)cc3)c(=O)c2cc1OC,5.84164
3680,RSRPZXMUCGYGAT-UHFFFAOYSA-N,COc1cc2[se]n(-c3ccc(CN4CCCC4)cc3)c(=O)c2cc1OC,5.36552
3685,DMYRBALMXHKIGH-YUVNHMKWSA-N,CN1CC[C@@H](C(=O)N2C/C(=C\c3cccc4ccccc34)C(=O)[C@@]3(C2)[C@H](c2cccc4ccccc24)CN(C)[C@]32C(=O)Nc3ccccc32)[C@@]12C(=O)Nc1ccccc12,5.30715
3686,JBSBVWSGDQEAHW-QGBZOZHCSA-N,CN1CC[C@@H](C(=O)N2C/C(=C\c3ccc(F)cc3)C(=O)[C@@]3(C2)[C@H](c2ccc(F)cc2)CN(C)[C@]32C(=O)Nc3ccccc32)[C@@]12C(=O)Nc1ccccc12,5.62893
3687,QSYNZYDUZLMXLT-QGBZOZHCSA-N,CN1CC[C@@H](C(=O)N2C/C(=C\c3ccc(Cl)cc3)C(=O)[C@@]3(C2)[C@H](c2ccc(Cl)cc2)CN(C)[C@]32C(=O)Nc3ccccc32)[C@@]12C(=O)Nc1ccccc12,5.21183
3688,SYIJWEUVZBXTSK-KHBLXWHLSA-N,Cc1ccc(/C=C2\CN(C(=O)[C@@H]3CCN(C)[C@]34C(=O)Nc3ccccc34)C[C@]3(C2=O)[C@H](c2ccc(C)cc2)CN(C)[C@]32C(=O)Nc3ccccc32)cc1,5.1152
3689,GPPGIVRQQSJCJT-ZJXUGDSISA-N,CN1CC[C@@H](C(=O)N2C/C(=C\c3ccc(Cl)cc3Cl)C(=O)[C@@]3(C2)[C@H](c2ccc(Cl)cc2Cl)CN(C)[C@]32C(=O)Nc3ccccc32)[C@@]12C(=O)Nc1ccccc12,5.35458
3690,VPPIZGVJYULPCI-AKXUEXMOSA-N,CN1CC[C@@H](C(=O)N2C/C(=C\c3cccc([N+](=O)[O-])c3)C(=O)[C@@]3(C2)[C@H](c2cccc([N+](=O)[O-])c2)CN(C)[C@]32C(=O)Nc3ccccc32)[C@@]12C(=O)Nc1ccccc12,5.6073
3691,LZCINFLXWAYHAD-UNICUECWSA-N,CN1CC[C@@H](C(=O)N2C/C(=C\c3ccccc3F)C(=O)[C@@]3(C2)[C@H](c2ccccc2F)CN(C)[C@]32C(=O)Nc3ccccc32)[C@@]12C(=O)Nc1ccccc12,5.20901
3692,URTUAVNTWXXCEN-UNICUECWSA-N,CN1CC[C@@H](C(=O)N2C/C(=C\c3ccccc3Cl)C(=O)[C@@]3(C2)[C@H](c2ccccc2Cl)CN(C)[C@]32C(=O)Nc3ccccc32)[C@@]12C(=O)Nc1ccccc12,5.28483
3693,QJLCTYMBVMACFN-UGYSWYPASA-N,COc1ccccc1/C=C1\CN(C(=O)[C@@H]2CCN(C)[C@]23C(=O)Nc2ccccc23)C[C@]2(C1=O)[C@H](c1ccccc1OC)CN(C)[C@]21C(=O)Nc2ccccc21,5.32514
3694,QSFNNADKNRBZRA-UURVOFGNSA-N,Cc1ccccc1/C=C1\CN(C(=O)[C@@H]2CCN(C)[C@]23C(=O)Nc2ccccc23)C[C@]2(C1=O)[C@H](c1ccccc1C)CN(C)[C@]21C(=O)Nc2ccccc21,5.02549
3695,YYYKXFFODWMENN-GTRCEIMPSA-N,CN1CC[C@@H](C(=O)N2C/C(=C\c3ccccc3)C(=O)[C@@]3(C2)[C@H](c2ccccc2)CN(C)[C@]32C(=O)Nc3ccccc32)[C@@]12C(=O)Nc1ccccc12,5.58004
3696,CIGWHVQNGHCCQD-AFCOQHGVSA-N,C=CC(=O)N1C/C(=C\c2cccc3ccccc23)C(=O)[C@@]2(C1)[C@H](c1cccc3ccccc13)CN(C)[C@]21C(=O)Nc2ccccc21,5.11976
3697,MVRSVSUWAGKMRS-RLKYIGPZSA-N,C=CC(=O)N1C/C(=C\c2ccc(F)cc2)C(=O)[C@@]2(C1)[C@H](c1ccc(F)cc1)CN(C)[C@]21C(=O)Nc2ccccc21,5.10791
3698,YIQGIPHCFFIJQN-RLKYIGPZSA-N,C=CC(=O)N1C/C(=C\c2ccc(Cl)cc2)C(=O)[C@@]2(C1)[C@H](c1ccc(Cl)cc1)CN(C)[C@]21C(=O)Nc2ccccc21,5.07572
3699,KXQUSZFXGCQBEY-LNEKVJQRSA-N,C=CC(=O)N1C/C(=C\c2ccc(C)cc2)C(=O)[C@@]2(C1)[C@H](c1ccc(C)cc1)CN(C)[C@]21C(=O)Nc2ccccc21,5.12552
3700,YLVDGFLHTCJOCC-YDGHPEPZSA-N,C=CC(=O)N1C/C(=C\c2ccc(Cl)cc2Cl)C(=O)[C@@]2(C1)[C@H](c1ccc(Cl)cc1Cl)CN(C)[C@]21C(=O)Nc2ccccc21,5.21183
3701,OKHFUHHPYDCFSR-YFCWGEOWSA-N,C=CC(=O)N1C/C(=C\c2cccc([N+](=O)[O-])c2)C(=O)[C@@]2(C1)[C@H](c1cccc([N+](=O)[O-])c1)CN(C)[C@]21C(=O)Nc2ccccc21,5.27246
3702,BKDSEXOCOKEHEW-DBTRPOLGSA-N,C=CC(=O)N1C/C(=C\c2ccccc2F)C(=O)[C@@]2(C1)[C@H](c1ccccc1F)CN(C)[C@]21C(=O)Nc2ccccc21,5.16241
3703,UBLDCFKBHKDJPB-DBTRPOLGSA-N,C=CC(=O)N1C/C(=C\c2ccccc2Cl)C(=O)[C@@]2(C1)[C@H](c1ccccc1Cl)CN(C)[C@]21C(=O)Nc2ccccc21,5.29073
3704,LSLPXJPINXJYED-AOBXVYRYSA-N,C=CC(=O)N1C/C(=C\c2ccccc2OC)C(=O)[C@@]2(C1)[C@H](c1ccccc1OC)CN(C)[C@]21C(=O)Nc2ccccc21,5.38722
3705,ZKLQFVFZXDZESS-QFVGFNLVSA-N,C=CC(=O)N1C/C(=C\c2ccccc2C)C(=O)[C@@]2(C1)[C@H](c1ccccc1C)CN(C)[C@]21C(=O)Nc2ccccc21,5.40121
3706,LHISBHNARPPDIO-JKHBRONLSA-N,C=CC(=O)N1C/C(=C\c2ccccc2)C(=O)[C@@]2(C1)[C@H](c1ccccc1)CN(C)[C@]21C(=O)Nc2ccccc21,5.05849
3712,XBGJISBWJWTPLH-UHFFFAOYSA-N,Nc1ccc2c(c1)c(OCc1ccccc1)nn2Cc1ccccc1,5.0655
3714,QTJUKEFFXJKADG-UHFFFAOYSA-N,O=[N+]([O-])c1ccc2c(c1)c(OCc1ccc3ccccc3c1)nn2Cc1ccccc1,5.20066
3717,NVAPCERQXKPLTK-UHFFFAOYSA-N,CCCCCn1nc(OCc2ccc3ccccc3c2)c2cc([N+](=O)[O-])ccc21,5.08619
3718,XXEKUHPLQBJSJY-UHFFFAOYSA-N,O=[N+]([O-])c1ccc2c(c1)c(OCc1cccc3ccccc13)nn2Cc1cccc2ccccc12,5.17393
3721,FZCLGOSOJHUUST-UHFFFAOYSA-N,CCCCCn1nc(OCc2ccc(OC)cc2)c2cc([N+](=O)[O-])ccc21,5.01323
3722,RUJMERFUMDLBHZ-UHFFFAOYSA-N,O=[N+]([O-])c1ccc2c(c1)c(OCc1ccccc1)nn2Cc1ccccc1,5.13668
3724,BYEHLGQTZYKVFJ-UHFFFAOYSA-N,CCCCCOc1nn(CCCCC)c2ccc([N+](=O)[O-])cc12,5.37675
3732,LSHSFAITCUQCLP-UHFFFAOYSA-N,c1ccc(COc2nn(Cc3ccccc3)c3ccccc23)cc1,5.5376
3733,AVHMZIMFLFDTIN-UHFFFAOYSA-N,c1ccc2c(c1)c(OCC1CCCCC1)nn2CC1CCCCC1,5.14874
3737,SHQNSNOQZLYJOO-UHFFFAOYSA-N,CCNCc1ccc2nc(-c3ccc(Cl)cc3)c3c(c2c1)NCCC3,6.25493
3740,OEOVOFDXVTWLSY-UHFFFAOYSA-N,CCNCc1ccc2nc(-c3ccc(Cl)cc3)c3c(c2c1)N(Cc1ccccc1)CCC3,6.02595
3741,JZHJADLDLNMVKV-UHFFFAOYSA-N,CCNC(=O)c1ccc2nc(-c3ccc(Cl)cc3)c3c(c2c1)N(Cc1ccccc1)CCC3,6.09637
3745,GLCBTTCWFDKFDR-UHFFFAOYSA-N,CCOC(=O)c1ccc2nc(-c3cccnc3)c3c(c2c1)N(Cc1ccccc1)CCC3,5.97469
3749,UBCXCPFVKYUOKF-UHFFFAOYSA-N,CCOC(=O)c1ccc2nc(-c3ccc(Cl)cc3)c3c(c2c1)N(Cc1ccccc1)C(=O)CC3,5.38195
3751,FFTKMAHTNAEBCM-UHFFFAOYSA-N,CCN(CCCCOc1ccc(-c2coc3cc(OCCCCN(CC)Cc4ccccc4OC)cc(O)c3c2=O)cc1)Cc1ccccc1OC,6.45593
3752,UOQLTFOUMSADAS-UHFFFAOYSA-N,CCN(CCCCOc1ccc(-c2coc3cc(O)cc(O)c3c2=O)cc1)Cc1ccccc1OC,5.41117
3753,ZIZAOGVFUXZHDX-UHFFFAOYSA-N,CCN(CCCCCCOc1cc(O)c2c(=O)c(-c3ccc(O)cc3)coc2c1)Cc1ccccc1,5.23657
3755,PPGMIPTWTYYHRQ-UHFFFAOYSA-N,Cn1ncc2c1-c1c(Br)sc(Br)c1C2NC(=O)CN1CCN(Cc2ccccc2F)CC1,6.05552
3756,PWBQKEZBWGBFSU-UHFFFAOYSA-N,O=C(CN1CCN(Cc2ccccc2)CC1)NC1c2cnn(-c3ccccc3)c2-c2c(Br)sc(Br)c21,6.06048
3757,ZNDVGZNYUFTVCI-UHFFFAOYSA-N,Cn1ncc2c1-c1c(Br)sc(Br)c1C2NC(=O)CN1CCN(Cc2ccccc2)CC1,6.48149
3758,NJEFPRGKCUZVSL-UHFFFAOYSA-N,O=C(CN1CCN(Cc2ccccc2)CC1)NC1c2cn[nH]c2-c2c(Br)sc(Br)c21,5.94692
3759,MTNXXZOBDDKCSJ-UHFFFAOYSA-N,Cn1ncc2c1-c1sccc1C2NC(=O)CN1CCN(Cc2ccccc2F)CC1,5.87943
3760,WXGWQKDHPDCEHN-UHFFFAOYSA-N,Cn1ncc2c1-c1sccc1C2NC(=O)CN1CCN(Cc2ccccc2)CC1,6.03152
3761,KWXRZCJBVNGGSK-UHFFFAOYSA-N,O=C(CN1CCN(Cc2ccccc2)CC1)NC1c2cn[nH]c2-c2sccc21,5.03716
3762,DWPVIADNDHFBJF-UHFFFAOYSA-N,COc1cc2c(cc1OC)C(NC(=O)CN1CCN(Cc3ccccc3F)CC1)c1cnn(-c3ccccc3)c1-2,5.61439
3763,WTKCPVAHKQZXKI-UHFFFAOYSA-N,COc1cc2c(cc1OC)C(NC(=O)CN1CCN(Cc3ccccc3F)CC1)c1cnn(C)c1-2,5.61261
3764,TVRBKNAHQZCAIV-UHFFFAOYSA-N,COc1cc2c(cc1OC)C(NC(=O)CN1CCN(Cc3ccccc3)CC1)c1cnn(-c3ccccc3)c1-2,5.52433
3765,VLPKJIWBKUILOL-UHFFFAOYSA-N,COc1cc2c(cc1OC)C(NC(=O)CN1CCN(Cc3ccccc3)CC1)c1cnn(C)c1-2,5.73518
3777,FGHBNILZLCPBRA-QYRUWVGISA-N,C[C@@]12CC[C@@H]3[C@@](CC[C@H]4[C@@]3(C)CCC[C@@]4(C)C(=O)OCC[N+](C)(C)CCCCCCCCCCCC[N+](C)(C)CCOC(=O)[C@]3(C)CCC[C@@]4(C)[C@@H]5CC[C@@]6(C)C[C@]5(CC[C@@H]43)CC6=O)(CC1=O)C2,5.65758
3778,IAEQMVAFPJSDKJ-JYBYPGSNSA-N,C[C@@]12CC[C@@H]3[C@]4(CC[C@H]5[C@@]3(C)CCC[C@@]5(C)C(=O)OCC[N+](C)(C)CCCCCCCCC[N+](C)(C)CCOC(=O)[C@]3(C)CCC[C@@]5(C)[C@@H]6CC[C@@]7(C)C[C@]6(CC[C@@H]53)C[C@H]7OC(=O)CCCCCCCCC(=O)O[C@@H]1C4)C2,5.30103
3781,NDXCWKMYPWRPDY-NUCQJGHSSA-N,C[C@H]1C[C@@]23CC[C@H]4[C@@](C)(CCC[C@@]4(C)C(=O)OCC[N+](C)(C)Cc4ccccc4)[C@@H]2CC[C@]1(Cl)C3,5.04576
3784,SVSUKQDSRBZWNP-QVMKZURUSA-N,CC[C@H]1[C@H]2OC(=O)[C@](C)(O)[C@H]2[C@]23CC[C@@H]([C@@H]4C[C@@H](C)C(=O)O4)N2CCCC[C@@H]13,5.04096
3790,TVENLJDYWYTMAB-UHFFFAOYSA-N,CN(Cc1ccccc1)Cc1ccc(C(=O)c2ccc(O)c(F)c2)cc1,5.43652
3791,NTYSPJOKYWFNJE-UHFFFAOYSA-N,O=C(c1ccc(CN2CCC(CCO)CC2)cc1)c1ccc(O)c(F)c1,5.63451
3815,FHIVAFMUCKRCQO-UHFFFAOYSA-N,CCOP(=S)(OCC)Oc1cc(C)nc(C(C)C)n1,5.72125
3817,SNHXSTFOPXTQSU-UHFFFAOYSA-N,O=C(CCCOc1cccc2[nH]c3ccccc3c12)NCCCNc1c2c(nc3ccccc13)CCCC2,8.66756
3818,WENTUEGJRGNGKW-UHFFFAOYSA-N,c1ccc2c(NCCSSCCNc3c4c(nc5ccccc35)CCCC4)c3c(nc2c1)CCCC3,8.29757
3819,KKKODFFFJFQMSI-BMRADRMJSA-N,COc1cc(/C=C/C(=O)NCCCCCCNc2c3c(nc4ccccc24)CCCC3)ccc1O,7.93405
3822,NKRXGDHVPLDPRJ-UHFFFAOYSA-N,N/C(=N\O)c1nc(CCCCCNc2c3c(nc4ccccc24)CCCC3)ccc1O,6.58503
3823,QJEJKTFOGGGVCM-JVWAILMASA-N,O/N=C/c1nccc(CCCCCNc2c3c(nc4ccccc24)CCCC3)c1O,7.11351
3824,KSMHDBPIJWXMSI-WGOQTCKBSA-N,O/N=C/c1nc(CCCCCNc2c3c(nc4ccccc24)CCCC3)ccc1O,6.58503
3825,WBLSVMZKFSZDDW-MFKUBSTISA-N,O/N=C/c1nc(CCCCNc2c3c(nc4ccccc24)CCCC3)ccc1O,6.227964999999999
3826,YESOUOMKYRFENI-JVWAILMASA-N,O/N=C/c1ncc(CCCCCNc2c3c(nc4ccccc24)CCCC3)cc1O,6.78781
3828,XWILTRCLQISZDK-UHFFFAOYSA-N,c1ccc(CCCCCNc2c3c(nc4ccccc24)CCCC3)nc1,6.82391
3831,HVTMTNROSRDITI-UHFFFAOYSA-N,CC1=CC2Cc3nc4cc(Cl)ccc4c(NCCCCCNC(=O)c4cc(O)c5c(c4)C(=O)c4cccc(O)c4C5=O)c3C(C1)C2,8.97062
3832,UTKHPWKBTQSDGT-UHFFFAOYSA-N,CC1=CC2Cc3nc4cc(Cl)ccc4c(NCCCCCCNC(=O)c4cc(O)c5c(c4)C(=O)c4cccc(O)c4C5=O)c3C(C1)C2,8.81816
3833,WJBROIRUZGVQPY-UHFFFAOYSA-N,CC1=CC2Cc3nc4cc(Cl)ccc4c(NCCCCCCCNC(=O)c4cc(O)c5c(c4)C(=O)c4cccc(O)c4C5=O)c3C(C1)C2,8.49757
3834,SRHFLJYMGNBGDH-UHFFFAOYSA-N,CC1=CC2Cc3nc4cc(Cl)ccc4c(NCCCCCCCCNC(=O)c4cc(O)c5c(c4)C(=O)c4cccc(O)c4C5=O)c3C(C1)C2,8.35853
3835,VZYCFKMNVCPCHV-UHFFFAOYSA-N,CC1=CC2Cc3nc4cc(Cl)ccc4c(NCCCCCCCCCNC(=O)c4cc(O)c5c(c4)C(=O)c4cccc(O)c4C5=O)c3C(C1)C2,8.4437
3836,VZYCFKMNVCPCHV-RPBOFIJWSA-N,CC1=C[C@H]2Cc3nc4cc(Cl)ccc4c(NCCCCCCCCCNC(=O)c4cc(O)c5c(c4)C(=O)c4cccc(O)c4C5=O)c3[C@@H](C1)C2,5.53313
3837,VZYCFKMNVCPCHV-LOSJGSFVSA-N,CC1=C[C@@H]2Cc3nc4cc(Cl)ccc4c(NCCCCCCCCCNC(=O)c4cc(O)c5c(c4)C(=O)c4cccc(O)c4C5=O)c3[C@H](C1)C2,8.620695000000001
3838,DYSVHEIIYHZJGH-UHFFFAOYSA-N,CC1=CC2Cc3nc4cc(Cl)ccc4c(NCCCCCCCCCCNC(=O)c4cc(O)c5c(c4)C(=O)c4cccc(O)c4C5=O)c3C(C1)C2,8.118905
3839,CTMZZPSVNCEBPA-UHFFFAOYSA-N,CC1=CC2Cc3nc4cc(Cl)ccc4c(NCCCCCCCCCCCNC(=O)c4cc(O)c5c(c4)C(=O)c4cccc(O)c4C5=O)c3C(C1)C2,7.75945
3840,BMUWOXBZGNXOSU-UHFFFAOYSA-N,CC1=CC2Cc3nc4cc(Cl)ccc4c(NCc4ccc(CNC(=O)c5cc(O)c6c(c5)C(=O)c5cccc(O)c5C6=O)cc4)c3C(C1)C2,7.73993
3845,MPCFYBGGGLVQEC-UHFFFAOYSA-N,COc1cc2[nH]c(=O)c(C(=O)NCC3CCN(Cc4ccccc4)CC3)c(O)c2cc1OC,6.63827
3846,LANSNGGYDDMUGY-UHFFFAOYSA-N,O=C(NCC1CCN(Cc2ccccc2)CC1)c1c(O)c2cc(O)c(O)cc2[nH]c1=O,6.00877
3858,BPECKLWRCAONGX-UHFFFAOYSA-N,CCN(CC)CCCCCCOc1ccc(CC2NCCc3cc(OC)c(OC)cc32)cc1,5.3019
3859,BYRLMUHGBXCVOH-UHFFFAOYSA-N,COc1cc2c(cc1OC)C(Cc1ccc(OCCCCCCN(C)C)cc1)NCC2,5.14691
3860,QRPYZNBZKALWQQ-UHFFFAOYSA-N,CCCN(CCC)CCCCCCOc1ccc(CC2NCCc3cc(OC)c(OC)cc32)cc1,5.46092
3861,FQFUKTCPJFQACE-UHFFFAOYSA-N,CCCCN(CCCC)CCCCCCOc1ccc(CC2NCCc3cc(OC)c(OC)cc32)cc1,5.41454
3862,AGSNRWKROFLBLI-UHFFFAOYSA-N,COc1cc2c(cc1OC)C(Cc1ccc(OCCCCCCN3CCCC3C)cc1)NCC2,5.34679
3863,FINWRTHNMLWWST-UHFFFAOYSA-N,COc1cc2c(cc1OC)C(Cc1ccc(OCCCCCCN3CCCCC3C)cc1)NCC2,5.65758
3864,XIKIQDHFFVIHEZ-UHFFFAOYSA-N,COc1cc2c(cc1OC)C(Cc1ccc(OCCCCCCN3CCCCC3)cc1)NCC2,5.66959
3865,QSASVTHZZTZXAN-UHFFFAOYSA-N,COc1cc2c(cc1OC)C(Cc1ccc(OCCCCCCN3CCCC3)cc1)NCC2,5.52578
3866,SWHJODKSCKXUAX-UHFFFAOYSA-N,COc1cc2c(cc1OC)C(Cc1ccc(OCCCCCCN3CCC(O)CC3)cc1)NCC2,5.01818
3870,IRDZLYUVTZHASS-UHFFFAOYSA-N,COc1cc2c(cc1OC)C(Cc1ccc(OCCCCCCN3CCN(Cc4ccccc4)CC3)cc1)NCC2,5.25259
3871,ZZODKRWBFJJHGV-UHFFFAOYSA-N,COc1cc2c(cc1OC)C(Cc1ccc(OCCCCCCN3CCC(c4ccccc4)CC3)cc1)NCC2,5.03012
3873,OUYDBKLRMLMLMJ-UHFFFAOYSA-N,CN(Cc1ccccc1)Cc1ccc(C(=O)NCCc2c[nH]c3ccc(O)cc23)cc1,5.37675
3874,CQIUTYRNRVTWNA-UHFFFAOYSA-N,CN(Cc1ccccc1)Cc1ccc(C(=O)NCCc2c[nH]c3ccccc23)cc1,5.72125
3875,QBQISILWXDSYAB-UHFFFAOYSA-N,COc1ccc2[nH]cc(CCNC(=O)c3ccc(CN(C)Cc4ccccc4)cc3)c2c1,5.21467
3876,SZYWAKLFZGGZFL-UHFFFAOYSA-N,COc1ccc2c(CCNC(=O)c3ccc(CN(C)Cc4ccccc4)cc3)c[nH]c2c1,5.38722
3877,GVTZWCGCQTUNKK-UHFFFAOYSA-N,CN(Cc1ccccc1)Cc1ccc(C(=O)NCCc2c[nH]c3cc(F)ccc23)cc1,5.60206
3878,XFZNYYDTDGEXBS-UHFFFAOYSA-N,CN(Cc1ccc(C(=O)NCCc2c[nH]c3ccccc23)cc1)Cc1ccccc1Cl,5.42022
3879,MXVVFXUVCSFCCH-UHFFFAOYSA-N,COc1ccc2[nH]cc(CCNC(=O)c3ccc(CN(C)Cc4ccccc4Cl)cc3)c2c1,5.58503
3880,HIOSHKZZXRGRSS-UHFFFAOYSA-N,CN(Cc1ccc(C(=O)NCCc2c[nH]c3ccccc23)cc1)Cc1cccc(Cl)c1,5.29243
3881,VKUFSDYOVDNWPJ-UHFFFAOYSA-N,COc1ccc2[nH]cc(CCNC(=O)c3ccc(CN(C)Cc4cccc(Cl)c4)cc3)c2c1,5.25181
3882,QUNVPYVAGHACJZ-UHFFFAOYSA-N,COc1ccc2c(CCNC(=O)c3ccc(CN(C)Cc4cccc(Cl)c4)cc3)c[nH]c2c1,5.67778
3883,UPXTYLFOWZJASC-UHFFFAOYSA-N,COc1ccccc1CN(C)Cc1ccc(C(=O)NCCc2c[nH]c3ccccc23)cc1,5.3279
3884,HWOGJSPZNZIPLI-UHFFFAOYSA-N,COc1ccc2[nH]cc(CCNC(=O)c3ccc(CN(C)Cc4ccccc4OC)cc3)c2c1,5.26761
3885,INDXJGDAAIPEQX-UHFFFAOYSA-N,COc1cccc(CN(C)Cc2ccc(C(=O)NCCc3c[nH]c4ccccc34)cc2)c1,5.42022
3886,DKPILSQFGUMQIS-UHFFFAOYSA-N,COc1cccc(CN(C)Cc2ccc(C(=O)NCCc3c[nH]c4ccc(OC)cc34)cc2)c1,5.16749
3890,DDAUUFHOQWDQAE-RPCRKUJJSA-N,CCOC(OCC)c1ccc(/C=C2\CNC/C(=C\c3ccc(C(OCC)OCC)cc3)C2=O)cc1,6.03621
3891,SYSVLGHQDUURRS-BFNWXZRRSA-N,CCOC(OCC)c1ccc(/C=C2\CN(C)C/C(=C\c3ccc(C(OCC)OCC)cc3)C2=O)cc1,7.37675
3899,MBVQFYXELMNIPW-BUOZRGFLSA-N,CN(C)c1ccc(/C=C2/COC/C(=C\c3ccc(N(C)C)cc3[N+](=O)[O-])C2=O)c([N+](=O)[O-])c1,5.81248
3900,VAIHSXCXCCBTNV-BUOZRGFLSA-N,CN(C)c1ccc(/C=C2/CNC/C(=C\c3ccc(N(C)C)cc3[N+](=O)[O-])C2=O)c([N+](=O)[O-])c1,6.05552
3901,YLFXZYOUOHNWMF-OMYAATJGSA-N,CN1C/C(=C/c2ccc(N(C)C)cc2[N+](=O)[O-])C(=O)/C(=C/c2ccc(N(C)C)cc2[N+](=O)[O-])C1,7.24413
3910,STCSLEWFMHPGFM-QFFDILLMSA-N,O=C1/C(=C\c2ccc(N3CCCC3)cc2)CNC/C1=C\c1ccc(N2CCCC2)cc1,5.02136
3911,CWMMOMIPYCYUPM-ZFQRDYFNSA-N,CN1C/C(=C/c2ccc(N3CCCC3)cc2)C(=O)/C(=C/c2ccc(N3CCCC3)cc2)C1,5.55596
3926,QGHFTRPRTMZIAB-VIJSPRBVSA-N,CC1=C[C@H]2Cc3nc4cc(Cl)ccc4c(NCCCCCCNc4c5c(nc6cc(Cl)ccc46)C[C@@H]4C=C(C)C[C@H]5C4)c3[C@@H](C1)C2,6.7167
3927,NPZPAMQSTILFKK-XAZDILKDSA-N,CC1=C[C@H]2Cc3nc4cc(Cl)ccc4c(NCCCCCCCCNc4c5c(nc6cc(Cl)ccc46)C[C@@H]4C=C(C)C[C@H]5C4)c3[C@@H](C1)C2,7.13966
3928,IUFKKNRHNJARAQ-ZRTHHSRSSA-N,CC1=C[C@H]2Cc3nc4cc(Cl)ccc4c(NCCCCCCCCCCNc4c5c(nc6cc(Cl)ccc46)C[C@@H]4C=C(C)C[C@H]5C4)c3[C@@H](C1)C2,7.75696
3929,BLPZCYRNZOROBR-WZJLIZBTSA-N,CC1=C[C@H]2Cc3nc4cc(Cl)ccc4c(NCCCCCCCCCCCCNc4c5c(nc6cc(Cl)ccc46)C[C@@H]4C=C(C)C[C@H]5C4)c3[C@@H](C1)C2,6.36552
3935,PPLHOCSIKGJWTP-UHFFFAOYSA-N,O=S(=O)(CCCN1CCN(Cc2ccccc2)CC1)NCCNc1cccc2ccccc12,6.79588
3938,DYDMQTJZQBAGEY-UHFFFAOYSA-N,O=c1c2cc(OCCCN3CCCCC3)ccc2nc2n1CCCCC2,6.086095
3939,DNOBRQKRZLULQE-UHFFFAOYSA-N,CCN(CC)CCCOc1ccc2nc3n(c(=O)c2c1)CCCC3,5.819455
3940,SWZRIMBMJKPHQJ-UHFFFAOYSA-N,O=c1c2cc(OCCCN3CCCCC3)ccc2nc2n1CCCC2,6.647905
3941,DWOXBDXTFVOWJF-UHFFFAOYSA-N,CCN(CC)CCCOc1ccc2nc3n(c(=O)c2c1)CCC3,5.91291
3942,FFIZZPFJAXHTDR-UHFFFAOYSA-N,O=c1c2cc(OCCCN3CCCCC3)ccc2nc2n1CCC2,5.962305000000001
3944,GLVFHGWUKQPBOF-UHFFFAOYSA-N,CCN(CC)CCCOc1ccc2nc3n(c(=O)c2c1)CCCc1ccccc1-3,5.377875
3945,PFYRGBJRPBPVMS-UHFFFAOYSA-N,O=c1c2cc(OCCCN3CCCCC3)ccc2nc2n1CCCc1ccccc1-2,6.271825
3946,VCKXKSQVWHZQHR-UHFFFAOYSA-N,CCN(CC)CCCOc1ccc2nc3n(c(=O)c2c1)CCc1ccccc1-3,6.174285
3947,MIQVJQGPYICMPP-UHFFFAOYSA-N,O=c1c2cc(OCCCN3CCCCC3)ccc2nc2n1CCc1ccccc1-2,6.664775
3948,MIPWRXSZLNVAKQ-UHFFFAOYSA-N,CCN(CC)CCCOc1ccc2nc3n(c(=O)c2c1)Cc1ccccc1-3,6.697985
3949,GDJCEVNDAZNLPF-UHFFFAOYSA-N,O=c1c2cc(OCCCN3CCCCC3)ccc2nc2n1Cc1ccccc1-2,6.846355
3965,UVYNECUSQBZMSD-UHFFFAOYSA-N,c1cc2c(cc1OCCCN1CCCCC1)CN1CCCC1=N2,6.714205
3966,PPDBWLSEOWISMD-UHFFFAOYSA-N,CN(CCC(=O)NCCCCNc1c2c(nc3ccccc13)CCCC2)C1CCCCC1,6.98297
3967,MMAVCEZWOWSHTC-UHFFFAOYSA-N,CCN(CCC(=O)NCCNc1c2c(nc3ccccc13)CCCC2)C1CCCCC1,6.63264
3968,GDXNXPQGVOTDDZ-UHFFFAOYSA-N,CCN(CCC(=O)NCCCNc1c2c(nc3ccccc13)CCCC2)C1CCCCC1,7.58004
3969,MNXZMODOWBSHCE-UHFFFAOYSA-N,CCN(CCC(=O)NCCCCNc1c2c(nc3ccccc13)CCCC2)C1CCCCC1,7.02595
3971,CLANWNRWLCNHQF-UHFFFAOYSA-N,O=C(Cc1cc(=O)oc2cc(O)ccc12)NCCNc1c2c(nc3ccccc13)CCCC2,5.53611
3972,LNXFVCTVJXMJED-UHFFFAOYSA-N,O=C(Cc1cc(=O)oc2cc(O)ccc12)NCCCNc1c2c(nc3ccccc13)CCCC2,6.55752
3973,NZAHEPIMJGOXMA-UHFFFAOYSA-N,O=C(Cc1cc(=O)oc2cc(O)ccc12)NCCCCNc1c2c(nc3ccccc13)CCCC2,7.81248
3974,LSJUOQUGCKLCKO-UHFFFAOYSA-N,O=C(Cc1cc(=O)oc2cc(O)ccc12)NNC(=S)Nc1c2c(nc3ccccc13)CCCC2,5.08778
3977,OXQMOFFMFYUAFJ-UHFFFAOYSA-N,CN(CCC(=O)NCCNc1c2c(nc3ccccc13)CCCC2)C1CCCCC1,6.23657
3978,PEFVDLQGFKDNNH-UHFFFAOYSA-N,CN(CCC(=O)NCCCNc1c2c(nc3ccccc13)CCCC2)C1CCCCC1,6.40012
3979,NXRLTJHVRANPCV-UHFFFAOYSA-P,O=C(C[n+]1ccccc1)N/N=C/c1ccc(/C=N/NC(=O)C[n+]2ccccc2)cc1,8.63827
3981,KBNHGKIAHMMUCH-UHFFFAOYSA-N,CCNC(=O)c1ccc2nc(-c3ccc(Cl)cc3)c3c(c2c1)NCCC3,7.18709
3984,SCHXMKVUYVNKRR-UHFFFAOYSA-N,O=C(NCCCCCCCCNc1c2c(nc3cc(Cl)ccc13)CCCC2)c1ccc2nc(-c3ccc(Cl)cc3)c3c(c2c1)NCCC3,8.68613
3985,HUAUVHYOLGBGMR-UHFFFAOYSA-N,O=C(NCCCCCNc1c2c(nc3cc(Cl)ccc13)CCCC2)c1ccc2nc(-c3ccc(Cl)cc3)c3c(c2c1)NCCC3,7.84771
3986,ZQFXENUXQNLUDE-UHFFFAOYSA-N,O=C(NCCCCNc1c2c(nc3cc(Cl)ccc13)CCCC2)c1ccc2nc(-c3ccc(Cl)cc3)c3c(c2c1)NCCC3,7.84771
3989,RFFSRGKCVREDLD-UHFFFAOYSA-N,CC(=O)N1OC(C)(C)CC(c2ccccc2)=C1CN1C(=O)c2ccccc2C1=O,5.60206
3990,QAMJZNPTSBBFDI-LTCQIXDTSA-N,COC(=O)CC1=NO[C@@H]2[C@H]3CC[C@H](C3)[C@@H]2[C@H]1c1ccccc1,5.20066
3997,UGBLOPRVCUMQQB-UHFFFAOYSA-N,O=c1cc(-c2ccc(CN3CCCCC3)cc2)oc2ccccc12,7.25964
3998,SHPCADFURJJOOU-UHFFFAOYSA-N,COc1cc2oc(-c3ccc(CN4CCCC4)cc3)cc(=O)c2cc1OC,7.46852
4001,RFIJTJVQDQTLEV-UHFFFAOYSA-N,Cc1cc(=O)oc2cc(OCCN3CCN(CC(=O)Nc4c5c(nc6ccccc46)CCCC5)CC3)ccc12,7.03621
4003,AAJCCATVSUSRCY-MDWZMJQESA-N,CN(C)CCOc1ccc(C(=O)/C=C/c2ccccc2)cc1,5.32975
4005,RVSWJJUCVKQQRU-XNTDXEJSSA-N,CN(C)CCCCOc1ccc(C(=O)/C=C/c2ccccc2)cc1,5.04818
4008,LZBQTJUASOHOGJ-XNTDXEJSSA-N,CCN(CC)CCOc1ccc(C(=O)/C=C/c2ccccc2)cc1,5.11748
4015,UTANHRBMHJQKJU-SFQUDFHCSA-N,CCCN(CCC)CCCCOc1ccc(C(=O)/C=C/c2ccccc2)cc1,5.22841
4025,AXRSIKMWRLWTDO-FMIVXFBMSA-N,COc1cc(CCC(=O)/C=C/c2ccc(CNc3c4c(nc5cc(Cl)ccc35)CC3CC(C)=CC4C3)cc2)cc(CN(C)C)c1O,7.67572
4026,ANZARKBILMMHER-YRNVUSSQSA-N,COc1cc(CCC(=O)/C=C/c2ccc(CNc3c4c(nc5cc(Cl)ccc35)CC3CC(C)=CC4C3)cc2)ccc1O,7.73755
4027,XLIOMHFQNGCWAV-GQCTYLIASA-N,COc1cc(CCC(=O)/C=C/CCCNc2c3c(nc4cc(Cl)ccc24)CC2CC(C)=CC3C2)ccc1O,8.17393
4032,TXSRJQSUOUJAIH-UHFFFAOYSA-N,O=c1oc2cc(OCCCCN3CCN(Cc4ccccc4)CC3)ccc2c2ccccc12,5.08619
4035,XLWGGHNMHFSNAQ-UHFFFAOYSA-N,COc1cccc(CN(C)CCCCOc2ccc3c(c2)oc(=O)c2ccccc23)c1,5.08092
4036,MCFWJVVIIHDYGY-UHFFFAOYSA-N,CN(CCCCOc1ccc2c(c1)oc(=O)c1ccccc12)Cc1ccccc1,5.95861
4038,YMUQNRICCRNBQY-UHFFFAOYSA-N,O=c1oc2cc(OCCCN3CCN(Cc4ccccc4)CC3)ccc2c2ccccc12,6.09691
4040,JCHKASOGFPNEMX-UHFFFAOYSA-N,O=c1oc2cc(OCCCN3CCC(Cc4ccccc4)CC3)ccc2c2ccccc12,5.38722
4042,VWMVVTZSFRCBOF-UHFFFAOYSA-N,CN(CCCOc1ccc2c(c1)oc(=O)c1ccccc12)Cc1ccccc1,5.07058
4044,NHTLSLIZIOTGBZ-UHFFFAOYSA-N,O=c1oc2cc(OCCN3CCN(Cc4ccccc4)CC3)ccc2c2ccccc12,6.04576
4048,WLMCUWNVWHWZRR-UHFFFAOYSA-N,CN(CCOc1ccc2c(c1)oc(=O)c1ccccc12)Cc1ccccc1,5.17393
4049,FOOMLDMUSXDTOO-UHFFFAOYSA-N,COc1cccc(CN2CCN(CCCCOc3ccc4c5c(c(=O)oc4c3)CCCC5)CC2)c1,5.06048
4050,LLRQWHTWQOOTRV-UHFFFAOYSA-N,O=c1oc2cc(OCCCCN3CCN(Cc4ccccc4)CC3)ccc2c2c1CCCC2,5.19382
4052,GTVSDMPQZNLHNQ-UHFFFAOYSA-N,O=c1oc2cc(OCCCCN3CCC(Cc4ccccc4)CC3)ccc2c2c1CCCC2,5.03621
4053,KEYLOFFNMVKPSA-UHFFFAOYSA-N,COc1cccc(CN(C)CCCCOc2ccc3c4c(c(=O)oc3c2)CCCC4)c1,5.76955
4054,WSKTVSBIHWPZCM-UHFFFAOYSA-N,CN(CCCCOc1ccc2c3c(c(=O)oc2c1)CCCC3)Cc1ccccc1,6.0
4055,JPCDBTHAWPVJLV-UHFFFAOYSA-N,COc1cccc(CN2CCN(CCCOc3ccc4c5c(c(=O)oc4c3)CCCC5)CC2)c1,5.20761
4056,KMFIWXMOTHJQAP-UHFFFAOYSA-N,O=c1oc2cc(OCCCN3CCN(Cc4ccccc4)CC3)ccc2c2c1CCCC2,6.04576
4057,RHYLMHYJQBEFDV-UHFFFAOYSA-N,COc1cccc(CC2CCN(CCCOc3ccc4c5c(c(=O)oc4c3)CCCC5)CC2)c1,5.3098
4058,MJJPABBWHSSTTI-UHFFFAOYSA-N,O=c1oc2cc(OCCCN3CCC(Cc4ccccc4)CC3)ccc2c2c1CCCC2,5.36653
4059,ITYHQJQWDFKQFQ-UHFFFAOYSA-N,COc1cccc(CN(C)CCCOc2ccc3c4c(c(=O)oc3c2)CCCC4)c1,5.56864
4060,HUWWMDRBFQAIAI-UHFFFAOYSA-N,CN(CCCOc1ccc2c3c(c(=O)oc2c1)CCCC3)Cc1ccccc1,5.67778
4061,CACFQCMXTYRFGE-UHFFFAOYSA-N,COc1cccc(CN2CCN(CCOc3ccc4c5c(c(=O)oc4c3)CCCC5)CC2)c1,5.13668
4062,OHDDRPINWQDGEH-UHFFFAOYSA-N,O=c1oc2cc(OCCN3CCN(Cc4ccccc4)CC3)ccc2c2c1CCCC2,5.88606
4064,IHQOPGPYTRMDJH-UHFFFAOYSA-N,O=c1oc2cc(OCCN3CCC(Cc4ccccc4)CC3)ccc2c2c1CCCC2,5.09151
4065,GUPUZWRGJITBCC-UHFFFAOYSA-N,COc1cccc(CN(C)CCOc2ccc3c4c(c(=O)oc3c2)CCCC4)c1,5.22185
4066,YCPZOCGKKJAVJI-UHFFFAOYSA-N,CN(CCOc1ccc2c3c(c(=O)oc2c1)CCCC3)Cc1ccccc1,5.55284
4072,HGARWOYCHHRGRX-UHFFFAOYSA-N,COc1cc(C(C)N(C)C)cc2oc(=O)c3ccccc3c12,5.55284
4073,LIZYKHYLXJGMFT-NSHDSACASA-N,C[C@@H](c1ccc2c(c1)oc(=O)c1ccccc12)N(C)C,5.10237
4075,UDVFZVKAWAKSPH-RCCKNPSSSA-N,COc1cc2c(cc1OCCN1CCCCC1)C(=O)/C(=C/c1ccc(N(C)C)cc1)C2,6.545
4076,DBANLJZWKHSELJ-HAVVHWLPSA-N,CCN(CC)c1ccc(/C=C2\Cc3cc(OC)c(OCCN4CCCCC4)cc3C2=O)cc1,6.27051
4077,ZRXXPDPCCMADTA-XSFVSMFZSA-N,CNc1ccc(/C=C2\Cc3cc(OC)c(OCCN4CCCCC4)cc3C2=O)cc1,6.52129
4078,ZUKUWSQYNLPXOD-CJLVFECKSA-N,CCN(C)c1ccc(/C=C2\Cc3cc(OC)c(OCCN4CCCCC4)cc3C2=O)cc1,6.37059
4079,NBYRKWCXRBPLLK-HAVVHWLPSA-N,CCCN(C)c1ccc(/C=C2\Cc3cc(OC)c(OCCN4CCCCC4)cc3C2=O)cc1,6.40871
4080,KAFVKDYWFYNONU-NCELDCMTSA-N,CCCN(CCC)c1ccc(/C=C2\Cc3cc(OC)c(OCCN4CCCCC4)cc3C2=O)cc1,6.02036
4084,OYEWBWVWUDMBPW-HSEGREMKSA-N,C/C=C1\[C@H]2C=C(C)C[C@]1(NC1OCC3=C4CC(C)(C)[C@H](O)[C@H]4[C@@H](C)CCC31O)c1ccc(=O)[nH]c1C2,7.22185
4085,SJYVGYLWIJIYHJ-LIUSGKPXSA-N,C/C=C1\[C@H]2C=C(C)C[C@]1(NC1OCC3=C4CC(C)(C)C[C@H]4[C@@H](C)[C@H](O)CC31O)c1ccc(=O)[nH]c1C2,6.95861
4086,LBHVCNVTMBHJEE-BLVABZMVSA-N,C/C=C1\[C@H]2C=C(C)C[C@]1(N[C@H]1OC(=O)C3=C4CC(C)(C)C[C@H]4[C@@H](C)[C@@H](O)C[C@]31O)c1ccc(=O)[nH]c1C2,5.66354
4087,PGQLHDFYYWDJHK-GDGPFORESA-N,C/C=C1\[C@H]2C=C(C)C[C@]1(N[C@H]1OC(=O)C3=C4CC(C)(C)C[C@H]4[C@@H](C)[C@@H](O)C[C@]31OC)c1ccc(=O)[nH]c1C2,6.00436
4089,XEPUHYVPCYWYRB-UHFFFAOYSA-N,Cc1nc(C(=O)NCCCCNc2c3c(nc4ccccc24)CCCC3)cc2c1[nH]c1ccccc12,6.48812
4090,OOCKQJHRJFDPCK-UHFFFAOYSA-N,Cc1nc(C(=O)NCCCCCCNc2c3c(nc4ccccc24)CCCC3)cc2c1[nH]c1ccccc12,7.03339
4091,QWENAWZBDMGXSP-UHFFFAOYSA-N,Cc1nc(C(=O)NCCCCCCCCNc2c3c(nc4ccccc24)CCCC3)cc2c1[nH]c1ccccc12,6.81531
4092,OLKLOVAJULLISR-UHFFFAOYSA-N,O=C(NCCCCCCNc1c2c(nc3ccccc13)CCCC2)c1cc2c(cn1)[nH]c1ccccc12,7.03716
4093,WUZJRHKAIFSDMM-UHFFFAOYSA-N,CCc1nc(C(=O)NCCCCCCNc2c3c(nc4ccccc24)CCCC3)cc2c1[nH]c1ccccc12,7.00789
4094,XKKFXCKMPXLPKK-UHFFFAOYSA-N,O=C(NCCCCCCNc1c2c(nc3ccccc13)CCCC2)c1cc2c([nH]c3ccccc32)c(-c2ccccc2)n1,6.7986
4095,WKAJCZZPMZGMDI-UHFFFAOYSA-N,O=C(NCCCCCCNc1c2c(nc3ccccc13)CCCC2)c1cc2c([nH]c3ccccc32)c(-c2ccc(F)cc2)n1,6.51428
4096,ZXEXKQSBZMYPAQ-UHFFFAOYSA-N,COc1ccc(-c2nc(C(=O)NCCCCCCNc3c4c(nc5ccccc35)CCCC4)cc3c2[nH]c2ccccc23)cc1,6.82681
4097,UTSQNVLOMVPCIW-YTTGMZPUSA-N,CC(C)(C)OC(=O)N1Cc2[nH]c3ccccc3c2C[C@H]1C(=O)NCCCCCCNc1c2c(nc3ccccc13)CCCC2,6.72816
4098,LBOYVYBBAFDIGX-NDEPHWFRSA-N,O=C(NCCCCCCNc1c2c(nc3ccccc13)CCCC2)[C@@H]1Cc2c([nH]c3ccccc23)CN1,7.42843
4099,HLSFNIKGKKTOIA-TWAVRPEISA-N,CC1c2[nH]c3ccccc3c2C[C@@H](C(=O)NCCCCCCNc2c3c(nc4ccccc24)CCCC3)N1C(=O)OC(C)(C)C,6.27901
4100,HSQBZWURRKNSMR-TXMUIZFDSA-N,CC1N[C@H](C(=O)NCCCCCCNc2c3c(nc4ccccc24)CCCC3)Cc2c1[nH]c1ccccc21,6.6925
4101,SPJCDWMOZIAYNB-HKBQPEDESA-N,CC(C)(C)OC(=O)N[C@@H](Cc1c[nH]c2ccccc12)C(=O)NCCCCCCNc1c2c(nc3ccccc13)CCCC2,6.93554
4102,KADKUQSSIRPDHT-VWLOTQADSA-N,N[C@@H](Cc1c[nH]c2ccccc12)C(=O)NCCCCCCNc1c2c(nc3ccccc13)CCCC2,6.9685950000000005
4103,PVXRLGDBKZOULP-PMERELPUSA-N,CC(=O)N[C@@H](Cc1c[nH]c2ccccc12)C(=O)NCCCCCCNc1c2c(nc3ccccc13)CCCC2,6.81531
4109,RKAZYMSLCDWTKC-UHFFFAOYSA-N,COc1ccc2nc3c(c(NCCNC4=CC(=O)c5ccccc5C4=O)c2c1)CCCC3,5.59688
4110,JWBMWBOHEJZYOV-UHFFFAOYSA-N,COc1ccc2nc3c(c(NCCCNC4=CC(=O)c5ccccc5C4=O)c2c1)CCCC3,5.21112
4111,DVAUGKNGSJLBSB-UHFFFAOYSA-N,O=C1C=C(NCCNc2c3c(nc4ccccc24)CCCC3)C(=O)c2ccccc21,7.84466
4112,RTTSLBXGYIFCRM-UHFFFAOYSA-N,O=C1C=C(NCCCNc2c3c(nc4ccccc24)CCCC3)C(=O)c2ccccc21,7.27003
4113,LPKPJMVPAYGIBN-UHFFFAOYSA-N,O=C1C=C(NCCNc2c3c(nc4cc(Cl)ccc24)CCCC3)C(=O)c2ccccc21,8.71444
4114,IKGNUTZEJZTSQS-UHFFFAOYSA-N,O=C1C=C(NCCCNc2c3c(nc4cc(Cl)ccc24)CCCC3)C(=O)c2ccccc21,8.26761
4115,KXOXQEQCKPBIQE-UHFFFAOYSA-N,O=C1C(NCCNc2c3c(nc4ccccc24)CCCC3)=CC(=O)c2c(O)cccc21,7.6073
4116,KHNOMXGNYODHJW-UHFFFAOYSA-N,O=C1C(NCCCNc2c3c(nc4ccccc24)CCCC3)=CC(=O)c2c(O)cccc21,6.98716
4117,QOYHHKMVCBONOU-UHFFFAOYSA-N,O=C1C(NCCNc2c3c(nc4cc(Cl)ccc24)CCCC3)=CC(=O)c2c(O)cccc21,9.14267
4118,CRTRSIPNSJNRTM-UHFFFAOYSA-N,O=C1C(NCCCNc2c3c(nc4cc(Cl)ccc24)CCCC3)=CC(=O)c2c(O)cccc21,8.03433
4119,NUIGMEAFRDCLAO-UHFFFAOYSA-N,COc1ccc2nc3c(c(NCCNC4=CC(=O)c5c(O)cccc5C4=O)c2c1)CCCC3,6.18642
4120,JNVJRXXMPRWOIZ-UHFFFAOYSA-N,COc1ccc2nc3c(c(NCCCNC4=CC(=O)c5c(O)cccc5C4=O)c2c1)CCCC3,6.45842
4121,LQSVZGFIJMJIJV-UHFFFAOYSA-N,COc1ccc2nc3c(c(NCCNC4=C(Cl)C(=O)c5ccccc5C4=O)c2c1)CCCC3,5.86328
4122,IWUDCTOFAHCCJE-UHFFFAOYSA-N,COc1ccc2nc3c(c(NCCCNC4=C(Cl)C(=O)c5ccccc5C4=O)c2c1)CCCC3,6.09205
4123,RQRGYKWAWXKBKX-UHFFFAOYSA-N,O=C1C(Cl)=C(NCCNc2c3c(nc4cc(Cl)ccc24)CCCC3)C(=O)c2ccccc21,8.49349
4124,YIHUNKHKTCXRQL-UHFFFAOYSA-N,O=C1C(Cl)=C(NCCCNc2c3c(nc4cc(Cl)ccc24)CCCC3)C(=O)c2ccccc21,8.04866
4125,FXNPZCDRGIBCKM-UHFFFAOYSA-N,O=C1C(Cl)=C(NCCNc2c3c(nc4ccccc24)CCCC3)C(=O)c2ccccc21,7.01728
4126,UFGSUGXQTOJRGK-UHFFFAOYSA-N,O=C1C(Cl)=C(NCCCNc2c3c(nc4ccccc24)CCCC3)C(=O)c2ccccc21,7.42022
4135,FADJQYHZGWQLHV-UHFFFAOYSA-N,COc1cc2oc(-c3cccc(OCC(=O)NCCCCCCNc4c5c(nc6cc(Cl)ccc46)CCCC5)c3)cc(=O)c2c(OC)c1OC,7.48812
4136,PTARNCBWLXCSJW-UHFFFAOYSA-N,COc1cc2oc(-c3cccc(OCC(=O)NCCCCCNc4c5c(nc6cc(Cl)ccc46)CCCC5)c3)cc(=O)c2c(OC)c1OC,7.76195
4137,PGNONTQJYACCOC-UHFFFAOYSA-N,COc1cc2oc(-c3ccc(OCC(=O)NCCCCCCNc4c5c(nc6cc(Cl)ccc46)CCCC5)cc3)cc(=O)c2c(OC)c1OC,7.66555
4138,JMBDUGUBNUJHAR-UHFFFAOYSA-N,COc1cc2oc(-c3ccc(OCC(=O)NCCCCCNc4c5c(nc6cc(Cl)ccc46)CCCC5)cc3)cc(=O)c2c(OC)c1OC,8.16115
4140,RKDGVPZXUHBKCP-UHFFFAOYSA-N,CN(CCCCCN1C(=O)c2ccccc2C1=O)Cc1ccccc1,6.44249
4141,NRAFVOCZEXVTPY-UHFFFAOYSA-N,CN(CCCCCCN1C(=O)c2ccccc2C1=O)Cc1ccccc1,5.73731
4142,OBXWKSPCTDAXSW-UHFFFAOYSA-N,CN(CCCCCCCN1C(=O)c2ccccc2C1=O)Cc1ccccc1,6.0013
4143,PVVIEONXARUYJF-UHFFFAOYSA-N,CN(CCCCCCCCN1C(=O)c2ccccc2C1=O)Cc1ccccc1,6.0655
4144,BXHMIQIIMINKET-UHFFFAOYSA-N,CN(CCCCCN1C(=O)c2ccccc2C1=O)Cc1ccccc1F,6.27984
4145,UPVVEQJBLHRPNK-UHFFFAOYSA-N,CN(CCCCCCN1C(=O)c2ccccc2C1=O)Cc1ccccc1F,5.70071
4146,UWJULFQMVVBVHJ-UHFFFAOYSA-N,CN(CCCCCCCN1C(=O)c2ccccc2C1=O)Cc1ccccc1F,6.20412
4147,PMAJVHWIDLVZJM-UHFFFAOYSA-N,CN(CCCCCCCCN1C(=O)c2ccccc2C1=O)Cc1ccccc1F,6.19111
4148,OLRBSLWJRCTMHB-UHFFFAOYSA-N,CN(CCCCCN1C(=O)c2ccccc2C1=O)Cc1cccc(Cl)c1,6.27003
4149,GVMCRURDRWLCRO-UHFFFAOYSA-N,CN(CCCCCCN1C(=O)c2ccccc2C1=O)Cc1cccc(Cl)c1,5.92482
4150,YQJUFTLWDZPSER-UHFFFAOYSA-N,CN(CCCCCCCN1C(=O)c2ccccc2C1=O)Cc1cccc(Cl)c1,5.88506
4151,QWCXCJHHXFJKII-UHFFFAOYSA-N,CN(CCCCCCCCN1C(=O)c2ccccc2C1=O)Cc1cccc(Cl)c1,5.9813
4169,NBAHQYYCUNANCX-UHFFFAOYSA-N,CCOC(=O)c1cc2cc(OCCCC3CCN(Cc4ccccc4)CC3)ccc2[nH]1,5.01773
4170,RTYLHNDNHPELSN-UHFFFAOYSA-N,C=CCNCc1cc2cc(OCCCC3CCN(Cc4ccccc4)CC3)ccc2[nH]1,5.33724
4171,PVAHNJQQAFBHBW-UHFFFAOYSA-N,C#CCNCc1cc2cc(OCCCC3CCN(Cc4ccccc4)CC3)ccc2[nH]1,5.3098
4173,PXAIJXLXGTZZNP-UHFFFAOYSA-N,C#CCN(C)Cc1cc2cc(OCCCC3CCN(Cc4ccc(OC(=O)N(C)C)c5ncccc45)CC3)ccc2n1C,5.07572
4174,MENPQHDIPOYDSI-UHFFFAOYSA-N,C#CCN(C)Cc1cc2cc(OCCCC3CCN(Cc4ccccc4C)CC3)ccc2n1C,5.55284
4175,JWUFDSSCTMPGLI-UHFFFAOYSA-N,C#CCN(C)Cc1ccc(OC(=O)N(C)C)c2ncccc12,6.284
4177,HEGWZHATVPIKRD-UHFFFAOYSA-N,Cc1c(C)c2c(c(C)c1O)CCC(C)(C(=O)NCCCCCCCCCCNc1c3c(nc4ccccc14)CCCC3)O2,6.34361
4178,HELQVBTZKVKAPS-UHFFFAOYSA-N,Cc1c(C)c2c(c(C)c1O)CCC(C)(C(=O)NCCCCCCCCNc1c3c(nc4ccccc14)CCCC3)O2,6.40304
4179,GYANWDNIKGBQDN-UHFFFAOYSA-N,Cc1c(C)c2c(c(C)c1O)CCC(C)(C(=O)NCCCCCCCNc1c3c(nc4ccccc14)CCCC3)O2,6.501844999999999
4180,ATFSKIZVJOMGAR-UHFFFAOYSA-N,Cc1c(C)c2c(c(C)c1O)CCC(C)(C(=O)NCCCCCCNc1c3c(nc4ccccc14)CCCC3)O2,7.036315
4181,IDTWGEUFPVJYSJ-UHFFFAOYSA-N,Cc1c(C)c2c(c(C)c1O)CCC(C)(C(=O)NCCCCCNc1c3c(nc4ccccc14)CCCC3)O2,6.437285
4182,AGELYORQPXWSGA-UHFFFAOYSA-N,Cc1c(C)c2c(c(C)c1O)CCC(C)(C(=O)NCCCCNc1c3c(nc4ccccc14)CCCC3)O2,6.146965
4183,GYSSCMBLUIEVHL-UHFFFAOYSA-N,Cc1c(C)c2c(c(C)c1O)CCC(C)(C(=O)NCCNc1c3c(nc4ccccc14)CCCC3)O2,5.85188
4184,FTRZTHFGTILUPE-UHFFFAOYSA-N,COc1cc(N)c(Cl)cc1C(=O)CCC1CCN(CC2CCCCC2)CC1,7.49827
4186,JBHLYIVFFLNISJ-UHFFFAOYSA-N,CCCCN1CCC(CCC(=O)c2cc(Cl)c(N)cc2OC)CC1,6.39469
4187,DHFMNRHFVSQCPD-UHFFFAOYSA-N,COc1cc(N)c(Cl)cc1C(=O)CCC1CCN(CC2CC2)CC1,6.02826
4188,YKSIZFAAHBYGMG-UHFFFAOYSA-N,COc1cc(N)c(Cl)cc1C(=O)CCC1CCN(CC2CCC2)CC1,6.23882
4189,RVKSBAURRKECBI-UHFFFAOYSA-N,COc1cc(N)c(Cl)cc1C(=O)CCC1CCN(CC2CCCC2)CC1,7.16115
4190,YVCAJCVHBUZCNX-UHFFFAOYSA-N,COc1cc(N)c(Cl)cc1C(=O)CCC1CCN(CC2CCCCCC2)CC1,7.24413
4191,RUCWXMRMXGLFKN-UHFFFAOYSA-N,COc1cc(N)c(Cl)cc1C(=O)CCC1CCN(CC2CCNCC2)CC1,6.92812
4192,HBJRTZJDKYEAKF-UHFFFAOYSA-N,COc1cc(N)c(Cl)cc1C(=O)CCC1CCN(CCC2CCCCC2)CC1,6.65365
4193,FSZQXBYUVRKUIV-UHFFFAOYSA-N,COc1cc(N)c(Cl)cc1C(=O)CCC1CCN(CC2CCCCC2C)CC1,6.49349
4194,LVVYCYIWSNRYGP-UHFFFAOYSA-N,COc1cc(N)c(Cl)cc1C(=O)CCC1CCN(Cc2ccccc2)CC1,8.07058
4195,ITDACBKZDRJEOQ-UHFFFAOYSA-N,COc1cc(N)c(Cl)cc1C(=O)CCC1CCN(Cc2cccnc2)CC1,7.34679
4196,UOGHQTLYJXGECW-UHFFFAOYSA-N,COc1cc(N)c(Cl)cc1C(=O)CCC1CCN(Cc2ccncc2)CC1,6.91721
4197,AXHPQZJBCUOUAV-NJNXFGOHSA-N,COc1cc(N)c(Cl)cc1/C(CCC1CCN(CC2CCCCC2)CC1)=N/O,7.61979
4198,CSNVRKSBTKHYQD-UHFFFAOYSA-N,COc1cc(N)c(Cl)cc1C(O)CCC1CCN(CC2CCCCC2)CC1,5.98716
4199,FQTXEUSQQPBRJW-UHFFFAOYSA-N,COc1cc(N)c(Cl)cc1C(=O)OCC1CCN(CC2CCCCC2)CC1,5.56543
4200,MKJSJENRIWYKKT-PKNBQFBNSA-N,Nc1oc2ccccc2c(=O)c1/C=C1\COc2ccccc2C1=O,6.56864
4201,ZIWHGGCFHGETOI-UHFFFAOYSA-N,O=C1c2ccccc2C(=O)N1CCCCCNCc1ccccc1,6.69465
4202,OVSULVUWCMANAO-UHFFFAOYSA-N,O=C1c2ccccc2C(=O)N1CCCCCCNCc1ccccc1,5.67675
4203,AFZKLKOFXUIXAC-UHFFFAOYSA-N,O=C1c2ccccc2C(=O)N1CCCCCCCNCc1ccccc1,6.51856
4204,CBPLVCKGKVDMPI-UHFFFAOYSA-N,O=C1c2ccccc2C(=O)N1CCCCCCCCNCc1ccccc1,6.30452
4205,VUMWKZRTOJCTDT-UHFFFAOYSA-N,O=C1c2ccccc2C(=O)N1CCCCCNCc1ccccc1F,6.77469
4206,LQWYGHACJQGBFQ-UHFFFAOYSA-N,O=C1c2ccccc2C(=O)N1CCCCCCNCc1ccccc1F,6.02641
4207,ABMUIKNLWXQBLZ-UHFFFAOYSA-N,O=C1c2ccccc2C(=O)N1CCCCCCCNCc1ccccc1F,6.4828
4208,XKDPNCLQBQTTEN-UHFFFAOYSA-N,O=C1c2ccccc2C(=O)N1CCCCCCCCNCc1ccccc1F,6.2636
4209,HXEPFYKTZGQERY-UHFFFAOYSA-N,O=C1c2ccccc2C(=O)N1CCCCCNCc1ccc(F)cc1,6.57187
4210,KSCFZHJXBZDDOT-UHFFFAOYSA-N,O=C1c2ccccc2C(=O)N1CCCCCCNCc1ccc(F)cc1,5.49935
4211,UCDNIEFZLVXXCD-UHFFFAOYSA-N,O=C1c2ccccc2C(=O)N1CCCCCCCNCc1ccc(F)cc1,6.35952
4212,LMFZZLKPWAMHLC-UHFFFAOYSA-N,O=C1c2ccccc2C(=O)N1CCCCCNCc1ccc(F)cc1F,6.58838
4213,RAMACCWHONZEEF-UHFFFAOYSA-N,O=C1c2ccccc2C(=O)N1CCCCCCNCc1ccc(F)cc1F,5.79697
4214,VCMCOZQOXDBOJF-UHFFFAOYSA-N,O=C1c2ccccc2C(=O)N1CCCCCCCNCc1ccc(F)cc1F,6.41908
4215,ZCXKNMJBIIVQIS-UHFFFAOYSA-N,O=C1c2ccccc2C(=O)N1CCCCCCCCNCc1ccc(F)cc1F,6.23807
4216,KTSMPOOZTUCYQH-UHFFFAOYSA-N,O=C1c2ccccc2C(=O)N1CCCCCNCc1cccc(Cl)c1,6.79588
4217,JZLIAEXQDTVQDQ-UHFFFAOYSA-N,O=C1c2ccccc2C(=O)N1CCCCCCNCc1cccc(Cl)c1,5.69724
4218,FGKIQUDSHAMYKF-UHFFFAOYSA-N,O=C1c2ccccc2C(=O)N1CCCCCCCNCc1cccc(Cl)c1,6.18642
4219,XMMRXYIBDPVENS-UHFFFAOYSA-N,O=C1c2ccccc2C(=O)N1CCCCCCCCNCc1cccc(Cl)c1,6.16368
4222,QXXGDBDNPIPTRF-UHFFFAOYSA-N,Cc1c(C)c2ccc(OCCN3CCN(CCCNc4c5c(nc6ccccc46)CCCC5)CC3)cc2oc1=O,7.7929
4223,GDFJHAWHVPWSSH-UHFFFAOYSA-N,Cc1c(Cl)c(=O)oc2cc(OCCN3CCN(CCCNc4c5c(nc6ccccc46)CCCC5)CC3)ccc12,7.61314
4225,LHGFBGVOLWJYNC-UHFFFAOYSA-N,CCN(CCCOc1ccc(-c2cc(=O)c3c(OC)c(OC)c(OC)cc3o2)cc1)Cc1ccccc1OC,6.69897
4226,OJHNAGYEVNHLIC-UHFFFAOYSA-N,COc1cc2oc(-c3ccc(OCCCCN(C)Cc4ccccc4)cc3)cc(=O)c2c(OC)c1OC,6.02228
4227,LBEVTNNIHCJLJV-UHFFFAOYSA-N,CCN(CCCCOc1ccc(-c2cc(=O)c3c(OC)c(OC)c(OC)cc3o2)cc1)Cc1ccccc1,5.86646
4228,DJLLGHHQTWRGFO-UHFFFAOYSA-N,COc1ccccc1CN(C)CCCCOc1ccc(-c2cc(=O)c3c(OC)c(OC)c(OC)cc3o2)cc1,6.30103
4229,UZWFCPNNTSFTBG-UHFFFAOYSA-N,CCN(CCCCOc1ccc(-c2cc(=O)c3c(OC)c(OC)c(OC)cc3o2)cc1)Cc1ccccc1OC,7.09691
4230,BAAFVMSZJXOGGZ-UHFFFAOYSA-N,CCN(CCCCCCOc1ccc(-c2cc(=O)c3c(OC)c(OC)c(OC)cc3o2)cc1)Cc1ccccc1OC,6.36653
4231,TUCZTPCHFSWZTK-UHFFFAOYSA-N,CCN(CCCOc1ccc(-c2cc(=O)c3c(O)c(OC)c(OC)cc3o2)cc1)Cc1ccccc1OC,6.04576
4232,QBYCNPOCPXMJCE-UHFFFAOYSA-N,CCN(CCCCOc1ccc(-c2cc(=O)c3c(O)c(OC)c(OC)cc3o2)cc1)Cc1ccccc1OC,6.60206
4233,WXZMHKXBHLIMJU-UHFFFAOYSA-N,CCN(CCCCCCOc1ccc(-c2cc(=O)c3c(O)c(OC)c(OC)cc3o2)cc1)Cc1ccccc1OC,5.69897
4235,PVRJSOWSQUNARV-UHFFFAOYSA-N,CN1CCN(c2ccc(-c3cnc4[nH]c5cnc(C#N)cc5c4c3)cc2)CC1,7.74473
4236,DKBADOYJGAGSRI-UHFFFAOYSA-N,CN1CCN(c2cccc(-c3cnc4[nH]c5cnc(C#N)cc5c4c3)c2)CC1,5.32148
4237,PPYHOOZGDDPLKM-UHFFFAOYSA-N,N#Cc1cc2c(cn1)[nH]c1ncc(-c3ccc(CN4CCCCC4)cc3)cc12,6.47756
4238,JUFWFSABMFTGBO-CALCHBBNSA-N,C[C@@H]1CCC[C@H](C)N1Cc1ccc(-c2cnc3[nH]c4cnc(C#N)cc4c3c2)cc1,6.86967
4239,WWFGJJXAAWQFJQ-CALCHBBNSA-N,C[C@@H]1C[C@H](C)CN(Cc2ccc(-c3cnc4[nH]c5cnc(C#N)cc5c4c3)cc2)C1,5.38722
4240,KOGFSINKMHAXKX-UHFFFAOYSA-N,CC1(C)CCCN(Cc2ccc(-c3cnc4[nH]c5cnc(C#N)cc5c4c3)cc2)C1,5.47756
4241,ULFLYJAOFSSHLR-UHFFFAOYSA-N,CC1(C)CCN(Cc2ccc(-c3cnc4[nH]c5cnc(C#N)cc5c4c3)cc2)CC1,7.95861
4242,SQRYUJGAQGHMFN-UHFFFAOYSA-N,CC(C)(c1ccc(-c2cnc3[nH]c4cnc(C#N)cc4c3c2)cc1)N1CCCCC1,6.29499
4243,LSYSMDIKAFQRRE-UHFFFAOYSA-N,N#Cc1cc2c(cn1)[nH]c1ncc(-c3ccc(CN4CCC(O)CC4)cc3)cc12,6.42251
4244,IXIKZBWGIPPSBJ-LJQANCHMSA-N,N#Cc1cc2c(cn1)[nH]c1ncc(-c3ccc(CN4CCC[C@@H](O)C4)cc3)cc12,6.14997
4245,TUYLVERIWIAINX-UHFFFAOYSA-N,N#Cc1cc2c(cn1)[nH]c1ncc(-c3ccc(CN4CCC(F)CC4)cc3)cc12,6.05061
4246,JSXCSUSMRGBMGM-UHFFFAOYSA-N,N#Cc1cc2c(cn1)[nH]c1ncc(-c3ccc(CN4CCC(C#N)CC4)cc3)cc12,5.57025
4248,RWFYAMVEFZZVDS-UHFFFAOYSA-N,N#Cc1cc2c(cn1)[nH]c1ncc(-c3ccc(CN4CCC5(CC4)COC5)cc3)cc12,5.61618
4249,BOIVMJXJOVNQQN-UHFFFAOYSA-N,N#Cc1cc2c(cn1)[nH]c1ncc(-c3ccc(CN4CCCCC4)nc3)cc12,6.72816
4250,MBPIPVLDYQCJKR-UHFFFAOYSA-N,N#Cc1cc2c(cn1)[nH]c1ncc(-c3nc(CN4CCCCC4)cs3)cc12,7.74473
4251,XWNUTLMQEJHZAD-UHFFFAOYSA-N,CCN1CCc2cc(-c3cnc4[nH]c5cnc(C#N)cc5c4c3)ccc2C1,6.79588
4252,GCSYCHSHITWPIH-UHFFFAOYSA-N,CCN1CCc2sc(-c3cnc4[nH]c5cnc(C#N)cc5c4c3)cc2C1,6.5867
4253,CJNHSOPFLMXKDT-UHFFFAOYSA-N,NC(=O)c1cc2c(cn1)[nH]c1ncc(-c3ccc(CN4CCCCC4)cc3)cc12,6.66354
4254,HFRNGSUSVIONOS-UHFFFAOYSA-N,c1ncc(-c2cc3c(cn2)[nH]c2ncc(-c4ccc(CN5CCCCC5)cc4)cc23)o1,6.4908
4255,FQUTYOZUGJMHGR-UHFFFAOYSA-N,c1ncc(-c2cc3c(cn2)[nH]c2ncc(-c4ccc(CN5CCCCC5)cc4)cc23)s1,6.30452
4256,HKQUHJFCVOBXLG-UHFFFAOYSA-N,c1nnc(-c2cc3c(cn2)[nH]c2ncc(-c4ccc(CN5CCCCC5)cc4)cc23)o1,6.34679
4257,OLGDXFNGTFBOPC-UHFFFAOYSA-N,c1cc(-c2cnc3[nH]c4cnc(-c5cnoc5)cc4c3c2)ccc1CN1CCCCC1,6.18111
4258,PAGGEPNXUBSPSP-UHFFFAOYSA-N,Cn1cc(-c2cc3c(cn2)[nH]c2ncc(-c4ccc(CN5CCCCC5)cc4)cc23)cn1,6.05849
4259,MJGVCCPVNPTNCM-UHFFFAOYSA-N,c1cncc(-c2cc3c(cn2)[nH]c2ncc(-c4ccc(CN5CCCCC5)cc4)cc23)c1,6.30715
4260,IANXMZMJBKUVLQ-UHFFFAOYSA-N,c1cc(-c2cc3c(cn2)[nH]c2ncc(-c4ccc(CN5CCCCC5)cc4)cc23)ccn1,6.10958
4261,GXRLPTHGYBPIDP-UHFFFAOYSA-N,c1cnc(-c2cc3c(cn2)[nH]c2ncc(-c4ccc(CN5CCCCC5)cc4)cc23)cn1,5.91614
4262,OIMVBDJSADQAOA-UHFFFAOYSA-N,c1cc(-c2cc3c(cn2)[nH]c2ncc(-c4ccc(CN5CCCCC5)cc4)cc23)cnn1,5.98422
4263,CJPWVSWHUPXWHU-UHFFFAOYSA-N,c1ncc(-c2cc3c(cn2)[nH]c2ncc(-c4ccc(CN5CCCCC5)cc4)cc23)cn1,6.57512
4264,QFDCMSGQKRHGOR-XVUQMAPESA-N,C/C(=C\C[C@]12C[C@H]3C[C@@H]4C(C)(C)CC[C@@]4(C1=O)C(=O)[C@](C(=O)c1ccccc1)(C2=O)C3(C)C)CC/C=C/C(C)C,5.00877
4268,QKWIPFQYVMSHKA-UHFFFAOYSA-N,Cc1ccc2[nH]c3c(c2c1)CN(CCCCCCN1CCc2[nH]c4ccc(C)cc4c2C1)CC3,6.72125
4269,ZMZBWNJJOIXGAL-UHFFFAOYSA-N,Cc1ccc2[nH]c3c(c2c1)CN(CCCCCCCN1CCc2[nH]c4ccc(C)cc4c2C1)CC3,6.16115
4271,OWEZYYQDVVGJQA-UHFFFAOYSA-N,O=C(Cc1ccccc1Nc1c(Cl)cccc1Cl)NCCCNCCCNC1=CC(=O)C(NCCCNCCCNC(=O)Cc2ccccc2Nc2c(Cl)cccc2Cl)=CC1=O,6.22185
4272,HMYXFGCACVUUCG-UHFFFAOYSA-N,Cc1c(C)c2ccc(OCCCN(C)Cc3ccccc3)cc2oc1=O,6.0
4273,RNIDTYKTGPWKIQ-UHFFFAOYSA-N,Cc1c(C)c2ccc(OCCCCN(C)Cc3ccccc3)cc2oc1=O,6.10237
4274,RRFSDOVSDCRXPJ-UHFFFAOYSA-N,Cc1c(C)c2ccc(OCCCCCNCc3ccccc3)cc2oc1=O,6.52288
4275,QGRBYVLSFDOHSR-UHFFFAOYSA-N,Cc1c(C)c2ccc(OCCCCCCN(C)Cc3ccccc3)cc2oc1=O,6.46852
4276,GAUIJIDPRCXNSO-UHFFFAOYSA-N,CCN(CCCCCCOc1ccc2c(C)c(C)c(=O)oc2c1)Cc1ccccc1,6.35655
4277,XOSFOGCCJRNZJO-UHFFFAOYSA-N,CN(Cc1ccccc1)Cc1ccc(COc2ccc3ccc(=O)oc3c2)cc1,6.02228
4278,JPFNCVVRUHCNQD-UHFFFAOYSA-N,Cc1cc2ccc(OCc3ccc(CN(C)Cc4ccccc4)cc3)cc2oc1=O,6.30103
4279,AJZDLFNDVKQVQQ-UHFFFAOYSA-N,Cc1cc(=O)oc2cc(OCc3ccc(CN(C)Cc4ccccc4)cc3)ccc12,6.04096
4280,GUHZCGGDBZLQMV-UHFFFAOYSA-N,Cc1c(C)c2ccc(OCc3ccc(CN(C)Cc4ccccc4)cc3)cc2oc1=O,6.34679
4281,LIDNNYGFJAQHNA-UHFFFAOYSA-N,Cc1cc(=O)oc2cc(OCc3ccc(CN(C)Cc4cccc(Cl)c4)cc3)ccc12,6.0
4282,FEIPXUMDFMNVDT-UHFFFAOYSA-N,CN(Cc1ccc(C#N)cc1)Cc1ccc(COc2ccc3ccc(=O)oc3c2)cc1,5.22185
4283,NZRYFIHNIMWLPT-UHFFFAOYSA-N,Cc1cc(=O)oc2cc(OCc3ccc(CN(C)Cc4ccc(C#N)cc4)cc3)ccc12,5.07058
4284,NMWXKURCQUCURF-UHFFFAOYSA-N,Cc1c(C)c2ccc(OCc3ccc(CN(C)Cc4ccc(C#N)cc4)cc3)cc2oc1=O,5.40894
4285,RTJRBYKZQSYWCM-UHFFFAOYSA-N,CN(Cc1ccccc1)Cc1ccc(COc2ccc3c(CO)cc(=O)oc3c2)cc1,6.92082
4286,KOZYQJMZXSBJNF-UHFFFAOYSA-N,CN(Cc1ccc(COc2ccc3c(CO)cc(=O)oc3c2)cc1)Cc1cccc(Cl)c1,6.48149
4287,NEDWFNNKVTXYON-UHFFFAOYSA-N,CN(Cc1ccccc1)Cc1ccc(COc2ccc3ccc(=O)[nH]c3c2)cc1,5.82391
4291,NBJOSEVZMRGBSS-WNRWCFFQSA-N,COc1ccc(C(=O)O[C@H]2CC[C@@]3(C)[C@@H](CC[C@@]4(C)C[C@@]5(O)[C@H](CC[C@@H]43)[C@@]3(C)CC[C@@H](O)C(C)(C)[C@@H]3C[C@@H]5O)[C@@]2(C)C(=O)O)cc1O,5.00087
4292,XCPGTDNRNMDRGQ-HYOWRBRKSA-N,CC(=O)O[C@H]1CC[C@@]2(C)[C@@H](CC[C@@]3(C)C[C@@]4(O)CC[C@H]5C(C)(C)[C@@H](OC(C)=O)CC[C@]5(C)[C@H]4CC[C@@H]32)C1(C)C,6.04096
4293,ZBQYGDWMJWSCCD-JIJPZTSSSA-N,C[C@@]12CC[C@@H]3[C@](C)(CC[C@H](OC(=O)CCc4ccc(O)cc4)[C@]3(C)C(=O)O)[C@H]1CC[C@H]1C(=CC[C@@H]3[C@]1(C)CC[C@@H](O)[C@]3(C)CO)C2,5.77211
4301,LQLIXKNTFAWRFM-CXJQTXMHSA-N,CCCC[C@@H](O)/C=C/C=C/C(=O)O,6.65758
4303,DYCJEZBPGBQOFM-UHFFFAOYSA-N,COc1ccc(C(C)NS(=O)(=O)NC(=O)OCc2ccccc2)cc1OC,10.57106
4304,GIRLQTWFPQINCE-UHFFFAOYSA-N,COc1ccc(C(C)NS(=O)(=O)NC(=O)OCc2ccccc2)cc1,10.57106
4305,NHOVAZHAWHJCSY-UHFFFAOYSA-N,COc1ccccc1C(C)NS(=O)(=O)NC(=O)OCc1ccccc1,10.57106
4306,FCENVZQUPSLBLT-UHFFFAOYSA-N,COc1ccc(OC)c(C(C)NS(=O)(=O)NC(=O)OCc2ccccc2)c1,10.57106
4307,DSRVEVDNVDPNPP-UHFFFAOYSA-N,COc1cccc(OC)c1C(C)NS(=O)(=O)NC(=O)OCc1ccccc1,10.57106
4308,QJHWFMNMXCDMAQ-UHFFFAOYSA-N,COc1ccccc1C(C)NS(N)(=O)=O,10.57106
4309,DTGVYWWRVPBJJU-UHFFFAOYSA-N,COc1ccc(C(C)NS(N)(=O)=O)cc1,10.57106
4310,XRTLNGOFVMCPQN-UHFFFAOYSA-N,COc1ccc(C(C)NS(N)(=O)=O)cc1OC,10.57106
4311,JRGRJSIDGMYVHG-UHFFFAOYSA-N,COc1ccc(OC)c(C(C)NS(N)(=O)=O)c1,10.57106
4312,RBVJRDMAESBZSC-UHFFFAOYSA-N,COc1cccc(OC)c1C(C)NS(N)(=O)=O,10.57106
4320,PNELRAOCEOQJMK-HXPUERGNSA-N,CN(Cc1ccccc1)Cc1ccc(/C=C2\CCc3cc(OCCCCCN4CCN(Cc5ccc(F)cc5)CC4)ccc3C2=O)cc1,5.10624
4350,VIHQGHFBJQEGJJ-IGYGKHONSA-N,CCOC(=O)C1=C(Nc2ccccc2)C[C@@H](c2ccccc2)N(c2ccccc2)[C@@H]1c1ccccc1,5.53
4351,VJWVYCGBFCLUBC-MFMCTBQISA-N,COC(=O)C1=C(Nc2ccccc2)C[C@@H](c2ccccc2)N(c2ccccc2)[C@@H]1c1ccccc1,5.186
4352,NXHUUWUYXXHDSP-XDFJSJKPSA-N,COC(=O)C1=C(Nc2ccccc2)C[C@@H](c2ccc(C)cc2)N(c2ccccc2)[C@@H]1c1ccc(C)cc1,5.242
4353,NBVXLYNBQKTYAQ-CQTOTRCISA-N,CCOC(=O)C1=C(Nc2ccccc2)C[C@@H](c2ccc(C)cc2)N(c2ccccc2)[C@@H]1c1ccc(C)cc1,5.253
4354,XEXQUOKGOOZPEB-UZNNEEJFSA-N,COC(=O)C1=C(Nc2ccc(C)cc2)C[C@@H](c2ccc(C)cc2)N(c2ccc(C)cc2)[C@@H]1c1ccc(C)cc1,5.169
4355,BKQAIFRKWCWTHE-XDFJSJKPSA-N,COC(=O)C1=C(Nc2ccc(Br)cc2)C[C@@H](c2ccc(C)cc2)N(c2ccc(Br)cc2)[C@@H]1c1ccc(C)cc1,5.606
4356,QRDCGTOOMUGVPA-XDFJSJKPSA-N,COC(=O)C1=C(Nc2ccc(Cl)cc2)C[C@@H](c2ccc(C)cc2)N(c2ccc(Cl)cc2)[C@@H]1c1ccc(C)cc1,5.668
4357,UNNOJENDCNIITC-UZNNEEJFSA-N,COC(=O)C1=C(Nc2ccc(OC)cc2)C[C@@H](c2ccc(C)cc2)N(c2ccc(OC)cc2)[C@@H]1c1ccc(C)cc1,5.234
4358,OGFMGNOQSFFHKP-QWOOXDRHSA-N,CCOC(=O)C1=C(Nc2ccc(OC)cc2)C[C@@H](c2ccc(C)cc2)N(c2ccc(OC)cc2)[C@@H]1c1ccc(C)cc1,5.303
4359,JKNRDZFBYLLNGC-CQTOTRCISA-N,CCOC(=O)C1=C(Nc2ccc(OC)cc2)C[C@@H](c2ccccc2)N(c2ccc(OC)cc2)[C@@H]1c1ccccc1,5.648
4360,YYTSRURMYPFAIZ-IGYGKHONSA-N,CCOC(=O)C1=C(Nc2ccc(Cl)cc2)C[C@@H](c2ccccc2)N(c2ccc(Cl)cc2)[C@@H]1c1ccccc1,5.337
4361,KOYOWUYGCUEITP-CQTOTRCISA-N,CCOC(=O)C1=C(Nc2ccc(C)cc2)C[C@@H](c2ccccc2)N(c2ccc(C)cc2)[C@@H]1c1ccccc1,5.286
4363,VNIABXFLSKCNND-IGYGKHONSA-N,CCOC(=O)C1=C(Nc2ccc(F)cc2)C[C@@H](c2ccc(Cl)cc2)N(c2ccc(F)cc2)[C@@H]1c1ccc(Cl)cc1,6.26
4364,WLDRMSCXKLUZKZ-IGYGKHONSA-N,CCOC(=O)C1=C(Nc2ccccc2)C[C@@H](c2ccc(F)cc2)N(c2ccccc2)[C@@H]1c1ccc(F)cc1,6.409
4365,OYYNUOXEKAUSGR-MFMCTBQISA-N,COC(=O)C1=C(Nc2ccc(F)cc2)C[C@@H](c2ccc(F)cc2)N(c2ccc(F)cc2)[C@@H]1c1ccc(F)cc1,5.495
4366,NKNFICSDYLYWRK-MFMCTBQISA-N,COC(=O)C1=C(Nc2ccc(Cl)cc2)C[C@@H](c2ccc(F)cc2)N(c2ccc(Cl)cc2)[C@@H]1c1ccc(F)cc1,6.149
4367,NYVFGIAVIORZTJ-XDFJSJKPSA-N,CC(C)(C)OC(=O)C1=C(Nc2ccccc2)C[C@@H](c2ccccc2)N(c2ccccc2)[C@@H]1c1ccccc1,5.554
4368,NANGDLPJMIPVNK-MFMCTBQISA-N,COC(=O)C1=C(Nc2ccccc2)C[C@@H](c2ccc(Cl)cc2)N(c2ccccc2)[C@@H]1c1ccc(Cl)cc1,6.056
4369,YGFNKCHRZYXYFR-CQTOTRCISA-N,CCOC(=O)C1=C(Nc2ccc(C)cc2)C[C@@H](c2ccc(Cl)cc2)N(c2ccc(C)cc2)[C@@H]1c1ccc(Cl)cc1,5.268
4370,BKWIEBMTFUKWGR-MFMCTBQISA-N,COC(=O)C1=C(Nc2ccc(Br)cc2)C[C@@H](c2ccc(Cl)cc2)N(c2ccc(Br)cc2)[C@@H]1c1ccc(Cl)cc1,6.056
4371,OLHQFUFHPLFADP-XDFJSJKPSA-N,COC(=O)C1=C(Nc2ccc(Br)cc2)C[C@@H](c2ccc(OC)cc2)N(c2ccc(Br)cc2)[C@@H]1c1ccc(OC)cc1,5.666
4372,UXNRTEBKIODWKU-CQTOTRCISA-N,CCOC(=O)C1=C(Nc2ccc(Cl)cc2)C[C@@H](c2ccc(OC)cc2)N(c2ccc(Cl)cc2)[C@@H]1c1ccc(OC)cc1,6.42
4373,WHCYDQYHFUAGFI-XYFQYJLHSA-N,COC(=O)C1=C(Nc2ccccc2)C[C@@H](c2ccc3c(c2)OCO3)N(c2ccccc2)[C@@H]1c1ccc2c(c1)OCO2,6.292
4374,VBPYUDBSLYCEMA-UHFFFAOYSA-N,CC1=CC2Cc3nc4cc(Cl)ccc4c(NCCCCCCCCCCCCNc4c5c(nc6ccccc46)CCCC5)c3C(C1)C2,8.7167
4375,GLKLHBYBAWHWTF-UHFFFAOYSA-N,CC1=CC2Cc3nc4cc(Cl)ccc4c(NCCCCCCCCCCCCNc4c5c(nc6cc(Cl)ccc46)CCCC5)c3C(C1)C2,8.46092
4376,IZRQAXRTZHGAMX-UHFFFAOYSA-N,CC1=CC2Cc3nc4ccccc4c(NCCCCCCCCCCNc4c5c(nc6ccccc46)CCCC5)c3C(C1)C2,8.18977
4377,CRKNHUIAVMQCOT-UHFFFAOYSA-N,CC1=CC2Cc3nc4ccccc4c(NCCCCCCCCCCCCNc4c5c(nc6ccccc46)CCCC5)c3C(C1)C2,7.99568
4378,HJOZPGZWSXZPTB-UHFFFAOYSA-N,CC1=CC2Cc3nc4ccccc4c(NCCCCCCCCCCNc4c5c(nc6cc(Cl)ccc46)CCCC5)c3C(C1)C2,8.82974
4379,PBJAAJDBUSKJEX-UHFFFAOYSA-N,CC1=CC2Cc3nc4ccccc4c(NCCCCCCCCCCCCNc4c5c(nc6cc(Cl)ccc46)CCCC5)c3C(C1)C2,8.43652
4392,AFYLKUNLQWZPOJ-MHZLTWQESA-N,CN(C)CCC[C@@]1(c2ccc(F)cc2)OCc2cc(-c3nnc(-c4ccc(Cl)cc4)[nH]3)ccc21,5.17328
4395,UODQXXGSEDHXMT-NDEPHWFRSA-N,Cc1ccccc1-c1nnc(-c2ccc3c(c2)CO[C@@]3(CCCN(C)C)c2ccc(F)cc2)[nH]1,5.02136
4402,AYRWSXQHHKEJAX-UHFFFAOYSA-N,CN(C)c1ccc(C(=O)NCCNc2c3c(nc4ccccc24)CCCC3)cc1,6.84771
4403,ZXJUUZJTUXQSKP-UHFFFAOYSA-N,CN(C)c1ccc(C(=O)NCCCNc2c3c(nc4ccccc24)CCCC3)cc1,7.72125
4404,SCGXOMNFUQVBHO-UHFFFAOYSA-N,CN(C)c1ccc(C(=O)NCCCCNc2c3c(nc4ccccc24)CCCC3)cc1,6.53018
4405,ZVCOASYDHWBGID-UHFFFAOYSA-N,CN(C)c1ccc(C(=O)NCCCCCNc2c3c(nc4ccccc24)CCCC3)cc1,6.44733
4406,ZENOVZNHBUXHDC-UHFFFAOYSA-N,CN(C)c1ccc(C(=O)NCCCCCCNc2c3c(nc4ccccc24)CCCC3)cc1,7.19382
4407,CUJOBVKOTOAWII-UHFFFAOYSA-N,CN(C)c1ccc(C(=O)NCCCCCCCNc2c3c(nc4ccccc24)CCCC3)cc1,7.12494
4408,KPPXCNYBUBDEEX-UHFFFAOYSA-N,CN(C)c1ccc(C(=O)NCCCCCCCCNc2c3c(nc4ccccc24)CCCC3)cc1,7.11351
4409,LWSFBXYLKVTYIM-UHFFFAOYSA-N,CN(C)c1ccc(C(=O)NCCCCCCCCCNc2c3c(nc4ccccc24)CCCC3)cc1,6.90309
4415,DZSLVRSYGSLEGV-UHFFFAOYSA-N,CC[N+]1(Cc2ccccc2[N+](=O)[O-])CCCCCn2c(C)c3c(=O)n(c2=O)CCCCC[N+](CC)(Cc2ccccc2[N+](=O)[O-])CCCCCn2c(C)c(c(=O)n(c2=O)CCCCC1)C3,5.39794
4416,BIQKMKLWZZWWMJ-UHFFFAOYSA-N,CC[N+]1(Cc2ccccc2[N+](=O)[O-])CCCCCn2c(C)cc(=O)n(c2=O)CCCCC[N+](CC)(Cc2ccccc2[N+](=O)[O-])CCCCCn2c(=O)cc(C)n(c2=O)CCCCC1,6.88606
4417,HTSMDVRAOTZYSQ-UHFFFAOYSA-N,CC[N+]1(Cc2ccccc2[N+](=O)[O-])CCCCCn2c(C)cc(=O)n(c2=O)CCCCC[N+](CC)(Cc2ccccc2[N+](=O)[O-])Cc2ccc(cc2)C1,8.1549
4418,XRMMDZSSROXOHT-UHFFFAOYSA-N,CC[N+]1(Cc2ccccc2[N+](=O)[O-])CCCCCC[N+](CC)(Cc2ccccc2[N+](=O)[O-])CCCCCn2c(=O)cc(C)n(c2=O)CCCCC1,7.22915
4419,WLTAFWKKNBLBHO-UHFFFAOYSA-N,CC[N+](CC)(CCCCCn1c(C)cc(=O)n(CCCCC[N+](CC)(CC)Cc2ccccc2[N+](=O)[O-])c1=O)Cc1ccccc1[N+](=O)[O-],9.85387
4420,OMWCMVDBFIANLH-UHFFFAOYSA-N,CCC(CC)n1cc(C(=O)C(F)F)cn1,7.497035
4421,QYQDDTYKNXOHKG-UHFFFAOYSA-N,CCCC(C)n1cc(C(=O)C(F)F)cn1,6.814075
4422,KIPNKBSUTXPLGR-UHFFFAOYSA-N,CCC(C)n1cc(C(=O)C(F)F)cn1,7.01231
4423,FFMMFXZONQYESO-UHFFFAOYSA-N,CC(C)n1cc(C(=O)C(F)F)cn1,6.078405
4424,ACIBUVSZJSBTER-UHFFFAOYSA-N,CC(C)(C)c1cccc(C(=O)C(F)F)c1,8.139610000000001
4425,OUPUWBKBRTXEIM-UHFFFAOYSA-N,CC(C)Cn1cc(C(=O)C(F)(F)F)cn1,6.19859
4426,VSAZMHWIUAZWGB-UHFFFAOYSA-N,O=C(c1cnn(C2CCCC2)c1)C(F)(F)F,8.24898
4427,YYGHBQVPXHKCRO-UHFFFAOYSA-N,CCC(CC)n1cc(C(=O)C(F)(F)F)cn1,8.533815
4428,QWJQWXDSWXGISZ-UHFFFAOYSA-N,CCCC(C)n1cc(C(=O)C(F)(F)F)cn1,8.11148
4429,GIGJIIJGHXYZQW-UHFFFAOYSA-N,CCC(C)n1cc(C(=O)C(F)(F)F)cn1,8.121324999999999
4430,JAVDJDQEDRNTQR-UHFFFAOYSA-N,CC(C)n1cc(C(=O)C(F)(F)F)cn1,7.013954999999999
4431,XAZQUPBUJONHAF-UHFFFAOYSA-N,CC(C)(C)c1cccc(C(=O)C(F)(F)F)c1,8.068340000000001
4432,GAPOASFZXBWUGS-UHFFFAOYSA-N,C[Si](C)(C)c1cccc(C(=O)C(F)(F)F)c1,6.78857
4433,OEBRKCOSUFCWJD-UHFFFAOYSA-N,COP(=O)(OC)OC=C(Cl)Cl,5.91956
4434,ISRUGXGCCGIOQO-UHFFFAOYSA-N,CNC(=O)Oc1ccccc1OC(C)C,5.93371
4437,GQBFKBBDGKNSLK-UHFFFAOYSA-N,CC(C)(C)c1cccc(C(=O)CF)c1,6.191879999999999
4438,SJSTZEWGUCLUTP-UHFFFAOYSA-N,CC(C)Cn1cc(C(=O)C(F)F)cn1,5.00966
4439,LCJHAMFHXGMYLX-UHFFFAOYSA-N,O=C(c1cnn(C2CCCC2)c1)C(F)F,6.6472750000000005
4449,IUCANLAVDXMGCM-UHFFFAOYSA-N,O=C(CF)c1cnn(C2CCCC2)c1,5.742395
4450,NWHBKNONEOGQEO-UHFFFAOYSA-N,CCC(CC)n1cc(C(=O)CF)cn1,5.280685
4470,POYGDFGWFNUJTP-UHFFFAOYSA-O,O=C(NCCc1c[nH]c2ccccc12)c1cc[n+](Cc2ccccc2)cc1,5.37675
4471,QYWAWICPVJULDS-UHFFFAOYSA-O,O=C(NCCc1c[nH]c2ccccc12)c1cc[n+](Cc2ccccc2F)cc1,5.49485
4472,MDLWLYHQPBQWFO-UHFFFAOYSA-O,O=C(NCCc1c[nH]c2ccccc12)c1cc[n+](Cc2cccc(F)c2)cc1,5.40894
4473,ICUGREZPKCKXFF-UHFFFAOYSA-O,O=C(NCCc1c[nH]c2ccccc12)c1cc[n+](Cc2ccc(F)cc2)cc1,5.46852
4474,SRZVTLOAZSAJRJ-UHFFFAOYSA-O,Cc1cccc(C[n+]2ccc(C(=O)NCCc3c[nH]c4ccccc34)cc2)c1,5.56864
4475,YWXDWURUBMGRIF-UHFFFAOYSA-O,Cc1ccc(C[n+]2ccc(C(=O)NCCc3c[nH]c4ccccc34)cc2)cc1,5.24413
4477,LUUAGTRYWAFYQI-UHFFFAOYSA-O,COc1ccc2[nH]cc(CCNC(=O)c3cc[n+](Cc4ccccc4F)cc3)c2c1,5.48149
4478,WYPOTYDAEGSEFA-UHFFFAOYSA-O,COc1ccc2[nH]cc(CCNC(=O)c3cc[n+](Cc4cccc(F)c4)cc3)c2c1,5.42022
4479,URBXWDLHACBZLA-UHFFFAOYSA-O,COc1ccc2[nH]cc(CCNC(=O)c3cc[n+](Cc4ccc(F)cc4)cc3)c2c1,5.29243
4480,TWXCFTFNVPGKKH-UHFFFAOYSA-O,COc1ccc2[nH]cc(CCNC(=O)c3cc[n+](Cc4ccc(OC(=O)N(C)C)cc4)cc3)c2c1,5.88606
4481,WRQXZMWDSMWNLN-RMKNXTFCSA-O,COc1ccc2[nH]cc(CCNC(=O)/C=C/c3cc[n+](Cc4ccccc4F)cc3)c2c1,6.58503
4482,HZYMIOCWOBIPFO-VMPITWQZSA-O,COc1ccc2[nH]cc(CCNC(=O)/C=C/c3cc[n+](Cc4cccc(F)c4)cc3)c2c1,6.95861
4483,MUDAHBDFKMPCDS-RUDMXATFSA-O,COc1ccc2[nH]cc(CCNC(=O)/C=C/c3cc[n+](Cc4ccc(F)cc4)cc3)c2c1,6.67778
4484,CQFNFESVGNSYPU-UHFFFAOYSA-O,COc1ccc2[nH]cc(CCNC(=O)CCc3cc[n+](Cc4ccccc4F)cc3)c2c1,6.27572
4485,WCJWNPHMFIVHJI-UHFFFAOYSA-O,COc1ccc2[nH]cc(CCNC(=O)CCc3cc[n+](Cc4cccc(F)c4)cc3)c2c1,6.35655
4486,JVEWFCQGVVKAPN-UHFFFAOYSA-O,COc1ccc2[nH]cc(CCNC(=O)CCc3cc[n+](Cc4ccc(F)cc4)cc3)c2c1,6.23657
4492,FTTNXWIFPFEOQT-JUDWXZBOSA-N,COc1cc(-c2cc3c(c(=O)o2)C[C@]2(O)[C@@]4(C)C(=O)C=CC(C)(C)[C@]4(O)CC[C@@]2(C)O3)cc(OC)c1O,8.16749
4498,LHKWCVMCNOROFZ-MCPFUKIPSA-N,COc1ccc(-c2cc3c(c(=O)o2)C[C@]2(O)[C@@]4(C)CC[C@@H](OC(C)=O)C(C)(C)[C@]4(O)CC[C@@]2(C)O3)cc1,5.45593
4499,XKDGQMPLQPRTCS-HHPVDLARSA-N,COc1ccc(-c2cc3c(c(=O)o2)C[C@H]2[C@@](C)(CC[C@@]4(O)C(C)(C)C(=O)CC[C@]24C)O3)cc1,5.60206
4503,LVWDYJONVHLIIF-UHFFFAOYSA-N,COc1ccc2nc3c(c(NCCNC(=O)C4(C)CCc5c(C)c(O)c(C)c(C)c5O4)c2c1)CCCC3,5.36051
4504,JMDGGQINMCLMOO-UHFFFAOYSA-N,COc1ccc2nc3c(c(NCCCNC(=O)C4(C)CCc5c(C)c(O)c(C)c(C)c5O4)c2c1)CCCC3,5.81248
4505,MGRHULYUJRQSQW-UHFFFAOYSA-N,COc1ccc2nc3c(c(NCCCCNC(=O)C4(C)CCc5c(C)c(O)c(C)c(C)c5O4)c2c1)CCCC3,5.14206
4507,VVKDAPKAJJSSNM-UHFFFAOYSA-N,COc1ccc2nc3c(c(NCCCCCCNC(=O)C4(C)CCc5c(C)c(O)c(C)c(C)c5O4)c2c1)CCCC3,5.1798
4508,LVNDSHVRALPGHL-UHFFFAOYSA-N,COc1ccc2nc3c(c(NCCCCCCCNC(=O)C4(C)CCc5c(C)c(O)c(C)c(C)c5O4)c2c1)CCCC3,5.17263
4509,CSLMOZNRVLKZJP-UHFFFAOYSA-N,COc1ccc2nc3c(c(NCCCCCCCCNC(=O)C4(C)CCc5c(C)c(O)c(C)c(C)c5O4)c2c1)CCCC3,5.45842
4511,CYPPDOFLICANMU-UHFFFAOYSA-N,Cc1c(C)c2c(c(C)c1O)CCC(C)(C(=O)NCCCNc1c3c(nc4ccccc14)CCCC3)O2,6.58503
4517,KSTZJULPHDWERN-UHFFFAOYSA-N,Cc1c(C)c2c(c(C)c1O)CCC(C)(C(=O)NCCNc1c3c(nc4cc(Cl)ccc14)CCCC3)O2,6.67778
4518,UORVVOCXCLCVTI-UHFFFAOYSA-N,Cc1c(C)c2c(c(C)c1O)CCC(C)(C(=O)NCCCNc1c3c(nc4cc(Cl)ccc14)CCCC3)O2,7.09691
4519,DUACEZNSYNKOQI-UHFFFAOYSA-N,Cc1c(C)c2c(c(C)c1O)CCC(C)(C(=O)NCCCCNc1c3c(nc4cc(Cl)ccc14)CCCC3)O2,6.82391
4520,UGEBTJZBDCKUJD-UHFFFAOYSA-N,Cc1c(C)c2c(c(C)c1O)CCC(C)(C(=O)NCCCCCNc1c3c(nc4cc(Cl)ccc14)CCCC3)O2,6.92082
4521,LQLZUORNIXSABC-UHFFFAOYSA-N,Cc1c(C)c2c(c(C)c1O)CCC(C)(C(=O)NCCCCCCNc1c3c(nc4cc(Cl)ccc14)CCCC3)O2,7.0
4522,CFKPVXGCGGKCOM-UHFFFAOYSA-N,Cc1c(C)c2c(c(C)c1O)CCC(C)(C(=O)NCCCCCCCNc1c3c(nc4cc(Cl)ccc14)CCCC3)O2,7.09691
4523,MATYDNFWBAVIBC-UHFFFAOYSA-N,Cc1c(C)c2c(c(C)c1O)CCC(C)(C(=O)NCCCCCCCCNc1c3c(nc4cc(Cl)ccc14)CCCC3)O2,7.09691
4525,APQPVVOYBLOJDY-UHFFFAOYSA-N,COc1ccc2nc3c(c(N)c2c1)CCCC3,5.0
4528,JUBDOIQNUNJQNE-UHFFFAOYSA-N,CC(=O)NCCc1c[nH]c2ccc(OC(=O)NCCCCCCCCCCCCNc3c4c(nc5ccc(Cl)cc35)CCCC4)cc12,8.1549
4529,JTODDVDFMYBPGG-UHFFFAOYSA-N,CC(=O)NCCc1c[nH]c2ccc(OC(=O)NCCCCCCNc3c4c(nc5ccccc35)CCCC4)cc12,6.74865
4530,CPSSIDMPFSBMRO-UHFFFAOYSA-N,CC(=O)NCCc1c[nH]c2ccc(OC(=O)NCCCCCCCCCCCCNc3c4c(nc5ccccc35)CCCC4)cc12,8.42022
4531,HMTBXSCYSXEFRI-UHFFFAOYSA-N,CC(=O)NCCc1c[nH]c2ccc(OC(=O)NCCCCCCCNc3c4c(nc5cc(Cl)ccc35)CCCC4)cc12,8.11351
4532,JCZCGQLHQOCURC-QZCRLSDHSA-N,CC(=O)O[C@@]12CCN(C(C)=O)[C@@H]1N(C(C)=O)c1ccc(OC(=O)NCCCCCCNc3c4c(nc5ccccc35)CCCC4)cc12,7.43403
4533,XVXDTYXMYWAMAF-UHFFFAOYSA-N,CC(=O)NCCc1c[nH]c2ccc(OC(=O)NCCCCCCCCCCNc3c4c(nc5ccc(Cl)cc35)CCCC4)cc12,8.84466
4534,APIRGAOTKZFKAS-UHFFFAOYSA-N,CC(=O)NCCc1c[nH]c2ccc(OC(=O)NCCCCNc3c4c(nc5ccccc35)CCCC4)cc12,6.42304
4535,HYWHYYQDFBRNJV-UHFFFAOYSA-N,CC(=O)NCCc1c[nH]c2ccc(OC(=O)NCCCCCCCCNc3c4c(nc5ccccc35)CCCC4)cc12,8.3363
4536,WSXAJVAWKDKQHT-UHFFFAOYSA-N,CC(=O)NCCc1c[nH]c2ccc(OC(=O)NCCNc3c4c(nc5ccccc35)CCCC4)cc12,5.95992
4537,AFGFYJJNRLVSLM-UHFFFAOYSA-N,CC(=O)NCCc1c[nH]c2ccc(OC(=O)NCCCNc3c4c(nc5ccccc35)CCCC4)cc12,6.56915
4538,UTQFNPJLIOYJFL-UHFFFAOYSA-N,CC(=O)NCCc1c[nH]c2ccc(OC(=O)NCCCCCCCNc3c4c(nc5ccc(Cl)cc35)CCCC4)cc12,7.39924
4539,KMMFIXOTKGBTSZ-UHFFFAOYSA-N,CC(=O)NCCc1c[nH]c2ccc(OC(=O)NCCCCCCCCCCNc3c4c(nc5ccccc35)CCCC4)cc12,8.92812
4540,SPEKQSDIHIDYJX-UHFFFAOYSA-N,CC(=O)NCCc1c[nH]c2ccc(OC(=O)NCCCCCCCCCCNc3c4c(nc5cc(Cl)ccc35)CCCC4)cc12,8.09151
4541,RISDMIZNEKTMBT-UHFFFAOYSA-N,CC(=O)NCCc1c[nH]c2ccc(OC(=O)NCCNc3c4c(nc5cc(Cl)ccc35)CCCC4)cc12,7.69789
4542,MBBVMMONYFBGOE-UHFFFAOYSA-N,CC(=O)NCCc1c[nH]c2ccc(OC(=O)NCCNc3c4c(nc5ccc(Cl)cc35)CCCC4)cc12,5.48405
4543,AKQSCHLJARNVMJ-UHFFFAOYSA-N,CC(=O)NCCc1c[nH]c2ccc(OC(=O)NCCCCCCCNc3c4c(nc5ccccc35)CCCC4)cc12,7.47147
4544,DZVVTCMRQZXZRQ-UHFFFAOYSA-N,CC(=O)NCCc1c[nH]c2ccc(OC(=O)NCCCCCNc3c4c(nc5ccccc35)CCCC4)cc12,6.72946
4545,FDPFEWCMKUTRHJ-UHFFFAOYSA-N,CC(=O)NCCc1c[nH]c2ccc(OC(=O)NCCCCCCCCCCCCNc3c4c(nc5cc(Cl)ccc35)CCCC4)cc12,7.59176
4546,MSAIAIIQMNXQKI-UHFFFAOYSA-N,COC(=O)C1=C(C)OP(=O)(OC)OCC1,5.9850650000000005
4547,IEEPPPIAKVRUBJ-UHFFFAOYSA-N,COP1(=O)OCCC(C(=O)OC(C)(C)C)=C(C)O1,5.221909999999999
4549,OMPKNKOTSKEQOH-UHFFFAOYSA-N,CCOP1(=O)CCCC(C(=O)OC)=C(C)O1,5.087775
4556,JBANMOPKOHITOL-KWKYVRJSSA-N,CO[P@]1(=O)CC[C@@H]2COC(=O)C2=C(C)O1,5.52288
4558,OMPQJMDGDAAXPE-WDDATRMLSA-N,CO[P@]1(=O)OC[C@@H]2COC(=O)C2=C(C)O1,7.45593
4562,PLIFLXOUJPNJNC-UHFFFAOYSA-N,CCNCc1cccc2[nH]c3cc(Cl)ccc3c12,5.29243
4564,YVAXITGHSDJYIT-XYOKQWHBSA-N,CCN(Cc1cccc2[nH]c3cc(Cl)ccc3c12)C(=O)/C=C/c1ccc(O)c(OC)c1,5.16115
4572,VXLRZAXUUZPXJL-UHFFFAOYSA-N,O=C(NCCCCCCCNc1c2c(nc3ccccc13)CCCCC2)c1cc2ccccc2o1,6.4908
4573,QDAPDSXKSIWXRU-UHFFFAOYSA-N,COc1cccc2cc(C(=O)NCCCCCCCNc3c4c(nc5ccccc35)CCC4)oc12,6.00305
4574,DVCKLXBGJWQNDS-UHFFFAOYSA-N,COc1cccc2cc(C(=O)NCCCCCCCNc3c4c(nc5ccccc35)CCCC4)oc12,7.35458
4575,PDDLTJWNLVDOPM-UHFFFAOYSA-N,COc1cccc2cc(C(=O)NCCCCCCCNc3c4c(nc5ccccc35)CCCCC4)oc12,6.38091
4576,BFCQNBAYDZOIHV-UHFFFAOYSA-N,c1ccc2oc(CNCCCCCCNc3c4c(nc5ccccc35)CCC4)cc2c1,7.3279
4577,PSNSGINHHWVVMS-UHFFFAOYSA-N,COc1cccc2cc(CNCCCCCCNc3c4c(nc5ccccc35)CCC4)oc12,7.19997
4578,CADLESQJTZFGIT-UHFFFAOYSA-N,COc1cccc2cc(CNCCCCCCNc3c4c(nc5ccccc35)CCCC4)oc12,7.81531
4579,CPIMBZDXMLRJFA-UHFFFAOYSA-N,c1ccc2oc(CNCCCCCCCNc3c4c(nc5ccccc35)CCC4)cc2c1,7.96658
4580,LJASCSHXLYLOCF-UHFFFAOYSA-N,c1ccc2oc(CNCCCCCCCNc3c4c(nc5ccccc35)CCCC4)cc2c1,9.0655
4581,VHCQVFSYGHOPKW-UHFFFAOYSA-N,COc1cccc2cc(CNCCCCCCCNc3c4c(nc5ccccc35)CCCCC4)oc12,8.59176
4582,BWWUAZJYGRIHDC-UHFFFAOYSA-N,c1ccc2oc(CN(CCCCCCNc3c4c(nc5ccccc35)CCC4)Cc3cc4ccccc4o3)cc2c1,5.68403
4583,TYNDGSBNGKLNDC-UHFFFAOYSA-N,COc1cccc2cc(CN(CCCCCCNc3c4c(nc5ccccc35)CCC4)Cc3cc4cccc(OC)c4o3)oc12,5.12523
4584,QSCSHQVZPPAOCR-UHFFFAOYSA-N,COc1cccc2cc(CN(CCCCCCNc3c4c(nc5ccccc35)CCCC4)Cc3cc4cccc(OC)c4o3)oc12,6.58503
4585,LIIAZSOASJOPIC-UHFFFAOYSA-N,COc1cccc2cc(CN(CCCCCCNc3c4c(nc5ccccc35)CCCCC4)Cc3cc4cccc(OC)c4o3)oc12,5.98464
4586,MJILJJIYWSPFOM-UHFFFAOYSA-N,c1ccc2oc(CN(CCCCCCCNc3c4c(nc5ccccc35)CCC4)Cc3cc4ccccc4o3)cc2c1,6.65365
4587,TWJOHEVVRIJHJT-UHFFFAOYSA-N,c1ccc2oc(CN(CCCCCCCNc3c4c(nc5ccccc35)CCCC4)Cc3cc4ccccc4o3)cc2c1,6.93181
4588,OSNBHPQSXCZVRH-UHFFFAOYSA-N,c1ccc2oc(CN(CCCCCCCNc3c4c(nc5ccccc35)CCCCC4)Cc3cc4ccccc4o3)cc2c1,6.69897
4589,WAYXSSGTGMIORU-UHFFFAOYSA-N,COc1cccc2cc(CN(CCCCCCCNc3c4c(nc5ccccc35)CCCCC4)Cc3cc4cccc(OC)c4o3)oc12,6.70115
4592,MXWGOVLVJYDLRV-UHFFFAOYSA-N,O=C(NCCCCCCCNc1c2c(nc3ccccc13)CCCC2)c1cc2ccccc2o1,7.11407
4593,ALUMRCODWIMCFJ-UHFFFAOYSA-N,O=C(NCCCCCCCNc1c2c(nc3ccccc13)CCC2)c1cc2ccccc2o1,7.31336
4594,CSYZWGXEWCKTGL-UHFFFAOYSA-N,COc1cccc2cc(C(=O)NCCCCCCNc3c4c(nc5ccccc35)CCCCC4)oc12,7.4908
4595,WWRDYDFXVYAZAG-UHFFFAOYSA-N,COc1cccc2cc(C(=O)NCCCCCCNc3c4c(nc5ccccc35)CCCC4)oc12,7.61261
4596,HDTGPJNBSTWCLU-UHFFFAOYSA-N,COc1cccc2cc(C(=O)NCCCCCCNc3c4c(nc5ccccc35)CCC4)oc12,5.7734
4597,OPDNPGNAIOMGJW-UHFFFAOYSA-N,O=C(NCCCCCCNc1c2c(nc3ccccc13)CCCCC2)c1cc2ccccc2o1,6.51145
4598,WDVUURYAZSPAGT-UHFFFAOYSA-N,O=C(NCCCCCCNc1c2c(nc3ccccc13)CCCC2)c1cc2ccccc2o1,6.37263
4599,YXINUXBSKDTHDM-UHFFFAOYSA-N,O=C(NCCCCCCNc1c2c(nc3ccccc13)CCC2)c1cc2ccccc2o1,6.2636
4600,CPIHZFXHCABWRY-UHFFFAOYSA-N,CCN(CCCCCCCCc1cccc(OC)c1)Cc1ccccc1OC,5.24795
4602,FNFRCUZUVSMULW-ADBHHMNFSA-N,CC(C)=CC[C@H]1C[C@@]2(CC=C(C)C)C(=O)O[C@@](CC=C(C)C)(C(=O)[C@@H](C(=O)C(C)C)[C@]1(C)C/C=C/C(C)(C)O)C2=O,5.01773
4603,LBVPJWYDLJNRSM-MVLLCHJPSA-N,CCC(C)C(=O)[C@@H]1C(=O)[C@]2(CC=C(C)C)OC(=O)[C@](CC=C(C)C)(C[C@H](CC=C(C)C)[C@@]1(C)C/C=C/C(C)(C)O)C2=O,5.14874
4607,PVKXLBKYESHPJV-UHFFFAOYSA-N,N#CC1=C(N)N2CCNC2=C([N+](=O)[O-])C12C(=O)c1cccc3cccc2c13,5.14997
4608,DBPONSACNGZLMB-UHFFFAOYSA-N,N#CC1=C(N)N2CCCNC2=C([N+](=O)[O-])C12C(=O)c1cccc3cccc2c13,5.18111
4609,VMNAQCLDUQQPOY-UHFFFAOYSA-N,CC1(C)CNC2=C([N+](=O)[O-])C3(C(=O)c4cccc5cccc3c45)C(C#N)=C(N)N2C1,5.11295
4610,JWBKBWHGJDRYAQ-UHFFFAOYSA-N,N#CC1=C(N)N(Cc2ccccc2)C(NCc2ccccc2)=C([N+](=O)[O-])C12C(=O)c1cccc3cccc2c13,5.22475
4611,AFZXKZSXWLRMLE-UHFFFAOYSA-N,N#CC1=C(N)N2CCNC2=C([N+](=O)[O-])C12C(=O)c1ccc(Br)c3c(Br)ccc2c13,5.19586
4612,VGPBJNURLOIXIG-UHFFFAOYSA-N,N#CC1=C(N)N2CCCNC2=C([N+](=O)[O-])C12C(=O)c1ccc(Br)c3c(Br)ccc2c13,5.17328
4613,ZLLIOYYADYZYFM-UHFFFAOYSA-N,CC1(C)CNC2=C([N+](=O)[O-])C3(C(=O)c4ccc(Br)c5c(Br)ccc3c45)C(C#N)=C(N)N2C1,5.2233
4614,YFAGHBJUUNOWSW-UHFFFAOYSA-N,N#CC1=C(N)N(Cc2ccccc2)C(NCc2ccccc2)=C([N+](=O)[O-])C12C(=O)c1ccc(Br)c3c(Br)ccc2c13,5.20482
4615,SVQKKFWLVKQSLW-UHFFFAOYSA-N,N#CC1=C(N)N(Cc2ccccc2)C(NCc2ccccc2)=C([N+](=O)[O-])C12C(=O)Nc1ccc(F)cc12,5.451
4616,OZQJWYBNHZBRBX-UHFFFAOYSA-N,CC1(C)CNC2=C([N+](=O)[O-])C3(C(=O)Nc4ccc(F)cc43)C(C#N)=C(N)N2C1,5.97062
4617,WZWFOPHCKXYHRB-UHFFFAOYSA-N,N#CC1=C(N)N2CCCNC2=C([N+](=O)[O-])C12C(=O)Nc1ccc(F)cc12,6.37675
4618,MGUINACFKDKBAG-UHFFFAOYSA-N,N#CC1=C(N)N2CCNC2=C([N+](=O)[O-])C12C(=O)Nc1ccc(F)cc12,5.4828
4619,SNTKDGFVGSABKO-UHFFFAOYSA-N,N#CC1=C(N)N(Cc2ccccc2)C(NCc2ccccc2)=C([N+](=O)[O-])C12C(=O)Nc1ccc([N+](=O)[O-])cc12,5.47237
4620,IRGOUNOQCFYPKQ-UHFFFAOYSA-N,CC1(C)CNC2=C([N+](=O)[O-])C3(C(=O)Nc4ccc([N+](=O)[O-])cc43)C(C#N)=C(N)N2C1,5.81248
4621,GINLDVRWRYODAL-UHFFFAOYSA-N,N#CC1=C(N)N2CCCNC2=C([N+](=O)[O-])C12C(=O)Nc1ccc([N+](=O)[O-])cc12,5.9393
4622,FUKKZBFSDYCCEM-UHFFFAOYSA-N,N#CC1=C(N)N2CCNC2=C([N+](=O)[O-])C12C(=O)Nc1ccc([N+](=O)[O-])cc12,5.48945
4623,MEWMDKQOKDBFDU-UHFFFAOYSA-N,Cc1ccc2c(c1)C1(C(=O)N2)C(C#N)=C(N)N(Cc2ccccc2)C(NCc2ccccc2)=C1[N+](=O)[O-],5.43063
4624,DJOQLHNWCQJWEC-UHFFFAOYSA-N,Cc1ccc2c(c1)C1(C(=O)N2)C(C#N)=C(N)N2CC(C)(C)CNC2=C1[N+](=O)[O-],5.85699
4625,HFMWEPXRFXLNCU-UHFFFAOYSA-N,Cc1ccc2c(c1)C1(C(=O)N2)C(C#N)=C(N)N2CCCNC2=C1[N+](=O)[O-],6.02687
4626,DFSIBEALBHGSCF-UHFFFAOYSA-N,Cc1ccc2c(c1)C1(C(=O)N2)C(C#N)=C(N)N2CCNC2=C1[N+](=O)[O-],5.41341
4627,COVMUJMQUZUNFY-UHFFFAOYSA-N,N#CC1=C(N)N(Cc2ccccc2)C(NCc2ccccc2)=C([N+](=O)[O-])C12C(=O)Nc1ccccc12,5.4023
4628,JSFGIPDLRQSECN-UHFFFAOYSA-N,CC1(C)CNC2=C([N+](=O)[O-])C3(C(=O)Nc4ccccc43)C(C#N)=C(N)N2C1,5.90309
4629,ZWYWKYOHGMFLIL-UHFFFAOYSA-N,N#CC1=C(N)N2CCCNC2=C([N+](=O)[O-])C12C(=O)Nc1ccccc12,5.9914
4630,QZCSMOSTPUEJNZ-UHFFFAOYSA-N,N#CC1=C(N)N2CCNC2=C([N+](=O)[O-])C12C(=O)Nc1ccccc12,5.31426
4631,GJRMHIXYLGOZSE-HJOYEKEDSA-N,COc1ccc2c3c1O[C@H]1CC(O)CC[C@@]31CCN(C)C2,6.21467
4632,XATVGNRTOUJFHU-UHFFFAOYSA-N,O=c1cc(Cl)c2ccc(OCCNC3CCN(Cc4ccccc4)CC3)cc2o1,5.69037
4633,IPJZSNUPIXZHAU-UHFFFAOYSA-N,Cc1c(C)c2ccc(OCCNC3CCN(Cc4ccccc4)CC3)cc2oc1=O,5.77211
4634,UUZIPHVUUZOBHC-UHFFFAOYSA-N,Cc1c(Cl)c(=O)oc2cc(OCCNC3CCN(Cc4ccccc4)CC3)ccc12,5.73993
4635,QZRBOLHGJBENEV-UHFFFAOYSA-N,O=c1oc2cc(OCCNC3CCN(Cc4ccccc4)CC3)ccc2c2c1CCCC2,5.86328
4636,HZEOKPNLIUABIQ-UHFFFAOYSA-N,Cc1cc(=O)oc2cc(CNCCC3CCN(Cc4ccccc4)CC3)ccc12,7.17393
4638,DYEFUKCXAQOFHX-UHFFFAOYSA-N,O=c1c2ccccc2[se]n1-c1ccccc1,5.20761
4642,GDNYKZBBMBYGFY-UHFFFAOYSA-N,COc1ccc(C(=O)N2c3ccccc3[Se]c3ccc(Cl)cc32)cc1OC,5.20761
4643,VCIWBDDYIOWPAI-UHFFFAOYSA-N,COc1cccc(C(=O)N2c3ccccc3[Se]c3ccc(Cl)cc32)c1,5.22915
4644,XHNYLCDQTSDLAN-UHFFFAOYSA-N,COc1ccc(C(=O)N2c3ccccc3[Se]c3ccc(Cl)cc32)cc1,5.23657
4645,CJAJJMPCCMJBPF-UHFFFAOYSA-N,O=C(CCc1ccccc1)N1c2ccccc2[Se]c2ccc(Cl)cc21,5.20066
4646,VMHLPSJKQKSYDH-UHFFFAOYSA-N,O=C(Cc1ccccc1)N1c2ccccc2[Se]c2ccc(Cl)cc21,5.18709
4647,OPCLKGNUDFLWKI-UHFFFAOYSA-N,O=C(c1ccccc1)N1c2ccccc2[Se]c2ccc(Cl)cc21,5.22185
4648,RYEDDRYHYDLXMW-UHFFFAOYSA-N,Clc1ccc2c(c1)Nc1ccccc1[Se]2,5.20066
4649,YEHFSSWVVCTEIL-UHFFFAOYSA-N,COc1ccc(C(=O)N2c3ccccc3[Se]c3ccccc32)cc1OC,5.29243
4650,IPZGCQPSTXGNCD-UHFFFAOYSA-N,COc1cccc(C(=O)N2c3ccccc3[Se]c3ccccc32)c1,5.20761
4651,IWDIEKVSHZWZHN-UHFFFAOYSA-N,COc1ccc(C(=O)N2c3ccccc3[Se]c3ccccc32)cc1,5.33724
4652,ZZYXEZHDTZEGCL-UHFFFAOYSA-N,O=C(CCc1ccccc1)N1c2ccccc2[Se]c2ccccc21,5.17393
4653,WJTDBRSQCOOMQI-UHFFFAOYSA-N,O=C(Cc1ccccc1)N1c2ccccc2[Se]c2ccccc21,5.19382
4654,VEFIYLBMXGJEDC-UHFFFAOYSA-N,O=C(c1ccccc1)N1c2ccccc2[Se]c2ccccc21,5.26761
4655,ILFYOWGJBKEMSK-UHFFFAOYSA-N,c1ccc2c(c1)Nc1ccccc1[Se]2,5.25181
4656,SBUYGLZLKPSUAZ-UHFFFAOYSA-N,COc1ccc(C(=O)N2c3ccccc3Sc3ccc(Cl)cc32)cc1OC,5.19382
4657,AQAZJOFHIHBSHN-UHFFFAOYSA-N,COc1cccc(C(=O)N2c3ccccc3Sc3ccc(Cl)cc32)c1,5.33724
4658,CSWHYHPUEDNIQY-UHFFFAOYSA-N,COc1ccc(C(=O)N2c3ccccc3Sc3ccc(Cl)cc32)cc1,5.22915
4659,SSOOALFUMBNHRK-UHFFFAOYSA-N,O=C(CCc1ccccc1)N1c2ccccc2Sc2ccc(Cl)cc21,5.10237
4660,PYCZOGYSNHGOEX-UHFFFAOYSA-N,O=C(Cc1ccccc1)N1c2ccccc2Sc2ccc(Cl)cc21,5.12494
4661,GEWSWDQRMYUYDV-UHFFFAOYSA-N,O=C(c1ccccc1)N1c2ccccc2Sc2ccc(Cl)cc21,5.00436
4662,KFZGLJSYQXZIGP-UHFFFAOYSA-N,Clc1ccc2c(c1)Nc1ccccc1S2,5.13077
4663,UYHKPWBWEXXTRW-UHFFFAOYSA-N,COc1ccc(C(=O)N2c3ccccc3Sc3ccccc32)cc1OC,5.23657
4664,FBPIHVVAHJTNMC-UHFFFAOYSA-N,COc1cccc(C(=O)N2c3ccccc3Sc3ccccc32)c1,5.20761
4665,IZSLOMAFSBIAQQ-UHFFFAOYSA-N,COc1ccc(C(=O)N2c3ccccc3Sc3ccccc32)cc1,5.20066
4666,UFAZLVHMPFPAHH-UHFFFAOYSA-N,O=C(CCc1ccccc1)N1c2ccccc2Sc2ccccc21,5.14874
4667,ODRJXAKDUXFICI-UHFFFAOYSA-N,O=C(Cc1ccccc1)N1c2ccccc2Sc2ccccc21,5.13077
4668,RVBAUHGQSLEOSR-UHFFFAOYSA-N,O=C(c1ccccc1)N1c2ccccc2Sc2ccccc21,5.09691
4669,WJFKNYWRSNBZNX-UHFFFAOYSA-N,c1ccc2c(c1)Nc1ccccc1S2,5.13668
4670,BLMNXXGEDNNOQP-UHFFFAOYSA-N,C[N+](C)(C)CCOC(=O)c1ccc(Oc2nc(Oc3ccc(C(=O)OCC[N+](C)(C)C)cc3)nc(Oc3ccc(C(=O)OCC[N+](C)(C)C)cc3)n2)cc1,6.52288
4673,OBQDVIVZFXUYBQ-UHFFFAOYSA-N,CCCCCCCNC(=O)Oc1ccc2c(c1)CN(C)C(c1ccc(F)cc1)N2C,5.79317
4674,BIHHINRPCUFIJM-UHFFFAOYSA-N,CCCCCCCNC(=O)Oc1ccc2c(c1)CN(C)C(c1cc[nH]c1)N2C,6.06956
4693,JZJRNNWTYHSFGH-NSHDSACASA-N,COc1cccc2c1CC[C@H](NC(=O)N(C)C)C2,7.70115
4694,YEUPQAFFNFOQJJ-UHFFFAOYSA-N,COc1ccc2c(c1)CCC(NC(=O)N(C)C)C2,7.78569
4695,NTWUGWNPVACDLR-LBPRGKRZSA-N,COc1ccc2c(c1)C[C@@H](NC(=O)N(C)C)CC2,7.64956
4696,LUSWQSMTZUPZOA-UHFFFAOYSA-N,COc1cccc2c1CCC(NS(=O)(=O)N(C)C)C2,7.91865
4697,FGLFSCKOWSXYQR-UHFFFAOYSA-N,COc1ccc2c(c1)CCC(NS(=O)(=O)N(C)C)C2,7.77032
4698,VSKWWYNXPZTTMQ-UHFFFAOYSA-N,COc1ccc2c(c1)CC(NS(=O)(=O)N(C)C)CC2,7.80079
4699,JCGJTFBZTOZPAF-JTQLQIEISA-N,CN(C)C(=O)N[C@H]1CCc2c(O)cccc2C1,6.87933
4700,XNDCARDVIREOCF-UHFFFAOYSA-N,CN(C)C(=O)NC1CCc2cc(O)ccc2C1,8.14509
4701,VUTDSMCTIDTUEP-NSHDSACASA-N,CN(C)C(=O)N[C@H]1CCc2ccc(O)cc2C1,6.9859
4702,QSMQIDSXAKBFRV-UHFFFAOYSA-N,CN(C)S(=O)(=O)NC1CCc2c(O)cccc2C1,7.51074
4703,ZALMTBIBEGCEJF-NSHDSACASA-N,CN(C)S(=O)(=O)N[C@H]1CCc2cc(O)ccc2C1,7.55486
4704,JLIPZZZIHAMHFT-UHFFFAOYSA-N,CN(C)S(=O)(=O)NC1CCc2ccc(O)cc2C1,7.43215
4706,AZPLXDBZIQMMMT-UHFFFAOYSA-N,COc1cc2occ(-c3ccc(O)cc3O)c(=O)c2c(O)c1CC=C(C)C,5.00436
4709,BRSFFGZGURCVGX-UHFFFAOYSA-N,COc1cc2c(cc1OC)C(=O)C(CC1CCN(CC3CCCCC3)CC1)C2,8.04576
4712,LQKGQMXOOLGDAM-YBFXNURJSA-N,COc1cc2c(cc1O)C(=O)/C(=C/C1CCN(Cc3ccccc3)CC1)C2,5.81248
4713,ZEAXIVSYMLISJH-YBFXNURJSA-N,COc1cc2c(cc1O)C/C(=C\C1CCN(Cc3ccccc3)CC1)C2=O,5.81248
4714,BXAOZDHJHXGRFU-XDHOZWIPSA-N,O=C1/C(=C/C2CCN(Cc3ccccc3)CC2)Cc2ccc(O)cc21,5.82391
4715,RLSKFCOIMMXSLS-CPNJWEJPSA-N,O=C1/C(=C/C2CCN(Cc3ccccc3)CC2)Cc2cccc(O)c21,6.19654
4716,PIJDCHBRSITJLS-XDHOZWIPSA-N,O=C1/C(=C/C2CCN(Cc3ccccc3)CC2)Cc2cc(O)ccc21,5.66555
4717,LPMOTUSFDTTWJL-UDWIEESQSA-N,COc1cc2c(cc1OC)C(=O)/C(=C/C1CCN(Cc3ccccc3)CC1)C2,7.23657
4718,DPIFFAVGHCOCCC-DEDYPNTBSA-N,COc1ccc2c(c1)C(=O)/C(=C/C1CCN(Cc3ccccc3)CC1)C2,6.46597
4719,PBMKYXADBLYWBA-XSFVSMFZSA-N,COc1cccc2c1C(=O)/C(=C/C1CCN(Cc3ccccc3)CC1)C2,5.82131
4720,CNIWTTNRVIMZIP-DEDYPNTBSA-N,COc1ccc2c(c1)C/C(=C\C1CCN(Cc3ccccc3)CC1)C2=O,7.36653
4721,VXQFGUJASGKRMS-VXLYETTFSA-N,O=C1/C(=C/C2CCN(Cc3ccccc3)CC2)Cc2cc3c(cc21)OCO3,6.12205
4722,JATSNZSQYDITNU-UDWIEESQSA-N,COc1cccc(CN2CCC(/C=C3\Cc4cc(OC)ccc4C3=O)CC2)c1,6.06905
4730,HCOZRFYGIFMIEX-UHFFFAOYSA-N,O=C(CCCCCCCCc1ccc(O)c(O)c1)c1c(O)cccc1O,5.7122
4731,KOAPDMKKECXPHX-UHFFFAOYSA-N,O=C(CCCCCCCCc1ccc(O)cc1)c1c(O)cccc1O,5.73518
4732,IAXIHKJASWPASP-UHFFFAOYSA-N,O=C(CCCCCCCCc1ccccc1)c1c(O)cccc1O,5.88273
4733,XNMKFKNNXSUXRV-UHFFFAOYSA-N,O=C(CCCCCCCCc1ccc(O)cc1)c1c(O)cc(O)cc1O,5.19111
4734,WINHZLLDWRZWRT-ATVHPVEESA-N,CCN(CC)CCNC(=O)c1c(C)[nH]c(/C=C2\C(=O)Nc3ccc(F)cc32)c1C,5.23136
4735,CUIHSIWYWATEQL-UHFFFAOYSA-N,Cc1ccc(Nc2nccc(N(C)c3ccc4c(C)n(C)nc4c3)n2)cc1S(N)(=O)=O,6.03152
4736,MDBSJGXOQHYGEI-CSKARUKUSA-N,COc1cc(/C=C/C(=O)NCCC2CCN(Cc3ccccc3)CC2)ccc1O,6.273105
4737,ARNJIILWEVFCOO-CSKARUKUSA-N,COc1ccc(/C=C/C(=O)NCCC2CCN(Cc3ccccc3)CC2)cc1O,5.77989
4738,GXZHJSKUOGHRTO-CMDGGOBGSA-N,COc1cc(/C=C/C(=O)NCCC2CCN(Cc3ccccc3)CC2)cc(OC)c1O,6.49349
4739,UHIDUYIMHIAFLH-DHZHZOJOSA-N,O=C(/C=C/c1ccc(O)cc1)NCCC1CCN(Cc2ccccc2)CC1,5.65758
4740,UFQJPMAHMNYIOA-VQHVLOKHSA-N,O=C(/C=C/c1ccc(O)c(O)c1)NCCC1CCN(Cc2ccccc2)CC1,5.797795000000001
4741,YAWVNBSVSGFOGD-ZHACJKMWSA-N,O=C(/C=C/c1ccccc1O)NCCC1CCN(Cc2ccccc2)CC1,5.57187
4742,IPNCANNCIDZOHY-VAWYXSNFSA-N,O=C(/C=C/c1ccccc1)NCCC1CCN(Cc2ccccc2)CC1,6.366475
4743,CEOUELPNODHWPJ-PKNBQFBNSA-N,COc1cc(/C=C/C(=O)NCCC2CCN(Cc3ccccc3)CC2)ccc1OC(C)=O,6.4698
4744,KEKBOEROTGNXGK-PKNBQFBNSA-N,COc1ccc(/C=C/C(=O)NCCC2CCN(Cc3ccccc3)CC2)cc1OC,6.43202
4745,XIIIMLKJDCQWEW-ZHACJKMWSA-N,COc1cccc(/C=C/C(=O)NCCC2CCN(Cc3ccccc3)CC2)c1,6.143045
4746,MJIJFTHVGZWODF-MDZDMXLPSA-N,COc1cc(/C=C/C(=O)NCCC2CCN(Cc3ccccc3)CC2)cc(OC)c1OC,6.63078
4747,PQXRJZJLERADCX-DHZHZOJOSA-N,O=C(/C=C/c1ccc(F)cc1)NCCC1CCN(Cc2ccccc2)CC1,5.48149
4748,YFJBXYWLXWUNPK-DHZHZOJOSA-N,O=C(/C=C/c1ccc(Cl)cc1)NCCC1CCN(Cc2ccccc2)CC1,6.44129
4749,IVQHLHDDUYVRFY-DHZHZOJOSA-N,O=C(/C=C/c1ccc([N+](=O)[O-])cc1)NCCC1CCN(Cc2ccccc2)CC1,6.47237
4750,PRZIVMZUOGFQQX-UHFFFAOYSA-N,COc1cc(CCC(=O)NCCC2CCN(Cc3ccccc3)CC2)ccc1O,5.27409
4752,PDZMHDSORBHDFP-UHFFFAOYSA-N,O=C(CC1CCN(Cc2ccccc2)CC1)NCCc1c[nH]c2ccccc12,5.42022
4753,LZDWBBQKRMLWKK-UHFFFAOYSA-N,Cc1ccccc1CN1CCC(CC(=O)NCCc2c[nH]c3ccccc23)CC1,5.81248
4754,YIQUNQOTSWAGGT-UHFFFAOYSA-N,COc1ccc2[nH]cc(CCNC(=O)CC3CCN(Cc4ccccc4C)CC3)c2c1,5.4437
4755,QZHMJQWRHNORFP-UHFFFAOYSA-N,Cc1cccc(CN2CCC(CC(=O)NCCc3c[nH]c4ccccc34)CC2)c1,5.33442
4757,AIGIECZGNBILAQ-UHFFFAOYSA-N,Cc1ccc(CN2CCC(CC(=O)NCCc3c[nH]c4ccccc34)CC2)cc1,5.30627
4758,CAKSHRZUNPHCQP-UHFFFAOYSA-N,COc1ccc2[nH]cc(CCNC(=O)CC3CCN(Cc4ccc(C)cc4)CC3)c2c1,5.03339
4759,QTSKGKRAUSQIQD-UHFFFAOYSA-N,O=C(NCCc1c[nH]c2ccccc12)C1CCN(Cc2ccccc2)CC1,5.10513
4761,VQNHLBHTNLUGAW-UHFFFAOYSA-N,Cc1ccccc1CN1CCC(C(=O)NCCc2c[nH]c3ccccc23)CC1,5.44855
4762,VITNUIFTUFCBDI-UHFFFAOYSA-N,COc1ccc2[nH]cc(CCNC(=O)C3CCN(Cc4ccccc4C)CC3)c2c1,5.1296
4763,PBCGIIRIOLOMJH-UHFFFAOYSA-N,O=C(CCc1c[nH]c2ccccc12)NC1CCN(Cc2ccccc2)CC1,5.07988
4764,WXTKBXGKRLFVQP-UHFFFAOYSA-N,O=C(CCc1c[nH]c2ccccc12)NCCC1CCN(Cc2ccccc2)CC1,5.89466
4767,RIRAXUJPOGFDFJ-UHFFFAOYSA-N,Cc1cc(=O)oc2cc(OCCCN(C)Cc3cccc(OC(=O)NCCCCCc4ccccc4)c3)ccc12,7.0942
4768,SORZLAJXYYGEIQ-UHFFFAOYSA-N,CN(CCCOc1ccc2c3c(c(=O)oc2c1)CCCC3)Cc1cccc(OC(=O)NCCCCCc2ccccc2)c1,7.04624
4769,FFAOXMVJVQDCQO-UHFFFAOYSA-N,CN(CCCOc1ccc2c(c1)oc(=O)c1ccccc12)Cc1cccc(OC(=O)NCCCCCc2ccccc2)c1,6.40894
4770,AIQDEPYUQBAQFT-UHFFFAOYSA-N,CN(CCCOc1ccc2cc(-c3ccccc3)c(=O)oc2c1)Cc1cccc(OC(=O)NCCCCCc2ccccc2)c1,6.90309
4771,VVVHTKDUIOCALE-UHFFFAOYSA-N,COc1ccc(-c2cc3ccc(OCCCN(C)Cc4cccc(OC(=O)NCCCCCc5ccccc5)c4)cc3oc2=O)cc1,6.50585
4773,KPKDJUQXQCVKAW-UHFFFAOYSA-N,CCCCCCCCCC(C)C1OCc2c[n+](C)c(C)c(OC(=O)N(C)C)c2CO1,6.33724
4774,MUOAMAUOYSSLJG-UHFFFAOYSA-N,CCCCCCCCC1OCc2c[n+](C)c(C)c(OC(=O)N(C)C)c2CO1,5.88606
4775,KEOQUADZGRDLDB-UHFFFAOYSA-N,CCCCCCCC1OCc2c[n+](C)c(C)c(OC(=O)N(C)C)c2CO1,5.67778
4783,AKOGQQINMRSZAR-UHFFFAOYSA-N,COc1ccc(-c2cc3cc(OCCCN(C)Cc4cccc(OC(=O)NCCCCCc5ccccc5)c4)ccc3oc2=O)cc1,6.74715
4784,XLSDMIVWGMAJHD-UHFFFAOYSA-N,CN(CCCOc1ccc2cc(-c3ccc(Cl)cc3)c(=O)oc2c1)Cc1cccc(OC(=O)NCCCCCc2ccccc2)c1,6.04576
4785,FTRXEEOTFGUKHN-UHFFFAOYSA-N,CCCCCCCNC(=O)Oc1cccc(CN(C)CCCOc2ccc3ccc(=O)oc3c2)c1,7.42713
4786,HAZCMESEHYLZER-UHFFFAOYSA-N,CCCCCCCNC(=O)Oc1cccc(CN(C)CCCOc2ccc3c4c(c(=O)oc3c2)CCCC4)c1,7.66555
4788,CQTFNVLDNHGYMC-UHFFFAOYSA-N,CN(CCCOc1ccc2ccc(=O)oc2c1)Cc1cccc(OC(=O)NCCCCCCc2ccccc2)c1,6.96257
4789,QUCBXGWIZAVJDM-UHFFFAOYSA-N,CN(CCCCCOc1ccc2ccc(=O)oc2c1)Cc1cccc(OC(=O)NCCCCCc2ccccc2)c1,7.05502
4790,YUVUWSUDMVTYOB-UHFFFAOYSA-N,CCCCCCCNC(=O)Oc1cccc(CN(C)CCCCCOc2ccc3ccc(=O)oc3c2)c1,7.94692
4791,XFLYZTYNYBFURZ-UHFFFAOYSA-N,CCCCCCCNC(=O)Oc1cccc(CN(C)CCCCCOc2ccc3c4c(c(=O)oc3c2)CCCC4)c1,7.73755
4792,XYGHSWJYJDPEQM-UHFFFAOYSA-N,CCCCCCCNC(=O)Oc1cccc(CN(C)CCCCCOc2ccc3c(c2)Oc2ncccc2C3)c1,8.15989
4793,MBQLAHYLZRKMBE-UHFFFAOYSA-N,O=C(NCCCCCc1ccccc1)Oc1ccc(Cn2cc(COc3ccc4ccc(=O)oc4c3)nn2)cc1,6.59346
4794,JOSKSNIVZAEQFU-UHFFFAOYSA-N,O=C(NCCCCCc1ccccc1)Oc1cccc(Cn2cc(COc3ccc4ccc(=O)oc4c3)nn2)c1,6.03527
4795,WRJZOFVBFRGKHL-UHFFFAOYSA-N,CCCCCCCNC(=O)Oc1ccc(Cn2cc(COc3ccc4ccc(=O)oc4c3)nn2)cc1,6.66959
4796,GCQIEQKAWZGVLF-UHFFFAOYSA-N,CCCCCCCNC(=O)Oc1cccc(Cn2cc(COc3ccc4ccc(=O)oc4c3)nn2)c1,5.9813
4798,QXCYDBYFEDOWQZ-UHFFFAOYSA-N,O=C(NCCCCCc1ccccc1)Oc1cccc(-n2cc(COc3ccc4ccc(=O)oc4c3)nn2)c1,5.92996
4800,PPZMDFRSOSZTFY-UHFFFAOYSA-N,CCCCCCCNC(=O)Oc1cccc(-n2cc(COc3ccc4ccc(=O)oc4c3)nn2)c1,6.15366
4801,NHQAJSNDGMKMKP-UHFFFAOYSA-N,CCCCCCc1ccc(NC(=O)Oc2cccc(CN(C)CCCOc3ccc4ccc(=O)oc4c3)c2)cc1,5.42022
4810,TXZOQRXGVMDJCJ-NTCAYCPXSA-N,CN(Cc1ccccc1)Cc1ccc(NC(=O)/C=C/c2cccc(O)c2)cc1,5.45717
4811,DBXKIEJEFALTHY-SFQUDFHCSA-N,COc1ccc(/C=C/C(=O)Nc2ccc(CN(C)Cc3ccccc3)cc2)cc1,5.29031
4812,YJCCUEYVQUDUMO-DTQAZKPQSA-N,COc1cccc(/C=C/C(=O)Nc2ccc(CN(C)Cc3ccccc3)cc2)c1,5.33068
4813,OSLSNUMCXBJEGP-WYMLVPIESA-N,COc1cc(/C=C/C(=O)Nc2cccc(CN(C)Cc3ccccc3)c2)ccc1O,5.22257
4814,SBRJGGDKKJIEFJ-FOWTUZBSSA-N,COc1ccc(/C=C/C(=O)Nc2ccc(CN(C)Cc3ccccc3)cc2)cc1OC,5.464415000000001
4815,BVGVBFYFLUSQMK-FOWTUZBSSA-N,COc1ccc(/C=C/C(=O)Nc2ccc(CN(C)Cc3ccccc3)cc2)c(OC)c1,5.05899
4817,LJBLUDUXRGXMFJ-VQHVLOKHSA-N,O=C(/C=C/c1ccc(O)cc1O)NCCC1CCN(Cc2ccccc2)CC1,6.00436
4819,NHFVKPVESFSIPR-MDZDMXLPSA-N,O=C(/C=C/c1cccc(O)c1)NCCC1CCN(Cc2ccccc2)CC1,5.95078
4821,AHWHBOQIIOPNCM-PKNBQFBNSA-N,COc1ccc(/C=C/C(=O)NCCC2CCN(Cc3ccccc3)CC2)c(OC)c1,6.20066
4822,YCOGWPMXFGHUIP-FMIVXFBMSA-N,COc1ccc(/C=C/C(=O)NCCC2CCN(Cc3ccccc3)CC2)cc1,6.3098
4825,VQOPFBQAWVJAON-UHFFFAOYSA-N,C#CCN(Cc1ccc2cccc(O)c2n1)CC1CCN(Cc2ccccc2)CC1,5.01323
4826,ZAOLYIRFSLIUAV-UHFFFAOYSA-N,C#CCN(CCC1CCN(Cc2ccccc2)CC1)Cc1ccc2cccc(O)c2n1,5.38722
4827,KBSUDEJPIPDJQN-UHFFFAOYSA-N,C#CCN(CCCC1CCN(Cc2ccccc2)CC1)Cc1ccc2cccc(O)c2n1,5.82391
4829,MFWCFENQSTYMSU-UHFFFAOYSA-N,C#CCN(Cc1ccc2cccc(O)c2n1)C(C#N)CC1CCN(Cc2ccccc2)CC1,5.48149
4830,DMOLFVGCLPCFQX-UHFFFAOYSA-N,C#CCN(Cc1ccc2cccc(O)c2n1)C(C#N)CCC1CCN(Cc2ccccc2)CC1,7.5376
4834,ATRSFRGWPPYVGZ-UHFFFAOYSA-N,C#CCN(Cc1ccc(O)c2ncccc12)C(C#N)CCC1CCN(Cc2ccccc2)CC1,6.45593
4841,XGZDCBGAMNLKSW-UHFFFAOYSA-N,CCSc1nc2sc3c(c2c(=O)n1-c1ccccc1)CCN(Cc1ccccc1)C3,5.29243
4844,KHNVQJDWUHRVDK-UHFFFAOYSA-N,O=C(COc1ccc(Cl)cc1Cl)Nc1ccc(CN2CCCCC2)cc1,7.52288
4846,BRBGBGVHTZNKIS-UVTDQMKNSA-N,S=C1/C(=C/c2ccccc2)Oc2ccccc21,5.1945
4847,CSAKAVFIHSWIKC-PDGQHHTCSA-N,CC(C)Cc1ccc(/C=C2\Oc3ccccc3C2=O)cc1,6.00877
4848,WPHKUMCSOVGQCK-GDNBJRDFSA-N,COc1ccc(/C=C2\Oc3ccccc3C2=O)cc1,5.89963
4849,DQPVCSPAVCOSNM-DHZHZOJOSA-N,CN(C)C(=O)Oc1cccc(C(=O)/C=C/c2ccc(O)cc2)c1,6.06048
4850,ZHTAQWCOSSSQEW-FMIVXFBMSA-N,COc1ccc(/C=C/C(=O)c2cccc(OC(=O)N(C)C)c2)cc1,5.0942
4852,UXCHLNWWKFZKMW-UHFFFAOYSA-N,COc1cc2c(cc1OC)C(=O)C(CC1CCN(Cc3ccccc3C)CC1)C2,6.61439
4853,QBOHSSFTEGRUFM-UHFFFAOYSA-N,COc1cc2c(cc1OC)C(=O)C(CC1CCN(Cc3cccc(C)c3)CC1)C2,7.05552
4854,XKRGRLGLKJEACL-UHFFFAOYSA-N,COc1cc2c(cc1OC)C(=O)C(CC1CCN(Cc3ccc(C)cc3)CC1)C2,6.8962
4855,WJIWWKMTCQJEPQ-UHFFFAOYSA-N,COc1cc2c(cc1OC)C(=O)C(CC1CCN(Cc3ccccc3F)CC1)C2,7.49485
4856,WIBAQCAJLVMGFE-UHFFFAOYSA-N,COc1cc2c(cc1OC)C(=O)C(CC1CCN(Cc3cccc(F)c3)CC1)C2,7.26761
4857,MXYQBFFZAMEOHM-UHFFFAOYSA-N,COc1cc2c(cc1OC)C(=O)C(CC1CCN(Cc3ccc(F)cc3)CC1)C2,7.38722
4858,RHZKAWSSJKSGEO-UHFFFAOYSA-N,COc1cc2c(cc1OC)C(=O)C(CC1CCN(Cc3ccccc3Cl)CC1)C2,7.01323
4859,CSYVGFFWWUUSDU-UHFFFAOYSA-N,COc1cc2c(cc1OC)C(=O)C(CC1CCN(Cc3cccc(Cl)c3)CC1)C2,6.9431
4860,VGQNXCDLTRSTAF-UHFFFAOYSA-N,COc1cc2c(cc1OC)C(=O)C(CC1CCN(Cc3ccc(Cl)cc3)CC1)C2,5.54363
4861,AEVWXIOQXSMEOS-UHFFFAOYSA-N,COc1cc2c(cc1OC)C(=O)C(CC1CCN(Cc3ccccc3C(F)(F)F)CC1)C2,5.31247
4862,MMBOOKVUXAQCOP-UHFFFAOYSA-N,COc1cc2c(cc1OC)C(=O)C(CC1CCN(Cc3cccc(C(F)(F)F)c3)CC1)C2,5.67366
4863,SSYDSLPWPWZKOY-UHFFFAOYSA-N,COc1cc2c(cc1OC)C(=O)C(CC1CCN(Cc3ccc(C(F)(F)F)cc3)CC1)C2,5.2652
4864,MJYITRIIINQALM-UHFFFAOYSA-N,COc1cc2c(cc1OC)C(=O)C(CC1CCN(Cc3ccccc3[N+](=O)[O-])CC1)C2,5.50724
4865,SQRIUXQNIAMKTL-UHFFFAOYSA-N,COc1cc2c(cc1OC)C(=O)C(CC1CCN(Cc3cccc([N+](=O)[O-])c3)CC1)C2,6.18575
4866,ACJJKDSOGZQROR-UHFFFAOYSA-N,COc1cc2c(cc1OC)C(=O)C(CC1CCN(Cc3ccc([N+](=O)[O-])cc3)CC1)C2,5.71897
4867,HASPOWFDQOETTJ-UHFFFAOYSA-N,COc1cc2c(cc1OC)C(=O)C(CC1CCN(Cc3ccccn3)CC1)C2,6.83268
4868,GMORXUFYAMIBNR-UHFFFAOYSA-N,COc1cc2c(cc1OC)C(=O)C(CC1CCN(Cc3ncccc3C)CC1)C2,6.94692
4869,ZBPKNQIMVQSMLB-UHFFFAOYSA-N,COc1cc2c(cc1OC)C(=O)C(CC1CCN(Cc3cccc(C)n3)CC1)C2,7.13668
4870,PFSOXGQUNSMPSU-UHFFFAOYSA-N,COc1cc2c(cc1OC)C(=O)C(CC1CCN(Cc3ncc(C)cc3C)CC1)C2,6.08938
4871,SKLIQILUFPGCDR-UHFFFAOYSA-N,COc1cc2c(cc1OC)C(=O)C(CC1CCN(Cc3cccc(F)n3)CC1)C2,6.70997
4872,NQXMJGWHWLUOTH-UHFFFAOYSA-N,COc1cc2c(cc1OC)C(=O)C(CC1CCN(Cc3cccc(Cl)n3)CC1)C2,6.05404
4873,QSLYRRWEPSEYKU-UHFFFAOYSA-N,COc1cc2c(cc1OC)C(=O)C(CC1CCN(Cc3cccc(Br)n3)CC1)C2,5.70333
4874,JVZHCFKOAOKJII-UHFFFAOYSA-N,COC(=O)c1cccc(CN2CCC(CC3Cc4cc(OC)c(OC)cc4C3=O)CC2)n1,5.23807
4875,QWDLRZDIIOSNHC-UHFFFAOYSA-N,COc1cc2c(cc1OC)C(=O)C(CC1CCN(Cc3ccc4ccccc4n3)CC1)C2,5.07417
4880,WMGXBRTXVLFOJR-ODBZBXGJSA-N,Cc1ccc(/C=C2\CN(Cc3cccc(C)c3)C/C(=C\c3ccc(C)cc3)C2=O)cc1,5.49214
4881,YYQJDQOYLBWLJL-POAOKBCDSA-N,O=C1/C(=C/c2ccccc2)CN(Cc2ccc3ccccc3c2)C/C1=C\c1ccccc1,5.71444
4882,IOHRSORAVBEFSF-ZZZAPRPPSA-N,Cc1cccc(CN2C/C(=C\c3ccccc3)C(=O)/C(=C/c3ccccc3)C2)c1,5.49757
4883,LREPPWLUJRMJNW-HRTPUDOWSA-N,Cc1ccc(/C=C2\CN(Cc3ccc4ccccc4c3)C/C(=C\c3ccc(C)cc3)C2=O)cc1,5.7986
4884,DGQSERSHMDMJHZ-JQMRRPHZSA-N,O=C1/C(=C/c2ccc(Br)cc2)CN(Cc2ccc3ccccc3c2)C/C1=C\c1ccc(Br)cc1,6.08092
4885,VBFXJAXVUROSKC-QQXSKIMKSA-N,Cc1ccc(/C=C2/CNCC3=C2N=C2SC=C(c4ccc(C)cc4)N2C3c2ccc(C)cc2)cc1,5.74473
4886,QVPPFOAURSVYEA-IWIPYMOSSA-N,Cc1ccc(/C=C2/CNCC3=C2N=C2SC=C(c4ccc(Br)cc4)N2C3c2ccc(C)cc2)cc1,5.64397
4887,WKARSUCWLGJENG-RHANQZHGSA-N,Cc1ccc(/C=C2/CNCC3=C2N=C2SC=C(c4ccc5ccccc5c4)N2C3c2ccc(C)cc2)cc1,6.00877
4888,VZVVNBLYLFQOEC-HMAPJEAMSA-N,Cc1ccc(C2=CSC3=NC4=C(CNC/C4=C/c4ccc(Cl)cc4)C(c4ccc(Cl)cc4)N23)cc1,5.96257
4889,XTZMIYZZPNSVNC-MYYYXRDXSA-N,Clc1ccc(/C=C2/CNCC3=C2N=C2SC=C(c4ccc5ccccc5c4)N2C3c2ccc(Cl)cc2)cc1,5.86967
4890,RYBKTKCXYJVDPH-STZFKDTASA-N,Brc1ccc(/C=C2/CNCC3=C2N=C2SC=C(c4ccccc4)N2C3c2ccc(Br)cc2)cc1,5.82974
4891,WNYNQMDHMSRYKG-HMAPJEAMSA-N,Cc1ccc(C2=CSC3=NC4=C(CNC/C4=C/c4ccc(Br)cc4)C(c4ccc(Br)cc4)N23)cc1,5.99568
4892,RYHYUIJQYZLIHK-MYYYXRDXSA-N,Brc1ccc(/C=C2/CNCC3=C2N=C2SC=C(c4ccc5ccccc5c4)N2C3c2ccc(Br)cc2)cc1,6.13668
4894,HFXNFOSTKCPMIS-UHFFFAOYSA-N,O=S(=O)(c1ccccc1)n1ccc2c(N3CCN(CCNc4c5c(nc6ccccc46)CCCC5)CC3)cccc21,7.36051
4895,DHTIEPUWNIRXPY-UHFFFAOYSA-N,O=S(=O)(c1ccccc1)n1ccc2c(N3CCN(CCCNc4c5c(nc6ccccc46)CCCC5)CC3)cccc21,8.01323
4896,QVMOLXHRHHMTTI-UHFFFAOYSA-N,O=S(=O)(c1ccccc1)n1ccc2c(N3CCN(CCCCCNc4c5c(nc6ccccc46)CCCC5)CC3)cccc21,7.73993
4897,INTOYXAUMDZZCK-UHFFFAOYSA-N,O=S(=O)(c1ccccc1)n1ccc2c(N3CCN(CCCCCCNc4c5c(nc6ccccc46)CCCC5)CC3)cccc21,7.88941
4898,QVCWJIWRPGTNSS-UHFFFAOYSA-N,O=S(=O)(c1ccccc1)n1ccc2c(N3CCN(CCCCCCCNc4c5c(nc6ccccc46)CCCC5)CC3)cccc21,8.20761
4899,FZNAHZCVWVQRSJ-UHFFFAOYSA-N,O=S(=O)(c1ccccc1)n1ccc2c(N3CCN(CCCCCCCCNc4c5c(nc6ccccc46)CCCC5)CC3)cccc21,8.88606
4904,LTIQFVDJDQJRPP-UHFFFAOYSA-N,O=C1NCCCc2c1c1ccccc1n2CCc1ccc(F)cc1,5.0
4906,ZGHYKEDJXGZSTQ-UHFFFAOYSA-N,O=C1c2ccccc2S(=O)(=O)N1CCCCCNCc1ccccc1,7.48149
4918,MGDTVQGTXWJCKH-UHFFFAOYSA-N,COc1ccc2nc(NCCc3cc[n+](Cc4ccccc4)cc3)sc2c1,6.73049
4919,DHIFHWRBNWLKSW-UHFFFAOYSA-N,COc1ccc2nc(NCCc3cc[n+](Cc4ccc(F)cc4)cc3)sc2c1,6.6517
4920,HNIRSKKACUNWIE-UHFFFAOYSA-N,COc1ccc2nc(NCCc3cc[n+](Cc4c(F)cccc4F)cc3)sc2c1,6.6925
4921,DEFMHIPKLZXSIY-UHFFFAOYSA-N,Fc1ccc(C[n+]2ccc(CCNc3nc4ccc(F)cc4s3)cc2)cc1,6.57025
4922,PRXIEXWZIFEMSH-UHFFFAOYSA-N,O=[N+]([O-])c1ccc2nc(NCCc3cc[n+](Cc4ccc(F)cc4)cc3)sc2c1,7.01773
4923,MQPRMCLMRNEVDW-UHFFFAOYSA-N,CCOC(=O)C1=C(C)Nc2nc3c(c(N)c2C1c1ccc(C(F)(F)F)cc1)CC(C)CC3,6.11464
4924,UYAZZCUMASYCFB-UHFFFAOYSA-N,CC1=C(C(=O)OC(C)C)C(c2cccc(F)c2)c2c(nc3c(c2N)CC(C)(C)CC3)N1,6.25337
4925,VXPPQPQIZWGZFS-UHFFFAOYSA-N,CCOC(=O)C1=C(C)Nc2nc3c(c(N)c2C1c1cccc(C(F)(F)F)c1)CC(C)(C)CC3,5.94885
4926,MJVSWROHOTUJRM-UHFFFAOYSA-N,C=CCOC(=O)C1=C(C)Nc2nc3c(c(N)c2C1c1cccc([N+](=O)[O-])c1)CC(C)(C)CC3,5.97675
4927,ZRAWAPXSUBHWOZ-UHFFFAOYSA-N,CCOC(=O)C1=C(C)Nc2nc3c(c(N)c2C1c1cccc(Cl)c1)CC(C)(C)CC3,6.11351
4928,JVHJMNINROTJNZ-UHFFFAOYSA-N,COC(=O)C1=C(C)Nc2nc3c(c(N)c2C1c1ccccc1)CC(C)(C)CC3,6.04915
4929,YZMRPVFFYJXHFO-UHFFFAOYSA-N,CC1=C(C(=O)OC(C)C)C(c2ccccc2F)c2c(nc3c(c2N)CC(C)(C)CC3)N1,5.86107
4930,NDLBUJGMFUWUJQ-UHFFFAOYSA-N,CC1=C(C(=O)OC2CCC2)C(c2ccccc2F)c2c(nc3c(c2N)CC(C)(C)CC3)N1,6.1209
4931,KNTBYQICJATPHP-UHFFFAOYSA-N,COCCOC(=O)C1=C(C)Nc2nc3c(c(N)c2C1c1ccccc1Cl)CC(C)(C)CC3,6.03668
4932,UVEJCHNQYXDGJT-UHFFFAOYSA-N,CC1=C(C(=O)OCC2CC2)C(c2ccccc2Cl)c2c(nc3c(c2N)CC(C)(C)CC3)N1,6.01278
4933,BKSCVKMNUKKMTH-UHFFFAOYSA-N,COC(=O)C1=C(C)Nc2nc3c(c(N)c2C1c1cccc([N+](=O)[O-])c1)CSC3,6.13727
4934,YFPHZYCWNBFAPL-UHFFFAOYSA-N,CCOC(=O)C1=C(C)Nc2nc3c(c(N)c2C1c1cccc([N+](=O)[O-])c1)CC(F)(F)CC3,6.29757
4935,APLYXPPJQTTWEK-UHFFFAOYSA-N,CCOC(=O)C1=C(C)Nc2nc3c(c(N)c2C1c1cccc([N+](=O)[O-])c1)CC(Cl)(Cl)CC3,6.47756
4936,HUXQSDVMBNLXGQ-UHFFFAOYSA-N,COC(=O)C1=C(C)Nc2nc3c(c(N)c2C1c1cccc([N+](=O)[O-])c1)CCCC3Cl,6.13549
4937,LNJYGCAFEIECPH-UHFFFAOYSA-N,COC(=O)C1=C(C)Nc2nc3c(c(N)c2C1c1cccc([N+](=O)[O-])c1)CCC(C)C3,5.95585
4938,KYOYTGGOMCXSQC-UHFFFAOYSA-N,COC(=O)C1=C(C)Nc2nc3c(c(N)c2C1c1ccccc1)CSCC3,6.34679
4939,MBLDQIHISLCSNE-UHFFFAOYSA-N,CCOC(=O)C1=C(C(F)(F)F)Nc2nc3c(c(N)c2C1c1cccc([N+](=O)[O-])c1)CC(C)(C)CC3,6.26761
4940,LMRUKUXUSXXRLD-UHFFFAOYSA-N,CC1=C(C(=O)OC(C)C)C(c2cncnc2)c2c(nc3c(c2N)CC(C)(C)CC3)N1,6.07469
4941,DCIFFTAOKNOUHO-UHFFFAOYSA-N,CCOC(=O)C1=C(C)Nc2nc3c(c(N)c2C1c1ccccc1OC)CC(C)CC3,6.74958
4942,RNQQNUBOXVKVNM-UHFFFAOYSA-N,CC1=C(C(=O)OCCN(C)C)C(c2ccccc2)c2c(nc3c(c2N)CC(F)(F)CC3)N1,6.86646
4943,KZUGFMORYINOHI-UHFFFAOYSA-N,COC(=O)C1=C(C)Nc2nc3c(c(N)c2C1c1cccc([N+](=O)[O-])c1)CC(C)(C)CC3,7.34679
4944,CJOKBSAEXRAEIR-UHFFFAOYSA-N,CCOC(=O)C1=C(C)Nc2nc3c(c(N)c2C1c1cccc([N+](=O)[O-])c1)CC(C)(C)CC3,5.22475
4945,NKSOLADTIRLMCA-UHFFFAOYSA-N,CC1=C(C(=O)OC(C)C)C(c2ccccc2Cl)c2c(nc3c(c2N)CC(C)(C)CC3)N1,5.51856
4946,HVGDAGZJUYPZPA-UHFFFAOYSA-N,CC1=C(C(=O)OC(C)C)C(c2cccc(Cl)c2)c2c(nc3c(c2N)CC(C)(C)CC3)N1,5.16002
4947,DAAOIXZBUFXSNW-UHFFFAOYSA-N,CCOC(=O)C1=C(C)Nc2nc3c(c(N)c2C1c1cccc(F)c1)CC(C)(C)CC3,5.73613
4948,JJIWBBUETGHMOL-UHFFFAOYSA-N,C=CCOC(=O)C1=C(C)Nc2nc3c(c(N)c2C1c1cccc(F)c1)CC(C)(C)CC3,5.74958
4949,OHGAQBUPHRMCEV-UHFFFAOYSA-N,C#CCOC(=O)C1=C(C)Nc2nc3c(c(N)c2C1c1cccc(F)c1)CC(C)(C)CC3,5.74666
4950,HSZBACZLZDUQOX-UHFFFAOYSA-N,C#CCOC(=O)C1=C(C)Nc2nc3c(c(N)c2C1c1cccc([N+](=O)[O-])c1)CC(C)(C)CC3,5.71489
4951,VMOQBQJCSJPFBC-UHFFFAOYSA-N,CCOC(=O)C1=C(C)N(C)c2nc3c(c(N)c2C1c1ccccc1Cl)CC(C)(C)CC3,5.73049
4957,VKLXDYMSDQZNBL-JQIJEIRASA-N,COc1cc(/C=C/C(=O)Nc2ccccc2)ccc1OCCCCCCN(C)C,5.07572
4958,LVAPRXNJGUAWBC-FBMGVBCBSA-N,COc1cc(/C=C/C(=O)Nc2ccccc2)ccc1OCCCCCCCCN(C)C,5.04818
4959,YCMQYVCSBIXFBB-CZIZESTLSA-N,COc1cc(/C=C/C(=O)Nc2ccccc2)ccc1OCCCCCCCCCCN(C)C,5.00305
4964,SUHSTQZPQZATNC-FBMGVBCBSA-N,CCN(CC)CCCCCCOc1ccc(/C=C/C(=O)Nc2ccccc2)cc1OC,5.73755
4965,CEMCHKPKVITYSX-CZIZESTLSA-N,CCN(CC)CCCCCCCCOc1ccc(/C=C/C(=O)Nc2ccccc2)cc1OC,5.86646
4967,PQAFELCHIANEDB-FYWRMAATSA-N,CCOC(=O)/C=C/c1ccc(OCCCCCCN(CC)CC)c(OC)c1,5.7122
4968,RDISTOXSPWHYOS-ACCUITESSA-N,CCN(CC)CCCCCCOc1ccc(/C=C/C(=O)O)cc1OC,5.57349
4969,KUFZKQHKJGVJHQ-BMRADRMJSA-N,CCOC(=O)/C=C/c1ccc(OCCCCCCCCN(CC)CC)c(OC)c1,5.80688
4970,MTLAAHSBOUTZHH-FYWRMAATSA-N,CCN(CC)CCCCCCCCOc1ccc(/C=C/C(=O)O)cc1OC,5.49757
4973,GXMWXTXGYXFVDJ-FYWRMAATSA-N,COc1cc(/C=C/C(=O)Nc2ccccc2)ccc1OCCCCN1CCCCC1,5.1463
4974,YKHAIGLEUINAGM-JQIJEIRASA-N,COc1cc(/C=C/C(=O)Nc2ccccc2)ccc1OCCCCCN1CCCCC1,5.31876
4975,MAZPMOOWHCJJOW-BMRADRMJSA-N,COc1cc(/C=C/C(=O)Nc2ccccc2)ccc1OCCCCCCN1CCCCC1,6.14874
4976,SCYGNMDNXKFRRE-HTXNQAPBSA-N,COc1cc(/C=C/C(=O)Nc2ccccc2)ccc1OCCCCCCCCN1CCCCC1,5.3851
4978,WYHMIVYQSACMED-WYMLVPIESA-N,CCOC(=O)/C=C/c1ccc(OCCCCCCN2CCCCC2)c(OC)c1,5.57675
4983,GWVKNWGBCFHQGD-FYWRMAATSA-N,COc1cc(/C=C/C(=O)Nc2ccccc2)ccc1OCCCCCN1CCCC1,5.20691
4984,XYELBLVOUGSOOD-JQIJEIRASA-N,COc1cc(/C=C/C(=O)Nc2ccccc2)ccc1OCCCCCCN1CCCC1,5.95468
4985,JPZBGYAKFYXSAQ-FBMGVBCBSA-N,COc1cc(/C=C/C(=O)Nc2ccccc2)ccc1OCCCCCCCCN1CCCC1,5.53611
4987,NFUINQRBUABRIL-ACCUITESSA-N,CCOC(=O)/C=C/c1ccc(OCCCCCCN2CCCC2)c(OC)c1,5.29671
4991,QWBLOIWIJRGVSF-UHFFFAOYSA-N,Cc1ccc(C2c3ccc4cccnc4c3Oc3nc4c(c(N)c32)CCCC4)cc1,5.54516
4992,UIYNBKZEXYKPIY-UHFFFAOYSA-N,COc1ccc(C2c3ccc4cccnc4c3Oc3nc4c(c(N)c32)CCCC4)cc1,5.82102
4993,VQICOKOVXNVBBA-UHFFFAOYSA-N,COc1cccc(C2c3ccc4cccnc4c3Oc3nc4c(c(N)c32)CCCC4)c1,6.12494
4994,GIEJCGGPITUYIN-UHFFFAOYSA-N,Nc1c2c(nc3c1C(c1cccc(F)c1)c1ccc4cccnc4c1O3)CCCC2,5.65758
4995,KIKQXFWUWFWQLD-UHFFFAOYSA-N,Nc1c2c(nc3c1C(c1ccccc1)c1ccc4cccnc4c1O3)CCCC2,5.76195
4996,ZIGIADNCAWZUAB-CTNGQTDRSA-N,CC(C)c1ccc(NC(=O)Oc2ccc3c(c2)[C@]2(C)CCN[C@@H]2N3)cc1,6.95861
4998,AQBAEXVPMJRMEK-FBHDLOMBSA-N,CCN(CC)Cc1ccc(/C=C2\Oc3cc(OC)c(OC)cc3C2=O)cc1O,6.1549
4999,JMSMSQFGNNCXFC-FBHDLOMBSA-N,COc1cc2c(cc1OC)C(=O)/C(=C/c1ccc(CN3CCCC3)c(O)c1)O2,5.87943
5000,GUEFWBGMYQHYFE-JJFYIABZSA-N,COc1cc2c(cc1OC)C(=O)/C(=C/c1ccc(CN3CCCCC3)c(O)c1)O2,7.43063
5001,NPUJPCOYJUZEQX-FBHDLOMBSA-N,COc1cc2c(cc1OC)C(=O)/C(=C/c1ccc(CN3CCOCC3)c(O)c1)O2,5.22185
5005,CIXOQJMFWVATNE-MUXKCCDJSA-N,CCN(Cc1ccc(/C=C2\Oc3cc(OC)c(OC)cc3C2=O)cc1O)Cc1ccccc1N(C)C,5.17457
5006,SDHJLISGUOUYEM-UWVJOHFNSA-N,COc1cc2c(cc1OC)C(=O)/C(=C/c1ccc(O)c(CN(C)C)c1)O2,6.29243
5008,DRFSBESSKRBXBM-UHFFFAOYSA-N,COc1ccc(CNc2nc(NC(N)=O)nc3ccccc23)cc1OC,5.0655
5009,JHYPOEYZLGFXQR-UHFFFAOYSA-N,NC(=O)Nc1nc(NCc2ccccc2)c2ccccc2n1,5.08092
5010,FLDAYDCSQFECEJ-UHFFFAOYSA-N,COc1ccc(CCNc2nc(NC(N)=O)nc3ccccc23)cc1OC,5.06048
5011,TXJCFAYDADYYJH-UHFFFAOYSA-N,NC(=O)Nc1nc(NCCc2ccccc2)c2ccccc2n1,5.10237
5012,VKTRQOIHJBCMRN-UHFFFAOYSA-N,COc1ccc(CNc2nc(NC(C)=O)nc3ccccc23)cc1OC,5.07058
5013,WVVLINPPZXEPNK-UHFFFAOYSA-N,CC(=O)Nc1nc(NCc2ccccc2)c2ccccc2n1,5.12494
5014,VZCLQGIAEJZYJS-UHFFFAOYSA-N,CCCNc1nc(NCc2ccc(OC)c(OC)c2)c2ccccc2n1,5.25181
5015,MOIHFYGKSJRYIE-UHFFFAOYSA-N,COc1ccc(CNc2nc(NC3CC3)nc3ccccc23)cc1OC,5.14267
5016,MWOWSIYESYQDJH-UHFFFAOYSA-N,CCNc1nc(NCc2ccccc2)c2ccccc2n1,5.12494
5017,JRRZCALMUDMAKV-UHFFFAOYSA-N,CCCNc1nc(NCc2ccccc2)c2ccccc2n1,5.10791
5018,ZCSQLTMELGWEIN-UHFFFAOYSA-N,CC(C)Nc1nc(NCc2ccccc2)c2ccccc2n1,5.19382
5019,ISNUVLPBKHDGCQ-UHFFFAOYSA-N,c1ccc(CNc2nc(NC3CC3)nc3ccccc23)cc1,5.18046
5020,CAYWTKCBFPBSRM-UHFFFAOYSA-N,CNc1nc(NCCc2ccc(OC)c(OC)c2)c2ccccc2n1,5.07058
5021,BSQRZHCDRKROCR-UHFFFAOYSA-N,CCNc1nc(NCCc2ccc(OC)c(OC)c2)c2ccccc2n1,5.12494
5022,POBOHPBOMIXXMU-UHFFFAOYSA-N,CCCNc1nc(NCCc2ccc(OC)c(OC)c2)c2ccccc2n1,5.1549
5023,VFNGLFSCRLQIGD-UHFFFAOYSA-N,COc1ccc(CCNc2nc(NC3CC3)nc3ccccc23)cc1OC,5.14267
5024,GIJJXBWHJXYRLM-UHFFFAOYSA-N,CNc1nc(NCCc2ccccc2)c2ccccc2n1,5.06048
5025,KIBDZBXFNYGLIL-UHFFFAOYSA-N,CCNc1nc(NCCc2ccccc2)c2ccccc2n1,5.11919
5026,XBQWDVQOXXSCIB-UHFFFAOYSA-N,CCCNc1nc(NCCc2ccccc2)c2ccccc2n1,5.14267
5027,FPUNSMTXHBASTG-UHFFFAOYSA-N,CC(C)Nc1nc(NCCc2ccccc2)c2ccccc2n1,5.14267
5028,RLWIYDVUQKJTSM-UHFFFAOYSA-N,c1ccc(CCNc2nc(NC3CC3)nc3ccccc23)cc1,5.0655
5029,BLBJFWLORCOHBS-UHFFFAOYSA-N,COc1ccc(CNc2nc(CC(N)=O)nc3ccccc23)cc1OC,5.13077
5030,QDRAEXWSWSOQJD-UHFFFAOYSA-N,NC(=O)Cc1nc(NCc2ccccc2)c2ccccc2n1,5.14267
5032,AMBHFJHBILUQIM-UHFFFAOYSA-N,NC(=O)Cc1nc(NCCc2ccccc2)c2ccccc2n1,5.13668
5033,XLBZMPCSCLBTGH-UHFFFAOYSA-N,COc1ccc(CCNc2nc(NC(C)=O)nc3ccccc23)cc1OC,5.13077
5034,VQKVYAIAPBPQEF-UHFFFAOYSA-N,CC(=O)Nc1nc(NCCc2ccccc2)c2ccccc2n1,5.1549
5035,FATQYLGZPDKQQL-UHFFFAOYSA-N,CNc1nc(NCc2ccc(OC)c(OC)c2)c2ccccc2n1,5.13668
5036,JSWJSFQSZOCUKU-UHFFFAOYSA-N,CCNc1nc(NCc2ccc(OC)c(OC)c2)c2ccccc2n1,5.20066
5037,DWVMMOWLQGQFHO-UHFFFAOYSA-N,COc1ccc(CNc2nc(NC(C)C)nc3ccccc23)cc1OC,5.16749
5038,JMYLZKXFAKCSQR-UHFFFAOYSA-N,CNc1nc(NCc2ccccc2)c2ccccc2n1,5.09691
5039,ZHDADBWRFGGICV-UHFFFAOYSA-N,COc1ccc(CCNc2nc(NC(C)C)nc3ccccc23)cc1OC,5.11919
5044,DXTLABYQANGISE-UHFFFAOYSA-N,O=C(CCCC1CCSS1)NCCCNc1c2c(nc3cc(Cl)ccc13)CCCC2,6.59688
5047,XZNDKAUHJQWCTR-AATRIKPKSA-N,Oc1cc(O)cc(/C=C/c2ccc(Nc3c4c(nc5cc(Cl)ccc35)CCCC4)cc2)c1,5.05552
5048,MDXJIXIXYVKOEN-UHFFFAOYSA-N,Oc1cc(O)cc(CCc2ccc(Nc3c4c(nc5cc(Cl)ccc35)CCCC4)cc2)c1,5.88606
5050,CIHBFWGGJXFNKH-UHFFFAOYSA-N,COc1cc(CCc2ccc(Nc3c4c(nc5cc(Cl)ccc35)CCCC4)cc2)cc(OC)c1,6.09691
5056,ZRPZUGGLHWKONF-UHFFFAOYSA-N,N#CC1=C(N)N2CCNC2=C([N+](=O)[O-])C12c1ccccc1-c1nc3ccccc3nc12,5.19382
5057,DWSSZRKFQKPFIB-UHFFFAOYSA-N,Cc1cc2nc3c(nc2cc1C)C1(C(C#N)=C(N)N2CCNC2=C1[N+](=O)[O-])c1ccccc1-3,5.18046
5058,BQVIUUDOHMPIGH-UHFFFAOYSA-N,N#CC1=C(N)N2CCNC2=C([N+](=O)[O-])C12c1ccccc1-c1nc3ccc([N+](=O)[O-])cc3nc12,5.18709
5059,IBJQDSCPPKPDCZ-UHFFFAOYSA-N,N#CC1=C(N)N2CCCNC2=C([N+](=O)[O-])C12c1ccccc1-c1nc3ccccc3nc12,5.37675
5060,VYYOWKBDUQMHCO-UHFFFAOYSA-N,Cc1cc2nc3c(nc2cc1C)C1(C(C#N)=C(N)N2CCCNC2=C1[N+](=O)[O-])c1ccccc1-3,5.24413
5061,XSTOAKTXDFOBKX-UHFFFAOYSA-N,N#CC1=C(N)N2CCCNC2=C([N+](=O)[O-])C12c1ccccc1-c1nc3ccc([N+](=O)[O-])cc3nc12,5.40894
5062,VUIISSUPVZMMGI-UHFFFAOYSA-N,CC1(C)CNC2=C([N+](=O)[O-])C3(C(C#N)=C(N)N2C1)c1ccccc1-c1nc2ccccc2nc13,5.36653
5063,XGHROOZLNALGLN-UHFFFAOYSA-N,Cc1cc2nc3c(nc2cc1C)C1(C(C#N)=C(N)N2CC(C)(C)CNC2=C1[N+](=O)[O-])c1ccccc1-3,5.39794
5064,MAFAISNXFRSCJB-UHFFFAOYSA-N,CC1(C)CNC2=C([N+](=O)[O-])C3(C(C#N)=C(N)N2C1)c1ccccc1-c1nc2ccc([N+](=O)[O-])cc2nc13,5.4437
5065,HNDAZVJZHUACSG-UHFFFAOYSA-N,N#CC1=C(N)N(Cc2ccccc2)C(NCc2ccccc2)=C([N+](=O)[O-])C12c1ccccc1-c1nc3ccccc3nc12,5.27572
5066,CGXIOTWPJFYRNX-UHFFFAOYSA-N,Cc1cc2nc3c(nc2cc1C)C1(C(C#N)=C(N)N(Cc2ccccc2)C(NCc2ccccc2)=C1[N+](=O)[O-])c1ccccc1-3,5.23657
5067,VTUGXCZRGXSART-UHFFFAOYSA-N,N#CC1=C(N)N(Cc2ccccc2)C(NCc2ccccc2)=C([N+](=O)[O-])C12c1ccccc1-c1nc3ccc([N+](=O)[O-])cc3nc12,5.35655
5068,ZWIYUBCAUDUSLA-JQIJEIRASA-N,COc1cc(/C=C/C(=O)N2CCC(Cc3ccccc3)CC2)ccc1OCCCCN1CCc2ccccc2C1,5.41794
5070,NQJJXIHXKYJTFG-UHFFFAOYSA-O,COc1cc2c(cc1OC)C(=O)C(Cc1cc[n+](Cc3cccc(Cl)c3)cc1C(N)=O)C2,7.38722
5071,UXXRHYNFNMKJKO-UHFFFAOYSA-N,COc1cc2c(cc1OC)C(=O)C(CC1C=CN(Cc3ccccc3C)C=C1C(C)=O)C2,6.36856
5074,ASPFGIJSPMICGX-UHFFFAOYSA-N,CC(=O)C1=CN(Cc2ccccc2C)C=CC1CC1Cc2cc(C)c(C)cc2C1=O,6.18509
5079,OOYNHOMEWFKIFQ-UHFFFAOYSA-O,COc1cc2c(cc1OC)C(=O)C(Cc1cc[n+](Cc3ccccc3C)cc1C(N)=O)C2,6.16877
5080,OQTFGAPLIYDDDI-UHFFFAOYSA-N,COC(=O)c1c[n+](Cc2ccccc2C)ccc1CC1Cc2cc(OC)c(OC)cc2C1=O,8.23657
5081,SZDZCRACSHIWOZ-UHFFFAOYSA-N,COC(=O)c1c[n+](Cc2ccccc2)ccc1CC1Cc2cc(OC)c(OC)cc2C1=O,7.59176
5084,MKDMFAQJDRUVFQ-UHFFFAOYSA-N,CC(=O)c1c[n+](Cc2ccccc2C)ccc1CC1Cc2cc(Cl)ccc2C1=O,6.5817
5085,ZCRIJMJHFHJQDW-UHFFFAOYSA-N,CC(=O)c1c[n+](Cc2ccccc2C)ccc1CC1Cc2cc(C)ccc2C1=O,7.04096
5086,QUWXVIQPKZAESI-UHFFFAOYSA-N,CC(=O)c1c[n+](Cc2ccccc2C)ccc1CC1Cc2cc(C)c(C)cc2C1=O,7.55752
5087,OAJIBEPXRANJSK-UHFFFAOYSA-N,COc1ccc2c(c1)CC(Cc1cc[n+](Cc3ccccc3C)cc1C(C)=O)C2=O,7.52288
5088,PFASLSOBNPNVOU-UHFFFAOYSA-N,CC(=O)c1c[n+](Cc2ccccc2C)ccc1CC1Cc2cc3c(cc2C1=O)OCO3,7.22185
5089,WGCUDLXQJIKMMP-UHFFFAOYSA-N,COc1cc2c(cc1OC)C(=O)C(Cc1cc[n+](Cc3cccc(Cl)c3)cc1C(C)=O)C2,8.48545
5090,SQPBPOPGUFYZGO-UHFFFAOYSA-N,COc1cc2c(cc1OC)C(=O)C(Cc1cc[n+](Cc3ccccc3Cl)cc1C(C)=O)C2,7.74473
5091,OOVWJKDNMPDEIH-UHFFFAOYSA-N,COc1cc2c(cc1OC)C(=O)C(Cc1cc[n+](Cc3cccc(C)c3)cc1C(C)=O)C2,7.85387
5092,DAIAFJXGDWYUNT-UHFFFAOYSA-N,COc1cc2c(cc1OC)C(=O)C(Cc1cc[n+](Cc3ccccc3C)cc1C(C)=O)C2,8.05552
5093,RCDHLIBZXYWMNZ-UHFFFAOYSA-N,COc1cc2c(cc1OC)C(=O)C(Cc1cc[n+](Cc3ccccc3)cc1C(C)=O)C2,7.74473
5094,LNSPEKLNBMYCKH-UHFFFAOYSA-N,COc1cc2c(cc1OC)C(=O)C(Cc1cc[n+](Cc3ccccc3)cc1C#N)C2,8.53462
5095,RCRQOFLAAVCAGE-UHFFFAOYSA-N,COc1cc2c(cc1OC)C(=O)C(Cc1cc[n+](Cc3ccccc3)cc1)C2,7.43771
5097,YHZLWNOQTNOLTB-UHFFFAOYSA-N,COC(=O)c1cc2c(OC(=O)N(C)C)cccc2[n+](C)c1,7.69897
5098,FRMYHFABGOUZJS-UHFFFAOYSA-N,COc1ccc(CNc2c3c(nc4ccccc24)CCCC3)cc1OC,5.65758
5099,JHMQETKRNMIKSU-UHFFFAOYSA-N,COc1ccc(CNc2c3c(nc4cc(Cl)ccc24)CCCC3)cc1OC,6.09691
5100,RUXUXXGSLJSRTL-UHFFFAOYSA-N,COc1ccc(CCNc2c3c(nc4cc(Cl)ccc24)CCCC3)cc1OC,6.22185
5101,FKNJQDQMEVFNQX-UHFFFAOYSA-N,Clc1ccc2c(NCc3ccccn3)c3c(nc2c1)CCCC3,7.04576
5104,WYIYLVMTBPAZLA-ZDUSSCGKSA-N,CCO[P@](=O)(SCC)c1ccccc1,5.09691
5108,WYMSBXTXOHUIGT-UHFFFAOYSA-N,CCOP(=O)(OCC)Oc1ccc([N+](=O)[O-])cc1,8.0
5111,UNTPCKJZSHNGQS-UHFFFAOYSA-N,CN1CC2C(=O)N(C3CCCCC3)C(=O)C2C12C(=O)c1ccccc1C2=O,5.3851
5112,NXGXFBUVFBAPHZ-UHFFFAOYSA-N,CN1C(=O)C2CN(C)C3(C(=O)c4ccccc4C3=O)C2C1=O,5.67778
5115,UKBXFMXMWOETML-UHFFFAOYSA-N,CN1CC2C(=O)N(c3ccc([N+](=O)[O-])cc3)C(=O)C2C12C(=O)c1ccccc1C2=O,5.18046
5116,KDAWBOVUSUFITH-UHFFFAOYSA-N,COc1ccc(N2C(=O)C3CN(C)C4(C(=O)c5ccccc5C4=O)C3C2=O)cc1,6.10791
5119,HETICUKJHJRLDA-UHFFFAOYSA-N,Cc1ccc(N2C(=O)C3CN(C)C4(C(=O)c5ccccc5C4=O)C3C2=O)cc1,5.1343
5131,CFFDQXIMLVONET-UHFFFAOYSA-N,COc1ccc2nc3c(c(NCCCCCCCNC(=S)NC45CC6CC(CC(C6)C4)C5)c2c1)CCCC3,5.45967
5132,GAHQTUGIHSTVHS-UHFFFAOYSA-N,c1ccc(CNc2c3c(nc4ccccc24)CCCC3)nc1,5.17393
5133,YHZXHXHCQKEXCC-XGFZBELQSA-N,CC(C)c1ccc(NC(=O)Oc2ccc3c(c2)[C@]2(C)CCC(C)[C@@H]2C3C)cc1,6.11919
5134,MWEAKHOVJKHXJC-FVZYHINPSA-N,CC1CC[C@@]2(C)c3cc(OC(=O)Nc4ccccc4)ccc3C(C)[C@@H]12,7.65758
5147,UCJOMTSRQPQWLO-UDWIEESQSA-N,COc1cc2c(cc1OC)C(=O)/C(=C/c1cc[n+](Cc3ccccc3)cc1)C2,8.46852
5148,BLNXPNHAXPHDBZ-YBFXNURJSA-N,COc1cc2c(cc1OC)C(=O)/C(=C/c1cc[n+](Cc3ccccc3F)cc1)C2,9.09691
5149,JCLXYRYKVIAWAI-VXLYETTFSA-N,COc1cc2c(cc1OC)C(=O)/C(=C/c1cc[n+](Cc3cccc(F)c3)cc1)C2,8.5376
5150,FRLDRKDNJCBXKL-YBFXNURJSA-N,COc1cc2c(cc1OC)C(=O)/C(=C/c1cc[n+](Cc3ccc(F)cc3)cc1)C2,8.38722
5151,SUKGEQOUVPURIK-CIAFOILYSA-N,COc1cc2c(cc1OC)C(=O)/C(=C/c1cc[n+](Cc3ccccc3C)cc1)C2,8.23657
5152,ZCHUOVADEIQRLY-CIAFOILYSA-N,COc1cc2c(cc1OC)C(=O)/C(=C/c1cc[n+](Cc3cccc(C)c3)cc1)C2,8.39794
5153,MHUOHSWDRJFQQV-CIAFOILYSA-N,COc1cc2c(cc1OC)C(=O)/C(=C/c1cc[n+](Cc3ccc(C)cc3)cc1)C2,7.73049
5154,ONCWKZYZTPVQLL-YBFXNURJSA-N,COc1cc2c(cc1OC)C(=O)/C(=C/c1cc[n+](Cc3ccccc3Br)cc1)C2,8.42022
5155,VNHHOROPXPPNCP-VXLYETTFSA-N,COc1cc2c(cc1OC)C(=O)/C(=C/c1cc[n+](Cc3cccc(Br)c3)cc1)C2,8.284
5156,CPAJOYHAWZUZKW-YBFXNURJSA-N,COc1cc2c(cc1OC)C(=O)/C(=C/c1cc[n+](Cc3ccc(Br)cc3)cc1)C2,7.15677
5157,BGJYSEVLGDJLES-VXLYETTFSA-N,COc1cc2c(cc1OC)C(=O)/C(=C/c1cc[n+](Cc3cccc([N+](=O)[O-])c3)cc1)C2,8.4437
5158,XGQDJPKSSXWVTG-YBFXNURJSA-N,COc1cc2c(cc1OC)C(=O)/C(=C/c1cc[n+](Cc3ccc([N+](=O)[O-])cc3)cc1)C2,7.22548
5216,VDDAQULAKJCUMT-UHFFFAOYSA-O,C[n+]1c2ccccc2c(-c2ccc(N)cc2)c2ccccc21.F[B-](F)(F)F,5.11805
5236,SFMBSJPYTWPKHS-UHFFFAOYSA-N,CCN(CCCN1C(=O)c2ccccc2C1=O)Cc1ccccc1OC,5.34679
5237,SCUZHSPGCIXUKX-UHFFFAOYSA-N,C#CCN(CCCN1C(=O)c2ccccc2C1=O)Cc1ccccc1,5.92082
5238,VKGYDOYSYVLFIR-UHFFFAOYSA-N,CCN(CCCCN1C(=O)c2ccccc2C1=O)Cc1ccccc1,6.16749
5239,ALODLRYLTVWWDS-UHFFFAOYSA-N,CCN(CCCCN1C(=O)c2ccccc2C1=O)Cc1ccccc1OC,6.55284
5240,NPQZWFHXMBANFC-UHFFFAOYSA-N,CCN(CCCCCCN1C(=O)c2ccccc2C1=O)Cc1ccccc1,5.4318
5241,BUFPKICHFJPEEE-UHFFFAOYSA-N,CCN(CCCCCCN1C(=O)c2ccccc2C1=O)Cc1ccccc1OC,6.22915
5243,RUOKEQAAGRXIBM-GFCCVEGCSA-N,C#CCN[C@@H]1CCc2ccccc21,7.72125
5244,KISPTSIXDBWEIX-UHFFFAOYSA-N,CCn1c2ccccc2c2cc(/C=C/c3ccc4ccccc4[n+]3C)ccc21,6.52288
5245,WWUYJYQWEXMWHM-UHFFFAOYSA-O,C[n+]1c(/C=C/c2cc3ccccc3[nH]2)ccc2ccccc21,6.1549
5246,RHZSWMSVLIQKIA-UHFFFAOYSA-N,C[n+]1c(/C=C/c2ccc(N3CCOCC3)cc2)ccc2ccccc21,5.61979
5247,WQRBOFIVDUAUAR-UHFFFAOYSA-N,COc1cc(/C=C/c2ccc3ccccc3[n+]2C)ccc1N1CCOCC1,5.72125
5248,INCQLZYLDCIBAL-ACCUITESSA-N,C[n+]1c(/C=C/c2ccccc2)ccc2ccccc21,5.36653
5249,MHXPBDRJBLYRCN-UHFFFAOYSA-O,C[n+]1c(/C=C/c2ccc(O)cc2)ccc2ccccc21,5.74473
5250,CWDCAJCPFYCQET-UHFFFAOYSA-O,COc1cc(/C=C/c2ccc3ccccc3[n+]2C)cc(OC)c1O,5.76955
5251,PKAYWNWAGJBXDY-PKNBQFBNSA-N,COc1cc(/C=C/c2ccc3ccccc3[n+]2C)cc(OC)c1OC,5.79588
5252,RSAQFSRIDLFGLM-JXMROGBWSA-N,COc1cc(/C=C/c2ccc3ccccc3[n+]2C)ccc1F,5.55284
5254,NEOWNATTXBQULQ-UHFFFAOYSA-N,CN(C)c1ccc(/C=C/c2ccc3ccccc3[n+]2C)cc1,6.30103
5255,YXPJLJSKNPNGNF-UHFFFAOYSA-O,CCN(CC)c1ccc(/C=C/c2ccc3ccccc3[n+]2C)c(O)c1,5.82391
5256,UIMXUBOPCRXDAL-UHFFFAOYSA-N,CCN(CC)c1ccc(/C=C/c2ccc3ccccc3[n+]2C)c(OC)c1,6.1549
5257,VPFTUQWUYNNLFE-UHFFFAOYSA-N,CN1CCN(c2ccc(/C=C/c3ccc4ccccc4[n+]3C)cc2)CC1,5.85387
5258,VHCLPJJSLILRLH-UHFFFAOYSA-N,COc1cc(/C=C/c2ccc3ccccc3[n+]2C)ccc1N1CCN(C)CC1,5.67778
5259,VJWLNNQRIDSKDX-UHFFFAOYSA-N,CCN(CC)c1ccc(/C=C/c2ccc3ccccc3[n+]2C)cc1,6.39794
5260,FHBVLLLZGIEOFB-UHFFFAOYSA-N,CCN(CC)c1ccc(/C=C/c2ccc3ccccc3[n+]2C)c(Cl)c1,6.22185
5261,SJTQWZKOFBNYJK-XYOKQWHBSA-N,C[n+]1c(/C=C/c2ccc(Cl)cc2)ccc2ccccc21,5.35655
5262,JIQUVNFLHUAJFM-XYOKQWHBSA-N,C[n+]1c(/C=C/c2ccc(F)cc2)ccc2ccccc21,5.61979
5263,LFBXOORKQOCIDD-UHFFFAOYSA-N,CCN(CC)c1ccc(/C=C/c2ccc3ccccc3[n+]2C)c(OC)n1,6.0
5269,ZWFOJIJIVGKMKC-UHFFFAOYSA-N,CN1CCN(c2ccc(/C=C/c3cc(N4CCN(C)CC4)c4ccccc4[n+]3C)cc2)CC1,5.60206
5270,ZFUFASXRXFBKDR-UHFFFAOYSA-N,COc1cc(/C=C/c2cc(N3CCN(C)CC3)c3ccccc3[n+]2C)ccc1N1CCN(C)CC1,5.37675
5274,BTDVKDAIQDCWJD-UHFFFAOYSA-O,C[n+]1c(/C=C/c2cc3ccccc3[nH]2)cc(N2CCOCC2)c2ccccc21,5.35655
5275,DZPIKUQKFUQZQZ-UHFFFAOYSA-N,CCn1c2ccccc2c2cc(/C=C/c3cc(N4CCOCC4)c4ccccc4[n+]3C)ccc21,5.63827
5287,XFEJPTLRXOZZDA-GDLZYMKVSA-N,CCCCCCOC(=O)[C@@H](CCC(=O)NCCC1CCN(Cc2ccccc2)CC1)NC(=O)c1ccccc1,6.05061
5290,TXMSSTXNRQZQDT-SANMLTNESA-N,CCOC(=O)CC[C@H](NC(=O)OCc1ccccc1)C(=O)NCCC1CCN(Cc2ccccc2)CC1,5.3019
5291,TXMSSTXNRQZQDT-AREMUKBSSA-N,CCOC(=O)CC[C@@H](NC(=O)OCc1ccccc1)C(=O)NCCC1CCN(Cc2ccccc2)CC1,5.52288
5292,APDPXKPLRPNYCX-QHCPKHFHSA-N,O=C(CC[C@H](NC(=O)c1ccccc1)C(=O)O)NCCC1CCN(Cc2ccccc2)CC1,6.11919
5294,OSBMBUVYRFZYLM-VWLOTQADSA-N,O=C(CC[C@H](NC(=O)c1c[nH]c2ccccc12)C(=O)O)NCCC1CCN(Cc2ccccc2)CC1,5.19382
5296,ORJDLJRUUNFZIZ-VWLOTQADSA-N,CCOC(=O)[C@H](CCC(=O)NCCC1CCN(Cc2ccccc2)CC1)NC(=O)c1ccccc1,6.07058
5297,ORJDLJRUUNFZIZ-RUZDIDTESA-N,CCOC(=O)[C@@H](CCC(=O)NCCC1CCN(Cc2ccccc2)CC1)NC(=O)c1ccccc1,6.30103
5298,FBUMKRRRONRQCL-MHZLTWQESA-N,CCOC(=O)[C@H](CCC(=O)NCCC1CCN(Cc2ccccc2)CC1)NC(=O)c1c[nH]c2ccccc12,5.72125
5299,MLLNAYHUDYUGTJ-HKBQPEDESA-N,CCCCCCOC(=O)[C@H](CCC(=O)NCCC1CCN(Cc2ccccc2)CC1)NC(=O)c1c[nH]c2ccccc12,5.51713
5300,WRHFBOQIYDLZNC-PMERELPUSA-N,CCOC(=O)[C@H](CCC(=O)NCCC1CCN(Cc2ccccc2)CC1)NC(=O)c1ccc2cc(OC)ccc2c1,6.05061
5302,KDPLPOQPJKJMKU-UHFFFAOYSA-N,CCN(CCCCNC(=O)COc1ccc(-c2cc(=O)c3c(OC)c(OC)c(OC)cc3o2)cc1)Cc1ccccc1OC,7.20066
5303,AVWUGHMJDIEZKS-UHFFFAOYSA-N,CCN(CCCCCCNC(=O)COc1ccc(-c2cc(=O)c3c(OC)c(OC)c(OC)cc3o2)cc1)Cc1ccccc1OC,5.90309
5304,WHDUCSUAYGOQMD-UHFFFAOYSA-N,CCN(CCCCNC(=O)COc1ccc(-c2cc(=O)c3c(O)c(OC)c(OC)cc3o2)cc1)Cc1ccccc1OC,7.40894
5305,XPJGDAJASRRBFQ-UHFFFAOYSA-N,CCN(CCCCCCNC(=O)COc1ccc(-c2cc(=O)c3c(O)c(OC)c(OC)cc3o2)cc1)Cc1ccccc1OC,5.86328
5309,FWPLGZMQIQEXSV-UHFFFAOYSA-N,Cc1ccc2c(c1)C(=O)C(=O)N2C(=O)N(C)C,6.84013
5311,PXKRGHFHMWRIDZ-UHFFFAOYSA-N,Cc1ccc2c(c1)C(=O)C(=O)N2Cc1ccccc1[N+](=O)[O-],6.70006
5312,MHNHNRZYXRGIGR-UHFFFAOYSA-N,Cc1ccc2c(c1)C(=O)C(=O)N2Cc1ccc(Br)cc1,6.69001
5313,QGFJHTJOCAHXRT-UHFFFAOYSA-N,O=C1C(=O)N(Cc2ccc(Br)cc2)c2ccc(Br)cc21,7.04998
5314,ZEYPYYXWRIPCET-UHFFFAOYSA-N,O=C1C(=O)N(Cc2ccccc2[N+](=O)[O-])c2ccc(Br)cc21,6.58004
5315,YQIQREWAWUPUCT-UHFFFAOYSA-N,COc1ccc(NCc2ccc3c(c2)C(=O)C(=O)N3C(=O)c2ccccc2)cc1,6.77006
5316,XEAAZTYTACFHPW-UHFFFAOYSA-N,O=C1C(=O)N(C(=O)c2ccccc2)c2ccc(CNc3ccc(Br)cc3)cc21,6.40001
5317,HNIKWNCSGCNTIO-UHFFFAOYSA-N,O=C1C(=O)N(C(=O)c2ccccc2)c2ccc(CN3CCCCC3)cc21,7.10002
5318,GUFOJPCMBULHAJ-UHFFFAOYSA-N,CN1CCN(Cc2ccc3c(c2)C(=O)C(=O)N3C(=O)c2ccccc2)CC1,7.32003
5319,LVQOYSSNRSANSB-UHFFFAOYSA-N,CCN(CC)Cc1ccc(NC(=O)c2ccccc2)c(C(=O)C(=O)N(CC)CC)c1,7.34998
5320,HINFHDUPIIXJBB-UHFFFAOYSA-N,O=C(Nc1ccc(CN2CCOCC2)cc1C(=O)C(=O)N1C(=O)CCC1=O)c1ccccc1,6.64001
5329,VEQQFZBLQJIEBI-OHONCRFWSA-N,CC(=O)[C@@]12C(=O)C(CC=C(C)C)=C3O[C@H](C(C)(C)O)C[C@]3(C[C@H](CC=C(C)C)[C@@]1(C)CCC=C(C)C)C2=O,5.05799
5330,GEVLJZUKYNVIEQ-QFNPKNIHSA-N,C=C(C)[C@@H](O)CC[C@]1(C)[C@@H](CC=C(C)C)C[C@]23C[C@@H](C(C)(C)O)OC2=C(CC=C(C)C)C(=O)[C@@]1(C(=O)C(C)C)C3=O,5.03953
5331,CYXSZGQGRZPZSF-IFMSNOOTSA-N,COC(C)(C)/C=C/C[C@]1(C)[C@@H](CC=C(C)C)C[C@]2(CC=C(C)C)C(=O)C3=C(O[C@H](C(C)(C)O)C3)[C@@]1(C(=O)C(C)C)C2=O,5.40012
5332,CYXSZGQGRZPZSF-JNBUQWCCSA-N,COC(C)(C)/C=C/C[C@]1(C)[C@@H](CC=C(C)C)C[C@]2(CC=C(C)C)C(=O)C3=C(O[C@@H](C(C)(C)O)C3)[C@@]1(C(=O)C(C)C)C2=O,5.14448
5334,ANPNJITWNOVMBT-XTGWXULMSA-N,CC(C)=CCC[C@]1(C)[C@@H](CC=C(C)C)C[C@]2(CC=C(C)C)C(=O)C3=C(O[C@H](C(C)(C)O)[C@H]3O)[C@@]1(C(=O)C(C)C)C2=O,5.05404
5340,DQRJIPTWWDIFBI-UHFFFAOYSA-N,O=C(Cc1cc(=O)oc2cc(O)ccc12)NCCCCCCCNC(=O)c1cccc2c(=O)c3ccccc3[nH]c12,5.23284
5347,ZOGKYTDDIJKAQP-YBFXNURJSA-N,COc1cc2c(cc1OC)C(=O)/C(=C/C1CCN(Cc3cc(N=[N+]=[N-])c4ccccc4n3)CC1)C2,5.31158
5350,LCWJAHTZACCSBC-YBFXNURJSA-N,COc1cc2c(cc1OC)C(=O)/C(=C/C1CCN(Cc3cc(N)c4ccccc4n3)CC1)C2,7.85387
5351,IVWHCJWPOJBTGB-UHFFFAOYSA-N,COc1cc2c(cc1OC)C(=O)C(CC1CCN(Cc3cc(N)c4ccccc4n3)CC1)C2,6.14874
5376,VOIMPDXOQJYVDI-WNRNVDISSA-N,COc1cc2c(cc1OC)[C@@H]1[C@H](O)[C@@H](OC)C=C3CCN(C2)[C@H]31,5.21467
5382,YPGLQZHTOGJODD-UHFFFAOYSA-N,O=C(NCCCCCCNCc1c[nH]c2ccccc12)c1cc(Cl)nc(Cl)c1,5.05306
5383,IRZDPXVHGNXLGP-UHFFFAOYSA-N,COc1ccccc1CNCCCCCCNC(=O)c1cc(Cl)nc(Cl)c1,5.08092
5384,KZSCJDQFJGAFHT-UHFFFAOYSA-N,O=C(NCCCCCCNCc1ccccc1)c1cc(Cl)nc(Cl)c1,5.49894
5385,GYKWZSDTWSSKLM-UHFFFAOYSA-N,O=C(Nc1ccncc1Br)OCCCCCNCc1ccccc1,5.39362
5386,DSFLCZDOVKMNEJ-UHFFFAOYSA-N,O=C(Nc1cc(Cl)nc(Cl)c1)OCCCCCNCc1c[nH]c2ccccc12,6.18842
5387,NXDHXDOGBRDRPD-UHFFFAOYSA-N,COc1ccccc1CNCCCCCOC(=O)Nc1cc(Cl)nc(Cl)c1,5.21042
5388,OREXPKXXVJHBIG-UHFFFAOYSA-N,O=C(Nc1cc(Cl)nc(Cl)c1)OCCCCCCNCc1ccccc1,6.11976
5389,KCHQKPAJDQOEDE-UHFFFAOYSA-N,O=C(Nc1cc(Cl)nc(Cl)c1)OCCCCCNCc1ccccc1,6.81531
5390,NQDGCGNKNJWZHP-UHFFFAOYSA-N,C#CCN(C)Cc1cc2cc(OCCCN3CCCCC3)ccc2n1C,6.27572
5397,IURNUQXLRLZNBM-YLAFAASESA-N,CNC(=O)Oc1ccc2c(c1)[C@]1(C)CCN[C@@H]1N2.O=C(O)c1ccccc1O,7.50864
5422,LVOCVOINJLTJBN-UHFFFAOYSA-N,COc1ccc(C(=O)CCc2cc[n+](Cc3cccc(F)c3)cc2C#N)cc1OC,7.95861
5423,UJNOXEIFYNSQPF-UHFFFAOYSA-N,COc1ccc(C(=O)CCc2cc[n+](Cc3ccccc3C(F)(F)F)cc2C#N)cc1OC,6.56067
5425,WOVKOTAVAGGWDJ-UHFFFAOYSA-N,COc1ccc(C(=O)CCc2cc[n+](Cc3cccc(Cl)c3)cc2C#N)cc1OC,7.65365
5427,AXIZSOSOOLEFSM-UHFFFAOYSA-N,COc1ccc2c(c1)CCC(Cc1cc[n+](Cc3ccccc3C)cc1C(F)(F)F)C2=O,6.61547
5429,HXYXAQPAPPYGSB-UHFFFAOYSA-O,COc1ccc2c(c1)CCC(Cc1cc[n+](Cc3ccccc3Cl)cc1C(N)=O)C2=O,6.42159
5430,PWTNUHLFPUEOFC-UHFFFAOYSA-O,COc1ccc2c(c1)CCC(Cc1cc[n+](Cc3ccccc3C)cc1C(N)=O)C2=O,6.04876
5431,ZUKMNALKBKPUEP-UHFFFAOYSA-O,COc1cc2c(cc1OC)C(=O)C(Cc1cc[n+](Cc3nc4ccccc4o3)cc1C(N)=O)C2,5.03306
5432,ZHJJSKSXVVYKIY-UHFFFAOYSA-O,COc1cc2c(cc1OC)C(=O)C(Cc1cc[n+](Cc3cccc(C)n3)cc1C(N)=O)C2,5.73025
5433,HWZBTWWMRJDMIF-UHFFFAOYSA-O,COc1cc2c(cc1OC)C(=O)C(Cc1cc[n+](CCc3ccccc3)cc1C(N)=O)C2,6.04769
5436,PTZFJFZJNAURGQ-UHFFFAOYSA-N,COC(=O)c1ccccc1C[n+]1ccc(CC2Cc3cc(OC)c(OC)cc3C2=O)c(C(=O)Oc2c(Cl)cc(Cl)cc2Cl)c1,7.15927
5438,FONXTPRAHMZUFI-UHFFFAOYSA-O,COc1ccc(C(=O)CCc2cc[n+](Cc3cccc(Cl)c3)cc2C(=O)O)cc1OC,7.74232
5439,DHBVPDNLRAIJMT-UHFFFAOYSA-N,COc1ccc(C(=O)CCc2cc[n+](Cc3cccc(Cl)c3)cc2C(C)=O)cc1OC,6.84315
5440,KWLSUDYDZUXRGE-UHFFFAOYSA-N,COc1ccc2c(c1)CCC(Cc1cc[n+](CC3CCCCC3)cc1C(C)=O)C2=O,6.67778
5442,IXJNEFYONZZHLV-UHFFFAOYSA-N,COc1ccc2c(c1)CCC(Cc1cc[n+](Cc3ccc(C)cc3)cc1C(C)=O)C2=O,6.25493
5443,FWIYQNZCOPHEQL-UHFFFAOYSA-N,COc1ccc2c(c1)CCC(Cc1cc[n+](Cc3ccc(Cl)cc3)cc1C(C)=O)C2=O,6.24565
5444,SSBRVQLFUQYUIS-UHFFFAOYSA-N,COc1ccc2c(c1)CCC(Cc1cc[n+](Cc3cccc(C(F)(F)F)c3)cc1C(C)=O)C2=O,6.51215
5445,GXBABYCGVYRTDT-UHFFFAOYSA-N,COc1ccc2c(c1)CCC(Cc1cc[n+](Cc3cccc(C)c3)cc1C(C)=O)C2=O,6.95664
5446,MKUOCPBSADYCLT-UHFFFAOYSA-N,COc1ccc2c(c1)CCC(Cc1cc[n+](Cc3ccccc3C)cc1C(C)=O)C2=O,8.0
5447,ISOJSTQQWFZFEQ-UHFFFAOYSA-N,COc1ccc2c(c1)CCC(Cc1cc[n+](Cc3cccc(F)c3)cc1C(C)=O)C2=O,7.25571
5448,OTIRNKFTUNIWRV-UHFFFAOYSA-N,COc1ccc2c(c1)CCC(Cc1cc[n+](Cc3ccccc3F)cc1C(C)=O)C2=O,7.36653
5449,UBEWDAZDEWQEMO-UHFFFAOYSA-N,COc1ccc2c(c1)CCC(Cc1cc[n+](Cc3ccccc3Cl)cc1C(C)=O)C2=O,7.53018
5450,WMDZFQSWUOFIIT-UHFFFAOYSA-N,COc1ccc2c(c1)CCC(Cc1cc[n+](Cc3cccc(Cl)c3)cc1C(C)=O)C2=O,7.14874
5451,GAISCLYYZFHDOC-UHFFFAOYSA-N,COc1cc2c(cc1OC)C(=O)C(Cc1cc[n+](Cc3ccccc3)cc1C(C)=O)CC2,7.61979
5452,YEPNSNZDXAJYIE-UHFFFAOYSA-N,COc1cc2c(cc1OC)C(=O)C(Cc1cc[n+](Cc3cccc(Cl)c3)cc1C(C)=O)CC2,7.67778
5453,MSGCCJOTRQRVSD-UHFFFAOYSA-O,CC(=O)c1c[n+](Cc2cccc(Cl)c2)ccc1CC1Cc2cc(O)ccc2C1=O,6.93367
5454,CZZJEWJXUQCNIT-UHFFFAOYSA-O,COc1cc2c(cc1O)C(=O)C(Cc1cc[n+](Cc3cccc(Cl)c3)cc1C(C)=O)C2,8.56864
5455,LUHJQZYRFKLLIY-UHFFFAOYSA-N,CC(=O)c1c[n+](Cc2ccccc2C)ccc1CC1Cc2cc(OCC(F)(F)F)ccc2C1=O,7.43063
5457,CRFBTACSAUOZGA-UHFFFAOYSA-N,COc1ccc2c(c1)CCC(Cc1cc[n+](Cc3cccc(C)c3)cc1Br)C2=O,7.78252
5458,WBXLGRPEPUDTKJ-UHFFFAOYSA-N,COc1cc2c(cc1OC)C(=O)C(Cc1cc[n+](Cc3ccccc3)cc1Br)C2,9.4437
5459,XQGGLAABIKOXNO-UHFFFAOYSA-N,COC(=O)c1c[n+](Cc2cccc(Cl)c2)ccc1CCC(=O)c1ccc(OC)c(OC)c1,6.767
5460,BOPFNLKYSPIFLY-UHFFFAOYSA-N,COc1ccc(C(=O)CCC2C=CN(Cc3cccc(Cl)c3)C=C2C#N)cc1OC,6.0348
5465,HMFPNGCVUHYYTQ-UHFFFAOYSA-N,COc1cc2c(cc1OC)C(=O)C(CC1C=CN(Cc3ccccc3)C=C1C(C)=O)CC2,6.46279
5477,JEGKSGQGZBQTIZ-UHFFFAOYSA-N,COc1cc2c(cc1OC)C(=O)C(CC1C=CN(Cc3cccc(Cl)c3)C=C1C(N)=O)C2,5.27254
5483,ZAJSOHVCTIJVQN-UHFFFAOYSA-N,Cc1cc(=O)oc2cc(OCCCCCCSC(=S)N3CCCCC3)ccc12,6.21467
5484,PIJXULBIDVGVGN-UHFFFAOYSA-N,Cc1cc(=O)oc2cc(OCCCCCSC(=S)N3CCCCC3)ccc12,6.67778
5485,ZOCBBCHDTYVHNA-UHFFFAOYSA-N,Cc1cc(=O)oc2cc(OCCCCSC(=S)N3CCCCC3)ccc12,7.56864
5486,WPNZIORZRPYVSP-UHFFFAOYSA-N,Cc1cc(=O)oc2cc(OCCCSC(=S)N3CCCCC3)ccc12,6.5376
5487,WEZSRIHVUUPAKP-UHFFFAOYSA-N,Cc1cc(=O)oc2cc(OCCSC(=S)N3CCC(N4CCCCC4)CC3)ccc12,5.93554
5488,AYCMSQHGVRSOEG-UHFFFAOYSA-N,Cc1cc(=O)oc2cc(OCCSC(=S)N3CCN(C(C)C)CC3)ccc12,5.70115
5489,XLGODKFAPAATHI-UHFFFAOYSA-N,Cc1cc(=O)oc2cc(OCCSC(=S)N3CCCCC3)ccc12,6.3279
5490,NCDMSUYCDGOQGE-UHFFFAOYSA-N,Cc1cc(=O)oc2cc(OCCSC(=S)N3CCCC3)ccc12,6.05061
5491,XWDQBUKIHCYZSV-UHFFFAOYSA-N,CCN(CC)C(=S)SCCOc1ccc2c(C)cc(=O)oc2c1,5.7122
5498,NNQNLVYNOGMKMH-GGUWWXLASA-N,Oc1ccc(-c2oc3cc(O)c4c5c3c2-c2cc(O)cc(O)c2[C@H](c2ccc(O)cc2)[C@@H]5[C@H](c2ccc(O)cc2)[C@@H]4c2cc(O)cc(O)c2)cc1,5.07572
5500,AOVYIEMYIRFGEJ-UHFFFAOYSA-N,CN(C)C(=O)Oc1cccc2c1cc(C(=O)N(C)C)c[n+]2C,6.81248
5504,GYRQDJJXSXVSSO-UHFFFAOYSA-O,CC(C)NC(=O)c1cc2c(OC(=O)N(C)C)cccc2[n+](C)c1,7.23657
5507,BGGSTNHPCNTNBR-UHFFFAOYSA-O,COCCNC(=O)c1cc2c(OC(=O)N(C)C)cccc2[n+](C)c1,7.69897
5508,DJGQKHHVVMWQAU-UHFFFAOYSA-O,CN(C)C(=O)Oc1cccc2c1cc(C(=O)Nc1ccccc1)c[n+]2C,7.52288
5509,LRMBKIUNXDAEMV-UHFFFAOYSA-O,COC(=O)CNC(=O)c1cc2c(OC(=O)N(C)C)cccc2[n+](C)c1,7.03152
5510,KUPGBDOWCRCWEO-UHFFFAOYSA-O,CN(C)C(=O)Oc1cccc2c1cc(C(=O)NC1CCCCC1)c[n+]2C,7.69897
5511,HDUVPKXTUYUIIV-UHFFFAOYSA-O,CNC(=O)c1cc2c(OC(=O)N(C)C)cccc2[n+](C)c1,7.11351
5512,XGKVMUUOYBZEKD-UHFFFAOYSA-O,CC[n+]1cc(C(=O)NC)cc2c(OC(=O)N(C)C)cccc21,6.50307
5513,FIPLNKOSALQNQE-UHFFFAOYSA-O,CNC(=O)c1cc2c(OC(=O)N(C)C)cccc2[n+](Cc2ccccc2)c1,5.93554
5515,QVTLTOVJHONAJB-UHFFFAOYSA-N,CN(C)C(=O)Oc1cccc2c1cc(C(=O)NCCOCCO)c[n+]2C.COS(=O)(=O)[O-],7.4318
5517,LFGCRRHRHMMUPN-UHFFFAOYSA-N,CN(C)C(=O)Oc1cccc2c1cc(C(=O)NCCOCCOCCN1C(=O)c3ccccc3C1=O)c[n+]2C.O=S(=O)([O-])C(F)(F)F,8.22185
5522,RIXYCWGCLUQKNA-UHFFFAOYSA-N,COc1ccc(C2NC(=S)Nc3nc4c(c(N)c32)CCCC4)cc1,5.11691
5523,GLVAOWPNTIXLJA-UHFFFAOYSA-N,COc1cccc(C2NC(=S)Nc3nc4c(c(N)c32)CCCC4)c1,5.5157
5525,HCMONNLOJLHXAS-UHFFFAOYSA-N,Nc1c2c(nc3c1C(c1ccc4c(c1)OCO4)NC(=S)N3)CCCC2,5.08725
5528,YEFWMAZIZIXJFI-UHFFFAOYSA-N,Nc1c2c(nc3c1C(c1ccc(Cl)cc1)NC(=S)N3)CCCC2,5.27737
5529,RTYBGCWRXWDNEV-UHFFFAOYSA-N,Nc1c2c(nc3c1C(c1cccc(Br)c1)NC(=S)N3)CCCC2,7.42829
5533,LLXJPNQWAGNDDN-UHFFFAOYSA-N,Nc1ccc2c(c1)CNC(=O)C2,5.86646
5534,KWDIMUXCEPISSB-UHFFFAOYSA-N,O=C1Cc2ccc(NC(=O)c3ccccc3)cc2CN1,5.87943
5535,ZGKSUSLLHGSKSG-UHFFFAOYSA-N,O=C1Cc2ccc(NC(=O)c3cccc(Cl)c3)cc2CN1,6.03905
5536,ZEGHJDQNAWLYBT-UHFFFAOYSA-N,Cc1cccc(C(=O)Nc2ccc3c(c2)CNC(=O)C3)c1,6.10182
5537,LAFJKVROFSQGPO-UHFFFAOYSA-N,COc1ccccc1C(=O)Nc1ccc2c(c1)CNC(=O)C2,6.03339
5538,IXVWXMHLIKJMLG-UHFFFAOYSA-N,O=C(Nc1ccc2c(c1)CN(C(=O)c1ccccc1)C(=O)C2)c1ccccc1,9.29243
5539,HXSIJHFGWIQULU-UHFFFAOYSA-N,O=C(Nc1ccc2c(c1)CN(C(=O)c1cccc(Cl)c1)C(=O)C2)c1ccccc1,10.54729
5540,OTUPYIRPZHVJBH-UHFFFAOYSA-N,Cc1cccc(C(=O)N2Cc3cc(NC(=O)c4ccccc4)ccc3CC2=O)c1,10.58153
5541,CDSXZKIEHDOCCP-UHFFFAOYSA-N,COc1ccccc1C(=O)N1Cc2cc(NC(=O)c3ccccc3)ccc2CC1=O,10.72285
5542,HWQNLRVXPNDUKY-UHFFFAOYSA-N,O=C(Nc1ccc2c(c1)CN(C(=O)c1ccccc1)C(=O)C2)c1cccc(Cl)c1,10.87844
5543,DXSOTJFLEFYBEJ-UHFFFAOYSA-N,O=C(Nc1ccc2c(c1)CN(C(=O)c1cccc(Cl)c1)C(=O)C2)c1cccc(Cl)c1,10.84924
5544,DWPXWBWEQAPZMW-UHFFFAOYSA-N,Cc1cccc(C(=O)N2Cc3cc(NC(=O)c4cccc(Cl)c4)ccc3CC2=O)c1,10.84134
5545,ZYANMUOGHHKYJT-UHFFFAOYSA-N,COc1ccccc1C(=O)N1Cc2cc(NC(=O)c3cccc(Cl)c3)ccc2CC1=O,10.96059
5546,ANYIWHFTTOMQKM-UHFFFAOYSA-N,Cc1cccc(C(=O)Nc2ccc3c(c2)CN(C(=O)c2cccc(Cl)c2)C(=O)C3)c1,10.67902
5547,QRHIIIKMYDTQEI-UHFFFAOYSA-N,Cc1cccc(C(=O)Nc2ccc3c(c2)CN(C(=O)c2cccc(C)c2)C(=O)C3)c1,10.86902
5548,GUWMYOCCFDGLCR-UHFFFAOYSA-N,COc1ccccc1C(=O)Nc1ccc2c(c1)CN(C(=O)c1ccccc1)C(=O)C2,10.53195
5549,BSTDXNRTONCMRM-UHFFFAOYSA-N,COc1ccccc1C(=O)Nc1ccc2c(c1)CN(C(=O)c1cccc(Cl)c1)C(=O)C2,10.77676
5550,ZSMOZYHRLHHZSY-UHFFFAOYSA-N,COc1ccccc1C(=O)Nc1ccc2c(c1)CN(C(=O)c1cccc(C)c1)C(=O)C2,10.58637
5551,ZEUAMOKVUUJYCM-UHFFFAOYSA-N,COc1ccccc1C(=O)Nc1ccc2c(c1)CN(C(=O)c1ccccc1OC)C(=O)C2,10.66595
5552,QUFGTPYSVLYXQC-UHFFFAOYSA-N,c1ccc2c(NCCCCC[Se][Se]CCCCCNc3c4c(nc5ccccc35)CCCC4)c3c(nc2c1)CCCC3,8.5784
5553,CSHQXRFENGZQAM-UHFFFAOYSA-N,c1ccc2c(NCCCCCSSCCCCCNc3c4c(nc5ccccc35)CCCC4)c3c(nc2c1)CCCC3,8.79048
5554,RFJOKGIIFYOSLX-UHFFFAOYSA-N,c1ccc2c(NCCCCC[Se]CCCCCNc3c4c(nc5ccccc35)CCCC4)c3c(nc2c1)CCCC3,8.64782
5557,KAQFXSGSNQJYSZ-UHFFFAOYSA-N,Cc1cc(=O)oc2cc(OCc3cc[n+](Cc4ccccc4)cc3)ccc12,6.45346
5558,BBBDMVQFKWOHPN-UHFFFAOYSA-N,Cc1cc(=O)oc2cc(OCc3cc[n+](Cc4ccccc4F)cc3)ccc12,7.18509
5559,YEQXVVSCJCAGCN-UHFFFAOYSA-N,Cc1cc(=O)oc2cc(OCc3cc[n+](Cc4cccc(F)c4)cc3)ccc12,7.38091
5560,RDJYPEQKOFLDSU-UHFFFAOYSA-N,Cc1cc(=O)oc2cc(OCc3cc[n+](Cc4ccc(F)cc4)cc3)ccc12,7.43297
5561,KYEOIBNAXBQIIL-UHFFFAOYSA-N,Cc1ccccc1C[n+]1ccc(COc2ccc3c(C)cc(=O)oc3c2)cc1,7.451
5562,DBRDRUNIMYQHRB-UHFFFAOYSA-N,Cc1cccc(C[n+]2ccc(COc3ccc4c(C)cc(=O)oc4c3)cc2)c1,7.07779
5563,XXWKFTXCPBFORX-UHFFFAOYSA-N,Cc1ccc(C[n+]2ccc(COc3ccc4c(C)cc(=O)oc4c3)cc2)cc1,6.60206
5564,MXIWEACZSLWUNJ-UHFFFAOYSA-N,Cc1cc(=O)oc2cc(OCc3cc[n+](Cc4ccccc4Br)cc3)ccc12,7.10735
5565,DHPPKOMQWCJTCC-UHFFFAOYSA-N,Cc1cc(=O)oc2cc(OCc3cc[n+](Cc4cccc(Br)c4)cc3)ccc12,6.89076
5566,QUKIDURQJXXGLR-UHFFFAOYSA-N,Cc1cc(=O)oc2cc(OCc3cc[n+](Cc4ccc(Br)cc4)cc3)ccc12,6.66254
5567,HZUIZIMBKPSMMN-UHFFFAOYSA-N,Cc1cc(=O)oc2cc(OCc3cc[n+](Cc4cccc([N+](=O)[O-])c4)cc3)ccc12,6.63827
5568,JLYIDWRSRDJZRN-UHFFFAOYSA-N,Cc1cc(=O)oc2cc(OCc3cc[n+](Cc4ccc([N+](=O)[O-])cc4)cc3)ccc12,5.96778
5570,JSRJKSWBGDRGCG-UHFFFAOYSA-N,CN(Cc1ccccc1)Cc1ccc(NC(=O)Cc2ccccc2)cc1,5.23657
5571,XWYLEVNGSMGPPA-UHFFFAOYSA-N,CN(Cc1ccccc1)Cc1ccc(NC(=O)Cc2ccc(O)cc2)cc1,5.48945
5572,CMCUYOUITXXJIA-UHFFFAOYSA-N,CCN(Cc1ccccc1)Cc1ccc(NC(=O)Cc2ccc(O)cc2)cc1,5.18709
5573,KNINRYGFSSXZLA-UHFFFAOYSA-N,CN(Cc1ccccc1)Cc1ccc(NC(=O)Cc2ccc(O)c(O)c2)cc1,5.33442
5574,NXGXSRJQERFLRS-UHFFFAOYSA-N,CCN(Cc1ccccc1)Cc1ccc(NC(=O)Cc2ccc(O)c(O)c2)cc1,5.13906
5575,HKPNHUAZURUPMZ-UHFFFAOYSA-N,COc1ccc(CC(=O)Nc2ccc(CN(C)Cc3ccccc3)cc2)cc1O,5.51713
5576,FBMQROMIUKCEIV-UHFFFAOYSA-N,CCN(Cc1ccccc1)Cc1ccc(NC(=O)Cc2ccc(OC)c(O)c2)cc1,5.55909
5577,SIOOQAQHGMCZBA-UHFFFAOYSA-N,COc1ccc(CC(=O)Nc2ccc(CN(C)Cc3ccccc3)cc2)cc1OC,5.73283
5578,HVTXLPYMZKCXHD-UHFFFAOYSA-N,CCN(Cc1ccccc1)Cc1ccc(NC(=O)Cc2ccc(OC)c(OC)c2)cc1,5.49214
5580,NANDDLAEPXKMHJ-GXDHUFHOSA-N,CN(Cc1ccccc1)Cc1ccc(NC(=O)/C=C/c2ccc(O)c(O)c2)cc1,5.266
5581,IXTWYODPRCKMGS-RVDMUPIBSA-N,COc1cc(/C=C/C(=O)Nc2ccc(CN(C)Cc3ccccc3)cc2)ccc1O,5.07988
5586,VUICJISLOSHCML-UHFFFAOYSA-N,N#Cc1ccccc1CNCC(=O)Nc1ccc2nc3n(c(=O)c2c1)CCC3,7.77469
5587,IIPHMRRBNSABHE-UHFFFAOYSA-N,O=C(CNCc1ccccc1[N+](=O)[O-])Nc1ccc2nc3n(c(=O)c2c1)CCC3,7.51286
5588,NLUCFDWSIZAJOW-UHFFFAOYSA-N,O=C(CNCc1cc(F)cc(F)c1)Nc1ccc2nc3n(c(=O)c2c1)CCC3,8.11862
5589,ABTANIOYSSLHPL-UHFFFAOYSA-N,O=C(CNCc1ccccc1F)Nc1ccc2nc3n(c(=O)c2c1)CCC3,6.27737
5590,MKVRLRPVYJXCMO-UHFFFAOYSA-N,Cc1ccccc1CNCC(=O)Nc1ccc2nc3n(c(=O)c2c1)CCC3,6.92445
5591,QUSVCPDTRANDHH-UHFFFAOYSA-N,O=C(CNCCCc1ccccc1)Nc1ccc2nc3n(c(=O)c2c1)CCC3,8.38828
5592,OHIUTRCFRLCSIV-UHFFFAOYSA-N,O=C(CNCc1ccccc1)Nc1ccc2nc3n(c(=O)c2c1)CCC3,6.63639
5593,WELYXMQWLDVBEU-UHFFFAOYSA-N,C#CCNCC(=O)Nc1ccc2nc3n(c(=O)c2c1)CCC3,7.33348
5594,JDAXIWBYOWTFLG-UHFFFAOYSA-N,CC(C)=CCNCC(=O)Nc1ccc2nc3n(c(=O)c2c1)CCC3,7.5867
5595,QEFYWXQDHADMAB-UHFFFAOYSA-N,C=CCCNCC(=O)Nc1ccc2nc3n(c(=O)c2c1)CCC3,7.87615
5596,GIXIYLOKYKETBF-UHFFFAOYSA-N,C=CCNCC(=O)Nc1ccc2nc3n(c(=O)c2c1)CCC3,7.17653
5597,KMZLIUYTTDFDDT-UHFFFAOYSA-N,CCCCCCCCCCCCCCCCNCC(=O)Nc1ccc2nc3n(c(=O)c2c1)CCC3,8.27491
5598,PGXWNRJZBFQJBN-UHFFFAOYSA-N,CCCCCCCCCCCCNCC(=O)Nc1ccc2nc3n(c(=O)c2c1)CCC3,7.43533
5599,WSPCNBULOYNLKA-UHFFFAOYSA-N,CCCCCCCCCCNCC(=O)Nc1ccc2nc3n(c(=O)c2c1)CCC3,7.61798
5600,YCPMQTFIOCKGEL-UHFFFAOYSA-N,CCCCCCCCNCC(=O)Nc1ccc2nc3n(c(=O)c2c1)CCC3,7.97469
5601,YJLNHZBJXDIDAF-UHFFFAOYSA-N,CCCCCCNCC(=O)Nc1ccc2nc3n(c(=O)c2c1)CCC3,7.59688
5602,BYPMOXKLMWETND-UHFFFAOYSA-N,CCCCNCC(=O)Nc1ccc2nc3n(c(=O)c2c1)CCC3,7.67366
5603,BQFXCCNHGAEHME-UHFFFAOYSA-N,CCCNCC(=O)Nc1ccc2nc3n(c(=O)c2c1)CCC3,6.50864
5604,KKAIOBSUMOSSIY-UHFFFAOYSA-N,CCNCC(=O)Nc1ccc2nc3n(c(=O)c2c1)CCC3,6.25414
5605,DHEIFLNTYDIUHL-VHEBQXMUSA-N,COc1cc(/C=C/C(=O)NCCCCCCNc2c3c(nc4ccccc24)CCCC3)cc(OC)c1OCc1nc(C)c(C)nc1C,6.96497
5606,FNEGRPYNMCMCTH-FOCLMDBBSA-N,COc1cc(/C=C/C(=O)NCCCCCCNc2c3c(nc4ccccc24)CCCC3)cc(OC)c1O,7.18575
5608,OBXCJDDMEPVENQ-UHFFFAOYSA-N,COc1ccc(Cn2cc(C(=O)NCCCCCCCCNc3c4c(nc5cc(Cl)ccc35)CCCC4)c(=O)c3ccccc32)cc1,6.92445
5609,ZGACJRITTJMLJD-UHFFFAOYSA-N,COc1ccc(Cn2cc(C(=O)NCCCCCCCNc3c4c(nc5cc(Cl)ccc35)CCCC4)c(=O)c3ccccc32)cc1,7.28651
5610,YFVYBUDUJCAOHJ-UHFFFAOYSA-N,COc1ccc(Cn2cc(C(=O)NCCCCCCNc3c4c(nc5cc(Cl)ccc35)CCCC4)c(=O)c3ccccc32)cc1,7.02641
5611,SKNXOZMELLESMQ-UHFFFAOYSA-N,COc1ccc(Cn2cc(C(=O)NCCCCCNc3c4c(nc5cc(Cl)ccc35)CCCC4)c(=O)c3ccccc32)cc1,6.74473
5612,QEYUTNWPWKWLIR-UHFFFAOYSA-N,COc1ccc(Cn2cc(C(=O)NCCCCNc3c4c(nc5cc(Cl)ccc35)CCCC4)c(=O)c3ccccc32)cc1,7.04769
5613,MXLDMFKZOSQDCE-UHFFFAOYSA-N,COc1ccc(Cn2cc(C(=O)NCCCNc3c4c(nc5cc(Cl)ccc35)CCCC4)c(=O)c3ccccc32)cc1,7.37779
5614,DTAVPFOKFGJGTE-UHFFFAOYSA-N,COc1ccc(Cn2cc(C(=O)NCCNc3c4c(nc5cc(Cl)ccc35)CCCC4)c(=O)c3ccccc32)cc1,7.12784
5615,YKNBDIOCHDAMFY-UHFFFAOYSA-N,COc1ccc(Cn2cc(C(=O)NCCCCCCCCNc3c4c(nc5ccccc35)CCCC4)c(=O)c3ccccc32)cc1,6.11464
5616,GHSCLZBQMFGTOK-UHFFFAOYSA-N,COc1ccc(Cn2cc(C(=O)NCCCCCCCNc3c4c(nc5ccccc35)CCCC4)c(=O)c3ccccc32)cc1,6.7122
5617,JXQZTEXAQLHFFG-UHFFFAOYSA-N,COc1ccc(Cn2cc(C(=O)NCCCCCCNc3c4c(nc5ccccc35)CCCC4)c(=O)c3ccccc32)cc1,6.7122
5618,HBWDGMCCLIOMLX-UHFFFAOYSA-N,COc1ccc(Cn2cc(C(=O)NCCCCCNc3c4c(nc5ccccc35)CCCC4)c(=O)c3ccccc32)cc1,6.53313
5619,BHRKGYUZWSOCAN-UHFFFAOYSA-N,COc1ccc(Cn2cc(C(=O)NCCCCNc3c4c(nc5ccccc35)CCCC4)c(=O)c3ccccc32)cc1,6.30892
5620,KVDGLEHCVWVBQY-UHFFFAOYSA-N,COc1ccc(Cn2cc(C(=O)NCCCNc3c4c(nc5ccccc35)CCCC4)c(=O)c3ccccc32)cc1,6.88941
5621,ARPJWCQYPTWXJZ-UHFFFAOYSA-N,COc1ccc(Cn2cc(C(=O)NCCNc3c4c(nc5ccccc35)CCCC4)c(=O)c3ccccc32)cc1,6.72816
5623,SGRUENDUBYUMQG-UHFFFAOYSA-N,COc1ccc(Cn2cc(C(=O)NCCCCCCCNc3c4c(nc5ccc(OC)cc35)CCCC4)c(=O)c3ccccc32)cc1,5.81531
5624,XKEZTSHHHMECRM-UHFFFAOYSA-N,COc1ccc(Cn2cc(C(=O)NCCCCCCNc3c4c(nc5ccc(OC)cc35)CCCC4)c(=O)c3ccccc32)cc1,5.0
5625,VSRZSFOTYXXDHK-UHFFFAOYSA-N,COc1ccc(Cn2cc(C(=O)NCCCCCNc3c4c(nc5ccc(OC)cc35)CCCC4)c(=O)c3ccccc32)cc1,5.09583
5626,ZSHSEWWPKNLRHP-UHFFFAOYSA-N,COc1ccc(Cn2cc(C(=O)NCCCCNc3c4c(nc5ccc(OC)cc35)CCCC4)c(=O)c3ccccc32)cc1,5.02228
5627,NAVQOCQBNUXPCV-UHFFFAOYSA-N,COc1ccc(Cn2cc(C(=O)NCCCNc3c4c(nc5ccc(OC)cc35)CCCC4)c(=O)c3ccccc32)cc1,5.64975
5628,DUIQBBIIFBGGSF-UHFFFAOYSA-N,COc1ccc(Cn2cc(C(=O)NCCNc3c4c(nc5ccc(OC)cc35)CCCC4)c(=O)c3ccccc32)cc1,5.5784
5633,AEGVBHAVNJPGMI-VULFUBBASA-N,O/N=C/c1nc(CCCCNc2c3c(nc4ccc(Cl)cc24)CCCC3)ccc1O,5.63827
5639,ZYZHKFUXMOZNNW-FRNPJSNVSA-N,CC(=O)OC(C)(C)/C=C/C(=O)[C@](C)(O)[C@H]1[C@H](O)C[C@@]2(C)[C@@H]3CC=C(C(C)(C)C(=O)O)/C(=C\C(=O)O)[C@]3(C)C(=O)C[C@]12C,5.50864
5640,PYBQPMPMHPWQPE-SKULXOHFSA-N,CC(=O)OC(C)(C)/C=C/C(=O)[C@](C)(O)[C@H]1[C@H](O)C[C@@]2(C)[C@@H]3CC=C(C(C)(C)C(=O)O)C4=CC(=O)O[C@](O)(C[C@]12C)[C@@]43C,5.58503
5642,WNMJYKCGWZFFKR-UHFFFAOYSA-N,COc1cc2nc(N(C)CCCNC(=O)C3CCCO3)nc(N)c2cc1OC,7.74473
5643,BZEWSEKUUPWQDQ-UHFFFAOYSA-N,CCCCOc1ccc(C(=O)CCN2CCCCC2)cc1,6.74232
5644,VRBKIVRKKCLPHA-UHFFFAOYSA-N,CCc1nn(CCCN2CCN(c3cccc(Cl)c3)CC2)c(=O)n1CCOc1ccccc1,5.98422
5646,CNIWTTNRVIMZIP-MOSHPQCFSA-N,COc1ccc2c(c1)C/C(=C/C1CCN(Cc3ccccc3)CC1)C2=O,7.35556
5647,YKOCNDOHGCGTRO-UYRXBGFRSA-N,COc1ccc2c(c1)C/C(=C/c1ccccc1-c1ccccc1)C2=O,7.52578
5648,XRCNYIUXDHNUNU-UYRXBGFRSA-N,COc1ccc(-c2ccccc2/C=C2/Cc3cc(OC)ccc3C2=O)cc1,7.67366
5649,YPSKYNKEQAAUJV-HAHDFKILSA-N,COc1ccc2c(c1)C/C(=C/c1ccccc1-c1ccc3ccccc3c1)C2=O,7.48945
5650,JRVMVHDNABIRIF-MOSHPQCFSA-N,COc1ccc2c(c1)C/C(=C/c1ccccc1-c1ccc3nc(N)ccc3c1)C2=O,7.83268
5668,KMGYPQZJZPNGND-UHFFFAOYSA-N,O=C(CCCc1c[nH]c2ccccc12)NCCC1CCN(Cc2ccccc2)CC1,5.89963
5670,ZYRSYRWGMJCJBA-UHFFFAOYSA-N,O=C(Cc1c[nH]c2ccc(Br)cc12)NCCC1CCN(Cc2ccccc2)CC1,5.85078
5671,LXCYBYBVIQAOJW-UHFFFAOYSA-N,Cc1[nH]c2ccccc2c1CC(=O)NCCC1CCN(Cc2ccccc2)CC1,5.13847
5672,WYPXVHAHDLVPFA-UHFFFAOYSA-N,Cn1cc(C(=O)NCCC2CCN(Cc3ccccc3)CC2)c2ccccc21,5.21396
5673,YMWXRPAGHCBLJY-UHFFFAOYSA-N,Cn1cc(CC(=O)NCCC2CCN(Cc3ccccc3)CC2)c2ccccc21,5.84771
5674,QVABANWNMXGOAK-UHFFFAOYSA-N,O=C(Cc1c[nH]c2ccccc12)NCCC1CCN(Cc2ccccc2)CC1,5.44977
5676,UWTPHLBHBPMCCU-UHFFFAOYSA-N,COc1ccc2nc3c(c(NCCCNC(=O)c4sc(-c5ccnc(NC(=O)C6CC6)c5)nc4OC)c2c1)CCCC3,7.42022
5677,MONBJAXTKVHFAY-UHFFFAOYSA-N,COc1ccc2nc3c(c(NCCNC(=O)c4sc(-c5ccnc(NC(=O)C6CC6)c5)nc4OC)c2c1)CCCC3,7.63827
5678,WPOYFQFVGWXOSQ-UHFFFAOYSA-N,COc1nc(-c2ccnc(NC(=O)C3CC3)c2)sc1C(=O)NCCCNc1c2c(nc3cc(Cl)ccc13)CCCC2,8.4437
5679,ONFMFCHPRZDMSB-UHFFFAOYSA-N,COc1nc(-c2ccnc(NC(=O)C3CC3)c2)sc1C(=O)NCCNc1c2c(nc3cc(Cl)ccc13)CCCC2,8.67778
5680,BHHVWPMBOQGGMM-UHFFFAOYSA-N,COc1nc(-c2ccnc(NC(=O)C3CC3)c2)sc1C(=O)NCCCCCCNc1c2c(nc3ccccc13)CCCC2,7.65758
5681,XYSJVXMQSXKJCN-UHFFFAOYSA-N,COc1nc(-c2ccnc(NC(=O)C3CC3)c2)sc1C(=O)NCCCNc1c2c(nc3ccccc13)CCCC2,8.19382
5682,PAFLSTUCWRQLGI-UHFFFAOYSA-N,COc1nc(-c2ccnc(NC(=O)C3CC3)c2)sc1C(=O)NCCNc1c2c(nc3ccccc13)CCCC2,8.20066
5683,XZBJACSADMRYGX-UHFFFAOYSA-N,COC(=O)c1sc(-c2ccnc(NC(=O)C3CC3)c2)nc1OCCNc1c2c(nc3ccccc13)CCCC2,6.88606
5684,NPERTJUHSMWYIC-UHFFFAOYSA-N,NC(=O)c1sc(-c2ccnc(NC(=O)C3CC3)c2)nc1OCCNc1c2c(nc3ccccc13)CCCC2,6.52288
5685,GFBYPYUSXALYJS-UHFFFAOYSA-N,O=C(O)c1sc(-c2ccnc(NC(=O)C3CC3)c2)nc1OCCNc1c2c(nc3ccccc13)CCCC2,6.23657
5686,XSHPNZOYFVHBMS-UHFFFAOYSA-N,CCOC(=O)c1sc(-c2ccnc(NC(=O)C3CC3)c2)nc1OCCNc1c2c(nc3ccccc13)CCCC2,6.50864
5689,APTCUMFGOJPFRU-XUXGFYSXSA-N,C[C@@H]1C[C@H]2CC(=O)[C@H]3CCC[N+]4([O-])CCC[C@]2(O)[C@]34C1,6.22915
5690,JZZKXVYRWZYYQR-UHFFFAOYSA-N,C[N+](C)(CC#CCOC1=NOCC1)CCCCCCCCCCNc1c2c(nc3ccccc13)CCCC2,8.75007
5691,XNMKRMFEACCDMN-UHFFFAOYSA-N,C[N+](C)(CC#CCOC1=NOCC1)CCCCCCCNc1c2c(nc3ccccc13)CCCC2,8.70006
5692,CBCQQFGLTZEOPX-UHFFFAOYSA-N,CC(C)(CN1C(=O)c2cccc3cccc(c23)C1=O)C[N+](C)(C)CCCCCCCCCC[N+](C)(C)CC#CCOC1=NOCC1,5.97
5694,VEWFPIVRMZCDAK-UHFFFAOYSA-N,Fc1ccc2c(C3CCN(CCN4CCCC4)CC3)noc2c1,5.4828
5695,MKLRZKCKJQKVTL-UHFFFAOYSA-N,Fc1ccc2c(C3CCN(CCN4CCCCC4)CC3)noc2c1,5.65365
5697,GKANVRNYWJDGIW-UHFFFAOYSA-N,Cn1c2nc3ccccc3c-2c(NCCCCCCCCNc2c3c(nc4ccccc24)CCCC3)c2ccccc21,9.02228
5698,DSHGUFMOWQBTEN-UHFFFAOYSA-N,Cn1c2nc3ccccc3c-2c(NCCCCCCNc2c3c(nc4ccccc24)CCCC3)c2ccccc21,8.90309
5699,VMTDFPOABMLNGK-UHFFFAOYSA-N,Cn1c2nc3ccccc3c-2c(NCCCCNc2c3c(nc4ccccc24)CCCC3)c2ccccc21,7.27572
5700,MHMXFYDLGYPRNA-HOTGVXAUSA-N,Nc1c2c(nc3cc(Cl)ccc13)C[C@H]1C=C(CCCCn3cc(CO)nn3)C[C@H]2C1,9.36653
5701,PEOGEDONFNSDPX-DTQAZKPQSA-N,CN(C)CCOc1ccc(/C=C2\COc3ccccc3C2=O)cc1,6.18243
5702,CZGKNDHIUAGCOG-OBGWFSINSA-N,CCN(CC)CCOc1ccc(/C=C2\COc3ccccc3C2=O)cc1,5.4828
5704,GGWONWDLXWAMAR-ZBJSNUHESA-N,CCN(CC)CCCCCCOc1ccc(/C=C2\COc3ccccc3C2=O)cc1,5.73283
5707,RZIFWXQCOPSVBA-YYADALCUSA-N,O=C1/C(=C/c2ccc(OCCCN3CCN(Cc4ccccc4)CC3)cc2)COc2ccccc21,5.32606
5708,NZTDLGONIXHANG-FOWTUZBSSA-N,CN(C)CCOc1cccc(/C=C2\COc3ccccc3C2=O)c1,5.85078
5714,OYAMBDAIKGEMDJ-UHFFFAOYSA-N,CN(CCCCCN1C(=O)c2ccccc2S1(=O)=O)Cc1ccccc1,7.48149
5715,JMDBKECFYDECCX-UHFFFAOYSA-N,C#CCNc1nc(NCCCCC2CCN(Cc3ccccc3)CC2)c(C#N)cc1C#N,9.0
5718,FNWAXDURVJXKPC-YCRREMRBSA-N,COc1ccc(NC(=O)c2coc3ccc(/C=C/C(=O)O)cc3c2=O)cc1,5.06048
5719,DLWNTPFPPXXHTP-VQHVLOKHSA-N,O=C(O)/C=C/c1ccc2occ(C(=O)Nc3ccccc3)c(=O)c2c1,5.03386
5720,KBZUPJLEMFHZKF-YCRREMRBSA-N,COc1ccc(NC(=O)c2cc(=O)c3cc(/C=C/C(=O)O)ccc3o2)cc1,5.12901
5721,FAISWNPDVIRIIE-WEVVVXLNSA-N,Cc1ccc(NC(=O)c2cc(=O)c3cc(/C=C/C(=O)O)ccc3o2)cc1,5.29243
5722,ZXLVCFXOIDADKY-VQHVLOKHSA-N,O=C(O)/C=C/c1ccc2oc(C(=O)Nc3ccccc3)cc(=O)c2c1,5.22257
5725,DLYAUIKDSPJOME-PKNBQFBNSA-N,CCN(CC)CCOC(=O)/C=C/c1ccc2occ(C(=O)Nc3cccc(Cl)c3)c(=O)c2c1,5.06854
5726,SKUJQZRDBDIJFM-WUXMJOGZSA-N,CCN(CC)CCOC(=O)/C=C/c1ccc2occ(C(=O)Nc3ccc(Cl)cc3)c(=O)c2c1,5.11464
5727,DDUFGWDEOCTMRD-NTUHNPAUSA-N,CCN(CC)CCOC(=O)/C=C/c1ccc2occ(C(=O)Nc3ccc(OC)cc3)c(=O)c2c1,5.2652
5728,RCCZHOOFHQOKDI-UKTHLTGXSA-N,CCN(CC)CCOC(=O)/C=C/c1ccc2occ(C(=O)Nc3ccc(C)cc3)c(=O)c2c1,5.04624
5729,POTPHPIXODXBIT-ONNFQVAWSA-N,CN(C)CCOC(=O)/C=C/c1ccc2occ(C(=O)Nc3ccc(Cl)cc3)c(=O)c2c1,5.03058
5730,RWWUPRRLFJLESJ-VZUCSPMQSA-N,COc1ccc(NC(=O)c2coc3ccc(/C=C/C(=O)OCCN(C)C)cc3c2=O)cc1,5.451
5731,FIOCFZWNVLEJQA-YRNVUSSQSA-N,Cc1ccc(NC(=O)c2coc3ccc(/C=C/C(=O)OCCN(C)C)cc3c2=O)cc1,6.01323
5732,LCTAOJAKRLVNOM-PKNBQFBNSA-N,CN(C)CCOC(=O)/C=C/c1ccc2occ(C(=O)Nc3ccccc3)c(=O)c2c1,5.43297
5733,GBKQJDFYZNSJDL-FMIVXFBMSA-N,CCN(CC)CCOC(=O)/C=C/c1ccc2oc(C(=O)Nc3ccc(C)c(C)c3)cc(=O)c2c1,5.6073
5734,HLGHMUDEPXBDGR-PKNBQFBNSA-N,CCN(CC)CCOC(=O)/C=C/c1ccc2oc(C(=O)Nc3cccc(Cl)c3)cc(=O)c2c1,5.35164
5735,QCTYJZYINRYADE-WUXMJOGZSA-N,CCN(CC)CCOC(=O)/C=C/c1ccc2oc(C(=O)Nc3ccc(Cl)cc3)cc(=O)c2c1,6.0655
5736,PRWQMSVROFPTIC-NTUHNPAUSA-N,CCN(CC)CCOC(=O)/C=C/c1ccc2oc(C(=O)Nc3ccc(OC)cc3)cc(=O)c2c1,5.9431
5737,ORSNNXRGLXTNEX-UKTHLTGXSA-N,CCN(CC)CCOC(=O)/C=C/c1ccc2oc(C(=O)Nc3ccc(C)cc3)cc(=O)c2c1,5.00568
5738,ZEECVMGYSURPEN-ACCUITESSA-N,CCN(CC)CCOC(=O)/C=C/c1ccc2oc(C(=O)Nc3ccccc3)cc(=O)c2c1,5.45967
5739,OMBXBKGUDIMNQL-JXMROGBWSA-N,Cc1ccc(NC(=O)c2cc(=O)c3cc(/C=C/C(=O)OCCN(C)C)ccc3o2)cc1C,6.67778
5740,MSPFDBFICJXJLT-VQHVLOKHSA-N,CN(C)CCOC(=O)/C=C/c1ccc2oc(C(=O)Nc3cccc(Cl)c3)cc(=O)c2c1,5.22768
5741,XUJCBCJNHZXJCY-ONNFQVAWSA-N,CN(C)CCOC(=O)/C=C/c1ccc2oc(C(=O)Nc3ccc(Cl)cc3)cc(=O)c2c1,5.91364
5742,IRXOULORBNCFOC-VZUCSPMQSA-N,COc1ccc(NC(=O)c2cc(=O)c3cc(/C=C/C(=O)OCCN(C)C)ccc3o2)cc1,6.04096
5743,JRQGALQTHYTIML-YRNVUSSQSA-N,Cc1ccc(NC(=O)c2cc(=O)c3cc(/C=C/C(=O)OCCN(C)C)ccc3o2)cc1,6.67778
5744,JCGRBDHQHKNQJU-PKNBQFBNSA-N,CN(C)CCOC(=O)/C=C/c1ccc2oc(C(=O)Nc3ccccc3)cc(=O)c2c1,6.13077
5747,MOQQZFPQHVEHKY-UHFFFAOYSA-N,CN1CCN(C2CCN(C(=O)COc3ccc(-c4ccccc4)cc3)CC2)CC1,5.0
5748,NNJPSKCGFBHMTD-UHFFFAOYSA-N,O=C(COc1ccc(-c2ccccc2)cc1)N1CCC(N2CCCCC2)CC1,5.33724
5762,ABWKLFAGXDXGFC-UHFFFAOYSA-N,CCN1CCN(C2CCN(C(=O)COc3ccc4c(c3)CCC4=O)CC2)CC1,5.3098
5763,PPANJQUMADIAMO-UHFFFAOYSA-N,CCN1CCN(C2CCN(C(=O)COc3ccc(-c4ccc([N+](=O)[O-])cc4)cc3)CC2)CC1,5.67778
5765,AZZOSPOHDDQAFO-UHFFFAOYSA-N,Cc1coc2c1c(=O)oc(=O)c1c3c(ccc12)C(C)(C)CCC3,5.47991
5767,ROYYPPPACDMYJY-JTQLQIEISA-N,C[C@H]1COc2c1c(=O)oc(=O)c1c3c(ccc21)C(C)(C)CCC3,5.49309
5769,BILZMGRMIJNPTH-UHFFFAOYSA-N,COc1cc2nc(C(=O)NCCC3CCN(Cc4ccccc4)CC3)cc(OC)c2cc1OC,6.20761
5770,FYEQJLDNQJUZMM-UHFFFAOYSA-N,COc1cc2[nH]c(C(=O)NCCC3CCN(Cc4ccccc4)CC3)cc(=O)c2cc1OC,6.76955
5771,AZLXAYYWUXDYQA-UHFFFAOYSA-N,O=C(NCCC1CCN(Cc2ccccc2)CC1)c1cc(=O)c2cccc(O)c2[nH]1,5.9393
5772,FBFKJAVMNOHJDT-UHFFFAOYSA-N,COc1cccc2c(=O)cc(C(=O)NCCC3CCN(Cc4ccccc4)CC3)[nH]c12,5.78516
5773,SULOYNMFUTYGFY-UHFFFAOYSA-N,COc1ccc2c(=O)cc(C(=O)NCCC3CCN(Cc4ccccc4)CC3)[nH]c2c1,6.34679
5774,NWLCFCJTFBZULK-UHFFFAOYSA-N,O=C(NCCC1CCN(Cc2ccccc2)CC1)c1cc(=O)c2cc(O)ccc2[nH]1,6.52288
5775,SEVMHMBWJUMZRY-UHFFFAOYSA-N,COc1ccc2[nH]c(C(=O)NCCC3CCN(Cc4ccccc4)CC3)cc(=O)c2c1,6.05552
5776,HTHMAPYWBARTFD-UHFFFAOYSA-N,COc1cc2oc(C(=O)NCCCC3CCN(Cc4ccccc4)CC3)cc(=O)c2cc1OC,6.95861
5777,OZAWXAOXPMUIGP-UHFFFAOYSA-N,O=C(NCCCC1CCN(Cc2ccccc2)CC1)c1cc(=O)c2cc(O)ccc2o1,7.63827
5778,PPHUUQGGAWURKS-UHFFFAOYSA-N,COc1ccc2oc(C(=O)NCCCC3CCN(Cc4ccccc4)CC3)cc(=O)c2c1,6.4318
5779,GYJZBBWGLRANDB-UHFFFAOYSA-N,O=C(NCCC1CCN(Cc2ccccc2)CC1)c1cc(=O)c2cc(O)c(O)cc2o1,5.38405
5780,GWSXEQILOPSURJ-UHFFFAOYSA-N,COc1cc2oc(C(=O)NCCC3CCN(Cc4ccccc4)CC3)cc(=O)c2cc1OC,7.33724
5781,JJLKMCMOKOTMJV-UHFFFAOYSA-N,O=C(NCCC1CCN(Cc2ccccc2)CC1)c1cc(=O)c2c(O)cc(O)cc2o1,6.23657
5782,RNXAJDXEDORTNS-UHFFFAOYSA-N,COc1cc(OC)c2c(=O)cc(C(=O)NCCC3CCN(Cc4ccccc4)CC3)oc2c1,6.49485
5783,IWMNPLRLJRDNCG-UHFFFAOYSA-N,Nc1ccc2oc(C(=O)NCCC3CCN(Cc4ccccc4)CC3)cc(=O)c2c1,7.38722
5784,ONXNRNIGCHXJJM-UHFFFAOYSA-N,O=C(NCCC1CCN(Cc2ccccc2)CC1)c1cc(=O)c2cc([N+](=O)[O-])ccc2o1,7.67778
5785,MYWJWRCXIVJIOX-UHFFFAOYSA-N,COc1ccc2c(=O)cc(C(=O)NCCC3CCN(Cc4ccccc4)CC3)oc2c1,7.48149
5786,QSZSCUZHHCRPOC-UHFFFAOYSA-N,O=C(NCCC1CCN(Cc2ccccc2)CC1)c1cc(=O)c2cc(O)ccc2o1,7.04096
5787,RVBIUDMTBMMGLC-UHFFFAOYSA-N,COc1ccc2oc(C(=O)NCCC3CCN(Cc4ccccc4)CC3)cc(=O)c2c1,6.76955
5788,FOEMWEVHSFNASA-UHFFFAOYSA-N,COc1cccc2oc(C(=O)NCCC3CCN(Cc4ccccc4)CC3)cc(=O)c12,6.06048
5789,ADKJHJNFROJLTD-UHFFFAOYSA-N,O=C(NCCC1CCN(Cc2ccccc2)CC1)c1cc(=O)c2ccccc2o1,6.95861
5790,CZMZUNUZUGWCRN-UHFFFAOYSA-N,COc1cc2oc(C(=O)OCCC3CCN(Cc4ccccc4)CC3)cc(=O)c2cc1OC,7.25181
5791,HLYHYHXLXCHNNE-UHFFFAOYSA-N,COc1cc2oc(C(=O)NCC3CCN(Cc4ccccc4)CC3)cc(=O)c2cc1OC,5.83565
5792,SOTHYLMUQRADIY-UHFFFAOYSA-N,COc1ccc2oc(C(=O)NCC3CCN(Cc4ccccc4)CC3)cc(=O)c2c1,5.44249
5793,TVAFVIMAUJSJNE-UHFFFAOYSA-N,COc1cc2oc(C(=O)OCC3CCN(Cc4ccccc4)CC3)cc(=O)c2cc1OC,6.52288
5794,RRMUDFYHNZUTFN-UHFFFAOYSA-N,COc1ccc2oc(C(=O)OCC3CCN(Cc4ccccc4)CC3)cc(=O)c2c1,5.12552
5795,LPAILSHOHFNZBM-UHFFFAOYSA-N,COc1cc2oc(C(=O)NC3CCN(Cc4ccccc4)CC3)cc(=O)c2cc1OC,6.18046
5796,HWFAMARPORWDKE-UHFFFAOYSA-N,O=C(NC1CCN(Cc2ccccc2)CC1)c1cc(=O)c2cc(O)ccc2o1,5.62709
5797,UUECOJIIJDTIAC-UHFFFAOYSA-N,COc1ccc2oc(C(=O)NC3CCN(Cc4ccccc4)CC3)cc(=O)c2c1,6.01323
5806,WHBAVQJRUINPTH-UHFFFAOYSA-N,Nc1ccc(O)c(CN2CCCC2)c1,5.20066
5817,YQDALLBKLTWBJF-UHFFFAOYSA-N,CC(C)(C)c1cc(CCC(=O)NCCC2CCN(Cc3ccccc3)CC2)cc(C(C)(C)C)c1O,5.46597
5818,SSSYJOIFOJYAAD-OUKQBFOZSA-N,CC(C)(C)c1cc(/C=C/C(=O)NCCC2CCN(Cc3ccccc3)CC2)cc(C(C)(C)C)c1O,5.6517
5819,BAJOYHCPUXVMBH-UHFFFAOYSA-N,CC(C)(C)c1cc(C(=O)CNCC2CCN(Cc3ccccc3)CC2)cc(C(C)(C)C)c1O,5.61261
5820,SRMMNLDVKTUNCR-UHFFFAOYSA-N,CC(C)(C)c1cc(C(=O)CNCCC2CCN(Cc3ccccc3)CC2)cc(C(C)(C)C)c1O,5.86012
5822,RXFASTRSJRIBEQ-JLHYYAGUSA-N,COc1ccc(CN2CCC(CCNC(=O)/C=C/c3cc(C(C)(C)C)c(O)c(C(C)(C)C)c3)CC2)cc1,5.67366
5823,PTGRNZYASAEVPN-OUKQBFOZSA-N,Cc1ccccc1CN1CCC(CCNC(=O)/C=C/c2cc(C(C)(C)C)c(O)c(C(C)(C)C)c2)CC1,5.60033
5824,ITOHYYQDWVLDKH-OUKQBFOZSA-N,Cc1ccc(CN2CCC(CCNC(=O)/C=C/c3cc(C(C)(C)C)c(O)c(C(C)(C)C)c3)CC2)cc1,5.6968
5825,RXSZVSISAHLZBD-VAWYXSNFSA-N,CC(C)(C)c1cc(/C=C/C(=O)NCCC2CCN(Cc3ccccc3F)CC2)cc(C(C)(C)C)c1O,6.12494
5826,CTWWCIRKFWZLQA-ZHACJKMWSA-N,CC(C)(C)c1cc(/C=C/C(=O)NCCC2CCN(Cc3cccc(F)c3)CC2)cc(C(C)(C)C)c1O,5.87615
5827,DVRSLUOCBYPMQA-FMIVXFBMSA-N,CC(C)(C)c1cc(/C=C/C(=O)NCCC2CCN(Cc3ccc(F)cc3)CC2)cc(C(C)(C)C)c1O,6.00877
5828,SIBXURDGGQDAOC-JXMROGBWSA-N,CC(C)(C)c1cc(/C=C/C(=O)NCCC2CCN(Cc3ccc(F)cc3F)CC2)cc(C(C)(C)C)c1O,5.74958
5829,PIAQBVLTUJMIOG-CSKARUKUSA-N,CC(C)(C)c1cc(/C=C/C(=O)NCCC2CCN(Cc3ccc(F)c(F)c3)CC2)cc(C(C)(C)C)c1O,5.79048
5830,IXKCDKJHBGONNW-VAWYXSNFSA-N,CC(C)(C)c1cc(/C=C/C(=O)NCCC2CCN(Cc3ccccc3Cl)CC2)cc(C(C)(C)C)c1O,5.61261
5831,RYQSPKQMKQUAEH-ZHACJKMWSA-N,CC(C)(C)c1cc(/C=C/C(=O)NCCC2CCN(Cc3cccc(Cl)c3)CC2)cc(C(C)(C)C)c1O,5.59517
5832,VQWLSGGGBVCZAH-FMIVXFBMSA-N,CC(C)(C)c1cc(/C=C/C(=O)NCCC2CCN(Cc3ccc(Br)cc3)CC2)cc(C(C)(C)C)c1O,5.41908
5833,HTVDGYVAZPIPJH-ZHACJKMWSA-N,CC(C)(C)c1cc(/C=C/C(=O)NCCC2CCN(Cc3cccc([N+](=O)[O-])c3)CC2)cc(C(C)(C)C)c1O,5.46092
5834,UIDJKYIGMUKBSW-VAWYXSNFSA-N,CC(C)(C)c1cc(/C=C/C(=O)NCCC2CCN(Cc3ccc(C#N)cc3)CC2)cc(C(C)(C)C)c1O,5.55596
5837,DANIUTWEXULISV-UHFFFAOYSA-N,COc1ccc2nc3c(c(NCCCCCNC(=S)NC45CC6CC(CC(C6)C4)C5)c2c1)CCCC3,6.3279
5838,YCQJXONOYVGKOF-UHFFFAOYSA-N,NC12CC3CC(F)(CC(C1)c1cc(NC(=O)CCCCNc4c5c(nc6cc(Cl)ccc46)CCCC5)ccc13)C2,8.60206
5839,KYDRQPDEAFLWHH-UHFFFAOYSA-N,NC12CC3CC(F)(CC(C1)c1cc(NC(=O)CCCNc4c5c(nc6cc(Cl)ccc46)CCCC5)ccc13)C2,9.52288
5840,KGFCDQGKQARIBX-UHFFFAOYSA-N,FC12CC3CC(NCCCCCNc4c5c(nc6cc(Cl)ccc46)CCCC5)(CC(C1)c1ccccc13)C2,8.85387
5841,PFHHTCZAEAYBFZ-UHFFFAOYSA-N,FC12CC3CC(NCCCCNc4c5c(nc6cc(Cl)ccc46)CCCC5)(CC(C1)c1ccccc13)C2,8.69897
5842,QCLKADUVPRHWRU-UHFFFAOYSA-N,O=C(CCCCNc1c2c(nc3cc(Cl)ccc13)CCCC2)NC12CC3CC(F)(CC(C1)c1ccccc13)C2,8.88606
5843,TYMUTPUANLZRMT-UHFFFAOYSA-N,O=C(CCCNc1c2c(nc3cc(Cl)ccc13)CCCC2)NC12CC3CC(F)(CC(C1)c1ccccc13)C2,8.85387
5849,HMJSYJOCHJOOKM-HMMYKYKNSA-N,O=C(/C=C/c1ccc(OCCCCCCN2CCCC2)cc1)c1ccc(OCCCCCCN2CCCC2)cc1O,6.10791
5850,RDXMXMFYYIGFGR-NTCAYCPXSA-N,O=C(/C=C/c1ccccc1)c1ccc(OCCCCCCN2CCCC2)cc1O,5.49485
5865,NRSCUZWEMZYPRV-UHFFFAOYSA-N,CCCCCCCNC(=O)Oc1ccc2c(c1)CN1CCc3ccccc3C1N2C,5.420109999999999
5867,ZJLQVNQXVJLIGI-UHFFFAOYSA-N,CN1c2ccc(OC(=O)NCCCCCCN3CCCC3)cc2CN2CCc3ccccc3C21,6.05776
5869,GHSNUWWKAOQNSM-UHFFFAOYSA-N,CN1c2ccc(OC(=O)NCCCCCCN3CCCCC3)cc2CN2CCc3ccccc3C21,5.91541
5871,KLTSFNXPVWLHSI-OBGWFSINSA-N,O=C(/C=C/c1ccc([N+](=O)[O-])cc1)NCCCCCCNc1c2c(nc3ccccc13)CCCC2,8.56864
5873,BZVFMSQUPBFGSK-UHFFFAOYSA-N,Cc1cc(C)c(S(=O)(=O)Nc2ccc(C3C4=C(CC(C)(C)CC4=O)N(c4ccc(Br)cc4)C4=C3C(=O)CC(C)(C)C4)cc2)c(C)c1,6.85387
5874,AKHUHXLIAAFKEN-UHFFFAOYSA-N,Cc1c(C)c2ccc(OCC3CCN(Cc4cccc(CO)c4)CC3)cc2oc1=O,5.85387
5875,QLFPNOYDCBXGNI-UHFFFAOYSA-N,Cc1c(C)c2ccc(OCC3CCN(Cc4cccc(OCCCO)c4)CC3)cc2oc1=O,6.07572
5876,IEMVOQOAOQXSRB-UHFFFAOYSA-N,Cc1c(C)c2ccc(OCC3CCN(CCCO)CC3)cc2oc1=O,6.05061
5877,NBANFZDFABUAHK-UHFFFAOYSA-N,Cc1c(C)c2ccc(OCC3CCN(Cc4cccc(CO[N+](=O)[O-])c4)CC3)cc2oc1=O,5.88606
5878,OYUDOWGNEYPOED-UHFFFAOYSA-N,Cc1c(C)c2ccc(OCC3CCN(CCCO[N+](=O)[O-])CC3)cc2oc1=O,6.0655
5879,XOEFPFRIFYUXTJ-UHFFFAOYSA-N,Cc1c(C)c2ccc(OCC3CCN(Cc4cccc(OCCCO[N+](=O)[O-])c4)CC3)cc2oc1=O,6.31876
5882,DUUYHLUSDHATNS-UHFFFAOYSA-N,COc1c(C(=O)CCC2CCN(CC3CCCCC3)CC2)cc(Cl)c2[nH]ccc12,7.03905
5883,MPSZYPNQOASYLS-UHFFFAOYSA-N,COc1c(C(=O)CCC2CCN(Cc3ccccc3)CC2)cc(Cl)c2[nH]c([Si](C)(C)C)cc12,6.56067
5884,BXNNACCQTQBSOO-UHFFFAOYSA-N,COc1c(C(=O)CCC2CCN(Cc3ccccc3)CC2)cc(Cl)c2[nH]ccc12,7.69037
5885,JWNWVBYZLJCIIB-UHFFFAOYSA-N,O=C(CCC1CCN(CC2CCCCC2)CC1)c1cc(Cl)c2[nH]ccc2c1,7.54061
5886,CPQKZLNBCUOHCW-UHFFFAOYSA-N,O=C(CCC1CCN(Cc2ccccc2)CC1)c1ccc2[nH]ccc2c1,7.87615
5887,JBJVWRHVBXWURS-UHFFFAOYSA-N,O=C(CCC1CCN(CC2CCCCC2)CC1)c1ccc2[nH]ccc2c1,7.29243
5888,MIGORCBCNUSMCM-UHFFFAOYSA-N,O=C(CCC1CCN(CC2CCCC2)CC1)c1ccc2[nH]ccc2c1,7.02687
5889,NAPNJRUKMMPNCH-UHFFFAOYSA-N,CCCCN1CCC(CCC(=O)c2ccc3[nH]ccc3c2)CC1,6.14509
5890,DZXRSFAKIAKMMD-UHFFFAOYSA-N,COc1c(C(=O)CCC2CCN(CC3CCCCC3)CC2)ccc2[nH]ccc12,7.39794
5891,WGHVGXHVNKORID-UHFFFAOYSA-N,COc1c(C(=O)CCC2CCN(CC3CCCCC3)CC2)cc(Cl)c2c1ccn2C,7.07366
5892,BWHJWVZOPVYSAH-UHFFFAOYSA-N,COc1c(C(=O)CCC2CCN(CC3CCCCC3)CC2)cc(Cl)c2c1ccn2Cc1ccccc1,6.58403
5893,OCRVFOOHQXMKBB-UHFFFAOYSA-N,COc1c(C(=O)CCC2CCN(CC3CCCCC3)CC2)cc(Cl)c2c1ccn2S(=O)(=O)c1ccccc1,6.25259
5894,ICALDSOVJLIENB-UHFFFAOYSA-N,O=C(CCC1CCN(CC2CCCCC2)CC1)c1ccc2c(ccn2Cc2ccccc2)c1,6.87615
5914,WQEXQLNOSVQQKJ-UHFFFAOYSA-N,COc1ccc(C2=NN(C(C)=O)C(c3ccc(N4CCN(C)CC4)cc3)C2)cc1OC,5.18709
5922,BOTHFECTSJELMD-UHFFFAOYSA-N,Cc1c(OCc2ccccc2)cccc1N1CCN(CCCCCCNc2c3c(nc4c2CCCC4)CCCC3)CC1,7.85387
5923,LEPYXEMBDAEDMH-UHFFFAOYSA-N,COc1ccccc1CN1CCN(CCCCCOc2cccc3[nH]c4ccccc4c23)CC1,5.61979
5924,BFMCRDMUZOAUJR-UHFFFAOYSA-N,COc1cc2c(cc1OC)-c1cc(OCCN3CCCCC3)nc(=O)n1CC2,5.30103
5925,XKQZQFKGCCBLCH-UHFFFAOYSA-N,COc1ccc2nc3c(c(NCCCCCCCCNC(=S)NC45CC6CC(CC(C6)C4)C5)c2c1)CCCC3,5.79588
5930,CAUGRGPIGSATHE-LFVJCYFKSA-N,C#CCOc1ccc(/C=N/Nc2c3c(nc4ccccc24)CCCC3)cc1,5.56384
5931,UWFZXJWPNDCUOE-UXHLAJHPSA-N,C(=N\Nc1c2c(nc3ccccc13)CCCC2)/c1ccc(OCc2cn(-c3ccccc3)nn2)cc1,6.04576
5932,MZMUBKIIIBTNQJ-KBVAKVRCSA-N,Clc1ccc(-n2cc(COc3ccc(/C=N/Nc4c5c(nc6ccccc46)CCCC5)cc3)nn2)cc1,5.15304
5934,LCNLCVGYIKOJAW-FDAWAROLSA-N,Cc1ccc(-n2cc(COc3ccc(/C=N/Nc4c5c(nc6ccccc46)CCCC5)cc3)nn2)cc1,5.42597
5935,QOCIGUHOSOHOPZ-FDAWAROLSA-N,COc1ccc(-n2cc(COc3ccc(/C=N/Nc4c5c(nc6ccccc46)CCCC5)cc3)nn2)cc1,5.63827
5936,WVIMROQHKDFMRR-KBVAKVRCSA-N,O=C(O)c1ccc(-n2cc(COc3ccc(/C=N/Nc4c5c(nc6ccccc46)CCCC5)cc3)nn2)cc1,5.39469
5937,HUDWJNHJOKPRKI-OCSSWDANSA-N,O=[N+]([O-])c1ccc(-n2cc(COc3ccc(/C=N/Nc4c5c(nc6ccccc46)CCCC5)cc3)nn2)cc1,5.97881
5938,VNUMIBCAIFARQP-OCSSWDANSA-N,O=[N+]([O-])c1cccc(-n2cc(COc3ccc(/C=N/Nc4c5c(nc6ccccc46)CCCC5)cc3)nn2)c1,5.83565
5939,UPFUAMRNRBIMEV-FDAWAROLSA-N,C(=N\Nc1c2c(nc3ccccc13)CCCC2)/c1ccc(OCc2cn(Cc3ccccc3)nn2)cc1,5.97881
5940,DVNIYUWNPGFHPL-KBVAKVRCSA-N,NS(=O)(=O)c1ccc(-n2cc(COc3ccc(/C=N/Nc4c5c(nc6ccccc46)CCCC5)cc3)nn2)cc1,5.95468
5941,ACCSWVGAMRADDI-UHFFFAOYSA-N,S=C(NNc1c2c(nc3ccccc13)CCCC2)Nc1ccccc1,6.21467
5942,HSUWPQYTIZQCMM-UHFFFAOYSA-N,S=C(NNc1c2c(nc3ccccc13)CCCC2)Nc1ccc(Cl)cc1,6.10458
5943,RERMGBWFFCPWCM-UHFFFAOYSA-N,S=C(NNc1c2c(nc3ccccc13)CCCC2)Nc1ccc(Br)cc1,6.24336
5944,RBXHQVFVPFTMCX-UHFFFAOYSA-N,COc1ccc(NC(=S)NNc2c3c(nc4ccccc24)CCCC3)cc1,6.53313
5945,GHGXCYPXBDQVRC-UHFFFAOYSA-N,S=C(NCc1ccccc1)NNc1c2c(nc3ccccc13)CCCC2,6.66154
5946,ZNKBYJMHBTUJRQ-UHFFFAOYSA-N,C=CCNC(=S)NNc1c2c(nc3ccccc13)CCCC2,5.23882
5947,WJZURRJVYGWLGY-UHFFFAOYSA-N,NS(=O)(=O)c1ccc(NC(=S)NNc2c3c(nc4ccccc24)CCCC3)cc1,6.01728
5954,YVKJKOIRYVRHGO-UKTHLTGXSA-N,COc1ccc2[nH]cc(CCNC(=O)CN(CCC3CCN(Cc4ccccc4)CC3)C(=O)/C=C/c3ccc(O)c(OC)c3)c2c1,7.51286
5955,XCEUHRXQIRAKKN-RVDMUPIBSA-N,COc1ccc2[nH]cc(CCNC(=O)CN(CCCC3CCN(Cc4ccccc4)CC3)C(=O)/C=C/c3ccc(O)c(OC)c3)c2c1,7.5817
5956,WIXYVLRIZYZCIN-UHFFFAOYSA-N,c1ccc2c(NCc3ccc(-c4ccc(CNc5c6c(nc7ccccc57)CCCC6)cc4)cc3)c3c(nc2c1)CCCC3,8.44249
5957,XDSJIKQHXRQOIP-KNTRCKAVSA-N,O=C(/C=C/c1ccc(OCc2ccccc2)cc1)NCCNc1c2c(nc3ccccc13)CCCC2,7.21753
5958,VLBMEFQKZXFPCO-FBMGVBCBSA-N,COc1cc(/C=C/C(=O)NCCNc2c3c(nc4ccccc24)CCCC3)ccc1OCc1ccccc1,7.25885
5960,FRHTWDFXZBLZBU-UHFFFAOYSA-N,COc1cc2oc(-c3ccc(NCCCNc4c5c(nc6cc(Cl)ccc46)CCCC5)cc3)cc(=O)c2c(OC)c1OC,8.72125
5961,CCGIYZLQUZJLKH-UHFFFAOYSA-N,COc1cc2oc(-c3ccc(NCCCCNc4c5c(nc6cc(Cl)ccc46)CCCC5)cc3)cc(=O)c2c(OC)c1OC,8.28819
6004,MBXWWOQMVCKTJD-UHFFFAOYSA-N,COc1cc(NCc2ccc(Oc3c(N)cccc3Cl)cc2)cc(OC)c1OC,5.87943
6005,RHGMPEQTBDUBAP-UHFFFAOYSA-N,COc1cc(NCc2ccc(Oc3c(N)cccc3Cl)cc2)cc(OC)c1,5.54061
6008,DSYOYHCOKSRCCB-UHFFFAOYSA-N,Nc1cccc(Cl)c1Oc1ccc(CNc2ccc(O)cc2)cc1,5.05502
6009,RPGKZHKRCUTZJJ-UHFFFAOYSA-N,COc1ccc(NCc2ccc(Oc3c(N)cccc3Cl)cc2)cc1,5.28067
6012,QWWFKMFYKDRACG-UHFFFAOYSA-N,Nc1cccc(Cl)c1Oc1ccc(CNc2cccc(O)c2)cc1,5.14086
6013,XQQWLYKHCORLFB-UHFFFAOYSA-N,COc1cccc(NCc2ccc(Oc3c(N)cccc3Cl)cc2)c1,5.24795
6017,DETGCLIOJUVWEZ-UHFFFAOYSA-N,OC(CNCc1cccc(OCc2ccccc2)c1)Cn1cc(Br)c2cc(Br)ccc21,5.04096
6019,DWTAGOLVNDKSRI-UHFFFAOYSA-N,Cc1ccc2[nH]c3c(c2c1)CN(CCCCCN1CCc2[nH]c4ccc(C)cc4c2C1)CC3,6.70997
6020,OJODVAHCAIUCKZ-UHFFFAOYSA-N,COc1ccc(CNC(=O)C2CCN(C(=O)c3ccccc3)CC2)cc1OC,8.38616
6021,FQFLPZZATVCNLA-UHFFFAOYSA-N,C#CCN(C)Cc1ccc(O)c2ncccc12,5.74473
6022,YKEPKFWKYHJUNN-UHFFFAOYSA-N,COc1ccc2[nH]c3nc4c(c(N)c3c2c1)CCCC4,5.82391
6028,RUDKRUDNBKIVLP-UHFFFAOYSA-N,CCOc1ccc(Cc2nc3cc(C(=O)N(CC)CC)ccc3n2CCNc2c3c(nc4ccccc24)CCCC3)cc1,8.89997
6029,ZVJIYGXYCVEXOA-UHFFFAOYSA-N,CCOc1ccc(Cc2nc3cc(C(=O)N(CC)CC)ccc3n2CCCNc2c3c(nc4ccccc24)CCCC3)cc1,8.50004
6030,BLVUOIKRKMBLEC-UHFFFAOYSA-N,CCOc1ccc(Cc2nc3cc(C(=O)N(CC)CC)ccc3n2CCCCNc2c3c(nc4ccccc24)CCCC3)cc1,7.50004
6031,GWZNJBBWDDNMOZ-UHFFFAOYSA-N,CCOc1ccc(Cc2nc3cc(C(=O)N(CC)CC)ccc3n2CCCCCNc2c3c(nc4ccccc24)CCCC3)cc1,8.19997
6032,UTGZBXOXPAIMOK-UHFFFAOYSA-N,CCOc1ccc(Cc2nc3cc(C(=O)N(CC)CC)ccc3n2CCCCCCNc2c3c(nc4ccccc24)CCCC3)cc1,8.70006
6033,UIKPRYUVBQFRSX-UHFFFAOYSA-N,CCOc1ccc(Cc2nc3cc(C(=O)NCCNc4c5c(nc6ccccc46)CCCC5)ccc3n2CCC(C)C)cc1,7.10002
6034,GMPFGFALXNLDAY-UHFFFAOYSA-N,CCOc1ccc(Cc2nc3cc(C(=O)NCCCNc4c5c(nc6ccccc46)CCCC5)ccc3n2CCC(C)C)cc1,8.50004
6035,YWNNZVOAUVSVFF-UHFFFAOYSA-N,CCOc1ccc(Cc2nc3cc(C(=O)NCCCCNc4c5c(nc6ccccc46)CCCC5)ccc3n2CCC(C)C)cc1,8.0
6036,BQKOWNFTPBQPCP-UHFFFAOYSA-N,CCOc1ccc(Cc2nc3cc(C(=O)NCCCCCNc4c5c(nc6ccccc46)CCCC5)ccc3n2CCC(C)C)cc1,8.10002
6037,IMOLICJGVYGXAG-UHFFFAOYSA-N,CCOc1ccc(Cc2nc3cc(C(=O)NCCCCCCNc4c5c(nc6ccccc46)CCCC5)ccc3n2CCC(C)C)cc1,7.70006
6038,KVXNLJPGYFESSM-UHFFFAOYSA-N,CCOc1ccc(Cc2nc3cc(C(=O)N(CC)CCCCNc4c5c(nc6ccccc46)CCCC5)ccc3n2CCC(C)C)cc1,7.19997
6039,QWAXIXJFJWHJOJ-UHFFFAOYSA-N,CCOc1ccc(Cc2nc3cc(C(=O)N(CC)CC)ccc3n2CCOCCOCCNc2c3c(nc4ccccc24)CCCC3)cc1,7.0
6040,KATPQNPJPWWNSE-UHFFFAOYSA-N,CCOc1ccc(Cc2nc3cc(C(=O)NCCOCCOCCNc4c5c(nc6ccccc46)CCCC5)ccc3n2CCC(C)C)cc1,6.4
6041,GJNQPCWPXQPEOZ-UHFFFAOYSA-N,CCOc1ccc(Cc2nc3cc(C(=O)NCCSSCCNc4c5c(nc6ccccc46)CCCC5)ccc3n2CCC(C)C)cc1,7.10002
6043,LPFRQQSAVVOOFW-FYJGNVAPSA-N,Oc1ccc(/C=N/c2c3c(nc4ccccc24)CCCC3)cc1,5.83121
6044,PQHHHZGJZDSJDP-CIAFOILYSA-N,Oc1ccc(/C=N/c2c3c(nc4ccccc24)CCCC3)cc1O,6.21538
6045,DHQHCSROVOIZIA-UHFFFAOYSA-N,Oc1ccc(CNc2c3c(nc4ccccc24)CCCC3)cc1O,7.0
6046,UPDJYWZNZKMPDX-SRZZPIQSSA-N,Oc1cc(/C=N/c2c3c(nc4ccccc24)CCCC3)cc(O)c1O,5.98297
6047,KRJKXHMZSOYNPZ-UHFFFAOYSA-N,Oc1ccc(CNCCCCCCNc2c3c(nc4ccccc24)CCCC3)cc1O,7.5376
6048,WZYKETQNVWSQLW-UHFFFAOYSA-N,COc1ccc(CCOCCCCCNc2c3c(nc4ccccc24)CCCC3)cc1,6.66555
6049,HEPJUELRSNLABC-UHFFFAOYSA-N,COc1ccc(CCOCCCCCNc2c3c(nc4ccccc24)CCCC3)cc1OC,6.77469
6050,UHCNDWKIQWKBPR-UHFFFAOYSA-N,c1ccc(COc2ccc(CCOCCCCCNc3c4c(nc5ccccc35)CCCC4)cc2)cc1,6.34294
6051,KABZVCNOZFGCQY-UHFFFAOYSA-N,c1ccc(COc2ccc(CCOCCCCCNc3c4c(nc5ccccc35)CCCC4)cc2OCc2ccccc2)cc1,6.29585
6052,AZMKNSQZSVBTKB-UHFFFAOYSA-N,Oc1ccc(CCOCCCCCNc2c3c(nc4ccccc24)CCCC3)cc1,6.84771
6053,HHMHVPYNIQVEKU-UHFFFAOYSA-N,Oc1ccc(CCOCCCCCNc2c3c(nc4ccccc24)CCCC3)cc1O,6.266
6055,WJKHUZSNGGHVOF-UHFFFAOYSA-N,COc1cc(N)c(Cl)cc1C(=O)CCC1CCN(Cc2ccc(O)c(O)c2)CC1,6.86044
6056,MJZWGMRLOIJCMD-UHFFFAOYSA-N,COc1cc(CN2CCC(CCC(=O)c3cc(Cl)c(N)cc3OC)CC2)ccc1O,6.27165
6061,MRFSMIRSXXECOJ-UTFQDXCBSA-N,COC(=O)/C(=C\C(=O)c1cc(O)ccc1O)CC/C=C(\C)CCC=C(C)C,5.08619
6063,UKIGXRPAJQOYHR-UHFFFAOYSA-N,Cc1ccc2oc(-c3ccc(OCCCCCCN4CCCCCC4)cc3)cc(=O)c2c1,6.31876
6064,NDDYCWJCTGXGIS-UHFFFAOYSA-N,Cc1ccc2oc(-c3ccc(OCCCCCCN4CCCCC4)cc3)cc(=O)c2c1,6.4437
6067,USYRQXDHKXGTCK-UHFFFAOYSA-N,Cc1cc(N2CCCCC2)nc2ccccc12,6.07572
6068,FNTHJTUPRVAXFZ-UHFFFAOYSA-N,O=C(NNC(=S)Nc1ccc(Cl)c(Cl)c1)c1ccccc1O,6.284
6073,GJARULZXVOTKRA-CCDWMCETSA-N,CC[C@@H](CN1CCCC1=O)C(=O)NCCCCCCCNc1c2c(nc3cc(Cl)ccc13)C[C@H]1C=C(C)C[C@@H]2C1,8.37675
6074,KVFYASGAAUBFSE-UHFFFAOYSA-N,O=C(Cc1cc(=O)oc2cc(O)ccc12)NCCCNCCNCCCNc1c2c(nc3ccccc13)CCCC2,7.42022
6079,JRYNVBKKSAGWOO-UHFFFAOYSA-N,O=C(Nc1cccc(-c2cn(CCNc3c4c(nc5ccccc35)CCCC4)nn2)n1)Nc1cccc2c1C1CCCCN1C2=O,6.87615
6080,OUNZLBTXEMRQQC-UHFFFAOYSA-N,O=C(Nc1ccc(-c2cn(CCNc3c4c(nc5ccccc35)CCCC4)nn2)cn1)Nc1cccc2c1C1CCCCN1C2=O,9.09691
6081,BNBWNJAILLASJW-PMERELPUSA-N,O=C(Nc1cc(-c2cn(CCNc3c4c(nc5ccccc35)CCCC4)nn2)ccn1)Nc1cccc2c1[C@@H]1CCCCN1C2=O,7.86328
6082,BNBWNJAILLASJW-SSEXGKCCSA-N,O=C(Nc1cc(-c2cn(CCNc3c4c(nc5ccccc35)CCCC4)nn2)ccn1)Nc1cccc2c1[C@H]1CCCCN1C2=O,8.02228
6083,BNBWNJAILLASJW-UHFFFAOYSA-N,O=C(Nc1cc(-c2cn(CCNc3c4c(nc5ccccc35)CCCC4)nn2)ccn1)Nc1cccc2c1C1CCCCN1C2=O,7.9431
6084,ZETZOOFGTLYZGU-UHFFFAOYSA-N,O=C(Nc1cc(CCc2cn(CCNc3c4c(nc5ccccc35)CCCC4)nn2)ccn1)Nc1cccc2c1C1CCCCN1C2=O,7.62709
6085,JFZKYPJKWAMWMK-UHFFFAOYSA-N,CN(Cc1ccnc(NC(=O)Nc2cccc3c2C2CCCCN2C3=O)c1)Cc1cn(CCNc2c3c(nc4ccccc24)CCCC3)nn1,7.2321
6086,IDMGTGWKKYHBFA-UHFFFAOYSA-N,O=C(Nc1cc(COCc2cn(CCNc3c4c(nc5ccccc35)CCCC4)nn2)ccn1)Nc1cccc2c1C1CCCCN1C2=O,7.68194
6089,IZGHBNGGZIMGSC-UHFFFAOYSA-N,O=C(CCCCCNc1c2c(nc3cc(Cl)ccc13)CCCC2)NCCc1cc2ccccc2[nH]1,9.13668
6092,MSZVAOQNSCIOAB-UHFFFAOYSA-N,NC(Cc1c[nH]c2ccccc12)C(=O)NCCCCCCNc1c2c(nc3cc(Cl)ccc13)CCCC2,8.13077
6093,MSZVAOQNSCIOAB-RUZDIDTESA-N,N[C@H](Cc1c[nH]c2ccccc12)C(=O)NCCCCCCNc1c2c(nc3cc(Cl)ccc13)CCCC2,8.16115
6094,GFMYQRNZXTUENT-QFIPXVFZSA-N,COc1ccc2nc3c(c(NCCNC(=O)[C@@H](N)Cc4c[nH]c5ccccc45)c2c1)CCCC3,5.24413
6095,FRUHEQBKJAVKNR-QHCPKHFHSA-N,COc1ccc2nc3c(c(NCCCNC(=O)[C@@H](N)Cc4c[nH]c5ccccc45)c2c1)CCCC3,5.88606
6097,ODGYOTYMWFEDPR-VWLOTQADSA-N,COc1ccc2nc3c(c(NCCCCCNC(=O)[C@@H](N)Cc4c[nH]c5ccccc45)c2c1)CCCC3,6.20761
6098,PIQLGTWEYNORDA-SANMLTNESA-N,COc1ccc2nc3c(c(NCCCCCCNC(=O)[C@@H](N)Cc4c[nH]c5ccccc45)c2c1)CCCC3,6.02687
6099,YYMUQEIOHNQFHD-MHZLTWQESA-N,COc1ccc2nc3c(c(NCCCCCCCNC(=O)[C@@H](N)Cc4c[nH]c5ccccc45)c2c1)CCCC3,6.00877
6100,BMKLRTWRKHBPOD-NDEPHWFRSA-N,COc1ccc2nc3c(c(NCCCCCCCCNC(=O)[C@@H](N)Cc4c[nH]c5ccccc45)c2c1)CCCC3,5.88606
6101,LNSAIWZSMKGWEC-NRFANRHFSA-N,N[C@@H](Cc1c[nH]c2ccccc12)C(=O)NCCNc1c2c(nc3cc(Cl)ccc13)CCCC2,6.79588
6102,KEGGORLMXIOPRP-QFIPXVFZSA-N,N[C@@H](Cc1c[nH]c2ccccc12)C(=O)NCCCNc1c2c(nc3cc(Cl)ccc13)CCCC2,7.1549
6103,WKYCVHHGPCFKPD-QHCPKHFHSA-N,N[C@@H](Cc1c[nH]c2ccccc12)C(=O)NCCCCNc1c2c(nc3cc(Cl)ccc13)CCCC2,7.20761
6104,XBJIRKNODSWCBD-DEOSSOPVSA-N,N[C@@H](Cc1c[nH]c2ccccc12)C(=O)NCCCCCNc1c2c(nc3cc(Cl)ccc13)CCCC2,7.11919
6105,MSZVAOQNSCIOAB-VWLOTQADSA-N,N[C@@H](Cc1c[nH]c2ccccc12)C(=O)NCCCCCCNc1c2c(nc3cc(Cl)ccc13)CCCC2,8.20066
6106,OMSRHGDYMHUMTI-SANMLTNESA-N,N[C@@H](Cc1c[nH]c2ccccc12)C(=O)NCCCCCCCNc1c2c(nc3cc(Cl)ccc13)CCCC2,7.72125
6107,UOCRSSGPPUIQOX-MHZLTWQESA-N,N[C@@H](Cc1c[nH]c2ccccc12)C(=O)NCCCCCCCCNc1c2c(nc3cc(Cl)ccc13)CCCC2,7.30103
6108,IAWFZVSZFNIINF-NRFANRHFSA-N,N[C@@H](Cc1c[nH]c2ccccc12)C(=O)NCCNc1c2c(nc3ccccc13)CCCC2,6.13668
6109,QEILUNIAOIINON-QFIPXVFZSA-N,N[C@@H](Cc1c[nH]c2ccccc12)C(=O)NCCCNc1c2c(nc3ccccc13)CCCC2,6.23657
6110,JKAMSUWXIOJFTB-QHCPKHFHSA-N,N[C@@H](Cc1c[nH]c2ccccc12)C(=O)NCCCCNc1c2c(nc3ccccc13)CCCC2,5.88606
6111,CYZAREYILAFECL-DEOSSOPVSA-N,N[C@@H](Cc1c[nH]c2ccccc12)C(=O)NCCCCCNc1c2c(nc3ccccc13)CCCC2,6.49485
6113,UJZHPVYTIDIEKK-SANMLTNESA-N,N[C@@H](Cc1c[nH]c2ccccc12)C(=O)NCCCCCCCNc1c2c(nc3ccccc13)CCCC2,6.92082
6114,HRGIMFWURMHSRX-MHZLTWQESA-N,N[C@@H](Cc1c[nH]c2ccccc12)C(=O)NCCCCCCCCNc1c2c(nc3ccccc13)CCCC2,7.11919
6116,AMKXSJPNKIFVBS-UHFFFAOYSA-N,Brc1ccc(-c2nnn3c2C2c4ccccc4CCN2Cc2ccccc2-3)cc1,6.60206
6120,ZNFVRQSXKUHURV-UHFFFAOYSA-N,O=C(c1ccccc1Cl)n1nc(OCCN2CCCC2)c2ccccc21,5.01323
6121,LZRROHVTKKVZEE-UHFFFAOYSA-N,O=C(c1ccccc1Cl)n1nc(OCCCN2CCCCC2)c2ccccc21,5.01323
6127,DFRKMFTYHPJZPY-UHFFFAOYSA-N,O=C(c1c(F)ccc(F)c1F)n1nc(OCCN2CCCCC2)c2ccccc21,5.02687
6142,REUPXWMWDMMODN-MHWRWJLKSA-N,O=C1N/C(=N\c2ccc3oc(=O)ccc3c2)S/C1=C/c1ccccc1,7.02641
6143,VCFKBYXCFDZGGP-UHFFFAOYSA-N,O=C(CNc1ccc2oc(=O)ccc2c1)N1CCOCC1,7.4318
6144,AKCQVKULWVLHMR-UHFFFAOYSA-N,O=C(CNc1ccc2oc(=O)ccc2c1)N1CCN(c2ccccc2)CC1,7.09691
6145,NGGRBSLMIDZMRP-UHFFFAOYSA-N,COc1ccc(C(=O)CNc2ccc3oc(=O)ccc3c2)cc1,7.25964
6146,NPIBXWJMYNWBHM-UHFFFAOYSA-N,O=C(CNc1ccc2oc(=O)ccc2c1)c1ccccc1,6.82974
6147,VIPFRQXJBJUMLE-UHFFFAOYSA-N,CSc1ccc(C2SCC(=O)N2c2ccc3oc(=O)ccc3c2)cc1,6.50724
6148,ZHOBXFDNJYCWOK-UHFFFAOYSA-N,O=C1CSC(c2ccc(F)cc2)N1c1ccc2oc(=O)ccc2c1,6.9914
6149,SIVGBONSDGNUGI-UHFFFAOYSA-N,COc1ccc(C2SCC(=O)N2c2ccc3oc(=O)ccc3c2)cc1,7.14813
6150,ZZPNBPQPJRVOMS-VCHYOVAHSA-N,O=c1ccc2cc(/N=C/c3ccc(Br)cc3)ccc2o1,7.24489
6151,ZKQGSSZNZGKUHL-XDHOZWIPSA-N,CN(C)c1ccc(/C=N/c2ccc3oc(=O)ccc3c2)cc1,7.38722
6152,RBBODLPAWOESCD-VCHYOVAHSA-N,O=c1ccc2cc(/N=C/c3ccc(Cl)cc3)ccc2o1,7.10292
6153,OFYBBBZAJKDRIN-WOJGMQOQSA-N,CSc1ccc(/C=N/c2ccc3oc(=O)ccc3c2)cc1,6.76422
6154,ALVSUYDOTINZNT-VCHYOVAHSA-N,O=c1ccc2cc(/N=C/c3ccc(F)cc3)ccc2o1,6.64589
6155,MPZOWFXNJLLYIO-WOJGMQOQSA-N,COc1ccc(/C=N/c2ccc3oc(=O)ccc3c2)cc1,6.86934
6156,JGGXMRCFUJMMJT-GZTJUZNOSA-N,O=c1ccc2cc(/N=C/c3ccccc3)ccc2o1,6.94157
6157,NMUYXKGDKIKNFS-LICLKQGHSA-N,COc1ccc(/C=C2/S/C(=N/c3ccc4oc(=O)ccc4c3)NC2=O)cc1,7.30277
6158,SFVHAIDUIJGMSM-CXUHLZMHSA-N,O=C1N/C(=N\c2ccc3oc(=O)ccc3c2)S/C1=C/c1ccc(F)cc1,6.66555
6159,BJQFTULFEHYYFF-LICLKQGHSA-N,CSc1ccc(/C=C2/S/C(=N/c3ccc4oc(=O)ccc4c3)NC2=O)cc1,6.82189
6160,VJCSKCRTROHSRP-CXUHLZMHSA-N,O=C1N/C(=N\c2ccc3oc(=O)ccc3c2)S/C1=C/c1ccc(Cl)cc1,6.7607
6161,IGKXKYWBWJLCKO-WOJGMQOQSA-N,CN(C)c1ccc(/C=C2/S/C(=N/c3ccc4oc(=O)ccc4c3)NC2=O)cc1,7.07572
6162,ISVNQARPXSBWBP-CXUHLZMHSA-N,O=C1N/C(=N\c2ccc3oc(=O)ccc3c2)S/C1=C/c1ccc(Br)cc1,6.55846
6163,SEDROBTYPDYXTC-UHFFFAOYSA-N,COc1ccc(NCC(=O)Nc2ccc3oc(=O)ccc3c2)cc1,7.25806
6164,DOFZSIJMSZOTTG-UHFFFAOYSA-N,O=C(CNc1ccc(F)cc1)Nc1ccc2oc(=O)ccc2c1,7.20761
6167,PRJLAHGUHLUZIL-UHFFFAOYSA-N,Fc1ccc2[nH]c3c(c2c1)C[PH](Cc1cccc2ccccc12)(c1ccccc1)CC3,5.67551
6168,JDMMDHVJRHVVMQ-UHFFFAOYSA-N,Oc1ccc2[nH]c3c(c2c1)C[PH](Cc1cccc2ccccc12)(c1ccccc1)CC3,5.58436
6170,ZDESNDWWUUVJLG-UHFFFAOYSA-N,Cc1cc(Nc2nccc(-c3sc(C4CCNCC4)nc3-c3ccc(F)cc3)n2)ccn1,6.39794
6175,NKKAMUQXVHRNQH-UHFFFAOYSA-N,CCOc1ccc2[nH]c(SCc3cn(CC4CCN(Cc5ccccc5)CC4)nn3)nc2c1,5.16115
6176,PPCLZSQPGRUGBH-UHFFFAOYSA-N,c1ccc(CN2CCC(Cn3cc(CSc4nc5ccccc5[nH]4)nn3)CC2)cc1,5.1349
6177,XORLKAVTXLAHSI-UHFFFAOYSA-N,COc1cc2ncnc(NCc3cn(CC4CCN(Cc5ccccc5)CC4)nn3)c2cc1OC,5.4045
6178,GTJVRLSLZZLTQZ-UHFFFAOYSA-N,c1ccc(CN2CCC(Cn3cc(CNc4ncnc5ccccc45)nn3)CC2)cc1,5.37469
6181,FFRRFBBXYMQKCX-UHFFFAOYSA-N,O=C1c2ccccc2C(=O)N1Cc1cn(CC2CCN(Cc3ccccc3)CC2)nn1,5.3098
6182,WAMFQMXOUNENQQ-UHFFFAOYSA-N,COc1cc2c(cc1OC)C(=O)C(Cc1cn(CC3CCN(Cc4ccccc4)CC3)nn1)C2,5.30803
6184,OCKGFTQIICXDQW-ZEQRLZLVSA-N,Cc1c([C@@H](O)CN2CCN(C[C@H](O)c3ccc4c(c3C)COC4=O)CC2)ccc2c1COC2=O,5.00261
6190,RWRXVWVTDMVZPB-UHFFFAOYSA-N,Fc1ccc(CNC2CCN(Cc3ccccc3)CC2)c(F)c1,6.14874
6191,WUVQDFKBUGKFCX-UHFFFAOYSA-N,Fc1ccc(CNC2CCN(Cc3ccccc3)CC2)cc1,5.92082
6192,SNVYJMWDDMTGPN-UHFFFAOYSA-N,Clc1ccc(CNC2CCN(Cc3ccccc3)CC2)c(Cl)c1,6.20761
6193,NQBDQXKOFMTXFA-UHFFFAOYSA-N,Clc1ccc(CNC2CCN(Cc3ccccc3)CC2)cc1,6.07058
6194,AYNXCVSHNGEPCV-UHFFFAOYSA-N,FC(F)(F)Oc1ccc(CNC2CCN(Cc3ccccc3)CC2)cc1,6.22915
6195,KAYKWKOWEOGULE-UHFFFAOYSA-N,FC(F)(F)c1ccc(CNC2CCN(Cc3ccccc3)CC2)cc1,6.95861
6196,KYNUDYSVLRIHRE-UHFFFAOYSA-N,O=[N+]([O-])c1ccc(CNC2CCN(Cc3ccccc3)CC2)cc1,6.14267
6197,KPAHTAFRNBMJNE-UHFFFAOYSA-N,Cc1ccc(CNC2CCN(Cc3ccccc3)CC2)cc1,5.4318
6198,YWXGLRXKEHBFPE-UHFFFAOYSA-N,Cc1cccc(CNC2CCN(Cc3ccccc3)CC2)c1,5.38722
6199,DWFUTZFPGPEXNL-UHFFFAOYSA-N,Oc1ccc(CNC2CCN(Cc3ccccc3)CC2)c(O)c1,5.63827
6200,KWYMUFDXOHWFJH-UHFFFAOYSA-N,Oc1ccc(CNC2CCN(Cc3ccccc3)CC2)cc1,5.39794
6201,PEZATUMKVOFZTR-UHFFFAOYSA-N,Oc1ccccc1CNC1CCN(Cc2ccccc2)CC1,5.61979
6202,CSEFTIOVIZHTNF-UHFFFAOYSA-N,COc1cc(CNC2CCN(Cc3ccccc3)CC2)cc(OC)c1OC,5.65758
6203,ZZWIYXVNVZCOSL-UHFFFAOYSA-N,c1ccc(CNC2CCN(Cc3ccccc3)CC2)cc1,5.76955
6204,VOWMHOISFVDLCZ-UHFFFAOYSA-N,COc1cccc(CNC2CCN(Cc3ccccc3)CC2)c1OC,5.65758
6205,ANHVBBGBJUVDKT-LPYMAVHISA-N,Fc1ccc(/C=N/C2CCN(Cc3ccccc3)CC2)c(F)c1,5.88606
6206,UUWGJQGTYROTGL-KGENOOAVSA-N,Fc1ccc(/C=N/C2CCN(Cc3ccccc3)CC2)cc1,5.5376
6207,KKXQSDTWYAMGIF-LPYMAVHISA-N,Clc1ccc(/C=N/C2CCN(Cc3ccccc3)CC2)c(Cl)c1,5.88606
6208,ZCUFEVHIUABIOG-KGENOOAVSA-N,Clc1ccc(/C=N/C2CCN(Cc3ccccc3)CC2)cc1,5.82391
6209,QOHKCTPBTRSARF-ZVHZXABRSA-N,FC(F)(F)Oc1ccc(/C=N/C2CCN(Cc3ccccc3)CC2)cc1,6.0
6210,AXJYQEFCPXMBGY-ZVHZXABRSA-N,FC(F)(F)c1ccc(/C=N/C2CCN(Cc3ccccc3)CC2)cc1,6.35655
6211,COVOFUSTFFLTKA-XSFVSMFZSA-N,O=[N+]([O-])c1ccc(/C=N/C2CCN(Cc3ccccc3)CC2)cc1,6.04576
6212,RPRMFIFIXJKQNV-RCCKNPSSSA-N,Cc1ccc(/C=N/C2CCN(Cc3ccccc3)CC2)cc1,5.35655
6214,NGERANTYJBWJKM-DEDYPNTBSA-N,Oc1ccc(/C=N/C2CCN(Cc3ccccc3)CC2)c(O)c1,5.58503
6215,MMNQEFJTQDLXSH-XSFVSMFZSA-N,Oc1ccc(/C=N/C2CCN(Cc3ccccc3)CC2)cc1,5.31876
6216,FMRVKMBYBQMTPS-XSFVSMFZSA-N,Oc1ccccc1/C=N/C1CCN(Cc2ccccc2)CC1,5.55284
6218,VVQPLYAHXAZPHF-HMMYKYKNSA-N,C(=N\C1CCN(Cc2ccccc2)CC1)/c1ccccc1,5.67778
6222,ARLFGJNFOMNXIQ-UHFFFAOYSA-N,COc1ccc(-c2nc(NC3CCN(Cc4ccc(C(F)(F)F)cc4)CC3)sc2-c2ccc(OC)cc2)cc1,6.12494
6223,QBSKCKXTLASIRW-UHFFFAOYSA-N,COc1ccc(CN2CCC(Nc3nc(-c4ccc(OC)cc4)c(-c4ccc(OC)cc4)s3)CC2)cc1,6.11351
6224,RCNPQETVOMKGRM-UHFFFAOYSA-N,COc1ccc(-c2nc(NC3CCN(Cc4ccc(C)cc4)CC3)sc2-c2ccc(OC)cc2)cc1,6.08092
6225,DCOKCSRXAPRZJS-UHFFFAOYSA-N,Fc1ccc(CN2CCC(Nc3nc(-c4ccc(Cl)cc4)c(-c4ccc(Cl)cc4)s3)CC2)c(Cl)c1,6.4318
6226,OLVVWVXHBQTZRY-UHFFFAOYSA-N,N#Cc1ccc(CN2CCC(Nc3nc(-c4ccc(Cl)cc4)c(-c4ccc(Cl)cc4)s3)CC2)cc1,5.9914
6227,NIYJGHRSFITDCK-UHFFFAOYSA-N,COc1ccc(CN2CCC(Nc3nc(-c4ccc(Cl)cc4)c(-c4ccc(Cl)cc4)s3)CC2)cc1,5.95078
6228,CKIUOHBAAOVIJX-UHFFFAOYSA-N,Cc1ccc(CN2CCC(Nc3nc(-c4ccc(Cl)cc4)c(-c4ccc(Cl)cc4)s3)CC2)cc1,5.49621
6229,SWXGPRWGTHKINF-UHFFFAOYSA-N,Clc1ccc(-c2nc(NC3CCN(Cc4ccccc4)CC3)sc2-c2ccc(Cl)cc2)cc1,5.86012
6230,BTQWMWXRHHEZLJ-UHFFFAOYSA-N,Cc1ccc(CN2CCC(Nc3nc(-c4ccc(C)cc4)c(-c4ccc(C)cc4)s3)CC2)cc1,5.96257
6231,UFCCFJLCKHGETC-UHFFFAOYSA-N,Cc1ccc(-c2nc(NC3CCN(Cc4ccccc4)CC3)sc2-c2ccc(C)cc2)cc1,5.89279
6232,GKVMJVDKXNJERX-UHFFFAOYSA-N,COc1ccc(-c2nc(NCC3CCN(Cc4c(F)cccc4Cl)CC3)sc2-c2ccc(OC)cc2)cc1,6.4437
6233,WYAAXMCFRXQPNY-UHFFFAOYSA-N,COc1ccc(-c2nc(NCC3CCN(Cc4ccccc4C(F)(F)F)CC3)sc2-c2ccc(OC)cc2)cc1,6.16115
6234,LGYZVNPECLNTJE-UHFFFAOYSA-N,COc1ccc(-c2nc(NCC3CCN(Cc4ccccc4C)CC3)sc2-c2ccc(OC)cc2)cc1,6.22915
6235,ZMMDRCZWLLXKFJ-UHFFFAOYSA-N,Fc1ccc(CN2CCC(CNc3nc(-c4ccc(Cl)cc4)c(-c4ccc(Cl)cc4)s3)CC2)c(C(F)(F)F)c1,5.90658
6236,ZGYZYFFEQOIELG-UHFFFAOYSA-N,Fc1ccc(CN2CCC(CNc3nc(-c4ccc(Cl)cc4)c(-c4ccc(Cl)cc4)s3)CC2)c(Cl)c1,6.284
6237,AVJSOHMZQDCZLD-UHFFFAOYSA-N,Fc1cc(F)cc(CN2CCC(CNc3nc(-c4ccc(Cl)cc4)c(-c4ccc(Cl)cc4)s3)CC2)c1,6.20066
6238,KDHWXYCRFWFNAS-UHFFFAOYSA-N,Cc1ccccc1CN1CCC(CNc2nc(-c3ccc(Cl)cc3)c(-c3ccc(Cl)cc3)s2)CC1,6.06048
6239,VRNMNLPNRFRXDM-UHFFFAOYSA-N,Cc1ccc(-c2nc(NCC3CCN(Cc4ccc(F)cc4)CC3)sc2-c2ccc(C)cc2)cc1,6.4318
6240,QGKQRUPULPYQAC-UHFFFAOYSA-N,Cc1ccc(-c2nc(NCC3CCN(Cc4cc(F)cc(F)c4)CC3)sc2-c2ccc(C)cc2)cc1,6.52288
6241,GEJGLTWIEMSGMI-UHFFFAOYSA-N,Cc1ccc(-c2nc(NCC3CCN(Cc4ccccc4C(F)(F)F)CC3)sc2-c2ccc(C)cc2)cc1,6.39794
6242,XSVXXWBXWMWODI-UHFFFAOYSA-N,Cc1ccc(-c2nc(NCC3CCN(Cc4ccccc4C)CC3)sc2-c2ccc(C)cc2)cc1,6.30103
6243,CIHYPWXDKRZDGE-UHFFFAOYSA-N,COc1ccc(-c2nc(NC(=O)C3CCN(Cc4ccc(F)cc4C(F)(F)F)CC3)sc2-c2ccc(OC)cc2)cc1,5.91009
6244,FMOLUPOSSFZALR-UHFFFAOYSA-N,COc1ccc(-c2nc(NC(=O)C3CCN(Cc4ccccc4C#N)CC3)sc2-c2ccc(OC)cc2)cc1,5.55284
6245,HVNNYUJRWYOLPC-UHFFFAOYSA-N,COc1ccc(-c2nc(NC(=O)C3CCN(Cc4c(F)cccc4Cl)CC3)sc2-c2ccc(OC)cc2)cc1,6.38722
6246,WEFFINQGWJQUMQ-UHFFFAOYSA-N,COc1ccc(-c2nc(NC(=O)C3CCN(Cc4ccc(F)cc4)CC3)sc2-c2ccc(OC)cc2)cc1,5.93554
6247,ZYKDPKHIJHFMSS-UHFFFAOYSA-N,COc1ccc(-c2nc(NC(=O)C3CCN(Cc4cc(F)cc(F)c4)CC3)sc2-c2ccc(OC)cc2)cc1,5.61083
6248,GYNHZAHQEFAGJK-UHFFFAOYSA-N,COc1ccc(-c2nc(NC(=O)C3CCN(Cc4cccc(F)c4)CC3)sc2-c2ccc(OC)cc2)cc1,6.24413
6249,RLYFWJDIVYZVTH-UHFFFAOYSA-N,COc1ccc(-c2nc(NC(=O)C3CCN(Cc4ccccc4C(F)(F)F)CC3)sc2-c2ccc(OC)cc2)cc1,6.16749
6250,CCXYJRSEOJUDQL-UHFFFAOYSA-N,COc1ccc(-c2nc(NC(=O)C3CCN(Cc4ccccc4C)CC3)sc2-c2ccc(OC)cc2)cc1,5.8729
6251,GLSFHIYDEXRABI-UHFFFAOYSA-N,O=C(Nc1nc(-c2ccc(Cl)cc2)c(-c2ccc(Cl)cc2)s1)C1CCN(Cc2ccc(OC(F)(F)F)cc2)CC1,5.86012
6252,RQSSUVAKXUVOBX-UHFFFAOYSA-N,N#Cc1ccccc1CN1CCC(C(=O)Nc2nc(-c3ccc(Cl)cc3)c(-c3ccc(Cl)cc3)s2)CC1,5.75203
6253,HKCIOSFWIMKXKB-UHFFFAOYSA-N,O=C(Nc1nc(-c2ccc(Cl)cc2)c(-c2ccc(Cl)cc2)s1)C1CCN(Cc2ccc(F)cc2Cl)CC1,5.4318
6254,NYIVZAOAOSABAD-UHFFFAOYSA-N,O=C(Nc1nc(-c2ccc(Cl)cc2)c(-c2ccc(Cl)cc2)s1)C1CCN(Cc2cc(F)cc(F)c2)CC1,6.19382
6255,UKWBRAIAVTYTRI-UHFFFAOYSA-N,O=C(Nc1nc(-c2ccc(Cl)cc2)c(-c2ccc(Cl)cc2)s1)C1CCN(Cc2cccc(F)c2)CC1,6.18709
6256,NHJYZIKZNHPFGM-UHFFFAOYSA-N,O=C(Nc1nc(-c2ccc(Cl)cc2)c(-c2ccc(Cl)cc2)s1)C1CCN(Cc2ccccc2C(F)(F)F)CC1,5.55752
6257,BMQDPDNXZLCIBS-UHFFFAOYSA-N,Cc1ccccc1CN1CCC(C(=O)Nc2nc(-c3ccc(Cl)cc3)c(-c3ccc(Cl)cc3)s2)CC1,5.95861
6259,NXEFSPQKVIRTBY-UHFFFAOYSA-N,Cc1ccc(-c2nc(NC(=O)C3CCN(Cc4ccc([N+](=O)[O-])cc4)CC3)sc2-c2ccc(C)cc2)cc1,5.63451
6260,FQGHHVRMNYDPNO-UHFFFAOYSA-N,Cc1ccc(-c2nc(NC(=O)C3CCN(Cc4ccc(C#N)cc4)CC3)sc2-c2ccc(C)cc2)cc1,5.89279
6261,BAIXDTONAFBRQB-UHFFFAOYSA-N,Cc1ccc(-c2nc(NC(=O)C3CCN(Cc4c(F)cccc4Cl)CC3)sc2-c2ccc(C)cc2)cc1,5.54061
6263,HOXPBZAZYWNBBS-UHFFFAOYSA-N,Cc1ccc(-c2nc(NC(=O)C3CCN(Cc4cc(F)cc(F)c4)CC3)sc2-c2ccc(C)cc2)cc1,5.60206
6265,WUTPTCKMWDKNCG-UHFFFAOYSA-N,Cc1ccc(-c2nc(NC(=O)C3CCN(Cc4ccccc4C(F)(F)F)CC3)sc2-c2ccc(C)cc2)cc1,5.1209
6274,FXEUHDCDRKHKGM-UHFFFAOYSA-N,Cc1cccc(C2C([N+](=O)[O-])C(Cc3c[nH]cn3)NC23c2ccccc2-c2nc4ccccc4nc23)c1,5.10791
6275,OXXZYCGXYYQBCJ-UHFFFAOYSA-N,Cc1ccc(C2C([N+](=O)[O-])C(Cc3c[nH]cn3)NC23c2ccccc2-c2nc4ccccc4nc23)cc1,5.69465
6276,SLXSPHAYNAQJBQ-UHFFFAOYSA-N,COc1ccccc1C1C([N+](=O)[O-])C(Cc2c[nH]cn2)NC12c1ccccc1-c1nc3ccccc3nc12,5.28233
6277,MLFJUBNESDQKEA-UHFFFAOYSA-N,COc1cccc(C2C([N+](=O)[O-])C(Cc3c[nH]cn3)NC23c2ccccc2-c2nc4ccccc4nc23)c1,5.03621
6278,JUPLNCDYYPPYDS-UHFFFAOYSA-N,COc1ccc(C2C([N+](=O)[O-])C(Cc3c[nH]cn3)NC23c2ccccc2-c2nc4ccccc4nc23)cc1,5.68825
6282,YOTWECPFSLWEAX-MTDXEUNCSA-N,O=C1CN(/N=C/c2ccc(-c3ccc([N+](=O)[O-])cc3)o2)C(=O)N1CCN1CCN(Cc2ccccc2)CC1,6.6968
6283,LELOUGOLJJWASA-RDRPBHBLSA-N,O=C1CN(/N=C/c2ccc(-c3ccc([N+](=O)[O-])cc3)o2)C(=O)N1CCC1CCN(Cc2ccccc2)CC1,7.33348
6284,YGLFBEVFQYQQPM-RDRPBHBLSA-N,O=C1CN(/N=C/c2ccc(-c3cccc([N+](=O)[O-])c3)o2)C(=O)N1CCC1CCN(Cc2ccccc2)CC1,6.5376
6285,UJKROTZTWUTZKN-RDRPBHBLSA-N,O=C1CN(/N=C/c2ccc(-c3ccccc3[N+](=O)[O-])o2)C(=O)N1CCC1CCN(Cc2ccccc2)CC1,7.46597
6286,RYLYBQQKQZYJAO-NDZAJKAJSA-N,COc1ccc(-c2ccc(/C=N/N3CC(=O)N(CCC4CCN(Cc5ccccc5)CC4)C3=O)o2)cc1,6.96658
6287,SFYPGJPJPBPDJR-NDZAJKAJSA-N,COc1cccc(-c2ccc(/C=N/N3CC(=O)N(CCC4CCN(Cc5ccccc5)CC4)C3=O)o2)c1,7.3279
6288,VYDKUJXIGUGTLY-NDZAJKAJSA-N,COc1ccccc1-c1ccc(/C=N/N2CC(=O)N(CCC3CCN(Cc4ccccc4)CC3)C2=O)o1,7.04383
6289,KFJSZOXQHHFOPN-UHFFFAOYSA-N,COc1ccc(C2c3c(nc4c(c3N)CCCC4)Oc3ccc4ccccc4c32)cc1OC,7.08092
6291,KBDRPSKQRUYQSJ-UHFFFAOYSA-N,COc1cc2cc(NC(=O)C3CCN(Cc4ccccc4)CC3)c(=O)oc2cc1OC,6.6517
6292,GNNIJJBFVPDBRB-UHFFFAOYSA-N,COc1cc2cc(NC(=O)CCCNCc3ccccc3)c(=O)oc2cc1OC,6.1261
6293,UGTGSTDFYWUXNH-MJGOQNOKSA-N,COc1cc2cc(NC(=O)[C@@H]3CCC[C@H](NCc4ccccc4)C3)c(=O)oc2cc1OC,7.7167
6296,IPSUZAWLWZPFLA-UHFFFAOYSA-N,C#CCNc1c2c(nc3ccccc13)CCCC2,7.29499
6297,YRJBUPQHBMBODA-UHFFFAOYSA-N,C#CCNc1c2c(nc3cc(Cl)ccc13)CCCC2,8.02687
6301,ZKPVWZDNDNCTBB-UWVGGRQHSA-N,COc1ccc([C@H](O)[C@H](N)C(=O)O)cc1OC,9.0
6303,GFMAMPUENGTAFA-WRTQPQOASA-N,COc1ccc([C@H]2O[C@@H](O)[C@H]3[C@@H]2C(=O)O[C@@H]3c2ccc(OC)c(OC)c2)cc1OC,7.55284
6304,IWLDUPODTWQNBQ-INDMIFKZSA-N,COc1ccc([C@H]2OC(=O)[C@H]3[C@@H]2C(=O)O[C@@H]3c2ccc3c(c2)OCO3)cc1OC,6.80134
6305,DHWUVPPRBIJJKS-VUEDXXQZSA-N,COc1cc([C@H]2OC[C@H]3[C@@H]2CO[C@@H]3c2cc(OC)c3c(c2)OCO3)cc(OC)c1OC,6.33724
6307,HRLFUIXSXUASEX-RZTYQLBFSA-N,COc1cc([C@H]2OC[C@H]3[C@@H]2CO[C@@H]3c2cc(OC)c(OC)c(OC)c2)cc(OC)c1OC,6.21042
6308,MFIHSKBTNZNJIK-RZTYQLBFSA-N,COc1ccc([C@H]2OC[C@H]3[C@@H]2CO[C@@H]3c2cc(OC)c(OC)c(OC)c2)cc1OC,6.04431
6309,RKEFSUNLQHLAGZ-YGHPHNMRSA-N,COc1ccc([C@H]2OC[C@H]3[C@@H]2C(=O)O[C@@H]3c2ccc3c(c2)OCO3)cc1OC,5.65189
6337,GHIDWRDXHHQHJD-UHFFFAOYSA-N,COc1ccc(CCC(=O)Nc2nc(-c3cc4ccccc4oc3=O)cs2)cc1OC,6.13077
6338,YRVHWRSOZONPGM-UHFFFAOYSA-N,COc1ccc(-c2csc(NC(=O)CCN3CCCC3)n2)cc1,6.29243
6342,ZPJWCVJWFWNSQI-HYARGMPZSA-N,COc1cc(/C=N/NC(=O)N2CCN(c3ccccn3)CC2)cc(OC)c1OC,5.24489
6344,STEXUOBWQLSVBF-XMHGGMMESA-N,O=C(N/N=C/c1ccccc1)N1CCN(c2ccccn2)CC1,5.44129
6345,AZCBJXZCMZTCKJ-CPNJWEJPSA-N,O=C(N/N=C/c1ccc(O)cc1)N1CCN(c2ccccn2)CC1,5.31785
6347,ZPZVREJFRQRDRN-XDHOZWIPSA-N,O=C(N/N=C/c1ccc(O)cc1O)N1CCN(c2ccccn2)CC1,5.32975
6349,JXXLYDKWJOYVAM-XSFVSMFZSA-N,Cc1ccc(/C=N/NC(=O)N2CCN(c3ccccn3)CC2)cc1,5.32057
6350,ZCVJLFXHXPOQPS-CPNJWEJPSA-N,O=C(N/N=C/c1ccc([N+](=O)[O-])cc1)N1CCN(c2ccccn2)CC1,5.93554
6351,AXEQAWVHVFYXJD-YDZHTSKRSA-N,O=C(N/N=C/c1ccc(C(F)(F)F)cc1)N1CCN(c2ccccn2)CC1,5.87943
6352,PAFWRCFXMCMCJZ-YDZHTSKRSA-N,O=C(N/N=C/c1ccc(OC(F)(F)F)cc1)N1CCN(c2ccccn2)CC1,5.53611
6353,SVGUUFXJKYXVCE-DEDYPNTBSA-N,O=C(N/N=C/c1ccc(Cl)cc1)N1CCN(c2ccccn2)CC1,5.46597
6354,RDMQFNXWGNSNBR-DEDYPNTBSA-N,O=C(N/N=C/c1ccc(F)cc1)N1CCN(c2ccccn2)CC1,5.72816
6355,YTFNVENKXHSUIQ-DEDYPNTBSA-N,O=C(N/N=C/c1ccc(Br)cc1)N1CCN(c2ccccn2)CC1,6.31069
6356,BDZFARBGYZRYRF-CIAFOILYSA-N,O=C(N/N=C/c1ccc(F)cc1F)N1CCN(c2ccccn2)CC1,6.16622
6357,NBMHQAWRLMBPET-UHFFFAOYSA-N,c1ccc(-c2nnc(N3CCN(c4ccccn4)CC3)o2)cc1,6.46725
6358,OKEASALJUMYWFO-UHFFFAOYSA-N,COc1cccc(-c2nnc(N3CCN(c4ccccn4)CC3)o2)c1OC,5.92445
6359,SPBDMKHPKACUMT-UHFFFAOYSA-N,COc1cc(-c2nnc(N3CCN(c4ccccn4)CC3)o2)cc(OC)c1OC,6.65365
6360,BQNZOYNZEQEQRF-UHFFFAOYSA-N,Oc1ccc(-c2nnc(N3CCN(c4ccccn4)CC3)o2)cc1,5.92812
6361,HCUYMFWFASKLTP-UHFFFAOYSA-N,Oc1ccccc1-c1nnc(N2CCN(c3ccccn3)CC2)o1,5.91009
6362,UXAIEWGYPKPAOR-UHFFFAOYSA-N,Oc1ccc(-c2nnc(N3CCN(c4ccccn4)CC3)o2)c(O)c1,5.8729
6363,BCPJRBVIGIXBMJ-UHFFFAOYSA-N,Cc1cccc(-c2nnc(N3CCN(c4ccccn4)CC3)o2)c1,5.28067
6364,GEYOUWOYXCLTLH-UHFFFAOYSA-N,Cc1ccc(-c2nnc(N3CCN(c4ccccn4)CC3)o2)cc1,5.9914
6365,CFFQCZLSZQGOOU-UHFFFAOYSA-N,O=[N+]([O-])c1ccc(-c2nnc(N3CCN(c4ccccn4)CC3)o2)cc1,6.65956
6366,SSUCJZRGMBQGJK-UHFFFAOYSA-N,FC(F)(F)c1ccc(-c2nnc(N3CCN(c4ccccn4)CC3)o2)cc1,6.73993
6367,MQCXVHYEWNJWKF-UHFFFAOYSA-N,FC(F)(F)Oc1ccc(-c2nnc(N3CCN(c4ccccn4)CC3)o2)cc1,7.05061
6368,KBIVDYZJPVDUPZ-UHFFFAOYSA-N,Clc1ccc(-c2nnc(N3CCN(c4ccccn4)CC3)o2)cc1,6.9914
6369,ZXRSUUCBQJQXFN-UHFFFAOYSA-N,Fc1ccc(-c2nnc(N3CCN(c4ccccn4)CC3)o2)cc1,6.86646
6370,OGMDVMWMCVEIDI-UHFFFAOYSA-N,Brc1ccc(-c2nnc(N3CCN(c4ccccn4)CC3)o2)cc1,7.13077
6371,JDYATWHUSHCNRV-UHFFFAOYSA-N,Fc1ccc(-c2nnc(N3CCN(c4ccccn4)CC3)o2)c(F)c1,7.26761
6375,QFDAPLRSMFECOI-UHFFFAOYSA-N,CCn1cc(CNCc2c[nH]nc2-c2ccc(-c3ccccc3)cc2)cn1,6.45593
6379,ZJSDAYWILXQIQR-UHFFFAOYSA-N,Cc1cc(S(=O)(=O)Nc2ccccc2O)c(C(C)C)cc1O,5.05849
6380,JILOLUUKYKCZRD-UHFFFAOYSA-N,Cc1cc(S(=O)(=O)NCc2ccccn2)c(C(C)C)cc1O,5.15552
6381,WUMDNRQNLNCQBM-UHFFFAOYSA-N,Cc1cc(S(=O)(=O)NN)c(C(C)C)cc1O,5.03433
6382,PKHXPQBXAGIJAZ-UHFFFAOYSA-N,Cc1cc(S(=O)(=O)Nc2cnccn2)c(C(C)C)cc1O,5.1343
6383,YRXFWPAGFTVJGF-UHFFFAOYSA-N,Cc1cc(S(=O)(=O)N2CCOCC2)c(C(C)C)cc1O,5.24872
6387,RJLLKGPGZLQILJ-HKNVGMCVSA-N,CO[C@]1(c2cn(O)c(=O)c(C(=O)[C@H]3[C@@H]4CC[C@@H](C)C[C@H]4C=C[C@H]3C)c2O)CC[C@@H](O)[C@H]2O[C@H]21,6.09151
6388,IWRKOSRQYRCBHW-YIXHJXPBSA-N,C/C=C1\C2C=C(C)CC1(NCC(=O)OC)c1ccc(=O)[nH]c1C2,5.17328
6393,YYWGABLTRMRUIT-XHBSWPGZSA-N,CC1=C[C@@H]2Cc3[nH]c(=O)ccc3[C@]3(C1)NCCC[C@H]23,5.59007
6398,MXODBKYHGKYPJW-MGBGTMOVSA-N,COc1ccc2[nH]cc(CCNC(=O)CN(CCCCCCCCNc3c4c(nc5ccccc35)CCCC4)C(=O)CCCC[C@@H]3CCSS3)c2c1,6.74473
6400,BCHYGDBEGKZQHD-XSFVSMFZSA-N,COc1ccc2nc3c(c(NCCCCCCCN(CC(=O)NCCc4c[nH]c5ccc(OC)cc45)C(=O)/C=C/c4ccc(O)c(OC)c4)c2c1)CCCC3,5.88941
6402,OCOGBPYFWRDLHI-RELWKKBWSA-N,COc1ccc2[nH]cc(CCNC(=O)CN(CCCCCCCCNc3c4c(nc5ccccc35)CCCC4)C(=O)/C=C/c3ccc(O)c(OC)c3)c2c1,7.35952
6403,HYCPLKOVNZFNAS-UHFFFAOYSA-N,O=C(NO)c1ccc(Nc2c3ccccc3nc3ccccc23)cc1,6.14267
6404,FNXJKKUKSKUSPD-UHFFFAOYSA-N,O=C(NO)c1ccc(Nc2c3ccccc3nc3ccc(F)cc23)cc1,6.22185
6405,PESSDQDERPAVNH-UHFFFAOYSA-N,O=C(NO)c1ccc(Nc2c3ccccc3nc3ccc(Br)cc23)cc1,6.05552
6406,DWYXNGVQEJZWQA-UHFFFAOYSA-N,O=C(NO)c1ccc(Nc2c3ccccc3nc3ccc(OC(F)(F)F)cc23)cc1,5.43771
6407,QJZZSSBITISGGT-UHFFFAOYSA-N,O=C(NO)c1ccc(Nc2c3ccccc3nc3ccc(OCc4ccccc4)cc23)cc1,5.5784
6408,RXYDUXPNMOBQTR-UHFFFAOYSA-N,COc1cc2nc3ccccc3c(Nc3ccc(C(=O)NO)cc3)c2c(OC)c1OC,6.19382
6409,RLHSWYLCHQWPQD-UHFFFAOYSA-N,COc1ccc2nc3cc(Cl)ccc3c(Nc3ccc(C(=O)NO)cc3)c2n1,5.03386
6410,CZOYPJGGAMPDBF-UHFFFAOYSA-N,O=C(NO)c1ccc(Nc2c3c(nc4ccccc24)CCCC3)cc1,5.70553
6411,CRQRFXAGXWHWTJ-UHFFFAOYSA-N,O=C(NO)c1ccc(Nc2ccnc3ccccc23)cc1,6.08092
6412,DZBUGLKDJFMEHC-UHFFFAOYSA-N,c1ccc2nc3ccccc3cc2c1,5.16494
6416,MWFZYRJWHFSLOE-JLHYYAGUSA-N,CCN(C)C(=O)Oc1ccc(/C=C/C(=O)N2CCc3ccccc3C2)cc1,5.16749
6422,RVHOEUHHAHFBJU-CSKARUKUSA-N,COc1cc(/C=C/C(=O)N2CCCCC2)ccc1OC(=O)N(C)C,5.04096
6436,LQLBWZJHRARWDB-UHFFFAOYSA-N,NC(=O)c1sc(-c2ccnc(NC(=O)C3CC3)c2)nc1OCCCC1CCN(Cc2ccc(F)cc2)CC1,6.50864
6437,IWBHCAPYMPYPRE-UHFFFAOYSA-N,NC(=O)c1sc(-c2ccnc(NC(=O)C3CC3)c2)nc1OCCCC1CCN(Cc2cccc(F)c2)CC1,5.52288
6438,YFLQQJOCKLGZJZ-UHFFFAOYSA-N,NC(=O)c1sc(-c2ccnc(NC(=O)C3CC3)c2)nc1OCCCC1CCN(Cc2ccccc2F)CC1,5.87943
6439,ZUWQNIVETLIDSE-UHFFFAOYSA-N,NC(=O)c1sc(-c2ccnc(NC(=O)C3CC3)c2)nc1OCCCC1CCN(Cc2ccccc2)CC1,6.42022
6442,KSSGNEFSJBPCDX-UHFFFAOYSA-N,NC(=O)c1sc(-c2ccnc(NC(=O)C3CC3)c2)nc1OCCC1CCN(Cc2ccc(F)cc2)CC1,5.34679
6443,MBGOHKNDGDEIAS-UHFFFAOYSA-N,NC(=O)c1sc(-c2ccnc(NC(=O)C3CC3)c2)nc1OCCC1CCN(Cc2cccc(F)c2)CC1,5.3279
6444,ULSOYUGFFFZGBY-UHFFFAOYSA-N,NC(=O)c1sc(-c2ccnc(NC(=O)C3CC3)c2)nc1OCCC1CCN(Cc2ccccc2Cl)CC1,5.4318
6445,NPKLPPFDSUXDBQ-UHFFFAOYSA-N,NC(=O)c1sc(-c2ccnc(NC(=O)C3CC3)c2)nc1OCCC1CCN(Cc2ccccn2)CC1,5.18046
6446,GTDYZHRXBKZMOG-UHFFFAOYSA-N,NC(=O)c1sc(-c2ccnc(NC(=O)C3CC3)c2)nc1OCCC1CCN(Cc2ccccc2F)CC1,5.10791
6447,YWWSWOHOMIZEMH-UHFFFAOYSA-N,NC(=O)c1sc(-c2ccnc(NC(=O)C3CC3)c2)nc1OCCC1CCN(Cc2ccccc2)CC1,6.13668
6448,WCUGNCQJDCCMLE-UHFFFAOYSA-N,NC(=O)c1sc(-c2ccnc(NC(=O)C3CC3)c2)nc1OCC1CCN(Cc2ccccc2)CC1,5.82391
6452,SGPWCCRYWGDWPY-UHFFFAOYSA-N,CNC(=O)c1sc(-c2ccnc(NC(=O)C3CC3)c2)nc1OCC1CCN(Cc2cccc([N+](=O)[O-])c2)CC1,5.22185
6458,BDUXOMBAFKYZLK-UHFFFAOYSA-N,CNC(=O)c1sc(-c2ccnc(NC(=O)C3CC3)c2)nc1OCC1CCN(Cc2ccccc2F)CC1,5.04576
6459,OCIHMTSJSNPXID-UHFFFAOYSA-N,CNC(=O)c1sc(-c2ccnc(NC(=O)C3CC3)c2)nc1OCC1CCN(Cc2ccccc2)CC1,5.09691
6461,AQUGDAJVVDHBAZ-UHFFFAOYSA-N,c1ccc(-c2nnc(Nc3ncccn3)o2)cc1,5.69
6462,MXQBNZYCTHSRBT-UHFFFAOYSA-N,Cc1ccc(-c2nnc(Nc3ncccn3)o2)cc1,5.79
6463,XYRNALHTDPFFOH-UHFFFAOYSA-N,COc1ccc(-c2nnc(Nc3ncccn3)o2)cc1,5.81
6464,IATWWELQJAHECW-UHFFFAOYSA-N,COc1ccc(-c2nnc(Nc3ncccn3)o2)cc1OC,5.72
6465,LRPPEZVKFXBNIC-UHFFFAOYSA-N,COc1cc(-c2nnc(Nc3ncccn3)o2)cc(OC)c1OC,5.91
6466,HECIYRGCNLFBSR-UHFFFAOYSA-N,Oc1ccc(-c2nnc(Nc3ncccn3)o2)cc1,5.76
6468,XWDVGVZCDUPRMY-UHFFFAOYSA-N,c1cnc(Nc2nnc(-c3cccc4ccccc34)o2)nc1,6.51999
6469,XIIITDFMPLDPLP-UHFFFAOYSA-N,Fc1ccc(-c2nnc(Nc3ncccn3)o2)cc1,5.62
6470,YAMIRMVSSOIZND-UHFFFAOYSA-N,Clc1ccc(-c2nnc(Nc3ncccn3)o2)cc1,5.54
6471,IATVOXGIWOTVLC-UHFFFAOYSA-N,Brc1ccc(-c2nnc(Nc3ncccn3)o2)cc1,5.43
6472,KSKNQTZZBVZTRJ-UHFFFAOYSA-N,Brc1cccc(-c2nnc(Nc3ncccn3)o2)c1,5.48
6475,ABHQPKFAWBLZQM-UHFFFAOYSA-N,O=[N+]([O-])c1ccccc1-c1nnc(Nc2ncccn2)o1,5.47
6477,ZLKPJIXUEUCDST-UYRXBGFRSA-N,C(=N/C1CCN(Cc2ccccc2)C1)/c1ccccc1,5.385
6479,SKKBAZVFTGGGGC-XKZIYDEJSA-N,COc1cc(/C=N\C2CCN(Cc3ccccc3)C2)cc(OC)c1OC,5.1083
6480,PZHPKJUFRLHDEU-UNOMPAQXSA-N,Oc1ccc(/C=N\C2CCN(Cc3ccccc3)C2)cc1,5.24965
6482,IZAYEKLSRQREBG-ODLFYWEKSA-N,Oc1ccc(/C=N\C2CCN(Cc3ccccc3)C2)c(O)c1,5.43427
6485,PAQULTPIKMYIGM-UNOMPAQXSA-N,O=[N+]([O-])c1ccc(/C=N\C2CCN(Cc3ccccc3)C2)cc1,5.60889
6486,TWJVTBLXKNKWSB-FMCGGJTJSA-N,FC(F)(F)c1ccc(/C=N\C2CCN(Cc3ccccc3)C2)cc1,5.98338
6487,JSWKVMGDOWLBIK-FMCGGJTJSA-N,FC(F)(F)Oc1ccc(/C=N\C2CCN(Cc3ccccc3)C2)cc1,6.06349
6488,WTWYZVLQGXCINR-NDENLUEZSA-N,Clc1ccc(/C=N\C2CCN(Cc3ccccc3)C2)cc1,5.90623
6489,DEGSUXMFHIVOEM-NDENLUEZSA-N,Fc1ccc(/C=N\C2CCN(Cc3ccccc3)C2)cc1,5.97224
6490,UFQXXDQICIOZAL-NDENLUEZSA-N,Brc1ccc(/C=N\C2CCN(Cc3ccccc3)C2)cc1,5.88506
6491,QJPWWFHANHHHDO-NHDPSOOVSA-N,Fc1ccc(/C=N\C2CCN(Cc3ccccc3)C2)c(F)c1,6.01547
6492,BHEXKVGLZMEJRQ-UHFFFAOYSA-N,c1ccc(CNC2CCN(Cc3ccccc3)C2)cc1,5.94846
6493,FUJGEURJBFJMHI-UHFFFAOYSA-N,COc1cccc(CNC2CCN(Cc3ccccc3)C2)c1OC,5.35823
6494,SYXPKAXGFWBJTP-UHFFFAOYSA-N,COc1cc(CNC2CCN(Cc3ccccc3)C2)cc(OC)c1OC,5.50515
6495,AGDPSYPPGBDUIX-UHFFFAOYSA-N,Oc1ccc(CNC2CCN(Cc3ccccc3)C2)cc1,5.75746
6496,GMSWYGVWFRVORO-UHFFFAOYSA-N,Oc1ccccc1CNC1CCN(Cc2ccccc2)C1,5.64628
6497,NCCVVESLAYPODT-UHFFFAOYSA-N,Oc1ccc(CNC2CCN(Cc3ccccc3)C2)c(O)c1,5.81759
6499,KAVGFUSYIFGSSP-UHFFFAOYSA-N,Cc1ccc(CNC2CCN(Cc3ccccc3)C2)cc1,5.19436
6500,AQMYHUHZQYKIDD-UHFFFAOYSA-N,O=[N+]([O-])c1ccc(CNC2CCN(Cc3ccccc3)C2)cc1,6.13018
6501,HHNLYSCYFKASFN-UHFFFAOYSA-N,FC(F)(F)c1ccc(CNC2CCN(Cc3ccccc3)C2)cc1,6.89279
6502,RLLGGQDQUFVCQL-UHFFFAOYSA-N,FC(F)(F)Oc1ccc(CNC2CCN(Cc3ccccc3)C2)cc1,7.23657
6503,CMDAIEIUZXBLAW-UHFFFAOYSA-N,Clc1ccc(CNC2CCN(Cc3ccccc3)C2)cc1,6.74958
6504,IQOXJBXAAJLNTO-UHFFFAOYSA-N,Fc1ccc(CNC2CCN(Cc3ccccc3)C2)cc1,6.82681
6505,KAXBOKVMLFLTDR-UHFFFAOYSA-N,Brc1ccc(CNC2CCN(Cc3ccccc3)C2)cc1,6.87615
6506,GZGCQOBTRUVMOI-UHFFFAOYSA-N,Fc1ccc(CNC2CCN(Cc3ccccc3)C2)c(F)c1,7.16115
6511,VFERHOUHYWLGSW-YYDJUVGSSA-N,O=C(CCCCCN1CCC2c3ccccc3NC2C1)Nc1ccc(/C=C2\CCn3c2nc2ccccc2c3=O)cc1,6.8146
6512,URKUVOOMGFZKSL-DARPEHSRSA-N,O=C(CCCCN1CCC2c3ccccc3NC2C1)Nc1ccc(/C=C2\CCn3c2nc2ccccc2c3=O)cc1,7.00745
6513,ARMJZDJUAIIGAI-ZBJSNUHESA-N,O=C(CCN1CCC2c3ccccc3NC2C1)Nc1ccc(/C=C2\CCn3c2nc2ccccc2c3=O)cc1,8.011
6514,YGDFHMALLNHJGR-YYDJUVGSSA-N,O=C(CCCCCN1CCC2c3ccccc3NC2C1)Oc1ccc(/C=C2\CCn3c2nc2ccccc2c3=O)cc1,7.96981
6515,ZDDBXKYJPCPAEW-DARPEHSRSA-N,O=C(CCCCN1CCC2c3ccccc3NC2C1)Oc1ccc(/C=C2\CCn3c2nc2ccccc2c3=O)cc1,8.96658
6516,JJZULEDSKWBYDC-BSYVCWPDSA-N,O=C(CCCN1CCC2c3ccccc3NC2C1)Oc1ccc(/C=C2\CCn3c2nc2ccccc2c3=O)cc1,7.78146
6517,NKGAOXISUWKUFF-ZBJSNUHESA-N,O=C(CCN1CCC2c3ccccc3NC2C1)Oc1ccc(/C=C2\CCn3c2nc2ccccc2c3=O)cc1,9.03152
6518,GOMMQUCIBUSEBS-HEHNFIMWSA-N,O=C(CN1CCC2c3ccccc3NC2C1)Oc1ccc(/C=C2\CCn3c2nc2ccccc2c3=O)cc1,6.66486
6521,VVTZCIBPJIURIN-QHCPKHFHSA-N,CS[C@@H](Cn1nnc2cc(C#Cc3ccc(CN4CCOCC4)cc3)ccc21)N(O)C=O,5.45593
6526,HVXLNJOMSHCFDF-UHFFFAOYSA-N,CCN(C)C(=O)Oc1ccc(-c2cc(=O)c3c(O)cc(OC(=O)N(C)CC)cc3o2)cc1,5.13493
6528,MBGXXUPMENAELF-UHFFFAOYSA-N,CCN(C)C(=O)Oc1ccc(-c2cc(=O)c3c(OC(=O)N(C)CC)cc(OC(=O)N(C)CC)cc3o2)cc1,5.03621
6533,GHGNTVMFYBGHCD-UHFFFAOYSA-N,COc1ccc2cc3[n+](cc2c1OCc1ccccc1)CCc1cc2c(cc1-3)OCO2,5.30103
6534,CLIQDANMNASFQG-UHFFFAOYSA-N,COc1ccc2cc3[n+](cc2c1OCc1cccc(C)c1)CCc1cc2c(cc1-3)OCO2,5.13668
6537,RQOFJLSQOIAJOK-UHFFFAOYSA-N,COc1ccc2cc3[n+](cc2c1OCc1ccc(C(C)C)cc1)CCc1cc2c(cc1-3)OCO2,5.37675
6538,XLGKBJKHBLDFNJ-UHFFFAOYSA-N,COc1ccc2cc3[n+](cc2c1OCc1cc(C)cc(C)c1)CCc1cc2c(cc1-3)OCO2,5.60206
6539,KEOLOUZSLOEJHF-UHFFFAOYSA-N,COc1ccc2cc3[n+](cc2c1OCc1ccc(Br)cc1)CCc1cc2c(cc1-3)OCO2,5.48149
6540,QZPSMYUZXFIHBQ-UHFFFAOYSA-N,COc1ccc2cc3[n+](cc2c1OCc1cccc(Br)c1)CCc1cc2c(cc1-3)OCO2,5.56864
6541,WYAFBHCEHCPITE-UHFFFAOYSA-N,COc1ccc2cc3[n+](cc2c1OCc1ccccc1Br)CCc1cc2c(cc1-3)OCO2,5.76955
6542,FLPVNABKUUURNM-UHFFFAOYSA-N,COc1ccc2cc3[n+](cc2c1OCc1ccc([N+](=O)[O-])cc1)CCc1cc2c(cc1-3)OCO2,6.00436
6543,RLMPEWYPEXSDLV-UHFFFAOYSA-N,COc1ccc2cc3[n+](cc2c1OCc1ccc(SC)cc1)CCc1cc2c(cc1-3)OCO2,5.58503
6544,QEACKGYEVKFPKO-UHFFFAOYSA-N,COc1ccc2cc3[n+](cc2c1OCc1cccc([N+](=O)[O-])c1)CCc1cc2c(cc1-3)OCO2,5.83863
6545,QEDWUKAMQXUYNI-UHFFFAOYSA-N,COc1ccc2cc3[n+](cc2c1OCc1cccc(Cl)c1)CCc1cc2c(cc1-3)OCO2,5.72125
6546,VRPAOBPDQZGZET-UHFFFAOYSA-N,COc1ccc2cc3[n+](cc2c1OCc1ccc(Cl)cc1)CCc1cc2c(cc1-3)OCO2,5.60206
6547,OUWGJNPXNMQMMF-UHFFFAOYSA-N,COc1ccc2cc3[n+](cc2c1OCc1ccc(Cl)c(Cl)c1)CCc1cc2c(cc1-3)OCO2,5.91364
6548,CLOMQWFIANXPLL-UHFFFAOYSA-N,COC(=O)c1ccc(COc2c(OC)ccc3cc4[n+](cc23)CCc2cc3c(cc2-4)OCO3)cc1,5.58503
6549,HSRRXPTXNWLPHR-UHFFFAOYSA-N,COc1ccc2cc3[n+](cc2c1OCc1ccc(C#N)cc1)CCc1cc2c(cc1-3)OCO2,5.76955
6550,MBNODMHHMMYUBP-UHFFFAOYSA-N,COc1cccc(COc2c(OC)ccc3cc4[n+](cc23)CCc2cc3c(cc2-4)OCO3)c1,5.45593
6551,IRUIAPYBTRKITC-UHFFFAOYSA-N,COc1ccc2cc3[n+](cc2c1OCc1ccc(C(F)(F)F)cc1)CCc1cc2c(cc1-3)OCO2,5.88606
6552,ZEJGJFKQOJDBHC-UHFFFAOYSA-N,COc1ccc(COc2c(OC)ccc3cc4[n+](cc23)CCc2cc3c(cc2-4)OCO3)cc1,5.27572
6553,VCOKOIFTYIMJJA-UHFFFAOYSA-N,COc1ccc2cc3[n+](cc2c1OCc1ccc2ccccc2c1)CCc1cc2c(cc1-3)OCO2,5.82391
6554,OWIJQTKCJXOUNO-UHFFFAOYSA-N,COc1ccc2cc3[n+](cc2c1OC(C)c1ccccc1)CCc1cc2c(cc1-3)OCO2,6.10237
6556,KNIPHGXUVWAHCN-UHFFFAOYSA-N,O=c1c2ccccc2oc2ccc(OCCCCCN3CCCCCC3)cc12,6.40671
6557,JREXJAZIYYZNSO-UHFFFAOYSA-N,O=c1c2cc(Cl)ccc2oc2ccc(OCCCCCN3CCCCCC3)cc12,6.92082
6563,AIIWJMPOAUNFLG-UHFFFAOYSA-N,COc1ccc2cc(C(=O)NCCC3CCN(Cc4ccccc4)CC3)ccc2c1,6.76955
6567,YMBIMUZYHSNFFG-UHFFFAOYSA-N,CNC(=O)c1sc(-c2ccnc(NC(=O)C3CC3)c2)nc1OCCc1cn(CCNc2c3c(nc4cc(Cl)ccc24)CCCC3)nn1,7.41229
6568,RHAOFYGYWYBRSI-UHFFFAOYSA-N,CNC(=O)c1sc(-c2ccnc(NC(=O)C3CC3)c2)nc1OCCc1cn(CCNc2c3c(nc4ccccc24)CCCC3)nn1,6.57025
6569,ALRPJVIDEJKLDX-UHFFFAOYSA-N,CNC(=O)c1sc(-c2ccnc(NC(=O)C3CC3)c2)nc1OCCCc1cn(CCNc2c3c(nc4ccccc24)CCCC3)nn1,6.77469
6572,LBZYUTMWCPFGPD-UHFFFAOYSA-N,CNC(=O)c1sc(-c2ccnc(NC(=O)C3CC3)c2)nc1OCCOCc1cn(CCNc2c3c(nc4cc(Cl)ccc24)CCCC3)nn1,7.91721
6573,CLNWLUWTLQVFCS-UHFFFAOYSA-N,CNC(=O)c1sc(-c2ccnc(NC(=O)C3CC3)c2)nc1OCCOCc1cn(CCNc2c3c(nc4ccccc24)CCCC3)nn1,7.34969
6577,VVVCUWUORGMTNG-UHFFFAOYSA-N,O=C(NCCCNc1c2c(nc3ccccc13)CCCC2)c1sc(-c2ccnc(NC(=O)C3CC3)c2)nc1OCC1CC1,6.5064
6578,HZTZFAQVGYSTHZ-UHFFFAOYSA-N,O=C(NCCCNc1c2c(nc3ccccc13)CCCC2)c1sc(-c2ccnc(NC(=O)C3CCC3)c2)nc1OCC1CC1,6.52988
6579,VMJFCOMMBQFXOH-UHFFFAOYSA-N,CC(=O)Nc1cc(-c2nc(OCC3CC3)c(C(=O)NCCCNc3c4c(nc5ccccc35)CCCC4)s2)ccn1,6.40494
6580,MYLYCZDLVLCRLU-UHFFFAOYSA-N,CNC(=O)c1sc(-c2ccnc(NC(=O)CNCCNc3c4c(nc5ccccc35)CCCC4)c2)nc1OCC1CC1,8.92082
6581,WFLNSPBNQAGFFF-UHFFFAOYSA-N,CNC(=O)c1sc(-c2ccnc(NC(=O)CNCCNc3c4c(nc5cc(Cl)ccc35)CCCC4)c2)nc1OCC1CC1,7.39254
6582,FPBXMXPANNHQSO-UHFFFAOYSA-N,CNC(=O)c1sc(-c2ccnc(NC(=O)CNCCNc3c4c(nc5ccc(OC)cc35)CCCC4)c2)nc1OCC1CC1,7.51286
6583,STHYVJPMYDZLQB-UHFFFAOYSA-N,CCNC(=O)c1sc(-c2ccnc(NC(=O)CNCCNc3c4c(nc5ccccc35)CCCC4)c2)nc1OCC1CC1,7.34486
6584,YPWPKJLJKMSERN-UHFFFAOYSA-N,CCCNC(=O)c1sc(-c2ccnc(NC(=O)CNCCNc3c4c(nc5ccccc35)CCCC4)c2)nc1OCC1CC1,8.3098
6585,FOAOMODSQTYPSH-UHFFFAOYSA-N,NC(=O)c1sc(-c2ccnc(NC(=O)CNCCNc3c4c(nc5ccccc35)CCCC4)c2)nc1OCC1CC1,9.09691
6586,RTZCOIZFSLQMHI-UHFFFAOYSA-N,CNC(=O)c1sc(-c2ccnc(NC(=O)CNCCCCNc3c4c(nc5ccccc35)CCCC4)c2)nc1OCC1CC1,7.63639
6587,XJSGAZQHWZKYFW-UHFFFAOYSA-N,CNC(=O)c1sc(-c2ccnc(NC(=O)CNCCCCCCNc3c4c(nc5ccccc35)CCCC4)c2)nc1OCC1CC1,7.65956
6588,OAPINTTTYXBPJU-UHFFFAOYSA-N,CNC(=O)c1sc(-c2ccnc(NC(=O)CNCCCCCCCCNc3c4c(nc5ccccc35)CCCC4)c2)nc1OCC1CC1,7.81816
6589,UJBNMVVJVRQAIM-UHFFFAOYSA-N,CNC(=O)c1sc(-c2ccnc(NC(=O)CNCCNc3c4c(nc5ccccc35)CCCC4)c2)nc1OC,7.01144
6590,JOQXVIOUNWJRIL-UHFFFAOYSA-N,CNC(=O)c1sc(-c2ccnc(NC(=O)CNCCNc3c4c(nc5ccccc35)CCCC4)c2)nc1OCC1CCC1,6.80883
6591,FNOUTFPQMJNBDX-UHFFFAOYSA-N,CNC(=O)c1sc(-c2ccnc(NC(=O)CNCCNc3c4c(nc5ccccc35)CCCC4)c2)nc1OCC(C)(C)C,6.98758
6592,IOTWCKHUEXDRAB-UHFFFAOYSA-N,CNC(=O)c1sc(-c2ccnc(NC(=O)CNCCNc3c4c(nc5ccccc35)CCCC4)c2)nc1OC(C)C,6.62452
6593,XGMUXKFWISFHAG-UHFFFAOYSA-N,CNC(=O)c1sc(-c2ccnc(NC(=O)CNCCNc3c4c(nc5ccccc35)CCCC4)c2)nc1OCC(C)C,7.30803
6594,HEYGXZLHMDENBS-UHFFFAOYSA-N,COc1cc(CNC(=O)CCCCNc2c3c(nc4cc(Cl)ccc24)CC2C=C(C)CC3C2)ccc1O,8.26122
6595,AUFZKQKTTGOKEM-UHFFFAOYSA-N,COc1cc(CNC(=O)CCCCCNc2c3c(nc4cc(Cl)ccc24)CC2C=C(C)CC3C2)ccc1O,8.36151
6596,JGUYMIZRMYBDGV-UHFFFAOYSA-N,COc1cc(CNC(=O)CCCCCCNc2c3c(nc4cc(Cl)ccc24)CC2C=C(C)CC3C2)ccc1O,9.11351
6597,RCGLPLMTBKSXHW-UHFFFAOYSA-N,COc1cc(CNC(=O)CCCCCCCNc2c3c(nc4cc(Cl)ccc24)CC2C=C(C)CC3C2)ccc1O,8.7122
6598,MDZYWOBROPAKNM-UHFFFAOYSA-N,COc1cc(CNC(=O)CCCCCCCCNc2c3c(nc4cc(Cl)ccc24)CC2C=C(C)CC3C2)ccc1O,8.53165
6599,JAUVXAJRIZCOSF-UHFFFAOYSA-N,COc1cc(CNC(=O)c2ccc(CNc3c4c(nc5cc(Cl)ccc35)CC3C=C(C)CC4C3)cc2)ccc1O,7.6038
6600,KGKBOIZOJSSJCG-FNORWQNLSA-N,COc1cc(CNC(=O)CCCC/C=C/CNc2c3c(nc4cc(Cl)ccc24)CC2C=C(C)CC3C2)ccc1O,8.35556
6601,KNKNYKQOFRQZRV-HWKANZROSA-N,COc1cc(CNC(=O)CCCC/C=C/CCCNc2c3c(nc4cc(Cl)ccc24)CC2C=C(C)CC3C2)ccc1O,8.24872
6602,WMCRFEREEQOYQN-UHFFFAOYSA-N,COc1cc(CNC(=O)Cc2cn(CCCCC3=CC4Cc5nc6cc(Cl)ccc6c(N)c5C(C3)C4)nn2)ccc1O,8.97469
6605,JNFAYJGOKLFDOK-UHFFFAOYSA-N,Cn1c(=O)sc2cc(C(=O)CCN3CCN(Cc4ccccc4)CC3)ccc21,6.33724
6607,VKLXUQJNJIZNLT-ODLFYWEKSA-N,COc1cc2c(cc1OC)/C(=C/c1ccc(N3CCCCC3)c(O)c1)OC2=O,7.30103
6608,VKLXUQJNJIZNLT-YBFXNURJSA-N,COc1cc2c(cc1OC)/C(=C\c1ccc(N3CCCCC3)c(O)c1)OC2=O,7.92082
6609,NGKSBGUEGQBVKO-ZDLGFXPLSA-N,CCN(CC)c1cc(/C=C2\OC(=O)c3cc(OC)c(OC)cc32)ccc1O,8.80967
6610,NGKSBGUEGQBVKO-VCHYOVAHSA-N,CCN(CC)c1cc(/C=C2/OC(=O)c3cc(OC)c(OC)cc32)ccc1O,8.89279
6621,BXOSYALHTUWIFI-MBEZDYHHSA-N,COc1ccc([C@@H]2[C@H]3CSCN3C3(C(=O)c4ccccc4C3=O)[C@]23CSc2ccccc2C3=O)cc1,5.95861
6623,BAZVLRREAJLPPA-MBEZDYHHSA-N,Cc1ccc([C@@H]2[C@H]3CSCN3C3(C(=O)c4ccccc4C3=O)[C@]23CSc2ccccc2C3=O)cc1,5.14813
6629,FJHCVAUTCYJNIR-SETSBSEESA-N,CN1C[C@@H](c2cccc3ccccc23)[C@@]2(CSc3ccccc3C2=O)C12C(=O)c1ccccc1C2=O,5.67366
6635,LFLYZXNTRNWQPR-WXVAWEFUSA-N,COc1ccc([C@@H]2CN(C)C3(C(=O)c4ccccc4C3=O)[C@]23CSc2ccccc2C3=O)cc1,5.93554
6637,XRLYOLGNUKIZDF-WXVAWEFUSA-N,Cc1ccc([C@@H]2CN(C)C3(C(=O)c4ccccc4C3=O)[C@]23CSc2ccccc2C3=O)cc1,5.18046
6646,LXSUQNNLNNUDLZ-UHFFFAOYSA-N,COc1cc2c(cc1O)CCC(C)(CC(=O)NCCCCCCNc1c3c(nc4ccccc14)CCCC3)O2,6.56067
6647,DFXFXZRLHHKPPR-UHFFFAOYSA-N,COc1cc2c(cc1O)CCC(C)(CC(=O)NCCCCCCCCCNc1c3c(nc4ccccc14)CCCC3)O2,7.23807
6648,MOMFQUPSTUUCIS-UHFFFAOYSA-N,COc1cc2c(cc1O)CCC(C)(CC(=O)NCCCCCCCCNc1c3c(nc4ccccc14)CCCC3)O2,7.15614
6649,RGXJEOGAMRWBRC-UHFFFAOYSA-N,COc1cc2c(cc1O)CCC(C)(CC(=O)NCCCCCCCNc1c3c(nc4ccccc14)CCCC3)O2,6.95468
6650,SRUORENXKCKPFF-UHFFFAOYSA-N,COc1cc2c(cc1OCc1ccccc1)CCC(C)(CC(=O)NCCCCCCNc1c3c(nc4cc(Cl)ccc14)CCCC3)O2,7.95861
6651,OMCLEUFICTWJAY-UHFFFAOYSA-N,COc1cc2c(cc1OCc1ccccc1)CCC(C)(CC(=O)NCCCCCCCCCNc1c3c(nc4cc(Cl)ccc14)CCCC3)O2,8.10292
6652,GTUYMOXZKSCJQY-UHFFFAOYSA-N,COc1cc2c(cc1OCc1ccccc1)CCC(C)(CC(=O)NCCCCCCCCNc1c3c(nc4cc(Cl)ccc14)CCCC3)O2,7.98297
6653,NFMKVTKMAZTQRZ-UHFFFAOYSA-N,COc1cc2c(cc1O)CCC(C)(CC(=O)NCCCCCCCNc1c3c(nc4cc(Cl)ccc14)CCCC3)O2,8.2652
6654,XMJSUNRZFVJJHT-UHFFFAOYSA-N,COc1cc2c(cc1O)CCC(C)(CC(=O)NCCCCCCCCNc1c3c(nc4cc(Cl)ccc14)CCCC3)O2,8.43297
6655,UBUVCITWHPAWGO-UHFFFAOYSA-N,COc1cc2c(cc1O)CCC(C)(CC(=O)NCCCCCCCCCNc1c3c(nc4cc(Cl)ccc14)CCCC3)O2,8.68825
6656,JNVGOUUUZBVXPV-UHFFFAOYSA-N,COc1cc2c(cc1O)CCC(C)(CC(=O)NCCOCCOCCNc1c3c(nc4cc(Cl)ccc14)CCCC3)O2,7.31966
6657,KYLGVOFITHEPJQ-UHFFFAOYSA-N,COc1cc2c(cc1O)CCC(C)(CCC(=O)NCCCCCCNc1c3c(nc4cc(Cl)ccc14)CCCC3)O2,8.42022
6658,BBTQZRHMEIWKAX-UHFFFAOYSA-N,COc1cc2c(cc1O)CCC(C)(CCC(=O)NCCCCCCCNc1c3c(nc4cc(Cl)ccc14)CCCC3)O2,8.10018
6659,JQKJWDFQBYGCOQ-UHFFFAOYSA-N,COc1cc2c(cc1O)CCC(C)(CCC(=O)NCCCCCCCCNc1c3c(nc4cc(Cl)ccc14)CCCC3)O2,8.20551
6660,HWAJTAQZIKDHGT-UHFFFAOYSA-N,COc1cc2c(cc1O)CCC(C)(CCNCCCCCCCNc1c3c(nc4cc(Cl)ccc14)CCCC3)O2,9.35655
6661,UZGKESBGVBGSPI-UHFFFAOYSA-N,COc1cc2c(cc1O)CCC(C)(CCNCCCCCCCCNc1c3c(nc4cc(Cl)ccc14)CCCC3)O2,9.92082
6662,VIACPOGORNYWLC-UHFFFAOYSA-N,COc1cc2c(cc1O)CCC(C)(CCNCCCCCCCCCNc1c3c(nc4cc(Cl)ccc14)CCCC3)O2,9.56864
6663,YZABYNHVFXOCEC-UHFFFAOYSA-N,COc1cc2c(cc1O)CCC(C)(CCNCCOCCOCCNc1c3c(nc4cc(Cl)ccc14)CCCC3)O2,8.07831
6664,JYPJKGLZUCPORL-UHFFFAOYSA-N,COc1cc2c(cc1OCc1ccccc1)CCC(C)(CC(=O)NCCCCCCCNc1c3c(nc4cc(Cl)ccc14)CCCC3)O2,8.15552
6666,FPLKSJDEOUBUEL-UHFFFAOYSA-N,COCCn1cnc2cc(NC(=O)c3ccccc3)cc(C(=O)NCc3cc(F)cc(F)c3)c21,6.92082
6667,YCJCZVUHPAFTTR-UHFFFAOYSA-N,O=c1ccoc2ccc(OCCCCN3CCCCC3)cc12,5.25337
6670,SJZOAVOKRIVTGW-UHFFFAOYSA-N,O=c1ccoc2ccc(OCCCCN3CCCC3)cc12,5.42713
6671,SHCYGIJBHRLDQT-UHFFFAOYSA-N,O=c1ccoc2ccc(OCCCCCN3CCCC3)cc12,5.14267
6677,LRGMGVMBUSYGEO-UHFFFAOYSA-N,CCOC(=O)c1c(C)nc(N2CCN(S(=O)(=O)c3ccc(NC(C)=O)cc3)CC2)nc1-c1ccc(OC)cc1,6.87926
6678,UEILVRMESRWYEE-UHFFFAOYSA-N,CCOC(=O)c1c(C)nc(N2CCN(S(=O)(=O)c3ccc(NC(C)=O)c(Cl)c3)CC2)nc1-c1ccc(OC)cc1,7.0574
6679,LKVRDQOTUSDFNR-UHFFFAOYSA-N,CCOC(=O)c1c(C)nc(N2CCN(S(=O)(=O)c3ccc(NC(C)=O)c(F)c3)CC2)nc1-c1ccc(OC)cc1,7.03668
6680,OKUAQOWGKLYLEZ-UHFFFAOYSA-N,CCOC(=O)c1c(C)nc(N2CCN(S(=O)(=O)c3ccc(NC(C)=O)c(OC)c3)CC2)nc1-c1ccc(OC)cc1,7.101
6681,KDSGALRBUUYBMG-UHFFFAOYSA-N,CCOC(=O)c1c(C)nc(N2CCN(S(=O)(=O)c3ccc(NC(C)=O)cc3)CC2)nc1-c1ccccc1,6.92885
6682,IINXCVBTZBRIPU-UHFFFAOYSA-N,CCOC(=O)c1c(C)nc(N2CCN(S(=O)(=O)c3ccc(NC(C)=O)c(Cl)c3)CC2)nc1-c1ccccc1,6.84312
6683,OYMGYNDSSVLQMM-UHFFFAOYSA-N,CCOC(=O)c1c(C)nc(N2CCN(S(=O)(=O)c3ccc(NC(C)=O)c(F)c3)CC2)nc1-c1ccccc1,7.01131
6684,ODZVMGKRPLQMBL-UHFFFAOYSA-N,CCOC(=O)c1c(C)nc(N2CCN(S(=O)(=O)c3ccc(NC(C)=O)c(OC)c3)CC2)nc1-c1ccccc1,7.10243
6685,OPRGGLBAGJZESP-UHFFFAOYSA-N,CCOC(=O)c1c(C)nc(N2CCN(S(=O)(=O)c3ccc(NC(C)=O)cc3)CC2)nc1-c1ccc(OC)c(OC)c1,7.05164
6686,IBSHITWLGHMGMC-UHFFFAOYSA-N,CCOC(=O)c1c(C)nc(N2CCN(S(=O)(=O)c3ccc(NC(C)=O)c(Cl)c3)CC2)nc1-c1ccc(OC)c(OC)c1,7.32486
6687,FDCAPJGTXWXXOK-UHFFFAOYSA-N,CCOC(=O)c1c(C)nc(N2CCN(S(=O)(=O)c3ccc(NC(C)=O)c(F)c3)CC2)nc1-c1ccc(OC)c(OC)c1,7.11623
6688,MJSDYTGFAHMQPP-UHFFFAOYSA-N,CCOC(=O)c1c(C)nc(N2CCN(S(=O)(=O)c3ccc(NC(C)=O)c(OC)c3)CC2)nc1-c1ccc(OC)c(OC)c1,7.10149
6689,MCJOXAQICUCRGY-UHFFFAOYSA-N,CCOC(=O)c1c(C)nc(N2CCN(S(=O)(=O)c3ccc(N)cc3)CC2)nc1-c1ccc(OC)cc1,7.14333
6690,QFVCRJLKNQUTQR-UHFFFAOYSA-N,CCOC(=O)c1c(C)nc(N2CCN(S(=O)(=O)c3ccc(N)c(Cl)c3)CC2)nc1-c1ccc(OC)cc1,7.10841
6691,JZZKNAKGIFRGQU-UHFFFAOYSA-N,CCOC(=O)c1c(C)nc(N2CCN(S(=O)(=O)c3ccc(N)c(F)c3)CC2)nc1-c1ccc(OC)cc1,6.9974
6692,BTQYMOIZIRVQSA-UHFFFAOYSA-N,CCOC(=O)c1c(C)nc(N2CCN(S(=O)(=O)c3ccc(N)c(OC)c3)CC2)nc1-c1ccc(OC)cc1,7.16431
6694,KLAAIIPDIASOQN-UHFFFAOYSA-N,CCOC(=O)c1c(C)nc(N2CCN(S(=O)(=O)c3ccc(N)c(Cl)c3)CC2)nc1-c1ccccc1,7.10171
6696,OKDKJGDJLWWHHY-UHFFFAOYSA-N,CCOC(=O)c1c(C)nc(N2CCN(S(=O)(=O)c3ccc(N)c(OC)c3)CC2)nc1-c1ccccc1,7.07237
6697,AFMORLSZDSPEHE-UHFFFAOYSA-N,CCOC(=O)c1c(C)nc(N2CCN(S(=O)(=O)c3ccc(N)cc3)CC2)nc1-c1ccc(OC)c(OC)c1,7.16736
6698,MHPCSPHWKNFDTR-UHFFFAOYSA-N,CCOC(=O)c1c(C)nc(N2CCN(S(=O)(=O)c3ccc(N)c(Cl)c3)CC2)nc1-c1ccc(OC)c(OC)c1,7.28937
6699,JJLWDJAUAHXDSQ-UHFFFAOYSA-N,CCOC(=O)c1c(C)nc(N2CCN(S(=O)(=O)c3ccc(N)c(F)c3)CC2)nc1-c1ccc(OC)c(OC)c1,7.18
6700,ZXODYPGVTRAJHS-UHFFFAOYSA-N,CCOC(=O)c1c(C)nc(N2CCN(S(=O)(=O)c3ccc(N)c(OC)c3)CC2)nc1-c1ccc(OC)c(OC)c1,7.06763
6702,YRYSRRSTKKDAEQ-UHFFFAOYSA-N,CCc1ccc(NC(=O)COc2c(Cl)cc(Cl)cc2S(=O)(=O)N2CCN(C(=O)c3ccco3)CC2)cc1,5.25649
6723,WGWSIOKXWIRGGP-LDADJPATSA-N,COc1cc2c(cc1OC)C(=O)/C(=C/c1ccc(N3CCN(C)CC3)cc1)C2,6.49485
6724,RHKFYLMTJHZFRB-KOEQRZSOSA-N,COc1cc2c(cc1OC)C(=O)/C(=C/c1ccc(N3CC[N+](C)(Cc4ccccc4)CC3)cc1)C2,6.4318
6725,RLFGLMFNOCORGT-LFVJCYFKSA-N,COc1cc2c(cc1OC)C(=O)/C(=C/c1ccc(N3CC[N+](C)(Cc4ccc(Br)cc4)CC3)cc1)C2,5.59346
6726,HYDRUOPHTWMPFN-BUVRLJJBSA-N,COc1cc2c(cc1OC)C(=O)/C(=C/c1ccc(N3CC[N+](C)(Cc4cccc(Br)c4)CC3)cc1)C2,5.70115
6727,HMPHYKVPGMRWBP-LFVJCYFKSA-N,COc1cc2c(cc1OC)C(=O)/C(=C/c1ccc(N3CC[N+](C)(Cc4ccccc4Br)CC3)cc1)C2,6.26761
6728,JTTAUOGRTGUCHJ-BUVRLJJBSA-N,COc1cc2c(cc1OC)C(=O)/C(=C/c1ccc(N3CC[N+](C)(Cc4cccc(Cl)c4)CC3)cc1)C2,6.49485
6729,GBKGLHSRAMRDHC-LFVJCYFKSA-N,COc1cc2c(cc1OC)C(=O)/C(=C/c1ccc(N3CC[N+](C)(Cc4ccccc4Cl)CC3)cc1)C2,6.31876
6730,NEVVIBBBCKALHF-XQNSMLJCSA-N,COc1cc2c(cc1OC)C(=O)/C(=C/c1ccc(N3CC[N+](C)(Cc4ccccn4)CC3)cc1)C2,6.42022
6731,NXPYNRPULVJZLU-RCCKNPSSSA-N,CCC[N+]1(C)CCN(c2ccc(/C=C3\Cc4cc(OC)c(OC)cc4C3=O)cc2)CC1,5.66756
6732,LLAPUAXYFXGPTK-CJLVFECKSA-N,CCCC[N+]1(C)CCN(c2ccc(/C=C3\Cc4cc(OC)c(OC)cc4C3=O)cc2)CC1,6.26761
6733,QRBQVMHNRDSIJC-HAVVHWLPSA-N,CCCCC[N+]1(C)CCN(c2ccc(/C=C3\Cc4cc(OC)c(OC)cc4C3=O)cc2)CC1,6.26761
6734,YMIKOFNXEFFOIT-HKOYGPOVSA-N,CCCCCC[N+]1(C)CCN(c2ccc(/C=C3\Cc4cc(OC)c(OC)cc4C3=O)cc2)CC1,5.37161
6735,KDNWXJBHFQSWIY-RCCKNPSSSA-N,C=CC[N+]1(C)CCN(c2ccc(/C=C3\Cc4cc(OC)c(OC)cc4C3=O)cc2)CC1,6.36653
6736,ZWTNIIWZZKKJGW-XSFVSMFZSA-N,COc1cc2c(cc1OC)C(=O)/C(=C/c1ccc(N3CC[N+](C)(CCO)CC3)cc1)C2,5.95861
6741,NTMOJNLZGRDYEX-UHFFFAOYSA-N,O=c1cc(-c2ccc(OCCCCN3CCC(Cc4ccccc4)CC3)cc2)oc2cc(OCCCCN3CCC(Cc4ccccc4)CC3)cc(O)c12,6.17393
6742,QDGFZDSHMCVZQL-UHFFFAOYSA-N,O=c1cc(-c2ccc(OCCCCN3CCN(Cc4ccccc4)CC3)cc2)oc2cc(OCCCCN3CCN(Cc4ccccc4)CC3)cc(O)c12,6.0
6743,YNXCNTICEBIQKR-UHFFFAOYSA-N,O=c1cc(-c2ccc(OCCCCN3CCc4ccccc4C3)cc2)oc2cc(OCCCCN3CCc4ccccc4C3)cc(O)c12,6.22915
6744,ZLKRKOVDOXDQDL-UHFFFAOYSA-N,CCN(CCCCOc1ccc(-c2cc(=O)c3c(O)cc(OCCCCN(CC)Cc4ccccc4)cc3o2)cc1)Cc1ccccc1,6.4437
6745,SOHPLFZBNPLYPB-UHFFFAOYSA-N,O=C1CC(c2ccc(OCCCCN3CCC(Cc4ccccc4)CC3)cc2)Oc2cc(OCCCCN3CCC(Cc4ccccc4)CC3)cc(O)c21,5.11919
6748,RFJJUATUWWQTAO-UHFFFAOYSA-N,CCN(CCCCOc1ccc(C2CC(=O)c3c(O)cc(OCCCCN(CC)Cc4ccccc4OC)cc3O2)cc1)Cc1ccccc1OC,5.36653
6749,MJYHXFQKEQRPEC-UHFFFAOYSA-N,O=c1c(-c2ccc(OCCCCN3CCC(Cc4ccccc4)CC3)cc2)coc2cc(OCCCCN3CCC(Cc4ccccc4)CC3)cc(O)c12,5.13668
6751,OKOIPODBGJKFGU-UHFFFAOYSA-N,O=c1c(-c2ccc(OCCCCN3CCc4ccccc4C3)cc2)coc2cc(OCCCCN3CCc4ccccc4C3)cc(O)c12,5.09151
6752,GKGSKVGZCUKOSW-UHFFFAOYSA-N,CCN(CCCCOc1ccc(-c2coc3cc(OCCCCN(CC)Cc4ccccc4)cc(O)c3c2=O)cc1)Cc1ccccc1,5.67778
6753,ZGXSCBBSDIABRW-UHFFFAOYSA-N,CC1c2ccccc2CCN1CCCCOc1ccc(-c2coc3cc(OCCCCN4CCc5ccccc5C4C)cc(O)c3c2=O)cc1,5.27572
6754,VIOPWDAUYNQNRM-UHFFFAOYSA-N,O=c1c(-c2ccc(OCCCCN3CCCCC3)cc2)coc2cc(OCCCCN3CCCCC3)cc(O)c12,6.09151
6756,XPYFRMBBCHEZMZ-DARPEHSRSA-N,CCN(CCCCOc1ccc(/C=C/C(=O)c2c(O)cc(OCCCCN(CC)Cc3ccccc3OC)cc2O)cc1)Cc1ccccc1OC,5.88606
6757,XBDYTEFXMPXJIS-DTQAZKPQSA-N,O=C(/C=C/c1ccc(OCCCCN2CCCCC2)cc1)c1c(O)cc(OCCCCN2CCCCC2)cc1O,5.29243
6758,QOSSCOVDLSVVJA-SDNWHVSQSA-N,O=C(/C=C/c1ccc(OCCCCN2CCCC2)cc1)c1c(O)cc(OCCCCN2CCCC2)cc1O,5.49485
6759,OGHSLHAXPVLHBD-OBGWFSINSA-N,CCN(CC)CCCCOc1ccc(/C=C/C(=O)c2c(O)cc(OCCCCN(CC)CC)cc2O)cc1,5.3279
6764,XTQIWDYCCFYORM-CSKARUKUSA-N,COc1cc(/C=C/C(=O)NCC(=O)Nc2ccccc2OC)ccc1O,5.24033
6765,DBMZBMJYDIJUPI-VQHVLOKHSA-N,COc1cccc(NC(=O)CNC(=O)/C=C/c2ccc(O)c(OC)c2)c1,5.61618
6767,BEWAIWNJAIMESJ-VQHVLOKHSA-N,COc1cc(/C=C/C(=O)NCC(=O)Nc2ccccc2Cl)ccc1O,5.2426
6768,LHCVSCQEUOTHJS-SOFGYWHQSA-N,COc1cc(/C=C/C(=O)NCC(=O)Nc2cccc(Cl)c2)ccc1O,5.24565
6769,MFNGDMYATMLOTC-YCRREMRBSA-N,COc1cc(/C=C/C(=O)NCC(=O)Nc2ccc(Cl)cc2)ccc1O,5.46471
6771,MJBVBHRRAGRLQN-SOFGYWHQSA-N,COc1cc(/C=C/C(=O)NCC(=O)Nc2cccc(C(F)(F)F)c2)ccc1O,5.03105
6772,AMZZCUYPZJXZDH-YCRREMRBSA-N,COc1cc(/C=C/C(=O)NCC(=O)Nc2ccc(C(F)(F)F)cc2)ccc1O,5.0846
6781,XVKHPTDTSZLRHX-XVNBXDOJSA-N,COc1cc(/C=C/C(=O)NCC(=O)Nc2ccc3[nH]ccc3c2)ccc1O,5.24109
6782,FDCRLLFTRZKKFG-WEVVVXLNSA-N,COc1cc(/C=C/C(=O)NCC(=O)Nc2ccc3ncccc3c2)ccc1O,5.31069
6784,VUSXDYWHQVGKND-VQHVLOKHSA-N,COc1cccc(N2CCN(C(=O)/C=C/c3ccc(O)c(OC)c3)CC2)c1,5.00393
6799,DOQSUJLBOVDRML-UHFFFAOYSA-N,CC(C)c1ccc(NC(=O)OC2CCCN(C3Cc4ccccc4C3)C2)cc1,5.1016
6816,HGJNVGMGHMPCIT-UHFFFAOYSA-N,CC(C)c1ccc(NC(=O)OCC2CCN(C3Cc4ccccc4C3)CC2)cc1,5.38902
6817,CDBAAXNYHDKTFF-UHFFFAOYSA-N,CC(C)c1ccc(NC(=O)OC2CCN(C3Cc4ccccc4C3)CC2)cc1,5.63676
6822,WSZHWBCEOHXGOF-UHFFFAOYSA-N,CC(C)c1ccc(NC(=O)OCC2CCN(Cc3ccccc3)CC2)cc1,5.6482
6825,IKTRKOHDYGDICC-UHFFFAOYSA-N,O=C(Nc1ccccc1)OCC1CCN(Cc2ccccc2)CC1,5.13608
6858,TXAPPQYDLMDBMU-UHFFFAOYSA-N,Cc1ccc(C(=O)N2CCN(CC(=O)N3CCN(CCCc4c[nH]c5ccc(F)cc45)CC3)CC2)cc1,5.4437
6859,PVOUNDRVIFNRES-UHFFFAOYSA-N,O=C(CN1CCN(C(=O)c2ccc(F)cc2)CC1)N1CCN(CCCc2c[nH]c3ccc(F)cc23)CC1,5.46852
6876,HRIHTEQSIMHUPV-UHFFFAOYSA-N,COc1cccc2cc[n+](-c3ccc(C(F)(F)F)cc3)cc12,6.16115
6879,BEDMQNIMYVNRDK-UHFFFAOYSA-N,COc1cccc2cc[n+](-c3ccc(I)cc3)cc12,6.14267
6881,HZCLHLSRFISUOJ-UHFFFAOYSA-N,COc1cccc2cc[n+](-c3ccccc3I)cc12,5.68613
6882,XOROMQNBXQGKST-UHFFFAOYSA-N,COc1cccc2cc[n+](-c3ccc(Br)cc3)cc12,6.72125
6884,RTJODZZGCZZTRF-UHFFFAOYSA-N,COc1cccc2cc[n+](-c3ccccc3Br)cc12,5.2815
6885,CLIBEFUYKVSXSU-UHFFFAOYSA-N,COc1cccc2cc[n+](-c3ccc(Cl)cc3)cc12,6.76955
6886,JNKSAKWNXKWMIA-UHFFFAOYSA-N,COc1cccc2cc[n+](-c3cccc(Cl)c3)cc12,5.02457
6887,JKHKSDOTYVTZJI-UHFFFAOYSA-N,COc1cccc2cc[n+](-c3ccccc3Cl)cc12,5.27327
6888,NQFOCEGXWIHLLW-UHFFFAOYSA-N,COc1cccc2cc[n+](-c3ccc(F)cc3)cc12,6.17393
6889,MOIXICUBPYLSMJ-UHFFFAOYSA-N,COc1cccc2cc[n+](-c3cccc(F)c3)cc12,5.03953
6890,FEUNUIYGZQUKCU-UHFFFAOYSA-N,COc1cccc2cc[n+](-c3ccccc3F)cc12,5.59346
6891,MQEUFDHPRHUBBR-UHFFFAOYSA-N,COc1cccc2cc[n+](-c3ccccc3)cc12,5.84771
6892,QLXMVKYELSPGTQ-UHFFFAOYSA-N,COc1cccc2cc[n+](-c3ccccc3C#N)cc12,5.75696
6893,BYAUSYGZMYTHJS-UHFFFAOYSA-N,COc1cccc2cc[n+](-c3cccc(C#N)c3)cc12,5.46725
6895,QXEKOLWNPCSFRM-UHFFFAOYSA-N,COc1cccc2cc[n+](-c3ccccc3C)cc12,5.5391
6896,AZRZAHIBCRUIAW-UHFFFAOYSA-N,COc1cccc2cc[n+](-c3cccc(C)c3)cc12,5.65561
6897,UQWUUDBALGBOLC-UHFFFAOYSA-N,COc1cccc2cc[n+](-c3ccc(C)cc3)cc12,5.96658
6899,NLINSCWNGUDKEU-UHFFFAOYSA-N,COc1cccc(-[n+]2ccc3cccc(OC)c3c2)c1,5.16115
6900,GOTLZBYNOBCKMY-UHFFFAOYSA-N,COc1ccc(-[n+]2ccc3cccc(OC)c3c2)cc1,6.85387
6901,FRHQTCUNBCBTCS-UHFFFAOYSA-N,COc1cccc2cc[n+](-c3c(F)cccc3F)cc12,5.56864
6902,WSEZFGBHOYBWSA-UHFFFAOYSA-N,COc1cccc2cc[n+](-c3ccc(Cl)cc3Cl)cc12,5.46597
6904,CXVCPGDBKQTMGW-UHFFFAOYSA-N,COc1cccc2cc[n+](-c3ccc(Br)cc3Br)cc12,6.24413
6905,GHZYJZGQBTYMSA-UHFFFAOYSA-N,COc1cccc2cc[n+](-c3ccc(Br)cc3F)cc12,6.04576
6906,UTSRJYYICXKRBK-UHFFFAOYSA-N,COc1cccc2cc[n+](-c3ccc(I)cc3F)cc12,5.91009
6907,GCTHSGKPTPJSDE-UHFFFAOYSA-N,Brc1ccc(-[n+]2ccc3ccccc3c2)cc1,5.6216
6908,QVMCAFUGXJPHCH-UHFFFAOYSA-N,COc1cccc2c1C=[N+](c1ccccc1)CC2,5.79048
6909,VEAMQUMDOAWEMW-UHFFFAOYSA-N,COc1cccc2c1C=[N+](c1ccccc1F)CC2,5.53165
6911,GAFAAABHBUAYNC-UHFFFAOYSA-N,COc1cccc2c1C=[N+](c1ccc(F)cc1)CC2,5.70115
6914,BWTOFLUMSJGBGG-UHFFFAOYSA-N,COc1cccc2c1C=[N+](c1ccc(Cl)cc1)CC2,6.49485
6915,WDTQXWNRGMJAOF-UHFFFAOYSA-N,COc1cccc2c1C=[N+](c1ccccc1Br)CC2,5.82391
6917,HHFDHIYFBUUIRK-UHFFFAOYSA-N,COc1cccc2c1C=[N+](c1ccc(Br)cc1)CC2,6.55284
6918,ZCIHKXINHRCRBE-UHFFFAOYSA-N,COc1cccc2c1C=[N+](c1ccccc1I)CC2,5.74715
6920,UHAGMMWIOVBEPU-UHFFFAOYSA-N,COc1cccc2c1C=[N+](c1ccc(I)cc1)CC2,5.99568
6923,AJZUVWGFDIHRNS-UHFFFAOYSA-N,COc1cccc2c1C=[N+](c1ccc(C(F)(F)F)cc1)CC2,5.7122
6925,CFLJQEYIHATUMT-UHFFFAOYSA-N,COc1cccc2c1C=[N+](c1cccc(C#N)c1)CC2,5.28988
6927,BCZVOSZRMLMXFO-UHFFFAOYSA-N,COc1cccc2c1C=[N+](c1ccccc1C)CC2,5.51286
6928,IGYZPHYCTVEWGX-UHFFFAOYSA-N,COc1cccc2c1C=[N+](c1cccc(C)c1)CC2,5.5391
6929,OAHAPTWQMVFBTP-UHFFFAOYSA-N,COc1cccc2c1C=[N+](c1ccc(C)cc1)CC2,6.27572
6931,NUYKEGNINYWXDY-UHFFFAOYSA-N,COc1cccc([N+]2=Cc3c(cccc3OC)CC2)c1,5.2815
6932,UUNWOQNMCUFPJE-UHFFFAOYSA-N,COc1ccc([N+]2=Cc3c(cccc3OC)CC2)cc1,5.98297
6933,QPPZDHPOFPAJHH-UHFFFAOYSA-N,COc1cccc2c1C=[N+](c1c(F)cccc1F)CC2,5.88941
6934,CKLSWIXXWRGDES-UHFFFAOYSA-N,COc1cccc2c1C=[N+](c1ccc(Cl)cc1Cl)CC2,5.98297
6936,WJKSDIJOOSZHQC-UHFFFAOYSA-N,COc1cccc2c1C=[N+](c1ccc(Br)cc1Br)CC2,5.42946
6937,QFBOTQGPSMUXRX-UHFFFAOYSA-N,COc1cccc2c1C=[N+](c1ccc(Br)cc1F)CC2,5.88941
6938,XPPHIIJDSGASBC-UHFFFAOYSA-N,COc1cccc2c1C=[N+](c1ccc(I)cc1F)CC2,5.97469
6940,INVGWHRKADIJHF-UHFFFAOYSA-N,C[n+]1cc2c3c(ccc2c2ccc4cc5c(cc4c21)OCO5)OCO3,5.91364
6947,DAWSYIQAGQMLFS-SFHVURJKSA-N,CC(C)=CCc1c(O)cc(O)c2c1O[C@H](c1ccccc1)CC2=O,8.19382
6956,CVIGIFUFGSHWDX-VQHVLOKHSA-N,COc1cccc(NC(=O)CCNC(=O)/C=C/c2ccc(O)c(OC)c2)c1,5.61798
6957,MJLZXQPGFGKYKG-YCRREMRBSA-N,COc1cc(/C=C/C(=O)NCCC(=O)Nc2ccc(Cl)cc2)ccc1O,5.27409
6958,WFZLZUMSNYZMQL-VQHVLOKHSA-N,COc1cc(/C=C/C(=O)NCC(=O)NCCc2c[nH]c3ccccc23)ccc1O,5.93272
6959,LDZYHULYKCNQFT-XBXARRHUSA-N,COc1ccc2[nH]cc(CCNC(=O)CNC(=O)/C=C/c3ccc(O)c(OC)c3)c2c1,6.01773
6960,OYIPLAHDKDNEPE-XVNBXDOJSA-N,COc1cc(/C=C/C(=O)NCC(=O)NCCc2c[nH]c3ccc(Cl)cc23)ccc1O,6.07572
6965,FUEAQDJAQZSMNY-UHFFFAOYSA-N,Cc1ccc2nc3c(c(N)c2c1)CCC3,5.0
6968,VGQLZUNFVYTFBF-UHFFFAOYSA-N,Nc1c2c(nc3ccc(Br)cc13)CCC2,5.24489
6969,HUWWFDOJYOUTTO-UHFFFAOYSA-N,Nc1c2c(nc3ccc(Br)cc13)CCCC2,5.31966
6971,DKIHAPRATQJNSK-UHFFFAOYSA-N,Nc1c2c(nc3ccc(Cl)cc13)CCC2,5.80134
6973,ODQKBBQRKVQZDH-UHFFFAOYSA-N,Nc1c2c(nc3ccc(Cl)cc13)CCCCC2,5.0655
6975,UBZYAQWKNPQKNN-UHFFFAOYSA-N,Nc1c2c(nc3c(Cl)cc(Cl)cc13)CCCC2,5.36251
6976,IWMVIMXKIPYNDO-UHFFFAOYSA-N,Nc1c2c(nc3c(Cl)cc(Cl)cc13)CCCCC2,5.04383
6978,JPAWCKLWCYDEPB-UHFFFAOYSA-N,Nc1c2c(nc3c(Br)cc(Br)cc13)CCCC2,5.28567
6980,LNIRMTRXIJOOND-UHFFFAOYSA-N,Nc1c2c(nc3ccc(F)cc13)CCC2,6.17914
6981,GMTLISNEXFVQLJ-UHFFFAOYSA-N,Nc1c2c(nc3ccc(F)cc13)CCCC2,6.00966
6982,YRPUITYJDDVVFY-UHFFFAOYSA-N,Nc1c2c(nc3ccc(F)cc13)CCCCC2,6.20482
6985,ZQAMGOXTPCJUFY-UHFFFAOYSA-N,Cc1ccc2c(N)c3c(nc2c1)CCC3,6.45967
6987,XNVODOITBYZNTC-UHFFFAOYSA-N,Cc1ccc2c(N)c3c(nc2c1)CCCCC3,6.98297
6988,SLNSWWVQADCKSW-UHFFFAOYSA-N,Cc1cccc2nc3c(c(N)c12)CCC3,6.38195
6990,OPNOYFYMEWJEMI-UHFFFAOYSA-N,Cc1cccc2nc3c(c(N)c12)CCCCC3,6.59346
6991,JBZLIWVDIDZFCY-UHFFFAOYSA-N,COc1ccc2nc3c(c(N)c2c1)CCC3,5.08513
6995,HIVZWGFKJDAQNI-MFOYZWKCSA-N,CCOC(=O)/C(=N\Nc1ccccc1)C(=O)C(F)(F)F,5.49214
6996,MXVXMWJOHZMDDT-ZDLGFXPLSA-N,CCOC(=O)/C(=N\Nc1ccc(C)cc1)C(=O)C(F)(F)F,5.13549
6998,ROMZBPLFSUOSKG-ZDLGFXPLSA-N,CCOC(=O)/C(=N\Nc1ccc(OC)cc1)C(=O)C(F)(F)F,5.33536
6999,PXWCYACVBRUFQF-MFOYZWKCSA-N,CCOC(=O)/C(=N\Nc1ccccc1[N+](=O)[O-])C(=O)C(F)(F)F,6.11976
7000,JNMIFBYVUUFRPR-NVMNQCDNSA-N,CCOC(=O)/C(=N\Nc1ccc(F)cc1)C(=O)C(F)(F)F,5.57349
7001,STBKQHPFABRPSI-NVMNQCDNSA-N,CCOC(=O)/C(=N\Nc1ccc(Br)cc1)C(=O)C(F)(F)F,5.86646
7002,AZFNOGDHVUHHHQ-JAIQZWGSSA-N,CCOC(=O)/C(=N\Nc1ccccc1C(=O)OCC)C(=O)C(F)(F)F,6.31785
7003,VWFUHGNXIZJAQZ-JAIQZWGSSA-N,CCOC(=O)/C(=N\Nc1ccc(C(=O)OCC)cc1)C(=O)C(F)(F)F,5.42136
7008,AJHXMWXYVYOBQI-UHFFFAOYSA-N,Cc1ccc(S(=O)(=O)SCc2ccccc2)cc1,6.28617
7009,HSNCNCRRNWZNDA-UHFFFAOYSA-N,Cc1ccc(S(=O)(=O)SCc2ccc(F)cc2)cc1,6.50515
7010,CBQWJVRTMNAWFV-UHFFFAOYSA-N,Cc1ccc(S(=O)(=O)SCc2ccc(Cl)cc2)cc1,6.32039
7011,PHYFKUVLMXFFMA-UHFFFAOYSA-N,Cc1ccc(S(=O)(=O)SCc2ccc([N+](=O)[O-])cc2)cc1,6.67305
7012,OSHWRYVCOZUYMD-UHFFFAOYSA-N,Cc1ccc(S(=O)(=O)SCc2ccc(C#N)cc2)cc1,6.70841
7013,BSYAXFZBHCNOSO-UHFFFAOYSA-N,Cc1ccc(S(=O)(=O)SCc2ccc(C(F)(F)F)cc2)cc1,7.06248
7014,QHMDDZOOLIQIDD-UHFFFAOYSA-N,Cc1ccc(S(=O)(=O)SCc2ccc(OC(F)(F)F)cc2)cc1,6.88807
7015,SJBOKLOBSYZREV-UHFFFAOYSA-N,COc1ccc(CSS(=O)(=O)c2ccc(C)cc2)cc1,6.3114
7016,QEPADCWYAPMDGA-UHFFFAOYSA-N,Cc1ccc(S(=O)(=O)SCc2ccc(C(C)C)cc2)cc1,7.92445
7017,OQUDAZIWXWUCRZ-UHFFFAOYSA-N,Cc1ccc(S(=O)(=O)SCc2ccc(C(C)(C)C)cc2)cc1,6.75301
7020,JMYMKXIXWAGFRX-SRDVKXRDSA-N,CC1=CC2Cc3nc4cc(Cl)ccc4c(NCCCCCNC(=O)[C@@H](N)Cc4c[nH]c5ccccc45)c3C(C1)C2,7.64397
7021,HHLHIZQJSGEGON-BSYJTBJZSA-N,CC1=CC2Cc3nc4cc(Cl)ccc4c(NCCCCCCNC(=O)[C@@H](N)Cc4c[nH]c5ccccc45)c3C(C1)C2,7.93181
7022,VMMAQHJFFZODBW-DHCVZJGKSA-N,CC1=CC2Cc3nc4cc(Cl)ccc4c(NCCCCCCCNC(=O)[C@@H](N)Cc4c[nH]c5ccccc45)c3C(C1)C2,7.91721
7027,OQPHIFIGALCHJT-UHFFFAOYSA-N,COc1ccc2nc3c(c(N)c2c1)C1CC(C)=CC(C3)C1,5.58004
7028,ZNNQFFKFWSWODG-UHFFFAOYSA-N,C[n+]1ccc2c(c1)c1ccccc1n2CCCCCCCCCn1c2ccccc2c2c[n+](C)ccc21,9.48149
7029,WIBZBHAULNIINQ-UHFFFAOYSA-N,c1ccc2c(c1)c1cnccc1n2CCCCCCCCCn1c2ccccc2c2cnccc21,7.09691
7030,CZOTVKAOVGNSQX-UHFFFAOYSA-N,CN1CCc2c(c3ccccc3n2CCC(=O)N2c3ccccc3Sc3ccccc32)C1,5.10791
7039,FYRFGJSXHGSSRA-UHFFFAOYSA-N,O=C(CCn1c2ccccc2c2cnccc21)N1c2ccccc2Sc2ccccc21,5.63827
7040,GUDOKVFOWONHLZ-UHFFFAOYSA-N,O=C(CCn1c2ccncc2c2cc(F)ccc21)N1c2ccccc2Sc2ccccc21,5.20761
7041,OHLLCAOZLCURLY-UHFFFAOYSA-N,Cc1ccc2c(c1)c1cnccc1n2CCC(=O)N1c2ccccc2Sc2ccccc21,6.29243
7042,BTQBWKICBNYTJF-UHFFFAOYSA-N,COc1ccc2c(c1)c1cnccc1n2CCC(=O)N1c2ccccc2Sc2ccccc21,6.26761
7043,JRNPBNOKBHQPQV-UHFFFAOYSA-N,C[n+]1ccc2c(c1)c1ccccc1n2CCC(=O)N1c2ccccc2Sc2ccccc21,5.65758
7044,FESXNYAPGUCZIQ-UHFFFAOYSA-N,C[n+]1ccc2c(c1)c1cc(F)ccc1n2CCC(=O)N1c2ccccc2Sc2ccccc21,5.58503
7045,DWJVIPVCUJKTNK-UHFFFAOYSA-N,Cc1ccc2c(c1)c1c[n+](C)ccc1n2CCC(=O)N1c2ccccc2Sc2ccccc21,5.95861
7046,TYILUFWHLUDPEG-UHFFFAOYSA-N,COc1ccc2c(c1)c1c[n+](C)ccc1n2CCC(=O)N1c2ccccc2Sc2ccccc21,5.27572
7047,VVHSKUVEDZEFPN-UHFFFAOYSA-N,O=C(CCn1c2ccccc2c2c[n+](Cc3ccccc3)ccc21)N1c2ccccc2Sc2ccccc21,5.65758
7048,QCKPPJYQWXOQMU-UHFFFAOYSA-N,Cn1ccc2nc3ccccc3c-2c1,5.06048
7049,ZFXURHCAGHMGTN-UHFFFAOYSA-O,C[n+]1ccc2[nH]c3ccc(F)cc3c2c1,5.72125
7050,AZSSBHLSLTXVLS-UHFFFAOYSA-O,Cc1ccc2[nH]c3cc[n+](C)cc3c2c1,5.04096
7052,FWZLSJAQZGRSHU-UHFFFAOYSA-O,c1ccc(C[n+]2ccc3[nH]c4ccccc4c3c2)cc1,5.0655
7055,JMULJIQFSHBVOR-UHFFFAOYSA-N,c1ccc(CN2CCC(c3cc4ccccc4o3)CC2)cc1,5.29499
7074,DXZUJGHPCQSCHE-UHFFFAOYSA-N,O=C(NCC1CCN(Cc2ccccc2)CC1)c1n[nH]c2ccc(-c3cccnc3)cc12,5.96138
7075,XGLLPXIGVHKLST-UHFFFAOYSA-N,O=C(NCC1CCN(Cc2ccccc2F)CC1)c1n[nH]c2ccc(-c3cccnc3)cc12,5.66234
7076,MIIFHVXEAJWDFO-UHFFFAOYSA-N,O=C(CC1CCN(Cc2ccccc2)CC1)Nc1n[nH]c2cc(-c3cccnc3)ccc12,6.29328
7077,MNYMTRSJCXHXCH-UHFFFAOYSA-N,O=C(CC1CCN(Cc2ccccc2F)CC1)Nc1n[nH]c2cc(-c3cccnc3)ccc12,6.16052
7078,WXMOKZNUJCRTEO-UHFFFAOYSA-N,O=C(CC1CCN(Cc2ccc(F)cc2)CC1)Nc1n[nH]c2cc(-c3cccnc3)ccc12,6.28567
7080,SQXUZVAZCVIHFU-UHFFFAOYSA-N,O=C(NCC1CCN(Cc2ccccc2)CC1)c1cncc(NC(=O)c2ccnc(NC(=O)C3CC3)c2)c1,5.95782
7081,MKGIGQPTXXJMDY-UHFFFAOYSA-N,O=C(NCC1CCN(Cc2ccccc2F)CC1)c1cncc(NC(=O)c2ccnc(NC(=O)C3CC3)c2)c1,5.75572
7082,KEUNJQULSSTRRQ-UHFFFAOYSA-N,O=C(NCC1CCN(Cc2cccc(F)c2)CC1)c1cncc(NC(=O)c2ccnc(NC(=O)C3CC3)c2)c1,5.62197
7083,KZIUKYUXSWKSDB-UHFFFAOYSA-N,O=C(NCC1CCN(Cc2ccc(F)cc2)CC1)c1cncc(NC(=O)c2ccnc(NC(=O)C3CC3)c2)c1,5.5187
7084,CTEPQURVBGQIEL-UHFFFAOYSA-N,O=C(NCC1CCN(Cc2ccc(F)c(F)c2)CC1)c1cncc(NC(=O)c2ccnc(NC(=O)C3CC3)c2)c1,5.51329
7085,WNJKRYQIWPFOOG-UHFFFAOYSA-N,O=C(NCC1CCN(Cc2cccc(Cl)c2)CC1)c1cncc(NC(=O)c2ccnc(NC(=O)C3CC3)c2)c1,5.96218
7086,QHSNOGOBQIARBJ-UHFFFAOYSA-N,Cc1ccccc1CN1CCC(CNC(=O)c2cncc(NC(=O)c3ccnc(NC(=O)C4CC4)c3)c2)CC1,5.38796
7089,VKIJTFYGLUKRHX-UHFFFAOYSA-N,O=C(Nc1cncc(C(=O)NC2CCN(Cc3ccccc3)CC2)c1)c1ccnc(NC(=O)C2CC2)c1,6.20621
7090,QGTSXUHNDBYUKW-UHFFFAOYSA-N,O=C(Nc1cncc(C(=O)NC2CCN(Cc3cccc(Cl)c3)CC2)c1)c1ccnc(NC(=O)C2CC2)c1,5.60189
7091,GZRZTVNBEPEBSU-UHFFFAOYSA-N,O=C(NCCC1CCN(Cc2cccc(Cl)c2)CC1)c1cncc(NC(=O)c2cccc(NC(=O)C3CC3)c2)c1,5.35734
7092,MAPUWPDSUZHELW-UHFFFAOYSA-N,O=C(Nc1cncc(OCC2CCN(Cc3ccccc3)CC2)c1)c1ccnc(NC(=O)C2CC2)c1,8.58503
7093,YLNKOYUKDZZJOW-UHFFFAOYSA-N,O=C(Nc1cncc(OCC2CCN(Cc3ccccc3F)CC2)c1)c1ccnc(NC(=O)C2CC2)c1,8.3279
7094,YNKUUJYZUJYJRR-UHFFFAOYSA-N,O=C(Nc1cncc(OCC2CCN(Cc3ccc(F)cc3)CC2)c1)c1ccnc(NC(=O)C2CC2)c1,9.0
7095,UEHKJGRQXQMNEA-UHFFFAOYSA-N,O=C(Nc1cncc(OCC2CCN(Cc3ccccc3Cl)CC2)c1)c1ccnc(NC(=O)C2CC2)c1,7.08831
7097,IGURROANDGIDJI-UHFFFAOYSA-N,CC(=O)Nc1cc(C(=O)Nc2cncc(OCC3CCN(Cc4ccc(F)cc4)CC3)c2)ccn1,8.04576
7098,LXDZCXRWZBSWSC-UHFFFAOYSA-N,O=C(Nc1cccc(OCC2CCN(Cc3ccccc3)CC2)c1)c1ccnc(NC(=O)C2CC2)c1,5.85574
7100,RXSPMQWZEIHVDM-UHFFFAOYSA-N,O=C(NCC1CCN(Cc2cccc(Cl)c2)CC1)c1cncc(NC(=O)c2ccnc3[nH]ccc23)c1,5.88406
7101,CWBJELZIHSQSHL-UHFFFAOYSA-N,O=C(NC1CCN(Cc2ccccc2)CC1)c1cncc(NC(=O)c2ccnc3[nH]ccc23)c1,6.44612
7102,QUKLTKQLXYSPFO-UHFFFAOYSA-N,O=C(NC1CCN(Cc2ccc(F)cc2)CC1)c1cncc(NC(=O)c2ccnc3[nH]ccc23)c1,6.64397
7103,NTIXCYUTHPYLGJ-UHFFFAOYSA-N,O=C(Nc1cncc(OCC2CCN(Cc3ccccc3)CC2)c1)c1ccnc2[nH]ccc12,8.40894
7108,QNQQDGVPEJIAKF-UHFFFAOYSA-N,COc1ccc2[nH]cc(CCNC(=O)Cn3cc(CCCCN(C)CCCC4c5cc(OC)c(OC)cc5CCN4C)nn3)c2c1,5.65758
7110,BONSTVLWAPBWEJ-LZZMJICFSA-N,COc1ccc2[nH]cc(CCNC(=O)Cn3cc(CN4CC[C@@]56C=C[C@H](O)C[C@@H]5Oc5c(OC)ccc(c56)C4)nn3)c2c1,5.26664
7111,GHNRWPLXCBXYEM-HFYPTWNKSA-N,COc1ccc2[nH]cc(CCNC(=O)CCCCn3cc(CN4CC[C@@]56C=C[C@H](O)C[C@@H]5Oc5c(OC)ccc(c56)C4)nn3)c2c1,5.99913
7112,GLSRNLVTJIASQO-MQHRBSSMSA-N,COc1ccc2c3c1O[C@H]1C[C@@H](O)C=C[C@@]31CCN(CCCCc1cn(CC(=O)NCCc3c[nH]c4ccccc34)nn1)C2,6.86012
7113,OCGOVZKWSYWPMO-DUDRRYTISA-N,COc1ccc2c3c1O[C@H]1C[C@@H](O)C=C[C@@]31CCN(CCCCc1cn(CCCC(=O)NCCc3c[nH]c4ccccc34)nn1)C2,6.92082
7114,XCWQKCHWOQFCQT-FIKWBYJGSA-N,COc1ccc2c3c1O[C@H]1C[C@@H](O)C=C[C@@]31CCN(CCCCc1cn(CCCCC(=O)NCCc3c[nH]c4ccccc34)nn1)C2,7.50864
7115,DUJZJMXOJAJFRY-HFYPTWNKSA-N,COc1ccc2[nH]cc(CCNC(=O)Cn3cc(CCCCN4CC[C@@]56C=C[C@H](O)C[C@@H]5Oc5c(OC)ccc(c56)C4)nn3)c2c1,7.63827
7116,GRGRSPYUJIFMHC-AEOVLEPASA-N,COc1ccc2[nH]cc(CCNC(=O)CCCCn3cc(CCCCN4CC[C@@]56C=C[C@H](O)C[C@@H]5Oc5c(OC)ccc(c56)C4)nn3)c2c1,7.74473
7118,RKHGQLCCNBYMJX-BWTSREIZSA-N,Fc1ccccc1-c1ccc(N[C@H]2C[C@@H]3CN(CC4CCOCC4)C[C@@H]3C2)nn1,8.76955
7119,MFZFTIAUXVYCFV-UHFFFAOYSA-N,CC1=CC2Cc3nc4cc(Cl)ccc4c(NCCCCCCCCCNC(=O)c4ccc[nH]c4=O)c3C(C1)C2,8.73993
7120,XVFMIEFXOOYHGW-UHFFFAOYSA-N,CC1=CC2Cc3nc4cc(Cl)ccc4c(NCCCCCCCCCNS(=O)(=O)c4cn[nH]c4)c3C(C1)C2,8.61979
7121,LODADOWHBHYNFI-UHFFFAOYSA-N,CC1=CC2Cc3nc4cc(Cl)ccc4c(NCCCCCCCCCNC(=O)c4cc(O)cc(O)c4)c3C(C1)C2,8.59007
7122,KQBINWYKLBXRPW-UHFFFAOYSA-N,CC1=CC2Cc3nc4cc(Cl)ccc4c(NCCCCCCCCC(=O)Nc4cn[nH]c4)c3C(C1)C2,8.6216
7123,ZBIXRKNNTMNYEM-UHFFFAOYSA-N,CC1=CC2Cc3nc4cc(Cl)ccc4c(NCCCCCCCCC(=O)N4CCNC(=O)C4)c3C(C1)C2,9.38722
7124,GJLRIIBNLFEURH-UHFFFAOYSA-N,CC1=CC2Cc3nc4cc(Cl)ccc4c(NCCCCCCCCC(=O)NCc4cc[nH]c(=O)c4)c3C(C1)C2,9.20066
7125,REJJQNQSWRYGAY-UHFFFAOYSA-N,COc1cc(CNC(=O)CCCCCCCCNc2c3c(nc4cc(Cl)ccc24)CC2C=C(C)CC3C2)ccn1,8.90309
7142,UTWQQVAXYHDONA-DMKCZBPRSA-N,CO[C@H]1C[C@H]2C(=C[C@@H]1OC(=O)c1ccc(Cl)c([N+](=O)[O-])c1)[C@H]1CN2Cc2cc3c(cc21)OCO3,5.79317
7143,OMZOMTHYCJMWFQ-FVLCUVFVSA-N,CO[C@H]1C[C@H]2C(=C[C@@H]1OC(=O)c1ccc(C)c([N+](=O)[O-])c1)[C@H]1CN2Cc2cc3c(cc21)OCO3,5.36452
7144,ZPBAYYLTKSQPGE-UDSSINMLSA-N,CO[C@H]1C[C@H]2C(=C[C@@H]1OC(=O)c1cc([N+](=O)[O-])ccc1Cl)[C@H]1CN2Cc2cc3c(cc21)OCO3,5.49757
7161,VBKMVDBQDDXULM-UXYIHQQYSA-N,O=C(O[C@H]1CN2Cc3cc4c(cc3[C@]13C=C[C@@H](O)C[C@H]23)OCO4)c1cccc([N+](=O)[O-])c1,5.39794
7181,ZEZHVLKHFYAVTB-PYMCNQPYSA-N,CCNC(=O)Oc1ccc2c(c1)[C@]1(C)CCOC1O2,8.22185
7182,QIYIAVWWIGXXBQ-QWAKEFERSA-N,CC(C)c1ccc(NC(=O)Oc2ccc3c(c2)[C@]2(C)CCOC2O3)cc1,7.56864
7183,SRVYFUQBPJZPMS-BDYUSTAISA-N,CN1c2ccc(OC(=O)NC3CCCCC3)cc2[C@]2(C)CCN(CCc3ccccc3)[C@H]12,7.65758
7184,GAESUMXHPCHJKQ-UHFFFAOYSA-N,N#Cc1ccc2[nH]cc(CCCCN3CCN(c4ccc(C(=O)CCC5CCN(Cc6ccccc6)CC5)cc4)CC3)c2c1,9.23657
7186,RWXZXJNJQZFMAE-UHFFFAOYSA-N,Cc1c(C)c2ccc(OCC3CCCN(Cc4cccc(F)c4)C3)cc2oc1=O,5.92082
7187,KUHCABBCAHJPQR-UHFFFAOYSA-N,Cc1c(C)c2ccc(OCC3CCCN(CCCC(F)F)C3)cc2oc1=O,6.31876
7188,RYVDJROSDCHIPC-UHFFFAOYSA-N,Cc1c(C)c2ccc(OCC3CCN(Cc4cccc(F)c4)CC3)cc2oc1=O,6.33724
7189,KOLQZDAHCMXISM-UHFFFAOYSA-N,Cc1c(C)c2ccc(OCC3CCN(Cc4cccc(C(F)(F)F)c4)CC3)cc2oc1=O,6.3279
7190,NQNJDDJLRMICLQ-UHFFFAOYSA-N,Cc1c(C)c2ccc(OCC3CCN(CCCC(F)F)CC3)cc2oc1=O,5.92082
7191,LMSJPMKZTVCUMM-UHFFFAOYSA-N,CCN(CCCOc1ccc2c(C)c(C)c(=O)oc2c1)Cc1cccc(F)c1,5.92082
7192,XEKGDDSQICBFDK-UHFFFAOYSA-N,Cc1c(C)c2ccc(OCCCN(Cc3cccc(F)c3)C(C)C)cc2oc1=O,6.04096
7193,JFBYGVYECDFTLS-UHFFFAOYSA-N,Cc1c(C)c2ccc(OCc3cccc(CN(C)CCCC(F)F)c3)cc2oc1=O,5.76955
7194,UXFJYPQDRBVIIL-UHFFFAOYSA-N,Cc1c(C)c2ccc(OCc3ccc(CN(C)CCCC(F)F)cc3)cc2oc1=O,5.82391
7195,HUXCCRUQLRWJNF-UHFFFAOYSA-N,CN(CCCC(F)F)Cc1ccc(COc2ccc3c(CO)cc(=O)oc3c2)cc1,6.25964
7196,QLJQCJJMXAPXRX-UHFFFAOYSA-N,CN(Cc1ccc(COc2ccc3c(CO)cc(=O)oc3c2)cc1)Cc1cccc(F)c1,6.48149
7198,KUBYHRTYKKZBKV-UHFFFAOYSA-N,CN(Cc1ccccc1)Cc1ccc(COc2ccc3c(C(F)F)cc(=O)oc3c2)cc1,6.25181
7199,JORAAUMJWAFSIM-UHFFFAOYSA-N,Cc1c(C)c2ccc(OCC3CCCN(CCCO)C3)cc2oc1=O,5.95861
7200,HKIDXMKKZYHFEM-UHFFFAOYSA-N,Cc1c(C)c2ccc(OCC3CCCN(Cc4ccccc4)C3)cc2oc1=O,5.869965
7202,MWFBGTXYOJLQIW-UHFFFAOYSA-N,Cc1c(C)c2ccc(OCC3CCN(Cc4ccccc4)CC3)cc2oc1=O,6.42022
7203,LSEUJBVYGRJBEU-UHFFFAOYSA-N,CN(CCCO)Cc1ccc(COc2ccc3c(CO)cc(=O)oc3c2)cc1,5.65758
7211,OWFPUTJZUAQYFR-UHFFFAOYSA-N,COC(=O)c1c(CCCCCCCCNc2c3c(nc4ccccc24)CCCC3)cccc1OC,7.68194
7212,BVWLKHFEAAHNIO-UHFFFAOYSA-N,COC(=O)c1c(CCCCCCCCNc2c3c(nc4cc(Cl)ccc24)CCCC3)cccc1OC,8.59517
7213,PXDDKQXHQWPKJR-UHFFFAOYSA-N,COC(=O)c1c(CCCCCCCCNc2c3c(nc4ccc(OC)cc24)CCCC3)cccc1OC,5.89963
7214,CIAUOFBPIZNSLU-UHFFFAOYSA-N,COc1cccc(CCCCCCCCNc2c3c(nc4ccccc24)CCCC3)c1,7.39794
7215,BBPYQOCREQEZQX-UHFFFAOYSA-N,COc1cccc(CCCCCCCCNc2c3c(nc4cc(Cl)ccc24)CCCC3)c1,8.24336
7216,LXPPUCDCZRFXKD-UHFFFAOYSA-N,COc1cc(CCCCCCCCNc2c3c(nc4ccccc24)CCCC3)cc(OC)c1,7.32606
7217,JGUNLVMXZSXJHV-UHFFFAOYSA-N,COc1cc(CCCCCCCCNc2c3c(nc4cc(Cl)ccc24)CCCC3)cc(OC)c1,8.29243
7218,PDWLKJVPQVBZOR-UHFFFAOYSA-N,COC(=O)c1c(O)cccc1CCCCCCCCNc1c2c(nc3ccccc13)CCCC2,7.76955
7219,AEQOQTVQIUOOKP-UHFFFAOYSA-N,COC(=O)c1c(O)cccc1CCCCCCCCNc1c2c(nc3cc(Cl)ccc13)CCCC2,8.55129
7220,XCVWIWZWCXBMOJ-UHFFFAOYSA-N,O=C(O)c1c(O)cccc1CCCCCCCCNc1c2c(nc3ccccc13)CCCC2,6.73518
7221,BMTLZVAZBOEBJY-UHFFFAOYSA-N,O=C(O)c1c(O)cccc1CCCCCCCCNc1c2c(nc3cc(Cl)ccc13)CCCC2,7.8729
7222,SWOVBPBKUPCUET-UHFFFAOYSA-N,Oc1cccc(CCCCCCCCNc2c3c(nc4ccccc24)CCCC3)c1,7.7167
7223,RHRPEZRIYKIIFR-UHFFFAOYSA-N,Oc1cccc(CCCCCCCCNc2c3c(nc4cc(Cl)ccc24)CCCC3)c1,8.37779
7229,CIMNCRAYKQYYMB-HKOYGPOVSA-N,COc1ccc2nc3c(c(NCCCCCCCCN(CC(=O)Nc4ccc5ccccc5c4)C(=O)/C=C/c4ccc(O)c(OC)c4)c2c1)CCCC3,7.65365
7230,CZQSTWRTKNOMPM-BMRADRMJSA-N,COC(=O)/C=C/c1ccc(OCCCCCN2CCN(CC(=O)Nc3c4c(nc5ccccc35)CCCC4)CC2)c(OC)c1,7.20971
7231,UAELRVBKGQGVOE-WYMLVPIESA-N,COc1cc(/C=C/C(=O)OCCCCCN(C)Cc2cccc(OC(=O)N(C)C)c2)ccc1O,7.70553
7232,TXTFWJUWTBOXCY-UHFFFAOYSA-O,C[N+](C)(C)CCNC(=O)/C=C/c1ccc(O)c(O)c1,5.13668
7234,HDXNOXGBBUGQSX-YCRREMRBSA-N,COc1cc(/C=C/c2nnc(-c3ccc(OC(F)(F)F)cc3)o2)ccc1O,7.03621
7235,QOEIFKBUDHUWRG-VQHVLOKHSA-O,COc1ccc(/C=C/C(=O)Nc2cc[n+](Cc3cccc(F)c3)cc2)cc1OC,7.7167
7236,CTAZCILTEPEKBH-UXBLZVDNSA-O,COc1ccc(/C=C/C(=O)Nc2cc[n+](Cc3ccc(F)cc3)cc2)cc1OC,8.0655
7237,HVTCKKMWZDDWOY-UHFFFAOYSA-O,COc1ccc2cc3[n+](cc2c1OC)CCc1cc(O)c(O)cc1-3,5.10791
7238,DAHMYCXNJSCLGA-UHFFFAOYSA-O,Oc1cc2c(cc1O)-c1cc3ccc(O)c(O)c3c[n+]1CC2,5.63827
7240,BINZQDMZAMRQON-YBFXNURJSA-N,CCN(CC)Cc1ccc(/C=C2\Cc3cc(OC)c(OC)cc3C2=O)cc1,7.20066
7241,BINZQDMZAMRQON-UHFFFAOYSA-N,CCN(CC)Cc1ccc(C=C2Cc3cc(OC)c(OC)cc3C2=O)cc1,6.59688
7242,GCUUMOLNVMESBD-CPNJWEJPSA-N,CCN(CC)Cc1ccc(/C=C2\Cc3ccccc3C2=O)cc1,6.21325
7243,GCUUMOLNVMESBD-UHFFFAOYSA-N,CCN(CC)Cc1ccc(C=C2Cc3ccccc3C2=O)cc1,5.88273
7244,RCWXHDBGQZGVNI-XDHOZWIPSA-N,CCN(CC)Cc1ccc(/C=C2\Cc3cc(OC)ccc3C2=O)cc1,6.94692
7245,RCWXHDBGQZGVNI-UHFFFAOYSA-N,CCN(CC)Cc1ccc(C=C2Cc3cc(OC)ccc3C2=O)cc1,6.29671
7246,RCWXHDBGQZGVNI-UNOMPAQXSA-N,CCN(CC)Cc1ccc(/C=C2/Cc3cc(OC)ccc3C2=O)cc1,5.9393
7247,HIBLJTJFHVLUBG-XDHOZWIPSA-N,CCN(CC)Cc1ccc(/C=C2\Cc3ccc(OC)cc3C2=O)cc1,6.01592
7248,HIBLJTJFHVLUBG-UHFFFAOYSA-N,CCN(CC)Cc1ccc(C=C2Cc3ccc(OC)cc3C2=O)cc1,5.95861
7252,UAPMQEQMDPDITR-UHFFFAOYSA-N,CC(=O)N1N=C(c2ccc(-c3ccccc3)cc2)CC1c1ccccc1[N+](=O)[O-],6.19382
7258,AACVKVMUDUPMQI-UHFFFAOYSA-N,CC(=O)N1N=C(c2ccc(-c3ccccc3)cc2)CC1c1ccc2c(c1)OCO2,6.00524
7259,MXOTUGVPFHXUME-UHFFFAOYSA-N,CC(=O)N1N=C(c2ccc(-c3ccccc3)cc2)CC1c1ccc2ccccc2c1,6.09745
7260,JVNBOQLTIAVWEN-UHFFFAOYSA-N,CC(=O)N1N=C(c2ccc(C)cc2)CC1c1ccc(-c2ccccc2)cc1,6.07314
7261,VILNYSOFQITFJL-UHFFFAOYSA-N,CC(=O)N1N=C(c2ccccc2[N+](=O)[O-])CC1c1ccc(-c2ccccc2)cc1,7.284
7262,ORSGWXOUQFWSGX-UHFFFAOYSA-N,CC(=O)N1N=C(c2ccc(Br)cc2)CC1c1ccc(-c2ccccc2)cc1,6.04431
7266,QQJBAGHKNSFEOS-UHFFFAOYSA-N,CC(=O)N1N=C(c2ccc3c(c2)OCO3)CC1c1ccc(-c2ccccc2)cc1,6.03953
7268,VMACFTQBTNAOOJ-UHFFFAOYSA-N,CC(=O)N1N=C(c2ccc3ccccc3c2)CC1c1ccc(-c2ccccc2)cc1,7.16749
7277,GIAJXBVCANDIRN-UHFFFAOYSA-N,CCCCCCCNC(=O)Oc1ccc(Cc2nc3cc(C(=O)N(CC)CC)ccc3n2CCC(C)C)cc1,6.77848
7278,YBILVISNRAVIPV-UHFFFAOYSA-N,CCN(CC)C(=O)c1ccc2c(c1)nc(Cc1ccc(OC(=O)NCCCCCCN3CCc4ccccc4C3)cc1)n2CCC(C)C,5.010635000000001
7279,HTNKYLZCROSXPM-UHFFFAOYSA-N,CCN(CC)C(=O)c1ccc2c(c1)nc(Cc1ccc(OC(=O)N3CCC3)cc1)n2CCC(C)C,6.174065000000001
7281,GOVLNEXCLWEPBN-UHFFFAOYSA-N,CCCCCCCNC(=O)Oc1ccc(Cc2nc3cc(C(=O)N(CC)CC)ccc3n2CCCCN2CCCCC2)cc1,5.683985
7282,DMOAIGPIPAOVKX-UHFFFAOYSA-N,CCCCCCCNC(=O)Oc1ccc(Cc2nc3cc(C(=O)N4CCCCC4)ccc3n2CCC(C)C)cc1,7.21827
7287,UHBNUHALRRHSEI-UHFFFAOYSA-N,CCCCCCCNC(=O)Oc1ccc(Cc2nc3cc(C(=O)N(CC)CC)ccc3n2CCN2CCCCC2)cc1,5.0
7293,UAHDIKFHLMWTTE-ZPOGELFWSA-N,COc1ccc(-c2cc3c(c(=O)o2)C[C@]2(O)[C@@]4(C)CC[C@@H](O)C(C)(C)[C@]4(O)CC[C@@]2(C)O3)cc1,6.19382
7294,KVJZTPHJCIMWTR-JYOAFUTRSA-N,COC/C(C=O)=C\CCC1=CC(c2cc(O)ccc2O)OC1=O,5.06956
7295,OEZBWVDBROYJOW-LICLKQGHSA-N,CCOC1(c2cc(O)ccc2O)C=C(CC/C=C(\C)CCC=C(C)C)C(=O)O1,5.13253
7296,LCMWMPPNVNTYKF-KSEXSDGBSA-N,COc1cc2c(cc1OC)C(=O)/C(=C/c1cc[n+](Cc3ccc(F)cc3)cc1)OC2,9.82391
7297,PMBFHRFBVLAAAI-UHFFFAOYSA-N,COc1ccc(OCCCN(C)C(=O)c2cnc(CC(=O)c3ccc(OC)cc3)nc2)cc1,5.00789
7300,PUEOTPVKJIFUJO-UHFFFAOYSA-N,COc1ccc(C(=O)Cc2ncc(C(=O)N(C)CCCOc3ccc([N+](=O)[O-])cc3)cn2)cc1,5.34104
7302,MEQXHKNKEORMGO-UHFFFAOYSA-N,COc1ccc(C(=O)Cc2ncc(C(=O)N(C)CCCOc3c(F)c(F)c(F)c(F)c3F)cn2)cc1,5.28904
7303,BXIOHUDJFOISAV-UHFFFAOYSA-N,CN(CCCOc1ccc([N+](=O)[O-])cc1)C(=O)c1cnc(CC(=O)c2ccccc2)nc1,5.00261
7304,RHNUQUBOFJPVQT-UHFFFAOYSA-N,COc1cccc(C(=O)Cc2ncc(C(=O)N(C)CCCOc3ccc([N+](=O)[O-])cc3)cn2)c1,5.39794
7305,GDRNTAGWOJVGBL-UHFFFAOYSA-N,CCOc1ccc(C(=O)Cc2ncc(C(=O)N(C)CCCOc3ccc([N+](=O)[O-])cc3)cn2)cc1,5.19382
7306,DVLUABFMKPMTHL-UHFFFAOYSA-N,CN(CCCOc1ccc([N+](=O)[O-])cc1)C(=O)c1cnc(CC(=O)c2ccc3c(c2)OCO3)nc1,6.00436
7307,ZRIATZZGPDRBDZ-UHFFFAOYSA-N,COc1ccc(C(=O)Cc2ncc(C(=O)N(C)CCCOc3ccc([N+](=O)[O-])cc3)cn2)cc1OC,5.42136
7308,FJTAEXLOOHICDN-UHFFFAOYSA-N,CN(CCCOc1ccc([N+](=O)[O-])cc1)C(=O)c1cnc(CC(=O)c2cccs2)nc1,6.05552
7310,JFUFSEXREKKJTN-UHFFFAOYSA-N,COc1ccc(C(=O)Cc2ncc(C(=O)NCc3ccc(OC)c(OC)c3)cn2)cc1,5.0
7317,VBLIZEIXBKDACF-UHFFFAOYSA-N,Cc1cccc2sc(NC(=O)CCN3CCN(C(C)C)CC3)nc12,5.56067
7318,TYEZOYJRIMAXMA-UHFFFAOYSA-N,Cc1cccc2sc(NC(=O)CCN3CCN(C(C)(C)C)CC3)nc12,6.09151
7320,XJGKAXITBMNERI-UHFFFAOYSA-N,Cc1cccc2sc(NC(=O)CCN3CCN(CCN(C)C)CC3)nc12,6.31876
7321,IRQIUGGXEPXXJY-UHFFFAOYSA-N,Cc1cccc2sc(NC(=O)CCN3CCN(CCCN(C)C)CC3)nc12,6.38722
7324,NXPVMNJFZMAIML-UHFFFAOYSA-N,Cc1cccc2sc(NC(=O)CCN3CCN(CC4CCCO4)CC3)nc12,5.10182
7326,TUKXXYVPWUSZAM-UHFFFAOYSA-N,Cc1cccc2sc(NC(=O)CCN3CCN(CC4CCCCC4)CC3)nc12,6.46852
7328,RKANPVDHWNNOIX-UHFFFAOYSA-N,Cc1cccc2sc(NC(=O)CCN3CCN(CCN(C(C)C)C(C)C)CC3)nc12,6.61979
7330,LVMJSGWUSMSUOD-UHFFFAOYSA-N,CC(=O)c1ccc(N2CCN(CCC(=O)Nc3nc4c(C)cccc4s3)CC2)cc1,5.41794
7334,BQFAYRBTODBBSH-UHFFFAOYSA-N,Cc1cccc2sc(NC(=O)CCN3CCN(Cc4ccccc4F)CC3)nc12,5.28233
7342,OTKIZSHLVPXZAG-UHFFFAOYSA-N,O=C(COc1ccc(-c2ccccc2)cc1)NCC1CCN(Cc2ccccc2)CC1,5.76955
7343,JIGJRZZQZSNHLN-UHFFFAOYSA-N,O=C(COc1ccc(Cl)cc1[N+](=O)[O-])NCC1CCN(Cc2ccccc2)CC1,6.91364
7344,QKKQPTQHEUIDJV-UHFFFAOYSA-N,O=C(COc1cc(F)ccc1[N+](=O)[O-])NCC1CCN(Cc2ccccc2)CC1,6.98716
7345,LCZPCAYSLMBKLO-UHFFFAOYSA-N,O=C(COc1ccc([N+](=O)[O-])cc1)NCC1CCN(Cc2ccccc2)CC1,6.29328
7346,FWDVLVZVHRZRAM-UHFFFAOYSA-N,O=C(COc1ccccc1C(F)(F)F)NCC1CCN(Cc2ccccc2)CC1,6.1152
7347,SJVAIPRSGJQDIC-UHFFFAOYSA-N,Cc1cc(Br)cc(C)c1OCC(=O)NCC1CCN(Cc2ccccc2)CC1,6.22548
7348,PTQTWXRMDHUUQG-UHFFFAOYSA-N,O=C(COc1ccc(Cc2ccccc2)cc1)NCC1CCN(Cc2ccccc2)CC1,5.8962
7349,UXCXYERTOFOPQT-UHFFFAOYSA-N,O=C(COc1ccc(CCc2ccccc2)cc1)NCC1CCN(Cc2ccccc2)CC1,6.86967
7350,GKWIIBXDVVYQCP-UHFFFAOYSA-N,COc1ccc(OCC(=O)NCC2CCN(Cc3ccccc3)CC2)cc1,6.05552
7351,KWJWMJSYPDQVAD-UHFFFAOYSA-N,O=C(COc1ccc(Cl)cc1)NCC1CCN(Cc2ccccc2)CC1,5.77469
7352,KJLQZKUKATZVAQ-UHFFFAOYSA-N,O=C(COc1ccc(-c2ccccc2)cc1)NCCN1CCN(Cc2ccccc2)CC1,6.13371
7353,DIPUHFMEXYWVPD-UHFFFAOYSA-N,O=C(COc1ccc(Cl)cc1[N+](=O)[O-])NCCN1CCN(Cc2ccccc2)CC1,9.09691
7354,LFMKGNKNBKYFSY-UHFFFAOYSA-N,O=C(COc1cc(F)ccc1[N+](=O)[O-])NCCN1CCN(Cc2ccccc2)CC1,8.55284
7355,NBLNVKTYUBMWMT-UHFFFAOYSA-N,O=C(COc1ccc([N+](=O)[O-])cc1)NCCN1CCN(Cc2ccccc2)CC1,7.37675
7356,BVPDBXVSZHOTFR-UHFFFAOYSA-N,O=C(COc1ccccc1C(F)(F)F)NCCN1CCN(Cc2ccccc2)CC1,6.86646
7357,ICWISHUNHXKOMC-UHFFFAOYSA-N,Cc1cc(Br)cc(C)c1OCC(=O)NCCN1CCN(Cc2ccccc2)CC1,7.04576
7358,HURQPHROLGROAJ-UHFFFAOYSA-N,O=C(COc1ccc(Cc2ccccc2)cc1)NCCN1CCN(Cc2ccccc2)CC1,6.00305
7359,YRWJEVUHKGNJHE-UHFFFAOYSA-N,O=C(COc1ccc(CCc2ccccc2)cc1)NCCN1CCN(Cc2ccccc2)CC1,6.04576
7360,NQWLATYSYQROLX-UHFFFAOYSA-N,COc1ccc(OCC(=O)NCCN2CCN(Cc3ccccc3)CC2)cc1,6.52288
7361,AJIIKPBRJPXZMA-UHFFFAOYSA-N,O=C(COc1ccc(Cl)cc1)NCCN1CCN(Cc2ccccc2)CC1,6.72354
7365,TZXNDDPYDWYKHX-PWSUYJOCSA-N,O=c1c2ccccc2nc2n1CC[C@@H]2[C@@H]1CCCN1,5.24336
7366,UZXQWOTYFRAWSY-VAWYXSNFSA-N,COc1cc2c(Nc3ccc(C(=O)/C=C/c4nc(C)c(C)nc4C)cc3)ncnc2c(OC)c1OC,7.0
7375,ODPBEOCHSYLAAK-UHFFFAOYSA-N,c1ccc2c(c1)CN1Cc3cc(OCCCN4CCCCC4)ccc3N=C21,6.84771
7376,UHOTUSHGWTWEAM-UHFFFAOYSA-N,c1ccc2c(c1)CCN1Cc3cc(OCCCN4CCCCC4)ccc3N=C21,6.66555
7377,GVDQRHZTBDTQBI-UHFFFAOYSA-N,c1ccc2c(c1)CCCN1Cc3cc(OCCCN4CCCCC4)ccc3N=C21,6.27165
7379,WHVZYWOSAKGOJG-UHFFFAOYSA-N,c1cc2c(cc1OCCCN1CCCCC1)CN1CCCCC1=N2,6.64782
7380,XJALVWNRLTXILY-UHFFFAOYSA-N,c1cc2c(cc1OCCCN1CCCCC1)CN1CCCCCC1=N2,6.08619
7381,QWKCJRVELMKAKZ-MDZDMXLPSA-N,CCn1c2ccccc2c2cc(/C=C/c3ccc(NC(=S)NCCN4CCCC4)cc3)ccc21,5.5784
7383,DXJLEIVEYFLNDY-AATRIKPKSA-N,COc1cc(/C=C/c2cc(=O)oc3c2ccc2oc(-c4cc(OC)cc(OC)c4)cc23)cc(OC)c1,5.55284
7385,SIZIRUSXNIUVQH-CMDGGOBGSA-N,COc1cc(/C=C/c2cc(=O)oc3c2ccc2oc(-c4ccccc4)cc23)cc(OC)c1,5.74473
7386,SVFJYZVSHWUWHU-VOTSOKGWSA-N,COc1cc(/C=C/c2cc(=O)oc3c2ccc2oc(-c4cccc(F)c4)cc23)cc(OC)c1,5.74473
7387,MNOAIZGZMMBMDR-ONEGZZNKSA-N,COc1cc(/C=C/c2cc(=O)oc3c2ccc2oc(-c4ccc(F)cc4)cc23)cc(OC)c1,5.74473
7388,PPHKMHMVYFIODG-VOTSOKGWSA-N,COc1cc(/C=C/c2cc(=O)oc3c2ccc2oc(-c4cccc(Cl)c4)cc23)cc(OC)c1,5.74473
7389,LHNGYBCRWZUKJD-ONEGZZNKSA-N,COc1cc(/C=C/c2cc(=O)oc3c2ccc2oc(-c4ccc(Cl)cc4)cc23)cc(OC)c1,5.74473
7390,WMOIBRASIVKPQO-RMKNXTFCSA-N,COc1cc(/C=C/c2cc(=O)oc3c2ccc2oc(-c4ccc(C)cc4)cc23)cc(OC)c1,5.74473
7391,QIMIRHMROLJATG-SNAWJCMRSA-N,COc1ccc(-c2cc3c(ccc4c(/C=C/c5cc(OC)cc(OC)c5)cc(=O)oc43)o2)cc1,5.74473
7392,WTWKEUPSPLHYDX-JRRWEWNMSA-N,COc1ccccc1/C=C/C=C(\Br)S(=O)(=O)F,7.10237
7393,BIDBTSDAWASQET-UHFFFAOYSA-N,COc1ccc2nc3c(c(N)c2c1)C1CC=CC(C3)C1,5.58004
7394,GLPOBZBQMRDBEA-UHFFFAOYSA-N,COc1cc2oc(C(=O)Nc3cccc(CN(C)Cc4ccccc4)c3)cc(=O)c2cc1OC,5.34679
7395,KYZDSNSHJIAEDG-MLGMXDONSA-N,O=c1cc(/N=N/N=P(CCP(=N/N=N/c2cc(=O)oc3ccccc23)(c2ccccc2)c2ccccc2)(c2ccccc2)c2ccccc2)c2ccccc2o1,7.45643
7397,OKALXOHKHKGSNF-UHFFFAOYSA-N,C#CCOc1cccc(-c2cc(-c3ccc(OCCN4CCOCC4)cc3)nc(C)n2)c1,8.02045
7398,MJPUSTKHUHNRCG-UHFFFAOYSA-N,CCN1CCN(c2ccc(-c3nc4ccccc4[nH]3)cc2)CC1,5.28567
7400,JPSMOGYAVYUWKI-UHFFFAOYSA-N,Clc1ccc2c(NCCCNCC34CC5CC(CC(C5)C3)C4)ccnc2c1,6.30103
7402,IMKHDCBNRDRUEB-UHFFFAOYSA-N,CC1(C)CCCC2(C)OC(=O)C=C12,7.52244
7403,ZHIZWWLUDBQEIU-UHFFFAOYSA-N,O=C(CCN1CCN(Cc2ccccc2)CC1)Nc1ccc2nc3n(c(=O)c2c1)CCC3,5.4828
7406,ZVPJJAMHJWQHGT-JKSUJKDBSA-N,CNC(=O)Oc1ccc2c(c1)[C@]1(C)CCN(C)[C@]1(C)N2C,7.55284
7408,HAJGYMFEBBKKTC-UHFFFAOYSA-N,CN1c2ccccc2C(NCCCCCCC(=O)CCCCNc2c3c(nc4ccccc24)CCCC3)c2ccc(Cl)cc2S1(=O)=O,6.79588
7422,CEQFRYMDADEDKF-RVDMUPIBSA-N,CCC1C/C(=C\c2cc(OC)c(OC)c(OC)c2Br)C(=O)c2ccccc21,7.34679
7423,FFVCKFMEGAGPOX-UKTHLTGXSA-N,COc1ccc(/C=C2\CCc3cc([N+](=O)[O-])ccc3C2=O)c(Cl)c1OC,5.53462
7424,GWNQGNBUWFEIQD-XYOKQWHBSA-N,COc1cc(/C=C2\CCc3cc([N+](=O)[O-])ccc3C2=O)c(Br)c(OC)c1OC,6.24413
7427,KNWDCQYJQCVXHS-UHFFFAOYSA-N,CCN(C)C(=O)Oc1ccc(C2CC(=O)c3c(O)cc(OC(=O)N(C)CC)cc3O2)cc1,5.01323
7432,SHJXYTKJNPPAHC-UHFFFAOYSA-N,CCC(c1ccc(O)c(OC)c1)c1cccc(O)c1O,5.24718
7433,LGYPFYLGAJMCPY-UHFFFAOYSA-N,CCC(c1ccc(O)c(OC)c1)c1ccc(OC)cc1O,5.32239
7436,JVYDJHPQTXVJJZ-UHFFFAOYSA-N,O=C1OCc2cc(-c3ccc(-c4ccc(CO)cc4)s3)ccc21,5.09691
7438,RSEVMSVAXAZESV-UHFFFAOYSA-N,O=C(CN1CCN(c2ccccc2)CC1)Nc1n[nH]c2ncccc12,5.71086
7439,ALQDGYVZZVYOGY-UHFFFAOYSA-N,O=C(CN1CCN(Cc2ccccc2)CC1)Nc1n[nH]c2ncccc12,6.52143
7440,STOKSOGOBDVDSS-UHFFFAOYSA-N,O=C(CCN1CCCCC1)Nc1n[nH]c2ncccc12,6.18177
7441,SHSAGNIXIDZUQJ-UHFFFAOYSA-N,O=C(CCN1CCOCC1)Nc1n[nH]c2ncccc12,6.56067
7442,HRBPSWQZOHNNRA-UHFFFAOYSA-N,CN1CCN(CCC(=O)Nc2n[nH]c3ncccc23)CC1,6.07366
7443,KDMZZYWXGOGWFK-UHFFFAOYSA-N,O=C(CCN1CCN(Cc2ccccc2)CC1)Nc1n[nH]c2ncccc12,7.46852
7444,SODDJOOZEVURLA-UHFFFAOYSA-N,O=C(CCN1CCN(c2ccccc2)CC1)Nc1n[nH]c2ncccc12,6.63827
7445,RZZFSSACAFOYKN-UHFFFAOYSA-N,Cc1ccc2nc3c(c(N4CCOCC4)c2c1)CCCC3,5.7508
7446,HRVJOYKYWBNCNN-UHFFFAOYSA-N,Cc1ccc2nc3c(c(N4CCCCC4)c2c1)CCCC3,6.92812
7447,COXUDBLORLPKBL-UHFFFAOYSA-N,Cc1ccc2nc3c(c(N4CCN(C)CC4)c2c1)CCCC3,6.35655
7448,XAPKYBVMPJHUOI-UHFFFAOYSA-N,COc1cc2nc3c(c(N4CCOCC4)c2cc1OC)CCCC3,7.20761
7449,VTKIALXGDMRVEJ-UHFFFAOYSA-N,O=[N+]([O-])c1ccc2nc3c(c(N4CCOCC4)c2c1)CCCC3,5.91471
7450,PXAAXYLLOLXDGK-UHFFFAOYSA-N,O=[N+]([O-])c1ccc2nc3c(c(N4CCCCC4)c2c1)CCCC3,5.72469
7451,AAIVPEBVZWQHCI-UHFFFAOYSA-N,CN1CCN(c2c3c(nc4ccc([N+](=O)[O-])cc24)CCCC3)CC1,6.61083
7452,BUHJJQVDONAZDM-UHFFFAOYSA-N,Cc1ccc2nc3c(c(Nc4[nH]nc5ncccc45)c2c1)CCCC3,6.09098
7453,CEOCITIVLDEXBN-UHFFFAOYSA-N,O=[N+]([O-])c1ccc2nc3c(c(Nc4[nH]nc5ncccc45)c2c1)CCCC3,6.52433
7454,QELNVWZDMSBUAV-UHFFFAOYSA-N,Nc1nn(-c2c3c(nc4ccc([N+](=O)[O-])cc24)CCCC3)c2ncccc12,7.25181
7455,QAKQWGSCAYEALR-UHFFFAOYSA-N,Cc1ccc2nc3c(c(NCCO)c2c1)CCCC3,6.74473
7456,GYFOEEWMQWJFGZ-UHFFFAOYSA-N,Cc1ccc2nc3c(c(NCCCl)c2c1)CCCC3,6.11748
7457,JHKMYOWNYNDGJT-UHFFFAOYSA-N,Cc1ccc2nc3c(c(NCCN4CCOCC4)c2c1)CCCC3,6.88273
7458,GHXSXRQVSCGYBK-UHFFFAOYSA-N,Cc1ccc2nc3c(c(NCCN4CCCCC4)c2c1)CCCC3,5.59482
7459,FBSRIKWLHNRNMA-UHFFFAOYSA-N,Cc1ccc2nc3c(c(NCCN4CCN(C)CC4)c2c1)CCCC3,6.01144
7460,RWHDNJUCQNGPQG-UHFFFAOYSA-N,Cc1ccc2nc3c(c(NCCN4CCN(Cc5ccccc5)CC4)c2c1)CCCC3,5.19511
7461,LGIBRHXFGQHKKA-UHFFFAOYSA-N,Cc1ccc2nc3c(c(N4CCN(c5c6c(nc7ccc(C)cc57)CCCC6)CC4)c2c1)CCCC3,6.28316
7462,ODICAYAMQUQPSL-UHFFFAOYSA-N,CC(=O)Nc1ccc2nc3c(c(N4CCOCC4)c2c1)CCCC3,5.95468
7463,YHAGFQQXUBFFNL-UHFFFAOYSA-N,CC(=O)Nc1ccc2nc3c(c(N4CCCCC4)c2c1)CCCC3,6.52143
7467,GYJGARZINSSEOU-UHFFFAOYSA-N,c1ccc2c(NCCN3CCOCC3)c3c(nc2c1)CCCC3,7.03152
7468,IQPAASSVZQNYRK-UHFFFAOYSA-N,CCCCC1OC(=O)c2cc(OCc3ccc(CN(C)C)c(O)c3)ccc21,5.05651
7469,UPSWPRKJYJNTEG-UHFFFAOYSA-N,CCCCC1OC(=O)c2cc(OCc3ccc(CN(CC)CC)c(O)c3)ccc21,6.45593
7470,YDNLMFWVFUODEG-UHFFFAOYSA-N,CCCCC1OC(=O)c2cc(OCc3ccc(CN4CCCC4)c(O)c3)ccc21,5.40671
7471,KAFBBPBROARMRS-UHFFFAOYSA-N,CCCCC1OC(=O)c2cc(OCc3ccc(CN4CCCCC4)c(O)c3)ccc21,7.38722
7472,GMGHYXPXMAUZFF-UHFFFAOYSA-N,CCCCC1OC(=O)c2cc(OCc3ccc(CN4CCOCC4)c(O)c3)ccc21,5.47886
7474,WTPMKFXZAUAECV-UHFFFAOYSA-N,O=C(Nc1ccc(OC(F)(F)F)cc1)NC1CCN(C(=O)CCNc2c3c(nc4cc(Cl)ccc24)CCCC3)CC1,7.83863
7475,MSNDBGHTMCHRQB-UHFFFAOYSA-N,O=C(Nc1ccc(OC(F)(F)F)cc1)NC1CCN(C(=O)CCCNc2c3c(nc4cc(Cl)ccc24)CCCC3)CC1,8.56703
7476,LCWAVZISUIFMQY-UHFFFAOYSA-N,O=C(Nc1ccc(OC(F)(F)F)cc1)NC1CCN(C(=O)CCCCNc2c3c(nc4cc(Cl)ccc24)CCCC3)CC1,7.88941
7477,VPHLBLQNXMWQOL-XZOQPEGZSA-N,CC1=C[C@@H]2Cc3nc4cc(Cl)ccc4c(NCCCCC(=O)N4CCC(NC(=O)Nc5ccc(OC(F)(F)F)cc5)CC4)c3[C@H](C1)C2,8.7122
7478,VPHLBLQNXMWQOL-PKTZIBPZSA-N,CC1=C[C@H]2Cc3nc4cc(Cl)ccc4c(NCCCCC(=O)N4CCC(NC(=O)Nc5ccc(OC(F)(F)F)cc5)CC4)c3[C@@H](C1)C2,5.77989
7486,SDHJEPJJARZDKU-UHFFFAOYSA-N,CN(C)C1CCC(CCN(CCCc2c[nH]c3ccccc23)CCC2CCCCCC2)CC1,5.06687
7487,SZOBDUWPNZYVFT-UHFFFAOYSA-N,CCCCN(CCCc1c[nH]c2ccccc12)CCC1CCN(Cc2ccccc2)CC1,5.10585
7489,HPKITNCURKBAEB-UHFFFAOYSA-N,CCCCN(CCOc1cccc2c(OC(=O)N(C)C)cccc12)CCC1CCCCCC1,7.31966
7491,ZPQCQCBRYIFSRA-UHFFFAOYSA-N,CCCCN(CCC1CCCCCC1)Cc1ccc(OC(=O)N(C)C)c2ccccc12,6.99482
7493,QUOFUFOKIMRNON-UHFFFAOYSA-N,CCCCN(CCc1c[nH]c2c(OC(=O)C(C)C)cccc12)CCC1CCCCCC1,5.86391
7494,YDDBFPXJGMVSMN-UHFFFAOYSA-N,CCCCN(CCC1CCCCCC1)Cc1cn(OC(=O)N(C)C)c2ccccc12,6.81844
7495,BFSKPRUNBBMNCF-UHFFFAOYSA-N,Cc1c(Nc2ccc(S(=O)(=O)N3CCN(C)CC3)cc2F)nc2ccc(Nc3cnn(C4CC4)c3)cn2c1=O,5.25964
7496,ZRTFTZCKJUNZIU-HNNXBMFYSA-N,C[C@H]1CCCN1Cc1nc2cc(NC(=O)c3ccc4cnccc4c3)ccc2[nH]1,6.60206
7497,BQVZIZUQUFCCJT-UHFFFAOYSA-N,O=c1c(NCCCCc2c3c(nc4cc(Cl)ccc24)CCCC3)c(NCCCCc2c3c(nc4ccc(Cl)cc24)CCCC3)c1=O,8.69897
7498,WAPSZYCQSRLWDS-UHFFFAOYSA-N,O=c1c(NCCCCCCCc2c3c(nc4ccccc24)CCCC3)c(NCCCCCCCc2c3c(nc4ccccc24)CCCC3)c1=O,7.88606
7508,QIYIAVWWIGXXBQ-CTNGQTDRSA-N,CC(C)c1ccc(NC(=O)Oc2ccc3c(c2)[C@]2(C)CCO[C@@H]2O3)cc1,5.57675
7514,QUSFPQCZHHBDSB-UHFFFAOYSA-N,CCOC(=O)c1cc2c(OC(=O)N(C)C)cccc2[n+](C)c1,8.1549
7516,YHZLWNOQTNOLTB-KTXUZGJCSA-N,COC(=O)c1cc2c(OC(=O)N(C)C)cccc2[n+]([11CH3])c1,7.69897
7517,ZSFKPACEHFMZRW-JCDSVUNTSA-N,CCN1/C(=C/C(C)=O)Sc2ccc(OC(=O)OCCOCCNC(=O)c3cc4c(OC(=O)N(C)C)cccc4[n+](C)c3)cc21.COS(=O)(=O)[O-],7.08938
7519,HUGQDDJXYKRDAL-UHFFFAOYSA-N,CNC(=O)Oc1cccc2c1CCC1C2CCN1CCC1CCCCC1,7.23657
7522,DLFRLEXQOLTDLP-UHFFFAOYSA-N,CCN(C)C(=O)Oc1cccc(CN2CCC(CCC(=O)c3cc(Cl)c(N)cc3OC)CC2)c1,5.38195
7525,BTGOFNKIKCWRND-MIXAMLLLSA-N,CNC(=O)Oc1cccc(CN(C)CCCCCCOc2ccc3c(c2)O/C(=C\c2cc(OC)c(OC)c(OC)c2)C3=O)c1,9.284
7526,XJZIWUHHQSHKBY-DTQAZKPQSA-N,CNC(=O)Oc1cccc(CN(C)CCCCCCOc2ccc(C(=O)/C=C/c3cc(OC)c(OC)c(OC)c3)c(O)c2)c1,8.87615
7527,NIVUGJNFXBTADH-UHFFFAOYSA-N,CNC(=O)Oc1cccc(CN(C)CCCCCCCOc2ccc(-c3cc(=O)c4ccccc4o3)cc2)c1,9.13668
7529,RTMBGYVFBGIVHT-UHFFFAOYSA-N,CNC(=O)Oc1cccc(CN(C)CCCCCCCOc2ccc(-c3cc4ccccc4oc3=O)cc2)c1,8.92082
7530,JNGNBJCWEIWRCU-PKOBYXMFSA-N,CC(=O)N1CC[C@@]2(O)c3cc(OC(=O)Nc4ccccc4)ccc3N[C@@H]12,6.60206
7535,AGATWFCSQRRDGY-UHFFFAOYSA-N,C#CCN(C)C1CCc2c(OC(=O)N(C)CC)cccc21,5.39794
7537,ZRQDTMBPMKTABL-UHFFFAOYSA-N,O=C1CCOc2cc(OCCCCCSC(=S)N3CCCCC3)ccc21,7.0
7538,ZXMQJWJQVOCYQO-UHFFFAOYSA-N,CN(CCCOc1ccc2ccc(=O)oc2c1)Cc1cccc(OC(=O)NC2CCCC2)c1,6.28316
7539,RIBSWIDLITYLHS-UHFFFAOYSA-N,CN(CCCOc1ccc2ccc(=O)oc2c1)Cc1cccc(OC(=O)NC2CCCCC2)c1,6.98297
7540,QPKSHJTZCXULAH-UHFFFAOYSA-N,Cc1c(Cl)c(=O)oc2cc(OCCCCSC(=S)N3CCCCC3C)ccc12,8.16749
7541,IKYVMKQIWKXWDL-UHFFFAOYSA-N,Cc1c(Cl)c(=O)oc2cc(OCCCCSC(=S)N3C(C)CCCC3C)ccc12,6.9431
7542,LPNBFWMWGSHSBN-UHFFFAOYSA-N,COc1cccc2c1CCCC2NS(=O)(=O)NC(=O)OCc1ccccc1,9.67985
7544,HIPJVPOPOSHDET-JOCHJYFZSA-N,CC[C@@]1(c2cccc(OC(=O)Nc3ccccc3)c2)CCCCN(C)C1,6.56225
7548,URHPFANOQLIROT-UHFFFAOYSA-N,Cn1ccc2cc(-c3cnc4ccc(C(=O)N5CCCCC5)cc4n3)ccc2c1=O,5.26761
7549,QMBDDIDQNMQRSU-BKUYFWCQSA-N,COc1cc(/C=C2\Oc3cc(OCCN4CCCCC4)ccc3C2=O)cc(OC)c1OC,6.090785
7550,HQJYIGWZKZCCJR-HMAPJEAMSA-N,COc1ccc2c(c1)O/C(=C\c1ccc(OCCN3CCCCC3)c(Cl)c1)C2=O,6.79588
7551,VGAYEOMAXFNLKY-PGMHBOJBSA-N,O=C1/C(=C/c2ccc(OCCN3CCCCC3)cc2)Oc2ccccc21,6.45842
7552,YWHGWLVJNDHIIG-JCMHNJIXSA-N,COc1ccc(/C=C2\Oc3cc(OCCN4CCCCC4)ccc3C2=O)cc1,6.07314
7553,ZKQXQSZQKROBLG-HKWRFOASSA-N,O=C1/C(=C/c2ccc(OCCN3CCCC3)cc2)Oc2ccccc21,6.2636
7554,YDCOHZVNWJNAOQ-NDENLUEZSA-N,COc1cc(/C=C2\Oc3cc(OCCN4CCCC4)ccc3C2=O)cc(OC)c1OC,6.19179
7555,UEXLOTFOJDXOMW-KQWNVCNZSA-N,CCOc1ccc2c(c1)O/C(=C\c1ccc(OCCN3CCCCC3)cc1)C2=O,7.34679
7559,XODOSMJGHSZKEN-UHFFFAOYSA-N,O=c1c(O)c(-c2ccccc2)oc2cc(Br)c(I)cc12,5.0
7560,LCMWUFLTMJGHMS-PNQUVVCRSA-N,O=c1c(/C=N/Nc2ccc(C(F)(F)F)cc2)coc2c1ccc1oc(-c3ccc(Cl)cc3)cc12,5.28432
7561,XAYKMQRPZRNJNL-UHFFFAOYSA-N,COc1ccc(-c2cc3cc4c(=O)c(C=O)coc4cc3o2)cc1,5.0
7563,LHSUEACWFJGZKG-UHFFFAOYSA-N,COc1ccc2[nH]cc(CCNC(=O)CN(CCCCC3CCN(Cc4ccccc4)CC3)C(=O)c3cc(=O)c4ccccc4o3)c2c1,5.69897
7564,MUZBUQZTAYXBFD-UHFFFAOYSA-N,COc1ccc2c(=O)cc(C(=O)NCCN3CCCCC3)oc2c1,7.04576
7565,QLPTZIUFLDAANA-UHFFFAOYSA-N,CCOP(=O)(OCC)C(NCCc1ccc(OC)cc1)c1coc2ccccc2c1=O,7.0
7567,JBPRHOFASBBREV-WASYMBJWSA-N,COc1cc2c(cc1OC)/C(=N\NC(=O)C(C)c1ccc(CC(C)C)cc1)C(CC1CCN(Cc3ccccc3)CC1)C2,7.82391
7568,OTGGFKLZXIIMFI-WVVCCSDTSA-N,COc1ccc2c(c1)c(CC(=O)N/N=C1\c3cc(OC)c(OC)cc3CC1CC1CCN(Cc3ccccc3)CC1)c(C)n2C(=O)c1ccc(Cl)cc1,6.29243
7569,KECMUWNFMHXRRG-YJKCNMNRSA-N,COc1cc2c(cc1OC)/C(=N\NC(=O)c1ccccc1OC(C)=O)C(CC1CCN(Cc3ccccc3)CC1)C2,7.33724
7570,CSWOSIGYTTVABX-POZMXKMPSA-N,COc1ccc2cc([C@H](C)C(=O)N/N=C3\c4cc(OC)c(OC)cc4CC3CC3CCN(Cc4ccccc4)CC3)ccc2c1,6.82391
7571,NUEAHYMDXCXIOO-CWAJCWQHSA-N,COc1cc2c(cc1OC)/C(=N\NC(=O)CNC(=O)C(C)c1ccc(CC(C)C)cc1)C(CC1CCN(Cc3ccccc3)CC1)C2,5.92445
7572,HFVRGDZYGPOTOS-MBJURZOESA-N,COc1cc2c(cc1OC)/C(=N\NC(=O)CCNC(=O)C(C)c1ccc(CC(C)C)cc1)C(CC1CCN(Cc3ccccc3)CC1)C2,5.31426
7573,JJNNHTVFAVRIPN-ZJWNILRBSA-N,COc1cc2c(cc1OC)/C(=N\NC(=O)C(NC(=O)C(C)c1ccc(CC(C)C)cc1)C(C)C)C(CC1CCN(Cc3ccccc3)CC1)C2,6.39794
7574,SPRDUHMXZHAPRQ-INXUWUOZSA-N,COc1cc2c(cc1OC)/C(=N\NC(=O)C(CC(C)C)NC(=O)C(C)c1ccc(CC(C)C)cc1)C(CC1CCN(Cc3ccccc3)CC1)C2,6.45593
7575,JNNSZXVFWZVNAW-LCUIJRPUSA-N,COc1cc2c(cc1OC)/C(=N\N)C(CC1CCN(Cc3ccccc3)CC1)C2,6.72125
7576,FTVCQIIFMKONLM-WMZOPIPTSA-N,CN1c2ccc(OC(=O)Nc3ccncc3)cc2[C@]2(C)CCO[C@H]12,5.1549
7577,MMBVAEXRQVWGSC-WMZOPIPTSA-N,CN1c2ccc(OC(=O)Nc3cccnc3)cc2[C@]2(C)CCO[C@H]12,5.76955
7578,LTTDIGGNYFTEAC-ZFNBISBQSA-N,COc1cc2c(cc1OC)C(=O)[C@]1(C2)[C@H](c2ccccc2OC)[C@H](Cc2c[nH]c3ccccc23)NC12C(=O)Nc1ccccc12,5.55909
7579,RNXRJVOLCWAMHV-HDXZJQDKSA-N,COc1cccc([C@@H]2[C@H](Cc3c[nH]c4ccccc34)NC3(C(=O)Nc4ccccc43)[C@@]23Cc2cc(OC)c(OC)cc2C3=O)c1,5.63639
7580,RNECQBIPECTYJA-ZKYHXBHASA-N,COc1cc2c(cc1OC)C(=O)[C@]1(C2)[C@H](c2cccc([N+](=O)[O-])c2)[C@H](Cc2c[nH]c3ccccc23)NC12C(=O)Nc1ccccc12,5.72354
7584,FCBGXWQSWZDDJH-UHFFFAOYSA-N,CCN(C)C(=O)Oc1ccc(C(CCOc2ccc([N+](=O)[O-])cc2)NC)cc1,6.99568
7585,AHKYADRRQAQSLQ-UHFFFAOYSA-N,CCN(C)C(=O)Oc1ccc2c(c1)C=CC(C)N(C)C2CCOc1ccc([N+](=O)[O-])cc1,7.85387
7586,SZNDVDHYJXHIKM-UHFFFAOYSA-N,C#CCOc1ccc(-c2cc(-c3ccc(OCCN4CCOCC4)cc3)nc(N)n2)cc1,7.51627
7587,KQDHFACJRWAFSW-UHFFFAOYSA-N,Cc1c(C)c2c(c(C)c1O)CCC(C)(C(=O)NCCC1CCN(Cc3ccccc3F)CC1)O2,6.26761
7591,GUZRNQYRVJZURX-OQXPWLBDSA-N,C/C=C1/CN2CCc3c([nH]c4ccccc34)[C@@H]2CC1/C(=C\C(=O)OC)OC,5.4318
7593,WFJDTYSQBHCNGC-LWZURRPWSA-N,CC1=C(CO[C@@H]2O[C@H](CO[C@@H]3O[C@H](CO)[C@@H](O)[C@H](O)[C@H]3O)[C@@H](O)[C@H](O)[C@H]2O)C(C)(C)CCC1,5.49485
7594,SIMPNXWTAVEOTO-RKQHYHRCSA-N,COc1cc(CO)ccc1O[C@@H]1O[C@H](CO)[C@@H](O)[C@H](O)[C@H]1O,5.34199
7595,ALYNPVYOZBYRJK-HXBYHMEXSA-N,COc1cc([C@@H](O)[C@H](CO[C@@H]2O[C@H](CO)[C@@H](O)[C@H](O)[C@H]2O)Oc2ccc(CCCO)cc2OC)ccc1O,6.12494
7597,SNGVLDNQSXBDPZ-UHFFFAOYSA-N,COc1ccc2c(c1)[nH]c1c(C(C)=O)nccc12,5.39794
7598,TXKCDCFEHZVGFL-UHFFFAOYSA-N,C#CCn1c2cc(OC)ccc2c2ccnc(C)c21,5.72125
7600,OZJRXWDHWHJZMC-BEFAXECRSA-N,COc1ccc([C@@H]2N[C@@H](C(=O)O)Cc3c2n(C)c2ccccc32)cc1OC,5.60206
7601,WXIJGUPZJIXTMQ-UHFFFAOYSA-N,COc1ccc2c3c([nH]c2c1N)C(C)NCC3,5.69897
7603,TZAAYQWHBGCWJN-UHFFFAOYSA-O,CCOC(=O)[n+]1ccc2c([nH]c3cc(OC)ccc32)c1C,6.60206
7604,OHPSPRKKTRQQNU-UHFFFAOYSA-N,CC(C)n1c2ccccc2c2cc[n+](-c3ccccc3)cc21,5.8881250000000005
7605,ZWUSTXCHVYMQTF-UHFFFAOYSA-N,Cc1ccc2c(c1)c1cc[n+](-c3ccccc3)cc1n2C,6.37675
7606,TYLORRYICLSBDT-UHFFFAOYSA-N,Cc1ccc(-[n+]2ccc3c4ccccc4n(C)c3c2)cc1,6.5376
7607,PFXJDWFVKKAJGD-UHFFFAOYSA-N,Cn1c2ccccc2c2cc[n+](-c3ccc(I)cc3)cc21,6.61979
7608,AYDVADIGEZQAHF-UHFFFAOYSA-N,Cn1c2ccccc2c2cc[n+](-c3ccc(Cl)cc3)cc21,6.387345
7609,MFVMDTXSADLNMJ-UHFFFAOYSA-N,Cn1c2ccccc2c2cc[n+](-c3ccc(Br)cc3)cc21,6.52288
7614,NMBBYUYGEOQGLX-UHFFFAOYSA-N,COc1ccc(-[n+]2ccc3c4ccccc4n(C)c3c2)cc1,6.52288
7617,KVANOXIAOYTXBY-VWERDZHISA-N,O=C1C2Cc3c([nH]c4ccccc34)[C@@H](c3ccc4c(c3)OCO4)N2C(=O)CN1CCC1CCN(Cc2ccccc2)CC1,7.4437
7618,KVANOXIAOYTXBY-ZBWWXOROSA-N,O=C1[C@@H]2Cc3c([nH]c4ccccc34)[C@@H](c3ccc4c(c3)OCO4)N2C(=O)CN1CCC1CCN(Cc2ccccc2)CC1,7.49485
7619,NGKJYYMHPLWVQZ-AFPLUKJUSA-N,COc1ccc([C@@H]2c3[nH]c4ccccc4c3C[C@H]3C(=O)N(CCC4CCN(Cc5ccccc5)CC4)CC(=O)N23)cc1,7.82391
7620,NGKJYYMHPLWVQZ-QIKUIUABSA-N,COc1ccc([C@@H]2c3[nH]c4ccccc4c3C[C@@H]3C(=O)N(CCC4CCN(Cc5ccccc5)CC4)CC(=O)N23)cc1,7.50864
7622,XBLBEGLFURYCBO-UHFFFAOYSA-N,C[n+]1ccc2c3ccccc3n(CCCCCCCCCn3c4ccccc4c4cc[n+](C)cc43)c2c1,9.22185
7623,AXSJTNLXZJWIFL-UHFFFAOYSA-N,C[n+]1ccc2c3ccccc3n(CCc3ccccc3)c2c1,9.30103
7624,FCMMSENDHUPIRC-UHFFFAOYSA-N,Cn1c2ccccc2c2cc[n+](-c3ccc(Br)cc3Br)cc21,6.95861
7625,UDHBHTHWWOQPBW-UHFFFAOYSA-O,C[n+]1ccc2c(c1)[nH]c1ccccc12,5.38722
7633,XZQUVTLVZJAMJU-UHFFFAOYSA-N,Cn1c2c(c3ccccc31)CC[N+](c1ccc(Br)cc1)=C2,5.82391
7634,GPJAPXFGINNPKO-UHFFFAOYSA-N,Cn1c2c(c3ccccc31)CC[N+](c1ccc(I)cc1)=C2,5.82391
7635,MFBLJEWYMXQAKA-UHFFFAOYSA-N,Cc1ccc([N+]2=Cc3c(c4ccccc4n3C)CC2)cc1,5.82391
7638,NKKITZOSLYEBJO-UHFFFAOYSA-N,CN1c2ccc(OCc3ccccc3)cc2C(=O)N2CCc3c([nH]c4ccccc34)C21,5.52288
7639,VJJLRVDUFIKWCM-LEKKXJIISA-O,C=C[C@H]1C[N+]2=C(C[C@@H]1/C(=C\OC)C(=O)OC)c1[nH]c3cccc(OC)c3c1CC2,5.38722
7640,XAYUCVICBPYPRE-RUPNCQHISA-N,C=C[C@H]1[C@@H](/C(=C/O)C(=O)OC)C[C@H]2c3[nH]c4ccccc4c3CCN2[C@H]1O[C@@H]1O[C@H](CO)[C@@H](O)[C@H](O)[C@H]1O,5.72125
7642,WYTGDNHDOZPMIW-VBNZEHGJSA-O,COC(=O)C1=CO[C@@H](C)[C@H]2C[n+]3ccc4c([nH]c5ccccc54)c3C[C@H]12,6.10791
7643,WYQIPCUPNMRAKP-UHFFFAOYSA-O,O=C1c2ccccc2-[n+]2ccc3c([nH]c4ccccc43)c21,5.82391
7644,TZGQRNCWGBGNCJ-UHFFFAOYSA-N,c1ccc2c(c1)CN1CCc3c([nH]c4ccccc34)C1=N2,5.46852
7645,LWYDBOHLFCMJNH-UHFFFAOYSA-N,O=C(CCN1CCCC1)Nc1ccc2c(c1)CN1CCc3c([nH]c4ccccc34)C1=N2,7.5376
7646,WLAAJJZNAFKAMK-UHFFFAOYSA-N,O=C(CN1CCCCC1)Nc1ccc2nc3c4[nH]c5ccccc5c4ccn3c(=O)c2c1,8.0
7647,WVGABZRHRYHCCO-XSFVSMFZSA-N,COc1cc2c(cc1OC)C(=O)/C(=C/c1ccc(OCCN3CCCCC3)cc1)C2,6.52288
7648,OHBHEABPPWROKD-UHFFFAOYSA-N,COc1ccc2c(c1)c(C=O)cn2CCCCCCCN(C)Cc1cccc(O)c1,5.25649
7649,OIIHAUYKICHNQI-UHFFFAOYSA-N,COc1ccc2c(c1)c(C=O)cn2CCCCCCCCN(C)Cc1cccc(O)c1,5.58503
7650,WWKQQRVQGOUIMX-UHFFFAOYSA-N,COc1ccc2c(c1)c(C=O)cn2CCCCCCCCCN(C)Cc1cccc(O)c1,5.28483
7651,QAMABQFUDMLHGO-UHFFFAOYSA-N,COc1ccc2c(c1)c(C=O)cn2CCCCCCCCCCN(C)Cc1cccc(O)c1,5.34486
7653,QKXAMYHLNVXQGM-UHFFFAOYSA-N,COc1ccc2c(c1)c(C=O)cn2CCCCCCCN(C)Cc1ccc(O)cc1,5.79317
7654,FMUARSILENPDKK-UHFFFAOYSA-N,COc1ccc2c(c1)c(C=O)cn2CCCCCCCCN(C)Cc1ccc(O)cc1,5.68613
7655,DZRJUXUROORQOH-UHFFFAOYSA-N,COc1ccc2c(c1)c(C=O)cn2CCCCCCCCCN(C)Cc1ccc(O)cc1,5.20551
7656,VSDNNQHHKUMUKF-UHFFFAOYSA-N,COc1ccc2c(c1)c(C=O)cn2CCCCCCCCCCN(C)Cc1ccc(O)cc1,6.22185
7661,CJKAOSXSHTYWOT-UHFFFAOYSA-N,CCCCCCCCCCCC1=CC(=O)C=CC1=O,5.10182
7666,REFJWTPEDVJJIY-UHFFFAOYSA-N,O=c1c(O)c(-c2ccc(O)c(O)c2)oc2cc(O)cc(O)c12,5.53611
7667,YHQUYJYCQFUYJC-UHFFFAOYSA-N,CC(C)=CCCC1(C)C=Cc2c(ccc3cc(-c4cc(O)cc(O)c4CC=C(C)C)oc23)O1,5.3363
7670,UFCLZKMFXSILNL-PSEXTPKNSA-N,O=C(/C=C/c1ccc(O)c(O)c1)O[C@@H]1[C@H](O)C[C@@](O)(C(=O)O)C[C@H]1OC(=O)/C=C/c1ccc(O)c(O)c1,5.66959
7672,IHLSBQVBFDTNTC-UHFFFAOYSA-N,COc1cc(O)c2c(=O)cc(-c3ccccc3)oc2c1OC,5.60906
7674,UQYNGSPDPASNLN-BLAIOOKWSA-N,Cc1cc2c(c(C)c1CCO[C@@H]1O[C@H](CO)[C@@H](O)[C@H](O)[C@H]1O)C(=O)[C@H](C)C2,5.59346
7675,VKDMMOFAMUXTQZ-VLRRDGGXSA-N,Cc1cc2c(c(C)c1CCO[C@@H]1O[C@H](CO)[C@@H](O)[C@H](O)[C@H]1O)C(=O)[C@@H](C)[C@H]2O,5.03763
7676,VKDMMOFAMUXTQZ-AKMQMZFLSA-N,Cc1cc2c(c(C)c1CCO[C@@H]1O[C@H](CO)[C@@H](O)[C@H](O)[C@H]1O)C(=O)[C@H](C)[C@H]2O,5.42366
7679,MSDHYTBXPYASNM-UHFFFAOYSA-N,Oc1cc(O)cc(Oc2cc(O)c(O)c3c2Oc2c(O)cc(Oc4c(O)cc(Oc5c(O)cc(O)c6c5Oc5c(O)cc(O)cc5O6)cc4O)cc2O3)c1,5.24489
7680,FHYNTHBAMAEFJB-UHFFFAOYSA-N,Oc1cc(O)cc(Oc2c(O)cc(O)c3c2Oc2c(cc(O)c(-c4c(O)cc5c(c4O)Oc4c(Oc6cc(O)cc(O)c6)c(O)cc(O)c4O5)c2O)O3)c1,5.33819
7682,MODXTBIKOSPADE-UHFFFAOYSA-N,COc1ccc(NCC2CCN(Cc3ccccc3)CC2)cc1,6.78252
7683,KUZVHUCPWIDIGV-UHFFFAOYSA-N,COc1ccccc1NCC1CCN(Cc2ccccc2)CC1,6.8041
7684,HWDZHFHEYVMTKZ-UHFFFAOYSA-N,COc1ccc(NCC2CCN(Cc3ccccc3)CC2)cc1OC,6.83863
7685,XDISZLBVVBRPIK-UHFFFAOYSA-N,COc1ccc(NC(=O)C2CCN(C(=O)c3ccccc3)CC2)cc1,8.00966
7686,XRTYGCKYPFSQNR-UHFFFAOYSA-N,COc1ccccc1NC(=O)C1CCN(C(=O)c2ccccc2)CC1,8.07263
7687,JEPNAQSFBMZOEC-UHFFFAOYSA-N,COc1ccc(NC(=O)C2CCN(C(=O)c3ccccc3)CC2)cc1OC,8.38616
7688,NEQISCFVRYUHIP-UHFFFAOYSA-N,CCC1=CC2Cc3nc4cc(Cl)ccc4c(NCCCN4CCC(CC5Cc6cc(OC)c(OC)cc6C5)CC4)c3C(C1)C2,8.30691
7690,PGEVOJWBZHSHAR-UHFFFAOYSA-N,CCC1=CC2Cc3nc4cc(Cl)ccc4c(NCCN4CCC(CC5Cc6cc(OC)c(OC)cc6C5)CC4)c3C(C1)C2,7.54363
7691,CAXDNLYPWQWWCX-UHFFFAOYSA-N,COc1cc2c(cc1OC)CC(CC1CCN(CCCNc3c4c(nc5cc(Cl)ccc35)CC3C=C(C)CC4C3)CC1)C2,8.426695
7693,YKLYCPQJLBMMOK-UHFFFAOYSA-N,COc1cc2c(cc1OC)CC(CC1CCN(CCNc3c4c(nc5cc(Cl)ccc35)CC3C=C(C)CC4C3)CC1)C2,7.88606
7699,UHILWSKZCOLDGP-UHFFFAOYSA-N,O=C1Cc2cc(N3C(=O)c4ccccc4C3=O)ccc2CN1C(=O)c1ccccc1,7.1831
7700,ABXOSVSNRQUCLU-UHFFFAOYSA-N,Cc1cccc(C(=O)N2Cc3ccc(N4C(=O)c5ccccc5C4=O)cc3CC2=O)c1,7.5938
7701,YXGNCQQSGCFRBR-UHFFFAOYSA-N,COc1ccccc1C(=O)N1Cc2ccc(N3C(=O)c4ccccc4C3=O)cc2CC1=O,7.08804
7702,AFNVVBKBUOQYFZ-UHFFFAOYSA-N,COc1ccc(C(=O)N2Cc3ccc(N4C(=O)c5ccccc5C4=O)cc3CC2=O)cc1,7.08698
7703,KIEWLGRGIVAZSL-BMRADRMJSA-N,C/C(=C\C1=CCN(C(=O)CCc2ccccc2)C(=O)C1)N1C(=O)c2ccccc2C1=O,7.25759
7704,JYQOQNLXJDCXHD-YCRREMRBSA-N,COc1cc(/C=C/c2nnc(-c3ccc(C(F)(F)F)cc3)o2)ccc1O,10.16749
7706,QQKLBMIMHAJCJI-YCRREMRBSA-N,COc1cc(/C=C/c2nnc(-c3ccc(Cl)cc3)o2)ccc1O,9.47625
7707,XIJPSDHGQSTMMS-XVNBXDOJSA-N,COc1cc(/C=C/c2nnc(-c3ccc(Cl)cc3Cl)o2)ccc1O,9.65758
7708,NHZQTQJHVKGWNO-YCRREMRBSA-N,COc1cc(/C=C/c2nnc(-c3ccc(F)cc3)o2)ccc1O,9.54668
7709,OAGDEHOMTUDPHF-XVNBXDOJSA-N,COc1cc(/C=C/c2nnc(-c3ccc(F)cc3F)o2)ccc1O,9.72125
7710,QLCWXMQTECDEPJ-QPJJXVBHSA-N,COc1ccc(/C=C/C(=O)c2cc(I)c(Cl)cc2O)cc1,7.93107
7711,SOPWLEVFHSWSKJ-ZZXKWVIFSA-N,O=C(/C=C/c1ccc(F)cc1)c1cc(I)c(Br)cc1O,7.9594
7712,HEQJVGJFFZGZOW-QPJJXVBHSA-N,COc1cc(O)c(C(=O)/C=C/c2ccc(F)cc2)cc1I,8.0278
7713,WZBZEXVUPQKLJA-VMPITWQZSA-N,COc1ccc(/C=C/C(=O)c2cc(I)c(OC)cc2O)cc1,7.96019
7714,ZGOGMVHNWUBZGX-UHFFFAOYSA-N,O=c1c(O)c(-c2ccc(F)cc2)oc2cc(F)c(I)cc12,8.4908
7715,SCFYJLFSWICSOK-UHFFFAOYSA-N,O=c1c(O)c(-c2ccc(Cl)cc2)oc2cc(F)c(I)cc12,8.46218
7716,AYKASAIWJOBKAM-UHFFFAOYSA-N,COc1ccc(-c2oc3cc(Br)c(I)cc3c(=O)c2O)cc1,7.53775
7717,KZNYVZFDNAOGPE-UHFFFAOYSA-N,COc1ccc(-c2oc3cc(OC)c(I)cc3c(=O)c2O)cc1,8.14327
7718,SKVONSLWYHHDMW-PNQUVVCRSA-N,O=c1c(/C=N/Nc2ccc(C(F)(F)F)cc2)coc2cc3oc(-c4cccc(F)c4)cc3cc12,5.11919
7720,JJXYJVCUHXNVFT-VVEOGCPPSA-N,COc1ccc(-c2cc3cc4c(=O)c(/C=N/Nc5ccc(C(F)(F)F)cc5)coc4cc3o2)cc1,5.26761
7723,DZXQKWIYTNJLDC-UHFFFAOYSA-N,O=c1ccoc2ccc(Oc3ccccc3)cc12,5.52288
7724,OLKYAFAQLVOQDG-UHFFFAOYSA-N,Cc1c(C)c2ccc(OCc3ccccc3)cc2oc1=O,5.52288
7725,DZJTVJGTZQRCHE-UHFFFAOYSA-N,Cc1cc(=O)c2cc(Oc3ccccc3)ccc2o1,5.52288
7726,HPHRYPTWOLJCAG-UHFFFAOYSA-N,Cc1c(C)c2ccc(OCCc3ccccc3)cc2oc1=O,5.52288
7727,OGKOZFQYRRVLDS-UHFFFAOYSA-N,Cc1c(C)c2ccc(OCc3cc(F)cc(F)c3)cc2oc1=O,5.52288
7728,LVUUTOUXLZZNQA-UHFFFAOYSA-N,Cc1c(C)c2ccc(OCc3ccc(Cl)cc3)cc2oc1=O,5.52288
7729,OAIPPRYRUKGVPD-UHFFFAOYSA-N,Cc1c(C)c2ccc(OCc3ccc(F)c(F)c3)cc2oc1=O,5.52288
7730,QHRPUOKUBRYYKI-UHFFFAOYSA-N,Cc1c(C)c2ccc(OCc3ccc(F)cc3)cc2oc1=O,5.52288
7731,GXFXMBTYRNXLMV-UHFFFAOYSA-N,Cc1ccc(COc2ccc3c(C)c(C)c(=O)oc3c2)cc1,5.52288
7733,XGJZBERLEOSMIT-UHFFFAOYSA-N,Cc1c(C)c2ccc(OCc3cccc(F)c3)cc2oc1=O,5.52288
7734,WKMBYPRUDNQPPA-UHFFFAOYSA-N,Cc1c(C)c2ccc(OCc3cccc(N)c3)cc2oc1=O,5.52288
7735,LRYCEYYGXGCVJT-UHFFFAOYSA-N,COc1cccc(COc2ccc3c(C)c(C)c(=O)oc3c2)c1,5.52288
7736,GLRZWGPLUSPXHR-UHFFFAOYSA-N,Cc1c(C)c2ccc(OCc3cccc(O)c3)cc2oc1=O,5.52288
7737,SZKGSGOFYXVKOX-UHFFFAOYSA-N,Cc1ccccc1COc1ccc2c(C)c(C)c(=O)oc2c1,5.52288
7738,XZZUNARGJTUDCF-UHFFFAOYSA-N,Cc1cccc(COc2ccc3c(C)c(C)c(=O)oc3c2)c1,5.52288
7739,RIKQUJZHAZWONQ-UHFFFAOYSA-N,Cc1ccc(-c2noc(-c3cccc(OCC4CCN(Cc5ccccc5)CC4)c3)n2)cn1,6.13077
7740,OIQWPSGFYFVEPC-UHFFFAOYSA-N,Cc1ccc(-c2noc(-c3cccc(OCC4CCN(Cc5ccc(F)cc5)CC4)c3)n2)cn1,5.52433
7741,DSACCWNHUDYWJF-UHFFFAOYSA-N,Cc1ccc(-c2noc(-c3cccc(OCC4CCN(Cc5ccccc5F)CC4)c3)n2)cn1,6.5376
7742,RRSJHXGJAMBCDJ-UHFFFAOYSA-N,Cc1ccc(-c2noc(-c3cccc(OCC4CCN(Cc5cccc(F)c5)CC4)c3)n2)cn1,6.42022
7743,DOTWPYOPUGDXID-UHFFFAOYSA-N,Cc1ccc(-c2noc(-c3cccc(OCC4CCN(Cc5ccccc5Cl)CC4)c3)n2)cn1,6.24413
7748,LXRBPWHQMGKMRT-GOSISDBHSA-N,CC(C)C[C@@H](NC(=O)C1(C(F)(F)F)CCCCC1)C(=O)Nc1nnc(Cc2ccc(C#N)cc2)s1,5.11862
7750,QGTBKSTUWGAYSX-UHFFFAOYSA-N,CCN(CC)C(=O)Oc1ccc(-c2cc(=O)c3c(O)c(O)c(O)cc3o2)cc1,5.92082
7752,PZLKJPRPEJQHPN-UHFFFAOYSA-N,COc1ccc(-c2cc(=O)c3ccc(OCCN4CCC(C)CC4)cc3o2)cc1,8.1986
7753,GBQCLUQNACGFMJ-UHFFFAOYSA-N,COc1ccc(-c2cc(=O)c3ccc(OCCN4CCN(CCO)CC4)cc3o2)cc1,8.12148
7754,AXGABLVKANFJCV-UHFFFAOYSA-N,COc1ccc(-c2cc(=O)c3ccc(OCCN4CCOCC4)cc3o2)cc1,7.95861
7755,HDCMDGLXHFWWIA-UHFFFAOYSA-N,CCN(CC)CCOc1ccc2c(=O)cc(-c3ccc(OC)cc3)oc2c1,7.56703
7756,IIVOUTDXRQRWCT-UHFFFAOYSA-N,COc1ccc(-c2cc(=O)c3ccc(OCCN4CCCC4)cc3o2)cc1,6.97964
7757,MRGBLPQQHOOJIK-UHFFFAOYSA-N,CCC(=O)CNC(=O)Nc1nc2ccc(-c3oc4c(OC)c(O)c(O)c(OC)c4c(=O)c3O)cc2s1,7.0
7758,RIGAZEFUPAYEBY-UHFFFAOYSA-N,CN(C)CCNC(=O)COc1cc(O)c2c(=O)c(-c3ccc(O)cc3)coc2c1,5.56067
7759,QESLWZFHJYKHOG-UHFFFAOYSA-N,CCN(CC)CCCCOc1cc(O)c2c(=O)c(-c3ccc(O)cc3)coc2c1,7.0
7760,ITHOQDYOXKNLHE-CAPFRKAQSA-N,COc1ccc(/C=C2\COc3cc(OCCCN4CCCCC4)ccc3C2=O)cc1,5.4045
7762,BENIBYVETVNODM-GHTZIAJQSA-N,Cc1ccc(NCC[C@@H]2CCCN3CCCC[C@H]23)c2c(=O)c3ccccc3sc12,5.284
7763,DALMBCBRULLIPO-GHTZIAJQSA-N,Cc1ccc(NCC[C@@H]2CCCN3CCCC[C@H]23)c2c(=O)c3ccccc3oc12,6.85387
7764,UKAHGKQMJOMGBT-UHFFFAOYSA-N,CNC(=O)Oc1cccc(CN(C)CCCCCCCOc2cccc(-c3cc(=O)c4ccccc4o3)c2)c1,9.284
7767,RJYMXTYQGHBQCH-UHFFFAOYSA-N,O=C1CC2CCc3ccsc3C2=NN1CCCCN1CCN(Cc2cccc3c2ccn3S(=O)(=O)c2ccccc2)CC1,5.11862
7768,BSRISIKVNVNLJD-UHFFFAOYSA-N,O=C1CC2CCCc3ccsc3C2=NN1CCCCN1CCN(Cc2ccccc2)CC1,5.91009
7769,FMHFUABJEGMXDA-UHFFFAOYSA-N,O=C1CC2CCc3ccsc3C2=NN1Cc1ccc(CN2CCN(Cc3ccccc3)CC2)cc1,5.43771
7770,BYPQEUFUCCZAJU-UHFFFAOYSA-N,O=C1CC2CCc3ccsc3C2=NN1CCCCN1CCCCC1,5.67985
7771,NYFCTSGIAUTTNF-UHFFFAOYSA-N,O=C1CC2Cc3ccsc3C2=NN1CCCCN1CCN(Cc2ccccc2)CC1,6.26922
7772,MNUPLPUTMVVFAK-UHFFFAOYSA-N,O=C1CC2CCc3ccsc3C2=NN1CCCCN1CCCC1,5.93554
7773,BNGICRROXYSOFL-UHFFFAOYSA-N,O=C1CC2CCc3ccsc3C2=NN1CCN1CCN(Cc2ccccc2)CC1,6.76955
7775,XARSRMXMKNOSHZ-UHFFFAOYSA-N,CCN(CC)CCCCN1N=C2c3sccc3CCC2CC1=O,5.53313
7776,OOHREKMRUITIOI-UHFFFAOYSA-N,CN(C)CCCCN1N=C2c3sccc3CCC2CC1=O,5.19654
7777,DXQPJYSXJVUZSK-UHFFFAOYSA-N,O=C1CC2CCc3ccsc3C2=NN1CCCCN1CCN(Cc2ccccc2)CC1,6.12148
7779,BUXAAHHFQFLYHV-UHFFFAOYSA-N,O=C1CC2CCc3ccsc3C2=NN1CCCCCN1CCN(Cc2cccc3c2ccn3S(=O)(=O)c2ccccc2)CC1,5.35262
7780,HKJPSKQLHUWRSF-UHFFFAOYSA-N,O=C1CC2CCc3ccsc3C2=NN1CCCCCCN1CCN(Cc2cccc3c2ccn3S(=O)(=O)c2ccccc2)CC1,5.00877
7781,ZSHWOZAWKHAWKL-UHFFFAOYSA-N,O=C1CC2CCc3ccsc3C2=NN1CCCCCCCN1CCN(Cc2cccc3c2ccn3S(=O)(=O)c2ccccc2)CC1,5.34104
7782,NGSSPAPFVVRZPW-UHFFFAOYSA-N,O=C1CC2Cc3ccsc3C2=NN1CCCCN1CCN(Cc2cccc3c2ccn3S(=O)(=O)c2ccccc2)CC1,5.44977
7783,AVIFTUQCMKTSNJ-UHFFFAOYSA-N,O=C1CC2Cc3ccsc3C2=NN1CCCCCN1CCN(Cc2cccc3c2ccn3S(=O)(=O)c2ccccc2)CC1,5.16178
7784,ATQZQZVXRCSALL-UHFFFAOYSA-N,O=C1CC2Cc3ccsc3C2=NN1CCCCCCN1CCN(Cc2cccc3c2ccn3S(=O)(=O)c2ccccc2)CC1,5.03716
7785,UHZOUSUGNFTACG-UHFFFAOYSA-N,O=C1CC2Cc3ccsc3C2=NN1CCCCCCCN1CCN(Cc2cccc3c2ccn3S(=O)(=O)c2ccccc2)CC1,5.14388
7786,KMKOTLZTNMZGJF-UHFFFAOYSA-N,O=C1CC2CCc3sccc3C2=NN1CCCCN1CCN(Cc2ccccc2)CC1,6.0655
7791,NDXDTKKYWMJWOB-UHFFFAOYSA-N,COc1cccc(C2CC(c3cc(F)ccc3F)=NN2c2ccc(S(N)(=O)=O)cc2)c1OC,8.19654
7792,XFWWVOBRRAOJSE-UHFFFAOYSA-N,COc1ccc(C2CC(c3cc(F)ccc3F)=NN2c2ccc(S(N)(=O)=O)cc2)c(OC)c1,8.19654
7793,LGHMDXIUHIJXQC-UHFFFAOYSA-N,COc1ccc(OC)c(C2CC(c3cc(F)ccc3F)=NN2c2ccc(S(N)(=O)=O)cc2)c1,8.19654
7794,IERDXPUHGSILLC-UHFFFAOYSA-N,COc1ccc(C2CC(c3cc(F)ccc3F)=NN2c2ccc(S(N)(=O)=O)cc2)cc1OC,8.19654
7795,MVUMPHQFSVJJDP-UHFFFAOYSA-N,COc1cccc(C2CC(c3cc(F)cc(F)c3)=NN2c2ccc(S(N)(=O)=O)cc2)c1OC,8.19654
7796,WCXZTJJFOZNHMQ-UHFFFAOYSA-N,COc1ccc(C2CC(c3cc(F)cc(F)c3)=NN2c2ccc(S(N)(=O)=O)cc2)c(OC)c1,8.19654
7797,VBKJNIHVGMJOBE-UHFFFAOYSA-N,COc1ccc(OC)c(C2CC(c3cc(F)cc(F)c3)=NN2c2ccc(S(N)(=O)=O)cc2)c1,8.19654
7798,QEXVTTMBUODJLO-UHFFFAOYSA-N,COc1ccc(C2CC(c3cc(F)cc(F)c3)=NN2c2ccc(S(N)(=O)=O)cc2)cc1OC,8.19654
7799,YXLWPRMAXINOTF-UHFFFAOYSA-N,Cc1ccc2cc(C3CC(c4sccc4Cl)=NN3)c(Cl)nc2c1,6.69897
7801,ICEPXSIJDOVNCF-UHFFFAOYSA-N,Cc1ccc2cc(C3CC(c4cc(Cl)sc4Cl)=NN3)c(Cl)nc2c1,6.82391
7802,PIQISABDIQDKBY-DHZHZOJOSA-N,Cc1ccc(C(=O)/C=C/c2ccc(N3CCCCC3)cc2)s1,6.88606
7803,QFVGPABOTQMSSV-RMKNXTFCSA-N,O=C(/C=C/c1ccc(N2CCCCC2)cc1)c1sccc1Cl,6.79588
7804,FRBRZGLUFOZRGD-JVPBZIDWSA-N,CC(=O)Nc1c(F)cc(C(=O)N[C@H]2CC[C@H](O)CC2)cc1O[C@@H](C)c1ccccc1,5.1
7808,HMRQNXQTMJUDBQ-UHFFFAOYSA-N,CON(C)C(=O)Oc1ccccc1C(=O)NCCc1c[nH]c2ccccc12,5.48945
7809,BUHWDQLEICJGTP-UHFFFAOYSA-N,Cc1cc(=O)[nH]c2c1C(=O)C(NCCNc1c3c(nc4ccccc14)CCCC3)=CC2=O,6.17587
7810,VUEZWIALQTZWIP-UHFFFAOYSA-N,Cc1cc(=O)[nH]c2c1C(=O)C(NCCCCNc1c3c(nc4ccccc14)CCCC3)=CC2=O,7.23433
7811,XNJHYFAIQOFIJJ-UHFFFAOYSA-N,Cc1cc(=O)[nH]c2c1C(=O)C(NCCNc1c3c(nc4cc(Cl)ccc14)CCCC3)=CC2=O,6.91721
7812,FSAILKBVUYCXNV-UHFFFAOYSA-N,Cc1cc(=O)[nH]c2c1C(=O)C(NCCCNc1c3c(nc4cc(Cl)ccc14)CCCC3)=CC2=O,7.95468
7813,GKOUESSFMCKDBI-UHFFFAOYSA-N,Cc1cc(=O)[nH]c2c1C(=O)C(NCCCCNc1c3c(nc4cc(Cl)ccc14)CCCC3)=CC2=O,8.25337
7818,XAWFXAPFQYDPBV-QFIPXVFZSA-N,CCN(C)C(=O)Oc1ccc(-c2cc(=O)c3c(O)c(O)c(OC(=O)N[C@@H](Cc4ccccc4)C(=O)OC(C)(C)C)cc3o2)cc1,5.213480000000001
7822,PUQVZTVXJSQDBH-UHFFFAOYSA-N,CN(CCC1CCCCCC1)Cc1c[nH]c2c(OC(=O)N(C)C)cccc12,6.2529
7823,ONFFSANHYPZSAW-UHFFFAOYSA-N,CCN(C)C(=O)Oc1cccc2c(CN(C)CCC3CCCCCC3)c[nH]c12,5.16647
7824,GTXNGJDFXPHWOA-UHFFFAOYSA-N,CC(C)N(C)C(=O)Oc1cccc2c(CN(C)CCC3CCCCCC3)c[nH]c12,5.54775
7826,GQWXRMJFBBWGBU-UHFFFAOYSA-N,CN(CCC1CCCCCC1)Cc1c[nH]c2c(OC(=O)N(C)Cc3ccccc3)cccc12,6.27474
7827,DSKDAAYTNXQGJV-UHFFFAOYSA-N,CCN(CC)C(=O)Oc1cccc2c(CN(C)CCC3CCCCCC3)c[nH]c12,5.25259
7828,OKXFQHMUKASRBY-UHFFFAOYSA-N,CC(C)N(C(=O)Oc1cccc2c(CN(C)CCC3CCCCCC3)c[nH]c12)C(C)C,5.33451
7829,WPZXTEAEXAJKLC-UHFFFAOYSA-N,CN(CCC1CCCCCC1)Cc1c[nH]c2c(OC(=O)N3CCCCC3)cccc12,6.27646
7830,WRQPYUZDNIDAKI-UHFFFAOYSA-N,CN(CCC1CCCCCC1)Cc1c[nH]c2c(OC(=O)N3CCOCC3)cccc12,5.44563
7831,BTEJXTBVWONFFU-UHFFFAOYSA-N,C#CCN(C)C(=O)Oc1cccc2c(CN(C)CCC3CCCCCC3)c[nH]c12,6.46814
7832,DRGVFCJQZHOVEJ-UHFFFAOYSA-N,C#CCCCN(C)C(=O)Oc1cccc2c(CN(C)CCC3CCCCCC3)c[nH]c12,5.96617
7833,XVBCFWNSQCHPTI-UHFFFAOYSA-N,C#CCCCCCCCCCN(C)C(=O)Oc1cccc2c(CN(C)CCC3CCCCCC3)c[nH]c12,6.90939
7834,RYFYERZCXQBRAD-UHFFFAOYSA-N,C#CCN(CC)C(=O)Oc1cccc2c(CN(C)CCC3CCCCCC3)c[nH]c12,5.12344
7835,YMGWTTBRRFFMLN-UHFFFAOYSA-N,C#CCN(CC#C)C(=O)Oc1cccc2c(CN(C)CCC3CCCCCC3)c[nH]c12,6.33339
7836,GAIKGEKRGGHCMZ-UHFFFAOYSA-N,C#CCN(C(=O)Oc1cccc2c(CN(C)CCC3CCCCCC3)c[nH]c12)C(C)C,5.27132
7837,VGOWRMCVCDHGIZ-UHFFFAOYSA-N,CON(C)C(=O)Oc1cccc2c(CN(C)CCC3CCCCCC3)c[nH]c12,5.95821
7838,HHOQFQNZGOWBHS-UHFFFAOYSA-N,CN(CCC1CCCCCC1)Cc1c[nH]c2c(OC(=O)N(C)N(C)C)cccc12,5.25493
7839,YMWARYCMQGOOCM-UHFFFAOYSA-N,CN(CCC1CCCCCC1)Cc1c[nH]c2cc(OC(=O)N(C)C)ccc12,5.1727
7840,LAMQUJNDYPKKMT-UHFFFAOYSA-N,CC(C)N(C(=O)Oc1ccc2c(CN(C)CCC3CCCCCC3)c[nH]c2c1)C(C)C,6.47301
7841,VIMYNAVDKFZSJY-UHFFFAOYSA-N,C#CCN(C)C(=O)Oc1ccc2c(CN(C)CCC3CCCCCC3)c[nH]c2c1,5.83684
7842,RTSVPQGEMHVGDV-NZQKXSOJSA-N,Cc1ccc(NCCCSC[C@@H]2CCCN3CCCC[C@H]23)c2c(=O)c3ccccc3sc12,5.10568
7843,DTVPCBIZJATWPE-LAUBAEHRSA-N,Cc1ccc(NCC[C@@H]2CCCN3CCCC[C@H]23)c2c(=O)c3cc(O)ccc3sc12,5.37059
7844,QDOARVWOVAHJIU-PGRDOPGGSA-N,COc1ccc2sc3c(C)ccc(NCC[C@@H]4CCCN5CCCC[C@H]45)c3c(=O)c2c1,5.44491
7845,ZPTZOXPYMMOGAB-OXJNMPFZSA-N,COc1ccc2sc3c([N+](=O)[O-])ccc(NCC[C@@H]4CCCN5CCCC[C@H]45)c3c(=O)c2c1,5.32331
7846,SDIALEIKIKXUSO-DYESRHJHSA-N,COc1ccc2sc3c([N+](=O)[O-])ccc(NCCC[C@@H]4CCCN5CCCC[C@H]45)c3c(=O)c2c1,5.75696
7847,CFBPNQLXDNLVNE-HRAATJIYSA-N,COc1ccc2sc3c(N)ccc(NCC[C@@H]4CCCN5CCCC[C@H]45)c3c(=O)c2c1,5.61979
7849,PLFDOJBDYAWUKJ-DENIHFKCSA-N,Cc1ccc(NCCC[C@@H]2CCCN3CCCC[C@H]23)c2c(=O)c3ccccc3oc12,5.05502
7856,YHMQNOUAEWRSMB-UHFFFAOYSA-N,S=C(NCCCCNc1c2c(nc3ccccc13)CCCC2)Nc1c[nH]c2ccccc12,7.60206
7858,ICNPKYKIVQPEDC-UHFFFAOYSA-N,Clc1ccc2c(NCCCCCN3c4ccccc4Sc4ccccc43)c3c(nc2c1)CCCC3,8.09691
7859,IILWHJNAPFMQIG-UHFFFAOYSA-N,COC(=O)c1cc(C(=O)c2ccc(OC)cc2)n2ccc(CCCc3cc[n+](C)cc3)cc12,5.48149
7860,QEVHRUUCFGRFIF-MDEJGZGSSA-N,COC(=O)[C@H]1[C@H]2C[C@@H]3c4[nH]c5cc(OC)ccc5c4CCN3C[C@H]2C[C@@H](OC(=O)c2cc(OC)c(OC)c(OC)c2)[C@@H]1OC,5.76955
7861,JTJQWNKGAGILHA-UHFFFAOYSA-N,O=C(NCCCNc1c2c(nc3cc(Cl)ccc13)CCCC2)c1nc2ccc([N+](=O)[O-])cc2s1,7.74473
7862,AZQJBDNDDDGKPV-UHFFFAOYSA-N,Cc1ccc(S(=O)(=O)NCCCCCNc2c3c(nc4ccccc24)CCCC3)cc1,7.046835
7863,FKBZPOPRHZPSRO-UHFFFAOYSA-N,FC(F)(F)c1ccc(-c2nnc(CNC3CCN(Cc4ccccc4)C3)o2)cc1,7.19382
7864,PCEFDTXXUQXRHF-UHFFFAOYSA-N,CCOC(=O)C1=C(C)N(CCC2CCN(Cc3ccccc3)CC2)C(=O)NC1c1coc2c(Cl)cc(Cl)cc2c1=O,7.22185
7866,BARZEIXSJGIODB-UHFFFAOYSA-N,CCN(CCCCCOc1cc(O)c2c(c1)OC(c1ccc(O)cc1)CC2=O)Cc1ccccc1,6.04096
7868,POPGUCONQNKJKN-UHFFFAOYSA-N,c1cc2[nH]c3nc(NCCCCCCN4CCCC4)nnc3c2cc1N1CCCCC1,6.49485
7869,MXESMWXWOKCZLG-UHFFFAOYSA-N,O=c1nc2sc3ccccc3n2c2ncccc12,5.55596
7870,IKAVVQHSMHYMDJ-OHKUQIHYSA-N,COc1cc2c(cc1OC)-c1c(-c3ccc(Cl)cc3)c(/C=N/c3ccc(/N=C/c4cn5c(c4-c4ccc(Cl)cc4)-c4cc(OC)c(OC)cc4CC5)cc3)cn1CC2,5.13668
7877,SKPVSXMCZMZIKN-UHFFFAOYSA-N,CCN(CC)C(=O)c1ccc2c(c1)nc(Cc1ccc(OC(=O)N(C)C)cc1)n2CCC(C)C,5.081239999999999
7881,YEDMNOZIAFUYSZ-UHFFFAOYSA-N,CCN(CC)C(=O)c1ccc2c(c1)nc(Cc1ccc(OC(=O)NCc3ccccc3)cc1)n2CCC(C)C,5.373395
7882,JIVUGVGICZGKIU-UHFFFAOYSA-N,CCN(CC)C(=O)c1ccc2c(c1)nc(Cc1ccc(OC(=O)N(C)c3ccccc3)cc1)n2CCC(C)C,5.48046
7883,HQVRKEQGOOXDCP-UHFFFAOYSA-N,CCN(CC)C(=O)c1ccc2c(c1)nc(Cc1ccc(OC(=O)N(C)Cc3ccccc3)cc1)n2CCC(C)C,5.02264
7908,LZKBTCQYBSXKFD-UHFFFAOYSA-N,CCN(CC)C(=O)c1ccc2c(c1)nc(Cc1ccccc1)n2CCC(C)C,5.42022
7909,SHGLJXBLXNNCTE-UHFFFAOYSA-N,O=c1cc(-c2ccc(O)cc2)oc2ccccc12,5.82391
7910,HJPAZMJTDPKOLV-UHFFFAOYSA-N,O=c1cc(-c2ccc(O)cc2)oc2cccc(OCc3ccccc3)c12,6.14813
7911,JVSYOGDIPVRFMX-CMDGGOBGSA-N,COC(=O)/C=C/C(=O)Nc1cccc(OCCSC(=S)N2CCCCC2)c1,5.85699
7912,STOAYYCAXYRSJU-MDZDMXLPSA-N,COC(=O)/C=C/C(=O)Nc1cccc(OCCCSC(=S)N2CCCCC2)c1,5.70333
7913,CQPIZDJANRHFKG-ZHACJKMWSA-N,COC(=O)/C=C/C(=O)Nc1cccc(OCCCCSC(=S)N2CCCCC2)c1,6.67778
7914,NUNYQVNSVRDGSF-VAWYXSNFSA-N,COC(=O)/C=C/C(=O)Nc1cccc(OCCCCSC(=S)N2CCCCC2C)c1,7.27572
7915,NFKGOOFQVFDLFN-MDZDMXLPSA-N,COC(=O)/C=C/C(=O)Nc1cccc(OCCCCSC(=S)N2CCCC2)c1,5.21896
7916,LVKPJLCFXSUYOI-OUKQBFOZSA-N,COC(=O)/C=C/C(=O)Nc1ccc(OCCCCSC(=S)N2CCCCC2C)cc1,6.42022
7920,COWSYZPNNFGXOD-UHFFFAOYSA-N,CC[N+](CC)(CCCCCn1c(C)cc(=O)n(CCCCC[N+](CC)(CC)Cc2ccccc2)c1=O)Cc1ccccc1,9.85387
7921,XUPZXSZNIKCMMD-UHFFFAOYSA-N,CC[N+](CC)(CCCCCn1c(=O)cc(C)n(CCCn2c(C)cc(=O)n(C)c2=O)c1=O)Cc1ccccc1[N+](=O)[O-],8.1549
7922,YCQCPYFOKZXUGC-UHFFFAOYSA-N,CC[N+](CC)(CCCCCn1c(=O)cc(C)n(CCCCn2c(C)cc(=O)n(C)c2=O)c1=O)Cc1ccccc1[N+](=O)[O-],9.22185
7923,AAUBXOLWHARFEP-UHFFFAOYSA-N,CC[N+](CC)(CCCCCn1c(=O)cc(C)n(CCCCCn2c(C)cc(=O)n(C)c2=O)c1=O)Cc1ccccc1[N+](=O)[O-],9.39794
7924,KNRMIKZZOJGSJX-UHFFFAOYSA-N,CC[N+](CC)(CCCCCn1c(=O)cc(C)n(CCCCCCn2c(C)cc(=O)n(C)c2=O)c1=O)Cc1ccccc1[N+](=O)[O-],10.0
7925,GZNVWPUZAABVSS-UHFFFAOYSA-N,CC[N+](CC)(CCCCCn1c(=O)cc(C)n(CCCn2c(C)cc(=O)n(C)c2=O)c1=O)Cc1ccccc1C(F)(F)F,8.69897
7926,QETYDHWZWMJMKU-UHFFFAOYSA-N,CC[N+](CC)(CCCCCn1c(=O)cc(C)n(CCCCn2c(C)cc(=O)n(C)c2=O)c1=O)Cc1ccccc1C(F)(F)F,9.0
7927,HUBRSVWWLJIQNA-UHFFFAOYSA-N,CC[N+](CC)(CCCCCn1c(=O)cc(C)n(CCCCCn2c(C)cc(=O)n(C)c2=O)c1=O)Cc1ccccc1C(F)(F)F,9.30103
7928,RDSIJVSRSNHGQF-UHFFFAOYSA-N,CC[N+](CC)(CCCCCn1c(=O)cc(C)n(CCCCCCn2c(C)cc(=O)n(C)c2=O)c1=O)Cc1ccccc1C(F)(F)F,9.69897
7930,BBNQQADTFFCFGB-UHFFFAOYSA-N,O=C1c2ccccc2C(=O)c2c(O)c(O)cc(O)c21,6.52288
7941,SQZUTUIJWZXJAX-UHFFFAOYSA-N,CC(=O)n1c2c(c3ccccc31)Oc1nc(C)[nH]c(=O)c1C2c1ccccc1,5.26841
7944,BPSDIQLSSVWJQS-UHFFFAOYSA-N,O=C1Cc2cc(OCc3ccc(F)cc3)ccc2C=C1C(=O)NCCc1c[nH]c2ccccc12,6.79588
7945,BYSNJAOABDTNBL-UHFFFAOYSA-N,O=C(Nc1cccc(-c2cc(-c3ccc(Cl)cc3)n[nH]2)c1)c1ccccc1,5.71287
7947,YCVKLCITAUMFGJ-UHFFFAOYSA-N,CCOP(=O)(OCC)C(NCc1cccs1)c1cn(-c2ccccc2)nc1-c1ccc(Cl)cc1,7.76955
7948,AJZPRGAIPAIFGA-UHFFFAOYSA-N,O=C1Nc2ccccc2C12NNC(Nc1cccc(Cl)c1)=C2[N+](=O)[O-],5.2204
8016,KXTAITOAHXONFJ-UHFFFAOYSA-N,CCOP(=O)(OCC)C(Nc1cccc(O)c1)c1ccc(OCc2nc3ccccc3c(=O)n2-c2ccc(F)cc2)c(OC)c1,5.36211
8017,XORPGTGNAJHWCZ-UHFFFAOYSA-N,CCOP(=O)(OCC)C(Nc1ccccc1C#N)c1ccc(OCc2nc3ccccc3c(=O)n2-c2ccc(F)cc2)c(OC)c1,5.53121
8018,KXDQPAPDYNGFQI-UHFFFAOYSA-N,CCOP(=O)(OCC)C(Nc1ccccc1C(F)(F)F)c1ccc(OCc2nc3ccccc3c(=O)n2-c2ccc(F)cc2)c(OC)c1,5.30742
8019,PNMOBYJSLJRIMZ-UHFFFAOYSA-N,CCOP(=O)(OCC)C(Nc1ccccc1C)c1ccc(OCc2nc3ccccc3c(=O)n2-c2ccc(F)cc2)c(OC)c1,5.2714
8020,ZWUZQGWZVAEYAO-UHFFFAOYSA-N,CCOP(=O)(OCC)C(Nc1ccccc1OC)c1ccc(OCc2nc3ccccc3c(=O)n2-c2ccc(F)cc2)c(OC)c1,5.57626
8021,IGFAIZMGHCSJKW-UHFFFAOYSA-N,CCOP(=O)(OCC)C(Nc1ccc([N+](=O)[O-])cc1)c1ccc(OCc2nc3ccccc3c(=O)n2-c2ccc(F)cc2)c(OC)c1,5.74909
8022,SYAFXJONAPKFCV-UHFFFAOYSA-N,CCOP(=O)(OCC)C(Nc1ccc(C(=O)O)cc1)c1ccc(OCc2nc3ccccc3c(=O)n2-c2ccc(F)cc2)c(OC)c1,5.93667
8023,DDQJAXGJMXUMJC-UHFFFAOYSA-N,CCOP(=O)(OCC)C(Nc1ccccc1C(C)=O)c1ccc(OCc2nc3ccccc3c(=O)n2-c2ccc(F)cc2)c(OC)c1,5.25003
8024,CYDBJLDDUKNJJI-UHFFFAOYSA-N,CCOP(=O)(OCC)C(Nc1cc(C)ccc1C)c1ccc(OCc2nc3ccccc3c(=O)n2-c2ccc(F)cc2)c(OC)c1,5.2181
8025,GOMKMYSERUHMOO-UHFFFAOYSA-N,CCOP(=O)(OCC)C(Nc1c(C)cccc1C)c1ccc(OCc2nc3ccccc3c(=O)n2-c2ccc(F)cc2)c(OC)c1,5.52057
8026,ZNTRQSRSBVJTIH-UHFFFAOYSA-N,CCOP(=O)(OCC)C(Nc1cccc(Cl)c1Cl)c1ccc(OCc2nc3ccccc3c(=O)n2-c2ccc(F)cc2)c(OC)c1,5.59278
8027,ZVCIGFZJQSFSGN-UHFFFAOYSA-N,CCOP(=O)(OCC)C(Nc1nncs1)c1ccc(OCc2nc3ccccc3c(=O)n2-c2ccc(F)cc2)c(OC)c1,5.47301
8029,WEQSWNWRNIQWLG-BQYQJAHWSA-N,Cc1cc(C)c(C(=O)/C=C/c2nc(C)c(C)nc2C)cc1C,5.61979
8030,MIPKSQSAVXXZEF-UHFFFAOYSA-N,COc1cccc(C(c2ccc(F)cc2)N2CCN(c3cnccn3)CC2)c1O,6.14874
8031,HMFJSRNCWMTEHF-UHFFFAOYSA-N,Cc1ccc(C(c2ccccc2O)N2CCN(c3cnccn3)CC2)cc1,5.96257
8047,JIQPKOHKBQJXKT-UHFFFAOYSA-N,CN(C)CCCN1C(=O)CSC1c1cccc(F)c1F,5.121335
8048,ULNFTCVMWDRSGR-UHFFFAOYSA-N,CN(C)CCCN1C(=O)CSC1c1cccc(Cl)c1Cl,5.378275
8063,TWHZNAUBXFZMCA-UHFFFAOYSA-N,COc1cc(O)c(C(=O)Nc2nc(C(=O)NCCN(C(C)C)C(C)C)cs2)cc1OC,5.635015
8122,ZRLYUFOWFPPSTD-QPJJXVBHSA-N,COc1cc(/C=C/C(=O)NCCc2ccc(O)c(O)c2)ccc1O,5.06956
8127,OYUAMDGBOAEJOY-UHFFFAOYSA-N,CN1CCN(c2ccc(C(=O)Nc3cc(-c4nc5ccccc5[nH]4)n[nH]3)cc2)CC1,5.767
8132,MIQCVLJKJIPCSE-UHFFFAOYSA-N,O=C(Cn1nc(-c2ccccc2)c(-c2ccccc2)nc1=O)Nc1ccc([N+](=O)[O-])cc1,5.97184
8133,IHWPUDTUIZEHDW-UHFFFAOYSA-N,O=C(Cn1nc(-c2ccccc2)c(-c2ccccc2)nc1=O)Nc1ccc([N+](=O)[O-])cc1Cl,6.15552
8134,WHWPNVHLZGFSQQ-UHFFFAOYSA-N,O=C(Cn1nc(-c2ccccc2)c(-c2ccccc2)nc1=O)Nc1cc(Br)cc(Br)c1,6.11238
8135,FMOPXBFESXXIBU-UHFFFAOYSA-N,N#Cc1ccccc1NC(=O)Cn1nc(-c2ccccc2)c(-c2ccccc2)nc1=O,5.73025
8136,CSKNRMPMCKDQJQ-UHFFFAOYSA-N,O=C(Cn1nc(-c2ccccc2)c(-c2ccccc2)nc1=O)Nc1ccc(Cl)cc1,5.85201
8137,ARHCNTIVEXPAPD-UHFFFAOYSA-N,O=C(Cn1nc(-c2ccccc2)c(-c2ccccc2)nc1=O)Nc1ccc(Br)cc1,6.02641
8138,RHVMTCMWMCPGJY-UHFFFAOYSA-N,O=C(Cn1nc(-c2ccccc2)c(-c2ccccc2)nc1=O)Nc1cccc(Cl)c1,5.93517
8139,SDIIOKMAQAQRQY-UHFFFAOYSA-N,O=C(Cn1nc(-c2ccccc2)c(-c2ccccc2)nc1=O)Nc1ccc(F)cc1,6.07779
8140,HDTBYABTJXGAHX-UHFFFAOYSA-N,O=C(Cn1nc(-c2ccccc2)c(-c2ccccc2)nc1=O)Nc1ccc(O)cc1,5.94006
8141,BGEZQVUFQPULDF-UHFFFAOYSA-N,O=C(Cn1nc(-c2ccccc2)c(-c2ccccc2)nc1=O)Nc1ccccc1O,6.12321
8142,BNCIMGUXYMBATA-UHFFFAOYSA-N,COc1cc(NC(=O)Cn2nc(-c3ccccc3)c(-c3ccccc3)nc2=O)cc(OC)c1OC,6.14997
8143,CWGFQVMBODQAPR-UHFFFAOYSA-N,COc1cc(NC(=O)Cn2nc(-c3ccccc3)c(-c3ccccc3)nc2=O)cc(OC)c1,6.31336
8144,QYRDAWYSLVTERM-UHFFFAOYSA-N,O=C(Cn1nc(-c2ccccc2)c(-c2ccccc2)nc1=O)Nc1cccc([N+](=O)[O-])c1,5.95117
8145,WAZZXYZCYJVTAO-UHFFFAOYSA-N,O=C(Cn1nc(-c2ccccc2)c(-c2ccccc2)nc1=O)Nc1ccccc1Cl,6.14327
8146,JZAMLGLUTJCGOD-UHFFFAOYSA-N,O=C(Cn1nc(-c2ccccc2)c(-c2ccccc2)nc1=O)Nc1ccccc1[N+](=O)[O-],6.1343
8147,LEZLPUSBDAMTMG-UHFFFAOYSA-N,N#Cc1cccc(NC(=O)Cn2nc(-c3ccccc3)c(-c3ccccc3)nc2=O)c1,5.9024
8148,IRSAAMPSUYITFF-UHFFFAOYSA-N,Cc1ccccc1NC(=O)Cn1nc(-c2ccccc2)c(-c2ccccc2)nc1=O,6.02091
8149,WNNYXKZYAUWGQX-UHFFFAOYSA-N,O=C(Cn1nc(-c2ccccc2)c(-c2ccccc2)nc1=O)Nc1ccc(F)cc1F,5.93704
8151,QDLXIIMACLSCFH-UHFFFAOYSA-N,COc1cc2ncnc(N3CCN(C(c4ccccc4)c4ccccc4)CC3)c2cc1OC,6.36051
8152,XWPIESWYFSAYJL-UHFFFAOYSA-N,COc1cc2ncnc(N3CCN(Cc4ccccc4)CC3)c2cc1OC,6.54821
8153,KYOHNWYBLFAJGG-UHFFFAOYSA-N,COc1cc2ncnc(N3CCN(c4ccc([N+](=O)[O-])cc4)CC3)c2cc1OC,6.31785
8154,PNANLHXVMDRPFB-UHFFFAOYSA-N,COc1cc2ncnc(N3CCN(c4ccccc4)CC3)c2cc1OC,5.9974
8155,RYILJMSXZIONRM-UHFFFAOYSA-N,COc1cc2ncnc(N3CCN(c4ccccn4)CC3)c2cc1OC,5.94006
8156,OCAZWKJIRZTXCJ-UHFFFAOYSA-N,COc1cc2ncnc(N3CCN(Cc4ccc(Cl)cc4)CC3)c2cc1OC,6.03574
8157,LWFZGPLTSLSJJQ-UHFFFAOYSA-N,COc1cc2ncnc(N3CCN(c4ccc(F)cc4)CC3)c2cc1OC,5.9838
8158,ZJOTWAJZHISRRW-UHFFFAOYSA-N,COc1cc2ncnc(N3CCN(Cc4ccc(F)cc4)CC3)c2cc1OC,6.03058
8159,CMFODIWZQCHZNP-UHFFFAOYSA-N,COc1cc2ncnc(N3CCN(Cc4ccc(C)cc4)CC3)c2cc1OC,5.9897
8160,ULBUABJAUQKQMH-UHFFFAOYSA-N,COc1cc2ncnc(N3CCN(C)CC3)c2cc1OC,5.89449
8161,CRDYXQNYYHTUGW-UHFFFAOYSA-N,COc1cc2ncnc(N3CCN(C(C)=O)CC3)c2cc1OC,5.92372
8162,GROGMIJFMHAXKM-UHFFFAOYSA-N,COc1cc2ncnc(N3CCN(c4ccc(C)cc4)CC3)c2cc1OC,5.93144
8163,JAHFSQXZKPTMCH-UHFFFAOYSA-N,COc1cc2ncnc(N3CCN(c4ccc(Br)cc4)CC3)c2cc1OC,6.01189
8164,MDUJWLKSDCTDOJ-UHFFFAOYSA-N,COc1cc2ncnc(N3CCN(c4ccccc4[N+](=O)[O-])CC3)c2cc1OC,6.03905
8168,JOCZIAQMXYHQML-UHFFFAOYSA-N,O=C(CCN1CCCCC1)Nc1ccc2nc(-c3cc4ccccc4[nH]3)[nH]c(=O)c2c1,7.6784
8173,XATVSLHMOONKQS-UHFFFAOYSA-N,c1ccc(CN2CCN(c3nc(-c4ccccc4)nc4ccccc34)CC2)cc1,6.71897
8176,GTDLGKVYCHLYGX-AIYWAUIHSA-N,COc1cc2c(cc1OC)C(c1ccccc1)N(CCc1cn(CCCCC3=C[C@H]4Cc5nc6cc(Cl)ccc6c(N)c5[C@H](C3)C4)nn1)CC2,9.36653
8177,CYQUVORXHWTTLL-UHFFFAOYSA-N,CCCCCCCCCCCC1=C(O)C(=O)C=C(NCCC2CCN(Cc3ccccc3)CC2)C1=O,6.82391
8178,DPLIAXFJOVTEMF-UHFFFAOYSA-N,FC(F)(F)c1ccc(-c2nnc(NC3CCN(Cc4ccccc4)CC3)o2)cc1,7.25964
8179,MHFAWVHGIRXFHE-UHFFFAOYSA-N,COc1cc2cc(C(=O)NCCC3CCN(Cc4ccccc4)CC3)[nH]c2cc1OC,6.49485
8181,BCHSBAPBQXDRKS-UHFFFAOYSA-N,COc1ccc2[nH]c(C(=O)Nc3ccc4nc5n(c(=O)c4c3)CCC5)cc2c1,6.92082
8183,LHHRNILYPUULMY-UHFFFAOYSA-N,O=C(CCCCN1CCN(Cc2ccccc2)CC1)Nc1ccc2nc3n(c(=O)c2c1)CCC3,8.4828
8186,WFWHZRVICIFCJX-SFHVURJKSA-N,C[C@@H](c1cccc(OC(=O)NCCNc2c3c(nc4ccccc24)CCCC3)c1)N(C)C,6.59779
8187,CFSVOXAPXLGZJI-IBGZPJMESA-N,C[C@@H](c1cccc(OC(=O)NCCCNc2c3c(nc4ccccc24)CCCC3)c1)N(C)C,6.41417
8188,GZEIOWXWYOGVNU-FQEVSTJZSA-N,C[C@@H](c1cccc(OC(=O)NCCCCNc2c3c(nc4ccccc24)CCCC3)c1)N(C)C,6.53429
8189,RDYGVAJWPDKTBP-NRFANRHFSA-N,C[C@@H](c1cccc(OC(=O)NCCCCCNc2c3c(nc4ccccc24)CCCC3)c1)N(C)C,6.93126
8190,MIRMVUVCTGYBSK-QFIPXVFZSA-N,C[C@@H](c1cccc(OC(=O)NCCCCCCNc2c3c(nc4ccccc24)CCCC3)c1)N(C)C,6.92606
8191,KVRDCAGUOYDFAW-FQEVSTJZSA-N,C[C@@H](c1cccc(OC(=O)NCCCCCNc2c3c(nc4cc(F)ccc24)CCCC3)c1)N(C)C,7.42216
8192,SIZPSOGNDAPIKG-NRFANRHFSA-N,C[C@@H](c1cccc(OC(=O)NCCCCCCNc2c3c(nc4cc(F)ccc24)CCCC3)c1)N(C)C,7.3751
8193,IJTJZAWRGQSCSI-FQEVSTJZSA-N,C[C@@H](c1cccc(OC(=O)NCCCCCNc2c3c(nc4cc(Cl)ccc24)CCCC3)c1)N(C)C,8.08197
8194,YXONDHWNKWLFQQ-NRFANRHFSA-N,C[C@@H](c1cccc(OC(=O)NCCCCCCNc2c3c(nc4cc(Cl)ccc24)CCCC3)c1)N(C)C,7.59176
8195,FLOHVAHQZJYGNF-FQEVSTJZSA-N,C[C@@H](c1cccc(OC(=O)NCCCCCNc2c3c(nc4cc(Br)ccc24)CCCC3)c1)N(C)C,7.32175
8196,KYIKXFFEWNORHF-NRFANRHFSA-N,C[C@@H](c1cccc(OC(=O)NCCCCCCNc2c3c(nc4cc(Br)ccc24)CCCC3)c1)N(C)C,7.25189
8197,CZSLYGYSXHUYPJ-UHFFFAOYSA-N,O=C(NCCNc1c2c(nc3ccccc13)CCCC2)Oc1ccc2cc[nH]c2c1,5.90183
8198,XTHNESHEQKSPCM-UHFFFAOYSA-N,O=C(NCCCNc1c2c(nc3ccccc13)CCCC2)Oc1ccc2cc[nH]c2c1,6.2583
8199,XMABALKLBVDHMN-UHFFFAOYSA-N,O=C(NCCCCNc1c2c(nc3ccccc13)CCCC2)Oc1ccc2cc[nH]c2c1,6.29229
8200,VONJCWNKPFFSJN-UHFFFAOYSA-N,O=C(NCCCCCNc1c2c(nc3ccccc13)CCCC2)Oc1ccc2cc[nH]c2c1,6.37563
8201,RKXBOYRQFZRSIN-UHFFFAOYSA-N,O=C(NCCCCCCNc1c2c(nc3ccccc13)CCCC2)Oc1ccc2cc[nH]c2c1,6.41824
8202,NQWIHILFCJBZCJ-UHFFFAOYSA-N,O=C(NCCCCCNc1c2c(nc3cc(F)ccc13)CCCC2)Oc1ccc2cc[nH]c2c1,6.56368
8203,WJHVUDTYEXHEQF-UHFFFAOYSA-N,O=C(NCCCCCCNc1c2c(nc3cc(F)ccc13)CCCC2)Oc1ccc2cc[nH]c2c1,6.52697
8204,AZBVXAVQXYAGRD-UHFFFAOYSA-N,O=C(NCCCCCNc1c2c(nc3cc(Cl)ccc13)CCCC2)Oc1ccc2cc[nH]c2c1,6.60602
8205,ZKVZHPZFKSIJFO-UHFFFAOYSA-N,O=C(NCCCCCCNc1c2c(nc3cc(Cl)ccc13)CCCC2)Oc1ccc2cc[nH]c2c1,6.8161
8206,JLRUHUZUZIBWEW-UHFFFAOYSA-N,O=C(NCCCCCNc1c2c(nc3cc(Br)ccc13)CCCC2)Oc1ccc2cc[nH]c2c1,6.49828
8207,MQSRHPORQLJLNY-UHFFFAOYSA-N,O=C(NCCCCCCNc1c2c(nc3cc(Br)ccc13)CCCC2)Oc1ccc2cc[nH]c2c1,6.9465
8209,SSRMKEPFFMWMTN-UHFFFAOYSA-N,O=C(NCCCNc1c2c(nc3ccccc13)CCCC2)Oc1ccc(-c2cc3cccnc3[nH]2)cc1,6.6332
8210,PHQOLWOIWRSJNI-UHFFFAOYSA-N,O=C(NCCCCNc1c2c(nc3ccccc13)CCCC2)Oc1ccc(-c2cc3cccnc3[nH]2)cc1,6.68867
8211,ZSQVLBAJPVNTPW-UHFFFAOYSA-N,O=C(NCCCCCNc1c2c(nc3ccccc13)CCCC2)Oc1ccc(-c2cc3cccnc3[nH]2)cc1,6.81645
8212,VCUSFEPDEQONLX-UHFFFAOYSA-N,O=C(NCCCCCCNc1c2c(nc3ccccc13)CCCC2)Oc1ccc(-c2cc3cccnc3[nH]2)cc1,7.67081
8213,BFJXBGNYWMKBNZ-UHFFFAOYSA-N,O=C(NCCCCCNc1c2c(nc3cc(F)ccc13)CCCC2)Oc1ccc(-c2cc3cccnc3[nH]2)cc1,6.81901
8214,ZMLLZOVFQZLICZ-UHFFFAOYSA-N,O=C(NCCCCCCNc1c2c(nc3cc(F)ccc13)CCCC2)Oc1ccc(-c2cc3cccnc3[nH]2)cc1,7.51784
8215,CWTOXEDVTGWMOK-UHFFFAOYSA-N,O=C(NCCCCCNc1c2c(nc3cc(Cl)ccc13)CCCC2)Oc1ccc(-c2cc3cccnc3[nH]2)cc1,7.6362
8216,GMGARMBFVHCLEI-UHFFFAOYSA-N,O=C(NCCCCCCNc1c2c(nc3cc(Cl)ccc13)CCCC2)Oc1ccc(-c2cc3cccnc3[nH]2)cc1,7.18903
8217,BOWZGANCSYOXEZ-UHFFFAOYSA-N,O=C(NCCCCCNc1c2c(nc3cc(Br)ccc13)CCCC2)Oc1ccc(-c2cc3cccnc3[nH]2)cc1,7.22812
8218,ZRWQMVDTZBQFOR-UHFFFAOYSA-N,O=C(NCCCCCCNc1c2c(nc3cc(Br)ccc13)CCCC2)Oc1ccc(-c2cc3cccnc3[nH]2)cc1,7.2594
8220,ZNZDRMDAMHRDHM-UHFFFAOYSA-N,CCCNC(C)C(=O)Nc1c(C)csc1-c1nc(C)no1,6.6968
8221,KRAAURHOVFFNAO-UHFFFAOYSA-N,CCCNC(C)C(=O)Nc1c(C)csc1-c1nc(Cc2ccccc2)no1,7.31876
8222,QUVWIPWKEWECPJ-UHFFFAOYSA-N,CCCNC(C)C(=O)Nc1c(C)csc1-c1nc(-c2ccccc2)no1,6.9914
8223,RUEBINIIYPEXAU-UHFFFAOYSA-N,CCCNC(C)C(=O)Nc1c(C)csc1-c1nc(-c2ccccc2N)no1,6.91721
8224,SLXBJYRWWOPAOU-UHFFFAOYSA-N,Cc1noc(-c2ccc(N)cc2)n1,6.98297
8225,NGRKMHPVLBNQLV-UHFFFAOYSA-N,Nc1ccc(-c2nc(-c3ccccc3N)no2)cc1,6.6968
8226,CXVRQICJWIZHEA-UHFFFAOYSA-N,CCCCOc1cc(-c2nc(C)no2)ccc1N,7.79588
8227,OLKNKTJZXYZQKD-UHFFFAOYSA-N,CCCCOc1cc(-c2nc(-c3ccccc3)no2)ccc1N,6.71897
8228,XJAGXVKDODROGA-UHFFFAOYSA-N,Cc1cc(NS(=O)(=O)c2ccc(NC(=O)COc3ccccc3-c3nc(-c4ccccc4)no3)cc2)no1,7.02687
8229,HDYXLZCWSJKLCM-UHFFFAOYSA-N,Cc1cc(NS(=O)(=O)c2ccc(-n3cc(COc4ccccc4-c4nc(Cc5ccccc5)no4)nn3)cc2)no1,6.98716
8230,SWSOSHGQGWFKKE-UHFFFAOYSA-N,Cc1cc(NS(=O)(=O)c2ccc(-n3cc(COc4ccccc4-c4nc(-c5ccccc5)no4)nn3)cc2)no1,6.98297
8231,USPOVWSTNSBZKM-UHFFFAOYSA-N,CC(CCCCn1c(=O)c2c(ncn2C)n(C)c1=O)=NNC(=O)COc1ccccc1-c1nc(-c2ccccc2)no1,7.02687
8236,GPMOPYGHCGDGRI-UHFFFAOYSA-N,Nc1c2c(nc3ccc(Oc4ccccc4)cc13)CCC2,5.19246
8238,DFOGOJMEWLSLGH-UHFFFAOYSA-N,COc1ccccc1Oc1ccc2nc3c(c(N)c2c1)CCC3,5.06956
8239,SNWRZVRWWSARFE-UHFFFAOYSA-N,Cc1cccc(Oc2ccc3nc4c(c(N)c3c2)CCC4)c1,5.27737
8240,FDUSCPMCGIYKRM-UHFFFAOYSA-N,COc1cccc(Oc2ccc3nc4c(c(N)c3c2)CCC4)c1,5.27984
8241,IWMIJGXVNDZSFS-UHFFFAOYSA-N,Cc1ccc(Oc2ccc3nc4c(c(N)c3c2)CCC4)cc1,5.07779
8242,YOKSATMFQZTEKE-UHFFFAOYSA-N,COc1ccc(Oc2ccc3nc4c(c(N)c3c2)CCC4)cc1,5.37263
8243,FMUOJPHXSJPPGN-UHFFFAOYSA-N,Nc1c2c(nc3ccc(Oc4ccc(Cl)cc4)cc13)CCC2,5.29499
8244,MQVIMPRUYUVIKT-UHFFFAOYSA-N,CC(C)(C)c1ccc(Oc2ccc3nc4c(c(N)c3c2)CCC4)cc1,5.55596
8245,DJRAPDKSMZGRPC-UHFFFAOYSA-N,CC(=O)c1ccc(Oc2ccc3nc4c(c(N)c3c2)CCC4)cc1,5.23958
8246,YLRMELVICSRIIN-UHFFFAOYSA-N,Cc1cc(C)cc(Oc2ccc3nc4c(c(N)c3c2)CCC4)c1,5.42946
8247,IHCFDBCVAKEZJW-UHFFFAOYSA-N,Cc1ccccc1Oc1ccc2nc3c(c(N)c2c1)CCCC3,5.42251
8248,UQBHJFYPFFUQPN-UHFFFAOYSA-N,COc1ccccc1Oc1ccc2nc3c(c(N)c2c1)CCCC3,6.07572
8249,JXTRRQKHDCJFJJ-UHFFFAOYSA-N,Cc1cccc(Oc2ccc3nc4c(c(N)c3c2)CCCC4)c1,5.03668
8250,SFWXSRWROPHFKH-UHFFFAOYSA-N,COc1cccc(Oc2ccc3nc4c(c(N)c3c2)CCCC4)c1,5.5784
8251,GESFFNUGCXWEIS-UHFFFAOYSA-N,Cc1ccc(Oc2ccc3nc4c(c(N)c3c2)CCCC4)cc1,5.4828
8252,SPPAEZPXNAOCEK-UHFFFAOYSA-N,COc1ccc(Oc2ccc3nc4c(c(N)c3c2)CCCC4)cc1,5.5376
8253,APFRPSBWVSEADR-UHFFFAOYSA-N,Nc1c2c(nc3ccc(Oc4ccc(Cl)cc4)cc13)CCCC2,5.53462
8254,CCUUHUZSXQOLOC-UHFFFAOYSA-N,CC(C)(C)c1ccc(Oc2ccc3nc4c(c(N)c3c2)CCCC4)cc1,5.70774
8255,KXJVCQHDBSINAN-UHFFFAOYSA-N,Cc1cc(C)cc(Oc2ccc3nc4c(c(N)c3c2)CCCC4)c1,5.79048
8256,FUXKZFGUONUHMA-UHFFFAOYSA-N,Nc1c2c(nc3ccc(Oc4ccccc4)cc13)CCCCC2,5.27084
8257,HAZVGCUXMXVABK-UHFFFAOYSA-N,Cc1ccccc1Oc1ccc2nc3c(c(N)c2c1)CCCCC3,5.23657
8258,JGAACZBSWXLIBW-UHFFFAOYSA-N,COc1ccccc1Oc1ccc2nc3c(c(N)c2c1)CCCCC3,5.01682
8260,AVYQOQQYONUJLQ-UHFFFAOYSA-N,COc1cccc(Oc2ccc3nc4c(c(N)c3c2)CCCCC4)c1,5.37161
8261,HDIHUTTYMNBETF-UHFFFAOYSA-N,Cc1ccc(Oc2ccc3nc4c(c(N)c3c2)CCCCC4)cc1,5.42136
8262,NCUBADVJTOTUNT-UHFFFAOYSA-N,COc1ccc(Oc2ccc3nc4c(c(N)c3c2)CCCCC4)cc1,5.44009
8263,WXQFKROJXHJHKK-UHFFFAOYSA-N,Nc1c2c(nc3ccc(Oc4ccc(Cl)cc4)cc13)CCCCC2,5.37469
8265,JRYDGQFMBZOCSG-UHFFFAOYSA-N,Cc1cc(C)cc(Oc2ccc3nc4c(c(N)c3c2)CCCCC4)c1,6.00436
8266,RFKHKOZYFWZDAJ-UHFFFAOYSA-N,Nc1c2c(nc3ccc(Oc4ccccc4)cc13)CCCC2,5.487135
8268,XKUVQEPPKYUPPA-FJANEPOYSA-N,CCOc1cc2c(cc1OCC)-c1c(-c3ccc(Cl)cc3)c(/C=N/c3ccc(/N=C/c4c(-c5ccc(Cl)cc5)c5n(c4-c4ccccc4)CCc4cc(OC)c(OC)cc4-5)cc3)c(-c3ccccc3)n1CC2,5.32883
8270,URCBDSWAOOULBM-UHFFFAOYSA-N,CN(Cc1ccc(COc2ccc3c(CO)cc(=O)oc3c2)cc1)Cc1cccs1,6.30016
8271,CKSXBOBZGXBJBK-UHFFFAOYSA-N,CN(Cc1ccc(COc2ccc3c(CO)cc(=O)oc3c2)cc1)Cc1ccco1,6.07988
8272,LYPPXRDGIFOZKW-UHFFFAOYSA-N,CN(Cc1ccc(COc2ccc3c(CO)cc(=O)oc3c2)cc1)Cc1ccsc1,6.58336
8273,MPSZWZSOPBDXOR-UHFFFAOYSA-N,CN(Cc1ccc(COc2ccc3c(CO)cc(=O)oc3c2)cc1)Cc1ncc[nH]1,5.87943
8274,OEWYFSMFZVYMCC-UHFFFAOYSA-N,CN(Cc1ccc(COc2ccc3c(CO)cc(=O)oc3c2)cc1)Cc1nccs1,5.1831
8275,ADEQUHXOUYZXBF-UHFFFAOYSA-N,CN(Cc1ccc(COc2ccc3c(CO)cc(=O)oc3c2)cc1)Cc1cscn1,5.74958
8276,JQXGILULPQSOFX-UHFFFAOYSA-N,CN(Cc1ccc(COc2ccc3c(CO)cc(=O)oc3c2)cc1)Cc1cccnc1,6.00656
8277,FDGRCZWNUUYVET-UHFFFAOYSA-N,CN(Cc1ccncc1)Cc1ccc(COc2ccc3c(CO)cc(=O)oc3c2)cc1,5.72584
8278,STSJHUCWXFKBFA-UHFFFAOYSA-N,CN(Cc1ccc(COc2ccc3c(CO)cc(=O)oc3c2)cc1)Cc1cncnc1,5.39147
8279,TVPDNFHCRMZOCS-UHFFFAOYSA-N,CN(CCc1cccs1)Cc1ccc(COc2ccc3c(CO)cc(=O)oc3c2)cc1,5.17914
8280,LTYPAYZWLRWYFM-UHFFFAOYSA-N,CN(CCc1ccsc1)Cc1ccc(COc2ccc3c(CO)cc(=O)oc3c2)cc1,5.49894
8290,NZSFDBPTJUKRKX-UHFFFAOYSA-N,CNC(=O)COc1cc(C(C)C)ccc1C,5.71444
8291,PHFGOIZLVOOKJI-UHFFFAOYSA-N,CCCNC(=O)COc1cc(C(C)C)ccc1C,5.71444
8292,YMUVDOUBCZRNBL-UHFFFAOYSA-N,CCN(CC)C(=O)COc1cc(C(C)C)ccc1C,5.71444
8293,QZQIWWJXMJNKBO-UHFFFAOYSA-N,Cc1ccc(C(C)C)cc1OCC(=O)N(C(C)C)C(C)C,5.71444
8294,LYLWGHHENUEULW-UHFFFAOYSA-N,Cc1ccc(C(C)C)cc1OCC(=O)NC1CCCCC1,5.71444
8295,UYTYKFDEXNFOSZ-UHFFFAOYSA-N,Cc1ccc(C(C)C)cc1OCC(=O)N1CCCCC1,5.71444
8296,QOTSTOXUEPONQT-UHFFFAOYSA-N,Cc1ccc(C(C)C)cc1OCC(=O)N1Cc2ccccc2C1,5.71444
8297,CLQKBNIMJUBBCW-UHFFFAOYSA-N,Cc1ccc(C(C)C)cc1OCC(=O)NCCN1CCCC1,5.71444
8298,ZCVVFAKYNZZIBG-UHFFFAOYSA-N,Cc1ccc(C(C)C)cc1OCC(=O)NCCN1CCOCC1,5.71444
8299,VPEPWBOFQOUJPZ-UHFFFAOYSA-N,Cc1ccc(C(C)C)cc1OCC(=O)NCCC1=CCCCC1,5.71444
8300,VGQSKNFGHKKWCE-UHFFFAOYSA-N,COc1ccc(CCNC(=O)COc2cc(C(C)C)ccc2C)cc1OC,5.71444
8301,PXXIVSWTJVQUHX-UHFFFAOYSA-N,Cc1ccc(C(C)C)cc1OCC(=O)NCc1ccc2c(c1)OCO2,5.71444
8302,JFPVGCZTHNVXTJ-UHFFFAOYSA-N,Cc1ccc(C(C)C)cc1OCC(=O)NCCN1CCN(C)CC1,5.71444
8303,XOVKZHWKOUZMPI-UHFFFAOYSA-N,Cc1ccc(C(C)C)cc1OCC(=O)NCCNc1cccc2cccnc12,5.71444
8304,HIXURYPODZMHGG-UHFFFAOYSA-N,C=CCNCC(O)COc1cc(C(C)C)ccc1C,6.86646
8305,GDIOPSMWYUORMT-UHFFFAOYSA-N,CCN(CC)CC(O)COc1cc(C(C)C)ccc1C,6.86646
8306,KWNSERNFKZUVCP-UHFFFAOYSA-N,Cc1ccc(C(C)C)cc1OCC(O)CNC(C)(C)C,6.86646
8307,CHIDOXYAIAWZHP-UHFFFAOYSA-N,Cc1ccc(C(C)C)cc1OCC(O)CNCc1cccnc1,6.86646
8308,PODOMHGXKXAZSA-UHFFFAOYSA-N,Cc1ccc(C(C)C)cc1OCC(O)CNCCC1=CCCCC1,6.86646
8309,IAIZDKPXUHYSNL-UHFFFAOYSA-N,O=C(NCCCCCCNc1c2c(nc3ccccc13)CCCC2)c1ccccc1O,7.69897
8311,QTVMLHKUVQWJDT-UHFFFAOYSA-N,O=C(NCCCCCCCCNc1c2c(nc3ccccc13)CCCC2)c1ccccc1O,6.64975
8313,MRSNVBSBCDEKRH-UHFFFAOYSA-N,COc1cc(CNCCCNc2c3c(nc4ccccc24)CCCCC3)ccc1O,5.52143
8314,GAYUHXBNPCBEJJ-YYDZXFQBSA-N,C/C(NCCCCNc1c2c(nc3ccccc13)CCCC2)=C(/N=N/c1ccc(C)cc1)C(=O)c1ccccc1,6.05061
8315,GSBGMPKFLCWHGP-UHFFFAOYSA-N,O=C(CNCCCCNCC(=O)Nc1c2c(nc3c1CCC3)CCCC2)Nc1c2c(nc3c1CCC3)CCCC2,5.83565
8317,LNSQBUNVLVSCFP-UHFFFAOYSA-N,S=C(NCCCCNC(=S)Nc1c2c(nc3c1CCC3)CCCC2)Nc1c2c(nc3c1CCC3)CCCC2,5.12321
8318,ZQEJEBOCGKSUKW-UHFFFAOYSA-N,CC(C)(C)c1cc(CNCCNc2c3c(nc4ccccc24)CCCCC3)cc(C(C)(C)C)c1O,5.72125
8326,JLGKQTAYUIMGRK-UHFFFAOYSA-N,Clc1ccc(C(Cn2ccnc2)OCc2csc3c(Cl)cccc23)c(Cl)c1,7.0
8329,JORCOHASOWOJOX-UHFFFAOYSA-N,Cc1cc2c(cc1C)[n+](Cc1ccccc1C)cn2C(c1ccccc1)c1ccccc1,5.37779
8330,SHXQVJVENHOUOF-UNOMPAQXSA-N,[O-]/[N+](=C\c1ccc2cccc(O)c2n1)Cc1ccccc1,7.5376
8332,WLDRMSCXKLUZKZ-UHFFFAOYSA-N,CCOC(=O)C1=C(Nc2ccccc2)CC(c2ccc(F)cc2)N(c2ccccc2)C1c1ccc(F)cc1,5.86582
8333,MQEOYVPELRBCBZ-UHFFFAOYSA-N,CCOC(=O)C1=C(Nc2ccc(F)cc2)CC(c2ccc(F)cc2)N(c2ccc(F)cc2)C1c1ccc(F)cc1,6.11126
8334,ADOPCGOHJLZEFF-UHFFFAOYSA-N,CCOC(=O)C1=C(Nc2ccc(F)cc2)CC(c2cccc(F)c2)N(c2ccc(F)cc2)C1c1cccc(F)c1,5.95117
8335,AQHFDDAHTUXSMR-UHFFFAOYSA-N,CCOC(=O)C1=C(Nc2ccc(F)cc2)CC(c2ccc(C(F)(F)F)cc2)N(c2ccc(F)cc2)C1c1ccc(C(F)(F)F)cc1,6.03058
8337,XMBNNLGYDINVQN-UHFFFAOYSA-N,CCOC(=O)C1=C(Nc2cccc(F)c2)CC(c2ccc(C(F)(F)F)cc2)N(c2cccc(F)c2)C1c1ccc(C(F)(F)F)cc1,5.92372
8338,VNIABXFLSKCNND-UHFFFAOYSA-N,CCOC(=O)C1=C(Nc2ccc(F)cc2)CC(c2ccc(Cl)cc2)N(c2ccc(F)cc2)C1c1ccc(Cl)cc1,6.0381
8339,RFAMAAZWKDKPHQ-UHFFFAOYSA-N,CCOC(=O)C1=C(Nc2cccc(F)c2)CC(c2ccc(Cl)cc2)N(c2cccc(F)c2)C1c1ccc(Cl)cc1,5.89551
8340,PTSDNLRQLSLZJD-UHFFFAOYSA-N,CCOC(=O)C1=C(Nc2cccc(F)c2)CC(c2ccc(F)cc2)N(c2cccc(F)c2)C1c1ccc(F)cc1,5.84832
8341,XCABMPDQXZIWHX-UHFFFAOYSA-N,C#CCOc1ccc(-c2cc(-c3ccc(OCC#C)cc3)nc(N)n2)cc1,5.86967
8343,CSJBXADTPZCWQJ-UHFFFAOYSA-N,N#Cc1cccnc1N1CCN(c2cc(Oc3cccc4cccnc34)ncn2)CC1,7.4437
8353,KVANOXIAOYTXBY-ANHUGMMASA-N,O=C1[C@H]2Cc3c([nH]c4ccccc34)[C@@H](c3ccc4c(c3)OCO4)N2C(=O)CN1CCC1CCN(Cc2ccccc2)CC1,7.173394999999999
8358,PQLMRWLEKAGSLO-UHFFFAOYSA-N,O=[N+]([O-])c1cccc(-c2cnc3cccnc3n2)c1,6.33161
8359,WZYIETQKHAJJIK-UHFFFAOYSA-N,Cc1cccc(-c2cnc3cccnc3n2)c1,6.05061
8360,FEVTUWWOBOHNRE-UHFFFAOYSA-N,Fc1cccc(-c2cnc3cccnc3n2)c1,6.09691
8361,QGOXZNBUSSHYBZ-UHFFFAOYSA-N,Brc1ccc(Cn2cc(CNC3CCCCCC3)nn2)cc1,6.20691
8362,GHHFSGQWXBMGLW-UHFFFAOYSA-N,Clc1ccc(Cn2cc(CNC3CCCCCC3)nn2)cc1,6.03292
8363,SUGGZYOMXAQALQ-UHFFFAOYSA-N,Brc1ccc(Cn2cc(CNC34CC5CC(CC(C5)C3)C4)nn2)cc1,7.03621
8364,SQARWLAUMRYONO-UHFFFAOYSA-N,Clc1ccc(Cn2cc(CNC34CC5CC(CC(C5)C3)C4)nn2)cc1,6.87615
8365,DANIUTWEXULISV-JJJKAYHGSA-N,COc1ccc2nc3c(c(NCCCCCNC(=S)N[C@]45CC6C[C@@H](C[C@@H](C6)C4)C5)c2c1)CCCC3,6.3279
8370,LJJFRDYJWSRAOQ-UHFFFAOYSA-N,Cc1ccc(-c2cn(Cc3ccc4ccccc4c3)nn2)cc1C(=O)NCCN1CCOCC1,5.14086
8371,JNLXCPCVQJMBHE-UHFFFAOYSA-N,COc1ccc2c(c1)c(=O)c1ccccc1n2Cc1cn(Cc2ccc(Cl)cc2)nn1,5.13608
8394,HMNNGFZGSKJZAA-UHFFFAOYSA-N,O=c1[nH]c(COCCC2CCN(Cc3ccccc3)CC2)nc2c1cnn2C1CCCC1,6.6517
8395,SQNFGAWWNIPHLE-WBIOMSNFSA-N,COc1ccc2c3c1O[C@H]1C[C@@H](O)C=C[C@@]31CCN(CCCCNC13CC4CC(C)(CC(C)(C4)C1)C3)C2,5.94692
8396,MQXBZGXYQPDNAD-UDEYFRBPSA-N,COc1ccc2c3c1O[C@H]1C[C@@H](O)C=C[C@@]31CCN(C/C=C/CNC13CC4CC(C)(CC(C)(C4)C1)C3)C2,6.9393
8397,SZTDSULVNSEKLP-WBIOMSNFSA-N,COc1ccc2c3c1O[C@H]1C[C@@H](O)C=C[C@@]31CCN(CC#CCNC13CC4CC(C)(CC(C)(C4)C1)C3)C2,6.11805
8398,NGNHXYCLUMQSKR-UHFFFAOYSA-N,Nc1n[nH]c2nc(-c3ccccc3)cc(-c3ccccc3)c12,5.27819
8399,CSDHKBSYINDKKG-UHFFFAOYSA-N,Nc1n[nH]c2nc(-c3ccccc3)cc(-c3ccc(Br)cc3)c12,5.64975
8401,PKZSCEAPZMUGIA-UHFFFAOYSA-N,COc1ccc(-c2cc(-c3ccccc3)nc3[nH]nc(N)c23)cc1OC,5.01637
8402,ZVKGFLLNDNOWDQ-UHFFFAOYSA-N,COc1cc(-c2cc(-c3ccccc3)nc3[nH]nc(N)c23)cc(OC)c1OC,5.72354
8403,XIWRLCHTIRNUMX-UHFFFAOYSA-N,COc1ccc(-c2cc(-c3ccc(Br)cc3)c3c(N)n[nH]c3n2)cc1,5.42946
8404,GFPJBQCGOUPXQD-UHFFFAOYSA-N,COc1ccc(-c2cc(-c3ccc(OC)cc3)c3c(N)n[nH]c3n2)cc1,6.58503
8405,JBQXHKRLWWMCTB-UHFFFAOYSA-N,COc1ccc(-c2cc(-c3ccc(OC)c(OC)c3)c3c(N)n[nH]c3n2)cc1,6.09151
8406,ALZYXIILSHUDQY-UHFFFAOYSA-N,COc1ccc(-c2cc(-c3cc(OC)c(OC)c(OC)c3)c3c(N)n[nH]c3n2)cc1,5.22113
8407,APPRVPLQWUIXSC-UHFFFAOYSA-N,Nc1n[nH]c2nc(-c3ccc(Br)cc3)cc(-c3ccc(Br)cc3)c12,6.76955
8408,ZNRWPCFBMZHWCW-UHFFFAOYSA-N,COc1ccc(-c2cc(-c3ccc(Br)cc3)nc3[nH]nc(N)c23)cc1,6.45593
8409,CFUZORHXMOWNMN-UHFFFAOYSA-N,COc1ccc(-c2cc(-c3ccc(Br)cc3)nc3[nH]nc(N)c23)cc1OC,6.79588
8410,XHQRTHFSQUICQR-UHFFFAOYSA-N,COc1cc(-c2cc(-c3ccc(Br)cc3)nc3[nH]nc(N)c23)cc(OC)c1OC,6.20066
8434,OTIIXGVFBWDUDH-UHFFFAOYSA-N,CCCCN1CCC(CCC(=O)c2ccc(N)cc2OC)CC1,6.1261
8435,UOOCXIPKYHHRRD-UHFFFAOYSA-N,CCCCN1CCC(CCC(=O)c2cc(Br)ccc2OC)CC1,6.35164
8436,AEHUGLUJLXQXMZ-UHFFFAOYSA-N,CCCCN1CCC(CCC(=O)c2cc(I)c(N)cc2OC)CC1,6.18177
8437,UHGWCPXBDDWAKP-UHFFFAOYSA-N,COc1cc(N)ccc1C(=O)CCC1CCN(CC2CCCCC2)CC1,7.58503
8438,PXUUPGSNIMQISW-UHFFFAOYSA-N,COc1cc(N)c(F)cc1C(=O)CCC1CCN(CC2CCCCC2)CC1,7.578695
8443,PCGROECTIBEWPF-UHFFFAOYSA-N,COc1cc(N)c(Cl)cc1C(=O)C(C)CC1CCN(CC2CCCCC2)CC1,6.6968
8447,QPDCBQORMYFXGT-UHFFFAOYSA-N,COc1cc(N)c(Br)cc1C(=O)CCC1CCN(CC2CCCCC2)CC1,7.00436
8448,HISLDJKGFNEVLO-UHFFFAOYSA-N,COc1cc(N)c(I)cc1C(=O)CCC1CCN(CC2CCCCC2)CC1,6.51713
8450,YSNREIFGEZOQOI-UHFFFAOYSA-N,COc1c(C(N)=O)cc(Cl)c(N)c1CC1CCN(CC2CCCCC2)CC1,5.42829
8451,MOOXZLVIEUWOJV-UHFFFAOYSA-N,COc1cc(N)c(Br)cc1C(=O)NCC1CCN(CC2CCCCC2)CC1,5.06048
8452,OINBXQVAEUFUNQ-UHFFFAOYSA-N,COc1cc(N)c(I)cc1C(=O)NCC1CCN(CC2CCCCC2)CC1,5.29328
8454,XEHQZRKZBJQOMJ-UHFFFAOYSA-N,Nc1cc(O)c(C(=O)CCC2CCN(CC3CCCCC3)CC2)cc1Cl,6.38616
8455,BFZKHVUFJAQCQW-UHFFFAOYSA-N,CCOc1cc(N)c(Cl)cc1C(=O)CCC1CCN(CC2CCCCC2)CC1,6.4034
8456,RYDDBILRWHKYGG-UHFFFAOYSA-N,Nc1cc(OCCF)c(C(=O)CCC2CCN(CC3CCCCC3)CC2)cc1Cl,6.20412
8457,ZAKCOJKXWMIQSX-UHFFFAOYSA-N,CON=C(CCC1CCN(CC2CCCCC2)CC1)c1cc(Cl)c(N)cc1OC,6.49485
8461,NBJRQXGWAYOEEM-UHFFFAOYSA-N,CC(c1cccc(OC(=O)NCCc2c[nH]c3ccccc23)c1)N(C)C,7.61137
8462,BTMINCBPYFAEBH-UHFFFAOYSA-N,Cc1ccc2[nH]cc(CCNC(=O)Oc3cccc(C(C)N(C)C)c3)c2c1,7.13501
8463,KRVVTJMBYXHIDX-UHFFFAOYSA-N,COc1ccc2[nH]cc(CCNC(=O)Oc3cccc(C(C)N(C)C)c3)c2c1,7.31587
8464,ICCOMUGUNPJEBE-UHFFFAOYSA-N,CC(c1cccc(OC(=O)NCCc2c[nH]c3ccc(O)cc23)c1)N(C)C,8.63639
8465,QUQGCQDEZFMVJK-UHFFFAOYSA-N,CC(c1cccc(OC(=O)NCCc2c[nH]c3ccc(Cl)cc23)c1)N(C)C,7.86044
8466,NBJRQXGWAYOEEM-HNNXBMFYSA-N,C[C@@H](c1cccc(OC(=O)NCCc2c[nH]c3ccccc23)c1)N(C)C,7.65443
8467,BTMINCBPYFAEBH-INIZCTEOSA-N,Cc1ccc2[nH]cc(CCNC(=O)Oc3cccc([C@H](C)N(C)C)c3)c2c1,7.26177
8468,KRVVTJMBYXHIDX-HNNXBMFYSA-N,COc1ccc2[nH]cc(CCNC(=O)Oc3cccc([C@H](C)N(C)C)c3)c2c1,7.66878
8469,ICCOMUGUNPJEBE-AWEZNQCLSA-N,C[C@@H](c1cccc(OC(=O)NCCc2c[nH]c3ccc(O)cc23)c1)N(C)C,9.00436
8470,QUQGCQDEZFMVJK-AWEZNQCLSA-N,C[C@@H](c1cccc(OC(=O)NCCc2c[nH]c3ccc(Cl)cc23)c1)N(C)C,8.09854
8471,QUQGCQDEZFMVJK-CQSZACIVSA-N,C[C@H](c1cccc(OC(=O)NCCc2c[nH]c3ccc(Cl)cc23)c1)N(C)C,8.07676
8493,QFBJJKVEXAPDJU-IWANFJPMSA-N,C=CCc1ccc(O)c(-c2cc(CC=C)cc(-c3cc(CC=C)ccc3O)c2O[C@H]2CC(C)(C)[C@@H]3CC[C@]4(C)C[C@]23CC[C@H]4O)c1,5.33913
8494,MNWWVJBJRJRJBI-HTCQTMOXSA-N,C=CCc1ccc(O)c(-c2cc(CC=C)cc(-c3cc(CC=C)ccc3O)c2O[C@@H]2C[C@@H](C(C)C)C=C[C@]2(C)O)c1,5.18376
8495,HFHHTRIAKONNBG-UHFFFAOYSA-N,C=CCc1ccc(Oc2cc(CC=C)cc(-c3cc(CC=C)ccc3O)c2O)cc1,5.0
8496,FAJBNOKBPQRKGO-UHFFFAOYSA-N,O=c1c2nc(-c3ccc(C(F)(F)F)cc3)sc2nc2n1CCCC2,5.77728
8502,ILEDWLMCKZNDJK-UHFFFAOYSA-N,O=c1ccc2cc(O)c(O)cc2o1,5.21254
8503,PKFPTYFWUOSWAN-UHFFFAOYSA-N,COc1cc(Cn2cc(COc3ccc4ccc(=O)oc4c3C(C)=O)nn2)cc(OC)c1,5.59007
8504,ZZIGTYMQBGWBDN-FBHDLOMBSA-N,Cc1cc(=O)oc2cc(OCC(=O)N/N=C\c3ccc(C(=O)O)cc3)ccc12,6.09583
8505,KAYVLXUZFXINIG-UHFFFAOYSA-N,COc1cccc2cc(-c3ccc(NC(=O)c4ccc(CCl)cc4)cc3)c(=O)oc12,7.04096
8507,LUEKOVRFNYEOJF-UHFFFAOYSA-N,O=C1OC2=C(O)C(O)=CCC2C=C1c1ccc(O)c(O)c1,5.51713
8508,KZJOEKCJUWZUDR-UHFFFAOYSA-N,O=C1CCOc2ccc(OCCN3CCCCCC3)cc21,5.31158
8527,ZADOZOULRZGFEU-YEWWUXTCSA-N,COc1ccc2c3c1O[C@H]1C[C@@H](O)C=C[C@@]31CCN(C(C)=O)C2,5.00877
8528,BQESVZIPHFRYNG-QOKNQOGYSA-N,C=CCN1CC[C@@]23C=C[C@H](O)C[C@@H]2Oc2c(OC)ccc(c23)C1,6.74473
8529,FEKQBPRIVQKBRM-KNBMTAEXSA-N,C=C(C)CN1CC[C@@]23C=C[C@H](O)C[C@@H]2Oc2c(OC)ccc(c23)C1,7.04576
8531,DJRBBQJREIMIEU-UHFFFAOYSA-N,COc1cc2c(cc1O)C(=O)C(CC1CCN(Cc3ccccc3)CC1)C2,6.05968
8532,DSMISVLYMKJMLP-UHFFFAOYSA-N,COc1cc2c(cc1O)CC(CC1CCN(Cc3ccccc3)CC1)C2=O,6.11154
8533,UJEPFLUMZAEBIS-UHFFFAOYSA-N,O=C1c2cc(O)c(O)cc2CC1CC1CCN(Cc2ccccc2)CC1,5.74352
8534,HAIKEIGCWZZVJZ-UHFFFAOYSA-N,COc1cc2c(cc1OC(=O)CCCCC1CCSS1)C(=O)C(CC1CCN(Cc3ccccc3)CC1)C2,7.55596
8535,QNMCYVJUCOUFTD-UHFFFAOYSA-N,COc1cc2c(cc1OCCCCCC1CCSS1)C(=O)C(CC1CCN(Cc3ccccc3)CC1)C2,8.11748
8536,HHXJJQNMCWBKJR-UHFFFAOYSA-N,COc1cc2c(cc1OCCCCCC1CCSS1)CC(CC1CCN(Cc3ccccc3)CC1)C2=O,8.04001
8543,OKEWJRSOKIRQDH-UHFFFAOYSA-N,CCOc1cc(N)ccc1C(=O)CCC1CCN(CC2CCCCC2)CC1,7.05998
8544,IAIHSEBPXYSHJL-UHFFFAOYSA-N,Nc1ccc(C(=O)CCC2CCN(CC3CCCCC3)CC2)c(OCCF)c1,6.49757
8545,PUDHCLJYWOZJKU-UHFFFAOYSA-N,Nc1ccc(C(=O)CCC2CCN(CC3CCCCC3)CC2)cc1,6.49949
8546,CWLFGXHLFFZFQI-UHFFFAOYSA-N,COc1ccccc1C(=O)CCC1CCN(CC2CCCCC2)CC1,6.77989
8547,ZOJSQDLJJPDEOF-UHFFFAOYSA-N,Nc1ccc(C(=O)CCC2CCN(CC3CCCCC3)CC2)cc1Cl,7.30364
8549,SVAKYIZSPVNOGB-UHFFFAOYSA-N,COc1c(C(=O)CCC2CCN(CC3CCCCC3)CC2)cc(F)c(N)c1Br,6.51018
8550,AEQDSXWHQNGPGZ-UHFFFAOYSA-N,COc1c(C(=O)CCC2CCN(CC3CCCCC3)CC2)cc(F)c(N)c1I,6.63097
8551,ULVNBHIVKFAGNX-UHFFFAOYSA-N,COc1cc(NC(C)=O)c(Cl)cc1C(=O)CCC1CCN(CC2CCCCC2)CC1,7.46852
8552,ROBPMUIFBKVJKL-UHFFFAOYSA-N,CC(=O)Nc1cc(O)c(C(=O)CCC2CCN(CC3CCCCC3)CC2)cc1Cl,7.24185
8556,FTRZTHFGTILUPE-FIBGUPNXSA-N,[2H]C([2H])([2H])Oc1cc(N)c(Cl)cc1C(=O)CCC1CCN(CC2CCCCC2)CC1,7.64589
8563,MREHWTUNQLQCEL-UHFFFAOYSA-N,N/C(=N\O)c1cccc(NC(=O)Nc2cccc(F)c2)c1,5.76447
8564,PEDICADDHJMWFT-UHFFFAOYSA-N,N/C(=N\O)c1cccc(NC(=O)Nc2ccc(F)cc2)c1,5.12436
8574,YIPGNXOVGLQAOZ-UHFFFAOYSA-N,N/C(=N\O)c1cccc(NC(=O)Nc2ccc3[nH]ccc3c2)c1,5.20482
8575,BTBUTFQRVMXDKJ-UHFFFAOYSA-N,N/C(=N\O)c1cccc(NC(=O)Nc2ccc3ncccc3c2)c1,5.24565
8576,KQOOFQFOFRMAQE-UHFFFAOYSA-N,N/C(=N\O)c1cccc(NC(=O)NCCc2c[nH]c3ccccc23)c1,5.81248
8577,XGALIJCXCLWOJX-UHFFFAOYSA-N,N/C(=N\O)c1cccc(NC(=O)NCCc2c[nH]c3ccc(Cl)cc23)c1,5.93554
8578,MXWPEPSYKDACAS-UHFFFAOYSA-N,COc1ccc2[nH]cc(CCNC(=O)Nc3cccc(/C(N)=N/O)c3)c2c1,6.04096
8581,SQNISDDISVNBBL-UHFFFAOYSA-N,Cc1ccccc1NC(=O)Nc1ccc(/C(N)=N/O)cc1,5.06702
8582,IMCAKSRFVKJJSS-UHFFFAOYSA-N,COc1cccc(NC(=O)Nc2ccc(/C(N)=N/O)cc2)c1,5.03858
8583,BMQXQEPRPKWAAQ-UHFFFAOYSA-N,N/C(=N\O)c1ccc(NC(=O)Nc2ccc(Cl)cc2)cc1,5.11634
8584,IXRXSNWNNPQCSW-UHFFFAOYSA-N,N/C(=N\O)c1ccc(NC(=O)Nc2cccc(F)c2)cc1,5.51713
8585,ZWJFURMVEADFAY-UHFFFAOYSA-N,N/C(=N\O)c1ccc(NC(=O)Nc2cccc(Br)c2)cc1,5.19314
8586,XYFJWXDKBAAZFU-UHFFFAOYSA-N,N/C(=N\O)c1ccc(NC(=O)Nc2ccc3[nH]ccc3c2)cc1,5.12668
8587,YFSMREHZFNSCKT-UHFFFAOYSA-N,N/C(=N\O)c1ccc(NC(=O)Nc2ccc3ncccc3c2)cc1,5.15864
8590,NBBMOQUVVXDZLD-IYULWFGRSA-N,C[C@@H]1CC[C@]2(C(=O)O)CC[C@]3(C)C(=CC[C@@H]4[C@@]5(C)C[C@@H](OC(=O)CCc6ccccc6)[C@H](OC(=O)CCc6ccccc6)[C@@](C)(CO)[C@@H]5CC[C@]43C)[C@@H]2[C@]1(C)O,5.23359
8594,CIQALIQNQDOXMD-KVYUTAICSA-N,C[C@@H]1CC[C@]2(C(=O)O)CC[C@]3(C)C(=CC[C@@H]4[C@@]5(C)C[C@@H](OC(=O)c6ccc(Cl)cc6)[C@H](OC(=O)c6ccc(Cl)cc6)[C@@](C)(COC(=O)c6ccc(Cl)cc6)[C@@H]5CC[C@]43C)[C@@H]2[C@]1(C)O,5.22841
8611,TXDGAIVYTXJVGV-YPHQRDJKSA-N,C[C@@H]1CC[C@]2(C(=O)NCc3ccccc3Cl)CC[C@]3(C)C(=CC[C@@H]4[C@@]5(C)C[C@@H](O)[C@H](O)[C@@](C)(CO)[C@@H]5CC[C@]43C)[C@@H]2[C@]1(C)O,5.4318
8624,RYKFYEQANBUUEN-UHFFFAOYSA-N,CN(C)CCN1CCN(Cc2ccc(C(=O)Nc3nc4ccccc4s3)cc2)CC1,7.63078
8625,YQMJQJOYEWGACW-UHFFFAOYSA-N,COc1ccc(C2CC(c3ccc(O)cc3)=NN2c2nc3ccc(C)cc3s2)cc1OC,5.06098
8626,QZCKEKPPUXNPET-MDWZMJQESA-N,O=C(/C=C/c1ccc(-c2ccccc2)cc1)Nc1nc2ccc(O)cc2s1,7.14874
8631,VDYFLXKKXFAYAX-DJAVKIJBSA-N,CC1=CC(=O)[C@](C)(O)C(=O)/C1=C\Nc1ccc(Cc2ccccc2)cc1,5.34679
8638,NBNKVDHBVUNWQJ-DUBROFONSA-N,CC1=CC(=O)[C@@](C)(O)C(=O)/C1=C\Nc1ccc(Oc2ccc(C#N)cc2)cc1,5.3279
8643,SIOZWLOYQCNDGH-UHFFFAOYSA-N,CN(CCCOc1ccc([N+](=O)[O-])cc1)C(=O)c1cnc(N2CCN(c3ccc(C(=O)N4CCOCC4)cc3[N+](=O)[O-])CC2)nc1,6.04576
8644,HSTIQTQFKBPUBM-UHFFFAOYSA-N,CCN(CCCCCn1c(C)cc(=O)n(CCCCCN(CC)Cc2ccccc2C#N)c1=O)Cc1ccccc1C#N,5.13668
8645,ICWVHRHWKAJGOS-UHFFFAOYSA-N,CCN(CCCCCn1c(C)cc(=O)n(CCCCCN(CC)Cc2cccc(C(=O)OC)c2)c1=O)Cc1cccc(C(=O)OC)c1,6.5376
8646,DXWIIXFZDFWOBL-UHFFFAOYSA-N,Cc1ccc(O)c(CNc2c(N)n(C)c(=O)n(C)c2=O)c1,8.33255
8647,MINIKUTUYGZASU-UHFFFAOYSA-N,N#CC1C(N)N2CCCNC2C(C#N)C12C(=O)Nc1ccccc12,5.39362
8648,VKTITBMEXWPSIN-UHFFFAOYSA-N,COc1cccc(-c2nc(SCCCSc3nc(N)c(C#N)c(-c4cccc(OC)c4)n3)nc(N)c2C#N)c1,5.2426
8649,XRECENIWOQQMGF-UHFFFAOYSA-N,Cc1cccc(-c2nccc(N3CCOCC3)n2)c1,6.36653
8651,MWHDDAMRRCZZNY-UHFFFAOYSA-N,CCOC(=O)C1=C(C)N=C2SC(c3ccc([N+](=O)[O-])cc3)=NN2C1c1ccc(C=O)cn1,7.08619
8653,NFOULVLFLSISCN-UHFFFAOYSA-N,C#CCNc1ccc(-c2cc(-c3ccc(OCCN4CCOCC4)cc3)nc(N)n2)cc1,5.14206
8654,LPWBTWLCFUQWQL-NTUHNPAUSA-N,COc1cc(/C=C/C(=O)c2ccc(OCCN3CCCC3)cc2)ccc1OCc1nc(C)c(C)nc1C,6.00877
8655,YTEJFLYQWQWIGO-APTRMMRNSA-N,COC(=O)C1=CO[C@H](OC)[C@H]2C(CN3CCN(Cc4nc(C)c(C)nc4C)CC3)=CC[C@@H]12,6.66154
8656,DTEKLVZCVUXGIS-UHFFFAOYSA-N,CCOC(=O)c1c(OC(=O)c2ccccc2)sc2c1CCCCC2,5.66555
8657,GGRKGHDNZLXMDB-UHFFFAOYSA-N,CCOC(=O)c1c(OC(=O)c2ccc(Cl)cc2)sc2c1CCCCC2,5.97881
8658,MRZODELYPSRORZ-UHFFFAOYSA-N,O=C1c2c(sc3c2CCCCC3)OC(c2ccccc2)N1c1ccccc1,6.29243
8659,JHSLDXCFEZQUAS-UHFFFAOYSA-N,O=C1c2c(sc3c2CCCCC3)OC(c2ccccc2)N1c1ccc(Cl)cc1,5.02319
8660,FPQGVNQRNNZNBG-UHFFFAOYSA-N,COc1ccc(N2C(=O)c3c(sc4c3CCCCC4)OC2c2ccccc2)cc1,5.39254
8661,RSEZPTUSUAZTRM-UHFFFAOYSA-N,O=C1c2c(sc3c2CCCCC3)OC(c2ccc(Cl)cc2)N1c1ccccc1,6.25964
8663,CUMYADKGBACRPS-UHFFFAOYSA-N,COc1ccc(N2C(=O)c3c(sc4c3CCCCC4)OC2c2ccc(Cl)cc2)cc1,5.50307
8665,NYKKDKAYLYOYOO-QECWJDIYSA-N,COc1ccc2c3c1O[C@H]1C[C@@H](OC(=O)NC4CCN(Cc5cccc(C(F)(F)F)c5)CC4)C=C[C@@]31CCN(C)C2,6.22081
8666,CPURJSRAAXYWPA-UUOHFWCXSA-N,COc1ccc2c3c1O[C@H]1C[C@@H](OC(=O)NC4CCN(Cc5ccc(F)cc5F)CC4)C=C[C@@]31CCN(C)C2,5.91937
8667,YZXMINZUVZEFFI-QECWJDIYSA-N,COc1ccc2c3c1O[C@H]1C[C@@H](OC(=O)NC4CCN(Cc5ccc(F)cc5)CC4)C=C[C@@]31CCN(C)C2,6.39862
8668,ILWUWKPNIBAOMC-QECWJDIYSA-N,COc1ccc2c3c1O[C@H]1C[C@@H](OC(=O)NC4CCN(Cc5cccc(F)c5)CC4)C=C[C@@]31CCN(C)C2,6.37782
8669,SNXZMMVSUAKHAR-UUOHFWCXSA-N,COc1ccc2c3c1O[C@H]1C[C@@H](OC(=O)NC4CCN(Cc5ccccc5F)CC4)C=C[C@@]31CCN(C)C2,6.39169
8670,AUHJFZLZTXKJNB-QECWJDIYSA-N,COc1ccc2c3c1O[C@H]1C[C@@H](OC(=O)NC4CCN(Cc5ccccc5)CC4)C=C[C@@]31CCN(C)C2,6.432
8673,PTCNMYXGOLNTLR-QECWJDIYSA-N,COc1ccc2c3c1O[C@H]1C[C@@H](OC(=O)NC4CCN(Cc5ccc(OC(F)(F)F)cc5)CC4)C=C[C@@]31CCN(C)C2,6.3457
8674,WEETWEFAKIXOIK-LFERIPGTSA-N,COc1ccc2c3c1O[C@H]1C[C@@H](OCc4ccc(Cc5ccccc5F)cn4)C=C[C@@]31CCN(C)C2,6.28912
8675,MMIXUHHAJDIRID-XXJPWZBZSA-N,COc1ccc2c3c1O[C@H]1C[C@@H](OCc4ccc(Cc5cccc(Cl)c5)cn4)C=C[C@@]31CCN(C)C2,5.47031
8676,YQWGVRQOBGYNKV-HOMRVSDPSA-N,COc1ccccc1Cc1ccc(CO[C@H]2C=C[C@@]34CCN(C)Cc5ccc(OC)c(c53)O[C@H]4C2)nc1,5.49512
8677,AEQVJPPDDFGNIU-CMDGGOBGSA-N,Nc1ccccc1C(=O)/C=C/c1cccc(Cl)c1Cl,7.09691
8678,XNPHTXPHEGWNFI-MDZDMXLPSA-N,Nc1ccccc1C(=O)/C=C/c1cnc2ccccc2c1,6.26761
8679,IQLSOKDRIXLPJB-SOFGYWHQSA-N,CSc1ccc(/C=C/C(=O)c2ccccc2N)cn1,5.91364
8680,IXDQKTZMNIYQDV-CMDGGOBGSA-N,Cc1ccc(/C=C/C(=O)c2ccccc2N)cn1,5.53462
8681,KPRFSOUAOXESRX-AATRIKPKSA-N,Nc1ccccc1C(=O)/C=C/c1cnc2c(c1)OCO2,5.38091
8685,NYNMRLANANUXLT-UHFFFAOYSA-N,COc1nc(-c2ccnc(NC(=O)C3CC3)c2)sc1C(=O)NCNc1c2c(nc3ccccc13)CCCC2,8.20066
8688,STXASRHDDYKCPI-UHFFFAOYSA-N,c1ccc2oc(CNCCCCCCCNc3c4c(cc5ccccc35)CCCC4)cc2c1,9.0655
8693,LLNZCYJMOMQYIU-UHFFFAOYSA-N,Cn1c(NCCCCCCCNc2c3c(nc4cc(Cl)ccc24)CCCC3)nc(-c2ccncc2F)cc1=O,7.29158
8699,LUJPPSLEDAYBGR-WDOOIYNRSA-N,COc1ccc2c3c1O[C@H]1C[C@@H](O)C=C[C@@]31CCN(CCCCCCNC13CC4CC(C)(CC(C)(C4)C1)C3)C2,8.93554
8706,DXGCSAOQHFFGGC-UHFFFAOYSA-N,COc1ccc(NC(=O)C2CCN(Cc3ccccc3)CC2)cc1OC,6.83863
8707,GHZDLPVAVLQUAL-UHFFFAOYSA-N,COc1ccccc1NC(=O)C1CCN(Cc2ccccc2)CC1,6.8041
8708,GJFMBUUKNHBDOX-UHFFFAOYSA-N,COc1ccc(NC(=O)C2CCN(Cc3ccccc3)CC2)cc1,6.78252
8709,XNXNRZFIGBVNIX-FRKPEAEDSA-N,O=C(N/N=C/c1ccc([N+](=O)[O-])cc1)c1ccc(Cl)nc1,7.69897
8710,RVJDPMYILZZLAX-QGMBQPNBSA-N,COc1ccc(/C=N/NC(=O)c2ccc(Cl)nc2)cc1OC,7.52288
8711,VUSRJYGQLGCFOE-QGMBQPNBSA-N,CCOc1cc(/C=N/NC(=O)c2ccc(Cl)nc2)ccc1O,7.52288
8712,HSPQJQFVTHHXMB-QGMBQPNBSA-N,COC(=O)c1ccc(/C=N/NC(=O)c2ccc(Cl)nc2)cc1,7.0
8713,QSMHEQGZTCFPPH-REZTVBANSA-N,COc1cc(/C=N/NC(=O)c2ccc(Cl)nc2)ccc1O,7.52288
8718,CXAJAAIHVWRPHS-UHFFFAOYSA-N,O=c1[nH]c(CNCCC2CCN(Cc3ccccc3)CC2)nc2c1cnn2C1CCCC1,6.5376
8720,XRWWKTGWAYEHQQ-UHFFFAOYSA-N,O=c1[nH]c(CCCCC2CCN(Cc3ccccc3)CC2)nc2c1cnn2C1CCCC1,7.39794
8721,XSGOZBYZVQPPHR-STZFKDTASA-N,COc1ccccc1/C=C1\Oc2cc(OCCN3CCCC3)ccc2C1=O,5.57349
8725,JNJSWDFXEMVLOC-UHFFFAOYSA-N,O=c1ccoc2ccc(OCCCN3CCCCC3)cc12,5.25337
8726,MVEDATNTJMFOJM-STZFKDTASA-N,COc1ccc(/C=C2\Oc3cc(OCCN4CCCC4)ccc3C2=O)c(OC)c1OC,5.80688
8730,PHWJALMIXUGHCL-UHFFFAOYSA-N,O=C(CN1CCC(Cc2ccccc2)CC1)c1ccc2ccccc2c1,5.03953
8732,RCDAJHPCKSOXIC-UHFFFAOYSA-N,O=C(NCCC1CCN(Cc2ccccc2)CC1)c1coc2cc(OCc3ccccc3)ccc2c1=O,6.4318
8733,STRXWCGIRKOBGT-UHFFFAOYSA-N,C#CCOc1c(CN2CCOCC2)cc(-c2cc(=O)c3ccccc3o2)cc1OC,5.14026
8734,CZGPGJGGQHEQFM-UHFFFAOYSA-N,C#CCOc1c(CN2CCCCC2)cc(-c2cc(=O)c3ccccc3o2)cc1OC,5.51004
8735,WBEHBIFSMVNWHM-UHFFFAOYSA-N,C#CCCOc1c(CN2CCOCC2)cc(-c2cc(=O)c3ccccc3o2)cc1OCC,5.21896
8736,HMFOFRTZLXXKDW-UHFFFAOYSA-N,C#CCCCOc1c(CN2CCCCC2)cc(-c2cc(=O)c3ccccc3o2)cc1OCC,5.70774
8737,QZBBNYNORVHCNE-UHFFFAOYSA-N,C#CCOc1c(CN2CCOCC2)cc(-c2cc(=O)c3ccccc3o2)cc1CN1CCOCC1,5.42713
8738,HGALWJPXVZVXHS-UHFFFAOYSA-N,C#CCCCOc1c(CN2CCOCC2)cc(-c2cc(=O)c3ccccc3o2)cc1CN1CCOCC1,5.47108
8739,CRZZKTYQBUPALN-UHFFFAOYSA-N,C#CCOc1ccc(-c2cc(=O)c3ccccc3o2)cc1CN1CCOCC1,5.65956
8740,GJVZRJZSQMLPEU-UHFFFAOYSA-N,C#CCCCOc1ccc(-c2cc(=O)c3ccccc3o2)cc1CN1CCCCC1,6.20412
8741,WEXWONJFNUSMEA-UHFFFAOYSA-N,C#CCCCOc1c(CN2CCCCC2)cc(-c2cc(=O)c3ccccc3o2)cc1CN1CCCCC1,5.88273
8742,XCQXJBIRRORJNV-UHFFFAOYSA-N,C#CCCCOc1c(CN2CCN(Cc3ccccc3)CC2)cc(-c2cc(=O)c3ccccc3o2)cc1OC,5.23582
8743,YQTQZASFSMZOSP-UHFFFAOYSA-N,C#CCCCOc1c(CN2CCc3ccccc3C2)cc(-c2cc(=O)c3ccccc3o2)cc1OC,5.09259
8745,UGBXIPMDUULQBN-UHFFFAOYSA-N,Nc1c2c(nc3ccc(-c4ccncc4)cc13)CCCC2,5.92849
8746,WMLCFSPODJQACH-UHFFFAOYSA-N,COc1cc(-c2ccc3nc4c(c(N)c3c2)CCCC4)ccn1,6.16941
8747,VRJZVNNGDODWAH-UHFFFAOYSA-N,Nc1c2c(nc3ccc(-c4ccc(Cl)nc4)cc13)CCCC2,6.54212
8748,IRECKSKASFTPJH-UHFFFAOYSA-N,Nc1c2c(nc3ccc(-c4ccc(F)nc4)cc13)CCCC2,6.04576
8749,CKEJHWBBCCURNI-UHFFFAOYSA-N,Nc1c2c(nc3ccc(-c4cncnc4)cc13)CCCC2,6.00656
8750,DNZXTJWDEHLFNX-UHFFFAOYSA-N,COc1ncc(-c2ccc3nc4c(c(N)c3c2)CCCC4)cn1,6.21968
8751,DSAHQENJONYLLB-UHFFFAOYSA-N,COc1ncc(-c2ccc3nc4c(c(N)c3c2)CCCC4)c(OC)n1,6.03905
8752,RQDNTAJWXLKESN-UHFFFAOYSA-N,Nc1c2c(nc3ccc(-c4ccoc4)cc13)CCCC2,5.78357
8753,JWBJNJVGRBQNPQ-UHFFFAOYSA-N,Cc1ccc(-c2ccc3nc4c(c(N)c3c2)CCCC4)o1,6.79588
8754,BAZNFIZSHOCMMY-UHFFFAOYSA-N,Nc1c2c(nc3ccc(-c4ccsc4)cc13)CCCC2,6.35262
8755,QWKAMJXVDJQTNH-UHFFFAOYSA-N,Nc1c2c(nc3ccc(-c4cccs4)cc13)CCCC2,6.02319
8756,IZKHAXNJVMQZEU-UHFFFAOYSA-N,Nc1c2c(nc3ccc(-c4ccc(Cl)s4)cc13)CCCC2,6.4318
8757,UUIMCDFDPAKGBU-UHFFFAOYSA-N,Cc1csc(-c2ccc3nc4c(c(N)c3c2)CCCC4)c1,6.47625
8758,JOKGWIKGSHAZHL-UHFFFAOYSA-N,CN(C)c1cccc(-c2ccc3nc4c(c(N)c3c2)CCCC4)c1,6.02319
8759,BMMBDSQDOYDNCG-UHFFFAOYSA-N,CC(C)COc1cccc(-c2ccc3nc4c(c(N)c3c2)CCCC4)c1,6.20412
8760,YLJREFDVOIBQDA-MICDWDOJSA-N,[2H]c1ccc2nc3c(c(N)c2c1)CCCC3,6.70333
8769,STOMQASIEWTJEI-HXUWFJFHSA-N,COCc1c(O)c(Oc2c(C=O)c(O)cc(C)c2C(=O)OC)c2c(c1O)C(=O)O[C@H]2O,5.14874
8775,KIIZLMFGYAXDCL-UHFFFAOYSA-N,S=C(NCCCCNc1c2c(nc3ccccc13)CCCC2)NCCc1c[nH]c2ccccc12,7.60206
8776,DSKYIEJPLODCAK-UHFFFAOYSA-N,COn1cc(CCNC(=S)NCCCCCNc2c3c(nc4ccccc24)CCCC3)c2ccccc21,7.1549
8777,LTPNLKINDFQXEG-UZWMFBFFSA-N,CC(C)(C)c1ccc(/C=N/CCNc2c3c(nc4ccccc24)CCCCC3)c(C(C)(C)C)c1O,5.39469
8778,FWMBRKOTQCWSFY-UHFFFAOYSA-N,CC(C)(C)c1ccc(CNCCNc2c3c(nc4ccccc24)CCCCC3)c(C(C)(C)C)c1O,5.72125
8779,MEZUVQGFTTVJEJ-UHFFFAOYSA-N,Cc1ccc(S(=O)(=O)NCCCCNc2c3c(nc4ccccc24)CCCC3)cc1,6.17522
8783,IXFZJMFQDLWCLA-UHFFFAOYSA-N,C[Si]1(Cl)C=CC(=O)C1=P(c1ccccc1)(c1ccccc1)c1ccccc1,6.94692
8784,LPBNFYXQUIGYIX-CCFHIKDMSA-N,C[Si]1(Cl)C=C/C(=N\c2ccccc2)C1=P(c1ccccc1)(c1ccccc1)c1ccccc1,6.94692
8785,CBLWXPJNXCTMRV-UHFFFAOYSA-N,C[Si](C)(C)c1c([Si](C)(C)C)c(=P(c2ccccc2)(c2ccccc2)c2ccccc2)c1=O,6.94692
8786,GYLCFYGVBPKYEV-MDZDMXLPSA-N,O=C(/C=C/c1cccs1)c1ccc(OCCCCBr)cc1,6.37675
8787,NZOVMVHEEINJKO-UHFFFAOYSA-N,FC(F)(F)c1cccc(-c2cc(-c3cccs3)n(-c3ccc(Br)cc3)n2)c1,9.31876
8788,IXMHOQHNDDSLRF-UHFFFAOYSA-N,O=C(NNC(=S)Nc1ccccc1[N+](=O)[O-])c1sccc1Cl,6.39794
8790,DVUDQXCAHGMTHD-UHFFFAOYSA-N,Cc1cc(=O)[nH]c2c1C(=O)C(NCNc1c3c(nc4ccccc14)CCCC3)=CC2=O,7.95468
8791,LMBRPCNFMSKSPC-UHFFFAOYSA-N,O=C(NCCCNc1c2c(nc3ccccc13)CCC2)c1cnc(Cl)c(Cl)c1,7.284
8792,XRNNPQNFSVBARD-RBJSKKJNSA-N,COc1cc2c(cc1OC)CC(CN1CCN(CCCNc3c4c(nc5cc(Cl)ccc35)C[C@H]3C=C(C)C[C@@H]4C3)CC1)C2,8.58336
