feature,family,dtype,missing,nonfinite,min,max,mean,median,std,variance,zero_variance,near_zero_variance_lt_1e-8,suspiciously_large_magnitude_abs_ge_1e6
MolWt,RDKit descriptor,float64,1,0,92.14099999999999,1075.654999999999,413.63958047977025,398.5365000000002,126.07182422429155,15891.079719566656,False,False,False
MolLogP,RDKit descriptor,float64,1,0,-1.8462999999999972,16.026399999999963,4.603588005329277,4.374010000000004,1.9150179418243425,3.666595717182245,False,False,False
NumHDonors,RDKit descriptor,float64,1,0,0.0,12.0,1.154168252759802,1.0,1.105265224073512,1.2213787048466997,False,False,False
NumHAcceptors,RDKit descriptor,float64,1,0,0.0,18.0,4.391130567186905,4.0,1.9498386293370926,3.801147065936603,False,False,False
TPSA,RDKit descriptor,float64,1,0,0.0,298.14,62.029196802436246,55.62,30.880829727554186,953.4441399715467,False,False,False
MaxPartialCharge,RDKit descriptor,float64,31,0,-0.039774526323627504,0.6732131186250532,0.2552297642564386,0.24763001530854506,0.10550855009634921,0.011129923198919393,False,False,False
MinPartialCharge,RDKit descriptor,float64,31,0,-0.8724215305408468,-0.05906257918023874,-0.43657921156280005,-0.46384097737066965,0.0785808721803325,0.006173771437117806,False,False,False
NumHeteroatoms,RDKit descriptor,float64,1,0,0.0,24.0,5.811952797868291,5.0,2.5048291209664484,6.27297475529004,False,False,False
NumRotatableBonds,RDKit descriptor,float64,1,0,0.0,33.0,6.704986676817663,6.0,4.899071372610189,23.996332194340958,False,False,False
FractionCSP3,RDKit descriptor,float64,1,0,0.0,1.0,0.3704437979603947,0.3684210526315789,0.16116082629714276,0.02596786849693222,False,False,False
NumAromaticRings,RDKit descriptor,float64,1,0,0.0,9.0,2.656452226874762,3.0,1.1405089914036108,1.3005131841471156,False,False,False
RingCount,RDKit descriptor,float64,1,0,0.0,11.0,3.914921964217739,4.0,1.398849852406074,1.9564084731643183,False,False,False
NumAliphaticNitrogens,RDKit descriptor,float64,1,0,0.0,8.0,1.8359345260753712,2.0,1.1838895362060282,1.4013276668208925,False,False,False
NumFormalCharge,RDKit descriptor,float64,1,0,-1.0,3.0,0.12314427103159498,0.0,0.3846783998116604,0.1479493065554926,False,False,False
morgan_0,Morgan bit,uint8,0,0,0.0,1.0,0.007231208372978116,0.0,0.08473655864118812,0.007178917998444689,False,,False
morgan_1,Morgan bit,uint8,0,0,0.0,1.0,0.09134157944814462,0.0,0.2881216626275021,0.08299829531206293,False,,False
morgan_2,Morgan bit,uint8,0,0,0.0,1.0,0.07897240723120837,0.0,0.26972135623869087,0.07273576612731657,False,,False
morgan_3,Morgan bit,uint8,0,0,0.0,1.0,0.06203615604186489,0.0,0.24124416327312898,0.05818767138541427,False,,False
morgan_4,Morgan bit,uint8,0,0,0.0,1.0,0.3027592768791627,0.0,0.4594956749646719,0.21109609714276917,False,,False
morgan_5,Morgan bit,uint8,0,0,0.0,1.0,0.006089438629876308,0.0,0.07780430141930465,0.006052357367049277,False,,False
morgan_6,Morgan bit,uint8,0,0,0.0,1.0,0.011037107516650808,0.0,0.10448620623918986,0.0109152897743167,False,,False
morgan_7,Morgan bit,uint8,0,0,0.0,1.0,0.010846812559467175,0.0,0.10359151176742631,0.010729159216766957,False,,False
morgan_8,Morgan bit,uint8,0,0,0.0,1.0,0.05537583254043768,0.0,0.22873413783462723,0.05230934971089107,False,,False
morgan_9,Morgan bit,uint8,0,0,0.0,1.0,0.017507136060894386,0.0,0.13116367662264183,0.017200636247839716,False,,False
morgan_10,Morgan bit,uint8,0,0,0.0,1.0,0.08867745004757374,0.0,0.2843046627802868,0.0808137599006338,False,,False
morgan_11,Morgan bit,uint8,0,0,0.0,1.0,0.019410085632730733,0.0,0.13797447896385978,0.019033334208460793,False,,False
morgan_12,Morgan bit,uint8,0,0,0.0,1.0,0.014081826831588963,0.0,0.11783960053002644,0.013883528984674102,False,,False
morgan_13,Morgan bit,uint8,0,0,0.0,1.0,0.11988582302568981,0.0,0.3248588846206618,0.10551321246314278,False,,False
morgan_14,Morgan bit,uint8,0,0,0.0,1.0,0.06698382492863938,0.0,0.25001777387336305,0.06249699212656877,False,,False
morgan_15,Morgan bit,uint8,0,0,0.0,1.0,0.1965746907706946,0.0,0.397445771531554,0.1579330817191004,False,,False
morgan_16,Morgan bit,uint8,0,0,0.0,1.0,0.00780209324452902,0.0,0.08799257912547127,0.0077412205855326936,False,,False
morgan_17,Morgan bit,uint8,0,0,0.0,1.0,0.008943862987630828,0.0,0.09415708881093386,0.008863870302489316,False,,False
morgan_18,Morgan bit,uint8,0,0,0.0,1.0,0.005137963843958135,0.0,0.07150201438916155,0.005111565171496314,False,,False
morgan_19,Morgan bit,uint8,0,0,0.0,1.0,0.019029495718363463,0.0,0.13664160052605215,0.018667374011068254,False,,False
morgan_20,Morgan bit,uint8,0,0,0.0,1.0,0.0017126546146527116,0.0,0.04135271263308155,0.0017097214288236205,False,,False
morgan_21,Morgan bit,uint8,0,0,0.0,1.0,0.04205518553758325,0.0,0.20073418914784402,0.040286546906982704,False,,False
morgan_22,Morgan bit,uint8,0,0,0.0,1.0,0.010846812559467175,0.0,0.10359151176742631,0.010729159216766959,False,,False
morgan_23,Morgan bit,uint8,0,0,0.0,1.0,0.01560418648905804,0.0,0.12395006846461369,0.015360695853072738,False,,False
morgan_24,Morgan bit,uint8,0,0,0.0,1.0,0.1450047573739296,0.0,0.3521391410555161,0.12397837771285743,False,,False
morgan_25,Morgan bit,uint8,0,0,0.0,1.0,0.09267364414843007,0.0,0.29000214459772844,0.08408523982868021,False,,False
morgan_26,Morgan bit,uint8,0,0,0.0,1.0,0.01693625118934348,0.0,0.12904488942866638,0.01664941458499495,False,,False
morgan_27,Morgan bit,uint8,0,0,0.0,1.0,0.022835394862036156,0.0,0.1493927262014536,0.02231393960353105,False,,False
morgan_28,Morgan bit,uint8,0,0,0.0,1.0,0.0017126546146527116,0.0,0.04135271263308155,0.00170972142882362,False,,False
morgan_29,Morgan bit,uint8,0,0,0.0,1.0,0.1434823977164605,0.0,0.3505974758178196,0.12289519926199596,False,,False
morgan_30,Morgan bit,uint8,0,0,0.0,1.0,0.006089438629876308,0.0,0.07780430141930465,0.006052357367049276,False,,False
morgan_31,Morgan bit,uint8,0,0,0.0,1.0,0.057849666983824925,0.0,0.233481169796591,0.054503083013685484,False,,False
morgan_32,Morgan bit,uint8,0,0,0.0,1.0,0.007992388201712655,0.0,0.08905065398506136,0.007928509932545779,False,,False
morgan_33,Morgan bit,uint8,0,0,0.0,1.0,0.7402473834443387,1.0,0.4385405247569663,0.1922811947481489,False,,False
morgan_34,Morgan bit,uint8,0,0,0.0,1.0,0.018268315889628926,0.0,0.13393281164357612,0.017934584524185653,False,,False
morgan_35,Morgan bit,uint8,0,0,0.0,1.0,0.0019029495718363464,0.0,0.04358543169641933,0.001899328354763394,False,,False
morgan_36,Morgan bit,uint8,0,0,0.0,1.0,0.15014272121788771,0.0,0.3572452528995704,0.12759988448317536,False,,False
morgan_37,Morgan bit,uint8,0,0,0.0,1.0,0.0007611798287345385,0.0,0.02758160981484082,0.0007606004340028659,False,,False
morgan_38,Morgan bit,uint8,0,0,0.0,1.0,0.03082778306374881,0.0,0.17286734064501932,0.02987743085512326,False,,False
morgan_39,Morgan bit,uint8,0,0,0.0,1.0,0.037297811607992386,0.0,0.1895086251831591,0.035906684857247094,False,,False
morgan_40,Morgan bit,uint8,0,0,0.0,1.0,0.020361560418648905,0.0,0.14124717273528276,0.019946967275966617,False,,False
morgan_41,Morgan bit,uint8,0,0,0.0,1.0,0.07402473834443388,0.0,0.2618360607756312,0.06854507645747197,False,,False
morgan_42,Morgan bit,uint8,0,0,0.0,1.0,0.24053282588011418,0.0,0.4274477215306082,0.18267678555424088,False,,False
morgan_43,Morgan bit,uint8,0,0,0.0,1.0,0.008563273073263558,0.0,0.09214965723460457,0.008489943427536279,False,,False
morgan_44,Morgan bit,uint8,0,0,0.0,1.0,0.016175071360608945,0.0,0.12616048212709915,0.01591343842708815,False,,False
morgan_45,Morgan bit,uint8,0,0,0.0,1.0,0.06584205518553758,0.0,0.24802940477108934,0.06150687895448221,False,,False
morgan_46,Morgan bit,uint8,0,0,0.0,1.0,0.04091341579448145,0.0,0.19810849730453473,0.03923950820250932,False,,False
morgan_47,Morgan bit,uint8,0,0,0.0,1.0,0.0034253092293054233,0.0,0.05843138023371384,0.0034135764859890582,False,,False
morgan_48,Morgan bit,uint8,0,0,0.0,1.0,0.012178877259752616,0.0,0.10969431160090859,0.012030552208444498,False,,False
morgan_49,Morgan bit,uint8,0,0,0.0,1.0,0.012369172216936251,0.0,0.11053732815077646,0.012216175795604025,False,,False
morgan_50,Morgan bit,uint8,0,0,0.0,1.0,0.015413891531874405,0.0,0.12320386358962278,0.015176303479718009,False,,False
morgan_51,Morgan bit,uint8,0,0,0.0,1.0,0.007611798287345386,0.0,0.08692120885613279,0.007553858814178153,False,,False
morgan_52,Morgan bit,uint8,0,0,0.0,1.0,0.016555661274976215,0.0,0.1276114032731854,0.016281571354724467,False,,False
morgan_53,Morgan bit,uint8,0,0,0.0,1.0,0.0433872502378687,0.0,0.20374664760788447,0.041504796754665264,False,,False
morgan_54,Morgan bit,uint8,0,0,0.0,1.0,0.02055185537583254,0.0,0.14189188801127792,0.0201294766164434,False,,False
morgan_55,Morgan bit,uint8,0,0,0.0,1.0,0.004947668886774501,0.0,0.07017212050239062,0.004923189459361344,False,,False
morgan_56,Morgan bit,uint8,0,0,0.0,1.0,0.009895337773549001,0.0,0.09899133708755185,0.009797420063896375,False,,False
morgan_57,Morgan bit,uint8,0,0,0.0,1.0,0.012178877259752616,0.0,0.10969431160090859,0.012030552208444498,False,,False
morgan_58,Morgan bit,uint8,0,0,0.0,1.0,0.04262607040913416,0.0,0.20203181871287323,0.040809088530609695,False,,False
morgan_59,Morgan bit,uint8,0,0,0.0,1.0,0.02017126546146527,0.0,0.14059924356087586,0.019764385511148366,False,,False
morgan_60,Morgan bit,uint8,0,0,0.0,1.0,0.05366317792578497,0.0,0.22537326135280444,0.0507834412606905,False,,False
morgan_61,Morgan bit,uint8,0,0,0.0,1.0,0.018458610846812558,0.0,0.1346155226258645,0.018117890532418492,False,,False
morgan_62,Morgan bit,uint8,0,0,0.0,1.0,0.02169362511893435,0.0,0.14569506219815073,0.021223011748133493,False,,False
morgan_63,Morgan bit,uint8,0,0,0.0,1.0,0.05537583254043768,0.0,0.22873413783462723,0.05230934971089107,False,,False
morgan_64,Morgan bit,uint8,0,0,0.0,1.0,0.659372026641294,1.0,0.47396551099470285,0.22460055712424667,False,,False
morgan_65,Morgan bit,uint8,0,0,0.0,1.0,0.030256898192197908,0.0,0.17130966957718244,0.02934141830398488,False,,False
morgan_66,Morgan bit,uint8,0,0,0.0,1.0,0.015413891531874405,0.0,0.1232038635896228,0.015176303479718014,False,,False
morgan_67,Morgan bit,uint8,0,0,0.0,1.0,0.024928639391056138,0.0,0.15592250879067268,0.02430720232916682,False,,False
morgan_68,Morgan bit,uint8,0,0,0.0,1.0,0.004376784015223597,0.0,0.06601861229477718,0.00435762777690768,False,,False
morgan_69,Morgan bit,uint8,0,0,0.0,1.0,0.005899143672692674,0.0,0.07658629083635349,0.005864343776621603,False,,False
morgan_70,Morgan bit,uint8,0,0,0.0,1.0,0.0028544243577545195,0.0,0.053355584098735725,0.002846276619340378,False,,False
morgan_71,Morgan bit,uint8,0,0,0.0,1.0,0.029305423406279733,0.0,0.16867729498382164,0.028446615565258408,False,,False
morgan_72,Morgan bit,uint8,0,0,0.0,1.0,0.038249286393910564,0.0,0.1918157450782412,0.03678627848426717,False,,False
morgan_73,Morgan bit,uint8,0,0,0.0,1.0,0.24681255946717412,0.0,0.4311977525261556,0.18589611995643673,False,,False
morgan_74,Morgan bit,uint8,0,0,0.0,1.0,0.17069457659372025,0.0,0.3762776647690896,0.14155793811521086,False,,False
morgan_75,Morgan bit,uint8,0,0,0.0,1.0,0.020742150333016175,0.0,0.14253343300072865,0.02031191353257873,False,,False
morgan_76,Morgan bit,uint8,0,0,0.0,1.0,0.013891531874405328,0.0,0.11705197340965946,0.01369855721658771,False,,False
morgan_77,Morgan bit,uint8,0,0,0.0,1.0,0.018839200761179828,0.0,0.1359698621445886,0.018484285275859793,False,,False
morgan_78,Morgan bit,uint8,0,0,0.0,1.0,0.003996194100856327,0.0,0.06309502432349011,0.003980224533564609,False,,False
morgan_79,Morgan bit,uint8,0,0,0.0,1.0,0.011607992388201713,0.0,0.10712343635962758,0.011473246900917161,False,,False
morgan_80,Morgan bit,uint8,0,0,0.0,1.0,0.7432921027592769,1.0,0.4368584091297567,0.19080895273496948,False,,False
morgan_81,Morgan bit,uint8,0,0,0.0,1.0,0.01313035204567079,0.0,0.11384380616402712,0.012957945900827536,False,,False
morgan_82,Morgan bit,uint8,0,0,0.0,1.0,0.08030447193149381,0.0,0.271789846673208,0.07385566371929773,False,,False
morgan_83,Morgan bit,uint8,0,0,0.0,1.0,0.003805899143672693,0.0,0.06158032071790107,0.0037914142753808847,False,,False
morgan_84,Morgan bit,uint8,0,0,0.0,1.0,0.028163653663177926,0.0,0.16545595101959254,0.027370462275518488,False,,False
morgan_85,Morgan bit,uint8,0,0,0.0,1.0,0.009514747859181731,0.0,0.09708764676696534,0.009424217432357931,False,,False
morgan_86,Morgan bit,uint8,0,0,0.0,1.0,0.0041864890580399616,0.0,0.06457364672153795,0.004168962367406873,False,,False
morgan_87,Morgan bit,uint8,0,0,0.0,1.0,0.01351094196003806,0.0,0.11545966056054487,0.013328396407390539,False,,False
morgan_88,Morgan bit,uint8,0,0,0.0,1.0,0.002664129400570885,0.0,0.051551309693339445,0.002657031815107899,False,,False
morgan_89,Morgan bit,uint8,0,0,0.0,1.0,0.004567078972407232,0.0,0.06743208471945791,0.004546220762067028,False,,False
morgan_90,Morgan bit,uint8,0,0,0.0,1.0,0.17602283539486205,0.0,0.3808758356987411,0.14503879681441534,False,,False
morgan_91,Morgan bit,uint8,0,0,0.0,1.0,0.025309229305423408,0.0,0.15707758412577041,0.024668672217388898,False,,False
morgan_92,Morgan bit,uint8,0,0,0.0,1.0,0.02055185537583254,0.0,0.14189188801127792,0.0201294766164434,False,,False
morgan_93,Morgan bit,uint8,0,0,0.0,1.0,0.008753568030447193,0.0,0.09315897471508383,0.008676943077183525,False,,False
morgan_94,Morgan bit,uint8,0,0,0.0,1.0,0.056898192197906754,0.0,0.23167002664004777,0.05366078792251683,False,,False
morgan_95,Morgan bit,uint8,0,0,0.0,1.0,0.005899143672692674,0.0,0.07658629083635349,0.005864343776621602,False,,False
morgan_96,Morgan bit,uint8,0,0,0.0,1.0,0.012369172216936251,0.0,0.11053732815077646,0.012216175795604025,False,,False
morgan_97,Morgan bit,uint8,0,0,0.0,1.0,0.02264509990485252,0.0,0.14878343933960217,0.02213229935515177,False,,False
morgan_98,Morgan bit,uint8,0,0,0.0,1.0,0.008753568030447193,0.0,0.09315897471508383,0.008676943077183525,False,,False
morgan_99,Morgan bit,uint8,0,0,0.0,1.0,0.011988582302568981,0.0,0.10884443321711935,0.011844856196943516,False,,False
morgan_100,Morgan bit,uint8,0,0,0.0,1.0,0.0024738344433872504,0.0,0.04968082396210692,0.0024677145865339613,False,,False
morgan_101,Morgan bit,uint8,0,0,0.0,1.0,0.00818268315889629,0.0,0.09009590185494486,0.008115726855217406,False,,False
morgan_102,Morgan bit,uint8,0,0,0.0,1.0,0.04281636536631779,0.0,0.2024621559437107,0.040983124223135776,False,,False
morgan_103,Morgan bit,uint8,0,0,0.0,1.0,0.004757373929590866,0.0,0.06881600461934799,0.004734741322884916,False,,False
morgan_104,Morgan bit,uint8,0,0,0.0,1.0,0.04129400570884872,0.0,0.19898830565209685,0.039588810801366295,False,,False
morgan_105,Morgan bit,uint8,0,0,0.0,1.0,0.010846812559467175,0.0,0.10359151176742631,0.010729159216766959,False,,False
morgan_106,Morgan bit,uint8,0,0,0.0,1.0,0.008372978116079923,0.0,0.09112876411330573,0.008302871353547571,False,,False
morgan_107,Morgan bit,uint8,0,0,0.0,1.0,0.03311132254995243,0.0,0.1789442827096909,0.03201496286894544,False,,False
morgan_108,Morgan bit,uint8,0,0,0.0,1.0,0.011607992388201713,0.0,0.10712343635962758,0.011473246900917161,False,,False
morgan_109,Morgan bit,uint8,0,0,0.0,1.0,0.00818268315889629,0.0,0.09009590185494486,0.008115726855217406,False,,False
morgan_110,Morgan bit,uint8,0,0,0.0,1.0,0.020361560418648905,0.0,0.14124717273528276,0.01994696727596662,False,,False
morgan_111,Morgan bit,uint8,0,0,0.0,1.0,0.002283539486203616,0.0,0.04773634432885548,0.002278324933618565,False,,False
morgan_112,Morgan bit,uint8,0,0,0.0,1.0,0.0433872502378687,0.0,0.2037466476078845,0.04150479675466527,False,,False
morgan_113,Morgan bit,uint8,0,0,0.0,1.0,0.006660323501427212,0.0,0.08134631409237958,0.0066159635922835485,False,,False
morgan_114,Morgan bit,uint8,0,0,0.0,1.0,0.1434823977164605,0.0,0.3505974758178196,0.12289519926199596,False,,False
morgan_115,Morgan bit,uint8,0,0,0.0,1.0,0.009324452901998096,0.0,0.09612109896240671,0.009237507480076516,False,,False
morgan_116,Morgan bit,uint8,0,0,0.0,1.0,0.059181731684110374,0.0,0.23598697382895398,0.05567925431898034,False,,False
morgan_117,Morgan bit,uint8,0,0,0.0,1.0,0.02264509990485252,0.0,0.14878343933960217,0.022132299355151767,False,,False
morgan_118,Morgan bit,uint8,0,0,0.0,1.0,0.02797335870599429,0.0,0.1649121741265524,0.027190849908700066,False,,False
morgan_119,Morgan bit,uint8,0,0,0.0,1.0,0.24414843006660322,0.0,0.42962204072063515,0.18453997416261617,False,,False
morgan_120,Morgan bit,uint8,0,0,0.0,1.0,0.02264509990485252,0.0,0.14878343933960217,0.022132299355151774,False,,False
morgan_121,Morgan bit,uint8,0,0,0.0,1.0,0.2043767840152236,0.0,0.403283849584952,0.1626069141708182,False,,False
morgan_122,Morgan bit,uint8,0,0,0.0,1.0,0.006470028544243577,0.0,0.08018348181214625,0.006428167274880251,False,,False
morgan_123,Morgan bit,uint8,0,0,0.0,1.0,0.05708848715509039,0.0,0.232033698416608,0.05382939178943347,False,,False
morgan_124,Morgan bit,uint8,0,0,0.0,1.0,0.007231208372978116,0.0,0.08473655864118812,0.007178917998444689,False,,False
morgan_125,Morgan bit,uint8,0,0,0.0,1.0,0.012940057088487155,0.0,0.11302673594022633,0.012772612011033847,False,,False
morgan_126,Morgan bit,uint8,0,0,0.0,1.0,0.009324452901998096,0.0,0.09612109896240673,0.009237507480076517,False,,False
morgan_127,Morgan bit,uint8,0,0,0.0,1.0,0.018839200761179828,0.0,0.1359698621445886,0.018484285275859793,False,,False
morgan_128,Morgan bit,uint8,0,0,0.0,1.0,0.4751665080875357,0.0,0.4994304386957379,0.2493832976794336,False,,False
morgan_129,Morgan bit,uint8,0,0,0.0,1.0,0.006470028544243577,0.0,0.08018348181214625,0.006428167274880251,False,,False
morgan_130,Morgan bit,uint8,0,0,0.0,1.0,0.012178877259752616,0.0,0.10969431160090859,0.012030552208444498,False,,False
morgan_131,Morgan bit,uint8,0,0,0.0,1.0,0.028163653663177926,0.0,0.1654559510195925,0.027370462275518485,False,,False
morgan_132,Morgan bit,uint8,0,0,0.0,1.0,0.01065651760228354,0.0,0.10268866971646415,0.010542956234875762,False,,False
morgan_133,Morgan bit,uint8,0,0,0.0,1.0,0.02759276879162702,0.0,0.16381854216011443,0.02683140790203884,False,,False
morgan_134,Morgan bit,uint8,0,0,0.0,1.0,0.003996194100856327,0.0,0.06309502432349012,0.00398022453356461,False,,False
morgan_135,Morgan bit,uint8,0,0,0.0,1.0,0.005899143672692674,0.0,0.07658629083635349,0.005864343776621602,False,,False
morgan_136,Morgan bit,uint8,0,0,0.0,1.0,0.12407231208372978,0.0,0.32969540236494066,0.10867837345792732,False,,False
morgan_137,Morgan bit,uint8,0,0,0.0,1.0,0.009895337773549001,0.0,0.09899133708755185,0.009797420063896375,False,,False
morgan_138,Morgan bit,uint8,0,0,0.0,1.0,0.08772597526165557,0.0,0.282922888353955,0.08003012852604696,False,,False
morgan_139,Morgan bit,uint8,0,0,0.0,1.0,0.1587059942911513,0.0,0.36543647106117944,0.13351840166720835,False,,False
morgan_140,Morgan bit,uint8,0,0,0.0,1.0,0.056517602283539484,0.0,0.2309404945306134,0.05332336291565912,False,,False
morgan_141,Morgan bit,uint8,0,0,0.0,1.0,0.023215984776403426,0.0,0.15060318379067253,0.022677002827265227,False,,False
morgan_142,Morgan bit,uint8,0,0,0.0,1.0,0.06622264509990486,0.0,0.24869454341441075,0.061837206375876905,False,,False
morgan_143,Morgan bit,uint8,0,0,0.0,1.0,0.00818268315889629,0.0,0.09009590185494486,0.008115726855217406,False,,False
morgan_144,Morgan bit,uint8,0,0,0.0,1.0,0.048905803996194104,0.0,0.21569163034532338,0.04651402633167994,False,,False
morgan_145,Morgan bit,uint8,0,0,0.0,1.0,0.05309229305423406,0.0,0.22423886836841356,0.0502735014724774,False,,False
morgan_146,Morgan bit,uint8,0,0,0.0,1.0,0.006470028544243577,0.0,0.08018348181214625,0.006428167274880251,False,,False
morgan_147,Morgan bit,uint8,0,0,0.0,1.0,0.17069457659372025,0.0,0.3762776647690896,0.14155793811521084,False,,False
morgan_148,Morgan bit,uint8,0,0,0.0,1.0,0.005137963843958135,0.0,0.07150201438916155,0.005111565171496314,False,,False
morgan_149,Morgan bit,uint8,0,0,0.0,1.0,0.016175071360608945,0.0,0.12616048212709915,0.01591343842708815,False,,False
morgan_150,Morgan bit,uint8,0,0,0.0,1.0,0.003805899143672693,0.0,0.06158032071790107,0.0037914142753808847,False,,False
morgan_151,Morgan bit,uint8,0,0,0.0,1.0,0.01313035204567079,0.0,0.11384380616402712,0.012957945900827536,False,,False
morgan_152,Morgan bit,uint8,0,0,0.0,1.0,0.030637488106565178,0.0,0.17234989133386375,0.02969883242908526,False,,False
morgan_153,Morgan bit,uint8,0,0,0.0,1.0,0.003615604186489058,0.0,0.060026804570385346,0.003602531592855701,False,,False
morgan_154,Morgan bit,uint8,0,0,0.0,1.0,0.0009514747859181732,0.0,0.030834240782893967,0.000950569481649935,False,,False
morgan_155,Morgan bit,uint8,0,0,0.0,1.0,0.007421503330161751,0.0,0.0858360453349554,0.00736642461848215,False,,False
morgan_156,Morgan bit,uint8,0,0,0.0,1.0,0.009514747859181731,0.0,0.09708764676696534,0.009424217432357931,False,,False
morgan_157,Morgan bit,uint8,0,0,0.0,1.0,0.07573739295908659,0.0,0.264602652453157,0.0700012402668475,False,,False
morgan_158,Morgan bit,uint8,0,0,0.0,1.0,0.0346336822074215,0.0,0.18286758551732638,0.03343419026417684,False,,False
morgan_159,Morgan bit,uint8,0,0,0.0,1.0,0.0032350142721217887,0.0,0.05679051581889696,0.0032245489547809572,False,,False
morgan_160,Morgan bit,uint8,0,0,0.0,1.0,0.030066603235014273,0.0,0.17078686470972732,0.0291626026049225,False,,False
morgan_161,Morgan bit,uint8,0,0,0.0,1.0,0.013701236917221693,0.0,0.11625869888739065,0.013513513024159858,False,,False
morgan_162,Morgan bit,uint8,0,0,0.0,1.0,0.04300666032350143,0.0,0.2028914019079998,0.041157087491320396,False,,False
morgan_163,Morgan bit,uint8,0,0,0.0,1.0,0.009514747859181731,0.0,0.09708764676696534,0.009424217432357931,False,,False
morgan_164,Morgan bit,uint8,0,0,0.0,1.0,0.011798287345385348,0.0,0.10798753098848311,0.011659087761101068,False,,False
morgan_165,Morgan bit,uint8,0,0,0.0,1.0,0.09000951474785918,0.0,0.2862226259592575,0.08190780200271408,False,,False
morgan_166,Morgan bit,uint8,0,0,0.0,1.0,0.004757373929590866,0.0,0.06881600461934799,0.004734741322884916,False,,False
morgan_167,Morgan bit,uint8,0,0,0.0,1.0,0.01769743101807802,0.0,0.13186182432665733,0.017384231953438398,False,,False
morgan_168,Morgan bit,uint8,0,0,0.0,1.0,0.006470028544243577,0.0,0.08018348181214625,0.006428167274880251,False,,False
morgan_169,Morgan bit,uint8,0,0,0.0,1.0,0.0034253092293054233,0.0,0.05843138023371384,0.0034135764859890582,False,,False
morgan_170,Morgan bit,uint8,0,0,0.0,1.0,0.00780209324452902,0.0,0.08799257912547127,0.0077412205855326936,False,,False
morgan_171,Morgan bit,uint8,0,0,0.0,1.0,0.06450999048525215,0.0,0.24568259564858264,0.06034845161284482,False,,False
morgan_172,Morgan bit,uint8,0,0,0.0,1.0,0.011227402473834443,0.0,0.10537296066890282,0.01110134790752498,False,,False
morgan_173,Morgan bit,uint8,0,0,0.0,1.0,0.01313035204567079,0.0,0.11384380616402712,0.012957945900827536,False,,False
morgan_174,Morgan bit,uint8,0,0,0.0,1.0,0.0019029495718363464,0.0,0.04358543169641933,0.0018993283547633945,False,,False
morgan_175,Morgan bit,uint8,0,0,0.0,1.0,0.5284490960989534,1.0,0.4992374962685328,0.2491906489311526,False,,False
morgan_176,Morgan bit,uint8,0,0,0.0,1.0,0.019029495718363463,0.0,0.13664160052605215,0.01866737401106825,False,,False
morgan_177,Morgan bit,uint8,0,0,0.0,1.0,0.007992388201712655,0.0,0.08905065398506135,0.007928509932545779,False,,False
morgan_178,Morgan bit,uint8,0,0,0.0,1.0,0.0032350142721217887,0.0,0.05679051581889696,0.0032245489547809572,False,,False
morgan_179,Morgan bit,uint8,0,0,0.0,1.0,0.03387250237868696,0.0,0.1809181709467564,0.03272515596129281,False,,False
morgan_180,Morgan bit,uint8,0,0,0.0,1.0,0.005899143672692674,0.0,0.07658629083635349,0.005864343776621602,False,,False
morgan_181,Morgan bit,uint8,0,0,0.0,1.0,0.015413891531874405,0.0,0.1232038635896228,0.015176303479718014,False,,False
morgan_182,Morgan bit,uint8,0,0,0.0,1.0,0.01274976213130352,0.0,0.11220339315085193,0.012587205696898694,False,,False
morgan_183,Morgan bit,uint8,0,0,0.0,1.0,0.0024738344433872504,0.0,0.04968082396210692,0.0024677145865339613,False,,False
morgan_184,Morgan bit,uint8,0,0,0.0,1.0,0.030066603235014273,0.0,0.17078686470972732,0.0291626026049225,False,,False
morgan_185,Morgan bit,uint8,0,0,0.0,1.0,0.01598477640342531,0.0,0.1254282946386033,0.015729263326757805,False,,False
morgan_186,Morgan bit,uint8,0,0,0.0,1.0,0.002664129400570885,0.0,0.051551309693339445,0.002657031815107899,False,,False
morgan_187,Morgan bit,uint8,0,0,0.0,1.0,0.010846812559467175,0.0,0.10359151176742631,0.010729159216766957,False,,False
morgan_188,Morgan bit,uint8,0,0,0.0,1.0,0.012559467174119886,0.0,0.11137363868394341,0.012401726958422092,False,,False
morgan_189,Morgan bit,uint8,0,0,0.0,1.0,0.0017126546146527116,0.0,0.04135271263308155,0.0017097214288236205,False,,False
morgan_190,Morgan bit,uint8,0,0,0.0,1.0,0.09628924833491913,0.0,0.2950155778220792,0.0870176289900154,False,,False
morgan_191,Morgan bit,uint8,0,0,0.0,1.0,0.09514747859181731,0.0,0.29344645570306677,0.086094435909437,False,,False
morgan_192,Morgan bit,uint8,0,0,0.0,1.0,0.03330161750713606,0.0,0.17944009317243845,0.03219261977854448,False,,False
morgan_193,Morgan bit,uint8,0,0,0.0,1.0,0.02169362511893435,0.0,0.1456950621981507,0.02122301174813349,False,,False
morgan_194,Morgan bit,uint8,0,0,0.0,1.0,0.013701236917221693,0.0,0.11625869888739065,0.013513513024159858,False,,False
morgan_195,Morgan bit,uint8,0,0,0.0,1.0,0.011988582302568981,0.0,0.10884443321711934,0.011844856196943514,False,,False
morgan_196,Morgan bit,uint8,0,0,0.0,1.0,0.03254043767840152,0.0,0.1774473147612737,0.031481557594099575,False,,False
morgan_197,Morgan bit,uint8,0,0,0.0,1.0,0.17507136060894388,0.0,0.3800642935010799,0.144421379303477,False,,False
morgan_198,Morgan bit,uint8,0,0,0.0,1.0,0.009895337773549001,0.0,0.09899133708755185,0.009797420063896375,False,,False
morgan_199,Morgan bit,uint8,0,0,0.0,1.0,0.009134157944814463,0.0,0.09514435211092918,0.00905072510345365,False,,False
morgan_200,Morgan bit,uint8,0,0,0.0,1.0,0.03330161750713606,0.0,0.17944009317243842,0.03219261977854447,False,,False
morgan_201,Morgan bit,uint8,0,0,0.0,1.0,0.018839200761179828,0.0,0.1359698621445886,0.018484285275859793,False,,False
morgan_202,Morgan bit,uint8,0,0,0.0,1.0,0.03196955280685062,0.0,0.17593575752061516,0.030947500500180594,False,,False
morgan_203,Morgan bit,uint8,0,0,0.0,1.0,0.05518553758325404,0.0,0.22836378414785188,0.05214009402490131,False,,False
morgan_204,Morgan bit,uint8,0,0,0.0,1.0,0.009514747859181731,0.0,0.09708764676696534,0.009424217432357931,False,,False
morgan_205,Morgan bit,uint8,0,0,0.0,1.0,0.009514747859181731,0.0,0.09708764676696534,0.00942421743235793,False,,False
morgan_206,Morgan bit,uint8,0,0,0.0,1.0,0.01351094196003806,0.0,0.11545966056054487,0.013328396407390539,False,,False
morgan_207,Morgan bit,uint8,0,0,0.0,1.0,0.01807802093244529,0.0,0.1332463309046316,0.017751206091611363,False,,False
morgan_208,Morgan bit,uint8,0,0,0.0,1.0,0.009514747859181731,0.0,0.09708764676696532,0.009424217432357928,False,,False
morgan_209,Morgan bit,uint8,0,0,0.0,1.0,0.014652711703139866,0.0,0.12016970394513567,0.014438009742884532,False,,False
morgan_210,Morgan bit,uint8,0,0,0.0,1.0,0.01313035204567079,0.0,0.11384380616402713,0.012957945900827538,False,,False
morgan_211,Morgan bit,uint8,0,0,0.0,1.0,0.007611798287345386,0.0,0.08692120885613278,0.007553858814178151,False,,False
morgan_212,Morgan bit,uint8,0,0,0.0,1.0,0.22207421503330163,0.0,0.4156803328794549,0.1727572580506445,False,,False
morgan_213,Morgan bit,uint8,0,0,0.0,1.0,0.013891531874405328,0.0,0.11705197340965948,0.013698557216587713,False,,False
morgan_214,Morgan bit,uint8,0,0,0.0,1.0,0.060133206470028545,0.0,0.2377560954751053,0.05651720394966147,False,,False
morgan_215,Morgan bit,uint8,0,0,0.0,1.0,0.009895337773549001,0.0,0.09899133708755185,0.009797420063896375,False,,False
morgan_216,Morgan bit,uint8,0,0,0.0,1.0,0.12369172216936251,0.0,0.32926085468550437,0.10839208003613973,False,,False
morgan_217,Morgan bit,uint8,0,0,0.0,1.0,0.01598477640342531,0.0,0.1254282946386033,0.015729263326757805,False,,False
morgan_218,Morgan bit,uint8,0,0,0.0,1.0,0.013891531874405328,0.0,0.11705197340965948,0.013698557216587713,False,,False
morgan_219,Morgan bit,uint8,0,0,0.0,1.0,0.09762131303520456,0.0,0.29683018514766374,0.08809139227648714,False,,False
morgan_220,Morgan bit,uint8,0,0,0.0,1.0,0.008372978116079923,0.0,0.09112876411330571,0.00830287135354757,False,,False
morgan_221,Morgan bit,uint8,0,0,0.0,1.0,0.12768791627021883,0.0,0.3337737438771463,0.11138371230878842,False,,False
morgan_222,Morgan bit,uint8,0,0,0.0,1.0,0.022454804947668886,0.0,0.1481714026504899,0.02195058668243103,False,,False
morgan_223,Morgan bit,uint8,0,0,0.0,1.0,0.011607992388201713,0.0,0.1071234363596276,0.011473246900917163,False,,False
morgan_224,Morgan bit,uint8,0,0,0.0,1.0,0.011988582302568981,0.0,0.10884443321711934,0.011844856196943514,False,,False
morgan_225,Morgan bit,uint8,0,0,0.0,1.0,0.05004757373929591,0.0,0.21806389655749017,0.04754281410210564,False,,False
morgan_226,Morgan bit,uint8,0,0,0.0,1.0,0.016555661274976215,0.0,0.1276114032731854,0.016281571354724467,False,,False
morgan_227,Morgan bit,uint8,0,0,0.0,1.0,0.02302568981921979,0.0,0.1499992967448775,0.022495507427568867,False,,False
morgan_228,Morgan bit,uint8,0,0,0.0,1.0,0.018839200761179828,0.0,0.1359698621445886,0.018484285275859793,False,,False
morgan_229,Morgan bit,uint8,0,0,0.0,1.0,0.0041864890580399616,0.0,0.06457364672153795,0.004168962367406873,False,,False
morgan_230,Morgan bit,uint8,0,0,0.0,1.0,0.025689819219790674,0.0,0.158223311713209,0.025029852408245155,False,,False
morgan_231,Morgan bit,uint8,0,0,0.0,1.0,0.1219790675547098,0.0,0.3272927728126723,0.10710017463319337,False,,False
morgan_232,Morgan bit,uint8,0,0,0.0,1.0,0.013891531874405328,0.0,0.11705197340965948,0.013698557216587713,False,,False
morgan_233,Morgan bit,uint8,0,0,0.0,1.0,0.05423406279733587,0.0,0.22650053385216937,0.0512927292298305,False,,False
morgan_234,Morgan bit,uint8,0,0,0.0,1.0,0.019600380589914368,0.0,0.13863572091518536,0.019216205670644873,False,,False
morgan_235,Morgan bit,uint8,0,0,0.0,1.0,0.045861084681255944,0.0,0.20920366649592062,0.04375784559311462,False,,False
morgan_236,Morgan bit,uint8,0,0,0.0,1.0,0.01636536631779258,0.0,0.12688815928608102,0.01609754110307704,False,,False
morgan_237,Morgan bit,uint8,0,0,0.0,1.0,0.19295908658420552,0.0,0.3946587348307764,0.15572587748879463,False,,False
morgan_238,Morgan bit,uint8,0,0,0.0,1.0,0.012178877259752616,0.0,0.10969431160090859,0.012030552208444498,False,,False
morgan_239,Morgan bit,uint8,0,0,0.0,1.0,0.05195052331113226,0.0,0.22194828354019136,0.04925166643883176,False,,False
morgan_240,Morgan bit,uint8,0,0,0.0,1.0,0.017507136060894386,0.0,0.13116367662264183,0.017200636247839716,False,,False
morgan_241,Morgan bit,uint8,0,0,0.0,1.0,0.008753568030447193,0.0,0.09315897471508384,0.008676943077183526,False,,False
morgan_242,Morgan bit,uint8,0,0,0.0,1.0,0.024738344433872503,0.0,0.15534140062064186,0.024126358748543592,False,,False
morgan_243,Morgan bit,uint8,0,0,0.0,1.0,0.031018078020932444,0.0,0.17338303677823147,0.030055956856819787,False,,False
morgan_244,Morgan bit,uint8,0,0,0.0,1.0,0.003615604186489058,0.0,0.060026804570385346,0.003602531592855701,False,,False
morgan_245,Morgan bit,uint8,0,0,0.0,1.0,0.015223596574690771,0.0,0.12245281579576797,0.014991838682021835,False,,False
morgan_246,Morgan bit,uint8,0,0,0.0,1.0,0.006089438629876308,0.0,0.07780430141930465,0.006052357367049276,False,,False
morgan_247,Morgan bit,uint8,0,0,0.0,1.0,0.001141769743101808,0.0,0.033774001409527576,0.0011404661049555448,False,,False
morgan_248,Morgan bit,uint8,0,0,0.0,1.0,0.024928639391056138,0.0,0.15592250879067268,0.024307202329166822,False,,False
morgan_249,Morgan bit,uint8,0,0,0.0,1.0,0.22017126546146526,0.0,0.41440144594973505,0.17169587932656225,False,,False
morgan_250,Morgan bit,uint8,0,0,0.0,1.0,0.13701236917221693,0.0,0.34389312965001256,0.11823997986603307,False,,False
morgan_251,Morgan bit,uint8,0,0,0.0,1.0,0.06888677450047574,0.0,0.25328559948207074,0.06414138679939634,False,,False
morgan_252,Morgan bit,uint8,0,0,0.0,1.0,0.04281636536631779,0.0,0.2024621559437107,0.040983124223135776,False,,False
morgan_253,Morgan bit,uint8,0,0,0.0,1.0,0.0034253092293054233,0.0,0.05843138023371384,0.0034135764859890582,False,,False
morgan_254,Morgan bit,uint8,0,0,0.0,1.0,0.011037107516650808,0.0,0.10448620623918986,0.0109152897743167,False,,False
morgan_255,Morgan bit,uint8,0,0,0.0,1.0,0.09914367269267364,0.0,0.29888326171826307,0.08931420485768163,False,,False
morgan_256,Morgan bit,uint8,0,0,0.0,1.0,0.047954329210275926,0.0,0.21368996475083535,0.0456547115202684,False,,False
morgan_257,Morgan bit,uint8,0,0,0.0,1.0,0.030447193149381543,0.0,0.17183067300625365,0.0295201615787058,False,,False
morgan_258,Morgan bit,uint8,0,0,0.0,1.0,0.01731684110371075,0.0,0.13046151531182526,0.017016968117899583,False,,False
morgan_259,Morgan bit,uint8,0,0,0.0,1.0,0.002283539486203616,0.0,0.04773634432885548,0.002278324933618565,False,,False
morgan_260,Morgan bit,uint8,0,0,0.0,1.0,0.009134157944814463,0.0,0.09514435211092917,0.009050725103453647,False,,False
morgan_261,Morgan bit,uint8,0,0,0.0,1.0,0.018268315889628926,0.0,0.1339328116435761,0.01793458452418565,False,,False
morgan_262,Morgan bit,uint8,0,0,0.0,1.0,0.01560418648905804,0.0,0.12395006846461369,0.015360695853072738,False,,False
morgan_263,Morgan bit,uint8,0,0,0.0,1.0,0.011227402473834443,0.0,0.10537296066890281,0.011101347907524978,False,,False
morgan_264,Morgan bit,uint8,0,0,0.0,1.0,0.03254043767840152,0.0,0.1774473147612737,0.031481557594099575,False,,False
morgan_265,Morgan bit,uint8,0,0,0.0,1.0,0.029686013320647003,0.0,0.1697357840187834,0.028804753933773374,False,,False
morgan_266,Morgan bit,uint8,0,0,0.0,1.0,0.029495718363463368,0.0,0.1692074742108875,0.028625720961686613,False,,False
morgan_267,Morgan bit,uint8,0,0,0.0,1.0,0.009705042816365366,0.0,0.098044297160147,0.00961085496029788,False,,False
morgan_268,Morgan bit,uint8,0,0,0.0,1.0,0.06831588962892483,0.0,0.25231120309965577,0.0636488288531334,False,,False
morgan_269,Morgan bit,uint8,0,0,0.0,1.0,0.0041864890580399616,0.0,0.06457364672153795,0.004168962367406872,False,,False
morgan_270,Morgan bit,uint8,0,0,0.0,1.0,0.048334919124643196,0.0,0.2144933791423773,0.0459986547178574,False,,False
morgan_271,Morgan bit,uint8,0,0,0.0,1.0,0.07440532825880114,0.0,0.2624543452424811,0.0688691753855012,False,,False
morgan_272,Morgan bit,uint8,0,0,0.0,1.0,0.037488106565176024,0.0,0.18997267199069762,0.036082748431334036,False,,False
morgan_273,Morgan bit,uint8,0,0,0.0,1.0,0.012940057088487155,0.0,0.11302673594022633,0.012772612011033847,False,,False
morgan_274,Morgan bit,uint8,0,0,0.0,1.0,0.02721217887725975,0.0,0.16271666965397172,0.02647167619801177,False,,False
morgan_275,Morgan bit,uint8,0,0,0.0,1.0,0.09077069457659372,0.0,0.2873100831444458,0.08253137558267645,False,,False
morgan_276,Morgan bit,uint8,0,0,0.0,1.0,0.24091341579448144,0.0,0.4276785574882691,0.1828741418847167,False,,False
morgan_277,Morgan bit,uint8,0,0,0.0,1.0,0.00818268315889629,0.0,0.09009590185494486,0.008115726855217406,False,,False
morgan_278,Morgan bit,uint8,0,0,0.0,1.0,0.018268315889628926,0.0,0.13393281164357612,0.017934584524185653,False,,False
morgan_279,Morgan bit,uint8,0,0,0.0,1.0,0.008943862987630828,0.0,0.09415708881093385,0.008863870302489314,False,,False
morgan_280,Morgan bit,uint8,0,0,0.0,1.0,0.20361560418648905,0.0,0.40272466191637185,0.16215628991826006,False,,False
morgan_281,Morgan bit,uint8,0,0,0.0,1.0,0.04529019980970504,0.0,0.20795967719771313,0.043238997610902045,False,,False
morgan_282,Morgan bit,uint8,0,0,0.0,1.0,0.019029495718363463,0.0,0.13664160052605215,0.018667374011068254,False,,False
morgan_283,Morgan bit,uint8,0,0,0.0,1.0,0.10085632730732635,0.0,0.3011670443530031,0.0906843285494038,False,,False
morgan_284,Morgan bit,uint8,0,0,0.0,1.0,0.04643196955280685,0.0,0.2104387532451214,0.04427604175625408,False,,False
morgan_285,Morgan bit,uint8,0,0,0.0,1.0,0.03120837297811608,0.0,0.17389699533078753,0.03023441043417488,False,,False
morgan_286,Morgan bit,uint8,0,0,0.0,1.0,0.010085632730732635,0.0,0.09992903978828857,0.009983912743153411,False,,False
morgan_287,Morgan bit,uint8,0,0,0.0,1.0,0.0009514747859181732,0.0,0.030834240782893967,0.000950569481649935,False,,False
morgan_288,Morgan bit,uint8,0,0,0.0,1.0,0.035965746907706944,0.0,0.18622247759054916,0.03467221195707772,False,,False
morgan_289,Morgan bit,uint8,0,0,0.0,1.0,0.1411988582302569,0.0,0.3482597027427422,0.12126174066472872,False,,False
morgan_290,Morgan bit,uint8,0,0,0.0,1.0,0.008563273073263558,0.0,0.09214965723460457,0.008489943427536279,False,,False
morgan_291,Morgan bit,uint8,0,0,0.0,1.0,0.013320647002854425,0.0,0.11465473792389676,0.01314320736627977,False,,False
morgan_292,Morgan bit,uint8,0,0,0.0,1.0,0.0009514747859181732,0.0,0.030834240782893967,0.000950569481649935,False,,False
morgan_293,Morgan bit,uint8,0,0,0.0,1.0,0.022835394862036156,0.0,0.14939272620145364,0.022313939603531053,False,,False
morgan_294,Morgan bit,uint8,0,0,0.0,1.0,0.17545195052331114,0.0,0.3803894037939924,0.1446685635808767,False,,False
morgan_295,Morgan bit,uint8,0,0,0.0,1.0,0.00780209324452902,0.0,0.08799257912547129,0.007741220585532695,False,,False
morgan_296,Morgan bit,uint8,0,0,0.0,1.0,0.02626070409134158,0.0,0.15992481510262874,0.02557107951196858,False,,False
morgan_297,Morgan bit,uint8,0,0,0.0,1.0,0.02549952426260704,0.0,0.15765160361126976,0.02484929852498776,False,,False
morgan_298,Morgan bit,uint8,0,0,0.0,1.0,0.01351094196003806,0.0,0.11545966056054487,0.013328396407390539,False,,False
morgan_299,Morgan bit,uint8,0,0,0.0,1.0,0.01769743101807802,0.0,0.13186182432665733,0.017384231953438398,False,,False
morgan_300,Morgan bit,uint8,0,0,0.0,1.0,0.005137963843958135,0.0,0.07150201438916155,0.005111565171496313,False,,False
morgan_301,Morgan bit,uint8,0,0,0.0,1.0,0.26070409134157946,0.0,0.4390605334670277,0.19273746809934084,False,,False
morgan_302,Morgan bit,uint8,0,0,0.0,1.0,0.019410085632730733,0.0,0.13797447896385978,0.019033334208460793,False,,False
morgan_303,Morgan bit,uint8,0,0,0.0,1.0,0.010085632730732635,0.0,0.09992903978828857,0.009983912743153413,False,,False
morgan_304,Morgan bit,uint8,0,0,0.0,1.0,0.1434823977164605,0.0,0.3505974758178195,0.12289519926199595,False,,False
morgan_305,Morgan bit,uint8,0,0,0.0,1.0,0.05404376784015224,0.0,0.2261255609300676,0.05112303899779197,False,,False
morgan_306,Morgan bit,uint8,0,0,0.0,1.0,0.0034253092293054233,0.0,0.05843138023371384,0.0034135764859890582,False,,False
morgan_307,Morgan bit,uint8,0,0,0.0,1.0,0.002664129400570885,0.0,0.051551309693339445,0.002657031815107899,False,,False
morgan_308,Morgan bit,uint8,0,0,0.0,1.0,0.014462416745956231,0.0,0.11939835881057653,0.014253255247822517,False,,False
morgan_309,Morgan bit,uint8,0,0,0.0,1.0,0.014272121788772598,0.0,0.11862169274180305,0.014068428328419041,False,,False
morgan_310,Morgan bit,uint8,0,0,0.0,1.0,0.2962892483349191,0.0,0.4566635677099377,0.20850192965604772,False,,False
morgan_311,Morgan bit,uint8,0,0,0.0,1.0,0.0013320647002854425,0.0,0.03647661579201106,0.0013302903039196959,False,,False
morgan_312,Morgan bit,uint8,0,0,0.0,1.0,0.005137963843958135,0.0,0.07150201438916155,0.005111565171496313,False,,False
morgan_313,Morgan bit,uint8,0,0,0.0,1.0,0.002283539486203616,0.0,0.04773634432885548,0.002278324933618565,False,,False
morgan_314,Morgan bit,uint8,0,0,0.0,1.0,0.3044719314938154,0.0,0.46022720543897633,0.21176877442624087,False,,False
morgan_315,Morgan bit,uint8,0,0,0.0,1.0,0.021122740247383445,0.0,0.14380718162780096,0.020676570091825015,False,,False
morgan_316,Morgan bit,uint8,0,0,0.0,1.0,0.004376784015223597,0.0,0.06601861229477718,0.00435762777690768,False,,False
morgan_317,Morgan bit,uint8,0,0,0.0,1.0,0.024738344433872503,0.0,0.15534140062064186,0.024126358748543596,False,,False
morgan_318,Morgan bit,uint8,0,0,0.0,1.0,0.019029495718363463,0.0,0.13664160052605212,0.018667374011068247,False,,False
morgan_319,Morgan bit,uint8,0,0,0.0,1.0,0.030637488106565178,0.0,0.17234989133386375,0.02969883242908526,False,,False
morgan_320,Morgan bit,uint8,0,0,0.0,1.0,0.02797335870599429,0.0,0.16491217412655237,0.027190849908700063,False,,False
morgan_321,Morgan bit,uint8,0,0,0.0,1.0,0.012559467174119886,0.0,0.1113736386839434,0.012401726958422088,False,,False
morgan_322,Morgan bit,uint8,0,0,0.0,1.0,0.30085632730732637,0.0,0.45867399340733217,0.2103417976264733,False,,False
morgan_323,Morgan bit,uint8,0,0,0.0,1.0,0.04148430066603235,0.0,0.1994264818676771,0.03976335346428258,False,,False
morgan_324,Morgan bit,uint8,0,0,0.0,1.0,0.004376784015223597,0.0,0.06601861229477718,0.00435762777690768,False,,False
morgan_325,Morgan bit,uint8,0,0,0.0,1.0,0.15775451950523312,0.0,0.3645453607022689,0.1328680310809061,False,,False
morgan_326,Morgan bit,uint8,0,0,0.0,1.0,0.01313035204567079,0.0,0.11384380616402712,0.012957945900827536,False,,False
morgan_327,Morgan bit,uint8,0,0,0.0,1.0,0.021122740247383445,0.0,0.14380718162780098,0.020676570091825018,False,,False
morgan_328,Morgan bit,uint8,0,0,0.0,1.0,0.05004757373929591,0.0,0.21806389655749017,0.047542814102105646,False,,False
morgan_329,Morgan bit,uint8,0,0,0.0,1.0,0.03368220742150333,0.0,0.18042702449979708,0.03254771632471816,False,,False
morgan_330,Morgan bit,uint8,0,0,0.0,1.0,0.009324452901998096,0.0,0.09612109896240674,0.009237507480076517,False,,False
morgan_331,Morgan bit,uint8,0,0,0.0,1.0,0.009895337773549001,0.0,0.09899133708755185,0.009797420063896375,False,,False
morgan_332,Morgan bit,uint8,0,0,0.0,1.0,0.013891531874405328,0.0,0.11705197340965946,0.01369855721658771,False,,False
morgan_333,Morgan bit,uint8,0,0,0.0,1.0,0.41617507136060894,0.0,0.49297020878352055,0.24297338133860102,False,,False
morgan_334,Morgan bit,uint8,0,0,0.0,1.0,0.03215984776403425,0.0,0.17644125403758815,0.03112559195582839,False,,False
morgan_335,Morgan bit,uint8,0,0,0.0,1.0,0.0068506184586108465,0.0,0.0824923174555503,0.006803687485345388,False,,False
morgan_336,Morgan bit,uint8,0,0,0.0,1.0,0.005708848715509039,0.0,0.07534811298678264,0.0056762577618524705,False,,False
morgan_337,Morgan bit,uint8,0,0,0.0,1.0,0.0019029495718363464,0.0,0.04358543169641933,0.001899328354763394,False,,False
morgan_338,Morgan bit,uint8,0,0,0.0,1.0,0.017507136060894386,0.0,0.13116367662264183,0.01720063624783972,False,,False
morgan_339,Morgan bit,uint8,0,0,0.0,1.0,0.006089438629876308,0.0,0.07780430141930465,0.006052357367049276,False,,False
morgan_340,Morgan bit,uint8,0,0,0.0,1.0,0.004947668886774501,0.0,0.0701721205023906,0.004923189459361344,False,,False
morgan_341,Morgan bit,uint8,0,0,0.0,1.0,0.03273073263558516,0.0,0.17794790685369796,0.031659431776723,False,,False
morgan_342,Morgan bit,uint8,0,0,0.0,1.0,0.018268315889628926,0.0,0.13393281164357612,0.017934584524185653,False,,False
morgan_343,Morgan bit,uint8,0,0,0.0,1.0,0.030447193149381543,0.0,0.17183067300625368,0.02952016157870581,False,,False
morgan_344,Morgan bit,uint8,0,0,0.0,1.0,0.011227402473834443,0.0,0.10537296066890281,0.011101347907524978,False,,False
morgan_345,Morgan bit,uint8,0,0,0.0,1.0,0.04224548049476689,0.0,0.20116784242061347,0.040460799872533156,False,,False
morgan_346,Morgan bit,uint8,0,0,0.0,1.0,0.013701236917221693,0.0,0.11625869888739065,0.013513513024159858,False,,False
morgan_347,Morgan bit,uint8,0,0,0.0,1.0,0.007992388201712655,0.0,0.08905065398506137,0.00792850993254578,False,,False
morgan_348,Morgan bit,uint8,0,0,0.0,1.0,0.004757373929590866,0.0,0.06881600461934799,0.004734741322884916,False,,False
morgan_349,Morgan bit,uint8,0,0,0.0,1.0,0.018268315889628926,0.0,0.13393281164357612,0.017934584524185653,False,,False
morgan_350,Morgan bit,uint8,0,0,0.0,1.0,0.07649857278782113,0.0,0.2658194639008255,0.07064654114924757,False,,False
morgan_351,Morgan bit,uint8,0,0,0.0,1.0,0.004757373929590866,0.0,0.06881600461934799,0.004734741322884916,False,,False
morgan_352,Morgan bit,uint8,0,0,0.0,1.0,0.14804947668886775,0.0,0.35518282020685,0.12613082914102014,False,,False
morgan_353,Morgan bit,uint8,0,0,0.0,1.0,0.01313035204567079,0.0,0.11384380616402713,0.012957945900827538,False,,False
morgan_354,Morgan bit,uint8,0,0,0.0,1.0,0.04509990485252141,0.0,0.20754300811849047,0.04306590343481493,False,,False
morgan_355,Morgan bit,uint8,0,0,0.0,1.0,0.04300666032350143,0.0,0.2028914019079998,0.041157087491320396,False,,False
morgan_356,Morgan bit,uint8,0,0,0.0,1.0,0.99581351094196,1.0,0.06457364672153795,0.004168962367406873,False,,False
morgan_357,Morgan bit,uint8,0,0,0.0,1.0,0.0020932445290199808,0.0,0.045708428457847665,0.002088862856361709,False,,False
morgan_358,Morgan bit,uint8,0,0,0.0,1.0,0.017126546146527116,0.0,0.12975527523619304,0.016833227563618,False,,False
morgan_359,Morgan bit,uint8,0,0,0.0,1.0,0.016175071360608945,0.0,0.12616048212709915,0.01591343842708815,False,,False
morgan_360,Morgan bit,uint8,0,0,0.0,1.0,0.045861084681255944,0.0,0.2092036664959206,0.043757845593114617,False,,False
morgan_361,Morgan bit,uint8,0,0,0.0,1.0,0.32787821122740246,0.0,0.4694848601280481,0.2203740898297213,False,,False
morgan_362,Morgan bit,uint8,0,0,0.0,1.0,0.0068506184586108465,0.0,0.0824923174555503,0.006803687485345388,False,,False
morgan_363,Morgan bit,uint8,0,0,0.0,1.0,0.01560418648905804,0.0,0.12395006846461368,0.015360695853072736,False,,False
morgan_364,Morgan bit,uint8,0,0,0.0,1.0,0.03939105613701237,0.0,0.19454203363564443,0.03783940083342311,False,,False
morgan_365,Morgan bit,uint8,0,0,0.0,1.0,0.02264509990485252,0.0,0.14878343933960214,0.022132299355151763,False,,False
morgan_366,Morgan bit,uint8,0,0,0.0,1.0,0.04414843006660323,0.0,0.20544434292638608,0.042199346189257476,False,,False
morgan_367,Morgan bit,uint8,0,0,0.0,1.0,0.24376784015223596,0.0,0.42939511743347875,0.1843450802597499,False,,False
morgan_368,Morgan bit,uint8,0,0,0.0,1.0,0.02588011417697431,0.0,0.158792733396902,0.025210333867161084,False,,False
morgan_369,Morgan bit,uint8,0,0,0.0,1.0,0.008943862987630828,0.0,0.09415708881093385,0.008863870302489314,False,,False
morgan_370,Morgan bit,uint8,0,0,0.0,1.0,0.021883920076117985,0.0,0.14631844777653555,0.021405014118220066,False,,False
morgan_371,Morgan bit,uint8,0,0,0.0,1.0,0.020742150333016175,0.0,0.14253343300072865,0.02031191353257873,False,,False
morgan_372,Morgan bit,uint8,0,0,0.0,1.0,0.007611798287345386,0.0,0.08692120885613278,0.007553858814178151,False,,False
morgan_373,Morgan bit,uint8,0,0,0.0,1.0,0.0034253092293054233,0.0,0.05843138023371384,0.0034135764859890582,False,,False
morgan_374,Morgan bit,uint8,0,0,0.0,1.0,0.01351094196003806,0.0,0.11545966056054487,0.013328396407390539,False,,False
morgan_375,Morgan bit,uint8,0,0,0.0,1.0,0.009134157944814463,0.0,0.09514435211092917,0.009050725103453646,False,,False
morgan_376,Morgan bit,uint8,0,0,0.0,1.0,0.005899143672692674,0.0,0.07658629083635349,0.005864343776621602,False,,False
morgan_377,Morgan bit,uint8,0,0,0.0,1.0,0.003805899143672693,0.0,0.061580320717901066,0.003791414275380884,False,,False
morgan_378,Morgan bit,uint8,0,0,0.0,1.0,0.41769743101807805,0.0,0.4932267031338644,0.24322628713897593,False,,False
morgan_379,Morgan bit,uint8,0,0,0.0,1.0,0.011798287345385348,0.0,0.10798753098848311,0.011659087761101068,False,,False
morgan_380,Morgan bit,uint8,0,0,0.0,1.0,0.012559467174119886,0.0,0.1113736386839434,0.012401726958422088,False,,False
morgan_381,Morgan bit,uint8,0,0,0.0,1.0,0.1828734538534729,0.0,0.3865995280135496,0.1494307537291746,False,,False
morgan_382,Morgan bit,uint8,0,0,0.0,1.0,0.002283539486203616,0.0,0.04773634432885548,0.002278324933618565,False,,False
morgan_383,Morgan bit,uint8,0,0,0.0,1.0,0.019029495718363463,0.0,0.13664160052605215,0.018667374011068254,False,,False
morgan_384,Morgan bit,uint8,0,0,0.0,1.0,0.029686013320647003,0.0,0.1697357840187834,0.028804753933773374,False,,False
morgan_385,Morgan bit,uint8,0,0,0.0,1.0,0.023977164605137963,0.0,0.15299253041355798,0.023402260182636078,False,,False
morgan_386,Morgan bit,uint8,0,0,0.0,1.0,0.11722169362511893,0.0,0.32171487964516365,0.10348076816877766,False,,False
morgan_387,Morgan bit,uint8,0,0,0.0,1.0,0.02169362511893435,0.0,0.14569506219815073,0.021223011748133493,False,,False
morgan_388,Morgan bit,uint8,0,0,0.0,1.0,0.04186489058039962,0.0,0.20029941618335786,0.04011222151709078,False,,False
morgan_389,Morgan bit,uint8,0,0,0.0,1.0,0.3952426260704091,0.0,0.4889492680091353,0.23902589260737586,False,,False
morgan_390,Morgan bit,uint8,0,0,0.0,1.0,0.0032350142721217887,0.0,0.05679051581889696,0.0032245489547809572,False,,False
morgan_391,Morgan bit,uint8,0,0,0.0,1.0,0.009134157944814463,0.0,0.09514435211092917,0.009050725103453646,False,,False
morgan_392,Morgan bit,uint8,0,0,0.0,1.0,0.1988582302568982,0.0,0.3991791037459779,0.15931363451599265,False,,False
morgan_393,Morgan bit,uint8,0,0,0.0,1.0,0.01636536631779258,0.0,0.12688815928608102,0.01609754110307704,False,,False
morgan_394,Morgan bit,uint8,0,0,0.0,1.0,0.015033301617507136,0.0,0.12169683541936542,0.014807301459984195,False,,False
morgan_395,Morgan bit,uint8,0,0,0.0,1.0,0.04928639391056137,0.0,0.21648594337846808,0.04685724528585435,False,,False
morgan_396,Morgan bit,uint8,0,0,0.0,1.0,0.005137963843958135,0.0,0.07150201438916155,0.005111565171496313,False,,False
morgan_397,Morgan bit,uint8,0,0,0.0,1.0,0.009324452901998096,0.0,0.09612109896240671,0.009237507480076516,False,,False
morgan_398,Morgan bit,uint8,0,0,0.0,1.0,0.036917221693625116,0.0,0.1885765296517165,0.03555434043604885,False,,False
morgan_399,Morgan bit,uint8,0,0,0.0,1.0,0.01560418648905804,0.0,0.12395006846461369,0.015360695853072738,False,,False
morgan_400,Morgan bit,uint8,0,0,0.0,1.0,0.004757373929590866,0.0,0.068816004619348,0.0047347413228849165,False,,False
morgan_401,Morgan bit,uint8,0,0,0.0,1.0,0.01769743101807802,0.0,0.13186182432665733,0.017384231953438398,False,,False
morgan_402,Morgan bit,uint8,0,0,0.0,1.0,0.02264509990485252,0.0,0.14878343933960217,0.022132299355151767,False,,False
morgan_403,Morgan bit,uint8,0,0,0.0,1.0,0.012940057088487155,0.0,0.11302673594022633,0.012772612011033848,False,,False
morgan_404,Morgan bit,uint8,0,0,0.0,1.0,0.008943862987630828,0.0,0.09415708881093385,0.008863870302489314,False,,False
morgan_405,Morgan bit,uint8,0,0,0.0,1.0,0.05156993339676499,0.0,0.22117817377518392,0.04891047536621822,False,,False
morgan_406,Morgan bit,uint8,0,0,0.0,1.0,0.09305423406279734,0.0,0.2905360676624017,0.08439514358578346,False,,False
morgan_407,Morgan bit,uint8,0,0,0.0,1.0,0.037868696479543294,0.0,0.19089681233026165,0.03643465830648352,False,,False
morgan_408,Morgan bit,uint8,0,0,0.0,1.0,0.003996194100856327,0.0,0.06309502432349012,0.00398022453356461,False,,False
morgan_409,Morgan bit,uint8,0,0,0.0,1.0,0.029305423406279733,0.0,0.16867729498382164,0.028446615565258408,False,,False
morgan_410,Morgan bit,uint8,0,0,0.0,1.0,0.04509990485252141,0.0,0.2075430081184905,0.04306590343481494,False,,False
morgan_411,Morgan bit,uint8,0,0,0.0,1.0,0.01313035204567079,0.0,0.11384380616402712,0.012957945900827536,False,,False
morgan_412,Morgan bit,uint8,0,0,0.0,1.0,0.01769743101807802,0.0,0.13186182432665733,0.017384231953438398,False,,False
morgan_413,Morgan bit,uint8,0,0,0.0,1.0,0.037107516650808754,0.0,0.18904324768742983,0.035730548858818705,False,,False
morgan_414,Morgan bit,uint8,0,0,0.0,1.0,0.02017126546146527,0.0,0.14059924356087586,0.019764385511148366,False,,False
morgan_415,Morgan bit,uint8,0,0,0.0,1.0,0.013701236917221693,0.0,0.11625869888739065,0.013513513024159858,False,,False
morgan_416,Morgan bit,uint8,0,0,0.0,1.0,0.02549952426260704,0.0,0.15765160361126973,0.024849298524987753,False,,False
morgan_417,Morgan bit,uint8,0,0,0.0,1.0,0.015413891531874405,0.0,0.1232038635896228,0.015176303479718014,False,,False
morgan_418,Morgan bit,uint8,0,0,0.0,1.0,0.005518553758325404,0.0,0.0740887567660663,0.005488099322741878,False,,False
morgan_419,Morgan bit,uint8,0,0,0.0,1.0,0.030256898192197908,0.0,0.1713096695771824,0.029341418303984877,False,,False
morgan_420,Morgan bit,uint8,0,0,0.0,1.0,0.03368220742150333,0.0,0.1804270244997971,0.032547716324718166,False,,False
morgan_421,Morgan bit,uint8,0,0,0.0,1.0,0.01560418648905804,0.0,0.12395006846461369,0.015360695853072738,False,,False
morgan_422,Morgan bit,uint8,0,0,0.0,1.0,0.021503330161750715,0.0,0.14506874818507667,0.021040936953705455,False,,False
morgan_423,Morgan bit,uint8,0,0,0.0,1.0,0.020361560418648905,0.0,0.14124717273528276,0.01994696727596662,False,,False
morgan_424,Morgan bit,uint8,0,0,0.0,1.0,0.003996194100856327,0.0,0.06309502432349012,0.00398022453356461,False,,False
morgan_425,Morgan bit,uint8,0,0,0.0,1.0,0.021122740247383445,0.0,0.14380718162780098,0.020676570091825015,False,,False
morgan_426,Morgan bit,uint8,0,0,0.0,1.0,0.02759276879162702,0.0,0.16381854216011443,0.02683140790203884,False,,False
morgan_427,Morgan bit,uint8,0,0,0.0,1.0,0.023215984776403426,0.0,0.15060318379067253,0.022677002827265227,False,,False
morgan_428,Morgan bit,uint8,0,0,0.0,1.0,0.20247383444338726,0.0,0.4018817178490092,0.16147818080917906,False,,False
morgan_429,Morgan bit,uint8,0,0,0.0,1.0,0.06279733587059944,0.0,0.24262117013347392,0.05885383047815457,False,,False
morgan_430,Morgan bit,uint8,0,0,0.0,1.0,0.01027592768791627,0.0,0.10085766569533189,0.010170332998068984,False,,False
morgan_431,Morgan bit,uint8,0,0,0.0,1.0,0.019980970504281638,0.0,0.1399480558491047,0.019581731321988666,False,,False
morgan_432,Morgan bit,uint8,0,0,0.0,1.0,0.009895337773549001,0.0,0.09899133708755185,0.009797420063896375,False,,False
morgan_433,Morgan bit,uint8,0,0,0.0,1.0,0.12521408182683158,0.0,0.33099299624404205,0.10953551553909512,False,,False
morgan_434,Morgan bit,uint8,0,0,0.0,1.0,0.011417697431018078,0.0,0.10625197385402163,0.011287333616391799,False,,False
morgan_435,Morgan bit,uint8,0,0,0.0,1.0,0.006470028544243577,0.0,0.08018348181214625,0.006428167274880251,False,,False
morgan_436,Morgan bit,uint8,0,0,0.0,1.0,0.02302568981921979,0.0,0.1499992967448775,0.022495507427568867,False,,False
morgan_437,Morgan bit,uint8,0,0,0.0,1.0,0.0445290199809705,0.0,0.20628689785393461,0.04254618636050485,False,,False
morgan_438,Morgan bit,uint8,0,0,0.0,1.0,0.011607992388201713,0.0,0.10712343635962758,0.011473246900917161,False,,False
morgan_439,Morgan bit,uint8,0,0,0.0,1.0,0.002283539486203616,0.0,0.04773634432885548,0.002278324933618565,False,,False
morgan_440,Morgan bit,uint8,0,0,0.0,1.0,0.020361560418648905,0.0,0.14124717273528276,0.01994696727596662,False,,False
morgan_441,Morgan bit,uint8,0,0,0.0,1.0,0.038058991436726926,0.0,0.19135692495426188,0.03661050460754607,False,,False
morgan_442,Morgan bit,uint8,0,0,0.0,1.0,0.007992388201712655,0.0,0.08905065398506136,0.007928509932545779,False,,False
morgan_443,Morgan bit,uint8,0,0,0.0,1.0,0.0009514747859181732,0.0,0.030834240782893967,0.000950569481649935,False,,False
morgan_444,Morgan bit,uint8,0,0,0.0,1.0,0.03577545195052331,0.0,0.18574750219176553,0.03449556898825911,False,,False
morgan_445,Morgan bit,uint8,0,0,0.0,1.0,0.01769743101807802,0.0,0.13186182432665733,0.017384231953438398,False,,False
morgan_446,Morgan bit,uint8,0,0,0.0,1.0,0.035585156993339674,0.0,0.18527111362236487,0.03431885359509904,False,,False
morgan_447,Morgan bit,uint8,0,0,0.0,1.0,0.007992388201712655,0.0,0.08905065398506135,0.007928509932545779,False,,False
morgan_448,Morgan bit,uint8,0,0,0.0,1.0,0.03082778306374881,0.0,0.1728673406450193,0.029877430855123257,False,,False
morgan_449,Morgan bit,uint8,0,0,0.0,1.0,0.007992388201712655,0.0,0.08905065398506136,0.007928509932545779,False,,False
morgan_450,Morgan bit,uint8,0,0,0.0,1.0,0.011988582302568981,0.0,0.10884443321711934,0.011844856196943514,False,,False
morgan_451,Morgan bit,uint8,0,0,0.0,1.0,0.029686013320647003,0.0,0.1697357840187834,0.028804753933773374,False,,False
morgan_452,Morgan bit,uint8,0,0,0.0,1.0,0.09457659372026642,0.0,0.29265706903044103,0.08563186164053808,False,,False
morgan_453,Morgan bit,uint8,0,0,0.0,1.0,0.017126546146527116,0.0,0.12975527523619304,0.016833227563618,False,,False
morgan_454,Morgan bit,uint8,0,0,0.0,1.0,0.0009514747859181732,0.0,0.03083424078289397,0.0009505694816499351,False,,False
morgan_455,Morgan bit,uint8,0,0,0.0,1.0,0.01693625118934348,0.0,0.12904488942866638,0.01664941458499495,False,,False
morgan_456,Morgan bit,uint8,0,0,0.0,1.0,0.3423406279733587,0.0,0.4745380640618939,0.22514352241216515,False,,False
morgan_457,Morgan bit,uint8,0,0,0.0,1.0,0.009895337773549001,0.0,0.09899133708755185,0.009797420063896374,False,,False
morgan_458,Morgan bit,uint8,0,0,0.0,1.0,0.07649857278782113,0.0,0.2658194639008255,0.07064654114924758,False,,False
morgan_459,Morgan bit,uint8,0,0,0.0,1.0,0.012369172216936251,0.0,0.11053732815077646,0.012216175795604025,False,,False
morgan_460,Morgan bit,uint8,0,0,0.0,1.0,0.00818268315889629,0.0,0.09009590185494486,0.008115726855217406,False,,False
morgan_461,Morgan bit,uint8,0,0,0.0,1.0,0.020742150333016175,0.0,0.14253343300072865,0.02031191353257873,False,,False
morgan_462,Morgan bit,uint8,0,0,0.0,1.0,0.0070409134157944815,0.0,0.08362218380210143,0.006991338954065768,False,,False
morgan_463,Morgan bit,uint8,0,0,0.0,1.0,0.12350142721217888,0.0,0.3290432005297543,0.10824882468873374,False,,False
morgan_464,Morgan bit,uint8,0,0,0.0,1.0,0.029305423406279733,0.0,0.1686772949838216,0.0284466155652584,False,,False
morgan_465,Morgan bit,uint8,0,0,0.0,1.0,0.02131303520456708,0.0,0.14443946764275095,0.020858789734935965,False,,False
morgan_466,Morgan bit,uint8,0,0,0.0,1.0,0.008563273073263558,0.0,0.09214965723460454,0.008489943427536275,False,,False
morgan_467,Morgan bit,uint8,0,0,0.0,1.0,0.008753568030447193,0.0,0.09315897471508386,0.008676943077183528,False,,False
morgan_468,Morgan bit,uint8,0,0,0.0,1.0,0.0068506184586108465,0.0,0.0824923174555503,0.006803687485345388,False,,False
morgan_469,Morgan bit,uint8,0,0,0.0,1.0,0.005708848715509039,0.0,0.07534811298678265,0.005676257761852471,False,,False
morgan_470,Morgan bit,uint8,0,0,0.0,1.0,0.003805899143672693,0.0,0.061580320717901066,0.003791414275380884,False,,False
morgan_471,Morgan bit,uint8,0,0,0.0,1.0,0.049096098953377736,0.0,0.21608923564075905,0.046685672020937874,False,,False
morgan_472,Morgan bit,uint8,0,0,0.0,1.0,0.02721217887725975,0.0,0.16271666965397172,0.02647167619801177,False,,False
morgan_473,Morgan bit,uint8,0,0,0.0,1.0,0.01351094196003806,0.0,0.11545966056054488,0.013328396407390542,False,,False
morgan_474,Morgan bit,uint8,0,0,0.0,1.0,0.014272121788772598,0.0,0.11862169274180304,0.014068428328419038,False,,False
morgan_475,Morgan bit,uint8,0,0,0.0,1.0,0.008563273073263558,0.0,0.09214965723460457,0.008489943427536279,False,,False
morgan_476,Morgan bit,uint8,0,0,0.0,1.0,0.03177925784966698,0.0,0.17542859796573254,0.030769336620191365,False,,False
morgan_477,Morgan bit,uint8,0,0,0.0,1.0,0.08049476688867745,0.0,0.27208352912778155,0.07401535939221492,False,,False
morgan_478,Morgan bit,uint8,0,0,0.0,1.0,0.02702188392007612,0.0,0.16216259075384168,0.02629170170948605,False,,False
morgan_479,Morgan bit,uint8,0,0,0.0,1.0,0.014462416745956231,0.0,0.11939835881057653,0.014253255247822517,False,,False
morgan_480,Morgan bit,uint8,0,0,0.0,1.0,0.018839200761179828,0.0,0.1359698621445886,0.018484285275859793,False,,False
morgan_481,Morgan bit,uint8,0,0,0.0,1.0,0.003615604186489058,0.0,0.060026804570385346,0.003602531592855701,False,,False
morgan_482,Morgan bit,uint8,0,0,0.0,1.0,0.07059942911512845,0.0,0.2561789185947449,0.0656151497237464,False,,False
morgan_483,Morgan bit,uint8,0,0,0.0,1.0,0.018839200761179828,0.0,0.1359698621445886,0.018484285275859793,False,,False
morgan_484,Morgan bit,uint8,0,0,0.0,1.0,0.038820171265461466,0.0,0.19318454241236235,0.03731316556838171,False,,False
morgan_485,Morgan bit,uint8,0,0,0.0,1.0,0.014843006660323501,0.0,0.12093582995844478,0.014622691813605093,False,,False
morgan_486,Morgan bit,uint8,0,0,0.0,1.0,0.11094196003805899,0.0,0.3140901377567448,0.09863384154097272,False,,False
morgan_487,Morgan bit,uint8,0,0,0.0,1.0,0.016175071360608945,0.0,0.12616048212709915,0.01591343842708815,False,,False
morgan_488,Morgan bit,uint8,0,0,0.0,1.0,0.011988582302568981,0.0,0.10884443321711934,0.011844856196943514,False,,False
morgan_489,Morgan bit,uint8,0,0,0.0,1.0,0.013891531874405328,0.0,0.11705197340965948,0.013698557216587713,False,,False
morgan_490,Morgan bit,uint8,0,0,0.0,1.0,0.014081826831588963,0.0,0.11783960053002644,0.0138835289846741,False,,False
morgan_491,Morgan bit,uint8,0,0,0.0,1.0,0.016555661274976215,0.0,0.12761140327318543,0.01628157135472447,False,,False
morgan_492,Morgan bit,uint8,0,0,0.0,1.0,0.012178877259752616,0.0,0.10969431160090858,0.012030552208444496,False,,False
morgan_493,Morgan bit,uint8,0,0,0.0,1.0,0.026831588962892484,0.0,0.16160638805007077,0.02611165479661887,False,,False
morgan_494,Morgan bit,uint8,0,0,0.0,1.0,0.022454804947668886,0.0,0.1481714026504899,0.02195058668243103,False,,False
morgan_495,Morgan bit,uint8,0,0,0.0,1.0,0.0034253092293054233,0.0,0.05843138023371384,0.0034135764859890582,False,,False
morgan_496,Morgan bit,uint8,0,0,0.0,1.0,0.01351094196003806,0.0,0.11545966056054487,0.013328396407390539,False,,False
morgan_497,Morgan bit,uint8,0,0,0.0,1.0,0.007992388201712655,0.0,0.08905065398506135,0.007928509932545779,False,,False
morgan_498,Morgan bit,uint8,0,0,0.0,1.0,0.006279733587059943,0.0,0.07900307751281235,0.006240298533135495,False,,False
morgan_499,Morgan bit,uint8,0,0,0.0,1.0,0.006470028544243577,0.0,0.08018348181214625,0.006428167274880251,False,,False
morgan_500,Morgan bit,uint8,0,0,0.0,1.0,0.02759276879162702,0.0,0.16381854216011443,0.02683140790203884,False,,False
morgan_501,Morgan bit,uint8,0,0,0.0,1.0,0.014272121788772598,0.0,0.11862169274180304,0.014068428328419038,False,,False
morgan_502,Morgan bit,uint8,0,0,0.0,1.0,0.018268315889628926,0.0,0.13393281164357612,0.017934584524185653,False,,False
morgan_503,Morgan bit,uint8,0,0,0.0,1.0,0.021122740247383445,0.0,0.14380718162780096,0.020676570091825015,False,,False
morgan_504,Morgan bit,uint8,0,0,0.0,1.0,0.02549952426260704,0.0,0.15765160361126976,0.02484929852498776,False,,False
morgan_505,Morgan bit,uint8,0,0,0.0,1.0,0.011798287345385348,0.0,0.10798753098848313,0.01165908776110107,False,,False
morgan_506,Morgan bit,uint8,0,0,0.0,1.0,0.04471931493815414,0.0,0.2067066246202165,0.042719497809616314,False,,False
morgan_507,Morgan bit,uint8,0,0,0.0,1.0,0.11322549952426261,0.0,0.31689840024202437,0.10040548578174381,False,,False
morgan_508,Morgan bit,uint8,0,0,0.0,1.0,0.009324452901998096,0.0,0.09612109896240671,0.009237507480076516,False,,False
morgan_509,Morgan bit,uint8,0,0,0.0,1.0,0.003996194100856327,0.0,0.06309502432349012,0.00398022453356461,False,,False
morgan_510,Morgan bit,uint8,0,0,0.0,1.0,0.02873453853472883,0.0,0.16707536250744992,0.027908864829925013,False,,False
morgan_511,Morgan bit,uint8,0,0,0.0,1.0,0.04548049476688868,0.0,0.20837533928792107,0.043412019362647686,False,,False
morgan_512,Morgan bit,uint8,0,0,0.0,1.0,0.3210275927687916,0.0,0.4669157993928849,0.21796887744986654,False,,False
morgan_513,Morgan bit,uint8,0,0,0.0,1.0,0.003044719314938154,0.0,0.05510015190369131,0.0030354489992313965,False,,False
morgan_514,Morgan bit,uint8,0,0,0.0,1.0,0.026070409134157944,0.0,0.15935989317170687,0.025390742901735562,False,,False
morgan_515,Morgan bit,uint8,0,0,0.0,1.0,0.017507136060894386,0.0,0.13116367662264183,0.017200636247839712,False,,False
morgan_516,Morgan bit,uint8,0,0,0.0,1.0,0.012940057088487155,0.0,0.11302673594022633,0.012772612011033847,False,,False
morgan_517,Morgan bit,uint8,0,0,0.0,1.0,0.011227402473834443,0.0,0.10537296066890281,0.011101347907524976,False,,False
morgan_518,Morgan bit,uint8,0,0,0.0,1.0,0.01693625118934348,0.0,0.12904488942866635,0.016649414584994943,False,,False
morgan_519,Morgan bit,uint8,0,0,0.0,1.0,0.004757373929590866,0.0,0.06881600461934799,0.004734741322884916,False,,False
morgan_520,Morgan bit,uint8,0,0,0.0,1.0,0.016175071360608945,0.0,0.12616048212709918,0.015913438427088155,False,,False
morgan_521,Morgan bit,uint8,0,0,0.0,1.0,0.01636536631779258,0.0,0.126888159286081,0.016097541103077036,False,,False
morgan_522,Morgan bit,uint8,0,0,0.0,1.0,0.01027592768791627,0.0,0.10085766569533189,0.010170332998068984,False,,False
morgan_523,Morgan bit,uint8,0,0,0.0,1.0,0.01313035204567079,0.0,0.11384380616402713,0.012957945900827538,False,,False
morgan_524,Morgan bit,uint8,0,0,0.0,1.0,0.030637488106565178,0.0,0.17234989133386375,0.02969883242908526,False,,False
morgan_525,Morgan bit,uint8,0,0,0.0,1.0,0.03158896289248335,0.0,0.1749197609075843,0.03059110031586066,False,,False
morgan_526,Morgan bit,uint8,0,0,0.0,1.0,0.01598477640342531,0.0,0.1254282946386033,0.015729263326757805,False,,False
morgan_527,Morgan bit,uint8,0,0,0.0,1.0,0.007611798287345386,0.0,0.08692120885613278,0.007553858814178151,False,,False
morgan_528,Morgan bit,uint8,0,0,0.0,1.0,0.009514747859181731,0.0,0.09708764676696534,0.00942421743235793,False,,False
morgan_529,Morgan bit,uint8,0,0,0.0,1.0,0.0032350142721217887,0.0,0.05679051581889696,0.0032245489547809572,False,,False
morgan_530,Morgan bit,uint8,0,0,0.0,1.0,0.009324452901998096,0.0,0.09612109896240671,0.009237507480076516,False,,False
morgan_531,Morgan bit,uint8,0,0,0.0,1.0,0.007611798287345386,0.0,0.08692120885613279,0.007553858814178153,False,,False
morgan_532,Morgan bit,uint8,0,0,0.0,1.0,0.010846812559467175,0.0,0.10359151176742631,0.01072915921676696,False,,False
morgan_533,Morgan bit,uint8,0,0,0.0,1.0,0.01351094196003806,0.0,0.11545966056054487,0.013328396407390539,False,,False
morgan_534,Morgan bit,uint8,0,0,0.0,1.0,0.0017126546146527116,0.0,0.04135271263308155,0.0017097214288236205,False,,False
morgan_535,Morgan bit,uint8,0,0,0.0,1.0,0.0041864890580399616,0.0,0.06457364672153795,0.004168962367406873,False,,False
morgan_536,Morgan bit,uint8,0,0,0.0,1.0,0.012369172216936251,0.0,0.11053732815077645,0.012216175795604023,False,,False
morgan_537,Morgan bit,uint8,0,0,0.0,1.0,0.003615604186489058,0.0,0.060026804570385346,0.003602531592855701,False,,False
morgan_538,Morgan bit,uint8,0,0,0.0,1.0,0.0041864890580399616,0.0,0.06457364672153795,0.004168962367406873,False,,False
morgan_539,Morgan bit,uint8,0,0,0.0,1.0,0.012559467174119886,0.0,0.1113736386839434,0.012401726958422088,False,,False
morgan_540,Morgan bit,uint8,0,0,0.0,1.0,0.12026641294005709,0.0,0.3253037662775741,0.10580240285858877,False,,False
morgan_541,Morgan bit,uint8,0,0,0.0,1.0,0.022074215033301616,0.0,0.14693894219171594,0.021586944063965177,False,,False
morgan_542,Morgan bit,uint8,0,0,0.0,1.0,0.01351094196003806,0.0,0.11545966056054487,0.013328396407390539,False,,False
morgan_543,Morgan bit,uint8,0,0,0.0,1.0,0.017507136060894386,0.0,0.13116367662264183,0.01720063624783972,False,,False
morgan_544,Morgan bit,uint8,0,0,0.0,1.0,0.014272121788772598,0.0,0.11862169274180304,0.014068428328419038,False,,False
morgan_545,Morgan bit,uint8,0,0,0.0,1.0,0.016555661274976215,0.0,0.12761140327318543,0.01628157135472447,False,,False
morgan_546,Morgan bit,uint8,0,0,0.0,1.0,0.036917221693625116,0.0,0.18857652965171653,0.035554340436048854,False,,False
morgan_547,Morgan bit,uint8,0,0,0.0,1.0,0.013320647002854425,0.0,0.11465473792389676,0.013143207366279773,False,,False
morgan_548,Morgan bit,uint8,0,0,0.0,1.0,0.011037107516650808,0.0,0.10448620623918986,0.010915289774316701,False,,False
morgan_549,Morgan bit,uint8,0,0,0.0,1.0,0.19295908658420552,0.0,0.3946587348307764,0.15572587748879463,False,,False
morgan_550,Morgan bit,uint8,0,0,0.0,1.0,0.02759276879162702,0.0,0.16381854216011443,0.02683140790203884,False,,False
morgan_551,Morgan bit,uint8,0,0,0.0,1.0,0.008563273073263558,0.0,0.09214965723460457,0.008489943427536279,False,,False
morgan_552,Morgan bit,uint8,0,0,0.0,1.0,0.03501427212178877,0.0,0.1838333588641863,0.0337882728695701,False,,False
morgan_553,Morgan bit,uint8,0,0,0.0,1.0,0.009514747859181731,0.0,0.09708764676696534,0.00942421743235793,False,,False
morgan_554,Morgan bit,uint8,0,0,0.0,1.0,0.018839200761179828,0.0,0.1359698621445886,0.018484285275859793,False,,False
morgan_555,Morgan bit,uint8,0,0,0.0,1.0,0.10960989533777354,0.0,0.312432619392924,0.09759556618181586,False,,False
morgan_556,Morgan bit,uint8,0,0,0.0,1.0,0.03615604186489058,0.0,0.186696050604503,0.034848782501554855,False,,False
morgan_557,Morgan bit,uint8,0,0,0.0,1.0,0.048715509039010466,0.0,0.21529312251930782,0.04634230821808056,False,,False
morgan_558,Morgan bit,uint8,0,0,0.0,1.0,0.024167459562321598,0.0,0.15358346953901778,0.023583393460625154,False,,False
morgan_559,Morgan bit,uint8,0,0,0.0,1.0,0.04072312083729781,0.0,0.1976668497903885,0.03906474826656866,False,,False
morgan_560,Morgan bit,uint8,0,0,0.0,1.0,0.0020932445290199808,0.0,0.04570842845784766,0.0020888628563617085,False,,False
morgan_561,Morgan bit,uint8,0,0,0.0,1.0,0.15699333967649856,0.0,0.36382910909601146,0.13234643097371812,False,,False
morgan_562,Morgan bit,uint8,0,0,0.0,1.0,0.08125594671741199,0.0,0.2732537771253995,0.0746534178404691,False,,False
morgan_563,Morgan bit,uint8,0,0,0.0,1.0,0.010085632730732635,0.0,0.09992903978828857,0.009983912743153413,False,,False
morgan_564,Morgan bit,uint8,0,0,0.0,1.0,0.02873453853472883,0.0,0.1670753625074499,0.02790886482992501,False,,False
morgan_565,Morgan bit,uint8,0,0,0.0,1.0,0.04281636536631779,0.0,0.20246215594371073,0.04098312422313578,False,,False
morgan_566,Morgan bit,uint8,0,0,0.0,1.0,0.0028544243577545195,0.0,0.053355584098735725,0.0028462766193403776,False,,False
morgan_567,Morgan bit,uint8,0,0,0.0,1.0,0.003805899143672693,0.0,0.06158032071790107,0.0037914142753808847,False,,False
morgan_568,Morgan bit,uint8,0,0,0.0,1.0,0.035204567078972404,0.0,0.1843140531084801,0.033965205535754536,False,,False
morgan_569,Morgan bit,uint8,0,0,0.0,1.0,0.01027592768791627,0.0,0.10085766569533189,0.010170332998068986,False,,False
morgan_570,Morgan bit,uint8,0,0,0.0,1.0,0.010085632730732635,0.0,0.09992903978828857,0.009983912743153411,False,,False
morgan_571,Morgan bit,uint8,0,0,0.0,1.0,0.0028544243577545195,0.0,0.053355584098735725,0.0028462766193403776,False,,False
morgan_572,Morgan bit,uint8,0,0,0.0,1.0,0.0013320647002854425,0.0,0.03647661579201106,0.0013302903039196959,False,,False
morgan_573,Morgan bit,uint8,0,0,0.0,1.0,0.07402473834443388,0.0,0.2618360607756312,0.06854507645747199,False,,False
morgan_574,Morgan bit,uint8,0,0,0.0,1.0,0.0041864890580399616,0.0,0.06457364672153795,0.004168962367406872,False,,False
morgan_575,Morgan bit,uint8,0,0,0.0,1.0,0.05480494766888677,0.0,0.22762079165731172,0.05180136537989737,False,,False
morgan_576,Morgan bit,uint8,0,0,0.0,1.0,0.003615604186489058,0.0,0.060026804570385346,0.003602531592855701,False,,False
morgan_577,Morgan bit,uint8,0,0,0.0,1.0,0.025118934348239773,0.0,0.15650122782344544,0.024487973485448587,False,,False
morgan_578,Morgan bit,uint8,0,0,0.0,1.0,0.09191246431969553,0.0,0.28892983426927243,0.08346456322237622,False,,False
morgan_579,Morgan bit,uint8,0,0,0.0,1.0,0.02797335870599429,0.0,0.1649121741265524,0.027190849908700066,False,,False
morgan_580,Morgan bit,uint8,0,0,0.0,1.0,0.1333967649857279,0.0,0.3400353963261237,0.11560206807707034,False,,False
morgan_581,Morgan bit,uint8,0,0,0.0,1.0,0.009514747859181731,0.0,0.09708764676696534,0.009424217432357931,False,,False
morgan_582,Morgan bit,uint8,0,0,0.0,1.0,0.004567078972407232,0.0,0.06743208471945791,0.004546220762067028,False,,False
morgan_583,Morgan bit,uint8,0,0,0.0,1.0,0.09495718363463368,0.0,0.2931836865045816,0.08594031691081212,False,,False
morgan_584,Morgan bit,uint8,0,0,0.0,1.0,0.01027592768791627,0.0,0.10085766569533189,0.010170332998068986,False,,False
morgan_585,Morgan bit,uint8,0,0,0.0,1.0,0.021883920076117985,0.0,0.14631844777653555,0.021405014118220066,False,,False
morgan_586,Morgan bit,uint8,0,0,0.0,1.0,0.025309229305423408,0.0,0.15707758412577041,0.024668672217388898,False,,False
morgan_587,Morgan bit,uint8,0,0,0.0,1.0,0.04681255946717412,0.0,0.2112572757044844,0.044621143743306405,False,,False
morgan_588,Morgan bit,uint8,0,0,0.0,1.0,0.03158896289248335,0.0,0.1749197609075843,0.03059110031586066,False,,False
morgan_589,Morgan bit,uint8,0,0,0.0,1.0,0.009705042816365366,0.0,0.09804429716014701,0.009610854960297881,False,,False
morgan_590,Morgan bit,uint8,0,0,0.0,1.0,0.007992388201712655,0.0,0.08905065398506135,0.007928509932545779,False,,False
morgan_591,Morgan bit,uint8,0,0,0.0,1.0,0.05195052331113226,0.0,0.22194828354019136,0.04925166643883177,False,,False
morgan_592,Morgan bit,uint8,0,0,0.0,1.0,0.16936251189343482,0.0,0.3751074873017761,0.140678851458581,False,,False
morgan_593,Morgan bit,uint8,0,0,0.0,1.0,0.013891531874405328,0.0,0.11705197340965946,0.01369855721658771,False,,False
morgan_594,Morgan bit,uint8,0,0,0.0,1.0,0.008563273073263558,0.0,0.09214965723460457,0.008489943427536279,False,,False
morgan_595,Morgan bit,uint8,0,0,0.0,1.0,0.003805899143672693,0.0,0.061580320717901066,0.003791414275380884,False,,False
morgan_596,Morgan bit,uint8,0,0,0.0,1.0,0.005708848715509039,0.0,0.07534811298678264,0.0056762577618524705,False,,False
morgan_597,Morgan bit,uint8,0,0,0.0,1.0,0.038058991436726926,0.0,0.19135692495426188,0.03661050460754607,False,,False
morgan_598,Morgan bit,uint8,0,0,0.0,1.0,0.028163653663177926,0.0,0.16545595101959254,0.027370462275518488,False,,False
morgan_599,Morgan bit,uint8,0,0,0.0,1.0,0.014843006660323501,0.0,0.12093582995844476,0.014622691813605091,False,,False
morgan_600,Morgan bit,uint8,0,0,0.0,1.0,0.028544243577545196,0.0,0.16653752585745515,0.02772946973613097,False,,False
morgan_601,Morgan bit,uint8,0,0,0.0,1.0,0.005518553758325404,0.0,0.0740887567660663,0.005488099322741878,False,,False
morgan_602,Morgan bit,uint8,0,0,0.0,1.0,0.022835394862036156,0.0,0.14939272620145364,0.02231393960353105,False,,False
morgan_603,Morgan bit,uint8,0,0,0.0,1.0,0.014081826831588963,0.0,0.11783960053002644,0.0138835289846741,False,,False
morgan_604,Morgan bit,uint8,0,0,0.0,1.0,0.018458610846812558,0.0,0.1346155226258645,0.018117890532418492,False,,False
morgan_605,Morgan bit,uint8,0,0,0.0,1.0,0.004567078972407232,0.0,0.06743208471945791,0.0045462207620670285,False,,False
morgan_606,Morgan bit,uint8,0,0,0.0,1.0,0.017126546146527116,0.0,0.12975527523619304,0.016833227563618,False,,False
morgan_607,Morgan bit,uint8,0,0,0.0,1.0,0.03215984776403425,0.0,0.17644125403758815,0.03112559195582839,False,,False
morgan_608,Morgan bit,uint8,0,0,0.0,1.0,0.008563273073263558,0.0,0.09214965723460455,0.008489943427536277,False,,False
morgan_609,Morgan bit,uint8,0,0,0.0,1.0,0.017126546146527116,0.0,0.12975527523619304,0.016833227563618,False,,False
morgan_610,Morgan bit,uint8,0,0,0.0,1.0,0.03387250237868696,0.0,0.18091817094675638,0.032725155961292794,False,,False
morgan_611,Morgan bit,uint8,0,0,0.0,1.0,0.003996194100856327,0.0,0.06309502432349012,0.00398022453356461,False,,False
morgan_612,Morgan bit,uint8,0,0,0.0,1.0,0.006279733587059943,0.0,0.07900307751281235,0.006240298533135495,False,,False
morgan_613,Morgan bit,uint8,0,0,0.0,1.0,0.024548049476688868,0.0,0.1547578764000787,0.023945442743578904,False,,False
morgan_614,Morgan bit,uint8,0,0,0.0,1.0,0.03235014272121789,0.0,0.17694510176954512,0.03130361098713473,False,,False
morgan_615,Morgan bit,uint8,0,0,0.0,1.0,0.013891531874405328,0.0,0.11705197340965948,0.013698557216587713,False,,False
morgan_616,Morgan bit,uint8,0,0,0.0,1.0,0.0068506184586108465,0.0,0.0824923174555503,0.006803687485345389,False,,False
morgan_617,Morgan bit,uint8,0,0,0.0,1.0,0.015413891531874405,0.0,0.1232038635896228,0.01517630347971801,False,,False
morgan_618,Morgan bit,uint8,0,0,0.0,1.0,0.012369172216936251,0.0,0.11053732815077646,0.012216175795604025,False,,False
morgan_619,Morgan bit,uint8,0,0,0.0,1.0,0.015794481446241675,0.0,0.12469151736677353,0.015545015802086,False,,False
morgan_620,Morgan bit,uint8,0,0,0.0,1.0,0.024357754519505233,0.0,0.1541719086955054,0.02376445431427276,False,,False
morgan_621,Morgan bit,uint8,0,0,0.0,1.0,0.01274976213130352,0.0,0.11220339315085193,0.012587205696898694,False,,False
morgan_622,Morgan bit,uint8,0,0,0.0,1.0,0.017126546146527116,0.0,0.129755275236193,0.016833227563617995,False,,False
morgan_623,Morgan bit,uint8,0,0,0.0,1.0,0.022835394862036156,0.0,0.14939272620145364,0.02231393960353105,False,,False
morgan_624,Morgan bit,uint8,0,0,0.0,1.0,0.09153187440532826,0.0,0.288391430406499,0.08315379037317547,False,,False
morgan_625,Morgan bit,uint8,0,0,0.0,1.0,0.021503330161750715,0.0,0.14506874818507667,0.021040936953705458,False,,False
morgan_626,Morgan bit,uint8,0,0,0.0,1.0,0.003805899143672693,0.0,0.06158032071790107,0.0037914142753808847,False,,False
morgan_627,Morgan bit,uint8,0,0,0.0,1.0,0.014081826831588963,0.0,0.11783960053002644,0.0138835289846741,False,,False
morgan_628,Morgan bit,uint8,0,0,0.0,1.0,0.038058991436726926,0.0,0.19135692495426188,0.03661050460754607,False,,False
morgan_629,Morgan bit,uint8,0,0,0.0,1.0,0.024738344433872503,0.0,0.15534140062064186,0.024126358748543592,False,,False
morgan_630,Morgan bit,uint8,0,0,0.0,1.0,0.02131303520456708,0.0,0.14443946764275095,0.02085878973493597,False,,False
morgan_631,Morgan bit,uint8,0,0,0.0,1.0,0.009134157944814463,0.0,0.09514435211092917,0.009050725103453646,False,,False
morgan_632,Morgan bit,uint8,0,0,0.0,1.0,0.038249286393910564,0.0,0.1918157450782412,0.03678627848426717,False,,False
morgan_633,Morgan bit,uint8,0,0,0.0,1.0,0.0032350142721217887,0.0,0.05679051581889696,0.0032245489547809572,False,,False
morgan_634,Morgan bit,uint8,0,0,0.0,1.0,0.01313035204567079,0.0,0.11384380616402713,0.012957945900827538,False,,False
morgan_635,Morgan bit,uint8,0,0,0.0,1.0,0.003615604186489058,0.0,0.060026804570385346,0.003602531592855701,False,,False
morgan_636,Morgan bit,uint8,0,0,0.0,1.0,0.010085632730732635,0.0,0.09992903978828857,0.009983912743153411,False,,False
morgan_637,Morgan bit,uint8,0,0,0.0,1.0,0.03120837297811608,0.0,0.17389699533078753,0.030234410434174876,False,,False
morgan_638,Morgan bit,uint8,0,0,0.0,1.0,0.022454804947668886,0.0,0.14817140265048986,0.021950586682431026,False,,False
morgan_639,Morgan bit,uint8,0,0,0.0,1.0,0.024167459562321598,0.0,0.15358346953901778,0.02358339346062515,False,,False
morgan_640,Morgan bit,uint8,0,0,0.0,1.0,0.004376784015223597,0.0,0.06601861229477718,0.004357627776907681,False,,False
morgan_641,Morgan bit,uint8,0,0,0.0,1.0,0.037868696479543294,0.0,0.19089681233026162,0.036434658306483514,False,,False
morgan_642,Morgan bit,uint8,0,0,0.0,1.0,0.024738344433872503,0.0,0.15534140062064186,0.024126358748543592,False,,False
morgan_643,Morgan bit,uint8,0,0,0.0,1.0,0.04129400570884872,0.0,0.19898830565209685,0.039588810801366295,False,,False
morgan_644,Morgan bit,uint8,0,0,0.0,1.0,0.02302568981921979,0.0,0.1499992967448775,0.022495507427568867,False,,False
morgan_645,Morgan bit,uint8,0,0,0.0,1.0,0.05537583254043768,0.0,0.22873413783462723,0.05230934971089107,False,,False
morgan_646,Morgan bit,uint8,0,0,0.0,1.0,0.10941960038058991,0.0,0.3121946486185019,0.09744695143314193,False,,False
morgan_647,Morgan bit,uint8,0,0,0.0,1.0,0.010085632730732635,0.0,0.09992903978828857,0.009983912743153411,False,,False
morgan_648,Morgan bit,uint8,0,0,0.0,1.0,0.004376784015223597,0.0,0.06601861229477718,0.00435762777690768,False,,False
morgan_649,Morgan bit,uint8,0,0,0.0,1.0,0.06241674595623216,0.0,0.24193394580214705,0.058520895780467326,False,,False
morgan_650,Morgan bit,uint8,0,0,0.0,1.0,0.7339676498572788,1.0,0.44192341273327707,0.1952591388202618,False,,False
morgan_651,Morgan bit,uint8,0,0,0.0,1.0,0.007992388201712655,0.0,0.08905065398506136,0.007928509932545779,False,,False
morgan_652,Morgan bit,uint8,0,0,0.0,1.0,0.035965746907706944,0.0,0.18622247759054916,0.03467221195707772,False,,False
morgan_653,Morgan bit,uint8,0,0,0.0,1.0,0.047954329210275926,0.0,0.21368996475083535,0.0456547115202684,False,,False
morgan_654,Morgan bit,uint8,0,0,0.0,1.0,0.02226450999048525,0.0,0.1475565819168364,0.021768801585368834,False,,False
morgan_655,Morgan bit,uint8,0,0,0.0,1.0,0.1292102759276879,0.0,0.33546444764082956,0.1125149805223787,False,,False
morgan_656,Morgan bit,uint8,0,0,0.0,1.0,0.2445290199809705,0.0,0.4298485071716673,0.18473457836811663,False,,False
morgan_657,Morgan bit,uint8,0,0,0.0,1.0,0.008372978116079923,0.0,0.09112876411330573,0.008302871353547571,False,,False
morgan_658,Morgan bit,uint8,0,0,0.0,1.0,0.017507136060894386,0.0,0.13116367662264183,0.017200636247839716,False,,False
morgan_659,Morgan bit,uint8,0,0,0.0,1.0,0.3059942911512845,0.0,0.4608711360048748,0.2123617849341074,False,,False
morgan_660,Morgan bit,uint8,0,0,0.0,1.0,0.008943862987630828,0.0,0.09415708881093386,0.008863870302489316,False,,False
morgan_661,Morgan bit,uint8,0,0,0.0,1.0,0.013701236917221693,0.0,0.11625869888739067,0.01351351302415986,False,,False
morgan_662,Morgan bit,uint8,0,0,0.0,1.0,0.006470028544243577,0.0,0.08018348181214625,0.006428167274880251,False,,False
morgan_663,Morgan bit,uint8,0,0,0.0,1.0,0.013891531874405328,0.0,0.11705197340965948,0.013698557216587713,False,,False
morgan_664,Morgan bit,uint8,0,0,0.0,1.0,0.005899143672692674,0.0,0.07658629083635349,0.005864343776621603,False,,False
morgan_665,Morgan bit,uint8,0,0,0.0,1.0,0.010085632730732635,0.0,0.09992903978828857,0.009983912743153411,False,,False
morgan_666,Morgan bit,uint8,0,0,0.0,1.0,0.01560418648905804,0.0,0.12395006846461368,0.015360695853072736,False,,False
morgan_667,Morgan bit,uint8,0,0,0.0,1.0,0.27992388201712654,0.0,0.4490043058624959,0.20156650229358833,False,,False
morgan_668,Morgan bit,uint8,0,0,0.0,1.0,0.05556612749762131,0.0,0.22910373474356058,0.0524785329725394,False,,False
morgan_669,Morgan bit,uint8,0,0,0.0,1.0,0.04719314938154139,0.0,0.21207195584587726,0.0449659560329929,False,,False
morgan_670,Morgan bit,uint8,0,0,0.0,1.0,0.015033301617507136,0.0,0.1216968354193654,0.014807301459984193,False,,False
morgan_671,Morgan bit,uint8,0,0,0.0,1.0,0.0041864890580399616,0.0,0.06457364672153795,0.004168962367406872,False,,False
morgan_672,Morgan bit,uint8,0,0,0.0,1.0,0.028544243577545196,0.0,0.16653752585745515,0.02772946973613097,False,,False
morgan_673,Morgan bit,uint8,0,0,0.0,1.0,0.08487155090390104,0.0,0.278716977350555,0.07766837075106757,False,,False
morgan_674,Morgan bit,uint8,0,0,0.0,1.0,0.048525214081826834,0.0,0.21489370714164174,0.04617051768013971,False,,False
morgan_675,Morgan bit,uint8,0,0,0.0,1.0,0.0818268315889629,0.0,0.2741267973602282,0.07513120122107439,False,,False
morgan_676,Morgan bit,uint8,0,0,0.0,1.0,0.015794481446241675,0.0,0.12469151736677353,0.015545015802086,False,,False
morgan_677,Morgan bit,uint8,0,0,0.0,1.0,0.01636536631779258,0.0,0.12688815928608102,0.01609754110307704,False,,False
morgan_678,Morgan bit,uint8,0,0,0.0,1.0,0.004567078972407232,0.0,0.06743208471945791,0.0045462207620670285,False,,False
morgan_679,Morgan bit,uint8,0,0,0.0,1.0,0.037297811607992386,0.0,0.1895086251831591,0.035906684857247094,False,,False
morgan_680,Morgan bit,uint8,0,0,0.0,1.0,0.03501427212178877,0.0,0.1838333588641863,0.0337882728695701,False,,False
morgan_681,Morgan bit,uint8,0,0,0.0,1.0,0.0020932445290199808,0.0,0.04570842845784766,0.0020888628563617085,False,,False
morgan_682,Morgan bit,uint8,0,0,0.0,1.0,0.00532825880114177,0.0,0.0728071232056839,0.005299868459289827,False,,False
morgan_683,Morgan bit,uint8,0,0,0.0,1.0,0.004567078972407232,0.0,0.06743208471945791,0.004546220762067028,False,,False
morgan_684,Morgan bit,uint8,0,0,0.0,1.0,0.02873453853472883,0.0,0.16707536250744992,0.027908864829925013,False,,False
morgan_685,Morgan bit,uint8,0,0,0.0,1.0,0.0007611798287345385,0.0,0.02758160981484082,0.000760600434002866,False,,False
morgan_686,Morgan bit,uint8,0,0,0.0,1.0,0.007421503330161751,0.0,0.0858360453349554,0.007366424618482149,False,,False
morgan_687,Morgan bit,uint8,0,0,0.0,1.0,0.019219790675547098,0.0,0.13730978894054838,0.018850390321935254,False,,False
morgan_688,Morgan bit,uint8,0,0,0.0,1.0,0.01807802093244529,0.0,0.1332463309046316,0.017751206091611363,False,,False
morgan_689,Morgan bit,uint8,0,0,0.0,1.0,0.024167459562321598,0.0,0.15358346953901778,0.02358339346062515,False,,False
morgan_690,Morgan bit,uint8,0,0,0.0,1.0,0.017507136060894386,0.0,0.13116367662264183,0.017200636247839712,False,,False
morgan_691,Morgan bit,uint8,0,0,0.0,1.0,0.026450999048525214,0.0,0.1604875228215455,0.025751343697860137,False,,False
morgan_692,Morgan bit,uint8,0,0,0.0,1.0,0.010466222645099905,0.0,0.10177746326121137,0.010356680828643102,False,,False
morgan_693,Morgan bit,uint8,0,0,0.0,1.0,0.01598477640342531,0.0,0.1254282946386033,0.015729263326757805,False,,False
morgan_694,Morgan bit,uint8,0,0,0.0,1.0,0.1687916270218839,0.0,0.3746034133936174,0.14030101366918918,False,,False
morgan_695,Morgan bit,uint8,0,0,0.0,1.0,0.5868696479543292,1.0,0.49244269794098444,0.2424536642642909,False,,False
morgan_696,Morgan bit,uint8,0,0,0.0,1.0,0.004947668886774501,0.0,0.07017212050239062,0.004923189459361344,False,,False
morgan_697,Morgan bit,uint8,0,0,0.0,1.0,0.010085632730732635,0.0,0.09992903978828857,0.009983912743153411,False,,False
morgan_698,Morgan bit,uint8,0,0,0.0,1.0,0.23653663177925785,0.0,0.42499579404049326,0.18058705360578164,False,,False
morgan_699,Morgan bit,uint8,0,0,0.0,1.0,0.08886774500475737,0.0,0.28457983074885684,0.0809702689025268,False,,False
morgan_700,Morgan bit,uint8,0,0,0.0,1.0,0.02131303520456708,0.0,0.14443946764275095,0.02085878973493597,False,,False
morgan_701,Morgan bit,uint8,0,0,0.0,1.0,0.010085632730732635,0.0,0.09992903978828857,0.009983912743153411,False,,False
morgan_702,Morgan bit,uint8,0,0,0.0,1.0,0.036917221693625116,0.0,0.1885765296517165,0.03555434043604885,False,,False
morgan_703,Morgan bit,uint8,0,0,0.0,1.0,0.038439581351094196,0.0,0.19227328195504587,0.036961979936646815,False,,False
morgan_704,Morgan bit,uint8,0,0,0.0,1.0,0.012369172216936251,0.0,0.11053732815077646,0.012216175795604025,False,,False
morgan_705,Morgan bit,uint8,0,0,0.0,1.0,0.14976213130352045,0.0,0.35687206510662844,0.12733343533094754,False,,False
morgan_706,Morgan bit,uint8,0,0,0.0,1.0,0.030637488106565178,0.0,0.17234989133386375,0.02969883242908526,False,,False
morgan_707,Morgan bit,uint8,0,0,0.0,1.0,0.007231208372978116,0.0,0.08473655864118812,0.007178917998444691,False,,False
morgan_708,Morgan bit,uint8,0,0,0.0,1.0,0.01598477640342531,0.0,0.1254282946386033,0.015729263326757805,False,,False
morgan_709,Morgan bit,uint8,0,0,0.0,1.0,0.12787821122740248,0.0,0.33398592945864963,0.11152537432068228,False,,False
morgan_710,Morgan bit,uint8,0,0,0.0,1.0,0.02093244529019981,0.0,0.1431718503212671,0.020494278024372606,False,,False
morgan_711,Morgan bit,uint8,0,0,0.0,1.0,0.01351094196003806,0.0,0.11545966056054487,0.013328396407390539,False,,False
morgan_712,Morgan bit,uint8,0,0,0.0,1.0,0.20095147478591818,0.0,0.40074997322565553,0.16056997956728267,False,,False
morgan_713,Morgan bit,uint8,0,0,0.0,1.0,0.04319695528068506,0.0,0.2033195635173495,0.04133097833516356,False,,False
morgan_714,Morgan bit,uint8,0,0,0.0,1.0,0.30104662226451,0.0,0.45875658306785927,0.2104175534876394,False,,False
morgan_715,Morgan bit,uint8,0,0,0.0,1.0,0.08563273073263558,0.0,0.2798475818128514,0.07829976615990751,False,,False
morgan_716,Morgan bit,uint8,0,0,0.0,1.0,0.046622264509990484,0.0,0.21084849755638252,0.04444862896195097,False,,False
morgan_717,Morgan bit,uint8,0,0,0.0,1.0,0.016555661274976215,0.0,0.12761140327318543,0.01628157135472447,False,,False
morgan_718,Morgan bit,uint8,0,0,0.0,1.0,0.261465271170314,0.0,0.43947461396247933,0.19310118314214816,False,,False
morgan_719,Morgan bit,uint8,0,0,0.0,1.0,0.007992388201712655,0.0,0.08905065398506137,0.00792850993254578,False,,False
morgan_720,Morgan bit,uint8,0,0,0.0,1.0,0.025689819219790674,0.0,0.158223311713209,0.025029852408245155,False,,False
morgan_721,Morgan bit,uint8,0,0,0.0,1.0,0.06222645099904853,0.0,0.24158937567996905,0.05835431979511154,False,,False
morgan_722,Morgan bit,uint8,0,0,0.0,1.0,0.003996194100856327,0.0,0.06309502432349012,0.003980224533564611,False,,False
morgan_723,Morgan bit,uint8,0,0,0.0,1.0,0.022835394862036156,0.0,0.14939272620145364,0.02231393960353105,False,,False
morgan_724,Morgan bit,uint8,0,0,0.0,1.0,0.026831588962892484,0.0,0.16160638805007074,0.026111654796618863,False,,False
morgan_725,Morgan bit,uint8,0,0,0.0,1.0,0.05080875356803045,0.0,0.21962787453597313,0.04822722412889359,False,,False
morgan_726,Morgan bit,uint8,0,0,0.0,1.0,0.9507136060894387,1.0,0.21648594337846808,0.04685724528585435,False,,False
morgan_727,Morgan bit,uint8,0,0,0.0,1.0,0.018839200761179828,0.0,0.1359698621445886,0.018484285275859793,False,,False
morgan_728,Morgan bit,uint8,0,0,0.0,1.0,0.039961941008563276,0.0,0.1958884537995437,0.03836498427939138,False,,False
morgan_729,Morgan bit,uint8,0,0,0.0,1.0,0.006089438629876308,0.0,0.07780430141930465,0.006052357367049277,False,,False
morgan_730,Morgan bit,uint8,0,0,0.0,1.0,0.3290199809705043,0.0,0.469901959682401,0.22076583309267322,False,,False
morgan_731,Morgan bit,uint8,0,0,0.0,1.0,0.014081826831588963,0.0,0.11783960053002644,0.013883528984674102,False,,False
morgan_732,Morgan bit,uint8,0,0,0.0,1.0,0.01636536631779258,0.0,0.126888159286081,0.016097541103077036,False,,False
morgan_733,Morgan bit,uint8,0,0,0.0,1.0,0.002283539486203616,0.0,0.04773634432885548,0.002278324933618565,False,,False
morgan_734,Morgan bit,uint8,0,0,0.0,1.0,0.108848715509039,0.0,0.3114789477528005,0.0970006726410713,False,,False
morgan_735,Morgan bit,uint8,0,0,0.0,1.0,0.008753568030447193,0.0,0.09315897471508383,0.008676943077183525,False,,False
morgan_736,Morgan bit,uint8,0,0,0.0,1.0,0.05290199809705043,0.0,0.22385913635366833,0.05010337669439009,False,,False
morgan_737,Morgan bit,uint8,0,0,0.0,1.0,0.007421503330161751,0.0,0.0858360453349554,0.007366424618482149,False,,False
morgan_738,Morgan bit,uint8,0,0,0.0,1.0,0.015794481446241675,0.0,0.12469151736677353,0.015545015802086,False,,False
morgan_739,Morgan bit,uint8,0,0,0.0,1.0,0.038058991436726926,0.0,0.19135692495426188,0.03661050460754607,False,,False
morgan_740,Morgan bit,uint8,0,0,0.0,1.0,0.023786869647954328,0.0,0.15239906223766103,0.02322105448030556,False,,False
morgan_741,Morgan bit,uint8,0,0,0.0,1.0,0.1830637488106565,0.0,0.38675557782445813,0.14955141268204536,False,,False
morgan_742,Morgan bit,uint8,0,0,0.0,1.0,0.05404376784015224,0.0,0.2261255609300676,0.05112303899779197,False,,False
morgan_743,Morgan bit,uint8,0,0,0.0,1.0,0.01807802093244529,0.0,0.1332463309046316,0.017751206091611363,False,,False
morgan_744,Morgan bit,uint8,0,0,0.0,1.0,0.02835394862036156,0.0,0.16599772842519023,0.02755000221799546,False,,False
morgan_745,Morgan bit,uint8,0,0,0.0,1.0,0.07059942911512845,0.0,0.2561789185947449,0.06561514972374641,False,,False
morgan_746,Morgan bit,uint8,0,0,0.0,1.0,0.014462416745956231,0.0,0.11939835881057653,0.014253255247822517,False,,False
morgan_747,Morgan bit,uint8,0,0,0.0,1.0,0.16841103710751665,0.0,0.37426650308710585,0.1400487596878873,False,,False
morgan_748,Morgan bit,uint8,0,0,0.0,1.0,0.00532825880114177,0.0,0.0728071232056839,0.005299868459289826,False,,False
morgan_749,Morgan bit,uint8,0,0,0.0,1.0,0.0439581351094196,0.0,0.2050215020196488,0.04202581746712161,False,,False
morgan_750,Morgan bit,uint8,0,0,0.0,1.0,0.02549952426260704,0.0,0.15765160361126976,0.02484929852498776,False,,False
morgan_751,Morgan bit,uint8,0,0,0.0,1.0,0.04110371075166508,0.0,0.19854898001334487,0.03941419571410853,False,,False
morgan_752,Morgan bit,uint8,0,0,0.0,1.0,0.030066603235014273,0.0,0.17078686470972732,0.0291626026049225,False,,False
morgan_753,Morgan bit,uint8,0,0,0.0,1.0,0.05994291151284491,0.0,0.2374036309496877,0.05634975887220815,False,,False
morgan_754,Morgan bit,uint8,0,0,0.0,1.0,0.019029495718363463,0.0,0.13664160052605215,0.018667374011068254,False,,False
morgan_755,Morgan bit,uint8,0,0,0.0,1.0,0.020742150333016175,0.0,0.14253343300072865,0.02031191353257873,False,,False
morgan_756,Morgan bit,uint8,0,0,0.0,1.0,0.002283539486203616,0.0,0.04773634432885548,0.002278324933618565,False,,False
morgan_757,Morgan bit,uint8,0,0,0.0,1.0,0.022835394862036156,0.0,0.14939272620145364,0.02231393960353105,False,,False
morgan_758,Morgan bit,uint8,0,0,0.0,1.0,0.009134157944814463,0.0,0.09514435211092917,0.009050725103453646,False,,False
morgan_759,Morgan bit,uint8,0,0,0.0,1.0,0.07155090390104663,0.0,0.25776736801459593,0.0664313720519898,False,,False
morgan_760,Morgan bit,uint8,0,0,0.0,1.0,0.014081826831588963,0.0,0.11783960053002644,0.013883528984674102,False,,False
morgan_761,Morgan bit,uint8,0,0,0.0,1.0,0.014652711703139866,0.0,0.1201697039451357,0.014438009742884535,False,,False
morgan_762,Morgan bit,uint8,0,0,0.0,1.0,0.01636536631779258,0.0,0.12688815928608102,0.01609754110307704,False,,False
morgan_763,Morgan bit,uint8,0,0,0.0,1.0,0.008372978116079923,0.0,0.09112876411330573,0.008302871353547571,False,,False
morgan_764,Morgan bit,uint8,0,0,0.0,1.0,0.020361560418648905,0.0,0.14124717273528276,0.019946967275966614,False,,False
morgan_765,Morgan bit,uint8,0,0,0.0,1.0,0.003044719314938154,0.0,0.05510015190369131,0.003035448999231397,False,,False
morgan_766,Morgan bit,uint8,0,0,0.0,1.0,0.01769743101807802,0.0,0.13186182432665733,0.017384231953438398,False,,False
morgan_767,Morgan bit,uint8,0,0,0.0,1.0,0.2247383444338725,0.0,0.41744961680441794,0.17423102097499457,False,,False
morgan_768,Morgan bit,uint8,0,0,0.0,1.0,0.020361560418648905,0.0,0.14124717273528276,0.01994696727596662,False,,False
morgan_769,Morgan bit,uint8,0,0,0.0,1.0,0.015794481446241675,0.0,0.12469151736677352,0.015545015802085999,False,,False
morgan_770,Morgan bit,uint8,0,0,0.0,1.0,0.005708848715509039,0.0,0.07534811298678264,0.0056762577618524705,False,,False
morgan_771,Morgan bit,uint8,0,0,0.0,1.0,0.04376784015223597,0.0,0.20459761020648587,0.04185221632064429,False,,False
morgan_772,Morgan bit,uint8,0,0,0.0,1.0,0.008563273073263558,0.0,0.09214965723460454,0.008489943427536275,False,,False
morgan_773,Morgan bit,uint8,0,0,0.0,1.0,0.01274976213130352,0.0,0.11220339315085193,0.012587205696898694,False,,False
morgan_774,Morgan bit,uint8,0,0,0.0,1.0,0.006660323501427212,0.0,0.08134631409237959,0.00661596359228355,False,,False
morgan_775,Morgan bit,uint8,0,0,0.0,1.0,0.01313035204567079,0.0,0.11384380616402713,0.012957945900827538,False,,False
morgan_776,Morgan bit,uint8,0,0,0.0,1.0,0.016175071360608945,0.0,0.12616048212709915,0.01591343842708815,False,,False
morgan_777,Morgan bit,uint8,0,0,0.0,1.0,0.0024738344433872504,0.0,0.04968082396210692,0.002467714586533961,False,,False
morgan_778,Morgan bit,uint8,0,0,0.0,1.0,0.0019029495718363464,0.0,0.04358543169641933,0.0018993283547633945,False,,False
morgan_779,Morgan bit,uint8,0,0,0.0,1.0,0.10390104662226451,0.0,0.3051611705887027,0.09310561913306253,False,,False
morgan_780,Morgan bit,uint8,0,0,0.0,1.0,0.018458610846812558,0.0,0.1346155226258645,0.018117890532418492,False,,False
morgan_781,Morgan bit,uint8,0,0,0.0,1.0,0.11360608943862988,0.0,0.31736243032560296,0.1006997458810919,False,,False
morgan_782,Morgan bit,uint8,0,0,0.0,1.0,0.004947668886774501,0.0,0.0701721205023906,0.004923189459361344,False,,False
morgan_783,Morgan bit,uint8,0,0,0.0,1.0,0.009324452901998096,0.0,0.09612109896240671,0.009237507480076516,False,,False
morgan_784,Morgan bit,uint8,0,0,0.0,1.0,0.23520456707897242,0.0,0.42416696726551156,0.17988337870416557,False,,False
morgan_785,Morgan bit,uint8,0,0,0.0,1.0,0.059372026641294005,0.0,0.23634216406922304,0.05584698909379948,False,,False
morgan_786,Morgan bit,uint8,0,0,0.0,1.0,0.05518553758325404,0.0,0.22836378414785188,0.05214009402490131,False,,False
morgan_787,Morgan bit,uint8,0,0,0.0,1.0,0.05118934348239772,0.0,0.22040471589807115,0.04856899459623883,False,,False
morgan_788,Morgan bit,uint8,0,0,0.0,1.0,0.006279733587059943,0.0,0.07900307751281235,0.006240298533135495,False,,False
morgan_789,Morgan bit,uint8,0,0,0.0,1.0,0.016175071360608945,0.0,0.12616048212709915,0.01591343842708815,False,,False
morgan_790,Morgan bit,uint8,0,0,0.0,1.0,0.05575642245480495,0.0,0.22947257853133393,0.05264764380984628,False,,False
morgan_791,Morgan bit,uint8,0,0,0.0,1.0,0.014272121788772598,0.0,0.11862169274180304,0.014068428328419038,False,,False
morgan_792,Morgan bit,uint8,0,0,0.0,1.0,0.10466222645099905,0.0,0.30614682811963023,0.09370804480531883,False,,False
morgan_793,Morgan bit,uint8,0,0,0.0,1.0,0.011037107516650808,0.0,0.10448620623918986,0.0109152897743167,False,,False
morgan_794,Morgan bit,uint8,0,0,0.0,1.0,0.05309229305423406,0.0,0.22423886836841356,0.0502735014724774,False,,False
morgan_795,Morgan bit,uint8,0,0,0.0,1.0,0.03158896289248335,0.0,0.1749197609075843,0.03059110031586066,False,,False
morgan_796,Morgan bit,uint8,0,0,0.0,1.0,0.01274976213130352,0.0,0.11220339315085193,0.012587205696898694,False,,False
morgan_797,Morgan bit,uint8,0,0,0.0,1.0,0.005708848715509039,0.0,0.07534811298678264,0.00567625776185247,False,,False
morgan_798,Morgan bit,uint8,0,0,0.0,1.0,0.024928639391056138,0.0,0.15592250879067268,0.024307202329166822,False,,False
morgan_799,Morgan bit,uint8,0,0,0.0,1.0,0.047954329210275926,0.0,0.21368996475083535,0.045654711520268405,False,,False
morgan_800,Morgan bit,uint8,0,0,0.0,1.0,0.13491912464319694,0.0,0.34166967839363127,0.11671595444871044,False,,False
morgan_801,Morgan bit,uint8,0,0,0.0,1.0,0.030447193149381543,0.0,0.17183067300625365,0.0295201615787058,False,,False
morgan_802,Morgan bit,uint8,0,0,0.0,1.0,0.029305423406279733,0.0,0.16867729498382164,0.028446615565258408,False,,False
morgan_803,Morgan bit,uint8,0,0,0.0,1.0,0.029876308277830638,0.0,0.1702622418094744,0.02898371448151867,False,,False
morgan_804,Morgan bit,uint8,0,0,0.0,1.0,0.03292102759276879,0.0,0.17844689168800926,0.03183723353500495,False,,False
morgan_805,Morgan bit,uint8,0,0,0.0,1.0,0.0020932445290199808,0.0,0.04570842845784766,0.0020888628563617085,False,,False
morgan_806,Morgan bit,uint8,0,0,0.0,1.0,0.04966698382492864,0.0,0.21727668583491114,0.04720017454266292,False,,False
morgan_807,Morgan bit,uint8,0,0,0.0,1.0,0.5882017126546146,1.0,0.49220581060106655,0.2422204578847928,False,,False
morgan_808,Morgan bit,uint8,0,0,0.0,1.0,0.019980970504281638,0.0,0.1399480558491047,0.019581731321988666,False,,False
morgan_809,Morgan bit,uint8,0,0,0.0,1.0,0.029495718363463368,0.0,0.16920747421088753,0.028625720961686616,False,,False
morgan_810,Morgan bit,uint8,0,0,0.0,1.0,0.004376784015223597,0.0,0.06601861229477718,0.00435762777690768,False,,False
morgan_811,Morgan bit,uint8,0,0,0.0,1.0,0.004376784015223597,0.0,0.06601861229477718,0.00435762777690768,False,,False
morgan_812,Morgan bit,uint8,0,0,0.0,1.0,0.004376784015223597,0.0,0.06601861229477718,0.00435762777690768,False,,False
morgan_813,Morgan bit,uint8,0,0,0.0,1.0,0.04243577545195052,0.0,0.20160038322721777,0.04063498041374216,False,,False
morgan_814,Morgan bit,uint8,0,0,0.0,1.0,0.012559467174119886,0.0,0.11137363868394341,0.012401726958422092,False,,False
morgan_815,Morgan bit,uint8,0,0,0.0,1.0,0.01351094196003806,0.0,0.11545966056054487,0.013328396407390539,False,,False
morgan_816,Morgan bit,uint8,0,0,0.0,1.0,0.13016175071360608,0.0,0.3365133260327436,0.11321966936477514,False,,False
morgan_817,Morgan bit,uint8,0,0,0.0,1.0,0.005137963843958135,0.0,0.07150201438916155,0.005111565171496314,False,,False
morgan_818,Morgan bit,uint8,0,0,0.0,1.0,0.006089438629876308,0.0,0.07780430141930465,0.006052357367049277,False,,False
morgan_819,Morgan bit,uint8,0,0,0.0,1.0,0.007231208372978116,0.0,0.08473655864118812,0.007178917998444689,False,,False
morgan_820,Morgan bit,uint8,0,0,0.0,1.0,0.006279733587059943,0.0,0.07900307751281235,0.006240298533135495,False,,False
morgan_821,Morgan bit,uint8,0,0,0.0,1.0,0.0032350142721217887,0.0,0.05679051581889696,0.0032245489547809572,False,,False
morgan_822,Morgan bit,uint8,0,0,0.0,1.0,0.019790675547098003,0.0,0.13929356389967082,0.019399004708487495,False,,False
morgan_823,Morgan bit,uint8,0,0,0.0,1.0,0.011227402473834443,0.0,0.10537296066890281,0.011101347907524978,False,,False
morgan_824,Morgan bit,uint8,0,0,0.0,1.0,0.0020932445290199808,0.0,0.045708428457847665,0.002088862856361709,False,,False
morgan_825,Morgan bit,uint8,0,0,0.0,1.0,0.01636536631779258,0.0,0.126888159286081,0.016097541103077036,False,,False
morgan_826,Morgan bit,uint8,0,0,0.0,1.0,0.005708848715509039,0.0,0.07534811298678264,0.0056762577618524705,False,,False
morgan_827,Morgan bit,uint8,0,0,0.0,1.0,0.018648905803996193,0.0,0.13529452091932462,0.018301124116309873,False,,False
morgan_828,Morgan bit,uint8,0,0,0.0,1.0,0.027783063748810656,0.0,0.1643663779012265,0.027011165117540183,False,,False
morgan_829,Morgan bit,uint8,0,0,0.0,1.0,0.022074215033301616,0.0,0.14693894219171594,0.021586944063965177,False,,False
morgan_830,Morgan bit,uint8,0,0,0.0,1.0,0.021122740247383445,0.0,0.14380718162780096,0.020676570091825015,False,,False
morgan_831,Morgan bit,uint8,0,0,0.0,1.0,0.4055185537583254,0.0,0.4910388376417061,0.2410732563160815,False,,False
morgan_832,Morgan bit,uint8,0,0,0.0,1.0,0.09971455756422455,0.0,0.2996475444609456,0.0897715645739955,False,,False
morgan_833,Morgan bit,uint8,0,0,0.0,1.0,0.017126546146527116,0.0,0.12975527523619304,0.016833227563618,False,,False
morgan_834,Morgan bit,uint8,0,0,0.0,1.0,0.04186489058039962,0.0,0.20029941618335786,0.04011222151709078,False,,False
morgan_835,Morgan bit,uint8,0,0,0.0,1.0,0.06412940057088487,0.0,0.2450066195541548,0.06001682055330385,False,,False
morgan_836,Morgan bit,uint8,0,0,0.0,1.0,0.01769743101807802,0.0,0.13186182432665733,0.017384231953438398,False,,False
morgan_837,Morgan bit,uint8,0,0,0.0,1.0,0.008943862987630828,0.0,0.09415708881093385,0.008863870302489314,False,,False
morgan_838,Morgan bit,uint8,0,0,0.0,1.0,0.06241674595623216,0.0,0.24193394580214705,0.058520895780467326,False,,False
morgan_839,Morgan bit,uint8,0,0,0.0,1.0,0.017507136060894386,0.0,0.13116367662264183,0.017200636247839716,False,,False
morgan_840,Morgan bit,uint8,0,0,0.0,1.0,0.0019029495718363464,0.0,0.04358543169641933,0.0018993283547633945,False,,False
morgan_841,Morgan bit,uint8,0,0,0.0,1.0,0.31950523311132256,0.0,0.4663293055793494,0.21742163912580192,False,,False
morgan_842,Morgan bit,uint8,0,0,0.0,1.0,0.08544243577545195,0.0,0.27956555368629016,0.07814202594420973,False,,False
morgan_843,Morgan bit,uint8,0,0,0.0,1.0,0.057659372026641294,0.0,0.23312037758334184,0.05433476884413467,False,,False
morgan_844,Morgan bit,uint8,0,0,0.0,1.0,0.01598477640342531,0.0,0.1254282946386033,0.015729263326757805,False,,False
morgan_845,Morgan bit,uint8,0,0,0.0,1.0,0.03235014272121789,0.0,0.1769451017695451,0.031303610987134724,False,,False
morgan_846,Morgan bit,uint8,0,0,0.0,1.0,0.002283539486203616,0.0,0.04773634432885548,0.0022783249336185644,False,,False
morgan_847,Morgan bit,uint8,0,0,0.0,1.0,0.011607992388201713,0.0,0.10712343635962758,0.011473246900917161,False,,False
morgan_848,Morgan bit,uint8,0,0,0.0,1.0,0.01274976213130352,0.0,0.11220339315085194,0.012587205696898697,False,,False
morgan_849,Morgan bit,uint8,0,0,0.0,1.0,0.9899143672692674,1.0,0.09992903978828857,0.009983912743153411,False,,False
morgan_850,Morgan bit,uint8,0,0,0.0,1.0,0.012369172216936251,0.0,0.11053732815077646,0.012216175795604025,False,,False
morgan_851,Morgan bit,uint8,0,0,0.0,1.0,0.011227402473834443,0.0,0.10537296066890282,0.01110134790752498,False,,False
morgan_852,Morgan bit,uint8,0,0,0.0,1.0,0.11665080875356804,0.0,0.32103428156782665,0.1030433975707065,False,,False
morgan_853,Morgan bit,uint8,0,0,0.0,1.0,0.005899143672692674,0.0,0.07658629083635349,0.005864343776621602,False,,False
morgan_854,Morgan bit,uint8,0,0,0.0,1.0,0.009324452901998096,0.0,0.09612109896240671,0.009237507480076516,False,,False
morgan_855,Morgan bit,uint8,0,0,0.0,1.0,0.049857278782112276,0.0,0.21767073026404415,0.04737153053455502,False,,False
morgan_856,Morgan bit,uint8,0,0,0.0,1.0,0.037868696479543294,0.0,0.19089681233026165,0.03643465830648352,False,,False
morgan_857,Morgan bit,uint8,0,0,0.0,1.0,0.004567078972407232,0.0,0.06743208471945791,0.004546220762067028,False,,False
morgan_858,Morgan bit,uint8,0,0,0.0,1.0,0.004947668886774501,0.0,0.0701721205023906,0.004923189459361344,False,,False
morgan_859,Morgan bit,uint8,0,0,0.0,1.0,0.014843006660323501,0.0,0.12093582995844476,0.014622691813605088,False,,False
morgan_860,Morgan bit,uint8,0,0,0.0,1.0,0.05347288296860133,0.0,0.22499592682766795,0.0506135337556276,False,,False
morgan_861,Morgan bit,uint8,0,0,0.0,1.0,0.008563273073263558,0.0,0.09214965723460457,0.008489943427536279,False,,False
morgan_862,Morgan bit,uint8,0,0,0.0,1.0,0.003805899143672693,0.0,0.06158032071790108,0.003791414275380885,False,,False
morgan_863,Morgan bit,uint8,0,0,0.0,1.0,0.017507136060894386,0.0,0.13116367662264183,0.01720063624783972,False,,False
morgan_864,Morgan bit,uint8,0,0,0.0,1.0,0.03444338725023787,0.0,0.18238248319554032,0.03325704032496802,False,,False
morgan_865,Morgan bit,uint8,0,0,0.0,1.0,0.048525214081826834,0.0,0.21489370714164174,0.04617051768013971,False,,False
morgan_866,Morgan bit,uint8,0,0,0.0,1.0,0.003805899143672693,0.0,0.061580320717901066,0.003791414275380884,False,,False
morgan_867,Morgan bit,uint8,0,0,0.0,1.0,0.0032350142721217887,0.0,0.05679051581889696,0.0032245489547809572,False,,False
morgan_868,Morgan bit,uint8,0,0,0.0,1.0,0.024738344433872503,0.0,0.15534140062064186,0.024126358748543596,False,,False
morgan_869,Morgan bit,uint8,0,0,0.0,1.0,0.009705042816365366,0.0,0.09804429716014701,0.009610854960297881,False,,False
morgan_870,Morgan bit,uint8,0,0,0.0,1.0,0.009705042816365366,0.0,0.098044297160147,0.00961085496029788,False,,False
morgan_871,Morgan bit,uint8,0,0,0.0,1.0,0.01065651760228354,0.0,0.10268866971646415,0.010542956234875762,False,,False
morgan_872,Morgan bit,uint8,0,0,0.0,1.0,0.03653663177925785,0.0,0.1876390319194119,0.035201706317484774,False,,False
morgan_873,Morgan bit,uint8,0,0,0.0,1.0,0.018839200761179828,0.0,0.1359698621445886,0.018484285275859793,False,,False
morgan_874,Morgan bit,uint8,0,0,0.0,1.0,0.01351094196003806,0.0,0.11545966056054488,0.013328396407390542,False,,False
morgan_875,Morgan bit,uint8,0,0,0.0,1.0,0.6656517602283539,1.0,0.4718070096380397,0.22255949433324795,False,,False
morgan_876,Morgan bit,uint8,0,0,0.0,1.0,0.010466222645099905,0.0,0.10177746326121138,0.010356680828643104,False,,False
morgan_877,Morgan bit,uint8,0,0,0.0,1.0,0.01065651760228354,0.0,0.10268866971646415,0.01054295623487576,False,,False
morgan_878,Morgan bit,uint8,0,0,0.0,1.0,0.047383444338725024,0.0,0.21247786886688744,0.045138253541323975,False,,False
morgan_879,Morgan bit,uint8,0,0,0.0,1.0,0.026450999048525214,0.0,0.1604875228215455,0.025751343697860137,False,,False
morgan_880,Morgan bit,uint8,0,0,0.0,1.0,0.010846812559467175,0.0,0.10359151176742631,0.010729159216766957,False,,False
morgan_881,Morgan bit,uint8,0,0,0.0,1.0,0.23311132254995243,0.0,0.4228527633064694,0.1787704338489645,False,,False
morgan_882,Morgan bit,uint8,0,0,0.0,1.0,0.004947668886774501,0.0,0.07017212050239062,0.004923189459361344,False,,False
morgan_883,Morgan bit,uint8,0,0,0.0,1.0,0.01560418648905804,0.0,0.12395006846461369,0.015360695853072738,False,,False
morgan_884,Morgan bit,uint8,0,0,0.0,1.0,0.0028544243577545195,0.0,0.05335558409873572,0.002846276619340377,False,,False
morgan_885,Morgan bit,uint8,0,0,0.0,1.0,0.017887725975261656,0.0,0.13255602184062945,0.0175677552346956,False,,False
morgan_886,Morgan bit,uint8,0,0,0.0,1.0,0.015794481446241675,0.0,0.12469151736677353,0.015545015802086,False,,False
morgan_887,Morgan bit,uint8,0,0,0.0,1.0,0.2921027592768792,0.0,0.4547725736453396,0.20677873729971272,False,,False
morgan_888,Morgan bit,uint8,0,0,0.0,1.0,0.0538534728829686,0.0,0.22574980473619827,0.05095327634141197,False,,False
morgan_889,Morgan bit,uint8,0,0,0.0,1.0,0.0020932445290199808,0.0,0.04570842845784766,0.0020888628563617085,False,,False
morgan_890,Morgan bit,uint8,0,0,0.0,1.0,0.03254043767840152,0.0,0.1774473147612737,0.03148155759409958,False,,False
morgan_891,Morgan bit,uint8,0,0,0.0,1.0,0.048144624167459564,0.0,0.21409213340201802,0.04582671933123364,False,,False
morgan_892,Morgan bit,uint8,0,0,0.0,1.0,0.019029495718363463,0.0,0.13664160052605215,0.018667374011068254,False,,False
morgan_893,Morgan bit,uint8,0,0,0.0,1.0,0.5326355851569934,1.0,0.4989812608278222,0.24893491858146063,False,,False
morgan_894,Morgan bit,uint8,0,0,0.0,1.0,0.01027592768791627,0.0,0.10085766569533189,0.010170332998068986,False,,False
morgan_895,Morgan bit,uint8,0,0,0.0,1.0,0.01313035204567079,0.0,0.11384380616402716,0.012957945900827541,False,,False
morgan_896,Morgan bit,uint8,0,0,0.0,1.0,0.11836346336822075,0.0,0.32306874754819814,0.10435355390770061,False,,False
morgan_897,Morgan bit,uint8,0,0,0.0,1.0,0.019600380589914368,0.0,0.1386357209151854,0.019216205670644877,False,,False
morgan_898,Morgan bit,uint8,0,0,0.0,1.0,0.019980970504281638,0.0,0.1399480558491047,0.019581731321988666,False,,False
morgan_899,Morgan bit,uint8,0,0,0.0,1.0,0.03254043767840152,0.0,0.1774473147612737,0.031481557594099575,False,,False
morgan_900,Morgan bit,uint8,0,0,0.0,1.0,0.0034253092293054233,0.0,0.05843138023371384,0.0034135764859890582,False,,False
morgan_901,Morgan bit,uint8,0,0,0.0,1.0,0.02131303520456708,0.0,0.14443946764275095,0.02085878973493597,False,,False
morgan_902,Morgan bit,uint8,0,0,0.0,1.0,0.006660323501427212,0.0,0.08134631409237958,0.0066159635922835485,False,,False
morgan_903,Morgan bit,uint8,0,0,0.0,1.0,0.007231208372978116,0.0,0.08473655864118812,0.007178917998444689,False,,False
morgan_904,Morgan bit,uint8,0,0,0.0,1.0,0.11360608943862988,0.0,0.31736243032560296,0.1006997458810919,False,,False
morgan_905,Morgan bit,uint8,0,0,0.0,1.0,0.008372978116079923,0.0,0.09112876411330571,0.00830287135354757,False,,False
morgan_906,Morgan bit,uint8,0,0,0.0,1.0,0.018839200761179828,0.0,0.1359698621445886,0.018484285275859793,False,,False
morgan_907,Morgan bit,uint8,0,0,0.0,1.0,0.002283539486203616,0.0,0.04773634432885548,0.002278324933618565,False,,False
morgan_908,Morgan bit,uint8,0,0,0.0,1.0,0.015223596574690771,0.0,0.12245281579576797,0.014991838682021835,False,,False
morgan_909,Morgan bit,uint8,0,0,0.0,1.0,0.022835394862036156,0.0,0.14939272620145364,0.022313939603531053,False,,False
morgan_910,Morgan bit,uint8,0,0,0.0,1.0,0.07269267364414843,0.0,0.25965607786449163,0.06740844884261377,False,,False
morgan_911,Morgan bit,uint8,0,0,0.0,1.0,0.02093244529019981,0.0,0.1431718503212671,0.020494278024372606,False,,False
morgan_912,Morgan bit,uint8,0,0,0.0,1.0,0.006089438629876308,0.0,0.07780430141930465,0.006052357367049276,False,,False
morgan_913,Morgan bit,uint8,0,0,0.0,1.0,0.058420551855375834,0.0,0.2345592902355014,0.05500759097628918,False,,False
morgan_914,Morgan bit,uint8,0,0,0.0,1.0,0.008943862987630828,0.0,0.09415708881093385,0.008863870302489314,False,,False
morgan_915,Morgan bit,uint8,0,0,0.0,1.0,0.046622264509990484,0.0,0.21084849755638252,0.04444862896195096,False,,False
morgan_916,Morgan bit,uint8,0,0,0.0,1.0,0.030637488106565178,0.0,0.17234989133386375,0.02969883242908526,False,,False
morgan_917,Morgan bit,uint8,0,0,0.0,1.0,0.016555661274976215,0.0,0.12761140327318543,0.01628157135472447,False,,False
morgan_918,Morgan bit,uint8,0,0,0.0,1.0,0.04319695528068506,0.0,0.2033195635173495,0.04133097833516356,False,,False
morgan_919,Morgan bit,uint8,0,0,0.0,1.0,0.011227402473834443,0.0,0.10537296066890282,0.01110134790752498,False,,False
morgan_920,Morgan bit,uint8,0,0,0.0,1.0,0.03177925784966698,0.0,0.17542859796573254,0.030769336620191365,False,,False
morgan_921,Morgan bit,uint8,0,0,0.0,1.0,0.004757373929590866,0.0,0.06881600461934798,0.004734741322884915,False,,False
morgan_922,Morgan bit,uint8,0,0,0.0,1.0,0.05347288296860133,0.0,0.22499592682766795,0.0506135337556276,False,,False
morgan_923,Morgan bit,uint8,0,0,0.0,1.0,0.0340627973358706,0.0,0.18140778800664292,0.032902523173526,False,,False
morgan_924,Morgan bit,uint8,0,0,0.0,1.0,0.2302568981921979,0.0,0.4210372822797937,0.17723865902710567,False,,False
morgan_925,Morgan bit,uint8,0,0,0.0,1.0,0.02340627973358706,0.0,0.1512044194912645,0.02285842580262013,False,,False
morgan_926,Morgan bit,uint8,0,0,0.0,1.0,0.7191246431969552,1.0,0.4494695036045057,0.20198439074380703,False,,False
morgan_927,Morgan bit,uint8,0,0,0.0,1.0,0.11836346336822075,0.0,0.32306874754819814,0.10435355390770061,False,,False
morgan_928,Morgan bit,uint8,0,0,0.0,1.0,0.003044719314938154,0.0,0.0551001519036913,0.003035448999231396,False,,False
morgan_929,Morgan bit,uint8,0,0,0.0,1.0,0.013891531874405328,0.0,0.11705197340965948,0.013698557216587713,False,,False
morgan_930,Morgan bit,uint8,0,0,0.0,1.0,0.010846812559467175,0.0,0.10359151176742631,0.01072915921676696,False,,False
morgan_931,Morgan bit,uint8,0,0,0.0,1.0,0.01313035204567079,0.0,0.11384380616402713,0.012957945900827538,False,,False
morgan_932,Morgan bit,uint8,0,0,0.0,1.0,0.07916270218839201,0.0,0.2700182274330822,0.07289596877062396,False,,False
morgan_933,Morgan bit,uint8,0,0,0.0,1.0,0.008372978116079923,0.0,0.09112876411330571,0.00830287135354757,False,,False
morgan_934,Morgan bit,uint8,0,0,0.0,1.0,0.006279733587059943,0.0,0.07900307751281235,0.006240298533135495,False,,False
morgan_935,Morgan bit,uint8,0,0,0.0,1.0,0.4597526165556613,0.0,0.49842494180331054,0.24838014812588435,False,,False
morgan_936,Morgan bit,uint8,0,0,0.0,1.0,0.02340627973358706,0.0,0.1512044194912645,0.02285842580262013,False,,False
morgan_937,Morgan bit,uint8,0,0,0.0,1.0,0.005708848715509039,0.0,0.07534811298678264,0.0056762577618524705,False,,False
morgan_938,Morgan bit,uint8,0,0,0.0,1.0,0.006279733587059943,0.0,0.07900307751281235,0.006240298533135495,False,,False
morgan_939,Morgan bit,uint8,0,0,0.0,1.0,0.057278782112274024,0.0,0.2323966452431108,0.053997923232008666,False,,False
morgan_940,Morgan bit,uint8,0,0,0.0,1.0,0.0736441484300666,0.0,0.2612157582456241,0.06822068783207691,False,,False
morgan_941,Morgan bit,uint8,0,0,0.0,1.0,0.019790675547098003,0.0,0.13929356389967082,0.019399004708487495,False,,False
morgan_942,Morgan bit,uint8,0,0,0.0,1.0,0.004376784015223597,0.0,0.0660186122947772,0.004357627776907682,False,,False
morgan_943,Morgan bit,uint8,0,0,0.0,1.0,0.01807802093244529,0.0,0.1332463309046316,0.017751206091611363,False,,False
morgan_944,Morgan bit,uint8,0,0,0.0,1.0,0.025118934348239773,0.0,0.15650122782344544,0.024487973485448594,False,,False
morgan_945,Morgan bit,uint8,0,0,0.0,1.0,0.007611798287345386,0.0,0.08692120885613279,0.007553858814178153,False,,False
morgan_946,Morgan bit,uint8,0,0,0.0,1.0,0.25137963843958133,0.0,0.43384759287673785,0.1881879158175667,False,,False
morgan_947,Morgan bit,uint8,0,0,0.0,1.0,0.016175071360608945,0.0,0.12616048212709915,0.015913438427088148,False,,False
morgan_948,Morgan bit,uint8,0,0,0.0,1.0,0.18915318744053283,0.0,0.39166752612996153,0.15337425912161948,False,,False
morgan_949,Morgan bit,uint8,0,0,0.0,1.0,0.015413891531874405,0.0,0.1232038635896228,0.015176303479718014,False,,False
morgan_950,Morgan bit,uint8,0,0,0.0,1.0,0.029115128449096098,0.0,0.168145228654173,0.028267437744488734,False,,False
morgan_951,Morgan bit,uint8,0,0,0.0,1.0,0.007611798287345386,0.0,0.08692120885613278,0.007553858814178151,False,,False
morgan_952,Morgan bit,uint8,0,0,0.0,1.0,0.013891531874405328,0.0,0.11705197340965949,0.013698557216587715,False,,False
morgan_953,Morgan bit,uint8,0,0,0.0,1.0,0.015223596574690771,0.0,0.12245281579576797,0.014991838682021835,False,,False
morgan_954,Morgan bit,uint8,0,0,0.0,1.0,0.03349191246431969,0.0,0.1799343361419796,0.032370204263802035,False,,False
morgan_955,Morgan bit,uint8,0,0,0.0,1.0,0.05099904852521408,0.0,0.22001672038895664,0.048398145574736935,False,,False
morgan_956,Morgan bit,uint8,0,0,0.0,1.0,0.1333967649857279,0.0,0.3400353963261237,0.11560206807707034,False,,False
morgan_957,Morgan bit,uint8,0,0,0.0,1.0,0.04471931493815414,0.0,0.2067066246202165,0.04271949780961632,False,,False
morgan_958,Morgan bit,uint8,0,0,0.0,1.0,0.030066603235014273,0.0,0.17078686470972734,0.029162602604922504,False,,False
morgan_959,Morgan bit,uint8,0,0,0.0,1.0,0.039581351094196006,0.0,0.19499205911056872,0.038014667739753996,False,,False
morgan_960,Morgan bit,uint8,0,0,0.0,1.0,0.05042816365366318,0.0,0.21884761365791636,0.04788516396418255,False,,False
morgan_961,Morgan bit,uint8,0,0,0.0,1.0,0.0841103710751665,0.0,0.2775796802187471,0.0770358165527643,False,,False
morgan_962,Morgan bit,uint8,0,0,0.0,1.0,0.0024738344433872504,0.0,0.04968082396210692,0.0024677145865339613,False,,False
morgan_963,Morgan bit,uint8,0,0,0.0,1.0,0.005137963843958135,0.0,0.07150201438916155,0.005111565171496314,False,,False
morgan_964,Morgan bit,uint8,0,0,0.0,1.0,0.012178877259752616,0.0,0.10969431160090859,0.012030552208444498,False,,False
morgan_965,Morgan bit,uint8,0,0,0.0,1.0,0.017507136060894386,0.0,0.13116367662264183,0.017200636247839712,False,,False
morgan_966,Morgan bit,uint8,0,0,0.0,1.0,0.04643196955280685,0.0,0.21043875324512137,0.044276041756254075,False,,False
morgan_967,Morgan bit,uint8,0,0,0.0,1.0,0.05499524262607041,0.0,0.2279926699952808,0.05197076591457006,False,,False
morgan_968,Morgan bit,uint8,0,0,0.0,1.0,0.02302568981921979,0.0,0.14999929674487752,0.02249550742756887,False,,False
morgan_969,Morgan bit,uint8,0,0,0.0,1.0,0.011607992388201713,0.0,0.10712343635962761,0.011473246900917165,False,,False
morgan_970,Morgan bit,uint8,0,0,0.0,1.0,0.021883920076117985,0.0,0.14631844777653555,0.021405014118220066,False,,False
morgan_971,Morgan bit,uint8,0,0,0.0,1.0,0.0068506184586108465,0.0,0.0824923174555503,0.006803687485345389,False,,False
morgan_972,Morgan bit,uint8,0,0,0.0,1.0,0.016745956232159846,0.0,0.1283302890418594,0.016465529182030435,False,,False
morgan_973,Morgan bit,uint8,0,0,0.0,1.0,0.0068506184586108465,0.0,0.0824923174555503,0.006803687485345388,False,,False
morgan_974,Morgan bit,uint8,0,0,0.0,1.0,0.1120837297811608,0.0,0.3154994599714425,0.09952096729950453,False,,False
morgan_975,Morgan bit,uint8,0,0,0.0,1.0,0.03139866793529972,0.0,0.17440923166387787,0.030412791587188487,False,,False
morgan_976,Morgan bit,uint8,0,0,0.0,1.0,0.05195052331113226,0.0,0.22194828354019136,0.04925166643883177,False,,False
morgan_977,Morgan bit,uint8,0,0,0.0,1.0,0.006279733587059943,0.0,0.07900307751281235,0.006240298533135495,False,,False
morgan_978,Morgan bit,uint8,0,0,0.0,1.0,0.02588011417697431,0.0,0.158792733396902,0.025210333867161084,False,,False
morgan_979,Morgan bit,uint8,0,0,0.0,1.0,0.002664129400570885,0.0,0.05155130969333944,0.0026570318151078985,False,,False
morgan_980,Morgan bit,uint8,0,0,0.0,1.0,0.048525214081826834,0.0,0.21489370714164177,0.04617051768013972,False,,False
morgan_981,Morgan bit,uint8,0,0,0.0,1.0,0.011798287345385348,0.0,0.10798753098848311,0.011659087761101068,False,,False
morgan_982,Morgan bit,uint8,0,0,0.0,1.0,0.0032350142721217887,0.0,0.05679051581889696,0.0032245489547809572,False,,False
morgan_983,Morgan bit,uint8,0,0,0.0,1.0,0.024928639391056138,0.0,0.15592250879067268,0.02430720232916682,False,,False
morgan_984,Morgan bit,uint8,0,0,0.0,1.0,0.06622264509990486,0.0,0.24869454341441075,0.061837206375876905,False,,False
morgan_985,Morgan bit,uint8,0,0,0.0,1.0,0.029305423406279733,0.0,0.16867729498382164,0.028446615565258408,False,,False
morgan_986,Morgan bit,uint8,0,0,0.0,1.0,0.006470028544243577,0.0,0.08018348181214625,0.006428167274880251,False,,False
morgan_987,Morgan bit,uint8,0,0,0.0,1.0,0.016175071360608945,0.0,0.12616048212709915,0.01591343842708815,False,,False
morgan_988,Morgan bit,uint8,0,0,0.0,1.0,0.004757373929590866,0.0,0.06881600461934799,0.004734741322884916,False,,False
morgan_989,Morgan bit,uint8,0,0,0.0,1.0,0.010466222645099905,0.0,0.10177746326121137,0.010356680828643102,False,,False
morgan_990,Morgan bit,uint8,0,0,0.0,1.0,0.008563273073263558,0.0,0.09214965723460457,0.008489943427536279,False,,False
morgan_991,Morgan bit,uint8,0,0,0.0,1.0,0.008563273073263558,0.0,0.09214965723460457,0.008489943427536279,False,,False
morgan_992,Morgan bit,uint8,0,0,0.0,1.0,0.011988582302568981,0.0,0.10884443321711935,0.011844856196943516,False,,False
morgan_993,Morgan bit,uint8,0,0,0.0,1.0,0.02626070409134158,0.0,0.15992481510262874,0.02557107951196858,False,,False
morgan_994,Morgan bit,uint8,0,0,0.0,1.0,0.024928639391056138,0.0,0.15592250879067268,0.024307202329166822,False,,False
morgan_995,Morgan bit,uint8,0,0,0.0,1.0,0.0009514747859181732,0.0,0.030834240782893967,0.000950569481649935,False,,False
morgan_996,Morgan bit,uint8,0,0,0.0,1.0,0.01027592768791627,0.0,0.10085766569533189,0.010170332998068984,False,,False
morgan_997,Morgan bit,uint8,0,0,0.0,1.0,0.03444338725023787,0.0,0.18238248319554035,0.03325704032496802,False,,False
morgan_998,Morgan bit,uint8,0,0,0.0,1.0,0.03387250237868696,0.0,0.18091817094675638,0.0327251559612928,False,,False
morgan_999,Morgan bit,uint8,0,0,0.0,1.0,0.019790675547098003,0.0,0.13929356389967082,0.019399004708487495,False,,False
morgan_1000,Morgan bit,uint8,0,0,0.0,1.0,0.006089438629876308,0.0,0.07780430141930465,0.006052357367049277,False,,False
morgan_1001,Morgan bit,uint8,0,0,0.0,1.0,0.0034253092293054233,0.0,0.05843138023371384,0.0034135764859890582,False,,False
morgan_1002,Morgan bit,uint8,0,0,0.0,1.0,0.019790675547098003,0.0,0.13929356389967082,0.019399004708487495,False,,False
morgan_1003,Morgan bit,uint8,0,0,0.0,1.0,0.0532825880114177,0.0,0.2246177971736813,0.05044355382622323,False,,False
morgan_1004,Morgan bit,uint8,0,0,0.0,1.0,0.04414843006660323,0.0,0.20544434292638608,0.042199346189257476,False,,False
morgan_1005,Morgan bit,uint8,0,0,0.0,1.0,0.012940057088487155,0.0,0.11302673594022633,0.012772612011033847,False,,False
morgan_1006,Morgan bit,uint8,0,0,0.0,1.0,0.0068506184586108465,0.0,0.0824923174555503,0.006803687485345389,False,,False
morgan_1007,Morgan bit,uint8,0,0,0.0,1.0,0.0034253092293054233,0.0,0.05843138023371384,0.0034135764859890582,False,,False
morgan_1008,Morgan bit,uint8,0,0,0.0,1.0,0.014462416745956231,0.0,0.11939835881057655,0.014253255247822519,False,,False
morgan_1009,Morgan bit,uint8,0,0,0.0,1.0,0.09876308277830638,0.0,0.29837204532926054,0.08900893625843177,False,,False
morgan_1010,Morgan bit,uint8,0,0,0.0,1.0,0.02264509990485252,0.0,0.14878343933960217,0.02213229935515177,False,,False
morgan_1011,Morgan bit,uint8,0,0,0.0,1.0,0.015794481446241675,0.0,0.12469151736677353,0.015545015802086,False,,False
morgan_1012,Morgan bit,uint8,0,0,0.0,1.0,0.0041864890580399616,0.0,0.06457364672153795,0.004168962367406873,False,,False
morgan_1013,Morgan bit,uint8,0,0,0.0,1.0,0.03158896289248335,0.0,0.1749197609075843,0.03059110031586066,False,,False
morgan_1014,Morgan bit,uint8,0,0,0.0,1.0,0.008563273073263558,0.0,0.09214965723460455,0.008489943427536277,False,,False
morgan_1015,Morgan bit,uint8,0,0,0.0,1.0,0.01769743101807802,0.0,0.13186182432665733,0.017384231953438394,False,,False
morgan_1016,Morgan bit,uint8,0,0,0.0,1.0,0.010846812559467175,0.0,0.10359151176742631,0.01072915921676696,False,,False
morgan_1017,Morgan bit,uint8,0,0,0.0,1.0,0.06450999048525215,0.0,0.2456825956485826,0.06034845161284481,False,,False
morgan_1018,Morgan bit,uint8,0,0,0.0,1.0,0.024167459562321598,0.0,0.15358346953901778,0.02358339346062515,False,,False
morgan_1019,Morgan bit,uint8,0,0,0.0,1.0,0.42492863939105613,0.0,0.4943792076526133,0.24436429081632197,False,,False
morgan_1020,Morgan bit,uint8,0,0,0.0,1.0,0.023215984776403426,0.0,0.15060318379067253,0.022677002827265227,False,,False
morgan_1021,Morgan bit,uint8,0,0,0.0,1.0,0.009895337773549001,0.0,0.09899133708755185,0.009797420063896374,False,,False
morgan_1022,Morgan bit,uint8,0,0,0.0,1.0,0.015794481446241675,0.0,0.12469151736677353,0.015545015802086,False,,False
morgan_1023,Morgan bit,uint8,0,0,0.0,1.0,0.005708848715509039,0.0,0.07534811298678264,0.0056762577618524705,False,,False
