feature,family,dtype,missing,nonfinite,min,max,mean,median,std,variance,zero_variance,near_zero_variance_lt_1e-8,suspiciously_large_magnitude_abs_ge_1e6
MolWt,RDKit descriptor,float64,0,0,122.16699999999997,1075.654999999999,423.6555840824136,408.4580000000002,119.0156800200476,14161.633264974624,False,False,False
MolLogP,RDKit descriptor,float64,0,0,-1.8462999999999972,16.026399999999963,4.706312640560055,4.479300000000004,1.8810738378223615,3.5376646772834497,False,False,False
NumHDonors,RDKit descriptor,int64,0,0,0.0,12.0,1.1982060818201707,1.0,1.1219342170021778,1.2584610128792222,False,False,False
NumHAcceptors,RDKit descriptor,int64,0,0,0.0,18.0,4.515204550426603,4.0,1.9372934086933236,3.7522846825082805,False,False,False
TPSA,RDKit descriptor,float64,0,0,0.0,298.14,63.855729599649976,57.900000000000006,31.034555370668595,962.9329196328559,False,False,False
MaxPartialCharge,RDKit descriptor,float64,29,0,-0.0019024701553874764,0.6732131186250532,0.25808383716510447,0.25026195058695444,0.10002551421116154,0.010002900696313134,False,False,False
MinPartialCharge,RDKit descriptor,float64,29,0,-0.8724215305408468,-0.1665655089941231,-0.4369669213919151,-0.4644590769370087,0.07631442005936764,0.005822608478546493,False,False,False
NumHeteroatoms,RDKit descriptor,int64,0,0,1.0,24.0,5.974622620870707,6.0,2.4121798990150944,5.817338924528768,False,False,False
NumRotatableBonds,RDKit descriptor,int64,0,0,0.0,33.0,6.948370159702472,6.0,4.671104324929399,21.81444221345215,False,False,False
FractionCSP3,RDKit descriptor,float64,0,0,0.0,1.0,0.36393200417518745,0.36363636363636365,0.16335682074659208,0.02667961289474171,False,False,False
NumAromaticRings,RDKit descriptor,int64,0,0,0.0,9.0,2.74513235615839,3.0,1.12734843090599,1.2706364460565576,False,False,False
RingCount,RDKit descriptor,int64,0,0,0.0,11.0,4.000656311529206,4.0,1.378404718927254,1.8995839052866794,False,False,False
NumAliphaticNitrogens,RDKit descriptor,int64,0,0,0.0,7.0,1.88580179391818,2.0,1.1812159051312654,1.3949657703840057,False,False,False
NumFormalCharge,RDKit descriptor,int64,0,0,-1.0,3.0,0.12644935462699627,0.0,0.3899481739187673,0.15202631219111706,False,False,False
morgan_0,Morgan bit,uint8,0,0,0.0,1.0,0.007438197330999781,0.0,0.08593303241038455,0.007382870551464888,False,,False
morgan_1,Morgan bit,uint8,0,0,0.0,1.0,0.08925836797199738,0.0,0.2851475052532843,0.0812913117189729,False,,False
morgan_2,Morgan bit,uint8,0,0,0.0,1.0,0.07919492452417413,0.0,0.2700722965539391,0.07292308845378451,False,,False
morgan_3,Morgan bit,uint8,0,0,0.0,1.0,0.06738131699846861,0.0,0.25070864743826055,0.06284107511802049,False,,False
morgan_4,Morgan bit,uint8,0,0,0.0,1.0,0.3071537956683439,0.0,0.4613641818446684,0.21281034147487313,False,,False
morgan_5,Morgan bit,uint8,0,0,0.0,1.0,0.0059068037628527675,0.0,0.07663679478389612,0.005871913432159915,False,,False
morgan_6,Morgan bit,uint8,0,0,0.0,1.0,0.012469919054911398,0.0,0.11098249769741876,0.012314420173675355,False,,False
morgan_7,Morgan bit,uint8,0,0,0.0,1.0,0.012469919054911398,0.0,0.11098249769741875,0.012314420173675355,False,,False
morgan_8,Morgan bit,uint8,0,0,0.0,1.0,0.060599431196674686,0.0,0.2386201936968851,0.05692714013531417,False,,False
morgan_9,Morgan bit,uint8,0,0,0.0,1.0,0.019908116385911178,0.0,0.13969986694589467,0.019511783287876196,False,,False
morgan_10,Morgan bit,uint8,0,0,0.0,1.0,0.09275869612776198,0.0,0.2901257227071226,0.0841545204204395,False,,False
morgan_11,Morgan bit,uint8,0,0,0.0,1.0,0.020345657405381756,0.0,0.14119515946019168,0.019931711630124596,False,,False
morgan_12,Morgan bit,uint8,0,0,0.0,1.0,0.014876394661999562,0.0,0.1210714431498444,0.014655087543859994,False,,False
morgan_13,Morgan bit,uint8,0,0,0.0,1.0,0.12907460074381974,0.0,0.33531917110759696,0.11241434818664328,False,,False
morgan_14,Morgan bit,uint8,0,0,0.0,1.0,0.07044410413476264,0.0,0.25592198212355566,0.06548173232741335,False,,False
morgan_15,Morgan bit,uint8,0,0,0.0,1.0,0.19601837672281777,0.0,0.397026016062266,0.1575951727097693,False,,False
morgan_16,Morgan bit,uint8,0,0,0.0,1.0,0.008313279369940932,0.0,0.09080733853448204,0.008244168756058245,False,,False
morgan_17,Morgan bit,uint8,0,0,0.0,1.0,0.01028221395755852,0.0,0.10088962700278131,0.01017649003368951,False,,False
morgan_18,Morgan bit,uint8,0,0,0.0,1.0,0.0059068037628527675,0.0,0.07663679478389612,0.005871913432159915,False,,False
morgan_19,Morgan bit,uint8,0,0,0.0,1.0,0.02165828046379348,0.0,0.1455810287689863,0.02118919935114514,False,,False
morgan_20,Morgan bit,uint8,0,0,0.0,1.0,0.001968934587617589,0.0,0.044333823148828055,0.001965057884207272,False,,False
morgan_21,Morgan bit,uint8,0,0,0.0,1.0,0.04659811857361627,0.0,0.2107995619184095,0.044426733919015464,False,,False
morgan_22,Morgan bit,uint8,0,0,0.0,1.0,0.010938525486764383,0.0,0.10402519654132884,0.01081887414693979,False,,False
morgan_23,Morgan bit,uint8,0,0,0.0,1.0,0.017501640778823015,0.0,0.13114532398782586,0.017195333348872056,False,,False
morgan_24,Morgan bit,uint8,0,0,0.0,1.0,0.15051411069787793,0.0,0.35761374583791267,0.12785961317870487,False,,False
morgan_25,Morgan bit,uint8,0,0,0.0,1.0,0.09735287683220302,0.0,0.29647010462149836,0.08787529420469693,False,,False
morgan_26,Morgan bit,uint8,0,0,0.0,1.0,0.017282870269087727,0.0,0.13033759669991732,0.01698417266434961,False,,False
morgan_27,Morgan bit,uint8,0,0,0.0,1.0,0.02056442791511704,0.0,0.14193639264511057,0.020141532219640993,False,,False
morgan_28,Morgan bit,uint8,0,0,0.0,1.0,0.001968934587617589,0.0,0.04433382314882805,0.0019650578842072717,False,,False
morgan_29,Morgan bit,uint8,0,0,0.0,1.0,0.14241960183767227,0.0,0.34951821770612024,0.12213625885007118,False,,False
morgan_30,Morgan bit,uint8,0,0,0.0,1.0,0.007000656311529206,0.0,0.0833856598636957,0.006951647122737052,False,,False
morgan_31,Morgan bit,uint8,0,0,0.0,1.0,0.0568803325311748,0.0,0.231639156460358,0.05364496030231778,False,,False
morgan_32,Morgan bit,uint8,0,0,0.0,1.0,0.009188361408882083,0.0,0.0954249837930802,0.00910393542350185,False,,False
morgan_33,Morgan bit,uint8,0,0,0.0,1.0,0.7348501422008313,1.0,0.4414612627009485,0.19484541070824926,False,,False
morgan_34,Morgan bit,uint8,0,0,0.0,1.0,0.019689345876175893,0.0,0.1389456695853831,0.01930167553514421,False,,False
morgan_35,Morgan bit,uint8,0,0,0.0,1.0,0.002187705097352877,0.0,0.04672683069255119,0.002182919043759893,False,,False
morgan_36,Morgan bit,uint8,0,0,0.0,1.0,0.14263837234740756,0.0,0.3497419433880894,0.12229266708148989,False,,False
morgan_37,Morgan bit,uint8,0,0,0.0,1.0,0.0008750820389411508,0.0,0.0295720744425685,0.0008743162703662734,False,,False
morgan_38,Morgan bit,uint8,0,0,0.0,1.0,0.033909429008969594,0.0,0.18101587784342135,0.032759579633255244,False,,False
morgan_39,Morgan bit,uint8,0,0,0.0,1.0,0.03740975716473419,0.0,0.18978447497615825,0.03601026723360982,False,,False
morgan_40,Morgan bit,uint8,0,0,0.0,1.0,0.022314591992999344,0.0,0.14772076652057217,0.021816650977185315,False,,False
morgan_41,Morgan bit,uint8,0,0,0.0,1.0,0.08050754758258587,0.0,0.27210711242505115,0.07402608236482354,False,,False
morgan_42,Morgan bit,uint8,0,0,0.0,1.0,0.24567928243272807,0.0,0.43053632163989797,0.1853209726160679,False,,False
morgan_43,Morgan bit,uint8,0,0,0.0,1.0,0.007000656311529206,0.0,0.0833856598636957,0.0069516471227370515,False,,False
morgan_44,Morgan bit,uint8,0,0,0.0,1.0,0.018157952308028878,0.0,0.1335370443841408,0.01782824107600823,False,,False
morgan_45,Morgan bit,uint8,0,0,0.0,1.0,0.05622402100196894,0.0,0.23037901726919474,0.0530628804643391,False,,False
morgan_46,Morgan bit,uint8,0,0,0.0,1.0,0.04484795449573398,0.0,0.20699272671308278,0.042836615473282554,False,,False
morgan_47,Morgan bit,uint8,0,0,0.0,1.0,0.003281557646029315,0.0,0.05719706927984514,0.003270789025445102,False,,False
morgan_48,Morgan bit,uint8,0,0,0.0,1.0,0.013563771603587836,0.0,0.11568372162367556,0.013379795703473541,False,,False
morgan_49,Morgan bit,uint8,0,0,0.0,1.0,0.014001312623058412,0.0,0.11750870910703144,0.013805275867889799,False,,False
morgan_50,Morgan bit,uint8,0,0,0.0,1.0,0.017064099759352438,0.0,0.1295244628675657,0.016772916258755308,False,,False
morgan_51,Morgan bit,uint8,0,0,0.0,1.0,0.008532049879676219,0.0,0.09198426520221004,0.008459254004526936,False,,False
morgan_52,Morgan bit,uint8,0,0,0.0,1.0,0.014657624152264275,0.0,0.12019125821712584,0.014442778206475234,False,,False
morgan_53,Morgan bit,uint8,0,0,0.0,1.0,0.045941807044410414,0.0,0.2093818245999283,0.043831157409904564,False,,False
morgan_54,Morgan bit,uint8,0,0,0.0,1.0,0.022095821483264055,0.0,0.1470113066925346,0.021607596156243785,False,,False
morgan_55,Morgan bit,uint8,0,0,0.0,1.0,0.005031721723911617,0.0,0.07076368414315384,0.0050064035004047346,False,,False
morgan_56,Morgan bit,uint8,0,0,0.0,1.0,0.01028221395755852,0.0,0.10088962700278131,0.01017649003368951,False,,False
morgan_57,Morgan bit,uint8,0,0,0.0,1.0,0.014001312623058412,0.0,0.11750870910703146,0.0138052758678898,False,,False
morgan_58,Morgan bit,uint8,0,0,0.0,1.0,0.0409100853204988,0.0,0.19810359889733423,0.03923645023956831,False,,False
morgan_59,Morgan bit,uint8,0,0,0.0,1.0,0.0142200831327937,0.0,0.11841004913698536,0.014017872368490138,False,,False
morgan_60,Morgan bit,uint8,0,0,0.0,1.0,0.05403631590461606,0.0,0.22611408110575937,0.05111639246807259,False,,False
morgan_61,Morgan bit,uint8,0,0,0.0,1.0,0.017064099759352438,0.0,0.1295244628675657,0.016772916258755308,False,,False
morgan_62,Morgan bit,uint8,0,0,0.0,1.0,0.020126886895646467,0.0,0.14044967358756483,0.019721795319536318,False,,False
morgan_63,Morgan bit,uint8,0,0,0.0,1.0,0.060818201706409974,0.0,0.23902269099576576,0.0571193480476084,False,,False
morgan_64,Morgan bit,uint8,0,0,0.0,1.0,0.6683439072413039,1.0,0.4708596736279029,0.22166032889473128,False,,False
morgan_65,Morgan bit,uint8,0,0,0.0,1.0,0.03215926493108729,0.0,0.1764422209746841,0.031125046610179428,False,,False
morgan_66,Morgan bit,uint8,0,0,0.0,1.0,0.01618901772041129,0.0,0.12621576181856972,0.0159269334256595,False,,False
morgan_67,Morgan bit,uint8,0,0,0.0,1.0,0.021439509954058193,0.0,0.14486009852752868,0.020979857366988035,False,,False
morgan_68,Morgan bit,uint8,0,0,0.0,1.0,0.005031721723911617,0.0,0.07076368414315384,0.0050064035004047346,False,,False
morgan_69,Morgan bit,uint8,0,0,0.0,1.0,0.006781885801793918,0.0,0.08208145809930367,0.0067358918267653445,False,,False
morgan_70,Morgan bit,uint8,0,0,0.0,1.0,0.003281557646029315,0.0,0.05719706927984514,0.003270789025445102,False,,False
morgan_71,Morgan bit,uint8,0,0,0.0,1.0,0.031502953401881424,0.0,0.1746917101377105,0.030510517328840314,False,,False
morgan_72,Morgan bit,uint8,0,0,0.0,1.0,0.036753445635528334,0.0,0.1881764507465977,0.0354026298694446,False,,False
morgan_73,Morgan bit,uint8,0,0,0.0,1.0,0.23845985561146357,0.0,0.4261883264246401,0.1815967528732235,False,,False
morgan_74,Morgan bit,uint8,0,0,0.0,1.0,0.18201706409975935,0.0,0.38590080546202077,0.14888685247626346,False,,False
morgan_75,Morgan bit,uint8,0,0,0.0,1.0,0.02340844454167578,0.0,0.15121339742582082,0.022860489265815076,False,,False
morgan_76,Morgan bit,uint8,0,0,0.0,1.0,0.015532706191205425,0.0,0.12367209579364384,0.01529144122958312,False,,False
morgan_77,Morgan bit,uint8,0,0,0.0,1.0,0.02165828046379348,0.0,0.1455810287689863,0.02118919935114514,False,,False
morgan_78,Morgan bit,uint8,0,0,0.0,1.0,0.004594180704441042,0.0,0.06763190726860525,0.004573074208095982,False,,False
morgan_79,Morgan bit,uint8,0,0,0.0,1.0,0.012469919054911398,0.0,0.11098249769741876,0.012314420173675357,False,,False
morgan_80,Morgan bit,uint8,0,0,0.0,1.0,0.7742288339531831,1.0,0.4181349013938052,0.1747985466286775,False,,False
morgan_81,Morgan bit,uint8,0,0,0.0,1.0,0.010938525486764383,0.0,0.10402519654132884,0.01081887414693979,False,,False
morgan_82,Morgan bit,uint8,0,0,0.0,1.0,0.07350689127105667,0.0,0.26099526917622223,0.06810362820672171,False,,False
morgan_83,Morgan bit,uint8,0,0,0.0,1.0,0.004375410194705754,0.0,0.06600923580380039,0.0043562659803338165,False,,False
morgan_84,Morgan bit,uint8,0,0,0.0,1.0,0.027127543207175673,0.0,0.16247281182574028,0.02639163960671849,False,,False
morgan_85,Morgan bit,uint8,0,0,0.0,1.0,0.009844672938087946,0.0,0.09874152288106669,0.009747755352830022,False,,False
morgan_86,Morgan bit,uint8,0,0,0.0,1.0,0.004375410194705754,0.0,0.0660092358038004,0.004356265980333817,False,,False
morgan_87,Morgan bit,uint8,0,0,0.0,1.0,0.012032378035440822,0.0,0.10904219889390178,0.011887599914253064,False,,False
morgan_88,Morgan bit,uint8,0,0,0.0,1.0,0.0026252461168234523,0.0,0.05117545450385112,0.0026183541996495545,False,,False
morgan_89,Morgan bit,uint8,0,0,0.0,1.0,0.005250492233646905,0.0,0.072277710511937,0.005222924564951318,False,,False
morgan_90,Morgan bit,uint8,0,0,0.0,1.0,0.18661124480420038,0.0,0.3896417611206403,0.1517874881168272,False,,False
morgan_91,Morgan bit,uint8,0,0,0.0,1.0,0.027127543207175673,0.0,0.16247281182574028,0.02639163960671849,False,,False
morgan_92,Morgan bit,uint8,0,0,0.0,1.0,0.021877050973528767,0.0,0.14629807923363222,0.02139844561423039,False,,False
morgan_93,Morgan bit,uint8,0,0,0.0,1.0,0.009844672938087946,0.0,0.09874152288106669,0.009747755352830022,False,,False
morgan_94,Morgan bit,uint8,0,0,0.0,1.0,0.05469262743382192,0.0,0.22740417133942356,0.051701343938207064,False,,False
morgan_95,Morgan bit,uint8,0,0,0.0,1.0,0.006781885801793918,0.0,0.08208145809930367,0.0067358918267653445,False,,False
morgan_96,Morgan bit,uint8,0,0,0.0,1.0,0.012469919054911398,0.0,0.11098249769741875,0.012314420173675355,False,,False
morgan_97,Morgan bit,uint8,0,0,0.0,1.0,0.024939838109822796,0.0,0.15595885282925184,0.02431784258487862,False,,False
morgan_98,Morgan bit,uint8,0,0,0.0,1.0,0.009844672938087946,0.0,0.09874152288106669,0.00974775535283002,False,,False
morgan_99,Morgan bit,uint8,0,0,0.0,1.0,0.013782542113323124,0.0,0.11659999122367545,0.013592583646217602,False,,False
morgan_100,Morgan bit,uint8,0,0,0.0,1.0,0.0028440166265587398,0.0,0.05325925975079215,0.0028359281959865965,False,,False
morgan_101,Morgan bit,uint8,0,0,0.0,1.0,0.009188361408882083,0.0,0.0954249837930802,0.00910393542350185,False,,False
morgan_102,Morgan bit,uint8,0,0,0.0,1.0,0.048785823670969154,0.0,0.21544354600341087,0.04640576707971425,False,,False
morgan_103,Morgan bit,uint8,0,0,0.0,1.0,0.005031721723911617,0.0,0.07076368414315384,0.005006403500404734,False,,False
morgan_104,Morgan bit,uint8,0,0,0.0,1.0,0.04419164296652811,0.0,0.20554314454999803,0.04223874165844702,False,,False
morgan_105,Morgan bit,uint8,0,0,0.0,1.0,0.011813607525705535,0.0,0.10805832082177191,0.01167404620293413,False,,False
morgan_106,Morgan bit,uint8,0,0,0.0,1.0,0.00940713191861737,0.0,0.0965436527013275,0.0093186377876831,False,,False
morgan_107,Morgan bit,uint8,0,0,0.0,1.0,0.036534675125793045,0.0,0.1876368701048797,0.035199892639245806,False,,False
morgan_108,Morgan bit,uint8,0,0,0.0,1.0,0.011813607525705535,0.0,0.10805832082177191,0.01167404620293413,False,,False
morgan_109,Morgan bit,uint8,0,0,0.0,1.0,0.008532049879676219,0.0,0.09198426520221004,0.008459254004526936,False,,False
morgan_110,Morgan bit,uint8,0,0,0.0,1.0,0.021877050973528767,0.0,0.14629807923363225,0.021398445614230394,False,,False
morgan_111,Morgan bit,uint8,0,0,0.0,1.0,0.0026252461168234523,0.0,0.05117545450385112,0.002618354199649555,False,,False
morgan_112,Morgan bit,uint8,0,0,0.0,1.0,0.04747320061255743,0.0,0.21267202611771543,0.0452194958361573,False,,False
morgan_113,Morgan bit,uint8,0,0,0.0,1.0,0.007438197330999781,0.0,0.08593303241038457,0.007382870551464889,False,,False
morgan_114,Morgan bit,uint8,0,0,0.0,1.0,0.14657624152264276,0.0,0.35372166924768333,0.12509164694373864,False,,False
morgan_115,Morgan bit,uint8,0,0,0.0,1.0,0.01028221395755852,0.0,0.10088962700278131,0.01017649003368951,False,,False
morgan_116,Morgan bit,uint8,0,0,0.0,1.0,0.05644279151170422,0.0,0.23080003554849396,0.053257002798070524,False,,False
morgan_117,Morgan bit,uint8,0,0,0.0,1.0,0.024283526580616933,0.0,0.1539448653396835,0.0236938369174254,False,,False
morgan_118,Morgan bit,uint8,0,0,0.0,1.0,0.029534018814263836,0.0,0.1693163673924488,0.02866176054694254,False,,False
morgan_119,Morgan bit,uint8,0,0,0.0,1.0,0.24961715160796324,0.0,0.4328387872618099,0.18730842923109028,False,,False
morgan_120,Morgan bit,uint8,0,0,0.0,1.0,0.022314591992999344,0.0,0.14772076652057217,0.021816650977185315,False,,False
morgan_121,Morgan bit,uint8,0,0,0.0,1.0,0.19754977029096477,0.0,0.39819410653974885,0.15852385854895185,False,,False
morgan_122,Morgan bit,uint8,0,0,0.0,1.0,0.007438197330999781,0.0,0.08593303241038455,0.007382870551464888,False,,False
morgan_123,Morgan bit,uint8,0,0,0.0,1.0,0.06409975935243929,0.0,0.2449573581922903,0.059990980203398665,False,,False
morgan_124,Morgan bit,uint8,0,0,0.0,1.0,0.008313279369940932,0.0,0.09080733853448206,0.008244168756058247,False,,False
morgan_125,Morgan bit,uint8,0,0,0.0,1.0,0.012907460074381974,0.0,0.11288775612363075,0.012740857548810212,False,,False
morgan_126,Morgan bit,uint8,0,0,0.0,1.0,0.009625902428352658,0.0,0.09764901678922361,0.009533244430792492,False,,False
morgan_127,Morgan bit,uint8,0,0,0.0,1.0,0.01903303434697003,0.0,0.13665600411220669,0.018670777950517088,False,,False
morgan_128,Morgan bit,uint8,0,0,0.0,1.0,0.501203237803544,1.0,0.5000532536612206,0.24999855221878808,False,,False
morgan_129,Morgan bit,uint8,0,0,0.0,1.0,0.007219426821264493,0.0,0.08466920949248771,0.007167306697636898,False,,False
morgan_130,Morgan bit,uint8,0,0,0.0,1.0,0.012688689564646685,0.0,0.11193939436097394,0.012527686721778716,False,,False
morgan_131,Morgan bit,uint8,0,0,0.0,1.0,0.030846641872675565,0.0,0.1729209882028205,0.02989512655785446,False,,False
morgan_132,Morgan bit,uint8,0,0,0.0,1.0,0.008969590899146795,0.0,0.09429253652801638,0.008889137338248736,False,,False
morgan_133,Morgan bit,uint8,0,0,0.0,1.0,0.030409100853204987,0.0,0.1717289700790787,0.029484387438504588,False,,False
morgan_134,Morgan bit,uint8,0,0,0.0,1.0,0.004594180704441042,0.0,0.06763190726860525,0.004573074208095982,False,,False
morgan_135,Morgan bit,uint8,0,0,0.0,1.0,0.006344344782323342,0.0,0.07940701180162339,0.006304094071606349,False,,False
morgan_136,Morgan bit,uint8,0,0,0.0,1.0,0.13738788011376066,0.0,0.3442940359839632,0.11851245051160758,False,,False
morgan_137,Morgan bit,uint8,0,0,0.0,1.0,0.009844672938087946,0.0,0.09874152288106669,0.009747755352830022,False,,False
morgan_138,Morgan bit,uint8,0,0,0.0,1.0,0.07613213738788012,0.0,0.26523843209823394,0.07033603504463305,False,,False
morgan_139,Morgan bit,uint8,0,0,0.0,1.0,0.16035878363596587,0.0,0.3669786188522605,0.13464384414675937,False,,False
morgan_140,Morgan bit,uint8,0,0,0.0,1.0,0.06300590680376285,0.0,0.24300016606801841,0.059036162511598406,False,,False
morgan_141,Morgan bit,uint8,0,0,0.0,1.0,0.024721067600087507,0.0,0.15529073415386374,0.024109936416799416,False,,False
morgan_142,Morgan bit,uint8,0,0,0.0,1.0,0.05644279151170422,0.0,0.23080003554849396,0.053257002798070524,False,,False
morgan_143,Morgan bit,uint8,0,0,0.0,1.0,0.008969590899146795,0.0,0.09429253652801638,0.008889137338248736,False,,False
morgan_144,Morgan bit,uint8,0,0,0.0,1.0,0.0533800043754102,0.0,0.22481467151384368,0.05053057950829138,False,,False
morgan_145,Morgan bit,uint8,0,0,0.0,1.0,0.05884926711879239,0.0,0.2353681167022544,0.05538603087837341,False,,False
morgan_146,Morgan bit,uint8,0,0,0.0,1.0,0.007438197330999781,0.0,0.08593303241038455,0.007382870551464888,False,,False
morgan_147,Morgan bit,uint8,0,0,0.0,1.0,0.1638591117917305,0.0,0.3701881729991452,0.13700930327455565,False,,False
morgan_148,Morgan bit,uint8,0,0,0.0,1.0,0.005250492233646905,0.0,0.072277710511937,0.005222924564951318,False,,False
morgan_149,Morgan bit,uint8,0,0,0.0,1.0,0.0177204112885583,0.0,0.1319477440209416,0.01740639831232264,False,,False
morgan_150,Morgan bit,uint8,0,0,0.0,1.0,0.004375410194705754,0.0,0.0660092358038004,0.004356265980333818,False,,False
morgan_151,Morgan bit,uint8,0,0,0.0,1.0,0.01225114854517611,0.0,0.11001684343043155,0.012101057904500138,False,,False
morgan_152,Morgan bit,uint8,0,0,0.0,1.0,0.022970903522205207,0.0,0.1498270740128695,0.02244324111357875,False,,False
morgan_153,Morgan bit,uint8,0,0,0.0,1.0,0.003500328155764603,0.0,0.059066395807411916,0.003488075858566564,False,,False
morgan_154,Morgan bit,uint8,0,0,0.0,1.0,0.0010938525486764385,0.0,0.03305896441969322,0.0010926560352781925,False,,False
morgan_155,Morgan bit,uint8,0,0,0.0,1.0,0.007656967840735069,0.0,0.08717798655846692,0.0075983386842210145,False,,False
morgan_156,Morgan bit,uint8,0,0,0.0,1.0,0.008532049879676219,0.0,0.09198426520221005,0.008459254004526937,False,,False
morgan_157,Morgan bit,uint8,0,0,0.0,1.0,0.08291402318967403,0.0,0.27578239019567213,0.07603928794817623,False,,False
morgan_158,Morgan bit,uint8,0,0,0.0,1.0,0.03894115073288121,0.0,0.19347590737076928,0.03742473751248024,False,,False
morgan_159,Morgan bit,uint8,0,0,0.0,1.0,0.003281557646029315,0.0,0.05719706927984514,0.0032707890254451023,False,,False
morgan_160,Morgan bit,uint8,0,0,0.0,1.0,0.031940494421352,0.0,0.1758609256409247,0.030920299237471586,False,,False
morgan_161,Morgan bit,uint8,0,0,0.0,1.0,0.015313935681470138,0.0,0.12281172057044963,0.015079419055413934,False,,False
morgan_162,Morgan bit,uint8,0,0,0.0,1.0,0.04834828265149858,0.0,0.21452457716717876,0.04601072621614937,False,,False
morgan_163,Morgan bit,uint8,0,0,0.0,1.0,0.010938525486764383,0.0,0.10402519654132886,0.010818874146939791,False,,False
morgan_164,Morgan bit,uint8,0,0,0.0,1.0,0.012032378035440822,0.0,0.10904219889390178,0.011887599914253064,False,,False
morgan_165,Morgan bit,uint8,0,0,0.0,1.0,0.08772697440385036,0.0,0.2829283736375739,0.08003095236579655,False,,False
morgan_166,Morgan bit,uint8,0,0,0.0,1.0,0.005031721723911617,0.0,0.07076368414315384,0.0050064035004047346,False,,False
morgan_167,Morgan bit,uint8,0,0,0.0,1.0,0.019251804856705315,0.0,0.1374238131261749,0.018881172866464655,False,,False
morgan_168,Morgan bit,uint8,0,0,0.0,1.0,0.007438197330999781,0.0,0.08593303241038455,0.007382870551464888,False,,False
morgan_169,Morgan bit,uint8,0,0,0.0,1.0,0.0037190986654998905,0.0,0.0608775636103721,0.0037052669706161673,False,,False
morgan_170,Morgan bit,uint8,0,0,0.0,1.0,0.008313279369940932,0.0,0.09080733853448204,0.008244168756058245,False,,False
morgan_171,Morgan bit,uint8,0,0,0.0,1.0,0.06628746444979217,0.0,0.24881113304706595,0.0618934365066097,False,,False
morgan_172,Morgan bit,uint8,0,0,0.0,1.0,0.012469919054911398,0.0,0.11098249769741875,0.012314420173675355,False,,False
morgan_173,Morgan bit,uint8,0,0,0.0,1.0,0.013782542113323124,0.0,0.11659999122367545,0.013592583646217602,False,,False
morgan_174,Morgan bit,uint8,0,0,0.0,1.0,0.001968934587617589,0.0,0.044333823148828055,0.001965057884207272,False,,False
morgan_175,Morgan bit,uint8,0,0,0.0,1.0,0.5379566834390724,1.0,0.4986117522920039,0.24855929018230608,False,,False
morgan_176,Morgan bit,uint8,0,0,0.0,1.0,0.019908116385911178,0.0,0.13969986694589467,0.019511783287876196,False,,False
morgan_177,Morgan bit,uint8,0,0,0.0,1.0,0.008750820389411508,0.0,0.09314580836434672,0.008674243531923769,False,,False
morgan_178,Morgan bit,uint8,0,0,0.0,1.0,0.0030627871362940277,0.0,0.05526368258369661,0.00305340647125178,False,,False
morgan_179,Morgan bit,uint8,0,0,0.0,1.0,0.03872238022314592,0.0,0.1929536280049825,0.037222957493000045,False,,False
morgan_180,Morgan bit,uint8,0,0,0.0,1.0,0.00656311529205863,0.0,0.08075560361048727,0.006520040809721777,False,,False
morgan_181,Morgan bit,uint8,0,0,0.0,1.0,0.016407788230146575,0.0,0.12705158059579727,0.016138572715541238,False,,False
morgan_182,Morgan bit,uint8,0,0,0.0,1.0,0.014001312623058412,0.0,0.11750870910703144,0.013805275867889799,False,,False
morgan_183,Morgan bit,uint8,0,0,0.0,1.0,0.0028440166265587398,0.0,0.053259259750792154,0.0028359281959865973,False,,False
morgan_184,Morgan bit,uint8,0,0,0.0,1.0,0.033471887989499016,0.0,0.17988496271587706,0.03235152070391744,False,,False
morgan_185,Morgan bit,uint8,0,0,0.0,1.0,0.018157952308028878,0.0,0.1335370443841408,0.01782824107600823,False,,False
morgan_186,Morgan bit,uint8,0,0,0.0,1.0,0.0030627871362940277,0.0,0.05526368258369661,0.00305340647125178,False,,False
morgan_187,Morgan bit,uint8,0,0,0.0,1.0,0.011813607525705535,0.0,0.10805832082177191,0.01167404620293413,False,,False
morgan_188,Morgan bit,uint8,0,0,0.0,1.0,0.012907460074381974,0.0,0.11288775612363074,0.012740857548810209,False,,False
morgan_189,Morgan bit,uint8,0,0,0.0,1.0,0.001968934587617589,0.0,0.044333823148828055,0.001965057884207272,False,,False
morgan_190,Morgan bit,uint8,0,0,0.0,1.0,0.08925836797199738,0.0,0.2851475052532843,0.0812913117189729,False,,False
morgan_191,Morgan bit,uint8,0,0,0.0,1.0,0.10282213957558521,0.0,0.30375966343309635,0.0922497471886841,False,,False
morgan_192,Morgan bit,uint8,0,0,0.0,1.0,0.03456574053817545,0.0,0.18269716006684933,0.03337095011922299,False,,False
morgan_193,Morgan bit,uint8,0,0,0.0,1.0,0.024064756070881644,0.0,0.15326703062508537,0.023485643586130613,False,,False
morgan_194,Morgan bit,uint8,0,0,0.0,1.0,0.015095165171734851,0.0,0.12194488262710657,0.014867301160172893,False,,False
morgan_195,Morgan bit,uint8,0,0,0.0,1.0,0.013563771603587836,0.0,0.11568372162367556,0.013379795703473541,False,,False
morgan_196,Morgan bit,uint8,0,0,0.0,1.0,0.019689345876175893,0.0,0.1389456695853831,0.01930167553514421,False,,False
morgan_197,Morgan bit,uint8,0,0,0.0,1.0,0.18245460511922992,0.0,0.38626100271287184,0.14916492219001576,False,,False
morgan_198,Morgan bit,uint8,0,0,0.0,1.0,0.011157295996499672,0.0,0.10504867883190108,0.011032810742546164,False,,False
morgan_199,Morgan bit,uint8,0,0,0.0,1.0,0.007875738350470356,0.0,0.08840486909392996,0.007813711095905286,False,,False
morgan_200,Morgan bit,uint8,0,0,0.0,1.0,0.036534675125793045,0.0,0.1876368701048797,0.03519989263924581,False,,False
morgan_201,Morgan bit,uint8,0,0,0.0,1.0,0.021439509954058193,0.0,0.14486009852752868,0.02097985736698803,False,,False
morgan_202,Morgan bit,uint8,0,0,0.0,1.0,0.03500328155764603,0.0,0.18380816928648747,0.033778051837842195,False,,False
morgan_203,Morgan bit,uint8,0,0,0.0,1.0,0.060599431196674686,0.0,0.2386201936968851,0.05692714013531417,False,,False
morgan_204,Morgan bit,uint8,0,0,0.0,1.0,0.010938525486764383,0.0,0.10402519654132886,0.010818874146939791,False,,False
morgan_205,Morgan bit,uint8,0,0,0.0,1.0,0.00940713191861737,0.0,0.09654365270132749,0.009318637787683099,False,,False
morgan_206,Morgan bit,uint8,0,0,0.0,1.0,0.014001312623058412,0.0,0.11750870910703144,0.013805275867889799,False,,False
morgan_207,Morgan bit,uint8,0,0,0.0,1.0,0.013563771603587836,0.0,0.11568372162367556,0.013379795703473541,False,,False
morgan_208,Morgan bit,uint8,0,0,0.0,1.0,0.009188361408882083,0.0,0.09542498379308019,0.009103935423501849,False,,False
morgan_209,Morgan bit,uint8,0,0,0.0,1.0,0.01618901772041129,0.0,0.12621576181856972,0.0159269334256595,False,,False
morgan_210,Morgan bit,uint8,0,0,0.0,1.0,0.014657624152264275,0.0,0.12019125821712584,0.014442778206475234,False,,False
morgan_211,Morgan bit,uint8,0,0,0.0,1.0,0.008094508860205645,0.0,0.0896144222579388,0.008028987786517696,False,,False
morgan_212,Morgan bit,uint8,0,0,0.0,1.0,0.21767665718661125,0.0,0.41271151359900543,0.17029353010267378,False,,False
morgan_213,Morgan bit,uint8,0,0,0.0,1.0,0.011157295996499672,0.0,0.10504867883190108,0.011032810742546164,False,,False
morgan_214,Morgan bit,uint8,0,0,0.0,1.0,0.06322467731349814,0.0,0.24339325692757308,0.059227317492102166,False,,False
morgan_215,Morgan bit,uint8,0,0,0.0,1.0,0.010719754977029096,0.0,0.10299107905337676,0.010604841830261558,False,,False
morgan_216,Morgan bit,uint8,0,0,0.0,1.0,0.12557427258805512,0.0,0.33140519320963324,0.10980537465203599,False,,False
morgan_217,Morgan bit,uint8,0,0,0.0,1.0,0.017501640778823015,0.0,0.13114532398782586,0.017195333348872056,False,,False
morgan_218,Morgan bit,uint8,0,0,0.0,1.0,0.015095165171734851,0.0,0.12194488262710657,0.014867301160172893,False,,False
morgan_219,Morgan bit,uint8,0,0,0.0,1.0,0.10325968059505579,0.0,0.3043310383613458,0.09259711895846287,False,,False
morgan_220,Morgan bit,uint8,0,0,0.0,1.0,0.00940713191861737,0.0,0.09654365270132749,0.009318637787683099,False,,False
morgan_221,Morgan bit,uint8,0,0,0.0,1.0,0.12535550207831983,0.0,0.33115780490959784,0.1096415001770122,False,,False
morgan_222,Morgan bit,uint8,0,0,0.0,1.0,0.02559614963902866,0.0,0.1579444342451569,0.024940986762685118,False,,False
morgan_223,Morgan bit,uint8,0,0,0.0,1.0,0.012688689564646685,0.0,0.11193939436097394,0.012527686721778716,False,,False
morgan_224,Morgan bit,uint8,0,0,0.0,1.0,0.012907460074381974,0.0,0.11288775612363075,0.01274085754881021,False,,False
morgan_225,Morgan bit,uint8,0,0,0.0,1.0,0.05403631590461606,0.0,0.22611408110575937,0.05111639246807259,False,,False
morgan_226,Morgan bit,uint8,0,0,0.0,1.0,0.018157952308028878,0.0,0.1335370443841408,0.01782824107600823,False,,False
morgan_227,Morgan bit,uint8,0,0,0.0,1.0,0.023189674031940496,0.0,0.15052199076934653,0.022651913050232838,False,,False
morgan_228,Morgan bit,uint8,0,0,0.0,1.0,0.019251804856705315,0.0,0.1374238131261749,0.018881172866464655,False,,False
morgan_229,Morgan bit,uint8,0,0,0.0,1.0,0.004812951214176329,0.0,0.06921585662374861,0.004789786714786286,False,,False
morgan_230,Morgan bit,uint8,0,0,0.0,1.0,0.027565084226646247,0.0,0.16374100231677763,0.02680525035822415,False,,False
morgan_231,Morgan bit,uint8,0,0,0.0,1.0,0.10894771384817327,0.0,0.3116076892025537,0.09707810949542982,False,,False
morgan_232,Morgan bit,uint8,0,0,0.0,1.0,0.015751476700940712,0.0,0.12452614225331496,0.015503367682680432,False,,False
morgan_233,Morgan bit,uint8,0,0,0.0,1.0,0.05316123386567491,0.0,0.2243794360639313,0.050335117079553925,False,,False
morgan_234,Morgan bit,uint8,0,0,0.0,1.0,0.0142200831327937,0.0,0.11841004913698537,0.014017872368490142,False,,False
morgan_235,Morgan bit,uint8,0,0,0.0,1.0,0.04747320061255743,0.0,0.21267202611771543,0.0452194958361573,False,,False
morgan_236,Morgan bit,uint8,0,0,0.0,1.0,0.016407788230146575,0.0,0.1270515805957973,0.01613857271554124,False,,False
morgan_237,Morgan bit,uint8,0,0,0.0,1.0,0.1883614088820827,0.0,0.3910432735438915,0.1528813885260396,False,,False
morgan_238,Morgan bit,uint8,0,0,0.0,1.0,0.014001312623058412,0.0,0.11750870910703144,0.013805275867889799,False,,False
morgan_239,Morgan bit,uint8,0,0,0.0,1.0,0.04659811857361627,0.0,0.2107995619184095,0.044426733919015464,False,,False
morgan_240,Morgan bit,uint8,0,0,0.0,1.0,0.019470575366440604,0.0,0.1381870096150244,0.01909147206134036,False,,False
morgan_241,Morgan bit,uint8,0,0,0.0,1.0,0.010063443447823233,0.0,0.09982159315411156,0.009962170553795694,False,,False
morgan_242,Morgan bit,uint8,0,0,0.0,1.0,0.02078319842485233,0.0,0.14267343942446914,0.020351257088085547,False,,False
morgan_243,Morgan bit,uint8,0,0,0.0,1.0,0.031502953401881424,0.0,0.1746917101377105,0.03051051732884031,False,,False
morgan_244,Morgan bit,uint8,0,0,0.0,1.0,0.004156639684970466,0.0,0.06434491277480171,0.004139362031499795,False,,False
morgan_245,Morgan bit,uint8,0,0,0.0,1.0,0.017064099759352438,0.0,0.1295244628675657,0.016772916258755308,False,,False
morgan_246,Morgan bit,uint8,0,0,0.0,1.0,0.007000656311529206,0.0,0.0833856598636957,0.006951647122737051,False,,False
morgan_247,Morgan bit,uint8,0,0,0.0,1.0,0.0013126230584117262,0.0,0.03621031521750234,0.001310900079118252,False,,False
morgan_248,Morgan bit,uint8,0,0,0.0,1.0,0.0266900021877051,0.0,0.16119345631058443,0.025977645970925393,False,,False
morgan_249,Morgan bit,uint8,0,0,0.0,1.0,0.21570772259899365,0.0,0.4113574118020799,0.16917790101014923,False,,False
morgan_250,Morgan bit,uint8,0,0,0.0,1.0,0.1365127980748195,0.0,0.34336984099174206,0.11787705403660306,False,,False
morgan_251,Morgan bit,uint8,0,0,0.0,1.0,0.0746007438197331,0.0,0.26277476871202204,0.06903547284127565,False,,False
morgan_252,Morgan bit,uint8,0,0,0.0,1.0,0.04462918398599869,0.0,0.20651089504897593,0.04263741992274256,False,,False
morgan_253,Morgan bit,uint8,0,0,0.0,1.0,0.0030627871362940277,0.0,0.05526368258369662,0.0030534064712517805,False,,False
morgan_254,Morgan bit,uint8,0,0,0.0,1.0,0.012469919054911398,0.0,0.11098249769741875,0.012314420173675355,False,,False
morgan_255,Morgan bit,uint8,0,0,0.0,1.0,0.1082914023189674,0.0,0.31078208533122564,0.09656437450275897,False,,False
morgan_256,Morgan bit,uint8,0,0,0.0,1.0,0.04922336469043973,0.0,0.21635772658313185,0.04680042505899169,False,,False
morgan_257,Morgan bit,uint8,0,0,0.0,1.0,0.022095821483264055,0.0,0.14701130669253457,0.02160759615624378,False,,False
morgan_258,Morgan bit,uint8,0,0,0.0,1.0,0.014876394661999562,0.0,0.1210714431498444,0.014655087543859994,False,,False
morgan_259,Morgan bit,uint8,0,0,0.0,1.0,0.0024064756070881644,0.0,0.049002140730091945,0.0024006844822406547,False,,False
morgan_260,Morgan bit,uint8,0,0,0.0,1.0,0.009844672938087946,0.0,0.09874152288106669,0.00974775535283002,False,,False
morgan_261,Morgan bit,uint8,0,0,0.0,1.0,0.01881426383723474,0.0,0.13588350438399674,0.018460287313497657,False,,False
morgan_262,Morgan bit,uint8,0,0,0.0,1.0,0.016407788230146575,0.0,0.1270515805957973,0.01613857271554124,False,,False
morgan_263,Morgan bit,uint8,0,0,0.0,1.0,0.012032378035440822,0.0,0.10904219889390178,0.011887599914253064,False,,False
morgan_264,Morgan bit,uint8,0,0,0.0,1.0,0.03106541238241085,0.0,0.17351351257560124,0.0301003525359216,False,,False
morgan_265,Morgan bit,uint8,0,0,0.0,1.0,0.03172172391161671,0.0,0.17527742938002328,0.03071545614369187,False,,False
morgan_266,Morgan bit,uint8,0,0,0.0,1.0,0.03215926493108729,0.0,0.1764422209746841,0.031125046610179428,False,,False
morgan_267,Morgan bit,uint8,0,0,0.0,1.0,0.010063443447823233,0.0,0.09982159315411156,0.009962170553795694,False,,False
morgan_268,Morgan bit,uint8,0,0,0.0,1.0,0.06256836578429227,0.0,0.24221147756780273,0.05865356538737528,False,,False
morgan_269,Morgan bit,uint8,0,0,0.0,1.0,0.004375410194705754,0.0,0.0660092358038004,0.004356265980333817,False,,False
morgan_270,Morgan bit,uint8,0,0,0.0,1.0,0.042879019908116385,0.0,0.20260649040887288,0.04104040955983574,False,,False
morgan_271,Morgan bit,uint8,0,0,0.0,1.0,0.06738131699846861,0.0,0.25070864743826055,0.06284107511802049,False,,False
morgan_272,Morgan bit,uint8,0,0,0.0,1.0,0.043097790417851674,0.0,0.20309947077756657,0.041240370878950605,False,,False
morgan_273,Morgan bit,uint8,0,0,0.0,1.0,0.01312623058411726,0.0,0.11382779631240177,0.012953932654769842,False,,False
morgan_274,Morgan bit,uint8,0,0,0.0,1.0,0.026033690658499236,0.0,0.15925289935949893,0.025355937609196806,False,,False
morgan_275,Morgan bit,uint8,0,0,0.0,1.0,0.07635090789761541,0.0,0.265587797441097,0.07052144676082524,False,,False
morgan_276,Morgan bit,uint8,0,0,0.0,1.0,0.22795887114416977,0.0,0.4195618367424719,0.17599362421084555,False,,False
morgan_277,Morgan bit,uint8,0,0,0.0,1.0,0.00940713191861737,0.0,0.09654365270132749,0.009318637787683099,False,,False
morgan_278,Morgan bit,uint8,0,0,0.0,1.0,0.01903303434697003,0.0,0.13665600411220669,0.018670777950517085,False,,False
morgan_279,Morgan bit,uint8,0,0,0.0,1.0,0.00940713191861737,0.0,0.09654365270132749,0.009318637787683099,False,,False
morgan_280,Morgan bit,uint8,0,0,0.0,1.0,0.20148763946619996,0.0,0.40115530207004924,0.16089037060853859,False,,False
morgan_281,Morgan bit,uint8,0,0,0.0,1.0,0.05075475825858674,0.0,0.2195205119359337,0.04817871277269916,False,,False
morgan_282,Morgan bit,uint8,0,0,0.0,1.0,0.02056442791511704,0.0,0.1419363926451106,0.020141532219641,False,,False
morgan_283,Morgan bit,uint8,0,0,0.0,1.0,0.10194705753664406,0.0,0.30261177879019413,0.09155385499626424,False,,False
morgan_284,Morgan bit,uint8,0,0,0.0,1.0,0.049442135200175014,0.0,0.21681304021678185,0.04699761046702263,False,,False
morgan_285,Morgan bit,uint8,0,0,0.0,1.0,0.027565084226646247,0.0,0.16374100231677763,0.02680525035822415,False,,False
morgan_286,Morgan bit,uint8,0,0,0.0,1.0,0.011594837015970248,0.0,0.10706495465840977,0.011460396770543328,False,,False
morgan_287,Morgan bit,uint8,0,0,0.0,1.0,0.0010938525486764385,0.0,0.03305896441969322,0.0010926560352781925,False,,False
morgan_288,Morgan bit,uint8,0,0,0.0,1.0,0.03828483920367534,0.0,0.19190405672866412,0.03681911029082407,False,,False
morgan_289,Morgan bit,uint8,0,0,0.0,1.0,0.14132574928899586,0.0,0.34839537324156417,0.12135278187689973,False,,False
morgan_290,Morgan bit,uint8,0,0,0.0,1.0,0.009188361408882083,0.0,0.0954249837930802,0.009103935423501852,False,,False
morgan_291,Morgan bit,uint8,0,0,0.0,1.0,0.011594837015970248,0.0,0.10706495465840977,0.011460396770543328,False,,False
morgan_292,Morgan bit,uint8,0,0,0.0,1.0,0.0010938525486764385,0.0,0.03305896441969322,0.0010926560352781925,False,,False
morgan_293,Morgan bit,uint8,0,0,0.0,1.0,0.022970903522205207,0.0,0.1498270740128695,0.02244324111357875,False,,False
morgan_294,Morgan bit,uint8,0,0,0.0,1.0,0.17326624371034785,0.0,0.3785186879815738,0.14324505250085418,False,,False
morgan_295,Morgan bit,uint8,0,0,0.0,1.0,0.008969590899146795,0.0,0.09429253652801636,0.008889137338248735,False,,False
morgan_296,Morgan bit,uint8,0,0,0.0,1.0,0.028002625246116825,0.0,0.16499828522979856,0.02721847822544236,False,,False
morgan_297,Morgan bit,uint8,0,0,0.0,1.0,0.02822139575585211,0.0,0.16562291405564442,0.027424948577443677,False,,False
morgan_298,Morgan bit,uint8,0,0,0.0,1.0,0.01312623058411726,0.0,0.11382779631240178,0.012953932654769846,False,,False
morgan_299,Morgan bit,uint8,0,0,0.0,1.0,0.020126886895646467,0.0,0.14044967358756483,0.01972179531953632,False,,False
morgan_300,Morgan bit,uint8,0,0,0.0,1.0,0.0059068037628527675,0.0,0.07663679478389614,0.005871913432159916,False,,False
morgan_301,Morgan bit,uint8,0,0,0.0,1.0,0.2708378910522862,0.0,0.4444411559599313,0.19748472782263612,False,,False
morgan_302,Morgan bit,uint8,0,0,0.0,1.0,0.022314591992999344,0.0,0.14772076652057214,0.02181665097718531,False,,False
morgan_303,Morgan bit,uint8,0,0,0.0,1.0,0.009844672938087946,0.0,0.09874152288106669,0.00974775535283002,False,,False
morgan_304,Morgan bit,uint8,0,0,0.0,1.0,0.15160796324655437,0.0,0.35867970921269776,0.12862298872678576,False,,False
morgan_305,Morgan bit,uint8,0,0,0.0,1.0,0.05841172609932181,0.0,0.23454601109334375,0.054999796353419624,False,,False
morgan_306,Morgan bit,uint8,0,0,0.0,1.0,0.0037190986654998905,0.0,0.060877563610372096,0.0037052669706161665,False,,False
morgan_307,Morgan bit,uint8,0,0,0.0,1.0,0.0030627871362940277,0.0,0.05526368258369662,0.0030534064712517805,False,,False
morgan_308,Morgan bit,uint8,0,0,0.0,1.0,0.01312623058411726,0.0,0.1138277963124018,0.012953932654769847,False,,False
morgan_309,Morgan bit,uint8,0,0,0.0,1.0,0.015751476700940712,0.0,0.12452614225331496,0.015503367682680428,False,,False
morgan_310,Morgan bit,uint8,0,0,0.0,1.0,0.3043097790417852,0.0,0.46016482095055294,0.21170533742132508,False,,False
morgan_311,Morgan bit,uint8,0,0,0.0,1.0,0.0015313935681470138,0.0,0.03910732649749701,0.0015290484018864513,False,,False
morgan_312,Morgan bit,uint8,0,0,0.0,1.0,0.005469262743382192,0.0,0.07376001720556541,0.005439349908426043,False,,False
morgan_313,Morgan bit,uint8,0,0,0.0,1.0,0.0026252461168234523,0.0,0.05117545450385112,0.0026183541996495545,False,,False
morgan_314,Morgan bit,uint8,0,0,0.0,1.0,0.3106541238241085,0.0,0.4628120555087536,0.214148139175184,False,,False
morgan_315,Morgan bit,uint8,0,0,0.0,1.0,0.02340844454167578,0.0,0.1512133974258208,0.02286048926581507,False,,False
morgan_316,Morgan bit,uint8,0,0,0.0,1.0,0.004812951214176329,0.0,0.06921585662374861,0.004789786714786286,False,,False
morgan_317,Morgan bit,uint8,0,0,0.0,1.0,0.026033690658499236,0.0,0.1592528993594989,0.0253559376091968,False,,False
morgan_318,Morgan bit,uint8,0,0,0.0,1.0,0.019470575366440604,0.0,0.1381870096150244,0.01909147206134036,False,,False
morgan_319,Morgan bit,uint8,0,0,0.0,1.0,0.03303434697002844,0.0,0.1787458212744873,0.03194307889029221,False,,False
morgan_320,Morgan bit,uint8,0,0,0.0,1.0,0.030846641872675565,0.0,0.1729209882028205,0.02989512655785446,False,,False
morgan_321,Morgan bit,uint8,0,0,0.0,1.0,0.014438853642528986,0.0,0.11930417853213796,0.014230373148018616,False,,False
morgan_322,Morgan bit,uint8,0,0,0.0,1.0,0.30321592649310875,0.0,0.45969800901511637,0.21127602841403442,False,,False
morgan_323,Morgan bit,uint8,0,0,0.0,1.0,0.045723036534675125,0.0,0.2089066491155662,0.04363244046472389,False,,False
morgan_324,Morgan bit,uint8,0,0,0.0,1.0,0.005031721723911617,0.0,0.07076368414315384,0.0050064035004047346,False,,False
morgan_325,Morgan bit,uint8,0,0,0.0,1.0,0.1638591117917305,0.0,0.3701881729991452,0.13700930327455565,False,,False
morgan_326,Morgan bit,uint8,0,0,0.0,1.0,0.014438853642528986,0.0,0.11930417853213797,0.01423037314801862,False,,False
morgan_327,Morgan bit,uint8,0,0,0.0,1.0,0.02165828046379348,0.0,0.14558102876898632,0.021189199351145143,False,,False
morgan_328,Morgan bit,uint8,0,0,0.0,1.0,0.052286151826733754,0.0,0.22262783543428594,0.049552310153885504,False,,False
morgan_329,Morgan bit,uint8,0,0,0.0,1.0,0.03828483920367534,0.0,0.19190405672866412,0.03681911029082407,False,,False
morgan_330,Morgan bit,uint8,0,0,0.0,1.0,0.01050098446729381,0.0,0.10194600272535609,0.01039071379251146,False,,False
morgan_331,Morgan bit,uint8,0,0,0.0,1.0,0.011157295996499672,0.0,0.10504867883190108,0.011032810742546164,False,,False
morgan_332,Morgan bit,uint8,0,0,0.0,1.0,0.014657624152264275,0.0,0.12019125821712585,0.014442778206475238,False,,False
morgan_333,Morgan bit,uint8,0,0,0.0,1.0,0.4082257711660468,0.0,0.49155910378846696,0.24157749092193312,False,,False
morgan_334,Morgan bit,uint8,0,0,0.0,1.0,0.0266900021877051,0.0,0.16119345631058443,0.025977645970925393,False,,False
morgan_335,Morgan bit,uint8,0,0,0.0,1.0,0.007875738350470356,0.0,0.08840486909392996,0.007813711095905285,False,,False
morgan_336,Morgan bit,uint8,0,0,0.0,1.0,0.005469262743382192,0.0,0.07376001720556541,0.005439349908426043,False,,False
morgan_337,Morgan bit,uint8,0,0,0.0,1.0,0.0017501640778823015,0.0,0.041802910202465474,0.001747101003582792,False,,False
morgan_338,Morgan bit,uint8,0,0,0.0,1.0,0.015970247210676,0.0,0.1253739892839662,0.0157151984147059,False,,False
morgan_339,Morgan bit,uint8,0,0,0.0,1.0,0.006781885801793918,0.0,0.08208145809930366,0.006735891826765344,False,,False
morgan_340,Morgan bit,uint8,0,0,0.0,1.0,0.0056880332531174796,0.0,0.07521247966571673,0.00565567953082891,False,,False
morgan_341,Morgan bit,uint8,0,0,0.0,1.0,0.031502953401881424,0.0,0.1746917101377105,0.030510517328840314,False,,False
morgan_342,Morgan bit,uint8,0,0,0.0,1.0,0.020126886895646467,0.0,0.14044967358756483,0.01972179531953632,False,,False
morgan_343,Morgan bit,uint8,0,0,0.0,1.0,0.033909429008969594,0.0,0.18101587784342135,0.032759579633255244,False,,False
morgan_344,Morgan bit,uint8,0,0,0.0,1.0,0.012032378035440822,0.0,0.10904219889390178,0.011887599914253064,False,,False
morgan_345,Morgan bit,uint8,0,0,0.0,1.0,0.037190986654998905,0.0,0.18925023797923474,0.0358078171666266,False,,False
morgan_346,Morgan bit,uint8,0,0,0.0,1.0,0.015532706191205425,0.0,0.12367209579364383,0.015291441229583116,False,,False
morgan_347,Morgan bit,uint8,0,0,0.0,1.0,0.006125574272588055,0.0,0.07803450384294615,0.006088051612419062,False,,False
morgan_348,Morgan bit,uint8,0,0,0.0,1.0,0.005031721723911617,0.0,0.07076368414315384,0.005006403500404733,False,,False
morgan_349,Morgan bit,uint8,0,0,0.0,1.0,0.02100196893458762,0.0,0.14340636434723159,0.020560886235458233,False,,False
morgan_350,Morgan bit,uint8,0,0,0.0,1.0,0.07635090789761541,0.0,0.265587797441097,0.07052144676082524,False,,False
morgan_351,Morgan bit,uint8,0,0,0.0,1.0,0.005469262743382192,0.0,0.07376001720556541,0.005439349908426043,False,,False
morgan_352,Morgan bit,uint8,0,0,0.0,1.0,0.14745132356158389,0.0,0.3545940471519511,0.125709430741521,False,,False
morgan_353,Morgan bit,uint8,0,0,0.0,1.0,0.015095165171734851,0.0,0.12194488262710657,0.014867301160172893,False,,False
morgan_354,Morgan bit,uint8,0,0,0.0,1.0,0.03587836359658718,0.0,0.18600719285059247,0.03459110662221827,False,,False
morgan_355,Morgan bit,uint8,0,0,0.0,1.0,0.039816232771822356,0.0,0.19554862823195127,0.03823090037968242,False,,False
morgan_356,Morgan bit,uint8,0,0,0.0,1.0,0.9962809013345001,1.0,0.0608775636103721,0.0037052669706161673,False,,False
morgan_357,Morgan bit,uint8,0,0,0.0,1.0,0.0024064756070881644,0.0,0.049002140730091945,0.0024006844822406547,False,,False
morgan_358,Morgan bit,uint8,0,0,0.0,1.0,0.018595493327499452,0.0,0.13510623348098527,0.01824970095540638,False,,False
morgan_359,Morgan bit,uint8,0,0,0.0,1.0,0.010719754977029096,0.0,0.10299107905337677,0.01060484183026156,False,,False
morgan_360,Morgan bit,uint8,0,0,0.0,1.0,0.05075475825858674,0.0,0.2195205119359337,0.04817871277269916,False,,False
morgan_361,Morgan bit,uint8,0,0,0.0,1.0,0.3303434697002844,0.0,0.4703882098845318,0.2212166617266617,False,,False
morgan_362,Morgan bit,uint8,0,0,0.0,1.0,0.007438197330999781,0.0,0.08593303241038455,0.007382870551464888,False,,False
morgan_363,Morgan bit,uint8,0,0,0.0,1.0,0.017064099759352438,0.0,0.12952446286756567,0.016772916258755304,False,,False
morgan_364,Morgan bit,uint8,0,0,0.0,1.0,0.04200393786917524,0.0,0.20062006938070556,0.040239607072657696,False,,False
morgan_365,Morgan bit,uint8,0,0,0.0,1.0,0.02559614963902866,0.0,0.1579444342451569,0.024940986762685118,False,,False
morgan_366,Morgan bit,uint8,0,0,0.0,1.0,0.04812951214176329,0.0,0.21406327789428828,0.04581306220275915,False,,False
morgan_367,Morgan bit,uint8,0,0,0.0,1.0,0.24480420039378692,0.0,0.43001809024064647,0.18487510386334552,False,,False
morgan_368,Morgan bit,uint8,0,0,0.0,1.0,0.027783854736381536,0.0,0.1643709915260207,0.027011912152369186,False,,False
morgan_369,Morgan bit,uint8,0,0,0.0,1.0,0.00940713191861737,0.0,0.09654365270132749,0.009318637787683099,False,,False
morgan_370,Morgan bit,uint8,0,0,0.0,1.0,0.015313935681470138,0.0,0.12281172057044963,0.015079419055413934,False,,False
morgan_371,Morgan bit,uint8,0,0,0.0,1.0,0.02165828046379348,0.0,0.1455810287689863,0.02118919935114514,False,,False
morgan_372,Morgan bit,uint8,0,0,0.0,1.0,0.007875738350470356,0.0,0.08840486909392996,0.007813711095905286,False,,False
morgan_373,Morgan bit,uint8,0,0,0.0,1.0,0.003937869175235178,0.0,0.06263561803458609,0.003922362361593911,False,,False
morgan_374,Morgan bit,uint8,0,0,0.0,1.0,0.015532706191205425,0.0,0.12367209579364384,0.01529144122958312,False,,False
morgan_375,Morgan bit,uint8,0,0,0.0,1.0,0.01028221395755852,0.0,0.10088962700278131,0.01017649003368951,False,,False
morgan_376,Morgan bit,uint8,0,0,0.0,1.0,0.00656311529205863,0.0,0.08075560361048727,0.006520040809721777,False,,False
morgan_377,Morgan bit,uint8,0,0,0.0,1.0,0.004375410194705754,0.0,0.0660092358038004,0.004356265980333818,False,,False
morgan_378,Morgan bit,uint8,0,0,0.0,1.0,0.4263837234740757,0.0,0.49460505716268505,0.2445806438304586,False,,False
morgan_379,Morgan bit,uint8,0,0,0.0,1.0,0.012032378035440822,0.0,0.10904219889390177,0.011887599914253063,False,,False
morgan_380,Morgan bit,uint8,0,0,0.0,1.0,0.01334500109385255,0.0,0.11475971942292966,0.013166912039657624,False,,False
morgan_381,Morgan bit,uint8,0,0,0.0,1.0,0.19251804856705315,0.0,0.3943207652678752,0.15545484954298694,False,,False
morgan_382,Morgan bit,uint8,0,0,0.0,1.0,0.0024064756070881644,0.0,0.049002140730091945,0.0024006844822406547,False,,False
morgan_383,Morgan bit,uint8,0,0,0.0,1.0,0.0177204112885583,0.0,0.1319477440209416,0.017406398312322643,False,,False
morgan_384,Morgan bit,uint8,0,0,0.0,1.0,0.030409100853204987,0.0,0.17172897007907872,0.029484387438504595,False,,False
morgan_385,Morgan bit,uint8,0,0,0.0,1.0,0.0266900021877051,0.0,0.16119345631058443,0.02597764597092539,False,,False
morgan_386,Morgan bit,uint8,0,0,0.0,1.0,0.11769853423758478,0.0,0.322286072611898,0.10384558927590884,False,,False
morgan_387,Morgan bit,uint8,0,0,0.0,1.0,0.02384598556114636,0.0,0.15258587105885996,0.023277354533763953,False,,False
morgan_388,Morgan bit,uint8,0,0,0.0,1.0,0.03478451104791074,0.0,0.18325363725579824,0.03357454883906851,False,,False
morgan_389,Morgan bit,uint8,0,0,0.0,1.0,0.3979435572084883,0.0,0.4895272290417067,0.23958448248474287,False,,False
morgan_390,Morgan bit,uint8,0,0,0.0,1.0,0.003281557646029315,0.0,0.05719706927984514,0.0032707890254451023,False,,False
morgan_391,Morgan bit,uint8,0,0,0.0,1.0,0.01050098446729381,0.0,0.10194600272535609,0.01039071379251146,False,,False
morgan_392,Morgan bit,uint8,0,0,0.0,1.0,0.21023845985561146,0.0,0.4075224927217224,0.16603824985315188,False,,False
morgan_393,Morgan bit,uint8,0,0,0.0,1.0,0.016626558739881864,0.0,0.12788156235486584,0.01635011628435112,False,,False
morgan_394,Morgan bit,uint8,0,0,0.0,1.0,0.017064099759352438,0.0,0.12952446286756567,0.016772916258755304,False,,False
morgan_395,Morgan bit,uint8,0,0,0.0,1.0,0.04900459418070444,0.0,0.21590123101636366,0.04660314392988891,False,,False
morgan_396,Morgan bit,uint8,0,0,0.0,1.0,0.0056880332531174796,0.0,0.07521247966571673,0.005655679530828909,False,,False
morgan_397,Morgan bit,uint8,0,0,0.0,1.0,0.009844672938087946,0.0,0.0987415228810667,0.009747755352830024,False,,False
morgan_398,Morgan bit,uint8,0,0,0.0,1.0,0.03828483920367534,0.0,0.19190405672866412,0.03681911029082407,False,,False
morgan_399,Morgan bit,uint8,0,0,0.0,1.0,0.015095165171734851,0.0,0.12194488262710657,0.014867301160172893,False,,False
morgan_400,Morgan bit,uint8,0,0,0.0,1.0,0.005250492233646905,0.0,0.072277710511937,0.005222924564951318,False,,False
morgan_401,Morgan bit,uint8,0,0,0.0,1.0,0.020345657405381756,0.0,0.14119515946019168,0.019931711630124596,False,,False
morgan_402,Morgan bit,uint8,0,0,0.0,1.0,0.022533362502734633,0.0,0.14842651274414198,0.022025610077054985,False,,False
morgan_403,Morgan bit,uint8,0,0,0.0,1.0,0.01312623058411726,0.0,0.11382779631240178,0.012953932654769844,False,,False
morgan_404,Morgan bit,uint8,0,0,0.0,1.0,0.01028221395755852,0.0,0.10088962700278131,0.01017649003368951,False,,False
morgan_405,Morgan bit,uint8,0,0,0.0,1.0,0.04484795449573398,0.0,0.20699272671308278,0.042836615473282554,False,,False
morgan_406,Morgan bit,uint8,0,0,0.0,1.0,0.08947713848173267,0.0,0.28546244502353035,0.0814709801708535,False,,False
morgan_407,Morgan bit,uint8,0,0,0.0,1.0,0.042879019908116385,0.0,0.20260649040887288,0.04104040955983574,False,,False
morgan_408,Morgan bit,uint8,0,0,0.0,1.0,0.003937869175235178,0.0,0.06263561803458609,0.00392236236159391,False,,False
morgan_409,Morgan bit,uint8,0,0,0.0,1.0,0.033690658499234305,0.0,0.18045143887585702,0.03255559802912228,False,,False
morgan_410,Morgan bit,uint8,0,0,0.0,1.0,0.042660249398381096,0.0,0.2021120707415972,0.04084035251964903,False,,False
morgan_411,Morgan bit,uint8,0,0,0.0,1.0,0.015095165171734851,0.0,0.12194488262710657,0.014867301160172893,False,,False
morgan_412,Morgan bit,uint8,0,0,0.0,1.0,0.020345657405381756,0.0,0.14119515946019168,0.019931711630124596,False,,False
morgan_413,Morgan bit,uint8,0,0,0.0,1.0,0.039378691752351785,0.0,0.19451552085169185,0.03782801038822505,False,,False
morgan_414,Morgan bit,uint8,0,0,0.0,1.0,0.0177204112885583,0.0,0.1319477440209416,0.017406398312322637,False,,False
morgan_415,Morgan bit,uint8,0,0,0.0,1.0,0.015313935681470138,0.0,0.12281172057044963,0.015079419055413934,False,,False
morgan_416,Morgan bit,uint8,0,0,0.0,1.0,0.028002625246116825,0.0,0.16499828522979856,0.02721847822544236,False,,False
morgan_417,Morgan bit,uint8,0,0,0.0,1.0,0.016845329249617153,0.0,0.12870582001889083,0.01656156413208915,False,,False
morgan_418,Morgan bit,uint8,0,0,0.0,1.0,0.006344344782323342,0.0,0.07940701180162339,0.006304094071606349,False,,False
morgan_419,Morgan bit,uint8,0,0,0.0,1.0,0.03303434697002844,0.0,0.17874582127448732,0.031943078890292215,False,,False
morgan_420,Morgan bit,uint8,0,0,0.0,1.0,0.031940494421352,0.0,0.17586092564092468,0.03092029923747158,False,,False
morgan_421,Morgan bit,uint8,0,0,0.0,1.0,0.015313935681470138,0.0,0.12281172057044963,0.015079419055413934,False,,False
morgan_422,Morgan bit,uint8,0,0,0.0,1.0,0.021220739444322904,0.0,0.1441352302921004,0.02077041966175906,False,,False
morgan_423,Morgan bit,uint8,0,0,0.0,1.0,0.02165828046379348,0.0,0.1455810287689863,0.02118919935114514,False,,False
morgan_424,Morgan bit,uint8,0,0,0.0,1.0,0.004594180704441042,0.0,0.06763190726860525,0.004573074208095982,False,,False
morgan_425,Morgan bit,uint8,0,0,0.0,1.0,0.02340844454167578,0.0,0.1512133974258208,0.02286048926581507,False,,False
morgan_426,Morgan bit,uint8,0,0,0.0,1.0,0.02537737912929337,0.0,0.15728566327960275,0.02473336775782147,False,,False
morgan_427,Morgan bit,uint8,0,0,0.0,1.0,0.024283526580616933,0.0,0.1539448653396835,0.0236938369174254,False,,False
morgan_428,Morgan bit,uint8,0,0,0.0,1.0,0.2218332968715817,0.0,0.41552503946023284,0.17262328527066642,False,,False
morgan_429,Morgan bit,uint8,0,0,0.0,1.0,0.06125574272588055,0.0,0.23982506025568281,0.05750347670898129,False,,False
morgan_430,Morgan bit,uint8,0,0,0.0,1.0,0.011376066506234959,0.0,0.10606183381017095,0.011246651617080682,False,,False
morgan_431,Morgan bit,uint8,0,0,0.0,1.0,0.022314591992999344,0.0,0.14772076652057217,0.021816650977185315,False,,False
morgan_432,Morgan bit,uint8,0,0,0.0,1.0,0.011376066506234959,0.0,0.10606183381017095,0.011246651617080682,False,,False
morgan_433,Morgan bit,uint8,0,0,0.0,1.0,0.11551082914023189,0.0,0.3196723850207404,0.10216807749156805,False,,False
morgan_434,Morgan bit,uint8,0,0,0.0,1.0,0.00940713191861737,0.0,0.09654365270132749,0.009318637787683099,False,,False
morgan_435,Morgan bit,uint8,0,0,0.0,1.0,0.007438197330999781,0.0,0.08593303241038457,0.007382870551464889,False,,False
morgan_436,Morgan bit,uint8,0,0,0.0,1.0,0.022095821483264055,0.0,0.14701130669253457,0.02160759615624378,False,,False
morgan_437,Morgan bit,uint8,0,0,0.0,1.0,0.04484795449573398,0.0,0.20699272671308278,0.042836615473282554,False,,False
morgan_438,Morgan bit,uint8,0,0,0.0,1.0,0.012032378035440822,0.0,0.10904219889390178,0.011887599914253064,False,,False
morgan_439,Morgan bit,uint8,0,0,0.0,1.0,0.0026252461168234523,0.0,0.05117545450385112,0.0026183541996495545,False,,False
morgan_440,Morgan bit,uint8,0,0,0.0,1.0,0.02165828046379348,0.0,0.1455810287689863,0.02118919935114514,False,,False
morgan_441,Morgan bit,uint8,0,0,0.0,1.0,0.03762852767446948,0.0,0.19031696079629296,0.036212621579521174,False,,False
morgan_442,Morgan bit,uint8,0,0,0.0,1.0,0.008969590899146795,0.0,0.09429253652801638,0.008889137338248736,False,,False
morgan_443,Morgan bit,uint8,0,0,0.0,1.0,0.0010938525486764385,0.0,0.03305896441969322,0.0010926560352781925,False,,False
morgan_444,Morgan bit,uint8,0,0,0.0,1.0,0.03872238022314592,0.0,0.1929536280049825,0.03722295749300005,False,,False
morgan_445,Morgan bit,uint8,0,0,0.0,1.0,0.012907460074381974,0.0,0.11288775612363074,0.012740857548810209,False,,False
morgan_446,Morgan bit,uint8,0,0,0.0,1.0,0.03894115073288121,0.0,0.19347590737076925,0.03742473751248024,False,,False
morgan_447,Morgan bit,uint8,0,0,0.0,1.0,0.007656967840735069,0.0,0.08717798655846694,0.007598338684221016,False,,False
morgan_448,Morgan bit,uint8,0,0,0.0,1.0,0.034128199518704876,0.0,0.1815782986165041,0.03296346551631635,False,,False
morgan_449,Morgan bit,uint8,0,0,0.0,1.0,0.008969590899146795,0.0,0.09429253652801636,0.008889137338248735,False,,False
morgan_450,Morgan bit,uint8,0,0,0.0,1.0,0.012469919054911398,0.0,0.11098249769741876,0.012314420173675355,False,,False
morgan_451,Morgan bit,uint8,0,0,0.0,1.0,0.03237803544082258,0.0,0.17702133706324294,0.03132969826181542,False,,False
morgan_452,Morgan bit,uint8,0,0,0.0,1.0,0.10019689345876176,0.0,0.3002951949547072,0.0901574759999753,False,,False
morgan_453,Morgan bit,uint8,0,0,0.0,1.0,0.019251804856705315,0.0,0.1374238131261749,0.018881172866464655,False,,False
morgan_454,Morgan bit,uint8,0,0,0.0,1.0,0.0008750820389411508,0.0,0.0295720744425685,0.0008743162703662733,False,,False
morgan_455,Morgan bit,uint8,0,0,0.0,1.0,0.01881426383723474,0.0,0.13588350438399677,0.01846028731349766,False,,False
morgan_456,Morgan bit,uint8,0,0,0.0,1.0,0.34368847079413695,0.0,0.47499059356859447,0.22556670583732463,False,,False
morgan_457,Morgan bit,uint8,0,0,0.0,1.0,0.009844672938087946,0.0,0.09874152288106669,0.00974775535283002,False,,False
morgan_458,Morgan bit,uint8,0,0,0.0,1.0,0.08269525267993874,0.0,0.27545116938375114,0.07585674786413985,False,,False
morgan_459,Morgan bit,uint8,0,0,0.0,1.0,0.006781885801793918,0.0,0.08208145809930367,0.0067358918267653445,False,,False
morgan_460,Morgan bit,uint8,0,0,0.0,1.0,0.00940713191861737,0.0,0.09654365270132749,0.009318637787683099,False,,False
morgan_461,Morgan bit,uint8,0,0,0.0,1.0,0.02100196893458762,0.0,0.14340636434723159,0.020560886235458233,False,,False
morgan_462,Morgan bit,uint8,0,0,0.0,1.0,0.008094508860205645,0.0,0.0896144222579388,0.008028987786517696,False,,False
morgan_463,Morgan bit,uint8,0,0,0.0,1.0,0.12885583023408445,0.0,0.33507695840029506,0.11225200524876926,False,,False
morgan_464,Morgan bit,uint8,0,0,0.0,1.0,0.030190330343469702,0.0,0.17112942778226542,0.029278874297221875,False,,False
morgan_465,Morgan bit,uint8,0,0,0.0,1.0,0.021877050973528767,0.0,0.14629807923363222,0.02139844561423039,False,,False
morgan_466,Morgan bit,uint8,0,0,0.0,1.0,0.009625902428352658,0.0,0.09764901678922362,0.009533244430792493,False,,False
morgan_467,Morgan bit,uint8,0,0,0.0,1.0,0.009844672938087946,0.0,0.09874152288106669,0.00974775535283002,False,,False
morgan_468,Morgan bit,uint8,0,0,0.0,1.0,0.007875738350470356,0.0,0.08840486909392996,0.007813711095905285,False,,False
morgan_469,Morgan bit,uint8,0,0,0.0,1.0,0.005031721723911617,0.0,0.07076368414315384,0.005006403500404733,False,,False
morgan_470,Morgan bit,uint8,0,0,0.0,1.0,0.0037190986654998905,0.0,0.06087756361037209,0.0037052669706161656,False,,False
morgan_471,Morgan bit,uint8,0,0,0.0,1.0,0.0461605775541457,0.0,0.20985569603629686,0.04402977863401341,False,,False
morgan_472,Morgan bit,uint8,0,0,0.0,1.0,0.027565084226646247,0.0,0.1637410023167776,0.026805250358224147,False,,False
morgan_473,Morgan bit,uint8,0,0,0.0,1.0,0.014438853642528986,0.0,0.11930417853213796,0.014230373148018616,False,,False
morgan_474,Morgan bit,uint8,0,0,0.0,1.0,0.016407788230146575,0.0,0.1270515805957973,0.01613857271554124,False,,False
morgan_475,Morgan bit,uint8,0,0,0.0,1.0,0.009844672938087946,0.0,0.09874152288106669,0.00974775535283002,False,,False
morgan_476,Morgan bit,uint8,0,0,0.0,1.0,0.034128199518704876,0.0,0.1815782986165041,0.03296346551631635,False,,False
morgan_477,Morgan bit,uint8,0,0,0.0,1.0,0.08269525267993874,0.0,0.27545116938375114,0.07585674786413985,False,,False
morgan_478,Morgan bit,uint8,0,0,0.0,1.0,0.027783854736381536,0.0,0.1643709915260207,0.027011912152369186,False,,False
morgan_479,Morgan bit,uint8,0,0,0.0,1.0,0.016407788230146575,0.0,0.1270515805957973,0.01613857271554124,False,,False
morgan_480,Morgan bit,uint8,0,0,0.0,1.0,0.02100196893458762,0.0,0.14340636434723159,0.020560886235458233,False,,False
morgan_481,Morgan bit,uint8,0,0,0.0,1.0,0.003937869175235178,0.0,0.06263561803458609,0.003922362361593911,False,,False
morgan_482,Morgan bit,uint8,0,0,0.0,1.0,0.06606869394005688,0.0,0.24842931289942646,0.061703621621111975,False,,False
morgan_483,Morgan bit,uint8,0,0,0.0,1.0,0.02100196893458762,0.0,0.14340636434723159,0.020560886235458233,False,,False
morgan_484,Morgan bit,uint8,0,0,0.0,1.0,0.042879019908116385,0.0,0.20260649040887288,0.04104040955983574,False,,False
morgan_485,Morgan bit,uint8,0,0,0.0,1.0,0.016845329249617153,0.0,0.12870582001889083,0.016561564132089146,False,,False
morgan_486,Morgan bit,uint8,0,0,0.0,1.0,0.1120105009844673,0.0,0.3154138761019027,0.09946414865367596,False,,False
morgan_487,Morgan bit,uint8,0,0,0.0,1.0,0.0177204112885583,0.0,0.1319477440209416,0.01740639831232264,False,,False
morgan_488,Morgan bit,uint8,0,0,0.0,1.0,0.013782542113323124,0.0,0.11659999122367547,0.013592583646217602,False,,False
morgan_489,Morgan bit,uint8,0,0,0.0,1.0,0.014438853642528986,0.0,0.11930417853213797,0.01423037314801862,False,,False
morgan_490,Morgan bit,uint8,0,0,0.0,1.0,0.014438853642528986,0.0,0.11930417853213797,0.01423037314801862,False,,False
morgan_491,Morgan bit,uint8,0,0,0.0,1.0,0.018376722817764167,0.0,0.13432410857751462,0.018039018876243228,False,,False
morgan_492,Morgan bit,uint8,0,0,0.0,1.0,0.01334500109385255,0.0,0.11475971942292966,0.013166912039657624,False,,False
morgan_493,Morgan bit,uint8,0,0,0.0,1.0,0.029971559833734413,0.0,0.1705274969022084,0.029073265434867292,False,,False
morgan_494,Morgan bit,uint8,0,0,0.0,1.0,0.02450229709035222,0.0,0.1546194189300242,0.023901934527648338,False,,False
morgan_495,Morgan bit,uint8,0,0,0.0,1.0,0.0028440166265587398,0.0,0.053259259750792154,0.002835928195986597,False,,False
morgan_496,Morgan bit,uint8,0,0,0.0,1.0,0.012688689564646685,0.0,0.11193939436097394,0.012527686721778716,False,,False
morgan_497,Morgan bit,uint8,0,0,0.0,1.0,0.008532049879676219,0.0,0.09198426520221005,0.008459254004526937,False,,False
morgan_498,Morgan bit,uint8,0,0,0.0,1.0,0.007219426821264493,0.0,0.08466920949248771,0.007167306697636899,False,,False
morgan_499,Morgan bit,uint8,0,0,0.0,1.0,0.007219426821264493,0.0,0.08466920949248771,0.007167306697636899,False,,False
morgan_500,Morgan bit,uint8,0,0,0.0,1.0,0.02450229709035222,0.0,0.1546194189300242,0.02390193452764834,False,,False
morgan_501,Morgan bit,uint8,0,0,0.0,1.0,0.014876394661999562,0.0,0.12107144314984442,0.014655087543859998,False,,False
morgan_502,Morgan bit,uint8,0,0,0.0,1.0,0.020345657405381756,0.0,0.14119515946019168,0.019931711630124596,False,,False
morgan_503,Morgan bit,uint8,0,0,0.0,1.0,0.022533362502734633,0.0,0.14842651274414198,0.022025610077054985,False,,False
morgan_504,Morgan bit,uint8,0,0,0.0,1.0,0.024939838109822796,0.0,0.15595885282925184,0.02431784258487862,False,,False
morgan_505,Morgan bit,uint8,0,0,0.0,1.0,0.01312623058411726,0.0,0.11382779631240178,0.012953932654769844,False,,False
morgan_506,Morgan bit,uint8,0,0,0.0,1.0,0.04637934806388099,0.0,0.21032827223876654,0.04422830413705037,False,,False
morgan_507,Morgan bit,uint8,0,0,0.0,1.0,0.12076132137387881,0.0,0.3258853453859724,0.10617802463391356,False,,False
morgan_508,Morgan bit,uint8,0,0,0.0,1.0,0.008969590899146795,0.0,0.09429253652801638,0.008889137338248736,False,,False
morgan_509,Morgan bit,uint8,0,0,0.0,1.0,0.004594180704441042,0.0,0.06763190726860525,0.004573074208095982,False,,False
morgan_510,Morgan bit,uint8,0,0,0.0,1.0,0.029534018814263836,0.0,0.1693163673924488,0.02866176054694254,False,,False
morgan_511,Morgan bit,uint8,0,0,0.0,1.0,0.047910741632028006,0.0,0.2136007582732803,0.04561530246829706,False,,False
morgan_512,Morgan bit,uint8,0,0,0.0,1.0,0.317873550645373,0.0,0.4657009800563477,0.21682995644547656,False,,False
morgan_513,Morgan bit,uint8,0,0,0.0,1.0,0.003500328155764603,0.0,0.059066395807411916,0.0034880758585665644,False,,False
morgan_514,Morgan bit,uint8,0,0,0.0,1.0,0.02625246116823452,0.0,0.1599026677828504,0.02556326945084486,False,,False
morgan_515,Morgan bit,uint8,0,0,0.0,1.0,0.016845329249617153,0.0,0.12870582001889083,0.016561564132089146,False,,False
morgan_516,Morgan bit,uint8,0,0,0.0,1.0,0.014657624152264275,0.0,0.12019125821712584,0.014442778206475234,False,,False
morgan_517,Morgan bit,uint8,0,0,0.0,1.0,0.012688689564646685,0.0,0.11193939436097394,0.012527686721778716,False,,False
morgan_518,Morgan bit,uint8,0,0,0.0,1.0,0.017282870269087727,0.0,0.13033759669991732,0.01698417266434961,False,,False
morgan_519,Morgan bit,uint8,0,0,0.0,1.0,0.005469262743382192,0.0,0.07376001720556541,0.005439349908426044,False,,False
morgan_520,Morgan bit,uint8,0,0,0.0,1.0,0.017282870269087727,0.0,0.13033759669991732,0.01698417266434961,False,,False
morgan_521,Morgan bit,uint8,0,0,0.0,1.0,0.016845329249617153,0.0,0.12870582001889083,0.01656156413208915,False,,False
morgan_522,Morgan bit,uint8,0,0,0.0,1.0,0.011594837015970248,0.0,0.1070649546584098,0.011460396770543332,False,,False
morgan_523,Morgan bit,uint8,0,0,0.0,1.0,0.014438853642528986,0.0,0.11930417853213797,0.01423037314801862,False,,False
morgan_524,Morgan bit,uint8,0,0,0.0,1.0,0.02734631371691096,0.0,0.1631082863687231,0.026598492843007245,False,,False
morgan_525,Morgan bit,uint8,0,0,0.0,1.0,0.030846641872675565,0.0,0.1729209882028205,0.02989512655785446,False,,False
morgan_526,Morgan bit,uint8,0,0,0.0,1.0,0.017501640778823015,0.0,0.13114532398782586,0.017195333348872056,False,,False
morgan_527,Morgan bit,uint8,0,0,0.0,1.0,0.008313279369940932,0.0,0.09080733853448204,0.008244168756058245,False,,False
morgan_528,Morgan bit,uint8,0,0,0.0,1.0,0.010938525486764383,0.0,0.10402519654132884,0.01081887414693979,False,,False
morgan_529,Morgan bit,uint8,0,0,0.0,1.0,0.003500328155764603,0.0,0.059066395807411916,0.0034880758585665644,False,,False
morgan_530,Morgan bit,uint8,0,0,0.0,1.0,0.01028221395755852,0.0,0.10088962700278131,0.01017649003368951,False,,False
morgan_531,Morgan bit,uint8,0,0,0.0,1.0,0.008750820389411508,0.0,0.09314580836434672,0.008674243531923769,False,,False
morgan_532,Morgan bit,uint8,0,0,0.0,1.0,0.012032378035440822,0.0,0.10904219889390178,0.011887599914253064,False,,False
morgan_533,Morgan bit,uint8,0,0,0.0,1.0,0.015313935681470138,0.0,0.12281172057044963,0.015079419055413937,False,,False
morgan_534,Morgan bit,uint8,0,0,0.0,1.0,0.001968934587617589,0.0,0.044333823148828055,0.001965057884207272,False,,False
morgan_535,Morgan bit,uint8,0,0,0.0,1.0,0.004375410194705754,0.0,0.0660092358038004,0.004356265980333817,False,,False
morgan_536,Morgan bit,uint8,0,0,0.0,1.0,0.013563771603587836,0.0,0.11568372162367556,0.01337979570347354,False,,False
morgan_537,Morgan bit,uint8,0,0,0.0,1.0,0.004156639684970466,0.0,0.06434491277480171,0.004139362031499795,False,,False
morgan_538,Morgan bit,uint8,0,0,0.0,1.0,0.004594180704441042,0.0,0.06763190726860525,0.004573074208095983,False,,False
morgan_539,Morgan bit,uint8,0,0,0.0,1.0,0.012907460074381974,0.0,0.11288775612363075,0.01274085754881021,False,,False
morgan_540,Morgan bit,uint8,0,0,0.0,1.0,0.12666812513673156,0.0,0.3326372162355088,0.11062331121107688,False,,False
morgan_541,Morgan bit,uint8,0,0,0.0,1.0,0.025158608619558084,0.0,0.15662381586326232,0.024525653031885974,False,,False
morgan_542,Morgan bit,uint8,0,0,0.0,1.0,0.012032378035440822,0.0,0.10904219889390178,0.011887599914253064,False,,False
morgan_543,Morgan bit,uint8,0,0,0.0,1.0,0.018595493327499452,0.0,0.13510623348098524,0.018249700955406376,False,,False
morgan_544,Morgan bit,uint8,0,0,0.0,1.0,0.016407788230146575,0.0,0.1270515805957973,0.016138572715541245,False,,False
morgan_545,Morgan bit,uint8,0,0,0.0,1.0,0.0177204112885583,0.0,0.1319477440209416,0.01740639831232264,False,,False
morgan_546,Morgan bit,uint8,0,0,0.0,1.0,0.027783854736381536,0.0,0.1643709915260207,0.027011912152369186,False,,False
morgan_547,Morgan bit,uint8,0,0,0.0,1.0,0.014657624152264275,0.0,0.12019125821712585,0.014442778206475238,False,,False
morgan_548,Morgan bit,uint8,0,0,0.0,1.0,0.01225114854517611,0.0,0.11001684343043155,0.01210105790450014,False,,False
morgan_549,Morgan bit,uint8,0,0,0.0,1.0,0.19273681907678844,0.0,0.3944912970597389,0.15558933764894978,False,,False
morgan_550,Morgan bit,uint8,0,0,0.0,1.0,0.02909647779479326,0.0,0.16809537282788947,0.028249872774730372,False,,False
morgan_551,Morgan bit,uint8,0,0,0.0,1.0,0.00940713191861737,0.0,0.09654365270132749,0.009318637787683099,False,,False
morgan_552,Morgan bit,uint8,0,0,0.0,1.0,0.040035003281557645,0.0,0.19606277429937655,0.03843220179380332,False,,False
morgan_553,Morgan bit,uint8,0,0,0.0,1.0,0.010938525486764383,0.0,0.10402519654132884,0.010818874146939788,False,,False
morgan_554,Morgan bit,uint8,0,0,0.0,1.0,0.020126886895646467,0.0,0.14044967358756483,0.01972179531953632,False,,False
morgan_555,Morgan bit,uint8,0,0,0.0,1.0,0.09800918836140889,0.0,0.29735959988576244,0.08840338735814673,False,,False
morgan_556,Morgan bit,uint8,0,0,0.0,1.0,0.03522205206738132,0.0,0.184360773711229,0.033981459115544,False,,False
morgan_557,Morgan bit,uint8,0,0,0.0,1.0,0.04681688908335156,0.0,0.21126957368495985,0.04462506797990873,False,,False
morgan_558,Morgan bit,uint8,0,0,0.0,1.0,0.02734631371691096,0.0,0.1631082863687231,0.026598492843007245,False,,False
morgan_559,Morgan bit,uint8,0,0,0.0,1.0,0.04156639684970466,0.0,0.19961800752305384,0.039838631502637514,False,,False
morgan_560,Morgan bit,uint8,0,0,0.0,1.0,0.0024064756070881644,0.0,0.049002140730091945,0.0024006844822406547,False,,False
morgan_561,Morgan bit,uint8,0,0,0.0,1.0,0.16101509516517173,0.0,0.36758508443845567,0.13508923429412242,False,,False
morgan_562,Morgan bit,uint8,0,0,0.0,1.0,0.08094508860205644,0.0,0.27278060742097093,0.07439298123326168,False,,False
morgan_563,Morgan bit,uint8,0,0,0.0,1.0,0.010719754977029096,0.0,0.10299107905337676,0.010604841830261558,False,,False
morgan_564,Morgan bit,uint8,0,0,0.0,1.0,0.02931524830452855,0.0,0.168707116588393,0.02845586452137239,False,,False
morgan_565,Morgan bit,uint8,0,0,0.0,1.0,0.04484795449573398,0.0,0.20699272671308278,0.042836615473282554,False,,False
morgan_566,Morgan bit,uint8,0,0,0.0,1.0,0.003281557646029315,0.0,0.05719706927984514,0.0032707890254451023,False,,False
morgan_567,Morgan bit,uint8,0,0,0.0,1.0,0.003937869175235178,0.0,0.06263561803458609,0.0039223623615939115,False,,False
morgan_568,Morgan bit,uint8,0,0,0.0,1.0,0.030190330343469702,0.0,0.17112942778226542,0.029278874297221875,False,,False
morgan_569,Morgan bit,uint8,0,0,0.0,1.0,0.009844672938087946,0.0,0.09874152288106669,0.009747755352830022,False,,False
morgan_570,Morgan bit,uint8,0,0,0.0,1.0,0.01028221395755852,0.0,0.10088962700278131,0.01017649003368951,False,,False
morgan_571,Morgan bit,uint8,0,0,0.0,1.0,0.003281557646029315,0.0,0.05719706927984514,0.0032707890254451023,False,,False
morgan_572,Morgan bit,uint8,0,0,0.0,1.0,0.0015313935681470138,0.0,0.039107326497497,0.001529048401886451,False,,False
morgan_573,Morgan bit,uint8,0,0,0.0,1.0,0.078319842485233,0.0,0.2687036292050852,0.07218584475832128,False,,False
morgan_574,Morgan bit,uint8,0,0,0.0,1.0,0.004812951214176329,0.0,0.06921585662374861,0.004789786714786287,False,,False
morgan_575,Morgan bit,uint8,0,0,0.0,1.0,0.05578647998249836,0.0,0.22953403832402602,0.05267434863366068,False,,False
morgan_576,Morgan bit,uint8,0,0,0.0,1.0,0.003500328155764603,0.0,0.059066395807411916,0.0034880758585665644,False,,False
morgan_577,Morgan bit,uint8,0,0,0.0,1.0,0.02165828046379348,0.0,0.14558102876898632,0.021189199351145143,False,,False
morgan_578,Morgan bit,uint8,0,0,0.0,1.0,0.09625902428352658,0.0,0.29497840640297185,0.08699322452751002,False,,False
morgan_579,Morgan bit,uint8,0,0,0.0,1.0,0.030846641872675565,0.0,0.1729209882028205,0.02989512655785446,False,,False
morgan_580,Morgan bit,uint8,0,0,0.0,1.0,0.14482607744476045,0.0,0.3519638983163863,0.12385148473672469,False,,False
morgan_581,Morgan bit,uint8,0,0,0.0,1.0,0.009188361408882083,0.0,0.0954249837930802,0.00910393542350185,False,,False
morgan_582,Morgan bit,uint8,0,0,0.0,1.0,0.005250492233646905,0.0,0.072277710511937,0.005222924564951318,False,,False
morgan_583,Morgan bit,uint8,0,0,0.0,1.0,0.09691533581273244,0.0,0.29587481319679143,0.08752275349703775,False,,False
morgan_584,Morgan bit,uint8,0,0,0.0,1.0,0.011594837015970248,0.0,0.1070649546584098,0.011460396770543332,False,,False
morgan_585,Morgan bit,uint8,0,0,0.0,1.0,0.024064756070881644,0.0,0.15326703062508537,0.02348564358613061,False,,False
morgan_586,Morgan bit,uint8,0,0,0.0,1.0,0.0284401662655874,0.0,0.16624490804164624,0.027631323208373144,False,,False
morgan_587,Morgan bit,uint8,0,0,0.0,1.0,0.03565959308685189,0.0,0.18546026860558762,0.03438798650773203,False,,False
morgan_588,Morgan bit,uint8,0,0,0.0,1.0,0.03522205206738132,0.0,0.184360773711229,0.033981459115544,False,,False
morgan_589,Morgan bit,uint8,0,0,0.0,1.0,0.01050098446729381,0.0,0.10194600272535609,0.01039071379251146,False,,False
morgan_590,Morgan bit,uint8,0,0,0.0,1.0,0.008313279369940932,0.0,0.09080733853448206,0.008244168756058247,False,,False
morgan_591,Morgan bit,uint8,0,0,0.0,1.0,0.05250492233646904,0.0,0.22306734695543107,0.04974815546691039,False,,False
morgan_592,Morgan bit,uint8,0,0,0.0,1.0,0.17173485014220083,0.0,0.37719108758170067,0.14224199138883667,False,,False
morgan_593,Morgan bit,uint8,0,0,0.0,1.0,0.015313935681470138,0.0,0.12281172057044963,0.015079419055413934,False,,False
morgan_594,Morgan bit,uint8,0,0,0.0,1.0,0.009625902428352658,0.0,0.09764901678922361,0.009533244430792492,False,,False
morgan_595,Morgan bit,uint8,0,0,0.0,1.0,0.004375410194705754,0.0,0.0660092358038004,0.004356265980333818,False,,False
morgan_596,Morgan bit,uint8,0,0,0.0,1.0,0.006344344782323342,0.0,0.07940701180162339,0.006304094071606349,False,,False
morgan_597,Morgan bit,uint8,0,0,0.0,1.0,0.039378691752351785,0.0,0.19451552085169183,0.037828010388225045,False,,False
morgan_598,Morgan bit,uint8,0,0,0.0,1.0,0.03106541238241085,0.0,0.17351351257560124,0.0301003525359216,False,,False
morgan_599,Morgan bit,uint8,0,0,0.0,1.0,0.015751476700940712,0.0,0.12452614225331496,0.015503367682680432,False,,False
morgan_600,Morgan bit,uint8,0,0,0.0,1.0,0.030190330343469702,0.0,0.17112942778226542,0.029278874297221875,False,,False
morgan_601,Morgan bit,uint8,0,0,0.0,1.0,0.006125574272588055,0.0,0.07803450384294615,0.006088051612419062,False,,False
morgan_602,Morgan bit,uint8,0,0,0.0,1.0,0.02537737912929337,0.0,0.15728566327960278,0.02473336775782147,False,,False
morgan_603,Morgan bit,uint8,0,0,0.0,1.0,0.012469919054911398,0.0,0.11098249769741875,0.012314420173675355,False,,False
morgan_604,Morgan bit,uint8,0,0,0.0,1.0,0.020345657405381756,0.0,0.14119515946019168,0.019931711630124593,False,,False
morgan_605,Morgan bit,uint8,0,0,0.0,1.0,0.005250492233646905,0.0,0.072277710511937,0.005222924564951318,False,,False
morgan_606,Morgan bit,uint8,0,0,0.0,1.0,0.016845329249617153,0.0,0.12870582001889083,0.016561564132089146,False,,False
morgan_607,Morgan bit,uint8,0,0,0.0,1.0,0.03587836359658718,0.0,0.18600719285059247,0.03459110662221827,False,,False
morgan_608,Morgan bit,uint8,0,0,0.0,1.0,0.009188361408882083,0.0,0.09542498379308019,0.009103935423501849,False,,False
morgan_609,Morgan bit,uint8,0,0,0.0,1.0,0.017064099759352438,0.0,0.1295244628675657,0.016772916258755308,False,,False
morgan_610,Morgan bit,uint8,0,0,0.0,1.0,0.03784729818420477,0.0,0.1908477100975591,0.03641488020436066,False,,False
morgan_611,Morgan bit,uint8,0,0,0.0,1.0,0.004156639684970466,0.0,0.06434491277480173,0.0041393620314997956,False,,False
morgan_612,Morgan bit,uint8,0,0,0.0,1.0,0.00656311529205863,0.0,0.08075560361048727,0.006520040809721777,False,,False
morgan_613,Morgan bit,uint8,0,0,0.0,1.0,0.025814920148763947,0.0,0.158600167095509,0.025148510046476887,False,,False
morgan_614,Morgan bit,uint8,0,0,0.0,1.0,0.03456574053817545,0.0,0.18269716006684933,0.03337095011922299,False,,False
morgan_615,Morgan bit,uint8,0,0,0.0,1.0,0.010938525486764383,0.0,0.10402519654132884,0.01081887414693979,False,,False
morgan_616,Morgan bit,uint8,0,0,0.0,1.0,0.007438197330999781,0.0,0.08593303241038455,0.007382870551464888,False,,False
morgan_617,Morgan bit,uint8,0,0,0.0,1.0,0.009844672938087946,0.0,0.09874152288106669,0.00974775535283002,False,,False
morgan_618,Morgan bit,uint8,0,0,0.0,1.0,0.014001312623058412,0.0,0.11750870910703144,0.013805275867889797,False,,False
morgan_619,Morgan bit,uint8,0,0,0.0,1.0,0.013782542113323124,0.0,0.11659999122367545,0.013592583646217602,False,,False
morgan_620,Morgan bit,uint8,0,0,0.0,1.0,0.026033690658499236,0.0,0.1592528993594989,0.0253559376091968,False,,False
morgan_621,Morgan bit,uint8,0,0,0.0,1.0,0.014001312623058412,0.0,0.11750870910703144,0.013805275867889799,False,,False
morgan_622,Morgan bit,uint8,0,0,0.0,1.0,0.019470575366440604,0.0,0.1381870096150244,0.01909147206134036,False,,False
morgan_623,Morgan bit,uint8,0,0,0.0,1.0,0.02450229709035222,0.0,0.1546194189300242,0.023901934527648338,False,,False
morgan_624,Morgan bit,uint8,0,0,0.0,1.0,0.09363377816670312,0.0,0.2913504146241673,0.08486649375293176,False,,False
morgan_625,Morgan bit,uint8,0,0,0.0,1.0,0.02340844454167578,0.0,0.15121339742582082,0.022860489265815076,False,,False
morgan_626,Morgan bit,uint8,0,0,0.0,1.0,0.004375410194705754,0.0,0.0660092358038004,0.004356265980333817,False,,False
morgan_627,Morgan bit,uint8,0,0,0.0,1.0,0.015313935681470138,0.0,0.12281172057044963,0.015079419055413934,False,,False
morgan_628,Morgan bit,uint8,0,0,0.0,1.0,0.034128199518704876,0.0,0.1815782986165041,0.03296346551631635,False,,False
morgan_629,Morgan bit,uint8,0,0,0.0,1.0,0.024939838109822796,0.0,0.15595885282925184,0.02431784258487862,False,,False
morgan_630,Morgan bit,uint8,0,0,0.0,1.0,0.022095821483264055,0.0,0.1470113066925346,0.021607596156243785,False,,False
morgan_631,Morgan bit,uint8,0,0,0.0,1.0,0.01050098446729381,0.0,0.10194600272535609,0.010390713792511459,False,,False
morgan_632,Morgan bit,uint8,0,0,0.0,1.0,0.03281557646029315,0.0,0.17817311642322511,0.03173871440187181,False,,False
morgan_633,Morgan bit,uint8,0,0,0.0,1.0,0.003281557646029315,0.0,0.057197069279845136,0.0032707890254451014,False,,False
morgan_634,Morgan bit,uint8,0,0,0.0,1.0,0.009625902428352658,0.0,0.09764901678922362,0.009533244430792493,False,,False
morgan_635,Morgan bit,uint8,0,0,0.0,1.0,0.003937869175235178,0.0,0.06263561803458609,0.00392236236159391,False,,False
morgan_636,Morgan bit,uint8,0,0,0.0,1.0,0.011376066506234959,0.0,0.10606183381017094,0.01124665161708068,False,,False
morgan_637,Morgan bit,uint8,0,0,0.0,1.0,0.03172172391161671,0.0,0.17527742938002328,0.03071545614369187,False,,False
morgan_638,Morgan bit,uint8,0,0,0.0,1.0,0.021877050973528767,0.0,0.14629807923363222,0.02139844561423039,False,,False
morgan_639,Morgan bit,uint8,0,0,0.0,1.0,0.024721067600087507,0.0,0.15529073415386374,0.024109936416799416,False,,False
morgan_640,Morgan bit,uint8,0,0,0.0,1.0,0.004594180704441042,0.0,0.06763190726860525,0.004573074208095982,False,,False
morgan_641,Morgan bit,uint8,0,0,0.0,1.0,0.042222708378910526,0.0,0.20111887102088552,0.04043995127606,False,,False
morgan_642,Morgan bit,uint8,0,0,0.0,1.0,0.02647123167796981,0.0,0.16054950835091694,0.025770505571421052,False,,False
morgan_643,Morgan bit,uint8,0,0,0.0,1.0,0.031940494421352,0.0,0.17586092564092468,0.03092029923747158,False,,False
morgan_644,Morgan bit,uint8,0,0,0.0,1.0,0.024064756070881644,0.0,0.15326703062508537,0.02348564358613061,False,,False
morgan_645,Morgan bit,uint8,0,0,0.0,1.0,0.05469262743382192,0.0,0.22740417133942356,0.051701343938207064,False,,False
morgan_646,Morgan bit,uint8,0,0,0.0,1.0,0.11791730474732007,0.0,0.3225454602129462,0.1040128139884477,False,,False
morgan_647,Morgan bit,uint8,0,0,0.0,1.0,0.01028221395755852,0.0,0.1008896270027813,0.010176490033689508,False,,False
morgan_648,Morgan bit,uint8,0,0,0.0,1.0,0.003937869175235178,0.0,0.06263561803458609,0.00392236236159391,False,,False
morgan_649,Morgan bit,uint8,0,0,0.0,1.0,0.054473856924086635,0.0,0.22697516691295688,0.051506455835900765,False,,False
morgan_650,Morgan bit,uint8,0,0,0.0,1.0,0.7471012907460074,1.0,0.4347209402189575,0.18894095211165712,False,,False
morgan_651,Morgan bit,uint8,0,0,0.0,1.0,0.006781885801793918,0.0,0.08208145809930366,0.006735891826765344,False,,False
morgan_652,Morgan bit,uint8,0,0,0.0,1.0,0.03959746226208707,0.0,0.1950328813272524,0.038029503244489664,False,,False
morgan_653,Morgan bit,uint8,0,0,0.0,1.0,0.04987967621964559,0.0,0.2177201513265066,0.047391694119868905,False,,False
morgan_654,Morgan bit,uint8,0,0,0.0,1.0,0.024721067600087507,0.0,0.15529073415386374,0.024109936416799416,False,,False
morgan_655,Morgan bit,uint8,0,0,0.0,1.0,0.13476263399693722,0.0,0.34150721963524416,0.11660166647514474,False,,False
morgan_656,Morgan bit,uint8,0,0,0.0,1.0,0.2542113323124043,0.0,0.4354645980563643,0.18958793083635667,False,,False
morgan_657,Morgan bit,uint8,0,0,0.0,1.0,0.008094508860205645,0.0,0.0896144222579388,0.008028987786517696,False,,False
morgan_658,Morgan bit,uint8,0,0,0.0,1.0,0.015532706191205425,0.0,0.12367209579364383,0.015291441229583116,False,,False
morgan_659,Morgan bit,uint8,0,0,0.0,1.0,0.2966528112010501,0.0,0.4568321105673043,0.20864992080756428,False,,False
morgan_660,Morgan bit,uint8,0,0,0.0,1.0,0.01028221395755852,0.0,0.10088962700278131,0.01017649003368951,False,,False
morgan_661,Morgan bit,uint8,0,0,0.0,1.0,0.014876394661999562,0.0,0.1210714431498444,0.014655087543859994,False,,False
morgan_662,Morgan bit,uint8,0,0,0.0,1.0,0.007219426821264493,0.0,0.08466920949248771,0.007167306697636899,False,,False
morgan_663,Morgan bit,uint8,0,0,0.0,1.0,0.014876394661999562,0.0,0.12107144314984442,0.014655087543859998,False,,False
morgan_664,Morgan bit,uint8,0,0,0.0,1.0,0.0056880332531174796,0.0,0.07521247966571673,0.005655679530828909,False,,False
morgan_665,Morgan bit,uint8,0,0,0.0,1.0,0.010938525486764383,0.0,0.10402519654132884,0.01081887414693979,False,,False
morgan_666,Morgan bit,uint8,0,0,0.0,1.0,0.016626558739881864,0.0,0.12788156235486584,0.01635011628435112,False,,False
morgan_667,Morgan bit,uint8,0,0,0.0,1.0,0.29271494202581494,0.0,0.4550584658542403,0.20703290474063873,False,,False
morgan_668,Morgan bit,uint8,0,0,0.0,1.0,0.055130168453292494,0.0,0.2282591321531918,0.05209083297960408,False,,False
morgan_669,Morgan bit,uint8,0,0,0.0,1.0,0.048785823670969154,0.0,0.21544354600341087,0.04640576707971425,False,,False
morgan_670,Morgan bit,uint8,0,0,0.0,1.0,0.016626558739881864,0.0,0.12788156235486584,0.01635011628435112,False,,False
morgan_671,Morgan bit,uint8,0,0,0.0,1.0,0.004594180704441042,0.0,0.06763190726860525,0.004573074208095982,False,,False
morgan_672,Morgan bit,uint8,0,0,0.0,1.0,0.029971559833734413,0.0,0.1705274969022084,0.029073265434867292,False,,False
morgan_673,Morgan bit,uint8,0,0,0.0,1.0,0.08663312185517393,0.0,0.2813274580895571,0.0791278240528005,False,,False
morgan_674,Morgan bit,uint8,0,0,0.0,1.0,0.05359877488514548,0.0,0.22524885346072165,0.050725946215956975,False,,False
morgan_675,Morgan bit,uint8,0,0,0.0,1.0,0.08991467950120324,0.0,0.2860907824905245,0.08183002991139915,False,,False
morgan_676,Morgan bit,uint8,0,0,0.0,1.0,0.014657624152264275,0.0,0.12019125821712584,0.014442778206475234,False,,False
morgan_677,Morgan bit,uint8,0,0,0.0,1.0,0.018157952308028878,0.0,0.1335370443841408,0.01782824107600823,False,,False
morgan_678,Morgan bit,uint8,0,0,0.0,1.0,0.005250492233646905,0.0,0.072277710511937,0.005222924564951318,False,,False
morgan_679,Morgan bit,uint8,0,0,0.0,1.0,0.039816232771822356,0.0,0.1955486282319513,0.03823090037968243,False,,False
morgan_680,Morgan bit,uint8,0,0,0.0,1.0,0.03806606869394006,0.0,0.1913767373277349,0.036617043108128286,False,,False
morgan_681,Morgan bit,uint8,0,0,0.0,1.0,0.0024064756070881644,0.0,0.049002140730091945,0.0024006844822406547,False,,False
morgan_682,Morgan bit,uint8,0,0,0.0,1.0,0.005469262743382192,0.0,0.07376001720556541,0.005439349908426043,False,,False
morgan_683,Morgan bit,uint8,0,0,0.0,1.0,0.004375410194705754,0.0,0.06600923580380039,0.0043562659803338165,False,,False
morgan_684,Morgan bit,uint8,0,0,0.0,1.0,0.029752789323999124,0.0,0.16992315205516398,0.028867560851440842,False,,False
morgan_685,Morgan bit,uint8,0,0,0.0,1.0,0.0004375410194705754,0.0,0.02091519250337385,0.00043734957732685593,False,,False
morgan_686,Morgan bit,uint8,0,0,0.0,1.0,0.007656967840735069,0.0,0.08717798655846694,0.007598338684221016,False,,False
morgan_687,Morgan bit,uint8,0,0,0.0,1.0,0.02056442791511704,0.0,0.1419363926451106,0.020141532219641,False,,False
morgan_688,Morgan bit,uint8,0,0,0.0,1.0,0.016845329249617153,0.0,0.12870582001889083,0.016561564132089146,False,,False
morgan_689,Morgan bit,uint8,0,0,0.0,1.0,0.026908772697440384,0.0,0.16183454619136806,0.026184690649357866,False,,False
morgan_690,Morgan bit,uint8,0,0,0.0,1.0,0.020126886895646467,0.0,0.14044967358756483,0.01972179531953632,False,,False
morgan_691,Morgan bit,uint8,0,0,0.0,1.0,0.028658936775322687,0.0,0.1668642966522499,0.02783760211823074,False,,False
morgan_692,Morgan bit,uint8,0,0,0.0,1.0,0.012032378035440822,0.0,0.10904219889390178,0.011887599914253064,False,,False
morgan_693,Morgan bit,uint8,0,0,0.0,1.0,0.016845329249617153,0.0,0.12870582001889083,0.01656156413208915,False,,False
morgan_694,Morgan bit,uint8,0,0,0.0,1.0,0.17501640778823013,0.0,0.38002270857214143,0.14438566479313408,False,,False
morgan_695,Morgan bit,uint8,0,0,0.0,1.0,0.5911179173047473,1.0,0.49168121075258464,0.24169752514604526,False,,False
morgan_696,Morgan bit,uint8,0,0,0.0,1.0,0.0056880332531174796,0.0,0.07521247966571673,0.00565567953082891,False,,False
morgan_697,Morgan bit,uint8,0,0,0.0,1.0,0.00940713191861737,0.0,0.0965436527013275,0.0093186377876831,False,,False
morgan_698,Morgan bit,uint8,0,0,0.0,1.0,0.23736600306278713,0.0,0.4255149761130292,0.1810233836527841,False,,False
morgan_699,Morgan bit,uint8,0,0,0.0,1.0,0.09494640122511486,0.0,0.2931729617975855,0.08593158211951436,False,,False
morgan_700,Morgan bit,uint8,0,0,0.0,1.0,0.023189674031940496,0.0,0.15052199076934653,0.022651913050232838,False,,False
morgan_701,Morgan bit,uint8,0,0,0.0,1.0,0.010938525486764383,0.0,0.10402519654132886,0.010818874146939791,False,,False
morgan_702,Morgan bit,uint8,0,0,0.0,1.0,0.036315904616057756,0.0,0.1870954774651351,0.03499705968797515,False,,False
morgan_703,Morgan bit,uint8,0,0,0.0,1.0,0.0409100853204988,0.0,0.19810359889733423,0.03923645023956831,False,,False
morgan_704,Morgan bit,uint8,0,0,0.0,1.0,0.013782542113323124,0.0,0.11659999122367545,0.0135925836462176,False,,False
morgan_705,Morgan bit,uint8,0,0,0.0,1.0,0.14001312623058412,0.0,0.34703861242627465,0.12040945071372264,False,,False
morgan_706,Morgan bit,uint8,0,0,0.0,1.0,0.02625246116823452,0.0,0.1599026677828504,0.02556326945084486,False,,False
morgan_707,Morgan bit,uint8,0,0,0.0,1.0,0.007656967840735069,0.0,0.08717798655846692,0.0075983386842210145,False,,False
morgan_708,Morgan bit,uint8,0,0,0.0,1.0,0.018376722817764167,0.0,0.13432410857751462,0.018039018876243228,False,,False
morgan_709,Morgan bit,uint8,0,0,0.0,1.0,0.12316779698096697,0.0,0.3286656699502954,0.10799749076782227,False,,False
morgan_710,Morgan bit,uint8,0,0,0.0,1.0,0.022970903522205207,0.0,0.14982707401286946,0.022443241113578746,False,,False
morgan_711,Morgan bit,uint8,0,0,0.0,1.0,0.0142200831327937,0.0,0.11841004913698537,0.014017872368490142,False,,False
morgan_712,Morgan bit,uint8,0,0,0.0,1.0,0.19164296652811202,0.0,0.39363668320360984,0.15491593990841693,False,,False
morgan_713,Morgan bit,uint8,0,0,0.0,1.0,0.04834828265149858,0.0,0.21452457716717876,0.04601072621614937,False,,False
morgan_714,Morgan bit,uint8,0,0,0.0,1.0,0.3040910085320499,0.0,0.460071704557986,0.21161966706201066,False,,False
morgan_715,Morgan bit,uint8,0,0,0.0,1.0,0.0903522205206738,0.0,0.2867170751197066,0.08218869676765733,False,,False
morgan_716,Morgan bit,uint8,0,0,0.0,1.0,0.03850360971341063,0.0,0.1924296823403563,0.037021081752447976,False,,False
morgan_717,Morgan bit,uint8,0,0,0.0,1.0,0.016845329249617153,0.0,0.12870582001889083,0.016561564132089146,False,,False
morgan_718,Morgan bit,uint8,0,0,0.0,1.0,0.2662437103478451,0.0,0.44204156475227224,0.19535799704805784,False,,False
morgan_719,Morgan bit,uint8,0,0,0.0,1.0,0.008750820389411508,0.0,0.09314580836434672,0.008674243531923767,False,,False
morgan_720,Morgan bit,uint8,0,0,0.0,1.0,0.028658936775322687,0.0,0.1668642966522499,0.02783760211823074,False,,False
morgan_721,Morgan bit,uint8,0,0,0.0,1.0,0.06278713629402756,0.0,0.2426062409715382,0.058844911810022785,False,,False
morgan_722,Morgan bit,uint8,0,0,0.0,1.0,0.004594180704441042,0.0,0.06763190726860524,0.004573074208095981,False,,False
morgan_723,Morgan bit,uint8,0,0,0.0,1.0,0.02384598556114636,0.0,0.15258587105885996,0.023277354533763953,False,,False
morgan_724,Morgan bit,uint8,0,0,0.0,1.0,0.02931524830452855,0.0,0.168707116588393,0.02845586452137239,False,,False
morgan_725,Morgan bit,uint8,0,0,0.0,1.0,0.05666156202143951,0.0,0.23122008017997667,0.053451029410730086,False,,False
morgan_726,Morgan bit,uint8,0,0,0.0,1.0,0.9525267993874426,1.0,0.21267202611771543,0.0452194958361573,False,,False
morgan_727,Morgan bit,uint8,0,0,0.0,1.0,0.019689345876175893,0.0,0.1389456695853831,0.01930167553514421,False,,False
morgan_728,Morgan bit,uint8,0,0,0.0,1.0,0.04462918398599869,0.0,0.20651089504897593,0.04263741992274256,False,,False
morgan_729,Morgan bit,uint8,0,0,0.0,1.0,0.006125574272588055,0.0,0.07803450384294615,0.006088051612419062,False,,False
morgan_730,Morgan bit,uint8,0,0,0.0,1.0,0.3443447823233428,0.0,0.4752061196510859,0.22577145321003256,False,,False
morgan_731,Morgan bit,uint8,0,0,0.0,1.0,0.013563771603587836,0.0,0.11568372162367556,0.013379795703473541,False,,False
morgan_732,Morgan bit,uint8,0,0,0.0,1.0,0.01618901772041129,0.0,0.12621576181856972,0.0159269334256595,False,,False
morgan_733,Morgan bit,uint8,0,0,0.0,1.0,0.0024064756070881644,0.0,0.04900214073009194,0.0024006844822406542,False,,False
morgan_734,Morgan bit,uint8,0,0,0.0,1.0,0.1030409100853205,0.0,0.3040455638396162,0.09242348093410939,False,,False
morgan_735,Morgan bit,uint8,0,0,0.0,1.0,0.009844672938087946,0.0,0.09874152288106669,0.009747755352830022,False,,False
morgan_736,Morgan bit,uint8,0,0,0.0,1.0,0.05644279151170422,0.0,0.23080003554849396,0.053257002798070524,False,,False
morgan_737,Morgan bit,uint8,0,0,0.0,1.0,0.008313279369940932,0.0,0.09080733853448206,0.008244168756058247,False,,False
morgan_738,Morgan bit,uint8,0,0,0.0,1.0,0.015532706191205425,0.0,0.12367209579364384,0.01529144122958312,False,,False
morgan_739,Morgan bit,uint8,0,0,0.0,1.0,0.0391599212426165,0.0,0.19399653389579521,0.03762642181088857,False,,False
morgan_740,Morgan bit,uint8,0,0,0.0,1.0,0.024721067600087507,0.0,0.1552907341538637,0.024109936416799413,False,,False
morgan_741,Morgan bit,uint8,0,0,0.0,1.0,0.18901772041128856,0.0,0.3915655302196032,0.15329002178180853,False,,False
morgan_742,Morgan bit,uint8,0,0,0.0,1.0,0.045504266024939836,0.0,0.20843016066437228,0.04343362779847134,False,,False
morgan_743,Morgan bit,uint8,0,0,0.0,1.0,0.0177204112885583,0.0,0.1319477440209416,0.017406398312322643,False,,False
morgan_744,Morgan bit,uint8,0,0,0.0,1.0,0.031502953401881424,0.0,0.1746917101377105,0.030510517328840314,False,,False
morgan_745,Morgan bit,uint8,0,0,0.0,1.0,0.07678844891708597,0.0,0.2662846137104591,0.07089198302999404,False,,False
morgan_746,Morgan bit,uint8,0,0,0.0,1.0,0.012907460074381974,0.0,0.11288775612363074,0.012740857548810209,False,,False
morgan_747,Morgan bit,uint8,0,0,0.0,1.0,0.16954714504484794,0.0,0.37527552608618836,0.14080091065198927,False,,False
morgan_748,Morgan bit,uint8,0,0,0.0,1.0,0.0056880332531174796,0.0,0.07521247966571674,0.005655679530828911,False,,False
morgan_749,Morgan bit,uint8,0,0,0.0,1.0,0.04812951214176329,0.0,0.21406327789428825,0.045813062202759144,False,,False
morgan_750,Morgan bit,uint8,0,0,0.0,1.0,0.021220739444322904,0.0,0.14413523029210043,0.020770419661759063,False,,False
morgan_751,Morgan bit,uint8,0,0,0.0,1.0,0.0444104134762634,0.0,0.20602770418981028,0.042438128651130724,False,,False
morgan_752,Morgan bit,uint8,0,0,0.0,1.0,0.0266900021877051,0.0,0.16119345631058443,0.02597764597092539,False,,False
morgan_753,Morgan bit,uint8,0,0,0.0,1.0,0.06541238241085101,0.0,0.2472791535777449,0.061133602638187616,False,,False
morgan_754,Morgan bit,uint8,0,0,0.0,1.0,0.02056442791511704,0.0,0.14193639264511057,0.020141532219640997,False,,False
morgan_755,Morgan bit,uint8,0,0,0.0,1.0,0.022095821483264055,0.0,0.14701130669253457,0.02160759615624378,False,,False
morgan_756,Morgan bit,uint8,0,0,0.0,1.0,0.0026252461168234523,0.0,0.05117545450385112,0.0026183541996495545,False,,False
morgan_757,Morgan bit,uint8,0,0,0.0,1.0,0.022752133012469918,0.0,0.14912859808678916,0.022234473455852794,False,,False
morgan_758,Morgan bit,uint8,0,0,0.0,1.0,0.01028221395755852,0.0,0.1008896270027813,0.010176490033689508,False,,False
morgan_759,Morgan bit,uint8,0,0,0.0,1.0,0.07678844891708597,0.0,0.2662846137104591,0.07089198302999404,False,,False
morgan_760,Morgan bit,uint8,0,0,0.0,1.0,0.015970247210676,0.0,0.1253739892839662,0.0157151984147059,False,,False
morgan_761,Morgan bit,uint8,0,0,0.0,1.0,0.016845329249617153,0.0,0.12870582001889083,0.01656156413208915,False,,False
morgan_762,Morgan bit,uint8,0,0,0.0,1.0,0.018376722817764167,0.0,0.13432410857751462,0.018039018876243228,False,,False
morgan_763,Morgan bit,uint8,0,0,0.0,1.0,0.008313279369940932,0.0,0.09080733853448206,0.008244168756058247,False,,False
morgan_764,Morgan bit,uint8,0,0,0.0,1.0,0.02078319842485233,0.0,0.14267343942446917,0.020351257088085547,False,,False
morgan_765,Morgan bit,uint8,0,0,0.0,1.0,0.003500328155764603,0.0,0.059066395807411916,0.003488075858566564,False,,False
morgan_766,Morgan bit,uint8,0,0,0.0,1.0,0.019470575366440604,0.0,0.13818700961502442,0.019091472061340365,False,,False
morgan_767,Morgan bit,uint8,0,0,0.0,1.0,0.2327718223583461,0.0,0.4226442708144004,0.17858910107432063,False,,False
morgan_768,Morgan bit,uint8,0,0,0.0,1.0,0.023189674031940496,0.0,0.15052199076934653,0.022651913050232838,False,,False
morgan_769,Morgan bit,uint8,0,0,0.0,1.0,0.0177204112885583,0.0,0.1319477440209416,0.01740639831232264,False,,False
morgan_770,Morgan bit,uint8,0,0,0.0,1.0,0.00656311529205863,0.0,0.08075560361048727,0.006520040809721777,False,,False
morgan_771,Morgan bit,uint8,0,0,0.0,1.0,0.04703565959308685,0.0,0.2117383160484625,0.04482330631973011,False,,False
morgan_772,Morgan bit,uint8,0,0,0.0,1.0,0.008532049879676219,0.0,0.09198426520221002,0.008459254004526934,False,,False
morgan_773,Morgan bit,uint8,0,0,0.0,1.0,0.012469919054911398,0.0,0.11098249769741875,0.012314420173675355,False,,False
morgan_774,Morgan bit,uint8,0,0,0.0,1.0,0.00656311529205863,0.0,0.08075560361048727,0.006520040809721777,False,,False
morgan_775,Morgan bit,uint8,0,0,0.0,1.0,0.012907460074381974,0.0,0.11288775612363075,0.01274085754881021,False,,False
morgan_776,Morgan bit,uint8,0,0,0.0,1.0,0.015532706191205425,0.0,0.12367209579364384,0.01529144122958312,False,,False
morgan_777,Morgan bit,uint8,0,0,0.0,1.0,0.001968934587617589,0.0,0.044333823148828055,0.001965057884207272,False,,False
morgan_778,Morgan bit,uint8,0,0,0.0,1.0,0.001968934587617589,0.0,0.044333823148828055,0.001965057884207272,False,,False
morgan_779,Morgan bit,uint8,0,0,0.0,1.0,0.1067600087508204,0.0,0.30884166867255186,0.09536230928234514,False,,False
morgan_780,Morgan bit,uint8,0,0,0.0,1.0,0.019251804856705315,0.0,0.1374238131261749,0.018881172866464655,False,,False
morgan_781,Morgan bit,uint8,0,0,0.0,1.0,0.12491796105884927,0.0,0.3306620387328262,0.10931346406374909,False,,False
morgan_782,Morgan bit,uint8,0,0,0.0,1.0,0.0056880332531174796,0.0,0.07521247966571674,0.005655679530828911,False,,False
morgan_783,Morgan bit,uint8,0,0,0.0,1.0,0.009844672938087946,0.0,0.09874152288106669,0.00974775535283002,False,,False
morgan_784,Morgan bit,uint8,0,0,0.0,1.0,0.24392911835484576,0.0,0.4294974502193624,0.18442770357347343,False,,False
morgan_785,Morgan bit,uint8,0,0,0.0,1.0,0.06431852986217458,0.0,0.24534633771708544,0.06018165657854314,False,,False
morgan_786,Morgan bit,uint8,0,0,0.0,1.0,0.05841172609932181,0.0,0.23454601109334375,0.054999796353419624,False,,False
morgan_787,Morgan bit,uint8,0,0,0.0,1.0,0.048567053161233865,0.0,0.21498466394756868,0.04620829450846775,False,,False
morgan_788,Morgan bit,uint8,0,0,0.0,1.0,0.006781885801793918,0.0,0.08208145809930367,0.0067358918267653445,False,,False
morgan_789,Morgan bit,uint8,0,0,0.0,1.0,0.01793918179829359,0.0,0.1327449530435815,0.017617367554701363,False,,False
morgan_790,Morgan bit,uint8,0,0,0.0,1.0,0.0621308247648217,0.0,0.2414194193804681,0.05827058537886473,False,,False
morgan_791,Morgan bit,uint8,0,0,0.0,1.0,0.014001312623058412,0.0,0.11750870910703144,0.013805275867889799,False,,False
morgan_792,Morgan bit,uint8,0,0,0.0,1.0,0.11441697659155546,0.0,0.3183518556437512,0.1013257320592029,False,,False
morgan_793,Morgan bit,uint8,0,0,0.0,1.0,0.012688689564646685,0.0,0.11193939436097394,0.012527686721778716,False,,False
morgan_794,Morgan bit,uint8,0,0,0.0,1.0,0.054255086414351346,0.0,0.22654513878196986,0.05131147201252262,False,,False
morgan_795,Morgan bit,uint8,0,0,0.0,1.0,0.026908772697440384,0.0,0.16183454619136806,0.026184690649357866,False,,False
morgan_796,Morgan bit,uint8,0,0,0.0,1.0,0.013782542113323124,0.0,0.11659999122367545,0.013592583646217602,False,,False
morgan_797,Morgan bit,uint8,0,0,0.0,1.0,0.00656311529205863,0.0,0.08075560361048727,0.006520040809721777,False,,False
morgan_798,Morgan bit,uint8,0,0,0.0,1.0,0.026908772697440384,0.0,0.16183454619136808,0.02618469064935787,False,,False
morgan_799,Morgan bit,uint8,0,0,0.0,1.0,0.04747320061255743,0.0,0.21267202611771543,0.0452194958361573,False,,False
morgan_800,Morgan bit,uint8,0,0,0.0,1.0,0.13388755195799606,0.0,0.34056871543746925,0.115961675388691,False,,False
morgan_801,Morgan bit,uint8,0,0,0.0,1.0,0.03478451104791074,0.0,0.18325363725579824,0.03357454883906852,False,,False
morgan_802,Morgan bit,uint8,0,0,0.0,1.0,0.030190330343469702,0.0,0.17112942778226542,0.029278874297221875,False,,False
morgan_803,Morgan bit,uint8,0,0,0.0,1.0,0.03259680595055787,0.0,0.17759829522498208,0.03153425419237954,False,,False
morgan_804,Morgan bit,uint8,0,0,0.0,1.0,0.03565959308685189,0.0,0.18546026860558762,0.03438798650773204,False,,False
morgan_805,Morgan bit,uint8,0,0,0.0,1.0,0.0024064756070881644,0.0,0.049002140730091945,0.0024006844822406547,False,,False
morgan_806,Morgan bit,uint8,0,0,0.0,1.0,0.05359877488514548,0.0,0.22524885346072165,0.050725946215956975,False,,False
morgan_807,Morgan bit,uint8,0,0,0.0,1.0,0.6003062787136294,1.0,0.4898889194884828,0.2399386504506237,False,,False
morgan_808,Morgan bit,uint8,0,0,0.0,1.0,0.02078319842485233,0.0,0.14267343942446917,0.020351257088085547,False,,False
morgan_809,Morgan bit,uint8,0,0,0.0,1.0,0.03215926493108729,0.0,0.1764422209746841,0.031125046610179428,False,,False
morgan_810,Morgan bit,uint8,0,0,0.0,1.0,0.003937869175235178,0.0,0.06263561803458609,0.003922362361593911,False,,False
morgan_811,Morgan bit,uint8,0,0,0.0,1.0,0.005031721723911617,0.0,0.07076368414315384,0.005006403500404734,False,,False
morgan_812,Morgan bit,uint8,0,0,0.0,1.0,0.005031721723911617,0.0,0.07076368414315384,0.005006403500404733,False,,False
morgan_813,Morgan bit,uint8,0,0,0.0,1.0,0.047910741632028006,0.0,0.21360075827328032,0.045615302468297064,False,,False
morgan_814,Morgan bit,uint8,0,0,0.0,1.0,0.0142200831327937,0.0,0.11841004913698537,0.014017872368490142,False,,False
morgan_815,Morgan bit,uint8,0,0,0.0,1.0,0.014438853642528986,0.0,0.11930417853213796,0.014230373148018616,False,,False
morgan_816,Morgan bit,uint8,0,0,0.0,1.0,0.1314810763509079,0.0,0.3379627059537175,0.11419380291251464,False,,False
morgan_817,Morgan bit,uint8,0,0,0.0,1.0,0.0056880332531174796,0.0,0.07521247966571673,0.005655679530828909,False,,False
morgan_818,Morgan bit,uint8,0,0,0.0,1.0,0.007000656311529206,0.0,0.0833856598636957,0.006951647122737052,False,,False
morgan_819,Morgan bit,uint8,0,0,0.0,1.0,0.008094508860205645,0.0,0.0896144222579388,0.008028987786517696,False,,False
morgan_820,Morgan bit,uint8,0,0,0.0,1.0,0.007000656311529206,0.0,0.0833856598636957,0.0069516471227370515,False,,False
morgan_821,Morgan bit,uint8,0,0,0.0,1.0,0.0037190986654998905,0.0,0.06087756361037209,0.0037052669706161656,False,,False
morgan_822,Morgan bit,uint8,0,0,0.0,1.0,0.020345657405381756,0.0,0.14119515946019168,0.019931711630124593,False,,False
morgan_823,Morgan bit,uint8,0,0,0.0,1.0,0.010719754977029096,0.0,0.10299107905337677,0.01060484183026156,False,,False
morgan_824,Morgan bit,uint8,0,0,0.0,1.0,0.0024064756070881644,0.0,0.049002140730091945,0.0024006844822406547,False,,False
morgan_825,Morgan bit,uint8,0,0,0.0,1.0,0.01793918179829359,0.0,0.1327449530435815,0.017617367554701363,False,,False
morgan_826,Morgan bit,uint8,0,0,0.0,1.0,0.006344344782323342,0.0,0.07940701180162339,0.00630409407160635,False,,False
morgan_827,Morgan bit,uint8,0,0,0.0,1.0,0.020126886895646467,0.0,0.14044967358756483,0.01972179531953632,False,,False
morgan_828,Morgan bit,uint8,0,0,0.0,1.0,0.02909647779479326,0.0,0.16809537282788947,0.028249872774730372,False,,False
morgan_829,Morgan bit,uint8,0,0,0.0,1.0,0.02340844454167578,0.0,0.15121339742582082,0.022860489265815073,False,,False
morgan_830,Morgan bit,uint8,0,0,0.0,1.0,0.023189674031940496,0.0,0.15052199076934655,0.02265191305023284,False,,False
morgan_831,Morgan bit,uint8,0,0,0.0,1.0,0.4139138044191643,0.0,0.4925873018045754,0.2425891669304181,False,,False
morgan_832,Morgan bit,uint8,0,0,0.0,1.0,0.10457230365346751,0.0,0.3060350085284335,0.09363693696207451,False,,False
morgan_833,Morgan bit,uint8,0,0,0.0,1.0,0.018376722817764167,0.0,0.13432410857751462,0.018039018876243228,False,,False
morgan_834,Morgan bit,uint8,0,0,0.0,1.0,0.03325311747976373,0.0,0.17931643005647982,0.03214734765764076,False,,False
morgan_835,Morgan bit,uint8,0,0,0.0,1.0,0.07022533362502735,0.0,0.25555434571123287,0.06529373614228096,False,,False
morgan_836,Morgan bit,uint8,0,0,0.0,1.0,0.016407788230146575,0.0,0.1270515805957973,0.01613857271554124,False,,False
morgan_837,Morgan bit,uint8,0,0,0.0,1.0,0.010063443447823233,0.0,0.09982159315411156,0.009962170553795694,False,,False
morgan_838,Morgan bit,uint8,0,0,0.0,1.0,0.06781885801793919,0.0,0.251462311480395,0.06321946051508179,False,,False
morgan_839,Morgan bit,uint8,0,0,0.0,1.0,0.016845329249617153,0.0,0.12870582001889083,0.016561564132089146,False,,False
morgan_840,Morgan bit,uint8,0,0,0.0,1.0,0.002187705097352877,0.0,0.046726830692551194,0.0021829190437598935,False,,False
morgan_841,Morgan bit,uint8,0,0,0.0,1.0,0.32006125574272587,0.0,0.4665508204036746,0.21762204831511534,False,,False
morgan_842,Morgan bit,uint8,0,0,0.0,1.0,0.09560271275432072,0.0,0.29407780216412277,0.08646283406833555,False,,False
morgan_843,Morgan bit,uint8,0,0,0.0,1.0,0.06344344782323343,0.0,0.243785517585687,0.0594183767515341,False,,False
morgan_844,Morgan bit,uint8,0,0,0.0,1.0,0.015095165171734851,0.0,0.12194488262710657,0.014867301160172893,False,,False
morgan_845,Morgan bit,uint8,0,0,0.0,1.0,0.03565959308685189,0.0,0.18546026860558762,0.03438798650773204,False,,False
morgan_846,Morgan bit,uint8,0,0,0.0,1.0,0.0026252461168234523,0.0,0.05117545450385112,0.002618354199649555,False,,False
morgan_847,Morgan bit,uint8,0,0,0.0,1.0,0.012032378035440822,0.0,0.10904219889390178,0.011887599914253064,False,,False
morgan_848,Morgan bit,uint8,0,0,0.0,1.0,0.01312623058411726,0.0,0.11382779631240178,0.012953932654769846,False,,False
morgan_849,Morgan bit,uint8,0,0,0.0,1.0,0.9905928680813826,1.0,0.09654365270132749,0.009318637787683099,False,,False
morgan_850,Morgan bit,uint8,0,0,0.0,1.0,0.012688689564646685,0.0,0.11193939436097393,0.012527686721778715,False,,False
morgan_851,Morgan bit,uint8,0,0,0.0,1.0,0.011376066506234959,0.0,0.10606183381017094,0.01124665161708068,False,,False
morgan_852,Morgan bit,uint8,0,0,0.0,1.0,0.11857361627652592,0.0,0.32332148608624195,0.1045139137996331,False,,False
morgan_853,Morgan bit,uint8,0,0,0.0,1.0,0.006344344782323342,0.0,0.07940701180162339,0.006304094071606349,False,,False
morgan_854,Morgan bit,uint8,0,0,0.0,1.0,0.008969590899146795,0.0,0.09429253652801638,0.008889137338248736,False,,False
morgan_855,Morgan bit,uint8,0,0,0.0,1.0,0.05316123386567491,0.0,0.2243794360639313,0.050335117079553925,False,,False
morgan_856,Morgan bit,uint8,0,0,0.0,1.0,0.028877707285057973,0.0,0.16748110879352124,0.028043785307016483,False,,False
morgan_857,Morgan bit,uint8,0,0,0.0,1.0,0.005031721723911617,0.0,0.07076368414315384,0.005006403500404734,False,,False
morgan_858,Morgan bit,uint8,0,0,0.0,1.0,0.005031721723911617,0.0,0.07076368414315384,0.0050064035004047346,False,,False
morgan_859,Morgan bit,uint8,0,0,0.0,1.0,0.016407788230146575,0.0,0.1270515805957973,0.016138572715541245,False,,False
morgan_860,Morgan bit,uint8,0,0,0.0,1.0,0.045066725005469266,0.0,0.20747320865183386,0.043035715302750674,False,,False
morgan_861,Morgan bit,uint8,0,0,0.0,1.0,0.00940713191861737,0.0,0.09654365270132749,0.009318637787683099,False,,False
morgan_862,Morgan bit,uint8,0,0,0.0,1.0,0.0037190986654998905,0.0,0.060877563610372096,0.0037052669706161665,False,,False
morgan_863,Morgan bit,uint8,0,0,0.0,1.0,0.018595493327499452,0.0,0.13510623348098524,0.018249700955406376,False,,False
morgan_864,Morgan bit,uint8,0,0,0.0,1.0,0.036972216145263616,0.0,0.18871423493314046,0.03560527137857152,False,,False
morgan_865,Morgan bit,uint8,0,0,0.0,1.0,0.043097790417851674,0.0,0.20309947077756657,0.041240370878950605,False,,False
morgan_866,Morgan bit,uint8,0,0,0.0,1.0,0.004156639684970466,0.0,0.06434491277480171,0.004139362031499795,False,,False
morgan_867,Morgan bit,uint8,0,0,0.0,1.0,0.003281557646029315,0.0,0.05719706927984514,0.0032707890254451023,False,,False
morgan_868,Morgan bit,uint8,0,0,0.0,1.0,0.024283526580616933,0.0,0.1539448653396835,0.023693836917425402,False,,False
morgan_869,Morgan bit,uint8,0,0,0.0,1.0,0.011157295996499672,0.0,0.10504867883190108,0.011032810742546164,False,,False
morgan_870,Morgan bit,uint8,0,0,0.0,1.0,0.011157295996499672,0.0,0.10504867883190108,0.011032810742546164,False,,False
morgan_871,Morgan bit,uint8,0,0,0.0,1.0,0.012032378035440822,0.0,0.10904219889390178,0.011887599914253064,False,,False
morgan_872,Morgan bit,uint8,0,0,0.0,1.0,0.030846641872675565,0.0,0.17292098820282048,0.029895126557854455,False,,False
morgan_873,Morgan bit,uint8,0,0,0.0,1.0,0.020126886895646467,0.0,0.14044967358756483,0.01972179531953632,False,,False
morgan_874,Morgan bit,uint8,0,0,0.0,1.0,0.01334500109385255,0.0,0.11475971942292966,0.013166912039657624,False,,False
morgan_875,Morgan bit,uint8,0,0,0.0,1.0,0.6707503828483921,1.0,0.4699921611588098,0.22084430675712752,False,,False
morgan_876,Morgan bit,uint8,0,0,0.0,1.0,0.012032378035440822,0.0,0.10904219889390178,0.011887599914253064,False,,False
morgan_877,Morgan bit,uint8,0,0,0.0,1.0,0.010938525486764383,0.0,0.10402519654132886,0.010818874146939791,False,,False
morgan_878,Morgan bit,uint8,0,0,0.0,1.0,0.03894115073288121,0.0,0.19347590737076925,0.03742473751248024,False,,False
morgan_879,Morgan bit,uint8,0,0,0.0,1.0,0.029971559833734413,0.0,0.1705274969022084,0.029073265434867292,False,,False
morgan_880,Morgan bit,uint8,0,0,0.0,1.0,0.010719754977029096,0.0,0.10299107905337677,0.01060484183026156,False,,False
morgan_881,Morgan bit,uint8,0,0,0.0,1.0,0.23714723255305184,0.0,0.42537984053500566,0.18090842264548057,False,,False
morgan_882,Morgan bit,uint8,0,0,0.0,1.0,0.005469262743382192,0.0,0.07376001720556541,0.005439349908426043,False,,False
morgan_883,Morgan bit,uint8,0,0,0.0,1.0,0.0177204112885583,0.0,0.1319477440209416,0.01740639831232264,False,,False
morgan_884,Morgan bit,uint8,0,0,0.0,1.0,0.003281557646029315,0.0,0.05719706927984514,0.003270789025445102,False,,False
morgan_885,Morgan bit,uint8,0,0,0.0,1.0,0.019470575366440604,0.0,0.1381870096150244,0.019091472061340358,False,,False
morgan_886,Morgan bit,uint8,0,0,0.0,1.0,0.017064099759352438,0.0,0.12952446286756567,0.016772916258755304,False,,False
morgan_887,Morgan bit,uint8,0,0,0.0,1.0,0.2986217457886677,0.0,0.4577036481612816,0.209446798730796,False,,False
morgan_888,Morgan bit,uint8,0,0,0.0,1.0,0.04834828265149858,0.0,0.21452457716717876,0.04601072621614937,False,,False
morgan_889,Morgan bit,uint8,0,0,0.0,1.0,0.0024064756070881644,0.0,0.049002140730091945,0.0024006844822406547,False,,False
morgan_890,Morgan bit,uint8,0,0,0.0,1.0,0.03565959308685189,0.0,0.18546026860558762,0.03438798650773204,False,,False
morgan_891,Morgan bit,uint8,0,0,0.0,1.0,0.04069131481076351,0.0,0.19759573224534746,0.039035531709734846,False,,False
morgan_892,Morgan bit,uint8,0,0,0.0,1.0,0.02056442791511704,0.0,0.1419363926451106,0.020141532219641,False,,False
morgan_893,Morgan bit,uint8,0,0,0.0,1.0,0.5534893896302778,1.0,0.49718503972631556,0.2471388851969803,False,,False
morgan_894,Morgan bit,uint8,0,0,0.0,1.0,0.011594837015970248,0.0,0.1070649546584098,0.011460396770543332,False,,False
morgan_895,Morgan bit,uint8,0,0,0.0,1.0,0.014876394661999562,0.0,0.12107144314984442,0.014655087543859998,False,,False
morgan_896,Morgan bit,uint8,0,0,0.0,1.0,0.12754320717567272,0.0,0.3336169760360991,0.11127593747901617,False,,False
morgan_897,Morgan bit,uint8,0,0,0.0,1.0,0.02100196893458762,0.0,0.14340636434723159,0.020560886235458233,False,,False
morgan_898,Morgan bit,uint8,0,0,0.0,1.0,0.021877050973528767,0.0,0.14629807923363222,0.02139844561423039,False,,False
morgan_899,Morgan bit,uint8,0,0,0.0,1.0,0.03325311747976373,0.0,0.17931643005647982,0.03214734765764077,False,,False
morgan_900,Morgan bit,uint8,0,0,0.0,1.0,0.003500328155764603,0.0,0.05906639580741191,0.0034880758585665635,False,,False
morgan_901,Morgan bit,uint8,0,0,0.0,1.0,0.022752133012469918,0.0,0.14912859808678916,0.022234473455852794,False,,False
morgan_902,Morgan bit,uint8,0,0,0.0,1.0,0.00656311529205863,0.0,0.08075560361048727,0.006520040809721777,False,,False
morgan_903,Morgan bit,uint8,0,0,0.0,1.0,0.008313279369940932,0.0,0.09080733853448204,0.008244168756058245,False,,False
morgan_904,Morgan bit,uint8,0,0,0.0,1.0,0.1190111572959965,0.0,0.32383706442533533,0.10484750173506409,False,,False
morgan_905,Morgan bit,uint8,0,0,0.0,1.0,0.009625902428352658,0.0,0.09764901678922361,0.009533244430792492,False,,False
morgan_906,Morgan bit,uint8,0,0,0.0,1.0,0.020126886895646467,0.0,0.14044967358756483,0.01972179531953632,False,,False
morgan_907,Morgan bit,uint8,0,0,0.0,1.0,0.0024064756070881644,0.0,0.049002140730091945,0.0024006844822406547,False,,False
morgan_908,Morgan bit,uint8,0,0,0.0,1.0,0.016845329249617153,0.0,0.12870582001889083,0.016561564132089146,False,,False
morgan_909,Morgan bit,uint8,0,0,0.0,1.0,0.02450229709035222,0.0,0.1546194189300242,0.023901934527648338,False,,False
morgan_910,Morgan bit,uint8,0,0,0.0,1.0,0.060818201706409974,0.0,0.23902269099576576,0.0571193480476084,False,,False
morgan_911,Morgan bit,uint8,0,0,0.0,1.0,0.022314591992999344,0.0,0.14772076652057217,0.021816650977185312,False,,False
morgan_912,Morgan bit,uint8,0,0,0.0,1.0,0.006781885801793918,0.0,0.08208145809930366,0.006735891826765344,False,,False
morgan_913,Morgan bit,uint8,0,0,0.0,1.0,0.0621308247648217,0.0,0.2414194193804681,0.05827058537886473,False,,False
morgan_914,Morgan bit,uint8,0,0,0.0,1.0,0.009188361408882083,0.0,0.0954249837930802,0.00910393542350185,False,,False
morgan_915,Morgan bit,uint8,0,0,0.0,1.0,0.05031721723911617,0.0,0.21862262282563635,0.04778539488842775,False,,False
morgan_916,Morgan bit,uint8,0,0,0.0,1.0,0.033690658499234305,0.0,0.18045143887585702,0.03255559802912228,False,,False
morgan_917,Morgan bit,uint8,0,0,0.0,1.0,0.018157952308028878,0.0,0.1335370443841408,0.01782824107600823,False,,False
morgan_918,Morgan bit,uint8,0,0,0.0,1.0,0.03850360971341063,0.0,0.19242968234035632,0.03702108175244798,False,,False
morgan_919,Morgan bit,uint8,0,0,0.0,1.0,0.012688689564646685,0.0,0.11193939436097394,0.012527686721778716,False,,False
morgan_920,Morgan bit,uint8,0,0,0.0,1.0,0.033690658499234305,0.0,0.18045143887585702,0.03255559802912228,False,,False
morgan_921,Morgan bit,uint8,0,0,0.0,1.0,0.005250492233646905,0.0,0.072277710511937,0.005222924564951318,False,,False
morgan_922,Morgan bit,uint8,0,0,0.0,1.0,0.05075475825858674,0.0,0.2195205119359337,0.04817871277269915,False,,False
morgan_923,Morgan bit,uint8,0,0,0.0,1.0,0.025814920148763947,0.0,0.158600167095509,0.025148510046476887,False,,False
morgan_924,Morgan bit,uint8,0,0,0.0,1.0,0.225114854517611,0.0,0.41770363544998657,0.17443815679312583,False,,False
morgan_925,Morgan bit,uint8,0,0,0.0,1.0,0.026908772697440384,0.0,0.16183454619136808,0.02618469064935787,False,,False
morgan_926,Morgan bit,uint8,0,0,0.0,1.0,0.7186611244804201,1.0,0.44970162879549075,0.20218731264095827,False,,False
morgan_927,Morgan bit,uint8,0,0,0.0,1.0,0.12294902647123168,0.0,0.3284146146381342,0.10783256336100805,False,,False
morgan_928,Morgan bit,uint8,0,0,0.0,1.0,0.003500328155764603,0.0,0.059066395807411916,0.003488075858566564,False,,False
morgan_929,Morgan bit,uint8,0,0,0.0,1.0,0.015532706191205425,0.0,0.12367209579364384,0.01529144122958312,False,,False
morgan_930,Morgan bit,uint8,0,0,0.0,1.0,0.012469919054911398,0.0,0.11098249769741876,0.012314420173675355,False,,False
morgan_931,Morgan bit,uint8,0,0,0.0,1.0,0.014001312623058412,0.0,0.11750870910703146,0.0138052758678898,False,,False
morgan_932,Morgan bit,uint8,0,0,0.0,1.0,0.07678844891708597,0.0,0.26628461371045903,0.07089198302999403,False,,False
morgan_933,Morgan bit,uint8,0,0,0.0,1.0,0.00940713191861737,0.0,0.09654365270132749,0.009318637787683099,False,,False
morgan_934,Morgan bit,uint8,0,0,0.0,1.0,0.006344344782323342,0.0,0.07940701180162339,0.00630409407160635,False,,False
morgan_935,Morgan bit,uint8,0,0,0.0,1.0,0.46773134981404507,0.0,0.4990122352831336,0.24895873421517642,False,,False
morgan_936,Morgan bit,uint8,0,0,0.0,1.0,0.022752133012469918,0.0,0.14912859808678916,0.02223447345585279,False,,False
morgan_937,Morgan bit,uint8,0,0,0.0,1.0,0.00656311529205863,0.0,0.08075560361048727,0.006520040809721777,False,,False
morgan_938,Morgan bit,uint8,0,0,0.0,1.0,0.006125574272588055,0.0,0.07803450384294615,0.006088051612419062,False,,False
morgan_939,Morgan bit,uint8,0,0,0.0,1.0,0.06147451323561584,0.0,0.24022494098554398,0.05769539745805993,False,,False
morgan_940,Morgan bit,uint8,0,0,0.0,1.0,0.06716254648873332,0.0,0.2503306776843888,0.06265173883788205,False,,False
morgan_941,Morgan bit,uint8,0,0,0.0,1.0,0.020345657405381756,0.0,0.14119515946019168,0.019931711630124593,False,,False
morgan_942,Morgan bit,uint8,0,0,0.0,1.0,0.004812951214176329,0.0,0.06921585662374861,0.0047897867147862865,False,,False
morgan_943,Morgan bit,uint8,0,0,0.0,1.0,0.0177204112885583,0.0,0.1319477440209416,0.017406398312322637,False,,False
morgan_944,Morgan bit,uint8,0,0,0.0,1.0,0.027783854736381536,0.0,0.1643709915260207,0.027011912152369186,False,,False
morgan_945,Morgan bit,uint8,0,0,0.0,1.0,0.008750820389411508,0.0,0.09314580836434672,0.008674243531923767,False,,False
morgan_946,Morgan bit,uint8,0,0,0.0,1.0,0.24939838109822796,0.0,0.43271213427446575,0.18719882860381104,False,,False
morgan_947,Morgan bit,uint8,0,0,0.0,1.0,0.0177204112885583,0.0,0.1319477440209416,0.01740639831232264,False,,False
morgan_948,Morgan bit,uint8,0,0,0.0,1.0,0.19951870487858236,0.0,0.3996822975597679,0.15971099128215552,False,,False
morgan_949,Morgan bit,uint8,0,0,0.0,1.0,0.016407788230146575,0.0,0.1270515805957973,0.016138572715541245,False,,False
morgan_950,Morgan bit,uint8,0,0,0.0,1.0,0.029534018814263836,0.0,0.1693163673924488,0.02866176054694254,False,,False
morgan_951,Morgan bit,uint8,0,0,0.0,1.0,0.008313279369940932,0.0,0.09080733853448206,0.008244168756058247,False,,False
morgan_952,Morgan bit,uint8,0,0,0.0,1.0,0.013782542113323124,0.0,0.11659999122367545,0.013592583646217602,False,,False
morgan_953,Morgan bit,uint8,0,0,0.0,1.0,0.017064099759352438,0.0,0.1295244628675657,0.016772916258755308,False,,False
morgan_954,Morgan bit,uint8,0,0,0.0,1.0,0.036972216145263616,0.0,0.18871423493314046,0.03560527137857153,False,,False
morgan_955,Morgan bit,uint8,0,0,0.0,1.0,0.045941807044410414,0.0,0.2093818245999283,0.043831157409904564,False,,False
morgan_956,Morgan bit,uint8,0,0,0.0,1.0,0.12448042003937869,0.0,0.33016494816573916,0.10898504506619852,False,,False
morgan_957,Morgan bit,uint8,0,0,0.0,1.0,0.04703565959308685,0.0,0.2117383160484625,0.04482330631973011,False,,False
morgan_958,Morgan bit,uint8,0,0,0.0,1.0,0.03303434697002844,0.0,0.17874582127448732,0.031943078890292215,False,,False
morgan_959,Morgan bit,uint8,0,0,0.0,1.0,0.031502953401881424,0.0,0.1746917101377105,0.03051051732884031,False,,False
morgan_960,Morgan bit,uint8,0,0,0.0,1.0,0.05294246335593962,0.0,0.2239431409685075,0.05013955892974461,False,,False
morgan_961,Morgan bit,uint8,0,0,0.0,1.0,0.08553926930649748,0.0,0.2797131015712809,0.07822230271300797,False,,False
morgan_962,Morgan bit,uint8,0,0,0.0,1.0,0.0024064756070881644,0.0,0.049002140730091945,0.0024006844822406547,False,,False
morgan_963,Morgan bit,uint8,0,0,0.0,1.0,0.0059068037628527675,0.0,0.07663679478389612,0.005871913432159914,False,,False
morgan_964,Morgan bit,uint8,0,0,0.0,1.0,0.006125574272588055,0.0,0.07803450384294613,0.006088051612419061,False,,False
morgan_965,Morgan bit,uint8,0,0,0.0,1.0,0.018376722817764167,0.0,0.13432410857751462,0.018039018876243228,False,,False
morgan_966,Morgan bit,uint8,0,0,0.0,1.0,0.051411069787792606,0.0,0.22085887580005684,0.048767971691067315,False,,False
morgan_967,Morgan bit,uint8,0,0,0.0,1.0,0.060380660686939404,0.0,0.23821681537415285,0.056734836501948084,False,,False
morgan_968,Morgan bit,uint8,0,0,0.0,1.0,0.02340844454167578,0.0,0.1512133974258208,0.02286048926581507,False,,False
morgan_969,Morgan bit,uint8,0,0,0.0,1.0,0.012688689564646685,0.0,0.11193939436097394,0.012527686721778716,False,,False
morgan_970,Morgan bit,uint8,0,0,0.0,1.0,0.02362721505141107,0.0,0.15190134191288052,0.023068969760325443,False,,False
morgan_971,Morgan bit,uint8,0,0,0.0,1.0,0.0059068037628527675,0.0,0.07663679478389612,0.005871913432159915,False,,False
morgan_972,Morgan bit,uint8,0,0,0.0,1.0,0.01618901772041129,0.0,0.12621576181856972,0.0159269334256595,False,,False
morgan_973,Morgan bit,uint8,0,0,0.0,1.0,0.007875738350470356,0.0,0.08840486909392996,0.007813711095905286,False,,False
morgan_974,Morgan bit,uint8,0,0,0.0,1.0,0.12098009188361408,0.0,0.3261398154986152,0.10634390925144636,False,,False
morgan_975,Morgan bit,uint8,0,0,0.0,1.0,0.033909429008969594,0.0,0.18101587784342135,0.032759579633255244,False,,False
morgan_976,Morgan bit,uint8,0,0,0.0,1.0,0.048785823670969154,0.0,0.21544354600341087,0.04640576707971425,False,,False
morgan_977,Morgan bit,uint8,0,0,0.0,1.0,0.007000656311529206,0.0,0.0833856598636957,0.0069516471227370515,False,,False
morgan_978,Morgan bit,uint8,0,0,0.0,1.0,0.02625246116823452,0.0,0.1599026677828504,0.02556326945084486,False,,False
morgan_979,Morgan bit,uint8,0,0,0.0,1.0,0.0030627871362940277,0.0,0.05526368258369662,0.003053406471251781,False,,False
morgan_980,Morgan bit,uint8,0,0,0.0,1.0,0.05359877488514548,0.0,0.22524885346072165,0.050725946215956975,False,,False
morgan_981,Morgan bit,uint8,0,0,0.0,1.0,0.01334500109385255,0.0,0.11475971942292966,0.013166912039657624,False,,False
morgan_982,Morgan bit,uint8,0,0,0.0,1.0,0.0026252461168234523,0.0,0.05117545450385112,0.002618354199649555,False,,False
morgan_983,Morgan bit,uint8,0,0,0.0,1.0,0.0284401662655874,0.0,0.16624490804164624,0.027631323208373144,False,,False
morgan_984,Morgan bit,uint8,0,0,0.0,1.0,0.07197549770290965,0.0,0.25847561086616117,0.06679502543332809,False,,False
morgan_985,Morgan bit,uint8,0,0,0.0,1.0,0.031940494421352,0.0,0.17586092564092468,0.03092029923747158,False,,False
morgan_986,Morgan bit,uint8,0,0,0.0,1.0,0.00656311529205863,0.0,0.08075560361048727,0.006520040809721776,False,,False
morgan_987,Morgan bit,uint8,0,0,0.0,1.0,0.016407788230146575,0.0,0.1270515805957973,0.01613857271554124,False,,False
morgan_988,Morgan bit,uint8,0,0,0.0,1.0,0.005469262743382192,0.0,0.07376001720556541,0.005439349908426043,False,,False
morgan_989,Morgan bit,uint8,0,0,0.0,1.0,0.012032378035440822,0.0,0.10904219889390178,0.011887599914253064,False,,False
morgan_990,Morgan bit,uint8,0,0,0.0,1.0,0.008750820389411508,0.0,0.09314580836434672,0.008674243531923767,False,,False
morgan_991,Morgan bit,uint8,0,0,0.0,1.0,0.009625902428352658,0.0,0.09764901678922361,0.009533244430792492,False,,False
morgan_992,Morgan bit,uint8,0,0,0.0,1.0,0.01225114854517611,0.0,0.11001684343043155,0.01210105790450014,False,,False
morgan_993,Morgan bit,uint8,0,0,0.0,1.0,0.026908772697440384,0.0,0.16183454619136806,0.026184690649357866,False,,False
morgan_994,Morgan bit,uint8,0,0,0.0,1.0,0.026908772697440384,0.0,0.16183454619136808,0.02618469064935787,False,,False
morgan_995,Morgan bit,uint8,0,0,0.0,1.0,0.0010938525486764385,0.0,0.03305896441969322,0.0010926560352781925,False,,False
morgan_996,Morgan bit,uint8,0,0,0.0,1.0,0.010719754977029096,0.0,0.10299107905337677,0.01060484183026156,False,,False
morgan_997,Morgan bit,uint8,0,0,0.0,1.0,0.03500328155764603,0.0,0.18380816928648747,0.033778051837842195,False,,False
morgan_998,Morgan bit,uint8,0,0,0.0,1.0,0.028002625246116825,0.0,0.16499828522979856,0.027218478225442353,False,,False
morgan_999,Morgan bit,uint8,0,0,0.0,1.0,0.020345657405381756,0.0,0.14119515946019168,0.019931711630124593,False,,False
morgan_1000,Morgan bit,uint8,0,0,0.0,1.0,0.006781885801793918,0.0,0.08208145809930367,0.0067358918267653445,False,,False
morgan_1001,Morgan bit,uint8,0,0,0.0,1.0,0.0030627871362940277,0.0,0.05526368258369661,0.00305340647125178,False,,False
morgan_1002,Morgan bit,uint8,0,0,0.0,1.0,0.020126886895646467,0.0,0.14044967358756483,0.019721795319536318,False,,False
morgan_1003,Morgan bit,uint8,0,0,0.0,1.0,0.0568803325311748,0.0,0.231639156460358,0.05364496030231778,False,,False
morgan_1004,Morgan bit,uint8,0,0,0.0,1.0,0.04922336469043973,0.0,0.21635772658313185,0.0468004250589917,False,,False
morgan_1005,Morgan bit,uint8,0,0,0.0,1.0,0.0142200831327937,0.0,0.11841004913698537,0.014017872368490142,False,,False
morgan_1006,Morgan bit,uint8,0,0,0.0,1.0,0.007875738350470356,0.0,0.08840486909392996,0.007813711095905286,False,,False
morgan_1007,Morgan bit,uint8,0,0,0.0,1.0,0.003937869175235178,0.0,0.06263561803458609,0.003922362361593911,False,,False
morgan_1008,Morgan bit,uint8,0,0,0.0,1.0,0.014438853642528986,0.0,0.11930417853213796,0.014230373148018616,False,,False
morgan_1009,Morgan bit,uint8,0,0,0.0,1.0,0.10719754977029096,0.0,0.3093980888385176,0.09570623509353696,False,,False
morgan_1010,Morgan bit,uint8,0,0,0.0,1.0,0.024064756070881644,0.0,0.15326703062508537,0.023485643586130613,False,,False
morgan_1011,Morgan bit,uint8,0,0,0.0,1.0,0.010719754977029096,0.0,0.10299107905337677,0.01060484183026156,False,,False
morgan_1012,Morgan bit,uint8,0,0,0.0,1.0,0.003937869175235178,0.0,0.06263561803458609,0.003922362361593911,False,,False
morgan_1013,Morgan bit,uint8,0,0,0.0,1.0,0.030846641872675565,0.0,0.17292098820282048,0.029895126557854455,False,,False
morgan_1014,Morgan bit,uint8,0,0,0.0,1.0,0.009625902428352658,0.0,0.09764901678922362,0.009533244430792493,False,,False
morgan_1015,Morgan bit,uint8,0,0,0.0,1.0,0.017064099759352438,0.0,0.12952446286756567,0.016772916258755304,False,,False
morgan_1016,Morgan bit,uint8,0,0,0.0,1.0,0.012032378035440822,0.0,0.10904219889390177,0.011887599914253063,False,,False
morgan_1017,Morgan bit,uint8,0,0,0.0,1.0,0.07153795668343907,0.0,0.25774951292787107,0.06642027743699745,False,,False
morgan_1018,Morgan bit,uint8,0,0,0.0,1.0,0.027565084226646247,0.0,0.16374100231677763,0.02680525035822415,False,,False
morgan_1019,Morgan bit,uint8,0,0,0.0,1.0,0.4185079851236053,0.0,0.4933683238159667,0.24335905151138543,False,,False
morgan_1020,Morgan bit,uint8,0,0,0.0,1.0,0.024939838109822796,0.0,0.15595885282925184,0.02431784258487862,False,,False
morgan_1021,Morgan bit,uint8,0,0,0.0,1.0,0.010938525486764383,0.0,0.10402519654132884,0.01081887414693979,False,,False
morgan_1022,Morgan bit,uint8,0,0,0.0,1.0,0.015751476700940712,0.0,0.12452614225331496,0.015503367682680432,False,,False
morgan_1023,Morgan bit,uint8,0,0,0.0,1.0,0.0056880332531174796,0.0,0.07521247966571673,0.00565567953082891,False,,False
