InChIkey,number_of_measurements,median_pIC50,mean_pIC50,std_pIC50,min_pIC50,max_pIC50,MAD,pIC50_range,cleaned_smiles,MAD_over_1
GUZKBNUSIOHJIR-UHFFFAOYSA-N,1,6.12494,6.12494,,6.12494,6.12494,0.0,0.0,CCOc1nn(-c2cccc(OCc3ccccc3)c2)c(=O)o1,False
XWIIHZHUZCWNLW-UHFFFAOYSA-N,1,7.0,7.0,,7.0,7.0,0.0,0.0,O=C(N1CCCCC1)n1nc(-c2ccc(Cl)cc2)nc1SCC1CC1,False
LOFGEQLLLVJCDY-UHFFFAOYSA-N,1,4.30103,4.30103,,4.30103,4.30103,0.0,0.0,CN(C(=O)n1nc(-c2ccc(Cl)cc2)nc1SCC(F)(F)F)c1ccccc1,False
GTBUYLWBDILEPY-UHFFFAOYSA-N,1,6.52288,6.52288,,6.52288,6.52288,0.0,0.0,O=C(N1CCCCC1)n1nc(-c2ccc(Cl)cc2)nc1SCC(F)(F)F,False
FBOHEFQKBNWFPO-UHFFFAOYSA-N,1,6.09691,6.09691,,6.09691,6.09691,0.0,0.0,CSc1nc(-c2ccc(OC(F)(F)F)cc2)nn1C(=O)N(C)C,False
AAXQEELWFXEVAH-UHFFFAOYSA-N,1,5.61979,5.61979,,5.61979,5.61979,0.0,0.0,CSc1nc(-c2ccc(C)cc2)nn1C(=O)N(C)c1ccccc1,False
BCRUIWHBJPICOM-UHFFFAOYSA-N,1,7.0,7.0,,7.0,7.0,0.0,0.0,CSc1nc(-c2ccc(Cl)cc2)nn1C(=O)N(C)C,False
OIAPASORPDZQIX-UHFFFAOYSA-N,1,4.30103,4.30103,,4.30103,4.30103,0.0,0.0,CCCCCCSc1nc(-c2ccc(Cl)cc2)nn1C(=O)N1CCOCC1,False
RMOMJDZNOXKMFY-UHFFFAOYSA-N,1,6.09691,6.09691,,6.09691,6.09691,0.0,0.0,COc1ccc(-c2nc(SC)n(C(=O)N(C)C)n2)cc1,False
RKKAABIABTWSCU-UHFFFAOYSA-N,1,4.30103,4.30103,,4.30103,4.30103,0.0,0.0,CSc1nc(-c2ccc(OC(F)(F)F)cc2)nn1C(=O)N(C)c1ccccc1,False
NYMPNIWEHHDXQA-UHFFFAOYSA-N,1,4.30103,4.30103,,4.30103,4.30103,0.0,0.0,CCSc1nc(-c2ccc(OC)cc2)nn1C(=O)N1CCOCC1,False
FCWFKSMUNCZMFT-UHFFFAOYSA-N,1,7.30103,7.30103,,7.30103,7.30103,0.0,0.0,CSc1nc(-c2ccc3ccccc3c2)nn1C(=O)N(C)C,False
IPCPSNUGFLGJAU-YCRPNKLZSA-N,1,4.0,4.0,,4.0,4.0,0.0,0.0,C[C@H]1C(=O)N(C(=O)NCc2ccccc2)[C@@H]1Oc1ccc(C(=O)C(C)(C)C)cc1,False
YKUXAAJJGAYTRC-UHFFFAOYSA-N,1,6.25181,6.25181,,6.25181,6.25181,0.0,0.0,CSc1nc(-c2ccc(-c3ccccc3)cc2)nn1C(=O)N(C)C,False
ISTWOSNIZSCOAJ-MDZDMXLPSA-N,1,8.0,8.0,,8.0,8.0,0.0,0.0,CSc1nc(/C=C/c2ccccc2)nn1C(=O)N(C)C,False
CHOFSZFLPKTBRW-UHFFFAOYSA-N,1,8.0,8.0,,8.0,8.0,0.0,0.0,CCCCCCSc1nc(-c2ccc(Cl)cc2)nn1C(=O)N1CCCCC1,False
AKOLSQVNOPLCPO-UHFFFAOYSA-N,1,5.85387,5.85387,,5.85387,5.85387,0.0,0.0,CSc1nc(-c2ccc(Cl)cc2)nn1C(=O)N(C)c1ccccc1,False
XWESKOHENXWEAX-JTQLQIEISA-N,1,4.76955,4.76955,,4.76955,4.76955,0.0,0.0,Cc1c(C(C)C)c(=O)on1C(=O)N1CCC[C@H](C)C1,False
UXHHCYYVWMSZBI-UHFFFAOYSA-N,1,5.95861,5.95861,,5.95861,5.95861,0.0,0.0,CCSc1nc(-c2ccc(OC)cc2)nn1C(=O)N(C)c1ccccc1,False
YYCOPUATVSTVRR-UHFFFAOYSA-N,1,4.30103,4.30103,,4.30103,4.30103,0.0,0.0,CCCCCCSc1nc(-c2ccc(C)cc2)nn1C(=O)N(C)c1ccccc1,False
PBUOZLNZOBWRDT-UHFFFAOYSA-N,1,7.58503,7.58503,,7.58503,7.58503,0.0,0.0,CSc1nc(-c2ccc(Cl)cc2)nn1C(=O)N1CCCCC1,False
AZPOPHJZULEYCZ-UHFFFAOYSA-N,1,4.30103,4.30103,,4.30103,4.30103,0.0,0.0,O=C(N1CCOCC1)n1nc(-c2ccc(Cl)cc2)nc1SCC(F)(F)F,False
BTBHHMNHCCVBKZ-UHFFFAOYSA-N,1,6.09691,6.09691,,6.09691,6.09691,0.0,0.0,CSc1nc(-c2ccc(C)cc2)nn1C(=O)N(C)C,False
RYFCBDFLNUZBGB-UHFFFAOYSA-N,1,4.30103,4.30103,,4.30103,4.30103,0.0,0.0,CSc1nc(-c2ccc(Cl)cc2)nn1C(=O)N1CCOCC1,False
ZXFMPWBMCUITTN-UHFFFAOYSA-N,1,4.30103,4.30103,,4.30103,4.30103,0.0,0.0,CCCCCCSc1nc(-c2ccc(Cl)cc2)nn1C(=O)N(C)c1ccccc1,False
HELKFUZDNOHCMJ-UHFFFAOYSA-N,1,7.25181,7.25181,,7.25181,7.25181,0.0,0.0,CCSc1nc(-c2ccc(Cl)cc2)nn1C(=O)N(C)C,False
WNOVRIVBMAIXOK-UHFFFAOYSA-N,1,6.69897,6.69897,,6.69897,6.69897,0.0,0.0,CCCCCCSc1nc(-c2ccc(C)cc2)nn1C(=O)N(C)C,False
PSJHEFSSEIFFSU-UHFFFAOYSA-N,1,6.52288,6.52288,,6.52288,6.52288,0.0,0.0,CCCSc1nc(-c2ccc(Cl)cc2)nn1C(=O)N(C)C,False
MYAOJPWDGLEXIZ-UHFFFAOYSA-N,1,6.69897,6.69897,,6.69897,6.69897,0.0,0.0,Cc1ccc(-c2nc(SCC(F)(F)F)n(C(=O)N(C)C)n2)cc1,False
QPUXQWSDBKIGCJ-UHFFFAOYSA-N,1,4.30103,4.30103,,4.30103,4.30103,0.0,0.0,COc1nn(-c2ccc(NC(=O)c3ccc(C(C)(C)C)cc3)cc2)c(=O)o1,False
PUBHZTNJRAPIMN-UHFFFAOYSA-N,1,6.30103,6.30103,,6.30103,6.30103,0.0,0.0,CSc1nc(-c2ccc(C(F)(F)F)cc2)nn1C(=O)N(C)C,False
BRYGRWNTDBRNDJ-YVEFUNNKSA-N,1,4.0,4.0,,4.0,4.0,0.0,0.0,C[C@H]1C(=O)N(C(=O)NCc2ccccc2)[C@@H]1Oc1ccc(C(=O)O)cc1,False
QGITUXRHOBMGQP-UHFFFAOYSA-N,1,4.30103,4.30103,,4.30103,4.30103,0.0,0.0,CSc1nc(-c2ccc(C)cc2)nn1C(=O)N1CCOCC1,False
ALWKGYPQUAPLQC-UHFFFAOYSA-N,12,7.193875,7.1834125,1.4424040056297742,4.65365,10.36653,0.4793050000000001,5.712879999999999,CN(C)C(=O)Oc1cccc([N+](C)(C)C)c1,False
QRIDTWRYUXZUDP-CTNGQTDRSA-N,1,5.42022,5.42022,,5.42022,5.42022,0.0,0.0,CN1CC[C@@]2(C)c3cc(OC(=O)NCCCN4CCOCC4)ccc3N(C)[C@@H]12,False
VUNAAQIKHSGPRS-IAPPQJPRSA-N,1,7.39794,7.39794,,7.39794,7.39794,0.0,0.0,CN1CC[C@@]2(C)c3cc(OC(=O)NCCCCCCCCCCN4CCOCC4)ccc3N(C)[C@@H]12,False
LFWBAKOCTYKRQI-UHFFFAOYSA-N,1,7.13668,7.13668,,7.13668,7.13668,0.0,0.0,N#CC(C#N)=C1Nc2ccccc2N1CCNCc1ccc(CN2CCCCC2)o1,False
AZHRUDQFJNVULC-UHFFFAOYSA-N,1,5.50864,5.50864,,5.50864,5.50864,0.0,0.0,COc1cc(N)c(Cl)cc1C(=O)NCCNCc1ccc(CN(C)C)o1,False
KDQSNHIQQSQHHK-UHFFFAOYSA-N,1,5.34679,5.34679,,5.34679,5.34679,0.0,0.0,CN1CCN(Cc2ccc(CNCCN3CCNC3=C(C#N)C#N)o2)CC1,False
LQDVCSIWQVRECJ-UHFFFAOYSA-N,1,5.92082,5.92082,,5.92082,5.92082,0.0,0.0,Oc1nc2ccccc2n1CCNCc1ccc(CN2CCCCC2)o1,False
PHELSVIUQBPBLW-UHFFFAOYSA-N,1,6.26761,6.26761,,6.26761,6.26761,0.0,0.0,CC1CCCCN1Cc1ccc(CNCCN2CCNC2=C(C#N)C#N)o1,False
OKPXRTAMAGECKK-UHFFFAOYSA-N,1,7.52288,7.52288,,7.52288,7.52288,0.0,0.0,N#CC(C#N)=C1NCCN1CCNCc1ccc(CN2CCCCC2)o1,False
BIYMBWOGRIMVGC-UHFFFAOYSA-N,1,6.08092,6.08092,,6.08092,6.08092,0.0,0.0,CNC(NCCNCc1ccc(CN2CCCCC2)o1)=C(C#N)C#N,False
TTWJBBZEZQICBI-UHFFFAOYSA-N,1,4.69897,4.69897,,4.69897,4.69897,0.0,0.0,CCN(CC)CCNC(=O)c1cc(Cl)c(N)cc1OC,False
JHBKIQPZUOVPJP-UHFFFAOYSA-N,1,6.40894,6.40894,,6.40894,6.40894,0.0,0.0,N#CC(C#N)=C1NCCN1CCNCc1ccc(CN2CCC(O)CC2)o1,False
YQWKSZPFQPPLDB-UHFFFAOYSA-N,1,6.40894,6.40894,,6.40894,6.40894,0.0,0.0,CN(C)Cc1ccc(CNCCN2CCNC2=C(C#N)C#N)o1,False
NPDBRPLRDKQUMC-UHFFFAOYSA-N,1,6.36653,6.36653,,6.36653,6.36653,0.0,0.0,CCN(C)Cc1ccc(CNCCN2CCNC2=C(C#N)C#N)o1,False
RRFNSBXPESKQGR-UHFFFAOYSA-N,1,6.22185,6.22185,,6.22185,6.22185,0.0,0.0,CCN(CC)Cc1ccc(CNCCN2CCNC2=C(C#N)C#N)o1,False
PPULTLGLSHUABV-SDNWHVSQSA-N,1,5.69897,5.69897,,5.69897,5.69897,0.0,0.0,CN(C)Cc1ccc(CNCCN2CCN/C2=C\[N+](=O)[O-])o1,False
PEXJCBBICKJGGT-IRLDBZIGSA-N,1,4.67778,4.67778,,4.67778,4.67778,0.0,0.0,CN1CC[C@@]2(C)c3cc(OC(=O)NCCCCN4CCOCC4)ccc3N(C)[C@@H]12,False
RRGMXBQMCUKRLH-CTNGQTDRSA-N,8,7.308095,7.170285,1.2183863803408181,4.65758,8.30103,0.7540799999999996,3.6434500000000005,CCCCCCCNC(=O)Oc1ccc2c(c1)[C@]1(C)CCN(C)[C@@H]1N2C,False
BRGIXRNTFOXZKF-QUCCMNQESA-N,1,6.1549,6.1549,,6.1549,6.1549,0.0,0.0,CN1CC[C@@]2(C)c3cc(OC(=O)NCCN4CCOCC4)ccc3N(C)[C@@H]12,False
PLQWDBQURPIPGP-UHFFFAOYSA-N,1,6.20066,6.20066,,6.20066,6.20066,0.0,0.0,CNC(NCCNCc1ccc(CN(C)C)o1)=C(C#N)C#N,False
FDEMXMQQXDTVQU-UHFFFAOYSA-N,1,5.67778,5.67778,,5.67778,5.67778,0.0,0.0,CNC(NCCNCc1ccc(CN(C(C)C)C(C)C)o1)=C(C#N)C#N,False
HYRWJXSSFVSUQH-UHFFFAOYSA-N,1,6.5376,6.5376,,6.5376,6.5376,0.0,0.0,CC1CCN(Cc2ccc(CNCCN3CCNC3=C(C#N)C#N)o2)CC1,False
LKBQETKGWDWQQB-PXJZQJOASA-N,1,7.39794,7.39794,,7.39794,7.39794,0.0,0.0,CN1CC[C@@]2(C)c3cc(OC(=O)NCCCCCCCCCCCN4CCOCC4)ccc3N(C)[C@@H]12,False
XLRRYRJJRDMOHP-UHFFFAOYSA-N,1,7.09691,7.09691,,7.09691,7.09691,0.0,0.0,N#CC(C#N)=C1NCCN1CCNCc1ccc(CN2CCCC2)o1,False
KTMHWIASCVHJMZ-UHFFFAOYSA-N,1,7.02228,7.02228,,7.02228,7.02228,0.0,0.0,N#CC(C#N)=C1NCCN1CCNCc1ccc(CN2CC=CCC2)o1,False
FPHMMAIDSAXEBK-UHFFFAOYSA-N,1,4.69897,4.69897,,4.69897,4.69897,0.0,0.0,CNC(NCCNCc1ccc(COC)o1)=C(C#N)C#N,False
XYIGEYHRXKWSPJ-VPUSJEBWSA-N,1,7.22185,7.22185,,7.22185,7.22185,0.0,0.0,CN1CC[C@@]2(C)c3cc(OC(=O)NCCCCCCCCCN4CCOCC4)ccc3N(C)[C@@H]12,False
HEEOMQHFUSVLEM-DGPALRBDSA-N,1,7.1549,7.1549,,7.1549,7.1549,0.0,0.0,CN1CC[C@@]2(C)c3cc(OC(=O)NCCCCCCCCCCCCN4CCOCC4)ccc3N(C)[C@@H]12,False
GVHHPMZWUWYOJH-UHFFFAOYSA-N,1,6.55284,6.55284,,6.55284,6.55284,0.0,0.0,CNC(NCCNCc1ccc(CN2CCCC2)o1)=C(C#N)C#N,False
NHGBGMKXMPIVTG-UHFFFAOYSA-N,1,4.95861,4.95861,,4.95861,4.95861,0.0,0.0,N#CC(C#N)=C1NCCN1CCNCc1ccc(CN2CCOCC2)o1,False
KABXIVJJYZKNDV-UHFFFAOYSA-N,1,5.82391,5.82391,,5.82391,5.82391,0.0,0.0,N#CC(C#N)=C1NCCN1CCNCc1ccc(CN2CCSCC2)o1,False
VMXUWOKSQNHOCA-UHFFFAOYSA-N,2,5.91268,5.91268,0.38807434365080073,5.63827,6.18709,0.27441000000000004,0.5488200000000001,CNC(=C[N+](=O)[O-])NCCSCc1ccc(CN(C)C)o1,False
OAZAZSVSTJITEI-VWNXMTODSA-N,1,6.03152,6.03152,,6.03152,6.03152,0.0,0.0,CN1CC[C@@]2(C)c3cc(OC(=O)NCCCCCCN4CCOCC4)ccc3N(C)[C@@H]12,False
LHXDCPANSLINDJ-UHFFFAOYSA-N,1,6.4318,6.4318,,6.4318,6.4318,0.0,0.0,CC1CCCN(Cc2ccc(CNCCN3CCNC3=C(C#N)C#N)o2)C1,False
BGUNJPMNAQNPJN-UHFFFAOYSA-N,1,5.34679,5.34679,,5.34679,5.34679,0.0,0.0,CC1CCCC(C)N1Cc1ccc(CNCCN2CCNC2=C(C#N)C#N)o1,False
PXRSKRAHRPHMEB-GGAORHGYSA-N,1,5.11919,5.11919,,5.11919,5.11919,0.0,0.0,CN1CC[C@@]2(C)c3cc(OC(=O)NCCCCCN4CCOCC4)ccc3N(C)[C@@H]12,False
PLDHPJSOABLSHM-RSXGOPAZSA-N,1,7.09691,7.09691,,7.09691,7.09691,0.0,0.0,CN1CC[C@@]2(C)c3cc(OC(=O)NCCCCCCCCN4CCOCC4)ccc3N(C)[C@@H]12,False
FWJLNPNOFSXKMI-NOZRDPDXSA-N,1,6.42022,6.42022,,6.42022,6.42022,0.0,0.0,CN1CC[C@@]2(C)c3cc(OC(=O)NCCCCCCCN4CCOCC4)ccc3N(C)[C@@H]12,False
KNECVBKLZJDAMM-UHFFFAOYSA-N,1,5.48149,5.48149,,5.48149,5.48149,0.0,0.0,COC1CCCN(Cc2ccc(CNCCN3CCNC3=C(C#N)C#N)o2)C1,False
DEVJEYZPXPIVKH-UHFFFAOYSA-N,1,6.4318,6.4318,,6.4318,6.4318,0.0,0.0,N#CC(C#N)=C1NCCN1CCNCc1ccc(CN2CCCC(O)C2)o1,False
OTEXQGZMMAIBKH-FZBYNPQBSA-N,1,5.03152,5.03152,,5.03152,5.03152,0.0,0.0,C/N=c1\c(O)c(O)\c1=N/CCNCc1ccc(CN2CCCCC2)o1,False
MYRGYOVGGPKBKY-UHFFFAOYSA-N,1,6.92082,6.92082,,6.92082,6.92082,0.0,0.0,N#CC(C#N)=C1NCCN1CCNCc1ccc(CN2CCCCCC2)o1,False
IIWOUNLDWKZMQI-UHFFFAOYSA-N,1,5.14,5.14,,5.14,5.14,0.0,0.0,COc1ccccc1CNCCCCCCNCCSSCCNCCCCCCNCc1ccccc1OC,False
DCPJIWWEBRXADV-UHFFFAOYSA-N,1,5.35,5.35,,5.35,5.35,0.0,0.0,COc1ccccc1CNCCCCCCNCCCCCCCNCCCCCCNCc1ccccc1OC,False
HDAQKLAKMZNBQB-UHFFFAOYSA-N,4,6.77001,6.823135,0.10655688731064426,6.76955,6.98297,0.0002300000000001745,0.21342000000000017,COc1ccccc1CN(C)CCCCCC(=O)N(C)CCCCCCCCN(C)C(=O)CCCCCN(C)Cc1ccccc1OC,False
BNMMMFMJYKFYRQ-UHFFFAOYSA-N,1,5.19,5.19,,5.19,5.19,0.0,0.0,COc1ccccc1CNCCCCCCNCCCCCCNCCCCCCNCc1ccccc1OC,False
PIJVFDBKTWXHHD-HIFRSBDPSA-N,30,7.15579,6.962204333333333,1.05899312014529,4.60206,9.36653,0.47751499999999947,4.764469999999999,CNC(=O)Oc1ccc2c(c1)[C@]1(C)CCN(C)[C@@H]1N2C,False
RPMBYDYUVKEZJA-UHFFFAOYSA-N,2,5.27,5.27,0.0,5.27,5.27,0.0,0.0,COc1ccccc1CNCCCCCCNCCCCCCCCNCCCCCCNCc1ccccc1OC,False
LNYHYEQQDYJOII-UHFFFAOYSA-N,1,6.51,6.51,,6.51,6.51,0.0,0.0,COc1ccccc1CNCCCCCC(=O)N(C)CCCCCCCCN(C)C(=O)CCCCCNCc1ccccc1OC,False
YLJREFDVOIBQDA-UHFFFAOYSA-N,53,6.86646,6.89088679245283,0.5462045712451785,5.92812,8.50031,0.3435800000000002,2.572190000000001,Nc1c2c(nc3ccccc13)CCCC2,False
MMJRYNURNQIZRV-UHFFFAOYSA-N,1,5.73,5.73,,5.73,5.73,0.0,0.0,COc1ccccc1CNCCCCCC(=O)NCCCCCCCCNC(=O)CCCCCNCc1ccccc1OC,False
QHXIAJIYLGAPSH-UHFFFAOYSA-N,1,5.14,5.14,,5.14,5.14,0.0,0.0,COc1ccccc1CNCCCCCCNCCCCCNCCCCCCNCc1ccccc1OC,False
BQYXYZYJEUBVBN-UXBLZVDNSA-N,1,5.52288,5.52288,,5.52288,5.52288,0.0,0.0,NC12CC(C(F)(F)F)=CC(Cc3nc(O)ccc31)/C2=C\C(F)(F)F,False
AXOFUMFOKNODCQ-UHFFFAOYSA-O,1,4.97469,4.97469,,4.97469,4.97469,0.0,0.0,C[n+]1ccn(COCC(C)(C)[N+](=O)[O-])c1/C=N/O,False
WPUFLGDKDRHMHB-WTDSWWLTSA-N,1,6.39794,6.39794,,6.39794,6.39794,0.0,0.0,C/C=C1\C2C=C(C(F)(F)F)CC1(N)c1ccc(O)nc1C2,False
ZRJBHWIHUMBLCN-YQEJDHNASA-N,16,7.115494999999999,7.012893125,1.0713939925394316,5.27737,9.26761,0.63992,3.990239999999999,C/C=C1\[C@H]2C=C(C)C[C@]1(N)c1ccc(=O)[nH]c1C2,False
URUHKHGBRNTPGA-UHFFFAOYSA-N,1,4.94006,4.94006,,4.94006,4.94006,0.0,0.0,Nc1cc(-c2ccccc2)nc2ccccc12,False
OCTYDCXPLXLOBG-UHFFFAOYSA-O,1,5.16749,5.16749,,5.16749,5.16749,0.0,0.0,CN(CCn1cc[n+](C)c1/C=N/O)S(C)(=O)=O,False
XKGCHNMJLAZTNP-UHFFFAOYSA-O,1,4.57675,4.57675,,4.57675,4.57675,0.0,0.0,C[n+]1ccn(COCCS(C)(=O)=O)c1/C=N/O,False
OPWXEMFYURUFIN-YRNVUSSQSA-N,1,5.69897,5.69897,,5.69897,5.69897,0.0,0.0,CC1=CC2Cc3nc(O)ccc3C(N)(C1)/C2=C/C(F)(F)F,False
CMZUAEAPKGOQSL-UHFFFAOYSA-N,2,6.31299,6.31299,0.2021476866056106,6.17005,6.45593,0.1429400000000003,0.2858800000000006,Nc1c2c(nc3ccccc13)-c1ccccc1C2,False
FRXXZKCFLLWYIW-UHFFFAOYSA-N,2,4.97879,4.97879,0.7735606764824594,4.4318,5.52578,0.5469900000000001,1.0939800000000002,Nc1c2c(nc3ccccc13)-c1ccccc1CC2,False
HBMANHCNJOZOFR-UHFFFAOYSA-N,1,4.73095,4.73095,,4.73095,4.73095,0.0,0.0,Nc1c2c(nc3ccccc13)-c1ccccc1CS2,False
SMKRTNVEDGNVCU-UHFFFAOYSA-O,1,4.74715,4.74715,,4.74715,4.74715,0.0,0.0,C[n+]1ccn(CCN2CCCC2)c1/C=N/O,False
YRMPTPZWCQVVTR-HAHDFKILSA-N,1,5.37779,5.37779,,5.37779,5.37779,0.0,0.0,C/N=C1/CCc2c1n(C)c1ccc(OC(=O)NCc3ccccc3)c(Br)c21,False
VTAYNRZFMWKVMV-UHFFFAOYSA-N,4,6.690405,6.73113,0.48847164428108497,6.17718,7.36653,0.27203500000000025,1.1893500000000001,COc1cc2cc(C(=O)CC(O)C3CC[N+](C)(Cc4ccccc4)CC3)sc2cc1OC,False
AYUGQAIEBQUVSS-MFOYZWKCSA-N,1,6.63827,6.63827,,6.63827,6.63827,0.0,0.0,C/N=C1/CCc2c1n(C)c1ccc(OC(=O)NC)c(Cl)c21,False
RWPNUXJCHLIEDT-UHFFFAOYSA-N,1,6.12494,6.12494,,6.12494,6.12494,0.0,0.0,COc1cc2cc(C(=O)CC3=CC[N+](C)(Cc4ccccc4)CC3)sc2cc1OC,False
BMJHCSGGVPNGEK-UHFFFAOYSA-N,1,8.33724,8.33724,,8.33724,8.33724,0.0,0.0,COc1cc2cc(C(=O)CCc3cc[n+](Cc4ccccc4)cc3)sc2cc1OC,False
WYRBPGIEANOZBO-UHFFFAOYSA-N,1,6.40894,6.40894,,6.40894,6.40894,0.0,0.0,COc1cc2cc(C(=O)CCC3CC[N+](C)(CCOc4ccccc4)CC3)sc2cc1OC,False
PWYSKXCZAVHRME-UHFFFAOYSA-N,1,5.59007,5.59007,,5.59007,5.59007,0.0,0.0,CCC[n+]1ccc(CCC(=O)c2cc3cc(OC)c(OC)cc3s2)cc1,False
RQEDOHWZBORVHQ-UHFFFAOYSA-N,1,7.39794,7.39794,,7.39794,7.39794,0.0,0.0,COc1cc2cc(C(=O)CCc3cc[n+](CC4CCC4)cc3)sc2cc1OC,False
YTHOQVFHGJGIEH-BOPFTXTBSA-N,1,6.17393,6.17393,,6.17393,6.17393,0.0,0.0,C/N=C1/CCc2c1n(C)c1cc(Cl)c(OC(=O)NC)cc21,False
YORGAYVXBTXTRA-UHFFFAOYSA-N,1,6.95861,6.95861,,6.95861,6.95861,0.0,0.0,COc1cc2cc(C(=O)CCCCC3CC[N+](C)(Cc4ccccc4)CC3)sc2cc1OC,False
RESFYLPQQBQWLK-UHFFFAOYSA-N,1,6.55284,6.55284,,6.55284,6.55284,0.0,0.0,CC[n+]1ccc(CCC(=O)c2cc3cc(OC)c(OC)cc3s2)cc1,False
WTKJGTXNTSXOEQ-CLCOLTQESA-N,1,6.79588,6.79588,,6.79588,6.79588,0.0,0.0,CNC(=O)Oc1ccc2c(c1)c1c(n2C)/C(=N\CCc2ccccc2)CC1,False
HUDYYTCJRPYVSA-MTJSOVHGSA-N,1,6.63827,6.63827,,6.63827,6.63827,0.0,0.0,CCCn1c2c(c3c(Br)c(OC(=O)NC)ccc31)CC/C2=N/CC,False
MLFLAFFZWZJJPF-UHFFFAOYSA-N,1,4.70819,4.70819,,4.70819,4.70819,0.0,0.0,COc1cc2cc(C(O)C3CC[N+](C)(Cc4ccccc4)CC3)sc2cc1OC,False
KCWYZUQTPZAYAJ-UHFFFAOYSA-N,1,6.0,6.0,,6.0,6.0,0.0,0.0,COc1cc2cc(C(=O)CCC3CC[N+](C)(CC#N)CC3)sc2cc1OC,False
HNRGYIMKAVPBFM-UHFFFAOYSA-N,1,7.27572,7.27572,,7.27572,7.27572,0.0,0.0,COCC[N+]1(C)CCC(CCC(=O)c2cc3cc(OC)c(OC)cc3s2)CC1,False
SMFGROCXHRURCX-UHFFFAOYSA-N,1,6.0,6.0,,6.0,6.0,0.0,0.0,COC(=O)c1ccc(C[n+]2ccc(CCC(=O)c3cc4cc(OC)c(OC)cc4s3)cc2)cc1,False
YAGWRKXZJCAONM-NDENLUEZSA-N,1,5.49894,5.49894,,5.49894,5.49894,0.0,0.0,CCCCNC(=O)Oc1ccc2c(c1Br)c1c(n2C)/C(=N\C)CC1,False
DACVVTXURVEDPJ-UHFFFAOYSA-N,1,6.284,6.284,,6.284,6.284,0.0,0.0,COc1cc2cc(C(=O)C=C3CC[N+](C)(Cc4ccccc4)CC3)sc2cc1OC,False
FUUAKMKHJMTYEE-UHFFFAOYSA-N,1,8.58503,8.58503,,8.58503,8.58503,0.0,0.0,COc1cc2cc(C(=O)CCc3cc[n+](Cc4ccc(F)cc4)cc3)sc2cc1OC,False
LLFXWTJSKXUPAW-UHFFFAOYSA-N,1,6.92082,6.92082,,6.92082,6.92082,0.0,0.0,COc1cc2cc(C(=O)CC(OC)C3CC[N+](C)(Cc4ccccc4)CC3)sc2cc1OC,False
NKMJIMRHVLBYRZ-UHFFFAOYSA-N,1,6.95861,6.95861,,6.95861,6.95861,0.0,0.0,COc1cc2cc(C(=O)CCc3cc[n+](CC4CC4)cc3)sc2cc1OC,False
VNIUREJLUZLBEI-VBKFSLOCSA-N,1,5.47366,5.47366,,5.47366,5.47366,0.0,0.0,C/N=C1/CCc2c1n(C)c1ccc(OC(=O)NC)cc21,False
LLSISOMGTGWJAD-UHFFFAOYSA-N,1,7.04576,7.04576,,7.04576,7.04576,0.0,0.0,COc1cc2cc(C(=O)CC3(O)CC[N+](C)(Cc4ccccc4)CC3)sc2cc1OC,False
TWZAUOZTEOEZPS-UHFFFAOYSA-N,1,7.55284,7.55284,,7.55284,7.55284,0.0,0.0,COc1cc2cc(C(=O)CCC3CC[N+](C)(CC4CCCCO4)CC3)sc2cc1OC,False
QGDFTXPKVNLAAU-UHFFFAOYSA-N,1,6.04576,6.04576,,6.04576,6.04576,0.0,0.0,COc1cc2cc(C(=O)CCc3cc[n+](C)cc3)sc2cc1OC,False
JWNJPWFLZOKDSC-UHFFFAOYSA-N,1,7.52288,7.52288,,7.52288,7.52288,0.0,0.0,COCC[n+]1ccc(CCC(=O)c2cc3cc(OC)c(OC)cc3s2)cc1,False
SKWVLMXTRDHOMY-UHFFFAOYSA-N,1,6.42022,6.42022,,6.42022,6.42022,0.0,0.0,COc1cc2cc(C(=O)CC(O)CCC3CC[N+](C)(Cc4ccccc4)CC3)sc2cc1OC,False
KHVCAPTWEKUUOB-UHFFFAOYSA-N,1,8.22185,8.22185,,8.22185,8.22185,0.0,0.0,COc1cc2cc(C(=O)CCc3cc[n+](Cc4ccsc4)cc3)sc2cc1OC,False
RGWBBDIISQYISM-GRSHGNNSSA-N,1,6.85387,6.85387,,6.85387,6.85387,0.0,0.0,CC/N=C1/CCc2c1n(C)c1ccc(OC(=O)NC)c(Br)c21,False
UMXGLDXVWDZRAT-MFOYZWKCSA-N,1,6.74473,6.74473,,6.74473,6.74473,0.0,0.0,C/N=C1/CCc2c1n(C)c1ccc(OC(=O)NC)c(Br)c21,False
DVAROHRRIITJSW-UHFFFAOYSA-N,1,7.26761,7.26761,,7.26761,7.26761,0.0,0.0,COC(=O)C[N+]1(C)CCC(CCC(=O)c2cc3cc(OC)c(OC)cc3s2)CC1,False
SGMCTGDOWCTMEU-UHFFFAOYSA-N,2,8.09691,8.09691,0.0,8.09691,8.09691,0.0,0.0,COc1cc2cc(C(=O)CCC3CC[N+](C)(Cc4ccccc4)CC3)sc2cc1OC,False
PCQMYUIQDLAOSQ-UHFFFAOYSA-N,1,5.0,5.0,,5.0,5.0,0.0,0.0,COc1cc2cc(CC3CC[N+](C)(Cc4ccccc4)CC3)sc2cc1OC,False
KQUCCBKZVSQSCI-GRSHGNNSSA-N,1,6.79588,6.79588,,6.79588,6.79588,0.0,0.0,CC/N=C1/CCc2c1n(C)c1ccc(OC(=O)NC)c(Cl)c21,False
BMFWRMMCWVMOEJ-RGEXLXHISA-N,1,5.41567,5.41567,,5.41567,5.41567,0.0,0.0,CCC/N=C1/CCc2c1n(C)c1ccc(OC(=O)NC)cc21,False
JFIAJOKWMHWGNB-UHFFFAOYSA-N,1,6.26761,6.26761,,6.26761,6.26761,0.0,0.0,C=CC[n+]1ccc(CCC(=O)c2cc3cc(OC)c(OC)cc3s2)cc1,False
ICAMBRIYAKJCIK-UHFFFAOYSA-N,1,8.1549,8.1549,,8.1549,8.1549,0.0,0.0,CCOCC[n+]1ccc(CCC(=O)c2cc3cc(OC)c(OC)cc3s2)cc1,False
ONZMCJMKJCZKIT-ZDLGFXPLSA-N,1,7.22185,7.22185,,7.22185,7.22185,0.0,0.0,C/N=C1/CCc2c1n(C)c1ccc(OC(=O)N(C)C)c(Br)c21,False
FEUIMOLNAYWYJX-UHFFFAOYSA-N,1,5.57349,5.57349,,5.57349,5.57349,0.0,0.0,COc1cc2cc(C=C3CC[N+](C)(Cc4ccccc4)CC3)sc2cc1OC,False
PIUDKWKHYCTTMB-UHFFFAOYSA-N,1,8.34679,8.34679,,8.34679,8.34679,0.0,0.0,COc1cc2cc(C(=O)CCc3cc[n+](Cc4ccc([N+](=O)[O-])o4)cc3)sc2cc1OC,False
VSDKGQIPHOMCCH-AQTBWJFISA-N,1,5.24565,5.24565,,5.24565,5.24565,0.0,0.0,CC/N=C1/CCc2c1n(C)c1ccc(OC(=O)NC)cc21,False
QRGWRAREWVXQNK-UHFFFAOYSA-N,1,7.49485,7.49485,,7.49485,7.49485,0.0,0.0,COc1cc2cc(C(=O)CCC3CC[N+](C)(Cc4ccc([N+](=O)[O-])o4)CC3)sc2cc1OC,False
RDTZOXACZCTDKX-UHFFFAOYSA-N,1,7.10237,7.10237,,7.10237,7.10237,0.0,0.0,COc1cc2cc(C(=O)CCC3CC[N+](C)(CC(=O)OC(C)(C)C)CC3)sc2cc1OC,False
JZTYZCGIRWVERO-YUZLPWPTSA-N,1,7.96257,7.96257,,7.96257,7.96257,0.0,0.0,CNC(=O)Oc1ccc2c(c1)[C@]1(C)CCNC1N2,False
ZTNAPMRRYAYAIK-DAFXYXGESA-N,1,7.65561,7.65561,,7.65561,7.65561,0.0,0.0,C[C@@]12CCNC1Nc1ccc(OC(=O)Nc3ccccc3)cc12,False
STSMGBGTIPIGCZ-UHFFFAOYSA-N,2,7.06074,7.06074,0.6235974703284162,6.61979,7.50169,0.44094999999999995,0.8818999999999999,Nc1c2c(nc3ccccc13)C1CCC2C1,False
ITTCFQIHBIBVEN-NNBQYGFHSA-N,1,7.86012,7.86012,,7.86012,7.86012,0.0,0.0,CN1c2ccc(OC(=O)Nc3ccccc3)cc2[C@]2(C)CCNC12,False
YSZQKPILONCHJM-GPNIZQGCSA-N,1,5.96257,5.96257,,5.96257,5.96257,0.0,0.0,CNC(=O)Oc1ccc2c(c1)[C@]1(C)CCN(Cc3ccccc3)C1N2Cc1ccccc1,False
DREAHDLCWZKIJL-UHFFFAOYSA-N,1,7.16178,7.16178,,7.16178,7.16178,0.0,0.0,Nc1c2c(nc3c(Cl)cccc13)CCCC2,False
ADEBPBSSDYVVLD-UHFFFAOYSA-N,55,7.57594,7.326971454545455,0.9685209172494403,4.0,8.69897,0.38267000000000007,4.698969999999999,COc1cc2c(cc1OC)C(=O)C(CC1CCN(Cc3ccccc3)CC1)C2,False
DWMBEPKCENULIA-PYMCNQPYSA-N,1,7.67778,7.67778,,7.67778,7.67778,0.0,0.0,CNC(=O)Oc1ccc2c(c1)[C@]1(C)CCNC1N2C,False
KVGMGGLTJLJDFE-UHFFFAOYSA-N,3,7.47625,7.637353333333333,0.3390060238894484,7.40894,8.02687,0.06730999999999998,0.6179300000000003,Nc1c2c(nc3cccc(Cl)c13)CCCC2,False
GVJXSDRIRBRKBI-QWAKEFERSA-N,1,6.48149,6.48149,,6.48149,6.48149,0.0,0.0,CNC(=O)Oc1ccc2c(c1)[C@]1(C)CCN(Cc3ccccc3)C1N2C,False
HLVVITIHAZBPKB-UHFFFAOYSA-N,3,6.15366,6.319756666666667,0.4085173472856851,6.02045,6.78516,0.13321000000000005,0.76471,Nc1c2c(nc3ccccc13)CCCC2O,False
SSQDPTTWVYJYFB-UHFFFAOYSA-N,1,8.34679,8.34679,,8.34679,8.34679,0.0,0.0,Nc1c2c(nc3cc(Cl)ccc13)C1CCC2C1,False
GQZMDBQRGRRPMS-UHFFFAOYSA-N,10,8.02288,8.041492,0.30010451956313855,7.69897,8.74473,0.1638500000000005,1.0457600000000005,Nc1c2c(nc3cc(Cl)ccc13)CCCC2,False
NNGFBICBXZNRCM-UHFFFAOYSA-N,1,7.07417,7.07417,,7.07417,7.07417,0.0,0.0,Nc1c2c(nc3c(Cl)cccc13)C1CCC2C1,False
ZTNAPMRRYAYAIK-UHUGOGIASA-N,1,6.63639,6.63639,,6.63639,6.63639,0.0,0.0,C[C@]12CCNC1Nc1ccc(OC(=O)Nc3ccccc3)cc12,False
JZTYZCGIRWVERO-GLGOKHISSA-N,1,5.82681,5.82681,,5.82681,5.82681,0.0,0.0,CNC(=O)Oc1ccc2c(c1)[C@@]1(C)CCNC1N2,False
WWDUYDXEHWHZTJ-AUPVMFHISA-N,1,4.38584,4.38584,,4.38584,4.38584,0.0,0.0,C[C@@]12CCN(Cc3ccccc3)C1N(Cc1ccccc1)c1ccc(OC(=O)Nc3ccccc3)cc12,False
YSZQKPILONCHJM-ZCJYOONXSA-N,1,5.44855,5.44855,,5.44855,5.44855,0.0,0.0,CNC(=O)Oc1ccc2c(c1)[C@@]1(C)CCN(Cc3ccccc3)C1N2Cc1ccccc1,False
KDPXEJGRLUVMJN-UHFFFAOYSA-N,1,7.37469,7.37469,,7.37469,7.37469,0.0,0.0,Nc1c2c(nc3cccc(Cl)c13)C1CCC2C1,False
PUKKYURTEBJMKJ-UHFFFAOYSA-N,5,6.12901,5.9590000000000005,0.36954924306511566,5.43415,6.26,0.13098999999999972,0.82585,Nc1c2c(nc3ccc(Cl)cc13)CCCC2,False
LIQUTBYXLQJUQH-UHFFFAOYSA-N,1,5.95861,5.95861,,5.95861,5.95861,0.0,0.0,Nc1c2c(nc3ccc(Cl)cc13)C1CCC2C1,False
VZIIROIDZAERNQ-UHFFFAOYSA-N,1,6.14874,6.14874,,6.14874,6.14874,0.0,0.0,c1ccc(CN2CCC(CCOc3ccc(-c4ccccc4)nn3)CC2)cc1,False
ZPEZHGZYZCQFAI-UHFFFAOYSA-N,1,6.34199,6.34199,,6.34199,6.34199,0.0,0.0,Nc1c2c(nc3c1CCCO3)CCCC2,False
PWJTVPPFLKWOLF-UHFFFAOYSA-N,1,6.21112,6.21112,,6.21112,6.21112,0.0,0.0,COc1cccc2nc3c(c(N)c12)CCCC3,False
ATHZIFFSGSWIAU-UHFFFAOYSA-N,1,6.92082,6.92082,,6.92082,6.92082,0.0,0.0,c1ccc(CN2CCC(CCNc3cc4c(nn3)-c3ccccc3CCC4)CC2)cc1,False
BXLXHYPSRHQACO-UHFFFAOYSA-N,1,6.47496,6.47496,,6.47496,6.47496,0.0,0.0,Nc1c2c(nc3cccc(F)c13)OCCC2,False
HSSQLNQCMMAAPC-UHFFFAOYSA-N,2,5.878375,5.878375,2.1190222465207866,4.38,7.37675,1.4983750000000002,2.9967500000000005,Nc1c2c(nc3cnccc13)OCCC2,True
BOEAEKKTIXSDNX-UHFFFAOYSA-N,1,6.72125,6.72125,,6.72125,6.72125,0.0,0.0,c1ccc(CN2CCC(CCNc3cc4ccc5ccccc5c4nn3)CC2)cc1,False
BMRFESVZYWRROS-UHFFFAOYSA-N,1,6.4437,6.4437,,6.4437,6.4437,0.0,0.0,Nc1c2c(nc3c1CCCC3)CCCC2,False
VJHVXQDJWJBLLR-UHFFFAOYSA-N,2,6.953725,6.953725,0.07160870373076228,6.90309,7.00436,0.05063500000000021,0.10127000000000042,Cc1cccc2nc3c(c(N)c12)CCCC3,False
INIMHDIZIDCHML-UHFFFAOYSA-N,1,7.13077,7.13077,,7.13077,7.13077,0.0,0.0,c1ccc(CN2CCC(CCN=c3cc4c(n[nH]3)-c3ccccc3C4)CC2)cc1,False
JRBPMDZHWBDEGY-UHFFFAOYSA-N,1,5.00833,5.00833,,5.00833,5.00833,0.0,0.0,Nc1c2c(nc3ccc(Cl)cc13)OCCC2,False
PADRKJUJDBXCPM-UHFFFAOYSA-N,1,7.10791,7.10791,,7.10791,7.10791,0.0,0.0,Nc1c2c(nc3cccc(F)c13)CCCC2,False
ASSJEIIHRYETRS-UHFFFAOYSA-N,1,6.36754,6.36754,,6.36754,6.36754,0.0,0.0,Nc1c2c(nc3ncccc13)CCCC2,False
YLUSMKAJIQOXPV-UHFFFAOYSA-N,1,6.18177,6.18177,,6.18177,6.18177,0.0,0.0,Nc1c2c(nc3c1CCC3)CCCC2,False
AGAAICLBZSPZIQ-UHFFFAOYSA-N,1,6.3279,6.3279,,6.3279,6.3279,0.0,0.0,c1ccc(CN2CCC(CCSc3ccc(-c4ccccc4)nn3)CC2)cc1,False
QUHKAFSPMKOOBV-UHFFFAOYSA-N,1,5.20329,5.20329,,5.20329,5.20329,0.0,0.0,Nc1c2c(nc3ncccc13)OCCC2,False
MEOMOJCPDZXFPY-UHFFFAOYSA-N,1,5.58503,5.58503,,5.58503,5.58503,0.0,0.0,Nc1c2c(nc3cnccc13)CCCC2,False
ZWEQTMLHBVSDBQ-UHFFFAOYSA-N,1,6.21753,6.21753,,6.21753,6.21753,0.0,0.0,COc1cccc2nc3c(c(N)c12)CCCO3,False
AOWLKNQZYMUMEF-UHFFFAOYSA-N,1,6.57512,6.57512,,6.57512,6.57512,0.0,0.0,Nc1c2c(nc3ccccc13)OCCC2,False
WWPRLDLNFHABPS-UHFFFAOYSA-N,2,7.54336,7.54336,0.19009858705419172,7.40894,7.67778,0.13441999999999998,0.26883999999999997,Cc1cc(=NCCC2CCN(Cc3ccccc3)CC2)[nH]nc1-c1ccccc1,False
ALSNDZNRDOKMKL-UHFFFAOYSA-N,2,7.37455,7.37455,0.27448471032099414,7.18046,7.56864,0.1940900000000001,0.3881800000000002,CCc1cc(=NCCC2CCN(Cc3ccccc3)CC2)[nH]nc1-c1ccccc1,False
VXTOUZSUPQQPPE-UHFFFAOYSA-N,1,6.72125,6.72125,,6.72125,6.72125,0.0,0.0,c1ccc(CN2CCC(CCNc3cc4c(nn3)-c3ccccc3CC4)CC2)cc1,False
LQNVTFVXRZCQBF-UHFFFAOYSA-N,1,6.50446,6.50446,,6.50446,6.50446,0.0,0.0,Nc1c2c(nc3cccc(Cl)c13)OCCC2,False
AUOBGKPJAJDIMF-UHFFFAOYSA-N,1,5.95078,5.95078,,5.95078,5.95078,0.0,0.0,Nc1c2c(nc3c1CCCO3)CCC2,False
BDRIZQJMKALXBR-UHFFFAOYSA-N,1,6.82391,6.82391,,6.82391,6.82391,0.0,0.0,Cc1cccc2nc3c(c(N)c12)CCCO3,False
PFXRIYWLSFXQEV-UHFFFAOYSA-N,1,5.0,5.0,,5.0,5.0,0.0,0.0,C=CC[N+](C)(C)c1cccc(OC)c1,False
QILAXHQPGTWYMO-UHFFFAOYSA-O,1,5.0,5.0,,5.0,5.0,0.0,0.0,C=CCC[N+](C)(C)c1ccccc1O,False
VBSOBZRCUHBIDS-UHFFFAOYSA-N,1,5.0,5.0,,5.0,5.0,0.0,0.0,COc1ccc([N+](C)(C)Cc2ccccc2)cc1,False
CNKSWCLSTGWELB-UHFFFAOYSA-O,1,5.0,5.0,,5.0,5.0,0.0,0.0,C[N+](C)(C)Cc1cccc(O)c1,False
IRYUPEYMYZHTOD-UHFFFAOYSA-N,1,5.0,5.0,,5.0,5.0,0.0,0.0,COc1ccc(C(=O)COc2ccc([N+](C)(C)Cc3ccccc3)cc2)cc1OC,False
ZDNNJSHEGAEPON-UHFFFAOYSA-N,1,5.52288,5.52288,,5.52288,5.52288,0.0,0.0,COc1ccc(C(=O)CCc2ccc([N+](C)(C)C)cc2)cc1OC,False
VTNCHRGQONOQRD-UHFFFAOYSA-N,1,5.0,5.0,,5.0,5.0,0.0,0.0,CC(=O)Oc1ccc([N+](C)(C)Cc2ccccc2)cc1,False
KKQISQYDSDXJFV-UHFFFAOYSA-N,1,5.0,5.0,,5.0,5.0,0.0,0.0,C=CC[N+](C)(C)c1ccc(OC(C)=O)cc1,False
NRULYYRPFLUETO-UHFFFAOYSA-O,1,5.0,5.0,,5.0,5.0,0.0,0.0,C[N+](C)(Cc1ccccc1)c1ccccc1O,False
MBRLPTYYECFPNZ-UHFFFAOYSA-O,1,5.0,5.0,,5.0,5.0,0.0,0.0,C=CC[N+](C)(C)Cc1cccc(O)c1,False
HBGHZHNBJXQJGB-UHFFFAOYSA-N,1,5.88606,5.88606,,5.88606,5.88606,0.0,0.0,COc1ccc(C(=O)CCc2ccc([N+](C)(C)Cc3ccccc3)cc2)cc1OC,False
HACXKEPOUOHQGM-UHFFFAOYSA-O,1,5.52288,5.52288,,5.52288,5.52288,0.0,0.0,C=CC[N+](C)(C)c1cccc(O)c1,False
WZXIGBHYDVBXDB-UHFFFAOYSA-N,1,5.0,5.0,,5.0,5.0,0.0,0.0,COc1cccc(C[N+](C)(C)Cc2ccccc2)c1,False
FSXWRQHOTDJPJE-UHFFFAOYSA-N,1,5.0,5.0,,5.0,5.0,0.0,0.0,COc1cccc([N+](C)(C)Cc2ccccc2)c1,False
QVOLLIZMUMRBBN-UHFFFAOYSA-N,1,6.0,6.0,,6.0,6.0,0.0,0.0,C=CC[N+](C)(C)c1cccc(OC(C)=O)c1,False
VFHNTJUHDNGDMG-UHFFFAOYSA-N,1,5.0,5.0,,5.0,5.0,0.0,0.0,COc1cccc(C[N+](C)(C)C)c1,False
LYWUANBXPUDPDN-UHFFFAOYSA-N,1,5.0,5.0,,5.0,5.0,0.0,0.0,COc1ccccc1[N+](C)(C)Cc1ccccc1,False
MLDPWYNAHSSJAE-UHFFFAOYSA-N,1,5.0,5.0,,5.0,5.0,0.0,0.0,C=CC[N+](C)(C)c1ccc(OCC(=O)c2ccc(OC)c(OC)c2)cc1,False
BEAHCIYYNAZUDK-UHFFFAOYSA-N,1,5.98297,5.98297,,5.98297,5.98297,0.0,0.0,COc1ccc(C(=O)CCc2cccc([N+](C)(C)Cc3ccccc3)c2)cc1OC,False
YPKLWXADZUBNNC-UHFFFAOYSA-O,1,5.0,5.0,,5.0,5.0,0.0,0.0,C=C(C)C[N+](C)(C)c1ccccc1O,False
NEZKNCITTRABEA-UHFFFAOYSA-N,1,5.0,5.0,,5.0,5.0,0.0,0.0,C=CC[N+](C)(C)c1ccc(OC)cc1,False
QYXQSGFFDJQHJM-UHFFFAOYSA-N,1,5.0,5.0,,5.0,5.0,0.0,0.0,CC(=O)Oc1ccccc1[N+](C)(C)Cc1ccccc1,False
NBCQROXLJLVMLS-UHFFFAOYSA-O,1,5.73283,5.73283,,5.73283,5.73283,0.0,0.0,C=CC[N+](C)(C)c1ccccc1O,False
LLHDISKIHUGANJ-UHFFFAOYSA-N,1,5.0,5.0,,5.0,5.0,0.0,0.0,COc1ccc(C(=O)COc2cccc([N+](C)(C)C)c2)cc1OC,False
UPHRCMQUKNHOJI-UHFFFAOYSA-N,1,6.48149,6.48149,,6.48149,6.48149,0.0,0.0,COc1ccc(C(=O)COc2cccc([N+](C)(C)Cc3ccccc3)c2)cc1OC,False
HMUFMSPOHFBFEH-UHFFFAOYSA-N,1,5.0,5.0,,5.0,5.0,0.0,0.0,C=CC[N+](C)(C)Cc1cccc(OC)c1,False
MEQUBYPDGUNQLC-UHFFFAOYSA-O,1,5.0,5.0,,5.0,5.0,0.0,0.0,C[N+](C)(Cc1ccccc1)Cc1cccc(O)c1,False
JKKAWBRGAOZJBD-UHFFFAOYSA-N,1,5.0,5.0,,5.0,5.0,0.0,0.0,COc1ccc(C(=O)COc2ccc([N+](C)(C)C)cc2)cc1OC,False
JKLVNYTUYUZKBJ-UHFFFAOYSA-N,1,5.0,5.0,,5.0,5.0,0.0,0.0,C=C(C)C[N+](C)(C)c1ccccc1OC,False
VRYWRWHOJRGRJA-UHFFFAOYSA-N,1,5.0,5.0,,5.0,5.0,0.0,0.0,C=C(C)C[N+](C)(C)c1cccc(OC)c1,False
UFNPZGQWCLOCGU-UHFFFAOYSA-O,1,5.0,5.0,,5.0,5.0,0.0,0.0,C[N+](C)(Cc1ccccc1)c1ccc(O)cc1,False
ALIUCTAJBRBKRF-UHFFFAOYSA-N,1,5.0,5.0,,5.0,5.0,0.0,0.0,CC(=O)Oc1cccc([N+](C)(C)Cc2ccccc2)c1,False
VWLHWLSRQJQWRG-UHFFFAOYSA-O,5,6.10791,5.959344,0.6018453722344302,5.28651,6.69897,0.5910599999999997,1.4124600000000003,CC[N+](C)(C)c1cccc(O)c1,False
NPKZOJFDTGHDKU-UHFFFAOYSA-O,1,5.0,5.0,,5.0,5.0,0.0,0.0,C=CC[N+](C)(C)c1ccc(O)cc1,False
FRIKSJMNMRNNFG-UHFFFAOYSA-N,1,6.0,6.0,,6.0,6.0,0.0,0.0,C=CC[N+](C)(C)c1ccccc1OC,False
YSZLXUXTOGPYQX-UHFFFAOYSA-O,1,5.0,5.0,,5.0,5.0,0.0,0.0,C=C(C)C[N+](C)(C)c1cccc(O)c1,False
OJUCINSDRBBZBC-UHFFFAOYSA-N,1,5.0,5.0,,5.0,5.0,0.0,0.0,COc1ccc(C(=O)CCc2cccc([N+](C)(C)C)c2)cc1OC,False
HTWSUDLCHXLIQP-UHFFFAOYSA-O,1,5.0,5.0,,5.0,5.0,0.0,0.0,C[N+](C)(Cc1ccccc1)c1cccc(O)c1,False
QJTLYIDDIYBSBP-UHFFFAOYSA-O,1,5.0,5.0,,5.0,5.0,0.0,0.0,C=C(C)C[N+](C)(C)c1ccc(O)cc1,False
VSHOGRNAHIXNQF-XVYJZYCRSA-N,1,4.0,4.0,,4.0,4.0,0.0,0.0,C[C@@H]1C(=O)N(C(=O)C2CC2)[C@H]2CCN(C(=O)[C@@H]3CCCN3S(=O)(=O)c3cccc4c(N(C)C)cccc34)[C@H]12,False
DWMBEPKCENULIA-OCCSQVGLSA-N,2,7.658025,7.658025,0.027937788924680445,7.63827,7.67778,0.019754999999999967,0.039509999999999934,CNC(=O)Oc1ccc2c(c1)[C@]1(C)CCN[C@@H]1N2C,False
SUYCPJVAABOKNP-UNMCSNQZSA-N,2,6.740745,6.740745,0.11761307091475835,6.65758,6.82391,0.08316499999999971,0.16632999999999942,CNC(=O)Oc1ccc2c(c1)[C@]1(C)CCN(CCc3ccccc3)[C@@H]1N2C,False
FYXWOKCKADGGGY-CTNGQTDRSA-N,2,6.5471,6.5471,0.12893385048155503,6.45593,6.63827,0.09116999999999997,0.18233999999999995,COc1ccc(NC(=O)Oc2ccc3c(c2)[C@]2(C)CCN(C)[C@@H]2N3C)cc1,False
VSPVCSDDENDBFH-IRLDBZIGSA-N,2,7.809895,7.809895,0.019820203076658455,7.79588,7.82391,0.014014999999999667,0.028029999999999333,CCCCCCCCNC(=O)Oc1ccc2c(c1)[C@]1(C)CCN(C)[C@@H]1N2C,False
MOWNWNJDPZIOOR-IDOMGHHASA-N,1,4.0,4.0,,4.0,4.0,0.0,0.0,CC(=O)N1C(=O)[C@@H](C)[C@@H]2[C@@H]1CCN2C(=O)[C@@H]1CCCN1S(=O)(=O)c1cccc2c(N(C)C)cccc12,False
GVJXSDRIRBRKBI-FPOVZHCZSA-N,3,6.48149,6.342216666666666,0.4645993595920398,5.82391,6.72125,0.23976000000000042,0.8973400000000007,CNC(=O)Oc1ccc2c(c1)[C@]1(C)CCN(Cc3ccccc3)[C@@H]1N2C,False
AKAKQLGKPNQEPO-RDJZCZTQSA-N,2,7.42082,7.42082,0.10469423002247966,7.34679,7.49485,0.0740299999999996,0.1480599999999992,C=CCN1CC[C@@]2(C)c3cc(OC(=O)NC)ccc3N(C)[C@@H]12,False
AFSDRTXSPIZEMA-QAPCUYQASA-N,2,4.56656,4.56656,0.1014132545577752,4.49485,4.63827,0.07171000000000038,0.14342000000000077,CN1CC[C@@]2(C)c3cc(OC(=O)NC(C)(C)C)ccc3N(C)[C@@H]12,False
IUHMWLMDASQDJQ-ZBFHGGJFSA-N,2,6.59321,6.59321,0.11960004096989302,6.50864,6.67778,0.08457000000000026,0.1691400000000005,CN(C)C(=O)Oc1ccc2c(c1)[C@]1(C)CCN(C)[C@@H]1N2C,False
PBHFNBQPZCRWQP-QUCCMNQESA-N,6,7.61979,7.304253333333333,0.7382494093913431,5.80688,7.67778,0.04789000000000021,1.8709000000000007,CN1CC[C@@]2(C)c3cc(OC(=O)Nc4ccccc4)ccc3N(C)[C@@H]12,False
OBHSFBJNFZFDSD-JJIBRWJFSA-N,1,4.1549,4.1549,,4.1549,4.1549,0.0,0.0,COc1ccc(C(=O)n2cc(/C=C3\CN(Cc4ccccc4)CCC3=O)c3ccccc32)cc1,False
GICNVXMIHVLYFU-LTGZKZEYSA-N,1,4.52288,4.52288,,4.52288,4.52288,0.0,0.0,O=C1CCN(Cc2ccccc2)C/C1=C\c1cccn1C(=O)c1ccccc1,False
AYHVDRSESBJBFY-KLCVKJMQSA-N,1,4.74473,4.74473,,4.74473,4.74473,0.0,0.0,O=C1/C(=C/c2ccc[nH]2)CN(Cc2ccccc2)C/C1=C\c1ccc[nH]1,False
RWIYQHBETNJUES-PCLIKHOPSA-N,1,4.69897,4.69897,,4.69897,4.69897,0.0,0.0,N#Cc1ccc(C(=O)n2cc(/C=C3\CN(Cc4ccccc4)CCC3=O)c3ccccc32)cc1,False
ACFCLLGSDFAVEQ-CLVAPQHMSA-N,1,5.22185,5.22185,,5.22185,5.22185,0.0,0.0,O=C1/C(=C/c2cc[nH]c2)CN(Cc2ccccc2)C/C1=C\c1cc[nH]c1,False
XEJXROYAXRNSCE-BUVRLJJBSA-N,1,4.60206,4.60206,,4.60206,4.60206,0.0,0.0,O=C1CCN(Cc2ccccc2)C/C1=C\c1c[nH]c2ccc(OCc3ccccc3)cc12,False
DHIAFLWIGSUHJU-XQNSMLJCSA-N,1,4.30103,4.30103,,4.30103,4.30103,0.0,0.0,O=C1CCN(Cc2ccccc2)C/C1=C\c1cn(C(=O)c2ccc(Cl)cc2)c2ccccc12,False
KVCAEQYWDREIQG-XQNSMLJCSA-N,1,4.30103,4.30103,,4.30103,4.30103,0.0,0.0,O=C1CCN(Cc2ccccc2)C/C1=C\c1cn(C(=O)c2ccc([N+](=O)[O-])cc2)c2ccccc12,False
MYHFJXQJXDZOAD-UHFFFAOYSA-N,1,5.48149,5.48149,,5.48149,5.48149,0.0,0.0,CN1CCC(C2Cc3ccccc3C2=O)CC1,False
HTZSGCWCLYKYAG-UHFFFAOYSA-N,1,8.82391,8.82391,,8.82391,8.82391,0.0,0.0,CN1CCC(CCCC2Cc3ccccc3C2=O)CC1,False
AICOROYUBQVFMY-WOJGMQOQSA-N,1,5.22185,5.22185,,5.22185,5.22185,0.0,0.0,COc1ccc2[nH]cc(/C=C3\CN(Cc4ccccc4)CCC3=O)c2c1,False
GLEONCLZLVCZNV-XQNSMLJCSA-N,1,4.22185,4.22185,,4.22185,4.22185,0.0,0.0,O=C1CCN(Cc2ccccc2)C/C1=C\c1cn(C(=O)c2ccc(F)cc2)c2ccccc12,False
HTVCHSRDDQXBHC-LFVJCYFKSA-N,1,4.09691,4.09691,,4.09691,4.09691,0.0,0.0,COc1ccc2c(c1)c(/C=C1\CN(Cc3ccccc3)CCC1=O)cn2C(=O)c1ccccc1,False
FSAYOXINKIQNEK-RCCKNPSSSA-N,1,4.52288,4.52288,,4.52288,4.52288,0.0,0.0,CC(C)(C)OC(=O)n1cc(/C=C2\CN(Cc3ccccc3)CCC2=O)c2ccccc21,False
SEXWEUPATCACQF-UHFFFAOYSA-N,1,7.02687,7.02687,,7.02687,7.02687,0.0,0.0,CN1CCN(CC2Cc3ccccc3C2=O)CC1,False
BKHHGOOGUZLGME-DEDYPNTBSA-N,1,4.95861,4.95861,,4.95861,4.95861,0.0,0.0,CC(=O)n1cc(/C=C2\CN(Cc3ccccc3)CCC2=O)c2ccccc21,False
ZJGIOIRWZBZLEU-UHFFFAOYSA-N,1,6.65758,6.65758,,6.65758,6.65758,0.0,0.0,CC1CCN(Cc2cccc3ccccc23)CC1,False
BPVUQMXHSAOCEZ-CQSZACIVSA-N,1,8.27572,8.27572,,8.27572,8.27572,0.0,0.0,CN1CCC(C[C@@H]2Cc3ccccc3C2=O)CC1,False
LHRNGCMLMUPFHM-UHFFFAOYSA-N,1,5.35655,5.35655,,5.35655,5.35655,0.0,0.0,CN1CCC(CC2=Cc3ccccc3C2)CC1,False
OMPBSOCJDMTCKX-FRKPEAEDSA-N,1,9.08619,9.08619,,9.08619,9.08619,0.0,0.0,CN1CCC(CC/C=C2\Cc3ccccc3C2=O)CC1,False
PWZKIZAHIAGUMK-UHFFFAOYSA-N,1,8.27572,8.27572,,8.27572,8.27572,0.0,0.0,CC1CCN(Cc2ccccc2)CC1,False
UFVSZGMSRVAKDE-RVDMUPIBSA-N,1,4.95861,4.95861,,4.95861,4.95861,0.0,0.0,O=C1CCN(Cc2ccccc2)C/C1=C\c1ccc[nH]1,False
IDQYBUNFPWIBCD-PXLXIMEGSA-N,1,4.52288,4.52288,,4.52288,4.52288,0.0,0.0,O=C1CCN(Cc2ccccc2)C/C1=C\c1ccn(C(=O)c2ccccc2)c1,False
BAXKIBHBAJDALN-UHFFFAOYSA-N,1,5.0,5.0,,5.0,5.0,0.0,0.0,CC1CCN(C(=O)c2ccccc2)CC1,False
VOQCKSNAVPGHAM-JJIBRWJFSA-N,1,4.1549,4.1549,,4.1549,4.1549,0.0,0.0,O=C1CCN(Cc2ccccc2)C/C1=C\c1cn(C(=O)c2ccccc2)c2ccccc12,False
KMRNXXRTDCMBEZ-PSRLSNJGSA-N,1,8.52288,8.52288,,8.52288,8.52288,0.0,0.0,CN1CCC(/C=C/C=C2\Cc3ccccc3C2=O)CC1,False
ZUBDLZIJXZLHIZ-UHFFFAOYSA-N,1,6.79588,6.79588,,6.79588,6.79588,0.0,0.0,CC1CCN(Cc2ccccc2[N+](=O)[O-])CC1,False
ZZVUSNFNVDNFCQ-LICLKQGHSA-N,1,4.52288,4.52288,,4.52288,4.52288,0.0,0.0,Cc1[nH]c(C)c(/C=C2\CN(Cc3ccccc3)CCC2=O)c1C=O,False
YNIWJICOZIEUOZ-UHFFFAOYSA-N,1,8.0,8.0,,8.0,8.0,0.0,0.0,Cc1ccccc1CN1CCC(C)CC1,False
BKRYAPWEMVBTBQ-UHFFFAOYSA-N,1,8.05061,8.05061,,8.05061,8.05061,0.0,0.0,CC1CCN(CC2CCCCC2)CC1,False
FBFCEJZVMXVAGL-UHFFFAOYSA-N,1,6.31876,6.31876,,6.31876,6.31876,0.0,0.0,CC1CCN(CC2Cc3ccccc3C2=O)CC1,False
HRWOMUZLXQICPU-UHFFFAOYSA-N,1,6.74473,6.74473,,6.74473,6.74473,0.0,0.0,CC1CCN(CCc2ccccc2)CC1,False
BPVUQMXHSAOCEZ-AWEZNQCLSA-N,1,8.11351,8.11351,,8.11351,8.11351,0.0,0.0,CN1CCC(C[C@H]2Cc3ccccc3C2=O)CC1,False
ZPMXWGBWYLLQKG-LDADJPATSA-N,1,5.09691,5.09691,,5.09691,5.09691,0.0,0.0,O=C1CCN(Cc2ccccc2)C/C1=C\c1c[nH]c2ccccc12,False
FIPWUGMAEWWECL-UHFFFAOYSA-N,1,5.92082,5.92082,,5.92082,5.92082,0.0,0.0,CN1CCC(=C2Cc3ccccc3C2=O)CC1,False
MIHMYFUMLOHLIM-UHFFFAOYSA-N,1,5.5376,5.5376,,5.5376,5.5376,0.0,0.0,CC1CCN(Cc2ccc3ccccc3c2)CC1,False
QAHOXZJCERSFGV-UHFFFAOYSA-N,1,9.04576,9.04576,,9.04576,9.04576,0.0,0.0,CN1CCC(CCN2C(=O)c3ccccc3C2=O)CC1,False
XGOMQTZAPRJNJX-UHFFFAOYSA-N,1,8.37675,8.37675,,8.37675,8.37675,0.0,0.0,CN1CCC(CCC2C(=O)Nc3ccccc3C2=O)CC1,False
KABALLAVIAZSJI-GXDHUFHOSA-N,1,8.07572,8.07572,,8.07572,8.07572,0.0,0.0,CN1CCC(/C=C2\Cc3ccccc3C2=O)CC1,False
BTKLXNPLNYFENL-MHWRWJLKSA-N,1,5.22185,5.22185,,5.22185,5.22185,0.0,0.0,O=C1CCN(Cc2ccccc2)C/C1=C\c1cc[nH]c1,False
AGGJZIDVFGCZJK-KOEQRZSOSA-N,1,4.0,4.0,,4.0,4.0,0.0,0.0,O=C1CCN(Cc2ccccc2)C/C1=C\c1cn(Cc2ccccc2)c2ccccc12,False
SQNCNIUGPOSVQF-UHFFFAOYSA-N,2,6.081145,6.081145,0.07018034803276457,6.03152,6.13077,0.04962499999999981,0.09924999999999962,CN(CCCCCNc1ccc(-c2ccccc2)nn1)Cc1ccccc1,False
HSSFUESYZZQIIN-CTNGQTDRSA-N,1,6.85387,6.85387,,6.85387,6.85387,0.0,0.0,Cc1ccc(NC(=O)Oc2ccc3c(c2)[C@]2(C)CCN(C)[C@@H]2N3C)cc1,False
GYPZKPCPQHCARI-VWNXMTODSA-N,2,5.99253,5.99253,0.23846469088735128,5.82391,6.16115,0.16862000000000021,0.33724000000000043,CCc1cccc(CC)c1NC(=O)Oc1ccc2c(c1)[C@]1(C)CCN(C)[C@@H]1N2C,False
LZCXRMUTKSVDOD-GGAORHGYSA-N,1,7.82391,7.82391,,7.82391,7.82391,0.0,0.0,CC(C)c1ccccc1NC(=O)Oc1ccc2c(c1)[C@]1(C)CCN(C)[C@@H]1N2C,False
SKPQWJYRAXPOCN-IRLDBZIGSA-N,1,6.10513,6.10513,,6.10513,6.10513,0.0,0.0,Cc1cccc(C)c1NC(=O)Oc1ccc2c(c1)[C@]1(C)CCN(C)[C@@H]1N2C,False
NRKKZJALIFDZIJ-IRLDBZIGSA-N,2,8.0,8.0,0.0,8.0,8.0,0.0,0.0,CCc1ccccc1NC(=O)Oc1ccc2c(c1)[C@]1(C)CCN(C)[C@@H]1N2C,False
MMFNDUBHUKJLAW-IRLDBZIGSA-N,1,7.10791,7.10791,,7.10791,7.10791,0.0,0.0,Cc1cc(C)cc(NC(=O)Oc2ccc3c(c2)[C@]2(C)CCN(C)[C@@H]2N3C)c1,False
ZNARRZNSRNXCPB-ZHACJKMWSA-N,1,6.67801,6.67801,,6.67801,6.67801,0.0,0.0,C(=C\C1CCN(Cc2ccccc2)CC1)/c1noc2ccccc12,False
PQDJUEVCRHUXJT-CTNGQTDRSA-N,1,7.55284,7.55284,,7.55284,7.55284,0.0,0.0,Cc1cccc(NC(=O)Oc2ccc3c(c2)[C@]2(C)CCN(C)[C@@H]2N3C)c1,False
DVLMIYJJISHOPY-UHFFFAOYSA-N,1,4.3279,4.3279,,4.3279,4.3279,0.0,0.0,c1ccc(-c2ccc(NCCCCCN3CCc4ccccc4C3)nn2)cc1,False
UHTNKHARCXSTEU-IRLDBZIGSA-N,1,7.63827,7.63827,,7.63827,7.63827,0.0,0.0,Cc1cccc(NC(=O)Oc2ccc3c(c2)[C@]2(C)CCN(C)[C@@H]2N3C)c1C,False
JETPGMSWLKMQAI-CTNGQTDRSA-N,2,6.353155,6.353155,0.27153607504344607,6.16115,6.54516,0.19200499999999998,0.38400999999999996,CN(C(=O)Oc1ccc2c(c1)[C@]1(C)CCN(C)[C@@H]1N2C)c1ccccc1,False
LWKZVVXKVJQNHR-ZBFHGGJFSA-N,1,5.0,5.0,,5.0,5.0,0.0,0.0,CNC(=O)Oc1cc2c(cc1C)N(C)[C@H]1N(C)CC[C@@]21C,False
CVZBWJAXPTZWBP-IRLDBZIGSA-N,1,7.58503,7.58503,,7.58503,7.58503,0.0,0.0,Cc1ccc(C)c(NC(=O)Oc2ccc3c(c2)[C@]2(C)CCN(C)[C@@H]2N3C)c1,False
RQHQYLYBYIHRCT-IRLDBZIGSA-N,1,7.85387,7.85387,,7.85387,7.85387,0.0,0.0,Cc1ccc(NC(=O)Oc2ccc3c(c2)[C@]2(C)CCN(C)[C@@H]2N3C)c(C)c1,False
HBELXDSVRMNXTN-GGAORHGYSA-N,1,5.88606,5.88606,,5.88606,5.88606,0.0,0.0,Cc1cc(C)c(NC(=O)Oc2ccc3c(c2)[C@]2(C)CCN(C)[C@@H]2N3C)c(C)c1,False
ZNMNCVVGCVWVBQ-IRLDBZIGSA-N,1,7.50864,7.50864,,7.50864,7.50864,0.0,0.0,Cc1ccc(NC(=O)Oc2ccc3c(c2)[C@]2(C)CCN(C)[C@@H]2N3C)cc1C,False
XXRVJIACNHMGJG-CTNGQTDRSA-N,1,6.58503,6.58503,,6.58503,6.58503,0.0,0.0,Cc1cc2c(cc1OC(=O)Nc1ccccc1)[C@]1(C)CCN(C)[C@@H]1N2C,False
CBXFNMRCSJBKBI-GGAORHGYSA-N,2,5.85487,5.85487,0.3575273307035424,5.60206,6.10768,0.2528100000000002,0.5056200000000004,CN(C)Cc1cc2c(cc1OC(=O)Nc1ccccc1)[C@]1(C)CCN(C)[C@@H]1N2C,False
NKJRRVBTMYRXRB-GGAORHGYSA-N,4,6.5389,6.624505,0.5999996458610071,6.11919,7.30103,0.41971000000000025,1.1818400000000002,CC(C)c1ccc(NC(=O)Oc2ccc3c(c2)[C@]2(C)CCN(C)[C@@H]2N3C)cc1,False
JGAGHIIOCADQOV-CTNGQTDRSA-N,3,8.0,7.799313333333333,0.34759950306830584,7.39794,8.0,0.0,0.6020599999999998,Cc1ccccc1NC(=O)Oc1ccc2c(c1)[C@]1(C)CCN(C)[C@@H]1N2C,False
PHORSJQGLQBIOY-UHFFFAOYSA-N,2,6.887345,6.887345,0.04734079900043956,6.85387,6.92082,0.033475000000000144,0.06695000000000029,c1ccc(CN2CCC(CCNc3ccc(-c4ccccc4)nn3)CC2)cc1,False
UBWZQILFMCCHFE-CTNGQTDRSA-N,2,7.522880000000001,7.522880000000001,0.2490288661982784,7.34679,7.69897,0.17608999999999986,0.3521799999999997,CCCCCCNC(=O)Oc1ccc2c(c1)[C@]1(C)CCN(CC)[C@@H]1C2,False
UBWZQILFMCCHFE-PZJWPPBQSA-N,1,6.63264,6.63264,,6.63264,6.63264,0.0,0.0,CCCCCCNC(=O)Oc1ccc2c(c1)[C@@]1(C)CCN(CC)[C@H]1C2,False
CWDMLSUBWFNYMH-DAFXYXGESA-N,1,6.81816,6.81816,,6.81816,6.81816,0.0,0.0,CCCCNC(=O)Oc1ccc2c(c1)[C@]1(C)CCN(C)C1N2C,False
UBUVSWQRLSPXCW-LWKPJOBUSA-N,1,4.45593,4.45593,,4.45593,4.45593,0.0,0.0,CC(C)NC(=O)Oc1ccc2c(c1)[C@]1(C)CCN(C)C1N2C,False
OSPTZMBDYKZRKQ-DAFXYXGESA-N,1,4.39794,4.39794,,4.39794,4.39794,0.0,0.0,CCN(CC)C(=O)Oc1ccc2c(c1)[C@]1(C)CCN(C)C1N2C,False
YFILXGYPMFAIER-AKRCKQFNSA-N,1,5.20066,5.20066,,5.20066,5.20066,0.0,0.0,CN(C(=O)NCc1ccccc1)C(=O)Oc1ccc2c(c1)[C@]1(C)CCN(C)C1N2C,False
TZWAHCVRZYUKJR-QWAKEFERSA-N,1,6.33724,6.33724,,6.33724,6.33724,0.0,0.0,CN1CC[C@@]2(C)c3cc(OC(=O)NCc4ccccc4)ccc3N(C)C12,False
HJQWOPNMCWHTII-OIBOYYEISA-N,1,7.46852,7.46852,,7.46852,7.46852,0.0,0.0,CNC(=O)Oc1ccc2c(c1)[C@]1(C)CC[N+](C)(C)C1N2C.COS(=O)(=O)[O-],False
FAEIGAUSWCZPCA-IJHRGXPZSA-N,1,5.74473,5.74473,,5.74473,5.74473,0.0,0.0,CN1CC[C@@]2(C)c3cc(OC(=O)Nc4ccc(Cl)cc4)ccc3N(C)C12,False
PBHFNBQPZCRWQP-IJHRGXPZSA-N,3,7.61979,7.244433333333333,0.6831252820920429,6.45593,7.65758,0.03779000000000021,1.2016499999999999,CN1CC[C@@]2(C)c3cc(OC(=O)Nc4ccccc4)ccc3N(C)C12,False
IUHMWLMDASQDJQ-WMCAAGNKSA-N,1,6.01323,6.01323,,6.01323,6.01323,0.0,0.0,CN(C)C(=O)Oc1ccc2c(c1)[C@]1(C)CCN(C)C1N2C,False
VSPVCSDDENDBFH-IAXKEJLGSA-N,1,6.95861,6.95861,,6.95861,6.95861,0.0,0.0,CCCCCCCCNC(=O)Oc1ccc2c(c1)[C@]1(C)CCN(C)C1N2C,False
ZAEXMNKDGJNLTA-UHFFFAOYSA-N,3,7.74473,7.788173333333333,0.2894703829985601,7.52288,8.09691,0.22184999999999988,0.5740299999999996,C=CC[N+](C)(C)c1ccc(CCC(=O)CCc2ccc([N+](C)(C)CC=C)cc2)cc1,False
FYXWOKCKADGGGY-QWAKEFERSA-N,1,5.76955,5.76955,,5.76955,5.76955,0.0,0.0,COc1ccc(NC(=O)Oc2ccc3c(c2)[C@]2(C)CCN(C)C2N3C)cc1,False
XRFFIVNZOJUHBC-UHFFFAOYSA-N,2,7.93181,7.93181,0.0,7.93181,7.93181,0.0,0.0,CNC(=O)Oc1cccc(CN(C)CCCCCCCCCOc2ccc3c(=O)c4ccccc4oc3c2)c1,False
GUFZMXQAUJGGTP-UHFFFAOYSA-N,1,7.90658,7.90658,,7.90658,7.90658,0.0,0.0,CNC(=O)Oc1ccc2c(c1)CN(CCCOc1ccc3c(=O)c4ccccc4oc3c1)CC2,False
YITSBGUNCGEFBD-UHFFFAOYSA-N,1,7.56225,7.56225,,7.56225,7.56225,0.0,0.0,CN(CCCOc1ccc2c(=O)c3ccccc3oc2c1)Cc1cccc(OC(=O)NCCCCCCCCN2CCOCC2)c1,False
DNSUFPJFKSCBRT-UHFFFAOYSA-N,1,9.52288,9.52288,,9.52288,9.52288,0.0,0.0,CNC(=O)Oc1cccc(CN(C)CCCOc2ccc3c(=O)c4ccccc4oc3c2)c1,False
NWPIUZHAZCZQMX-UHFFFAOYSA-N,2,8.26761,8.26761,0.0,8.26761,8.26761,0.0,0.0,CNC(=O)Oc1cccc(CN(C)CCCOc2ccc(C(=O)c3ccccc3)cc2)c1,False
ZCJVEAQKQPJJOE-UHFFFAOYSA-N,1,8.85387,8.85387,,8.85387,8.85387,0.0,0.0,CNC(=O)Oc1cccc(CN(C)CCCCCCOc2ccc3c(=O)c4ccccc4oc3c2)c1,False
HWJZJOWEFUMSJX-UHFFFAOYSA-N,2,7.08302,7.08302,0.0,7.08302,7.08302,0.0,0.0,CNC(=O)Oc1cccc(CN(C)CCCOc2ccc3ccccc3c2)c1,False
GJGXTGDTRQMKRF-UHFFFAOYSA-N,2,7.79187,7.79187,0.3659136171284152,7.53313,8.05061,0.2587400000000004,0.5174800000000008,CN(CCCOc1ccc2c(=O)c3ccccc3oc2c1)Cc1cccc(OC(=O)NCCCCCCCCCN2CCOCC2)c1,False
SUHPILVZBHLWBS-UHFFFAOYSA-N,2,8.16749,8.16749,0.0,8.16749,8.16749,0.0,0.0,CNC(=O)Oc1cccc(CN(C)CCCCCCCCOc2ccc3c(=O)c4ccccc4oc3c2)c1,False
HZBWHMWKDXVMMX-UHFFFAOYSA-N,1,7.67572,7.67572,,7.67572,7.67572,0.0,0.0,CN(CCCOc1ccc2c(=O)c3ccccc3oc2c1)Cc1cccc(OC(=O)NCCCCCCN2CCOCC2)c1,False
XRABKTHZTSLCHJ-UHFFFAOYSA-N,1,7.6073,7.6073,,7.6073,7.6073,0.0,0.0,CNC(=O)Oc1cccc(CN(C)CCCOc2cccc(Cc3ccccc3)c2)c1,False
QKVHGMOFMMASRA-UHFFFAOYSA-N,3,7.28735,7.759016666666667,1.5546228106307116,6.49485,9.49485,0.7925000000000004,3.0,CNC(=O)Oc1cccc(CN(C)CCCCCCCOc2ccc3c(=O)c4ccccc4oc3c2)c1,False
RCYBYSAMEBZDEK-UHFFFAOYSA-N,1,7.26281,7.26281,,7.26281,7.26281,0.0,0.0,CNC(=O)Oc1cccc(CN(C)CCCOc2ccc(-c3ccccc3)cc2)c1,False
NSHKRWLPXPEHTJ-UHFFFAOYSA-N,1,7.5817,7.5817,,7.5817,7.5817,0.0,0.0,CN(CCCOc1ccc2c(=O)c3ccccc3oc2c1)Cc1cccc(OC(=O)NCCCCCCCN2CCOCC2)c1,False
WHEABQVTGKWYIA-UHFFFAOYSA-N,2,7.09909,7.09909,0.0,7.09909,7.09909,0.0,0.0,CNC(=O)Oc1cccc(CN(C)CCCOc2ccccc2)c1,False
ZMBXOOLDCNMQRK-UHFFFAOYSA-N,2,6.67778,6.67778,0.0,6.67778,6.67778,0.0,0.0,CNC(=O)Oc1cccc(CN(C)CC#CCOc2ccc3c(=O)c4ccccc4oc3c2)c1,False
SKHRLUFWHGAOII-UHFFFAOYSA-N,2,7.66154,7.66154,0.0,7.66154,7.66154,0.0,0.0,CNC(=O)Oc1cccc(CN(C)CCCCCCCCCCOc2ccc3c(=O)c4ccccc4oc3c2)c1,False
AGMUUBYEBVEYGU-NNBQYGFHSA-N,1,7.38934,7.38934,,7.38934,7.38934,0.0,0.0,CN1CC[C@@]2(C)c3cc(OC(=O)Nc4ccccc4)ccc3NC12,False
BLIZSWJUMPREPD-WUJWULDRSA-N,1,6.41173,6.41173,,6.41173,6.41173,0.0,0.0,CNC(=O)Oc1ccc2c(c1)[C@]1(C)CCN(C)C1N2C=O,False
XFHXQJANHQMYQR-UHFFFAOYSA-N,1,7.25003,7.25003,,7.25003,7.25003,0.0,0.0,CCN(CCCCCC(=O)N(C)CCCCCCCCN(C)C(=O)CCCCCN(CC)Cc1ccccc1C)Cc1ccccc1C,False
BEWOOQVZCJXCHR-UHFFFAOYSA-N,1,7.70997,7.70997,,7.70997,7.70997,0.0,0.0,CC[N+](C)(CCCCCC(=O)N(C)CCCCCCCCN(C)C(=O)CCCCC[N+](C)(CC)Cc1ccccc1Cl)Cc1ccccc1Cl,False
ZWGYIQCSZDFZQV-UHFFFAOYSA-N,1,8.09002,8.09002,,8.09002,8.09002,0.0,0.0,CC[N+](C)(CCCCCC(=O)N(CCCCCCCCN(C(=O)CCCCC[N+](C)(CC)Cc1ccccc1OC)C(C)C)C(C)C)Cc1ccccc1OC,False
UUQLGETXWSEMFB-JKGBFCRXSA-N,1,6.6103,6.6103,,6.6103,6.6103,0.0,0.0,CN1CC[C@@]2(C)c3cc(OC(=O)Nc4ccccc4)ccc3N(Cc3ccccc3)C12,False
LHOGDRUXAOULLD-UHFFFAOYSA-N,1,5.24,5.24,,5.24,5.24,0.0,0.0,COc1ccc(CN(C)CCCCCC(=O)N(C)CCCCCCCCN(C)C(=O)CCCCCN(C)Cc2ccc(OC)cc2)cc1,False
UUQLGETXWSEMFB-JUERFOTFSA-N,1,4.94989,4.94989,,4.94989,4.94989,0.0,0.0,CN1CC[C@]2(C)c3cc(OC(=O)Nc4ccccc4)ccc3N(Cc3ccccc3)C12,False
MFSFKJAYNZMHEN-VGAJERRHSA-N,1,5.54554,5.54554,,5.54554,5.54554,0.0,0.0,CNC(=O)Oc1ccc2c(c1)[C@@]1(C)CCN(C)C1N2Cc1ccccc1,False
DSJSKPAKOSGGPL-UHFFFAOYSA-N,1,7.73993,7.73993,,7.73993,7.73993,0.0,0.0,CCN(CCCCCC(=O)N(CCCCCCCCN(C(=O)CCCCCN(CC)Cc1ccccc1OC)C(C)C)C(C)C)Cc1ccccc1OC,False
NDAKSRSNKJZZLT-UHFFFAOYSA-N,4,7.90503,7.9025575,0.009589234849559177,7.89008,7.91009,0.0050600000000002865,0.020010000000000083,CC[N+](C)(CCCCCC(=O)N(C)CCCCCCCCN(C)C(=O)CCCCC[N+](C)(CC)Cc1ccccc1[N+](=O)[O-])Cc1ccccc1[N+](=O)[O-],False
HCMYZQSCTADARC-UHFFFAOYSA-N,1,7.14002,7.14002,,7.14002,7.14002,0.0,0.0,COc1ccccc1CN(CCCCCC(=O)N(C)CCCCCCCCN(C)C(=O)CCCCCN(Cc1ccccc1OC)C(C)C)C(C)C,False
MFSFKJAYNZMHEN-QWAKEFERSA-N,1,6.79371,6.79371,,6.79371,6.79371,0.0,0.0,CNC(=O)Oc1ccc2c(c1)[C@]1(C)CCN(C)C1N2Cc1ccccc1,False
ZOHUWMTXULYLTQ-UHFFFAOYSA-N,1,6.17,6.17,,6.17,6.17,0.0,0.0,COc1cccc(CN(C)CCCCCC(=O)N(C)CCCCCCCCN(C)C(=O)CCCCCN(C)Cc2cccc(OC)c2)c1,False
KHBDHGUQOPEDSD-UHFFFAOYSA-N,1,7.92996,7.92996,,7.92996,7.92996,0.0,0.0,CC[N+](C)(CCCCCC(=O)N(C)CCCCCCCCN(C)C(=O)CCCCC[N+](C)(CC)Cc1ccccc1C(F)(F)F)Cc1ccccc1C(F)(F)F,False
HWVIRUSPVVRQOV-UHFFFAOYSA-N,4,6.600009999999999,6.6975025,0.7080666754091737,6.1,7.48999,0.5000100000000001,1.38999,CCN(CCCCCC(=O)N(C)CCCCCCCCN(C)C(=O)CCCCCN(CC)Cc1ccccc1[N+](=O)[O-])Cc1ccccc1[N+](=O)[O-],False
CIZMEDUDJZCVBY-UHFFFAOYSA-N,1,7.43004,7.43004,,7.43004,7.43004,0.0,0.0,CC[N+](C)(CCCCCC(=O)N(C)CCCCCCCCN(C)C(=O)CCCCC[N+](C)(CC)Cc1ccccc1)Cc1ccccc1,False
LXMBFDTVWSEIPZ-UHFFFAOYSA-N,1,7.75995,7.75995,,7.75995,7.75995,0.0,0.0,CCCOc1ccccc1C[N+](C)(CC)CCCCCC(=O)N(C)CCCCCCCCN(C)C(=O)CCCCC[N+](C)(CC)Cc1ccccc1OCCC,False
DZYFZMCXVUMBKW-UHFFFAOYSA-N,1,7.77989,7.77989,,7.77989,7.77989,0.0,0.0,CC[N+](C)(CCCCCC(=O)N(C)CCCCCCCCN(C)C(=O)CCCCC[N+](C)(CC)Cc1ccccc1C)Cc1ccccc1C,False
ICLMGHKDENGQSK-UHFFFAOYSA-N,1,7.47006,7.47006,,7.47006,7.47006,0.0,0.0,CCCOc1ccccc1CN(CC)CCCCCC(=O)N(C)CCCCCCCCN(C)C(=O)CCCCCN(CC)Cc1ccccc1OCCC,False
PBHFNBQPZCRWQP-ROPPNANJSA-N,1,5.45587,5.45587,,5.45587,5.45587,0.0,0.0,CN1CC[C@]2(C)c3cc(OC(=O)Nc4ccccc4)ccc3N(C)C12,False
PIJVFDBKTWXHHD-AWKYBWMHSA-N,1,5.00494,5.00494,,5.00494,5.00494,0.0,0.0,CNC(=O)Oc1ccc2c(c1)[C@@]1(C)CCN(C)C1N2C,False
RNBMJTUDVDLVNT-IJHRGXPZSA-N,1,6.10768,6.10768,,6.10768,6.10768,0.0,0.0,CN1CC[C@@]2(C)c3cc(OC(=O)Nc4ccccc4)ccc3N(C=O)C12,False
SUIVMEYWDVGNPD-UHFFFAOYSA-N,1,5.34,5.34,,5.34,5.34,0.0,0.0,CCN(CCCCCC(=O)N(C)CCCCCCCCN(C)C(=O)CCCCCN(CC)Cc1ccccc1C(F)(F)F)Cc1ccccc1C(F)(F)F,False
VJXLWYGKZGTXAF-UHFFFAOYSA-N,5,7.73002,7.747991999999999,0.026797601944950445,7.73002,7.78995,0.0,0.05993000000000048,CCN(CCCCCC(=O)N(C)CCCCCCCCN(C)C(=O)CCCCCN(CC)Cc1ccccc1OC)Cc1ccccc1OC,False
IQTNXMOPVSCWJR-UHFFFAOYSA-N,1,6.69001,6.69001,,6.69001,6.69001,0.0,0.0,CCN(CCCCCCOCCCCCCCCOCCCCCCN(CC)Cc1ccccc1OC)Cc1ccccc1OC,False
YMEPZNZXGFFWKB-UHFFFAOYSA-N,1,7.30998,7.30998,,7.30998,7.30998,0.0,0.0,CCN(CCCCCC(=O)N(C)CCCCCCCCN(C)C(=O)CCCCCN(CC)Cc1ccccc1)Cc1ccccc1,False
GPONHWSDHNCYFZ-TYZXPVIJSA-N,1,5.65886,5.65886,,5.65886,5.65886,0.0,0.0,CNC(=O)Oc1ccc2c(c1)[C@@]1(C)CCN(C)C1N2,False
CFHDUYWCOGVCCF-UHFFFAOYSA-N,1,6.95001,6.95001,,6.95001,6.95001,0.0,0.0,CCN(CCCCCC(=O)N(C)CCCCCCCCN(C)C(=O)CCCCCN(CC)Cc1ccccc1Cl)Cc1ccccc1Cl,False
AZORUJDKIYXDQJ-UHFFFAOYSA-N,1,7.11003,7.11003,,7.11003,7.11003,0.0,0.0,CC[N+](C)(CCCCCCOCCCCCCCCOCCCCCC[N+](C)(CC)Cc1ccccc1OC)Cc1ccccc1OC,False
VTTZSIFCKKPQTK-UHFFFAOYSA-N,4,7.940144999999999,7.940144999999999,0.023145972291812287,7.9201,7.96019,0.02004500000000009,0.04009000000000018,CC[N+](C)(CCCCCC(=O)N(C)CCCCCCCCN(C)C(=O)CCCCC[N+](C)(CC)Cc1ccccc1OC)Cc1ccccc1OC,False
GPONHWSDHNCYFZ-PYMCNQPYSA-N,1,7.24642,7.24642,,7.24642,7.24642,0.0,0.0,CNC(=O)Oc1ccc2c(c1)[C@]1(C)CCN(C)C1N2,False
AGMUUBYEBVEYGU-WHCXFUJUSA-N,1,5.24761,5.24761,,5.24761,5.24761,0.0,0.0,CN1CC[C@]2(C)c3cc(OC(=O)Nc4ccccc4)ccc3NC12,False
WEQZCSNAHHSINY-UHFFFAOYSA-N,1,5.18,5.18,,5.18,5.18,0.0,0.0,Nc1c2c(nc3cc(Cl)ccc13)-c1ccccc1C2,False
XUHVEOJQELBGLL-UHFFFAOYSA-N,2,7.88307,7.88307,0.0042284985514949944,7.88008,7.88606,0.002989999999999604,0.005979999999999208,CCCCCCCNc1c2c(nc3cc(Cl)ccc13)CCCC2,False
RRYSZHFLILWJHG-XJJMBZDKSA-N,1,4.45593,4.45593,,4.45593,4.45593,0.0,0.0,C[C@]12CC[C@H](O)[C@@](C)(CO)C1C[C@H](O)[C@@]1(C)Oc3cc(-c4cccnc4)oc(=O)c3C(=O)C21,False
GBRYDMXCJVBJHH-UHFFFAOYSA-N,2,9.319395,9.319395,0.0008980256121062042,9.31876,9.32003,0.0006349999999999412,0.0012699999999998823,CN1C(=O)Cc2cc3c(CCC4CCN(Cc5ccccc5)CC4)noc3cc21,False
XCCWBTOIDNKQAT-UHFFFAOYSA-N,1,5.37,5.37,,5.37,5.37,0.0,0.0,COc1ccc2c(c1)-c1nc3ccccc3c(N)c1C2,False
XUQPWMFRKQMTJR-HZMBPMFUSA-O,1,5.74,5.74,,5.74,5.74,0.0,0.0,CNC(=O)Oc1ccc2c(c1)OC[C@@H]1CC[N+](C)(C)[C@H]21,False
ZZKQNBNYCRCFCW-UHFFFAOYSA-N,3,5.09,4.99706,0.16228625665779578,4.80967,5.09151,0.0015100000000005664,0.28184000000000076,Cc1ccc2nc3c(c(N)c2c1)CCCC3,False
KZBQUUNPSWNEND-UHFFFAOYSA-N,2,5.287,5.287,0.004242640687119446,5.284,5.29,0.0030000000000001137,0.006000000000000227,COc1cc2nc3c(c(N)c2cc1OC)CCCC3,False
MOKARVBAJFZNLV-UHFFFAOYSA-N,1,4.54,4.54,,4.54,4.54,0.0,0.0,Nc1ccc2c(N)c3c(nc2c1)-c1ccccc1C3,False
AJQFTXAZPPOZGU-UHFFFAOYSA-N,2,5.52144,5.52144,0.0020364675298177237,5.52,5.52288,0.0014400000000001079,0.0028800000000002157,Nc1c2c(nc3ccc([N+](=O)[O-])cc13)CCCC2,False
LQFCZURJKDQWHF-UHFFFAOYSA-N,1,5.23,5.23,,5.23,5.23,0.0,0.0,Nc1ccc2nc3c(c(N)c2c1)Cc1ccccc1-3,False
CMOBEQAOWOZHMH-UHFFFAOYSA-N,2,7.34339,7.34339,0.004808326112068622,7.33999,7.34679,0.0034000000000000696,0.006800000000000139,CCCCCCCNc1c2c(nc3cc(F)ccc13)CCCC2,False
ZHSORBYPJBKFAV-ZANVPECISA-N,1,4.79,4.79,,4.79,4.79,0.0,0.0,CNC(=O)Oc1ccc2c(c1)[C@@H]1[C@@H](CCN1C)CO2,False
MTCMTKNMZCPKLX-UHFFFAOYSA-N,2,9.48149,9.48149,0.0,9.48149,9.48149,0.0,0.0,O=C1Cc2cc3c(CCC4CCN(Cc5ccccc5)CC4)noc3cc2N1,False
XEAIOWJVFCHDRX-UHFFFAOYSA-N,3,7.0,7.047556666666666,0.0823705629052837,7.0,7.14267,0.0,0.14266999999999985,Cc1ccc2c(N)c3c(nc2c1)CCCC3,False
KQKYQZVPBJYHCD-UHFFFAOYSA-N,2,6.88804,6.88804,0.0028001428534985455,6.88606,6.89002,0.001980000000000093,0.003960000000000186,CCCCCCCNc1c2c(nc3cc(C)ccc13)CCCC2,False
SGQCQXFGSNJUNF-UHFFFAOYSA-N,2,6.5338,6.5338,0.005374011537017797,6.53,6.5376,0.0038000000000000256,0.007600000000000051,CCCCCCCNc1c2c(nc3cc([N+](=O)[O-])ccc13)CCCC2,False
UKFCIGJAJAIROZ-CABZTGNLSA-N,3,7.53003,7.4333366666666665,0.26837846585248454,7.13001,7.63997,0.10993999999999993,0.5099599999999995,CNC(=O)Oc1cccc2c1OC[C@@H]1CCN(C)[C@H]21,False
MOTFHVTUJOZZAG-AAJGEYFASA-N,1,4.03152,4.03152,,4.03152,4.03152,0.0,0.0,COc1cccc(-c2cc3c(c(=O)o2)C(=O)C2[C@@]4(C)CC[C@H](O)[C@@](C)(CO)C4C[C@H](O)[C@@]2(C)O3)c1,False
QRBVXHWNCSOPKB-KWQFWETISA-N,1,4.4,4.4,,4.4,4.4,0.0,0.0,CN1CC[C@H]2COc3c(O)cccc3[C@H]21,False
ICVJPRLSCKHIAR-UHFFFAOYSA-N,1,6.36,6.36,,6.36,6.36,0.0,0.0,Nc1c2c(nc3ccccc13)-c1ccc(F)cc1C2,False
DKTDGXIXEAVNKX-UHFFFAOYSA-N,2,6.409465,6.409465,0.0007424621202454006,6.40894,6.40999,0.0005249999999996646,0.0010499999999993292,CCCCCCCNc1c2c(nc3ccc(C)cc13)CCCC2,False
FNHNBWWIASUEQH-HVWQDESWSA-N,1,7.58503,7.58503,,7.58503,7.58503,0.0,0.0,COc1ccc(-c2cc3c(c(=O)o2)C[C@]2(O)[C@@]4(C)C(=O)C=CC(C)(C)[C@]4(O)CC[C@@]2(C)O3)cc1,False
RKEUSQXKXASQAN-IWRMDQROSA-N,1,4.09691,4.09691,,4.09691,4.09691,0.0,0.0,C[C@]12CC[C@H](O)[C@@](C)(CO)C1C[C@H](O)[C@@]1(C)Oc3cc(-c4ccc(Cl)nc4)oc(=O)c3C(=O)C21,False
OEDAMXCGASJANJ-UHFFFAOYSA-N,2,8.55284,8.55284,0.0,8.55284,8.55284,0.0,0.0,CC(=O)Nc1ccc2c(CCC3CCN(Cc4ccccc4)CC3)noc2c1,False
QBTINTSOUQAAND-UHFFFAOYSA-N,2,5.430899999999999,5.430899999999999,0.0012727922061356452,5.43,5.4318,0.0009000000000001229,0.0018000000000002458,Cc1ccc2nc3c(c(NCc4ccccc4)c2c1)CCCC3,False
GDDBSWQWOFNCSG-UHFFFAOYSA-N,1,9.02228,9.02228,,9.02228,9.02228,0.0,0.0,O=C1Cc2cc3onc(CCC4CCN(Cc5ccccc5)CC4)c3cc2N1,False
ZVNZKFGWNIWFMC-UHFFFAOYSA-N,1,5.34,5.34,,5.34,5.34,0.0,0.0,Cc1ccc2c(c1)-c1nc3ccccc3c(N)c1C2,False
GCTSJRRFEWSVAJ-UHFFFAOYSA-N,2,6.452965000000001,6.452965000000001,0.004193143212436691,6.45,6.45593,0.0029650000000001064,0.005930000000000213,COc1ccc2c(N)c3c(nc2c1)CCCC3,False
JNAALEZZYYJZPB-FMWQYVROSA-N,1,5.01,5.01,,5.01,5.01,0.0,0.0,O=C(CCCCCCC(=O)NCCCCCCN1CC[C@H]2COc3ccccc3[C@H]21)NCCCCCCN1CC[C@H]2COc3ccccc3[C@H]21,False
UQBAAIYCOXDDQQ-UHFFFAOYSA-N,1,9.24413,9.24413,,9.24413,9.24413,0.0,0.0,O=C1CCc2cc3c(CCC4CCN(Cc5ccccc5)CC4)noc3cc2N1,False
DKKGRNTXCNVFPV-UHFFFAOYSA-N,1,5.41,5.41,,5.41,5.41,0.0,0.0,Cc1cccc2c1Cc1c-2nc2ccccc2c1N,False
LUNRQBMZGWSWJN-UHFFFAOYSA-N,1,4.17,4.17,,4.17,4.17,0.0,0.0,Nc1c2c(nc3cc([N+](=O)[O-])ccc13)-c1ccccc1C2,False
MIHBCQWIBJDVPX-JUDWXZBOSA-N,1,9.0,9.0,,9.0,9.0,0.0,0.0,COc1ccc(-c2cc3c(c(=O)o2)C[C@]2(O)[C@@]4(C)C(=O)C=CC(C)(C)[C@]4(O)CC[C@@]2(C)O3)cc1OC,False
PBXNNDFKPQPJBB-VJLHXPKFSA-N,3,8.11919,8.145983333333334,0.06664017506979841,8.09691,8.22185,0.0222800000000003,0.1249400000000005,COc1cc(-c2cc3c(c(=O)o2)C[C@]2(O)[C@@]4(C)C(=O)C=CC(C)(C)[C@]4(O)CC[C@@]2(C)O3)cc(OC)c1OC,False
OICRNZHKHYSUOP-UHFFFAOYSA-N,1,8.4437,8.4437,,8.4437,8.4437,0.0,0.0,O=C1Cc2c(ccc3c(CCC4CCN(Cc5ccccc5)CC4)noc23)N1,False
FXFGIRKFQZPTMA-UHFFFAOYSA-N,2,7.060230000000001,7.060230000000001,0.0003535533905933918,7.05998,7.06048,0.00024999999999986144,0.0004999999999997229,Nc1c2c(nc3cc(F)ccc13)CCCC2,False
NUMBCVSTOUXZBP-NYIDKBJASA-N,1,4.23657,4.23657,,4.23657,4.23657,0.0,0.0,COc1ccc(-c2cc3c(c(=O)o2)C(=O)C2[C@@]4(C)CC[C@H](O)[C@@](C)(CO)C4C[C@H](O)[C@@]2(C)O3)cc1OC,False
QJJKZOSVUGJCLY-UHFFFAOYSA-N,2,5.420109999999999,5.420109999999999,0.00015556349186048949,5.42,5.42022,0.00010999999999983245,0.0002199999999996649,Nc1ccc2nc3c(c(N)c2c1)CCCC3,False
LNGUQVVMEJQZNE-UHFFFAOYSA-N,1,5.19,5.19,,5.19,5.19,0.0,0.0,COc1ccc2c(c1)Cc1c-2nc2ccccc2c1N,False
MLEHSJMTNRGDES-UHFFFAOYSA-N,2,7.55145,7.55145,0.0019657568516982917,7.55006,7.55284,0.0013899999999997803,0.0027799999999995606,Nc1c2c(nc3cc([N+](=O)[O-])ccc13)CCCC2,False
MNWULZIBRBDECY-ZANVPECISA-N,2,6.61644,6.61644,1.2818997414774682,5.71,7.52288,0.9064399999999999,1.8128799999999998,CNC(=O)Oc1ccc2c(c1)OC[C@@H]1CCN(C)[C@H]21,False
ACXPJPLICQQAOX-XJJMBZDKSA-N,1,5.10237,5.10237,,5.10237,5.10237,0.0,0.0,C[C@]12CC[C@H](O)[C@@](C)(CO)C1C[C@H](O)[C@@]1(C)Oc3cc(-c4ccncc4)oc(=O)c3C(=O)C21,False
UOXICDLLJJDAID-UHFFFAOYSA-N,1,5.78,5.78,,5.78,5.78,0.0,0.0,COc1cccc2c1Cc1c-2nc2ccccc2c1N,False
JLHFZCNZUUJGRC-UHFFFAOYSA-N,2,6.33362,6.33362,0.0051194530957905425,6.33,6.33724,0.0036200000000001786,0.007240000000000357,CCCCCCCNc1c2c(nc3cc(OC)ccc13)CCCC2,False
LMHYFQXFWSKTJP-UHFFFAOYSA-N,1,7.18046,7.18046,,7.18046,7.18046,0.0,0.0,Nc1c2c(nc3cc(Br)ccc13)CCCC2,False
RFFLZGNLGAQYOY-AAJGEYFASA-N,1,4.1549,4.1549,,4.1549,4.1549,0.0,0.0,COc1ccc(-c2cc3c(c(=O)o2)C(=O)C2[C@@]4(C)CC[C@H](O)[C@@](C)(CO)C4C[C@H](O)[C@@]2(C)O3)cc1,False
OIKUMDYZSYYSDY-UHFFFAOYSA-N,1,5.27,5.27,,5.27,5.27,0.0,0.0,Nc1c2c(nc3ccccc13)-c1ccc(Cl)cc1C2,False
YJGBKRNWMAQSOS-UHFFFAOYSA-N,2,6.76978,6.76978,0.00032526911934605864,6.76955,6.77001,0.0002300000000001745,0.000460000000000349,Clc1ccc2c(NCc3ccccc3)c3c(nc2c1)CCCC3,False
ZUCMSNAIYTWNMO-UHFFFAOYSA-N,1,5.92,5.92,,5.92,5.92,0.0,0.0,Nc1c2c(nc3cc(F)ccc13)-c1ccccc1C2,False
VZEYMLANIVXUNX-UHFFFAOYSA-N,2,6.32395,6.32395,0.005586143571373267,6.32,6.3279,0.003949999999999676,0.007899999999999352,Nc1c2c(nc3cc(Cl)c(Cl)cc13)CCCC2,False
SIWYMMBMGFYGRC-UHFFFAOYSA-N,2,5.7979400000000005,5.7979400000000005,0.002913279938487878,5.79588,5.8,0.0020599999999997287,0.004119999999999457,O=[N+]([O-])c1ccc2nc3c(c(NCc4ccccc4)c2c1)CCCC3,False
WFDQGTRGUDCCLC-UBBKVUFHSA-N,1,4.00436,4.00436,,4.00436,4.00436,0.0,0.0,C[C@]12CC[C@H](O)[C@@](C)(CO)C1C[C@H](O)[C@@]1(C)Oc3cc(-c4ccccc4)oc(=O)c3C(=O)C21,False
XJLXDYCGXFZHLY-UHFFFAOYSA-N,2,6.12747,6.12747,0.003577960312804133,6.12494,6.13,0.0025300000000001432,0.0050600000000002865,Cc1ccc2c(NCc3ccccc3)c3c(nc2c1)CCCC3,False
HNEVTMFUIZLDMG-UHFFFAOYSA-N,2,5.319380000000001,5.319380000000001,0.0008768124086710968,5.31876,5.32,0.0006200000000000649,0.0012400000000001299,O=[N+]([O-])c1ccc2c(NCc3ccccc3)c3c(nc2c1)CCCC3,False
FBLHWWHWLOLXDP-UHFFFAOYSA-N,1,4.0,4.0,,4.0,4.0,0.0,0.0,CN(C)c1ccc(CC(=O)NCCCCCCCCNC23CC4CC(CC(C4)C2)C3)cc1,False
PUJBYHNHFFSJKZ-UHFFFAOYSA-N,1,4.0,4.0,,4.0,4.0,0.0,0.0,CN(C)c1ccc(CC(=O)NCCCCCCCCCCNC23CC4CC(CC(C4)C2)C3)cc1,False
MADMAPUCTHVXHH-UHFFFAOYSA-N,1,4.0,4.0,,4.0,4.0,0.0,0.0,CN(C)c1ccc(CC(=O)NCCCCCCCCCCCCNC23CC4CC(CC(C4)C2)C3)cc1,False
JAKUIQCTPLJMHE-XJYWMWMZSA-N,1,4.0,4.0,,4.0,4.0,0.0,0.0,CC(C)c1ccc(NC(=O)N2CCC[C@H]2C(=O)N2CC[C@H]3[C@H]2[C@H](C)C(=O)N3C(=O)[C@@H]2[C@H](C)[C@@H]2C)cc1,False
WTZRHKMMAVQPDV-ZDKQOFBKSA-N,1,4.0,4.0,,4.0,4.0,0.0,0.0,CC(C)c1ccc(NC(=O)N2CCC[C@H]2C(=O)N2CC[C@H]3[C@H]2[C@H](C)C(=O)N3c2nc3ccccc3s2)cc1,False
XDTYPQHSQPGVQE-UHFFFAOYSA-O,1,4.92445,4.92445,,4.92445,4.92445,0.0,0.0,C#CC(C)OC[n+]1ccn(C)c1/C=N/O,False
VFTNYOAPRNTFLO-DHZHZOJOSA-O,1,4.20412,4.20412,,4.20412,4.20412,0.0,0.0,C#CCCCC[n+]1cn(C)c(/C=N/O)n1,False
OTFIALPRCHOULO-GMAHTHKFSA-N,1,5.0,5.0,,5.0,5.0,0.0,0.0,CC(C)c1ccc(NC(=O)Oc2ccc3c(c2)[C@]2(C)CCN(C)O[C@@H]2N3C)cc1,False
ASUTZQLVASHGKV-JDFRZJQESA-N,40,5.7090250000000005,5.67661725,0.6335904310538576,4.04576,7.0,0.34381499999999976,2.9542400000000004,COc1ccc2c3c1O[C@H]1C[C@@H](O)C=C[C@@]31CCN(C)C2,False
OFQCKNPKVTZTFB-UHFFFAOYSA-N,1,4.56864,4.56864,,4.56864,4.56864,0.0,0.0,C#CCCOC[n+]1ccn(C)c1C,False
VRSUPYLJJFTWLE-UHFFFAOYSA-O,1,5.07058,5.07058,,5.07058,5.07058,0.0,0.0,C#CCCCC[n+]1ccn(C)c1/C=N/O,False
HZOTZTANVBDFOF-PBCQUBLHSA-N,1,7.55284,7.55284,,7.55284,7.55284,0.0,0.0,CNC(=O)Oc1ccc2c(c1)[C@]1(C)CCN(C)[C@@H]1N2C.O=C(O)c1ccccc1O,False
NOSZISIVCZYJIT-UHFFFAOYSA-O,1,4.01547,4.01547,,4.01547,4.01547,0.0,0.0,C#CCCOC[n+]1ccc(/C=N/O)cc1,False
YDSFJKHMJKIHDA-UHFFFAOYSA-O,1,4.66154,4.66154,,4.66154,4.66154,0.0,0.0,C#CCOC[n+]1ccn(C)c1/C=N/O,False
CJKDQVUWTOUKOS-UHFFFAOYSA-O,1,4.6925,4.6925,,4.6925,4.6925,0.0,0.0,C#CC1CCCCC1OC[n+]1ccn(C)c1/C=N/O,False
UPNRXCOKTCKGBI-UHFFFAOYSA-O,1,4.83863,4.83863,,4.83863,4.83863,0.0,0.0,C#CCCOC[n+]1ccn(C)c1/C=N/O,False
XSVMFMHYUFZWBK-NSHDSACASA-N,25,5.51856,5.650124,0.8728866985611595,4.31876,7.4318,0.4270499999999995,3.11304,CCN(C)C(=O)Oc1cccc([C@H](C)N(C)C)c1,False
PXZFBORVHABSJM-UHFFFAOYSA-O,1,4.8962,4.8962,,4.8962,4.8962,0.0,0.0,C#CC(C)C(C)OC[n+]1ccn(C)c1/C=N/O,False
WAZOHMZQESWTEV-UHFFFAOYSA-O,1,4.11464,4.11464,,4.11464,4.11464,0.0,0.0,CC#CCCOC[n+]1ccn(C)c1/C=N/O,False
RCKLABVCEJYKNZ-UHFFFAOYSA-O,1,4.5544,4.5544,,4.5544,4.5544,0.0,0.0,C#CCCCOC[n+]1ccn(C)c1/C=N/O,False
UIQTWEXHPAOUGM-FPOVZHCZSA-N,1,6.75696,6.75696,,6.75696,6.75696,0.0,0.0,Cc1ccccc1NC(=O)Oc1ccc2c(c1)[C@]1(C)CCN(C)O[C@@H]1N2C,False
BUFXKBAJCGWYSI-RZPFDVGOSA-N,1,5.0,5.0,,5.0,5.0,0.0,0.0,CC(C)c1ccc(NC(=O)Oc2ccc3c(c2)[C@]2(C)CC[N@@+](C)([O-])[C@@H]2N3C)cc1,False
JXQBQPRGXRDSBS-UHFFFAOYSA-O,1,5.05948,5.05948,,5.05948,5.05948,0.0,0.0,C#CCC(C)OC[n+]1ccn(C)c1/C=N/O,False
CNBHDDBNEKKMJH-ZFWWWQNUSA-N,1,6.82391,6.82391,,6.82391,6.82391,0.0,0.0,CNC(=O)Oc1ccc2c(c1)[C@]1(C)CCN(C)O[C@@H]1N2C,False
GHYFEILIYSGWHS-ZCVJKFOLSA-N,1,6.74473,6.74473,,6.74473,6.74473,0.0,0.0,Cc1ccccc1NC(=O)Oc1ccc2c(c1)[C@]1(C)CC[N@@+](C)([O-])[C@@H]1N2C,False
JTRIDGAEQWBPFN-UHFFFAOYSA-O,1,4.61618,4.61618,,4.61618,4.61618,0.0,0.0,C#CC(C)(C)OC[n+]1ccn(C)c1/C=N/O,False
MVHRCJQCKYPDRL-UWDQQESISA-N,1,6.90309,6.90309,,6.90309,6.90309,0.0,0.0,CCc1ccccc1NC(=O)Oc1ccc2c(c1)[C@]1(C)CC[N@@+](C)([O-])[C@@H]1N2C,False
CWTQKLHIHKZUQO-DHSIGJKJSA-N,1,7.0,7.0,,7.0,7.0,0.0,0.0,CNC(=O)Oc1ccc2c(c1)[C@]1(C)CC[N@@+](C)([O-])[C@@H]1N2C,False
CECHKRCXXNPVOX-UHFFFAOYSA-O,1,5.10735,5.10735,,5.10735,5.10735,0.0,0.0,C#CC(CC)OC[n+]1ccn(C)c1/C=N/O,False
QUWADLGXPRXKNF-UHFFFAOYSA-O,1,4.21112,4.21112,,4.21112,4.21112,0.0,0.0,C#CCCCC[n+]1ccccc1/C=N/O,False
WXAQWLKLTGJRKY-UHFFFAOYSA-O,1,5.28316,5.28316,,5.28316,5.28316,0.0,0.0,C#CCC(CCC)OC[n+]1ccn(C)c1/C=N/O,False
ZOBDWFRKFSPCRB-UNMCSNQZSA-N,1,7.18709,7.18709,,7.18709,7.18709,0.0,0.0,CCc1ccccc1NC(=O)Oc1ccc2c(c1)[C@]1(C)CCN(C)O[C@@H]1N2C,False
PPLOTTZPXVXAEU-UHFFFAOYSA-O,1,4.11577,4.11577,,4.11577,4.11577,0.0,0.0,C#CCCCC[n+]1ccn(C(C)(C)C)c1/C=N/O,False
IHKTVXKNZKFQCW-UHFFFAOYSA-O,1,5.08249,5.08249,,5.08249,5.08249,0.0,0.0,C#CC(CCC)OC[n+]1ccn(C)c1/C=N/O,False
BVMNXTGNIRWBDK-UHFFFAOYSA-O,1,4.61618,4.61618,,4.61618,4.61618,0.0,0.0,C#CC1(OC[n+]2ccn(C)c2/C=N/O)CCCC1,False
JMNTUMBNMVKSOA-ICSRJNTNSA-N,1,6.88606,6.88606,,6.88606,6.88606,0.0,0.0,CN1CC[C@@]2(C)c3cc(OC(=O)Nc4ccccc4)ccc3N(C)[C@H]2O1,False
PYNCZOMCQLYABK-GREBRCKQSA-N,1,6.69897,6.69897,,6.69897,6.69897,0.0,0.0,CN1c2ccc(OC(=O)Nc3ccccc3)cc2[C@]2(C)CC[N@@+](C)([O-])[C@H]12,False
NCERWLVJTKFIHR-UHFFFAOYSA-N,1,8.23657,8.23657,,8.23657,8.23657,0.0,0.0,Cc1cc2onc(CCC3CCN(Cc4ccccc4)CC3)c2cc1C,False
PEZZRWUONLGRDN-UHFFFAOYSA-N,2,6.96871,6.96871,0.4114371517012041,6.67778,7.25964,0.2909299999999999,0.5818599999999998,c1ccc(CN2CCC(CCc3noc4ccccc34)CC2)cc1,False
LYTYXHJYOPFOCO-UHFFFAOYSA-N,1,8.14874,8.14874,,8.14874,8.14874,0.0,0.0,COc1cccc2c(CCC3CCN(Cc4ccccc4)CC3)noc12,False
JCWFCWIJNXZDKN-UHFFFAOYSA-N,1,9.09691,9.09691,,9.09691,9.09691,0.0,0.0,c1ccc(CN2CCC(CCc3noc4cc(N5CCOCC5)ccc34)CC2)cc1,False
RRYREXCAJLJMCL-UHFFFAOYSA-N,1,7.85387,7.85387,,7.85387,7.85387,0.0,0.0,O=S(=O)(Nc1ccc2c(CCC3CCN(Cc4ccccc4)CC3)noc2c1)c1ccccc1,False
NPZKLBFCTYVTBS-UHFFFAOYSA-N,1,6.92082,6.92082,,6.92082,6.92082,0.0,0.0,c1ccc(CN2CCC(CCc3n[nH]c4ccccc34)CC2)cc1,False
WZVZDMSPGXVHOP-UHFFFAOYSA-N,1,8.10791,8.10791,,8.10791,8.10791,0.0,0.0,Cc1ccc2onc(CCC3CCN(Cc4ccccc4)CC3)c2c1,False
VFDQMJCSKFAKRY-UHFFFAOYSA-N,2,8.06822,8.06822,0.017960512242139154,8.05552,8.08092,0.0127000000000006,0.0254000000000012,COc1ccc2c(CCC3CCN(Cc4ccccc4)CC3)noc2c1,False
ZNARRZNSRNXCPB-KHPPLWFESA-N,1,6.67778,6.67778,,6.67778,6.67778,0.0,0.0,C(=C/C1CCN(Cc2ccccc2)CC1)/c1noc2ccccc12,False
ZJCILDCILOKWCX-UHFFFAOYSA-N,1,6.46852,6.46852,,6.46852,6.46852,0.0,0.0,c1ccc(CN2CCC(CCc3ncnc4ccccc34)CC2)cc1,False
SVVHWFKGOPNOLR-UHFFFAOYSA-N,1,7.30103,7.30103,,7.30103,7.30103,0.0,0.0,Brc1ccc2c(CCC3CCN(Cc4ccccc4)CC3)noc2c1,False
QMQQOVGCVPEGSA-UHFFFAOYSA-N,1,7.00436,7.00436,,7.00436,7.00436,0.0,0.0,c1ccc(CN2CCC(CCc3nsc4ccccc34)CC2)cc1,False
WNFJUFWSHLTWLJ-UHFFFAOYSA-N,2,7.04576,7.04576,1.4142135623730951,6.04576,8.04576,1.0,2.0,c1ccc(CN2CCC(CCCc3noc4ccccc34)CC2)cc1,False
DZSDRGBLRNZFES-UHFFFAOYSA-N,1,6.09151,6.09151,,6.09151,6.09151,0.0,0.0,c1ccc(CN2CCC(CCNc3noc4ccccc34)CC2)cc1,False
OCXWMIZAVHITQO-UHFFFAOYSA-N,2,8.576215,8.576215,0.7363739308598586,8.05552,9.09691,0.5206949999999999,1.0413899999999998,NC(=O)c1ccc2c(CCC3CCN(Cc4ccccc4)CC3)noc2c1,False
XYBJWCKGZDRJOC-UHFFFAOYSA-N,1,6.65758,6.65758,,6.65758,6.65758,0.0,0.0,c1ccc(CN2CCC(CCc3nccc4ccccc34)CC2)cc1,False
PMVWXOVLDYBXSN-UHFFFAOYSA-N,1,6.49485,6.49485,,6.49485,6.49485,0.0,0.0,c1ccc(CN2CCC(CNc3noc4ccccc34)CC2)cc1,False
PPMPPMKWHZDSNI-UHFFFAOYSA-N,1,7.58503,7.58503,,7.58503,7.58503,0.0,0.0,Oc1ccc2c(CCC3CCN(Cc4ccccc4)CC3)noc2c1,False
LLOAJMWVAODKLQ-UHFFFAOYSA-N,1,7.69897,7.69897,,7.69897,7.69897,0.0,0.0,Nc1ccc2c(CCC3CCN(Cc4ccccc4)CC3)noc2c1,False
WNUCJMMTJRRQRG-UHFFFAOYSA-N,1,8.02687,8.02687,,8.02687,8.02687,0.0,0.0,O=C(Nc1ccc2c(CCC3CCN(Cc4ccccc4)CC3)noc2c1)c1ccccc1,False
XTRTWLAGVWOKQO-UHFFFAOYSA-N,1,6.99568,6.99568,,6.99568,6.99568,0.0,0.0,N#Cc1ccc2c(CCC3CCN(Cc4ccccc4)CC3)noc2c1,False
WLEKXXPTBPECMY-UHFFFAOYSA-N,1,8.14267,8.14267,,8.14267,8.14267,0.0,0.0,COc1ccc2onc(CCC3CCN(Cc4ccccc4)CC3)c2c1,False
OXCFQBATIXKIPU-UHFFFAOYSA-N,1,5.58503,5.58503,,5.58503,5.58503,0.0,0.0,c1ccc(CN2CCC(COc3noc4ccccc34)CC2)cc1,False
LZVMXWWPYZKCHX-LCOAMIHASA-N,1,7.20761,7.20761,,7.20761,7.20761,0.0,0.0,CCCCCCNC(=O)Oc1ccc2c(c1)[C@]1(C)CCN(CCC)C1C2.Cc1ccc(C(=O)OC(C(=O)O)C(OC(=O)c2ccc(C)cc2)C(=O)O)cc1,False
UBWZQILFMCCHFE-QWAKEFERSA-N,3,7.34679,7.226133333333333,0.5433078691067648,6.63264,7.69897,0.3521799999999997,1.0663299999999998,CCCCCCNC(=O)Oc1ccc2c(c1)[C@]1(C)CCN(CC)C1C2,False
JOOGXPYATKQKBK-IAXKEJLGSA-N,3,7.23657,7.118663333333333,0.39733462803200675,6.67572,7.4437,0.20712999999999937,0.7679799999999997,CCCCCCCNC(=O)Oc1ccc2c(c1)[C@]1(C)CCN(CC)C1C2,False
XAWCVUBHVCUDBZ-DAFXYXGESA-N,1,6.81248,6.81248,,6.81248,6.81248,0.0,0.0,CCCNC(=O)Oc1ccc2c(c1)[C@]1(C)CCN(CC)C1C2,False
AVAFJTWXTNBJNG-GPNIZQGCSA-N,1,6.29585,6.29585,,6.29585,6.29585,0.0,0.0,CCCCCCCNC(=O)Oc1ccc2c(c1)[C@]1(C)CCN(Cc3ccccc3)C1C2,False
CSENCZKLXRJGFD-CVMIBEPCSA-N,1,4.90354,4.90354,,4.90354,4.90354,0.0,0.0,CCN1CC[C@@]2(C)c3cc(OC(=O)NC(C)(C)C)ccc3CC12,False
CCLYHFAXRYLZDZ-ZQRQZVKFSA-N,1,6.20135,6.20135,,6.20135,6.20135,0.0,0.0,CCCCCCCNC(=O)Oc1ccc2c(c1)[C@@H]1CCN(CCC)C1C2,False
ZLFLUZOZKIPTJJ-IJHRGXPZSA-N,1,7.11351,7.11351,,7.11351,7.11351,0.0,0.0,CCCCCCNC(=O)Oc1ccc2c(c1)[C@]1(C)CCN(C)C1C2,False
MCAQWHWWQNEHOE-QWAKEFERSA-N,1,6.9431,6.9431,,6.9431,6.9431,0.0,0.0,CCCCCCCNC(=O)Oc1ccc2c(c1)[C@]1(C)CCN(C)C1C2,False
VONJUQXHNPNBDU-NFGFVTGESA-N,1,5.87615,5.87615,,5.87615,5.87615,0.0,0.0,CCN1CC[C@@]2(C)c3cc(OC(=O)N[C@@H](C)c4ccccc4)ccc3CC12,False
HYIYBWCTLLQRLQ-NBFOIZRFSA-N,1,6.59688,6.59688,,6.59688,6.59688,0.0,0.0,CCN1CC[C@H]2c3cc(OC(=O)NC)ccc3CC21,False
LKLDMKAWSUSARS-LROBGIAVSA-N,2,6.27424,6.27424,0.016164461017924237,6.26281,6.28567,0.01142999999999983,0.02285999999999966,CCCCCCNC(=O)Oc1ccc2c(c1)[C@@H]1CCN(CCC)C1C2,False
PVMNTYXKDFRXKP-IAXKEJLGSA-N,1,7.16115,7.16115,,7.16115,7.16115,0.0,0.0,CCN1CC[C@@]2(C)c3cc(OC(=O)NCc4ccccc4)ccc3CC12,False
JYMNJIDLAQUBDE-MYJWUSKBSA-N,1,5.96819,5.96819,,5.96819,5.96819,0.0,0.0,CCCCNC(=O)Oc1ccc2c(c1)[C@@H]1CCN(CC)C1C2,False
NNWAKPXOOYJLNL-LROBGIAVSA-N,1,6.41908,6.41908,,6.41908,6.41908,0.0,0.0,CCCCCCCNC(=O)Oc1ccc2c(c1)[C@@H]1CCN(CC)C1C2,False
TWWXDKNSBLIIEY-UHFFFAOYSA-N,1,5.0,5.0,,5.0,5.0,0.0,0.0,CCCN1CCCC(c2cccc(OC(=O)NC(C)C)c2)C1,False
TXJSVDRPBGRIFY-QWAKEFERSA-N,1,6.75449,6.75449,,6.75449,6.75449,0.0,0.0,CCN1CC[C@@]2(C)c3cc(OC(=O)Nc4ccccc4)ccc3CC12,False
OEQMWEPWWKQKQL-NNBQYGFHSA-N,1,7.04576,7.04576,,7.04576,7.04576,0.0,0.0,CCCCNC(=O)Oc1ccc2c(c1)[C@]1(C)CCN(CC)C1C2,False
QSCQOXMIFSONAX-YANBTOMASA-N,1,7.03152,7.03152,,7.03152,7.03152,0.0,0.0,CCCCCCCNC(=O)Oc1ccc2c(c1)[C@]1(C)CCN(CCC)C1C2,False
XWDNADYVTFQMOY-KKFHFHRHSA-N,1,6.68194,6.68194,,6.68194,6.68194,0.0,0.0,CCCCCCNC(=O)Oc1ccc2c(c1)[C@@H]1CCN(CC)C1C2,False
VXTBWKBREFKYDA-WMCAAGNKSA-N,1,7.42022,7.42022,,7.42022,7.42022,0.0,0.0,CCN1CC[C@@]2(C)c3cc(OC(=O)NC)ccc3CC12,False
GFYHFMVUVHAJDW-LBAUFKAWSA-N,1,5.65916,5.65916,,5.65916,5.65916,0.0,0.0,CCCNC(=O)Oc1ccc2c(c1)[C@@H]1CCN(CC)C1C2,False
WGAVIJGEWZDOOU-UHFFFAOYSA-N,2,6.162635,6.162635,0.06063440648674613,6.11976,6.20551,0.042874999999999996,0.08574999999999999,Nc1c2c(nc3ccccc13)CC(O)CC2,False
PYCYYSWVRAEADT-UHFFFAOYSA-N,2,5.71572,5.71572,0.10953084040579593,5.63827,5.79317,0.0774499999999998,0.1548999999999996,Nc1c2c(nc3ccccc13)CCC(O)C2,False
BISIFJGUTDFVFR-UHFFFAOYSA-N,2,6.3027750000000005,6.3027750000000005,0.027739799025948485,6.28316,6.32239,0.019615000000000382,0.039230000000000764,Nc1c2c(nc3ccccc13)C(O)CCC2,False
FEKLICVONCXYRV-UHFFFAOYSA-N,1,5.85,5.85,,5.85,5.85,0.0,0.0,COc1ccccc1CN1CCCCCCCCN(Cc2ccccc2OC)C(=O)CCCCCNCc2ccc(cc2)CNCCCCCC1=O,False
DVDGSNYVDVHFRI-UHFFFAOYSA-N,1,4.8,4.8,,4.8,4.8,0.0,0.0,CCCCCCCCCN(Cc1ccccc1OC)C(=O)CCCCCNCc1ccc(-c2ccc(-c3ccc(CNCCCCCC(=O)NCc4ccccc4OC)cc3)cc2)cc1,False
PWXAXJBDRWUOPZ-UHFFFAOYSA-N,1,5.47,5.47,,5.47,5.47,0.0,0.0,COc1ccccc1CN1CCCCCCCCN(Cc2ccccc2OC)C(=O)CCCCCNCc2ccc(cc2)-c2ccc(cc2)CNCCCCCC1=O,False
WHHLEEKPFWZJQD-UHFFFAOYSA-N,1,4.48,4.48,,4.48,4.48,0.0,0.0,COc1ccccc1CN(CCCCCCCCN(Cc1ccccc1OC)C(=O)CCCCCN)C(=O)CCCCCN,False
UJFVMFKEMRNCNU-UHFFFAOYSA-N,1,4.27,4.27,,4.27,4.27,0.0,0.0,COc1ccccc1CN1CCCCCC(=O)N(C)CCCCCCCCN(C)C(=O)CCCCCN(Cc2ccccc2OC)Cc2ccc(cc2)-c2ccc(cc2)C1,False
KTURDSDPPQHUFH-UHFFFAOYSA-N,1,5.21,5.21,,5.21,5.21,0.0,0.0,COc1ccccc1CN1CCCCCCCCN(Cc2ccccc2OC)C(=O)CCCCCNCc2cccc(c2)Cc2cccc(c2)CNCCCCCC1=O,False
ABLWHXGNSHTMMJ-UHFFFAOYSA-O,1,4.58503,4.58503,,4.58503,4.58503,0.0,0.0,CC(OC[n+]1ccn(C)c1/C=N/O)C1CCCCC1,False
WRWPPGUCZBJXKX-UHFFFAOYSA-N,2,6.664899999999999,6.664899999999999,1.916400798371781,5.3098,8.02,1.3550999999999997,2.7101999999999995,Cc1ccc(F)cc1,True
CKKVAQWWMPPXLE-UHFFFAOYSA-N,1,5.273,5.273,,5.273,5.273,0.0,0.0,CC(=O)Oc1ccc(C)c([N+](C)(C)C)c1,False
XONOKWHTYHOQMP-UHFFFAOYSA-O,1,4.3098,4.3098,,4.3098,4.3098,0.0,0.0,CC(C)OC[n+]1ccn(C)c1/C=N/O,False
CTQNGGLPUBDAKN-UHFFFAOYSA-N,2,6.6549,6.6549,1.9022586627480504,5.3098,8.0,1.3451,2.6902,Cc1ccccc1C,True
URLKBWYHVLBVBO-UHFFFAOYSA-N,2,6.3549050000000005,6.3549050000000005,1.4780016651039332,5.3098,7.40001,1.045105,2.09021,Cc1ccc(C)cc1,True
MNIMLCHZPSYBJD-UHFFFAOYSA-N,1,5.424,5.424,,5.424,5.424,0.0,0.0,CCC(=O)Oc1cc([N+](C)(C)C)ccc1C,False
VUELVPNZILZURJ-UHFFFAOYSA-N,1,6.181,6.181,,6.181,6.181,0.0,0.0,CC(=O)Oc1cc([N+](C)(C)C)ccc1C,False
JKWXVBVCFMNSRA-UHFFFAOYSA-P,1,4.42022,4.42022,,4.42022,4.42022,0.0,0.0,Cn1cc[n+](COC[n+]2ccccc2/C=N/O)c1/C=N/O,False
IFZXCQPMQSSVKJ-UHFFFAOYSA-N,2,7.0100999999999996,7.0100999999999996,0.8342162961726423,6.42022,7.59998,0.5898800000000004,1.1797600000000008,COc1cc2c(c(OC)c1)C(=O)C(C)C2,False
IVSZLXZYQVIEFR-UHFFFAOYSA-N,2,7.00493,7.00493,2.3972758359855053,5.3098,8.70006,1.6951300000000002,3.3902600000000005,Cc1cccc(C)c1,True
VXKMGRRBRAIZKF-UHFFFAOYSA-N,2,6.75512,6.75512,0.4736201220387498,6.42022,7.09002,0.3349000000000002,0.6698000000000004,COc1ccc2c(c1)C(=O)C(C)C2,False
LTSJAOJBDFVFJN-UHFFFAOYSA-N,2,7.235099999999999,7.235099999999999,1.152414347706588,6.42022,8.04998,0.81488,1.62976,COc1cc2c(cc1OC(C)C)CC(C)C2=O,False
PQQFMAKVKNKKRI-UHFFFAOYSA-O,1,4.48812,4.48812,,4.48812,4.48812,0.0,0.0,CC(CC(C)(C)C)OC[n+]1ccn(C)c1/C=N/O,False
GYPMBQZAVBFUIZ-UHFFFAOYSA-N,2,5.354900000000001,5.354900000000001,0.06378103166302647,5.3098,5.4,0.04510000000000014,0.09020000000000028,COc1ccc(C)cc1OC,False
JSGBTKWCLLGUQI-UHFFFAOYSA-O,1,5.549,5.549,,5.549,5.549,0.0,0.0,Cc1ccc(O)cc1[N+](C)(C)C,False
HVEHGQRVGLFZTA-WMCAAGNKSA-O,2,7.5261949999999995,7.5261949999999995,0.08084351829305816,7.46903,7.58336,0.05716499999999991,0.11432999999999982,CNC(=O)Oc1ccc2c(c1)[C@]1(C)CC[N+](C)(C)C1N2C,False
VPOGYXOJCCWVRS-UHFFFAOYSA-O,1,5.02228,5.02228,,5.02228,5.02228,0.0,0.0,CCCCCCCCOC[n+]1ccn(C)c1/C=N/O,False
HOSCJRGANCGYJR-UHFFFAOYSA-O,1,4.25181,4.25181,,4.25181,4.25181,0.0,0.0,Cn1cc[n+](COCC2CCCc3ccccc32)c1/C=N/O,False
ZDCQKZOFWPDZHL-UHFFFAOYSA-N,2,7.285124999999999,7.285124999999999,1.223160381164302,6.42022,8.15003,0.8649049999999998,1.7298099999999996,Cc1cccc2c1CC(C)C2=O,False
AYARUBQRJJYGCJ-UHFFFAOYSA-P,1,5.10791,5.10791,,5.10791,5.10791,0.0,0.0,Cn1cc[n+](COC[n+]2ccn(C)c2/C=N/O)c1/C=N/O,False
BTQZKHUEUDPRST-UHFFFAOYSA-N,2,7.1549,7.1549,2.609365443934598,5.3098,9.0,1.8451,3.6902,Cc1cccc(F)c1,True
RZXMPPFPUUCRFN-UHFFFAOYSA-N,2,6.374885,6.374885,1.5062576520801476,5.3098,7.43997,1.0650849999999998,2.1301699999999997,Cc1ccc(N)cc1,True
KCIZTNZGSBSSRM-UHFFFAOYSA-N,2,5.3099,5.3099,0.0001414213562369799,5.3098,5.31,9.999999999976694e-05,0.00019999999999953388,COc1cc(C)cc(OC)c1OC,False
LWTBLXRZFDITBS-UHFFFAOYSA-N,1,5.224,5.224,,5.224,5.224,0.0,0.0,CCC(=O)Oc1cccc([N+](C)(C)C)c1,False
SYVBUHCFIUTJIU-UHFFFAOYSA-O,1,4.67366,4.67366,,4.67366,4.67366,0.0,0.0,Cn1cc[n+](COCCCc2ccccc2)c1/C=N/O,False
WHEBWOWRTSFQQO-UHFFFAOYSA-N,2,7.65015,7.65015,1.7393836867695405,6.42022,8.88008,1.22993,2.45986,COc1cc2c(cc1O)C(=O)C(C)C2,True
CHLICZRVGGXEOD-UHFFFAOYSA-N,2,5.3749,5.3749,0.09206530291048871,5.3098,5.44,0.06510000000000016,0.13020000000000032,COc1ccc(C)cc1,False
ZSOHEKFEVDPZKH-UHFFFAOYSA-N,2,7.030094999999999,7.030094999999999,0.8624934963522919,6.42022,7.63997,0.6098750000000002,1.2197500000000003,CC1Cc2cc3c(cc2C1=O)OCO3,False
BEKNOGMQVKBMQN-UHFFFAOYSA-N,2,6.625109999999999,6.625109999999999,0.2897582167946241,6.42022,6.83,0.20489000000000024,0.4097800000000005,CC1Cc2ccccc2C1=O,False
MMZYCBHLNZVROM-UHFFFAOYSA-N,2,6.664899999999999,6.664899999999999,1.916400798371781,5.3098,8.02,1.3550999999999997,2.7101999999999995,Cc1ccccc1F,True
CZVATJJPBCSTOP-UHFFFAOYSA-N,1,4.161,4.161,,4.161,4.161,0.0,0.0,CCC(=O)Oc1ccc(C)c([N+](C)(C)C)c1,False
MWXYUIGGCLHWEP-UHFFFAOYSA-N,2,7.170159999999999,7.170159999999999,1.0605753189660792,6.42022,7.9201,0.74994,1.49988,COc1cccc2c1CC(C)C2=O,False
UCMACRIRPLDMDR-UHFFFAOYSA-N,2,6.7401,6.7401,0.45237863433190617,6.42022,7.05998,0.3198800000000004,0.6397600000000008,COc1ccc2c(c1OC)C(=O)C(C)C2,False
KXDHJXZQYSOELW-UHFFFAOYSA-N,1,4.17393,4.17393,,4.17393,4.17393,0.0,0.0,NC(=O)O,False
UKCYTFTWLWVZSO-UHFFFAOYSA-N,1,4.072,4.072,,4.072,4.072,0.0,0.0,CC(=O)CCC[N+](C)(C)C,False
ADCFWPUIUIMSJH-UHFFFAOYSA-N,1,4.389,4.389,,4.389,4.389,0.0,0.0,CC(=O)Oc1cccc([N+](C)(C)C)c1C,False
HXNYDAPJYULVFH-UHFFFAOYSA-O,1,4.56067,4.56067,,4.56067,4.56067,0.0,0.0,CCCCOC[n+]1ccn(C)c1/C=N/O,False
HIQOGHGGZYIFQJ-UHFFFAOYSA-N,2,6.420109999999999,6.420109999999999,0.00015556349186048949,6.42,6.42022,0.00010999999999983245,0.0002199999999996649,COc1cc2c(cc1O)CC(C)C2=O,False
TZWZRRWSJYZVDA-UHFFFAOYSA-O,1,4.37675,4.37675,,4.37675,4.37675,0.0,0.0,Cn1cc[n+](COCC2CCCCC2)c1/C=N/O,False
PJJMKVJLFRGNKC-UHFFFAOYSA-N,2,6.930095,6.930095,0.7210721401149819,6.42022,7.43997,0.5098750000000001,1.0197500000000002,COc1ccc(OC)c2c1CC(C)C2=O,False
YXFVVABEGXRONW-UHFFFAOYSA-N,2,6.794905,6.794905,2.100255632548096,5.3098,8.28001,1.4851050000000003,2.9702100000000007,Cc1ccccc1,True
ZPTVNYMJQHSSEA-UHFFFAOYSA-N,2,6.1549,6.1549,1.1951518815615028,5.3098,7.0,0.8451,1.6902,Cc1ccc([N+](=O)[O-])cc1,False
HMFWEHZULGHDQI-UHFFFAOYSA-O,1,5.42022,5.42022,,5.42022,5.42022,0.0,0.0,Cn1cc[n+](COCc2cccc3ccccc23)c1/C=N/O,False
BABIQLUCYVRCIX-UHFFFAOYSA-N,2,6.560105,6.560105,0.19782726417256014,6.42022,6.69999,0.13988500000000004,0.2797700000000001,CC1Cc2ccc(F)cc2C1=O,False
IWDCLRJOBJJRNH-UHFFFAOYSA-N,2,7.024865,7.024865,2.4254681833514113,5.3098,8.73993,1.7150649999999996,3.4301299999999992,Cc1ccc(O)cc1,True
RLSSMJSEOOYNOY-UHFFFAOYSA-N,2,6.324895,6.324895,1.4355611160971173,5.3098,7.33999,1.015095,2.03019,Cc1cccc(O)c1,True
ZFCHOIXDYDKFFE-UHFFFAOYSA-O,1,4.9393,4.9393,,4.9393,4.9393,0.0,0.0,CC(OC[n+]1ccn(C)c1/C=N/O)C(C)(C)C,False
NNZHVFBIRACHKV-UHFFFAOYSA-O,1,5.507,5.507,,5.507,5.507,0.0,0.0,Cc1ccc([N+](C)(C)C)cc1O,False
GTAAATRYBZPXRU-UHFFFAOYSA-O,1,4.60206,4.60206,,4.60206,4.60206,0.0,0.0,CCCCCCOC[n+]1ccn(C)c1/C=N/O,False
CFMRJASTZUANCF-UHFFFAOYSA-O,1,4.25181,4.25181,,4.25181,4.25181,0.0,0.0,Cn1cc[n+](COCc2ccccc2)c1/C=N/O,False
NZJAFQIOSNDHPN-UHFFFAOYSA-N,2,7.15015,7.15015,1.032276905582994,6.42022,7.88008,0.7299300000000004,1.4598600000000008,COc1cc2c(c(OC)c1OC)C(=O)C(C)C2,False
FYHHSIMJULJXFS-UHFFFAOYSA-O,1,5.07572,5.07572,,5.07572,5.07572,0.0,0.0,Cn1cc[n+](COCC(C)(C)C)c1/C=N/O,False
DRWBHZSJKUMHGN-UHFFFAOYSA-N,2,7.350115000000001,7.350115000000001,1.3150701205829298,6.42022,8.28001,0.9298950000000006,1.8597900000000012,COc1cc2c(cc1OC)C(=O)C(C)C2,False
OEUQDGNNEYCCQW-UHFFFAOYSA-N,1,5.521,5.521,,5.521,5.521,0.0,0.0,CC(=O)Oc1cccc([N+](C)(C)C)c1,False
FJZDLOMCEPUCII-UHFFFAOYSA-P,3,4.18046,4.166226666666667,0.10919794335670174,4.05061,4.26761,0.08715000000000028,0.21700000000000053,NC(=O)c1cc[n+](COC[n+]2ccccc2/C=N/O)cc1,False
CSKWZSUBRGLJBC-UHFFFAOYSA-O,1,6.012,6.012,,6.012,6.012,0.0,0.0,C[N+](C)(C)c1cccc(O)c1,False
SGQWBLZOAMEWFW-UHFFFAOYSA-N,1,4.48149,4.48149,,4.48149,4.48149,0.0,0.0,Cc1n(C)cc[n+]1COC(C)C(C)(C)C,False
OSIGJGFTADMDOB-UHFFFAOYSA-N,2,5.984895,5.984895,0.9547285048902643,5.3098,6.65999,0.6750949999999998,1.3501899999999996,COc1cccc(C)c1,False
ANVLUJVUZOJZJH-UHFFFAOYSA-N,2,7.3100950000000005,7.3100950000000005,1.2584732938167582,6.42022,8.19997,0.8898750000000004,1.7797500000000008,CCOc1cc2c(cc1OCC)C(=O)C(C)C2,False
MFCLOAFNUWAGGB-UHFFFAOYSA-N,2,6.79012,6.79012,0.5231175967218084,6.42022,7.16002,0.36990000000000034,0.7398000000000007,Cc1ccc2c(c1)C(=O)C(C)C2,False
QZYHIOPPLUPUJF-UHFFFAOYSA-N,2,6.8549050000000005,6.8549050000000005,2.1851084462904806,5.3098,8.40001,1.545105,3.09021,Cc1cccc([N+](=O)[O-])c1,True
ZPRBOWQPJKXKDP-UHFFFAOYSA-N,1,4.056,4.056,,4.056,4.056,0.0,0.0,C[N+](C)(C)CCCBr,False
LZTBEXKKRYCYCO-UHFFFAOYSA-O,1,4.61979,4.61979,,4.61979,4.61979,0.0,0.0,CCC(OC[n+]1ccn(C)c1/C=N/O)C(C)(C)C,False
RRGLXSHXUVBPPY-UHFFFAOYSA-N,2,7.06014,7.06014,0.904983542833791,6.42022,7.70006,0.63992,1.27984,COc1ccc2c(c1OC)CC(C)C2=O,False
AGUNHRMMKYCFLG-UHFFFAOYSA-N,1,4.30103,4.30103,,4.30103,4.30103,0.0,0.0,CCc1ccc(SC(=O)OCC[N+](C)(C)C)cc1,False
WKDFOVDLOVYRAJ-TXDWVUBVSA-N,1,4.52288,4.52288,,4.52288,4.52288,0.0,0.0,CC(C)c1ccc(NC(=O)Oc2ccc3c(c2)[C@]2(C)CCN(CCc4ccccc4)C2N3C)cc1,False
DOROMHNZYQRRMY-UHFFFAOYSA-N,2,4.30103,4.30103,0.0,4.30103,4.30103,0.0,0.0,CC(C)CCSC(=O)OCC[N+](C)(C)C,False
ROYFCSCGFOUJGP-IAXKEJLGSA-N,1,6.48945,6.48945,,6.48945,6.48945,0.0,0.0,CC(C)c1ccc(NC(=O)Oc2ccc3c(c2)[C@]2(C)CCNC2N3C)cc1,False
JGAGHIIOCADQOV-QWAKEFERSA-N,1,7.98716,7.98716,,7.98716,7.98716,0.0,0.0,Cc1ccccc1NC(=O)Oc1ccc2c(c1)[C@]1(C)CCN(C)C1N2C,False
MYPUMOKORCCVMS-UHFFFAOYSA-N,2,4.048455000000001,4.048455000000001,0.06852571816478883,4.0,4.09691,0.04845500000000014,0.09691000000000027,CCCCCCSC(=O)OCC[N+](C)(C)C,False
BNHHOLFSTKWHNP-ACEFPKFPSA-N,1,4.88606,4.88606,,4.88606,4.88606,0.0,0.0,CC(C)c1ccc(NC(=O)Oc2ccc3c(c2)[C@]2(C)CCN(C)C2N3Cc2ccccc2)cc1,False
QKHHDZBHOMQEPG-UHFFFAOYSA-N,1,4.30103,4.30103,,4.30103,4.30103,0.0,0.0,CCc1ccccc1SC(=O)OCC[N+](C)(C)C,False
ZIGIADNCAWZUAB-QWAKEFERSA-N,1,6.95861,6.95861,,6.95861,6.95861,0.0,0.0,CC(C)c1ccc(NC(=O)Oc2ccc3c(c2)[C@]2(C)CCNC2N3)cc1,False
JUMAYBXZTMUVES-BENRWUELSA-N,1,4.04576,4.04576,,4.04576,4.04576,0.0,0.0,CCN(CC)CCS/C(=N\O)c1nc(C)no1,False
KPWSFHABVRXVSI-ZPHPHTNESA-N,1,6.0,6.0,,6.0,6.0,0.0,0.0,CCCCCCCCc1noc(/C(=N/O)SCCN(CC)CC)n1,False
NKJRRVBTMYRXRB-YANBTOMASA-N,1,6.12033,6.12033,,6.12033,6.12033,0.0,0.0,CC(C)c1ccc(NC(=O)Oc2ccc3c(c2)[C@]2(C)CCN(C)C2N3C)cc1,False
QZIXJLSOJNMYMO-ICFOKQHNSA-N,1,5.22185,5.22185,,5.22185,5.22185,0.0,0.0,CCN(CC)CCS/C(=N\O)c1nc(-c2ccccc2)no1,False
ZRWYMOGAPUKQLT-IJHRGXPZSA-N,1,7.39794,7.39794,,7.39794,7.39794,0.0,0.0,Cc1ccccc1NC(=O)Oc1ccc2c(c1)[C@]1(C)CCN(C)C1N2,False
YSHGAURKQQQQLD-STJUJJKNSA-N,1,5.75449,5.75449,,5.75449,5.75449,0.0,0.0,Cc1ccccc1NC(=O)Oc1ccc2c(c1)[C@]1(C)CCN(Cc3ccccc3)C1N2Cc1ccccc1,False
NWWRUCBZOXVDBP-UHFFFAOYSA-N,1,4.39794,4.39794,,4.39794,4.39794,0.0,0.0,CCC(C)(C)SC(=O)OCC[N+](C)(C)C,False
QJNHONPWJGXIOZ-IJHRGXPZSA-N,1,7.76955,7.76955,,7.76955,7.76955,0.0,0.0,Cc1ccccc1NC(=O)Oc1ccc2c(c1)[C@]1(C)CCNC1N2C,False
HFXBBZYSRYHHRW-NNBQYGFHSA-N,1,6.54516,6.54516,,6.54516,6.54516,0.0,0.0,Cc1ccccc1NC(=O)Oc1ccc2c(c1)[C@]1(C)CCNC1N2,False
XMVIJBDXRKNDBR-UHFFFAOYSA-N,1,4.30103,4.30103,,4.30103,4.30103,0.0,0.0,CCCCCCCSC(=O)OCC[N+](C)(C)C,False
VUWBYSXJTSFIKC-XZEQTHJSSA-N,1,4.52288,4.52288,,4.52288,4.52288,0.0,0.0,CC(C)c1ccc(NC(=O)Oc2ccc3c(c2)[C@]2(C)CCN(Cc4ccccc4)C2N3Cc2ccccc2)cc1,False
GUUSRQYNMVBLTK-GPNIZQGCSA-N,1,7.0,7.0,,7.0,7.0,0.0,0.0,Cc1ccccc1NC(=O)Oc1ccc2c(c1)[C@]1(C)CCN(C)C1N2Cc1ccccc1,False
WZMBVGKJFPMNGN-IAXKEJLGSA-N,1,5.69465,5.69465,,5.69465,5.69465,0.0,0.0,CC(C)c1ccc(NC(=O)Oc2ccc3c(c2)[C@]2(C)CCN(C)C2N3)cc1,False
KDJIRJJIEGFPOG-UHFFFAOYSA-N,2,5.19897,5.19897,1.2698789261972971,4.30103,6.09691,0.8979400000000002,1.7958800000000004,CCCCCSC(=O)OCC[N+](C)(C)C,False
HCBSSGQSRQHLQJ-VLGSPTGOSA-N,1,4.52288,4.52288,,4.52288,4.52288,0.0,0.0,CCN(CC)CCS/C(=N\O)c1nc(Cc2ccccc2)no1,False
XVAIKIDWWWIJHZ-RXBHZZDJSA-N,1,6.25964,6.25964,,6.25964,6.25964,0.0,0.0,Cc1ccccc1NC(=O)Oc1ccc2c(c1)[C@]1(C)CCN(CCc3ccccc3)C1N2C,False
REQCZEXYDRLIBE-UHFFFAOYSA-N,2,6.0,6.0,0.0,6.0,6.0,0.0,0.0,CCN(CC)CCNC(=O)c1ccc(N)cc1,False
PZRHMLTUOQZGFU-UHFFFAOYSA-N,1,5.43652,5.43652,,5.43652,5.43652,0.0,0.0,c1ccc2c(c1)CN1CCCCC1=N2,False
ZSYBVMLBRRAALN-UHFFFAOYSA-N,1,6.30103,6.30103,,6.30103,6.30103,0.0,0.0,Clc1ccc2c(c1)CN1CCCCCC1=N2,False
XDJOJDHEYDJBLQ-UHFFFAOYSA-N,3,8.42136,8.023923333333334,0.9175198598577219,6.97469,8.67572,0.25436000000000014,1.7010300000000003,CCC1=CC2Cc3nc4cc(F)ccc4c(N)c3C(C1)C2,False
QTPHSDHUHXUYFE-KIYNQFGBSA-N,4,9.041775000000001,8.8036975,0.8098339756343067,7.63639,9.49485,0.2681199999999997,1.85846,CCC1=CC2Cc3nc4cc(Cl)ccc4c(N)c3[C@@H](C1)C2,False
ATSTYEGQPOWINW-UHFFFAOYSA-N,1,6.36051,6.36051,,6.36051,6.36051,0.0,0.0,CC1=CC2CC(C1)Cc1nc3ccccc3c(N)c12,False
IPSRZRXARJYFKS-UHFFFAOYSA-N,1,5.82391,5.82391,,5.82391,5.82391,0.0,0.0,Clc1cccc2c1N=C1CCCCCN1C2,False
RSDNICWRHUAZOZ-UHFFFAOYSA-N,1,8.85699,8.85699,,8.85699,8.85699,0.0,0.0,CCC1=CC2Cc3nc4cc(Cl)cc(Cl)c4c(N)c3C(C1)C2,False
YQSFVLAYSTUSTE-UHFFFAOYSA-N,1,5.89963,5.89963,,5.89963,5.89963,0.0,0.0,N=c1c2ccc(Cl)cc2nc2n1CCCCC2,False
NQPUWKFWGHITSP-UHFFFAOYSA-N,1,7.28735,7.28735,,7.28735,7.28735,0.0,0.0,CC1=CC2Cc3nc4ccccc4c(N)c3C(C1)C2,False
GXAOGWQBVDMAMQ-UHFFFAOYSA-N,2,4.0,4.0,0.0,4.0,4.0,0.0,0.0,O=c1c2ccc(Cl)cc2nc2n1CCCCC2,False
GCTYUVIIPGRTHM-UHFFFAOYSA-N,1,5.03621,5.03621,,5.03621,5.03621,0.0,0.0,c1ccc2c(c1)CN1CCCCCCC1=N2,False
UKCBMHDZLYYTMI-UHFFFAOYSA-N,11,9.10791,8.873914545454546,0.6837452211659488,6.91009,9.49485,0.13729000000000013,2.5847599999999993,CC1=CC2Cc3nc4cc(Cl)ccc4c(N)c3C(C1)C2,False
TUVOGCOVFCKQFT-UHFFFAOYSA-N,1,7.53018,7.53018,,7.53018,7.53018,0.0,0.0,CCC1=CC2Cc3nc4cccc(F)c4c(N)c3C(C1)C2,False
RROMZQOFYWOWAP-UHFFFAOYSA-N,1,6.37161,6.37161,,6.37161,6.37161,0.0,0.0,CCC1=CC2Cc3nc4ccc(Cl)cc4c(N)c3C(C1)C2,False
NKJPXDDMWQSODY-UHFFFAOYSA-N,1,8.65758,8.65758,,8.65758,8.65758,0.0,0.0,CC1=CC2Cc3nc4cc(F)cc(F)c4c(N)c3C(C1)C2,False
OMWVNMMKKOBHLD-UHFFFAOYSA-N,1,5.76955,5.76955,,5.76955,5.76955,0.0,0.0,Clc1cccc2c1CN1CCCCCC1=N2,False
RNTAEWUQJLKDIO-UHFFFAOYSA-N,1,7.42251,7.42251,,7.42251,7.42251,0.0,0.0,CCC1=CC2Cc3nc4ccccc4c(N)c3C(C1)C2,False
WUFQLZTXIWKION-UHFFFAOYSA-N,2,5.527355,5.527355,0.13844443668851455,5.42946,5.62525,0.09789500000000029,0.19579000000000057,c1ccc2c(c1)CN1CCCC1=N2,False
HXXFZJUEWKJOGB-UHFFFAOYSA-N,1,7.451,7.451,,7.451,7.451,0.0,0.0,CC1=CC2Cc3nc4cccc(F)c4c(N)c3C(C1)C2,False
GOVGODJNGLRRGL-UHFFFAOYSA-N,1,8.30452,8.30452,,8.30452,8.30452,0.0,0.0,CCC1=CC2Cc3nc4cc(C)cc(C)c4c(N)c3C(C1)C2,False
CPGLYAIYMGVIIO-WDEREUQCSA-N,1,8.33913,8.33913,,8.33913,8.33913,0.0,0.0,CC1=C[C@@H]2Cc3nc4cc(F)ccc4c(N)c3[C@H](C1)C2,False
JTXWLCKLIIRZKL-UHFFFAOYSA-N,1,7.11407,7.11407,,7.11407,7.11407,0.0,0.0,CCC1=CC2CC(C1)Cc1nc3ccccc3c(N)c12,False
JHFVYQMIQHRAQS-UHFFFAOYSA-N,1,6.80134,6.80134,,6.80134,6.80134,0.0,0.0,Clc1ccc2c(c1)N=C1CCCCCN1C2,False
BDWDPIJBKASPLW-UHFFFAOYSA-N,1,4.86934,4.86934,,4.86934,4.86934,0.0,0.0,c1ccc2c(c1)CN1CCCCCCCC1=N2,False
HZJMNKSWEHKWFT-UHFFFAOYSA-N,2,4.0,4.0,0.0,4.0,4.0,0.0,0.0,S=c1c2ccc(Cl)cc2nc2n1CCCCC2,False
CCZAEYNRTVFBFH-UHFFFAOYSA-N,1,7.93181,7.93181,,7.93181,7.93181,0.0,0.0,CCC1=CC2Cc3nc4cccc(Cl)c4c(N)c3C(C1)C2,False
AQTFLSFWSDSMCO-UHFFFAOYSA-N,1,8.75449,8.75449,,8.75449,8.75449,0.0,0.0,CCC1=CC2Cc3nc4cc(F)cc(F)c4c(N)c3C(C1)C2,False
SQXQVLHHMMAJIL-UHFFFAOYSA-N,1,5.42481,5.42481,,5.42481,5.42481,0.0,0.0,c1ccc2c(c1)CN1CCCCCC1=N2,False
ZCUGLCPNDXQRDS-UHFFFAOYSA-N,2,7.521435,7.521435,0.002043538597629321,7.51999,7.52288,0.0014449999999999186,0.002889999999999837,O=C(CCC1CCN(Cc2ccccc2)CC1)c1ccc2c(c1)OCCO2,False
OQDJCMHCDIHYKT-UHFFFAOYSA-N,1,7.65758,7.65758,,7.65758,7.65758,0.0,0.0,Cc1cc(C(=O)CCC2CC[N+](C)(Cc3ccccc3)CC2)nn1-c1ccccc1,False
YXBRWTPSYYDWIO-UHFFFAOYSA-N,1,6.16749,6.16749,,6.16749,6.16749,0.0,0.0,CN(C)Cc1ccc(CSCCNc2cc(Nc3ccc(F)cc3)c([N+](=O)[O-])cc2[N+](=O)[O-])o1,False
MGRJGBMUVSCADJ-UHFFFAOYSA-N,2,7.00087,7.00087,0.5389285043491389,6.61979,7.38195,0.38107999999999986,0.7621599999999997,C[N+]1(Cc2ccccc2)CCC(CCC(=O)c2ccc3c(c2)OCO3)CC1,False
HVWVPJQXLNDOEK-UHFFFAOYSA-N,2,7.48149,7.48149,0.0,7.48149,7.48149,0.0,0.0,O=C(CCC1CCN(Cc2ccccc2)CC1)c1ccc2[nH]c(-c3ccccc3)nc2c1,False
HBZHFOIRLAOODA-UHFFFAOYSA-N,1,5.92082,5.92082,,5.92082,5.92082,0.0,0.0,CCCCCNc1cc(NCCSCc2ccc(CN(C)C)o2)c([N+](=O)[O-])cc1[N+](=O)[O-],False
FXEKYXNHJDVDPK-UHFFFAOYSA-N,1,6.35655,6.35655,,6.35655,6.35655,0.0,0.0,CC(C)=NNc1cc(NCCSCc2ccc(CN(C)C)o2)c([N+](=O)[O-])cc1[N+](=O)[O-],False
ADLLVJJAMGWNEL-UHFFFAOYSA-N,1,5.67778,5.67778,,5.67778,5.67778,0.0,0.0,CN(C)Cc1ccc(CSCCNc2cccc(F)c2C#N)o1,False
NEZXWTGSAGKVIL-UHFFFAOYSA-N,1,6.18709,6.18709,,6.18709,6.18709,0.0,0.0,CN(C)Cc1ccc(CSCCNc2ccc(F)cc2[N+](=O)[O-])o1,False
HGNLDJVZZAVQMR-UHFFFAOYSA-N,1,7.30103,7.30103,,7.30103,7.30103,0.0,0.0,COc1ccc2cc(C(=O)CCC3CC[N+](C)(Cc4ccccc4)CC3)ccc2c1,False
NMIVJPRSJCLQCG-UHFFFAOYSA-N,1,6.50864,6.50864,,6.50864,6.50864,0.0,0.0,CN(C)Cc1ccc(CSCCNc2cc(NCc3cccnc3)c([N+](=O)[O-])cc2[N+](=O)[O-])o1,False
XHKYPQJDZKCEOF-UHFFFAOYSA-N,1,7.76955,7.76955,,7.76955,7.76955,0.0,0.0,C[N+]1(Cc2ccccc2)CCC(CCC(=O)c2ccc3c(c2)CCO3)CC1,False
XHKYPQJDZKCEOF-FEHRVWHQSA-N,1,7.18046,7.18046,,7.18046,7.18046,0.0,0.0,C[N@+]1(Cc2ccccc2)CC[C@H](CCC(=O)c2ccc3c(c2)CCO3)CC1,False
KXMCSAUVAHKCOR-UHFFFAOYSA-N,1,7.35164,7.35164,,7.35164,7.35164,0.0,0.0,COc1cc2cc(-c3ccc(CN(C)Cc4ccccc4)cc3)c(=O)oc2cc1OC,False
LAFTTYMJFZRMQP-UHFFFAOYSA-N,1,6.92082,6.92082,,6.92082,6.92082,0.0,0.0,CN(C)Cc1ccc(CSCCNc2cc(F)c([N+](=O)[O-])cc2[N+](=O)[O-])o1,False
HAFSYIUXFNUVMN-UHFFFAOYSA-N,1,7.08092,7.08092,,7.08092,7.08092,0.0,0.0,CN(C)Cc1ccc(CSCCNc2cc(N)c([N+](=O)[O-])cc2[N+](=O)[O-])o1,False
USMKQGWAOUAYSP-UHFFFAOYSA-N,1,6.92082,6.92082,,6.92082,6.92082,0.0,0.0,COc1cc2cc(C(=O)CCC3CC[N+](C)(Cc4ccccc4)CC3)n(C)c2cc1OC,False
PJCKCTODZPQSKT-UHFFFAOYSA-N,1,7.11919,7.11919,,7.11919,7.11919,0.0,0.0,CN(C)Cc1ccc(CSCCNc2cc(NN)c([N+](=O)[O-])cc2[N+](=O)[O-])o1,False
JONYPUKQVRMTRD-UHFFFAOYSA-N,1,6.58503,6.58503,,6.58503,6.58503,0.0,0.0,CCCNc1cc(NCCSCc2ccc(CN(C)C)o2)c([N+](=O)[O-])cc1[N+](=O)[O-],False
FYRCWIJBSJSDHG-UHFFFAOYSA-N,1,6.18709,6.18709,,6.18709,6.18709,0.0,0.0,CN(C)Cc1ccc(CSCCNc2cc(Nc3ncccc3[N+](=O)[O-])c([N+](=O)[O-])cc2[N+](=O)[O-])o1,False
GUSIEDDJDIMRDC-UHFFFAOYSA-N,1,6.79588,6.79588,,6.79588,6.79588,0.0,0.0,CNc1cc(NCCSCc2ccc(CN(C)C)o2)c([N+](=O)[O-])cc1[N+](=O)[O-],False
ONUDLXFZUHMOLF-UHFFFAOYSA-N,1,6.30103,6.30103,,6.30103,6.30103,0.0,0.0,C[N+]1(Cc2ccccc2)CCC(CCC(=O)c2ccc3c(c2)NCCCC3)CC1,False
WUDBCFDOLSHYHH-UHFFFAOYSA-N,2,8.16749,8.16749,0.0,8.16749,8.16749,0.0,0.0,Cc1nc2ccc(C(=O)CCC3CCN(Cc4ccccc4)CC3)cc2s1,False
FESJTOGKKMDYHG-LWSHRDBSSA-N,1,6.30103,6.30103,,6.30103,6.30103,0.0,0.0,COc1ccc2c3c1OC1C[C@@H](O)C=C[C@@]31CC[N+](C)(C)C2,False
MVJGXHDGHVCSQW-UHFFFAOYSA-N,1,6.20066,6.20066,,6.20066,6.20066,0.0,0.0,CN(C)Cc1ccc(CSCCNc2cc(Nc3ccccc3C#N)c([N+](=O)[O-])cc2[N+](=O)[O-])o1,False
YYWGABLTRMRUIT-HWWQOWPSSA-N,1,7.52288,7.52288,,7.52288,7.52288,0.0,0.0,CC1=C[C@H]2Cc3[nH]c(=O)ccc3[C@]3(C1)NCCC[C@H]23,False
NMPLPABDEKPABN-UHFFFAOYSA-N,2,8.36653,8.36653,0.0,8.36653,8.36653,0.0,0.0,CCn1c(C)nc2cc(C(=O)CCC3CCN(Cc4ccccc4)CC3)ccc21,False
LFSPBUWIBYIALD-UHFFFAOYSA-N,1,6.284,6.284,,6.284,6.284,0.0,0.0,CN(C)CCNc1cc(NCCSCc2ccc(CN(C)C)o2)c([N+](=O)[O-])cc1[N+](=O)[O-],False
XDGMPBUKARQUCK-UHFFFAOYSA-N,2,6.5157,6.5157,0.0,6.5157,6.5157,0.0,0.0,O=C(CCC1CCN(Cc2ccccc2)CC1)c1ccccc1,False
YCFVMRRJBBQZHF-UHFFFAOYSA-N,1,6.4318,6.4318,,6.4318,6.4318,0.0,0.0,CN(C)Cc1ccc(CSCCNc2cc(NCCCN3CCOCC3)c([N+](=O)[O-])cc2[N+](=O)[O-])o1,False
YSANROTYHBNTDV-UHFFFAOYSA-N,1,6.3279,6.3279,,6.3279,6.3279,0.0,0.0,CN(C)Cc1ccc(CSCCNc2nnccc2[N+](=O)[O-])o1,False
ZXWMHVSJDRFKHN-UHFFFAOYSA-N,1,6.16115,6.16115,,6.16115,6.16115,0.0,0.0,CN(C)Cc1ccc(CSCCNc2cc(NCc3ccccc3)c([N+](=O)[O-])cc2[N+](=O)[O-])o1,False
LCSLDZZBWHBLFA-UHFFFAOYSA-N,1,6.56864,6.56864,,6.56864,6.56864,0.0,0.0,CN(C)Cc1ccc(CSCCNc2cc(Oc3ccc([N+](=O)[O-])cc3)c([N+](=O)[O-])cc2[N+](=O)[O-])o1,False
PMBLXLOXUGVTGB-UHFFFAOYSA-N,3,6.71001,6.670346666666667,0.3511689767524079,6.30103,7.0,0.2899900000000004,0.6989700000000001,O=C(CCC1CCN(Cc2ccccc2)CC1)c1ccc2c(c1)NCCCC2,False
MNJMLCSCGCADPC-UHFFFAOYSA-N,1,7.60206,7.60206,,7.60206,7.60206,0.0,0.0,COc1cc2c(cc1OC)C(=O)C(CC1CC[N+](C)(Cc3ccccc3)CC1)C2,False
IBNAPGSCYPCZRO-UHFFFAOYSA-N,1,5.88606,5.88606,,5.88606,5.88606,0.0,0.0,CN(C)Cc1ccc(CSCCNc2cc(NCc3ccccn3)c([N+](=O)[O-])cc2[N+](=O)[O-])o1,False
LTHKGHCYYOBVQU-UHFFFAOYSA-N,2,7.92082,7.92082,0.0,7.92082,7.92082,0.0,0.0,Cc1nc2cc(C(=O)CCC3CCN(Cc4ccccc4)CC3)ccc2[nH]1,False
CWPJXPVVERJSEL-UHFFFAOYSA-N,1,7.0,7.0,,7.0,7.0,0.0,0.0,C[N+]1(Cc2ccccc2)CCC(CCC(=O)c2ccc3c(c2)OCCO3)CC1,False
GWLYGKHENDIOMW-UHFFFAOYSA-N,1,6.69897,6.69897,,6.69897,6.69897,0.0,0.0,CN(C)Cc1ccc(CSCCNc2ccc([N+](=O)[O-])cc2[N+](=O)[O-])o1,False
XNXQIZLRSMQRTH-UHFFFAOYSA-N,1,6.85699,6.85699,,6.85699,6.85699,0.0,0.0,C[N+]1(Cc2ccccc2)CCC(CCC(=O)c2ccc3c(c2)CCCCO3)CC1,False
GXKOKBLWYHLOTL-UHFFFAOYSA-N,1,6.19382,6.19382,,6.19382,6.19382,0.0,0.0,CN(C)Cc1ccc(CSCCNc2cc(Nc3ccccc3)c([N+](=O)[O-])cc2[N+](=O)[O-])o1,False
JCINWKNLTDEYIA-UHFFFAOYSA-N,1,4.0,4.0,,4.0,4.0,0.0,0.0,CC1=CC2Cc3nc(O)ccc3C3(C1)C2CCCN3C,False
AIHREYCBCYOMLZ-UHFFFAOYSA-N,1,7.52288,7.52288,,7.52288,7.52288,0.0,0.0,CC(c1cccc(OC(=O)N(C)C)c1)N(C)C,False
LHXOCOHMBFOVJS-UHFFFAOYSA-N,1,4.3279,4.3279,,4.3279,4.3279,0.0,0.0,C#CCNC1CCc2ccc(OC(=O)N(C)CC)cc21,False
KMLJERDDNFAXKC-UHFFFAOYSA-N,1,5.97062,5.97062,,5.97062,5.97062,0.0,0.0,CNC1CCc2ccc(OC(=O)N(C)C)cc21,False
KIJIBWBXZSOASH-UHFFFAOYSA-N,1,4.68403,4.68403,,4.68403,4.68403,0.0,0.0,CCN(C)C(=O)Oc1cccc(CCNC)c1,False
CAFPZIPDWWVNRP-UHFFFAOYSA-N,1,5.66756,5.66756,,5.66756,5.66756,0.0,0.0,C#CCNC1CCc2c(OC(=O)N(C)CC)cccc21,False
DTDDAECOCAIMMO-UHFFFAOYSA-N,1,4.86328,4.86328,,4.86328,4.86328,0.0,0.0,C#CCNC1CCc2ccc(OC(=O)NCC)cc21,False
IHKBTMWREIJCDJ-UHFFFAOYSA-N,1,4.61083,4.61083,,4.61083,4.61083,0.0,0.0,CCNC1CCc2ccc(OC(=O)N(C)C)cc21,False
JHNADFDOHHLJBW-UHFFFAOYSA-N,1,8.04576,8.04576,,8.04576,8.04576,0.0,0.0,CN(C)C(=O)Oc1cccc2c1CCC2N,False
BTUDKCQXCPEJPA-UHFFFAOYSA-N,1,4.88941,4.88941,,4.88941,4.88941,0.0,0.0,C#CCN(C)C1CCc2ccc(OC(=O)N(C)C)cc21,False
YNBUJXJHKVCTQX-GOSISDBHSA-N,1,5.69897,5.69897,,5.69897,5.69897,0.0,0.0,C#CCN(C)[C@H](C)Cc1cccc(OC(=O)N(C)CCCCCC)c1,False
HVCOWYUWVWKCLH-UHFFFAOYSA-N,1,5.60206,5.60206,,5.60206,5.60206,0.0,0.0,C#CCNC1CCc2cccc(OC(=O)N(C)C)c21,False
UJAUBYKRRBNBIA-UHFFFAOYSA-N,1,5.74958,5.74958,,5.74958,5.74958,0.0,0.0,C#CCNC1CCc2ccc(OC(=O)N(C)Cc3ccccc3)cc21,False
FTMQGFFVKGHYEQ-QGZVFWFLSA-N,1,5.10237,5.10237,,5.10237,5.10237,0.0,0.0,C#CCN(C)[C@H](C)Cc1cccc(OC(=O)N(C)C2CCCCC2)c1,False
RVNORUCXEIIROU-UHFFFAOYSA-N,1,5.4023,5.4023,,5.4023,5.4023,0.0,0.0,CN(C(=O)Oc1ccc2c(c1)C(N)CC2)C1CCCCC1,False
MZIWFTSSRZWRER-UHFFFAOYSA-N,1,4.41341,4.41341,,4.41341,4.41341,0.0,0.0,CCN(C)C(=O)Oc1ccc2c(c1)C(NC)CC2,False
LHXOCOHMBFOVJS-OAHLLOKOSA-N,3,4.49757,4.42527,0.12522727338722975,4.28067,4.49757,0.0,0.21689999999999987,C#CCN[C@@H]1CCc2ccc(OC(=O)N(C)CC)cc21,False
SWJOXUUDOHBIRE-UHFFFAOYSA-N,1,4.44977,4.44977,,4.44977,4.44977,0.0,0.0,CCN(C)C(=O)Oc1cccc(CCN)c1,False
SCCJJYBHVYFWSB-UHFFFAOYSA-N,1,4.48017,4.48017,,4.48017,4.48017,0.0,0.0,C#CCN(C)C(C)Cc1cccc(OC(=O)N(C)CCC)c1,False
NMRHFLBCBDWJRZ-UHFFFAOYSA-N,1,6.0655,6.0655,,6.0655,6.0655,0.0,0.0,C#CCNC1CCc2ccc(OC(=O)N(C)c3ccc(OC)cc3)cc21,False
KNFAZGBZIYULFY-UHFFFAOYSA-N,1,5.82974,5.82974,,5.82974,5.82974,0.0,0.0,CN(C)C(=O)Oc1ccc2c(c1)C(N)CCC2,False
MVADBDFEPSYKSC-UHFFFAOYSA-N,1,6.27572,6.27572,,6.27572,6.27572,0.0,0.0,CCCCCCN(C)C(=O)Oc1ccc2c(c1)C(N)CC2,False
AAHXNWIGTPUBBQ-UHFFFAOYSA-N,1,4.75203,4.75203,,4.75203,4.75203,0.0,0.0,CCNC(=O)Oc1ccc2c(c1)C(N)CC2,False
MNNGVKDERCDSCG-UHFFFAOYSA-N,1,5.48945,5.48945,,5.48945,5.48945,0.0,0.0,CN(C)C(=O)Oc1ccc2c(c1)CC(N)CC2,False
WKBSDSIQLLUCRW-UHFFFAOYSA-N,1,4.09909,4.09909,,4.09909,4.09909,0.0,0.0,CCN(C)C(=O)Oc1ccc2c(c1)CC(N)CC2,False
LUAGXUFRPKJMDF-UHFFFAOYSA-N,1,5.1549,5.1549,,5.1549,5.1549,0.0,0.0,C#CCN(C)C1CCc2cccc(OC(=O)N(C)C)c21,False
XFPHEDHECANCFF-UHFFFAOYSA-N,1,6.07058,6.07058,,6.07058,6.07058,0.0,0.0,C#CCN(C)CCc1cccc(OC(=O)N(C)C)c1,False
RLJGNKUWFSRASJ-UHFFFAOYSA-N,1,4.4698,4.4698,,4.4698,4.4698,0.0,0.0,C#CCNC(C)Cc1cccc(OC(=O)N(C)CC)c1,False
RCRBGLVNYDDALK-UHFFFAOYSA-N,1,4.71897,4.71897,,4.71897,4.71897,0.0,0.0,C#CCNC(C)Cc1cccc(OC(=O)N(C)CCC)c1,False
FTMQGFFVKGHYEQ-UHFFFAOYSA-N,1,5.06198,5.06198,,5.06198,5.06198,0.0,0.0,C#CCN(C)C(C)Cc1cccc(OC(=O)N(C)C2CCCCC2)c1,False
BJBNWGJTSVNTFT-UHFFFAOYSA-N,1,4.97881,4.97881,,4.97881,4.97881,0.0,0.0,CCN(C)C(=O)Oc1cccc2c1C(N)CC2,False
VMEAVLRQBIRDKD-UHFFFAOYSA-N,1,7.58503,7.58503,,7.58503,7.58503,0.0,0.0,CCN(C)C(=O)Oc1cccc2c1CCC2N,False
PBBZQCRCUHDOBK-QGZVFWFLSA-N,1,4.93554,4.93554,,4.93554,4.93554,0.0,0.0,C#CCN[C@@H]1CCc2ccc(OC(=O)N(C)CCCC)cc21,False
YNBUJXJHKVCTQX-UHFFFAOYSA-N,3,5.51428,5.56059,0.12200517489024815,5.46852,5.69897,0.04576000000000047,0.23045000000000027,C#CCN(C)C(C)Cc1cccc(OC(=O)N(C)CCCCCC)c1,False
XVQPTZAVZDYLGD-UHFFFAOYSA-N,1,4.28067,4.28067,,4.28067,4.28067,0.0,0.0,C#CCC1CCCc2ccc(OC(=O)N(C)CC)cc21,False
HLSVSCQFGAPXKJ-CQSZACIVSA-N,1,5.74473,5.74473,,5.74473,5.74473,0.0,0.0,C#CCN[C@@H]1CCc2ccc(OC(=O)N(C)C)cc21,False
HYXHQZASJISSQN-UHFFFAOYSA-N,1,6.65758,6.65758,,6.65758,6.65758,0.0,0.0,C#CCNCCc1cccc(OC(=O)N(C)C)c1,False
XACHXIXUMOMGHZ-UHFFFAOYSA-N,1,5.62342,5.62342,,5.62342,5.62342,0.0,0.0,C#CCNC1CCc2ccc(OC(=O)NCCC)cc21,False
AGATWFCSQRRDGY-UHFFFAOYSA-N,2,5.112375,5.112375,0.403849895939073,4.82681,5.39794,0.28556500000000007,0.5711300000000001,C#CCN(C)C1CCc2c(OC(=O)N(C)CC)cccc21,False
HTSFGBRWMBRBLU-UHFFFAOYSA-N,1,4.72125,4.72125,,4.72125,4.72125,0.0,0.0,CCN(C)C(=O)Oc1ccc2c(c1)C(N)CC2,False
KLKHEERGMBJKHN-UHFFFAOYSA-N,1,6.52288,6.52288,,6.52288,6.52288,0.0,0.0,COc1ccc(N(C)C(=O)Oc2ccc3c(c2)C(N)CC3)cc1,False
ZXLPWFKSNFNNOW-UHFFFAOYSA-N,1,5.78516,5.78516,,5.78516,5.78516,0.0,0.0,C#CCN(C)C(C)Cc1cccc(OC(=O)N(C)C)c1,False
ACQQSVLNYFFGER-UHFFFAOYSA-N,2,5.67061,5.67061,2.2699683311006784,4.0655,7.27572,1.6051099999999998,3.2102199999999996,C#CCNC1CCc2c(OC(=O)N(C)C)cccc21,True
VRYWLUPKBUBPFK-UHFFFAOYSA-N,1,6.29243,6.29243,,6.29243,6.29243,0.0,0.0,CNC1CCc2cccc(OC(=O)N(C)C)c21,False
SPYQRYLMKRNKFD-UHFFFAOYSA-N,1,7.88606,7.88606,,7.88606,7.88606,0.0,0.0,CN(C)C(=O)Oc1cccc2c1CCC2N(C)C,False
QZQSLQIZEWMPQS-UHFFFAOYSA-N,1,6.11919,6.11919,,6.11919,6.11919,0.0,0.0,CN(C)C(=O)Oc1ccc2c(c1)C(N)CC2,False
KUTPSNLZCMOGGE-UHFFFAOYSA-N,1,6.33724,6.33724,,6.33724,6.33724,0.0,0.0,CN(C)C(=O)Oc1cccc2c1C(N)CC2,False
QHTSCZJBKOYQDW-UHFFFAOYSA-N,1,5.4437,5.4437,,5.4437,5.4437,0.0,0.0,CCCNC1CCc2ccc(OC(=O)N(C)CC)cc21,False
HLSVSCQFGAPXKJ-AWEZNQCLSA-N,1,5.64782,5.64782,,5.64782,5.64782,0.0,0.0,C#CCN[C@H]1CCc2ccc(OC(=O)N(C)C)cc21,False
QGXVPFVJKVEMKS-UHFFFAOYSA-N,1,6.55284,6.55284,,6.55284,6.55284,0.0,0.0,CNCCc1cccc(OC(=O)N(C)C)c1,False
OGCSBPXIKACNKA-UHFFFAOYSA-N,1,5.13668,5.13668,,5.13668,5.13668,0.0,0.0,CCCN(C)C(=O)Oc1ccc2c(c1)C(N)CC2,False
IRBMYPWDNDKKOG-UHFFFAOYSA-N,1,5.82974,5.82974,,5.82974,5.82974,0.0,0.0,CCCNC(=O)Oc1ccc2c(c1)C(N)CC2,False
LHXOCOHMBFOVJS-HNNXBMFYSA-N,1,4.45717,4.45717,,4.45717,4.45717,0.0,0.0,C#CCN[C@H]1CCc2ccc(OC(=O)N(C)CC)cc21,False
JYYIBVVPCPBGPI-UHFFFAOYSA-N,1,4.35754,4.35754,,4.35754,4.35754,0.0,0.0,C#CCNC1CCc2c(Cl)cc(OC(=O)N(C)CCC)cc21,False
WPSQKSZQTBMLDQ-UHFFFAOYSA-N,1,6.79588,6.79588,,6.79588,6.79588,0.0,0.0,CN(C)CCc1cccc(OC(=O)N(C)C)c1,False
BWNGRRJLFYHENY-MRXNPFEDSA-N,1,4.96658,4.96658,,4.96658,4.96658,0.0,0.0,C#CCN[C@@H]1CCc2ccc(OC(=O)N(C)CCC)cc21,False
PBBZQCRCUHDOBK-UHFFFAOYSA-N,1,4.94692,4.94692,,4.94692,4.94692,0.0,0.0,C#CCNC1CCc2ccc(OC(=O)N(C)CCCC)cc21,False
LQVXOBJGBMHXPQ-UHFFFAOYSA-N,1,6.63827,6.63827,,6.63827,6.63827,0.0,0.0,CN(C)C(=O)Oc1cccc(CCN)c1,False
IYWJZKJJGUCNHL-UHFFFAOYSA-N,1,4.91364,4.91364,,4.91364,4.91364,0.0,0.0,C#CCNC(C)Cc1cccc(OC(=O)N(C)CCCC)c1,False
XSFXVFBRSREQBM-UHFFFAOYSA-N,1,5.4045,5.4045,,5.4045,5.4045,0.0,0.0,C#CCC1CCCc2ccc(OC(=O)N(C)C)cc21,False
SDKBXPYAKOHCMY-UHFFFAOYSA-N,1,4.85699,4.85699,,4.85699,4.85699,0.0,0.0,C#CC(C)NCCc1cccc(OC(=O)N(C)CC)c1,False
BEARQABAQRNDEO-UHFFFAOYSA-N,1,4.14026,4.14026,,4.14026,4.14026,0.0,0.0,C#CCNC1CCc2ccc(OC(=O)N(CC)CCCC)cc21,False
FKERSMNGUWCIGY-UHFFFAOYSA-N,1,4.81248,4.81248,,4.81248,4.81248,0.0,0.0,C#CCNCCc1cccc(OC(=O)N(C)CCC)c1,False
JVHQRHHNABNBOK-UHFFFAOYSA-N,1,6.26761,6.26761,,6.26761,6.26761,0.0,0.0,C#CCNC(C)Cc1cccc(OC(=O)N(C)C)c1,False
FTMQGFFVKGHYEQ-KRWDZBQOSA-N,1,5.20066,5.20066,,5.20066,5.20066,0.0,0.0,C#CCN(C)[C@@H](C)Cc1cccc(OC(=O)N(C)C2CCCCC2)c1,False
SHYBFEOFEFSCKU-UHFFFAOYSA-N,1,5.4437,5.4437,,5.4437,5.4437,0.0,0.0,C#CCNC(C)Cc1cccc(OC(=O)N(C)C2CCCCC2)c1,False
PKCPZJFXQLSLLL-UHFFFAOYSA-N,1,5.10791,5.10791,,5.10791,5.10791,0.0,0.0,CCCN(C)C(=O)Oc1cccc(CCN)c1,False
VUTBBKJTQYCZFH-UHFFFAOYSA-N,1,6.25964,6.25964,,6.25964,6.25964,0.0,0.0,C#CCNC1CCc2ccc(OC(=O)N(C)c3ccccc3)cc21,False
SWNAPNLHVDTIHF-UHFFFAOYSA-N,1,5.20621,5.20621,,5.20621,5.20621,0.0,0.0,CCN(C)C(=O)Oc1ccc2c(c1)C(N)CCC2,False
AXKIVCZKORLQHT-UHFFFAOYSA-N,1,4.74715,4.74715,,4.74715,4.74715,0.0,0.0,C#CCNC1CCc2ccc(OC(=O)N(CC)C3CCCCC3)cc21,False
BCWSWWGNHWTMQO-UHFFFAOYSA-N,1,4.59346,4.59346,,4.59346,4.59346,0.0,0.0,C#CCNC1CCc2c(Cl)cc(OC(=O)N(C)CC)cc21,False
SJXBOTSVXJTLRK-UHFFFAOYSA-N,1,4.33913,4.33913,,4.33913,4.33913,0.0,0.0,C#CCNC1CCc2cccc(OC(=O)N(C)CCC)c21,False
HLSVSCQFGAPXKJ-UHFFFAOYSA-N,1,5.5376,5.5376,,5.5376,5.5376,0.0,0.0,C#CCNC1CCc2ccc(OC(=O)N(C)C)cc21,False
PBBZQCRCUHDOBK-KRWDZBQOSA-N,1,5.03152,5.03152,,5.03152,5.03152,0.0,0.0,C#CCN[C@H]1CCc2ccc(OC(=O)N(C)CCCC)cc21,False
HTSFGBRWMBRBLU-GFCCVEGCSA-N,1,5.21183,5.21183,,5.21183,5.21183,0.0,0.0,CCN(C)C(=O)Oc1ccc2c(c1)[C@H](N)CC2,False
BWNGRRJLFYHENY-UHFFFAOYSA-N,1,4.83565,4.83565,,4.83565,4.83565,0.0,0.0,C#CCNC1CCc2ccc(OC(=O)N(C)CCC)cc21,False
QIIYPWFYWKIQNP-UHFFFAOYSA-N,1,4.8041,4.8041,,4.8041,4.8041,0.0,0.0,C#CCNC1CCc2ccc(OC(=O)N(C)CCCCCC)cc21,False
HDMFPUCTKDEZMR-UHFFFAOYSA-N,1,5.38722,5.38722,,5.38722,5.38722,0.0,0.0,C#CCNC1CCc2ccc(OC(=O)N(C)C)cc2C1,False
JVYLHZUZDRCHDQ-UHFFFAOYSA-N,1,6.76955,6.76955,,6.76955,6.76955,0.0,0.0,C#CC(C)NCCc1cccc(OC(=O)N(C)C)c1,False
QWPYFRBYICPXIK-UHFFFAOYSA-N,1,4.74715,4.74715,,4.74715,4.74715,0.0,0.0,C#CCN(CC)C1CCc2ccc(OC(=O)N(C)C)cc21,False
YFDSCOBTZXZXEN-UHFFFAOYSA-N,1,5.74473,5.74473,,5.74473,5.74473,0.0,0.0,C#CC(C)NC1CCc2ccc(SC(=O)N(C)C)cc21,False
YOWPWYHYSUXMHN-UHFFFAOYSA-N,1,4.3851,4.3851,,4.3851,4.3851,0.0,0.0,C#CCNC1CCc2ccc(OC(=O)N(C)C3CCCCC3)cc21,False
BWNGRRJLFYHENY-INIZCTEOSA-N,1,5.07058,5.07058,,5.07058,5.07058,0.0,0.0,C#CCN[C@H]1CCc2ccc(OC(=O)N(C)CCC)cc21,False
ZMBDILYCKABPBU-UHFFFAOYSA-N,1,5.66756,5.66756,,5.66756,5.66756,0.0,0.0,CN(C)C(=O)Oc1ccc2c(c1)C(N(C)C)CC2,False
OONWVXGETLDJLU-UHFFFAOYSA-N,1,4.51999,4.51999,,4.51999,4.51999,0.0,0.0,C#CCNCCc1cccc(OC(=O)N(C)CC)c1,False
NDPLWTXZPOCAPT-UHFFFAOYSA-N,1,4.77989,4.77989,,4.77989,4.77989,0.0,0.0,C#CCN(C)CCc1cccc(OC(=O)N(C)CC)c1,False
YNBUJXJHKVCTQX-SFHVURJKSA-N,1,5.46852,5.46852,,5.46852,5.46852,0.0,0.0,C#CCN(C)[C@@H](C)Cc1cccc(OC(=O)N(C)CCCCCC)c1,False
VLFYYOVMWNJQBE-KFRXLHHWSA-N,1,4.52,4.52,,4.52,4.52,0.0,0.0,C/C=C(\C)C(=O)N[C@H]1CC[C@@]2(C)C(=CC[C@H]3[C@@H]4CC[C@H]([C@H](C)N(C)C)[C@@]4(C)CC[C@@H]32)[C@H]1O,False
NSDLLBNDBVHZTN-UHFFFAOYSA-N,1,5.04576,5.04576,,5.04576,5.04576,0.0,0.0,CN(C)Cc1ccc(CSCc2ccccc2CSCc2ccc(CN(C)C)o2)o1,False
NOWQNKKWTMXZLC-UHFFFAOYSA-N,1,6.21467,6.21467,,6.21467,6.21467,0.0,0.0,CN(C)Cc1ccc(CSCCCCCCCSCc2ccc(CN(C)C)o2)o1,False
CINOACUWPXQJTR-UHFFFAOYSA-N,1,6.3279,6.3279,,6.3279,6.3279,0.0,0.0,CN(C)Cc1ccc(CSCCCCCCCCSCc2ccc(CN(C)C)o2)o1,False
KDIDQSZYTUIGNY-UHFFFAOYSA-N,1,6.68613,6.68613,,6.68613,6.68613,0.0,0.0,CCCCNC(=O)Oc1ccc2c(c1)C1CCN(CC)C2C1,False
SFKPSOAYNYYOLN-IBWRYCSWSA-N,1,4.54,4.54,,4.54,4.54,0.0,0.0,C[C@@H]([C@H]1CC[C@H]2[C@@H]3CC[C@H]4C[C@@H](NC(=O)c5ccccc5)CC[C@]4(C)[C@H]3CC[C@]12C)N(C)C,False
SYWAOYCXRQDRLP-VLNZMSLLSA-N,1,5.28,5.28,,5.28,5.28,0.0,0.0,CC(=O)O[C@@H]1C2CC[C@H]3C4CC=C([C@H](C)N(C)C)[C@@]4(C)CC[C@@H]3[C@@]2(C)CC[C@@H]1NC(=O)C=C(C)C,False
BXZCGDYGWHAPIP-DNHGYLRESA-N,1,4.08,4.08,,4.08,4.08,0.0,0.0,CN[C@@H](C)C1=CC[C@H]2[C@@H]3CC=C4C[C@@H](OC)CC[C@]4(C)[C@H]3CC[C@]12C,False
HZOTXNIDOKRKQY-KQFGCDFKSA-N,1,5.15,5.15,,5.15,5.15,0.0,0.0,C/C=C(\C)C(=O)N[C@H]1CC[C@@]2(C)C(=CC[C@H]3[C@@H]4CC[C@H]([C@H](C)N(C)C)[C@@]4(C)CC[C@@H]32)C1=O,False
KLEWHGJJTJIPNR-UHFFFAOYSA-N,1,6.87615,6.87615,,6.87615,6.87615,0.0,0.0,CCCCCCNC(=O)Oc1ccc2c(c1)C1(C)CCN(CC)C2C1,False
BTXJVBGYXBCASF-UHFFFAOYSA-N,1,5.82391,5.82391,,5.82391,5.82391,0.0,0.0,CN(C)Cc1ccc(CSCc2cccc(CSCc3ccc(CN(C)C)o3)c2)o1,False
NFYOLQNDIDXOOH-UHFFFAOYSA-N,1,5.60206,5.60206,,5.60206,5.60206,0.0,0.0,CN(C)Cc1ccc(CSCCNC(=O)CSCc2ccc(CN(C)C)o2)o1,False
RVVWDYHZWLAHCI-UHFFFAOYSA-N,1,6.74473,6.74473,,6.74473,6.74473,0.0,0.0,CN(C)Cc1ccc(CSCc2ccc(-c3ccc(CSCc4ccc(CN(C)C)o4)cc3)cc2)o1,False
SMRNNJFLKGLSBA-UHFFFAOYSA-N,1,6.767,6.767,,6.767,6.767,0.0,0.0,CCN1CCC2CC1c1ccc(OC(=O)NC)cc12,False
ZRDXAEKCZXNZEQ-UHFFFAOYSA-N,1,6.13077,6.13077,,6.13077,6.13077,0.0,0.0,CN(C)Cc1ccc(CSCCCCCCSCc2ccc(CN(C)C)o2)o1,False
ARSAQZQCCQIFRU-XKZIYDEJSA-N,1,7.13077,7.13077,,7.13077,7.13077,0.0,0.0,CN(C)Cc1ccc(CSCCN/C=C(/NCCSCc2ccc(CN(C)C)o2)[N+](=O)[O-])o1,False
MYTVLVZQXNODTK-UHFFFAOYSA-N,1,6.33724,6.33724,,6.33724,6.33724,0.0,0.0,CN(C)Cc1ccc(CSCCCCCCCCCSCc2ccc(CN(C)C)o2)o1,False
IPVXUJZZPDSBLD-UHFFFAOYSA-N,1,6.84466,6.84466,,6.84466,6.84466,0.0,0.0,CCCCCCCNC(=O)Oc1ccc2c(c1)C1CCN(C)C2C1,False
VWQAUBJBEMSAFZ-WVVIAQNPSA-N,1,4.86,4.86,,4.86,4.86,0.0,0.0,C/C=C(\C)C(=O)NC1=CC[C@@]2(C)[C@@H](CC[C@H]3C4CC[C@H]([C@H](C)N(C)C)[C@@]4(C)CC[C@@H]32)C1=O,False
LWBCWJJNBXTGBA-UHFFFAOYSA-N,1,4.35655,4.35655,,4.35655,4.35655,0.0,0.0,CN(C)Cc1ccc(CSCc2ccc(CN(C)C)o2)o1,False
LJESWFKKUNDADE-UHFFFAOYSA-N,1,4.31876,4.31876,,4.31876,4.31876,0.0,0.0,CN(C)Cc1ccc(CSCCNC(=O)NCCSCc2ccc(CN(C)C)o2)o1,False
QLQLZILPUSPCNJ-UHFFFAOYSA-N,1,6.67778,6.67778,,6.67778,6.67778,0.0,0.0,CN(C)Cc1ccc(CSCCCCSCc2ccc(CN(C)C)o2)o1,False
HPMZAZCMGAGHFS-SYDZCELUSA-N,1,4.8,4.8,,4.8,4.8,0.0,0.0,C/C=C(\C)C(=O)N[C@@H]1C=C2CC[C@H]3[C@@H]4CC[C@H]([C@H](C)N(C)C)[C@@]4(C)CC[C@@H]3[C@@]2(C)C[C@@H]1O,False
MRIVWKAJWKKYCM-WSURCRKTSA-N,1,4.21,4.21,,4.21,4.21,0.0,0.0,C/C=C(\C)C(=O)N[C@@H]1[C@H](OC(C)=O)[C@@H]2CC[C@H]3C4=CC[C@H]([C@H](C)N(C)C)[C@@]4(C)CC[C@@H]3[C@@]2(C)C[C@@H]1O,False
RNLWFDRAYXSZPJ-UHFFFAOYSA-N,1,6.77211,6.77211,,6.77211,6.77211,0.0,0.0,CCCCCCCNC(=O)Oc1ccc2c(c1)C1CCN(CC)C2C1,False
XIHQWIIPJIXLEO-FXHHUKKCSA-N,1,4.11,4.11,,4.11,4.11,0.0,0.0,C[C@@H]([C@H]1CC[C@H]2[C@@H]3CC[C@H]4C[C@@H](NC(=O)c5ccccc5)[C@@H](O)C[C@]4(C)[C@H]3CC[C@]12C)N(C)C,False
ZMAOKPMWBVUQPK-IWDJEAQTSA-N,1,5.28,5.28,,5.28,5.28,0.0,0.0,C[C@@H]([C@H]1CC[C@H]2[C@@H]3CC[C@H]4C(=O)C(NC(=O)c5ccccc5)=CC[C@]4(C)[C@H]3CC[C@]12C)N(C)C,False
LPWXASFIPNYFQP-UHFFFAOYSA-N,1,6.5376,6.5376,,6.5376,6.5376,0.0,0.0,CN(C)Cc1ccc(CSCCNC(=NC#N)NCCSCc2ccc(CN(C)C)o2)o1,False
BWTGOLYEGGOWMU-KFDGPNQLSA-N,1,5.21,5.21,,5.21,5.21,0.0,0.0,C/C(=C\C(=O)N(C)[C@H]1CC[C@@]2(C)[C@@H](CC[C@@H]3[C@@H]2CC[C@]2(C)C([C@H](C)N(C)C)=CC[C@@H]32)C1)C(C)C,False
DCTRPSAPKPORBP-UHFFFAOYSA-N,1,6.04576,6.04576,,6.04576,6.04576,0.0,0.0,CN(C)Cc1ccc(CSCCCCCSCc2ccc(CN(C)C)o2)o1,False
OVYGDFDMZNYEGZ-UHFFFAOYSA-N,1,7.55284,7.55284,,7.55284,7.55284,0.0,0.0,CN(C)Cc1ccc(CSCCNc2cc(NCCSCc3ccc(CN(C)C)o3)c([N+](=O)[O-])cc2[N+](=O)[O-])o1,False
ODQOCJVSQCAFKC-GSTPBQSSSA-N,1,4.69,4.69,,4.69,4.69,0.0,0.0,CN[C@H]1CC[C@@]2(C)[C@@H](CC[C@@H]3[C@@H]2CC[C@]2(C)C([C@H](C)N(C)C)=CC[C@@H]32)C1,False
NLOJUKSOUNWUSW-NUOWXSDFSA-N,1,5.21,5.21,,5.21,5.21,0.0,0.0,CN[C@H]1CC[C@@]2(C)C(CC[C@H]3[C@@H]4CC[C@H]([C@H](C)N(C)C)[C@@]4(C)CC[C@@H]32)C1,False
SHJJWNZZBFZGIB-GOBYDMEKSA-N,1,4.3,4.3,,4.3,4.3,0.0,0.0,C/C=C(\C)C(=O)N[C@H]1C(OC(C)=O)C[C@@]2(C)C(CC[C@H]3C4CC=C([C@H](C)N(C)C)[C@@]4(C)CC[C@@H]32)[C@H]1OC(C)=O,False
ZYKGNFBRZVTSQT-UHFFFAOYSA-N,1,6.48149,6.48149,,6.48149,6.48149,0.0,0.0,CN(C)Cc1ccc(CSCCCSCc2ccc(CN(C)C)o2)o1,False
QRUDUXILSDZJOY-URJXLLGMSA-N,1,4.71,4.71,,4.71,4.71,0.0,0.0,C[C@@H]([C@H]1CC[C@H]2[C@@H]3CC[C@H]4C[C@@H](N(C)C(=O)/C=C/c5ccccc5)CC[C@]4(C)[C@H]3CC[C@]12C)N(C)C,False
SXUSJKARTRGOFL-UHFFFAOYSA-N,1,5.88606,5.88606,,5.88606,5.88606,0.0,0.0,CN(C)Cc1ccc(CSCCCCCCCCCCSCc2ccc(CN(C)C)o2)o1,False
WCBPBBFIAODRLI-AWUJJIRRSA-N,1,5.19,5.19,,5.19,5.19,0.0,0.0,C/C(=C\C(=O)N(C)[C@H]1CC[C@@]2(C)[C@@H](CC[C@@H]3[C@@H]2CC[C@]2(C)[C@@H]([C@H](C)N(C)C)CC[C@@H]32)C1)C(C)C,False
QVNOTNUGUHMPDI-AIWDQZKNSA-N,1,4.48,4.48,,4.48,4.48,0.0,0.0,C/C=C(\C)C(=O)N[C@@H]1[C@H](O)C2CC[C@H]3C4=CC[C@H]([C@H](C)N(C)C)[C@@]4(C)CC[C@@H]3[C@@]2(C)C[C@@H]1O,False
BFYPXOUNPUWUNL-UHFFFAOYSA-N,1,6.30103,6.30103,,6.30103,6.30103,0.0,0.0,CN(C)Cc1ccc(CSCCSCc2ccc(CN(C)C)o2)o1,False
YTNIUPZRMQLHNV-XSIUSZODSA-N,1,4.4,4.4,,4.4,4.4,0.0,0.0,C[C@@H]([C@H]1CC[C@H]2[C@@H]3CC=C4C[C@@H](N(C)C)CC[C@]4(C)[C@H]3CC[C@]12C)N(C)C,False
WKBYYEDQGZSMCP-CNLUTGEBSA-N,1,5.11,5.11,,5.11,5.11,0.0,0.0,C/C=C(\C)C(=O)N[C@@H]1C=C2CC[C@H]3C4=CC[C@H]([C@H](C)N(C)C)[C@@]4(C)CC[C@@H]3[C@@]2(C)CC1,False
DNVZSDMHLPWULM-YPWXQOIPSA-N,1,4.7,4.7,,4.7,4.7,0.0,0.0,CC(=O)N(C)[C@@H](C)[C@H]1CC[C@H]2[C@@H]3CC=C4C[C@@H](N(C)C)CC[C@]4(C)[C@H]3CC[C@]12C,False
UWFDYAWULNEXBD-YULCGJSVSA-N,1,4.31,4.31,,4.31,4.31,0.0,0.0,CO[C@H]1CC[C@@]2(C)C(=CC[C@@H]3[C@@H]2CC[C@]2(C)C([C@H](C)N(C)C=O)=CC[C@@H]32)C1,False
GCHGDPVSONOHQE-PNUJEHDGSA-N,1,5.24,5.24,,5.24,5.24,0.0,0.0,C/C=C(\C)C(=O)N[C@H]1CC[C@@]2(C)C(=CC[C@H]3C4=CC[C@H]([C@H](C)N(C)C)[C@@]4(C)CC[C@@H]32)C1=O,False
AIEKUSBFLBFTIU-MENSBAHOSA-N,1,4.16,4.16,,4.16,4.16,0.0,0.0,CC(=O)N[C@H]1CC[C@@]2(C)[C@@H](CC[C@@H]3[C@@H]2CC[C@]2(C)[C@@H]([C@H](C)N(C)C)CC[C@@H]32)C1,False
WDKKOVABYKVZIW-VCJWWASDSA-N,1,4.15,4.15,,4.15,4.15,0.0,0.0,CC(=O)N(C)[C@H]1CC[C@@]2(C)[C@@H](CC[C@@H]3[C@@H]2CC[C@]2(C)[C@@H]([C@H](C)N(C)C)CC[C@@H]32)C1,False
VPOYXIYUORUTSW-VCJWWASDSA-N,1,4.3,4.3,,4.3,4.3,0.0,0.0,CC(=O)N(C)[C@@H](C)[C@H]1CC[C@H]2[C@@H]3CC[C@H]4C[C@@H](N(C)C)CC[C@]4(C)[C@H]3CC[C@]12C,False
KVLGOUWOJOAJTC-UHFFFAOYSA-N,1,6.90309,6.90309,,6.90309,6.90309,0.0,0.0,CCCCCCNC(=O)Oc1ccc2c(c1)C1CCN(CC)C2C1,False
BKKRKDDJCRFGHJ-UHFFFAOYSA-N,1,6.58503,6.58503,,6.58503,6.58503,0.0,0.0,CN(C)Cc1ccc(CSCc2ccc(CSCc3ccc(CN(C)C)o3)cc2)o1,False
UVZXIKHRPFCSKF-NLGFINLOSA-N,1,5.19,5.19,,5.19,5.19,0.0,0.0,C[C@H](NC=O)[C@H]1CC[C@H]2[C@@H]3CC[C@H]4C[C@@H](N(C)C)CC[C@]4(C)[C@H]3CC[C@]12C,False
GTJDKKGEHMPRJD-UHFFFAOYSA-N,1,6.7986,6.7986,,6.7986,6.7986,0.0,0.0,CCCCCCCNC(=O)Oc1ccc2c(c1)C1(C)CCN(CC)C2C1,False
ZMNNRQKEGKTIPD-UHFFFAOYSA-N,1,5.52288,5.52288,,5.52288,5.52288,0.0,0.0,CN(C)Cc1ccc(CSCC/N=C/NCCSCc2ccc(CN(C)C)o2)o1,False
KFWGKECULQNZER-UHFFFAOYSA-N,1,7.14267,7.14267,,7.14267,7.14267,0.0,0.0,CCCCCCNC(=O)Oc1ccc2c(c1)C1CCN(C)C2C1,False
ZTNBSFMIFOLVCM-MCTVSQGJSA-N,1,4.37,4.37,,4.37,4.37,0.0,0.0,CO[C@H]1CC[C@@]2(C)C(=CC[C@H]3[C@@H]4CC[C@H]([C@H](C)N(C)C)[C@@]4(C)CC[C@@H]32)C1,False
DYTNXFSVOOZIHV-UHFFFAOYSA-N,1,9.52288,9.52288,,9.52288,9.52288,0.0,0.0,CN(CCCNc1c2c(nc3ccccc13)CCCC2)CCCNc1c2c(nc3ccccc13)CCCC2,False
LXTKNVLLWOLCOV-PYMCNQPYSA-N,2,7.98329,7.98329,0.5864036536380038,7.56864,8.39794,0.41464999999999996,0.8292999999999999,CNC(=O)Oc1ccc2c(c1)[C@]1(C)CCOC1N2C,False
DSQSAHYPEXEBHJ-WUJWULDRSA-N,1,7.08619,7.08619,,7.08619,7.08619,0.0,0.0,CCNC(=O)Oc1ccc2c(c1)[C@]1(C)CCOC1N2C,False
AGOPIOMWLMAZHS-IJHRGXPZSA-N,1,7.88606,7.88606,,7.88606,7.88606,0.0,0.0,Cc1ccccc1NC(=O)Oc1ccc2c(c1)[C@]1(C)CCOC1N2C,False
NPANUSRHFVUOKM-IAXKEJLGSA-N,1,5.41341,5.41341,,5.41341,5.41341,0.0,0.0,CC(C)c1ccc(NC(=O)Oc2ccc3c(c2)[C@]2(C)CCOC2N3C)cc1,False
FDRUOIJOXDAUQN-WMCAAGNKSA-N,1,7.02687,7.02687,,7.02687,7.02687,0.0,0.0,CCNC(=O)Oc1ccc2c(c1)[C@]1(C)CCN(C)C1N2C,False
ZEZHVLKHFYAVTB-UHFFFAOYSA-N,1,6.4437,6.4437,,6.4437,6.4437,0.0,0.0,CCNC(=O)Oc1ccc2c(c1)C1(C)CCOC1O2,False
JZMKNXICJRCGJX-UHFFFAOYSA-N,1,7.63827,7.63827,,7.63827,7.63827,0.0,0.0,Cc1ccccc1NC(=O)Oc1ccc2c(c1)C1(C)CCOC1O2,False
QIYIAVWWIGXXBQ-UHFFFAOYSA-N,1,5.57675,5.57675,,5.57675,5.57675,0.0,0.0,CC(C)c1ccc(NC(=O)Oc2ccc3c(c2)C2(C)CCOC2O3)cc1,False
RAANAGIDXYTUAW-UHFFFAOYSA-N,1,6.08092,6.08092,,6.08092,6.08092,0.0,0.0,CCNC(=O)Oc1ccc2c(c1)C1(C)COC(C1)O2,False
MBYLQCWDOYEQRA-UHFFFAOYSA-N,1,7.25181,7.25181,,7.25181,7.25181,0.0,0.0,Cc1ccccc1NC(=O)Oc1ccc2c(c1)C1(C)COC(C1)O2,False
KOFCNZPCQOBXHD-UHFFFAOYSA-N,1,5.36653,5.36653,,5.36653,5.36653,0.0,0.0,CC(C)c1ccc(NC(=O)Oc2ccc3c(c2)C2(C)COC(C2)O3)cc1,False
MVHRCJQCKYPDRL-IIUCQXFBSA-N,2,6.90309,6.90309,0.0,6.90309,6.90309,0.0,0.0,CCc1ccccc1NC(=O)Oc1ccc2c(c1)[C@]1(C)CC[N+](C)([O-])[C@@H]1N2C,False
ZDWVWKDAWBGPDN-UHFFFAOYSA-O,4,4.68843,4.7174875,0.3656504282667621,4.34679,5.1463,0.26963500000000007,0.7995099999999997,CC[N+](C)(CC)CCC[n+]1c(-c2ccccc2)c2cc(N)ccc2c2ccc(N)cc21,False
UXTFWAJYDNDQIT-UHFFFAOYSA-O,2,8.81824,8.81824,0.012119810229537691,8.80967,8.82681,0.008569999999999744,0.01713999999999949,Nc1ccc2c(c1)c(-c1ccccc1)[n+](CCCNCCCNCCCNc1c3c(nc4ccccc14)CCCC3)c1cc(N)ccc21,False
SUIMARUJTPHLCU-UHFFFAOYSA-O,2,6.03501,6.03501,0.019304015126392977,6.02136,6.04866,0.013650000000000162,0.027300000000000324,COc1ccccc1CN(C)CCCN(C)CCCNCCC[n+]1c(-c2ccccc2)c2cc(N)ccc2c2ccc(N)cc21,False
GXUQYCUEEMXLQZ-UHFFFAOYSA-N,1,9.08619,9.08619,,9.08619,9.08619,0.0,0.0,CCC1=CC2Cc3nc4ccccc4c(NCCCCCCCCNc4c5c(nc6ccccc46)CCCC5)c3C(C1)C2,False
DSOGYBQXIUXXBY-YYGZZXRFSA-N,1,5.60206,5.60206,,5.60206,5.60206,0.0,0.0,COc1ccc(-c2cc3c(c(=O)o2)C[C@@]2(O)[C@@]4(C)CCC(=O)OC(C)(C)[C@@]4(O)CC[C@@]2(C)O3)cc1,False
AOFMVUCAUSHJLI-RKFAPSRVSA-N,1,6.63827,6.63827,,6.63827,6.63827,0.0,0.0,COc1ccc(-c2cc3c(c(=O)o2)C[C@@]2(O)[C@@]4(C)C(=O)[C@@]5(OC)C(=O)O[C@]4(CC[C@@]2(C)O3)C5(C)C)cc1,False
XRDDKPLRULFDQK-YYGZZXRFSA-N,1,7.04576,7.04576,,7.04576,7.04576,0.0,0.0,COc1ccc(-c2cc3c(c(=O)o2)C[C@@]2(O)[C@@]4(C)C=CC(=O)C(C)(C)[C@@]4(O)CC[C@@]2(C)O3)cc1,False
ARZWKYJFXLHKCZ-YYGZZXRFSA-N,1,7.22185,7.22185,,7.22185,7.22185,0.0,0.0,COc1ccc(-c2cc3c(c(=O)o2)C[C@@]2(O)[C@@]4(C)CCC(=O)C(C)(C)[C@@]4(O)CC[C@@]2(C)O3)cc1,False
AENKBRFCOPMCEQ-RYTSNQFKSA-N,1,6.37675,6.37675,,6.37675,6.37675,0.0,0.0,COC1=CC(=O)[C@]2(C)[C@]3(O)Cc4c(cc(-c5cc(OC)c(OC)c(OC)c5)oc4=O)O[C@]3(C)CC[C@]2(O)C1(C)C,False
TUHKKEQPFQTBQG-UHFFFAOYSA-N,1,6.44,6.44,,6.44,6.44,0.0,0.0,NC1=C2CCCCC2=NC2CCCCC12,False
MPXYSKOIXYKJDL-UHFFFAOYSA-N,1,7.54,7.54,,7.54,7.54,0.0,0.0,Nc1c2c(nc3cccc(F)c13)C1CC(C2)C1,False
MFYFDYREFFENNR-UHFFFAOYSA-N,1,6.79,6.79,,6.79,6.79,0.0,0.0,Nc1c2c(nc3ccc(O)cc13)CCCC2,False
QTPHSDHUHXUYFE-UHFFFAOYSA-N,1,9.48999,9.48999,,9.48999,9.48999,0.0,0.0,CCC1=CC2Cc3nc4cc(Cl)ccc4c(N)c3C(C1)C2,False
CFBDZCKTSONAGK-UHFFFAOYSA-N,1,5.43,5.43,,5.43,5.43,0.0,0.0,C=C1c2ccccc2N=C2CCCCCN12,False
MUILZOVEBZOSKO-UHFFFAOYSA-N,1,5.82,5.82,,5.82,5.82,0.0,0.0,C=C1c2cccc(Cl)c2N=C2CCCCCN12,False
NRSBDJTYDOITNU-UHFFFAOYSA-N,1,6.8,6.8,,6.8,6.8,0.0,0.0,C=C1c2ccc(Cl)cc2N=C2CCCCCN12,False
VHAAMEUGSIJIGI-UHFFFAOYSA-N,1,6.3,6.3,,6.3,6.3,0.0,0.0,C=C1c2cc(Cl)ccc2N=C2CCCCCN12,False
KJIWSJOEJZNLAR-UHFFFAOYSA-N,1,5.77,5.77,,5.77,5.77,0.0,0.0,C=C1c2c(Cl)cccc2N=C2CCCCCN12,False
BLQLGEMORAKDCK-UHFFFAOYSA-N,1,8.23657,8.23657,,8.23657,8.23657,0.0,0.0,COc1cc2onc(CCC3CCN(Cc4ccccc4)CC3)c2cc1C,False
FWOCRPGNZYJWBL-UHFFFAOYSA-N,1,9.31876,9.31876,,9.31876,9.31876,0.0,0.0,CN1C(=O)Cc2cc3onc(CCC4CCN(Cc5ccccc5)CC4)c3cc21,False
PNVKWWHBNADAIC-UHFFFAOYSA-N,1,6.60206,6.60206,,6.60206,6.60206,0.0,0.0,COc1cc2c(cc1OC)C(=O)C(C1CC[N+](C)(Cc3ccccc3)CC1)=C2,False
MLMBMROIKCDDBW-UHFFFAOYSA-N,1,8.09691,8.09691,,8.09691,8.09691,0.0,0.0,COc1cc2cc(C(=O)C3CCC[N+](C)(Cc4ccccc4)CC3)sc2cc1OC,False
WCCVUCMETCYHRK-UHFFFAOYSA-N,1,7.36653,7.36653,,7.36653,7.36653,0.0,0.0,COc1cc2cc(C(=O)C3CC[N+](C)(Cc4ccccc4)CCC3O)sc2cc1OC,False
ZFPAYSSATREUMU-UHFFFAOYSA-N,1,6.42022,6.42022,,6.42022,6.42022,0.0,0.0,COc1cc2cc(C(=O)CC3CCC(O)C[N+](C)(Cc4ccccc4)CC3)sc2cc1OC,False
MKTGQOMRSQXJEL-UHFFFAOYSA-N,1,6.95861,6.95861,,6.95861,6.95861,0.0,0.0,COc1cc2cc(C(=O)CC3CCCC[N+](C)(Cc4ccccc4)CC3)sc2cc1OC,False
RANOFWRVYDDHPM-UHFFFAOYSA-N,1,6.92082,6.92082,,6.92082,6.92082,0.0,0.0,COc1cc2cc(C(=O)C3CC[N+](C)(Cc4ccccc4)CCC3OC)sc2cc1OC,False
UOILNRQOHGAVRN-UHFFFAOYSA-N,1,6.284,6.284,,6.284,6.284,0.0,0.0,COc1cc2cc(C(=O)C3=CC[N+](C)(Cc4ccccc4)CC3)sc2cc1OC,False
GCIVIYYHFXJQEK-UHFFFAOYSA-N,1,4.70819,4.70819,,4.70819,4.70819,0.0,0.0,COc1cc2cc(C3CC[N+](C)(Cc4ccccc4)CC3O)sc2cc1OC,False
NNBUDCTZXKSTRQ-UHFFFAOYSA-N,1,5.57349,5.57349,,5.57349,5.57349,0.0,0.0,COc1cc2cc(C3=CC[N+](C)(Cc4ccccc4)CC3)sc2cc1OC,False
AUIUWDZZXQWWOQ-UHFFFAOYSA-N,1,7.27572,7.27572,,7.27572,7.27572,0.0,0.0,COCC[N+]1(C)CCCC(C(=O)c2cc3cc(OC)c(OC)cc3s2)CC1,False
KFZOWBNTEIELDM-UHFFFAOYSA-N,1,7.49485,7.49485,,7.49485,7.49485,0.0,0.0,COc1cc2cc(C(=O)C3CCC[N+](C)(Cc4ccc([N+](=O)[O-])o4)CC3)sc2cc1OC,False
ABNOJWGKGYSFSX-UHFFFAOYSA-N,1,7.55284,7.55284,,7.55284,7.55284,0.0,0.0,COc1cc2cc(C(=O)C3CCC[N+](C)(CC4CCCCO4)CC3)sc2cc1OC,False
MWKUYSVHHMBCJK-UHFFFAOYSA-N,1,7.10237,7.10237,,7.10237,7.10237,0.0,0.0,COc1cc2cc(C(=O)C3CCC[N+](C)(CC(=O)OC(C)(C)C)CC3)sc2cc1OC,False
RUKXDNCEYNEPKG-UHFFFAOYSA-N,1,6.40894,6.40894,,6.40894,6.40894,0.0,0.0,COc1cc2cc(C(=O)C3CCC[N+](C)(CCOc4ccccc4)CC3)sc2cc1OC,False
OZVRHFWGWWQRTO-UHFFFAOYSA-N,1,6.0,6.0,,6.0,6.0,0.0,0.0,COc1cc2cc(C(=O)C3CCC[N+](C)(CC#N)CC3)sc2cc1OC,False
KARHNKQSLZQOBJ-UHFFFAOYSA-N,1,6.04576,6.04576,,6.04576,6.04576,0.0,0.0,COc1cc2c(cc1OC)SC(C(=O)CCc1cc[n+](C)cc1)C2,False
SNRGQBSLWSCUGI-UHFFFAOYSA-N,1,6.55284,6.55284,,6.55284,6.55284,0.0,0.0,CC[n+]1ccc(CCC(=O)C2Cc3cc(OC)c(OC)cc3S2)cc1,False
ZADFRSASESDRFO-UHFFFAOYSA-N,1,8.20273,8.20273,,8.20273,8.20273,0.0,0.0,C=CC[n+]1ccc(CCC(=O)C2Cc3cc(OC)c(OC)cc3S2)cc1,False
APLNAOFQRVXISP-UHFFFAOYSA-N,1,6.95861,6.95861,,6.95861,6.95861,0.0,0.0,COc1cc2c(cc1OC)SC(C(=O)CCc1cc[n+](CC3CC3)cc1)C2,False
XHRVEAIUOVPSMY-UHFFFAOYSA-N,1,7.39794,7.39794,,7.39794,7.39794,0.0,0.0,COc1cc2c(cc1OC)SC(C(=O)CCc1cc[n+](CC3CCC3)cc1)C2,False
VWDPERVYBORHQM-UHFFFAOYSA-N,1,8.1549,8.1549,,8.1549,8.1549,0.0,0.0,CCOCC[n+]1ccc(CCC(=O)C2Cc3cc(OC)c(OC)cc3S2)cc1,False
XFYXMNMVMKEVIT-UHFFFAOYSA-N,1,8.58503,8.58503,,8.58503,8.58503,0.0,0.0,COc1cc2c(cc1OC)SC(C(=O)CCc1cc[n+](Cc3ccc(F)cc3)cc1)C2,False
ICEVKTXKGNOLEX-UHFFFAOYSA-N,1,6.0,6.0,,6.0,6.0,0.0,0.0,COC(=O)c1ccc(C[n+]2ccc(CCC(=O)C3Cc4cc(OC)c(OC)cc4S3)cc2)cc1,False
VSTZXOFXIHXLHI-UHFFFAOYSA-N,1,8.22185,8.22185,,8.22185,8.22185,0.0,0.0,COc1cc2c(cc1OC)SC(C(=O)CCc1cc[n+](Cc3ccsc3)cc1)C2,False
LZGLANLBIUAGIM-UHFFFAOYSA-N,1,8.34679,8.34679,,8.34679,8.34679,0.0,0.0,COc1cc2c(cc1OC)SC(C(=O)CCc1cc[n+](Cc3coc([N+](=O)[O-])c3)cc1)C2,False
QPMZSAYBBBHOOQ-UHFFFAOYSA-N,1,6.46852,6.46852,,6.46852,6.46852,0.0,0.0,C=[N+]1N=C(CCC2CCN(Cc3ccccc3)CC2)c2ccccc21,False
RUCMPVRFPBFNLE-UHFFFAOYSA-N,1,6.72125,6.72125,,6.72125,6.72125,0.0,0.0,COc1cc2c(cc1OC)SC(C(=O)CC(O)C1CC[N+](C)(Cc3ccccc3)CC1)C2,False
OFQUUTKEKIIUJE-UHFFFAOYSA-N,1,7.04576,7.04576,,7.04576,7.04576,0.0,0.0,COc1cc2c(cc1OC)SC(C(=O)CC1(O)CC[N+](C)(Cc3ccccc3)CC1)C2,False
XXUAMLUZORJNNC-UHFFFAOYSA-N,1,6.12494,6.12494,,6.12494,6.12494,0.0,0.0,COc1cc2c(cc1OC)SC(C(=O)CC1C=CC[N+](C)(Cc3ccccc3)CC1)C2,False
RXBFBRNOBCGKHG-UHFFFAOYSA-N,1,4.52288,4.52288,,4.52288,4.52288,0.0,0.0,COc1cc2c(cc1OC)SC(CC1CC[N+](C)(Cc3ccccc3)CC1)C2,False
NAOZAHRAUOKLTI-UHFFFAOYSA-N,1,7.26761,7.26761,,7.26761,7.26761,0.0,0.0,COC(=O)C[N+]1(C)CCC(CCC(=O)C2Cc3cc(OC)c(OC)cc3S2)CC1,False
CRMOWQKTQGSOFA-UHFFFAOYSA-N,1,5.59007,5.59007,,5.59007,5.59007,0.0,0.0,CCC[n+]1ccc(CCC(=O)C2Cc3cc(OC)c(OC)cc3S2)cc1,False
NVUGDYFHDGXOKY-UHFFFAOYSA-N,1,7.52288,7.52288,,7.52288,7.52288,0.0,0.0,COCC[n+]1ccc(CCC(=O)C2Cc3cc(OC)c(OC)cc3S2)cc1,False
UBOLSYAFJBJJBX-UHFFFAOYSA-N,1,8.33724,8.33724,,8.33724,8.33724,0.0,0.0,COc1cc2c(cc1OC)SC(C(=O)CCc1cc[n+](Cc3ccccc3)cc1)C2,False
CGPFCMGYTPXYSJ-UHFFFAOYSA-N,1,6.61979,6.61979,,6.61979,6.61979,0.0,0.0,O=C(CCc1cc[n+](Cc2ccccc2)cc1)c1ccc2c(c1)OCO2,False
KQOUPMYYRQWZLI-UHFFFAOYSA-N,1,7.0,7.0,,7.0,7.0,0.0,0.0,CNC(=O)Oc1cccc(C(C)N(C)C)c1,False
UKFCIGJAJAIROZ-UHFFFAOYSA-N,1,7.52288,7.52288,,7.52288,7.52288,0.0,0.0,CNC(=O)Oc1cccc2c1OCC1CCN(C)C21,False
RPFDRSCDZJIZNM-UHFFFAOYSA-N,1,7.76195,7.76195,,7.76195,7.76195,0.0,0.0,CNC(=O)Oc1cccc2c1CCC1CCN(C)C21,False
HDQBOOHWHLECAC-UHFFFAOYSA-N,1,8.09098,8.09098,,8.09098,8.09098,0.0,0.0,CNC(=O)Oc1cccc2c1SCC1CCN(C)C21,False
GDJCEUYIQJRPFO-UHFFFAOYSA-N,1,5.72816,5.72816,,5.72816,5.72816,0.0,0.0,CC(NC(=O)Oc1cccc2c1OCC1CCN(C)C21)c1ccccc1,False
LCLQRXYSCAZUJT-UHFFFAOYSA-N,1,7.6925,7.6925,,7.6925,7.6925,0.0,0.0,CCCCCCCNC(=O)Oc1cccc2c1OCC1CCN(C)C21,False
OZZLFEZFCLBCIV-UHFFFAOYSA-N,1,6.37675,6.37675,,6.37675,6.37675,0.0,0.0,CCNC(=O)Oc1cccc2c1OCC1CCN(C)C21,False
QJKKNTBZVBEQGM-UHFFFAOYSA-N,1,6.40561,6.40561,,6.40561,6.40561,0.0,0.0,CCNC(=O)Oc1cccc2c1CCC1CCN(C)C21,False
LDYLCLZQCXSJGH-YSMPRRRNSA-N,1,5.52433,5.52433,,5.52433,5.52433,0.0,0.0,CNC(=O)Oc1cccc(CN(C)CCCOc2ccc3c(c2)O/C(=C\c2cc(OC)c(OC)c(OC)c2)C3=O)c1,False
JAEZFUCFEMHOTF-FSGOGVSDSA-N,1,5.16368,5.16368,,5.16368,5.16368,0.0,0.0,CNC(=O)Oc1cccc(CN(C)CCCOc2ccc3c(c2)O/C(=C\c2cccc4ccccc24)C3=O)c1,False
KMSYVNUQWIRJRE-FSGOGVSDSA-N,1,5.46725,5.46725,,5.46725,5.46725,0.0,0.0,CNC(=O)Oc1cccc(CN(C)CCCOc2ccc3c(c2)O/C(=C\c2ccc4ccccc4c2)C3=O)c1,False
FIGDFKBRWHQHDX-FSGOGVSDSA-N,1,6.284,6.284,,6.284,6.284,0.0,0.0,CNC(=O)Oc1cccc(CN(C)CCCCCCCOc2ccc3c(c2)O/C(=C\c2cc(OC)c(OC)c(OC)c2)C3=O)c1,False
WNFYHXIHRPVKKQ-XSVYLIDLSA-N,2,7.11947,7.11947,2.2067105584557303,5.55909,8.67985,1.5603799999999999,3.1207599999999998,CNC(=O)Oc1cccc(CN(C)CCCCCCCOc2ccc3c(c2)O/C(=C\c2cccc4ccccc24)C3=O)c1,True
ZQIJTMWONIMKMF-BGDIREAQSA-N,1,5.67985,5.67985,,5.67985,5.67985,0.0,0.0,CCC(=O)Oc1cccc(CN(C)CCCCCCCOc2ccc3c(c2)O/C(=C\c2ccc4ccccc4c2)C3=O)c1,False
SGDJPNXFOBBUMA-HBAMXUDRSA-N,2,5.60182,5.60182,2.1213203435596424,4.10182,7.10182,1.5,3.0,CNC(=O)Oc1cccc(CN(C)CCCCCCCOc2ccc3c(c2)O/C(=C\c2c4ccccc4cc4ccccc24)C3=O)c1,True
GLFCSNKKUXWEFI-OFWBYEQRSA-N,1,5.70997,5.70997,,5.70997,5.70997,0.0,0.0,CNC(=O)Oc1cccc(CN(C)CCCCCCCOc2ccc3c(c2)O/C(=C\c2ccccc2)C3=O)c1,False
PZMSOLAGWTYVMG-FSGOGVSDSA-N,1,5.09691,5.09691,,5.09691,5.09691,0.0,0.0,CNC(=O)Oc1cccc(CN(C)CCCCCCCOc2ccc3c(c2)O/C(=C\c2ccc(Cl)c(Cl)c2)C3=O)c1,False
XSJPRQMWFLDGBX-YKQZZPSBSA-N,1,4.35067,4.35067,,4.35067,4.35067,0.0,0.0,CNC(=O)Oc1cccc(CN(C)CCCCCCCOc2ccc3c(c2)O/C(=C\c2cc(Cl)cc(Cl)c2)C3=O)c1,False
KYVIWBPYFDCUME-MTDXEUNCSA-N,1,5.74473,5.74473,,5.74473,5.74473,0.0,0.0,CNC(=O)Oc1cccc(CN(C)CCCCCCCOc2ccc3c(c2)C/C(=C\c2cc(OC)c(OC)c(OC)c2)C3=O)c1,False
VPPSWJWBTQDKEJ-OVVQPSECSA-N,1,5.00833,5.00833,,5.00833,5.00833,0.0,0.0,CNC(=O)Oc1cccc(CN(C)CCCCCCCOc2ccc3c(c2)OC/C(=C\c2cc(OC)c(OC)c(OC)c2)C3=O)c1,False
FMNIEHIAIMPDIG-ZTKZIYFRSA-N,1,5.30627,5.30627,,5.30627,5.30627,0.0,0.0,CNC(=O)Oc1cccc(CN(C)CCCCCCCOc2ccc3c(c2)CC/C(=C\c2cc(OC)c(OC)c(OC)c2)C3=O)c1,False
PYEXSFGTMVWMPH-UHFFFAOYSA-N,1,4.69897,4.69897,,4.69897,4.69897,0.0,0.0,CCN(CC)CCCN1CC(=O)N(C2CC2)CC1=O,False
VUTOWZNIMZHRSF-UHFFFAOYSA-N,1,4.69897,4.69897,,4.69897,4.69897,0.0,0.0,CCN(CC)CCN1CC(=O)N(CCc2ccccc2)CC1=O,False
GLWCSXXZFVCYDV-UHFFFAOYSA-N,1,4.69897,4.69897,,4.69897,4.69897,0.0,0.0,CC(C)N(CCN1CC(=O)N(CCc2ccc(Cl)cc2Cl)CC1=O)C(C)C,False
XESILXMKKMGWNR-UHFFFAOYSA-N,1,4.69897,4.69897,,4.69897,4.69897,0.0,0.0,COc1ccc(CCN2CC(=O)N(CCc3ccccn3)CC2=O)cc1OC,False
PPNYGMWEQSWOAD-UHFFFAOYSA-N,1,4.69897,4.69897,,4.69897,4.69897,0.0,0.0,O=C1CN(CCN2CCCC2)C(=O)CN1CCCn1ccnc1,False
LEERABIXWHCMLC-UHFFFAOYSA-N,1,4.69897,4.69897,,4.69897,4.69897,0.0,0.0,CC1CCCCN1CCCN1CC(=O)N(CCc2ccc(F)cc2)CC1=O,False
CTLBITHOJFSNHX-UHFFFAOYSA-N,1,4.69897,4.69897,,4.69897,4.69897,0.0,0.0,O=C1CN(CCN2CCOCC2)C(=O)CN1CCC(c1ccccc1)c1ccccc1,False
ODFNNOPFLUGCJX-UHFFFAOYSA-N,1,5.0,5.0,,5.0,5.0,0.0,0.0,CCOC(=O)c1c(C)c(N2CCN(C)CC2)nc2ccccc12,False
KZYHORAOHSXDGV-UHFFFAOYSA-N,1,5.0,5.0,,5.0,5.0,0.0,0.0,Cc1c(N2CCN(C)CC2)nc2ccccc2c1C(=O)N(C)Cc1ccccc1,False
ITZOKHKOFJOBFS-UHFFFAOYSA-N,6,9.16033,9.15117,0.43394359481388795,8.39794,9.69897,0.15321500000000032,1.301029999999999,c1ccc2c(NCCCCCCCNc3c4c(nc5ccccc35)CCCC4)c3c(nc2c1)CCCC3,False
VRNGRBIMQBSIJF-UHFFFAOYSA-N,1,8.52288,8.52288,,8.52288,8.52288,0.0,0.0,Cc1c(Cl)nc2ccccc2c1C(=O)NCCCCCCCNc1c2c(nc3ccccc13)CCCC2,False
ACKJXXOVSOCBPX-UHFFFAOYSA-N,1,8.38722,8.38722,,8.38722,8.38722,0.0,0.0,Cc1c(N2CCN(C)CC2)nc2ccccc2c1C(=O)NCCCCCCCNc1c2c(nc3ccccc13)CCCC2,False
AJUUAUZWBQPTFD-UHFFFAOYSA-N,1,7.01323,7.01323,,7.01323,7.01323,0.0,0.0,O=C(CCCCC1CCSS1)NCCNc1c2c(nc3ccccc13)CCCC2,False
FUZSKXNTSYMEMF-UHFFFAOYSA-N,1,8.15739,8.15739,,8.15739,8.15739,0.0,0.0,O=C(CCCCC1CCSS1)NCCCNc1c2c(nc3ccccc13)CCCC2,False
IEBFRRATFZBOGS-UHFFFAOYSA-N,1,7.45346,7.45346,,7.45346,7.45346,0.0,0.0,O=C(CCCCC1CCSS1)NCCCCNc1c2c(nc3ccccc13)CCCC2,False
TYGMTYRXRCSMAH-UHFFFAOYSA-N,1,7.41567,7.41567,,7.41567,7.41567,0.0,0.0,O=C(CCCCC1CCSS1)NCCCCCNc1c2c(nc3ccccc13)CCCC2,False
GWKZBCSXCDIJEX-UHFFFAOYSA-N,1,7.52143,7.52143,,7.52143,7.52143,0.0,0.0,O=C(CCCCC1CCSS1)NCCCCCCNc1c2c(nc3ccccc13)CCCC2,False
UJYFHDXYPAFONC-UHFFFAOYSA-N,1,7.48545,7.48545,,7.48545,7.48545,0.0,0.0,O=C(CCCCC1CCSS1)NCCCCCCCNc1c2c(nc3ccccc13)CCCC2,False
QVGXTQPZHCDXRZ-UHFFFAOYSA-N,2,6.9718350000000004,6.9718350000000004,3.712374240839681,4.34679,9.59688,2.625045,5.25009,O=C(CCCCC1CCSS1)NCCCNc1c2c(nc3cc(Cl)ccc13)CCCC2,True
YNUALVMKORREBG-UHFFFAOYSA-N,1,5.96257,5.96257,,5.96257,5.96257,0.0,0.0,Nc1c2c(nc3cc(Cl)ccc13)CC(CNC(=O)CCCCC1CCSS1)CC2,False
FPBUGSBZFOFWAX-UHFFFAOYSA-N,1,7.66756,7.66756,,7.66756,7.66756,0.0,0.0,NCCCNc1c2c(nc3cc(Cl)ccc13)CCCC2,False
HLRVNJVVXBHFTE-UHFFFAOYSA-N,2,9.175820000000002,9.175820000000002,0.1770736801447359,9.05061,9.30103,0.12521000000000004,0.2504200000000001,CC1=CC2Cc3nc4cc(Cl)ccc4c(NCCCCCCNc4c5c(nc6ccccc46)CCCC5)c3C(C1)C2,False
DBUWWODVSCMGDY-UHFFFAOYSA-N,2,9.096029999999999,9.096029999999999,0.5267804098483535,8.72354,9.46852,0.37249,0.74498,CC1=CC2Cc3nc4cc(Cl)ccc4c(NCCCCCCCNc4c5c(nc6ccccc46)CCCC5)c3C(C1)C2,False
XXFJVXFGCDTSND-UHFFFAOYSA-N,3,8.86012,7.51805,2.87946565169651,4.21254,9.48149,0.6213700000000006,5.268950000000001,CC1=CC2Cc3nc4cc(Cl)ccc4c(NCCCCCCCCNc4c5c(nc6ccccc46)CCCC5)c3C(C1)C2,False
JPBICZJGLXJNKG-RRPNLBNLSA-N,1,9.49485,9.49485,,9.49485,9.49485,0.0,0.0,CC1=C[C@@H]2Cc3nc4cc(Cl)ccc4c(NCCCN(C)CCCCNc4c5c(nc6ccccc46)CCCC5)c3[C@H](C1)C2,False
YNGVZJKKHQZTOO-UHFFFAOYSA-N,2,9.23878,9.23878,0.15274920687191823,9.13077,9.34679,0.10801000000000016,0.21602000000000032,CC1=CC2Cc3nc4cc(Cl)ccc4c(NCCCCCCNc4c5c(nc6cc(Cl)ccc46)CCCC5)c3C(C1)C2,False
GCPORJYZTJZXFH-UHFFFAOYSA-N,2,8.93863,8.93863,0.7677199744698578,8.39577,9.48149,0.5428600000000001,1.0857200000000002,CC1=CC2Cc3nc4cc(Cl)ccc4c(NCCCCCCCNc4c5c(nc6cc(Cl)ccc46)CCCC5)c3C(C1)C2,False
JVAZMJIFYNHUQW-UHFFFAOYSA-N,2,9.138684999999999,9.138684999999999,0.3666419371130368,8.87943,9.39794,0.25925500000000046,0.5185100000000009,CC1=CC2Cc3nc4cc(Cl)ccc4c(NCCCCCCCCNc4c5c(nc6cc(Cl)ccc46)CCCC5)c3C(C1)C2,False
XGUXGMNSUSHHSV-IZZNHLLZSA-N,1,9.5376,9.5376,,9.5376,9.5376,0.0,0.0,CC1=C[C@@H]2Cc3nc4cc(Cl)ccc4c(NCCCN(C)CCCCNc4c5c(nc6cc(Cl)ccc46)CCCC5)c3[C@H](C1)C2,False
WGVAFMNZAGFMCK-UHFFFAOYSA-N,1,4.70774,4.70774,,4.70774,4.70774,0.0,0.0,COc1cc2ccnc3c2c(c1OC)COC3=O,False
XEWQIWUCIOMNFJ-UHFFFAOYSA-N,1,4.0,4.0,,4.0,4.0,0.0,0.0,C=CCC1(OC)OCc2c(OC)c(OC)cc3ccnc1c23,False
IFNPRGSNEVVLRX-UHFFFAOYSA-N,1,4.01773,4.01773,,4.01773,4.01773,0.0,0.0,COc1cc2ccnc3c2c(c1OC)COC3(CC(O)CO)OC,False
MTDLYFVQDDTTLR-UHFFFAOYSA-N,1,4.33724,4.33724,,4.33724,4.33724,0.0,0.0,COc1cc2ccnc3c2c(c1OC)C(Br)OC3=O,False
AIXQQSTVOSFSMO-RBOXIYTFSA-N,2,5.458965,5.458965,0.7235894402560062,4.94731,5.97062,0.5116550000000002,1.0233100000000004,COc1ccc2c3c1O[C@H]1C[C@@H](O)C=C[C@@]31CCNC2,False
BGGBDKDNDXWHQP-SFHVURJKSA-N,1,6.99568,6.99568,,6.99568,6.99568,0.0,0.0,CN[C@@H](CCOc1ccc([N+](=O)[O-])cc1)c1ccc(OC(=O)N(C)C)cc1,False
XUOUWGWIRPBWCW-OAQYLSRUSA-N,1,7.85387,7.85387,,7.85387,7.85387,0.0,0.0,CN(C)C(=O)Oc1ccc2c(c1)C=CCN(C)[C@@H]2CCOc1ccc([N+](=O)[O-])cc1,False
XHISNFCRWZVULB-UHFFFAOYSA-N,1,9.30103,9.30103,,9.30103,9.30103,0.0,0.0,O=C(CCCCCCNc1c2c(nc3ccccc13)CCCC2)NCCc1c[nH]c2ccccc12,False
DIHZVMMPFILOAT-UHFFFAOYSA-N,1,9.34679,9.34679,,9.34679,9.34679,0.0,0.0,O=C(CCCCCNc1c2c(nc3ccccc13)CCCC2)NCCc1c[nH]c2ccc(O)cc12,False
HSPZASVVTPKCGM-UHFFFAOYSA-N,1,10.39794,10.39794,,10.39794,10.39794,0.0,0.0,COc1ccc2[nH]cc(CCNC(=O)CCCCCCNc3c4c(nc5cc(Cl)cc(Cl)c35)CCCC4)c2c1,False
NNXPYYPDXHQYMI-UHFFFAOYSA-N,1,9.18709,9.18709,,9.18709,9.18709,0.0,0.0,COc1ccc2[nH]cc(CCNC(=O)CCCCCCNc3c4c(nc5ccccc35)CCCC4)c2c1,False
SZRNKXYBFFECAE-UHFFFAOYSA-N,1,9.06048,9.06048,,9.06048,9.06048,0.0,0.0,O=C(CCCCCNc1c2c(nc3cccc(Cl)c13)CCCC2)NCCc1c[nH]c2ccccc12,False
DJYUJPYMPVRRIB-UHFFFAOYSA-N,1,10.0,10.0,,10.0,10.0,0.0,0.0,O=C(CCCCCCNc1c2c(nc3cc(Cl)ccc13)CCCC2)NCCc1c[nH]c2ccccc12,False
ZEZHVLKHFYAVTB-OCCSQVGLSA-N,2,7.22185,7.22185,0.313743278812471,7.0,7.4437,0.22184999999999988,0.44369999999999976,CCNC(=O)Oc1ccc2c(c1)[C@]1(C)CCO[C@@H]1O2,False
NPANUSRHFVUOKM-UNMCSNQZSA-N,1,5.41341,5.41341,,5.41341,5.41341,0.0,0.0,CC(C)c1ccc(NC(=O)Oc2ccc3c(c2)[C@]2(C)CCO[C@@H]2N3C)cc1,False
AGOPIOMWLMAZHS-UYAOXDASSA-N,1,6.84771,6.84771,,6.84771,6.84771,0.0,0.0,Cc1ccccc1NC(=O)Oc1ccc2c(c1)[C@@]1(C)CCO[C@H]1N2C,False
AGOPIOMWLMAZHS-ICSRJNTNSA-N,1,7.88606,7.88606,,7.88606,7.88606,0.0,0.0,Cc1ccccc1NC(=O)Oc1ccc2c(c1)[C@]1(C)CCO[C@@H]1N2C,False
DSQSAHYPEXEBHJ-ZFWWWQNUSA-N,1,7.08619,7.08619,,7.08619,7.08619,0.0,0.0,CCNC(=O)Oc1ccc2c(c1)[C@]1(C)CCO[C@@H]1N2C,False
LXTKNVLLWOLCOV-TZMCWYRMSA-N,1,7.25181,7.25181,,7.25181,7.25181,0.0,0.0,CNC(=O)Oc1ccc2c(c1)[C@@]1(C)CCO[C@H]1N2C,False
LXTKNVLLWOLCOV-JSGCOSHPSA-N,2,7.98329,7.98329,0.5864036536380038,7.56864,8.39794,0.41464999999999996,0.8292999999999999,CNC(=O)Oc1ccc2c(c1)[C@]1(C)CCO[C@@H]1N2C,False
JGAGHIIOCADQOV-PZJWPPBQSA-N,1,5.25885,5.25885,,5.25885,5.25885,0.0,0.0,Cc1ccccc1NC(=O)Oc1ccc2c(c1)[C@@]1(C)CCN(C)[C@H]1N2C,False
FDRUOIJOXDAUQN-ZBFHGGJFSA-N,1,7.02687,7.02687,,7.02687,7.02687,0.0,0.0,CCNC(=O)Oc1ccc2c(c1)[C@]1(C)CCN(C)[C@@H]1N2C,False
PIJVFDBKTWXHHD-DZGCQCFKSA-N,1,5.0048,5.0048,,5.0048,5.0048,0.0,0.0,CNC(=O)Oc1ccc2c(c1)[C@@]1(C)CCN(C)[C@H]1N2C,False
KOFCNZPCQOBXHD-CTNGQTDRSA-N,1,5.46471,5.46471,,5.46471,5.46471,0.0,0.0,CC(C)c1ccc(NC(=O)Oc2ccc3c(c2)[C@]2(C)CO[C@@H](C2)O3)cc1,False
MBYLQCWDOYEQRA-MJGOQNOKSA-N,1,7.01323,7.01323,,7.01323,7.01323,0.0,0.0,Cc1ccccc1NC(=O)Oc1ccc2c(c1)[C@]1(C)CO[C@@H](C1)O2,False
MBYLQCWDOYEQRA-PKOBYXMFSA-N,1,7.42022,7.42022,,7.42022,7.42022,0.0,0.0,Cc1ccccc1NC(=O)Oc1ccc2c(c1)[C@@]1(C)CO[C@H](C1)O2,False
RAANAGIDXYTUAW-OCCSQVGLSA-N,1,5.61618,5.61618,,5.61618,5.61618,0.0,0.0,CCNC(=O)Oc1ccc2c(c1)[C@]1(C)CO[C@@H](C1)O2,False
RAANAGIDXYTUAW-GXTWGEPZSA-N,1,6.21467,6.21467,,6.21467,6.21467,0.0,0.0,CCNC(=O)Oc1ccc2c(c1)[C@@]1(C)CO[C@H](C1)O2,False
QIYIAVWWIGXXBQ-PZJWPPBQSA-N,1,5.17393,5.17393,,5.17393,5.17393,0.0,0.0,CC(C)c1ccc(NC(=O)Oc2ccc3c(c2)[C@@]2(C)CCO[C@H]2O3)cc1,False
JZMKNXICJRCGJX-PKOBYXMFSA-N,1,7.4437,7.4437,,7.4437,7.4437,0.0,0.0,Cc1ccccc1NC(=O)Oc1ccc2c(c1)[C@@]1(C)CCO[C@H]1O2,False
JZMKNXICJRCGJX-MJGOQNOKSA-N,2,7.668620000000001,7.668620000000001,0.04292138161802358,7.63827,7.69897,0.030349999999999877,0.060699999999999754,Cc1ccccc1NC(=O)Oc1ccc2c(c1)[C@]1(C)CCO[C@@H]1O2,False
ZEZHVLKHFYAVTB-GXTWGEPZSA-N,1,6.31336,6.31336,,6.31336,6.31336,0.0,0.0,CCNC(=O)Oc1ccc2c(c1)[C@@]1(C)CCO[C@H]1O2,False
PLKJOOZHDCZCGL-UHFFFAOYSA-N,1,5.25964,5.25964,,5.25964,5.25964,0.0,0.0,COc1ccc(CC2=[N+](C)CCc3cc(OC)c(OC)cc32)cc1OC,False
XQYZDYMELSJDRZ-UHFFFAOYSA-N,1,4.61386,4.61386,,4.61386,4.61386,0.0,0.0,COc1ccc(Cc2nccc3cc(OC)c(OC)cc23)cc1OC,False
JJZIJKXUHDFVGX-UHFFFAOYSA-N,1,4.9694,4.9694,,4.9694,4.9694,0.0,0.0,COc1ccc(C(O)c2nccc3cc(OC)c(OC)cc23)cc1OC,False
APIOTDBMTZHUEJ-UHFFFAOYSA-N,1,5.15864,5.15864,,5.15864,5.15864,0.0,0.0,COc1cc2ccnc(C(O)c3ccccc3OC)c2cc1OC,False
WRLJDWUKTUNXCU-SFHVURJKSA-N,1,5.52288,5.52288,,5.52288,5.52288,0.0,0.0,CCC[C@@H](CC1(C(=O)NC2(CO)Cc3ccccc3C2)CCCC1)C(=O)O,False
FWXXCSISWQQOGS-NSHDSACASA-N,1,5.52288,5.52288,,5.52288,5.52288,0.0,0.0,CCC[C@@H](CC1(C(=O)Nc2nnc(CC)s2)CCCC1)C(=O)O,False
FEIWTOVFMGPLGF-NSHDSACASA-N,1,5.30103,5.30103,,5.30103,5.30103,0.0,0.0,CCC[C@@H](CC1(C(=O)Nc2nnc(C)s2)CCCC1)C(=O)O,False
WRLJDWUKTUNXCU-GOSISDBHSA-N,1,5.52288,5.52288,,5.52288,5.52288,0.0,0.0,CCC[C@H](CC1(C(=O)NC2(CO)Cc3ccccc3C2)CCCC1)C(=O)O,False
FWXXCSISWQQOGS-LLVKDONJSA-N,1,5.52288,5.52288,,5.52288,5.52288,0.0,0.0,CCC[C@H](CC1(C(=O)Nc2nnc(CC)s2)CCCC1)C(=O)O,False
FEIWTOVFMGPLGF-LLVKDONJSA-N,1,5.52288,5.52288,,5.52288,5.52288,0.0,0.0,CCC[C@H](CC1(C(=O)Nc2nnc(C)s2)CCCC1)C(=O)O,False
CKKKRJHYWGUIIV-UHFFFAOYSA-N,1,5.52288,5.52288,,5.52288,5.52288,0.0,0.0,CCCC(CC1(c2nnc(Cc3ccccc3)o2)CCCC1)C(=O)O,False
QEPHHSAYCFTKNW-UHFFFAOYSA-N,1,5.52288,5.52288,,5.52288,5.52288,0.0,0.0,CCCC(CC1(c2nnc(-c3ccc(=O)n(Cc4ccccc4)c3)o2)CCCC1)C(=O)O,False
ZCIGPBBBUAXLTA-UHFFFAOYSA-N,1,5.52288,5.52288,,5.52288,5.52288,0.0,0.0,CCc1nnc(NC(=O)C2(CC(CCC(C)C)C(=O)O)CCCC2)s1,False
USJQBYSRQCMORE-UHFFFAOYSA-N,1,5.52288,5.52288,,5.52288,5.52288,0.0,0.0,CCc1nnc(NC(=O)C2(CC(CCc3ccccc3)C(=O)O)CCCC2)s1,False
RRBLRNOIQXSNCM-UHFFFAOYSA-N,1,5.52288,5.52288,,5.52288,5.52288,0.0,0.0,CCc1nnc(NC(=O)C2(CCC(=O)O)CCCC2)s1,False
OELJYWODVDGDGG-UHFFFAOYSA-N,1,5.52288,5.52288,,5.52288,5.52288,0.0,0.0,CCCCC(CC1(C(=O)Nc2nnc(CC)s2)CCCC1)C(=O)O,False
OLJFAUHUGYPHKD-LNKTZMHHSA-N,1,5.52288,5.52288,,5.52288,5.52288,0.0,0.0,CCCC(CC1(C(=O)N[C@H]2CC[C@@H](C(N)=O)CC2)CCCC1)C(=O)O,False
QESHLPVSQRLPLL-SMEJFCCLSA-N,1,5.52288,5.52288,,5.52288,5.52288,0.0,0.0,CCCC(CC1(C(=O)N[C@@H]2CC[C@H](C(N)=O)C2)CCCC1)C(=O)O,False
VVKKOYPFDLPBSF-GFOWMXPYSA-N,1,5.52288,5.52288,,5.52288,5.52288,0.0,0.0,CCCC(CC1(C(=O)N[C@@H]2CCN(Cc3ccccc3)C2)CCCC1)C(=O)O,False
DXFWFDIVNNUBBJ-UHFFFAOYSA-N,1,5.52288,5.52288,,5.52288,5.52288,0.0,0.0,CCCC(CC1(C(=O)NC2CCCC(C(=O)N(C)C)C2)CCCC1)C(=O)O,False
BFHMTMVYWRPPAG-KXOWAINCSA-N,1,5.52288,5.52288,,5.52288,5.52288,0.0,0.0,CCCC(CC1(C(=O)N[C@H]2CC[C@@H](C(=O)N(C)C)CC2)CCCC1)C(=O)O,False
BUCJOPVIFDLZCA-PXKIYYGHSA-N,1,5.52288,5.52288,,5.52288,5.52288,0.0,0.0,CCCC(CC1(C(=O)N[C@@H]2CCCC[C@@H]2CCC)CCCC1)C(=O)O,False
WSDCIGACRZUZGK-NHXNGRAPSA-N,1,5.52288,5.52288,,5.52288,5.52288,0.0,0.0,CCCC(CC1(C(=O)N[C@@H]2CCCC[C@@H]2Cc2ccccc2)CCCC1)C(=O)O,False
WOUJGLUBCQCKDI-UHFFFAOYSA-N,1,5.52288,5.52288,,5.52288,5.52288,0.0,0.0,CCCC(CC1(C(=O)NCc2nnc(C)s2)CCCC1)C(=O)O,False
OQFRYNRNDUZGLA-UHFFFAOYSA-N,1,5.52288,5.52288,,5.52288,5.52288,0.0,0.0,CCCC(CC1(C(=O)Nc2nnc(CC3CC3)s2)CCCC1)C(=O)O,False
WTCGLJIGRQNVRC-UHFFFAOYSA-N,1,5.52288,5.52288,,5.52288,5.52288,0.0,0.0,CCCC(CC1(C(=O)Nc2nnc(Cc3ccccc3)s2)CCCC1)C(=O)O,False
DPOCSFZJMLFPJZ-UHFFFAOYSA-N,1,5.52288,5.52288,,5.52288,5.52288,0.0,0.0,CCCC(CC1(C(=O)Nc2nnc(CC(C)C)s2)CCCC1)C(=O)O,False
IDVFPKOTTTXBCR-UHFFFAOYSA-N,1,5.52288,5.52288,,5.52288,5.52288,0.0,0.0,CCCC(CC1(C(=O)Nc2nnc(-c3ccccc3)s2)CCCC1)C(=O)O,False
CSTOJTLONSRFIJ-UHFFFAOYSA-N,1,5.52288,5.52288,,5.52288,5.52288,0.0,0.0,CCCC(CC1(C(=O)Nc2nncs2)CCCC1)C(=O)O,False
RHGOAASQRMLTGQ-UHFFFAOYSA-N,1,5.52288,5.52288,,5.52288,5.52288,0.0,0.0,CCCC(CC1(C(=O)Nc2ccc(=O)n(Cc3ccccc3)c2)CCCC1)C(=O)O,False
TZGRGYIVZRTXNF-UHFFFAOYSA-N,1,5.52288,5.52288,,5.52288,5.52288,0.0,0.0,CCCC(CC1(C(=O)Nc2cc(Cc3ccccc3)ccn2)CCCC1)C(=O)O,False
ZRGPBCADUOKTDJ-UHFFFAOYSA-N,1,5.52288,5.52288,,5.52288,5.52288,0.0,0.0,CCCCc1ccnc(NC(=O)C2(CC(CCC)C(=O)O)CCCC2)c1,False
YOYJZQJCZYIVFI-UHFFFAOYSA-N,1,5.52288,5.52288,,5.52288,5.52288,0.0,0.0,CCCC(CC1(C(=O)Nc2ccccn2)CCCC1)C(=O)O,False
QDYXCIGMBHIKDP-UHFFFAOYSA-N,1,5.52288,5.52288,,5.52288,5.52288,0.0,0.0,CCCC(CC1(C(=O)Nc2ccc(OC)nn2)CCCC1)C(=O)O,False
REUQZHBGAKLLHL-UHFFFAOYSA-N,1,5.52288,5.52288,,5.52288,5.52288,0.0,0.0,CCCNc1ccnc(NC(=O)C2(CC(CCC)C(=O)O)CCCC2)n1,False
CFNUIOLAENRJAW-UHFFFAOYSA-N,1,5.52288,5.52288,,5.52288,5.52288,0.0,0.0,CCCC(CC1(C(=O)Nc2cn(CC)nn2)CCCC1)C(=O)O,False
XLWZIHIVUQLEGZ-ZVAWYAOSSA-N,1,5.52288,5.52288,,5.52288,5.52288,0.0,0.0,CCCC(CC1(C(=O)N[C@H](CO)Cc2ccccc2)CCCC1)C(=O)O,False
FWXXCSISWQQOGS-UHFFFAOYSA-N,1,5.52288,5.52288,,5.52288,5.52288,0.0,0.0,CCCC(CC1(C(=O)Nc2nnc(CC)s2)CCCC1)C(=O)O,False
IJMNLPIVXCSBRI-UHFFFAOYSA-N,1,5.52288,5.52288,,5.52288,5.52288,0.0,0.0,CCCC(CC1(C(=O)NC2Cc3ccccc3C2)CCCC1)C(=O)O,False
WRLJDWUKTUNXCU-UHFFFAOYSA-N,1,5.52288,5.52288,,5.52288,5.52288,0.0,0.0,CCCC(CC1(C(=O)NC2(CO)Cc3ccccc3C2)CCCC1)C(=O)O,False
SHLVYFJZGOGWOK-LDCVWXEPSA-N,1,5.52288,5.52288,,5.52288,5.52288,0.0,0.0,CCCC(CC1(C(=O)N[C@H](C)c2ccccc2)CCCC1)C(=O)O,False
JSODVEKNFWAJKD-UHFFFAOYSA-N,1,5.52288,5.52288,,5.52288,5.52288,0.0,0.0,CCCC(CC1(C(=O)NC2(CO)CCCC2)CCCC1)C(=O)O,False
FEIWTOVFMGPLGF-UHFFFAOYSA-N,1,5.52288,5.52288,,5.52288,5.52288,0.0,0.0,CCCC(CC1(C(=O)Nc2nnc(C)s2)CCCC1)C(=O)O,False
AWKDTQNBJJUGCQ-UHFFFAOYSA-N,1,5.52288,5.52288,,5.52288,5.52288,0.0,0.0,CCCC(CC1(C(=O)NCc2ccc3c(c2)OCO3)CCCC1)C(=O)O,False
OSZNNLWOYWAHSS-UHFFFAOYSA-M,3,7.37572,6.420693333333333,1.9651803037210944,4.16052,7.72584,0.35011999999999954,3.56532,CN(C)C(=O)Oc1cccc([N+](C)(C)C)c1.COS(=O)(=O)[O-],False
WDHBXSBNUQDWLT-UHFFFAOYSA-N,1,7.13312,7.13312,,7.13312,7.13312,0.0,0.0,N#Cc1ccccc1-c1ccc(CN2CCN(C(c3ccc(F)cc3)c3ccc(F)cc3)CC2)cc1,False
CZQFKRLBBDIJNO-UHFFFAOYSA-N,1,5.99443,5.99443,,5.99443,5.99443,0.0,0.0,COc1cc(Br)c(CN2CCN(C(c3ccc(F)cc3)c3ccc(F)cc3)CC2)cc1OC,False
VSCFNMVKECXBMF-UHFFFAOYSA-N,1,5.87234,5.87234,,5.87234,5.87234,0.0,0.0,Cc1cc2c(cc1CN1CCN(C(c3ccc(F)cc3)c3ccc(F)cc3)CC1)OCO2,False
NCZRUTJVTDTOAX-UHFFFAOYSA-N,1,5.96948,5.96948,,5.96948,5.96948,0.0,0.0,CC1=C(CCN2CCN(C(c3ccc(F)cc3)c3ccc(F)cc3)CC2)C(=O)C2CCCCC2=N1,False
CYNVKODZVQUAQS-UHFFFAOYSA-N,1,5.49435,5.49435,,5.49435,5.49435,0.0,0.0,Cc1nc2ccccn2c(=O)c1CCN1CCN(C(c2ccc(F)cc2)c2ccc(F)cc2)CC1,False
VFHWFWNFMSLODT-UHFFFAOYSA-N,1,7.67778,7.67778,,7.67778,7.67778,0.0,0.0,Fc1ccc(C(c2ccc(F)cc2)N2CCN(CCN3CCCC3)CC2)cc1,False
QVIIDWWABZYHCA-UHFFFAOYSA-N,1,6.8986,6.8986,,6.8986,6.8986,0.0,0.0,Fc1ccc(C(c2ccc(F)cc2)N2CCN(CCN3CCCCC3)CC2)cc1,False
ZYSAKJROYRNRCW-UHFFFAOYSA-N,1,6.54638,6.54638,,6.54638,6.54638,0.0,0.0,Fc1ccc(C(c2ccc(F)cc2)N2CCN(CCN3CCOCC3)CC2)cc1,False
RVUKPUNERJXZRC-UHFFFAOYSA-N,1,7.00877,7.00877,,7.00877,7.00877,0.0,0.0,CC1=CC2Cc3nc4cc(Cl)ccc4c(N)c3C(C1)C2NC=O,False
UEGRKPLAHWHWQQ-UHFFFAOYSA-N,1,6.64782,6.64782,,6.64782,6.64782,0.0,0.0,CC1=CC2Cc3nc4cc(Cl)ccc4c(N)c3C(C1)C2N,False
IIGBHFJNVWQBMB-UHFFFAOYSA-N,1,7.39254,7.39254,,7.39254,7.39254,0.0,0.0,CC1=CC2Cc3nc4cc(Cl)ccc4c(N)c3C(C1)C2NS(C)(=O)=O,False
ORHYETPDBZUFJW-UHFFFAOYSA-N,1,6.41341,6.41341,,6.41341,6.41341,0.0,0.0,COc1cc(C(=O)NNc2c3c(nc4ccccc24)CCCC3)cc(OC)c1OC,False
HZEYALYZZKPABJ-UHFFFAOYSA-N,1,8.07624,8.07624,,8.07624,8.07624,0.0,0.0,COc1cc(CCC(=O)NCCCCCC(=O)NNc2c3c(nc4ccccc24)CCCC3)cc(OC)c1OC,False
UZTWTDUISHKFGD-UHFFFAOYSA-N,1,7.22915,7.22915,,7.22915,7.22915,0.0,0.0,COc1cc(CCC(=O)NCCCCC(=O)NNc2c3c(nc4ccccc24)CCCC3)cc(OC)c1OC,False
IOOCYIJIKUOHFE-UHFFFAOYSA-N,1,7.14206,7.14206,,7.14206,7.14206,0.0,0.0,COc1cc(CCC(=O)NCCCC(=O)NNc2c3c(nc4ccccc24)CCCC3)cc(OC)c1OC,False
XYQHDYWZDYRZLT-UHFFFAOYSA-N,1,6.86967,6.86967,,6.86967,6.86967,0.0,0.0,COc1cc(CCC(=O)NCCC(=O)NNc2c3c(nc4ccccc24)CCCC3)cc(OC)c1OC,False
LHUNFEXUROHDNV-UHFFFAOYSA-N,1,7.39041,7.39041,,7.39041,7.39041,0.0,0.0,COc1cc(CCC(=O)NCC(=O)NNc2c3c(nc4ccccc24)CCCC3)cc(OC)c1OC,False
ZIHQIMALTYQRGD-UHFFFAOYSA-N,1,6.43771,6.43771,,6.43771,6.43771,0.0,0.0,COc1cc(CCC(=O)NNc2c3c(nc4ccccc24)CCCC3)cc(OC)c1OC,False
XYJPAVSBBNRJDP-UHFFFAOYSA-N,1,8.29414,8.29414,,8.29414,8.29414,0.0,0.0,COc1cc(C(=O)NCCCCCCCCC(=O)NNc2c3c(cc4ccccc24)CCCC3)cc(OC)c1OC,False
PRXVIQMGMOKJKT-UHFFFAOYSA-N,1,8.28067,8.28067,,8.28067,8.28067,0.0,0.0,COc1cc(C(=O)NCCCCCCCC(=O)NNc2c3c(nc4ccccc24)CCCC3)cc(OC)c1OC,False
DSRWIKGFKWYMAF-UHFFFAOYSA-N,1,8.24795,8.24795,,8.24795,8.24795,0.0,0.0,COc1cc(C(=O)NCCCCCCC(=O)NNc2c3c(nc4ccccc24)CCCC3)cc(OC)c1OC,False
JYTGRKGSBZXXDK-UHFFFAOYSA-N,1,7.73993,7.73993,,7.73993,7.73993,0.0,0.0,COc1cc(C(=O)NCCCCCC(=O)NNc2c3c(nc4ccccc24)CCCC3)cc(OC)c1OC,False
PJWMHJCVVYVTMN-UHFFFAOYSA-N,1,7.76955,7.76955,,7.76955,7.76955,0.0,0.0,COc1cc(C(=O)NCCCCC(=O)NNc2c3c(nc4ccccc24)CCCC3)cc(OC)c1OC,False
JJFPAWUNOIIHJP-UHFFFAOYSA-N,1,6.61798,6.61798,,6.61798,6.61798,0.0,0.0,COc1cc(C(=O)NCCCC(=O)NNc2c3c(nc4ccccc24)CCCC3)cc(OC)c1OC,False
HHOZIIJUOGFCKO-UHFFFAOYSA-N,1,7.04964,7.04964,,7.04964,7.04964,0.0,0.0,COc1cc(C(=O)NCCC(=O)NNc2c3c(nc4ccccc24)CCCC3)cc(OC)c1OC,False
OFCBHLPUPDOGOA-UHFFFAOYSA-N,1,7.28735,7.28735,,7.28735,7.28735,0.0,0.0,COc1cc(C(=O)NCC(=O)NNc2c3c(nc4ccccc24)CCCC3)cc(OC)c1OC,False
ZNRGREFWBCWZAU-UHFFFAOYSA-N,3,6.97881,7.094736666666667,0.21851812769958773,6.95861,7.34679,0.020199999999999996,0.3881800000000002,CCOC(=O)C1=C(C)Nc2nc3c(c(N)c2C1c1ccc(OC)cc1)CCCC3,False
SCKWNQRIZNNYFA-UHFFFAOYSA-N,1,7.23657,7.23657,,7.23657,7.23657,0.0,0.0,CCOC(=O)C1=C(C)Nc2nc3c(c(N)c2C1c1cccc(OC)c1)CCCC3,False
RYUHYOLRLQUVHQ-UHFFFAOYSA-N,1,6.63078,6.63078,,6.63078,6.63078,0.0,0.0,CCOC(=O)C1=C(C)Nc2nc3c(c(N)c2C1c1ccccc1OC)CCCC3,False
QTVIWMLMXFVZIY-UHFFFAOYSA-N,1,6.77211,6.77211,,6.77211,6.77211,0.0,0.0,CCOC(=O)C1=C(C)Nc2nc3c(c(N)c2C1c1ccc(C)cc1)CCCC3,False
QTWUJCCPMWZOOB-UHFFFAOYSA-N,1,6.51004,6.51004,,6.51004,6.51004,0.0,0.0,CCOC(=O)C1=C(C)Nc2nc3c(c(N)c2C1c1ccc([N+](=O)[O-])cc1)CCCC3,False
CWDRVGKNJWGVJS-UHFFFAOYSA-N,1,6.71897,6.71897,,6.71897,6.71897,0.0,0.0,CCOC(=O)C1=C(C)Nc2nc3c(c(N)c2C1c1cccc([N+](=O)[O-])c1)CCCC3,False
OWDDOOZVDQHYQH-UHFFFAOYSA-N,1,6.47108,6.47108,,6.47108,6.47108,0.0,0.0,CCOC(=O)C1=C(C)Nc2nc3c(c(N)c2C1c1ccccc1[N+](=O)[O-])CCCC3,False
RDDFBAPIHCKOCC-UHFFFAOYSA-N,1,6.71444,6.71444,,6.71444,6.71444,0.0,0.0,CCOC(=O)C1=C(C)Nc2nc3c(c(N)c2C1c1ccc(F)cc1)CCCC3,False
POYFPBLOVRVCKS-UHFFFAOYSA-N,1,6.91364,6.91364,,6.91364,6.91364,0.0,0.0,CCOC(=O)C1=C(C)Nc2nc3c(c(N)c2C1c1ccccc1)CCCC3,False
QYMDEOQLJUUNOF-UHFFFAOYSA-N,1,5.0,5.0,,5.0,5.0,0.0,0.0,COc1ccc2[nH]c3c(c2c1)CCNC3,False
RDUORFDQRFHYBF-UHFFFAOYSA-N,1,5.0,5.0,,5.0,5.0,0.0,0.0,COc1ccc2[nH]c3c(c2c1)CCNC3C,False
OIKFIPOMXWTXJJ-UHFFFAOYSA-N,1,5.0,5.0,,5.0,5.0,0.0,0.0,COc1ccc2[nH]c3cnccc3c2c1,False
XBRYDHQDILJNCE-UHFFFAOYSA-N,1,5.0,5.0,,5.0,5.0,0.0,0.0,COc1ccc2c(c1)c1ccncc1n2C,False
XYYVPBBISSKKQB-UHFFFAOYSA-N,1,5.0,5.0,,5.0,5.0,0.0,0.0,COc1ccc2[nH]c3c(C)nccc3c2c1,False
ZJFQROWBHQUHHK-UHFFFAOYSA-N,1,5.0,5.0,,5.0,5.0,0.0,0.0,Oc1ccc2[nH]c3cnccc3c2c1,False
JRRFUIIDNJTOQQ-UHFFFAOYSA-N,1,5.0,5.0,,5.0,5.0,0.0,0.0,Cn1c2ccc(O)cc2c2ccncc21,False
QMMOFTKCULGVPS-UHFFFAOYSA-N,1,5.0,5.0,,5.0,5.0,0.0,0.0,Cc1nccc2c1[nH]c1ccc(O)cc12,False
IEGAEJKWYJMBPB-UHFFFAOYSA-N,1,5.0,5.0,,5.0,5.0,0.0,0.0,Cc1nccc2c3cc(O)ccc3n(C)c12,False
ZQWOCKNFOGTQHF-UHFFFAOYSA-N,1,5.0,5.0,,5.0,5.0,0.0,0.0,COc1ccc2c(c1)c1cc[n+](C)c(C)c1n2C,False
CHMZSXAIQRLCLX-UHFFFAOYSA-O,2,5.721625,5.721625,0.0005303300858899308,5.72125,5.722,0.0003750000000000142,0.0007500000000000284,Cc1c2c(cc[n+]1C)c1cc(O)ccc1n2C,False
ICPRLZDLIOARIN-UHFFFAOYSA-O,2,6.0035,6.0035,0.004949747468305602,6.0,6.007,0.0034999999999998366,0.006999999999999673,Cc1c2[nH]c3ccc(O)cc3c2cc[n+]1C,False
OEJPDCAOADNKRJ-UHFFFAOYSA-O,2,5.7423649999999995,5.7423649999999995,0.003344615075011672,5.74,5.74473,0.0023649999999997284,0.004729999999999457,Cn1c2ccc(O)cc2c2cc[n+](C)cc21,False
FTXCPBMJKVPYRT-UHFFFAOYSA-O,2,5.376875,5.376875,0.0001767766952962249,5.37675,5.377,0.00012499999999970868,0.00024999999999941735,C[n+]1ccc2c(c1)[nH]c1ccc(O)cc12,False
GKOBEAWUMYEQIP-UHFFFAOYSA-O,2,6.1094550000000005,6.1094550000000005,0.01774130913996989,6.09691,6.122,0.012544999999999806,0.025089999999999613,COc1ccc2[nH]c3c(C)[n+](C)ccc3c2c1,False
DSZQQMUYRCNRKS-UHFFFAOYSA-N,2,5.8705300000000005,5.8705300000000005,0.021962736623653913,5.855,5.88606,0.0155299999999996,0.0310599999999992,COc1ccc2c(c1)c1cc[n+](C)cc1n2C,False
UXIBWQLCPYHBSH-UHFFFAOYSA-O,2,5.65679,5.65679,0.001117228714275156,5.656,5.65758,0.0007900000000002905,0.001580000000000581,COc1ccc2[nH]c3c[n+](C)ccc3c2c1,False
AJSYZGYPCGTQSU-UHFFFAOYSA-N,2,4.92856,4.92856,0.0006222539674444701,4.92812,4.929,0.000440000000000218,0.000880000000000436,COc1ccc2c(c1)c1ccnc(C)c1n2C,False
OPZOQOCNMRVIJJ-UHFFFAOYSA-N,1,4.51,4.51,,4.51,4.51,0.0,0.0,CCN(CCCCCCNc1ccc(CCc2ccc(NCCCCCCN(CC)Cc3ccccc3OC)cc2)cc1)Cc1ccccc1OC,False
CAAWONCYYQXLJB-UHFFFAOYSA-N,1,5.97,5.97,,5.97,5.97,0.0,0.0,CCN(CCCCCCNc1ccc(Cc2ccc(NCCCCCCN(CC)Cc3ccccc3OC)cc2)cc1)Cc1ccccc1OC,False
OXYGPYKFZHTXST-UHFFFAOYSA-N,1,5.58,5.58,,5.58,5.58,0.0,0.0,CCN(CCCCCCNc1ccc(-c2ccc(NCCCCCCN(CC)Cc3ccccc3OC)cc2)cc1)Cc1ccccc1OC,False
MMXVQYINUWPOGL-UHFFFAOYSA-P,1,6.91999,6.91999,,6.91999,6.91999,0.0,0.0,CC[N+](C)(CCCCCC(=O)Nc1ccc(CCc2ccc(NC(=O)CCCCC[N+](C)(CC)Cc3ccccc3OC)cc2)cc1)Cc1ccccc1OC,False
JJSKTTNIOYMAJG-UHFFFAOYSA-N,1,8.24003,8.24003,,8.24003,8.24003,0.0,0.0,CC[N+](C)(CCCCCC(=O)N1CCC(CCCC2CCN(C(=O)CCCCC[N+](C)(CC)Cc3ccccc3OC)CC2)CC1)Cc1ccccc1OC,False
MKZBCJVAPJMUCL-UHFFFAOYSA-N,1,8.24003,8.24003,,8.24003,8.24003,0.0,0.0,CC[N+](C)(CCCCCC(=O)N1CCC(CCC2CCN(C(=O)CCCCC[N+](C)(CC)Cc3ccccc3OC)CC2)CC1)Cc1ccccc1OC,False
JTSFQHSYCFLAHM-UHFFFAOYSA-N,1,6.77001,6.77001,,6.77001,6.77001,0.0,0.0,CCN(CCCCCC(=O)Nc1ccc(CCc2ccc(NC(=O)CCCCCN(CC)Cc3ccccc3OC)cc2)cc1)Cc1ccccc1OC,False
RRQRHRADZOPJNL-UHFFFAOYSA-N,1,7.19997,7.19997,,7.19997,7.19997,0.0,0.0,CCN(CCCCCC(=O)Nc1ccc(Cc2ccc(NC(=O)CCCCCN(CC)Cc3ccccc3OC)cc2)cc1)Cc1ccccc1OC,False
DQFITZQWLBZWPL-UHFFFAOYSA-N,2,7.44003,7.44003,8.485281374199953e-05,7.43997,7.44009,5.999999999994898e-05,0.00011999999999989797,CCN(CCCCCC(=O)Nc1ccc(-c2ccc(NC(=O)CCCCCN(CC)Cc3ccccc3OC)cc2)cc1)Cc1ccccc1OC,False
OHDAIMUTVTWWBN-UHFFFAOYSA-N,1,8.18,8.18,,8.18,8.18,0.0,0.0,CCN(CCCCCC(=O)N1CCC(CCCC2CCN(C(=O)CCCCCN(CC)Cc3ccccc3OC)CC2)CC1)Cc1ccccc1OC,False
OACFNJFRSVQUTM-UHFFFAOYSA-N,1,8.13001,8.13001,,8.13001,8.13001,0.0,0.0,CCN(CCCCCC(=O)N1CCC(CCC2CCN(C(=O)CCCCCN(CC)Cc3ccccc3OC)CC2)CC1)Cc1ccccc1OC,False
QGFZYGZFBJAMKK-UHFFFAOYSA-N,1,8.48004,8.48004,,8.48004,8.48004,0.0,0.0,CCN(CCCCCC(=O)N1CCC(CC2CCN(C(=O)CCCCCN(CC)Cc3ccccc3OC)CC2)CC1)Cc1ccccc1OC,False
ZKOHODJSCICEFD-UHFFFAOYSA-N,2,8.47945,8.47945,0.000834386001801196,8.47886,8.48004,0.0005900000000007566,0.0011800000000015132,CCN(CCCCCC(=O)N1CCC(C2CCN(C(=O)CCCCCN(CC)Cc3ccccc3OC)CC2)CC1)Cc1ccccc1OC,False
CPLGYLJHIKGTTM-UHFFFAOYSA-N,3,10.1549,8.850946666666667,2.7432135756505236,5.69897,10.69897,0.5440699999999996,4.999999999999999,O=C(CCc1c[nH]c2ccccc12)NCCCCCCNc1c2c(nc3cc(Cl)ccc13)CCCC2,False
FHBDDQZHQPRYJX-UHFFFAOYSA-N,4,7.72185,7.797107499999999,3.082317657071001,5.04576,10.69897,2.588045,5.65321,O=C(CCc1c[nH]c2ccccc12)NCCCCCCCNc1c2c(nc3cc(Cl)ccc13)CCCC2,True
NFWZCWJFWPWUFN-UHFFFAOYSA-N,3,9.69897,8.25823,2.6898507713811934,5.1549,9.92082,0.22185000000000166,4.765920000000001,O=C(Cc1c[nH]c2ccccc12)NCCCCCCCNc1c2c(nc3cc(Cl)ccc13)CCCC2,False
FEAVRTOEDVZKCJ-UHFFFAOYSA-N,3,9.22185,7.894676666666666,2.6675002052358563,4.82391,9.63827,0.41642000000000046,4.814360000000001,O=C(Cc1c[nH]c2ccc(Br)cc12)NCCCCCCCNc1c2c(nc3cc(Cl)ccc13)CCCC2,False
WIIKLWSNLFQLLL-UHFFFAOYSA-N,3,9.52288,8.369303333333333,2.319695025522393,5.69897,9.88606,0.36317999999999984,4.18709,O=C(CCCc1c[nH]c2ccccc12)NCCCCCNc1c2c(nc3cc(Cl)ccc13)CCCC2,False
OTLLABLRJBVBHD-UHFFFAOYSA-N,1,5.57187,5.57187,,5.57187,5.57187,0.0,0.0,CN(CCCOc1ccc2c(=O)c3ccccc3oc2c1)Cc1ccccc1,False
APQVLCHKJANNBN-UHFFFAOYSA-N,1,5.50169,5.50169,,5.50169,5.50169,0.0,0.0,CCN(CCCCCCCOc1ccc2c(=O)c3ccccc3oc2c1)Cc1ccccc1OC,False
BNLAZRSQWDVIQK-UHFFFAOYSA-N,1,4.39794,4.39794,,4.39794,4.39794,0.0,0.0,COc1cccc(CN(C)CCCCCCCOc2ccc3c(=O)c4ccccc4oc3c2)c1,False
HCYIWPLGUFGDSL-UHFFFAOYSA-N,1,5.66154,5.66154,,5.66154,5.66154,0.0,0.0,COc1ccccc1CN(C)CCCCCCCOc1ccc2c(=O)c3ccccc3oc2c1,False
VQPIMTWJBHRDFH-UHFFFAOYSA-N,1,5.46852,5.46852,,5.46852,5.46852,0.0,0.0,COc1ccccc1CN(C)CCCOc1ccc2c(=O)c3ccccc3oc2c1,False
YXLAGEWUVMLQRD-UHFFFAOYSA-N,1,5.63451,5.63451,,5.63451,5.63451,0.0,0.0,COc1cc2oc3cc(OCCCCCCCN(C)Cc4ccccc4)ccc3c(=O)c2cc1OC,False
OTZUHGHWYCAPIJ-UHFFFAOYSA-N,1,5.10568,5.10568,,5.10568,5.10568,0.0,0.0,COc1ccc2c(=O)c3ccc(OCCCCCCCN(C)Cc4ccccc4)cc3oc2c1,False
QDZBIUGFNUHGNM-UHFFFAOYSA-N,1,4.98716,4.98716,,4.98716,4.98716,0.0,0.0,CN(CCCCCCCCOc1ccc2c(=O)c3ccccc3oc2c1)Cc1ccccc1,False
JUEPMIFCYDBLJZ-UHFFFAOYSA-N,1,5.54975,5.54975,,5.54975,5.54975,0.0,0.0,CN(CCCCCCCOc1ccc2c(=O)c3ccccc3oc2c1)Cc1ccccc1,False
NKJXMWCNCBVIAA-UHFFFAOYSA-N,1,5.5391,5.5391,,5.5391,5.5391,0.0,0.0,CN(CCCCCCOc1ccc2c(=O)c3ccccc3oc2c1)Cc1ccccc1,False
NDUSIOVFIPORBY-UHFFFAOYSA-N,2,5.15657,5.15657,0.06724585489084002,5.10902,5.20412,0.04754999999999976,0.09509999999999952,CN(CCCCCOc1ccc2c(=O)c3ccccc3oc2c1)Cc1ccccc1,False
VUBALVZUDJIWHQ-UHFFFAOYSA-N,1,5.20412,5.20412,,5.20412,5.20412,0.0,0.0,CN(CCCCOc1ccc2c(=O)c3ccccc3oc2c1)Cc1ccccc1,False
MMQTXYOQHYQNGU-WGYQWICLSA-N,1,4.5544,4.5544,,4.5544,4.5544,0.0,0.0,C[C@H]1C=C2N3CC[C@@H](O)C24[C@H](CC(=O)[C@H]4C[C@H](O)C3)C1,False
ZAPIKGUBFZHNMQ-AQDIXCGQSA-N,1,4.77728,4.77728,,4.77728,4.77728,0.0,0.0,CC1=C[C@H]2[C@H](O)C(=O)[C@H]3CCCN4CCC[C@H]2[C@]34C1,False
OZPRPMGGGNQZCR-UHFFFAOYSA-N,1,7.97881,7.97881,,7.97881,7.97881,0.0,0.0,COc1cc2cc(-c3ccc(C[N+](C)(C)Cc4ccccc4)cc3)c(=O)oc2cc1OC,False
BDMKNKRUJUZIKT-UHFFFAOYSA-N,1,4.0942,4.0942,,4.0942,4.0942,0.0,0.0,COc1ccc2c(=O)cc(-c3ccc(CN(C)Cc4ccccc4)cc3)oc2c1,False
GBRIZQGRQAMSPE-UHFFFAOYSA-N,1,4.74232,4.74232,,4.74232,4.74232,0.0,0.0,COc1ccc2oc(-c3ccc(CN(C)Cc4ccccc4)cc3)cc(=O)c2c1,False
VUKFZQAYZWJWTL-UHFFFAOYSA-N,1,5.50864,5.50864,,5.50864,5.50864,0.0,0.0,COc1cc2oc(-c3ccc(CN(C)Cc4ccccc4)cc3)cc(=O)c2cc1OC,False
HXKHDYYGFATHQZ-UHFFFAOYSA-N,1,5.64397,5.64397,,5.64397,5.64397,0.0,0.0,COc1cc2oc(-c3cccc(CN(C)Cc4ccccc4)c3)cc(=O)c2cc1OC,False
UGVDWCWFPOMOMR-UHFFFAOYSA-N,1,5.7986,5.7986,,5.7986,5.7986,0.0,0.0,CCN(Cc1ccccc1)Cc1cccc(-c2coc3cc(OC)c(OC)cc3c2=O)c1,False
KZJABZGPRMGEQZ-UHFFFAOYSA-N,1,5.69465,5.69465,,5.69465,5.69465,0.0,0.0,COc1cc2occ(-c3cccc(CN(C)Cc4ccccc4)c3)c(=O)c2cc1OC,False
IBPYXVKCOYANPH-UHFFFAOYSA-N,1,5.91009,5.91009,,5.91009,5.91009,0.0,0.0,COc1cc2occ(-c3ccc(CN(C)Cc4ccccc4)cc3)c(=O)c2cc1OC,False
WWWLNIZLSIHRAE-UHFFFAOYSA-N,1,6.55129,6.55129,,6.55129,6.55129,0.0,0.0,CN(Cc1ccccc1)Cc1ccc(-c2cc3cc(N)ccc3oc2=O)cc1,False
YOADEHMCUGVQME-UHFFFAOYSA-N,1,6.82974,6.82974,,6.82974,6.82974,0.0,0.0,CN(Cc1ccccc1)Cc1ccc(-c2cc3cc([N+](=O)[O-])ccc3oc2=O)cc1,False
VFAABMDLNHZKGL-UHFFFAOYSA-N,1,7.30715,7.30715,,7.30715,7.30715,0.0,0.0,COc1cc2cc(-c3ccc(CN(CCO)Cc4ccccc4)cc3)c(=O)oc2cc1OC,False
PNZIOQNBQOTGPK-UHFFFAOYSA-N,1,7.73755,7.73755,,7.73755,7.73755,0.0,0.0,CCN(Cc1ccccc1)Cc1ccc(-c2cc3cc(OC)c(OC)cc3oc2=O)cc1,False
HOAWDZNYQXALRG-UHFFFAOYSA-N,1,5.64589,5.64589,,5.64589,5.64589,0.0,0.0,COc1ccc(CN(C)Cc2ccc(-c3cc4cc(OC)c(OC)cc4oc3=O)cc2)cc1,False
UIALHYCUMNMDDP-UHFFFAOYSA-N,1,6.1463,6.1463,,6.1463,6.1463,0.0,0.0,COc1cccc(CN(C)Cc2ccc(-c3cc4cc(OC)c(OC)cc4oc3=O)cc2)c1,False
WGNYJSHONXWUNW-UHFFFAOYSA-N,1,7.20691,7.20691,,7.20691,7.20691,0.0,0.0,COc1ccccc1CN(C)Cc1ccc(-c2cc3cc(OC)c(OC)cc3oc2=O)cc1,False
RNNHOLLWKOWGSG-UHFFFAOYSA-N,1,6.50864,6.50864,,6.50864,6.50864,0.0,0.0,COc1cc2cc(-c3ccc(CN(C)Cc4ccc(C)cc4)cc3)c(=O)oc2cc1OC,False
BIGKNZBLJTVJKF-UHFFFAOYSA-N,1,6.91364,6.91364,,6.91364,6.91364,0.0,0.0,COc1cc2cc(-c3ccc(CN(C)Cc4cccc(C)c4)cc3)c(=O)oc2cc1OC,False
XZUBXCWVPOEDDO-UHFFFAOYSA-N,1,6.43652,6.43652,,6.43652,6.43652,0.0,0.0,COc1cc2cc(-c3ccc(CN(C)Cc4ccccc4C)cc3)c(=O)oc2cc1OC,False
LVQGJNIUNMKESA-UHFFFAOYSA-N,1,4.60906,4.60906,,4.60906,4.60906,0.0,0.0,COc1cc2cc(-c3ccc(CN(C)Cc4ccc([N+](=O)[O-])cc4)cc3)c(=O)oc2cc1OC,False
QKFXUJGKQVMLDB-UHFFFAOYSA-N,1,6.43415,6.43415,,6.43415,6.43415,0.0,0.0,COc1cc2cc(-c3ccc(CN(C)Cc4cccc([N+](=O)[O-])c4)cc3)c(=O)oc2cc1OC,False
YNJVJLWDZRPHHU-UHFFFAOYSA-N,1,6.00568,6.00568,,6.00568,6.00568,0.0,0.0,COc1cc2cc(-c3ccc(CN(C)Cc4ccccc4[N+](=O)[O-])cc3)c(=O)oc2cc1OC,False
LCBAVKSTBQRTAA-UHFFFAOYSA-N,1,6.78781,6.78781,,6.78781,6.78781,0.0,0.0,COc1ccc2oc(=O)c(-c3ccc(CN(C)Cc4ccccc4)cc3)cc2c1,False
FIEUWEAPAWAGIC-UHFFFAOYSA-N,1,6.51856,6.51856,,6.51856,6.51856,0.0,0.0,COc1ccc2oc(=O)c(-c3cccc(CN(C)Cc4ccccc4)c3)cc2c1,False
IQFPRNPELAMHHT-UHFFFAOYSA-N,1,6.04964,6.04964,,6.04964,6.04964,0.0,0.0,COc1ccc2cc(-c3ccc(CN(C)Cc4ccccc4)cc3)c(=O)oc2c1,False
HKDKMWFYFZIROV-UHFFFAOYSA-N,1,5.64016,5.64016,,5.64016,5.64016,0.0,0.0,COc1ccc2cc(-c3cccc(CN(C)Cc4ccccc4)c3)c(=O)oc2c1,False
LEKNRHNLBQAACF-UHFFFAOYSA-N,1,6.69465,6.69465,,6.69465,6.69465,0.0,0.0,COc1cc2cc(-c3cccc(CN(C)Cc4ccccc4)c3)c(=O)oc2cc1OC,False
YUCQAPNOOUWMMP-UHFFFAOYSA-N,1,4.51856,4.51856,,4.51856,4.51856,0.0,0.0,COc1cc2oc3cc(CN(C)Cc4ccccc4)ccc3c(=O)c2cc1OC,False
PBZSJALBPJPRTC-UHFFFAOYSA-N,1,6.7167,6.7167,,6.7167,6.7167,0.0,0.0,CCN(CCCCCCNC1=CC(=O)C(NCCCCCCN(CC)Cc2ccncc2)=CC1=O)Cc1ccncc1,False
VKEXSSDEPPNXTH-UHFFFAOYSA-N,1,6.87615,6.87615,,6.87615,6.87615,0.0,0.0,CCN(CCCCCCNC1=CC(=O)C(NCCCCCCN(CC)Cc2cccnc2)=CC1=O)Cc1cccnc1,False
ZQZXUEWGYNOIRY-UHFFFAOYSA-N,1,6.90309,6.90309,,6.90309,6.90309,0.0,0.0,CCN(CCCCCCNC1=CC(=O)C(NCCCCCCN(CC)Cc2ccccn2)=CC1=O)Cc1ccccn1,False
HNOUEYJFOGZGJQ-UHFFFAOYSA-N,1,7.21896,7.21896,,7.21896,7.21896,0.0,0.0,CCN(CCCCCCNC1=CC(=O)C(NCCCCCCN(CC)Cc2cccs2)=CC1=O)Cc1cccs1,False
YKCMZUSFFWAFBL-UHFFFAOYSA-N,1,6.84164,6.84164,,6.84164,6.84164,0.0,0.0,CCN(CCCCCCNC1=CC(=O)C(NCCCCCCN(CC)Cc2ccco2)=CC1=O)Cc1ccco1,False
YKPZRVJZMVTFRH-UHFFFAOYSA-N,1,5.63639,5.63639,,5.63639,5.63639,0.0,0.0,CCN(CCCCCCNC1=CC(=O)C(NCCCCCCN(CC)Cc2ccccc2[N+](=O)[O-])=CC1=O)Cc1ccccc1[N+](=O)[O-],False
NDXMYEYXNUVGFB-UHFFFAOYSA-N,1,6.22695,6.22695,,6.22695,6.22695,0.0,0.0,CCN(CCCCCCNC1=CC(=O)C(NCCCCCCN(CC)Cc2ccccc2Cl)=CC1=O)Cc1ccccc1Cl,False
FJCJZHJMWARDKI-UHFFFAOYSA-N,1,7.14327,7.14327,,7.14327,7.14327,0.0,0.0,CCN(CCCCCCNC1=CC(=O)C(NCCCCCCN(CC)Cc2ccccc2C)=CC1=O)Cc1ccccc1C,False
WDAJTWMMIMSMEW-UHFFFAOYSA-N,1,7.86012,7.86012,,7.86012,7.86012,0.0,0.0,CCN(CCCCCCNC1=CC(=O)C(NCCCCCCN(CC)Cc2cccc(OC)c2)=CC1=O)Cc1cccc(OC)c1,False
KJZRQUDVRXBXSS-UHFFFAOYSA-N,1,7.29158,7.29158,,7.29158,7.29158,0.0,0.0,CCN(CCCCCCNC1=CC(=O)C(NCCCCCCN(CC)Cc2ccc(OC)cc2)=CC1=O)Cc1ccc(OC)cc1,False
KBWUBMMFRHZIRD-UHFFFAOYSA-N,1,7.1349,7.1349,,7.1349,7.1349,0.0,0.0,CCN(CCCCCCNC1=CC(=O)C(NCCCCCCN(CC)Cc2ccccc2)=CC1=O)Cc1ccccc1,False
JLHSATALQPHQDC-UHFFFAOYSA-N,1,7.88941,7.88941,,7.88941,7.88941,0.0,0.0,COc1ccccc1CN(CCCCCCNC1=CC(=O)C(NCCCCCCN(Cc2ccccc2OC)C(C)C)=CC1=O)C(C)C,False
MMZMCKHUJWUWHI-UHFFFAOYSA-N,1,7.10902,7.10902,,7.10902,7.10902,0.0,0.0,COc1ccccc1CN(C)CCCCCCNC1=CC(=O)C(NCCCCCCN(C)Cc2ccccc2OC)=CC1=O,False
WGCPPVBZEQSYPG-UHFFFAOYSA-N,1,6.91009,6.91009,,6.91009,6.91009,0.0,0.0,COc1ccccc1CNCCCCCCNC1=CC(=O)C(NCCCCCCNCc2ccccc2OC)=CC1=O,False
UBHITUMPFQFJNN-UHFFFAOYSA-N,1,4.93554,4.93554,,4.93554,4.93554,0.0,0.0,CCN(Cc1ccccc1OC)C(=O)CCCCCNC1=CC(=O)C(NCCCCCC(=O)N(CC)Cc2ccccc2OC)=CC1=O,False
RDLNLBPKLFQKGQ-UHFFFAOYSA-N,1,7.76195,7.76195,,7.76195,7.76195,0.0,0.0,CCN(CCCCCCNC1=CC(=O)C(NCCCCCCN(CC)CCc2ccccc2OC)=CC1=O)CCc1ccccc1OC,False
YEHMYNHJNYGLSL-UHFFFAOYSA-N,1,8.10846,8.10846,,8.10846,8.10846,0.0,0.0,CCN(CCCCCCCNC1=CC(=O)C(NCCCCCCCN(CC)Cc2ccccc2OC)=CC1=O)Cc1ccccc1OC,False
QBDPPJAQPGYPIJ-UHFFFAOYSA-N,1,8.62709,8.62709,,8.62709,8.62709,0.0,0.0,CCN(CCCCCNC1=CC(=O)C(NCCCCCN(CC)Cc2ccccc2OC)=CC1=O)Cc1ccccc1OC,False
IHFVYVHVDULYKF-UHFFFAOYSA-N,1,7.86646,7.86646,,7.86646,7.86646,0.0,0.0,CCN(CCCCNC1=CC(=O)C(NCCCCN(CC)Cc2ccccc2OC)=CC1=O)Cc1ccccc1OC,False
GWPNFCVXNGPDFU-UHFFFAOYSA-N,1,8.64782,8.64782,,8.64782,8.64782,0.0,0.0,CCN(CCCNC1=CC(=O)C(NCCCN(CC)Cc2ccccc2OC)=CC1=O)Cc1ccccc1OC,False
YBQQXJJEGWLVHY-UHFFFAOYSA-N,1,7.21112,7.21112,,7.21112,7.21112,0.0,0.0,CCN(CCNC1=CC(=O)C(NCCN(CC)Cc2ccccc2OC)=CC1=O)Cc1ccccc1OC,False
LDVMPEHILZZOPY-UHFFFAOYSA-N,1,7.37161,7.37161,,7.37161,7.37161,0.0,0.0,CCN(CCCCCCNc1ccc(NCCCCCCN(CC)Cc2ccccc2OC)cc1)Cc1ccccc1OC,False
BZOAUPBJWLIPPX-UHFFFAOYSA-N,1,6.91009,6.91009,,6.91009,6.91009,0.0,0.0,CCN(CCCCCCNC1=C(c2ccccc2)C(=O)C(NCCCCCCN(CC)Cc2ccccc2OC)=C(c2ccccc2)C1=O)Cc1ccccc1OC,False
LHWJPLLEASADRZ-UHFFFAOYSA-N,1,8.02228,8.02228,,8.02228,8.02228,0.0,0.0,CCN(CCCCCCNC1=C(C)C(=O)C(NCCCCCCN(CC)Cc2ccccc2OC)=C(C)C1=O)Cc1ccccc1OC,False
UNBNSDOHDINFJF-UHFFFAOYSA-N,1,8.57512,8.57512,,8.57512,8.57512,0.0,0.0,CCN(CCCCCCNC1=C(Br)C(=O)C(NCCCCCCN(CC)Cc2ccccc2OC)=C(Br)C1=O)Cc1ccccc1OC,False
OJNIVWNIMGRIAQ-UHFFFAOYSA-N,1,8.5157,8.5157,,8.5157,8.5157,0.0,0.0,CCN(CCCCCCNC1=C(Cl)C(=O)C(NCCCCCCN(CC)Cc2ccccc2OC)=C(Cl)C1=O)Cc1ccccc1OC,False
IXPJIDYZLDKESL-UHFFFAOYSA-N,1,8.28651,8.28651,,8.28651,8.28651,0.0,0.0,CCN(CCCCCCNC1=C(F)C(=O)C(NCCCCCCN(CC)Cc2ccccc2OC)=C(F)C1=O)Cc1ccccc1OC,False
YGXZRKFALVLGOZ-UHFFFAOYSA-N,1,6.86999,6.86999,,6.86999,6.86999,0.0,0.0,COc1ccccc1CNCCCCCC(=O)N1CCC(CCC2CCN(C(=O)CCCCCNCc3ccccc3OC)CC2)CC1,False
JCBGAEQLPPOPDK-UHFFFAOYSA-N,1,5.89,5.89,,5.89,5.89,0.0,0.0,COc1ccccc1CNCCCCCCN1CCC(CCC2CCN(CCCCCCNCc3ccccc3OC)CC2)CC1,False
KWEQEHOPDHARIA-UHFFFAOYSA-N,1,7.08355,7.08355,,7.08355,7.08355,0.0,0.0,CCCCC1=NC2(CCCC2)C(=O)N1Cc1ccc(-c2ccccc2C#N)cc1,False
NZQPLTFMMZVHAD-UHFFFAOYSA-N,1,7.1549,7.1549,,7.1549,7.1549,0.0,0.0,CCCCC1=NC2(CCCC2)C(=O)N1Cc1ccc(Br)cc1,False
VPOTWSUIDKEOHK-UHFFFAOYSA-N,1,6.57057,6.57057,,6.57057,6.57057,0.0,0.0,CCCCC1=NC2(CCCC2)C(=O)N1Cc1ccc(-c2ccccc2C(=O)OC(C)(C)C)cc1,False
XYYYFJUWDFFJAL-UHFFFAOYSA-N,1,6.6187,6.6187,,6.6187,6.6187,0.0,0.0,CCCCC1=NC2(CCCC2)C(=O)N1Cc1ccc(-c2ccccc2C(=O)OC)cc1,False
QDFOCDSQMLOJPC-UHFFFAOYSA-N,1,6.41623,6.41623,,6.41623,6.41623,0.0,0.0,CCCCC1=NC2(CCCC2)C(=O)N1Cc1ccc(-c2ccccc2-n2nnnc2C(c2ccccc2)(c2ccccc2)c2ccccc2)cc1,False
GMYZYXFDWJWXDK-UHFFFAOYSA-N,1,6.54303,6.54303,,6.54303,6.54303,0.0,0.0,CCCCC1=NC2(CCCC2)C(=O)N1CC(=O)c1ccc(Cl)cc1,False
MPYRVOAJFAMHDI-UHFFFAOYSA-N,1,6.63545,6.63545,,6.63545,6.63545,0.0,0.0,CCCCC1=NC2(CCCC2)C(=O)N1Cc1cc2c(cc1C)OCO2,False
MSFLLWRKYGCUSF-UHFFFAOYSA-N,1,6.63676,6.63676,,6.63676,6.63676,0.0,0.0,CCCCC1=NC2(CCCC2)C(=O)N1CCN1C(=O)c2ccccc2C1=O,False
ZAVGGNVFCVGTHW-UHFFFAOYSA-N,1,6.86838,6.86838,,6.86838,6.86838,0.0,0.0,CCCCC1=NC2(CCCC2)C(=O)N1Cc1ccc([N+](=O)[O-])cc1,False
BLWBCYSXCOJFMJ-UHFFFAOYSA-N,1,7.08355,7.08355,,7.08355,7.08355,0.0,0.0,CCCCC1=NC2(CCCC2)C(=O)N1Cc1cc(OC)c(OC)cc1Br,False
UJEITHAGAPDLTG-JYEUPPAVSA-N,1,5.41657,5.41657,,5.41657,5.41657,0.0,0.0,CC[C@H](C)C1=N[C@H]2CC=C3C[C@H]4C(=O)C[C@]5(C)[C@@H]([C@H](C)N(C)C)[C@H](O)C[C@@]5(C)[C@@H]4CC[C@H]3[C@]2(C)CN1,False
VWLHALGORHXQJY-MFZOBWRWSA-N,1,5.35972,5.35972,,5.35972,5.35972,0.0,0.0,CC[C@H](C)C1=N[C@H]2CC[C@]34C[C@]35C(=O)C[C@]3(C)[C@@H]([C@H](C)N(C)C)[C@H](O)C[C@@]3(C)[C@@H]5CC[C@H]4[C@]2(C)CN1,False
SFXVFHUGPHQWAG-PDIVMOMKSA-N,1,5.50752,5.50752,,5.50752,5.50752,0.0,0.0,CC(C)C1=N[C@H]2CC[C@]34C[C@]35C(=O)C[C@]3(C)[C@@H]([C@H](C)N(C)C)[C@H](O)C[C@@]3(C)[C@@H]5CC[C@H]4[C@]2(C)CN1,False
UQAHSQZJTMTZHV-NAPGQHCVSA-N,1,6.28651,6.28651,,6.28651,6.28651,0.0,0.0,CN[C@@H](C)[C@H]1[C@H](O)C[C@@]2(C)[C@@H]3CC[C@@H]4C(=CC[C@@H]5N=C(C(C)C)OC[C@]54C)C[C@H]3C(=O)C[C@]12C,False
BQTQETQQERDQEX-ZDVKWCFPSA-N,1,6.07624,6.07624,,6.07624,6.07624,0.0,0.0,CC(C)C1=N[C@H]2CC=C3C[C@H]4C(=O)C[C@]5(C)[C@@H]([C@H](C)N(C)C)[C@H](OC(=O)C(C)(C)C)C[C@@]5(C)[C@@H]4CC[C@H]3[C@]2(C)CO1,False
NSFFTMSKXQWKRS-JYEUPPAVSA-N,1,6.57675,6.57675,,6.57675,6.57675,0.0,0.0,CC[C@H](C)C1=N[C@H]2CC=C3C[C@H]4C(=O)C[C@]5(C)[C@@H]([C@H](C)N(C)C)[C@H](O)C[C@@]5(C)[C@@H]4CC[C@H]3[C@]2(C)CO1,False
UGJGWPDUYBCBOG-OAOQIFMYSA-N,1,6.45469,6.45469,,6.45469,6.45469,0.0,0.0,C[C@@H]([C@H]1[C@H](O)C[C@@]2(C)[C@@H]3CC[C@@H]4C(=CC[C@@H]5N=C(C(C)(C)C)OC[C@]54C)C[C@H]3C(=O)C[C@]12C)N(C)C,False
PFZGYKJSYVRLLH-HUASUHLISA-N,1,5.2805,5.2805,,5.2805,5.2805,0.0,0.0,CC1=N[C@H]2CC=C3C[C@H]4C(=O)C[C@]5(C)[C@@H]([C@H](C)N(C)C)[C@H](O)C[C@@]5(C)[C@@H]4CC[C@H]3[C@]2(C)CO1,False
AICOOMRHRUFYCM-RAQALPRNSA-N,1,6.52433,6.52433,,6.52433,6.52433,0.0,0.0,CC(C)C1=N[C@H]2CC=C3CC4C(=O)C[C@]5(C)[C@@H]([C@H](C)N(C)C)[C@H](O)C[C@@]5(C)[C@@H]4CC[C@H]3[C@]2(C)CO1,False
CKHKKOJRCBFWTB-UHFFFAOYSA-N,1,4.30103,4.30103,,4.30103,4.30103,0.0,0.0,O=C(Oc1ccc(Oc2ccc(C(F)(F)F)cn2)cc1)N1CCC(O)CC1,False
ICPISJSNNMUVSU-UHFFFAOYSA-N,1,4.30103,4.30103,,4.30103,4.30103,0.0,0.0,CC1CCN(C(=O)Oc2ccc(Oc3ccc(C(F)(F)F)cn3)cc2)CC1,False
IIGYWSUEVKPLJQ-UHFFFAOYSA-N,1,4.30103,4.30103,,4.30103,4.30103,0.0,0.0,CC1CCCN(C(=O)Oc2ccc(Oc3ccc(C(F)(F)F)cn3)cc2)C1,False
SKSNFGQWBQVOEF-UHFFFAOYSA-N,1,4.30103,4.30103,,4.30103,4.30103,0.0,0.0,CC1CCCCN1C(=O)Oc1ccc(Oc2ccc(C(F)(F)F)cn2)cc1,False
JFBACVAZUNNBSN-UHFFFAOYSA-N,1,4.30103,4.30103,,4.30103,4.30103,0.0,0.0,COc1ccc(N(C)C(=O)Oc2ccc(Oc3ccc(C(F)(F)F)cn3)cc2)cc1,False
HDOZSQMVAHEKMW-UHFFFAOYSA-N,1,4.30103,4.30103,,4.30103,4.30103,0.0,0.0,COc1ccccc1N(C)C(=O)Oc1ccc(Oc2ccc(C(F)(F)F)cn2)cc1,False
WIFDZDPBTTYIAM-UHFFFAOYSA-N,1,4.30103,4.30103,,4.30103,4.30103,0.0,0.0,CN(C(=O)Oc1ccc(Oc2ccc(C(F)(F)F)cn2)cc1)c1ccc(Cl)cc1,False
AAMQCUQQLINFHV-UHFFFAOYSA-N,1,4.30103,4.30103,,4.30103,4.30103,0.0,0.0,CN(C(=O)Oc1ccc(Oc2ccc(C(F)(F)F)cn2)cc1)c1cccc(Cl)c1,False
QKHLSHIWFRFHDV-UHFFFAOYSA-N,1,4.30103,4.30103,,4.30103,4.30103,0.0,0.0,CN(C(=O)Oc1ccc(Oc2ccc(C(F)(F)F)cn2)cc1)c1ccccc1Cl,False
QYRHBSXLYHHYOQ-UHFFFAOYSA-N,1,4.30103,4.30103,,4.30103,4.30103,0.0,0.0,Cc1ccc(N(C)C(=O)Oc2ccc(Oc3ccc(C(F)(F)F)cn3)cc2)cc1,False
YSYILNVKBYZTCI-UHFFFAOYSA-N,1,4.30103,4.30103,,4.30103,4.30103,0.0,0.0,Cc1cccc(N(C)C(=O)Oc2ccc(Oc3ccc(C(F)(F)F)cn3)cc2)c1,False
XJBZKPAZOYCEFA-UHFFFAOYSA-N,1,4.30103,4.30103,,4.30103,4.30103,0.0,0.0,Cc1ccccc1N(C)C(=O)Oc1ccc(Oc2ccc(C(F)(F)F)cn2)cc1,False
SYHMQRMYCGFSDO-UHFFFAOYSA-N,1,4.30103,4.30103,,4.30103,4.30103,0.0,0.0,O=C(Oc1ccc(Oc2ccc(C(F)(F)F)cn2)cc1)N1CCCc2ccc(C(F)(F)F)cc21,False
PBSHEWQCFOUJCY-UHFFFAOYSA-N,1,4.30103,4.30103,,4.30103,4.30103,0.0,0.0,O=C(Oc1ccc(Oc2ccc(C(F)(F)F)cn2)cc1)N1CCc2ccccc2C1,False
PWTSFLUGJNLKKD-UHFFFAOYSA-N,1,4.30103,4.30103,,4.30103,4.30103,0.0,0.0,O=C(Oc1ccc(Oc2ccc(C(F)(F)F)cn2)cc1)N1CCCCC1,False
XYXBFIVPSRFTFH-UHFFFAOYSA-N,1,4.30103,4.30103,,4.30103,4.30103,0.0,0.0,CC1CN(C(=O)Oc2ccc(Oc3ccc(C(F)(F)F)cn3)cc2)CC(C)O1,False
JEDDDOZKQJDNDH-UHFFFAOYSA-N,1,4.30103,4.30103,,4.30103,4.30103,0.0,0.0,O=C(Oc1ccc(Oc2ccc(C(F)(F)F)cn2)cc1)N1CCOCC1,False
GKQKOVPXRRKPFI-UHFFFAOYSA-N,1,4.30103,4.30103,,4.30103,4.30103,0.0,0.0,O=C(Oc1ccc(Oc2ccc(C(F)(F)F)cn2)cc1)N1CCc2ccccc21,False
PXTJWGNBMUJFGB-UHFFFAOYSA-N,1,4.30103,4.30103,,4.30103,4.30103,0.0,0.0,O=C(Oc1ccc(Oc2ccc(C(F)(F)F)cn2)cc1)N1Cc2ccccc2C1,False
YUPUKCAGRWWJHY-UHFFFAOYSA-N,1,4.30103,4.30103,,4.30103,4.30103,0.0,0.0,O=C(Oc1ccc(Oc2ccc(C(F)(F)F)cn2)cc1)N1CCCC1,False
SUZQBVBRBOXZOS-UHFFFAOYSA-N,1,4.30103,4.30103,,4.30103,4.30103,0.0,0.0,CCN(Cc1ccccc1)C(=O)Oc1ccc(Oc2ccc(C(F)(F)F)cn2)cc1,False
UVYPNFHJJUENOI-UHFFFAOYSA-N,1,4.30103,4.30103,,4.30103,4.30103,0.0,0.0,CN(Cc1ccccc1)C(=O)Oc1ccc(Oc2ccc(C(F)(F)F)cn2)cc1,False
TXENEJILJWMMLA-UHFFFAOYSA-N,1,4.30103,4.30103,,4.30103,4.30103,0.0,0.0,CN(C(=O)Oc1ccc(Oc2ccc(C(F)(F)F)cn2)cc1)C1CCCCC1,False
SGIYWTLEJMUMKQ-UHFFFAOYSA-N,1,4.30103,4.30103,,4.30103,4.30103,0.0,0.0,CN(C(=O)Oc1ccc(Oc2ccc(C(F)(F)F)cn2)cc1)C(C)(C)C,False
QJMKFOBLMOQVGG-UHFFFAOYSA-N,1,4.30103,4.30103,,4.30103,4.30103,0.0,0.0,CC(C)N(C)C(=O)Oc1ccc(Oc2ccc(C(F)(F)F)cn2)cc1,False
IXQRSRUXRGXCCW-UHFFFAOYSA-N,1,4.30103,4.30103,,4.30103,4.30103,0.0,0.0,CN(C(=O)Oc1ccc(Nc2ccc(C(F)(F)F)cn2)cc1)c1ccccc1,False
PSWIRECCIGQXPZ-UHFFFAOYSA-N,1,4.30103,4.30103,,4.30103,4.30103,0.0,0.0,CN(C(=O)Oc1ccc(Oc2ccc(C(F)(F)F)cn2)cc1)c1ccccc1,False
JJDGQGUSOSXPGM-UHFFFAOYSA-N,1,4.30103,4.30103,,4.30103,4.30103,0.0,0.0,CN(C(=O)Oc1ccc(Oc2ccc(Cl)cn2)cc1)c1ccccc1,False
PHKISQHLUALIPN-UHFFFAOYSA-N,1,4.30103,4.30103,,4.30103,4.30103,0.0,0.0,CN(C(=O)Oc1ccc(Oc2ncc(C(F)(F)F)cc2Cl)cc1)c1ccccc1,False
BZRVXOCJQXJASS-UHFFFAOYSA-N,1,4.30103,4.30103,,4.30103,4.30103,0.0,0.0,CN(C(=O)Oc1ccc(Oc2c(Cl)cncc2Cl)cc1)c1ccccc1,False
TVQBJMQYIALTNU-UHFFFAOYSA-N,1,4.30103,4.30103,,4.30103,4.30103,0.0,0.0,CN(C(=O)Oc1ccc(Oc2ccccc2)cc1)c1ccccc1,False
VEXLNIRUECRPJS-UHFFFAOYSA-N,1,4.30103,4.30103,,4.30103,4.30103,0.0,0.0,O=C(Oc1ccc(Oc2ncc(Cl)cc2Cl)cc1)N1CCCC1,False
RLXQJLYPPVMGKN-UHFFFAOYSA-N,1,4.30103,4.30103,,4.30103,4.30103,0.0,0.0,CN(C(=O)Oc1ccc(Oc2ncc(Cl)cc2Cl)cc1)c1ccccc1,False
UPPMSRKAZZTSHB-UHFFFAOYSA-N,1,4.30103,4.30103,,4.30103,4.30103,0.0,0.0,O=C(Oc1ccc(Oc2ncc(Cl)cc2Cl)cc1)N1CCOCC1,False
MVRFMYSPMZAEMT-UHFFFAOYSA-N,1,4.30103,4.30103,,4.30103,4.30103,0.0,0.0,CN(C)C(=O)Oc1ccc(Oc2ncc(Cl)cc2Cl)cc1,False
IIEMZQTXNZURFZ-UHFFFAOYSA-N,1,4.30103,4.30103,,4.30103,4.30103,0.0,0.0,CCCCNC(=O)Oc1ccc(Oc2ncc(Cl)cc2Cl)cc1,False
QQOQYSRVJHIFNC-UHFFFAOYSA-O,1,8.11862,8.11862,,8.11862,8.11862,0.0,0.0,CC[N+](CC)(CC)CCOc1ccc(C(=O)NCCCCCC(=O)NNc2c3c(nc4ccccc24)CCCC3)cc1,False
SIRDYHJXMICQFA-UHFFFAOYSA-P,1,8.18442,8.18442,,8.18442,8.18442,0.0,0.0,CC[N+](CC)(CC)CCOc1cc(OCC[N+](CC)(CC)CC)c(C(=O)NCCCCCC(=O)NNc2c3c(nc4cc(Cl)ccc24)CCCC3)cc1OCC[N+](CC)(CC)CC,False
WJFJEDDYGFJHOF-UHFFFAOYSA-P,1,7.63451,7.63451,,7.63451,7.63451,0.0,0.0,CC[N+](CC)(CC)CCOc1cc(OCC[N+](CC)(CC)CC)c(C(=O)NCCCCCC(=O)NNc2c3c(nc4ccccc24)CCCC3)cc1OCC[N+](CC)(CC)CC,False
HSAIXSYFGMGWPJ-UHFFFAOYSA-P,1,8.1707,8.1707,,8.1707,8.1707,0.0,0.0,CC[N+](CC)(CC)CCOc1cc(OCC[N+](CC)(CC)CC)cc(C(=O)NCCCCCC(=O)NNc2c3c(nc4cc(Cl)ccc24)CCCC3)c1,False
VIYONFXJRFZLAO-UHFFFAOYSA-P,1,7.80134,7.80134,,7.80134,7.80134,0.0,0.0,CC[N+](CC)(CC)CCOc1cc(OCC[N+](CC)(CC)CC)cc(C(=O)NCCCCCC(=O)NNc2c3c(nc4ccccc24)CCCC3)c1,False
SRSKXXPERFQRQE-UHFFFAOYSA-O,1,8.2644,8.2644,,8.2644,8.2644,0.0,0.0,CC[N+](CC)(CC)CCOc1ccc(C(=O)NCCCCCC(=O)NNc2c3c(nc4cc(Cl)ccc24)CCCC3)cc1,False
YIEHIIKZXHJHAT-UHFFFAOYSA-N,1,7.70553,7.70553,,7.70553,7.70553,0.0,0.0,c1ccc2c(NCCOCCOCCNc3c4c(nc5ccccc35)CCCC4)c3c(nc2c1)CCCC3,False
WLFOCPXAEKVJHV-UHFFFAOYSA-N,1,8.17718,8.17718,,8.17718,8.17718,0.0,0.0,O=C(NCCNc1c2c(nc3ccccc13)CCCC2)C(=O)NCCNc1c2c(nc3ccccc13)CCCC2,False
NDGYHTJSFXYWDD-UHFFFAOYSA-N,1,8.73755,8.73755,,8.73755,8.73755,0.0,0.0,O=C(CCCNc1c2c(nc3ccccc13)CCCC2)CCCNc1c2c(nc3ccccc13)CCCC2,False
BIGUPJIJZYZJMV-VIBAHUMZSA-N,1,6.01773,6.01773,,6.01773,6.01773,0.0,0.0,CC(=O)O[C@H]1[C@H]2c3cc4c(cc3CN3CCC(=C[C@@H]1O)[C@H]23)OCO4,False
JSGDAMUNBMFHFH-UHFFFAOYSA-N,1,5.41229,5.41229,,5.41229,5.41229,0.0,0.0,COc1cc2c(cc1OC)-c1cccc3c1N(CC3)C2,False
OYSGWKOGUVOGFQ-RBOXIYTFSA-N,1,7.0,7.0,,7.0,7.0,0.0,0.0,CN1CC[C@@]23C=C[C@H](O)C[C@@H]2Oc2c(O)ccc(c23)C1,False
YLFKDWVECRVHGB-CVGURMSBSA-N,1,5.04528,5.04528,,5.04528,5.04528,0.0,0.0,COc1ccc2c3c1O[C@H]1C[C@H](O)C=C[C@@]31[C@H](O)CN(C)C2,False
YLFKDWVECRVHGB-SYEQVDHESA-N,1,5.79317,5.79317,,5.79317,5.79317,0.0,0.0,COc1ccc2c3c1O[C@H]1C[C@@H](O)C=C[C@@]31[C@H](O)CN(C)C2,False
NDQRWOMGPUUCEK-LMWIJYBJSA-N,1,5.63451,5.63451,,5.63451,5.63451,0.0,0.0,COc1cc2c(cc1OC)[C@]1(OC2=O)[C@H](O)[C@@H](O)C=C2CCN(C)[C@H]21,False
UAJBMQOTHJIJOI-WBIUFABUSA-N,1,5.84466,5.84466,,5.84466,5.84466,0.0,0.0,Oc1ccc2c3c1O[C@H]1C[C@@H](O)C=C[C@@]31CCNC2,False
DFQOXFIPAAMFAU-UHFFFAOYSA-N,1,5.41454,5.41454,,5.41454,5.41454,0.0,0.0,[O-]c1cc2c3c(c1)c1cc4c(cc1c[n+]3CC2)OCO4,False
AGBQKNBQESQNJD-UHFFFAOYSA-N,1,9.0,9.0,,9.0,9.0,0.0,0.0,O=C(O)CCCCC1CCSS1,False
IBPWGZKZWJYGLA-UHFFFAOYSA-N,1,8.58503,8.58503,,8.58503,8.58503,0.0,0.0,c1ccc2c(NCCc3ccc(OCCCN4CCCCC4)cc3)c3c(nc2c1)CCCC3,False
RTHCYVBBDHJXIQ-UHFFFAOYSA-N,2,5.94303,5.94303,1.3336458157246993,5.0,6.88606,0.9430299999999998,1.8860599999999996,CNCCC(Oc1ccc(C(F)(F)F)cc1)c1ccccc1,False
WOQRKVSECROGOP-OAHLLOKOSA-N,1,4.35754,4.35754,,4.35754,4.35754,0.0,0.0,C#CCN[C@@H]1CCc2cc(Cl)c(OC(=O)N(C)CCC)cc21,False
QYAGHNCHSVGMMO-UHFFFAOYSA-N,2,5.49634,5.49634,0.03753322794538164,5.4698,5.52288,0.026539999999999786,0.05307999999999957,Cc1c(C)c2ccc(OCc3cccc(Cl)c3)cc2oc1=O,False
NLCQQMLZYJKGLV-UHFFFAOYSA-O,1,6.02136,6.02136,,6.02136,6.02136,0.0,0.0,COc1ccccc1CNCCCNCCCNCCC[n+]1c(-c2ccccc2)c2cc(N)ccc2c2ccc(N)cc21,False
VPXVPJQOPRBXPO-UHFFFAOYSA-N,4,5.019715,5.8493275,1.9932336338117351,4.54821,8.80967,0.33937000000000017,4.2614600000000005,CCN(CCCCCCNC1=CC(=O)C(NCCCCCCN(CC)Cc2ccccc2OC)=CC1=O)Cc1ccccc1OC,False
QLRUDVGUKJOCFW-PCLIKHOPSA-N,1,6.74473,6.74473,,6.74473,6.74473,0.0,0.0,Clc1cccc(Cl)c1CO/N=C/c1cc[n+](CCCc2ccccc2)cc1,False
RAHLDBGBLYIYDN-WKCPDWHCSA-N,1,5.22185,5.22185,,5.22185,5.22185,0.0,0.0,Clc1cccc(Cl)c1CO/N=C/c1cc[n+](CCC[n+]2ccc(/C=N/OCc3c(Cl)cccc3Cl)cc2)cc1,False
ILLXXNMTJSHHII-GZTJUZNOSA-N,1,5.37366,5.37366,,5.37366,5.37366,0.0,0.0,CCN(Cc1ccccc1)Cc1ccc(-c2cc3ccc(OCCNC(=O)/C=C/c4ccc(Cl)c(Cl)c4)cc3oc2=O)cc1,False
QTSCLJVLMGAFJO-UHFFFAOYSA-N,1,6.48545,6.48545,,6.48545,6.48545,0.0,0.0,CCN(Cc1ccccc1)Cc1ccc(-c2cc3ccc(OCCNC(=O)CCc4ccc(F)c(F)c4)cc3oc2=O)cc1,False
OCCKNKZEIGZTKX-XNTDXEJSSA-N,1,5.34008,5.34008,,5.34008,5.34008,0.0,0.0,CCN(Cc1ccccc1)Cc1ccc(-c2cc3ccc(OCCNC(=O)/C=C/c4cc(F)cc(F)c4)cc3oc2=O)cc1,False
GRPPZHNSLSWJDA-UHFFFAOYSA-N,1,6.74232,6.74232,,6.74232,6.74232,0.0,0.0,CCN(Cc1ccccc1)Cc1ccc(-c2cc3ccc(OCCNC(=O)Cc4cc(F)cc(F)c4)cc3oc2=O)cc1,False
VXLNOYAINXJRCV-UHFFFAOYSA-N,1,5.55752,5.55752,,5.55752,5.55752,0.0,0.0,CCN(Cc1ccccc1)Cc1ccc(-c2cc3cc(OCCNC(=O)CCc4ccc(F)c(F)c4)ccc3oc2=O)cc1,False
OWHHSAFAYNBMOB-XNTDXEJSSA-N,1,5.14509,5.14509,,5.14509,5.14509,0.0,0.0,CCN(Cc1ccccc1)Cc1ccc(-c2cc3cc(OCCNC(=O)/C=C/c4cc(F)cc(F)c4)ccc3oc2=O)cc1,False
YWZCKVAHVJWALI-UHFFFAOYSA-N,1,6.25885,6.25885,,6.25885,6.25885,0.0,0.0,CCN(Cc1ccccc1)Cc1ccc(-c2cc3cc(OCCNC(=O)Cc4cc(F)cc(F)c4)ccc3oc2=O)cc1,False
FWBFWRIDEUVUDF-UHFFFAOYSA-N,1,7.54975,7.54975,,7.54975,7.54975,0.0,0.0,O=C(CO[N+](=O)[O-])NCCCNc1c2c(nc3ccccc13)CCCC2,False
NDNHQHDGXMCKAU-UHFFFAOYSA-N,1,7.66555,7.66555,,7.66555,7.66555,0.0,0.0,CC(C)(C)C(=O)NCCCCNc1c2c(nc3ccccc13)CCCC2,False
VVIZOXPPUTVPJG-UHFFFAOYSA-N,1,6.64589,6.64589,,6.64589,6.64589,0.0,0.0,CC(C)(CO[N+](=O)[O-])C(=O)NCCCCNc1c2c(nc3ccccc13)CCCC2,False
NMEYTSAYEUBPIY-UHFFFAOYSA-N,1,7.15802,7.15802,,7.15802,7.15802,0.0,0.0,CC(C)(CO[N+](=O)[O-])C(=O)NCCCNc1c2c(nc3ccccc13)CCCC2,False
UTKJEOLRINOQLT-OHYPFYFLSA-N,1,7.29499,7.29499,,7.29499,7.29499,0.0,0.0,O=C(CO/N=[N+](\[O-])N1CCCC1)NCCCCNc1c2c(nc3ccccc13)CCCC2,False
ZMBLKJNXJLBMMG-SGEDCAFJSA-N,1,7.44977,7.44977,,7.44977,7.44977,0.0,0.0,O=C(CO/N=[N+](\[O-])N1CCCC1)NCCCNc1c2c(nc3ccccc13)CCCC2,False
GWQSPHDARHMRIN-UHFFFAOYSA-N,1,7.74232,7.74232,,7.74232,7.74232,0.0,0.0,O=[N+]([O-])OCCCCCCNCCCCNc1c2c(nc3ccccc13)CCCC2,False
NJRCJWGDCROWEJ-UHFFFAOYSA-N,1,8.25181,8.25181,,8.25181,8.25181,0.0,0.0,O=[N+]([O-])OCCCNCCCCNc1c2c(nc3ccccc13)CCCC2,False
IFIQVKGESREEDD-UHFFFAOYSA-N,1,7.95468,7.95468,,7.95468,7.95468,0.0,0.0,O=[N+]([O-])OCCNCCCCNc1c2c(nc3ccccc13)CCCC2,False
KDYGCIXCFTVKNZ-UHFFFAOYSA-N,1,8.20066,8.20066,,8.20066,8.20066,0.0,0.0,O=[N+]([O-])OCCCCCCNCCCNc1c2c(nc3ccccc13)CCCC2,False
ZXUFVYAMHXGBOE-UHFFFAOYSA-N,1,8.19382,8.19382,,8.19382,8.19382,0.0,0.0,O=[N+]([O-])OCCCNCCCNc1c2c(nc3ccccc13)CCCC2,False
YECKWNRTEHRPOA-UHFFFAOYSA-N,1,8.0,8.0,,8.0,8.0,0.0,0.0,O=[N+]([O-])OCCNCCCNc1c2c(nc3ccccc13)CCCC2,False
FZBSIZBRWNKKOD-UHFFFAOYSA-N,1,7.34008,7.34008,,7.34008,7.34008,0.0,0.0,O=C(CCO[N+](=O)[O-])NCCCCNc1c2c(nc3ccccc13)CCCC2,False
XABKLWBYRPEVGJ-UHFFFAOYSA-N,1,7.64589,7.64589,,7.64589,7.64589,0.0,0.0,O=C(CO[N+](=O)[O-])NCCCCNc1c2c(nc3ccccc13)CCCC2,False
WULXLMMPBPDQLA-UHFFFAOYSA-N,1,7.03152,7.03152,,7.03152,7.03152,0.0,0.0,O=C(CCO[N+](=O)[O-])NCCCNc1c2c(nc3ccccc13)CCCC2,False
PTKHFRNHJULJKT-UHFFFAOYSA-N,1,5.49485,5.49485,,5.49485,5.49485,0.0,0.0,c1cc(OCCCN2CCCCC2)ccc1CN1CCCCC1,False
MTCUAOILFDZKCO-UHFFFAOYSA-N,2,5.614575,5.614575,0.5450732622776501,5.22915,6.0,0.38542500000000013,0.7708500000000003,C[N+](C)(C)CCCCCCCCCC[N+](C)(C)C,False
OVDJDGHFBGJJHZ-UHFFFAOYSA-N,1,6.45593,6.45593,,6.45593,6.45593,0.0,0.0,OCCC1CCN(Cc2ccc(OCCCN3CCCCC3)cc2)CC1,False
CEVWULHGGQMGPD-UHFFFAOYSA-N,1,5.95861,5.95861,,5.95861,5.95861,0.0,0.0,OCC1CCN(Cc2ccc(OCCCN3CCCCC3)cc2)CC1,False
OZHWKCSDZSJHKE-UHFFFAOYSA-N,1,5.63827,5.63827,,5.63827,5.63827,0.0,0.0,OC1CCN(Cc2ccc(OCCCN3CCCCC3)cc2)CC1,False
PCOSLLZEMYSIRZ-XPSQVAKYSA-N,1,5.23657,5.23657,,5.23657,5.23657,0.0,0.0,CC[C@@]1(c2cccc(O)c2)CCCCN(CCCCCCCCCCN2CCCC[C@@](CC)(c3cccc(O)c3)C2)C1,False
ZZKZUUMHRSWLQQ-FZNHDDJXSA-N,1,4.77989,4.77989,,4.77989,4.77989,0.0,0.0,CC[C@@]1(c2cccc(O)c2)CCCCN(CCCCCCCCCN2CCCC[C@@](CC)(c3cccc(O)c3)C2)C1,False
ZQLQBAUVRGDBJL-BIVLZKPYSA-N,1,4.0655,4.0655,,4.0655,4.0655,0.0,0.0,CO[C@@H]1[C@@H](O)[C@H]2c3cc4c(cc3CN3CC=C([C@H]1O)[C@H]23)OCO4,False
BGXFQDFSVDZUIW-LBPRGKRZSA-N,1,4.55284,4.55284,,4.55284,4.55284,0.0,0.0,CC1(C)Oc2cc3oc(=O)ccc3cc2C[C@@H]1O,False
FWYSBEAFFPBAQU-LBPRGKRZSA-N,1,4.17393,4.17393,,4.17393,4.17393,0.0,0.0,CC(C)(O)[C@@H]1Cc2cc3ccc(=O)oc3cc2O1,False
QXKHYNVANLEOEG-UHFFFAOYSA-N,2,5.1934000000000005,5.1934000000000005,1.3092647739093868,4.26761,6.11919,0.9257899999999997,1.8515799999999993,COc1c2occc2cc2ccc(=O)oc12,False
IGWDEVSBEKYORK-UHFFFAOYSA-N,1,4.16115,4.16115,,4.16115,4.16115,0.0,0.0,CC(C)=CCOc1c2ccoc2cc2oc(=O)ccc12,False
HXCGUCZXPFBNRD-DNLMCPORSA-N,1,4.16749,4.16749,,4.16749,4.16749,0.0,0.0,CC(C)(O[C@@H]1O[C@H](CO)[C@@H](O)[C@H](O)[C@H]1O)[C@H]1Cc2cc3ccc(=O)oc3cc2O1,False
UBWMSSICUOCSHT-BJHCZKLTSA-N,1,4.31426,4.31426,,4.31426,4.31426,0.0,0.0,CC(C)=CC(=O)N[C@H]1CC[C@@]2(C)[C@@H](CC[C@@H]3[C@@H]2CC[C@]2(C)C([C@H](C)N(C)C)=CC[C@@H]32)[C@H]1O,False
JGVUURLOQKRQKQ-ZLTQYVKSSA-N,1,5.09151,5.09151,,5.09151,5.09151,0.0,0.0,C/C=C(\C)C(=O)N[C@H]1CC[C@]2(C)[C@H]3CC[C@]4(C)[C@@H]([C@H](C)NC)CC[C@H]4[C@@H]3CC[C@H]2[C@H]1OC(C)=O,False
CLUQFEVBBPGSGA-FXLGMTMQSA-N,1,5.00436,5.00436,,5.00436,5.00436,0.0,0.0,CN[C@@H](C)[C@H]1CC[C@H]2[C@@H]3CC=C4C(=O)[C@@H](NC(=O)C=C(C)C)CC[C@]4(C)[C@H]3CC[C@]12C,False
IHGKQRLXUYWOQB-SYILLIHQSA-N,1,4.65561,4.65561,,4.65561,4.65561,0.0,0.0,C[C@@H]([C@H]1CC[C@H]2[C@@H]3CC[C@H]4C[C@@H](N(C)C)CC[C@]4(C)[C@H]3CC[C@]12C)N(C)C,False
MJGLREGOLPEPID-GHKGYAFRSA-N,1,4.55284,4.55284,,4.55284,4.55284,0.0,0.0,C[C@@H]([C@H]1CC[C@H]2[C@@H]3CC[C@H]4C[C@@H](N)CC[C@]4(C)[C@H]3CC[C@]12C)N(C)C,False
JLDLXPZTQHZTBT-JYNQZMPESA-N,1,4.61618,4.61618,,4.61618,4.61618,0.0,0.0,C[C@@H]([C@H]1CC=C2[C@@H]3CCC4=C[C@@H](N(C)C)CC[C@]4(C)[C@H]3CC[C@@]21C)N(C)C,False
BLQBKXIXNYWZQU-UHFFFAOYSA-N,1,8.97469,8.97469,,8.97469,8.97469,0.0,0.0,COc1cc2c(cc1OC)CC(CC1CCN(CCCNc3c4c(nc5cc(Cl)ccc35)CCCC4)CC1)C2,False
POLUICWPCFPRKU-UHFFFAOYSA-N,1,8.58503,8.58503,,8.58503,8.58503,0.0,0.0,COc1cc2c(cc1OC)CC(CC1CCN(CCNc3c4c(nc5cc(Cl)ccc35)CCCC4)CC1)C2,False
QCWIFUIODMJCQB-UHFFFAOYSA-N,1,8.66555,8.66555,,8.66555,8.66555,0.0,0.0,COc1cc2c(cc1OC)CC(CC1CCN(CCCNc3c4c(nc5ccccc35)CCCC4)CC1)C2,False
GQLCFFCJURYPPV-UHFFFAOYSA-N,1,8.28988,8.28988,,8.28988,8.28988,0.0,0.0,COc1cc2c(cc1OC)CC(CC1CCN(CCNc3c4c(nc5ccccc35)CCCC4)CC1)C2,False
JLXTZNCTOFGHRK-UHFFFAOYSA-N,2,9.56864,9.56864,0.0,9.56864,9.56864,0.0,0.0,COc1cc2c(cc1OC)C(=O)C(CC1CCN(CCCNc3c4c(nc5cc(Cl)ccc35)CCCC4)CC1)C2,False
FNBJPXIAYRUTAU-UHFFFAOYSA-N,1,9.17393,9.17393,,9.17393,9.17393,0.0,0.0,COc1cc2c(cc1OC)C(=O)C(CC1CCN(CCNc3c4c(nc5cc(Cl)ccc35)CCCC4)CC1)C2,False
IWFRXMAENNIBJM-UHFFFAOYSA-N,1,9.05552,9.05552,,9.05552,9.05552,0.0,0.0,COc1cc2c(cc1OC)C(=O)C(CC1CCN(CCCNc3c4c(nc5ccccc35)CCCC4)CC1)C2,False
NLIRDIJPNPPVES-UHFFFAOYSA-N,1,4.48678,4.48678,,4.48678,4.48678,0.0,0.0,CN(CCCCCCCOc1ccc(-c2cc3ccccc3o2)cc1)Cc1ccccc1,False
ASTZQAAKBGEWAA-UHFFFAOYSA-N,1,4.97881,4.97881,,4.97881,4.97881,0.0,0.0,Cc1ccc(C(=O)c2c(-c3ccc(OCCCCCCCN(C)Cc4ccccc4)cc3)oc3ccccc23)cc1,False
HBYBQDJZTXGWDU-UHFFFAOYSA-N,1,4.39041,4.39041,,4.39041,4.39041,0.0,0.0,CN(CCCCCCCOc1ccc(-c2oc3ccccc3c2C(=O)c2ccccc2)cc1)Cc1ccccc1,False
BPXXDQJYLUMYSC-UHFFFAOYSA-N,1,4.75945,4.75945,,4.75945,4.75945,0.0,0.0,CC(=O)c1c(-c2ccc(OCCCCCCCN(C)Cc3ccccc3)cc2)oc2ccccc12,False
GXEFYASNJAKNDH-UHFFFAOYSA-N,1,4.0,4.0,,4.0,4.0,0.0,0.0,O=C1C2=C(CCCC2)S(=O)(=O)N1c1cccc(Cl)n1,False
CCGODDKNKIRBST-UHFFFAOYSA-N,1,4.0,4.0,,4.0,4.0,0.0,0.0,O=C1c2ccccc2S(=O)(=O)N1c1c(F)c(F)nc(F)c1F,False
AIOPRUMQDAHASD-UHFFFAOYSA-N,1,4.0,4.0,,4.0,4.0,0.0,0.0,O=C1C2=C(CCCC2)S(=O)(=O)N1c1ccncc1.[O-][Cl+3]([O-])([O-])O,False
PRZSYGOCKORJBH-UHFFFAOYSA-N,1,4.0,4.0,,4.0,4.0,0.0,0.0,O=C1C2=C(CCCC2)S(=O)(=O)N1c1c(F)c(F)c(F)c(F)c1F,False
VOKJFQSOPRHDDM-UHFFFAOYSA-N,1,4.0,4.0,,4.0,4.0,0.0,0.0,CC1=C(c2ccccc2)C(=O)N(c2c(F)c(F)nc(F)c2F)S1(=O)=O,False
DIJYNWHPGJHFCY-UHFFFAOYSA-N,1,4.0,4.0,,4.0,4.0,0.0,0.0,CC1=C(C)S(=O)(=O)N(c2c(F)c(F)nc(F)c2F)C1=O,False
RJLQCJGZDCLHKE-UHFFFAOYSA-N,1,4.0,4.0,,4.0,4.0,0.0,0.0,O=C1C2=C(CCCC2)S(=O)(=O)N1c1c(F)c(F)nc(F)c1F,False
BBWLECUMIKQXRH-UHFFFAOYSA-N,1,4.0,4.0,,4.0,4.0,0.0,0.0,O=C1C2=C(CCCC2)S(=O)(=O)N1c1ncc(F)cc1F,False
KLGZHRRNEWCZOG-UHFFFAOYSA-N,1,4.0,4.0,,4.0,4.0,0.0,0.0,O=C1C2=C(CCCC2)S(=O)(=O)N1c1cccc(Br)n1,False
LMHQZKRKCUDJFH-UHFFFAOYSA-N,2,7.260855,7.260855,3.07017986216606,5.08991,9.4318,2.1709450000000006,4.341890000000001,CCN(CCCCCCN1C(=O)c2ccc3c4c(ccc(c24)C1=O)C(=O)N(CCCCCCN(CC)Cc1ccccc1OC)C3=O)Cc1ccccc1OC,True
ZVPMATGRPXLGBJ-UHFFFAOYSA-N,1,8.11351,8.11351,,8.11351,8.11351,0.0,0.0,CCN(CCCCCCn1c(=O)c2cc3c(=O)n(CCCCCCN(CC)Cc4ccccc4OC)c(=O)c3cc2c1=O)Cc1ccccc1OC,False
BLQXTZGJGNTPNF-UHFFFAOYSA-N,1,7.85387,7.85387,,7.85387,7.85387,0.0,0.0,CCN(CCCCCCN1C(=O)c2ccc(-c3ccc4c(c3)C(=O)N(CCCCCCN(CC)Cc3ccccc3OC)C4=O)cc2C1=O)Cc1ccccc1OC,False
AHIBLNIHLALZKU-UHFFFAOYSA-N,1,7.14026,7.14026,,7.14026,7.14026,0.0,0.0,CCN(CCCCCCN1CCN(CCCCCCN(CC)Cc2ccccc2OC)C1=O)Cc1ccccc1OC,False
DKVWATCLAJZDGY-UHFFFAOYSA-N,1,8.85078,8.85078,,8.85078,8.85078,0.0,0.0,CCN(CCCCCCn1c(=O)c(=O)n(CCCCCCN(CC)Cc2ccccc2OC)c2ccccc21)Cc1ccccc1OC,False
RCSRPMHQFUUQRZ-UHFFFAOYSA-N,1,7.7986,7.7986,,7.7986,7.7986,0.0,0.0,CCN(CCCCCCN1CC(=O)N(CCCCCCN(CC)Cc2ccccc2OC)CC1=O)Cc1ccccc1OC,False
UVLGFHNNOKFLBK-UHFFFAOYSA-N,1,7.16178,7.16178,,7.16178,7.16178,0.0,0.0,CCN(CCCCCCN1CCN(CCCCCCN(CC)Cc2ccccc2OC)C(=O)C1=O)Cc1ccccc1OC,False
LLTRKBUBECHOPI-UHFFFAOYSA-N,1,8.31605,8.31605,,8.31605,8.31605,0.0,0.0,CCN(CCCCCC(=O)N1Cc2ccc3c4c(ccc(c24)C1)CN(C(=O)CCCCCN(CC)Cc1ccccc1OC)C3)Cc1ccccc1OC,False
LUFIJPVBOMMOLK-AQOCXMLWSA-N,1,5.06803,5.06803,,5.06803,5.06803,0.0,0.0,CCN(CCCCCC(=O)N[C@H]1CC[C@H](NC(=O)CCCCCN(CC)Cc2ccccc2OC)CC1)Cc1ccccc1OC,False
BBDGMRAXJHQKAS-HEVIKAOCSA-N,1,5.26201,5.26201,,5.26201,5.26201,0.0,0.0,CCN(CCCCCC(=O)N[C@H]1CCCC[C@@H]1NC(=O)CCCCCN(CC)Cc1ccccc1OC)Cc1ccccc1OC,False
BBDGMRAXJHQKAS-AQOUDTPCSA-N,1,5.38091,5.38091,,5.38091,5.38091,0.0,0.0,CCN(CCCCCC(=O)N[C@H]1CCCC[C@H]1NC(=O)CCCCCN(CC)Cc1ccccc1OC)Cc1ccccc1OC,False
OBHYIKJNEIZSIH-UHFFFAOYSA-N,1,7.59007,7.59007,,7.59007,7.59007,0.0,0.0,CCN(CCCCCC(=O)N1CCN(C(=O)CCCCCN(CC)Cc2ccccc2OC)CC1)Cc1ccccc1OC,False
DXPIHMLIHBJICH-UHFFFAOYSA-N,1,7.27165,7.27165,,7.27165,7.27165,0.0,0.0,CCN(CCCCCCN1C(=O)c2cccc3cccc(c23)C1=O)Cc1ccccc1OC,False
VARHXCYGZKSOOO-UHFFFAOYSA-N,3,4.20412,4.247206666666666,0.18892163887001792,4.08355,4.45395,0.12056999999999984,0.37040000000000006,O=c1c2ccccc2nc2n1CCC2,False
QTEXQXLUTOICEV-UHFFFAOYSA-N,1,6.33724,6.33724,,6.33724,6.33724,0.0,0.0,COc1ccc(C(=O)c2ccc(CN(C)Cc3ccccc3)cc2)cc1OC,False
DPOLQHGQIDYDMV-UHFFFAOYSA-N,1,6.24413,6.24413,,6.24413,6.24413,0.0,0.0,CCN(Cc1ccccc1)Cc1ccc(C(=O)c2ccc(OC)c(OC)c2)cc1,False
RZOHJSQDLPUILR-UHFFFAOYSA-N,1,5.85078,5.85078,,5.85078,5.85078,0.0,0.0,COc1ccc(C(=O)c2ccc(CN(CCO)Cc3ccccc3)cc2)cc1OC,False
SZSKZDFELQPJIB-UHFFFAOYSA-N,1,5.8041,5.8041,,5.8041,5.8041,0.0,0.0,COc1ccc(C(=O)c2ccc(CN(C)Cc3ccccc3)cc2)cc1F,False
IVCCFUHRUFOLOP-UHFFFAOYSA-N,1,5.78252,5.78252,,5.78252,5.78252,0.0,0.0,COc1ccc(C(=O)c2ccc(CN(C)Cc3cccc(C)c3)cc2)cc1OC,False
WQQMJTPJWKIZIZ-UHFFFAOYSA-N,1,5.73993,5.73993,,5.73993,5.73993,0.0,0.0,COc1ccc(C(=O)c2ccc(CN(C)Cc3ccccc3)cc2)cc1,False
YLNYALYMIPJJMT-JXMROGBWSA-N,1,5.67778,5.67778,,5.67778,5.67778,0.0,0.0,COc1ccc(C(=O)c2ccc(/C=C/CN(C)Cc3ccccc3)cc2)cc1OC,False
VNQCVFGDGAJHND-UHFFFAOYSA-N,1,5.62525,5.62525,,5.62525,5.62525,0.0,0.0,COc1ccc(C(=O)c2ccc(CN(C)CCN(C)C)cc2)cc1OC,False
RDCJYQBTRRZJDX-UHFFFAOYSA-N,1,5.43063,5.43063,,5.43063,5.43063,0.0,0.0,COc1ccccc1CN(C)Cc1ccc(C(=O)c2ccc(OC)c(OC)c2)cc1,False
QWQUTXMNDAXDHI-UHFFFAOYSA-N,1,5.36957,5.36957,,5.36957,5.36957,0.0,0.0,COc1ccc(C(=O)c2ccc(CN(C)Cc3cccc([N+](=O)[O-])c3)cc2)cc1OC,False
ZJYMHWZZRSPNMH-UHFFFAOYSA-N,1,5.06349,5.06349,,5.06349,5.06349,0.0,0.0,COc1ccc(C(=O)c2ccc(CN(CCN(C)C)Cc3ccccc3)cc2)cc1OC,False
OGJVKXNFFVJSHP-UHFFFAOYSA-N,1,4.70774,4.70774,,4.70774,4.70774,0.0,0.0,CN(Cc1ccccc1)Cc1ccc(C(=O)c2ccc3ccccc3c2)cc1,False
MJBVQPZKQXIAFA-UHFFFAOYSA-N,1,4.56543,4.56543,,4.56543,4.56543,0.0,0.0,C#CCN(C)Cc1ccc(C(=O)c2ccc(OC)c(OC)c2)cc1,False
KOWJTVNFWKBGJT-UHFFFAOYSA-N,1,4.43415,4.43415,,4.43415,4.43415,0.0,0.0,CCN(CC)Cc1ccc(C(=O)c2ccc(OC)c(OC)c2)cc1,False
LFBHJWWWEMQTDL-UHFFFAOYSA-N,1,4.26761,4.26761,,4.26761,4.26761,0.0,0.0,COc1ccc(C(=O)c2ccc(CN3CCc4ccccc4C3)cc2)cc1OC,False
ZNRGREFWBCWZAU-IBGZPJMESA-N,2,7.39684,7.39684,0.06627004753280279,7.34998,7.4437,0.04685999999999968,0.09371999999999936,CCOC(=O)C1=C(C)Nc2nc3c(c(N)c2[C@H]1c1ccc(OC)cc1)CCCC3,False
JYCNMGJHVNKCCF-UHFFFAOYSA-N,1,6.6517,6.6517,,6.6517,6.6517,0.0,0.0,CCOC(=O)C1=C(C)Nc2nc3c(c(N)c2C1c1ccncc1)CCCC3,False
ONYCNUPACZTCCG-UHFFFAOYSA-N,1,6.80134,6.80134,,6.80134,6.80134,0.0,0.0,CCOC(=O)C1=C(C)Nc2nc3c(c(N)c2C1c1cccnc1)CCCC3,False
AAEYHJGXSUBKQJ-UHFFFAOYSA-N,1,7.34679,7.34679,,7.34679,7.34679,0.0,0.0,CCOC(=O)C1=C(C)Nc2nc3c(c(N)c2C1c1ccc(OC)c(OC)c1)CCCC3,False
ZRWLPNPYQIGISH-UHFFFAOYSA-N,1,7.14874,7.14874,,7.14874,7.14874,0.0,0.0,CCOC(=O)C1=C(C)Nc2nc3c(c(N)c2C1c1ccc(-c2ccccc2)cc1)CCCC3,False
YPJRDGRZUYIHEH-UHFFFAOYSA-N,1,6.64589,6.64589,,6.64589,6.64589,0.0,0.0,CCOC(=O)C1=C(C)Nc2nc3c(c(N)c2C1c1ccccc1C(F)(F)F)CCCC3,False
ZNRGREFWBCWZAU-LJQANCHMSA-N,1,6.42251,6.42251,,6.42251,6.42251,0.0,0.0,CCOC(=O)C1=C(C)Nc2nc3c(c(N)c2[C@@H]1c1ccc(OC)cc1)CCCC3,False
MTAWKURMWOXCEO-UHFFFAOYSA-N,1,6.26761,6.26761,,6.26761,6.26761,0.0,0.0,COc1ccc2c(=O)oc3c(OC)cc(CCN(C)C)c4c(=O)oc1c2c34,False
NBDNEUOVIJYCGZ-CYBMUJFWSA-N,1,4.0,4.0,,4.0,4.0,0.0,0.0,COc1c(O)cc2c3c1-c1ccccc1C[C@H]3NCC2,False
LPEKEPLZQKHSPL-UHFFFAOYSA-N,1,8.66756,8.66756,,8.66756,8.66756,0.0,0.0,Clc1ccc2c(NCCCNCCCOc3cccc4[nH]c5ccccc5c34)c3c(nc2c1)CCCC3,False
CFVHUTNSNQLFIJ-UHFFFAOYSA-N,1,8.59007,8.59007,,8.59007,8.59007,0.0,0.0,Clc1ccc2c(NCCCNCCCCCCOc3cccc4[nH]c5ccccc5c34)c3c(nc2c1)CCCC3,False
NFCKRAFHWQEUBC-UHFFFAOYSA-N,1,8.81248,8.81248,,8.81248,8.81248,0.0,0.0,Clc1ccc2c(NCCCNCCCCCOc3cccc4[nH]c5ccccc5c34)c3c(nc2c1)CCCC3,False
CMKFVCOUPURYTM-UHFFFAOYSA-N,1,8.78252,8.78252,,8.78252,8.78252,0.0,0.0,Clc1ccc2c(NCCCNCCCCOc3cccc4[nH]c5ccccc5c34)c3c(nc2c1)CCCC3,False
GFEWCURVFSNXHL-UHFFFAOYSA-N,1,4.30627,4.30627,,4.30627,4.30627,0.0,0.0,Cc1ccc(C2CC(c3cccc(O)c3)=Nc3ccccc3S2)cc1,False
GJRNUXBFTTXFHD-UHFFFAOYSA-N,1,4.72584,4.72584,,4.72584,4.72584,0.0,0.0,Oc1cccc(C2=Nc3ccccc3SC(c3ccc(Cl)cc3)C2)c1,False
PXROHQYSCPVWBO-UHFFFAOYSA-N,1,4.1512,4.1512,,4.1512,4.1512,0.0,0.0,Oc1cccc(C2=Nc3ccccc3SC(c3ccccc3F)C2)c1,False
DZJYISGBNCCXKA-UHFFFAOYSA-N,1,4.39794,4.39794,,4.39794,4.39794,0.0,0.0,Oc1cccc(C2=Nc3ccccc3SC(c3ccccc3)C2)c1,False
HAWJYJKVVJPFCT-UHFFFAOYSA-N,1,4.14813,4.14813,,4.14813,4.14813,0.0,0.0,Oc1cccc(C2=Nc3ccccc3SC(c3cccc(O)c3)C2)c1,False
RPBZUFRIXGCULF-UHFFFAOYSA-N,1,5.22915,5.22915,,5.22915,5.22915,0.0,0.0,Oc1cccc(C2=Nc3ccccc3SC(c3cccs3)C2)c1,False
FAMHVKGFXMORCI-UHFFFAOYSA-N,1,6.14874,6.14874,,6.14874,6.14874,0.0,0.0,CC1(C)CC(=O)C2=C(C1)Nc1nc3c(c(N)c1C2c1ccccc1)CCCC3,False
IJHGVZXPADVHCM-UHFFFAOYSA-N,1,5.55284,5.55284,,5.55284,5.55284,0.0,0.0,CC1(C)CC(=O)C2=C(C1)Nc1nc3c(c(N)c1C2c1ccncc1)CCCC3,False
QTKZLZALZMVCJL-UHFFFAOYSA-N,1,6.4318,6.4318,,6.4318,6.4318,0.0,0.0,COc1ccc(C2C3=C(CC(C)(C)CC3=O)Nc3nc4c(c(N)c32)CCCC4)cc1,False
YHCILCVEQLWROP-UHFFFAOYSA-N,1,6.17393,6.17393,,6.17393,6.17393,0.0,0.0,Cc1ccc(C2C3=C(CC(C)(C)CC3=O)Nc3nc4c(c(N)c32)CCCC4)cc1,False
PSKJUZDQNUFRGS-UHFFFAOYSA-N,1,5.79588,5.79588,,5.79588,5.79588,0.0,0.0,CC1(C)CC(=O)C2=C(C1)Nc1nc3c(c(N)c1C2c1ccc(F)cc1)CCCC3,False
BDWKHKXSYDEDRO-PVACTHOZSA-N,1,4.83863,4.83863,,4.83863,4.83863,0.0,0.0,C[C@]1(CO)CCC[C@]2(C)[C@H]1C[C@H](O)[C@@]13C[C@@H](CC[C@@H]21)[C@]1(C)O[C@@H]13,False
AMOBKAMJSKCUFH-KWQGSUNZSA-N,1,4.64207,4.64207,,4.64207,4.64207,0.0,0.0,C=C1C[C@]23C[C@H]1CC[C@H]2[C@]1(C)CCC[C@](C)(CO)[C@@H]1C[C@@H]3O,False
ARWPWQWERJBZLQ-UHFFFAOYSA-N,1,5.0,5.0,,5.0,5.0,0.0,0.0,CCOC(=O)c1ccc2nc(-c3ccc(Cl)cc3)c3c(c2c1)OCCC3,False
XPNGWXVMPJPEMO-UHFFFAOYSA-N,2,7.85387,7.85387,0.0,7.85387,7.85387,0.0,0.0,O=C(CCc1ccc2nc(-c3ccccc3)c3c(c2c1)OCCC3)NCCCCCCCCNc1c2c(nc3cc(Cl)ccc13)CCCC2,False
WZSXQVUTYDCZRO-UHFFFAOYSA-N,2,7.89237,7.89237,0.07174305401918765,7.84164,7.9431,0.050730000000000164,0.10146000000000033,O=C(CCc1ccc2nc(-c3ccccc3)c3c(c2c1)OCCC3)NCCCCCCCNc1c2c(nc3cc(Cl)ccc13)CCCC2,False
KLGKWPHPNYLNFS-UHFFFAOYSA-N,2,7.95468,7.95468,0.0,7.95468,7.95468,0.0,0.0,O=C(CCc1ccc2nc(-c3ccccc3)c3c(c2c1)OCCC3)NCCCCCCNc1c2c(nc3cc(Cl)ccc13)CCCC2,False
ORGUKHCERGONJS-UHFFFAOYSA-N,1,8.01592,8.01592,,8.01592,8.01592,0.0,0.0,O=C(CCc1ccc2nc(-c3ccccc3)c3c(c2c1)OCCC3)NCCCCCNc1c2c(nc3cc(Cl)ccc13)CCCC2,False
ISVMYZOITFYUKN-UHFFFAOYSA-N,1,7.77989,7.77989,,7.77989,7.77989,0.0,0.0,O=C(CCc1ccc2nc(-c3ccccc3)c3c(c2c1)OCCC3)NCCCCNc1c2c(nc3cc(Cl)ccc13)CCCC2,False
GLBUKRYFJCLYRW-UHFFFAOYSA-N,1,7.30103,7.30103,,7.30103,7.30103,0.0,0.0,O=C(NCCCCCCCCCCNc1c2c(nc3cc(Cl)ccc13)CCCC2)c1ccc2nc(-c3ccc(Cl)cc3)c3c(c2c1)OCCC3,False
DYQPWUWERYOCLA-UHFFFAOYSA-N,1,7.6038,7.6038,,7.6038,7.6038,0.0,0.0,O=C(NCCCCCCCCCNc1c2c(nc3cc(Cl)ccc13)CCCC2)c1ccc2nc(-c3ccc(Cl)cc3)c3c(c2c1)OCCC3,False
RJZPCUVMLZBWGD-UHFFFAOYSA-N,3,8.15304,8.00684,0.25322582806657046,7.71444,8.15304,0.0,0.438600000000001,O=C(NCCCCCCCCNc1c2c(nc3cc(Cl)ccc13)CCCC2)c1ccc2nc(-c3ccc(Cl)cc3)c3c(c2c1)OCCC3,False
SYACMZGTAWHUQF-UHFFFAOYSA-N,2,7.73755,7.73755,0.0,7.73755,7.73755,0.0,0.0,O=C(NCCCCCCCNc1c2c(nc3cc(Cl)ccc13)CCCC2)c1ccc2nc(-c3ccc(Cl)cc3)c3c(c2c1)OCCC3,False
WKWQTNVUORLIAM-UHFFFAOYSA-N,1,7.7167,7.7167,,7.7167,7.7167,0.0,0.0,O=C(NCCCCCCNc1c2c(nc3cc(Cl)ccc13)CCCC2)c1ccc2nc(-c3ccc(Cl)cc3)c3c(c2c1)OCCC3,False
XVOJAMVHTPQUCR-MEKGRNQZSA-N,2,7.201155,7.201155,3.1714375532319723,4.95861,9.4437,2.242545,4.48509,CCN(CCCCCCNC1=CC(=O)C(NCCCCCCN(CC)[C@@H](C)c2ccccc2OC)=CC1=O)[C@H](C)c1ccccc1OC,True
XVOJAMVHTPQUCR-ACHIHNKUSA-N,2,6.748255,6.748255,2.328410706565747,5.10182,8.39469,1.6464350000000003,3.2928700000000006,CCN(CCCCCCNC1=CC(=O)C(NCCCCCCN(CC)[C@@H](C)c2ccccc2OC)=CC1=O)[C@@H](C)c1ccccc1OC,True
XVOJAMVHTPQUCR-ROJLCIKYSA-N,2,7.1653400000000005,7.1653400000000005,3.0203217630245955,5.02965,9.30103,2.1356900000000003,4.271380000000001,CCN(CCCCCCNC1=CC(=O)C(NCCCCCCN(CC)[C@H](C)c2ccccc2OC)=CC1=O)[C@H](C)c1ccccc1OC,True
SSNOZNMAJLCWOX-UHFFFAOYSA-N,1,4.93181,4.93181,,4.93181,4.93181,0.0,0.0,COc1cc2nc3c(c(N)c2cc1OC)C1CC(C)=CC(C3)C1,False
CCSDPCGLZHBBMS-UHFFFAOYSA-N,1,5.29243,5.29243,,5.29243,5.29243,0.0,0.0,CCC1=CC2Cc3nc4cc(OC)c(OC)cc4c(N)c3C(C1)C2,False
YWAVTBJTHDTHKT-UHFFFAOYSA-N,1,6.06803,6.06803,,6.06803,6.06803,0.0,0.0,CCC1=CC2Cc3nc4ncccc4c(N)c3C(C1)C2,False
UOQUCRDUEDCZKN-UHFFFAOYSA-N,1,6.17783,6.17783,,6.17783,6.17783,0.0,0.0,CCC1=CC2Cc3nc4cnccc4c(N)c3C(C1)C2,False
DWHARBCKHSTAMC-UHFFFAOYSA-N,1,5.32057,5.32057,,5.32057,5.32057,0.0,0.0,CC1=CC2Cc3nc4oc(C)c(C)c4c(N)c3C(C1)C2,False
UGAUTTFBNQGETK-UHFFFAOYSA-N,1,5.19044,5.19044,,5.19044,5.19044,0.0,0.0,CCC1=CC2Cc3nc4oc(C)c(C)c4c(N)c3C(C1)C2,False
UUUKUXDDELVPTG-UHFFFAOYSA-N,1,4.30103,4.30103,,4.30103,4.30103,0.0,0.0,CC1=CC2Cc3nc4oc(C5CC5)nc4c(N)c3C(C1)C2,False
NZACCWNTPPQGKU-UHFFFAOYSA-N,1,4.30103,4.30103,,4.30103,4.30103,0.0,0.0,CCC1=CC2Cc3nc4oc(C5CC5)nc4c(N)c3C(C1)C2,False
FFROGMLNYYLPGP-UHFFFAOYSA-N,1,4.56703,4.56703,,4.56703,4.56703,0.0,0.0,CC1=CC2Cc3nc4oc(C5CCC5)nc4c(N)c3C(C1)C2,False
AAWCGROUIUANBA-UHFFFAOYSA-N,1,5.11407,5.11407,,5.11407,5.11407,0.0,0.0,CCCSc1nc2nc3c(c(N)c2s1)C1CC(C)=CC(C3)C1,False
WFTCUZBQYUOPNQ-UHFFFAOYSA-N,1,5.13847,5.13847,,5.13847,5.13847,0.0,0.0,CCCSc1nc2nc3c(c(N)c2s1)C1CC(CC)=CC(C3)C1,False
SUZQTWULJFBHDN-UHFFFAOYSA-N,1,4.30103,4.30103,,4.30103,4.30103,0.0,0.0,CSc1n[nH]c2nc3c(c(N)c12)C1CC(C)=CC(C3)C1,False
DAJQGVGIMGGYKT-UHFFFAOYSA-N,1,4.30103,4.30103,,4.30103,4.30103,0.0,0.0,CC1=CC2Cc3nc4[nH]ncc4c(N)c3C(C1)C2,False
DAJXAQSGQWQMMX-UHFFFAOYSA-N,1,5.60033,5.60033,,5.60033,5.60033,0.0,0.0,CC1=CC2Cc3nc4cc(Cl)ccc4c(NC(=O)CCl)c3C(C1)C2,False
HTKXCIXUSRZRRZ-UHFFFAOYSA-N,1,4.83268,4.83268,,4.83268,4.83268,0.0,0.0,CC1=CC2Cc3nc4cc(Cl)ccc4c(O)c3C(C1)C2,False
JNTOFJDDMPTVKR-UHFFFAOYSA-N,1,4.64975,4.64975,,4.64975,4.64975,0.0,0.0,CC1=CC2Cc3nc4cc(Cl)ccc4c(Cl)c3C(C1)C2,False
JPIZVJLAWFHKQA-UHFFFAOYSA-N,1,4.7167,4.7167,,4.7167,4.7167,0.0,0.0,CCC1=CC2Cc3nc4cc(Cl)ccc4c(Cl)c3C(C1)C2,False
DYEVLJICQPJCQW-UHFFFAOYSA-N,1,8.01502,8.01502,,8.01502,8.01502,0.0,0.0,CC1=CC2Cc3nc4cc(Cl)ccc4c(NCCO)c3C(C1)C2,False
SYDCSACHOOPYMT-UHFFFAOYSA-N,1,8.1707,8.1707,,8.1707,8.1707,0.0,0.0,CCC1=CC2Cc3nc4cc(Cl)ccc4c(NCCO)c3C(C1)C2,False
NIXAQILCMCHTLA-UHFFFAOYSA-N,1,7.36351,7.36351,,7.36351,7.36351,0.0,0.0,CC1=CC2Cc3nc4cc(Cl)ccc4c(NCCCl)c3C(C1)C2,False
IRXMRJWMAGHOQR-UHFFFAOYSA-N,1,8.06098,8.06098,,8.06098,8.06098,0.0,0.0,CC1=CC2Cc3nc4cc(Cl)ccc4c(NCCN=[N+]=[N-])c3C(C1)C2,False
HQUSYPKQXVWTEX-UHFFFAOYSA-N,1,7.86328,7.86328,,7.86328,7.86328,0.0,0.0,CCC1=CC2Cc3nc4cc(Cl)ccc4c(NCCN=[N+]=[N-])c3C(C1)C2,False
YGJVNJHITFLVDP-UHFFFAOYSA-N,1,6.09151,6.09151,,6.09151,6.09151,0.0,0.0,CC1=CC2Cc3nc4ncccc4c(N)c3C(C1)C2,False
DRYDFCTXPZWATR-UHFFFAOYSA-N,1,8.22475,8.22475,,8.22475,8.22475,0.0,0.0,CCC1=CC2Cc3nc4cc(Cl)ccc4c(NCCn4cc(CCCCCCN5CCc6cc(OC)c(OC)cc6C5c5cccc([N+](=O)[O-])c5)nn4)c3C(C1)C2,False
KMVDTWJIMOFUSQ-UHFFFAOYSA-N,1,8.4034,8.4034,,8.4034,8.4034,0.0,0.0,COc1cc2c(cc1OC)C(c1cccc([N+](=O)[O-])c1)N(CCCCCCc1cn(CCNc3c4c(nc5cc(Cl)ccc35)CC3C=C(C)CC4C3)nn1)CC2,False
ZHUAQKVCAFDYCY-UHFFFAOYSA-N,1,5.53462,5.53462,,5.53462,5.53462,0.0,0.0,C#CCCCCCCN1CCc2cc(OC)c(OC)cc2C1c1ccc([N+](=O)[O-])cc1,False
XHLWPOGRJJEMBA-UHFFFAOYSA-N,1,5.09259,5.09259,,5.09259,5.09259,0.0,0.0,C#CCCCCCCN1CCc2cc(OC)c(OC)cc2C1c1cccc([N+](=O)[O-])c1,False
NDRNIFSBRLCSCZ-OCAPTIKFSA-N,1,7.12494,7.12494,,7.12494,7.12494,0.0,0.0,C[C@@H]1CCC[C@H](C)N1S(C)(=O)=O,False
JINDARNDFYFWDT-TXEJJXNPSA-N,1,6.40671,6.40671,,6.40671,6.40671,0.0,0.0,C[C@@H]1CCC[C@H](C)N1S(=O)(=O)c1ccccc1,False
XZYRAPQLDBVPJJ-BETUJISGSA-N,1,6.43415,6.43415,,6.43415,6.43415,0.0,0.0,Cc1ccc(S(=O)(=O)N2[C@H](C)CCC[C@@H]2C)cc1,False
HOUVPLOZMHLJPB-OKILXGFUSA-N,1,6.33913,6.33913,,6.33913,6.33913,0.0,0.0,C[C@@H]1CCC[C@H](C)N1S(=O)(=O)c1ccc(C(C)(C)C)cc1,False
HIWROFGCKQGFKO-PHIMTYICSA-N,1,6.49757,6.49757,,6.49757,6.49757,0.0,0.0,C[C@@H]1CCC[C@H](C)N1S(=O)(=O)c1ccc(Cl)cc1,False
AJPTYRJZJJWEKE-AOOOYVTPSA-N,1,7.04576,7.04576,,7.04576,7.04576,0.0,0.0,C[C@@H]1CCC[C@H](C)N1S(=O)(=O)c1cc(Cl)ccc1Cl,False
WAZIUDLZVPYNJC-PHIMTYICSA-N,1,6.73283,6.73283,,6.73283,6.73283,0.0,0.0,C[C@@H]1CCC[C@H](C)N1S(=O)(=O)c1ccccc1[N+](=O)[O-],False
IYTYUVFVDHIBBD-PHIMTYICSA-N,1,6.7167,6.7167,,6.7167,6.7167,0.0,0.0,C[C@@H]1CCC[C@H](C)N1S(=O)(=O)c1cccc([N+](=O)[O-])c1,False
VINZAEQAZWVGHS-PHIMTYICSA-N,1,5.9393,5.9393,,5.9393,5.9393,0.0,0.0,C[C@@H]1CCC[C@H](C)N1S(=O)(=O)c1ccc([N+](=O)[O-])cc1,False
DMQUTDCZMKIKEE-UHFFFAOYSA-N,1,7.0,7.0,,7.0,7.0,0.0,0.0,CCN(CCCCCCNC1=CC(=O)C(NCCCCCCNC(=O)CCCCC2CCSS2)=CC1=O)Cc1ccccc1OC,False
WUQZNYSVERYXKI-UHFFFAOYSA-N,1,6.82391,6.82391,,6.82391,6.82391,0.0,0.0,CCN(CCCCCCNC1=CC(=O)C(NCCCNC(=O)CCCCC2CCSS2)=CC1=O)Cc1ccccc1OC,False
BLZFNCXLVXSHTJ-UHFFFAOYSA-N,1,6.79588,6.79588,,6.79588,6.79588,0.0,0.0,CCN(CCCNC1=CC(=O)C(NCCCCCCNC(=O)CCCCC2CCSS2)=CC1=O)Cc1ccccc1OC,False
YZOGNKSLEXJYLX-UHFFFAOYSA-N,1,6.72125,6.72125,,6.72125,6.72125,0.0,0.0,CCN(CCCNC1=CC(=O)C(NCCCNC(=O)CCCCC2CCSS2)=CC1=O)Cc1ccccc1OC,False
JIMPGPISVDHAIE-PTLVVNQVSA-N,1,6.45593,6.45593,,6.45593,6.45593,0.0,0.0,COc1ccc2c3c1O[C@H]1C[C@@H](O)C=C[C@@]31CCN(CCCN1CCCCC1)C2,False
SUFMWEXOZBWNLL-BDZGNEFQSA-N,1,7.30103,7.30103,,7.30103,7.30103,0.0,0.0,COc1ccc2c3c1O[C@H]1C[C@@H](O)C=C[C@@]31CCN(CCCCCCCCN1C(=O)c3ccccc3S1(=O)=O)C2,False
JZCPYUJPEARBJL-UHFFFAOYSA-N,1,4.6,4.6,,4.6,4.6,0.0,0.0,Cc1c(C(=O)NN2CCCCC2)nn(-c2ccc(Cl)cc2Cl)c1-c1ccc(Cl)cc1,False
IBNHPFJFQUFNTI-UHFFFAOYSA-N,1,5.9,5.9,,5.9,5.9,0.0,0.0,CCc1c(C(=O)NCCCCCCCNc2c3c(nc4ccccc24)CCCC3)nc(-c2ccccc2Cl)n1-c1ccc(Cl)cc1,False
REGUYCWTBDAZDP-UHFFFAOYSA-N,1,6.0,6.0,,6.0,6.0,0.0,0.0,O=S(=O)(/N=C(\NCCCCCCCNc1c2c(nc3ccccc13)CCCC2)N1CC(c2ccccc2)C(c2ccc(Cl)cc2)=N1)c1ccc(Cl)cc1,False
STWYWUGMZLRNAY-UHFFFAOYSA-N,1,6.5,6.5,,6.5,6.5,0.0,0.0,CCc1c(C(=O)NCCCCNc2c3c(nc4ccccc24)CCCC3)nc(-c2ccccc2Cl)n1-c1ccc(Cl)cc1,False
DFQGASIMGBFSOR-UHFFFAOYSA-N,1,5.6,5.6,,5.6,5.6,0.0,0.0,O=S(=O)(/N=C(\NCCCCNc1c2c(nc3ccccc13)CCCC2)N1CC(c2ccccc2)C(c2ccc(Cl)cc2)=N1)c1ccc(Cl)cc1,False
WIUAZKNCWYGPFK-UHFFFAOYSA-N,1,4.5,4.5,,4.5,4.5,0.0,0.0,CCc1c(C(=O)NN2CCCCC2)nc(-c2ccccc2Cl)n1-c1ccc(Cl)cc1,False
IYHMNZGACVVNKT-UVBCFPOWSA-N,1,7.79588,7.79588,,7.79588,7.79588,0.0,0.0,C/C=C1\[C@H]2C=C(C)C[C@]1(/N=C/c1ccc(O)c(OC)c1)c1ccc(=O)[nH]c1C2,False
CMHPUUGPQOSPGZ-GLZCYVEJSA-N,1,7.50864,7.50864,,7.50864,7.50864,0.0,0.0,C/C=C1\[C@H]2C=C(C)C[C@]1(/N=C/c1ccc(N(C)C)cc1)c1ccc(=O)[nH]c1C2,False
NQSMOKKBRJAZEE-SWQFTIPASA-N,1,7.50864,7.50864,,7.50864,7.50864,0.0,0.0,C/C=C1\[C@H]2C=C(C)C[C@]1(/N=C/c1ccc(OC)cc1)c1ccc(=O)[nH]c1C2,False
FBKUHDVEHQJBHC-GHYQWDPLSA-N,1,7.60206,7.60206,,7.60206,7.60206,0.0,0.0,C/C=C1\[C@H]2C=C(C)C[C@]1(/N=C/c1ccc(O)c(OCC)c1)c1ccc(=O)[nH]c1C2,False
LONUDFBKFFIIBJ-GACPZTKFSA-N,1,7.5376,7.5376,,7.5376,7.5376,0.0,0.0,C/C=C1\[C@H]2C=C(C)C[C@]1(/N=C/c1cc(OC)cc(OC)c1)c1ccc(=O)[nH]c1C2,False
QWYGFYWIRGDLOI-TWDZHTALSA-N,1,7.07572,7.07572,,7.07572,7.07572,0.0,0.0,C/C=C1\[C@H]2C=C(C)C[C@]1(/N=C/c1ccc(OC)cc1OC)c1ccc(=O)[nH]c1C2,False
LPKDSVJIZOGWMR-FWVVDGPASA-N,1,7.65758,7.65758,,7.65758,7.65758,0.0,0.0,C/C=C1\[C@H]2C=C(C)C[C@]1(/N=C/c1ccc(C#N)cc1)c1ccc(=O)[nH]c1C2,False
IPRCLNDYSXEAEP-BPMVUICESA-N,1,7.61979,7.61979,,7.61979,7.61979,0.0,0.0,C/C=C1\[C@H]2C=C(C)C[C@]1(/N=C/C=C/c1ccccc1)c1ccc(=O)[nH]c1C2,False
FAVYHMTUHOXNAF-SMNGAJCCSA-N,1,7.29243,7.29243,,7.29243,7.29243,0.0,0.0,C/C=C1\[C@H]2C=C(C)C[C@]1(/N=C/C(=C/c1ccccc1)CCCCC)c1ccc(=O)[nH]c1C2,False
UPNJKBJOFORQKA-ZAKCZKPSSA-N,1,7.60206,7.60206,,7.60206,7.60206,0.0,0.0,C/C=C1\[C@H]2C=C(C)C[C@]1(/N=C/C(C)=C/c1ccccc1)c1ccc(=O)[nH]c1C2,False
KBIJRURQBDTZPS-CXSAASKISA-N,1,7.39794,7.39794,,7.39794,7.39794,0.0,0.0,C/C=C1\[C@H]2C=C(C)C[C@]1(/N=C/C=C/c1ccc(N(C)C)cc1)c1ccc(=O)[nH]c1C2,False
ZQFPPNIMVJIVRI-QECMQFKJSA-M,1,7.38722,7.38722,,7.38722,7.38722,0.0,0.0,C/C=C1\[C@H]2C=C(C)C[C@]1(/N=C/c1ccccc1OS(=O)(=O)[O-])c1ccc(=O)[nH]c1C2,False
LKYZDGCATYBVIF-WIHQUOJNSA-N,1,7.50864,7.50864,,7.50864,7.50864,0.0,0.0,C=CCOc1ccc(/C=N/[C@@]23CC(C)=C[C@@H](Cc4[nH]c(=O)ccc42)/C3=C\C)cc1,False
JBANMOPKOHITOL-ZIDLFYJRSA-N,1,5.52288,5.52288,,5.52288,5.52288,0.0,0.0,CO[P@@]1(=O)CC[C@H]2COC(=O)C2=C(C)O1,False
JBANMOPKOHITOL-NZFNHWASSA-N,1,4.52288,4.52288,,4.52288,4.52288,0.0,0.0,CO[P@]1(=O)CC[C@H]2COC(=O)C2=C(C)O1,False
DACCJWKHNMNUQB-OWJWWREXSA-N,1,4.45593,4.45593,,4.45593,4.45593,0.0,0.0,COC(=O)C1=C(C)O[P@@](=O)(OC)CC[C@H]1COCc1ccccc1,False
DACCJWKHNMNUQB-IZHWHUGBSA-N,1,5.22185,5.22185,,5.22185,5.22185,0.0,0.0,COC(=O)C1=C(C)O[P@](=O)(OC)CC[C@H]1COCc1ccccc1,False
GYEHUGPUFOMJON-UHFFFAOYSA-N,3,4.92082,4.886916666666667,0.2864437662671913,4.58503,5.1549,0.23407999999999962,0.5698699999999999,COC(=O)C1=C(C)OP(=O)(OC)CCC1,False
ZTQBDHNTLRKOMZ-UHFFFAOYSA-N,1,5.30103,5.30103,,5.30103,5.30103,0.0,0.0,COC(=O)C1=C(C)OP(=O)(OC)CC1,False
XUMVWMVTRVLHEJ-VOTSOKGWSA-N,1,4.1549,4.1549,,4.1549,4.1549,0.0,0.0,COP(=O)(OC)O/C(C)=C1\CCOC1=O,False
MUCZHBLJLSDCSD-UHFFFAOYSA-N,1,6.92082,6.92082,,6.92082,6.92082,0.0,0.0,CC(C)OP(=O)(F)OC(C)C,False
OMPQJMDGDAAXPE-NPMWZIQKSA-N,3,7.39794,7.947213333333333,0.9959949295218987,7.34679,9.09691,0.05114999999999981,1.750119999999999,CO[P@]1(=O)OC[C@H]2COC(=O)C2=C(C)O1,False
YEUHJVFRRWHHMS-INKHBPHZSA-N,1,7.284,7.284,,7.284,7.284,0.0,0.0,CN(Cc1ccccc1)Cc1ccc(/C=C2\CCc3cc(OCCCCCN4CCCCC4)ccc3C2=O)cc1,False
AQOBTKMEQOANSS-FEZSWGLMSA-N,1,7.25181,7.25181,,7.25181,7.25181,0.0,0.0,CCN(CC)CCCCCOc1ccc2c(c1)CC/C(=C\c1ccc(CN(C)Cc3ccccc3)cc1)C2=O,False
FAQJAADRJNDSJQ-BUVRLJJBSA-N,1,6.74473,6.74473,,6.74473,6.74473,0.0,0.0,COc1cc2c(cc1OC)C(=O)/C(=C/c1ccc(CN(C)Cc3ccccc3)cc1)CC2,False
QBFDDDOIPJMHCU-LFVJCYFKSA-N,1,5.26922,5.26922,,5.26922,5.26922,0.0,0.0,COc1ccc2c(c1)C(=O)/C(=C/c1ccc(CN(C)Cc3ccccc3)cc1)CC2,False
LBTQKBBDVONGGY-LFVJCYFKSA-N,1,6.95861,6.95861,,6.95861,6.95861,0.0,0.0,COc1ccc2c(c1)CC/C(=C\c1ccc(CN(C)Cc3ccccc3)cc1)C2=O,False
JVWBHMCLFOYJGN-IWBSIUBASA-N,1,6.29243,6.29243,,6.29243,6.29243,0.0,0.0,CCN(CC)CCCCCCCOc1ccc2c(c1)C(=O)/C(=C/c1ccc(CN(C)Cc3ccccc3)cc1)C2,False
XZXLYGGNQBZOND-AWSUPERCSA-N,1,6.42022,6.42022,,6.42022,6.42022,0.0,0.0,CCN(CC)CCCCCCOc1ccc2c(c1)C(=O)/C(=C/c1ccc(CN(C)Cc3ccccc3)cc1)C2,False
MUBGEWUJBWWEGW-AWSUPERCSA-N,1,6.69897,6.69897,,6.69897,6.69897,0.0,0.0,CN(Cc1ccccc1)Cc1ccc(/C=C2\Cc3ccc(OCCCCCN4CCCCC4)cc3C2=O)cc1,False
BHEFQVICVNMJDR-DFKUXCBWSA-N,1,6.72125,6.72125,,6.72125,6.72125,0.0,0.0,CCN(CC)CCCCCOc1ccc2c(c1)C(=O)/C(=C/c1ccc(CN(C)Cc3ccccc3)cc1)C2,False
ZZRZJQCUHYDGJB-DFKUXCBWSA-N,1,6.74473,6.74473,,6.74473,6.74473,0.0,0.0,CN(Cc1ccccc1)Cc1ccc(/C=C2\Cc3ccc(OCCCCN4CCCCC4)cc3C2=O)cc1,False
KXGKXFKSSKOSEP-MWAVMZGNSA-N,1,6.05061,6.05061,,6.05061,6.05061,0.0,0.0,CN(Cc1ccccc1)Cc1ccc(/C=C2\Cc3ccc(OCCCCN4CCOCC4)cc3C2=O)cc1,False
RZMDKGRCDDUXCM-MWAVMZGNSA-N,1,6.05061,6.05061,,6.05061,6.05061,0.0,0.0,CCN(CC)CCCCOc1ccc2c(c1)C(=O)/C(=C/c1ccc(CN(C)Cc3ccccc3)cc1)C2,False
GQLKHPYCDIKTKU-ZTKZIYFRSA-N,1,5.87943,5.87943,,5.87943,5.87943,0.0,0.0,CCN(CC)CCCOc1ccc2c(c1)C(=O)/C(=C/c1ccc(CN(C)Cc3ccccc3)cc1)C2,False
WXNORWJOEPIWAI-TURZUDJPSA-N,1,5.81531,5.81531,,5.81531,5.81531,0.0,0.0,CCN(CC)CCOc1ccc2c(c1)C(=O)/C(=C/c1ccc(CN(C)Cc3ccccc3)cc1)C2,False
ONIWMBSARCTFME-MWAVMZGNSA-N,1,5.4034,5.4034,,5.4034,5.4034,0.0,0.0,CCN(CC)CCCCOc1ccc2c(c1)C/C(=C\c1ccc(CN(C)Cc3ccccc3)cc1)C2=O,False
XWFKKILSJAOZHO-ZTKZIYFRSA-N,1,5.79317,5.79317,,5.79317,5.79317,0.0,0.0,CCN(CC)CCCOc1ccc2c(c1)C/C(=C\c1ccc(CN(C)Cc3ccccc3)cc1)C2=O,False
KOYSVHXYWHCRDJ-TURZUDJPSA-N,1,5.5376,5.5376,,5.5376,5.5376,0.0,0.0,CCN(CC)CCOc1ccc2c(c1)C/C(=C\c1ccc(CN(C)Cc3ccccc3)cc1)C2=O,False
FQNITJPHVSUPLX-HZHRSRAPSA-N,1,4.93181,4.93181,,4.93181,4.93181,0.0,0.0,CN(Cc1ccccc1)Cc1ccc(/C=C2\Cc3ccccc3C2=O)cc1,False
BQLCRHJSCGEICV-BUVRLJJBSA-N,1,5.30715,5.30715,,5.30715,5.30715,0.0,0.0,CCN(Cc1ccccc1)Cc1ccc(/C=C2\Cc3ccc(OC)cc3C2=O)cc1,False
HKUGGLLNRGRLLR-OEAKJJBVSA-N,1,6.20066,6.20066,,6.20066,6.20066,0.0,0.0,COc1ccc2c(c1)C(=O)/C(=C/c1ccc(CN(C)Cc3ccccc3)cc1)C2,False
OITQYDGXLMDJCV-OEAKJJBVSA-N,1,4.54212,4.54212,,4.54212,4.54212,0.0,0.0,COc1ccc2c(c1)C/C(=C\c1ccc(CN(C)Cc3ccccc3)cc1)C2=O,False
MXNMLTUEKPHQAW-YDZHTSKRSA-N,1,5.9431,5.9431,,5.9431,5.9431,0.0,0.0,COc1cc2c(cc1OC)C(=O)/C(=C/c1ccc(CN(C)Cc3ccccc3)cc1)C2,False
RVOLLAQWKVFTGE-UHFFFAOYSA-N,2,5.42082,5.42082,1.4465707686801912,4.39794,6.4437,1.0228799999999998,2.0457599999999996,CN(C)C(=O)Oc1ccc[n+](C)c1,True
WUAWIFPABARFIQ-UHFFFAOYSA-N,1,4.20066,4.20066,,4.20066,4.20066,0.0,0.0,c1cc[n+](CCCCCC[n+]2ccccc2)cc1,False
NZCUMPHHTZXRCK-UHFFFAOYSA-N,1,4.50864,4.50864,,4.50864,4.50864,0.0,0.0,c1cc[n+](CCCCCCCC[n+]2ccccc2)cc1,False
XJMUBKVBGNJFRH-UHFFFAOYSA-N,1,5.69897,5.69897,,5.69897,5.69897,0.0,0.0,c1cc[n+](CCCCCCCCC[n+]2ccccc2)cc1,False
UONDTBVSZIDJKA-UHFFFAOYSA-N,1,6.39794,6.39794,,6.39794,6.39794,0.0,0.0,c1cc[n+](CCCCCCCCCC[n+]2ccccc2)cc1,False
RMHVLBGFZUPBFB-UHFFFAOYSA-N,1,6.1549,6.1549,,6.1549,6.1549,0.0,0.0,c1cc[n+](CCCCCCCCCCC[n+]2ccccc2)cc1,False
JEZXOBKWCWPNSS-UHFFFAOYSA-N,1,6.69897,6.69897,,6.69897,6.69897,0.0,0.0,c1cc[n+](Cc2ccc3ccc(C[n+]4ccccc4)cc3c2)cc1,False
MZBCWMLDVRAXQY-SANMLTNESA-N,1,6.02228,6.02228,,6.02228,6.02228,0.0,0.0,CCCCCCOC(=O)[C@H](CCC(=O)NCCC1CCN(Cc2ccccc2)CC1)NC(=O)OC(C)(C)C,False
MHODVJVESFLWQL-PMERELPUSA-N,1,6.60206,6.60206,,6.60206,6.60206,0.0,0.0,CCCCCCOC(=O)[C@H](CCC(=O)NCCC1CCN(Cc2ccccc2)CC1)NC(=O)OCc1ccccc1,False
IZQYFZRXSFVMFI-HKBQPEDESA-N,1,7.0,7.0,,7.0,7.0,0.0,0.0,CCCCCCOC(=O)[C@H](CCC(=O)NCCC1CCN(Cc2ccccc2)CC1)NC(=O)Cc1cc2ccc(Cl)cc2s1,False
XFEJPTLRXOZZDA-LJAQVGFWSA-N,1,6.27572,6.27572,,6.27572,6.27572,0.0,0.0,CCCCCCOC(=O)[C@H](CCC(=O)NCCC1CCN(Cc2ccccc2)CC1)NC(=O)c1ccccc1,False
OCZMNYKUZZMGJF-SANMLTNESA-N,1,6.30103,6.30103,,6.30103,6.30103,0.0,0.0,CCCCCCOC(=O)[C@H](CCC(=O)NCCC1CCN(Cc2ccccc2)CC1)NC(=O)c1cccs1,False
RRISCGLVYBLGLP-SANMLTNESA-N,1,6.74473,6.74473,,6.74473,6.74473,0.0,0.0,CCCCCCOC(=O)[C@H](CCC(=O)NCCC1CCN(Cc2ccccc2)CC1)NC(=O)c1cc(Br)cs1,False
SDWSXUZGRDKRFJ-LJAQVGFWSA-N,1,6.56864,6.56864,,6.56864,6.56864,0.0,0.0,CCCCCCOC(=O)[C@H](CCC(=O)NCCC1CCN(Cc2ccccc2)CC1)NC(=O)c1cc2ccccc2s1,False
QRZGIZWNQIUSQZ-NDEPHWFRSA-N,1,6.35655,6.35655,,6.35655,6.35655,0.0,0.0,CCCCCCOC(=O)[C@H](CCC(=O)NCCC1CCN(Cc2ccccc2)CC1)NC(=O)c1cc2cccnc2s1,False
ONGQTEYIIKGJGV-MHZLTWQESA-N,1,6.52288,6.52288,,6.52288,6.52288,0.0,0.0,CCCCCCOC(=O)[C@H](CCC(=O)NCCC1CCN(Cc2ccccc2)CC1)NC(=O)c1cc2ccsc2s1,False
KTSROZJJBCCRGO-UHFFFAOYSA-N,1,5.69897,5.69897,,5.69897,5.69897,0.0,0.0,CCOC(=O)c1cc2c(N)c3c(nc2nc1C)CCCCC3,False
BMMDNFSOYOPLJH-UHFFFAOYSA-N,1,5.69897,5.69897,,5.69897,5.69897,0.0,0.0,COC(=O)c1cc2c(N)c3c(nc2nc1C)CCCCC3,False
LQZDBOQHVFTGOE-UHFFFAOYSA-N,1,5.74473,5.74473,,5.74473,5.74473,0.0,0.0,CCOC(=O)c1cc2c(N)c3c(nc2nc1C)CCCCCC3,False
KEQYWVWFPKVEHO-UHFFFAOYSA-N,1,5.67778,5.67778,,5.67778,5.67778,0.0,0.0,CCOC(=O)c1cc2c(N)c3c(nc2nc1C)CCC3,False
MJNRKJNEVQCSGU-UHFFFAOYSA-N,1,5.74473,5.74473,,5.74473,5.74473,0.0,0.0,COC(=O)c1cc2c(N)c3c(nc2nc1C)CCCCCC3,False
MQPBTVIMKAUQQC-UHFFFAOYSA-N,1,5.72125,5.72125,,5.72125,5.72125,0.0,0.0,COC(=O)c1cc2c(N)c3c(nc2nc1C)CCC3,False
FQFLQQWHOCNXQY-UHFFFAOYSA-N,1,6.0,6.0,,6.0,6.0,0.0,0.0,COC(=O)c1cc2c(N)c3c(nc2nc1C)CCCC3,False
XGQUEKANWWMGAJ-UHFFFAOYSA-N,1,6.10791,6.10791,,6.10791,6.10791,0.0,0.0,CCOC(=O)c1cc2c(N)c3c(nc2nc1C)CCCC3,False
UZPFLWVYZZRNBW-UHFFFAOYSA-N,1,4.767,4.767,,4.767,4.767,0.0,0.0,CN(C)C(=O)Oc1ccc(-c2cn3ccccc3[n+]2C)cc1,False
JVTBQWWKNGNYAV-UHFFFAOYSA-N,1,5.88606,5.88606,,5.88606,5.88606,0.0,0.0,Cc1cccc2n1cc(-c1ccc(OC(=O)N(C)C)cc1)[n+]2C,False
WMJBGGQPUZWMLP-UHFFFAOYSA-N,1,4.89963,4.89963,,4.89963,4.89963,0.0,0.0,CN(C)C(=O)Oc1ccc(-c2cn3c(Cl)cccc3[n+]2C)cc1,False
GGZJKOWOYJBDAW-UHFFFAOYSA-N,1,5.0,5.0,,5.0,5.0,0.0,0.0,CN(C)C(=O)Oc1ccc(-c2cn3c(C(F)(F)F)cccc3[n+]2C)cc1,False
NRURFBIGISKRGS-UHFFFAOYSA-N,1,5.09151,5.09151,,5.09151,5.09151,0.0,0.0,COc1cccc2n1cc(-c1ccc(OC(=O)N(C)C)cc1)[n+]2C,False
CRBCYWRXPNLTSR-UHFFFAOYSA-O,1,5.92082,5.92082,,5.92082,5.92082,0.0,0.0,CN(C)C(=O)Oc1ccc(-c2cn3c(NC=O)cccc3[n+]2C)cc1,False
BJELFHYWVLRPQI-UHFFFAOYSA-O,1,6.1549,6.1549,,6.1549,6.1549,0.0,0.0,CC(=O)Nc1cccc2n1cc(-c1ccc(OC(=O)N(C)C)cc1)[n+]2C,False
PBEFRRGWHRFORY-UHFFFAOYSA-N,1,4.61083,4.61083,,4.61083,4.61083,0.0,0.0,CC(=O)N(C)c1cccc2n1cc(-c1ccc(OC(=O)N(C)C)cc1)[n+]2C,False
ILWJGIVYOJVMLT-UHFFFAOYSA-O,1,6.69897,6.69897,,6.69897,6.69897,0.0,0.0,CN(C)C(=O)Oc1ccc(-c2cn3c(NC(=O)c4ccccc4)cccc3[n+]2C)cc1,False
PNCBMWYLTVOWNX-UHFFFAOYSA-O,1,5.86967,5.86967,,5.86967,5.86967,0.0,0.0,CNC(=O)Nc1cccc2n1cc(-c1ccc(OC(=O)N(C)C)cc1)[n+]2C,False
DZGCJIXUSTYSDL-UHFFFAOYSA-O,1,5.95861,5.95861,,5.95861,5.95861,0.0,0.0,COC(=O)Nc1cccc2n1cc(-c1ccc(OC(=O)N(C)C)cc1)[n+]2C,False
DISUNGYVPYEJON-UHFFFAOYSA-O,1,5.79588,5.79588,,5.79588,5.79588,0.0,0.0,CN(C)C(=O)Nc1cccc2n1cc(-c1ccc(OC(=O)N(C)C)cc1)[n+]2C,False
NLUGCGXGVPPWGN-UHFFFAOYSA-O,1,4.70997,4.70997,,4.70997,4.70997,0.0,0.0,CNC(=O)Oc1ccc(-c2cn3ccccc3[n+]2C)cc1,False
NUSGVSVVGGSTSU-UHFFFAOYSA-O,1,5.39794,5.39794,,5.39794,5.39794,0.0,0.0,CNC(=O)Oc1ccc(-c2cn3c(C)cccc3[n+]2C)cc1,False
LVCZZDYFTPYKNU-UHFFFAOYSA-O,1,5.95861,5.95861,,5.95861,5.95861,0.0,0.0,CNC(=O)Oc1ccc(-c2cn3c(NC(C)=O)cccc3[n+]2C)cc1,False
MOQXQSLPEWYHMC-UHFFFAOYSA-N,1,5.14874,5.14874,,5.14874,5.14874,0.0,0.0,CN(C)C(=O)Oc1cccc(-c2cn3ccccc3[n+]2C)c1,False
KOYQPGXMLUUCAK-UHFFFAOYSA-N,1,4.61979,4.61979,,4.61979,4.61979,0.0,0.0,Cc1cccc2n1cc(-c1cccc(OC(=O)N(C)C)c1)[n+]2C,False
AWXPOSGSJYPPKM-UHFFFAOYSA-N,1,4.89963,4.89963,,4.89963,4.89963,0.0,0.0,CN(C)C(=O)Oc1cccc(-c2cn3c(Cl)cccc3[n+]2C)c1,False
AARUDAJTDANRJK-UHFFFAOYSA-N,1,4.47366,4.47366,,4.47366,4.47366,0.0,0.0,CN(C)C(=O)Oc1cccc(-c2cn3c(C(F)(F)F)cccc3[n+]2C)c1,False
RPKOQFLYPBZPQD-UHFFFAOYSA-N,1,4.68825,4.68825,,4.68825,4.68825,0.0,0.0,COc1cccc2n1cc(-c1cccc(OC(=O)N(C)C)c1)[n+]2C,False
BSXYNWXJSDYDGT-UHFFFAOYSA-O,1,5.60206,5.60206,,5.60206,5.60206,0.0,0.0,CC(=O)Nc1cccc2n1cc(-c1cccc(OC(=O)N(C)C)c1)[n+]2C,False
HPADOMZRWJVWQN-UHFFFAOYSA-O,1,6.45593,6.45593,,6.45593,6.45593,0.0,0.0,CNC(=O)Oc1cccc(-c2cn3ccccc3[n+]2C)c1,False
HYLFKWSJNHUCHY-UHFFFAOYSA-O,1,5.34679,5.34679,,5.34679,5.34679,0.0,0.0,CNC(=O)Oc1cccc(-c2cn3c(NC(C)=O)cccc3[n+]2C)c1,False
XNNUREZKWDEMLD-UHFFFAOYSA-O,1,4.56864,4.56864,,4.56864,4.56864,0.0,0.0,Cc1cn2cc(C(N)=O)ccc2[n+]1C,False
ITNOFEOARUBFAI-UHFFFAOYSA-O,1,5.02228,5.02228,,5.02228,5.02228,0.0,0.0,C[n+]1c(-c2ccccc2)cn2cc(C(N)=O)ccc21,False
MKALUUJMYBNGDQ-UHFFFAOYSA-O,1,4.30103,4.30103,,4.30103,4.30103,0.0,0.0,COC(=O)Nc1ccc2n(c1)cc(-c1ccccc1)[n+]2C,False
RTDPVOSMBHIAJV-UHFFFAOYSA-N,2,7.48949,7.48949,0.2962494570459161,7.28001,7.69897,0.2094800000000001,0.4189600000000002,O=C(CCC1CCN(Cc2ccccc2)CC1)c1ccc2c(c1)CCN2,False
VUEKQQFQMBNDTO-UHFFFAOYSA-N,1,8.0,8.0,,8.0,8.0,0.0,0.0,CN1CCc2cc(C(=O)CCC3CCN(Cc4ccccc4)CC3)ccc21,False
RQRWFALEMPRRCW-UHFFFAOYSA-N,1,7.95861,7.95861,,7.95861,7.95861,0.0,0.0,CCN1CCc2cc(C(=O)CCC3CCN(Cc4ccccc4)CC3)ccc21,False
VCGNGVUFQSTPML-UHFFFAOYSA-N,1,7.65758,7.65758,,7.65758,7.65758,0.0,0.0,CCCN1CCc2cc(C(=O)CCC3CCN(Cc4ccccc4)CC3)ccc21,False
OXEYNPROGKVXDG-UHFFFAOYSA-N,1,7.5376,7.5376,,7.5376,7.5376,0.0,0.0,CCCCN1CCc2cc(C(=O)CCC3CCN(Cc4ccccc4)CC3)ccc21,False
GDTZPIJTUNXMBK-UHFFFAOYSA-N,1,7.3279,7.3279,,7.3279,7.3279,0.0,0.0,CCCCCN1CCc2cc(C(=O)CCC3CCN(Cc4ccccc4)CC3)ccc21,False
WWEBTCRGCHRYFS-UHFFFAOYSA-N,1,7.16749,7.16749,,7.16749,7.16749,0.0,0.0,O=C(CCC1CCN(Cc2ccccc2)CC1)c1ccc2c(c1)CCN2c1ccccc1,False
WYTBKZXENKAXMI-UHFFFAOYSA-N,1,6.09044,6.09044,,6.09044,6.09044,0.0,0.0,COc1ccccc1CN1CCC(CCC(=O)c2ccc3c(c2)CCN3)CC1,False
OQUGQBUZOCXPCA-UHFFFAOYSA-N,1,5.57187,5.57187,,5.57187,5.57187,0.0,0.0,COc1cccc(CN2CCC(CCC(=O)c3ccc4c(c3)CCN4)CC2)c1,False
YSZGSTXOLOPIQO-UHFFFAOYSA-N,1,4.87615,4.87615,,4.87615,4.87615,0.0,0.0,COc1ccc(CN2CCC(CCC(=O)c3ccc4c(c3)CCN4)CC2)cc1,False
YKTICKJUTVSZBR-UHFFFAOYSA-N,1,7.36653,7.36653,,7.36653,7.36653,0.0,0.0,O=C(CCC1CCN(Cc2ccccc2F)CC1)c1ccc2c(c1)CCN2,False
HJLYQXGLGFBWQI-UHFFFAOYSA-N,1,7.79588,7.79588,,7.79588,7.79588,0.0,0.0,O=C(CCC1CCN(Cc2cccc(F)c2)CC1)c1ccc2c(c1)CCN2,False
IXXWKQBJYPNXDP-UHFFFAOYSA-N,1,7.05061,7.05061,,7.05061,7.05061,0.0,0.0,O=C(CCC1CCN(Cc2ccc(F)cc2)CC1)c1ccc2c(c1)CCN2,False
DXOHWPHMWZTKSU-UHFFFAOYSA-N,1,7.11919,7.11919,,7.11919,7.11919,0.0,0.0,O=C(CCC1CCN(Cc2ccccc2Cl)CC1)c1ccc2c(c1)CCN2,False
AGJAKWSYLMETMB-UHFFFAOYSA-N,1,7.22915,7.22915,,7.22915,7.22915,0.0,0.0,O=C(CCC1CCN(Cc2cccc(Cl)c2)CC1)c1ccc2c(c1)CCN2,False
NLEPKGFELHYOOA-UHFFFAOYSA-N,1,5.19654,5.19654,,5.19654,5.19654,0.0,0.0,O=C(CCC1CCN(Cc2ccc(Cl)cc2)CC1)c1ccc2c(c1)CCN2,False
HANOAHGFQIRMPT-UHFFFAOYSA-N,1,7.30103,7.30103,,7.30103,7.30103,0.0,0.0,Cc1cccc(CN2CCC(CCC(=O)c3ccc4c(c3)CCN4)CC2)c1,False
ZZSQSKJDPPTMNT-UHFFFAOYSA-N,1,7.19382,7.19382,,7.19382,7.19382,0.0,0.0,O=C(CCC1CCN(Cc2cccc([N+](=O)[O-])c2)CC1)c1ccc2c(c1)CCN2,False
RJFOSTXNSIGOHV-UHFFFAOYSA-N,1,6.94692,6.94692,,6.94692,6.94692,0.0,0.0,O=C(CCC1CCN(Cc2ccccc2)CC1)c1ccc2c(c1)NCC2,False
NAMSGSSCIKIOGU-UHFFFAOYSA-N,1,6.06905,6.06905,,6.06905,6.06905,0.0,0.0,O=C(CCC1CCN(Cc2ccccc2)CC1)c1ccc2c(c1)N(Cc1ccccc1)CC2,False
UUQBDBYKPIHDLS-UHFFFAOYSA-N,2,7.22879,7.22879,0.05489977049132397,7.18997,7.26761,0.0388200000000003,0.0776400000000006,O=C(CCC1CCN(Cc2ccccc2)CC1)c1ccc2c(c1)CCCN2,False
MEQINWMQUQFRBU-UHFFFAOYSA-N,1,7.61979,7.61979,,7.61979,7.61979,0.0,0.0,CN1CCCc2cc(C(=O)CCC3CCN(Cc4ccccc4)CC3)ccc21,False
KWRRGOAPOBYBJX-UHFFFAOYSA-N,1,6.78516,6.78516,,6.78516,6.78516,0.0,0.0,O=C(CCC1CCN(Cc2ccccc2)CC1)c1ccc2c(c1)NCCC2,False
FTIASDZNAWKWHK-UHFFFAOYSA-N,1,7.26761,7.26761,,7.26761,7.26761,0.0,0.0,O=C(CCC1CCN(Cc2ccccc2)CC1)c1ccc2c(c1)CCCN2c1ccccc1,False
BWZUHISSAMBGLB-UHFFFAOYSA-N,1,7.4437,7.4437,,7.4437,7.4437,0.0,0.0,CN1CCCc2ccc(C(=O)CCC3CCN(Cc4ccccc4)CC3)cc21,False
FLEWNSKCTYCXMT-UHFFFAOYSA-N,1,5.82681,5.82681,,5.82681,5.82681,0.0,0.0,O=C(CCC1CCN(Cc2ccccc2)CC1)c1ccc2c(c1)N(c1ccccc1)CCC2,False
RFJFEUOWKIHAMC-UHFFFAOYSA-N,1,6.90309,6.90309,,6.90309,6.90309,0.0,0.0,O=C(CCC1CCN(Cc2ccccc2)CC1)c1ccc2c(c1)CCCCN2,False
KFRWOMAUCWZWOD-UHFFFAOYSA-N,1,7.09151,7.09151,,7.09151,7.09151,0.0,0.0,CN1CCCCc2ccc(C(=O)CCC3CCN(Cc4ccccc4)CC3)cc21,False
NYVKEUVLHDSEJG-UHFFFAOYSA-N,1,6.42481,6.42481,,6.42481,6.42481,0.0,0.0,CCN1CCCCc2ccc(C(=O)CCC3CCN(Cc4ccccc4)CC3)cc21,False
YTVLWARKUSTOKZ-UHFFFAOYSA-N,1,5.87615,5.87615,,5.87615,5.87615,0.0,0.0,CCCN1CCCCc2ccc(C(=O)CCC3CCN(Cc4ccccc4)CC3)cc21,False
PRULHOMNCDTENF-UHFFFAOYSA-N,1,5.50307,5.50307,,5.50307,5.50307,0.0,0.0,O=C(CCC1CCN(Cc2ccccc2)CC1)c1ccc2c(c1)N(Cc1ccccc1)CCCC2,False
IHHYWELXELLDTG-UHFFFAOYSA-N,1,5.57643,5.57643,,5.57643,5.57643,0.0,0.0,COc1ccccc1CN1CCC(CCC(=O)c2ccc3c(c2)NCCCC3)CC1,False
HPJURFKSTPRCQI-UHFFFAOYSA-N,1,6.07212,6.07212,,6.07212,6.07212,0.0,0.0,COc1cccc(CN2CCC(CCC(=O)c3ccc4c(c3)NCCCC4)CC2)c1,False
UHNUXPAANQWTDT-UHFFFAOYSA-N,1,4.25806,4.25806,,4.25806,4.25806,0.0,0.0,COc1ccc(CN2CCC(CCC(=O)c3ccc4c(c3)NCCCC4)CC2)cc1,False
DJYSGFMAGPVHMB-UHFFFAOYSA-N,1,6.48017,6.48017,,6.48017,6.48017,0.0,0.0,O=C(CCC1CCN(Cc2ccccc2F)CC1)c1ccc2c(c1)NCCCC2,False
DPOHSBUWIGXUGW-UHFFFAOYSA-N,1,6.83863,6.83863,,6.83863,6.83863,0.0,0.0,O=C(CCC1CCN(Cc2cccc(F)c2)CC1)c1ccc2c(c1)NCCCC2,False
QFWCNFLCMOTBIO-UHFFFAOYSA-N,1,6.40561,6.40561,,6.40561,6.40561,0.0,0.0,O=C(CCC1CCN(Cc2ccc(F)cc2)CC1)c1ccc2c(c1)NCCCC2,False
MXJGEZDRKZVRGW-UHFFFAOYSA-N,1,6.47756,6.47756,,6.47756,6.47756,0.0,0.0,O=C(CCC1CCN(Cc2cccc(Cl)c2)CC1)c1ccc2c(c1)NCCCC2,False
AIMKJRZZZYKDOX-UHFFFAOYSA-N,1,6.64975,6.64975,,6.64975,6.64975,0.0,0.0,Cc1cccc(CN2CCC(CCC(=O)c3ccc4c(c3)NCCCC4)CC2)c1,False
CVBWSHNUOYZVMQ-UHFFFAOYSA-N,1,6.40894,6.40894,,6.40894,6.40894,0.0,0.0,O=C(CCC1CCN(Cc2cccc([N+](=O)[O-])c2)CC1)c1ccc2c(c1)NCCCC2,False
WNWQLKAZJLNDJZ-UHFFFAOYSA-N,1,6.8962,6.8962,,6.8962,6.8962,0.0,0.0,O=C(CCC1CCN(Cc2ccccc2)CC1)c1ccc2c(c1)NCCCCC2,False
RTIIFSJFUWPGNM-UHFFFAOYSA-N,1,7.00436,7.00436,,7.00436,7.00436,0.0,0.0,c1ccc(CN2CCC(CNc3nsc4ccccc34)CC2)cc1,False
YAQNHPBYWUEFCO-UHFFFAOYSA-N,1,6.92082,6.92082,,6.92082,6.92082,0.0,0.0,c1ccc(CN2CCC(CNc3n[nH]c4ccccc34)CC2)cc1,False
DNBKUNFFVYUPJA-UHFFFAOYSA-N,1,8.09691,8.09691,,8.09691,8.09691,0.0,0.0,COc1ccc2c(c1OC)C(=O)CC2CCC1CCN(Cc2ccccc2)CC1,False
MCAQWHWWQNEHOE-CTNGQTDRSA-N,1,6.9431,6.9431,,6.9431,6.9431,0.0,0.0,CCCCCCCNC(=O)Oc1ccc2c(c1)[C@]1(C)CCN(C)[C@@H]1C2,False
ZLFLUZOZKIPTJJ-QUCCMNQESA-N,1,8.0,8.0,,8.0,8.0,0.0,0.0,CCCCCCNC(=O)Oc1ccc2c(c1)[C@]1(C)CCN(C)[C@@H]1C2,False
JOOGXPYATKQKBK-IRLDBZIGSA-N,1,7.23657,7.23657,,7.23657,7.23657,0.0,0.0,CCCCCCCNC(=O)Oc1ccc2c(c1)[C@]1(C)CCN(CC)[C@@H]1C2,False
OEQMWEPWWKQKQL-MJGOQNOKSA-N,1,7.04576,7.04576,,7.04576,7.04576,0.0,0.0,CCCCNC(=O)Oc1ccc2c(c1)[C@]1(C)CCN(CC)[C@@H]1C2,False
CSENCZKLXRJGFD-APWZRJJASA-N,1,4.90354,4.90354,,4.90354,4.90354,0.0,0.0,CCN1CC[C@@]2(C)c3cc(OC(=O)NC(C)(C)C)ccc3C[C@@H]12,False
XAWCVUBHVCUDBZ-AEFFLSMTSA-N,1,6.81248,6.81248,,6.81248,6.81248,0.0,0.0,CCCNC(=O)Oc1ccc2c(c1)[C@]1(C)CCN(CC)[C@@H]1C2,False
VXTBWKBREFKYDA-ZBFHGGJFSA-N,1,7.42022,7.42022,,7.42022,7.42022,0.0,0.0,CCN1CC[C@@]2(C)c3cc(OC(=O)NC)ccc3C[C@@H]12,False
TXJSVDRPBGRIFY-CTNGQTDRSA-N,1,6.75449,6.75449,,6.75449,6.75449,0.0,0.0,CCN1CC[C@@]2(C)c3cc(OC(=O)Nc4ccccc4)ccc3C[C@@H]12,False
VONJUQXHNPNBDU-OSZJVERNSA-N,1,5.87615,5.87615,,5.87615,5.87615,0.0,0.0,CCN1CC[C@@]2(C)c3cc(OC(=O)NC(C)c4ccccc4)ccc3C[C@@H]12,False
PVMNTYXKDFRXKP-IRLDBZIGSA-N,1,7.16115,7.16115,,7.16115,7.16115,0.0,0.0,CCN1CC[C@@]2(C)c3cc(OC(=O)NCc4ccccc4)ccc3C[C@@H]12,False
QSCQOXMIFSONAX-GGAORHGYSA-N,1,7.03152,7.03152,,7.03152,7.03152,0.0,0.0,CCCCCCCNC(=O)Oc1ccc2c(c1)[C@]1(C)CCN(CCC)[C@@H]1C2,False
JMKIHVULQFDEGK-IRLDBZIGSA-N,1,7.20761,7.20761,,7.20761,7.20761,0.0,0.0,CCCCCCNC(=O)Oc1ccc2c(c1)[C@]1(C)CCN(CCC)[C@@H]1C2,False
AVAFJTWXTNBJNG-VPUSJEBWSA-N,1,6.29585,6.29585,,6.29585,6.29585,0.0,0.0,CCCCCCCNC(=O)Oc1ccc2c(c1)[C@]1(C)CCN(Cc3ccccc3)[C@@H]1C2,False
NNWAKPXOOYJLNL-AZUAARDMSA-N,1,6.41908,6.41908,,6.41908,6.41908,0.0,0.0,CCCCCCCNC(=O)Oc1ccc2c(c1)[C@@H]1CCN(CC)[C@@H]1C2,False
XWDNADYVTFQMOY-PKOBYXMFSA-N,1,6.68194,6.68194,,6.68194,6.68194,0.0,0.0,CCCCCCNC(=O)Oc1ccc2c(c1)[C@@H]1CCN(CC)[C@@H]1C2,False
JYMNJIDLAQUBDE-UHFFFAOYSA-N,1,5.96819,5.96819,,5.96819,5.96819,0.0,0.0,CCCCNC(=O)Oc1ccc2c(c1)C1CCN(CC)C1C2,False
GFYHFMVUVHAJDW-UHFFFAOYSA-N,1,5.65916,5.65916,,5.65916,5.65916,0.0,0.0,CCCNC(=O)Oc1ccc2c(c1)C1CCN(CC)C1C2,False
HYIYBWCTLLQRLQ-UHFFFAOYSA-N,1,6.59688,6.59688,,6.59688,6.59688,0.0,0.0,CCN1CCC2c3cc(OC(=O)NC)ccc3CC21,False
CCLYHFAXRYLZDZ-UHFFFAOYSA-N,1,6.20135,6.20135,,6.20135,6.20135,0.0,0.0,CCCCCCCNC(=O)Oc1ccc2c(c1)C1CCN(CCC)C1C2,False
LKLDMKAWSUSARS-UHFFFAOYSA-N,1,6.26281,6.26281,,6.26281,6.26281,0.0,0.0,CCCCCCNC(=O)Oc1ccc2c(c1)C1CCN(CCC)C1C2,False
LDOQXEUJTAHDNS-UHFFFAOYSA-N,1,6.25181,6.25181,,6.25181,6.25181,0.0,0.0,O=C(NCCC1CCN(Cc2ccccc2)CC1)c1ccccc1,False
XWAFYFQOGKPZHP-UHFFFAOYSA-N,1,6.76955,6.76955,,6.76955,6.76955,0.0,0.0,CN(CCC1CCN(Cc2ccccc2)CC1)C(=O)c1ccccc1,False
RSMDWTVKHVTHAL-UHFFFAOYSA-N,1,7.45593,7.45593,,7.45593,7.45593,0.0,0.0,O=C(c1ccccc1)N(CCC1CCN(Cc2ccccc2)CC1)c1ccccc1,False
ZIFYLJRFVGDNJE-UHFFFAOYSA-N,1,6.22915,6.22915,,6.22915,6.22915,0.0,0.0,COc1ccc(C(=O)N(CCC2CCN(Cc3ccccc3)CC2)c2ccccc2)cc1,False
IYFAOWGKGUWALB-UHFFFAOYSA-N,1,7.74473,7.74473,,7.74473,7.74473,0.0,0.0,O=C(c1ccc(F)cc1)N(CCC1CCN(Cc2ccccc2)CC1)c1ccccc1,False
SLPWVPABBZSEMK-UHFFFAOYSA-N,1,8.26761,8.26761,,8.26761,8.26761,0.0,0.0,O=C(c1ccc([N+](=O)[O-])cc1)N(CCC1CCN(Cc2ccccc2)CC1)c1ccccc1,False
KTJJCDOTNADSQC-UHFFFAOYSA-N,1,7.19382,7.19382,,7.19382,7.19382,0.0,0.0,O=C(c1ccncc1)N(CCC1CCN(Cc2ccccc2)CC1)c1ccccc1,False
ALNLNNGVDVYQOX-UHFFFAOYSA-N,1,5.02687,5.02687,,5.02687,5.02687,0.0,0.0,O=C(C1CCCCC1)N(CCC1CCN(Cc2ccccc2)CC1)c1ccccc1,False
PVDWMIZKHNFLPF-UHFFFAOYSA-N,1,7.284,7.284,,7.284,7.284,0.0,0.0,CC(=O)N(CCC1CCN(Cc2ccccc2)CC1)c1ccccc1,False
JGFPTPPWULVKEL-UHFFFAOYSA-N,1,6.08092,6.08092,,6.08092,6.08092,0.0,0.0,CCC(=O)N(CCC1CCN(Cc2ccccc2)CC1)c1ccccc1,False
PGQDUDULHWMHKG-UHFFFAOYSA-N,1,7.33724,7.33724,,7.33724,7.33724,0.0,0.0,COc1cccc(N(CCC2CCN(Cc3ccccc3)CC2)C(C)=O)c1,False
GIWNUIFQOLHQBQ-UHFFFAOYSA-N,1,6.1549,6.1549,,6.1549,6.1549,0.0,0.0,COc1ccc(N(CCC2CCN(Cc3ccccc3)CC2)C(C)=O)cc1,False
FMCFMYIXNIXNBI-UHFFFAOYSA-N,1,7.18709,7.18709,,7.18709,7.18709,0.0,0.0,CC(=O)N(CCC1CCN(Cc2ccccc2)CC1)c1cccc(F)c1,False
TXBYPGKNXQTWRM-UHFFFAOYSA-N,1,6.68825,6.68825,,6.68825,6.68825,0.0,0.0,CC(=O)N(CCC1CCN(Cc2ccccc2)CC1)c1ccc(F)cc1,False
BISRGIBJFWFSKH-UHFFFAOYSA-N,1,4.92082,4.92082,,4.92082,4.92082,0.0,0.0,CCN(CCC1CCN(Cc2ccccc2)CC1)c1ccccc1,False
RDJZUBCTKUBHFU-UHFFFAOYSA-N,1,6.96658,6.96658,,6.96658,6.96658,0.0,0.0,CC(=O)N(CCC1CCN(Cc2ccccc2)CC1)c1ccncc1,False
RBQPQKSBZIHHAR-UHFFFAOYSA-N,1,6.18046,6.18046,,6.18046,6.18046,0.0,0.0,CC(=O)N(C)CCC1CCN(Cc2ccccc2)CC1,False
HTZVJSOFOPIELV-UHFFFAOYSA-N,1,7.00877,7.00877,,7.00877,7.00877,0.0,0.0,O=C1c2ccccc2CN1CCC1CCN(Cc2ccccc2)CC1,False
CRPBEXXXEBUOEC-UHFFFAOYSA-N,1,7.09691,7.09691,,7.09691,7.09691,0.0,0.0,O=C1c2ccccc2C(=O)N1CCC1CCN(Cc2ccccc2)CC1,False
OVEXTZVSBSJTQV-UHFFFAOYSA-N,1,4.56864,4.56864,,4.56864,4.56864,0.0,0.0,O=C1c2ccc([N+](=O)[O-])cc2C(=O)N1C1CCN(Cc2ccccc2)CC1,False
CJWDGZCCFKEZLS-UHFFFAOYSA-N,1,5.52288,5.52288,,5.52288,5.52288,0.0,0.0,O=C1c2ccc([N+](=O)[O-])cc2C(=O)N1CC1CCN(Cc2ccccc2)CC1,False
WPBGBXPZNCPYQB-UHFFFAOYSA-N,1,7.90309,7.90309,,7.90309,7.90309,0.0,0.0,O=C1c2ccc([N+](=O)[O-])cc2C(=O)N1CCC1CCN(Cc2ccccc2)CC1,False
RRVRQLRWRWDWBM-UHFFFAOYSA-N,1,6.35655,6.35655,,6.35655,6.35655,0.0,0.0,COc1ccc(CN2CCC(CCN3C(=O)c4ccc([N+](=O)[O-])cc4C3=O)CC2)cc1,False
CLCFZEJHDXQFNI-UHFFFAOYSA-N,1,6.61979,6.61979,,6.61979,6.61979,0.0,0.0,O=C1c2ccc([N+](=O)[O-])cc2C(=O)N1CCC1CCN(Cc2ccc(Cl)cc2)CC1,False
SAWAJOAVUYQBDZ-UHFFFAOYSA-N,1,5.16749,5.16749,,5.16749,5.16749,0.0,0.0,CN1CCC(CCN2C(=O)c3ccc([N+](=O)[O-])cc3C2=O)CC1,False
PZJNCGONKIPEIG-UHFFFAOYSA-N,1,8.05552,8.05552,,8.05552,8.05552,0.0,0.0,Nc1ccc2c(c1)C(=O)N(CCC1CCN(Cc3ccccc3)CC1)C2=O,False
IYQDVAQDSMLFBE-UHFFFAOYSA-N,1,8.55284,8.55284,,8.55284,8.55284,0.0,0.0,CC(=O)Nc1ccc2c(c1)C(=O)N(CCC1CCN(Cc3ccccc3)CC1)C2=O,False
JEXADSKXZBGTNK-UHFFFAOYSA-N,1,8.92082,8.92082,,8.92082,8.92082,0.0,0.0,O=C(Nc1ccc2c(c1)C(=O)N(CCC1CCN(Cc3ccccc3)CC1)C2=O)c1ccccc1,False
VIBWVJMPDIEOED-UHFFFAOYSA-N,1,8.09691,8.09691,,8.09691,8.09691,0.0,0.0,COc1ccc2c(c1)C(=O)N(CCC1CCN(Cc3ccccc3)CC1)C2=O,False
VVALFDQDPSGUHW-UHFFFAOYSA-N,1,8.65758,8.65758,,8.65758,8.65758,0.0,0.0,O=C(Nc1ccccc1)c1ccc2c(c1)C(=O)N(CCC1CCN(Cc3ccccc3)CC1)C2=O,False
JPWQKDAHORMNTF-UHFFFAOYSA-N,1,8.61979,8.61979,,8.61979,8.61979,0.0,0.0,O=C(c1ccccc1)c1ccc2c(c1)C(=O)N(CCC1CCN(Cc3ccccc3)CC1)C2=O,False
QWDWLGHFTINULB-UHFFFAOYSA-N,1,8.04576,8.04576,,8.04576,8.04576,0.0,0.0,O=C1c2cccc([N+](=O)[O-])c2C(=O)N1CCC1CCN(Cc2ccccc2)CC1,False
VQMSAQJYFHAVFV-UHFFFAOYSA-N,1,7.95861,7.95861,,7.95861,7.95861,0.0,0.0,Nc1cccc2c1C(=O)N(CCC1CCN(Cc3ccccc3)CC1)C2=O,False
ZVWREYPHISEIQV-UHFFFAOYSA-N,1,6.46852,6.46852,,6.46852,6.46852,0.0,0.0,O=C(Nc1cccc2c1C(=O)N(CCC1CCN(Cc3ccccc3)CC1)C2=O)c1ccccc1,False
LORWXMAHQNWARL-UHFFFAOYSA-N,1,7.88606,7.88606,,7.88606,7.88606,0.0,0.0,O=C1c2cccnc2C(=O)N1CCC1CCN(Cc2ccccc2)CC1,False
GCDBDMZTKCNPAH-UHFFFAOYSA-N,1,5.95861,5.95861,,5.95861,5.95861,0.0,0.0,O=c1c2ccccc2ccn1CCC1CCN(Cc2ccccc2)CC1,False
BVQFUYUEQBLTCJ-UHFFFAOYSA-N,1,6.0,6.0,,6.0,6.0,0.0,0.0,O=C1c2ccccc2CCN1CCC1CCN(Cc2ccccc2)CC1,False
WNLYOXFKVMXTBI-UHFFFAOYSA-N,1,7.76955,7.76955,,7.76955,7.76955,0.0,0.0,O=C1Cc2ccccc2CN1CCC1CCN(Cc2ccccc2)CC1,False
LCMITKKRKVHZDJ-UHFFFAOYSA-N,1,5.79588,5.79588,,5.79588,5.79588,0.0,0.0,c1ccc(CN2CCC(CCN3CCc4ccccc4C3)CC2)cc1,False
NYIRMCGMHBUQGJ-UHFFFAOYSA-N,1,7.63827,7.63827,,7.63827,7.63827,0.0,0.0,O=C1Cc2ccccc2C(=O)N1CCC1CCN(Cc2ccccc2)CC1,False
XPEZPTDMSZUQAL-UHFFFAOYSA-N,1,5.92082,5.92082,,5.92082,5.92082,0.0,0.0,O=c1c2ccccc2ncn1CCC1CCN(Cc2ccccc2)CC1,False
KXVMGAJDZLDKQI-UHFFFAOYSA-N,1,6.09691,6.09691,,6.09691,6.09691,0.0,0.0,O=C1c2ccccc2NCN1CCC1CCN(Cc2ccccc2)CC1,False
NOUFYSVCMVOTOJ-UHFFFAOYSA-N,1,8.37675,8.37675,,8.37675,8.37675,0.0,0.0,O=c1[nH]c2ccccc2c(=O)n1CCC1CCN(Cc2ccccc2)CC1,False
YGOWOKNKZNIBEE-UHFFFAOYSA-N,1,7.88606,7.88606,,7.88606,7.88606,0.0,0.0,O=C1Nc2ccccc2CN1CCC1CCN(Cc2ccccc2)CC1,False
LPMLUKYEDMRFFG-UHFFFAOYSA-N,1,8.34679,8.34679,,8.34679,8.34679,0.0,0.0,O=c1[nH]c2cc(Cl)ccc2c(=O)n1CCC1CCN(Cc2ccccc2)CC1,False
DOBQPNDSZWMKBV-UHFFFAOYSA-N,1,6.56864,6.56864,,6.56864,6.56864,0.0,0.0,O=C1CCCCN1CCC1CCN(Cc2ccccc2)CC1,False
WNCPQDOVHICUNG-UHFFFAOYSA-N,1,9.31876,9.31876,,9.31876,9.31876,0.0,0.0,O=C1CNc2cc3onc(CCC4CCN(Cc5ccccc5)CC4)c3cc2C1,False
KBOSVOZLQUMJKM-UHFFFAOYSA-N,1,7.4318,7.4318,,7.4318,7.4318,0.0,0.0,CNC(=O)Oc1cccc(CN(C)CCCCOc2ccc3c(=O)c4ccccc4oc3c2)c1,False
VVHBVIYSSIUBAX-UHFFFAOYSA-N,1,7.0,7.0,,7.0,7.0,0.0,0.0,CCCCCCNC(=O)Oc1cccc(CN(C)CCCCOc2ccc3c(=O)c4ccccc4oc3c2)c1,False
YVQQQWJNOUYSPP-UHFFFAOYSA-N,1,9.08619,9.08619,,9.08619,9.08619,0.0,0.0,CNC(=O)Oc1cccc(CN(C)CCCCCOc2ccc3c(=O)c4ccccc4oc3c2)c1,False
NRTNJADFJCRFNL-UHFFFAOYSA-N,1,7.0,7.0,,7.0,7.0,0.0,0.0,CCCCCCNC(=O)Oc1cccc(CN(C)CCCCCOc2ccc3c(=O)c4ccccc4oc3c2)c1,False
ALPCPHJLBPNALD-UHFFFAOYSA-N,1,7.88606,7.88606,,7.88606,7.88606,0.0,0.0,CCNC(=O)Oc1cccc(CN(C)CCCOc2ccc3c(=O)c4ccccc4oc3c2)c1,False
LMCMDUCNDONQKJ-UHFFFAOYSA-N,1,7.55284,7.55284,,7.55284,7.55284,0.0,0.0,CCCNC(=O)Oc1cccc(CN(C)CCCOc2ccc3c(=O)c4ccccc4oc3c2)c1,False
XXYOHHNGEKCFAK-UHFFFAOYSA-N,1,7.4437,7.4437,,7.4437,7.4437,0.0,0.0,CCCCNC(=O)Oc1cccc(CN(C)CCCOc2ccc3c(=O)c4ccccc4oc3c2)c1,False
JLIDJRGQAIERBG-UHFFFAOYSA-N,1,8.55284,8.55284,,8.55284,8.55284,0.0,0.0,CN(CCCOc1ccc2c(=O)c3ccccc3oc2c1)Cc1cccc(OC(=O)Nc2ccccc2)c1,False
NTBGNSLILYZHOK-UHFFFAOYSA-N,1,8.95861,8.95861,,8.95861,8.95861,0.0,0.0,CNC(=O)Oc1cccc(CN(C)CCCOc2ccc3c(=O)c4cccnc4oc3c2)c1,False
ZYNRLEQFTJNNFH-UHFFFAOYSA-N,1,8.05061,8.05061,,8.05061,8.05061,0.0,0.0,CCCCNC(=O)Oc1cccc(CN(C)CCCOc2ccc3c(=O)c4cccnc4oc3c2)c1,False
SVTPJKZZYJPYRV-UHFFFAOYSA-N,1,7.37675,7.37675,,7.37675,7.37675,0.0,0.0,CCCCCCNC(=O)Oc1cccc(CN(C)CCCOc2ccc3c(=O)c4cccnc4oc3c2)c1,False
XVJDMVSHDMGRQA-UHFFFAOYSA-N,1,8.24413,8.24413,,8.24413,8.24413,0.0,0.0,CNC(=O)Oc1cccc(CN(C)CCCOc2ccc3ccc(=O)oc3c2)c1,False
MTHAAFJWKDKWDN-UHFFFAOYSA-N,1,7.85387,7.85387,,7.85387,7.85387,0.0,0.0,CCCCNC(=O)Oc1cccc(CN(C)CCCOc2ccc3ccc(=O)oc3c2)c1,False
ZRCBPVTWLWOJLM-UHFFFAOYSA-N,1,7.88606,7.88606,,7.88606,7.88606,0.0,0.0,CCCCCCNC(=O)Oc1cccc(CN(C)CCCOc2ccc3ccc(=O)oc3c2)c1,False
QCNLPNZWOJVEMC-UHFFFAOYSA-N,1,8.05061,8.05061,,8.05061,8.05061,0.0,0.0,CNC(=O)Oc1cccc(CN(C)CCCOc2ccc3c(=O)ccoc3c2)c1,False
QGZSYSHLTHNVQJ-UHFFFAOYSA-N,1,6.60206,6.60206,,6.60206,6.60206,0.0,0.0,CCCCNC(=O)Oc1cccc(CN(C)CCCOc2ccc3c(=O)ccoc3c2)c1,False
VWWLOQUVDINGGC-UHFFFAOYSA-N,1,7.67778,7.67778,,7.67778,7.67778,0.0,0.0,CCCCCCNC(=O)Oc1cccc(CN(C)CCCOc2ccc3c(=O)ccoc3c2)c1,False
RDDTTZUMDKWHJZ-UHFFFAOYSA-N,1,8.24413,8.24413,,8.24413,8.24413,0.0,0.0,CNC(=O)Oc1cccc(CN(C)CCCOc2ccc3c(=O)cc(-c4ccccc4)oc3c2)c1,False
ZRALBZBQZUJSPR-UHFFFAOYSA-N,1,7.50864,7.50864,,7.50864,7.50864,0.0,0.0,CCCCNC(=O)Oc1cccc(CN(C)CCCOc2ccc3c(=O)cc(-c4ccccc4)oc3c2)c1,False
SHAWTVDNEZSOSR-UHFFFAOYSA-N,1,7.16749,7.16749,,7.16749,7.16749,0.0,0.0,CCCCCCNC(=O)Oc1cccc(CN(C)CCCOc2ccc3c(=O)cc(-c4ccccc4)oc3c2)c1,False
HXQCOCVRUGEICR-UHFFFAOYSA-N,1,9.25181,9.25181,,9.25181,9.25181,0.0,0.0,CCN(CCCOc1ccc2c(=O)c3ccccc3oc2c1)Cc1cccc(OC(=O)NC)c1,False
HHXUHEFFENDWNS-UHFFFAOYSA-N,1,8.0655,8.0655,,8.0655,8.0655,0.0,0.0,CCCCNC(=O)Oc1cccc(CN(CC)CCCOc2ccc3c(=O)c4ccccc4oc3c2)c1,False
PQAZOSKFSMTNGU-UHFFFAOYSA-N,1,6.79588,6.79588,,6.79588,6.79588,0.0,0.0,CCCCCCNC(=O)Oc1cccc(CN(CC)CCCOc2ccc3c(=O)c4ccccc4oc3c2)c1,False
LGGHQISBZXMDCF-UHFFFAOYSA-N,1,8.39794,8.39794,,8.39794,8.39794,0.0,0.0,CCCN(CCCOc1ccc2c(=O)c3ccccc3oc2c1)Cc1cccc(OC(=O)NC)c1,False
MNPIKQZTVMDUBC-UHFFFAOYSA-N,1,7.1549,7.1549,,7.1549,7.1549,0.0,0.0,CCCCNC(=O)Oc1cccc(CN(CCC)CCCOc2ccc3c(=O)c4ccccc4oc3c2)c1,False
LVHYHPPSQCHATE-UHFFFAOYSA-N,1,6.39794,6.39794,,6.39794,6.39794,0.0,0.0,CCCCCCNC(=O)Oc1cccc(CN(CCC)CCCOc2ccc3c(=O)c4ccccc4oc3c2)c1,False
ZYUCOMLJCQLLSP-UHFFFAOYSA-N,1,9.1549,9.1549,,9.1549,9.1549,0.0,0.0,CNC(=O)Oc1cccc(CN(CCCOc2ccc3c(=O)c4ccccc4oc3c2)C(C)C)c1,False
DEJGKDQNTHLAEV-UHFFFAOYSA-N,1,7.0,7.0,,7.0,7.0,0.0,0.0,CCCCNC(=O)Oc1cccc(CN(CCCOc2ccc3c(=O)c4ccccc4oc3c2)C(C)C)c1,False
WFGJHCVCXBKDHU-UHFFFAOYSA-N,1,6.76955,6.76955,,6.76955,6.76955,0.0,0.0,CCCCCCNC(=O)Oc1cccc(CN(CCCOc2ccc3c(=O)c4ccccc4oc3c2)C(C)C)c1,False
ZMHJBQYKHSJECL-UHFFFAOYSA-N,1,4.88606,4.88606,,4.88606,4.88606,0.0,0.0,c1ccc(-c2ccc(NCCN3CCCCC3)nn2)cc1,False
LDMWSLGGVTVJPG-UHFFFAOYSA-N,1,4.07058,4.07058,,4.07058,4.07058,0.0,0.0,Cc1cc(-c2ccccc2)nnc1NCCN1CCOCC1,False
QYPIWAWBCRJQPR-UHFFFAOYSA-N,1,5.26761,5.26761,,5.26761,5.26761,0.0,0.0,Cc1cc(-c2ccccc2)nnc1NCCN1CCCCC1,False
GPACEISPPBYITD-UHFFFAOYSA-N,1,4.46852,4.46852,,4.46852,4.46852,0.0,0.0,Cc1cc(-c2ccc(Cl)cc2)nnc1NCCN1CCOCC1,False
VQVUIXDYVAPMOJ-UHFFFAOYSA-N,1,5.88606,5.88606,,5.88606,5.88606,0.0,0.0,Cc1cc(-c2ccc(Cl)cc2)nnc1NCCN1CCCCC1,False
VUSSXUIWFZLTIX-UHFFFAOYSA-N,1,6.0,6.0,,6.0,6.0,0.0,0.0,Cc1cc(-c2ccc3c(c2)OCO3)nnc1NCCN1CCCCC1,False
KRNDIPHOJLIHRI-UHFFFAOYSA-N,1,4.0,4.0,,4.0,4.0,0.0,0.0,N#Cc1cc(-c2ccccc2)nnc1NCCN1CCOCC1,False
FKKUKXIZMFRTEH-UHFFFAOYSA-N,1,4.20761,4.20761,,4.20761,4.20761,0.0,0.0,CCN1CCCC1CNc1ccc(-c2ccccc2)nn1,False
JHNROXOROWGOAD-UHFFFAOYSA-N,1,4.08092,4.08092,,4.08092,4.08092,0.0,0.0,c1ccc(-c2ccc(NCCN3CCc4ccccc4C3)nn2)cc1,False
QVGWGVWPJHFSQO-UHFFFAOYSA-N,1,4.45593,4.45593,,4.45593,4.45593,0.0,0.0,c1ccc(-c2ccc(NCCCN3CCc4ccccc4C3)nn2)cc1,False
VQRWUURJJTWFRW-UHFFFAOYSA-N,1,4.82391,4.82391,,4.82391,4.82391,0.0,0.0,c1ccc(-c2ccc(NCCCCN3CCc4ccccc4C3)nn2)cc1,False
FTJHDEREJQMLMM-UHFFFAOYSA-N,1,5.0,5.0,,5.0,5.0,0.0,0.0,c1ccc(-c2ccc(NCCCCCN3Cc4ccccc4CN3)nn2)cc1,False
PLDXJBFSBNKSSV-UHFFFAOYSA-N,1,4.88606,4.88606,,4.88606,4.88606,0.0,0.0,CN(CCCNc1ccc(-c2ccccc2)nn1)Cc1ccccc1,False
IRDKUAUYWINDNO-UHFFFAOYSA-N,1,4.95861,4.95861,,4.95861,4.95861,0.0,0.0,CN(CCCCNc1ccc(-c2ccccc2)nn1)Cc1ccccc1,False
YAQYQDHHCXSWOO-UHFFFAOYSA-N,1,4.18709,4.18709,,4.18709,4.18709,0.0,0.0,c1ccc(CN2CCC(Nc3ccc(-c4ccccc4)nn3)CC2)cc1,False
ILVVJZQAAIEDFM-UHFFFAOYSA-N,1,4.25181,4.25181,,4.25181,4.25181,0.0,0.0,c1ccc(CN2CCC(CNc3ccc(-c4ccccc4)nn3)CC2)cc1,False
LPYRBWWTTDQOQR-UHFFFAOYSA-N,1,4.88606,4.88606,,4.88606,4.88606,0.0,0.0,c1ccc(-c2ccc(NCN3CCCCC3)nc2)cc1,False
FBCNYWQXUNXPOK-UHFFFAOYSA-N,1,4.0,4.0,,4.0,4.0,0.0,0.0,c1ccc(-c2cnc(NCN3CCCCC3)nc2)cc1,False
IXGBMUJQBLSNBY-UHFFFAOYSA-N,1,4.24413,4.24413,,4.24413,4.24413,0.0,0.0,c1ccc(-c2ncc(NCN3CCCCC3)nn2)cc1,False
FAWPNSNGNNAZRX-UHFFFAOYSA-N,1,4.26761,4.26761,,4.26761,4.26761,0.0,0.0,c1ccc(-c2nnc(NCN3CCCCC3)s2)cc1,False
CIHHOYYZRDWTEL-UHFFFAOYSA-N,1,4.22185,4.22185,,4.22185,4.22185,0.0,0.0,c1ccc(-c2cnc(NCN3CCCCC3)nn2)cc1,False
QJMXNXDIFFODIR-UHFFFAOYSA-N,1,4.3279,4.3279,,4.3279,4.3279,0.0,0.0,c1ccc(C2=NNC(NCN3CCCCC3)=NC2)cc1,False
BULPDQLGDINAMU-UHFFFAOYSA-N,1,7.52288,7.52288,,7.52288,7.52288,0.0,0.0,O=C(CCC1CCN(Cc2ccccc2)CC1)c1ccc2c(c1)OCO2,False
KEWKCRNEFJBHSP-UHFFFAOYSA-N,1,6.92082,6.92082,,6.92082,6.92082,0.0,0.0,CN(CCOCCNC(=S)NC(=O)c1ccccc1)Cc1ccccc1,False
APEXWSYWURSQFH-UHFFFAOYSA-N,1,7.11351,7.11351,,7.11351,7.11351,0.0,0.0,Cc1ccc(C(=O)NC(=S)NCCOCCN(C)Cc2ccccc2)cc1,False
ZEMPGLFHJOJMQU-UHFFFAOYSA-N,1,7.58503,7.58503,,7.58503,7.58503,0.0,0.0,COc1ccc(C(=O)NC(=S)NCCOCCN(C)Cc2ccccc2)cc1,False
ADVZBBJOYBSROZ-UHFFFAOYSA-N,1,7.52288,7.52288,,7.52288,7.52288,0.0,0.0,CN(CCOCCNC(=S)NC(=O)c1ccc(Cl)cc1)Cc1ccccc1,False
SYZVDDNPSVYYEO-UHFFFAOYSA-N,1,7.82391,7.82391,,7.82391,7.82391,0.0,0.0,CN(CCOCCNC(=S)NC(=O)c1cccc([N+](=O)[O-])c1)Cc1ccccc1,False
XRBNRPQFWXMTTE-UHFFFAOYSA-N,1,7.25964,7.25964,,7.25964,7.25964,0.0,0.0,CN(CCOCCNC(=S)NC(=O)c1ccc(Cl)c(Cl)c1)Cc1ccccc1,False
ZBLLEFQVHGEIDU-UHFFFAOYSA-N,1,6.63827,6.63827,,6.63827,6.63827,0.0,0.0,CN(CCOCCNC(=S)NC(=O)c1ccc(-c2ccccc2)cc1)Cc1ccccc1,False
COHWMQXSPQSORZ-UHFFFAOYSA-N,1,7.0,7.0,,7.0,7.0,0.0,0.0,CN(CCOCCNC(=S)NC(=O)c1ccc2ccccc2c1)Cc1ccccc1,False
QDMQSDWGWSGNCC-UHFFFAOYSA-N,1,7.52288,7.52288,,7.52288,7.52288,0.0,0.0,CN(CCOCCNC(=S)NC(=O)c1ccc2c(c1)C(=O)c1ccccc1-2)Cc1ccccc1,False
SSLBYIAJNRQECX-UHFFFAOYSA-N,1,8.22185,8.22185,,8.22185,8.22185,0.0,0.0,CN(CCOCCNC(=S)NC(=O)c1ccc2c(c1)C(=O)c1ccccc1C2=O)Cc1ccccc1,False
GHQMZWFMHBZRED-UHFFFAOYSA-N,1,5.95861,5.95861,,5.95861,5.95861,0.0,0.0,CN(CCOCCCNC(=S)NC(=O)c1ccccc1)Cc1ccccc1,False
HBRMXZZVKFXPPL-UHFFFAOYSA-N,1,7.88606,7.88606,,7.88606,7.88606,0.0,0.0,CN(CCOCCNC(=S)NC(=O)c1ccccc1)C1CCCCC1,False
YXIDPUJWSXNQBE-UHFFFAOYSA-N,1,5.74473,5.74473,,5.74473,5.74473,0.0,0.0,CN(CCOCCNC(=S)Nc1ccc(Cl)cc1)Cc1ccccc1,False
QWSNDOLNOYZUGA-UHFFFAOYSA-N,1,5.0,5.0,,5.0,5.0,0.0,0.0,CN(CCOCCNC(=S)Nc1cccc2ccccc12)Cc1ccccc1,False
IIFXEZWTVNGNEY-UHFFFAOYSA-N,1,5.82391,5.82391,,5.82391,5.82391,0.0,0.0,COc1ccc(NC(=S)NCCOCCN(C)Cc2cccc([N+](=O)[O-])c2)cc1OC,False
RTBUCTZBKMKWAW-UHFFFAOYSA-N,1,6.0,6.0,,6.0,6.0,0.0,0.0,CN(CCOCCNC(=S)Nc1ccc(OC(F)(F)F)cc1)Cc1ccccc1,False
UQQDDFLWSGLUNL-UHFFFAOYSA-N,1,5.39794,5.39794,,5.39794,5.39794,0.0,0.0,CN(CCOCCNC(=S)Nc1ccccn1)Cc1ccccc1,False
TWNJMCYHYFBDME-UHFFFAOYSA-N,1,5.85387,5.85387,,5.85387,5.85387,0.0,0.0,CN(CCOCCNC(=S)NC1CCCCC1)Cc1ccccc1,False
HRQGWHKVUGNVNC-UHFFFAOYSA-N,1,5.0,5.0,,5.0,5.0,0.0,0.0,CCN(CCOCCNC(=O)NCc1ccccc1)CC1CCCCC1,False
IMHFZSFLUOAPRH-UHFFFAOYSA-N,1,5.63827,5.63827,,5.63827,5.63827,0.0,0.0,CN(CCOCCNC(=O)Nc1ccc([N+](=O)[O-])cc1)Cc1ccccc1,False
ZEYCLUAFGXAMIV-UHFFFAOYSA-N,1,6.49621,6.49621,,6.49621,6.49621,0.0,0.0,NCCCCCCCNc1c2c(nc3ccccc13)CCCC2,False
LFBAUYQQFKFFCF-UHFFFAOYSA-N,1,7.05061,7.05061,,7.05061,7.05061,0.0,0.0,NCCCCCCCCNc1c2c(nc3ccccc13)CCCC2,False
BMSMAYYXXZZRQN-UHFFFAOYSA-N,1,6.88273,6.88273,,6.88273,6.88273,0.0,0.0,NCCCCCCCCCNc1c2c(nc3ccccc13)CCCC2,False
ZKQCXLRXJGGZDE-UHFFFAOYSA-N,1,6.83268,6.83268,,6.83268,6.83268,0.0,0.0,NCCCCCCCCCCNc1c2c(nc3ccccc13)CCCC2,False
AUWJPKWQQCCYFJ-UHFFFAOYSA-N,1,6.74473,6.74473,,6.74473,6.74473,0.0,0.0,NCCCCCCCCCCCCNc1c2c(nc3ccccc13)CCCC2,False
IQWZFJFZIOQWMO-UHFFFAOYSA-N,1,7.284,7.284,,7.284,7.284,0.0,0.0,CN(C)CCCCCCCNc1c2c(nc3ccccc13)CCCC2,False
YBHMQTHNPQNNEB-UHFFFAOYSA-N,1,7.3279,7.3279,,7.3279,7.3279,0.0,0.0,CN(C)CCCCCCCCNc1c2c(nc3ccccc13)CCCC2,False
LNABAEDQNVYLMM-UHFFFAOYSA-N,1,7.14874,7.14874,,7.14874,7.14874,0.0,0.0,CN(C)CCCCCCCCCNc1c2c(nc3ccccc13)CCCC2,False
MKWXVXAJEIRGML-UHFFFAOYSA-N,1,7.34679,7.34679,,7.34679,7.34679,0.0,0.0,CN(C)CCCCCCCCCCNc1c2c(nc3ccccc13)CCCC2,False
RHFKCHRCTNMGMF-UHFFFAOYSA-N,1,6.5784,6.5784,,6.5784,6.5784,0.0,0.0,CN(C)CCCCCCCCCCCCNc1c2c(nc3ccccc13)CCCC2,False
DAKMZCNUVKKBIH-UHFFFAOYSA-N,1,7.89279,7.89279,,7.89279,7.89279,0.0,0.0,c1ccc2c(NCCCCCCCNc3ccncc3)c3c(nc2c1)CCCC3,False
HAAQFCDOAGMIPV-UHFFFAOYSA-N,1,7.86646,7.86646,,7.86646,7.86646,0.0,0.0,c1ccc2c(NCCCCCCCCNc3ccncc3)c3c(nc2c1)CCCC3,False
SOARTDIDZFKTKX-UHFFFAOYSA-N,1,7.08092,7.08092,,7.08092,7.08092,0.0,0.0,c1ccc2c(NCCCCCCCCCNc3ccncc3)c3c(nc2c1)CCCC3,False
VJYJWGAJWFCCLU-UHFFFAOYSA-N,1,6.75449,6.75449,,6.75449,6.75449,0.0,0.0,c1ccc2c(NCCCCCCCCCCNc3ccncc3)c3c(nc2c1)CCCC3,False
RSFASIHHCGSKEP-UHFFFAOYSA-N,1,6.58336,6.58336,,6.58336,6.58336,0.0,0.0,c1ccc(NCCCCCCCCCCCCNc2c3c(nc4ccccc24)CCCC3)cc1,False
CRJKPYBOKIRWEV-UHFFFAOYSA-N,1,7.99568,7.99568,,7.99568,7.99568,0.0,0.0,c1ccc2c(NCCCCCCCNc3c4c(nc5ccccc35)CCCC4)ccnc2c1,False
UNVOAAWEEGAXTN-UHFFFAOYSA-N,1,8.05552,8.05552,,8.05552,8.05552,0.0,0.0,c1ccc2c(NCCCCCCCCNc3c4c(nc5ccccc35)CCCC4)ccnc2c1,False
NPGXFJUCABRJKY-UHFFFAOYSA-N,1,7.42022,7.42022,,7.42022,7.42022,0.0,0.0,c1ccc2c(NCCCCCCCCCNc3c4c(nc5ccccc35)CCCC4)ccnc2c1,False
GYSCQDBTSDBCGY-UHFFFAOYSA-N,3,5.35655,5.986993333333333,1.0953651269934301,5.35262,7.25181,0.003930000000000433,1.89919,Nc1c2c(nc3ccccc13)CCC2,False
GOXLVSZAUDIXPN-UHFFFAOYSA-N,1,7.40894,7.40894,,7.40894,7.40894,0.0,0.0,Nc1c2c(nc3ccccc13)CCCCC2,False
MOYCAFZXXXJGSU-UHFFFAOYSA-N,1,5.04096,5.04096,,5.04096,5.04096,0.0,0.0,Nc1c2c(nc3ccccc13)CCCCCC2,False
OEZAABQDNYILBC-UHFFFAOYSA-N,1,4.3279,4.3279,,4.3279,4.3279,0.0,0.0,COc1ccc2c(c1)CCc1c-2nc2ccccc2c1N,False
CNACZOSGTBZLLB-UHFFFAOYSA-N,1,4.16241,4.16241,,4.16241,4.16241,0.0,0.0,COc1ccc2c(c1)CCCc1c-2nc2ccccc2c1N,False
KNVYGKRLWWWPMH-UHFFFAOYSA-N,1,4.41794,4.41794,,4.41794,4.41794,0.0,0.0,Nc1c2c(nc3ccccc13)CCCc1ccccc1-2,False
DWFSIOVCWIRSFW-UHFFFAOYSA-N,1,4.15864,4.15864,,4.15864,4.15864,0.0,0.0,Nc1c2c(nc3ccccc13)-c1ccccc1NCC2,False
KAJOBKYNCXLYHH-UHFFFAOYSA-N,1,4.04096,4.04096,,4.04096,4.04096,0.0,0.0,CCCCC1(O)c2nc3ccccc3c(N)c2CC1C,False
JDBFUNKEBJSDBO-UHFFFAOYSA-N,1,5.45593,5.45593,,5.45593,5.45593,0.0,0.0,CC1=C(C)c2nc3ccccc3c(N)c2C1,False
GIQPLFPYJMGTFV-UHFFFAOYSA-N,1,4.60206,4.60206,,4.60206,4.60206,0.0,0.0,CCCCC1=C(C)Cc2c1nc1ccccc1c2N,False
MXRJUMCOVVUCLC-UHFFFAOYSA-N,1,6.82391,6.82391,,6.82391,6.82391,0.0,0.0,O=C1c2ccccc2CC1CC1CCN(c2ccccc2)CC1,False
PTCACPKCJXNQCA-UHFFFAOYSA-N,1,5.67778,5.67778,,5.67778,5.67778,0.0,0.0,O=C1c2ccccc2CCC1CC1CCN(c2ccccc2)CC1,False
VRIRSGPSYJRDTE-UHFFFAOYSA-N,1,4.82391,4.82391,,4.82391,4.82391,0.0,0.0,O=C1c2ccccc2CCCC1CC1CCN(c2ccccc2)CC1,False
PUIMXWDMXXGCOQ-UHFFFAOYSA-N,1,8.24413,8.24413,,8.24413,8.24413,0.0,0.0,COc1cc2c(cc1OC)C(=O)C(CC1CCN(c3ccccc3)CC1)C2,False
SSBYUQPQURUNFB-UHFFFAOYSA-N,1,6.52288,6.52288,,6.52288,6.52288,0.0,0.0,COc1cc2c(cc1OC)C(O)C(CC1CCN(c3ccccc3)CC1)C2,False
FZSQYWVGOUKAEU-UHFFFAOYSA-N,1,5.35655,5.35655,,5.35655,5.35655,0.0,0.0,COc1cc2c(cc1OC)CC(CC1CCN(c3ccccc3)CC1)=C2,False
YLTHGBHVBCBJTO-UHFFFAOYSA-N,1,7.6073,7.6073,,7.6073,7.6073,0.0,0.0,CNC(=O)Oc1cccc(CN(C)CCCOc2ccc(Cc3ccccc3)cc2)c1,False
DPFDEENBDAFSHC-UHFFFAOYSA-N,1,6.49485,6.49485,,6.49485,6.49485,0.0,0.0,Cc1cc(-c2ccccc2)n[nH]c1=NCCC1CCN(Cc2ccccc2)CC1,False
VPUCFTPWWMDXSU-UHFFFAOYSA-N,1,6.36653,6.36653,,6.36653,6.36653,0.0,0.0,CC(C)c1cc(-c2ccccc2)n[nH]c1=NCCC1CCN(Cc2ccccc2)CC1,False
QDPFLDICHQNBMJ-UHFFFAOYSA-N,1,7.21467,7.21467,,7.21467,7.21467,0.0,0.0,CCCc1cc(=NCCC2CCN(Cc3ccccc3)CC2)[nH]nc1-c1ccccc1,False
QQCCOTBRJNQDJR-UHFFFAOYSA-N,1,6.35655,6.35655,,6.35655,6.35655,0.0,0.0,c1ccc(CN2CCC(CCN=c3[nH]nc(-c4ccccc4)c4ccccc34)CC2)cc1,False
OTTDOZLQGARJRG-UHFFFAOYSA-N,1,6.9393,6.9393,,6.9393,6.9393,0.0,0.0,c1ccc2c(NCCCCCCNc3c4c(nc5ccccc35)CCC4)c3c(nc2c1)CCC3,False
CJYZVXNYXSEUCW-UHFFFAOYSA-N,1,7.12494,7.12494,,7.12494,7.12494,0.0,0.0,c1ccc2c(NCCCCCCCNc3c4c(nc5ccccc35)CCC4)c3c(nc2c1)CCC3,False
KBQNIGWBLLTLRQ-UHFFFAOYSA-N,1,7.65758,7.65758,,7.65758,7.65758,0.0,0.0,c1ccc2c(NCCCCCCCCNc3c4c(nc5ccccc35)CCC4)c3c(nc2c1)CCC3,False
IYNUCVAQGDCTFO-UHFFFAOYSA-N,1,8.85387,8.85387,,8.85387,8.85387,0.0,0.0,c1ccc2c(NCCCCCCNc3c4c(nc5ccccc35)CCCC4)c3c(nc2c1)CCCC3,False
ZIDVXYDWJIVBSC-UHFFFAOYSA-N,1,8.79588,8.79588,,8.79588,8.79588,0.0,0.0,c1ccc2c(NCCCCCCCCNc3c4c(nc5ccccc35)CCCC4)c3c(nc2c1)CCCC3,False
RNCHLHHWJBXPLK-UHFFFAOYSA-N,1,9.04576,9.04576,,9.04576,9.04576,0.0,0.0,Fc1ccc2c(NCCCCCCNc3c4c(nc5cc(F)ccc35)CCCC4)c3c(nc2c1)CCCC3,False
MWRCDYACTUEODY-UHFFFAOYSA-N,1,9.22185,9.22185,,9.22185,9.22185,0.0,0.0,Fc1ccc2c(NCCCCCCCNc3c4c(nc5cc(F)ccc35)CCCC4)c3c(nc2c1)CCCC3,False
LGPLUMZTSHOAFT-UHFFFAOYSA-N,1,9.1549,9.1549,,9.1549,9.1549,0.0,0.0,Fc1ccc2c(NCCCCCCCCNc3c4c(nc5cc(F)ccc35)CCCC4)c3c(nc2c1)CCCC3,False
IXRJZUFMXJZPOC-UHFFFAOYSA-N,1,9.22185,9.22185,,9.22185,9.22185,0.0,0.0,Clc1ccc2c(NCCCCCCNc3c4c(nc5cc(Cl)ccc35)CCCC4)c3c(nc2c1)CCCC3,False
UAGMFLGLVVWYFR-UHFFFAOYSA-N,1,10.1549,10.1549,,10.1549,10.1549,0.0,0.0,Clc1ccc2c(NCCCCCCCNc3c4c(nc5cc(Cl)ccc35)CCCC4)c3c(nc2c1)CCCC3,False
VPKBEAWMABSKGC-UHFFFAOYSA-N,1,9.52288,9.52288,,9.52288,9.52288,0.0,0.0,Clc1ccc2c(NCCCCCCCCNc3c4c(nc5cc(Cl)ccc35)CCCC4)c3c(nc2c1)CCCC3,False
OYFQRIHSVKLETO-UHFFFAOYSA-N,1,8.31876,8.31876,,8.31876,8.31876,0.0,0.0,c1cnc2nc3c(c(NCCCCCCNc4c5c(nc6ncccc46)CCCC5)c2c1)CCCC3,False
CFMNRJWKHXEFOQ-UHFFFAOYSA-N,1,8.88606,8.88606,,8.88606,8.88606,0.0,0.0,c1cnc2nc3c(c(NCCCCCCCNc4c5c(nc6ncccc46)CCCC5)c2c1)CCCC3,False
WHXABAAQSUQJBY-UHFFFAOYSA-N,1,8.72125,8.72125,,8.72125,8.72125,0.0,0.0,c1cnc2nc3c(c(NCCCCCCCCNc4c5c(nc6ncccc46)CCCC5)c2c1)CCCC3,False
CUNSKXFDFJIUPQ-UHFFFAOYSA-N,1,8.60206,8.60206,,8.60206,8.60206,0.0,0.0,c1ccc2c(NCCCCCCNc3c4c(nc5ncccc35)CCCCC4)c3c(nc2c1)CCCCC3,False
SQIANBUOIQPBJW-UHFFFAOYSA-N,1,8.56864,8.56864,,8.56864,8.56864,0.0,0.0,c1ccc2c(NCCCCCCCNc3c4c(nc5ccccc35)CCCCC4)c3c(nc2c1)CCCCC3,False
ZCQVAGLFOBYHQJ-UHFFFAOYSA-N,1,8.79588,8.79588,,8.79588,8.79588,0.0,0.0,c1ccc2c(NCCCCCCCCNc3c4c(nc5ccccc35)CCCCC4)c3c(nc2c1)CCCCC3,False
KSVGHHUWOHOEOT-UHFFFAOYSA-N,1,5.4318,5.4318,,5.4318,5.4318,0.0,0.0,Cc1ccc2nc3c(c(Nc4ccccc4)c2c1)CCCC3,False
DZAMPWWGUXWQMU-UHFFFAOYSA-N,1,6.12494,6.12494,,6.12494,6.12494,0.0,0.0,Cc1ccc2c(Nc3ccccc3)c3c(nc2c1)CCCC3,False
DCFJPBOHDHFDCM-UHFFFAOYSA-N,1,6.76955,6.76955,,6.76955,6.76955,0.0,0.0,Clc1ccc2c(Nc3ccccc3)c3c(nc2c1)CCCC3,False
KSWCPMXQTLATNQ-UHFFFAOYSA-N,1,5.79588,5.79588,,5.79588,5.79588,0.0,0.0,O=[N+]([O-])c1ccc2nc3c(c(Nc4ccccc4)c2c1)CCCC3,False
NAXCYQYLDAKXOO-UHFFFAOYSA-N,1,5.31876,5.31876,,5.31876,5.31876,0.0,0.0,O=[N+]([O-])c1ccc2c(Nc3ccccc3)c3c(nc2c1)CCCC3,False
YMJAIDWXOYOGGU-QFEZKATASA-N,1,8.52433,8.52433,,8.52433,8.52433,0.0,0.0,CNC(=O)Oc1cccc(CN(C)CCCOc2ccc3c(c2)O/C(=C\c2cc(O)c(O)c(O)c2)C3=O)c1,False
VEFMPDZVTZNAQM-MIXAMLLLSA-N,1,9.284,9.284,,9.284,9.284,0.0,0.0,CNC(=O)Oc1cccc(CN(C)CCCCCCCOc2ccc3c(c2)O/C(=C\c2cc(O)c(O)c(O)c2)C3=O)c1,False
JRUNUWICCWKNEM-XSVYLIDLSA-N,1,8.67985,8.67985,,8.67985,8.67985,0.0,0.0,CNC(=O)Oc1cccc(CN(C)CCCCCCCOc2ccc3c(c2)O/C(=C\c2ccc4ccccc4c2)C3=O)c1,False
WCSMOXXDYDOEJZ-MFKUBSTISA-N,1,8.74473,8.74473,,8.74473,8.74473,0.0,0.0,CNC(=O)Oc1cccc(CN(C)CCCCCCCOc2ccc3c(c2)C/C(=C\c2cc(O)c(O)c(O)c2)C3=O)c1,False
JXBQVNZMJKKIMS-IWIPYMOSSA-N,1,8.00833,8.00833,,8.00833,8.00833,0.0,0.0,CNC(=O)Oc1cccc(CN(C)CCCCCCCOc2ccc3c(c2)OC/C(=C/c2cc(O)c(O)c(O)c2)C3=O)c1,False
GQCOATKLTLZXLW-ONUIUJJFSA-N,1,8.30627,8.30627,,8.30627,8.30627,0.0,0.0,CNC(=O)Oc1cccc(CN(C)CCCCCCCOc2ccc3c(c2)CC/C(=C/c2cc(O)c(O)c(O)c2)C3=O)c1,False
OGPXTGFJHPRGJU-UHFFFAOYSA-N,1,5.79317,5.79317,,5.79317,5.79317,0.0,0.0,CNC(=O)Oc1cccc(CN(C)CCCCCCCOc2ccc3c(c2)OCC3=O)c1,False
YYNNNHICPRTURU-UHFFFAOYSA-N,1,7.1549,7.1549,,7.1549,7.1549,0.0,0.0,O=C(CCc1c[nH]c2ccccc12)NCCCCCNc1c2c(nc3ccccc13)CCCC2,False
MZIDLDQPPBIKHJ-UHFFFAOYSA-N,1,8.39794,8.39794,,8.39794,8.39794,0.0,0.0,O=C(CCc1c[nH]c2ccccc12)NCCCCCNc1c2c(nc3cc(Cl)ccc13)CCCC2,False
NTISYWBCRKDSDB-UHFFFAOYSA-N,1,10.69897,10.69897,,10.69897,10.69897,0.0,0.0,O=C(CCc1c[nH]c2ccccc12)NCCCCCCNc1c2c(nc3ccccc13)CCCC2,False
UGBNXSYMNXHJKM-UHFFFAOYSA-N,1,10.22185,10.22185,,10.22185,10.22185,0.0,0.0,O=C(CCc1c[nH]c2ccccc12)NCCCCCCCNc1c2c(nc3ccccc13)CCCC2,False
CANCFHBYJYSQSR-UHFFFAOYSA-N,1,9.30103,9.30103,,9.30103,9.30103,0.0,0.0,O=C(CCc1c[nH]c2ccccc12)NCCCCCCCCNc1c2c(nc3cc(Cl)ccc13)CCCC2,False
BKAXAPFSKYIFDF-UHFFFAOYSA-N,1,8.35655,8.35655,,8.35655,8.35655,0.0,0.0,O=C(CCc1c[nH]c2ccccc12)NCCCCCCCCCNc1c2c(nc3cc(Cl)ccc13)CCCC2,False
MBPKTUUBOVNOPG-UHFFFAOYSA-N,1,7.65956,7.65956,,7.65956,7.65956,0.0,0.0,O=C(CCc1c[nH]c2ccccc12)NCCCCCCCCCCNc1c2c(nc3cc(Cl)ccc13)CCCC2,False
YIFIESCJSCAHBP-UHFFFAOYSA-N,1,6.83268,6.83268,,6.83268,6.83268,0.0,0.0,CN(CCCNC(=O)CCc1c[nH]c2ccccc12)CCCNc1c2c(nc3ccccc13)CCCC2,False
ZNDUXFVNQAAWFO-UHFFFAOYSA-N,1,8.5376,8.5376,,8.5376,8.5376,0.0,0.0,CN(CCCNC(=O)CCc1c[nH]c2ccccc12)CCCNc1c2c(nc3cc(Cl)ccc13)CCCC2,False
PBSOJOMZHQNAPL-UHFFFAOYSA-N,1,9.1549,9.1549,,9.1549,9.1549,0.0,0.0,N#Cc1ccc2[nH]cc(CCC(=O)NCCCCCCNc3c4c(nc5cc(Cl)ccc35)CCCC4)c2c1,False
GFHYZPMZHCOIER-DTQAZKPQSA-N,1,7.74473,7.74473,,7.74473,7.74473,0.0,0.0,O=C(/C=C/c1c[nH]c2ccccc12)NCCCCCCNc1c2c(nc3cc(Cl)ccc13)CCCC2,False
WRZLBZPGOSUCKT-UHFFFAOYSA-N,1,6.74473,6.74473,,6.74473,6.74473,0.0,0.0,O=C(NCCCCCNc1c2c(nc3cc(Cl)ccc13)CCCC2)c1c[nH]c2ccccc12,False
BNYZFCXUCLRASW-UHFFFAOYSA-N,1,7.48149,7.48149,,7.48149,7.48149,0.0,0.0,O=C(NCCCCCCNc1c2c(nc3cc(Cl)ccc13)CCCC2)c1c[nH]c2ccccc12,False
FAYCJMALFQZDBF-UHFFFAOYSA-N,1,7.4437,7.4437,,7.4437,7.4437,0.0,0.0,O=C(NCCCCCCCNc1c2c(nc3cc(Cl)ccc13)CCCC2)c1c[nH]c2ccccc12,False
NTWXQLUPCDPUOH-UHFFFAOYSA-N,1,7.33724,7.33724,,7.33724,7.33724,0.0,0.0,O=C(NCCCCCCCCNc1c2c(nc3cc(Cl)ccc13)CCCC2)c1c[nH]c2ccccc12,False
XXQFKMLSSFZKTL-UHFFFAOYSA-N,1,9.30103,9.30103,,9.30103,9.30103,0.0,0.0,O=C(CCCc1c[nH]c2ccccc12)NCCCCCCNc1c2c(nc3cc(Cl)ccc13)CCCC2,False
XLZKWRHITDAXOX-UHFFFAOYSA-N,1,7.96257,7.96257,,7.96257,7.96257,0.0,0.0,Cn1cc(C(=O)NCCCCCCCNc2c3c(nc4cc(Cl)ccc24)CCCC3)c2ccccc21,False
XYRVXZVCEIJZMQ-UHFFFAOYSA-N,1,7.02228,7.02228,,7.02228,7.02228,0.0,0.0,O=C(NCCCCCCCNc1c2c(nc3cc(Cl)ccc13)CCCC2)c1n[nH]c2ccccc12,False
IXKSPYNBVOXXMS-UHFFFAOYSA-N,1,8.82391,8.82391,,8.82391,8.82391,0.0,0.0,O=C(CCOCCc1c[nH]c2ccccc12)NCCCCCNc1c2c(nc3cc(Cl)ccc13)CCCC2,False
YQQLXSBICNXWQG-UHFFFAOYSA-N,1,9.1549,9.1549,,9.1549,9.1549,0.0,0.0,O=C(CCOCCc1c[nH]c2ccccc12)NCCCCCCNc1c2c(nc3cc(Cl)ccc13)CCCC2,False
QUZYOFQJXMGVPT-UHFFFAOYSA-N,1,8.52288,8.52288,,8.52288,8.52288,0.0,0.0,O=C(CCOCCc1c[nH]c2ccccc12)NCCCCCCCNc1c2c(nc3cc(Cl)ccc13)CCCC2,False
SCEVFJUWLLRELN-UHFFFAOYSA-N,1,6.22915,6.22915,,6.22915,6.22915,0.0,0.0,O=C(Nc1cccc(C2=NCCN2)c1)Nc1cccc(C2=NCCN2)c1,False
FOCBRSKUUQCFGB-UHFFFAOYSA-N,1,6.20761,6.20761,,6.20761,6.20761,0.0,0.0,CC(Cc1ccc(O)cc1)C1CCC(C)C(c2ccc(O)cc2)C1,False
BVPWJMCABCPUQY-UHFFFAOYSA-N,1,6.05061,6.05061,,6.05061,6.05061,0.0,0.0,COc1cc(N)c(Cl)cc1C(=O)NC1CCN(Cc2ccccc2)CC1,False
LQIUNNAXCPNEBY-UHFFFAOYSA-N,1,5.88606,5.88606,,5.88606,5.88606,0.0,0.0,CC(C)Cc1ccc(C(=O)CC(Sc2ccccc2N)c2cccc([N+](=O)[O-])c2)cc1,False
IRUQUDYGEDZCLL-UHFFFAOYSA-N,1,5.60206,5.60206,,5.60206,5.60206,0.0,0.0,Cc1ccc(S(=O)(=O)N(Cc2ccccc2)c2ccc(N)cc2O)cc1,False
MMEREBMEEJFGDP-UHFFFAOYSA-N,1,5.58503,5.58503,,5.58503,5.58503,0.0,0.0,Cc1nn(S(=O)(=O)c2cc(C(F)(F)F)cc(C(F)(F)F)c2)cc1-c1nsc(Nc2ccccc2)n1,False
PNPNALAFJBTBHH-UHFFFAOYSA-N,1,5.5376,5.5376,,5.5376,5.5376,0.0,0.0,O=C(CC1S/C(=N/c2ccc(C3CCCCC3)cc2)NC1=O)Nc1ccc(OC(F)(F)F)cc1,False
HYERRBRKDRGAKZ-UHFFFAOYSA-N,1,5.38722,5.38722,,5.38722,5.38722,0.0,0.0,Oc1ccc(C2CC(c3ccccc3O)=Nc3ccccc3S2)cc1,False
VKJNTWUNVOZAFH-AUEPDCJTSA-N,1,5.17393,5.17393,,5.17393,5.17393,0.0,0.0,C/C(=N\O)c1ccc(Cl)c(NC(=O)c2c(-c3ccccc3Cl)noc2C)c1,False
PJQUGBXJLUQYRX-UHFFFAOYSA-N,1,5.09691,5.09691,,5.09691,5.09691,0.0,0.0,Fc1ccc(N(Cc2ccc3c(c2)OCO3)C(=S)Nc2cccc(C(F)(F)F)c2)cc1,False
KTSWYJBLLHNRLO-UHFFFAOYSA-N,1,5.07058,5.07058,,5.07058,5.07058,0.0,0.0,COc1ccc(-c2cc(-c3ccc(N(C)C)cc3)nc(NS(=O)(=O)c3ccc(NC(C)=O)cc3)n2)cc1,False
ZCSFAVIUEZASJD-UHFFFAOYSA-N,1,4.88606,4.88606,,4.88606,4.88606,0.0,0.0,CCCc1cc(N2CCC=N2)ccc1C(=O)O/N=C(\N)c1ccc(C(F)(F)F)cc1,False
XIHHTRFAFJNCHR-LPHFKDDMSA-N,1,4.85387,4.85387,,4.85387,4.85387,0.0,0.0,COc1ccc(/N=C/c2cn(-c3ccc(OC)cc3)cc2/C=N/c2ccc(OC)cc2)cc1,False
BWCAVNWKMVHLFW-UHFFFAOYSA-N,1,4.82391,4.82391,,4.82391,4.82391,0.0,0.0,Cc1cc(C2(c3cc(C)c(O)c(C)c3)CCCCC2)cc(C)c1O,False
RDULWXCBBSHYJV-FOKLQQMPSA-N,1,4.79588,4.79588,,4.79588,4.79588,0.0,0.0,Cc1c(/N=C/c2ccccc2O)cc2c(c1N)C(C)(C)CC2(C)C,False
JLQIGMKUPIXLLP-UHFFFAOYSA-N,1,4.65758,4.65758,,4.65758,4.65758,0.0,0.0,CN(C)c1ccc(-c2c3cc(O)c(=O)cc-3oc3cc(O)c(O)cc23)cc1,False
RGBJQYJSMTZURL-UHFFFAOYSA-N,1,4.56864,4.56864,,4.56864,4.56864,0.0,0.0,Cc1nc(N)ncc1-c1nnnn1-c1ccc(-c2ccccc2)cc1,False
LSHVYAFMTMFKBA-UHFFFAOYSA-N,1,4.55284,4.55284,,4.55284,4.55284,0.0,0.0,O=C(OC1Cc2c(O)cc(O)cc2OC1c1ccc(O)c(O)c1)c1cc(O)c(O)c(O)c1,False
YZEBCQMSYNIRDF-UHFFFAOYSA-N,1,8.25964,8.25964,,8.25964,8.25964,0.0,0.0,Oc1c(CNCCCCCCCCCNc2c3c(nc4ccccc24)CCCC3)ccc2cccnc12,False
KDCDKEGHPMCTKJ-UHFFFAOYSA-N,1,9.30103,9.30103,,9.30103,9.30103,0.0,0.0,Cc1ccc2ccc(CNCCCCCCCCNc3c4c(nc5ccccc35)CCCC4)c(O)c2n1,False
WBQRDKIQMPMEDD-UHFFFAOYSA-N,1,9.0,9.0,,9.0,9.0,0.0,0.0,Oc1c(CNCCCCCCCCCNc2c3c(nc4ccccc24)CCCC3)cc(Cl)c2cccnc12,False
MCJGNVYPOGVAJF-UHFFFAOYSA-N,1,7.0,7.0,,7.0,7.0,0.0,0.0,Oc1cccc2cccnc12,False
YNGSTYODGGYXSA-UHFFFAOYSA-N,1,5.60206,5.60206,,5.60206,5.60206,0.0,0.0,CN(C)c1cccc(OC(=O)Nc2ccccc2)c1,False
CQGHRZNZXOPOFO-UHFFFAOYSA-N,1,5.727,5.727,,5.727,5.727,0.0,0.0,COS(=O)(=O)[O-].C[N+](C)(C)c1cccc(OC(=O)Nc2ccccc2)c1,False
UPRPNGGSKFBCOW-UHFFFAOYSA-N,1,4.52288,4.52288,,4.52288,4.52288,0.0,0.0,O=C(Nc1ccccc1)Oc1cccnc1,False
HFCGFRPAGMNQAZ-UHFFFAOYSA-O,1,4.52288,4.52288,,4.52288,4.52288,0.0,0.0,C[n+]1cccc(OC(=O)Nc2ccccc2)c1,False
QFIKEMJSULRLJK-QWAKEFERSA-O,1,7.59517,7.59517,,7.59517,7.59517,0.0,0.0,CN1c2ccc(OC(=O)Nc3ccccc3)cc2[C@]2(C)CC[N+](C)(C)C12,False
XHZNIFLABLRQGZ-IAXKEJLGSA-O,1,7.83565,7.83565,,7.83565,7.83565,0.0,0.0,Cc1ccccc1NC(=O)Oc1ccc2c(c1)[C@]1(C)CC[N+](C)(C)C1N2C,False
IZIGCHHIRHKMJQ-GITCGBDTSA-O,1,6.83863,6.83863,,6.83863,6.83863,0.0,0.0,CC(C)c1ccc(NC(=O)Oc2ccc3c(c2)[C@]2(C)CC[N+](C)(C)C2N3C)cc1,False
QAOKOBSRMLDYEY-WWKUNUPPSA-O,1,6.52288,6.52288,,6.52288,6.52288,0.0,0.0,CC(C)c1ccc(NC(=O)Oc2ccc3c(c2)[C@]2(C)CC[N+](C)(CCc4ccccc4)C2N3C)cc1,False
WWDYNLRLCYEISG-UHFFFAOYSA-N,1,6.30103,6.30103,,6.30103,6.30103,0.0,0.0,O=C(CCCN1C(=O)c2ccccc2C1=O)N1CCCCCC1,False
XLACNYANFVDSES-UHFFFAOYSA-N,1,8.1549,8.1549,,8.1549,8.1549,0.0,0.0,CCOC(=O)C1=CN(C)c2cccc(OC(=O)N(C)C)c2C1,False
PFKPSOFWIQHOEE-ZANVPECISA-N,1,8.09098,8.09098,,8.09098,8.09098,0.0,0.0,CNC(=O)Oc1ccc2c(c1)SC[C@@H]1CCN(C)[C@H]21,False
RIJIUXWTQZLGEH-YGRLFVJLSA-N,1,7.76195,7.76195,,7.76195,7.76195,0.0,0.0,CNC(=O)Oc1ccc2c(c1)CC[C@@H]1CCN(C)[C@H]21,False
AZSNSMQGNNSLPD-CYBMUJFWSA-N,1,7.49485,7.49485,,7.49485,7.49485,0.0,0.0,C[C@H](c1cccc(OC(=O)N(C)C)c1)N1CCCCC1,False
WWDUYDXEHWHZTJ-BHYZAODMSA-N,1,4.38584,4.38584,,4.38584,4.38584,0.0,0.0,C[C@@]12CCN(Cc3ccccc3)[C@@H]1N(Cc1ccccc1)c1ccc(OC(=O)Nc3ccccc3)cc12,False
PIJVFDBKTWXHHD-UKRRQHHQSA-N,1,5.00494,5.00494,,5.00494,5.00494,0.0,0.0,CNC(=O)Oc1ccc2c(c1)[C@@]1(C)CCN(C)[C@@H]1N2C,False
NGUSEKDHYWDTPQ-UHFFFAOYSA-N,1,5.36653,5.36653,,5.36653,5.36653,0.0,0.0,CC(C)c1ccc(NC(=O)Oc2ccc3c(c2)C2(C)COC(O3)O2)cc1,False
YSZQKPILONCHJM-VPUSJEBWSA-N,1,5.44855,5.44855,,5.44855,5.44855,0.0,0.0,CNC(=O)Oc1ccc2c(c1)[C@]1(C)CCN(Cc3ccccc3)[C@@H]1N2Cc1ccccc1,False
LMOCORHCUOWHJF-UHFFFAOYSA-N,1,5.48017,5.48017,,5.48017,5.48017,0.0,0.0,O=C(Nc1ccccc1Cl)Oc1ccc2c(c1)CCCN2Cc1ccccc1,False
BLIZSWJUMPREPD-HIFRSBDPSA-N,1,5.60206,5.60206,,5.60206,5.60206,0.0,0.0,CNC(=O)Oc1ccc2c(c1)[C@]1(C)CCN(C)[C@@H]1N2C=O,False
HFXBBZYSRYHHRW-MJGOQNOKSA-N,1,6.08092,6.08092,,6.08092,6.08092,0.0,0.0,Cc1ccccc1NC(=O)Oc1ccc2c(c1)[C@]1(C)CCN[C@@H]1N2,False
GGURJTHKBIQYLT-UHFFFAOYSA-N,1,6.41173,6.41173,,6.41173,6.41173,0.0,0.0,CCNC(=O)Oc1ccc2c(c1)C1(C)COC(O2)O1,False
RNBMJTUDVDLVNT-QUCCMNQESA-N,1,6.48149,6.48149,,6.48149,6.48149,0.0,0.0,CN1CC[C@@]2(C)c3cc(OC(=O)Nc4ccccc4)ccc3N(C=O)[C@@H]12,False
UUQLGETXWSEMFB-RSXGOPAZSA-N,1,6.6103,6.6103,,6.6103,6.6103,0.0,0.0,CN1CC[C@@]2(C)c3cc(OC(=O)Nc4ccccc4)ccc3N(Cc3ccccc3)[C@@H]12,False
MFSFKJAYNZMHEN-CTNGQTDRSA-N,1,6.79371,6.79371,,6.79371,6.79371,0.0,0.0,CNC(=O)Oc1ccc2c(c1)[C@]1(C)CCN(C)[C@@H]1N2Cc1ccccc1,False
IIFRKALDATVOJE-GGAORHGYSA-N,1,6.82974,6.82974,,6.82974,6.82974,0.0,0.0,CN1CC[C@@]2(C)c3cc(OC(=O)N4CCc5ccccc5C4)ccc3N(C)[C@@H]12,False
GUHMRCCRDRBMHO-UHFFFAOYSA-N,1,7.0,7.0,,7.0,7.0,0.0,0.0,CNC(=O)Oc1ccc2c(c1)c(C)cn2Nc1ccncc1F,False
GPONHWSDHNCYFZ-JSGCOSHPSA-N,1,7.24642,7.24642,,7.24642,7.24642,0.0,0.0,CNC(=O)Oc1ccc2c(c1)[C@]1(C)CCN(C)[C@@H]1N2,False
ZRWYMOGAPUKQLT-ICSRJNTNSA-N,1,7.39794,7.39794,,7.39794,7.39794,0.0,0.0,Cc1ccccc1NC(=O)Oc1ccc2c(c1)[C@]1(C)CCN(C)[C@@H]1N2,False
IFFPMECCJBRQHX-UHFFFAOYSA-N,1,4.18046,4.18046,,4.18046,4.18046,0.0,0.0,CCNc1c2c(nc3ccc(OC)cc13)CCCC2,False
GFBWOLCGRWIJDE-UHFFFAOYSA-N,1,5.03621,5.03621,,5.03621,5.03621,0.0,0.0,CCCNc1c2c(nc3ccc(OC)cc13)CCCC2,False
ULMHGDVYVGBMQW-UHFFFAOYSA-N,1,4.67778,4.67778,,4.67778,4.67778,0.0,0.0,CCCCNc1c2c(nc3ccc(OC)cc13)CCCC2,False
KBBSAAQAJDSCGH-UHFFFAOYSA-N,1,5.17393,5.17393,,5.17393,5.17393,0.0,0.0,CCCCCNc1c2c(nc3ccc(OC)cc13)CCCC2,False
FHJNAXWWTVBTEP-UHFFFAOYSA-N,2,7.0,7.0,0.0,7.0,7.0,0.0,0.0,CCCCCCNc1c2c(nc3ccc(OC)cc13)CCCC2,False
XRCKCYUZWSKFGD-UHFFFAOYSA-N,2,6.56864,6.56864,0.0,6.56864,6.56864,0.0,0.0,CCCCCCCNc1c2c(nc3ccc(OC)cc13)CCCC2,False
IFHMPKOJBNGXHV-UHFFFAOYSA-N,1,6.4437,6.4437,,6.4437,6.4437,0.0,0.0,CCCCCCCCNc1c2c(nc3ccc(OC)cc13)CCCC2,False
CMKNYPAMAODIKM-UHFFFAOYSA-N,1,5.79588,5.79588,,5.79588,5.79588,0.0,0.0,CCCCCCCCCNc1c2c(nc3ccc(OC)cc13)CCCC2,False
KNARKIHWSODQKK-UHFFFAOYSA-N,1,4.0,4.0,,4.0,4.0,0.0,0.0,CCCCCCCCCCCCCNc1c2c(nc3ccc(OC)cc13)CCCC2,False
YFVGMWQTMYFWMS-UHFFFAOYSA-N,1,6.0,6.0,,6.0,6.0,0.0,0.0,CCCCCCCCCCCCNc1c2c(nc3ccc(OC)cc13)CCCC2,False
SSZMTSDRKKYOHE-UHFFFAOYSA-N,1,4.33724,4.33724,,4.33724,4.33724,0.0,0.0,CCCCCCCCCCCCCCNc1c2c(nc3ccc(OC)cc13)CCCC2,False
APQPVVOYBLOJDY-UHFFFAOYSA-N,5,5.0,4.979926000000001,0.09853099121596215,4.82391,5.09691,0.02118999999999982,0.2730000000000006,COc1ccc2nc3c(c(N)c2c1)CCCC3,False
IQVIPHARSHGADA-UHFFFAOYSA-N,1,5.67366,5.67366,,5.67366,5.67366,0.0,0.0,COc1cc2c(cc1OC)C(=O)C1(C2)C(c2ccc(F)cc2)CN(C)C12C(=O)Nc1ccccc12,False
VVHJGKZGVWBDEY-UHFFFAOYSA-N,1,5.37675,5.37675,,5.37675,5.37675,0.0,0.0,COc1ccc(C2CN(C)C3(C(=O)Nc4ccccc43)C23Cc2cc(OC)c(OC)cc2C3=O)cc1OC,False
JCRKWESNMGTARN-UHFFFAOYSA-N,1,5.50585,5.50585,,5.50585,5.50585,0.0,0.0,COc1cc2c(cc1OC)C(=O)C1(C2)C(c2ccccc2)CN(C)C12C(=O)Nc1ccccc12,False
OCCFQVNBMSSLPG-UHFFFAOYSA-N,1,5.36653,5.36653,,5.36653,5.36653,0.0,0.0,COc1cc2c(cc1OC)C(=O)C1(C2)C(c2ccccc2Cl)CN(C)C12C(=O)Nc1ccccc12,False
DPBIWBJSIRMTTR-UHFFFAOYSA-N,1,5.4318,5.4318,,5.4318,5.4318,0.0,0.0,COc1cc2c(cc1OC)C(=O)C1(C2)C(c2ccc(F)cc2)CN(C)C12C(=O)Nc1ccc(Cl)cc12,False
WGXWWYALJTUFQJ-UHFFFAOYSA-N,1,5.37675,5.37675,,5.37675,5.37675,0.0,0.0,COc1ccc(C2CN(C)C3(C(=O)Nc4ccc(Cl)cc43)C23Cc2cc(OC)c(OC)cc2C3=O)cc1OC,False
FXAYTPDQXQFMLM-UHFFFAOYSA-N,1,4.95078,4.95078,,4.95078,4.95078,0.0,0.0,COc1cc2c(cc1OC)C(=O)C1(C2)C(c2ccccc2)CN(C)C12C(=O)Nc1ccc(Cl)cc12,False
INCLLCIGHHXSPI-UHFFFAOYSA-N,1,5.18046,5.18046,,5.18046,5.18046,0.0,0.0,COc1cc2c(cc1OC)C(=O)C1(C2)C(c2ccccc2Cl)CN(C)C12C(=O)Nc1ccc(Cl)cc12,False
UOCNUTYNIHRYPD-UHFFFAOYSA-N,1,5.0655,5.0655,,5.0655,5.0655,0.0,0.0,COc1cc2c(cc1OC)C(=O)C1(C2)C(c2ccc(F)cc2)CN(C)C12C(=O)Nc1ccc([N+](=O)[O-])cc12,False
QYUROEYAFJQVKH-UHFFFAOYSA-N,1,5.21467,5.21467,,5.21467,5.21467,0.0,0.0,COc1ccc(C2CN(C)C3(C(=O)Nc4ccc([N+](=O)[O-])cc43)C23Cc2cc(OC)c(OC)cc2C3=O)cc1OC,False
AXGSZSMUDFDNJS-UHFFFAOYSA-N,1,4.87943,4.87943,,4.87943,4.87943,0.0,0.0,COc1cc2c(cc1OC)C(=O)C1(C2)C(c2ccccc2)CN(C)C12C(=O)Nc1ccc([N+](=O)[O-])cc12,False
JIRMJXZEKAMOEK-UHFFFAOYSA-N,1,5.11919,5.11919,,5.11919,5.11919,0.0,0.0,COc1cc2c(cc1OC)C(=O)C1(C2)C(c2ccccc2Cl)CN(C)C12C(=O)Nc1ccc([N+](=O)[O-])cc12,False
KEKTVADTRWDTIX-UHFFFAOYSA-N,1,5.16368,5.16368,,5.16368,5.16368,0.0,0.0,COc1cc2c(cc1OC)C(=O)C1(C2)C(c2ccc(F)cc2)C(c2ccccc2)NC12C(=O)Nc1ccccc12,False
SHTVSSZRECVTPJ-UHFFFAOYSA-N,1,5.284,5.284,,5.284,5.284,0.0,0.0,COc1ccc(C2C(c3ccccc3)NC3(C(=O)Nc4ccccc43)C23Cc2cc(OC)c(OC)cc2C3=O)cc1OC,False
BGGPCEJFXRSBSI-UHFFFAOYSA-N,1,5.29073,5.29073,,5.29073,5.29073,0.0,0.0,COc1cc2c(cc1OC)C(=O)C1(C2)C(c2ccccc2)C(c2ccccc2)NC12C(=O)Nc1ccccc12,False
MAIPLBUKRSVRMT-UHFFFAOYSA-N,1,5.13668,5.13668,,5.13668,5.13668,0.0,0.0,COc1cc2c(cc1OC)C(=O)C1(C2)C(c2ccccc2Cl)C(c2ccccc2)NC12C(=O)Nc1ccccc12,False
BVSHUOGAIIDBKK-UHFFFAOYSA-N,1,5.00612,5.00612,,5.00612,5.00612,0.0,0.0,COc1cc2c(cc1OC)C(=O)C1(C2)C(c2ccc(F)cc2)C(c2ccccc2)NC12C(=O)Nc1ccc(Cl)cc12,False
REEWJWLYSHFTIW-UHFFFAOYSA-N,1,5.08302,5.08302,,5.08302,5.08302,0.0,0.0,COc1ccc(C2C(c3ccccc3)NC3(C(=O)Nc4ccc(Cl)cc43)C23Cc2cc(OC)c(OC)cc2C3=O)cc1OC,False
GYHHALPUXKNWQM-UHFFFAOYSA-N,1,5.13906,5.13906,,5.13906,5.13906,0.0,0.0,COc1cc2c(cc1OC)C(=O)C1(C2)C(c2ccccc2)C(c2ccccc2)NC12C(=O)Nc1ccc(Cl)cc12,False
DSCWQEVYSNSKRA-UHFFFAOYSA-N,1,4.91364,4.91364,,4.91364,4.91364,0.0,0.0,COc1cc2c(cc1OC)C(=O)C1(C2)C(c2ccccc2Cl)C(c2ccccc2)NC12C(=O)Nc1ccc(Cl)cc12,False
SPVLXLKDUQTNJT-UHFFFAOYSA-N,1,4.84466,4.84466,,4.84466,4.84466,0.0,0.0,COc1cc2c(cc1OC)C(=O)C1(C2)C(c2ccc(F)cc2)C(c2ccccc2)NC12C(=O)Nc1ccc([N+](=O)[O-])cc12,False
SQZLNIAJCUCCDV-UHFFFAOYSA-N,1,4.81333,4.81333,,4.81333,4.81333,0.0,0.0,COc1ccc(C2C(c3ccccc3)NC3(C(=O)Nc4ccc([N+](=O)[O-])cc43)C23Cc2cc(OC)c(OC)cc2C3=O)cc1OC,False
HXMKDDKWRMCIPU-UHFFFAOYSA-N,1,5.4318,5.4318,,5.4318,5.4318,0.0,0.0,COc1cc2c(cc1OC)C(=O)C1(C2)C(c2ccccc2)C(c2ccccc2)NC12C(=O)Nc1ccc([N+](=O)[O-])cc12,False
BKXPSTDRLRHBDC-UHFFFAOYSA-N,1,5.37675,5.37675,,5.37675,5.37675,0.0,0.0,COc1cc2c(cc1OC)C(=O)C1(C2)C(c2ccccc2Cl)C(c2ccccc2)NC12C(=O)Nc1ccc([N+](=O)[O-])cc12,False
BGWSJOXUYWABSA-UHFFFAOYSA-N,1,8.30103,8.30103,,8.30103,8.30103,0.0,0.0,CC(C)(C)c1cc[n+](CCCCCCCC[n+]2ccc(C(C)(C)C)cc2)cc1,False
YOMWUZRONLGHHJ-UHFFFAOYSA-N,1,8.1549,8.1549,,8.1549,8.1549,0.0,0.0,CC(C)(C)c1cc[n+](CCCCCCCCCCCC[n+]2ccc(C(C)(C)C)cc2)cc1,False
JAZQZHGMPOIYPF-UHFFFAOYSA-N,1,7.92082,7.92082,,7.92082,7.92082,0.0,0.0,CC(C)(C)c1cc[n+](CCCCCCCCCC[n+]2ccc(C(C)(C)C)cc2)cc1,False
JKRDVRQPPOYWTL-UHFFFAOYSA-N,1,7.79588,7.79588,,7.79588,7.79588,0.0,0.0,CC(C)(C)c1cc[n+](CCCCCCC[n+]2ccc(C(C)(C)C)cc2)cc1,False
QWNIAMHRNCGDAT-MBALSZOMSA-N,1,7.61979,7.61979,,7.61979,7.61979,0.0,0.0,CC(C)(C)c1cc[n+](/C=C2\C=CC3=CC/C(=C\[n+]4ccc(C(C)(C)C)cc4)C=C3C2)cc1,False
PIAWAKHRHZZEIK-UHFFFAOYSA-N,1,7.58503,7.58503,,7.58503,7.58503,0.0,0.0,CC(C)(C)c1cc[n+](CCCCCCCCCCC[n+]2ccc(C(C)(C)C)cc2)cc1,False
MJOOYCYKVGRRID-UHFFFAOYSA-N,1,7.49485,7.49485,,7.49485,7.49485,0.0,0.0,CC(C)(C)c1cc[n+](CCCCCC[n+]2ccc(C(C)(C)C)cc2)cc1,False
RYHRXPJGDAFICN-UHFFFAOYSA-N,1,7.4318,7.4318,,7.4318,7.4318,0.0,0.0,CC(C)(C)c1cc[n+](CCCCCCCCC[n+]2ccc(C(C)(C)C)cc2)cc1,False
FKXZCXLZQSOPPI-UHFFFAOYSA-N,1,6.52288,6.52288,,6.52288,6.52288,0.0,0.0,CC(C)(C)c1cc[n+](Cc2ccc(C[n+]3ccc(C(C)(C)C)cc3)cc2)cc1,False
PRSMLHLMHZPCHZ-UHFFFAOYSA-N,1,6.1549,6.1549,,6.1549,6.1549,0.0,0.0,CC(C)(C)c1cc[n+](Cc2cccc(C[n+]3ccc(C(C)(C)C)cc3)c2)cc1,False
JMBVRTWRCLIWDR-FPLPWBNLSA-N,1,5.69897,5.69897,,5.69897,5.69897,0.0,0.0,CC(C)(C)c1cc[n+](C/C=C\C[n+]2ccc(C(C)(C)C)cc2)cc1,False
JMBVRTWRCLIWDR-BQYQJAHWSA-N,1,5.46852,5.46852,,5.46852,5.46852,0.0,0.0,CC(C)(C)c1cc[n+](C/C=C/C[n+]2ccc(C(C)(C)C)cc2)cc1,False
DVTOGPVSMNYLJQ-UHFFFAOYSA-N,1,5.4318,5.4318,,5.4318,5.4318,0.0,0.0,CC(C)(C)c1cc[n+](CCCC[n+]2ccc(C(C)(C)C)cc2)cc1,False
GTRJMKIJDDDXQG-UHFFFAOYSA-N,1,5.0,5.0,,5.0,5.0,0.0,0.0,CC(C)(C)c1cc[n+](Cc2ccccc2C[n+]2ccc(C(C)(C)C)cc2)cc1,False
HLOCPCSCTALETD-UHFFFAOYSA-N,1,4.92082,4.92082,,4.92082,4.92082,0.0,0.0,CC(C)(C)c1cc[n+](COC[n+]2ccc(C(C)(C)C)cc2)cc1,False
OBKUQIPOSJEQDO-UHFFFAOYSA-N,1,4.85387,4.85387,,4.85387,4.85387,0.0,0.0,CC(C)(C)c1cc[n+](CCC[n+]2ccc(C(C)(C)C)cc2)cc1,False
NXILGHWRUOGXIB-UHFFFAOYSA-N,1,4.76955,4.76955,,4.76955,4.76955,0.0,0.0,CC(C)(C)c1cc[n+](CC[n+]2ccc(C(C)(C)C)cc2)cc1,False
LYDFXGRRFCEVJP-UHFFFAOYSA-N,1,4.72125,4.72125,,4.72125,4.72125,0.0,0.0,CC(C)(C)c1cc[n+](CCOCC[n+]2ccc(C(C)(C)C)cc2)cc1,False
XCVPWZGPOABPOI-UHFFFAOYSA-N,1,4.69897,4.69897,,4.69897,4.69897,0.0,0.0,CC(C)(C)c1cc[n+](C[n+]2ccc(C(C)(C)C)cc2)cc1,False
NOKQBUUBJLGGLE-UHFFFAOYSA-N,1,4.61979,4.61979,,4.61979,4.61979,0.0,0.0,CC(C)(C)c1cc[n+](CCCCC[n+]2ccc(C(C)(C)C)cc2)cc1,False
OMPGPMBHVLLRMF-FGCNPPJOSA-N,1,5.52288,5.52288,,5.52288,5.52288,0.0,0.0,CC(=O)O[C@H]1C[C@@H]2C(=CC[C@]3(C)[C@@H]([C@H](C)N(C)C)[C@H](O)C[C@@]23C)C[C@@]23O[C@@H]2[C@H]2OC[C@](C)([C@H]2NC(=O)c2ccccc2)[C@H]13,False
FBMFMDSVTBIJPB-CKTRUMDJSA-N,1,5.07058,5.07058,,5.07058,5.07058,0.0,0.0,C[C@@H]([C@H]1[C@H](O)C[C@@]2(C)[C@@H]3C[C@H](O)[C@H]4[C@]5(C)CO[C@]4(C=C[C@@H]5NC(=O)c4ccccc4)CC3=CC[C@]12C)N(C)C,False
KQPMIGNYSJUHRD-VQKBPVDWSA-N,1,4.64016,4.64016,,4.64016,4.64016,0.0,0.0,C[C@@H]([C@H]1[C@H](O)C[C@@]2(C)[C@@H]3C=C[C@H]4C(C)(C)[C@@H](N(C)C)[C@H](O)C[C@@]45C[C@@]35CC[C@]12C)N(C)C,False
KDKFZGZVPVIBCE-XZSYSDQVSA-N,1,4.58838,4.58838,,4.58838,4.58838,0.0,0.0,C[C@@H]1[C@@H]2CC[C@@H]3C(=CC[C@]4(C)[C@@H]([C@H](C)N(C)C)[C@H](O)C[C@@]34C)C=C2CC[C@@H]1N(C)C,False
MALAIGCWTXNVKA-DVSVOVCNSA-N,1,4.52578,4.52578,,4.52578,4.52578,0.0,0.0,C[C@@H]([C@H]1[C@H](O)C[C@@]2(C)[C@@H]3CC[C@@H]4C(=CC3=CC[C@]12C)CC[C@H](N(C)C)C4(C)C)N(C)C,False
VCPJZJYGJJULKC-YWIVKCBASA-N,1,4.85387,4.85387,,4.85387,4.85387,0.0,0.0,CC(=O)O[C@@H]1C[C@@]2(C)[C@@H]3C[C@H]4OC[C@@]5(C)[C@@H](NC(=O)c6ccccc6)C=C[C@@](O)(CC3=CC[C@]2(C)[C@H]1[C@H](C)N(C)C)[C@@H]45,False
SQULXMOMDPJQNT-QCFSPYGNSA-N,1,4.51999,4.51999,,4.51999,4.51999,0.0,0.0,CC(=O)O[C@@H]1C[C@@]2(C)[C@@H]3CC[C@H]4[C@](C)(CO)[C@@H](NC(=O)c5ccccc5)C=C[C@]4(O)CC3=CC[C@]2(C)[C@H]1[C@H](C)N(C)C,False
ZUILVKYUNYJWMV-JTRBZCFYSA-N,1,4.09691,4.09691,,4.09691,4.09691,0.0,0.0,C[C@@H]([C@H]1CC[C@@]2(C)[C@@H]3CC[C@@H]4C(=CC3=CC[C@]12C)CC[C@H](N(C)C)C4(C)C)N(C)C,False
HHRXHLXZXPRKOE-WSYJSIOHSA-N,1,4.23508,4.23508,,4.23508,4.23508,0.0,0.0,C/C=C1/C(=O)C[C@@]2(C)[C@@H]3CC[C@H]4C(C)(C)[C@@H](N(C)C)CC[C@@]45C[C@@]35CC[C@]12C,False
UFOMWAWIEKKLJS-KBVVDYDXSA-N,1,4.39794,4.39794,,4.39794,4.39794,0.0,0.0,CN[C@H]1CCC2=CC3=CC[C@]4(C)[C@@H]([C@H](C)N(C)C)[C@H](O)C[C@@]4(C)[C@@H]3CC[C@H]2C1(C)C,False
KGNFAYMSUAICCE-UHFFFAOYSA-N,1,7.48004,7.48004,,7.48004,7.48004,0.0,0.0,O=C(CCC1CCN(Cc2ccccc2)CC1)c1ccc2c(c1)NC(c1ccccc1)N2,False
JVNVQGLSKUWIEI-UHFFFAOYSA-N,1,7.63997,7.63997,,7.63997,7.63997,0.0,0.0,O=C(CCC1CCN(Cc2ccccc2)CC1)c1ccc2c(c1)CNCCC2,False
MUPLQQBSTUZKET-UHFFFAOYSA-N,1,7.59998,7.59998,,7.59998,7.59998,0.0,0.0,O=C(CCC1CCN(Cc2ccccc2)CC1)c1ccc2c(c1)CCNCC2,False
INRAOCPTSHECTL-UHFFFAOYSA-N,1,7.40001,7.40001,,7.40001,7.40001,0.0,0.0,O=C(CCC1CCN(Cc2ccccc2)CC1)c1ccc2c(c1)CNCCO2,False
XXUHSYCMSYGREM-UHFFFAOYSA-N,1,8.43997,8.43997,,8.43997,8.43997,0.0,0.0,O=C(CCC1CCN(Cc2ccccc2)CC1)c1cc2c3c(c1)CC(=O)N3CCC2,False
OCBMJTVTNDLOSK-UHFFFAOYSA-N,1,8.01002,8.01002,,8.01002,8.01002,0.0,0.0,O=C(CCC1CCN(Cc2ccccc2)CC1)c1cc2c3c(c1)CCN3C(=O)CC2,False
NFTXISIRYWWQCH-UHFFFAOYSA-N,1,8.59998,8.59998,,8.59998,8.59998,0.0,0.0,O=C(CCC1CCN(Cc2ccccc2F)CC1)c1cc2c3c(ccn3C(=O)CC2)c1,False
OYOUZDWCUVNLTD-UHFFFAOYSA-N,1,8.89008,8.89008,,8.89008,8.89008,0.0,0.0,O=C(CCC1CCN(Cc2cccc(F)c2)CC1)c1cc2c3c(ccn3C(=O)CC2)c1,False
MRXNFHHIQYXLCZ-UHFFFAOYSA-N,1,8.28997,8.28997,,8.28997,8.28997,0.0,0.0,O=C(CCC1CCN(Cc2ccccc2Cl)CC1)c1cc2c3c(ccn3C(=O)CC2)c1,False
KFFZZHWEFQETQO-UHFFFAOYSA-N,1,8.30998,8.30998,,8.30998,8.30998,0.0,0.0,O=C(CCC1CCN(Cc2cccc(Cl)c2)CC1)c1cc2c3c(ccn3C(=O)CC2)c1,False
RUSFDUFFEYGRCA-UHFFFAOYSA-N,1,6.81999,6.81999,,6.81999,6.81999,0.0,0.0,O=C(CCC1CCN(Cc2ccc(Cl)cc2)CC1)c1cc2c3c(ccn3C(=O)CC2)c1,False
OLTPXEYIHUWLFT-UHFFFAOYSA-N,1,7.18997,7.18997,,7.18997,7.18997,0.0,0.0,COc1ccccc1CN1CCC(CCC(=O)c2cc3c4c(ccn4C(=O)CC3)c2)CC1,False
GJEHCITUSPVLLH-UHFFFAOYSA-N,1,6.90001,6.90001,,6.90001,6.90001,0.0,0.0,COc1cccc(CN2CCC(CCC(=O)c3cc4c5c(ccn5C(=O)CC4)c3)CC2)c1,False
YPTZNQZPLHCHTB-UHFFFAOYSA-N,1,6.46,6.46,,6.46,6.46,0.0,0.0,COc1ccc(CN2CCC(CCC(=O)c3cc4c5c(ccn5C(=O)CC4)c3)CC2)cc1,False
GEZUZKUTYJTVML-UHFFFAOYSA-N,1,8.96019,8.96019,,8.96019,8.96019,0.0,0.0,O=C(CCC1CCN(Cc2ccccc2O)CC1)c1cc2c3c(ccn3C(=O)CC2)c1,False
SPAOQVWPSOQXTP-UHFFFAOYSA-N,1,8.05998,8.05998,,8.05998,8.05998,0.0,0.0,O=C(CCC1CCN(Cc2cccc(O)c2)CC1)c1cc2c3c(ccn3C(=O)CC2)c1,False
YUWFYYYSTMOZFJ-UHFFFAOYSA-N,1,7.04998,7.04998,,7.04998,7.04998,0.0,0.0,O=C(CCC1CCN(Cc2ccccc2[N+](=O)[O-])CC1)c1cc2c3c(ccn3C(=O)CC2)c1,False
CGVNEHLIQQXEPD-UHFFFAOYSA-N,1,8.54,8.54,,8.54,8.54,0.0,0.0,O=C(CCC1CCN(Cc2cccc([N+](=O)[O-])c2)CC1)c1cc2c3c(ccn3C(=O)CC2)c1,False
XACMNRBVWCIPLK-UHFFFAOYSA-N,1,7.79997,7.79997,,7.79997,7.79997,0.0,0.0,O=C(CCC1CCN(Cc2ccccc2)CC1)c1cc2c3c(c1)CCC(=O)N3CCC2,False
VEEUYGGNXIZQMM-UHFFFAOYSA-N,1,7.28001,7.28001,,7.28001,7.28001,0.0,0.0,O=C(CCC1CCN(Cc2ccccc2)CC1)c1cc2c3c(c1)CCN3C(=O)CCC2,False
CZWCAVOCGLPUTE-UHFFFAOYSA-N,1,7.84986,7.84986,,7.84986,7.84986,0.0,0.0,CS(=O)(=O)Nc1ccc2c(CCC3CCN(Cc4ccccc4)CC3)noc2c1,False
ATASLUKKLHOVPH-UHFFFAOYSA-N,1,9.10002,9.10002,,9.10002,9.10002,0.0,0.0,c1ccc(CN2CCC(CCc3noc4cc(C5CCCCC5)ccc34)CC2)cc1,False
GAALVBXZLIDHQH-UHFFFAOYSA-N,1,8.33999,8.33999,,8.33999,8.33999,0.0,0.0,O=C(CCC1CCN(Cc2ccc(F)cc2)CC1)c1cc2c3c(ccn3C(=O)CC2)c1,False
BBXSIHLAWFYROK-UHFFFAOYSA-N,1,9.30998,9.30998,,9.30998,9.30998,0.0,0.0,O=C(CCC1CCN(Cc2ccc(O)cc2)CC1)c1cc2c3c(ccn3C(=O)CC2)c1,False
OFJBQIDHQDBFPW-UHFFFAOYSA-N,1,7.36998,7.36998,,7.36998,7.36998,0.0,0.0,O=C(CCC1CCN(Cc2ccc([N+](=O)[O-])cc2)CC1)c1cc2c3c(ccn3C(=O)CC2)c1,False
AJMNQFJBFWKBJZ-UHFFFAOYSA-P,1,9.1549,9.1549,,9.1549,9.1549,0.0,0.0,C[N+](C)(CCNC(=O)C(=O)NCC[N+](C)(C)Cc1ccccc1Cl)Cc1ccccc1Cl,False
SUWXUVKWDAKFPK-UHFFFAOYSA-N,1,4.4437,4.4437,,4.4437,4.4437,0.0,0.0,c1ccc2c[n+](CCCC[n+]3ccc4ccccc4c3)ccc2c1,False
HRBRHVOBBAKORO-UHFFFAOYSA-N,1,4.88606,4.88606,,4.88606,4.88606,0.0,0.0,c1ccc2c[n+](CCCCC[n+]3ccc4ccccc4c3)ccc2c1,False
AVWREEWMESQTNI-UHFFFAOYSA-N,1,6.52288,6.52288,,6.52288,6.52288,0.0,0.0,c1ccc2c[n+](CCCCCC[n+]3ccc4ccccc4c3)ccc2c1,False
WTEHSLBHHPNNTR-UHFFFAOYSA-N,1,6.30103,6.30103,,6.30103,6.30103,0.0,0.0,c1ccc2c[n+](CCCCCCC[n+]3ccc4ccccc4c3)ccc2c1,False
GMXBRECDYFCFAU-UHFFFAOYSA-N,1,8.30103,8.30103,,8.30103,8.30103,0.0,0.0,c1ccc2c[n+](CCCCCCCC[n+]3ccc4ccccc4c3)ccc2c1,False
UTOPPHLSAAJWHX-UHFFFAOYSA-N,1,7.39794,7.39794,,7.39794,7.39794,0.0,0.0,c1ccc2c[n+](CCCCCCCCC[n+]3ccc4ccccc4c3)ccc2c1,False
LRDCLONACLGVJA-UHFFFAOYSA-N,1,7.30103,7.30103,,7.30103,7.30103,0.0,0.0,c1ccc2c[n+](CCCCCCCCCC[n+]3ccc4ccccc4c3)ccc2c1,False
ULIWBOHRWMGXPR-UHFFFAOYSA-N,1,7.0,7.0,,7.0,7.0,0.0,0.0,c1ccc2c[n+](CCCCCCCCCCC[n+]3ccc4ccccc4c3)ccc2c1,False
BYZAGCWPLBSOCX-UHFFFAOYSA-N,1,5.69897,5.69897,,5.69897,5.69897,0.0,0.0,c1ccc2c[n+](COC[n+]3ccc4ccccc4c3)ccc2c1,False
PGHUZXCSVQYQGG-AATRIKPKSA-N,1,5.1549,5.1549,,5.1549,5.1549,0.0,0.0,C(=C\C[n+]1ccc2ccccc2c1)/C[n+]1ccc2ccccc2c1,False
PGHUZXCSVQYQGG-WAYWQWQTSA-N,1,4.76955,4.76955,,4.76955,4.76955,0.0,0.0,C(=C/C[n+]1ccc2ccccc2c1)/C[n+]1ccc2ccccc2c1,False
SREHLCDERLVEFU-UHFFFAOYSA-N,1,5.09691,5.09691,,5.09691,5.09691,0.0,0.0,c1cc(C[n+]2ccc3ccccc3c2)cc(C[n+]2ccc3ccccc3c2)c1,False
QSQXPXMHGYXQAJ-UHFFFAOYSA-N,1,4.92082,4.92082,,4.92082,4.92082,0.0,0.0,c1ccc2c[n+](Cc3ccc(C[n+]4ccc5ccccc5c4)cc3)ccc2c1,False
KNPXKNFBXUYCEE-UHFFFAOYSA-N,1,6.52288,6.52288,,6.52288,6.52288,0.0,0.0,c1ccc2c[n+](Cc3ccc4ccc(C[n+]5ccc6ccccc6c5)cc4c3)ccc2c1,False
FWSUEHMNQCROMJ-ZDUSSCGKSA-N,1,4.08884,4.08884,,4.08884,4.08884,0.0,0.0,Cc1ccc([C@@H](C)CC(=O)CC(C)C)cc1,False
XKOPPJJSUOIQCM-UHFFFAOYSA-N,1,5.04576,5.04576,,5.04576,5.04576,0.0,0.0,c1ccc2c(c1)ccc[n+]2CCC[n+]1cccc2ccccc21,False
UDTFBDQGKZRSEC-UHFFFAOYSA-N,1,4.42022,4.42022,,4.42022,4.42022,0.0,0.0,c1ccc2c(c1)ccc[n+]2CCCC[n+]1cccc2ccccc21,False
PYAUTVAEUKAKHU-UHFFFAOYSA-N,1,5.39794,5.39794,,5.39794,5.39794,0.0,0.0,c1ccc2c(c1)ccc[n+]2CCCCC[n+]1cccc2ccccc21,False
CHWJVANCPFQFAA-UHFFFAOYSA-N,1,4.60206,4.60206,,4.60206,4.60206,0.0,0.0,c1ccc2c(c1)ccc[n+]2CCCCCC[n+]1cccc2ccccc21,False
BLMJGURMDNTUKU-UHFFFAOYSA-N,1,7.04576,7.04576,,7.04576,7.04576,0.0,0.0,c1ccc2c(c1)ccc[n+]2CCCCCCC[n+]1cccc2ccccc21,False
LGGRUTTWKKNPBL-UHFFFAOYSA-N,1,7.09691,7.09691,,7.09691,7.09691,0.0,0.0,c1ccc2c(c1)ccc[n+]2CCCCCCCC[n+]1cccc2ccccc21,False
FEWPEMHIXGPAEH-UHFFFAOYSA-N,1,7.09691,7.09691,,7.09691,7.09691,0.0,0.0,c1ccc2c(c1)ccc[n+]2CCCCCCCCC[n+]1cccc2ccccc21,False
YZDRSBRUONQQBH-UHFFFAOYSA-N,1,9.0,9.0,,9.0,9.0,0.0,0.0,c1ccc2c(c1)ccc[n+]2CCCCCCCCCC[n+]1cccc2ccccc21,False
XZWPKRVTYLJQOV-UHFFFAOYSA-N,1,8.0,8.0,,8.0,8.0,0.0,0.0,c1ccc2c(c1)ccc[n+]2CCCCCCCCCCC[n+]1cccc2ccccc21,False
KQWKYDIWXCLYSS-UHFFFAOYSA-N,1,7.69897,7.69897,,7.69897,7.69897,0.0,0.0,c1ccc2c(c1)ccc[n+]2CCCCCCCCCCCC[n+]1cccc2ccccc21,False
WDMOTYHTADJONA-UHFFFAOYSA-N,1,4.45593,4.45593,,4.45593,4.45593,0.0,0.0,c1ccc2c(c1)ccc[n+]2CCOCC[n+]1cccc2ccccc21,False
SDYUXZXBOSJBHM-AATRIKPKSA-N,1,5.22185,5.22185,,5.22185,5.22185,0.0,0.0,C(=C\C[n+]1cccc2ccccc21)/C[n+]1cccc2ccccc21,False
SDYUXZXBOSJBHM-WAYWQWQTSA-N,1,5.69897,5.69897,,5.69897,5.69897,0.0,0.0,C(=C/C[n+]1cccc2ccccc21)/C[n+]1cccc2ccccc21,False
OYELVZBEBIBDNI-UHFFFAOYSA-N,1,4.45593,4.45593,,4.45593,4.45593,0.0,0.0,c1ccc(C[n+]2cccc3ccccc32)c(C[n+]2cccc3ccccc32)c1,False
AUGKZAPKELENGH-UHFFFAOYSA-N,1,4.39794,4.39794,,4.39794,4.39794,0.0,0.0,c1cc(C[n+]2cccc3ccccc32)cc(C[n+]2cccc3ccccc32)c1,False
WPOFAFLYGQHUBW-UHFFFAOYSA-N,1,6.09691,6.09691,,6.09691,6.09691,0.0,0.0,c1ccc2c(c1)ccc[n+]2Cc1ccc2ccc(C[n+]3cccc4ccccc43)cc2c1,False
KYTJYEBPIKSQIT-UHFFFAOYSA-N,1,4.89279,4.89279,,4.89279,4.89279,0.0,0.0,c1ccc2c(CNc3ccnc(N4CCSCC4)n3)cccc2c1,False
IWVKLFVNDFNPIF-UHFFFAOYSA-N,1,4.83268,4.83268,,4.83268,4.83268,0.0,0.0,c1ccc2c(CNc3ccnc(N4CCOCC4)n3)cccc2c1,False
NAYIVRUMIMUOGQ-UHFFFAOYSA-N,1,5.25964,5.25964,,5.25964,5.25964,0.0,0.0,c1ccc2c(CNc3ccnc(N4CCCC4)n3)cccc2c1,False
SHYYTTZAHBJKBE-UHFFFAOYSA-N,1,4.70115,4.70115,,4.70115,4.70115,0.0,0.0,CC(=O)N1CCN(c2nccc(NCCc3ccccc3)n2)CC1,False
JAXXPQUWOTTXGC-UHFFFAOYSA-N,1,5.05552,5.05552,,5.05552,5.05552,0.0,0.0,CC1CCN(c2nccc(NCCc3ccccc3)n2)CC1,False
WUFOFZBXUSTQCN-UHFFFAOYSA-N,1,4.69037,4.69037,,4.69037,4.69037,0.0,0.0,CN1CCN(c2nccc(NCCc3ccccc3)n2)CC1,False
LNJWYRWYXZPMBQ-UHFFFAOYSA-N,1,4.5784,4.5784,,4.5784,4.5784,0.0,0.0,c1ccc(CCNc2ccnc(N3CCSCC3)n2)cc1,False
QCZVHPUPIBZBLH-UHFFFAOYSA-N,1,4.70553,4.70553,,4.70553,4.70553,0.0,0.0,c1ccc(CCNc2ccnc(N3CCOCC3)n2)cc1,False
MIALFBONYMMUFB-UHFFFAOYSA-N,1,5.00877,5.00877,,5.00877,5.00877,0.0,0.0,c1ccc(CCNc2ccnc(N3CCCC3)n2)cc1,False
UCTDIIVSAPSFRV-UHFFFAOYSA-N,1,4.80967,4.80967,,4.80967,4.80967,0.0,0.0,c1ccc(CNc2ccnc(N3CCNCC3)n2)cc1,False
YTXUYRIMCMYXHU-UHFFFAOYSA-N,1,4.61618,4.61618,,4.61618,4.61618,0.0,0.0,O=S1(=O)CCN(c2nccc(NCc3ccccc3)n2)CC1,False
QBYNDZKVDJVDOG-UHFFFAOYSA-N,1,4.89963,4.89963,,4.89963,4.89963,0.0,0.0,[O-][S+]1CCN(c2nccc(NCc3ccccc3)n2)CC1,False
GLHVTNXLNWGCPW-UHFFFAOYSA-N,1,4.90658,4.90658,,4.90658,4.90658,0.0,0.0,c1ccc(CNc2ccnc(NC3CCN(Cc4ccccc4)CC3)n2)cc1,False
DJGMYIDYBQPJKX-UHFFFAOYSA-N,1,4.54061,4.54061,,4.54061,4.54061,0.0,0.0,FC(F)(F)c1ccc(CN2CCN(c3nccc(NCc4ccccc4)n3)CC2)cc1,False
NUSMQVRRUHDWOT-UHFFFAOYSA-N,1,4.66555,4.66555,,4.66555,4.66555,0.0,0.0,Fc1ccc(CN2CCN(c3nccc(NCc4ccccc4)n3)CC2)cc1,False
QZRDIODKZJHURZ-UHFFFAOYSA-N,1,4.59346,4.59346,,4.59346,4.59346,0.0,0.0,Brc1ccc(CN2CCN(c3nccc(NCc4ccccc4)n3)CC2)cc1,False
KVNDUVHFPYTHQS-UHFFFAOYSA-N,1,4.69465,4.69465,,4.69465,4.69465,0.0,0.0,Clc1ccc(CN2CCN(c3nccc(NCc4ccccc4)n3)CC2)cc1,False
ZXXFOYDADMGDJQ-UHFFFAOYSA-N,1,4.57349,4.57349,,4.57349,4.57349,0.0,0.0,COCCN1CCN(c2nccc(NCc3ccccc3)n2)CC1,False
CUGXMTJHVZYBSM-UHFFFAOYSA-N,1,4.5784,4.5784,,4.5784,4.5784,0.0,0.0,OCCN1CCN(c2nccc(NCc3ccccc3)n2)CC1,False
YQATZRMIXKASMD-UHFFFAOYSA-N,1,4.81531,4.81531,,4.81531,4.81531,0.0,0.0,CCCN1CCN(c2nccc(NCc3ccccc3)n2)CC1,False
OTYAHAOHVMALLE-UHFFFAOYSA-N,1,4.84771,4.84771,,4.84771,4.84771,0.0,0.0,CC(C)C1CCN(c2nccc(NCc3ccccc3)n2)CC1,False
DXIZKICINDQMPQ-UHFFFAOYSA-N,1,4.60206,4.60206,,4.60206,4.60206,0.0,0.0,CC(C)N1CCN(c2nccc(NCc3ccccc3)n2)CC1,False
ZVASSJWMNKVAED-UHFFFAOYSA-N,1,4.64016,4.64016,,4.64016,4.64016,0.0,0.0,c1ccc(CNc2ccnc(N3CCN(C4CCCCC4)CC3)n2)cc1,False
KPRZSZGTEISOFZ-UHFFFAOYSA-N,1,4.72584,4.72584,,4.72584,4.72584,0.0,0.0,CC(C)(C)OC(=O)N1CCN(c2nccc(NCc3ccccc3)n2)CC1,False
LHKBRGMCBGRJDE-UHFFFAOYSA-N,1,4.77989,4.77989,,4.77989,4.77989,0.0,0.0,CC(=O)N1CCN(c2nccc(NCc3ccccc3)n2)CC1,False
VAPRIZYIVOPQLU-UHFFFAOYSA-N,1,4.73518,4.73518,,4.73518,4.73518,0.0,0.0,CC1CCN(c2nccc(NCc3ccccc3)n2)CC1,False
RIUXJXNHHCERLO-UHFFFAOYSA-N,1,4.6038,4.6038,,4.6038,4.6038,0.0,0.0,CN1CCN(c2nccc(NCc3ccccc3)n2)CC1,False
SPJWTUJGKPIRMF-UHFFFAOYSA-N,1,4.63451,4.63451,,4.63451,4.63451,0.0,0.0,c1ccc(CNc2ccnc(N3CCSCC3)n2)cc1,False
PKTXFNWLILBNOJ-UHFFFAOYSA-N,1,4.85387,4.85387,,4.85387,4.85387,0.0,0.0,c1ccc(CNc2ccnc(N3CCOCC3)n2)cc1,False
PGBNXXDXGXQQRQ-UHFFFAOYSA-N,1,5.06048,5.06048,,5.06048,5.06048,0.0,0.0,c1ccc(CNc2ccnc(N3CCCC3)n2)cc1,False
LAYZENWRJFTEBJ-UHFFFAOYSA-N,1,6.70333,6.70333,,6.70333,6.70333,0.0,0.0,COc1cc(CNCCCNC2=CC(=O)C(NCCCNCc3ccc(O)c(OC)c3)=CC2=O)ccc1O,False
ASJXQHKDXMZZHI-UHFFFAOYSA-N,1,6.9914,6.9914,,6.9914,6.9914,0.0,0.0,COc1cc(CNCCCCCCNC2=CC(=O)C(NCCCCCCNCc3ccc(O)c(OC)c3)=CC2=O)ccc1O,False
OWYKGTIBTVFDHN-UHFFFAOYSA-N,1,4.66154,4.66154,,4.66154,4.66154,0.0,0.0,O=C1C=C(NCCCNCc2cc3ccccc3o2)C(=O)C=C1NCCCNCc1cc2ccccc2o1,False
NJTBEMRBNQBIOG-UHFFFAOYSA-N,1,5.0,5.0,,5.0,5.0,0.0,0.0,O=C1C=C(NCCCCCCNCc2cc3ccccc3o2)C(=O)C=C1NCCCCCCNCc1cc2ccccc2o1,False
BSPUDLZJTPHIOC-UHFFFAOYSA-N,1,5.0,5.0,,5.0,5.0,0.0,0.0,O=C1C=C(NCCCNCc2nc3ccccc3s2)C(=O)C=C1NCCCNCc1nc2ccccc2s1,False
PHMOEVJESDPKQG-UHFFFAOYSA-N,1,4.65758,4.65758,,4.65758,4.65758,0.0,0.0,O=C1C=C(NCCCCCCNCc2nc3ccccc3s2)C(=O)C=C1NCCCCCCNCc1nc2ccccc2s1,False
CGLJQSSUGVUSLB-UHFFFAOYSA-N,1,4.50307,4.50307,,4.50307,4.50307,0.0,0.0,O=C1C=C(NCCCNCc2ccc(-c3nc4ccccc4s3)cc2)C(=O)C=C1NCCCNCc1ccc(-c2nc3ccccc3s2)cc1,False
DMJZMKWUENVGJJ-UHFFFAOYSA-N,1,6.5157,6.5157,,6.5157,6.5157,0.0,0.0,O=C1C=C(NCCCCCCNCc2ccc(-c3nc4ccccc4s3)cc2)C(=O)C=C1NCCCCCCNCc1ccc(-c2nc3ccccc3s2)cc1,False
SVAAENNVLVWYJB-UHFFFAOYSA-N,1,7.12494,7.12494,,7.12494,7.12494,0.0,0.0,c1cc(C[n+]2ccc(N3CCCCC3)cc2)ccc1C[n+]1ccc(N2CCCCC2)cc1,False
XYGKCUFPPNMELX-UHFFFAOYSA-N,1,7.22185,7.22185,,7.22185,7.22185,0.0,0.0,c1cc(C[n+]2ccc(N3CCCCC3)cc2)cc(-c2cccc(C[n+]3ccc(N4CCCCC4)cc3)c2)c1,False
UIHMPKAPVFKAFT-UHFFFAOYSA-N,1,6.20761,6.20761,,6.20761,6.20761,0.0,0.0,c1cc(C[N+]23CCC(CC2)CC3)cc(-c2cccc(C[N+]34CCC(CC3)CC4)c2)c1,False
UOZATCLUCGFJDA-UHFFFAOYSA-N,1,7.20761,7.20761,,7.20761,7.20761,0.0,0.0,COc1cc2c(cc1OC)CN(c1cc[n+](Cc3ccc(C[n+]4ccc(N5CCCCC5)cc4)cc3)cc1)CC2,False
LJAFQNCTOAFIMB-UHFFFAOYSA-N,1,6.67778,6.67778,,6.67778,6.67778,0.0,0.0,CCN(CC)CC(=O)Nc1ccc(C(=O)c2ccc(CN(C)Cc3ccccc3)cc2)cc1,False
BXPGUJXYGPCRGA-UHFFFAOYSA-N,1,6.25964,6.25964,,6.25964,6.25964,0.0,0.0,CN(Cc1ccccc1)Cc1ccc(C(=O)c2ccc(NC(=O)CN3CCCCC3)cc2)cc1,False
JDOLORVWCDRHKG-UHFFFAOYSA-N,1,6.14267,6.14267,,6.14267,6.14267,0.0,0.0,CN(Cc1ccccc1)Cc1ccc(C(=O)c2ccc(NC(=O)CN3CCOCC3)cc2)cc1,False
NBHYLXBADHTHTJ-UHFFFAOYSA-N,1,6.66354,6.66354,,6.66354,6.66354,0.0,0.0,CN(Cc1ccccc1)Cc1ccc(C(=O)c2ccc(NC(=O)CCCCN3CCCCC3)cc2)cc1,False
DJHKGGQDSKLOIG-UHFFFAOYSA-N,1,7.60206,7.60206,,7.60206,7.60206,0.0,0.0,CCN(CC)CCCOc1ccc(C(=O)c2ccc(CN(C)Cc3ccccc3)cc2)cc1,False
WFNOXQQPVZJHPW-UHFFFAOYSA-N,1,7.61979,7.61979,,7.61979,7.61979,0.0,0.0,CN(Cc1ccccc1)Cc1ccc(C(=O)c2ccc(OCCCN3CCCCC3)cc2)cc1,False
MWWZUDCUVPZYEH-UHFFFAOYSA-N,1,6.97062,6.97062,,6.97062,6.97062,0.0,0.0,CN(Cc1ccccc1)Cc1ccc(C(=O)c2ccc(OCCCN3CCOCC3)cc2)cc1,False
KHXUDLHKQASZJR-UHFFFAOYSA-N,1,7.16749,7.16749,,7.16749,7.16749,0.0,0.0,CN(Cc1ccccc1)Cc1ccc(C(=O)c2ccc(OCCCN3CCC(n4c(=O)[nH]c5ccccc54)CC3)cc2)cc1,False
GGNRKWVBPHCWIF-UHFFFAOYSA-N,1,6.84164,6.84164,,6.84164,6.84164,0.0,0.0,CCN(CC)CCCCCOc1ccc(C(=O)c2ccc(CN(C)Cc3ccccc3)cc2)cc1,False
GKGGPNXFKDZMQC-UHFFFAOYSA-N,1,6.84466,6.84466,,6.84466,6.84466,0.0,0.0,CN(Cc1ccccc1)Cc1ccc(C(=O)c2ccc(OCCCCCN3CCCCC3)cc2)cc1,False
CBEKIFXSBAHZGW-UHFFFAOYSA-N,1,6.59007,6.59007,,6.59007,6.59007,0.0,0.0,CCN(CC)CCCCCCOc1ccc(C(=O)c2ccc(CN(C)Cc3ccccc3)cc2)cc1,False
NYVBQRTTYHHRCD-UHFFFAOYSA-N,1,6.67778,6.67778,,6.67778,6.67778,0.0,0.0,CN(Cc1ccccc1)Cc1ccc(C(=O)c2ccc(OCCCCCCN3CCCCC3)cc2)cc1,False
SDRNTFZOPOEUSB-UHFFFAOYSA-N,1,6.09151,6.09151,,6.09151,6.09151,0.0,0.0,CCN(CC)CCCCCCCOc1ccc(C(=O)c2ccc(CN(C)Cc3ccccc3)cc2)cc1,False
WSCLZQFXVHSGBN-UHFFFAOYSA-N,1,6.95861,6.95861,,6.95861,6.95861,0.0,0.0,CN(Cc1ccccc1)Cc1ccc(C(=O)c2ccc(OCCCCCCCN3CCCCC3)cc2)cc1,False
PKMOPDBOZLQVPB-UHFFFAOYSA-N,1,6.88606,6.88606,,6.88606,6.88606,0.0,0.0,CCN(CC)CCc1ccc(Oc2ccc(C(=O)c3ccc(CN(C)Cc4ccccc4)cc3)cc2)cc1,False
WKDFOVDLOVYRAJ-JDXGNMNLSA-N,4,6.372365,6.372365,2.13560132522435,4.52288,8.22185,1.849485,3.69897,CC(C)c1ccc(NC(=O)Oc2ccc3c(c2)[C@]2(C)CCN(CCc4ccccc4)[C@@H]2N3C)cc1,True
ZVFOYXYQFFWDEX-UHFFFAOYSA-N,4,6.02288,6.02288,2.33582062507662,4.0,8.04576,2.02288,4.04576,CN(C)CC(C)(C)c1cccc(OC(=O)NCCCCN2CCOCC2)c1,True
CDOZDBSBBXSXLB-UHFFFAOYSA-N,3,6.52288,6.543596666666666,0.03588231923013552,6.52288,6.58503,0.0,0.06214999999999993,CCN(CC)C(C)CN1c2ccccc2Sc2ccccc21,False
QCEWCMMSOWEHFC-UHFFFAOYSA-N,2,5.47237,5.47237,0.0,5.47237,5.47237,0.0,0.0,CCN(CC)C(C)C(=O)N1c2ccccc2Sc2ccccc21,False
HKJROXHSAHRDAO-HOTGVXAUSA-N,1,6.29414,6.29414,,6.29414,6.29414,0.0,0.0,C[C@@H](Cc1ccccc1)NC(=O)Oc1cccc([C@H](C)N(C)C)c1,False
HKJROXHSAHRDAO-CVEARBPZSA-N,1,6.39362,6.39362,,6.39362,6.39362,0.0,0.0,C[C@H](Cc1ccccc1)NC(=O)Oc1cccc([C@H](C)N(C)C)c1,False
QGKSWUZOCNWHHA-IRXDYDNUSA-N,1,6.88273,6.88273,,6.88273,6.88273,0.0,0.0,C[C@@H](c1cccc(OC(=O)N(C)[C@@H](C)Cc2ccccc2)c1)N(C)C,False
QGKSWUZOCNWHHA-SJORKVTESA-N,1,6.51999,6.51999,,6.51999,6.51999,0.0,0.0,C[C@H](Cc1ccccc1)N(C)C(=O)Oc1cccc([C@H](C)N(C)C)c1,False
OCJHMOWUBWLDOJ-GDDBXAOJSA-N,1,5.0,5.0,,5.0,5.0,0.0,0.0,C[C@@H]([C@H]1[C@H](O)C[C@@]2(C)[C@@H]3CC[C@H]4[C@]5(C)COC(C(F)(F)F)=N[C@H]5CC[C@@]45C[C@@]35C(=O)C[C@]12C)N(C)C,False
IIOIREJLGHVBEW-PVSMGPIOSA-N,1,6.12843,6.12843,,6.12843,6.12843,0.0,0.0,C[C@@H]([C@H]1[C@H](O)C[C@@]2(C)[C@@H]3CC[C@H]4[C@]5(C)COC(C(C)(C)F)=N[C@H]5CC[C@@]45C[C@@]35C(=O)C[C@]12C)N(C)C,False
LXDBYLCKHFKKMI-GDDBXAOJSA-N,1,5.52244,5.52244,,5.52244,5.52244,0.0,0.0,C[C@@H]([C@H]1[C@H](O)C[C@@]2(C)[C@@H]3CC[C@H]4[C@]5(C)COC(C(F)(C(F)(F)F)C(F)(F)F)=N[C@H]5CC[C@@]45C[C@@]35C(=O)C[C@]12C)N(C)C,False
UMALVRAIVYQJPD-YRGUKJKLSA-N,1,5.0,5.0,,5.0,5.0,0.0,0.0,CC(C)C1=N[C@H]2CC[C@]34C[C@]35C(=O)C[C@]3(C)[C@@H]([C@H](C)N(C)C)[C@H](O)C[C@@]3(C)[C@@H]5CC[C@H]4[C@]2(C)CN1C,False
GFPVUVWOUXWVMM-FRQZXBGDSA-N,1,5.0,5.0,,5.0,5.0,0.0,0.0,CCN1C[C@]2(C)[C@H](CC=C3C[C@H]4C(=O)C[C@]5(C)[C@@H]([C@H](C)N(C)C)[C@H](O)C[C@@]5(C)[C@@H]4CC[C@H]32)N=C1C(C)C,False
ZGEKJOYQLKDFAH-CTWIKKIVSA-N,1,5.0,5.0,,5.0,5.0,0.0,0.0,CC(C)C1=N[C@H]2CC[C@]34C[C@]35C(=O)C[C@]3(C)[C@@H]([C@H](C)N(C)C)[C@H](O)C[C@@]3(C)[C@@H]5CC[C@H]4[C@]2(C)N1,False
FOVBVZLMLHBULA-DBCGSKAISA-N,1,7.60206,7.60206,,7.60206,7.60206,0.0,0.0,CC(C)C1=N[C@H]2CC[C@]34C[C@]35C(=O)C[C@]3(C)[C@@H]([C@H](C)N(C)C)[C@H](O)C[C@@]3(C)[C@@H]5CC[C@H]4[C@]2(C)C=C1,False
XXJQHNDZKODONX-DBCGSKAISA-N,1,6.20901,6.20901,,6.20901,6.20901,0.0,0.0,CC(C)C1=N[C@H]2CC[C@]34C[C@]35C(=O)C[C@]3(C)[C@@H]([C@H](C)N(C)C)[C@H](O)C[C@@]3(C)[C@@H]5CC[C@H]4[C@]2(C)CC1,False
DTDCDTSLQAMFQK-PDIVMOMKSA-N,1,7.22185,7.22185,,7.22185,7.22185,0.0,0.0,CC(C)C1=N[C@H]2CC[C@]34C[C@]35C(=O)C[C@]3(C)[C@@H]([C@H](C)N(C)C)[C@H](O)C[C@@]3(C)[C@@H]5CC[C@H]4[C@]2(C)CS1,False
XMAZYYDJYBXRBC-LAYXPMECSA-N,1,7.11919,7.11919,,7.11919,7.11919,0.0,0.0,CN[C@@H](C)[C@H]1[C@H](O)C[C@@]2(C)[C@@H]3CC[C@H]4[C@]5(C)CSC(C(C)C)=N[C@H]5CC[C@@]45C[C@@]35C(=O)C[C@]12C,False
USMPQJQUGATUJU-FPIMZWEASA-N,1,6.52578,6.52578,,6.52578,6.52578,0.0,0.0,CC(=O)N(C)[C@@H](C)[C@H]1[C@H](O)C[C@@]2(C)[C@@H]3CC[C@H]4[C@]5(C)CSC(C(C)C)=N[C@H]5CC[C@@]45C[C@@]35C(=O)C[C@]12C,False
WYTLMUZAZAXEOI-FDWYMNALSA-N,1,7.36653,7.36653,,7.36653,7.36653,0.0,0.0,CC(C)C1=N[C@H]2CC[C@]34C[C@]35C(=O)C[C@]3(C)[C@@H]([C@H](C)N(C)C(=O)c6ccccc6)[C@H](O)C[C@@]3(C)[C@@H]5CC[C@H]4[C@]2(C)CS1,False
YQRCNYYDEFPBOB-RQTKVAEISA-N,1,6.7986,6.7986,,6.7986,6.7986,0.0,0.0,CC(C)C1=N[C@H]2CC[C@]34C[C@]35C(=O)C[C@]3(C)[C@@H]([C@H](C)N(C)C(=O)OC(C)(C)C)[C@H](O)C[C@@]3(C)[C@@H]5CC[C@H]4[C@]2(C)CS1,False
WOJRPSBNVRDMLF-VRGGLLGESA-N,1,8.1549,8.1549,,8.1549,8.1549,0.0,0.0,CC(C)C1=N[C@H]2CC[C@]34C[C@]35C(=O)C[C@]3(C)[C@@H]([C@H](C)N(C)Cc6ccccc6)[C@H](O)C[C@@]3(C)[C@@H]5CC[C@H]4[C@]2(C)CS1,False
DTTWZPSCBDLSIM-KXMYWBMJSA-N,1,7.69897,7.69897,,7.69897,7.69897,0.0,0.0,CC(C)C1=N[C@H]2CC[C@]34C[C@]35C(=O)C[C@]3(C)[C@@H]([C@H](C)N(C)CCc6ccccc6)[C@H](O)C[C@@]3(C)[C@@H]5CC[C@H]4[C@]2(C)CS1,False
VIXJWHYOARGMSA-ZCBCEXPUSA-N,1,7.11919,7.11919,,7.11919,7.11919,0.0,0.0,CC(C)C1=N[C@H]2CC[C@]34C[C@]35C(=O)C[C@]3(C)[C@@H]([C@H](C)N(C)CCCc6ccccc6)[C@H](O)C[C@@]3(C)[C@@H]5CC[C@H]4[C@]2(C)CS1,False
BSACLFCWNMRHBP-DRFRAUJUSA-N,1,8.22185,8.22185,,8.22185,8.22185,0.0,0.0,COc1ccccc1CN(C)[C@@H](C)[C@H]1[C@H](O)C[C@@]2(C)[C@@H]3CC[C@H]4[C@]5(C)CSC(C(C)C)=N[C@H]5CC[C@@]45C[C@@]35C(=O)C[C@]12C,False
MNADYPWSJDDNJK-SGOUQRLHSA-N,1,8.52288,8.52288,,8.52288,8.52288,0.0,0.0,COc1cccc(CN(C)[C@@H](C)[C@H]2[C@H](O)C[C@@]3(C)[C@@H]4CC[C@H]5[C@]6(C)CSC(C(C)C)=N[C@H]6CC[C@@]56C[C@@]46C(=O)C[C@]23C)c1,False
JNQCYAPDXOOPBU-SGOUQRLHSA-N,1,8.04576,8.04576,,8.04576,8.04576,0.0,0.0,COc1ccc(CN(C)[C@@H](C)[C@H]2[C@H](O)C[C@@]3(C)[C@@H]4CC[C@H]5[C@]6(C)CSC(C(C)C)=N[C@H]6CC[C@@]56C[C@@]46C(=O)C[C@]23C)cc1,False
YTWWSBXEMIYTEK-NGZBDLKASA-N,1,7.95861,7.95861,,7.95861,7.95861,0.0,0.0,CC(C)C1=N[C@H]2CC[C@]34C[C@]35C(=O)C[C@]3(C)[C@@H]([C@H](C)N(C)Cc6ccccc6C(F)(F)F)[C@H](O)C[C@@]3(C)[C@@H]5CC[C@H]4[C@]2(C)CS1,False
WOMHDKBUDDJYHQ-NGZBDLKASA-N,1,8.52288,8.52288,,8.52288,8.52288,0.0,0.0,CC(C)C1=N[C@H]2CC[C@]34C[C@]35C(=O)C[C@]3(C)[C@@H]([C@H](C)N(C)Cc6cccc(C(F)(F)F)c6)[C@H](O)C[C@@]3(C)[C@@H]5CC[C@H]4[C@]2(C)CS1,False
AGHZIEXSJDHZPW-NGZBDLKASA-N,1,8.52288,8.52288,,8.52288,8.52288,0.0,0.0,CC(C)C1=N[C@H]2CC[C@]34C[C@]35C(=O)C[C@]3(C)[C@@H]([C@H](C)N(C)Cc6ccc(C(F)(F)F)cc6)[C@H](O)C[C@@]3(C)[C@@H]5CC[C@H]4[C@]2(C)CS1,False
JEZIOZMCMPTLRQ-RKYOAFJVSA-N,1,7.1549,7.1549,,7.1549,7.1549,0.0,0.0,CC(C)C1=N[C@H]2CC[C@]34C[C@]35C(=O)C[C@]3(C)[C@@H]([C@H](C)N(C)CCN6C(=O)c7ccccc7C6=O)[C@H](O)C[C@@]3(C)[C@@H]5CC[C@H]4[C@]2(C)CS1,False
BODOHUCWCQTCDD-LBWKNVSKSA-N,1,7.85387,7.85387,,7.85387,7.85387,0.0,0.0,CC(C)C1=N[C@H]2CC[C@]34C[C@]35C(=O)C[C@]3(C)[C@@H]([C@H](C)N(C)CCCN6C(=O)c7ccccc7C6=O)[C@H](O)C[C@@]3(C)[C@@H]5CC[C@H]4[C@]2(C)CS1,False
JNODQFNWMXFMEV-UHFFFAOYSA-N,1,4.34679,4.34679,,4.34679,4.34679,0.0,0.0,Cc1ccc2c(c1)c1c(n2CCc2ccc(C)nc2)CCN(C)C1,False
GYTGGYLIEXABJO-UHFFFAOYSA-N,1,9.08884,9.08884,,9.08884,9.08884,0.0,0.0,O=C(NCCNc1c2c(nc3ccccc13)CCCC2)c1ccc(F)cc1,False
MNVLEOSJQKCUMW-UHFFFAOYSA-N,1,9.09205,9.09205,,9.09205,9.09205,0.0,0.0,O=C(NCCCNc1c2c(nc3ccccc13)CCCC2)c1ccc(F)cc1,False
OXDAHGHESMCUFV-UHFFFAOYSA-N,1,9.10568,9.10568,,9.10568,9.10568,0.0,0.0,O=C(NCCCCNc1c2c(nc3ccccc13)CCCC2)c1ccc(F)cc1,False
CMHPNWZOHZNFLB-UHFFFAOYSA-N,1,7.16178,7.16178,,7.16178,7.16178,0.0,0.0,c1ccc2c(NCCCCCCN3CCOCC3)c3c(nc2c1)CCCC3,False
GMQZFOMNKDBEQB-UHFFFAOYSA-N,1,7.35164,7.35164,,7.35164,7.35164,0.0,0.0,c1ccc2c(NCCCCCCCN3CCOCC3)c3c(nc2c1)CCCC3,False
RMOFGAOSNXMCIZ-UHFFFAOYSA-N,1,7.78252,7.78252,,7.78252,7.78252,0.0,0.0,c1ccc2c(NCCCCCCCCN3CCOCC3)c3c(nc2c1)CCCC3,False
PWPZNYJSIAPFAS-UHFFFAOYSA-N,1,7.46852,7.46852,,7.46852,7.46852,0.0,0.0,c1ccc2c(NCCCCCCCCCN3CCOCC3)c3c(nc2c1)CCCC3,False
YEDTVNQWFBUMMP-UHFFFAOYSA-N,1,7.54668,7.54668,,7.54668,7.54668,0.0,0.0,c1ccc2c(NCCCCCCCCCCN3CCOCC3)c3c(nc2c1)CCCC3,False
BFOOQYHXKGWIBI-UHFFFAOYSA-N,1,6.54821,6.54821,,6.54821,6.54821,0.0,0.0,O=c1c2ccc(OCCCCCCCNc3c4c(nc5ccccc35)CCCC4)cc2oc2ncccc12,False
CYAYCBCGPZWTLM-UHFFFAOYSA-N,1,7.85699,7.85699,,7.85699,7.85699,0.0,0.0,c1ccc2c(c1)Cc1c-2nc2ccccc2c1NCCCCCCCNc1c2c(nc3ccccc13)CCCC2,False
ASEDWXNMPGNYLM-UHFFFAOYSA-N,1,8.97881,8.97881,,8.97881,8.97881,0.0,0.0,Clc1ccc2c(NCCCCCCCNc3c4c(nc5ccccc35)-c3ccccc3C4)c3c(nc2c1)CCCC3,False
QUXSCHHIUKJGMX-UHFFFAOYSA-N,1,7.91721,7.91721,,7.91721,7.91721,0.0,0.0,Clc1ccc2c(NCCCCCCCNc3c4c(nc5cc(Cl)ccc35)-c3ccccc3C4)c3c(nc2c1)CCCC3,False
YKUWYPPZSUFMOI-UHFFFAOYSA-N,1,6.50864,6.50864,,6.50864,6.50864,0.0,0.0,Clc1ccc2c(NCCCCCCCOc3ccc(-c4cc5ccccc5o4)cc3)c3c(nc2c1)CCCC3,False
WJLFEPIYIQDTHA-UHFFFAOYSA-N,1,6.58838,6.58838,,6.58838,6.58838,0.0,0.0,Clc1ccc2c(NCCCCCCCOc3cccc(-c4cc5ccccc5o4)c3)c3c(nc2c1)CCCC3,False
NQXQNWAFOUTKOY-UHFFFAOYSA-N,1,6.34199,6.34199,,6.34199,6.34199,0.0,0.0,c1ccc2c(c1)Cc1c-2nc2ccccc2c1NCCCCCCCNc1c2c(nc3ccccc13)-c1ccccc1C2,False
NWKKJIKRNYNBQW-UHFFFAOYSA-N,1,4.58838,4.58838,,4.58838,4.58838,0.0,0.0,CC1CCN(c2nccc(NCc3cccc4ccccc34)n2)CC1,False
ZSZJENSOCJBMJJ-UHFFFAOYSA-N,1,4.0,4.0,,4.0,4.0,0.0,0.0,CC(C)(C)OC(=O)N1CCN(c2nccc(NC(c3ccccc3)c3ccccc3)n2)CC1,False
TYKPGRUYXMYNGZ-UHFFFAOYSA-N,1,4.80134,4.80134,,4.80134,4.80134,0.0,0.0,CC(C)N1CCN(c2nccc(NCc3cccc4ccccc34)n2)CC1,False
XRGDRBAOIBNRQZ-UHFFFAOYSA-N,1,4.77728,4.77728,,4.77728,4.77728,0.0,0.0,CC(C)C1CCN(c2nccc(NCc3cccc4ccccc34)n2)CC1,False
XCJNYXHURPREPK-UHFFFAOYSA-N,1,4.72125,4.72125,,4.72125,4.72125,0.0,0.0,CCCN1CCN(c2nccc(NCc3cccc4ccccc34)n2)CC1,False
DPVZNLKVPWECGM-UHFFFAOYSA-N,1,5.09691,5.09691,,5.09691,5.09691,0.0,0.0,c1ccc2c(CNc3ccnc(N4CCN(C5CCCCC5)CC4)n3)cccc2c1,False
VWSPYGVSTWEEDZ-UHFFFAOYSA-N,1,4.86012,4.86012,,4.86012,4.86012,0.0,0.0,CC(=O)N1CCN(c2nccc(NCc3cccc4ccccc34)n2)CC1,False
BJXFHKHIABEKFL-UHFFFAOYSA-N,1,4.29414,4.29414,,4.29414,4.29414,0.0,0.0,CC(C)(C)OC(=O)N1CCN(c2nccc(NCc3cccc4ccccc34)n2)CC1,False
XGFNUPSMSGUBHW-UHFFFAOYSA-N,1,4.75696,4.75696,,4.75696,4.75696,0.0,0.0,c1ccc2c(CNc3ccnc(N4CCNCC4)n3)cccc2c1,False
DHFIEEAUWIMEDU-UHFFFAOYSA-N,1,5.00877,5.00877,,5.00877,5.00877,0.0,0.0,OCCN1CCN(c2nccc(NCc3cccc4ccccc34)n2)CC1,False
DZIRKEXGKAKOQQ-UHFFFAOYSA-N,1,4.93181,4.93181,,4.93181,4.93181,0.0,0.0,COCCN1CCN(c2nccc(NCc3cccc4ccccc34)n2)CC1,False
QNWZDUYKZZHAGJ-UHFFFAOYSA-N,1,4.86328,4.86328,,4.86328,4.86328,0.0,0.0,CN1CCN(c2nccc(NC(c3ccccc3)c3ccccc3)n2)CC1,False
MPKJUPMKOWVRJN-UHFFFAOYSA-N,1,4.49214,4.49214,,4.49214,4.49214,0.0,0.0,CC1CCN(c2nccc(NC(c3ccccc3)c3ccccc3)n2)CC1,False
LEAAVIRMAKBSFE-UHFFFAOYSA-N,1,4.6925,4.6925,,4.6925,4.6925,0.0,0.0,CC(C)N1CCN(c2nccc(NC(c3ccccc3)c3ccccc3)n2)CC1,False
CVQHIOMRMRSNJG-UHFFFAOYSA-N,1,4.37161,4.37161,,4.37161,4.37161,0.0,0.0,CC(C)C1CCN(c2nccc(NC(c3ccccc3)c3ccccc3)n2)CC1,False
DYOASIUUFDKCDY-UHFFFAOYSA-N,1,4.83565,4.83565,,4.83565,4.83565,0.0,0.0,CCCN1CCN(c2nccc(NC(c3ccccc3)c3ccccc3)n2)CC1,False
PUBPSPLUBMSJBN-UHFFFAOYSA-N,1,5.0,5.0,,5.0,5.0,0.0,0.0,c1ccc(C(Nc2ccnc(N3CCN(C4CCCCC4)CC3)n2)c2ccccc2)cc1,False
CCGCMKRPCWRKHM-UHFFFAOYSA-N,1,4.5376,4.5376,,4.5376,4.5376,0.0,0.0,CC(=O)N1CCN(c2nccc(NC(c3ccccc3)c3ccccc3)n2)CC1,False
PSBOCDRVKVEKLS-UHFFFAOYSA-N,1,4.50446,4.50446,,4.50446,4.50446,0.0,0.0,c1ccc(C(Nc2ccnc(N3CCNCC3)n2)c2ccccc2)cc1,False
FZADFPZVKLQJAL-UHFFFAOYSA-N,1,4.66555,4.66555,,4.66555,4.66555,0.0,0.0,OCCN1CCN(c2nccc(NC(c3ccccc3)c3ccccc3)n2)CC1,False
XMNROCANBHGXJN-UHFFFAOYSA-N,1,4.40671,4.40671,,4.40671,4.40671,0.0,0.0,COCCN1CCN(c2nccc(NC(c3ccccc3)c3ccccc3)n2)CC1,False
NFCOLVLKQFZNOB-UHFFFAOYSA-N,1,4.75696,4.75696,,4.75696,4.75696,0.0,0.0,CN1CCN(c2nccc(NCc3cccc4ccccc34)n2)CC1,False
NHCDDUNWYVJRPS-NQLNTKRDSA-N,1,5.76955,5.76955,,5.76955,5.76955,0.0,0.0,CCCCC/C=C\C/C=C\CCCCCCCC(=O)OCCCc1cc(OC)c2oc(-c3ccc4c(c3)OCO4)cc2c1,False
GVZWPCDBHBSBHJ-KHPPLWFESA-N,1,5.74473,5.74473,,5.74473,5.74473,0.0,0.0,CCCCCCCC/C=C\CCCCCCCC(=O)OCCCc1cc(OC)c2oc(-c3ccc4c(c3)OCO4)cc2c1,False
AABHSZUTAUSICN-HZJYTTRNSA-N,1,5.56864,5.56864,,5.56864,5.56864,0.0,0.0,CCCCC/C=C\C/C=C\CCCCCCCC(=O)OCCCc1ccc2oc(-c3ccc4c(c3)OCO4)cc2c1,False
GIGIGVBVJACSBJ-KTKRTIGZSA-N,1,5.50864,5.50864,,5.50864,5.50864,0.0,0.0,CCCCCCCC/C=C\CCCCCCCC(=O)OCCCc1ccc2oc(-c3ccc4c(c3)OCO4)cc2c1,False
BBPHUJXUYWFQHY-UHFFFAOYSA-N,1,5.34679,5.34679,,5.34679,5.34679,0.0,0.0,COc1cc(CCCOC(=O)Nc2ccccc2)cc2cc(-c3ccc4c(c3)OCO4)oc12,False
MGCSMWCSVJYFBV-HNNXBMFYSA-N,1,5.22915,5.22915,,5.22915,5.22915,0.0,0.0,CC[C@H](C)C(=O)OCCCc1cc(OC)c2oc(-c3ccc4c(c3)OCO4)cc2c1,False
MBOVWBBJDJPNSN-HNNXBMFYSA-N,1,5.21467,5.21467,,5.21467,5.21467,0.0,0.0,CC[C@H](C)C(=O)OCCCc1ccc2oc(-c3ccc4c(c3)OCO4)cc2c1,False
SIYLLGKDQZGJHK-UHFFFAOYSA-N,1,5.64859,5.64859,,5.64859,5.64859,0.0,0.0,CC(C)(C)CC(C)(C)c1ccc(OCCOCC[N+](C)(C)Cc2ccccc2)cc1,False
YBHILYKTIRIUTE-UHFFFAOYSA-N,7,6.1549,6.2163385714285715,0.8429490625858039,4.75945,7.39794,0.2787499999999996,2.63849,COc1ccc2cc3[n+](cc2c1OC)CCc1cc2c(cc1-3)OCO2,False
FMMWHPNWAFZXNH-UHFFFAOYSA-N,1,4.55284,4.55284,,4.55284,4.55284,0.0,0.0,c1ccc2c(c1)cc1ccc3cccc4ccc2c1c34,False
ABJKWBDEJIDSJZ-UHFFFAOYSA-N,1,5.1607,5.1607,,5.1607,5.1607,0.0,0.0,CN(Cc1ccc(C(C)(C)C)cc1)Cc1cccc2ccccc12,False
PPQNQXQZIWHJRB-UHFFFAOYSA-N,1,4.6443,4.6443,,4.6443,4.6443,0.0,0.0,Cc1ccc2cc3c(ccc4ccccc43)c3c2c1CC3,False
NTDQQZYCCIDJRK-UHFFFAOYSA-N,1,4.9404,4.9404,,4.9404,4.9404,0.0,0.0,CCCCCCCCc1ccc(O)cc1,False
MJJALKDDGIKVBE-UHFFFAOYSA-N,1,5.1261,5.1261,,5.1261,5.1261,0.0,0.0,CC(C)(C)c1ccc(C(=O)CCCN2CCC(OC(c3ccccc3)c3ccccc3)CC2)cc1,False
LGLFFNDHMLKUMI-UHFFFAOYSA-N,1,5.23307,5.23307,,5.23307,5.23307,0.0,0.0,CN(C)c1ccc(C(=C2C=CC(=[N+](C)C)C=C2)c2ccc(N(C)C)cc2)cc1,False
LEZWWPYKPKIXLL-UHFFFAOYSA-N,1,4.86401,4.86401,,4.86401,4.86401,0.0,0.0,Clc1ccc(COC(Cn2ccnc2)c2ccc(Cl)cc2Cl)cc1,False
ACGUYXCXAPNIKK-UHFFFAOYSA-N,1,5.52073,5.52073,,5.52073,5.52073,0.0,0.0,Oc1c(Cl)cc(Cl)c(Cl)c1Cc1c(O)c(Cl)cc(Cl)c1Cl,False
AOXRBFRFYPMWLR-XGXHKTLJSA-N,1,5.18682,5.18682,,5.18682,5.18682,0.0,0.0,CC[C@]1(O)CC[C@H]2[C@@H]3CCC4=CCCC[C@@H]4[C@H]3CC[C@@]21C,False
YMTINGFKWWXKFG-UHFFFAOYSA-N,1,4.80824,4.80824,,4.80824,4.80824,0.0,0.0,CC(C)OC(=O)C(C)(C)Oc1ccc(C(=O)c2ccc(Cl)cc2)cc1,False
YZFWTZACSRHJQD-UHFFFAOYSA-N,1,4.82316,4.82316,,4.82316,4.82316,0.0,0.0,CC1(COc2ccc(CC3SC(=O)NC3=O)cc2)CCCCC1,False
JMPFSEBWVLAJKM-UHFFFAOYSA-N,1,5.53003,5.53003,,5.53003,5.53003,0.0,0.0,Cc1cc(C(C#N)c2ccc(Cl)cc2)c(Cl)cc1NC(=O)c1cc(I)cc(I)c1O,False
VNFPBHJOKIVQEB-UHFFFAOYSA-N,1,4.71197,4.71197,,4.71197,4.71197,0.0,0.0,Clc1ccccc1C(c1ccccc1)(c1ccccc1)n1ccnc1,False
RGLYKWWBQGJZGM-ISLYRVAYSA-N,1,4.59261,4.59261,,4.59261,4.59261,0.0,0.0,CC/C(=C(/CC)c1ccc(O)cc1)c1ccc(O)cc1,False
NEUSVAOJNUQRTM-UHFFFAOYSA-N,1,5.56019,5.56019,,5.56019,5.56019,0.0,0.0,CCCCCCCCCCCCCCCC[n+]1ccccc1,False
SGXXNSQHWDMGGP-UHFFFAOYSA-N,1,5.25068,5.25068,,5.25068,5.25068,0.0,0.0,CNC(=C[N+](=O)[O-])NCCSCc1csc(CN(C)C)n1,False
QRJJEGAJXVEBNE-HKOYGPOVSA-N,1,5.33287,5.33287,,5.33287,5.33287,0.0,0.0,Clc1ccc(CO/N=C(\Cn2ccnc2)c2ccc(Cl)cc2Cl)c(Cl)c1,False
GPKJTRJOBQGKQK-UHFFFAOYSA-N,1,5.57398,5.57398,,5.57398,5.57398,0.0,0.0,CCN(CC)CCCC(C)Nc1c2ccc(Cl)cc2nc2ccc(OC)cc12,False
BYBLEWFAAKGYCD-UHFFFAOYSA-N,1,4.72911,4.72911,,4.72911,4.72911,0.0,0.0,Clc1ccc(COC(Cn2ccnc2)c2ccc(Cl)cc2Cl)c(Cl)c1,False
WZHJKEUHNJHDLS-QTGUNEKASA-N,1,5.8716,5.8716,,5.8716,5.8716,0.0,0.0,CN1C[C@H](CNC(=O)OCc2ccccc2)C[C@@H]2c3cccc4c3c(cn4C)C[C@H]21,False
UWKQSNNFCGGAFS-XIFFEERXSA-N,1,5.73826,5.73826,,5.73826,5.73826,0.0,0.0,CCc1c2c(nc3ccc(OC(=O)N4CCC(N5CCCCC5)CC4)cc13)-c1cc3c(c(=O)n1C2)COC(=O)[C@]3(O)CC,False
BLSQLHNBWJLIBQ-UHFFFAOYSA-N,1,4.66609,4.66609,,4.66609,4.66609,0.0,0.0,CC(C)N1CCN(c2ccc(OCC3COC(Cn4cncn4)(c4ccc(Cl)cc4Cl)O3)cc2)CC1,False
GZUITABIAKMVPG-UHFFFAOYSA-N,1,6.39794,6.39794,,6.39794,6.39794,0.0,0.0,O=C(c1ccc(OCCN2CCCCC2)cc1)c1c(-c2ccc(O)cc2)sc2cc(O)ccc12,False
PAPNIDWABUXIRG-UHFFFAOYSA-N,1,6.59176,6.59176,,6.59176,6.59176,0.0,0.0,CCN(CCCCCCNC(=O)CCCCC1CCSS1)Cc1ccccc1OC,False
GLEYGYRXUBEHAQ-UHFFFAOYSA-N,1,8.57512,8.57512,,8.57512,8.57512,0.0,0.0,O=C(CCCCc1cccs1)NCCCNc1c2c(nc3cc(Cl)ccc13)CCCC2,False
QVGXTQPZHCDXRZ-GOSISDBHSA-N,1,9.63827,9.63827,,9.63827,9.63827,0.0,0.0,O=C(CCCC[C@@H]1CCSS1)NCCCNc1c2c(nc3cc(Cl)ccc13)CCCC2,False
QVGXTQPZHCDXRZ-SFHVURJKSA-N,1,9.32698,9.32698,,9.32698,9.32698,0.0,0.0,O=C(CCCC[C@H]1CCSS1)NCCCNc1c2c(nc3cc(Cl)ccc13)CCCC2,False
IEDFSYAYEIZFGF-UHFFFAOYSA-N,1,4.13018,4.13018,,4.13018,4.13018,0.0,0.0,COc1cccc(C(C)N(C)CCCNC(=O)CCCCC2CCSS2)c1,False
ZRDZIXJPHJDNOM-UHFFFAOYSA-N,1,4.5986,4.5986,,4.5986,4.5986,0.0,0.0,CC(c1cccc(OCCCNC(=O)CCCCC2CCSS2)c1)N(C)C,False
SUYXUDHQNHYYJQ-UHFFFAOYSA-N,1,5.65758,5.65758,,5.65758,5.65758,0.0,0.0,C=CCCCNc1c2c(nc3ccc(OC)cc13)CCCC2,False
OHVOPLCDAMQVTG-UHFFFAOYSA-N,1,5.33724,5.33724,,5.33724,5.33724,0.0,0.0,COc1ccc2nc3c(c(N4CCCCCN(c5c6c(nc7ccc(OC)cc57)CCCC6)CCCCC4)c2c1)CCCC3,False
NRUOFFXMUJBBHF-UHFFFAOYSA-N,1,4.05012,4.05012,,4.05012,4.05012,0.0,0.0,C=CC(CBr)Nc1c2c(nc3ccc(OC)cc13)CCCC2,False
UPFROXHCAPHGNO-MHOQKGQJSA-N,1,4.73636,4.73636,,4.73636,4.73636,0.0,0.0,COC(=O)[C@H](C)CC(=O)C[C@@H](C)[C@H]1C[C@@H]2OC(C)(C)O[C@H]3C[C@H]4C(C)(C)C(=O)CC[C@]4(C)C4=C3[C@@]2(C)[C@]1(C)CC4=O,False
MAUFFTGQSVHXFC-AWLFVXQHSA-N,1,5.02687,5.02687,,5.02687,5.02687,0.0,0.0,CCCCOC(=O)C(C)CC(=O)C[C@@H](C)[C@H]1CC(=O)[C@@]2(C)C3=C(C(=O)[C@@H](OC(C)=O)[C@]12C)[C@@]1(C)CC[C@H](O)C(C)(C)[C@@H]1CC3=O,False
GBFBBVYGZAABTI-LEEGDDNGSA-N,1,4.51913,4.51913,,4.51913,4.51913,0.0,0.0,COC(=O)C(C)CC(=O)C[C@@H](C)[C@H]1C[C@H](O)[C@@]2(C)C3=C(C(=O)C[C@]12C)[C@@]1(C)CCC(=O)C(C)(C)[C@@H]1C[C@@H]3O,False
LWPLEHFGBRFRKI-BBFKVXDGSA-N,1,4.64532,4.64532,,4.64532,4.64532,0.0,0.0,CC(CC(=O)C[C@@H](C)[C@H]1CC(=O)[C@@]2(C)C3=C(C(=O)C[C@]12C)[C@@]1(C)CC[C@H](O)C(C)(C)[C@@H]1C[C@@H]3O)C(=O)O,False
VBGDQDJVTLQGNO-JXLWEQSJSA-N,1,4.73636,4.73636,,4.73636,4.73636,0.0,0.0,C[C@H](CC(=O)C[C@@H](C)[C@H]1CC(=O)[C@@]2(C)C3=C(C(=O)C[C@]12C)[C@@]1(C)CCC(=O)C(C)(C)[C@@H]1CC3=O)C(=O)O,False
XRXBNTYHQXKSAO-SXTFGQQDSA-N,1,4.63884,4.63884,,4.63884,4.63884,0.0,0.0,CC(CC(=O)C[C@@H](C)[C@H]1C[C@H](O)[C@@]2(C)C3=C(C(=O)C[C@]12C)[C@@]1(C)CCC(=O)C(C)(C)[C@@H]1CC3)C(=O)O,False
AOXXVRDKZLRGTJ-AZIDVCJLSA-N,1,4.57219,4.57219,,4.57219,4.57219,0.0,0.0,C/C(=C\CC[C@@H](C)[C@H]1CC[C@@]2(C)C3=CC[C@H]4C(C)(C)[C@@H](O)CC[C@]4(C)C3=CC[C@]12C)CO,False
HUTCYUJPLOTDMX-SPPZYOJVSA-N,1,4.67551,4.67551,,4.67551,4.67551,0.0,0.0,C/C(=C\CC[C@@H](C)[C@H]1CC[C@@]2(C)C3=CC[C@H]4C(C)(C)[C@@H](O)CC[C@]4(C)C3=CC[C@]12C)C(=O)O,False
JVGJXXNUVVQEIG-MCKXIFHVSA-N,1,4.66075,4.66075,,4.66075,4.66075,0.0,0.0,C[C@H](CCC=C(CO)CO)[C@H]1CC[C@@]2(C)C3=CC[C@H]4C(C)(C)C(=O)CC[C@]4(C)C3=CC[C@]12C,False
BLTRPNNWBNKAEH-LCWRUPSGSA-N,1,4.78861,4.78861,,4.78861,4.78861,0.0,0.0,C[C@H](CC[C@H](O)C(C)(C)O)[C@H]1CC[C@@]2(C)C3=CC[C@H]4C(C)(C)[C@@H](O)CC[C@]4(C)C3=CC[C@]12C,False
AAJIHHYEPHRIET-IYWVPRTKSA-N,1,4.60067,4.60067,,4.60067,4.60067,0.0,0.0,C[C@H](CC[C@@H](O)C(C)(C)O)[C@H]1CC[C@@]2(C)C3=CC[C@H]4C(C)(C)C(=O)CC[C@]4(C)C3=CC[C@]12C,False
KASALCUNLBTNAA-LIPCCPSCSA-N,1,4.6515,4.6515,,4.6515,4.6515,0.0,0.0,C[C@H](CC[C@H](O)[C@](C)(O)CO)[C@H]1CC[C@@]2(C)C3=CC[C@H]4C(C)(C)C(=O)CC[C@]4(C)C3=CC[C@]12C,False
AZPOACUDFJKUHJ-GPEQXWBKSA-N,1,4.50822,4.50822,,4.50822,4.50822,0.0,0.0,C/C(=C\CC[C@@H](C)[C@H]1CC[C@@]2(C)C3=C(CC[C@]12C)[C@@]1(C)CC[C@H](O)C(C)(C)[C@@H]1CC3=O)CO,False
YBGBNHHXOJXFNM-UQCMLMITSA-N,1,4.58653,4.58653,,4.58653,4.58653,0.0,0.0,C[C@H](CCC(=O)O)[C@H]1CC(=O)[C@@]2(C)C3=C(C(=O)C[C@]12C)[C@@]1(C)CC[C@H](O)C(C)(C)[C@@H]1C[C@@H]3O,False
INIPQDKLXQHEAJ-NCQSLMINSA-N,1,4.61907,4.61907,,4.61907,4.61907,0.0,0.0,C[C@H](CCC(=O)O)[C@H]1CC(=O)[C@@]2(C)C3=C(C(=O)C[C@]12C)[C@@]1(C)CCC(=O)C(C)(C)[C@@H]1C[C@@H]3O,False
GWCYTRLXOGOLBZ-JWPMPFJRSA-N,1,4.76599,4.76599,,4.76599,4.76599,0.0,0.0,COC(=O)CC[C@@H](C)[C@H]1CC(=O)[C@@]2(C)C3=C(C(=O)[C@@H](OC(C)=O)[C@]12C)[C@@]1(C)CC[C@H](O)C(C)(C)[C@@H]1CC3=O,False
CYIDHGULAFNHLR-CGMRBEOHSA-N,1,4.93629,4.93629,,4.93629,4.93629,0.0,0.0,CCCCOC(=O)CC[C@@H](C)[C@H]1CC[C@@]2(C)C3=C(C(=O)C[C@]12C)[C@@]1(C)CC[C@H](O)C(C)(C)[C@@H]1C[C@@H]3O,False
PFVUOICHJASGEX-PRZQFCORSA-N,1,4.91151,4.91151,,4.91151,4.91151,0.0,0.0,CCCCOC(=O)CC[C@@H](C)[C@H]1CC[C@@]2(C)C3=C(C(=O)C[C@]12C)[C@@]1(C)CCC(=O)C(C)(C)[C@@H]1C[C@@H]3O,False
PRKYJSGLTUYCPF-UHFFFAOYSA-N,1,5.25181,5.25181,,5.25181,5.25181,0.0,0.0,CCCOCCn1c(=O)nc(NC2CCC(O)CC2)c2nnc(-c3ccc(OC)nc3)cc21,False
KEPWYKBQWJYLMT-UHFFFAOYSA-N,1,4.0,4.0,,4.0,4.0,0.0,0.0,Nc1c2c(nc3oc(-c4ccccc4)cc13)CCCC2,False
VRGOOLXPHWCIIA-UHFFFAOYSA-N,1,4.34199,4.34199,,4.34199,4.34199,0.0,0.0,Nc1c2c(nc3c1cc(-c1ccccc1)n3-c1ccccc1)CCCC2,False
WBYXOCICGJQRPO-UHFFFAOYSA-N,1,4.0,4.0,,4.0,4.0,0.0,0.0,Cc1ccc(-c2cc3c(N)c4c(nc3o2)CCCC4)cc1,False
RWPNPBZHXLMADD-UHFFFAOYSA-N,1,4.0,4.0,,4.0,4.0,0.0,0.0,Nc1c2c(nc3oc(-c4ccc(Cl)cc4)cc13)CCCC2,False
UOYVNQPKSGWCET-UHFFFAOYSA-N,1,4.0,4.0,,4.0,4.0,0.0,0.0,N#Cc1c(-c2ccc(Cl)cc2)oc2nc3c(c(N)c12)CCCC3,False
XOWVPELMLPDDSD-UHFFFAOYSA-N,1,4.18709,4.18709,,4.18709,4.18709,0.0,0.0,C#CCOP(C)(=O)OC(C(F)(F)F)C(F)(F)F,False
OEFVRNNHTUIANX-UHFFFAOYSA-N,1,4.36051,4.36051,,4.36051,4.36051,0.0,0.0,C#CCOP(C)(=O)OC(C(=O)OC)C(F)(F)F,False
NHKALDYCLFCPIU-UHFFFAOYSA-N,1,7.30103,7.30103,,7.30103,7.30103,0.0,0.0,COc1cc2c(cc1OC)C(=O)C(Oc1ccc(CN3CCCC3)cc1)C2,False
ADCBAOTWERXLAP-UHFFFAOYSA-N,4,6.255865,6.109045,0.45743445275434447,5.46852,6.45593,0.18220999999999998,0.9874100000000006,C#CCN(C)Cc1cc2cc(OCCCC3CCN(Cc4ccccc4)CC3)ccc2n1C,False
VVIKQVODDMCZOV-UHFFFAOYSA-N,1,6.72125,6.72125,,6.72125,6.72125,0.0,0.0,COc1ccccc1NCc1cc(=O)oc2cc3oc4ccccc4c3cc12,False
XPLUXJZLCXRYPW-UHFFFAOYSA-N,1,6.56067,6.56067,,6.56067,6.56067,0.0,0.0,COc1cc2c(C)c(OC)c(=O)oc2cc1OCCCCOc1cc(O)cc(N(C)C)c1,False
INGQQCBCWQDABA-UHFFFAOYSA-N,1,9.62709,9.62709,,9.62709,9.62709,0.0,0.0,COc1cc2oc(=O)c(OCCCCOc3cc(O)cc(N(C)C)c3)c(C)c2cc1OC,False
REXRIHWOPDXJCK-UHFFFAOYSA-N,2,6.17934,6.17934,2.5916170637268143,4.34679,8.01189,1.8325499999999995,3.665099999999999,CCN(CCCCCCNC1=CC(=O)c2ccccc2C1=O)Cc1ccccc1OC,True
VSXXENJQNPVAGO-UHFFFAOYSA-N,1,7.5544,7.5544,,7.5544,7.5544,0.0,0.0,CCN(CCCCCCNC1=CC(=O)c2ncccc2C1=O)Cc1ccccc1OC,False
ASNWOHSUKKNPGO-UHFFFAOYSA-N,1,7.5376,7.5376,,7.5376,7.5376,0.0,0.0,CCN(CCCCCCNC1=CC(=O)C(C)=C(C)C1=O)Cc1ccccc1OC,False
CJKYCZXICOUJLW-UHFFFAOYSA-N,1,7.18509,7.18509,,7.18509,7.18509,0.0,0.0,CCN(CCCCCCNC1=CC(=O)C(OC)=CC1=O)Cc1ccccc1OC,False
YOWLFNDAAHIOHS-UHFFFAOYSA-N,1,5.73283,5.73283,,5.73283,5.73283,0.0,0.0,COc1ccccc1CNCCCCCCNC1=CC(=O)c2ccccc2C1=O,False
ISBGQOHRYTVWEM-UHFFFAOYSA-N,1,4.19044,4.19044,,4.19044,4.19044,0.0,0.0,NCCCCCCNC1=CC(=O)c2ccccc2C1=O,False
GTXDMAYGPYHYSQ-UHFFFAOYSA-N,1,4.76447,4.76447,,4.76447,4.76447,0.0,0.0,COc1ccccc1CN1CCC(N2CCC(NC3=CC(=O)c4ccccc4C3=O)CC2)CC1,False
HDRFYRNIKMJEQI-UHFFFAOYSA-N,1,4.61261,4.61261,,4.61261,4.61261,0.0,0.0,COC1=CC(=O)C(N2CCC(C3CCN(Cc4ccccc4OC)CC3)CC2)=CC1=O,False
QNTWTOFKOMJGGB-MDWZMJQESA-N,1,4.35655,4.35655,,4.35655,4.35655,0.0,0.0,O/N=C/C1=NCCN1Cc1ccccc1,False
VGADCCIIACVZDV-GIDUJCDVSA-N,1,4.61979,4.61979,,4.61979,4.61979,0.0,0.0,O/N=C/C1=NCCN1Cc1ccc(Cl)cc1Cl,False
LJUJGGALEIQGCB-AERZKKPOSA-N,1,4.07058,4.07058,,4.07058,4.07058,0.0,0.0,O/N=C/C1=NCCN1Cc1cc(C(F)(F)F)cc(C(F)(F)F)c1,False
GNZUHDXWKTYAQS-FMIVXFBMSA-N,1,4.67778,4.67778,,4.67778,4.67778,0.0,0.0,CCCCCN1CCCN=C1/C=N/O,False
VMWFSJCCKWOCDE-NTEUORMPSA-N,1,4.55284,4.55284,,4.55284,4.55284,0.0,0.0,O/N=C/C1=NCCCN1Cc1ccccc1,False
BTGQVTBIXAMVNG-FRKPEAEDSA-N,1,5.04576,5.04576,,5.04576,5.04576,0.0,0.0,O/N=C/C1=NCCCN1Cc1ccc(Cl)cc1Cl,False
HJBVDGBZPROGET-QPJQQBGISA-N,1,4.34679,4.34679,,4.34679,4.34679,0.0,0.0,O/N=C/C1=NCCCN1Cc1cc(C(F)(F)F)cc(C(F)(F)F)c1,False
OJMROSJFAHVVOD-NTUHNPAUSA-N,1,4.03152,4.03152,,4.03152,4.03152,0.0,0.0,CCCCN1CC(C)(C)CN=C1/C=N/O,False
FAFOJSDIPNFWOO-RIYZIHGNSA-N,1,4.05061,4.05061,,4.05061,4.05061,0.0,0.0,CCCCCN1CC(C)(C)CN=C1/C=N/O,False
FGGDEBNQOUZMTE-LMMFKTOUSA-N,1,4.88606,4.88606,,4.88606,4.88606,0.0,0.0,CCCCC/N=C(/C=N/O)N(C)C,False
MVZMACZJWAYPSH-IRLYEXJDSA-N,1,4.76955,4.76955,,4.76955,4.76955,0.0,0.0,CC(C)CC/N=C(/C=N/O)N(C)C,False
NBPMBUMRCIBTAH-ABGYPUNPSA-N,1,4.26761,4.26761,,4.26761,4.26761,0.0,0.0,CCCC/N=C(/C=N/O)N(C)C,False
HXSRAKGAZOSYEH-WFQOKMFZSA-N,1,4.49621,4.49621,,4.49621,4.49621,0.0,0.0,COc1ccc([C@H]2Oc3cc(O)c(C/C=C(\C)CCC=C(C)C)c(O)c3C(=O)[C@@H]2O)cc1O,False
YHOYRZLJSAAOGW-WFQOKMFZSA-N,1,4.31426,4.31426,,4.31426,4.31426,0.0,0.0,COc1cc([C@H]2Oc3cc(O)c(C/C=C(\C)CCC=C(C)C)c(O)c3C(=O)[C@@H]2O)ccc1O,False
IZMSMYAPBBZFQP-IMTZNOAFSA-N,1,4.80688,4.80688,,4.80688,4.80688,0.0,0.0,COc1c(O)cc(C2Oc3cc(O)c(C/C=C(\C)CCC=C(C)C)c(O)c3C(=O)[C@@H]2O)cc1O,False
FVUVHWPNLPHERN-SICWBLJQSA-N,1,4.03433,4.03433,,4.03433,4.03433,0.0,0.0,COc1ccc([C@@H]2CC(=O)c3c(cc(O)c(C/C=C(\C)CCC=C(C)C)c3O)O2)cc1O,False
GMGRYHOHJJROMP-OVCLIPMQSA-N,1,4.64016,4.64016,,4.64016,4.64016,0.0,0.0,COc1c(O)cc(C2CC(=O)c3c(cc(O)c(C/C=C(\C)CCC=C(C)C)c3O)O2)cc1O,False
XYIQIBWIEGCVQY-RWHUQTJRSA-N,1,4.03858,4.03858,,4.03858,4.03858,0.0,0.0,CC(C)=CCC/C(C)=C/Cc1c(O)cc2c(c1O)C(=O)C[C@@H](c1ccc(O)cc1)O2,False
XCYSQFHYFNWYFP-CEMXSPGASA-N,1,5.14267,5.14267,,5.14267,5.14267,0.0,0.0,CC(C)=CCC/C(C)=C/Cc1c(O)cc2c(c1O)C(=O)C[C@@H](c1ccc(O)c(O)c1)O2,False
DBUWWODVSCMGDY-IZZNHLLZSA-N,1,8.87615,8.87615,,8.87615,8.87615,0.0,0.0,CC1=C[C@@H]2Cc3nc4cc(Cl)ccc4c(NCCCCCCCNc4c5c(nc6ccccc46)CCCC5)c3[C@H](C1)C2,False
DBUWWODVSCMGDY-FTJBHMTQSA-N,1,8.16494,8.16494,,8.16494,8.16494,0.0,0.0,CC1=C[C@H]2Cc3nc4cc(Cl)ccc4c(NCCCCCCCNc4c5c(nc6ccccc46)CCCC5)c3[C@@H](C1)C2,False
YFDJQAZBRSGJIT-UHFFFAOYSA-N,1,9.37675,9.37675,,9.37675,9.37675,0.0,0.0,CC1=CC2Cc3nc4cc(Cl)ccc4c(NCCCN(C)CCCNc4c5c(nc6ccccc46)CCCC5)c3C(C1)C2,False
PHMROSHDKYSTRK-UHFFFAOYSA-N,1,8.45223,8.45223,,8.45223,8.45223,0.0,0.0,CC1=CC2Cc3nc4cc(Cl)ccc4c(NCCCCCCCCCNc4c5c(nc6ccccc46)CCCC5)c3C(C1)C2,False
SWOKEIJMLYUVPF-UHFFFAOYSA-N,1,8.37779,8.37779,,8.37779,8.37779,0.0,0.0,CC1=CC2Cc3nc4cc(Cl)ccc4c(NCCCCCCCCCCNc4c5c(nc6ccccc46)CCCC5)c3C(C1)C2,False
GCPORJYZTJZXFH-LOSJGSFVSA-N,1,8.69037,8.69037,,8.69037,8.69037,0.0,0.0,CC1=C[C@@H]2Cc3nc4cc(Cl)ccc4c(NCCCCCCCNc4c5c(nc6cc(Cl)ccc46)CCCC5)c3[C@H](C1)C2,False
GCPORJYZTJZXFH-RPBOFIJWSA-N,1,7.9393,7.9393,,7.9393,7.9393,0.0,0.0,CC1=C[C@H]2Cc3nc4cc(Cl)ccc4c(NCCCCCCCNc4c5c(nc6cc(Cl)ccc46)CCCC5)c3[C@@H](C1)C2,False
DLMKTWKCMCVAMJ-UHFFFAOYSA-N,1,9.50864,9.50864,,9.50864,9.50864,0.0,0.0,CC1=CC2Cc3nc4cc(Cl)ccc4c(NCCCN(C)CCCNc4c5c(nc6cc(Cl)ccc46)CCCC5)c3C(C1)C2,False
IMMJGBGHWQTBLQ-UHFFFAOYSA-N,1,8.48678,8.48678,,8.48678,8.48678,0.0,0.0,CC1=CC2Cc3nc4cc(Cl)ccc4c(NCCCCCCCCCNc4c5c(nc6cc(Cl)ccc46)CCCC5)c3C(C1)C2,False
LUGRPYHMYKPOKB-UHFFFAOYSA-N,1,8.04144,8.04144,,8.04144,8.04144,0.0,0.0,CC1=CC2Cc3nc4cc(Cl)ccc4c(NCCCCCCCCCCNc4c5c(nc6cc(Cl)ccc46)CCCC5)c3C(C1)C2,False
UKCBMHDZLYYTMI-WDEREUQCSA-N,3,9.36653,9.287943333333333,0.13611609946414563,9.13077,9.36653,0.0,0.23575999999999908,CC1=C[C@@H]2Cc3nc4cc(Cl)ccc4c(N)c3[C@H](C1)C2,False
UKCBMHDZLYYTMI-MNOVXSKESA-N,5,7.83863,7.311706000000001,0.7470120059476955,6.49349,7.86646,0.0278299999999998,1.3729699999999996,CC1=C[C@H]2Cc3nc4cc(Cl)ccc4c(N)c3[C@@H](C1)C2,False
RERZNCLIYCABFS-UHFFFAOYSA-N,1,4.62525,4.62525,,4.62525,4.62525,0.0,0.0,COc1ccc2c3c([nH]c2c1)C(C)=NCC3,False
BSESTDRCWOIFNQ-UHFFFAOYSA-N,1,4.30338,4.30338,,4.30338,4.30338,0.0,0.0,COc1ccc2c(ccc[n+]2C)c1,False
VMEIRNBRMXRIIJ-UHFFFAOYSA-N,1,5.27654,5.27654,,5.27654,5.27654,0.0,0.0,COc1ccc2c(ccc[n+]2Cc2ccccc2)c1,False
VFOGOXRSGPCZGG-QPFJEDRLSA-N,1,6.64397,6.64397,,6.64397,6.64397,0.0,0.0,CC[C@H]1C[C@@H]2C[C@H]3c4[nH]c5cc([C@@H]6C[C@H]7C(C(=O)OC)[C@@H](Cc8c6[nH]c6ccccc86)N(C)C[C@H]7CC)ccc5c4CCN(C2)[C@@H]13,False
PKHROTRJQXGCIW-XIVABZEMSA-N,1,7.14874,7.14874,,7.14874,7.14874,0.0,0.0,CC[C@H]1C[C@@H]2CN3CCc4c([nH]c5cc([C@H]6C[C@H]7C(C(=O)OC)[C@H](Cc8c6[nH]c6ccccc86)N(C)C[C@H]7CC)ccc45)[C@](C(=O)OC)(C2)[C@H]13,False
VNWJCXLTKRADKP-UHFFFAOYSA-N,1,10.04576,10.04576,,10.04576,10.04576,0.0,0.0,O=C(NCCCCCCCCCCNc1c2c(nc3cc(Cl)ccc13)CCCC2)c1cc(=O)c2cc(O)c(O)cc2o1,False
YMRPMJKWTYJBPC-UHFFFAOYSA-N,1,8.18709,8.18709,,8.18709,8.18709,0.0,0.0,O=C(NCCCCCCCCCCNc1c2c(nc3ccccc13)CCCC2)c1cc(=O)c2cc(O)c(O)cc2o1,False
FUYCPEKODNDZTA-UHFFFAOYSA-N,1,10.18709,10.18709,,10.18709,10.18709,0.0,0.0,O=C(NCCCCCCCCCCNc1c2c(nc3cc(Cl)ccc13)CCCC2)c1cc(=O)c2c(O)cc(O)cc2o1,False
ZUULLQGMZOHIHX-UHFFFAOYSA-N,1,10.45593,10.45593,,10.45593,10.45593,0.0,0.0,COc1cc(O)c2c(=O)cc(C(=O)NCCCCCCCCCCNc3c4c(nc5cc(Cl)ccc35)CCCC4)oc2c1,False
VXCQEWKLZIACMS-UHFFFAOYSA-N,1,8.63827,8.63827,,8.63827,8.63827,0.0,0.0,O=C(NCCCCCCCCCCNc1c2c(nc3ccccc13)CCCC2)c1cc(=O)c2c(O)cc(O)cc2o1,False
RRTQIJJHXQOLEO-UHFFFAOYSA-N,1,9.0,9.0,,9.0,9.0,0.0,0.0,COc1cc(O)c2c(=O)cc(C(=O)NCCCCCCCCCCNc3c4c(nc5ccccc35)CCCC4)oc2c1,False
DULLYLROEIJODI-UHFFFAOYSA-N,1,9.0,9.0,,9.0,9.0,0.0,0.0,O=C(NCCCCCCCCCCNc1c2c(nc3cc(Cl)ccc13)CCCC2)c1cc(=O)c2cc(O)ccc2o1,False
GQYKIJZPMPGPIM-UHFFFAOYSA-N,1,8.09691,8.09691,,8.09691,8.09691,0.0,0.0,O=C(NCCCCCCCCCCNc1c2c(nc3ccccc13)CCCC2)c1cc(=O)c2cc(O)ccc2o1,False
KBYFEQRBOAAMSZ-UHFFFAOYSA-N,1,9.69897,9.69897,,9.69897,9.69897,0.0,0.0,COc1cc2oc(C(=O)NCCCCCCCCCCNc3c4c(nc5cc(Cl)ccc35)CCCC4)cc(=O)c2cc1OC,False
QDCAJVSXNYAGPD-UHFFFAOYSA-N,1,8.74473,8.74473,,8.74473,8.74473,0.0,0.0,COc1cc2oc(C(=O)NCCCCCCCCCCNc3c4c(nc5ccccc35)CCCC4)cc(=O)c2cc1OC,False
DWXXMYCVGFGBCQ-UHFFFAOYSA-N,1,9.45593,9.45593,,9.45593,9.45593,0.0,0.0,COc1cc(OC)c2c(=O)cc(C(=O)NCCCCCCCCCCNc3c4c(nc5cc(Cl)ccc35)CCCC4)oc2c1,False
ZGZSZRMYJSHPOQ-UHFFFAOYSA-N,1,8.63827,8.63827,,8.63827,8.63827,0.0,0.0,COc1cc(OC)c2c(=O)cc(C(=O)NCCCCCCCCCCNc3c4c(nc5ccccc35)CCCC4)oc2c1,False
SXRQIJKFEIRDFT-UHFFFAOYSA-N,1,10.0,10.0,,10.0,10.0,0.0,0.0,COc1ccc2oc(C(=O)NCCCCCCCCCCNc3c4c(nc5cc(Cl)ccc35)CCCC4)cc(=O)c2c1,False
UTKKDZJOGSGJSU-UHFFFAOYSA-N,1,9.1107,9.1107,,9.1107,9.1107,0.0,0.0,COc1ccc2oc(C(=O)NCCCCCCCCCCNc3c4c(nc5ccccc35)CCCC4)cc(=O)c2c1,False
PLKUANBZKFHKND-UHFFFAOYSA-N,1,9.52288,9.52288,,9.52288,9.52288,0.0,0.0,O=C(NCCCCCCCCCCNc1c2c(nc3cc(Cl)ccc13)CCCC2)c1cc(=O)c2ccccc2o1,False
RDTFFLFEGIKFDL-UHFFFAOYSA-N,1,7.75696,7.75696,,7.75696,7.75696,0.0,0.0,O=C(NCCCCCCCCCCNc1c2c(nc3ccccc13)CCCC2)c1cc(=O)c2ccccc2o1,False
MMPJDGQUUIZMGJ-UHFFFAOYSA-N,1,6.18709,6.18709,,6.18709,6.18709,0.0,0.0,C#CCN1CCc2nc3nc(N4CCCC4)c(C#N)cc3c(N)c2C1,False
LPCKLAOPKGFZKH-UHFFFAOYSA-N,1,7.12552,7.12552,,7.12552,7.12552,0.0,0.0,CN(CCCOc1ccc2ccc(=O)oc2c1)Cc1cccc(OC(=O)NCCCCCc2ccccc2)c1,False
SBQAIYUBGADZLI-UHFFFAOYSA-N,1,6.92445,6.92445,,6.92445,6.92445,0.0,0.0,CN(CCCOc1ccc2ccc(=O)oc2c1)Cc1cccc(OC(=O)NCCCCCCCN2CCOCC2)c1,False
UAAXSLDYQFFMML-UHFFFAOYSA-N,1,7.04818,7.04818,,7.04818,7.04818,0.0,0.0,CN(CCCOc1ccc2c(=O)c3cccnc3oc2c1)Cc1cccc(OC(=O)NCCCCCc2ccccc2)c1,False
ZFRILRHOSKWEAM-UHFFFAOYSA-N,1,6.85699,6.85699,,6.85699,6.85699,0.0,0.0,CN(CCCOc1ccc2c(=O)c3cccnc3oc2c1)Cc1cccc(OC(=O)NCCCCCCCN2CCOCC2)c1,False
PCQQLSGOOJZBEN-UHFFFAOYSA-N,1,4.89963,4.89963,,4.89963,4.89963,0.0,0.0,c1ccc(CN2CCC(Nc3nccc(NCc4ccc5c(c4)OCO5)n3)CC2)cc1,False
HRNBEQMXRSPNKX-UHFFFAOYSA-N,1,4.98716,4.98716,,4.98716,4.98716,0.0,0.0,COc1cc(CNc2ccnc(NC3CCN(Cc4ccccc4)CC3)n2)cc(OC)c1OC,False
RSFRMMSXJWXLBM-UHFFFAOYSA-N,1,5.00436,5.00436,,5.00436,5.00436,0.0,0.0,COc1ccc(CNc2ccnc(NC3CCN(Cc4ccccc4)CC3)n2)cc1OC,False
JCSHNHCWHQCGHC-UHFFFAOYSA-N,1,5.02687,5.02687,,5.02687,5.02687,0.0,0.0,COc1ccc(CNc2ccnc(NC3CCN(Cc4ccccc4)CC3)n2)cc1,False
WPGWJDQGLFQPSF-UHFFFAOYSA-N,1,4.88941,4.88941,,4.88941,4.88941,0.0,0.0,Cc1ccc(CNc2ccnc(NC3CCN(Cc4ccccc4)CC3)n2)cc1,False
FFPGDISVVGINKZ-UHFFFAOYSA-N,1,5.11351,5.11351,,5.11351,5.11351,0.0,0.0,Fc1ccc(CNc2ccnc(NC3CCN(Cc4ccccc4)CC3)n2)cc1,False
WOAVNWHCIXCOIZ-UHFFFAOYSA-N,1,5.00436,5.00436,,5.00436,5.00436,0.0,0.0,Brc1ccc(CNc2ccnc(NC3CCN(Cc4ccccc4)CC3)n2)cc1,False
OODPIPSSGLSZPL-UHFFFAOYSA-N,1,5.05552,5.05552,,5.05552,5.05552,0.0,0.0,Clc1ccc(CNc2ccnc(NC3CCN(Cc4ccccc4)CC3)n2)cc1,False
KEOHOXIMLALKHI-UHFFFAOYSA-N,1,5.11351,5.11351,,5.11351,5.11351,0.0,0.0,Clc1cccc(CNc2ccnc(NC3CCN(Cc4ccccc4)CC3)n2)c1,False
PWXHGWMZTWHEKM-UHFFFAOYSA-N,1,5.11351,5.11351,,5.11351,5.11351,0.0,0.0,Clc1ccccc1CNc1ccnc(NC2CCN(Cc3ccccc3)CC2)n1,False
YVSGFEGOSAGMBU-UHFFFAOYSA-N,1,8.34775,8.34775,,8.34775,8.34775,0.0,0.0,O=C(CCNCCNc1c2c(nc3ccccc13)CCCC2)N1CCN(CCNc2c3c(nc4ccccc24)CCCC3)CC1,False
NXBQKWBRFRKKMP-UHFFFAOYSA-N,1,7.0716,7.0716,,7.0716,7.0716,0.0,0.0,CN(CCCN1CCN(CCNc2c3c(nc4ccccc24)CCCC3)CC1)c1ccccc1,False
RQNZWLFUMKUSEY-UHFFFAOYSA-N,1,6.7122,6.7122,,6.7122,6.7122,0.0,0.0,CCN(CCCN1CCN(CCNc2c3c(nc4ccccc24)CCCC3)CC1)C1CCCCC1,False
LXUNVISZTGHADK-UHFFFAOYSA-N,1,7.39041,7.39041,,7.39041,7.39041,0.0,0.0,CN(CCCN1CCN(CCNc2c3c(nc4ccccc24)CCCC3)CC1)C1CCCCC1,False
WAHZPCIDZNITMT-UHFFFAOYSA-N,1,7.15304,7.15304,,7.15304,7.15304,0.0,0.0,CN(CCC(=O)N1CCN(CCNc2c3c(nc4ccccc24)CCCC3)CC1)c1ccccc1,False
VHCMEFWOVWZTPM-UHFFFAOYSA-N,1,8.30364,8.30364,,8.30364,8.30364,0.0,0.0,CCN(CCC(=O)N1CCN(CCNc2c3c(nc4ccccc24)CCCC3)CC1)C1CCCCC1,False
LCJXIGPIXIZELV-UHFFFAOYSA-N,1,7.82681,7.82681,,7.82681,7.82681,0.0,0.0,CN(CCC(=O)N1CCN(CCNc2c3c(nc4ccccc24)CCCC3)CC1)C1CCCCC1,False
OCZGACDAHZKCBW-UHFFFAOYSA-N,1,7.28651,7.28651,,7.28651,7.28651,0.0,0.0,O=C(CCN1CCCCC1)N1CCN(CCNc2c3c(nc4ccccc24)CCCC3)CC1,False
KKTBUJKAFHLZPF-XNTDXEJSSA-N,1,5.5817,5.5817,,5.5817,5.5817,0.0,0.0,CC(C)=CCC/C(C)=C/Cc1ccc(O)c2nc3cccc(O)c3nc12,False
PCGWNGWRZPYWHR-SFQUDFHCSA-N,1,5.6968,5.6968,,5.6968,5.6968,0.0,0.0,CC(=O)Oc1cccc2nc3c(OC(C)=O)ccc(C/C=C(\C)CCC=C(C)C)c3nc12,False
JOXNFMAXWAPITK-UHFFFAOYSA-N,1,5.34486,5.34486,,5.34486,5.34486,0.0,0.0,Oc1cccc2nc3c(O)cccc3nc12,False
RETSEGNZNUBJRB-UHFFFAOYSA-N,1,4.30103,4.30103,,4.30103,4.30103,0.0,0.0,Oc1ccc2nc3ccccc3nc2c1,False
JGCSKOVQDXEQHI-UHFFFAOYSA-N,1,4.30103,4.30103,,4.30103,4.30103,0.0,0.0,O=C(O)c1cccc2nc3ccccc3nc12,False
WLQXISHGKXGNFV-UHFFFAOYSA-N,1,4.30103,4.30103,,4.30103,4.30103,0.0,0.0,CC(C)=CCc1cccc2nc3cccc(C(=O)O)c3nc12,False
CIWWONHFDUMHHK-UHFFFAOYSA-N,1,4.30103,4.30103,,4.30103,4.30103,0.0,0.0,CC(C)=CCc1cc(=O)cc2n(C)c3cccc(C(=O)O)c3nc1-2,False
HYGICHQQWFJQBO-UHFFFAOYSA-N,1,5.05552,5.05552,,5.05552,5.05552,0.0,0.0,N#Cc1c(N)nc(NC2CCN(Cc3ccccc3)CC2)c(C#N)c1-c1ccccc1,False
XDYVKYBTRLGBBU-UHFFFAOYSA-N,1,6.40894,6.40894,,6.40894,6.40894,0.0,0.0,N#Cc1c(N)nc(NCCC2CCN(Cc3ccccc3)CC2)c(C#N)c1-c1ccccc1,False
RPCOLXBXNDZKDX-UHFFFAOYSA-N,1,6.61979,6.61979,,6.61979,6.61979,0.0,0.0,N#Cc1c(N)nc(NCCCC2CCN(Cc3ccccc3)CC2)c(C#N)c1-c1ccccc1,False
DVFDTYFATLFXHU-UHFFFAOYSA-N,1,6.92082,6.92082,,6.92082,6.92082,0.0,0.0,N#Cc1c(N)nc(NCCCCC2CCN(Cc3ccccc3)CC2)c(C#N)c1-c1ccccc1,False
CUQAAIMMMVTGCT-UHFFFAOYSA-N,1,5.50864,5.50864,,5.50864,5.50864,0.0,0.0,N#Cc1cc(C#N)c(NC2CCN(Cc3ccccc3)CC2)nc1N,False
PNZGBLIDSQOOGI-UHFFFAOYSA-N,1,6.65758,6.65758,,6.65758,6.65758,0.0,0.0,N#Cc1cc(C#N)c(NCCC2CCN(Cc3ccccc3)CC2)nc1N,False
LQXBMNZBJKBXIZ-UHFFFAOYSA-N,1,8.02687,8.02687,,8.02687,8.02687,0.0,0.0,N#Cc1cc(C#N)c(NCCCC2CCN(Cc3ccccc3)CC2)nc1N,False
LZUQODKACLHUIP-UHFFFAOYSA-N,1,7.1549,7.1549,,7.1549,7.1549,0.0,0.0,N#Cc1cc(C#N)c(NCCCCC2CCN(Cc3ccccc3)CC2)nc1N,False
FJPIMKXINVWPJB-UHFFFAOYSA-N,1,8.28567,8.28567,,8.28567,8.28567,0.0,0.0,CN(C)c1ccccc1CNCCCCCCCNc1c2c(nc3ccccc13)CCCC2,False
QDAAXOQEIPAFJS-UHFFFAOYSA-N,1,8.45346,8.45346,,8.45346,8.45346,0.0,0.0,CN(C)c1ccccc1CNCCCCCCCCCNc1c2c(nc3ccccc13)CCCC2,False
QYEGQBBNFVLNBH-UHFFFAOYSA-N,1,8.39362,8.39362,,8.39362,8.39362,0.0,0.0,CN(C)c1ccccc1CNCCCCCCCCNc1c2c(nc3ccccc13)CCCC2,False
RLVQAAQOGNZVOX-UHFFFAOYSA-N,1,6.61979,6.61979,,6.61979,6.61979,0.0,0.0,CN(CCCCCCCOc1cccc(-c2oc3ccccc3c2C(=O)c2ccccc2)c1)Cc1ccccc1,False
AQUBWCPEKBRMKW-UHFFFAOYSA-N,1,6.46852,6.46852,,6.46852,6.46852,0.0,0.0,CNC(=O)Oc1cccc(CN(C)CCCCCCCOc2ccc(-c3oc4ccccc4c3C(=O)c3ccc(C)cc3)cc2)c1,False
VKYASPBNOSOSCP-UHFFFAOYSA-N,1,4.43063,4.43063,,4.43063,4.43063,0.0,0.0,CCN(CC)CCOc1cccc(C(=O)c2c(-c3ccc(OCCCCCCCN(C)Cc4ccccc4)cc3)oc3ccccc23)c1,False
KNDNTYBIRAVLQO-UHFFFAOYSA-N,1,4.40894,4.40894,,4.40894,4.40894,0.0,0.0,CN(CCCCCCCOc1ccc(-c2oc3ccccc3c2C(=O)c2ccc(OCCN3CCOCC3)cc2)cc1)Cc1ccccc1,False
SEZGYMIBCAGZIQ-UHFFFAOYSA-N,1,4.27572,4.27572,,4.27572,4.27572,0.0,0.0,CCN(CC)Cc1cccc(C(=O)c2c(-c3ccc(OCCCCCCCN(C)Cc4ccccc4)cc3)oc3ccccc23)c1,False
YWVLMTJDVUKFGW-UHFFFAOYSA-N,1,4.16941,4.16941,,4.16941,4.16941,0.0,0.0,CN(CCCCCCCOc1ccc(-c2oc3ccccc3c2C(=O)c2c3ccccc3cc3ccccc23)cc1)Cc1ccccc1,False
IVJZUABZNFOIQZ-UHFFFAOYSA-N,1,4.10791,4.10791,,4.10791,4.10791,0.0,0.0,CCN(CC)CCOc1ccc(C(=O)c2c(-c3ccc(OCCCCCCCN(C)Cc4ccccc4)cc3)oc3ccccc23)cc1,False
NXNBTJXXHOISND-UHFFFAOYSA-N,1,4.0,4.0,,4.0,4.0,0.0,0.0,CCN(CC)Cc1ccc(C(=O)c2c(-c3ccc(OCCCCCCCN(C)Cc4ccccc4)cc3)oc3ccccc23)cc1,False
LLEJIEBFSOEYIV-UHFFFAOYSA-N,2,5.825555,5.825555,0.01849084232802877,5.81248,5.83863,0.01307500000000017,0.02615000000000034,COc1ccc2c(c[n+](C)c3c4cc5c(cc4ccc23)OCO5)c1OC,False
QUCQEUCGKKTEBI-UHFFFAOYSA-N,2,5.77083,5.77083,0.001810193359837802,5.76955,5.77211,0.0012799999999999478,0.0025599999999998957,COc1cc2c(cc1OC)-c1cc3ccc(OC)c(OC)c3c[n+]1CC2,False
OKSPDBSTEZCWNM-VUTHCHCSSA-N,1,4.0,4.0,,4.0,4.0,0.0,0.0,COc1cc2c(cc1OC)C(c1ccccc1)N(CCCCCc1ccc(O)c(/C=N/O)n1)CC2,False
OPEXRHHTTCQEDE-MTDXEUNCSA-N,1,4.0,4.0,,4.0,4.0,0.0,0.0,COc1cc2c(cc1OC)C(c1ccccc1)N(CCCCc1ccc(O)c(/C=N/O)n1)CC2,False
IFYBUPQCUTZITP-UHFFFAOYSA-N,1,5.29499,5.29499,,5.29499,5.29499,0.0,0.0,Nc1c2c(nc3c1C(c1ccc(Cl)c(Cl)c1)c1ccc4ccccc4c1O3)CCCC2,False
UCYMJDLWIMOPFK-UHFFFAOYSA-N,1,5.39686,5.39686,,5.39686,5.39686,0.0,0.0,Nc1c2c(nc3c1C(c1c(Cl)cccc1Cl)c1ccc4ccccc4c1O3)CCCC2,False
SDDWKMVNUHSMAD-UHFFFAOYSA-N,1,5.24109,5.24109,,5.24109,5.24109,0.0,0.0,Nc1c2c(nc3c1C(c1ccc([N+](=O)[O-])cc1)c1ccc4ccccc4c1O3)CCCC2,False
PTNYBRUJEDAMDK-UHFFFAOYSA-N,1,5.45469,5.45469,,5.45469,5.45469,0.0,0.0,COc1cc(C2c3ccc4ccccc4c3Oc3nc4c(c(N)c32)CCCC4)cc(OC)c1OC,False
WVOGNNUVYUMTIT-UHFFFAOYSA-N,1,6.4318,6.4318,,6.4318,6.4318,0.0,0.0,COc1ccc(C2c3ccc4ccccc4c3Oc3nc4c(c(N)c32)CCCC4)c(OC)c1,False
OJLHQYMZDBCDMI-UHFFFAOYSA-N,1,6.48149,6.48149,,6.48149,6.48149,0.0,0.0,COc1cc(C2c3ccc4ccccc4c3Oc3nc4c(c(N)c32)CCCC4)ccc1O,False
GRXDSRZJHKMWBO-UHFFFAOYSA-N,1,5.3439,5.3439,,5.3439,5.3439,0.0,0.0,COc1ccccc1C1c2ccc3ccccc3c2Oc2nc3c(c(N)c21)CCCC3,False
WXNVVRPBWAFRSW-UHFFFAOYSA-N,1,5.10624,5.10624,,5.10624,5.10624,0.0,0.0,Nc1c2c(nc3c1C(c1ccc(O)cc1)c1ccc4ccccc4c1O3)CCCC2,False
NOYFWGHMIIUBCE-UHFFFAOYSA-N,1,6.39794,6.39794,,6.39794,6.39794,0.0,0.0,Cc1ccc(C2c3ccc4ccccc4c3Oc3nc4c(c(N)c32)CCCC4)cc1,False
JLCLWWKDILNTDR-UHFFFAOYSA-N,1,6.52288,6.52288,,6.52288,6.52288,0.0,0.0,Nc1c2c(nc3c1C(c1ccccc1)c1ccc4ccccc4c1O3)CCCC2,False
CVKPDRQYXZZPEZ-UHFFFAOYSA-N,1,4.63564,4.63564,,4.63564,4.63564,0.0,0.0,Nc1c2c(nc3nc(-c4ccccc4)cc(C(F)(F)F)c13)-c1ccccc1CC2,False
DBVNNQMOEJXEAX-UHFFFAOYSA-N,1,4.75548,4.75548,,4.75548,4.75548,0.0,0.0,Nc1c2c(nc3nc(-c4ccccc4)cc(C(F)(F)F)c13)-c1ccccc1C2,False
QTICPRZEJAZQKT-UHFFFAOYSA-N,1,6.29243,6.29243,,6.29243,6.29243,0.0,0.0,CC1CCc2nc3nc(-c4ccccc4)cc(C(F)(F)F)c3c(N)c2C1,False
NBXVRBUWBMRGAG-UHFFFAOYSA-N,1,5.48812,5.48812,,5.48812,5.48812,0.0,0.0,CC1CCc2c(nc3nc(-c4ccccc4)cc(C(F)(F)F)c3c2N)C1,False
VSDNSNOFTZFWQX-UHFFFAOYSA-N,1,5.02826,5.02826,,5.02826,5.02826,0.0,0.0,CC1Cc2nc3nc(-c4ccccc4)cc(C(F)(F)F)c3c(N)c2C1,False
FSRJERZUZMLIQD-UHFFFAOYSA-N,1,5.11407,5.11407,,5.11407,5.11407,0.0,0.0,Nc1c2c(nc3nc(-c4ccccc4)cc(C(F)(F)F)c13)CCCCCC2,False
WDGPMSCKIAVOFM-UHFFFAOYSA-N,1,4.99439,4.99439,,4.99439,4.99439,0.0,0.0,Nc1c2c(nc3nc(-c4ccccc4)cc(C(F)(F)F)c13)CCCCC2,False
YTBVBEARUPNISG-UHFFFAOYSA-N,1,6.45593,6.45593,,6.45593,6.45593,0.0,0.0,Nc1c2c(nc3nc(-c4ccccc4)cc(C(F)(F)F)c13)CCCC2,False
TYHRWNPKDSIWRP-UHFFFAOYSA-N,1,5.0942,5.0942,,5.0942,5.0942,0.0,0.0,Nc1c2c(nc3nc(-c4ccccc4)cc(C(F)(F)F)c13)CCC2,False
LKKVXMDEJPFZRL-UHFFFAOYSA-N,1,4.71919,4.71919,,4.71919,4.71919,0.0,0.0,CC(C)Cc1cc(N)c2c(C(F)(F)F)cc(-c3ccccc3)nc2n1,False
OVOKJMUSMTVZLL-UHFFFAOYSA-N,1,4.98464,4.98464,,4.98464,4.98464,0.0,0.0,Nc1cc(-c2cccs2)nc2nc(-c3ccccc3)cc(C(F)(F)F)c12,False
VVSBVXXITLYIIA-UHFFFAOYSA-N,1,5.08407,5.08407,,5.08407,5.08407,0.0,0.0,COc1ccc(-c2cc(N)c3c(C(F)(F)F)cc(-c4ccccc4)nc3n2)cc1,False
QHCJIADFFRMYQJ-UHFFFAOYSA-N,1,6.05061,6.05061,,6.05061,6.05061,0.0,0.0,Nc1cc(-c2ccccc2Br)nc2nc(-c3ccccc3)cc(C(F)(F)F)c12,False
DPISAUNILCIAKM-UHFFFAOYSA-N,1,6.284,6.284,,6.284,6.284,0.0,0.0,Nc1cc(-c2ccc(Cl)cc2)nc2nc(-c3ccccc3)cc(C(F)(F)F)c12,False
MBYSRZFEFLXHSM-UHFFFAOYSA-N,1,5.18177,5.18177,,5.18177,5.18177,0.0,0.0,Nc1cc(-c2ccc(F)cc2)nc2nc(-c3ccccc3)cc(C(F)(F)F)c12,False
GBPIIHMQBCMUHP-UHFFFAOYSA-N,1,5.15304,5.15304,,5.15304,5.15304,0.0,0.0,Nc1cc(-c2cccc(F)c2)nc2nc(-c3ccccc3)cc(C(F)(F)F)c12,False
NCHHYUFHLPRUAU-UHFFFAOYSA-N,1,5.14874,5.14874,,5.14874,5.14874,0.0,0.0,Nc1cc(-c2ccccc2)nc2nc(-c3ccccc3)cc(C(F)(F)F)c12,False
FUFMCGMUAVSMEF-UHFFFAOYSA-N,1,6.60206,6.60206,,6.60206,6.60206,0.0,0.0,CCCNC(=O)Oc1cccc(CN(C)CCCOc2ccc3c(=O)ccoc3c2)c1,False
QRKHDRGNICJNHM-UHFFFAOYSA-N,1,7.0,7.0,,7.0,7.0,0.0,0.0,CCCCCCCNC(=O)Oc1cccc(CN(C)CCCCOc2ccc3c(=O)c4ccccc4oc3c2)c1,False
BYFZVGVLIHTPKE-UHFFFAOYSA-N,1,6.76955,6.76955,,6.76955,6.76955,0.0,0.0,CCCCCCCNC(=O)Oc1cccc(CN(CCCOc2ccc3c(=O)c4ccccc4oc3c2)C(C)C)c1,False
YMUNYIHDWCEAKU-UHFFFAOYSA-N,2,7.631405,7.631405,0.36013655472612,7.37675,7.88606,0.25465499999999963,0.5093099999999993,CCCCCCCNC(=O)Oc1cccc(CN(C)CCCOc2ccc3c(=O)c4cccnc4oc3c2)c1,False
LHKSPQCYJKIEEP-UHFFFAOYSA-N,1,9.08619,9.08619,,9.08619,9.08619,0.0,0.0,CCN(CCCCCOc1ccc2c(=O)c3ccccc3oc2c1)Cc1cccc(OC(=O)NC)c1,False
GRFVCGSENMYZKO-UHFFFAOYSA-N,1,9.49485,9.49485,,9.49485,9.49485,0.0,0.0,CNCOc1cccc(CN(C)CCCCCCCOc2ccc3c(=O)c4ccccc4oc3c2)c1,False
IJHGVZXPADVHCM-SFHVURJKSA-N,1,6.22,6.22,,6.22,6.22,0.0,0.0,CC1(C)CC(=O)C2=C(C1)Nc1nc3c(c(N)c1[C@H]2c1ccncc1)CCCC3,False
QTKZLZALZMVCJL-FQEVSTJZSA-N,1,6.65999,6.65999,,6.65999,6.65999,0.0,0.0,COc1ccc([C@H]2C3=C(CC(C)(C)CC3=O)Nc3nc4c(c(N)c32)CCCC4)cc1,False
YHCILCVEQLWROP-FQEVSTJZSA-N,1,6.63999,6.63999,,6.63999,6.63999,0.0,0.0,Cc1ccc([C@H]2C3=C(CC(C)(C)CC3=O)Nc3nc4c(c(N)c32)CCCC4)cc1,False
PSKJUZDQNUFRGS-IBGZPJMESA-N,1,6.27,6.27,,6.27,6.27,0.0,0.0,CC1(C)CC(=O)C2=C(C1)Nc1nc3c(c(N)c1[C@H]2c1ccc(F)cc1)CCCC3,False
FAMHVKGFXMORCI-IBGZPJMESA-N,1,6.49,6.49,,6.49,6.49,0.0,0.0,CC1(C)CC(=O)C2=C(C1)Nc1nc3c(c(N)c1[C@H]2c1ccccc1)CCCC3,False
SCKWNQRIZNNYFA-IBGZPJMESA-N,1,7.21,7.21,,7.21,7.21,0.0,0.0,CCOC(=O)C1=C(C)Nc2nc3c(c(N)c2[C@H]1c1cccc(OC)c1)CCCC3,False
RYUHYOLRLQUVHQ-LJQANCHMSA-N,1,6.8,6.8,,6.8,6.8,0.0,0.0,CCOC(=O)C1=C(C)Nc2nc3c(c(N)c2[C@@H]1c1ccccc1OC)CCCC3,False
QTVIWMLMXFVZIY-IBGZPJMESA-N,1,7.04001,7.04001,,7.04001,7.04001,0.0,0.0,CCOC(=O)C1=C(C)Nc2nc3c(c(N)c2[C@H]1c1ccc(C)cc1)CCCC3,False
QTWUJCCPMWZOOB-SFHVURJKSA-N,1,6.22,6.22,,6.22,6.22,0.0,0.0,CCOC(=O)C1=C(C)Nc2nc3c(c(N)c2[C@H]1c1ccc([N+](=O)[O-])cc1)CCCC3,False
CWDRVGKNJWGVJS-SFHVURJKSA-N,1,6.95999,6.95999,,6.95999,6.95999,0.0,0.0,CCOC(=O)C1=C(C)Nc2nc3c(c(N)c2[C@H]1c1cccc([N+](=O)[O-])c1)CCCC3,False
OWDDOOZVDQHYQH-SFHVURJKSA-N,1,6.51999,6.51999,,6.51999,6.51999,0.0,0.0,CCOC(=O)C1=C(C)Nc2nc3c(c(N)c2[C@H]1c1ccccc1[N+](=O)[O-])CCCC3,False
RDDFBAPIHCKOCC-SFHVURJKSA-N,1,7.28001,7.28001,,7.28001,7.28001,0.0,0.0,CCOC(=O)C1=C(C)Nc2nc3c(c(N)c2[C@H]1c1ccc(F)cc1)CCCC3,False
POYFPBLOVRVCKS-SFHVURJKSA-N,1,7.10002,7.10002,,7.10002,7.10002,0.0,0.0,CCOC(=O)C1=C(C)Nc2nc3c(c(N)c2[C@H]1c1ccccc1)CCCC3,False
VVYFOYULCYLMAM-FQEVSTJZSA-N,1,4.39,4.39,,4.39,4.39,0.0,0.0,COc1ccc([C@H]2C3=C(CC(C)(C)CC3=O)Oc3nc4c(c(N)c32)CCCC4)cc1,False
RRDVPTUOMIFNCL-FQEVSTJZSA-N,1,4.67,4.67,,4.67,4.67,0.0,0.0,COc1cccc([C@H]2C3=C(CC(C)(C)CC3=O)Oc3nc4c(c(N)c32)CCCC4)c1,False
YPDGYNZOSZWZSK-FQEVSTJZSA-N,1,5.15,5.15,,5.15,5.15,0.0,0.0,COc1ccccc1[C@H]1C2=C(CC(C)(C)CC2=O)Oc2nc3c(c(N)c21)CCCC3,False
RQLQBIIHLRFEEX-FQEVSTJZSA-N,1,4.29,4.29,,4.29,4.29,0.0,0.0,Cc1ccc([C@H]2C3=C(CC(C)(C)CC3=O)Oc3nc4c(c(N)c32)CCCC4)cc1,False
QHUDWVLMDWSXMB-IBGZPJMESA-N,1,4.03,4.03,,4.03,4.03,0.0,0.0,CC1(C)CC(=O)C2=C(C1)Oc1nc3c(c(N)c1[C@H]2c1ccc([N+](=O)[O-])cc1)CCCC3,False
BUTRKOWGWNAFSX-IBGZPJMESA-N,1,4.92,4.92,,4.92,4.92,0.0,0.0,CC1(C)CC(=O)C2=C(C1)Oc1nc3c(c(N)c1[C@H]2c1cccc([N+](=O)[O-])c1)CCCC3,False
ADJBQLJNBOSHLI-IBGZPJMESA-N,1,4.75,4.75,,4.75,4.75,0.0,0.0,CC1(C)CC(=O)C2=C(C1)Oc1nc3c(c(N)c1[C@H]2c1ccccc1C(F)(F)F)CCCC3,False
SYLIQOKJWDYHQG-IBGZPJMESA-N,1,4.16,4.16,,4.16,4.16,0.0,0.0,CC1(C)CC(=O)C2=C(C1)Oc1nc3c(c(N)c1[C@H]2c1ccc(F)cc1)CCCC3,False
JBGJUCSUIRSSHA-IBGZPJMESA-N,1,4.31,4.31,,4.31,4.31,0.0,0.0,CC1(C)CC(=O)C2=C(C1)Oc1nc3c(c(N)c1[C@H]2c1ccccc1)CCCC3,False
ZBPUYRSHNGEABX-INIZCTEOSA-N,1,5.67,5.67,,5.67,5.67,0.0,0.0,CCOC(=O)C1=C(C)Oc2nc3c(c(N)c2[C@H]1c1cccnc1Cl)CCCC3,False
FLPPJFMEXWGXBF-INIZCTEOSA-N,1,5.73,5.73,,5.73,5.73,0.0,0.0,CCOC(=O)C1=C(C)Oc2nc3c(c(N)c2[C@H]1c1cccnc1Br)CCCC3,False
OUAVXZYSLKLYHJ-KRWDZBQOSA-N,1,5.41,5.41,,5.41,5.41,0.0,0.0,CCOC(=O)C1=C(C)Oc2nc3c(c(N)c2[C@H]1c1cccnc1OC)CCCC3,False
MLXUDSNEEBJDLN-KRWDZBQOSA-N,1,5.41,5.41,,5.41,5.41,0.0,0.0,CCOC(=O)C1=C(C)Oc2nc3c(c(N)c2[C@H]1c1ccccc1)CCC3,False
CNDPWIJZPHZPKX-SFHVURJKSA-N,1,5.72,5.72,,5.72,5.72,0.0,0.0,CCOC(=O)C1=C(C)Oc2nc3c(c(N)c2[C@H]1c1cccc([N+](=O)[O-])c1)CCCC3,False
VYGAJVSROJLUQQ-IBGZPJMESA-N,1,5.46,5.46,,5.46,5.46,0.0,0.0,CCOC(=O)C1=C(C)Oc2nc3c(c(N)c2[C@H]1c1ccc(C#N)cc1)CCCC3,False
JIRJOCYULBCNSY-SFHVURJKSA-N,1,5.71,5.71,,5.71,5.71,0.0,0.0,CCOC(=O)C1=C(C)Oc2nc3c(c(N)c2[C@H]1c1ccc(Cl)cc1)CCCC3,False
UHBYWTXOUSTTSQ-IBGZPJMESA-N,1,5.74,5.74,,5.74,5.74,0.0,0.0,CCOC(=O)C1=C(C)Oc2nc3c(c(N)c2[C@H]1c1ccc(C)cc1)CCCC3,False
YCDSRUWGEDPILI-SFHVURJKSA-N,1,5.81,5.81,,5.81,5.81,0.0,0.0,CCOC(=O)C1=C(C)Oc2nc3c(c(N)c2[C@H]1c1ccccc1)CCCC3,False
NIYBNENPLJFRIF-NRFANRHFSA-N,1,4.48,4.48,,4.48,4.48,0.0,0.0,CCOC(=O)C1=C(C)Oc2nc3c(c(N)c2[C@H]1c1ccc(OC)c(OC)c1)CCCCC3,False
XLMIDAUGLPRGAE-FQEVSTJZSA-N,1,4.68,4.68,,4.68,4.68,0.0,0.0,CCOC(=O)C1=C(C)Oc2nc3c(c(N)c2[C@H]1c1ccccc1OC)CCCCC3,False
CGAQBZKVXONIKP-FQEVSTJZSA-N,1,4.89,4.89,,4.89,4.89,0.0,0.0,CCOC(=O)C1=C(C)Oc2nc3c(c(N)c2[C@H]1c1cccc(OC)c1)CCCCC3,False
UCCBGHDJUMENAF-FQEVSTJZSA-N,1,5.34,5.34,,5.34,5.34,0.0,0.0,CCOC(=O)C1=C(C)Oc2nc3c(c(N)c2[C@H]1c1ccc(OC)c(OC)c1)CCCC3,False
TZRRDDHROFLVMK-IBGZPJMESA-N,1,5.11,5.11,,5.11,5.11,0.0,0.0,CCOC(=O)C1=C(C)Oc2nc3c(c(N)c2[C@H]1c1cccc(OC)c1)CCCC3,False
WYEHYESVLJWQPZ-IBGZPJMESA-N,1,4.57,4.57,,4.57,4.57,0.0,0.0,CCOC(=O)C1=C(C)Oc2nc3c(c(N)c2[C@H]1c1ccc(OC)c(OC)c1)CCC3,False
CELUBGDHQLHVFE-SFHVURJKSA-N,1,4.62,4.62,,4.62,4.62,0.0,0.0,CCOC(=O)C1=C(C)Oc2nc3c(c(N)c2[C@H]1c1cccc(OC)c1)CCC3,False
YLPZIZYLSQQFMP-KRWDZBQOSA-N,1,4.84,4.84,,4.84,4.84,0.0,0.0,CCOC(=O)C1=C(C)Oc2nc3c(c(N)c2[C@H]1c1cccs1)CCCCC3,False
OSZDSXOZEAHSQR-SFHVURJKSA-N,1,4.49,4.49,,4.49,4.49,0.0,0.0,CCOC(=O)C1=C(C)Oc2nc3c(c(N)c2[C@H]1c1cccnc1)CCCCC3,False
OEVGVFJCBVDGJQ-SFHVURJKSA-N,1,5.07,5.07,,5.07,5.07,0.0,0.0,CCOC(=O)C1=C(C)Oc2nc3c(c(N)c2[C@H]1c1ccncc1)CCCCC3,False
WVRHLGACEZALAP-INIZCTEOSA-N,1,5.77,5.77,,5.77,5.77,0.0,0.0,CCOC(=O)C1=C(C)Oc2nc3c(c(N)c2[C@H]1c1ccco1)CCCC3,False
OSRLZNOADVYZGS-INIZCTEOSA-N,1,4.61,4.61,,4.61,4.61,0.0,0.0,CCOC(=O)C1=C(C)Oc2nc3c(c(N)c2[C@H]1c1cccs1)CCCC3,False
IYWZZUSGMOJBHW-KRWDZBQOSA-N,1,5.15,5.15,,5.15,5.15,0.0,0.0,CCOC(=O)C1=C(C)Oc2nc3c(c(N)c2[C@H]1c1cccnc1)CCCC3,False
BUGJFLXBRJKUKA-KRWDZBQOSA-N,1,5.52,5.52,,5.52,5.52,0.0,0.0,CCOC(=O)C1=C(C)Oc2nc3c(c(N)c2[C@H]1c1ccncc1)CCCC3,False
NJPVUJVNAWTZJX-IBGZPJMESA-N,1,6.06,6.06,,6.06,6.06,0.0,0.0,CCOC(=O)C1=C(C)Oc2nc3c(c(N)c2[C@H]1c1ccc(OC)cc1)CCCC3,False
FEQWGUNIXYEPOA-HNNXBMFYSA-N,1,4.56,4.56,,4.56,4.56,0.0,0.0,CCOC(=O)C1=C(C)Oc2nc3c(c(N)c2[C@H]1c1cccs1)CCC3,False
AGUVCUMUUYGWMV-INIZCTEOSA-N,1,5.18,5.18,,5.18,5.18,0.0,0.0,CCOC(=O)C1=C(C)Oc2nc3c(c(N)c2[C@H]1c1ccncc1)CCC3,False
ZPMPGNOYMGNLNI-UHFFFAOYSA-N,1,5.87,5.87,,5.87,5.87,0.0,0.0,CCOC(=O)c1c(C)nc2nc3c(c(N)c2c1-c1ccc(OC)cc1)CCCCC3,False
ZOTLYQAYVPBSTD-UHFFFAOYSA-N,1,5.05,5.05,,5.05,5.05,0.0,0.0,CCOC(=O)c1c(C)nc2nc3c(c(N)c2c1-c1ccc(OC)cc1)CCCC3,False
MSJWVNXGWADMLI-UHFFFAOYSA-N,1,4.86,4.86,,4.86,4.86,0.0,0.0,CCOC(=O)c1c(C)nc2nc3c(c(N)c2c1-c1ccc(OC)cc1)CCC3,False
FCQISBLBMGHMJJ-UHFFFAOYSA-N,1,4.68,4.68,,4.68,4.68,0.0,0.0,CCOC(=O)c1c(C)nc2nc3c(c(N)c2c1-c1ccccc1)CCCCC3,False
YXNFFIJMMWEUIN-UHFFFAOYSA-N,1,4.92,4.92,,4.92,4.92,0.0,0.0,CCOC(=O)c1c(C)nc2nc3c(c(N)c2c1-c1ccccc1)CCC3,False
KHPNJTJAWHKVIL-UHFFFAOYSA-N,1,5.92,5.92,,5.92,5.92,0.0,0.0,Cc1nc2nc3c(c(N)c2c(-c2ccccc2)c1C(=O)OC(C)C)CCCC3,False
OYHDYZJZSSLBOR-UHFFFAOYSA-N,1,4.77,4.77,,4.77,4.77,0.0,0.0,CCOC(=O)c1c(C)nc2nc3c(c(N)c2c1-c1ccc(OC)cc1)CCCCCC3,False
VRUOVISKRCYPCS-UHFFFAOYSA-N,1,4.77,4.77,,4.77,4.77,0.0,0.0,CCOC(=O)c1c(C)nc2nc3c(c(N)c2c1-c1ccccc1)CCCCCC3,False
PGBMTUBXBDSLQX-UHFFFAOYSA-N,1,4.85,4.85,,4.85,4.85,0.0,0.0,CCOC(=O)c1c(C)nc2nc3c(c(N)c2c1-c1cccc([N+](=O)[O-])c1)CCCCC3,False
GNYQUGTUGTVWGT-UHFFFAOYSA-N,1,4.72,4.72,,4.72,4.72,0.0,0.0,CCOC(=O)c1c(C)nc2nc3c(c(N)c2c1-c1ccc(Cl)cc1)CCCCC3,False
FAGLJGFRSMDZBW-UHFFFAOYSA-N,1,5.27,5.27,,5.27,5.27,0.0,0.0,CCOC(=O)c1c(C)nc2nc3c(c(N)c2c1-c1ccc(F)cc1)CCCCC3,False
FFKCNARCPCGPQH-UHFFFAOYSA-N,1,5.19,5.19,,5.19,5.19,0.0,0.0,CCOC(=O)c1c(C)nc2nc3c(c(N)c2c1-c1ccc(OC)c(OC)c1)CCCCC3,False
HNAVIKSKUJRFAB-UHFFFAOYSA-N,1,4.66,4.66,,4.66,4.66,0.0,0.0,CCOC(=O)c1c(C)nc2nc3c(c(N)c2c1-c1ccccc1OC)CCCCC3,False
UCSBKUKETUKSSX-UHFFFAOYSA-N,1,4.89,4.89,,4.89,4.89,0.0,0.0,CCOC(=O)c1c(C)nc2nc3c(c(N)c2c1-c1ccc(C)cc1)CCCCC3,False
YCHHFZRJBHOKQX-UHFFFAOYSA-N,1,6.03,6.03,,6.03,6.03,0.0,0.0,CCOC(=O)c1c(C)nc2nc3c(c(N)c2c1-c1cccc([N+](=O)[O-])c1)CCCC3,False
OVFJYZWCAVHGMW-UHFFFAOYSA-N,1,5.89,5.89,,5.89,5.89,0.0,0.0,CCOC(=O)c1c(C)nc2nc3c(c(N)c2c1-c1ccc(Cl)cc1)CCCC3,False
DFIMEOJDEVLTMM-UHFFFAOYSA-N,1,6.15,6.15,,6.15,6.15,0.0,0.0,CCOC(=O)c1c(C)nc2nc3c(c(N)c2c1-c1ccc(F)cc1)CCCC3,False
QBNTZYZRSZBWJU-UHFFFAOYSA-N,1,5.89,5.89,,5.89,5.89,0.0,0.0,CCOC(=O)c1c(C)nc2nc3c(c(N)c2c1-c1ccc(OC)c(OC)c1)CCCC3,False
PQXUGFFGKUMGFF-UHFFFAOYSA-N,1,5.92,5.92,,5.92,5.92,0.0,0.0,CCOC(=O)c1c(C)nc2nc3c(c(N)c2c1-c1cccc(OC)c1)CCCC3,False
UMCMDCALLROMIL-UHFFFAOYSA-N,1,5.29,5.29,,5.29,5.29,0.0,0.0,CCOC(=O)c1c(C)nc2nc3c(c(N)c2c1-c1ccncc1)CCCCC3,False
CHKXZOMLVXBARM-UHFFFAOYSA-N,1,5.85,5.85,,5.85,5.85,0.0,0.0,CCOC(=O)c1c(C)nc2nc3c(c(N)c2c1-c1ccncc1)CCCC3,False
QBUOEZCFVIOCPR-UHFFFAOYSA-N,1,5.09,5.09,,5.09,5.09,0.0,0.0,CCOC(=O)c1c(C)nc2nc3c(c(N)c2c1-c1ccncc1)CCC3,False
UNCWLZOGXZCOJG-UHFFFAOYSA-N,1,6.09,6.09,,6.09,6.09,0.0,0.0,CCOC(=O)c1c(C)nc2nc3c(c(N)c2c1-c1ccccc1)CCCC3,False
CGAAHNXTXSLXAJ-VIZOYTHASA-N,1,4.79022,4.79022,,4.79022,4.79022,0.0,0.0,CC(C)=CCC/C(C)=C/Cc1cc(-c2cc(=O)c3c(O)cc(O)cc3o2)c(O)cc1O,False
QGNFPYTXEYXYEC-LZYBPNLTSA-N,1,4.96059,4.96059,,4.96059,4.96059,0.0,0.0,COc1cc(O)c(-c2cc(=O)c3c(O)cc(O)cc3o2)cc1C/C=C(\C)CCC=C(C)C,False
KZNIFHPLKGYRTM-UHFFFAOYSA-N,2,6.693395000000001,6.693395000000001,1.735841081795796,5.46597,7.92082,1.2274249999999998,2.4548499999999995,O=c1cc(-c2ccc(O)cc2)oc2cc(O)cc(O)c12,True
XHEFDIBZLJXQHF-UHFFFAOYSA-N,1,7.92082,7.92082,,7.92082,7.92082,0.0,0.0,O=c1c(O)c(-c2ccc(O)c(O)c2)oc2cc(O)ccc12,False
IKMDFBPHZNJCSN-UHFFFAOYSA-N,1,7.92082,7.92082,,7.92082,7.92082,0.0,0.0,O=c1c(O)c(-c2cc(O)c(O)c(O)c2)oc2cc(O)cc(O)c12,False
VCCRNZQBSJXYJD-UHFFFAOYSA-N,1,7.92082,7.92082,,7.92082,7.92082,0.0,0.0,O=c1c(O)c(-c2ccccc2)oc2cc(O)cc(O)c12,False
JPUKWEQWGBDDQB-HBDJNLTOSA-N,1,7.92082,7.92082,,7.92082,7.92082,0.0,0.0,O=c1c(OC2O[C@H](CO)[C@H](O)[C@H](O)[C@H]2O)c(-c2ccc(O)cc2)oc2cc(O)cc(O)c12,False
IKGXIBQEEMLURG-NVPNHPEKSA-N,1,7.92082,7.92082,,7.92082,7.92082,0.0,0.0,C[C@@H]1O[C@@H](OC[C@H]2O[C@@H](Oc3c(-c4ccc(O)c(O)c4)oc4cc(O)cc(O)c4c3=O)[C@H](O)[C@@H](O)[C@@H]2O)[C@H](O)[C@H](O)[C@H]1O,False
KJFTVNFZEUSHFY-UHFFFAOYSA-N,1,5.78781,5.78781,,5.78781,5.78781,0.0,0.0,COc1cc2occ(-c3ccc(N4CCCC4)cc3)c(=O)c2cc1OC,False
BIKQENFVXXAJHF-UHFFFAOYSA-N,1,7.03152,7.03152,,7.03152,7.03152,0.0,0.0,COc1cc2occ(-c3ccc(OC4CCN(Cc5ccccc5)CC4)cc3)c(=O)c2cc1OC,False
UGTGSTDFYWUXNH-PKOBYXMFSA-N,3,7.36653,7.07482,0.5680163009104583,6.42022,7.43771,0.07118000000000002,1.0174900000000004,COc1cc2cc(NC(=O)[C@H]3CCC[C@@H](NCc4ccccc4)C3)c(=O)oc2cc1OC,False
PZUITVNJLUHHRJ-JJIBRWJFSA-N,1,4.27491,4.27491,,4.27491,4.27491,0.0,0.0,CCOc1ccc(/C=N/NC(=O)CN2CCC(Cc3ccccc3)CC2)cc1,False
IFJBHFDNYBNAFZ-XQNSMLJCSA-N,1,4.13371,4.13371,,4.13371,4.13371,0.0,0.0,COc1ccc(/C=N/NC(=O)CN2CCC(Cc3ccccc3)CC2)cc1,False
FZCCLKVTVDSYDK-LFVJCYFKSA-N,1,4.20204,4.20204,,4.20204,4.20204,0.0,0.0,COc1ccc(/C=N/NC(=O)CN2CCC(Cc3ccccc3)CC2)cc1OC,False
UPMKYKMAAXFDGH-XQNSMLJCSA-N,1,4.08938,4.08938,,4.08938,4.08938,0.0,0.0,CCOc1ccc(/C=N/NC(=O)CN2CCN(Cc3ccccc3)CC2)cc1,False
QQIVBXRWKHVREW-PXLXIMEGSA-N,1,4.05306,4.05306,,4.05306,4.05306,0.0,0.0,COc1ccc(/C=N/NC(=O)CN2CCN(Cc3ccccc3)CC2)cc1,False
ADTIYFNFCNVIJB-HZHRSRAPSA-N,1,4.09098,4.09098,,4.09098,4.09098,0.0,0.0,COc1ccc(/C=N/NC(=O)CN2CCN(Cc3ccccc3)CC2)cc1OC,False
QJDKSLPODCPDIR-UZJWSWILSA-N,1,4.6855,4.6855,,4.6855,4.6855,0.0,0.0,O=C(C[C@H]1C[C@H]2CCCN2[C@]12C(=O)Nc1ccccc12)N1C/C(=C\c2cccc3ccccc23)C(=O)[C@]2(C[C@H]3CCCN3[C@@]23C(=O)Nc2ccccc23)C1,False
UKJSHSBQBOLBRO-QVLSZIRFSA-N,1,4.6258,4.6258,,4.6258,4.6258,0.0,0.0,O=C(C[C@H]1C[C@H]2CCCN2[C@]12C(=O)Nc1ccccc12)N1C/C(=C\c2ccc(F)cc2)C(=O)[C@]2(C[C@H]3CCCN3[C@@]23C(=O)Nc2ccccc23)C1,False
VONAWRRNWCSFFR-QVLSZIRFSA-N,1,5.10127,5.10127,,5.10127,5.10127,0.0,0.0,O=C(C[C@H]1C[C@H]2CCCN2[C@]12C(=O)Nc1ccccc12)N1C/C(=C\c2ccc(Cl)cc2)C(=O)[C@]2(C[C@H]3CCCN3[C@@]23C(=O)Nc2ccccc23)C1,False
KSUCZTJZFOROGX-IFFGZHMQSA-N,1,4.70797,4.70797,,4.70797,4.70797,0.0,0.0,Cc1ccc(/C=C2\CN(C(=O)C[C@H]3C[C@H]4CCCN4[C@]34C(=O)Nc3ccccc34)C[C@@]3(C[C@H]4CCCN4[C@@]34C(=O)Nc3ccccc34)C2=O)cc1,False
LJVOIVPCWUJLKZ-AVGIRGRJSA-N,1,5.15739,5.15739,,5.15739,5.15739,0.0,0.0,O=C(C[C@H]1C[C@H]2CCCN2[C@]12C(=O)Nc1ccccc12)N1C/C(=C\c2ccc(Cl)cc2Cl)C(=O)[C@]2(C[C@H]3CCCN3[C@@]23C(=O)Nc2ccccc23)C1,False
MKAYDZNCHVJHQA-FKJQTBCWSA-N,1,4.57512,4.57512,,4.57512,4.57512,0.0,0.0,O=C(C[C@H]1C[C@H]2CCCN2[C@]12C(=O)Nc1ccccc12)N1C/C(=C\c2cccc([N+](=O)[O-])c2)C(=O)[C@]2(C[C@H]3CCCN3[C@@]23C(=O)Nc2ccccc23)C1,False
PGOMKJLRFYXFBY-JLOSPDJYSA-N,1,4.60942,4.60942,,4.60942,4.60942,0.0,0.0,O=C(C[C@H]1C[C@H]2CCCN2[C@]12C(=O)Nc1ccccc12)N1C/C(=C\c2ccccc2F)C(=O)[C@]2(C[C@H]3CCCN3[C@@]23C(=O)Nc2ccccc23)C1,False
NDMFPONKHVEFKT-JLOSPDJYSA-N,1,4.86519,4.86519,,4.86519,4.86519,0.0,0.0,O=C(C[C@H]1C[C@H]2CCCN2[C@]12C(=O)Nc1ccccc12)N1C/C(=C\c2ccccc2Cl)C(=O)[C@]2(C[C@H]3CCCN3[C@@]23C(=O)Nc2ccccc23)C1,False
GRNVKQKRRGMSRY-LCXIOLFPSA-N,1,4.94271,4.94271,,4.94271,4.94271,0.0,0.0,COc1ccccc1/C=C1\CN(C(=O)C[C@H]2C[C@H]3CCCN3[C@]23C(=O)Nc2ccccc23)C[C@@]2(C[C@H]3CCCN3[C@@]23C(=O)Nc2ccccc23)C1=O,False
JLNJZGPYRYXGAE-IFFGZHMQSA-N,1,4.56146,4.56146,,4.56146,4.56146,0.0,0.0,Cc1ccccc1/C=C1\CN(C(=O)C[C@H]2C[C@H]3CCCN3[C@]23C(=O)Nc2ccccc23)C[C@@]2(C[C@H]3CCCN3[C@@]23C(=O)Nc2ccccc23)C1=O,False
YPJPJVJYEPAABA-QKHZYRMWSA-N,1,4.70664,4.70664,,4.70664,4.70664,0.0,0.0,O=C(C[C@H]1C[C@H]2CCCN2[C@]12C(=O)Nc1ccccc12)N1C/C(=C\c2ccccc2)C(=O)[C@]2(C[C@H]3CCCN3[C@@]23C(=O)Nc2ccccc23)C1,False
ZGNYWDUENAFLJX-SYYPJRJYSA-N,1,5.17005,5.17005,,5.17005,5.17005,0.0,0.0,O=C1/C(=C/c2cccc3ccccc23)CN(C(=O)C[C@H]2C[C@H]3CCCN3[C@]23C(=O)Nc2ccccc23)C/C1=C\c1cccc2ccccc12,False
YQYQXYGTARGZSC-AMURHSJLSA-N,1,4.70246,4.70246,,4.70246,4.70246,0.0,0.0,O=C1/C(=C/c2ccc(F)cc2)CN(C(=O)C[C@H]2C[C@H]3CCCN3[C@]23C(=O)Nc2ccccc23)C/C1=C\c1ccc(F)cc1,False
CAGSYCPJEBZNQR-AMURHSJLSA-N,1,5.47366,5.47366,,5.47366,5.47366,0.0,0.0,O=C1/C(=C/c2ccc(Cl)cc2)CN(C(=O)C[C@H]2C[C@H]3CCCN3[C@]23C(=O)Nc2ccccc23)C/C1=C\c1ccc(Cl)cc1,False
CNWZEGLWLSHLKT-NSQNZTPSSA-N,1,4.69745,4.69745,,4.69745,4.69745,0.0,0.0,Cc1ccc(/C=C2\CN(C(=O)C[C@H]3C[C@H]4CCCN4[C@]34C(=O)Nc3ccccc34)C/C(=C\c3ccc(C)cc3)C2=O)cc1,False
VTDKVLOPDSWYSF-RUQYIBFVSA-N,1,5.38616,5.38616,,5.38616,5.38616,0.0,0.0,O=C1/C(=C/c2ccc(Cl)cc2Cl)CN(C(=O)C[C@H]2C[C@H]3CCCN3[C@]23C(=O)Nc2ccccc23)C/C1=C\c1ccc(Cl)cc1Cl,False
NUGLIROFZZXZSJ-WEMBUXJDSA-N,1,5.22257,5.22257,,5.22257,5.22257,0.0,0.0,O=C1/C(=C/c2cccc([N+](=O)[O-])c2)CN(C(=O)C[C@H]2C[C@H]3CCCN3[C@]23C(=O)Nc2ccccc23)C/C1=C\c1cccc([N+](=O)[O-])c1,False
AILPIHZZISVMTB-QEGZUFBXSA-N,1,4.46382,4.46382,,4.46382,4.46382,0.0,0.0,O=C1/C(=C/c2ccccc2F)CN(C(=O)C[C@H]2C[C@H]3CCCN3[C@]23C(=O)Nc2ccccc23)C/C1=C\c1ccccc1F,False
LJOVCRKSFLGXBZ-QEGZUFBXSA-N,1,4.92372,4.92372,,4.92372,4.92372,0.0,0.0,O=C1/C(=C/c2ccccc2Cl)CN(C(=O)C[C@H]2C[C@H]3CCCN3[C@]23C(=O)Nc2ccccc23)C/C1=C\c1ccccc1Cl,False
UGCUKCYPAMRIBT-PJIGKQEJSA-N,1,4.7997,4.7997,,4.7997,4.7997,0.0,0.0,COc1ccccc1/C=C1\CN(C(=O)C[C@H]2C[C@H]3CCCN3[C@]23C(=O)Nc2ccccc23)C/C(=C\c2ccccc2OC)C1=O,False
ZFPYELATDAFWFI-NSQNZTPSSA-N,1,4.90413,4.90413,,4.90413,4.90413,0.0,0.0,Cc1ccccc1/C=C1\CN(C(=O)C[C@H]2C[C@H]3CCCN3[C@]23C(=O)Nc2ccccc23)C/C(=C\c2ccccc2C)C1=O,False
ZXNYKJWIZZJZPB-UEJDYGPVSA-N,1,4.75721,4.75721,,4.75721,4.75721,0.0,0.0,O=C1/C(=C/c2ccccc2)CN(C(=O)C[C@H]2C[C@H]3CCCN3[C@]23C(=O)Nc2ccccc23)C/C1=C\c1ccccc1,False
LQKVWDKZZLKIEO-UHFFFAOYSA-N,1,5.74958,5.74958,,5.74958,5.74958,0.0,0.0,Clc1ccc(-c2nnc3sc(-c4ccoc4)nn23)cc1,False
UCDXFXYDHXUQQS-UHFFFAOYSA-N,1,5.74958,5.74958,,5.74958,5.74958,0.0,0.0,COc1cccc(-c2nnc3sc(-c4ccoc4)nn23)c1,False
IBQPWMAINWBSPG-UHFFFAOYSA-N,1,5.74958,5.74958,,5.74958,5.74958,0.0,0.0,COc1ccccc1-c1nnc2sc(-c3ccoc3)nn12,False
BQCYOKUETBHDKF-UHFFFAOYSA-N,1,5.74958,5.74958,,5.74958,5.74958,0.0,0.0,Fc1ccc(Cc2nnc3sc(-c4ccoc4)nn23)cc1,False
GTTCAAURUZPYCT-UHFFFAOYSA-N,1,5.74958,5.74958,,5.74958,5.74958,0.0,0.0,Fc1ccccc1Cc1nnc2sc(-c3ccoc3)nn12,False
FOOHHCUOYWOPNH-UHFFFAOYSA-N,1,5.74958,5.74958,,5.74958,5.74958,0.0,0.0,Fc1cccc(Cc2nnc3sc(-c4ccoc4)nn23)c1,False
PXVDNVYERNRUIH-UHFFFAOYSA-N,1,5.74958,5.74958,,5.74958,5.74958,0.0,0.0,Clc1ccccc1-c1nnc2sc(-c3ccoc3)nn12,False
VLFPJNJFSRTVCQ-UHFFFAOYSA-N,1,6.46344,6.46344,,6.46344,6.46344,0.0,0.0,Brc1cccc(-c2nnc3sc(-c4ccoc4)nn23)c1,False
QYCOFCLOPMEREV-UHFFFAOYSA-N,1,5.74958,5.74958,,5.74958,5.74958,0.0,0.0,Brc1ccc(-c2nnc3sc(-c4ccoc4)nn23)cc1,False
BEBHKCHGOXBQFM-UHFFFAOYSA-N,1,5.74958,5.74958,,5.74958,5.74958,0.0,0.0,COc1ccc(-c2nnc3sc(-c4ccoc4)nn23)cc1,False
ACEKJSVJSPWCFJ-QEJYEJBOSA-N,1,5.23582,5.23582,,5.23582,5.23582,0.0,0.0,O=C1/C(=C/c2cccc3ccccc23)CN(C(=O)[C@H]2C[C@H]3CCCN3[C@]23C(=O)Nc2cc(Cl)ccc23)C/C1=C\c1cccc2ccccc12,False
LYOMGBOTTCNJOL-CALHOEHWSA-N,1,4.65131,4.65131,,4.65131,4.65131,0.0,0.0,O=C1/C(=C/c2ccc(F)cc2)CN(C(=O)[C@H]2C[C@H]3CCCN3[C@]23C(=O)Nc2cc(Cl)ccc23)C/C1=C\c1ccc(F)cc1,False
UFZCTLXXZCRXSR-CALHOEHWSA-N,1,5.47366,5.47366,,5.47366,5.47366,0.0,0.0,O=C1/C(=C/c2ccc(Cl)cc2)CN(C(=O)[C@H]2C[C@H]3CCCN3[C@]23C(=O)Nc2cc(Cl)ccc23)C/C1=C\c1ccc(Cl)cc1,False
KPQUHTNSXKRNNN-HUPMBETNSA-N,1,5.11919,5.11919,,5.11919,5.11919,0.0,0.0,Cc1ccc(/C=C2\CN(C(=O)[C@H]3C[C@H]4CCCN4[C@]34C(=O)Nc3cc(Cl)ccc34)C/C(=C\c3ccc(C)cc3)C2=O)cc1,False
NVCJOKMKSQXMIZ-PASBQLHESA-N,1,5.47756,5.47756,,5.47756,5.47756,0.0,0.0,O=C1/C(=C/c2ccc(Cl)cc2Cl)CN(C(=O)[C@H]2C[C@H]3CCCN3[C@]23C(=O)Nc2cc(Cl)ccc23)C/C1=C\c1ccc(Cl)cc1Cl,False
FXQROPSWMDCKSN-GMTJZYHLSA-N,1,5.36856,5.36856,,5.36856,5.36856,0.0,0.0,O=C1/C(=C/c2cccc([N+](=O)[O-])c2)CN(C(=O)[C@H]2C[C@H]3CCCN3[C@]23C(=O)Nc2cc(Cl)ccc23)C/C1=C\c1cccc([N+](=O)[O-])c1,False
DHHBSXMJIWJCNZ-WFUNVFJHSA-N,1,4.53003,4.53003,,4.53003,4.53003,0.0,0.0,O=C1/C(=C/c2ccccc2F)CN(C(=O)[C@H]2C[C@H]3CCCN3[C@]23C(=O)Nc2cc(Cl)ccc23)C/C1=C\c1ccccc1F,False
IEZUYXINOLBVPZ-WFUNVFJHSA-N,1,5.29414,5.29414,,5.29414,5.29414,0.0,0.0,O=C1/C(=C/c2ccccc2Cl)CN(C(=O)[C@H]2C[C@H]3CCCN3[C@]23C(=O)Nc2cc(Cl)ccc23)C/C1=C\c1ccccc1Cl,False
PCOKXHPOHHOXLN-PFIPDXTLSA-N,1,4.83803,4.83803,,4.83803,4.83803,0.0,0.0,COc1ccccc1/C=C1\CN(C(=O)[C@H]2C[C@H]3CCCN3[C@]23C(=O)Nc2cc(Cl)ccc23)C/C(=C\c2ccccc2OC)C1=O,False
LJWWVVOSSRGRSB-HUPMBETNSA-N,1,4.95078,4.95078,,4.95078,4.95078,0.0,0.0,Cc1ccccc1/C=C1\CN(C(=O)[C@H]2C[C@H]3CCCN3[C@]23C(=O)Nc2cc(Cl)ccc23)C/C(=C\c2ccccc2C)C1=O,False
ZUPYZAOBFKGYOS-KQARPPIHSA-N,1,4.80355,4.80355,,4.80355,4.80355,0.0,0.0,O=C1/C(=C/c2ccccc2)CN(C(=O)[C@H]2C[C@H]3CCCN3[C@]23C(=O)Nc2cc(Cl)ccc23)C/C1=C\c1ccccc1,False
MTRUEVQGINMHEH-RPCRKUJJSA-N,1,4.85886,4.85886,,4.85886,4.85886,0.0,0.0,C=CC(=O)N1C/C(=C\c2cccc3ccccc23)C(=O)/C(=C/c2cccc3ccccc23)C1,False
JTMAQMMHQYJZRV-JYFOCSDGSA-N,1,4.82045,4.82045,,4.82045,4.82045,0.0,0.0,C=CC(=O)N1C/C(=C\c2ccc(F)cc2)C(=O)/C(=C/c2ccc(F)cc2)C1,False
UANWMDUDDVNHJV-JYFOCSDGSA-N,1,4.65679,4.65679,,4.65679,4.65679,0.0,0.0,C=CC(=O)N1C/C(=C\c2ccc(Cl)cc2)C(=O)/C(=C/c2ccc(Cl)cc2)C1,False
PBKYTQAWPQYYBI-JFMUQQRKSA-N,1,4.74328,4.74328,,4.74328,4.74328,0.0,0.0,C=CC(=O)N1C/C(=C\c2ccc(C)cc2)C(=O)/C(=C/c2ccc(C)cc2)C1,False
FISLRWJREXCZGZ-BGPOSVGRSA-N,1,4.80272,4.80272,,4.80272,4.80272,0.0,0.0,C=CC(=O)N1C/C(=C\c2ccc(Cl)cc2Cl)C(=O)/C(=C/c2ccc(Cl)cc2Cl)C1,False
CDXLEFQOEJSRAZ-BEQMOXJMSA-N,1,5.01055,5.01055,,5.01055,5.01055,0.0,0.0,C=CC(=O)N1C/C(=C\c2cccc([N+](=O)[O-])c2)C(=O)/C(=C/c2cccc([N+](=O)[O-])c2)C1,False
UAALLHXUCALBPS-JYFOCSDGSA-N,1,4.92775,4.92775,,4.92775,4.92775,0.0,0.0,C=CC(=O)N1C/C(=C\c2ccccc2F)C(=O)/C(=C/c2ccccc2F)C1,False
TWKRFLWDMHZWHO-JYFOCSDGSA-N,1,4.78728,4.78728,,4.78728,4.78728,0.0,0.0,C=CC(=O)N1C/C(=C\c2ccccc2Cl)C(=O)/C(=C/c2ccccc2Cl)C1,False
ANDKTBBSVHIHPD-IWGRKNQJSA-N,1,5.05948,5.05948,,5.05948,5.05948,0.0,0.0,C=CC(=O)N1C/C(=C\c2ccccc2OC)C(=O)/C(=C/c2ccccc2OC)C1,False
YYTCOYCBTWTKEO-JFMUQQRKSA-N,1,4.7597,4.7597,,4.7597,4.7597,0.0,0.0,C=CC(=O)N1C/C(=C\c2ccccc2C)C(=O)/C(=C/c2ccccc2C)C1,False
FYXRGLSUYBQDPY-IWGRKNQJSA-N,1,4.75252,4.75252,,4.75252,4.75252,0.0,0.0,C=CC(=O)N1C/C(=C\c2ccccc2)C(=O)/C(=C/c2ccccc2)C1,False
GDFNKJSVDGBNRH-UHFFFAOYSA-N,1,5.75449,5.75449,,5.75449,5.75449,0.0,0.0,COc1ccc2cc(C(=O)CN3CCN(Cc4ccccc4)CC3)c(=O)oc2c1,False
WRBFPGYDKJBYBI-SJORKVTESA-N,1,5.78781,5.78781,,5.78781,5.78781,0.0,0.0,CN(C)C(=O)[C@H]1C[C@@H]1c1ccc(-c2ncn(C)c2Sc2ccc(Cl)cn2)cc1,False
VUYWTRRXYXIDQP-UHFFFAOYSA-N,1,4.0,4.0,,4.0,4.0,0.0,0.0,c1ccc2c(c1)CCCN2c1nc2ccccc2[nH]1,False
LMKDWQFQVLRLOF-UHFFFAOYSA-N,1,4.051,4.051,,4.051,4.051,0.0,0.0,CC1CCCCN1c1nc2ccccc2[nH]1,False
JUYQSMXGDBGGSX-UHFFFAOYSA-N,1,4.22768,4.22768,,4.22768,4.22768,0.0,0.0,c1ccc2[nH]c(N3CCCCC3)nc2c1,False
REINGBIPBAXWTB-UHFFFAOYSA-N,1,4.0,4.0,,4.0,4.0,0.0,0.0,c1ccc(Nc2nc3ccccc3[nH]2)nc1,False
ZRJGSOYDMCTPLP-UHFFFAOYSA-N,1,4.0,4.0,,4.0,4.0,0.0,0.0,c1ccc2[nH]c(NC34CC5CC(CC(C5)C3)C4)nc2c1,False
IGMOQQOTBWDFBW-UHFFFAOYSA-N,1,4.22417,4.22417,,4.22417,4.22417,0.0,0.0,CN(C)CCCN(c1nc2ccccc2[nH]1)c1nc2ccccc2[nH]1,False
XARCUBHUCFGDIP-UHFFFAOYSA-N,1,4.0,4.0,,4.0,4.0,0.0,0.0,NCCNc1nc2ccccc2[nH]1,False
OXNZOSDMIJOPCJ-UHFFFAOYSA-N,1,4.0,4.0,,4.0,4.0,0.0,0.0,CC(C)(C)OC(=O)NCCNc1nc2ccccc2[nH]1,False
CGNYOHLJXUUNOM-UHFFFAOYSA-N,1,4.0,4.0,,4.0,4.0,0.0,0.0,CCN(CC)CCCNc1nc2ccccc2[nH]1,False
KVLNHVGHLGUYSL-UHFFFAOYSA-N,1,4.0,4.0,,4.0,4.0,0.0,0.0,c1ccc(CCCNc2nc3ccccc3[nH]2)cc1,False
VTUYRTRJDHAFLL-UHFFFAOYSA-N,1,4.0,4.0,,4.0,4.0,0.0,0.0,COCCNc1nc2ccccc2[nH]1,False
ANLDJFLVPKZMGO-UHFFFAOYSA-N,1,4.0,4.0,,4.0,4.0,0.0,0.0,CCCCN(C)c1nc2ccccc2[nH]1,False
MQDHWQWAQCVOTC-UHFFFAOYSA-N,1,4.0,4.0,,4.0,4.0,0.0,0.0,CCCCN(C)c1nc2ccccc2n1C,False
FYOLAFLVTAEHOJ-UHFFFAOYSA-N,1,4.0,4.0,,4.0,4.0,0.0,0.0,CCCCNc1nc2ccccc2n1C,False
OKKUCNXCFWODOE-UHFFFAOYSA-N,1,4.0,4.0,,4.0,4.0,0.0,0.0,CCCCNc1nc2ccccc2[nH]1,False
QAIPRVGONGVQAS-DUXPYHPUSA-N,1,4.0,4.0,,4.0,4.0,0.0,0.0,O=C(O)/C=C/c1ccc(O)c(O)c1,False
ORHBXUUXSCNDEV-UHFFFAOYSA-N,1,4.0,4.0,,4.0,4.0,0.0,0.0,O=c1ccc2ccc(O)cc2o1,False
HHNCJFKRMZDTHW-WQRDJFRPSA-N,1,4.0,4.0,,4.0,4.0,0.0,0.0,C/C=C(\C)C(=O)OC(C)(C)[C@@H]1Cc2cc3ccc(=O)oc3cc2O1,False
PQCLZBCFLJVBGA-INIZCTEOSA-N,1,4.0,4.0,,4.0,4.0,0.0,0.0,CC(C)=CC(=O)OC(C)(C)[C@@H]1Cc2cc3ccc(=O)oc3cc2O1,False
ZCCUUQDIBDJBTK-UHFFFAOYSA-N,1,5.18842,5.18842,,5.18842,5.18842,0.0,0.0,O=c1ccc2cc3ccoc3cc2o1,False
RBQOQRRFDPXAGN-UHFFFAOYSA-N,1,5.19382,5.19382,,5.19382,5.19382,0.0,0.0,CCCn1cnc2c1c(=O)n(CCCCC(C)=O)c(=O)n2C,False
BYPFEZZEUUWMEJ-UHFFFAOYSA-N,1,5.18046,5.18046,,5.18046,5.18046,0.0,0.0,CC(=O)CCCCn1c(=O)c2c(ncn2C)n(C)c1=O,False
RYYVLZVUVIJVGH-UHFFFAOYSA-N,2,5.11983,5.11983,0.028043854941859122,5.1,5.13966,0.019830000000000236,0.03966000000000047,Cn1c(=O)c2c(ncn2C)n(C)c1=O,False
LRFVTYWOQMYALW-UHFFFAOYSA-N,1,5.04576,5.04576,,5.04576,5.04576,0.0,0.0,O=c1[nH]c(=O)c2nc[nH]c2[nH]1,False
IZGRHSRWTILCID-FIXISWKDSA-N,1,6.31069,6.31069,,6.31069,6.31069,0.0,0.0,C=C[C@@H]1[C@H]2C=C(C)C[C@]1(N)c1ccc(=O)[nH]c1C2,False
GSNAOXZKMHHMJN-HWWQOWPSSA-N,1,4.82391,4.82391,,4.82391,4.82391,0.0,0.0,C=C[C@@H]1[C@H]2C=C(C)C[C@]1(NC)c1ccc(=O)[nH]c1C2,False
SPLMGOUKRILOLN-AWBCAMRRSA-N,1,4.91721,4.91721,,4.91721,4.91721,0.0,0.0,CC1=C[C@H]2Cc3[nH]c(=O)ccc3[C@@]3(C1)[C@@H]2[C@H](C)CN3C,False
RRGNVROICAKYCS-LPOXYFBYSA-N,1,4.67985,4.67985,,4.67985,4.67985,0.0,0.0,CC1=C[C@H]2Cc3[nH]c(=O)ccc3[C@@]3(C1)[C@@H]2[C@H](Cl)CCN3C,False
MKCZJPWVOINYIU-UHFFFAOYSA-N,1,5.01189,5.01189,,5.01189,5.01189,0.0,0.0,Clc1ccc2[nH]c(-c3ccc(OCCN4CCOCC4)cc3)nc2c1,False
JWMNDJKJQTZJKT-UHFFFAOYSA-N,1,6.88606,6.88606,,6.88606,6.88606,0.0,0.0,Clc1ccc2[nH]c(-c3ccc(OCCN4CCCCC4)cc3)nc2c1,False
BBTOCHYFQHOWFS-UHFFFAOYSA-N,1,5.85387,5.85387,,5.85387,5.85387,0.0,0.0,Clc1ccc2[nH]c(-c3ccc(OCCN4CCCC4)cc3)nc2c1,False
QEGIKSFQWDYIPY-UHFFFAOYSA-N,1,5.43415,5.43415,,5.43415,5.43415,0.0,0.0,CC(C)N(CCOc1ccc(-c2nc3cc(Cl)ccc3[nH]2)cc1)C(C)C,False
MRCUDDHDPPYVCN-UHFFFAOYSA-N,1,5.05799,5.05799,,5.05799,5.05799,0.0,0.0,CCN(CC)CCOc1ccc(-c2nc3cc(Cl)ccc3[nH]2)cc1,False
UFPXLIINJWSSMV-UHFFFAOYSA-N,1,5.09583,5.09583,,5.09583,5.09583,0.0,0.0,CN(C)CCOc1ccc(-c2nc3cc(Cl)ccc3[nH]2)cc1,False
GGUHTGJGVJGBEI-UHFFFAOYSA-N,1,4.0,4.0,,4.0,4.0,0.0,0.0,Oc1ccc(-c2nc3cc(Cl)ccc3[nH]2)cc1,False
JNNLSQKEHIMVGD-UHFFFAOYSA-N,1,4.88874,4.88874,,4.88874,4.88874,0.0,0.0,Cc1ccc2[nH]c(-c3ccc(OCCN4CCOCC4)cc3)nc2c1,False
XVWGGOXBAAKLJP-UHFFFAOYSA-N,1,6.40894,6.40894,,6.40894,6.40894,0.0,0.0,Cc1ccc2[nH]c(-c3ccc(OCCN4CCCCC4)cc3)nc2c1,False
ULFZHPSKEWCTNR-UHFFFAOYSA-N,1,6.39794,6.39794,,6.39794,6.39794,0.0,0.0,Cc1ccc2[nH]c(-c3ccc(OCCN4CCCC4)cc3)nc2c1,False
FRSWFNMTSFMEFA-UHFFFAOYSA-N,1,4.2926,4.2926,,4.2926,4.2926,0.0,0.0,CCN(CC)CCOc1ccc(-c2nc3cc(C)ccc3[nH]2)cc1,False
LXOFWGQRZZFMFP-UHFFFAOYSA-N,1,4.90868,4.90868,,4.90868,4.90868,0.0,0.0,Cc1ccc2[nH]c(-c3ccc(OCCN(C)C)cc3)nc2c1,False
CPQLMFZCFVDANN-UHFFFAOYSA-N,1,4.0,4.0,,4.0,4.0,0.0,0.0,Cc1ccc2[nH]c(-c3ccc(O)cc3)nc2c1,False
FVWQPWJWXDUYOX-UHFFFAOYSA-N,1,4.0,4.0,,4.0,4.0,0.0,0.0,c1ccc2[nH]c(-c3ccc(OCCN4CCOCC4)cc3)nc2c1,False
DQHHGJIDSIEIRK-UHFFFAOYSA-N,1,5.98716,5.98716,,5.98716,5.98716,0.0,0.0,c1ccc2[nH]c(-c3ccc(OCCN4CCCCC4)cc3)nc2c1,False
GPCCQUBMGXQCPH-UHFFFAOYSA-N,1,5.67162,5.67162,,5.67162,5.67162,0.0,0.0,c1ccc2[nH]c(-c3ccc(OCCN4CCCC4)cc3)nc2c1,False
PYQMEKHFZSJYQR-UHFFFAOYSA-N,1,4.63041,4.63041,,4.63041,4.63041,0.0,0.0,CC(C)N(CCOc1ccc(-c2nc3ccccc3[nH]2)cc1)C(C)C,False
YOVHNJSQWZOPJV-UHFFFAOYSA-N,1,4.0,4.0,,4.0,4.0,0.0,0.0,CCN(CC)CCOc1ccc(-c2nc3ccccc3[nH]2)cc1,False
LUBUSRLQUIHRJC-UHFFFAOYSA-N,1,4.97143,4.97143,,4.97143,4.97143,0.0,0.0,CN(C)CCOc1ccc(-c2nc3ccccc3[nH]2)cc1,False
REOGMBVECOGANJ-UHFFFAOYSA-N,1,4.0,4.0,,4.0,4.0,0.0,0.0,Oc1ccc(-c2nc3ccccc3[nH]2)cc1,False
OXQRMHHRDWXOPE-UHFFFAOYSA-N,1,5.13668,5.13668,,5.13668,5.13668,0.0,0.0,N#Cc1cc(C#N)c(NC2CCN(Cc3ccccc3)CC2)nc1NC1CCN(Cc2ccccc2)CC1,False
NGQBESRBBIDATI-UHFFFAOYSA-N,1,5.01011,5.01011,,5.01011,5.01011,0.0,0.0,N#Cc1c(NCCC2CCN(Cc3ccccc3)CC2)nc(NCCC2CCN(Cc3ccccc3)CC2)c(C#N)c1-c1ccccc1,False
VPVULNNWJJSXOM-UHFFFAOYSA-N,1,7.88606,7.88606,,7.88606,7.88606,0.0,0.0,N#Cc1cc(C#N)c(NCCCCC2CCN(Cc3ccccc3)CC2)nc1Cl,False
CXJHSZNBWBHAQG-UHFFFAOYSA-N,1,7.26761,7.26761,,7.26761,7.26761,0.0,0.0,N#Cc1cc(C#N)c(NCCCC2CCN(Cc3ccccc3)CC2)nc1Cl,False
KPKNMUAGNOEDIE-UHFFFAOYSA-N,1,6.50864,6.50864,,6.50864,6.50864,0.0,0.0,N#Cc1cc(C#N)c(NCCC2CCN(Cc3ccccc3)CC2)nc1Cl,False
APUNUGFNNAECLO-UHFFFAOYSA-N,1,5.27165,5.27165,,5.27165,5.27165,0.0,0.0,N#Cc1cc(C#N)c(NC2CCN(Cc3ccccc3)CC2)nc1Cl,False
NXFUAVRJMVGTEU-UHFFFAOYSA-N,1,7.50864,7.50864,,7.50864,7.50864,0.0,0.0,N#Cc1c(Cl)nc(NCCCCC2CCN(Cc3ccccc3)CC2)c(C#N)c1-c1ccccc1,False
PWFVTINZOVIFQP-UHFFFAOYSA-N,1,5.41341,5.41341,,5.41341,5.41341,0.0,0.0,N#Cc1c(Cl)nc(NCCCC2CCN(Cc3ccccc3)CC2)c(C#N)c1-c1ccccc1,False
CBUMRMKTVSNLKA-UHFFFAOYSA-N,1,5.35655,5.35655,,5.35655,5.35655,0.0,0.0,N#Cc1c(Cl)nc(NCCC2CCN(Cc3ccccc3)CC2)c(C#N)c1-c1ccccc1,False
RVJXOEYVNUBNPU-UHFFFAOYSA-N,1,5.02549,5.02549,,5.02549,5.02549,0.0,0.0,N#Cc1c(Cl)nc(NC2CCN(Cc3ccccc3)CC2)c(C#N)c1-c1ccccc1,False
NOURKCSQRDBPPM-UHFFFAOYSA-N,1,4.00257,4.00257,,4.00257,4.00257,0.0,0.0,O=C1NC(=S)NC(=O)C1=CNNC(=S)Nc1ccc(C(F)(F)F)cc1,False
ZKAWKZGZCNSSGH-UHFFFAOYSA-N,1,4.38955,4.38955,,4.38955,4.38955,0.0,0.0,O=C1NC(=O)C(=CNNC(=S)Nc2cccc(C(F)(F)F)c2)C(=O)N1,False
AQNHWMHKEPXQCB-UHFFFAOYSA-N,1,4.10122,4.10122,,4.10122,4.10122,0.0,0.0,O=C1NC(=S)NC(=O)C1=CNNC(=S)Nc1ccc(Br)cc1,False
QAZQHVMRLODQDE-UHFFFAOYSA-N,1,4.10563,4.10563,,4.10563,4.10563,0.0,0.0,O=C1NC(=S)NC(=O)C1=CNNC(=S)Nc1ccc(F)cc1,False
HIUCNIMSNNACIS-UHFFFAOYSA-N,1,4.12954,4.12954,,4.12954,4.12954,0.0,0.0,O=C(NNC=C1C(=O)NC(=S)NC1=O)Nc1ccccc1,False
IHFPTLWMIKIYEA-UHFFFAOYSA-N,1,4.04139,4.04139,,4.04139,4.04139,0.0,0.0,CC(=O)NC=C1C(=O)NC(=O)NC1=O,False
DZYGXSJGGFTJRZ-UHFFFAOYSA-L,2,4.61531,4.61531,0.08834592124144759,4.55284,4.67778,0.06247000000000025,0.1249400000000005,COc1c(F)c[n+](CCC[n+]2cc(F)c(OC)c(F)c2)cc1F.O=S(=O)([O-])C(F)(F)F.O=S(=O)([O-])C(F)(F)F,False
JFDUQVSBGRJINQ-UHFFFAOYSA-M,2,4.13819,4.13819,0.1830275192423264,4.00877,4.26761,0.1294200000000001,0.2588400000000002,COc1c(F)c[n+](C)cc1F.O=S(=O)([O-])C(F)(F)F,False
RCILLJWHFVCMFJ-UHFFFAOYSA-N,2,4.7993,4.7993,0.0771736340986998,4.74473,4.85387,0.05457000000000001,0.10914000000000001,COc1cccc(C#N)[n+]1C.F[B-](F)(F)F,False
IXIUOPRQOBPZBE-UHFFFAOYSA-N,2,4.280175,4.280175,0.12212441217872888,4.19382,4.36653,0.08635500000000018,0.17271000000000036,COc1ccc(C#N)c[n+]1C.F[B-](F)(F)F,False
NJWRPFBBVUCRJN-UHFFFAOYSA-N,2,4.253550000000001,4.253550000000001,0.05498462330506597,4.21467,4.29243,0.03888000000000025,0.0777600000000005,COc1cc(C#N)cc[n+]1C.F[B-](F)(F)F,False
MVZRDWBAHPJFAX-UHFFFAOYSA-N,2,4.790435,4.790435,0.47306150768161126,4.45593,5.12494,0.3345049999999996,0.6690099999999992,COc1ccc([N+](=O)[O-])c[n+]1C.F[B-](F)(F)F,False
NVKJIDUGEIZEPW-UHFFFAOYSA-N,2,4.3904700000000005,4.3904700000000005,0.07527858792511906,4.33724,4.4437,0.053229999999999666,0.10645999999999933,COc1cccc(C(F)(F)F)[n+]1C.F[B-](F)(F)F,False
GOPOJUNHRUEADH-UHFFFAOYSA-N,2,4.573455,4.573455,0.09166225204521257,4.50864,4.63827,0.06481500000000029,0.12963000000000058,COc1ccc(C(F)(F)F)c[n+]1C.F[B-](F)(F)F,False
XHTGCKJCACSSBM-UHFFFAOYSA-N,2,4.782715,4.782715,0.018618121548642556,4.76955,4.79588,0.013165000000000315,0.02633000000000063,COc1ccc(F)c[n+]1C.F[B-](F)(F)F,False
KOHSSLUAOTXHJA-UHFFFAOYSA-N,2,4.38452,4.38452,0.06686401722899961,4.33724,4.4318,0.04727999999999977,0.09455999999999953,COc1cccc[n+]1C.F[B-](F)(F)F,False
ZMKVQRBBDBSXEZ-UHFFFAOYSA-M,2,6.32333,6.32333,0.006462955980044992,6.31876,6.3279,0.004569999999999741,0.009139999999999482,COc1c(F)c[n+](CCCCCOc2ccc3c(C)cc(=O)oc3c2)cc1F.O=S(=O)([O-])C(F)(F)F,False
XRUAEVWJKITXIG-UHFFFAOYSA-M,2,6.2184349999999995,6.2184349999999995,0.08101322392054217,6.16115,6.27572,0.05728499999999981,0.11456999999999962,COc1c(F)c[n+](CCCCOc2ccc3c(C)cc(=O)oc3c2)cc1F.O=S(=O)([O-])C(F)(F)F,False
RMKGVUWQYULRKN-UHFFFAOYSA-M,2,5.7454,5.7454,0.03415325753130978,5.72125,5.76955,0.02414999999999967,0.04829999999999934,COc1c(F)c[n+](CCCOc2ccc3c(C)cc(=O)oc3c2)cc1F.O=S(=O)([O-])C(F)(F)F,False
KOFNHFQRLFTDHJ-UHFFFAOYSA-M,2,6.064915,6.064915,0.10996217554231971,5.98716,6.14267,0.0777549999999998,0.1555099999999996,COc1ccc(C(F)(F)F)c[n+]1CCCCCOc1ccc2c(C)cc(=O)oc2c1.O=S(=O)([O-])C(F)(F)F,False
FIRPLAXRQZWEEH-UHFFFAOYSA-M,2,6.036935,6.036935,0.11632613657299888,5.95468,6.11919,0.08225499999999997,0.16450999999999993,COc1ccc(C(F)(F)F)c[n+]1CCCCOc1ccc2c(C)cc(=O)oc2c1.O=S(=O)([O-])C(F)(F)F,False
MJCLAGLRDDLAEC-UHFFFAOYSA-M,2,5.4437,5.4437,0.0,5.4437,5.4437,0.0,0.0,COc1ccc(C(F)(F)F)c[n+]1CCCOc1ccc2c(C)cc(=O)oc2c1.O=S(=O)([O-])C(F)(F)F,False
MWYNVORGIJQEOF-UHFFFAOYSA-L,2,4.65758,4.65758,0.0,4.65758,4.65758,0.0,0.0,COc1ccc(C(F)(F)F)c[n+]1CCCCC[n+]1cc(C(F)(F)F)ccc1OC.O=S(=O)([O-])C(F)(F)F.O=S(=O)([O-])C(F)(F)F,False
UFMWOXVORSENPN-UHFFFAOYSA-L,2,5.2112549999999995,5.2112549999999995,0.3287268715058135,4.97881,5.4437,0.2324449999999998,0.4648899999999996,COc1ccc(C(F)(F)F)c[n+]1CCC[n+]1cc(C(F)(F)F)ccc1OC.O=S(=O)([O-])C(F)(F)F.O=S(=O)([O-])C(F)(F)F,False
WEAJDBKFZZKOML-UHFFFAOYSA-M,2,6.644945,6.644945,0.10791156587687943,6.56864,6.72125,0.07630500000000007,0.15261000000000013,COc1cc2c(cc1OC)C(=O)C(CCCCCCCc1cccc(OC)[n+]1C)C2.O=S(=O)([O-])C(F)(F)F,False
UJVAAQLXSLBDKJ-UHFFFAOYSA-M,2,7.07745,7.07745,0.10953084040579593,7.0,7.1549,0.0774499999999998,0.1548999999999996,COc1cc2c(cc1OC)C(=O)C(CCCCCCc1cccc(OC)[n+]1C)C2.O=S(=O)([O-])C(F)(F)F,False
VBUYOKNRZXECHE-UHFFFAOYSA-M,2,6.90344,6.90344,0.024579031714044637,6.88606,6.92082,0.017380000000000173,0.034760000000000346,COc1cc2c(cc1OC)C(=O)C(CCCCCc1cccc(OC)[n+]1C)C2.O=S(=O)([O-])C(F)(F)F,False
BSUMSWVFHNXTDM-UHFFFAOYSA-L,2,7.134205,7.134205,0.24832883048490387,6.95861,7.3098,0.17559499999999995,0.3511899999999999,COc1cc2c(cc1OC)C[N+](C)(CCCCCCCc1cccc(OC)[n+]1C)CC2.O=S(=O)([O-])C(F)(F)F.O=S(=O)([O-])C(F)(F)F,False
NMTWMKMOKNHOOG-UHFFFAOYSA-L,2,6.77258,6.77258,0.0725915821566108,6.72125,6.82391,0.051329999999999654,0.10265999999999931,COc1cc2c(cc1OC)C[N+](C)(CCCCCCc1cccc(OC)[n+]1C)CC2.O=S(=O)([O-])C(F)(F)F.O=S(=O)([O-])C(F)(F)F,False
DNIAPZKFQRYDIQ-UHFFFAOYSA-L,2,6.319135,6.319135,0.025604336546765253,6.30103,6.33724,0.01810500000000026,0.03621000000000052,COc1cc2c(cc1OC)C[N+](C)(CCCCCc1cccc(OC)[n+]1C)CC2.O=S(=O)([O-])C(F)(F)F.O=S(=O)([O-])C(F)(F)F,False
WASMKRBLJDLFHW-UHFFFAOYSA-L,2,5.27182,5.27182,0.017225121189704096,5.25964,5.284,0.012179999999999858,0.024359999999999715,COc1cc2c(cc1OC)C[N+](C)(CCCCc1cccc(OC)[n+]1C)CC2.O=S(=O)([O-])C(F)(F)F.O=S(=O)([O-])C(F)(F)F,False
QFBURNNTMZXPOD-UHFFFAOYSA-L,2,6.73299,6.73299,0.016602867222259628,6.72125,6.74473,0.01173999999999964,0.02347999999999928,COc1cccc(CCCCCCCCc2cccc(OC)[n+]2C)[n+]1C.O=S(=O)([O-])C(F)(F)F.O=S(=O)([O-])C(F)(F)F,False
QRYDRTQUSXTXJI-UHFFFAOYSA-L,2,6.92082,6.92082,0.0,6.92082,6.92082,0.0,0.0,COc1cccc(CCCCCCCc2cccc(OC)[n+]2C)[n+]1C.O=S(=O)([O-])C(F)(F)F.O=S(=O)([O-])C(F)(F)F,False
RHYDVDVFZJIWDU-UHFFFAOYSA-L,2,7.1549,7.1549,0.0,7.1549,7.1549,0.0,0.0,COc1cccc(CCCCCCc2cccc(OC)[n+]2C)[n+]1C.O=S(=O)([O-])C(F)(F)F.O=S(=O)([O-])C(F)(F)F,False
QTAZWBRNRWOAHK-UHFFFAOYSA-L,2,6.979305,6.979305,0.02926714967331107,6.95861,7.0,0.020694999999999908,0.041389999999999816,COc1cccc(CCCCCc2cccc(OC)[n+]2C)[n+]1C.O=S(=O)([O-])C(F)(F)F.O=S(=O)([O-])C(F)(F)F,False
JPPCLTDDFRWLJD-UHFFFAOYSA-L,2,6.02506,6.02506,0.09397449121969265,5.95861,6.09151,0.06645000000000012,0.13290000000000024,COc1cccc(CCc2cccc(OC)[n+]2C)[n+]1C.O=S(=O)([O-])C(F)(F)F.O=S(=O)([O-])C(F)(F)F,False
DYNNAWSJUCTGKF-UHFFFAOYSA-N,1,4.1549,4.1549,,4.1549,4.1549,0.0,0.0,COc1c(F)ccc[n+]1C.F[B-](F)(F)F,False
JSAZPCMIHLNCTG-UHFFFAOYSA-M,1,4.00877,4.00877,,4.00877,4.00877,0.0,0.0,COc1ccc(C(F)(F)F)c[n+]1CCCCCO.O=S(=O)([O-])C(F)(F)F,False
ULYGZQJSGMQCKG-UHFFFAOYSA-N,1,4.69897,4.69897,,4.69897,4.69897,0.0,0.0,CC(C(=O)NCCCNC1=CC(=O)C(NCCCNC(=O)C(C)c2ccc(-c3ccccc3)c(F)c2)=CC1=O)c1ccc(-c2ccccc2)c(F)c1,False
IHPKWJKSEAEEAP-UHFFFAOYSA-N,1,4.69897,4.69897,,4.69897,4.69897,0.0,0.0,CC(C(=O)NCCCCCCNC1=CC(=O)C(NCCCCCCNC(=O)C(C)c2ccc(-c3ccccc3)c(F)c2)=CC1=O)c1ccc(-c2ccccc2)c(F)c1,False
FIHKSIJMFNDTLZ-HEVIKAOCSA-N,1,5.5391,5.5391,,5.5391,5.5391,0.0,0.0,C[C@H](C(=O)NCCCNCCCNC1=CC(=O)C(NCCCNCCCNC(=O)[C@@H](C)c2ccc(-c3ccccc3)c(F)c2)=CC1=O)c1ccc(-c2ccccc2)c(F)c1,False
FIHKSIJMFNDTLZ-KKLWWLSJSA-N,1,4.55596,4.55596,,4.55596,4.55596,0.0,0.0,C[C@@H](C(=O)NCCCNCCCNC1=CC(=O)C(NCCCNCCCNC(=O)[C@H](C)c2ccc(-c3ccccc3)c(F)c2)=CC1=O)c1ccc(-c2ccccc2)c(F)c1,False
JHUOXQBVHUYPEY-UHFFFAOYSA-N,1,4.98716,4.98716,,4.98716,4.98716,0.0,0.0,COc1ccc2c(c1)c(CC(=O)NCCCNCCCNC1=CC(=O)C(NCCCNCCCNC(=O)Cc3c(C)n(C(=O)c4ccc(Cl)cc4)c4ccc(OC)cc34)=CC1=O)c(C)n2C(=O)c1ccc(Cl)cc1,False
OWEZYYQDVVGJQA-UHFFFAOYSA-N,2,5.517165,5.517165,0.9965750842008841,4.81248,6.22185,0.704685,1.40937,O=C(Cc1ccccc1Nc1c(Cl)cccc1Cl)NCCCNCCCNC1=CC(=O)C(NCCCNCCCNC(=O)Cc2ccccc2Nc2c(Cl)cccc2Cl)=CC1=O,False
JLICOVVJIUJAMC-GWSDYOLYSA-N,1,5.02045,5.02045,,5.02045,5.02045,0.0,0.0,CC1=C(CC(=O)NCCCNCCCNC2=CC(=O)C(NCCCNCCCNC(=O)CC3=C(C)/C(=C\c4ccc([S+](C)[O-])cc4)c4ccc(F)cc43)=CC2=O)c2cc(F)ccc2/C1=C/c1ccc([S+](C)[O-])cc1,False
GAIPAIINDRQCBE-UHFFFAOYSA-N,1,6.22185,6.22185,,6.22185,6.22185,0.0,0.0,CC(C)Cc1ccc(C(C)C(=O)NCCCNCCCNC2=CC(=O)C(NCCCNCCCNC(=O)C(C)c3ccc(CC(C)C)cc3)=CC2=O)cc1,False
XWIRRJCYPXRQNW-ZZEZOPTASA-N,1,6.85387,6.85387,,6.85387,6.85387,0.0,0.0,CCn1c(=O)n(C)s/c1=N\CCC1CCN(Cc2ccccc2)CC1,False
UHBYWTXOUSTTSQ-UHFFFAOYSA-N,1,6.73993,6.73993,,6.73993,6.73993,0.0,0.0,CCOC(=O)C1=C(C)Oc2nc3c(c(N)c2C1c1ccc(C)cc1)CCCC3,False
NJPVUJVNAWTZJX-UHFFFAOYSA-N,2,6.400705,6.400705,0.479736595696013,6.06148,6.73993,0.3392249999999999,0.6784499999999998,CCOC(=O)C1=C(C)Oc2nc3c(c(N)c2C1c1ccc(OC)cc1)CCCC3,False
ISDBEASSBDUORE-UHFFFAOYSA-N,1,6.78781,6.78781,,6.78781,6.78781,0.0,0.0,COc1cc2c(cc1OC)[Se](=O)N(CCC1CCN(Cc3ccccc3)CC1)C2=O,False
XATRWWMRLDBURC-UHFFFAOYSA-N,1,6.98716,6.98716,,6.98716,6.98716,0.0,0.0,COc1cc2[se]n(CCCCC3CCN(Cc4ccccc4)CC3)c(=O)c2cc1OC,False
SPTPBOSWJWYELM-UHFFFAOYSA-N,1,6.63639,6.63639,,6.63639,6.63639,0.0,0.0,COc1cc2[se]n(CCCC3CCN(Cc4ccccc4)CC3)c(=O)c2cc1OC,False
PGBBHNPZVCTISZ-UHFFFAOYSA-N,1,7.01323,7.01323,,7.01323,7.01323,0.0,0.0,COc1cc2[se]n(CCC3CCN(Cc4ccccc4)CC3)c(=O)c2cc1OC,False
UEPKIBDCMASFAW-NJNXFGOHSA-N,1,6.97757,6.97757,,6.97757,6.97757,0.0,0.0,O=C1/C(=C/c2ccc(F)cc2)COc2cc(OCCCCCCNc3c4c(nc5ccccc35)CCCC4)ccc21,False
NJHSCOWKTJHWBT-ZZIIXHQDSA-N,1,6.91507,6.91507,,6.91507,6.91507,0.0,0.0,COc1ccc(/C=C2\COc3cc(OCCCCCCCCNc4c5c(nc6ccccc46)CCCC5)ccc3C2=O)cc1,False
CBIYVBDPTVOIOY-XTCLZLMSSA-N,1,6.80465,6.80465,,6.80465,6.80465,0.0,0.0,COc1ccc(/C=C2\COc3cc(OCCCCCCNc4c5c(nc6ccccc46)CCCC5)ccc3C2=O)cc1,False
SKUMQRLMZICTHQ-NJNXFGOHSA-N,1,7.00877,7.00877,,7.00877,7.00877,0.0,0.0,COc1ccc(/C=C2\COc3cc(OCCCCCNc4c5c(nc6ccccc46)CCCC5)ccc3C2=O)cc1,False
BGIOOSDXZCNZQT-UHFFFAOYSA-N,1,7.82016,7.82016,,7.82016,7.82016,0.0,0.0,COc1cc2[se]n(CCCCCCNc3c4c(nc5ccccc35)CCCC4)c(=O)c2cc1OC,False
NAKZJQSHDVVYBW-UHFFFAOYSA-N,1,7.70952,7.70952,,7.70952,7.70952,0.0,0.0,O=c1c2ccccc2[se]n1CCCCCCNc1c2c(nc3ccccc13)CCCC2,False
KZMBWUIEJCJZBV-UHFFFAOYSA-N,1,8.3279,8.3279,,8.3279,8.3279,0.0,0.0,c1cc[n+](CCCCCCCCCCCC[n+]2cccc3ccccc32)cc1,False
OPRFDSBJETWBSK-UHFFFAOYSA-N,1,7.76955,7.76955,,7.76955,7.76955,0.0,0.0,c1cc[n+](CCCCCCCCCCC[n+]2cccc3ccccc32)cc1,False
IXYYOCBGKVPOHF-UHFFFAOYSA-N,1,8.30103,8.30103,,8.30103,8.30103,0.0,0.0,c1cc[n+](CCCCCCCCCC[n+]2cccc3ccccc32)cc1,False
SYTVXSVMKRXYMG-UHFFFAOYSA-N,1,6.92082,6.92082,,6.92082,6.92082,0.0,0.0,c1cc[n+](CCCCCCCCC[n+]2cccc3ccccc32)cc1,False
VLINJGAWQXONRY-UHFFFAOYSA-N,1,6.56864,6.56864,,6.56864,6.56864,0.0,0.0,c1cc[n+](CCCCCCCC[n+]2cccc3ccccc32)cc1,False
AJEOSTRBVYLHFL-UHFFFAOYSA-N,1,6.26761,6.26761,,6.26761,6.26761,0.0,0.0,c1cc[n+](CCCCCCC[n+]2cccc3ccccc32)cc1,False
XMIICGLXEFLORP-UHFFFAOYSA-N,1,7.52288,7.52288,,7.52288,7.52288,0.0,0.0,c1cc[n+](CCCCCCCCCCC[n+]2ccc3ccccc3c2)cc1,False
TVYZGBBYZJIGGJ-UHFFFAOYSA-N,1,7.69897,7.69897,,7.69897,7.69897,0.0,0.0,c1cc[n+](CCCCCCCCCC[n+]2ccc3ccccc3c2)cc1,False
JUWPVFGGRPLWHB-UHFFFAOYSA-N,1,7.39794,7.39794,,7.39794,7.39794,0.0,0.0,c1cc[n+](CCCCCCCCC[n+]2ccc3ccccc3c2)cc1,False
PVKAOBUBUDQDRR-UHFFFAOYSA-N,1,6.85387,6.85387,,6.85387,6.85387,0.0,0.0,c1cc[n+](CCCCCCCC[n+]2ccc3ccccc3c2)cc1,False
LYSYREGAWZUWGY-UHFFFAOYSA-N,1,6.09691,6.09691,,6.09691,6.09691,0.0,0.0,c1cc[n+](CCCCCCC[n+]2ccc3ccccc3c2)cc1,False
AIGAZQPHXLWMOJ-UHFFFAOYSA-N,1,4.30103,4.30103,,4.30103,4.30103,0.0,0.0,Cc1coc2c1C(=O)C(=O)c1c-2ccc2c(C)cccc12,False
HARGZZNYNSYSGJ-JTQLQIEISA-N,1,6.0,6.0,,6.0,6.0,0.0,0.0,Cc1cccc2c3c(ccc12)C1=C(C(=O)C3=O)[C@@H](C)CO1,False
DYEFUKCXAQOFHX-UHFFFAOYSA-N,2,5.01576,5.01576,0.27131687194127807,4.82391,5.20761,0.19185000000000008,0.38370000000000015,O=c1c2ccccc2[se]n1-c1ccccc1,False
YJIPHBLIIILVCK-UHFFFAOYSA-N,1,5.46725,5.46725,,5.46725,5.46725,0.0,0.0,COc1cc2[se]n(-c3ccc(OCCCCN4CCCCC4)cc3)c(=O)c2cc1OC,False
SEEWNPTXFPHRDI-UHFFFAOYSA-N,1,5.28819,5.28819,,5.28819,5.28819,0.0,0.0,COc1cc2[se]n(-c3ccc(OCCCN4CCCCC4)cc3)c(=O)c2cc1OC,False
WBYXSWQBTVRKLU-UHFFFAOYSA-N,1,6.34679,6.34679,,6.34679,6.34679,0.0,0.0,COc1cc2[se]n(-c3ccc(OCCN4CCCCC4)cc3)c(=O)c2cc1OC,False
MNZWOEGJCSJXFA-UHFFFAOYSA-N,1,4.97798,4.97798,,4.97798,4.97798,0.0,0.0,COc1cc2[se]n(-c3ccc(CCN4CCCCC4)cc3)c(=O)c2cc1OC,False
ZPJJDDNKPMJLGS-UHFFFAOYSA-N,1,4.85574,4.85574,,4.85574,4.85574,0.0,0.0,COc1cc2[se]n(-c3ccc(CCN4CCCC4)cc3)c(=O)c2cc1OC,False
HDQFCHJTCUAZOT-UHFFFAOYSA-N,1,4.82391,4.82391,,4.82391,4.82391,0.0,0.0,COc1cc2[se]n(-c3ccc(CN(C)Cc4ccccc4)cc3)c(=O)c2cc1OC,False
NBEXJUQNTLSDAH-UHFFFAOYSA-N,1,5.84164,5.84164,,5.84164,5.84164,0.0,0.0,COc1cc2[se]n(-c3ccc(CN4CCCCC4)cc3)c(=O)c2cc1OC,False
RSRPZXMUCGYGAT-UHFFFAOYSA-N,1,5.36552,5.36552,,5.36552,5.36552,0.0,0.0,COc1cc2[se]n(-c3ccc(CN4CCCC4)cc3)c(=O)c2cc1OC,False
JBKQSCQUUYXDOK-UHFFFAOYSA-N,1,4.96138,4.96138,,4.96138,4.96138,0.0,0.0,O=c1c2ccccc2[se]n1-c1ccc(OCCN2CCCCC2)cc1,False
HNRAWYZRZCBIMG-UHFFFAOYSA-N,1,4.82391,4.82391,,4.82391,4.82391,0.0,0.0,O=c1c2ccccc2[se]n1-c1ccc(CCN2CCCC2)cc1,False
HWARFVXWYZKCEU-UHFFFAOYSA-N,1,4.96457,4.96457,,4.96457,4.96457,0.0,0.0,O=c1c2ccccc2[se]n1-c1ccc(CN2CCCCC2)cc1,False
DMYRBALMXHKIGH-YUVNHMKWSA-N,1,5.30715,5.30715,,5.30715,5.30715,0.0,0.0,CN1CC[C@@H](C(=O)N2C/C(=C\c3cccc4ccccc34)C(=O)[C@@]3(C2)[C@H](c2cccc4ccccc24)CN(C)[C@]32C(=O)Nc3ccccc32)[C@@]12C(=O)Nc1ccccc12,False
JBSBVWSGDQEAHW-QGBZOZHCSA-N,1,5.62893,5.62893,,5.62893,5.62893,0.0,0.0,CN1CC[C@@H](C(=O)N2C/C(=C\c3ccc(F)cc3)C(=O)[C@@]3(C2)[C@H](c2ccc(F)cc2)CN(C)[C@]32C(=O)Nc3ccccc32)[C@@]12C(=O)Nc1ccccc12,False
QSYNZYDUZLMXLT-QGBZOZHCSA-N,1,5.21183,5.21183,,5.21183,5.21183,0.0,0.0,CN1CC[C@@H](C(=O)N2C/C(=C\c3ccc(Cl)cc3)C(=O)[C@@]3(C2)[C@H](c2ccc(Cl)cc2)CN(C)[C@]32C(=O)Nc3ccccc32)[C@@]12C(=O)Nc1ccccc12,False
SYIJWEUVZBXTSK-KHBLXWHLSA-N,1,5.1152,5.1152,,5.1152,5.1152,0.0,0.0,Cc1ccc(/C=C2\CN(C(=O)[C@@H]3CCN(C)[C@]34C(=O)Nc3ccccc34)C[C@]3(C2=O)[C@H](c2ccc(C)cc2)CN(C)[C@]32C(=O)Nc3ccccc32)cc1,False
GPPGIVRQQSJCJT-ZJXUGDSISA-N,1,5.35458,5.35458,,5.35458,5.35458,0.0,0.0,CN1CC[C@@H](C(=O)N2C/C(=C\c3ccc(Cl)cc3Cl)C(=O)[C@@]3(C2)[C@H](c2ccc(Cl)cc2Cl)CN(C)[C@]32C(=O)Nc3ccccc32)[C@@]12C(=O)Nc1ccccc12,False
VPPIZGVJYULPCI-AKXUEXMOSA-N,1,5.6073,5.6073,,5.6073,5.6073,0.0,0.0,CN1CC[C@@H](C(=O)N2C/C(=C\c3cccc([N+](=O)[O-])c3)C(=O)[C@@]3(C2)[C@H](c2cccc([N+](=O)[O-])c2)CN(C)[C@]32C(=O)Nc3ccccc32)[C@@]12C(=O)Nc1ccccc12,False
LZCINFLXWAYHAD-UNICUECWSA-N,1,5.20901,5.20901,,5.20901,5.20901,0.0,0.0,CN1CC[C@@H](C(=O)N2C/C(=C\c3ccccc3F)C(=O)[C@@]3(C2)[C@H](c2ccccc2F)CN(C)[C@]32C(=O)Nc3ccccc32)[C@@]12C(=O)Nc1ccccc12,False
URTUAVNTWXXCEN-UNICUECWSA-N,1,5.28483,5.28483,,5.28483,5.28483,0.0,0.0,CN1CC[C@@H](C(=O)N2C/C(=C\c3ccccc3Cl)C(=O)[C@@]3(C2)[C@H](c2ccccc2Cl)CN(C)[C@]32C(=O)Nc3ccccc32)[C@@]12C(=O)Nc1ccccc12,False
QJLCTYMBVMACFN-UGYSWYPASA-N,1,5.32514,5.32514,,5.32514,5.32514,0.0,0.0,COc1ccccc1/C=C1\CN(C(=O)[C@@H]2CCN(C)[C@]23C(=O)Nc2ccccc23)C[C@]2(C1=O)[C@H](c1ccccc1OC)CN(C)[C@]21C(=O)Nc2ccccc21,False
QSFNNADKNRBZRA-UURVOFGNSA-N,1,5.02549,5.02549,,5.02549,5.02549,0.0,0.0,Cc1ccccc1/C=C1\CN(C(=O)[C@@H]2CCN(C)[C@]23C(=O)Nc2ccccc23)C[C@]2(C1=O)[C@H](c1ccccc1C)CN(C)[C@]21C(=O)Nc2ccccc21,False
YYYKXFFODWMENN-GTRCEIMPSA-N,1,5.58004,5.58004,,5.58004,5.58004,0.0,0.0,CN1CC[C@@H](C(=O)N2C/C(=C\c3ccccc3)C(=O)[C@@]3(C2)[C@H](c2ccccc2)CN(C)[C@]32C(=O)Nc3ccccc32)[C@@]12C(=O)Nc1ccccc12,False
CIGWHVQNGHCCQD-AFCOQHGVSA-N,1,5.11976,5.11976,,5.11976,5.11976,0.0,0.0,C=CC(=O)N1C/C(=C\c2cccc3ccccc23)C(=O)[C@@]2(C1)[C@H](c1cccc3ccccc13)CN(C)[C@]21C(=O)Nc2ccccc21,False
MVRSVSUWAGKMRS-RLKYIGPZSA-N,1,5.10791,5.10791,,5.10791,5.10791,0.0,0.0,C=CC(=O)N1C/C(=C\c2ccc(F)cc2)C(=O)[C@@]2(C1)[C@H](c1ccc(F)cc1)CN(C)[C@]21C(=O)Nc2ccccc21,False
YIQGIPHCFFIJQN-RLKYIGPZSA-N,1,5.07572,5.07572,,5.07572,5.07572,0.0,0.0,C=CC(=O)N1C/C(=C\c2ccc(Cl)cc2)C(=O)[C@@]2(C1)[C@H](c1ccc(Cl)cc1)CN(C)[C@]21C(=O)Nc2ccccc21,False
KXQUSZFXGCQBEY-LNEKVJQRSA-N,1,5.12552,5.12552,,5.12552,5.12552,0.0,0.0,C=CC(=O)N1C/C(=C\c2ccc(C)cc2)C(=O)[C@@]2(C1)[C@H](c1ccc(C)cc1)CN(C)[C@]21C(=O)Nc2ccccc21,False
YLVDGFLHTCJOCC-YDGHPEPZSA-N,1,5.21183,5.21183,,5.21183,5.21183,0.0,0.0,C=CC(=O)N1C/C(=C\c2ccc(Cl)cc2Cl)C(=O)[C@@]2(C1)[C@H](c1ccc(Cl)cc1Cl)CN(C)[C@]21C(=O)Nc2ccccc21,False
OKHFUHHPYDCFSR-YFCWGEOWSA-N,1,5.27246,5.27246,,5.27246,5.27246,0.0,0.0,C=CC(=O)N1C/C(=C\c2cccc([N+](=O)[O-])c2)C(=O)[C@@]2(C1)[C@H](c1cccc([N+](=O)[O-])c1)CN(C)[C@]21C(=O)Nc2ccccc21,False
BKDSEXOCOKEHEW-DBTRPOLGSA-N,1,5.16241,5.16241,,5.16241,5.16241,0.0,0.0,C=CC(=O)N1C/C(=C\c2ccccc2F)C(=O)[C@@]2(C1)[C@H](c1ccccc1F)CN(C)[C@]21C(=O)Nc2ccccc21,False
UBLDCFKBHKDJPB-DBTRPOLGSA-N,1,5.29073,5.29073,,5.29073,5.29073,0.0,0.0,C=CC(=O)N1C/C(=C\c2ccccc2Cl)C(=O)[C@@]2(C1)[C@H](c1ccccc1Cl)CN(C)[C@]21C(=O)Nc2ccccc21,False
LSLPXJPINXJYED-AOBXVYRYSA-N,1,5.38722,5.38722,,5.38722,5.38722,0.0,0.0,C=CC(=O)N1C/C(=C\c2ccccc2OC)C(=O)[C@@]2(C1)[C@H](c1ccccc1OC)CN(C)[C@]21C(=O)Nc2ccccc21,False
ZKLQFVFZXDZESS-QFVGFNLVSA-N,1,5.40121,5.40121,,5.40121,5.40121,0.0,0.0,C=CC(=O)N1C/C(=C\c2ccccc2C)C(=O)[C@@]2(C1)[C@H](c1ccccc1C)CN(C)[C@]21C(=O)Nc2ccccc21,False
LHISBHNARPPDIO-JKHBRONLSA-N,1,5.05849,5.05849,,5.05849,5.05849,0.0,0.0,C=CC(=O)N1C/C(=C\c2ccccc2)C(=O)[C@@]2(C1)[C@H](c1ccccc1)CN(C)[C@]21C(=O)Nc2ccccc21,False
DCVSYKUPUXBFAS-UHFFFAOYSA-N,1,5.0,5.0,,5.0,5.0,0.0,0.0,Brc1ccc2c(c1)c(OCc1ccc3ccccc3c1)nn2CCN1CCCCC1,False
BOMFDVKNDSZEQA-UHFFFAOYSA-N,1,5.0,5.0,,5.0,5.0,0.0,0.0,Nc1ccc2c(c1)c(OCc1ccc3ccccc3c1)nn2CCN1CCCCC1,False
INOMZYFNGDZFSD-UHFFFAOYSA-N,1,4.60206,4.60206,,4.60206,4.60206,0.0,0.0,Nc1ccc2c(c1)c(OCc1cccc3ccccc13)nn2CCN1CCCC1,False
XBGJISBWJWTPLH-UHFFFAOYSA-N,1,5.0655,5.0655,,5.0655,5.0655,0.0,0.0,Nc1ccc2c(c1)c(OCc1ccccc1)nn2Cc1ccccc1,False
JBWCNAHZWJPFEN-UHFFFAOYSA-N,1,5.0,5.0,,5.0,5.0,0.0,0.0,O=[N+]([O-])c1ccc2c(c1)c(OCc1ccc3ccccc3c1)nn2Cc1ccc2ccccc2c1,False
QTJUKEFFXJKADG-UHFFFAOYSA-N,1,5.20066,5.20066,,5.20066,5.20066,0.0,0.0,O=[N+]([O-])c1ccc2c(c1)c(OCc1ccc3ccccc3c1)nn2Cc1ccccc1,False
UPOOBDMZXYSRQK-UHFFFAOYSA-N,1,5.0,5.0,,5.0,5.0,0.0,0.0,O=[N+]([O-])c1ccc2c(c1)c(OCc1ccc3ccccc3c1)nn2CCN1CCOCC1,False
MSONOJVDYMPNLV-UHFFFAOYSA-N,1,5.0,5.0,,5.0,5.0,0.0,0.0,O=[N+]([O-])c1ccc2c(c1)c(OCc1ccc3ccccc3c1)nn2CCN1CCCCC1,False
NVAPCERQXKPLTK-UHFFFAOYSA-N,1,5.08619,5.08619,,5.08619,5.08619,0.0,0.0,CCCCCn1nc(OCc2ccc3ccccc3c2)c2cc([N+](=O)[O-])ccc21,False
XXEKUHPLQBJSJY-UHFFFAOYSA-N,1,5.17393,5.17393,,5.17393,5.17393,0.0,0.0,O=[N+]([O-])c1ccc2c(c1)c(OCc1cccc3ccccc13)nn2Cc1cccc2ccccc12,False
WIAPWRWFWPMXNO-UHFFFAOYSA-N,1,4.60206,4.60206,,4.60206,4.60206,0.0,0.0,O=[N+]([O-])c1ccc2c(c1)c(OCc1cccc3ccccc13)nn2CCN1CCCC1,False
CGOZSABHBLOFQK-UHFFFAOYSA-N,1,4.04096,4.04096,,4.04096,4.04096,0.0,0.0,COc1ccc(COc2nn(CCN(C(C)C)C(C)C)c3ccc([N+](=O)[O-])cc23)cc1,False
FZCLGOSOJHUUST-UHFFFAOYSA-N,1,5.01323,5.01323,,5.01323,5.01323,0.0,0.0,CCCCCn1nc(OCc2ccc(OC)cc2)c2cc([N+](=O)[O-])ccc21,False
RUJMERFUMDLBHZ-UHFFFAOYSA-N,1,5.13668,5.13668,,5.13668,5.13668,0.0,0.0,O=[N+]([O-])c1ccc2c(c1)c(OCc1ccccc1)nn2Cc1ccccc1,False
VLMJWSVJQMZYSE-UHFFFAOYSA-N,1,5.0,5.0,,5.0,5.0,0.0,0.0,O=[N+]([O-])c1ccc2c(c1)c(OCC1CCCCC1)nn2Cc1ccccc1,False
BYEHLGQTZYKVFJ-UHFFFAOYSA-N,1,5.37675,5.37675,,5.37675,5.37675,0.0,0.0,CCCCCOc1nn(CCCCC)c2ccc([N+](=O)[O-])cc12,False
XGSMKAMHMWHCFH-UHFFFAOYSA-N,1,5.0,5.0,,5.0,5.0,0.0,0.0,c1ccc2cc(COc3nn(CCN4CCCCC4)c4ccccc34)ccc2c1,False
OFOSJBGHHQNQQX-UHFFFAOYSA-N,1,5.0,5.0,,5.0,5.0,0.0,0.0,c1ccc2c(COc3nn(Cc4cccc5ccccc45)c4ccccc34)cccc2c1,False
JUBZXUXHZDJSBQ-UHFFFAOYSA-N,1,5.0,5.0,,5.0,5.0,0.0,0.0,c1ccc2c(COc3nn(CCN4CCCCC4)c4ccccc34)cccc2c1,False
CPGYXRHSZAOFEZ-UHFFFAOYSA-N,1,5.0,5.0,,5.0,5.0,0.0,0.0,c1ccc2c(COc3nn(CCN4CCCC4)c4ccccc34)cccc2c1,False
VPCGQGULMIQIPB-UHFFFAOYSA-N,1,5.0,5.0,,5.0,5.0,0.0,0.0,CC(C)N(CCn1nc(OCc2cccc3ccccc23)c2ccccc21)C(C)C,False
GSTMDKTUYLEMNX-UHFFFAOYSA-N,1,5.0,5.0,,5.0,5.0,0.0,0.0,COc1ccc(COc2nn(Cc3ccc(OC)cc3)c3ccccc23)cc1,False
CTXLHWVBEFYFSI-UHFFFAOYSA-N,1,5.0,5.0,,5.0,5.0,0.0,0.0,COc1ccc(COc2nn(CCN(C(C)C)C(C)C)c3ccccc23)cc1,False
LSHSFAITCUQCLP-UHFFFAOYSA-N,1,5.5376,5.5376,,5.5376,5.5376,0.0,0.0,c1ccc(COc2nn(Cc3ccccc3)c3ccccc23)cc1,False
AVHMZIMFLFDTIN-UHFFFAOYSA-N,1,5.14874,5.14874,,5.14874,5.14874,0.0,0.0,c1ccc2c(c1)c(OCC1CCCCC1)nn2CC1CCCCC1,False
HQGPIDRUKNOSLE-UHFFFAOYSA-N,1,4.80134,4.80134,,4.80134,4.80134,0.0,0.0,CCNCc1ccc2nc(-c3cccnc3)c3c(c2c1)NCCC3,False
SHQNSNOQZLYJOO-UHFFFAOYSA-N,1,6.25493,6.25493,,6.25493,6.25493,0.0,0.0,CCNCc1ccc2nc(-c3ccc(Cl)cc3)c3c(c2c1)NCCC3,False
CAYLLNNRKRSNSP-UHFFFAOYSA-N,1,4.64207,4.64207,,4.64207,4.64207,0.0,0.0,CCOC(=O)c1ccc2nc(-c3cccnc3)c3c(c2c1)NCCC3,False
OEOVOFDXVTWLSY-UHFFFAOYSA-N,1,6.02595,6.02595,,6.02595,6.02595,0.0,0.0,CCNCc1ccc2nc(-c3ccc(Cl)cc3)c3c(c2c1)N(Cc1ccccc1)CCC3,False
JZHJADLDLNMVKV-UHFFFAOYSA-N,1,6.09637,6.09637,,6.09637,6.09637,0.0,0.0,CCNC(=O)c1ccc2nc(-c3ccc(Cl)cc3)c3c(c2c1)N(Cc1ccccc1)CCC3,False
QRHCYMJDPGJISK-UHFFFAOYSA-N,1,4.60206,4.60206,,4.60206,4.60206,0.0,0.0,CCOC(=O)c1ccc2nc(-c3ccc(Cl)cc3)c3c(c2c1)N(Cc1ccc(OC)cc1)CCC3,False
ATKVVQSYUASWHF-UHFFFAOYSA-N,1,4.60206,4.60206,,4.60206,4.60206,0.0,0.0,CCOC(=O)c1ccc2nc(-c3ccc(Cl)cc3)c3c(c2c1)NCCC3,False
OEIOKCICXJJBHT-UHFFFAOYSA-N,1,4.60206,4.60206,,4.60206,4.60206,0.0,0.0,CCOC(=O)c1ccc2nc(-c3ccc(C(=O)OC)cc3)c3c(c2c1)N(Cc1ccccc1)CCC3,False
GLCBTTCWFDKFDR-UHFFFAOYSA-N,1,5.97469,5.97469,,5.97469,5.97469,0.0,0.0,CCOC(=O)c1ccc2nc(-c3cccnc3)c3c(c2c1)N(Cc1ccccc1)CCC3,False
KNHYHZFNDHJMIL-UHFFFAOYSA-N,1,4.60206,4.60206,,4.60206,4.60206,0.0,0.0,CCOC(=O)c1ccc2nc(-c3ccc(Cl)cc3)c3c(c2c1)N(Cc1ccccc1)CCC3,False
BUADFWCFPTYCHX-UHFFFAOYSA-N,1,4.60206,4.60206,,4.60206,4.60206,0.0,0.0,CCOC(=O)c1ccc2nc(-c3ccc(C(=O)OC)cc3)c3c(c2c1)N(Cc1ccccc1)C(=O)CC3,False
ULQHQGIQRTXVRN-UHFFFAOYSA-N,1,4.88606,4.88606,,4.88606,4.88606,0.0,0.0,CCOC(=O)c1ccc2nc(-c3cccnc3)c3c(c2c1)N(Cc1ccccc1)C(=O)CC3,False
UBCXCPFVKYUOKF-UHFFFAOYSA-N,1,5.38195,5.38195,,5.38195,5.38195,0.0,0.0,CCOC(=O)c1ccc2nc(-c3ccc(Cl)cc3)c3c(c2c1)N(Cc1ccccc1)C(=O)CC3,False
FFTKMAHTNAEBCM-UHFFFAOYSA-N,1,6.45593,6.45593,,6.45593,6.45593,0.0,0.0,CCN(CCCCOc1ccc(-c2coc3cc(OCCCCN(CC)Cc4ccccc4OC)cc(O)c3c2=O)cc1)Cc1ccccc1OC,False
UOQLTFOUMSADAS-UHFFFAOYSA-N,1,5.41117,5.41117,,5.41117,5.41117,0.0,0.0,CCN(CCCCOc1ccc(-c2coc3cc(O)cc(O)c3c2=O)cc1)Cc1ccccc1OC,False
ZIZAOGVFUXZHDX-UHFFFAOYSA-N,1,5.23657,5.23657,,5.23657,5.23657,0.0,0.0,CCN(CCCCCCOc1cc(O)c2c(=O)c(-c3ccc(O)cc3)coc2c1)Cc1ccccc1,False
PPGMIPTWTYYHRQ-UHFFFAOYSA-N,1,6.05552,6.05552,,6.05552,6.05552,0.0,0.0,Cn1ncc2c1-c1c(Br)sc(Br)c1C2NC(=O)CN1CCN(Cc2ccccc2F)CC1,False
PWBQKEZBWGBFSU-UHFFFAOYSA-N,1,6.06048,6.06048,,6.06048,6.06048,0.0,0.0,O=C(CN1CCN(Cc2ccccc2)CC1)NC1c2cnn(-c3ccccc3)c2-c2c(Br)sc(Br)c21,False
ZNDVGZNYUFTVCI-UHFFFAOYSA-N,1,6.48149,6.48149,,6.48149,6.48149,0.0,0.0,Cn1ncc2c1-c1c(Br)sc(Br)c1C2NC(=O)CN1CCN(Cc2ccccc2)CC1,False
NJEFPRGKCUZVSL-UHFFFAOYSA-N,1,5.94692,5.94692,,5.94692,5.94692,0.0,0.0,O=C(CN1CCN(Cc2ccccc2)CC1)NC1c2cn[nH]c2-c2c(Br)sc(Br)c21,False
MTNXXZOBDDKCSJ-UHFFFAOYSA-N,1,5.87943,5.87943,,5.87943,5.87943,0.0,0.0,Cn1ncc2c1-c1sccc1C2NC(=O)CN1CCN(Cc2ccccc2F)CC1,False
WXGWQKDHPDCEHN-UHFFFAOYSA-N,1,6.03152,6.03152,,6.03152,6.03152,0.0,0.0,Cn1ncc2c1-c1sccc1C2NC(=O)CN1CCN(Cc2ccccc2)CC1,False
KWXRZCJBVNGGSK-UHFFFAOYSA-N,1,5.03716,5.03716,,5.03716,5.03716,0.0,0.0,O=C(CN1CCN(Cc2ccccc2)CC1)NC1c2cn[nH]c2-c2sccc21,False
DWPVIADNDHFBJF-UHFFFAOYSA-N,1,5.61439,5.61439,,5.61439,5.61439,0.0,0.0,COc1cc2c(cc1OC)C(NC(=O)CN1CCN(Cc3ccccc3F)CC1)c1cnn(-c3ccccc3)c1-2,False
WTKCPVAHKQZXKI-UHFFFAOYSA-N,1,5.61261,5.61261,,5.61261,5.61261,0.0,0.0,COc1cc2c(cc1OC)C(NC(=O)CN1CCN(Cc3ccccc3F)CC1)c1cnn(C)c1-2,False
TVRBKNAHQZCAIV-UHFFFAOYSA-N,1,5.52433,5.52433,,5.52433,5.52433,0.0,0.0,COc1cc2c(cc1OC)C(NC(=O)CN1CCN(Cc3ccccc3)CC1)c1cnn(-c3ccccc3)c1-2,False
VLPKJIWBKUILOL-UHFFFAOYSA-N,1,5.73518,5.73518,,5.73518,5.73518,0.0,0.0,COc1cc2c(cc1OC)C(NC(=O)CN1CCN(Cc3ccccc3)CC1)c1cnn(C)c1-2,False
DUFYHLPGRRTZAM-UHFFFAOYSA-N,1,4.38331,4.38331,,4.38331,4.38331,0.0,0.0,Cc1ccc(C(=O)Nc2cc3cc(C)ccc3oc2=O)cc1,False
SQYXRCZZAACTMO-UHFFFAOYSA-N,1,4.73565,4.73565,,4.73565,4.73565,0.0,0.0,Cc1ccc(C(=O)Nc2cc3ccccc3oc2=O)cc1,False
PLTMDSCMMLSMDS-UHFFFAOYSA-N,1,4.1582,4.1582,,4.1582,4.1582,0.0,0.0,COc1ccc(C(=O)Nc2cc3ccccc3oc2=O)cc1,False
UUYHMRQNUHUBAC-UHFFFAOYSA-N,1,4.72793,4.72793,,4.72793,4.72793,0.0,0.0,O=C(Nc1cc2ccccc2oc1=O)c1ccc(Cl)cc1,False
HJKPDPIBJCBDPC-UHFFFAOYSA-N,1,4.88975,4.88975,,4.88975,4.88975,0.0,0.0,O=C(Nc1cc2ccccc2oc1=O)c1ccc([N+](=O)[O-])cc1,False
VQSVBDYFVMWUHI-UHFFFAOYSA-N,1,4.82362,4.82362,,4.82362,4.82362,0.0,0.0,O=C(Nc1cc2ccccc2oc1=O)c1ccc(Cl)c(Cl)c1,False
IXPRPCLKVZPTNA-AKVWENRDSA-N,1,4.52288,4.52288,,4.52288,4.52288,0.0,0.0,C[C@@]12CC[C@@H]3[C@@](CC[C@H]4[C@@]3(C)CCC[C@@]4(C)C(=O)OCC[N+](C)(C)Cc3ccccc3)(CC1=O)C2,False
JKOMDBSZGNNMAB-ALPJAJMGSA-N,1,4.05552,4.05552,,4.05552,4.05552,0.0,0.0,C[C@@]12CC[C@@H]3[C@@](CC[C@H]4[C@@]3(C)CCC[C@@]4(C)C(=O)OCC[N+](C)(C)CCCCCCCCCC[N+](C)(C)CCOC(=O)[C@]3(C)CCC[C@@]4(C)[C@@H]5CC[C@@]6(C)C[C@]5(CC[C@@H]43)CC6=O)(CC1=O)C2,False
FGHBNILZLCPBRA-QYRUWVGISA-N,1,5.65758,5.65758,,5.65758,5.65758,0.0,0.0,C[C@@]12CC[C@@H]3[C@@](CC[C@H]4[C@@]3(C)CCC[C@@]4(C)C(=O)OCC[N+](C)(C)CCCCCCCCCCCC[N+](C)(C)CCOC(=O)[C@]3(C)CCC[C@@]4(C)[C@@H]5CC[C@@]6(C)C[C@]5(CC[C@@H]43)CC6=O)(CC1=O)C2,False
IAEQMVAFPJSDKJ-JYBYPGSNSA-N,1,5.30103,5.30103,,5.30103,5.30103,0.0,0.0,C[C@@]12CC[C@@H]3[C@]4(CC[C@H]5[C@@]3(C)CCC[C@@]5(C)C(=O)OCC[N+](C)(C)CCCCCCCCC[N+](C)(C)CCOC(=O)[C@]3(C)CCC[C@@]5(C)[C@@H]6CC[C@@]7(C)C[C@]6(CC[C@@H]53)C[C@H]7OC(=O)CCCCCCCCC(=O)O[C@@H]1C4)C2,False
GREADQCAPLJXDH-JVYSMVCESA-N,1,4.09691,4.09691,,4.09691,4.09691,0.0,0.0,CC[N+](CC)(CC)CCOCCOCCOC(=O)[C@]1(C)CCC[C@@]2(C)[C@@H]3CC[C@@]4(C)C[C@]3(CC[C@@H]21)CC4=O,False
WNTNKYJCNVHMOM-YORVOTMQSA-N,1,4.46852,4.46852,,4.46852,4.46852,0.0,0.0,C[C@H]1C[C@@]23CC[C@H]4[C@@](C)(CCC[C@@]4(C)C(=O)OCC[N+](C)(C)C)[C@@H]2CC[C@]1(Cl)C3,False
NDXCWKMYPWRPDY-NUCQJGHSSA-N,1,5.04576,5.04576,,5.04576,5.04576,0.0,0.0,C[C@H]1C[C@@]23CC[C@H]4[C@@](C)(CCC[C@@]4(C)C(=O)OCC[N+](C)(C)Cc4ccccc4)[C@@H]2CC[C@]1(Cl)C3,False
KSRHASDCOAHRSY-DTXAHMJKSA-N,1,4.14569,4.14569,,4.14569,4.14569,0.0,0.0,CC[C@H]1[C@H](C[C@H](C)C(=O)OC)O[C@]23CC[C@@H]([C@@H]4C[C@H](C)C(=O)O4)N2CCCC[C@H]13,False
QQZUFGGTELUCTG-OENGMGLDSA-N,1,4.0,4.0,,4.0,4.0,0.0,0.0,CC[C@H]1[C@H](C[C@H](C)C(=O)OC)O[C@]23CC[C@@H]([C@@H]4C[C@H](C)C(=O)O4)N2CCCC[C@]13O,False
SVSUKQDSRBZWNP-QVMKZURUSA-N,1,5.04096,5.04096,,5.04096,5.04096,0.0,0.0,CC[C@H]1[C@H]2OC(=O)[C@](C)(O)[C@H]2[C@]23CC[C@@H]([C@@H]4C[C@@H](C)C(=O)O4)N2CCCC[C@@H]13,False
SVSUKQDSRBZWNP-ORTICVPISA-N,1,4.0,4.0,,4.0,4.0,0.0,0.0,CC[C@@H]1[C@H]2OC(=O)[C@](C)(O)[C@H]2[C@]23CC[C@@H]([C@@H]4C[C@@H](C)C(=O)O4)N2CCCC[C@@H]13,False
SVSUKQDSRBZWNP-DMGQJRCBSA-N,1,4.16241,4.16241,,4.16241,4.16241,0.0,0.0,CC[C@@H]1[C@H]2OC(=O)[C@@](C)(O)[C@H]2[C@]23CC[C@@H]([C@@H]4C[C@H](C)C(=O)O4)N2CCCC[C@H]13,False
SVSUKQDSRBZWNP-ASEVHZGESA-N,1,4.767,4.767,,4.767,4.767,0.0,0.0,CC[C@H]1[C@@H]2OC(=O)[C@@](C)(O)[C@@H]2[C@@]23CC[C@@H]([C@@H]4C[C@H](C)C(=O)O4)N2CCCC[C@H]13,False
SVSUKQDSRBZWNP-MYKAZKENSA-N,1,4.0,4.0,,4.0,4.0,0.0,0.0,CC[C@H]1[C@H]2OC(=O)[C@@](C)(O)[C@H]2[C@]23CC[C@@H]([C@@H]4C[C@H](C)C(=O)O4)N2CCCC[C@H]13,False
TVENLJDYWYTMAB-UHFFFAOYSA-N,1,5.43652,5.43652,,5.43652,5.43652,0.0,0.0,CN(Cc1ccccc1)Cc1ccc(C(=O)c2ccc(O)c(F)c2)cc1,False
NTYSPJOKYWFNJE-UHFFFAOYSA-N,1,5.63451,5.63451,,5.63451,5.63451,0.0,0.0,O=C(c1ccc(CN2CCC(CCO)CC2)cc1)c1ccc(O)c(F)c1,False
HNFAREZIVBKEJQ-UHFFFAOYSA-N,1,4.03152,4.03152,,4.03152,4.03152,0.0,0.0,N#CC(c1ccc(O)cc1)N1CCCCC1,False
FQELSXKYURXBIN-UHFFFAOYSA-N,1,4.34679,4.34679,,4.34679,4.34679,0.0,0.0,COc1ccc(C(C#N)N2CCCCC2)cc1OC,False
SMKPUGGMPZTJDC-UHFFFAOYSA-N,1,4.37675,4.37675,,4.37675,4.37675,0.0,0.0,COc1ccc(C(C#N)N2CCCC2)cc1OC,False
OWTSANYWIHFQRL-UHFFFAOYSA-N,1,4.26761,4.26761,,4.26761,4.26761,0.0,0.0,COc1ccc(C(C#N)N2CCOCC2)cc1OC,False
PBEUPNPDTAMXSG-UHFFFAOYSA-N,1,4.21183,4.21183,,4.21183,4.21183,0.0,0.0,N#CC(c1ccc2c(c1)OCO2)N1CCCCC1,False
AXNHBGUUQZQXLN-UHFFFAOYSA-N,1,4.29243,4.29243,,4.29243,4.29243,0.0,0.0,N#CC(c1ccc2c(c1)OCO2)N1CCCC1,False
JUDGQLZUYWJUAJ-UHFFFAOYSA-N,1,4.23657,4.23657,,4.23657,4.23657,0.0,0.0,N#CC(c1ccc2c(c1)OCO2)N1CCOCC1,False
FHIVAFMUCKRCQO-UHFFFAOYSA-N,1,5.72125,5.72125,,5.72125,5.72125,0.0,0.0,CCOP(=S)(OCC)Oc1cc(C)nc(C(C)C)n1,False
SNHXSTFOPXTQSU-UHFFFAOYSA-N,2,6.652915,6.652915,2.849138282367144,4.63827,8.66756,2.014645,4.02929,O=C(CCCOc1cccc2[nH]c3ccccc3c12)NCCCNc1c2c(nc3ccccc13)CCCC2,True
WENTUEGJRGNGKW-UHFFFAOYSA-N,1,8.29757,8.29757,,8.29757,8.29757,0.0,0.0,c1ccc2c(NCCSSCCNc3c4c(nc5ccccc35)CCCC4)c3c(nc2c1)CCCC3,False
KKKODFFFJFQMSI-BMRADRMJSA-N,1,7.93405,7.93405,,7.93405,7.93405,0.0,0.0,COc1cc(/C=C/C(=O)NCCCCCCNc2c3c(nc4ccccc24)CCCC3)ccc1O,False
NKRXGDHVPLDPRJ-UHFFFAOYSA-N,1,6.58503,6.58503,,6.58503,6.58503,0.0,0.0,N/C(=N\O)c1nc(CCCCCNc2c3c(nc4ccccc24)CCCC3)ccc1O,False
QJEJKTFOGGGVCM-JVWAILMASA-N,1,7.11351,7.11351,,7.11351,7.11351,0.0,0.0,O/N=C/c1nccc(CCCCCNc2c3c(nc4ccccc24)CCCC3)c1O,False
KSMHDBPIJWXMSI-WGOQTCKBSA-N,1,6.58503,6.58503,,6.58503,6.58503,0.0,0.0,O/N=C/c1nc(CCCCCNc2c3c(nc4ccccc24)CCCC3)ccc1O,False
WBLSVMZKFSZDDW-MFKUBSTISA-N,2,6.227964999999999,6.227964999999999,0.5290502226159634,5.85387,6.60206,0.37409500000000007,0.7481900000000001,O/N=C/c1nc(CCCCNc2c3c(nc4ccccc24)CCCC3)ccc1O,False
YESOUOMKYRFENI-JVWAILMASA-N,1,6.78781,6.78781,,6.78781,6.78781,0.0,0.0,O/N=C/c1ncc(CCCCCNc2c3c(nc4ccccc24)CCCC3)cc1O,False
XWILTRCLQISZDK-UHFFFAOYSA-N,1,6.82391,6.82391,,6.82391,6.82391,0.0,0.0,c1ccc(CCCCCNc2c3c(nc4ccccc24)CCCC3)nc1,False
HVTMTNROSRDITI-UHFFFAOYSA-N,1,8.97062,8.97062,,8.97062,8.97062,0.0,0.0,CC1=CC2Cc3nc4cc(Cl)ccc4c(NCCCCCNC(=O)c4cc(O)c5c(c4)C(=O)c4cccc(O)c4C5=O)c3C(C1)C2,False
UTKHPWKBTQSDGT-UHFFFAOYSA-N,1,8.81816,8.81816,,8.81816,8.81816,0.0,0.0,CC1=CC2Cc3nc4cc(Cl)ccc4c(NCCCCCCNC(=O)c4cc(O)c5c(c4)C(=O)c4cccc(O)c4C5=O)c3C(C1)C2,False
WJBROIRUZGVQPY-UHFFFAOYSA-N,1,8.49757,8.49757,,8.49757,8.49757,0.0,0.0,CC1=CC2Cc3nc4cc(Cl)ccc4c(NCCCCCCCNC(=O)c4cc(O)c5c(c4)C(=O)c4cccc(O)c4C5=O)c3C(C1)C2,False
SRHFLJYMGNBGDH-UHFFFAOYSA-N,2,8.35853,8.35853,0.0028001428534982315,8.35655,8.36051,0.0019799999999996487,0.003959999999999297,CC1=CC2Cc3nc4cc(Cl)ccc4c(NCCCCCCCCNC(=O)c4cc(O)c5c(c4)C(=O)c4cccc(O)c4C5=O)c3C(C1)C2,False
VZYCFKMNVCPCHV-UHFFFAOYSA-N,2,8.4437,8.4437,0.0,8.4437,8.4437,0.0,0.0,CC1=CC2Cc3nc4cc(Cl)ccc4c(NCCCCCCCCCNC(=O)c4cc(O)c5c(c4)C(=O)c4cccc(O)c4C5=O)c3C(C1)C2,False
VZYCFKMNVCPCHV-RPBOFIJWSA-N,2,5.53313,5.53313,0.0,5.53313,5.53313,0.0,0.0,CC1=C[C@H]2Cc3nc4cc(Cl)ccc4c(NCCCCCCCCCNC(=O)c4cc(O)c5c(c4)C(=O)c4cccc(O)c4C5=O)c3[C@@H](C1)C2,False
VZYCFKMNVCPCHV-LOSJGSFVSA-N,2,8.620695000000001,8.620695000000001,0.0012798632739488133,8.61979,8.6216,0.0009050000000003777,0.0018100000000007554,CC1=C[C@@H]2Cc3nc4cc(Cl)ccc4c(NCCCCCCCCCNC(=O)c4cc(O)c5c(c4)C(=O)c4cccc(O)c4C5=O)c3[C@H](C1)C2,False
DYSVHEIIYHZJGH-UHFFFAOYSA-N,2,8.118905,8.118905,0.00040305086527614637,8.11862,8.11919,0.0002849999999998687,0.0005699999999997374,CC1=CC2Cc3nc4cc(Cl)ccc4c(NCCCCCCCCCCNC(=O)c4cc(O)c5c(c4)C(=O)c4cccc(O)c4C5=O)c3C(C1)C2,False
CTMZZPSVNCEBPA-UHFFFAOYSA-N,2,7.75945,7.75945,0.0,7.75945,7.75945,0.0,0.0,CC1=CC2Cc3nc4cc(Cl)ccc4c(NCCCCCCCCCCCNC(=O)c4cc(O)c5c(c4)C(=O)c4cccc(O)c4C5=O)c3C(C1)C2,False
BMUWOXBZGNXOSU-UHFFFAOYSA-N,2,7.73993,7.73993,0.0,7.73993,7.73993,0.0,0.0,CC1=CC2Cc3nc4cc(Cl)ccc4c(NCc4ccc(CNC(=O)c5cc(O)c6c(c5)C(=O)c5cccc(O)c5C6=O)cc4)c3C(C1)C2,False
FCDLCPWAQCPTKC-UHFFFAOYSA-N,1,5.0,5.0,,5.0,5.0,0.0,0.0,O=C(O)c1cc(O)c2c(c1)C(=O)c1cccc(O)c1C2=O,False
MPCFYBGGGLVQEC-UHFFFAOYSA-N,1,6.63827,6.63827,,6.63827,6.63827,0.0,0.0,COc1cc2[nH]c(=O)c(C(=O)NCC3CCN(Cc4ccccc4)CC3)c(O)c2cc1OC,False
LANSNGGYDDMUGY-UHFFFAOYSA-N,1,6.00877,6.00877,,6.00877,6.00877,0.0,0.0,O=C(NCC1CCN(Cc2ccccc2)CC1)c1c(O)c2cc(O)c(O)cc2[nH]c1=O,False
BPECKLWRCAONGX-UHFFFAOYSA-N,1,5.3019,5.3019,,5.3019,5.3019,0.0,0.0,CCN(CC)CCCCCCOc1ccc(CC2NCCc3cc(OC)c(OC)cc32)cc1,False
BYRLMUHGBXCVOH-UHFFFAOYSA-N,1,5.14691,5.14691,,5.14691,5.14691,0.0,0.0,COc1cc2c(cc1OC)C(Cc1ccc(OCCCCCCN(C)C)cc1)NCC2,False
QRPYZNBZKALWQQ-UHFFFAOYSA-N,1,5.46092,5.46092,,5.46092,5.46092,0.0,0.0,CCCN(CCC)CCCCCCOc1ccc(CC2NCCc3cc(OC)c(OC)cc32)cc1,False
FQFUKTCPJFQACE-UHFFFAOYSA-N,1,5.41454,5.41454,,5.41454,5.41454,0.0,0.0,CCCCN(CCCC)CCCCCCOc1ccc(CC2NCCc3cc(OC)c(OC)cc32)cc1,False
AGSNRWKROFLBLI-UHFFFAOYSA-N,1,5.34679,5.34679,,5.34679,5.34679,0.0,0.0,COc1cc2c(cc1OC)C(Cc1ccc(OCCCCCCN3CCCC3C)cc1)NCC2,False
FINWRTHNMLWWST-UHFFFAOYSA-N,1,5.65758,5.65758,,5.65758,5.65758,0.0,0.0,COc1cc2c(cc1OC)C(Cc1ccc(OCCCCCCN3CCCCC3C)cc1)NCC2,False
XIKIQDHFFVIHEZ-UHFFFAOYSA-N,1,5.66959,5.66959,,5.66959,5.66959,0.0,0.0,COc1cc2c(cc1OC)C(Cc1ccc(OCCCCCCN3CCCCC3)cc1)NCC2,False
QSASVTHZZTZXAN-UHFFFAOYSA-N,1,5.52578,5.52578,,5.52578,5.52578,0.0,0.0,COc1cc2c(cc1OC)C(Cc1ccc(OCCCCCCN3CCCC3)cc1)NCC2,False
SWHJODKSCKXUAX-UHFFFAOYSA-N,1,5.01818,5.01818,,5.01818,5.01818,0.0,0.0,COc1cc2c(cc1OC)C(Cc1ccc(OCCCCCCN3CCC(O)CC3)cc1)NCC2,False
CGEXLUGJCRHUDI-UHFFFAOYSA-N,1,4.45002,4.45002,,4.45002,4.45002,0.0,0.0,COc1cc2c(cc1OC)C(Cc1ccc(OCCCCCCN3CCOCC3)cc1)NCC2,False
MQRDMBHMFXHDQV-UHFFFAOYSA-N,1,4.40198,4.40198,,4.40198,4.40198,0.0,0.0,COc1cc2c(cc1OC)C(Cc1ccc(OCCCCCCN3CCC(O)(Cc4ccccc4)CC3)cc1)NCC2,False
MJOOYKDRCXTTQQ-UHFFFAOYSA-N,1,4.78701,4.78701,,4.78701,4.78701,0.0,0.0,COc1cc2c(cc1OC)C(Cc1ccc(OCCCCCCN3CCN(c4ccccc4)CC3)cc1)NCC2,False
IRDZLYUVTZHASS-UHFFFAOYSA-N,1,5.25259,5.25259,,5.25259,5.25259,0.0,0.0,COc1cc2c(cc1OC)C(Cc1ccc(OCCCCCCN3CCN(Cc4ccccc4)CC3)cc1)NCC2,False
ZZODKRWBFJJHGV-UHFFFAOYSA-N,1,5.03012,5.03012,,5.03012,5.03012,0.0,0.0,COc1cc2c(cc1OC)C(Cc1ccc(OCCCCCCN3CCC(c4ccccc4)CC3)cc1)NCC2,False
NKBBUUNAVOMVER-UHFFFAOYSA-N,1,4.0,4.0,,4.0,4.0,0.0,0.0,COc1cc2c(cc1OC)C(Cc1ccc(O)cc1)NCC2,False
OUYDBKLRMLMLMJ-UHFFFAOYSA-N,1,5.37675,5.37675,,5.37675,5.37675,0.0,0.0,CN(Cc1ccccc1)Cc1ccc(C(=O)NCCc2c[nH]c3ccc(O)cc23)cc1,False
CQIUTYRNRVTWNA-UHFFFAOYSA-N,1,5.72125,5.72125,,5.72125,5.72125,0.0,0.0,CN(Cc1ccccc1)Cc1ccc(C(=O)NCCc2c[nH]c3ccccc23)cc1,False
QBQISILWXDSYAB-UHFFFAOYSA-N,1,5.21467,5.21467,,5.21467,5.21467,0.0,0.0,COc1ccc2[nH]cc(CCNC(=O)c3ccc(CN(C)Cc4ccccc4)cc3)c2c1,False
SZYWAKLFZGGZFL-UHFFFAOYSA-N,1,5.38722,5.38722,,5.38722,5.38722,0.0,0.0,COc1ccc2c(CCNC(=O)c3ccc(CN(C)Cc4ccccc4)cc3)c[nH]c2c1,False
GVTZWCGCQTUNKK-UHFFFAOYSA-N,1,5.60206,5.60206,,5.60206,5.60206,0.0,0.0,CN(Cc1ccccc1)Cc1ccc(C(=O)NCCc2c[nH]c3cc(F)ccc23)cc1,False
XFZNYYDTDGEXBS-UHFFFAOYSA-N,1,5.42022,5.42022,,5.42022,5.42022,0.0,0.0,CN(Cc1ccc(C(=O)NCCc2c[nH]c3ccccc23)cc1)Cc1ccccc1Cl,False
MXVVFXUVCSFCCH-UHFFFAOYSA-N,1,5.58503,5.58503,,5.58503,5.58503,0.0,0.0,COc1ccc2[nH]cc(CCNC(=O)c3ccc(CN(C)Cc4ccccc4Cl)cc3)c2c1,False
HIOSHKZZXRGRSS-UHFFFAOYSA-N,1,5.29243,5.29243,,5.29243,5.29243,0.0,0.0,CN(Cc1ccc(C(=O)NCCc2c[nH]c3ccccc23)cc1)Cc1cccc(Cl)c1,False
VKUFSDYOVDNWPJ-UHFFFAOYSA-N,1,5.25181,5.25181,,5.25181,5.25181,0.0,0.0,COc1ccc2[nH]cc(CCNC(=O)c3ccc(CN(C)Cc4cccc(Cl)c4)cc3)c2c1,False
QUNVPYVAGHACJZ-UHFFFAOYSA-N,1,5.67778,5.67778,,5.67778,5.67778,0.0,0.0,COc1ccc2c(CCNC(=O)c3ccc(CN(C)Cc4cccc(Cl)c4)cc3)c[nH]c2c1,False
UPXTYLFOWZJASC-UHFFFAOYSA-N,1,5.3279,5.3279,,5.3279,5.3279,0.0,0.0,COc1ccccc1CN(C)Cc1ccc(C(=O)NCCc2c[nH]c3ccccc23)cc1,False
HWOGJSPZNZIPLI-UHFFFAOYSA-N,1,5.26761,5.26761,,5.26761,5.26761,0.0,0.0,COc1ccc2[nH]cc(CCNC(=O)c3ccc(CN(C)Cc4ccccc4OC)cc3)c2c1,False
INDXJGDAAIPEQX-UHFFFAOYSA-N,1,5.42022,5.42022,,5.42022,5.42022,0.0,0.0,COc1cccc(CN(C)Cc2ccc(C(=O)NCCc3c[nH]c4ccccc34)cc2)c1,False
DKPILSQFGUMQIS-UHFFFAOYSA-N,1,5.16749,5.16749,,5.16749,5.16749,0.0,0.0,COc1cccc(CN(C)Cc2ccc(C(=O)NCCc3c[nH]c4ccc(OC)cc34)cc2)c1,False
UJOCWYJFYFOBLR-CRYYDKFDSA-N,1,4.90553,4.90553,,4.90553,4.90553,0.0,0.0,CCOC(OCC)c1ccc(/C=C2\CCC/C(=C\c3ccc(C(OCC)OCC)cc3)C2=O)cc1,False
NIKCPSATYGTTMA-RPCRKUJJSA-N,1,4.38489,4.38489,,4.38489,4.38489,0.0,0.0,CCOC(OCC)c1ccc(/C=C2\COC/C(=C\c3ccc(C(OCC)OCC)cc3)C2=O)cc1,False
DDAUUFHOQWDQAE-RPCRKUJJSA-N,1,6.03621,6.03621,,6.03621,6.03621,0.0,0.0,CCOC(OCC)c1ccc(/C=C2\CNC/C(=C\c3ccc(C(OCC)OCC)cc3)C2=O)cc1,False
SYSVLGHQDUURRS-BFNWXZRRSA-N,1,7.37675,7.37675,,7.37675,7.37675,0.0,0.0,CCOC(OCC)c1ccc(/C=C2\CN(C)C/C(=C\c3ccc(C(OCC)OCC)cc3)C2=O)cc1,False
NWYPJHLABDEGAV-VDTYKYKFSA-N,1,4.56004,4.56004,,4.56004,4.56004,0.0,0.0,CCOC(OCC)c1ccc(/C=C2\CN(Cc3ccccc3)C/C(=C\c3ccc(C(OCC)OCC)cc3)C2=O)cc1,False
AOWXEKJUCRUODJ-IWGRKNQJSA-N,1,4.25696,4.25696,,4.25696,4.25696,0.0,0.0,CCOC(OCC)c1ccc(/C=C/C(=O)/C=C/c2ccc(C(OCC)OCC)cc2)cc1,False
IGIVWVRRRYBFGO-FQHZWJPGSA-N,1,4.11554,4.11554,,4.11554,4.11554,0.0,0.0,CCOC(OCC)c1ccc(/C=C2\CC/C(=C\c3ccc(C(OCC)OCC)cc3)C2=O)cc1,False
LNSBOWGBLGUITB-QGOAFFKASA-N,1,4.0,4.0,,4.0,4.0,0.0,0.0,CCOC(OCC)c1ccc(/C=C2\Cc3ccccc3C2=O)cc1,False
WXMIPXTYWLFKOL-XDJHFCHBSA-N,1,4.0,4.0,,4.0,4.0,0.0,0.0,CCOC(OCC)c1ccc(/C=C2\CCc3ccccc3C2=O)cc1,False
NDEHDMRZWMNMPY-LFIBNONCSA-N,1,4.1139,4.1139,,4.1139,4.1139,0.0,0.0,CCOC(OCC)c1ccc(/C=C/C(=O)C2CCc3ccccc3C2=O)cc1,False
RMXPZACONAODOR-MGYAYREDSA-N,1,4.344,4.344,,4.344,4.344,0.0,0.0,CN(C)c1ccc(/C=C2/CCC/C(=C\c3ccc(N(C)C)cc3[N+](=O)[O-])C2=O)c([N+](=O)[O-])c1,False
MBVQFYXELMNIPW-BUOZRGFLSA-N,1,5.81248,5.81248,,5.81248,5.81248,0.0,0.0,CN(C)c1ccc(/C=C2/COC/C(=C\c3ccc(N(C)C)cc3[N+](=O)[O-])C2=O)c([N+](=O)[O-])c1,False
VAIHSXCXCCBTNV-BUOZRGFLSA-N,1,6.05552,6.05552,,6.05552,6.05552,0.0,0.0,CN(C)c1ccc(/C=C2/CNC/C(=C\c3ccc(N(C)C)cc3[N+](=O)[O-])C2=O)c([N+](=O)[O-])c1,False
YLFXZYOUOHNWMF-OMYAATJGSA-N,1,7.24413,7.24413,,7.24413,7.24413,0.0,0.0,CN1C/C(=C/c2ccc(N(C)C)cc2[N+](=O)[O-])C(=O)/C(=C/c2ccc(N(C)C)cc2[N+](=O)[O-])C1,False
RFESRTOEUQLFML-WJVNUPORSA-N,1,4.0,4.0,,4.0,4.0,0.0,0.0,CN(C)c1ccc(/C=C2/CN(Cc3ccccc3)C/C(=C\c3ccc(N(C)C)cc3[N+](=O)[O-])C2=O)c([N+](=O)[O-])c1,False
HZCDCDUVTDZUPK-MKICQXMISA-N,1,4.0,4.0,,4.0,4.0,0.0,0.0,CN(C)c1ccc(/C=C/C(=O)/C=C/c2ccc(N(C)C)cc2[N+](=O)[O-])c([N+](=O)[O-])c1,False
GYFZOMCNOOGJCR-JYFOCSDGSA-N,1,4.0,4.0,,4.0,4.0,0.0,0.0,CN(C)c1ccc(/C=C2\CC/C(=C\c3ccc(N(C)C)cc3[N+](=O)[O-])C2=O)c([N+](=O)[O-])c1,False
QMNVHPSDQQWYCL-GXDHUFHOSA-N,1,4.0,4.0,,4.0,4.0,0.0,0.0,CN(C)c1ccc(/C=C2\Cc3ccccc3C2=O)c([N+](=O)[O-])c1,False
RYPZHRBSAAITNL-RVDMUPIBSA-N,1,4.10067,4.10067,,4.10067,4.10067,0.0,0.0,CN(C)c1ccc(/C=C2\CCc3ccccc3C2=O)c([N+](=O)[O-])c1,False
VXDFQSUSRRNODC-NTEUORMPSA-N,1,4.40406,4.40406,,4.40406,4.40406,0.0,0.0,CN(C)c1ccc(/C=C/C(=O)C2CCc3ccccc3C2=O)cc1,False
INJMMAFRGOWBGT-FXYBLIFYSA-N,1,4.0,4.0,,4.0,4.0,0.0,0.0,O=C1/C(=C\c2ccc(N3CCCC3)cc2)CCC/C1=C\c1ccc(N2CCCC2)cc1,False
PPJHUAUZFQZFQJ-QFFDILLMSA-N,1,4.0,4.0,,4.0,4.0,0.0,0.0,O=C1/C(=C\c2ccc(N3CCCC3)cc2)COC/C1=C\c1ccc(N2CCCC2)cc1,False
STCSLEWFMHPGFM-QFFDILLMSA-N,1,5.02136,5.02136,,5.02136,5.02136,0.0,0.0,O=C1/C(=C\c2ccc(N3CCCC3)cc2)CNC/C1=C\c1ccc(N2CCCC2)cc1,False
CWMMOMIPYCYUPM-ZFQRDYFNSA-N,1,5.55596,5.55596,,5.55596,5.55596,0.0,0.0,CN1C/C(=C/c2ccc(N3CCCC3)cc2)C(=O)/C(=C/c2ccc(N3CCCC3)cc2)C1,False
RRMYFAUOOIISIJ-KURJDURESA-N,1,4.0,4.0,,4.0,4.0,0.0,0.0,O=C1/C(=C\c2ccc(N3CCCC3)cc2)CN(Cc2ccccc2)C/C1=C\c1ccc(N2CCCC2)cc1,False
MPIPFAPMXOMPJC-KAVGSWPWSA-N,1,4.0,4.0,,4.0,4.0,0.0,0.0,O=C(/C=C/c1ccc(N2CCCC2)cc1)/C=C/c1ccc(N2CCCC2)cc1,False
RDTKKRJPHQHVRG-BLVCXSLXSA-N,1,4.17764,4.17764,,4.17764,4.17764,0.0,0.0,O=C1/C(=C/c2ccc(N3CCCC3)cc2)CC/C1=C\c1ccc(N2CCCC2)cc1,False
XJKDJUQOHYKBES-GHRIWEEISA-N,1,4.0,4.0,,4.0,4.0,0.0,0.0,O=C1/C(=C/c2ccc(N3CCCC3)cc2)Cc2ccccc21,False
GGSXQHJWBQDVDD-OBGWFSINSA-N,1,4.0,4.0,,4.0,4.0,0.0,0.0,O=C1/C(=C/c2ccc(N3CCCC3)cc2)CCc2ccccc21,False
VOHSVUDQDVZBAO-NTEUORMPSA-N,1,4.0,4.0,,4.0,4.0,0.0,0.0,O=C(/C=C/c1ccc(N2CCCC2)cc1)C1CCc2ccccc2C1=O,False
QGHFTRPRTMZIAB-VIJSPRBVSA-N,1,6.7167,6.7167,,6.7167,6.7167,0.0,0.0,CC1=C[C@H]2Cc3nc4cc(Cl)ccc4c(NCCCCCCNc4c5c(nc6cc(Cl)ccc46)C[C@@H]4C=C(C)C[C@H]5C4)c3[C@@H](C1)C2,False
NPZPAMQSTILFKK-XAZDILKDSA-N,1,7.13966,7.13966,,7.13966,7.13966,0.0,0.0,CC1=C[C@H]2Cc3nc4cc(Cl)ccc4c(NCCCCCCCCNc4c5c(nc6cc(Cl)ccc46)C[C@@H]4C=C(C)C[C@H]5C4)c3[C@@H](C1)C2,False
IUFKKNRHNJARAQ-ZRTHHSRSSA-N,1,7.75696,7.75696,,7.75696,7.75696,0.0,0.0,CC1=C[C@H]2Cc3nc4cc(Cl)ccc4c(NCCCCCCCCCCNc4c5c(nc6cc(Cl)ccc46)C[C@@H]4C=C(C)C[C@H]5C4)c3[C@@H](C1)C2,False
BLPZCYRNZOROBR-WZJLIZBTSA-N,1,6.36552,6.36552,,6.36552,6.36552,0.0,0.0,CC1=C[C@H]2Cc3nc4cc(Cl)ccc4c(NCCCCCCCCCCCCNc4c5c(nc6cc(Cl)ccc46)C[C@@H]4C=C(C)C[C@H]5C4)c3[C@@H](C1)C2,False
GADWTAUYJRJWRT-UHFFFAOYSA-N,1,4.20066,4.20066,,4.20066,4.20066,0.0,0.0,CNc1ccccc1-c1nc(C(=O)OC)cs1,False
RVPMTHRVFPKEQL-UHFFFAOYSA-N,1,4.27572,4.27572,,4.27572,4.27572,0.0,0.0,CNc1ccccc1-c1nc(C(N)=O)cs1,False
XLIQJCUAXROFGQ-UHFFFAOYSA-N,1,4.16749,4.16749,,4.16749,4.16749,0.0,0.0,CNc1ccccc1-c1nc(C(=O)O)cs1,False
PPLHOCSIKGJWTP-UHFFFAOYSA-N,1,6.79588,6.79588,,6.79588,6.79588,0.0,0.0,O=S(=O)(CCCN1CCN(Cc2ccccc2)CC1)NCCNc1cccc2ccccc12,False
KNXGHTSSGIZTSA-UHFFFAOYSA-N,2,4.917605,4.917605,0.000558614357137578,4.91721,4.918,0.00039500000000014523,0.0007900000000002905,CCN(CC)CCCOc1ccc2nc3n(c(=O)c2c1)CCCCC3,False
DYDMQTJZQBAGEY-UHFFFAOYSA-N,2,6.086095,6.086095,0.00013435028842538212,6.086,6.08619,9.499999999995623e-05,0.00018999999999991246,O=c1c2cc(OCCCN3CCCCC3)ccc2nc2n1CCCCC2,False
DNOBRQKRZLULQE-UHFFFAOYSA-N,2,5.819455,5.819455,0.006300321420371962,5.815,5.82391,0.004454999999999654,0.008909999999999307,CCN(CC)CCCOc1ccc2nc3n(c(=O)c2c1)CCCC3,False
SWZRIMBMJKPHQJ-UHFFFAOYSA-N,2,6.647905,6.647905,0.00012020815280124452,6.64782,6.64799,8.499999999989072e-05,0.00016999999999978144,O=c1c2cc(OCCCN3CCCCC3)ccc2nc2n1CCCC2,False
DWOXBDXTFVOWJF-UHFFFAOYSA-N,2,5.91291,5.91291,0.011186429278370985,5.905,5.92082,0.007909999999999862,0.015819999999999723,CCN(CC)CCCOc1ccc2nc3n(c(=O)c2c1)CCC3,False
FFIZZPFJAXHTDR-UHFFFAOYSA-N,4,5.962305000000001,6.1233125,0.8507093930900645,5.26761,7.30103,0.34919500000000037,2.0334199999999996,O=c1c2cc(OCCCN3CCCCC3)ccc2nc2n1CCC2,False
YGMTUJWKFDIKGP-UHFFFAOYSA-N,2,4.247975,4.247975,3.535533905924498e-05,4.24795,4.248,2.4999999999941735e-05,4.999999999988347e-05,O=c1c2cc(OCCCn3ccnc3)ccc2nc2n1CCCc1ccccc1-2,False
GLVFHGWUKQPBOF-UHFFFAOYSA-N,2,5.3778749999999995,5.3778749999999995,0.0015909902576688503,5.37675,5.379,0.0011249999999995985,0.002249999999999197,CCN(CC)CCCOc1ccc2nc3n(c(=O)c2c1)CCCc1ccccc1-3,False
PFYRGBJRPBPVMS-UHFFFAOYSA-N,2,6.271825,6.271825,0.0002474873734150289,6.27165,6.272,0.00017500000000003624,0.0003500000000000725,O=c1c2cc(OCCCN3CCCCC3)ccc2nc2n1CCCc1ccccc1-2,False
VCKXKSQVWHZQHR-UHFFFAOYSA-N,2,6.174285,6.174285,0.00040305086527614637,6.174,6.17457,0.0002849999999998687,0.0005699999999997374,CCN(CC)CCCOc1ccc2nc3n(c(=O)c2c1)CCc1ccccc1-3,False
MIQVJQGPYICMPP-UHFFFAOYSA-N,2,6.664775,6.664775,0.0010960155108391064,6.664,6.66555,0.0007749999999999702,0.0015499999999999403,O=c1c2cc(OCCCN3CCCCC3)ccc2nc2n1CCc1ccccc1-2,False
MIPWRXSZLNVAKQ-UHFFFAOYSA-N,2,6.697985,6.697985,0.0013930003589375179,6.697,6.69897,0.0009850000000000136,0.0019700000000000273,CCN(CC)CCCOc1ccc2nc3n(c(=O)c2c1)Cc1ccccc1-3,False
GDJCEVNDAZNLPF-UHFFFAOYSA-N,2,6.846355,6.846355,0.0019162593770158508,6.845,6.84771,0.0013550000000002171,0.0027100000000004343,O=c1c2cc(OCCCN3CCCCC3)ccc2nc2n1Cc1ccccc1-2,False
UVYNECUSQBZMSD-UHFFFAOYSA-N,2,6.714205,6.714205,1.0685726966612985,5.95861,7.4698,0.755595,1.51119,c1cc2c(cc1OCCCN1CCCCC1)CN1CCCC1=N2,False
PPDBWLSEOWISMD-UHFFFAOYSA-N,1,6.98297,6.98297,,6.98297,6.98297,0.0,0.0,CN(CCC(=O)NCCCCNc1c2c(nc3ccccc13)CCCC2)C1CCCCC1,False
MMAVCEZWOWSHTC-UHFFFAOYSA-N,1,6.63264,6.63264,,6.63264,6.63264,0.0,0.0,CCN(CCC(=O)NCCNc1c2c(nc3ccccc13)CCCC2)C1CCCCC1,False
GDXNXPQGVOTDDZ-UHFFFAOYSA-N,1,7.58004,7.58004,,7.58004,7.58004,0.0,0.0,CCN(CCC(=O)NCCCNc1c2c(nc3ccccc13)CCCC2)C1CCCCC1,False
MNXZMODOWBSHCE-UHFFFAOYSA-N,1,7.02595,7.02595,,7.02595,7.02595,0.0,0.0,CCN(CCC(=O)NCCCCNc1c2c(nc3ccccc13)CCCC2)C1CCCCC1,False
CLANWNRWLCNHQF-UHFFFAOYSA-N,1,5.53611,5.53611,,5.53611,5.53611,0.0,0.0,O=C(Cc1cc(=O)oc2cc(O)ccc12)NCCNc1c2c(nc3ccccc13)CCCC2,False
LNXFVCTVJXMJED-UHFFFAOYSA-N,1,6.55752,6.55752,,6.55752,6.55752,0.0,0.0,O=C(Cc1cc(=O)oc2cc(O)ccc12)NCCCNc1c2c(nc3ccccc13)CCCC2,False
NZAHEPIMJGOXMA-UHFFFAOYSA-N,1,7.81248,7.81248,,7.81248,7.81248,0.0,0.0,O=C(Cc1cc(=O)oc2cc(O)ccc12)NCCCCNc1c2c(nc3ccccc13)CCCC2,False
LSJUOQUGCKLCKO-UHFFFAOYSA-N,1,5.08778,5.08778,,5.08778,5.08778,0.0,0.0,O=C(Cc1cc(=O)oc2cc(O)ccc12)NNC(=S)Nc1c2c(nc3ccccc13)CCCC2,False
RIKRBQRHKWZGBG-IKPAITLHSA-N,1,4.8041,4.8041,,4.8041,4.8041,0.0,0.0,O=C(Cc1cc(=O)oc2cc(O)ccc12)N/N=C1\SCC(=O)N1c1c2c(nc3ccccc13)CCCC2,False
OXQMOFFMFYUAFJ-UHFFFAOYSA-N,1,6.23657,6.23657,,6.23657,6.23657,0.0,0.0,CN(CCC(=O)NCCNc1c2c(nc3ccccc13)CCCC2)C1CCCCC1,False
PEFVDLQGFKDNNH-UHFFFAOYSA-N,1,6.40012,6.40012,,6.40012,6.40012,0.0,0.0,CN(CCC(=O)NCCCNc1c2c(nc3ccccc13)CCCC2)C1CCCCC1,False
NXRLTJHVRANPCV-UHFFFAOYSA-P,1,8.63827,8.63827,,8.63827,8.63827,0.0,0.0,O=C(C[n+]1ccccc1)N/N=C/c1ccc(/C=N/NC(=O)C[n+]2ccccc2)cc1,False
KBNHGKIAHMMUCH-UHFFFAOYSA-N,1,7.18709,7.18709,,7.18709,7.18709,0.0,0.0,CCNC(=O)c1ccc2nc(-c3ccc(Cl)cc3)c3c(c2c1)NCCC3,False
SCHXMKVUYVNKRR-UHFFFAOYSA-N,1,8.68613,8.68613,,8.68613,8.68613,0.0,0.0,O=C(NCCCCCCCCNc1c2c(nc3cc(Cl)ccc13)CCCC2)c1ccc2nc(-c3ccc(Cl)cc3)c3c(c2c1)NCCC3,False
HUAUVHYOLGBGMR-UHFFFAOYSA-N,1,7.84771,7.84771,,7.84771,7.84771,0.0,0.0,O=C(NCCCCCNc1c2c(nc3cc(Cl)ccc13)CCCC2)c1ccc2nc(-c3ccc(Cl)cc3)c3c(c2c1)NCCC3,False
ZQFXENUXQNLUDE-UHFFFAOYSA-N,1,7.84771,7.84771,,7.84771,7.84771,0.0,0.0,O=C(NCCCCNc1c2c(nc3cc(Cl)ccc13)CCCC2)c1ccc2nc(-c3ccc(Cl)cc3)c3c(c2c1)NCCC3,False
RFFSRGKCVREDLD-UHFFFAOYSA-N,1,5.60206,5.60206,,5.60206,5.60206,0.0,0.0,CC(=O)N1OC(C)(C)CC(c2ccccc2)=C1CN1C(=O)c2ccccc2C1=O,False
QAMJZNPTSBBFDI-LTCQIXDTSA-N,1,5.20066,5.20066,,5.20066,5.20066,0.0,0.0,COC(=O)CC1=NO[C@@H]2[C@H]3CC[C@H](C3)[C@@H]2[C@H]1c1ccccc1,False
MCUWNHXAHPQBKZ-UHFFFAOYSA-N,1,4.92082,4.92082,,4.92082,4.92082,0.0,0.0,COC(=O)C(CC1=C(c2ccccc2)CC(C)(C)ON1C(C)=O)C(=O)OC,False
SFSFTLQXRNDQMS-UHFFFAOYSA-N,1,4.84315,4.84315,,4.84315,4.84315,0.0,0.0,COC(=O)C(CC1=C(c2ccc(OC)cc2)CC(C)(C)ON1C(C)=O)C(=O)OC,False
OHJUCGBQCRJJEK-YSVLISHTSA-N,1,4.45445,4.45445,,4.45445,4.45445,0.0,0.0,COC(=O)CC1=NO[C@@H]2CCCC[C@@H]2[C@H]1c1ccccc1,False
XKUVCCAFKDSIMV-UHFFFAOYSA-N,1,4.33013,4.33013,,4.33013,4.33013,0.0,0.0,COC(=O)C(CC1=C(c2ccc(Cl)cc2)CC(C)(C)ON1C(C)=O)C(=O)OC,False
NGUXCXJIKRXBDI-KRWDZBQOSA-N,1,4.18495,4.18495,,4.18495,4.18495,0.0,0.0,CC1(C)C[C@@H](c2ccccc2)C(CN2C(=O)c3ccccc3C2=O)=NO1,False
KMDLRMQGZFIKLR-IAOVAPTHSA-N,1,4.12292,4.12292,,4.12292,4.12292,0.0,0.0,COC(=O)C(CC1=NO[C@@H]2CCC[C@@H]2[C@H]1c1ccccc1)C(=O)OC,False
UGBLOPRVCUMQQB-UHFFFAOYSA-N,1,7.25964,7.25964,,7.25964,7.25964,0.0,0.0,O=c1cc(-c2ccc(CN3CCCCC3)cc2)oc2ccccc12,False
SHPCADFURJJOOU-UHFFFAOYSA-N,1,7.46852,7.46852,,7.46852,7.46852,0.0,0.0,COc1cc2oc(-c3ccc(CN4CCCC4)cc3)cc(=O)c2cc1OC,False
RFIJTJVQDQTLEV-UHFFFAOYSA-N,1,7.03621,7.03621,,7.03621,7.03621,0.0,0.0,Cc1cc(=O)oc2cc(OCCN3CCN(CC(=O)Nc4c5c(nc6ccccc46)CCCC5)CC3)ccc12,False
AAJCCATVSUSRCY-MDWZMJQESA-N,1,5.32975,5.32975,,5.32975,5.32975,0.0,0.0,CN(C)CCOc1ccc(C(=O)/C=C/c2ccccc2)cc1,False
STVVQRFWCYQVJC-NTEUORMPSA-N,1,4.98005,4.98005,,4.98005,4.98005,0.0,0.0,CN(C)CCCOc1ccc(C(=O)/C=C/c2ccccc2)cc1,False
RVSWJJUCVKQQRU-XNTDXEJSSA-N,1,5.04818,5.04818,,5.04818,5.04818,0.0,0.0,CN(C)CCCCOc1ccc(C(=O)/C=C/c2ccccc2)cc1,False
BHKLGNHQHWPMAB-LFIBNONCSA-N,1,4.88372,4.88372,,4.88372,4.88372,0.0,0.0,CN(C)CCCCCOc1ccc(C(=O)/C=C/c2ccccc2)cc1,False
KAPNBNVSRUAOSY-SFQUDFHCSA-N,1,4.84649,4.84649,,4.84649,4.84649,0.0,0.0,CN(C)CCCCCCOc1ccc(C(=O)/C=C/c2ccccc2)cc1,False
LZBQTJUASOHOGJ-XNTDXEJSSA-N,1,5.11748,5.11748,,5.11748,5.11748,0.0,0.0,CCN(CC)CCOc1ccc(C(=O)/C=C/c2ccccc2)cc1,False
BPMPNPLVKPBXMX-LFIBNONCSA-N,1,4.64762,4.64762,,4.64762,4.64762,0.0,0.0,CCN(CC)CCCOc1ccc(C(=O)/C=C/c2ccccc2)cc1,False
ISLIMYOAPXHFPS-SFQUDFHCSA-N,1,4.63432,4.63432,,4.63432,4.63432,0.0,0.0,CCN(CC)CCCCOc1ccc(C(=O)/C=C/c2ccccc2)cc1,False
OWMPRCQDWQPQGC-QGOAFFKASA-N,1,4.46674,4.46674,,4.46674,4.46674,0.0,0.0,CCN(CC)CCCCCOc1ccc(C(=O)/C=C/c2ccccc2)cc1,False
PVEJQZQWFCSZEK-XMHGGMMESA-N,1,4.29722,4.29722,,4.29722,4.29722,0.0,0.0,CCN(CC)CCCCCCOc1ccc(C(=O)/C=C/c2ccccc2)cc1,False
CYXQEUZERTYIOY-XNTDXEJSSA-N,1,4.1901,4.1901,,4.1901,4.1901,0.0,0.0,CCCN(CCC)CCOc1ccc(C(=O)/C=C/c2ccccc2)cc1,False
VKRUTZNBSPTBLZ-LFIBNONCSA-N,1,4.60854,4.60854,,4.60854,4.60854,0.0,0.0,CCCN(CCC)CCCOc1ccc(C(=O)/C=C/c2ccccc2)cc1,False
UTANHRBMHJQKJU-SFQUDFHCSA-N,1,5.22841,5.22841,,5.22841,5.22841,0.0,0.0,CCCN(CCC)CCCCOc1ccc(C(=O)/C=C/c2ccccc2)cc1,False
XFAHZNSSWZADPT-QGOAFFKASA-N,1,4.53047,4.53047,,4.53047,4.53047,0.0,0.0,CCCN(CCC)CCCCCOc1ccc(C(=O)/C=C/c2ccccc2)cc1,False
FMUZATLUEINRSD-XMHGGMMESA-N,1,4.35605,4.35605,,4.35605,4.35605,0.0,0.0,CCCN(CCC)CCCCCCOc1ccc(C(=O)/C=C/c2ccccc2)cc1,False
GTRFZKVGZAEOAG-XMHGGMMESA-N,1,4.65876,4.65876,,4.65876,4.65876,0.0,0.0,CCCCN(CCCC)CCCCOc1ccc(C(=O)/C=C/c2ccccc2)cc1,False
MEFZPTXGKDSQNJ-HMMYKYKNSA-N,1,4.11424,4.11424,,4.11424,4.11424,0.0,0.0,CCCCN(CCCC)CCCCCOc1ccc(C(=O)/C=C/c2ccccc2)cc1,False
AXRSIKMWRLWTDO-FMIVXFBMSA-N,1,7.67572,7.67572,,7.67572,7.67572,0.0,0.0,COc1cc(CCC(=O)/C=C/c2ccc(CNc3c4c(nc5cc(Cl)ccc35)CC3CC(C)=CC4C3)cc2)cc(CN(C)C)c1O,False
ANZARKBILMMHER-YRNVUSSQSA-N,1,7.73755,7.73755,,7.73755,7.73755,0.0,0.0,COc1cc(CCC(=O)/C=C/c2ccc(CNc3c4c(nc5cc(Cl)ccc35)CC3CC(C)=CC4C3)cc2)ccc1O,False
XLIOMHFQNGCWAV-GQCTYLIASA-N,1,8.17393,8.17393,,8.17393,8.17393,0.0,0.0,COc1cc(CCC(=O)/C=C/CCCNc2c3c(nc4cc(Cl)ccc24)CC2CC(C)=CC3C2)ccc1O,False
INQSWFRTCVMRBK-UHFFFAOYSA-N,1,4.67162,4.67162,,4.67162,4.67162,0.0,0.0,COc1cccc(CN2CCN(CCCCOc3ccc4c(c3)oc(=O)c3ccccc34)CC2)c1,False
TXSRJQSUOUJAIH-UHFFFAOYSA-N,1,5.08619,5.08619,,5.08619,5.08619,0.0,0.0,O=c1oc2cc(OCCCCN3CCN(Cc4ccccc4)CC3)ccc2c2ccccc12,False
PTBWWTXVGBBFIJ-UHFFFAOYSA-N,1,4.56225,4.56225,,4.56225,4.56225,0.0,0.0,COc1cccc(CC2CCN(CCCCOc3ccc4c(c3)oc(=O)c3ccccc34)CC2)c1,False
KNRZCCYRCNQTBX-UHFFFAOYSA-N,1,4.84771,4.84771,,4.84771,4.84771,0.0,0.0,O=c1oc2cc(OCCCCN3CCC(Cc4ccccc4)CC3)ccc2c2ccccc12,False
XLWGGHNMHFSNAQ-UHFFFAOYSA-N,1,5.08092,5.08092,,5.08092,5.08092,0.0,0.0,COc1cccc(CN(C)CCCCOc2ccc3c(c2)oc(=O)c2ccccc23)c1,False
MCFWJVVIIHDYGY-UHFFFAOYSA-N,1,5.95861,5.95861,,5.95861,5.95861,0.0,0.0,CN(CCCCOc1ccc2c(c1)oc(=O)c1ccccc12)Cc1ccccc1,False
KQHKJVQLBKLYNN-UHFFFAOYSA-N,1,4.74473,4.74473,,4.74473,4.74473,0.0,0.0,COc1cccc(CN2CCN(CCCOc3ccc4c(c3)oc(=O)c3ccccc34)CC2)c1,False
YMUQNRICCRNBQY-UHFFFAOYSA-N,1,6.09691,6.09691,,6.09691,6.09691,0.0,0.0,O=c1oc2cc(OCCCN3CCN(Cc4ccccc4)CC3)ccc2c2ccccc12,False
WOLZDYVNVPOLIK-UHFFFAOYSA-N,1,4.73283,4.73283,,4.73283,4.73283,0.0,0.0,COc1cccc(CC2CCN(CCCOc3ccc4c(c3)oc(=O)c3ccccc34)CC2)c1,False
JCHKASOGFPNEMX-UHFFFAOYSA-N,1,5.38722,5.38722,,5.38722,5.38722,0.0,0.0,O=c1oc2cc(OCCCN3CCC(Cc4ccccc4)CC3)ccc2c2ccccc12,False
AODGUHXAKIDWEC-UHFFFAOYSA-N,1,4.67985,4.67985,,4.67985,4.67985,0.0,0.0,COc1cccc(CN(C)CCCOc2ccc3c(c2)oc(=O)c2ccccc23)c1,False
VWMVVTZSFRCBOF-UHFFFAOYSA-N,1,5.07058,5.07058,,5.07058,5.07058,0.0,0.0,CN(CCCOc1ccc2c(c1)oc(=O)c1ccccc12)Cc1ccccc1,False
XMXDGPFCJLHNBV-UHFFFAOYSA-N,1,4.9431,4.9431,,4.9431,4.9431,0.0,0.0,COc1cccc(CN2CCN(CCOc3ccc4c(c3)oc(=O)c3ccccc34)CC2)c1,False
NHTLSLIZIOTGBZ-UHFFFAOYSA-N,1,6.04576,6.04576,,6.04576,6.04576,0.0,0.0,O=c1oc2cc(OCCN3CCN(Cc4ccccc4)CC3)ccc2c2ccccc12,False
AKCDRGUDWHAJSH-UHFFFAOYSA-N,1,4.53313,4.53313,,4.53313,4.53313,0.0,0.0,COc1cccc(CC2CCN(CCOc3ccc4c(c3)oc(=O)c3ccccc34)CC2)c1,False
UOZWFKWFCFYMHT-UHFFFAOYSA-N,1,4.69897,4.69897,,4.69897,4.69897,0.0,0.0,O=c1oc2cc(OCCN3CCC(Cc4ccccc4)CC3)ccc2c2ccccc12,False
GSAZAEPRQPHTHJ-UHFFFAOYSA-N,1,4.73518,4.73518,,4.73518,4.73518,0.0,0.0,COc1cccc(CN(C)CCOc2ccc3c(c2)oc(=O)c2ccccc23)c1,False
WLMCUWNVWHWZRR-UHFFFAOYSA-N,1,5.17393,5.17393,,5.17393,5.17393,0.0,0.0,CN(CCOc1ccc2c(c1)oc(=O)c1ccccc12)Cc1ccccc1,False
FOOMLDMUSXDTOO-UHFFFAOYSA-N,1,5.06048,5.06048,,5.06048,5.06048,0.0,0.0,COc1cccc(CN2CCN(CCCCOc3ccc4c5c(c(=O)oc4c3)CCCC5)CC2)c1,False
LLRQWHTWQOOTRV-UHFFFAOYSA-N,1,5.19382,5.19382,,5.19382,5.19382,0.0,0.0,O=c1oc2cc(OCCCCN3CCN(Cc4ccccc4)CC3)ccc2c2c1CCCC2,False
GGTPKCUHOKYRFT-UHFFFAOYSA-N,1,4.86328,4.86328,,4.86328,4.86328,0.0,0.0,COc1cccc(CC2CCN(CCCCOc3ccc4c5c(c(=O)oc4c3)CCCC5)CC2)c1,False
GTVSDMPQZNLHNQ-UHFFFAOYSA-N,1,5.03621,5.03621,,5.03621,5.03621,0.0,0.0,O=c1oc2cc(OCCCCN3CCC(Cc4ccccc4)CC3)ccc2c2c1CCCC2,False
KEYLOFFNMVKPSA-UHFFFAOYSA-N,1,5.76955,5.76955,,5.76955,5.76955,0.0,0.0,COc1cccc(CN(C)CCCCOc2ccc3c4c(c(=O)oc3c2)CCCC4)c1,False
WSKTVSBIHWPZCM-UHFFFAOYSA-N,1,6.0,6.0,,6.0,6.0,0.0,0.0,CN(CCCCOc1ccc2c3c(c(=O)oc2c1)CCCC3)Cc1ccccc1,False
JPCDBTHAWPVJLV-UHFFFAOYSA-N,1,5.20761,5.20761,,5.20761,5.20761,0.0,0.0,COc1cccc(CN2CCN(CCCOc3ccc4c5c(c(=O)oc4c3)CCCC5)CC2)c1,False
KMFIWXMOTHJQAP-UHFFFAOYSA-N,1,6.04576,6.04576,,6.04576,6.04576,0.0,0.0,O=c1oc2cc(OCCCN3CCN(Cc4ccccc4)CC3)ccc2c2c1CCCC2,False
RHYLMHYJQBEFDV-UHFFFAOYSA-N,1,5.3098,5.3098,,5.3098,5.3098,0.0,0.0,COc1cccc(CC2CCN(CCCOc3ccc4c5c(c(=O)oc4c3)CCCC5)CC2)c1,False
MJJPABBWHSSTTI-UHFFFAOYSA-N,1,5.36653,5.36653,,5.36653,5.36653,0.0,0.0,O=c1oc2cc(OCCCN3CCC(Cc4ccccc4)CC3)ccc2c2c1CCCC2,False
ITYHQJQWDFKQFQ-UHFFFAOYSA-N,1,5.56864,5.56864,,5.56864,5.56864,0.0,0.0,COc1cccc(CN(C)CCCOc2ccc3c4c(c(=O)oc3c2)CCCC4)c1,False
HUWWMDRBFQAIAI-UHFFFAOYSA-N,1,5.67778,5.67778,,5.67778,5.67778,0.0,0.0,CN(CCCOc1ccc2c3c(c(=O)oc2c1)CCCC3)Cc1ccccc1,False
CACFQCMXTYRFGE-UHFFFAOYSA-N,1,5.13668,5.13668,,5.13668,5.13668,0.0,0.0,COc1cccc(CN2CCN(CCOc3ccc4c5c(c(=O)oc4c3)CCCC5)CC2)c1,False
OHDDRPINWQDGEH-UHFFFAOYSA-N,1,5.88606,5.88606,,5.88606,5.88606,0.0,0.0,O=c1oc2cc(OCCN3CCN(Cc4ccccc4)CC3)ccc2c2c1CCCC2,False
LWWYSSYDRVEIDW-UHFFFAOYSA-N,1,4.42946,4.42946,,4.42946,4.42946,0.0,0.0,COc1cccc(CC2CCN(CCOc3ccc4c5c(c(=O)oc4c3)CCCC5)CC2)c1,False
IHQOPGPYTRMDJH-UHFFFAOYSA-N,1,5.09151,5.09151,,5.09151,5.09151,0.0,0.0,O=c1oc2cc(OCCN3CCC(Cc4ccccc4)CC3)ccc2c2c1CCCC2,False
GUPUZWRGJITBCC-UHFFFAOYSA-N,1,5.22185,5.22185,,5.22185,5.22185,0.0,0.0,COc1cccc(CN(C)CCOc2ccc3c4c(c(=O)oc3c2)CCCC4)c1,False
YCPZOCGKKJAVJI-UHFFFAOYSA-N,1,5.55284,5.55284,,5.55284,5.55284,0.0,0.0,CN(CCOc1ccc2c3c(c(=O)oc2c1)CCCC3)Cc1ccccc1,False
MHJSTVGCJSASLZ-UHFFFAOYSA-N,2,4.39794,4.39794,0.0,4.39794,4.39794,0.0,0.0,CCN(C)C(=O)Oc1cc(C(C)N(C)C)c2c(c1)oc(=O)c1ccccc12,False
YGXKBTHHWMVNNV-UHFFFAOYSA-N,2,4.3995750000000005,4.3995750000000005,0.0023122391744800855,4.39794,4.40121,0.001634999999999831,0.003269999999999662,CCN(C)C(=O)Oc1cc(C(C)N(C)C)cc2oc(=O)c3ccccc3c12,False
FDGWOMOFXBMREQ-UHFFFAOYSA-N,2,4.48017,4.48017,0.0,4.48017,4.48017,0.0,0.0,CC(c1cc(O)cc2oc(=O)c3ccccc3c12)N(C)C,False
GSBAKOQUEJHZRK-UHFFFAOYSA-N,2,4.72354,4.72354,0.0,4.72354,4.72354,0.0,0.0,CC(c1cc(O)c2c(c1)oc(=O)c1ccccc12)N(C)C,False
SCSRJMKBYZFLKJ-UHFFFAOYSA-N,2,4.82102,4.82102,0.0,4.82102,4.82102,0.0,0.0,COc1cc(C(C)N(C)C)c2c(c1)oc(=O)c1ccccc12,False
HGARWOYCHHRGRX-UHFFFAOYSA-N,2,5.55284,5.55284,0.0,5.55284,5.55284,0.0,0.0,COc1cc(C(C)N(C)C)cc2oc(=O)c3ccccc3c12,False
LIZYKHYLXJGMFT-NSHDSACASA-N,2,5.10237,5.10237,0.0,5.10237,5.10237,0.0,0.0,C[C@@H](c1ccc2c(c1)oc(=O)c1ccccc12)N(C)C,False
LIZYKHYLXJGMFT-UHFFFAOYSA-N,2,4.96257,4.96257,0.0,4.96257,4.96257,0.0,0.0,CC(c1ccc2c(c1)oc(=O)c1ccccc12)N(C)C,False
UDVFZVKAWAKSPH-RCCKNPSSSA-N,1,6.545,6.545,,6.545,6.545,0.0,0.0,COc1cc2c(cc1OCCN1CCCCC1)C(=O)/C(=C/c1ccc(N(C)C)cc1)C2,False
DBANLJZWKHSELJ-HAVVHWLPSA-N,1,6.27051,6.27051,,6.27051,6.27051,0.0,0.0,CCN(CC)c1ccc(/C=C2\Cc3cc(OC)c(OCCN4CCCCC4)cc3C2=O)cc1,False
ZRXXPDPCCMADTA-XSFVSMFZSA-N,1,6.52129,6.52129,,6.52129,6.52129,0.0,0.0,CNc1ccc(/C=C2\Cc3cc(OC)c(OCCN4CCCCC4)cc3C2=O)cc1,False
ZUKUWSQYNLPXOD-CJLVFECKSA-N,1,6.37059,6.37059,,6.37059,6.37059,0.0,0.0,CCN(C)c1ccc(/C=C2\Cc3cc(OC)c(OCCN4CCCCC4)cc3C2=O)cc1,False
NBYRKWCXRBPLLK-HAVVHWLPSA-N,1,6.40871,6.40871,,6.40871,6.40871,0.0,0.0,CCCN(C)c1ccc(/C=C2\Cc3cc(OC)c(OCCN4CCCCC4)cc3C2=O)cc1,False
KAFVKDYWFYNONU-NCELDCMTSA-N,1,6.02036,6.02036,,6.02036,6.02036,0.0,0.0,CCCN(CCC)c1ccc(/C=C2\Cc3cc(OC)c(OCCN4CCCCC4)cc3C2=O)cc1,False
UJZQEHWESNKDAA-FCEMGJBISA-N,1,4.91686,4.91686,,4.91686,4.91686,0.0,0.0,C/C=C1/[C@@H]2Cc3[nH]c(=O)ccc3[C@@]1(N)C[C@]1(C)O[C@H]21,False
OYEWBWVWUDMBPW-HSEGREMKSA-N,1,7.22185,7.22185,,7.22185,7.22185,0.0,0.0,C/C=C1\[C@H]2C=C(C)C[C@]1(NC1OCC3=C4CC(C)(C)[C@H](O)[C@H]4[C@@H](C)CCC31O)c1ccc(=O)[nH]c1C2,False
SJYVGYLWIJIYHJ-LIUSGKPXSA-N,1,6.95861,6.95861,,6.95861,6.95861,0.0,0.0,C/C=C1\[C@H]2C=C(C)C[C@]1(NC1OCC3=C4CC(C)(C)C[C@H]4[C@@H](C)[C@H](O)CC31O)c1ccc(=O)[nH]c1C2,False
LBHVCNVTMBHJEE-BLVABZMVSA-N,1,5.66354,5.66354,,5.66354,5.66354,0.0,0.0,C/C=C1\[C@H]2C=C(C)C[C@]1(N[C@H]1OC(=O)C3=C4CC(C)(C)C[C@H]4[C@@H](C)[C@@H](O)C[C@]31O)c1ccc(=O)[nH]c1C2,False
PGQLHDFYYWDJHK-GDGPFORESA-N,1,6.00436,6.00436,,6.00436,6.00436,0.0,0.0,C/C=C1\[C@H]2C=C(C)C[C@]1(N[C@H]1OC(=O)C3=C4CC(C)(C)C[C@H]4[C@@H](C)[C@@H](O)C[C@]31OC)c1ccc(=O)[nH]c1C2,False
XEPUHYVPCYWYRB-UHFFFAOYSA-N,1,6.48812,6.48812,,6.48812,6.48812,0.0,0.0,Cc1nc(C(=O)NCCCCNc2c3c(nc4ccccc24)CCCC3)cc2c1[nH]c1ccccc12,False
OOCKQJHRJFDPCK-UHFFFAOYSA-N,1,7.03339,7.03339,,7.03339,7.03339,0.0,0.0,Cc1nc(C(=O)NCCCCCCNc2c3c(nc4ccccc24)CCCC3)cc2c1[nH]c1ccccc12,False
QWENAWZBDMGXSP-UHFFFAOYSA-N,1,6.81531,6.81531,,6.81531,6.81531,0.0,0.0,Cc1nc(C(=O)NCCCCCCCCNc2c3c(nc4ccccc24)CCCC3)cc2c1[nH]c1ccccc12,False
OLKLOVAJULLISR-UHFFFAOYSA-N,1,7.03716,7.03716,,7.03716,7.03716,0.0,0.0,O=C(NCCCCCCNc1c2c(nc3ccccc13)CCCC2)c1cc2c(cn1)[nH]c1ccccc12,False
WUZJRHKAIFSDMM-UHFFFAOYSA-N,1,7.00789,7.00789,,7.00789,7.00789,0.0,0.0,CCc1nc(C(=O)NCCCCCCNc2c3c(nc4ccccc24)CCCC3)cc2c1[nH]c1ccccc12,False
XKKFXCKMPXLPKK-UHFFFAOYSA-N,1,6.7986,6.7986,,6.7986,6.7986,0.0,0.0,O=C(NCCCCCCNc1c2c(nc3ccccc13)CCCC2)c1cc2c([nH]c3ccccc32)c(-c2ccccc2)n1,False
WKAJCZZPMZGMDI-UHFFFAOYSA-N,1,6.51428,6.51428,,6.51428,6.51428,0.0,0.0,O=C(NCCCCCCNc1c2c(nc3ccccc13)CCCC2)c1cc2c([nH]c3ccccc32)c(-c2ccc(F)cc2)n1,False
ZXEXKQSBZMYPAQ-UHFFFAOYSA-N,1,6.82681,6.82681,,6.82681,6.82681,0.0,0.0,COc1ccc(-c2nc(C(=O)NCCCCCCNc3c4c(nc5ccccc35)CCCC4)cc3c2[nH]c2ccccc23)cc1,False
UTSQNVLOMVPCIW-YTTGMZPUSA-N,1,6.72816,6.72816,,6.72816,6.72816,0.0,0.0,CC(C)(C)OC(=O)N1Cc2[nH]c3ccccc3c2C[C@H]1C(=O)NCCCCCCNc1c2c(nc3ccccc13)CCCC2,False
LBOYVYBBAFDIGX-NDEPHWFRSA-N,2,7.4284300000000005,7.4284300000000005,0.32406703781779467,7.19928,7.65758,0.2291500000000002,0.4583000000000004,O=C(NCCCCCCNc1c2c(nc3ccccc13)CCCC2)[C@@H]1Cc2c([nH]c3ccccc23)CN1,False
HLSFNIKGKKTOIA-TWAVRPEISA-N,1,6.27901,6.27901,,6.27901,6.27901,0.0,0.0,CC1c2[nH]c3ccccc3c2C[C@@H](C(=O)NCCCCCCNc2c3c(nc4ccccc24)CCCC3)N1C(=O)OC(C)(C)C,False
HSQBZWURRKNSMR-TXMUIZFDSA-N,1,6.6925,6.6925,,6.6925,6.6925,0.0,0.0,CC1N[C@H](C(=O)NCCCCCCNc2c3c(nc4ccccc24)CCCC3)Cc2c1[nH]c1ccccc21,False
SPJCDWMOZIAYNB-HKBQPEDESA-N,1,6.93554,6.93554,,6.93554,6.93554,0.0,0.0,CC(C)(C)OC(=O)N[C@@H](Cc1c[nH]c2ccccc12)C(=O)NCCCCCCNc1c2c(nc3ccccc13)CCCC2,False
KADKUQSSIRPDHT-VWLOTQADSA-N,2,6.9685950000000005,6.9685950000000005,0.06756405294237511,6.92082,7.01637,0.04777500000000012,0.09555000000000025,N[C@@H](Cc1c[nH]c2ccccc12)C(=O)NCCCCCCNc1c2c(nc3ccccc13)CCCC2,False
PVXRLGDBKZOULP-PMERELPUSA-N,1,6.81531,6.81531,,6.81531,6.81531,0.0,0.0,CC(=O)N[C@@H](Cc1c[nH]c2ccccc12)C(=O)NCCCCCCNc1c2c(nc3ccccc13)CCCC2,False
RKAZYMSLCDWTKC-UHFFFAOYSA-N,1,5.59688,5.59688,,5.59688,5.59688,0.0,0.0,COc1ccc2nc3c(c(NCCNC4=CC(=O)c5ccccc5C4=O)c2c1)CCCC3,False
JWBMWBOHEJZYOV-UHFFFAOYSA-N,1,5.21112,5.21112,,5.21112,5.21112,0.0,0.0,COc1ccc2nc3c(c(NCCCNC4=CC(=O)c5ccccc5C4=O)c2c1)CCCC3,False
DVAUGKNGSJLBSB-UHFFFAOYSA-N,1,7.84466,7.84466,,7.84466,7.84466,0.0,0.0,O=C1C=C(NCCNc2c3c(nc4ccccc24)CCCC3)C(=O)c2ccccc21,False
RTTSLBXGYIFCRM-UHFFFAOYSA-N,1,7.27003,7.27003,,7.27003,7.27003,0.0,0.0,O=C1C=C(NCCCNc2c3c(nc4ccccc24)CCCC3)C(=O)c2ccccc21,False
LPKPJMVPAYGIBN-UHFFFAOYSA-N,1,8.71444,8.71444,,8.71444,8.71444,0.0,0.0,O=C1C=C(NCCNc2c3c(nc4cc(Cl)ccc24)CCCC3)C(=O)c2ccccc21,False
IKGNUTZEJZTSQS-UHFFFAOYSA-N,1,8.26761,8.26761,,8.26761,8.26761,0.0,0.0,O=C1C=C(NCCCNc2c3c(nc4cc(Cl)ccc24)CCCC3)C(=O)c2ccccc21,False
KXOXQEQCKPBIQE-UHFFFAOYSA-N,1,7.6073,7.6073,,7.6073,7.6073,0.0,0.0,O=C1C(NCCNc2c3c(nc4ccccc24)CCCC3)=CC(=O)c2c(O)cccc21,False
KHNOMXGNYODHJW-UHFFFAOYSA-N,1,6.98716,6.98716,,6.98716,6.98716,0.0,0.0,O=C1C(NCCCNc2c3c(nc4ccccc24)CCCC3)=CC(=O)c2c(O)cccc21,False
QOYHHKMVCBONOU-UHFFFAOYSA-N,1,9.14267,9.14267,,9.14267,9.14267,0.0,0.0,O=C1C(NCCNc2c3c(nc4cc(Cl)ccc24)CCCC3)=CC(=O)c2c(O)cccc21,False
CRTRSIPNSJNRTM-UHFFFAOYSA-N,1,8.03433,8.03433,,8.03433,8.03433,0.0,0.0,O=C1C(NCCCNc2c3c(nc4cc(Cl)ccc24)CCCC3)=CC(=O)c2c(O)cccc21,False
NUIGMEAFRDCLAO-UHFFFAOYSA-N,1,6.18642,6.18642,,6.18642,6.18642,0.0,0.0,COc1ccc2nc3c(c(NCCNC4=CC(=O)c5c(O)cccc5C4=O)c2c1)CCCC3,False
JNVJRXXMPRWOIZ-UHFFFAOYSA-N,1,6.45842,6.45842,,6.45842,6.45842,0.0,0.0,COc1ccc2nc3c(c(NCCCNC4=CC(=O)c5c(O)cccc5C4=O)c2c1)CCCC3,False
LQSVZGFIJMJIJV-UHFFFAOYSA-N,1,5.86328,5.86328,,5.86328,5.86328,0.0,0.0,COc1ccc2nc3c(c(NCCNC4=C(Cl)C(=O)c5ccccc5C4=O)c2c1)CCCC3,False
IWUDCTOFAHCCJE-UHFFFAOYSA-N,1,6.09205,6.09205,,6.09205,6.09205,0.0,0.0,COc1ccc2nc3c(c(NCCCNC4=C(Cl)C(=O)c5ccccc5C4=O)c2c1)CCCC3,False
RQRGYKWAWXKBKX-UHFFFAOYSA-N,1,8.49349,8.49349,,8.49349,8.49349,0.0,0.0,O=C1C(Cl)=C(NCCNc2c3c(nc4cc(Cl)ccc24)CCCC3)C(=O)c2ccccc21,False
YIHUNKHKTCXRQL-UHFFFAOYSA-N,1,8.04866,8.04866,,8.04866,8.04866,0.0,0.0,O=C1C(Cl)=C(NCCCNc2c3c(nc4cc(Cl)ccc24)CCCC3)C(=O)c2ccccc21,False
FXNPZCDRGIBCKM-UHFFFAOYSA-N,1,7.01728,7.01728,,7.01728,7.01728,0.0,0.0,O=C1C(Cl)=C(NCCNc2c3c(nc4ccccc24)CCCC3)C(=O)c2ccccc21,False
UFGSUGXQTOJRGK-UHFFFAOYSA-N,1,7.42022,7.42022,,7.42022,7.42022,0.0,0.0,O=C1C(Cl)=C(NCCCNc2c3c(nc4ccccc24)CCCC3)C(=O)c2ccccc21,False
ZXLUBBNCEANTCA-NXVJRICRSA-N,1,4.33724,4.33724,,4.33724,4.33724,0.0,0.0,O=C1N[C@H](COCc2ccccc2)[C@@H](OCc2ccccc2)[C@H](OCc2ccccc2)[C@H]1OCc1ccccc1,False
JNFXERRAGVUJCV-LUKWVAJMSA-N,1,4.65758,4.65758,,4.65758,4.65758,0.0,0.0,C=CC[C@@H]1[C@H](O)[C@@H](OCc2ccccc2)[C@H](O)CN1CCCCCCCC,False
HHIIDKLQTCPFQA-KMKAFXEASA-N,1,4.22185,4.22185,,4.22185,4.22185,0.0,0.0,c1ccc(COC[C@H]2NC[C@H](OCc3ccccc3)[C@@H](OCc3ccccc3)[C@@H]2OCc2ccccc2)cc1,False
FADJQYHZGWQLHV-UHFFFAOYSA-N,1,7.48812,7.48812,,7.48812,7.48812,0.0,0.0,COc1cc2oc(-c3cccc(OCC(=O)NCCCCCCNc4c5c(nc6cc(Cl)ccc46)CCCC5)c3)cc(=O)c2c(OC)c1OC,False
PTARNCBWLXCSJW-UHFFFAOYSA-N,1,7.76195,7.76195,,7.76195,7.76195,0.0,0.0,COc1cc2oc(-c3cccc(OCC(=O)NCCCCCNc4c5c(nc6cc(Cl)ccc46)CCCC5)c3)cc(=O)c2c(OC)c1OC,False
PGNONTQJYACCOC-UHFFFAOYSA-N,1,7.66555,7.66555,,7.66555,7.66555,0.0,0.0,COc1cc2oc(-c3ccc(OCC(=O)NCCCCCCNc4c5c(nc6cc(Cl)ccc46)CCCC5)cc3)cc(=O)c2c(OC)c1OC,False
JMBDUGUBNUJHAR-UHFFFAOYSA-N,1,8.16115,8.16115,,8.16115,8.16115,0.0,0.0,COc1cc2oc(-c3ccc(OCC(=O)NCCCCCNc4c5c(nc6cc(Cl)ccc46)CCCC5)cc3)cc(=O)c2c(OC)c1OC,False
RKDGVPZXUHBKCP-UHFFFAOYSA-N,1,6.44249,6.44249,,6.44249,6.44249,0.0,0.0,CN(CCCCCN1C(=O)c2ccccc2C1=O)Cc1ccccc1,False
NRAFVOCZEXVTPY-UHFFFAOYSA-N,1,5.73731,5.73731,,5.73731,5.73731,0.0,0.0,CN(CCCCCCN1C(=O)c2ccccc2C1=O)Cc1ccccc1,False
OBXWKSPCTDAXSW-UHFFFAOYSA-N,1,6.0013,6.0013,,6.0013,6.0013,0.0,0.0,CN(CCCCCCCN1C(=O)c2ccccc2C1=O)Cc1ccccc1,False
PVVIEONXARUYJF-UHFFFAOYSA-N,1,6.0655,6.0655,,6.0655,6.0655,0.0,0.0,CN(CCCCCCCCN1C(=O)c2ccccc2C1=O)Cc1ccccc1,False
BXHMIQIIMINKET-UHFFFAOYSA-N,1,6.27984,6.27984,,6.27984,6.27984,0.0,0.0,CN(CCCCCN1C(=O)c2ccccc2C1=O)Cc1ccccc1F,False
UPVVEQJBLHRPNK-UHFFFAOYSA-N,1,5.70071,5.70071,,5.70071,5.70071,0.0,0.0,CN(CCCCCCN1C(=O)c2ccccc2C1=O)Cc1ccccc1F,False
UWJULFQMVVBVHJ-UHFFFAOYSA-N,1,6.20412,6.20412,,6.20412,6.20412,0.0,0.0,CN(CCCCCCCN1C(=O)c2ccccc2C1=O)Cc1ccccc1F,False
PMAJVHWIDLVZJM-UHFFFAOYSA-N,1,6.19111,6.19111,,6.19111,6.19111,0.0,0.0,CN(CCCCCCCCN1C(=O)c2ccccc2C1=O)Cc1ccccc1F,False
OLRBSLWJRCTMHB-UHFFFAOYSA-N,1,6.27003,6.27003,,6.27003,6.27003,0.0,0.0,CN(CCCCCN1C(=O)c2ccccc2C1=O)Cc1cccc(Cl)c1,False
GVMCRURDRWLCRO-UHFFFAOYSA-N,1,5.92482,5.92482,,5.92482,5.92482,0.0,0.0,CN(CCCCCCN1C(=O)c2ccccc2C1=O)Cc1cccc(Cl)c1,False
YQJUFTLWDZPSER-UHFFFAOYSA-N,1,5.88506,5.88506,,5.88506,5.88506,0.0,0.0,CN(CCCCCCCN1C(=O)c2ccccc2C1=O)Cc1cccc(Cl)c1,False
QWCXCJHHXFJKII-UHFFFAOYSA-N,1,5.9813,5.9813,,5.9813,5.9813,0.0,0.0,CN(CCCCCCCCN1C(=O)c2ccccc2C1=O)Cc1cccc(Cl)c1,False
JTXXBIULLCCIBN-UHFFFAOYSA-N,1,4.86646,4.86646,,4.86646,4.86646,0.0,0.0,OCc1cc2cc(OCCCC3CCN(Cc4ccccc4)CC3)ccc2[nH]1,False
NBAHQYYCUNANCX-UHFFFAOYSA-N,1,5.01773,5.01773,,5.01773,5.01773,0.0,0.0,CCOC(=O)c1cc2cc(OCCCC3CCN(Cc4ccccc4)CC3)ccc2[nH]1,False
RTYLHNDNHPELSN-UHFFFAOYSA-N,1,5.33724,5.33724,,5.33724,5.33724,0.0,0.0,C=CCNCc1cc2cc(OCCCC3CCN(Cc4ccccc4)CC3)ccc2[nH]1,False
PVAHNJQQAFBHBW-UHFFFAOYSA-N,1,5.3098,5.3098,,5.3098,5.3098,0.0,0.0,C#CCNCc1cc2cc(OCCCC3CCN(Cc4ccccc4)CC3)ccc2[nH]1,False
JIHVXAPKKMMRTK-UHFFFAOYSA-N,1,4.81248,4.81248,,4.81248,4.81248,0.0,0.0,C#CCN(C)Cc1cc2cc(OCCCC3CCN(Cc4ccccc4)CC3)ccc2[nH]1,False
PXAIJXLXGTZZNP-UHFFFAOYSA-N,1,5.07572,5.07572,,5.07572,5.07572,0.0,0.0,C#CCN(C)Cc1cc2cc(OCCCC3CCN(Cc4ccc(OC(=O)N(C)C)c5ncccc45)CC3)ccc2n1C,False
MENPQHDIPOYDSI-UHFFFAOYSA-N,1,5.55284,5.55284,,5.55284,5.55284,0.0,0.0,C#CCN(C)Cc1cc2cc(OCCCC3CCN(Cc4ccccc4C)CC3)ccc2n1C,False
JWUFDSSCTMPGLI-UHFFFAOYSA-N,1,6.284,6.284,,6.284,6.284,0.0,0.0,C#CCN(C)Cc1ccc(OC(=O)N(C)C)c2ncccc12,False
HEGWZHATVPIKRD-UHFFFAOYSA-N,1,6.34361,6.34361,,6.34361,6.34361,0.0,0.0,Cc1c(C)c2c(c(C)c1O)CCC(C)(C(=O)NCCCCCCCCCCNc1c3c(nc4ccccc14)CCCC3)O2,False
HELQVBTZKVKAPS-UHFFFAOYSA-N,2,6.40304,6.40304,0.34208411860242754,6.16115,6.64493,0.24188999999999972,0.48377999999999943,Cc1c(C)c2c(c(C)c1O)CCC(C)(C(=O)NCCCCCCCCNc1c3c(nc4ccccc14)CCCC3)O2,False
GYANWDNIKGBQDN-UHFFFAOYSA-N,2,6.501844999999999,6.501844999999999,0.48181548963270093,6.16115,6.84254,0.34069499999999975,0.6813899999999995,Cc1c(C)c2c(c(C)c1O)CCC(C)(C(=O)NCCCCCCCNc1c3c(nc4ccccc14)CCCC3)O2,False
ATFSKIZVJOMGAR-UHFFFAOYSA-N,2,7.036315,7.036315,0.8380841702657322,6.4437,7.62893,0.5926150000000003,1.1852300000000007,Cc1c(C)c2c(c(C)c1O)CCC(C)(C(=O)NCCCCCCNc1c3c(nc4ccccc14)CCCC3)O2,False
IDTWGEUFPVJYSJ-UHFFFAOYSA-N,2,6.437285,6.437285,0.32480949993804104,6.20761,6.66696,0.2296750000000003,0.4593500000000006,Cc1c(C)c2c(c(C)c1O)CCC(C)(C(=O)NCCCCCNc1c3c(nc4ccccc14)CCCC3)O2,False
AGELYORQPXWSGA-UHFFFAOYSA-N,2,6.146965,6.146965,0.17633121802448895,6.02228,6.27165,0.12468499999999993,0.24936999999999987,Cc1c(C)c2c(c(C)c1O)CCC(C)(C(=O)NCCCCNc1c3c(nc4ccccc14)CCCC3)O2,False
GYSSCMBLUIEVHL-UHFFFAOYSA-N,2,5.8518799999999995,5.8518799999999995,0.9830339893411619,5.15677,6.54699,0.6951100000000001,1.3902200000000002,Cc1c(C)c2c(c(C)c1O)CCC(C)(C(=O)NCCNc1c3c(nc4ccccc14)CCCC3)O2,False
FTRZTHFGTILUPE-UHFFFAOYSA-N,2,7.49827,7.49827,0.4208840982978567,7.20066,7.79588,0.29761000000000015,0.5952200000000003,COc1cc(N)c(Cl)cc1C(=O)CCC1CCN(CC2CCCCC2)CC1,False
JBHLYIVFFLNISJ-UHFFFAOYSA-N,1,6.39469,6.39469,,6.39469,6.39469,0.0,0.0,CCCCN1CCC(CCC(=O)c2cc(Cl)c(N)cc2OC)CC1,False
DHFMNRHFVSQCPD-UHFFFAOYSA-N,1,6.02826,6.02826,,6.02826,6.02826,0.0,0.0,COc1cc(N)c(Cl)cc1C(=O)CCC1CCN(CC2CC2)CC1,False
YKSIZFAAHBYGMG-UHFFFAOYSA-N,1,6.23882,6.23882,,6.23882,6.23882,0.0,0.0,COc1cc(N)c(Cl)cc1C(=O)CCC1CCN(CC2CCC2)CC1,False
RVKSBAURRKECBI-UHFFFAOYSA-N,1,7.16115,7.16115,,7.16115,7.16115,0.0,0.0,COc1cc(N)c(Cl)cc1C(=O)CCC1CCN(CC2CCCC2)CC1,False
YVCAJCVHBUZCNX-UHFFFAOYSA-N,1,7.24413,7.24413,,7.24413,7.24413,0.0,0.0,COc1cc(N)c(Cl)cc1C(=O)CCC1CCN(CC2CCCCCC2)CC1,False
RUCWXMRMXGLFKN-UHFFFAOYSA-N,2,6.92812,6.92812,0.0,6.92812,6.92812,0.0,0.0,COc1cc(N)c(Cl)cc1C(=O)CCC1CCN(CC2CCNCC2)CC1,False
HBJRTZJDKYEAKF-UHFFFAOYSA-N,1,6.65365,6.65365,,6.65365,6.65365,0.0,0.0,COc1cc(N)c(Cl)cc1C(=O)CCC1CCN(CCC2CCCCC2)CC1,False
FSZQXBYUVRKUIV-UHFFFAOYSA-N,1,6.49349,6.49349,,6.49349,6.49349,0.0,0.0,COc1cc(N)c(Cl)cc1C(=O)CCC1CCN(CC2CCCCC2C)CC1,False
LVVYCYIWSNRYGP-UHFFFAOYSA-N,1,8.07058,8.07058,,8.07058,8.07058,0.0,0.0,COc1cc(N)c(Cl)cc1C(=O)CCC1CCN(Cc2ccccc2)CC1,False
ITDACBKZDRJEOQ-UHFFFAOYSA-N,1,7.34679,7.34679,,7.34679,7.34679,0.0,0.0,COc1cc(N)c(Cl)cc1C(=O)CCC1CCN(Cc2cccnc2)CC1,False
UOGHQTLYJXGECW-UHFFFAOYSA-N,1,6.91721,6.91721,,6.91721,6.91721,0.0,0.0,COc1cc(N)c(Cl)cc1C(=O)CCC1CCN(Cc2ccncc2)CC1,False
AXHPQZJBCUOUAV-NJNXFGOHSA-N,1,7.61979,7.61979,,7.61979,7.61979,0.0,0.0,COc1cc(N)c(Cl)cc1/C(CCC1CCN(CC2CCCCC2)CC1)=N/O,False
CSNVRKSBTKHYQD-UHFFFAOYSA-N,1,5.98716,5.98716,,5.98716,5.98716,0.0,0.0,COc1cc(N)c(Cl)cc1C(O)CCC1CCN(CC2CCCCC2)CC1,False
FQTXEUSQQPBRJW-UHFFFAOYSA-N,1,5.56543,5.56543,,5.56543,5.56543,0.0,0.0,COc1cc(N)c(Cl)cc1C(=O)OCC1CCN(CC2CCCCC2)CC1,False
MKJSJENRIWYKKT-PKNBQFBNSA-N,1,6.56864,6.56864,,6.56864,6.56864,0.0,0.0,Nc1oc2ccccc2c(=O)c1/C=C1\COc2ccccc2C1=O,False
ZIWHGGCFHGETOI-UHFFFAOYSA-N,1,6.69465,6.69465,,6.69465,6.69465,0.0,0.0,O=C1c2ccccc2C(=O)N1CCCCCNCc1ccccc1,False
OVSULVUWCMANAO-UHFFFAOYSA-N,1,5.67675,5.67675,,5.67675,5.67675,0.0,0.0,O=C1c2ccccc2C(=O)N1CCCCCCNCc1ccccc1,False
AFZKLKOFXUIXAC-UHFFFAOYSA-N,1,6.51856,6.51856,,6.51856,6.51856,0.0,0.0,O=C1c2ccccc2C(=O)N1CCCCCCCNCc1ccccc1,False
CBPLVCKGKVDMPI-UHFFFAOYSA-N,1,6.30452,6.30452,,6.30452,6.30452,0.0,0.0,O=C1c2ccccc2C(=O)N1CCCCCCCCNCc1ccccc1,False
VUMWKZRTOJCTDT-UHFFFAOYSA-N,1,6.77469,6.77469,,6.77469,6.77469,0.0,0.0,O=C1c2ccccc2C(=O)N1CCCCCNCc1ccccc1F,False
LQWYGHACJQGBFQ-UHFFFAOYSA-N,1,6.02641,6.02641,,6.02641,6.02641,0.0,0.0,O=C1c2ccccc2C(=O)N1CCCCCCNCc1ccccc1F,False
ABMUIKNLWXQBLZ-UHFFFAOYSA-N,1,6.4828,6.4828,,6.4828,6.4828,0.0,0.0,O=C1c2ccccc2C(=O)N1CCCCCCCNCc1ccccc1F,False
XKDPNCLQBQTTEN-UHFFFAOYSA-N,1,6.2636,6.2636,,6.2636,6.2636,0.0,0.0,O=C1c2ccccc2C(=O)N1CCCCCCCCNCc1ccccc1F,False
HXEPFYKTZGQERY-UHFFFAOYSA-N,1,6.57187,6.57187,,6.57187,6.57187,0.0,0.0,O=C1c2ccccc2C(=O)N1CCCCCNCc1ccc(F)cc1,False
KSCFZHJXBZDDOT-UHFFFAOYSA-N,1,5.49935,5.49935,,5.49935,5.49935,0.0,0.0,O=C1c2ccccc2C(=O)N1CCCCCCNCc1ccc(F)cc1,False
UCDNIEFZLVXXCD-UHFFFAOYSA-N,1,6.35952,6.35952,,6.35952,6.35952,0.0,0.0,O=C1c2ccccc2C(=O)N1CCCCCCCNCc1ccc(F)cc1,False
LMFZZLKPWAMHLC-UHFFFAOYSA-N,1,6.58838,6.58838,,6.58838,6.58838,0.0,0.0,O=C1c2ccccc2C(=O)N1CCCCCNCc1ccc(F)cc1F,False
RAMACCWHONZEEF-UHFFFAOYSA-N,1,5.79697,5.79697,,5.79697,5.79697,0.0,0.0,O=C1c2ccccc2C(=O)N1CCCCCCNCc1ccc(F)cc1F,False
VCMCOZQOXDBOJF-UHFFFAOYSA-N,1,6.41908,6.41908,,6.41908,6.41908,0.0,0.0,O=C1c2ccccc2C(=O)N1CCCCCCCNCc1ccc(F)cc1F,False
ZCXKNMJBIIVQIS-UHFFFAOYSA-N,1,6.23807,6.23807,,6.23807,6.23807,0.0,0.0,O=C1c2ccccc2C(=O)N1CCCCCCCCNCc1ccc(F)cc1F,False
KTSMPOOZTUCYQH-UHFFFAOYSA-N,1,6.79588,6.79588,,6.79588,6.79588,0.0,0.0,O=C1c2ccccc2C(=O)N1CCCCCNCc1cccc(Cl)c1,False
JZLIAEXQDTVQDQ-UHFFFAOYSA-N,1,5.69724,5.69724,,5.69724,5.69724,0.0,0.0,O=C1c2ccccc2C(=O)N1CCCCCCNCc1cccc(Cl)c1,False
FGKIQUDSHAMYKF-UHFFFAOYSA-N,1,6.18642,6.18642,,6.18642,6.18642,0.0,0.0,O=C1c2ccccc2C(=O)N1CCCCCCCNCc1cccc(Cl)c1,False
XMMRXYIBDPVENS-UHFFFAOYSA-N,1,6.16368,6.16368,,6.16368,6.16368,0.0,0.0,O=C1c2ccccc2C(=O)N1CCCCCCCCNCc1cccc(Cl)c1,False
QXXGDBDNPIPTRF-UHFFFAOYSA-N,1,7.7929,7.7929,,7.7929,7.7929,0.0,0.0,Cc1c(C)c2ccc(OCCN3CCN(CCCNc4c5c(nc6ccccc46)CCCC5)CC3)cc2oc1=O,False
GDFJHAWHVPWSSH-UHFFFAOYSA-N,1,7.61314,7.61314,,7.61314,7.61314,0.0,0.0,Cc1c(Cl)c(=O)oc2cc(OCCN3CCN(CCCNc4c5c(nc6ccccc46)CCCC5)CC3)ccc12,False
LHGFBGVOLWJYNC-UHFFFAOYSA-N,1,6.69897,6.69897,,6.69897,6.69897,0.0,0.0,CCN(CCCOc1ccc(-c2cc(=O)c3c(OC)c(OC)c(OC)cc3o2)cc1)Cc1ccccc1OC,False
OJHNAGYEVNHLIC-UHFFFAOYSA-N,1,6.02228,6.02228,,6.02228,6.02228,0.0,0.0,COc1cc2oc(-c3ccc(OCCCCN(C)Cc4ccccc4)cc3)cc(=O)c2c(OC)c1OC,False
LBEVTNNIHCJLJV-UHFFFAOYSA-N,1,5.86646,5.86646,,5.86646,5.86646,0.0,0.0,CCN(CCCCOc1ccc(-c2cc(=O)c3c(OC)c(OC)c(OC)cc3o2)cc1)Cc1ccccc1,False
DJLLGHHQTWRGFO-UHFFFAOYSA-N,1,6.30103,6.30103,,6.30103,6.30103,0.0,0.0,COc1ccccc1CN(C)CCCCOc1ccc(-c2cc(=O)c3c(OC)c(OC)c(OC)cc3o2)cc1,False
UZWFCPNNTSFTBG-UHFFFAOYSA-N,1,7.09691,7.09691,,7.09691,7.09691,0.0,0.0,CCN(CCCCOc1ccc(-c2cc(=O)c3c(OC)c(OC)c(OC)cc3o2)cc1)Cc1ccccc1OC,False
BAAFVMSZJXOGGZ-UHFFFAOYSA-N,1,6.36653,6.36653,,6.36653,6.36653,0.0,0.0,CCN(CCCCCCOc1ccc(-c2cc(=O)c3c(OC)c(OC)c(OC)cc3o2)cc1)Cc1ccccc1OC,False
TUCZTPCHFSWZTK-UHFFFAOYSA-N,1,6.04576,6.04576,,6.04576,6.04576,0.0,0.0,CCN(CCCOc1ccc(-c2cc(=O)c3c(O)c(OC)c(OC)cc3o2)cc1)Cc1ccccc1OC,False
QBYCNPOCPXMJCE-UHFFFAOYSA-N,1,6.60206,6.60206,,6.60206,6.60206,0.0,0.0,CCN(CCCCOc1ccc(-c2cc(=O)c3c(O)c(OC)c(OC)cc3o2)cc1)Cc1ccccc1OC,False
WXZMHKXBHLIMJU-UHFFFAOYSA-N,1,5.69897,5.69897,,5.69897,5.69897,0.0,0.0,CCN(CCCCCCOc1ccc(-c2cc(=O)c3c(O)c(OC)c(OC)cc3o2)cc1)Cc1ccccc1OC,False
PVRJSOWSQUNARV-UHFFFAOYSA-N,1,7.74473,7.74473,,7.74473,7.74473,0.0,0.0,CN1CCN(c2ccc(-c3cnc4[nH]c5cnc(C#N)cc5c4c3)cc2)CC1,False
DKBADOYJGAGSRI-UHFFFAOYSA-N,1,5.32148,5.32148,,5.32148,5.32148,0.0,0.0,CN1CCN(c2cccc(-c3cnc4[nH]c5cnc(C#N)cc5c4c3)c2)CC1,False
PPYHOOZGDDPLKM-UHFFFAOYSA-N,1,6.47756,6.47756,,6.47756,6.47756,0.0,0.0,N#Cc1cc2c(cn1)[nH]c1ncc(-c3ccc(CN4CCCCC4)cc3)cc12,False
JUFWFSABMFTGBO-CALCHBBNSA-N,1,6.86967,6.86967,,6.86967,6.86967,0.0,0.0,C[C@@H]1CCC[C@H](C)N1Cc1ccc(-c2cnc3[nH]c4cnc(C#N)cc4c3c2)cc1,False
WWFGJJXAAWQFJQ-CALCHBBNSA-N,1,5.38722,5.38722,,5.38722,5.38722,0.0,0.0,C[C@@H]1C[C@H](C)CN(Cc2ccc(-c3cnc4[nH]c5cnc(C#N)cc5c4c3)cc2)C1,False
KOGFSINKMHAXKX-UHFFFAOYSA-N,1,5.47756,5.47756,,5.47756,5.47756,0.0,0.0,CC1(C)CCCN(Cc2ccc(-c3cnc4[nH]c5cnc(C#N)cc5c4c3)cc2)C1,False
ULFLYJAOFSSHLR-UHFFFAOYSA-N,1,7.95861,7.95861,,7.95861,7.95861,0.0,0.0,CC1(C)CCN(Cc2ccc(-c3cnc4[nH]c5cnc(C#N)cc5c4c3)cc2)CC1,False
SQRYUJGAQGHMFN-UHFFFAOYSA-N,1,6.29499,6.29499,,6.29499,6.29499,0.0,0.0,CC(C)(c1ccc(-c2cnc3[nH]c4cnc(C#N)cc4c3c2)cc1)N1CCCCC1,False
LSYSMDIKAFQRRE-UHFFFAOYSA-N,1,6.42251,6.42251,,6.42251,6.42251,0.0,0.0,N#Cc1cc2c(cn1)[nH]c1ncc(-c3ccc(CN4CCC(O)CC4)cc3)cc12,False
IXIKZBWGIPPSBJ-LJQANCHMSA-N,1,6.14997,6.14997,,6.14997,6.14997,0.0,0.0,N#Cc1cc2c(cn1)[nH]c1ncc(-c3ccc(CN4CCC[C@@H](O)C4)cc3)cc12,False
TUYLVERIWIAINX-UHFFFAOYSA-N,1,6.05061,6.05061,,6.05061,6.05061,0.0,0.0,N#Cc1cc2c(cn1)[nH]c1ncc(-c3ccc(CN4CCC(F)CC4)cc3)cc12,False
JSXCSUSMRGBMGM-UHFFFAOYSA-N,1,5.57025,5.57025,,5.57025,5.57025,0.0,0.0,N#Cc1cc2c(cn1)[nH]c1ncc(-c3ccc(CN4CCC(C#N)CC4)cc3)cc12,False
SDQRYPMSEJDQLP-UHFFFAOYSA-N,1,4.87615,4.87615,,4.87615,4.87615,0.0,0.0,N#Cc1cc2c(cn1)[nH]c1ncc(-c3ccc(CN4CCOCC4)cc3)cc12,False
RWFYAMVEFZZVDS-UHFFFAOYSA-N,1,5.61618,5.61618,,5.61618,5.61618,0.0,0.0,N#Cc1cc2c(cn1)[nH]c1ncc(-c3ccc(CN4CCC5(CC4)COC5)cc3)cc12,False
BOIVMJXJOVNQQN-UHFFFAOYSA-N,1,6.72816,6.72816,,6.72816,6.72816,0.0,0.0,N#Cc1cc2c(cn1)[nH]c1ncc(-c3ccc(CN4CCCCC4)nc3)cc12,False
MBPIPVLDYQCJKR-UHFFFAOYSA-N,1,7.74473,7.74473,,7.74473,7.74473,0.0,0.0,N#Cc1cc2c(cn1)[nH]c1ncc(-c3nc(CN4CCCCC4)cs3)cc12,False
XWNUTLMQEJHZAD-UHFFFAOYSA-N,1,6.79588,6.79588,,6.79588,6.79588,0.0,0.0,CCN1CCc2cc(-c3cnc4[nH]c5cnc(C#N)cc5c4c3)ccc2C1,False
GCSYCHSHITWPIH-UHFFFAOYSA-N,1,6.5867,6.5867,,6.5867,6.5867,0.0,0.0,CCN1CCc2sc(-c3cnc4[nH]c5cnc(C#N)cc5c4c3)cc2C1,False
CJNHSOPFLMXKDT-UHFFFAOYSA-N,1,6.66354,6.66354,,6.66354,6.66354,0.0,0.0,NC(=O)c1cc2c(cn1)[nH]c1ncc(-c3ccc(CN4CCCCC4)cc3)cc12,False
HFRNGSUSVIONOS-UHFFFAOYSA-N,1,6.4908,6.4908,,6.4908,6.4908,0.0,0.0,c1ncc(-c2cc3c(cn2)[nH]c2ncc(-c4ccc(CN5CCCCC5)cc4)cc23)o1,False
FQUTYOZUGJMHGR-UHFFFAOYSA-N,1,6.30452,6.30452,,6.30452,6.30452,0.0,0.0,c1ncc(-c2cc3c(cn2)[nH]c2ncc(-c4ccc(CN5CCCCC5)cc4)cc23)s1,False
HKQUHJFCVOBXLG-UHFFFAOYSA-N,1,6.34679,6.34679,,6.34679,6.34679,0.0,0.0,c1nnc(-c2cc3c(cn2)[nH]c2ncc(-c4ccc(CN5CCCCC5)cc4)cc23)o1,False
OLGDXFNGTFBOPC-UHFFFAOYSA-N,1,6.18111,6.18111,,6.18111,6.18111,0.0,0.0,c1cc(-c2cnc3[nH]c4cnc(-c5cnoc5)cc4c3c2)ccc1CN1CCCCC1,False
PAGGEPNXUBSPSP-UHFFFAOYSA-N,1,6.05849,6.05849,,6.05849,6.05849,0.0,0.0,Cn1cc(-c2cc3c(cn2)[nH]c2ncc(-c4ccc(CN5CCCCC5)cc4)cc23)cn1,False
MJGVCCPVNPTNCM-UHFFFAOYSA-N,1,6.30715,6.30715,,6.30715,6.30715,0.0,0.0,c1cncc(-c2cc3c(cn2)[nH]c2ncc(-c4ccc(CN5CCCCC5)cc4)cc23)c1,False
IANXMZMJBKUVLQ-UHFFFAOYSA-N,1,6.10958,6.10958,,6.10958,6.10958,0.0,0.0,c1cc(-c2cc3c(cn2)[nH]c2ncc(-c4ccc(CN5CCCCC5)cc4)cc23)ccn1,False
GXRLPTHGYBPIDP-UHFFFAOYSA-N,1,5.91614,5.91614,,5.91614,5.91614,0.0,0.0,c1cnc(-c2cc3c(cn2)[nH]c2ncc(-c4ccc(CN5CCCCC5)cc4)cc23)cn1,False
OIMVBDJSADQAOA-UHFFFAOYSA-N,1,5.98422,5.98422,,5.98422,5.98422,0.0,0.0,c1cc(-c2cc3c(cn2)[nH]c2ncc(-c4ccc(CN5CCCCC5)cc4)cc23)cnn1,False
CJPWVSWHUPXWHU-UHFFFAOYSA-N,1,6.57512,6.57512,,6.57512,6.57512,0.0,0.0,c1ncc(-c2cc3c(cn2)[nH]c2ncc(-c4ccc(CN5CCCCC5)cc4)cc23)cn1,False
QFDCMSGQKRHGOR-XVUQMAPESA-N,1,5.00877,5.00877,,5.00877,5.00877,0.0,0.0,C/C(=C\C[C@]12C[C@H]3C[C@@H]4C(C)(C)CC[C@@]4(C1=O)C(=O)[C@](C(=O)c1ccccc1)(C2=O)C3(C)C)CC/C=C/C(C)C,False
XSDRHNKEHDLYOV-WBUGVDGJSA-N,1,4.5784,4.5784,,4.5784,4.5784,0.0,0.0,CC(C)=CC[C@]12C[C@@H]3[C@@H]4[C@@H](O)C(C)(C)[C@@H](C(C)C)CC4(C1=O)C(=O)[C@](C(=O)c1ccccc1)(C2=O)C3(C)C,False
NCFPHBHTPSXYFH-DKGMKSHISA-N,1,4.59517,4.59517,,4.59517,4.59517,0.0,0.0,C=C(C)[C@H]1CC[C@@](C)(O)[C@@H](C2=C(O)C(CC=C(C)C)(CC=C(C)C)C(=O)C(C(=O)C(C)C)=C2O)C1,False
ZZLKTEYLJWEXBS-DPAIRFDSSA-N,1,4.42946,4.42946,,4.42946,4.42946,0.0,0.0,CCC(C)C(=O)[C@]12C(=O)[C@]3(CC=C(C)C)C[C@H](CC=C(C)C)[C@@]1(C)CC[C@@H](C(C)(C)O)OC2=C(CC=C(C)C)C3=O,False
QKWIPFQYVMSHKA-UHFFFAOYSA-N,1,6.72125,6.72125,,6.72125,6.72125,0.0,0.0,Cc1ccc2[nH]c3c(c2c1)CN(CCCCCCN1CCc2[nH]c4ccc(C)cc4c2C1)CC3,False
ZMZBWNJJOIXGAL-UHFFFAOYSA-N,1,6.16115,6.16115,,6.16115,6.16115,0.0,0.0,Cc1ccc2[nH]c3c(c2c1)CN(CCCCCCCN1CCc2[nH]c4ccc(C)cc4c2C1)CC3,False
HMYXFGCACVUUCG-UHFFFAOYSA-N,1,6.0,6.0,,6.0,6.0,0.0,0.0,Cc1c(C)c2ccc(OCCCN(C)Cc3ccccc3)cc2oc1=O,False
RNIDTYKTGPWKIQ-UHFFFAOYSA-N,1,6.10237,6.10237,,6.10237,6.10237,0.0,0.0,Cc1c(C)c2ccc(OCCCCN(C)Cc3ccccc3)cc2oc1=O,False
RRFSDOVSDCRXPJ-UHFFFAOYSA-N,1,6.52288,6.52288,,6.52288,6.52288,0.0,0.0,Cc1c(C)c2ccc(OCCCCCNCc3ccccc3)cc2oc1=O,False
QGRBYVLSFDOHSR-UHFFFAOYSA-N,1,6.46852,6.46852,,6.46852,6.46852,0.0,0.0,Cc1c(C)c2ccc(OCCCCCCN(C)Cc3ccccc3)cc2oc1=O,False
GAUIJIDPRCXNSO-UHFFFAOYSA-N,1,6.35655,6.35655,,6.35655,6.35655,0.0,0.0,CCN(CCCCCCOc1ccc2c(C)c(C)c(=O)oc2c1)Cc1ccccc1,False
XOSFOGCCJRNZJO-UHFFFAOYSA-N,1,6.02228,6.02228,,6.02228,6.02228,0.0,0.0,CN(Cc1ccccc1)Cc1ccc(COc2ccc3ccc(=O)oc3c2)cc1,False
JPFNCVVRUHCNQD-UHFFFAOYSA-N,1,6.30103,6.30103,,6.30103,6.30103,0.0,0.0,Cc1cc2ccc(OCc3ccc(CN(C)Cc4ccccc4)cc3)cc2oc1=O,False
AJZDLFNDVKQVQQ-UHFFFAOYSA-N,1,6.04096,6.04096,,6.04096,6.04096,0.0,0.0,Cc1cc(=O)oc2cc(OCc3ccc(CN(C)Cc4ccccc4)cc3)ccc12,False
GUHZCGGDBZLQMV-UHFFFAOYSA-N,1,6.34679,6.34679,,6.34679,6.34679,0.0,0.0,Cc1c(C)c2ccc(OCc3ccc(CN(C)Cc4ccccc4)cc3)cc2oc1=O,False
LIDNNYGFJAQHNA-UHFFFAOYSA-N,1,6.0,6.0,,6.0,6.0,0.0,0.0,Cc1cc(=O)oc2cc(OCc3ccc(CN(C)Cc4cccc(Cl)c4)cc3)ccc12,False
FEIPXUMDFMNVDT-UHFFFAOYSA-N,1,5.22185,5.22185,,5.22185,5.22185,0.0,0.0,CN(Cc1ccc(C#N)cc1)Cc1ccc(COc2ccc3ccc(=O)oc3c2)cc1,False
NZRYFIHNIMWLPT-UHFFFAOYSA-N,1,5.07058,5.07058,,5.07058,5.07058,0.0,0.0,Cc1cc(=O)oc2cc(OCc3ccc(CN(C)Cc4ccc(C#N)cc4)cc3)ccc12,False
NMWXKURCQUCURF-UHFFFAOYSA-N,1,5.40894,5.40894,,5.40894,5.40894,0.0,0.0,Cc1c(C)c2ccc(OCc3ccc(CN(C)Cc4ccc(C#N)cc4)cc3)cc2oc1=O,False
RTJRBYKZQSYWCM-UHFFFAOYSA-N,2,6.92082,6.92082,0.0,6.92082,6.92082,0.0,0.0,CN(Cc1ccccc1)Cc1ccc(COc2ccc3c(CO)cc(=O)oc3c2)cc1,False
KOZYQJMZXSBJNF-UHFFFAOYSA-N,1,6.48149,6.48149,,6.48149,6.48149,0.0,0.0,CN(Cc1ccc(COc2ccc3c(CO)cc(=O)oc3c2)cc1)Cc1cccc(Cl)c1,False
NEDWFNNKVTXYON-UHFFFAOYSA-N,1,5.82391,5.82391,,5.82391,5.82391,0.0,0.0,CN(Cc1ccccc1)Cc1ccc(COc2ccc3ccc(=O)[nH]c3c2)cc1,False
BCAMKAQICOLQNL-BUSOGWCSSA-N,1,4.52288,4.52288,,4.52288,4.52288,0.0,0.0,C[C@@]12CC[C@@H]3[C@](C)(CC[C@H](OC(=O)/C=C/c4ccc(O)cc4)[C@]3(C)C(=O)O)[C@H]1CC[C@H]1C(=CC[C@@H]3[C@]1(C)CC[C@@H](O)[C@]3(C)CO)C2,False
JQBGFIQMRGZVTJ-IMAUSQTQSA-N,1,4.97184,4.97184,,4.97184,4.97184,0.0,0.0,CC1(C)C(=O)CC[C@@]2(C)[C@H]1CC[C@@]1(C)CC3=CC(=O)[C@H]4C(C)(C)[C@H](O)CC[C@]4(C)[C@H]3CC[C@@H]12,False
NBJOSEVZMRGBSS-WNRWCFFQSA-N,1,5.00087,5.00087,,5.00087,5.00087,0.0,0.0,COc1ccc(C(=O)O[C@H]2CC[C@@]3(C)[C@@H](CC[C@@]4(C)C[C@@]5(O)[C@H](CC[C@@H]43)[C@@]3(C)CC[C@@H](O)C(C)(C)[C@@H]3C[C@@H]5O)[C@@]2(C)C(=O)O)cc1O,False
XCPGTDNRNMDRGQ-HYOWRBRKSA-N,1,6.04096,6.04096,,6.04096,6.04096,0.0,0.0,CC(=O)O[C@H]1CC[C@@]2(C)[C@@H](CC[C@@]3(C)C[C@@]4(O)CC[C@H]5C(C)(C)[C@@H](OC(C)=O)CC[C@]5(C)[C@H]4CC[C@@H]32)C1(C)C,False
ZBQYGDWMJWSCCD-JIJPZTSSSA-N,1,5.77211,5.77211,,5.77211,5.77211,0.0,0.0,C[C@@]12CC[C@@H]3[C@](C)(CC[C@H](OC(=O)CCc4ccc(O)cc4)[C@]3(C)C(=O)O)[C@H]1CC[C@H]1C(=CC[C@@H]3[C@]1(C)CC[C@@H](O)[C@]3(C)CO)C2,False
FMUNNDDBCLRMSL-AFFCZCIESA-N,1,4.52288,4.52288,,4.52288,4.52288,0.0,0.0,CC1(C)[C@H](O)CC[C@@]2(C)[C@H]1CC[C@@]1(C)CC3=CC[C@H]4C(C)(C)[C@@H](O)CC[C@]4(C)[C@H]3CC[C@@H]12,False
BATRMLNFDUPFQV-MTFRJUANSA-N,1,4.52288,4.52288,,4.52288,4.52288,0.0,0.0,C[C@@]12CC[C@@H]3[C@](C)(CC[C@H](O)[C@]3(C)C(=O)O)[C@H]1CC[C@H]1C(=CC(=O)[C@@H]3[C@]1(C)CC[C@@H](O)[C@]3(C)CO)C2,False
FMUNNDDBCLRMSL-BMWRSPAGSA-N,1,4.52288,4.52288,,4.52288,4.52288,0.0,0.0,CC1(C)[C@H](O)CC[C@@]2(C)[C@H]1CC[C@@]1(C)CC3=CC[C@H]4C(C)(C)[C@H](O)CC[C@]4(C)[C@H]3CC[C@@H]12,False
WWVFRAVFOHSRSP-CKYRRACTSA-N,1,4.52288,4.52288,,4.52288,4.52288,0.0,0.0,COC(=O)[C@]1(C)[C@@H]2CC[C@@]3(C)CC4=CC(=O)[C@@H]5[C@](C)(CC[C@@H](O)[C@]5(C)CO)[C@H]4CC[C@@H]3[C@@]2(C)CC[C@@H]1O,False
DLEILUPSFMLCEI-OCSRNINYSA-N,1,4.52288,4.52288,,4.52288,4.52288,0.0,0.0,C[C@@]12CC[C@@H]3[C@](C)(CC[C@H](OC(=O)c4ccc(O)cc4)[C@]3(C)C(=O)O)[C@H]1CC[C@@H]1[C@@]3(C)CC[C@@H](O)[C@](C)(CO)[C@@H]3C[C@H](O)[C@@]1(O)C2,False
BLPHPSBSZGKMLY-WCHXXFKISA-N,1,4.52288,4.52288,,4.52288,4.52288,0.0,0.0,CC1(C)[C@@H](O)CC[C@@]2(C)[C@H]1CC[C@@]1(C)C[C@@]3(O)CC[C@H]4C(C)(C)[C@@H](O)CC[C@]4(C)[C@H]3CC[C@@H]12,False
PZUQEBIOBVCCSP-LPBYFKGCSA-N,1,4.52288,4.52288,,4.52288,4.52288,0.0,0.0,CC1(C)[C@H](O)CC[C@]2(C)[C@H]3CC[C@H]4[C@@](C)(CC[C@@H]5[C@]4(C)CC[C@@H](O)[C@]5(C)C(=O)O)CC3=CC(=O)[C@@H]12,False
LQLIXKNTFAWRFM-CXJQTXMHSA-N,1,6.65758,6.65758,,6.65758,6.65758,0.0,0.0,CCCC[C@@H](O)/C=C/C=C/C(=O)O,False
DYCJEZBPGBQOFM-UHFFFAOYSA-N,1,10.57106,10.57106,,10.57106,10.57106,0.0,0.0,COc1ccc(C(C)NS(=O)(=O)NC(=O)OCc2ccccc2)cc1OC,False
GIRLQTWFPQINCE-UHFFFAOYSA-N,1,10.57106,10.57106,,10.57106,10.57106,0.0,0.0,COc1ccc(C(C)NS(=O)(=O)NC(=O)OCc2ccccc2)cc1,False
NHOVAZHAWHJCSY-UHFFFAOYSA-N,1,10.57106,10.57106,,10.57106,10.57106,0.0,0.0,COc1ccccc1C(C)NS(=O)(=O)NC(=O)OCc1ccccc1,False
FCENVZQUPSLBLT-UHFFFAOYSA-N,1,10.57106,10.57106,,10.57106,10.57106,0.0,0.0,COc1ccc(OC)c(C(C)NS(=O)(=O)NC(=O)OCc2ccccc2)c1,False
DSRVEVDNVDPNPP-UHFFFAOYSA-N,1,10.57106,10.57106,,10.57106,10.57106,0.0,0.0,COc1cccc(OC)c1C(C)NS(=O)(=O)NC(=O)OCc1ccccc1,False
QJHWFMNMXCDMAQ-UHFFFAOYSA-N,1,10.57106,10.57106,,10.57106,10.57106,0.0,0.0,COc1ccccc1C(C)NS(N)(=O)=O,False
DTGVYWWRVPBJJU-UHFFFAOYSA-N,1,10.57106,10.57106,,10.57106,10.57106,0.0,0.0,COc1ccc(C(C)NS(N)(=O)=O)cc1,False
XRTLNGOFVMCPQN-UHFFFAOYSA-N,1,10.57106,10.57106,,10.57106,10.57106,0.0,0.0,COc1ccc(C(C)NS(N)(=O)=O)cc1OC,False
JRGRJSIDGMYVHG-UHFFFAOYSA-N,1,10.57106,10.57106,,10.57106,10.57106,0.0,0.0,COc1ccc(OC)c(C(C)NS(N)(=O)=O)c1,False
RBVJRDMAESBZSC-UHFFFAOYSA-N,1,10.57106,10.57106,,10.57106,10.57106,0.0,0.0,COc1cccc(OC)c1C(C)NS(N)(=O)=O,False
PNELRAOCEOQJMK-HXPUERGNSA-N,1,5.10624,5.10624,,5.10624,5.10624,0.0,0.0,CN(Cc1ccccc1)Cc1ccc(/C=C2\CCc3cc(OCCCCCN4CCN(Cc5ccc(F)cc5)CC4)ccc3C2=O)cc1,False
LFWRLICXQATICR-ACPRRRJJSA-N,1,4.20761,4.20761,,4.20761,4.20761,0.0,0.0,CN(Cc1ccccc1)Cc1ccc(/C=C2\Cc3ccc(OCCCCCN4CCC(c5ccccc5)CC4)cc3C2=O)cc1,False
VIHQGHFBJQEGJJ-IGYGKHONSA-N,1,5.53,5.53,,5.53,5.53,0.0,0.0,CCOC(=O)C1=C(Nc2ccccc2)C[C@@H](c2ccccc2)N(c2ccccc2)[C@@H]1c1ccccc1,False
VJWVYCGBFCLUBC-MFMCTBQISA-N,1,5.186,5.186,,5.186,5.186,0.0,0.0,COC(=O)C1=C(Nc2ccccc2)C[C@@H](c2ccccc2)N(c2ccccc2)[C@@H]1c1ccccc1,False
NXHUUWUYXXHDSP-XDFJSJKPSA-N,1,5.242,5.242,,5.242,5.242,0.0,0.0,COC(=O)C1=C(Nc2ccccc2)C[C@@H](c2ccc(C)cc2)N(c2ccccc2)[C@@H]1c1ccc(C)cc1,False
NBVXLYNBQKTYAQ-CQTOTRCISA-N,1,5.253,5.253,,5.253,5.253,0.0,0.0,CCOC(=O)C1=C(Nc2ccccc2)C[C@@H](c2ccc(C)cc2)N(c2ccccc2)[C@@H]1c1ccc(C)cc1,False
XEXQUOKGOOZPEB-UZNNEEJFSA-N,1,5.169,5.169,,5.169,5.169,0.0,0.0,COC(=O)C1=C(Nc2ccc(C)cc2)C[C@@H](c2ccc(C)cc2)N(c2ccc(C)cc2)[C@@H]1c1ccc(C)cc1,False
BKQAIFRKWCWTHE-XDFJSJKPSA-N,1,5.606,5.606,,5.606,5.606,0.0,0.0,COC(=O)C1=C(Nc2ccc(Br)cc2)C[C@@H](c2ccc(C)cc2)N(c2ccc(Br)cc2)[C@@H]1c1ccc(C)cc1,False
QRDCGTOOMUGVPA-XDFJSJKPSA-N,1,5.668,5.668,,5.668,5.668,0.0,0.0,COC(=O)C1=C(Nc2ccc(Cl)cc2)C[C@@H](c2ccc(C)cc2)N(c2ccc(Cl)cc2)[C@@H]1c1ccc(C)cc1,False
UNNOJENDCNIITC-UZNNEEJFSA-N,1,5.234,5.234,,5.234,5.234,0.0,0.0,COC(=O)C1=C(Nc2ccc(OC)cc2)C[C@@H](c2ccc(C)cc2)N(c2ccc(OC)cc2)[C@@H]1c1ccc(C)cc1,False
OGFMGNOQSFFHKP-QWOOXDRHSA-N,1,5.303,5.303,,5.303,5.303,0.0,0.0,CCOC(=O)C1=C(Nc2ccc(OC)cc2)C[C@@H](c2ccc(C)cc2)N(c2ccc(OC)cc2)[C@@H]1c1ccc(C)cc1,False
JKNRDZFBYLLNGC-CQTOTRCISA-N,1,5.648,5.648,,5.648,5.648,0.0,0.0,CCOC(=O)C1=C(Nc2ccc(OC)cc2)C[C@@H](c2ccccc2)N(c2ccc(OC)cc2)[C@@H]1c1ccccc1,False
YYTSRURMYPFAIZ-IGYGKHONSA-N,1,5.337,5.337,,5.337,5.337,0.0,0.0,CCOC(=O)C1=C(Nc2ccc(Cl)cc2)C[C@@H](c2ccccc2)N(c2ccc(Cl)cc2)[C@@H]1c1ccccc1,False
KOYOWUYGCUEITP-CQTOTRCISA-N,1,5.286,5.286,,5.286,5.286,0.0,0.0,CCOC(=O)C1=C(Nc2ccc(C)cc2)C[C@@H](c2ccccc2)N(c2ccc(C)cc2)[C@@H]1c1ccccc1,False
AHRBLFBAYDOJQR-MFMCTBQISA-N,1,4.82,4.82,,4.82,4.82,0.0,0.0,COC(=O)C1=C(Nc2ccc(F)cc2)C[C@@H](c2ccccc2)N(c2ccc(F)cc2)[C@@H]1c1ccccc1,False
VNIABXFLSKCNND-IGYGKHONSA-N,1,6.26,6.26,,6.26,6.26,0.0,0.0,CCOC(=O)C1=C(Nc2ccc(F)cc2)C[C@@H](c2ccc(Cl)cc2)N(c2ccc(F)cc2)[C@@H]1c1ccc(Cl)cc1,False
WLDRMSCXKLUZKZ-IGYGKHONSA-N,1,6.409,6.409,,6.409,6.409,0.0,0.0,CCOC(=O)C1=C(Nc2ccccc2)C[C@@H](c2ccc(F)cc2)N(c2ccccc2)[C@@H]1c1ccc(F)cc1,False
OYYNUOXEKAUSGR-MFMCTBQISA-N,1,5.495,5.495,,5.495,5.495,0.0,0.0,COC(=O)C1=C(Nc2ccc(F)cc2)C[C@@H](c2ccc(F)cc2)N(c2ccc(F)cc2)[C@@H]1c1ccc(F)cc1,False
NKNFICSDYLYWRK-MFMCTBQISA-N,1,6.149,6.149,,6.149,6.149,0.0,0.0,COC(=O)C1=C(Nc2ccc(Cl)cc2)C[C@@H](c2ccc(F)cc2)N(c2ccc(Cl)cc2)[C@@H]1c1ccc(F)cc1,False
NYVFGIAVIORZTJ-XDFJSJKPSA-N,1,5.554,5.554,,5.554,5.554,0.0,0.0,CC(C)(C)OC(=O)C1=C(Nc2ccccc2)C[C@@H](c2ccccc2)N(c2ccccc2)[C@@H]1c1ccccc1,False
NANGDLPJMIPVNK-MFMCTBQISA-N,1,6.056,6.056,,6.056,6.056,0.0,0.0,COC(=O)C1=C(Nc2ccccc2)C[C@@H](c2ccc(Cl)cc2)N(c2ccccc2)[C@@H]1c1ccc(Cl)cc1,False
YGFNKCHRZYXYFR-CQTOTRCISA-N,1,5.268,5.268,,5.268,5.268,0.0,0.0,CCOC(=O)C1=C(Nc2ccc(C)cc2)C[C@@H](c2ccc(Cl)cc2)N(c2ccc(C)cc2)[C@@H]1c1ccc(Cl)cc1,False
BKWIEBMTFUKWGR-MFMCTBQISA-N,1,6.056,6.056,,6.056,6.056,0.0,0.0,COC(=O)C1=C(Nc2ccc(Br)cc2)C[C@@H](c2ccc(Cl)cc2)N(c2ccc(Br)cc2)[C@@H]1c1ccc(Cl)cc1,False
OLHQFUFHPLFADP-XDFJSJKPSA-N,1,5.666,5.666,,5.666,5.666,0.0,0.0,COC(=O)C1=C(Nc2ccc(Br)cc2)C[C@@H](c2ccc(OC)cc2)N(c2ccc(Br)cc2)[C@@H]1c1ccc(OC)cc1,False
UXNRTEBKIODWKU-CQTOTRCISA-N,1,6.42,6.42,,6.42,6.42,0.0,0.0,CCOC(=O)C1=C(Nc2ccc(Cl)cc2)C[C@@H](c2ccc(OC)cc2)N(c2ccc(Cl)cc2)[C@@H]1c1ccc(OC)cc1,False
WHCYDQYHFUAGFI-XYFQYJLHSA-N,1,6.292,6.292,,6.292,6.292,0.0,0.0,COC(=O)C1=C(Nc2ccccc2)C[C@@H](c2ccc3c(c2)OCO3)N(c2ccccc2)[C@@H]1c1ccc2c(c1)OCO2,False
VBPYUDBSLYCEMA-UHFFFAOYSA-N,1,8.7167,8.7167,,8.7167,8.7167,0.0,0.0,CC1=CC2Cc3nc4cc(Cl)ccc4c(NCCCCCCCCCCCCNc4c5c(nc6ccccc46)CCCC5)c3C(C1)C2,False
GLKLHBYBAWHWTF-UHFFFAOYSA-N,1,8.46092,8.46092,,8.46092,8.46092,0.0,0.0,CC1=CC2Cc3nc4cc(Cl)ccc4c(NCCCCCCCCCCCCNc4c5c(nc6cc(Cl)ccc46)CCCC5)c3C(C1)C2,False
IZRQAXRTZHGAMX-UHFFFAOYSA-N,1,8.18977,8.18977,,8.18977,8.18977,0.0,0.0,CC1=CC2Cc3nc4ccccc4c(NCCCCCCCCCCNc4c5c(nc6ccccc46)CCCC5)c3C(C1)C2,False
CRKNHUIAVMQCOT-UHFFFAOYSA-N,1,7.99568,7.99568,,7.99568,7.99568,0.0,0.0,CC1=CC2Cc3nc4ccccc4c(NCCCCCCCCCCCCNc4c5c(nc6ccccc46)CCCC5)c3C(C1)C2,False
HJOZPGZWSXZPTB-UHFFFAOYSA-N,1,8.82974,8.82974,,8.82974,8.82974,0.0,0.0,CC1=CC2Cc3nc4ccccc4c(NCCCCCCCCCCNc4c5c(nc6cc(Cl)ccc46)CCCC5)c3C(C1)C2,False
PBJAAJDBUSKJEX-UHFFFAOYSA-N,1,8.43652,8.43652,,8.43652,8.43652,0.0,0.0,CC1=CC2Cc3nc4ccccc4c(NCCCCCCCCCCCCNc4c5c(nc6cc(Cl)ccc46)CCCC5)c3C(C1)C2,False
AFYLKUNLQWZPOJ-MHZLTWQESA-N,1,5.17328,5.17328,,5.17328,5.17328,0.0,0.0,CN(C)CCC[C@@]1(c2ccc(F)cc2)OCc2cc(-c3nnc(-c4ccc(Cl)cc4)[nH]3)ccc21,False
UODQXXGSEDHXMT-NDEPHWFRSA-N,1,5.02136,5.02136,,5.02136,5.02136,0.0,0.0,Cc1ccccc1-c1nnc(-c2ccc3c(c2)CO[C@@]3(CCCN(C)C)c2ccc(F)cc2)[nH]1,False
AYRWSXQHHKEJAX-UHFFFAOYSA-N,2,5.88246,5.88246,1.3650696410806302,4.91721,6.84771,0.9652500000000002,1.9305000000000003,CN(C)c1ccc(C(=O)NCCNc2c3c(nc4ccccc24)CCCC3)cc1,False
ZXJUUZJTUXQSKP-UHFFFAOYSA-N,1,7.72125,7.72125,,7.72125,7.72125,0.0,0.0,CN(C)c1ccc(C(=O)NCCCNc2c3c(nc4ccccc24)CCCC3)cc1,False
SCGXOMNFUQVBHO-UHFFFAOYSA-N,1,6.53018,6.53018,,6.53018,6.53018,0.0,0.0,CN(C)c1ccc(C(=O)NCCCCNc2c3c(nc4ccccc24)CCCC3)cc1,False
ZVCOASYDHWBGID-UHFFFAOYSA-N,1,6.44733,6.44733,,6.44733,6.44733,0.0,0.0,CN(C)c1ccc(C(=O)NCCCCCNc2c3c(nc4ccccc24)CCCC3)cc1,False
ZENOVZNHBUXHDC-UHFFFAOYSA-N,1,7.19382,7.19382,,7.19382,7.19382,0.0,0.0,CN(C)c1ccc(C(=O)NCCCCCCNc2c3c(nc4ccccc24)CCCC3)cc1,False
CUJOBVKOTOAWII-UHFFFAOYSA-N,1,7.12494,7.12494,,7.12494,7.12494,0.0,0.0,CN(C)c1ccc(C(=O)NCCCCCCCNc2c3c(nc4ccccc24)CCCC3)cc1,False
KPPXCNYBUBDEEX-UHFFFAOYSA-N,1,7.11351,7.11351,,7.11351,7.11351,0.0,0.0,CN(C)c1ccc(C(=O)NCCCCCCCCNc2c3c(nc4ccccc24)CCCC3)cc1,False
LWSFBXYLKVTYIM-UHFFFAOYSA-N,1,6.90309,6.90309,,6.90309,6.90309,0.0,0.0,CN(C)c1ccc(C(=O)NCCCCCCCCCNc2c3c(nc4ccccc24)CCCC3)cc1,False
DZSLVRSYGSLEGV-UHFFFAOYSA-N,1,5.39794,5.39794,,5.39794,5.39794,0.0,0.0,CC[N+]1(Cc2ccccc2[N+](=O)[O-])CCCCCn2c(C)c3c(=O)n(c2=O)CCCCC[N+](CC)(Cc2ccccc2[N+](=O)[O-])CCCCCn2c(C)c(c(=O)n(c2=O)CCCCC1)C3,False
BIQKMKLWZZWWMJ-UHFFFAOYSA-N,1,6.88606,6.88606,,6.88606,6.88606,0.0,0.0,CC[N+]1(Cc2ccccc2[N+](=O)[O-])CCCCCn2c(C)cc(=O)n(c2=O)CCCCC[N+](CC)(Cc2ccccc2[N+](=O)[O-])CCCCCn2c(=O)cc(C)n(c2=O)CCCCC1,False
HTSMDVRAOTZYSQ-UHFFFAOYSA-N,1,8.1549,8.1549,,8.1549,8.1549,0.0,0.0,CC[N+]1(Cc2ccccc2[N+](=O)[O-])CCCCCn2c(C)cc(=O)n(c2=O)CCCCC[N+](CC)(Cc2ccccc2[N+](=O)[O-])Cc2ccc(cc2)C1,False
XRMMDZSSROXOHT-UHFFFAOYSA-N,1,7.22915,7.22915,,7.22915,7.22915,0.0,0.0,CC[N+]1(Cc2ccccc2[N+](=O)[O-])CCCCCC[N+](CC)(Cc2ccccc2[N+](=O)[O-])CCCCCn2c(=O)cc(C)n(c2=O)CCCCC1,False
WLTAFWKKNBLBHO-UHFFFAOYSA-N,1,9.85387,9.85387,,9.85387,9.85387,0.0,0.0,CC[N+](CC)(CCCCCn1c(C)cc(=O)n(CCCCC[N+](CC)(CC)Cc2ccccc2[N+](=O)[O-])c1=O)Cc1ccccc1[N+](=O)[O-],False
OMWCMVDBFIANLH-UHFFFAOYSA-N,2,7.497035,7.497035,0.06162435598040813,7.45346,7.54061,0.04357500000000014,0.08715000000000028,CCC(CC)n1cc(C(=O)C(F)F)cn1,False
QYQDDTYKNXOHKG-UHFFFAOYSA-N,2,6.814075,6.814075,0.018010009716821596,6.80134,6.82681,0.012735000000000163,0.025470000000000326,CCCC(C)n1cc(C(=O)C(F)F)cn1,False
KIPNKBSUTXPLGR-UHFFFAOYSA-N,2,7.01231,7.01231,0.07594326829943532,6.95861,7.06601,0.05370000000000008,0.10740000000000016,CCC(C)n1cc(C(=O)C(F)F)cn1,False
FFMMFXZONQYESO-UHFFFAOYSA-N,2,6.078405,6.078405,0.02464267132435153,6.06098,6.09583,0.017425000000000246,0.03485000000000049,CC(C)n1cc(C(=O)C(F)F)cn1,False
ACIBUVSZJSBTER-UHFFFAOYSA-N,2,8.139610000000001,8.139610000000001,0.11119961240939642,8.06098,8.21824,0.07862999999999953,0.15725999999999907,CC(C)(C)c1cccc(C(=O)C(F)F)c1,False
OUPUWBKBRTXEIM-UHFFFAOYSA-N,2,6.19859,6.19859,0.04217184842996563,6.16877,6.22841,0.029819999999999958,0.059639999999999915,CC(C)Cn1cc(C(=O)C(F)(F)F)cn1,False
VSAZMHWIUAZWGB-UHFFFAOYSA-N,2,8.24898,8.24898,0.04952575895430555,8.21396,8.284,0.03502000000000027,0.07004000000000055,O=C(c1cnn(C2CCCC2)c1)C(F)(F)F,False
YYGHBQVPXHKCRO-UHFFFAOYSA-N,2,8.533815,8.533815,0.15578269496320735,8.42366,8.64397,0.11015499999999978,0.22030999999999956,CCC(CC)n1cc(C(=O)C(F)(F)F)cn1,False
QWJQWXDSWXGISZ-UHFFFAOYSA-N,2,8.11148,8.11148,0.04838024596878337,8.07727,8.14569,0.03420999999999985,0.0684199999999997,CCCC(C)n1cc(C(=O)C(F)(F)F)cn1,False
GIGJIIJGHXYZQW-UHFFFAOYSA-N,2,8.121324999999999,8.121324999999999,0.09584832418983609,8.05355,8.1891,0.06777500000000014,0.13555000000000028,CCC(C)n1cc(C(=O)C(F)(F)F)cn1,False
JAVDJDQEDRNTQR-UHFFFAOYSA-N,2,7.013954999999999,7.013954999999999,0.13681809109178455,6.91721,7.1107,0.09674499999999986,0.19348999999999972,CC(C)n1cc(C(=O)C(F)(F)F)cn1,False
XAZQUPBUJONHAF-UHFFFAOYSA-N,2,8.068340000000001,8.068340000000001,0.3290733538285956,7.83565,8.30103,0.23269000000000029,0.46538000000000057,CC(C)(C)c1cccc(C(=O)C(F)(F)F)c1,False
GAPOASFZXBWUGS-UHFFFAOYSA-N,2,6.78857,6.78857,0.34423372321723494,6.54516,7.03198,0.2434099999999999,0.4868199999999998,C[Si](C)(C)c1cccc(C(=O)C(F)(F)F)c1,False
OEBRKCOSUFCWJD-UHFFFAOYSA-N,2,5.91956,5.91956,0.4004628544571895,5.63639,6.20273,0.28317000000000014,0.5663400000000003,COP(=O)(OC)OC=C(Cl)Cl,False
ISRUGXGCCGIOQO-UHFFFAOYSA-N,2,5.93371,5.93371,0.4178152548675071,5.63827,6.22915,0.2954399999999997,0.5908799999999994,CNC(=O)Oc1ccccc1OC(C)C,False
MKFBTCMZCVVDQG-UHFFFAOYSA-N,2,4.758419999999999,4.758419999999999,0.019360583668887328,4.74473,4.77211,0.01368999999999998,0.02737999999999996,CCC(C)n1cc(C(=O)CF)cn1,False
FBYSAQUXVSAHSO-UHFFFAOYSA-N,2,5.0,5.0,0.0,5.0,5.0,0.0,0.0,CC(C)n1cc(C(=O)CF)cn1,False
GQBFKBBDGKNSLK-UHFFFAOYSA-N,2,6.191879999999999,6.191879999999999,0.06532252444601257,6.14569,6.23807,0.04618999999999973,0.09237999999999946,CC(C)(C)c1cccc(C(=O)CF)c1,False
SJSTZEWGUCLUTP-UHFFFAOYSA-N,2,4.984135,4.984135,0.03609780117957328,4.95861,5.00966,0.02552500000000002,0.05105000000000004,CC(C)Cn1cc(C(=O)C(F)F)cn1,False
LCJHAMFHXGMYLX-UHFFFAOYSA-N,2,6.6472750000000005,6.6472750000000005,0.049023713139663576,6.61261,6.68194,0.034664999999999946,0.06932999999999989,O=C(c1cnn(C2CCCC2)c1)C(F)F,False
ICORYXMUVRLABT-UHFFFAOYSA-N,2,5.0,5.0,0.0,5.0,5.0,0.0,0.0,CC(C)Cn1cc(C(=O)CF)cn1,False
IUCANLAVDXMGCM-UHFFFAOYSA-N,2,5.742395,5.742395,0.19846366027562778,5.60206,5.88273,0.14033499999999988,0.28066999999999975,O=C(CF)c1cnn(C2CCCC2)c1,False
NWHBKNONEOGQEO-UHFFFAOYSA-N,2,5.280685,5.280685,0.005861915216036885,5.27654,5.28483,0.004145000000000287,0.008290000000000575,CCC(CC)n1cc(C(=O)CF)cn1,False
GKQNVTASUWRGSK-UHFFFAOYSA-N,2,4.685335,4.685335,0.09779993890591088,4.61618,4.75449,0.06915499999999986,0.1383099999999997,CCCC(C)n1cc(C(=O)CF)cn1,False
XTCDWNYHQKTJNJ-UHFFFAOYSA-O,1,4.5157,4.5157,,4.5157,4.5157,0.0,0.0,O=C(NCCc1c[nH]c2ccccc12)c1ccc[n+](Cc2ccccc2)c1,False
WOKFBJFPZQBCAA-UHFFFAOYSA-O,1,4.54363,4.54363,,4.54363,4.54363,0.0,0.0,O=C(NCCc1c[nH]c2ccccc12)c1ccc[n+](Cc2ccccc2F)c1,False
POYGDFGWFNUJTP-UHFFFAOYSA-O,1,5.37675,5.37675,,5.37675,5.37675,0.0,0.0,O=C(NCCc1c[nH]c2ccccc12)c1cc[n+](Cc2ccccc2)cc1,False
QYWAWICPVJULDS-UHFFFAOYSA-O,1,5.49485,5.49485,,5.49485,5.49485,0.0,0.0,O=C(NCCc1c[nH]c2ccccc12)c1cc[n+](Cc2ccccc2F)cc1,False
MDLWLYHQPBQWFO-UHFFFAOYSA-O,1,5.40894,5.40894,,5.40894,5.40894,0.0,0.0,O=C(NCCc1c[nH]c2ccccc12)c1cc[n+](Cc2cccc(F)c2)cc1,False
ICUGREZPKCKXFF-UHFFFAOYSA-O,1,5.46852,5.46852,,5.46852,5.46852,0.0,0.0,O=C(NCCc1c[nH]c2ccccc12)c1cc[n+](Cc2ccc(F)cc2)cc1,False
SRZVTLOAZSAJRJ-UHFFFAOYSA-O,1,5.56864,5.56864,,5.56864,5.56864,0.0,0.0,Cc1cccc(C[n+]2ccc(C(=O)NCCc3c[nH]c4ccccc34)cc2)c1,False
YWXDWURUBMGRIF-UHFFFAOYSA-O,1,5.24413,5.24413,,5.24413,5.24413,0.0,0.0,Cc1ccc(C[n+]2ccc(C(=O)NCCc3c[nH]c4ccccc34)cc2)cc1,False
IYLPBXLMUQSHBX-UHFFFAOYSA-O,1,4.64016,4.64016,,4.64016,4.64016,0.0,0.0,N#Cc1ccc(C[n+]2ccc(C(=O)NCCc3c[nH]c4ccccc34)cc2)cc1,False
LUUAGTRYWAFYQI-UHFFFAOYSA-O,1,5.48149,5.48149,,5.48149,5.48149,0.0,0.0,COc1ccc2[nH]cc(CCNC(=O)c3cc[n+](Cc4ccccc4F)cc3)c2c1,False
WYPOTYDAEGSEFA-UHFFFAOYSA-O,1,5.42022,5.42022,,5.42022,5.42022,0.0,0.0,COc1ccc2[nH]cc(CCNC(=O)c3cc[n+](Cc4cccc(F)c4)cc3)c2c1,False
URBXWDLHACBZLA-UHFFFAOYSA-O,1,5.29243,5.29243,,5.29243,5.29243,0.0,0.0,COc1ccc2[nH]cc(CCNC(=O)c3cc[n+](Cc4ccc(F)cc4)cc3)c2c1,False
TWXCFTFNVPGKKH-UHFFFAOYSA-O,1,5.88606,5.88606,,5.88606,5.88606,0.0,0.0,COc1ccc2[nH]cc(CCNC(=O)c3cc[n+](Cc4ccc(OC(=O)N(C)C)cc4)cc3)c2c1,False
WRQXZMWDSMWNLN-RMKNXTFCSA-O,1,6.58503,6.58503,,6.58503,6.58503,0.0,0.0,COc1ccc2[nH]cc(CCNC(=O)/C=C/c3cc[n+](Cc4ccccc4F)cc3)c2c1,False
HZYMIOCWOBIPFO-VMPITWQZSA-O,1,6.95861,6.95861,,6.95861,6.95861,0.0,0.0,COc1ccc2[nH]cc(CCNC(=O)/C=C/c3cc[n+](Cc4cccc(F)c4)cc3)c2c1,False
MUDAHBDFKMPCDS-RUDMXATFSA-O,1,6.67778,6.67778,,6.67778,6.67778,0.0,0.0,COc1ccc2[nH]cc(CCNC(=O)/C=C/c3cc[n+](Cc4ccc(F)cc4)cc3)c2c1,False
CQFNFESVGNSYPU-UHFFFAOYSA-O,1,6.27572,6.27572,,6.27572,6.27572,0.0,0.0,COc1ccc2[nH]cc(CCNC(=O)CCc3cc[n+](Cc4ccccc4F)cc3)c2c1,False
WCJWNPHMFIVHJI-UHFFFAOYSA-O,1,6.35655,6.35655,,6.35655,6.35655,0.0,0.0,COc1ccc2[nH]cc(CCNC(=O)CCc3cc[n+](Cc4cccc(F)c4)cc3)c2c1,False
JVEWFCQGVVKAPN-UHFFFAOYSA-O,1,6.23657,6.23657,,6.23657,6.23657,0.0,0.0,COc1ccc2[nH]cc(CCNC(=O)CCc3cc[n+](Cc4ccc(F)cc4)cc3)c2c1,False
FTTNXWIFPFEOQT-JUDWXZBOSA-N,1,8.16749,8.16749,,8.16749,8.16749,0.0,0.0,COc1cc(-c2cc3c(c(=O)o2)C[C@]2(O)[C@@]4(C)C(=O)C=CC(C)(C)[C@]4(O)CC[C@@]2(C)O3)cc(OC)c1O,False
IEHWJHMZQDRWLL-SAQJKEKHSA-N,1,4.0,4.0,,4.0,4.0,0.0,0.0,COc1ccc(-c2cc3c(c(=O)o2)C[C@]2(O)[C@@]4(C)[C@@H](O)C[C@@H](OC(C)=O)C(C)(C)[C@]4(O)CC[C@@]2(C)O3)cc1,False
YKIBSZXLXSOWFC-HXABMTEBSA-N,1,4.0,4.0,,4.0,4.0,0.0,0.0,COc1ccc(-c2cc3c(c(=O)o2)C[C@@H]2[C@@]4(C)CCC(=O)C(C)(C)[C@@H]4CC[C@@]2(C)O3)cc1,False
ZAYVSCMOIFKFEU-KCXTWHPGSA-N,1,4.0,4.0,,4.0,4.0,0.0,0.0,COc1ccc(-c2cc3c(c(=O)o2)C[C@@H]2[C@@]4(C)CC[C@H](O)C(C)(C)[C@@H]4CC[C@@]2(C)O3)cc1,False
GECAUTUYQKKNPV-XIVUVDIESA-N,1,4.0,4.0,,4.0,4.0,0.0,0.0,COc1ccc(-c2cc3c(c(=O)o2)C[C@H]2[C@@](C)(CC[C@@]4(O)C(C)(C)[C@H](O)CC[C@]24C)O3)cc1,False
LHKWCVMCNOROFZ-MCPFUKIPSA-N,1,5.45593,5.45593,,5.45593,5.45593,0.0,0.0,COc1ccc(-c2cc3c(c(=O)o2)C[C@]2(O)[C@@]4(C)CC[C@@H](OC(C)=O)C(C)(C)[C@]4(O)CC[C@@]2(C)O3)cc1,False
XKDGQMPLQPRTCS-HHPVDLARSA-N,1,5.60206,5.60206,,5.60206,5.60206,0.0,0.0,COc1ccc(-c2cc3c(c(=O)o2)C[C@H]2[C@@](C)(CC[C@@]4(O)C(C)(C)C(=O)CC[C@]24C)O3)cc1,False
LVWDYJONVHLIIF-UHFFFAOYSA-N,1,5.36051,5.36051,,5.36051,5.36051,0.0,0.0,COc1ccc2nc3c(c(NCCNC(=O)C4(C)CCc5c(C)c(O)c(C)c(C)c5O4)c2c1)CCCC3,False
JMDGGQINMCLMOO-UHFFFAOYSA-N,1,5.81248,5.81248,,5.81248,5.81248,0.0,0.0,COc1ccc2nc3c(c(NCCCNC(=O)C4(C)CCc5c(C)c(O)c(C)c(C)c5O4)c2c1)CCCC3,False
MGRHULYUJRQSQW-UHFFFAOYSA-N,1,5.14206,5.14206,,5.14206,5.14206,0.0,0.0,COc1ccc2nc3c(c(NCCCCNC(=O)C4(C)CCc5c(C)c(O)c(C)c(C)c5O4)c2c1)CCCC3,False
UHRMTCOEBUUBLY-UHFFFAOYSA-N,1,4.87648,4.87648,,4.87648,4.87648,0.0,0.0,COc1ccc2nc3c(c(NCCCCCNC(=O)C4(C)CCc5c(C)c(O)c(C)c(C)c5O4)c2c1)CCCC3,False
VVKDAPKAJJSSNM-UHFFFAOYSA-N,1,5.1798,5.1798,,5.1798,5.1798,0.0,0.0,COc1ccc2nc3c(c(NCCCCCCNC(=O)C4(C)CCc5c(C)c(O)c(C)c(C)c5O4)c2c1)CCCC3,False
LVNDSHVRALPGHL-UHFFFAOYSA-N,1,5.17263,5.17263,,5.17263,5.17263,0.0,0.0,COc1ccc2nc3c(c(NCCCCCCCNC(=O)C4(C)CCc5c(C)c(O)c(C)c(C)c5O4)c2c1)CCCC3,False
CSLMOZNRVLKZJP-UHFFFAOYSA-N,1,5.45842,5.45842,,5.45842,5.45842,0.0,0.0,COc1ccc2nc3c(c(NCCCCCCCCNC(=O)C4(C)CCc5c(C)c(O)c(C)c(C)c5O4)c2c1)CCCC3,False
CYPPDOFLICANMU-UHFFFAOYSA-N,1,6.58503,6.58503,,6.58503,6.58503,0.0,0.0,Cc1c(C)c2c(c(C)c1O)CCC(C)(C(=O)NCCCNc1c3c(nc4ccccc14)CCCC3)O2,False
KSTZJULPHDWERN-UHFFFAOYSA-N,1,6.67778,6.67778,,6.67778,6.67778,0.0,0.0,Cc1c(C)c2c(c(C)c1O)CCC(C)(C(=O)NCCNc1c3c(nc4cc(Cl)ccc14)CCCC3)O2,False
UORVVOCXCLCVTI-UHFFFAOYSA-N,1,7.09691,7.09691,,7.09691,7.09691,0.0,0.0,Cc1c(C)c2c(c(C)c1O)CCC(C)(C(=O)NCCCNc1c3c(nc4cc(Cl)ccc14)CCCC3)O2,False
DUACEZNSYNKOQI-UHFFFAOYSA-N,1,6.82391,6.82391,,6.82391,6.82391,0.0,0.0,Cc1c(C)c2c(c(C)c1O)CCC(C)(C(=O)NCCCCNc1c3c(nc4cc(Cl)ccc14)CCCC3)O2,False
UGEBTJZBDCKUJD-UHFFFAOYSA-N,1,6.92082,6.92082,,6.92082,6.92082,0.0,0.0,Cc1c(C)c2c(c(C)c1O)CCC(C)(C(=O)NCCCCCNc1c3c(nc4cc(Cl)ccc14)CCCC3)O2,False
LQLZUORNIXSABC-UHFFFAOYSA-N,1,7.0,7.0,,7.0,7.0,0.0,0.0,Cc1c(C)c2c(c(C)c1O)CCC(C)(C(=O)NCCCCCCNc1c3c(nc4cc(Cl)ccc14)CCCC3)O2,False
CFKPVXGCGGKCOM-UHFFFAOYSA-N,1,7.09691,7.09691,,7.09691,7.09691,0.0,0.0,Cc1c(C)c2c(c(C)c1O)CCC(C)(C(=O)NCCCCCCCNc1c3c(nc4cc(Cl)ccc14)CCCC3)O2,False
MATYDNFWBAVIBC-UHFFFAOYSA-N,1,7.09691,7.09691,,7.09691,7.09691,0.0,0.0,Cc1c(C)c2c(c(C)c1O)CCC(C)(C(=O)NCCCCCCCCNc1c3c(nc4cc(Cl)ccc14)CCCC3)O2,False
JUBDOIQNUNJQNE-UHFFFAOYSA-N,1,8.1549,8.1549,,8.1549,8.1549,0.0,0.0,CC(=O)NCCc1c[nH]c2ccc(OC(=O)NCCCCCCCCCCCCNc3c4c(nc5ccc(Cl)cc35)CCCC4)cc12,False
JTODDVDFMYBPGG-UHFFFAOYSA-N,1,6.74865,6.74865,,6.74865,6.74865,0.0,0.0,CC(=O)NCCc1c[nH]c2ccc(OC(=O)NCCCCCCNc3c4c(nc5ccccc35)CCCC4)cc12,False
CPSSIDMPFSBMRO-UHFFFAOYSA-N,1,8.42022,8.42022,,8.42022,8.42022,0.0,0.0,CC(=O)NCCc1c[nH]c2ccc(OC(=O)NCCCCCCCCCCCCNc3c4c(nc5ccccc35)CCCC4)cc12,False
HMTBXSCYSXEFRI-UHFFFAOYSA-N,1,8.11351,8.11351,,8.11351,8.11351,0.0,0.0,CC(=O)NCCc1c[nH]c2ccc(OC(=O)NCCCCCCCNc3c4c(nc5cc(Cl)ccc35)CCCC4)cc12,False
JCZCGQLHQOCURC-QZCRLSDHSA-N,1,7.43403,7.43403,,7.43403,7.43403,0.0,0.0,CC(=O)O[C@@]12CCN(C(C)=O)[C@@H]1N(C(C)=O)c1ccc(OC(=O)NCCCCCCNc3c4c(nc5ccccc35)CCCC4)cc12,False
XVXDTYXMYWAMAF-UHFFFAOYSA-N,1,8.84466,8.84466,,8.84466,8.84466,0.0,0.0,CC(=O)NCCc1c[nH]c2ccc(OC(=O)NCCCCCCCCCCNc3c4c(nc5ccc(Cl)cc35)CCCC4)cc12,False
APIRGAOTKZFKAS-UHFFFAOYSA-N,1,6.42304,6.42304,,6.42304,6.42304,0.0,0.0,CC(=O)NCCc1c[nH]c2ccc(OC(=O)NCCCCNc3c4c(nc5ccccc35)CCCC4)cc12,False
HYWHYYQDFBRNJV-UHFFFAOYSA-N,1,8.3363,8.3363,,8.3363,8.3363,0.0,0.0,CC(=O)NCCc1c[nH]c2ccc(OC(=O)NCCCCCCCCNc3c4c(nc5ccccc35)CCCC4)cc12,False
WSXAJVAWKDKQHT-UHFFFAOYSA-N,1,5.95992,5.95992,,5.95992,5.95992,0.0,0.0,CC(=O)NCCc1c[nH]c2ccc(OC(=O)NCCNc3c4c(nc5ccccc35)CCCC4)cc12,False
AFGFYJJNRLVSLM-UHFFFAOYSA-N,1,6.56915,6.56915,,6.56915,6.56915,0.0,0.0,CC(=O)NCCc1c[nH]c2ccc(OC(=O)NCCCNc3c4c(nc5ccccc35)CCCC4)cc12,False
UTQFNPJLIOYJFL-UHFFFAOYSA-N,1,7.39924,7.39924,,7.39924,7.39924,0.0,0.0,CC(=O)NCCc1c[nH]c2ccc(OC(=O)NCCCCCCCNc3c4c(nc5ccc(Cl)cc35)CCCC4)cc12,False
KMMFIXOTKGBTSZ-UHFFFAOYSA-N,1,8.92812,8.92812,,8.92812,8.92812,0.0,0.0,CC(=O)NCCc1c[nH]c2ccc(OC(=O)NCCCCCCCCCCNc3c4c(nc5ccccc35)CCCC4)cc12,False
SPEKQSDIHIDYJX-UHFFFAOYSA-N,1,8.09151,8.09151,,8.09151,8.09151,0.0,0.0,CC(=O)NCCc1c[nH]c2ccc(OC(=O)NCCCCCCCCCCNc3c4c(nc5cc(Cl)ccc35)CCCC4)cc12,False
RISDMIZNEKTMBT-UHFFFAOYSA-N,1,7.69789,7.69789,,7.69789,7.69789,0.0,0.0,CC(=O)NCCc1c[nH]c2ccc(OC(=O)NCCNc3c4c(nc5cc(Cl)ccc35)CCCC4)cc12,False
MBBVMMONYFBGOE-UHFFFAOYSA-N,1,5.48405,5.48405,,5.48405,5.48405,0.0,0.0,CC(=O)NCCc1c[nH]c2ccc(OC(=O)NCCNc3c4c(nc5ccc(Cl)cc35)CCCC4)cc12,False
AKQSCHLJARNVMJ-UHFFFAOYSA-N,1,7.47147,7.47147,,7.47147,7.47147,0.0,0.0,CC(=O)NCCc1c[nH]c2ccc(OC(=O)NCCCCCCCNc3c4c(nc5ccccc35)CCCC4)cc12,False
DZVVTCMRQZXZRQ-UHFFFAOYSA-N,1,6.72946,6.72946,,6.72946,6.72946,0.0,0.0,CC(=O)NCCc1c[nH]c2ccc(OC(=O)NCCCCCNc3c4c(nc5ccccc35)CCCC4)cc12,False
FDPFEWCMKUTRHJ-UHFFFAOYSA-N,1,7.59176,7.59176,,7.59176,7.59176,0.0,0.0,CC(=O)NCCc1c[nH]c2ccc(OC(=O)NCCCCCCCCCCCCNc3c4c(nc5cc(Cl)ccc35)CCCC4)cc12,False
MSAIAIIQMNXQKI-UHFFFAOYSA-N,2,5.9850650000000005,5.9850650000000005,0.0029627774131715744,5.98297,5.98716,0.00209500000000018,0.00419000000000036,COC(=O)C1=C(C)OP(=O)(OC)OCC1,False
IEEPPPIAKVRUBJ-UHFFFAOYSA-N,2,5.221909999999999,5.221909999999999,0.010238906191581399,5.21467,5.22915,0.007239999999999913,0.014479999999999826,COP1(=O)OCCC(C(=O)OC(C)(C)C)=C(C)O1,False
DMRQXDIJZIESEH-UHFFFAOYSA-N,2,4.0,4.0,0.0,4.0,4.0,0.0,0.0,CCOP1(=O)OC(C)=C(C(=O)OC)CCC1(F)F,False
OMPKNKOTSKEQOH-UHFFFAOYSA-N,2,5.087775,5.087775,0.052559247045595926,5.05061,5.12494,0.03716499999999989,0.07432999999999979,CCOP1(=O)CCCC(C(=O)OC)=C(C)O1,False
JBANMOPKOHITOL-KWKYVRJSSA-N,1,5.52288,5.52288,,5.52288,5.52288,0.0,0.0,CO[P@]1(=O)CC[C@@H]2COC(=O)C2=C(C)O1,False
OMPQJMDGDAAXPE-WDDATRMLSA-N,1,7.45593,7.45593,,7.45593,7.45593,0.0,0.0,CO[P@]1(=O)OC[C@@H]2COC(=O)C2=C(C)O1,False
FQDRVQDEPDZKCL-UHFFFAOYSA-N,1,4.74473,4.74473,,4.74473,4.74473,0.0,0.0,CC(C)NCc1cccc2[nH]c3ccccc3c12,False
PLIFLXOUJPNJNC-UHFFFAOYSA-N,1,5.29243,5.29243,,5.29243,5.29243,0.0,0.0,CCNCc1cccc2[nH]c3cc(Cl)ccc3c12,False
CBEQHARBUNEXIY-WYMLVPIESA-N,1,4.65758,4.65758,,4.65758,4.65758,0.0,0.0,COc1cc(/C=C/C(=O)N(Cc2cccc3[nH]c4ccccc4c23)C(C)C)ccc1O,False
YVAXITGHSDJYIT-XYOKQWHBSA-N,1,5.16115,5.16115,,5.16115,5.16115,0.0,0.0,CCN(Cc1cccc2[nH]c3cc(Cl)ccc3c12)C(=O)/C=C/c1ccc(O)c(OC)c1,False
MEHQURSTTQCAQD-UHFFFAOYSA-N,1,4.14874,4.14874,,4.14874,4.14874,0.0,0.0,ICC1CN=C(Nc2ccccn2)S1,False
CYFOLXCIJLFBIO-UHFFFAOYSA-N,1,4.0,4.0,,4.0,4.0,0.0,0.0,Clc1ccc(CN(Cc2cccnc2)C2=NCC(CI)S2)cc1,False
VQIHHEHOGCEHDD-UHFFFAOYSA-N,1,4.0,4.0,,4.0,4.0,0.0,0.0,COc1ccc(CN(Cc2ccccc2)C2=NCC(CI)S2)cc1OC,False
WURBFLDFSFBTLW-UHFFFAOYSA-N,1,4.0,4.0,,4.0,4.0,0.0,0.0,O=C(C(=O)c1ccccc1)c1ccccc1,False
VXLRZAXUUZPXJL-UHFFFAOYSA-N,1,6.4908,6.4908,,6.4908,6.4908,0.0,0.0,O=C(NCCCCCCCNc1c2c(nc3ccccc13)CCCCC2)c1cc2ccccc2o1,False
QDAPDSXKSIWXRU-UHFFFAOYSA-N,1,6.00305,6.00305,,6.00305,6.00305,0.0,0.0,COc1cccc2cc(C(=O)NCCCCCCCNc3c4c(nc5ccccc35)CCC4)oc12,False
DVCKLXBGJWQNDS-UHFFFAOYSA-N,1,7.35458,7.35458,,7.35458,7.35458,0.0,0.0,COc1cccc2cc(C(=O)NCCCCCCCNc3c4c(nc5ccccc35)CCCC4)oc12,False
PDDLTJWNLVDOPM-UHFFFAOYSA-N,1,6.38091,6.38091,,6.38091,6.38091,0.0,0.0,COc1cccc2cc(C(=O)NCCCCCCCNc3c4c(nc5ccccc35)CCCCC4)oc12,False
BFCQNBAYDZOIHV-UHFFFAOYSA-N,1,7.3279,7.3279,,7.3279,7.3279,0.0,0.0,c1ccc2oc(CNCCCCCCNc3c4c(nc5ccccc35)CCC4)cc2c1,False
PSNSGINHHWVVMS-UHFFFAOYSA-N,1,7.19997,7.19997,,7.19997,7.19997,0.0,0.0,COc1cccc2cc(CNCCCCCCNc3c4c(nc5ccccc35)CCC4)oc12,False
CADLESQJTZFGIT-UHFFFAOYSA-N,1,7.81531,7.81531,,7.81531,7.81531,0.0,0.0,COc1cccc2cc(CNCCCCCCNc3c4c(nc5ccccc35)CCCC4)oc12,False
CPIMBZDXMLRJFA-UHFFFAOYSA-N,1,7.96658,7.96658,,7.96658,7.96658,0.0,0.0,c1ccc2oc(CNCCCCCCCNc3c4c(nc5ccccc35)CCC4)cc2c1,False
LJASCSHXLYLOCF-UHFFFAOYSA-N,1,9.0655,9.0655,,9.0655,9.0655,0.0,0.0,c1ccc2oc(CNCCCCCCCNc3c4c(nc5ccccc35)CCCC4)cc2c1,False
VHCQVFSYGHOPKW-UHFFFAOYSA-N,1,8.59176,8.59176,,8.59176,8.59176,0.0,0.0,COc1cccc2cc(CNCCCCCCCNc3c4c(nc5ccccc35)CCCCC4)oc12,False
BWWUAZJYGRIHDC-UHFFFAOYSA-N,1,5.68403,5.68403,,5.68403,5.68403,0.0,0.0,c1ccc2oc(CN(CCCCCCNc3c4c(nc5ccccc35)CCC4)Cc3cc4ccccc4o3)cc2c1,False
TYNDGSBNGKLNDC-UHFFFAOYSA-N,1,5.12523,5.12523,,5.12523,5.12523,0.0,0.0,COc1cccc2cc(CN(CCCCCCNc3c4c(nc5ccccc35)CCC4)Cc3cc4cccc(OC)c4o3)oc12,False
QSCSHQVZPPAOCR-UHFFFAOYSA-N,1,6.58503,6.58503,,6.58503,6.58503,0.0,0.0,COc1cccc2cc(CN(CCCCCCNc3c4c(nc5ccccc35)CCCC4)Cc3cc4cccc(OC)c4o3)oc12,False
LIIAZSOASJOPIC-UHFFFAOYSA-N,1,5.98464,5.98464,,5.98464,5.98464,0.0,0.0,COc1cccc2cc(CN(CCCCCCNc3c4c(nc5ccccc35)CCCCC4)Cc3cc4cccc(OC)c4o3)oc12,False
MJILJJIYWSPFOM-UHFFFAOYSA-N,1,6.65365,6.65365,,6.65365,6.65365,0.0,0.0,c1ccc2oc(CN(CCCCCCCNc3c4c(nc5ccccc35)CCC4)Cc3cc4ccccc4o3)cc2c1,False
TWJOHEVVRIJHJT-UHFFFAOYSA-N,1,6.93181,6.93181,,6.93181,6.93181,0.0,0.0,c1ccc2oc(CN(CCCCCCCNc3c4c(nc5ccccc35)CCCC4)Cc3cc4ccccc4o3)cc2c1,False
OSNBHPQSXCZVRH-UHFFFAOYSA-N,1,6.69897,6.69897,,6.69897,6.69897,0.0,0.0,c1ccc2oc(CN(CCCCCCCNc3c4c(nc5ccccc35)CCCCC4)Cc3cc4ccccc4o3)cc2c1,False
WAYXSSGTGMIORU-UHFFFAOYSA-N,1,6.70115,6.70115,,6.70115,6.70115,0.0,0.0,COc1cccc2cc(CN(CCCCCCCNc3c4c(nc5ccccc35)CCCCC4)Cc3cc4cccc(OC)c4o3)oc12,False
MXWGOVLVJYDLRV-UHFFFAOYSA-N,1,7.11407,7.11407,,7.11407,7.11407,0.0,0.0,O=C(NCCCCCCCNc1c2c(nc3ccccc13)CCCC2)c1cc2ccccc2o1,False
ALUMRCODWIMCFJ-UHFFFAOYSA-N,1,7.31336,7.31336,,7.31336,7.31336,0.0,0.0,O=C(NCCCCCCCNc1c2c(nc3ccccc13)CCC2)c1cc2ccccc2o1,False
CSYZWGXEWCKTGL-UHFFFAOYSA-N,1,7.4908,7.4908,,7.4908,7.4908,0.0,0.0,COc1cccc2cc(C(=O)NCCCCCCNc3c4c(nc5ccccc35)CCCCC4)oc12,False
WWRDYDFXVYAZAG-UHFFFAOYSA-N,1,7.61261,7.61261,,7.61261,7.61261,0.0,0.0,COc1cccc2cc(C(=O)NCCCCCCNc3c4c(nc5ccccc35)CCCC4)oc12,False
HDTGPJNBSTWCLU-UHFFFAOYSA-N,1,5.7734,5.7734,,5.7734,5.7734,0.0,0.0,COc1cccc2cc(C(=O)NCCCCCCNc3c4c(nc5ccccc35)CCC4)oc12,False
OPDNPGNAIOMGJW-UHFFFAOYSA-N,1,6.51145,6.51145,,6.51145,6.51145,0.0,0.0,O=C(NCCCCCCNc1c2c(nc3ccccc13)CCCCC2)c1cc2ccccc2o1,False
WDVUURYAZSPAGT-UHFFFAOYSA-N,1,6.37263,6.37263,,6.37263,6.37263,0.0,0.0,O=C(NCCCCCCNc1c2c(nc3ccccc13)CCCC2)c1cc2ccccc2o1,False
YXINUXBSKDTHDM-UHFFFAOYSA-N,1,6.2636,6.2636,,6.2636,6.2636,0.0,0.0,O=C(NCCCCCCNc1c2c(nc3ccccc13)CCC2)c1cc2ccccc2o1,False
CPIHZFXHCABWRY-UHFFFAOYSA-N,1,5.24795,5.24795,,5.24795,5.24795,0.0,0.0,CCN(CCCCCCCCc1cccc(OC)c1)Cc1ccccc1OC,False
FNFRCUZUVSMULW-ADBHHMNFSA-N,1,5.01773,5.01773,,5.01773,5.01773,0.0,0.0,CC(C)=CC[C@H]1C[C@@]2(CC=C(C)C)C(=O)O[C@@](CC=C(C)C)(C(=O)[C@@H](C(=O)C(C)C)[C@]1(C)C/C=C/C(C)(C)O)C2=O,False
LBVPJWYDLJNRSM-MVLLCHJPSA-N,1,5.14874,5.14874,,5.14874,5.14874,0.0,0.0,CCC(C)C(=O)[C@@H]1C(=O)[C@]2(CC=C(C)C)OC(=O)[C@](CC=C(C)C)(C[C@H](CC=C(C)C)[C@@]1(C)C/C=C/C(C)(C)O)C2=O,False
SVAOKUCSYGOWSM-KJQUAOOJSA-N,1,4.82681,4.82681,,4.82681,4.82681,0.0,0.0,CC[C@H]1O[C@@H]2O[C@H](/C=C/C=C/C=C/c3oc(=O)cc(OC/C=C(\C)C(=O)OC)c3C)[C@H](O)[C@]2(C)[C@@]1(C)O,False
PVKXLBKYESHPJV-UHFFFAOYSA-N,1,5.14997,5.14997,,5.14997,5.14997,0.0,0.0,N#CC1=C(N)N2CCNC2=C([N+](=O)[O-])C12C(=O)c1cccc3cccc2c13,False
DBPONSACNGZLMB-UHFFFAOYSA-N,1,5.18111,5.18111,,5.18111,5.18111,0.0,0.0,N#CC1=C(N)N2CCCNC2=C([N+](=O)[O-])C12C(=O)c1cccc3cccc2c13,False
VMNAQCLDUQQPOY-UHFFFAOYSA-N,1,5.11295,5.11295,,5.11295,5.11295,0.0,0.0,CC1(C)CNC2=C([N+](=O)[O-])C3(C(=O)c4cccc5cccc3c45)C(C#N)=C(N)N2C1,False
JWBKBWHGJDRYAQ-UHFFFAOYSA-N,1,5.22475,5.22475,,5.22475,5.22475,0.0,0.0,N#CC1=C(N)N(Cc2ccccc2)C(NCc2ccccc2)=C([N+](=O)[O-])C12C(=O)c1cccc3cccc2c13,False
AFZXKZSXWLRMLE-UHFFFAOYSA-N,1,5.19586,5.19586,,5.19586,5.19586,0.0,0.0,N#CC1=C(N)N2CCNC2=C([N+](=O)[O-])C12C(=O)c1ccc(Br)c3c(Br)ccc2c13,False
VGPBJNURLOIXIG-UHFFFAOYSA-N,1,5.17328,5.17328,,5.17328,5.17328,0.0,0.0,N#CC1=C(N)N2CCCNC2=C([N+](=O)[O-])C12C(=O)c1ccc(Br)c3c(Br)ccc2c13,False
ZLLIOYYADYZYFM-UHFFFAOYSA-N,1,5.2233,5.2233,,5.2233,5.2233,0.0,0.0,CC1(C)CNC2=C([N+](=O)[O-])C3(C(=O)c4ccc(Br)c5c(Br)ccc3c45)C(C#N)=C(N)N2C1,False
YFAGHBJUUNOWSW-UHFFFAOYSA-N,1,5.20482,5.20482,,5.20482,5.20482,0.0,0.0,N#CC1=C(N)N(Cc2ccccc2)C(NCc2ccccc2)=C([N+](=O)[O-])C12C(=O)c1ccc(Br)c3c(Br)ccc2c13,False
SVQKKFWLVKQSLW-UHFFFAOYSA-N,1,5.451,5.451,,5.451,5.451,0.0,0.0,N#CC1=C(N)N(Cc2ccccc2)C(NCc2ccccc2)=C([N+](=O)[O-])C12C(=O)Nc1ccc(F)cc12,False
OZQJWYBNHZBRBX-UHFFFAOYSA-N,1,5.97062,5.97062,,5.97062,5.97062,0.0,0.0,CC1(C)CNC2=C([N+](=O)[O-])C3(C(=O)Nc4ccc(F)cc43)C(C#N)=C(N)N2C1,False
WZWFOPHCKXYHRB-UHFFFAOYSA-N,1,6.37675,6.37675,,6.37675,6.37675,0.0,0.0,N#CC1=C(N)N2CCCNC2=C([N+](=O)[O-])C12C(=O)Nc1ccc(F)cc12,False
MGUINACFKDKBAG-UHFFFAOYSA-N,1,5.4828,5.4828,,5.4828,5.4828,0.0,0.0,N#CC1=C(N)N2CCNC2=C([N+](=O)[O-])C12C(=O)Nc1ccc(F)cc12,False
SNTKDGFVGSABKO-UHFFFAOYSA-N,1,5.47237,5.47237,,5.47237,5.47237,0.0,0.0,N#CC1=C(N)N(Cc2ccccc2)C(NCc2ccccc2)=C([N+](=O)[O-])C12C(=O)Nc1ccc([N+](=O)[O-])cc12,False
IRGOUNOQCFYPKQ-UHFFFAOYSA-N,1,5.81248,5.81248,,5.81248,5.81248,0.0,0.0,CC1(C)CNC2=C([N+](=O)[O-])C3(C(=O)Nc4ccc([N+](=O)[O-])cc43)C(C#N)=C(N)N2C1,False
GINLDVRWRYODAL-UHFFFAOYSA-N,1,5.9393,5.9393,,5.9393,5.9393,0.0,0.0,N#CC1=C(N)N2CCCNC2=C([N+](=O)[O-])C12C(=O)Nc1ccc([N+](=O)[O-])cc12,False
FUKKZBFSDYCCEM-UHFFFAOYSA-N,1,5.48945,5.48945,,5.48945,5.48945,0.0,0.0,N#CC1=C(N)N2CCNC2=C([N+](=O)[O-])C12C(=O)Nc1ccc([N+](=O)[O-])cc12,False
MEWMDKQOKDBFDU-UHFFFAOYSA-N,1,5.43063,5.43063,,5.43063,5.43063,0.0,0.0,Cc1ccc2c(c1)C1(C(=O)N2)C(C#N)=C(N)N(Cc2ccccc2)C(NCc2ccccc2)=C1[N+](=O)[O-],False
DJOQLHNWCQJWEC-UHFFFAOYSA-N,1,5.85699,5.85699,,5.85699,5.85699,0.0,0.0,Cc1ccc2c(c1)C1(C(=O)N2)C(C#N)=C(N)N2CC(C)(C)CNC2=C1[N+](=O)[O-],False
HFMWEPXRFXLNCU-UHFFFAOYSA-N,1,6.02687,6.02687,,6.02687,6.02687,0.0,0.0,Cc1ccc2c(c1)C1(C(=O)N2)C(C#N)=C(N)N2CCCNC2=C1[N+](=O)[O-],False
DFSIBEALBHGSCF-UHFFFAOYSA-N,1,5.41341,5.41341,,5.41341,5.41341,0.0,0.0,Cc1ccc2c(c1)C1(C(=O)N2)C(C#N)=C(N)N2CCNC2=C1[N+](=O)[O-],False
COVMUJMQUZUNFY-UHFFFAOYSA-N,1,5.4023,5.4023,,5.4023,5.4023,0.0,0.0,N#CC1=C(N)N(Cc2ccccc2)C(NCc2ccccc2)=C([N+](=O)[O-])C12C(=O)Nc1ccccc12,False
JSFGIPDLRQSECN-UHFFFAOYSA-N,1,5.90309,5.90309,,5.90309,5.90309,0.0,0.0,CC1(C)CNC2=C([N+](=O)[O-])C3(C(=O)Nc4ccccc43)C(C#N)=C(N)N2C1,False
ZWYWKYOHGMFLIL-UHFFFAOYSA-N,1,5.9914,5.9914,,5.9914,5.9914,0.0,0.0,N#CC1=C(N)N2CCCNC2=C([N+](=O)[O-])C12C(=O)Nc1ccccc12,False
QZCSMOSTPUEJNZ-UHFFFAOYSA-N,1,5.31426,5.31426,,5.31426,5.31426,0.0,0.0,N#CC1=C(N)N2CCNC2=C([N+](=O)[O-])C12C(=O)Nc1ccccc12,False
GJRMHIXYLGOZSE-HJOYEKEDSA-N,1,6.21467,6.21467,,6.21467,6.21467,0.0,0.0,COc1ccc2c3c1O[C@H]1CC(O)CC[C@@]31CCN(C)C2,False
XATVGNRTOUJFHU-UHFFFAOYSA-N,1,5.69037,5.69037,,5.69037,5.69037,0.0,0.0,O=c1cc(Cl)c2ccc(OCCNC3CCN(Cc4ccccc4)CC3)cc2o1,False
IPJZSNUPIXZHAU-UHFFFAOYSA-N,1,5.77211,5.77211,,5.77211,5.77211,0.0,0.0,Cc1c(C)c2ccc(OCCNC3CCN(Cc4ccccc4)CC3)cc2oc1=O,False
UUZIPHVUUZOBHC-UHFFFAOYSA-N,1,5.73993,5.73993,,5.73993,5.73993,0.0,0.0,Cc1c(Cl)c(=O)oc2cc(OCCNC3CCN(Cc4ccccc4)CC3)ccc12,False
QZRBOLHGJBENEV-UHFFFAOYSA-N,1,5.86328,5.86328,,5.86328,5.86328,0.0,0.0,O=c1oc2cc(OCCNC3CCN(Cc4ccccc4)CC3)ccc2c2c1CCCC2,False
HZEOKPNLIUABIQ-UHFFFAOYSA-N,1,7.17393,7.17393,,7.17393,7.17393,0.0,0.0,Cc1cc(=O)oc2cc(CNCCC3CCN(Cc4ccccc4)CC3)ccc12,False
GDNYKZBBMBYGFY-UHFFFAOYSA-N,1,5.20761,5.20761,,5.20761,5.20761,0.0,0.0,COc1ccc(C(=O)N2c3ccccc3[Se]c3ccc(Cl)cc32)cc1OC,False
VCIWBDDYIOWPAI-UHFFFAOYSA-N,1,5.22915,5.22915,,5.22915,5.22915,0.0,0.0,COc1cccc(C(=O)N2c3ccccc3[Se]c3ccc(Cl)cc32)c1,False
XHNYLCDQTSDLAN-UHFFFAOYSA-N,1,5.23657,5.23657,,5.23657,5.23657,0.0,0.0,COc1ccc(C(=O)N2c3ccccc3[Se]c3ccc(Cl)cc32)cc1,False
CJAJJMPCCMJBPF-UHFFFAOYSA-N,1,5.20066,5.20066,,5.20066,5.20066,0.0,0.0,O=C(CCc1ccccc1)N1c2ccccc2[Se]c2ccc(Cl)cc21,False
VMHLPSJKQKSYDH-UHFFFAOYSA-N,1,5.18709,5.18709,,5.18709,5.18709,0.0,0.0,O=C(Cc1ccccc1)N1c2ccccc2[Se]c2ccc(Cl)cc21,False
OPCLKGNUDFLWKI-UHFFFAOYSA-N,1,5.22185,5.22185,,5.22185,5.22185,0.0,0.0,O=C(c1ccccc1)N1c2ccccc2[Se]c2ccc(Cl)cc21,False
RYEDDRYHYDLXMW-UHFFFAOYSA-N,1,5.20066,5.20066,,5.20066,5.20066,0.0,0.0,Clc1ccc2c(c1)Nc1ccccc1[Se]2,False
YEHFSSWVVCTEIL-UHFFFAOYSA-N,1,5.29243,5.29243,,5.29243,5.29243,0.0,0.0,COc1ccc(C(=O)N2c3ccccc3[Se]c3ccccc32)cc1OC,False
IPZGCQPSTXGNCD-UHFFFAOYSA-N,1,5.20761,5.20761,,5.20761,5.20761,0.0,0.0,COc1cccc(C(=O)N2c3ccccc3[Se]c3ccccc32)c1,False
IWDIEKVSHZWZHN-UHFFFAOYSA-N,1,5.33724,5.33724,,5.33724,5.33724,0.0,0.0,COc1ccc(C(=O)N2c3ccccc3[Se]c3ccccc32)cc1,False
ZZYXEZHDTZEGCL-UHFFFAOYSA-N,1,5.17393,5.17393,,5.17393,5.17393,0.0,0.0,O=C(CCc1ccccc1)N1c2ccccc2[Se]c2ccccc21,False
WJTDBRSQCOOMQI-UHFFFAOYSA-N,1,5.19382,5.19382,,5.19382,5.19382,0.0,0.0,O=C(Cc1ccccc1)N1c2ccccc2[Se]c2ccccc21,False
VEFIYLBMXGJEDC-UHFFFAOYSA-N,1,5.26761,5.26761,,5.26761,5.26761,0.0,0.0,O=C(c1ccccc1)N1c2ccccc2[Se]c2ccccc21,False
ILFYOWGJBKEMSK-UHFFFAOYSA-N,1,5.25181,5.25181,,5.25181,5.25181,0.0,0.0,c1ccc2c(c1)Nc1ccccc1[Se]2,False
SBUYGLZLKPSUAZ-UHFFFAOYSA-N,1,5.19382,5.19382,,5.19382,5.19382,0.0,0.0,COc1ccc(C(=O)N2c3ccccc3Sc3ccc(Cl)cc32)cc1OC,False
AQAZJOFHIHBSHN-UHFFFAOYSA-N,1,5.33724,5.33724,,5.33724,5.33724,0.0,0.0,COc1cccc(C(=O)N2c3ccccc3Sc3ccc(Cl)cc32)c1,False
CSWHYHPUEDNIQY-UHFFFAOYSA-N,1,5.22915,5.22915,,5.22915,5.22915,0.0,0.0,COc1ccc(C(=O)N2c3ccccc3Sc3ccc(Cl)cc32)cc1,False
SSOOALFUMBNHRK-UHFFFAOYSA-N,1,5.10237,5.10237,,5.10237,5.10237,0.0,0.0,O=C(CCc1ccccc1)N1c2ccccc2Sc2ccc(Cl)cc21,False
PYCZOGYSNHGOEX-UHFFFAOYSA-N,1,5.12494,5.12494,,5.12494,5.12494,0.0,0.0,O=C(Cc1ccccc1)N1c2ccccc2Sc2ccc(Cl)cc21,False
GEWSWDQRMYUYDV-UHFFFAOYSA-N,1,5.00436,5.00436,,5.00436,5.00436,0.0,0.0,O=C(c1ccccc1)N1c2ccccc2Sc2ccc(Cl)cc21,False
KFZGLJSYQXZIGP-UHFFFAOYSA-N,1,5.13077,5.13077,,5.13077,5.13077,0.0,0.0,Clc1ccc2c(c1)Nc1ccccc1S2,False
UYHKPWBWEXXTRW-UHFFFAOYSA-N,1,5.23657,5.23657,,5.23657,5.23657,0.0,0.0,COc1ccc(C(=O)N2c3ccccc3Sc3ccccc32)cc1OC,False
FBPIHVVAHJTNMC-UHFFFAOYSA-N,1,5.20761,5.20761,,5.20761,5.20761,0.0,0.0,COc1cccc(C(=O)N2c3ccccc3Sc3ccccc32)c1,False
IZSLOMAFSBIAQQ-UHFFFAOYSA-N,1,5.20066,5.20066,,5.20066,5.20066,0.0,0.0,COc1ccc(C(=O)N2c3ccccc3Sc3ccccc32)cc1,False
UFAZLVHMPFPAHH-UHFFFAOYSA-N,1,5.14874,5.14874,,5.14874,5.14874,0.0,0.0,O=C(CCc1ccccc1)N1c2ccccc2Sc2ccccc21,False
ODRJXAKDUXFICI-UHFFFAOYSA-N,1,5.13077,5.13077,,5.13077,5.13077,0.0,0.0,O=C(Cc1ccccc1)N1c2ccccc2Sc2ccccc21,False
RVBAUHGQSLEOSR-UHFFFAOYSA-N,1,5.09691,5.09691,,5.09691,5.09691,0.0,0.0,O=C(c1ccccc1)N1c2ccccc2Sc2ccccc21,False
WJFKNYWRSNBZNX-UHFFFAOYSA-N,1,5.13668,5.13668,,5.13668,5.13668,0.0,0.0,c1ccc2c(c1)Nc1ccccc1S2,False
BLMNXXGEDNNOQP-UHFFFAOYSA-N,1,6.52288,6.52288,,6.52288,6.52288,0.0,0.0,C[N+](C)(C)CCOC(=O)c1ccc(Oc2nc(Oc3ccc(C(=O)OCC[N+](C)(C)C)cc3)nc(Oc3ccc(C(=O)OCC[N+](C)(C)C)cc3)n2)cc1,False
WYCXGHBIJHDQCV-UHFFFAOYSA-N,1,4.09259,4.09259,,4.09259,4.09259,0.0,0.0,CC(COC(=O)c1ccc(Oc2nc(Oc3ccc(C(=O)OCC(C)N(C)C)cc3)nc(Oc3ccc(C(=O)OCC(C)N(C)C)cc3)n2)cc1)N(C)C,False
OBQDVIVZFXUYBQ-UHFFFAOYSA-N,1,5.79317,5.79317,,5.79317,5.79317,0.0,0.0,CCCCCCCNC(=O)Oc1ccc2c(c1)CN(C)C(c1ccc(F)cc1)N2C,False
BIHHINRPCUFIJM-UHFFFAOYSA-N,1,6.06956,6.06956,,6.06956,6.06956,0.0,0.0,CCCCCCCNC(=O)Oc1ccc2c(c1)CN(C)C(c1cc[nH]c1)N2C,False
BMOGOJGTAVLCMW-UHFFFAOYSA-N,1,4.86967,4.86967,,4.86967,4.86967,0.0,0.0,CN1Cc2cc(O)ccc2N(C)C1c1c(Cl)cccc1Cl,False
JZJRNNWTYHSFGH-NSHDSACASA-N,1,7.70115,7.70115,,7.70115,7.70115,0.0,0.0,COc1cccc2c1CC[C@H](NC(=O)N(C)C)C2,False
YEUPQAFFNFOQJJ-UHFFFAOYSA-N,1,7.78569,7.78569,,7.78569,7.78569,0.0,0.0,COc1ccc2c(c1)CCC(NC(=O)N(C)C)C2,False
NTWUGWNPVACDLR-LBPRGKRZSA-N,1,7.64956,7.64956,,7.64956,7.64956,0.0,0.0,COc1ccc2c(c1)C[C@@H](NC(=O)N(C)C)CC2,False
LUSWQSMTZUPZOA-UHFFFAOYSA-N,1,7.91865,7.91865,,7.91865,7.91865,0.0,0.0,COc1cccc2c1CCC(NS(=O)(=O)N(C)C)C2,False
FGLFSCKOWSXYQR-UHFFFAOYSA-N,1,7.77032,7.77032,,7.77032,7.77032,0.0,0.0,COc1ccc2c(c1)CCC(NS(=O)(=O)N(C)C)C2,False
VSKWWYNXPZTTMQ-UHFFFAOYSA-N,1,7.80079,7.80079,,7.80079,7.80079,0.0,0.0,COc1ccc2c(c1)CC(NS(=O)(=O)N(C)C)CC2,False
JCGJTFBZTOZPAF-JTQLQIEISA-N,1,6.87933,6.87933,,6.87933,6.87933,0.0,0.0,CN(C)C(=O)N[C@H]1CCc2c(O)cccc2C1,False
XNDCARDVIREOCF-UHFFFAOYSA-N,1,8.14509,8.14509,,8.14509,8.14509,0.0,0.0,CN(C)C(=O)NC1CCc2cc(O)ccc2C1,False
VUTDSMCTIDTUEP-NSHDSACASA-N,1,6.9859,6.9859,,6.9859,6.9859,0.0,0.0,CN(C)C(=O)N[C@H]1CCc2ccc(O)cc2C1,False
QSMQIDSXAKBFRV-UHFFFAOYSA-N,1,7.51074,7.51074,,7.51074,7.51074,0.0,0.0,CN(C)S(=O)(=O)NC1CCc2c(O)cccc2C1,False
ZALMTBIBEGCEJF-NSHDSACASA-N,1,7.55486,7.55486,,7.55486,7.55486,0.0,0.0,CN(C)S(=O)(=O)N[C@H]1CCc2cc(O)ccc2C1,False
JLIPZZZIHAMHFT-UHFFFAOYSA-N,1,7.43215,7.43215,,7.43215,7.43215,0.0,0.0,CN(C)S(=O)(=O)NC1CCc2ccc(O)cc2C1,False
AZPLXDBZIQMMMT-UHFFFAOYSA-N,1,5.00436,5.00436,,5.00436,5.00436,0.0,0.0,COc1cc2occ(-c3ccc(O)cc3O)c(=O)c2c(O)c1CC=C(C)C,False
GBRZTUJCDFSIHM-KRWDZBQOSA-N,1,4.80967,4.80967,,4.80967,4.80967,0.0,0.0,COc1c(CC=C(C)C)c(O)cc2c1C[C@H](c1ccc(O)c(CC=C(C)C)c1O)CO2,False
BRSFFGZGURCVGX-UHFFFAOYSA-N,1,8.04576,8.04576,,8.04576,8.04576,0.0,0.0,COc1cc2c(cc1OC)C(=O)C(CC1CCN(CC3CCCCC3)CC1)C2,False
LQKGQMXOOLGDAM-YBFXNURJSA-N,1,5.81248,5.81248,,5.81248,5.81248,0.0,0.0,COc1cc2c(cc1O)C(=O)/C(=C/C1CCN(Cc3ccccc3)CC1)C2,False
ZEAXIVSYMLISJH-YBFXNURJSA-N,1,5.81248,5.81248,,5.81248,5.81248,0.0,0.0,COc1cc2c(cc1O)C/C(=C\C1CCN(Cc3ccccc3)CC1)C2=O,False
BXAOZDHJHXGRFU-XDHOZWIPSA-N,1,5.82391,5.82391,,5.82391,5.82391,0.0,0.0,O=C1/C(=C/C2CCN(Cc3ccccc3)CC2)Cc2ccc(O)cc21,False
RLSKFCOIMMXSLS-CPNJWEJPSA-N,1,6.19654,6.19654,,6.19654,6.19654,0.0,0.0,O=C1/C(=C/C2CCN(Cc3ccccc3)CC2)Cc2cccc(O)c21,False
PIJDCHBRSITJLS-XDHOZWIPSA-N,1,5.66555,5.66555,,5.66555,5.66555,0.0,0.0,O=C1/C(=C/C2CCN(Cc3ccccc3)CC2)Cc2cc(O)ccc21,False
LPMOTUSFDTTWJL-UDWIEESQSA-N,1,7.23657,7.23657,,7.23657,7.23657,0.0,0.0,COc1cc2c(cc1OC)C(=O)/C(=C/C1CCN(Cc3ccccc3)CC1)C2,False
DPIFFAVGHCOCCC-DEDYPNTBSA-N,1,6.46597,6.46597,,6.46597,6.46597,0.0,0.0,COc1ccc2c(c1)C(=O)/C(=C/C1CCN(Cc3ccccc3)CC1)C2,False
PBMKYXADBLYWBA-XSFVSMFZSA-N,1,5.82131,5.82131,,5.82131,5.82131,0.0,0.0,COc1cccc2c1C(=O)/C(=C/C1CCN(Cc3ccccc3)CC1)C2,False
CNIWTTNRVIMZIP-DEDYPNTBSA-N,1,7.36653,7.36653,,7.36653,7.36653,0.0,0.0,COc1ccc2c(c1)C/C(=C\C1CCN(Cc3ccccc3)CC1)C2=O,False
VXQFGUJASGKRMS-VXLYETTFSA-N,1,6.12205,6.12205,,6.12205,6.12205,0.0,0.0,O=C1/C(=C/C2CCN(Cc3ccccc3)CC2)Cc2cc3c(cc21)OCO3,False
JATSNZSQYDITNU-UDWIEESQSA-N,1,6.06905,6.06905,,6.06905,6.06905,0.0,0.0,COc1cccc(CN2CCC(/C=C3\Cc4cc(OC)ccc4C3=O)CC2)c1,False
VRHAQRBXZOTBMX-UDWIEESQSA-N,1,4.46218,4.46218,,4.46218,4.46218,0.0,0.0,COc1cccc(CN2CCC(/C=C3\Cc4ccc(OC)cc4C3=O)CC2)c1,False
GJQQDXQGUWSLSC-DEDYPNTBSA-N,1,4.91525,4.91525,,4.91525,4.91525,0.0,0.0,COc1cccc(CN2CCC(/C=C3\Cc4cccc(OC)c4C3=O)CC2)c1,False
SSNKBYPYCIBWEY-VXLYETTFSA-N,1,4.59869,4.59869,,4.59869,4.59869,0.0,0.0,COc1ccc2c(c1)C(=O)/C(=C/C1CCN(Cc3ccc4c(c3)OCO4)CC1)C2,False
SVXQNAFUZDCNTM-YBFXNURJSA-N,1,4.95331,4.95331,,4.95331,4.95331,0.0,0.0,COc1cccc2c1C(=O)/C(=C/C1CCN(Cc3ccc4c(c3)OCO4)CC1)C2,False
XJDOZXYIHKNRKO-UHFFFAOYSA-N,1,4.51329,4.51329,,4.51329,4.51329,0.0,0.0,O=C(CCCCCCCCc1ccc(O)c(O)c1)c1c(O)ccc(C(CCCCCCCCc2ccc(O)cc2)c2c(O)cccc2O)c1O,False
WZPJUCRWKNGODO-UHFFFAOYSA-N,1,4.89757,4.89757,,4.89757,4.89757,0.0,0.0,O=C(CCCCCCCCc1ccc(O)c(O)c1)c1c(O)ccc(C(CCCCCCCCc2ccc(O)c(O)c2)c2c(O)cccc2O)c1O,False
HCOZRFYGIFMIEX-UHFFFAOYSA-N,1,5.7122,5.7122,,5.7122,5.7122,0.0,0.0,O=C(CCCCCCCCc1ccc(O)c(O)c1)c1c(O)cccc1O,False
KOAPDMKKECXPHX-UHFFFAOYSA-N,1,5.73518,5.73518,,5.73518,5.73518,0.0,0.0,O=C(CCCCCCCCc1ccc(O)cc1)c1c(O)cccc1O,False
IAXIHKJASWPASP-UHFFFAOYSA-N,1,5.88273,5.88273,,5.88273,5.88273,0.0,0.0,O=C(CCCCCCCCc1ccccc1)c1c(O)cccc1O,False
XNMKFKNNXSUXRV-UHFFFAOYSA-N,1,5.19111,5.19111,,5.19111,5.19111,0.0,0.0,O=C(CCCCCCCCc1ccc(O)cc1)c1c(O)cc(O)cc1O,False
WINHZLLDWRZWRT-ATVHPVEESA-N,1,5.23136,5.23136,,5.23136,5.23136,0.0,0.0,CCN(CC)CCNC(=O)c1c(C)[nH]c(/C=C2\C(=O)Nc3ccc(F)cc32)c1C,False
CUIHSIWYWATEQL-UHFFFAOYSA-N,1,6.03152,6.03152,,6.03152,6.03152,0.0,0.0,Cc1ccc(Nc2nccc(N(C)c3ccc4c(C)n(C)nc4c3)n2)cc1S(N)(=O)=O,False
MDBSJGXOQHYGEI-CSKARUKUSA-N,2,6.273105,6.273105,0.19209969924494957,6.13727,6.40894,0.13583500000000015,0.2716700000000003,COc1cc(/C=C/C(=O)NCCC2CCN(Cc3ccccc3)CC2)ccc1O,False
ARNJIILWEVFCOO-CSKARUKUSA-N,1,5.77989,5.77989,,5.77989,5.77989,0.0,0.0,COc1ccc(/C=C/C(=O)NCCC2CCN(Cc3ccccc3)CC2)cc1O,False
GXZHJSKUOGHRTO-CMDGGOBGSA-N,1,6.49349,6.49349,,6.49349,6.49349,0.0,0.0,COc1cc(/C=C/C(=O)NCCC2CCN(Cc3ccccc3)CC2)cc(OC)c1O,False
UHIDUYIMHIAFLH-DHZHZOJOSA-N,3,5.65758,5.751196666666666,0.21365501593300676,5.60033,5.99568,0.05725000000000069,0.39535000000000053,O=C(/C=C/c1ccc(O)cc1)NCCC1CCN(Cc2ccccc2)CC1,False
UFQJPMAHMNYIOA-VQHVLOKHSA-N,2,5.797795000000001,5.797795000000001,0.05774941081950559,5.75696,5.83863,0.040834999999999955,0.08166999999999991,O=C(/C=C/c1ccc(O)c(O)c1)NCCC1CCN(Cc2ccccc2)CC1,False
YAWVNBSVSGFOGD-ZHACJKMWSA-N,1,5.57187,5.57187,,5.57187,5.57187,0.0,0.0,O=C(/C=C/c1ccccc1O)NCCC1CCN(Cc2ccccc2)CC1,False
IPNCANNCIDZOHY-VAWYXSNFSA-N,2,6.366475,6.366475,0.02783879397531431,6.34679,6.38616,0.019684999999999953,0.039369999999999905,O=C(/C=C/c1ccccc1)NCCC1CCN(Cc2ccccc2)CC1,False
CEOUELPNODHWPJ-PKNBQFBNSA-N,1,6.4698,6.4698,,6.4698,6.4698,0.0,0.0,COc1cc(/C=C/C(=O)NCCC2CCN(Cc3ccccc3)CC2)ccc1OC(C)=O,False
KEKBOEROTGNXGK-PKNBQFBNSA-N,2,6.43202,6.43202,0.2163888171787071,6.27901,6.58503,0.15300999999999965,0.3060199999999993,COc1ccc(/C=C/C(=O)NCCC2CCN(Cc3ccccc3)CC2)cc1OC,False
XIIIMLKJDCQWEW-ZHACJKMWSA-N,2,6.143045,6.143045,0.025604336546765253,6.12494,6.16115,0.01810500000000026,0.03621000000000052,COc1cccc(/C=C/C(=O)NCCC2CCN(Cc3ccccc3)CC2)c1,False
MJIJFTHVGZWODF-MDZDMXLPSA-N,1,6.63078,6.63078,,6.63078,6.63078,0.0,0.0,COc1cc(/C=C/C(=O)NCCC2CCN(Cc3ccccc3)CC2)cc(OC)c1OC,False
PQXRJZJLERADCX-DHZHZOJOSA-N,1,5.48149,5.48149,,5.48149,5.48149,0.0,0.0,O=C(/C=C/c1ccc(F)cc1)NCCC1CCN(Cc2ccccc2)CC1,False
YFJBXYWLXWUNPK-DHZHZOJOSA-N,1,6.44129,6.44129,,6.44129,6.44129,0.0,0.0,O=C(/C=C/c1ccc(Cl)cc1)NCCC1CCN(Cc2ccccc2)CC1,False
IVQHLHDDUYVRFY-DHZHZOJOSA-N,1,6.47237,6.47237,,6.47237,6.47237,0.0,0.0,O=C(/C=C/c1ccc([N+](=O)[O-])cc1)NCCC1CCN(Cc2ccccc2)CC1,False
PRZIVMZUOGFQQX-UHFFFAOYSA-N,1,5.27409,5.27409,,5.27409,5.27409,0.0,0.0,COc1cc(CCC(=O)NCCC2CCN(Cc3ccccc3)CC2)ccc1O,False
PDZMHDSORBHDFP-UHFFFAOYSA-N,1,5.42022,5.42022,,5.42022,5.42022,0.0,0.0,O=C(CC1CCN(Cc2ccccc2)CC1)NCCc1c[nH]c2ccccc12,False
LZDWBBQKRMLWKK-UHFFFAOYSA-N,1,5.81248,5.81248,,5.81248,5.81248,0.0,0.0,Cc1ccccc1CN1CCC(CC(=O)NCCc2c[nH]c3ccccc23)CC1,False
YIQUNQOTSWAGGT-UHFFFAOYSA-N,1,5.4437,5.4437,,5.4437,5.4437,0.0,0.0,COc1ccc2[nH]cc(CCNC(=O)CC3CCN(Cc4ccccc4C)CC3)c2c1,False
QZHMJQWRHNORFP-UHFFFAOYSA-N,1,5.33442,5.33442,,5.33442,5.33442,0.0,0.0,Cc1cccc(CN2CCC(CC(=O)NCCc3c[nH]c4ccccc34)CC2)c1,False
NQRYVGBVQHMKOV-UHFFFAOYSA-N,1,4.86967,4.86967,,4.86967,4.86967,0.0,0.0,COc1ccc2[nH]cc(CCNC(=O)CC3CCN(Cc4cccc(C)c4)CC3)c2c1,False
AIGIECZGNBILAQ-UHFFFAOYSA-N,1,5.30627,5.30627,,5.30627,5.30627,0.0,0.0,Cc1ccc(CN2CCC(CC(=O)NCCc3c[nH]c4ccccc34)CC2)cc1,False
CAKSHRZUNPHCQP-UHFFFAOYSA-N,1,5.03339,5.03339,,5.03339,5.03339,0.0,0.0,COc1ccc2[nH]cc(CCNC(=O)CC3CCN(Cc4ccc(C)cc4)CC3)c2c1,False
QTSKGKRAUSQIQD-UHFFFAOYSA-N,1,5.10513,5.10513,,5.10513,5.10513,0.0,0.0,O=C(NCCc1c[nH]c2ccccc12)C1CCN(Cc2ccccc2)CC1,False
FYNDPJGSQYTAKR-UHFFFAOYSA-N,1,4.91293,4.91293,,4.91293,4.91293,0.0,0.0,COc1ccc2[nH]cc(CCNC(=O)C3CCN(Cc4ccccc4)CC3)c2c1,False
VQNHLBHTNLUGAW-UHFFFAOYSA-N,1,5.44855,5.44855,,5.44855,5.44855,0.0,0.0,Cc1ccccc1CN1CCC(C(=O)NCCc2c[nH]c3ccccc23)CC1,False
VITNUIFTUFCBDI-UHFFFAOYSA-N,1,5.1296,5.1296,,5.1296,5.1296,0.0,0.0,COc1ccc2[nH]cc(CCNC(=O)C3CCN(Cc4ccccc4C)CC3)c2c1,False
PBCGIIRIOLOMJH-UHFFFAOYSA-N,1,5.07988,5.07988,,5.07988,5.07988,0.0,0.0,O=C(CCc1c[nH]c2ccccc12)NC1CCN(Cc2ccccc2)CC1,False
WXTKBXGKRLFVQP-UHFFFAOYSA-N,2,5.89466,5.89466,0.9463634316688276,5.22548,6.56384,0.6691799999999999,1.3383599999999998,O=C(CCc1c[nH]c2ccccc12)NCCC1CCN(Cc2ccccc2)CC1,False
RIRAXUJPOGFDFJ-UHFFFAOYSA-N,1,7.0942,7.0942,,7.0942,7.0942,0.0,0.0,Cc1cc(=O)oc2cc(OCCCN(C)Cc3cccc(OC(=O)NCCCCCc4ccccc4)c3)ccc12,False
SORZLAJXYYGEIQ-UHFFFAOYSA-N,1,7.04624,7.04624,,7.04624,7.04624,0.0,0.0,CN(CCCOc1ccc2c3c(c(=O)oc2c1)CCCC3)Cc1cccc(OC(=O)NCCCCCc2ccccc2)c1,False
FFAOXMVJVQDCQO-UHFFFAOYSA-N,1,6.40894,6.40894,,6.40894,6.40894,0.0,0.0,CN(CCCOc1ccc2c(c1)oc(=O)c1ccccc12)Cc1cccc(OC(=O)NCCCCCc2ccccc2)c1,False
AIQDEPYUQBAQFT-UHFFFAOYSA-N,1,6.90309,6.90309,,6.90309,6.90309,0.0,0.0,CN(CCCOc1ccc2cc(-c3ccccc3)c(=O)oc2c1)Cc1cccc(OC(=O)NCCCCCc2ccccc2)c1,False
VVVHTKDUIOCALE-UHFFFAOYSA-N,1,6.50585,6.50585,,6.50585,6.50585,0.0,0.0,COc1ccc(-c2cc3ccc(OCCCN(C)Cc4cccc(OC(=O)NCCCCCc5ccccc5)c4)cc3oc2=O)cc1,False
KPKDJUQXQCVKAW-UHFFFAOYSA-N,1,6.33724,6.33724,,6.33724,6.33724,0.0,0.0,CCCCCCCCCC(C)C1OCc2c[n+](C)c(C)c(OC(=O)N(C)C)c2CO1,False
MUOAMAUOYSSLJG-UHFFFAOYSA-N,1,5.88606,5.88606,,5.88606,5.88606,0.0,0.0,CCCCCCCCC1OCc2c[n+](C)c(C)c(OC(=O)N(C)C)c2CO1,False
KEOQUADZGRDLDB-UHFFFAOYSA-N,1,5.67778,5.67778,,5.67778,5.67778,0.0,0.0,CCCCCCCC1OCc2c[n+](C)c(C)c(OC(=O)N(C)C)c2CO1,False
AKOGQQINMRSZAR-UHFFFAOYSA-N,1,6.74715,6.74715,,6.74715,6.74715,0.0,0.0,COc1ccc(-c2cc3cc(OCCCN(C)Cc4cccc(OC(=O)NCCCCCc5ccccc5)c4)ccc3oc2=O)cc1,False
XLSDMIVWGMAJHD-UHFFFAOYSA-N,1,6.04576,6.04576,,6.04576,6.04576,0.0,0.0,CN(CCCOc1ccc2cc(-c3ccc(Cl)cc3)c(=O)oc2c1)Cc1cccc(OC(=O)NCCCCCc2ccccc2)c1,False
FTRXEEOTFGUKHN-UHFFFAOYSA-N,1,7.42713,7.42713,,7.42713,7.42713,0.0,0.0,CCCCCCCNC(=O)Oc1cccc(CN(C)CCCOc2ccc3ccc(=O)oc3c2)c1,False
HAZCMESEHYLZER-UHFFFAOYSA-N,1,7.66555,7.66555,,7.66555,7.66555,0.0,0.0,CCCCCCCNC(=O)Oc1cccc(CN(C)CCCOc2ccc3c4c(c(=O)oc3c2)CCCC4)c1,False
CQTFNVLDNHGYMC-UHFFFAOYSA-N,1,6.96257,6.96257,,6.96257,6.96257,0.0,0.0,CN(CCCOc1ccc2ccc(=O)oc2c1)Cc1cccc(OC(=O)NCCCCCCc2ccccc2)c1,False
QUCBXGWIZAVJDM-UHFFFAOYSA-N,1,7.05502,7.05502,,7.05502,7.05502,0.0,0.0,CN(CCCCCOc1ccc2ccc(=O)oc2c1)Cc1cccc(OC(=O)NCCCCCc2ccccc2)c1,False
YUVUWSUDMVTYOB-UHFFFAOYSA-N,1,7.94692,7.94692,,7.94692,7.94692,0.0,0.0,CCCCCCCNC(=O)Oc1cccc(CN(C)CCCCCOc2ccc3ccc(=O)oc3c2)c1,False
XFLYZTYNYBFURZ-UHFFFAOYSA-N,1,7.73755,7.73755,,7.73755,7.73755,0.0,0.0,CCCCCCCNC(=O)Oc1cccc(CN(C)CCCCCOc2ccc3c4c(c(=O)oc3c2)CCCC4)c1,False
XYGHSWJYJDPEQM-UHFFFAOYSA-N,1,8.15989,8.15989,,8.15989,8.15989,0.0,0.0,CCCCCCCNC(=O)Oc1cccc(CN(C)CCCCCOc2ccc3c(c2)Oc2ncccc2C3)c1,False
MBQLAHYLZRKMBE-UHFFFAOYSA-N,1,6.59346,6.59346,,6.59346,6.59346,0.0,0.0,O=C(NCCCCCc1ccccc1)Oc1ccc(Cn2cc(COc3ccc4ccc(=O)oc4c3)nn2)cc1,False
JOSKSNIVZAEQFU-UHFFFAOYSA-N,1,6.03527,6.03527,,6.03527,6.03527,0.0,0.0,O=C(NCCCCCc1ccccc1)Oc1cccc(Cn2cc(COc3ccc4ccc(=O)oc4c3)nn2)c1,False
WRJZOFVBFRGKHL-UHFFFAOYSA-N,1,6.66959,6.66959,,6.66959,6.66959,0.0,0.0,CCCCCCCNC(=O)Oc1ccc(Cn2cc(COc3ccc4ccc(=O)oc4c3)nn2)cc1,False
GCQIEQKAWZGVLF-UHFFFAOYSA-N,1,5.9813,5.9813,,5.9813,5.9813,0.0,0.0,CCCCCCCNC(=O)Oc1cccc(Cn2cc(COc3ccc4ccc(=O)oc4c3)nn2)c1,False
GCIRMUZDXUFWGH-UHFFFAOYSA-N,1,4.31966,4.31966,,4.31966,4.31966,0.0,0.0,O=C(NCCCCCc1ccccc1)Oc1ccc(-n2cc(COc3ccc4ccc(=O)oc4c3)nn2)cc1,False
QXCYDBYFEDOWQZ-UHFFFAOYSA-N,1,5.92996,5.92996,,5.92996,5.92996,0.0,0.0,O=C(NCCCCCc1ccccc1)Oc1cccc(-n2cc(COc3ccc4ccc(=O)oc4c3)nn2)c1,False
PPZMDFRSOSZTFY-UHFFFAOYSA-N,1,6.15366,6.15366,,6.15366,6.15366,0.0,0.0,CCCCCCCNC(=O)Oc1cccc(-n2cc(COc3ccc4ccc(=O)oc4c3)nn2)c1,False
NHQAJSNDGMKMKP-UHFFFAOYSA-N,1,5.42022,5.42022,,5.42022,5.42022,0.0,0.0,CCCCCCc1ccc(NC(=O)Oc2cccc(CN(C)CCCOc3ccc4ccc(=O)oc4c3)c2)cc1,False
TXZOQRXGVMDJCJ-NTCAYCPXSA-N,1,5.45717,5.45717,,5.45717,5.45717,0.0,0.0,CN(Cc1ccccc1)Cc1ccc(NC(=O)/C=C/c2cccc(O)c2)cc1,False
DBXKIEJEFALTHY-SFQUDFHCSA-N,2,5.29031,5.29031,0.07174305401918672,5.23958,5.34104,0.05072999999999972,0.10145999999999944,COc1ccc(/C=C/C(=O)Nc2ccc(CN(C)Cc3ccccc3)cc2)cc1,False
YJCCUEYVQUDUMO-DTQAZKPQSA-N,1,5.33068,5.33068,,5.33068,5.33068,0.0,0.0,COc1cccc(/C=C/C(=O)Nc2ccc(CN(C)Cc3ccccc3)cc2)c1,False
OSLSNUMCXBJEGP-WYMLVPIESA-N,1,5.22257,5.22257,,5.22257,5.22257,0.0,0.0,COc1cc(/C=C/C(=O)Nc2cccc(CN(C)Cc3ccccc3)c2)ccc1O,False
SBRJGGDKKJIEFJ-FOWTUZBSSA-N,2,5.464415000000001,5.464415000000001,0.09092686099277782,5.40012,5.52871,0.06429499999999999,0.12858999999999998,COc1ccc(/C=C/C(=O)Nc2ccc(CN(C)Cc3ccccc3)cc2)cc1OC,False
BVGVBFYFLUSQMK-FOWTUZBSSA-N,1,5.05899,5.05899,,5.05899,5.05899,0.0,0.0,COc1ccc(/C=C/C(=O)Nc2ccc(CN(C)Cc3ccccc3)cc2)c(OC)c1,False
LJBLUDUXRGXMFJ-VQHVLOKHSA-N,1,6.00436,6.00436,,6.00436,6.00436,0.0,0.0,O=C(/C=C/c1ccc(O)cc1O)NCCC1CCN(Cc2ccccc2)CC1,False
NHFVKPVESFSIPR-MDZDMXLPSA-N,1,5.95078,5.95078,,5.95078,5.95078,0.0,0.0,O=C(/C=C/c1cccc(O)c1)NCCC1CCN(Cc2ccccc2)CC1,False
AHWHBOQIIOPNCM-PKNBQFBNSA-N,1,6.20066,6.20066,,6.20066,6.20066,0.0,0.0,COc1ccc(/C=C/C(=O)NCCC2CCN(Cc3ccccc3)CC2)c(OC)c1,False
YCOGWPMXFGHUIP-FMIVXFBMSA-N,1,6.3098,6.3098,,6.3098,6.3098,0.0,0.0,COc1ccc(/C=C/C(=O)NCCC2CCN(Cc3ccccc3)CC2)cc1,False
VQOPFBQAWVJAON-UHFFFAOYSA-N,1,5.01323,5.01323,,5.01323,5.01323,0.0,0.0,C#CCN(Cc1ccc2cccc(O)c2n1)CC1CCN(Cc2ccccc2)CC1,False
ZAOLYIRFSLIUAV-UHFFFAOYSA-N,1,5.38722,5.38722,,5.38722,5.38722,0.0,0.0,C#CCN(CCC1CCN(Cc2ccccc2)CC1)Cc1ccc2cccc(O)c2n1,False
KBSUDEJPIPDJQN-UHFFFAOYSA-N,1,5.82391,5.82391,,5.82391,5.82391,0.0,0.0,C#CCN(CCCC1CCN(Cc2ccccc2)CC1)Cc1ccc2cccc(O)c2n1,False
PPPLUJWSLKUDBO-UHFFFAOYSA-N,1,4.19246,4.19246,,4.19246,4.19246,0.0,0.0,C#CCN(Cc1ccc2cccc(O)c2n1)C(C#N)C1CCN(Cc2ccccc2)CC1,False
MFWCFENQSTYMSU-UHFFFAOYSA-N,1,5.48149,5.48149,,5.48149,5.48149,0.0,0.0,C#CCN(Cc1ccc2cccc(O)c2n1)C(C#N)CC1CCN(Cc2ccccc2)CC1,False
DMOLFVGCLPCFQX-UHFFFAOYSA-N,1,7.5376,7.5376,,7.5376,7.5376,0.0,0.0,C#CCN(Cc1ccc2cccc(O)c2n1)C(C#N)CCC1CCN(Cc2ccccc2)CC1,False
ATRSFRGWPPYVGZ-UHFFFAOYSA-N,1,6.45593,6.45593,,6.45593,6.45593,0.0,0.0,C#CCN(Cc1ccc(O)c2ncccc12)C(C#N)CCC1CCN(Cc2ccccc2)CC1,False
WNIKHMMTZLLSKH-UHFFFAOYSA-N,1,4.36653,4.36653,,4.36653,4.36653,0.0,0.0,O=C(COc1ccccc1)N1CCN(C2CCN(Cc3ccccc3)CC2)CC1,False
XGZDCBGAMNLKSW-UHFFFAOYSA-N,1,5.29243,5.29243,,5.29243,5.29243,0.0,0.0,CCSc1nc2sc3c(c2c(=O)n1-c1ccccc1)CCN(Cc1ccccc1)C3,False
BODMOCLWYAYDCG-UHFFFAOYSA-N,1,4.50864,4.50864,,4.50864,4.50864,0.0,0.0,CCN1CCN(C2CCN(C(=O)COc3ccc(-c4ccccc4)cc3)CC2)CC1,False
KHNVQJDWUHRVDK-UHFFFAOYSA-N,1,7.52288,7.52288,,7.52288,7.52288,0.0,0.0,O=C(COc1ccc(Cl)cc1Cl)Nc1ccc(CN2CCCCC2)cc1,False
BRBGBGVHTZNKIS-UVTDQMKNSA-N,1,5.1945,5.1945,,5.1945,5.1945,0.0,0.0,S=C1/C(=C/c2ccccc2)Oc2ccccc21,False
CSAKAVFIHSWIKC-PDGQHHTCSA-N,1,6.00877,6.00877,,6.00877,6.00877,0.0,0.0,CC(C)Cc1ccc(/C=C2\Oc3ccccc3C2=O)cc1,False
WPHKUMCSOVGQCK-GDNBJRDFSA-N,1,5.89963,5.89963,,5.89963,5.89963,0.0,0.0,COc1ccc(/C=C2\Oc3ccccc3C2=O)cc1,False
DQPVCSPAVCOSNM-DHZHZOJOSA-N,1,6.06048,6.06048,,6.06048,6.06048,0.0,0.0,CN(C)C(=O)Oc1cccc(C(=O)/C=C/c2ccc(O)cc2)c1,False
ZHTAQWCOSSSQEW-FMIVXFBMSA-N,1,5.0942,5.0942,,5.0942,5.0942,0.0,0.0,COc1ccc(/C=C/C(=O)c2cccc(OC(=O)N(C)C)c2)cc1,False
UXCHLNWWKFZKMW-UHFFFAOYSA-N,1,6.61439,6.61439,,6.61439,6.61439,0.0,0.0,COc1cc2c(cc1OC)C(=O)C(CC1CCN(Cc3ccccc3C)CC1)C2,False
QBOHSSFTEGRUFM-UHFFFAOYSA-N,1,7.05552,7.05552,,7.05552,7.05552,0.0,0.0,COc1cc2c(cc1OC)C(=O)C(CC1CCN(Cc3cccc(C)c3)CC1)C2,False
XKRGRLGLKJEACL-UHFFFAOYSA-N,1,6.8962,6.8962,,6.8962,6.8962,0.0,0.0,COc1cc2c(cc1OC)C(=O)C(CC1CCN(Cc3ccc(C)cc3)CC1)C2,False
WJIWWKMTCQJEPQ-UHFFFAOYSA-N,1,7.49485,7.49485,,7.49485,7.49485,0.0,0.0,COc1cc2c(cc1OC)C(=O)C(CC1CCN(Cc3ccccc3F)CC1)C2,False
WIBAQCAJLVMGFE-UHFFFAOYSA-N,1,7.26761,7.26761,,7.26761,7.26761,0.0,0.0,COc1cc2c(cc1OC)C(=O)C(CC1CCN(Cc3cccc(F)c3)CC1)C2,False
MXYQBFFZAMEOHM-UHFFFAOYSA-N,1,7.38722,7.38722,,7.38722,7.38722,0.0,0.0,COc1cc2c(cc1OC)C(=O)C(CC1CCN(Cc3ccc(F)cc3)CC1)C2,False
RHZKAWSSJKSGEO-UHFFFAOYSA-N,1,7.01323,7.01323,,7.01323,7.01323,0.0,0.0,COc1cc2c(cc1OC)C(=O)C(CC1CCN(Cc3ccccc3Cl)CC1)C2,False
CSYVGFFWWUUSDU-UHFFFAOYSA-N,1,6.9431,6.9431,,6.9431,6.9431,0.0,0.0,COc1cc2c(cc1OC)C(=O)C(CC1CCN(Cc3cccc(Cl)c3)CC1)C2,False
VGQNXCDLTRSTAF-UHFFFAOYSA-N,1,5.54363,5.54363,,5.54363,5.54363,0.0,0.0,COc1cc2c(cc1OC)C(=O)C(CC1CCN(Cc3ccc(Cl)cc3)CC1)C2,False
AEVWXIOQXSMEOS-UHFFFAOYSA-N,1,5.31247,5.31247,,5.31247,5.31247,0.0,0.0,COc1cc2c(cc1OC)C(=O)C(CC1CCN(Cc3ccccc3C(F)(F)F)CC1)C2,False
MMBOOKVUXAQCOP-UHFFFAOYSA-N,1,5.67366,5.67366,,5.67366,5.67366,0.0,0.0,COc1cc2c(cc1OC)C(=O)C(CC1CCN(Cc3cccc(C(F)(F)F)c3)CC1)C2,False
SSYDSLPWPWZKOY-UHFFFAOYSA-N,1,5.2652,5.2652,,5.2652,5.2652,0.0,0.0,COc1cc2c(cc1OC)C(=O)C(CC1CCN(Cc3ccc(C(F)(F)F)cc3)CC1)C2,False
MJYITRIIINQALM-UHFFFAOYSA-N,1,5.50724,5.50724,,5.50724,5.50724,0.0,0.0,COc1cc2c(cc1OC)C(=O)C(CC1CCN(Cc3ccccc3[N+](=O)[O-])CC1)C2,False
SQRIUXQNIAMKTL-UHFFFAOYSA-N,1,6.18575,6.18575,,6.18575,6.18575,0.0,0.0,COc1cc2c(cc1OC)C(=O)C(CC1CCN(Cc3cccc([N+](=O)[O-])c3)CC1)C2,False
ACJJKDSOGZQROR-UHFFFAOYSA-N,1,5.71897,5.71897,,5.71897,5.71897,0.0,0.0,COc1cc2c(cc1OC)C(=O)C(CC1CCN(Cc3ccc([N+](=O)[O-])cc3)CC1)C2,False
HASPOWFDQOETTJ-UHFFFAOYSA-N,1,6.83268,6.83268,,6.83268,6.83268,0.0,0.0,COc1cc2c(cc1OC)C(=O)C(CC1CCN(Cc3ccccn3)CC1)C2,False
GMORXUFYAMIBNR-UHFFFAOYSA-N,1,6.94692,6.94692,,6.94692,6.94692,0.0,0.0,COc1cc2c(cc1OC)C(=O)C(CC1CCN(Cc3ncccc3C)CC1)C2,False
ZBPKNQIMVQSMLB-UHFFFAOYSA-N,1,7.13668,7.13668,,7.13668,7.13668,0.0,0.0,COc1cc2c(cc1OC)C(=O)C(CC1CCN(Cc3cccc(C)n3)CC1)C2,False
PFSOXGQUNSMPSU-UHFFFAOYSA-N,1,6.08938,6.08938,,6.08938,6.08938,0.0,0.0,COc1cc2c(cc1OC)C(=O)C(CC1CCN(Cc3ncc(C)cc3C)CC1)C2,False
SKLIQILUFPGCDR-UHFFFAOYSA-N,1,6.70997,6.70997,,6.70997,6.70997,0.0,0.0,COc1cc2c(cc1OC)C(=O)C(CC1CCN(Cc3cccc(F)n3)CC1)C2,False
NQXMJGWHWLUOTH-UHFFFAOYSA-N,1,6.05404,6.05404,,6.05404,6.05404,0.0,0.0,COc1cc2c(cc1OC)C(=O)C(CC1CCN(Cc3cccc(Cl)n3)CC1)C2,False
QSLYRRWEPSEYKU-UHFFFAOYSA-N,1,5.70333,5.70333,,5.70333,5.70333,0.0,0.0,COc1cc2c(cc1OC)C(=O)C(CC1CCN(Cc3cccc(Br)n3)CC1)C2,False
JVZHCFKOAOKJII-UHFFFAOYSA-N,1,5.23807,5.23807,,5.23807,5.23807,0.0,0.0,COC(=O)c1cccc(CN2CCC(CC3Cc4cc(OC)c(OC)cc4C3=O)CC2)n1,False
QWDLRZDIIOSNHC-UHFFFAOYSA-N,1,5.07417,5.07417,,5.07417,5.07417,0.0,0.0,COc1cc2c(cc1OC)C(=O)C(CC1CCN(Cc3ccc4ccccc4n3)CC1)C2,False
DIRWKSCWOCKTCI-UHFFFAOYSA-N,1,4.52578,4.52578,,4.52578,4.52578,0.0,0.0,COc1cc2c(cc1OC)C(=O)C(CC1CCN(Cc3ccc4cccc(O)c4n3)CC1)C2,False
BJXKNPYYQJEEKX-UHFFFAOYSA-N,1,4.67985,4.67985,,4.67985,4.67985,0.0,0.0,COc1cc2c(cc1OC)C(=O)C(CC1CCN(Cc3ccc(O)c4ncccc34)CC1)C2,False
WMGXBRTXVLFOJR-ODBZBXGJSA-N,1,5.49214,5.49214,,5.49214,5.49214,0.0,0.0,Cc1ccc(/C=C2\CN(Cc3cccc(C)c3)C/C(=C\c3ccc(C)cc3)C2=O)cc1,False
YYQJDQOYLBWLJL-POAOKBCDSA-N,1,5.71444,5.71444,,5.71444,5.71444,0.0,0.0,O=C1/C(=C/c2ccccc2)CN(Cc2ccc3ccccc3c2)C/C1=C\c1ccccc1,False
IOHRSORAVBEFSF-ZZZAPRPPSA-N,1,5.49757,5.49757,,5.49757,5.49757,0.0,0.0,Cc1cccc(CN2C/C(=C\c3ccccc3)C(=O)/C(=C/c3ccccc3)C2)c1,False
LREPPWLUJRMJNW-HRTPUDOWSA-N,1,5.7986,5.7986,,5.7986,5.7986,0.0,0.0,Cc1ccc(/C=C2\CN(Cc3ccc4ccccc4c3)C/C(=C\c3ccc(C)cc3)C2=O)cc1,False
DGQSERSHMDMJHZ-JQMRRPHZSA-N,1,6.08092,6.08092,,6.08092,6.08092,0.0,0.0,O=C1/C(=C/c2ccc(Br)cc2)CN(Cc2ccc3ccccc3c2)C/C1=C\c1ccc(Br)cc1,False
VBFXJAXVUROSKC-QQXSKIMKSA-N,1,5.74473,5.74473,,5.74473,5.74473,0.0,0.0,Cc1ccc(/C=C2/CNCC3=C2N=C2SC=C(c4ccc(C)cc4)N2C3c2ccc(C)cc2)cc1,False
QVPPFOAURSVYEA-IWIPYMOSSA-N,1,5.64397,5.64397,,5.64397,5.64397,0.0,0.0,Cc1ccc(/C=C2/CNCC3=C2N=C2SC=C(c4ccc(Br)cc4)N2C3c2ccc(C)cc2)cc1,False
WKARSUCWLGJENG-RHANQZHGSA-N,1,6.00877,6.00877,,6.00877,6.00877,0.0,0.0,Cc1ccc(/C=C2/CNCC3=C2N=C2SC=C(c4ccc5ccccc5c4)N2C3c2ccc(C)cc2)cc1,False
VZVVNBLYLFQOEC-HMAPJEAMSA-N,1,5.96257,5.96257,,5.96257,5.96257,0.0,0.0,Cc1ccc(C2=CSC3=NC4=C(CNC/C4=C/c4ccc(Cl)cc4)C(c4ccc(Cl)cc4)N23)cc1,False
XTZMIYZZPNSVNC-MYYYXRDXSA-N,1,5.86967,5.86967,,5.86967,5.86967,0.0,0.0,Clc1ccc(/C=C2/CNCC3=C2N=C2SC=C(c4ccc5ccccc5c4)N2C3c2ccc(Cl)cc2)cc1,False
RYBKTKCXYJVDPH-STZFKDTASA-N,1,5.82974,5.82974,,5.82974,5.82974,0.0,0.0,Brc1ccc(/C=C2/CNCC3=C2N=C2SC=C(c4ccccc4)N2C3c2ccc(Br)cc2)cc1,False
WNYNQMDHMSRYKG-HMAPJEAMSA-N,1,5.99568,5.99568,,5.99568,5.99568,0.0,0.0,Cc1ccc(C2=CSC3=NC4=C(CNC/C4=C/c4ccc(Br)cc4)C(c4ccc(Br)cc4)N23)cc1,False
RYHYUIJQYZLIHK-MYYYXRDXSA-N,1,6.13668,6.13668,,6.13668,6.13668,0.0,0.0,Brc1ccc(/C=C2/CNCC3=C2N=C2SC=C(c4ccc5ccccc5c4)N2C3c2ccc(Br)cc2)cc1,False
HFXNFOSTKCPMIS-UHFFFAOYSA-N,1,7.36051,7.36051,,7.36051,7.36051,0.0,0.0,O=S(=O)(c1ccccc1)n1ccc2c(N3CCN(CCNc4c5c(nc6ccccc46)CCCC5)CC3)cccc21,False
DHTIEPUWNIRXPY-UHFFFAOYSA-N,1,8.01323,8.01323,,8.01323,8.01323,0.0,0.0,O=S(=O)(c1ccccc1)n1ccc2c(N3CCN(CCCNc4c5c(nc6ccccc46)CCCC5)CC3)cccc21,False
QVMOLXHRHHMTTI-UHFFFAOYSA-N,1,7.73993,7.73993,,7.73993,7.73993,0.0,0.0,O=S(=O)(c1ccccc1)n1ccc2c(N3CCN(CCCCCNc4c5c(nc6ccccc46)CCCC5)CC3)cccc21,False
INTOYXAUMDZZCK-UHFFFAOYSA-N,1,7.88941,7.88941,,7.88941,7.88941,0.0,0.0,O=S(=O)(c1ccccc1)n1ccc2c(N3CCN(CCCCCCNc4c5c(nc6ccccc46)CCCC5)CC3)cccc21,False
QVCWJIWRPGTNSS-UHFFFAOYSA-N,1,8.20761,8.20761,,8.20761,8.20761,0.0,0.0,O=S(=O)(c1ccccc1)n1ccc2c(N3CCN(CCCCCCCNc4c5c(nc6ccccc46)CCCC5)CC3)cccc21,False
FZNAHZCVWVQRSJ-UHFFFAOYSA-N,1,8.88606,8.88606,,8.88606,8.88606,0.0,0.0,O=S(=O)(c1ccccc1)n1ccc2c(N3CCN(CCCCCCCCNc4c5c(nc6ccccc46)CCCC5)CC3)cccc21,False
MGCVMPGXEBMMCL-UHFFFAOYSA-N,1,4.89963,4.89963,,4.89963,4.89963,0.0,0.0,O=C1NCCCc2c1c1ccccc1n2CCc1ccccc1,False
LTIQFVDJDQJRPP-UHFFFAOYSA-N,1,5.0,5.0,,5.0,5.0,0.0,0.0,O=C1NCCCc2c1c1ccccc1n2CCc1ccc(F)cc1,False
ZGHYKEDJXGZSTQ-UHFFFAOYSA-N,1,7.48149,7.48149,,7.48149,7.48149,0.0,0.0,O=C1c2ccccc2S(=O)(=O)N1CCCCCNCc1ccccc1,False
MGDTVQGTXWJCKH-UHFFFAOYSA-N,1,6.73049,6.73049,,6.73049,6.73049,0.0,0.0,COc1ccc2nc(NCCc3cc[n+](Cc4ccccc4)cc3)sc2c1,False
DHIFHWRBNWLKSW-UHFFFAOYSA-N,1,6.6517,6.6517,,6.6517,6.6517,0.0,0.0,COc1ccc2nc(NCCc3cc[n+](Cc4ccc(F)cc4)cc3)sc2c1,False
HNIRSKKACUNWIE-UHFFFAOYSA-N,1,6.6925,6.6925,,6.6925,6.6925,0.0,0.0,COc1ccc2nc(NCCc3cc[n+](Cc4c(F)cccc4F)cc3)sc2c1,False
DEFMHIPKLZXSIY-UHFFFAOYSA-N,1,6.57025,6.57025,,6.57025,6.57025,0.0,0.0,Fc1ccc(C[n+]2ccc(CCNc3nc4ccc(F)cc4s3)cc2)cc1,False
PRXIEXWZIFEMSH-UHFFFAOYSA-N,1,7.01773,7.01773,,7.01773,7.01773,0.0,0.0,O=[N+]([O-])c1ccc2nc(NCCc3cc[n+](Cc4ccc(F)cc4)cc3)sc2c1,False
MQPRMCLMRNEVDW-UHFFFAOYSA-N,1,6.11464,6.11464,,6.11464,6.11464,0.0,0.0,CCOC(=O)C1=C(C)Nc2nc3c(c(N)c2C1c1ccc(C(F)(F)F)cc1)CC(C)CC3,False
UYAZZCUMASYCFB-UHFFFAOYSA-N,1,6.25337,6.25337,,6.25337,6.25337,0.0,0.0,CC1=C(C(=O)OC(C)C)C(c2cccc(F)c2)c2c(nc3c(c2N)CC(C)(C)CC3)N1,False
VXPPQPQIZWGZFS-UHFFFAOYSA-N,1,5.94885,5.94885,,5.94885,5.94885,0.0,0.0,CCOC(=O)C1=C(C)Nc2nc3c(c(N)c2C1c1cccc(C(F)(F)F)c1)CC(C)(C)CC3,False
MJVSWROHOTUJRM-UHFFFAOYSA-N,1,5.97675,5.97675,,5.97675,5.97675,0.0,0.0,C=CCOC(=O)C1=C(C)Nc2nc3c(c(N)c2C1c1cccc([N+](=O)[O-])c1)CC(C)(C)CC3,False
ZRAWAPXSUBHWOZ-UHFFFAOYSA-N,1,6.11351,6.11351,,6.11351,6.11351,0.0,0.0,CCOC(=O)C1=C(C)Nc2nc3c(c(N)c2C1c1cccc(Cl)c1)CC(C)(C)CC3,False
JVHJMNINROTJNZ-UHFFFAOYSA-N,1,6.04915,6.04915,,6.04915,6.04915,0.0,0.0,COC(=O)C1=C(C)Nc2nc3c(c(N)c2C1c1ccccc1)CC(C)(C)CC3,False
YZMRPVFFYJXHFO-UHFFFAOYSA-N,1,5.86107,5.86107,,5.86107,5.86107,0.0,0.0,CC1=C(C(=O)OC(C)C)C(c2ccccc2F)c2c(nc3c(c2N)CC(C)(C)CC3)N1,False
NDLBUJGMFUWUJQ-UHFFFAOYSA-N,1,6.1209,6.1209,,6.1209,6.1209,0.0,0.0,CC1=C(C(=O)OC2CCC2)C(c2ccccc2F)c2c(nc3c(c2N)CC(C)(C)CC3)N1,False
KNTBYQICJATPHP-UHFFFAOYSA-N,1,6.03668,6.03668,,6.03668,6.03668,0.0,0.0,COCCOC(=O)C1=C(C)Nc2nc3c(c(N)c2C1c1ccccc1Cl)CC(C)(C)CC3,False
UVEJCHNQYXDGJT-UHFFFAOYSA-N,1,6.01278,6.01278,,6.01278,6.01278,0.0,0.0,CC1=C(C(=O)OCC2CC2)C(c2ccccc2Cl)c2c(nc3c(c2N)CC(C)(C)CC3)N1,False
BKSCVKMNUKKMTH-UHFFFAOYSA-N,1,6.13727,6.13727,,6.13727,6.13727,0.0,0.0,COC(=O)C1=C(C)Nc2nc3c(c(N)c2C1c1cccc([N+](=O)[O-])c1)CSC3,False
YFPHZYCWNBFAPL-UHFFFAOYSA-N,1,6.29757,6.29757,,6.29757,6.29757,0.0,0.0,CCOC(=O)C1=C(C)Nc2nc3c(c(N)c2C1c1cccc([N+](=O)[O-])c1)CC(F)(F)CC3,False
APLYXPPJQTTWEK-UHFFFAOYSA-N,1,6.47756,6.47756,,6.47756,6.47756,0.0,0.0,CCOC(=O)C1=C(C)Nc2nc3c(c(N)c2C1c1cccc([N+](=O)[O-])c1)CC(Cl)(Cl)CC3,False
HUXQSDVMBNLXGQ-UHFFFAOYSA-N,1,6.13549,6.13549,,6.13549,6.13549,0.0,0.0,COC(=O)C1=C(C)Nc2nc3c(c(N)c2C1c1cccc([N+](=O)[O-])c1)CCCC3Cl,False
LNJYGCAFEIECPH-UHFFFAOYSA-N,1,5.95585,5.95585,,5.95585,5.95585,0.0,0.0,COC(=O)C1=C(C)Nc2nc3c(c(N)c2C1c1cccc([N+](=O)[O-])c1)CCC(C)C3,False
KYOYTGGOMCXSQC-UHFFFAOYSA-N,1,6.34679,6.34679,,6.34679,6.34679,0.0,0.0,COC(=O)C1=C(C)Nc2nc3c(c(N)c2C1c1ccccc1)CSCC3,False
MBLDQIHISLCSNE-UHFFFAOYSA-N,1,6.26761,6.26761,,6.26761,6.26761,0.0,0.0,CCOC(=O)C1=C(C(F)(F)F)Nc2nc3c(c(N)c2C1c1cccc([N+](=O)[O-])c1)CC(C)(C)CC3,False
LMRUKUXUSXXRLD-UHFFFAOYSA-N,1,6.07469,6.07469,,6.07469,6.07469,0.0,0.0,CC1=C(C(=O)OC(C)C)C(c2cncnc2)c2c(nc3c(c2N)CC(C)(C)CC3)N1,False
DCIFFTAOKNOUHO-UHFFFAOYSA-N,1,6.74958,6.74958,,6.74958,6.74958,0.0,0.0,CCOC(=O)C1=C(C)Nc2nc3c(c(N)c2C1c1ccccc1OC)CC(C)CC3,False
RNQQNUBOXVKVNM-UHFFFAOYSA-N,1,6.86646,6.86646,,6.86646,6.86646,0.0,0.0,CC1=C(C(=O)OCCN(C)C)C(c2ccccc2)c2c(nc3c(c2N)CC(F)(F)CC3)N1,False
KZUGFMORYINOHI-UHFFFAOYSA-N,1,7.34679,7.34679,,7.34679,7.34679,0.0,0.0,COC(=O)C1=C(C)Nc2nc3c(c(N)c2C1c1cccc([N+](=O)[O-])c1)CC(C)(C)CC3,False
CJOKBSAEXRAEIR-UHFFFAOYSA-N,1,5.22475,5.22475,,5.22475,5.22475,0.0,0.0,CCOC(=O)C1=C(C)Nc2nc3c(c(N)c2C1c1cccc([N+](=O)[O-])c1)CC(C)(C)CC3,False
NKSOLADTIRLMCA-UHFFFAOYSA-N,1,5.51856,5.51856,,5.51856,5.51856,0.0,0.0,CC1=C(C(=O)OC(C)C)C(c2ccccc2Cl)c2c(nc3c(c2N)CC(C)(C)CC3)N1,False
HVGDAGZJUYPZPA-UHFFFAOYSA-N,1,5.16002,5.16002,,5.16002,5.16002,0.0,0.0,CC1=C(C(=O)OC(C)C)C(c2cccc(Cl)c2)c2c(nc3c(c2N)CC(C)(C)CC3)N1,False
DAAOIXZBUFXSNW-UHFFFAOYSA-N,1,5.73613,5.73613,,5.73613,5.73613,0.0,0.0,CCOC(=O)C1=C(C)Nc2nc3c(c(N)c2C1c1cccc(F)c1)CC(C)(C)CC3,False
JJIWBBUETGHMOL-UHFFFAOYSA-N,1,5.74958,5.74958,,5.74958,5.74958,0.0,0.0,C=CCOC(=O)C1=C(C)Nc2nc3c(c(N)c2C1c1cccc(F)c1)CC(C)(C)CC3,False
OHGAQBUPHRMCEV-UHFFFAOYSA-N,1,5.74666,5.74666,,5.74666,5.74666,0.0,0.0,C#CCOC(=O)C1=C(C)Nc2nc3c(c(N)c2C1c1cccc(F)c1)CC(C)(C)CC3,False
HSZBACZLZDUQOX-UHFFFAOYSA-N,1,5.71489,5.71489,,5.71489,5.71489,0.0,0.0,C#CCOC(=O)C1=C(C)Nc2nc3c(c(N)c2C1c1cccc([N+](=O)[O-])c1)CC(C)(C)CC3,False
VMOQBQJCSJPFBC-UHFFFAOYSA-N,1,5.73049,5.73049,,5.73049,5.73049,0.0,0.0,CCOC(=O)C1=C(C)N(C)c2nc3c(c(N)c2C1c1ccccc1Cl)CC(C)(C)CC3,False
MXBCJMNQGGWMNB-ZRDIBKRKSA-N,1,4.63451,4.63451,,4.63451,4.63451,0.0,0.0,COc1cc(/C=C/C(=O)Nc2ccccc2)ccc1OCCN(C)C,False
DPQGNFXYASLNPM-ACCUITESSA-N,1,4.47031,4.47031,,4.47031,4.47031,0.0,0.0,COc1cc(/C=C/C(=O)Nc2ccccc2)ccc1OCCCN(C)C,False
YXZMDZDIYPWGCC-FYWRMAATSA-N,1,4.48122,4.48122,,4.48122,4.48122,0.0,0.0,COc1cc(/C=C/C(=O)Nc2ccccc2)ccc1OCCCCCN(C)C,False
VKLXDYMSDQZNBL-JQIJEIRASA-N,1,5.07572,5.07572,,5.07572,5.07572,0.0,0.0,COc1cc(/C=C/C(=O)Nc2ccccc2)ccc1OCCCCCCN(C)C,False
LVAPRXNJGUAWBC-FBMGVBCBSA-N,1,5.04818,5.04818,,5.04818,5.04818,0.0,0.0,COc1cc(/C=C/C(=O)Nc2ccccc2)ccc1OCCCCCCCCN(C)C,False
YCMQYVCSBIXFBB-CZIZESTLSA-N,1,5.00305,5.00305,,5.00305,5.00305,0.0,0.0,COc1cc(/C=C/C(=O)Nc2ccccc2)ccc1OCCCCCCCCCCN(C)C,False
BBYZVSNUMPLANP-WYMLVPIESA-N,1,4.38658,4.38658,,4.38658,4.38658,0.0,0.0,CCN(CC)CCOc1ccc(/C=C/C(=O)Nc2ccccc2)cc1OC,False
MIVXLVIUXDGSMV-FYWRMAATSA-N,1,4.62489,4.62489,,4.62489,4.62489,0.0,0.0,CCN(CC)CCCOc1ccc(/C=C/C(=O)Nc2ccccc2)cc1OC,False
ZEAQJQXLHTVQCH-JQIJEIRASA-N,1,4.38059,4.38059,,4.38059,4.38059,0.0,0.0,CCN(CC)CCCCOc1ccc(/C=C/C(=O)Nc2ccccc2)cc1OC,False
ZCCVLZJUIKJUDQ-BMRADRMJSA-N,1,4.7217,4.7217,,4.7217,4.7217,0.0,0.0,CCN(CC)CCCCCOc1ccc(/C=C/C(=O)Nc2ccccc2)cc1OC,False
SUHSTQZPQZATNC-FBMGVBCBSA-N,1,5.73755,5.73755,,5.73755,5.73755,0.0,0.0,CCN(CC)CCCCCCOc1ccc(/C=C/C(=O)Nc2ccccc2)cc1OC,False
CEMCHKPKVITYSX-CZIZESTLSA-N,1,5.86646,5.86646,,5.86646,5.86646,0.0,0.0,CCN(CC)CCCCCCCCOc1ccc(/C=C/C(=O)Nc2ccccc2)cc1OC,False
JDTJRFQWXXRFPX-LSDHQDQOSA-N,1,4.82623,4.82623,,4.82623,4.82623,0.0,0.0,CCN(CC)CCCCCCCCCCOc1ccc(/C=C/C(=O)Nc2ccccc2)cc1OC,False
PQAFELCHIANEDB-FYWRMAATSA-N,1,5.7122,5.7122,,5.7122,5.7122,0.0,0.0,CCOC(=O)/C=C/c1ccc(OCCCCCCN(CC)CC)c(OC)c1,False
RDISTOXSPWHYOS-ACCUITESSA-N,1,5.57349,5.57349,,5.57349,5.57349,0.0,0.0,CCN(CC)CCCCCCOc1ccc(/C=C/C(=O)O)cc1OC,False
KUFZKQHKJGVJHQ-BMRADRMJSA-N,1,5.80688,5.80688,,5.80688,5.80688,0.0,0.0,CCOC(=O)/C=C/c1ccc(OCCCCCCCCN(CC)CC)c(OC)c1,False
MTLAAHSBOUTZHH-FYWRMAATSA-N,1,5.49757,5.49757,,5.49757,5.49757,0.0,0.0,CCN(CC)CCCCCCCCOc1ccc(/C=C/C(=O)O)cc1OC,False
SUCBPGDIKUCNLJ-ACCUITESSA-N,1,4.7122,4.7122,,4.7122,4.7122,0.0,0.0,COc1cc(/C=C/C(=O)Nc2ccccc2)ccc1OCCN1CCCCC1,False
VPSLKDXFDUXJBW-WYMLVPIESA-N,1,4.83923,4.83923,,4.83923,4.83923,0.0,0.0,COc1cc(/C=C/C(=O)Nc2ccccc2)ccc1OCCCN1CCCCC1,False
GXMWXTXGYXFVDJ-FYWRMAATSA-N,1,5.1463,5.1463,,5.1463,5.1463,0.0,0.0,COc1cc(/C=C/C(=O)Nc2ccccc2)ccc1OCCCCN1CCCCC1,False
YKHAIGLEUINAGM-JQIJEIRASA-N,1,5.31876,5.31876,,5.31876,5.31876,0.0,0.0,COc1cc(/C=C/C(=O)Nc2ccccc2)ccc1OCCCCCN1CCCCC1,False
MAZPMOOWHCJJOW-BMRADRMJSA-N,1,6.14874,6.14874,,6.14874,6.14874,0.0,0.0,COc1cc(/C=C/C(=O)Nc2ccccc2)ccc1OCCCCCCN1CCCCC1,False
SCYGNMDNXKFRRE-HTXNQAPBSA-N,1,5.3851,5.3851,,5.3851,5.3851,0.0,0.0,COc1cc(/C=C/C(=O)Nc2ccccc2)ccc1OCCCCCCCCN1CCCCC1,False
YJOPXKGZSGOMKN-XUTLUUPISA-N,1,4.95429,4.95429,,4.95429,4.95429,0.0,0.0,COc1cc(/C=C/C(=O)Nc2ccccc2)ccc1OCCCCCCCCCCN1CCCCC1,False
WYHMIVYQSACMED-WYMLVPIESA-N,1,5.57675,5.57675,,5.57675,5.57675,0.0,0.0,CCOC(=O)/C=C/c1ccc(OCCCCCCN2CCCCC2)c(OC)c1,False
VYHSSRYMBFDMPM-ZRDIBKRKSA-N,1,4.34151,4.34151,,4.34151,4.34151,0.0,0.0,COc1cc(/C=C/C(=O)O)ccc1OCCCCCCN1CCCCC1,False
TZUVDPNIKKXCNG-ZRDIBKRKSA-N,1,4.45432,4.45432,,4.45432,4.45432,0.0,0.0,COc1cc(/C=C/C(=O)Nc2ccccc2)ccc1OCCN1CCCC1,False
YOBAAIRRDJUNFP-ACCUITESSA-N,1,4.43016,4.43016,,4.43016,4.43016,0.0,0.0,COc1cc(/C=C/C(=O)Nc2ccccc2)ccc1OCCCN1CCCC1,False
ABOSKQBOCJYUER-WYMLVPIESA-N,1,4.6135,4.6135,,4.6135,4.6135,0.0,0.0,COc1cc(/C=C/C(=O)Nc2ccccc2)ccc1OCCCCN1CCCC1,False
GWVKNWGBCFHQGD-FYWRMAATSA-N,1,5.20691,5.20691,,5.20691,5.20691,0.0,0.0,COc1cc(/C=C/C(=O)Nc2ccccc2)ccc1OCCCCCN1CCCC1,False
XYELBLVOUGSOOD-JQIJEIRASA-N,1,5.95468,5.95468,,5.95468,5.95468,0.0,0.0,COc1cc(/C=C/C(=O)Nc2ccccc2)ccc1OCCCCCCN1CCCC1,False
JPZBGYAKFYXSAQ-FBMGVBCBSA-N,1,5.53611,5.53611,,5.53611,5.53611,0.0,0.0,COc1cc(/C=C/C(=O)Nc2ccccc2)ccc1OCCCCCCCCN1CCCC1,False
AMUTWSXNULHLCP-CZIZESTLSA-N,1,4.86902,4.86902,,4.86902,4.86902,0.0,0.0,COc1cc(/C=C/C(=O)Nc2ccccc2)ccc1OCCCCCCCCCCN1CCCC1,False
NFUINQRBUABRIL-ACCUITESSA-N,1,5.29671,5.29671,,5.29671,5.29671,0.0,0.0,CCOC(=O)/C=C/c1ccc(OCCCCCCN2CCCC2)c(OC)c1,False
JIQGNGJSPXZNBD-PKNBQFBNSA-N,1,4.15546,4.15546,,4.15546,4.15546,0.0,0.0,COc1cc(/C=C/C(=O)O)ccc1OCCCCCCN1CCCC1,False
QWBLOIWIJRGVSF-UHFFFAOYSA-N,1,5.54516,5.54516,,5.54516,5.54516,0.0,0.0,Cc1ccc(C2c3ccc4cccnc4c3Oc3nc4c(c(N)c32)CCCC4)cc1,False
UIYNBKZEXYKPIY-UHFFFAOYSA-N,1,5.82102,5.82102,,5.82102,5.82102,0.0,0.0,COc1ccc(C2c3ccc4cccnc4c3Oc3nc4c(c(N)c32)CCCC4)cc1,False
VQICOKOVXNVBBA-UHFFFAOYSA-N,1,6.12494,6.12494,,6.12494,6.12494,0.0,0.0,COc1cccc(C2c3ccc4cccnc4c3Oc3nc4c(c(N)c32)CCCC4)c1,False
GIEJCGGPITUYIN-UHFFFAOYSA-N,1,5.65758,5.65758,,5.65758,5.65758,0.0,0.0,Nc1c2c(nc3c1C(c1cccc(F)c1)c1ccc4cccnc4c1O3)CCCC2,False
KIKQXFWUWFWQLD-UHFFFAOYSA-N,1,5.76195,5.76195,,5.76195,5.76195,0.0,0.0,Nc1c2c(nc3c1C(c1ccccc1)c1ccc4cccnc4c1O3)CCCC2,False
ZIGIADNCAWZUAB-CTNGQTDRSA-N,1,6.95861,6.95861,,6.95861,6.95861,0.0,0.0,CC(C)c1ccc(NC(=O)Oc2ccc3c(c2)[C@]2(C)CCN[C@@H]2N3)cc1,False
OHQQAOGBRHYAEP-UWVJOHFNSA-N,1,4.61439,4.61439,,4.61439,4.61439,0.0,0.0,COc1cc2c(cc1OC)C(=O)/C(=C/c1ccc(CN(C)C)c(O)c1)O2,False
AQBAEXVPMJRMEK-FBHDLOMBSA-N,1,6.1549,6.1549,,6.1549,6.1549,0.0,0.0,CCN(CC)Cc1ccc(/C=C2\Oc3cc(OC)c(OC)cc3C2=O)cc1O,False
JMSMSQFGNNCXFC-FBHDLOMBSA-N,1,5.87943,5.87943,,5.87943,5.87943,0.0,0.0,COc1cc2c(cc1OC)C(=O)/C(=C/c1ccc(CN3CCCC3)c(O)c1)O2,False
GUEFWBGMYQHYFE-JJFYIABZSA-N,1,7.43063,7.43063,,7.43063,7.43063,0.0,0.0,COc1cc2c(cc1OC)C(=O)/C(=C/c1ccc(CN3CCCCC3)c(O)c1)O2,False
NPUJPCOYJUZEQX-FBHDLOMBSA-N,1,5.22185,5.22185,,5.22185,5.22185,0.0,0.0,COc1cc2c(cc1OC)C(=O)/C(=C/c1ccc(CN3CCOCC3)c(O)c1)O2,False
BQJUWCUFUNRLRW-JJFYIABZSA-N,1,4.85387,4.85387,,4.85387,4.85387,0.0,0.0,COc1cc2c(cc1OC)C(=O)/C(=C/c1ccc(CN3CCN(C)CC3)c(O)c1)O2,False
VCQZLWSJINDCMX-FMCGGJTJSA-N,1,4.49349,4.49349,,4.49349,4.49349,0.0,0.0,CCN1CCN(Cc2ccc(/C=C3\Oc4cc(OC)c(OC)cc4C3=O)cc2O)CC1,False
KMQQQODROPIVSA-ROTLSHHCSA-N,1,4.58004,4.58004,,4.58004,4.58004,0.0,0.0,COc1cc2c(cc1OC)C(=O)/C(=C/c1ccc(CN(C)Cc3ccccc3)c(O)c1)O2,False
CIXOQJMFWVATNE-MUXKCCDJSA-N,1,5.17457,5.17457,,5.17457,5.17457,0.0,0.0,CCN(Cc1ccc(/C=C2\Oc3cc(OC)c(OC)cc3C2=O)cc1O)Cc1ccccc1N(C)C,False
SDHJLISGUOUYEM-UWVJOHFNSA-N,1,6.29243,6.29243,,6.29243,6.29243,0.0,0.0,COc1cc2c(cc1OC)C(=O)/C(=C/c1ccc(O)c(CN(C)C)c1)O2,False
DRFSBESSKRBXBM-UHFFFAOYSA-N,1,5.0655,5.0655,,5.0655,5.0655,0.0,0.0,COc1ccc(CNc2nc(NC(N)=O)nc3ccccc23)cc1OC,False
JHYPOEYZLGFXQR-UHFFFAOYSA-N,1,5.08092,5.08092,,5.08092,5.08092,0.0,0.0,NC(=O)Nc1nc(NCc2ccccc2)c2ccccc2n1,False
FLDAYDCSQFECEJ-UHFFFAOYSA-N,1,5.06048,5.06048,,5.06048,5.06048,0.0,0.0,COc1ccc(CCNc2nc(NC(N)=O)nc3ccccc23)cc1OC,False
TXJCFAYDADYYJH-UHFFFAOYSA-N,1,5.10237,5.10237,,5.10237,5.10237,0.0,0.0,NC(=O)Nc1nc(NCCc2ccccc2)c2ccccc2n1,False
VKTRQOIHJBCMRN-UHFFFAOYSA-N,1,5.07058,5.07058,,5.07058,5.07058,0.0,0.0,COc1ccc(CNc2nc(NC(C)=O)nc3ccccc23)cc1OC,False
WVVLINPPZXEPNK-UHFFFAOYSA-N,1,5.12494,5.12494,,5.12494,5.12494,0.0,0.0,CC(=O)Nc1nc(NCc2ccccc2)c2ccccc2n1,False
VZCLQGIAEJZYJS-UHFFFAOYSA-N,1,5.25181,5.25181,,5.25181,5.25181,0.0,0.0,CCCNc1nc(NCc2ccc(OC)c(OC)c2)c2ccccc2n1,False
MOIHFYGKSJRYIE-UHFFFAOYSA-N,1,5.14267,5.14267,,5.14267,5.14267,0.0,0.0,COc1ccc(CNc2nc(NC3CC3)nc3ccccc23)cc1OC,False
MWOWSIYESYQDJH-UHFFFAOYSA-N,1,5.12494,5.12494,,5.12494,5.12494,0.0,0.0,CCNc1nc(NCc2ccccc2)c2ccccc2n1,False
JRRZCALMUDMAKV-UHFFFAOYSA-N,1,5.10791,5.10791,,5.10791,5.10791,0.0,0.0,CCCNc1nc(NCc2ccccc2)c2ccccc2n1,False
ZCSQLTMELGWEIN-UHFFFAOYSA-N,1,5.19382,5.19382,,5.19382,5.19382,0.0,0.0,CC(C)Nc1nc(NCc2ccccc2)c2ccccc2n1,False
ISNUVLPBKHDGCQ-UHFFFAOYSA-N,1,5.18046,5.18046,,5.18046,5.18046,0.0,0.0,c1ccc(CNc2nc(NC3CC3)nc3ccccc23)cc1,False
CAYWTKCBFPBSRM-UHFFFAOYSA-N,1,5.07058,5.07058,,5.07058,5.07058,0.0,0.0,CNc1nc(NCCc2ccc(OC)c(OC)c2)c2ccccc2n1,False
BSQRZHCDRKROCR-UHFFFAOYSA-N,1,5.12494,5.12494,,5.12494,5.12494,0.0,0.0,CCNc1nc(NCCc2ccc(OC)c(OC)c2)c2ccccc2n1,False
POBOHPBOMIXXMU-UHFFFAOYSA-N,1,5.1549,5.1549,,5.1549,5.1549,0.0,0.0,CCCNc1nc(NCCc2ccc(OC)c(OC)c2)c2ccccc2n1,False
VFNGLFSCRLQIGD-UHFFFAOYSA-N,1,5.14267,5.14267,,5.14267,5.14267,0.0,0.0,COc1ccc(CCNc2nc(NC3CC3)nc3ccccc23)cc1OC,False
GIJJXBWHJXYRLM-UHFFFAOYSA-N,1,5.06048,5.06048,,5.06048,5.06048,0.0,0.0,CNc1nc(NCCc2ccccc2)c2ccccc2n1,False
KIBDZBXFNYGLIL-UHFFFAOYSA-N,1,5.11919,5.11919,,5.11919,5.11919,0.0,0.0,CCNc1nc(NCCc2ccccc2)c2ccccc2n1,False
XBQWDVQOXXSCIB-UHFFFAOYSA-N,1,5.14267,5.14267,,5.14267,5.14267,0.0,0.0,CCCNc1nc(NCCc2ccccc2)c2ccccc2n1,False
FPUNSMTXHBASTG-UHFFFAOYSA-N,1,5.14267,5.14267,,5.14267,5.14267,0.0,0.0,CC(C)Nc1nc(NCCc2ccccc2)c2ccccc2n1,False
RLWIYDVUQKJTSM-UHFFFAOYSA-N,1,5.0655,5.0655,,5.0655,5.0655,0.0,0.0,c1ccc(CCNc2nc(NC3CC3)nc3ccccc23)cc1,False
BLBJFWLORCOHBS-UHFFFAOYSA-N,1,5.13077,5.13077,,5.13077,5.13077,0.0,0.0,COc1ccc(CNc2nc(CC(N)=O)nc3ccccc23)cc1OC,False
QDRAEXWSWSOQJD-UHFFFAOYSA-N,1,5.14267,5.14267,,5.14267,5.14267,0.0,0.0,NC(=O)Cc1nc(NCc2ccccc2)c2ccccc2n1,False
IQRUJTCHAGTJBS-UHFFFAOYSA-N,1,4.90309,4.90309,,4.90309,4.90309,0.0,0.0,COc1ccc(CCNc2nc(CC(N)=O)nc3ccccc23)cc1OC,False
AMBHFJHBILUQIM-UHFFFAOYSA-N,1,5.13668,5.13668,,5.13668,5.13668,0.0,0.0,NC(=O)Cc1nc(NCCc2ccccc2)c2ccccc2n1,False
XLBZMPCSCLBTGH-UHFFFAOYSA-N,1,5.13077,5.13077,,5.13077,5.13077,0.0,0.0,COc1ccc(CCNc2nc(NC(C)=O)nc3ccccc23)cc1OC,False
VQKVYAIAPBPQEF-UHFFFAOYSA-N,1,5.1549,5.1549,,5.1549,5.1549,0.0,0.0,CC(=O)Nc1nc(NCCc2ccccc2)c2ccccc2n1,False
FATQYLGZPDKQQL-UHFFFAOYSA-N,1,5.13668,5.13668,,5.13668,5.13668,0.0,0.0,CNc1nc(NCc2ccc(OC)c(OC)c2)c2ccccc2n1,False
JSWJSFQSZOCUKU-UHFFFAOYSA-N,1,5.20066,5.20066,,5.20066,5.20066,0.0,0.0,CCNc1nc(NCc2ccc(OC)c(OC)c2)c2ccccc2n1,False
DWVMMOWLQGQFHO-UHFFFAOYSA-N,1,5.16749,5.16749,,5.16749,5.16749,0.0,0.0,COc1ccc(CNc2nc(NC(C)C)nc3ccccc23)cc1OC,False
JMYLZKXFAKCSQR-UHFFFAOYSA-N,1,5.09691,5.09691,,5.09691,5.09691,0.0,0.0,CNc1nc(NCc2ccccc2)c2ccccc2n1,False
ZHDADBWRFGGICV-UHFFFAOYSA-N,1,5.11919,5.11919,,5.11919,5.11919,0.0,0.0,COc1ccc(CCNc2nc(NC(C)C)nc3ccccc23)cc1OC,False
DXTLABYQANGISE-UHFFFAOYSA-N,1,6.59688,6.59688,,6.59688,6.59688,0.0,0.0,O=C(CCCC1CCSS1)NCCCNc1c2c(nc3cc(Cl)ccc13)CCCC2,False
XZNDKAUHJQWCTR-AATRIKPKSA-N,1,5.05552,5.05552,,5.05552,5.05552,0.0,0.0,Oc1cc(O)cc(/C=C/c2ccc(Nc3c4c(nc5cc(Cl)ccc35)CCCC4)cc2)c1,False
MDXJIXIXYVKOEN-UHFFFAOYSA-N,1,5.88606,5.88606,,5.88606,5.88606,0.0,0.0,Oc1cc(O)cc(CCc2ccc(Nc3c4c(nc5cc(Cl)ccc35)CCCC4)cc2)c1,False
BOGAHAUMRNNWPE-UHFFFAOYSA-N,1,4.84771,4.84771,,4.84771,4.84771,0.0,0.0,COc1cc(CCc2ccc(Nc3c4c(nc5ccccc35)CCCC4)cc2)cc(OC)c1,False
CIHBFWGGJXFNKH-UHFFFAOYSA-N,1,6.09691,6.09691,,6.09691,6.09691,0.0,0.0,COc1cc(CCc2ccc(Nc3c4c(nc5cc(Cl)ccc35)CCCC4)cc2)cc(OC)c1,False
ANZXOIAKUNOVQU-UHFFFAOYSA-N,2,4.76144,4.76144,0.337374787439726,4.52288,5.0,0.2385600000000001,0.4771200000000002,CN(C)C(=O)Oc1cc(OC(=O)N(C)C)cc(C(O)CNC(C)(C)C)c1,False
SYWTZCLVKUGBKA-UHFFFAOYSA-N,1,5.0,5.0,,5.0,5.0,0.0,0.0,CCC(C)(C)NCC(O)c1cc(OC(=O)N(C)C)cc(OC(=O)N(C)C)c1,False
YITYTBZFPWLRCG-UHFFFAOYSA-N,1,5.0,5.0,,5.0,5.0,0.0,0.0,CCN(C)C(=O)Oc1cc(OC(=O)N(C)CC)cc(C(O)CNC(C)(C)CC)c1,False
ZRPZUGGLHWKONF-UHFFFAOYSA-N,1,5.19382,5.19382,,5.19382,5.19382,0.0,0.0,N#CC1=C(N)N2CCNC2=C([N+](=O)[O-])C12c1ccccc1-c1nc3ccccc3nc12,False
DWSSZRKFQKPFIB-UHFFFAOYSA-N,1,5.18046,5.18046,,5.18046,5.18046,0.0,0.0,Cc1cc2nc3c(nc2cc1C)C1(C(C#N)=C(N)N2CCNC2=C1[N+](=O)[O-])c1ccccc1-3,False
BQVIUUDOHMPIGH-UHFFFAOYSA-N,1,5.18709,5.18709,,5.18709,5.18709,0.0,0.0,N#CC1=C(N)N2CCNC2=C([N+](=O)[O-])C12c1ccccc1-c1nc3ccc([N+](=O)[O-])cc3nc12,False
IBJQDSCPPKPDCZ-UHFFFAOYSA-N,1,5.37675,5.37675,,5.37675,5.37675,0.0,0.0,N#CC1=C(N)N2CCCNC2=C([N+](=O)[O-])C12c1ccccc1-c1nc3ccccc3nc12,False
VYYOWKBDUQMHCO-UHFFFAOYSA-N,1,5.24413,5.24413,,5.24413,5.24413,0.0,0.0,Cc1cc2nc3c(nc2cc1C)C1(C(C#N)=C(N)N2CCCNC2=C1[N+](=O)[O-])c1ccccc1-3,False
XSTOAKTXDFOBKX-UHFFFAOYSA-N,1,5.40894,5.40894,,5.40894,5.40894,0.0,0.0,N#CC1=C(N)N2CCCNC2=C([N+](=O)[O-])C12c1ccccc1-c1nc3ccc([N+](=O)[O-])cc3nc12,False
VUIISSUPVZMMGI-UHFFFAOYSA-N,1,5.36653,5.36653,,5.36653,5.36653,0.0,0.0,CC1(C)CNC2=C([N+](=O)[O-])C3(C(C#N)=C(N)N2C1)c1ccccc1-c1nc2ccccc2nc13,False
XGHROOZLNALGLN-UHFFFAOYSA-N,1,5.39794,5.39794,,5.39794,5.39794,0.0,0.0,Cc1cc2nc3c(nc2cc1C)C1(C(C#N)=C(N)N2CC(C)(C)CNC2=C1[N+](=O)[O-])c1ccccc1-3,False
MAFAISNXFRSCJB-UHFFFAOYSA-N,1,5.4437,5.4437,,5.4437,5.4437,0.0,0.0,CC1(C)CNC2=C([N+](=O)[O-])C3(C(C#N)=C(N)N2C1)c1ccccc1-c1nc2ccc([N+](=O)[O-])cc2nc13,False
HNDAZVJZHUACSG-UHFFFAOYSA-N,1,5.27572,5.27572,,5.27572,5.27572,0.0,0.0,N#CC1=C(N)N(Cc2ccccc2)C(NCc2ccccc2)=C([N+](=O)[O-])C12c1ccccc1-c1nc3ccccc3nc12,False
CGXIOTWPJFYRNX-UHFFFAOYSA-N,1,5.23657,5.23657,,5.23657,5.23657,0.0,0.0,Cc1cc2nc3c(nc2cc1C)C1(C(C#N)=C(N)N(Cc2ccccc2)C(NCc2ccccc2)=C1[N+](=O)[O-])c1ccccc1-3,False
VTUGXCZRGXSART-UHFFFAOYSA-N,1,5.35655,5.35655,,5.35655,5.35655,0.0,0.0,N#CC1=C(N)N(Cc2ccccc2)C(NCc2ccccc2)=C([N+](=O)[O-])C12c1ccccc1-c1nc3ccc([N+](=O)[O-])cc3nc12,False
ZWIYUBCAUDUSLA-JQIJEIRASA-N,1,5.41794,5.41794,,5.41794,5.41794,0.0,0.0,COc1cc(/C=C/C(=O)N2CCC(Cc3ccccc3)CC2)ccc1OCCCCN1CCc2ccccc2C1,False
NQJJXIHXKYJTFG-UHFFFAOYSA-O,1,7.38722,7.38722,,7.38722,7.38722,0.0,0.0,COc1cc2c(cc1OC)C(=O)C(Cc1cc[n+](Cc3cccc(Cl)c3)cc1C(N)=O)C2,False
UXXRHYNFNMKJKO-UHFFFAOYSA-N,1,6.36856,6.36856,,6.36856,6.36856,0.0,0.0,COc1cc2c(cc1OC)C(=O)C(CC1C=CN(Cc3ccccc3C)C=C1C(C)=O)C2,False
HGNCFUVNDTUKIL-UHFFFAOYSA-N,1,6.0,6.0,,6.0,6.0,0.0,0.0,CC(=O)C1=CN(Cc2ccccc2C)C=CC1CC1Cc2cc3c(cc2C1=O)OCO3,False
DNSZEYFLEJCSEL-UHFFFAOYSA-N,1,6.0,6.0,,6.0,6.0,0.0,0.0,COc1ccc2c(c1)CC(CC1C=CN(Cc3ccccc3C)C=C1C(C)=O)C2=O,False
ASPFGIJSPMICGX-UHFFFAOYSA-N,1,6.18509,6.18509,,6.18509,6.18509,0.0,0.0,CC(=O)C1=CN(Cc2ccccc2C)C=CC1CC1Cc2cc(C)c(C)cc2C1=O,False
FDNONNIZVXIZQU-UHFFFAOYSA-N,1,6.0,6.0,,6.0,6.0,0.0,0.0,CC(=O)C1=CN(Cc2ccccc2C)C=CC1CC1Cc2cc(C)ccc2C1=O,False
IRSKLJAPYHNFND-UHFFFAOYSA-N,1,6.0,6.0,,6.0,6.0,0.0,0.0,CC(=O)C1=CN(Cc2ccccc2C)C=CC1CC1Cc2cc(Cl)ccc2C1=O,False
ZPTWYAMVKNUYLG-UHFFFAOYSA-N,1,6.0,6.0,,6.0,6.0,0.0,0.0,COc1cc2c(cc1OC)C(=O)C(CC1C=CN(Cc3ccccc3C)C=C1C(N)=O)C2,False
JEGKSGQGZBQTIZ-UHFFFAOYSA-N,3,5.27254,5.28066,0.7153145666068877,4.56944,6.0,0.7031000000000001,1.4305599999999998,COc1cc2c(cc1OC)C(=O)C(CC1C=CN(Cc3cccc(Cl)c3)C=C1C(N)=O)C2,False
OOYNHOMEWFKIFQ-UHFFFAOYSA-O,1,6.16877,6.16877,,6.16877,6.16877,0.0,0.0,COc1cc2c(cc1OC)C(=O)C(Cc1cc[n+](Cc3ccccc3C)cc1C(N)=O)C2,False
OQTFGAPLIYDDDI-UHFFFAOYSA-N,1,8.23657,8.23657,,8.23657,8.23657,0.0,0.0,COC(=O)c1c[n+](Cc2ccccc2C)ccc1CC1Cc2cc(OC)c(OC)cc2C1=O,False
SZDZCRACSHIWOZ-UHFFFAOYSA-N,1,7.59176,7.59176,,7.59176,7.59176,0.0,0.0,COC(=O)c1c[n+](Cc2ccccc2)ccc1CC1Cc2cc(OC)c(OC)cc2C1=O,False
RYWJEDSCSCWXJA-UHFFFAOYSA-O,1,6.0,6.0,,6.0,6.0,0.0,0.0,CNC(=O)c1c[n+](Cc2ccccc2C)ccc1CC1Cc2cc(OC)c(OC)cc2C1=O,False
RDLXQEIZUPJJSP-UHFFFAOYSA-O,1,6.0,6.0,,6.0,6.0,0.0,0.0,CNC(=O)c1c[n+](Cc2ccccc2)ccc1CC1Cc2cc(OC)c(OC)cc2C1=O,False
MKDMFAQJDRUVFQ-UHFFFAOYSA-N,1,6.5817,6.5817,,6.5817,6.5817,0.0,0.0,CC(=O)c1c[n+](Cc2ccccc2C)ccc1CC1Cc2cc(Cl)ccc2C1=O,False
ZCRIJMJHFHJQDW-UHFFFAOYSA-N,1,7.04096,7.04096,,7.04096,7.04096,0.0,0.0,CC(=O)c1c[n+](Cc2ccccc2C)ccc1CC1Cc2cc(C)ccc2C1=O,False
QUWXVIQPKZAESI-UHFFFAOYSA-N,1,7.55752,7.55752,,7.55752,7.55752,0.0,0.0,CC(=O)c1c[n+](Cc2ccccc2C)ccc1CC1Cc2cc(C)c(C)cc2C1=O,False
OAJIBEPXRANJSK-UHFFFAOYSA-N,1,7.52288,7.52288,,7.52288,7.52288,0.0,0.0,COc1ccc2c(c1)CC(Cc1cc[n+](Cc3ccccc3C)cc1C(C)=O)C2=O,False
PFASLSOBNPNVOU-UHFFFAOYSA-N,1,7.22185,7.22185,,7.22185,7.22185,0.0,0.0,CC(=O)c1c[n+](Cc2ccccc2C)ccc1CC1Cc2cc3c(cc2C1=O)OCO3,False
WGCUDLXQJIKMMP-UHFFFAOYSA-N,1,8.48545,8.48545,,8.48545,8.48545,0.0,0.0,COc1cc2c(cc1OC)C(=O)C(Cc1cc[n+](Cc3cccc(Cl)c3)cc1C(C)=O)C2,False
SQPBPOPGUFYZGO-UHFFFAOYSA-N,1,7.74473,7.74473,,7.74473,7.74473,0.0,0.0,COc1cc2c(cc1OC)C(=O)C(Cc1cc[n+](Cc3ccccc3Cl)cc1C(C)=O)C2,False
OOVWJKDNMPDEIH-UHFFFAOYSA-N,1,7.85387,7.85387,,7.85387,7.85387,0.0,0.0,COc1cc2c(cc1OC)C(=O)C(Cc1cc[n+](Cc3cccc(C)c3)cc1C(C)=O)C2,False
DAIAFJXGDWYUNT-UHFFFAOYSA-N,1,8.05552,8.05552,,8.05552,8.05552,0.0,0.0,COc1cc2c(cc1OC)C(=O)C(Cc1cc[n+](Cc3ccccc3C)cc1C(C)=O)C2,False
RCDHLIBZXYWMNZ-UHFFFAOYSA-N,1,7.74473,7.74473,,7.74473,7.74473,0.0,0.0,COc1cc2c(cc1OC)C(=O)C(Cc1cc[n+](Cc3ccccc3)cc1C(C)=O)C2,False
LNSPEKLNBMYCKH-UHFFFAOYSA-N,1,8.53462,8.53462,,8.53462,8.53462,0.0,0.0,COc1cc2c(cc1OC)C(=O)C(Cc1cc[n+](Cc3ccccc3)cc1C#N)C2,False
RCRQOFLAAVCAGE-UHFFFAOYSA-N,1,7.43771,7.43771,,7.43771,7.43771,0.0,0.0,COc1cc2c(cc1OC)C(=O)C(Cc1cc[n+](Cc3ccccc3)cc1)C2,False
YHZLWNOQTNOLTB-UHFFFAOYSA-N,2,7.69897,7.69897,0.0,7.69897,7.69897,0.0,0.0,COC(=O)c1cc2c(OC(=O)N(C)C)cccc2[n+](C)c1,False
FRMYHFABGOUZJS-UHFFFAOYSA-N,1,5.65758,5.65758,,5.65758,5.65758,0.0,0.0,COc1ccc(CNc2c3c(nc4ccccc24)CCCC3)cc1OC,False
JHMQETKRNMIKSU-UHFFFAOYSA-N,1,6.09691,6.09691,,6.09691,6.09691,0.0,0.0,COc1ccc(CNc2c3c(nc4cc(Cl)ccc24)CCCC3)cc1OC,False
RUXUXXGSLJSRTL-UHFFFAOYSA-N,1,6.22185,6.22185,,6.22185,6.22185,0.0,0.0,COc1ccc(CCNc2c3c(nc4cc(Cl)ccc24)CCCC3)cc1OC,False
FKNJQDQMEVFNQX-UHFFFAOYSA-N,1,7.04576,7.04576,,7.04576,7.04576,0.0,0.0,Clc1ccc2c(NCc3ccccn3)c3c(nc2c1)CCCC3,False
WYIYLVMTBPAZLA-ZDUSSCGKSA-N,1,5.09691,5.09691,,5.09691,5.09691,0.0,0.0,CCO[P@](=O)(SCC)c1ccccc1,False
HFDLRZMUDZKBBF-UHFFFAOYSA-N,1,4.1549,4.1549,,4.1549,4.1549,0.0,0.0,CSP(C)(=O)OC1CCCCC1,False
WYMSBXTXOHUIGT-UHFFFAOYSA-N,1,8.0,8.0,,8.0,8.0,0.0,0.0,CCOP(=O)(OCC)Oc1ccc([N+](=O)[O-])cc1,False
NCCUFUYPORBWPH-UHFFFAOYSA-N,1,4.38552,4.38552,,4.38552,4.38552,0.0,0.0,CN1CC2C(=O)N(Cc3ccccc3)C(=O)C2C12C(=O)c1ccccc1C2=O,False
UNTPCKJZSHNGQS-UHFFFAOYSA-N,1,5.3851,5.3851,,5.3851,5.3851,0.0,0.0,CN1CC2C(=O)N(C3CCCCC3)C(=O)C2C12C(=O)c1ccccc1C2=O,False
NXGXFBUVFBAPHZ-UHFFFAOYSA-N,1,5.67778,5.67778,,5.67778,5.67778,0.0,0.0,CN1C(=O)C2CN(C)C3(C(=O)c4ccccc4C3=O)C2C1=O,False
PEYAQGQDGWLEHL-UHFFFAOYSA-N,1,4.9539,4.9539,,4.9539,4.9539,0.0,0.0,COc1ccccc1N1C(=O)C2CN(C)C3(C(=O)c4ccccc4C3=O)C2C1=O,False
CXUDKZUEAYAFSI-UHFFFAOYSA-N,1,4.09631,4.09631,,4.09631,4.09631,0.0,0.0,CN1CC2C(=O)N(c3cccc(F)c3)C(=O)C2C12C(=O)c1ccccc1C2=O,False
UKBXFMXMWOETML-UHFFFAOYSA-N,1,5.18046,5.18046,,5.18046,5.18046,0.0,0.0,CN1CC2C(=O)N(c3ccc([N+](=O)[O-])cc3)C(=O)C2C12C(=O)c1ccccc1C2=O,False
KDAWBOVUSUFITH-UHFFFAOYSA-N,1,6.10791,6.10791,,6.10791,6.10791,0.0,0.0,COc1ccc(N2C(=O)C3CN(C)C4(C(=O)c5ccccc5C4=O)C3C2=O)cc1,False
MXDOMQLUKKJFBS-UHFFFAOYSA-N,1,4.91222,4.91222,,4.91222,4.91222,0.0,0.0,CC(C)c1ccc(N2C(=O)C3CN(C)C4(C(=O)c5ccccc5C4=O)C3C2=O)cc1,False
BMWMIFFFCMWDDW-UHFFFAOYSA-N,1,4.35105,4.35105,,4.35105,4.35105,0.0,0.0,CCc1ccc(N2C(=O)C3CN(C)C4(C(=O)c5ccccc5C4=O)C3C2=O)cc1,False
HETICUKJHJRLDA-UHFFFAOYSA-N,1,5.1343,5.1343,,5.1343,5.1343,0.0,0.0,Cc1ccc(N2C(=O)C3CN(C)C4(C(=O)c5ccccc5C4=O)C3C2=O)cc1,False
PVQLJECXCVEEQE-UHFFFAOYSA-N,1,4.15614,4.15614,,4.15614,4.15614,0.0,0.0,CN1CC2C(=O)N(c3ccccc3)C(=O)C2C12C(=O)c1ccccc1C2=O,False
PBGBMTQYKHVXSN-UHFFFAOYSA-N,1,4.13478,4.13478,,4.13478,4.13478,0.0,0.0,CN1CC2C(=O)N(c3ccc(Br)cc3)C(=O)C2C12C(=O)c1ccccc1C2=O,False
RLCZNEAUKRPLDT-UHFFFAOYSA-N,1,4.55502,4.55502,,4.55502,4.55502,0.0,0.0,CN1CC2C(=O)N(c3ccc(Cl)cc3)C(=O)C2C12C(=O)c1ccccc1C2=O,False
OJSWZSFTMYFVQV-UHFFFAOYSA-N,1,4.29999,4.29999,,4.29999,4.29999,0.0,0.0,CN1CC2C(=O)N(c3ccc(F)cc3)C(=O)C2C12C(=O)c1ccccc1C2=O,False
GBAQAKAXZOOHGW-UHFFFAOYSA-N,2,4.210565,4.210565,0.014941166286471344,4.2,4.22113,0.010564999999999714,0.021129999999999427,CCOc1ccc(Cc2nc3cc(C(=O)N(CC)CC)ccc3n2CCCCN2CCCCC2)cc1,False
NJJAMEFAQAHPGC-UHFFFAOYSA-N,2,4.699485,4.699485,0.000728319984622205,4.69897,4.7,0.0005150000000000432,0.0010300000000000864,CCOc1ccc(Cc2nc3cc(C(=O)N(CC)CC)ccc3n2CCCCCCN2CCCCC2)cc1,False
CFFDQXIMLVONET-UHFFFAOYSA-N,1,5.45967,5.45967,,5.45967,5.45967,0.0,0.0,COc1ccc2nc3c(c(NCCCCCCCNC(=S)NC45CC6CC(CC(C6)C4)C5)c2c1)CCCC3,False
GAHQTUGIHSTVHS-UHFFFAOYSA-N,1,5.17393,5.17393,,5.17393,5.17393,0.0,0.0,c1ccc(CNc2c3c(nc4ccccc24)CCCC3)nc1,False
YHZXHXHCQKEXCC-XGFZBELQSA-N,1,6.11919,6.11919,,6.11919,6.11919,0.0,0.0,CC(C)c1ccc(NC(=O)Oc2ccc3c(c2)[C@]2(C)CCC(C)[C@@H]2C3C)cc1,False
MWEAKHOVJKHXJC-FVZYHINPSA-N,1,7.65758,7.65758,,7.65758,7.65758,0.0,0.0,CC1CC[C@@]2(C)c3cc(OC(=O)Nc4ccccc4)ccc3C(C)[C@@H]12,False
FSMNWAVSUPWFJU-UHFFFAOYSA-O,1,4.30103,4.30103,,4.30103,4.30103,0.0,0.0,CCCCN(CC(=O)NCc1ccccc1)C(=O)CCCCCn1cc[n+](C)c1/C=N\O,False
UCJOMTSRQPQWLO-UDWIEESQSA-N,1,8.46852,8.46852,,8.46852,8.46852,0.0,0.0,COc1cc2c(cc1OC)C(=O)/C(=C/c1cc[n+](Cc3ccccc3)cc1)C2,False
BLNXPNHAXPHDBZ-YBFXNURJSA-N,1,9.09691,9.09691,,9.09691,9.09691,0.0,0.0,COc1cc2c(cc1OC)C(=O)/C(=C/c1cc[n+](Cc3ccccc3F)cc1)C2,False
JCLXYRYKVIAWAI-VXLYETTFSA-N,1,8.5376,8.5376,,8.5376,8.5376,0.0,0.0,COc1cc2c(cc1OC)C(=O)/C(=C/c1cc[n+](Cc3cccc(F)c3)cc1)C2,False
FRLDRKDNJCBXKL-YBFXNURJSA-N,1,8.38722,8.38722,,8.38722,8.38722,0.0,0.0,COc1cc2c(cc1OC)C(=O)/C(=C/c1cc[n+](Cc3ccc(F)cc3)cc1)C2,False
SUKGEQOUVPURIK-CIAFOILYSA-N,1,8.23657,8.23657,,8.23657,8.23657,0.0,0.0,COc1cc2c(cc1OC)C(=O)/C(=C/c1cc[n+](Cc3ccccc3C)cc1)C2,False
ZCHUOVADEIQRLY-CIAFOILYSA-N,1,8.39794,8.39794,,8.39794,8.39794,0.0,0.0,COc1cc2c(cc1OC)C(=O)/C(=C/c1cc[n+](Cc3cccc(C)c3)cc1)C2,False
MHUOHSWDRJFQQV-CIAFOILYSA-N,1,7.73049,7.73049,,7.73049,7.73049,0.0,0.0,COc1cc2c(cc1OC)C(=O)/C(=C/c1cc[n+](Cc3ccc(C)cc3)cc1)C2,False
ONCWKZYZTPVQLL-YBFXNURJSA-N,1,8.42022,8.42022,,8.42022,8.42022,0.0,0.0,COc1cc2c(cc1OC)C(=O)/C(=C/c1cc[n+](Cc3ccccc3Br)cc1)C2,False
VNHHOROPXPPNCP-VXLYETTFSA-N,1,8.284,8.284,,8.284,8.284,0.0,0.0,COc1cc2c(cc1OC)C(=O)/C(=C/c1cc[n+](Cc3cccc(Br)c3)cc1)C2,False
CPAJOYHAWZUZKW-YBFXNURJSA-N,1,7.15677,7.15677,,7.15677,7.15677,0.0,0.0,COc1cc2c(cc1OC)C(=O)/C(=C/c1cc[n+](Cc3ccc(Br)cc3)cc1)C2,False
BGJYSEVLGDJLES-VXLYETTFSA-N,1,8.4437,8.4437,,8.4437,8.4437,0.0,0.0,COc1cc2c(cc1OC)C(=O)/C(=C/c1cc[n+](Cc3cccc([N+](=O)[O-])c3)cc1)C2,False
XGQDJPKSSXWVTG-YBFXNURJSA-N,1,7.22548,7.22548,,7.22548,7.22548,0.0,0.0,COc1cc2c(cc1OC)C(=O)/C(=C/c1cc[n+](Cc3ccc([N+](=O)[O-])cc3)cc1)C2,False
LWULRPYIMPIYQD-UHFFFAOYSA-N,1,4.92082,4.92082,,4.92082,4.92082,0.0,0.0,COc1ccc(NC(S)=NCCN2CCC(C)CC2)cc1Cl,False
GIWMAITYUJGWGK-UHFFFAOYSA-N,1,4.85387,4.85387,,4.85387,4.85387,0.0,0.0,COc1ccc(NC(=S)NCCN2CCOCC2)cc1Cl,False
XMTMNCSIIKTNGP-UHFFFAOYSA-N,1,4.33724,4.33724,,4.33724,4.33724,0.0,0.0,COc1ccc(NC(=S)NCCN(C)C)cc1Cl,False
APJQUZJJYBHJSQ-UHFFFAOYSA-N,1,4.04576,4.04576,,4.04576,4.04576,0.0,0.0,NS(=O)(=O)c1ccc(NC(=S)NCCN2CCCCC2)cc1,False
FAXZRMVFCAIPMK-UHFFFAOYSA-N,1,4.49485,4.49485,,4.49485,4.49485,0.0,0.0,COc1ccccc1NC(=S)NCCN1CCCCC1,False
SBPKHSAWRYYBHO-UHFFFAOYSA-N,1,4.69897,4.69897,,4.69897,4.69897,0.0,0.0,Cc1ccc(C2c3ccccc3N(C)c3ccccc32)cc1,False
QNQDKAUOHMKICR-UHFFFAOYSA-N,1,4.69897,4.69897,,4.69897,4.69897,0.0,0.0,COc1ccc(C2c3ccccc3N(C)c3ccccc32)cc1,False
QJIQQDHJZNJCAK-UHFFFAOYSA-N,1,4.21254,4.21254,,4.21254,4.21254,0.0,0.0,C[n+]1c2ccccc2c(-c2ccccc2)c2ccccc21.F[B-](F)(F)F,False
GEPQXJSCQZRDPR-UHFFFAOYSA-N,1,4.38195,4.38195,,4.38195,4.38195,0.0,0.0,Cc1ccc(-c2c3ccccc3[n+](C)c3ccccc23)cc1.F[B-](F)(F)F,False
VDDAQULAKJCUMT-UHFFFAOYSA-O,1,5.11805,5.11805,,5.11805,5.11805,0.0,0.0,C[n+]1c2ccccc2c(-c2ccc(N)cc2)c2ccccc21.F[B-](F)(F)F,False
LJYRFWOVKRFWDT-UHFFFAOYSA-N,1,4.5986,4.5986,,4.5986,4.5986,0.0,0.0,CCN(CC)c1ccc(-c2c3ccccc3[n+](C)c3ccccc23)cc1.F[B-](F)(F)F,False
NBFTUVPRELWPTN-UHFFFAOYSA-O,1,4.43771,4.43771,,4.43771,4.43771,0.0,0.0,C[n+]1c2ccccc2c(-c2ccc(NC(=O)C(F)(F)F)cc2)c2ccccc21.F[B-](F)(F)F,False
LVPQLHGFEFJVIY-UHFFFAOYSA-O,1,4.2652,4.2652,,4.2652,4.2652,0.0,0.0,CC(=O)Nc1ccc(-c2c3ccccc3[n+](C)c3ccccc23)cc1.F[B-](F)(F)F,False
ARPIRDNTBBMMOV-UHFFFAOYSA-N,1,4.4908,4.4908,,4.4908,4.4908,0.0,0.0,C[n+]1c2ccccc2c(-c2ccc(F)cc2)c2ccccc21.F[B-](F)(F)F,False
BCLZKIRWDWQUPF-UHFFFAOYSA-N,1,4.86328,4.86328,,4.86328,4.86328,0.0,0.0,COc1ccc(-c2c3ccccc3[n+](C)c3ccccc23)cc1.F[B-](F)(F)F,False
YORKUFKQURBMSZ-UHFFFAOYSA-O,1,4.69897,4.69897,,4.69897,4.69897,0.0,0.0,C[n+]1c2ccccc2c(-c2cc(C(C)(C)C)cc(C(C)(C)C)c2O)c2ccccc21.F[B-](F)(F)F,False
BAGSXLUDVYKVIC-UHFFFAOYSA-O,1,4.30277,4.30277,,4.30277,4.30277,0.0,0.0,Cc1cc(-c2c3ccccc3[n+](C)c3ccccc23)cc(C)c1O.F[B-](F)(F)F,False
INWDKRFVPRXIOW-UHFFFAOYSA-N,1,4.22113,4.22113,,4.22113,4.22113,0.0,0.0,Cc1cc(-c2c3ccccc3[n+](C)c3ccccc23)cc(C)c1C.F[B-](F)(F)F,False
IIUWPXLRLXWQNY-UHFFFAOYSA-O,1,4.69897,4.69897,,4.69897,4.69897,0.0,0.0,C[n+]1c2ccccc2c(-c2c(O)ccc3ccccc23)c2ccccc21.F[B-](F)(F)F,False
ZAFVQDWBFZDZMN-UHFFFAOYSA-N,1,4.38828,4.38828,,4.38828,4.38828,0.0,0.0,C[n+]1c2ccccc2c(-c2cccs2)c2ccccc21.F[B-](F)(F)F,False
LYLYGAKMNMVFHZ-UHFFFAOYSA-N,1,4.91009,4.91009,,4.91009,4.91009,0.0,0.0,CN1c2ccccc2C(N2CCOCC2)c2ccccc21,False
GYHIIYHXQOHZPU-UHFFFAOYSA-N,1,4.92812,4.92812,,4.92812,4.92812,0.0,0.0,CN1c2ccccc2C(N2CCSCC2)c2ccccc21,False
HAFYMZVHLNXUIY-UHFFFAOYSA-N,1,4.72584,4.72584,,4.72584,4.72584,0.0,0.0,CN1c2ccccc2C(n2cncn2)c2ccccc21,False
BXCCXTDSMCMRCX-UHFFFAOYSA-N,1,4.77728,4.77728,,4.77728,4.77728,0.0,0.0,CN1c2ccccc2C(n2cnc([N+](=O)[O-])n2)c2ccccc21,False
FMPYUZLCKYTCDZ-UHFFFAOYSA-N,1,4.90658,4.90658,,4.90658,4.90658,0.0,0.0,CN1c2ccccc2C(n2nnc3ccccc32)c2ccccc21,False
RRXQZNGWSYEMOQ-UHFFFAOYSA-N,1,4.69897,4.69897,,4.69897,4.69897,0.0,0.0,CN1c2ccccc2C(n2c3ccccc3c3ccccc32)c2ccccc21,False
OKRHHXVOEYSUHF-UHFFFAOYSA-O,1,4.4034,4.4034,,4.4034,4.4034,0.0,0.0,C[n+]1c2ccccc2c(N)c2ccccc21.F[B-](F)(F)F,False
BKTZBFNYKWRXJS-UHFFFAOYSA-O,1,4.69897,4.69897,,4.69897,4.69897,0.0,0.0,CCCCNc1c2ccccc2[n+](C)c2ccccc12.F[B-](F)(F)F,False
SFMBSJPYTWPKHS-UHFFFAOYSA-N,1,5.34679,5.34679,,5.34679,5.34679,0.0,0.0,CCN(CCCN1C(=O)c2ccccc2C1=O)Cc1ccccc1OC,False
SCUZHSPGCIXUKX-UHFFFAOYSA-N,1,5.92082,5.92082,,5.92082,5.92082,0.0,0.0,C#CCN(CCCN1C(=O)c2ccccc2C1=O)Cc1ccccc1,False
VKGYDOYSYVLFIR-UHFFFAOYSA-N,1,6.16749,6.16749,,6.16749,6.16749,0.0,0.0,CCN(CCCCN1C(=O)c2ccccc2C1=O)Cc1ccccc1,False
ALODLRYLTVWWDS-UHFFFAOYSA-N,1,6.55284,6.55284,,6.55284,6.55284,0.0,0.0,CCN(CCCCN1C(=O)c2ccccc2C1=O)Cc1ccccc1OC,False
NPQZWFHXMBANFC-UHFFFAOYSA-N,1,5.4318,5.4318,,5.4318,5.4318,0.0,0.0,CCN(CCCCCCN1C(=O)c2ccccc2C1=O)Cc1ccccc1,False
BUFPKICHFJPEEE-UHFFFAOYSA-N,1,6.22915,6.22915,,6.22915,6.22915,0.0,0.0,CCN(CCCCCCN1C(=O)c2ccccc2C1=O)Cc1ccccc1OC,False
RUOKEQAAGRXIBM-GFCCVEGCSA-N,2,5.860625000000001,5.860625000000001,2.6313211094904405,4.0,7.72125,1.8606250000000002,3.7212500000000004,C#CCN[C@@H]1CCc2ccccc21,True
KISPTSIXDBWEIX-UHFFFAOYSA-N,1,6.52288,6.52288,,6.52288,6.52288,0.0,0.0,CCn1c2ccccc2c2cc(/C=C/c3ccc4ccccc4[n+]3C)ccc21,False
WWUYJYQWEXMWHM-UHFFFAOYSA-O,1,6.1549,6.1549,,6.1549,6.1549,0.0,0.0,C[n+]1c(/C=C/c2cc3ccccc3[nH]2)ccc2ccccc21,False
RHZSWMSVLIQKIA-UHFFFAOYSA-N,1,5.61979,5.61979,,5.61979,5.61979,0.0,0.0,C[n+]1c(/C=C/c2ccc(N3CCOCC3)cc2)ccc2ccccc21,False
WQRBOFIVDUAUAR-UHFFFAOYSA-N,1,5.72125,5.72125,,5.72125,5.72125,0.0,0.0,COc1cc(/C=C/c2ccc3ccccc3[n+]2C)ccc1N1CCOCC1,False
INCQLZYLDCIBAL-ACCUITESSA-N,1,5.36653,5.36653,,5.36653,5.36653,0.0,0.0,C[n+]1c(/C=C/c2ccccc2)ccc2ccccc21,False
MHXPBDRJBLYRCN-UHFFFAOYSA-O,1,5.74473,5.74473,,5.74473,5.74473,0.0,0.0,C[n+]1c(/C=C/c2ccc(O)cc2)ccc2ccccc21,False
CWDCAJCPFYCQET-UHFFFAOYSA-O,1,5.76955,5.76955,,5.76955,5.76955,0.0,0.0,COc1cc(/C=C/c2ccc3ccccc3[n+]2C)cc(OC)c1O,False
PKAYWNWAGJBXDY-PKNBQFBNSA-N,1,5.79588,5.79588,,5.79588,5.79588,0.0,0.0,COc1cc(/C=C/c2ccc3ccccc3[n+]2C)cc(OC)c1OC,False
RSAQFSRIDLFGLM-JXMROGBWSA-N,1,5.55284,5.55284,,5.55284,5.55284,0.0,0.0,COc1cc(/C=C/c2ccc3ccccc3[n+]2C)ccc1F,False
UQYBSKWIKGGLOS-UHFFFAOYSA-O,1,5.30103,5.30103,,5.30103,5.30103,0.0,0.0,C[n+]1c(/C=C/c2cc([N+](=O)[O-])ccc2O)ccc2ccccc21,False
NEOWNATTXBQULQ-UHFFFAOYSA-N,1,6.30103,6.30103,,6.30103,6.30103,0.0,0.0,CN(C)c1ccc(/C=C/c2ccc3ccccc3[n+]2C)cc1,False
YXPJLJSKNPNGNF-UHFFFAOYSA-O,1,5.82391,5.82391,,5.82391,5.82391,0.0,0.0,CCN(CC)c1ccc(/C=C/c2ccc3ccccc3[n+]2C)c(O)c1,False
UIMXUBOPCRXDAL-UHFFFAOYSA-N,1,6.1549,6.1549,,6.1549,6.1549,0.0,0.0,CCN(CC)c1ccc(/C=C/c2ccc3ccccc3[n+]2C)c(OC)c1,False
VPFTUQWUYNNLFE-UHFFFAOYSA-N,1,5.85387,5.85387,,5.85387,5.85387,0.0,0.0,CN1CCN(c2ccc(/C=C/c3ccc4ccccc4[n+]3C)cc2)CC1,False
VHCLPJJSLILRLH-UHFFFAOYSA-N,1,5.67778,5.67778,,5.67778,5.67778,0.0,0.0,COc1cc(/C=C/c2ccc3ccccc3[n+]2C)ccc1N1CCN(C)CC1,False
VJWLNNQRIDSKDX-UHFFFAOYSA-N,1,6.39794,6.39794,,6.39794,6.39794,0.0,0.0,CCN(CC)c1ccc(/C=C/c2ccc3ccccc3[n+]2C)cc1,False
FHBVLLLZGIEOFB-UHFFFAOYSA-N,1,6.22185,6.22185,,6.22185,6.22185,0.0,0.0,CCN(CC)c1ccc(/C=C/c2ccc3ccccc3[n+]2C)c(Cl)c1,False
SJTQWZKOFBNYJK-XYOKQWHBSA-N,1,5.35655,5.35655,,5.35655,5.35655,0.0,0.0,C[n+]1c(/C=C/c2ccc(Cl)cc2)ccc2ccccc21,False
JIQUVNFLHUAJFM-XYOKQWHBSA-N,1,5.61979,5.61979,,5.61979,5.61979,0.0,0.0,C[n+]1c(/C=C/c2ccc(F)cc2)ccc2ccccc21,False
LFBXOORKQOCIDD-UHFFFAOYSA-N,1,6.0,6.0,,6.0,6.0,0.0,0.0,CCN(CC)c1ccc(/C=C/c2ccc3ccccc3[n+]2C)c(OC)n1,False
YGMFSGHHPRGZRS-UHFFFAOYSA-N,1,5.30103,5.30103,,5.30103,5.30103,0.0,0.0,COc1ncccc1/C=C/c1ccc2ccccc2[n+]1C,False
UQEKAZBUJZQYBM-UHFFFAOYSA-N,1,5.30103,5.30103,,5.30103,5.30103,0.0,0.0,C[n+]1c(/C=C/c2cccnc2)ccc2ccccc21,False
PIYLNULNUSTZLL-UHFFFAOYSA-N,1,5.30103,5.30103,,5.30103,5.30103,0.0,0.0,CN1CCN(c2cc(/C=C/c3ccc(N(C)C)cc3)[n+](C)c3ccccc23)CC1,False
QRSOCFBJIWQGBI-UHFFFAOYSA-O,1,5.30103,5.30103,,5.30103,5.30103,0.0,0.0,CCN(CC)c1ccc(/C=C/c2cc(N3CCN(C)CC3)c3ccccc3[n+]2C)c(O)c1,False
YGZRGZAUXYMIOH-UHFFFAOYSA-N,1,5.30103,5.30103,,5.30103,5.30103,0.0,0.0,CCN(CC)c1ccc(/C=C/c2cc(N3CCN(C)CC3)c3ccccc3[n+]2C)c(OC)c1,False
ZWFOJIJIVGKMKC-UHFFFAOYSA-N,1,5.60206,5.60206,,5.60206,5.60206,0.0,0.0,CN1CCN(c2ccc(/C=C/c3cc(N4CCN(C)CC4)c4ccccc4[n+]3C)cc2)CC1,False
ZFUFASXRXFBKDR-UHFFFAOYSA-N,1,5.37675,5.37675,,5.37675,5.37675,0.0,0.0,COc1cc(/C=C/c2cc(N3CCN(C)CC3)c3ccccc3[n+]2C)ccc1N1CCN(C)CC1,False
SLLXFOUALDGLPY-UHFFFAOYSA-N,1,5.30103,5.30103,,5.30103,5.30103,0.0,0.0,CN(C)c1ccc(/C=C/c2cc(N3CCOCC3)c3ccccc3[n+]2C)cc1,False
NZVWVJZLQYMBOT-UHFFFAOYSA-O,1,5.30103,5.30103,,5.30103,5.30103,0.0,0.0,CCN(CC)c1ccc(/C=C/c2cc(N3CCOCC3)c3ccccc3[n+]2C)c(O)c1,False
LXDVMQFTWCWPHS-UHFFFAOYSA-N,1,5.30103,5.30103,,5.30103,5.30103,0.0,0.0,CCN(CC)c1ccc(/C=C/c2cc(N3CCOCC3)c3ccccc3[n+]2C)c(OC)c1,False
BTDVKDAIQDCWJD-UHFFFAOYSA-O,1,5.35655,5.35655,,5.35655,5.35655,0.0,0.0,C[n+]1c(/C=C/c2cc3ccccc3[nH]2)cc(N2CCOCC2)c2ccccc21,False
DZPIKUQKFUQZQZ-UHFFFAOYSA-N,1,5.63827,5.63827,,5.63827,5.63827,0.0,0.0,CCn1c2ccccc2c2cc(/C=C/c3cc(N4CCOCC4)c4ccccc4[n+]3C)ccc21,False
YAMDPRCSIBTERO-UHFFFAOYSA-N,1,5.30103,5.30103,,5.30103,5.30103,0.0,0.0,CN(C)c1ccc(/C=C/c2cc(N3CCN(CCO)CC3)c3ccccc3[n+]2C)cc1,False
PCAHJEUPKRWADJ-UHFFFAOYSA-O,1,5.30103,5.30103,,5.30103,5.30103,0.0,0.0,CCN(CC)c1ccc(/C=C/c2cc(N3CCN(CCO)CC3)c3ccccc3[n+]2C)c(O)c1,False
MDBWXOFDKBJPFG-UHFFFAOYSA-N,1,5.30103,5.30103,,5.30103,5.30103,0.0,0.0,CCN(CC)c1ccc(/C=C/c2cc(N3CCN(CCO)CC3)c3ccccc3[n+]2C)c(OC)c1,False
ZRXKDIZEUDGBQF-UHFFFAOYSA-O,1,5.30103,5.30103,,5.30103,5.30103,0.0,0.0,C[n+]1c(/C=C/c2cc3ccccc3[nH]2)cc(N2CCN(CCO)CC2)c2ccccc21,False
GKIFOJGSBRQHFB-UHFFFAOYSA-O,1,5.30103,5.30103,,5.30103,5.30103,0.0,0.0,COc1cc(/C=C/c2cc(N3CCN(CCO)CC3)c3ccccc3[n+]2C)cc(OC)c1O,False
MMODGRRBRUIVOP-JLHYYAGUSA-N,1,5.30103,5.30103,,5.30103,5.30103,0.0,0.0,CCN(CC)c1ccc(/C=C/c2ccc3ccccc3n2)c(O)c1,False
VFLDPWHFBUODDF-FCXRPNKRSA-N,1,5.30103,5.30103,,5.30103,5.30103,0.0,0.0,COc1cc(/C=C/C(=O)CC(=O)/C=C/c2ccc(O)c(OC)c2)ccc1O,False
LUKBXSAWLPMMSZ-OWOJBTEDSA-N,1,5.30103,5.30103,,5.30103,5.30103,0.0,0.0,Oc1ccc(/C=C/c2cc(O)cc(O)c2)cc1,False
BRPOFDDDQIAMHZ-SDNWHVSQSA-N,1,5.30103,5.30103,,5.30103,5.30103,0.0,0.0,CCn1c2ccccc2c2cc(/C=C/c3ccc4ccccc4n3)ccc21,False
XFEJPTLRXOZZDA-GDLZYMKVSA-N,1,6.05061,6.05061,,6.05061,6.05061,0.0,0.0,CCCCCCOC(=O)[C@@H](CCC(=O)NCCC1CCN(Cc2ccccc2)CC1)NC(=O)c1ccccc1,False
NKLNQPKAQOZYMO-AWEZNQCLSA-N,1,5.0,5.0,,5.0,5.0,0.0,0.0,CCOC(=O)CC[C@H](NC(=O)OCc1ccccc1)C(=O)OCC,False
NKLNQPKAQOZYMO-CQSZACIVSA-N,1,5.0,5.0,,5.0,5.0,0.0,0.0,CCOC(=O)CC[C@@H](NC(=O)OCc1ccccc1)C(=O)OCC,False
TXMSSTXNRQZQDT-SANMLTNESA-N,1,5.3019,5.3019,,5.3019,5.3019,0.0,0.0,CCOC(=O)CC[C@H](NC(=O)OCc1ccccc1)C(=O)NCCC1CCN(Cc2ccccc2)CC1,False
TXMSSTXNRQZQDT-AREMUKBSSA-N,1,5.52288,5.52288,,5.52288,5.52288,0.0,0.0,CCOC(=O)CC[C@@H](NC(=O)OCc1ccccc1)C(=O)NCCC1CCN(Cc2ccccc2)CC1,False
APDPXKPLRPNYCX-QHCPKHFHSA-N,1,6.11919,6.11919,,6.11919,6.11919,0.0,0.0,O=C(CC[C@H](NC(=O)c1ccccc1)C(=O)O)NCCC1CCN(Cc2ccccc2)CC1,False
APDPXKPLRPNYCX-HSZRJFAPSA-N,1,4.69897,4.69897,,4.69897,4.69897,0.0,0.0,O=C(CC[C@@H](NC(=O)c1ccccc1)C(=O)O)NCCC1CCN(Cc2ccccc2)CC1,False
OSBMBUVYRFZYLM-VWLOTQADSA-N,1,5.19382,5.19382,,5.19382,5.19382,0.0,0.0,O=C(CC[C@H](NC(=O)c1c[nH]c2ccccc12)C(=O)O)NCCC1CCN(Cc2ccccc2)CC1,False
NHVWEFCFXBVOSE-NDEPHWFRSA-N,1,4.81816,4.81816,,4.81816,4.81816,0.0,0.0,COc1ccc2cc(C(=O)N[C@@H](CCC(=O)NCCC3CCN(Cc4ccccc4)CC3)C(=O)O)ccc2c1,False
ORJDLJRUUNFZIZ-VWLOTQADSA-N,1,6.07058,6.07058,,6.07058,6.07058,0.0,0.0,CCOC(=O)[C@H](CCC(=O)NCCC1CCN(Cc2ccccc2)CC1)NC(=O)c1ccccc1,False
ORJDLJRUUNFZIZ-RUZDIDTESA-N,1,6.30103,6.30103,,6.30103,6.30103,0.0,0.0,CCOC(=O)[C@@H](CCC(=O)NCCC1CCN(Cc2ccccc2)CC1)NC(=O)c1ccccc1,False
FBUMKRRRONRQCL-MHZLTWQESA-N,1,5.72125,5.72125,,5.72125,5.72125,0.0,0.0,CCOC(=O)[C@H](CCC(=O)NCCC1CCN(Cc2ccccc2)CC1)NC(=O)c1c[nH]c2ccccc12,False
MLLNAYHUDYUGTJ-HKBQPEDESA-N,1,5.51713,5.51713,,5.51713,5.51713,0.0,0.0,CCCCCCOC(=O)[C@H](CCC(=O)NCCC1CCN(Cc2ccccc2)CC1)NC(=O)c1c[nH]c2ccccc12,False
WRHFBOQIYDLZNC-PMERELPUSA-N,1,6.05061,6.05061,,6.05061,6.05061,0.0,0.0,CCOC(=O)[C@H](CCC(=O)NCCC1CCN(Cc2ccccc2)CC1)NC(=O)c1ccc2cc(OC)ccc2c1,False
KDPLPOQPJKJMKU-UHFFFAOYSA-N,1,7.20066,7.20066,,7.20066,7.20066,0.0,0.0,CCN(CCCCNC(=O)COc1ccc(-c2cc(=O)c3c(OC)c(OC)c(OC)cc3o2)cc1)Cc1ccccc1OC,False
AVWUGHMJDIEZKS-UHFFFAOYSA-N,1,5.90309,5.90309,,5.90309,5.90309,0.0,0.0,CCN(CCCCCCNC(=O)COc1ccc(-c2cc(=O)c3c(OC)c(OC)c(OC)cc3o2)cc1)Cc1ccccc1OC,False
WHDUCSUAYGOQMD-UHFFFAOYSA-N,1,7.40894,7.40894,,7.40894,7.40894,0.0,0.0,CCN(CCCCNC(=O)COc1ccc(-c2cc(=O)c3c(O)c(OC)c(OC)cc3o2)cc1)Cc1ccccc1OC,False
XPJGDAJASRRBFQ-UHFFFAOYSA-N,1,5.86328,5.86328,,5.86328,5.86328,0.0,0.0,CCN(CCCCCCNC(=O)COc1ccc(-c2cc(=O)c3c(O)c(OC)c(OC)cc3o2)cc1)Cc1ccccc1OC,False
FWPLGZMQIQEXSV-UHFFFAOYSA-N,1,6.84013,6.84013,,6.84013,6.84013,0.0,0.0,Cc1ccc2c(c1)C(=O)C(=O)N2C(=O)N(C)C,False
PFNBPLNWPLTOPN-UHFFFAOYSA-N,1,6.0,6.0,,6.0,6.0,0.0,0.0,Cc1ccc2c(c1)C(=O)C(=O)N2C(=O)c1ccccc1,False
PXKRGHFHMWRIDZ-UHFFFAOYSA-N,1,6.70006,6.70006,,6.70006,6.70006,0.0,0.0,Cc1ccc2c(c1)C(=O)C(=O)N2Cc1ccccc1[N+](=O)[O-],False
MHNHNRZYXRGIGR-UHFFFAOYSA-N,1,6.69001,6.69001,,6.69001,6.69001,0.0,0.0,Cc1ccc2c(c1)C(=O)C(=O)N2Cc1ccc(Br)cc1,False
QGFJHTJOCAHXRT-UHFFFAOYSA-N,1,7.04998,7.04998,,7.04998,7.04998,0.0,0.0,O=C1C(=O)N(Cc2ccc(Br)cc2)c2ccc(Br)cc21,False
ZEYPYYXWRIPCET-UHFFFAOYSA-N,1,6.58004,6.58004,,6.58004,6.58004,0.0,0.0,O=C1C(=O)N(Cc2ccccc2[N+](=O)[O-])c2ccc(Br)cc21,False
YQIQREWAWUPUCT-UHFFFAOYSA-N,1,6.77006,6.77006,,6.77006,6.77006,0.0,0.0,COc1ccc(NCc2ccc3c(c2)C(=O)C(=O)N3C(=O)c2ccccc2)cc1,False
XEAAZTYTACFHPW-UHFFFAOYSA-N,1,6.40001,6.40001,,6.40001,6.40001,0.0,0.0,O=C1C(=O)N(C(=O)c2ccccc2)c2ccc(CNc3ccc(Br)cc3)cc21,False
HNIKWNCSGCNTIO-UHFFFAOYSA-N,1,7.10002,7.10002,,7.10002,7.10002,0.0,0.0,O=C1C(=O)N(C(=O)c2ccccc2)c2ccc(CN3CCCCC3)cc21,False
GUFOJPCMBULHAJ-UHFFFAOYSA-N,1,7.32003,7.32003,,7.32003,7.32003,0.0,0.0,CN1CCN(Cc2ccc3c(c2)C(=O)C(=O)N3C(=O)c2ccccc2)CC1,False
LVQOYSSNRSANSB-UHFFFAOYSA-N,1,7.34998,7.34998,,7.34998,7.34998,0.0,0.0,CCN(CC)Cc1ccc(NC(=O)c2ccccc2)c(C(=O)C(=O)N(CC)CC)c1,False
HINFHDUPIIXJBB-UHFFFAOYSA-N,1,6.64001,6.64001,,6.64001,6.64001,0.0,0.0,O=C(Nc1ccc(CN2CCOCC2)cc1C(=O)C(=O)N1C(=O)CCC1=O)c1ccccc1,False
QRFZYEFKIXTJLW-UHFFFAOYSA-N,1,6.0,6.0,,6.0,6.0,0.0,0.0,Cc1ccc2c(c1)CC(=O)N2C(=O)c1ccccc1,False
CXJGNFZNLJNPSI-UHFFFAOYSA-N,1,6.0,6.0,,6.0,6.0,0.0,0.0,O=C(O)CCC(=O)NCc1ccc2c(c1)CC(=O)N2C(=O)c1ccccc1,False
QCFGQWRIRQUFIQ-UHFFFAOYSA-N,1,6.0,6.0,,6.0,6.0,0.0,0.0,COC(=O)C(=O)c1cc(C)ccc1NC(=O)c1ccccc1,False
PLDKIKPDXFIXLY-VQTWSDOUSA-N,1,4.5779,4.5779,,4.5779,4.5779,0.0,0.0,C=C(C)[C@H](O)CC[C@]1(C)[C@@H](CC=C(C)C)C[C@@]2(CC=C(C)C)C(=O)[C@]1(C(=O)C(C)C)C(=O)C1=C2O[C@H](C(C)(C)O)C1,False
PLDKIKPDXFIXLY-RWWUSXOVSA-N,1,4.60085,4.60085,,4.60085,4.60085,0.0,0.0,C=C(C)[C@H](O)CC[C@]1(C)[C@@H](CC=C(C)C)C[C@@]2(CC=C(C)C)C(=O)[C@]1(C(=O)C(C)C)C(=O)C1=C2O[C@@H](C(C)(C)O)C1,False
WROKLQGREWQMKH-SZCGILKCSA-N,1,4.96337,4.96337,,4.96337,4.96337,0.0,0.0,CC(C)=CC[C@H]1C[C@@]2(CC=C(C)C)C(=O)[C@](C(=O)C(C)C)(C(=O)C3=C2O[C@H](C(C)(C)O)C3)[C@]1(C)CCC(=O)C(C)C,False
JDZYXNWYQVWXQX-NCVUEMLOSA-N,1,4.61511,4.61511,,4.61511,4.61511,0.0,0.0,CC(C)=CCC1=C2O[C@H](C(C)(C)O)C[C@@]23C[C@H](CC=C(C)C)[C@@](C)(CCC(=O)C(C)C)[C@@](C(=O)C(C)C)(C1=O)C3=O,False
VEQQFZBLQJIEBI-OHONCRFWSA-N,1,5.05799,5.05799,,5.05799,5.05799,0.0,0.0,CC(=O)[C@@]12C(=O)C(CC=C(C)C)=C3O[C@H](C(C)(C)O)C[C@]3(C[C@H](CC=C(C)C)[C@@]1(C)CCC=C(C)C)C2=O,False
GEVLJZUKYNVIEQ-QFNPKNIHSA-N,1,5.03953,5.03953,,5.03953,5.03953,0.0,0.0,C=C(C)[C@@H](O)CC[C@]1(C)[C@@H](CC=C(C)C)C[C@]23C[C@@H](C(C)(C)O)OC2=C(CC=C(C)C)C(=O)[C@@]1(C(=O)C(C)C)C3=O,False
CYXSZGQGRZPZSF-IFMSNOOTSA-N,1,5.40012,5.40012,,5.40012,5.40012,0.0,0.0,COC(C)(C)/C=C/C[C@]1(C)[C@@H](CC=C(C)C)C[C@]2(CC=C(C)C)C(=O)C3=C(O[C@H](C(C)(C)O)C3)[C@@]1(C(=O)C(C)C)C2=O,False
CYXSZGQGRZPZSF-JNBUQWCCSA-N,1,5.14448,5.14448,,5.14448,5.14448,0.0,0.0,COC(C)(C)/C=C/C[C@]1(C)[C@@H](CC=C(C)C)C[C@]2(CC=C(C)C)C(=O)C3=C(O[C@@H](C(C)(C)O)C3)[C@@]1(C(=O)C(C)C)C2=O,False
ANPNJITWNOVMBT-LKIGATPKSA-N,1,4.90136,4.90136,,4.90136,4.90136,0.0,0.0,CC(C)=CCC[C@]1(C)[C@@H](CC=C(C)C)C[C@]2(CC=C(C)C)C(=O)C3=C(O[C@@H](C(C)(C)O)[C@@H]3O)[C@@]1(C(=O)C(C)C)C2=O,False
ANPNJITWNOVMBT-XTGWXULMSA-N,1,5.05404,5.05404,,5.05404,5.05404,0.0,0.0,CC(C)=CCC[C@]1(C)[C@@H](CC=C(C)C)C[C@]2(CC=C(C)C)C(=O)C3=C(O[C@H](C(C)(C)O)[C@H]3O)[C@@]1(C(=O)C(C)C)C2=O,False
BDWNRXRRLOYBIP-VQTWSDOUSA-N,1,4.70774,4.70774,,4.70774,4.70774,0.0,0.0,C=C(C)[C@H](O)CC[C@]1(C)[C@@H](CC=C(C)C)C[C@]2(CC=C(C)C)C(=O)C3=C(O[C@H](C(C)(C)O)C3)[C@@]1(C(=O)C(C)C)C2=O,False
BDWNRXRRLOYBIP-MDWQEHRVSA-N,1,4.96981,4.96981,,4.96981,4.96981,0.0,0.0,C=C(C)[C@@H](O)CC[C@]1(C)[C@@H](CC=C(C)C)C[C@]2(CC=C(C)C)C(=O)C3=C(O[C@H](C(C)(C)O)C3)[C@@]1(C(=O)C(C)C)C2=O,False
QCGFWQHSUGMYLF-LKIGATPKSA-N,1,4.94846,4.94846,,4.94846,4.94846,0.0,0.0,CC(C)=CCC[C@]1(C)[C@@H](CC=C(C)C)C[C@@]2(CC=C(C)C)C(=O)[C@]1(C(=O)C(C)C)C(=O)C1=C2O[C@@H](C(C)(C)O)[C@@H]1O,False
QCGFWQHSUGMYLF-XTGWXULMSA-N,1,4.73166,4.73166,,4.73166,4.73166,0.0,0.0,CC(C)=CCC[C@]1(C)[C@@H](CC=C(C)C)C[C@@]2(CC=C(C)C)C(=O)[C@]1(C(=O)C(C)C)C(=O)C1=C2O[C@H](C(C)(C)O)[C@H]1O,False
DQRJIPTWWDIFBI-UHFFFAOYSA-N,1,5.23284,5.23284,,5.23284,5.23284,0.0,0.0,O=C(Cc1cc(=O)oc2cc(O)ccc12)NCCCCCCCNC(=O)c1cccc2c(=O)c3ccccc3[nH]c12,False
HBEXNJLWNBUZRF-UHFFFAOYSA-N,1,5.0,5.0,,5.0,5.0,0.0,0.0,OCC1CCN(Cc2cc(Cl)c3ccccc3n2)CC1,False
CEVKXPOHTHWFHB-UHFFFAOYSA-N,1,5.0,5.0,,5.0,5.0,0.0,0.0,O=CC1CCN(Cc2cc(Cl)c3ccccc3n2)CC1,False
HQJWVUZCQRHTNL-UHFFFAOYSA-N,1,5.0,5.0,,5.0,5.0,0.0,0.0,[N-]=[N+]=Nc1cc(CN2CCC(C=O)CC2)nc2ccccc12,False
ZOGKYTDDIJKAQP-YBFXNURJSA-N,1,5.31158,5.31158,,5.31158,5.31158,0.0,0.0,COc1cc2c(cc1OC)C(=O)/C(=C/C1CCN(Cc3cc(N=[N+]=[N-])c4ccccc4n3)CC1)C2,False
BVFGAYMRQISRKU-YBFXNURJSA-N,1,5.0,5.0,,5.0,5.0,0.0,0.0,COc1cc2c(cc1OC)C(=O)/C(=C/C1CCN(Cc3cc(Cl)c4ccccc4n3)CC1)C2,False
HGEXYRKZAHOORK-UHFFFAOYSA-N,1,5.0,5.0,,5.0,5.0,0.0,0.0,COc1cc2c(cc1OC)C(=O)C(CC1CCN(Cc3cc(Cl)c4ccccc4n3)CC1)C2,False
LCWJAHTZACCSBC-YBFXNURJSA-N,1,7.85387,7.85387,,7.85387,7.85387,0.0,0.0,COc1cc2c(cc1OC)C(=O)/C(=C/C1CCN(Cc3cc(N)c4ccccc4n3)CC1)C2,False
IVWHCJWPOJBTGB-UHFFFAOYSA-N,1,6.14874,6.14874,,6.14874,6.14874,0.0,0.0,COc1cc2c(cc1OC)C(=O)C(CC1CCN(Cc3cc(N)c4ccccc4n3)CC1)C2,False
GJRMHIXYLGOZSE-IFIJOSMWSA-N,1,4.23732,4.23732,,4.23732,4.23732,0.0,0.0,COc1ccc2c3c1O[C@H]1C[C@H](O)CC[C@@]31CCN(C)C2,False
GJRMHIXYLGOZSE-JDFRZJQESA-N,1,4.69745,4.69745,,4.69745,4.69745,0.0,0.0,COc1ccc2c3c1O[C@H]1C[C@@H](O)CC[C@@]31CCN(C)C2,False
VOIMPDXOQJYVDI-WNRNVDISSA-N,1,5.21467,5.21467,,5.21467,5.21467,0.0,0.0,COc1cc2c(cc1OC)[C@@H]1[C@H](O)[C@@H](OC)C=C3CCN(C2)[C@H]31,False
WOXLZEPBPFAHPP-UHFFFAOYSA-N,1,4.44843,4.44843,,4.44843,4.44843,0.0,0.0,COc1cc2c3c(c1)c1cc(=O)c(OC)cc-1cn3CC2,False
HGXSIDMKNYIKJB-UHFFFAOYSA-N,1,4.0013,4.0013,,4.0013,4.0013,0.0,0.0,O=C(NCCCCCCNCc1ccc2ccccc2c1)c1cc(Cl)nc(Cl)c1,False
YPGLQZHTOGJODD-UHFFFAOYSA-N,1,5.05306,5.05306,,5.05306,5.05306,0.0,0.0,O=C(NCCCCCCNCc1c[nH]c2ccccc12)c1cc(Cl)nc(Cl)c1,False
IRZDPXVHGNXLGP-UHFFFAOYSA-N,1,5.08092,5.08092,,5.08092,5.08092,0.0,0.0,COc1ccccc1CNCCCCCCNC(=O)c1cc(Cl)nc(Cl)c1,False
KZSCJDQFJGAFHT-UHFFFAOYSA-N,1,5.49894,5.49894,,5.49894,5.49894,0.0,0.0,O=C(NCCCCCCNCc1ccccc1)c1cc(Cl)nc(Cl)c1,False
GYKWZSDTWSSKLM-UHFFFAOYSA-N,1,5.39362,5.39362,,5.39362,5.39362,0.0,0.0,O=C(Nc1ccncc1Br)OCCCCCNCc1ccccc1,False
DSFLCZDOVKMNEJ-UHFFFAOYSA-N,1,6.18842,6.18842,,6.18842,6.18842,0.0,0.0,O=C(Nc1cc(Cl)nc(Cl)c1)OCCCCCNCc1c[nH]c2ccccc12,False
NXDHXDOGBRDRPD-UHFFFAOYSA-N,1,5.21042,5.21042,,5.21042,5.21042,0.0,0.0,COc1ccccc1CNCCCCCOC(=O)Nc1cc(Cl)nc(Cl)c1,False
OREXPKXXVJHBIG-UHFFFAOYSA-N,1,6.11976,6.11976,,6.11976,6.11976,0.0,0.0,O=C(Nc1cc(Cl)nc(Cl)c1)OCCCCCCNCc1ccccc1,False
KCHQKPAJDQOEDE-UHFFFAOYSA-N,1,6.81531,6.81531,,6.81531,6.81531,0.0,0.0,O=C(Nc1cc(Cl)nc(Cl)c1)OCCCCCNCc1ccccc1,False
NQDGCGNKNJWZHP-UHFFFAOYSA-N,1,6.27572,6.27572,,6.27572,6.27572,0.0,0.0,C#CCN(C)Cc1cc2cc(OCCCN3CCCCC3)ccc2n1C,False
SVKKMXJIWIOCJC-VOJFVSQTSA-N,1,4.30627,4.30627,,4.30627,4.30627,0.0,0.0,O=C1C=C2S[C@H]3C[C@]2(C=C1Br)C1=C(N3)C(=O)c2[nH]cc3c2C1=NCC3,False
IURNUQXLRLZNBM-YLAFAASESA-N,2,6.173635,6.173635,1.8879821768358935,4.83863,7.50864,1.3350049999999998,2.6700099999999996,CNC(=O)Oc1ccc2c(c1)[C@]1(C)CCN[C@@H]1N2.O=C(O)c1ccccc1O,True
YMHFBUOKLSWOQF-CMKODMSKSA-N,1,4.0,4.0,,4.0,4.0,0.0,0.0,CN1CCc2cc3c(cc2[C@H]1[C@H]1O[C@@H](O)c2c1ccc1c2OCO1)OCO3,False
BQZZTMXCHPNTCL-PMACEKPBSA-N,1,4.0,4.0,,4.0,4.0,0.0,0.0,CN1CCc2cc3c(cc2[C@@]12C(=O)c1ccc4c(c1[C@@H]2O)OCO4)OCO3,False
IYGYMKDQCDOMRE-ROUUACIJSA-N,1,4.0,4.0,,4.0,4.0,0.0,0.0,CN1CCc2cc3c(cc2[C@H]1[C@H]1OC(=O)c2c1ccc1c2OCO1)OCO3,False
PQECCKIOFCWGRJ-UHFFFAOYSA-N,1,4.0,4.0,,4.0,4.0,0.0,0.0,COc1ccc2c(c1O)CN1CCc3cc4c(cc3C1C2)OCO4,False
WIUVXEAALLSOQN-UHFFFAOYSA-N,1,4.0,4.0,,4.0,4.0,0.0,0.0,CN1CCc2cc3c(cc2C1=O)OCO3,False
UYKOVOXFSYCDFP-IRFCIJBXSA-N,1,4.0,4.0,,4.0,4.0,0.0,0.0,CO[C@@H]1O[C@H]([C@@H]2c3cc4c(cc3CCN2C)OCO4)c2ccc3c(c21)OCO3,False
GPTFURBXHJWNHR-UHFFFAOYSA-N,1,4.0,4.0,,4.0,4.0,0.0,0.0,CN1CCc2cc3c(cc2C(=O)Cc2ccc4c(c2C1)OCO4)OCO3,False
DFLLMUXSZJESOF-UHFFFAOYSA-N,1,4.0,4.0,,4.0,4.0,0.0,0.0,CN1CCc2cc3c(cc2C12OCc1c(ccc4c1OCO4)C2=O)OCO3,False
CIUHLXZTZWTVFL-UHFFFAOYSA-N,1,4.0,4.0,,4.0,4.0,0.0,0.0,CN1Cc2c(ccc3c2OCO3)-c2ccc3cc4c(cc3c21)OCO4,False
MHPDDMNAUJQRSW-UHFFFAOYSA-N,1,4.01412,4.01412,,4.01412,4.01412,0.0,0.0,COC1c2c(ccc3c2OCO3)-c2ccc3cc4c(cc3c2N1C)OCO4,False
XSKSWXVBZOKSJK-UHFFFAOYSA-N,2,4.93028,4.93028,0.023532513677888285,4.91364,4.94692,0.01664000000000021,0.03328000000000042,CC1(c2nccc3cc4c(cc23)OCO4)OC(O)c2c1ccc1c2OCO1,False
DTELHNAUJWFUDO-NHCUHLMSSA-N,1,4.0,4.0,,4.0,4.0,0.0,0.0,CO[C@@H]1O[C@@](C)(c2nccc3cc4c(cc23)OCO4)c2ccc3c(c21)OCO3,False
DTELHNAUJWFUDO-SFTDATJTSA-N,1,4.0,4.0,,4.0,4.0,0.0,0.0,CO[C@H]1O[C@](C)(c2nccc3cc4c(cc23)OCO4)c2ccc3c(c21)OCO3,False
DTELHNAUJWFUDO-LEWJYISDSA-N,1,4.54821,4.54821,,4.54821,4.54821,0.0,0.0,CO[C@H]1O[C@@](C)(c2nccc3cc4c(cc23)OCO4)c2ccc3c(c21)OCO3,False
DTELHNAUJWFUDO-RTWAWAEBSA-N,1,4.0,4.0,,4.0,4.0,0.0,0.0,CO[C@@H]1O[C@](C)(c2nccc3cc4c(cc23)OCO4)c2ccc3c(c21)OCO3,False
SEUMLOBCHYNRSX-SFHVURJKSA-N,1,4.10735,4.10735,,4.10735,4.10735,0.0,0.0,c1cc2cc3c(cc2c([C@H]2Oc4ccc5c(c4O2)OCO5)n1)OCO3,False
SEUMLOBCHYNRSX-GOSISDBHSA-N,1,4.0,4.0,,4.0,4.0,0.0,0.0,c1cc2cc3c(cc2c([C@@H]2Oc4ccc5c(c4O2)OCO5)n1)OCO3,False
LPEUZMZLWYLQCY-IBGZPJMESA-N,1,4.0,4.0,,4.0,4.0,0.0,0.0,C[C@]1(c2nccc3cc4c(cc23)OCO4)Oc2ccc3c(c2O1)OCO3,False
LPEUZMZLWYLQCY-LJQANCHMSA-N,1,4.0,4.0,,4.0,4.0,0.0,0.0,C[C@@]1(c2nccc3cc4c(cc23)OCO4)Oc2ccc3c(c2O1)OCO3,False
XCPMCGVNBGDZDW-JTQLQIEISA-N,1,4.0,4.0,,4.0,4.0,0.0,0.0,C[C@@H](c1ccc2c(c1O)OCO2)c1nccc2cc3c(cc12)OCO3,False
XCPMCGVNBGDZDW-SNVBAGLBSA-N,1,4.0,4.0,,4.0,4.0,0.0,0.0,C[C@H](c1ccc2c(c1O)OCO2)c1nccc2cc3c(cc12)OCO3,False
LVOCVOINJLTJBN-UHFFFAOYSA-N,1,7.95861,7.95861,,7.95861,7.95861,0.0,0.0,COc1ccc(C(=O)CCc2cc[n+](Cc3cccc(F)c3)cc2C#N)cc1OC,False
UJNOXEIFYNSQPF-UHFFFAOYSA-N,1,6.56067,6.56067,,6.56067,6.56067,0.0,0.0,COc1ccc(C(=O)CCc2cc[n+](Cc3ccccc3C(F)(F)F)cc2C#N)cc1OC,False
BTGYEBRPOKQGJZ-UHFFFAOYSA-N,1,5.0,5.0,,5.0,5.0,0.0,0.0,COc1ccc(C(=O)CCc2cc[n+](Cc3ccc(Cl)cc3)cc2C#N)cc1OC,False
WOVKOTAVAGGWDJ-UHFFFAOYSA-N,1,7.65365,7.65365,,7.65365,7.65365,0.0,0.0,COc1ccc(C(=O)CCc2cc[n+](Cc3cccc(Cl)c3)cc2C#N)cc1OC,False
KNWWPIXNKOCWBQ-UHFFFAOYSA-O,1,5.0,5.0,,5.0,5.0,0.0,0.0,CNC(=O)c1c[n+](Cc2ccccc2C)ccc1CC1CCc2cc(OC)ccc2C1=O,False
AXIZSOSOOLEFSM-UHFFFAOYSA-N,1,6.61547,6.61547,,6.61547,6.61547,0.0,0.0,COc1ccc2c(c1)CCC(Cc1cc[n+](Cc3ccccc3C)cc1C(F)(F)F)C2=O,False
WHLYPCOWHNPVQS-UHFFFAOYSA-O,1,5.0,5.0,,5.0,5.0,0.0,0.0,COc1ccc(C(=O)CCc2cc[n+](Cc3cccc(Cl)c3)cc2C(N)=O)cc1OC,False
HXYXAQPAPPYGSB-UHFFFAOYSA-O,1,6.42159,6.42159,,6.42159,6.42159,0.0,0.0,COc1ccc2c(c1)CCC(Cc1cc[n+](Cc3ccccc3Cl)cc1C(N)=O)C2=O,False
PWTNUHLFPUEOFC-UHFFFAOYSA-O,1,6.04876,6.04876,,6.04876,6.04876,0.0,0.0,COc1ccc2c(c1)CCC(Cc1cc[n+](Cc3ccccc3C)cc1C(N)=O)C2=O,False
ZUKMNALKBKPUEP-UHFFFAOYSA-O,1,5.03306,5.03306,,5.03306,5.03306,0.0,0.0,COc1cc2c(cc1OC)C(=O)C(Cc1cc[n+](Cc3nc4ccccc4o3)cc1C(N)=O)C2,False
ZHJJSKSXVVYKIY-UHFFFAOYSA-O,1,5.73025,5.73025,,5.73025,5.73025,0.0,0.0,COc1cc2c(cc1OC)C(=O)C(Cc1cc[n+](Cc3cccc(C)n3)cc1C(N)=O)C2,False
HWZBTWWMRJDMIF-UHFFFAOYSA-O,1,6.04769,6.04769,,6.04769,6.04769,0.0,0.0,COc1cc2c(cc1OC)C(=O)C(Cc1cc[n+](CCc3ccccc3)cc1C(N)=O)C2,False
HXYSAABFJZCRBQ-UHFFFAOYSA-O,1,5.0,5.0,,5.0,5.0,0.0,0.0,COc1cc2c(cc1OC)C(=O)C(Cc1cc[n+](Cc3ccc(S(N)(=O)=O)cc3)cc1C(N)=O)C2,False
XBZUEBYOBNTHJL-UHFFFAOYSA-O,1,5.0,5.0,,5.0,5.0,0.0,0.0,COc1cc2c(cc1OC)C(=O)C(Cc1cc[n+](Cc3cccc(O)c3)cc1C(N)=O)C2,False
PTZFJFZJNAURGQ-UHFFFAOYSA-N,1,7.15927,7.15927,,7.15927,7.15927,0.0,0.0,COC(=O)c1ccccc1C[n+]1ccc(CC2Cc3cc(OC)c(OC)cc3C2=O)c(C(=O)Oc2c(Cl)cc(Cl)cc2Cl)c1,False
RUXNSSNZUHNNSO-UHFFFAOYSA-O,1,5.0,5.0,,5.0,5.0,0.0,0.0,COc1cc2c(cc1OC)C(=O)C(Cc1cc[n+](Cc3cccc(Cl)c3)cc1C(=O)O)C2,False
FONXTPRAHMZUFI-UHFFFAOYSA-O,1,7.74232,7.74232,,7.74232,7.74232,0.0,0.0,COc1ccc(C(=O)CCc2cc[n+](Cc3cccc(Cl)c3)cc2C(=O)O)cc1OC,False
DHBVPDNLRAIJMT-UHFFFAOYSA-N,1,6.84315,6.84315,,6.84315,6.84315,0.0,0.0,COc1ccc(C(=O)CCc2cc[n+](Cc3cccc(Cl)c3)cc2C(C)=O)cc1OC,False
KWLSUDYDZUXRGE-UHFFFAOYSA-N,1,6.67778,6.67778,,6.67778,6.67778,0.0,0.0,COc1ccc2c(c1)CCC(Cc1cc[n+](CC3CCCCC3)cc1C(C)=O)C2=O,False
NEDSVSDWHVAKDF-UHFFFAOYSA-N,1,5.0,5.0,,5.0,5.0,0.0,0.0,CCC[n+]1ccc(CC2CCc3cc(OC)ccc3C2=O)c(C(C)=O)c1,False
IXJNEFYONZZHLV-UHFFFAOYSA-N,1,6.25493,6.25493,,6.25493,6.25493,0.0,0.0,COc1ccc2c(c1)CCC(Cc1cc[n+](Cc3ccc(C)cc3)cc1C(C)=O)C2=O,False
FWIYQNZCOPHEQL-UHFFFAOYSA-N,1,6.24565,6.24565,,6.24565,6.24565,0.0,0.0,COc1ccc2c(c1)CCC(Cc1cc[n+](Cc3ccc(Cl)cc3)cc1C(C)=O)C2=O,False
SSBRVQLFUQYUIS-UHFFFAOYSA-N,1,6.51215,6.51215,,6.51215,6.51215,0.0,0.0,COc1ccc2c(c1)CCC(Cc1cc[n+](Cc3cccc(C(F)(F)F)c3)cc1C(C)=O)C2=O,False
GXBABYCGVYRTDT-UHFFFAOYSA-N,1,6.95664,6.95664,,6.95664,6.95664,0.0,0.0,COc1ccc2c(c1)CCC(Cc1cc[n+](Cc3cccc(C)c3)cc1C(C)=O)C2=O,False
MKUOCPBSADYCLT-UHFFFAOYSA-N,1,8.0,8.0,,8.0,8.0,0.0,0.0,COc1ccc2c(c1)CCC(Cc1cc[n+](Cc3ccccc3C)cc1C(C)=O)C2=O,False
ISOJSTQQWFZFEQ-UHFFFAOYSA-N,1,7.25571,7.25571,,7.25571,7.25571,0.0,0.0,COc1ccc2c(c1)CCC(Cc1cc[n+](Cc3cccc(F)c3)cc1C(C)=O)C2=O,False
OTIRNKFTUNIWRV-UHFFFAOYSA-N,1,7.36653,7.36653,,7.36653,7.36653,0.0,0.0,COc1ccc2c(c1)CCC(Cc1cc[n+](Cc3ccccc3F)cc1C(C)=O)C2=O,False
UBEWDAZDEWQEMO-UHFFFAOYSA-N,1,7.53018,7.53018,,7.53018,7.53018,0.0,0.0,COc1ccc2c(c1)CCC(Cc1cc[n+](Cc3ccccc3Cl)cc1C(C)=O)C2=O,False
WMDZFQSWUOFIIT-UHFFFAOYSA-N,1,7.14874,7.14874,,7.14874,7.14874,0.0,0.0,COc1ccc2c(c1)CCC(Cc1cc[n+](Cc3cccc(Cl)c3)cc1C(C)=O)C2=O,False
GAISCLYYZFHDOC-UHFFFAOYSA-N,1,7.61979,7.61979,,7.61979,7.61979,0.0,0.0,COc1cc2c(cc1OC)C(=O)C(Cc1cc[n+](Cc3ccccc3)cc1C(C)=O)CC2,False
YEPNSNZDXAJYIE-UHFFFAOYSA-N,1,7.67778,7.67778,,7.67778,7.67778,0.0,0.0,COc1cc2c(cc1OC)C(=O)C(Cc1cc[n+](Cc3cccc(Cl)c3)cc1C(C)=O)CC2,False
MSGCCJOTRQRVSD-UHFFFAOYSA-O,1,6.93367,6.93367,,6.93367,6.93367,0.0,0.0,CC(=O)c1c[n+](Cc2cccc(Cl)c2)ccc1CC1Cc2cc(O)ccc2C1=O,False
CZZJEWJXUQCNIT-UHFFFAOYSA-O,1,8.56864,8.56864,,8.56864,8.56864,0.0,0.0,COc1cc2c(cc1O)C(=O)C(Cc1cc[n+](Cc3cccc(Cl)c3)cc1C(C)=O)C2,False
LUHJQZYRFKLLIY-UHFFFAOYSA-N,1,7.43063,7.43063,,7.43063,7.43063,0.0,0.0,CC(=O)c1c[n+](Cc2ccccc2C)ccc1CC1Cc2cc(OCC(F)(F)F)ccc2C1=O,False
SNFJJJRFTPKSIV-UHFFFAOYSA-N,1,5.0,5.0,,5.0,5.0,0.0,0.0,CC(=O)c1c[n+](Cc2cccc(Cl)c2)ccc1CC1Cc2cc(F)ccc2C1=O,False
CRFBTACSAUOZGA-UHFFFAOYSA-N,1,7.78252,7.78252,,7.78252,7.78252,0.0,0.0,COc1ccc2c(c1)CCC(Cc1cc[n+](Cc3cccc(C)c3)cc1Br)C2=O,False
WBXLGRPEPUDTKJ-UHFFFAOYSA-N,1,9.4437,9.4437,,9.4437,9.4437,0.0,0.0,COc1cc2c(cc1OC)C(=O)C(Cc1cc[n+](Cc3ccccc3)cc1Br)C2,False
XQGGLAABIKOXNO-UHFFFAOYSA-N,1,6.767,6.767,,6.767,6.767,0.0,0.0,COC(=O)c1c[n+](Cc2cccc(Cl)c2)ccc1CCC(=O)c1ccc(OC)c(OC)c1,False
BOPFNLKYSPIFLY-UHFFFAOYSA-N,1,6.0348,6.0348,,6.0348,6.0348,0.0,0.0,COc1ccc(C(=O)CCC2C=CN(Cc3cccc(Cl)c3)C=C2C#N)cc1OC,False
AUUDYYKNSHAOJT-UHFFFAOYSA-N,1,5.0,5.0,,5.0,5.0,0.0,0.0,COC(=O)C1=CN(Cc2cccc(Cl)c2)C=CC1CCC(=O)c1ccc(OC)c(OC)c1,False
OYPCNXLINUJIIK-UHFFFAOYSA-N,1,5.0,5.0,,5.0,5.0,0.0,0.0,COc1ccc(C(=O)CCC2C=CN(Cc3cccc(Cl)c3)C=C2C(C)=O)cc1OC,False
JVHQPCGYNVTJER-UHFFFAOYSA-N,1,5.0,5.0,,5.0,5.0,0.0,0.0,COc1ccc(C(=O)CCC2C=CN(Cc3cccc(Cl)c3)C=C2C(N)=O)cc1OC,False
JHCQBTJLDRVOEU-UHFFFAOYSA-N,1,5.0,5.0,,5.0,5.0,0.0,0.0,CC(=O)C1=CN(Cc2cccc(Cl)c2)C=CC1CC1Cc2cc(F)ccc2C1=O,False
HMFPNGCVUHYYTQ-UHFFFAOYSA-N,4,6.46279,6.430465,0.3065753120632297,6.03433,6.76195,0.18999999999999995,0.7276199999999999,COc1cc2c(cc1OC)C(=O)C(CC1C=CN(Cc3ccccc3)C=C1C(C)=O)CC2,False
CNAHKYGTLNXQEV-UHFFFAOYSA-N,1,5.0,5.0,,5.0,5.0,0.0,0.0,COc1ccc2c(c1)CCC(CC1C=CN(Cc3ccccc3F)C=C1C(C)=O)C2=O,False
FSRCSQIYHAMNKX-UHFFFAOYSA-N,1,5.0,5.0,,5.0,5.0,0.0,0.0,COc1ccc2c(c1)CCC(CC1C=CN(Cc3cccc(F)c3)C=C1C(C)=O)C2=O,False
QZMOKFTXANCHGF-UHFFFAOYSA-N,1,5.0,5.0,,5.0,5.0,0.0,0.0,COc1ccc2c(c1)CCC(CC1C=CN(Cc3ccccc3Cl)C=C1C(C)=O)C2=O,False
NIOXAGMXVCHNDQ-UHFFFAOYSA-N,1,5.0,5.0,,5.0,5.0,0.0,0.0,COc1ccc2c(c1)CCC(CC1C=CN(Cc3cccc(C)c3)C=C1C(C)=O)C2=O,False
FIWOMRSDWULALA-UHFFFAOYSA-N,1,5.0,5.0,,5.0,5.0,0.0,0.0,COc1ccc2c(c1)CCC(CC1C=CN(Cc3cccc(C(F)(F)F)c3)C=C1C(C)=O)C2=O,False
CEKKZIPGBWGHEP-UHFFFAOYSA-N,1,5.0,5.0,,5.0,5.0,0.0,0.0,COc1ccc2c(c1)CCC(CC1C=CN(Cc3ccc(Cl)cc3)C=C1C(C)=O)C2=O,False
JVYHNLLWXDLDGO-UHFFFAOYSA-N,1,5.0,5.0,,5.0,5.0,0.0,0.0,COc1ccc2c(c1)CCC(CC1C=CN(Cc3ccc(C)cc3)C=C1C(C)=O)C2=O,False
TUALDOHFKJXKNG-UHFFFAOYSA-N,1,5.0,5.0,,5.0,5.0,0.0,0.0,COc1ccc2c(c1)CCC(CC1C=CN(Cc3ccccc3C)C=C1C(N)=O)C2=O,False
YAXCJBQLATTZPW-UHFFFAOYSA-O,1,5.0,5.0,,5.0,5.0,0.0,0.0,COc1ccc(C(=O)CCCCc2cc[n+](Cc3cccc(Cl)c3)cc2C(N)=O)cc1OC,False
DJCQONAUVUTOGR-UHFFFAOYSA-O,1,5.0,5.0,,5.0,5.0,0.0,0.0,COc1cc2c(cc1OC)C(=O)C(CCCc1cc[n+](Cc3cccc(Cl)c3)cc1C(N)=O)C2,False
ZAJSOHVCTIJVQN-UHFFFAOYSA-N,1,6.21467,6.21467,,6.21467,6.21467,0.0,0.0,Cc1cc(=O)oc2cc(OCCCCCCSC(=S)N3CCCCC3)ccc12,False
PIJXULBIDVGVGN-UHFFFAOYSA-N,1,6.67778,6.67778,,6.67778,6.67778,0.0,0.0,Cc1cc(=O)oc2cc(OCCCCCSC(=S)N3CCCCC3)ccc12,False
ZOCBBCHDTYVHNA-UHFFFAOYSA-N,1,7.56864,7.56864,,7.56864,7.56864,0.0,0.0,Cc1cc(=O)oc2cc(OCCCCSC(=S)N3CCCCC3)ccc12,False
WPNZIORZRPYVSP-UHFFFAOYSA-N,1,6.5376,6.5376,,6.5376,6.5376,0.0,0.0,Cc1cc(=O)oc2cc(OCCCSC(=S)N3CCCCC3)ccc12,False
WEZSRIHVUUPAKP-UHFFFAOYSA-N,1,5.93554,5.93554,,5.93554,5.93554,0.0,0.0,Cc1cc(=O)oc2cc(OCCSC(=S)N3CCC(N4CCCCC4)CC3)ccc12,False
AYCMSQHGVRSOEG-UHFFFAOYSA-N,1,5.70115,5.70115,,5.70115,5.70115,0.0,0.0,Cc1cc(=O)oc2cc(OCCSC(=S)N3CCN(C(C)C)CC3)ccc12,False
XLGODKFAPAATHI-UHFFFAOYSA-N,1,6.3279,6.3279,,6.3279,6.3279,0.0,0.0,Cc1cc(=O)oc2cc(OCCSC(=S)N3CCCCC3)ccc12,False
NCDMSUYCDGOQGE-UHFFFAOYSA-N,1,6.05061,6.05061,,6.05061,6.05061,0.0,0.0,Cc1cc(=O)oc2cc(OCCSC(=S)N3CCCC3)ccc12,False
XWDQBUKIHCYZSV-UHFFFAOYSA-N,1,5.7122,5.7122,,5.7122,5.7122,0.0,0.0,CCN(CC)C(=S)SCCOc1ccc2c(C)cc(=O)oc2c1,False
XDKQETGPJLVOCH-UHFFFAOYSA-N,1,4.9751,4.9751,,4.9751,4.9751,0.0,0.0,Cc1cc(=O)oc2cc(OCCSC(=S)N(C)C)ccc12,False
MYCKNKHATQGHEV-YADHBBJMSA-N,1,4.52288,4.52288,,4.52288,4.52288,0.0,0.0,NCCCCN(C[C@H]1Cc2ccccc2CN1)[C@H]1CCCc2cccnc21,False
SPZGRPOIKPGRQR-RPBOFIJWSA-N,1,4.52288,4.52288,,4.52288,4.52288,0.0,0.0,c1ccc2c(c1)CN[C@@H](CN(CCCN1CCNCC1)[C@H]1CCCc3cccnc31)C2,False
YPLCBNLGVGQEFT-ZPZUNKDASA-N,1,4.97062,4.97062,,4.97062,4.97062,0.0,0.0,c1ccc2c(c1)CN[C@@H](CN(CC[C@H]1CCCNC1)[C@H]1CCCc3cccnc31)C2,False
NNQNLVYNOGMKMH-GGUWWXLASA-N,1,5.07572,5.07572,,5.07572,5.07572,0.0,0.0,Oc1ccc(-c2oc3cc(O)c4c5c3c2-c2cc(O)cc(O)c2[C@H](c2ccc(O)cc2)[C@@H]5[C@H](c2ccc(O)cc2)[C@@H]4c2cc(O)cc(O)c2)cc1,False
AOVYIEMYIRFGEJ-UHFFFAOYSA-N,1,6.81248,6.81248,,6.81248,6.81248,0.0,0.0,CN(C)C(=O)Oc1cccc2c1cc(C(=O)N(C)C)c[n+]2C,False
YOVLZPXYBLNOJB-UHFFFAOYSA-N,1,5.0,5.0,,5.0,5.0,0.0,0.0,Cc1c(C(=O)N(C)C)cc2c(OC(=O)N(C)C)cccc2[n+]1C,False
DLRHIOHOPZWHMX-UHFFFAOYSA-N,1,5.0,5.0,,5.0,5.0,0.0,0.0,Cc1c(C(=O)N(C)C)c[n+](C)c2cccc(OC(=O)N(C)C)c12,False
SCQKSPUBKMHTGB-UHFFFAOYSA-N,1,5.0,5.0,,5.0,5.0,0.0,0.0,Cc1c(C(=O)N(C)C)c(C)[n+](C)c2cccc(OC(=O)N(C)C)c12,False
GYRQDJJXSXVSSO-UHFFFAOYSA-O,1,7.23657,7.23657,,7.23657,7.23657,0.0,0.0,CC(C)NC(=O)c1cc2c(OC(=O)N(C)C)cccc2[n+](C)c1,False
XYFWSBYOHVNOON-UHFFFAOYSA-O,1,5.0,5.0,,5.0,5.0,0.0,0.0,CCN(C)C(=O)Oc1cccc2c1cc(C(=O)NC(C)C)c[n+]2C,False
ANOJNPLUNLSFKR-UHFFFAOYSA-O,1,5.0,5.0,,5.0,5.0,0.0,0.0,CC(C)NC(=O)c1cc2c(OC(=O)N3CCCC3)cccc2[n+](C)c1,False
BGGSTNHPCNTNBR-UHFFFAOYSA-O,1,7.69897,7.69897,,7.69897,7.69897,0.0,0.0,COCCNC(=O)c1cc2c(OC(=O)N(C)C)cccc2[n+](C)c1,False
DJGQKHHVVMWQAU-UHFFFAOYSA-O,1,7.52288,7.52288,,7.52288,7.52288,0.0,0.0,CN(C)C(=O)Oc1cccc2c1cc(C(=O)Nc1ccccc1)c[n+]2C,False
LRMBKIUNXDAEMV-UHFFFAOYSA-O,1,7.03152,7.03152,,7.03152,7.03152,0.0,0.0,COC(=O)CNC(=O)c1cc2c(OC(=O)N(C)C)cccc2[n+](C)c1,False
KUPGBDOWCRCWEO-UHFFFAOYSA-O,1,7.69897,7.69897,,7.69897,7.69897,0.0,0.0,CN(C)C(=O)Oc1cccc2c1cc(C(=O)NC1CCCCC1)c[n+]2C,False
HDUVPKXTUYUIIV-UHFFFAOYSA-O,1,7.11351,7.11351,,7.11351,7.11351,0.0,0.0,CNC(=O)c1cc2c(OC(=O)N(C)C)cccc2[n+](C)c1,False
XGKVMUUOYBZEKD-UHFFFAOYSA-O,1,6.50307,6.50307,,6.50307,6.50307,0.0,0.0,CC[n+]1cc(C(=O)NC)cc2c(OC(=O)N(C)C)cccc21,False
FIPLNKOSALQNQE-UHFFFAOYSA-O,1,5.93554,5.93554,,5.93554,5.93554,0.0,0.0,CNC(=O)c1cc2c(OC(=O)N(C)C)cccc2[n+](Cc2ccccc2)c1,False
QVTLTOVJHONAJB-UHFFFAOYSA-N,1,7.4318,7.4318,,7.4318,7.4318,0.0,0.0,CN(C)C(=O)Oc1cccc2c1cc(C(=O)NCCOCCO)c[n+]2C.COS(=O)(=O)[O-],False
JDCVJSGPUOADTL-UHFFFAOYSA-N,1,5.0,5.0,,5.0,5.0,0.0,0.0,CN(C)C(=O)Oc1cccc2c1CC(C(=O)NCCOCCOCCN1C(=O)c3ccccc3C1=O)=CN2C,False
LFGCRRHRHMMUPN-UHFFFAOYSA-N,1,8.22185,8.22185,,8.22185,8.22185,0.0,0.0,CN(C)C(=O)Oc1cccc2c1cc(C(=O)NCCOCCOCCN1C(=O)c3ccccc3C1=O)c[n+]2C.O=S(=O)([O-])C(F)(F)F,False
FQBIIJMASFPLFS-UHFFFAOYSA-O,1,5.0,5.0,,5.0,5.0,0.0,0.0,C[n+]1cc(C(=O)NCCOCCOCCN2C(=O)c3ccccc3C2=O)cc2c(O)cccc21,False
PLNLVEUSTUDWFQ-UHFFFAOYSA-N,1,4.96658,4.96658,,4.96658,4.96658,0.0,0.0,Nc1c2c(nc3c1C(c1ccccc1)NC(=S)N3)CCCC2,False
BXWNQTZFDOYIOK-UHFFFAOYSA-N,1,4.62342,4.62342,,4.62342,4.62342,0.0,0.0,Cc1ccc(C2NC(=S)Nc3nc4c(c(N)c32)CCCC4)cc1,False
GYRQOPMYAYOUMX-UHFFFAOYSA-N,1,4.99568,4.99568,,4.99568,4.99568,0.0,0.0,Cc1cccc(C2NC(=S)Nc3nc4c(c(N)c32)CCCC4)c1,False
RIXYCWGCLUQKNA-UHFFFAOYSA-N,1,5.11691,5.11691,,5.11691,5.11691,0.0,0.0,COc1ccc(C2NC(=S)Nc3nc4c(c(N)c32)CCCC4)cc1,False
GLVAOWPNTIXLJA-UHFFFAOYSA-N,1,5.5157,5.5157,,5.5157,5.5157,0.0,0.0,COc1cccc(C2NC(=S)Nc3nc4c(c(N)c32)CCCC4)c1,False
QBDIJKJLYFGFCQ-UHFFFAOYSA-N,1,4.50585,4.50585,,4.50585,4.50585,0.0,0.0,COc1ccccc1C1NC(=S)Nc2nc3c(c(N)c21)CCCC3,False
HCMONNLOJLHXAS-UHFFFAOYSA-N,1,5.08725,5.08725,,5.08725,5.08725,0.0,0.0,Nc1c2c(nc3c1C(c1ccc4c(c1)OCO4)NC(=S)N3)CCCC2,False
JJRQLEQTWXNCLT-UHFFFAOYSA-N,1,4.61798,4.61798,,4.61798,4.61798,0.0,0.0,CN(C)c1ccc(C2NC(=S)Nc3nc4c(c(N)c32)CCCC4)cc1,False
QIFFNLGFMAGFRM-UHFFFAOYSA-N,1,4.50864,4.50864,,4.50864,4.50864,0.0,0.0,Nc1c2c(nc3c1C(c1ccc(F)cc1)NC(=S)N3)CCCC2,False
YEFWMAZIZIXJFI-UHFFFAOYSA-N,1,5.27737,5.27737,,5.27737,5.27737,0.0,0.0,Nc1c2c(nc3c1C(c1ccc(Cl)cc1)NC(=S)N3)CCCC2,False
RTYBGCWRXWDNEV-UHFFFAOYSA-N,1,7.42829,7.42829,,7.42829,7.42829,0.0,0.0,Nc1c2c(nc3c1C(c1cccc(Br)c1)NC(=S)N3)CCCC2,False
AJVJINJDKFGAQT-UHFFFAOYSA-N,1,4.52578,4.52578,,4.52578,4.52578,0.0,0.0,Nc1c2c(nc3c1C(c1cccc([N+](=O)[O-])c1)NC(=S)N3)CCCC2,False
LLXJPNQWAGNDDN-UHFFFAOYSA-N,1,5.86646,5.86646,,5.86646,5.86646,0.0,0.0,Nc1ccc2c(c1)CNC(=O)C2,False
KWDIMUXCEPISSB-UHFFFAOYSA-N,1,5.87943,5.87943,,5.87943,5.87943,0.0,0.0,O=C1Cc2ccc(NC(=O)c3ccccc3)cc2CN1,False
ZGKSUSLLHGSKSG-UHFFFAOYSA-N,1,6.03905,6.03905,,6.03905,6.03905,0.0,0.0,O=C1Cc2ccc(NC(=O)c3cccc(Cl)c3)cc2CN1,False
ZEGHJDQNAWLYBT-UHFFFAOYSA-N,1,6.10182,6.10182,,6.10182,6.10182,0.0,0.0,Cc1cccc(C(=O)Nc2ccc3c(c2)CNC(=O)C3)c1,False
LAFJKVROFSQGPO-UHFFFAOYSA-N,1,6.03339,6.03339,,6.03339,6.03339,0.0,0.0,COc1ccccc1C(=O)Nc1ccc2c(c1)CNC(=O)C2,False
IXVWXMHLIKJMLG-UHFFFAOYSA-N,1,9.29243,9.29243,,9.29243,9.29243,0.0,0.0,O=C(Nc1ccc2c(c1)CN(C(=O)c1ccccc1)C(=O)C2)c1ccccc1,False
HXSIJHFGWIQULU-UHFFFAOYSA-N,1,10.54729,10.54729,,10.54729,10.54729,0.0,0.0,O=C(Nc1ccc2c(c1)CN(C(=O)c1cccc(Cl)c1)C(=O)C2)c1ccccc1,False
OTUPYIRPZHVJBH-UHFFFAOYSA-N,1,10.58153,10.58153,,10.58153,10.58153,0.0,0.0,Cc1cccc(C(=O)N2Cc3cc(NC(=O)c4ccccc4)ccc3CC2=O)c1,False
CDSXZKIEHDOCCP-UHFFFAOYSA-N,1,10.72285,10.72285,,10.72285,10.72285,0.0,0.0,COc1ccccc1C(=O)N1Cc2cc(NC(=O)c3ccccc3)ccc2CC1=O,False
HWQNLRVXPNDUKY-UHFFFAOYSA-N,1,10.87844,10.87844,,10.87844,10.87844,0.0,0.0,O=C(Nc1ccc2c(c1)CN(C(=O)c1ccccc1)C(=O)C2)c1cccc(Cl)c1,False
DXSOTJFLEFYBEJ-UHFFFAOYSA-N,1,10.84924,10.84924,,10.84924,10.84924,0.0,0.0,O=C(Nc1ccc2c(c1)CN(C(=O)c1cccc(Cl)c1)C(=O)C2)c1cccc(Cl)c1,False
DWPXWBWEQAPZMW-UHFFFAOYSA-N,1,10.84134,10.84134,,10.84134,10.84134,0.0,0.0,Cc1cccc(C(=O)N2Cc3cc(NC(=O)c4cccc(Cl)c4)ccc3CC2=O)c1,False
ZYANMUOGHHKYJT-UHFFFAOYSA-N,1,10.96059,10.96059,,10.96059,10.96059,0.0,0.0,COc1ccccc1C(=O)N1Cc2cc(NC(=O)c3cccc(Cl)c3)ccc2CC1=O,False
ANYIWHFTTOMQKM-UHFFFAOYSA-N,1,10.67902,10.67902,,10.67902,10.67902,0.0,0.0,Cc1cccc(C(=O)Nc2ccc3c(c2)CN(C(=O)c2cccc(Cl)c2)C(=O)C3)c1,False
QRHIIIKMYDTQEI-UHFFFAOYSA-N,1,10.86902,10.86902,,10.86902,10.86902,0.0,0.0,Cc1cccc(C(=O)Nc2ccc3c(c2)CN(C(=O)c2cccc(C)c2)C(=O)C3)c1,False
GUWMYOCCFDGLCR-UHFFFAOYSA-N,1,10.53195,10.53195,,10.53195,10.53195,0.0,0.0,COc1ccccc1C(=O)Nc1ccc2c(c1)CN(C(=O)c1ccccc1)C(=O)C2,False
BSTDXNRTONCMRM-UHFFFAOYSA-N,1,10.77676,10.77676,,10.77676,10.77676,0.0,0.0,COc1ccccc1C(=O)Nc1ccc2c(c1)CN(C(=O)c1cccc(Cl)c1)C(=O)C2,False
ZSMOZYHRLHHZSY-UHFFFAOYSA-N,1,10.58637,10.58637,,10.58637,10.58637,0.0,0.0,COc1ccccc1C(=O)Nc1ccc2c(c1)CN(C(=O)c1cccc(C)c1)C(=O)C2,False
ZEUAMOKVUUJYCM-UHFFFAOYSA-N,1,10.66595,10.66595,,10.66595,10.66595,0.0,0.0,COc1ccccc1C(=O)Nc1ccc2c(c1)CN(C(=O)c1ccccc1OC)C(=O)C2,False
QUFGTPYSVLYXQC-UHFFFAOYSA-N,1,8.5784,8.5784,,8.5784,8.5784,0.0,0.0,c1ccc2c(NCCCCC[Se][Se]CCCCCNc3c4c(nc5ccccc35)CCCC4)c3c(nc2c1)CCCC3,False
CSHQXRFENGZQAM-UHFFFAOYSA-N,1,8.79048,8.79048,,8.79048,8.79048,0.0,0.0,c1ccc2c(NCCCCCSSCCCCCNc3c4c(nc5ccccc35)CCCC4)c3c(nc2c1)CCCC3,False
RFJOKGIIFYOSLX-UHFFFAOYSA-N,1,8.64782,8.64782,,8.64782,8.64782,0.0,0.0,c1ccc2c(NCCCCC[Se]CCCCCNc3c4c(nc5ccccc35)CCCC4)c3c(nc2c1)CCCC3,False
KAQFXSGSNQJYSZ-UHFFFAOYSA-N,1,6.45346,6.45346,,6.45346,6.45346,0.0,0.0,Cc1cc(=O)oc2cc(OCc3cc[n+](Cc4ccccc4)cc3)ccc12,False
BBBDMVQFKWOHPN-UHFFFAOYSA-N,1,7.18509,7.18509,,7.18509,7.18509,0.0,0.0,Cc1cc(=O)oc2cc(OCc3cc[n+](Cc4ccccc4F)cc3)ccc12,False
YEQXVVSCJCAGCN-UHFFFAOYSA-N,1,7.38091,7.38091,,7.38091,7.38091,0.0,0.0,Cc1cc(=O)oc2cc(OCc3cc[n+](Cc4cccc(F)c4)cc3)ccc12,False
RDJYPEQKOFLDSU-UHFFFAOYSA-N,1,7.43297,7.43297,,7.43297,7.43297,0.0,0.0,Cc1cc(=O)oc2cc(OCc3cc[n+](Cc4ccc(F)cc4)cc3)ccc12,False
KYEOIBNAXBQIIL-UHFFFAOYSA-N,1,7.451,7.451,,7.451,7.451,0.0,0.0,Cc1ccccc1C[n+]1ccc(COc2ccc3c(C)cc(=O)oc3c2)cc1,False
DBRDRUNIMYQHRB-UHFFFAOYSA-N,1,7.07779,7.07779,,7.07779,7.07779,0.0,0.0,Cc1cccc(C[n+]2ccc(COc3ccc4c(C)cc(=O)oc4c3)cc2)c1,False
XXWKFTXCPBFORX-UHFFFAOYSA-N,1,6.60206,6.60206,,6.60206,6.60206,0.0,0.0,Cc1ccc(C[n+]2ccc(COc3ccc4c(C)cc(=O)oc4c3)cc2)cc1,False
MXIWEACZSLWUNJ-UHFFFAOYSA-N,1,7.10735,7.10735,,7.10735,7.10735,0.0,0.0,Cc1cc(=O)oc2cc(OCc3cc[n+](Cc4ccccc4Br)cc3)ccc12,False
DHPPKOMQWCJTCC-UHFFFAOYSA-N,1,6.89076,6.89076,,6.89076,6.89076,0.0,0.0,Cc1cc(=O)oc2cc(OCc3cc[n+](Cc4cccc(Br)c4)cc3)ccc12,False
QUKIDURQJXXGLR-UHFFFAOYSA-N,1,6.66254,6.66254,,6.66254,6.66254,0.0,0.0,Cc1cc(=O)oc2cc(OCc3cc[n+](Cc4ccc(Br)cc4)cc3)ccc12,False
HZUIZIMBKPSMMN-UHFFFAOYSA-N,1,6.63827,6.63827,,6.63827,6.63827,0.0,0.0,Cc1cc(=O)oc2cc(OCc3cc[n+](Cc4cccc([N+](=O)[O-])c4)cc3)ccc12,False
JLYIDWRSRDJZRN-UHFFFAOYSA-N,1,5.96778,5.96778,,5.96778,5.96778,0.0,0.0,Cc1cc(=O)oc2cc(OCc3cc[n+](Cc4ccc([N+](=O)[O-])cc4)cc3)ccc12,False
JSRJKSWBGDRGCG-UHFFFAOYSA-N,1,5.23657,5.23657,,5.23657,5.23657,0.0,0.0,CN(Cc1ccccc1)Cc1ccc(NC(=O)Cc2ccccc2)cc1,False
XWYLEVNGSMGPPA-UHFFFAOYSA-N,1,5.48945,5.48945,,5.48945,5.48945,0.0,0.0,CN(Cc1ccccc1)Cc1ccc(NC(=O)Cc2ccc(O)cc2)cc1,False
CMCUYOUITXXJIA-UHFFFAOYSA-N,1,5.18709,5.18709,,5.18709,5.18709,0.0,0.0,CCN(Cc1ccccc1)Cc1ccc(NC(=O)Cc2ccc(O)cc2)cc1,False
KNINRYGFSSXZLA-UHFFFAOYSA-N,1,5.33442,5.33442,,5.33442,5.33442,0.0,0.0,CN(Cc1ccccc1)Cc1ccc(NC(=O)Cc2ccc(O)c(O)c2)cc1,False
NXGXSRJQERFLRS-UHFFFAOYSA-N,1,5.13906,5.13906,,5.13906,5.13906,0.0,0.0,CCN(Cc1ccccc1)Cc1ccc(NC(=O)Cc2ccc(O)c(O)c2)cc1,False
HKPNHUAZURUPMZ-UHFFFAOYSA-N,1,5.51713,5.51713,,5.51713,5.51713,0.0,0.0,COc1ccc(CC(=O)Nc2ccc(CN(C)Cc3ccccc3)cc2)cc1O,False
FBMQROMIUKCEIV-UHFFFAOYSA-N,1,5.55909,5.55909,,5.55909,5.55909,0.0,0.0,CCN(Cc1ccccc1)Cc1ccc(NC(=O)Cc2ccc(OC)c(O)c2)cc1,False
SIOOQAQHGMCZBA-UHFFFAOYSA-N,1,5.73283,5.73283,,5.73283,5.73283,0.0,0.0,COc1ccc(CC(=O)Nc2ccc(CN(C)Cc3ccccc3)cc2)cc1OC,False
HVTXLPYMZKCXHD-UHFFFAOYSA-N,1,5.49214,5.49214,,5.49214,5.49214,0.0,0.0,CCN(Cc1ccccc1)Cc1ccc(NC(=O)Cc2ccc(OC)c(OC)c2)cc1,False
NANDDLAEPXKMHJ-GXDHUFHOSA-N,1,5.266,5.266,,5.266,5.266,0.0,0.0,CN(Cc1ccccc1)Cc1ccc(NC(=O)/C=C/c2ccc(O)c(O)c2)cc1,False
IXTWYODPRCKMGS-RVDMUPIBSA-N,1,5.07988,5.07988,,5.07988,5.07988,0.0,0.0,COc1cc(/C=C/C(=O)Nc2ccc(CN(C)Cc3ccccc3)cc2)ccc1O,False
VUICJISLOSHCML-UHFFFAOYSA-N,1,7.77469,7.77469,,7.77469,7.77469,0.0,0.0,N#Cc1ccccc1CNCC(=O)Nc1ccc2nc3n(c(=O)c2c1)CCC3,False
IIPHMRRBNSABHE-UHFFFAOYSA-N,1,7.51286,7.51286,,7.51286,7.51286,0.0,0.0,O=C(CNCc1ccccc1[N+](=O)[O-])Nc1ccc2nc3n(c(=O)c2c1)CCC3,False
NLUCFDWSIZAJOW-UHFFFAOYSA-N,1,8.11862,8.11862,,8.11862,8.11862,0.0,0.0,O=C(CNCc1cc(F)cc(F)c1)Nc1ccc2nc3n(c(=O)c2c1)CCC3,False
ABTANIOYSSLHPL-UHFFFAOYSA-N,1,6.27737,6.27737,,6.27737,6.27737,0.0,0.0,O=C(CNCc1ccccc1F)Nc1ccc2nc3n(c(=O)c2c1)CCC3,False
MKVRLRPVYJXCMO-UHFFFAOYSA-N,1,6.92445,6.92445,,6.92445,6.92445,0.0,0.0,Cc1ccccc1CNCC(=O)Nc1ccc2nc3n(c(=O)c2c1)CCC3,False
QUSVCPDTRANDHH-UHFFFAOYSA-N,1,8.38828,8.38828,,8.38828,8.38828,0.0,0.0,O=C(CNCCCc1ccccc1)Nc1ccc2nc3n(c(=O)c2c1)CCC3,False
OHIUTRCFRLCSIV-UHFFFAOYSA-N,1,6.63639,6.63639,,6.63639,6.63639,0.0,0.0,O=C(CNCc1ccccc1)Nc1ccc2nc3n(c(=O)c2c1)CCC3,False
WELYXMQWLDVBEU-UHFFFAOYSA-N,1,7.33348,7.33348,,7.33348,7.33348,0.0,0.0,C#CCNCC(=O)Nc1ccc2nc3n(c(=O)c2c1)CCC3,False
JDAXIWBYOWTFLG-UHFFFAOYSA-N,1,7.5867,7.5867,,7.5867,7.5867,0.0,0.0,CC(C)=CCNCC(=O)Nc1ccc2nc3n(c(=O)c2c1)CCC3,False
QEFYWXQDHADMAB-UHFFFAOYSA-N,1,7.87615,7.87615,,7.87615,7.87615,0.0,0.0,C=CCCNCC(=O)Nc1ccc2nc3n(c(=O)c2c1)CCC3,False
GIXIYLOKYKETBF-UHFFFAOYSA-N,1,7.17653,7.17653,,7.17653,7.17653,0.0,0.0,C=CCNCC(=O)Nc1ccc2nc3n(c(=O)c2c1)CCC3,False
KMZLIUYTTDFDDT-UHFFFAOYSA-N,1,8.27491,8.27491,,8.27491,8.27491,0.0,0.0,CCCCCCCCCCCCCCCCNCC(=O)Nc1ccc2nc3n(c(=O)c2c1)CCC3,False
PGXWNRJZBFQJBN-UHFFFAOYSA-N,1,7.43533,7.43533,,7.43533,7.43533,0.0,0.0,CCCCCCCCCCCCNCC(=O)Nc1ccc2nc3n(c(=O)c2c1)CCC3,False
WSPCNBULOYNLKA-UHFFFAOYSA-N,1,7.61798,7.61798,,7.61798,7.61798,0.0,0.0,CCCCCCCCCCNCC(=O)Nc1ccc2nc3n(c(=O)c2c1)CCC3,False
YCPMQTFIOCKGEL-UHFFFAOYSA-N,1,7.97469,7.97469,,7.97469,7.97469,0.0,0.0,CCCCCCCCNCC(=O)Nc1ccc2nc3n(c(=O)c2c1)CCC3,False
YJLNHZBJXDIDAF-UHFFFAOYSA-N,1,7.59688,7.59688,,7.59688,7.59688,0.0,0.0,CCCCCCNCC(=O)Nc1ccc2nc3n(c(=O)c2c1)CCC3,False
BYPMOXKLMWETND-UHFFFAOYSA-N,1,7.67366,7.67366,,7.67366,7.67366,0.0,0.0,CCCCNCC(=O)Nc1ccc2nc3n(c(=O)c2c1)CCC3,False
BQFXCCNHGAEHME-UHFFFAOYSA-N,1,6.50864,6.50864,,6.50864,6.50864,0.0,0.0,CCCNCC(=O)Nc1ccc2nc3n(c(=O)c2c1)CCC3,False
KKAIOBSUMOSSIY-UHFFFAOYSA-N,1,6.25414,6.25414,,6.25414,6.25414,0.0,0.0,CCNCC(=O)Nc1ccc2nc3n(c(=O)c2c1)CCC3,False
DHEIFLNTYDIUHL-VHEBQXMUSA-N,1,6.96497,6.96497,,6.96497,6.96497,0.0,0.0,COc1cc(/C=C/C(=O)NCCCCCCNc2c3c(nc4ccccc24)CCCC3)cc(OC)c1OCc1nc(C)c(C)nc1C,False
FNEGRPYNMCMCTH-FOCLMDBBSA-N,1,7.18575,7.18575,,7.18575,7.18575,0.0,0.0,COc1cc(/C=C/C(=O)NCCCCCCNc2c3c(nc4ccccc24)CCCC3)cc(OC)c1O,False
OBXCJDDMEPVENQ-UHFFFAOYSA-N,1,6.92445,6.92445,,6.92445,6.92445,0.0,0.0,COc1ccc(Cn2cc(C(=O)NCCCCCCCCNc3c4c(nc5cc(Cl)ccc35)CCCC4)c(=O)c3ccccc32)cc1,False
ZGACJRITTJMLJD-UHFFFAOYSA-N,1,7.28651,7.28651,,7.28651,7.28651,0.0,0.0,COc1ccc(Cn2cc(C(=O)NCCCCCCCNc3c4c(nc5cc(Cl)ccc35)CCCC4)c(=O)c3ccccc32)cc1,False
YFVYBUDUJCAOHJ-UHFFFAOYSA-N,1,7.02641,7.02641,,7.02641,7.02641,0.0,0.0,COc1ccc(Cn2cc(C(=O)NCCCCCCNc3c4c(nc5cc(Cl)ccc35)CCCC4)c(=O)c3ccccc32)cc1,False
SKNXOZMELLESMQ-UHFFFAOYSA-N,1,6.74473,6.74473,,6.74473,6.74473,0.0,0.0,COc1ccc(Cn2cc(C(=O)NCCCCCNc3c4c(nc5cc(Cl)ccc35)CCCC4)c(=O)c3ccccc32)cc1,False
QEYUTNWPWKWLIR-UHFFFAOYSA-N,1,7.04769,7.04769,,7.04769,7.04769,0.0,0.0,COc1ccc(Cn2cc(C(=O)NCCCCNc3c4c(nc5cc(Cl)ccc35)CCCC4)c(=O)c3ccccc32)cc1,False
MXLDMFKZOSQDCE-UHFFFAOYSA-N,1,7.37779,7.37779,,7.37779,7.37779,0.0,0.0,COc1ccc(Cn2cc(C(=O)NCCCNc3c4c(nc5cc(Cl)ccc35)CCCC4)c(=O)c3ccccc32)cc1,False
DTAVPFOKFGJGTE-UHFFFAOYSA-N,1,7.12784,7.12784,,7.12784,7.12784,0.0,0.0,COc1ccc(Cn2cc(C(=O)NCCNc3c4c(nc5cc(Cl)ccc35)CCCC4)c(=O)c3ccccc32)cc1,False
YKNBDIOCHDAMFY-UHFFFAOYSA-N,1,6.11464,6.11464,,6.11464,6.11464,0.0,0.0,COc1ccc(Cn2cc(C(=O)NCCCCCCCCNc3c4c(nc5ccccc35)CCCC4)c(=O)c3ccccc32)cc1,False
GHSCLZBQMFGTOK-UHFFFAOYSA-N,1,6.7122,6.7122,,6.7122,6.7122,0.0,0.0,COc1ccc(Cn2cc(C(=O)NCCCCCCCNc3c4c(nc5ccccc35)CCCC4)c(=O)c3ccccc32)cc1,False
JXQZTEXAQLHFFG-UHFFFAOYSA-N,1,6.7122,6.7122,,6.7122,6.7122,0.0,0.0,COc1ccc(Cn2cc(C(=O)NCCCCCCNc3c4c(nc5ccccc35)CCCC4)c(=O)c3ccccc32)cc1,False
HBWDGMCCLIOMLX-UHFFFAOYSA-N,1,6.53313,6.53313,,6.53313,6.53313,0.0,0.0,COc1ccc(Cn2cc(C(=O)NCCCCCNc3c4c(nc5ccccc35)CCCC4)c(=O)c3ccccc32)cc1,False
BHRKGYUZWSOCAN-UHFFFAOYSA-N,1,6.30892,6.30892,,6.30892,6.30892,0.0,0.0,COc1ccc(Cn2cc(C(=O)NCCCCNc3c4c(nc5ccccc35)CCCC4)c(=O)c3ccccc32)cc1,False
KVDGLEHCVWVBQY-UHFFFAOYSA-N,1,6.88941,6.88941,,6.88941,6.88941,0.0,0.0,COc1ccc(Cn2cc(C(=O)NCCCNc3c4c(nc5ccccc35)CCCC4)c(=O)c3ccccc32)cc1,False
ARPJWCQYPTWXJZ-UHFFFAOYSA-N,1,6.72816,6.72816,,6.72816,6.72816,0.0,0.0,COc1ccc(Cn2cc(C(=O)NCCNc3c4c(nc5ccccc35)CCCC4)c(=O)c3ccccc32)cc1,False
VLANAFJEJWETOO-UHFFFAOYSA-N,1,4.12901,4.12901,,4.12901,4.12901,0.0,0.0,COc1ccc(Cn2cc(C(=O)NCCCCCCCCNc3c4c(nc5ccc(OC)cc35)CCCC4)c(=O)c3ccccc32)cc1,False
SGRUENDUBYUMQG-UHFFFAOYSA-N,1,5.81531,5.81531,,5.81531,5.81531,0.0,0.0,COc1ccc(Cn2cc(C(=O)NCCCCCCCNc3c4c(nc5ccc(OC)cc35)CCCC4)c(=O)c3ccccc32)cc1,False
XKEZTSHHHMECRM-UHFFFAOYSA-N,1,5.0,5.0,,5.0,5.0,0.0,0.0,COc1ccc(Cn2cc(C(=O)NCCCCCCNc3c4c(nc5ccc(OC)cc35)CCCC4)c(=O)c3ccccc32)cc1,False
VSRZSFOTYXXDHK-UHFFFAOYSA-N,1,5.09583,5.09583,,5.09583,5.09583,0.0,0.0,COc1ccc(Cn2cc(C(=O)NCCCCCNc3c4c(nc5ccc(OC)cc35)CCCC4)c(=O)c3ccccc32)cc1,False
ZSHSEWWPKNLRHP-UHFFFAOYSA-N,1,5.02228,5.02228,,5.02228,5.02228,0.0,0.0,COc1ccc(Cn2cc(C(=O)NCCCCNc3c4c(nc5ccc(OC)cc35)CCCC4)c(=O)c3ccccc32)cc1,False
NAVQOCQBNUXPCV-UHFFFAOYSA-N,1,5.64975,5.64975,,5.64975,5.64975,0.0,0.0,COc1ccc(Cn2cc(C(=O)NCCCNc3c4c(nc5ccc(OC)cc35)CCCC4)c(=O)c3ccccc32)cc1,False
DUIQBBIIFBGGSF-UHFFFAOYSA-N,1,5.5784,5.5784,,5.5784,5.5784,0.0,0.0,COc1ccc(Cn2cc(C(=O)NCCNc3c4c(nc5ccc(OC)cc35)CCCC4)c(=O)c3ccccc32)cc1,False
AEGVBHAVNJPGMI-VULFUBBASA-N,1,5.63827,5.63827,,5.63827,5.63827,0.0,0.0,O/N=C/c1nc(CCCCNc2c3c(nc4ccc(Cl)cc24)CCCC3)ccc1O,False
ZYZHKFUXMOZNNW-FRNPJSNVSA-N,1,5.50864,5.50864,,5.50864,5.50864,0.0,0.0,CC(=O)OC(C)(C)/C=C/C(=O)[C@](C)(O)[C@H]1[C@H](O)C[C@@]2(C)[C@@H]3CC=C(C(C)(C)C(=O)O)/C(=C\C(=O)O)[C@]3(C)C(=O)C[C@]12C,False
PYBQPMPMHPWQPE-SKULXOHFSA-N,1,5.58503,5.58503,,5.58503,5.58503,0.0,0.0,CC(=O)OC(C)(C)/C=C/C(=O)[C@](C)(O)[C@H]1[C@H](O)C[C@@]2(C)[C@@H]3CC=C(C(C)(C)C(=O)O)C4=CC(=O)O[C@](O)(C[C@]12C)[C@@]43C,False
WNMJYKCGWZFFKR-UHFFFAOYSA-N,1,7.74473,7.74473,,7.74473,7.74473,0.0,0.0,COc1cc2nc(N(C)CCCNC(=O)C3CCCO3)nc(N)c2cc1OC,False
BZEWSEKUUPWQDQ-UHFFFAOYSA-N,1,6.74232,6.74232,,6.74232,6.74232,0.0,0.0,CCCCOc1ccc(C(=O)CCN2CCCCC2)cc1,False
VRBKIVRKKCLPHA-UHFFFAOYSA-N,1,5.98422,5.98422,,5.98422,5.98422,0.0,0.0,CCc1nn(CCCN2CCN(c3cccc(Cl)c3)CC2)c(=O)n1CCOc1ccccc1,False
CNIWTTNRVIMZIP-MOSHPQCFSA-N,1,7.35556,7.35556,,7.35556,7.35556,0.0,0.0,COc1ccc2c(c1)C/C(=C/C1CCN(Cc3ccccc3)CC1)C2=O,False
YKOCNDOHGCGTRO-UYRXBGFRSA-N,1,7.52578,7.52578,,7.52578,7.52578,0.0,0.0,COc1ccc2c(c1)C/C(=C/c1ccccc1-c1ccccc1)C2=O,False
XRCNYIUXDHNUNU-UYRXBGFRSA-N,1,7.67366,7.67366,,7.67366,7.67366,0.0,0.0,COc1ccc(-c2ccccc2/C=C2/Cc3cc(OC)ccc3C2=O)cc1,False
YPSKYNKEQAAUJV-HAHDFKILSA-N,1,7.48945,7.48945,,7.48945,7.48945,0.0,0.0,COc1ccc2c(c1)C/C(=C/c1ccccc1-c1ccc3ccccc3c1)C2=O,False
JRVMVHDNABIRIF-MOSHPQCFSA-N,1,7.83268,7.83268,,7.83268,7.83268,0.0,0.0,COc1ccc2c(c1)C/C(=C/c1ccccc1-c1ccc3nc(N)ccc3c1)C2=O,False
PXFJLZASHUNCAM-GXDHUFHOSA-N,1,4.69897,4.69897,,4.69897,4.69897,0.0,0.0,CCOc1cccc2c(=O)c3c(oc12)CCN(/C(=C/C(=O)OC)C(=O)OC)C3,False
YTQJZHJJHBGHAW-MDWZMJQESA-N,1,4.69897,4.69897,,4.69897,4.69897,0.0,0.0,COC(=O)/C=C(\C(=O)OC)N1CCc2oc3ccc(Br)cc3c(=O)c2C1,False
XAUCSYSMRFHFDP-DEDYPNTBSA-N,1,4.69897,4.69897,,4.69897,4.69897,0.0,0.0,C=Cc1oc2ccc(Br)cc2c(=O)c1CN(Cc1ccccc1)/C(=C/C(=O)OC)C(=O)OC,False
QDXJQZJQJKTBLI-XSFVSMFZSA-N,1,4.69897,4.69897,,4.69897,4.69897,0.0,0.0,C=Cc1oc2ccccc2c(=O)c1CN(Cc1ccccc1)/C(=C/C(=O)OC)C(=O)OC,False
FJKQIIDZZAPLQB-VAWYXSNFSA-N,1,4.69897,4.69897,,4.69897,4.69897,0.0,0.0,C=Cc1oc2ccc(Br)cc2c(=O)c1CN(/C=C/C(C)=O)Cc1ccccc1,False
NNPFZEIZCRKSIS-BUHFOSPRSA-N,1,4.69897,4.69897,,4.69897,4.69897,0.0,0.0,C=Cc1oc2ccccc2c(=O)c1CN(/C=C/C(C)=O)Cc1ccccc1,False
KMUDFIMFLWWCRF-BQYQJAHWSA-N,1,4.69897,4.69897,,4.69897,4.69897,0.0,0.0,C=Cc1oc2ccc(Br)cc2c(=O)c1CN(C)/C=C/C(=O)OC,False
RYHDVPSSHXBNML-VAWYXSNFSA-N,1,4.69897,4.69897,,4.69897,4.69897,0.0,0.0,C=Cc1oc2ccc(Br)cc2c(=O)c1CN(/C=C/C(=O)OC)Cc1ccccc1,False
ASFSQPGZJGJDBV-BUHFOSPRSA-N,1,4.69897,4.69897,,4.69897,4.69897,0.0,0.0,C=Cc1oc2ccccc2c(=O)c1CN(/C=C/C(=O)OC)Cc1ccccc1,False
QXAVGNGEIDPLJU-UHFFFAOYSA-N,1,4.69897,4.69897,,4.69897,4.69897,0.0,0.0,CCOc1cccc2c(=O)c3c(oc12)CCN(C)C3,False
RHJVOVPFZIKCMT-UHFFFAOYSA-N,1,4.69897,4.69897,,4.69897,4.69897,0.0,0.0,CN1CCc2oc3ccc(Br)cc3c(=O)c2C1,False
KUGALMXCRGARKJ-UHFFFAOYSA-N,1,4.69897,4.69897,,4.69897,4.69897,0.0,0.0,CCOc1cccc2c(=O)c3c(oc12)CCN(Cc1ccccc1)C3,False
WRGPWRBWCYJJDO-UHFFFAOYSA-N,1,4.69897,4.69897,,4.69897,4.69897,0.0,0.0,O=c1c2c(oc3ccc(Br)cc13)CCN(Cc1ccccc1)C2,False
MBCDTAMAJUIOEG-UHFFFAOYSA-N,1,4.69897,4.69897,,4.69897,4.69897,0.0,0.0,O=c1c2c(oc3ccccc13)CCN(Cc1ccccc1)C2,False
KMGYPQZJZPNGND-UHFFFAOYSA-N,1,5.89963,5.89963,,5.89963,5.89963,0.0,0.0,O=C(CCCc1c[nH]c2ccccc12)NCCC1CCN(Cc2ccccc2)CC1,False
ZYRSYRWGMJCJBA-UHFFFAOYSA-N,1,5.85078,5.85078,,5.85078,5.85078,0.0,0.0,O=C(Cc1c[nH]c2ccc(Br)cc12)NCCC1CCN(Cc2ccccc2)CC1,False
LXCYBYBVIQAOJW-UHFFFAOYSA-N,1,5.13847,5.13847,,5.13847,5.13847,0.0,0.0,Cc1[nH]c2ccccc2c1CC(=O)NCCC1CCN(Cc2ccccc2)CC1,False
WYPXVHAHDLVPFA-UHFFFAOYSA-N,1,5.21396,5.21396,,5.21396,5.21396,0.0,0.0,Cn1cc(C(=O)NCCC2CCN(Cc3ccccc3)CC2)c2ccccc21,False
YMWXRPAGHCBLJY-UHFFFAOYSA-N,1,5.84771,5.84771,,5.84771,5.84771,0.0,0.0,Cn1cc(CC(=O)NCCC2CCN(Cc3ccccc3)CC2)c2ccccc21,False
QVABANWNMXGOAK-UHFFFAOYSA-N,1,5.44977,5.44977,,5.44977,5.44977,0.0,0.0,O=C(Cc1c[nH]c2ccccc12)NCCC1CCN(Cc2ccccc2)CC1,False
UWTPHLBHBPMCCU-UHFFFAOYSA-N,1,7.42022,7.42022,,7.42022,7.42022,0.0,0.0,COc1ccc2nc3c(c(NCCCNC(=O)c4sc(-c5ccnc(NC(=O)C6CC6)c5)nc4OC)c2c1)CCCC3,False
MONBJAXTKVHFAY-UHFFFAOYSA-N,1,7.63827,7.63827,,7.63827,7.63827,0.0,0.0,COc1ccc2nc3c(c(NCCNC(=O)c4sc(-c5ccnc(NC(=O)C6CC6)c5)nc4OC)c2c1)CCCC3,False
WPOYFQFVGWXOSQ-UHFFFAOYSA-N,1,8.4437,8.4437,,8.4437,8.4437,0.0,0.0,COc1nc(-c2ccnc(NC(=O)C3CC3)c2)sc1C(=O)NCCCNc1c2c(nc3cc(Cl)ccc13)CCCC2,False
ONFMFCHPRZDMSB-UHFFFAOYSA-N,1,8.67778,8.67778,,8.67778,8.67778,0.0,0.0,COc1nc(-c2ccnc(NC(=O)C3CC3)c2)sc1C(=O)NCCNc1c2c(nc3cc(Cl)ccc13)CCCC2,False
BHHVWPMBOQGGMM-UHFFFAOYSA-N,1,7.65758,7.65758,,7.65758,7.65758,0.0,0.0,COc1nc(-c2ccnc(NC(=O)C3CC3)c2)sc1C(=O)NCCCCCCNc1c2c(nc3ccccc13)CCCC2,False
XYSJVXMQSXKJCN-UHFFFAOYSA-N,1,8.19382,8.19382,,8.19382,8.19382,0.0,0.0,COc1nc(-c2ccnc(NC(=O)C3CC3)c2)sc1C(=O)NCCCNc1c2c(nc3ccccc13)CCCC2,False
PAFLSTUCWRQLGI-UHFFFAOYSA-N,1,8.20066,8.20066,,8.20066,8.20066,0.0,0.0,COc1nc(-c2ccnc(NC(=O)C3CC3)c2)sc1C(=O)NCCNc1c2c(nc3ccccc13)CCCC2,False
XZBJACSADMRYGX-UHFFFAOYSA-N,1,6.88606,6.88606,,6.88606,6.88606,0.0,0.0,COC(=O)c1sc(-c2ccnc(NC(=O)C3CC3)c2)nc1OCCNc1c2c(nc3ccccc13)CCCC2,False
NPERTJUHSMWYIC-UHFFFAOYSA-N,1,6.52288,6.52288,,6.52288,6.52288,0.0,0.0,NC(=O)c1sc(-c2ccnc(NC(=O)C3CC3)c2)nc1OCCNc1c2c(nc3ccccc13)CCCC2,False
GFBYPYUSXALYJS-UHFFFAOYSA-N,1,6.23657,6.23657,,6.23657,6.23657,0.0,0.0,O=C(O)c1sc(-c2ccnc(NC(=O)C3CC3)c2)nc1OCCNc1c2c(nc3ccccc13)CCCC2,False
XSHPNZOYFVHBMS-UHFFFAOYSA-N,1,6.50864,6.50864,,6.50864,6.50864,0.0,0.0,CCOC(=O)c1sc(-c2ccnc(NC(=O)C3CC3)c2)nc1OCCNc1c2c(nc3ccccc13)CCCC2,False
YOEPIHMLGLQWOT-GKYUGCDLSA-N,1,4.0,4.0,,4.0,4.0,0.0,0.0,C[C@@H]1C[C@H]2CC(=O)[C@H]3CCC[N+]4([O-])CCC[C@@H]2[C@]34C1,False
BCZFSDNVXODRAJ-WZYWGQKZSA-N,1,4.0,4.0,,4.0,4.0,0.0,0.0,C[C@@H]1C[C@H]2CC(=O)[C@H]3CCCN4CCC[C@@H]2[C@]34C1,False
APTCUMFGOJPFRU-XUXGFYSXSA-N,1,6.22915,6.22915,,6.22915,6.22915,0.0,0.0,C[C@@H]1C[C@H]2CC(=O)[C@H]3CCC[N+]4([O-])CCC[C@]2(O)[C@]34C1,False
JZZKXVYRWZYYQR-UHFFFAOYSA-N,1,8.75007,8.75007,,8.75007,8.75007,0.0,0.0,C[N+](C)(CC#CCOC1=NOCC1)CCCCCCCCCCNc1c2c(nc3ccccc13)CCCC2,False
XNMKRMFEACCDMN-UHFFFAOYSA-N,1,8.70006,8.70006,,8.70006,8.70006,0.0,0.0,C[N+](C)(CC#CCOC1=NOCC1)CCCCCCCNc1c2c(nc3ccccc13)CCCC2,False
CBCQQFGLTZEOPX-UHFFFAOYSA-N,1,5.97,5.97,,5.97,5.97,0.0,0.0,CC(C)(CN1C(=O)c2cccc3cccc(c23)C1=O)C[N+](C)(C)CCCCCCCCCC[N+](C)(C)CC#CCOC1=NOCC1,False
UQSOOAKXHWUTAS-UHFFFAOYSA-N,1,4.88,4.88,,4.88,4.88,0.0,0.0,C[N+](C)(CC#CCOC1=NOCC1)CCCCCCCCCC[N+](C)(C)CCCN1C(=O)c2ccccc2C1=O,False
VEWFPIVRMZCDAK-UHFFFAOYSA-N,1,5.4828,5.4828,,5.4828,5.4828,0.0,0.0,Fc1ccc2c(C3CCN(CCN4CCCC4)CC3)noc2c1,False
MKLRZKCKJQKVTL-UHFFFAOYSA-N,1,5.65365,5.65365,,5.65365,5.65365,0.0,0.0,Fc1ccc2c(C3CCN(CCN4CCCCC4)CC3)noc2c1,False
GKANVRNYWJDGIW-UHFFFAOYSA-N,1,9.02228,9.02228,,9.02228,9.02228,0.0,0.0,Cn1c2nc3ccccc3c-2c(NCCCCCCCCNc2c3c(nc4ccccc24)CCCC3)c2ccccc21,False
DSHGUFMOWQBTEN-UHFFFAOYSA-N,1,8.90309,8.90309,,8.90309,8.90309,0.0,0.0,Cn1c2nc3ccccc3c-2c(NCCCCCCNc2c3c(nc4ccccc24)CCCC3)c2ccccc21,False
VMTDFPOABMLNGK-UHFFFAOYSA-N,1,7.27572,7.27572,,7.27572,7.27572,0.0,0.0,Cn1c2nc3ccccc3c-2c(NCCCCNc2c3c(nc4ccccc24)CCCC3)c2ccccc21,False
MHMXFYDLGYPRNA-HOTGVXAUSA-N,1,9.36653,9.36653,,9.36653,9.36653,0.0,0.0,Nc1c2c(nc3cc(Cl)ccc13)C[C@H]1C=C(CCCCn3cc(CO)nn3)C[C@H]2C1,False
PEOGEDONFNSDPX-DTQAZKPQSA-N,1,6.18243,6.18243,,6.18243,6.18243,0.0,0.0,CN(C)CCOc1ccc(/C=C2\COc3ccccc3C2=O)cc1,False
CZGKNDHIUAGCOG-OBGWFSINSA-N,1,5.4828,5.4828,,5.4828,5.4828,0.0,0.0,CCN(CC)CCOc1ccc(/C=C2\COc3ccccc3C2=O)cc1,False
VUNANXQCSFPKSZ-LVZFUZTISA-N,1,4.85078,4.85078,,4.85078,4.85078,0.0,0.0,CCN(CC)CCCCOc1ccc(/C=C2\COc3ccccc3C2=O)cc1,False
GGWONWDLXWAMAR-ZBJSNUHESA-N,1,5.73283,5.73283,,5.73283,5.73283,0.0,0.0,CCN(CC)CCCCCCOc1ccc(/C=C2\COc3ccccc3C2=O)cc1,False
LQLBUDLVYIIOCZ-YYADALCUSA-N,1,4.38828,4.38828,,4.38828,4.38828,0.0,0.0,CN(CCCCCCOc1ccc(/C=C2\COc3ccccc3C2=O)cc1)Cc1ccccc1,False
ZDBZMDPOTIZOER-PTGBLXJZSA-N,1,4.6517,4.6517,,4.6517,4.6517,0.0,0.0,CCN(CCOc1ccc(/C=C2\COc3ccccc3C2=O)cc1)Cc1ccccc1,False
RZIFWXQCOPSVBA-YYADALCUSA-N,1,5.32606,5.32606,,5.32606,5.32606,0.0,0.0,O=C1/C(=C/c2ccc(OCCCN3CCN(Cc4ccccc4)CC3)cc2)COc2ccccc21,False
NZTDLGONIXHANG-FOWTUZBSSA-N,1,5.85078,5.85078,,5.85078,5.85078,0.0,0.0,CN(C)CCOc1cccc(/C=C2\COc3ccccc3C2=O)c1,False
DKAZPBKVFIJMAG-GHRIWEEISA-N,1,4.58973,4.58973,,4.58973,4.58973,0.0,0.0,CN(C)CCCOc1cccc(/C=C2\COc3ccccc3C2=O)c1,False
BTMWXBQNIMYMKU-NBVRZTHBSA-N,1,4.51856,4.51856,,4.51856,4.51856,0.0,0.0,CCN(CC)CCOc1cccc(/C=C2\COc3ccccc3C2=O)c1,False
NIGIWYGQQJWVST-FMIVXFBMSA-N,1,4.00043,4.00043,,4.00043,4.00043,0.0,0.0,O=C1/C(=C/c2ccc(O)cc2)COc2ccccc21,False
ABUXRHQYNOLAJI-NTCAYCPXSA-N,1,4.19314,4.19314,,4.19314,4.19314,0.0,0.0,CCN(CC)c1ccc(/C=C/c2cc(N3CCCCC3)c3ccccc3n2)cc1,False
OYAMBDAIKGEMDJ-UHFFFAOYSA-N,1,7.48149,7.48149,,7.48149,7.48149,0.0,0.0,CN(CCCCCN1C(=O)c2ccccc2S1(=O)=O)Cc1ccccc1,False
JMDBKECFYDECCX-UHFFFAOYSA-N,1,9.0,9.0,,9.0,9.0,0.0,0.0,C#CCNc1nc(NCCCCC2CCN(Cc3ccccc3)CC2)c(C#N)cc1C#N,False
FNWAXDURVJXKPC-YCRREMRBSA-N,1,5.06048,5.06048,,5.06048,5.06048,0.0,0.0,COc1ccc(NC(=O)c2coc3ccc(/C=C/C(=O)O)cc3c2=O)cc1,False
DLWNTPFPPXXHTP-VQHVLOKHSA-N,1,5.03386,5.03386,,5.03386,5.03386,0.0,0.0,O=C(O)/C=C/c1ccc2occ(C(=O)Nc3ccccc3)c(=O)c2c1,False
KBZUPJLEMFHZKF-YCRREMRBSA-N,1,5.12901,5.12901,,5.12901,5.12901,0.0,0.0,COc1ccc(NC(=O)c2cc(=O)c3cc(/C=C/C(=O)O)ccc3o2)cc1,False
FAISWNPDVIRIIE-WEVVVXLNSA-N,1,5.29243,5.29243,,5.29243,5.29243,0.0,0.0,Cc1ccc(NC(=O)c2cc(=O)c3cc(/C=C/C(=O)O)ccc3o2)cc1,False
ZXLVCFXOIDADKY-VQHVLOKHSA-N,1,5.22257,5.22257,,5.22257,5.22257,0.0,0.0,O=C(O)/C=C/c1ccc2oc(C(=O)Nc3ccccc3)cc(=O)c2c1,False
DLYAUIKDSPJOME-PKNBQFBNSA-N,1,5.06854,5.06854,,5.06854,5.06854,0.0,0.0,CCN(CC)CCOC(=O)/C=C/c1ccc2occ(C(=O)Nc3cccc(Cl)c3)c(=O)c2c1,False
SKUJQZRDBDIJFM-WUXMJOGZSA-N,1,5.11464,5.11464,,5.11464,5.11464,0.0,0.0,CCN(CC)CCOC(=O)/C=C/c1ccc2occ(C(=O)Nc3ccc(Cl)cc3)c(=O)c2c1,False
DDUFGWDEOCTMRD-NTUHNPAUSA-N,1,5.2652,5.2652,,5.2652,5.2652,0.0,0.0,CCN(CC)CCOC(=O)/C=C/c1ccc2occ(C(=O)Nc3ccc(OC)cc3)c(=O)c2c1,False
RCCZHOOFHQOKDI-UKTHLTGXSA-N,1,5.04624,5.04624,,5.04624,5.04624,0.0,0.0,CCN(CC)CCOC(=O)/C=C/c1ccc2occ(C(=O)Nc3ccc(C)cc3)c(=O)c2c1,False
POTPHPIXODXBIT-ONNFQVAWSA-N,1,5.03058,5.03058,,5.03058,5.03058,0.0,0.0,CN(C)CCOC(=O)/C=C/c1ccc2occ(C(=O)Nc3ccc(Cl)cc3)c(=O)c2c1,False
RWWUPRRLFJLESJ-VZUCSPMQSA-N,1,5.451,5.451,,5.451,5.451,0.0,0.0,COc1ccc(NC(=O)c2coc3ccc(/C=C/C(=O)OCCN(C)C)cc3c2=O)cc1,False
FIOCFZWNVLEJQA-YRNVUSSQSA-N,1,6.01323,6.01323,,6.01323,6.01323,0.0,0.0,Cc1ccc(NC(=O)c2coc3ccc(/C=C/C(=O)OCCN(C)C)cc3c2=O)cc1,False
LCTAOJAKRLVNOM-PKNBQFBNSA-N,1,5.43297,5.43297,,5.43297,5.43297,0.0,0.0,CN(C)CCOC(=O)/C=C/c1ccc2occ(C(=O)Nc3ccccc3)c(=O)c2c1,False
GBKQJDFYZNSJDL-FMIVXFBMSA-N,1,5.6073,5.6073,,5.6073,5.6073,0.0,0.0,CCN(CC)CCOC(=O)/C=C/c1ccc2oc(C(=O)Nc3ccc(C)c(C)c3)cc(=O)c2c1,False
HLGHMUDEPXBDGR-PKNBQFBNSA-N,1,5.35164,5.35164,,5.35164,5.35164,0.0,0.0,CCN(CC)CCOC(=O)/C=C/c1ccc2oc(C(=O)Nc3cccc(Cl)c3)cc(=O)c2c1,False
QCTYJZYINRYADE-WUXMJOGZSA-N,1,6.0655,6.0655,,6.0655,6.0655,0.0,0.0,CCN(CC)CCOC(=O)/C=C/c1ccc2oc(C(=O)Nc3ccc(Cl)cc3)cc(=O)c2c1,False
PRWQMSVROFPTIC-NTUHNPAUSA-N,1,5.9431,5.9431,,5.9431,5.9431,0.0,0.0,CCN(CC)CCOC(=O)/C=C/c1ccc2oc(C(=O)Nc3ccc(OC)cc3)cc(=O)c2c1,False
ORSNNXRGLXTNEX-UKTHLTGXSA-N,1,5.00568,5.00568,,5.00568,5.00568,0.0,0.0,CCN(CC)CCOC(=O)/C=C/c1ccc2oc(C(=O)Nc3ccc(C)cc3)cc(=O)c2c1,False
ZEECVMGYSURPEN-ACCUITESSA-N,1,5.45967,5.45967,,5.45967,5.45967,0.0,0.0,CCN(CC)CCOC(=O)/C=C/c1ccc2oc(C(=O)Nc3ccccc3)cc(=O)c2c1,False
OMBXBKGUDIMNQL-JXMROGBWSA-N,1,6.67778,6.67778,,6.67778,6.67778,0.0,0.0,Cc1ccc(NC(=O)c2cc(=O)c3cc(/C=C/C(=O)OCCN(C)C)ccc3o2)cc1C,False
MSPFDBFICJXJLT-VQHVLOKHSA-N,1,5.22768,5.22768,,5.22768,5.22768,0.0,0.0,CN(C)CCOC(=O)/C=C/c1ccc2oc(C(=O)Nc3cccc(Cl)c3)cc(=O)c2c1,False
XUJCBCJNHZXJCY-ONNFQVAWSA-N,1,5.91364,5.91364,,5.91364,5.91364,0.0,0.0,CN(C)CCOC(=O)/C=C/c1ccc2oc(C(=O)Nc3ccc(Cl)cc3)cc(=O)c2c1,False
IRXOULORBNCFOC-VZUCSPMQSA-N,1,6.04096,6.04096,,6.04096,6.04096,0.0,0.0,COc1ccc(NC(=O)c2cc(=O)c3cc(/C=C/C(=O)OCCN(C)C)ccc3o2)cc1,False
JRQGALQTHYTIML-YRNVUSSQSA-N,1,6.67778,6.67778,,6.67778,6.67778,0.0,0.0,Cc1ccc(NC(=O)c2cc(=O)c3cc(/C=C/C(=O)OCCN(C)C)ccc3o2)cc1,False
JCGRBDHQHKNQJU-PKNBQFBNSA-N,1,6.13077,6.13077,,6.13077,6.13077,0.0,0.0,CN(C)CCOC(=O)/C=C/c1ccc2oc(C(=O)Nc3ccccc3)cc(=O)c2c1,False
MOQQZFPQHVEHKY-UHFFFAOYSA-N,1,5.0,5.0,,5.0,5.0,0.0,0.0,CN1CCN(C2CCN(C(=O)COc3ccc(-c4ccccc4)cc3)CC2)CC1,False
NNJPSKCGFBHMTD-UHFFFAOYSA-N,1,5.33724,5.33724,,5.33724,5.33724,0.0,0.0,O=C(COc1ccc(-c2ccccc2)cc1)N1CCC(N2CCCCC2)CC1,False
QVBNCRVRKXPLDD-UHFFFAOYSA-N,1,4.03152,4.03152,,4.03152,4.03152,0.0,0.0,O=C(COc1ccc(-c2ccccc2)cc1)N1CCC(N2CCOCC2)CC1,False
IYYRFRHVGUOBGU-UHFFFAOYSA-N,1,4.24413,4.24413,,4.24413,4.24413,0.0,0.0,O=C(COc1ccc(-c2ccccc2)cc1)NCCCN1CCCCC1,False
GNKBBRNNMDYNKM-UHFFFAOYSA-N,1,4.69897,4.69897,,4.69897,4.69897,0.0,0.0,CCN1CCN(C2CCN(C(=O)COc3ccc(I)cc3)CC2)CC1,False
YQFJJOPBPPYZEU-UHFFFAOYSA-N,1,4.06048,4.06048,,4.06048,4.06048,0.0,0.0,CCN1CCN(CCCNC(=O)COc2ccc(I)cc2)CC1,False
DOMQEJAUBXIDNR-UHFFFAOYSA-N,1,4.88606,4.88606,,4.88606,4.88606,0.0,0.0,O=C(COc1ccc(I)cc1)NCCCN1CCCCC1,False
HQHBRBVCWLKIRI-UHFFFAOYSA-N,1,4.74473,4.74473,,4.74473,4.74473,0.0,0.0,CCN1CCN(C2CCN(C(=O)COc3ccc(-c4ccc(OC)cc4)cc3)CC2)CC1,False
ZRDFCDGVKGMYOD-UHFFFAOYSA-N,1,4.85387,4.85387,,4.85387,4.85387,0.0,0.0,COc1ccc(-c2ccc(OCC(=O)NCCCN3CCCCC3)cc2)cc1,False
SGLADPJLVFJEPA-UHFFFAOYSA-N,1,4.72125,4.72125,,4.72125,4.72125,0.0,0.0,CCN1CCN(C2CCN(C(=O)COc3ccc(-c4ccccc4F)cc3)CC2)CC1,False
ABWKLFAGXDXGFC-UHFFFAOYSA-N,1,5.3098,5.3098,,5.3098,5.3098,0.0,0.0,CCN1CCN(C2CCN(C(=O)COc3ccc4c(c3)CCC4=O)CC2)CC1,False
PPANJQUMADIAMO-UHFFFAOYSA-N,1,5.67778,5.67778,,5.67778,5.67778,0.0,0.0,CCN1CCN(C2CCN(C(=O)COc3ccc(-c4ccc([N+](=O)[O-])cc4)cc3)CC2)CC1,False
KHARNRTVXDAWSR-UHFFFAOYSA-N,1,5.0,5.0,,5.0,5.0,0.0,0.0,Cc1cccc2c1ccc1c3occ(C)c3c(=O)oc(=O)c21,False
AZZOSPOHDDQAFO-UHFFFAOYSA-N,1,5.47991,5.47991,,5.47991,5.47991,0.0,0.0,Cc1coc2c1c(=O)oc(=O)c1c3c(ccc12)C(C)(C)CCC3,False
LQZYROWRGCEIKS-JTQLQIEISA-N,1,4.9943,4.9943,,4.9943,4.9943,0.0,0.0,Cc1cccc2c1ccc1c3c(c(=O)oc(=O)c12)[C@@H](C)CO3,False
ROYYPPPACDMYJY-JTQLQIEISA-N,1,5.49309,5.49309,,5.49309,5.49309,0.0,0.0,C[C@H]1COc2c1c(=O)oc(=O)c1c3c(ccc21)C(C)(C)CCC3,False
BILZMGRMIJNPTH-UHFFFAOYSA-N,1,6.20761,6.20761,,6.20761,6.20761,0.0,0.0,COc1cc2nc(C(=O)NCCC3CCN(Cc4ccccc4)CC3)cc(OC)c2cc1OC,False
FYEQJLDNQJUZMM-UHFFFAOYSA-N,1,6.76955,6.76955,,6.76955,6.76955,0.0,0.0,COc1cc2[nH]c(C(=O)NCCC3CCN(Cc4ccccc4)CC3)cc(=O)c2cc1OC,False
AZLXAYYWUXDYQA-UHFFFAOYSA-N,1,5.9393,5.9393,,5.9393,5.9393,0.0,0.0,O=C(NCCC1CCN(Cc2ccccc2)CC1)c1cc(=O)c2cccc(O)c2[nH]1,False
FBFKJAVMNOHJDT-UHFFFAOYSA-N,1,5.78516,5.78516,,5.78516,5.78516,0.0,0.0,COc1cccc2c(=O)cc(C(=O)NCCC3CCN(Cc4ccccc4)CC3)[nH]c12,False
SULOYNMFUTYGFY-UHFFFAOYSA-N,1,6.34679,6.34679,,6.34679,6.34679,0.0,0.0,COc1ccc2c(=O)cc(C(=O)NCCC3CCN(Cc4ccccc4)CC3)[nH]c2c1,False
NWLCFCJTFBZULK-UHFFFAOYSA-N,1,6.52288,6.52288,,6.52288,6.52288,0.0,0.0,O=C(NCCC1CCN(Cc2ccccc2)CC1)c1cc(=O)c2cc(O)ccc2[nH]1,False
SEVMHMBWJUMZRY-UHFFFAOYSA-N,1,6.05552,6.05552,,6.05552,6.05552,0.0,0.0,COc1ccc2[nH]c(C(=O)NCCC3CCN(Cc4ccccc4)CC3)cc(=O)c2c1,False
HTHMAPYWBARTFD-UHFFFAOYSA-N,1,6.95861,6.95861,,6.95861,6.95861,0.0,0.0,COc1cc2oc(C(=O)NCCCC3CCN(Cc4ccccc4)CC3)cc(=O)c2cc1OC,False
OZAWXAOXPMUIGP-UHFFFAOYSA-N,1,7.63827,7.63827,,7.63827,7.63827,0.0,0.0,O=C(NCCCC1CCN(Cc2ccccc2)CC1)c1cc(=O)c2cc(O)ccc2o1,False
PPHUUQGGAWURKS-UHFFFAOYSA-N,1,6.4318,6.4318,,6.4318,6.4318,0.0,0.0,COc1ccc2oc(C(=O)NCCCC3CCN(Cc4ccccc4)CC3)cc(=O)c2c1,False
GYJZBBWGLRANDB-UHFFFAOYSA-N,1,5.38405,5.38405,,5.38405,5.38405,0.0,0.0,O=C(NCCC1CCN(Cc2ccccc2)CC1)c1cc(=O)c2cc(O)c(O)cc2o1,False
GWSXEQILOPSURJ-UHFFFAOYSA-N,1,7.33724,7.33724,,7.33724,7.33724,0.0,0.0,COc1cc2oc(C(=O)NCCC3CCN(Cc4ccccc4)CC3)cc(=O)c2cc1OC,False
JJLKMCMOKOTMJV-UHFFFAOYSA-N,1,6.23657,6.23657,,6.23657,6.23657,0.0,0.0,O=C(NCCC1CCN(Cc2ccccc2)CC1)c1cc(=O)c2c(O)cc(O)cc2o1,False
RNXAJDXEDORTNS-UHFFFAOYSA-N,1,6.49485,6.49485,,6.49485,6.49485,0.0,0.0,COc1cc(OC)c2c(=O)cc(C(=O)NCCC3CCN(Cc4ccccc4)CC3)oc2c1,False
IWMNPLRLJRDNCG-UHFFFAOYSA-N,1,7.38722,7.38722,,7.38722,7.38722,0.0,0.0,Nc1ccc2oc(C(=O)NCCC3CCN(Cc4ccccc4)CC3)cc(=O)c2c1,False
ONXNRNIGCHXJJM-UHFFFAOYSA-N,1,7.67778,7.67778,,7.67778,7.67778,0.0,0.0,O=C(NCCC1CCN(Cc2ccccc2)CC1)c1cc(=O)c2cc([N+](=O)[O-])ccc2o1,False
MYWJWRCXIVJIOX-UHFFFAOYSA-N,1,7.48149,7.48149,,7.48149,7.48149,0.0,0.0,COc1ccc2c(=O)cc(C(=O)NCCC3CCN(Cc4ccccc4)CC3)oc2c1,False
QSZSCUZHHCRPOC-UHFFFAOYSA-N,1,7.04096,7.04096,,7.04096,7.04096,0.0,0.0,O=C(NCCC1CCN(Cc2ccccc2)CC1)c1cc(=O)c2cc(O)ccc2o1,False
RVBIUDMTBMMGLC-UHFFFAOYSA-N,1,6.76955,6.76955,,6.76955,6.76955,0.0,0.0,COc1ccc2oc(C(=O)NCCC3CCN(Cc4ccccc4)CC3)cc(=O)c2c1,False
FOEMWEVHSFNASA-UHFFFAOYSA-N,1,6.06048,6.06048,,6.06048,6.06048,0.0,0.0,COc1cccc2oc(C(=O)NCCC3CCN(Cc4ccccc4)CC3)cc(=O)c12,False
ADKJHJNFROJLTD-UHFFFAOYSA-N,1,6.95861,6.95861,,6.95861,6.95861,0.0,0.0,O=C(NCCC1CCN(Cc2ccccc2)CC1)c1cc(=O)c2ccccc2o1,False
CZMZUNUZUGWCRN-UHFFFAOYSA-N,1,7.25181,7.25181,,7.25181,7.25181,0.0,0.0,COc1cc2oc(C(=O)OCCC3CCN(Cc4ccccc4)CC3)cc(=O)c2cc1OC,False
HLYHYHXLXCHNNE-UHFFFAOYSA-N,1,5.83565,5.83565,,5.83565,5.83565,0.0,0.0,COc1cc2oc(C(=O)NCC3CCN(Cc4ccccc4)CC3)cc(=O)c2cc1OC,False
SOTHYLMUQRADIY-UHFFFAOYSA-N,1,5.44249,5.44249,,5.44249,5.44249,0.0,0.0,COc1ccc2oc(C(=O)NCC3CCN(Cc4ccccc4)CC3)cc(=O)c2c1,False
TVAFVIMAUJSJNE-UHFFFAOYSA-N,1,6.52288,6.52288,,6.52288,6.52288,0.0,0.0,COc1cc2oc(C(=O)OCC3CCN(Cc4ccccc4)CC3)cc(=O)c2cc1OC,False
RRMUDFYHNZUTFN-UHFFFAOYSA-N,1,5.12552,5.12552,,5.12552,5.12552,0.0,0.0,COc1ccc2oc(C(=O)OCC3CCN(Cc4ccccc4)CC3)cc(=O)c2c1,False
LPAILSHOHFNZBM-UHFFFAOYSA-N,1,6.18046,6.18046,,6.18046,6.18046,0.0,0.0,COc1cc2oc(C(=O)NC3CCN(Cc4ccccc4)CC3)cc(=O)c2cc1OC,False
HWFAMARPORWDKE-UHFFFAOYSA-N,1,5.62709,5.62709,,5.62709,5.62709,0.0,0.0,O=C(NC1CCN(Cc2ccccc2)CC1)c1cc(=O)c2cc(O)ccc2o1,False
UUECOJIIJDTIAC-UHFFFAOYSA-N,1,6.01323,6.01323,,6.01323,6.01323,0.0,0.0,COc1ccc2oc(C(=O)NC3CCN(Cc4ccccc4)CC3)cc(=O)c2c1,False
WHBAVQJRUINPTH-UHFFFAOYSA-N,1,5.20066,5.20066,,5.20066,5.20066,0.0,0.0,Nc1ccc(O)c(CN2CCCC2)c1,False
KRQUHMFZMVSALZ-UHFFFAOYSA-N,2,4.532814999999999,4.532814999999999,0.3065520028478044,4.31605,4.74958,0.2167650000000001,0.4335300000000002,CCN(CC)Cc1cc(N)ccc1O,False
YQDALLBKLTWBJF-UHFFFAOYSA-N,1,5.46597,5.46597,,5.46597,5.46597,0.0,0.0,CC(C)(C)c1cc(CCC(=O)NCCC2CCN(Cc3ccccc3)CC2)cc(C(C)(C)C)c1O,False
SSSYJOIFOJYAAD-OUKQBFOZSA-N,1,5.6517,5.6517,,5.6517,5.6517,0.0,0.0,CC(C)(C)c1cc(/C=C/C(=O)NCCC2CCN(Cc3ccccc3)CC2)cc(C(C)(C)C)c1O,False
BAJOYHCPUXVMBH-UHFFFAOYSA-N,1,5.61261,5.61261,,5.61261,5.61261,0.0,0.0,CC(C)(C)c1cc(C(=O)CNCC2CCN(Cc3ccccc3)CC2)cc(C(C)(C)C)c1O,False
SRMMNLDVKTUNCR-UHFFFAOYSA-N,1,5.86012,5.86012,,5.86012,5.86012,0.0,0.0,CC(C)(C)c1cc(C(=O)CNCCC2CCN(Cc3ccccc3)CC2)cc(C(C)(C)C)c1O,False
RXFASTRSJRIBEQ-JLHYYAGUSA-N,1,5.67366,5.67366,,5.67366,5.67366,0.0,0.0,COc1ccc(CN2CCC(CCNC(=O)/C=C/c3cc(C(C)(C)C)c(O)c(C(C)(C)C)c3)CC2)cc1,False
PTGRNZYASAEVPN-OUKQBFOZSA-N,1,5.60033,5.60033,,5.60033,5.60033,0.0,0.0,Cc1ccccc1CN1CCC(CCNC(=O)/C=C/c2cc(C(C)(C)C)c(O)c(C(C)(C)C)c2)CC1,False
ITOHYYQDWVLDKH-OUKQBFOZSA-N,1,5.6968,5.6968,,5.6968,5.6968,0.0,0.0,Cc1ccc(CN2CCC(CCNC(=O)/C=C/c3cc(C(C)(C)C)c(O)c(C(C)(C)C)c3)CC2)cc1,False
RXSZVSISAHLZBD-VAWYXSNFSA-N,1,6.12494,6.12494,,6.12494,6.12494,0.0,0.0,CC(C)(C)c1cc(/C=C/C(=O)NCCC2CCN(Cc3ccccc3F)CC2)cc(C(C)(C)C)c1O,False
CTWWCIRKFWZLQA-ZHACJKMWSA-N,1,5.87615,5.87615,,5.87615,5.87615,0.0,0.0,CC(C)(C)c1cc(/C=C/C(=O)NCCC2CCN(Cc3cccc(F)c3)CC2)cc(C(C)(C)C)c1O,False
DVRSLUOCBYPMQA-FMIVXFBMSA-N,1,6.00877,6.00877,,6.00877,6.00877,0.0,0.0,CC(C)(C)c1cc(/C=C/C(=O)NCCC2CCN(Cc3ccc(F)cc3)CC2)cc(C(C)(C)C)c1O,False
SIBXURDGGQDAOC-JXMROGBWSA-N,1,5.74958,5.74958,,5.74958,5.74958,0.0,0.0,CC(C)(C)c1cc(/C=C/C(=O)NCCC2CCN(Cc3ccc(F)cc3F)CC2)cc(C(C)(C)C)c1O,False
PIAQBVLTUJMIOG-CSKARUKUSA-N,1,5.79048,5.79048,,5.79048,5.79048,0.0,0.0,CC(C)(C)c1cc(/C=C/C(=O)NCCC2CCN(Cc3ccc(F)c(F)c3)CC2)cc(C(C)(C)C)c1O,False
IXKCDKJHBGONNW-VAWYXSNFSA-N,1,5.61261,5.61261,,5.61261,5.61261,0.0,0.0,CC(C)(C)c1cc(/C=C/C(=O)NCCC2CCN(Cc3ccccc3Cl)CC2)cc(C(C)(C)C)c1O,False
RYQSPKQMKQUAEH-ZHACJKMWSA-N,1,5.59517,5.59517,,5.59517,5.59517,0.0,0.0,CC(C)(C)c1cc(/C=C/C(=O)NCCC2CCN(Cc3cccc(Cl)c3)CC2)cc(C(C)(C)C)c1O,False
VQWLSGGGBVCZAH-FMIVXFBMSA-N,1,5.41908,5.41908,,5.41908,5.41908,0.0,0.0,CC(C)(C)c1cc(/C=C/C(=O)NCCC2CCN(Cc3ccc(Br)cc3)CC2)cc(C(C)(C)C)c1O,False
HTVDGYVAZPIPJH-ZHACJKMWSA-N,1,5.46092,5.46092,,5.46092,5.46092,0.0,0.0,CC(C)(C)c1cc(/C=C/C(=O)NCCC2CCN(Cc3cccc([N+](=O)[O-])c3)CC2)cc(C(C)(C)C)c1O,False
UIDJKYIGMUKBSW-VAWYXSNFSA-N,1,5.55596,5.55596,,5.55596,5.55596,0.0,0.0,CC(C)(C)c1cc(/C=C/C(=O)NCCC2CCN(Cc3ccc(C#N)cc3)CC2)cc(C(C)(C)C)c1O,False
DANIUTWEXULISV-UHFFFAOYSA-N,1,6.3279,6.3279,,6.3279,6.3279,0.0,0.0,COc1ccc2nc3c(c(NCCCCCNC(=S)NC45CC6CC(CC(C6)C4)C5)c2c1)CCCC3,False
YCQJXONOYVGKOF-UHFFFAOYSA-N,1,8.60206,8.60206,,8.60206,8.60206,0.0,0.0,NC12CC3CC(F)(CC(C1)c1cc(NC(=O)CCCCNc4c5c(nc6cc(Cl)ccc46)CCCC5)ccc13)C2,False
KYDRQPDEAFLWHH-UHFFFAOYSA-N,1,9.52288,9.52288,,9.52288,9.52288,0.0,0.0,NC12CC3CC(F)(CC(C1)c1cc(NC(=O)CCCNc4c5c(nc6cc(Cl)ccc46)CCCC5)ccc13)C2,False
KGFCDQGKQARIBX-UHFFFAOYSA-N,1,8.85387,8.85387,,8.85387,8.85387,0.0,0.0,FC12CC3CC(NCCCCCNc4c5c(nc6cc(Cl)ccc46)CCCC5)(CC(C1)c1ccccc13)C2,False
PFHHTCZAEAYBFZ-UHFFFAOYSA-N,1,8.69897,8.69897,,8.69897,8.69897,0.0,0.0,FC12CC3CC(NCCCCNc4c5c(nc6cc(Cl)ccc46)CCCC5)(CC(C1)c1ccccc13)C2,False
QCLKADUVPRHWRU-UHFFFAOYSA-N,1,8.88606,8.88606,,8.88606,8.88606,0.0,0.0,O=C(CCCCNc1c2c(nc3cc(Cl)ccc13)CCCC2)NC12CC3CC(F)(CC(C1)c1ccccc13)C2,False
TYMUTPUANLZRMT-UHFFFAOYSA-N,1,8.85387,8.85387,,8.85387,8.85387,0.0,0.0,O=C(CCCNc1c2c(nc3cc(Cl)ccc13)CCCC2)NC12CC3CC(F)(CC(C1)c1ccccc13)C2,False
MDAYPUNLRZXDDU-CQSZACIVSA-N,1,4.73755,4.73755,,4.73755,4.73755,0.0,0.0,COc1ccc(-c2cc(=O)c3cc(OC)c(O)c([C@H]4CCC(=O)N4)c3o2)cc1,False
MDAYPUNLRZXDDU-AWEZNQCLSA-N,1,4.16749,4.16749,,4.16749,4.16749,0.0,0.0,COc1ccc(-c2cc(=O)c3cc(OC)c(O)c([C@@H]4CCC(=O)N4)c3o2)cc1,False
HMJSYJOCHJOOKM-HMMYKYKNSA-N,1,6.10791,6.10791,,6.10791,6.10791,0.0,0.0,O=C(/C=C/c1ccc(OCCCCCCN2CCCC2)cc1)c1ccc(OCCCCCCN2CCCC2)cc1O,False
RDXMXMFYYIGFGR-NTCAYCPXSA-N,1,5.49485,5.49485,,5.49485,5.49485,0.0,0.0,O=C(/C=C/c1ccccc1)c1ccc(OCCCCCCN2CCCC2)cc1O,False
XEVCTBKORYCFCZ-UXBLZVDNSA-N,1,4.12662,4.12662,,4.12662,4.12662,0.0,0.0,COc1ccc(/C=C/C(=O)c2ccc3c(c2O)C=CC(C)(C)O3)cc1,False
WCVZOMYIGNKERA-UHFFFAOYSA-N,1,4.04062,4.04062,,4.04062,4.04062,0.0,0.0,COc1ccc(C2CC(=O)c3ccc4c(c3O2)C=CC(C)(C)O4)cc1,False
IQHPDUUSMBMDGN-WEVVVXLNSA-N,2,4.647645000000001,4.647645000000001,0.16736510403904445,4.5293,4.76599,0.11834500000000014,0.2366900000000003,CC1(C)C=Cc2c(ccc(C(=O)/C=C/c3ccc(O)cc3)c2O)O1,False
NRSCUZWEMZYPRV-UHFFFAOYSA-N,2,5.420109999999999,5.420109999999999,0.00015556349186048949,5.42,5.42022,0.00010999999999983245,0.0002199999999996649,CCCCCCCNC(=O)Oc1ccc2c(c1)CN1CCc3ccccc3C1N2C,False
ZJLQVNQXVJLIGI-UHFFFAOYSA-N,2,6.05776,6.05776,0.0031678383797154467,6.05552,6.06,0.0022400000000000198,0.0044800000000000395,CN1c2ccc(OC(=O)NCCCCCCN3CCCC3)cc2CN2CCc3ccccc3C21,False
GHSNUWWKAOQNSM-UHFFFAOYSA-N,2,5.91541,5.91541,0.00765089537243801,5.91,5.92082,0.005409999999999915,0.01081999999999983,CN1c2ccc(OC(=O)NCCCCCCN3CCCCC3)cc2CN2CCc3ccccc3C21,False
KLTSFNXPVWLHSI-OBGWFSINSA-N,1,8.56864,8.56864,,8.56864,8.56864,0.0,0.0,O=C(/C=C/c1ccc([N+](=O)[O-])cc1)NCCCCCCNc1c2c(nc3ccccc13)CCCC2,False
BZVFMSQUPBFGSK-UHFFFAOYSA-N,1,6.85387,6.85387,,6.85387,6.85387,0.0,0.0,Cc1cc(C)c(S(=O)(=O)Nc2ccc(C3C4=C(CC(C)(C)CC4=O)N(c4ccc(Br)cc4)C4=C3C(=O)CC(C)(C)C4)cc2)c(C)c1,False
AKHUHXLIAAFKEN-UHFFFAOYSA-N,1,5.85387,5.85387,,5.85387,5.85387,0.0,0.0,Cc1c(C)c2ccc(OCC3CCN(Cc4cccc(CO)c4)CC3)cc2oc1=O,False
QLFPNOYDCBXGNI-UHFFFAOYSA-N,1,6.07572,6.07572,,6.07572,6.07572,0.0,0.0,Cc1c(C)c2ccc(OCC3CCN(Cc4cccc(OCCCO)c4)CC3)cc2oc1=O,False
IEMVOQOAOQXSRB-UHFFFAOYSA-N,1,6.05061,6.05061,,6.05061,6.05061,0.0,0.0,Cc1c(C)c2ccc(OCC3CCN(CCCO)CC3)cc2oc1=O,False
NBANFZDFABUAHK-UHFFFAOYSA-N,1,5.88606,5.88606,,5.88606,5.88606,0.0,0.0,Cc1c(C)c2ccc(OCC3CCN(Cc4cccc(CO[N+](=O)[O-])c4)CC3)cc2oc1=O,False
OYUDOWGNEYPOED-UHFFFAOYSA-N,1,6.0655,6.0655,,6.0655,6.0655,0.0,0.0,Cc1c(C)c2ccc(OCC3CCN(CCCO[N+](=O)[O-])CC3)cc2oc1=O,False
XOEFPFRIFYUXTJ-UHFFFAOYSA-N,1,6.31876,6.31876,,6.31876,6.31876,0.0,0.0,Cc1c(C)c2ccc(OCC3CCN(Cc4cccc(OCCCO[N+](=O)[O-])c4)CC3)cc2oc1=O,False
DUUYHLUSDHATNS-UHFFFAOYSA-N,1,7.03905,7.03905,,7.03905,7.03905,0.0,0.0,COc1c(C(=O)CCC2CCN(CC3CCCCC3)CC2)cc(Cl)c2[nH]ccc12,False
MPSZYPNQOASYLS-UHFFFAOYSA-N,1,6.56067,6.56067,,6.56067,6.56067,0.0,0.0,COc1c(C(=O)CCC2CCN(Cc3ccccc3)CC2)cc(Cl)c2[nH]c([Si](C)(C)C)cc12,False
BXNNACCQTQBSOO-UHFFFAOYSA-N,1,7.69037,7.69037,,7.69037,7.69037,0.0,0.0,COc1c(C(=O)CCC2CCN(Cc3ccccc3)CC2)cc(Cl)c2[nH]ccc12,False
JWNWVBYZLJCIIB-UHFFFAOYSA-N,1,7.54061,7.54061,,7.54061,7.54061,0.0,0.0,O=C(CCC1CCN(CC2CCCCC2)CC1)c1cc(Cl)c2[nH]ccc2c1,False
CPQKZLNBCUOHCW-UHFFFAOYSA-N,1,7.87615,7.87615,,7.87615,7.87615,0.0,0.0,O=C(CCC1CCN(Cc2ccccc2)CC1)c1ccc2[nH]ccc2c1,False
JBJVWRHVBXWURS-UHFFFAOYSA-N,1,7.29243,7.29243,,7.29243,7.29243,0.0,0.0,O=C(CCC1CCN(CC2CCCCC2)CC1)c1ccc2[nH]ccc2c1,False
MIGORCBCNUSMCM-UHFFFAOYSA-N,1,7.02687,7.02687,,7.02687,7.02687,0.0,0.0,O=C(CCC1CCN(CC2CCCC2)CC1)c1ccc2[nH]ccc2c1,False
NAPNJRUKMMPNCH-UHFFFAOYSA-N,1,6.14509,6.14509,,6.14509,6.14509,0.0,0.0,CCCCN1CCC(CCC(=O)c2ccc3[nH]ccc3c2)CC1,False
DZXRSFAKIAKMMD-UHFFFAOYSA-N,1,7.39794,7.39794,,7.39794,7.39794,0.0,0.0,COc1c(C(=O)CCC2CCN(CC3CCCCC3)CC2)ccc2[nH]ccc12,False
WGHVGXHVNKORID-UHFFFAOYSA-N,1,7.07366,7.07366,,7.07366,7.07366,0.0,0.0,COc1c(C(=O)CCC2CCN(CC3CCCCC3)CC2)cc(Cl)c2c1ccn2C,False
BWHJWVZOPVYSAH-UHFFFAOYSA-N,1,6.58403,6.58403,,6.58403,6.58403,0.0,0.0,COc1c(C(=O)CCC2CCN(CC3CCCCC3)CC2)cc(Cl)c2c1ccn2Cc1ccccc1,False
OCRVFOOHQXMKBB-UHFFFAOYSA-N,1,6.25259,6.25259,,6.25259,6.25259,0.0,0.0,COc1c(C(=O)CCC2CCN(CC3CCCCC3)CC2)cc(Cl)c2c1ccn2S(=O)(=O)c1ccccc1,False
ICALDSOVJLIENB-UHFFFAOYSA-N,1,6.87615,6.87615,,6.87615,6.87615,0.0,0.0,O=C(CCC1CCN(CC2CCCCC2)CC1)c1ccc2c(ccn2Cc2ccccc2)c1,False
HYZOLPKXXWASDI-CDWUSYSASA-N,1,4.52288,4.52288,,4.52288,4.52288,0.0,0.0,CC1C[C@H]2[C@H](O)[C@@H]3O[C@]4(C1)OC1CCN5CCCC24[C@]13C5,False
LMUVKGOJHKVMMY-JNIYBQFBSA-N,1,4.52288,4.52288,,4.52288,4.52288,0.0,0.0,C=C[C@@H]1[C@@H]2CC3=C(CCC(=O)N3)[C@@]1(N)C[C@H](C)C2,False
CBXOHGXYZLTBEW-JIYBWGFKSA-N,1,4.52288,4.52288,,4.52288,4.52288,0.0,0.0,C[C@@H]1C[C@H]2Cc3ncc(C4CCCCN4)cc3[C@]3(C1)NCCC[C@H]23,False
CDAADIWFPFZNRU-UHFFFAOYSA-N,1,4.18046,4.18046,,4.18046,4.18046,0.0,0.0,COc1cc2c(cc1O)C(Cc1ccc(O)c(Oc3cc(CC4c5cc(O)c(OC)cc5CCN4C)ccc3OC)c1)N(C)CC2,False
XGEAUXVPBXUBKN-WUFINQPMSA-N,1,4.01323,4.01323,,4.01323,4.01323,0.0,0.0,COc1cc2c3cc1Oc1c(O)c(OC)cc4c1[C@@H](Cc1ccc(O)c(c1)Oc1ccc(cc1)C[C@@H]3N(C)CC2)N(C)CC4,False
LFFQVHXIFJLJSP-IZLXSDGUSA-N,1,4.0,4.0,,4.0,4.0,0.0,0.0,COc1cc2c3cc1Oc1c(O)c(OC)cc4c1[C@H](Cc1ccc(cc1)Oc1cc(ccc1O)C[C@H]3N(C)CC2)N(C)CC4,False
DFOCUWZXJBAUSQ-URLMMPGGSA-N,1,4.0,4.0,,4.0,4.0,0.0,0.0,COc1cc2c3cc1Oc1c(OC)c(OC)cc4c1[C@@H](Cc1ccc(O)c(c1)Oc1ccc(cc1)C[C@@H]3N(C)CC2)N(C)CC4,False
HXWLPFRLBNDXHT-UHFFFAOYSA-N,1,4.0,4.0,,4.0,4.0,0.0,0.0,COc1cc2c(cc1Oc1c3c(cc(OC)c1OC)CCN(C)C3)C(Cc1ccc(O)cc1)N(C)CC2,False
XJBJIWASMVFSOF-SZAHLOSFSA-N,1,4.16749,4.16749,,4.16749,4.16749,0.0,0.0,CCN(CC)Cc1cc2cc(c1O)Oc1ccc(cc1)C[C@H]1c3cc(c(OC)cc3CCN1C)Oc1c(OC)c(OC)cc3c1[C@@H](C2)N(C)CC3,False
ZHYQCBCBTQWPLC-UHFFFAOYSA-N,1,4.0,4.0,,4.0,4.0,0.0,0.0,COc1ccc2cc3n(c(=O)c2c1OC)CCc1cc2c(cc1-3)OCO2,False
ZGJSFIWQYSMRDC-UHFFFAOYSA-N,1,4.20204,4.20204,,4.20204,4.20204,0.0,0.0,COc1ccc(C2=NN(C(C)=O)C(c3ccc(N4CCN(Cc5ccccc5)CC4)cc3)C2)cc1OC,False
IXJVMRAZMGPUJK-UHFFFAOYSA-N,1,4.6968,4.6968,,4.6968,4.6968,0.0,0.0,COc1ccc(C2=NN(C(C)=O)C(c3ccc(N4CCC(Cc5ccccc5)CC4)cc3)C2)cc1OC,False
WQEXQLNOSVQQKJ-UHFFFAOYSA-N,1,5.18709,5.18709,,5.18709,5.18709,0.0,0.0,COc1ccc(C2=NN(C(C)=O)C(c3ccc(N4CCN(C)CC4)cc3)C2)cc1OC,False
XMSNTYCPGOOWCF-UHFFFAOYSA-N,1,4.31966,4.31966,,4.31966,4.31966,0.0,0.0,CCN1CCN(c2ccc(C3CC(c4ccc(OC)c(OC)c4)=NN3C(C)=O)cc2)CC1,False
DMPXKVRBWCJZLR-UHFFFAOYSA-N,1,4.11126,4.11126,,4.11126,4.11126,0.0,0.0,COc1ccc(C2=NN(C(C)=O)C(c3ccc(N4CCC(C)CC4)cc3)C2)cc1OC,False
BOTHFECTSJELMD-UHFFFAOYSA-N,1,7.85387,7.85387,,7.85387,7.85387,0.0,0.0,Cc1c(OCc2ccccc2)cccc1N1CCN(CCCCCCNc2c3c(nc4c2CCCC4)CCCC3)CC1,False
LEPYXEMBDAEDMH-UHFFFAOYSA-N,1,5.61979,5.61979,,5.61979,5.61979,0.0,0.0,COc1ccccc1CN1CCN(CCCCCOc2cccc3[nH]c4ccccc4c23)CC1,False
BFMCRDMUZOAUJR-UHFFFAOYSA-N,1,5.30103,5.30103,,5.30103,5.30103,0.0,0.0,COc1cc2c(cc1OC)-c1cc(OCCN3CCCCC3)nc(=O)n1CC2,False
XKQZQFKGCCBLCH-UHFFFAOYSA-N,1,5.79588,5.79588,,5.79588,5.79588,0.0,0.0,COc1ccc2nc3c(c(NCCCCCCCCNC(=S)NC45CC6CC(CC(C6)C4)C5)c2c1)CCCC3,False
CAUGRGPIGSATHE-LFVJCYFKSA-N,1,5.56384,5.56384,,5.56384,5.56384,0.0,0.0,C#CCOc1ccc(/C=N/Nc2c3c(nc4ccccc24)CCCC3)cc1,False
UWFZXJWPNDCUOE-UXHLAJHPSA-N,1,6.04576,6.04576,,6.04576,6.04576,0.0,0.0,C(=N\Nc1c2c(nc3ccccc13)CCCC2)/c1ccc(OCc2cn(-c3ccccc3)nn2)cc1,False
MZMUBKIIIBTNQJ-KBVAKVRCSA-N,1,5.15304,5.15304,,5.15304,5.15304,0.0,0.0,Clc1ccc(-n2cc(COc3ccc(/C=N/Nc4c5c(nc6ccccc46)CCCC5)cc3)nn2)cc1,False
FSMUMZKUQDJOPV-KBVAKVRCSA-N,1,4.89279,4.89279,,4.89279,4.89279,0.0,0.0,Brc1ccc(-n2cc(COc3ccc(/C=N/Nc4c5c(nc6ccccc46)CCCC5)cc3)nn2)cc1,False
LCNLCVGYIKOJAW-FDAWAROLSA-N,1,5.42597,5.42597,,5.42597,5.42597,0.0,0.0,Cc1ccc(-n2cc(COc3ccc(/C=N/Nc4c5c(nc6ccccc46)CCCC5)cc3)nn2)cc1,False
QOCIGUHOSOHOPZ-FDAWAROLSA-N,1,5.63827,5.63827,,5.63827,5.63827,0.0,0.0,COc1ccc(-n2cc(COc3ccc(/C=N/Nc4c5c(nc6ccccc46)CCCC5)cc3)nn2)cc1,False
WVIMROQHKDFMRR-KBVAKVRCSA-N,1,5.39469,5.39469,,5.39469,5.39469,0.0,0.0,O=C(O)c1ccc(-n2cc(COc3ccc(/C=N/Nc4c5c(nc6ccccc46)CCCC5)cc3)nn2)cc1,False
HUDWJNHJOKPRKI-OCSSWDANSA-N,1,5.97881,5.97881,,5.97881,5.97881,0.0,0.0,O=[N+]([O-])c1ccc(-n2cc(COc3ccc(/C=N/Nc4c5c(nc6ccccc46)CCCC5)cc3)nn2)cc1,False
VNUMIBCAIFARQP-OCSSWDANSA-N,1,5.83565,5.83565,,5.83565,5.83565,0.0,0.0,O=[N+]([O-])c1cccc(-n2cc(COc3ccc(/C=N/Nc4c5c(nc6ccccc46)CCCC5)cc3)nn2)c1,False
UPFUAMRNRBIMEV-FDAWAROLSA-N,1,5.97881,5.97881,,5.97881,5.97881,0.0,0.0,C(=N\Nc1c2c(nc3ccccc13)CCCC2)/c1ccc(OCc2cn(Cc3ccccc3)nn2)cc1,False
DVNIYUWNPGFHPL-KBVAKVRCSA-N,1,5.95468,5.95468,,5.95468,5.95468,0.0,0.0,NS(=O)(=O)c1ccc(-n2cc(COc3ccc(/C=N/Nc4c5c(nc6ccccc46)CCCC5)cc3)nn2)cc1,False
ACCSWVGAMRADDI-UHFFFAOYSA-N,1,6.21467,6.21467,,6.21467,6.21467,0.0,0.0,S=C(NNc1c2c(nc3ccccc13)CCCC2)Nc1ccccc1,False
HSUWPQYTIZQCMM-UHFFFAOYSA-N,1,6.10458,6.10458,,6.10458,6.10458,0.0,0.0,S=C(NNc1c2c(nc3ccccc13)CCCC2)Nc1ccc(Cl)cc1,False
RERMGBWFFCPWCM-UHFFFAOYSA-N,1,6.24336,6.24336,,6.24336,6.24336,0.0,0.0,S=C(NNc1c2c(nc3ccccc13)CCCC2)Nc1ccc(Br)cc1,False
RBXHQVFVPFTMCX-UHFFFAOYSA-N,1,6.53313,6.53313,,6.53313,6.53313,0.0,0.0,COc1ccc(NC(=S)NNc2c3c(nc4ccccc24)CCCC3)cc1,False
GHGXCYPXBDQVRC-UHFFFAOYSA-N,1,6.66154,6.66154,,6.66154,6.66154,0.0,0.0,S=C(NCc1ccccc1)NNc1c2c(nc3ccccc13)CCCC2,False
ZNKBYJMHBTUJRQ-UHFFFAOYSA-N,1,5.23882,5.23882,,5.23882,5.23882,0.0,0.0,C=CCNC(=S)NNc1c2c(nc3ccccc13)CCCC2,False
WJZURRJVYGWLGY-UHFFFAOYSA-N,1,6.01728,6.01728,,6.01728,6.01728,0.0,0.0,NS(=O)(=O)c1ccc(NC(=S)NNc2c3c(nc4ccccc24)CCCC3)cc1,False
YVKJKOIRYVRHGO-UKTHLTGXSA-N,1,7.51286,7.51286,,7.51286,7.51286,0.0,0.0,COc1ccc2[nH]cc(CCNC(=O)CN(CCC3CCN(Cc4ccccc4)CC3)C(=O)/C=C/c3ccc(O)c(OC)c3)c2c1,False
XCEUHRXQIRAKKN-RVDMUPIBSA-N,1,7.5817,7.5817,,7.5817,7.5817,0.0,0.0,COc1ccc2[nH]cc(CCNC(=O)CN(CCCC3CCN(Cc4ccccc4)CC3)C(=O)/C=C/c3ccc(O)c(OC)c3)c2c1,False
WIXYVLRIZYZCIN-UHFFFAOYSA-N,1,8.44249,8.44249,,8.44249,8.44249,0.0,0.0,c1ccc2c(NCc3ccc(-c4ccc(CNc5c6c(nc7ccccc57)CCCC6)cc4)cc3)c3c(nc2c1)CCCC3,False
XDSJIKQHXRQOIP-KNTRCKAVSA-N,1,7.21753,7.21753,,7.21753,7.21753,0.0,0.0,O=C(/C=C/c1ccc(OCc2ccccc2)cc1)NCCNc1c2c(nc3ccccc13)CCCC2,False
VLBMEFQKZXFPCO-FBMGVBCBSA-N,1,7.25885,7.25885,,7.25885,7.25885,0.0,0.0,COc1cc(/C=C/C(=O)NCCNc2c3c(nc4ccccc24)CCCC3)ccc1OCc1ccccc1,False
CHMUJRNDDRQZFR-UHFFFAOYSA-N,2,7.056475000000001,7.056475000000001,2.448477438011223,5.32514,8.78781,1.731335,3.46267,COc1cc2oc(-c3ccc(NCCNc4c5c(nc6cc(Cl)ccc46)CCCC5)cc3)cc(=O)c2c(OC)c1OC,True
FRHTWDFXZBLZBU-UHFFFAOYSA-N,1,8.72125,8.72125,,8.72125,8.72125,0.0,0.0,COc1cc2oc(-c3ccc(NCCCNc4c5c(nc6cc(Cl)ccc46)CCCC5)cc3)cc(=O)c2c(OC)c1OC,False
CCGIYZLQUZJLKH-UHFFFAOYSA-N,1,8.28819,8.28819,,8.28819,8.28819,0.0,0.0,COc1cc2oc(-c3ccc(NCCCCNc4c5c(nc6cc(Cl)ccc46)CCCC5)cc3)cc(=O)c2c(OC)c1OC,False
LIFICNZLRORTHU-XVNBXDOJSA-N,1,4.923,4.923,,4.923,4.923,0.0,0.0,Cc1cc(=O)oc2ccc(OC/C=C/CCn3cnc4c(N5CCCCC5)ncnc43)cc12,False
ACQBHJXEAYTHCY-UHFFFAOYSA-N,1,4.065,4.065,,4.065,4.065,0.0,0.0,O=C(c1ccc(OCCCc2c[nH]cn2)cc1)C1CC1,False
WOQRKVSECROGOP-UHFFFAOYSA-N,1,4.35754,4.35754,,4.35754,4.35754,0.0,0.0,C#CCNC1CCc2cc(Cl)c(OC(=O)N(C)CCC)cc21,False
YGELCAKCNMQGLG-UHFFFAOYSA-N,1,4.28067,4.28067,,4.28067,4.28067,0.0,0.0,C#CCNC1CCCc2ccc(OC(=O)N(C)CC)cc21,False
MBXWWOQMVCKTJD-UHFFFAOYSA-N,1,5.87943,5.87943,,5.87943,5.87943,0.0,0.0,COc1cc(NCc2ccc(Oc3c(N)cccc3Cl)cc2)cc(OC)c1OC,False
RHGMPEQTBDUBAP-UHFFFAOYSA-N,1,5.54061,5.54061,,5.54061,5.54061,0.0,0.0,COc1cc(NCc2ccc(Oc3c(N)cccc3Cl)cc2)cc(OC)c1,False
KCBXJCUJFYYVFI-UHFFFAOYSA-N,1,5.0,5.0,,5.0,5.0,0.0,0.0,Nc1cccc(Cl)c1Oc1ccc(CNc2cc(Br)cc(Br)c2)cc1,False
HJUQVDXAHGERHX-UHFFFAOYSA-N,1,5.0,5.0,,5.0,5.0,0.0,0.0,Nc1cccc(Cl)c1Oc1ccc(CNc2cc(Cl)cc(Cl)c2)cc1,False
DSYOYHCOKSRCCB-UHFFFAOYSA-N,1,5.05502,5.05502,,5.05502,5.05502,0.0,0.0,Nc1cccc(Cl)c1Oc1ccc(CNc2ccc(O)cc2)cc1,False
RPGKZHKRCUTZJJ-UHFFFAOYSA-N,1,5.28067,5.28067,,5.28067,5.28067,0.0,0.0,COc1ccc(NCc2ccc(Oc3c(N)cccc3Cl)cc2)cc1,False
PIKDMEISNZLIII-UHFFFAOYSA-N,1,5.0,5.0,,5.0,5.0,0.0,0.0,Nc1cccc(Cl)c1Oc1ccc(CNc2ccc(Br)cc2)cc1,False
CSBUGJYMOMQGFR-UHFFFAOYSA-N,1,5.0,5.0,,5.0,5.0,0.0,0.0,Nc1cccc(Cl)c1Oc1ccc(CNc2ccc(Cl)cc2)cc1,False
QWWFKMFYKDRACG-UHFFFAOYSA-N,1,5.14086,5.14086,,5.14086,5.14086,0.0,0.0,Nc1cccc(Cl)c1Oc1ccc(CNc2cccc(O)c2)cc1,False
XQQWLYKHCORLFB-UHFFFAOYSA-N,1,5.24795,5.24795,,5.24795,5.24795,0.0,0.0,COc1cccc(NCc2ccc(Oc3c(N)cccc3Cl)cc2)c1,False
WITBWJZMDDASJV-UHFFFAOYSA-N,1,5.0,5.0,,5.0,5.0,0.0,0.0,Nc1cccc(Cl)c1Oc1ccc(CNc2cccc(Br)c2)cc1,False
WNKMKPQNJAKEGI-UHFFFAOYSA-N,1,5.0,5.0,,5.0,5.0,0.0,0.0,Nc1cccc(Cl)c1Oc1ccc(CNc2cccc(Cl)c2)cc1,False
QVDXMPUCBFHBLV-UHFFFAOYSA-N,1,5.0,5.0,,5.0,5.0,0.0,0.0,Nc1cccc(Cl)c1Oc1ccc(CNc2ccccc2)cc1,False
DETGCLIOJUVWEZ-UHFFFAOYSA-N,1,5.04096,5.04096,,5.04096,5.04096,0.0,0.0,OC(CNCc1cccc(OCc2ccccc2)c1)Cn1cc(Br)c2cc(Br)ccc21,False
DWTAGOLVNDKSRI-UHFFFAOYSA-N,1,6.70997,6.70997,,6.70997,6.70997,0.0,0.0,Cc1ccc2[nH]c3c(c2c1)CN(CCCCCN1CCc2[nH]c4ccc(C)cc4c2C1)CC3,False
OJODVAHCAIUCKZ-UHFFFAOYSA-N,1,8.38616,8.38616,,8.38616,8.38616,0.0,0.0,COc1ccc(CNC(=O)C2CCN(C(=O)c3ccccc3)CC2)cc1OC,False
FQFLPZZATVCNLA-UHFFFAOYSA-N,1,5.74473,5.74473,,5.74473,5.74473,0.0,0.0,C#CCN(C)Cc1ccc(O)c2ncccc12,False
YKEPKFWKYHJUNN-UHFFFAOYSA-N,1,5.82391,5.82391,,5.82391,5.82391,0.0,0.0,COc1ccc2[nH]c3nc4c(c(N)c3c2c1)CCCC4,False
OIDIFCINLNNUKU-UHFFFAOYSA-N,1,4.10624,4.10624,,4.10624,4.10624,0.0,0.0,Cn1ncc2cc(C(=O)Nc3ccc(Cl)c(Cl)c3)ccc21,False
RUDKRUDNBKIVLP-UHFFFAOYSA-N,1,8.89997,8.89997,,8.89997,8.89997,0.0,0.0,CCOc1ccc(Cc2nc3cc(C(=O)N(CC)CC)ccc3n2CCNc2c3c(nc4ccccc24)CCCC3)cc1,False
ZVJIYGXYCVEXOA-UHFFFAOYSA-N,1,8.50004,8.50004,,8.50004,8.50004,0.0,0.0,CCOc1ccc(Cc2nc3cc(C(=O)N(CC)CC)ccc3n2CCCNc2c3c(nc4ccccc24)CCCC3)cc1,False
BLVUOIKRKMBLEC-UHFFFAOYSA-N,1,7.50004,7.50004,,7.50004,7.50004,0.0,0.0,CCOc1ccc(Cc2nc3cc(C(=O)N(CC)CC)ccc3n2CCCCNc2c3c(nc4ccccc24)CCCC3)cc1,False
GWZNJBBWDDNMOZ-UHFFFAOYSA-N,1,8.19997,8.19997,,8.19997,8.19997,0.0,0.0,CCOc1ccc(Cc2nc3cc(C(=O)N(CC)CC)ccc3n2CCCCCNc2c3c(nc4ccccc24)CCCC3)cc1,False
UTGZBXOXPAIMOK-UHFFFAOYSA-N,1,8.70006,8.70006,,8.70006,8.70006,0.0,0.0,CCOc1ccc(Cc2nc3cc(C(=O)N(CC)CC)ccc3n2CCCCCCNc2c3c(nc4ccccc24)CCCC3)cc1,False
UIKPRYUVBQFRSX-UHFFFAOYSA-N,1,7.10002,7.10002,,7.10002,7.10002,0.0,0.0,CCOc1ccc(Cc2nc3cc(C(=O)NCCNc4c5c(nc6ccccc46)CCCC5)ccc3n2CCC(C)C)cc1,False
GMPFGFALXNLDAY-UHFFFAOYSA-N,1,8.50004,8.50004,,8.50004,8.50004,0.0,0.0,CCOc1ccc(Cc2nc3cc(C(=O)NCCCNc4c5c(nc6ccccc46)CCCC5)ccc3n2CCC(C)C)cc1,False
YWNNZVOAUVSVFF-UHFFFAOYSA-N,1,8.0,8.0,,8.0,8.0,0.0,0.0,CCOc1ccc(Cc2nc3cc(C(=O)NCCCCNc4c5c(nc6ccccc46)CCCC5)ccc3n2CCC(C)C)cc1,False
BQKOWNFTPBQPCP-UHFFFAOYSA-N,1,8.10002,8.10002,,8.10002,8.10002,0.0,0.0,CCOc1ccc(Cc2nc3cc(C(=O)NCCCCCNc4c5c(nc6ccccc46)CCCC5)ccc3n2CCC(C)C)cc1,False
IMOLICJGVYGXAG-UHFFFAOYSA-N,1,7.70006,7.70006,,7.70006,7.70006,0.0,0.0,CCOc1ccc(Cc2nc3cc(C(=O)NCCCCCCNc4c5c(nc6ccccc46)CCCC5)ccc3n2CCC(C)C)cc1,False
KVXNLJPGYFESSM-UHFFFAOYSA-N,1,7.19997,7.19997,,7.19997,7.19997,0.0,0.0,CCOc1ccc(Cc2nc3cc(C(=O)N(CC)CCCCNc4c5c(nc6ccccc46)CCCC5)ccc3n2CCC(C)C)cc1,False
QWAXIXJFJWHJOJ-UHFFFAOYSA-N,1,7.0,7.0,,7.0,7.0,0.0,0.0,CCOc1ccc(Cc2nc3cc(C(=O)N(CC)CC)ccc3n2CCOCCOCCNc2c3c(nc4ccccc24)CCCC3)cc1,False
KATPQNPJPWWNSE-UHFFFAOYSA-N,1,6.4,6.4,,6.4,6.4,0.0,0.0,CCOc1ccc(Cc2nc3cc(C(=O)NCCOCCOCCNc4c5c(nc6ccccc46)CCCC5)ccc3n2CCC(C)C)cc1,False
GJNQPCWPXQPEOZ-UHFFFAOYSA-N,1,7.10002,7.10002,,7.10002,7.10002,0.0,0.0,CCOc1ccc(Cc2nc3cc(C(=O)NCCSSCCNc4c5c(nc6ccccc46)CCCC5)ccc3n2CCC(C)C)cc1,False
LPFRQQSAVVOOFW-FYJGNVAPSA-N,1,5.83121,5.83121,,5.83121,5.83121,0.0,0.0,Oc1ccc(/C=N/c2c3c(nc4ccccc24)CCCC3)cc1,False
PQHHHZGJZDSJDP-CIAFOILYSA-N,1,6.21538,6.21538,,6.21538,6.21538,0.0,0.0,Oc1ccc(/C=N/c2c3c(nc4ccccc24)CCCC3)cc1O,False
DHQHCSROVOIZIA-UHFFFAOYSA-N,1,7.0,7.0,,7.0,7.0,0.0,0.0,Oc1ccc(CNc2c3c(nc4ccccc24)CCCC3)cc1O,False
UPDJYWZNZKMPDX-SRZZPIQSSA-N,1,5.98297,5.98297,,5.98297,5.98297,0.0,0.0,Oc1cc(/C=N/c2c3c(nc4ccccc24)CCCC3)cc(O)c1O,False
KRJKXHMZSOYNPZ-UHFFFAOYSA-N,1,7.5376,7.5376,,7.5376,7.5376,0.0,0.0,Oc1ccc(CNCCCCCCNc2c3c(nc4ccccc24)CCCC3)cc1O,False
WZYKETQNVWSQLW-UHFFFAOYSA-N,1,6.66555,6.66555,,6.66555,6.66555,0.0,0.0,COc1ccc(CCOCCCCCNc2c3c(nc4ccccc24)CCCC3)cc1,False
HEPJUELRSNLABC-UHFFFAOYSA-N,1,6.77469,6.77469,,6.77469,6.77469,0.0,0.0,COc1ccc(CCOCCCCCNc2c3c(nc4ccccc24)CCCC3)cc1OC,False
UHCNDWKIQWKBPR-UHFFFAOYSA-N,1,6.34294,6.34294,,6.34294,6.34294,0.0,0.0,c1ccc(COc2ccc(CCOCCCCCNc3c4c(nc5ccccc35)CCCC4)cc2)cc1,False
KABZVCNOZFGCQY-UHFFFAOYSA-N,1,6.29585,6.29585,,6.29585,6.29585,0.0,0.0,c1ccc(COc2ccc(CCOCCCCCNc3c4c(nc5ccccc35)CCCC4)cc2OCc2ccccc2)cc1,False
AZMKNSQZSVBTKB-UHFFFAOYSA-N,1,6.84771,6.84771,,6.84771,6.84771,0.0,0.0,Oc1ccc(CCOCCCCCNc2c3c(nc4ccccc24)CCCC3)cc1,False
HHMHVPYNIQVEKU-UHFFFAOYSA-N,1,6.266,6.266,,6.266,6.266,0.0,0.0,Oc1ccc(CCOCCCCCNc2c3c(nc4ccccc24)CCCC3)cc1O,False
WJKHUZSNGGHVOF-UHFFFAOYSA-N,1,6.86044,6.86044,,6.86044,6.86044,0.0,0.0,COc1cc(N)c(Cl)cc1C(=O)CCC1CCN(Cc2ccc(O)c(O)c2)CC1,False
MJZWGMRLOIJCMD-UHFFFAOYSA-N,1,6.27165,6.27165,,6.27165,6.27165,0.0,0.0,COc1cc(CN2CCC(CCC(=O)c3cc(Cl)c(N)cc3OC)CC2)ccc1O,False
LTNOPYMLPTUXSM-UHFFFAOYSA-N,1,5.0,5.0,,5.0,5.0,0.0,0.0,O=C(Nc1ccc(OC(F)F)nc1)NC1CCN(c2ncnc3c2nc(-c2ccccc2Cl)n3-c2ccc(Cl)cc2)CC1,False
GDMKSYLWWXXFDP-UHFFFAOYSA-N,1,4.58503,4.58503,,4.58503,4.58503,0.0,0.0,O=C(O)CC1(CC(=O)c2cc(O)ccc2O)C=C(CO)CCC1,False
MRFSMIRSXXECOJ-UTFQDXCBSA-N,1,5.08619,5.08619,,5.08619,5.08619,0.0,0.0,COC(=O)/C(=C\C(=O)c1cc(O)ccc1O)CC/C=C(\C)CCC=C(C)C,False
WWYMCCWATZXJLO-LBQOUHFTSA-N,1,4.54363,4.54363,,4.54363,4.54363,0.0,0.0,C/C(=C/CC[C@H](CO)c1cc2cc(O)c(O)cc2o1)CO,False
UKIGXRPAJQOYHR-UHFFFAOYSA-N,1,6.31876,6.31876,,6.31876,6.31876,0.0,0.0,Cc1ccc2oc(-c3ccc(OCCCCCCN4CCCCCC4)cc3)cc(=O)c2c1,False
NDDYCWJCTGXGIS-UHFFFAOYSA-N,1,6.4437,6.4437,,6.4437,6.4437,0.0,0.0,Cc1ccc2oc(-c3ccc(OCCCCCCN4CCCCC4)cc3)cc(=O)c2c1,False
USYRQXDHKXGTCK-UHFFFAOYSA-N,1,6.07572,6.07572,,6.07572,6.07572,0.0,0.0,Cc1cc(N2CCCCC2)nc2ccccc12,False
FNTHJTUPRVAXFZ-UHFFFAOYSA-N,1,6.284,6.284,,6.284,6.284,0.0,0.0,O=C(NNC(=S)Nc1ccc(Cl)c(Cl)c1)c1ccccc1O,False
GJARULZXVOTKRA-CCDWMCETSA-N,1,8.37675,8.37675,,8.37675,8.37675,0.0,0.0,CC[C@@H](CN1CCCC1=O)C(=O)NCCCCCCCNc1c2c(nc3cc(Cl)ccc13)C[C@H]1C=C(C)C[C@@H]2C1,False
KVFYASGAAUBFSE-UHFFFAOYSA-N,1,7.42022,7.42022,,7.42022,7.42022,0.0,0.0,O=C(Cc1cc(=O)oc2cc(O)ccc12)NCCCNCCNCCCNc1c2c(nc3ccccc13)CCCC2,False
JRYNVBKKSAGWOO-UHFFFAOYSA-N,1,6.87615,6.87615,,6.87615,6.87615,0.0,0.0,O=C(Nc1cccc(-c2cn(CCNc3c4c(nc5ccccc35)CCCC4)nn2)n1)Nc1cccc2c1C1CCCCN1C2=O,False
OUNZLBTXEMRQQC-UHFFFAOYSA-N,1,9.09691,9.09691,,9.09691,9.09691,0.0,0.0,O=C(Nc1ccc(-c2cn(CCNc3c4c(nc5ccccc35)CCCC4)nn2)cn1)Nc1cccc2c1C1CCCCN1C2=O,False
BNBWNJAILLASJW-PMERELPUSA-N,1,7.86328,7.86328,,7.86328,7.86328,0.0,0.0,O=C(Nc1cc(-c2cn(CCNc3c4c(nc5ccccc35)CCCC4)nn2)ccn1)Nc1cccc2c1[C@@H]1CCCCN1C2=O,False
BNBWNJAILLASJW-SSEXGKCCSA-N,1,8.02228,8.02228,,8.02228,8.02228,0.0,0.0,O=C(Nc1cc(-c2cn(CCNc3c4c(nc5ccccc35)CCCC4)nn2)ccn1)Nc1cccc2c1[C@H]1CCCCN1C2=O,False
BNBWNJAILLASJW-UHFFFAOYSA-N,1,7.9431,7.9431,,7.9431,7.9431,0.0,0.0,O=C(Nc1cc(-c2cn(CCNc3c4c(nc5ccccc35)CCCC4)nn2)ccn1)Nc1cccc2c1C1CCCCN1C2=O,False
ZETZOOFGTLYZGU-UHFFFAOYSA-N,1,7.62709,7.62709,,7.62709,7.62709,0.0,0.0,O=C(Nc1cc(CCc2cn(CCNc3c4c(nc5ccccc35)CCCC4)nn2)ccn1)Nc1cccc2c1C1CCCCN1C2=O,False
JFZKYPJKWAMWMK-UHFFFAOYSA-N,1,7.2321,7.2321,,7.2321,7.2321,0.0,0.0,CN(Cc1ccnc(NC(=O)Nc2cccc3c2C2CCCCN2C3=O)c1)Cc1cn(CCNc2c3c(nc4ccccc24)CCCC3)nn1,False
IDMGTGWKKYHBFA-UHFFFAOYSA-N,1,7.68194,7.68194,,7.68194,7.68194,0.0,0.0,O=C(Nc1cc(COCc2cn(CCNc3c4c(nc5ccccc35)CCCC4)nn2)ccn1)Nc1cccc2c1C1CCCCN1C2=O,False
IZGHBNGGZIMGSC-UHFFFAOYSA-N,1,9.13668,9.13668,,9.13668,9.13668,0.0,0.0,O=C(CCCCCNc1c2c(nc3cc(Cl)ccc13)CCCC2)NCCc1cc2ccccc2[nH]1,False
MSZVAOQNSCIOAB-UHFFFAOYSA-N,1,8.13077,8.13077,,8.13077,8.13077,0.0,0.0,NC(Cc1c[nH]c2ccccc12)C(=O)NCCCCCCNc1c2c(nc3cc(Cl)ccc13)CCCC2,False
MSZVAOQNSCIOAB-RUZDIDTESA-N,1,8.16115,8.16115,,8.16115,8.16115,0.0,0.0,N[C@H](Cc1c[nH]c2ccccc12)C(=O)NCCCCCCNc1c2c(nc3cc(Cl)ccc13)CCCC2,False
GFMYQRNZXTUENT-QFIPXVFZSA-N,1,5.24413,5.24413,,5.24413,5.24413,0.0,0.0,COc1ccc2nc3c(c(NCCNC(=O)[C@@H](N)Cc4c[nH]c5ccccc45)c2c1)CCCC3,False
FRUHEQBKJAVKNR-QHCPKHFHSA-N,1,5.88606,5.88606,,5.88606,5.88606,0.0,0.0,COc1ccc2nc3c(c(NCCCNC(=O)[C@@H](N)Cc4c[nH]c5ccccc45)c2c1)CCCC3,False
YUYUQINXUWCCQE-DEOSSOPVSA-N,1,4.92082,4.92082,,4.92082,4.92082,0.0,0.0,COc1ccc2nc3c(c(NCCCCNC(=O)[C@@H](N)Cc4c[nH]c5ccccc45)c2c1)CCCC3,False
ODGYOTYMWFEDPR-VWLOTQADSA-N,1,6.20761,6.20761,,6.20761,6.20761,0.0,0.0,COc1ccc2nc3c(c(NCCCCCNC(=O)[C@@H](N)Cc4c[nH]c5ccccc45)c2c1)CCCC3,False
PIQLGTWEYNORDA-SANMLTNESA-N,1,6.02687,6.02687,,6.02687,6.02687,0.0,0.0,COc1ccc2nc3c(c(NCCCCCCNC(=O)[C@@H](N)Cc4c[nH]c5ccccc45)c2c1)CCCC3,False
YYMUQEIOHNQFHD-MHZLTWQESA-N,1,6.00877,6.00877,,6.00877,6.00877,0.0,0.0,COc1ccc2nc3c(c(NCCCCCCCNC(=O)[C@@H](N)Cc4c[nH]c5ccccc45)c2c1)CCCC3,False
BMKLRTWRKHBPOD-NDEPHWFRSA-N,1,5.88606,5.88606,,5.88606,5.88606,0.0,0.0,COc1ccc2nc3c(c(NCCCCCCCCNC(=O)[C@@H](N)Cc4c[nH]c5ccccc45)c2c1)CCCC3,False
LNSAIWZSMKGWEC-NRFANRHFSA-N,1,6.79588,6.79588,,6.79588,6.79588,0.0,0.0,N[C@@H](Cc1c[nH]c2ccccc12)C(=O)NCCNc1c2c(nc3cc(Cl)ccc13)CCCC2,False
KEGGORLMXIOPRP-QFIPXVFZSA-N,1,7.1549,7.1549,,7.1549,7.1549,0.0,0.0,N[C@@H](Cc1c[nH]c2ccccc12)C(=O)NCCCNc1c2c(nc3cc(Cl)ccc13)CCCC2,False
WKYCVHHGPCFKPD-QHCPKHFHSA-N,1,7.20761,7.20761,,7.20761,7.20761,0.0,0.0,N[C@@H](Cc1c[nH]c2ccccc12)C(=O)NCCCCNc1c2c(nc3cc(Cl)ccc13)CCCC2,False
XBJIRKNODSWCBD-DEOSSOPVSA-N,1,7.11919,7.11919,,7.11919,7.11919,0.0,0.0,N[C@@H](Cc1c[nH]c2ccccc12)C(=O)NCCCCCNc1c2c(nc3cc(Cl)ccc13)CCCC2,False
MSZVAOQNSCIOAB-VWLOTQADSA-N,1,8.20066,8.20066,,8.20066,8.20066,0.0,0.0,N[C@@H](Cc1c[nH]c2ccccc12)C(=O)NCCCCCCNc1c2c(nc3cc(Cl)ccc13)CCCC2,False
OMSRHGDYMHUMTI-SANMLTNESA-N,1,7.72125,7.72125,,7.72125,7.72125,0.0,0.0,N[C@@H](Cc1c[nH]c2ccccc12)C(=O)NCCCCCCCNc1c2c(nc3cc(Cl)ccc13)CCCC2,False
UOCRSSGPPUIQOX-MHZLTWQESA-N,1,7.30103,7.30103,,7.30103,7.30103,0.0,0.0,N[C@@H](Cc1c[nH]c2ccccc12)C(=O)NCCCCCCCCNc1c2c(nc3cc(Cl)ccc13)CCCC2,False
IAWFZVSZFNIINF-NRFANRHFSA-N,1,6.13668,6.13668,,6.13668,6.13668,0.0,0.0,N[C@@H](Cc1c[nH]c2ccccc12)C(=O)NCCNc1c2c(nc3ccccc13)CCCC2,False
QEILUNIAOIINON-QFIPXVFZSA-N,1,6.23657,6.23657,,6.23657,6.23657,0.0,0.0,N[C@@H](Cc1c[nH]c2ccccc12)C(=O)NCCCNc1c2c(nc3ccccc13)CCCC2,False
JKAMSUWXIOJFTB-QHCPKHFHSA-N,1,5.88606,5.88606,,5.88606,5.88606,0.0,0.0,N[C@@H](Cc1c[nH]c2ccccc12)C(=O)NCCCCNc1c2c(nc3ccccc13)CCCC2,False
CYZAREYILAFECL-DEOSSOPVSA-N,1,6.49485,6.49485,,6.49485,6.49485,0.0,0.0,N[C@@H](Cc1c[nH]c2ccccc12)C(=O)NCCCCCNc1c2c(nc3ccccc13)CCCC2,False
UJZHPVYTIDIEKK-SANMLTNESA-N,1,6.92082,6.92082,,6.92082,6.92082,0.0,0.0,N[C@@H](Cc1c[nH]c2ccccc12)C(=O)NCCCCCCCNc1c2c(nc3ccccc13)CCCC2,False
HRGIMFWURMHSRX-MHZLTWQESA-N,1,7.11919,7.11919,,7.11919,7.11919,0.0,0.0,N[C@@H](Cc1c[nH]c2ccccc12)C(=O)NCCCCCCCCNc1c2c(nc3ccccc13)CCCC2,False
AMKXSJPNKIFVBS-UHFFFAOYSA-N,1,6.60206,6.60206,,6.60206,6.60206,0.0,0.0,Brc1ccc(-c2nnn3c2C2c4ccccc4CCN2Cc2ccccc2-3)cc1,False
AJXZVFHDPHWEIV-UHFFFAOYSA-N,1,4.69897,4.69897,,4.69897,4.69897,0.0,0.0,c1ccc(CCCCN2CCCc3[nH]c4ccccc4c3C2)cc1,False
ZNFVRQSXKUHURV-UHFFFAOYSA-N,1,5.01323,5.01323,,5.01323,5.01323,0.0,0.0,O=C(c1ccccc1Cl)n1nc(OCCN2CCCC2)c2ccccc21,False
LZRROHVTKKVZEE-UHFFFAOYSA-N,1,5.01323,5.01323,,5.01323,5.01323,0.0,0.0,O=C(c1ccccc1Cl)n1nc(OCCCN2CCCCC2)c2ccccc21,False
HUROHLWFOLUBSA-UHFFFAOYSA-N,1,4.95861,4.95861,,4.95861,4.95861,0.0,0.0,O=C(c1cccc(F)c1F)n1nc(OCCN2CCCC2)c2ccccc21,False
HBMJZTPUWYWUEH-UHFFFAOYSA-N,1,5.0,5.0,,5.0,5.0,0.0,0.0,O=C(c1cccc(Cl)c1F)n1nc(OCCCN2CCCCC2)c2ccccc21,False
BFWYWDUWRLIPEO-UHFFFAOYSA-N,1,5.0,5.0,,5.0,5.0,0.0,0.0,O=C(c1cccc(Cl)c1Cl)n1nc(OCCN2CCCC2)c2ccccc21,False
AYMRUPGZRKXYGK-UHFFFAOYSA-N,1,4.97881,4.97881,,4.97881,4.97881,0.0,0.0,O=C(c1cccc(Cl)c1Cl)n1nc(OCCN2CCCCC2)c2ccccc21,False
BWODNPDITHQLFW-UHFFFAOYSA-N,1,4.76955,4.76955,,4.76955,4.76955,0.0,0.0,O=C(c1cccc(Cl)c1Cl)n1nc(OCCCN2CCCCC2)c2ccccc21,False
DFRKMFTYHPJZPY-UHFFFAOYSA-N,1,5.02687,5.02687,,5.02687,5.02687,0.0,0.0,O=C(c1c(F)ccc(F)c1F)n1nc(OCCN2CCCCC2)c2ccccc21,False
XJMUJUCYSZCXIU-UHFFFAOYSA-N,1,4.93554,4.93554,,4.93554,4.93554,0.0,0.0,Cc1cc(C)c(C(=O)n2nc(OCCN3CCCCC3)c3ccccc32)c(C)c1,False
GTCHDYHVJONDDU-UHFFFAOYSA-N,1,5.0,5.0,,5.0,5.0,0.0,0.0,O=C(c1ccccc1OCc1ccccc1)n1nc(OCCN2CCCC2)c2ccccc21,False
WXIQCPHXIIJDAI-UHFFFAOYSA-N,1,5.0,5.0,,5.0,5.0,0.0,0.0,O=C(c1ccccc1OCc1ccccc1)n1nc(OCCCN2CCCCC2)c2ccccc21,False
YKZLXQPXJSBUQA-UHFFFAOYSA-N,1,4.93554,4.93554,,4.93554,4.93554,0.0,0.0,COc1cc(C(=O)n2nc(OCCN3CCCC3)c3ccccc32)cc(OC)c1OC,False
QLAPIDQLHVXISM-UHFFFAOYSA-N,1,5.0,5.0,,5.0,5.0,0.0,0.0,O=C(c1cccc2ccccc12)n1nc(OCCCN2CCCC2)c2ccccc21,False
RXBIWKXLAGLALA-UHFFFAOYSA-N,1,5.0,5.0,,5.0,5.0,0.0,0.0,O=C(c1cccc2ccccc12)n1nc(OCCN2CCCCC2)c2ccccc21,False
OXUZUFGQZRDDAF-UHFFFAOYSA-N,1,5.0,5.0,,5.0,5.0,0.0,0.0,O=C(c1cccc2ccccc12)n1nc(OCCCN2CCCCC2)c2ccccc21,False
TUBAWNFYITYAHA-UHFFFAOYSA-N,1,5.0,5.0,,5.0,5.0,0.0,0.0,O=C(c1ccc2ccccc2c1)n1nc(OCCN2CCCCC2)c2ccccc21,False
HGHKJJKBOAWWGM-UHFFFAOYSA-N,1,5.0,5.0,,5.0,5.0,0.0,0.0,O=C(c1ccc2ccccc2c1)n1nc(OCCCN2CCCCC2)c2ccccc21,False
YAXVHOJMVWQVRY-UHFFFAOYSA-N,1,5.0,5.0,,5.0,5.0,0.0,0.0,O=C(Cc1ccc(Cl)cc1)n1nc(OCCCN2CCCCC2)c2ccccc21,False
CMPZCYYEUVTKFE-UHFFFAOYSA-N,1,5.0,5.0,,5.0,5.0,0.0,0.0,COc1ccc(CC(=O)n2nc(OCCN3CCCC3)c3ccccc32)cc1,False
ZBCHIUUIHNLGDU-UHFFFAOYSA-N,1,5.0,5.0,,5.0,5.0,0.0,0.0,COc1ccc(CC(=O)n2nc(OCCCN3CCCCC3)c3ccccc32)cc1,False
REUPXWMWDMMODN-MHWRWJLKSA-N,1,7.02641,7.02641,,7.02641,7.02641,0.0,0.0,O=C1N/C(=N\c2ccc3oc(=O)ccc3c2)S/C1=C/c1ccccc1,False
VCFKBYXCFDZGGP-UHFFFAOYSA-N,1,7.4318,7.4318,,7.4318,7.4318,0.0,0.0,O=C(CNc1ccc2oc(=O)ccc2c1)N1CCOCC1,False
AKCQVKULWVLHMR-UHFFFAOYSA-N,1,7.09691,7.09691,,7.09691,7.09691,0.0,0.0,O=C(CNc1ccc2oc(=O)ccc2c1)N1CCN(c2ccccc2)CC1,False
NGGRBSLMIDZMRP-UHFFFAOYSA-N,1,7.25964,7.25964,,7.25964,7.25964,0.0,0.0,COc1ccc(C(=O)CNc2ccc3oc(=O)ccc3c2)cc1,False
NPIBXWJMYNWBHM-UHFFFAOYSA-N,1,6.82974,6.82974,,6.82974,6.82974,0.0,0.0,O=C(CNc1ccc2oc(=O)ccc2c1)c1ccccc1,False
VIPFRQXJBJUMLE-UHFFFAOYSA-N,1,6.50724,6.50724,,6.50724,6.50724,0.0,0.0,CSc1ccc(C2SCC(=O)N2c2ccc3oc(=O)ccc3c2)cc1,False
ZHOBXFDNJYCWOK-UHFFFAOYSA-N,1,6.9914,6.9914,,6.9914,6.9914,0.0,0.0,O=C1CSC(c2ccc(F)cc2)N1c1ccc2oc(=O)ccc2c1,False
SIVGBONSDGNUGI-UHFFFAOYSA-N,1,7.14813,7.14813,,7.14813,7.14813,0.0,0.0,COc1ccc(C2SCC(=O)N2c2ccc3oc(=O)ccc3c2)cc1,False
ZZPNBPQPJRVOMS-VCHYOVAHSA-N,1,7.24489,7.24489,,7.24489,7.24489,0.0,0.0,O=c1ccc2cc(/N=C/c3ccc(Br)cc3)ccc2o1,False
ZKQGSSZNZGKUHL-XDHOZWIPSA-N,1,7.38722,7.38722,,7.38722,7.38722,0.0,0.0,CN(C)c1ccc(/C=N/c2ccc3oc(=O)ccc3c2)cc1,False
RBBODLPAWOESCD-VCHYOVAHSA-N,1,7.10292,7.10292,,7.10292,7.10292,0.0,0.0,O=c1ccc2cc(/N=C/c3ccc(Cl)cc3)ccc2o1,False
OFYBBBZAJKDRIN-WOJGMQOQSA-N,1,6.76422,6.76422,,6.76422,6.76422,0.0,0.0,CSc1ccc(/C=N/c2ccc3oc(=O)ccc3c2)cc1,False
ALVSUYDOTINZNT-VCHYOVAHSA-N,1,6.64589,6.64589,,6.64589,6.64589,0.0,0.0,O=c1ccc2cc(/N=C/c3ccc(F)cc3)ccc2o1,False
MPZOWFXNJLLYIO-WOJGMQOQSA-N,1,6.86934,6.86934,,6.86934,6.86934,0.0,0.0,COc1ccc(/C=N/c2ccc3oc(=O)ccc3c2)cc1,False
JGGXMRCFUJMMJT-GZTJUZNOSA-N,1,6.94157,6.94157,,6.94157,6.94157,0.0,0.0,O=c1ccc2cc(/N=C/c3ccccc3)ccc2o1,False
NMUYXKGDKIKNFS-LICLKQGHSA-N,1,7.30277,7.30277,,7.30277,7.30277,0.0,0.0,COc1ccc(/C=C2/S/C(=N/c3ccc4oc(=O)ccc4c3)NC2=O)cc1,False
SFVHAIDUIJGMSM-CXUHLZMHSA-N,1,6.66555,6.66555,,6.66555,6.66555,0.0,0.0,O=C1N/C(=N\c2ccc3oc(=O)ccc3c2)S/C1=C/c1ccc(F)cc1,False
BJQFTULFEHYYFF-LICLKQGHSA-N,1,6.82189,6.82189,,6.82189,6.82189,0.0,0.0,CSc1ccc(/C=C2/S/C(=N/c3ccc4oc(=O)ccc4c3)NC2=O)cc1,False
VJCSKCRTROHSRP-CXUHLZMHSA-N,1,6.7607,6.7607,,6.7607,6.7607,0.0,0.0,O=C1N/C(=N\c2ccc3oc(=O)ccc3c2)S/C1=C/c1ccc(Cl)cc1,False
IGKXKYWBWJLCKO-WOJGMQOQSA-N,1,7.07572,7.07572,,7.07572,7.07572,0.0,0.0,CN(C)c1ccc(/C=C2/S/C(=N/c3ccc4oc(=O)ccc4c3)NC2=O)cc1,False
ISVNQARPXSBWBP-CXUHLZMHSA-N,1,6.55846,6.55846,,6.55846,6.55846,0.0,0.0,O=C1N/C(=N\c2ccc3oc(=O)ccc3c2)S/C1=C/c1ccc(Br)cc1,False
SEDROBTYPDYXTC-UHFFFAOYSA-N,1,7.25806,7.25806,,7.25806,7.25806,0.0,0.0,COc1ccc(NCC(=O)Nc2ccc3oc(=O)ccc3c2)cc1,False
DOFZSIJMSZOTTG-UHFFFAOYSA-N,1,7.20761,7.20761,,7.20761,7.20761,0.0,0.0,O=C(CNc1ccc(F)cc1)Nc1ccc2oc(=O)ccc2c1,False
PRJLAHGUHLUZIL-UHFFFAOYSA-N,1,5.67551,5.67551,,5.67551,5.67551,0.0,0.0,Fc1ccc2[nH]c3c(c2c1)C[PH](Cc1cccc2ccccc12)(c1ccccc1)CC3,False
JDMMDHVJRHVVMQ-UHFFFAOYSA-N,1,5.58436,5.58436,,5.58436,5.58436,0.0,0.0,Oc1ccc2[nH]c3c(c2c1)C[PH](Cc1cccc2ccccc12)(c1ccccc1)CC3,False
ZDESNDWWUUVJLG-UHFFFAOYSA-N,1,6.39794,6.39794,,6.39794,6.39794,0.0,0.0,Cc1cc(Nc2nccc(-c3sc(C4CCNCC4)nc3-c3ccc(F)cc3)n2)ccn1,False
XBJDTELTAIBIJL-MHZLTWQESA-N,1,5.0,5.0,,5.0,5.0,0.0,0.0,CC(=O)N[C@@H](CCCCn1cc(-c2ccccc2)nn1)C(=O)NCC1CCN(Cc2ccccc2)CC1,False
BNNJLQBJRPWKPI-VWLOTQADSA-N,1,5.0,5.0,,5.0,5.0,0.0,0.0,CC(=O)N[C@@H](Cn1cc(-c2ccccc2)nn1)C(=O)NCC1CCN(Cc2ccccc2)CC1,False
MCRWQZGNXKNJAT-VWLOTQADSA-N,1,5.0,5.0,,5.0,5.0,0.0,0.0,N[C@@H](CCCCn1cc(-c2ccccc2)nn1)C(=O)NCC1CCN(Cc2ccccc2)CC1,False
AENXTCRONWDKIS-QFIPXVFZSA-N,1,5.0,5.0,,5.0,5.0,0.0,0.0,N[C@@H](Cn1cc(-c2ccccc2)nn1)C(=O)NCC1CCN(Cc2ccccc2)CC1,False
NKKAMUQXVHRNQH-UHFFFAOYSA-N,1,5.16115,5.16115,,5.16115,5.16115,0.0,0.0,CCOc1ccc2[nH]c(SCc3cn(CC4CCN(Cc5ccccc5)CC4)nn3)nc2c1,False
PPCLZSQPGRUGBH-UHFFFAOYSA-N,1,5.1349,5.1349,,5.1349,5.1349,0.0,0.0,c1ccc(CN2CCC(Cn3cc(CSc4nc5ccccc5[nH]4)nn3)CC2)cc1,False
XORLKAVTXLAHSI-UHFFFAOYSA-N,1,5.4045,5.4045,,5.4045,5.4045,0.0,0.0,COc1cc2ncnc(NCc3cn(CC4CCN(Cc5ccccc5)CC4)nn3)c2cc1OC,False
GTJVRLSLZZLTQZ-UHFFFAOYSA-N,1,5.37469,5.37469,,5.37469,5.37469,0.0,0.0,c1ccc(CN2CCC(Cn3cc(CNc4ncnc5ccccc45)nn3)CC2)cc1,False
MHFSZJNPDVJQJK-UHFFFAOYSA-N,1,5.0,5.0,,5.0,5.0,0.0,0.0,c1ccc(CN2CCC(Cn3cc(Cc4cccc5ccccc45)nn3)CC2)cc1,False
HZLGXQZTFGYMDI-UHFFFAOYSA-N,1,5.0,5.0,,5.0,5.0,0.0,0.0,O=C(Cc1c[nH]c2ccccc12)NCc1cn(CC2CCN(Cc3ccccc3)CC2)nn1,False
FFRRFBBXYMQKCX-UHFFFAOYSA-N,1,5.3098,5.3098,,5.3098,5.3098,0.0,0.0,O=C1c2ccccc2C(=O)N1Cc1cn(CC2CCN(Cc3ccccc3)CC2)nn1,False
WAMFQMXOUNENQQ-UHFFFAOYSA-N,1,5.30803,5.30803,,5.30803,5.30803,0.0,0.0,COc1cc2c(cc1OC)C(=O)C(Cc1cn(CC3CCN(Cc4ccccc4)CC3)nn1)C2,False
OCKGFTQIICXDQW-ZEQRLZLVSA-N,1,5.00261,5.00261,,5.00261,5.00261,0.0,0.0,Cc1c([C@@H](O)CN2CCN(C[C@H](O)c3ccc4c(c3C)COC4=O)CC2)ccc2c1COC2=O,False
RWRXVWVTDMVZPB-UHFFFAOYSA-N,1,6.14874,6.14874,,6.14874,6.14874,0.0,0.0,Fc1ccc(CNC2CCN(Cc3ccccc3)CC2)c(F)c1,False
WUVQDFKBUGKFCX-UHFFFAOYSA-N,1,5.92082,5.92082,,5.92082,5.92082,0.0,0.0,Fc1ccc(CNC2CCN(Cc3ccccc3)CC2)cc1,False
SNVYJMWDDMTGPN-UHFFFAOYSA-N,1,6.20761,6.20761,,6.20761,6.20761,0.0,0.0,Clc1ccc(CNC2CCN(Cc3ccccc3)CC2)c(Cl)c1,False
NQBDQXKOFMTXFA-UHFFFAOYSA-N,1,6.07058,6.07058,,6.07058,6.07058,0.0,0.0,Clc1ccc(CNC2CCN(Cc3ccccc3)CC2)cc1,False
AYNXCVSHNGEPCV-UHFFFAOYSA-N,1,6.22915,6.22915,,6.22915,6.22915,0.0,0.0,FC(F)(F)Oc1ccc(CNC2CCN(Cc3ccccc3)CC2)cc1,False
KAYKWKOWEOGULE-UHFFFAOYSA-N,1,6.95861,6.95861,,6.95861,6.95861,0.0,0.0,FC(F)(F)c1ccc(CNC2CCN(Cc3ccccc3)CC2)cc1,False
KYNUDYSVLRIHRE-UHFFFAOYSA-N,1,6.14267,6.14267,,6.14267,6.14267,0.0,0.0,O=[N+]([O-])c1ccc(CNC2CCN(Cc3ccccc3)CC2)cc1,False
KPAHTAFRNBMJNE-UHFFFAOYSA-N,1,5.4318,5.4318,,5.4318,5.4318,0.0,0.0,Cc1ccc(CNC2CCN(Cc3ccccc3)CC2)cc1,False
YWXGLRXKEHBFPE-UHFFFAOYSA-N,1,5.38722,5.38722,,5.38722,5.38722,0.0,0.0,Cc1cccc(CNC2CCN(Cc3ccccc3)CC2)c1,False
DWFUTZFPGPEXNL-UHFFFAOYSA-N,1,5.63827,5.63827,,5.63827,5.63827,0.0,0.0,Oc1ccc(CNC2CCN(Cc3ccccc3)CC2)c(O)c1,False
KWYMUFDXOHWFJH-UHFFFAOYSA-N,1,5.39794,5.39794,,5.39794,5.39794,0.0,0.0,Oc1ccc(CNC2CCN(Cc3ccccc3)CC2)cc1,False
PEZATUMKVOFZTR-UHFFFAOYSA-N,1,5.61979,5.61979,,5.61979,5.61979,0.0,0.0,Oc1ccccc1CNC1CCN(Cc2ccccc2)CC1,False
CSEFTIOVIZHTNF-UHFFFAOYSA-N,1,5.65758,5.65758,,5.65758,5.65758,0.0,0.0,COc1cc(CNC2CCN(Cc3ccccc3)CC2)cc(OC)c1OC,False
ZZWIYXVNVZCOSL-UHFFFAOYSA-N,1,5.76955,5.76955,,5.76955,5.76955,0.0,0.0,c1ccc(CNC2CCN(Cc3ccccc3)CC2)cc1,False
VOWMHOISFVDLCZ-UHFFFAOYSA-N,1,5.65758,5.65758,,5.65758,5.65758,0.0,0.0,COc1cccc(CNC2CCN(Cc3ccccc3)CC2)c1OC,False
ANHVBBGBJUVDKT-LPYMAVHISA-N,1,5.88606,5.88606,,5.88606,5.88606,0.0,0.0,Fc1ccc(/C=N/C2CCN(Cc3ccccc3)CC2)c(F)c1,False
UUWGJQGTYROTGL-KGENOOAVSA-N,1,5.5376,5.5376,,5.5376,5.5376,0.0,0.0,Fc1ccc(/C=N/C2CCN(Cc3ccccc3)CC2)cc1,False
KKXQSDTWYAMGIF-LPYMAVHISA-N,1,5.88606,5.88606,,5.88606,5.88606,0.0,0.0,Clc1ccc(/C=N/C2CCN(Cc3ccccc3)CC2)c(Cl)c1,False
ZCUFEVHIUABIOG-KGENOOAVSA-N,1,5.82391,5.82391,,5.82391,5.82391,0.0,0.0,Clc1ccc(/C=N/C2CCN(Cc3ccccc3)CC2)cc1,False
QOHKCTPBTRSARF-ZVHZXABRSA-N,1,6.0,6.0,,6.0,6.0,0.0,0.0,FC(F)(F)Oc1ccc(/C=N/C2CCN(Cc3ccccc3)CC2)cc1,False
AXJYQEFCPXMBGY-ZVHZXABRSA-N,1,6.35655,6.35655,,6.35655,6.35655,0.0,0.0,FC(F)(F)c1ccc(/C=N/C2CCN(Cc3ccccc3)CC2)cc1,False
COVOFUSTFFLTKA-XSFVSMFZSA-N,1,6.04576,6.04576,,6.04576,6.04576,0.0,0.0,O=[N+]([O-])c1ccc(/C=N/C2CCN(Cc3ccccc3)CC2)cc1,False
RPRMFIFIXJKQNV-RCCKNPSSSA-N,1,5.35655,5.35655,,5.35655,5.35655,0.0,0.0,Cc1ccc(/C=N/C2CCN(Cc3ccccc3)CC2)cc1,False
BHNQBVWKORTAEW-RCCKNPSSSA-N,1,4.82391,4.82391,,4.82391,4.82391,0.0,0.0,Cc1cccc(/C=N/C2CCN(Cc3ccccc3)CC2)c1,False
NGERANTYJBWJKM-DEDYPNTBSA-N,1,5.58503,5.58503,,5.58503,5.58503,0.0,0.0,Oc1ccc(/C=N/C2CCN(Cc3ccccc3)CC2)c(O)c1,False
MMNQEFJTQDLXSH-XSFVSMFZSA-N,1,5.31876,5.31876,,5.31876,5.31876,0.0,0.0,Oc1ccc(/C=N/C2CCN(Cc3ccccc3)CC2)cc1,False
FMRVKMBYBQMTPS-XSFVSMFZSA-N,1,5.55284,5.55284,,5.55284,5.55284,0.0,0.0,Oc1ccccc1/C=N/C1CCN(Cc2ccccc2)CC1,False
PGRXDAFKGOWHNM-HZHRSRAPSA-N,1,4.82391,4.82391,,4.82391,4.82391,0.0,0.0,COc1cc(/C=N/C2CCN(Cc3ccccc3)CC2)cc(OC)c1OC,False
VVQPLYAHXAZPHF-HMMYKYKNSA-N,1,5.67778,5.67778,,5.67778,5.67778,0.0,0.0,C(=N\C1CCN(Cc2ccccc2)CC1)/c1ccccc1,False
GGLDJGOCUBPSEY-PXLXIMEGSA-N,1,4.82391,4.82391,,4.82391,4.82391,0.0,0.0,COc1cccc(/C=N/C2CCN(Cc3ccccc3)CC2)c1OC,False
ARLFGJNFOMNXIQ-UHFFFAOYSA-N,1,6.12494,6.12494,,6.12494,6.12494,0.0,0.0,COc1ccc(-c2nc(NC3CCN(Cc4ccc(C(F)(F)F)cc4)CC3)sc2-c2ccc(OC)cc2)cc1,False
QBSKCKXTLASIRW-UHFFFAOYSA-N,1,6.11351,6.11351,,6.11351,6.11351,0.0,0.0,COc1ccc(CN2CCC(Nc3nc(-c4ccc(OC)cc4)c(-c4ccc(OC)cc4)s3)CC2)cc1,False
RCNPQETVOMKGRM-UHFFFAOYSA-N,1,6.08092,6.08092,,6.08092,6.08092,0.0,0.0,COc1ccc(-c2nc(NC3CCN(Cc4ccc(C)cc4)CC3)sc2-c2ccc(OC)cc2)cc1,False
DCOKCSRXAPRZJS-UHFFFAOYSA-N,1,6.4318,6.4318,,6.4318,6.4318,0.0,0.0,Fc1ccc(CN2CCC(Nc3nc(-c4ccc(Cl)cc4)c(-c4ccc(Cl)cc4)s3)CC2)c(Cl)c1,False
OLVVWVXHBQTZRY-UHFFFAOYSA-N,1,5.9914,5.9914,,5.9914,5.9914,0.0,0.0,N#Cc1ccc(CN2CCC(Nc3nc(-c4ccc(Cl)cc4)c(-c4ccc(Cl)cc4)s3)CC2)cc1,False
NIYJGHRSFITDCK-UHFFFAOYSA-N,1,5.95078,5.95078,,5.95078,5.95078,0.0,0.0,COc1ccc(CN2CCC(Nc3nc(-c4ccc(Cl)cc4)c(-c4ccc(Cl)cc4)s3)CC2)cc1,False
CKIUOHBAAOVIJX-UHFFFAOYSA-N,1,5.49621,5.49621,,5.49621,5.49621,0.0,0.0,Cc1ccc(CN2CCC(Nc3nc(-c4ccc(Cl)cc4)c(-c4ccc(Cl)cc4)s3)CC2)cc1,False
SWXGPRWGTHKINF-UHFFFAOYSA-N,1,5.86012,5.86012,,5.86012,5.86012,0.0,0.0,Clc1ccc(-c2nc(NC3CCN(Cc4ccccc4)CC3)sc2-c2ccc(Cl)cc2)cc1,False
BTQWMWXRHHEZLJ-UHFFFAOYSA-N,1,5.96257,5.96257,,5.96257,5.96257,0.0,0.0,Cc1ccc(CN2CCC(Nc3nc(-c4ccc(C)cc4)c(-c4ccc(C)cc4)s3)CC2)cc1,False
UFCCFJLCKHGETC-UHFFFAOYSA-N,1,5.89279,5.89279,,5.89279,5.89279,0.0,0.0,Cc1ccc(-c2nc(NC3CCN(Cc4ccccc4)CC3)sc2-c2ccc(C)cc2)cc1,False
GKVMJVDKXNJERX-UHFFFAOYSA-N,1,6.4437,6.4437,,6.4437,6.4437,0.0,0.0,COc1ccc(-c2nc(NCC3CCN(Cc4c(F)cccc4Cl)CC3)sc2-c2ccc(OC)cc2)cc1,False
WYAAXMCFRXQPNY-UHFFFAOYSA-N,1,6.16115,6.16115,,6.16115,6.16115,0.0,0.0,COc1ccc(-c2nc(NCC3CCN(Cc4ccccc4C(F)(F)F)CC3)sc2-c2ccc(OC)cc2)cc1,False
LGYZVNPECLNTJE-UHFFFAOYSA-N,1,6.22915,6.22915,,6.22915,6.22915,0.0,0.0,COc1ccc(-c2nc(NCC3CCN(Cc4ccccc4C)CC3)sc2-c2ccc(OC)cc2)cc1,False
ZMMDRCZWLLXKFJ-UHFFFAOYSA-N,1,5.90658,5.90658,,5.90658,5.90658,0.0,0.0,Fc1ccc(CN2CCC(CNc3nc(-c4ccc(Cl)cc4)c(-c4ccc(Cl)cc4)s3)CC2)c(C(F)(F)F)c1,False
ZGYZYFFEQOIELG-UHFFFAOYSA-N,1,6.284,6.284,,6.284,6.284,0.0,0.0,Fc1ccc(CN2CCC(CNc3nc(-c4ccc(Cl)cc4)c(-c4ccc(Cl)cc4)s3)CC2)c(Cl)c1,False
AVJSOHMZQDCZLD-UHFFFAOYSA-N,1,6.20066,6.20066,,6.20066,6.20066,0.0,0.0,Fc1cc(F)cc(CN2CCC(CNc3nc(-c4ccc(Cl)cc4)c(-c4ccc(Cl)cc4)s3)CC2)c1,False
KDHWXYCRFWFNAS-UHFFFAOYSA-N,1,6.06048,6.06048,,6.06048,6.06048,0.0,0.0,Cc1ccccc1CN1CCC(CNc2nc(-c3ccc(Cl)cc3)c(-c3ccc(Cl)cc3)s2)CC1,False
VRNMNLPNRFRXDM-UHFFFAOYSA-N,1,6.4318,6.4318,,6.4318,6.4318,0.0,0.0,Cc1ccc(-c2nc(NCC3CCN(Cc4ccc(F)cc4)CC3)sc2-c2ccc(C)cc2)cc1,False
QGKQRUPULPYQAC-UHFFFAOYSA-N,1,6.52288,6.52288,,6.52288,6.52288,0.0,0.0,Cc1ccc(-c2nc(NCC3CCN(Cc4cc(F)cc(F)c4)CC3)sc2-c2ccc(C)cc2)cc1,False
GEJGLTWIEMSGMI-UHFFFAOYSA-N,1,6.39794,6.39794,,6.39794,6.39794,0.0,0.0,Cc1ccc(-c2nc(NCC3CCN(Cc4ccccc4C(F)(F)F)CC3)sc2-c2ccc(C)cc2)cc1,False
XSVXXWBXWMWODI-UHFFFAOYSA-N,1,6.30103,6.30103,,6.30103,6.30103,0.0,0.0,Cc1ccc(-c2nc(NCC3CCN(Cc4ccccc4C)CC3)sc2-c2ccc(C)cc2)cc1,False
CIHYPWXDKRZDGE-UHFFFAOYSA-N,1,5.91009,5.91009,,5.91009,5.91009,0.0,0.0,COc1ccc(-c2nc(NC(=O)C3CCN(Cc4ccc(F)cc4C(F)(F)F)CC3)sc2-c2ccc(OC)cc2)cc1,False
FMOLUPOSSFZALR-UHFFFAOYSA-N,1,5.55284,5.55284,,5.55284,5.55284,0.0,0.0,COc1ccc(-c2nc(NC(=O)C3CCN(Cc4ccccc4C#N)CC3)sc2-c2ccc(OC)cc2)cc1,False
HVNNYUJRWYOLPC-UHFFFAOYSA-N,1,6.38722,6.38722,,6.38722,6.38722,0.0,0.0,COc1ccc(-c2nc(NC(=O)C3CCN(Cc4c(F)cccc4Cl)CC3)sc2-c2ccc(OC)cc2)cc1,False
WEFFINQGWJQUMQ-UHFFFAOYSA-N,1,5.93554,5.93554,,5.93554,5.93554,0.0,0.0,COc1ccc(-c2nc(NC(=O)C3CCN(Cc4ccc(F)cc4)CC3)sc2-c2ccc(OC)cc2)cc1,False
ZYKDPKHIJHFMSS-UHFFFAOYSA-N,1,5.61083,5.61083,,5.61083,5.61083,0.0,0.0,COc1ccc(-c2nc(NC(=O)C3CCN(Cc4cc(F)cc(F)c4)CC3)sc2-c2ccc(OC)cc2)cc1,False
GYNHZAHQEFAGJK-UHFFFAOYSA-N,1,6.24413,6.24413,,6.24413,6.24413,0.0,0.0,COc1ccc(-c2nc(NC(=O)C3CCN(Cc4cccc(F)c4)CC3)sc2-c2ccc(OC)cc2)cc1,False
RLYFWJDIVYZVTH-UHFFFAOYSA-N,1,6.16749,6.16749,,6.16749,6.16749,0.0,0.0,COc1ccc(-c2nc(NC(=O)C3CCN(Cc4ccccc4C(F)(F)F)CC3)sc2-c2ccc(OC)cc2)cc1,False
CCXYJRSEOJUDQL-UHFFFAOYSA-N,1,5.8729,5.8729,,5.8729,5.8729,0.0,0.0,COc1ccc(-c2nc(NC(=O)C3CCN(Cc4ccccc4C)CC3)sc2-c2ccc(OC)cc2)cc1,False
GLSFHIYDEXRABI-UHFFFAOYSA-N,1,5.86012,5.86012,,5.86012,5.86012,0.0,0.0,O=C(Nc1nc(-c2ccc(Cl)cc2)c(-c2ccc(Cl)cc2)s1)C1CCN(Cc2ccc(OC(F)(F)F)cc2)CC1,False
RQSSUVAKXUVOBX-UHFFFAOYSA-N,1,5.75203,5.75203,,5.75203,5.75203,0.0,0.0,N#Cc1ccccc1CN1CCC(C(=O)Nc2nc(-c3ccc(Cl)cc3)c(-c3ccc(Cl)cc3)s2)CC1,False
HKCIOSFWIMKXKB-UHFFFAOYSA-N,1,5.4318,5.4318,,5.4318,5.4318,0.0,0.0,O=C(Nc1nc(-c2ccc(Cl)cc2)c(-c2ccc(Cl)cc2)s1)C1CCN(Cc2ccc(F)cc2Cl)CC1,False
NYIVZAOAOSABAD-UHFFFAOYSA-N,1,6.19382,6.19382,,6.19382,6.19382,0.0,0.0,O=C(Nc1nc(-c2ccc(Cl)cc2)c(-c2ccc(Cl)cc2)s1)C1CCN(Cc2cc(F)cc(F)c2)CC1,False
UKWBRAIAVTYTRI-UHFFFAOYSA-N,1,6.18709,6.18709,,6.18709,6.18709,0.0,0.0,O=C(Nc1nc(-c2ccc(Cl)cc2)c(-c2ccc(Cl)cc2)s1)C1CCN(Cc2cccc(F)c2)CC1,False
NHJYZIKZNHPFGM-UHFFFAOYSA-N,1,5.55752,5.55752,,5.55752,5.55752,0.0,0.0,O=C(Nc1nc(-c2ccc(Cl)cc2)c(-c2ccc(Cl)cc2)s1)C1CCN(Cc2ccccc2C(F)(F)F)CC1,False
BMQDPDNXZLCIBS-UHFFFAOYSA-N,1,5.95861,5.95861,,5.95861,5.95861,0.0,0.0,Cc1ccccc1CN1CCC(C(=O)Nc2nc(-c3ccc(Cl)cc3)c(-c3ccc(Cl)cc3)s2)CC1,False
OAIBHPDMYPWSFW-UHFFFAOYSA-N,1,5.0,5.0,,5.0,5.0,0.0,0.0,Cc1ccc(-c2nc(NC(=O)C3CCN(Cc4ccc(C(F)(F)F)cc4)CC3)sc2-c2ccc(C)cc2)cc1,False
NXEFSPQKVIRTBY-UHFFFAOYSA-N,1,5.63451,5.63451,,5.63451,5.63451,0.0,0.0,Cc1ccc(-c2nc(NC(=O)C3CCN(Cc4ccc([N+](=O)[O-])cc4)CC3)sc2-c2ccc(C)cc2)cc1,False
FQGHHVRMNYDPNO-UHFFFAOYSA-N,1,5.89279,5.89279,,5.89279,5.89279,0.0,0.0,Cc1ccc(-c2nc(NC(=O)C3CCN(Cc4ccc(C#N)cc4)CC3)sc2-c2ccc(C)cc2)cc1,False
BAIXDTONAFBRQB-UHFFFAOYSA-N,1,5.54061,5.54061,,5.54061,5.54061,0.0,0.0,Cc1ccc(-c2nc(NC(=O)C3CCN(Cc4c(F)cccc4Cl)CC3)sc2-c2ccc(C)cc2)cc1,False
FMAFUXOIISRRLB-UHFFFAOYSA-N,1,5.0,5.0,,5.0,5.0,0.0,0.0,Cc1ccc(-c2nc(NC(=O)C3CCN(Cc4ccc(F)cc4Cl)CC3)sc2-c2ccc(C)cc2)cc1,False
HOXPBZAZYWNBBS-UHFFFAOYSA-N,1,5.60206,5.60206,,5.60206,5.60206,0.0,0.0,Cc1ccc(-c2nc(NC(=O)C3CCN(Cc4cc(F)cc(F)c4)CC3)sc2-c2ccc(C)cc2)cc1,False
PPTLIBORLIKETA-UHFFFAOYSA-N,1,5.0,5.0,,5.0,5.0,0.0,0.0,Cc1ccc(-c2nc(NC(=O)C3CCN(Cc4cccc(F)c4)CC3)sc2-c2ccc(C)cc2)cc1,False
WUTPTCKMWDKNCG-UHFFFAOYSA-N,1,5.1209,5.1209,,5.1209,5.1209,0.0,0.0,Cc1ccc(-c2nc(NC(=O)C3CCN(Cc4ccccc4C(F)(F)F)CC3)sc2-c2ccc(C)cc2)cc1,False
GWZNRZRRYCXGTB-UHFFFAOYSA-N,1,5.0,5.0,,5.0,5.0,0.0,0.0,Cc1ccc(-c2nc(NC(=O)C3CCN(Cc4ccccc4C)CC3)sc2-c2ccc(C)cc2)cc1,False
XINOBOADKPHPEM-UHFFFAOYSA-N,1,4.80967,4.80967,,4.80967,4.80967,0.0,0.0,COc1cc(O)c2c(c1)C1=C(c3c(O)c(O)cc(C)c3-c3cc(OC)cc(O)c3C(=O)O)C(=O)C(O)=CC1(C)OC2=O,False
UWZXDTUKNCSHTN-UHFFFAOYSA-N,1,4.16558,4.16558,,4.16558,4.16558,0.0,0.0,COc1cc(O)c(C(C)=O)c(-c2c(C)cc(O)c3oc4c(O)cc(C)c(-c5cc(OC)cc(O)c5C(=O)O)c4c23)c1,False
LOSDALWTUOUYIS-UHFFFAOYSA-N,1,4.92812,4.92812,,4.92812,4.92812,0.0,0.0,O=[N+]([O-])C1C(Cc2c[nH]cn2)NC2(c3ccccc3-c3nc4ccccc4nc32)C1c1ccccc1,False
NISMCMVQGSIUDA-UHFFFAOYSA-N,1,4.78915,4.78915,,4.78915,4.78915,0.0,0.0,O=[N+]([O-])C1C(Cc2c[nH]cn2)NC2(c3ccccc3-c3nc4ccccc4nc32)C1c1ccc(Br)cc1,False
ZHRHYPNZCNMJJN-UHFFFAOYSA-N,1,4.73898,4.73898,,4.73898,4.73898,0.0,0.0,O=[N+]([O-])C1C(Cc2c[nH]cn2)NC2(c3ccccc3-c3nc4ccccc4nc32)C1c1ccc(Cl)cc1,False
GHWMBUKVDAWTFS-UHFFFAOYSA-N,1,4.99913,4.99913,,4.99913,4.99913,0.0,0.0,Cc1ccccc1C1C([N+](=O)[O-])C(Cc2c[nH]cn2)NC12c1ccccc1-c1nc3ccccc3nc12,False
FXEUHDCDRKHKGM-UHFFFAOYSA-N,1,5.10791,5.10791,,5.10791,5.10791,0.0,0.0,Cc1cccc(C2C([N+](=O)[O-])C(Cc3c[nH]cn3)NC23c2ccccc2-c2nc4ccccc4nc23)c1,False
OXXZYCGXYYQBCJ-UHFFFAOYSA-N,1,5.69465,5.69465,,5.69465,5.69465,0.0,0.0,Cc1ccc(C2C([N+](=O)[O-])C(Cc3c[nH]cn3)NC23c2ccccc2-c2nc4ccccc4nc23)cc1,False
SLXSPHAYNAQJBQ-UHFFFAOYSA-N,1,5.28233,5.28233,,5.28233,5.28233,0.0,0.0,COc1ccccc1C1C([N+](=O)[O-])C(Cc2c[nH]cn2)NC12c1ccccc1-c1nc3ccccc3nc12,False
MLFJUBNESDQKEA-UHFFFAOYSA-N,1,5.03621,5.03621,,5.03621,5.03621,0.0,0.0,COc1cccc(C2C([N+](=O)[O-])C(Cc3c[nH]cn3)NC23c2ccccc2-c2nc4ccccc4nc23)c1,False
JUPLNCDYYPPYDS-UHFFFAOYSA-N,1,5.68825,5.68825,,5.68825,5.68825,0.0,0.0,COc1ccc(C2C([N+](=O)[O-])C(Cc3c[nH]cn3)NC23c2ccccc2-c2nc4ccccc4nc23)cc1,False
DJLIRQMAHYBORP-UHFFFAOYSA-N,1,4.84649,4.84649,,4.84649,4.84649,0.0,0.0,O=[N+]([O-])C1C(Cc2c[nH]cn2)NC2(c3ccccc3-c3nc4ccccc4nc32)C1c1ccco1,False
FJQQUHPZFRBAME-UHFFFAOYSA-N,1,4.76853,4.76853,,4.76853,4.76853,0.0,0.0,O=[N+]([O-])C1C(Cc2c[nH]cn2)NC2(c3ccccc3-c3nc4ccccc4nc32)C1c1ccccn1,False
YOTWECPFSLWEAX-MTDXEUNCSA-N,1,6.6968,6.6968,,6.6968,6.6968,0.0,0.0,O=C1CN(/N=C/c2ccc(-c3ccc([N+](=O)[O-])cc3)o2)C(=O)N1CCN1CCN(Cc2ccccc2)CC1,False
LELOUGOLJJWASA-RDRPBHBLSA-N,1,7.33348,7.33348,,7.33348,7.33348,0.0,0.0,O=C1CN(/N=C/c2ccc(-c3ccc([N+](=O)[O-])cc3)o2)C(=O)N1CCC1CCN(Cc2ccccc2)CC1,False
YGLFBEVFQYQQPM-RDRPBHBLSA-N,1,6.5376,6.5376,,6.5376,6.5376,0.0,0.0,O=C1CN(/N=C/c2ccc(-c3cccc([N+](=O)[O-])c3)o2)C(=O)N1CCC1CCN(Cc2ccccc2)CC1,False
UJKROTZTWUTZKN-RDRPBHBLSA-N,1,7.46597,7.46597,,7.46597,7.46597,0.0,0.0,O=C1CN(/N=C/c2ccc(-c3ccccc3[N+](=O)[O-])o2)C(=O)N1CCC1CCN(Cc2ccccc2)CC1,False
RYLYBQQKQZYJAO-NDZAJKAJSA-N,1,6.96658,6.96658,,6.96658,6.96658,0.0,0.0,COc1ccc(-c2ccc(/C=N/N3CC(=O)N(CCC4CCN(Cc5ccccc5)CC4)C3=O)o2)cc1,False
SFYPGJPJPBPDJR-NDZAJKAJSA-N,1,7.3279,7.3279,,7.3279,7.3279,0.0,0.0,COc1cccc(-c2ccc(/C=N/N3CC(=O)N(CCC4CCN(Cc5ccccc5)CC4)C3=O)o2)c1,False
VYDKUJXIGUGTLY-NDZAJKAJSA-N,1,7.04383,7.04383,,7.04383,7.04383,0.0,0.0,COc1ccccc1-c1ccc(/C=N/N2CC(=O)N(CCC3CCN(Cc4ccccc4)CC3)C2=O)o1,False
KFJSZOXQHHFOPN-UHFFFAOYSA-N,1,7.08092,7.08092,,7.08092,7.08092,0.0,0.0,COc1ccc(C2c3c(nc4c(c3N)CCCC4)Oc3ccc4ccccc4c32)cc1OC,False
KBDRPSKQRUYQSJ-UHFFFAOYSA-N,1,6.6517,6.6517,,6.6517,6.6517,0.0,0.0,COc1cc2cc(NC(=O)C3CCN(Cc4ccccc4)CC3)c(=O)oc2cc1OC,False
GNNIJJBFVPDBRB-UHFFFAOYSA-N,1,6.1261,6.1261,,6.1261,6.1261,0.0,0.0,COc1cc2cc(NC(=O)CCCNCc3ccccc3)c(=O)oc2cc1OC,False
UGTGSTDFYWUXNH-MJGOQNOKSA-N,1,7.7167,7.7167,,7.7167,7.7167,0.0,0.0,COc1cc2cc(NC(=O)[C@@H]3CCC[C@H](NCc4ccccc4)C3)c(=O)oc2cc1OC,False
IPSUZAWLWZPFLA-UHFFFAOYSA-N,1,7.29499,7.29499,,7.29499,7.29499,0.0,0.0,C#CCNc1c2c(nc3ccccc13)CCCC2,False
YRJBUPQHBMBODA-UHFFFAOYSA-N,1,8.02687,8.02687,,8.02687,8.02687,0.0,0.0,C#CCNc1c2c(nc3cc(Cl)ccc13)CCCC2,False
YFPNAYXYKXAKJC-UHFFFAOYSA-N,1,4.0,4.0,,4.0,4.0,0.0,0.0,C#CCNCc1cc2cc(OCc3ccccc3)ccc2[nH]1,False
ZKPVWZDNDNCTBB-UWVGGRQHSA-N,1,9.0,9.0,,9.0,9.0,0.0,0.0,COc1ccc([C@H](O)[C@H](N)C(=O)O)cc1OC,False
VBRSHBGIUDRWEJ-FEEZOJJESA-N,2,7.522880000000001,7.522880000000001,1.414213562373096,6.52288,8.52288,1.0000000000000004,2.000000000000001,COc1ccc([C@H]2O[C@@H](O)[C@H]3[C@@H]2C(=O)O[C@@H]3c2cc(OC)c3c(c2)OCO3)cc1OC,True
GFMAMPUENGTAFA-WRTQPQOASA-N,1,7.55284,7.55284,,7.55284,7.55284,0.0,0.0,COc1ccc([C@H]2O[C@@H](O)[C@H]3[C@@H]2C(=O)O[C@@H]3c2ccc(OC)c(OC)c2)cc1OC,False
IWLDUPODTWQNBQ-INDMIFKZSA-N,1,6.80134,6.80134,,6.80134,6.80134,0.0,0.0,COc1ccc([C@H]2OC(=O)[C@H]3[C@@H]2C(=O)O[C@@H]3c2ccc3c(c2)OCO3)cc1OC,False
DHWUVPPRBIJJKS-VUEDXXQZSA-N,1,6.33724,6.33724,,6.33724,6.33724,0.0,0.0,COc1cc([C@H]2OC[C@H]3[C@@H]2CO[C@@H]3c2cc(OC)c3c(c2)OCO3)cc(OC)c1OC,False
HRLFUIXSXUASEX-RZTYQLBFSA-N,1,6.21042,6.21042,,6.21042,6.21042,0.0,0.0,COc1cc([C@H]2OC[C@H]3[C@@H]2CO[C@@H]3c2cc(OC)c(OC)c(OC)c2)cc(OC)c1OC,False
MFIHSKBTNZNJIK-RZTYQLBFSA-N,1,6.04431,6.04431,,6.04431,6.04431,0.0,0.0,COc1ccc([C@H]2OC[C@H]3[C@@H]2CO[C@@H]3c2cc(OC)c(OC)c(OC)c2)cc1OC,False
RKEFSUNLQHLAGZ-YGHPHNMRSA-N,1,5.65189,5.65189,,5.65189,5.65189,0.0,0.0,COc1ccc([C@H]2OC[C@H]3[C@@H]2C(=O)O[C@@H]3c2ccc3c(c2)OCO3)cc1OC,False
UQVZKPSLKKWDGV-WIOXQITCSA-N,1,4.0,4.0,,4.0,4.0,0.0,0.0,CCOc1cc(OCC)cc(C(=O)O[C@@H]2C[N@@]3Cc4c(cc5c(c4OC)OCO5)[C@@]24C=C[C@H](OC)C[C@H]34)c1,False
PFTOYFDBOIWBKQ-GDWQBCHKSA-N,1,4.0,4.0,,4.0,4.0,0.0,0.0,COc1ccc(C(=O)O[C@@H]2C[N@@]3Cc4c(cc5c(c4OC)OCO5)[C@@]24C=C[C@H](OC)C[C@H]34)cc1OC,False
XIDPCYQOYQJDJP-GFBHRSBTSA-N,1,4.0,4.0,,4.0,4.0,0.0,0.0,COc1c2c(cc3c1OCO3)[C@]13C=C[C@H](OC)C[C@@H]1[N@](C2)C[C@H]3OC(=O)c1ccoc1,False
ACGKVNROJFXVAW-IYACCRBMSA-N,1,4.0,4.0,,4.0,4.0,0.0,0.0,COc1c2c(cc3c1OCO3)[C@]13C=C[C@H](OC)C[C@@H]1[N@](C2)C[C@H]3OC(=O)c1ccco1,False
UJJQSJGABQDJMQ-WIOXQITCSA-N,1,4.0,4.0,,4.0,4.0,0.0,0.0,COc1c2c(cc3c1OCO3)[C@]13C=C[C@H](OC)C[C@@H]1[N@](C2)C[C@H]3OC(=O)c1cccc2ccccc12,False
QFZHWLMFKPHPLT-HYOHABMOSA-N,1,4.0,4.0,,4.0,4.0,0.0,0.0,COc1c2c(cc3c1OCO3)[C@]13C=C[C@H](OC)C[C@@H]1[N@](C2)C[C@H]3OC(=O)c1ccc2ccccc2c1,False
YGCHXRSWJKZUGT-CCUPELQVSA-N,1,4.0,4.0,,4.0,4.0,0.0,0.0,COc1c2c(cc3c1OCO3)[C@]13C=C[C@H](OC)C[C@@H]1[N@](C2)C[C@H]3OC(=O)c1ccc([N+](=O)[O-])cc1,False
XFWIODPEFJOXRN-CCUPELQVSA-N,1,4.31876,4.31876,,4.31876,4.31876,0.0,0.0,COc1c2c(cc3c1OCO3)[C@]13C=C[C@H](OC)C[C@@H]1[N@](C2)C[C@H]3OC(=O)c1cccc([N+](=O)[O-])c1,False
QHVPNAQOEJLQDJ-LQOPGZECSA-N,1,4.26761,4.26761,,4.26761,4.26761,0.0,0.0,COc1c2c(cc3c1OCO3)[C@]13C=C[C@H](OC)C[C@@H]1[N@](C2)C[C@H]3OC(=O)c1ccccc1[N+](=O)[O-],False
QACGNHJYHTTWOX-OHBSULSQSA-N,1,4.0,4.0,,4.0,4.0,0.0,0.0,COc1ccc(C(=O)O[C@@H]2C[N@@]3Cc4c(cc5c(c4OC)OCO5)[C@@]24C=C[C@H](OC)C[C@H]34)cc1,False
JGLSIZXCTVKDFM-OHBSULSQSA-N,1,4.0,4.0,,4.0,4.0,0.0,0.0,COc1cccc(C(=O)O[C@@H]2C[N@@]3Cc4c(cc5c(c4OC)OCO5)[C@@]24C=C[C@H](OC)C[C@H]34)c1,False
KPQIGUOJWACERQ-UWSLFPQHSA-N,1,4.0,4.0,,4.0,4.0,0.0,0.0,COc1ccccc1C(=O)O[C@@H]1C[N@@]2Cc3c(cc4c(c3OC)OCO4)[C@@]13C=C[C@H](OC)C[C@H]23,False
PRPNRHRXMGYSAX-OHBSULSQSA-N,1,4.0,4.0,,4.0,4.0,0.0,0.0,COc1c2c(cc3c1OCO3)[C@]13C=C[C@H](OC)C[C@@H]1[N@](C2)C[C@H]3OC(=O)c1ccc(C)cc1,False
RWPMOFHNKBIUEY-OHBSULSQSA-N,1,4.0,4.0,,4.0,4.0,0.0,0.0,COc1c2c(cc3c1OCO3)[C@]13C=C[C@H](OC)C[C@@H]1[N@](C2)C[C@H]3OC(=O)c1cccc(C)c1,False
HWSORANVUWOHGI-ZCDUZLAESA-N,1,4.25964,4.25964,,4.25964,4.25964,0.0,0.0,COc1c2c(cc3c1OCO3)[C@]13C=C[C@H](OC)C[C@@H]1[N@](C2)C[C@H]3OC(=O)c1ccccc1C,False
FKJKARGXIBDHQH-CCUPELQVSA-N,1,4.0,4.0,,4.0,4.0,0.0,0.0,COc1c2c(cc3c1OCO3)[C@]13C=C[C@H](OC)C[C@@H]1[N@](C2)C[C@H]3OC(=O)c1ccccc1,False
ZOYFVDJTZRCAAZ-LPTSHUJBSA-N,1,4.0,4.0,,4.0,4.0,0.0,0.0,COc1c2c(cc3c1OCO3)[C@]13C=C[C@H](OC)C[C@@H]1[N@](C2)C[C@H]3OC(=O)C(C)C,False
OQSJBILTOFUHPZ-GFBHRSBTSA-N,1,4.0,4.0,,4.0,4.0,0.0,0.0,CCCCC(=O)O[C@@H]1C[N@@]2Cc3c(cc4c(c3OC)OCO4)[C@@]13C=C[C@H](OC)C[C@H]23,False
OEQIACMXZJPJNX-VPKASPSASA-N,1,4.0,4.0,,4.0,4.0,0.0,0.0,CCC(=O)O[C@@H]1C[N@@]2Cc3c(cc4c(c3OC)OCO4)[C@@]13C=C[C@H](OC)C[C@H]23,False
DZXAUWNEDZVVNU-VDESFZGPSA-N,1,4.0,4.0,,4.0,4.0,0.0,0.0,COc1c2c(cc3c1OCO3)[C@]13C=C[C@H](OC)C[C@@H]1[N@](C2)C[C@H]3OC(C)=O,False
YGPRSGKVLATIHT-HSHDSVGOSA-N,1,4.0,4.0,,4.0,4.0,0.0,0.0,CO[C@@H]1C=C[C@@]23c4cc5c(cc4CN(C[C@@H]2O)[C@H]3C1)OCO5,False
QAHZAHIPKNLGAS-UVLSQEMTSA-N,1,4.0,4.0,,4.0,4.0,0.0,0.0,COc1c2c(cc3c1OCO3)[C@]13C=C[C@H](OC)C[C@@H]1[N@](C2)C[C@H]3O,False
IOYUJCMCZWLNAL-GMVATZDTSA-N,1,4.68403,4.68403,,4.68403,4.68403,0.0,0.0,CC(C)=CC[C@H]1C[C@]2(CC=C(C)C)C(=O)[C@]3(CC=C(C)C)O[C@@]1(C(=O)C(C)C)[C@@]2(O)C(C)(C)C3=O,False
GHIDWRDXHHQHJD-UHFFFAOYSA-N,1,6.13077,6.13077,,6.13077,6.13077,0.0,0.0,COc1ccc(CCC(=O)Nc2nc(-c3cc4ccccc4oc3=O)cs2)cc1OC,False
YRVHWRSOZONPGM-UHFFFAOYSA-N,1,6.29243,6.29243,,6.29243,6.29243,0.0,0.0,COc1ccc(-c2csc(NC(=O)CCN3CCCC3)n2)cc1,False
LBGBZNIPLODINR-UHFFFAOYSA-N,1,4.0,4.0,,4.0,4.0,0.0,0.0,O=C1CCCC2=C1C(c1ccc(OCc3cccc(F)c3)c(Br)c1)C1=C(CCCC1=O)N2,False
ZPJWCVJWFWNSQI-HYARGMPZSA-N,1,5.24489,5.24489,,5.24489,5.24489,0.0,0.0,COc1cc(/C=N/NC(=O)N2CCN(c3ccccn3)CC2)cc(OC)c1OC,False
GIODLOMLRUKQIP-KGENOOAVSA-N,1,5.0,5.0,,5.0,5.0,0.0,0.0,COc1cccc(/C=N/NC(=O)N2CCN(c3ccccn3)CC2)c1OC,False
STEXUOBWQLSVBF-XMHGGMMESA-N,1,5.44129,5.44129,,5.44129,5.44129,0.0,0.0,O=C(N/N=C/c1ccccc1)N1CCN(c2ccccn2)CC1,False
AZCBJXZCMZTCKJ-CPNJWEJPSA-N,1,5.31785,5.31785,,5.31785,5.31785,0.0,0.0,O=C(N/N=C/c1ccc(O)cc1)N1CCN(c2ccccn2)CC1,False
ARPWBQZXQIRDJX-CPNJWEJPSA-N,1,5.0,5.0,,5.0,5.0,0.0,0.0,O=C(N/N=C/c1ccccc1O)N1CCN(c2ccccn2)CC1,False
ZPZVREJFRQRDRN-XDHOZWIPSA-N,1,5.32975,5.32975,,5.32975,5.32975,0.0,0.0,O=C(N/N=C/c1ccc(O)cc1O)N1CCN(c2ccccn2)CC1,False
HCMDTJKJOPROCK-XSFVSMFZSA-N,1,5.0,5.0,,5.0,5.0,0.0,0.0,Cc1cccc(/C=N/NC(=O)N2CCN(c3ccccn3)CC2)c1,False
JXXLYDKWJOYVAM-XSFVSMFZSA-N,1,5.32057,5.32057,,5.32057,5.32057,0.0,0.0,Cc1ccc(/C=N/NC(=O)N2CCN(c3ccccn3)CC2)cc1,False
ZCVJLFXHXPOQPS-CPNJWEJPSA-N,1,5.93554,5.93554,,5.93554,5.93554,0.0,0.0,O=C(N/N=C/c1ccc([N+](=O)[O-])cc1)N1CCN(c2ccccn2)CC1,False
AXEQAWVHVFYXJD-YDZHTSKRSA-N,1,5.87943,5.87943,,5.87943,5.87943,0.0,0.0,O=C(N/N=C/c1ccc(C(F)(F)F)cc1)N1CCN(c2ccccn2)CC1,False
PAFWRCFXMCMCJZ-YDZHTSKRSA-N,1,5.53611,5.53611,,5.53611,5.53611,0.0,0.0,O=C(N/N=C/c1ccc(OC(F)(F)F)cc1)N1CCN(c2ccccn2)CC1,False
SVGUUFXJKYXVCE-DEDYPNTBSA-N,1,5.46597,5.46597,,5.46597,5.46597,0.0,0.0,O=C(N/N=C/c1ccc(Cl)cc1)N1CCN(c2ccccn2)CC1,False
RDMQFNXWGNSNBR-DEDYPNTBSA-N,1,5.72816,5.72816,,5.72816,5.72816,0.0,0.0,O=C(N/N=C/c1ccc(F)cc1)N1CCN(c2ccccn2)CC1,False
YTFNVENKXHSUIQ-DEDYPNTBSA-N,1,6.31069,6.31069,,6.31069,6.31069,0.0,0.0,O=C(N/N=C/c1ccc(Br)cc1)N1CCN(c2ccccn2)CC1,False
BDZFARBGYZRYRF-CIAFOILYSA-N,1,6.16622,6.16622,,6.16622,6.16622,0.0,0.0,O=C(N/N=C/c1ccc(F)cc1F)N1CCN(c2ccccn2)CC1,False
NBMHQAWRLMBPET-UHFFFAOYSA-N,1,6.46725,6.46725,,6.46725,6.46725,0.0,0.0,c1ccc(-c2nnc(N3CCN(c4ccccn4)CC3)o2)cc1,False
OKEASALJUMYWFO-UHFFFAOYSA-N,1,5.92445,5.92445,,5.92445,5.92445,0.0,0.0,COc1cccc(-c2nnc(N3CCN(c4ccccn4)CC3)o2)c1OC,False
SPBDMKHPKACUMT-UHFFFAOYSA-N,1,6.65365,6.65365,,6.65365,6.65365,0.0,0.0,COc1cc(-c2nnc(N3CCN(c4ccccn4)CC3)o2)cc(OC)c1OC,False
BQNZOYNZEQEQRF-UHFFFAOYSA-N,1,5.92812,5.92812,,5.92812,5.92812,0.0,0.0,Oc1ccc(-c2nnc(N3CCN(c4ccccn4)CC3)o2)cc1,False
HCUYMFWFASKLTP-UHFFFAOYSA-N,1,5.91009,5.91009,,5.91009,5.91009,0.0,0.0,Oc1ccccc1-c1nnc(N2CCN(c3ccccn3)CC2)o1,False
UXAIEWGYPKPAOR-UHFFFAOYSA-N,1,5.8729,5.8729,,5.8729,5.8729,0.0,0.0,Oc1ccc(-c2nnc(N3CCN(c4ccccn4)CC3)o2)c(O)c1,False
BCPJRBVIGIXBMJ-UHFFFAOYSA-N,1,5.28067,5.28067,,5.28067,5.28067,0.0,0.0,Cc1cccc(-c2nnc(N3CCN(c4ccccn4)CC3)o2)c1,False
GEYOUWOYXCLTLH-UHFFFAOYSA-N,1,5.9914,5.9914,,5.9914,5.9914,0.0,0.0,Cc1ccc(-c2nnc(N3CCN(c4ccccn4)CC3)o2)cc1,False
CFFQCZLSZQGOOU-UHFFFAOYSA-N,1,6.65956,6.65956,,6.65956,6.65956,0.0,0.0,O=[N+]([O-])c1ccc(-c2nnc(N3CCN(c4ccccn4)CC3)o2)cc1,False
SSUCJZRGMBQGJK-UHFFFAOYSA-N,1,6.73993,6.73993,,6.73993,6.73993,0.0,0.0,FC(F)(F)c1ccc(-c2nnc(N3CCN(c4ccccn4)CC3)o2)cc1,False
MQCXVHYEWNJWKF-UHFFFAOYSA-N,1,7.05061,7.05061,,7.05061,7.05061,0.0,0.0,FC(F)(F)Oc1ccc(-c2nnc(N3CCN(c4ccccn4)CC3)o2)cc1,False
KBIVDYZJPVDUPZ-UHFFFAOYSA-N,1,6.9914,6.9914,,6.9914,6.9914,0.0,0.0,Clc1ccc(-c2nnc(N3CCN(c4ccccn4)CC3)o2)cc1,False
ZXRSUUCBQJQXFN-UHFFFAOYSA-N,1,6.86646,6.86646,,6.86646,6.86646,0.0,0.0,Fc1ccc(-c2nnc(N3CCN(c4ccccn4)CC3)o2)cc1,False
OGMDVMWMCVEIDI-UHFFFAOYSA-N,1,7.13077,7.13077,,7.13077,7.13077,0.0,0.0,Brc1ccc(-c2nnc(N3CCN(c4ccccn4)CC3)o2)cc1,False
JDYATWHUSHCNRV-UHFFFAOYSA-N,1,7.26761,7.26761,,7.26761,7.26761,0.0,0.0,Fc1ccc(-c2nnc(N3CCN(c4ccccn4)CC3)o2)c(F)c1,False
QFDAPLRSMFECOI-UHFFFAOYSA-N,1,6.45593,6.45593,,6.45593,6.45593,0.0,0.0,CCn1cc(CNCc2c[nH]nc2-c2ccc(-c3ccccc3)cc2)cn1,False
ZJSDAYWILXQIQR-UHFFFAOYSA-N,1,5.05849,5.05849,,5.05849,5.05849,0.0,0.0,Cc1cc(S(=O)(=O)Nc2ccccc2O)c(C(C)C)cc1O,False
JILOLUUKYKCZRD-UHFFFAOYSA-N,1,5.15552,5.15552,,5.15552,5.15552,0.0,0.0,Cc1cc(S(=O)(=O)NCc2ccccn2)c(C(C)C)cc1O,False
WUMDNRQNLNCQBM-UHFFFAOYSA-N,1,5.03433,5.03433,,5.03433,5.03433,0.0,0.0,Cc1cc(S(=O)(=O)NN)c(C(C)C)cc1O,False
PKHXPQBXAGIJAZ-UHFFFAOYSA-N,1,5.1343,5.1343,,5.1343,5.1343,0.0,0.0,Cc1cc(S(=O)(=O)Nc2cnccn2)c(C(C)C)cc1O,False
YRXFWPAGFTVJGF-UHFFFAOYSA-N,1,5.24872,5.24872,,5.24872,5.24872,0.0,0.0,Cc1cc(S(=O)(=O)N2CCOCC2)c(C(C)C)cc1O,False
XYUAOFMUDNWQRJ-OFWJPBPWSA-N,1,4.40894,4.40894,,4.40894,4.40894,0.0,0.0,C[C@@H]1CC[C@H]2[C@H](C(=O)c3c(O)c([C@@]4(O)CC[C@@H](O)[C@H]5O[C@H]54)cn(O)c3=O)[C@H](C)C=C[C@@H]2C1,False
XFLQCMDKBYZBJL-XFDICZTPSA-N,1,4.3279,4.3279,,4.3279,4.3279,0.0,0.0,C[C@@H]1CC[C@H]2[C@H](C(=O)c3c4c(cn(O)c3=O)[C@@]3(O)CC[C@H](O)[C@H](O4)[C@@H]3O)[C@H](C)C=C[C@@H]2C1,False
RJLLKGPGZLQILJ-HKNVGMCVSA-N,1,6.09151,6.09151,,6.09151,6.09151,0.0,0.0,CO[C@]1(c2cn(O)c(=O)c(C(=O)[C@H]3[C@@H]4CC[C@@H](C)C[C@H]4C=C[C@H]3C)c2O)CC[C@@H](O)[C@H]2O[C@H]21,False
IWRKOSRQYRCBHW-YIXHJXPBSA-N,1,5.17328,5.17328,,5.17328,5.17328,0.0,0.0,C/C=C1\C2C=C(C)CC1(NCC(=O)OC)c1ccc(=O)[nH]c1C2,False
YYWGABLTRMRUIT-XHBSWPGZSA-N,1,5.59007,5.59007,,5.59007,5.59007,0.0,0.0,CC1=C[C@@H]2Cc3[nH]c(=O)ccc3[C@]3(C1)NCCC[C@H]23,False
PWDRAIJCBVSHCO-UUWRZZSWSA-N,1,5.0,5.0,,5.0,5.0,0.0,0.0,COc1ccc2nc3c(c(NCCCCCCCCN(CC(=O)NCCc4c[nH]c5ccc(OC)cc45)C(=O)CCCC[C@@H]4CCSS4)c2c1)CCCC3,False
QZDXETQFUAMIIN-MGBGTMOVSA-N,1,5.0,5.0,,5.0,5.0,0.0,0.0,COc1ccc2nc3c(c(NCCCCCCCN(CC(=O)NCCc4c[nH]c5ccc(OC)cc45)C(=O)CCCC[C@@H]4CCSS4)c2c1)CCCC3,False
ZYKIOUVTAQGDKW-JGCGQSQUSA-N,1,5.0,5.0,,5.0,5.0,0.0,0.0,COc1ccc2nc3c(c(NCCCCCCN(CC(=O)NCCc4c[nH]c5ccc(OC)cc45)C(=O)CCCC[C@@H]4CCSS4)c2c1)CCCC3,False
MXODBKYHGKYPJW-MGBGTMOVSA-N,1,6.74473,6.74473,,6.74473,6.74473,0.0,0.0,COc1ccc2[nH]cc(CCNC(=O)CN(CCCCCCCCNc3c4c(nc5ccccc35)CCCC4)C(=O)CCCC[C@@H]3CCSS3)c2c1,False
HPDZXQZAOYMUDC-RCCKNPSSSA-N,1,5.0,5.0,,5.0,5.0,0.0,0.0,COc1ccc2nc3c(c(NCCCCCCCCN(CC(=O)NCCc4c[nH]c5ccc(OC)cc45)C(=O)/C=C/c4ccc(O)c(OC)c4)c2c1)CCCC3,False
BCHYGDBEGKZQHD-XSFVSMFZSA-N,1,5.88941,5.88941,,5.88941,5.88941,0.0,0.0,COc1ccc2nc3c(c(NCCCCCCCN(CC(=O)NCCc4c[nH]c5ccc(OC)cc45)C(=O)/C=C/c4ccc(O)c(OC)c4)c2c1)CCCC3,False
MFLCKOCRDJGDBD-CPNJWEJPSA-N,1,5.0,5.0,,5.0,5.0,0.0,0.0,COc1ccc2nc3c(c(NCCCCCCN(CC(=O)NCCc4c[nH]c5ccc(OC)cc45)C(=O)/C=C/c4ccc(O)c(OC)c4)c2c1)CCCC3,False
OCOGBPYFWRDLHI-RELWKKBWSA-N,1,7.35952,7.35952,,7.35952,7.35952,0.0,0.0,COc1ccc2[nH]cc(CCNC(=O)CN(CCCCCCCCNc3c4c(nc5ccccc35)CCCC4)C(=O)/C=C/c3ccc(O)c(OC)c3)c2c1,False
HYCPLKOVNZFNAS-UHFFFAOYSA-N,1,6.14267,6.14267,,6.14267,6.14267,0.0,0.0,O=C(NO)c1ccc(Nc2c3ccccc3nc3ccccc23)cc1,False
FNXJKKUKSKUSPD-UHFFFAOYSA-N,1,6.22185,6.22185,,6.22185,6.22185,0.0,0.0,O=C(NO)c1ccc(Nc2c3ccccc3nc3ccc(F)cc23)cc1,False
PESSDQDERPAVNH-UHFFFAOYSA-N,1,6.05552,6.05552,,6.05552,6.05552,0.0,0.0,O=C(NO)c1ccc(Nc2c3ccccc3nc3ccc(Br)cc23)cc1,False
DWYXNGVQEJZWQA-UHFFFAOYSA-N,1,5.43771,5.43771,,5.43771,5.43771,0.0,0.0,O=C(NO)c1ccc(Nc2c3ccccc3nc3ccc(OC(F)(F)F)cc23)cc1,False
QJZZSSBITISGGT-UHFFFAOYSA-N,1,5.5784,5.5784,,5.5784,5.5784,0.0,0.0,O=C(NO)c1ccc(Nc2c3ccccc3nc3ccc(OCc4ccccc4)cc23)cc1,False
RXYDUXPNMOBQTR-UHFFFAOYSA-N,1,6.19382,6.19382,,6.19382,6.19382,0.0,0.0,COc1cc2nc3ccccc3c(Nc3ccc(C(=O)NO)cc3)c2c(OC)c1OC,False
RLHSWYLCHQWPQD-UHFFFAOYSA-N,1,5.03386,5.03386,,5.03386,5.03386,0.0,0.0,COc1ccc2nc3cc(Cl)ccc3c(Nc3ccc(C(=O)NO)cc3)c2n1,False
CZOYPJGGAMPDBF-UHFFFAOYSA-N,1,5.70553,5.70553,,5.70553,5.70553,0.0,0.0,O=C(NO)c1ccc(Nc2c3c(nc4ccccc24)CCCC3)cc1,False
CRQRFXAGXWHWTJ-UHFFFAOYSA-N,1,6.08092,6.08092,,6.08092,6.08092,0.0,0.0,O=C(NO)c1ccc(Nc2ccnc3ccccc23)cc1,False
DZBUGLKDJFMEHC-UHFFFAOYSA-N,1,5.16494,5.16494,,5.16494,5.16494,0.0,0.0,c1ccc2nc3ccccc3cc2c1,False
KSEBMYQBYZTDHS-HWKANZROSA-N,1,4.0,4.0,,4.0,4.0,0.0,0.0,COc1cc(/C=C/C(=O)O)ccc1O,False
FQGOWPYBNKSIRG-SDNWHVSQSA-N,1,4.82974,4.82974,,4.82974,4.82974,0.0,0.0,CCN(C)C(=O)Oc1ccc(/C=C/C(=O)N2CCN(Cc3ccccc3)CC2)cc1,False
MWFZYRJWHFSLOE-JLHYYAGUSA-N,1,5.16749,5.16749,,5.16749,5.16749,0.0,0.0,CCN(C)C(=O)Oc1ccc(/C=C/C(=O)N2CCc3ccccc3C2)cc1,False
MNNPXTZWADKUJP-SDNWHVSQSA-N,1,4.56703,4.56703,,4.56703,4.56703,0.0,0.0,CCN(C)C(=O)Oc1ccc(/C=C/C(=O)N2CCC(Cc3ccccc3)CC2)cc1,False
HSCGFHIZLBSWKK-PKNBQFBNSA-N,1,4.88273,4.88273,,4.88273,4.88273,0.0,0.0,CCN(CC)C(=O)/C=C/c1ccc(OC(=O)N(C)C)c(OC)c1,False
KOURHYYDCUECQR-LSDHQDQOSA-N,1,4.55129,4.55129,,4.55129,4.55129,0.0,0.0,CCN(Cc1ccccc1)C(=O)/C=C/c1ccc(OC(=O)N(c2ccccc2)c2ccccc2)c(OC)c1,False
OONJTMHYAWPQHW-FYWRMAATSA-N,1,4.68403,4.68403,,4.68403,4.68403,0.0,0.0,CCN(C)C(=O)Oc1ccc(/C=C/C(=O)N(CC)Cc2ccccc2)cc1OC,False
FRTYPMGQTQZTSS-FBMGVBCBSA-N,1,4.56543,4.56543,,4.56543,4.56543,0.0,0.0,COc1cc(/C=C/C(=O)N2CCCCC2)ccc1OC(=O)N(c1ccccc1)c1ccccc1,False
RVHOEUHHAHFBJU-CSKARUKUSA-N,1,5.04096,5.04096,,5.04096,5.04096,0.0,0.0,COc1cc(/C=C/C(=O)N2CCCCC2)ccc1OC(=O)N(C)C,False
KIQCSORRMFIOHM-PKNBQFBNSA-N,1,4.97062,4.97062,,4.97062,4.97062,0.0,0.0,CCN(C)C(=O)Oc1ccc(/C=C/C(=O)N2CCCCC2)cc1OC,False
ICKSGIYUZRTUTJ-CZIZESTLSA-N,1,4.54212,4.54212,,4.54212,4.54212,0.0,0.0,COc1cc(/C=C/C(=O)N2CCN(Cc3ccccc3)CC2)ccc1OC(=O)N(c1ccccc1)c1ccccc1,False
YPFUXEHNZQELSW-ZRDIBKRKSA-N,1,4.62893,4.62893,,4.62893,4.62893,0.0,0.0,COc1cc(/C=C/C(=O)N2CCN(Cc3ccccc3)CC2)ccc1OC(=O)N(C)C,False
LUVGFBXWMIIQJF-WYMLVPIESA-N,1,4.77469,4.77469,,4.77469,4.77469,0.0,0.0,CCN(CC)C(=O)Oc1ccc(/C=C/C(=O)N2CCN(Cc3ccccc3)CC2)cc1OC,False
ZUJNWRAQDSOTQS-PKNBQFBNSA-N,1,4.91009,4.91009,,4.91009,4.91009,0.0,0.0,COc1cc(/C=C/C(=O)N2CCc3ccccc3C2)ccc1OC(=O)N(C)OC,False
AJGKMXXAHDHHEF-HTXNQAPBSA-N,1,4.5157,4.5157,,4.5157,4.5157,0.0,0.0,COc1cc(/C=C/C(=O)N2CCc3ccccc3C2)ccc1OC(=O)N(c1ccccc1)c1ccccc1,False
SCZIJKUJAHPGAK-PKNBQFBNSA-N,1,4.74715,4.74715,,4.74715,4.74715,0.0,0.0,COc1cc(/C=C/C(=O)N2CCc3ccccc3C2)ccc1OC(=O)N(C)C,False
LFDKTRKHMGXBPS-ZRDIBKRKSA-N,1,4.97469,4.97469,,4.97469,4.97469,0.0,0.0,CCN(C)C(=O)Oc1ccc(/C=C/C(=O)N2CCc3ccccc3C2)cc1OC,False
XINGJGMSNDJSNH-ACCUITESSA-N,1,4.8041,4.8041,,4.8041,4.8041,0.0,0.0,CCN(CC)C(=O)Oc1ccc(/C=C/C(=O)N2CCc3ccccc3C2)cc1OC,False
GKLOQGGYHKLMHI-CZIZESTLSA-N,1,4.49349,4.49349,,4.49349,4.49349,0.0,0.0,COc1cc(/C=C/C(=O)N2CCC(Cc3ccccc3)CC2)ccc1OC(=O)N(c1ccccc1)c1ccccc1,False
DGIUFKOTVNGVKP-ZRDIBKRKSA-N,1,4.77989,4.77989,,4.77989,4.77989,0.0,0.0,COc1cc(/C=C/C(=O)N2CCC(Cc3ccccc3)CC2)ccc1OC(=O)N(C)C,False
IWQVOBYFNTVEOD-ACCUITESSA-N,1,4.76195,4.76195,,4.76195,4.76195,0.0,0.0,CCN(C)C(=O)Oc1ccc(/C=C/C(=O)N2CCC(Cc3ccccc3)CC2)cc1OC,False
DOKSDSNRXIBXCC-WYMLVPIESA-N,1,4.70553,4.70553,,4.70553,4.70553,0.0,0.0,CCN(CC)C(=O)Oc1ccc(/C=C/C(=O)N2CCC(Cc3ccccc3)CC2)cc1OC,False
LQLBWZJHRARWDB-UHFFFAOYSA-N,1,6.50864,6.50864,,6.50864,6.50864,0.0,0.0,NC(=O)c1sc(-c2ccnc(NC(=O)C3CC3)c2)nc1OCCCC1CCN(Cc2ccc(F)cc2)CC1,False
IWBHCAPYMPYPRE-UHFFFAOYSA-N,1,5.52288,5.52288,,5.52288,5.52288,0.0,0.0,NC(=O)c1sc(-c2ccnc(NC(=O)C3CC3)c2)nc1OCCCC1CCN(Cc2cccc(F)c2)CC1,False
YFLQQJOCKLGZJZ-UHFFFAOYSA-N,1,5.87943,5.87943,,5.87943,5.87943,0.0,0.0,NC(=O)c1sc(-c2ccnc(NC(=O)C3CC3)c2)nc1OCCCC1CCN(Cc2ccccc2F)CC1,False
ZUWQNIVETLIDSE-UHFFFAOYSA-N,1,6.42022,6.42022,,6.42022,6.42022,0.0,0.0,NC(=O)c1sc(-c2ccnc(NC(=O)C3CC3)c2)nc1OCCCC1CCN(Cc2ccccc2)CC1,False
DBLMNZBAOCBKEM-UHFFFAOYSA-N,1,4.36856,4.36856,,4.36856,4.36856,0.0,0.0,NC(=O)c1sc(-c2ccnc(NC(=O)C3CC3)c2)nc1OCCC1CCN(Cc2ccc(F)c(F)c2)CC1,False
YZWHKDPJXRQPRD-UHFFFAOYSA-N,1,4.70997,4.70997,,4.70997,4.70997,0.0,0.0,NC(=O)c1sc(-c2ccnc(NC(=O)C3CC3)c2)nc1OCCC1CCN(Cc2c(F)cccc2F)CC1,False
KSSGNEFSJBPCDX-UHFFFAOYSA-N,1,5.34679,5.34679,,5.34679,5.34679,0.0,0.0,NC(=O)c1sc(-c2ccnc(NC(=O)C3CC3)c2)nc1OCCC1CCN(Cc2ccc(F)cc2)CC1,False
MBGOHKNDGDEIAS-UHFFFAOYSA-N,1,5.3279,5.3279,,5.3279,5.3279,0.0,0.0,NC(=O)c1sc(-c2ccnc(NC(=O)C3CC3)c2)nc1OCCC1CCN(Cc2cccc(F)c2)CC1,False
ULSOYUGFFFZGBY-UHFFFAOYSA-N,1,5.4318,5.4318,,5.4318,5.4318,0.0,0.0,NC(=O)c1sc(-c2ccnc(NC(=O)C3CC3)c2)nc1OCCC1CCN(Cc2ccccc2Cl)CC1,False
NPKLPPFDSUXDBQ-UHFFFAOYSA-N,1,5.18046,5.18046,,5.18046,5.18046,0.0,0.0,NC(=O)c1sc(-c2ccnc(NC(=O)C3CC3)c2)nc1OCCC1CCN(Cc2ccccn2)CC1,False
GTDYZHRXBKZMOG-UHFFFAOYSA-N,1,5.10791,5.10791,,5.10791,5.10791,0.0,0.0,NC(=O)c1sc(-c2ccnc(NC(=O)C3CC3)c2)nc1OCCC1CCN(Cc2ccccc2F)CC1,False
YWWSWOHOMIZEMH-UHFFFAOYSA-N,1,6.13668,6.13668,,6.13668,6.13668,0.0,0.0,NC(=O)c1sc(-c2ccnc(NC(=O)C3CC3)c2)nc1OCCC1CCN(Cc2ccccc2)CC1,False
WCUGNCQJDCCMLE-UHFFFAOYSA-N,1,5.82391,5.82391,,5.82391,5.82391,0.0,0.0,NC(=O)c1sc(-c2ccnc(NC(=O)C3CC3)c2)nc1OCC1CCN(Cc2ccccc2)CC1,False
SGPWCCRYWGDWPY-UHFFFAOYSA-N,1,5.22185,5.22185,,5.22185,5.22185,0.0,0.0,CNC(=O)c1sc(-c2ccnc(NC(=O)C3CC3)c2)nc1OCC1CCN(Cc2cccc([N+](=O)[O-])c2)CC1,False
BISZQUZMYIHDHR-UHFFFAOYSA-N,1,4.08619,4.08619,,4.08619,4.08619,0.0,0.0,CNC(=O)c1sc(-c2ccnc(NC(=O)C3CC3)c2)nc1OCC1CCN(Cc2ccc(Cl)cc2)CC1,False
IRJNAPGINGOASF-UHFFFAOYSA-N,1,4.01323,4.01323,,4.01323,4.01323,0.0,0.0,CNC(=O)c1sc(-c2ccnc(NC(=O)C3CC3)c2)nc1OCC1CCN(Cc2ccc(Cl)c(Cl)c2)CC1,False
CEYMGNZXLVKIMZ-UHFFFAOYSA-N,1,4.09691,4.09691,,4.09691,4.09691,0.0,0.0,CNC(=O)c1sc(-c2ccnc(NC(=O)C3CC3)c2)nc1OCC1CCN(Cc2ccc(F)c(F)c2)CC1,False
BDUXOMBAFKYZLK-UHFFFAOYSA-N,1,5.04576,5.04576,,5.04576,5.04576,0.0,0.0,CNC(=O)c1sc(-c2ccnc(NC(=O)C3CC3)c2)nc1OCC1CCN(Cc2ccccc2F)CC1,False
OCIHMTSJSNPXID-UHFFFAOYSA-N,1,5.09691,5.09691,,5.09691,5.09691,0.0,0.0,CNC(=O)c1sc(-c2ccnc(NC(=O)C3CC3)c2)nc1OCC1CCN(Cc2ccccc2)CC1,False
PRPWHGXEZKOGPD-UHFFFAOYSA-N,1,4.13668,4.13668,,4.13668,4.13668,0.0,0.0,CNC(=O)c1sc(-c2ccnc(NC(=O)C3CC3)c2)nc1OC1CCN(Cc2ccccc2)CC1,False
AQUGDAJVVDHBAZ-UHFFFAOYSA-N,1,5.69,5.69,,5.69,5.69,0.0,0.0,c1ccc(-c2nnc(Nc3ncccn3)o2)cc1,False
MXQBNZYCTHSRBT-UHFFFAOYSA-N,1,5.79,5.79,,5.79,5.79,0.0,0.0,Cc1ccc(-c2nnc(Nc3ncccn3)o2)cc1,False
XYRNALHTDPFFOH-UHFFFAOYSA-N,1,5.81,5.81,,5.81,5.81,0.0,0.0,COc1ccc(-c2nnc(Nc3ncccn3)o2)cc1,False
IATWWELQJAHECW-UHFFFAOYSA-N,1,5.72,5.72,,5.72,5.72,0.0,0.0,COc1ccc(-c2nnc(Nc3ncccn3)o2)cc1OC,False
LRPPEZVKFXBNIC-UHFFFAOYSA-N,1,5.91,5.91,,5.91,5.91,0.0,0.0,COc1cc(-c2nnc(Nc3ncccn3)o2)cc(OC)c1OC,False
HECIYRGCNLFBSR-UHFFFAOYSA-N,1,5.76,5.76,,5.76,5.76,0.0,0.0,Oc1ccc(-c2nnc(Nc3ncccn3)o2)cc1,False
AORVXTUMDVYUOK-UHFFFAOYSA-N,1,5.3,5.3,,5.3,5.3,0.0,0.0,Oc1ccccc1-c1nnc(Nc2ncccn2)o1,False
XWDVGVZCDUPRMY-UHFFFAOYSA-N,1,6.51999,6.51999,,6.51999,6.51999,0.0,0.0,c1cnc(Nc2nnc(-c3cccc4ccccc34)o2)nc1,False
XIIITDFMPLDPLP-UHFFFAOYSA-N,1,5.62,5.62,,5.62,5.62,0.0,0.0,Fc1ccc(-c2nnc(Nc3ncccn3)o2)cc1,False
YAMIRMVSSOIZND-UHFFFAOYSA-N,1,5.54,5.54,,5.54,5.54,0.0,0.0,Clc1ccc(-c2nnc(Nc3ncccn3)o2)cc1,False
IATVOXGIWOTVLC-UHFFFAOYSA-N,1,5.43,5.43,,5.43,5.43,0.0,0.0,Brc1ccc(-c2nnc(Nc3ncccn3)o2)cc1,False
KSKNQTZZBVZTRJ-UHFFFAOYSA-N,1,5.48,5.48,,5.48,5.48,0.0,0.0,Brc1cccc(-c2nnc(Nc3ncccn3)o2)c1,False
GCTGYRFOUVGLDM-UHFFFAOYSA-N,1,5.3,5.3,,5.3,5.3,0.0,0.0,Clc1ccccc1-c1nnc(Nc2ncccn2)o1,False
IEIIGQASPGBQAK-UHFFFAOYSA-N,1,5.3,5.3,,5.3,5.3,0.0,0.0,O=[N+]([O-])c1ccc(-c2nnc(Nc3ncccn3)o2)cc1,False
ABHQPKFAWBLZQM-UHFFFAOYSA-N,1,5.47,5.47,,5.47,5.47,0.0,0.0,O=[N+]([O-])c1ccccc1-c1nnc(Nc2ncccn2)o1,False
ZLKPJIXUEUCDST-UYRXBGFRSA-N,1,5.385,5.385,,5.385,5.385,0.0,0.0,C(=N/C1CCN(Cc2ccccc2)C1)/c1ccccc1,False
IPRATKIQYZCEHU-BKUYFWCQSA-N,1,5.0,5.0,,5.0,5.0,0.0,0.0,COc1cccc(/C=N\C2CCN(Cc3ccccc3)C2)c1OC,False
SKKBAZVFTGGGGC-XKZIYDEJSA-N,1,5.1083,5.1083,,5.1083,5.1083,0.0,0.0,COc1cc(/C=N\C2CCN(Cc3ccccc3)C2)cc(OC)c1OC,False
PZHPKJUFRLHDEU-UNOMPAQXSA-N,1,5.24965,5.24965,,5.24965,5.24965,0.0,0.0,Oc1ccc(/C=N\C2CCN(Cc3ccccc3)C2)cc1,False
ZKSWOPXEHZPXIM-UNOMPAQXSA-N,1,5.0,5.0,,5.0,5.0,0.0,0.0,Oc1ccccc1/C=N\C1CCN(Cc2ccccc2)C1,False
IZAYEKLSRQREBG-ODLFYWEKSA-N,1,5.43427,5.43427,,5.43427,5.43427,0.0,0.0,Oc1ccc(/C=N\C2CCN(Cc3ccccc3)C2)c(O)c1,False
KQYCJYRXJNDDRY-MOSHPQCFSA-N,1,5.0,5.0,,5.0,5.0,0.0,0.0,Cc1cccc(/C=N\C2CCN(Cc3ccccc3)C2)c1,False
SYTFXTBQPNDATE-MOSHPQCFSA-N,1,5.0,5.0,,5.0,5.0,0.0,0.0,Cc1ccc(/C=N\C2CCN(Cc3ccccc3)C2)cc1,False
PAQULTPIKMYIGM-UNOMPAQXSA-N,1,5.60889,5.60889,,5.60889,5.60889,0.0,0.0,O=[N+]([O-])c1ccc(/C=N\C2CCN(Cc3ccccc3)C2)cc1,False
TWJVTBLXKNKWSB-FMCGGJTJSA-N,1,5.98338,5.98338,,5.98338,5.98338,0.0,0.0,FC(F)(F)c1ccc(/C=N\C2CCN(Cc3ccccc3)C2)cc1,False
JSWKVMGDOWLBIK-FMCGGJTJSA-N,1,6.06349,6.06349,,6.06349,6.06349,0.0,0.0,FC(F)(F)Oc1ccc(/C=N\C2CCN(Cc3ccccc3)C2)cc1,False
WTWYZVLQGXCINR-NDENLUEZSA-N,1,5.90623,5.90623,,5.90623,5.90623,0.0,0.0,Clc1ccc(/C=N\C2CCN(Cc3ccccc3)C2)cc1,False
DEGSUXMFHIVOEM-NDENLUEZSA-N,1,5.97224,5.97224,,5.97224,5.97224,0.0,0.0,Fc1ccc(/C=N\C2CCN(Cc3ccccc3)C2)cc1,False
UFQXXDQICIOZAL-NDENLUEZSA-N,1,5.88506,5.88506,,5.88506,5.88506,0.0,0.0,Brc1ccc(/C=N\C2CCN(Cc3ccccc3)C2)cc1,False
QJPWWFHANHHHDO-NHDPSOOVSA-N,1,6.01547,6.01547,,6.01547,6.01547,0.0,0.0,Fc1ccc(/C=N\C2CCN(Cc3ccccc3)C2)c(F)c1,False
BHEXKVGLZMEJRQ-UHFFFAOYSA-N,1,5.94846,5.94846,,5.94846,5.94846,0.0,0.0,c1ccc(CNC2CCN(Cc3ccccc3)C2)cc1,False
FUJGEURJBFJMHI-UHFFFAOYSA-N,1,5.35823,5.35823,,5.35823,5.35823,0.0,0.0,COc1cccc(CNC2CCN(Cc3ccccc3)C2)c1OC,False
SYXPKAXGFWBJTP-UHFFFAOYSA-N,1,5.50515,5.50515,,5.50515,5.50515,0.0,0.0,COc1cc(CNC2CCN(Cc3ccccc3)C2)cc(OC)c1OC,False
AGDPSYPPGBDUIX-UHFFFAOYSA-N,1,5.75746,5.75746,,5.75746,5.75746,0.0,0.0,Oc1ccc(CNC2CCN(Cc3ccccc3)C2)cc1,False
GMSWYGVWFRVORO-UHFFFAOYSA-N,1,5.64628,5.64628,,5.64628,5.64628,0.0,0.0,Oc1ccccc1CNC1CCN(Cc2ccccc2)C1,False
NCCVVESLAYPODT-UHFFFAOYSA-N,1,5.81759,5.81759,,5.81759,5.81759,0.0,0.0,Oc1ccc(CNC2CCN(Cc3ccccc3)C2)c(O)c1,False
NZIRKSXWIPMIEW-UHFFFAOYSA-N,1,5.0,5.0,,5.0,5.0,0.0,0.0,Cc1cccc(CNC2CCN(Cc3ccccc3)C2)c1,False
KAVGFUSYIFGSSP-UHFFFAOYSA-N,1,5.19436,5.19436,,5.19436,5.19436,0.0,0.0,Cc1ccc(CNC2CCN(Cc3ccccc3)C2)cc1,False
AQMYHUHZQYKIDD-UHFFFAOYSA-N,1,6.13018,6.13018,,6.13018,6.13018,0.0,0.0,O=[N+]([O-])c1ccc(CNC2CCN(Cc3ccccc3)C2)cc1,False
HHNLYSCYFKASFN-UHFFFAOYSA-N,1,6.89279,6.89279,,6.89279,6.89279,0.0,0.0,FC(F)(F)c1ccc(CNC2CCN(Cc3ccccc3)C2)cc1,False
RLLGGQDQUFVCQL-UHFFFAOYSA-N,1,7.23657,7.23657,,7.23657,7.23657,0.0,0.0,FC(F)(F)Oc1ccc(CNC2CCN(Cc3ccccc3)C2)cc1,False
CMDAIEIUZXBLAW-UHFFFAOYSA-N,1,6.74958,6.74958,,6.74958,6.74958,0.0,0.0,Clc1ccc(CNC2CCN(Cc3ccccc3)C2)cc1,False
IQOXJBXAAJLNTO-UHFFFAOYSA-N,1,6.82681,6.82681,,6.82681,6.82681,0.0,0.0,Fc1ccc(CNC2CCN(Cc3ccccc3)C2)cc1,False
KAXBOKVMLFLTDR-UHFFFAOYSA-N,1,6.87615,6.87615,,6.87615,6.87615,0.0,0.0,Brc1ccc(CNC2CCN(Cc3ccccc3)C2)cc1,False
GZGCQOBTRUVMOI-UHFFFAOYSA-N,1,7.16115,7.16115,,7.16115,7.16115,0.0,0.0,Fc1ccc(CNC2CCN(Cc3ccccc3)C2)c(F)c1,False
VFERHOUHYWLGSW-YYDJUVGSSA-N,1,6.8146,6.8146,,6.8146,6.8146,0.0,0.0,O=C(CCCCCN1CCC2c3ccccc3NC2C1)Nc1ccc(/C=C2\CCn3c2nc2ccccc2c3=O)cc1,False
URKUVOOMGFZKSL-DARPEHSRSA-N,1,7.00745,7.00745,,7.00745,7.00745,0.0,0.0,O=C(CCCCN1CCC2c3ccccc3NC2C1)Nc1ccc(/C=C2\CCn3c2nc2ccccc2c3=O)cc1,False
ARMJZDJUAIIGAI-ZBJSNUHESA-N,1,8.011,8.011,,8.011,8.011,0.0,0.0,O=C(CCN1CCC2c3ccccc3NC2C1)Nc1ccc(/C=C2\CCn3c2nc2ccccc2c3=O)cc1,False
YGDFHMALLNHJGR-YYDJUVGSSA-N,1,7.96981,7.96981,,7.96981,7.96981,0.0,0.0,O=C(CCCCCN1CCC2c3ccccc3NC2C1)Oc1ccc(/C=C2\CCn3c2nc2ccccc2c3=O)cc1,False
ZDDBXKYJPCPAEW-DARPEHSRSA-N,1,8.96658,8.96658,,8.96658,8.96658,0.0,0.0,O=C(CCCCN1CCC2c3ccccc3NC2C1)Oc1ccc(/C=C2\CCn3c2nc2ccccc2c3=O)cc1,False
JJZULEDSKWBYDC-BSYVCWPDSA-N,1,7.78146,7.78146,,7.78146,7.78146,0.0,0.0,O=C(CCCN1CCC2c3ccccc3NC2C1)Oc1ccc(/C=C2\CCn3c2nc2ccccc2c3=O)cc1,False
NKGAOXISUWKUFF-ZBJSNUHESA-N,1,9.03152,9.03152,,9.03152,9.03152,0.0,0.0,O=C(CCN1CCC2c3ccccc3NC2C1)Oc1ccc(/C=C2\CCn3c2nc2ccccc2c3=O)cc1,False
GOMMQUCIBUSEBS-HEHNFIMWSA-N,1,6.66486,6.66486,,6.66486,6.66486,0.0,0.0,O=C(CN1CCC2c3ccccc3NC2C1)Oc1ccc(/C=C2\CCn3c2nc2ccccc2c3=O)cc1,False
VVTZCIBPJIURIN-QHCPKHFHSA-N,1,5.45593,5.45593,,5.45593,5.45593,0.0,0.0,CS[C@@H](Cn1nnc2cc(C#Cc3ccc(CN4CCOCC4)cc3)ccc21)N(O)C=O,False
BLRFUTZJCGCZOH-QFIPXVFZSA-N,1,4.82391,4.82391,,4.82391,4.82391,0.0,0.0,CS[C@@H](Cn1nnc2cc(C#Cc3ccc(-n4ccnc4CO)cc3)ccc21)N(O)C=O,False
BLIJBJNMEKAQGD-QFIPXVFZSA-N,1,4.49485,4.49485,,4.49485,4.49485,0.0,0.0,CS[C@@H](Cn1nnc2cc(C#Cc3ccc(N4CC5(COC5)C4)cc3)ccc21)N(O)C=O,False
BFXMBTWRXNDOAU-QFIPXVFZSA-N,1,4.0,4.0,,4.0,4.0,0.0,0.0,CS[C@@H](Cn1nnc2cc(C#Cc3ccc(N4CC5(C4)C[S+]([O-])C5)cc3)ccc21)N(O)C=O,False
HOWGEUFURVGLOQ-FKBYEOEOSA-N,1,4.65758,4.65758,,4.65758,4.65758,0.0,0.0,CS[C@@H](Cn1nnc2cc(C#Cc3ccc(N4C[C@H](O)[C@@H](O)C4)cc3)ccc21)N(O)C=O,False
HVXLNJOMSHCFDF-UHFFFAOYSA-N,2,5.13493,5.13493,0.046046793590868176,5.10237,5.16749,0.032560000000000144,0.06512000000000029,CCN(C)C(=O)Oc1ccc(-c2cc(=O)c3c(O)cc(OC(=O)N(C)CC)cc3o2)cc1,False
MAYVYUJUNJKXFY-UHFFFAOYSA-N,1,4.9914,4.9914,,4.9914,4.9914,0.0,0.0,CON(C)C(=O)Oc1ccc(-c2cc(=O)c3c(O)cc(OC(=O)N(C)OC)cc3o2)cc1,False
MBGXXUPMENAELF-UHFFFAOYSA-N,2,4.97315,4.97315,0.08918030724324723,4.91009,5.03621,0.06305999999999967,0.12611999999999934,CCN(C)C(=O)Oc1ccc(-c2cc(=O)c3c(OC(=O)N(C)CC)cc(OC(=O)N(C)CC)cc3o2)cc1,False
BFOHLCXWDVQYDH-UHFFFAOYSA-N,1,4.8962,4.8962,,4.8962,4.8962,0.0,0.0,CON(C)C(=O)Oc1ccc(-c2cc(=O)c3c(OC(=O)N(C)OC)cc(OC(=O)N(C)OC)cc3o2)cc1,False
GHGNTVMFYBGHCD-UHFFFAOYSA-N,1,5.30103,5.30103,,5.30103,5.30103,0.0,0.0,COc1ccc2cc3[n+](cc2c1OCc1ccccc1)CCc1cc2c(cc1-3)OCO2,False
CLIQDANMNASFQG-UHFFFAOYSA-N,1,5.13668,5.13668,,5.13668,5.13668,0.0,0.0,COc1ccc2cc3[n+](cc2c1OCc1cccc(C)c1)CCc1cc2c(cc1-3)OCO2,False
PIIDRDTXOSKYMH-UHFFFAOYSA-N,1,4.98297,4.98297,,4.98297,4.98297,0.0,0.0,COc1ccc2cc3[n+](cc2c1OCc1ccccc1C)CCc1cc2c(cc1-3)OCO2,False
XLENQMCHWBYMNV-UHFFFAOYSA-N,1,4.12033,4.12033,,4.12033,4.12033,0.0,0.0,COc1ccc2cc3[n+](cc2c1OCc1ccc(C)cc1)CCc1cc2c(cc1-3)OCO2,False
RQOFJLSQOIAJOK-UHFFFAOYSA-N,1,5.37675,5.37675,,5.37675,5.37675,0.0,0.0,COc1ccc2cc3[n+](cc2c1OCc1ccc(C(C)C)cc1)CCc1cc2c(cc1-3)OCO2,False
XLGKBJKHBLDFNJ-UHFFFAOYSA-N,1,5.60206,5.60206,,5.60206,5.60206,0.0,0.0,COc1ccc2cc3[n+](cc2c1OCc1cc(C)cc(C)c1)CCc1cc2c(cc1-3)OCO2,False
KEOLOUZSLOEJHF-UHFFFAOYSA-N,1,5.48149,5.48149,,5.48149,5.48149,0.0,0.0,COc1ccc2cc3[n+](cc2c1OCc1ccc(Br)cc1)CCc1cc2c(cc1-3)OCO2,False
QZPSMYUZXFIHBQ-UHFFFAOYSA-N,1,5.56864,5.56864,,5.56864,5.56864,0.0,0.0,COc1ccc2cc3[n+](cc2c1OCc1cccc(Br)c1)CCc1cc2c(cc1-3)OCO2,False
WYAFBHCEHCPITE-UHFFFAOYSA-N,1,5.76955,5.76955,,5.76955,5.76955,0.0,0.0,COc1ccc2cc3[n+](cc2c1OCc1ccccc1Br)CCc1cc2c(cc1-3)OCO2,False
FLPVNABKUUURNM-UHFFFAOYSA-N,1,6.00436,6.00436,,6.00436,6.00436,0.0,0.0,COc1ccc2cc3[n+](cc2c1OCc1ccc([N+](=O)[O-])cc1)CCc1cc2c(cc1-3)OCO2,False
RLMPEWYPEXSDLV-UHFFFAOYSA-N,1,5.58503,5.58503,,5.58503,5.58503,0.0,0.0,COc1ccc2cc3[n+](cc2c1OCc1ccc(SC)cc1)CCc1cc2c(cc1-3)OCO2,False
QEACKGYEVKFPKO-UHFFFAOYSA-N,1,5.83863,5.83863,,5.83863,5.83863,0.0,0.0,COc1ccc2cc3[n+](cc2c1OCc1cccc([N+](=O)[O-])c1)CCc1cc2c(cc1-3)OCO2,False
QEDWUKAMQXUYNI-UHFFFAOYSA-N,1,5.72125,5.72125,,5.72125,5.72125,0.0,0.0,COc1ccc2cc3[n+](cc2c1OCc1cccc(Cl)c1)CCc1cc2c(cc1-3)OCO2,False
VRPAOBPDQZGZET-UHFFFAOYSA-N,1,5.60206,5.60206,,5.60206,5.60206,0.0,0.0,COc1ccc2cc3[n+](cc2c1OCc1ccc(Cl)cc1)CCc1cc2c(cc1-3)OCO2,False
OUWGJNPXNMQMMF-UHFFFAOYSA-N,1,5.91364,5.91364,,5.91364,5.91364,0.0,0.0,COc1ccc2cc3[n+](cc2c1OCc1ccc(Cl)c(Cl)c1)CCc1cc2c(cc1-3)OCO2,False
CLOMQWFIANXPLL-UHFFFAOYSA-N,1,5.58503,5.58503,,5.58503,5.58503,0.0,0.0,COC(=O)c1ccc(COc2c(OC)ccc3cc4[n+](cc23)CCc2cc3c(cc2-4)OCO3)cc1,False
HSRRXPTXNWLPHR-UHFFFAOYSA-N,1,5.76955,5.76955,,5.76955,5.76955,0.0,0.0,COc1ccc2cc3[n+](cc2c1OCc1ccc(C#N)cc1)CCc1cc2c(cc1-3)OCO2,False
MBNODMHHMMYUBP-UHFFFAOYSA-N,1,5.45593,5.45593,,5.45593,5.45593,0.0,0.0,COc1cccc(COc2c(OC)ccc3cc4[n+](cc23)CCc2cc3c(cc2-4)OCO3)c1,False
IRUIAPYBTRKITC-UHFFFAOYSA-N,1,5.88606,5.88606,,5.88606,5.88606,0.0,0.0,COc1ccc2cc3[n+](cc2c1OCc1ccc(C(F)(F)F)cc1)CCc1cc2c(cc1-3)OCO2,False
ZEJGJFKQOJDBHC-UHFFFAOYSA-N,1,5.27572,5.27572,,5.27572,5.27572,0.0,0.0,COc1ccc(COc2c(OC)ccc3cc4[n+](cc23)CCc2cc3c(cc2-4)OCO3)cc1,False
VCOKOIFTYIMJJA-UHFFFAOYSA-N,1,5.82391,5.82391,,5.82391,5.82391,0.0,0.0,COc1ccc2cc3[n+](cc2c1OCc1ccc2ccccc2c1)CCc1cc2c(cc1-3)OCO2,False
OWIJQTKCJXOUNO-UHFFFAOYSA-N,1,6.10237,6.10237,,6.10237,6.10237,0.0,0.0,COc1ccc2cc3[n+](cc2c1OC(C)c1ccccc1)CCc1cc2c(cc1-3)OCO2,False
KNIPHGXUVWAHCN-UHFFFAOYSA-N,1,6.40671,6.40671,,6.40671,6.40671,0.0,0.0,O=c1c2ccccc2oc2ccc(OCCCCCN3CCCCCC3)cc12,False
JREXJAZIYYZNSO-UHFFFAOYSA-N,1,6.92082,6.92082,,6.92082,6.92082,0.0,0.0,O=c1c2cc(Cl)ccc2oc2ccc(OCCCCCN3CCCCCC3)cc12,False
HXSAUIIDIMVOET-NDEPHWFRSA-N,1,4.59517,4.59517,,4.59517,4.59517,0.0,0.0,CCCCN[C@@H](Cc1c[nH]c2ccccc12)C(=O)NCCC1CCN(Cc2ccccc2)CC1,False
GZBQVFPQSQFJCG-PEFOLFAWSA-N,1,4.79588,4.79588,,4.79588,4.79588,0.0,0.0,CCCCN[C@@H](Cc1c[nH]c2ccccc12)C(=O)NCCC1CCCN(Cc2ccccc2)CC1,False
MFGSBTSKIFVDPU-NDEPHWFRSA-N,1,4.52724,4.52724,,4.52724,4.52724,0.0,0.0,CCCCN[C@@H](Cc1c[nH]c2ccccc12)C(=O)NCCC1CCN(CC2CCN(C)CC2)CC1,False
AIIWJMPOAUNFLG-UHFFFAOYSA-N,1,6.76955,6.76955,,6.76955,6.76955,0.0,0.0,COc1ccc2cc(C(=O)NCCC3CCN(Cc4ccccc4)CC3)ccc2c1,False
NQJDLURKQPSDCR-UHFFFAOYSA-N,1,6.0,6.0,,6.0,6.0,0.0,0.0,CNC(=O)c1sc(-c2ccnc(NC(=O)C3CC3)c2)nc1OCCOCc1cn(-c2c3c(nc4ccccc24)CCCC3)nn1,False
GYRWNPFZHGOCEC-UHFFFAOYSA-N,1,6.0,6.0,,6.0,6.0,0.0,0.0,CNC(=O)c1sc(-c2ccnc(NC(=O)C3CC3)c2)nc1OCCc1cn(-c2c3c(nc4ccccc24)CCCC3)nn1,False
ZLMGZYYGAKQJDG-UHFFFAOYSA-N,1,6.0,6.0,,6.0,6.0,0.0,0.0,NC(=O)c1sc(-c2ccnc(NC(=O)C3CC3)c2)nc1OCCc1cn(-c2c3c(nc4ccccc24)CCCC3)nn1,False
YMBIMUZYHSNFFG-UHFFFAOYSA-N,1,7.41229,7.41229,,7.41229,7.41229,0.0,0.0,CNC(=O)c1sc(-c2ccnc(NC(=O)C3CC3)c2)nc1OCCc1cn(CCNc2c3c(nc4cc(Cl)ccc24)CCCC3)nn1,False
RHAOFYGYWYBRSI-UHFFFAOYSA-N,1,6.57025,6.57025,,6.57025,6.57025,0.0,0.0,CNC(=O)c1sc(-c2ccnc(NC(=O)C3CC3)c2)nc1OCCc1cn(CCNc2c3c(nc4ccccc24)CCCC3)nn1,False
ALRPJVIDEJKLDX-UHFFFAOYSA-N,1,6.77469,6.77469,,6.77469,6.77469,0.0,0.0,CNC(=O)c1sc(-c2ccnc(NC(=O)C3CC3)c2)nc1OCCCc1cn(CCNc2c3c(nc4ccccc24)CCCC3)nn1,False
PZSHIDRCFNBVAW-UHFFFAOYSA-N,1,6.0,6.0,,6.0,6.0,0.0,0.0,CNC(=O)c1sc(-c2ccnc(NC(=O)C3CC3)c2)nc1OCCc1cn(CCNc2c3c(nc4ccc(OC)cc24)CCCC3)nn1,False
VEPADBWHHYYHHW-UHFFFAOYSA-N,1,6.0,6.0,,6.0,6.0,0.0,0.0,CNC(=O)c1sc(-c2ccnc(NC(=O)C3CC3)c2)nc1OCCCc1cn(CCNc2c3c(nc4ccc(OC)cc24)CCCC3)nn1,False
LBZYUTMWCPFGPD-UHFFFAOYSA-N,1,7.91721,7.91721,,7.91721,7.91721,0.0,0.0,CNC(=O)c1sc(-c2ccnc(NC(=O)C3CC3)c2)nc1OCCOCc1cn(CCNc2c3c(nc4cc(Cl)ccc24)CCCC3)nn1,False
CLNWLUWTLQVFCS-UHFFFAOYSA-N,1,7.34969,7.34969,,7.34969,7.34969,0.0,0.0,CNC(=O)c1sc(-c2ccnc(NC(=O)C3CC3)c2)nc1OCCOCc1cn(CCNc2c3c(nc4ccccc24)CCCC3)nn1,False
LKEOOWHDPSGWCX-UHFFFAOYSA-N,1,6.0,6.0,,6.0,6.0,0.0,0.0,CNC(=O)c1sc(-c2ccnc(NC(=O)C3CC3)c2)nc1OCCOCc1cn(CCNc2c3c(nc4ccc(OC)cc24)CCCC3)nn1,False
CYADPSMQNARVII-UHFFFAOYSA-N,1,6.0,6.0,,6.0,6.0,0.0,0.0,COc1nc(-c2ccnc(NC(=O)C3CC3)c2)sc1C(N)=O,False
VVVCUWUORGMTNG-UHFFFAOYSA-N,1,6.5064,6.5064,,6.5064,6.5064,0.0,0.0,O=C(NCCCNc1c2c(nc3ccccc13)CCCC2)c1sc(-c2ccnc(NC(=O)C3CC3)c2)nc1OCC1CC1,False
HZTZFAQVGYSTHZ-UHFFFAOYSA-N,1,6.52988,6.52988,,6.52988,6.52988,0.0,0.0,O=C(NCCCNc1c2c(nc3ccccc13)CCCC2)c1sc(-c2ccnc(NC(=O)C3CCC3)c2)nc1OCC1CC1,False
VMJFCOMMBQFXOH-UHFFFAOYSA-N,1,6.40494,6.40494,,6.40494,6.40494,0.0,0.0,CC(=O)Nc1cc(-c2nc(OCC3CC3)c(C(=O)NCCCNc3c4c(nc5ccccc35)CCCC4)s2)ccn1,False
MYLYCZDLVLCRLU-UHFFFAOYSA-N,1,8.92082,8.92082,,8.92082,8.92082,0.0,0.0,CNC(=O)c1sc(-c2ccnc(NC(=O)CNCCNc3c4c(nc5ccccc35)CCCC4)c2)nc1OCC1CC1,False
WFLNSPBNQAGFFF-UHFFFAOYSA-N,1,7.39254,7.39254,,7.39254,7.39254,0.0,0.0,CNC(=O)c1sc(-c2ccnc(NC(=O)CNCCNc3c4c(nc5cc(Cl)ccc35)CCCC4)c2)nc1OCC1CC1,False
FPBXMXPANNHQSO-UHFFFAOYSA-N,1,7.51286,7.51286,,7.51286,7.51286,0.0,0.0,CNC(=O)c1sc(-c2ccnc(NC(=O)CNCCNc3c4c(nc5ccc(OC)cc35)CCCC4)c2)nc1OCC1CC1,False
STHYVJPMYDZLQB-UHFFFAOYSA-N,1,7.34486,7.34486,,7.34486,7.34486,0.0,0.0,CCNC(=O)c1sc(-c2ccnc(NC(=O)CNCCNc3c4c(nc5ccccc35)CCCC4)c2)nc1OCC1CC1,False
YPWPKJLJKMSERN-UHFFFAOYSA-N,1,8.3098,8.3098,,8.3098,8.3098,0.0,0.0,CCCNC(=O)c1sc(-c2ccnc(NC(=O)CNCCNc3c4c(nc5ccccc35)CCCC4)c2)nc1OCC1CC1,False
FOAOMODSQTYPSH-UHFFFAOYSA-N,1,9.09691,9.09691,,9.09691,9.09691,0.0,0.0,NC(=O)c1sc(-c2ccnc(NC(=O)CNCCNc3c4c(nc5ccccc35)CCCC4)c2)nc1OCC1CC1,False
RTZCOIZFSLQMHI-UHFFFAOYSA-N,1,7.63639,7.63639,,7.63639,7.63639,0.0,0.0,CNC(=O)c1sc(-c2ccnc(NC(=O)CNCCCCNc3c4c(nc5ccccc35)CCCC4)c2)nc1OCC1CC1,False
XJSGAZQHWZKYFW-UHFFFAOYSA-N,1,7.65956,7.65956,,7.65956,7.65956,0.0,0.0,CNC(=O)c1sc(-c2ccnc(NC(=O)CNCCCCCCNc3c4c(nc5ccccc35)CCCC4)c2)nc1OCC1CC1,False
OAPINTTTYXBPJU-UHFFFAOYSA-N,1,7.81816,7.81816,,7.81816,7.81816,0.0,0.0,CNC(=O)c1sc(-c2ccnc(NC(=O)CNCCCCCCCCNc3c4c(nc5ccccc35)CCCC4)c2)nc1OCC1CC1,False
UJBNMVVJVRQAIM-UHFFFAOYSA-N,1,7.01144,7.01144,,7.01144,7.01144,0.0,0.0,CNC(=O)c1sc(-c2ccnc(NC(=O)CNCCNc3c4c(nc5ccccc35)CCCC4)c2)nc1OC,False
JOQXVIOUNWJRIL-UHFFFAOYSA-N,1,6.80883,6.80883,,6.80883,6.80883,0.0,0.0,CNC(=O)c1sc(-c2ccnc(NC(=O)CNCCNc3c4c(nc5ccccc35)CCCC4)c2)nc1OCC1CCC1,False
FNOUTFPQMJNBDX-UHFFFAOYSA-N,1,6.98758,6.98758,,6.98758,6.98758,0.0,0.0,CNC(=O)c1sc(-c2ccnc(NC(=O)CNCCNc3c4c(nc5ccccc35)CCCC4)c2)nc1OCC(C)(C)C,False
IOTWCKHUEXDRAB-UHFFFAOYSA-N,1,6.62452,6.62452,,6.62452,6.62452,0.0,0.0,CNC(=O)c1sc(-c2ccnc(NC(=O)CNCCNc3c4c(nc5ccccc35)CCCC4)c2)nc1OC(C)C,False
XGMUXKFWISFHAG-UHFFFAOYSA-N,1,7.30803,7.30803,,7.30803,7.30803,0.0,0.0,CNC(=O)c1sc(-c2ccnc(NC(=O)CNCCNc3c4c(nc5ccccc35)CCCC4)c2)nc1OCC(C)C,False
HEYGXZLHMDENBS-UHFFFAOYSA-N,1,8.26122,8.26122,,8.26122,8.26122,0.0,0.0,COc1cc(CNC(=O)CCCCNc2c3c(nc4cc(Cl)ccc24)CC2C=C(C)CC3C2)ccc1O,False
AUFZKQKTTGOKEM-UHFFFAOYSA-N,1,8.36151,8.36151,,8.36151,8.36151,0.0,0.0,COc1cc(CNC(=O)CCCCCNc2c3c(nc4cc(Cl)ccc24)CC2C=C(C)CC3C2)ccc1O,False
JGUYMIZRMYBDGV-UHFFFAOYSA-N,1,9.11351,9.11351,,9.11351,9.11351,0.0,0.0,COc1cc(CNC(=O)CCCCCCNc2c3c(nc4cc(Cl)ccc24)CC2C=C(C)CC3C2)ccc1O,False
RCGLPLMTBKSXHW-UHFFFAOYSA-N,1,8.7122,8.7122,,8.7122,8.7122,0.0,0.0,COc1cc(CNC(=O)CCCCCCCNc2c3c(nc4cc(Cl)ccc24)CC2C=C(C)CC3C2)ccc1O,False
MDZYWOBROPAKNM-UHFFFAOYSA-N,1,8.53165,8.53165,,8.53165,8.53165,0.0,0.0,COc1cc(CNC(=O)CCCCCCCCNc2c3c(nc4cc(Cl)ccc24)CC2C=C(C)CC3C2)ccc1O,False
JAUVXAJRIZCOSF-UHFFFAOYSA-N,1,7.6038,7.6038,,7.6038,7.6038,0.0,0.0,COc1cc(CNC(=O)c2ccc(CNc3c4c(nc5cc(Cl)ccc35)CC3C=C(C)CC4C3)cc2)ccc1O,False
KGKBOIZOJSSJCG-FNORWQNLSA-N,1,8.35556,8.35556,,8.35556,8.35556,0.0,0.0,COc1cc(CNC(=O)CCCC/C=C/CNc2c3c(nc4cc(Cl)ccc24)CC2C=C(C)CC3C2)ccc1O,False
KNKNYKQOFRQZRV-HWKANZROSA-N,1,8.24872,8.24872,,8.24872,8.24872,0.0,0.0,COc1cc(CNC(=O)CCCC/C=C/CCCNc2c3c(nc4cc(Cl)ccc24)CC2C=C(C)CC3C2)ccc1O,False
WMCRFEREEQOYQN-UHFFFAOYSA-N,1,8.97469,8.97469,,8.97469,8.97469,0.0,0.0,COc1cc(CNC(=O)Cc2cn(CCCCC3=CC4Cc5nc6cc(Cl)ccc6c(N)c5C(C3)C4)nn2)ccc1O,False
JNFAYJGOKLFDOK-UHFFFAOYSA-N,1,6.33724,6.33724,,6.33724,6.33724,0.0,0.0,Cn1c(=O)sc2cc(C(=O)CCN3CCN(Cc4ccccc4)CC3)ccc21,False
VKLXUQJNJIZNLT-ODLFYWEKSA-N,1,7.30103,7.30103,,7.30103,7.30103,0.0,0.0,COc1cc2c(cc1OC)/C(=C/c1ccc(N3CCCCC3)c(O)c1)OC2=O,False
VKLXUQJNJIZNLT-YBFXNURJSA-N,1,7.92082,7.92082,,7.92082,7.92082,0.0,0.0,COc1cc2c(cc1OC)/C(=C\c1ccc(N3CCCCC3)c(O)c1)OC2=O,False
NGKSBGUEGQBVKO-ZDLGFXPLSA-N,1,8.80967,8.80967,,8.80967,8.80967,0.0,0.0,CCN(CC)c1cc(/C=C2\OC(=O)c3cc(OC)c(OC)cc32)ccc1O,False
NGKSBGUEGQBVKO-VCHYOVAHSA-N,1,8.89279,8.89279,,8.89279,8.89279,0.0,0.0,CCN(CC)c1cc(/C=C2/OC(=O)c3cc(OC)c(OC)cc32)ccc1O,False
RFRRMFLABBXMPG-DHTSOJEISA-N,1,4.71851,4.71851,,4.71851,4.71851,0.0,0.0,O=C1c2ccccc2C(=O)C12N1CSC[C@@H]1[C@@H](c1cccs1)[C@@]21CSc2ccccc2C1=O,False
BSDIXEUXCIBASI-LMGPPYNSSA-N,1,4.78304,4.78304,,4.78304,4.78304,0.0,0.0,O=C1c2ccccc2C(=O)C12N1CSC[C@@H]1[C@@H](c1cccc3ccccc13)[C@@]21CSc2ccccc2C1=O,False
LYEGNOWTUWSIDZ-WHCXKFMVSA-N,1,4.71041,4.71041,,4.71041,4.71041,0.0,0.0,O=C1c2ccccc2C(=O)C12N1CSC[C@@H]1[C@@H](c1ccc(Cl)cc1Cl)[C@@]21CSc2ccccc2C1=O,False
PUKWCIQLGTWSPA-WHCXKFMVSA-N,1,4.47939,4.47939,,4.47939,4.47939,0.0,0.0,O=C1c2ccccc2C(=O)C12N1CSC[C@@H]1[C@@H](c1ccccc1Cl)[C@@]21CSc2ccccc2C1=O,False
FQOZBTVTACLJDS-WHCXKFMVSA-N,1,4.41635,4.41635,,4.41635,4.41635,0.0,0.0,O=C1c2ccccc2C(=O)C12N1CSC[C@@H]1[C@@H](c1cccc(Br)c1)[C@@]21CSc2ccccc2C1=O,False
VPCJSDMYVQSWBN-WHCXKFMVSA-N,1,4.91222,4.91222,,4.91222,4.91222,0.0,0.0,O=C1c2ccccc2C(=O)C12N1CSC[C@@H]1[C@@H](c1cccc(F)c1)[C@@]21CSc2ccccc2C1=O,False
BXOSYALHTUWIFI-MBEZDYHHSA-N,1,5.95861,5.95861,,5.95861,5.95861,0.0,0.0,COc1ccc([C@@H]2[C@H]3CSCN3C3(C(=O)c4ccccc4C3=O)[C@]23CSc2ccccc2C3=O)cc1,False
PCPQAEROLFFFIO-DHDFKREGSA-N,1,4.5476,4.5476,,4.5476,4.5476,0.0,0.0,CC(C)c1ccc([C@@H]2[C@H]3CSCN3C3(C(=O)c4ccccc4C3=O)[C@]23CSc2ccccc2C3=O)cc1,False
BAZVLRREAJLPPA-MBEZDYHHSA-N,1,5.14813,5.14813,,5.14813,5.14813,0.0,0.0,Cc1ccc([C@@H]2[C@H]3CSCN3C3(C(=O)c4ccccc4C3=O)[C@]23CSc2ccccc2C3=O)cc1,False
XEDITFPNOHYJHU-WHCXKFMVSA-N,1,4.89076,4.89076,,4.89076,4.89076,0.0,0.0,O=C1c2ccccc2C(=O)C12N1CSC[C@@H]1[C@@H](c1ccccc1)[C@@]21CSc2ccccc2C1=O,False
SCQQXZRAZLNMAM-WHCXKFMVSA-N,1,4.46143,4.46143,,4.46143,4.46143,0.0,0.0,O=C1c2ccccc2C(=O)C12N1CSC[C@@H]1[C@@H](c1ccc(Br)cc1)[C@@]21CSc2ccccc2C1=O,False
DFQDGEKLNDIFMZ-WHCXKFMVSA-N,1,4.67203,4.67203,,4.67203,4.67203,0.0,0.0,O=C1c2ccccc2C(=O)C12N1CSC[C@@H]1[C@@H](c1ccc(Cl)cc1)[C@@]21CSc2ccccc2C1=O,False
MGZYGWRUUPXCJN-WHCXKFMVSA-N,1,4.70333,4.70333,,4.70333,4.70333,0.0,0.0,O=C1c2ccccc2C(=O)C12N1CSC[C@@H]1[C@@H](c1ccc(F)cc1)[C@@]21CSc2ccccc2C1=O,False
KBWYTYVXEYERNW-MHECFPHRSA-N,1,4.67448,4.67448,,4.67448,4.67448,0.0,0.0,CN1C[C@@H](c2cccs2)[C@@]2(CSc3ccccc3C2=O)C12C(=O)c1ccccc1C2=O,False
FJHCVAUTCYJNIR-SETSBSEESA-N,1,5.67366,5.67366,,5.67366,5.67366,0.0,0.0,CN1C[C@@H](c2cccc3ccccc23)[C@@]2(CSc3ccccc3C2=O)C12C(=O)c1ccccc1C2=O,False
VBCQDUXVPBWZFJ-RXFWQSSRSA-N,1,4.61762,4.61762,,4.61762,4.61762,0.0,0.0,CN1C[C@@H](c2ccc(Cl)cc2Cl)[C@@]2(CSc3ccccc3C2=O)C12C(=O)c1ccccc1C2=O,False
INXVSGLSCYSPBK-RXFWQSSRSA-N,1,4.56703,4.56703,,4.56703,4.56703,0.0,0.0,CN1C[C@@H](c2ccccc2Br)[C@@]2(CSc3ccccc3C2=O)C12C(=O)c1ccccc1C2=O,False
SIJFZRHSHYOLLN-RXFWQSSRSA-N,1,4.99525,4.99525,,4.99525,4.99525,0.0,0.0,CN1C[C@@H](c2ccccc2Cl)[C@@]2(CSc3ccccc3C2=O)C12C(=O)c1ccccc1C2=O,False
WFGDKYOYHAYQLW-HFZDXXHNSA-N,1,4.70333,4.70333,,4.70333,4.70333,0.0,0.0,CN1C[C@@H](c2cccc(Br)c2)[C@@]2(CSc3ccccc3C2=O)C12C(=O)c1ccccc1C2=O,False
ZHZQGCCBEUSWCK-HFZDXXHNSA-N,1,4.60977,4.60977,,4.60977,4.60977,0.0,0.0,CN1C[C@@H](c2cccc(F)c2)[C@@]2(CSc3ccccc3C2=O)C12C(=O)c1ccccc1C2=O,False
LFLYZXNTRNWQPR-WXVAWEFUSA-N,1,5.93554,5.93554,,5.93554,5.93554,0.0,0.0,COc1ccc([C@@H]2CN(C)C3(C(=O)c4ccccc4C3=O)[C@]23CSc2ccccc2C3=O)cc1,False
WTXCMLMOAISQKG-PWUYWRBVSA-N,1,4.70333,4.70333,,4.70333,4.70333,0.0,0.0,CC(C)c1ccc([C@@H]2CN(C)C3(C(=O)c4ccccc4C3=O)[C@]23CSc2ccccc2C3=O)cc1,False
XRLYOLGNUKIZDF-WXVAWEFUSA-N,1,5.18046,5.18046,,5.18046,5.18046,0.0,0.0,Cc1ccc([C@@H]2CN(C)C3(C(=O)c4ccccc4C3=O)[C@]23CSc2ccccc2C3=O)cc1,False
MZQIWOOECDNIBW-HFZDXXHNSA-N,1,4.9539,4.9539,,4.9539,4.9539,0.0,0.0,CN1C[C@@H](c2ccccc2)[C@@]2(CSc3ccccc3C2=O)C12C(=O)c1ccccc1C2=O,False
CIOPBJFJXRNGJY-HFZDXXHNSA-N,1,4.5476,4.5476,,4.5476,4.5476,0.0,0.0,CN1C[C@@H](c2ccc(Br)cc2)[C@@]2(CSc3ccccc3C2=O)C12C(=O)c1ccccc1C2=O,False
NRVTWFYETVGLLP-HFZDXXHNSA-N,1,4.65287,4.65287,,4.65287,4.65287,0.0,0.0,CN1C[C@@H](c2ccc(Cl)cc2)[C@@]2(CSc3ccccc3C2=O)C12C(=O)c1ccccc1C2=O,False
MBTCEKHMKLVONG-HFZDXXHNSA-N,1,4.63227,4.63227,,4.63227,4.63227,0.0,0.0,CN1C[C@@H](c2ccc(F)cc2)[C@@]2(CSc3ccccc3C2=O)C12C(=O)c1ccccc1C2=O,False
LXSUQNNLNNUDLZ-UHFFFAOYSA-N,1,6.56067,6.56067,,6.56067,6.56067,0.0,0.0,COc1cc2c(cc1O)CCC(C)(CC(=O)NCCCCCCNc1c3c(nc4ccccc14)CCCC3)O2,False
DFXFXZRLHHKPPR-UHFFFAOYSA-N,1,7.23807,7.23807,,7.23807,7.23807,0.0,0.0,COc1cc2c(cc1O)CCC(C)(CC(=O)NCCCCCCCCCNc1c3c(nc4ccccc14)CCCC3)O2,False
MOMFQUPSTUUCIS-UHFFFAOYSA-N,1,7.15614,7.15614,,7.15614,7.15614,0.0,0.0,COc1cc2c(cc1O)CCC(C)(CC(=O)NCCCCCCCCNc1c3c(nc4ccccc14)CCCC3)O2,False
RGXJEOGAMRWBRC-UHFFFAOYSA-N,1,6.95468,6.95468,,6.95468,6.95468,0.0,0.0,COc1cc2c(cc1O)CCC(C)(CC(=O)NCCCCCCCNc1c3c(nc4ccccc14)CCCC3)O2,False
SRUORENXKCKPFF-UHFFFAOYSA-N,1,7.95861,7.95861,,7.95861,7.95861,0.0,0.0,COc1cc2c(cc1OCc1ccccc1)CCC(C)(CC(=O)NCCCCCCNc1c3c(nc4cc(Cl)ccc14)CCCC3)O2,False
OMCLEUFICTWJAY-UHFFFAOYSA-N,1,8.10292,8.10292,,8.10292,8.10292,0.0,0.0,COc1cc2c(cc1OCc1ccccc1)CCC(C)(CC(=O)NCCCCCCCCCNc1c3c(nc4cc(Cl)ccc14)CCCC3)O2,False
GTUYMOXZKSCJQY-UHFFFAOYSA-N,1,7.98297,7.98297,,7.98297,7.98297,0.0,0.0,COc1cc2c(cc1OCc1ccccc1)CCC(C)(CC(=O)NCCCCCCCCNc1c3c(nc4cc(Cl)ccc14)CCCC3)O2,False
NFMKVTKMAZTQRZ-UHFFFAOYSA-N,1,8.2652,8.2652,,8.2652,8.2652,0.0,0.0,COc1cc2c(cc1O)CCC(C)(CC(=O)NCCCCCCCNc1c3c(nc4cc(Cl)ccc14)CCCC3)O2,False
XMJSUNRZFVJJHT-UHFFFAOYSA-N,1,8.43297,8.43297,,8.43297,8.43297,0.0,0.0,COc1cc2c(cc1O)CCC(C)(CC(=O)NCCCCCCCCNc1c3c(nc4cc(Cl)ccc14)CCCC3)O2,False
UBUVCITWHPAWGO-UHFFFAOYSA-N,1,8.68825,8.68825,,8.68825,8.68825,0.0,0.0,COc1cc2c(cc1O)CCC(C)(CC(=O)NCCCCCCCCCNc1c3c(nc4cc(Cl)ccc14)CCCC3)O2,False
JNVGOUUUZBVXPV-UHFFFAOYSA-N,1,7.31966,7.31966,,7.31966,7.31966,0.0,0.0,COc1cc2c(cc1O)CCC(C)(CC(=O)NCCOCCOCCNc1c3c(nc4cc(Cl)ccc14)CCCC3)O2,False
KYLGVOFITHEPJQ-UHFFFAOYSA-N,1,8.42022,8.42022,,8.42022,8.42022,0.0,0.0,COc1cc2c(cc1O)CCC(C)(CCC(=O)NCCCCCCNc1c3c(nc4cc(Cl)ccc14)CCCC3)O2,False
BBTQZRHMEIWKAX-UHFFFAOYSA-N,1,8.10018,8.10018,,8.10018,8.10018,0.0,0.0,COc1cc2c(cc1O)CCC(C)(CCC(=O)NCCCCCCCNc1c3c(nc4cc(Cl)ccc14)CCCC3)O2,False
JQKJWDFQBYGCOQ-UHFFFAOYSA-N,1,8.20551,8.20551,,8.20551,8.20551,0.0,0.0,COc1cc2c(cc1O)CCC(C)(CCC(=O)NCCCCCCCCNc1c3c(nc4cc(Cl)ccc14)CCCC3)O2,False
HWAJTAQZIKDHGT-UHFFFAOYSA-N,1,9.35655,9.35655,,9.35655,9.35655,0.0,0.0,COc1cc2c(cc1O)CCC(C)(CCNCCCCCCCNc1c3c(nc4cc(Cl)ccc14)CCCC3)O2,False
UZGKESBGVBGSPI-UHFFFAOYSA-N,1,9.92082,9.92082,,9.92082,9.92082,0.0,0.0,COc1cc2c(cc1O)CCC(C)(CCNCCCCCCCCNc1c3c(nc4cc(Cl)ccc14)CCCC3)O2,False
VIACPOGORNYWLC-UHFFFAOYSA-N,1,9.56864,9.56864,,9.56864,9.56864,0.0,0.0,COc1cc2c(cc1O)CCC(C)(CCNCCCCCCCCCNc1c3c(nc4cc(Cl)ccc14)CCCC3)O2,False
YZABYNHVFXOCEC-UHFFFAOYSA-N,1,8.07831,8.07831,,8.07831,8.07831,0.0,0.0,COc1cc2c(cc1O)CCC(C)(CCNCCOCCOCCNc1c3c(nc4cc(Cl)ccc14)CCCC3)O2,False
JYPJKGLZUCPORL-UHFFFAOYSA-N,1,8.15552,8.15552,,8.15552,8.15552,0.0,0.0,COc1cc2c(cc1OCc1ccccc1)CCC(C)(CC(=O)NCCCCCCCNc1c3c(nc4cc(Cl)ccc14)CCCC3)O2,False
FPLKSJDEOUBUEL-UHFFFAOYSA-N,1,6.92082,6.92082,,6.92082,6.92082,0.0,0.0,COCCn1cnc2cc(NC(=O)c3ccccc3)cc(C(=O)NCc3cc(F)cc(F)c3)c21,False
YCJCZVUHPAFTTR-UHFFFAOYSA-N,1,5.25337,5.25337,,5.25337,5.25337,0.0,0.0,O=c1ccoc2ccc(OCCCCN3CCCCC3)cc12,False
CIQYOCMKRTYOTH-UHFFFAOYSA-N,1,4.01682,4.01682,,4.01682,4.01682,0.0,0.0,O=c1ccoc2ccc(OCCCCCN3CCOCC3)cc12,False
OSWCICCXKIXGDJ-UHFFFAOYSA-N,1,4.97469,4.97469,,4.97469,4.97469,0.0,0.0,O=c1ccoc2ccc(OCCCN3CCCCCC3)cc12,False
SJZOAVOKRIVTGW-UHFFFAOYSA-N,1,5.42713,5.42713,,5.42713,5.42713,0.0,0.0,O=c1ccoc2ccc(OCCCCN3CCCC3)cc12,False
SHCYGIJBHRLDQT-UHFFFAOYSA-N,1,5.14267,5.14267,,5.14267,5.14267,0.0,0.0,O=c1ccoc2ccc(OCCCCCN3CCCC3)cc12,False
JNJSWDFXEMVLOC-UHFFFAOYSA-N,2,5.025985,5.025985,0.32157095088020615,4.7986,5.25337,0.22738499999999995,0.4547699999999999,O=c1ccoc2ccc(OCCCN3CCCCC3)cc12,False
QZGAFMLTVWNDEJ-UHFFFAOYSA-N,2,4.76906,4.76906,0.01903531454954127,4.7556,4.78252,0.013459999999999805,0.02691999999999961,CCN(C)C(=O)Oc1cccc(CNCCc2c[nH]c3cc(F)ccc23)c1,False
LRGMGVMBUSYGEO-UHFFFAOYSA-N,1,6.87926,6.87926,,6.87926,6.87926,0.0,0.0,CCOC(=O)c1c(C)nc(N2CCN(S(=O)(=O)c3ccc(NC(C)=O)cc3)CC2)nc1-c1ccc(OC)cc1,False
UEILVRMESRWYEE-UHFFFAOYSA-N,1,7.0574,7.0574,,7.0574,7.0574,0.0,0.0,CCOC(=O)c1c(C)nc(N2CCN(S(=O)(=O)c3ccc(NC(C)=O)c(Cl)c3)CC2)nc1-c1ccc(OC)cc1,False
LKVRDQOTUSDFNR-UHFFFAOYSA-N,1,7.03668,7.03668,,7.03668,7.03668,0.0,0.0,CCOC(=O)c1c(C)nc(N2CCN(S(=O)(=O)c3ccc(NC(C)=O)c(F)c3)CC2)nc1-c1ccc(OC)cc1,False
OKUAQOWGKLYLEZ-UHFFFAOYSA-N,1,7.101,7.101,,7.101,7.101,0.0,0.0,CCOC(=O)c1c(C)nc(N2CCN(S(=O)(=O)c3ccc(NC(C)=O)c(OC)c3)CC2)nc1-c1ccc(OC)cc1,False
KDSGALRBUUYBMG-UHFFFAOYSA-N,1,6.92885,6.92885,,6.92885,6.92885,0.0,0.0,CCOC(=O)c1c(C)nc(N2CCN(S(=O)(=O)c3ccc(NC(C)=O)cc3)CC2)nc1-c1ccccc1,False
IINXCVBTZBRIPU-UHFFFAOYSA-N,1,6.84312,6.84312,,6.84312,6.84312,0.0,0.0,CCOC(=O)c1c(C)nc(N2CCN(S(=O)(=O)c3ccc(NC(C)=O)c(Cl)c3)CC2)nc1-c1ccccc1,False
OYMGYNDSSVLQMM-UHFFFAOYSA-N,1,7.01131,7.01131,,7.01131,7.01131,0.0,0.0,CCOC(=O)c1c(C)nc(N2CCN(S(=O)(=O)c3ccc(NC(C)=O)c(F)c3)CC2)nc1-c1ccccc1,False
ODZVMGKRPLQMBL-UHFFFAOYSA-N,1,7.10243,7.10243,,7.10243,7.10243,0.0,0.0,CCOC(=O)c1c(C)nc(N2CCN(S(=O)(=O)c3ccc(NC(C)=O)c(OC)c3)CC2)nc1-c1ccccc1,False
OPRGGLBAGJZESP-UHFFFAOYSA-N,1,7.05164,7.05164,,7.05164,7.05164,0.0,0.0,CCOC(=O)c1c(C)nc(N2CCN(S(=O)(=O)c3ccc(NC(C)=O)cc3)CC2)nc1-c1ccc(OC)c(OC)c1,False
IBSHITWLGHMGMC-UHFFFAOYSA-N,1,7.32486,7.32486,,7.32486,7.32486,0.0,0.0,CCOC(=O)c1c(C)nc(N2CCN(S(=O)(=O)c3ccc(NC(C)=O)c(Cl)c3)CC2)nc1-c1ccc(OC)c(OC)c1,False
FDCAPJGTXWXXOK-UHFFFAOYSA-N,1,7.11623,7.11623,,7.11623,7.11623,0.0,0.0,CCOC(=O)c1c(C)nc(N2CCN(S(=O)(=O)c3ccc(NC(C)=O)c(F)c3)CC2)nc1-c1ccc(OC)c(OC)c1,False
MJSDYTGFAHMQPP-UHFFFAOYSA-N,1,7.10149,7.10149,,7.10149,7.10149,0.0,0.0,CCOC(=O)c1c(C)nc(N2CCN(S(=O)(=O)c3ccc(NC(C)=O)c(OC)c3)CC2)nc1-c1ccc(OC)c(OC)c1,False
MCJOXAQICUCRGY-UHFFFAOYSA-N,1,7.14333,7.14333,,7.14333,7.14333,0.0,0.0,CCOC(=O)c1c(C)nc(N2CCN(S(=O)(=O)c3ccc(N)cc3)CC2)nc1-c1ccc(OC)cc1,False
QFVCRJLKNQUTQR-UHFFFAOYSA-N,1,7.10841,7.10841,,7.10841,7.10841,0.0,0.0,CCOC(=O)c1c(C)nc(N2CCN(S(=O)(=O)c3ccc(N)c(Cl)c3)CC2)nc1-c1ccc(OC)cc1,False
JZZKNAKGIFRGQU-UHFFFAOYSA-N,1,6.9974,6.9974,,6.9974,6.9974,0.0,0.0,CCOC(=O)c1c(C)nc(N2CCN(S(=O)(=O)c3ccc(N)c(F)c3)CC2)nc1-c1ccc(OC)cc1,False
BTQYMOIZIRVQSA-UHFFFAOYSA-N,1,7.16431,7.16431,,7.16431,7.16431,0.0,0.0,CCOC(=O)c1c(C)nc(N2CCN(S(=O)(=O)c3ccc(N)c(OC)c3)CC2)nc1-c1ccc(OC)cc1,False
QOBNLKBXYVUAGR-UHFFFAOYSA-N,1,6.69897,6.69897,,6.69897,6.69897,0.0,0.0,CCOC(=O)c1c(C)nc(N2CCN(S(=O)(=O)c3ccc(N)cc3)CC2)nc1-c1ccccc1,False
KLAAIIPDIASOQN-UHFFFAOYSA-N,1,7.10171,7.10171,,7.10171,7.10171,0.0,0.0,CCOC(=O)c1c(C)nc(N2CCN(S(=O)(=O)c3ccc(N)c(Cl)c3)CC2)nc1-c1ccccc1,False
VOXWZAQFSMLYCD-UHFFFAOYSA-N,1,6.69897,6.69897,,6.69897,6.69897,0.0,0.0,CCOC(=O)c1c(C)nc(N2CCN(S(=O)(=O)c3ccc(N)c(F)c3)CC2)nc1-c1ccccc1,False
OKDKJGDJLWWHHY-UHFFFAOYSA-N,1,7.07237,7.07237,,7.07237,7.07237,0.0,0.0,CCOC(=O)c1c(C)nc(N2CCN(S(=O)(=O)c3ccc(N)c(OC)c3)CC2)nc1-c1ccccc1,False
AFMORLSZDSPEHE-UHFFFAOYSA-N,1,7.16736,7.16736,,7.16736,7.16736,0.0,0.0,CCOC(=O)c1c(C)nc(N2CCN(S(=O)(=O)c3ccc(N)cc3)CC2)nc1-c1ccc(OC)c(OC)c1,False
MHPCSPHWKNFDTR-UHFFFAOYSA-N,1,7.28937,7.28937,,7.28937,7.28937,0.0,0.0,CCOC(=O)c1c(C)nc(N2CCN(S(=O)(=O)c3ccc(N)c(Cl)c3)CC2)nc1-c1ccc(OC)c(OC)c1,False
JJLWDJAUAHXDSQ-UHFFFAOYSA-N,1,7.18,7.18,,7.18,7.18,0.0,0.0,CCOC(=O)c1c(C)nc(N2CCN(S(=O)(=O)c3ccc(N)c(F)c3)CC2)nc1-c1ccc(OC)c(OC)c1,False
ZXODYPGVTRAJHS-UHFFFAOYSA-N,1,7.06763,7.06763,,7.06763,7.06763,0.0,0.0,CCOC(=O)c1c(C)nc(N2CCN(S(=O)(=O)c3ccc(N)c(OC)c3)CC2)nc1-c1ccc(OC)c(OC)c1,False
YRYSRRSTKKDAEQ-UHFFFAOYSA-N,1,5.25649,5.25649,,5.25649,5.25649,0.0,0.0,CCc1ccc(NC(=O)COc2c(Cl)cc(Cl)cc2S(=O)(=O)N2CCN(C(=O)c3ccco3)CC2)cc1,False
VXQLYEUGDRVWPG-ZMOGYAJESA-N,1,4.01457,4.01457,,4.01457,4.01457,0.0,0.0,Cc1cc(/C=N/O)c(O)c(CNc2ncccc2OCc2ccccc2)c1,False
WGWSIOKXWIRGGP-LDADJPATSA-N,1,6.49485,6.49485,,6.49485,6.49485,0.0,0.0,COc1cc2c(cc1OC)C(=O)/C(=C/c1ccc(N3CCN(C)CC3)cc1)C2,False
RHKFYLMTJHZFRB-KOEQRZSOSA-N,1,6.4318,6.4318,,6.4318,6.4318,0.0,0.0,COc1cc2c(cc1OC)C(=O)/C(=C/c1ccc(N3CC[N+](C)(Cc4ccccc4)CC3)cc1)C2,False
RLFGLMFNOCORGT-LFVJCYFKSA-N,1,5.59346,5.59346,,5.59346,5.59346,0.0,0.0,COc1cc2c(cc1OC)C(=O)/C(=C/c1ccc(N3CC[N+](C)(Cc4ccc(Br)cc4)CC3)cc1)C2,False
HYDRUOPHTWMPFN-BUVRLJJBSA-N,1,5.70115,5.70115,,5.70115,5.70115,0.0,0.0,COc1cc2c(cc1OC)C(=O)/C(=C/c1ccc(N3CC[N+](C)(Cc4cccc(Br)c4)CC3)cc1)C2,False
HMPHYKVPGMRWBP-LFVJCYFKSA-N,1,6.26761,6.26761,,6.26761,6.26761,0.0,0.0,COc1cc2c(cc1OC)C(=O)/C(=C/c1ccc(N3CC[N+](C)(Cc4ccccc4Br)CC3)cc1)C2,False
JTTAUOGRTGUCHJ-BUVRLJJBSA-N,1,6.49485,6.49485,,6.49485,6.49485,0.0,0.0,COc1cc2c(cc1OC)C(=O)/C(=C/c1ccc(N3CC[N+](C)(Cc4cccc(Cl)c4)CC3)cc1)C2,False
GBKGLHSRAMRDHC-LFVJCYFKSA-N,1,6.31876,6.31876,,6.31876,6.31876,0.0,0.0,COc1cc2c(cc1OC)C(=O)/C(=C/c1ccc(N3CC[N+](C)(Cc4ccccc4Cl)CC3)cc1)C2,False
NEVVIBBBCKALHF-XQNSMLJCSA-N,1,6.42022,6.42022,,6.42022,6.42022,0.0,0.0,COc1cc2c(cc1OC)C(=O)/C(=C/c1ccc(N3CC[N+](C)(Cc4ccccn4)CC3)cc1)C2,False
NXPYNRPULVJZLU-RCCKNPSSSA-N,1,5.66756,5.66756,,5.66756,5.66756,0.0,0.0,CCC[N+]1(C)CCN(c2ccc(/C=C3\Cc4cc(OC)c(OC)cc4C3=O)cc2)CC1,False
LLAPUAXYFXGPTK-CJLVFECKSA-N,1,6.26761,6.26761,,6.26761,6.26761,0.0,0.0,CCCC[N+]1(C)CCN(c2ccc(/C=C3\Cc4cc(OC)c(OC)cc4C3=O)cc2)CC1,False
QRBQVMHNRDSIJC-HAVVHWLPSA-N,1,6.26761,6.26761,,6.26761,6.26761,0.0,0.0,CCCCC[N+]1(C)CCN(c2ccc(/C=C3\Cc4cc(OC)c(OC)cc4C3=O)cc2)CC1,False
YMIKOFNXEFFOIT-HKOYGPOVSA-N,1,5.37161,5.37161,,5.37161,5.37161,0.0,0.0,CCCCCC[N+]1(C)CCN(c2ccc(/C=C3\Cc4cc(OC)c(OC)cc4C3=O)cc2)CC1,False
KDNWXJBHFQSWIY-RCCKNPSSSA-N,1,6.36653,6.36653,,6.36653,6.36653,0.0,0.0,C=CC[N+]1(C)CCN(c2ccc(/C=C3\Cc4cc(OC)c(OC)cc4C3=O)cc2)CC1,False
ZWTNIIWZZKKJGW-XSFVSMFZSA-N,1,5.95861,5.95861,,5.95861,5.95861,0.0,0.0,COc1cc2c(cc1OC)C(=O)/C(=C/c1ccc(N3CC[N+](C)(CCO)CC3)cc1)C2,False
LJENJBCGZYECIS-YMQWWVFYSA-N,1,4.61979,4.61979,,4.61979,4.61979,0.0,0.0,COc1cc2c(cc1OC)C(=O)/C(=C/c1ccc(OCCN[N+]3(C)CCN(c4ccc(/C=C5\Cc6cc(OC)c(OC)cc6C5=O)cc4)CC3)cc1)C2,False
NTMOJNLZGRDYEX-UHFFFAOYSA-N,1,6.17393,6.17393,,6.17393,6.17393,0.0,0.0,O=c1cc(-c2ccc(OCCCCN3CCC(Cc4ccccc4)CC3)cc2)oc2cc(OCCCCN3CCC(Cc4ccccc4)CC3)cc(O)c12,False
QDGFZDSHMCVZQL-UHFFFAOYSA-N,1,6.0,6.0,,6.0,6.0,0.0,0.0,O=c1cc(-c2ccc(OCCCCN3CCN(Cc4ccccc4)CC3)cc2)oc2cc(OCCCCN3CCN(Cc4ccccc4)CC3)cc(O)c12,False
YNXCNTICEBIQKR-UHFFFAOYSA-N,1,6.22915,6.22915,,6.22915,6.22915,0.0,0.0,O=c1cc(-c2ccc(OCCCCN3CCc4ccccc4C3)cc2)oc2cc(OCCCCN3CCc4ccccc4C3)cc(O)c12,False
ZLKRKOVDOXDQDL-UHFFFAOYSA-N,1,6.4437,6.4437,,6.4437,6.4437,0.0,0.0,CCN(CCCCOc1ccc(-c2cc(=O)c3c(O)cc(OCCCCN(CC)Cc4ccccc4)cc3o2)cc1)Cc1ccccc1,False
SOHPLFZBNPLYPB-UHFFFAOYSA-N,1,5.11919,5.11919,,5.11919,5.11919,0.0,0.0,O=C1CC(c2ccc(OCCCCN3CCC(Cc4ccccc4)CC3)cc2)Oc2cc(OCCCCN3CCC(Cc4ccccc4)CC3)cc(O)c21,False
CFEIKLDRXMJARP-UHFFFAOYSA-N,1,4.72816,4.72816,,4.72816,4.72816,0.0,0.0,O=C1CC(c2ccc(OCCCCN3CCN(Cc4ccccc4)CC3)cc2)Oc2cc(OCCCCN3CCN(Cc4ccccc4)CC3)cc(O)c21,False
CERDJUBMBLYNCC-UHFFFAOYSA-N,1,4.87943,4.87943,,4.87943,4.87943,0.0,0.0,O=C1CC(c2ccc(OCCCCN3CCc4ccccc4C3)cc2)Oc2cc(OCCCCN3CCc4ccccc4C3)cc(O)c21,False
RFJJUATUWWQTAO-UHFFFAOYSA-N,1,5.36653,5.36653,,5.36653,5.36653,0.0,0.0,CCN(CCCCOc1ccc(C2CC(=O)c3c(O)cc(OCCCCN(CC)Cc4ccccc4OC)cc3O2)cc1)Cc1ccccc1OC,False
MJYHXFQKEQRPEC-UHFFFAOYSA-N,1,5.13668,5.13668,,5.13668,5.13668,0.0,0.0,O=c1c(-c2ccc(OCCCCN3CCC(Cc4ccccc4)CC3)cc2)coc2cc(OCCCCN3CCC(Cc4ccccc4)CC3)cc(O)c12,False
UIHDOYWEDATPEW-UHFFFAOYSA-N,1,4.60033,4.60033,,4.60033,4.60033,0.0,0.0,O=c1c(-c2ccc(OCCCCN3CCN(Cc4ccccc4)CC3)cc2)coc2cc(OCCCCN3CCN(Cc4ccccc4)CC3)cc(O)c12,False
OKOIPODBGJKFGU-UHFFFAOYSA-N,1,5.09151,5.09151,,5.09151,5.09151,0.0,0.0,O=c1c(-c2ccc(OCCCCN3CCc4ccccc4C3)cc2)coc2cc(OCCCCN3CCc4ccccc4C3)cc(O)c12,False
GKGSKVGZCUKOSW-UHFFFAOYSA-N,1,5.67778,5.67778,,5.67778,5.67778,0.0,0.0,CCN(CCCCOc1ccc(-c2coc3cc(OCCCCN(CC)Cc4ccccc4)cc(O)c3c2=O)cc1)Cc1ccccc1,False
ZGXSCBBSDIABRW-UHFFFAOYSA-N,1,5.27572,5.27572,,5.27572,5.27572,0.0,0.0,CC1c2ccccc2CCN1CCCCOc1ccc(-c2coc3cc(OCCCCN4CCc5ccccc5C4C)cc(O)c3c2=O)cc1,False
VIOPWDAUYNQNRM-UHFFFAOYSA-N,1,6.09151,6.09151,,6.09151,6.09151,0.0,0.0,O=c1c(-c2ccc(OCCCCN3CCCCC3)cc2)coc2cc(OCCCCN3CCCCC3)cc(O)c12,False
PJQRMGWDMAUSJK-LVZFUZTISA-N,1,4.92445,4.92445,,4.92445,4.92445,0.0,0.0,O=C(/C=C/c1ccc(OCCCCN2CCC(Cc3ccccc3)CC2)cc1)c1c(O)cc(OCCCCN2CCC(Cc3ccccc3)CC2)cc1O,False
XPYFRMBBCHEZMZ-DARPEHSRSA-N,1,5.88606,5.88606,,5.88606,5.88606,0.0,0.0,CCN(CCCCOc1ccc(/C=C/C(=O)c2c(O)cc(OCCCCN(CC)Cc3ccccc3OC)cc2O)cc1)Cc1ccccc1OC,False
XBDYTEFXMPXJIS-DTQAZKPQSA-N,1,5.29243,5.29243,,5.29243,5.29243,0.0,0.0,O=C(/C=C/c1ccc(OCCCCN2CCCCC2)cc1)c1c(O)cc(OCCCCN2CCCCC2)cc1O,False
QOSSCOVDLSVVJA-SDNWHVSQSA-N,1,5.49485,5.49485,,5.49485,5.49485,0.0,0.0,O=C(/C=C/c1ccc(OCCCCN2CCCC2)cc1)c1c(O)cc(OCCCCN2CCCC2)cc1O,False
OGHSLHAXPVLHBD-OBGWFSINSA-N,1,5.3279,5.3279,,5.3279,5.3279,0.0,0.0,CCN(CC)CCCCOc1ccc(/C=C/C(=O)c2c(O)cc(OCCCCN(CC)CC)cc2O)cc1,False
YTMOCJZRGIGEJR-CSKARUKUSA-N,1,4.78861,4.78861,,4.78861,4.78861,0.0,0.0,COc1cc(/C=C/C(=O)NCC(=O)Nc2ccccc2C)ccc1O,False
RDYXHCCOFINWCU-VQHVLOKHSA-N,1,4.72331,4.72331,,4.72331,4.72331,0.0,0.0,COc1cc(/C=C/C(=O)NCC(=O)Nc2cccc(C)c2)ccc1O,False
OBBDCFYBDUXCCK-UXBLZVDNSA-N,1,4.89894,4.89894,,4.89894,4.89894,0.0,0.0,COc1cc(/C=C/C(=O)NCC(=O)Nc2ccc(C)cc2)ccc1O,False
XTQIWDYCCFYORM-CSKARUKUSA-N,1,5.24033,5.24033,,5.24033,5.24033,0.0,0.0,COc1cc(/C=C/C(=O)NCC(=O)Nc2ccccc2OC)ccc1O,False
DBMZBMJYDIJUPI-VQHVLOKHSA-N,1,5.61618,5.61618,,5.61618,5.61618,0.0,0.0,COc1cccc(NC(=O)CNC(=O)/C=C/c2ccc(O)c(OC)c2)c1,False
HQHUHBMSMSWDBN-ONNFQVAWSA-N,1,4.76221,4.76221,,4.76221,4.76221,0.0,0.0,COc1ccc(NC(=O)CNC(=O)/C=C/c2ccc(O)c(OC)c2)cc1,False
BEWAIWNJAIMESJ-VQHVLOKHSA-N,1,5.2426,5.2426,,5.2426,5.2426,0.0,0.0,COc1cc(/C=C/C(=O)NCC(=O)Nc2ccccc2Cl)ccc1O,False
LHCVSCQEUOTHJS-SOFGYWHQSA-N,1,5.24565,5.24565,,5.24565,5.24565,0.0,0.0,COc1cc(/C=C/C(=O)NCC(=O)Nc2cccc(Cl)c2)ccc1O,False
MFNGDMYATMLOTC-YCRREMRBSA-N,1,5.46471,5.46471,,5.46471,5.46471,0.0,0.0,COc1cc(/C=C/C(=O)NCC(=O)Nc2ccc(Cl)cc2)ccc1O,False
AVHRMOCMFLFQCB-VQHVLOKHSA-N,1,4.81959,4.81959,,4.81959,4.81959,0.0,0.0,COc1cc(/C=C/C(=O)NCC(=O)Nc2ccccc2C(F)(F)F)ccc1O,False
MJBVBHRRAGRLQN-SOFGYWHQSA-N,1,5.03105,5.03105,,5.03105,5.03105,0.0,0.0,COc1cc(/C=C/C(=O)NCC(=O)Nc2cccc(C(F)(F)F)c2)ccc1O,False
AMZZCUYPZJXZDH-YCRREMRBSA-N,1,5.0846,5.0846,,5.0846,5.0846,0.0,0.0,COc1cc(/C=C/C(=O)NCC(=O)Nc2ccc(C(F)(F)F)cc2)ccc1O,False
DCMXKLDTNZWHMA-SOFGYWHQSA-N,1,4.88372,4.88372,,4.88372,4.88372,0.0,0.0,COc1cc(/C=C/C(=O)NCC(=O)Nc2cccc(Br)c2)ccc1O,False
KHCYCGCZJCWOCP-YCRREMRBSA-N,1,4.9897,4.9897,,4.9897,4.9897,0.0,0.0,COc1cc(/C=C/C(=O)NCC(=O)Nc2ccc(Br)cc2)ccc1O,False
UDHAZISIMAVVII-VQHVLOKHSA-N,1,4.76371,4.76371,,4.76371,4.76371,0.0,0.0,COc1cc(/C=C/C(=O)NCC(=O)Nc2ccccc2F)ccc1O,False
SNNAQOBTHPKFLU-SOFGYWHQSA-N,1,4.65521,4.65521,,4.65521,4.65521,0.0,0.0,COc1cc(/C=C/C(=O)NCC(=O)Nc2cccc(F)c2)ccc1O,False
FYGVYRWFAVJXOF-YCRREMRBSA-N,1,4.8884,4.8884,,4.8884,4.8884,0.0,0.0,COc1cc(/C=C/C(=O)NCC(=O)Nc2ccc(F)cc2)ccc1O,False
MHVLSRMMRQOKCL-SOFGYWHQSA-N,1,4.79561,4.79561,,4.79561,4.79561,0.0,0.0,COc1cc(/C=C/C(=O)NCC(=O)Nc2cccc(C#N)c2)ccc1O,False
RZUFPBJWVPVXHS-WEVVVXLNSA-N,1,4.7587,4.7587,,4.7587,4.7587,0.0,0.0,COc1cc(/C=C/C(=O)NCC(=O)Nc2ccc(C#N)cc2)ccc1O,False
NVVYTSSFRKAJTE-CSKARUKUSA-N,1,4.65876,4.65876,,4.65876,4.65876,0.0,0.0,COc1cc(/C=C/C(=O)NCC(=O)Nc2ccccc2)ccc1O,False
XVKHPTDTSZLRHX-XVNBXDOJSA-N,1,5.24109,5.24109,,5.24109,5.24109,0.0,0.0,COc1cc(/C=C/C(=O)NCC(=O)Nc2ccc3[nH]ccc3c2)ccc1O,False
FDCRLLFTRZKKFG-WEVVVXLNSA-N,1,5.31069,5.31069,,5.31069,5.31069,0.0,0.0,COc1cc(/C=C/C(=O)NCC(=O)Nc2ccc3ncccc3c2)ccc1O,False
LJBPNCQSMSFJMT-CSKARUKUSA-N,1,4.53254,4.53254,,4.53254,4.53254,0.0,0.0,COc1cc(/C=C/C(=O)N2CCN(c3ccccc3)CC2)ccc1O,False
VUSXDYWHQVGKND-VQHVLOKHSA-N,1,5.00393,5.00393,,5.00393,5.00393,0.0,0.0,COc1cccc(N2CCN(C(=O)/C=C/c3ccc(O)c(OC)c3)CC2)c1,False
WREXFNWLVKENMO-YCRREMRBSA-N,1,4.95703,4.95703,,4.95703,4.95703,0.0,0.0,COc1cc(/C=C/C(=O)N2CCN(c3ccc(F)cc3)CC2)ccc1O,False
FVHYJIOGMBWPAW-SOFGYWHQSA-N,1,4.63023,4.63023,,4.63023,4.63023,0.0,0.0,COc1cc(/C=C/C(=O)N2CCN(c3cccc([N+](=O)[O-])c3)CC2)ccc1O,False
QHNGJBPXKUMSNP-ONNFQVAWSA-N,1,4.91901,4.91901,,4.91901,4.91901,0.0,0.0,COc1ccc(N2CCN(C(=O)/C=C/c3ccc(O)c(OC)c3)CC2)cc1,False
GFABSOYEQWQSME-YCRREMRBSA-N,1,4.95273,4.95273,,4.95273,4.95273,0.0,0.0,COc1cc(/C=C/C(=O)N2CCN(c3ccc(Cl)cc3)CC2)ccc1O,False
HDBZRWVDQXODLB-UXBLZVDNSA-N,1,4.71041,4.71041,,4.71041,4.71041,0.0,0.0,COc1cc(/C=C/C(=O)N2CCN(c3ccc(C)cc3)CC2)ccc1O,False
JTNNREFXLZRASL-UHFFFAOYSA-N,1,4.0,4.0,,4.0,4.0,0.0,0.0,CCN(C)C(=O)OCC1CCCN(C2Cc3ccccc3C2)C1,False
GRDWZBWUIQBIEA-UHFFFAOYSA-N,1,4.0,4.0,,4.0,4.0,0.0,0.0,CCN(C)C(=O)OC1CCCN(C2Cc3ccccc3C2)C1,False
QTKJESXVOYSUBT-UHFFFAOYSA-N,1,4.01502,4.01502,,4.01502,4.01502,0.0,0.0,CCN(C)C(=O)OCC1CCCN(Cc2ccccc2)C1,False
UQFYXANPTRIVID-UHFFFAOYSA-N,1,4.0,4.0,,4.0,4.0,0.0,0.0,CCN(C)C(=O)OC1CCCN(Cc2ccccc2)C1,False
GZGBSEHEHDDUAJ-UHFFFAOYSA-N,1,4.0,4.0,,4.0,4.0,0.0,0.0,C#CCN1CCCC(COC(=O)N(C)CC)C1,False
VOYPIHUBPQHSHA-UHFFFAOYSA-N,1,4.0,4.0,,4.0,4.0,0.0,0.0,C#CCN1CCCC(OC(=O)N(C)CC)C1,False
UOOJEAOFHZRSSH-UHFFFAOYSA-N,1,4.72816,4.72816,,4.72816,4.72816,0.0,0.0,CC(C)c1ccc(NC(=O)OCC2CCCN(C3Cc4ccccc4C3)C2)cc1,False
DOQSUJLBOVDRML-UHFFFAOYSA-N,1,5.1016,5.1016,,5.1016,5.1016,0.0,0.0,CC(C)c1ccc(NC(=O)OC2CCCN(C3Cc4ccccc4C3)C2)cc1,False
LNSFUBYHUNTELH-UHFFFAOYSA-N,1,4.82102,4.82102,,4.82102,4.82102,0.0,0.0,CC(C)c1ccc(NC(=O)OCC2CCCN(Cc3ccccc3)C2)cc1,False
PCRCEFXLDHXCPZ-UHFFFAOYSA-N,1,4.0,4.0,,4.0,4.0,0.0,0.0,CC(C)c1ccc(NC(=O)OC2CCCN(Cc3ccccc3)C2)cc1,False
VAGGJGRIOBVXEQ-UHFFFAOYSA-N,1,4.0,4.0,,4.0,4.0,0.0,0.0,C#CCN1CCCC(COC(=O)Nc2ccc(C(C)C)cc2)C1,False
NXEDABWVGUNSPQ-UHFFFAOYSA-N,1,4.0,4.0,,4.0,4.0,0.0,0.0,C#CCN1CCCC(OC(=O)Nc2ccc(C(C)C)cc2)C1,False
HMUSVJAJTVZDOX-UHFFFAOYSA-N,1,4.0,4.0,,4.0,4.0,0.0,0.0,O=C(Nc1ccccc1)OCC1CCCN(C2Cc3ccccc3C2)C1,False
ISMYNYFEVMBAEI-UHFFFAOYSA-N,1,4.0,4.0,,4.0,4.0,0.0,0.0,O=C(Nc1ccccc1)OC1CCCN(C2Cc3ccccc3C2)C1,False
VPDRCWOTGBLGTG-UHFFFAOYSA-N,1,4.17328,4.17328,,4.17328,4.17328,0.0,0.0,O=C(Nc1ccccc1)OCC1CCCN(Cc2ccccc2)C1,False
ZTJATLWGHDUVIF-UHFFFAOYSA-N,1,4.0,4.0,,4.0,4.0,0.0,0.0,O=C(Nc1ccccc1)OC1CCCN(Cc2ccccc2)C1,False
LQJCTZNMHDZMLG-UHFFFAOYSA-N,1,4.0,4.0,,4.0,4.0,0.0,0.0,C#CCN1CCCC(COC(=O)Nc2ccccc2)C1,False
ZMAXJNFYRWSNFA-UHFFFAOYSA-N,1,4.0,4.0,,4.0,4.0,0.0,0.0,C#CCN1CCCC(OC(=O)Nc2ccccc2)C1,False
CZEZFKJJTGHHLX-UHFFFAOYSA-N,1,4.0,4.0,,4.0,4.0,0.0,0.0,CCN(C)C(=O)OCC1CCN(C2Cc3ccccc3C2)CC1,False
SPLXSISVGSVPMH-UHFFFAOYSA-N,1,4.0,4.0,,4.0,4.0,0.0,0.0,CCN(C)C(=O)OC1CCN(C2Cc3ccccc3C2)CC1,False
FASDVEQGWLQBRA-UHFFFAOYSA-N,1,4.14267,4.14267,,4.14267,4.14267,0.0,0.0,CCN(C)C(=O)OCC1CCN(Cc2ccccc2)CC1,False
JOSOZFZQNNBBRA-UHFFFAOYSA-N,1,4.0,4.0,,4.0,4.0,0.0,0.0,CCN(C)C(=O)OC1CCN(Cc2ccccc2)CC1,False
CULWUIGVFNMPBJ-UHFFFAOYSA-N,1,4.0,4.0,,4.0,4.0,0.0,0.0,C#CCN1CCC(COC(=O)N(C)CC)CC1,False
IJNJKTCCHJBJON-UHFFFAOYSA-N,1,4.0,4.0,,4.0,4.0,0.0,0.0,C#CCN1CCC(OC(=O)N(C)CC)CC1,False
HGJNVGMGHMPCIT-UHFFFAOYSA-N,1,5.38902,5.38902,,5.38902,5.38902,0.0,0.0,CC(C)c1ccc(NC(=O)OCC2CCN(C3Cc4ccccc4C3)CC2)cc1,False
CDBAAXNYHDKTFF-UHFFFAOYSA-N,1,5.63676,5.63676,,5.63676,5.63676,0.0,0.0,CC(C)c1ccc(NC(=O)OC2CCN(C3Cc4ccccc4C3)CC2)cc1,False
TVXNBKDMGAGSDZ-UHFFFAOYSA-N,1,4.0,4.0,,4.0,4.0,0.0,0.0,O=C(Nc1ccccc1)OCC1CCN(C2Cc3ccccc3C2)CC1,False
LJYBWYFQBIECKG-UHFFFAOYSA-N,1,4.0,4.0,,4.0,4.0,0.0,0.0,C#CCN1CCC(OC(=O)Nc2ccc(C(C)C)cc2)CC1,False
UWGQVPIXFJKBAU-UHFFFAOYSA-N,1,4.0,4.0,,4.0,4.0,0.0,0.0,C#CCN1CCC(COC(=O)Nc2ccc(C(C)C)cc2)CC1,False
RUFCJFOENLCATM-UHFFFAOYSA-N,1,4.0,4.0,,4.0,4.0,0.0,0.0,CC(C)c1ccc(NC(=O)OC2CCN(Cc3ccccc3)CC2)cc1,False
WSZHWBCEOHXGOF-UHFFFAOYSA-N,1,5.6482,5.6482,,5.6482,5.6482,0.0,0.0,CC(C)c1ccc(NC(=O)OCC2CCN(Cc3ccccc3)CC2)cc1,False
MEQMHNDIDFKKBK-UHFFFAOYSA-N,1,4.7167,4.7167,,4.7167,4.7167,0.0,0.0,O=C(Nc1ccccc1)OC1CCN(C2Cc3ccccc3C2)CC1,False
IKTRKOHDYGDICC-UHFFFAOYSA-N,1,5.13608,5.13608,,5.13608,5.13608,0.0,0.0,O=C(Nc1ccccc1)OCC1CCN(Cc2ccccc2)CC1,False
HGOQLBZCERINRQ-UHFFFAOYSA-N,1,4.0,4.0,,4.0,4.0,0.0,0.0,O=C(Nc1ccccc1)OC1CCN(Cc2ccccc2)CC1,False
YZHGAPQDTIOBDF-UHFFFAOYSA-N,1,4.0,4.0,,4.0,4.0,0.0,0.0,C#CCN1CCC(COC(=O)Nc2ccccc2)CC1,False
BHHRIKRORYKZPG-UHFFFAOYSA-N,1,4.0,4.0,,4.0,4.0,0.0,0.0,C#CCN1CCC(OC(=O)Nc2ccccc2)CC1,False
CEUZTHSDJADUSJ-UHFFFAOYSA-N,1,4.0,4.0,,4.0,4.0,0.0,0.0,C#CCN1CCC(O)CC1,False
SIYJFRXEYQGHPD-UHFFFAOYSA-N,1,4.0,4.0,,4.0,4.0,0.0,0.0,C#CCN1CCCC(O)C1,False
VCERCHZMFVTHBV-UHFFFAOYSA-N,1,4.0,4.0,,4.0,4.0,0.0,0.0,C#CCN1CCC(CO)CC1,False
SEGPGNSXCVPIKQ-UHFFFAOYSA-N,1,4.0,4.0,,4.0,4.0,0.0,0.0,C#CCN1CCCC(CO)C1,False
BPPZXJZYCOETDA-UHFFFAOYSA-N,1,4.0,4.0,,4.0,4.0,0.0,0.0,OC1CCN(Cc2ccccc2)CC1,False
UTTCOAGPVHRUFO-UHFFFAOYSA-N,1,4.0,4.0,,4.0,4.0,0.0,0.0,OC1CCCN(Cc2ccccc2)C1,False
FLQPYEOKVZYXRL-UHFFFAOYSA-N,1,4.0,4.0,,4.0,4.0,0.0,0.0,OCC1CCN(Cc2ccccc2)CC1,False
GEXYNZFTVPXBBB-UHFFFAOYSA-N,1,4.0,4.0,,4.0,4.0,0.0,0.0,OCC1CCCN(Cc2ccccc2)C1,False
LDKZBNVNFNFMKR-UHFFFAOYSA-N,1,4.0,4.0,,4.0,4.0,0.0,0.0,OC1CCN(C2Cc3ccccc3C2)CC1,False
HBTFDMIGXUNMLN-UHFFFAOYSA-N,1,4.0,4.0,,4.0,4.0,0.0,0.0,OC1CCCN(C2Cc3ccccc3C2)C1,False
LVHPIAQBTUVFSJ-UHFFFAOYSA-N,1,4.0,4.0,,4.0,4.0,0.0,0.0,OCC1CCN(C2Cc3ccccc3C2)CC1,False
RAZZBNCWCCMMGG-UHFFFAOYSA-N,1,4.0,4.0,,4.0,4.0,0.0,0.0,OCC1CCCN(C2Cc3ccccc3C2)C1,False
WSEQXVZVJXJVFP-UHFFFAOYSA-N,1,4.1349,4.1349,,4.1349,4.1349,0.0,0.0,CN(C)CCCC1(c2ccc(F)cc2)OCc2cc(C#N)ccc21,False
HJELLEISQPFXGX-UHFFFAOYSA-N,1,4.30103,4.30103,,4.30103,4.30103,0.0,0.0,O=C(CN1CCN(C(=O)c2ccccc2)CC1)N1CCN(CCCc2c[nH]c3ccccc23)CC1,False
LQFUWTYYDKPQBV-UHFFFAOYSA-N,1,4.45346,4.45346,,4.45346,4.45346,0.0,0.0,O=C(CN1CCN(C(=O)c2ccc(Cl)cc2)CC1)N1CCN(CCCc2c[nH]c3ccccc23)CC1,False
PXQJIQDRWQXKFO-UHFFFAOYSA-N,1,4.60033,4.60033,,4.60033,4.60033,0.0,0.0,COc1ccc(C(=O)N2CCN(CC(=O)N3CCN(CCCc4c[nH]c5ccccc45)CC3)CC2)cc1,False
QWNHHFOJJBFFFQ-UHFFFAOYSA-N,1,4.44733,4.44733,,4.44733,4.44733,0.0,0.0,O=C(CN1CCN(C(=O)c2ccc(Br)cc2)CC1)N1CCN(CCCc2c[nH]c3ccccc23)CC1,False
UFLPIEMRMGJHHD-UHFFFAOYSA-N,1,4.53165,4.53165,,4.53165,4.53165,0.0,0.0,Cc1ccc(C(=O)N2CCN(CC(=O)N3CCN(CCCc4c[nH]c5ccccc45)CC3)CC2)cc1,False
NJLKOCMTZNPEPI-UHFFFAOYSA-N,1,4.4045,4.4045,,4.4045,4.4045,0.0,0.0,O=C(CN1CCN(C(=O)c2ccc(F)cc2)CC1)N1CCN(CCCc2c[nH]c3ccccc23)CC1,False
KSYWHXUSXJBRNV-UHFFFAOYSA-N,1,4.48945,4.48945,,4.48945,4.48945,0.0,0.0,O=C(CN1CCN(C(=O)c2cccc(Cl)c2)CC1)N1CCN(CCCc2c[nH]c3ccccc23)CC1,False
NVUHQVOXESTWRK-UHFFFAOYSA-N,1,4.30103,4.30103,,4.30103,4.30103,0.0,0.0,COc1cccc(C(=O)N2CCN(CC(=O)N3CCN(CCCc4c[nH]c5ccccc45)CC3)CC2)c1,False
ORONPMZMWGYRMO-UHFFFAOYSA-N,1,4.63827,4.63827,,4.63827,4.63827,0.0,0.0,O=C(CN1CCN(C(=O)c2cccc(Br)c2)CC1)N1CCN(CCCc2c[nH]c3ccccc23)CC1,False
XQJSWNOLFZXYRD-UHFFFAOYSA-N,1,4.30103,4.30103,,4.30103,4.30103,0.0,0.0,O=C(CN1CCN(C(=O)c2cccc(F)c2)CC1)N1CCN(CCCc2c[nH]c3ccccc23)CC1,False
RZMJYTHUZCYCES-UHFFFAOYSA-N,1,4.69465,4.69465,,4.69465,4.69465,0.0,0.0,O=C(CN1CCN(C(=O)c2ccccc2F)CC1)N1CCN(CCCc2c[nH]c3ccccc23)CC1,False
QOKCSBGEHUAIKX-UHFFFAOYSA-N,1,4.30103,4.30103,,4.30103,4.30103,0.0,0.0,O=C(CN1CCN(C(=O)c2ccccc2)CC1)N1CCN(CCCc2c[nH]c3ccc(F)cc23)CC1,False
GZIUKLLPDUMANV-UHFFFAOYSA-N,1,4.6517,4.6517,,4.6517,4.6517,0.0,0.0,O=C(CN1CCN(C(=O)c2ccc(Cl)cc2)CC1)N1CCN(CCCc2c[nH]c3ccc(F)cc23)CC1,False
TXZRJOKADPHPQG-UHFFFAOYSA-N,1,4.84164,4.84164,,4.84164,4.84164,0.0,0.0,COc1ccc(C(=O)N2CCN(CC(=O)N3CCN(CCCc4c[nH]c5ccc(F)cc45)CC3)CC2)cc1,False
AFONZTUINGYUMY-UHFFFAOYSA-N,1,4.4045,4.4045,,4.4045,4.4045,0.0,0.0,O=C(CN1CCN(C(=O)c2ccc(Br)cc2)CC1)N1CCN(CCCc2c[nH]c3ccc(F)cc23)CC1,False
TXAPPQYDLMDBMU-UHFFFAOYSA-N,1,5.4437,5.4437,,5.4437,5.4437,0.0,0.0,Cc1ccc(C(=O)N2CCN(CC(=O)N3CCN(CCCc4c[nH]c5ccc(F)cc45)CC3)CC2)cc1,False
PVOUNDRVIFNRES-UHFFFAOYSA-N,1,5.46852,5.46852,,5.46852,5.46852,0.0,0.0,O=C(CN1CCN(C(=O)c2ccc(F)cc2)CC1)N1CCN(CCCc2c[nH]c3ccc(F)cc23)CC1,False
JWPTVQFTXMKVDJ-UHFFFAOYSA-N,1,4.73518,4.73518,,4.73518,4.73518,0.0,0.0,O=C(CN1CCN(C(=O)c2cccc(Cl)c2)CC1)N1CCN(CCCc2c[nH]c3ccc(F)cc23)CC1,False
QCBOCGZUHOJHHR-UHFFFAOYSA-N,1,4.7122,4.7122,,4.7122,4.7122,0.0,0.0,COc1cccc(C(=O)N2CCN(CC(=O)N3CCN(CCCc4c[nH]c5ccc(F)cc45)CC3)CC2)c1,False
ILDAQYRXZSGPBB-UHFFFAOYSA-N,1,4.42829,4.42829,,4.42829,4.42829,0.0,0.0,O=C(CN1CCN(C(=O)c2cccc(Br)c2)CC1)N1CCN(CCCc2c[nH]c3ccc(F)cc23)CC1,False
GFQZJWNHSQDLBH-UHFFFAOYSA-N,1,4.30103,4.30103,,4.30103,4.30103,0.0,0.0,O=C(CN1CCN(C(=O)c2cccc(F)c2)CC1)N1CCN(CCCc2c[nH]c3ccc(F)cc23)CC1,False
IBVLNQQMODXRCR-UHFFFAOYSA-N,1,4.47756,4.47756,,4.47756,4.47756,0.0,0.0,O=C(CN1CCN(C(=O)c2ccccc2Br)CC1)N1CCN(CCCc2c[nH]c3ccc(F)cc23)CC1,False
NTRFUQVWSMCNPW-UHFFFAOYSA-N,1,4.30103,4.30103,,4.30103,4.30103,0.0,0.0,COc1ccc2[nH]cc(CCCN3CCN(C(=O)CN4CCN(C(=O)c5ccccc5)CC4)CC3)c2c1,False
KGXWUQVZRMSWNH-UHFFFAOYSA-N,1,4.30103,4.30103,,4.30103,4.30103,0.0,0.0,COc1ccc2[nH]cc(CCCN3CCN(C(=O)CN4CCN(C(=O)c5ccc(Cl)cc5)CC4)CC3)c2c1,False
AJHWIKOFDMBTML-UHFFFAOYSA-N,1,4.30103,4.30103,,4.30103,4.30103,0.0,0.0,COc1ccc(C(=O)N2CCN(CC(=O)N3CCN(CCCc4c[nH]c5ccc(OC)cc45)CC3)CC2)cc1,False
SYDWRYYJOVDFNE-UHFFFAOYSA-N,1,4.30103,4.30103,,4.30103,4.30103,0.0,0.0,COc1ccc2[nH]cc(CCCN3CCN(C(=O)CN4CCN(C(=O)c5ccc(Br)cc5)CC4)CC3)c2c1,False
OCQYRAQPSDJIEC-UHFFFAOYSA-N,1,4.30103,4.30103,,4.30103,4.30103,0.0,0.0,COc1ccc2[nH]cc(CCCN3CCN(C(=O)CN4CCN(C(=O)c5ccc(C)cc5)CC4)CC3)c2c1,False
BTDMKOIDBOVVDK-UHFFFAOYSA-N,1,4.30103,4.30103,,4.30103,4.30103,0.0,0.0,COc1ccc2[nH]cc(CCCN3CCN(C(=O)CN4CCN(C(=O)c5ccc(F)cc5)CC4)CC3)c2c1,False
OTZNNNBHHJBIEB-UHFFFAOYSA-N,1,4.30103,4.30103,,4.30103,4.30103,0.0,0.0,COc1ccc2[nH]cc(CCCN3CCN(C(=O)CN4CCN(C(=O)c5cccc(Cl)c5)CC4)CC3)c2c1,False
FXYUMRRILIZZOX-UHFFFAOYSA-N,1,4.30103,4.30103,,4.30103,4.30103,0.0,0.0,COc1cccc(C(=O)N2CCN(CC(=O)N3CCN(CCCc4c[nH]c5ccc(OC)cc45)CC3)CC2)c1,False
QCZCBTITWOLDMS-UHFFFAOYSA-N,1,4.30103,4.30103,,4.30103,4.30103,0.0,0.0,COc1ccc2[nH]cc(CCCN3CCN(C(=O)CN4CCN(C(=O)c5cccc(Br)c5)CC4)CC3)c2c1,False
YOVTVIMYIRQCRS-UHFFFAOYSA-N,1,4.42829,4.42829,,4.42829,4.42829,0.0,0.0,COc1ccc2[nH]cc(CCCN3CCN(C(=O)CN4CCN(C(=O)c5cccc(F)c5)CC4)CC3)c2c1,False
KNTKFOVCJLHVIO-UHFFFAOYSA-N,1,4.30103,4.30103,,4.30103,4.30103,0.0,0.0,COc1ccc2[nH]cc(CCCN3CCN(C(=O)CN4CCN(C(=O)c5ccccc5Br)CC4)CC3)c2c1,False
HRIHTEQSIMHUPV-UHFFFAOYSA-N,1,6.16115,6.16115,,6.16115,6.16115,0.0,0.0,COc1cccc2cc[n+](-c3ccc(C(F)(F)F)cc3)cc12,False
DOIWRNJCXNHQND-UHFFFAOYSA-N,1,5.0,5.0,,5.0,5.0,0.0,0.0,COc1cccc2cc[n+](-c3cccc(C(F)(F)F)c3)cc12,False
QDSKOJRLRVUXRZ-UHFFFAOYSA-N,1,5.0,5.0,,5.0,5.0,0.0,0.0,COc1cccc2cc[n+](-c3ccccc3C(F)(F)F)cc12,False
BEDMQNIMYVNRDK-UHFFFAOYSA-N,1,6.14267,6.14267,,6.14267,6.14267,0.0,0.0,COc1cccc2cc[n+](-c3ccc(I)cc3)cc12,False
OSHDWXGAGPDADK-UHFFFAOYSA-N,1,5.0,5.0,,5.0,5.0,0.0,0.0,COc1cccc2cc[n+](-c3cccc(I)c3)cc12,False
HZCLHLSRFISUOJ-UHFFFAOYSA-N,1,5.68613,5.68613,,5.68613,5.68613,0.0,0.0,COc1cccc2cc[n+](-c3ccccc3I)cc12,False
XOROMQNBXQGKST-UHFFFAOYSA-N,1,6.72125,6.72125,,6.72125,6.72125,0.0,0.0,COc1cccc2cc[n+](-c3ccc(Br)cc3)cc12,False
SYKJOSLNCCWNOQ-UHFFFAOYSA-N,1,5.0,5.0,,5.0,5.0,0.0,0.0,COc1cccc2cc[n+](-c3cccc(Br)c3)cc12,False
RTJODZZGCZZTRF-UHFFFAOYSA-N,1,5.2815,5.2815,,5.2815,5.2815,0.0,0.0,COc1cccc2cc[n+](-c3ccccc3Br)cc12,False
CLIBEFUYKVSXSU-UHFFFAOYSA-N,1,6.76955,6.76955,,6.76955,6.76955,0.0,0.0,COc1cccc2cc[n+](-c3ccc(Cl)cc3)cc12,False
JNKSAKWNXKWMIA-UHFFFAOYSA-N,1,5.02457,5.02457,,5.02457,5.02457,0.0,0.0,COc1cccc2cc[n+](-c3cccc(Cl)c3)cc12,False
JKHKSDOTYVTZJI-UHFFFAOYSA-N,1,5.27327,5.27327,,5.27327,5.27327,0.0,0.0,COc1cccc2cc[n+](-c3ccccc3Cl)cc12,False
NQFOCEGXWIHLLW-UHFFFAOYSA-N,1,6.17393,6.17393,,6.17393,6.17393,0.0,0.0,COc1cccc2cc[n+](-c3ccc(F)cc3)cc12,False
MOIXICUBPYLSMJ-UHFFFAOYSA-N,1,5.03953,5.03953,,5.03953,5.03953,0.0,0.0,COc1cccc2cc[n+](-c3cccc(F)c3)cc12,False
FEUNUIYGZQUKCU-UHFFFAOYSA-N,1,5.59346,5.59346,,5.59346,5.59346,0.0,0.0,COc1cccc2cc[n+](-c3ccccc3F)cc12,False
MQEUFDHPRHUBBR-UHFFFAOYSA-N,1,5.84771,5.84771,,5.84771,5.84771,0.0,0.0,COc1cccc2cc[n+](-c3ccccc3)cc12,False
QLXMVKYELSPGTQ-UHFFFAOYSA-N,1,5.75696,5.75696,,5.75696,5.75696,0.0,0.0,COc1cccc2cc[n+](-c3ccccc3C#N)cc12,False
BYAUSYGZMYTHJS-UHFFFAOYSA-N,1,5.46725,5.46725,,5.46725,5.46725,0.0,0.0,COc1cccc2cc[n+](-c3cccc(C#N)c3)cc12,False
XMAZDSNQTZMUKR-UHFFFAOYSA-N,1,5.0,5.0,,5.0,5.0,0.0,0.0,COc1cccc2cc[n+](-c3ccc(C#N)cc3)cc12,False
QXEKOLWNPCSFRM-UHFFFAOYSA-N,1,5.5391,5.5391,,5.5391,5.5391,0.0,0.0,COc1cccc2cc[n+](-c3ccccc3C)cc12,False
AZRZAHIBCRUIAW-UHFFFAOYSA-N,1,5.65561,5.65561,,5.65561,5.65561,0.0,0.0,COc1cccc2cc[n+](-c3cccc(C)c3)cc12,False
UQWUUDBALGBOLC-UHFFFAOYSA-N,1,5.96658,5.96658,,5.96658,5.96658,0.0,0.0,COc1cccc2cc[n+](-c3ccc(C)cc3)cc12,False
JMKMARYDMLUZSB-UHFFFAOYSA-N,1,5.0,5.0,,5.0,5.0,0.0,0.0,COc1ccccc1-[n+]1ccc2cccc(OC)c2c1,False
NLINSCWNGUDKEU-UHFFFAOYSA-N,1,5.16115,5.16115,,5.16115,5.16115,0.0,0.0,COc1cccc(-[n+]2ccc3cccc(OC)c3c2)c1,False
GOTLZBYNOBCKMY-UHFFFAOYSA-N,1,6.85387,6.85387,,6.85387,6.85387,0.0,0.0,COc1ccc(-[n+]2ccc3cccc(OC)c3c2)cc1,False
FRHQTCUNBCBTCS-UHFFFAOYSA-N,1,5.56864,5.56864,,5.56864,5.56864,0.0,0.0,COc1cccc2cc[n+](-c3c(F)cccc3F)cc12,False
WSEZFGBHOYBWSA-UHFFFAOYSA-N,1,5.46597,5.46597,,5.46597,5.46597,0.0,0.0,COc1cccc2cc[n+](-c3ccc(Cl)cc3Cl)cc12,False
QYAMQJWDLJBHAG-UHFFFAOYSA-N,1,5.0,5.0,,5.0,5.0,0.0,0.0,COc1cccc2cc[n+](-c3cc(Cl)cc(Cl)c3)cc12,False
CXVCPGDBKQTMGW-UHFFFAOYSA-N,1,6.24413,6.24413,,6.24413,6.24413,0.0,0.0,COc1cccc2cc[n+](-c3ccc(Br)cc3Br)cc12,False
GHZYJZGQBTYMSA-UHFFFAOYSA-N,1,6.04576,6.04576,,6.04576,6.04576,0.0,0.0,COc1cccc2cc[n+](-c3ccc(Br)cc3F)cc12,False
UTSRJYYICXKRBK-UHFFFAOYSA-N,1,5.91009,5.91009,,5.91009,5.91009,0.0,0.0,COc1cccc2cc[n+](-c3ccc(I)cc3F)cc12,False
GCTHSGKPTPJSDE-UHFFFAOYSA-N,1,5.6216,5.6216,,5.6216,5.6216,0.0,0.0,Brc1ccc(-[n+]2ccc3ccccc3c2)cc1,False
QVMCAFUGXJPHCH-UHFFFAOYSA-N,1,5.79048,5.79048,,5.79048,5.79048,0.0,0.0,COc1cccc2c1C=[N+](c1ccccc1)CC2,False
VEAMQUMDOAWEMW-UHFFFAOYSA-N,1,5.53165,5.53165,,5.53165,5.53165,0.0,0.0,COc1cccc2c1C=[N+](c1ccccc1F)CC2,False
KUYHYHHNMSBINZ-UHFFFAOYSA-N,1,5.0,5.0,,5.0,5.0,0.0,0.0,COc1cccc2c1C=[N+](c1cccc(F)c1)CC2,False
GAFAAABHBUAYNC-UHFFFAOYSA-N,1,5.70115,5.70115,,5.70115,5.70115,0.0,0.0,COc1cccc2c1C=[N+](c1ccc(F)cc1)CC2,False
BUFZJGZXVCBTBP-UHFFFAOYSA-N,1,5.0,5.0,,5.0,5.0,0.0,0.0,COc1cccc2c1C=[N+](c1ccccc1Cl)CC2,False
ZTMOKKKKEZBDTR-UHFFFAOYSA-N,1,5.0,5.0,,5.0,5.0,0.0,0.0,COc1cccc2c1C=[N+](c1cccc(Cl)c1)CC2,False
BWTOFLUMSJGBGG-UHFFFAOYSA-N,1,6.49485,6.49485,,6.49485,6.49485,0.0,0.0,COc1cccc2c1C=[N+](c1ccc(Cl)cc1)CC2,False
WDTQXWNRGMJAOF-UHFFFAOYSA-N,1,5.82391,5.82391,,5.82391,5.82391,0.0,0.0,COc1cccc2c1C=[N+](c1ccccc1Br)CC2,False
PUTWMSVQNHSOOD-UHFFFAOYSA-N,1,5.0,5.0,,5.0,5.0,0.0,0.0,COc1cccc2c1C=[N+](c1cccc(Br)c1)CC2,False
HHFDHIYFBUUIRK-UHFFFAOYSA-N,1,6.55284,6.55284,,6.55284,6.55284,0.0,0.0,COc1cccc2c1C=[N+](c1ccc(Br)cc1)CC2,False
ZCIHKXINHRCRBE-UHFFFAOYSA-N,1,5.74715,5.74715,,5.74715,5.74715,0.0,0.0,COc1cccc2c1C=[N+](c1ccccc1I)CC2,False
PTGJVEKXVLJNPC-UHFFFAOYSA-N,1,5.0,5.0,,5.0,5.0,0.0,0.0,COc1cccc2c1C=[N+](c1cccc(I)c1)CC2,False
UHAGMMWIOVBEPU-UHFFFAOYSA-N,1,5.99568,5.99568,,5.99568,5.99568,0.0,0.0,COc1cccc2c1C=[N+](c1ccc(I)cc1)CC2,False
KPCGKWNPTFBTJN-UHFFFAOYSA-N,1,5.0,5.0,,5.0,5.0,0.0,0.0,COc1cccc2c1C=[N+](c1ccccc1C(F)(F)F)CC2,False
MWVCINPRMWXXNK-UHFFFAOYSA-N,1,5.0,5.0,,5.0,5.0,0.0,0.0,COc1cccc2c1C=[N+](c1cccc(C(F)(F)F)c1)CC2,False
AJZUVWGFDIHRNS-UHFFFAOYSA-N,1,5.7122,5.7122,,5.7122,5.7122,0.0,0.0,COc1cccc2c1C=[N+](c1ccc(C(F)(F)F)cc1)CC2,False
YXWFEONZZBWCTA-UHFFFAOYSA-N,1,5.0,5.0,,5.0,5.0,0.0,0.0,COc1cccc2c1C=[N+](c1ccccc1C#N)CC2,False
CFLJQEYIHATUMT-UHFFFAOYSA-N,1,5.28988,5.28988,,5.28988,5.28988,0.0,0.0,COc1cccc2c1C=[N+](c1cccc(C#N)c1)CC2,False
RWBAICHMHAZDNY-UHFFFAOYSA-N,1,5.0,5.0,,5.0,5.0,0.0,0.0,COc1cccc2c1C=[N+](c1ccc(C#N)cc1)CC2,False
BCZVOSZRMLMXFO-UHFFFAOYSA-N,1,5.51286,5.51286,,5.51286,5.51286,0.0,0.0,COc1cccc2c1C=[N+](c1ccccc1C)CC2,False
IGYZPHYCTVEWGX-UHFFFAOYSA-N,1,5.5391,5.5391,,5.5391,5.5391,0.0,0.0,COc1cccc2c1C=[N+](c1cccc(C)c1)CC2,False
OAHAPTWQMVFBTP-UHFFFAOYSA-N,1,6.27572,6.27572,,6.27572,6.27572,0.0,0.0,COc1cccc2c1C=[N+](c1ccc(C)cc1)CC2,False
PFWYSMFNQYWXDC-UHFFFAOYSA-N,1,5.0,5.0,,5.0,5.0,0.0,0.0,COc1ccccc1[N+]1=Cc2c(cccc2OC)CC1,False
NUYKEGNINYWXDY-UHFFFAOYSA-N,1,5.2815,5.2815,,5.2815,5.2815,0.0,0.0,COc1cccc([N+]2=Cc3c(cccc3OC)CC2)c1,False
UUNWOQNMCUFPJE-UHFFFAOYSA-N,1,5.98297,5.98297,,5.98297,5.98297,0.0,0.0,COc1ccc([N+]2=Cc3c(cccc3OC)CC2)cc1,False
QPPZDHPOFPAJHH-UHFFFAOYSA-N,1,5.88941,5.88941,,5.88941,5.88941,0.0,0.0,COc1cccc2c1C=[N+](c1c(F)cccc1F)CC2,False
CKLSWIXXWRGDES-UHFFFAOYSA-N,1,5.98297,5.98297,,5.98297,5.98297,0.0,0.0,COc1cccc2c1C=[N+](c1ccc(Cl)cc1Cl)CC2,False
YYVOZYHYQRSUOG-UHFFFAOYSA-N,1,5.0,5.0,,5.0,5.0,0.0,0.0,COc1cccc2c1C=[N+](c1cc(Cl)cc(Cl)c1)CC2,False
WJKSDIJOOSZHQC-UHFFFAOYSA-N,1,5.42946,5.42946,,5.42946,5.42946,0.0,0.0,COc1cccc2c1C=[N+](c1ccc(Br)cc1Br)CC2,False
QFBOTQGPSMUXRX-UHFFFAOYSA-N,1,5.88941,5.88941,,5.88941,5.88941,0.0,0.0,COc1cccc2c1C=[N+](c1ccc(Br)cc1F)CC2,False
XPPHIIJDSGASBC-UHFFFAOYSA-N,1,5.97469,5.97469,,5.97469,5.97469,0.0,0.0,COc1cccc2c1C=[N+](c1ccc(I)cc1F)CC2,False
HQPJYEGWOJQVPO-UHFFFAOYSA-N,1,4.97881,4.97881,,4.97881,4.97881,0.0,0.0,Brc1ccc([N+]2=Cc3ccccc3CC2)cc1,False
INVGWHRKADIJHF-UHFFFAOYSA-N,1,5.91364,5.91364,,5.91364,5.91364,0.0,0.0,C[n+]1cc2c3c(ccc2c2ccc4cc5c(cc4c21)OCO5)OCO3,False
PCNCQAWYRGWMFH-QFIPXVFZSA-N,1,4.5379,4.5379,,4.5379,4.5379,0.0,0.0,C=CC(C)(C)c1cc([C@@H]2CC(=O)c3c(O)cc(O)c(CC=C(C)C)c3O2)c(O)cc1O,False
DAWSYIQAGQMLFS-SFHVURJKSA-N,1,8.19382,8.19382,,8.19382,8.19382,0.0,0.0,CC(C)=CCc1c(O)cc(O)c2c1O[C@H](c1ccccc1)CC2=O,False
HGXQGHOPVODNPD-CSKARUKUSA-N,1,4.87484,4.87484,,4.87484,4.87484,0.0,0.0,COc1cc(/C=C/C(=O)N2CCN(Cc3ccccc3)CC2)ccc1O,False
LKWAWCURQIZFSV-VQHVLOKHSA-N,1,4.81873,4.81873,,4.81873,4.81873,0.0,0.0,COc1cccc(CN2CCN(C(=O)/C=C/c3ccc(O)c(OC)c3)CC2)c1,False
BOEIPNXNSLZWSF-UXBLZVDNSA-N,1,4.78542,4.78542,,4.78542,4.78542,0.0,0.0,COc1ccc(CN2CCN(C(=O)/C=C/c3ccc(O)c(OC)c3)CC2)cc1,False
QGFULWWYVZUOTH-SOFGYWHQSA-N,1,4.81163,4.81163,,4.81163,4.81163,0.0,0.0,COc1cc(/C=C/C(=O)N2CCN(Cc3cccc(Cl)c3)CC2)ccc1O,False
WCESATJMEGZLEK-SOFGYWHQSA-N,1,4.88174,4.88174,,4.88174,4.88174,0.0,0.0,COc1cc(/C=C/C(=O)N2CCN(Cc3cccc(F)c3)CC2)ccc1O,False
MUHIHOQVQVDBRM-WEVVVXLNSA-N,1,4.83744,4.83744,,4.83744,4.83744,0.0,0.0,COc1cc(/C=C/C(=O)N2CCN(Cc3ccc(F)cc3)CC2)ccc1O,False
PBRBOZMXARYISY-CSKARUKUSA-N,1,4.83121,4.83121,,4.83121,4.83121,0.0,0.0,COc1cc(/C=C/C(=O)NCCC(=O)Nc2ccccc2)ccc1O,False
CVIGIFUFGSHWDX-VQHVLOKHSA-N,1,5.61798,5.61798,,5.61798,5.61798,0.0,0.0,COc1cccc(NC(=O)CCNC(=O)/C=C/c2ccc(O)c(OC)c2)c1,False
MJLZXQPGFGKYKG-YCRREMRBSA-N,1,5.27409,5.27409,,5.27409,5.27409,0.0,0.0,COc1cc(/C=C/C(=O)NCCC(=O)Nc2ccc(Cl)cc2)ccc1O,False
WFZLZUMSNYZMQL-VQHVLOKHSA-N,2,5.93272,5.93272,0.12022229493733717,5.84771,6.01773,0.08501000000000003,0.17002000000000006,COc1cc(/C=C/C(=O)NCC(=O)NCCc2c[nH]c3ccccc23)ccc1O,False
LDZYHULYKCNQFT-XBXARRHUSA-N,1,6.01773,6.01773,,6.01773,6.01773,0.0,0.0,COc1ccc2[nH]cc(CCNC(=O)CNC(=O)/C=C/c3ccc(O)c(OC)c3)c2c1,False
OYIPLAHDKDNEPE-XVNBXDOJSA-N,1,6.07572,6.07572,,6.07572,6.07572,0.0,0.0,COc1cc(/C=C/C(=O)NCC(=O)NCCc2c[nH]c3ccc(Cl)cc23)ccc1O,False
FUEAQDJAQZSMNY-UHFFFAOYSA-N,1,5.0,5.0,,5.0,5.0,0.0,0.0,Cc1ccc2nc3c(c(N)c2c1)CCC3,False
MKSVFVUUGMOBJE-UHFFFAOYSA-N,1,4.64782,4.64782,,4.64782,4.64782,0.0,0.0,Cc1ccc2nc3c(c(N)c2c1)CCCCC3,False
VGQLZUNFVYTFBF-UHFFFAOYSA-N,1,5.24489,5.24489,,5.24489,5.24489,0.0,0.0,Nc1c2c(nc3ccc(Br)cc13)CCC2,False
HUWWFDOJYOUTTO-UHFFFAOYSA-N,1,5.31966,5.31966,,5.31966,5.31966,0.0,0.0,Nc1c2c(nc3ccc(Br)cc13)CCCC2,False
HJJBBMFCZXGFLC-UHFFFAOYSA-N,1,4.86012,4.86012,,4.86012,4.86012,0.0,0.0,Nc1c2c(nc3ccc(Br)cc13)CCCCC2,False
DKIHAPRATQJNSK-UHFFFAOYSA-N,1,5.80134,5.80134,,5.80134,5.80134,0.0,0.0,Nc1c2c(nc3ccc(Cl)cc13)CCC2,False
ODQKBBQRKVQZDH-UHFFFAOYSA-N,1,5.0655,5.0655,,5.0655,5.0655,0.0,0.0,Nc1c2c(nc3ccc(Cl)cc13)CCCCC2,False
DBVYKRKFXJOWLR-UHFFFAOYSA-N,1,4.88273,4.88273,,4.88273,4.88273,0.0,0.0,Nc1c2c(nc3c(Cl)cc(Cl)cc13)CCC2,False
UBZYAQWKNPQKNN-UHFFFAOYSA-N,1,5.36251,5.36251,,5.36251,5.36251,0.0,0.0,Nc1c2c(nc3c(Cl)cc(Cl)cc13)CCCC2,False
IWMVIMXKIPYNDO-UHFFFAOYSA-N,1,5.04383,5.04383,,5.04383,5.04383,0.0,0.0,Nc1c2c(nc3c(Cl)cc(Cl)cc13)CCCCC2,False
DYWZUBUIKMCCOZ-UHFFFAOYSA-N,1,4.82102,4.82102,,4.82102,4.82102,0.0,0.0,Nc1c2c(nc3c(Br)cc(Br)cc13)CCC2,False
JPAWCKLWCYDEPB-UHFFFAOYSA-N,1,5.28567,5.28567,,5.28567,5.28567,0.0,0.0,Nc1c2c(nc3c(Br)cc(Br)cc13)CCCC2,False
LGDOEVSQZSNSGL-UHFFFAOYSA-N,1,4.82102,4.82102,,4.82102,4.82102,0.0,0.0,Nc1c2c(nc3c(Br)cc(Br)cc13)CCCCC2,False
LNIRMTRXIJOOND-UHFFFAOYSA-N,1,6.17914,6.17914,,6.17914,6.17914,0.0,0.0,Nc1c2c(nc3ccc(F)cc13)CCC2,False
GMTLISNEXFVQLJ-UHFFFAOYSA-N,1,6.00966,6.00966,,6.00966,6.00966,0.0,0.0,Nc1c2c(nc3ccc(F)cc13)CCCC2,False
YRPUITYJDDVVFY-UHFFFAOYSA-N,1,6.20482,6.20482,,6.20482,6.20482,0.0,0.0,Nc1c2c(nc3ccc(F)cc13)CCCCC2,False
ZQAMGOXTPCJUFY-UHFFFAOYSA-N,1,6.45967,6.45967,,6.45967,6.45967,0.0,0.0,Cc1ccc2c(N)c3c(nc2c1)CCC3,False
XNVODOITBYZNTC-UHFFFAOYSA-N,1,6.98297,6.98297,,6.98297,6.98297,0.0,0.0,Cc1ccc2c(N)c3c(nc2c1)CCCCC3,False
SLNSWWVQADCKSW-UHFFFAOYSA-N,1,6.38195,6.38195,,6.38195,6.38195,0.0,0.0,Cc1cccc2nc3c(c(N)c12)CCC3,False
OPNOYFYMEWJEMI-UHFFFAOYSA-N,1,6.59346,6.59346,,6.59346,6.59346,0.0,0.0,Cc1cccc2nc3c(c(N)c12)CCCCC3,False
JBZLIWVDIDZFCY-UHFFFAOYSA-N,1,5.08513,5.08513,,5.08513,5.08513,0.0,0.0,COc1ccc2nc3c(c(N)c2c1)CCC3,False
RDDMAFNPIDJMBQ-UHFFFAOYSA-N,1,4.75449,4.75449,,4.75449,4.75449,0.0,0.0,COc1ccc2nc3c(c(N)c2c1)CCCCC3,False
HIVZWGFKJDAQNI-MFOYZWKCSA-N,1,5.49214,5.49214,,5.49214,5.49214,0.0,0.0,CCOC(=O)/C(=N\Nc1ccccc1)C(=O)C(F)(F)F,False
MXVXMWJOHZMDDT-ZDLGFXPLSA-N,1,5.13549,5.13549,,5.13549,5.13549,0.0,0.0,CCOC(=O)/C(=N\Nc1ccc(C)cc1)C(=O)C(F)(F)F,False
RXXUZBDXCWVDIB-ZDLGFXPLSA-N,1,4.51713,4.51713,,4.51713,4.51713,0.0,0.0,CCOC(=O)/C(=N\Nc1cccc(C)c1)C(=O)C(F)(F)F,False
ROMZBPLFSUOSKG-ZDLGFXPLSA-N,1,5.33536,5.33536,,5.33536,5.33536,0.0,0.0,CCOC(=O)/C(=N\Nc1ccc(OC)cc1)C(=O)C(F)(F)F,False
PXWCYACVBRUFQF-MFOYZWKCSA-N,1,6.11976,6.11976,,6.11976,6.11976,0.0,0.0,CCOC(=O)/C(=N\Nc1ccccc1[N+](=O)[O-])C(=O)C(F)(F)F,False
JNMIFBYVUUFRPR-NVMNQCDNSA-N,1,5.57349,5.57349,,5.57349,5.57349,0.0,0.0,CCOC(=O)/C(=N\Nc1ccc(F)cc1)C(=O)C(F)(F)F,False
STBKQHPFABRPSI-NVMNQCDNSA-N,1,5.86646,5.86646,,5.86646,5.86646,0.0,0.0,CCOC(=O)/C(=N\Nc1ccc(Br)cc1)C(=O)C(F)(F)F,False
AZFNOGDHVUHHHQ-JAIQZWGSSA-N,1,6.31785,6.31785,,6.31785,6.31785,0.0,0.0,CCOC(=O)/C(=N\Nc1ccccc1C(=O)OCC)C(=O)C(F)(F)F,False
VWFUHGNXIZJAQZ-JAIQZWGSSA-N,1,5.42136,5.42136,,5.42136,5.42136,0.0,0.0,CCOC(=O)/C(=N\Nc1ccc(C(=O)OCC)cc1)C(=O)C(F)(F)F,False
WWZILGNFFPBJFT-PXNMLYILSA-N,1,4.6968,4.6968,,4.6968,4.6968,0.0,0.0,COC(=O)/C(=N\Nc1ccccc1)C(=O)C(F)(F)F,False
WBTOVOOOKUVTED-MFOYZWKCSA-N,1,4.54821,4.54821,,4.54821,4.54821,0.0,0.0,COC(=O)/C(=N\Nc1ccc(C)cc1)C(=O)C(F)(F)F,False
VGLPFRXIRIXZEU-MFOYZWKCSA-N,1,4.51856,4.51856,,4.51856,4.51856,0.0,0.0,COC(=O)/C(=N\Nc1ccc(OC)cc1)C(=O)C(F)(F)F,False
OOBCFWHYVFQICX-PXNMLYILSA-N,1,4.67985,4.67985,,4.67985,4.67985,0.0,0.0,COC(=O)/C(=N\Nc1ccccc1[N+](=O)[O-])C(=O)C(F)(F)F,False
AJHXMWXYVYOBQI-UHFFFAOYSA-N,1,6.28617,6.28617,,6.28617,6.28617,0.0,0.0,Cc1ccc(S(=O)(=O)SCc2ccccc2)cc1,False
HSNCNCRRNWZNDA-UHFFFAOYSA-N,1,6.50515,6.50515,,6.50515,6.50515,0.0,0.0,Cc1ccc(S(=O)(=O)SCc2ccc(F)cc2)cc1,False
CBQWJVRTMNAWFV-UHFFFAOYSA-N,1,6.32039,6.32039,,6.32039,6.32039,0.0,0.0,Cc1ccc(S(=O)(=O)SCc2ccc(Cl)cc2)cc1,False
PHYFKUVLMXFFMA-UHFFFAOYSA-N,1,6.67305,6.67305,,6.67305,6.67305,0.0,0.0,Cc1ccc(S(=O)(=O)SCc2ccc([N+](=O)[O-])cc2)cc1,False
OSHWRYVCOZUYMD-UHFFFAOYSA-N,1,6.70841,6.70841,,6.70841,6.70841,0.0,0.0,Cc1ccc(S(=O)(=O)SCc2ccc(C#N)cc2)cc1,False
BSYAXFZBHCNOSO-UHFFFAOYSA-N,1,7.06248,7.06248,,7.06248,7.06248,0.0,0.0,Cc1ccc(S(=O)(=O)SCc2ccc(C(F)(F)F)cc2)cc1,False
QHMDDZOOLIQIDD-UHFFFAOYSA-N,1,6.88807,6.88807,,6.88807,6.88807,0.0,0.0,Cc1ccc(S(=O)(=O)SCc2ccc(OC(F)(F)F)cc2)cc1,False
SJBOKLOBSYZREV-UHFFFAOYSA-N,1,6.3114,6.3114,,6.3114,6.3114,0.0,0.0,COc1ccc(CSS(=O)(=O)c2ccc(C)cc2)cc1,False
QEPADCWYAPMDGA-UHFFFAOYSA-N,1,7.92445,7.92445,,7.92445,7.92445,0.0,0.0,Cc1ccc(S(=O)(=O)SCc2ccc(C(C)C)cc2)cc1,False
OQUDAZIWXWUCRZ-UHFFFAOYSA-N,1,6.75301,6.75301,,6.75301,6.75301,0.0,0.0,Cc1ccc(S(=O)(=O)SCc2ccc(C(C)(C)C)cc2)cc1,False
JMYMKXIXWAGFRX-SRDVKXRDSA-N,1,7.64397,7.64397,,7.64397,7.64397,0.0,0.0,CC1=CC2Cc3nc4cc(Cl)ccc4c(NCCCCCNC(=O)[C@@H](N)Cc4c[nH]c5ccccc45)c3C(C1)C2,False
HHLHIZQJSGEGON-BSYJTBJZSA-N,1,7.93181,7.93181,,7.93181,7.93181,0.0,0.0,CC1=CC2Cc3nc4cc(Cl)ccc4c(NCCCCCCNC(=O)[C@@H](N)Cc4c[nH]c5ccccc45)c3C(C1)C2,False
VMMAQHJFFZODBW-DHCVZJGKSA-N,1,7.91721,7.91721,,7.91721,7.91721,0.0,0.0,CC1=CC2Cc3nc4cc(Cl)ccc4c(NCCCCCCCNC(=O)[C@@H](N)Cc4c[nH]c5ccccc45)c3C(C1)C2,False
OQPHIFIGALCHJT-UHFFFAOYSA-N,1,5.58004,5.58004,,5.58004,5.58004,0.0,0.0,COc1ccc2nc3c(c(N)c2c1)C1CC(C)=CC(C3)C1,False
ZNNQFFKFWSWODG-UHFFFAOYSA-N,1,9.48149,9.48149,,9.48149,9.48149,0.0,0.0,C[n+]1ccc2c(c1)c1ccccc1n2CCCCCCCCCn1c2ccccc2c2c[n+](C)ccc21,False
WIBZBHAULNIINQ-UHFFFAOYSA-N,1,7.09691,7.09691,,7.09691,7.09691,0.0,0.0,c1ccc2c(c1)c1cnccc1n2CCCCCCCCCn1c2ccccc2c2cnccc21,False
CZOTVKAOVGNSQX-UHFFFAOYSA-N,1,5.10791,5.10791,,5.10791,5.10791,0.0,0.0,CN1CCc2c(c3ccccc3n2CCC(=O)N2c3ccccc3Sc3ccccc32)C1,False
TWZCZLLZJDKWFN-UHFFFAOYSA-N,1,4.69037,4.69037,,4.69037,4.69037,0.0,0.0,c1ccc(CN2CCc3[nH]c4ccccc4c3C2)cc1,False
QQDXGEMPVMCBOD-UHFFFAOYSA-N,1,4.75449,4.75449,,4.75449,4.75449,0.0,0.0,Fc1ccc2[nH]c3c(c2c1)CN(Cc1ccccc1)CC3,False
HLKQPYUVQYSQSX-UHFFFAOYSA-N,1,4.45469,4.45469,,4.45469,4.45469,0.0,0.0,Cc1ccc2[nH]c3c(c2c1)CN(Cc1ccccc1)CC3,False
FCUJMVMWOLCXGK-UHFFFAOYSA-N,1,4.27819,4.27819,,4.27819,4.27819,0.0,0.0,COc1ccc2[nH]c3c(c2c1)CN(Cc1ccccc1)CC3,False
RDMFHRSPDKWERA-UHFFFAOYSA-N,1,4.66959,4.66959,,4.66959,4.66959,0.0,0.0,c1ccc2c(c1)[nH]c1ccncc12,False
XDMDASHVJGGFLB-UHFFFAOYSA-N,1,4.9431,4.9431,,4.9431,4.9431,0.0,0.0,Fc1ccc2[nH]c3ccncc3c2c1,False
FWFZLMCEYFKUTG-UHFFFAOYSA-N,1,4.451,4.451,,4.451,4.451,0.0,0.0,Cc1ccc2[nH]c3ccncc3c2c1,False
JDDPTXUPKJEPTE-UHFFFAOYSA-N,1,4.30452,4.30452,,4.30452,4.30452,0.0,0.0,COc1ccc2[nH]c3ccncc3c2c1,False
FYRFGJSXHGSSRA-UHFFFAOYSA-N,1,5.63827,5.63827,,5.63827,5.63827,0.0,0.0,O=C(CCn1c2ccccc2c2cnccc21)N1c2ccccc2Sc2ccccc21,False
GUDOKVFOWONHLZ-UHFFFAOYSA-N,1,5.20761,5.20761,,5.20761,5.20761,0.0,0.0,O=C(CCn1c2ccncc2c2cc(F)ccc21)N1c2ccccc2Sc2ccccc21,False
OHLLCAOZLCURLY-UHFFFAOYSA-N,1,6.29243,6.29243,,6.29243,6.29243,0.0,0.0,Cc1ccc2c(c1)c1cnccc1n2CCC(=O)N1c2ccccc2Sc2ccccc21,False
BTQBWKICBNYTJF-UHFFFAOYSA-N,1,6.26761,6.26761,,6.26761,6.26761,0.0,0.0,COc1ccc2c(c1)c1cnccc1n2CCC(=O)N1c2ccccc2Sc2ccccc21,False
JRNPBNOKBHQPQV-UHFFFAOYSA-N,1,5.65758,5.65758,,5.65758,5.65758,0.0,0.0,C[n+]1ccc2c(c1)c1ccccc1n2CCC(=O)N1c2ccccc2Sc2ccccc21,False
FESXNYAPGUCZIQ-UHFFFAOYSA-N,1,5.58503,5.58503,,5.58503,5.58503,0.0,0.0,C[n+]1ccc2c(c1)c1cc(F)ccc1n2CCC(=O)N1c2ccccc2Sc2ccccc21,False
DWJVIPVCUJKTNK-UHFFFAOYSA-N,1,5.95861,5.95861,,5.95861,5.95861,0.0,0.0,Cc1ccc2c(c1)c1c[n+](C)ccc1n2CCC(=O)N1c2ccccc2Sc2ccccc21,False
TYILUFWHLUDPEG-UHFFFAOYSA-N,1,5.27572,5.27572,,5.27572,5.27572,0.0,0.0,COc1ccc2c(c1)c1c[n+](C)ccc1n2CCC(=O)N1c2ccccc2Sc2ccccc21,False
VVHSKUVEDZEFPN-UHFFFAOYSA-N,1,5.65758,5.65758,,5.65758,5.65758,0.0,0.0,O=C(CCn1c2ccccc2c2c[n+](Cc3ccccc3)ccc21)N1c2ccccc2Sc2ccccc21,False
QCKPPJYQWXOQMU-UHFFFAOYSA-N,1,5.06048,5.06048,,5.06048,5.06048,0.0,0.0,Cn1ccc2nc3ccccc3c-2c1,False
ZFXURHCAGHMGTN-UHFFFAOYSA-O,1,5.72125,5.72125,,5.72125,5.72125,0.0,0.0,C[n+]1ccc2[nH]c3ccc(F)cc3c2c1,False
AZSSBHLSLTXVLS-UHFFFAOYSA-O,1,5.04096,5.04096,,5.04096,5.04096,0.0,0.0,Cc1ccc2[nH]c3cc[n+](C)cc3c2c1,False
GBYDJEXKVACJEE-UHFFFAOYSA-O,1,4.83268,4.83268,,4.83268,4.83268,0.0,0.0,COc1ccc2[nH]c3cc[n+](C)cc3c2c1,False
FWZLSJAQZGRSHU-UHFFFAOYSA-O,1,5.0655,5.0655,,5.0655,5.0655,0.0,0.0,c1ccc(C[n+]2ccc3[nH]c4ccccc4c3c2)cc1,False
BUGYDGFZZOZRHP-UHFFFAOYSA-N,2,7.208855,7.208855,1.5569713504268463,6.10791,8.3098,1.1009449999999994,2.201889999999999,CC12CC3CC(C)(C1)CC(N)(C3)C2,True
PWGXETSPNUBPGV-UHFFFAOYSA-N,1,4.21339,4.21339,,4.21339,4.21339,0.0,0.0,c1ccc2oc(C3CCNCC3)cc2c1,False
JMULJIQFSHBVOR-UHFFFAOYSA-N,1,5.29499,5.29499,,5.29499,5.29499,0.0,0.0,c1ccc(CN2CCC(c3cc4ccccc4o3)CC2)cc1,False
KKGNJYSVNBJVDD-UHFFFAOYSA-N,1,4.4573,4.4573,,4.4573,4.4573,0.0,0.0,Oc1ccc(CN2CCC(c3cc4ccccc4o3)CC2)cc1,False
IWKUJBDKKVVRFI-UHFFFAOYSA-N,1,4.27753,4.27753,,4.27753,4.27753,0.0,0.0,COc1ccc(CN2CCC(c3cc4ccccc4o3)CC2)cc1OC,False
YCBHXXJWADXIHF-UHFFFAOYSA-N,1,4.03241,4.03241,,4.03241,4.03241,0.0,0.0,COc1ccc(CN2CCC(c3cc4ccccc4o3)CC2)cc1,False
ZFAIZGSFEBEUHC-UHFFFAOYSA-N,1,4.6216,4.6216,,4.6216,4.6216,0.0,0.0,COc1ccc(OC)c(CN2CCC(c3cc4ccccc4o3)CC2)c1,False
WAABLLMMQHSMLJ-UHFFFAOYSA-N,1,4.19226,4.19226,,4.19226,4.19226,0.0,0.0,CCc1ccc(CN2CCC(c3cc4ccccc4o3)CC2)cc1,False
ACQJSWKZZFRCRQ-UHFFFAOYSA-N,1,4.00634,4.00634,,4.00634,4.00634,0.0,0.0,Clc1ccc(CN2CCC(c3cc4ccccc4o3)CC2)cc1,False
GZCWMUIOKUAEEN-UHFFFAOYSA-N,1,4.67162,4.67162,,4.67162,4.67162,0.0,0.0,Fc1ccc(CN2CCC(c3cc4ccccc4o3)CC2)cc1,False
YVSAEODTAOQOGD-UHFFFAOYSA-N,1,4.38437,4.38437,,4.38437,4.38437,0.0,0.0,O=C(c1ccccc1)c1c(C2CCN(Cc3ccccc3)CC2)oc2ccccc12,False
KDKJYFIKJWMJDQ-UHFFFAOYSA-N,1,4.31605,4.31605,,4.31605,4.31605,0.0,0.0,COc1ccc(C(=O)c2c(C3CCN(Cc4ccccc4)CC3)oc3ccccc23)cc1,False
NPTSVXZSYDYQHR-UHFFFAOYSA-N,1,4.34381,4.34381,,4.34381,4.34381,0.0,0.0,COc1ccc(CN2CCC(c3oc4ccccc4c3C(=O)c3ccccc3)CC2)cc1OC,False
MRPBGBKPCPJUTC-UHFFFAOYSA-N,1,4.16775,4.16775,,4.16775,4.16775,0.0,0.0,COc1ccc(CN2CCC(c3oc4ccccc4c3C(=O)c3ccc(OC)c(OC)c3)CC2)cc1OC,False
XUUAVZAGVHTUGK-UHFFFAOYSA-N,1,4.23515,4.23515,,4.23515,4.23515,0.0,0.0,COc1ccc(OC)c(CN2CCC(c3oc4ccccc4c3C(=O)c3ccccc3)CC2)c1,False
SMNOBZKFCCCERS-UHFFFAOYSA-N,1,4.25641,4.25641,,4.25641,4.25641,0.0,0.0,COc1ccc(OC)c(CN2CCC(c3oc4ccccc4c3C(=O)c3ccc(OC)c(OC)c3)CC2)c1,False
YIPFVRUSXPLAIA-UHFFFAOYSA-N,1,4.21481,4.21481,,4.21481,4.21481,0.0,0.0,COc1ccc(C(=O)c2c(C3CCN(Cc4cc(OC)ccc4OC)CC3)oc3ccccc23)cc1,False
HUYFGENREADJSK-UHFFFAOYSA-N,1,4.01265,4.01265,,4.01265,4.01265,0.0,0.0,COc1ccc(CN2CCC(c3oc4ccccc4c3C(=O)c3ccccc3)CC2)cc1,False
VLJHMIMODLBWRT-UHFFFAOYSA-N,1,4.22381,4.22381,,4.22381,4.22381,0.0,0.0,COc1ccc(CN2CCC(c3oc4ccccc4c3C(=O)c3ccc(OC)cc3)CC2)cc1,False
DXZUJGHPCQSCHE-UHFFFAOYSA-N,1,5.96138,5.96138,,5.96138,5.96138,0.0,0.0,O=C(NCC1CCN(Cc2ccccc2)CC1)c1n[nH]c2ccc(-c3cccnc3)cc12,False
XGLLPXIGVHKLST-UHFFFAOYSA-N,1,5.66234,5.66234,,5.66234,5.66234,0.0,0.0,O=C(NCC1CCN(Cc2ccccc2F)CC1)c1n[nH]c2ccc(-c3cccnc3)cc12,False
MIIFHVXEAJWDFO-UHFFFAOYSA-N,1,6.29328,6.29328,,6.29328,6.29328,0.0,0.0,O=C(CC1CCN(Cc2ccccc2)CC1)Nc1n[nH]c2cc(-c3cccnc3)ccc12,False
MNYMTRSJCXHXCH-UHFFFAOYSA-N,1,6.16052,6.16052,,6.16052,6.16052,0.0,0.0,O=C(CC1CCN(Cc2ccccc2F)CC1)Nc1n[nH]c2cc(-c3cccnc3)ccc12,False
WXMOKZNUJCRTEO-UHFFFAOYSA-N,1,6.28567,6.28567,,6.28567,6.28567,0.0,0.0,O=C(CC1CCN(Cc2ccc(F)cc2)CC1)Nc1n[nH]c2cc(-c3cccnc3)ccc12,False
SQXUZVAZCVIHFU-UHFFFAOYSA-N,1,5.95782,5.95782,,5.95782,5.95782,0.0,0.0,O=C(NCC1CCN(Cc2ccccc2)CC1)c1cncc(NC(=O)c2ccnc(NC(=O)C3CC3)c2)c1,False
MKGIGQPTXXJMDY-UHFFFAOYSA-N,1,5.75572,5.75572,,5.75572,5.75572,0.0,0.0,O=C(NCC1CCN(Cc2ccccc2F)CC1)c1cncc(NC(=O)c2ccnc(NC(=O)C3CC3)c2)c1,False
KEUNJQULSSTRRQ-UHFFFAOYSA-N,1,5.62197,5.62197,,5.62197,5.62197,0.0,0.0,O=C(NCC1CCN(Cc2cccc(F)c2)CC1)c1cncc(NC(=O)c2ccnc(NC(=O)C3CC3)c2)c1,False
KZIUKYUXSWKSDB-UHFFFAOYSA-N,1,5.5187,5.5187,,5.5187,5.5187,0.0,0.0,O=C(NCC1CCN(Cc2ccc(F)cc2)CC1)c1cncc(NC(=O)c2ccnc(NC(=O)C3CC3)c2)c1,False
CTEPQURVBGQIEL-UHFFFAOYSA-N,1,5.51329,5.51329,,5.51329,5.51329,0.0,0.0,O=C(NCC1CCN(Cc2ccc(F)c(F)c2)CC1)c1cncc(NC(=O)c2ccnc(NC(=O)C3CC3)c2)c1,False
WNJKRYQIWPFOOG-UHFFFAOYSA-N,1,5.96218,5.96218,,5.96218,5.96218,0.0,0.0,O=C(NCC1CCN(Cc2cccc(Cl)c2)CC1)c1cncc(NC(=O)c2ccnc(NC(=O)C3CC3)c2)c1,False
QHSNOGOBQIARBJ-UHFFFAOYSA-N,1,5.38796,5.38796,,5.38796,5.38796,0.0,0.0,Cc1ccccc1CN1CCC(CNC(=O)c2cncc(NC(=O)c3ccnc(NC(=O)C4CC4)c3)c2)CC1,False
WJZXTHCOSALHRW-UHFFFAOYSA-N,1,5.0,5.0,,5.0,5.0,0.0,0.0,COc1cccc(CN2CCC(CNC(=O)c3cncc(NC(=O)c4ccnc(NC(=O)C5CC5)c4)c3)CC2)c1,False
VKIJTFYGLUKRHX-UHFFFAOYSA-N,1,6.20621,6.20621,,6.20621,6.20621,0.0,0.0,O=C(Nc1cncc(C(=O)NC2CCN(Cc3ccccc3)CC2)c1)c1ccnc(NC(=O)C2CC2)c1,False
QGTSXUHNDBYUKW-UHFFFAOYSA-N,1,5.60189,5.60189,,5.60189,5.60189,0.0,0.0,O=C(Nc1cncc(C(=O)NC2CCN(Cc3cccc(Cl)c3)CC2)c1)c1ccnc(NC(=O)C2CC2)c1,False
GZRZTVNBEPEBSU-UHFFFAOYSA-N,1,5.35734,5.35734,,5.35734,5.35734,0.0,0.0,O=C(NCCC1CCN(Cc2cccc(Cl)c2)CC1)c1cncc(NC(=O)c2cccc(NC(=O)C3CC3)c2)c1,False
MAPUWPDSUZHELW-UHFFFAOYSA-N,1,8.58503,8.58503,,8.58503,8.58503,0.0,0.0,O=C(Nc1cncc(OCC2CCN(Cc3ccccc3)CC2)c1)c1ccnc(NC(=O)C2CC2)c1,False
YLNKOYUKDZZJOW-UHFFFAOYSA-N,1,8.3279,8.3279,,8.3279,8.3279,0.0,0.0,O=C(Nc1cncc(OCC2CCN(Cc3ccccc3F)CC2)c1)c1ccnc(NC(=O)C2CC2)c1,False
YNKUUJYZUJYJRR-UHFFFAOYSA-N,1,9.0,9.0,,9.0,9.0,0.0,0.0,O=C(Nc1cncc(OCC2CCN(Cc3ccc(F)cc3)CC2)c1)c1ccnc(NC(=O)C2CC2)c1,False
UEHKJGRQXQMNEA-UHFFFAOYSA-N,1,7.08831,7.08831,,7.08831,7.08831,0.0,0.0,O=C(Nc1cncc(OCC2CCN(Cc3ccccc3Cl)CC2)c1)c1ccnc(NC(=O)C2CC2)c1,False
BGSBLBSUQGBVNW-UHFFFAOYSA-N,1,5.0,5.0,,5.0,5.0,0.0,0.0,O=C(Nc1cncc(OC2CCN(Cc3ccccc3)CC2)c1)c1ccnc(NC(=O)C2CC2)c1,False
IGURROANDGIDJI-UHFFFAOYSA-N,1,8.04576,8.04576,,8.04576,8.04576,0.0,0.0,CC(=O)Nc1cc(C(=O)Nc2cncc(OCC3CCN(Cc4ccc(F)cc4)CC3)c2)ccn1,False
LXDZCXRWZBSWSC-UHFFFAOYSA-N,1,5.85574,5.85574,,5.85574,5.85574,0.0,0.0,O=C(Nc1cccc(OCC2CCN(Cc3ccccc3)CC2)c1)c1ccnc(NC(=O)C2CC2)c1,False
SPPYZZZXSKUJLA-UHFFFAOYSA-N,1,5.0,5.0,,5.0,5.0,0.0,0.0,CC(=O)Nc1cc(C(=O)Nc2cccc(OCC3CCN(Cc4ccccc4)CC3)c2)ccn1,False
RXSPMQWZEIHVDM-UHFFFAOYSA-N,1,5.88406,5.88406,,5.88406,5.88406,0.0,0.0,O=C(NCC1CCN(Cc2cccc(Cl)c2)CC1)c1cncc(NC(=O)c2ccnc3[nH]ccc23)c1,False
CWBJELZIHSQSHL-UHFFFAOYSA-N,1,6.44612,6.44612,,6.44612,6.44612,0.0,0.0,O=C(NC1CCN(Cc2ccccc2)CC1)c1cncc(NC(=O)c2ccnc3[nH]ccc23)c1,False
QUKLTKQLXYSPFO-UHFFFAOYSA-N,1,6.64397,6.64397,,6.64397,6.64397,0.0,0.0,O=C(NC1CCN(Cc2ccc(F)cc2)CC1)c1cncc(NC(=O)c2ccnc3[nH]ccc23)c1,False
NTIXCYUTHPYLGJ-UHFFFAOYSA-N,1,8.40894,8.40894,,8.40894,8.40894,0.0,0.0,O=C(Nc1cncc(OCC2CCN(Cc3ccccc3)CC2)c1)c1ccnc2[nH]ccc12,False
JLEUABRXWVMKHP-UHFFFAOYSA-N,1,4.39903,4.39903,,4.39903,4.39903,0.0,0.0,COc1ccc2[nH]cc(CCNC(=O)Cn3cc(CN4CCc5cc(OC)c(OC)cc5C4CCCN4C(=O)c5ccccc5C4=O)nn3)c2c1,False
QNQQDGVPEJIAKF-UHFFFAOYSA-N,1,5.65758,5.65758,,5.65758,5.65758,0.0,0.0,COc1ccc2[nH]cc(CCNC(=O)Cn3cc(CCCCN(C)CCCC4c5cc(OC)c(OC)cc5CCN4C)nn3)c2c1,False
BONSTVLWAPBWEJ-LZZMJICFSA-N,1,5.26664,5.26664,,5.26664,5.26664,0.0,0.0,COc1ccc2[nH]cc(CCNC(=O)Cn3cc(CN4CC[C@@]56C=C[C@H](O)C[C@@H]5Oc5c(OC)ccc(c56)C4)nn3)c2c1,False
GHNRWPLXCBXYEM-HFYPTWNKSA-N,1,5.99913,5.99913,,5.99913,5.99913,0.0,0.0,COc1ccc2[nH]cc(CCNC(=O)CCCCn3cc(CN4CC[C@@]56C=C[C@H](O)C[C@@H]5Oc5c(OC)ccc(c56)C4)nn3)c2c1,False
GLSRNLVTJIASQO-MQHRBSSMSA-N,1,6.86012,6.86012,,6.86012,6.86012,0.0,0.0,COc1ccc2c3c1O[C@H]1C[C@@H](O)C=C[C@@]31CCN(CCCCc1cn(CC(=O)NCCc3c[nH]c4ccccc34)nn1)C2,False
OCGOVZKWSYWPMO-DUDRRYTISA-N,1,6.92082,6.92082,,6.92082,6.92082,0.0,0.0,COc1ccc2c3c1O[C@H]1C[C@@H](O)C=C[C@@]31CCN(CCCCc1cn(CCCC(=O)NCCc3c[nH]c4ccccc34)nn1)C2,False
XCWQKCHWOQFCQT-FIKWBYJGSA-N,1,7.50864,7.50864,,7.50864,7.50864,0.0,0.0,COc1ccc2c3c1O[C@H]1C[C@@H](O)C=C[C@@]31CCN(CCCCc1cn(CCCCC(=O)NCCc3c[nH]c4ccccc34)nn1)C2,False
DUJZJMXOJAJFRY-HFYPTWNKSA-N,1,7.63827,7.63827,,7.63827,7.63827,0.0,0.0,COc1ccc2[nH]cc(CCNC(=O)Cn3cc(CCCCN4CC[C@@]56C=C[C@H](O)C[C@@H]5Oc5c(OC)ccc(c56)C4)nn3)c2c1,False
GRGRSPYUJIFMHC-AEOVLEPASA-N,1,7.74473,7.74473,,7.74473,7.74473,0.0,0.0,COc1ccc2[nH]cc(CCNC(=O)CCCCn3cc(CCCCN4CC[C@@]56C=C[C@H](O)C[C@@H]5Oc5c(OC)ccc(c56)C4)nn3)c2c1,False
YGZMGSNKRRWPDT-XVAYZXCPSA-N,1,5.0,5.0,,5.0,5.0,0.0,0.0,Cn1cc2cc(-c3ccc(N[C@H]4C[C@@H]5CN(CC6CCOCC6)C[C@@H]5C4)nn3)ccc2n1,False
RKHGQLCCNBYMJX-BWTSREIZSA-N,1,8.76955,8.76955,,8.76955,8.76955,0.0,0.0,Fc1ccccc1-c1ccc(N[C@H]2C[C@@H]3CN(CC4CCOCC4)C[C@@H]3C2)nn1,False
MFZFTIAUXVYCFV-UHFFFAOYSA-N,1,8.73993,8.73993,,8.73993,8.73993,0.0,0.0,CC1=CC2Cc3nc4cc(Cl)ccc4c(NCCCCCCCCCNC(=O)c4ccc[nH]c4=O)c3C(C1)C2,False
XVFMIEFXOOYHGW-UHFFFAOYSA-N,1,8.61979,8.61979,,8.61979,8.61979,0.0,0.0,CC1=CC2Cc3nc4cc(Cl)ccc4c(NCCCCCCCCCNS(=O)(=O)c4cn[nH]c4)c3C(C1)C2,False
LODADOWHBHYNFI-UHFFFAOYSA-N,1,8.59007,8.59007,,8.59007,8.59007,0.0,0.0,CC1=CC2Cc3nc4cc(Cl)ccc4c(NCCCCCCCCCNC(=O)c4cc(O)cc(O)c4)c3C(C1)C2,False
KQBINWYKLBXRPW-UHFFFAOYSA-N,1,8.6216,8.6216,,8.6216,8.6216,0.0,0.0,CC1=CC2Cc3nc4cc(Cl)ccc4c(NCCCCCCCCC(=O)Nc4cn[nH]c4)c3C(C1)C2,False
ZBIXRKNNTMNYEM-UHFFFAOYSA-N,1,9.38722,9.38722,,9.38722,9.38722,0.0,0.0,CC1=CC2Cc3nc4cc(Cl)ccc4c(NCCCCCCCCC(=O)N4CCNC(=O)C4)c3C(C1)C2,False
GJLRIIBNLFEURH-UHFFFAOYSA-N,1,9.20066,9.20066,,9.20066,9.20066,0.0,0.0,CC1=CC2Cc3nc4cc(Cl)ccc4c(NCCCCCCCCC(=O)NCc4cc[nH]c(=O)c4)c3C(C1)C2,False
REJJQNQSWRYGAY-UHFFFAOYSA-N,1,8.90309,8.90309,,8.90309,8.90309,0.0,0.0,COc1cc(CNC(=O)CCCCCCCCNc2c3c(nc4cc(Cl)ccc24)CC2C=C(C)CC3C2)ccn1,False
ZSCIOAUFGUNSQT-AJNGGQMLSA-N,1,4.0,4.0,,4.0,4.0,0.0,0.0,CO[C@H]1C[C@H]2C(=C[C@@H]1O)[C@H]1CN2Cc2cc3c(cc21)OCO3,False
CHRKYCQDEABPCW-MXBUBSDBSA-N,1,4.0,4.0,,4.0,4.0,0.0,0.0,CO[C@H]1C[C@H]2C(=C[C@@H]1OC(=O)c1ccccc1)[C@H]1CN2Cc2cc3c(cc21)OCO3,False
YLZVPLAICPKHDI-CIEVZJJWSA-N,1,4.0,4.0,,4.0,4.0,0.0,0.0,CO[C@H]1C[C@H]2C(=C[C@@H]1OC(=O)c1ccccc1C)[C@H]1CN2Cc2cc3c(cc21)OCO3,False
OBXGNCWEQDQKHJ-CIEVZJJWSA-N,1,4.0,4.0,,4.0,4.0,0.0,0.0,CO[C@H]1C[C@H]2C(=C[C@@H]1OC(=O)c1cccc(C)c1)[C@H]1CN2Cc2cc3c(cc21)OCO3,False
AXULBAOLCICQBA-CIEVZJJWSA-N,1,4.0,4.0,,4.0,4.0,0.0,0.0,CO[C@H]1C[C@H]2C(=C[C@@H]1OC(=O)c1ccc(C)cc1)[C@H]1CN2Cc2cc3c(cc21)OCO3,False
FQPCABGUSNRLJP-RSKVWTTASA-N,1,4.0,4.0,,4.0,4.0,0.0,0.0,COc1ccccc1C(=O)O[C@H]1C=C2[C@H]3CN(Cc4cc5c(cc43)OCO5)[C@H]2C[C@@H]1OC,False
DSVGVVMVXWKBAQ-CIEVZJJWSA-N,1,4.0,4.0,,4.0,4.0,0.0,0.0,COc1cccc(C(=O)O[C@H]2C=C3[C@H]4CN(Cc5cc6c(cc54)OCO6)[C@H]3C[C@@H]2OC)c1,False
DLXGGOUXDARYMW-CIEVZJJWSA-N,1,4.0,4.0,,4.0,4.0,0.0,0.0,COc1ccc(C(=O)O[C@H]2C=C3[C@H]4CN(Cc5cc6c(cc54)OCO6)[C@H]3C[C@@H]2OC)cc1,False
ZDPZLTNELBAFQI-LSYVANFTSA-N,1,4.0,4.0,,4.0,4.0,0.0,0.0,COc1ccc(C(=O)O[C@H]2C=C3[C@H]4CN(Cc5cc6c(cc54)OCO6)[C@H]3C[C@@H]2OC)cc1OC,False
AHLZTODDWYJSII-UDSSINMLSA-N,1,4.0,4.0,,4.0,4.0,0.0,0.0,CO[C@H]1C[C@H]2C(=C[C@@H]1OC(=O)c1ccccc1[N+](=O)[O-])[C@H]1CN2Cc2cc3c(cc21)OCO3,False
KBXPJSHCOSLGKK-MXBUBSDBSA-N,1,4.0,4.0,,4.0,4.0,0.0,0.0,CO[C@H]1C[C@H]2C(=C[C@@H]1OC(=O)c1cccc([N+](=O)[O-])c1)[C@H]1CN2Cc2cc3c(cc21)OCO3,False
JQYSHHKUPCMQJE-MXBUBSDBSA-N,1,4.0,4.0,,4.0,4.0,0.0,0.0,CO[C@H]1C[C@H]2C(=C[C@@H]1OC(=O)c1ccc([N+](=O)[O-])cc1)[C@H]1CN2Cc2cc3c(cc21)OCO3,False
KADCKFGWJPAORO-MXBUBSDBSA-N,1,4.88406,4.88406,,4.88406,4.88406,0.0,0.0,CO[C@H]1C[C@H]2C(=C[C@@H]1OC(=O)c1cc([N+](=O)[O-])cc([N+](=O)[O-])c1)[C@H]1CN2Cc2cc3c(cc21)OCO3,False
UTWQQVAXYHDONA-DMKCZBPRSA-N,1,5.79317,5.79317,,5.79317,5.79317,0.0,0.0,CO[C@H]1C[C@H]2C(=C[C@@H]1OC(=O)c1ccc(Cl)c([N+](=O)[O-])c1)[C@H]1CN2Cc2cc3c(cc21)OCO3,False
OMZOMTHYCJMWFQ-FVLCUVFVSA-N,1,5.36452,5.36452,,5.36452,5.36452,0.0,0.0,CO[C@H]1C[C@H]2C(=C[C@@H]1OC(=O)c1ccc(C)c([N+](=O)[O-])c1)[C@H]1CN2Cc2cc3c(cc21)OCO3,False
ZPBAYYLTKSQPGE-UDSSINMLSA-N,1,5.49757,5.49757,,5.49757,5.49757,0.0,0.0,CO[C@H]1C[C@H]2C(=C[C@@H]1OC(=O)c1cc([N+](=O)[O-])ccc1Cl)[C@H]1CN2Cc2cc3c(cc21)OCO3,False
CYOAIMLCWJRREG-UDSSINMLSA-N,1,4.0,4.0,,4.0,4.0,0.0,0.0,CO[C@H]1C[C@H]2C(=C[C@@H]1OC(=O)c1ccc([N+](=O)[O-])cc1Cl)[C@H]1CN2Cc2cc3c(cc21)OCO3,False
LQUQMHWHAGTKJH-MXBUBSDBSA-N,1,4.0,4.0,,4.0,4.0,0.0,0.0,CO[C@H]1C[C@H]2C(=C[C@@H]1OC(=O)c1cc(Br)cc([N+](=O)[O-])c1)[C@H]1CN2Cc2cc3c(cc21)OCO3,False
QVXANDFAXFZIIT-STHPQGGCSA-N,1,4.0,4.0,,4.0,4.0,0.0,0.0,CO[C@H]1C[C@H]2C(=C[C@@H]1OC(=O)c1ccco1)[C@H]1CN2Cc2cc3c(cc21)OCO3,False
KEHWXQVFNPFIFV-NTLWEQJWSA-N,1,4.0,4.0,,4.0,4.0,0.0,0.0,CO[C@H]1C[C@H]2C(=C[C@@H]1OC(=O)c1ccoc1)[C@H]1CN2Cc2cc3c(cc21)OCO3,False
JVJVMBPVPXNEDR-BOSXTWCSSA-N,1,4.0,4.0,,4.0,4.0,0.0,0.0,CO[C@H]1C[C@H]2C(=C[C@@H]1OC(=O)c1cccs1)[C@H]1CN2Cc2cc3c(cc21)OCO3,False
MXFJNWCPEAGJKA-OZIGNCPNSA-N,1,4.0,4.0,,4.0,4.0,0.0,0.0,CO[C@H]1C[C@H]2C(=C[C@@H]1OC(=O)N1CCCCC1)[C@H]1CN2Cc2cc3c(cc21)OCO3,False
BJCVXBZBWHFIAQ-MXBUBSDBSA-N,1,4.0,4.0,,4.0,4.0,0.0,0.0,CO[C@H]1C[C@H]2C(=C[C@@H]1OC(=O)C1CCCCC1)[C@H]1CN2Cc2cc3c(cc21)OCO3,False
GTNNCQYBQQUTKI-FKEBYFGASA-N,1,4.0,4.0,,4.0,4.0,0.0,0.0,CO[C@H]1C[C@H]2C(=C[C@@H]1OCCN1CCCCC1)[C@H]1CN2Cc2cc3c(cc21)OCO3,False
MKYLOMHWHWEFCT-AJNGGQMLSA-N,1,4.0,4.0,,4.0,4.0,0.0,0.0,CO[C@H]1C=C2[C@H]3CN(Cc4cc5c(cc43)OCO5)[C@H]2C[C@@H]1O,False
XZSRNHPJAHCDDQ-FVLCUVFVSA-N,1,4.0,4.0,,4.0,4.0,0.0,0.0,CO[C@H]1C=C2[C@H]3CN(Cc4cc5c(cc43)OCO5)[C@H]2C[C@@H]1OC(=O)c1ccc(C)c([N+](=O)[O-])c1,False
AQHAZYYKLLYPIO-DMKCZBPRSA-N,1,4.0,4.0,,4.0,4.0,0.0,0.0,CO[C@H]1C=C2[C@H]3CN(Cc4cc5c(cc43)OCO5)[C@H]2C[C@@H]1OC(=O)c1ccc(Cl)c([N+](=O)[O-])c1,False
IZOKBBBAZICBJX-UDSSINMLSA-N,1,4.0,4.0,,4.0,4.0,0.0,0.0,CO[C@H]1C=C2[C@H]3CN(Cc4cc5c(cc43)OCO5)[C@H]2C[C@@H]1OC(=O)c1ccc([N+](=O)[O-])cc1Cl,False
WGUYOBFEURAONZ-UDSSINMLSA-N,1,4.0,4.0,,4.0,4.0,0.0,0.0,CO[C@H]1C=C2[C@H]3CN(Cc4cc5c(cc43)OCO5)[C@H]2C[C@@H]1OC(=O)c1cc([N+](=O)[O-])ccc1Cl,False
NAQHAFOWUQCIEC-OZIGNCPNSA-N,1,4.0,4.0,,4.0,4.0,0.0,0.0,CO[C@H]1C=C2[C@H]3CN(Cc4cc5c(cc43)OCO5)[C@H]2C[C@@H]1OC(=O)N1CCCCC1,False
VBKMVDBQDDXULM-UXYIHQQYSA-N,1,5.39794,5.39794,,5.39794,5.39794,0.0,0.0,O=C(O[C@H]1CN2Cc3cc4c(cc3[C@]13C=C[C@@H](O)C[C@H]23)OCO4)c1cccc([N+](=O)[O-])c1,False
UZVFCBOEGRELML-UYILYCRRSA-N,1,4.88606,4.88606,,4.88606,4.88606,0.0,0.0,O=C(O[C@H]1CN2Cc3cc4c(cc3[C@]13C=C[C@@H](O)C[C@H]23)OCO4)c1ccccc1Cl,False
WJRFVEMIXYSLDY-XBZMYCLCSA-N,1,4.04576,4.04576,,4.04576,4.04576,0.0,0.0,COc1ccccc1C(=O)O[C@H]1CN2Cc3cc4c(cc3[C@]13C=C[C@@H](O)C[C@H]23)OCO4,False
VSTAIJIERDEOBL-XFEVJDRUSA-N,1,4.22185,4.22185,,4.22185,4.22185,0.0,0.0,O=C(O[C@@H]1C=C[C@]23CCN(Cc4cc5c(cc42)OCO5)[C@H]3C1)c1ccccc1[N+](=O)[O-],False
PHPJLCDHKVALLN-UWSIMGETSA-N,1,4.0,4.0,,4.0,4.0,0.0,0.0,Cc1ccccc1C(=O)O[C@@H]1C=C[C@]23CCN(Cc4cc5c(cc42)OCO5)[C@H]3C1,False
UJJQSJGABQDJMQ-UGQOYBTKSA-N,1,4.0,4.0,,4.0,4.0,0.0,0.0,COc1c2c(cc3c1OCO3)[C@]13C=C[C@H](OC)C[C@H]1N(C2)C[C@H]3OC(=O)c1cccc2ccccc12,False
IRAQJQRBBHXZHY-INIZCTEOSA-N,1,4.17653,4.17653,,4.17653,4.17653,0.0,0.0,COc1cc2c(c(CO)c1OC)C[C@H]1c3c(cc4c(c3OC)OCO4)CC[N+]1=C2,False
MBUPJYSOFAOZNS-INIZCTEOSA-N,1,4.72354,4.72354,,4.72354,4.72354,0.0,0.0,COc1cc2c(c3c1OCOC3)C[C@H]1c3c(cc4c(c3OC)OCO4)CC[N+]1=C2,False
YBDPGYNCDXZFOS-UHFFFAOYSA-N,1,4.69897,4.69897,,4.69897,4.69897,0.0,0.0,COc1cc2c[n+]3c(cc2c(CO)c1OC)-c1c(cc2c(c1OC)OCO2)CC3,False
QJZHAQOTBKWPGS-INIZCTEOSA-N,1,4.70115,4.70115,,4.70115,4.70115,0.0,0.0,COc1cc2c(c3c1OCOC3)C[C@H]1c3c(cc4c(c3OC)OCO4)CCN1C2,False
FLAPMGRYQNUMDJ-UHFFFAOYSA-N,1,4.79588,4.79588,,4.79588,4.79588,0.0,0.0,COc1c(-c2ccc(O)cc2)cc2oc3cc(O)c(O)cc3c2c1O,False
OSMWANBXVVPETF-XCZPVHLTSA-N,2,7.173395,7.173395,2.222203268031528,5.60206,8.74473,1.5713350000000004,3.1426700000000007,CN1c2ccc(OC(=O)NCC3CCCCC3)cc2[C@]2(C)CCN(CCc3ccccc3)[C@H]12,True
ZEZHVLKHFYAVTB-PYMCNQPYSA-N,1,8.22185,8.22185,,8.22185,8.22185,0.0,0.0,CCNC(=O)Oc1ccc2c(c1)[C@]1(C)CCOC1O2,False
QIYIAVWWIGXXBQ-QWAKEFERSA-N,1,7.56864,7.56864,,7.56864,7.56864,0.0,0.0,CC(C)c1ccc(NC(=O)Oc2ccc3c(c2)[C@]2(C)CCOC2O3)cc1,False
SRVYFUQBPJZPMS-BDYUSTAISA-N,1,7.65758,7.65758,,7.65758,7.65758,0.0,0.0,CN1c2ccc(OC(=O)NC3CCCCC3)cc2[C@]2(C)CCN(CCc3ccccc3)[C@H]12,False
GAESUMXHPCHJKQ-UHFFFAOYSA-N,1,9.23657,9.23657,,9.23657,9.23657,0.0,0.0,N#Cc1ccc2[nH]cc(CCCCN3CCN(c4ccc(C(=O)CCC5CCN(Cc6ccccc6)CC5)cc4)CC3)c2c1,False
RWXZXJNJQZFMAE-UHFFFAOYSA-N,1,5.92082,5.92082,,5.92082,5.92082,0.0,0.0,Cc1c(C)c2ccc(OCC3CCCN(Cc4cccc(F)c4)C3)cc2oc1=O,False
KUHCABBCAHJPQR-UHFFFAOYSA-N,1,6.31876,6.31876,,6.31876,6.31876,0.0,0.0,Cc1c(C)c2ccc(OCC3CCCN(CCCC(F)F)C3)cc2oc1=O,False
RYVDJROSDCHIPC-UHFFFAOYSA-N,1,6.33724,6.33724,,6.33724,6.33724,0.0,0.0,Cc1c(C)c2ccc(OCC3CCN(Cc4cccc(F)c4)CC3)cc2oc1=O,False
KOLQZDAHCMXISM-UHFFFAOYSA-N,1,6.3279,6.3279,,6.3279,6.3279,0.0,0.0,Cc1c(C)c2ccc(OCC3CCN(Cc4cccc(C(F)(F)F)c4)CC3)cc2oc1=O,False
NQNJDDJLRMICLQ-UHFFFAOYSA-N,1,5.92082,5.92082,,5.92082,5.92082,0.0,0.0,Cc1c(C)c2ccc(OCC3CCN(CCCC(F)F)CC3)cc2oc1=O,False
LMSJPMKZTVCUMM-UHFFFAOYSA-N,1,5.92082,5.92082,,5.92082,5.92082,0.0,0.0,CCN(CCCOc1ccc2c(C)c(C)c(=O)oc2c1)Cc1cccc(F)c1,False
XEKGDDSQICBFDK-UHFFFAOYSA-N,1,6.04096,6.04096,,6.04096,6.04096,0.0,0.0,Cc1c(C)c2ccc(OCCCN(Cc3cccc(F)c3)C(C)C)cc2oc1=O,False
JFBYGVYECDFTLS-UHFFFAOYSA-N,1,5.76955,5.76955,,5.76955,5.76955,0.0,0.0,Cc1c(C)c2ccc(OCc3cccc(CN(C)CCCC(F)F)c3)cc2oc1=O,False
UXFJYPQDRBVIIL-UHFFFAOYSA-N,1,5.82391,5.82391,,5.82391,5.82391,0.0,0.0,Cc1c(C)c2ccc(OCc3ccc(CN(C)CCCC(F)F)cc3)cc2oc1=O,False
HUXCCRUQLRWJNF-UHFFFAOYSA-N,1,6.25964,6.25964,,6.25964,6.25964,0.0,0.0,CN(CCCC(F)F)Cc1ccc(COc2ccc3c(CO)cc(=O)oc3c2)cc1,False
QLJQCJJMXAPXRX-UHFFFAOYSA-N,1,6.48149,6.48149,,6.48149,6.48149,0.0,0.0,CN(Cc1ccc(COc2ccc3c(CO)cc(=O)oc3c2)cc1)Cc1cccc(F)c1,False
KUBYHRTYKKZBKV-UHFFFAOYSA-N,1,6.25181,6.25181,,6.25181,6.25181,0.0,0.0,CN(Cc1ccccc1)Cc1ccc(COc2ccc3c(C(F)F)cc(=O)oc3c2)cc1,False
JORAAUMJWAFSIM-UHFFFAOYSA-N,1,5.95861,5.95861,,5.95861,5.95861,0.0,0.0,Cc1c(C)c2ccc(OCC3CCCN(CCCO)C3)cc2oc1=O,False
HKIDXMKKZYHFEM-UHFFFAOYSA-N,4,5.869965,5.9028825,0.12111641517564793,5.79588,6.07572,0.04508999999999963,0.2798399999999992,Cc1c(C)c2ccc(OCC3CCCN(Cc4ccccc4)C3)cc2oc1=O,False
MWFBGTXYOJLQIW-UHFFFAOYSA-N,1,6.42022,6.42022,,6.42022,6.42022,0.0,0.0,Cc1c(C)c2ccc(OCC3CCN(Cc4ccccc4)CC3)cc2oc1=O,False
LSEUJBVYGRJBEU-UHFFFAOYSA-N,1,5.65758,5.65758,,5.65758,5.65758,0.0,0.0,CN(CCCO)Cc1ccc(COc2ccc3c(CO)cc(=O)oc3c2)cc1,False
OWFPUTJZUAQYFR-UHFFFAOYSA-N,1,7.68194,7.68194,,7.68194,7.68194,0.0,0.0,COC(=O)c1c(CCCCCCCCNc2c3c(nc4ccccc24)CCCC3)cccc1OC,False
BVWLKHFEAAHNIO-UHFFFAOYSA-N,1,8.59517,8.59517,,8.59517,8.59517,0.0,0.0,COC(=O)c1c(CCCCCCCCNc2c3c(nc4cc(Cl)ccc24)CCCC3)cccc1OC,False
PXDDKQXHQWPKJR-UHFFFAOYSA-N,1,5.89963,5.89963,,5.89963,5.89963,0.0,0.0,COC(=O)c1c(CCCCCCCCNc2c3c(nc4ccc(OC)cc24)CCCC3)cccc1OC,False
CIAUOFBPIZNSLU-UHFFFAOYSA-N,1,7.39794,7.39794,,7.39794,7.39794,0.0,0.0,COc1cccc(CCCCCCCCNc2c3c(nc4ccccc24)CCCC3)c1,False
BBPYQOCREQEZQX-UHFFFAOYSA-N,1,8.24336,8.24336,,8.24336,8.24336,0.0,0.0,COc1cccc(CCCCCCCCNc2c3c(nc4cc(Cl)ccc24)CCCC3)c1,False
LXPPUCDCZRFXKD-UHFFFAOYSA-N,1,7.32606,7.32606,,7.32606,7.32606,0.0,0.0,COc1cc(CCCCCCCCNc2c3c(nc4ccccc24)CCCC3)cc(OC)c1,False
JGUNLVMXZSXJHV-UHFFFAOYSA-N,1,8.29243,8.29243,,8.29243,8.29243,0.0,0.0,COc1cc(CCCCCCCCNc2c3c(nc4cc(Cl)ccc24)CCCC3)cc(OC)c1,False
PDWLKJVPQVBZOR-UHFFFAOYSA-N,1,7.76955,7.76955,,7.76955,7.76955,0.0,0.0,COC(=O)c1c(O)cccc1CCCCCCCCNc1c2c(nc3ccccc13)CCCC2,False
AEQOQTVQIUOOKP-UHFFFAOYSA-N,1,8.55129,8.55129,,8.55129,8.55129,0.0,0.0,COC(=O)c1c(O)cccc1CCCCCCCCNc1c2c(nc3cc(Cl)ccc13)CCCC2,False
XCVWIWZWCXBMOJ-UHFFFAOYSA-N,1,6.73518,6.73518,,6.73518,6.73518,0.0,0.0,O=C(O)c1c(O)cccc1CCCCCCCCNc1c2c(nc3ccccc13)CCCC2,False
BMTLZVAZBOEBJY-UHFFFAOYSA-N,1,7.8729,7.8729,,7.8729,7.8729,0.0,0.0,O=C(O)c1c(O)cccc1CCCCCCCCNc1c2c(nc3cc(Cl)ccc13)CCCC2,False
SWOVBPBKUPCUET-UHFFFAOYSA-N,1,7.7167,7.7167,,7.7167,7.7167,0.0,0.0,Oc1cccc(CCCCCCCCNc2c3c(nc4ccccc24)CCCC3)c1,False
RHRPEZRIYKIIFR-UHFFFAOYSA-N,1,8.37779,8.37779,,8.37779,8.37779,0.0,0.0,Oc1cccc(CCCCCCCCNc2c3c(nc4cc(Cl)ccc24)CCCC3)c1,False
BEBDKSYNJJVZSO-SECBINFHSA-N,1,5.0,5.0,,5.0,5.0,0.0,0.0,Cc1cn([C@H](C)CC#N)c(=O)c2cc(Cn3nc(C(F)F)cc3Cl)nn12,False
CIMNCRAYKQYYMB-HKOYGPOVSA-N,1,7.65365,7.65365,,7.65365,7.65365,0.0,0.0,COc1ccc2nc3c(c(NCCCCCCCCN(CC(=O)Nc4ccc5ccccc5c4)C(=O)/C=C/c4ccc(O)c(OC)c4)c2c1)CCCC3,False
CZQSTWRTKNOMPM-BMRADRMJSA-N,1,7.20971,7.20971,,7.20971,7.20971,0.0,0.0,COC(=O)/C=C/c1ccc(OCCCCCN2CCN(CC(=O)Nc3c4c(nc5ccccc35)CCCC4)CC2)c(OC)c1,False
UAELRVBKGQGVOE-WYMLVPIESA-N,1,7.70553,7.70553,,7.70553,7.70553,0.0,0.0,COc1cc(/C=C/C(=O)OCCCCCN(C)Cc2cccc(OC(=O)N(C)C)c2)ccc1O,False
TXTFWJUWTBOXCY-UHFFFAOYSA-O,1,5.13668,5.13668,,5.13668,5.13668,0.0,0.0,C[N+](C)(C)CCNC(=O)/C=C/c1ccc(O)c(O)c1,False
HDXNOXGBBUGQSX-YCRREMRBSA-N,1,7.03621,7.03621,,7.03621,7.03621,0.0,0.0,COc1cc(/C=C/c2nnc(-c3ccc(OC(F)(F)F)cc3)o2)ccc1O,False
QOEIFKBUDHUWRG-VQHVLOKHSA-O,1,7.7167,7.7167,,7.7167,7.7167,0.0,0.0,COc1ccc(/C=C/C(=O)Nc2cc[n+](Cc3cccc(F)c3)cc2)cc1OC,False
CTAZCILTEPEKBH-UXBLZVDNSA-O,1,8.0655,8.0655,,8.0655,8.0655,0.0,0.0,COc1ccc(/C=C/C(=O)Nc2cc[n+](Cc3ccc(F)cc3)cc2)cc1OC,False
HVTCKKMWZDDWOY-UHFFFAOYSA-O,1,5.10791,5.10791,,5.10791,5.10791,0.0,0.0,COc1ccc2cc3[n+](cc2c1OC)CCc1cc(O)c(O)cc1-3,False
DAHMYCXNJSCLGA-UHFFFAOYSA-O,1,5.63827,5.63827,,5.63827,5.63827,0.0,0.0,Oc1cc2c(cc1O)-c1cc3ccc(O)c(O)c3c[n+]1CC2,False
BVAZJBOQPDZZAZ-JOSQFXLQSA-N,1,4.86646,4.86646,,4.86646,4.86646,0.0,0.0,CC(=O)O[C@@H]1C[C@@]2(C)Oc3cc(C)oc(=O)c3C[C@@H]2[C@@]2(C)C=CC(=O)C(C)(C)[C@H]12,False
BINZQDMZAMRQON-YBFXNURJSA-N,1,7.20066,7.20066,,7.20066,7.20066,0.0,0.0,CCN(CC)Cc1ccc(/C=C2\Cc3cc(OC)c(OC)cc3C2=O)cc1,False
BINZQDMZAMRQON-UHFFFAOYSA-N,1,6.59688,6.59688,,6.59688,6.59688,0.0,0.0,CCN(CC)Cc1ccc(C=C2Cc3cc(OC)c(OC)cc3C2=O)cc1,False
GCUUMOLNVMESBD-CPNJWEJPSA-N,1,6.21325,6.21325,,6.21325,6.21325,0.0,0.0,CCN(CC)Cc1ccc(/C=C2\Cc3ccccc3C2=O)cc1,False
GCUUMOLNVMESBD-UHFFFAOYSA-N,1,5.88273,5.88273,,5.88273,5.88273,0.0,0.0,CCN(CC)Cc1ccc(C=C2Cc3ccccc3C2=O)cc1,False
RCWXHDBGQZGVNI-XDHOZWIPSA-N,1,6.94692,6.94692,,6.94692,6.94692,0.0,0.0,CCN(CC)Cc1ccc(/C=C2\Cc3cc(OC)ccc3C2=O)cc1,False
RCWXHDBGQZGVNI-UHFFFAOYSA-N,1,6.29671,6.29671,,6.29671,6.29671,0.0,0.0,CCN(CC)Cc1ccc(C=C2Cc3cc(OC)ccc3C2=O)cc1,False
RCWXHDBGQZGVNI-UNOMPAQXSA-N,1,5.9393,5.9393,,5.9393,5.9393,0.0,0.0,CCN(CC)Cc1ccc(/C=C2/Cc3cc(OC)ccc3C2=O)cc1,False
HIBLJTJFHVLUBG-XDHOZWIPSA-N,1,6.01592,6.01592,,6.01592,6.01592,0.0,0.0,CCN(CC)Cc1ccc(/C=C2\Cc3ccc(OC)cc3C2=O)cc1,False
HIBLJTJFHVLUBG-UHFFFAOYSA-N,1,5.95861,5.95861,,5.95861,5.95861,0.0,0.0,CCN(CC)Cc1ccc(C=C2Cc3ccc(OC)cc3C2=O)cc1,False
UAPMQEQMDPDITR-UHFFFAOYSA-N,1,6.19382,6.19382,,6.19382,6.19382,0.0,0.0,CC(=O)N1N=C(c2ccc(-c3ccccc3)cc2)CC1c1ccccc1[N+](=O)[O-],False
AACVKVMUDUPMQI-UHFFFAOYSA-N,1,6.00524,6.00524,,6.00524,6.00524,0.0,0.0,CC(=O)N1N=C(c2ccc(-c3ccccc3)cc2)CC1c1ccc2c(c1)OCO2,False
MXOTUGVPFHXUME-UHFFFAOYSA-N,1,6.09745,6.09745,,6.09745,6.09745,0.0,0.0,CC(=O)N1N=C(c2ccc(-c3ccccc3)cc2)CC1c1ccc2ccccc2c1,False
JVNBOQLTIAVWEN-UHFFFAOYSA-N,1,6.07314,6.07314,,6.07314,6.07314,0.0,0.0,CC(=O)N1N=C(c2ccc(C)cc2)CC1c1ccc(-c2ccccc2)cc1,False
VILNYSOFQITFJL-UHFFFAOYSA-N,1,7.284,7.284,,7.284,7.284,0.0,0.0,CC(=O)N1N=C(c2ccccc2[N+](=O)[O-])CC1c1ccc(-c2ccccc2)cc1,False
ORSGWXOUQFWSGX-UHFFFAOYSA-N,1,6.04431,6.04431,,6.04431,6.04431,0.0,0.0,CC(=O)N1N=C(c2ccc(Br)cc2)CC1c1ccc(-c2ccccc2)cc1,False
QQJBAGHKNSFEOS-UHFFFAOYSA-N,1,6.03953,6.03953,,6.03953,6.03953,0.0,0.0,CC(=O)N1N=C(c2ccc3c(c2)OCO3)CC1c1ccc(-c2ccccc2)cc1,False
VMACFTQBTNAOOJ-UHFFFAOYSA-N,1,7.16749,7.16749,,7.16749,7.16749,0.0,0.0,CC(=O)N1N=C(c2ccc3ccccc3c2)CC1c1ccc(-c2ccccc2)cc1,False
PAORIHXSHCJBDC-LOOAYGQTSA-N,1,4.23657,4.23657,,4.23657,4.23657,0.0,0.0,C[C@H]1CN2C(=O)[C@]34Cc5c([nH]c6c7c(ccc56)OC(C)(C)CC7=O)C(C)(C)[C@@H]3C[C@@]2(C1)C(=O)N4,False
GIAJXBVCANDIRN-UHFFFAOYSA-N,2,6.77848,6.77848,0.03043387586226867,6.75696,6.8,0.02151999999999976,0.04303999999999952,CCCCCCCNC(=O)Oc1ccc(Cc2nc3cc(C(=O)N(CC)CC)ccc3n2CCC(C)C)cc1,False
YBILVISNRAVIPV-UHFFFAOYSA-N,2,5.010635000000001,5.010635000000001,0.015040161235838423,5.0,5.02127,0.010635000000000172,0.021270000000000344,CCN(CC)C(=O)c1ccc2c(c1)nc(Cc1ccc(OC(=O)NCCCCCCN3CCc4ccccc4C3)cc1)n2CCC(C)C,False
HTNKYLZCROSXPM-UHFFFAOYSA-N,2,6.174065000000001,6.174065000000001,0.03667762874014597,6.14813,6.2,0.02593500000000004,0.05187000000000008,CCN(CC)C(=O)c1ccc2c(c1)nc(Cc1ccc(OC(=O)N3CCC3)cc1)n2CCC(C)C,False
UHBNUHALRRHSEI-UHFFFAOYSA-N,2,4.99741,4.99741,0.0036628131265461325,4.99482,5.0,0.0025900000000000922,0.0051800000000001845,CCCCCCCNC(=O)Oc1ccc(Cc2nc3cc(C(=O)N(CC)CC)ccc3n2CCN2CCCCC2)cc1,False
GOVLNEXCLWEPBN-UHFFFAOYSA-N,2,5.683985,5.683985,0.022648630201405277,5.66797,5.7,0.01601499999999989,0.03202999999999978,CCCCCCCNC(=O)Oc1ccc(Cc2nc3cc(C(=O)N(CC)CC)ccc3n2CCCCN2CCCCC2)cc1,False
DMOAIGPIPAOVKX-UHFFFAOYSA-N,2,7.21827,7.21827,0.025880108191427616,7.19997,7.23657,0.018299999999999983,0.036599999999999966,CCCCCCCNC(=O)Oc1ccc(Cc2nc3cc(C(=O)N4CCCCC4)ccc3n2CCC(C)C)cc1,False
UAHDIKFHLMWTTE-ZPOGELFWSA-N,1,6.19382,6.19382,,6.19382,6.19382,0.0,0.0,COc1ccc(-c2cc3c(c(=O)o2)C[C@]2(O)[C@@]4(C)CC[C@@H](O)C(C)(C)[C@]4(O)CC[C@@]2(C)O3)cc1,False
KVJZTPHJCIMWTR-JYOAFUTRSA-N,1,5.06956,5.06956,,5.06956,5.06956,0.0,0.0,COC/C(C=O)=C\CCC1=CC(c2cc(O)ccc2O)OC1=O,False
OEZBWVDBROYJOW-LICLKQGHSA-N,1,5.13253,5.13253,,5.13253,5.13253,0.0,0.0,CCOC1(c2cc(O)ccc2O)C=C(CC/C=C(\C)CCC=C(C)C)C(=O)O1,False
LCMWMPPNVNTYKF-KSEXSDGBSA-N,1,9.82391,9.82391,,9.82391,9.82391,0.0,0.0,COc1cc2c(cc1OC)C(=O)/C(=C/c1cc[n+](Cc3ccc(F)cc3)cc1)OC2,False
PMBFHRFBVLAAAI-UHFFFAOYSA-N,1,5.00789,5.00789,,5.00789,5.00789,0.0,0.0,COc1ccc(OCCCN(C)C(=O)c2cnc(CC(=O)c3ccc(OC)cc3)nc2)cc1,False
ZCCKPXAWGIUKEJ-UHFFFAOYSA-N,1,4.34775,4.34775,,4.34775,4.34775,0.0,0.0,COc1ccc(C(=O)Cc2ncc(C(=O)N(C)CCCOc3cccc(OC)c3)cn2)cc1,False
LEXCASURBOWUBQ-UHFFFAOYSA-N,1,4.52578,4.52578,,4.52578,4.52578,0.0,0.0,COc1ccc(C(=O)Cc2ncc(C(=O)N(C)CCCOc3ccc(OC)c(OC)c3)cn2)cc1,False
PUEOTPVKJIFUJO-UHFFFAOYSA-N,1,5.34104,5.34104,,5.34104,5.34104,0.0,0.0,COc1ccc(C(=O)Cc2ncc(C(=O)N(C)CCCOc3ccc([N+](=O)[O-])cc3)cn2)cc1,False
SUXXPTABOIXEMZ-UHFFFAOYSA-N,1,4.52578,4.52578,,4.52578,4.52578,0.0,0.0,COc1ccc(C(=O)Cc2ncc(C(=O)N(C)CCCOc3ccc(C(F)(F)F)cc3)cn2)cc1,False
MEQXHKNKEORMGO-UHFFFAOYSA-N,1,5.28904,5.28904,,5.28904,5.28904,0.0,0.0,COc1ccc(C(=O)Cc2ncc(C(=O)N(C)CCCOc3c(F)c(F)c(F)c(F)c3F)cn2)cc1,False
BXIOHUDJFOISAV-UHFFFAOYSA-N,1,5.00261,5.00261,,5.00261,5.00261,0.0,0.0,CN(CCCOc1ccc([N+](=O)[O-])cc1)C(=O)c1cnc(CC(=O)c2ccccc2)nc1,False
RHNUQUBOFJPVQT-UHFFFAOYSA-N,1,5.39794,5.39794,,5.39794,5.39794,0.0,0.0,COc1cccc(C(=O)Cc2ncc(C(=O)N(C)CCCOc3ccc([N+](=O)[O-])cc3)cn2)c1,False
GDRNTAGWOJVGBL-UHFFFAOYSA-N,1,5.19382,5.19382,,5.19382,5.19382,0.0,0.0,CCOc1ccc(C(=O)Cc2ncc(C(=O)N(C)CCCOc3ccc([N+](=O)[O-])cc3)cn2)cc1,False
DVLUABFMKPMTHL-UHFFFAOYSA-N,1,6.00436,6.00436,,6.00436,6.00436,0.0,0.0,CN(CCCOc1ccc([N+](=O)[O-])cc1)C(=O)c1cnc(CC(=O)c2ccc3c(c2)OCO3)nc1,False
ZRIATZZGPDRBDZ-UHFFFAOYSA-N,1,5.42136,5.42136,,5.42136,5.42136,0.0,0.0,COc1ccc(C(=O)Cc2ncc(C(=O)N(C)CCCOc3ccc([N+](=O)[O-])cc3)cn2)cc1OC,False
FJTAEXLOOHICDN-UHFFFAOYSA-N,1,6.05552,6.05552,,6.05552,6.05552,0.0,0.0,CN(CCCOc1ccc([N+](=O)[O-])cc1)C(=O)c1cnc(CC(=O)c2cccs2)nc1,False
JFUFSEXREKKJTN-UHFFFAOYSA-N,1,5.0,5.0,,5.0,5.0,0.0,0.0,COc1ccc(C(=O)Cc2ncc(C(=O)NCc3ccc(OC)c(OC)c3)cn2)cc1,False
ORAHSLZARVMGAX-UHFFFAOYSA-N,1,4.55284,4.55284,,4.55284,4.55284,0.0,0.0,COc1ccc(C(=O)Cc2ncc(C(=O)NC3CCN(Cc4ccccc4)CC3)cn2)cc1,False
WNHJUQLRFUJEME-UHFFFAOYSA-N,1,4.76195,4.76195,,4.76195,4.76195,0.0,0.0,COc1ccc(C(=O)Cc2ncc(C(=O)N3CCN(Cc4ccccc4)CC3)cn2)cc1,False
JQDMMSOGPFQLQX-UHFFFAOYSA-N,1,4.74715,4.74715,,4.74715,4.74715,0.0,0.0,COc1ccc(C(=O)Cc2ncc(C(=O)Nc3ccncc3)cn2)cc1,False
OUEIMIQGMDJTQI-UHFFFAOYSA-N,1,4.51286,4.51286,,4.51286,4.51286,0.0,0.0,COc1ccc(C(=O)Cc2ncc(C(=O)NCc3cccs3)cn2)cc1,False
XYUYDYYDXPHTQU-UHFFFAOYSA-N,1,4.68655,4.68655,,4.68655,4.68655,0.0,0.0,CCN1CCN(CCC(=O)Nc2nc3c(C)cccc3s2)CC1,False
VBLIZEIXBKDACF-UHFFFAOYSA-N,1,5.56067,5.56067,,5.56067,5.56067,0.0,0.0,Cc1cccc2sc(NC(=O)CCN3CCN(C(C)C)CC3)nc12,False
TYEZOYJRIMAXMA-UHFFFAOYSA-N,1,6.09151,6.09151,,6.09151,6.09151,0.0,0.0,Cc1cccc2sc(NC(=O)CCN3CCN(C(C)(C)C)CC3)nc12,False
AXNBPJBIFWNNOJ-UHFFFAOYSA-N,1,4.39794,4.39794,,4.39794,4.39794,0.0,0.0,CCCCN1CCN(CCC(=O)Nc2nc3c(C)cccc3s2)CC1,False
XJGKAXITBMNERI-UHFFFAOYSA-N,1,6.31876,6.31876,,6.31876,6.31876,0.0,0.0,Cc1cccc2sc(NC(=O)CCN3CCN(CCN(C)C)CC3)nc12,False
IRQIUGGXEPXXJY-UHFFFAOYSA-N,1,6.38722,6.38722,,6.38722,6.38722,0.0,0.0,Cc1cccc2sc(NC(=O)CCN3CCN(CCCN(C)C)CC3)nc12,False
VJFHGIXPLWBJRF-UHFFFAOYSA-N,1,4.69724,4.69724,,4.69724,4.69724,0.0,0.0,CCOCCN1CCN(CCC(=O)Nc2nc3c(C)cccc3s2)CC1,False
OMCHHLIXQNKLTG-UHFFFAOYSA-N,1,4.39794,4.39794,,4.39794,4.39794,0.0,0.0,CCCCCCN1CCN(CCC(=O)Nc2nc3c(C)cccc3s2)CC1,False
NXPVMNJFZMAIML-UHFFFAOYSA-N,1,5.10182,5.10182,,5.10182,5.10182,0.0,0.0,Cc1cccc2sc(NC(=O)CCN3CCN(CC4CCCO4)CC3)nc12,False
VHQXTKHIQIUABO-UHFFFAOYSA-N,1,4.96218,4.96218,,4.96218,4.96218,0.0,0.0,Cc1cccc2sc(NC(=O)CCN3CCN(C4CCCCC4)CC3)nc12,False
TUKXXYVPWUSZAM-UHFFFAOYSA-N,1,6.46852,6.46852,,6.46852,6.46852,0.0,0.0,Cc1cccc2sc(NC(=O)CCN3CCN(CC4CCCCC4)CC3)nc12,False
AQTMZCRUEMQFRJ-UHFFFAOYSA-N,1,4.97798,4.97798,,4.97798,4.97798,0.0,0.0,Cc1cccc2sc(NC(=O)CCN3CCN(C4CCN(C)CC4)CC3)nc12,False
RKANPVDHWNNOIX-UHFFFAOYSA-N,1,6.61979,6.61979,,6.61979,6.61979,0.0,0.0,Cc1cccc2sc(NC(=O)CCN3CCN(CCN(C(C)C)C(C)C)CC3)nc12,False
CZYWSXAIWGJPTD-UHFFFAOYSA-N,1,4.39794,4.39794,,4.39794,4.39794,0.0,0.0,Cc1ccccc1N1CCN(CCC(=O)Nc2nc3c(C)cccc3s2)CC1,False
LVMJSGWUSMSUOD-UHFFFAOYSA-N,1,5.41794,5.41794,,5.41794,5.41794,0.0,0.0,CC(=O)c1ccc(N2CCN(CCC(=O)Nc3nc4c(C)cccc4s3)CC2)cc1,False
HKQICQOKDDYTSK-UHFFFAOYSA-N,1,4.76371,4.76371,,4.76371,4.76371,0.0,0.0,Cc1cccc2sc(NC(=O)CCN3CCN(c4ccccn4)CC3)nc12,False
SPXJUIUQOLDKNX-UHFFFAOYSA-N,1,4.73969,4.73969,,4.73969,4.73969,0.0,0.0,Cc1cccc2sc(NC(=O)CCN3CCN(c4ccncc4)CC3)nc12,False
JAIDCXAXNMMWJI-UHFFFAOYSA-N,1,4.52259,4.52259,,4.52259,4.52259,0.0,0.0,Cc1cccc2sc(NC(=O)CCN3CCN(c4ncccn4)CC3)nc12,False
BQFAYRBTODBBSH-UHFFFAOYSA-N,1,5.28233,5.28233,,5.28233,5.28233,0.0,0.0,Cc1cccc2sc(NC(=O)CCN3CCN(Cc4ccccc4F)CC3)nc12,False
KEEWNRZJJWZGPB-UHFFFAOYSA-N,1,4.89894,4.89894,,4.89894,4.89894,0.0,0.0,Cc1cccc2sc(NC(=O)CCN3CCN(Cc4cc(F)ccc4F)CC3)nc12,False
LFHVPNSGFKWKDJ-UHFFFAOYSA-N,1,4.39794,4.39794,,4.39794,4.39794,0.0,0.0,Cc1cccc2sc(NC(=O)CCN3CCN(Cc4ccc(C(C)(C)C)cc4)CC3)nc12,False
YYOPOVUCRKBUKY-UHFFFAOYSA-N,1,4.71377,4.71377,,4.71377,4.71377,0.0,0.0,Cc1cccc2sc(NC(=O)CCN3CCN(Cc4cccc5ccccc45)CC3)nc12,False
OTKIZSHLVPXZAG-UHFFFAOYSA-N,1,5.76955,5.76955,,5.76955,5.76955,0.0,0.0,O=C(COc1ccc(-c2ccccc2)cc1)NCC1CCN(Cc2ccccc2)CC1,False
JIGJRZZQZSNHLN-UHFFFAOYSA-N,1,6.91364,6.91364,,6.91364,6.91364,0.0,0.0,O=C(COc1ccc(Cl)cc1[N+](=O)[O-])NCC1CCN(Cc2ccccc2)CC1,False
QKKQPTQHEUIDJV-UHFFFAOYSA-N,1,6.98716,6.98716,,6.98716,6.98716,0.0,0.0,O=C(COc1cc(F)ccc1[N+](=O)[O-])NCC1CCN(Cc2ccccc2)CC1,False
LCZPCAYSLMBKLO-UHFFFAOYSA-N,1,6.29328,6.29328,,6.29328,6.29328,0.0,0.0,O=C(COc1ccc([N+](=O)[O-])cc1)NCC1CCN(Cc2ccccc2)CC1,False
FWDVLVZVHRZRAM-UHFFFAOYSA-N,1,6.1152,6.1152,,6.1152,6.1152,0.0,0.0,O=C(COc1ccccc1C(F)(F)F)NCC1CCN(Cc2ccccc2)CC1,False
SJVAIPRSGJQDIC-UHFFFAOYSA-N,1,6.22548,6.22548,,6.22548,6.22548,0.0,0.0,Cc1cc(Br)cc(C)c1OCC(=O)NCC1CCN(Cc2ccccc2)CC1,False
PTQTWXRMDHUUQG-UHFFFAOYSA-N,1,5.8962,5.8962,,5.8962,5.8962,0.0,0.0,O=C(COc1ccc(Cc2ccccc2)cc1)NCC1CCN(Cc2ccccc2)CC1,False
UXCXYERTOFOPQT-UHFFFAOYSA-N,1,6.86967,6.86967,,6.86967,6.86967,0.0,0.0,O=C(COc1ccc(CCc2ccccc2)cc1)NCC1CCN(Cc2ccccc2)CC1,False
GKWIIBXDVVYQCP-UHFFFAOYSA-N,1,6.05552,6.05552,,6.05552,6.05552,0.0,0.0,COc1ccc(OCC(=O)NCC2CCN(Cc3ccccc3)CC2)cc1,False
KWJWMJSYPDQVAD-UHFFFAOYSA-N,1,5.77469,5.77469,,5.77469,5.77469,0.0,0.0,O=C(COc1ccc(Cl)cc1)NCC1CCN(Cc2ccccc2)CC1,False
KJLQZKUKATZVAQ-UHFFFAOYSA-N,1,6.13371,6.13371,,6.13371,6.13371,0.0,0.0,O=C(COc1ccc(-c2ccccc2)cc1)NCCN1CCN(Cc2ccccc2)CC1,False
DIPUHFMEXYWVPD-UHFFFAOYSA-N,1,9.09691,9.09691,,9.09691,9.09691,0.0,0.0,O=C(COc1ccc(Cl)cc1[N+](=O)[O-])NCCN1CCN(Cc2ccccc2)CC1,False
LFMKGNKNBKYFSY-UHFFFAOYSA-N,1,8.55284,8.55284,,8.55284,8.55284,0.0,0.0,O=C(COc1cc(F)ccc1[N+](=O)[O-])NCCN1CCN(Cc2ccccc2)CC1,False
NBLNVKTYUBMWMT-UHFFFAOYSA-N,1,7.37675,7.37675,,7.37675,7.37675,0.0,0.0,O=C(COc1ccc([N+](=O)[O-])cc1)NCCN1CCN(Cc2ccccc2)CC1,False
BVPDBXVSZHOTFR-UHFFFAOYSA-N,1,6.86646,6.86646,,6.86646,6.86646,0.0,0.0,O=C(COc1ccccc1C(F)(F)F)NCCN1CCN(Cc2ccccc2)CC1,False
ICWISHUNHXKOMC-UHFFFAOYSA-N,1,7.04576,7.04576,,7.04576,7.04576,0.0,0.0,Cc1cc(Br)cc(C)c1OCC(=O)NCCN1CCN(Cc2ccccc2)CC1,False
HURQPHROLGROAJ-UHFFFAOYSA-N,1,6.00305,6.00305,,6.00305,6.00305,0.0,0.0,O=C(COc1ccc(Cc2ccccc2)cc1)NCCN1CCN(Cc2ccccc2)CC1,False
YRWJEVUHKGNJHE-UHFFFAOYSA-N,1,6.04576,6.04576,,6.04576,6.04576,0.0,0.0,O=C(COc1ccc(CCc2ccccc2)cc1)NCCN1CCN(Cc2ccccc2)CC1,False
NQWLATYSYQROLX-UHFFFAOYSA-N,1,6.52288,6.52288,,6.52288,6.52288,0.0,0.0,COc1ccc(OCC(=O)NCCN2CCN(Cc3ccccc3)CC2)cc1,False
AJIIKPBRJPXZMA-UHFFFAOYSA-N,1,6.72354,6.72354,,6.72354,6.72354,0.0,0.0,O=C(COc1ccc(Cl)cc1)NCCN1CCN(Cc2ccccc2)CC1,False
GHODSEBRMSIFPD-INHLPVAQSA-N,1,4.85699,4.85699,,4.85699,4.85699,0.0,0.0,C=C(C)[C@]1(O)CC[C@@]2(C)C3=Cc4c(cc(-c5cccnc5)oc4=O)O[C@]3(C)[C@@H](O)C[C@@H]2[C@@]12CCC(=O)OC2,False
TZXNDDPYDWYKHX-PWSUYJOCSA-N,1,5.24336,5.24336,,5.24336,5.24336,0.0,0.0,O=c1c2ccccc2nc2n1CC[C@@H]2[C@@H]1CCCN1,False
UZXQWOTYFRAWSY-VAWYXSNFSA-N,1,7.0,7.0,,7.0,7.0,0.0,0.0,COc1cc2c(Nc3ccc(C(=O)/C=C/c4nc(C)c(C)nc4C)cc3)ncnc2c(OC)c1OC,False
YIICVSCAKJMMDJ-UHFFFAOYSA-N,1,4.86391,4.86391,,4.86391,4.86391,0.0,0.0,OC1CCN2Cc3ccccc3N=C12,False
IBVMLZHBDCBNQN-UHFFFAOYSA-N,1,4.39297,4.39297,,4.39297,4.39297,0.0,0.0,O=c1c2ccccc2nc2n1C(C1CN=Cc3[nH]c4ccccc4c31)CC2O,False
QVDVKNXEMRWWNI-UHFFFAOYSA-N,1,4.15181,4.15181,,4.15181,4.15181,0.0,0.0,O=c1c2ccccc2nc2n1C(c1cncc3[nH]c4ccccc4c13)CC2O,False
SDIVYZXRQHWCKF-UHFFFAOYSA-N,1,4.11577,4.11577,,4.11577,4.11577,0.0,0.0,O=c1c2ccccc2nc2n1CCC2O,False
ODPBEOCHSYLAAK-UHFFFAOYSA-N,1,6.84771,6.84771,,6.84771,6.84771,0.0,0.0,c1ccc2c(c1)CN1Cc3cc(OCCCN4CCCCC4)ccc3N=C21,False
UHOTUSHGWTWEAM-UHFFFAOYSA-N,1,6.66555,6.66555,,6.66555,6.66555,0.0,0.0,c1ccc2c(c1)CCN1Cc3cc(OCCCN4CCCCC4)ccc3N=C21,False
GVDQRHZTBDTQBI-UHFFFAOYSA-N,1,6.27165,6.27165,,6.27165,6.27165,0.0,0.0,c1ccc2c(c1)CCCN1Cc3cc(OCCCN4CCCCC4)ccc3N=C21,False
WHVZYWOSAKGOJG-UHFFFAOYSA-N,1,6.64782,6.64782,,6.64782,6.64782,0.0,0.0,c1cc2c(cc1OCCCN1CCCCC1)CN1CCCCC1=N2,False
XJALVWNRLTXILY-UHFFFAOYSA-N,1,6.08619,6.08619,,6.08619,6.08619,0.0,0.0,c1cc2c(cc1OCCCN1CCCCC1)CN1CCCCCC1=N2,False
QWKCJRVELMKAKZ-MDZDMXLPSA-N,1,5.5784,5.5784,,5.5784,5.5784,0.0,0.0,CCn1c2ccccc2c2cc(/C=C/c3ccc(NC(=S)NCCN4CCCC4)cc3)ccc21,False
DXJLEIVEYFLNDY-AATRIKPKSA-N,1,5.55284,5.55284,,5.55284,5.55284,0.0,0.0,COc1cc(/C=C/c2cc(=O)oc3c2ccc2oc(-c4cc(OC)cc(OC)c4)cc23)cc(OC)c1,False
SIZIRUSXNIUVQH-CMDGGOBGSA-N,1,5.74473,5.74473,,5.74473,5.74473,0.0,0.0,COc1cc(/C=C/c2cc(=O)oc3c2ccc2oc(-c4ccccc4)cc23)cc(OC)c1,False
SVFJYZVSHWUWHU-VOTSOKGWSA-N,1,5.74473,5.74473,,5.74473,5.74473,0.0,0.0,COc1cc(/C=C/c2cc(=O)oc3c2ccc2oc(-c4cccc(F)c4)cc23)cc(OC)c1,False
MNOAIZGZMMBMDR-ONEGZZNKSA-N,1,5.74473,5.74473,,5.74473,5.74473,0.0,0.0,COc1cc(/C=C/c2cc(=O)oc3c2ccc2oc(-c4ccc(F)cc4)cc23)cc(OC)c1,False
PPHKMHMVYFIODG-VOTSOKGWSA-N,1,5.74473,5.74473,,5.74473,5.74473,0.0,0.0,COc1cc(/C=C/c2cc(=O)oc3c2ccc2oc(-c4cccc(Cl)c4)cc23)cc(OC)c1,False
LHNGYBCRWZUKJD-ONEGZZNKSA-N,1,5.74473,5.74473,,5.74473,5.74473,0.0,0.0,COc1cc(/C=C/c2cc(=O)oc3c2ccc2oc(-c4ccc(Cl)cc4)cc23)cc(OC)c1,False
WMOIBRASIVKPQO-RMKNXTFCSA-N,1,5.74473,5.74473,,5.74473,5.74473,0.0,0.0,COc1cc(/C=C/c2cc(=O)oc3c2ccc2oc(-c4ccc(C)cc4)cc23)cc(OC)c1,False
QIMIRHMROLJATG-SNAWJCMRSA-N,1,5.74473,5.74473,,5.74473,5.74473,0.0,0.0,COc1ccc(-c2cc3c(ccc4c(/C=C/c5cc(OC)cc(OC)c5)cc(=O)oc43)o2)cc1,False
WTWKEUPSPLHYDX-JRRWEWNMSA-N,1,7.10237,7.10237,,7.10237,7.10237,0.0,0.0,COc1ccccc1/C=C/C=C(\Br)S(=O)(=O)F,False
BIDBTSDAWASQET-UHFFFAOYSA-N,1,5.58004,5.58004,,5.58004,5.58004,0.0,0.0,COc1ccc2nc3c(c(N)c2c1)C1CC=CC(C3)C1,False
GLPOBZBQMRDBEA-UHFFFAOYSA-N,1,5.34679,5.34679,,5.34679,5.34679,0.0,0.0,COc1cc2oc(C(=O)Nc3cccc(CN(C)Cc4ccccc4)c3)cc(=O)c2cc1OC,False
KYZDSNSHJIAEDG-MLGMXDONSA-N,1,7.45643,7.45643,,7.45643,7.45643,0.0,0.0,O=c1cc(/N=N/N=P(CCP(=N/N=N/c2cc(=O)oc3ccccc23)(c2ccccc2)c2ccccc2)(c2ccccc2)c2ccccc2)c2ccccc2o1,False
OKALXOHKHKGSNF-UHFFFAOYSA-N,1,8.02045,8.02045,,8.02045,8.02045,0.0,0.0,C#CCOc1cccc(-c2cc(-c3ccc(OCCN4CCOCC4)cc3)nc(C)n2)c1,False
MJPUSTKHUHNRCG-UHFFFAOYSA-N,1,5.28567,5.28567,,5.28567,5.28567,0.0,0.0,CCN1CCN(c2ccc(-c3nc4ccccc4[nH]3)cc2)CC1,False
JHLURUBKZBPUHR-CRWFKFHVSA-N,1,4.83268,4.83268,,4.83268,4.83268,0.0,0.0,CO[C@@H]1C=C[C@@]23c4cc5c(cc4CN(C[C@@H]2OC(=O)c2ccc([N+](=O)[O-])cc2)C3C1)OCO5,False
JPSMOGYAVYUWKI-UHFFFAOYSA-N,1,6.30103,6.30103,,6.30103,6.30103,0.0,0.0,Clc1ccc2c(NCCCNCC34CC5CC(CC(C5)C3)C4)ccnc2c1,False
RATQVALKDAUZBW-XPMKZLBQSA-N,1,4.92592,4.92592,,4.92592,4.92592,0.0,0.0,O=C(OC[C@H]1O[C@@H](OC(=O)c2cc(O)c(O)c(O)c2)[C@H](OC(=O)c2cc(O)c(O)c(O)c2)[C@@H](OC(=O)c2cc(O)c(O)c(O)c2)[C@@H]1O)c1cc(O)c(O)c(O)c1,False
IMKHDCBNRDRUEB-UHFFFAOYSA-N,1,7.52244,7.52244,,7.52244,7.52244,0.0,0.0,CC1(C)CCCC2(C)OC(=O)C=C12,False
ZHIZWWLUDBQEIU-UHFFFAOYSA-N,1,5.4828,5.4828,,5.4828,5.4828,0.0,0.0,O=C(CCN1CCN(Cc2ccccc2)CC1)Nc1ccc2nc3n(c(=O)c2c1)CCC3,False
ZVPJJAMHJWQHGT-JKSUJKDBSA-N,1,7.55284,7.55284,,7.55284,7.55284,0.0,0.0,CNC(=O)Oc1ccc2c(c1)[C@]1(C)CCN(C)[C@]1(C)N2C,False
HAJGYMFEBBKKTC-UHFFFAOYSA-N,1,6.79588,6.79588,,6.79588,6.79588,0.0,0.0,CN1c2ccccc2C(NCCCCCCC(=O)CCCCNc2c3c(nc4ccccc24)CCCC3)c2ccc(Cl)cc2S1(=O)=O,False
VRQQAIWQGVYCKZ-UHFFFAOYSA-N,1,4.32239,4.32239,,4.32239,4.32239,0.0,0.0,OCCCCCCCCc1ccc(CN2CCCC2)c(O)c1,False
YKRMLRJYNNXEFD-UHFFFAOYSA-N,1,4.52288,4.52288,,4.52288,4.52288,0.0,0.0,OCCCCCCCCc1ccc(CN2CCCCC2)c(O)c1,False
CEQFRYMDADEDKF-RVDMUPIBSA-N,1,7.34679,7.34679,,7.34679,7.34679,0.0,0.0,CCC1C/C(=C\c2cc(OC)c(OC)c(OC)c2Br)C(=O)c2ccccc21,False
FFVCKFMEGAGPOX-UKTHLTGXSA-N,1,5.53462,5.53462,,5.53462,5.53462,0.0,0.0,COc1ccc(/C=C2\CCc3cc([N+](=O)[O-])ccc3C2=O)c(Cl)c1OC,False
GWNQGNBUWFEIQD-XYOKQWHBSA-N,1,6.24413,6.24413,,6.24413,6.24413,0.0,0.0,COc1cc(/C=C2\CCc3cc([N+](=O)[O-])ccc3C2=O)c(Br)c(OC)c1OC,False
KNWDCQYJQCVXHS-UHFFFAOYSA-N,1,5.01323,5.01323,,5.01323,5.01323,0.0,0.0,CCN(C)C(=O)Oc1ccc(C2CC(=O)c3c(O)cc(OC(=O)N(C)CC)cc3O2)cc1,False
IIGQDHXPZZVVIP-UHFFFAOYSA-N,1,4.97469,4.97469,,4.97469,4.97469,0.0,0.0,CCN(C)C(=O)Oc1ccc(C2CC(=O)c3c(OC(=O)N(C)CC)cc(OC(=O)N(C)CC)cc3O2)cc1,False
SHJXYTKJNPPAHC-UHFFFAOYSA-N,1,5.24718,5.24718,,5.24718,5.24718,0.0,0.0,CCC(c1ccc(O)c(OC)c1)c1cccc(O)c1O,False
LGYPFYLGAJMCPY-UHFFFAOYSA-N,1,5.32239,5.32239,,5.32239,5.32239,0.0,0.0,CCC(c1ccc(O)c(OC)c1)c1ccc(OC)cc1O,False
JVYDJHPQTXVJJZ-UHFFFAOYSA-N,1,5.09691,5.09691,,5.09691,5.09691,0.0,0.0,O=C1OCc2cc(-c3ccc(-c4ccc(CO)cc4)s3)ccc21,False
WENMCQOIGJKWQC-UHFFFAOYSA-N,1,4.74376,4.74376,,4.74376,4.74376,0.0,0.0,O=C(Cn1nc2ncccc2c1NC(=O)Cn1nc2ncccc2c1NC(=O)CN1CCN(Cc2ccccc2)CC1)Nc1[nH]nc2ncccc12,False
RSEVMSVAXAZESV-UHFFFAOYSA-N,1,5.71086,5.71086,,5.71086,5.71086,0.0,0.0,O=C(CN1CCN(c2ccccc2)CC1)Nc1n[nH]c2ncccc12,False
ALQDGYVZZVYOGY-UHFFFAOYSA-N,1,6.52143,6.52143,,6.52143,6.52143,0.0,0.0,O=C(CN1CCN(Cc2ccccc2)CC1)Nc1n[nH]c2ncccc12,False
STOKSOGOBDVDSS-UHFFFAOYSA-N,1,6.18177,6.18177,,6.18177,6.18177,0.0,0.0,O=C(CCN1CCCCC1)Nc1n[nH]c2ncccc12,False
SHSAGNIXIDZUQJ-UHFFFAOYSA-N,1,6.56067,6.56067,,6.56067,6.56067,0.0,0.0,O=C(CCN1CCOCC1)Nc1n[nH]c2ncccc12,False
HRBPSWQZOHNNRA-UHFFFAOYSA-N,1,6.07366,6.07366,,6.07366,6.07366,0.0,0.0,CN1CCN(CCC(=O)Nc2n[nH]c3ncccc23)CC1,False
KDMZZYWXGOGWFK-UHFFFAOYSA-N,1,7.46852,7.46852,,7.46852,7.46852,0.0,0.0,O=C(CCN1CCN(Cc2ccccc2)CC1)Nc1n[nH]c2ncccc12,False
SODDJOOZEVURLA-UHFFFAOYSA-N,1,6.63827,6.63827,,6.63827,6.63827,0.0,0.0,O=C(CCN1CCN(c2ccccc2)CC1)Nc1n[nH]c2ncccc12,False
RZZFSSACAFOYKN-UHFFFAOYSA-N,1,5.7508,5.7508,,5.7508,5.7508,0.0,0.0,Cc1ccc2nc3c(c(N4CCOCC4)c2c1)CCCC3,False
HRVJOYKYWBNCNN-UHFFFAOYSA-N,1,6.92812,6.92812,,6.92812,6.92812,0.0,0.0,Cc1ccc2nc3c(c(N4CCCCC4)c2c1)CCCC3,False
COXUDBLORLPKBL-UHFFFAOYSA-N,1,6.35655,6.35655,,6.35655,6.35655,0.0,0.0,Cc1ccc2nc3c(c(N4CCN(C)CC4)c2c1)CCCC3,False
XAPKYBVMPJHUOI-UHFFFAOYSA-N,1,7.20761,7.20761,,7.20761,7.20761,0.0,0.0,COc1cc2nc3c(c(N4CCOCC4)c2cc1OC)CCCC3,False
VTKIALXGDMRVEJ-UHFFFAOYSA-N,1,5.91471,5.91471,,5.91471,5.91471,0.0,0.0,O=[N+]([O-])c1ccc2nc3c(c(N4CCOCC4)c2c1)CCCC3,False
PXAAXYLLOLXDGK-UHFFFAOYSA-N,1,5.72469,5.72469,,5.72469,5.72469,0.0,0.0,O=[N+]([O-])c1ccc2nc3c(c(N4CCCCC4)c2c1)CCCC3,False
AAIVPEBVZWQHCI-UHFFFAOYSA-N,1,6.61083,6.61083,,6.61083,6.61083,0.0,0.0,CN1CCN(c2c3c(nc4ccc([N+](=O)[O-])cc24)CCCC3)CC1,False
BUHJJQVDONAZDM-UHFFFAOYSA-N,1,6.09098,6.09098,,6.09098,6.09098,0.0,0.0,Cc1ccc2nc3c(c(Nc4[nH]nc5ncccc45)c2c1)CCCC3,False
CEOCITIVLDEXBN-UHFFFAOYSA-N,1,6.52433,6.52433,,6.52433,6.52433,0.0,0.0,O=[N+]([O-])c1ccc2nc3c(c(Nc4[nH]nc5ncccc45)c2c1)CCCC3,False
QELNVWZDMSBUAV-UHFFFAOYSA-N,1,7.25181,7.25181,,7.25181,7.25181,0.0,0.0,Nc1nn(-c2c3c(nc4ccc([N+](=O)[O-])cc24)CCCC3)c2ncccc12,False
QAKQWGSCAYEALR-UHFFFAOYSA-N,1,6.74473,6.74473,,6.74473,6.74473,0.0,0.0,Cc1ccc2nc3c(c(NCCO)c2c1)CCCC3,False
GYFOEEWMQWJFGZ-UHFFFAOYSA-N,1,6.11748,6.11748,,6.11748,6.11748,0.0,0.0,Cc1ccc2nc3c(c(NCCCl)c2c1)CCCC3,False
JHKMYOWNYNDGJT-UHFFFAOYSA-N,1,6.88273,6.88273,,6.88273,6.88273,0.0,0.0,Cc1ccc2nc3c(c(NCCN4CCOCC4)c2c1)CCCC3,False
GHXSXRQVSCGYBK-UHFFFAOYSA-N,1,5.59482,5.59482,,5.59482,5.59482,0.0,0.0,Cc1ccc2nc3c(c(NCCN4CCCCC4)c2c1)CCCC3,False
FBSRIKWLHNRNMA-UHFFFAOYSA-N,1,6.01144,6.01144,,6.01144,6.01144,0.0,0.0,Cc1ccc2nc3c(c(NCCN4CCN(C)CC4)c2c1)CCCC3,False
RWHDNJUCQNGPQG-UHFFFAOYSA-N,1,5.19511,5.19511,,5.19511,5.19511,0.0,0.0,Cc1ccc2nc3c(c(NCCN4CCN(Cc5ccccc5)CC4)c2c1)CCCC3,False
LGIBRHXFGQHKKA-UHFFFAOYSA-N,1,6.28316,6.28316,,6.28316,6.28316,0.0,0.0,Cc1ccc2nc3c(c(N4CCN(c5c6c(nc7ccc(C)cc57)CCCC6)CC4)c2c1)CCCC3,False
ODICAYAMQUQPSL-UHFFFAOYSA-N,1,5.95468,5.95468,,5.95468,5.95468,0.0,0.0,CC(=O)Nc1ccc2nc3c(c(N4CCOCC4)c2c1)CCCC3,False
YHAGFQQXUBFFNL-UHFFFAOYSA-N,1,6.52143,6.52143,,6.52143,6.52143,0.0,0.0,CC(=O)Nc1ccc2nc3c(c(N4CCCCC4)c2c1)CCCC3,False
GYJGARZINSSEOU-UHFFFAOYSA-N,1,7.03152,7.03152,,7.03152,7.03152,0.0,0.0,c1ccc2c(NCCN3CCOCC3)c3c(nc2c1)CCCC3,False
IQPAASSVZQNYRK-UHFFFAOYSA-N,1,5.05651,5.05651,,5.05651,5.05651,0.0,0.0,CCCCC1OC(=O)c2cc(OCc3ccc(CN(C)C)c(O)c3)ccc21,False
UPSWPRKJYJNTEG-UHFFFAOYSA-N,1,6.45593,6.45593,,6.45593,6.45593,0.0,0.0,CCCCC1OC(=O)c2cc(OCc3ccc(CN(CC)CC)c(O)c3)ccc21,False
YDNLMFWVFUODEG-UHFFFAOYSA-N,1,5.40671,5.40671,,5.40671,5.40671,0.0,0.0,CCCCC1OC(=O)c2cc(OCc3ccc(CN4CCCC4)c(O)c3)ccc21,False
KAFBBPBROARMRS-UHFFFAOYSA-N,1,7.38722,7.38722,,7.38722,7.38722,0.0,0.0,CCCCC1OC(=O)c2cc(OCc3ccc(CN4CCCCC4)c(O)c3)ccc21,False
GMGHYXPXMAUZFF-UHFFFAOYSA-N,1,5.47886,5.47886,,5.47886,5.47886,0.0,0.0,CCCCC1OC(=O)c2cc(OCc3ccc(CN4CCOCC4)c(O)c3)ccc21,False
OAPLCUCLMSBGCV-UHFFFAOYSA-N,1,4.62415,4.62415,,4.62415,4.62415,0.0,0.0,CCCCC1OC(=O)c2cc(OCc3ccc(CN4CCN(C)CC4)c(O)c3)ccc21,False
WTPMKFXZAUAECV-UHFFFAOYSA-N,1,7.83863,7.83863,,7.83863,7.83863,0.0,0.0,O=C(Nc1ccc(OC(F)(F)F)cc1)NC1CCN(C(=O)CCNc2c3c(nc4cc(Cl)ccc24)CCCC3)CC1,False
MSNDBGHTMCHRQB-UHFFFAOYSA-N,1,8.56703,8.56703,,8.56703,8.56703,0.0,0.0,O=C(Nc1ccc(OC(F)(F)F)cc1)NC1CCN(C(=O)CCCNc2c3c(nc4cc(Cl)ccc24)CCCC3)CC1,False
LCWAVZISUIFMQY-UHFFFAOYSA-N,1,7.88941,7.88941,,7.88941,7.88941,0.0,0.0,O=C(Nc1ccc(OC(F)(F)F)cc1)NC1CCN(C(=O)CCCCNc2c3c(nc4cc(Cl)ccc24)CCCC3)CC1,False
VPHLBLQNXMWQOL-XZOQPEGZSA-N,1,8.7122,8.7122,,8.7122,8.7122,0.0,0.0,CC1=C[C@@H]2Cc3nc4cc(Cl)ccc4c(NCCCCC(=O)N4CCC(NC(=O)Nc5ccc(OC(F)(F)F)cc5)CC4)c3[C@H](C1)C2,False
VPHLBLQNXMWQOL-PKTZIBPZSA-N,1,5.77989,5.77989,,5.77989,5.77989,0.0,0.0,CC1=C[C@H]2Cc3nc4cc(Cl)ccc4c(NCCCCC(=O)N4CCC(NC(=O)Nc5ccc(OC(F)(F)F)cc5)CC4)c3[C@@H](C1)C2,False
UCPFUBIWOUIAIG-UHFFFAOYSA-N,1,4.5986,4.5986,,4.5986,4.5986,0.0,0.0,CN(CCC1CCCCCC1)Cc1c[nH]c2ccccc12,False
HHCYMSNTCQTAOH-UHFFFAOYSA-N,1,4.63446,4.63446,,4.63446,4.63446,0.0,0.0,CCCC[N+](C)(CCCc1c[nH]c2ccccc12)CCC1CCCCCC1,False
SDHJEPJJARZDKU-UHFFFAOYSA-N,2,4.983765,4.983765,0.11752821810101573,4.90066,5.06687,0.08310499999999976,0.16620999999999952,CN(C)C1CCC(CCN(CCCc2c[nH]c3ccccc23)CCC2CCCCCC2)CC1,False
SZOBDUWPNZYVFT-UHFFFAOYSA-N,1,5.10585,5.10585,,5.10585,5.10585,0.0,0.0,CCCCN(CCCc1c[nH]c2ccccc12)CCC1CCN(Cc2ccccc2)CC1,False
ATYAJEFBBFWWBL-UHFFFAOYSA-N,1,4.46993,4.46993,,4.46993,4.46993,0.0,0.0,CN(CCC1CCN(Cc2ccccc2)CC1)Cc1c[nH]c2ccccc12,False
HPKITNCURKBAEB-UHFFFAOYSA-N,1,7.31966,7.31966,,7.31966,7.31966,0.0,0.0,CCCCN(CCOc1cccc2c(OC(=O)N(C)C)cccc12)CCC1CCCCCC1,False
WJILKOOXLPILKO-UHFFFAOYSA-N,1,4.72995,4.72995,,4.72995,4.72995,0.0,0.0,CCCCN(CCC1CCCCCC1)Cc1cc2ccccc2cc1O,False
ZPQCQCBRYIFSRA-UHFFFAOYSA-N,1,6.99482,6.99482,,6.99482,6.99482,0.0,0.0,CCCCN(CCC1CCCCCC1)Cc1ccc(OC(=O)N(C)C)c2ccccc12,False
KRICXPIAKQTZMM-UHFFFAOYSA-N,1,4.15096,4.15096,,4.15096,4.15096,0.0,0.0,CCCCN(CCc1c[nH]c2cc(O)ccc12)CCC1CCCCCC1,False
QUOFUFOKIMRNON-UHFFFAOYSA-N,1,5.86391,5.86391,,5.86391,5.86391,0.0,0.0,CCCCN(CCc1c[nH]c2c(OC(=O)C(C)C)cccc12)CCC1CCCCCC1,False
YDDBFPXJGMVSMN-UHFFFAOYSA-N,1,6.81844,6.81844,,6.81844,6.81844,0.0,0.0,CCCCN(CCC1CCCCCC1)Cc1cn(OC(=O)N(C)C)c2ccccc12,False
BFSKPRUNBBMNCF-UHFFFAOYSA-N,1,5.25964,5.25964,,5.25964,5.25964,0.0,0.0,Cc1c(Nc2ccc(S(=O)(=O)N3CCN(C)CC3)cc2F)nc2ccc(Nc3cnn(C4CC4)c3)cn2c1=O,False
ZRTFTZCKJUNZIU-HNNXBMFYSA-N,1,6.60206,6.60206,,6.60206,6.60206,0.0,0.0,C[C@H]1CCCN1Cc1nc2cc(NC(=O)c3ccc4cnccc4c3)ccc2[nH]1,False
BQVZIZUQUFCCJT-UHFFFAOYSA-N,1,8.69897,8.69897,,8.69897,8.69897,0.0,0.0,O=c1c(NCCCCc2c3c(nc4cc(Cl)ccc24)CCCC3)c(NCCCCc2c3c(nc4ccc(Cl)cc24)CCCC3)c1=O,False
WAPSZYCQSRLWDS-UHFFFAOYSA-N,1,7.88606,7.88606,,7.88606,7.88606,0.0,0.0,O=c1c(NCCCCCCCc2c3c(nc4ccccc24)CCCC3)c(NCCCCCCCc2c3c(nc4ccccc24)CCCC3)c1=O,False
QIYIAVWWIGXXBQ-CTNGQTDRSA-N,1,5.57675,5.57675,,5.57675,5.57675,0.0,0.0,CC(C)c1ccc(NC(=O)Oc2ccc3c(c2)[C@]2(C)CCO[C@@H]2O3)cc1,False
QUSFPQCZHHBDSB-UHFFFAOYSA-N,1,8.1549,8.1549,,8.1549,8.1549,0.0,0.0,CCOC(=O)c1cc2c(OC(=O)N(C)C)cccc2[n+](C)c1,False
YHZLWNOQTNOLTB-KTXUZGJCSA-N,1,7.69897,7.69897,,7.69897,7.69897,0.0,0.0,COC(=O)c1cc2c(OC(=O)N(C)C)cccc2[n+]([11CH3])c1,False
ZSFKPACEHFMZRW-JCDSVUNTSA-N,1,7.08938,7.08938,,7.08938,7.08938,0.0,0.0,CCN1/C(=C/C(C)=O)Sc2ccc(OC(=O)OCCOCCNC(=O)c3cc4c(OC(=O)N(C)C)cccc4[n+](C)c3)cc21.COS(=O)(=O)[O-],False
QRHYGTFAKWWZQW-UHFFFAOYSA-N,1,4.20412,4.20412,,4.20412,4.20412,0.0,0.0,O=C(Oc1cc(O)c2c(=O)cc(-c3ccc(O)cc3)oc2c1)N1CCCCC1,False
HUGQDDJXYKRDAL-UHFFFAOYSA-N,1,7.23657,7.23657,,7.23657,7.23657,0.0,0.0,CNC(=O)Oc1cccc2c1CCC1C2CCN1CCC1CCCCC1,False
AMMYGOHPPALBLV-UHFFFAOYSA-N,1,4.69897,4.69897,,4.69897,4.69897,0.0,0.0,CCC(C)(C)NCC(O)c1cc(O)cc(OC(=O)N(C)C)c1,False
DLFRLEXQOLTDLP-UHFFFAOYSA-N,1,5.38195,5.38195,,5.38195,5.38195,0.0,0.0,CCN(C)C(=O)Oc1cccc(CN2CCC(CCC(=O)c3cc(Cl)c(N)cc3OC)CC2)c1,False
BTGOFNKIKCWRND-MIXAMLLLSA-N,1,9.284,9.284,,9.284,9.284,0.0,0.0,CNC(=O)Oc1cccc(CN(C)CCCCCCOc2ccc3c(c2)O/C(=C\c2cc(OC)c(OC)c(OC)c2)C3=O)c1,False
XJZIWUHHQSHKBY-DTQAZKPQSA-N,1,8.87615,8.87615,,8.87615,8.87615,0.0,0.0,CNC(=O)Oc1cccc(CN(C)CCCCCCOc2ccc(C(=O)/C=C/c3cc(OC)c(OC)c(OC)c3)c(O)c2)c1,False
NIVUGJNFXBTADH-UHFFFAOYSA-N,1,9.13668,9.13668,,9.13668,9.13668,0.0,0.0,CNC(=O)Oc1cccc(CN(C)CCCCCCCOc2ccc(-c3cc(=O)c4ccccc4o3)cc2)c1,False
RTMBGYVFBGIVHT-UHFFFAOYSA-N,1,8.92082,8.92082,,8.92082,8.92082,0.0,0.0,CNC(=O)Oc1cccc(CN(C)CCCCCCCOc2ccc(-c3cc4ccccc4oc3=O)cc2)c1,False
JNGNBJCWEIWRCU-PKOBYXMFSA-N,1,6.60206,6.60206,,6.60206,6.60206,0.0,0.0,CC(=O)N1CC[C@@]2(O)c3cc(OC(=O)Nc4ccccc4)ccc3N[C@@H]12,False
CFNXURINQVABPV-AZUAARDMSA-N,1,4.0,4.0,,4.0,4.0,0.0,0.0,COc1ccc(NC(=O)Oc2ccc3c(c2)[C@]2(O)CCN(C(C)=O)[C@@H]2N3)cc1,False
ZRQDTMBPMKTABL-UHFFFAOYSA-N,1,7.0,7.0,,7.0,7.0,0.0,0.0,O=C1CCOc2cc(OCCCCCSC(=S)N3CCCCC3)ccc21,False
ZXMQJWJQVOCYQO-UHFFFAOYSA-N,1,6.28316,6.28316,,6.28316,6.28316,0.0,0.0,CN(CCCOc1ccc2ccc(=O)oc2c1)Cc1cccc(OC(=O)NC2CCCC2)c1,False
RIBSWIDLITYLHS-UHFFFAOYSA-N,1,6.98297,6.98297,,6.98297,6.98297,0.0,0.0,CN(CCCOc1ccc2ccc(=O)oc2c1)Cc1cccc(OC(=O)NC2CCCCC2)c1,False
QPKSHJTZCXULAH-UHFFFAOYSA-N,1,8.16749,8.16749,,8.16749,8.16749,0.0,0.0,Cc1c(Cl)c(=O)oc2cc(OCCCCSC(=S)N3CCCCC3C)ccc12,False
IKYVMKQIWKXWDL-UHFFFAOYSA-N,1,6.9431,6.9431,,6.9431,6.9431,0.0,0.0,Cc1c(Cl)c(=O)oc2cc(OCCCCSC(=S)N3C(C)CCCC3C)ccc12,False
LPNBFWMWGSHSBN-UHFFFAOYSA-N,1,9.67985,9.67985,,9.67985,9.67985,0.0,0.0,COc1cccc2c1CCCC2NS(=O)(=O)NC(=O)OCc1ccccc1,False
HIPJVPOPOSHDET-JOCHJYFZSA-N,1,6.56225,6.56225,,6.56225,6.56225,0.0,0.0,CC[C@@]1(c2cccc(OC(=O)Nc3ccccc3)c2)CCCCN(C)C1,False
ORWQCVFRNYBMCB-UHFFFAOYSA-N,1,4.11805,4.11805,,4.11805,4.11805,0.0,0.0,O=c1[nH]c2ccc(OCc3ccc(F)cc3)cc2c(=O)o1,False
IPMOTHAZKSUNDL-UHFFFAOYSA-N,1,4.25964,4.25964,,4.25964,4.25964,0.0,0.0,CC(C)c1ccc(COc2ccc3[nH]c(=O)oc(=O)c3c2)cc1,False
URHPFANOQLIROT-UHFFFAOYSA-N,1,5.26761,5.26761,,5.26761,5.26761,0.0,0.0,Cn1ccc2cc(-c3cnc4ccc(C(=O)N5CCCCC5)cc4n3)ccc2c1=O,False
QMBDDIDQNMQRSU-BKUYFWCQSA-N,2,6.090785,6.090785,0.4015023014255343,5.80688,6.37469,0.2839050000000003,0.5678100000000006,COc1cc(/C=C2\Oc3cc(OCCN4CCCCC4)ccc3C2=O)cc(OC)c1OC,False
HQJYIGWZKZCCJR-HMAPJEAMSA-N,1,6.79588,6.79588,,6.79588,6.79588,0.0,0.0,COc1ccc2c(c1)O/C(=C\c1ccc(OCCN3CCCCC3)c(Cl)c1)C2=O,False
VGAYEOMAXFNLKY-PGMHBOJBSA-N,1,6.45842,6.45842,,6.45842,6.45842,0.0,0.0,O=C1/C(=C/c2ccc(OCCN3CCCCC3)cc2)Oc2ccccc21,False
YWHGWLVJNDHIIG-JCMHNJIXSA-N,1,6.07314,6.07314,,6.07314,6.07314,0.0,0.0,COc1ccc(/C=C2\Oc3cc(OCCN4CCCCC4)ccc3C2=O)cc1,False
ZKQXQSZQKROBLG-HKWRFOASSA-N,1,6.2636,6.2636,,6.2636,6.2636,0.0,0.0,O=C1/C(=C/c2ccc(OCCN3CCCC3)cc2)Oc2ccccc21,False
YDCOHZVNWJNAOQ-NDENLUEZSA-N,1,6.19179,6.19179,,6.19179,6.19179,0.0,0.0,COc1cc(/C=C2\Oc3cc(OCCN4CCCC4)ccc3C2=O)cc(OC)c1OC,False
UEXLOTFOJDXOMW-KQWNVCNZSA-N,1,7.34679,7.34679,,7.34679,7.34679,0.0,0.0,CCOc1ccc2c(c1)O/C(=C\c1ccc(OCCN3CCCCC3)cc1)C2=O,False
XODOSMJGHSZKEN-UHFFFAOYSA-N,1,5.0,5.0,,5.0,5.0,0.0,0.0,O=c1c(O)c(-c2ccccc2)oc2cc(Br)c(I)cc12,False
LCMWUFLTMJGHMS-PNQUVVCRSA-N,2,5.28432,5.28432,0.02363150862725411,5.26761,5.30103,0.01670999999999978,0.03341999999999956,O=c1c(/C=N/Nc2ccc(C(F)(F)F)cc2)coc2c1ccc1oc(-c3ccc(Cl)cc3)cc12,False
XAYKMQRPZRNJNL-UHFFFAOYSA-N,1,5.0,5.0,,5.0,5.0,0.0,0.0,COc1ccc(-c2cc3cc4c(=O)c(C=O)coc4cc3o2)cc1,False
LHSUEACWFJGZKG-UHFFFAOYSA-N,1,5.69897,5.69897,,5.69897,5.69897,0.0,0.0,COc1ccc2[nH]cc(CCNC(=O)CN(CCCCC3CCN(Cc4ccccc4)CC3)C(=O)c3cc(=O)c4ccccc4o3)c2c1,False
MUZBUQZTAYXBFD-UHFFFAOYSA-N,1,7.04576,7.04576,,7.04576,7.04576,0.0,0.0,COc1ccc2c(=O)cc(C(=O)NCCN3CCCCC3)oc2c1,False
QLPTZIUFLDAANA-UHFFFAOYSA-N,1,7.0,7.0,,7.0,7.0,0.0,0.0,CCOP(=O)(OCC)C(NCCc1ccc(OC)cc1)c1coc2ccccc2c1=O,False
JBPRHOFASBBREV-WASYMBJWSA-N,1,7.82391,7.82391,,7.82391,7.82391,0.0,0.0,COc1cc2c(cc1OC)/C(=N\NC(=O)C(C)c1ccc(CC(C)C)cc1)C(CC1CCN(Cc3ccccc3)CC1)C2,False
OTGGFKLZXIIMFI-WVVCCSDTSA-N,1,6.29243,6.29243,,6.29243,6.29243,0.0,0.0,COc1ccc2c(c1)c(CC(=O)N/N=C1\c3cc(OC)c(OC)cc3CC1CC1CCN(Cc3ccccc3)CC1)c(C)n2C(=O)c1ccc(Cl)cc1,False
KECMUWNFMHXRRG-YJKCNMNRSA-N,1,7.33724,7.33724,,7.33724,7.33724,0.0,0.0,COc1cc2c(cc1OC)/C(=N\NC(=O)c1ccccc1OC(C)=O)C(CC1CCN(Cc3ccccc3)CC1)C2,False
CSWOSIGYTTVABX-POZMXKMPSA-N,1,6.82391,6.82391,,6.82391,6.82391,0.0,0.0,COc1ccc2cc([C@H](C)C(=O)N/N=C3\c4cc(OC)c(OC)cc4CC3CC3CCN(Cc4ccccc4)CC3)ccc2c1,False
NUEAHYMDXCXIOO-CWAJCWQHSA-N,1,5.92445,5.92445,,5.92445,5.92445,0.0,0.0,COc1cc2c(cc1OC)/C(=N\NC(=O)CNC(=O)C(C)c1ccc(CC(C)C)cc1)C(CC1CCN(Cc3ccccc3)CC1)C2,False
HFVRGDZYGPOTOS-MBJURZOESA-N,1,5.31426,5.31426,,5.31426,5.31426,0.0,0.0,COc1cc2c(cc1OC)/C(=N\NC(=O)CCNC(=O)C(C)c1ccc(CC(C)C)cc1)C(CC1CCN(Cc3ccccc3)CC1)C2,False
JJNNHTVFAVRIPN-ZJWNILRBSA-N,1,6.39794,6.39794,,6.39794,6.39794,0.0,0.0,COc1cc2c(cc1OC)/C(=N\NC(=O)C(NC(=O)C(C)c1ccc(CC(C)C)cc1)C(C)C)C(CC1CCN(Cc3ccccc3)CC1)C2,False
SPRDUHMXZHAPRQ-INXUWUOZSA-N,1,6.45593,6.45593,,6.45593,6.45593,0.0,0.0,COc1cc2c(cc1OC)/C(=N\NC(=O)C(CC(C)C)NC(=O)C(C)c1ccc(CC(C)C)cc1)C(CC1CCN(Cc3ccccc3)CC1)C2,False
JNNSZXVFWZVNAW-LCUIJRPUSA-N,1,6.72125,6.72125,,6.72125,6.72125,0.0,0.0,COc1cc2c(cc1OC)/C(=N\N)C(CC1CCN(Cc3ccccc3)CC1)C2,False
FTVCQIIFMKONLM-WMZOPIPTSA-N,1,5.1549,5.1549,,5.1549,5.1549,0.0,0.0,CN1c2ccc(OC(=O)Nc3ccncc3)cc2[C@]2(C)CCO[C@H]12,False
MMBVAEXRQVWGSC-WMZOPIPTSA-N,1,5.76955,5.76955,,5.76955,5.76955,0.0,0.0,CN1c2ccc(OC(=O)Nc3cccnc3)cc2[C@]2(C)CCO[C@H]12,False
LTTDIGGNYFTEAC-ZFNBISBQSA-N,1,5.55909,5.55909,,5.55909,5.55909,0.0,0.0,COc1cc2c(cc1OC)C(=O)[C@]1(C2)[C@H](c2ccccc2OC)[C@H](Cc2c[nH]c3ccccc23)NC12C(=O)Nc1ccccc12,False
RNXRJVOLCWAMHV-HDXZJQDKSA-N,1,5.63639,5.63639,,5.63639,5.63639,0.0,0.0,COc1cccc([C@@H]2[C@H](Cc3c[nH]c4ccccc34)NC3(C(=O)Nc4ccccc43)[C@@]23Cc2cc(OC)c(OC)cc2C3=O)c1,False
RNECQBIPECTYJA-ZKYHXBHASA-N,1,5.72354,5.72354,,5.72354,5.72354,0.0,0.0,COc1cc2c(cc1OC)C(=O)[C@]1(C2)[C@H](c2cccc([N+](=O)[O-])c2)[C@H](Cc2c[nH]c3ccccc23)NC12C(=O)Nc1ccccc12,False
WJDVHYGWBJVHBY-HDXZJQDKSA-N,1,4.84649,4.84649,,4.84649,4.84649,0.0,0.0,COc1cc2c(cc1OC)C(=O)[C@]1(C2)[C@H](c2ccc(C)cc2)[C@H](Cc2c[nH]c3ccccc23)NC12C(=O)Nc1ccccc12,False
FCBGXWQSWZDDJH-UHFFFAOYSA-N,1,6.99568,6.99568,,6.99568,6.99568,0.0,0.0,CCN(C)C(=O)Oc1ccc(C(CCOc2ccc([N+](=O)[O-])cc2)NC)cc1,False
AHKYADRRQAQSLQ-UHFFFAOYSA-N,1,7.85387,7.85387,,7.85387,7.85387,0.0,0.0,CCN(C)C(=O)Oc1ccc2c(c1)C=CC(C)N(C)C2CCOc1ccc([N+](=O)[O-])cc1,False
SZNDVDHYJXHIKM-UHFFFAOYSA-N,1,7.51627,7.51627,,7.51627,7.51627,0.0,0.0,C#CCOc1ccc(-c2cc(-c3ccc(OCCN4CCOCC4)cc3)nc(N)n2)cc1,False
KQDHFACJRWAFSW-UHFFFAOYSA-N,1,6.26761,6.26761,,6.26761,6.26761,0.0,0.0,Cc1c(C)c2c(c(C)c1O)CCC(C)(C(=O)NCCC1CCN(Cc3ccccc3F)CC1)O2,False
GUZRNQYRVJZURX-OQXPWLBDSA-N,1,5.4318,5.4318,,5.4318,5.4318,0.0,0.0,C/C=C1/CN2CCc3c([nH]c4ccccc34)[C@@H]2CC1/C(=C\C(=O)OC)OC,False
WFJDTYSQBHCNGC-LWZURRPWSA-N,1,5.49485,5.49485,,5.49485,5.49485,0.0,0.0,CC1=C(CO[C@@H]2O[C@H](CO[C@@H]3O[C@H](CO)[C@@H](O)[C@H](O)[C@H]3O)[C@@H](O)[C@H](O)[C@H]2O)C(C)(C)CCC1,False
SIMPNXWTAVEOTO-RKQHYHRCSA-N,1,5.34199,5.34199,,5.34199,5.34199,0.0,0.0,COc1cc(CO)ccc1O[C@@H]1O[C@H](CO)[C@@H](O)[C@H](O)[C@H]1O,False
ALYNPVYOZBYRJK-HXBYHMEXSA-N,1,6.12494,6.12494,,6.12494,6.12494,0.0,0.0,COc1cc([C@@H](O)[C@H](CO[C@@H]2O[C@H](CO)[C@@H](O)[C@H](O)[C@H]2O)Oc2ccc(CCCO)cc2OC)ccc1O,False
AIFRHYZBTHREPW-UHFFFAOYSA-N,1,4.39794,4.39794,,4.39794,4.39794,0.0,0.0,c1ccc2c(c1)[nH]c1cnccc12,False
SNGVLDNQSXBDPZ-UHFFFAOYSA-N,1,5.39794,5.39794,,5.39794,5.39794,0.0,0.0,COc1ccc2c(c1)[nH]c1c(C(C)=O)nccc12,False
TXKCDCFEHZVGFL-UHFFFAOYSA-N,1,5.72125,5.72125,,5.72125,5.72125,0.0,0.0,C#CCn1c2cc(OC)ccc2c2ccnc(C)c21,False
RDVVIYXRNCDEQY-UHFFFAOYSA-N,1,4.95861,4.95861,,4.95861,4.95861,0.0,0.0,COc1ccc2c3ccnc(C)c3n(CC3CC(c4ccccc4)=NO3)c2c1,False
OZJRXWDHWHJZMC-BEFAXECRSA-N,1,5.60206,5.60206,,5.60206,5.60206,0.0,0.0,COc1ccc([C@@H]2N[C@@H](C(=O)O)Cc3c2n(C)c2ccccc32)cc1OC,False
WXIJGUPZJIXTMQ-UHFFFAOYSA-N,1,5.69897,5.69897,,5.69897,5.69897,0.0,0.0,COc1ccc2c3c([nH]c2c1N)C(C)NCC3,False
PSFDQSOCUJVVGF-UHFFFAOYSA-N,1,5.0,5.0,,5.0,5.0,0.0,0.0,Cc1nccc2c1[nH]c1ccccc12,False
TZAAYQWHBGCWJN-UHFFFAOYSA-O,2,6.60206,6.60206,0.0,6.60206,6.60206,0.0,0.0,CCOC(=O)[n+]1ccc2c([nH]c3cc(OC)ccc32)c1C,False
OHPSPRKKTRQQNU-UHFFFAOYSA-N,2,5.8881250000000005,5.8881250000000005,0.5366728337171547,5.50864,6.26761,0.3794850000000003,0.7589700000000006,CC(C)n1c2ccccc2c2cc[n+](-c3ccccc3)cc21,False
ZWUSTXCHVYMQTF-UHFFFAOYSA-N,2,6.37675,6.37675,0.0,6.37675,6.37675,0.0,0.0,Cc1ccc2c(c1)c1cc[n+](-c3ccccc3)cc1n2C,False
TYLORRYICLSBDT-UHFFFAOYSA-N,3,6.5376,6.56009,0.05222295568042868,6.52288,6.61979,0.01472000000000051,0.09691000000000027,Cc1ccc(-[n+]2ccc3c4ccccc4n(C)c3c2)cc1,False
PFXJDWFVKKAJGD-UHFFFAOYSA-N,3,6.61979,6.587486666666667,0.05595101458716679,6.52288,6.61979,0.0,0.09691000000000027,Cn1c2ccccc2c2cc[n+](-c3ccc(I)cc3)cc21,False
AYDVADIGEZQAHF-UHFFFAOYSA-N,2,6.387345,6.387345,0.1916754351762374,6.25181,6.52288,0.13553499999999996,0.2710699999999999,Cn1c2ccccc2c2cc[n+](-c3ccc(Cl)cc3)cc21,False
MFVMDTXSADLNMJ-UHFFFAOYSA-N,3,6.52288,6.06281,0.8821229584927494,5.04576,6.61979,0.09691000000000027,1.5740300000000005,Cn1c2ccccc2c2cc[n+](-c3ccc(Br)cc3)cc21,False
NMBBYUYGEOQGLX-UHFFFAOYSA-N,1,6.52288,6.52288,,6.52288,6.52288,0.0,0.0,COc1ccc(-[n+]2ccc3c4ccccc4n(C)c3c2)cc1,False
DVNRFULMEKPACO-VQHVLOKHSA-N,1,4.67778,4.67778,,4.67778,4.67778,0.0,0.0,CC1c2[nH]c3ccccc3c2CCN1C(=O)/C=C/c1ccc(O)c(O)c1,False
KVANOXIAOYTXBY-VWERDZHISA-N,1,7.4437,7.4437,,7.4437,7.4437,0.0,0.0,O=C1C2Cc3c([nH]c4ccccc34)[C@@H](c3ccc4c(c3)OCO4)N2C(=O)CN1CCC1CCN(Cc2ccccc2)CC1,False
KVANOXIAOYTXBY-ZBWWXOROSA-N,3,7.49485,6.93518,0.9937504002011769,5.78781,7.52288,0.02803000000000022,1.7350699999999994,O=C1[C@@H]2Cc3c([nH]c4ccccc34)[C@@H](c3ccc4c(c3)OCO4)N2C(=O)CN1CCC1CCN(Cc2ccccc2)CC1,False
NGKJYYMHPLWVQZ-AFPLUKJUSA-N,3,7.82391,7.106253333333332,1.3982909028643982,5.49485,8.0,0.1760900000000003,2.5051500000000004,COc1ccc([C@@H]2c3[nH]c4ccccc4c3C[C@H]3C(=O)N(CCC4CCN(Cc5ccccc5)CC4)CC(=O)N23)cc1,False
NGKJYYMHPLWVQZ-QIKUIUABSA-N,1,7.50864,7.50864,,7.50864,7.50864,0.0,0.0,COc1ccc([C@@H]2c3[nH]c4ccccc4c3C[C@@H]3C(=O)N(CCC4CCN(Cc5ccccc5)CC4)CC(=O)N23)cc1,False
VCJGRMVHAYBWRI-UHFFFAOYSA-P,1,4.0655,4.0655,,4.0655,4.0655,0.0,0.0,c1ccc2c(c1)[nH]c1c[n+](CCCCCCCCCCCC[n+]3ccc4c(c3)[nH]c3ccccc34)ccc12,False
XBLBEGLFURYCBO-UHFFFAOYSA-N,1,9.22185,9.22185,,9.22185,9.22185,0.0,0.0,C[n+]1ccc2c3ccccc3n(CCCCCCCCCn3c4ccccc4c4cc[n+](C)cc43)c2c1,False
AXSJTNLXZJWIFL-UHFFFAOYSA-N,1,9.30103,9.30103,,9.30103,9.30103,0.0,0.0,C[n+]1ccc2c3ccccc3n(CCc3ccccc3)c2c1,False
FCMMSENDHUPIRC-UHFFFAOYSA-N,2,6.95861,6.95861,0.0,6.95861,6.95861,0.0,0.0,Cn1c2ccccc2c2cc[n+](-c3ccc(Br)cc3Br)cc21,False
UDHBHTHWWOQPBW-UHFFFAOYSA-O,1,5.38722,5.38722,,5.38722,5.38722,0.0,0.0,C[n+]1ccc2c(c1)[nH]c1ccccc12,False
XZQUVTLVZJAMJU-UHFFFAOYSA-N,1,5.82391,5.82391,,5.82391,5.82391,0.0,0.0,Cn1c2c(c3ccccc31)CC[N+](c1ccc(Br)cc1)=C2,False
GPJAPXFGINNPKO-UHFFFAOYSA-N,1,5.82391,5.82391,,5.82391,5.82391,0.0,0.0,Cn1c2c(c3ccccc31)CC[N+](c1ccc(I)cc1)=C2,False
MFBLJEWYMXQAKA-UHFFFAOYSA-N,1,5.82391,5.82391,,5.82391,5.82391,0.0,0.0,Cc1ccc([N+]2=Cc3c(c4ccccc4n3C)CC2)cc1,False
NSOFLDDEIGBZAU-UHFFFAOYSA-N,1,5.0,5.0,,5.0,5.0,0.0,0.0,Cn1c2c(c3ccccc31)CC[N+](c1ccc(Br)cc1Br)=C2,False
HKHKOTPYNYYBTG-UHFFFAOYSA-N,1,5.0,5.0,,5.0,5.0,0.0,0.0,CCCCCCCNC(=O)Oc1ccc2c(c1)CN1CCc3c([nH]c4ccccc34)C1N2C,False
NKKITZOSLYEBJO-UHFFFAOYSA-N,1,5.52288,5.52288,,5.52288,5.52288,0.0,0.0,CN1c2ccc(OCc3ccccc3)cc2C(=O)N2CCc3c([nH]c4ccccc34)C21,False
VJJLRVDUFIKWCM-LEKKXJIISA-O,1,5.38722,5.38722,,5.38722,5.38722,0.0,0.0,C=C[C@H]1C[N+]2=C(C[C@@H]1/C(=C\OC)C(=O)OC)c1[nH]c3cccc(OC)c3c1CC2,False
XAYUCVICBPYPRE-RUPNCQHISA-N,1,5.72125,5.72125,,5.72125,5.72125,0.0,0.0,C=C[C@H]1[C@@H](/C(=C/O)C(=O)OC)C[C@H]2c3[nH]c4ccccc4c3CCN2[C@H]1O[C@@H]1O[C@H](CO)[C@@H](O)[C@H](O)[C@H]1O,False
JCBVEVKMVDYNPQ-UHFFFAOYSA-N,1,4.65758,4.65758,,4.65758,4.65758,0.0,0.0,Cc1cc2cc3n(c(=O)c2cn1)CCc1c-3[nH]c2ccccc12,False
WYTGDNHDOZPMIW-VBNZEHGJSA-O,1,6.10791,6.10791,,6.10791,6.10791,0.0,0.0,COC(=O)C1=CO[C@@H](C)[C@H]2C[n+]3ccc4c([nH]c5ccccc54)c3C[C@H]12,False
WYQIPCUPNMRAKP-UHFFFAOYSA-O,1,5.82391,5.82391,,5.82391,5.82391,0.0,0.0,O=C1c2ccccc2-[n+]2ccc3c([nH]c4ccccc43)c21,False
TZGQRNCWGBGNCJ-UHFFFAOYSA-N,1,5.46852,5.46852,,5.46852,5.46852,0.0,0.0,c1ccc2c(c1)CN1CCc3c([nH]c4ccccc34)C1=N2,False
LWYDBOHLFCMJNH-UHFFFAOYSA-N,1,7.5376,7.5376,,7.5376,7.5376,0.0,0.0,O=C(CCN1CCCC1)Nc1ccc2c(c1)CN1CCc3c([nH]c4ccccc34)C1=N2,False
WLAAJJZNAFKAMK-UHFFFAOYSA-N,1,8.0,8.0,,8.0,8.0,0.0,0.0,O=C(CN1CCCCC1)Nc1ccc2nc3c4[nH]c5ccccc5c4ccn3c(=O)c2c1,False
WVGABZRHRYHCCO-XSFVSMFZSA-N,1,6.52288,6.52288,,6.52288,6.52288,0.0,0.0,COc1cc2c(cc1OC)C(=O)/C(=C/c1ccc(OCCN3CCCCC3)cc1)C2,False
OHBHEABPPWROKD-UHFFFAOYSA-N,1,5.25649,5.25649,,5.25649,5.25649,0.0,0.0,COc1ccc2c(c1)c(C=O)cn2CCCCCCCN(C)Cc1cccc(O)c1,False
OIIHAUYKICHNQI-UHFFFAOYSA-N,1,5.58503,5.58503,,5.58503,5.58503,0.0,0.0,COc1ccc2c(c1)c(C=O)cn2CCCCCCCCN(C)Cc1cccc(O)c1,False
WWKQQRVQGOUIMX-UHFFFAOYSA-N,1,5.28483,5.28483,,5.28483,5.28483,0.0,0.0,COc1ccc2c(c1)c(C=O)cn2CCCCCCCCCN(C)Cc1cccc(O)c1,False
QAMABQFUDMLHGO-UHFFFAOYSA-N,1,5.34486,5.34486,,5.34486,5.34486,0.0,0.0,COc1ccc2c(c1)c(C=O)cn2CCCCCCCCCCN(C)Cc1cccc(O)c1,False
QMEQQKSEEYBQTB-UHFFFAOYSA-N,1,4.11623,4.11623,,4.11623,4.11623,0.0,0.0,COc1ccc2c(c1)c(C=O)cn2CCCCCCCCCCCCN(C)Cc1cccc(O)c1,False
QKXAMYHLNVXQGM-UHFFFAOYSA-N,1,5.79317,5.79317,,5.79317,5.79317,0.0,0.0,COc1ccc2c(c1)c(C=O)cn2CCCCCCCN(C)Cc1ccc(O)cc1,False
FMUARSILENPDKK-UHFFFAOYSA-N,1,5.68613,5.68613,,5.68613,5.68613,0.0,0.0,COc1ccc2c(c1)c(C=O)cn2CCCCCCCCN(C)Cc1ccc(O)cc1,False
DZRJUXUROORQOH-UHFFFAOYSA-N,1,5.20551,5.20551,,5.20551,5.20551,0.0,0.0,COc1ccc2c(c1)c(C=O)cn2CCCCCCCCCN(C)Cc1ccc(O)cc1,False
VSDNNQHHKUMUKF-UHFFFAOYSA-N,1,6.22185,6.22185,,6.22185,6.22185,0.0,0.0,COc1ccc2c(c1)c(C=O)cn2CCCCCCCCCCN(C)Cc1ccc(O)cc1,False
UUXMKUDVTHMKFM-UHFFFAOYSA-N,1,4.21746,4.21746,,4.21746,4.21746,0.0,0.0,COc1ccc2c(c1)c(C=O)cn2CCCCCCCCCCCCN(C)Cc1ccc(O)cc1,False
VNMUKEWBYJPDPC-UHFFFAOYSA-N,1,4.34717,4.34717,,4.34717,4.34717,0.0,0.0,COc1ccc2c(c1)c(C=O)cn2CCCCCCCCCCCCN(C)Cc1ccc(OC)c(OC)c1,False
OESTWNDKVZPZBM-UHFFFAOYSA-N,1,4.37171,4.37171,,4.37171,4.37171,0.0,0.0,CCN(CCCCCCCCCCCCn1cc(C=O)c2cc(OC)ccc21)Cc1cccc(O)c1,False
CJKAOSXSHTYWOT-UHFFFAOYSA-N,1,5.10182,5.10182,,5.10182,5.10182,0.0,0.0,CCCCCCCCCCCC1=CC(=O)C=CC1=O,False
WCJPAQJEARHLGS-KEBDBYFISA-N,1,4.63733,4.63733,,4.63733,4.63733,0.0,0.0,CC(C)=CCC/C(C)=C/Cc1c(O)ccc2cc(-c3cc(O)cc(O)c3CC=C(C)C)oc12,False
REFJWTPEDVJJIY-UHFFFAOYSA-N,1,5.53611,5.53611,,5.53611,5.53611,0.0,0.0,O=c1c(O)c(-c2ccc(O)c(O)c2)oc2cc(O)cc(O)c12,False
YHQUYJYCQFUYJC-UHFFFAOYSA-N,1,5.3363,5.3363,,5.3363,5.3363,0.0,0.0,CC(C)=CCCC1(C)C=Cc2c(ccc3cc(-c4cc(O)cc(O)c4CC=C(C)C)oc23)O1,False
KMGCRCBRLVWLGZ-RNQBDGKHSA-N,1,4.85636,4.85636,,4.85636,4.85636,0.0,0.0,CC(C)=CCC/C(C)=C/CC/C(C)=C\Cc1c(O)cc(O)c(CC=C(C)C)c1-c1cc2ccc(O)cc2o1,False
UFCLZKMFXSILNL-PSEXTPKNSA-N,1,5.66959,5.66959,,5.66959,5.66959,0.0,0.0,O=C(/C=C/c1ccc(O)c(O)c1)O[C@@H]1[C@H](O)C[C@@](O)(C(=O)O)C[C@H]1OC(=O)/C=C/c1ccc(O)c(O)c1,False
IHLSBQVBFDTNTC-UHFFFAOYSA-N,1,5.60906,5.60906,,5.60906,5.60906,0.0,0.0,COc1cc(O)c2c(=O)cc(-c3ccccc3)oc2c1OC,False
UQYNGSPDPASNLN-BLAIOOKWSA-N,1,5.59346,5.59346,,5.59346,5.59346,0.0,0.0,Cc1cc2c(c(C)c1CCO[C@@H]1O[C@H](CO)[C@@H](O)[C@H](O)[C@H]1O)C(=O)[C@H](C)C2,False
VKDMMOFAMUXTQZ-VLRRDGGXSA-N,1,5.03763,5.03763,,5.03763,5.03763,0.0,0.0,Cc1cc2c(c(C)c1CCO[C@@H]1O[C@H](CO)[C@@H](O)[C@H](O)[C@H]1O)C(=O)[C@@H](C)[C@H]2O,False
VKDMMOFAMUXTQZ-AKMQMZFLSA-N,1,5.42366,5.42366,,5.42366,5.42366,0.0,0.0,Cc1cc2c(c(C)c1CCO[C@@H]1O[C@H](CO)[C@@H](O)[C@H](O)[C@H]1O)C(=O)[C@H](C)[C@H]2O,False
TUGWHBZURNWRDG-LNZAMEHWSA-N,1,4.56225,4.56225,,4.56225,4.56225,0.0,0.0,Cc1cc2c(c(C)c1CCO[C@@H]1O[C@H](CO)[C@@H](O)[C@H](O)[C@H]1O)C(=O)C(C)(C)[C@H]2O,False
PCZZRBGISTUIOA-UHFFFAOYSA-N,2,4.67226,4.67226,0.4616558753010732,4.34582,4.9987,0.3264400000000003,0.6528800000000006,Oc1cc(O)cc(Oc2c(O)cc(O)c3c2Oc2c(O)cc(O)cc2O3)c1,False
MSDHYTBXPYASNM-UHFFFAOYSA-N,1,5.24489,5.24489,,5.24489,5.24489,0.0,0.0,Oc1cc(O)cc(Oc2cc(O)c(O)c3c2Oc2c(O)cc(Oc4c(O)cc(Oc5c(O)cc(O)c6c5Oc5c(O)cc(O)cc5O6)cc4O)cc2O3)c1,False
FHYNTHBAMAEFJB-UHFFFAOYSA-N,1,5.33819,5.33819,,5.33819,5.33819,0.0,0.0,Oc1cc(O)cc(Oc2c(O)cc(O)c3c2Oc2c(cc(O)c(-c4c(O)cc5c(c4O)Oc4c(Oc6cc(O)cc(O)c6)c(O)cc(O)c4O5)c2O)O3)c1,False
MODXTBIKOSPADE-UHFFFAOYSA-N,1,6.78252,6.78252,,6.78252,6.78252,0.0,0.0,COc1ccc(NCC2CCN(Cc3ccccc3)CC2)cc1,False
KUZVHUCPWIDIGV-UHFFFAOYSA-N,1,6.8041,6.8041,,6.8041,6.8041,0.0,0.0,COc1ccccc1NCC1CCN(Cc2ccccc2)CC1,False
HWDZHFHEYVMTKZ-UHFFFAOYSA-N,1,6.83863,6.83863,,6.83863,6.83863,0.0,0.0,COc1ccc(NCC2CCN(Cc3ccccc3)CC2)cc1OC,False
XDISZLBVVBRPIK-UHFFFAOYSA-N,1,8.00966,8.00966,,8.00966,8.00966,0.0,0.0,COc1ccc(NC(=O)C2CCN(C(=O)c3ccccc3)CC2)cc1,False
XRTYGCKYPFSQNR-UHFFFAOYSA-N,1,8.07263,8.07263,,8.07263,8.07263,0.0,0.0,COc1ccccc1NC(=O)C1CCN(C(=O)c2ccccc2)CC1,False
JEPNAQSFBMZOEC-UHFFFAOYSA-N,1,8.38616,8.38616,,8.38616,8.38616,0.0,0.0,COc1ccc(NC(=O)C2CCN(C(=O)c3ccccc3)CC2)cc1OC,False
NEQISCFVRYUHIP-UHFFFAOYSA-N,2,8.30691,8.30691,0.1522118057182167,8.19928,8.41454,0.10763000000000034,0.21526000000000067,CCC1=CC2Cc3nc4cc(Cl)ccc4c(NCCCN4CCC(CC5Cc6cc(OC)c(OC)cc6C5)CC4)c3C(C1)C2,False
PGEVOJWBZHSHAR-UHFFFAOYSA-N,1,7.54363,7.54363,,7.54363,7.54363,0.0,0.0,CCC1=CC2Cc3nc4cc(Cl)ccc4c(NCCN4CCC(CC5Cc6cc(OC)c(OC)cc6C5)CC4)c3C(C1)C2,False
CAXDNLYPWQWWCX-UHFFFAOYSA-N,2,8.426695,8.426695,0.22155776774918132,8.27003,8.58336,0.15666500000000028,0.31333000000000055,COc1cc2c(cc1OC)CC(CC1CCN(CCCNc3c4c(nc5cc(Cl)ccc35)CC3C=C(C)CC4C3)CC1)C2,False
YKLYCPQJLBMMOK-UHFFFAOYSA-N,1,7.88606,7.88606,,7.88606,7.88606,0.0,0.0,COc1cc2c(cc1OC)CC(CC1CCN(CCNc3c4c(nc5cc(Cl)ccc35)CC3C=C(C)CC4C3)CC1)C2,False
UHILWSKZCOLDGP-UHFFFAOYSA-N,1,7.1831,7.1831,,7.1831,7.1831,0.0,0.0,O=C1Cc2cc(N3C(=O)c4ccccc4C3=O)ccc2CN1C(=O)c1ccccc1,False
ABXOSVSNRQUCLU-UHFFFAOYSA-N,1,7.5938,7.5938,,7.5938,7.5938,0.0,0.0,Cc1cccc(C(=O)N2Cc3ccc(N4C(=O)c5ccccc5C4=O)cc3CC2=O)c1,False
YXGNCQQSGCFRBR-UHFFFAOYSA-N,1,7.08804,7.08804,,7.08804,7.08804,0.0,0.0,COc1ccccc1C(=O)N1Cc2ccc(N3C(=O)c4ccccc4C3=O)cc2CC1=O,False
AFNVVBKBUOQYFZ-UHFFFAOYSA-N,1,7.08698,7.08698,,7.08698,7.08698,0.0,0.0,COc1ccc(C(=O)N2Cc3ccc(N4C(=O)c5ccccc5C4=O)cc3CC2=O)cc1,False
KIEWLGRGIVAZSL-BMRADRMJSA-N,1,7.25759,7.25759,,7.25759,7.25759,0.0,0.0,C/C(=C\C1=CCN(C(=O)CCc2ccccc2)C(=O)C1)N1C(=O)c2ccccc2C1=O,False
JYQOQNLXJDCXHD-YCRREMRBSA-N,1,10.16749,10.16749,,10.16749,10.16749,0.0,0.0,COc1cc(/C=C/c2nnc(-c3ccc(C(F)(F)F)cc3)o2)ccc1O,False
QQKLBMIMHAJCJI-YCRREMRBSA-N,1,9.47625,9.47625,,9.47625,9.47625,0.0,0.0,COc1cc(/C=C/c2nnc(-c3ccc(Cl)cc3)o2)ccc1O,False
XIJPSDHGQSTMMS-XVNBXDOJSA-N,1,9.65758,9.65758,,9.65758,9.65758,0.0,0.0,COc1cc(/C=C/c2nnc(-c3ccc(Cl)cc3Cl)o2)ccc1O,False
NHZQTQJHVKGWNO-YCRREMRBSA-N,1,9.54668,9.54668,,9.54668,9.54668,0.0,0.0,COc1cc(/C=C/c2nnc(-c3ccc(F)cc3)o2)ccc1O,False
OAGDEHOMTUDPHF-XVNBXDOJSA-N,1,9.72125,9.72125,,9.72125,9.72125,0.0,0.0,COc1cc(/C=C/c2nnc(-c3ccc(F)cc3F)o2)ccc1O,False
QLCWXMQTECDEPJ-QPJJXVBHSA-N,1,7.93107,7.93107,,7.93107,7.93107,0.0,0.0,COc1ccc(/C=C/C(=O)c2cc(I)c(Cl)cc2O)cc1,False
SOPWLEVFHSWSKJ-ZZXKWVIFSA-N,1,7.9594,7.9594,,7.9594,7.9594,0.0,0.0,O=C(/C=C/c1ccc(F)cc1)c1cc(I)c(Br)cc1O,False
HEQJVGJFFZGZOW-QPJJXVBHSA-N,1,8.0278,8.0278,,8.0278,8.0278,0.0,0.0,COc1cc(O)c(C(=O)/C=C/c2ccc(F)cc2)cc1I,False
WZBZEXVUPQKLJA-VMPITWQZSA-N,1,7.96019,7.96019,,7.96019,7.96019,0.0,0.0,COc1ccc(/C=C/C(=O)c2cc(I)c(OC)cc2O)cc1,False
ZGOGMVHNWUBZGX-UHFFFAOYSA-N,1,8.4908,8.4908,,8.4908,8.4908,0.0,0.0,O=c1c(O)c(-c2ccc(F)cc2)oc2cc(F)c(I)cc12,False
SCFYJLFSWICSOK-UHFFFAOYSA-N,1,8.46218,8.46218,,8.46218,8.46218,0.0,0.0,O=c1c(O)c(-c2ccc(Cl)cc2)oc2cc(F)c(I)cc12,False
AYKASAIWJOBKAM-UHFFFAOYSA-N,1,7.53775,7.53775,,7.53775,7.53775,0.0,0.0,COc1ccc(-c2oc3cc(Br)c(I)cc3c(=O)c2O)cc1,False
KZNYVZFDNAOGPE-UHFFFAOYSA-N,1,8.14327,8.14327,,8.14327,8.14327,0.0,0.0,COc1ccc(-c2oc3cc(OC)c(I)cc3c(=O)c2O)cc1,False
SKVONSLWYHHDMW-PNQUVVCRSA-N,1,5.11919,5.11919,,5.11919,5.11919,0.0,0.0,O=c1c(/C=N/Nc2ccc(C(F)(F)F)cc2)coc2cc3oc(-c4cccc(F)c4)cc3cc12,False
NPIPNWVXYISVFC-PNQUVVCRSA-N,1,4.73755,4.73755,,4.73755,4.73755,0.0,0.0,O=c1c(/C=N/Nc2ccc(C(F)(F)F)cc2)coc2cc3oc(-c4cccc(Cl)c4)cc3cc12,False
JJXYJVCUHXNVFT-VVEOGCPPSA-N,1,5.26761,5.26761,,5.26761,5.26761,0.0,0.0,COc1ccc(-c2cc3cc4c(=O)c(/C=N/Nc5ccc(C(F)(F)F)cc5)coc4cc3o2)cc1,False
OGHBHMLRBZGPMV-PNQUVVCRSA-N,1,4.98297,4.98297,,4.98297,4.98297,0.0,0.0,O=c1c(/C=N/Nc2ccc(C(F)(F)F)cc2)coc2c1ccc1oc(-c3cccc(F)c3)cc12,False
DZXQKWIYTNJLDC-UHFFFAOYSA-N,1,5.52288,5.52288,,5.52288,5.52288,0.0,0.0,O=c1ccoc2ccc(Oc3ccccc3)cc12,False
OLKYAFAQLVOQDG-UHFFFAOYSA-N,1,5.52288,5.52288,,5.52288,5.52288,0.0,0.0,Cc1c(C)c2ccc(OCc3ccccc3)cc2oc1=O,False
DZJTVJGTZQRCHE-UHFFFAOYSA-N,1,5.52288,5.52288,,5.52288,5.52288,0.0,0.0,Cc1cc(=O)c2cc(Oc3ccccc3)ccc2o1,False
HPHRYPTWOLJCAG-UHFFFAOYSA-N,1,5.52288,5.52288,,5.52288,5.52288,0.0,0.0,Cc1c(C)c2ccc(OCCc3ccccc3)cc2oc1=O,False
OGKOZFQYRRVLDS-UHFFFAOYSA-N,1,5.52288,5.52288,,5.52288,5.52288,0.0,0.0,Cc1c(C)c2ccc(OCc3cc(F)cc(F)c3)cc2oc1=O,False
LVUUTOUXLZZNQA-UHFFFAOYSA-N,1,5.52288,5.52288,,5.52288,5.52288,0.0,0.0,Cc1c(C)c2ccc(OCc3ccc(Cl)cc3)cc2oc1=O,False
OAIPPRYRUKGVPD-UHFFFAOYSA-N,1,5.52288,5.52288,,5.52288,5.52288,0.0,0.0,Cc1c(C)c2ccc(OCc3ccc(F)c(F)c3)cc2oc1=O,False
QHRPUOKUBRYYKI-UHFFFAOYSA-N,1,5.52288,5.52288,,5.52288,5.52288,0.0,0.0,Cc1c(C)c2ccc(OCc3ccc(F)cc3)cc2oc1=O,False
GXFXMBTYRNXLMV-UHFFFAOYSA-N,1,5.52288,5.52288,,5.52288,5.52288,0.0,0.0,Cc1ccc(COc2ccc3c(C)c(C)c(=O)oc3c2)cc1,False
XGJZBERLEOSMIT-UHFFFAOYSA-N,1,5.52288,5.52288,,5.52288,5.52288,0.0,0.0,Cc1c(C)c2ccc(OCc3cccc(F)c3)cc2oc1=O,False
WKMBYPRUDNQPPA-UHFFFAOYSA-N,1,5.52288,5.52288,,5.52288,5.52288,0.0,0.0,Cc1c(C)c2ccc(OCc3cccc(N)c3)cc2oc1=O,False
LRYCEYYGXGCVJT-UHFFFAOYSA-N,1,5.52288,5.52288,,5.52288,5.52288,0.0,0.0,COc1cccc(COc2ccc3c(C)c(C)c(=O)oc3c2)c1,False
GLRZWGPLUSPXHR-UHFFFAOYSA-N,1,5.52288,5.52288,,5.52288,5.52288,0.0,0.0,Cc1c(C)c2ccc(OCc3cccc(O)c3)cc2oc1=O,False
SZKGSGOFYXVKOX-UHFFFAOYSA-N,1,5.52288,5.52288,,5.52288,5.52288,0.0,0.0,Cc1ccccc1COc1ccc2c(C)c(C)c(=O)oc2c1,False
XZZUNARGJTUDCF-UHFFFAOYSA-N,1,5.52288,5.52288,,5.52288,5.52288,0.0,0.0,Cc1cccc(COc2ccc3c(C)c(C)c(=O)oc3c2)c1,False
RIKQUJZHAZWONQ-UHFFFAOYSA-N,1,6.13077,6.13077,,6.13077,6.13077,0.0,0.0,Cc1ccc(-c2noc(-c3cccc(OCC4CCN(Cc5ccccc5)CC4)c3)n2)cn1,False
OIQWPSGFYFVEPC-UHFFFAOYSA-N,1,5.52433,5.52433,,5.52433,5.52433,0.0,0.0,Cc1ccc(-c2noc(-c3cccc(OCC4CCN(Cc5ccc(F)cc5)CC4)c3)n2)cn1,False
DSACCWNHUDYWJF-UHFFFAOYSA-N,1,6.5376,6.5376,,6.5376,6.5376,0.0,0.0,Cc1ccc(-c2noc(-c3cccc(OCC4CCN(Cc5ccccc5F)CC4)c3)n2)cn1,False
RRSJHXGJAMBCDJ-UHFFFAOYSA-N,1,6.42022,6.42022,,6.42022,6.42022,0.0,0.0,Cc1ccc(-c2noc(-c3cccc(OCC4CCN(Cc5cccc(F)c5)CC4)c3)n2)cn1,False
DOTWPYOPUGDXID-UHFFFAOYSA-N,1,6.24413,6.24413,,6.24413,6.24413,0.0,0.0,Cc1ccc(-c2noc(-c3cccc(OCC4CCN(Cc5ccccc5Cl)CC4)c3)n2)cn1,False
LXRBPWHQMGKMRT-GOSISDBHSA-N,1,5.11862,5.11862,,5.11862,5.11862,0.0,0.0,CC(C)C[C@@H](NC(=O)C1(C(F)(F)F)CCCCC1)C(=O)Nc1nnc(Cc2ccc(C#N)cc2)s1,False
QGTBKSTUWGAYSX-UHFFFAOYSA-N,1,5.92082,5.92082,,5.92082,5.92082,0.0,0.0,CCN(CC)C(=O)Oc1ccc(-c2cc(=O)c3c(O)c(O)c(O)cc3o2)cc1,False
ICSYRRPMGFFPSY-UHFFFAOYSA-N,1,4.08624,4.08624,,4.08624,4.08624,0.0,0.0,CN(C)Cc1c(O)c(O)c(O)c2c(=O)cc(-c3ccccc3)oc12,False
PZLKJPRPEJQHPN-UHFFFAOYSA-N,1,8.1986,8.1986,,8.1986,8.1986,0.0,0.0,COc1ccc(-c2cc(=O)c3ccc(OCCN4CCC(C)CC4)cc3o2)cc1,False
GBQCLUQNACGFMJ-UHFFFAOYSA-N,1,8.12148,8.12148,,8.12148,8.12148,0.0,0.0,COc1ccc(-c2cc(=O)c3ccc(OCCN4CCN(CCO)CC4)cc3o2)cc1,False
AXGABLVKANFJCV-UHFFFAOYSA-N,1,7.95861,7.95861,,7.95861,7.95861,0.0,0.0,COc1ccc(-c2cc(=O)c3ccc(OCCN4CCOCC4)cc3o2)cc1,False
HDCMDGLXHFWWIA-UHFFFAOYSA-N,1,7.56703,7.56703,,7.56703,7.56703,0.0,0.0,CCN(CC)CCOc1ccc2c(=O)cc(-c3ccc(OC)cc3)oc2c1,False
IIVOUTDXRQRWCT-UHFFFAOYSA-N,1,6.97964,6.97964,,6.97964,6.97964,0.0,0.0,COc1ccc(-c2cc(=O)c3ccc(OCCN4CCCC4)cc3o2)cc1,False
MRGBLPQQHOOJIK-UHFFFAOYSA-N,1,7.0,7.0,,7.0,7.0,0.0,0.0,CCC(=O)CNC(=O)Nc1nc2ccc(-c3oc4c(OC)c(O)c(O)c(OC)c4c(=O)c3O)cc2s1,False
RIGAZEFUPAYEBY-UHFFFAOYSA-N,1,5.56067,5.56067,,5.56067,5.56067,0.0,0.0,CN(C)CCNC(=O)COc1cc(O)c2c(=O)c(-c3ccc(O)cc3)coc2c1,False
QESLWZFHJYKHOG-UHFFFAOYSA-N,1,7.0,7.0,,7.0,7.0,0.0,0.0,CCN(CC)CCCCOc1cc(O)c2c(=O)c(-c3ccc(O)cc3)coc2c1,False
ITHOQDYOXKNLHE-CAPFRKAQSA-N,1,5.4045,5.4045,,5.4045,5.4045,0.0,0.0,COc1ccc(/C=C2\COc3cc(OCCCN4CCCCC4)ccc3C2=O)cc1,False
GDZFSYSIHBTKLG-UHFFFAOYSA-N,1,4.0,4.0,,4.0,4.0,0.0,0.0,COc1cc2oc3cccc(O)c3c(=O)c2c(O)c1CN(C)C,False
BENIBYVETVNODM-GHTZIAJQSA-N,1,5.284,5.284,,5.284,5.284,0.0,0.0,Cc1ccc(NCC[C@@H]2CCCN3CCCC[C@H]23)c2c(=O)c3ccccc3sc12,False
DALMBCBRULLIPO-GHTZIAJQSA-N,1,6.85387,6.85387,,6.85387,6.85387,0.0,0.0,Cc1ccc(NCC[C@@H]2CCCN3CCCC[C@H]23)c2c(=O)c3ccccc3oc12,False
UKAHGKQMJOMGBT-UHFFFAOYSA-N,1,9.284,9.284,,9.284,9.284,0.0,0.0,CNC(=O)Oc1cccc(CN(C)CCCCCCCOc2cccc(-c3cc(=O)c4ccccc4o3)c2)c1,False
OVUITCZDHHCZJE-UHFFFAOYSA-N,1,4.82974,4.82974,,4.82974,4.82974,0.0,0.0,CN1CCc2c(c3ccccc3n2Cc2ccccc2C(=O)NCCO[N+](=O)[O-])C1,False
BXNJHAXVSOCGBA-UHFFFAOYSA-N,1,4.94692,4.94692,,4.94692,4.94692,0.0,0.0,COc1ccc2c(c1)[nH]c1c(C)nccc12,False
RJYMXTYQGHBQCH-UHFFFAOYSA-N,1,5.11862,5.11862,,5.11862,5.11862,0.0,0.0,O=C1CC2CCc3ccsc3C2=NN1CCCCN1CCN(Cc2cccc3c2ccn3S(=O)(=O)c2ccccc2)CC1,False
BSRISIKVNVNLJD-UHFFFAOYSA-N,1,5.91009,5.91009,,5.91009,5.91009,0.0,0.0,O=C1CC2CCCc3ccsc3C2=NN1CCCCN1CCN(Cc2ccccc2)CC1,False
FMHFUABJEGMXDA-UHFFFAOYSA-N,1,5.43771,5.43771,,5.43771,5.43771,0.0,0.0,O=C1CC2CCc3ccsc3C2=NN1Cc1ccc(CN2CCN(Cc3ccccc3)CC2)cc1,False
BYPQEUFUCCZAJU-UHFFFAOYSA-N,1,5.67985,5.67985,,5.67985,5.67985,0.0,0.0,O=C1CC2CCc3ccsc3C2=NN1CCCCN1CCCCC1,False
NYFCTSGIAUTTNF-UHFFFAOYSA-N,1,6.26922,6.26922,,6.26922,6.26922,0.0,0.0,O=C1CC2Cc3ccsc3C2=NN1CCCCN1CCN(Cc2ccccc2)CC1,False
MNUPLPUTMVVFAK-UHFFFAOYSA-N,1,5.93554,5.93554,,5.93554,5.93554,0.0,0.0,O=C1CC2CCc3ccsc3C2=NN1CCCCN1CCCC1,False
BNGICRROXYSOFL-UHFFFAOYSA-N,1,6.76955,6.76955,,6.76955,6.76955,0.0,0.0,O=C1CC2CCc3ccsc3C2=NN1CCN1CCN(Cc2ccccc2)CC1,False
KBZBQWNBLHHFJW-UHFFFAOYSA-N,1,4.86646,4.86646,,4.86646,4.86646,0.0,0.0,O=C1CC2CCc3ccsc3C2=NN1CN1CCN(Cc2ccccc2)CC1,False
XARSRMXMKNOSHZ-UHFFFAOYSA-N,1,5.53313,5.53313,,5.53313,5.53313,0.0,0.0,CCN(CC)CCCCN1N=C2c3sccc3CCC2CC1=O,False
OOHREKMRUITIOI-UHFFFAOYSA-N,1,5.19654,5.19654,,5.19654,5.19654,0.0,0.0,CN(C)CCCCN1N=C2c3sccc3CCC2CC1=O,False
DXQPJYSXJVUZSK-UHFFFAOYSA-N,1,6.12148,6.12148,,6.12148,6.12148,0.0,0.0,O=C1CC2CCc3ccsc3C2=NN1CCCCN1CCN(Cc2ccccc2)CC1,False
BUXAAHHFQFLYHV-UHFFFAOYSA-N,1,5.35262,5.35262,,5.35262,5.35262,0.0,0.0,O=C1CC2CCc3ccsc3C2=NN1CCCCCN1CCN(Cc2cccc3c2ccn3S(=O)(=O)c2ccccc2)CC1,False
HKJPSKQLHUWRSF-UHFFFAOYSA-N,1,5.00877,5.00877,,5.00877,5.00877,0.0,0.0,O=C1CC2CCc3ccsc3C2=NN1CCCCCCN1CCN(Cc2cccc3c2ccn3S(=O)(=O)c2ccccc2)CC1,False
ZSHWOZAWKHAWKL-UHFFFAOYSA-N,1,5.34104,5.34104,,5.34104,5.34104,0.0,0.0,O=C1CC2CCc3ccsc3C2=NN1CCCCCCCN1CCN(Cc2cccc3c2ccn3S(=O)(=O)c2ccccc2)CC1,False
NGSSPAPFVVRZPW-UHFFFAOYSA-N,1,5.44977,5.44977,,5.44977,5.44977,0.0,0.0,O=C1CC2Cc3ccsc3C2=NN1CCCCN1CCN(Cc2cccc3c2ccn3S(=O)(=O)c2ccccc2)CC1,False
AVIFTUQCMKTSNJ-UHFFFAOYSA-N,1,5.16178,5.16178,,5.16178,5.16178,0.0,0.0,O=C1CC2Cc3ccsc3C2=NN1CCCCCN1CCN(Cc2cccc3c2ccn3S(=O)(=O)c2ccccc2)CC1,False
ATQZQZVXRCSALL-UHFFFAOYSA-N,1,5.03716,5.03716,,5.03716,5.03716,0.0,0.0,O=C1CC2Cc3ccsc3C2=NN1CCCCCCN1CCN(Cc2cccc3c2ccn3S(=O)(=O)c2ccccc2)CC1,False
UHZOUSUGNFTACG-UHFFFAOYSA-N,1,5.14388,5.14388,,5.14388,5.14388,0.0,0.0,O=C1CC2Cc3ccsc3C2=NN1CCCCCCCN1CCN(Cc2cccc3c2ccn3S(=O)(=O)c2ccccc2)CC1,False
KMKOTLZTNMZGJF-UHFFFAOYSA-N,1,6.0655,6.0655,,6.0655,6.0655,0.0,0.0,O=C1CC2CCc3sccc3C2=NN1CCCCN1CCN(Cc2ccccc2)CC1,False
VGKKIDVQXUFYEJ-WXUMCUSRSA-N,1,4.23136,4.23136,,4.23136,4.23136,0.0,0.0,CC1(C)O[C@@H]2[C@@H](O)[C@H]3NC(=O)O[C@H]3C[C@@H]2O1,False
NDXDTKKYWMJWOB-UHFFFAOYSA-N,1,8.19654,8.19654,,8.19654,8.19654,0.0,0.0,COc1cccc(C2CC(c3cc(F)ccc3F)=NN2c2ccc(S(N)(=O)=O)cc2)c1OC,False
XFWWVOBRRAOJSE-UHFFFAOYSA-N,1,8.19654,8.19654,,8.19654,8.19654,0.0,0.0,COc1ccc(C2CC(c3cc(F)ccc3F)=NN2c2ccc(S(N)(=O)=O)cc2)c(OC)c1,False
LGHMDXIUHIJXQC-UHFFFAOYSA-N,1,8.19654,8.19654,,8.19654,8.19654,0.0,0.0,COc1ccc(OC)c(C2CC(c3cc(F)ccc3F)=NN2c2ccc(S(N)(=O)=O)cc2)c1,False
IERDXPUHGSILLC-UHFFFAOYSA-N,1,8.19654,8.19654,,8.19654,8.19654,0.0,0.0,COc1ccc(C2CC(c3cc(F)ccc3F)=NN2c2ccc(S(N)(=O)=O)cc2)cc1OC,False
MVUMPHQFSVJJDP-UHFFFAOYSA-N,1,8.19654,8.19654,,8.19654,8.19654,0.0,0.0,COc1cccc(C2CC(c3cc(F)cc(F)c3)=NN2c2ccc(S(N)(=O)=O)cc2)c1OC,False
WCXZTJJFOZNHMQ-UHFFFAOYSA-N,1,8.19654,8.19654,,8.19654,8.19654,0.0,0.0,COc1ccc(C2CC(c3cc(F)cc(F)c3)=NN2c2ccc(S(N)(=O)=O)cc2)c(OC)c1,False
VBKJNIHVGMJOBE-UHFFFAOYSA-N,1,8.19654,8.19654,,8.19654,8.19654,0.0,0.0,COc1ccc(OC)c(C2CC(c3cc(F)cc(F)c3)=NN2c2ccc(S(N)(=O)=O)cc2)c1,False
QEXVTTMBUODJLO-UHFFFAOYSA-N,1,8.19654,8.19654,,8.19654,8.19654,0.0,0.0,COc1ccc(C2CC(c3cc(F)cc(F)c3)=NN2c2ccc(S(N)(=O)=O)cc2)cc1OC,False
YXLWPRMAXINOTF-UHFFFAOYSA-N,1,6.69897,6.69897,,6.69897,6.69897,0.0,0.0,Cc1ccc2cc(C3CC(c4sccc4Cl)=NN3)c(Cl)nc2c1,False
ICEPXSIJDOVNCF-UHFFFAOYSA-N,1,6.82391,6.82391,,6.82391,6.82391,0.0,0.0,Cc1ccc2cc(C3CC(c4cc(Cl)sc4Cl)=NN3)c(Cl)nc2c1,False
PIQISABDIQDKBY-DHZHZOJOSA-N,1,6.88606,6.88606,,6.88606,6.88606,0.0,0.0,Cc1ccc(C(=O)/C=C/c2ccc(N3CCCCC3)cc2)s1,False
QFVGPABOTQMSSV-RMKNXTFCSA-N,1,6.79588,6.79588,,6.79588,6.79588,0.0,0.0,O=C(/C=C/c1ccc(N2CCCCC2)cc1)c1sccc1Cl,False
FRBRZGLUFOZRGD-JVPBZIDWSA-N,1,5.1,5.1,,5.1,5.1,0.0,0.0,CC(=O)Nc1c(F)cc(C(=O)N[C@H]2CC[C@H](O)CC2)cc1O[C@@H](C)c1ccccc1,False
QZZCUOVXHPAQRQ-UHFFFAOYSA-N,1,4.0,4.0,,4.0,4.0,0.0,0.0,CNC(=O)c1cc(C(=O)NC2CC2)cn(Cc2ccccc2)c1=O,False
ZORLJXWXFABTPZ-CTNGQTDRSA-N,1,4.2,4.2,,4.2,4.2,0.0,0.0,COCc1nc2cnc3cc(-c4c(C)noc4C)c(OC[C@H]4CCNC4)cc3c2n1[C@H](C)c1ccccc1,False
OAZAPIKYVGRNCO-UHFFFAOYSA-N,1,5.0,5.0,,5.0,5.0,0.0,0.0,CC(C)(O)c1ccc(N2Cc3c(ccnc3-c3ccc(F)cc3OCC(F)(F)F)C2=O)cc1,False
HMRQNXQTMJUDBQ-UHFFFAOYSA-N,1,5.48945,5.48945,,5.48945,5.48945,0.0,0.0,CON(C)C(=O)Oc1ccccc1C(=O)NCCc1c[nH]c2ccccc12,False
BUHWDQLEICJGTP-UHFFFAOYSA-N,1,6.17587,6.17587,,6.17587,6.17587,0.0,0.0,Cc1cc(=O)[nH]c2c1C(=O)C(NCCNc1c3c(nc4ccccc14)CCCC3)=CC2=O,False
VUEZWIALQTZWIP-UHFFFAOYSA-N,1,7.23433,7.23433,,7.23433,7.23433,0.0,0.0,Cc1cc(=O)[nH]c2c1C(=O)C(NCCCCNc1c3c(nc4ccccc14)CCCC3)=CC2=O,False
XNJHYFAIQOFIJJ-UHFFFAOYSA-N,1,6.91721,6.91721,,6.91721,6.91721,0.0,0.0,Cc1cc(=O)[nH]c2c1C(=O)C(NCCNc1c3c(nc4cc(Cl)ccc14)CCCC3)=CC2=O,False
FSAILKBVUYCXNV-UHFFFAOYSA-N,1,7.95468,7.95468,,7.95468,7.95468,0.0,0.0,Cc1cc(=O)[nH]c2c1C(=O)C(NCCCNc1c3c(nc4cc(Cl)ccc14)CCCC3)=CC2=O,False
GKOUESSFMCKDBI-UHFFFAOYSA-N,1,8.25337,8.25337,,8.25337,8.25337,0.0,0.0,Cc1cc(=O)[nH]c2c1C(=O)C(NCCCCNc1c3c(nc4cc(Cl)ccc14)CCCC3)=CC2=O,False
XAWFXAPFQYDPBV-QFIPXVFZSA-N,2,5.213480000000001,5.213480000000001,0.15791108637458023,5.10182,5.32514,0.11166000000000009,0.22332000000000019,CCN(C)C(=O)Oc1ccc(-c2cc(=O)c3c(O)c(O)c(OC(=O)N[C@@H](Cc4ccccc4)C(=O)OC(C)(C)C)cc3o2)cc1,False
MNMQAHKGWMLPCY-UHFFFAOYSA-N,1,4.9358,4.9358,,4.9358,4.9358,0.0,0.0,CN(CCC1CCCCCC1)Cc1c[nH]c2c(O)cccc12,False
PUQVZTVXJSQDBH-UHFFFAOYSA-N,1,6.2529,6.2529,,6.2529,6.2529,0.0,0.0,CN(CCC1CCCCCC1)Cc1c[nH]c2c(OC(=O)N(C)C)cccc12,False
ONFFSANHYPZSAW-UHFFFAOYSA-N,1,5.16647,5.16647,,5.16647,5.16647,0.0,0.0,CCN(C)C(=O)Oc1cccc2c(CN(C)CCC3CCCCCC3)c[nH]c12,False
GTXNGJDFXPHWOA-UHFFFAOYSA-N,1,5.54775,5.54775,,5.54775,5.54775,0.0,0.0,CC(C)N(C)C(=O)Oc1cccc2c(CN(C)CCC3CCCCCC3)c[nH]c12,False
IFCAAEQXMGKTFX-UHFFFAOYSA-N,1,4.99818,4.99818,,4.99818,4.99818,0.0,0.0,CN(CCC1CCCCCC1)Cc1c[nH]c2c(OC(=O)N(C)C(C)(C)C)cccc12,False
GQWXRMJFBBWGBU-UHFFFAOYSA-N,1,6.27474,6.27474,,6.27474,6.27474,0.0,0.0,CN(CCC1CCCCCC1)Cc1c[nH]c2c(OC(=O)N(C)Cc3ccccc3)cccc12,False
DSKDAAYTNXQGJV-UHFFFAOYSA-N,1,5.25259,5.25259,,5.25259,5.25259,0.0,0.0,CCN(CC)C(=O)Oc1cccc2c(CN(C)CCC3CCCCCC3)c[nH]c12,False
OKXFQHMUKASRBY-UHFFFAOYSA-N,1,5.33451,5.33451,,5.33451,5.33451,0.0,0.0,CC(C)N(C(=O)Oc1cccc2c(CN(C)CCC3CCCCCC3)c[nH]c12)C(C)C,False
WPZXTEAEXAJKLC-UHFFFAOYSA-N,1,6.27646,6.27646,,6.27646,6.27646,0.0,0.0,CN(CCC1CCCCCC1)Cc1c[nH]c2c(OC(=O)N3CCCCC3)cccc12,False
WRQPYUZDNIDAKI-UHFFFAOYSA-N,1,5.44563,5.44563,,5.44563,5.44563,0.0,0.0,CN(CCC1CCCCCC1)Cc1c[nH]c2c(OC(=O)N3CCOCC3)cccc12,False
BTEJXTBVWONFFU-UHFFFAOYSA-N,1,6.46814,6.46814,,6.46814,6.46814,0.0,0.0,C#CCN(C)C(=O)Oc1cccc2c(CN(C)CCC3CCCCCC3)c[nH]c12,False
DRGVFCJQZHOVEJ-UHFFFAOYSA-N,1,5.96617,5.96617,,5.96617,5.96617,0.0,0.0,C#CCCCN(C)C(=O)Oc1cccc2c(CN(C)CCC3CCCCCC3)c[nH]c12,False
XVBCFWNSQCHPTI-UHFFFAOYSA-N,1,6.90939,6.90939,,6.90939,6.90939,0.0,0.0,C#CCCCCCCCCCN(C)C(=O)Oc1cccc2c(CN(C)CCC3CCCCCC3)c[nH]c12,False
RYFYERZCXQBRAD-UHFFFAOYSA-N,1,5.12344,5.12344,,5.12344,5.12344,0.0,0.0,C#CCN(CC)C(=O)Oc1cccc2c(CN(C)CCC3CCCCCC3)c[nH]c12,False
YMGWTTBRRFFMLN-UHFFFAOYSA-N,1,6.33339,6.33339,,6.33339,6.33339,0.0,0.0,C#CCN(CC#C)C(=O)Oc1cccc2c(CN(C)CCC3CCCCCC3)c[nH]c12,False
GAIKGEKRGGHCMZ-UHFFFAOYSA-N,1,5.27132,5.27132,,5.27132,5.27132,0.0,0.0,C#CCN(C(=O)Oc1cccc2c(CN(C)CCC3CCCCCC3)c[nH]c12)C(C)C,False
VGOWRMCVCDHGIZ-UHFFFAOYSA-N,1,5.95821,5.95821,,5.95821,5.95821,0.0,0.0,CON(C)C(=O)Oc1cccc2c(CN(C)CCC3CCCCCC3)c[nH]c12,False
HHOQFQNZGOWBHS-UHFFFAOYSA-N,1,5.25493,5.25493,,5.25493,5.25493,0.0,0.0,CN(CCC1CCCCCC1)Cc1c[nH]c2c(OC(=O)N(C)N(C)C)cccc12,False
YMWARYCMQGOOCM-UHFFFAOYSA-N,1,5.1727,5.1727,,5.1727,5.1727,0.0,0.0,CN(CCC1CCCCCC1)Cc1c[nH]c2cc(OC(=O)N(C)C)ccc12,False
LAMQUJNDYPKKMT-UHFFFAOYSA-N,1,6.47301,6.47301,,6.47301,6.47301,0.0,0.0,CC(C)N(C(=O)Oc1ccc2c(CN(C)CCC3CCCCCC3)c[nH]c2c1)C(C)C,False
VIMYNAVDKFZSJY-UHFFFAOYSA-N,1,5.83684,5.83684,,5.83684,5.83684,0.0,0.0,C#CCN(C)C(=O)Oc1ccc2c(CN(C)CCC3CCCCCC3)c[nH]c2c1,False
RTSVPQGEMHVGDV-NZQKXSOJSA-N,1,5.10568,5.10568,,5.10568,5.10568,0.0,0.0,Cc1ccc(NCCCSC[C@@H]2CCCN3CCCC[C@H]23)c2c(=O)c3ccccc3sc12,False
DTVPCBIZJATWPE-LAUBAEHRSA-N,1,5.37059,5.37059,,5.37059,5.37059,0.0,0.0,Cc1ccc(NCC[C@@H]2CCCN3CCCC[C@H]23)c2c(=O)c3cc(O)ccc3sc12,False
QDOARVWOVAHJIU-PGRDOPGGSA-N,1,5.44491,5.44491,,5.44491,5.44491,0.0,0.0,COc1ccc2sc3c(C)ccc(NCC[C@@H]4CCCN5CCCC[C@H]45)c3c(=O)c2c1,False
ZPTZOXPYMMOGAB-OXJNMPFZSA-N,1,5.32331,5.32331,,5.32331,5.32331,0.0,0.0,COc1ccc2sc3c([N+](=O)[O-])ccc(NCC[C@@H]4CCCN5CCCC[C@H]45)c3c(=O)c2c1,False
SDIALEIKIKXUSO-DYESRHJHSA-N,1,5.75696,5.75696,,5.75696,5.75696,0.0,0.0,COc1ccc2sc3c([N+](=O)[O-])ccc(NCCC[C@@H]4CCCN5CCCC[C@H]45)c3c(=O)c2c1,False
CFBPNQLXDNLVNE-HRAATJIYSA-N,1,5.61979,5.61979,,5.61979,5.61979,0.0,0.0,COc1ccc2sc3c(N)ccc(NCC[C@@H]4CCCN5CCCC[C@H]45)c3c(=O)c2c1,False
RGJSERYMQYYVAH-UHFFFAOYSA-N,1,4.79317,4.79317,,4.79317,4.79317,0.0,0.0,COc1ccc2sc3c(C)ccc(NCCC4CCN(C)CC4)c3c(=O)c2c1,False
PLFDOJBDYAWUKJ-DENIHFKCSA-N,1,5.05502,5.05502,,5.05502,5.05502,0.0,0.0,Cc1ccc(NCCC[C@@H]2CCCN3CCCC[C@H]23)c2c(=O)c3ccccc3oc12,False
YWVFIQIWZRMQIM-WQRHYEAKSA-N,1,4.95861,4.95861,,4.95861,4.95861,0.0,0.0,CCN1/C(=C/C(C)=O)Sc2ccc(OC(=O)NC3CCCCC3)cc21,False
ONBVYCYXZOZZNN-PDGQHHTCSA-N,1,4.85387,4.85387,,4.85387,4.85387,0.0,0.0,CCCCCCNC(=O)Oc1ccc2c(c1)N(CC)/C(=C/C(C)=O)S2,False
PPCRHFHUQHNFIU-NVMNQCDNSA-N,1,4.46852,4.46852,,4.46852,4.46852,0.0,0.0,CCN1/C(=C/C(C)=O)Sc2ccc(OC(=O)NCc3cccnc3)cc21,False
FVVRODREEMLXIT-MOSHPQCFSA-N,1,4.69897,4.69897,,4.69897,4.69897,0.0,0.0,CCN1/C(=C/C(C)=O)Sc2ccc(OC(=O)NCCc3ccccc3)cc21,False
YHMQNOUAEWRSMB-UHFFFAOYSA-N,1,7.60206,7.60206,,7.60206,7.60206,0.0,0.0,S=C(NCCCCNc1c2c(nc3ccccc13)CCCC2)Nc1c[nH]c2ccccc12,False
ICNPKYKIVQPEDC-UHFFFAOYSA-N,1,8.09691,8.09691,,8.09691,8.09691,0.0,0.0,Clc1ccc2c(NCCCCCN3c4ccccc4Sc4ccccc43)c3c(nc2c1)CCCC3,False
IILWHJNAPFMQIG-UHFFFAOYSA-N,1,5.48149,5.48149,,5.48149,5.48149,0.0,0.0,COC(=O)c1cc(C(=O)c2ccc(OC)cc2)n2ccc(CCCc3cc[n+](C)cc3)cc12,False
QEVHRUUCFGRFIF-MDEJGZGSSA-N,1,5.76955,5.76955,,5.76955,5.76955,0.0,0.0,COC(=O)[C@H]1[C@H]2C[C@@H]3c4[nH]c5cc(OC)ccc5c4CCN3C[C@H]2C[C@@H](OC(=O)c2cc(OC)c(OC)c(OC)c2)[C@@H]1OC,False
JTJQWNKGAGILHA-UHFFFAOYSA-N,1,7.74473,7.74473,,7.74473,7.74473,0.0,0.0,O=C(NCCCNc1c2c(nc3cc(Cl)ccc13)CCCC2)c1nc2ccc([N+](=O)[O-])cc2s1,False
AZQJBDNDDDGKPV-UHFFFAOYSA-N,2,7.046835,7.046835,0.22737018549053453,6.88606,7.20761,0.1607750000000001,0.3215500000000002,Cc1ccc(S(=O)(=O)NCCCCCNc2c3c(nc4ccccc24)CCCC3)cc1,False
FKBZPOPRHZPSRO-UHFFFAOYSA-N,1,7.19382,7.19382,,7.19382,7.19382,0.0,0.0,FC(F)(F)c1ccc(-c2nnc(CNC3CCN(Cc4ccccc4)C3)o2)cc1,False
PCEFDTXXUQXRHF-UHFFFAOYSA-N,1,7.22185,7.22185,,7.22185,7.22185,0.0,0.0,CCOC(=O)C1=C(C)N(CCC2CCN(Cc3ccccc3)CC2)C(=O)NC1c1coc2c(Cl)cc(Cl)cc2c1=O,False
DDAKLCVNBJVDEK-UHFFFAOYSA-N,1,4.32331,4.32331,,4.32331,4.32331,0.0,0.0,CC1=C(NC2CCN(Cc3ccccc3)CC2)C(=O)c2ccccc2C1=O,False
BARZEIXSJGIODB-UHFFFAOYSA-N,1,6.04096,6.04096,,6.04096,6.04096,0.0,0.0,CCN(CCCCCOc1cc(O)c2c(c1)OC(c1ccc(O)cc1)CC2=O)Cc1ccccc1,False
VBFKLSQXEXLRSC-UHFFFAOYSA-O,1,4.88606,4.88606,,4.88606,4.88606,0.0,0.0,O=C(C[n+]1ccc2ccccc2c1)Nc1ccccc1Br,False
POPGUCONQNKJKN-UHFFFAOYSA-N,1,6.49485,6.49485,,6.49485,6.49485,0.0,0.0,c1cc2[nH]c3nc(NCCCCCCN4CCCC4)nnc3c2cc1N1CCCCC1,False
MXESMWXWOKCZLG-UHFFFAOYSA-N,1,5.55596,5.55596,,5.55596,5.55596,0.0,0.0,O=c1nc2sc3ccccc3n2c2ncccc12,False
IKAVVQHSMHYMDJ-OHKUQIHYSA-N,1,5.13668,5.13668,,5.13668,5.13668,0.0,0.0,COc1cc2c(cc1OC)-c1c(-c3ccc(Cl)cc3)c(/C=N/c3ccc(/N=C/c4cn5c(c4-c4ccc(Cl)cc4)-c4cc(OC)c(OC)cc4CC5)cc3)cn1CC2,False
LZKBTCQYBSXKFD-UHFFFAOYSA-N,3,4.60206,4.874093333333334,0.4729606885707663,4.6,5.42022,0.002060000000000173,0.82022,CCN(CC)C(=O)c1ccc2c(c1)nc(Cc1ccccc1)n2CCC(C)C,False
RLLSCGRLMPJHDQ-UHFFFAOYSA-N,1,5.0,5.0,,5.0,5.0,0.0,0.0,CCOc1ccc(Cc2nc3cc(C(=O)N(CC)CC)ccc3n2CCC(C)C)cc1,False
TXXAHZQJZKGCET-UHFFFAOYSA-N,2,4.60103,4.60103,0.00145663996924441,4.6,4.60206,0.0010300000000000864,0.002060000000000173,CCNC(=O)Oc1ccc(Cc2nc3cc(C(=O)N(CC)CC)ccc3n2CCC(C)C)cc1,False
LDECOMYHPDABAC-UHFFFAOYSA-N,2,4.60103,4.60103,0.00145663996924441,4.6,4.60206,0.0010300000000000864,0.002060000000000173,CCN(CC)C(=O)c1ccc2c(c1)nc(Cc1ccc(OC(=O)NC)cc1)n2CCC(C)C,False
WQLNYWUJHDKKSW-UHFFFAOYSA-N,2,4.60103,4.60103,0.00145663996924441,4.6,4.60206,0.0010300000000000864,0.002060000000000173,CCN(CC)C(=O)c1ccc2c(c1)nc(Cc1ccc(OC(=O)NC3CC3)cc1)n2CCC(C)C,False
SKPVSXMCZMZIKN-UHFFFAOYSA-N,2,5.081239999999999,5.081239999999999,0.02653064643011942,5.06248,5.1,0.018759999999999888,0.037519999999999776,CCN(CC)C(=O)c1ccc2c(c1)nc(Cc1ccc(OC(=O)N(C)C)cc1)n2CCC(C)C,False
LVCCZHVUVJNRLU-UHFFFAOYSA-N,2,4.60103,4.60103,0.00145663996924441,4.6,4.60206,0.0010300000000000864,0.002060000000000173,CCN(C)C(=O)Oc1ccc(Cc2nc3cc(C(=O)N(CC)CC)ccc3n2CCC(C)C)cc1,False
CMTWRVDDBPJIFL-UHFFFAOYSA-N,2,4.60103,4.60103,0.00145663996924441,4.6,4.60206,0.0010300000000000864,0.002060000000000173,CCCN(C)C(=O)Oc1ccc(Cc2nc3cc(C(=O)N(CC)CC)ccc3n2CCC(C)C)cc1,False
ZUWNQIXZIXVZHN-UHFFFAOYSA-N,2,4.60103,4.60103,0.00145663996924441,4.6,4.60206,0.0010300000000000864,0.002060000000000173,CCN(CC)C(=O)Oc1ccc(Cc2nc3cc(C(=O)N(CC)CC)ccc3n2CCC(C)C)cc1,False
YEDMNOZIAFUYSZ-UHFFFAOYSA-N,2,5.373395,5.373395,0.037625151826936175,5.34679,5.4,0.02660499999999999,0.05320999999999998,CCN(CC)C(=O)c1ccc2c(c1)nc(Cc1ccc(OC(=O)NCc3ccccc3)cc1)n2CCC(C)C,False
JIVUGVGICZGKIU-UHFFFAOYSA-N,2,5.48046,5.48046,0.027633733008770436,5.46092,5.5,0.019540000000000113,0.039080000000000226,CCN(CC)C(=O)c1ccc2c(c1)nc(Cc1ccc(OC(=O)N(C)c3ccccc3)cc1)n2CCC(C)C,False
HQVRKEQGOOXDCP-UHFFFAOYSA-N,2,5.02264,5.02264,0.03201779505212686,5.0,5.04528,0.022639999999999993,0.04527999999999999,CCN(CC)C(=O)c1ccc2c(c1)nc(Cc1ccc(OC(=O)N(C)Cc3ccccc3)cc1)n2CCC(C)C,False
HKQZAYMNLFAQOP-UHFFFAOYSA-N,2,4.60103,4.60103,0.00145663996924441,4.6,4.60206,0.0010300000000000864,0.002060000000000173,CCOc1ccc(Cc2nc3cc(O)ccc3n2CCC(C)C)cc1,False
RIBGGMPGSBMYKE-UHFFFAOYSA-N,2,4.60103,4.60103,0.00145663996924441,4.6,4.60206,0.0010300000000000864,0.002060000000000173,CCOc1ccc(Cc2nc3cc(OC(=O)N(C)C)ccc3n2CCC(C)C)cc1,False
DSUFSIAYUSFOGS-UHFFFAOYSA-N,2,4.60103,4.60103,0.00145663996924441,4.6,4.60206,0.0010300000000000864,0.002060000000000173,CCOc1ccc(Cc2nc3cc(OC(=O)N(C)CC)ccc3n2CCC(C)C)cc1,False
QYXWJSDYNHWKGY-UHFFFAOYSA-N,2,4.60103,4.60103,0.00145663996924441,4.6,4.60206,0.0010300000000000864,0.002060000000000173,CCOc1ccc(Cc2nc3cc(OC(=O)N4CCCC4)ccc3n2CCC(C)C)cc1,False
ZJWOQJYRYQBQGK-UHFFFAOYSA-N,2,4.60103,4.60103,0.00145663996924441,4.6,4.60206,0.0010300000000000864,0.002060000000000173,CCOc1ccc(Cc2nc3cc(OC(=O)N4CCC4)ccc3n2CCC(C)C)cc1,False
UXONRLFDMNUIOL-UHFFFAOYSA-N,2,4.60103,4.60103,0.00145663996924441,4.6,4.60206,0.0010300000000000864,0.002060000000000173,CCOc1ccc(Cc2nc3cc(OC(=O)NC4CC4)ccc3n2CCC(C)C)cc1,False
SHGLJXBLXNNCTE-UHFFFAOYSA-N,1,5.82391,5.82391,,5.82391,5.82391,0.0,0.0,O=c1cc(-c2ccc(O)cc2)oc2ccccc12,False
HJPAZMJTDPKOLV-UHFFFAOYSA-N,1,6.14813,6.14813,,6.14813,6.14813,0.0,0.0,O=c1cc(-c2ccc(O)cc2)oc2cccc(OCc3ccccc3)c12,False
JVSYOGDIPVRFMX-CMDGGOBGSA-N,1,5.85699,5.85699,,5.85699,5.85699,0.0,0.0,COC(=O)/C=C/C(=O)Nc1cccc(OCCSC(=S)N2CCCCC2)c1,False
STOAYYCAXYRSJU-MDZDMXLPSA-N,1,5.70333,5.70333,,5.70333,5.70333,0.0,0.0,COC(=O)/C=C/C(=O)Nc1cccc(OCCCSC(=S)N2CCCCC2)c1,False
CQPIZDJANRHFKG-ZHACJKMWSA-N,1,6.67778,6.67778,,6.67778,6.67778,0.0,0.0,COC(=O)/C=C/C(=O)Nc1cccc(OCCCCSC(=S)N2CCCCC2)c1,False
NUNYQVNSVRDGSF-VAWYXSNFSA-N,1,7.27572,7.27572,,7.27572,7.27572,0.0,0.0,COC(=O)/C=C/C(=O)Nc1cccc(OCCCCSC(=S)N2CCCCC2C)c1,False
NFKGOOFQVFDLFN-MDZDMXLPSA-N,1,5.21896,5.21896,,5.21896,5.21896,0.0,0.0,COC(=O)/C=C/C(=O)Nc1cccc(OCCCCSC(=S)N2CCCC2)c1,False
LVKPJLCFXSUYOI-OUKQBFOZSA-N,1,6.42022,6.42022,,6.42022,6.42022,0.0,0.0,COC(=O)/C=C/C(=O)Nc1ccc(OCCCCSC(=S)N2CCCCC2C)cc1,False
COWSYZPNNFGXOD-UHFFFAOYSA-N,1,9.85387,9.85387,,9.85387,9.85387,0.0,0.0,CC[N+](CC)(CCCCCn1c(C)cc(=O)n(CCCCC[N+](CC)(CC)Cc2ccccc2)c1=O)Cc1ccccc1,False
XUPZXSZNIKCMMD-UHFFFAOYSA-N,1,8.1549,8.1549,,8.1549,8.1549,0.0,0.0,CC[N+](CC)(CCCCCn1c(=O)cc(C)n(CCCn2c(C)cc(=O)n(C)c2=O)c1=O)Cc1ccccc1[N+](=O)[O-],False
YCQCPYFOKZXUGC-UHFFFAOYSA-N,1,9.22185,9.22185,,9.22185,9.22185,0.0,0.0,CC[N+](CC)(CCCCCn1c(=O)cc(C)n(CCCCn2c(C)cc(=O)n(C)c2=O)c1=O)Cc1ccccc1[N+](=O)[O-],False
AAUBXOLWHARFEP-UHFFFAOYSA-N,1,9.39794,9.39794,,9.39794,9.39794,0.0,0.0,CC[N+](CC)(CCCCCn1c(=O)cc(C)n(CCCCCn2c(C)cc(=O)n(C)c2=O)c1=O)Cc1ccccc1[N+](=O)[O-],False
KNRMIKZZOJGSJX-UHFFFAOYSA-N,1,10.0,10.0,,10.0,10.0,0.0,0.0,CC[N+](CC)(CCCCCn1c(=O)cc(C)n(CCCCCCn2c(C)cc(=O)n(C)c2=O)c1=O)Cc1ccccc1[N+](=O)[O-],False
GZNVWPUZAABVSS-UHFFFAOYSA-N,1,8.69897,8.69897,,8.69897,8.69897,0.0,0.0,CC[N+](CC)(CCCCCn1c(=O)cc(C)n(CCCn2c(C)cc(=O)n(C)c2=O)c1=O)Cc1ccccc1C(F)(F)F,False
QETYDHWZWMJMKU-UHFFFAOYSA-N,1,9.0,9.0,,9.0,9.0,0.0,0.0,CC[N+](CC)(CCCCCn1c(=O)cc(C)n(CCCCn2c(C)cc(=O)n(C)c2=O)c1=O)Cc1ccccc1C(F)(F)F,False
HUBRSVWWLJIQNA-UHFFFAOYSA-N,1,9.30103,9.30103,,9.30103,9.30103,0.0,0.0,CC[N+](CC)(CCCCCn1c(=O)cc(C)n(CCCCCn2c(C)cc(=O)n(C)c2=O)c1=O)Cc1ccccc1C(F)(F)F,False
RDSIJVSRSNHGQF-UHFFFAOYSA-N,1,9.69897,9.69897,,9.69897,9.69897,0.0,0.0,CC[N+](CC)(CCCCCn1c(=O)cc(C)n(CCCCCCn2c(C)cc(=O)n(C)c2=O)c1=O)Cc1ccccc1C(F)(F)F,False
BBNQQADTFFCFGB-UHFFFAOYSA-N,1,6.52288,6.52288,,6.52288,6.52288,0.0,0.0,O=C1c2ccccc2C(=O)c2c(O)c(O)cc(O)c21,False
UGWWJOSSIWOXLW-UHFFFAOYSA-N,1,4.76981,4.76981,,4.76981,4.76981,0.0,0.0,COc1cccc(C2c3c(nc(C)[nH]c3=O)Oc3c2n(C(C)=O)c2ccccc32)c1,False
RNUHPLVYQWRAGP-UHFFFAOYSA-N,1,4.31849,4.31849,,4.31849,4.31849,0.0,0.0,CC(=O)n1c2c(c3ccccc31)Oc1nc(C)[nH]c(=O)c1C2c1ccccc1[N+](=O)[O-],False
SQZUTUIJWZXJAX-UHFFFAOYSA-N,1,5.26841,5.26841,,5.26841,5.26841,0.0,0.0,CC(=O)n1c2c(c3ccccc31)Oc1nc(C)[nH]c(=O)c1C2c1ccccc1,False
MTQQHPZGMBSWSL-UHFFFAOYSA-N,1,4.03981,4.03981,,4.03981,4.03981,0.0,0.0,COc1ccc(C2c3c(nc(C)[nH]c3=O)Oc3c2n(C(C)=O)c2ccccc32)cc1[N+](=O)[O-],False
BPSDIQLSSVWJQS-UHFFFAOYSA-N,1,6.79588,6.79588,,6.79588,6.79588,0.0,0.0,O=C1Cc2cc(OCc3ccc(F)cc3)ccc2C=C1C(=O)NCCc1c[nH]c2ccccc12,False
BYSNJAOABDTNBL-UHFFFAOYSA-N,1,5.71287,5.71287,,5.71287,5.71287,0.0,0.0,O=C(Nc1cccc(-c2cc(-c3ccc(Cl)cc3)n[nH]2)c1)c1ccccc1,False
YCVKLCITAUMFGJ-UHFFFAOYSA-N,1,7.76955,7.76955,,7.76955,7.76955,0.0,0.0,CCOP(=O)(OCC)C(NCc1cccs1)c1cn(-c2ccccc2)nc1-c1ccc(Cl)cc1,False
AJZPRGAIPAIFGA-UHFFFAOYSA-N,1,5.2204,5.2204,,5.2204,5.2204,0.0,0.0,O=C1Nc2ccccc2C12NNC(Nc1cccc(Cl)c1)=C2[N+](=O)[O-],False
HWAVOPJJRDSISW-UHFFFAOYSA-N,1,4.81023,4.81023,,4.81023,4.81023,0.0,0.0,Cc1ccccc1NC1=C([N+](=O)[O-])C2(NN1)C(=O)Nc1ccc([N+](=O)[O-])cc12,False
LKUBOYJFUVOZCG-UHFFFAOYSA-N,1,4.3711,4.3711,,4.3711,4.3711,0.0,0.0,COc1ccc(OC)c(NC2=C([N+](=O)[O-])C3(NN2)C(=O)Nc2ccc([N+](=O)[O-])cc23)c1,False
IAQOCDHPBWLMJC-UHFFFAOYSA-N,1,4.43004,4.43004,,4.43004,4.43004,0.0,0.0,O=C1Nc2ccc([N+](=O)[O-])cc2C12NNC(Nc1ccc(Cl)cc1)=C2[N+](=O)[O-],False
MZXGUKCOZUAIPL-UHFFFAOYSA-N,1,4.77006,4.77006,,4.77006,4.77006,0.0,0.0,Cc1ccccc1NC1=C([N+](=O)[O-])C2(NN1)C(=O)Nc1c(C(F)(F)F)cccc12,False
RABDHLJBIQEEND-UHFFFAOYSA-N,1,4.38007,4.38007,,4.38007,4.38007,0.0,0.0,Cc1ccccc1NC1=C([N+](=O)[O-])C2(NN1)C(=O)Nc1ccc(Br)cc12,False
LHQRGHUIBBGUCH-UHFFFAOYSA-N,1,4.0,4.0,,4.0,4.0,0.0,0.0,CN(CCc1ccc(O)cc1)Cc1cc2c(cc1-c1cccc3c1N(C)CC3)OCO2,False
CSLQRYJSGRPVQT-UHFFFAOYSA-N,1,4.0,4.0,,4.0,4.0,0.0,0.0,COc1cc(CN(C)CCc2ccc(O)cc2)c(-c2cccc3c2N(C)CC3)cc1OC,False
CCXQHLTVKKGQQD-UHFFFAOYSA-N,1,5.0,5.0,,5.0,5.0,0.0,0.0,COc1cccc(CNCCc2ccc(O)cc2)c1OCc1ccccc1,False
VRSWCUDEBIRWPO-LFVJCYFKSA-N,1,5.0,5.0,,5.0,5.0,0.0,0.0,COc1cccc(/C=N/CCc2ccc(O)cc2)c1OCc1ccccc1,False
JQGACRKFGZFEGI-UHFFFAOYSA-N,1,5.0,5.0,,5.0,5.0,0.0,0.0,C=CCN(CCc1ccc(O)cc1)Cc1cccc(OC)c1OCc1ccccc1,False
DQMQJANJRSIXHP-UHFFFAOYSA-N,1,5.0,5.0,,5.0,5.0,0.0,0.0,C#CCN(CCc1ccc(O)cc1)Cc1cccc(OC)c1OCc1ccccc1,False
GSJTXWCZUKQGBY-UHFFFAOYSA-N,1,5.0,5.0,,5.0,5.0,0.0,0.0,CCN(CCc1ccc(O)cc1)Cc1cccc(OC)c1OCc1ccccc1,False
YPBKAYPMWDVXPV-UHFFFAOYSA-N,1,5.0,5.0,,5.0,5.0,0.0,0.0,CCCN(CCc1ccc(O)cc1)Cc1cccc(OC)c1OCc1ccccc1,False
SQZPZTDAWBWATG-UHFFFAOYSA-N,1,5.0,5.0,,5.0,5.0,0.0,0.0,C=CCOc1ccc(CCN(CC=C)Cc2cccc(OC)c2OCc2ccccc2)cc1,False
DAFYSNZQSCAABE-UHFFFAOYSA-N,1,5.0,5.0,,5.0,5.0,0.0,0.0,C#CCOc1ccc(CCN(CC=C)Cc2cccc(OC)c2OCc2ccccc2)cc1,False
PDHFTLXREXGLIL-UHFFFAOYSA-N,1,5.0,5.0,,5.0,5.0,0.0,0.0,C#CCOc1ccc(CCN(CC#C)Cc2cccc(OC)c2OCc2ccccc2)cc1,False
ZLKIXOLHCLNSBF-UHFFFAOYSA-N,1,5.0,5.0,,5.0,5.0,0.0,0.0,C#CCN(CCc1ccc(OCC=C)cc1)Cc1cccc(OC)c1OCc1ccccc1,False
LHOSCMZVIITQBD-UHFFFAOYSA-N,1,5.0,5.0,,5.0,5.0,0.0,0.0,CCOc1ccc(CCN(CC)Cc2cccc(OC)c2OCc2ccccc2)cc1,False
PDCCOTBOASCRAX-UHFFFAOYSA-N,1,5.0,5.0,,5.0,5.0,0.0,0.0,COc1cccc(CNCCc2ccccc2)c1OCc1ccccc1,False
WUZWEFHPBMKKNS-UHFFFAOYSA-N,1,5.0,5.0,,5.0,5.0,0.0,0.0,COc1ccccc1CCNCc1cccc(OC)c1OCc1ccccc1,False
WSRIYMHJIWROQO-UHFFFAOYSA-N,1,5.0,5.0,,5.0,5.0,0.0,0.0,COc1cccc(CCNCc2cccc(OC)c2OCc2ccccc2)c1,False
KXHGBGABADQNLW-UHFFFAOYSA-N,1,5.0,5.0,,5.0,5.0,0.0,0.0,COc1ccc(CCNCc2cccc(OC)c2OCc2ccccc2)cc1,False
LBTIRZXPHGFAHL-UHFFFAOYSA-N,1,5.0,5.0,,5.0,5.0,0.0,0.0,C=CCN(CCc1ccccc1)Cc1cccc(OC)c1OCc1ccccc1,False
ULROVXUZNGIJND-UHFFFAOYSA-N,1,5.0,5.0,,5.0,5.0,0.0,0.0,C#CCN(CCc1ccccc1)Cc1cccc(OC)c1OCc1ccccc1,False
YYVCGNUNGSYWQD-UHFFFAOYSA-N,1,5.0,5.0,,5.0,5.0,0.0,0.0,C=CCN(CCc1ccccc1OC)Cc1cccc(OC)c1OCc1ccccc1,False
IEXSUAMKUVSFGP-UHFFFAOYSA-N,1,5.0,5.0,,5.0,5.0,0.0,0.0,C#CCN(CCc1ccccc1OC)Cc1cccc(OC)c1OCc1ccccc1,False
RADONLMVQJZDML-UHFFFAOYSA-N,1,5.0,5.0,,5.0,5.0,0.0,0.0,C=CCN(CCc1cccc(OC)c1)Cc1cccc(OC)c1OCc1ccccc1,False
XXBSQKDLZGEEKV-UHFFFAOYSA-N,1,5.0,5.0,,5.0,5.0,0.0,0.0,C#CCN(CCc1cccc(OC)c1)Cc1cccc(OC)c1OCc1ccccc1,False
BOVLEMBWXGRFGR-UHFFFAOYSA-N,1,5.0,5.0,,5.0,5.0,0.0,0.0,C=CCN(CCc1ccc(OC)cc1)Cc1cccc(OC)c1OCc1ccccc1,False
XCTKZCLZAQHMIR-UHFFFAOYSA-N,1,5.0,5.0,,5.0,5.0,0.0,0.0,C#CCN(CCc1ccc(OC)cc1)Cc1cccc(OC)c1OCc1ccccc1,False
UQBTVCUCOTWWFK-UHFFFAOYSA-N,1,5.0,5.0,,5.0,5.0,0.0,0.0,CCN(CCc1ccccc1)Cc1cccc(OC)c1OCc1ccccc1,False
HENPCYMBYQIFRE-UHFFFAOYSA-N,1,5.0,5.0,,5.0,5.0,0.0,0.0,CCCN(CCc1ccccc1)Cc1cccc(OC)c1OCc1ccccc1,False
ZVCPIKFBHJPQIU-UHFFFAOYSA-N,1,5.0,5.0,,5.0,5.0,0.0,0.0,COc1ccccc1CCN(C)Cc1cccc(OC)c1OCc1ccccc1,False
FJVAKATVCRTSIH-UHFFFAOYSA-N,1,5.0,5.0,,5.0,5.0,0.0,0.0,CCN(CCc1ccccc1OC)Cc1cccc(OC)c1OCc1ccccc1,False
VAHIKDUDURLDAG-UHFFFAOYSA-N,1,5.0,5.0,,5.0,5.0,0.0,0.0,CCCN(CCc1ccccc1OC)Cc1cccc(OC)c1OCc1ccccc1,False
UCGAXVQAIHBBQR-UHFFFAOYSA-N,1,5.0,5.0,,5.0,5.0,0.0,0.0,CCN(CCc1cccc(OC)c1)Cc1cccc(OC)c1OCc1ccccc1,False
XRZLMLZWCBJKMY-UHFFFAOYSA-N,1,5.0,5.0,,5.0,5.0,0.0,0.0,CCCN(CCc1cccc(OC)c1)Cc1cccc(OC)c1OCc1ccccc1,False
JOFSFLYHVDWKMD-UHFFFAOYSA-N,1,5.0,5.0,,5.0,5.0,0.0,0.0,COc1ccc(CCN(C)Cc2cccc(OC)c2OCc2ccccc2)cc1,False
PHRGBSWSWQOVKU-UHFFFAOYSA-N,1,5.0,5.0,,5.0,5.0,0.0,0.0,CCN(CCc1ccc(OC)cc1)Cc1cccc(OC)c1OCc1ccccc1,False
LSGFJABOBVDNRK-UHFFFAOYSA-N,1,5.0,5.0,,5.0,5.0,0.0,0.0,CCCN(CCc1ccc(OC)cc1)Cc1cccc(OC)c1OCc1ccccc1,False
FTKXFFSISLDQRE-UHFFFAOYSA-N,1,5.0,5.0,,5.0,5.0,0.0,0.0,COc1cccc(CNCc2ccccc2)c1OCc1ccccc1,False
WWVSYCYAGKNWCO-UHFFFAOYSA-N,1,5.0,5.0,,5.0,5.0,0.0,0.0,COc1cccc(CNCCCc2ccccc2)c1OCc1ccccc1,False
QSOGCYXOBFCDPM-UHFFFAOYSA-N,1,5.0,5.0,,5.0,5.0,0.0,0.0,COc1cccc(CNCCCCc2ccccc2)c1OCc1ccccc1,False
NOEWFGQADFZDJZ-UHFFFAOYSA-N,1,5.0,5.0,,5.0,5.0,0.0,0.0,COc1cccc(CNCC(C)c2ccccc2)c1OCc1ccccc1,False
DBXYHCNRRFTCMW-UHFFFAOYSA-N,1,5.0,5.0,,5.0,5.0,0.0,0.0,COc1cccc(CNC(C)CCc2ccccc2)c1OCc1ccccc1,False
SVXMEHXVFJELMR-UHFFFAOYSA-N,1,5.0,5.0,,5.0,5.0,0.0,0.0,C=CCN(CCCc1ccccc1)Cc1cccc(OC)c1OCc1ccccc1,False
NEGWCBWZQDATKS-UHFFFAOYSA-N,1,5.0,5.0,,5.0,5.0,0.0,0.0,C#CCN(CCCc1ccccc1)Cc1cccc(OC)c1OCc1ccccc1,False
OELVLYQHNFSXET-UHFFFAOYSA-N,1,5.0,5.0,,5.0,5.0,0.0,0.0,COc1cccc(CN(C)CCCc2ccccc2)c1OCc1ccccc1,False
ZRUHOKMTPNASJY-UHFFFAOYSA-N,1,5.0,5.0,,5.0,5.0,0.0,0.0,CCN(CCCc1ccccc1)Cc1cccc(OC)c1OCc1ccccc1,False
JDJMOTDYLQBOAX-UHFFFAOYSA-N,1,5.0,5.0,,5.0,5.0,0.0,0.0,CCCN(CCCc1ccccc1)Cc1cccc(OC)c1OCc1ccccc1,False
YVPURIRKCPFONU-UHFFFAOYSA-N,1,5.0,5.0,,5.0,5.0,0.0,0.0,C=CCCN(CCCc1ccccc1)Cc1cccc(OC)c1OCc1ccccc1,False
KYZRZGDNPYMLJD-UHFFFAOYSA-N,1,5.0,5.0,,5.0,5.0,0.0,0.0,CCCCCCN(CCCc1ccccc1)Cc1cccc(OC)c1OCc1ccccc1,False
XEUKRSOBAQBIJF-UHFFFAOYSA-N,1,5.0,5.0,,5.0,5.0,0.0,0.0,CCCCCCN(CCCCc1ccccc1)Cc1cccc(OC)c1OCc1ccccc1,False
LVQQBIIJPUYOIM-UHFFFAOYSA-N,1,5.0,5.0,,5.0,5.0,0.0,0.0,CCCCCCCCCCCCCCN(CCCCc1ccccc1)Cc1cccc(OC)c1OCc1ccccc1,False
DSZDXSCWGPYJPH-UHFFFAOYSA-N,1,5.0,5.0,,5.0,5.0,0.0,0.0,COc1cccc(CN(CCCCc2ccccc2)CCCC(C)C)c1OCc1ccccc1,False
XERPAGDNNWMAJR-LFIBNONCSA-N,1,5.0,5.0,,5.0,5.0,0.0,0.0,CCCN(C/C=C/c1ccccc1)Cc1cccc(OC)c1OCc1ccccc1,False
BQSASZSZALQMLC-UHFFFAOYSA-N,1,5.0,5.0,,5.0,5.0,0.0,0.0,CCCN(CCCc1ccccc1O)Cc1cccc(OC)c1OCc1ccccc1,False
FVZNCFBRSAZAHZ-UHFFFAOYSA-N,1,5.0,5.0,,5.0,5.0,0.0,0.0,CCCN(CCCc1cccc(O)c1)Cc1cccc(OC)c1OCc1ccccc1,False
GGYFCNQBDMCUCG-UHFFFAOYSA-N,1,5.0,5.0,,5.0,5.0,0.0,0.0,CCCN(CCCc1ccc(O)cc1)Cc1cccc(OC)c1OCc1ccccc1,False
DUOPRJWZFHQVKM-UHFFFAOYSA-N,1,5.0,5.0,,5.0,5.0,0.0,0.0,CCCN(CCCc1ccccc1F)Cc1cccc(OC)c1OCc1ccccc1,False
KZOIYQAEEQKJSB-UHFFFAOYSA-N,1,5.0,5.0,,5.0,5.0,0.0,0.0,COc1cccc(CN(CCCc2ccccc2F)C2CCC2)c1OCc1ccccc1,False
FYWXJXBXCQTTSJ-UHFFFAOYSA-N,1,5.0,5.0,,5.0,5.0,0.0,0.0,COc1cccc(CN(CCCc2ccccc2F)C2CCCC2)c1OCc1ccccc1,False
PVWOHBJJSZMHOP-UHFFFAOYSA-N,1,5.0,5.0,,5.0,5.0,0.0,0.0,CCCN(CCCc1cccc(F)c1)Cc1cccc(OC)c1OCc1ccccc1,False
LAGPSDXQNKBDNJ-UHFFFAOYSA-N,1,5.0,5.0,,5.0,5.0,0.0,0.0,CCCN(CCCc1ccc(F)cc1)Cc1cccc(OC)c1OCc1ccccc1,False
KXTAITOAHXONFJ-UHFFFAOYSA-N,1,5.36211,5.36211,,5.36211,5.36211,0.0,0.0,CCOP(=O)(OCC)C(Nc1cccc(O)c1)c1ccc(OCc2nc3ccccc3c(=O)n2-c2ccc(F)cc2)c(OC)c1,False
XORPGTGNAJHWCZ-UHFFFAOYSA-N,1,5.53121,5.53121,,5.53121,5.53121,0.0,0.0,CCOP(=O)(OCC)C(Nc1ccccc1C#N)c1ccc(OCc2nc3ccccc3c(=O)n2-c2ccc(F)cc2)c(OC)c1,False
KXDQPAPDYNGFQI-UHFFFAOYSA-N,1,5.30742,5.30742,,5.30742,5.30742,0.0,0.0,CCOP(=O)(OCC)C(Nc1ccccc1C(F)(F)F)c1ccc(OCc2nc3ccccc3c(=O)n2-c2ccc(F)cc2)c(OC)c1,False
PNMOBYJSLJRIMZ-UHFFFAOYSA-N,1,5.2714,5.2714,,5.2714,5.2714,0.0,0.0,CCOP(=O)(OCC)C(Nc1ccccc1C)c1ccc(OCc2nc3ccccc3c(=O)n2-c2ccc(F)cc2)c(OC)c1,False
ZWUZQGWZVAEYAO-UHFFFAOYSA-N,1,5.57626,5.57626,,5.57626,5.57626,0.0,0.0,CCOP(=O)(OCC)C(Nc1ccccc1OC)c1ccc(OCc2nc3ccccc3c(=O)n2-c2ccc(F)cc2)c(OC)c1,False
IGFAIZMGHCSJKW-UHFFFAOYSA-N,1,5.74909,5.74909,,5.74909,5.74909,0.0,0.0,CCOP(=O)(OCC)C(Nc1ccc([N+](=O)[O-])cc1)c1ccc(OCc2nc3ccccc3c(=O)n2-c2ccc(F)cc2)c(OC)c1,False
SYAFXJONAPKFCV-UHFFFAOYSA-N,1,5.93667,5.93667,,5.93667,5.93667,0.0,0.0,CCOP(=O)(OCC)C(Nc1ccc(C(=O)O)cc1)c1ccc(OCc2nc3ccccc3c(=O)n2-c2ccc(F)cc2)c(OC)c1,False
DDQJAXGJMXUMJC-UHFFFAOYSA-N,1,5.25003,5.25003,,5.25003,5.25003,0.0,0.0,CCOP(=O)(OCC)C(Nc1ccccc1C(C)=O)c1ccc(OCc2nc3ccccc3c(=O)n2-c2ccc(F)cc2)c(OC)c1,False
CYDBJLDDUKNJJI-UHFFFAOYSA-N,1,5.2181,5.2181,,5.2181,5.2181,0.0,0.0,CCOP(=O)(OCC)C(Nc1cc(C)ccc1C)c1ccc(OCc2nc3ccccc3c(=O)n2-c2ccc(F)cc2)c(OC)c1,False
GOMKMYSERUHMOO-UHFFFAOYSA-N,1,5.52057,5.52057,,5.52057,5.52057,0.0,0.0,CCOP(=O)(OCC)C(Nc1c(C)cccc1C)c1ccc(OCc2nc3ccccc3c(=O)n2-c2ccc(F)cc2)c(OC)c1,False
ZNTRQSRSBVJTIH-UHFFFAOYSA-N,1,5.59278,5.59278,,5.59278,5.59278,0.0,0.0,CCOP(=O)(OCC)C(Nc1cccc(Cl)c1Cl)c1ccc(OCc2nc3ccccc3c(=O)n2-c2ccc(F)cc2)c(OC)c1,False
ZVCIGFZJQSFSGN-UHFFFAOYSA-N,1,5.47301,5.47301,,5.47301,5.47301,0.0,0.0,CCOP(=O)(OCC)C(Nc1nncs1)c1ccc(OCc2nc3ccccc3c(=O)n2-c2ccc(F)cc2)c(OC)c1,False
WEQSWNWRNIQWLG-BQYQJAHWSA-N,1,5.61979,5.61979,,5.61979,5.61979,0.0,0.0,Cc1cc(C)c(C(=O)/C=C/c2nc(C)c(C)nc2C)cc1C,False
MIPKSQSAVXXZEF-UHFFFAOYSA-N,1,6.14874,6.14874,,6.14874,6.14874,0.0,0.0,COc1cccc(C(c2ccc(F)cc2)N2CCN(c3cnccn3)CC2)c1O,False
HMFJSRNCWMTEHF-UHFFFAOYSA-N,1,5.96257,5.96257,,5.96257,5.96257,0.0,0.0,Cc1ccc(C(c2ccccc2O)N2CCN(c3cnccn3)CC2)cc1,False
JDMFQXLAGLWHOH-UHFFFAOYSA-N,1,4.60206,4.60206,,4.60206,4.60206,0.0,0.0,CN(C)CCCN1C(=O)CSC1c1cccc(Cl)c1,False
KTGFDMVQZJCWQK-UHFFFAOYSA-N,1,4.01323,4.01323,,4.01323,4.01323,0.0,0.0,CN(C)CCCN1C(=O)CSC1c1cccc(F)c1,False
UXHGLFZWHNSTGF-UHFFFAOYSA-N,2,4.50432,4.50432,0.0061094025894516,4.5,4.50864,0.0043199999999998795,0.008639999999999759,CN(C)CCCN1C(=O)CSC1c1ccc(Cl)cc1Cl,False
PSHRBDVGRGWEIB-UHFFFAOYSA-N,2,4.01114,4.01114,0.01575433908483649,4.0,4.02228,0.01114000000000015,0.0222800000000003,CN(C)CCCN1C(=O)CSC1c1ccc(F)cc1F,False
IKBVFQRRVOLTQW-UHFFFAOYSA-N,1,4.09151,4.09151,,4.09151,4.09151,0.0,0.0,CN(C)CCCN1C(=O)CSC1c1ccc(F)cc1Cl,False
JIQPKOHKBQJXKT-UHFFFAOYSA-N,2,5.121335,5.121335,0.030172246353230445,5.1,5.14267,0.021335000000000104,0.04267000000000021,CN(C)CCCN1C(=O)CSC1c1cccc(F)c1F,False
ULNFTCVMWDRSGR-UHFFFAOYSA-N,2,5.378275,5.378275,0.030723789642555482,5.35655,5.4,0.021724999999999994,0.04344999999999999,CN(C)CCCN1C(=O)CSC1c1cccc(Cl)c1Cl,False
VFFPALFWDWTCTP-UHFFFAOYSA-N,1,4.3098,4.3098,,4.3098,4.3098,0.0,0.0,CNCCCN1C(=O)CSC1c1ccc(Cl)cc1Cl,False
TWHZNAUBXFZMCA-UHFFFAOYSA-N,2,5.635015,5.635015,0.15858283781670746,5.52288,5.74715,0.11213500000000032,0.22427000000000064,COc1cc(O)c(C(=O)Nc2nc(C(=O)NCCN(C(C)C)C(C)C)cs2)cc1OC,False
FMLHJJVSHOCVAU-UHFFFAOYSA-N,1,4.28988,4.28988,,4.28988,4.28988,0.0,0.0,O=C1C(=O)N2CCc3cc4c(c5c3c2c1c1ccccc15)OCO4,False
RTJHIRJIKJCFFV-UHFFFAOYSA-N,1,4.48149,4.48149,,4.48149,4.48149,0.0,0.0,COc1ccc2c(c1OC)c1c3c4c(cc5c(c42)OCO5)CCN3C(=O)C1=O,False
SFOMHAXOBRLRFH-CYBMUJFWSA-N,1,4.07058,4.07058,,4.07058,4.07058,0.0,0.0,COc1cc(O)c2c(c1)C[C@@H]1c3c(cc4c(c3-2)OCO4)CCN1C,False
GXFOBPWUVXXUIF-OAHLLOKOSA-N,1,4.5817,4.5817,,4.5817,4.5817,0.0,0.0,COc1ccc2c(c1)C[C@@H]1c3c(cc4c(c3-2)OCO4)CCN1C,False
WLXLLQQGGGHOMA-UHFFFAOYSA-N,1,4.96257,4.96257,,4.96257,4.96257,0.0,0.0,COc1ccc2c(c1)C(=O)c1nccc3cc4c(c-2c13)OCO4,False
HKXUDPBGEOFXSH-INIZCTEOSA-N,1,4.59176,4.59176,,4.59176,4.59176,0.0,0.0,COc1ccc(C[C@H]2c3c(ccc(OC)c3O)CCN2C)cc1,False
MAGPJVVGBCSWPF-HNNXBMFYSA-N,1,4.05061,4.05061,,4.05061,4.05061,0.0,0.0,COc1cc2c(c(O)c1OC)CCN1Cc3c(ccc(O)c3OC)C[C@@H]21,False
XREHKJMMHNBWDC-UHFFFAOYSA-O,1,4.78516,4.78516,,4.78516,4.78516,0.0,0.0,COc1cc2c(c(O)c1OC)CC[n+]1cc3c(OC)c(O)ccc3cc1-2,False
XXLNLCVMHJBPLJ-UHFFFAOYSA-O,1,4.74958,4.74958,,4.74958,4.74958,0.0,0.0,COc1cc2c(cc1O)CC[n+]1cc3c(OC)c(O)ccc3cc1-2,False
ZRLYUFOWFPPSTD-QPJJXVBHSA-N,1,5.06956,5.06956,,5.06956,5.06956,0.0,0.0,COc1cc(/C=C/C(=O)NCCc2ccc(O)c(O)c2)ccc1O,False
JMNJPYCSMAUBCH-UHFFFAOYSA-N,1,4.29679,4.29679,,4.29679,4.29679,0.0,0.0,O=C1c2c(ccc(O)c2O)CCn2cccc21,False
KCOULRDHQJWFEM-UHFFFAOYSA-N,1,4.23381,4.23381,,4.23381,4.23381,0.0,0.0,O=Cc1ccc2n1CCc1cc(O)c(O)cc1C2,False
QXPFWUCSRCSJRI-UHFFFAOYSA-N,1,4.33724,4.33724,,4.33724,4.33724,0.0,0.0,COc1cc(O)c2c(c1)C(=O)c1cc(O)c(O)cc1CCN2,False
MTCFGRXMJLQNBG-REOHCLBHSA-N,1,4.41669,4.41669,,4.41669,4.41669,0.0,0.0,N[C@@H](CO)C(=O)O,False
OYUAMDGBOAEJOY-UHFFFAOYSA-N,1,5.767,5.767,,5.767,5.767,0.0,0.0,CN1CCN(c2ccc(C(=O)Nc3cc(-c4nc5ccccc5[nH]4)n[nH]3)cc2)CC1,False
XIXBDRAYBSRWGU-UHFFFAOYSA-N,1,5.0,5.0,,5.0,5.0,0.0,0.0,O=C(Nc1cc(-c2nc3ccccc3[nH]2)n[nH]1)c1ccc(N2CCNCC2)cc1,False
JECSUSYQYKTLPH-UHFFFAOYSA-N,1,5.0,5.0,,5.0,5.0,0.0,0.0,O=C(Nc1cc(-c2nc3ccccc3[nH]2)[nH]n1)c1ccc(N2CCOCC2)cc1,False
MIQCVLJKJIPCSE-UHFFFAOYSA-N,1,5.97184,5.97184,,5.97184,5.97184,0.0,0.0,O=C(Cn1nc(-c2ccccc2)c(-c2ccccc2)nc1=O)Nc1ccc([N+](=O)[O-])cc1,False
IHWPUDTUIZEHDW-UHFFFAOYSA-N,1,6.15552,6.15552,,6.15552,6.15552,0.0,0.0,O=C(Cn1nc(-c2ccccc2)c(-c2ccccc2)nc1=O)Nc1ccc([N+](=O)[O-])cc1Cl,False
WHWPNVHLZGFSQQ-UHFFFAOYSA-N,1,6.11238,6.11238,,6.11238,6.11238,0.0,0.0,O=C(Cn1nc(-c2ccccc2)c(-c2ccccc2)nc1=O)Nc1cc(Br)cc(Br)c1,False
FMOPXBFESXXIBU-UHFFFAOYSA-N,1,5.73025,5.73025,,5.73025,5.73025,0.0,0.0,N#Cc1ccccc1NC(=O)Cn1nc(-c2ccccc2)c(-c2ccccc2)nc1=O,False
CSKNRMPMCKDQJQ-UHFFFAOYSA-N,1,5.85201,5.85201,,5.85201,5.85201,0.0,0.0,O=C(Cn1nc(-c2ccccc2)c(-c2ccccc2)nc1=O)Nc1ccc(Cl)cc1,False
ARHCNTIVEXPAPD-UHFFFAOYSA-N,1,6.02641,6.02641,,6.02641,6.02641,0.0,0.0,O=C(Cn1nc(-c2ccccc2)c(-c2ccccc2)nc1=O)Nc1ccc(Br)cc1,False
RHVMTCMWMCPGJY-UHFFFAOYSA-N,1,5.93517,5.93517,,5.93517,5.93517,0.0,0.0,O=C(Cn1nc(-c2ccccc2)c(-c2ccccc2)nc1=O)Nc1cccc(Cl)c1,False
SDIIOKMAQAQRQY-UHFFFAOYSA-N,1,6.07779,6.07779,,6.07779,6.07779,0.0,0.0,O=C(Cn1nc(-c2ccccc2)c(-c2ccccc2)nc1=O)Nc1ccc(F)cc1,False
HDTBYABTJXGAHX-UHFFFAOYSA-N,1,5.94006,5.94006,,5.94006,5.94006,0.0,0.0,O=C(Cn1nc(-c2ccccc2)c(-c2ccccc2)nc1=O)Nc1ccc(O)cc1,False
BGEZQVUFQPULDF-UHFFFAOYSA-N,1,6.12321,6.12321,,6.12321,6.12321,0.0,0.0,O=C(Cn1nc(-c2ccccc2)c(-c2ccccc2)nc1=O)Nc1ccccc1O,False
BNCIMGUXYMBATA-UHFFFAOYSA-N,1,6.14997,6.14997,,6.14997,6.14997,0.0,0.0,COc1cc(NC(=O)Cn2nc(-c3ccccc3)c(-c3ccccc3)nc2=O)cc(OC)c1OC,False
CWGFQVMBODQAPR-UHFFFAOYSA-N,1,6.31336,6.31336,,6.31336,6.31336,0.0,0.0,COc1cc(NC(=O)Cn2nc(-c3ccccc3)c(-c3ccccc3)nc2=O)cc(OC)c1,False
QYRDAWYSLVTERM-UHFFFAOYSA-N,1,5.95117,5.95117,,5.95117,5.95117,0.0,0.0,O=C(Cn1nc(-c2ccccc2)c(-c2ccccc2)nc1=O)Nc1cccc([N+](=O)[O-])c1,False
WAZZXYZCYJVTAO-UHFFFAOYSA-N,1,6.14327,6.14327,,6.14327,6.14327,0.0,0.0,O=C(Cn1nc(-c2ccccc2)c(-c2ccccc2)nc1=O)Nc1ccccc1Cl,False
JZAMLGLUTJCGOD-UHFFFAOYSA-N,1,6.1343,6.1343,,6.1343,6.1343,0.0,0.0,O=C(Cn1nc(-c2ccccc2)c(-c2ccccc2)nc1=O)Nc1ccccc1[N+](=O)[O-],False
LEZLPUSBDAMTMG-UHFFFAOYSA-N,1,5.9024,5.9024,,5.9024,5.9024,0.0,0.0,N#Cc1cccc(NC(=O)Cn2nc(-c3ccccc3)c(-c3ccccc3)nc2=O)c1,False
IRSAAMPSUYITFF-UHFFFAOYSA-N,1,6.02091,6.02091,,6.02091,6.02091,0.0,0.0,Cc1ccccc1NC(=O)Cn1nc(-c2ccccc2)c(-c2ccccc2)nc1=O,False
WNNYXKZYAUWGQX-UHFFFAOYSA-N,1,5.93704,5.93704,,5.93704,5.93704,0.0,0.0,O=C(Cn1nc(-c2ccccc2)c(-c2ccccc2)nc1=O)Nc1ccc(F)cc1F,False
QDLXIIMACLSCFH-UHFFFAOYSA-N,1,6.36051,6.36051,,6.36051,6.36051,0.0,0.0,COc1cc2ncnc(N3CCN(C(c4ccccc4)c4ccccc4)CC3)c2cc1OC,False
XWPIESWYFSAYJL-UHFFFAOYSA-N,1,6.54821,6.54821,,6.54821,6.54821,0.0,0.0,COc1cc2ncnc(N3CCN(Cc4ccccc4)CC3)c2cc1OC,False
KYOHNWYBLFAJGG-UHFFFAOYSA-N,1,6.31785,6.31785,,6.31785,6.31785,0.0,0.0,COc1cc2ncnc(N3CCN(c4ccc([N+](=O)[O-])cc4)CC3)c2cc1OC,False
PNANLHXVMDRPFB-UHFFFAOYSA-N,1,5.9974,5.9974,,5.9974,5.9974,0.0,0.0,COc1cc2ncnc(N3CCN(c4ccccc4)CC3)c2cc1OC,False
RYILJMSXZIONRM-UHFFFAOYSA-N,1,5.94006,5.94006,,5.94006,5.94006,0.0,0.0,COc1cc2ncnc(N3CCN(c4ccccn4)CC3)c2cc1OC,False
OCAZWKJIRZTXCJ-UHFFFAOYSA-N,1,6.03574,6.03574,,6.03574,6.03574,0.0,0.0,COc1cc2ncnc(N3CCN(Cc4ccc(Cl)cc4)CC3)c2cc1OC,False
LWFZGPLTSLSJJQ-UHFFFAOYSA-N,1,5.9838,5.9838,,5.9838,5.9838,0.0,0.0,COc1cc2ncnc(N3CCN(c4ccc(F)cc4)CC3)c2cc1OC,False
ZJOTWAJZHISRRW-UHFFFAOYSA-N,1,6.03058,6.03058,,6.03058,6.03058,0.0,0.0,COc1cc2ncnc(N3CCN(Cc4ccc(F)cc4)CC3)c2cc1OC,False
CMFODIWZQCHZNP-UHFFFAOYSA-N,1,5.9897,5.9897,,5.9897,5.9897,0.0,0.0,COc1cc2ncnc(N3CCN(Cc4ccc(C)cc4)CC3)c2cc1OC,False
ULBUABJAUQKQMH-UHFFFAOYSA-N,1,5.89449,5.89449,,5.89449,5.89449,0.0,0.0,COc1cc2ncnc(N3CCN(C)CC3)c2cc1OC,False
CRDYXQNYYHTUGW-UHFFFAOYSA-N,1,5.92372,5.92372,,5.92372,5.92372,0.0,0.0,COc1cc2ncnc(N3CCN(C(C)=O)CC3)c2cc1OC,False
GROGMIJFMHAXKM-UHFFFAOYSA-N,1,5.93144,5.93144,,5.93144,5.93144,0.0,0.0,COc1cc2ncnc(N3CCN(c4ccc(C)cc4)CC3)c2cc1OC,False
JAHFSQXZKPTMCH-UHFFFAOYSA-N,1,6.01189,6.01189,,6.01189,6.01189,0.0,0.0,COc1cc2ncnc(N3CCN(c4ccc(Br)cc4)CC3)c2cc1OC,False
MDUJWLKSDCTDOJ-UHFFFAOYSA-N,1,6.03905,6.03905,,6.03905,6.03905,0.0,0.0,COc1cc2ncnc(N3CCN(c4ccccc4[N+](=O)[O-])CC3)c2cc1OC,False
JOCZIAQMXYHQML-UHFFFAOYSA-N,1,7.6784,7.6784,,7.6784,7.6784,0.0,0.0,O=C(CCN1CCCCC1)Nc1ccc2nc(-c3cc4ccccc4[nH]3)[nH]c(=O)c2c1,False
XATVSLHMOONKQS-UHFFFAOYSA-N,1,6.71897,6.71897,,6.71897,6.71897,0.0,0.0,c1ccc(CN2CCN(c3nc(-c4ccccc4)nc4ccccc34)CC2)cc1,False
GTDLGKVYCHLYGX-AIYWAUIHSA-N,1,9.36653,9.36653,,9.36653,9.36653,0.0,0.0,COc1cc2c(cc1OC)C(c1ccccc1)N(CCc1cn(CCCCC3=C[C@H]4Cc5nc6cc(Cl)ccc6c(N)c5[C@H](C3)C4)nn1)CC2,False
CYQUVORXHWTTLL-UHFFFAOYSA-N,1,6.82391,6.82391,,6.82391,6.82391,0.0,0.0,CCCCCCCCCCCC1=C(O)C(=O)C=C(NCCC2CCN(Cc3ccccc3)CC2)C1=O,False
DPLIAXFJOVTEMF-UHFFFAOYSA-N,1,7.25964,7.25964,,7.25964,7.25964,0.0,0.0,FC(F)(F)c1ccc(-c2nnc(NC3CCN(Cc4ccccc4)CC3)o2)cc1,False
MHFAWVHGIRXFHE-UHFFFAOYSA-N,1,6.49485,6.49485,,6.49485,6.49485,0.0,0.0,COc1cc2cc(C(=O)NCCC3CCN(Cc4ccccc4)CC3)[nH]c2cc1OC,False
LTTQKYMNTNISSZ-MWTRTKDXSA-N,1,4.37572,4.37572,,4.37572,4.37572,0.0,0.0,C=C(C)[C@H](CC=C(C)C)Cc1c(O)cc(OC)c2c1O[C@H](c1ccc(O)cc1O)CC2=O,False
BCHSBAPBQXDRKS-UHFFFAOYSA-N,1,6.92082,6.92082,,6.92082,6.92082,0.0,0.0,COc1ccc2[nH]c(C(=O)Nc3ccc4nc5n(c(=O)c4c3)CCC5)cc2c1,False
LHHRNILYPUULMY-UHFFFAOYSA-N,1,8.4828,8.4828,,8.4828,8.4828,0.0,0.0,O=C(CCCCN1CCN(Cc2ccccc2)CC1)Nc1ccc2nc3n(c(=O)c2c1)CCC3,False
WFWHZRVICIFCJX-SFHVURJKSA-N,1,6.59779,6.59779,,6.59779,6.59779,0.0,0.0,C[C@@H](c1cccc(OC(=O)NCCNc2c3c(nc4ccccc24)CCCC3)c1)N(C)C,False
CFSVOXAPXLGZJI-IBGZPJMESA-N,1,6.41417,6.41417,,6.41417,6.41417,0.0,0.0,C[C@@H](c1cccc(OC(=O)NCCCNc2c3c(nc4ccccc24)CCCC3)c1)N(C)C,False
GZEIOWXWYOGVNU-FQEVSTJZSA-N,1,6.53429,6.53429,,6.53429,6.53429,0.0,0.0,C[C@@H](c1cccc(OC(=O)NCCCCNc2c3c(nc4ccccc24)CCCC3)c1)N(C)C,False
RDYGVAJWPDKTBP-NRFANRHFSA-N,1,6.93126,6.93126,,6.93126,6.93126,0.0,0.0,C[C@@H](c1cccc(OC(=O)NCCCCCNc2c3c(nc4ccccc24)CCCC3)c1)N(C)C,False
MIRMVUVCTGYBSK-QFIPXVFZSA-N,1,6.92606,6.92606,,6.92606,6.92606,0.0,0.0,C[C@@H](c1cccc(OC(=O)NCCCCCCNc2c3c(nc4ccccc24)CCCC3)c1)N(C)C,False
KVRDCAGUOYDFAW-FQEVSTJZSA-N,1,7.42216,7.42216,,7.42216,7.42216,0.0,0.0,C[C@@H](c1cccc(OC(=O)NCCCCCNc2c3c(nc4cc(F)ccc24)CCCC3)c1)N(C)C,False
SIZPSOGNDAPIKG-NRFANRHFSA-N,1,7.3751,7.3751,,7.3751,7.3751,0.0,0.0,C[C@@H](c1cccc(OC(=O)NCCCCCCNc2c3c(nc4cc(F)ccc24)CCCC3)c1)N(C)C,False
IJTJZAWRGQSCSI-FQEVSTJZSA-N,1,8.08197,8.08197,,8.08197,8.08197,0.0,0.0,C[C@@H](c1cccc(OC(=O)NCCCCCNc2c3c(nc4cc(Cl)ccc24)CCCC3)c1)N(C)C,False
YXONDHWNKWLFQQ-NRFANRHFSA-N,1,7.59176,7.59176,,7.59176,7.59176,0.0,0.0,C[C@@H](c1cccc(OC(=O)NCCCCCCNc2c3c(nc4cc(Cl)ccc24)CCCC3)c1)N(C)C,False
FLOHVAHQZJYGNF-FQEVSTJZSA-N,1,7.32175,7.32175,,7.32175,7.32175,0.0,0.0,C[C@@H](c1cccc(OC(=O)NCCCCCNc2c3c(nc4cc(Br)ccc24)CCCC3)c1)N(C)C,False
KYIKXFFEWNORHF-NRFANRHFSA-N,1,7.25189,7.25189,,7.25189,7.25189,0.0,0.0,C[C@@H](c1cccc(OC(=O)NCCCCCCNc2c3c(nc4cc(Br)ccc24)CCCC3)c1)N(C)C,False
CZSLYGYSXHUYPJ-UHFFFAOYSA-N,1,5.90183,5.90183,,5.90183,5.90183,0.0,0.0,O=C(NCCNc1c2c(nc3ccccc13)CCCC2)Oc1ccc2cc[nH]c2c1,False
XTHNESHEQKSPCM-UHFFFAOYSA-N,1,6.2583,6.2583,,6.2583,6.2583,0.0,0.0,O=C(NCCCNc1c2c(nc3ccccc13)CCCC2)Oc1ccc2cc[nH]c2c1,False
XMABALKLBVDHMN-UHFFFAOYSA-N,1,6.29229,6.29229,,6.29229,6.29229,0.0,0.0,O=C(NCCCCNc1c2c(nc3ccccc13)CCCC2)Oc1ccc2cc[nH]c2c1,False
VONJCWNKPFFSJN-UHFFFAOYSA-N,1,6.37563,6.37563,,6.37563,6.37563,0.0,0.0,O=C(NCCCCCNc1c2c(nc3ccccc13)CCCC2)Oc1ccc2cc[nH]c2c1,False
RKXBOYRQFZRSIN-UHFFFAOYSA-N,1,6.41824,6.41824,,6.41824,6.41824,0.0,0.0,O=C(NCCCCCCNc1c2c(nc3ccccc13)CCCC2)Oc1ccc2cc[nH]c2c1,False
NQWIHILFCJBZCJ-UHFFFAOYSA-N,1,6.56368,6.56368,,6.56368,6.56368,0.0,0.0,O=C(NCCCCCNc1c2c(nc3cc(F)ccc13)CCCC2)Oc1ccc2cc[nH]c2c1,False
WJHVUDTYEXHEQF-UHFFFAOYSA-N,1,6.52697,6.52697,,6.52697,6.52697,0.0,0.0,O=C(NCCCCCCNc1c2c(nc3cc(F)ccc13)CCCC2)Oc1ccc2cc[nH]c2c1,False
AZBVXAVQXYAGRD-UHFFFAOYSA-N,1,6.60602,6.60602,,6.60602,6.60602,0.0,0.0,O=C(NCCCCCNc1c2c(nc3cc(Cl)ccc13)CCCC2)Oc1ccc2cc[nH]c2c1,False
ZKVZHPZFKSIJFO-UHFFFAOYSA-N,1,6.8161,6.8161,,6.8161,6.8161,0.0,0.0,O=C(NCCCCCCNc1c2c(nc3cc(Cl)ccc13)CCCC2)Oc1ccc2cc[nH]c2c1,False
JLRUHUZUZIBWEW-UHFFFAOYSA-N,1,6.49828,6.49828,,6.49828,6.49828,0.0,0.0,O=C(NCCCCCNc1c2c(nc3cc(Br)ccc13)CCCC2)Oc1ccc2cc[nH]c2c1,False
MQSRHPORQLJLNY-UHFFFAOYSA-N,1,6.9465,6.9465,,6.9465,6.9465,0.0,0.0,O=C(NCCCCCCNc1c2c(nc3cc(Br)ccc13)CCCC2)Oc1ccc2cc[nH]c2c1,False
SVEUUKFTMQGKNW-UHFFFAOYSA-N,1,5.0,5.0,,5.0,5.0,0.0,0.0,O=C(NCCNc1c2c(nc3ccccc13)CCCC2)Oc1ccc(-c2cc3cccnc3[nH]2)cc1,False
SSRMKEPFFMWMTN-UHFFFAOYSA-N,1,6.6332,6.6332,,6.6332,6.6332,0.0,0.0,O=C(NCCCNc1c2c(nc3ccccc13)CCCC2)Oc1ccc(-c2cc3cccnc3[nH]2)cc1,False
PHQOLWOIWRSJNI-UHFFFAOYSA-N,1,6.68867,6.68867,,6.68867,6.68867,0.0,0.0,O=C(NCCCCNc1c2c(nc3ccccc13)CCCC2)Oc1ccc(-c2cc3cccnc3[nH]2)cc1,False
ZSQVLBAJPVNTPW-UHFFFAOYSA-N,1,6.81645,6.81645,,6.81645,6.81645,0.0,0.0,O=C(NCCCCCNc1c2c(nc3ccccc13)CCCC2)Oc1ccc(-c2cc3cccnc3[nH]2)cc1,False
VCUSFEPDEQONLX-UHFFFAOYSA-N,1,7.67081,7.67081,,7.67081,7.67081,0.0,0.0,O=C(NCCCCCCNc1c2c(nc3ccccc13)CCCC2)Oc1ccc(-c2cc3cccnc3[nH]2)cc1,False
BFJXBGNYWMKBNZ-UHFFFAOYSA-N,1,6.81901,6.81901,,6.81901,6.81901,0.0,0.0,O=C(NCCCCCNc1c2c(nc3cc(F)ccc13)CCCC2)Oc1ccc(-c2cc3cccnc3[nH]2)cc1,False
ZMLLZOVFQZLICZ-UHFFFAOYSA-N,1,7.51784,7.51784,,7.51784,7.51784,0.0,0.0,O=C(NCCCCCCNc1c2c(nc3cc(F)ccc13)CCCC2)Oc1ccc(-c2cc3cccnc3[nH]2)cc1,False
CWTOXEDVTGWMOK-UHFFFAOYSA-N,1,7.6362,7.6362,,7.6362,7.6362,0.0,0.0,O=C(NCCCCCNc1c2c(nc3cc(Cl)ccc13)CCCC2)Oc1ccc(-c2cc3cccnc3[nH]2)cc1,False
GMGARMBFVHCLEI-UHFFFAOYSA-N,1,7.18903,7.18903,,7.18903,7.18903,0.0,0.0,O=C(NCCCCCCNc1c2c(nc3cc(Cl)ccc13)CCCC2)Oc1ccc(-c2cc3cccnc3[nH]2)cc1,False
BOWZGANCSYOXEZ-UHFFFAOYSA-N,1,7.22812,7.22812,,7.22812,7.22812,0.0,0.0,O=C(NCCCCCNc1c2c(nc3cc(Br)ccc13)CCCC2)Oc1ccc(-c2cc3cccnc3[nH]2)cc1,False
ZRWQMVDTZBQFOR-UHFFFAOYSA-N,1,7.2594,7.2594,,7.2594,7.2594,0.0,0.0,O=C(NCCCCCCNc1c2c(nc3cc(Br)ccc13)CCCC2)Oc1ccc(-c2cc3cccnc3[nH]2)cc1,False
ZNZDRMDAMHRDHM-UHFFFAOYSA-N,1,6.6968,6.6968,,6.6968,6.6968,0.0,0.0,CCCNC(C)C(=O)Nc1c(C)csc1-c1nc(C)no1,False
KRAAURHOVFFNAO-UHFFFAOYSA-N,1,7.31876,7.31876,,7.31876,7.31876,0.0,0.0,CCCNC(C)C(=O)Nc1c(C)csc1-c1nc(Cc2ccccc2)no1,False
QUVWIPWKEWECPJ-UHFFFAOYSA-N,1,6.9914,6.9914,,6.9914,6.9914,0.0,0.0,CCCNC(C)C(=O)Nc1c(C)csc1-c1nc(-c2ccccc2)no1,False
RUEBINIIYPEXAU-UHFFFAOYSA-N,1,6.91721,6.91721,,6.91721,6.91721,0.0,0.0,CCCNC(C)C(=O)Nc1c(C)csc1-c1nc(-c2ccccc2N)no1,False
SLXBJYRWWOPAOU-UHFFFAOYSA-N,1,6.98297,6.98297,,6.98297,6.98297,0.0,0.0,Cc1noc(-c2ccc(N)cc2)n1,False
NGRKMHPVLBNQLV-UHFFFAOYSA-N,1,6.6968,6.6968,,6.6968,6.6968,0.0,0.0,Nc1ccc(-c2nc(-c3ccccc3N)no2)cc1,False
CXVRQICJWIZHEA-UHFFFAOYSA-N,1,7.79588,7.79588,,7.79588,7.79588,0.0,0.0,CCCCOc1cc(-c2nc(C)no2)ccc1N,False
OLKNKTJZXYZQKD-UHFFFAOYSA-N,1,6.71897,6.71897,,6.71897,6.71897,0.0,0.0,CCCCOc1cc(-c2nc(-c3ccccc3)no2)ccc1N,False
XJAGXVKDODROGA-UHFFFAOYSA-N,1,7.02687,7.02687,,7.02687,7.02687,0.0,0.0,Cc1cc(NS(=O)(=O)c2ccc(NC(=O)COc3ccccc3-c3nc(-c4ccccc4)no3)cc2)no1,False
HDYXLZCWSJKLCM-UHFFFAOYSA-N,1,6.98716,6.98716,,6.98716,6.98716,0.0,0.0,Cc1cc(NS(=O)(=O)c2ccc(-n3cc(COc4ccccc4-c4nc(Cc5ccccc5)no4)nn3)cc2)no1,False
SWSOSHGQGWFKKE-UHFFFAOYSA-N,1,6.98297,6.98297,,6.98297,6.98297,0.0,0.0,Cc1cc(NS(=O)(=O)c2ccc(-n3cc(COc4ccccc4-c4nc(-c5ccccc5)no4)nn3)cc2)no1,False
USPOVWSTNSBZKM-UHFFFAOYSA-N,1,7.02687,7.02687,,7.02687,7.02687,0.0,0.0,CC(CCCCn1c(=O)c2c(ncn2C)n(C)c1=O)=NNC(=O)COc1ccccc1-c1nc(-c2ccccc2)no1,False
ZYUWUZNGUBBOMI-IBGZPJMESA-N,1,4.11036,4.11036,,4.11036,4.11036,0.0,0.0,Cc1cc(=O)oc2cc(OCc3ccc(-c4noc([C@@H]5CCCN5)n4)cc3)ccc12,False
GPMOPYGHCGDGRI-UHFFFAOYSA-N,1,5.19246,5.19246,,5.19246,5.19246,0.0,0.0,Nc1c2c(nc3ccc(Oc4ccccc4)cc13)CCC2,False
NAIWQAJGPBMRFH-UHFFFAOYSA-N,1,4.54944,4.54944,,4.54944,4.54944,0.0,0.0,Cc1ccccc1Oc1ccc2nc3c(c(N)c2c1)CCC3,False
DFOGOJMEWLSLGH-UHFFFAOYSA-N,1,5.06956,5.06956,,5.06956,5.06956,0.0,0.0,COc1ccccc1Oc1ccc2nc3c(c(N)c2c1)CCC3,False
SNWRZVRWWSARFE-UHFFFAOYSA-N,1,5.27737,5.27737,,5.27737,5.27737,0.0,0.0,Cc1cccc(Oc2ccc3nc4c(c(N)c3c2)CCC4)c1,False
FDUSCPMCGIYKRM-UHFFFAOYSA-N,1,5.27984,5.27984,,5.27984,5.27984,0.0,0.0,COc1cccc(Oc2ccc3nc4c(c(N)c3c2)CCC4)c1,False
IWMIJGXVNDZSFS-UHFFFAOYSA-N,1,5.07779,5.07779,,5.07779,5.07779,0.0,0.0,Cc1ccc(Oc2ccc3nc4c(c(N)c3c2)CCC4)cc1,False
YOKSATMFQZTEKE-UHFFFAOYSA-N,1,5.37263,5.37263,,5.37263,5.37263,0.0,0.0,COc1ccc(Oc2ccc3nc4c(c(N)c3c2)CCC4)cc1,False
FMUOJPHXSJPPGN-UHFFFAOYSA-N,1,5.29499,5.29499,,5.29499,5.29499,0.0,0.0,Nc1c2c(nc3ccc(Oc4ccc(Cl)cc4)cc13)CCC2,False
MQVIMPRUYUVIKT-UHFFFAOYSA-N,1,5.55596,5.55596,,5.55596,5.55596,0.0,0.0,CC(C)(C)c1ccc(Oc2ccc3nc4c(c(N)c3c2)CCC4)cc1,False
DJRAPDKSMZGRPC-UHFFFAOYSA-N,1,5.23958,5.23958,,5.23958,5.23958,0.0,0.0,CC(=O)c1ccc(Oc2ccc3nc4c(c(N)c3c2)CCC4)cc1,False
YLRMELVICSRIIN-UHFFFAOYSA-N,1,5.42946,5.42946,,5.42946,5.42946,0.0,0.0,Cc1cc(C)cc(Oc2ccc3nc4c(c(N)c3c2)CCC4)c1,False
IHCFDBCVAKEZJW-UHFFFAOYSA-N,1,5.42251,5.42251,,5.42251,5.42251,0.0,0.0,Cc1ccccc1Oc1ccc2nc3c(c(N)c2c1)CCCC3,False
UQBHJFYPFFUQPN-UHFFFAOYSA-N,1,6.07572,6.07572,,6.07572,6.07572,0.0,0.0,COc1ccccc1Oc1ccc2nc3c(c(N)c2c1)CCCC3,False
JXTRRQKHDCJFJJ-UHFFFAOYSA-N,1,5.03668,5.03668,,5.03668,5.03668,0.0,0.0,Cc1cccc(Oc2ccc3nc4c(c(N)c3c2)CCCC4)c1,False
SFWXSRWROPHFKH-UHFFFAOYSA-N,1,5.5784,5.5784,,5.5784,5.5784,0.0,0.0,COc1cccc(Oc2ccc3nc4c(c(N)c3c2)CCCC4)c1,False
GESFFNUGCXWEIS-UHFFFAOYSA-N,1,5.4828,5.4828,,5.4828,5.4828,0.0,0.0,Cc1ccc(Oc2ccc3nc4c(c(N)c3c2)CCCC4)cc1,False
SPPAEZPXNAOCEK-UHFFFAOYSA-N,1,5.5376,5.5376,,5.5376,5.5376,0.0,0.0,COc1ccc(Oc2ccc3nc4c(c(N)c3c2)CCCC4)cc1,False
APFRPSBWVSEADR-UHFFFAOYSA-N,1,5.53462,5.53462,,5.53462,5.53462,0.0,0.0,Nc1c2c(nc3ccc(Oc4ccc(Cl)cc4)cc13)CCCC2,False
CCUUHUZSXQOLOC-UHFFFAOYSA-N,1,5.70774,5.70774,,5.70774,5.70774,0.0,0.0,CC(C)(C)c1ccc(Oc2ccc3nc4c(c(N)c3c2)CCCC4)cc1,False
KXJVCQHDBSINAN-UHFFFAOYSA-N,1,5.79048,5.79048,,5.79048,5.79048,0.0,0.0,Cc1cc(C)cc(Oc2ccc3nc4c(c(N)c3c2)CCCC4)c1,False
FUXKZFGUONUHMA-UHFFFAOYSA-N,1,5.27084,5.27084,,5.27084,5.27084,0.0,0.0,Nc1c2c(nc3ccc(Oc4ccccc4)cc13)CCCCC2,False
HAZVGCUXMXVABK-UHFFFAOYSA-N,1,5.23657,5.23657,,5.23657,5.23657,0.0,0.0,Cc1ccccc1Oc1ccc2nc3c(c(N)c2c1)CCCCC3,False
JGAACZBSWXLIBW-UHFFFAOYSA-N,1,5.01682,5.01682,,5.01682,5.01682,0.0,0.0,COc1ccccc1Oc1ccc2nc3c(c(N)c2c1)CCCCC3,False
YCSJAJDLDXZOPU-UHFFFAOYSA-N,1,4.91186,4.91186,,4.91186,4.91186,0.0,0.0,Cc1cccc(Oc2ccc3nc4c(c(N)c3c2)CCCCC4)c1,False
AVYQOQQYONUJLQ-UHFFFAOYSA-N,1,5.37161,5.37161,,5.37161,5.37161,0.0,0.0,COc1cccc(Oc2ccc3nc4c(c(N)c3c2)CCCCC4)c1,False
HDIHUTTYMNBETF-UHFFFAOYSA-N,1,5.42136,5.42136,,5.42136,5.42136,0.0,0.0,Cc1ccc(Oc2ccc3nc4c(c(N)c3c2)CCCCC4)cc1,False
NCUBADVJTOTUNT-UHFFFAOYSA-N,1,5.44009,5.44009,,5.44009,5.44009,0.0,0.0,COc1ccc(Oc2ccc3nc4c(c(N)c3c2)CCCCC4)cc1,False
WXQFKROJXHJHKK-UHFFFAOYSA-N,1,5.37469,5.37469,,5.37469,5.37469,0.0,0.0,Nc1c2c(nc3ccc(Oc4ccc(Cl)cc4)cc13)CCCCC2,False
YNCZRNPUXCODES-UHFFFAOYSA-N,1,4.14491,4.14491,,4.14491,4.14491,0.0,0.0,CC(C)(C)c1ccc(Oc2ccc3nc4c(c(N)c3c2)CCCCC4)cc1,False
JRYDGQFMBZOCSG-UHFFFAOYSA-N,1,6.00436,6.00436,,6.00436,6.00436,0.0,0.0,Cc1cc(C)cc(Oc2ccc3nc4c(c(N)c3c2)CCCCC4)c1,False
RFKHKOZYFWZDAJ-UHFFFAOYSA-N,2,5.487135,5.487135,0.1876025001166035,5.35448,5.61979,0.1326550000000002,0.2653100000000004,Nc1c2c(nc3ccc(Oc4ccccc4)cc13)CCCC2,False
XKUVQEPPKYUPPA-FJANEPOYSA-N,1,5.32883,5.32883,,5.32883,5.32883,0.0,0.0,CCOc1cc2c(cc1OCC)-c1c(-c3ccc(Cl)cc3)c(/C=N/c3ccc(/N=C/c4c(-c5ccc(Cl)cc5)c5n(c4-c4ccccc4)CCc4cc(OC)c(OC)cc4-5)cc3)c(-c3ccccc3)n1CC2,False
URCBDSWAOOULBM-UHFFFAOYSA-N,1,6.30016,6.30016,,6.30016,6.30016,0.0,0.0,CN(Cc1ccc(COc2ccc3c(CO)cc(=O)oc3c2)cc1)Cc1cccs1,False
CKSXBOBZGXBJBK-UHFFFAOYSA-N,1,6.07988,6.07988,,6.07988,6.07988,0.0,0.0,CN(Cc1ccc(COc2ccc3c(CO)cc(=O)oc3c2)cc1)Cc1ccco1,False
LYPPXRDGIFOZKW-UHFFFAOYSA-N,1,6.58336,6.58336,,6.58336,6.58336,0.0,0.0,CN(Cc1ccc(COc2ccc3c(CO)cc(=O)oc3c2)cc1)Cc1ccsc1,False
MPSZWZSOPBDXOR-UHFFFAOYSA-N,2,5.439715,5.439715,0.6218509165788852,5.0,5.87943,0.4397150000000001,0.8794300000000002,CN(Cc1ccc(COc2ccc3c(CO)cc(=O)oc3c2)cc1)Cc1ncc[nH]1,False
OEWYFSMFZVYMCC-UHFFFAOYSA-N,2,5.09155,5.09155,0.12947125163525658,5.0,5.1831,0.0915499999999998,0.1830999999999996,CN(Cc1ccc(COc2ccc3c(CO)cc(=O)oc3c2)cc1)Cc1nccs1,False
ADEQUHXOUYZXBF-UHFFFAOYSA-N,2,5.37479,5.37479,0.5300331010418122,5.0,5.74958,0.37478999999999996,0.7495799999999999,CN(Cc1ccc(COc2ccc3c(CO)cc(=O)oc3c2)cc1)Cc1cscn1,False
JQXGILULPQSOFX-UHFFFAOYSA-N,2,5.50328,5.50328,0.7117454016711315,5.0,6.00656,0.5032800000000002,1.0065600000000003,CN(Cc1ccc(COc2ccc3c(CO)cc(=O)oc3c2)cc1)Cc1cccnc1,False
FDGRCZWNUUYVET-UHFFFAOYSA-N,2,5.36292,5.36292,0.5132463860564435,5.0,5.72584,0.3629199999999999,0.7258399999999998,CN(Cc1ccncc1)Cc1ccc(COc2ccc3c(CO)cc(=O)oc3c2)cc1,False
STSJHUCWXFKBFA-UHFFFAOYSA-N,2,5.195735,5.195735,0.27681109163109774,5.0,5.39147,0.195735,0.39147,CN(Cc1ccc(COc2ccc3c(CO)cc(=O)oc3c2)cc1)Cc1cncnc1,False
TVPDNFHCRMZOCS-UHFFFAOYSA-N,1,5.17914,5.17914,,5.17914,5.17914,0.0,0.0,CN(CCc1cccs1)Cc1ccc(COc2ccc3c(CO)cc(=O)oc3c2)cc1,False
LTYPAYZWLRWYFM-UHFFFAOYSA-N,1,5.49894,5.49894,,5.49894,5.49894,0.0,0.0,CN(CCc1ccsc1)Cc1ccc(COc2ccc3c(CO)cc(=O)oc3c2)cc1,False
XPTUUTSFMHAOPS-UHFFFAOYSA-N,1,4.97469,4.97469,,4.97469,4.97469,0.0,0.0,CN(CCc1cccnc1)Cc1ccc(COc2ccc3c(CO)cc(=O)oc3c2)cc1,False
NZSFDBPTJUKRKX-UHFFFAOYSA-N,1,5.71444,5.71444,,5.71444,5.71444,0.0,0.0,CNC(=O)COc1cc(C(C)C)ccc1C,False
PHFGOIZLVOOKJI-UHFFFAOYSA-N,1,5.71444,5.71444,,5.71444,5.71444,0.0,0.0,CCCNC(=O)COc1cc(C(C)C)ccc1C,False
YMUVDOUBCZRNBL-UHFFFAOYSA-N,1,5.71444,5.71444,,5.71444,5.71444,0.0,0.0,CCN(CC)C(=O)COc1cc(C(C)C)ccc1C,False
QZQIWWJXMJNKBO-UHFFFAOYSA-N,1,5.71444,5.71444,,5.71444,5.71444,0.0,0.0,Cc1ccc(C(C)C)cc1OCC(=O)N(C(C)C)C(C)C,False
LYLWGHHENUEULW-UHFFFAOYSA-N,1,5.71444,5.71444,,5.71444,5.71444,0.0,0.0,Cc1ccc(C(C)C)cc1OCC(=O)NC1CCCCC1,False
UYTYKFDEXNFOSZ-UHFFFAOYSA-N,1,5.71444,5.71444,,5.71444,5.71444,0.0,0.0,Cc1ccc(C(C)C)cc1OCC(=O)N1CCCCC1,False
QOTSTOXUEPONQT-UHFFFAOYSA-N,1,5.71444,5.71444,,5.71444,5.71444,0.0,0.0,Cc1ccc(C(C)C)cc1OCC(=O)N1Cc2ccccc2C1,False
CLQKBNIMJUBBCW-UHFFFAOYSA-N,1,5.71444,5.71444,,5.71444,5.71444,0.0,0.0,Cc1ccc(C(C)C)cc1OCC(=O)NCCN1CCCC1,False
ZCVVFAKYNZZIBG-UHFFFAOYSA-N,1,5.71444,5.71444,,5.71444,5.71444,0.0,0.0,Cc1ccc(C(C)C)cc1OCC(=O)NCCN1CCOCC1,False
VPEPWBOFQOUJPZ-UHFFFAOYSA-N,1,5.71444,5.71444,,5.71444,5.71444,0.0,0.0,Cc1ccc(C(C)C)cc1OCC(=O)NCCC1=CCCCC1,False
VGQSKNFGHKKWCE-UHFFFAOYSA-N,1,5.71444,5.71444,,5.71444,5.71444,0.0,0.0,COc1ccc(CCNC(=O)COc2cc(C(C)C)ccc2C)cc1OC,False
PXXIVSWTJVQUHX-UHFFFAOYSA-N,1,5.71444,5.71444,,5.71444,5.71444,0.0,0.0,Cc1ccc(C(C)C)cc1OCC(=O)NCc1ccc2c(c1)OCO2,False
JFPVGCZTHNVXTJ-UHFFFAOYSA-N,1,5.71444,5.71444,,5.71444,5.71444,0.0,0.0,Cc1ccc(C(C)C)cc1OCC(=O)NCCN1CCN(C)CC1,False
XOVKZHWKOUZMPI-UHFFFAOYSA-N,1,5.71444,5.71444,,5.71444,5.71444,0.0,0.0,Cc1ccc(C(C)C)cc1OCC(=O)NCCNc1cccc2cccnc12,False
HIXURYPODZMHGG-UHFFFAOYSA-N,1,6.86646,6.86646,,6.86646,6.86646,0.0,0.0,C=CCNCC(O)COc1cc(C(C)C)ccc1C,False
GDIOPSMWYUORMT-UHFFFAOYSA-N,1,6.86646,6.86646,,6.86646,6.86646,0.0,0.0,CCN(CC)CC(O)COc1cc(C(C)C)ccc1C,False
KWNSERNFKZUVCP-UHFFFAOYSA-N,1,6.86646,6.86646,,6.86646,6.86646,0.0,0.0,Cc1ccc(C(C)C)cc1OCC(O)CNC(C)(C)C,False
CHIDOXYAIAWZHP-UHFFFAOYSA-N,1,6.86646,6.86646,,6.86646,6.86646,0.0,0.0,Cc1ccc(C(C)C)cc1OCC(O)CNCc1cccnc1,False
PODOMHGXKXAZSA-UHFFFAOYSA-N,1,6.86646,6.86646,,6.86646,6.86646,0.0,0.0,Cc1ccc(C(C)C)cc1OCC(O)CNCCC1=CCCCC1,False
IAIZDKPXUHYSNL-UHFFFAOYSA-N,1,7.69897,7.69897,,7.69897,7.69897,0.0,0.0,O=C(NCCCCCCNc1c2c(nc3ccccc13)CCCC2)c1ccccc1O,False
QTVMLHKUVQWJDT-UHFFFAOYSA-N,1,6.64975,6.64975,,6.64975,6.64975,0.0,0.0,O=C(NCCCCCCCCNc1c2c(nc3ccccc13)CCCC2)c1ccccc1O,False
MRSNVBSBCDEKRH-UHFFFAOYSA-N,1,5.52143,5.52143,,5.52143,5.52143,0.0,0.0,COc1cc(CNCCCNc2c3c(nc4ccccc24)CCCCC3)ccc1O,False
GAYUHXBNPCBEJJ-YYDZXFQBSA-N,1,6.05061,6.05061,,6.05061,6.05061,0.0,0.0,C/C(NCCCCNc1c2c(nc3ccccc13)CCCC2)=C(/N=N/c1ccc(C)cc1)C(=O)c1ccccc1,False
GSBGMPKFLCWHGP-UHFFFAOYSA-N,1,5.83565,5.83565,,5.83565,5.83565,0.0,0.0,O=C(CNCCCCNCC(=O)Nc1c2c(nc3c1CCC3)CCCC2)Nc1c2c(nc3c1CCC3)CCCC2,False
LNSQBUNVLVSCFP-UHFFFAOYSA-N,1,5.12321,5.12321,,5.12321,5.12321,0.0,0.0,S=C(NCCCCNC(=S)Nc1c2c(nc3c1CCC3)CCCC2)Nc1c2c(nc3c1CCC3)CCCC2,False
ZQEJEBOCGKSUKW-UHFFFAOYSA-N,1,5.72125,5.72125,,5.72125,5.72125,0.0,0.0,CC(C)(C)c1cc(CNCCNc2c3c(nc4ccccc24)CCCCC3)cc(C(C)(C)C)c1O,False
YCLYWWBNCQGCMD-UHFFFAOYSA-N,1,4.30103,4.30103,,4.30103,4.30103,0.0,0.0,CCc1ccccc1NC(=O)c1ccc(NS(=O)(=O)c2ccccc2)cc1,False
RMZLXHAPIKESKA-AWEZNQCLSA-N,1,4.0,4.0,,4.0,4.0,0.0,0.0,COc1cccc(NC(=O)CN(C)[C@@H](C)C(=O)c2c[nH]c3ccccc23)c1,False
IHBOSFVKZFSQRM-FSJBWODESA-N,1,4.22643,4.22643,,4.22643,4.22643,0.0,0.0,CCNC(=S)N/N=C/c1c(OC)cc(OC)c2c(-c3ccccc3)c[nH]c12,False
IPGCFOJDVQPHFH-HNNXBMFYSA-N,1,4.0,4.0,,4.0,4.0,0.0,0.0,CCc1[nH]c2ccccc2c1CCN1CCC[C@H](CC)C1,False
DGQYAHLSLFVNRY-LZYBPNLTSA-N,1,4.39794,4.39794,,4.39794,4.39794,0.0,0.0,Cc1ccc(/C=N/NC(=O)Cn2c(=O)sc3ccccc32)s1,False
DSHIIWNVQBDQQB-UHFFFAOYSA-N,1,4.3851,4.3851,,4.3851,4.3851,0.0,0.0,c1ccc(-c2nn(-c3ccccc3)cc2-c2nc(-c3ccccc3)c(-c3ccccc3)n2-c2ccccc2)cc1,False
JLGKQTAYUIMGRK-UHFFFAOYSA-N,1,7.0,7.0,,7.0,7.0,0.0,0.0,Clc1ccc(C(Cn2ccnc2)OCc2csc3c(Cl)cccc23)c(Cl)c1,False
NSHMORIIRASHMG-UHFFFAOYSA-N,1,4.85449,4.85449,,4.85449,4.85449,0.0,0.0,c1ccc2c(c1)-c1ccccc1C2NC1CCCCC1,False
KAZYNFZIPBRNNE-UHFFFAOYSA-N,1,4.30181,4.30181,,4.30181,4.30181,0.0,0.0,CCCCNC1c2ccccc2-c2ccccc21,False
JORCOHASOWOJOX-UHFFFAOYSA-N,1,5.37779,5.37779,,5.37779,5.37779,0.0,0.0,Cc1cc2c(cc1C)[n+](Cc1ccccc1C)cn2C(c1ccccc1)c1ccccc1,False
SHXQVJVENHOUOF-UNOMPAQXSA-N,1,7.5376,7.5376,,7.5376,7.5376,0.0,0.0,[O-]/[N+](=C\c1ccc2cccc(O)c2n1)Cc1ccccc1,False
WLDRMSCXKLUZKZ-UHFFFAOYSA-N,1,5.86582,5.86582,,5.86582,5.86582,0.0,0.0,CCOC(=O)C1=C(Nc2ccccc2)CC(c2ccc(F)cc2)N(c2ccccc2)C1c1ccc(F)cc1,False
MQEOYVPELRBCBZ-UHFFFAOYSA-N,1,6.11126,6.11126,,6.11126,6.11126,0.0,0.0,CCOC(=O)C1=C(Nc2ccc(F)cc2)CC(c2ccc(F)cc2)N(c2ccc(F)cc2)C1c1ccc(F)cc1,False
ADOPCGOHJLZEFF-UHFFFAOYSA-N,1,5.95117,5.95117,,5.95117,5.95117,0.0,0.0,CCOC(=O)C1=C(Nc2ccc(F)cc2)CC(c2cccc(F)c2)N(c2ccc(F)cc2)C1c1cccc(F)c1,False
AQHFDDAHTUXSMR-UHFFFAOYSA-N,1,6.03058,6.03058,,6.03058,6.03058,0.0,0.0,CCOC(=O)C1=C(Nc2ccc(F)cc2)CC(c2ccc(C(F)(F)F)cc2)N(c2ccc(F)cc2)C1c1ccc(C(F)(F)F)cc1,False
XMBNNLGYDINVQN-UHFFFAOYSA-N,1,5.92372,5.92372,,5.92372,5.92372,0.0,0.0,CCOC(=O)C1=C(Nc2cccc(F)c2)CC(c2ccc(C(F)(F)F)cc2)N(c2cccc(F)c2)C1c1ccc(C(F)(F)F)cc1,False
VNIABXFLSKCNND-UHFFFAOYSA-N,1,6.0381,6.0381,,6.0381,6.0381,0.0,0.0,CCOC(=O)C1=C(Nc2ccc(F)cc2)CC(c2ccc(Cl)cc2)N(c2ccc(F)cc2)C1c1ccc(Cl)cc1,False
RFAMAAZWKDKPHQ-UHFFFAOYSA-N,1,5.89551,5.89551,,5.89551,5.89551,0.0,0.0,CCOC(=O)C1=C(Nc2cccc(F)c2)CC(c2ccc(Cl)cc2)N(c2cccc(F)c2)C1c1ccc(Cl)cc1,False
PTSDNLRQLSLZJD-UHFFFAOYSA-N,1,5.84832,5.84832,,5.84832,5.84832,0.0,0.0,CCOC(=O)C1=C(Nc2cccc(F)c2)CC(c2ccc(F)cc2)N(c2cccc(F)c2)C1c1ccc(F)cc1,False
XCABMPDQXZIWHX-UHFFFAOYSA-N,1,5.86967,5.86967,,5.86967,5.86967,0.0,0.0,C#CCOc1ccc(-c2cc(-c3ccc(OCC#C)cc3)nc(N)n2)cc1,False
FBUQBYVBIMRYOZ-UHFFFAOYSA-N,1,4.39794,4.39794,,4.39794,4.39794,0.0,0.0,C#CCNc1ccccc1-c1cc(-c2ccc(OCCN3CCCCC3)cc2)nc(N)n1,False
CSJBXADTPZCWQJ-UHFFFAOYSA-N,1,7.4437,7.4437,,7.4437,7.4437,0.0,0.0,N#Cc1cccnc1N1CCN(c2cc(Oc3cccc4cccnc34)ncn2)CC1,False
LIDPBBPVLVYZHF-IEGACIPQSA-N,1,4.0,4.0,,4.0,4.0,0.0,0.0,COc1cc2c(cc1OC)[C@@]13C=C[C@@H](OC)C[C@@H]1N(C2)C[C@@H]3O,False
FSCNYZCDXAZDLI-BIVLZKPYSA-N,1,4.0,4.0,,4.0,4.0,0.0,0.0,COc1cc2c(cc1OC)[C@@H]1[C@H](O)[C@@H](OC)[C@H](O)C3=CCN(C2=O)[C@H]31,False
LRRYCKWQNAHRIL-KJYZGMDISA-N,2,4.0,4.0,0.0,4.0,4.0,0.0,0.0,CCO[C@H]1c2cc(OC)c(OC)cc2[C@@]23CC[C@H](OC)C[C@@H]2N1CC3,False
JGPAYRXJLAYVKL-OWYHZJEWSA-N,1,4.0,4.0,,4.0,4.0,0.0,0.0,CCO[C@H]1O[C@@H]2CC=C3CCN(C)[C@H]3[C@@H]2c2cc(OC)c(O)cc21,False
OHZXJDOKMFHAFO-PNKHAZJDSA-N,1,4.0,4.0,,4.0,4.0,0.0,0.0,COc1cc2c(cc1OC)[C@@H]1[C@H](O)[C@@H](OC)[C@H](O)C3=CCN(C2)[C@H]31,False
VAZOZOQEUVYHBV-GGTDUDPZSA-N,1,4.0,4.0,,4.0,4.0,0.0,0.0,COc1cc2c(c(O)c1OC)[C@@]13CC[C@H](O)C[C@@H]1N(CC3)C2O,False
AOBSSDPTLBHQIA-QFTHWCHOSA-N,1,4.72909,4.72909,,4.72909,4.72909,0.0,0.0,COc1cc(-c2cccc3c2N(C)CC3)c(CN2CC[C@@]34C=C[C@H](O)C[C@@H]3Oc3c(OC)ccc(c34)C2)c(OC)c1OC,False
KVANOXIAOYTXBY-ANHUGMMASA-N,2,7.173394999999999,7.173394999999999,0.4942464268459615,6.82391,7.52288,0.34948500000000005,0.6989700000000001,O=C1[C@H]2Cc3c([nH]c4ccccc34)[C@@H](c3ccc4c(c3)OCO4)N2C(=O)CN1CCC1CCN(Cc2ccccc2)CC1,False
WOXKDUGGOYFFRN-IIBYNOLFSA-N,1,4.58336,4.58336,,4.58336,4.58336,0.0,0.0,CN1CC(=O)N2[C@H](c3ccc4c(c3)OCO4)c3[nH]c4ccccc4c3C[C@@H]2C1=O,False
PQLMRWLEKAGSLO-UHFFFAOYSA-N,1,6.33161,6.33161,,6.33161,6.33161,0.0,0.0,O=[N+]([O-])c1cccc(-c2cnc3cccnc3n2)c1,False
WZYIETQKHAJJIK-UHFFFAOYSA-N,1,6.05061,6.05061,,6.05061,6.05061,0.0,0.0,Cc1cccc(-c2cnc3cccnc3n2)c1,False
FEVTUWWOBOHNRE-UHFFFAOYSA-N,1,6.09691,6.09691,,6.09691,6.09691,0.0,0.0,Fc1cccc(-c2cnc3cccnc3n2)c1,False
QGOXZNBUSSHYBZ-UHFFFAOYSA-N,1,6.20691,6.20691,,6.20691,6.20691,0.0,0.0,Brc1ccc(Cn2cc(CNC3CCCCCC3)nn2)cc1,False
GHHFSGQWXBMGLW-UHFFFAOYSA-N,1,6.03292,6.03292,,6.03292,6.03292,0.0,0.0,Clc1ccc(Cn2cc(CNC3CCCCCC3)nn2)cc1,False
SUGGZYOMXAQALQ-UHFFFAOYSA-N,1,7.03621,7.03621,,7.03621,7.03621,0.0,0.0,Brc1ccc(Cn2cc(CNC34CC5CC(CC(C5)C3)C4)nn2)cc1,False
SQARWLAUMRYONO-UHFFFAOYSA-N,1,6.87615,6.87615,,6.87615,6.87615,0.0,0.0,Clc1ccc(Cn2cc(CNC34CC5CC(CC(C5)C3)C4)nn2)cc1,False
DANIUTWEXULISV-JJJKAYHGSA-N,1,6.3279,6.3279,,6.3279,6.3279,0.0,0.0,COc1ccc2nc3c(c(NCCCCCNC(=S)N[C@]45CC6C[C@@H](C[C@@H](C6)C4)C5)c2c1)CCCC3,False
LJJFRDYJWSRAOQ-UHFFFAOYSA-N,1,5.14086,5.14086,,5.14086,5.14086,0.0,0.0,Cc1ccc(-c2cn(Cc3ccc4ccccc4c3)nn2)cc1C(=O)NCCN1CCOCC1,False
JNLXCPCVQJMBHE-UHFFFAOYSA-N,1,5.13608,5.13608,,5.13608,5.13608,0.0,0.0,COc1ccc2c(c1)c(=O)c1ccccc1n2Cc1cn(Cc2ccc(Cl)cc2)nn1,False
HMNNGFZGSKJZAA-UHFFFAOYSA-N,1,6.6517,6.6517,,6.6517,6.6517,0.0,0.0,O=c1[nH]c(COCCC2CCN(Cc3ccccc3)CC2)nc2c1cnn2C1CCCC1,False
SQNFGAWWNIPHLE-WBIOMSNFSA-N,1,5.94692,5.94692,,5.94692,5.94692,0.0,0.0,COc1ccc2c3c1O[C@H]1C[C@@H](O)C=C[C@@]31CCN(CCCCNC13CC4CC(C)(CC(C)(C4)C1)C3)C2,False
MQXBZGXYQPDNAD-UDEYFRBPSA-N,1,6.9393,6.9393,,6.9393,6.9393,0.0,0.0,COc1ccc2c3c1O[C@H]1C[C@@H](O)C=C[C@@]31CCN(C/C=C/CNC13CC4CC(C)(CC(C)(C4)C1)C3)C2,False
SZTDSULVNSEKLP-WBIOMSNFSA-N,1,6.11805,6.11805,,6.11805,6.11805,0.0,0.0,COc1ccc2c3c1O[C@H]1C[C@@H](O)C=C[C@@]31CCN(CC#CCNC13CC4CC(C)(CC(C)(C4)C1)C3)C2,False
NGNHXYCLUMQSKR-UHFFFAOYSA-N,1,5.27819,5.27819,,5.27819,5.27819,0.0,0.0,Nc1n[nH]c2nc(-c3ccccc3)cc(-c3ccccc3)c12,False
CSDHKBSYINDKKG-UHFFFAOYSA-N,1,5.64975,5.64975,,5.64975,5.64975,0.0,0.0,Nc1n[nH]c2nc(-c3ccccc3)cc(-c3ccc(Br)cc3)c12,False
CMSQLHIUVNVBGZ-UHFFFAOYSA-N,1,4.65014,4.65014,,4.65014,4.65014,0.0,0.0,COc1ccc(-c2cc(-c3ccccc3)nc3[nH]nc(N)c23)cc1,False
PKZSCEAPZMUGIA-UHFFFAOYSA-N,1,5.01637,5.01637,,5.01637,5.01637,0.0,0.0,COc1ccc(-c2cc(-c3ccccc3)nc3[nH]nc(N)c23)cc1OC,False
ZVKGFLLNDNOWDQ-UHFFFAOYSA-N,1,5.72354,5.72354,,5.72354,5.72354,0.0,0.0,COc1cc(-c2cc(-c3ccccc3)nc3[nH]nc(N)c23)cc(OC)c1OC,False
XIWRLCHTIRNUMX-UHFFFAOYSA-N,1,5.42946,5.42946,,5.42946,5.42946,0.0,0.0,COc1ccc(-c2cc(-c3ccc(Br)cc3)c3c(N)n[nH]c3n2)cc1,False
GFPJBQCGOUPXQD-UHFFFAOYSA-N,1,6.58503,6.58503,,6.58503,6.58503,0.0,0.0,COc1ccc(-c2cc(-c3ccc(OC)cc3)c3c(N)n[nH]c3n2)cc1,False
JBQXHKRLWWMCTB-UHFFFAOYSA-N,1,6.09151,6.09151,,6.09151,6.09151,0.0,0.0,COc1ccc(-c2cc(-c3ccc(OC)c(OC)c3)c3c(N)n[nH]c3n2)cc1,False
ALZYXIILSHUDQY-UHFFFAOYSA-N,1,5.22113,5.22113,,5.22113,5.22113,0.0,0.0,COc1ccc(-c2cc(-c3cc(OC)c(OC)c(OC)c3)c3c(N)n[nH]c3n2)cc1,False
APPRVPLQWUIXSC-UHFFFAOYSA-N,1,6.76955,6.76955,,6.76955,6.76955,0.0,0.0,Nc1n[nH]c2nc(-c3ccc(Br)cc3)cc(-c3ccc(Br)cc3)c12,False
ZNRWPCFBMZHWCW-UHFFFAOYSA-N,1,6.45593,6.45593,,6.45593,6.45593,0.0,0.0,COc1ccc(-c2cc(-c3ccc(Br)cc3)nc3[nH]nc(N)c23)cc1,False
CFUZORHXMOWNMN-UHFFFAOYSA-N,1,6.79588,6.79588,,6.79588,6.79588,0.0,0.0,COc1ccc(-c2cc(-c3ccc(Br)cc3)nc3[nH]nc(N)c23)cc1OC,False
XHQRTHFSQUICQR-UHFFFAOYSA-N,1,6.20066,6.20066,,6.20066,6.20066,0.0,0.0,COc1cc(-c2cc(-c3ccc(Br)cc3)nc3[nH]nc(N)c23)cc(OC)c1OC,False
BASFYRLYJAZPPL-UONOGXRCSA-N,1,4.0,4.0,,4.0,4.0,0.0,0.0,c1ccc([C@@H]2C[C@H]2NC2CCNCC2)cc1,False
LRULVYSBRWUVGR-FCHUYYIVSA-N,1,4.0,4.0,,4.0,4.0,0.0,0.0,O=C(O)c1ccc(CN2CCC(CN[C@@H]3C[C@H]3c3ccccc3)CC2)cc1,False
JHPSVBNNLBQISX-UHFFFAOYSA-N,1,4.46597,4.46597,,4.46597,4.46597,0.0,0.0,COc1cc(O)cc2c1Oc1c(Oc3cc(O)cc(O)c3)c(O)cc(O)c1O2,False
ZABXYXPRTUBQOW-UHFFFAOYSA-N,1,4.39686,4.39686,,4.39686,4.39686,0.0,0.0,Oc1cc(O)cc(Oc2c(O)cc(O)c3c2Oc2c(OCc4ccccc4)cc(O)cc2O3)c1,False
DRZQFGYIIYNNEC-UHFFFAOYSA-N,1,4.63078,4.63078,,4.63078,4.63078,0.0,0.0,Oc1cc(O)cc(Oc2c(O)cc(O)c3c2Oc2c(O)cc(Oc4c(O)cc(Oc5c(O)cc(O)c6c5Oc5c(O)cc(O)cc5O6)cc4O)cc2O3)c1,False
XEPKOBCEQVBQTI-UHFFFAOYSA-N,1,4.47886,4.47886,,4.47886,4.47886,0.0,0.0,COc1cc(Oc2c(O)cc(Oc3c(O)cc(O)c4c3Oc3c(O)cc(O)cc3O4)cc2O)cc2c1Oc1c(Oc3cc(O)cc(O)c3)c(O)cc(O)c1O2,False
MHWJYXLJZGECNY-UHFFFAOYSA-N,1,4.37779,4.37779,,4.37779,4.37779,0.0,0.0,Oc1cc(O)cc(Oc2c(O)cc(O)c3c2Oc2c(OCc4ccccc4)cc(Oc4c(O)cc(Oc5c(O)cc(O)c6c5Oc5c(O)cc(O)cc5O6)cc4O)cc2O3)c1,False
SLWPBUMYPRVYIJ-UHFFFAOYSA-N,1,4.02641,4.02641,,4.02641,4.02641,0.0,0.0,Oc1cc(O)cc(Oc2c(O)cc(O)c3c2Oc2c(O)cc4oc5c(Oc6cc(O)cc(O)c6)c(O)cc(O)c5c4c2O3)c1,False
GZPCOSXCFDXHFM-UHFFFAOYSA-N,1,4.1831,4.1831,,4.1831,4.1831,0.0,0.0,COc1cc2oc3c(Oc4cc(O)cc(O)c4)c(O)cc(O)c3c2c2c1Oc1c(Oc3cc(O)cc(O)c3)c(O)cc(O)c1O2,False
AQMPSKJFMOSDNR-UHFFFAOYSA-N,1,4.63451,4.63451,,4.63451,4.63451,0.0,0.0,Oc1cc(O)cc(Oc2c(O)cc(O)c3c2Oc2c(OCc4ccccc4)cc4oc5c(Oc6cc(O)cc(O)c6)c(O)cc(O)c5c4c2O3)c1,False
OTIIXGVFBWDUDH-UHFFFAOYSA-N,1,6.1261,6.1261,,6.1261,6.1261,0.0,0.0,CCCCN1CCC(CCC(=O)c2ccc(N)cc2OC)CC1,False
UOOCXIPKYHHRRD-UHFFFAOYSA-N,1,6.35164,6.35164,,6.35164,6.35164,0.0,0.0,CCCCN1CCC(CCC(=O)c2cc(Br)ccc2OC)CC1,False
AEHUGLUJLXQXMZ-UHFFFAOYSA-N,1,6.18177,6.18177,,6.18177,6.18177,0.0,0.0,CCCCN1CCC(CCC(=O)c2cc(I)c(N)cc2OC)CC1,False
UHGWCPXBDDWAKP-UHFFFAOYSA-N,1,7.58503,7.58503,,7.58503,7.58503,0.0,0.0,COc1cc(N)ccc1C(=O)CCC1CCN(CC2CCCCC2)CC1,False
PXUUPGSNIMQISW-UHFFFAOYSA-N,2,7.578695,7.578695,0.05811710634572186,7.5376,7.61979,0.04109499999999988,0.08218999999999976,COc1cc(N)c(F)cc1C(=O)CCC1CCN(CC2CCCCC2)CC1,False
PCGROECTIBEWPF-UHFFFAOYSA-N,1,6.6968,6.6968,,6.6968,6.6968,0.0,0.0,COc1cc(N)c(Cl)cc1C(=O)C(C)CC1CCN(CC2CCCCC2)CC1,False
QPDCBQORMYFXGT-UHFFFAOYSA-N,1,7.00436,7.00436,,7.00436,7.00436,0.0,0.0,COc1cc(N)c(Br)cc1C(=O)CCC1CCN(CC2CCCCC2)CC1,False
HISLDJKGFNEVLO-UHFFFAOYSA-N,1,6.51713,6.51713,,6.51713,6.51713,0.0,0.0,COc1cc(N)c(I)cc1C(=O)CCC1CCN(CC2CCCCC2)CC1,False
YSNREIFGEZOQOI-UHFFFAOYSA-N,1,5.42829,5.42829,,5.42829,5.42829,0.0,0.0,COc1c(C(N)=O)cc(Cl)c(N)c1CC1CCN(CC2CCCCC2)CC1,False
MOOXZLVIEUWOJV-UHFFFAOYSA-N,1,5.06048,5.06048,,5.06048,5.06048,0.0,0.0,COc1cc(N)c(Br)cc1C(=O)NCC1CCN(CC2CCCCC2)CC1,False
OINBXQVAEUFUNQ-UHFFFAOYSA-N,1,5.29328,5.29328,,5.29328,5.29328,0.0,0.0,COc1cc(N)c(I)cc1C(=O)NCC1CCN(CC2CCCCC2)CC1,False
XEHQZRKZBJQOMJ-UHFFFAOYSA-N,1,6.38616,6.38616,,6.38616,6.38616,0.0,0.0,Nc1cc(O)c(C(=O)CCC2CCN(CC3CCCCC3)CC2)cc1Cl,False
BFZKHVUFJAQCQW-UHFFFAOYSA-N,1,6.4034,6.4034,,6.4034,6.4034,0.0,0.0,CCOc1cc(N)c(Cl)cc1C(=O)CCC1CCN(CC2CCCCC2)CC1,False
RYDDBILRWHKYGG-UHFFFAOYSA-N,1,6.20412,6.20412,,6.20412,6.20412,0.0,0.0,Nc1cc(OCCF)c(C(=O)CCC2CCN(CC3CCCCC3)CC2)cc1Cl,False
ZAKCOJKXWMIQSX-UHFFFAOYSA-N,1,6.49485,6.49485,,6.49485,6.49485,0.0,0.0,CON=C(CCC1CCN(CC2CCCCC2)CC1)c1cc(Cl)c(N)cc1OC,False
KLYJAYKJNHMFJX-QGPMSJSTSA-N,1,4.41454,4.41454,,4.41454,4.41454,0.0,0.0,O=C1[C@H](O)C[C@]23CCCN1[C@@H]2c1c([nH]c2ccccc12)CC3,False
NBJRQXGWAYOEEM-UHFFFAOYSA-N,1,7.61137,7.61137,,7.61137,7.61137,0.0,0.0,CC(c1cccc(OC(=O)NCCc2c[nH]c3ccccc23)c1)N(C)C,False
BTMINCBPYFAEBH-UHFFFAOYSA-N,1,7.13501,7.13501,,7.13501,7.13501,0.0,0.0,Cc1ccc2[nH]cc(CCNC(=O)Oc3cccc(C(C)N(C)C)c3)c2c1,False
KRVVTJMBYXHIDX-UHFFFAOYSA-N,1,7.31587,7.31587,,7.31587,7.31587,0.0,0.0,COc1ccc2[nH]cc(CCNC(=O)Oc3cccc(C(C)N(C)C)c3)c2c1,False
ICCOMUGUNPJEBE-UHFFFAOYSA-N,1,8.63639,8.63639,,8.63639,8.63639,0.0,0.0,CC(c1cccc(OC(=O)NCCc2c[nH]c3ccc(O)cc23)c1)N(C)C,False
QUQGCQDEZFMVJK-UHFFFAOYSA-N,1,7.86044,7.86044,,7.86044,7.86044,0.0,0.0,CC(c1cccc(OC(=O)NCCc2c[nH]c3ccc(Cl)cc23)c1)N(C)C,False
NBJRQXGWAYOEEM-HNNXBMFYSA-N,1,7.65443,7.65443,,7.65443,7.65443,0.0,0.0,C[C@@H](c1cccc(OC(=O)NCCc2c[nH]c3ccccc23)c1)N(C)C,False
BTMINCBPYFAEBH-INIZCTEOSA-N,1,7.26177,7.26177,,7.26177,7.26177,0.0,0.0,Cc1ccc2[nH]cc(CCNC(=O)Oc3cccc([C@H](C)N(C)C)c3)c2c1,False
KRVVTJMBYXHIDX-HNNXBMFYSA-N,1,7.66878,7.66878,,7.66878,7.66878,0.0,0.0,COc1ccc2[nH]cc(CCNC(=O)Oc3cccc([C@H](C)N(C)C)c3)c2c1,False
ICCOMUGUNPJEBE-AWEZNQCLSA-N,1,9.00436,9.00436,,9.00436,9.00436,0.0,0.0,C[C@@H](c1cccc(OC(=O)NCCc2c[nH]c3ccc(O)cc23)c1)N(C)C,False
QUQGCQDEZFMVJK-AWEZNQCLSA-N,1,8.09854,8.09854,,8.09854,8.09854,0.0,0.0,C[C@@H](c1cccc(OC(=O)NCCc2c[nH]c3ccc(Cl)cc23)c1)N(C)C,False
QUQGCQDEZFMVJK-CQSZACIVSA-N,1,8.07676,8.07676,,8.07676,8.07676,0.0,0.0,C[C@H](c1cccc(OC(=O)NCCc2c[nH]c3ccc(Cl)cc23)c1)N(C)C,False
QFBJJKVEXAPDJU-IWANFJPMSA-N,1,5.33913,5.33913,,5.33913,5.33913,0.0,0.0,C=CCc1ccc(O)c(-c2cc(CC=C)cc(-c3cc(CC=C)ccc3O)c2O[C@H]2CC(C)(C)[C@@H]3CC[C@]4(C)C[C@]23CC[C@H]4O)c1,False
MNWWVJBJRJRJBI-HTCQTMOXSA-N,1,5.18376,5.18376,,5.18376,5.18376,0.0,0.0,C=CCc1ccc(O)c(-c2cc(CC=C)cc(-c3cc(CC=C)ccc3O)c2O[C@@H]2C[C@@H](C(C)C)C=C[C@]2(C)O)c1,False
HFHHTRIAKONNBG-UHFFFAOYSA-N,1,5.0,5.0,,5.0,5.0,0.0,0.0,C=CCc1ccc(Oc2cc(CC=C)cc(-c3cc(CC=C)ccc3O)c2O)cc1,False
FAJBNOKBPQRKGO-UHFFFAOYSA-N,1,5.77728,5.77728,,5.77728,5.77728,0.0,0.0,O=c1c2nc(-c3ccc(C(F)(F)F)cc3)sc2nc2n1CCCC2,False
ILEDWLMCKZNDJK-UHFFFAOYSA-N,1,5.21254,5.21254,,5.21254,5.21254,0.0,0.0,O=c1ccc2cc(O)c(O)cc2o1,False
PKFPTYFWUOSWAN-UHFFFAOYSA-N,1,5.59007,5.59007,,5.59007,5.59007,0.0,0.0,COc1cc(Cn2cc(COc3ccc4ccc(=O)oc4c3C(C)=O)nn2)cc(OC)c1,False
ZZIGTYMQBGWBDN-FBHDLOMBSA-N,1,6.09583,6.09583,,6.09583,6.09583,0.0,0.0,Cc1cc(=O)oc2cc(OCC(=O)N/N=C\c3ccc(C(=O)O)cc3)ccc12,False
KAYVLXUZFXINIG-UHFFFAOYSA-N,1,7.04096,7.04096,,7.04096,7.04096,0.0,0.0,COc1cccc2cc(-c3ccc(NC(=O)c4ccc(CCl)cc4)cc3)c(=O)oc12,False
WGHLTJMVFCIUON-UHFFFAOYSA-N,1,4.71647,4.71647,,4.71647,4.71647,0.0,0.0,O=c1oc2ccccc2cc1-c1ccc(Br)cc1,False
LUEKOVRFNYEOJF-UHFFFAOYSA-N,1,5.51713,5.51713,,5.51713,5.51713,0.0,0.0,O=C1OC2=C(O)C(O)=CCC2C=C1c1ccc(O)c(O)c1,False
KZJOEKCJUWZUDR-UHFFFAOYSA-N,1,5.31158,5.31158,,5.31158,5.31158,0.0,0.0,O=C1CCOc2ccc(OCCN3CCCCCC3)cc21,False
UPUZNJOAQQVVRG-UHFFFAOYSA-N,1,4.54242,4.54242,,4.54242,4.54242,0.0,0.0,Cc1cc(=O)oc2cc(OCc3nnc(-c4cc(O)c(O)c(O)c4)o3)ccc12,False
UKDYARLVISZKJJ-UHFFFAOYSA-N,1,4.5293,4.5293,,4.5293,4.5293,0.0,0.0,Cc1cc(=O)oc2cc(OCc3nnc(-c4ccc(O)c(O)c4)o3)ccc12,False
KVHBNBMOEQQULB-UHFFFAOYSA-N,1,4.06313,4.06313,,4.06313,4.06313,0.0,0.0,CC(C)c1cc2cc3ccc(=O)oc3cc2o1,False
PLUITDXYRLAWTG-CJLVFECKSA-N,1,4.85387,4.85387,,4.85387,4.85387,0.0,0.0,COC(=O)/C1=C/N(C)CCc2cc(OC)c(OC)cc2C(C)=C=C1c1ccccc1,False
BKNXZBQRWINEML-UHFFFAOYSA-O,1,4.23284,4.23284,,4.23284,4.23284,0.0,0.0,C[n+]1cc(Br)ccc1/C=N/O,False
QXJGZXXZZGCXBZ-JDFRZJQESA-N,1,4.00502,4.00502,,4.00502,4.00502,0.0,0.0,COc1ccc2c3c1O[C@H]1C[C@@H](O)C=C[C@@]31CCN(C=O)C2,False
ZADOZOULRZGFEU-YEWWUXTCSA-N,1,5.00877,5.00877,,5.00877,5.00877,0.0,0.0,COc1ccc2c3c1O[C@H]1C[C@@H](O)C=C[C@@]31CCN(C(C)=O)C2,False
BQESVZIPHFRYNG-QOKNQOGYSA-N,1,6.74473,6.74473,,6.74473,6.74473,0.0,0.0,C=CCN1CC[C@@]23C=C[C@H](O)C[C@@H]2Oc2c(OC)ccc(c23)C1,False
FEKQBPRIVQKBRM-KNBMTAEXSA-N,1,7.04576,7.04576,,7.04576,7.04576,0.0,0.0,C=C(C)CN1CC[C@@]23C=C[C@H](O)C[C@@H]2Oc2c(OC)ccc(c23)C1,False
DJRBBQJREIMIEU-UHFFFAOYSA-N,1,6.05968,6.05968,,6.05968,6.05968,0.0,0.0,COc1cc2c(cc1O)C(=O)C(CC1CCN(Cc3ccccc3)CC1)C2,False
DSMISVLYMKJMLP-UHFFFAOYSA-N,1,6.11154,6.11154,,6.11154,6.11154,0.0,0.0,COc1cc2c(cc1O)CC(CC1CCN(Cc3ccccc3)CC1)C2=O,False
UJEPFLUMZAEBIS-UHFFFAOYSA-N,1,5.74352,5.74352,,5.74352,5.74352,0.0,0.0,O=C1c2cc(O)c(O)cc2CC1CC1CCN(Cc2ccccc2)CC1,False
HAIKEIGCWZZVJZ-UHFFFAOYSA-N,1,7.55596,7.55596,,7.55596,7.55596,0.0,0.0,COc1cc2c(cc1OC(=O)CCCCC1CCSS1)C(=O)C(CC1CCN(Cc3ccccc3)CC1)C2,False
QNMCYVJUCOUFTD-UHFFFAOYSA-N,1,8.11748,8.11748,,8.11748,8.11748,0.0,0.0,COc1cc2c(cc1OCCCCCC1CCSS1)C(=O)C(CC1CCN(Cc3ccccc3)CC1)C2,False
HHXJJQNMCWBKJR-UHFFFAOYSA-N,1,8.04001,8.04001,,8.04001,8.04001,0.0,0.0,COc1cc2c(cc1OCCCCCC1CCSS1)CC(CC1CCN(Cc3ccccc3)CC1)C2=O,False
OKEWJRSOKIRQDH-UHFFFAOYSA-N,1,7.05998,7.05998,,7.05998,7.05998,0.0,0.0,CCOc1cc(N)ccc1C(=O)CCC1CCN(CC2CCCCC2)CC1,False
IAIHSEBPXYSHJL-UHFFFAOYSA-N,1,6.49757,6.49757,,6.49757,6.49757,0.0,0.0,Nc1ccc(C(=O)CCC2CCN(CC3CCCCC3)CC2)c(OCCF)c1,False
PUDHCLJYWOZJKU-UHFFFAOYSA-N,1,6.49949,6.49949,,6.49949,6.49949,0.0,0.0,Nc1ccc(C(=O)CCC2CCN(CC3CCCCC3)CC2)cc1,False
CWLFGXHLFFZFQI-UHFFFAOYSA-N,1,6.77989,6.77989,,6.77989,6.77989,0.0,0.0,COc1ccccc1C(=O)CCC1CCN(CC2CCCCC2)CC1,False
ZOJSQDLJJPDEOF-UHFFFAOYSA-N,1,7.30364,7.30364,,7.30364,7.30364,0.0,0.0,Nc1ccc(C(=O)CCC2CCN(CC3CCCCC3)CC2)cc1Cl,False
SVAKYIZSPVNOGB-UHFFFAOYSA-N,1,6.51018,6.51018,,6.51018,6.51018,0.0,0.0,COc1c(C(=O)CCC2CCN(CC3CCCCC3)CC2)cc(F)c(N)c1Br,False
AEQDSXWHQNGPGZ-UHFFFAOYSA-N,1,6.63097,6.63097,,6.63097,6.63097,0.0,0.0,COc1c(C(=O)CCC2CCN(CC3CCCCC3)CC2)cc(F)c(N)c1I,False
ULVNBHIVKFAGNX-UHFFFAOYSA-N,1,7.46852,7.46852,,7.46852,7.46852,0.0,0.0,COc1cc(NC(C)=O)c(Cl)cc1C(=O)CCC1CCN(CC2CCCCC2)CC1,False
ROBPMUIFBKVJKL-UHFFFAOYSA-N,1,7.24185,7.24185,,7.24185,7.24185,0.0,0.0,CC(=O)Nc1cc(O)c(C(=O)CCC2CCN(CC3CCCCC3)CC2)cc1Cl,False
FTRZTHFGTILUPE-FIBGUPNXSA-N,1,7.64589,7.64589,,7.64589,7.64589,0.0,0.0,[2H]C([2H])([2H])Oc1cc(N)c(Cl)cc1C(=O)CCC1CCN(CC2CCCCC2)CC1,False
MTBTYEACNRCBPA-UHFFFAOYSA-N,1,4.7607,4.7607,,4.7607,4.7607,0.0,0.0,Cc1ccccc1NC(=O)Nc1cccc(/C(N)=N/O)c1,False
FEKYTTYUOFPQHY-UHFFFAOYSA-N,1,4.88907,4.88907,,4.88907,4.88907,0.0,0.0,COc1cccc(NC(=O)Nc2cccc(/C(N)=N/O)c2)c1,False
HBZHORABVQUELE-UHFFFAOYSA-N,1,4.78675,4.78675,,4.78675,4.78675,0.0,0.0,COc1ccc(NC(=O)Nc2cccc(/C(N)=N/O)c2)cc1,False
BICHYYONOBUEBZ-UHFFFAOYSA-N,1,4.83833,4.83833,,4.83833,4.83833,0.0,0.0,N/C(=N\O)c1cccc(NC(=O)Nc2cccc(O)c2)c1,False
BAAHQBNJQQPYCE-UHFFFAOYSA-N,1,4.78861,4.78861,,4.78861,4.78861,0.0,0.0,N/C(=N\O)c1cccc(NC(=O)Nc2ccc(O)cc2)c1,False
YJCRRVGQXCVCRC-UHFFFAOYSA-N,1,4.73095,4.73095,,4.73095,4.73095,0.0,0.0,N/C(=N\O)c1cccc(NC(=O)Nc2ccccc2F)c1,False
MREHWTUNQLQCEL-UHFFFAOYSA-N,1,5.76447,5.76447,,5.76447,5.76447,0.0,0.0,N/C(=N\O)c1cccc(NC(=O)Nc2cccc(F)c2)c1,False
PEDICADDHJMWFT-UHFFFAOYSA-N,1,5.12436,5.12436,,5.12436,5.12436,0.0,0.0,N/C(=N\O)c1cccc(NC(=O)Nc2ccc(F)cc2)c1,False
KSDCEQDKOSPJPD-UHFFFAOYSA-N,1,4.7592,4.7592,,4.7592,4.7592,0.0,0.0,N/C(=N\O)c1cccc(NC(=O)Nc2cccc(Cl)c2)c1,False
ZNVXFVLXHQCAGB-UHFFFAOYSA-N,1,4.85078,4.85078,,4.85078,4.85078,0.0,0.0,N/C(=N\O)c1cccc(NC(=O)Nc2ccc(Cl)cc2)c1,False
OQTFUBVKYZTEIG-UHFFFAOYSA-N,1,4.83773,4.83773,,4.83773,4.83773,0.0,0.0,N/C(=N\O)c1cccc(NC(=O)Nc2cccc(Br)c2)c1,False
BEJLQVFGXHJRIW-UHFFFAOYSA-N,1,4.77469,4.77469,,4.77469,4.77469,0.0,0.0,N/C(=N\O)c1cccc(NC(=O)Nc2ccc(Br)cc2)c1,False
IIKODGNWZBMVNX-UHFFFAOYSA-N,1,4.7385,4.7385,,4.7385,4.7385,0.0,0.0,N/C(=N\O)c1cccc(NC(=O)Nc2ccccc2C(F)(F)F)c1,False
MKIWPRSCQBOGAG-UHFFFAOYSA-N,1,4.7693,4.7693,,4.7693,4.7693,0.0,0.0,N/C(=N\O)c1cccc(NC(=O)Nc2cccc(C(F)(F)F)c2)c1,False
AFUBAFHDURQBJV-UHFFFAOYSA-N,1,4.91293,4.91293,,4.91293,4.91293,0.0,0.0,N/C(=N\O)c1cccc(NC(=O)Nc2ccc(C(F)(F)F)cc2)c1,False
FWDAQCRZTVTJOQ-UHFFFAOYSA-N,1,4.91542,4.91542,,4.91542,4.91542,0.0,0.0,N/C(=N\O)c1cccc(NC(=O)Nc2cccc([N+](=O)[O-])c2)c1,False
KFLXOIAAESNRHK-UHFFFAOYSA-N,1,4.78755,4.78755,,4.78755,4.78755,0.0,0.0,N/C(=N\O)c1cccc(NC(=O)Nc2ccc([N+](=O)[O-])cc2)c1,False
YIPGNXOVGLQAOZ-UHFFFAOYSA-N,1,5.20482,5.20482,,5.20482,5.20482,0.0,0.0,N/C(=N\O)c1cccc(NC(=O)Nc2ccc3[nH]ccc3c2)c1,False
BTBUTFQRVMXDKJ-UHFFFAOYSA-N,1,5.24565,5.24565,,5.24565,5.24565,0.0,0.0,N/C(=N\O)c1cccc(NC(=O)Nc2ccc3ncccc3c2)c1,False
KQOOFQFOFRMAQE-UHFFFAOYSA-N,1,5.81248,5.81248,,5.81248,5.81248,0.0,0.0,N/C(=N\O)c1cccc(NC(=O)NCCc2c[nH]c3ccccc23)c1,False
XGALIJCXCLWOJX-UHFFFAOYSA-N,1,5.93554,5.93554,,5.93554,5.93554,0.0,0.0,N/C(=N\O)c1cccc(NC(=O)NCCc2c[nH]c3ccc(Cl)cc23)c1,False
MXWPEPSYKDACAS-UHFFFAOYSA-N,1,6.04096,6.04096,,6.04096,6.04096,0.0,0.0,COc1ccc2[nH]cc(CCNC(=O)Nc3cccc(/C(N)=N/O)c3)c2c1,False
SQNISDDISVNBBL-UHFFFAOYSA-N,1,5.06702,5.06702,,5.06702,5.06702,0.0,0.0,Cc1ccccc1NC(=O)Nc1ccc(/C(N)=N/O)cc1,False
IMCAKSRFVKJJSS-UHFFFAOYSA-N,1,5.03858,5.03858,,5.03858,5.03858,0.0,0.0,COc1cccc(NC(=O)Nc2ccc(/C(N)=N/O)cc2)c1,False
BMQXQEPRPKWAAQ-UHFFFAOYSA-N,1,5.11634,5.11634,,5.11634,5.11634,0.0,0.0,N/C(=N\O)c1ccc(NC(=O)Nc2ccc(Cl)cc2)cc1,False
IXRXSNWNNPQCSW-UHFFFAOYSA-N,1,5.51713,5.51713,,5.51713,5.51713,0.0,0.0,N/C(=N\O)c1ccc(NC(=O)Nc2cccc(F)c2)cc1,False
ZWJFURMVEADFAY-UHFFFAOYSA-N,1,5.19314,5.19314,,5.19314,5.19314,0.0,0.0,N/C(=N\O)c1ccc(NC(=O)Nc2cccc(Br)c2)cc1,False
XYFJWXDKBAAZFU-UHFFFAOYSA-N,1,5.12668,5.12668,,5.12668,5.12668,0.0,0.0,N/C(=N\O)c1ccc(NC(=O)Nc2ccc3[nH]ccc3c2)cc1,False
YFSMREHZFNSCKT-UHFFFAOYSA-N,1,5.15864,5.15864,,5.15864,5.15864,0.0,0.0,N/C(=N\O)c1ccc(NC(=O)Nc2ccc3ncccc3c2)cc1,False
NBBMOQUVVXDZLD-IYULWFGRSA-N,1,5.23359,5.23359,,5.23359,5.23359,0.0,0.0,C[C@@H]1CC[C@]2(C(=O)O)CC[C@]3(C)C(=CC[C@@H]4[C@@]5(C)C[C@@H](OC(=O)CCc6ccccc6)[C@H](OC(=O)CCc6ccccc6)[C@@](C)(CO)[C@@H]5CC[C@]43C)[C@@H]2[C@]1(C)O,False
ZGCHNJNCUKCWNN-YVKLSYLTSA-N,1,4.93742,4.93742,,4.93742,4.93742,0.0,0.0,C[C@@H]1CC[C@]2(C(=O)O)CC[C@]3(C)C(=CC[C@@H]4[C@@]5(C)C[C@@H](OC(=O)CCc6ccccc6)[C@H](O)[C@@](C)(CO)[C@@H]5CC[C@]43C)[C@@H]2[C@]1(C)O,False
LGSRNTPICNIHBH-WHMWSXRXSA-N,1,4.26528,4.26528,,4.26528,4.26528,0.0,0.0,C[C@@H]1CC[C@]2(C(=O)O)CC[C@]3(C)C(=CC[C@@H]4[C@@]5(C)C[C@@H](OC(=O)c6ccc(Cl)cc6)[C@H](O)[C@@](C)(CO)[C@@H]5CC[C@]43C)[C@@H]2[C@]1(C)OC(=O)c1ccc(Cl)cc1,False
SXRDWSDUGPXYNH-WHMWSXRXSA-N,1,4.67428,4.67428,,4.67428,4.67428,0.0,0.0,C[C@@H]1CC[C@]2(C(=O)O)CC[C@]3(C)C(=CC[C@@H]4[C@@]5(C)C[C@@H](OC(=O)c6ccc(Cl)cc6)[C@H](OC(=O)c6ccc(Cl)cc6)[C@@](C)(CO)[C@@H]5CC[C@]43C)[C@@H]2[C@]1(C)O,False
CIQALIQNQDOXMD-KVYUTAICSA-N,1,5.22841,5.22841,,5.22841,5.22841,0.0,0.0,C[C@@H]1CC[C@]2(C(=O)O)CC[C@]3(C)C(=CC[C@@H]4[C@@]5(C)C[C@@H](OC(=O)c6ccc(Cl)cc6)[C@H](OC(=O)c6ccc(Cl)cc6)[C@@](C)(COC(=O)c6ccc(Cl)cc6)[C@@H]5CC[C@]43C)[C@@H]2[C@]1(C)O,False
MSXZLGXPYUMUQE-UQGUBLCDSA-N,1,4.0,4.0,,4.0,4.0,0.0,0.0,C[C@@H]1CC[C@]2(C(=O)O)CC[C@]3(C)C(=CC[C@@H]4[C@@]5(C)C[C@@H](O)[C@H](OC(=O)c6ccc(C(F)(F)F)cc6)[C@@](C)(CO)[C@@H]5CC[C@]43C)[C@@H]2[C@]1(C)O,False
VNODJILOURGGTL-WHMWSXRXSA-N,1,4.36261,4.36261,,4.36261,4.36261,0.0,0.0,C[C@@H]1CC[C@]2(C(=O)O)CC[C@]3(C)C(=CC[C@@H]4[C@@]5(C)C[C@@H](OC(=O)c6ccc(C(F)(F)F)cc6)[C@H](OC(=O)c6ccc(C(F)(F)F)cc6)[C@@](C)(CO)[C@@H]5CC[C@]43C)[C@@H]2[C@]1(C)O,False
HCGRJEHMIWUJIL-RVRKMMEWSA-N,1,4.19723,4.19723,,4.19723,4.19723,0.0,0.0,COc1ccc(C(=O)O[C@]2(C)[C@H](C)CC[C@]3(C(=O)O)CC[C@]4(C)C(=CC[C@@H]5[C@@]6(C)C[C@@H](O)[C@H](O)[C@@](C)(CO)[C@@H]6CC[C@]54C)[C@@H]32)cc1,False
AMJUKRUOTDSJHU-YLPCKHCBSA-N,1,4.0,4.0,,4.0,4.0,0.0,0.0,C[C@@H]1CC[C@]2(C(=O)O)CC[C@]3(C)C(=CC[C@@H]4[C@@]5(C)C[C@@H](O)OCC(C)(C=O)[C@@H]5CC[C@]43C)[C@@H]2[C@]1(C)O,False
LYFYQLYTFIRDKP-HYUJUATISA-N,1,4.0,4.0,,4.0,4.0,0.0,0.0,C[C@@H]1CC[C@]2(C(=O)O)CC[C@]3(C)C(=CC[C@@H]4[C@@]5(C)C(C=O)=C[C@@](C)(CO)[C@@H]5CC[C@]43C)[C@@H]2[C@]1(C)O,False
CJJHRDZIKJDVFG-IMHFJOOTSA-N,1,4.14321,4.14321,,4.14321,4.14321,0.0,0.0,C[C@@H]1CC[C@]2(C(=O)O)CC[C@]3(C)C(=CC[C@@H]4[C@@]5(C)C(C=O)=C[C@@](C)(COC(=O)c6ccc(F)cc6)[C@@H]5CC[C@]43C)[C@@H]2[C@]1(C)O,False
PDANAINKAFUCSX-UPAHZGNGSA-N,1,4.0,4.0,,4.0,4.0,0.0,0.0,C[C@@H]1CC[C@]2(C(=O)O)CC[C@]3(C)C(=CC[C@@H]4[C@@]5(C)C(C=O)=C[C@@](C)(COC(=O)c6ccc(Cl)cc6)[C@@H]5CC[C@]43C)[C@@H]2[C@]1(C)OC(=O)c1ccc(Cl)cc1,False
XGXKDTAGEAKZNF-IMHFJOOTSA-N,1,4.0,4.0,,4.0,4.0,0.0,0.0,C[C@@H]1CC[C@]2(C(=O)O)CC[C@]3(C)C(=CC[C@@H]4[C@@]5(C)C(C=O)=C[C@@](C)(COC(=O)c6ccc(C(F)(F)F)cc6)[C@@H]5CC[C@]43C)[C@@H]2[C@]1(C)O,False
TZMBTMVKXILRQZ-NGGUZKLUSA-N,1,4.15348,4.15348,,4.15348,4.15348,0.0,0.0,COc1ccc(C(=O)OC[C@]2(C)C=C(C=O)[C@@]3(C)[C@H]2CC[C@]2(C)[C@@H]3CC=C3[C@H]4[C@](C(=O)O)(CC[C@@H](C)[C@@]4(C)OC(=O)c4ccc(OC)cc4)CC[C@]32C)cc1,False
XCNRFFABUVJGJY-KBPAOHIASA-N,1,4.0,4.0,,4.0,4.0,0.0,0.0,COc1ccc(C(=O)O[C@]2(C)[C@H](C)CC[C@]3(C(=O)O)CC[C@]4(C)C(=CC[C@@H]5[C@@]6(C)C(C=O)=C[C@@](C)(CO)[C@@H]6CC[C@]54C)[C@@H]32)cc1,False
REMUSKDIWICECL-QYEIZZHZSA-N,1,4.0,4.0,,4.0,4.0,0.0,0.0,CCCC(=O)OC[C@]1(C)C=C(C=O)[C@@]2(C)[C@H]1CC[C@]1(C)[C@@H]2CC=C2[C@H]3[C@](C(=O)O)(CC[C@@H](C)[C@@]3(C)O)CC[C@]21C,False
JJEZBYYXSAOLCW-WCWFTAODSA-N,1,4.0,4.0,,4.0,4.0,0.0,0.0,CCCCCC(=O)OC[C@]1(C)C=C(C=O)[C@@]2(C)[C@H]1CC[C@]1(C)[C@@H]2CC=C2[C@H]3[C@](C(=O)O)(CC[C@@H](C)[C@@]3(C)O)CC[C@]21C,False
JZGBDPINVCZWRP-UHBSLHIRSA-N,1,4.33498,4.33498,,4.33498,4.33498,0.0,0.0,C[C@@H]1CC[C@]2(C(=O)O)CC[C@]3(C)C(=CC[C@@H]4[C@@]5(C)C(C=O)=C[C@@](C)(COC(=O)CCc6ccccc6)[C@@H]5CC[C@]43C)[C@@H]2[C@]1(C)O,False
PFBYDACNSVMMCR-YPHQRDJKSA-N,1,4.0,4.0,,4.0,4.0,0.0,0.0,C[C@@H]1CC[C@]2(C(=O)NCc3ccccc3F)CC[C@]3(C)C(=CC[C@@H]4[C@@]5(C)C[C@@H](O)[C@H](O)[C@@](C)(CO)[C@@H]5CC[C@]43C)[C@@H]2[C@]1(C)O,False
KXCVBAMJRXIFTH-YPHQRDJKSA-N,1,4.0,4.0,,4.0,4.0,0.0,0.0,C[C@@H]1CC[C@]2(C(=O)NCc3cccc(F)c3)CC[C@]3(C)C(=CC[C@@H]4[C@@]5(C)C[C@@H](O)[C@H](O)[C@@](C)(CO)[C@@H]5CC[C@]43C)[C@@H]2[C@]1(C)O,False
RFTZWUAXXRLHJE-YPHQRDJKSA-N,1,4.0,4.0,,4.0,4.0,0.0,0.0,C[C@@H]1CC[C@]2(C(=O)NCc3ccc(F)cc3)CC[C@]3(C)C(=CC[C@@H]4[C@@]5(C)C[C@@H](O)[C@H](O)[C@@](C)(CO)[C@@H]5CC[C@]43C)[C@@H]2[C@]1(C)O,False
TXDGAIVYTXJVGV-YPHQRDJKSA-N,1,5.4318,5.4318,,5.4318,5.4318,0.0,0.0,C[C@@H]1CC[C@]2(C(=O)NCc3ccccc3Cl)CC[C@]3(C)C(=CC[C@@H]4[C@@]5(C)C[C@@H](O)[C@H](O)[C@@](C)(CO)[C@@H]5CC[C@]43C)[C@@H]2[C@]1(C)O,False
WBFQCTPJPTXVKN-YPHQRDJKSA-N,1,4.20073,4.20073,,4.20073,4.20073,0.0,0.0,C[C@@H]1CC[C@]2(C(=O)NCc3cccc(Cl)c3)CC[C@]3(C)C(=CC[C@@H]4[C@@]5(C)C[C@@H](O)[C@H](O)[C@@](C)(CO)[C@@H]5CC[C@]43C)[C@@H]2[C@]1(C)O,False
CMVLSTWVSMQGCH-YPHQRDJKSA-N,1,4.18856,4.18856,,4.18856,4.18856,0.0,0.0,C[C@@H]1CC[C@]2(C(=O)NCc3ccc(Cl)cc3)CC[C@]3(C)C(=CC[C@@H]4[C@@]5(C)C[C@@H](O)[C@H](O)[C@@](C)(CO)[C@@H]5CC[C@]43C)[C@@H]2[C@]1(C)O,False
ZYIAFVKOWZCQND-YPHQRDJKSA-N,1,4.32148,4.32148,,4.32148,4.32148,0.0,0.0,C[C@@H]1CC[C@]2(C(=O)NCc3ccccc3Br)CC[C@]3(C)C(=CC[C@@H]4[C@@]5(C)C[C@@H](O)[C@H](O)[C@@](C)(CO)[C@@H]5CC[C@]43C)[C@@H]2[C@]1(C)O,False
XMLHIJMXFHFTSK-YPHQRDJKSA-N,1,4.10774,4.10774,,4.10774,4.10774,0.0,0.0,C[C@@H]1CC[C@]2(C(=O)NCc3cccc(Br)c3)CC[C@]3(C)C(=CC[C@@H]4[C@@]5(C)C[C@@H](O)[C@H](O)[C@@](C)(CO)[C@@H]5CC[C@]43C)[C@@H]2[C@]1(C)O,False
PFAMGZYFUOEAJX-YPHQRDJKSA-N,1,4.0733,4.0733,,4.0733,4.0733,0.0,0.0,C[C@@H]1CC[C@]2(C(=O)NCc3ccc(Br)cc3)CC[C@]3(C)C(=CC[C@@H]4[C@@]5(C)C[C@@H](O)[C@H](O)[C@@](C)(CO)[C@@H]5CC[C@]43C)[C@@H]2[C@]1(C)O,False
NRGLMWNZDYHTJM-SODLRZQISA-N,1,4.0,4.0,,4.0,4.0,0.0,0.0,CCCCCCNC(=O)[C@]12CC[C@@H](C)[C@@](C)(O)[C@H]1C1=CC[C@@]3(C)[C@@](C)(CC[C@H]4[C@](C)(CO)[C@@H](O)[C@H](O)C[C@@]43C)[C@]1(C)CC2,False
KMZOXPAWXZSZFU-NMYCSXQISA-N,1,4.09458,4.09458,,4.09458,4.09458,0.0,0.0,C[C@@H]1CC[C@]2(C(=O)NC3CCCCC3)CC[C@]3(C)C(=CC[C@@H]4[C@@]5(C)C[C@@H](O)[C@H](O)[C@@](C)(CO)[C@@H]5CC[C@]43C)[C@@H]2[C@]1(C)O,False
RNNCKPDFRLHMCS-GFZNETOHSA-N,1,4.18649,4.18649,,4.18649,4.18649,0.0,0.0,C[C@@H]1CC[C@]2(C(=O)NCc3ccccc3)CC[C@]3(C)C(=CC[C@@H]4[C@@]5(C)C[C@@H](O)[C@H](O)[C@@](C)(CO)[C@@H]5CC[C@]43C)[C@@H]2[C@]1(C)O,False
QFOIMIWUPPSIIC-OPVARUCQSA-N,1,4.0,4.0,,4.0,4.0,0.0,0.0,C[C@@H]1CC[C@]2(C(=O)NCCc3ccc(Cl)c(Cl)c3)CC[C@]3(C)C(=CC[C@@H]4[C@@]5(C)C[C@@H](O)[C@H](O)[C@@](C)(CO)[C@@H]5CC[C@]43C)[C@@H]2[C@]1(C)O,False
QIBKHIFMRAYRTB-ALZBUPMTSA-N,1,4.29005,4.29005,,4.29005,4.29005,0.0,0.0,C[C@@H]1CC[C@]2(C(=O)NCCc3c[nH]c4ccccc34)CC[C@]3(C)C(=CC[C@@H]4[C@@]5(C)C[C@@H](O)[C@H](O)[C@@](C)(CO)[C@@H]5CC[C@]43C)[C@@H]2[C@]1(C)O,False
YCOKATFNRPZIIU-NIZSJLHKSA-N,1,4.63451,4.63451,,4.63451,4.63451,0.0,0.0,C[C@@H]1CC[C@]2(C(=O)O)CC[C@]3(C)C(=CC[C@@H]4[C@@]5(C)C[C@@H](O)[C@H](O)[C@@](C)(CO)[C@@H]5CC[C@]43C)[C@@H]2[C@]1(C)O,False
RYKFYEQANBUUEN-UHFFFAOYSA-N,1,7.63078,7.63078,,7.63078,7.63078,0.0,0.0,CN(C)CCN1CCN(Cc2ccc(C(=O)Nc3nc4ccccc4s3)cc2)CC1,False
YQMJQJOYEWGACW-UHFFFAOYSA-N,1,5.06098,5.06098,,5.06098,5.06098,0.0,0.0,COc1ccc(C2CC(c3ccc(O)cc3)=NN2c2nc3ccc(C)cc3s2)cc1OC,False
QZCKEKPPUXNPET-MDWZMJQESA-N,1,7.14874,7.14874,,7.14874,7.14874,0.0,0.0,O=C(/C=C/c1ccc(-c2ccccc2)cc1)Nc1nc2ccc(O)cc2s1,False
GFWJHRQPQKLTHW-HMVFGEFZSA-N,1,4.0,4.0,,4.0,4.0,0.0,0.0,CC1=CC(=O)[C@@](C)(O)C(=O)/C1=C\Nc1ccccc1,False
GFWJHRQPQKLTHW-LMRWQKIVSA-N,1,4.0,4.0,,4.0,4.0,0.0,0.0,CC1=CC(=O)[C@](C)(O)C(=O)/C1=C\Nc1ccccc1,False
VDYFLXKKXFAYAX-PZNLSKEWSA-N,1,4.0,4.0,,4.0,4.0,0.0,0.0,CC1=CC(=O)[C@@](C)(O)C(=O)/C1=C\Nc1ccc(Cc2ccccc2)cc1,False
VDYFLXKKXFAYAX-DJAVKIJBSA-N,1,5.34679,5.34679,,5.34679,5.34679,0.0,0.0,CC1=CC(=O)[C@](C)(O)C(=O)/C1=C\Nc1ccc(Cc2ccccc2)cc1,False
VHLWVQFOBACWEY-DUBROFONSA-N,1,4.0,4.0,,4.0,4.0,0.0,0.0,CC1=CC(=O)[C@@](C)(O)C(=O)/C1=C\Nc1ccc(Oc2ccc(C)cc2)cc1,False
VHLWVQFOBACWEY-QUYTYNJFSA-N,1,4.0,4.0,,4.0,4.0,0.0,0.0,CC1=CC(=O)[C@](C)(O)C(=O)/C1=C\Nc1ccc(Oc2ccc(C)cc2)cc1,False
MWEFHCNPTDFYSH-SARUNTBLSA-N,1,4.0,4.0,,4.0,4.0,0.0,0.0,CC1=CC(=O)[C@@](C)(O)C(=O)/C1=C\Nc1ccc(Oc2ccc(Cl)cc2)cc1,False
MWEFHCNPTDFYSH-CNEDASOKSA-N,1,4.0,4.0,,4.0,4.0,0.0,0.0,CC1=CC(=O)[C@](C)(O)C(=O)/C1=C\Nc1ccc(Oc2ccc(Cl)cc2)cc1,False
WLGGPSZQVOCVMC-SARUNTBLSA-N,1,4.0,4.0,,4.0,4.0,0.0,0.0,CC1=CC(=O)[C@@](C)(O)C(=O)/C1=C\Nc1ccc(Oc2ccc([N+](=O)[O-])cc2)cc1,False
WLGGPSZQVOCVMC-CNEDASOKSA-N,1,4.16685,4.16685,,4.16685,4.16685,0.0,0.0,CC1=CC(=O)[C@](C)(O)C(=O)/C1=C\Nc1ccc(Oc2ccc([N+](=O)[O-])cc2)cc1,False
NBNKVDHBVUNWQJ-DUBROFONSA-N,1,5.3279,5.3279,,5.3279,5.3279,0.0,0.0,CC1=CC(=O)[C@@](C)(O)C(=O)/C1=C\Nc1ccc(Oc2ccc(C#N)cc2)cc1,False
NBNKVDHBVUNWQJ-QUYTYNJFSA-N,1,4.61261,4.61261,,4.61261,4.61261,0.0,0.0,CC1=CC(=O)[C@](C)(O)C(=O)/C1=C\Nc1ccc(Oc2ccc(C#N)cc2)cc1,False
QBZOAKYEAJNPFG-SARUNTBLSA-N,1,4.0,4.0,,4.0,4.0,0.0,0.0,CC1=CC(=O)[C@@](C)(O)C(=O)/C1=C\Nc1ccc(Oc2cccc(F)c2)cc1,False
QBZOAKYEAJNPFG-CNEDASOKSA-N,1,4.0,4.0,,4.0,4.0,0.0,0.0,CC1=CC(=O)[C@](C)(O)C(=O)/C1=C\Nc1ccc(Oc2cccc(F)c2)cc1,False
MYFMLWCQCGTXER-UHFFFAOYSA-N,1,5.0,5.0,,5.0,5.0,0.0,0.0,CCN(C)C(=O)Oc1ccc(C(=O)N2CCC(Cc3ccccc3)CC2)cc1OC,False
SIOZWLOYQCNDGH-UHFFFAOYSA-N,1,6.04576,6.04576,,6.04576,6.04576,0.0,0.0,CN(CCCOc1ccc([N+](=O)[O-])cc1)C(=O)c1cnc(N2CCN(c3ccc(C(=O)N4CCOCC4)cc3[N+](=O)[O-])CC2)nc1,False
HSTIQTQFKBPUBM-UHFFFAOYSA-N,1,5.13668,5.13668,,5.13668,5.13668,0.0,0.0,CCN(CCCCCn1c(C)cc(=O)n(CCCCCN(CC)Cc2ccccc2C#N)c1=O)Cc1ccccc1C#N,False
ICWVHRHWKAJGOS-UHFFFAOYSA-N,1,6.5376,6.5376,,6.5376,6.5376,0.0,0.0,CCN(CCCCCn1c(C)cc(=O)n(CCCCCN(CC)Cc2cccc(C(=O)OC)c2)c1=O)Cc1cccc(C(=O)OC)c1,False
DXWIIXFZDFWOBL-UHFFFAOYSA-N,1,8.33255,8.33255,,8.33255,8.33255,0.0,0.0,Cc1ccc(O)c(CNc2c(N)n(C)c(=O)n(C)c2=O)c1,False
MINIKUTUYGZASU-UHFFFAOYSA-N,1,5.39362,5.39362,,5.39362,5.39362,0.0,0.0,N#CC1C(N)N2CCCNC2C(C#N)C12C(=O)Nc1ccccc12,False
VKTITBMEXWPSIN-UHFFFAOYSA-N,1,5.2426,5.2426,,5.2426,5.2426,0.0,0.0,COc1cccc(-c2nc(SCCCSc3nc(N)c(C#N)c(-c4cccc(OC)c4)n3)nc(N)c2C#N)c1,False
XRECENIWOQQMGF-UHFFFAOYSA-N,1,6.36653,6.36653,,6.36653,6.36653,0.0,0.0,Cc1cccc(-c2nccc(N3CCOCC3)n2)c1,False
MWHDDAMRRCZZNY-UHFFFAOYSA-N,1,7.08619,7.08619,,7.08619,7.08619,0.0,0.0,CCOC(=O)C1=C(C)N=C2SC(c3ccc([N+](=O)[O-])cc3)=NN2C1c1ccc(C=O)cn1,False
NFOULVLFLSISCN-UHFFFAOYSA-N,1,5.14206,5.14206,,5.14206,5.14206,0.0,0.0,C#CCNc1ccc(-c2cc(-c3ccc(OCCN4CCOCC4)cc3)nc(N)n2)cc1,False
LPWBTWLCFUQWQL-NTUHNPAUSA-N,1,6.00877,6.00877,,6.00877,6.00877,0.0,0.0,COc1cc(/C=C/C(=O)c2ccc(OCCN3CCCC3)cc2)ccc1OCc1nc(C)c(C)nc1C,False
YTEJFLYQWQWIGO-APTRMMRNSA-N,1,6.66154,6.66154,,6.66154,6.66154,0.0,0.0,COC(=O)C1=CO[C@H](OC)[C@H]2C(CN3CCN(Cc4nc(C)c(C)nc4C)CC3)=CC[C@@H]12,False
DTEKLVZCVUXGIS-UHFFFAOYSA-N,1,5.66555,5.66555,,5.66555,5.66555,0.0,0.0,CCOC(=O)c1c(OC(=O)c2ccccc2)sc2c1CCCCC2,False
GGRKGHDNZLXMDB-UHFFFAOYSA-N,1,5.97881,5.97881,,5.97881,5.97881,0.0,0.0,CCOC(=O)c1c(OC(=O)c2ccc(Cl)cc2)sc2c1CCCCC2,False
MRZODELYPSRORZ-UHFFFAOYSA-N,1,6.29243,6.29243,,6.29243,6.29243,0.0,0.0,O=C1c2c(sc3c2CCCCC3)OC(c2ccccc2)N1c1ccccc1,False
JHSLDXCFEZQUAS-UHFFFAOYSA-N,1,5.02319,5.02319,,5.02319,5.02319,0.0,0.0,O=C1c2c(sc3c2CCCCC3)OC(c2ccccc2)N1c1ccc(Cl)cc1,False
FPQGVNQRNNZNBG-UHFFFAOYSA-N,1,5.39254,5.39254,,5.39254,5.39254,0.0,0.0,COc1ccc(N2C(=O)c3c(sc4c3CCCCC4)OC2c2ccccc2)cc1,False
RSEZPTUSUAZTRM-UHFFFAOYSA-N,1,6.25964,6.25964,,6.25964,6.25964,0.0,0.0,O=C1c2c(sc3c2CCCCC3)OC(c2ccc(Cl)cc2)N1c1ccccc1,False
FWOXSNHURMDZPC-UHFFFAOYSA-N,1,4.89963,4.89963,,4.89963,4.89963,0.0,0.0,O=C1c2c(sc3c2CCCCC3)OC(c2ccc(Cl)cc2)N1c1ccc(Cl)cc1,False
CUMYADKGBACRPS-UHFFFAOYSA-N,1,5.50307,5.50307,,5.50307,5.50307,0.0,0.0,COc1ccc(N2C(=O)c3c(sc4c3CCCCC4)OC2c2ccc(Cl)cc2)cc1,False
NYKKDKAYLYOYOO-QECWJDIYSA-N,1,6.22081,6.22081,,6.22081,6.22081,0.0,0.0,COc1ccc2c3c1O[C@H]1C[C@@H](OC(=O)NC4CCN(Cc5cccc(C(F)(F)F)c5)CC4)C=C[C@@]31CCN(C)C2,False
CPURJSRAAXYWPA-UUOHFWCXSA-N,1,5.91937,5.91937,,5.91937,5.91937,0.0,0.0,COc1ccc2c3c1O[C@H]1C[C@@H](OC(=O)NC4CCN(Cc5ccc(F)cc5F)CC4)C=C[C@@]31CCN(C)C2,False
YZXMINZUVZEFFI-QECWJDIYSA-N,1,6.39862,6.39862,,6.39862,6.39862,0.0,0.0,COc1ccc2c3c1O[C@H]1C[C@@H](OC(=O)NC4CCN(Cc5ccc(F)cc5)CC4)C=C[C@@]31CCN(C)C2,False
ILWUWKPNIBAOMC-QECWJDIYSA-N,1,6.37782,6.37782,,6.37782,6.37782,0.0,0.0,COc1ccc2c3c1O[C@H]1C[C@@H](OC(=O)NC4CCN(Cc5cccc(F)c5)CC4)C=C[C@@]31CCN(C)C2,False
SNXZMMVSUAKHAR-UUOHFWCXSA-N,1,6.39169,6.39169,,6.39169,6.39169,0.0,0.0,COc1ccc2c3c1O[C@H]1C[C@@H](OC(=O)NC4CCN(Cc5ccccc5F)CC4)C=C[C@@]31CCN(C)C2,False
AUHJFZLZTXKJNB-QECWJDIYSA-N,1,6.432,6.432,,6.432,6.432,0.0,0.0,COc1ccc2c3c1O[C@H]1C[C@@H](OC(=O)NC4CCN(Cc5ccccc5)CC4)C=C[C@@]31CCN(C)C2,False
PTCNMYXGOLNTLR-QECWJDIYSA-N,1,6.3457,6.3457,,6.3457,6.3457,0.0,0.0,COc1ccc2c3c1O[C@H]1C[C@@H](OC(=O)NC4CCN(Cc5ccc(OC(F)(F)F)cc5)CC4)C=C[C@@]31CCN(C)C2,False
WEETWEFAKIXOIK-LFERIPGTSA-N,1,6.28912,6.28912,,6.28912,6.28912,0.0,0.0,COc1ccc2c3c1O[C@H]1C[C@@H](OCc4ccc(Cc5ccccc5F)cn4)C=C[C@@]31CCN(C)C2,False
MMIXUHHAJDIRID-XXJPWZBZSA-N,1,5.47031,5.47031,,5.47031,5.47031,0.0,0.0,COc1ccc2c3c1O[C@H]1C[C@@H](OCc4ccc(Cc5cccc(Cl)c5)cn4)C=C[C@@]31CCN(C)C2,False
YQWGVRQOBGYNKV-HOMRVSDPSA-N,1,5.49512,5.49512,,5.49512,5.49512,0.0,0.0,COc1ccccc1Cc1ccc(CO[C@H]2C=C[C@@]34CCN(C)Cc5ccc(OC)c(c53)O[C@H]4C2)nc1,False
AEQVJPPDDFGNIU-CMDGGOBGSA-N,1,7.09691,7.09691,,7.09691,7.09691,0.0,0.0,Nc1ccccc1C(=O)/C=C/c1cccc(Cl)c1Cl,False
XNPHTXPHEGWNFI-MDZDMXLPSA-N,1,6.26761,6.26761,,6.26761,6.26761,0.0,0.0,Nc1ccccc1C(=O)/C=C/c1cnc2ccccc2c1,False
IQLSOKDRIXLPJB-SOFGYWHQSA-N,1,5.91364,5.91364,,5.91364,5.91364,0.0,0.0,CSc1ccc(/C=C/C(=O)c2ccccc2N)cn1,False
IXDQKTZMNIYQDV-CMDGGOBGSA-N,1,5.53462,5.53462,,5.53462,5.53462,0.0,0.0,Cc1ccc(/C=C/C(=O)c2ccccc2N)cn1,False
KPRFSOUAOXESRX-AATRIKPKSA-N,1,5.38091,5.38091,,5.38091,5.38091,0.0,0.0,Nc1ccccc1C(=O)/C=C/c1cnc2c(c1)OCO2,False
GACQEEWWCJDXID-FNORWQNLSA-N,1,4.72079,4.72079,,4.72079,4.72079,0.0,0.0,Nc1ccccc1C(=O)/C=C/c1ccc(Cl)nc1,False
NYNMRLANANUXLT-UHFFFAOYSA-N,1,8.20066,8.20066,,8.20066,8.20066,0.0,0.0,COc1nc(-c2ccnc(NC(=O)C3CC3)c2)sc1C(=O)NCNc1c2c(nc3ccccc13)CCCC2,False
STXASRHDDYKCPI-UHFFFAOYSA-N,1,9.0655,9.0655,,9.0655,9.0655,0.0,0.0,c1ccc2oc(CNCCCCCCCNc3c4c(cc5ccccc35)CCCC4)cc2c1,False
LLNZCYJMOMQYIU-UHFFFAOYSA-N,1,7.29158,7.29158,,7.29158,7.29158,0.0,0.0,Cn1c(NCCCCCCCNc2c3c(nc4cc(Cl)ccc24)CCCC3)nc(-c2ccncc2F)cc1=O,False
LUJPPSLEDAYBGR-WDOOIYNRSA-N,1,8.93554,8.93554,,8.93554,8.93554,0.0,0.0,COc1ccc2c3c1O[C@H]1C[C@@H](O)C=C[C@@]31CCN(CCCCCCNC13CC4CC(C)(CC(C)(C4)C1)C3)C2,False
DXGCSAOQHFFGGC-UHFFFAOYSA-N,1,6.83863,6.83863,,6.83863,6.83863,0.0,0.0,COc1ccc(NC(=O)C2CCN(Cc3ccccc3)CC2)cc1OC,False
GHZDLPVAVLQUAL-UHFFFAOYSA-N,1,6.8041,6.8041,,6.8041,6.8041,0.0,0.0,COc1ccccc1NC(=O)C1CCN(Cc2ccccc2)CC1,False
GJFMBUUKNHBDOX-UHFFFAOYSA-N,1,6.78252,6.78252,,6.78252,6.78252,0.0,0.0,COc1ccc(NC(=O)C2CCN(Cc3ccccc3)CC2)cc1,False
XNXNRZFIGBVNIX-FRKPEAEDSA-N,1,7.69897,7.69897,,7.69897,7.69897,0.0,0.0,O=C(N/N=C/c1ccc([N+](=O)[O-])cc1)c1ccc(Cl)nc1,False
RVJDPMYILZZLAX-QGMBQPNBSA-N,1,7.52288,7.52288,,7.52288,7.52288,0.0,0.0,COc1ccc(/C=N/NC(=O)c2ccc(Cl)nc2)cc1OC,False
VUSRJYGQLGCFOE-QGMBQPNBSA-N,1,7.52288,7.52288,,7.52288,7.52288,0.0,0.0,CCOc1cc(/C=N/NC(=O)c2ccc(Cl)nc2)ccc1O,False
HSPQJQFVTHHXMB-QGMBQPNBSA-N,1,7.0,7.0,,7.0,7.0,0.0,0.0,COC(=O)c1ccc(/C=N/NC(=O)c2ccc(Cl)nc2)cc1,False
QSMHEQGZTCFPPH-REZTVBANSA-N,1,7.52288,7.52288,,7.52288,7.52288,0.0,0.0,COc1cc(/C=N/NC(=O)c2ccc(Cl)nc2)ccc1O,False
DQFBYFPFKXHELB-VAWYXSNFSA-N,1,4.54975,4.54975,,4.54975,4.54975,0.0,0.0,O=C(/C=C/c1ccccc1)c1ccccc1,False
MFLSRHQHCDTOGH-VQHVLOKHSA-N,1,4.55284,4.55284,,4.55284,4.55284,0.0,0.0,COc1ccc(/C=C/C(=O)c2ccccc2O)cc1OC,False
CXAJAAIHVWRPHS-UHFFFAOYSA-N,1,6.5376,6.5376,,6.5376,6.5376,0.0,0.0,O=c1[nH]c(CNCCC2CCN(Cc3ccccc3)CC2)nc2c1cnn2C1CCCC1,False
XRWWKTGWAYEHQQ-UHFFFAOYSA-N,1,7.39794,7.39794,,7.39794,7.39794,0.0,0.0,O=c1[nH]c(CCCCC2CCN(Cc3ccccc3)CC2)nc2c1cnn2C1CCCC1,False
XSGOZBYZVQPPHR-STZFKDTASA-N,1,5.57349,5.57349,,5.57349,5.57349,0.0,0.0,COc1ccccc1/C=C1\Oc2cc(OCCN3CCCC3)ccc2C1=O,False
MVEDATNTJMFOJM-STZFKDTASA-N,1,5.80688,5.80688,,5.80688,5.80688,0.0,0.0,COc1ccc(/C=C2\Oc3cc(OCCN4CCCC4)ccc3C2=O)c(OC)c1OC,False
PHWJALMIXUGHCL-UHFFFAOYSA-N,1,5.03953,5.03953,,5.03953,5.03953,0.0,0.0,O=C(CN1CCC(Cc2ccccc2)CC1)c1ccc2ccccc2c1,False
RCDAJHPCKSOXIC-UHFFFAOYSA-N,1,6.4318,6.4318,,6.4318,6.4318,0.0,0.0,O=C(NCCC1CCN(Cc2ccccc2)CC1)c1coc2cc(OCc3ccccc3)ccc2c1=O,False
STRXWCGIRKOBGT-UHFFFAOYSA-N,1,5.14026,5.14026,,5.14026,5.14026,0.0,0.0,C#CCOc1c(CN2CCOCC2)cc(-c2cc(=O)c3ccccc3o2)cc1OC,False
CZGPGJGGQHEQFM-UHFFFAOYSA-N,1,5.51004,5.51004,,5.51004,5.51004,0.0,0.0,C#CCOc1c(CN2CCCCC2)cc(-c2cc(=O)c3ccccc3o2)cc1OC,False
WBEHBIFSMVNWHM-UHFFFAOYSA-N,1,5.21896,5.21896,,5.21896,5.21896,0.0,0.0,C#CCCOc1c(CN2CCOCC2)cc(-c2cc(=O)c3ccccc3o2)cc1OCC,False
HMFOFRTZLXXKDW-UHFFFAOYSA-N,1,5.70774,5.70774,,5.70774,5.70774,0.0,0.0,C#CCCCOc1c(CN2CCCCC2)cc(-c2cc(=O)c3ccccc3o2)cc1OCC,False
QZBBNYNORVHCNE-UHFFFAOYSA-N,1,5.42713,5.42713,,5.42713,5.42713,0.0,0.0,C#CCOc1c(CN2CCOCC2)cc(-c2cc(=O)c3ccccc3o2)cc1CN1CCOCC1,False
HGALWJPXVZVXHS-UHFFFAOYSA-N,1,5.47108,5.47108,,5.47108,5.47108,0.0,0.0,C#CCCCOc1c(CN2CCOCC2)cc(-c2cc(=O)c3ccccc3o2)cc1CN1CCOCC1,False
CRZZKTYQBUPALN-UHFFFAOYSA-N,1,5.65956,5.65956,,5.65956,5.65956,0.0,0.0,C#CCOc1ccc(-c2cc(=O)c3ccccc3o2)cc1CN1CCOCC1,False
GJVZRJZSQMLPEU-UHFFFAOYSA-N,1,6.20412,6.20412,,6.20412,6.20412,0.0,0.0,C#CCCCOc1ccc(-c2cc(=O)c3ccccc3o2)cc1CN1CCCCC1,False
WEXWONJFNUSMEA-UHFFFAOYSA-N,1,5.88273,5.88273,,5.88273,5.88273,0.0,0.0,C#CCCCOc1c(CN2CCCCC2)cc(-c2cc(=O)c3ccccc3o2)cc1CN1CCCCC1,False
XCQXJBIRRORJNV-UHFFFAOYSA-N,1,5.23582,5.23582,,5.23582,5.23582,0.0,0.0,C#CCCCOc1c(CN2CCN(Cc3ccccc3)CC2)cc(-c2cc(=O)c3ccccc3o2)cc1OC,False
YQTQZASFSMZOSP-UHFFFAOYSA-N,1,5.09259,5.09259,,5.09259,5.09259,0.0,0.0,C#CCCCOc1c(CN2CCc3ccccc3C2)cc(-c2cc(=O)c3ccccc3o2)cc1OC,False
UGBXIPMDUULQBN-UHFFFAOYSA-N,1,5.92849,5.92849,,5.92849,5.92849,0.0,0.0,Nc1c2c(nc3ccc(-c4ccncc4)cc13)CCCC2,False
WMLCFSPODJQACH-UHFFFAOYSA-N,1,6.16941,6.16941,,6.16941,6.16941,0.0,0.0,COc1cc(-c2ccc3nc4c(c(N)c3c2)CCCC4)ccn1,False
VRJZVNNGDODWAH-UHFFFAOYSA-N,1,6.54212,6.54212,,6.54212,6.54212,0.0,0.0,Nc1c2c(nc3ccc(-c4ccc(Cl)nc4)cc13)CCCC2,False
IRECKSKASFTPJH-UHFFFAOYSA-N,1,6.04576,6.04576,,6.04576,6.04576,0.0,0.0,Nc1c2c(nc3ccc(-c4ccc(F)nc4)cc13)CCCC2,False
CKEJHWBBCCURNI-UHFFFAOYSA-N,1,6.00656,6.00656,,6.00656,6.00656,0.0,0.0,Nc1c2c(nc3ccc(-c4cncnc4)cc13)CCCC2,False
DNZXTJWDEHLFNX-UHFFFAOYSA-N,1,6.21968,6.21968,,6.21968,6.21968,0.0,0.0,COc1ncc(-c2ccc3nc4c(c(N)c3c2)CCCC4)cn1,False
DSAHQENJONYLLB-UHFFFAOYSA-N,1,6.03905,6.03905,,6.03905,6.03905,0.0,0.0,COc1ncc(-c2ccc3nc4c(c(N)c3c2)CCCC4)c(OC)n1,False
RQDNTAJWXLKESN-UHFFFAOYSA-N,1,5.78357,5.78357,,5.78357,5.78357,0.0,0.0,Nc1c2c(nc3ccc(-c4ccoc4)cc13)CCCC2,False
JWBJNJVGRBQNPQ-UHFFFAOYSA-N,1,6.79588,6.79588,,6.79588,6.79588,0.0,0.0,Cc1ccc(-c2ccc3nc4c(c(N)c3c2)CCCC4)o1,False
BAZNFIZSHOCMMY-UHFFFAOYSA-N,1,6.35262,6.35262,,6.35262,6.35262,0.0,0.0,Nc1c2c(nc3ccc(-c4ccsc4)cc13)CCCC2,False
QWKAMJXVDJQTNH-UHFFFAOYSA-N,1,6.02319,6.02319,,6.02319,6.02319,0.0,0.0,Nc1c2c(nc3ccc(-c4cccs4)cc13)CCCC2,False
IZKHAXNJVMQZEU-UHFFFAOYSA-N,1,6.4318,6.4318,,6.4318,6.4318,0.0,0.0,Nc1c2c(nc3ccc(-c4ccc(Cl)s4)cc13)CCCC2,False
UUIMCDFDPAKGBU-UHFFFAOYSA-N,1,6.47625,6.47625,,6.47625,6.47625,0.0,0.0,Cc1csc(-c2ccc3nc4c(c(N)c3c2)CCCC4)c1,False
JOKGWIKGSHAZHL-UHFFFAOYSA-N,1,6.02319,6.02319,,6.02319,6.02319,0.0,0.0,CN(C)c1cccc(-c2ccc3nc4c(c(N)c3c2)CCCC4)c1,False
BMMBDSQDOYDNCG-UHFFFAOYSA-N,1,6.20412,6.20412,,6.20412,6.20412,0.0,0.0,CC(C)COc1cccc(-c2ccc3nc4c(c(N)c3c2)CCCC4)c1,False
YLJREFDVOIBQDA-MICDWDOJSA-N,1,6.70333,6.70333,,6.70333,6.70333,0.0,0.0,[2H]c1ccc2nc3c(c(N)c2c1)CCCC3,False
BEEBZFFGDNSBMK-UHFFFAOYSA-N,1,4.72125,4.72125,,4.72125,4.72125,0.0,0.0,CCOC(=O)c1c(O)cc(O)c(Cc2c(O)cc(C)c(C(=O)OCC)c2O)c1C,False
YXFPULKIOHESDI-UHFFFAOYSA-N,1,4.69897,4.69897,,4.69897,4.69897,0.0,0.0,CCOC(=O)c1c(O)cc(O)c(Cc2c(O)cc(C)c(C(=O)OC)c2O)c1C,False
RGHKWFUWQFZAJX-UHFFFAOYSA-N,1,4.82391,4.82391,,4.82391,4.82391,0.0,0.0,COC(=O)c1c(C)cc(O)c(Cc2c(O)cc(C)cc2O)c1O,False
TULITILZWGTOQK-UHFFFAOYSA-N,1,4.82391,4.82391,,4.82391,4.82391,0.0,0.0,Cc1cc(O)cc(OC(=O)c2c(C)cc(O)c(C=O)c2O)c1,False
TZPGOHYKANQJGP-UHFFFAOYSA-N,1,4.82391,4.82391,,4.82391,4.82391,0.0,0.0,CCOC(=O)c1c(C)cc(OC(=O)c2c(C)cc(O)cc2O)cc1O,False
STOMQASIEWTJEI-HXUWFJFHSA-N,1,5.14874,5.14874,,5.14874,5.14874,0.0,0.0,COCc1c(O)c(Oc2c(C=O)c(O)cc(C)c2C(=O)OC)c2c(c1O)C(=O)O[C@H]2O,False
NGYYFWGABVVEPL-UHFFFAOYSA-N,1,4.55284,4.55284,,4.55284,4.55284,0.0,0.0,OCc1cc(O)cc(O)c1,False
AMKYESDOVDKZKV-UHFFFAOYSA-N,1,4.58503,4.58503,,4.58503,4.58503,0.0,0.0,Cc1cc(O)cc(O)c1C(=O)O,False
GHVHDYYKJYXFGU-UHFFFAOYSA-N,1,4.60206,4.60206,,4.60206,4.60206,0.0,0.0,Cc1cc(O)c(C)c(O)c1,False
NCCWCZLEACWJIN-UHFFFAOYSA-N,1,4.61979,4.61979,,4.61979,4.61979,0.0,0.0,COC(=O)c1c(C)cc(O)cc1O,False
WEYVVCKOOFYHRW-SFHVURJKSA-N,1,4.55284,4.55284,,4.55284,4.55284,0.0,0.0,CC(=O)C1=C(O)C=C2Oc3c(C(C)=O)c(O)c(C)c(O)c3[C@@]2(C)C1=O,False
KIIZLMFGYAXDCL-UHFFFAOYSA-N,1,7.60206,7.60206,,7.60206,7.60206,0.0,0.0,S=C(NCCCCNc1c2c(nc3ccccc13)CCCC2)NCCc1c[nH]c2ccccc12,False
DSKYIEJPLODCAK-UHFFFAOYSA-N,1,7.1549,7.1549,,7.1549,7.1549,0.0,0.0,COn1cc(CCNC(=S)NCCCCCNc2c3c(nc4ccccc24)CCCC3)c2ccccc21,False
LTPNLKINDFQXEG-UZWMFBFFSA-N,1,5.39469,5.39469,,5.39469,5.39469,0.0,0.0,CC(C)(C)c1ccc(/C=N/CCNc2c3c(nc4ccccc24)CCCCC3)c(C(C)(C)C)c1O,False
FWMBRKOTQCWSFY-UHFFFAOYSA-N,1,5.72125,5.72125,,5.72125,5.72125,0.0,0.0,CC(C)(C)c1ccc(CNCCNc2c3c(nc4ccccc24)CCCCC3)c(C(C)(C)C)c1O,False
MEZUVQGFTTVJEJ-UHFFFAOYSA-N,1,6.17522,6.17522,,6.17522,6.17522,0.0,0.0,Cc1ccc(S(=O)(=O)NCCCCNc2c3c(nc4ccccc24)CCCC3)cc1,False
IXFZJMFQDLWCLA-UHFFFAOYSA-N,1,6.94692,6.94692,,6.94692,6.94692,0.0,0.0,C[Si]1(Cl)C=CC(=O)C1=P(c1ccccc1)(c1ccccc1)c1ccccc1,False
LPBNFYXQUIGYIX-CCFHIKDMSA-N,1,6.94692,6.94692,,6.94692,6.94692,0.0,0.0,C[Si]1(Cl)C=C/C(=N\c2ccccc2)C1=P(c1ccccc1)(c1ccccc1)c1ccccc1,False
CBLWXPJNXCTMRV-UHFFFAOYSA-N,1,6.94692,6.94692,,6.94692,6.94692,0.0,0.0,C[Si](C)(C)c1c([Si](C)(C)C)c(=P(c2ccccc2)(c2ccccc2)c2ccccc2)c1=O,False
GYLCFYGVBPKYEV-MDZDMXLPSA-N,1,6.37675,6.37675,,6.37675,6.37675,0.0,0.0,O=C(/C=C/c1cccs1)c1ccc(OCCCCBr)cc1,False
NZOVMVHEEINJKO-UHFFFAOYSA-N,1,9.31876,9.31876,,9.31876,9.31876,0.0,0.0,FC(F)(F)c1cccc(-c2cc(-c3cccs3)n(-c3ccc(Br)cc3)n2)c1,False
IXMHOQHNDDSLRF-UHFFFAOYSA-N,1,6.39794,6.39794,,6.39794,6.39794,0.0,0.0,O=C(NNC(=S)Nc1ccccc1[N+](=O)[O-])c1sccc1Cl,False
DVUDQXCAHGMTHD-UHFFFAOYSA-N,1,7.95468,7.95468,,7.95468,7.95468,0.0,0.0,Cc1cc(=O)[nH]c2c1C(=O)C(NCNc1c3c(nc4ccccc14)CCCC3)=CC2=O,False
LMBRPCNFMSKSPC-UHFFFAOYSA-N,1,7.284,7.284,,7.284,7.284,0.0,0.0,O=C(NCCCNc1c2c(nc3ccccc13)CCC2)c1cnc(Cl)c(Cl)c1,False
XRNNPQNFSVBARD-RBJSKKJNSA-N,1,8.58336,8.58336,,8.58336,8.58336,0.0,0.0,COc1cc2c(cc1OC)CC(CN1CCN(CCCNc3c4c(nc5cc(Cl)ccc35)C[C@H]3C=C(C)C[C@@H]4C3)CC1)C2,False
