feature,family,dtype,missing,nonfinite,min,max,mean,median,std,variance,zero_variance,near_zero_variance_lt_1e-8,suspiciously_large_magnitude_abs_ge_1e6
MolWt,RDKit descriptor,float64,0,0,122.16699999999997,1075.654999999999,423.471598616644,407.98600000000033,119.38560318947695,14249.821765502391,False,False,False
MolLogP,RDKit descriptor,float64,0,0,-1.8462999999999972,16.026399999999963,4.703985029366982,4.479300000000004,1.8836047360878574,3.5471950013336393,False,False,False
NumHDonors,RDKit descriptor,int64,0,0,0.0,12.0,1.1990428540352405,1.0,1.126165945326791,1.2679738500234403,False,False,False
NumHAcceptors,RDKit descriptor,int64,0,0,0.0,18.0,4.5118555579725905,4.0,1.93837858723528,3.7564942075463326,False,False,False
TPSA,RDKit descriptor,float64,0,0,0.0,298.14,63.81416793561018,57.7,31.045559051909418,963.6170725565269,False,False,False
MaxPartialCharge,RDKit descriptor,float64,30,0,-0.0019024701553874764,0.6732131186250532,0.25827488533003684,0.25026195058692485,0.10032802421581458,0.010063508433317731,False,False,False
MinPartialCharge,RDKit descriptor,float64,30,0,-0.8724215305408468,-0.1665655089941231,-0.4369557162780095,-0.46445907691296345,0.07622615300507249,0.005809154138672241,False,False,False
NumHeteroatoms,RDKit descriptor,int64,0,0,1.0,24.0,5.971938220578639,6.0,2.4155618568119914,5.833669791267053,False,False,False
NumRotatableBonds,RDKit descriptor,int64,0,0,0.0,33.0,6.950837502719165,6.0,4.683844641496733,21.933628295761263,False,False,False
FractionCSP3,RDKit descriptor,float64,0,0,0.0,1.0,0.3640020272614945,0.36363636363636365,0.16333220204525817,0.026671605003672865,False,False,False
NumAromaticRings,RDKit descriptor,int64,0,0,0.0,9.0,2.7428757885577553,3.0,1.1278266087743143,1.2717161588155896,False,False,False
RingCount,RDKit descriptor,int64,0,0,0.0,11.0,3.996737002392865,4.0,1.3789218186182985,1.9010117587635182,False,False,False
NumAliphaticNitrogens,RDKit descriptor,int64,0,0,0.0,8.0,1.886665216445508,2.0,1.1835425516913534,1.4004682570737677,False,False,False
NumFormalCharge,RDKit descriptor,int64,0,0,-1.0,3.0,0.1263867739830324,0.0,0.39014438098576354,0.1521795267165234,False,False,False
morgan_0,Morgan bit,uint8,0,0,0.0,1.0,0.0073961279095062,0.0,0.08569143803469287,0.007341425201452421,False,,False
morgan_1,Morgan bit,uint8,0,0,0.0,1.0,0.08984120078311943,0.0,0.2859852285180104,0.08176975942496664,False,,False
morgan_2,Morgan bit,uint8,0,0,0.0,1.0,0.07939960844028715,0.0,0.27039085549329955,0.07309531061981621,False,,False
morgan_3,Morgan bit,uint8,0,0,0.0,1.0,0.06765281705460083,0.0,0.2511765066407582,0.06307591339917755,False,,False
morgan_4,Morgan bit,uint8,0,0,0.0,1.0,0.3071568414183163,0.0,0.46136516971413893,0.21281151618823957,False,,False
morgan_5,Morgan bit,uint8,0,0,0.0,1.0,0.005873395692843159,0.0,0.07642100068994101,0.005838898915878449,False,,False
morgan_6,Morgan bit,uint8,0,0,0.0,1.0,0.01261692408092234,0.0,0.11162637622188802,0.012457737307658586,False,,False
morgan_7,Morgan bit,uint8,0,0,0.0,1.0,0.012399390907113336,0.0,0.11067208512577467,0.01224564601224593,False,,False
morgan_8,Morgan bit,uint8,0,0,0.0,1.0,0.060256689145094626,0.0,0.23798769134765588,0.05662582055836606,False,,False
morgan_9,Morgan bit,uint8,0,0,0.0,1.0,0.019795518816619534,0.0,0.13931216066346214,0.019403656251400395,False,,False
morgan_10,Morgan bit,uint8,0,0,0.0,1.0,0.0926691320426365,0.0,0.2899997560658306,0.0840815640091009,False,,False
morgan_11,Morgan bit,uint8,0,0,0.0,1.0,0.020448118338046554,0.0,0.14154275301273073,0.020029992794479798,False,,False
morgan_12,Morgan bit,uint8,0,0,0.0,1.0,0.0147922558190124,0.0,0.12073365680005721,0.014573444986797293,False,,False
morgan_13,Morgan bit,uint8,0,0,0.0,1.0,0.12899717206874048,0.0,0.33523327450954093,0.11235690166700824,False,,False
morgan_14,Morgan bit,uint8,0,0,0.0,1.0,0.0702632151403089,0.0,0.25561789739151325,0.06532629573845557,False,,False
morgan_15,Morgan bit,uint8,0,0,0.0,1.0,0.1964324559495323,0.0,0.39734253557086524,0.15784674619916736,False,,False
morgan_16,Morgan bit,uint8,0,0,0.0,1.0,0.008266260604742223,0.0,0.09055226805555071,0.00819792954035671,False,,False
morgan_17,Morgan bit,uint8,0,0,0.0,1.0,0.010224059169023277,0.0,0.1006068069023903,0.010119527783131589,False,,False
morgan_18,Morgan bit,uint8,0,0,0.0,1.0,0.005873395692843159,0.0,0.07642100068994101,0.005838898915878449,False,,False
morgan_19,Morgan bit,uint8,0,0,0.0,1.0,0.021535784207091582,0.0,0.1451777498820439,0.021071994205677163,False,,False
morgan_20,Morgan bit,uint8,0,0,0.0,1.0,0.001957798564281053,0.0,0.04420849164902549,0.0019539655890627524,False,,False
morgan_21,Morgan bit,uint8,0,0,0.0,1.0,0.046552099195127254,0.0,0.21070040001535942,0.044385001255654304,False,,False
morgan_22,Morgan bit,uint8,0,0,0.0,1.0,0.010876658690450293,0.0,0.10373378328647555,0.010758356986181744,False,,False
morgan_23,Morgan bit,uint8,0,0,0.0,1.0,0.017620187078529477,0.0,0.13158070657437118,0.017309716085847093,False,,False
morgan_24,Morgan bit,uint8,0,0,0.0,1.0,0.15009788992821405,0.0,0.3572062006584504,0.12756851336731176,False,,False
morgan_25,Morgan bit,uint8,0,0,0.0,1.0,0.09701979551881662,0.0,0.2960169190464475,0.08760695479630365,False,,False
morgan_26,Morgan bit,uint8,0,0,0.0,1.0,0.017185120730911465,0.0,0.12997487159417434,0.01688979235637546,False,,False
morgan_27,Morgan bit,uint8,0,0,0.0,1.0,0.020448118338046554,0.0,0.14154275301273073,0.020029992794479798,False,,False
morgan_28,Morgan bit,uint8,0,0,0.0,1.0,0.001957798564281053,0.0,0.04420849164902549,0.0019539655890627524,False,,False
morgan_29,Morgan bit,uint8,0,0,0.0,1.0,0.14204916249728083,0.0,0.3491385322874958,0.12187119793110193,False,,False
morgan_30,Morgan bit,uint8,0,0,0.0,1.0,0.006961061561888188,0.0,0.0831511228543853,0.0069126051838197915,False,,False
morgan_31,Morgan bit,uint8,0,0,0.0,1.0,0.056776158364150536,0.0,0.23143957788805677,0.05355262620555943,False,,False
morgan_32,Morgan bit,uint8,0,0,0.0,1.0,0.009136393299978247,0.0,0.09515718236826119,0.00905291961744636,False,,False
morgan_33,Morgan bit,uint8,0,0,0.0,1.0,0.7348270611268218,1.0,0.44147327018073496,0.19485625136253987,False,,False
morgan_34,Morgan bit,uint8,0,0,0.0,1.0,0.01957798564281053,0.0,0.1385599672016092,0.019194688120980435,False,,False
morgan_35,Morgan bit,uint8,0,0,0.0,1.0,0.0021753317380900587,0.0,0.04659476311873672,0.0021705996699193167,False,,False
morgan_36,Morgan bit,uint8,0,0,0.0,1.0,0.14226669567108985,0.0,0.34936146559790243,0.12202688297391934,False,,False
morgan_37,Morgan bit,uint8,0,0,0.0,1.0,0.0008701326952360235,0.0,0.0294883828566919,0.0008693755643287047,False,,False
morgan_38,Morgan bit,uint8,0,0,0.0,1.0,0.033717641940395914,0.0,0.18052105556178155,0.032580762562375166,False,,False
morgan_39,Morgan bit,uint8,0,0,0.0,1.0,0.03763323906895802,0.0,0.19032829136672186,0.03621697838613667,False,,False
morgan_40,Morgan bit,uint8,0,0,0.0,1.0,0.0221883837285186,0.0,0.14731184608028366,0.02169605935603461,False,,False
morgan_41,Morgan bit,uint8,0,0,0.0,1.0,0.08070480748314118,0.0,0.2724108738015203,0.07419154153225031,False,,False
morgan_42,Morgan bit,uint8,0,0,0.0,1.0,0.24537742005655863,0.0,0.43035756132156083,0.1851673417829458,False,,False
morgan_43,Morgan bit,uint8,0,0,0.0,1.0,0.006961061561888188,0.0,0.0831511228543853,0.006912605183819791,False,,False
morgan_44,Morgan bit,uint8,0,0,0.0,1.0,0.01805525342614749,0.0,0.13316575682763687,0.017729261249865076,False,,False
morgan_45,Morgan bit,uint8,0,0,0.0,1.0,0.05655862519034153,0.0,0.23102241698075712,0.05335974710691999,False,,False
morgan_46,Morgan bit,uint8,0,0,0.0,1.0,0.044594300630846205,0.0,0.20643381297816546,0.04260564898209191,False,,False
morgan_47,Morgan bit,uint8,0,0,0.0,1.0,0.003262997607135088,0.0,0.05703558627562611,0.003252350453750919,False,,False
morgan_48,Morgan bit,uint8,0,0,0.0,1.0,0.013487056776158364,0.0,0.11536052625681914,0.013305156075675045,False,,False
morgan_49,Morgan bit,uint8,0,0,0.0,1.0,0.014139656297585382,0.0,0.1180794623551531,0.013939726417371536,False,,False
morgan_50,Morgan bit,uint8,0,0,0.0,1.0,0.016967587557102457,0.0,0.1291639179672267,0.016679688529594516,False,,False
morgan_51,Morgan bit,uint8,0,0,0.0,1.0,0.008701326952360235,0.0,0.0928842862224094,0.008625613861628365,False,,False
morgan_52,Morgan bit,uint8,0,0,0.0,1.0,0.014574722645203394,0.0,0.11985585117767734,0.01436230010501879,False,,False
morgan_53,Morgan bit,uint8,0,0,0.0,1.0,0.04589949967370024,0.0,0.20928990431677016,0.04379273560340423,False,,False
morgan_54,Morgan bit,uint8,0,0,0.0,1.0,0.021970850554709594,0.0,0.14660425532460084,0.02148813228061221,False,,False
morgan_55,Morgan bit,uint8,0,0,0.0,1.0,0.005220796171416141,0.0,0.07207405546859239,0.005193539458752667,False,,False
morgan_56,Morgan bit,uint8,0,0,0.0,1.0,0.010441592342832281,0.0,0.10166028554452286,0.010332565492178392,False,,False
morgan_57,Morgan bit,uint8,0,0,0.0,1.0,0.013922123123776376,0.0,0.11718056417950443,0.013728297611502783,False,,False
morgan_58,Morgan bit,uint8,0,0,0.0,1.0,0.04089623667609311,0.0,0.19807137304966263,0.03922373450182609,False,,False
morgan_59,Morgan bit,uint8,0,0,0.0,1.0,0.014357189471394388,0.0,0.11897117120034392,0.01415106058187687,False,,False
morgan_60,Morgan bit,uint8,0,0,0.0,1.0,0.054165760278442464,0.0,0.22636911834321363,0.051231830691900765,False,,False
morgan_61,Morgan bit,uint8,0,0,0.0,1.0,0.016967587557102457,0.0,0.12916391796722673,0.01667968852959452,False,,False
morgan_62,Morgan bit,uint8,0,0,0.0,1.0,0.020230585164237546,0.0,0.1408034847526091,0.019821308588150073,False,,False
morgan_63,Morgan bit,uint8,0,0,0.0,1.0,0.06069175549271264,0.0,0.23879001276285766,0.05700826630792542,False,,False
morgan_64,Morgan bit,uint8,0,0,0.0,1.0,0.668696976288884,1.0,0.4707329744828184,0.22154133019098768,False,,False
morgan_65,Morgan bit,uint8,0,0,0.0,1.0,0.031977376549923865,0.0,0.17595896994790136,0.03095482393890824,False,,False
morgan_66,Morgan bit,uint8,0,0,0.0,1.0,0.016097454861866433,0.0,0.12586410497031572,0.015838326808836605,False,,False
morgan_67,Morgan bit,uint8,0,0,0.0,1.0,0.021318251033282574,0.0,0.14445872337330923,0.020863783206164516,False,,False
morgan_68,Morgan bit,uint8,0,0,0.0,1.0,0.005003262997607135,0.0,0.0705642510259829,0.004978230356983911,False,,False
morgan_69,Morgan bit,uint8,0,0,0.0,1.0,0.006743528388079182,0.0,0.08185053804806366,0.006698053212958353,False,,False
morgan_70,Morgan bit,uint8,0,0,0.0,1.0,0.003262997607135088,0.0,0.057035586275626105,0.0032523504537509186,False,,False
morgan_71,Morgan bit,uint8,0,0,0.0,1.0,0.03132477702849685,0.0,0.17421290863295746,0.0303435353726118,False,,False
morgan_72,Morgan bit,uint8,0,0,0.0,1.0,0.036763106373721995,0.0,0.18820012022581578,0.03541158038347639,False,,False
morgan_73,Morgan bit,uint8,0,0,0.0,1.0,0.23841635849467044,0.0,0.42616136082364425,0.18157399849681122,False,,False
morgan_74,Morgan bit,uint8,0,0,0.0,1.0,0.1816402001305199,0.0,0.38558965303102993,0.1486470378270646,False,,False
morgan_75,Morgan bit,uint8,0,0,0.0,1.0,0.023276049597563627,0.0,0.1507952971672206,0.02273427511269539,False,,False
morgan_76,Morgan bit,uint8,0,0,0.0,1.0,0.015444855340439417,0.0,0.12332728968458771,0.015206311783952316,False,,False
morgan_77,Morgan bit,uint8,0,0,0.0,1.0,0.021535784207091582,0.0,0.1451777498820439,0.02107199420567716,False,,False
morgan_78,Morgan bit,uint8,0,0,0.0,1.0,0.004568196649989123,0.0,0.06744121617622066,0.004547328229356152,False,,False
morgan_79,Morgan bit,uint8,0,0,0.0,1.0,0.012399390907113336,0.0,0.11067208512577467,0.012245646012245932,False,,False
morgan_80,Morgan bit,uint8,0,0,0.0,1.0,0.7739830324124429,1.0,0.4182957805493073,0.17493329795008225,False,,False
morgan_81,Morgan bit,uint8,0,0,0.0,1.0,0.010876658690450293,0.0,0.10373378328647555,0.010758356986181744,False,,False
morgan_82,Morgan bit,uint8,0,0,0.0,1.0,0.07352621274744399,0.0,0.26102668521459155,0.06812010878646159,False,,False
morgan_83,Morgan bit,uint8,0,0,0.0,1.0,0.004350663476180117,0.0,0.06582307881457179,0.004331735203497151,False,,False
morgan_84,Morgan bit,uint8,0,0,0.0,1.0,0.027626713073743744,0.0,0.1639186467963438,0.026863477798484785,False,,False
morgan_85,Morgan bit,uint8,0,0,0.0,1.0,0.009788992821405265,0.0,0.09846460016386654,0.009693168440947742,False,,False
morgan_86,Morgan bit,uint8,0,0,0.0,1.0,0.004350663476180117,0.0,0.06582307881457179,0.004331735203497151,False,,False
morgan_87,Morgan bit,uint8,0,0,0.0,1.0,0.011964324559495323,0.0,0.10873707534936088,0.011821179497330381,False,,False
morgan_88,Morgan bit,uint8,0,0,0.0,1.0,0.0026103980857080703,0.0,0.05103087689471012,0.002603583907542202,False,,False
morgan_89,Morgan bit,uint8,0,0,0.0,1.0,0.005220796171416141,0.0,0.07207405546859239,0.005193539458752667,False,,False
morgan_90,Morgan bit,uint8,0,0,0.0,1.0,0.18642592995431803,0.0,0.3894923661813746,0.15167130259498574,False,,False
morgan_91,Morgan bit,uint8,0,0,0.0,1.0,0.026974113552316728,0.0,0.162025372949552,0.02624651075038345,False,,False
morgan_92,Morgan bit,uint8,0,0,0.0,1.0,0.021970850554709594,0.0,0.14660425532460084,0.021488132280612214,False,,False
morgan_93,Morgan bit,uint8,0,0,0.0,1.0,0.009788992821405265,0.0,0.09846460016386653,0.00969316844094774,False,,False
morgan_94,Morgan bit,uint8,0,0,0.0,1.0,0.05438329345225147,0.0,0.22679713421109574,0.051425750845537764,False,,False
morgan_95,Morgan bit,uint8,0,0,0.0,1.0,0.006743528388079182,0.0,0.08185053804806366,0.006698053212958353,False,,False
morgan_96,Morgan bit,uint8,0,0,0.0,1.0,0.012399390907113336,0.0,0.11067208512577467,0.01224564601224593,False,,False
morgan_97,Morgan bit,uint8,0,0,0.0,1.0,0.02479878181422667,0.0,0.1555283387638888,0.02418380223475705,False,,False
morgan_98,Morgan bit,uint8,0,0,0.0,1.0,0.009788992821405265,0.0,0.09846460016386654,0.009693168440947742,False,,False
morgan_99,Morgan bit,uint8,0,0,0.0,1.0,0.01370458994996737,0.0,0.1162743099348105,0.013516774164270622,False,,False
morgan_100,Morgan bit,uint8,0,0,0.0,1.0,0.0028279312595170763,0.0,0.053108828145475975,0.002819934064308523,False,,False
morgan_101,Morgan bit,uint8,0,0,0.0,1.0,0.009136393299978247,0.0,0.09515718236826119,0.00905291961744636,False,,False
morgan_102,Morgan bit,uint8,0,0,0.0,1.0,0.04850989775940831,0.0,0.2148644465102655,0.04615668757878007,False,,False
morgan_103,Morgan bit,uint8,0,0,0.0,1.0,0.005003262997607135,0.0,0.0705642510259829,0.004978230356983911,False,,False
morgan_104,Morgan bit,uint8,0,0,0.0,1.0,0.04394170110941919,0.0,0.20498772829170833,0.04201082801302966,False,,False
morgan_105,Morgan bit,uint8,0,0,0.0,1.0,0.011746791385686317,0.0,0.10775588210080331,0.011608804277827482,False,,False
morgan_106,Morgan bit,uint8,0,0,0.0,1.0,0.009571459647596259,0.0,0.09737509659899928,0.009479846807810695,False,,False
morgan_107,Morgan bit,uint8,0,0,0.0,1.0,0.03654557319991299,0.0,0.1876636759944013,0.03520999427940278,False,,False
morgan_108,Morgan bit,uint8,0,0,0.0,1.0,0.011746791385686317,0.0,0.10775588210080331,0.01160880427782748,False,,False
morgan_109,Morgan bit,uint8,0,0,0.0,1.0,0.008483793778551229,0.0,0.09172594654460187,0.008411819021674248,False,,False
morgan_110,Morgan bit,uint8,0,0,0.0,1.0,0.021970850554709594,0.0,0.14660425532460084,0.021488132280612214,False,,False
morgan_111,Morgan bit,uint8,0,0,0.0,1.0,0.0026103980857080703,0.0,0.05103087689471012,0.002603583907542202,False,,False
morgan_112,Morgan bit,uint8,0,0,0.0,1.0,0.04720469871655428,0.0,0.2120995076060817,0.04497641513563361,False,,False
morgan_113,Morgan bit,uint8,0,0,0.0,1.0,0.0073961279095062,0.0,0.08569143803469288,0.007341425201452423,False,,False
morgan_114,Morgan bit,uint8,0,0,0.0,1.0,0.14661735914726995,0.0,0.35376253754602854,0.12512070914395046,False,,False
morgan_115,Morgan bit,uint8,0,0,0.0,1.0,0.010224059169023277,0.0,0.1006068069023903,0.010119527783131589,False,,False
morgan_116,Morgan bit,uint8,0,0,0.0,1.0,0.05655862519034153,0.0,0.23102241698075712,0.05335974710691999,False,,False
morgan_117,Morgan bit,uint8,0,0,0.0,1.0,0.02436371546660866,0.0,0.15419240172923987,0.023770124835270797,False,,False
morgan_118,Morgan bit,uint8,0,0,0.0,1.0,0.029366978464215793,0.0,0.16885129871115218,0.028504559040098076,False,,False
morgan_119,Morgan bit,uint8,0,0,0.0,1.0,0.24951055035892974,0.0,0.43277682315910526,0.18725503561851373,False,,False
morgan_120,Morgan bit,uint8,0,0,0.0,1.0,0.022405916902327606,0.0,0.14801573446740748,0.021903891790093593,False,,False
morgan_121,Morgan bit,uint8,0,0,0.0,1.0,0.19752012181857734,0.0,0.3981713338427994,0.1585059232953517,False,,False
morgan_122,Morgan bit,uint8,0,0,0.0,1.0,0.0073961279095062,0.0,0.08569143803469287,0.007341425201452421,False,,False
morgan_123,Morgan bit,uint8,0,0,0.0,1.0,0.06395475309984773,0.0,0.24469893341245913,0.05986454265578524,False,,False
morgan_124,Morgan bit,uint8,0,0,0.0,1.0,0.008266260604742223,0.0,0.09055226805555071,0.00819792954035671,False,,False
morgan_125,Morgan bit,uint8,0,0,0.0,1.0,0.012834457254731346,0.0,0.11257215752049317,0.012669733961707823,False,,False
morgan_126,Morgan bit,uint8,0,0,0.0,1.0,0.009571459647596259,0.0,0.09737509659899928,0.009479846807810695,False,,False
morgan_127,Morgan bit,uint8,0,0,0.0,1.0,0.01892538612138351,0.0,0.13627639467546843,0.01856721588154005,False,,False
morgan_128,Morgan bit,uint8,0,0,0.0,1.0,0.5014139656297585,1.0,0.5000523926473965,0.24999800070119782,False,,False
morgan_129,Morgan bit,uint8,0,0,0.0,1.0,0.007178594735697194,0.0,0.08443111525484613,0.007127062513317817,False,,False
morgan_130,Morgan bit,uint8,0,0,0.0,1.0,0.012834457254731346,0.0,0.11257215752049315,0.012669733961707822,False,,False
morgan_131,Morgan bit,uint8,0,0,0.0,1.0,0.030889710680878833,0.0,0.17303771220188785,0.029935536454930436,False,,False
morgan_132,Morgan bit,uint8,0,0,0.0,1.0,0.00891886012616924,0.0,0.09402785397228984,0.00883931406021907,False,,False
morgan_133,Morgan bit,uint8,0,0,0.0,1.0,0.03045464433326082,0.0,0.17185337792999417,0.029527158971795402,False,,False
morgan_134,Morgan bit,uint8,0,0,0.0,1.0,0.004568196649989123,0.0,0.06744121617622066,0.004547328229356152,False,,False
morgan_135,Morgan bit,uint8,0,0,0.0,1.0,0.00630846204046117,0.0,0.07918351650764066,0.00626866534714523,False,,False
morgan_136,Morgan bit,uint8,0,0,0.0,1.0,0.1368283663258647,0.0,0.34370345086551707,0.11810636449445967,False,,False
morgan_137,Morgan bit,uint8,0,0,0.0,1.0,0.01000652599521427,0.0,0.09954170418091224,0.009906395432721373,False,,False
morgan_138,Morgan bit,uint8,0,0,0.0,1.0,0.07613661083315205,0.0,0.26524541824342407,0.0703398273239932,False,,False
morgan_139,Morgan bit,uint8,0,0,0.0,1.0,0.16140961496628237,0.0,0.3679483688093304,0.13535655116271883,False,,False
morgan_140,Morgan bit,uint8,0,0,0.0,1.0,0.0628670872308027,0.0,0.24275014992672383,0.05891481657391732,False,,False
morgan_141,Morgan bit,uint8,0,0,0.0,1.0,0.02479878181422667,0.0,0.1555283387638888,0.02418380223475705,False,,False
morgan_142,Morgan bit,uint8,0,0,0.0,1.0,0.05634109201653252,0.0,0.23060429618787284,0.053166773366917136,False,,False
morgan_143,Morgan bit,uint8,0,0,0.0,1.0,0.00891886012616924,0.0,0.09402785397228984,0.00883931406021907,False,,False
morgan_144,Morgan bit,uint8,0,0,0.0,1.0,0.05329562758320644,0.0,0.2246467932831468,0.050455203663718605,False,,False
morgan_145,Morgan bit,uint8,0,0,0.0,1.0,0.058733956928431585,0.0,0.23515167023294306,0.055284279231960734,False,,False
morgan_146,Morgan bit,uint8,0,0,0.0,1.0,0.0073961279095062,0.0,0.08569143803469288,0.007341425201452423,False,,False
morgan_147,Morgan bit,uint8,0,0,0.0,1.0,0.16380247987818142,0.0,0.3701365014866168,0.1369712274639394,False,,False
morgan_148,Morgan bit,uint8,0,0,0.0,1.0,0.005438329345225147,0.0,0.07355223149956777,0.005408753919158011,False,,False
morgan_149,Morgan bit,uint8,0,0,0.0,1.0,0.017620187078529477,0.0,0.13158070657437118,0.01730971608584709,False,,False
morgan_150,Morgan bit,uint8,0,0,0.0,1.0,0.004350663476180117,0.0,0.06582307881457179,0.004331735203497151,False,,False
morgan_151,Morgan bit,uint8,0,0,0.0,1.0,0.01218185773330433,0.0,0.10970906216802427,0.01203346007546986,False,,False
morgan_152,Morgan bit,uint8,0,0,0.0,1.0,0.022840983249945615,0.0,0.14941261316485058,0.02231927273412132,False,,False
morgan_153,Morgan bit,uint8,0,0,0.0,1.0,0.003480530780944094,0.0,0.05889967186903878,0.003468416686426994,False,,False
morgan_154,Morgan bit,uint8,0,0,0.0,1.0,0.0010876658690450293,0.0,0.03296542506156601,0.0010864828520023436,False,,False
morgan_155,Morgan bit,uint8,0,0,0.0,1.0,0.007613661083315205,0.0,0.08693294668751647,0.007555693248223618,False,,False
morgan_156,Morgan bit,uint8,0,0,0.0,1.0,0.008701326952360235,0.0,0.09288428622240939,0.008625613861628363,False,,False
morgan_157,Morgan bit,uint8,0,0,0.0,1.0,0.08244507287361323,0.0,0.2750715222210591,0.07564788283247784,False,,False
morgan_158,Morgan bit,uint8,0,0,0.0,1.0,0.038720904938003044,0.0,0.19294998096017438,0.03722159645878518,False,,False
morgan_159,Morgan bit,uint8,0,0,0.0,1.0,0.003480530780944094,0.0,0.05889967186903878,0.003468416686426994,False,,False
morgan_160,Morgan bit,uint8,0,0,0.0,1.0,0.03175984337611486,0.0,0.175379150918303,0.030751155724839514,False,,False
morgan_161,Morgan bit,uint8,0,0,0.0,1.0,0.015444855340439417,0.0,0.12332728968458771,0.015206311783952316,False,,False
morgan_162,Morgan bit,uint8,0,0,0.0,1.0,0.048074831411790295,0.0,0.2139476554506843,0.045763641996518244,False,,False
morgan_163,Morgan bit,uint8,0,0,0.0,1.0,0.010876658690450293,0.0,0.10373378328647555,0.010758356986181744,False,,False
morgan_164,Morgan bit,uint8,0,0,0.0,1.0,0.011964324559495323,0.0,0.10873707534936088,0.01182117949733038,False,,False
morgan_165,Morgan bit,uint8,0,0,0.0,1.0,0.08766586904502936,0.0,0.28283911798263556,0.07998056444960915,False,,False
morgan_166,Morgan bit,uint8,0,0,0.0,1.0,0.005438329345225147,0.0,0.07355223149956777,0.005408753919158012,False,,False
morgan_167,Morgan bit,uint8,0,0,0.0,1.0,0.019142919295192518,0.0,0.13704215894906904,0.018776467936050263,False,,False
morgan_168,Morgan bit,uint8,0,0,0.0,1.0,0.0073961279095062,0.0,0.08569143803469287,0.007341425201452421,False,,False
morgan_169,Morgan bit,uint8,0,0,0.0,1.0,0.0036980639547531,0.0,0.06070576520233443,0.0036843882777396566,False,,False
morgan_170,Morgan bit,uint8,0,0,0.0,1.0,0.008701326952360235,0.0,0.09288428622240939,0.008625613861628363,False,,False
morgan_171,Morgan bit,uint8,0,0,0.0,1.0,0.06613008483793778,0.0,0.24853638328024882,0.06175689671726495,False,,False
morgan_172,Morgan bit,uint8,0,0,0.0,1.0,0.012399390907113336,0.0,0.11067208512577467,0.012245646012245932,False,,False
morgan_173,Morgan bit,uint8,0,0,0.0,1.0,0.01370458994996737,0.0,0.1162743099348105,0.013516774164270622,False,,False
morgan_174,Morgan bit,uint8,0,0,0.0,1.0,0.001957798564281053,0.0,0.04420849164902549,0.0019539655890627524,False,,False
morgan_175,Morgan bit,uint8,0,0,0.0,1.0,0.5379595388296715,1.0,0.49861122632818944,0.2485590734118387,False,,False
morgan_176,Morgan bit,uint8,0,0,0.0,1.0,0.020448118338046554,0.0,0.14154275301273073,0.020029992794479798,False,,False
morgan_177,Morgan bit,uint8,0,0,0.0,1.0,0.008701326952360235,0.0,0.09288428622240939,0.008625613861628361,False,,False
morgan_178,Morgan bit,uint8,0,0,0.0,1.0,0.0030454644333260824,0.0,0.055107623750011304,0.003036189579711428,False,,False
morgan_179,Morgan bit,uint8,0,0,0.0,1.0,0.03850337176419404,0.0,0.19242899247476075,0.03702086212698231,False,,False
morgan_180,Morgan bit,uint8,0,0,0.0,1.0,0.006525995214270176,0.0,0.08052836310030413,0.006483406600733497,False,,False
morgan_181,Morgan bit,uint8,0,0,0.0,1.0,0.01631498803567544,0.0,0.12669767602082685,0.01604880920107121,False,,False
morgan_182,Morgan bit,uint8,0,0,0.0,1.0,0.013922123123776376,0.0,0.11718056417950444,0.013728297611502785,False,,False
morgan_183,Morgan bit,uint8,0,0,0.0,1.0,0.0028279312595170763,0.0,0.053108828145475975,0.002819934064308523,False,,False
morgan_184,Morgan bit,uint8,0,0,0.0,1.0,0.033500108766586906,0.0,0.17995804029962792,0.032377851479213744,False,,False
morgan_185,Morgan bit,uint8,0,0,0.0,1.0,0.01805525342614749,0.0,0.13316575682763687,0.017729261249865076,False,,False
morgan_186,Morgan bit,uint8,0,0,0.0,1.0,0.0030454644333260824,0.0,0.055107623750011304,0.003036189579711428,False,,False
morgan_187,Morgan bit,uint8,0,0,0.0,1.0,0.011964324559495323,0.0,0.10873707534936088,0.01182117949733038,False,,False
morgan_188,Morgan bit,uint8,0,0,0.0,1.0,0.012834457254731346,0.0,0.11257215752049317,0.012669733961707823,False,,False
morgan_189,Morgan bit,uint8,0,0,0.0,1.0,0.001957798564281053,0.0,0.04420849164902549,0.0019539655890627524,False,,False
morgan_190,Morgan bit,uint8,0,0,0.0,1.0,0.08984120078311943,0.0,0.2859852285180104,0.08176975942496666,False,,False
morgan_191,Morgan bit,uint8,0,0,0.0,1.0,0.10245812486404177,0.0,0.30328281572840954,0.09196045751338623,False,,False
morgan_192,Morgan bit,uint8,0,0,0.0,1.0,0.03480530780944094,0.0,0.1833063221361812,0.03359389835773101,False,,False
morgan_193,Morgan bit,uint8,0,0,0.0,1.0,0.023928649118990647,0.0,0.1528435497349676,0.023356068870330877,False,,False
morgan_194,Morgan bit,uint8,0,0,0.0,1.0,0.01522732216663041,0.0,0.12246923509201953,0.014995450826264065,False,,False
morgan_195,Morgan bit,uint8,0,0,0.0,1.0,0.013487056776158364,0.0,0.11536052625681914,0.013305156075675046,False,,False
morgan_196,Morgan bit,uint8,0,0,0.0,1.0,0.02001305199042854,0.0,0.1400599765978062,0.019612529740456942,False,,False
morgan_197,Morgan bit,uint8,0,0,0.0,1.0,0.18294539917337393,0.0,0.3866638116515477,0.14947638009466882,False,,False
morgan_198,Morgan bit,uint8,0,0,0.0,1.0,0.0110941918642593,0.0,0.10475446468269482,0.010971110771138302,False,,False
morgan_199,Morgan bit,uint8,0,0,0.0,1.0,0.007831194257124212,0.0,0.088156436095954,0.007769866653631399,False,,False
morgan_200,Morgan bit,uint8,0,0,0.0,1.0,0.03654557319991299,0.0,0.1876636759944013,0.03520999427940279,False,,False
morgan_201,Morgan bit,uint8,0,0,0.0,1.0,0.021318251033282574,0.0,0.14445872337330923,0.020863783206164516,False,,False
morgan_202,Morgan bit,uint8,0,0,0.0,1.0,0.03480530780944094,0.0,0.1833063221361812,0.03359389835773101,False,,False
morgan_203,Morgan bit,uint8,0,0,0.0,1.0,0.060474222318903634,0.0,0.2383892888640641,0.05681709075382746,False,,False
morgan_204,Morgan bit,uint8,0,0,0.0,1.0,0.010876658690450293,0.0,0.10373378328647555,0.010758356986181744,False,,False
morgan_205,Morgan bit,uint8,0,0,0.0,1.0,0.009353926473787253,0.0,0.09627277251613377,0.009266430533310232,False,,False
morgan_206,Morgan bit,uint8,0,0,0.0,1.0,0.013922123123776376,0.0,0.11718056417950443,0.013728297611502783,False,,False
morgan_207,Morgan bit,uint8,0,0,0.0,1.0,0.013487056776158364,0.0,0.11536052625681913,0.013305156075675043,False,,False
morgan_208,Morgan bit,uint8,0,0,0.0,1.0,0.009136393299978247,0.0,0.09515718236826119,0.00905291961744636,False,,False
morgan_209,Morgan bit,uint8,0,0,0.0,1.0,0.016532521209484445,0.0,0.1275254274104683,0.01625919695194239,False,,False
morgan_210,Morgan bit,uint8,0,0,0.0,1.0,0.014574722645203394,0.0,0.11985585117767733,0.014362300105018787,False,,False
morgan_211,Morgan bit,uint8,0,0,0.0,1.0,0.008048727430933217,0.0,0.08936264638287032,0.00798394541767576,False,,False
morgan_212,Morgan bit,uint8,0,0,0.0,1.0,0.21731564063519687,0.0,0.41246401193474463,0.17008955297051084,False,,False
morgan_213,Morgan bit,uint8,0,0,0.0,1.0,0.0110941918642593,0.0,0.10475446468269482,0.010971110771138302,False,,False
morgan_214,Morgan bit,uint8,0,0,0.0,1.0,0.0628670872308027,0.0,0.24275014992672383,0.05891481657391732,False,,False
morgan_215,Morgan bit,uint8,0,0,0.0,1.0,0.010659125516641287,0.0,0.10270249781255304,0.010545508559861772,False,,False
morgan_216,Morgan bit,uint8,0,0,0.0,1.0,0.1252991081139874,0.0,0.33109377565599535,0.10959924161982669,False,,False
morgan_217,Morgan bit,uint8,0,0,0.0,1.0,0.017620187078529477,0.0,0.13158070657437118,0.017309716085847093,False,,False
morgan_218,Morgan bit,uint8,0,0,0.0,1.0,0.01522732216663041,0.0,0.12246923509201951,0.014995450826264061,False,,False
morgan_219,Morgan bit,uint8,0,0,0.0,1.0,0.10311072438546878,0.0,0.304136522812615,0.09247890290217269,False,,False
morgan_220,Morgan bit,uint8,0,0,0.0,1.0,0.009353926473787253,0.0,0.09627277251613377,0.009266430533310232,False,,False
morgan_221,Morgan bit,uint8,0,0,0.0,1.0,0.12508157494017838,0.0,0.3308473752786375,0.10943617455066293,False,,False
morgan_222,Morgan bit,uint8,0,0,0.0,1.0,0.025451381335653687,0.0,0.15750874675847037,0.024803608523760824,False,,False
morgan_223,Morgan bit,uint8,0,0,0.0,1.0,0.01261692408092234,0.0,0.11162637622188801,0.012457737307658584,False,,False
morgan_224,Morgan bit,uint8,0,0,0.0,1.0,0.012834457254731346,0.0,0.11257215752049317,0.012669733961707823,False,,False
morgan_225,Morgan bit,uint8,0,0,0.0,1.0,0.053948227104633456,0.0,0.22594008216924769,0.05103781589690034,False,,False
morgan_226,Morgan bit,uint8,0,0,0.0,1.0,0.018272786599956493,0.0,0.13395071863553887,0.017938891869828943,False,,False
morgan_227,Morgan bit,uint8,0,0,0.0,1.0,0.023493582771372635,0.0,0.15148143778139161,0.022941634339937303,False,,False
morgan_228,Morgan bit,uint8,0,0,0.0,1.0,0.01957798564281053,0.0,0.1385599672016092,0.019194688120980432,False,,False
morgan_229,Morgan bit,uint8,0,0,0.0,1.0,0.004785729823798129,0.0,0.06902074262184225,0.004762826613851738,False,,False
morgan_230,Morgan bit,uint8,0,0,0.0,1.0,0.02740917989993474,0.0,0.16329028446338237,0.02665791675714775,False,,False
morgan_231,Morgan bit,uint8,0,0,0.0,1.0,0.10854905373069393,0.0,0.31110643049297176,0.09676615666486484,False,,False
morgan_232,Morgan bit,uint8,0,0,0.0,1.0,0.015662388514248424,0.0,0.12417903428482828,0.01541707810027716,False,,False
morgan_233,Morgan bit,uint8,0,0,0.0,1.0,0.052860561235588424,0.0,0.22377939082302953,0.05006632230144703,False,,False
morgan_234,Morgan bit,uint8,0,0,0.0,1.0,0.014139656297585382,0.0,0.1180794623551531,0.013939726417371536,False,,False
morgan_235,Morgan bit,uint8,0,0,0.0,1.0,0.04720469871655428,0.0,0.2120995076060817,0.04497641513563361,False,,False
morgan_236,Morgan bit,uint8,0,0,0.0,1.0,0.016532521209484445,0.0,0.1275254274104683,0.01625919695194239,False,,False
morgan_237,Morgan bit,uint8,0,0,0.0,1.0,0.18773112899717206,0.0,0.39053979394134664,0.15248815220261924,False,,False
morgan_238,Morgan bit,uint8,0,0,0.0,1.0,0.013922123123776376,0.0,0.11718056417950443,0.013728297611502783,False,,False
morgan_239,Morgan bit,uint8,0,0,0.0,1.0,0.04720469871655428,0.0,0.2120995076060817,0.04497641513563361,False,,False
morgan_240,Morgan bit,uint8,0,0,0.0,1.0,0.01957798564281053,0.0,0.1385599672016092,0.019194688120980435,False,,False
morgan_241,Morgan bit,uint8,0,0,0.0,1.0,0.01000652599521427,0.0,0.09954170418091224,0.009906395432721373,False,,False
morgan_242,Morgan bit,uint8,0,0,0.0,1.0,0.020665651511855558,0.0,0.14227784746900002,0.0202385823594461,False,,False
morgan_243,Morgan bit,uint8,0,0,0.0,1.0,0.03154231020230585,0.0,0.17479713780999906,0.030547392869407358,False,,False
morgan_244,Morgan bit,uint8,0,0,0.0,1.0,0.004133130302371111,0.0,0.06416340941670262,0.004116047536274733,False,,False
morgan_245,Morgan bit,uint8,0,0,0.0,1.0,0.016967587557102457,0.0,0.12916391796722673,0.01667968852959452,False,,False
morgan_246,Morgan bit,uint8,0,0,0.0,1.0,0.006961061561888188,0.0,0.0831511228543853,0.006912605183819791,False,,False
morgan_247,Morgan bit,uint8,0,0,0.0,1.0,0.0013051990428540352,0.0,0.036107881598358524,0.0013034954983125679,False,,False
morgan_248,Morgan bit,uint8,0,0,0.0,1.0,0.026539047204698716,0.0,0.1607493306702344,0.025834726178165485,False,,False
morgan_249,Morgan bit,uint8,0,0,0.0,1.0,0.2151403088971068,0.0,0.4109643487352768,0.16885495638476428,False,,False
morgan_250,Morgan bit,uint8,0,0,0.0,1.0,0.13639329997824667,0.0,0.3432430575313033,0.11779016769929065,False,,False
morgan_251,Morgan bit,uint8,0,0,0.0,1.0,0.07461387861648902,0.0,0.2627958731387552,0.06904664773429284,False,,False
morgan_252,Morgan bit,uint8,0,0,0.0,1.0,0.0443767674570372,0.0,0.2059531427432546,0.042407469967101236,False,,False
morgan_253,Morgan bit,uint8,0,0,0.0,1.0,0.0030454644333260824,0.0,0.05510762375001131,0.0030361895797114285,False,,False
morgan_254,Morgan bit,uint8,0,0,0.0,1.0,0.012399390907113336,0.0,0.11067208512577467,0.01224564601224593,False,,False
morgan_255,Morgan bit,uint8,0,0,0.0,1.0,0.10789645420926691,0.0,0.3102833423636325,0.09625480937833449,False,,False
morgan_256,Morgan bit,uint8,0,0,0.0,1.0,0.049380030454644334,0.0,0.21668377104280884,0.04694164304694273,False,,False
morgan_257,Morgan bit,uint8,0,0,0.0,1.0,0.0221883837285186,0.0,0.14731184608028366,0.02169605935603461,False,,False
morgan_258,Morgan bit,uint8,0,0,0.0,1.0,0.0147922558190124,0.0,0.12073365680005721,0.014573444986797293,False,,False
morgan_259,Morgan bit,uint8,0,0,0.0,1.0,0.0023928649118990647,0.0,0.0488636726448687,0.002387139109412467,False,,False
morgan_260,Morgan bit,uint8,0,0,0.0,1.0,0.009788992821405265,0.0,0.09846460016386654,0.009693168440947742,False,,False
morgan_261,Morgan bit,uint8,0,0,0.0,1.0,0.018707852947574505,0.0,0.1355059537441461,0.018357869185666436,False,,False
morgan_262,Morgan bit,uint8,0,0,0.0,1.0,0.01631498803567544,0.0,0.12669767602082688,0.016048809201071212,False,,False
morgan_263,Morgan bit,uint8,0,0,0.0,1.0,0.011964324559495323,0.0,0.10873707534936088,0.01182117949733038,False,,False
morgan_264,Morgan bit,uint8,0,0,0.0,1.0,0.030889710680878833,0.0,0.17303771220188785,0.029935536454930436,False,,False
morgan_265,Morgan bit,uint8,0,0,0.0,1.0,0.03154231020230585,0.0,0.17479713780999906,0.030547392869407358,False,,False
morgan_266,Morgan bit,uint8,0,0,0.0,1.0,0.032194909723732866,0.0,0.17653661651757258,0.031158397511613558,False,,False
morgan_267,Morgan bit,uint8,0,0,0.0,1.0,0.01000652599521427,0.0,0.09954170418091224,0.009906395432721373,False,,False
morgan_268,Morgan bit,uint8,0,0,0.0,1.0,0.06221448770937568,0.0,0.24157098276020575,0.058343845228435616,False,,False
morgan_269,Morgan bit,uint8,0,0,0.0,1.0,0.004350663476180117,0.0,0.06582307881457179,0.004331735203497151,False,,False
morgan_270,Morgan bit,uint8,0,0,0.0,1.0,0.04263650206656515,0.0,0.20205818987702032,0.040818630758092944,False,,False
morgan_271,Morgan bit,uint8,0,0,0.0,1.0,0.06721775070698281,0.0,0.2504259708798394,0.06269952469687673,False,,False
morgan_272,Morgan bit,uint8,0,0,0.0,1.0,0.04285403524037416,0.0,0.2025499729126198,0.04101756690399092,False,,False
morgan_273,Morgan bit,uint8,0,0,0.0,1.0,0.013269523602349358,0.0,0.11443903278046616,0.013093443345716051,False,,False
morgan_274,Morgan bit,uint8,0,0,0.0,1.0,0.026103980857080704,0.0,0.15946189041458525,0.025422563040493867,False,,False
morgan_275,Morgan bit,uint8,0,0,0.0,1.0,0.07657167718077007,0.0,0.26593954240751816,0.07070845543449401,False,,False
morgan_276,Morgan bit,uint8,0,0,0.0,1.0,0.22753969980422015,0.0,0.4192894321806574,0.1757653848172255,False,,False
morgan_277,Morgan bit,uint8,0,0,0.0,1.0,0.009353926473787253,0.0,0.09627277251613377,0.009266430533310232,False,,False
morgan_278,Morgan bit,uint8,0,0,0.0,1.0,0.019142919295192518,0.0,0.13704215894906904,0.018776467936050263,False,,False
morgan_279,Morgan bit,uint8,0,0,0.0,1.0,0.009353926473787253,0.0,0.09627277251613377,0.009266430533310232,False,,False
morgan_280,Morgan bit,uint8,0,0,0.0,1.0,0.20100065259952143,0.0,0.4007921325955487,0.16059939025408795,False,,False
morgan_281,Morgan bit,uint8,0,0,0.0,1.0,0.05068522949749837,0.0,0.21937799835767713,0.04811623700828429,False,,False
morgan_282,Morgan bit,uint8,0,0,0.0,1.0,0.020883184685664562,0.0,0.14300883248403104,0.020447077283048988,False,,False
morgan_283,Morgan bit,uint8,0,0,0.0,1.0,0.10202305851642375,0.0,0.3027115583270276,0.09161435404737811,False,,False
morgan_284,Morgan bit,uint8,0,0,0.0,1.0,0.04916249728083533,0.0,0.21623070332742594,0.04674554614194719,False,,False
morgan_285,Morgan bit,uint8,0,0,0.0,1.0,0.02740917989993474,0.0,0.16329028446338237,0.02665791675714775,False,,False
morgan_286,Morgan bit,uint8,0,0,0.0,1.0,0.011529258211877311,0.0,0.10676522859600092,0.01139633441696117,False,,False
morgan_287,Morgan bit,uint8,0,0,0.0,1.0,0.0010876658690450293,0.0,0.03296542506156601,0.0010864828520023436,False,,False
morgan_288,Morgan bit,uint8,0,0,0.0,1.0,0.03806830541657603,0.0,0.1913820188618166,0.03661910953928632,False,,False
morgan_289,Morgan bit,uint8,0,0,0.0,1.0,0.1407439634544268,0.0,0.3477950737513615,0.12093510020556579,False,,False
morgan_290,Morgan bit,uint8,0,0,0.0,1.0,0.009136393299978247,0.0,0.09515718236826119,0.00905291961744636,False,,False
morgan_291,Morgan bit,uint8,0,0,0.0,1.0,0.011529258211877311,0.0,0.10676522859600092,0.01139633441696117,False,,False
morgan_292,Morgan bit,uint8,0,0,0.0,1.0,0.0010876658690450293,0.0,0.03296542506156601,0.0010864828520023436,False,,False
morgan_293,Morgan bit,uint8,0,0,0.0,1.0,0.023058516423754623,0.0,0.1501057048923444,0.02252682124409006,False,,False
morgan_294,Morgan bit,uint8,0,0,0.0,1.0,0.1738090058733957,0.0,0.3789863847004643,0.14359943535069764,False,,False
morgan_295,Morgan bit,uint8,0,0,0.0,1.0,0.00891886012616924,0.0,0.09402785397228983,0.008839314060219068,False,,False
morgan_296,Morgan bit,uint8,0,0,0.0,1.0,0.027844246247552752,0.0,0.16454432191054524,0.0270689441984584,False,,False
morgan_297,Morgan bit,uint8,0,0,0.0,1.0,0.028061779421361756,0.0,0.16516734034457975,0.02727431595706859,False,,False
morgan_298,Morgan bit,uint8,0,0,0.0,1.0,0.013269523602349358,0.0,0.11443903278046616,0.013093443345716051,False,,False
morgan_299,Morgan bit,uint8,0,0,0.0,1.0,0.02001305199042854,0.0,0.1400599765978062,0.019612529740456942,False,,False
morgan_300,Morgan bit,uint8,0,0,0.0,1.0,0.005873395692843159,0.0,0.07642100068994101,0.005838898915878448,False,,False
morgan_301,Morgan bit,uint8,0,0,0.0,1.0,0.2708288013922123,0.0,0.44443619300072357,0.19748056172866993,False,,False
morgan_302,Morgan bit,uint8,0,0,0.0,1.0,0.0221883837285186,0.0,0.14731184608028364,0.021696059356034608,False,,False
morgan_303,Morgan bit,uint8,0,0,0.0,1.0,0.009788992821405265,0.0,0.09846460016386653,0.00969316844094774,False,,False
morgan_304,Morgan bit,uint8,0,0,0.0,1.0,0.1511855557972591,0.0,0.3582686216957254,0.12832848351553294,False,,False
morgan_305,Morgan bit,uint8,0,0,0.0,1.0,0.05851642375462258,0.0,0.2347429208848937,0.05509225190559201,False,,False
morgan_306,Morgan bit,uint8,0,0,0.0,1.0,0.003915597128562106,0.0,0.06245889727945847,0.003900265227688902,False,,False
morgan_307,Morgan bit,uint8,0,0,0.0,1.0,0.0030454644333260824,0.0,0.055107623750011304,0.003036189579711428,False,,False
morgan_308,Morgan bit,uint8,0,0,0.0,1.0,0.013269523602349358,0.0,0.11443903278046616,0.013093443345716051,False,,False
morgan_309,Morgan bit,uint8,0,0,0.0,1.0,0.01587992168805743,0.0,0.12502459785547548,0.01562774977523859,False,,False
morgan_310,Morgan bit,uint8,0,0,0.0,1.0,0.3036763106373722,0.0,0.45989457261181527,0.2114570089950464,False,,False
morgan_311,Morgan bit,uint8,0,0,0.0,1.0,0.0015227322166630412,0.0,0.038996721857060004,0.0015204135032593777,False,,False
morgan_312,Morgan bit,uint8,0,0,0.0,1.0,0.005438329345225147,0.0,0.07355223149956777,0.005408753919158011,False,,False
morgan_313,Morgan bit,uint8,0,0,0.0,1.0,0.0026103980857080703,0.0,0.05103087689471012,0.002603583907542202,False,,False
morgan_314,Morgan bit,uint8,0,0,0.0,1.0,0.3106373721992604,0.0,0.4628049138376693,0.2141417951923986,False,,False
morgan_315,Morgan bit,uint8,0,0,0.0,1.0,0.023276049597563627,0.0,0.1507952971672206,0.02273427511269539,False,,False
morgan_316,Morgan bit,uint8,0,0,0.0,1.0,0.004785729823798129,0.0,0.06902074262184225,0.004762826613851738,False,,False
morgan_317,Morgan bit,uint8,0,0,0.0,1.0,0.026103980857080704,0.0,0.15946189041458525,0.025422563040493867,False,,False
morgan_318,Morgan bit,uint8,0,0,0.0,1.0,0.019795518816619534,0.0,0.13931216066346214,0.019403656251400395,False,,False
morgan_319,Morgan bit,uint8,0,0,0.0,1.0,0.03284750924515989,0.0,0.17825673226775302,0.03176855038154902,False,,False
morgan_320,Morgan bit,uint8,0,0,0.0,1.0,0.03110724385468784,0.0,0.1736264410168769,0.030139583234452826,False,,False
morgan_321,Morgan bit,uint8,0,0,0.0,1.0,0.014357189471394388,0.0,0.11897117120034392,0.01415106058187687,False,,False
morgan_322,Morgan bit,uint8,0,0,0.0,1.0,0.3034587774635632,0.0,0.4598016291532255,0.21137154784388285,False,,False
morgan_323,Morgan bit,uint8,0,0,0.0,1.0,0.04546443332608223,0.0,0.20834313298180018,0.043397418628420455,False,,False
morgan_324,Morgan bit,uint8,0,0,0.0,1.0,0.005003262997607135,0.0,0.0705642510259829,0.004978230356983911,False,,False
morgan_325,Morgan bit,uint8,0,0,0.0,1.0,0.16380247987818142,0.0,0.3701365014866168,0.1369712274639394,False,,False
morgan_326,Morgan bit,uint8,0,0,0.0,1.0,0.014357189471394388,0.0,0.11897117120034394,0.014151060581876873,False,,False
morgan_327,Morgan bit,uint8,0,0,0.0,1.0,0.021535784207091582,0.0,0.1451777498820439,0.021071994205677163,False,,False
morgan_328,Morgan bit,uint8,0,0,0.0,1.0,0.05220796171416141,0.0,0.22247035045045374,0.04948229044781407,False,,False
morgan_329,Morgan bit,uint8,0,0,0.0,1.0,0.03806830541657603,0.0,0.1913820188618166,0.03661910953928632,False,,False
morgan_330,Morgan bit,uint8,0,0,0.0,1.0,0.010441592342832281,0.0,0.10166028554452285,0.01033256549217839,False,,False
morgan_331,Morgan bit,uint8,0,0,0.0,1.0,0.0110941918642593,0.0,0.10475446468269482,0.010971110771138302,False,,False
morgan_332,Morgan bit,uint8,0,0,0.0,1.0,0.014574722645203394,0.0,0.11985585117767733,0.014362300105018787,False,,False
morgan_333,Morgan bit,uint8,0,0,0.0,1.0,0.408092234065695,0.0,0.4915338439787151,0.24155296256096503,False,,False
morgan_334,Morgan bit,uint8,0,0,0.0,1.0,0.026974113552316728,0.0,0.162025372949552,0.02624651075038345,False,,False
morgan_335,Morgan bit,uint8,0,0,0.0,1.0,0.007831194257124212,0.0,0.088156436095954,0.0077698666536313975,False,,False
morgan_336,Morgan bit,uint8,0,0,0.0,1.0,0.005438329345225147,0.0,0.07355223149956777,0.005408753919158011,False,,False
morgan_337,Morgan bit,uint8,0,0,0.0,1.0,0.001740265390472047,0.0,0.04168470769619471,0.0017372368668427726,False,,False
morgan_338,Morgan bit,uint8,0,0,0.0,1.0,0.01587992168805743,0.0,0.12502459785547548,0.01562774977523859,False,,False
morgan_339,Morgan bit,uint8,0,0,0.0,1.0,0.006743528388079182,0.0,0.08185053804806365,0.006698053212958352,False,,False
morgan_340,Morgan bit,uint8,0,0,0.0,1.0,0.005655862519034153,0.0,0.07500064922043509,0.005623873738199937,False,,False
morgan_341,Morgan bit,uint8,0,0,0.0,1.0,0.03175984337611486,0.0,0.175379150918303,0.030751155724839514,False,,False
morgan_342,Morgan bit,uint8,0,0,0.0,1.0,0.020230585164237546,0.0,0.1408034847526091,0.019821308588150073,False,,False
morgan_343,Morgan bit,uint8,0,0,0.0,1.0,0.033935175114204914,0.0,0.18108205894522408,0.03278357900417316,False,,False
morgan_344,Morgan bit,uint8,0,0,0.0,1.0,0.01218185773330433,0.0,0.10970906216802427,0.01203346007546986,False,,False
morgan_345,Morgan bit,uint8,0,0,0.0,1.0,0.03741570589514901,0.0,0.1897988597887722,0.03601577084751672,False,,False
morgan_346,Morgan bit,uint8,0,0,0.0,1.0,0.015444855340439417,0.0,0.12332728968458771,0.015206311783952316,False,,False
morgan_347,Morgan bit,uint8,0,0,0.0,1.0,0.006090928866652165,0.0,0.07781482280042568,0.0060538294521935475,False,,False
morgan_348,Morgan bit,uint8,0,0,0.0,1.0,0.005003262997607135,0.0,0.0705642510259829,0.004978230356983911,False,,False
morgan_349,Morgan bit,uint8,0,0,0.0,1.0,0.020883184685664562,0.0,0.14300883248403104,0.020447077283048995,False,,False
morgan_350,Morgan bit,uint8,0,0,0.0,1.0,0.07657167718077007,0.0,0.2659395424075181,0.070708455434494,False,,False
morgan_351,Morgan bit,uint8,0,0,0.0,1.0,0.005438329345225147,0.0,0.07355223149956777,0.005408753919158011,False,,False
morgan_352,Morgan bit,uint8,0,0,0.0,1.0,0.147705025016315,0.0,0.3548459404169044,0.12588825060124476,False,,False
morgan_353,Morgan bit,uint8,0,0,0.0,1.0,0.015009788992821405,0.0,0.12160473693547852,0.014784495227212379,False,,False
morgan_354,Morgan bit,uint8,0,0,0.0,1.0,0.03589297367848597,0.0,0.18604353635683984,0.034604668119001473,False,,False
morgan_355,Morgan bit,uint8,0,0,0.0,1.0,0.04002610398085708,0.0,0.19604176926753694,0.03842401498097069,False,,False
morgan_356,Morgan bit,uint8,0,0,0.0,1.0,0.9963019360452469,1.0,0.06070576520233443,0.0036843882777396566,False,,False
morgan_357,Morgan bit,uint8,0,0,0.0,1.0,0.0023928649118990647,0.0,0.0488636726448687,0.002387139109412467,False,,False
morgan_358,Morgan bit,uint8,0,0,0.0,1.0,0.018707852947574505,0.0,0.1355059537441461,0.018357869185666436,False,,False
morgan_359,Morgan bit,uint8,0,0,0.0,1.0,0.010659125516641287,0.0,0.10270249781255303,0.010545508559861772,False,,False
morgan_360,Morgan bit,uint8,0,0,0.0,1.0,0.05046769632368936,0.0,0.21893180345325586,0.04792070795146922,False,,False
morgan_361,Morgan bit,uint8,0,0,0.0,1.0,0.3304328910158799,0.0,0.47042016813030246,0.22124699555076754,False,,False
morgan_362,Morgan bit,uint8,0,0,0.0,1.0,0.0073961279095062,0.0,0.08569143803469288,0.007341425201452423,False,,False
morgan_363,Morgan bit,uint8,0,0,0.0,1.0,0.016967587557102457,0.0,0.1291639179672267,0.016679688529594516,False,,False
morgan_364,Morgan bit,uint8,0,0,0.0,1.0,0.04198390254513813,0.0,0.20057419034628982,0.04022125447221847,False,,False
morgan_365,Morgan bit,uint8,0,0,0.0,1.0,0.025451381335653687,0.0,0.1575087467584704,0.024803608523760828,False,,False
morgan_366,Morgan bit,uint8,0,0,0.0,1.0,0.0482923645855993,0.0,0.21440665137649417,0.045960212108330865,False,,False
morgan_367,Morgan bit,uint8,0,0,0.0,1.0,0.24428975418751359,0.0,0.42971204104313254,0.1846122701865178,False,,False
morgan_368,Morgan bit,uint8,0,0,0.0,1.0,0.027626713073743744,0.0,0.1639186467963438,0.026863477798484785,False,,False
morgan_369,Morgan bit,uint8,0,0,0.0,1.0,0.009353926473787253,0.0,0.09627277251613377,0.009266430533310232,False,,False
morgan_370,Morgan bit,uint8,0,0,0.0,1.0,0.015662388514248424,0.0,0.12417903428482828,0.01541707810027716,False,,False
morgan_371,Morgan bit,uint8,0,0,0.0,1.0,0.0221883837285186,0.0,0.14731184608028366,0.02169605935603461,False,,False
morgan_372,Morgan bit,uint8,0,0,0.0,1.0,0.007831194257124212,0.0,0.088156436095954,0.007769866653631399,False,,False
morgan_373,Morgan bit,uint8,0,0,0.0,1.0,0.003915597128562106,0.0,0.06245889727945847,0.003900265227688902,False,,False
morgan_374,Morgan bit,uint8,0,0,0.0,1.0,0.015444855340439417,0.0,0.12332728968458773,0.01520631178395232,False,,False
morgan_375,Morgan bit,uint8,0,0,0.0,1.0,0.010224059169023277,0.0,0.1006068069023903,0.010119527783131589,False,,False
morgan_376,Morgan bit,uint8,0,0,0.0,1.0,0.006743528388079182,0.0,0.08185053804806366,0.006698053212958353,False,,False
morgan_377,Morgan bit,uint8,0,0,0.0,1.0,0.004350663476180117,0.0,0.06582307881457179,0.0043317352034971494,False,,False
morgan_378,Morgan bit,uint8,0,0,0.0,1.0,0.4252773547966065,0.0,0.49443877939030734,0.24441652629380778,False,,False
morgan_379,Morgan bit,uint8,0,0,0.0,1.0,0.011964324559495323,0.0,0.10873707534936086,0.011821179497330378,False,,False
morgan_380,Morgan bit,uint8,0,0,0.0,1.0,0.013487056776158364,0.0,0.11536052625681914,0.013305156075675045,False,,False
morgan_381,Morgan bit,uint8,0,0,0.0,1.0,0.19229932564716118,0.0,0.39414983149939126,0.1553202950028082,False,,False
morgan_382,Morgan bit,uint8,0,0,0.0,1.0,0.0023928649118990647,0.0,0.0488636726448687,0.002387139109412467,False,,False
morgan_383,Morgan bit,uint8,0,0,0.0,1.0,0.018272786599956493,0.0,0.13395071863553887,0.017938891869828943,False,,False
morgan_384,Morgan bit,uint8,0,0,0.0,1.0,0.030237111159451817,0.0,0.1712577249176198,0.029322828268182773,False,,False
morgan_385,Morgan bit,uint8,0,0,0.0,1.0,0.026539047204698716,0.0,0.1607493306702344,0.025834726178165485,False,,False
morgan_386,Morgan bit,uint8,0,0,0.0,1.0,0.11812051337829019,0.0,0.322785877380216,0.10416805769753937,False,,False
morgan_387,Morgan bit,uint8,0,0,0.0,1.0,0.02371111594518164,0.0,0.15216417342768085,0.023148898925815793,False,,False
morgan_388,Morgan bit,uint8,0,0,0.0,1.0,0.03480530780944094,0.0,0.18330632213618123,0.033593898357731015,False,,False
morgan_389,Morgan bit,uint8,0,0,0.0,1.0,0.39765064172286274,0.0,0.4894657544155289,0.23952460886025817,False,,False
morgan_390,Morgan bit,uint8,0,0,0.0,1.0,0.003262997607135088,0.0,0.05703558627562611,0.003252350453750919,False,,False
morgan_391,Morgan bit,uint8,0,0,0.0,1.0,0.010441592342832281,0.0,0.10166028554452285,0.01033256549217839,False,,False
morgan_392,Morgan bit,uint8,0,0,0.0,1.0,0.21035457907330868,0.0,0.40760479813330797,0.1661055301361998,False,,False
morgan_393,Morgan bit,uint8,0,0,0.0,1.0,0.016967587557102457,0.0,0.1291639179672267,0.016679688529594516,False,,False
morgan_394,Morgan bit,uint8,0,0,0.0,1.0,0.016967587557102457,0.0,0.1291639179672267,0.016679688529594516,False,,False
morgan_395,Morgan bit,uint8,0,0,0.0,1.0,0.04872743093321732,0.0,0.21532104851102798,0.04635306840786586,False,,False
morgan_396,Morgan bit,uint8,0,0,0.0,1.0,0.005655862519034153,0.0,0.07500064922043509,0.005623873738199937,False,,False
morgan_397,Morgan bit,uint8,0,0,0.0,1.0,0.009788992821405265,0.0,0.09846460016386654,0.009693168440947742,False,,False
morgan_398,Morgan bit,uint8,0,0,0.0,1.0,0.03850337176419404,0.0,0.19242899247476075,0.03702086212698231,False,,False
morgan_399,Morgan bit,uint8,0,0,0.0,1.0,0.01522732216663041,0.0,0.12246923509201951,0.014995450826264061,False,,False
morgan_400,Morgan bit,uint8,0,0,0.0,1.0,0.005220796171416141,0.0,0.07207405546859239,0.0051935394587526666,False,,False
morgan_401,Morgan bit,uint8,0,0,0.0,1.0,0.020230585164237546,0.0,0.1408034847526091,0.019821308588150073,False,,False
morgan_402,Morgan bit,uint8,0,0,0.0,1.0,0.022840983249945615,0.0,0.14941261316485058,0.02231927273412132,False,,False
morgan_403,Morgan bit,uint8,0,0,0.0,1.0,0.013051990428540352,0.0,0.11350964173695305,0.012881635974393643,False,,False
morgan_404,Morgan bit,uint8,0,0,0.0,1.0,0.010224059169023277,0.0,0.1006068069023903,0.010119527783131589,False,,False
morgan_405,Morgan bit,uint8,0,0,0.0,1.0,0.04481183380465521,0.0,0.20691313784684978,0.042803733355719166,False,,False
morgan_406,Morgan bit,uint8,0,0,0.0,1.0,0.09027626713073744,0.0,0.2866083247934242,0.08212646272367717,False,,False
morgan_407,Morgan bit,uint8,0,0,0.0,1.0,0.04263650206656515,0.0,0.20205818987702032,0.040818630758092944,False,,False
morgan_408,Morgan bit,uint8,0,0,0.0,1.0,0.003915597128562106,0.0,0.062458897279458477,0.0039002652276889024,False,,False
morgan_409,Morgan bit,uint8,0,0,0.0,1.0,0.033500108766586906,0.0,0.17995804029962792,0.03237785147921375,False,,False
morgan_410,Morgan bit,uint8,0,0,0.0,1.0,0.04263650206656515,0.0,0.20205818987702032,0.040818630758092944,False,,False
morgan_411,Morgan bit,uint8,0,0,0.0,1.0,0.015009788992821405,0.0,0.12160473693547853,0.014784495227212383,False,,False
morgan_412,Morgan bit,uint8,0,0,0.0,1.0,0.020230585164237546,0.0,0.1408034847526091,0.019821308588150073,False,,False
morgan_413,Morgan bit,uint8,0,0,0.0,1.0,0.03937350445943006,0.0,0.1945031136096253,0.03782323160601331,False,,False
morgan_414,Morgan bit,uint8,0,0,0.0,1.0,0.01783772025233848,0.0,0.13237578289861712,0.017519535988537796,False,,False
morgan_415,Morgan bit,uint8,0,0,0.0,1.0,0.01522732216663041,0.0,0.12246923509201951,0.014995450826264061,False,,False
morgan_416,Morgan bit,uint8,0,0,0.0,1.0,0.028061779421361756,0.0,0.16516734034457978,0.027274315957068595,False,,False
morgan_417,Morgan bit,uint8,0,0,0.0,1.0,0.017185120730911465,0.0,0.12997487159417434,0.01688979235637546,False,,False
morgan_418,Morgan bit,uint8,0,0,0.0,1.0,0.00630846204046117,0.0,0.07918351650764065,0.006268665347145229,False,,False
morgan_419,Morgan bit,uint8,0,0,0.0,1.0,0.03306504241896889,0.0,0.17882589806093885,0.03197174538880068,False,,False
morgan_420,Morgan bit,uint8,0,0,0.0,1.0,0.031977376549923865,0.0,0.17595896994790136,0.030954823938908242,False,,False
morgan_421,Morgan bit,uint8,0,0,0.0,1.0,0.015444855340439417,0.0,0.12332728968458771,0.015206311783952316,False,,False
morgan_422,Morgan bit,uint8,0,0,0.0,1.0,0.021753317380900587,0.0,0.14589290833013369,0.021280110563826393,False,,False
morgan_423,Morgan bit,uint8,0,0,0.0,1.0,0.021970850554709594,0.0,0.14660425532460084,0.02148813228061221,False,,False
morgan_424,Morgan bit,uint8,0,0,0.0,1.0,0.004568196649989123,0.0,0.06744121617622066,0.004547328229356152,False,,False
morgan_425,Morgan bit,uint8,0,0,0.0,1.0,0.023276049597563627,0.0,0.1507952971672206,0.02273427511269539,False,,False
morgan_426,Morgan bit,uint8,0,0,0.0,1.0,0.02523384816184468,0.0,0.15685169083709774,0.02459710106878965,False,,False
morgan_427,Morgan bit,uint8,0,0,0.0,1.0,0.02436371546660866,0.0,0.1541924017292399,0.023770124835270797,False,,False
morgan_428,Morgan bit,uint8,0,0,0.0,1.0,0.22123123776375897,0.0,0.4151210229635718,0.17228797720127415,False,,False
morgan_429,Morgan bit,uint8,0,0,0.0,1.0,0.06156188818794866,0.0,0.24038425941899058,0.05777202211068317,False,,False
morgan_430,Morgan bit,uint8,0,0,0.0,1.0,0.011311725038068305,0.0,0.10576484900492654,0.011183769914731445,False,,False
morgan_431,Morgan bit,uint8,0,0,0.0,1.0,0.0221883837285186,0.0,0.14731184608028366,0.02169605935603461,False,,False
morgan_432,Morgan bit,uint8,0,0,0.0,1.0,0.011311725038068305,0.0,0.10576484900492654,0.011183769914731443,False,,False
morgan_433,Morgan bit,uint8,0,0,0.0,1.0,0.11551011529258212,0.0,0.3196713284298623,0.1021675285576765,False,,False
morgan_434,Morgan bit,uint8,0,0,0.0,1.0,0.009353926473787253,0.0,0.09627277251613377,0.009266430533310232,False,,False
morgan_435,Morgan bit,uint8,0,0,0.0,1.0,0.0073961279095062,0.0,0.08569143803469288,0.007341425201452423,False,,False
morgan_436,Morgan bit,uint8,0,0,0.0,1.0,0.021970850554709594,0.0,0.14660425532460084,0.021488132280612214,False,,False
morgan_437,Morgan bit,uint8,0,0,0.0,1.0,0.04481183380465521,0.0,0.2069131378468498,0.04280373335571918,False,,False
morgan_438,Morgan bit,uint8,0,0,0.0,1.0,0.011964324559495323,0.0,0.10873707534936088,0.01182117949733038,False,,False
morgan_439,Morgan bit,uint8,0,0,0.0,1.0,0.0026103980857080703,0.0,0.05103087689471012,0.002603583907542202,False,,False
morgan_440,Morgan bit,uint8,0,0,0.0,1.0,0.021535784207091582,0.0,0.1451777498820439,0.021071994205677166,False,,False
morgan_441,Morgan bit,uint8,0,0,0.0,1.0,0.03763323906895802,0.0,0.19032829136672186,0.03621697838613667,False,,False
morgan_442,Morgan bit,uint8,0,0,0.0,1.0,0.00891886012616924,0.0,0.09402785397228983,0.008839314060219068,False,,False
morgan_443,Morgan bit,uint8,0,0,0.0,1.0,0.0010876658690450293,0.0,0.03296542506156601,0.0010864828520023436,False,,False
morgan_444,Morgan bit,uint8,0,0,0.0,1.0,0.03850337176419404,0.0,0.19242899247476078,0.037020862126982315,False,,False
morgan_445,Morgan bit,uint8,0,0,0.0,1.0,0.012834457254731346,0.0,0.11257215752049315,0.01266973396170782,False,,False
morgan_446,Morgan bit,uint8,0,0,0.0,1.0,0.03893843811181205,0.0,0.193469321852991,0.03742223614922463,False,,False
morgan_447,Morgan bit,uint8,0,0,0.0,1.0,0.007613661083315205,0.0,0.08693294668751647,0.007555693248223618,False,,False
morgan_448,Morgan bit,uint8,0,0,0.0,1.0,0.03415270828801392,0.0,0.18164106909118283,0.03298630080460774,False,,False
morgan_449,Morgan bit,uint8,0,0,0.0,1.0,0.00891886012616924,0.0,0.09402785397228983,0.008839314060219068,False,,False
morgan_450,Morgan bit,uint8,0,0,0.0,1.0,0.012399390907113336,0.0,0.11067208512577467,0.01224564601224593,False,,False
morgan_451,Morgan bit,uint8,0,0,0.0,1.0,0.032194909723732866,0.0,0.17653661651757258,0.031158397511613558,False,,False
morgan_452,Morgan bit,uint8,0,0,0.0,1.0,0.1000652599521427,0.0,0.3001196383224391,0.09005220370285281,False,,False
morgan_453,Morgan bit,uint8,0,0,0.0,1.0,0.019142919295192518,0.0,0.13704215894906904,0.018776467936050263,False,,False
morgan_454,Morgan bit,uint8,0,0,0.0,1.0,0.0008701326952360235,0.0,0.029488382856691895,0.0008693755643287046,False,,False
morgan_455,Morgan bit,uint8,0,0,0.0,1.0,0.018707852947574505,0.0,0.13550595374414612,0.01835786918566644,False,,False
morgan_456,Morgan bit,uint8,0,0,0.0,1.0,0.34304981509680227,0.0,0.47477960660292434,0.22536663945885205,False,,False
morgan_457,Morgan bit,uint8,0,0,0.0,1.0,0.009788992821405265,0.0,0.09846460016386653,0.00969316844094774,False,,False
morgan_458,Morgan bit,uint8,0,0,0.0,1.0,0.08331520556884925,0.0,0.27638813204609425,0.07637378208986964,False,,False
morgan_459,Morgan bit,uint8,0,0,0.0,1.0,0.006743528388079182,0.0,0.08185053804806366,0.006698053212958353,False,,False
morgan_460,Morgan bit,uint8,0,0,0.0,1.0,0.009353926473787253,0.0,0.09627277251613375,0.00926643053331023,False,,False
morgan_461,Morgan bit,uint8,0,0,0.0,1.0,0.020883184685664562,0.0,0.143008832484031,0.020447077283048988,False,,False
morgan_462,Morgan bit,uint8,0,0,0.0,1.0,0.008048727430933217,0.0,0.08936264638287032,0.007983945417675758,False,,False
morgan_463,Morgan bit,uint8,0,0,0.0,1.0,0.12877963889493146,0.0,0.33499232087057496,0.11219544350102253,False,,False
morgan_464,Morgan bit,uint8,0,0,0.0,1.0,0.030237111159451817,0.0,0.1712577249176198,0.029322828268182773,False,,False
morgan_465,Morgan bit,uint8,0,0,0.0,1.0,0.0221883837285186,0.0,0.14731184608028366,0.02169605935603461,False,,False
morgan_466,Morgan bit,uint8,0,0,0.0,1.0,0.009571459647596259,0.0,0.09737509659899926,0.009479846807810693,False,,False
morgan_467,Morgan bit,uint8,0,0,0.0,1.0,0.009788992821405265,0.0,0.09846460016386654,0.009693168440947742,False,,False
morgan_468,Morgan bit,uint8,0,0,0.0,1.0,0.007831194257124212,0.0,0.088156436095954,0.007769866653631399,False,,False
morgan_469,Morgan bit,uint8,0,0,0.0,1.0,0.005220796171416141,0.0,0.07207405546859239,0.005193539458752667,False,,False
morgan_470,Morgan bit,uint8,0,0,0.0,1.0,0.003915597128562106,0.0,0.06245889727945847,0.003900265227688902,False,,False
morgan_471,Morgan bit,uint8,0,0,0.0,1.0,0.04589949967370024,0.0,0.20928990431677016,0.04379273560340423,False,,False
morgan_472,Morgan bit,uint8,0,0,0.0,1.0,0.02740917989993474,0.0,0.16329028446338237,0.026657916757147748,False,,False
morgan_473,Morgan bit,uint8,0,0,0.0,1.0,0.014357189471394388,0.0,0.11897117120034392,0.01415106058187687,False,,False
morgan_474,Morgan bit,uint8,0,0,0.0,1.0,0.01631498803567544,0.0,0.12669767602082688,0.016048809201071212,False,,False
morgan_475,Morgan bit,uint8,0,0,0.0,1.0,0.009788992821405265,0.0,0.09846460016386653,0.00969316844094774,False,,False
morgan_476,Morgan bit,uint8,0,0,0.0,1.0,0.03415270828801392,0.0,0.18164106909118283,0.03298630080460774,False,,False
morgan_477,Morgan bit,uint8,0,0,0.0,1.0,0.08266260604742223,0.0,0.2754015225623735,0.07582949960887089,False,,False
morgan_478,Morgan bit,uint8,0,0,0.0,1.0,0.028279312595170764,0.0,0.16578773204929192,0.02747959307431537,False,,False
morgan_479,Morgan bit,uint8,0,0,0.0,1.0,0.01631498803567544,0.0,0.12669767602082685,0.01604880920107121,False,,False
morgan_480,Morgan bit,uint8,0,0,0.0,1.0,0.02110071785947357,0.0,0.1437357707549646,0.020655477565288467,False,,False
morgan_481,Morgan bit,uint8,0,0,0.0,1.0,0.003915597128562106,0.0,0.06245889727945847,0.003900265227688902,False,,False
morgan_482,Morgan bit,uint8,0,0,0.0,1.0,0.06591255166412878,0.0,0.24815616698511334,0.061568087197252326,False,,False
morgan_483,Morgan bit,uint8,0,0,0.0,1.0,0.02110071785947357,0.0,0.14373577075496458,0.020655477565288464,False,,False
morgan_484,Morgan bit,uint8,0,0,0.0,1.0,0.04285403524037416,0.0,0.2025499729126198,0.04101756690399092,False,,False
morgan_485,Morgan bit,uint8,0,0,0.0,1.0,0.016750054383293453,0.0,0.12834747173751151,0.016469490061450164,False,,False
morgan_486,Morgan bit,uint8,0,0,0.0,1.0,0.11159451816402001,0.0,0.31490117952798347,0.09914118167976024,False,,False
morgan_487,Morgan bit,uint8,0,0,0.0,1.0,0.01783772025233848,0.0,0.13237578289861712,0.0175195359885378,False,,False
morgan_488,Morgan bit,uint8,0,0,0.0,1.0,0.01370458994996737,0.0,0.1162743099348105,0.01351677416427062,False,,False
morgan_489,Morgan bit,uint8,0,0,0.0,1.0,0.014357189471394388,0.0,0.11897117120034391,0.014151060581876866,False,,False
morgan_490,Morgan bit,uint8,0,0,0.0,1.0,0.014357189471394388,0.0,0.11897117120034392,0.01415106058187687,False,,False
morgan_491,Morgan bit,uint8,0,0,0.0,1.0,0.018490319773765498,0.0,0.13473075592648376,0.018148427848429394,False,,False
morgan_492,Morgan bit,uint8,0,0,0.0,1.0,0.013269523602349358,0.0,0.11443903278046616,0.013093443345716051,False,,False
morgan_493,Morgan bit,uint8,0,0,0.0,1.0,0.029802044811833805,0.0,0.17005932504309196,0.028913882936867256,False,,False
morgan_494,Morgan bit,uint8,0,0,0.0,1.0,0.024581248640417663,0.0,0.15486196365092653,0.02397701085569563,False,,False
morgan_495,Morgan bit,uint8,0,0,0.0,1.0,0.0030454644333260824,0.0,0.05510762375001131,0.0030361895797114285,False,,False
morgan_496,Morgan bit,uint8,0,0,0.0,1.0,0.01261692408092234,0.0,0.11162637622188801,0.012457737307658583,False,,False
morgan_497,Morgan bit,uint8,0,0,0.0,1.0,0.008701326952360235,0.0,0.09288428622240939,0.008625613861628363,False,,False
morgan_498,Morgan bit,uint8,0,0,0.0,1.0,0.007178594735697194,0.0,0.08443111525484613,0.007127062513317817,False,,False
morgan_499,Morgan bit,uint8,0,0,0.0,1.0,0.007178594735697194,0.0,0.08443111525484612,0.007127062513317815,False,,False
morgan_500,Morgan bit,uint8,0,0,0.0,1.0,0.02436371546660866,0.0,0.15419240172923987,0.023770124835270797,False,,False
morgan_501,Morgan bit,uint8,0,0,0.0,1.0,0.0147922558190124,0.0,0.12073365680005721,0.01457344498679729,False,,False
morgan_502,Morgan bit,uint8,0,0,0.0,1.0,0.020448118338046554,0.0,0.14154275301273073,0.020029992794479798,False,,False
morgan_503,Morgan bit,uint8,0,0,0.0,1.0,0.02262345007613661,0.0,0.1487159730570844,0.022111629582789165,False,,False
morgan_504,Morgan bit,uint8,0,0,0.0,1.0,0.025016314988035675,0.0,0.15619156785669797,0.024390498972455057,False,,False
morgan_505,Morgan bit,uint8,0,0,0.0,1.0,0.013051990428540352,0.0,0.11350964173695303,0.012881635974393641,False,,False
morgan_506,Morgan bit,uint8,0,0,0.0,1.0,0.04633456602131825,0.0,0.21023151140909263,0.04418767401293436,False,,False
morgan_507,Morgan bit,uint8,0,0,0.0,1.0,0.12051337829018925,0.0,0.32559632258377436,0.105989903943275,False,,False
morgan_508,Morgan bit,uint8,0,0,0.0,1.0,0.009136393299978247,0.0,0.09515718236826119,0.00905291961744636,False,,False
morgan_509,Morgan bit,uint8,0,0,0.0,1.0,0.004568196649989123,0.0,0.06744121617622065,0.004547328229356152,False,,False
morgan_510,Morgan bit,uint8,0,0,0.0,1.0,0.029802044811833805,0.0,0.17005932504309196,0.028913882936867256,False,,False
morgan_511,Morgan bit,uint8,0,0,0.0,1.0,0.047857298237981294,0.0,0.2134874509877628,0.045566977243342216,False,,False
morgan_512,Morgan bit,uint8,0,0,0.0,1.0,0.3175984337611486,0.0,0.46559298188902876,0.2167296686336139,False,,False
morgan_513,Morgan bit,uint8,0,0,0.0,1.0,0.003480530780944094,0.0,0.05889967186903877,0.0034684166864269936,False,,False
morgan_514,Morgan bit,uint8,0,0,0.0,1.0,0.026103980857080704,0.0,0.15946189041458525,0.025422563040493867,False,,False
morgan_515,Morgan bit,uint8,0,0,0.0,1.0,0.017185120730911465,0.0,0.12997487159417434,0.01688979235637546,False,,False
morgan_516,Morgan bit,uint8,0,0,0.0,1.0,0.0147922558190124,0.0,0.12073365680005721,0.01457344498679729,False,,False
morgan_517,Morgan bit,uint8,0,0,0.0,1.0,0.01261692408092234,0.0,0.11162637622188801,0.012457737307658584,False,,False
morgan_518,Morgan bit,uint8,0,0,0.0,1.0,0.01740265390472047,0.0,0.13078043479528656,0.017099801541792983,False,,False
morgan_519,Morgan bit,uint8,0,0,0.0,1.0,0.005438329345225147,0.0,0.07355223149956777,0.0054087539191580115,False,,False
morgan_520,Morgan bit,uint8,0,0,0.0,1.0,0.017185120730911465,0.0,0.12997487159417434,0.01688979235637546,False,,False
morgan_521,Morgan bit,uint8,0,0,0.0,1.0,0.016750054383293453,0.0,0.12834747173751151,0.016469490061450164,False,,False
morgan_522,Morgan bit,uint8,0,0,0.0,1.0,0.011529258211877311,0.0,0.10676522859600092,0.01139633441696117,False,,False
morgan_523,Morgan bit,uint8,0,0,0.0,1.0,0.014574722645203394,0.0,0.11985585117767734,0.01436230010501879,False,,False
morgan_524,Morgan bit,uint8,0,0,0.0,1.0,0.027191646726125736,0.0,0.1626592037689987,0.026452261074447307,False,,False
morgan_525,Morgan bit,uint8,0,0,0.0,1.0,0.03067217750706983,0.0,0.17244669902895834,0.029731395034044622,False,,False
morgan_526,Morgan bit,uint8,0,0,0.0,1.0,0.01740265390472047,0.0,0.1307804347952866,0.017099801541792987,False,,False
morgan_527,Morgan bit,uint8,0,0,0.0,1.0,0.008266260604742223,0.0,0.09055226805555071,0.00819792954035671,False,,False
morgan_528,Morgan bit,uint8,0,0,0.0,1.0,0.010876658690450293,0.0,0.10373378328647555,0.010758356986181742,False,,False
morgan_529,Morgan bit,uint8,0,0,0.0,1.0,0.003480530780944094,0.0,0.05889967186903878,0.003468416686426994,False,,False
morgan_530,Morgan bit,uint8,0,0,0.0,1.0,0.010224059169023277,0.0,0.1006068069023903,0.010119527783131589,False,,False
morgan_531,Morgan bit,uint8,0,0,0.0,1.0,0.008701326952360235,0.0,0.09288428622240939,0.008625613861628363,False,,False
morgan_532,Morgan bit,uint8,0,0,0.0,1.0,0.011964324559495323,0.0,0.10873707534936088,0.011821179497330381,False,,False
morgan_533,Morgan bit,uint8,0,0,0.0,1.0,0.01522732216663041,0.0,0.12246923509201953,0.014995450826264065,False,,False
morgan_534,Morgan bit,uint8,0,0,0.0,1.0,0.001957798564281053,0.0,0.04420849164902549,0.0019539655890627524,False,,False
morgan_535,Morgan bit,uint8,0,0,0.0,1.0,0.004350663476180117,0.0,0.06582307881457179,0.00433173520349715,False,,False
morgan_536,Morgan bit,uint8,0,0,0.0,1.0,0.013487056776158364,0.0,0.11536052625681914,0.013305156075675045,False,,False
morgan_537,Morgan bit,uint8,0,0,0.0,1.0,0.004133130302371111,0.0,0.06416340941670262,0.004116047536274733,False,,False
morgan_538,Morgan bit,uint8,0,0,0.0,1.0,0.004785729823798129,0.0,0.06902074262184225,0.004762826613851738,False,,False
morgan_539,Morgan bit,uint8,0,0,0.0,1.0,0.012834457254731346,0.0,0.11257215752049317,0.012669733961707823,False,,False
morgan_540,Morgan bit,uint8,0,0,0.0,1.0,0.12660430715684143,0.0,0.33256535549174443,0.11057565656617757,False,,False
morgan_541,Morgan bit,uint8,0,0,0.0,1.0,0.025016314988035675,0.0,0.15619156785669797,0.024390498972455057,False,,False
morgan_542,Morgan bit,uint8,0,0,0.0,1.0,0.011964324559495323,0.0,0.10873707534936088,0.01182117949733038,False,,False
morgan_543,Morgan bit,uint8,0,0,0.0,1.0,0.018490319773765498,0.0,0.1347307559264838,0.018148427848429394,False,,False
morgan_544,Morgan bit,uint8,0,0,0.0,1.0,0.01631498803567544,0.0,0.12669767602082685,0.01604880920107121,False,,False
morgan_545,Morgan bit,uint8,0,0,0.0,1.0,0.01805525342614749,0.0,0.13316575682763687,0.017729261249865076,False,,False
morgan_546,Morgan bit,uint8,0,0,0.0,1.0,0.028061779421361756,0.0,0.16516734034457978,0.027274315957068595,False,,False
morgan_547,Morgan bit,uint8,0,0,0.0,1.0,0.014574722645203394,0.0,0.11985585117767734,0.01436230010501879,False,,False
morgan_548,Morgan bit,uint8,0,0,0.0,1.0,0.012399390907113336,0.0,0.11067208512577467,0.012245646012245932,False,,False
morgan_549,Morgan bit,uint8,0,0,0.0,1.0,0.1925168588209702,0.0,0.39431959332008676,0.15545411789067679,False,,False
morgan_550,Morgan bit,uint8,0,0,0.0,1.0,0.0295845116380248,0.0,0.16945652801310176,0.028709268309164378,False,,False
morgan_551,Morgan bit,uint8,0,0,0.0,1.0,0.009353926473787253,0.0,0.09627277251613377,0.009266430533310232,False,,False
morgan_552,Morgan bit,uint8,0,0,0.0,1.0,0.039808570807048076,0.0,0.19553047144012942,0.03822384849734832,False,,False
morgan_553,Morgan bit,uint8,0,0,0.0,1.0,0.010876658690450293,0.0,0.10373378328647555,0.010758356986181744,False,,False
morgan_554,Morgan bit,uint8,0,0,0.0,1.0,0.02001305199042854,0.0,0.1400599765978062,0.019612529740456942,False,,False
morgan_555,Morgan bit,uint8,0,0,0.0,1.0,0.09854252773547965,0.0,0.2980792278106307,0.0888318979629819,False,,False
morgan_556,Morgan bit,uint8,0,0,0.0,1.0,0.035457907330867955,0.0,0.18495427957200464,0.03420064413858354,False,,False
morgan_557,Morgan bit,uint8,0,0,0.0,1.0,0.04720469871655428,0.0,0.2120995076060817,0.04497641513563361,False,,False
morgan_558,Morgan bit,uint8,0,0,0.0,1.0,0.027191646726125736,0.0,0.1626592037689987,0.026452261074447307,False,,False
morgan_559,Morgan bit,uint8,0,0,0.0,1.0,0.041548836197520124,0.0,0.1995775413577887,0.039822530408151764,False,,False
morgan_560,Morgan bit,uint8,0,0,0.0,1.0,0.0023928649118990647,0.0,0.0488636726448687,0.002387139109412467,False,,False
morgan_561,Morgan bit,uint8,0,0,0.0,1.0,0.16097454861866434,0.0,0.36754745287917534,0.1350617433156816,False,,False
morgan_562,Morgan bit,uint8,0,0,0.0,1.0,0.0813574070045682,0.0,0.27341294948184663,0.07473837933006124,False,,False
morgan_563,Morgan bit,uint8,0,0,0.0,1.0,0.010659125516641287,0.0,0.10270249781255303,0.010545508559861772,False,,False
morgan_564,Morgan bit,uint8,0,0,0.0,1.0,0.02914944529040679,0.0,0.16824361088812506,0.028299755129668376,False,,False
morgan_565,Morgan bit,uint8,0,0,0.0,1.0,0.045029366978464214,0.0,0.20739112667758758,0.043001723087983,False,,False
morgan_566,Morgan bit,uint8,0,0,0.0,1.0,0.003262997607135088,0.0,0.057035586275626105,0.0032523504537509186,False,,False
morgan_567,Morgan bit,uint8,0,0,0.0,1.0,0.003915597128562106,0.0,0.06245889727945847,0.003900265227688902,False,,False
morgan_568,Morgan bit,uint8,0,0,0.0,1.0,0.03001957798564281,0.0,0.1706597155746292,0.02911840292320672,False,,False
morgan_569,Morgan bit,uint8,0,0,0.0,1.0,0.009788992821405265,0.0,0.09846460016386654,0.009693168440947742,False,,False
morgan_570,Morgan bit,uint8,0,0,0.0,1.0,0.010441592342832281,0.0,0.10166028554452286,0.010332565492178392,False,,False
morgan_571,Morgan bit,uint8,0,0,0.0,1.0,0.003262997607135088,0.0,0.057035586275626105,0.003252350453750918,False,,False
morgan_572,Morgan bit,uint8,0,0,0.0,1.0,0.0015227322166630412,0.0,0.03899672185706,0.0015204135032593773,False,,False
morgan_573,Morgan bit,uint8,0,0,0.0,1.0,0.07831194257124212,0.0,0.26869106238366686,0.0721791822219606,False,,False
morgan_574,Morgan bit,uint8,0,0,0.0,1.0,0.004785729823798129,0.0,0.06902074262184225,0.004762826613851738,False,,False
morgan_575,Morgan bit,uint8,0,0,0.0,1.0,0.05612355884272351,0.0,0.23018521027864075,0.05297370498555088,False,,False
morgan_576,Morgan bit,uint8,0,0,0.0,1.0,0.003480530780944094,0.0,0.05889967186903878,0.003468416686426994,False,,False
morgan_577,Morgan bit,uint8,0,0,0.0,1.0,0.021535784207091582,0.0,0.1451777498820439,0.02107199420567716,False,,False
morgan_578,Morgan bit,uint8,0,0,0.0,1.0,0.09593212964977159,0.0,0.29453017964922706,0.086729156150631,False,,False
morgan_579,Morgan bit,uint8,0,0,0.0,1.0,0.030889710680878833,0.0,0.17303771220188785,0.029935536454930436,False,,False
morgan_580,Morgan bit,uint8,0,0,0.0,1.0,0.1442244942353709,0.0,0.3513554384214709,0.12342378949792235,False,,False
morgan_581,Morgan bit,uint8,0,0,0.0,1.0,0.009353926473787253,0.0,0.09627277251613377,0.009266430533310232,False,,False
morgan_582,Morgan bit,uint8,0,0,0.0,1.0,0.005220796171416141,0.0,0.07207405546859239,0.005193539458752667,False,,False
morgan_583,Morgan bit,uint8,0,0,0.0,1.0,0.09723732869262562,0.0,0.2963128925703259,0.08778223060134793,False,,False
morgan_584,Morgan bit,uint8,0,0,0.0,1.0,0.011529258211877311,0.0,0.10676522859600092,0.011396334416961171,False,,False
morgan_585,Morgan bit,uint8,0,0,0.0,1.0,0.023928649118990647,0.0,0.1528435497349676,0.02335606887033088,False,,False
morgan_586,Morgan bit,uint8,0,0,0.0,1.0,0.028279312595170764,0.0,0.16578773204929192,0.027479593074315373,False,,False
morgan_587,Morgan bit,uint8,0,0,0.0,1.0,0.03567544050467696,0.0,0.18549983505937895,0.03440270344947422,False,,False
morgan_588,Morgan bit,uint8,0,0,0.0,1.0,0.035022840983249946,0.0,0.18385753994878093,0.03379624159271194,False,,False
morgan_589,Morgan bit,uint8,0,0,0.0,1.0,0.010441592342832281,0.0,0.10166028554452286,0.010332565492178392,False,,False
morgan_590,Morgan bit,uint8,0,0,0.0,1.0,0.008266260604742223,0.0,0.09055226805555071,0.00819792954035671,False,,False
morgan_591,Morgan bit,uint8,0,0,0.0,1.0,0.052425494887970416,0.0,0.22290776373654955,0.04967706237372179,False,,False
morgan_592,Morgan bit,uint8,0,0,0.0,1.0,0.17228627365673266,0.0,0.3776701488788759,0.1426037135662101,False,,False
morgan_593,Morgan bit,uint8,0,0,0.0,1.0,0.01522732216663041,0.0,0.12246923509201951,0.014995450826264061,False,,False
morgan_594,Morgan bit,uint8,0,0,0.0,1.0,0.009571459647596259,0.0,0.09737509659899928,0.009479846807810695,False,,False
morgan_595,Morgan bit,uint8,0,0,0.0,1.0,0.004350663476180117,0.0,0.06582307881457179,0.004331735203497151,False,,False
morgan_596,Morgan bit,uint8,0,0,0.0,1.0,0.00630846204046117,0.0,0.07918351650764065,0.006268665347145229,False,,False
morgan_597,Morgan bit,uint8,0,0,0.0,1.0,0.039808570807048076,0.0,0.19553047144012942,0.03822384849734832,False,,False
morgan_598,Morgan bit,uint8,0,0,0.0,1.0,0.03110724385468784,0.0,0.1736264410168769,0.030139583234452826,False,,False
morgan_599,Morgan bit,uint8,0,0,0.0,1.0,0.015662388514248424,0.0,0.12417903428482828,0.01541707810027716,False,,False
morgan_600,Morgan bit,uint8,0,0,0.0,1.0,0.03045464433326082,0.0,0.17185337792999414,0.029527158971795395,False,,False
morgan_601,Morgan bit,uint8,0,0,0.0,1.0,0.006090928866652165,0.0,0.07781482280042569,0.0060538294521935475,False,,False
morgan_602,Morgan bit,uint8,0,0,0.0,1.0,0.025451381335653687,0.0,0.15750874675847037,0.024803608523760824,False,,False
morgan_603,Morgan bit,uint8,0,0,0.0,1.0,0.012399390907113336,0.0,0.11067208512577467,0.01224564601224593,False,,False
morgan_604,Morgan bit,uint8,0,0,0.0,1.0,0.020230585164237546,0.0,0.1408034847526091,0.019821308588150077,False,,False
morgan_605,Morgan bit,uint8,0,0,0.0,1.0,0.005220796171416141,0.0,0.07207405546859239,0.005193539458752667,False,,False
morgan_606,Morgan bit,uint8,0,0,0.0,1.0,0.016967587557102457,0.0,0.1291639179672267,0.016679688529594516,False,,False
morgan_607,Morgan bit,uint8,0,0,0.0,1.0,0.03567544050467696,0.0,0.1854998350593789,0.034402703449474215,False,,False
morgan_608,Morgan bit,uint8,0,0,0.0,1.0,0.009136393299978247,0.0,0.09515718236826119,0.00905291961744636,False,,False
morgan_609,Morgan bit,uint8,0,0,0.0,1.0,0.016967587557102457,0.0,0.1291639179672267,0.016679688529594516,False,,False
morgan_610,Morgan bit,uint8,0,0,0.0,1.0,0.03763323906895802,0.0,0.19032829136672189,0.036216978386136675,False,,False
morgan_611,Morgan bit,uint8,0,0,0.0,1.0,0.004133130302371111,0.0,0.06416340941670262,0.004116047536274733,False,,False
morgan_612,Morgan bit,uint8,0,0,0.0,1.0,0.006525995214270176,0.0,0.08052836310030413,0.006483406600733497,False,,False
morgan_613,Morgan bit,uint8,0,0,0.0,1.0,0.025668914509462692,0.0,0.1581627738452886,0.02501002133736859,False,,False
morgan_614,Morgan bit,uint8,0,0,0.0,1.0,0.03458777463563193,0.0,0.18275318276903899,0.033391460481386664,False,,False
morgan_615,Morgan bit,uint8,0,0,0.0,1.0,0.0110941918642593,0.0,0.10475446468269484,0.010971110771138303,False,,False
morgan_616,Morgan bit,uint8,0,0,0.0,1.0,0.0073961279095062,0.0,0.08569143803469288,0.007341425201452423,False,,False
morgan_617,Morgan bit,uint8,0,0,0.0,1.0,0.009788992821405265,0.0,0.09846460016386653,0.009693168440947739,False,,False
morgan_618,Morgan bit,uint8,0,0,0.0,1.0,0.013922123123776376,0.0,0.11718056417950444,0.013728297611502785,False,,False
morgan_619,Morgan bit,uint8,0,0,0.0,1.0,0.01370458994996737,0.0,0.1162743099348105,0.013516774164270622,False,,False
morgan_620,Morgan bit,uint8,0,0,0.0,1.0,0.0258864476832717,0.0,0.1588138095175993,0.025216339509612933,False,,False
morgan_621,Morgan bit,uint8,0,0,0.0,1.0,0.013922123123776376,0.0,0.11718056417950443,0.013728297611502783,False,,False
morgan_622,Morgan bit,uint8,0,0,0.0,1.0,0.019360452469001522,0.0,0.13780332452863478,0.018985625349197063,False,,False
morgan_623,Morgan bit,uint8,0,0,0.0,1.0,0.02436371546660866,0.0,0.15419240172923987,0.023770124835270797,False,,False
morgan_624,Morgan bit,uint8,0,0,0.0,1.0,0.09310419839025451,0.0,0.2906100105257763,0.08443580663236265,False,,False
morgan_625,Morgan bit,uint8,0,0,0.0,1.0,0.023493582771372635,0.0,0.15148143778139161,0.022941634339937303,False,,False
morgan_626,Morgan bit,uint8,0,0,0.0,1.0,0.004350663476180117,0.0,0.06582307881457179,0.004331735203497151,False,,False
morgan_627,Morgan bit,uint8,0,0,0.0,1.0,0.01522732216663041,0.0,0.12246923509201951,0.014995450826264061,False,,False
morgan_628,Morgan bit,uint8,0,0,0.0,1.0,0.03415270828801392,0.0,0.18164106909118283,0.03298630080460774,False,,False
morgan_629,Morgan bit,uint8,0,0,0.0,1.0,0.02523384816184468,0.0,0.15685169083709774,0.02459710106878965,False,,False
morgan_630,Morgan bit,uint8,0,0,0.0,1.0,0.021970850554709594,0.0,0.14660425532460084,0.021488132280612214,False,,False
morgan_631,Morgan bit,uint8,0,0,0.0,1.0,0.010441592342832281,0.0,0.10166028554452286,0.010332565492178394,False,,False
morgan_632,Morgan bit,uint8,0,0,0.0,1.0,0.03262997607135088,0.0,0.177685476948168,0.03156526073293395,False,,False
morgan_633,Morgan bit,uint8,0,0,0.0,1.0,0.003262997607135088,0.0,0.05703558627562611,0.003252350453750919,False,,False
morgan_634,Morgan bit,uint8,0,0,0.0,1.0,0.009788992821405265,0.0,0.09846460016386653,0.00969316844094774,False,,False
morgan_635,Morgan bit,uint8,0,0,0.0,1.0,0.003915597128562106,0.0,0.06245889727945847,0.003900265227688902,False,,False
morgan_636,Morgan bit,uint8,0,0,0.0,1.0,0.011311725038068305,0.0,0.10576484900492654,0.011183769914731443,False,,False
morgan_637,Morgan bit,uint8,0,0,0.0,1.0,0.03175984337611486,0.0,0.175379150918303,0.030751155724839514,False,,False
morgan_638,Morgan bit,uint8,0,0,0.0,1.0,0.021753317380900587,0.0,0.14589290833013369,0.021280110563826393,False,,False
morgan_639,Morgan bit,uint8,0,0,0.0,1.0,0.025016314988035675,0.0,0.15619156785669797,0.024390498972455057,False,,False
morgan_640,Morgan bit,uint8,0,0,0.0,1.0,0.004568196649989123,0.0,0.06744121617622066,0.004547328229356152,False,,False
morgan_641,Morgan bit,uint8,0,0,0.0,1.0,0.04220143571894714,0.0,0.20107030921909214,0.040420474542206715,False,,False
morgan_642,Morgan bit,uint8,0,0,0.0,1.0,0.02632151403088971,0.0,0.16010705241724532,0.025628691930011386,False,,False
morgan_643,Morgan bit,uint8,0,0,0.0,1.0,0.031977376549923865,0.0,0.17595896994790136,0.03095482393890824,False,,False
morgan_644,Morgan bit,uint8,0,0,0.0,1.0,0.02436371546660866,0.0,0.15419240172923987,0.023770124835270794,False,,False
morgan_645,Morgan bit,uint8,0,0,0.0,1.0,0.05503589297367849,0.0,0.22807511735232838,0.0520069434582683,False,,False
morgan_646,Morgan bit,uint8,0,0,0.0,1.0,0.11746791385686317,0.0,0.3220120486387346,0.10366920307097977,False,,False
morgan_647,Morgan bit,uint8,0,0,0.0,1.0,0.010659125516641287,0.0,0.10270249781255303,0.010545508559861772,False,,False
morgan_648,Morgan bit,uint8,0,0,0.0,1.0,0.004133130302371111,0.0,0.06416340941670262,0.004116047536274733,False,,False
morgan_649,Morgan bit,uint8,0,0,0.0,1.0,0.05438329345225147,0.0,0.22679713421109574,0.051425750845537764,False,,False
morgan_650,Morgan bit,uint8,0,0,0.0,1.0,0.7472264520339352,1.0,0.43464948846235885,0.18887908141471235,False,,False
morgan_651,Morgan bit,uint8,0,0,0.0,1.0,0.006743528388079182,0.0,0.08185053804806365,0.006698053212958352,False,,False
morgan_652,Morgan bit,uint8,0,0,0.0,1.0,0.03959103763323907,0.0,0.19501759039557637,0.03802358737236251,False,,False
morgan_653,Morgan bit,uint8,0,0,0.0,1.0,0.05003262997607135,0.0,0.21803602311814574,0.04752936591374887,False,,False
morgan_654,Morgan bit,uint8,0,0,0.0,1.0,0.024581248640417663,0.0,0.15486196365092653,0.02397701085569563,False,,False
morgan_655,Morgan bit,uint8,0,0,0.0,1.0,0.13465303458777464,0.0,0.34138972991510347,0.11652159486407822,False,,False
morgan_656,Morgan bit,uint8,0,0,0.0,1.0,0.25386121383510984,0.0,0.4352664828681942,0.1894156979452745,False,,False
morgan_657,Morgan bit,uint8,0,0,0.0,1.0,0.008048727430933217,0.0,0.08936264638287032,0.00798394541767576,False,,False
morgan_658,Morgan bit,uint8,0,0,0.0,1.0,0.015444855340439417,0.0,0.12332728968458773,0.01520631178395232,False,,False
morgan_659,Morgan bit,uint8,0,0,0.0,1.0,0.296497715901675,0.0,0.4567627445320293,0.2085868203667646,False,,False
morgan_660,Morgan bit,uint8,0,0,0.0,1.0,0.010224059169023277,0.0,0.10060680690239028,0.010119527783131587,False,,False
morgan_661,Morgan bit,uint8,0,0,0.0,1.0,0.0147922558190124,0.0,0.12073365680005721,0.014573444986797293,False,,False
morgan_662,Morgan bit,uint8,0,0,0.0,1.0,0.0073961279095062,0.0,0.08569143803469288,0.007341425201452423,False,,False
morgan_663,Morgan bit,uint8,0,0,0.0,1.0,0.0147922558190124,0.0,0.12073365680005721,0.014573444986797293,False,,False
morgan_664,Morgan bit,uint8,0,0,0.0,1.0,0.005873395692843159,0.0,0.07642100068994101,0.005838898915878449,False,,False
morgan_665,Morgan bit,uint8,0,0,0.0,1.0,0.010876658690450293,0.0,0.10373378328647555,0.010758356986181742,False,,False
morgan_666,Morgan bit,uint8,0,0,0.0,1.0,0.016532521209484445,0.0,0.1275254274104683,0.01625919695194239,False,,False
morgan_667,Morgan bit,uint8,0,0,0.0,1.0,0.2927996519469219,0.0,0.4550967696326563,0.2070680157666833,False,,False
morgan_668,Morgan bit,uint8,0,0,0.0,1.0,0.05503589297367849,0.0,0.22807511735232838,0.0520069434582683,False,,False
morgan_669,Morgan bit,uint8,0,0,0.0,1.0,0.04872743093321732,0.0,0.21532104851102796,0.046353068407865856,False,,False
morgan_670,Morgan bit,uint8,0,0,0.0,1.0,0.016532521209484445,0.0,0.1275254274104683,0.01625919695194239,False,,False
morgan_671,Morgan bit,uint8,0,0,0.0,1.0,0.004785729823798129,0.0,0.06902074262184225,0.004762826613851738,False,,False
morgan_672,Morgan bit,uint8,0,0,0.0,1.0,0.03001957798564281,0.0,0.17065971557462925,0.029118402923206735,False,,False
morgan_673,Morgan bit,uint8,0,0,0.0,1.0,0.08723080269741136,0.0,0.2822036744336759,0.07962158975817664,False,,False
morgan_674,Morgan bit,uint8,0,0,0.0,1.0,0.053948227104633456,0.0,0.22594008216924769,0.05103781589690034,False,,False
morgan_675,Morgan bit,uint8,0,0,0.0,1.0,0.08962366760931043,0.0,0.28567292220714263,0.08159126581356627,False,,False
morgan_676,Morgan bit,uint8,0,0,0.0,1.0,0.014574722645203394,0.0,0.11985585117767733,0.014362300105018787,False,,False
morgan_677,Morgan bit,uint8,0,0,0.0,1.0,0.01805525342614749,0.0,0.13316575682763687,0.017729261249865076,False,,False
morgan_678,Morgan bit,uint8,0,0,0.0,1.0,0.005220796171416141,0.0,0.07207405546859239,0.005193539458752667,False,,False
morgan_679,Morgan bit,uint8,0,0,0.0,1.0,0.039808570807048076,0.0,0.19553047144012942,0.03822384849734832,False,,False
morgan_680,Morgan bit,uint8,0,0,0.0,1.0,0.03806830541657603,0.0,0.19138201886181658,0.036619109539286314,False,,False
morgan_681,Morgan bit,uint8,0,0,0.0,1.0,0.0023928649118990647,0.0,0.0488636726448687,0.002387139109412467,False,,False
morgan_682,Morgan bit,uint8,0,0,0.0,1.0,0.005438329345225147,0.0,0.07355223149956777,0.0054087539191580115,False,,False
morgan_683,Morgan bit,uint8,0,0,0.0,1.0,0.004785729823798129,0.0,0.06902074262184225,0.004762826613851738,False,,False
morgan_684,Morgan bit,uint8,0,0,0.0,1.0,0.03001957798564281,0.0,0.1706597155746292,0.02911840292320672,False,,False
morgan_685,Morgan bit,uint8,0,0,0.0,1.0,0.0006525995214270176,0.0,0.02554046858537302,0.0006521736352916508,False,,False
morgan_686,Morgan bit,uint8,0,0,0.0,1.0,0.007831194257124212,0.0,0.088156436095954,0.007769866653631399,False,,False
morgan_687,Morgan bit,uint8,0,0,0.0,1.0,0.020665651511855558,0.0,0.14227784746900002,0.0202385823594461,False,,False
morgan_688,Morgan bit,uint8,0,0,0.0,1.0,0.016967587557102457,0.0,0.1291639179672267,0.016679688529594516,False,,False
morgan_689,Morgan bit,uint8,0,0,0.0,1.0,0.026756580378507724,0.0,0.16138875960290003,0.026040665784956184,False,,False
morgan_690,Morgan bit,uint8,0,0,0.0,1.0,0.02001305199042854,0.0,0.1400599765978062,0.019612529740456942,False,,False
morgan_691,Morgan bit,uint8,0,0,0.0,1.0,0.028714378942788776,0.0,0.1670207522293933,0.027889863384718702,False,,False
morgan_692,Morgan bit,uint8,0,0,0.0,1.0,0.011964324559495323,0.0,0.10873707534936088,0.01182117949733038,False,,False
morgan_693,Morgan bit,uint8,0,0,0.0,1.0,0.016967587557102457,0.0,0.12916391796722673,0.01667968852959452,False,,False
morgan_694,Morgan bit,uint8,0,0,0.0,1.0,0.17489667174244072,0.0,0.3799200238543288,0.14430782595585764,False,,False
morgan_695,Morgan bit,uint8,0,0,0.0,1.0,0.591472699586687,1.0,0.4916150117775127,0.24163274523032374,False,,False
morgan_696,Morgan bit,uint8,0,0,0.0,1.0,0.005655862519034153,0.0,0.07500064922043509,0.005623873738199937,False,,False
morgan_697,Morgan bit,uint8,0,0,0.0,1.0,0.009353926473787253,0.0,0.09627277251613377,0.009266430533310232,False,,False
morgan_698,Morgan bit,uint8,0,0,0.0,1.0,0.2364585599303894,0.0,0.4249531652266316,0.18054590936603582,False,,False
morgan_699,Morgan bit,uint8,0,0,0.0,1.0,0.09440939743310856,0.0,0.2924292485876039,0.0854962631094259,False,,False
morgan_700,Morgan bit,uint8,0,0,0.0,1.0,0.023058516423754623,0.0,0.1501057048923444,0.02252682124409006,False,,False
morgan_701,Morgan bit,uint8,0,0,0.0,1.0,0.0110941918642593,0.0,0.10475446468269482,0.010971110771138302,False,,False
morgan_702,Morgan bit,uint8,0,0,0.0,1.0,0.03632804002610398,0.0,0.18712544097609018,0.03500831353396576,False,,False
morgan_703,Morgan bit,uint8,0,0,0.0,1.0,0.04089623667609311,0.0,0.19807137304966263,0.03922373450182609,False,,False
morgan_704,Morgan bit,uint8,0,0,0.0,1.0,0.01370458994996737,0.0,0.1162743099348105,0.01351677416427062,False,,False
morgan_705,Morgan bit,uint8,0,0,0.0,1.0,0.14096149662823582,0.0,0.3480196836592663,0.12109135309656369,False,,False
morgan_706,Morgan bit,uint8,0,0,0.0,1.0,0.026103980857080704,0.0,0.15946189041458525,0.025422563040493867,False,,False
morgan_707,Morgan bit,uint8,0,0,0.0,1.0,0.007613661083315205,0.0,0.08693294668751647,0.007555693248223618,False,,False
morgan_708,Morgan bit,uint8,0,0,0.0,1.0,0.018272786599956493,0.0,0.13395071863553887,0.017938891869828947,False,,False
morgan_709,Morgan bit,uint8,0,0,0.0,1.0,0.12290624320208832,0.0,0.32836527500242707,0.10780029858403746,False,,False
morgan_710,Morgan bit,uint8,0,0,0.0,1.0,0.023058516423754623,0.0,0.1501057048923444,0.022526821244090056,False,,False
morgan_711,Morgan bit,uint8,0,0,0.0,1.0,0.014357189471394388,0.0,0.11897117120034392,0.01415106058187687,False,,False
morgan_712,Morgan bit,uint8,0,0,0.0,1.0,0.19142919295192518,0.0,0.3934688488698476,0.15478405703769976,False,,False
morgan_713,Morgan bit,uint8,0,0,0.0,1.0,0.0482923645855993,0.0,0.21440665137649417,0.045960212108330865,False,,False
morgan_714,Morgan bit,uint8,0,0,0.0,1.0,0.3041113769849902,0.0,0.46008009457444005,0.2116276473732834,False,,False
morgan_715,Morgan bit,uint8,0,0,0.0,1.0,0.09005873395692843,0.0,0.28629702882962926,0.08194815839500363,False,,False
morgan_716,Morgan bit,uint8,0,0,0.0,1.0,0.03850337176419404,0.0,0.19242899247476075,0.03702086212698231,False,,False
morgan_717,Morgan bit,uint8,0,0,0.0,1.0,0.016750054383293453,0.0,0.12834747173751151,0.016469490061450164,False,,False
morgan_718,Morgan bit,uint8,0,0,0.0,1.0,0.2662606047422232,0.0,0.44205022668765115,0.19536589510452881,False,,False
morgan_719,Morgan bit,uint8,0,0,0.0,1.0,0.00891886012616924,0.0,0.09402785397228984,0.00883931406021907,False,,False
morgan_720,Morgan bit,uint8,0,0,0.0,1.0,0.02849684576897977,0.0,0.16640552640353587,0.027684775550198753,False,,False
morgan_721,Morgan bit,uint8,0,0,0.0,1.0,0.0626495540569937,0.0,0.24235792695686822,0.058724587433453504,False,,False
morgan_722,Morgan bit,uint8,0,0,0.0,1.0,0.004568196649989123,0.0,0.06744121617622066,0.004547328229356152,False,,False
morgan_723,Morgan bit,uint8,0,0,0.0,1.0,0.02371111594518164,0.0,0.15216417342768085,0.023148898925815797,False,,False
morgan_724,Morgan bit,uint8,0,0,0.0,1.0,0.02914944529040679,0.0,0.16824361088812506,0.028299755129668376,False,,False
morgan_725,Morgan bit,uint8,0,0,0.0,1.0,0.05655862519034153,0.0,0.23102241698075712,0.05335974710692,False,,False
morgan_726,Morgan bit,uint8,0,0,0.0,1.0,0.9527953012834457,1.0,0.21209950760608173,0.044976415135633614,False,,False
morgan_727,Morgan bit,uint8,0,0,0.0,1.0,0.019795518816619534,0.0,0.13931216066346214,0.019403656251400395,False,,False
morgan_728,Morgan bit,uint8,0,0,0.0,1.0,0.0443767674570372,0.0,0.2059531427432546,0.042407469967101236,False,,False
morgan_729,Morgan bit,uint8,0,0,0.0,1.0,0.006090928866652165,0.0,0.07781482280042569,0.0060538294521935475,False,,False
morgan_730,Morgan bit,uint8,0,0,0.0,1.0,0.34370241461822926,0.0,0.4749948890987917,0.22557106480382808,False,,False
morgan_731,Morgan bit,uint8,0,0,0.0,1.0,0.013487056776158364,0.0,0.11536052625681914,0.013305156075675046,False,,False
morgan_732,Morgan bit,uint8,0,0,0.0,1.0,0.016097454861866433,0.0,0.12586410497031572,0.01583832680883661,False,,False
morgan_733,Morgan bit,uint8,0,0,0.0,1.0,0.0023928649118990647,0.0,0.0488636726448687,0.002387139109412467,False,,False
morgan_734,Morgan bit,uint8,0,0,0.0,1.0,0.1035457907330868,0.0,0.3047035553786136,0.09282405995454658,False,,False
morgan_735,Morgan bit,uint8,0,0,0.0,1.0,0.009788992821405265,0.0,0.09846460016386654,0.009693168440947742,False,,False
morgan_736,Morgan bit,uint8,0,0,0.0,1.0,0.05699369153795954,0.0,0.23185578409092464,0.05374541066283547,False,,False
morgan_737,Morgan bit,uint8,0,0,0.0,1.0,0.008483793778551229,0.0,0.09172594654460187,0.008411819021674248,False,,False
morgan_738,Morgan bit,uint8,0,0,0.0,1.0,0.015444855340439417,0.0,0.12332728968458771,0.015206311783952316,False,,False
morgan_739,Morgan bit,uint8,0,0,0.0,1.0,0.03959103763323907,0.0,0.19501759039557637,0.03802358737236251,False,,False
morgan_740,Morgan bit,uint8,0,0,0.0,1.0,0.024581248640417663,0.0,0.15486196365092653,0.02397701085569563,False,,False
morgan_741,Morgan bit,uint8,0,0,0.0,1.0,0.18838372851859908,0.0,0.39106082184801066,0.15289529934802987,False,,False
morgan_742,Morgan bit,uint8,0,0,0.0,1.0,0.04568196649989123,0.0,0.2088171685608614,0.04359512443659405,False,,False
morgan_743,Morgan bit,uint8,0,0,0.0,1.0,0.01783772025233848,0.0,0.13237578289861712,0.017519535988537796,False,,False
morgan_744,Morgan bit,uint8,0,0,0.0,1.0,0.03154231020230585,0.0,0.17479713780999911,0.030547392869407372,False,,False
morgan_745,Morgan bit,uint8,0,0,0.0,1.0,0.07635414400696106,0.0,0.2655927961909026,0.07052418869992533,False,,False
morgan_746,Morgan bit,uint8,0,0,0.0,1.0,0.013269523602349358,0.0,0.11443903278046617,0.013093443345716053,False,,False
morgan_747,Morgan bit,uint8,0,0,0.0,1.0,0.16945834239721558,0.0,0.3751970620232301,0.14074221258920364,False,,False
morgan_748,Morgan bit,uint8,0,0,0.0,1.0,0.005873395692843159,0.0,0.07642100068994101,0.005838898915878448,False,,False
morgan_749,Morgan bit,uint8,0,0,0.0,1.0,0.048074831411790295,0.0,0.2139476554506843,0.04576364199651825,False,,False
morgan_750,Morgan bit,uint8,0,0,0.0,1.0,0.02110071785947357,0.0,0.1437357707549646,0.020655477565288467,False,,False
morgan_751,Morgan bit,uint8,0,0,0.0,1.0,0.04415923428322819,0.0,0.20547111770024296,0.04220919631074716,False,,False
morgan_752,Morgan bit,uint8,0,0,0.0,1.0,0.026539047204698716,0.0,0.1607493306702344,0.025834726178165485,False,,False
morgan_753,Morgan bit,uint8,0,0,0.0,1.0,0.06525995214270176,0.0,0.24701085692163505,0.06100109078903404,False,,False
morgan_754,Morgan bit,uint8,0,0,0.0,1.0,0.020448118338046554,0.0,0.14154275301273075,0.0200299927944798,False,,False
morgan_755,Morgan bit,uint8,0,0,0.0,1.0,0.0221883837285186,0.0,0.14731184608028366,0.02169605935603461,False,,False
morgan_756,Morgan bit,uint8,0,0,0.0,1.0,0.0026103980857080703,0.0,0.05103087689471012,0.002603583907542202,False,,False
morgan_757,Morgan bit,uint8,0,0,0.0,1.0,0.023058516423754623,0.0,0.1501057048923444,0.02252682124409006,False,,False
morgan_758,Morgan bit,uint8,0,0,0.0,1.0,0.010224059169023277,0.0,0.1006068069023903,0.01011952778313159,False,,False
morgan_759,Morgan bit,uint8,0,0,0.0,1.0,0.07678921035457907,0.0,0.2662856593611124,0.07089262752769927,False,,False
morgan_760,Morgan bit,uint8,0,0,0.0,1.0,0.01587992168805743,0.0,0.12502459785547548,0.01562774977523859,False,,False
morgan_761,Morgan bit,uint8,0,0,0.0,1.0,0.016750054383293453,0.0,0.12834747173751151,0.016469490061450164,False,,False
morgan_762,Morgan bit,uint8,0,0,0.0,1.0,0.018490319773765498,0.0,0.1347307559264838,0.018148427848429398,False,,False
morgan_763,Morgan bit,uint8,0,0,0.0,1.0,0.008266260604742223,0.0,0.09055226805555071,0.00819792954035671,False,,False
morgan_764,Morgan bit,uint8,0,0,0.0,1.0,0.020665651511855558,0.0,0.14227784746900002,0.0202385823594461,False,,False
morgan_765,Morgan bit,uint8,0,0,0.0,1.0,0.003480530780944094,0.0,0.05889967186903877,0.0034684166864269936,False,,False
morgan_766,Morgan bit,uint8,0,0,0.0,1.0,0.019360452469001522,0.0,0.13780332452863478,0.018985625349197063,False,,False
morgan_767,Morgan bit,uint8,0,0,0.0,1.0,0.23232542962801828,0.0,0.42236137362427173,0.178350324376175,False,,False
morgan_768,Morgan bit,uint8,0,0,0.0,1.0,0.023058516423754623,0.0,0.1501057048923444,0.02252682124409006,False,,False
morgan_769,Morgan bit,uint8,0,0,0.0,1.0,0.017620187078529477,0.0,0.13158070657437118,0.01730971608584709,False,,False
morgan_770,Morgan bit,uint8,0,0,0.0,1.0,0.006525995214270176,0.0,0.08052836310030413,0.006483406600733497,False,,False
morgan_771,Morgan bit,uint8,0,0,0.0,1.0,0.04720469871655428,0.0,0.2120995076060817,0.04497641513563361,False,,False
morgan_772,Morgan bit,uint8,0,0,0.0,1.0,0.008483793778551229,0.0,0.09172594654460184,0.008411819021674243,False,,False
morgan_773,Morgan bit,uint8,0,0,0.0,1.0,0.01261692408092234,0.0,0.11162637622188801,0.012457737307658584,False,,False
morgan_774,Morgan bit,uint8,0,0,0.0,1.0,0.006743528388079182,0.0,0.08185053804806365,0.006698053212958352,False,,False
morgan_775,Morgan bit,uint8,0,0,0.0,1.0,0.012834457254731346,0.0,0.11257215752049317,0.012669733961707823,False,,False
morgan_776,Morgan bit,uint8,0,0,0.0,1.0,0.015662388514248424,0.0,0.12417903428482828,0.01541707810027716,False,,False
morgan_777,Morgan bit,uint8,0,0,0.0,1.0,0.0021753317380900587,0.0,0.04659476311873672,0.0021705996699193167,False,,False
morgan_778,Morgan bit,uint8,0,0,0.0,1.0,0.001957798564281053,0.0,0.04420849164902549,0.0019539655890627524,False,,False
morgan_779,Morgan bit,uint8,0,0,0.0,1.0,0.10615618881879486,0.0,0.30807093009081676,0.09488705239426323,False,,False
morgan_780,Morgan bit,uint8,0,0,0.0,1.0,0.019360452469001522,0.0,0.13780332452863475,0.01898562534919706,False,,False
morgan_781,Morgan bit,uint8,0,0,0.0,1.0,0.12442897541875136,0.0,0.3301062103458422,0.10894640549499111,False,,False
morgan_782,Morgan bit,uint8,0,0,0.0,1.0,0.005655862519034153,0.0,0.07500064922043509,0.005623873738199937,False,,False
morgan_783,Morgan bit,uint8,0,0,0.0,1.0,0.009788992821405265,0.0,0.09846460016386653,0.00969316844094774,False,,False
morgan_784,Morgan bit,uint8,0,0,0.0,1.0,0.24298455514465955,0.0,0.4289324929751754,0.18394306110581143,False,,False
morgan_785,Morgan bit,uint8,0,0,0.0,1.0,0.06417228627365673,0.0,0.2450862512914141,0.060054203948068596,False,,False
morgan_786,Morgan bit,uint8,0,0,0.0,1.0,0.05851642375462258,0.0,0.23474292088489374,0.05509225190559202,False,,False
morgan_787,Morgan bit,uint8,0,0,0.0,1.0,0.04872743093321732,0.0,0.21532104851102796,0.04635306840786586,False,,False
morgan_788,Morgan bit,uint8,0,0,0.0,1.0,0.006743528388079182,0.0,0.08185053804806366,0.006698053212958353,False,,False
morgan_789,Morgan bit,uint8,0,0,0.0,1.0,0.01805525342614749,0.0,0.13316575682763687,0.017729261249865076,False,,False
morgan_790,Morgan bit,uint8,0,0,0.0,1.0,0.061996954535566674,0.0,0.24117625338173077,0.058153332163881556,False,,False
morgan_791,Morgan bit,uint8,0,0,0.0,1.0,0.013922123123776376,0.0,0.11718056417950443,0.013728297611502783,False,,False
morgan_792,Morgan bit,uint8,0,0,0.0,1.0,0.11398738307591907,0.0,0.31783051136950613,0.10099425957542275,False,,False
morgan_793,Morgan bit,uint8,0,0,0.0,1.0,0.01261692408092234,0.0,0.11162637622188801,0.012457737307658584,False,,False
morgan_794,Morgan bit,uint8,0,0,0.0,1.0,0.054165760278442464,0.0,0.22636911834321363,0.051231830691900765,False,,False
morgan_795,Morgan bit,uint8,0,0,0.0,1.0,0.027191646726125736,0.0,0.1626592037689987,0.026452261074447307,False,,False
morgan_796,Morgan bit,uint8,0,0,0.0,1.0,0.01370458994996737,0.0,0.1162743099348105,0.013516774164270622,False,,False
morgan_797,Morgan bit,uint8,0,0,0.0,1.0,0.006525995214270176,0.0,0.08052836310030413,0.006483406600733497,False,,False
morgan_798,Morgan bit,uint8,0,0,0.0,1.0,0.026756580378507724,0.0,0.16138875960290003,0.02604066578495618,False,,False
morgan_799,Morgan bit,uint8,0,0,0.0,1.0,0.04720469871655428,0.0,0.2120995076060817,0.04497641513563361,False,,False
morgan_800,Morgan bit,uint8,0,0,0.0,1.0,0.1333478355449206,0.0,0.3399872574824345,0.1155661903004054,False,,False
morgan_801,Morgan bit,uint8,0,0,0.0,1.0,0.03480530780944094,0.0,0.18330632213618123,0.033593898357731015,False,,False
morgan_802,Morgan bit,uint8,0,0,0.0,1.0,0.03045464433326082,0.0,0.17185337792999414,0.029527158971795395,False,,False
morgan_803,Morgan bit,uint8,0,0,0.0,1.0,0.03262997607135088,0.0,0.17768547694816803,0.03156526073293395,False,,False
morgan_804,Morgan bit,uint8,0,0,0.0,1.0,0.035457907330867955,0.0,0.18495427957200464,0.03420064413858354,False,,False
morgan_805,Morgan bit,uint8,0,0,0.0,1.0,0.0023928649118990647,0.0,0.0488636726448687,0.0023871391094124673,False,,False
morgan_806,Morgan bit,uint8,0,0,0.0,1.0,0.05351316075701545,0.0,0.22507892555080522,0.05064950238280927,False,,False
morgan_807,Morgan bit,uint8,0,0,0.0,1.0,0.5999564933652382,1.0,0.4899601214875565,0.24000869943412506,False,,False
morgan_808,Morgan bit,uint8,0,0,0.0,1.0,0.020665651511855558,0.0,0.14227784746900002,0.0202385823594461,False,,False
morgan_809,Morgan bit,uint8,0,0,0.0,1.0,0.032412442897541874,0.0,0.17711211188358345,0.03136187644295547,False,,False
morgan_810,Morgan bit,uint8,0,0,0.0,1.0,0.003915597128562106,0.0,0.06245889727945847,0.003900265227688902,False,,False
morgan_811,Morgan bit,uint8,0,0,0.0,1.0,0.005003262997607135,0.0,0.0705642510259829,0.004978230356983912,False,,False
morgan_812,Morgan bit,uint8,0,0,0.0,1.0,0.005003262997607135,0.0,0.0705642510259829,0.004978230356983911,False,,False
morgan_813,Morgan bit,uint8,0,0,0.0,1.0,0.047639765064172286,0.0,0.21302603015524788,0.04537021784880275,False,,False
morgan_814,Morgan bit,uint8,0,0,0.0,1.0,0.014139656297585382,0.0,0.1180794623551531,0.013939726417371536,False,,False
morgan_815,Morgan bit,uint8,0,0,0.0,1.0,0.014357189471394388,0.0,0.11897117120034392,0.01415106058187687,False,,False
morgan_816,Morgan bit,uint8,0,0,0.0,1.0,0.13117250380683054,0.0,0.33762564311998694,0.11396627805187759,False,,False
morgan_817,Morgan bit,uint8,0,0,0.0,1.0,0.005655862519034153,0.0,0.0750006492204351,0.0056238737381999375,False,,False
morgan_818,Morgan bit,uint8,0,0,0.0,1.0,0.006961061561888188,0.0,0.0831511228543853,0.0069126051838197915,False,,False
morgan_819,Morgan bit,uint8,0,0,0.0,1.0,0.008266260604742223,0.0,0.09055226805555071,0.00819792954035671,False,,False
morgan_820,Morgan bit,uint8,0,0,0.0,1.0,0.006961061561888188,0.0,0.0831511228543853,0.0069126051838197915,False,,False
morgan_821,Morgan bit,uint8,0,0,0.0,1.0,0.0036980639547531,0.0,0.06070576520233443,0.0036843882777396566,False,,False
morgan_822,Morgan bit,uint8,0,0,0.0,1.0,0.020448118338046554,0.0,0.14154275301273073,0.020029992794479798,False,,False
morgan_823,Morgan bit,uint8,0,0,0.0,1.0,0.010876658690450293,0.0,0.10373378328647556,0.010758356986181746,False,,False
morgan_824,Morgan bit,uint8,0,0,0.0,1.0,0.0023928649118990647,0.0,0.0488636726448687,0.002387139109412467,False,,False
morgan_825,Morgan bit,uint8,0,0,0.0,1.0,0.01805525342614749,0.0,0.13316575682763687,0.017729261249865076,False,,False
morgan_826,Morgan bit,uint8,0,0,0.0,1.0,0.00630846204046117,0.0,0.07918351650764066,0.00626866534714523,False,,False
morgan_827,Morgan bit,uint8,0,0,0.0,1.0,0.02001305199042854,0.0,0.1400599765978062,0.019612529740456942,False,,False
morgan_828,Morgan bit,uint8,0,0,0.0,1.0,0.029366978464215793,0.0,0.16885129871115218,0.028504559040098076,False,,False
morgan_829,Morgan bit,uint8,0,0,0.0,1.0,0.02371111594518164,0.0,0.15216417342768085,0.0231488989258158,False,,False
morgan_830,Morgan bit,uint8,0,0,0.0,1.0,0.023493582771372635,0.0,0.15148143778139161,0.022941634339937303,False,,False
morgan_831,Morgan bit,uint8,0,0,0.0,1.0,0.41353056341092015,0.0,0.49251985220971456,0.24252303653596716,False,,False
morgan_832,Morgan bit,uint8,0,0,0.0,1.0,0.10463345660213183,0.0,0.3061138357795921,0.09368529636162162,False,,False
morgan_833,Morgan bit,uint8,0,0,0.0,1.0,0.018272786599956493,0.0,0.13395071863553887,0.017938891869828943,False,,False
morgan_834,Morgan bit,uint8,0,0,0.0,1.0,0.033717641940395914,0.0,0.18052105556178155,0.032580762562375166,False,,False
morgan_835,Morgan bit,uint8,0,0,0.0,1.0,0.06982814879269089,0.0,0.25488489707443684,0.06495217842887673,False,,False
morgan_836,Morgan bit,uint8,0,0,0.0,1.0,0.016750054383293453,0.0,0.12834747173751151,0.016469490061450164,False,,False
morgan_837,Morgan bit,uint8,0,0,0.0,1.0,0.01000652599521427,0.0,0.09954170418091224,0.009906395432721373,False,,False
morgan_838,Morgan bit,uint8,0,0,0.0,1.0,0.06765281705460083,0.0,0.2511765066407582,0.06307591339917755,False,,False
morgan_839,Morgan bit,uint8,0,0,0.0,1.0,0.016750054383293453,0.0,0.12834747173751151,0.016469490061450164,False,,False
morgan_840,Morgan bit,uint8,0,0,0.0,1.0,0.0021753317380900587,0.0,0.04659476311873672,0.0021705996699193167,False,,False
morgan_841,Morgan bit,uint8,0,0,0.0,1.0,0.3195562323254296,0.0,0.4663553981916893,0.21744004670740563,False,,False
morgan_842,Morgan bit,uint8,0,0,0.0,1.0,0.09571459647596259,0.0,0.29423144769183046,0.08655331249740623,False,,False
morgan_843,Morgan bit,uint8,0,0,0.0,1.0,0.06330215357842071,0.0,0.2435321177274422,0.05929499093075474,False,,False
morgan_844,Morgan bit,uint8,0,0,0.0,1.0,0.015009788992821405,0.0,0.12160473693547853,0.014784495227212383,False,,False
morgan_845,Morgan bit,uint8,0,0,0.0,1.0,0.035457907330867955,0.0,0.18495427957200464,0.03420064413858354,False,,False
morgan_846,Morgan bit,uint8,0,0,0.0,1.0,0.0026103980857080703,0.0,0.05103087689471013,0.0026035839075422024,False,,False
morgan_847,Morgan bit,uint8,0,0,0.0,1.0,0.011964324559495323,0.0,0.10873707534936086,0.011821179497330378,False,,False
morgan_848,Morgan bit,uint8,0,0,0.0,1.0,0.013269523602349358,0.0,0.11443903278046617,0.013093443345716054,False,,False
morgan_849,Morgan bit,uint8,0,0,0.0,1.0,0.9906460735262127,1.0,0.09627277251613377,0.009266430533310232,False,,False
morgan_850,Morgan bit,uint8,0,0,0.0,1.0,0.01261692408092234,0.0,0.11162637622188801,0.012457737307658584,False,,False
morgan_851,Morgan bit,uint8,0,0,0.0,1.0,0.011311725038068305,0.0,0.10576484900492654,0.011183769914731443,False,,False
morgan_852,Morgan bit,uint8,0,0,0.0,1.0,0.11899064607352622,0.0,0.3238127261121874,0.10483187222053102,False,,False
morgan_853,Morgan bit,uint8,0,0,0.0,1.0,0.00630846204046117,0.0,0.07918351650764065,0.006268665347145229,False,,False
morgan_854,Morgan bit,uint8,0,0,0.0,1.0,0.00891886012616924,0.0,0.09402785397228983,0.008839314060219068,False,,False
morgan_855,Morgan bit,uint8,0,0,0.0,1.0,0.05307809440939743,0.0,0.22421361706136694,0.05026081030326453,False,,False
morgan_856,Morgan bit,uint8,0,0,0.0,1.0,0.02893191211659778,0.0,0.16763343780687484,0.028094856577875246,False,,False
morgan_857,Morgan bit,uint8,0,0,0.0,1.0,0.005003262997607135,0.0,0.0705642510259829,0.004978230356983911,False,,False
morgan_858,Morgan bit,uint8,0,0,0.0,1.0,0.005003262997607135,0.0,0.0705642510259829,0.004978230356983911,False,,False
morgan_859,Morgan bit,uint8,0,0,0.0,1.0,0.016532521209484445,0.0,0.1275254274104683,0.01625919695194239,False,,False
morgan_860,Morgan bit,uint8,0,0,0.0,1.0,0.04524690015227322,0.0,0.20786778868697625,0.04319961817888345,False,,False
morgan_861,Morgan bit,uint8,0,0,0.0,1.0,0.009353926473787253,0.0,0.09627277251613377,0.009266430533310232,False,,False
morgan_862,Morgan bit,uint8,0,0,0.0,1.0,0.0036980639547531,0.0,0.06070576520233443,0.0036843882777396566,False,,False
morgan_863,Morgan bit,uint8,0,0,0.0,1.0,0.018707852947574505,0.0,0.1355059537441461,0.018357869185666436,False,,False
morgan_864,Morgan bit,uint8,0,0,0.0,1.0,0.036763106373721995,0.0,0.1882001202258158,0.03541158038347639,False,,False
morgan_865,Morgan bit,uint8,0,0,0.0,1.0,0.043289101587992165,0.0,0.20352927652327196,0.04141515527169667,False,,False
morgan_866,Morgan bit,uint8,0,0,0.0,1.0,0.004133130302371111,0.0,0.06416340941670262,0.004116047536274733,False,,False
morgan_867,Morgan bit,uint8,0,0,0.0,1.0,0.003262997607135088,0.0,0.057035586275626105,0.0032523504537509186,False,,False
morgan_868,Morgan bit,uint8,0,0,0.0,1.0,0.02479878181422667,0.0,0.1555283387638888,0.02418380223475705,False,,False
morgan_869,Morgan bit,uint8,0,0,0.0,1.0,0.0110941918642593,0.0,0.10475446468269484,0.010971110771138303,False,,False
morgan_870,Morgan bit,uint8,0,0,0.0,1.0,0.0110941918642593,0.0,0.10475446468269482,0.010971110771138302,False,,False
morgan_871,Morgan bit,uint8,0,0,0.0,1.0,0.011964324559495323,0.0,0.10873707534936088,0.01182117949733038,False,,False
morgan_872,Morgan bit,uint8,0,0,0.0,1.0,0.03110724385468784,0.0,0.1736264410168769,0.030139583234452826,False,,False
morgan_873,Morgan bit,uint8,0,0,0.0,1.0,0.02001305199042854,0.0,0.1400599765978062,0.019612529740456942,False,,False
morgan_874,Morgan bit,uint8,0,0,0.0,1.0,0.013269523602349358,0.0,0.11443903278046616,0.013093443345716051,False,,False
morgan_875,Morgan bit,uint8,0,0,0.0,1.0,0.6697846421579291,1.0,0.47034168245906965,0.22117317528730399,False,,False
morgan_876,Morgan bit,uint8,0,0,0.0,1.0,0.011964324559495323,0.0,0.10873707534936088,0.011821179497330381,False,,False
morgan_877,Morgan bit,uint8,0,0,0.0,1.0,0.010876658690450293,0.0,0.10373378328647555,0.010758356986181742,False,,False
morgan_878,Morgan bit,uint8,0,0,0.0,1.0,0.03893843811181205,0.0,0.193469321852991,0.03742223614922463,False,,False
morgan_879,Morgan bit,uint8,0,0,0.0,1.0,0.029802044811833805,0.0,0.17005932504309196,0.028913882936867256,False,,False
morgan_880,Morgan bit,uint8,0,0,0.0,1.0,0.010659125516641287,0.0,0.10270249781255303,0.010545508559861772,False,,False
morgan_881,Morgan bit,uint8,0,0,0.0,1.0,0.23798129214705244,0.0,0.4258939470479693,0.1813461967350717,False,,False
morgan_882,Morgan bit,uint8,0,0,0.0,1.0,0.005438329345225147,0.0,0.07355223149956777,0.005408753919158011,False,,False
morgan_883,Morgan bit,uint8,0,0,0.0,1.0,0.017620187078529477,0.0,0.13158070657437118,0.017309716085847093,False,,False
morgan_884,Morgan bit,uint8,0,0,0.0,1.0,0.003262997607135088,0.0,0.057035586275626105,0.0032523504537509186,False,,False
morgan_885,Morgan bit,uint8,0,0,0.0,1.0,0.019360452469001522,0.0,0.13780332452863478,0.018985625349197063,False,,False
morgan_886,Morgan bit,uint8,0,0,0.0,1.0,0.016967587557102457,0.0,0.1291639179672267,0.016679688529594516,False,,False
morgan_887,Morgan bit,uint8,0,0,0.0,1.0,0.2995431803350011,0.0,0.45810775539426574,0.20981706344979414,False,,False
morgan_888,Morgan bit,uint8,0,0,0.0,1.0,0.04894496410702632,0.0,0.2157764649531052,0.04654935459558824,False,,False
morgan_889,Morgan bit,uint8,0,0,0.0,1.0,0.0023928649118990647,0.0,0.0488636726448687,0.002387139109412467,False,,False
morgan_890,Morgan bit,uint8,0,0,0.0,1.0,0.03567544050467696,0.0,0.1854998350593789,0.034402703449474215,False,,False
morgan_891,Morgan bit,uint8,0,0,0.0,1.0,0.0406787035022841,0.0,0.1975662861767002,0.039023946583657355,False,,False
morgan_892,Morgan bit,uint8,0,0,0.0,1.0,0.020448118338046554,0.0,0.14154275301273073,0.020029992794479798,False,,False
morgan_893,Morgan bit,uint8,0,0,0.0,1.0,0.5534043941701109,1.0,0.4971938709030329,0.24714797068332348,False,,False
morgan_894,Morgan bit,uint8,0,0,0.0,1.0,0.011746791385686317,0.0,0.10775588210080331,0.011608804277827482,False,,False
morgan_895,Morgan bit,uint8,0,0,0.0,1.0,0.0147922558190124,0.0,0.12073365680005721,0.01457344498679729,False,,False
morgan_896,Morgan bit,uint8,0,0,0.0,1.0,0.12682184033065041,0.0,0.3328094884300035,0.11073806114579743,False,,False
morgan_897,Morgan bit,uint8,0,0,0.0,1.0,0.02110071785947357,0.0,0.1437357707549646,0.020655477565288467,False,,False
morgan_898,Morgan bit,uint8,0,0,0.0,1.0,0.021753317380900587,0.0,0.14589290833013366,0.02128011056382639,False,,False
morgan_899,Morgan bit,uint8,0,0,0.0,1.0,0.03306504241896889,0.0,0.17882589806093888,0.03197174538880069,False,,False
morgan_900,Morgan bit,uint8,0,0,0.0,1.0,0.003480530780944094,0.0,0.05889967186903878,0.003468416686426994,False,,False
morgan_901,Morgan bit,uint8,0,0,0.0,1.0,0.02262345007613661,0.0,0.14871597305708437,0.02211162958278916,False,,False
morgan_902,Morgan bit,uint8,0,0,0.0,1.0,0.006525995214270176,0.0,0.08052836310030413,0.006483406600733497,False,,False
morgan_903,Morgan bit,uint8,0,0,0.0,1.0,0.008266260604742223,0.0,0.0905522680555507,0.008197929540356709,False,,False
morgan_904,Morgan bit,uint8,0,0,0.0,1.0,0.1187731128997172,0.0,0.32355653887090147,0.10466606055182827,False,,False
morgan_905,Morgan bit,uint8,0,0,0.0,1.0,0.009571459647596259,0.0,0.09737509659899926,0.009479846807810693,False,,False
morgan_906,Morgan bit,uint8,0,0,0.0,1.0,0.02001305199042854,0.0,0.14005997659780617,0.019612529740456935,False,,False
morgan_907,Morgan bit,uint8,0,0,0.0,1.0,0.0023928649118990647,0.0,0.0488636726448687,0.002387139109412467,False,,False
morgan_908,Morgan bit,uint8,0,0,0.0,1.0,0.016750054383293453,0.0,0.12834747173751151,0.016469490061450168,False,,False
morgan_909,Morgan bit,uint8,0,0,0.0,1.0,0.02436371546660866,0.0,0.15419240172923987,0.023770124835270797,False,,False
morgan_910,Morgan bit,uint8,0,0,0.0,1.0,0.06069175549271264,0.0,0.23879001276285766,0.05700826630792542,False,,False
morgan_911,Morgan bit,uint8,0,0,0.0,1.0,0.0221883837285186,0.0,0.14731184608028364,0.021696059356034608,False,,False
morgan_912,Morgan bit,uint8,0,0,0.0,1.0,0.006961061561888188,0.0,0.0831511228543853,0.0069126051838197915,False,,False
morgan_913,Morgan bit,uint8,0,0,0.0,1.0,0.06221448770937568,0.0,0.24157098276020575,0.058343845228435616,False,,False
morgan_914,Morgan bit,uint8,0,0,0.0,1.0,0.009136393299978247,0.0,0.09515718236826119,0.00905291961744636,False,,False
morgan_915,Morgan bit,uint8,0,0,0.0,1.0,0.05068522949749837,0.0,0.21937799835767713,0.04811623700828429,False,,False
morgan_916,Morgan bit,uint8,0,0,0.0,1.0,0.033500108766586906,0.0,0.17995804029962792,0.03237785147921375,False,,False
morgan_917,Morgan bit,uint8,0,0,0.0,1.0,0.01805525342614749,0.0,0.13316575682763687,0.017729261249865076,False,,False
morgan_918,Morgan bit,uint8,0,0,0.0,1.0,0.038285838590385035,0.0,0.19190634297806808,0.036820033153816024,False,,False
morgan_919,Morgan bit,uint8,0,0,0.0,1.0,0.012834457254731346,0.0,0.11257215752049315,0.012669733961707822,False,,False
morgan_920,Morgan bit,uint8,0,0,0.0,1.0,0.033717641940395914,0.0,0.18052105556178155,0.032580762562375166,False,,False
morgan_921,Morgan bit,uint8,0,0,0.0,1.0,0.005438329345225147,0.0,0.07355223149956777,0.005408753919158011,False,,False
morgan_922,Morgan bit,uint8,0,0,0.0,1.0,0.05046769632368936,0.0,0.21893180345325586,0.04792070795146922,False,,False
morgan_923,Morgan bit,uint8,0,0,0.0,1.0,0.0258864476832717,0.0,0.1588138095175993,0.025216339509612933,False,,False
morgan_924,Morgan bit,uint8,0,0,0.0,1.0,0.22449423537089405,0.0,0.4172942051796423,0.17409657365613165,False,,False
morgan_925,Morgan bit,uint8,0,0,0.0,1.0,0.026756580378507724,0.0,0.16138875960290003,0.026040665784956184,False,,False
morgan_926,Morgan bit,uint8,0,0,0.0,1.0,0.7178594735697194,1.0,0.45009034418988497,0.20253724977592474,False,,False
morgan_927,Morgan bit,uint8,0,0,0.0,1.0,0.12334130954970633,0.0,0.3288643451384363,0.10812823090826984,False,,False
morgan_928,Morgan bit,uint8,0,0,0.0,1.0,0.003480530780944094,0.0,0.05889967186903878,0.003468416686426994,False,,False
morgan_929,Morgan bit,uint8,0,0,0.0,1.0,0.015444855340439417,0.0,0.12332728968458773,0.01520631178395232,False,,False
morgan_930,Morgan bit,uint8,0,0,0.0,1.0,0.012399390907113336,0.0,0.11067208512577467,0.01224564601224593,False,,False
morgan_931,Morgan bit,uint8,0,0,0.0,1.0,0.013922123123776376,0.0,0.11718056417950443,0.013728297611502783,False,,False
morgan_932,Morgan bit,uint8,0,0,0.0,1.0,0.07744180987600609,0.0,0.26732025906398504,0.0714445759591346,False,,False
morgan_933,Morgan bit,uint8,0,0,0.0,1.0,0.009353926473787253,0.0,0.09627277251613377,0.009266430533310232,False,,False
morgan_934,Morgan bit,uint8,0,0,0.0,1.0,0.00630846204046117,0.0,0.07918351650764065,0.006268665347145229,False,,False
morgan_935,Morgan bit,uint8,0,0,0.0,1.0,0.4668261909941266,0.0,0.498952556937575,0.2488994983960418,False,,False
morgan_936,Morgan bit,uint8,0,0,0.0,1.0,0.02262345007613661,0.0,0.14871597305708437,0.02211162958278916,False,,False
morgan_937,Morgan bit,uint8,0,0,0.0,1.0,0.006525995214270176,0.0,0.08052836310030413,0.006483406600733497,False,,False
morgan_938,Morgan bit,uint8,0,0,0.0,1.0,0.006090928866652165,0.0,0.07781482280042568,0.0060538294521935475,False,,False
morgan_939,Morgan bit,uint8,0,0,0.0,1.0,0.06156188818794866,0.0,0.2403842594189906,0.05777202211068318,False,,False
morgan_940,Morgan bit,uint8,0,0,0.0,1.0,0.06700021753317381,0.0,0.2500495742839898,0.06251118838368118,False,,False
morgan_941,Morgan bit,uint8,0,0,0.0,1.0,0.020230585164237546,0.0,0.1408034847526091,0.019821308588150077,False,,False
morgan_942,Morgan bit,uint8,0,0,0.0,1.0,0.004785729823798129,0.0,0.06902074262184225,0.004762826613851738,False,,False
morgan_943,Morgan bit,uint8,0,0,0.0,1.0,0.017620187078529477,0.0,0.1315807065743712,0.017309716085847096,False,,False
morgan_944,Morgan bit,uint8,0,0,0.0,1.0,0.027626713073743744,0.0,0.1639186467963438,0.02686347779848479,False,,False
morgan_945,Morgan bit,uint8,0,0,0.0,1.0,0.008701326952360235,0.0,0.09288428622240939,0.008625613861628361,False,,False
morgan_946,Morgan bit,uint8,0,0,0.0,1.0,0.24929301718512073,0.0,0.4326508154284658,0.1871460087678598,False,,False
morgan_947,Morgan bit,uint8,0,0,0.0,1.0,0.017620187078529477,0.0,0.1315807065743712,0.017309716085847096,False,,False
morgan_948,Morgan bit,uint8,0,0,0.0,1.0,0.1996954535566674,0.0,0.3998148977814966,0.15981717938546428,False,,False
morgan_949,Morgan bit,uint8,0,0,0.0,1.0,0.01631498803567544,0.0,0.12669767602082685,0.01604880920107121,False,,False
morgan_950,Morgan bit,uint8,0,0,0.0,1.0,0.029802044811833805,0.0,0.17005932504309196,0.028913882936867256,False,,False
morgan_951,Morgan bit,uint8,0,0,0.0,1.0,0.008266260604742223,0.0,0.0905522680555507,0.008197929540356709,False,,False
morgan_952,Morgan bit,uint8,0,0,0.0,1.0,0.01370458994996737,0.0,0.1162743099348105,0.013516774164270622,False,,False
morgan_953,Morgan bit,uint8,0,0,0.0,1.0,0.016967587557102457,0.0,0.1291639179672267,0.016679688529594516,False,,False
morgan_954,Morgan bit,uint8,0,0,0.0,1.0,0.036980639547530995,0.0,0.1887347889402902,0.03561307184618658,False,,False
morgan_955,Morgan bit,uint8,0,0,0.0,1.0,0.04633456602131825,0.0,0.2102315114090926,0.04418767401293435,False,,False
morgan_956,Morgan bit,uint8,0,0,0.0,1.0,0.12442897541875136,0.0,0.3301062103458422,0.10894640549499113,False,,False
morgan_957,Morgan bit,uint8,0,0,0.0,1.0,0.04698716554274527,0.0,0.2116343897747431,0.044779371817003914,False,,False
morgan_958,Morgan bit,uint8,0,0,0.0,1.0,0.033500108766586906,0.0,0.17995804029962792,0.03237785147921375,False,,False
morgan_959,Morgan bit,uint8,0,0,0.0,1.0,0.03154231020230585,0.0,0.1747971378099991,0.030547392869407365,False,,False
morgan_960,Morgan bit,uint8,0,0,0.0,1.0,0.05329562758320644,0.0,0.22464679328314677,0.050455203663718605,False,,False
morgan_961,Morgan bit,uint8,0,0,0.0,1.0,0.08549053730693931,0.0,0.27964069123848684,0.07818190533791013,False,,False
morgan_962,Morgan bit,uint8,0,0,0.0,1.0,0.0028279312595170763,0.0,0.053108828145475975,0.0028199340643085234,False,,False
morgan_963,Morgan bit,uint8,0,0,0.0,1.0,0.005873395692843159,0.0,0.07642100068994101,0.005838898915878448,False,,False
morgan_964,Morgan bit,uint8,0,0,0.0,1.0,0.006090928866652165,0.0,0.07781482280042568,0.0060538294521935475,False,,False
morgan_965,Morgan bit,uint8,0,0,0.0,1.0,0.018272786599956493,0.0,0.13395071863553887,0.017938891869828943,False,,False
morgan_966,Morgan bit,uint8,0,0,0.0,1.0,0.05112029584511638,0.0,0.2202670319811984,0.04850701119782417,False,,False
morgan_967,Morgan bit,uint8,0,0,0.0,1.0,0.060474222318903634,0.0,0.2383892888640641,0.05681709075382746,False,,False
morgan_968,Morgan bit,uint8,0,0,0.0,1.0,0.023493582771372635,0.0,0.15148143778139161,0.022941634339937306,False,,False
morgan_969,Morgan bit,uint8,0,0,0.0,1.0,0.01261692408092234,0.0,0.11162637622188801,0.012457737307658583,False,,False
morgan_970,Morgan bit,uint8,0,0,0.0,1.0,0.023493582771372635,0.0,0.15148143778139161,0.022941634339937303,False,,False
morgan_971,Morgan bit,uint8,0,0,0.0,1.0,0.006090928866652165,0.0,0.07781482280042568,0.0060538294521935475,False,,False
morgan_972,Morgan bit,uint8,0,0,0.0,1.0,0.01631498803567544,0.0,0.12669767602082685,0.01604880920107121,False,,False
morgan_973,Morgan bit,uint8,0,0,0.0,1.0,0.007831194257124212,0.0,0.088156436095954,0.007769866653631399,False,,False
morgan_974,Morgan bit,uint8,0,0,0.0,1.0,0.12160104415923428,0.0,0.3268600173051877,0.10681423021861823,False,,False
morgan_975,Morgan bit,uint8,0,0,0.0,1.0,0.033717641940395914,0.0,0.18052105556178155,0.032580762562375166,False,,False
morgan_976,Morgan bit,uint8,0,0,0.0,1.0,0.049380030454644334,0.0,0.21668377104280886,0.04694164304694274,False,,False
morgan_977,Morgan bit,uint8,0,0,0.0,1.0,0.006961061561888188,0.0,0.0831511228543853,0.0069126051838197915,False,,False
morgan_978,Morgan bit,uint8,0,0,0.0,1.0,0.026539047204698716,0.0,0.1607493306702344,0.025834726178165485,False,,False
morgan_979,Morgan bit,uint8,0,0,0.0,1.0,0.0030454644333260824,0.0,0.05510762375001131,0.0030361895797114285,False,,False
morgan_980,Morgan bit,uint8,0,0,0.0,1.0,0.05329562758320644,0.0,0.2246467932831468,0.050455203663718605,False,,False
morgan_981,Morgan bit,uint8,0,0,0.0,1.0,0.013487056776158364,0.0,0.11536052625681914,0.013305156075675046,False,,False
morgan_982,Morgan bit,uint8,0,0,0.0,1.0,0.0028279312595170763,0.0,0.053108828145475975,0.002819934064308523,False,,False
morgan_983,Morgan bit,uint8,0,0,0.0,1.0,0.028279312595170764,0.0,0.16578773204929192,0.027479593074315373,False,,False
morgan_984,Morgan bit,uint8,0,0,0.0,1.0,0.07178594735697194,0.0,0.25816123469839675,0.06663272511903397,False,,False
morgan_985,Morgan bit,uint8,0,0,0.0,1.0,0.031977376549923865,0.0,0.17595896994790136,0.03095482393890824,False,,False
morgan_986,Morgan bit,uint8,0,0,0.0,1.0,0.006743528388079182,0.0,0.08185053804806366,0.006698053212958353,False,,False
morgan_987,Morgan bit,uint8,0,0,0.0,1.0,0.01631498803567544,0.0,0.12669767602082688,0.016048809201071212,False,,False
morgan_988,Morgan bit,uint8,0,0,0.0,1.0,0.005438329345225147,0.0,0.07355223149956777,0.005408753919158011,False,,False
morgan_989,Morgan bit,uint8,0,0,0.0,1.0,0.011964324559495323,0.0,0.10873707534936088,0.01182117949733038,False,,False
morgan_990,Morgan bit,uint8,0,0,0.0,1.0,0.00891886012616924,0.0,0.09402785397228984,0.00883931406021907,False,,False
morgan_991,Morgan bit,uint8,0,0,0.0,1.0,0.009571459647596259,0.0,0.09737509659899928,0.009479846807810695,False,,False
morgan_992,Morgan bit,uint8,0,0,0.0,1.0,0.01218185773330433,0.0,0.10970906216802427,0.01203346007546986,False,,False
morgan_993,Morgan bit,uint8,0,0,0.0,1.0,0.026974113552316728,0.0,0.162025372949552,0.02624651075038345,False,,False
morgan_994,Morgan bit,uint8,0,0,0.0,1.0,0.026756580378507724,0.0,0.16138875960290003,0.026040665784956184,False,,False
morgan_995,Morgan bit,uint8,0,0,0.0,1.0,0.0010876658690450293,0.0,0.03296542506156601,0.0010864828520023436,False,,False
morgan_996,Morgan bit,uint8,0,0,0.0,1.0,0.010876658690450293,0.0,0.10373378328647555,0.010758356986181742,False,,False
morgan_997,Morgan bit,uint8,0,0,0.0,1.0,0.035240374157058954,0.0,0.18440685343822277,0.033998490186329444,False,,False
morgan_998,Morgan bit,uint8,0,0,0.0,1.0,0.028061779421361756,0.0,0.16516734034457975,0.02727431595706859,False,,False
morgan_999,Morgan bit,uint8,0,0,0.0,1.0,0.020665651511855558,0.0,0.14227784746900002,0.0202385823594461,False,,False
morgan_1000,Morgan bit,uint8,0,0,0.0,1.0,0.006743528388079182,0.0,0.08185053804806366,0.006698053212958353,False,,False
morgan_1001,Morgan bit,uint8,0,0,0.0,1.0,0.0030454644333260824,0.0,0.05510762375001131,0.0030361895797114285,False,,False
morgan_1002,Morgan bit,uint8,0,0,0.0,1.0,0.02001305199042854,0.0,0.14005997659780617,0.019612529740456935,False,,False
morgan_1003,Morgan bit,uint8,0,0,0.0,1.0,0.056776158364150536,0.0,0.23143957788805677,0.05355262620555944,False,,False
morgan_1004,Morgan bit,uint8,0,0,0.0,1.0,0.04916249728083533,0.0,0.21623070332742594,0.04674554614194719,False,,False
morgan_1005,Morgan bit,uint8,0,0,0.0,1.0,0.014139656297585382,0.0,0.1180794623551531,0.013939726417371536,False,,False
morgan_1006,Morgan bit,uint8,0,0,0.0,1.0,0.007831194257124212,0.0,0.088156436095954,0.007769866653631399,False,,False
morgan_1007,Morgan bit,uint8,0,0,0.0,1.0,0.003915597128562106,0.0,0.06245889727945847,0.003900265227688902,False,,False
morgan_1008,Morgan bit,uint8,0,0,0.0,1.0,0.0147922558190124,0.0,0.12073365680005721,0.01457344498679729,False,,False
morgan_1009,Morgan bit,uint8,0,0,0.0,1.0,0.10659125516641288,0.0,0.3086264401895691,0.09522955948846153,False,,False
morgan_1010,Morgan bit,uint8,0,0,0.0,1.0,0.02414618229279965,0.0,0.15351961130189906,0.02356314417348254,False,,False
morgan_1011,Morgan bit,uint8,0,0,0.0,1.0,0.010659125516641287,0.0,0.10270249781255303,0.010545508559861772,False,,False
morgan_1012,Morgan bit,uint8,0,0,0.0,1.0,0.003915597128562106,0.0,0.06245889727945847,0.003900265227688902,False,,False
morgan_1013,Morgan bit,uint8,0,0,0.0,1.0,0.03067217750706983,0.0,0.17244669902895837,0.02973139503404463,False,,False
morgan_1014,Morgan bit,uint8,0,0,0.0,1.0,0.009788992821405265,0.0,0.09846460016386653,0.009693168440947739,False,,False
morgan_1015,Morgan bit,uint8,0,0,0.0,1.0,0.016967587557102457,0.0,0.12916391796722673,0.01667968852959452,False,,False
morgan_1016,Morgan bit,uint8,0,0,0.0,1.0,0.011964324559495323,0.0,0.10873707534936086,0.011821179497330378,False,,False
morgan_1017,Morgan bit,uint8,0,0,0.0,1.0,0.07135088100935393,0.0,0.25743805013666143,0.06625993278854295,False,,False
morgan_1018,Morgan bit,uint8,0,0,0.0,1.0,0.02740917989993474,0.0,0.1632902844633824,0.026657916757147754,False,,False
morgan_1019,Morgan bit,uint8,0,0,0.0,1.0,0.4180987600609093,0.0,0.49330023569148546,0.2432921868964395,False,,False
morgan_1020,Morgan bit,uint8,0,0,0.0,1.0,0.025668914509462692,0.0,0.15816277384528857,0.025010021337368588,False,,False
morgan_1021,Morgan bit,uint8,0,0,0.0,1.0,0.010876658690450293,0.0,0.10373378328647556,0.010758356986181746,False,,False
morgan_1022,Morgan bit,uint8,0,0,0.0,1.0,0.015662388514248424,0.0,0.12417903428482828,0.01541707810027716,False,,False
morgan_1023,Morgan bit,uint8,0,0,0.0,1.0,0.005655862519034153,0.0,0.0750006492204351,0.0056238737381999375,False,,False
