InChIkey,current_pIC50,alternative_pIC50,in_current,in_alternative,pIC50_changed
GUZKBNUSIOHJIR-UHFFFAOYSA-N,6.12494,6.12494,True,True,False
XWIIHZHUZCWNLW-UHFFFAOYSA-N,7.0,7.0,True,True,False
GTBUYLWBDILEPY-UHFFFAOYSA-N,6.52288,6.52288,True,True,False
FBOHEFQKBNWFPO-UHFFFAOYSA-N,6.09691,6.09691,True,True,False
AAXQEELWFXEVAH-UHFFFAOYSA-N,5.61979,5.61979,True,True,False
BCRUIWHBJPICOM-UHFFFAOYSA-N,7.0,7.0,True,True,False
RMOMJDZNOXKMFY-UHFFFAOYSA-N,6.09691,6.09691,True,True,False
FCWFKSMUNCZMFT-UHFFFAOYSA-N,7.30103,7.30103,True,True,False
YKUXAAJJGAYTRC-UHFFFAOYSA-N,6.25181,6.25181,True,True,False
AKOLSQVNOPLCPO-UHFFFAOYSA-N,5.85387,5.85387,True,True,False
UXHHCYYVWMSZBI-UHFFFAOYSA-N,5.95861,5.95861,True,True,False
PBUOZLNZOBWRDT-UHFFFAOYSA-N,7.58503,7.58503,True,True,False
BTBHHMNHCCVBKZ-UHFFFAOYSA-N,6.09691,6.09691,True,True,False
HELKFUZDNOHCMJ-UHFFFAOYSA-N,7.25181,7.25181,True,True,False
WNOVRIVBMAIXOK-UHFFFAOYSA-N,6.69897,6.69897,True,True,False
PSJHEFSSEIFFSU-UHFFFAOYSA-N,6.52288,6.52288,True,True,False
MYAOJPWDGLEXIZ-UHFFFAOYSA-N,6.69897,6.69897,True,True,False
PUBHZTNJRAPIMN-UHFFFAOYSA-N,6.30103,6.30103,True,True,False
ALWKGYPQUAPLQC-UHFFFAOYSA-N,7.34679,7.193875,True,True,True
QRIDTWRYUXZUDP-CTNGQTDRSA-N,5.42022,5.42022,True,True,False
VUNAAQIKHSGPRS-IAPPQJPRSA-N,7.39794,7.39794,True,True,False
LFWBAKOCTYKRQI-UHFFFAOYSA-N,7.13668,7.13668,True,True,False
AZHRUDQFJNVULC-UHFFFAOYSA-N,5.50864,5.50864,True,True,False
KDQSNHIQQSQHHK-UHFFFAOYSA-N,5.34679,5.34679,True,True,False
LQDVCSIWQVRECJ-UHFFFAOYSA-N,5.92082,5.92082,True,True,False
PHELSVIUQBPBLW-UHFFFAOYSA-N,6.26761,6.26761,True,True,False
OKPXRTAMAGECKK-UHFFFAOYSA-N,7.52288,7.52288,True,True,False
BIYMBWOGRIMVGC-UHFFFAOYSA-N,6.08092,6.08092,True,True,False
JHBKIQPZUOVPJP-UHFFFAOYSA-N,6.40894,6.40894,True,True,False
YQWKSZPFQPPLDB-UHFFFAOYSA-N,6.40894,6.40894,True,True,False
NPDBRPLRDKQUMC-UHFFFAOYSA-N,6.36653,6.36653,True,True,False
RRFNSBXPESKQGR-UHFFFAOYSA-N,6.22185,6.22185,True,True,False
RRGMXBQMCUKRLH-CTNGQTDRSA-N,7.65758,7.308095,True,True,True
BRGIXRNTFOXZKF-QUCCMNQESA-N,6.1549,6.1549,True,True,False
PLQWDBQURPIPGP-UHFFFAOYSA-N,6.20066,6.20066,True,True,False
FDEMXMQQXDTVQU-UHFFFAOYSA-N,5.67778,5.67778,True,True,False
HYRWJXSSFVSUQH-UHFFFAOYSA-N,6.5376,6.5376,True,True,False
LKBQETKGWDWQQB-PXJZQJOASA-N,7.39794,7.39794,True,True,False
XLRRYRJJRDMOHP-UHFFFAOYSA-N,7.09691,7.09691,True,True,False
KTMHWIASCVHJMZ-UHFFFAOYSA-N,7.02228,7.02228,True,True,False
XYIGEYHRXKWSPJ-VPUSJEBWSA-N,7.22185,7.22185,True,True,False
HEEOMQHFUSVLEM-DGPALRBDSA-N,7.1549,7.1549,True,True,False
GVHHPMZWUWYOJH-UHFFFAOYSA-N,6.55284,6.55284,True,True,False
KABXIVJJYZKNDV-UHFFFAOYSA-N,5.82391,5.82391,True,True,False
VMXUWOKSQNHOCA-UHFFFAOYSA-N,5.91268,5.91268,True,True,False
OAZAZSVSTJITEI-VWNXMTODSA-N,6.03152,6.03152,True,True,False
LHXDCPANSLINDJ-UHFFFAOYSA-N,6.4318,6.4318,True,True,False
BGUNJPMNAQNPJN-UHFFFAOYSA-N,5.34679,5.34679,True,True,False
PXRSKRAHRPHMEB-GGAORHGYSA-N,5.11919,5.11919,True,True,False
PLDHPJSOABLSHM-RSXGOPAZSA-N,7.09691,7.09691,True,True,False
FWJLNPNOFSXKMI-NOZRDPDXSA-N,6.42022,6.42022,True,True,False
KNECVBKLZJDAMM-UHFFFAOYSA-N,5.48149,5.48149,True,True,False
DEVJEYZPXPIVKH-UHFFFAOYSA-N,6.4318,6.4318,True,True,False
OTEXQGZMMAIBKH-FZBYNPQBSA-N,5.03152,5.03152,True,True,False
MYRGYOVGGPKBKY-UHFFFAOYSA-N,6.92082,6.92082,True,True,False
IIWOUNLDWKZMQI-UHFFFAOYSA-N,5.14,5.14,True,True,False
DCPJIWWEBRXADV-UHFFFAOYSA-N,5.35,5.35,True,True,False
HDAQKLAKMZNBQB-UHFFFAOYSA-N,6.77001,6.77001,True,True,False
BNMMMFMJYKFYRQ-UHFFFAOYSA-N,5.19,5.19,True,True,False
PIJVFDBKTWXHHD-HIFRSBDPSA-N,7.24413,7.15579,True,True,True
RPMBYDYUVKEZJA-UHFFFAOYSA-N,5.27,5.27,True,True,False
LNYHYEQQDYJOII-UHFFFAOYSA-N,6.51,6.51,True,True,False
YLJREFDVOIBQDA-UHFFFAOYSA-N,6.86646,6.86646,True,True,False
MMJRYNURNQIZRV-UHFFFAOYSA-N,5.73,5.73,True,True,False
QHXIAJIYLGAPSH-UHFFFAOYSA-N,5.14,5.14,True,True,False
BQYXYZYJEUBVBN-UXBLZVDNSA-N,5.52288,5.52288,True,True,False
WPUFLGDKDRHMHB-WTDSWWLTSA-N,6.39794,6.39794,True,True,False
ZRJBHWIHUMBLCN-YQEJDHNASA-N,7.115494999999999,7.115494999999999,True,True,False
OCTYDCXPLXLOBG-UHFFFAOYSA-O,5.16749,5.16749,True,True,False
OPWXEMFYURUFIN-YRNVUSSQSA-N,5.69897,5.69897,True,True,False
CMZUAEAPKGOQSL-UHFFFAOYSA-N,6.31299,6.31299,True,True,False
FRXXZKCFLLWYIW-UHFFFAOYSA-N,5.52578,4.97879,True,True,True
YRMPTPZWCQVVTR-HAHDFKILSA-N,5.37779,5.37779,True,True,False
VTAYNRZFMWKVMV-UHFFFAOYSA-N,6.690405,6.690405,True,True,False
AYUGQAIEBQUVSS-MFOYZWKCSA-N,6.63827,6.63827,True,True,False
RWPNUXJCHLIEDT-UHFFFAOYSA-N,6.12494,6.12494,True,True,False
BMJHCSGGVPNGEK-UHFFFAOYSA-N,8.33724,8.33724,True,True,False
WYRBPGIEANOZBO-UHFFFAOYSA-N,6.40894,6.40894,True,True,False
PWYSKXCZAVHRME-UHFFFAOYSA-N,5.59007,5.59007,True,True,False
RQEDOHWZBORVHQ-UHFFFAOYSA-N,7.39794,7.39794,True,True,False
YTHOQVFHGJGIEH-BOPFTXTBSA-N,6.17393,6.17393,True,True,False
YORGAYVXBTXTRA-UHFFFAOYSA-N,6.95861,6.95861,True,True,False
RESFYLPQQBQWLK-UHFFFAOYSA-N,6.55284,6.55284,True,True,False
WTKJGTXNTSXOEQ-CLCOLTQESA-N,6.79588,6.79588,True,True,False
HUDYYTCJRPYVSA-MTJSOVHGSA-N,6.63827,6.63827,True,True,False
HNRGYIMKAVPBFM-UHFFFAOYSA-N,7.27572,7.27572,True,True,False
SMFGROCXHRURCX-UHFFFAOYSA-N,6.0,6.0,True,True,False
YAGWRKXZJCAONM-NDENLUEZSA-N,5.49894,5.49894,True,True,False
DACVVTXURVEDPJ-UHFFFAOYSA-N,6.284,6.284,True,True,False
FUUAKMKHJMTYEE-UHFFFAOYSA-N,8.58503,8.58503,True,True,False
LLFXWTJSKXUPAW-UHFFFAOYSA-N,6.92082,6.92082,True,True,False
NKMJIMRHVLBYRZ-UHFFFAOYSA-N,6.95861,6.95861,True,True,False
VNIUREJLUZLBEI-VBKFSLOCSA-N,5.47366,5.47366,True,True,False
LLSISOMGTGWJAD-UHFFFAOYSA-N,7.04576,7.04576,True,True,False
TWZAUOZTEOEZPS-UHFFFAOYSA-N,7.55284,7.55284,True,True,False
QGDFTXPKVNLAAU-UHFFFAOYSA-N,6.04576,6.04576,True,True,False
JWNJPWFLZOKDSC-UHFFFAOYSA-N,7.52288,7.52288,True,True,False
SKWVLMXTRDHOMY-UHFFFAOYSA-N,6.42022,6.42022,True,True,False
KHVCAPTWEKUUOB-UHFFFAOYSA-N,8.22185,8.22185,True,True,False
RGWBBDIISQYISM-GRSHGNNSSA-N,6.85387,6.85387,True,True,False
UMXGLDXVWDZRAT-MFOYZWKCSA-N,6.74473,6.74473,True,True,False
DVAROHRRIITJSW-UHFFFAOYSA-N,7.26761,7.26761,True,True,False
SGMCTGDOWCTMEU-UHFFFAOYSA-N,8.09691,8.09691,True,True,False
PCQMYUIQDLAOSQ-UHFFFAOYSA-N,5.0,5.0,True,True,False
KQUCCBKZVSQSCI-GRSHGNNSSA-N,6.79588,6.79588,True,True,False
BMFWRMMCWVMOEJ-RGEXLXHISA-N,5.41567,5.41567,True,True,False
JFIAJOKWMHWGNB-UHFFFAOYSA-N,6.26761,6.26761,True,True,False
ICAMBRIYAKJCIK-UHFFFAOYSA-N,8.1549,8.1549,True,True,False
ONZMCJMKJCZKIT-ZDLGFXPLSA-N,7.22185,7.22185,True,True,False
FEUIMOLNAYWYJX-UHFFFAOYSA-N,5.57349,5.57349,True,True,False
PIUDKWKHYCTTMB-UHFFFAOYSA-N,8.34679,8.34679,True,True,False
VSDKGQIPHOMCCH-AQTBWJFISA-N,5.24565,5.24565,True,True,False
QRGWRAREWVXQNK-UHFFFAOYSA-N,7.49485,7.49485,True,True,False
RDTZOXACZCTDKX-UHFFFAOYSA-N,7.10237,7.10237,True,True,False
JZTYZCGIRWVERO-YUZLPWPTSA-N,7.96257,7.96257,True,True,False
ZTNAPMRRYAYAIK-DAFXYXGESA-N,7.65561,7.65561,True,True,False
STSMGBGTIPIGCZ-UHFFFAOYSA-N,7.06074,7.06074,True,True,False
ITTCFQIHBIBVEN-NNBQYGFHSA-N,7.86012,7.86012,True,True,False
YSZQKPILONCHJM-GPNIZQGCSA-N,5.96257,5.96257,True,True,False
DREAHDLCWZKIJL-UHFFFAOYSA-N,7.16178,7.16178,True,True,False
ADEBPBSSDYVVLD-UHFFFAOYSA-N,7.591620000000001,7.57594,True,True,True
DWMBEPKCENULIA-PYMCNQPYSA-N,7.67778,7.67778,True,True,False
KVGMGGLTJLJDFE-UHFFFAOYSA-N,7.47625,7.47625,True,True,False
GVJXSDRIRBRKBI-QWAKEFERSA-N,6.48149,6.48149,True,True,False
HLVVITIHAZBPKB-UHFFFAOYSA-N,6.15366,6.15366,True,True,False
SSQDPTTWVYJYFB-UHFFFAOYSA-N,8.34679,8.34679,True,True,False
GQZMDBQRGRRPMS-UHFFFAOYSA-N,8.02288,8.02288,True,True,False
NNGFBICBXZNRCM-UHFFFAOYSA-N,7.07417,7.07417,True,True,False
ZTNAPMRRYAYAIK-UHUGOGIASA-N,6.63639,6.63639,True,True,False
JZTYZCGIRWVERO-GLGOKHISSA-N,5.82681,5.82681,True,True,False
YSZQKPILONCHJM-ZCJYOONXSA-N,5.44855,5.44855,True,True,False
KDPXEJGRLUVMJN-UHFFFAOYSA-N,7.37469,7.37469,True,True,False
PUKKYURTEBJMKJ-UHFFFAOYSA-N,6.12901,6.12901,True,True,False
LIQUTBYXLQJUQH-UHFFFAOYSA-N,5.95861,5.95861,True,True,False
VZIIROIDZAERNQ-UHFFFAOYSA-N,6.14874,6.14874,True,True,False
ZPEZHGZYZCQFAI-UHFFFAOYSA-N,6.34199,6.34199,True,True,False
PWJTVPPFLKWOLF-UHFFFAOYSA-N,6.21112,6.21112,True,True,False
ATHZIFFSGSWIAU-UHFFFAOYSA-N,6.92082,6.92082,True,True,False
BXLXHYPSRHQACO-UHFFFAOYSA-N,6.47496,6.47496,True,True,False
HSSQLNQCMMAAPC-UHFFFAOYSA-N,7.37675,,True,False,False
BOEAEKKTIXSDNX-UHFFFAOYSA-N,6.72125,6.72125,True,True,False
BMRFESVZYWRROS-UHFFFAOYSA-N,6.4437,6.4437,True,True,False
VJHVXQDJWJBLLR-UHFFFAOYSA-N,6.953725,6.953725,True,True,False
INIMHDIZIDCHML-UHFFFAOYSA-N,7.13077,7.13077,True,True,False
JRBPMDZHWBDEGY-UHFFFAOYSA-N,5.00833,5.00833,True,True,False
PADRKJUJDBXCPM-UHFFFAOYSA-N,7.10791,7.10791,True,True,False
ASSJEIIHRYETRS-UHFFFAOYSA-N,6.36754,6.36754,True,True,False
YLUSMKAJIQOXPV-UHFFFAOYSA-N,6.18177,6.18177,True,True,False
AGAAICLBZSPZIQ-UHFFFAOYSA-N,6.3279,6.3279,True,True,False
QUHKAFSPMKOOBV-UHFFFAOYSA-N,5.20329,5.20329,True,True,False
MEOMOJCPDZXFPY-UHFFFAOYSA-N,5.58503,5.58503,True,True,False
ZWEQTMLHBVSDBQ-UHFFFAOYSA-N,6.21753,6.21753,True,True,False
AOWLKNQZYMUMEF-UHFFFAOYSA-N,6.57512,6.57512,True,True,False
WWPRLDLNFHABPS-UHFFFAOYSA-N,7.54336,7.54336,True,True,False
ALSNDZNRDOKMKL-UHFFFAOYSA-N,7.37455,7.37455,True,True,False
VXTOUZSUPQQPPE-UHFFFAOYSA-N,6.72125,6.72125,True,True,False
LQNVTFVXRZCQBF-UHFFFAOYSA-N,6.50446,6.50446,True,True,False
AUOBGKPJAJDIMF-UHFFFAOYSA-N,5.95078,5.95078,True,True,False
BDRIZQJMKALXBR-UHFFFAOYSA-N,6.82391,6.82391,True,True,False
QILAXHQPGTWYMO-UHFFFAOYSA-O,5.0,5.0,True,True,False
IRYUPEYMYZHTOD-UHFFFAOYSA-N,5.0,5.0,True,True,False
ZDNNJSHEGAEPON-UHFFFAOYSA-N,5.52288,5.52288,True,True,False
HBGHZHNBJXQJGB-UHFFFAOYSA-N,5.88606,5.88606,True,True,False
HACXKEPOUOHQGM-UHFFFAOYSA-O,5.52288,5.52288,True,True,False
QVOLLIZMUMRBBN-UHFFFAOYSA-N,6.0,6.0,True,True,False
MLDPWYNAHSSJAE-UHFFFAOYSA-N,5.0,5.0,True,True,False
BEAHCIYYNAZUDK-UHFFFAOYSA-N,5.98297,5.98297,True,True,False
NBCQROXLJLVMLS-UHFFFAOYSA-O,5.73283,5.73283,True,True,False
LLHDISKIHUGANJ-UHFFFAOYSA-N,5.0,5.0,True,True,False
UPHRCMQUKNHOJI-UHFFFAOYSA-N,6.48149,6.48149,True,True,False
JKKAWBRGAOZJBD-UHFFFAOYSA-N,5.0,5.0,True,True,False
VWLHWLSRQJQWRG-UHFFFAOYSA-O,6.10791,6.10791,True,True,False
FRIKSJMNMRNNFG-UHFFFAOYSA-N,6.0,6.0,True,True,False
DWMBEPKCENULIA-OCCSQVGLSA-N,7.658025,7.658025,True,True,False
SUYCPJVAABOKNP-UNMCSNQZSA-N,6.740745,6.740745,True,True,False
FYXWOKCKADGGGY-CTNGQTDRSA-N,6.5471,6.5471,True,True,False
VSPVCSDDENDBFH-IRLDBZIGSA-N,7.809895,7.809895,True,True,False
GVJXSDRIRBRKBI-FPOVZHCZSA-N,6.48149,6.48149,True,True,False
AKAKQLGKPNQEPO-RDJZCZTQSA-N,7.42082,7.42082,True,True,False
IUHMWLMDASQDJQ-ZBFHGGJFSA-N,6.59321,6.59321,True,True,False
PBHFNBQPZCRWQP-QUCCMNQESA-N,7.61979,7.61979,True,True,False
ACFCLLGSDFAVEQ-CLVAPQHMSA-N,5.22185,5.22185,True,True,False
MYHFJXQJXDZOAD-UHFFFAOYSA-N,5.48149,5.48149,True,True,False
HTZSGCWCLYKYAG-UHFFFAOYSA-N,8.82391,8.82391,True,True,False
AICOROYUBQVFMY-WOJGMQOQSA-N,5.22185,5.22185,True,True,False
SEXWEUPATCACQF-UHFFFAOYSA-N,7.02687,7.02687,True,True,False
ZJGIOIRWZBZLEU-UHFFFAOYSA-N,6.65758,6.65758,True,True,False
BPVUQMXHSAOCEZ-CQSZACIVSA-N,8.27572,8.27572,True,True,False
LHRNGCMLMUPFHM-UHFFFAOYSA-N,5.35655,5.35655,True,True,False
OMPBSOCJDMTCKX-FRKPEAEDSA-N,9.08619,9.08619,True,True,False
PWZKIZAHIAGUMK-UHFFFAOYSA-N,8.27572,8.27572,True,True,False
BAXKIBHBAJDALN-UHFFFAOYSA-N,5.0,5.0,True,True,False
KMRNXXRTDCMBEZ-PSRLSNJGSA-N,8.52288,8.52288,True,True,False
ZUBDLZIJXZLHIZ-UHFFFAOYSA-N,6.79588,6.79588,True,True,False
YNIWJICOZIEUOZ-UHFFFAOYSA-N,8.0,8.0,True,True,False
BKRYAPWEMVBTBQ-UHFFFAOYSA-N,8.05061,8.05061,True,True,False
FBFCEJZVMXVAGL-UHFFFAOYSA-N,6.31876,6.31876,True,True,False
HRWOMUZLXQICPU-UHFFFAOYSA-N,6.74473,6.74473,True,True,False
BPVUQMXHSAOCEZ-AWEZNQCLSA-N,8.11351,8.11351,True,True,False
ZPMXWGBWYLLQKG-LDADJPATSA-N,5.09691,5.09691,True,True,False
FIPWUGMAEWWECL-UHFFFAOYSA-N,5.92082,5.92082,True,True,False
MIHMYFUMLOHLIM-UHFFFAOYSA-N,5.5376,5.5376,True,True,False
QAHOXZJCERSFGV-UHFFFAOYSA-N,9.04576,9.04576,True,True,False
XGOMQTZAPRJNJX-UHFFFAOYSA-N,8.37675,8.37675,True,True,False
KABALLAVIAZSJI-GXDHUFHOSA-N,8.07572,8.07572,True,True,False
BTKLXNPLNYFENL-MHWRWJLKSA-N,5.22185,5.22185,True,True,False
SQNCNIUGPOSVQF-UHFFFAOYSA-N,6.081145,6.081145,True,True,False
HSSFUESYZZQIIN-CTNGQTDRSA-N,6.85387,6.85387,True,True,False
GYPZKPCPQHCARI-VWNXMTODSA-N,5.99253,5.99253,True,True,False
LZCXRMUTKSVDOD-GGAORHGYSA-N,7.82391,7.82391,True,True,False
SKPQWJYRAXPOCN-IRLDBZIGSA-N,6.10513,6.10513,True,True,False
NRKKZJALIFDZIJ-IRLDBZIGSA-N,8.0,8.0,True,True,False
MMFNDUBHUKJLAW-IRLDBZIGSA-N,7.10791,7.10791,True,True,False
ZNARRZNSRNXCPB-ZHACJKMWSA-N,6.67801,6.67801,True,True,False
PQDJUEVCRHUXJT-CTNGQTDRSA-N,7.55284,7.55284,True,True,False
UHTNKHARCXSTEU-IRLDBZIGSA-N,7.63827,7.63827,True,True,False
JETPGMSWLKMQAI-CTNGQTDRSA-N,6.353155,6.353155,True,True,False
CVZBWJAXPTZWBP-IRLDBZIGSA-N,7.58503,7.58503,True,True,False
RQHQYLYBYIHRCT-IRLDBZIGSA-N,7.85387,7.85387,True,True,False
HBELXDSVRMNXTN-GGAORHGYSA-N,5.88606,5.88606,True,True,False
ZNMNCVVGCVWVBQ-IRLDBZIGSA-N,7.50864,7.50864,True,True,False
XXRVJIACNHMGJG-CTNGQTDRSA-N,6.58503,6.58503,True,True,False
CBXFNMRCSJBKBI-GGAORHGYSA-N,5.85487,5.85487,True,True,False
NKJRRVBTMYRXRB-GGAORHGYSA-N,6.5389,6.5389,True,True,False
JGAGHIIOCADQOV-CTNGQTDRSA-N,8.0,8.0,True,True,False
PHORSJQGLQBIOY-UHFFFAOYSA-N,6.887345,6.887345,True,True,False
UBWZQILFMCCHFE-CTNGQTDRSA-N,7.522880000000001,7.522880000000001,True,True,False
UBWZQILFMCCHFE-PZJWPPBQSA-N,6.63264,6.63264,True,True,False
CWDMLSUBWFNYMH-DAFXYXGESA-N,6.81816,6.81816,True,True,False
YFILXGYPMFAIER-AKRCKQFNSA-N,5.20066,5.20066,True,True,False
TZWAHCVRZYUKJR-QWAKEFERSA-N,6.33724,6.33724,True,True,False
HJQWOPNMCWHTII-OIBOYYEISA-N,7.46852,7.46852,True,True,False
FAEIGAUSWCZPCA-IJHRGXPZSA-N,5.74473,5.74473,True,True,False
PBHFNBQPZCRWQP-IJHRGXPZSA-N,7.61979,7.61979,True,True,False
IUHMWLMDASQDJQ-WMCAAGNKSA-N,6.01323,6.01323,True,True,False
VSPVCSDDENDBFH-IAXKEJLGSA-N,6.95861,6.95861,True,True,False
ZAEXMNKDGJNLTA-UHFFFAOYSA-N,7.74473,7.74473,True,True,False
FYXWOKCKADGGGY-QWAKEFERSA-N,5.76955,5.76955,True,True,False
XRFFIVNZOJUHBC-UHFFFAOYSA-N,7.93181,7.93181,True,True,False
GUFZMXQAUJGGTP-UHFFFAOYSA-N,7.90658,7.90658,True,True,False
YITSBGUNCGEFBD-UHFFFAOYSA-N,7.56225,7.56225,True,True,False
DNSUFPJFKSCBRT-UHFFFAOYSA-N,9.52288,9.52288,True,True,False
NWPIUZHAZCZQMX-UHFFFAOYSA-N,8.26761,8.26761,True,True,False
ZCJVEAQKQPJJOE-UHFFFAOYSA-N,8.85387,8.85387,True,True,False
HWJZJOWEFUMSJX-UHFFFAOYSA-N,7.08302,7.08302,True,True,False
GJGXTGDTRQMKRF-UHFFFAOYSA-N,7.79187,7.79187,True,True,False
SUHPILVZBHLWBS-UHFFFAOYSA-N,8.16749,8.16749,True,True,False
HZBWHMWKDXVMMX-UHFFFAOYSA-N,7.67572,7.67572,True,True,False
XRABKTHZTSLCHJ-UHFFFAOYSA-N,7.6073,7.6073,True,True,False
QKVHGMOFMMASRA-UHFFFAOYSA-N,7.28735,7.28735,True,True,False
RCYBYSAMEBZDEK-UHFFFAOYSA-N,7.26281,7.26281,True,True,False
NSHKRWLPXPEHTJ-UHFFFAOYSA-N,7.5817,7.5817,True,True,False
WHEABQVTGKWYIA-UHFFFAOYSA-N,7.09909,7.09909,True,True,False
ZMBXOOLDCNMQRK-UHFFFAOYSA-N,6.67778,6.67778,True,True,False
SKHRLUFWHGAOII-UHFFFAOYSA-N,7.66154,7.66154,True,True,False
AGMUUBYEBVEYGU-NNBQYGFHSA-N,7.38934,7.38934,True,True,False
BLIZSWJUMPREPD-WUJWULDRSA-N,6.41173,6.41173,True,True,False
XFHXQJANHQMYQR-UHFFFAOYSA-N,7.25003,7.25003,True,True,False
BEWOOQVZCJXCHR-UHFFFAOYSA-N,7.70997,7.70997,True,True,False
ZWGYIQCSZDFZQV-UHFFFAOYSA-N,8.09002,8.09002,True,True,False
UUQLGETXWSEMFB-JKGBFCRXSA-N,6.6103,6.6103,True,True,False
LHOGDRUXAOULLD-UHFFFAOYSA-N,5.24,5.24,True,True,False
MFSFKJAYNZMHEN-VGAJERRHSA-N,5.54554,5.54554,True,True,False
DSJSKPAKOSGGPL-UHFFFAOYSA-N,7.73993,7.73993,True,True,False
NDAKSRSNKJZZLT-UHFFFAOYSA-N,7.90503,7.90503,True,True,False
HCMYZQSCTADARC-UHFFFAOYSA-N,7.14002,7.14002,True,True,False
MFSFKJAYNZMHEN-QWAKEFERSA-N,6.79371,6.79371,True,True,False
ZOHUWMTXULYLTQ-UHFFFAOYSA-N,6.17,6.17,True,True,False
KHBDHGUQOPEDSD-UHFFFAOYSA-N,7.92996,7.92996,True,True,False
HWVIRUSPVVRQOV-UHFFFAOYSA-N,6.600009999999999,6.600009999999999,True,True,False
CIZMEDUDJZCVBY-UHFFFAOYSA-N,7.43004,7.43004,True,True,False
LXMBFDTVWSEIPZ-UHFFFAOYSA-N,7.75995,7.75995,True,True,False
DZYFZMCXVUMBKW-UHFFFAOYSA-N,7.77989,7.77989,True,True,False
ICLMGHKDENGQSK-UHFFFAOYSA-N,7.47006,7.47006,True,True,False
PBHFNBQPZCRWQP-ROPPNANJSA-N,5.45587,5.45587,True,True,False
PIJVFDBKTWXHHD-AWKYBWMHSA-N,5.00494,5.00494,True,True,False
RNBMJTUDVDLVNT-IJHRGXPZSA-N,6.10768,6.10768,True,True,False
SUIVMEYWDVGNPD-UHFFFAOYSA-N,5.34,5.34,True,True,False
VJXLWYGKZGTXAF-UHFFFAOYSA-N,7.73002,7.73002,True,True,False
IQTNXMOPVSCWJR-UHFFFAOYSA-N,6.69001,6.69001,True,True,False
YMEPZNZXGFFWKB-UHFFFAOYSA-N,7.30998,7.30998,True,True,False
GPONHWSDHNCYFZ-TYZXPVIJSA-N,5.65886,5.65886,True,True,False
CFHDUYWCOGVCCF-UHFFFAOYSA-N,6.95001,6.95001,True,True,False
AZORUJDKIYXDQJ-UHFFFAOYSA-N,7.11003,7.11003,True,True,False
VTTZSIFCKKPQTK-UHFFFAOYSA-N,7.940144999999999,7.940144999999999,True,True,False
GPONHWSDHNCYFZ-PYMCNQPYSA-N,7.24642,7.24642,True,True,False
AGMUUBYEBVEYGU-WHCXFUJUSA-N,5.24761,5.24761,True,True,False
WEQZCSNAHHSINY-UHFFFAOYSA-N,5.18,5.18,True,True,False
XUHVEOJQELBGLL-UHFFFAOYSA-N,7.88307,7.88307,True,True,False
GBRYDMXCJVBJHH-UHFFFAOYSA-N,9.319395,9.319395,True,True,False
XCCWBTOIDNKQAT-UHFFFAOYSA-N,5.37,5.37,True,True,False
XUQPWMFRKQMTJR-HZMBPMFUSA-O,5.74,5.74,True,True,False
ZZKQNBNYCRCFCW-UHFFFAOYSA-N,5.090755,5.09,True,True,True
KZBQUUNPSWNEND-UHFFFAOYSA-N,5.287,5.287,True,True,False
AJQFTXAZPPOZGU-UHFFFAOYSA-N,5.52144,5.52144,True,True,False
LQFCZURJKDQWHF-UHFFFAOYSA-N,5.23,5.23,True,True,False
CMOBEQAOWOZHMH-UHFFFAOYSA-N,7.34339,7.34339,True,True,False
MTCMTKNMZCPKLX-UHFFFAOYSA-N,9.48149,9.48149,True,True,False
XEAIOWJVFCHDRX-UHFFFAOYSA-N,7.0,7.0,True,True,False
KQKYQZVPBJYHCD-UHFFFAOYSA-N,6.88804,6.88804,True,True,False
SGQCQXFGSNJUNF-UHFFFAOYSA-N,6.5338,6.5338,True,True,False
UKFCIGJAJAIROZ-CABZTGNLSA-N,7.53003,7.53003,True,True,False
ICVJPRLSCKHIAR-UHFFFAOYSA-N,6.36,6.36,True,True,False
DKTDGXIXEAVNKX-UHFFFAOYSA-N,6.409465,6.409465,True,True,False
FNHNBWWIASUEQH-HVWQDESWSA-N,7.58503,7.58503,True,True,False
OEDAMXCGASJANJ-UHFFFAOYSA-N,8.55284,8.55284,True,True,False
QBTINTSOUQAAND-UHFFFAOYSA-N,5.430899999999999,5.430899999999999,True,True,False
GDDBSWQWOFNCSG-UHFFFAOYSA-N,9.02228,9.02228,True,True,False
ZVNZKFGWNIWFMC-UHFFFAOYSA-N,5.34,5.34,True,True,False
GCTSJRRFEWSVAJ-UHFFFAOYSA-N,6.452965000000001,6.452965000000001,True,True,False
JNAALEZZYYJZPB-FMWQYVROSA-N,5.01,5.01,True,True,False
UQBAAIYCOXDDQQ-UHFFFAOYSA-N,9.24413,9.24413,True,True,False
DKKGRNTXCNVFPV-UHFFFAOYSA-N,5.41,5.41,True,True,False
MIHBCQWIBJDVPX-JUDWXZBOSA-N,9.0,9.0,True,True,False
PBXNNDFKPQPJBB-VJLHXPKFSA-N,8.11919,8.11919,True,True,False
OICRNZHKHYSUOP-UHFFFAOYSA-N,8.4437,8.4437,True,True,False
FXFGIRKFQZPTMA-UHFFFAOYSA-N,7.060230000000001,7.060230000000001,True,True,False
QJJKZOSVUGJCLY-UHFFFAOYSA-N,5.420109999999999,5.420109999999999,True,True,False
LNGUQVVMEJQZNE-UHFFFAOYSA-N,5.19,5.19,True,True,False
MLEHSJMTNRGDES-UHFFFAOYSA-N,7.55145,7.55145,True,True,False
MNWULZIBRBDECY-ZANVPECISA-N,6.61644,6.61644,True,True,False
ACXPJPLICQQAOX-XJJMBZDKSA-N,5.10237,5.10237,True,True,False
UOXICDLLJJDAID-UHFFFAOYSA-N,5.78,5.78,True,True,False
JLHFZCNZUUJGRC-UHFFFAOYSA-N,6.33362,6.33362,True,True,False
LMHYFQXFWSKTJP-UHFFFAOYSA-N,7.18046,7.18046,True,True,False
OIKUMDYZSYYSDY-UHFFFAOYSA-N,5.27,5.27,True,True,False
YJGBKRNWMAQSOS-UHFFFAOYSA-N,6.76978,6.76978,True,True,False
ZUCMSNAIYTWNMO-UHFFFAOYSA-N,5.92,5.92,True,True,False
VZEYMLANIVXUNX-UHFFFAOYSA-N,6.32395,6.32395,True,True,False
SIWYMMBMGFYGRC-UHFFFAOYSA-N,5.7979400000000005,5.7979400000000005,True,True,False
XJLXDYCGXFZHLY-UHFFFAOYSA-N,6.12747,6.12747,True,True,False
HNEVTMFUIZLDMG-UHFFFAOYSA-N,5.319380000000001,5.319380000000001,True,True,False
ASUTZQLVASHGKV-JDFRZJQESA-N,5.782715,5.7090250000000005,True,True,True
VRSUPYLJJFTWLE-UHFFFAOYSA-O,5.07058,5.07058,True,True,False
HZOTZTANVBDFOF-PBCQUBLHSA-N,7.55284,7.55284,True,True,False
XSVMFMHYUFZWBK-NSHDSACASA-N,5.64054,5.51856,True,True,True
UIQTWEXHPAOUGM-FPOVZHCZSA-N,6.75696,6.75696,True,True,False
JXQBQPRGXRDSBS-UHFFFAOYSA-O,5.05948,5.05948,True,True,False
CNBHDDBNEKKMJH-ZFWWWQNUSA-N,6.82391,6.82391,True,True,False
GHYFEILIYSGWHS-ZCVJKFOLSA-N,6.74473,6.74473,True,True,False
MVHRCJQCKYPDRL-UWDQQESISA-N,6.90309,6.90309,True,True,False
CWTQKLHIHKZUQO-DHSIGJKJSA-N,7.0,7.0,True,True,False
CECHKRCXXNPVOX-UHFFFAOYSA-O,5.10735,5.10735,True,True,False
WXAQWLKLTGJRKY-UHFFFAOYSA-O,5.28316,5.28316,True,True,False
ZOBDWFRKFSPCRB-UNMCSNQZSA-N,7.18709,7.18709,True,True,False
IHKTVXKNZKFQCW-UHFFFAOYSA-O,5.08249,5.08249,True,True,False
JMNTUMBNMVKSOA-ICSRJNTNSA-N,6.88606,6.88606,True,True,False
PYNCZOMCQLYABK-GREBRCKQSA-N,6.69897,6.69897,True,True,False
NCERWLVJTKFIHR-UHFFFAOYSA-N,8.23657,8.23657,True,True,False
PEZZRWUONLGRDN-UHFFFAOYSA-N,6.96871,6.96871,True,True,False
LYTYXHJYOPFOCO-UHFFFAOYSA-N,8.14874,8.14874,True,True,False
JCWFCWIJNXZDKN-UHFFFAOYSA-N,9.09691,9.09691,True,True,False
RRYREXCAJLJMCL-UHFFFAOYSA-N,7.85387,7.85387,True,True,False
NPZKLBFCTYVTBS-UHFFFAOYSA-N,6.92082,6.92082,True,True,False
WZVZDMSPGXVHOP-UHFFFAOYSA-N,8.10791,8.10791,True,True,False
VFDQMJCSKFAKRY-UHFFFAOYSA-N,8.06822,8.06822,True,True,False
ZNARRZNSRNXCPB-KHPPLWFESA-N,6.67778,6.67778,True,True,False
ZJCILDCILOKWCX-UHFFFAOYSA-N,6.46852,6.46852,True,True,False
SVVHWFKGOPNOLR-UHFFFAOYSA-N,7.30103,7.30103,True,True,False
QMQQOVGCVPEGSA-UHFFFAOYSA-N,7.00436,7.00436,True,True,False
WNFJUFWSHLTWLJ-UHFFFAOYSA-N,7.04576,7.04576,True,True,False
DZSDRGBLRNZFES-UHFFFAOYSA-N,6.09151,6.09151,True,True,False
OCXWMIZAVHITQO-UHFFFAOYSA-N,8.576215,8.576215,True,True,False
XYBJWCKGZDRJOC-UHFFFAOYSA-N,6.65758,6.65758,True,True,False
PMVWXOVLDYBXSN-UHFFFAOYSA-N,6.49485,6.49485,True,True,False
PPMPPMKWHZDSNI-UHFFFAOYSA-N,7.58503,7.58503,True,True,False
LLOAJMWVAODKLQ-UHFFFAOYSA-N,7.69897,7.69897,True,True,False
WNUCJMMTJRRQRG-UHFFFAOYSA-N,8.02687,8.02687,True,True,False
XTRTWLAGVWOKQO-UHFFFAOYSA-N,6.99568,6.99568,True,True,False
WLEKXXPTBPECMY-UHFFFAOYSA-N,8.14267,8.14267,True,True,False
OXCFQBATIXKIPU-UHFFFAOYSA-N,5.58503,5.58503,True,True,False
LZVMXWWPYZKCHX-LCOAMIHASA-N,7.20761,7.20761,True,True,False
UBWZQILFMCCHFE-QWAKEFERSA-N,7.34679,7.34679,True,True,False
JOOGXPYATKQKBK-IAXKEJLGSA-N,7.23657,7.23657,True,True,False
XAWCVUBHVCUDBZ-DAFXYXGESA-N,6.81248,6.81248,True,True,False
AVAFJTWXTNBJNG-GPNIZQGCSA-N,6.29585,6.29585,True,True,False
CCLYHFAXRYLZDZ-ZQRQZVKFSA-N,6.20135,6.20135,True,True,False
ZLFLUZOZKIPTJJ-IJHRGXPZSA-N,7.11351,7.11351,True,True,False
MCAQWHWWQNEHOE-QWAKEFERSA-N,6.9431,6.9431,True,True,False
VONJUQXHNPNBDU-NFGFVTGESA-N,5.87615,5.87615,True,True,False
HYIYBWCTLLQRLQ-NBFOIZRFSA-N,6.59688,6.59688,True,True,False
LKLDMKAWSUSARS-LROBGIAVSA-N,6.27424,6.27424,True,True,False
PVMNTYXKDFRXKP-IAXKEJLGSA-N,7.16115,7.16115,True,True,False
JYMNJIDLAQUBDE-MYJWUSKBSA-N,5.96819,5.96819,True,True,False
NNWAKPXOOYJLNL-LROBGIAVSA-N,6.41908,6.41908,True,True,False
TWWXDKNSBLIIEY-UHFFFAOYSA-N,5.0,5.0,True,True,False
TXJSVDRPBGRIFY-QWAKEFERSA-N,6.75449,6.75449,True,True,False
OEQMWEPWWKQKQL-NNBQYGFHSA-N,7.04576,7.04576,True,True,False
QSCQOXMIFSONAX-YANBTOMASA-N,7.03152,7.03152,True,True,False
XWDNADYVTFQMOY-KKFHFHRHSA-N,6.68194,6.68194,True,True,False
VXTBWKBREFKYDA-WMCAAGNKSA-N,7.42022,7.42022,True,True,False
GFYHFMVUVHAJDW-LBAUFKAWSA-N,5.65916,5.65916,True,True,False
WGAVIJGEWZDOOU-UHFFFAOYSA-N,6.162635,6.162635,True,True,False
PYCYYSWVRAEADT-UHFFFAOYSA-N,5.71572,5.71572,True,True,False
BISIFJGUTDFVFR-UHFFFAOYSA-N,6.3027750000000005,6.3027750000000005,True,True,False
FEKLICVONCXYRV-UHFFFAOYSA-N,5.85,5.85,True,True,False
PWXAXJBDRWUOPZ-UHFFFAOYSA-N,5.47,5.47,True,True,False
KTURDSDPPQHUFH-UHFFFAOYSA-N,5.21,5.21,True,True,False
CKKVAQWWMPPXLE-UHFFFAOYSA-N,5.273,5.273,True,True,False
MNIMLCHZPSYBJD-UHFFFAOYSA-N,5.424,5.424,True,True,False
VUELVPNZILZURJ-UHFFFAOYSA-N,6.181,6.181,True,True,False
IFZXCQPMQSSVKJ-UHFFFAOYSA-N,7.0100999999999996,7.0100999999999996,True,True,False
VXKMGRRBRAIZKF-UHFFFAOYSA-N,6.75512,6.75512,True,True,False
LTSJAOJBDFVFJN-UHFFFAOYSA-N,7.235099999999999,7.235099999999999,True,True,False
GYPMBQZAVBFUIZ-UHFFFAOYSA-N,5.354900000000001,5.354900000000001,True,True,False
JSGBTKWCLLGUQI-UHFFFAOYSA-O,5.549,5.549,True,True,False
HVEHGQRVGLFZTA-WMCAAGNKSA-O,7.5261949999999995,7.5261949999999995,True,True,False
VPOGYXOJCCWVRS-UHFFFAOYSA-O,5.02228,5.02228,True,True,False
ZDCQKZOFWPDZHL-UHFFFAOYSA-N,7.285124999999999,7.285124999999999,True,True,False
AYARUBQRJJYGCJ-UHFFFAOYSA-P,5.10791,5.10791,True,True,False
KCIZTNZGSBSSRM-UHFFFAOYSA-N,5.3099,5.3099,True,True,False
LWTBLXRZFDITBS-UHFFFAOYSA-N,5.224,5.224,True,True,False
CHLICZRVGGXEOD-UHFFFAOYSA-N,5.3749,5.3749,True,True,False
ZSOHEKFEVDPZKH-UHFFFAOYSA-N,7.030094999999999,7.030094999999999,True,True,False
BEKNOGMQVKBMQN-UHFFFAOYSA-N,6.625109999999999,6.625109999999999,True,True,False
MWXYUIGGCLHWEP-UHFFFAOYSA-N,7.170159999999999,7.170159999999999,True,True,False
UCMACRIRPLDMDR-UHFFFAOYSA-N,6.7401,6.7401,True,True,False
HIQOGHGGZYIFQJ-UHFFFAOYSA-N,6.420109999999999,6.420109999999999,True,True,False
PJJMKVJLFRGNKC-UHFFFAOYSA-N,6.930095,6.930095,True,True,False
ZPTVNYMJQHSSEA-UHFFFAOYSA-N,6.1549,6.1549,True,True,False
HMFWEHZULGHDQI-UHFFFAOYSA-O,5.42022,5.42022,True,True,False
BABIQLUCYVRCIX-UHFFFAOYSA-N,6.560105,6.560105,True,True,False
NNZHVFBIRACHKV-UHFFFAOYSA-O,5.507,5.507,True,True,False
NZJAFQIOSNDHPN-UHFFFAOYSA-N,7.15015,7.15015,True,True,False
FYHHSIMJULJXFS-UHFFFAOYSA-O,5.07572,5.07572,True,True,False
DRWBHZSJKUMHGN-UHFFFAOYSA-N,7.350115000000001,7.350115000000001,True,True,False
OEUQDGNNEYCCQW-UHFFFAOYSA-N,5.521,5.521,True,True,False
CSKWZSUBRGLJBC-UHFFFAOYSA-O,6.012,6.012,True,True,False
OSIGJGFTADMDOB-UHFFFAOYSA-N,5.984895,5.984895,True,True,False
ANVLUJVUZOJZJH-UHFFFAOYSA-N,7.3100950000000005,7.3100950000000005,True,True,False
MFCLOAFNUWAGGB-UHFFFAOYSA-N,6.79012,6.79012,True,True,False
RRGLXSHXUVBPPY-UHFFFAOYSA-N,7.06014,7.06014,True,True,False
ROYFCSCGFOUJGP-IAXKEJLGSA-N,6.48945,6.48945,True,True,False
JGAGHIIOCADQOV-QWAKEFERSA-N,7.98716,7.98716,True,True,False
ZIGIADNCAWZUAB-QWAKEFERSA-N,6.95861,6.95861,True,True,False
KPWSFHABVRXVSI-ZPHPHTNESA-N,6.0,6.0,True,True,False
NKJRRVBTMYRXRB-YANBTOMASA-N,6.12033,6.12033,True,True,False
QZIXJLSOJNMYMO-ICFOKQHNSA-N,5.22185,5.22185,True,True,False
ZRWYMOGAPUKQLT-IJHRGXPZSA-N,7.39794,7.39794,True,True,False
YSHGAURKQQQQLD-STJUJJKNSA-N,5.75449,5.75449,True,True,False
QJNHONPWJGXIOZ-IJHRGXPZSA-N,7.76955,7.76955,True,True,False
HFXBBZYSRYHHRW-NNBQYGFHSA-N,6.54516,6.54516,True,True,False
GUUSRQYNMVBLTK-GPNIZQGCSA-N,7.0,7.0,True,True,False
WZMBVGKJFPMNGN-IAXKEJLGSA-N,5.69465,5.69465,True,True,False
KDJIRJJIEGFPOG-UHFFFAOYSA-N,6.09691,5.19897,True,True,True
XVAIKIDWWWIJHZ-RXBHZZDJSA-N,6.25964,6.25964,True,True,False
REQCZEXYDRLIBE-UHFFFAOYSA-N,6.0,6.0,True,True,False
PZRHMLTUOQZGFU-UHFFFAOYSA-N,5.43652,5.43652,True,True,False
ZSYBVMLBRRAALN-UHFFFAOYSA-N,6.30103,6.30103,True,True,False
XDJOJDHEYDJBLQ-UHFFFAOYSA-N,8.42136,8.42136,True,True,False
QTPHSDHUHXUYFE-KIYNQFGBSA-N,9.041775000000001,9.041775000000001,True,True,False
ATSTYEGQPOWINW-UHFFFAOYSA-N,6.36051,6.36051,True,True,False
IPSRZRXARJYFKS-UHFFFAOYSA-N,5.82391,5.82391,True,True,False
RSDNICWRHUAZOZ-UHFFFAOYSA-N,8.85699,8.85699,True,True,False
YQSFVLAYSTUSTE-UHFFFAOYSA-N,5.89963,5.89963,True,True,False
NQPUWKFWGHITSP-UHFFFAOYSA-N,7.28735,7.28735,True,True,False
GCTYUVIIPGRTHM-UHFFFAOYSA-N,5.03621,5.03621,True,True,False
UKCBMHDZLYYTMI-UHFFFAOYSA-N,9.10791,9.10791,True,True,False
TUVOGCOVFCKQFT-UHFFFAOYSA-N,7.53018,7.53018,True,True,False
RROMZQOFYWOWAP-UHFFFAOYSA-N,6.37161,6.37161,True,True,False
NKJPXDDMWQSODY-UHFFFAOYSA-N,8.65758,8.65758,True,True,False
OMWVNMMKKOBHLD-UHFFFAOYSA-N,5.76955,5.76955,True,True,False
RNTAEWUQJLKDIO-UHFFFAOYSA-N,7.42251,7.42251,True,True,False
WUFQLZTXIWKION-UHFFFAOYSA-N,5.527355,5.527355,True,True,False
HXXFZJUEWKJOGB-UHFFFAOYSA-N,7.451,7.451,True,True,False
GOVGODJNGLRRGL-UHFFFAOYSA-N,8.30452,8.30452,True,True,False
CPGLYAIYMGVIIO-WDEREUQCSA-N,8.33913,8.33913,True,True,False
JTXWLCKLIIRZKL-UHFFFAOYSA-N,7.11407,7.11407,True,True,False
JHFVYQMIQHRAQS-UHFFFAOYSA-N,6.80134,6.80134,True,True,False
CCZAEYNRTVFBFH-UHFFFAOYSA-N,7.93181,7.93181,True,True,False
AQTFLSFWSDSMCO-UHFFFAOYSA-N,8.75449,8.75449,True,True,False
SQXQVLHHMMAJIL-UHFFFAOYSA-N,5.42481,5.42481,True,True,False
ZCUGLCPNDXQRDS-UHFFFAOYSA-N,7.521435,7.521435,True,True,False
OQDJCMHCDIHYKT-UHFFFAOYSA-N,7.65758,7.65758,True,True,False
YXBRWTPSYYDWIO-UHFFFAOYSA-N,6.16749,6.16749,True,True,False
MGRJGBMUVSCADJ-UHFFFAOYSA-N,7.00087,7.00087,True,True,False
HVWVPJQXLNDOEK-UHFFFAOYSA-N,7.48149,7.48149,True,True,False
HBZHFOIRLAOODA-UHFFFAOYSA-N,5.92082,5.92082,True,True,False
FXEKYXNHJDVDPK-UHFFFAOYSA-N,6.35655,6.35655,True,True,False
ADLLVJJAMGWNEL-UHFFFAOYSA-N,5.67778,5.67778,True,True,False
NEZXWTGSAGKVIL-UHFFFAOYSA-N,6.18709,6.18709,True,True,False
HGNLDJVZZAVQMR-UHFFFAOYSA-N,7.30103,7.30103,True,True,False
NMIVJPRSJCLQCG-UHFFFAOYSA-N,6.50864,6.50864,True,True,False
XHKYPQJDZKCEOF-UHFFFAOYSA-N,7.76955,7.76955,True,True,False
XHKYPQJDZKCEOF-FEHRVWHQSA-N,7.18046,7.18046,True,True,False
KXMCSAUVAHKCOR-UHFFFAOYSA-N,7.35164,7.35164,True,True,False
LAFTTYMJFZRMQP-UHFFFAOYSA-N,6.92082,6.92082,True,True,False
HAFSYIUXFNUVMN-UHFFFAOYSA-N,7.08092,7.08092,True,True,False
USMKQGWAOUAYSP-UHFFFAOYSA-N,6.92082,6.92082,True,True,False
PJCKCTODZPQSKT-UHFFFAOYSA-N,7.11919,7.11919,True,True,False
JONYPUKQVRMTRD-UHFFFAOYSA-N,6.58503,6.58503,True,True,False
FYRCWIJBSJSDHG-UHFFFAOYSA-N,6.18709,6.18709,True,True,False
GUSIEDDJDIMRDC-UHFFFAOYSA-N,6.79588,6.79588,True,True,False
WUDBCFDOLSHYHH-UHFFFAOYSA-N,8.16749,8.16749,True,True,False
MVJGXHDGHVCSQW-UHFFFAOYSA-N,6.20066,6.20066,True,True,False
YYWGABLTRMRUIT-HWWQOWPSSA-N,7.52288,7.52288,True,True,False
NMPLPABDEKPABN-UHFFFAOYSA-N,8.36653,8.36653,True,True,False
LFSPBUWIBYIALD-UHFFFAOYSA-N,6.284,6.284,True,True,False
XDGMPBUKARQUCK-UHFFFAOYSA-N,6.5157,6.5157,True,True,False
YCFVMRRJBBQZHF-UHFFFAOYSA-N,6.4318,6.4318,True,True,False
YSANROTYHBNTDV-UHFFFAOYSA-N,6.3279,6.3279,True,True,False
ZXWMHVSJDRFKHN-UHFFFAOYSA-N,6.16115,6.16115,True,True,False
LCSLDZZBWHBLFA-UHFFFAOYSA-N,6.56864,6.56864,True,True,False
MNJMLCSCGCADPC-UHFFFAOYSA-N,7.60206,7.60206,True,True,False
IBNAPGSCYPCZRO-UHFFFAOYSA-N,5.88606,5.88606,True,True,False
LTHKGHCYYOBVQU-UHFFFAOYSA-N,7.92082,7.92082,True,True,False
CWPJXPVVERJSEL-UHFFFAOYSA-N,7.0,7.0,True,True,False
GWLYGKHENDIOMW-UHFFFAOYSA-N,6.69897,6.69897,True,True,False
XNXQIZLRSMQRTH-UHFFFAOYSA-N,6.85699,6.85699,True,True,False
GXKOKBLWYHLOTL-UHFFFAOYSA-N,6.19382,6.19382,True,True,False
AIHREYCBCYOMLZ-UHFFFAOYSA-N,7.52288,7.52288,True,True,False
KMLJERDDNFAXKC-UHFFFAOYSA-N,5.97062,5.97062,True,True,False
CAFPZIPDWWVNRP-UHFFFAOYSA-N,5.66756,5.66756,True,True,False
JHNADFDOHHLJBW-UHFFFAOYSA-N,8.04576,8.04576,True,True,False
YNBUJXJHKVCTQX-GOSISDBHSA-N,5.69897,5.69897,True,True,False
HVCOWYUWVWKCLH-UHFFFAOYSA-N,5.60206,5.60206,True,True,False
UJAUBYKRRBNBIA-UHFFFAOYSA-N,5.74958,5.74958,True,True,False
FTMQGFFVKGHYEQ-QGZVFWFLSA-N,5.10237,5.10237,True,True,False
RVNORUCXEIIROU-UHFFFAOYSA-N,5.4023,5.4023,True,True,False
NMRHFLBCBDWJRZ-UHFFFAOYSA-N,6.0655,6.0655,True,True,False
KNFAZGBZIYULFY-UHFFFAOYSA-N,5.82974,5.82974,True,True,False
MVADBDFEPSYKSC-UHFFFAOYSA-N,6.27572,6.27572,True,True,False
MNNGVKDERCDSCG-UHFFFAOYSA-N,5.48945,5.48945,True,True,False
LUAGXUFRPKJMDF-UHFFFAOYSA-N,5.1549,5.1549,True,True,False
XFPHEDHECANCFF-UHFFFAOYSA-N,6.07058,6.07058,True,True,False
FTMQGFFVKGHYEQ-UHFFFAOYSA-N,5.06198,5.06198,True,True,False
VMEAVLRQBIRDKD-UHFFFAOYSA-N,7.58503,7.58503,True,True,False
YNBUJXJHKVCTQX-UHFFFAOYSA-N,5.51428,5.51428,True,True,False
HLSVSCQFGAPXKJ-CQSZACIVSA-N,5.74473,5.74473,True,True,False
HYXHQZASJISSQN-UHFFFAOYSA-N,6.65758,6.65758,True,True,False
XACHXIXUMOMGHZ-UHFFFAOYSA-N,5.62342,5.62342,True,True,False
KLKHEERGMBJKHN-UHFFFAOYSA-N,6.52288,6.52288,True,True,False
ZXLPWFKSNFNNOW-UHFFFAOYSA-N,5.78516,5.78516,True,True,False
ACQQSVLNYFFGER-UHFFFAOYSA-N,7.27572,,True,False,False
VRYWLUPKBUBPFK-UHFFFAOYSA-N,6.29243,6.29243,True,True,False
SPYQRYLMKRNKFD-UHFFFAOYSA-N,7.88606,7.88606,True,True,False
QZQSLQIZEWMPQS-UHFFFAOYSA-N,6.11919,6.11919,True,True,False
KUTPSNLZCMOGGE-UHFFFAOYSA-N,6.33724,6.33724,True,True,False
QHTSCZJBKOYQDW-UHFFFAOYSA-N,5.4437,5.4437,True,True,False
HLSVSCQFGAPXKJ-AWEZNQCLSA-N,5.64782,5.64782,True,True,False
QGXVPFVJKVEMKS-UHFFFAOYSA-N,6.55284,6.55284,True,True,False
OGCSBPXIKACNKA-UHFFFAOYSA-N,5.13668,5.13668,True,True,False
IRBMYPWDNDKKOG-UHFFFAOYSA-N,5.82974,5.82974,True,True,False
WPSQKSZQTBMLDQ-UHFFFAOYSA-N,6.79588,6.79588,True,True,False
LQVXOBJGBMHXPQ-UHFFFAOYSA-N,6.63827,6.63827,True,True,False
XSFXVFBRSREQBM-UHFFFAOYSA-N,5.4045,5.4045,True,True,False
JVHQRHHNABNBOK-UHFFFAOYSA-N,6.26761,6.26761,True,True,False
FTMQGFFVKGHYEQ-KRWDZBQOSA-N,5.20066,5.20066,True,True,False
SHYBFEOFEFSCKU-UHFFFAOYSA-N,5.4437,5.4437,True,True,False
PKCPZJFXQLSLLL-UHFFFAOYSA-N,5.10791,5.10791,True,True,False
VUTBBKJTQYCZFH-UHFFFAOYSA-N,6.25964,6.25964,True,True,False
SWNAPNLHVDTIHF-UHFFFAOYSA-N,5.20621,5.20621,True,True,False
HLSVSCQFGAPXKJ-UHFFFAOYSA-N,5.5376,5.5376,True,True,False
PBBZQCRCUHDOBK-KRWDZBQOSA-N,5.03152,5.03152,True,True,False
HTSFGBRWMBRBLU-GFCCVEGCSA-N,5.21183,5.21183,True,True,False
HDMFPUCTKDEZMR-UHFFFAOYSA-N,5.38722,5.38722,True,True,False
JVYLHZUZDRCHDQ-UHFFFAOYSA-N,6.76955,6.76955,True,True,False
YFDSCOBTZXZXEN-UHFFFAOYSA-N,5.74473,5.74473,True,True,False
BWNGRRJLFYHENY-INIZCTEOSA-N,5.07058,5.07058,True,True,False
ZMBDILYCKABPBU-UHFFFAOYSA-N,5.66756,5.66756,True,True,False
YNBUJXJHKVCTQX-SFHVURJKSA-N,5.46852,5.46852,True,True,False
NSDLLBNDBVHZTN-UHFFFAOYSA-N,5.04576,5.04576,True,True,False
NOWQNKKWTMXZLC-UHFFFAOYSA-N,6.21467,6.21467,True,True,False
CINOACUWPXQJTR-UHFFFAOYSA-N,6.3279,6.3279,True,True,False
KDIDQSZYTUIGNY-UHFFFAOYSA-N,6.68613,6.68613,True,True,False
SYWAOYCXRQDRLP-VLNZMSLLSA-N,5.28,5.28,True,True,False
HZOTXNIDOKRKQY-KQFGCDFKSA-N,5.15,5.15,True,True,False
KLEWHGJJTJIPNR-UHFFFAOYSA-N,6.87615,6.87615,True,True,False
BTXJVBGYXBCASF-UHFFFAOYSA-N,5.82391,5.82391,True,True,False
NFYOLQNDIDXOOH-UHFFFAOYSA-N,5.60206,5.60206,True,True,False
RVVWDYHZWLAHCI-UHFFFAOYSA-N,6.74473,6.74473,True,True,False
SMRNNJFLKGLSBA-UHFFFAOYSA-N,6.767,6.767,True,True,False
ZRDXAEKCZXNZEQ-UHFFFAOYSA-N,6.13077,6.13077,True,True,False
ARSAQZQCCQIFRU-XKZIYDEJSA-N,7.13077,7.13077,True,True,False
MYTVLVZQXNODTK-UHFFFAOYSA-N,6.33724,6.33724,True,True,False
IPVXUJZZPDSBLD-UHFFFAOYSA-N,6.84466,6.84466,True,True,False
QLQLZILPUSPCNJ-UHFFFAOYSA-N,6.67778,6.67778,True,True,False
RNLWFDRAYXSZPJ-UHFFFAOYSA-N,6.77211,6.77211,True,True,False
ZMAOKPMWBVUQPK-IWDJEAQTSA-N,5.28,5.28,True,True,False
LPWXASFIPNYFQP-UHFFFAOYSA-N,6.5376,6.5376,True,True,False
BWTGOLYEGGOWMU-KFDGPNQLSA-N,5.21,5.21,True,True,False
DCTRPSAPKPORBP-UHFFFAOYSA-N,6.04576,6.04576,True,True,False
OVYGDFDMZNYEGZ-UHFFFAOYSA-N,7.55284,7.55284,True,True,False
NLOJUKSOUNWUSW-NUOWXSDFSA-N,5.21,5.21,True,True,False
ZYKGNFBRZVTSQT-UHFFFAOYSA-N,6.48149,6.48149,True,True,False
SXUSJKARTRGOFL-UHFFFAOYSA-N,5.88606,5.88606,True,True,False
WCBPBBFIAODRLI-AWUJJIRRSA-N,5.19,5.19,True,True,False
BFYPXOUNPUWUNL-UHFFFAOYSA-N,6.30103,6.30103,True,True,False
WKBYYEDQGZSMCP-CNLUTGEBSA-N,5.11,5.11,True,True,False
GCHGDPVSONOHQE-PNUJEHDGSA-N,5.24,5.24,True,True,False
KVLGOUWOJOAJTC-UHFFFAOYSA-N,6.90309,6.90309,True,True,False
BKKRKDDJCRFGHJ-UHFFFAOYSA-N,6.58503,6.58503,True,True,False
UVZXIKHRPFCSKF-NLGFINLOSA-N,5.19,5.19,True,True,False
GTJDKKGEHMPRJD-UHFFFAOYSA-N,6.7986,6.7986,True,True,False
ZMNNRQKEGKTIPD-UHFFFAOYSA-N,5.52288,5.52288,True,True,False
KFWGKECULQNZER-UHFFFAOYSA-N,7.14267,7.14267,True,True,False
DYTNXFSVOOZIHV-UHFFFAOYSA-N,9.52288,9.52288,True,True,False
LXTKNVLLWOLCOV-PYMCNQPYSA-N,7.98329,7.98329,True,True,False
DSQSAHYPEXEBHJ-WUJWULDRSA-N,7.08619,7.08619,True,True,False
AGOPIOMWLMAZHS-IJHRGXPZSA-N,7.88606,7.88606,True,True,False
NPANUSRHFVUOKM-IAXKEJLGSA-N,5.41341,5.41341,True,True,False
FDRUOIJOXDAUQN-WMCAAGNKSA-N,7.02687,7.02687,True,True,False
ZEZHVLKHFYAVTB-UHFFFAOYSA-N,6.4437,6.4437,True,True,False
JZMKNXICJRCGJX-UHFFFAOYSA-N,7.63827,7.63827,True,True,False
QIYIAVWWIGXXBQ-UHFFFAOYSA-N,5.57675,5.57675,True,True,False
RAANAGIDXYTUAW-UHFFFAOYSA-N,6.08092,6.08092,True,True,False
MBYLQCWDOYEQRA-UHFFFAOYSA-N,7.25181,7.25181,True,True,False
KOFCNZPCQOBXHD-UHFFFAOYSA-N,5.36653,5.36653,True,True,False
MVHRCJQCKYPDRL-IIUCQXFBSA-N,6.90309,6.90309,True,True,False
UXTFWAJYDNDQIT-UHFFFAOYSA-O,8.81824,8.81824,True,True,False
SUIMARUJTPHLCU-UHFFFAOYSA-O,6.03501,6.03501,True,True,False
GXUQYCUEEMXLQZ-UHFFFAOYSA-N,9.08619,9.08619,True,True,False
DSOGYBQXIUXXBY-YYGZZXRFSA-N,5.60206,5.60206,True,True,False
AOFMVUCAUSHJLI-RKFAPSRVSA-N,6.63827,6.63827,True,True,False
XRDDKPLRULFDQK-YYGZZXRFSA-N,7.04576,7.04576,True,True,False
ARZWKYJFXLHKCZ-YYGZZXRFSA-N,7.22185,7.22185,True,True,False
AENKBRFCOPMCEQ-RYTSNQFKSA-N,6.37675,6.37675,True,True,False
TUHKKEQPFQTBQG-UHFFFAOYSA-N,6.44,6.44,True,True,False
MPXYSKOIXYKJDL-UHFFFAOYSA-N,7.54,7.54,True,True,False
MFYFDYREFFENNR-UHFFFAOYSA-N,6.79,6.79,True,True,False
QTPHSDHUHXUYFE-UHFFFAOYSA-N,9.48999,9.48999,True,True,False
CFBDZCKTSONAGK-UHFFFAOYSA-N,5.43,5.43,True,True,False
MUILZOVEBZOSKO-UHFFFAOYSA-N,5.82,5.82,True,True,False
NRSBDJTYDOITNU-UHFFFAOYSA-N,6.8,6.8,True,True,False
VHAAMEUGSIJIGI-UHFFFAOYSA-N,6.3,6.3,True,True,False
KJIWSJOEJZNLAR-UHFFFAOYSA-N,5.77,5.77,True,True,False
BLQLGEMORAKDCK-UHFFFAOYSA-N,8.23657,8.23657,True,True,False
FWOCRPGNZYJWBL-UHFFFAOYSA-N,9.31876,9.31876,True,True,False
PNVKWWHBNADAIC-UHFFFAOYSA-N,6.60206,6.60206,True,True,False
MLMBMROIKCDDBW-UHFFFAOYSA-N,8.09691,8.09691,True,True,False
WCCVUCMETCYHRK-UHFFFAOYSA-N,7.36653,7.36653,True,True,False
ZFPAYSSATREUMU-UHFFFAOYSA-N,6.42022,6.42022,True,True,False
MKTGQOMRSQXJEL-UHFFFAOYSA-N,6.95861,6.95861,True,True,False
RANOFWRVYDDHPM-UHFFFAOYSA-N,6.92082,6.92082,True,True,False
UOILNRQOHGAVRN-UHFFFAOYSA-N,6.284,6.284,True,True,False
NNBUDCTZXKSTRQ-UHFFFAOYSA-N,5.57349,5.57349,True,True,False
AUIUWDZZXQWWOQ-UHFFFAOYSA-N,7.27572,7.27572,True,True,False
KFZOWBNTEIELDM-UHFFFAOYSA-N,7.49485,7.49485,True,True,False
ABNOJWGKGYSFSX-UHFFFAOYSA-N,7.55284,7.55284,True,True,False
MWKUYSVHHMBCJK-UHFFFAOYSA-N,7.10237,7.10237,True,True,False
RUKXDNCEYNEPKG-UHFFFAOYSA-N,6.40894,6.40894,True,True,False
OZVRHFWGWWQRTO-UHFFFAOYSA-N,6.0,6.0,True,True,False
KARHNKQSLZQOBJ-UHFFFAOYSA-N,6.04576,6.04576,True,True,False
SNRGQBSLWSCUGI-UHFFFAOYSA-N,6.55284,6.55284,True,True,False
ZADFRSASESDRFO-UHFFFAOYSA-N,8.20273,8.20273,True,True,False
APLNAOFQRVXISP-UHFFFAOYSA-N,6.95861,6.95861,True,True,False
XHRVEAIUOVPSMY-UHFFFAOYSA-N,7.39794,7.39794,True,True,False
VWDPERVYBORHQM-UHFFFAOYSA-N,8.1549,8.1549,True,True,False
XFYXMNMVMKEVIT-UHFFFAOYSA-N,8.58503,8.58503,True,True,False
ICEVKTXKGNOLEX-UHFFFAOYSA-N,6.0,6.0,True,True,False
VSTZXOFXIHXLHI-UHFFFAOYSA-N,8.22185,8.22185,True,True,False
LZGLANLBIUAGIM-UHFFFAOYSA-N,8.34679,8.34679,True,True,False
QPMZSAYBBBHOOQ-UHFFFAOYSA-N,6.46852,6.46852,True,True,False
RUCMPVRFPBFNLE-UHFFFAOYSA-N,6.72125,6.72125,True,True,False
OFQUUTKEKIIUJE-UHFFFAOYSA-N,7.04576,7.04576,True,True,False
XXUAMLUZORJNNC-UHFFFAOYSA-N,6.12494,6.12494,True,True,False
NAOZAHRAUOKLTI-UHFFFAOYSA-N,7.26761,7.26761,True,True,False
CRMOWQKTQGSOFA-UHFFFAOYSA-N,5.59007,5.59007,True,True,False
NVUGDYFHDGXOKY-UHFFFAOYSA-N,7.52288,7.52288,True,True,False
UBOLSYAFJBJJBX-UHFFFAOYSA-N,8.33724,8.33724,True,True,False
CGPFCMGYTPXYSJ-UHFFFAOYSA-N,6.61979,6.61979,True,True,False
KQOUPMYYRQWZLI-UHFFFAOYSA-N,7.0,7.0,True,True,False
UKFCIGJAJAIROZ-UHFFFAOYSA-N,7.52288,7.52288,True,True,False
RPFDRSCDZJIZNM-UHFFFAOYSA-N,7.76195,7.76195,True,True,False
HDQBOOHWHLECAC-UHFFFAOYSA-N,8.09098,8.09098,True,True,False
GDJCEUYIQJRPFO-UHFFFAOYSA-N,5.72816,5.72816,True,True,False
LCLQRXYSCAZUJT-UHFFFAOYSA-N,7.6925,7.6925,True,True,False
OZZLFEZFCLBCIV-UHFFFAOYSA-N,6.37675,6.37675,True,True,False
QJKKNTBZVBEQGM-UHFFFAOYSA-N,6.40561,6.40561,True,True,False
LDYLCLZQCXSJGH-YSMPRRRNSA-N,5.52433,5.52433,True,True,False
JAEZFUCFEMHOTF-FSGOGVSDSA-N,5.16368,5.16368,True,True,False
KMSYVNUQWIRJRE-FSGOGVSDSA-N,5.46725,5.46725,True,True,False
FIGDFKBRWHQHDX-FSGOGVSDSA-N,6.284,6.284,True,True,False
ZQIJTMWONIMKMF-BGDIREAQSA-N,5.67985,5.67985,True,True,False
GLFCSNKKUXWEFI-OFWBYEQRSA-N,5.70997,5.70997,True,True,False
PZMSOLAGWTYVMG-FSGOGVSDSA-N,5.09691,5.09691,True,True,False
KYVIWBPYFDCUME-MTDXEUNCSA-N,5.74473,5.74473,True,True,False
VPPSWJWBTQDKEJ-OVVQPSECSA-N,5.00833,5.00833,True,True,False
FMNIEHIAIMPDIG-ZTKZIYFRSA-N,5.30627,5.30627,True,True,False
ITZOKHKOFJOBFS-UHFFFAOYSA-N,9.16033,9.16033,True,True,False
VRNGRBIMQBSIJF-UHFFFAOYSA-N,8.52288,8.52288,True,True,False
ACKJXXOVSOCBPX-UHFFFAOYSA-N,8.38722,8.38722,True,True,False
AJUUAUZWBQPTFD-UHFFFAOYSA-N,7.01323,7.01323,True,True,False
FUZSKXNTSYMEMF-UHFFFAOYSA-N,8.15739,8.15739,True,True,False
IEBFRRATFZBOGS-UHFFFAOYSA-N,7.45346,7.45346,True,True,False
TYGMTYRXRCSMAH-UHFFFAOYSA-N,7.41567,7.41567,True,True,False
GWKZBCSXCDIJEX-UHFFFAOYSA-N,7.52143,7.52143,True,True,False
UJYFHDXYPAFONC-UHFFFAOYSA-N,7.48545,7.48545,True,True,False
QVGXTQPZHCDXRZ-UHFFFAOYSA-N,9.59688,,True,False,False
YNUALVMKORREBG-UHFFFAOYSA-N,5.96257,5.96257,True,True,False
FPBUGSBZFOFWAX-UHFFFAOYSA-N,7.66756,7.66756,True,True,False
HLRVNJVVXBHFTE-UHFFFAOYSA-N,9.175820000000002,9.175820000000002,True,True,False
DBUWWODVSCMGDY-UHFFFAOYSA-N,9.096029999999999,9.096029999999999,True,True,False
XXFJVXFGCDTSND-UHFFFAOYSA-N,9.170805000000001,8.86012,True,True,True
JPBICZJGLXJNKG-RRPNLBNLSA-N,9.49485,9.49485,True,True,False
YNGVZJKKHQZTOO-UHFFFAOYSA-N,9.23878,9.23878,True,True,False
GCPORJYZTJZXFH-UHFFFAOYSA-N,8.93863,8.93863,True,True,False
JVAZMJIFYNHUQW-UHFFFAOYSA-N,9.138684999999999,9.138684999999999,True,True,False
XGUXGMNSUSHHSV-IZZNHLLZSA-N,9.5376,9.5376,True,True,False
AIXQQSTVOSFSMO-RBOXIYTFSA-N,5.97062,5.458965,True,True,True
BGGBDKDNDXWHQP-SFHVURJKSA-N,6.99568,6.99568,True,True,False
XUOUWGWIRPBWCW-OAQYLSRUSA-N,7.85387,7.85387,True,True,False
XHISNFCRWZVULB-UHFFFAOYSA-N,9.30103,9.30103,True,True,False
DIHZVMMPFILOAT-UHFFFAOYSA-N,9.34679,9.34679,True,True,False
HSPZASVVTPKCGM-UHFFFAOYSA-N,10.39794,10.39794,True,True,False
NNXPYYPDXHQYMI-UHFFFAOYSA-N,9.18709,9.18709,True,True,False
SZRNKXYBFFECAE-UHFFFAOYSA-N,9.06048,9.06048,True,True,False
DJYUJPYMPVRRIB-UHFFFAOYSA-N,10.0,10.0,True,True,False
ZEZHVLKHFYAVTB-OCCSQVGLSA-N,7.22185,7.22185,True,True,False
NPANUSRHFVUOKM-UNMCSNQZSA-N,5.41341,5.41341,True,True,False
AGOPIOMWLMAZHS-UYAOXDASSA-N,6.84771,6.84771,True,True,False
AGOPIOMWLMAZHS-ICSRJNTNSA-N,7.88606,7.88606,True,True,False
DSQSAHYPEXEBHJ-ZFWWWQNUSA-N,7.08619,7.08619,True,True,False
LXTKNVLLWOLCOV-TZMCWYRMSA-N,7.25181,7.25181,True,True,False
LXTKNVLLWOLCOV-JSGCOSHPSA-N,7.98329,7.98329,True,True,False
JGAGHIIOCADQOV-PZJWPPBQSA-N,5.25885,5.25885,True,True,False
FDRUOIJOXDAUQN-ZBFHGGJFSA-N,7.02687,7.02687,True,True,False
PIJVFDBKTWXHHD-DZGCQCFKSA-N,5.0048,5.0048,True,True,False
KOFCNZPCQOBXHD-CTNGQTDRSA-N,5.46471,5.46471,True,True,False
MBYLQCWDOYEQRA-MJGOQNOKSA-N,7.01323,7.01323,True,True,False
MBYLQCWDOYEQRA-PKOBYXMFSA-N,7.42022,7.42022,True,True,False
RAANAGIDXYTUAW-OCCSQVGLSA-N,5.61618,5.61618,True,True,False
RAANAGIDXYTUAW-GXTWGEPZSA-N,6.21467,6.21467,True,True,False
QIYIAVWWIGXXBQ-PZJWPPBQSA-N,5.17393,5.17393,True,True,False
JZMKNXICJRCGJX-PKOBYXMFSA-N,7.4437,7.4437,True,True,False
JZMKNXICJRCGJX-MJGOQNOKSA-N,7.668620000000001,7.668620000000001,True,True,False
ZEZHVLKHFYAVTB-GXTWGEPZSA-N,6.31336,6.31336,True,True,False
PLKJOOZHDCZCGL-UHFFFAOYSA-N,5.25964,5.25964,True,True,False
APIOTDBMTZHUEJ-UHFFFAOYSA-N,5.15864,5.15864,True,True,False
OSZNNLWOYWAHSS-UHFFFAOYSA-M,7.55078,7.37572,True,True,True
WDHBXSBNUQDWLT-UHFFFAOYSA-N,7.13312,7.13312,True,True,False
CZQFKRLBBDIJNO-UHFFFAOYSA-N,5.99443,5.99443,True,True,False
VSCFNMVKECXBMF-UHFFFAOYSA-N,5.87234,5.87234,True,True,False
NCZRUTJVTDTOAX-UHFFFAOYSA-N,5.96948,5.96948,True,True,False
CYNVKODZVQUAQS-UHFFFAOYSA-N,5.49435,5.49435,True,True,False
VFHWFWNFMSLODT-UHFFFAOYSA-N,7.67778,7.67778,True,True,False
QVIIDWWABZYHCA-UHFFFAOYSA-N,6.8986,6.8986,True,True,False
ZYSAKJROYRNRCW-UHFFFAOYSA-N,6.54638,6.54638,True,True,False
RVUKPUNERJXZRC-UHFFFAOYSA-N,7.00877,7.00877,True,True,False
UEGRKPLAHWHWQQ-UHFFFAOYSA-N,6.64782,6.64782,True,True,False
IIGBHFJNVWQBMB-UHFFFAOYSA-N,7.39254,7.39254,True,True,False
ORHYETPDBZUFJW-UHFFFAOYSA-N,6.41341,6.41341,True,True,False
HZEYALYZZKPABJ-UHFFFAOYSA-N,8.07624,8.07624,True,True,False
UZTWTDUISHKFGD-UHFFFAOYSA-N,7.22915,7.22915,True,True,False
IOOCYIJIKUOHFE-UHFFFAOYSA-N,7.14206,7.14206,True,True,False
XYQHDYWZDYRZLT-UHFFFAOYSA-N,6.86967,6.86967,True,True,False
LHUNFEXUROHDNV-UHFFFAOYSA-N,7.39041,7.39041,True,True,False
ZIHQIMALTYQRGD-UHFFFAOYSA-N,6.43771,6.43771,True,True,False
XYJPAVSBBNRJDP-UHFFFAOYSA-N,8.29414,8.29414,True,True,False
PRXVIQMGMOKJKT-UHFFFAOYSA-N,8.28067,8.28067,True,True,False
DSRWIKGFKWYMAF-UHFFFAOYSA-N,8.24795,8.24795,True,True,False
JYTGRKGSBZXXDK-UHFFFAOYSA-N,7.73993,7.73993,True,True,False
PJWMHJCVVYVTMN-UHFFFAOYSA-N,7.76955,7.76955,True,True,False
JJFPAWUNOIIHJP-UHFFFAOYSA-N,6.61798,6.61798,True,True,False
HHOZIIJUOGFCKO-UHFFFAOYSA-N,7.04964,7.04964,True,True,False
OFCBHLPUPDOGOA-UHFFFAOYSA-N,7.28735,7.28735,True,True,False
ZNRGREFWBCWZAU-UHFFFAOYSA-N,6.97881,6.97881,True,True,False
SCKWNQRIZNNYFA-UHFFFAOYSA-N,7.23657,7.23657,True,True,False
RYUHYOLRLQUVHQ-UHFFFAOYSA-N,6.63078,6.63078,True,True,False
QTVIWMLMXFVZIY-UHFFFAOYSA-N,6.77211,6.77211,True,True,False
QTWUJCCPMWZOOB-UHFFFAOYSA-N,6.51004,6.51004,True,True,False
CWDRVGKNJWGVJS-UHFFFAOYSA-N,6.71897,6.71897,True,True,False
OWDDOOZVDQHYQH-UHFFFAOYSA-N,6.47108,6.47108,True,True,False
RDDFBAPIHCKOCC-UHFFFAOYSA-N,6.71444,6.71444,True,True,False
POYFPBLOVRVCKS-UHFFFAOYSA-N,6.91364,6.91364,True,True,False
CHMZSXAIQRLCLX-UHFFFAOYSA-O,5.721625,5.721625,True,True,False
ICPRLZDLIOARIN-UHFFFAOYSA-O,6.0035,6.0035,True,True,False
OEJPDCAOADNKRJ-UHFFFAOYSA-O,5.7423649999999995,5.7423649999999995,True,True,False
FTXCPBMJKVPYRT-UHFFFAOYSA-O,5.376875,5.376875,True,True,False
GKOBEAWUMYEQIP-UHFFFAOYSA-O,6.1094550000000005,6.1094550000000005,True,True,False
DSZQQMUYRCNRKS-UHFFFAOYSA-N,5.8705300000000005,5.8705300000000005,True,True,False
UXIBWQLCPYHBSH-UHFFFAOYSA-O,5.65679,5.65679,True,True,False
CAAWONCYYQXLJB-UHFFFAOYSA-N,5.97,5.97,True,True,False
OXYGPYKFZHTXST-UHFFFAOYSA-N,5.58,5.58,True,True,False
MMXVQYINUWPOGL-UHFFFAOYSA-P,6.91999,6.91999,True,True,False
JJSKTTNIOYMAJG-UHFFFAOYSA-N,8.24003,8.24003,True,True,False
MKZBCJVAPJMUCL-UHFFFAOYSA-N,8.24003,8.24003,True,True,False
JTSFQHSYCFLAHM-UHFFFAOYSA-N,6.77001,6.77001,True,True,False
RRQRHRADZOPJNL-UHFFFAOYSA-N,7.19997,7.19997,True,True,False
DQFITZQWLBZWPL-UHFFFAOYSA-N,7.44003,7.44003,True,True,False
OHDAIMUTVTWWBN-UHFFFAOYSA-N,8.18,8.18,True,True,False
OACFNJFRSVQUTM-UHFFFAOYSA-N,8.13001,8.13001,True,True,False
QGFZYGZFBJAMKK-UHFFFAOYSA-N,8.48004,8.48004,True,True,False
ZKOHODJSCICEFD-UHFFFAOYSA-N,8.47945,8.47945,True,True,False
CPLGYLJHIKGTTM-UHFFFAOYSA-N,10.1549,10.1549,True,True,False
NFWZCWJFWPWUFN-UHFFFAOYSA-N,9.69897,9.69897,True,True,False
FEAVRTOEDVZKCJ-UHFFFAOYSA-N,9.430060000000001,9.22185,True,True,True
WIIKLWSNLFQLLL-UHFFFAOYSA-N,9.52288,9.52288,True,True,False
OTLLABLRJBVBHD-UHFFFAOYSA-N,5.57187,5.57187,True,True,False
APQVLCHKJANNBN-UHFFFAOYSA-N,5.50169,5.50169,True,True,False
HCYIWPLGUFGDSL-UHFFFAOYSA-N,5.66154,5.66154,True,True,False
VQPIMTWJBHRDFH-UHFFFAOYSA-N,5.46852,5.46852,True,True,False
YXLAGEWUVMLQRD-UHFFFAOYSA-N,5.63451,5.63451,True,True,False
OTZUHGHWYCAPIJ-UHFFFAOYSA-N,5.10568,5.10568,True,True,False
JUEPMIFCYDBLJZ-UHFFFAOYSA-N,5.54975,5.54975,True,True,False
NKJXMWCNCBVIAA-UHFFFAOYSA-N,5.5391,5.5391,True,True,False
NDUSIOVFIPORBY-UHFFFAOYSA-N,5.15657,5.15657,True,True,False
VUBALVZUDJIWHQ-UHFFFAOYSA-N,5.20412,5.20412,True,True,False
OZPRPMGGGNQZCR-UHFFFAOYSA-N,7.97881,7.97881,True,True,False
VUKFZQAYZWJWTL-UHFFFAOYSA-N,5.50864,5.50864,True,True,False
HXKHDYYGFATHQZ-UHFFFAOYSA-N,5.64397,5.64397,True,True,False
UGVDWCWFPOMOMR-UHFFFAOYSA-N,5.7986,5.7986,True,True,False
KZJABZGPRMGEQZ-UHFFFAOYSA-N,5.69465,5.69465,True,True,False
IBPYXVKCOYANPH-UHFFFAOYSA-N,5.91009,5.91009,True,True,False
WWWLNIZLSIHRAE-UHFFFAOYSA-N,6.55129,6.55129,True,True,False
YOADEHMCUGVQME-UHFFFAOYSA-N,6.82974,6.82974,True,True,False
VFAABMDLNHZKGL-UHFFFAOYSA-N,7.30715,7.30715,True,True,False
PNZIOQNBQOTGPK-UHFFFAOYSA-N,7.73755,7.73755,True,True,False
HOAWDZNYQXALRG-UHFFFAOYSA-N,5.64589,5.64589,True,True,False
UIALHYCUMNMDDP-UHFFFAOYSA-N,6.1463,6.1463,True,True,False
WGNYJSHONXWUNW-UHFFFAOYSA-N,7.20691,7.20691,True,True,False
RNNHOLLWKOWGSG-UHFFFAOYSA-N,6.50864,6.50864,True,True,False
BIGKNZBLJTVJKF-UHFFFAOYSA-N,6.91364,6.91364,True,True,False
XZUBXCWVPOEDDO-UHFFFAOYSA-N,6.43652,6.43652,True,True,False
QKFXUJGKQVMLDB-UHFFFAOYSA-N,6.43415,6.43415,True,True,False
YNJVJLWDZRPHHU-UHFFFAOYSA-N,6.00568,6.00568,True,True,False
LCBAVKSTBQRTAA-UHFFFAOYSA-N,6.78781,6.78781,True,True,False
FIEUWEAPAWAGIC-UHFFFAOYSA-N,6.51856,6.51856,True,True,False
IQFPRNPELAMHHT-UHFFFAOYSA-N,6.04964,6.04964,True,True,False
HKDKMWFYFZIROV-UHFFFAOYSA-N,5.64016,5.64016,True,True,False
LEKNRHNLBQAACF-UHFFFAOYSA-N,6.69465,6.69465,True,True,False
PBZSJALBPJPRTC-UHFFFAOYSA-N,6.7167,6.7167,True,True,False
VKEXSSDEPPNXTH-UHFFFAOYSA-N,6.87615,6.87615,True,True,False
ZQZXUEWGYNOIRY-UHFFFAOYSA-N,6.90309,6.90309,True,True,False
HNOUEYJFOGZGJQ-UHFFFAOYSA-N,7.21896,7.21896,True,True,False
YKCMZUSFFWAFBL-UHFFFAOYSA-N,6.84164,6.84164,True,True,False
YKPZRVJZMVTFRH-UHFFFAOYSA-N,5.63639,5.63639,True,True,False
NDXMYEYXNUVGFB-UHFFFAOYSA-N,6.22695,6.22695,True,True,False
FJCJZHJMWARDKI-UHFFFAOYSA-N,7.14327,7.14327,True,True,False
WDAJTWMMIMSMEW-UHFFFAOYSA-N,7.86012,7.86012,True,True,False
KJZRQUDVRXBXSS-UHFFFAOYSA-N,7.29158,7.29158,True,True,False
KBWUBMMFRHZIRD-UHFFFAOYSA-N,7.1349,7.1349,True,True,False
JLHSATALQPHQDC-UHFFFAOYSA-N,7.88941,7.88941,True,True,False
MMZMCKHUJWUWHI-UHFFFAOYSA-N,7.10902,7.10902,True,True,False
WGCPPVBZEQSYPG-UHFFFAOYSA-N,6.91009,6.91009,True,True,False
RDLNLBPKLFQKGQ-UHFFFAOYSA-N,7.76195,7.76195,True,True,False
YEHMYNHJNYGLSL-UHFFFAOYSA-N,8.10846,8.10846,True,True,False
QBDPPJAQPGYPIJ-UHFFFAOYSA-N,8.62709,8.62709,True,True,False
IHFVYVHVDULYKF-UHFFFAOYSA-N,7.86646,7.86646,True,True,False
GWPNFCVXNGPDFU-UHFFFAOYSA-N,8.64782,8.64782,True,True,False
YBQQXJJEGWLVHY-UHFFFAOYSA-N,7.21112,7.21112,True,True,False
LDVMPEHILZZOPY-UHFFFAOYSA-N,7.37161,7.37161,True,True,False
BZOAUPBJWLIPPX-UHFFFAOYSA-N,6.91009,6.91009,True,True,False
LHWJPLLEASADRZ-UHFFFAOYSA-N,8.02228,8.02228,True,True,False
UNBNSDOHDINFJF-UHFFFAOYSA-N,8.57512,8.57512,True,True,False
OJNIVWNIMGRIAQ-UHFFFAOYSA-N,8.5157,8.5157,True,True,False
IXPJIDYZLDKESL-UHFFFAOYSA-N,8.28651,8.28651,True,True,False
YGXZRKFALVLGOZ-UHFFFAOYSA-N,6.86999,6.86999,True,True,False
JCBGAEQLPPOPDK-UHFFFAOYSA-N,5.89,5.89,True,True,False
KWEQEHOPDHARIA-UHFFFAOYSA-N,7.08355,7.08355,True,True,False
NZQPLTFMMZVHAD-UHFFFAOYSA-N,7.1549,7.1549,True,True,False
VPOTWSUIDKEOHK-UHFFFAOYSA-N,6.57057,6.57057,True,True,False
XYYYFJUWDFFJAL-UHFFFAOYSA-N,6.6187,6.6187,True,True,False
QDFOCDSQMLOJPC-UHFFFAOYSA-N,6.41623,6.41623,True,True,False
GMYZYXFDWJWXDK-UHFFFAOYSA-N,6.54303,6.54303,True,True,False
MPYRVOAJFAMHDI-UHFFFAOYSA-N,6.63545,6.63545,True,True,False
MSFLLWRKYGCUSF-UHFFFAOYSA-N,6.63676,6.63676,True,True,False
ZAVGGNVFCVGTHW-UHFFFAOYSA-N,6.86838,6.86838,True,True,False
BLWBCYSXCOJFMJ-UHFFFAOYSA-N,7.08355,7.08355,True,True,False
UJEITHAGAPDLTG-JYEUPPAVSA-N,5.41657,5.41657,True,True,False
VWLHALGORHXQJY-MFZOBWRWSA-N,5.35972,5.35972,True,True,False
SFXVFHUGPHQWAG-PDIVMOMKSA-N,5.50752,5.50752,True,True,False
UQAHSQZJTMTZHV-NAPGQHCVSA-N,6.28651,6.28651,True,True,False
BQTQETQQERDQEX-ZDVKWCFPSA-N,6.07624,6.07624,True,True,False
NSFFTMSKXQWKRS-JYEUPPAVSA-N,6.57675,6.57675,True,True,False
UGJGWPDUYBCBOG-OAOQIFMYSA-N,6.45469,6.45469,True,True,False
PFZGYKJSYVRLLH-HUASUHLISA-N,5.2805,5.2805,True,True,False
AICOOMRHRUFYCM-RAQALPRNSA-N,6.52433,6.52433,True,True,False
QQOQYSRVJHIFNC-UHFFFAOYSA-O,8.11862,8.11862,True,True,False
SIRDYHJXMICQFA-UHFFFAOYSA-P,8.18442,8.18442,True,True,False
WJFJEDDYGFJHOF-UHFFFAOYSA-P,7.63451,7.63451,True,True,False
HSAIXSYFGMGWPJ-UHFFFAOYSA-P,8.1707,8.1707,True,True,False
VIYONFXJRFZLAO-UHFFFAOYSA-P,7.80134,7.80134,True,True,False
SRSKXXPERFQRQE-UHFFFAOYSA-O,8.2644,8.2644,True,True,False
YIEHIIKZXHJHAT-UHFFFAOYSA-N,7.70553,7.70553,True,True,False
WLFOCPXAEKVJHV-UHFFFAOYSA-N,8.17718,8.17718,True,True,False
NDGYHTJSFXYWDD-UHFFFAOYSA-N,8.73755,8.73755,True,True,False
BIGUPJIJZYZJMV-VIBAHUMZSA-N,6.01773,6.01773,True,True,False
JSGDAMUNBMFHFH-UHFFFAOYSA-N,5.41229,5.41229,True,True,False
OYSGWKOGUVOGFQ-RBOXIYTFSA-N,7.0,7.0,True,True,False
YLFKDWVECRVHGB-CVGURMSBSA-N,5.04528,5.04528,True,True,False
YLFKDWVECRVHGB-SYEQVDHESA-N,5.79317,5.79317,True,True,False
NDQRWOMGPUUCEK-LMWIJYBJSA-N,5.63451,5.63451,True,True,False
UAJBMQOTHJIJOI-WBIUFABUSA-N,5.84466,5.84466,True,True,False
DFQOXFIPAAMFAU-UHFFFAOYSA-N,5.41454,5.41454,True,True,False
AGBQKNBQESQNJD-UHFFFAOYSA-N,9.0,9.0,True,True,False
IBPWGZKZWJYGLA-UHFFFAOYSA-N,8.58503,8.58503,True,True,False
QYAGHNCHSVGMMO-UHFFFAOYSA-N,5.49634,5.49634,True,True,False
NLCQQMLZYJKGLV-UHFFFAOYSA-O,6.02136,6.02136,True,True,False
QLRUDVGUKJOCFW-PCLIKHOPSA-N,6.74473,6.74473,True,True,False
RAHLDBGBLYIYDN-WKCPDWHCSA-N,5.22185,5.22185,True,True,False
ILLXXNMTJSHHII-GZTJUZNOSA-N,5.37366,5.37366,True,True,False
QTSCLJVLMGAFJO-UHFFFAOYSA-N,6.48545,6.48545,True,True,False
OCCKNKZEIGZTKX-XNTDXEJSSA-N,5.34008,5.34008,True,True,False
GRPPZHNSLSWJDA-UHFFFAOYSA-N,6.74232,6.74232,True,True,False
VXLNOYAINXJRCV-UHFFFAOYSA-N,5.55752,5.55752,True,True,False
OWHHSAFAYNBMOB-XNTDXEJSSA-N,5.14509,5.14509,True,True,False
YWZCKVAHVJWALI-UHFFFAOYSA-N,6.25885,6.25885,True,True,False
FWBFWRIDEUVUDF-UHFFFAOYSA-N,7.54975,7.54975,True,True,False
NDNHQHDGXMCKAU-UHFFFAOYSA-N,7.66555,7.66555,True,True,False
VVIZOXPPUTVPJG-UHFFFAOYSA-N,6.64589,6.64589,True,True,False
NMEYTSAYEUBPIY-UHFFFAOYSA-N,7.15802,7.15802,True,True,False
UTKJEOLRINOQLT-OHYPFYFLSA-N,7.29499,7.29499,True,True,False
ZMBLKJNXJLBMMG-SGEDCAFJSA-N,7.44977,7.44977,True,True,False
GWQSPHDARHMRIN-UHFFFAOYSA-N,7.74232,7.74232,True,True,False
NJRCJWGDCROWEJ-UHFFFAOYSA-N,8.25181,8.25181,True,True,False
IFIQVKGESREEDD-UHFFFAOYSA-N,7.95468,7.95468,True,True,False
KDYGCIXCFTVKNZ-UHFFFAOYSA-N,8.20066,8.20066,True,True,False
ZXUFVYAMHXGBOE-UHFFFAOYSA-N,8.19382,8.19382,True,True,False
YECKWNRTEHRPOA-UHFFFAOYSA-N,8.0,8.0,True,True,False
FZBSIZBRWNKKOD-UHFFFAOYSA-N,7.34008,7.34008,True,True,False
XABKLWBYRPEVGJ-UHFFFAOYSA-N,7.64589,7.64589,True,True,False
WULXLMMPBPDQLA-UHFFFAOYSA-N,7.03152,7.03152,True,True,False
PTKHFRNHJULJKT-UHFFFAOYSA-N,5.49485,5.49485,True,True,False
MTCUAOILFDZKCO-UHFFFAOYSA-N,5.614575,5.614575,True,True,False
OVDJDGHFBGJJHZ-UHFFFAOYSA-N,6.45593,6.45593,True,True,False
CEVWULHGGQMGPD-UHFFFAOYSA-N,5.95861,5.95861,True,True,False
OZHWKCSDZSJHKE-UHFFFAOYSA-N,5.63827,5.63827,True,True,False
PCOSLLZEMYSIRZ-XPSQVAKYSA-N,5.23657,5.23657,True,True,False
JGVUURLOQKRQKQ-ZLTQYVKSSA-N,5.09151,5.09151,True,True,False
CLUQFEVBBPGSGA-FXLGMTMQSA-N,5.00436,5.00436,True,True,False
BLQBKXIXNYWZQU-UHFFFAOYSA-N,8.97469,8.97469,True,True,False
POLUICWPCFPRKU-UHFFFAOYSA-N,8.58503,8.58503,True,True,False
QCWIFUIODMJCQB-UHFFFAOYSA-N,8.66555,8.66555,True,True,False
GQLCFFCJURYPPV-UHFFFAOYSA-N,8.28988,8.28988,True,True,False
JLXTZNCTOFGHRK-UHFFFAOYSA-N,9.56864,9.56864,True,True,False
FNBJPXIAYRUTAU-UHFFFAOYSA-N,9.17393,9.17393,True,True,False
IWFRXMAENNIBJM-UHFFFAOYSA-N,9.05552,9.05552,True,True,False
ZVPMATGRPXLGBJ-UHFFFAOYSA-N,8.11351,8.11351,True,True,False
BLQXTZGJGNTPNF-UHFFFAOYSA-N,7.85387,7.85387,True,True,False
AHIBLNIHLALZKU-UHFFFAOYSA-N,7.14026,7.14026,True,True,False
DKVWATCLAJZDGY-UHFFFAOYSA-N,8.85078,8.85078,True,True,False
RCSRPMHQFUUQRZ-UHFFFAOYSA-N,7.7986,7.7986,True,True,False
UVLGFHNNOKFLBK-UHFFFAOYSA-N,7.16178,7.16178,True,True,False
LLTRKBUBECHOPI-UHFFFAOYSA-N,8.31605,8.31605,True,True,False
LUFIJPVBOMMOLK-AQOCXMLWSA-N,5.06803,5.06803,True,True,False
BBDGMRAXJHQKAS-HEVIKAOCSA-N,5.26201,5.26201,True,True,False
BBDGMRAXJHQKAS-AQOUDTPCSA-N,5.38091,5.38091,True,True,False
OBHYIKJNEIZSIH-UHFFFAOYSA-N,7.59007,7.59007,True,True,False
DXPIHMLIHBJICH-UHFFFAOYSA-N,7.27165,7.27165,True,True,False
QTEXQXLUTOICEV-UHFFFAOYSA-N,6.33724,6.33724,True,True,False
DPOLQHGQIDYDMV-UHFFFAOYSA-N,6.24413,6.24413,True,True,False
RZOHJSQDLPUILR-UHFFFAOYSA-N,5.85078,5.85078,True,True,False
SZSKZDFELQPJIB-UHFFFAOYSA-N,5.8041,5.8041,True,True,False
IVCCFUHRUFOLOP-UHFFFAOYSA-N,5.78252,5.78252,True,True,False
WQQMJTPJWKIZIZ-UHFFFAOYSA-N,5.73993,5.73993,True,True,False
YLNYALYMIPJJMT-JXMROGBWSA-N,5.67778,5.67778,True,True,False
VNQCVFGDGAJHND-UHFFFAOYSA-N,5.62525,5.62525,True,True,False
RDCJYQBTRRZJDX-UHFFFAOYSA-N,5.43063,5.43063,True,True,False
QWQUTXMNDAXDHI-UHFFFAOYSA-N,5.36957,5.36957,True,True,False
ZJYMHWZZRSPNMH-UHFFFAOYSA-N,5.06349,5.06349,True,True,False
ZNRGREFWBCWZAU-IBGZPJMESA-N,7.39684,7.39684,True,True,False
JYCNMGJHVNKCCF-UHFFFAOYSA-N,6.6517,6.6517,True,True,False
ONYCNUPACZTCCG-UHFFFAOYSA-N,6.80134,6.80134,True,True,False
AAEYHJGXSUBKQJ-UHFFFAOYSA-N,7.34679,7.34679,True,True,False
ZRWLPNPYQIGISH-UHFFFAOYSA-N,7.14874,7.14874,True,True,False
YPJRDGRZUYIHEH-UHFFFAOYSA-N,6.64589,6.64589,True,True,False
ZNRGREFWBCWZAU-LJQANCHMSA-N,6.42251,6.42251,True,True,False
MTAWKURMWOXCEO-UHFFFAOYSA-N,6.26761,6.26761,True,True,False
LPEKEPLZQKHSPL-UHFFFAOYSA-N,8.66756,8.66756,True,True,False
CFVHUTNSNQLFIJ-UHFFFAOYSA-N,8.59007,8.59007,True,True,False
NFCKRAFHWQEUBC-UHFFFAOYSA-N,8.81248,8.81248,True,True,False
CMKFVCOUPURYTM-UHFFFAOYSA-N,8.78252,8.78252,True,True,False
RPBZUFRIXGCULF-UHFFFAOYSA-N,5.22915,5.22915,True,True,False
FAMHVKGFXMORCI-UHFFFAOYSA-N,6.14874,6.14874,True,True,False
IJHGVZXPADVHCM-UHFFFAOYSA-N,5.55284,5.55284,True,True,False
QTKZLZALZMVCJL-UHFFFAOYSA-N,6.4318,6.4318,True,True,False
YHCILCVEQLWROP-UHFFFAOYSA-N,6.17393,6.17393,True,True,False
PSKJUZDQNUFRGS-UHFFFAOYSA-N,5.79588,5.79588,True,True,False
XPNGWXVMPJPEMO-UHFFFAOYSA-N,7.85387,7.85387,True,True,False
WZSXQVUTYDCZRO-UHFFFAOYSA-N,7.89237,7.89237,True,True,False
KLGKWPHPNYLNFS-UHFFFAOYSA-N,7.95468,7.95468,True,True,False
ORGUKHCERGONJS-UHFFFAOYSA-N,8.01592,8.01592,True,True,False
ISVMYZOITFYUKN-UHFFFAOYSA-N,7.77989,7.77989,True,True,False
GLBUKRYFJCLYRW-UHFFFAOYSA-N,7.30103,7.30103,True,True,False
DYQPWUWERYOCLA-UHFFFAOYSA-N,7.6038,7.6038,True,True,False
RJZPCUVMLZBWGD-UHFFFAOYSA-N,8.15304,8.15304,True,True,False
SYACMZGTAWHUQF-UHFFFAOYSA-N,7.73755,7.73755,True,True,False
WKWQTNVUORLIAM-UHFFFAOYSA-N,7.7167,7.7167,True,True,False
XVOJAMVHTPQUCR-MEKGRNQZSA-N,9.4437,,True,False,False
CCSDPCGLZHBBMS-UHFFFAOYSA-N,5.29243,5.29243,True,True,False
YWAVTBJTHDTHKT-UHFFFAOYSA-N,6.06803,6.06803,True,True,False
UOQUCRDUEDCZKN-UHFFFAOYSA-N,6.17783,6.17783,True,True,False
DWHARBCKHSTAMC-UHFFFAOYSA-N,5.32057,5.32057,True,True,False
UGAUTTFBNQGETK-UHFFFAOYSA-N,5.19044,5.19044,True,True,False
AAWCGROUIUANBA-UHFFFAOYSA-N,5.11407,5.11407,True,True,False
WFTCUZBQYUOPNQ-UHFFFAOYSA-N,5.13847,5.13847,True,True,False
DAJXAQSGQWQMMX-UHFFFAOYSA-N,5.60033,5.60033,True,True,False
DYEVLJICQPJCQW-UHFFFAOYSA-N,8.01502,8.01502,True,True,False
SYDCSACHOOPYMT-UHFFFAOYSA-N,8.1707,8.1707,True,True,False
NIXAQILCMCHTLA-UHFFFAOYSA-N,7.36351,7.36351,True,True,False
IRXMRJWMAGHOQR-UHFFFAOYSA-N,8.06098,8.06098,True,True,False
HQUSYPKQXVWTEX-UHFFFAOYSA-N,7.86328,7.86328,True,True,False
YGJVNJHITFLVDP-UHFFFAOYSA-N,6.09151,6.09151,True,True,False
DRYDFCTXPZWATR-UHFFFAOYSA-N,8.22475,8.22475,True,True,False
KMVDTWJIMOFUSQ-UHFFFAOYSA-N,8.4034,8.4034,True,True,False
ZHUAQKVCAFDYCY-UHFFFAOYSA-N,5.53462,5.53462,True,True,False
XHLWPOGRJJEMBA-UHFFFAOYSA-N,5.09259,5.09259,True,True,False
NDRNIFSBRLCSCZ-OCAPTIKFSA-N,7.12494,7.12494,True,True,False
JINDARNDFYFWDT-TXEJJXNPSA-N,6.40671,6.40671,True,True,False
XZYRAPQLDBVPJJ-BETUJISGSA-N,6.43415,6.43415,True,True,False
HOUVPLOZMHLJPB-OKILXGFUSA-N,6.33913,6.33913,True,True,False
HIWROFGCKQGFKO-PHIMTYICSA-N,6.49757,6.49757,True,True,False
AJPTYRJZJJWEKE-AOOOYVTPSA-N,7.04576,7.04576,True,True,False
WAZIUDLZVPYNJC-PHIMTYICSA-N,6.73283,6.73283,True,True,False
IYTYUVFVDHIBBD-PHIMTYICSA-N,6.7167,6.7167,True,True,False
VINZAEQAZWVGHS-PHIMTYICSA-N,5.9393,5.9393,True,True,False
DMQUTDCZMKIKEE-UHFFFAOYSA-N,7.0,7.0,True,True,False
WUQZNYSVERYXKI-UHFFFAOYSA-N,6.82391,6.82391,True,True,False
BLZFNCXLVXSHTJ-UHFFFAOYSA-N,6.79588,6.79588,True,True,False
YZOGNKSLEXJYLX-UHFFFAOYSA-N,6.72125,6.72125,True,True,False
JIMPGPISVDHAIE-PTLVVNQVSA-N,6.45593,6.45593,True,True,False
SUFMWEXOZBWNLL-BDZGNEFQSA-N,7.30103,7.30103,True,True,False
IBNHPFJFQUFNTI-UHFFFAOYSA-N,5.9,5.9,True,True,False
REGUYCWTBDAZDP-UHFFFAOYSA-N,6.0,6.0,True,True,False
STWYWUGMZLRNAY-UHFFFAOYSA-N,6.5,6.5,True,True,False
DFQGASIMGBFSOR-UHFFFAOYSA-N,5.6,5.6,True,True,False
IYHMNZGACVVNKT-UVBCFPOWSA-N,7.79588,7.79588,True,True,False
CMHPUUGPQOSPGZ-GLZCYVEJSA-N,7.50864,7.50864,True,True,False
NQSMOKKBRJAZEE-SWQFTIPASA-N,7.50864,7.50864,True,True,False
FBKUHDVEHQJBHC-GHYQWDPLSA-N,7.60206,7.60206,True,True,False
LONUDFBKFFIIBJ-GACPZTKFSA-N,7.5376,7.5376,True,True,False
QWYGFYWIRGDLOI-TWDZHTALSA-N,7.07572,7.07572,True,True,False
LPKDSVJIZOGWMR-FWVVDGPASA-N,7.65758,7.65758,True,True,False
IPRCLNDYSXEAEP-BPMVUICESA-N,7.61979,7.61979,True,True,False
FAVYHMTUHOXNAF-SMNGAJCCSA-N,7.29243,7.29243,True,True,False
UPNJKBJOFORQKA-ZAKCZKPSSA-N,7.60206,7.60206,True,True,False
KBIJRURQBDTZPS-CXSAASKISA-N,7.39794,7.39794,True,True,False
ZQFPPNIMVJIVRI-QECMQFKJSA-M,7.38722,7.38722,True,True,False
LKYZDGCATYBVIF-WIHQUOJNSA-N,7.50864,7.50864,True,True,False
JBANMOPKOHITOL-ZIDLFYJRSA-N,5.52288,5.52288,True,True,False
DACCJWKHNMNUQB-IZHWHUGBSA-N,5.22185,5.22185,True,True,False
GYEHUGPUFOMJON-UHFFFAOYSA-N,5.1549,4.92082,True,True,True
ZTQBDHNTLRKOMZ-UHFFFAOYSA-N,5.30103,5.30103,True,True,False
MUCZHBLJLSDCSD-UHFFFAOYSA-N,6.92082,6.92082,True,True,False
OMPQJMDGDAAXPE-NPMWZIQKSA-N,7.39794,7.39794,True,True,False
YEUHJVFRRWHHMS-INKHBPHZSA-N,7.284,7.284,True,True,False
AQOBTKMEQOANSS-FEZSWGLMSA-N,7.25181,7.25181,True,True,False
FAQJAADRJNDSJQ-BUVRLJJBSA-N,6.74473,6.74473,True,True,False
QBFDDDOIPJMHCU-LFVJCYFKSA-N,5.26922,5.26922,True,True,False
LBTQKBBDVONGGY-LFVJCYFKSA-N,6.95861,6.95861,True,True,False
JVWBHMCLFOYJGN-IWBSIUBASA-N,6.29243,6.29243,True,True,False
XZXLYGGNQBZOND-AWSUPERCSA-N,6.42022,6.42022,True,True,False
MUBGEWUJBWWEGW-AWSUPERCSA-N,6.69897,6.69897,True,True,False
BHEFQVICVNMJDR-DFKUXCBWSA-N,6.72125,6.72125,True,True,False
ZZRZJQCUHYDGJB-DFKUXCBWSA-N,6.74473,6.74473,True,True,False
KXGKXFKSSKOSEP-MWAVMZGNSA-N,6.05061,6.05061,True,True,False
RZMDKGRCDDUXCM-MWAVMZGNSA-N,6.05061,6.05061,True,True,False
GQLKHPYCDIKTKU-ZTKZIYFRSA-N,5.87943,5.87943,True,True,False
WXNORWJOEPIWAI-TURZUDJPSA-N,5.81531,5.81531,True,True,False
ONIWMBSARCTFME-MWAVMZGNSA-N,5.4034,5.4034,True,True,False
XWFKKILSJAOZHO-ZTKZIYFRSA-N,5.79317,5.79317,True,True,False
KOYSVHXYWHCRDJ-TURZUDJPSA-N,5.5376,5.5376,True,True,False
BQLCRHJSCGEICV-BUVRLJJBSA-N,5.30715,5.30715,True,True,False
HKUGGLLNRGRLLR-OEAKJJBVSA-N,6.20066,6.20066,True,True,False
MXNMLTUEKPHQAW-YDZHTSKRSA-N,5.9431,5.9431,True,True,False
XJMUBKVBGNJFRH-UHFFFAOYSA-N,5.69897,5.69897,True,True,False
UONDTBVSZIDJKA-UHFFFAOYSA-N,6.39794,6.39794,True,True,False
RMHVLBGFZUPBFB-UHFFFAOYSA-N,6.1549,6.1549,True,True,False
JEZXOBKWCWPNSS-UHFFFAOYSA-N,6.69897,6.69897,True,True,False
MZBCWMLDVRAXQY-SANMLTNESA-N,6.02228,6.02228,True,True,False
MHODVJVESFLWQL-PMERELPUSA-N,6.60206,6.60206,True,True,False
IZQYFZRXSFVMFI-HKBQPEDESA-N,7.0,7.0,True,True,False
XFEJPTLRXOZZDA-LJAQVGFWSA-N,6.27572,6.27572,True,True,False
OCZMNYKUZZMGJF-SANMLTNESA-N,6.30103,6.30103,True,True,False
RRISCGLVYBLGLP-SANMLTNESA-N,6.74473,6.74473,True,True,False
SDWSXUZGRDKRFJ-LJAQVGFWSA-N,6.56864,6.56864,True,True,False
QRZGIZWNQIUSQZ-NDEPHWFRSA-N,6.35655,6.35655,True,True,False
ONGQTEYIIKGJGV-MHZLTWQESA-N,6.52288,6.52288,True,True,False
KTSROZJJBCCRGO-UHFFFAOYSA-N,5.69897,5.69897,True,True,False
BMMDNFSOYOPLJH-UHFFFAOYSA-N,5.69897,5.69897,True,True,False
LQZDBOQHVFTGOE-UHFFFAOYSA-N,5.74473,5.74473,True,True,False
KEQYWVWFPKVEHO-UHFFFAOYSA-N,5.67778,5.67778,True,True,False
MJNRKJNEVQCSGU-UHFFFAOYSA-N,5.74473,5.74473,True,True,False
MQPBTVIMKAUQQC-UHFFFAOYSA-N,5.72125,5.72125,True,True,False
FQFLQQWHOCNXQY-UHFFFAOYSA-N,6.0,6.0,True,True,False
XGQUEKANWWMGAJ-UHFFFAOYSA-N,6.10791,6.10791,True,True,False
JVTBQWWKNGNYAV-UHFFFAOYSA-N,5.88606,5.88606,True,True,False
GGZJKOWOYJBDAW-UHFFFAOYSA-N,5.0,5.0,True,True,False
NRURFBIGISKRGS-UHFFFAOYSA-N,5.09151,5.09151,True,True,False
CRBCYWRXPNLTSR-UHFFFAOYSA-O,5.92082,5.92082,True,True,False
BJELFHYWVLRPQI-UHFFFAOYSA-O,6.1549,6.1549,True,True,False
ILWJGIVYOJVMLT-UHFFFAOYSA-O,6.69897,6.69897,True,True,False
PNCBMWYLTVOWNX-UHFFFAOYSA-O,5.86967,5.86967,True,True,False
DZGCJIXUSTYSDL-UHFFFAOYSA-O,5.95861,5.95861,True,True,False
DISUNGYVPYEJON-UHFFFAOYSA-O,5.79588,5.79588,True,True,False
NUSGVSVVGGSTSU-UHFFFAOYSA-O,5.39794,5.39794,True,True,False
LVCZZDYFTPYKNU-UHFFFAOYSA-O,5.95861,5.95861,True,True,False
MOQXQSLPEWYHMC-UHFFFAOYSA-N,5.14874,5.14874,True,True,False
BSXYNWXJSDYDGT-UHFFFAOYSA-O,5.60206,5.60206,True,True,False
HPADOMZRWJVWQN-UHFFFAOYSA-O,6.45593,6.45593,True,True,False
HYLFKWSJNHUCHY-UHFFFAOYSA-O,5.34679,5.34679,True,True,False
ITNOFEOARUBFAI-UHFFFAOYSA-O,5.02228,5.02228,True,True,False
RTDPVOSMBHIAJV-UHFFFAOYSA-N,7.48949,7.48949,True,True,False
VUEKQQFQMBNDTO-UHFFFAOYSA-N,8.0,8.0,True,True,False
RQRWFALEMPRRCW-UHFFFAOYSA-N,7.95861,7.95861,True,True,False
VCGNGVUFQSTPML-UHFFFAOYSA-N,7.65758,7.65758,True,True,False
OXEYNPROGKVXDG-UHFFFAOYSA-N,7.5376,7.5376,True,True,False
GDTZPIJTUNXMBK-UHFFFAOYSA-N,7.3279,7.3279,True,True,False
WWEBTCRGCHRYFS-UHFFFAOYSA-N,7.16749,7.16749,True,True,False
WYTBKZXENKAXMI-UHFFFAOYSA-N,6.09044,6.09044,True,True,False
OQUGQBUZOCXPCA-UHFFFAOYSA-N,5.57187,5.57187,True,True,False
YKTICKJUTVSZBR-UHFFFAOYSA-N,7.36653,7.36653,True,True,False
HJLYQXGLGFBWQI-UHFFFAOYSA-N,7.79588,7.79588,True,True,False
IXXWKQBJYPNXDP-UHFFFAOYSA-N,7.05061,7.05061,True,True,False
DXOHWPHMWZTKSU-UHFFFAOYSA-N,7.11919,7.11919,True,True,False
AGJAKWSYLMETMB-UHFFFAOYSA-N,7.22915,7.22915,True,True,False
NLEPKGFELHYOOA-UHFFFAOYSA-N,5.19654,5.19654,True,True,False
HANOAHGFQIRMPT-UHFFFAOYSA-N,7.30103,7.30103,True,True,False
ZZSQSKJDPPTMNT-UHFFFAOYSA-N,7.19382,7.19382,True,True,False
RJFOSTXNSIGOHV-UHFFFAOYSA-N,6.94692,6.94692,True,True,False
NAMSGSSCIKIOGU-UHFFFAOYSA-N,6.06905,6.06905,True,True,False
UUQBDBYKPIHDLS-UHFFFAOYSA-N,7.22879,7.22879,True,True,False
MEQINWMQUQFRBU-UHFFFAOYSA-N,7.61979,7.61979,True,True,False
KWRRGOAPOBYBJX-UHFFFAOYSA-N,6.78516,6.78516,True,True,False
FTIASDZNAWKWHK-UHFFFAOYSA-N,7.26761,7.26761,True,True,False
BWZUHISSAMBGLB-UHFFFAOYSA-N,7.4437,7.4437,True,True,False
FLEWNSKCTYCXMT-UHFFFAOYSA-N,5.82681,5.82681,True,True,False
RFJFEUOWKIHAMC-UHFFFAOYSA-N,6.90309,6.90309,True,True,False
PMBLXLOXUGVTGB-UHFFFAOYSA-N,6.855005,6.71001,True,True,True
KFRWOMAUCWZWOD-UHFFFAOYSA-N,7.09151,7.09151,True,True,False
NYVKEUVLHDSEJG-UHFFFAOYSA-N,6.42481,6.42481,True,True,False
YTVLWARKUSTOKZ-UHFFFAOYSA-N,5.87615,5.87615,True,True,False
PRULHOMNCDTENF-UHFFFAOYSA-N,5.50307,5.50307,True,True,False
IHHYWELXELLDTG-UHFFFAOYSA-N,5.57643,5.57643,True,True,False
HPJURFKSTPRCQI-UHFFFAOYSA-N,6.07212,6.07212,True,True,False
DJYSGFMAGPVHMB-UHFFFAOYSA-N,6.48017,6.48017,True,True,False
DPOHSBUWIGXUGW-UHFFFAOYSA-N,6.83863,6.83863,True,True,False
QFWCNFLCMOTBIO-UHFFFAOYSA-N,6.40561,6.40561,True,True,False
MXJGEZDRKZVRGW-UHFFFAOYSA-N,6.47756,6.47756,True,True,False
AIMKJRZZZYKDOX-UHFFFAOYSA-N,6.64975,6.64975,True,True,False
CVBWSHNUOYZVMQ-UHFFFAOYSA-N,6.40894,6.40894,True,True,False
WNWQLKAZJLNDJZ-UHFFFAOYSA-N,6.8962,6.8962,True,True,False
RTIIFSJFUWPGNM-UHFFFAOYSA-N,7.00436,7.00436,True,True,False
YAQNHPBYWUEFCO-UHFFFAOYSA-N,6.92082,6.92082,True,True,False
DNBKUNFFVYUPJA-UHFFFAOYSA-N,8.09691,8.09691,True,True,False
MCAQWHWWQNEHOE-CTNGQTDRSA-N,6.9431,6.9431,True,True,False
ZLFLUZOZKIPTJJ-QUCCMNQESA-N,8.0,8.0,True,True,False
JOOGXPYATKQKBK-IRLDBZIGSA-N,7.23657,7.23657,True,True,False
OEQMWEPWWKQKQL-MJGOQNOKSA-N,7.04576,7.04576,True,True,False
XAWCVUBHVCUDBZ-AEFFLSMTSA-N,6.81248,6.81248,True,True,False
VXTBWKBREFKYDA-ZBFHGGJFSA-N,7.42022,7.42022,True,True,False
TXJSVDRPBGRIFY-CTNGQTDRSA-N,6.75449,6.75449,True,True,False
VONJUQXHNPNBDU-OSZJVERNSA-N,5.87615,5.87615,True,True,False
PVMNTYXKDFRXKP-IRLDBZIGSA-N,7.16115,7.16115,True,True,False
QSCQOXMIFSONAX-GGAORHGYSA-N,7.03152,7.03152,True,True,False
JMKIHVULQFDEGK-IRLDBZIGSA-N,7.20761,7.20761,True,True,False
AVAFJTWXTNBJNG-VPUSJEBWSA-N,6.29585,6.29585,True,True,False
NNWAKPXOOYJLNL-AZUAARDMSA-N,6.41908,6.41908,True,True,False
XWDNADYVTFQMOY-PKOBYXMFSA-N,6.68194,6.68194,True,True,False
JYMNJIDLAQUBDE-UHFFFAOYSA-N,5.96819,5.96819,True,True,False
GFYHFMVUVHAJDW-UHFFFAOYSA-N,5.65916,5.65916,True,True,False
HYIYBWCTLLQRLQ-UHFFFAOYSA-N,6.59688,6.59688,True,True,False
CCLYHFAXRYLZDZ-UHFFFAOYSA-N,6.20135,6.20135,True,True,False
LKLDMKAWSUSARS-UHFFFAOYSA-N,6.26281,6.26281,True,True,False
LDOQXEUJTAHDNS-UHFFFAOYSA-N,6.25181,6.25181,True,True,False
XWAFYFQOGKPZHP-UHFFFAOYSA-N,6.76955,6.76955,True,True,False
RSMDWTVKHVTHAL-UHFFFAOYSA-N,7.45593,7.45593,True,True,False
ZIFYLJRFVGDNJE-UHFFFAOYSA-N,6.22915,6.22915,True,True,False
IYFAOWGKGUWALB-UHFFFAOYSA-N,7.74473,7.74473,True,True,False
SLPWVPABBZSEMK-UHFFFAOYSA-N,8.26761,8.26761,True,True,False
KTJJCDOTNADSQC-UHFFFAOYSA-N,7.19382,7.19382,True,True,False
ALNLNNGVDVYQOX-UHFFFAOYSA-N,5.02687,5.02687,True,True,False
PVDWMIZKHNFLPF-UHFFFAOYSA-N,7.284,7.284,True,True,False
JGFPTPPWULVKEL-UHFFFAOYSA-N,6.08092,6.08092,True,True,False
PGQDUDULHWMHKG-UHFFFAOYSA-N,7.33724,7.33724,True,True,False
GIWNUIFQOLHQBQ-UHFFFAOYSA-N,6.1549,6.1549,True,True,False
FMCFMYIXNIXNBI-UHFFFAOYSA-N,7.18709,7.18709,True,True,False
TXBYPGKNXQTWRM-UHFFFAOYSA-N,6.68825,6.68825,True,True,False
RDJZUBCTKUBHFU-UHFFFAOYSA-N,6.96658,6.96658,True,True,False
RBQPQKSBZIHHAR-UHFFFAOYSA-N,6.18046,6.18046,True,True,False
HTZVJSOFOPIELV-UHFFFAOYSA-N,7.00877,7.00877,True,True,False
CRPBEXXXEBUOEC-UHFFFAOYSA-N,7.09691,7.09691,True,True,False
CJWDGZCCFKEZLS-UHFFFAOYSA-N,5.52288,5.52288,True,True,False
WPBGBXPZNCPYQB-UHFFFAOYSA-N,7.90309,7.90309,True,True,False
RRVRQLRWRWDWBM-UHFFFAOYSA-N,6.35655,6.35655,True,True,False
CLCFZEJHDXQFNI-UHFFFAOYSA-N,6.61979,6.61979,True,True,False
SAWAJOAVUYQBDZ-UHFFFAOYSA-N,5.16749,5.16749,True,True,False
PZJNCGONKIPEIG-UHFFFAOYSA-N,8.05552,8.05552,True,True,False
IYQDVAQDSMLFBE-UHFFFAOYSA-N,8.55284,8.55284,True,True,False
JEXADSKXZBGTNK-UHFFFAOYSA-N,8.92082,8.92082,True,True,False
VIBWVJMPDIEOED-UHFFFAOYSA-N,8.09691,8.09691,True,True,False
VVALFDQDPSGUHW-UHFFFAOYSA-N,8.65758,8.65758,True,True,False
JPWQKDAHORMNTF-UHFFFAOYSA-N,8.61979,8.61979,True,True,False
QWDWLGHFTINULB-UHFFFAOYSA-N,8.04576,8.04576,True,True,False
VQMSAQJYFHAVFV-UHFFFAOYSA-N,7.95861,7.95861,True,True,False
ZVWREYPHISEIQV-UHFFFAOYSA-N,6.46852,6.46852,True,True,False
LORWXMAHQNWARL-UHFFFAOYSA-N,7.88606,7.88606,True,True,False
GCDBDMZTKCNPAH-UHFFFAOYSA-N,5.95861,5.95861,True,True,False
BVQFUYUEQBLTCJ-UHFFFAOYSA-N,6.0,6.0,True,True,False
WNLYOXFKVMXTBI-UHFFFAOYSA-N,7.76955,7.76955,True,True,False
LCMITKKRKVHZDJ-UHFFFAOYSA-N,5.79588,5.79588,True,True,False
NYIRMCGMHBUQGJ-UHFFFAOYSA-N,7.63827,7.63827,True,True,False
XPEZPTDMSZUQAL-UHFFFAOYSA-N,5.92082,5.92082,True,True,False
KXVMGAJDZLDKQI-UHFFFAOYSA-N,6.09691,6.09691,True,True,False
NOUFYSVCMVOTOJ-UHFFFAOYSA-N,8.37675,8.37675,True,True,False
YGOWOKNKZNIBEE-UHFFFAOYSA-N,7.88606,7.88606,True,True,False
LPMLUKYEDMRFFG-UHFFFAOYSA-N,8.34679,8.34679,True,True,False
DOBQPNDSZWMKBV-UHFFFAOYSA-N,6.56864,6.56864,True,True,False
WNCPQDOVHICUNG-UHFFFAOYSA-N,9.31876,9.31876,True,True,False
KBOSVOZLQUMJKM-UHFFFAOYSA-N,7.4318,7.4318,True,True,False
VVHBVIYSSIUBAX-UHFFFAOYSA-N,7.0,7.0,True,True,False
YVQQQWJNOUYSPP-UHFFFAOYSA-N,9.08619,9.08619,True,True,False
NRTNJADFJCRFNL-UHFFFAOYSA-N,7.0,7.0,True,True,False
ALPCPHJLBPNALD-UHFFFAOYSA-N,7.88606,7.88606,True,True,False
LMCMDUCNDONQKJ-UHFFFAOYSA-N,7.55284,7.55284,True,True,False
XXYOHHNGEKCFAK-UHFFFAOYSA-N,7.4437,7.4437,True,True,False
JLIDJRGQAIERBG-UHFFFAOYSA-N,8.55284,8.55284,True,True,False
NTBGNSLILYZHOK-UHFFFAOYSA-N,8.95861,8.95861,True,True,False
ZYNRLEQFTJNNFH-UHFFFAOYSA-N,8.05061,8.05061,True,True,False
SVTPJKZZYJPYRV-UHFFFAOYSA-N,7.37675,7.37675,True,True,False
XVJDMVSHDMGRQA-UHFFFAOYSA-N,8.24413,8.24413,True,True,False
MTHAAFJWKDKWDN-UHFFFAOYSA-N,7.85387,7.85387,True,True,False
ZRCBPVTWLWOJLM-UHFFFAOYSA-N,7.88606,7.88606,True,True,False
QCNLPNZWOJVEMC-UHFFFAOYSA-N,8.05061,8.05061,True,True,False
QGZSYSHLTHNVQJ-UHFFFAOYSA-N,6.60206,6.60206,True,True,False
VWWLOQUVDINGGC-UHFFFAOYSA-N,7.67778,7.67778,True,True,False
RDDTTZUMDKWHJZ-UHFFFAOYSA-N,8.24413,8.24413,True,True,False
ZRALBZBQZUJSPR-UHFFFAOYSA-N,7.50864,7.50864,True,True,False
SHAWTVDNEZSOSR-UHFFFAOYSA-N,7.16749,7.16749,True,True,False
HXQCOCVRUGEICR-UHFFFAOYSA-N,9.25181,9.25181,True,True,False
HHXUHEFFENDWNS-UHFFFAOYSA-N,8.0655,8.0655,True,True,False
PQAZOSKFSMTNGU-UHFFFAOYSA-N,6.79588,6.79588,True,True,False
LGGHQISBZXMDCF-UHFFFAOYSA-N,8.39794,8.39794,True,True,False
MNPIKQZTVMDUBC-UHFFFAOYSA-N,7.1549,7.1549,True,True,False
LVHYHPPSQCHATE-UHFFFAOYSA-N,6.39794,6.39794,True,True,False
ZYUCOMLJCQLLSP-UHFFFAOYSA-N,9.1549,9.1549,True,True,False
DEJGKDQNTHLAEV-UHFFFAOYSA-N,7.0,7.0,True,True,False
WFGJHCVCXBKDHU-UHFFFAOYSA-N,6.76955,6.76955,True,True,False
QYPIWAWBCRJQPR-UHFFFAOYSA-N,5.26761,5.26761,True,True,False
VQVUIXDYVAPMOJ-UHFFFAOYSA-N,5.88606,5.88606,True,True,False
VUSSXUIWFZLTIX-UHFFFAOYSA-N,6.0,6.0,True,True,False
FTJHDEREJQMLMM-UHFFFAOYSA-N,5.0,5.0,True,True,False
BULPDQLGDINAMU-UHFFFAOYSA-N,7.52288,7.52288,True,True,False
KEWKCRNEFJBHSP-UHFFFAOYSA-N,6.92082,6.92082,True,True,False
APEXWSYWURSQFH-UHFFFAOYSA-N,7.11351,7.11351,True,True,False
ZEMPGLFHJOJMQU-UHFFFAOYSA-N,7.58503,7.58503,True,True,False
ADVZBBJOYBSROZ-UHFFFAOYSA-N,7.52288,7.52288,True,True,False
SYZVDDNPSVYYEO-UHFFFAOYSA-N,7.82391,7.82391,True,True,False
XRBNRPQFWXMTTE-UHFFFAOYSA-N,7.25964,7.25964,True,True,False
ZBLLEFQVHGEIDU-UHFFFAOYSA-N,6.63827,6.63827,True,True,False
COHWMQXSPQSORZ-UHFFFAOYSA-N,7.0,7.0,True,True,False
QDMQSDWGWSGNCC-UHFFFAOYSA-N,7.52288,7.52288,True,True,False
SSLBYIAJNRQECX-UHFFFAOYSA-N,8.22185,8.22185,True,True,False
GHQMZWFMHBZRED-UHFFFAOYSA-N,5.95861,5.95861,True,True,False
HBRMXZZVKFXPPL-UHFFFAOYSA-N,7.88606,7.88606,True,True,False
YXIDPUJWSXNQBE-UHFFFAOYSA-N,5.74473,5.74473,True,True,False
QWSNDOLNOYZUGA-UHFFFAOYSA-N,5.0,5.0,True,True,False
IIFXEZWTVNGNEY-UHFFFAOYSA-N,5.82391,5.82391,True,True,False
RTBUCTZBKMKWAW-UHFFFAOYSA-N,6.0,6.0,True,True,False
UQQDDFLWSGLUNL-UHFFFAOYSA-N,5.39794,5.39794,True,True,False
TWNJMCYHYFBDME-UHFFFAOYSA-N,5.85387,5.85387,True,True,False
HRQGWHKVUGNVNC-UHFFFAOYSA-N,5.0,5.0,True,True,False
IMHFZSFLUOAPRH-UHFFFAOYSA-N,5.63827,5.63827,True,True,False
ZEYCLUAFGXAMIV-UHFFFAOYSA-N,6.49621,6.49621,True,True,False
LFBAUYQQFKFFCF-UHFFFAOYSA-N,7.05061,7.05061,True,True,False
BMSMAYYXXZZRQN-UHFFFAOYSA-N,6.88273,6.88273,True,True,False
ZKQCXLRXJGGZDE-UHFFFAOYSA-N,6.83268,6.83268,True,True,False
AUWJPKWQQCCYFJ-UHFFFAOYSA-N,6.74473,6.74473,True,True,False
IQWZFJFZIOQWMO-UHFFFAOYSA-N,7.284,7.284,True,True,False
YBHMQTHNPQNNEB-UHFFFAOYSA-N,7.3279,7.3279,True,True,False
LNABAEDQNVYLMM-UHFFFAOYSA-N,7.14874,7.14874,True,True,False
MKWXVXAJEIRGML-UHFFFAOYSA-N,7.34679,7.34679,True,True,False
RHFKCHRCTNMGMF-UHFFFAOYSA-N,6.5784,6.5784,True,True,False
DAKMZCNUVKKBIH-UHFFFAOYSA-N,7.89279,7.89279,True,True,False
HAAQFCDOAGMIPV-UHFFFAOYSA-N,7.86646,7.86646,True,True,False
SOARTDIDZFKTKX-UHFFFAOYSA-N,7.08092,7.08092,True,True,False
VJYJWGAJWFCCLU-UHFFFAOYSA-N,6.75449,6.75449,True,True,False
RSFASIHHCGSKEP-UHFFFAOYSA-N,6.58336,6.58336,True,True,False
CRJKPYBOKIRWEV-UHFFFAOYSA-N,7.99568,7.99568,True,True,False
UNVOAAWEEGAXTN-UHFFFAOYSA-N,8.05552,8.05552,True,True,False
NPGXFJUCABRJKY-UHFFFAOYSA-N,7.42022,7.42022,True,True,False
GYSCQDBTSDBCGY-UHFFFAOYSA-N,5.35655,5.35655,True,True,False
GOXLVSZAUDIXPN-UHFFFAOYSA-N,7.40894,7.40894,True,True,False
MOYCAFZXXXJGSU-UHFFFAOYSA-N,5.04096,5.04096,True,True,False
JDBFUNKEBJSDBO-UHFFFAOYSA-N,5.45593,5.45593,True,True,False
RTHCYVBBDHJXIQ-UHFFFAOYSA-N,6.88606,5.94303,True,True,True
MXRJUMCOVVUCLC-UHFFFAOYSA-N,6.82391,6.82391,True,True,False
PTCACPKCJXNQCA-UHFFFAOYSA-N,5.67778,5.67778,True,True,False
PUIMXWDMXXGCOQ-UHFFFAOYSA-N,8.24413,8.24413,True,True,False
SSBYUQPQURUNFB-UHFFFAOYSA-N,6.52288,6.52288,True,True,False
FZSQYWVGOUKAEU-UHFFFAOYSA-N,5.35655,5.35655,True,True,False
YLTHGBHVBCBJTO-UHFFFAOYSA-N,7.6073,7.6073,True,True,False
DPFDEENBDAFSHC-UHFFFAOYSA-N,6.49485,6.49485,True,True,False
VPUCFTPWWMDXSU-UHFFFAOYSA-N,6.36653,6.36653,True,True,False
QDPFLDICHQNBMJ-UHFFFAOYSA-N,7.21467,7.21467,True,True,False
QQCCOTBRJNQDJR-UHFFFAOYSA-N,6.35655,6.35655,True,True,False
OTTDOZLQGARJRG-UHFFFAOYSA-N,6.9393,6.9393,True,True,False
CJYZVXNYXSEUCW-UHFFFAOYSA-N,7.12494,7.12494,True,True,False
KBQNIGWBLLTLRQ-UHFFFAOYSA-N,7.65758,7.65758,True,True,False
IYNUCVAQGDCTFO-UHFFFAOYSA-N,8.85387,8.85387,True,True,False
ZIDVXYDWJIVBSC-UHFFFAOYSA-N,8.79588,8.79588,True,True,False
RNCHLHHWJBXPLK-UHFFFAOYSA-N,9.04576,9.04576,True,True,False
MWRCDYACTUEODY-UHFFFAOYSA-N,9.22185,9.22185,True,True,False
LGPLUMZTSHOAFT-UHFFFAOYSA-N,9.1549,9.1549,True,True,False
IXRJZUFMXJZPOC-UHFFFAOYSA-N,9.22185,9.22185,True,True,False
UAGMFLGLVVWYFR-UHFFFAOYSA-N,10.1549,10.1549,True,True,False
VPKBEAWMABSKGC-UHFFFAOYSA-N,9.52288,9.52288,True,True,False
OYFQRIHSVKLETO-UHFFFAOYSA-N,8.31876,8.31876,True,True,False
CFMNRJWKHXEFOQ-UHFFFAOYSA-N,8.88606,8.88606,True,True,False
WHXABAAQSUQJBY-UHFFFAOYSA-N,8.72125,8.72125,True,True,False
CUNSKXFDFJIUPQ-UHFFFAOYSA-N,8.60206,8.60206,True,True,False
SQIANBUOIQPBJW-UHFFFAOYSA-N,8.56864,8.56864,True,True,False
ZCQVAGLFOBYHQJ-UHFFFAOYSA-N,8.79588,8.79588,True,True,False
KSVGHHUWOHOEOT-UHFFFAOYSA-N,5.4318,5.4318,True,True,False
DZAMPWWGUXWQMU-UHFFFAOYSA-N,6.12494,6.12494,True,True,False
DCFJPBOHDHFDCM-UHFFFAOYSA-N,6.76955,6.76955,True,True,False
KSWCPMXQTLATNQ-UHFFFAOYSA-N,5.79588,5.79588,True,True,False
NAXCYQYLDAKXOO-UHFFFAOYSA-N,5.31876,5.31876,True,True,False
YMJAIDWXOYOGGU-QFEZKATASA-N,8.52433,8.52433,True,True,False
VEFMPDZVTZNAQM-MIXAMLLLSA-N,9.284,9.284,True,True,False
JRUNUWICCWKNEM-XSVYLIDLSA-N,8.67985,8.67985,True,True,False
SGDJPNXFOBBUMA-HBAMXUDRSA-N,7.10182,,True,False,False
WCSMOXXDYDOEJZ-MFKUBSTISA-N,8.74473,8.74473,True,True,False
JXBQVNZMJKKIMS-IWIPYMOSSA-N,8.00833,8.00833,True,True,False
GQCOATKLTLZXLW-ONUIUJJFSA-N,8.30627,8.30627,True,True,False
OGPXTGFJHPRGJU-UHFFFAOYSA-N,5.79317,5.79317,True,True,False
YYNNNHICPRTURU-UHFFFAOYSA-N,7.1549,7.1549,True,True,False
MZIDLDQPPBIKHJ-UHFFFAOYSA-N,8.39794,8.39794,True,True,False
NTISYWBCRKDSDB-UHFFFAOYSA-N,10.69897,10.69897,True,True,False
UGBNXSYMNXHJKM-UHFFFAOYSA-N,10.22185,10.22185,True,True,False
CANCFHBYJYSQSR-UHFFFAOYSA-N,9.30103,9.30103,True,True,False
BKAXAPFSKYIFDF-UHFFFAOYSA-N,8.35655,8.35655,True,True,False
MBPKTUUBOVNOPG-UHFFFAOYSA-N,7.65956,7.65956,True,True,False
YIFIESCJSCAHBP-UHFFFAOYSA-N,6.83268,6.83268,True,True,False
ZNDUXFVNQAAWFO-UHFFFAOYSA-N,8.5376,8.5376,True,True,False
PBSOJOMZHQNAPL-UHFFFAOYSA-N,9.1549,9.1549,True,True,False
GFHYZPMZHCOIER-DTQAZKPQSA-N,7.74473,7.74473,True,True,False
WRZLBZPGOSUCKT-UHFFFAOYSA-N,6.74473,6.74473,True,True,False
BNYZFCXUCLRASW-UHFFFAOYSA-N,7.48149,7.48149,True,True,False
FAYCJMALFQZDBF-UHFFFAOYSA-N,7.4437,7.4437,True,True,False
NTWXQLUPCDPUOH-UHFFFAOYSA-N,7.33724,7.33724,True,True,False
XXQFKMLSSFZKTL-UHFFFAOYSA-N,9.30103,9.30103,True,True,False
XLZKWRHITDAXOX-UHFFFAOYSA-N,7.96257,7.96257,True,True,False
XYRVXZVCEIJZMQ-UHFFFAOYSA-N,7.02228,7.02228,True,True,False
IXKSPYNBVOXXMS-UHFFFAOYSA-N,8.82391,8.82391,True,True,False
YQQLXSBICNXWQG-UHFFFAOYSA-N,9.1549,9.1549,True,True,False
QUZYOFQJXMGVPT-UHFFFAOYSA-N,8.52288,8.52288,True,True,False
SCEVFJUWLLRELN-UHFFFAOYSA-N,6.22915,6.22915,True,True,False
FOCBRSKUUQCFGB-UHFFFAOYSA-N,6.20761,6.20761,True,True,False
BVPWJMCABCPUQY-UHFFFAOYSA-N,6.05061,6.05061,True,True,False
LQIUNNAXCPNEBY-UHFFFAOYSA-N,5.88606,5.88606,True,True,False
IRUQUDYGEDZCLL-UHFFFAOYSA-N,5.60206,5.60206,True,True,False
MMEREBMEEJFGDP-UHFFFAOYSA-N,5.58503,5.58503,True,True,False
PNPNALAFJBTBHH-UHFFFAOYSA-N,5.5376,5.5376,True,True,False
HYERRBRKDRGAKZ-UHFFFAOYSA-N,5.38722,5.38722,True,True,False
VKJNTWUNVOZAFH-AUEPDCJTSA-N,5.17393,5.17393,True,True,False
PJQUGBXJLUQYRX-UHFFFAOYSA-N,5.09691,5.09691,True,True,False
KTSWYJBLLHNRLO-UHFFFAOYSA-N,5.07058,5.07058,True,True,False
ZDWVWKDAWBGPDN-UHFFFAOYSA-O,5.1463,4.68843,True,True,True
YZEBCQMSYNIRDF-UHFFFAOYSA-N,8.25964,8.25964,True,True,False
KDCDKEGHPMCTKJ-UHFFFAOYSA-N,9.30103,9.30103,True,True,False
WBQRDKIQMPMEDD-UHFFFAOYSA-N,9.0,9.0,True,True,False
RVOLLAQWKVFTGE-UHFFFAOYSA-N,6.4437,,True,False,False
YNGSTYODGGYXSA-UHFFFAOYSA-N,5.60206,5.60206,True,True,False
CQGHRZNZXOPOFO-UHFFFAOYSA-N,5.727,5.727,True,True,False
QFIKEMJSULRLJK-QWAKEFERSA-O,7.59517,7.59517,True,True,False
XHZNIFLABLRQGZ-IAXKEJLGSA-O,7.83565,7.83565,True,True,False
IZIGCHHIRHKMJQ-GITCGBDTSA-O,6.83863,6.83863,True,True,False
QAOKOBSRMLDYEY-WWKUNUPPSA-O,6.52288,6.52288,True,True,False
WWDYNLRLCYEISG-UHFFFAOYSA-N,6.30103,6.30103,True,True,False
XLACNYANFVDSES-UHFFFAOYSA-N,8.1549,8.1549,True,True,False
PFKPSOFWIQHOEE-ZANVPECISA-N,8.09098,8.09098,True,True,False
RIJIUXWTQZLGEH-YGRLFVJLSA-N,7.76195,7.76195,True,True,False
AZSNSMQGNNSLPD-CYBMUJFWSA-N,7.49485,7.49485,True,True,False
PIJVFDBKTWXHHD-UKRRQHHQSA-N,5.00494,5.00494,True,True,False
NGUSEKDHYWDTPQ-UHFFFAOYSA-N,5.36653,5.36653,True,True,False
YSZQKPILONCHJM-VPUSJEBWSA-N,5.44855,5.44855,True,True,False
LMOCORHCUOWHJF-UHFFFAOYSA-N,5.48017,5.48017,True,True,False
BLIZSWJUMPREPD-HIFRSBDPSA-N,5.60206,5.60206,True,True,False
HFXBBZYSRYHHRW-MJGOQNOKSA-N,6.08092,6.08092,True,True,False
GGURJTHKBIQYLT-UHFFFAOYSA-N,6.41173,6.41173,True,True,False
RNBMJTUDVDLVNT-QUCCMNQESA-N,6.48149,6.48149,True,True,False
UUQLGETXWSEMFB-RSXGOPAZSA-N,6.6103,6.6103,True,True,False
MFSFKJAYNZMHEN-CTNGQTDRSA-N,6.79371,6.79371,True,True,False
IIFRKALDATVOJE-GGAORHGYSA-N,6.82974,6.82974,True,True,False
GUHMRCCRDRBMHO-UHFFFAOYSA-N,7.0,7.0,True,True,False
GPONHWSDHNCYFZ-JSGCOSHPSA-N,7.24642,7.24642,True,True,False
ZRWYMOGAPUKQLT-ICSRJNTNSA-N,7.39794,7.39794,True,True,False
GFBWOLCGRWIJDE-UHFFFAOYSA-N,5.03621,5.03621,True,True,False
KBBSAAQAJDSCGH-UHFFFAOYSA-N,5.17393,5.17393,True,True,False
FHJNAXWWTVBTEP-UHFFFAOYSA-N,7.0,7.0,True,True,False
XRCKCYUZWSKFGD-UHFFFAOYSA-N,6.56864,6.56864,True,True,False
IFHMPKOJBNGXHV-UHFFFAOYSA-N,6.4437,6.4437,True,True,False
CMKNYPAMAODIKM-UHFFFAOYSA-N,5.79588,5.79588,True,True,False
YFVGMWQTMYFWMS-UHFFFAOYSA-N,6.0,6.0,True,True,False
IQVIPHARSHGADA-UHFFFAOYSA-N,5.67366,5.67366,True,True,False
VVHJGKZGVWBDEY-UHFFFAOYSA-N,5.37675,5.37675,True,True,False
JCRKWESNMGTARN-UHFFFAOYSA-N,5.50585,5.50585,True,True,False
OCCFQVNBMSSLPG-UHFFFAOYSA-N,5.36653,5.36653,True,True,False
DPBIWBJSIRMTTR-UHFFFAOYSA-N,5.4318,5.4318,True,True,False
WGXWWYALJTUFQJ-UHFFFAOYSA-N,5.37675,5.37675,True,True,False
INCLLCIGHHXSPI-UHFFFAOYSA-N,5.18046,5.18046,True,True,False
UOCNUTYNIHRYPD-UHFFFAOYSA-N,5.0655,5.0655,True,True,False
QYUROEYAFJQVKH-UHFFFAOYSA-N,5.21467,5.21467,True,True,False
JIRMJXZEKAMOEK-UHFFFAOYSA-N,5.11919,5.11919,True,True,False
KEKTVADTRWDTIX-UHFFFAOYSA-N,5.16368,5.16368,True,True,False
SHTVSSZRECVTPJ-UHFFFAOYSA-N,5.284,5.284,True,True,False
BGGPCEJFXRSBSI-UHFFFAOYSA-N,5.29073,5.29073,True,True,False
MAIPLBUKRSVRMT-UHFFFAOYSA-N,5.13668,5.13668,True,True,False
BVSHUOGAIIDBKK-UHFFFAOYSA-N,5.00612,5.00612,True,True,False
REEWJWLYSHFTIW-UHFFFAOYSA-N,5.08302,5.08302,True,True,False
GYHHALPUXKNWQM-UHFFFAOYSA-N,5.13906,5.13906,True,True,False
HXMKDDKWRMCIPU-UHFFFAOYSA-N,5.4318,5.4318,True,True,False
BKXPSTDRLRHBDC-UHFFFAOYSA-N,5.37675,5.37675,True,True,False
BGWSJOXUYWABSA-UHFFFAOYSA-N,8.30103,8.30103,True,True,False
YOMWUZRONLGHHJ-UHFFFAOYSA-N,8.1549,8.1549,True,True,False
JAZQZHGMPOIYPF-UHFFFAOYSA-N,7.92082,7.92082,True,True,False
JKRDVRQPPOYWTL-UHFFFAOYSA-N,7.79588,7.79588,True,True,False
QWNIAMHRNCGDAT-MBALSZOMSA-N,7.61979,7.61979,True,True,False
PIAWAKHRHZZEIK-UHFFFAOYSA-N,7.58503,7.58503,True,True,False
MJOOYCYKVGRRID-UHFFFAOYSA-N,7.49485,7.49485,True,True,False
RYHRXPJGDAFICN-UHFFFAOYSA-N,7.4318,7.4318,True,True,False
FKXZCXLZQSOPPI-UHFFFAOYSA-N,6.52288,6.52288,True,True,False
PRSMLHLMHZPCHZ-UHFFFAOYSA-N,6.1549,6.1549,True,True,False
JMBVRTWRCLIWDR-FPLPWBNLSA-N,5.69897,5.69897,True,True,False
JMBVRTWRCLIWDR-BQYQJAHWSA-N,5.46852,5.46852,True,True,False
DVTOGPVSMNYLJQ-UHFFFAOYSA-N,5.4318,5.4318,True,True,False
GTRJMKIJDDDXQG-UHFFFAOYSA-N,5.0,5.0,True,True,False
OMPGPMBHVLLRMF-FGCNPPJOSA-N,5.52288,5.52288,True,True,False
FBMFMDSVTBIJPB-CKTRUMDJSA-N,5.07058,5.07058,True,True,False
KGNFAYMSUAICCE-UHFFFAOYSA-N,7.48004,7.48004,True,True,False
JVNVQGLSKUWIEI-UHFFFAOYSA-N,7.63997,7.63997,True,True,False
MUPLQQBSTUZKET-UHFFFAOYSA-N,7.59998,7.59998,True,True,False
INRAOCPTSHECTL-UHFFFAOYSA-N,7.40001,7.40001,True,True,False
XXUHSYCMSYGREM-UHFFFAOYSA-N,8.43997,8.43997,True,True,False
OCBMJTVTNDLOSK-UHFFFAOYSA-N,8.01002,8.01002,True,True,False
NFTXISIRYWWQCH-UHFFFAOYSA-N,8.59998,8.59998,True,True,False
OYOUZDWCUVNLTD-UHFFFAOYSA-N,8.89008,8.89008,True,True,False
MRXNFHHIQYXLCZ-UHFFFAOYSA-N,8.28997,8.28997,True,True,False
KFFZZHWEFQETQO-UHFFFAOYSA-N,8.30998,8.30998,True,True,False
RUSFDUFFEYGRCA-UHFFFAOYSA-N,6.81999,6.81999,True,True,False
OLTPXEYIHUWLFT-UHFFFAOYSA-N,7.18997,7.18997,True,True,False
GJEHCITUSPVLLH-UHFFFAOYSA-N,6.90001,6.90001,True,True,False
YPTZNQZPLHCHTB-UHFFFAOYSA-N,6.46,6.46,True,True,False
GEZUZKUTYJTVML-UHFFFAOYSA-N,8.96019,8.96019,True,True,False
SPAOQVWPSOQXTP-UHFFFAOYSA-N,8.05998,8.05998,True,True,False
YUWFYYYSTMOZFJ-UHFFFAOYSA-N,7.04998,7.04998,True,True,False
CGVNEHLIQQXEPD-UHFFFAOYSA-N,8.54,8.54,True,True,False
XACMNRBVWCIPLK-UHFFFAOYSA-N,7.79997,7.79997,True,True,False
VEEUYGGNXIZQMM-UHFFFAOYSA-N,7.28001,7.28001,True,True,False
CZWCAVOCGLPUTE-UHFFFAOYSA-N,7.84986,7.84986,True,True,False
ATASLUKKLHOVPH-UHFFFAOYSA-N,9.10002,9.10002,True,True,False
GAALVBXZLIDHQH-UHFFFAOYSA-N,8.33999,8.33999,True,True,False
BBXSIHLAWFYROK-UHFFFAOYSA-N,9.30998,9.30998,True,True,False
OFJBQIDHQDBFPW-UHFFFAOYSA-N,7.36998,7.36998,True,True,False
AJMNQFJBFWKBJZ-UHFFFAOYSA-P,9.1549,9.1549,True,True,False
AVWREEWMESQTNI-UHFFFAOYSA-N,6.52288,6.52288,True,True,False
WTEHSLBHHPNNTR-UHFFFAOYSA-N,6.30103,6.30103,True,True,False
GMXBRECDYFCFAU-UHFFFAOYSA-N,8.30103,8.30103,True,True,False
UTOPPHLSAAJWHX-UHFFFAOYSA-N,7.39794,7.39794,True,True,False
LRDCLONACLGVJA-UHFFFAOYSA-N,7.30103,7.30103,True,True,False
ULIWBOHRWMGXPR-UHFFFAOYSA-N,7.0,7.0,True,True,False
BYZAGCWPLBSOCX-UHFFFAOYSA-N,5.69897,5.69897,True,True,False
PGHUZXCSVQYQGG-AATRIKPKSA-N,5.1549,5.1549,True,True,False
SREHLCDERLVEFU-UHFFFAOYSA-N,5.09691,5.09691,True,True,False
KNPXKNFBXUYCEE-UHFFFAOYSA-N,6.52288,6.52288,True,True,False
XKOPPJJSUOIQCM-UHFFFAOYSA-N,5.04576,5.04576,True,True,False
PYAUTVAEUKAKHU-UHFFFAOYSA-N,5.39794,5.39794,True,True,False
BLMJGURMDNTUKU-UHFFFAOYSA-N,7.04576,7.04576,True,True,False
LGGRUTTWKKNPBL-UHFFFAOYSA-N,7.09691,7.09691,True,True,False
FEWPEMHIXGPAEH-UHFFFAOYSA-N,7.09691,7.09691,True,True,False
YZDRSBRUONQQBH-UHFFFAOYSA-N,9.0,9.0,True,True,False
XZWPKRVTYLJQOV-UHFFFAOYSA-N,8.0,8.0,True,True,False
KQWKYDIWXCLYSS-UHFFFAOYSA-N,7.69897,7.69897,True,True,False
SDYUXZXBOSJBHM-AATRIKPKSA-N,5.22185,5.22185,True,True,False
SDYUXZXBOSJBHM-WAYWQWQTSA-N,5.69897,5.69897,True,True,False
WPOFAFLYGQHUBW-UHFFFAOYSA-N,6.09691,6.09691,True,True,False
NAYIVRUMIMUOGQ-UHFFFAOYSA-N,5.25964,5.25964,True,True,False
JAXXPQUWOTTXGC-UHFFFAOYSA-N,5.05552,5.05552,True,True,False
MIALFBONYMMUFB-UHFFFAOYSA-N,5.00877,5.00877,True,True,False
PGBNXXDXGXQQRQ-UHFFFAOYSA-N,5.06048,5.06048,True,True,False
LAYZENWRJFTEBJ-UHFFFAOYSA-N,6.70333,6.70333,True,True,False
ASJXQHKDXMZZHI-UHFFFAOYSA-N,6.9914,6.9914,True,True,False
DMJZMKWUENVGJJ-UHFFFAOYSA-N,6.5157,6.5157,True,True,False
SVAAENNVLVWYJB-UHFFFAOYSA-N,7.12494,7.12494,True,True,False
XYGKCUFPPNMELX-UHFFFAOYSA-N,7.22185,7.22185,True,True,False
UIHMPKAPVFKAFT-UHFFFAOYSA-N,6.20761,6.20761,True,True,False
UOZATCLUCGFJDA-UHFFFAOYSA-N,7.20761,7.20761,True,True,False
LJAFQNCTOAFIMB-UHFFFAOYSA-N,6.67778,6.67778,True,True,False
BXPGUJXYGPCRGA-UHFFFAOYSA-N,6.25964,6.25964,True,True,False
JDOLORVWCDRHKG-UHFFFAOYSA-N,6.14267,6.14267,True,True,False
NBHYLXBADHTHTJ-UHFFFAOYSA-N,6.66354,6.66354,True,True,False
DJHKGGQDSKLOIG-UHFFFAOYSA-N,7.60206,7.60206,True,True,False
WFNOXQQPVZJHPW-UHFFFAOYSA-N,7.61979,7.61979,True,True,False
MWWZUDCUVPZYEH-UHFFFAOYSA-N,6.97062,6.97062,True,True,False
KHXUDLHKQASZJR-UHFFFAOYSA-N,7.16749,7.16749,True,True,False
GGNRKWVBPHCWIF-UHFFFAOYSA-N,6.84164,6.84164,True,True,False
GKGGPNXFKDZMQC-UHFFFAOYSA-N,6.84466,6.84466,True,True,False
CBEKIFXSBAHZGW-UHFFFAOYSA-N,6.59007,6.59007,True,True,False
NYVBQRTTYHHRCD-UHFFFAOYSA-N,6.67778,6.67778,True,True,False
SDRNTFZOPOEUSB-UHFFFAOYSA-N,6.09151,6.09151,True,True,False
WSCLZQFXVHSGBN-UHFFFAOYSA-N,6.95861,6.95861,True,True,False
PKMOPDBOZLQVPB-UHFFFAOYSA-N,6.88606,6.88606,True,True,False
CDOZDBSBBXSXLB-UHFFFAOYSA-N,6.52288,6.52288,True,True,False
WKDFOVDLOVYRAJ-JDXGNMNLSA-N,8.22185,,True,False,False
ZVFOYXYQFFWDEX-UHFFFAOYSA-N,8.04576,,True,False,False
QCEWCMMSOWEHFC-UHFFFAOYSA-N,5.47237,5.47237,True,True,False
HKJROXHSAHRDAO-HOTGVXAUSA-N,6.29414,6.29414,True,True,False
HKJROXHSAHRDAO-CVEARBPZSA-N,6.39362,6.39362,True,True,False
QGKSWUZOCNWHHA-IRXDYDNUSA-N,6.88273,6.88273,True,True,False
QGKSWUZOCNWHHA-SJORKVTESA-N,6.51999,6.51999,True,True,False
IIOIREJLGHVBEW-PVSMGPIOSA-N,6.12843,6.12843,True,True,False
LXDBYLCKHFKKMI-GDDBXAOJSA-N,5.52244,5.52244,True,True,False
FOVBVZLMLHBULA-DBCGSKAISA-N,7.60206,7.60206,True,True,False
XXJQHNDZKODONX-DBCGSKAISA-N,6.20901,6.20901,True,True,False
DTDCDTSLQAMFQK-PDIVMOMKSA-N,7.22185,7.22185,True,True,False
XMAZYYDJYBXRBC-LAYXPMECSA-N,7.11919,7.11919,True,True,False
USMPQJQUGATUJU-FPIMZWEASA-N,6.52578,6.52578,True,True,False
WYTLMUZAZAXEOI-FDWYMNALSA-N,7.36653,7.36653,True,True,False
YQRCNYYDEFPBOB-RQTKVAEISA-N,6.7986,6.7986,True,True,False
WOJRPSBNVRDMLF-VRGGLLGESA-N,8.1549,8.1549,True,True,False
DTTWZPSCBDLSIM-KXMYWBMJSA-N,7.69897,7.69897,True,True,False
VIXJWHYOARGMSA-ZCBCEXPUSA-N,7.11919,7.11919,True,True,False
BSACLFCWNMRHBP-DRFRAUJUSA-N,8.22185,8.22185,True,True,False
MNADYPWSJDDNJK-SGOUQRLHSA-N,8.52288,8.52288,True,True,False
JNQCYAPDXOOPBU-SGOUQRLHSA-N,8.04576,8.04576,True,True,False
YTWWSBXEMIYTEK-NGZBDLKASA-N,7.95861,7.95861,True,True,False
WOMHDKBUDDJYHQ-NGZBDLKASA-N,8.52288,8.52288,True,True,False
AGHZIEXSJDHZPW-NGZBDLKASA-N,8.52288,8.52288,True,True,False
JEZIOZMCMPTLRQ-RKYOAFJVSA-N,7.1549,7.1549,True,True,False
BODOHUCWCQTCDD-LBWKNVSKSA-N,7.85387,7.85387,True,True,False
GYTGGYLIEXABJO-UHFFFAOYSA-N,9.08884,9.08884,True,True,False
MNVLEOSJQKCUMW-UHFFFAOYSA-N,9.09205,9.09205,True,True,False
OXDAHGHESMCUFV-UHFFFAOYSA-N,9.10568,9.10568,True,True,False
CMHPNWZOHZNFLB-UHFFFAOYSA-N,7.16178,7.16178,True,True,False
GMQZFOMNKDBEQB-UHFFFAOYSA-N,7.35164,7.35164,True,True,False
RMOFGAOSNXMCIZ-UHFFFAOYSA-N,7.78252,7.78252,True,True,False
PWPZNYJSIAPFAS-UHFFFAOYSA-N,7.46852,7.46852,True,True,False
YEDTVNQWFBUMMP-UHFFFAOYSA-N,7.54668,7.54668,True,True,False
BFOOQYHXKGWIBI-UHFFFAOYSA-N,6.54821,6.54821,True,True,False
CYAYCBCGPZWTLM-UHFFFAOYSA-N,7.85699,7.85699,True,True,False
ASEDWXNMPGNYLM-UHFFFAOYSA-N,8.97881,8.97881,True,True,False
QUXSCHHIUKJGMX-UHFFFAOYSA-N,7.91721,7.91721,True,True,False
YKUWYPPZSUFMOI-UHFFFAOYSA-N,6.50864,6.50864,True,True,False
WJLFEPIYIQDTHA-UHFFFAOYSA-N,6.58838,6.58838,True,True,False
NQXQNWAFOUTKOY-UHFFFAOYSA-N,6.34199,6.34199,True,True,False
DPVZNLKVPWECGM-UHFFFAOYSA-N,5.09691,5.09691,True,True,False
DHFIEEAUWIMEDU-UHFFFAOYSA-N,5.00877,5.00877,True,True,False
PUBPSPLUBMSJBN-UHFFFAOYSA-N,5.0,5.0,True,True,False
NHCDDUNWYVJRPS-NQLNTKRDSA-N,5.76955,5.76955,True,True,False
GVZWPCDBHBSBHJ-KHPPLWFESA-N,5.74473,5.74473,True,True,False
AABHSZUTAUSICN-HZJYTTRNSA-N,5.56864,5.56864,True,True,False
GIGIGVBVJACSBJ-KTKRTIGZSA-N,5.50864,5.50864,True,True,False
BBPHUJXUYWFQHY-UHFFFAOYSA-N,5.34679,5.34679,True,True,False
MGCSMWCSVJYFBV-HNNXBMFYSA-N,5.22915,5.22915,True,True,False
MBOVWBBJDJPNSN-HNNXBMFYSA-N,5.21467,5.21467,True,True,False
SIYLLGKDQZGJHK-UHFFFAOYSA-N,5.64859,5.64859,True,True,False
YBHILYKTIRIUTE-UHFFFAOYSA-N,6.184785,6.1549,True,True,True
ABJKWBDEJIDSJZ-UHFFFAOYSA-N,5.1607,5.1607,True,True,False
MJJALKDDGIKVBE-UHFFFAOYSA-N,5.1261,5.1261,True,True,False
LGLFFNDHMLKUMI-UHFFFAOYSA-N,5.23307,5.23307,True,True,False
ACGUYXCXAPNIKK-UHFFFAOYSA-N,5.52073,5.52073,True,True,False
AOXRBFRFYPMWLR-XGXHKTLJSA-N,5.18682,5.18682,True,True,False
JMPFSEBWVLAJKM-UHFFFAOYSA-N,5.53003,5.53003,True,True,False
NEUSVAOJNUQRTM-UHFFFAOYSA-N,5.56019,5.56019,True,True,False
SGXXNSQHWDMGGP-UHFFFAOYSA-N,5.25068,5.25068,True,True,False
QRJJEGAJXVEBNE-HKOYGPOVSA-N,5.33287,5.33287,True,True,False
GPKJTRJOBQGKQK-UHFFFAOYSA-N,5.57398,5.57398,True,True,False
WZHJKEUHNJHDLS-QTGUNEKASA-N,5.8716,5.8716,True,True,False
UWKQSNNFCGGAFS-XIFFEERXSA-N,5.73826,5.73826,True,True,False
GZUITABIAKMVPG-UHFFFAOYSA-N,6.39794,6.39794,True,True,False
PAPNIDWABUXIRG-UHFFFAOYSA-N,6.59176,6.59176,True,True,False
GLEYGYRXUBEHAQ-UHFFFAOYSA-N,8.57512,8.57512,True,True,False
QVGXTQPZHCDXRZ-GOSISDBHSA-N,9.63827,9.63827,True,True,False
QVGXTQPZHCDXRZ-SFHVURJKSA-N,9.32698,9.32698,True,True,False
SUYXUDHQNHYYJQ-UHFFFAOYSA-N,5.65758,5.65758,True,True,False
OHVOPLCDAMQVTG-UHFFFAOYSA-N,5.33724,5.33724,True,True,False
MAUFFTGQSVHXFC-AWLFVXQHSA-N,5.02687,5.02687,True,True,False
PRKYJSGLTUYCPF-UHFFFAOYSA-N,5.25181,5.25181,True,True,False
NHKALDYCLFCPIU-UHFFFAOYSA-N,7.30103,7.30103,True,True,False
ADCBAOTWERXLAP-UHFFFAOYSA-N,6.255865,6.255865,True,True,False
VVIKQVODDMCZOV-UHFFFAOYSA-N,6.72125,6.72125,True,True,False
XPLUXJZLCXRYPW-UHFFFAOYSA-N,6.56067,6.56067,True,True,False
INGQQCBCWQDABA-UHFFFAOYSA-N,9.62709,9.62709,True,True,False
REXRIHWOPDXJCK-UHFFFAOYSA-N,8.01189,,True,False,False
VSXXENJQNPVAGO-UHFFFAOYSA-N,7.5544,7.5544,True,True,False
ASNWOHSUKKNPGO-UHFFFAOYSA-N,7.5376,7.5376,True,True,False
CJKYCZXICOUJLW-UHFFFAOYSA-N,7.18509,7.18509,True,True,False
YOWLFNDAAHIOHS-UHFFFAOYSA-N,5.73283,5.73283,True,True,False
BTGQVTBIXAMVNG-FRKPEAEDSA-N,5.04576,5.04576,True,True,False
XCYSQFHYFNWYFP-CEMXSPGASA-N,5.14267,5.14267,True,True,False
DBUWWODVSCMGDY-IZZNHLLZSA-N,8.87615,8.87615,True,True,False
DBUWWODVSCMGDY-FTJBHMTQSA-N,8.16494,8.16494,True,True,False
YFDJQAZBRSGJIT-UHFFFAOYSA-N,9.37675,9.37675,True,True,False
PHMROSHDKYSTRK-UHFFFAOYSA-N,8.45223,8.45223,True,True,False
SWOKEIJMLYUVPF-UHFFFAOYSA-N,8.37779,8.37779,True,True,False
GCPORJYZTJZXFH-LOSJGSFVSA-N,8.69037,8.69037,True,True,False
GCPORJYZTJZXFH-RPBOFIJWSA-N,7.9393,7.9393,True,True,False
DLMKTWKCMCVAMJ-UHFFFAOYSA-N,9.50864,9.50864,True,True,False
IMMJGBGHWQTBLQ-UHFFFAOYSA-N,8.48678,8.48678,True,True,False
LUGRPYHMYKPOKB-UHFFFAOYSA-N,8.04144,8.04144,True,True,False
UKCBMHDZLYYTMI-WDEREUQCSA-N,9.36653,9.36653,True,True,False
UKCBMHDZLYYTMI-MNOVXSKESA-N,7.83863,7.83863,True,True,False
VMEIRNBRMXRIIJ-UHFFFAOYSA-N,5.27654,5.27654,True,True,False
VFOGOXRSGPCZGG-QPFJEDRLSA-N,6.64397,6.64397,True,True,False
PKHROTRJQXGCIW-XIVABZEMSA-N,7.14874,7.14874,True,True,False
VNWJCXLTKRADKP-UHFFFAOYSA-N,10.04576,10.04576,True,True,False
YMRPMJKWTYJBPC-UHFFFAOYSA-N,8.18709,8.18709,True,True,False
FUYCPEKODNDZTA-UHFFFAOYSA-N,10.18709,10.18709,True,True,False
ZUULLQGMZOHIHX-UHFFFAOYSA-N,10.45593,10.45593,True,True,False
VXCQEWKLZIACMS-UHFFFAOYSA-N,8.63827,8.63827,True,True,False
RRTQIJJHXQOLEO-UHFFFAOYSA-N,9.0,9.0,True,True,False
DULLYLROEIJODI-UHFFFAOYSA-N,9.0,9.0,True,True,False
GQYKIJZPMPGPIM-UHFFFAOYSA-N,8.09691,8.09691,True,True,False
KBYFEQRBOAAMSZ-UHFFFAOYSA-N,9.69897,9.69897,True,True,False
QDCAJVSXNYAGPD-UHFFFAOYSA-N,8.74473,8.74473,True,True,False
DWXXMYCVGFGBCQ-UHFFFAOYSA-N,9.45593,9.45593,True,True,False
ZGZSZRMYJSHPOQ-UHFFFAOYSA-N,8.63827,8.63827,True,True,False
SXRQIJKFEIRDFT-UHFFFAOYSA-N,10.0,10.0,True,True,False
UTKKDZJOGSGJSU-UHFFFAOYSA-N,9.1107,9.1107,True,True,False
PLKUANBZKFHKND-UHFFFAOYSA-N,9.52288,9.52288,True,True,False
RDTFFLFEGIKFDL-UHFFFAOYSA-N,7.75696,7.75696,True,True,False
MMPJDGQUUIZMGJ-UHFFFAOYSA-N,6.18709,6.18709,True,True,False
LPCKLAOPKGFZKH-UHFFFAOYSA-N,7.12552,7.12552,True,True,False
SBQAIYUBGADZLI-UHFFFAOYSA-N,6.92445,6.92445,True,True,False
UAAXSLDYQFFMML-UHFFFAOYSA-N,7.04818,7.04818,True,True,False
ZFRILRHOSKWEAM-UHFFFAOYSA-N,6.85699,6.85699,True,True,False
RSFRMMSXJWXLBM-UHFFFAOYSA-N,5.00436,5.00436,True,True,False
JCSHNHCWHQCGHC-UHFFFAOYSA-N,5.02687,5.02687,True,True,False
FFPGDISVVGINKZ-UHFFFAOYSA-N,5.11351,5.11351,True,True,False
WOAVNWHCIXCOIZ-UHFFFAOYSA-N,5.00436,5.00436,True,True,False
OODPIPSSGLSZPL-UHFFFAOYSA-N,5.05552,5.05552,True,True,False
KEOHOXIMLALKHI-UHFFFAOYSA-N,5.11351,5.11351,True,True,False
PWXHGWMZTWHEKM-UHFFFAOYSA-N,5.11351,5.11351,True,True,False
YVSGFEGOSAGMBU-UHFFFAOYSA-N,8.34775,8.34775,True,True,False
NXBQKWBRFRKKMP-UHFFFAOYSA-N,7.0716,7.0716,True,True,False
RQNZWLFUMKUSEY-UHFFFAOYSA-N,6.7122,6.7122,True,True,False
LXUNVISZTGHADK-UHFFFAOYSA-N,7.39041,7.39041,True,True,False
WAHZPCIDZNITMT-UHFFFAOYSA-N,7.15304,7.15304,True,True,False
VHCMEFWOVWZTPM-UHFFFAOYSA-N,8.30364,8.30364,True,True,False
LCJXIGPIXIZELV-UHFFFAOYSA-N,7.82681,7.82681,True,True,False
OCZGACDAHZKCBW-UHFFFAOYSA-N,7.28651,7.28651,True,True,False
KKTBUJKAFHLZPF-XNTDXEJSSA-N,5.5817,5.5817,True,True,False
PCGWNGWRZPYWHR-SFQUDFHCSA-N,5.6968,5.6968,True,True,False
JOXNFMAXWAPITK-UHFFFAOYSA-N,5.34486,5.34486,True,True,False
HYGICHQQWFJQBO-UHFFFAOYSA-N,5.05552,5.05552,True,True,False
XDYVKYBTRLGBBU-UHFFFAOYSA-N,6.40894,6.40894,True,True,False
RPCOLXBXNDZKDX-UHFFFAOYSA-N,6.61979,6.61979,True,True,False
DVFDTYFATLFXHU-UHFFFAOYSA-N,6.92082,6.92082,True,True,False
CUQAAIMMMVTGCT-UHFFFAOYSA-N,5.50864,5.50864,True,True,False
PNZGBLIDSQOOGI-UHFFFAOYSA-N,6.65758,6.65758,True,True,False
LQXBMNZBJKBXIZ-UHFFFAOYSA-N,8.02687,8.02687,True,True,False
LZUQODKACLHUIP-UHFFFAOYSA-N,7.1549,7.1549,True,True,False
FJPIMKXINVWPJB-UHFFFAOYSA-N,8.28567,8.28567,True,True,False
QDAAXOQEIPAFJS-UHFFFAOYSA-N,8.45346,8.45346,True,True,False
QYEGQBBNFVLNBH-UHFFFAOYSA-N,8.39362,8.39362,True,True,False
RLVQAAQOGNZVOX-UHFFFAOYSA-N,6.61979,6.61979,True,True,False
AQUBWCPEKBRMKW-UHFFFAOYSA-N,6.46852,6.46852,True,True,False
LLEJIEBFSOEYIV-UHFFFAOYSA-N,5.825555,5.825555,True,True,False
QUCQEUCGKKTEBI-UHFFFAOYSA-N,5.77083,5.77083,True,True,False
IFYBUPQCUTZITP-UHFFFAOYSA-N,5.29499,5.29499,True,True,False
UCYMJDLWIMOPFK-UHFFFAOYSA-N,5.39686,5.39686,True,True,False
SDDWKMVNUHSMAD-UHFFFAOYSA-N,5.24109,5.24109,True,True,False
PTNYBRUJEDAMDK-UHFFFAOYSA-N,5.45469,5.45469,True,True,False
WVOGNNUVYUMTIT-UHFFFAOYSA-N,6.4318,6.4318,True,True,False
OJLHQYMZDBCDMI-UHFFFAOYSA-N,6.48149,6.48149,True,True,False
GRXDSRZJHKMWBO-UHFFFAOYSA-N,5.3439,5.3439,True,True,False
WXNVVRPBWAFRSW-UHFFFAOYSA-N,5.10624,5.10624,True,True,False
NOYFWGHMIIUBCE-UHFFFAOYSA-N,6.39794,6.39794,True,True,False
JLCLWWKDILNTDR-UHFFFAOYSA-N,6.52288,6.52288,True,True,False
QTICPRZEJAZQKT-UHFFFAOYSA-N,6.29243,6.29243,True,True,False
NBXVRBUWBMRGAG-UHFFFAOYSA-N,5.48812,5.48812,True,True,False
VSDNSNOFTZFWQX-UHFFFAOYSA-N,5.02826,5.02826,True,True,False
FSRJERZUZMLIQD-UHFFFAOYSA-N,5.11407,5.11407,True,True,False
YTBVBEARUPNISG-UHFFFAOYSA-N,6.45593,6.45593,True,True,False
TYHRWNPKDSIWRP-UHFFFAOYSA-N,5.0942,5.0942,True,True,False
VVSBVXXITLYIIA-UHFFFAOYSA-N,5.08407,5.08407,True,True,False
QHCJIADFFRMYQJ-UHFFFAOYSA-N,6.05061,6.05061,True,True,False
DPISAUNILCIAKM-UHFFFAOYSA-N,6.284,6.284,True,True,False
MBYSRZFEFLXHSM-UHFFFAOYSA-N,5.18177,5.18177,True,True,False
GBPIIHMQBCMUHP-UHFFFAOYSA-N,5.15304,5.15304,True,True,False
NCHHYUFHLPRUAU-UHFFFAOYSA-N,5.14874,5.14874,True,True,False
FUFMCGMUAVSMEF-UHFFFAOYSA-N,6.60206,6.60206,True,True,False
QRKHDRGNICJNHM-UHFFFAOYSA-N,7.0,7.0,True,True,False
BYFZVGVLIHTPKE-UHFFFAOYSA-N,6.76955,6.76955,True,True,False
YMUNYIHDWCEAKU-UHFFFAOYSA-N,7.631405,7.631405,True,True,False
LHKSPQCYJKIEEP-UHFFFAOYSA-N,9.08619,9.08619,True,True,False
GRFVCGSENMYZKO-UHFFFAOYSA-N,9.49485,9.49485,True,True,False
IJHGVZXPADVHCM-SFHVURJKSA-N,6.22,6.22,True,True,False
QTKZLZALZMVCJL-FQEVSTJZSA-N,6.65999,6.65999,True,True,False
YHCILCVEQLWROP-FQEVSTJZSA-N,6.63999,6.63999,True,True,False
PSKJUZDQNUFRGS-IBGZPJMESA-N,6.27,6.27,True,True,False
FAMHVKGFXMORCI-IBGZPJMESA-N,6.49,6.49,True,True,False
SCKWNQRIZNNYFA-IBGZPJMESA-N,7.21,7.21,True,True,False
RYUHYOLRLQUVHQ-LJQANCHMSA-N,6.8,6.8,True,True,False
QTVIWMLMXFVZIY-IBGZPJMESA-N,7.04001,7.04001,True,True,False
QTWUJCCPMWZOOB-SFHVURJKSA-N,6.22,6.22,True,True,False
CWDRVGKNJWGVJS-SFHVURJKSA-N,6.95999,6.95999,True,True,False
OWDDOOZVDQHYQH-SFHVURJKSA-N,6.51999,6.51999,True,True,False
RDDFBAPIHCKOCC-SFHVURJKSA-N,7.28001,7.28001,True,True,False
POYFPBLOVRVCKS-SFHVURJKSA-N,7.10002,7.10002,True,True,False
YPDGYNZOSZWZSK-FQEVSTJZSA-N,5.15,5.15,True,True,False
ZBPUYRSHNGEABX-INIZCTEOSA-N,5.67,5.67,True,True,False
FLPPJFMEXWGXBF-INIZCTEOSA-N,5.73,5.73,True,True,False
OUAVXZYSLKLYHJ-KRWDZBQOSA-N,5.41,5.41,True,True,False
MLXUDSNEEBJDLN-KRWDZBQOSA-N,5.41,5.41,True,True,False
CNDPWIJZPHZPKX-SFHVURJKSA-N,5.72,5.72,True,True,False
VYGAJVSROJLUQQ-IBGZPJMESA-N,5.46,5.46,True,True,False
JIRJOCYULBCNSY-SFHVURJKSA-N,5.71,5.71,True,True,False
UHBYWTXOUSTTSQ-IBGZPJMESA-N,5.74,5.74,True,True,False
YCDSRUWGEDPILI-SFHVURJKSA-N,5.81,5.81,True,True,False
UCCBGHDJUMENAF-FQEVSTJZSA-N,5.34,5.34,True,True,False
TZRRDDHROFLVMK-IBGZPJMESA-N,5.11,5.11,True,True,False
OEVGVFJCBVDGJQ-SFHVURJKSA-N,5.07,5.07,True,True,False
WVRHLGACEZALAP-INIZCTEOSA-N,5.77,5.77,True,True,False
IYWZZUSGMOJBHW-KRWDZBQOSA-N,5.15,5.15,True,True,False
BUGJFLXBRJKUKA-KRWDZBQOSA-N,5.52,5.52,True,True,False
NJPVUJVNAWTZJX-IBGZPJMESA-N,6.06,6.06,True,True,False
AGUVCUMUUYGWMV-INIZCTEOSA-N,5.18,5.18,True,True,False
ZPMPGNOYMGNLNI-UHFFFAOYSA-N,5.87,5.87,True,True,False
ZOTLYQAYVPBSTD-UHFFFAOYSA-N,5.05,5.05,True,True,False
KHPNJTJAWHKVIL-UHFFFAOYSA-N,5.92,5.92,True,True,False
FAGLJGFRSMDZBW-UHFFFAOYSA-N,5.27,5.27,True,True,False
FFKCNARCPCGPQH-UHFFFAOYSA-N,5.19,5.19,True,True,False
YCHHFZRJBHOKQX-UHFFFAOYSA-N,6.03,6.03,True,True,False
OVFJYZWCAVHGMW-UHFFFAOYSA-N,5.89,5.89,True,True,False
DFIMEOJDEVLTMM-UHFFFAOYSA-N,6.15,6.15,True,True,False
QBNTZYZRSZBWJU-UHFFFAOYSA-N,5.89,5.89,True,True,False
PQXUGFFGKUMGFF-UHFFFAOYSA-N,5.92,5.92,True,True,False
UMCMDCALLROMIL-UHFFFAOYSA-N,5.29,5.29,True,True,False
CHKXZOMLVXBARM-UHFFFAOYSA-N,5.85,5.85,True,True,False
QBUOEZCFVIOCPR-UHFFFAOYSA-N,5.09,5.09,True,True,False
UNCWLZOGXZCOJG-UHFFFAOYSA-N,6.09,6.09,True,True,False
XHEFDIBZLJXQHF-UHFFFAOYSA-N,7.92082,7.92082,True,True,False
IKMDFBPHZNJCSN-UHFFFAOYSA-N,7.92082,7.92082,True,True,False
VCCRNZQBSJXYJD-UHFFFAOYSA-N,7.92082,7.92082,True,True,False
JPUKWEQWGBDDQB-HBDJNLTOSA-N,7.92082,7.92082,True,True,False
IKGXIBQEEMLURG-NVPNHPEKSA-N,7.92082,7.92082,True,True,False
KJFTVNFZEUSHFY-UHFFFAOYSA-N,5.78781,5.78781,True,True,False
BIKQENFVXXAJHF-UHFFFAOYSA-N,7.03152,7.03152,True,True,False
UGTGSTDFYWUXNH-PKOBYXMFSA-N,7.36653,7.36653,True,True,False
VONAWRRNWCSFFR-QVLSZIRFSA-N,5.10127,5.10127,True,True,False
LJVOIVPCWUJLKZ-AVGIRGRJSA-N,5.15739,5.15739,True,True,False
ZGNYWDUENAFLJX-SYYPJRJYSA-N,5.17005,5.17005,True,True,False
CAGSYCPJEBZNQR-AMURHSJLSA-N,5.47366,5.47366,True,True,False
VTDKVLOPDSWYSF-RUQYIBFVSA-N,5.38616,5.38616,True,True,False
NUGLIROFZZXZSJ-WEMBUXJDSA-N,5.22257,5.22257,True,True,False
LQKVWDKZZLKIEO-UHFFFAOYSA-N,5.74958,5.74958,True,True,False
UCDXFXYDHXUQQS-UHFFFAOYSA-N,5.74958,5.74958,True,True,False
IBQPWMAINWBSPG-UHFFFAOYSA-N,5.74958,5.74958,True,True,False
BQCYOKUETBHDKF-UHFFFAOYSA-N,5.74958,5.74958,True,True,False
GTTCAAURUZPYCT-UHFFFAOYSA-N,5.74958,5.74958,True,True,False
FOOHHCUOYWOPNH-UHFFFAOYSA-N,5.74958,5.74958,True,True,False
PXVDNVYERNRUIH-UHFFFAOYSA-N,5.74958,5.74958,True,True,False
VLFPJNJFSRTVCQ-UHFFFAOYSA-N,6.46344,6.46344,True,True,False
QYCOFCLOPMEREV-UHFFFAOYSA-N,5.74958,5.74958,True,True,False
BEBHKCHGOXBQFM-UHFFFAOYSA-N,5.74958,5.74958,True,True,False
ACEKJSVJSPWCFJ-QEJYEJBOSA-N,5.23582,5.23582,True,True,False
UFZCTLXXZCRXSR-CALHOEHWSA-N,5.47366,5.47366,True,True,False
KPQUHTNSXKRNNN-HUPMBETNSA-N,5.11919,5.11919,True,True,False
NVCJOKMKSQXMIZ-PASBQLHESA-N,5.47756,5.47756,True,True,False
FXQROPSWMDCKSN-GMTJZYHLSA-N,5.36856,5.36856,True,True,False
IEZUYXINOLBVPZ-WFUNVFJHSA-N,5.29414,5.29414,True,True,False
CDXLEFQOEJSRAZ-BEQMOXJMSA-N,5.01055,5.01055,True,True,False
ANDKTBBSVHIHPD-IWGRKNQJSA-N,5.05948,5.05948,True,True,False
GDFNKJSVDGBNRH-UHFFFAOYSA-N,5.75449,5.75449,True,True,False
WRBFPGYDKJBYBI-SJORKVTESA-N,5.78781,5.78781,True,True,False
ZCCUUQDIBDJBTK-UHFFFAOYSA-N,5.18842,5.18842,True,True,False
QXKHYNVANLEOEG-UHFFFAOYSA-N,6.11919,5.1934000000000005,True,True,True
RBQOQRRFDPXAGN-UHFFFAOYSA-N,5.19382,5.19382,True,True,False
BYPFEZZEUUWMEJ-UHFFFAOYSA-N,5.18046,5.18046,True,True,False
RYYVLZVUVIJVGH-UHFFFAOYSA-N,5.11983,5.11983,True,True,False
LRFVTYWOQMYALW-UHFFFAOYSA-N,5.04576,5.04576,True,True,False
IZGRHSRWTILCID-FIXISWKDSA-N,6.31069,6.31069,True,True,False
MKCZJPWVOINYIU-UHFFFAOYSA-N,5.01189,5.01189,True,True,False
JWMNDJKJQTZJKT-UHFFFAOYSA-N,6.88606,6.88606,True,True,False
BBTOCHYFQHOWFS-UHFFFAOYSA-N,5.85387,5.85387,True,True,False
QEGIKSFQWDYIPY-UHFFFAOYSA-N,5.43415,5.43415,True,True,False
MRCUDDHDPPYVCN-UHFFFAOYSA-N,5.05799,5.05799,True,True,False
UFPXLIINJWSSMV-UHFFFAOYSA-N,5.09583,5.09583,True,True,False
XVWGGOXBAAKLJP-UHFFFAOYSA-N,6.40894,6.40894,True,True,False
ULFZHPSKEWCTNR-UHFFFAOYSA-N,6.39794,6.39794,True,True,False
DQHHGJIDSIEIRK-UHFFFAOYSA-N,5.98716,5.98716,True,True,False
GPCCQUBMGXQCPH-UHFFFAOYSA-N,5.67162,5.67162,True,True,False
OXQRMHHRDWXOPE-UHFFFAOYSA-N,5.13668,5.13668,True,True,False
NGQBESRBBIDATI-UHFFFAOYSA-N,5.01011,5.01011,True,True,False
VPVULNNWJJSXOM-UHFFFAOYSA-N,7.88606,7.88606,True,True,False
CXJHSZNBWBHAQG-UHFFFAOYSA-N,7.26761,7.26761,True,True,False
KPKNMUAGNOEDIE-UHFFFAOYSA-N,6.50864,6.50864,True,True,False
APUNUGFNNAECLO-UHFFFAOYSA-N,5.27165,5.27165,True,True,False
NXFUAVRJMVGTEU-UHFFFAOYSA-N,7.50864,7.50864,True,True,False
PWFVTINZOVIFQP-UHFFFAOYSA-N,5.41341,5.41341,True,True,False
CBUMRMKTVSNLKA-UHFFFAOYSA-N,5.35655,5.35655,True,True,False
RVJXOEYVNUBNPU-UHFFFAOYSA-N,5.02549,5.02549,True,True,False
ZMKVQRBBDBSXEZ-UHFFFAOYSA-M,6.32333,6.32333,True,True,False
XRUAEVWJKITXIG-UHFFFAOYSA-M,6.2184349999999995,6.2184349999999995,True,True,False
RMKGVUWQYULRKN-UHFFFAOYSA-M,5.7454,5.7454,True,True,False
KOFNHFQRLFTDHJ-UHFFFAOYSA-M,6.064915,6.064915,True,True,False
FIRPLAXRQZWEEH-UHFFFAOYSA-M,6.036935,6.036935,True,True,False
MJCLAGLRDDLAEC-UHFFFAOYSA-M,5.4437,5.4437,True,True,False
UFMWOXVORSENPN-UHFFFAOYSA-L,5.4437,5.2112549999999995,True,True,True
WEAJDBKFZZKOML-UHFFFAOYSA-M,6.644945,6.644945,True,True,False
UJVAAQLXSLBDKJ-UHFFFAOYSA-M,7.07745,7.07745,True,True,False
VBUYOKNRZXECHE-UHFFFAOYSA-M,6.90344,6.90344,True,True,False
BSUMSWVFHNXTDM-UHFFFAOYSA-L,7.134205,7.134205,True,True,False
NMTWMKMOKNHOOG-UHFFFAOYSA-L,6.77258,6.77258,True,True,False
DNIAPZKFQRYDIQ-UHFFFAOYSA-L,6.319135,6.319135,True,True,False
WASMKRBLJDLFHW-UHFFFAOYSA-L,5.27182,5.27182,True,True,False
QFBURNNTMZXPOD-UHFFFAOYSA-L,6.73299,6.73299,True,True,False
QRYDRTQUSXTXJI-UHFFFAOYSA-L,6.92082,6.92082,True,True,False
RHYDVDVFZJIWDU-UHFFFAOYSA-L,7.1549,7.1549,True,True,False
QTAZWBRNRWOAHK-UHFFFAOYSA-L,6.979305,6.979305,True,True,False
JPPCLTDDFRWLJD-UHFFFAOYSA-L,6.02506,6.02506,True,True,False
MVZRDWBAHPJFAX-UHFFFAOYSA-N,5.12494,4.790435,True,True,True
FIHKSIJMFNDTLZ-HEVIKAOCSA-N,5.5391,5.5391,True,True,False
JLICOVVJIUJAMC-GWSDYOLYSA-N,5.02045,5.02045,True,True,False
GAIPAIINDRQCBE-UHFFFAOYSA-N,6.22185,6.22185,True,True,False
XWIRRJCYPXRQNW-ZZEZOPTASA-N,6.85387,6.85387,True,True,False
UHBYWTXOUSTTSQ-UHFFFAOYSA-N,6.73993,6.73993,True,True,False
NJPVUJVNAWTZJX-UHFFFAOYSA-N,6.400705,6.400705,True,True,False
ISDBEASSBDUORE-UHFFFAOYSA-N,6.78781,6.78781,True,True,False
XATRWWMRLDBURC-UHFFFAOYSA-N,6.98716,6.98716,True,True,False
SPTPBOSWJWYELM-UHFFFAOYSA-N,6.63639,6.63639,True,True,False
PGBBHNPZVCTISZ-UHFFFAOYSA-N,7.01323,7.01323,True,True,False
UEPKIBDCMASFAW-NJNXFGOHSA-N,6.97757,6.97757,True,True,False
NJHSCOWKTJHWBT-ZZIIXHQDSA-N,6.91507,6.91507,True,True,False
CBIYVBDPTVOIOY-XTCLZLMSSA-N,6.80465,6.80465,True,True,False
SKUMQRLMZICTHQ-NJNXFGOHSA-N,7.00877,7.00877,True,True,False
BGIOOSDXZCNZQT-UHFFFAOYSA-N,7.82016,7.82016,True,True,False
NAKZJQSHDVVYBW-UHFFFAOYSA-N,7.70952,7.70952,True,True,False
KZMBWUIEJCJZBV-UHFFFAOYSA-N,8.3279,8.3279,True,True,False
OPRFDSBJETWBSK-UHFFFAOYSA-N,7.76955,7.76955,True,True,False
IXYYOCBGKVPOHF-UHFFFAOYSA-N,8.30103,8.30103,True,True,False
SYTVXSVMKRXYMG-UHFFFAOYSA-N,6.92082,6.92082,True,True,False
VLINJGAWQXONRY-UHFFFAOYSA-N,6.56864,6.56864,True,True,False
AJEOSTRBVYLHFL-UHFFFAOYSA-N,6.26761,6.26761,True,True,False
XMIICGLXEFLORP-UHFFFAOYSA-N,7.52288,7.52288,True,True,False
TVYZGBBYZJIGGJ-UHFFFAOYSA-N,7.69897,7.69897,True,True,False
JUWPVFGGRPLWHB-UHFFFAOYSA-N,7.39794,7.39794,True,True,False
PVKAOBUBUDQDRR-UHFFFAOYSA-N,6.85387,6.85387,True,True,False
LYSYREGAWZUWGY-UHFFFAOYSA-N,6.09691,6.09691,True,True,False
HARGZZNYNSYSGJ-JTQLQIEISA-N,6.0,6.0,True,True,False
YJIPHBLIIILVCK-UHFFFAOYSA-N,5.46725,5.46725,True,True,False
SEEWNPTXFPHRDI-UHFFFAOYSA-N,5.28819,5.28819,True,True,False
WBYXSWQBTVRKLU-UHFFFAOYSA-N,6.34679,6.34679,True,True,False
NBEXJUQNTLSDAH-UHFFFAOYSA-N,5.84164,5.84164,True,True,False
RSRPZXMUCGYGAT-UHFFFAOYSA-N,5.36552,5.36552,True,True,False
DMYRBALMXHKIGH-YUVNHMKWSA-N,5.30715,5.30715,True,True,False
JBSBVWSGDQEAHW-QGBZOZHCSA-N,5.62893,5.62893,True,True,False
QSYNZYDUZLMXLT-QGBZOZHCSA-N,5.21183,5.21183,True,True,False
SYIJWEUVZBXTSK-KHBLXWHLSA-N,5.1152,5.1152,True,True,False
GPPGIVRQQSJCJT-ZJXUGDSISA-N,5.35458,5.35458,True,True,False
VPPIZGVJYULPCI-AKXUEXMOSA-N,5.6073,5.6073,True,True,False
LZCINFLXWAYHAD-UNICUECWSA-N,5.20901,5.20901,True,True,False
URTUAVNTWXXCEN-UNICUECWSA-N,5.28483,5.28483,True,True,False
QJLCTYMBVMACFN-UGYSWYPASA-N,5.32514,5.32514,True,True,False
QSFNNADKNRBZRA-UURVOFGNSA-N,5.02549,5.02549,True,True,False
YYYKXFFODWMENN-GTRCEIMPSA-N,5.58004,5.58004,True,True,False
CIGWHVQNGHCCQD-AFCOQHGVSA-N,5.11976,5.11976,True,True,False
MVRSVSUWAGKMRS-RLKYIGPZSA-N,5.10791,5.10791,True,True,False
YIQGIPHCFFIJQN-RLKYIGPZSA-N,5.07572,5.07572,True,True,False
KXQUSZFXGCQBEY-LNEKVJQRSA-N,5.12552,5.12552,True,True,False
YLVDGFLHTCJOCC-YDGHPEPZSA-N,5.21183,5.21183,True,True,False
OKHFUHHPYDCFSR-YFCWGEOWSA-N,5.27246,5.27246,True,True,False
BKDSEXOCOKEHEW-DBTRPOLGSA-N,5.16241,5.16241,True,True,False
UBLDCFKBHKDJPB-DBTRPOLGSA-N,5.29073,5.29073,True,True,False
LSLPXJPINXJYED-AOBXVYRYSA-N,5.38722,5.38722,True,True,False
ZKLQFVFZXDZESS-QFVGFNLVSA-N,5.40121,5.40121,True,True,False
LHISBHNARPPDIO-JKHBRONLSA-N,5.05849,5.05849,True,True,False
XBGJISBWJWTPLH-UHFFFAOYSA-N,5.0655,5.0655,True,True,False
QTJUKEFFXJKADG-UHFFFAOYSA-N,5.20066,5.20066,True,True,False
NVAPCERQXKPLTK-UHFFFAOYSA-N,5.08619,5.08619,True,True,False
XXEKUHPLQBJSJY-UHFFFAOYSA-N,5.17393,5.17393,True,True,False
FZCLGOSOJHUUST-UHFFFAOYSA-N,5.01323,5.01323,True,True,False
RUJMERFUMDLBHZ-UHFFFAOYSA-N,5.13668,5.13668,True,True,False
BYEHLGQTZYKVFJ-UHFFFAOYSA-N,5.37675,5.37675,True,True,False
LSHSFAITCUQCLP-UHFFFAOYSA-N,5.5376,5.5376,True,True,False
AVHMZIMFLFDTIN-UHFFFAOYSA-N,5.14874,5.14874,True,True,False
SHQNSNOQZLYJOO-UHFFFAOYSA-N,6.25493,6.25493,True,True,False
OEOVOFDXVTWLSY-UHFFFAOYSA-N,6.02595,6.02595,True,True,False
JZHJADLDLNMVKV-UHFFFAOYSA-N,6.09637,6.09637,True,True,False
GLCBTTCWFDKFDR-UHFFFAOYSA-N,5.97469,5.97469,True,True,False
UBCXCPFVKYUOKF-UHFFFAOYSA-N,5.38195,5.38195,True,True,False
FFTKMAHTNAEBCM-UHFFFAOYSA-N,6.45593,6.45593,True,True,False
UOQLTFOUMSADAS-UHFFFAOYSA-N,5.41117,5.41117,True,True,False
ZIZAOGVFUXZHDX-UHFFFAOYSA-N,5.23657,5.23657,True,True,False
PPGMIPTWTYYHRQ-UHFFFAOYSA-N,6.05552,6.05552,True,True,False
PWBQKEZBWGBFSU-UHFFFAOYSA-N,6.06048,6.06048,True,True,False
ZNDVGZNYUFTVCI-UHFFFAOYSA-N,6.48149,6.48149,True,True,False
NJEFPRGKCUZVSL-UHFFFAOYSA-N,5.94692,5.94692,True,True,False
MTNXXZOBDDKCSJ-UHFFFAOYSA-N,5.87943,5.87943,True,True,False
WXGWQKDHPDCEHN-UHFFFAOYSA-N,6.03152,6.03152,True,True,False
KWXRZCJBVNGGSK-UHFFFAOYSA-N,5.03716,5.03716,True,True,False
DWPVIADNDHFBJF-UHFFFAOYSA-N,5.61439,5.61439,True,True,False
WTKCPVAHKQZXKI-UHFFFAOYSA-N,5.61261,5.61261,True,True,False
TVRBKNAHQZCAIV-UHFFFAOYSA-N,5.52433,5.52433,True,True,False
VLPKJIWBKUILOL-UHFFFAOYSA-N,5.73518,5.73518,True,True,False
FGHBNILZLCPBRA-QYRUWVGISA-N,5.65758,5.65758,True,True,False
IAEQMVAFPJSDKJ-JYBYPGSNSA-N,5.30103,5.30103,True,True,False
NDXCWKMYPWRPDY-NUCQJGHSSA-N,5.04576,5.04576,True,True,False
SVSUKQDSRBZWNP-QVMKZURUSA-N,5.04096,5.04096,True,True,False
TVENLJDYWYTMAB-UHFFFAOYSA-N,5.43652,5.43652,True,True,False
NTYSPJOKYWFNJE-UHFFFAOYSA-N,5.63451,5.63451,True,True,False
FHIVAFMUCKRCQO-UHFFFAOYSA-N,5.72125,5.72125,True,True,False
SNHXSTFOPXTQSU-UHFFFAOYSA-N,8.66756,,True,False,False
WENTUEGJRGNGKW-UHFFFAOYSA-N,8.29757,8.29757,True,True,False
KKKODFFFJFQMSI-BMRADRMJSA-N,7.93405,7.93405,True,True,False
NKRXGDHVPLDPRJ-UHFFFAOYSA-N,6.58503,6.58503,True,True,False
QJEJKTFOGGGVCM-JVWAILMASA-N,7.11351,7.11351,True,True,False
KSMHDBPIJWXMSI-WGOQTCKBSA-N,6.58503,6.58503,True,True,False
WBLSVMZKFSZDDW-MFKUBSTISA-N,6.227964999999999,6.227964999999999,True,True,False
YESOUOMKYRFENI-JVWAILMASA-N,6.78781,6.78781,True,True,False
XWILTRCLQISZDK-UHFFFAOYSA-N,6.82391,6.82391,True,True,False
HVTMTNROSRDITI-UHFFFAOYSA-N,8.97062,8.97062,True,True,False
UTKHPWKBTQSDGT-UHFFFAOYSA-N,8.81816,8.81816,True,True,False
WJBROIRUZGVQPY-UHFFFAOYSA-N,8.49757,8.49757,True,True,False
SRHFLJYMGNBGDH-UHFFFAOYSA-N,8.35853,8.35853,True,True,False
VZYCFKMNVCPCHV-UHFFFAOYSA-N,8.4437,8.4437,True,True,False
VZYCFKMNVCPCHV-RPBOFIJWSA-N,5.53313,5.53313,True,True,False
VZYCFKMNVCPCHV-LOSJGSFVSA-N,8.620695000000001,8.620695000000001,True,True,False
DYSVHEIIYHZJGH-UHFFFAOYSA-N,8.118905,8.118905,True,True,False
CTMZZPSVNCEBPA-UHFFFAOYSA-N,7.75945,7.75945,True,True,False
BMUWOXBZGNXOSU-UHFFFAOYSA-N,7.73993,7.73993,True,True,False
MPCFYBGGGLVQEC-UHFFFAOYSA-N,6.63827,6.63827,True,True,False
LANSNGGYDDMUGY-UHFFFAOYSA-N,6.00877,6.00877,True,True,False
BPECKLWRCAONGX-UHFFFAOYSA-N,5.3019,5.3019,True,True,False
BYRLMUHGBXCVOH-UHFFFAOYSA-N,5.14691,5.14691,True,True,False
QRPYZNBZKALWQQ-UHFFFAOYSA-N,5.46092,5.46092,True,True,False
FQFUKTCPJFQACE-UHFFFAOYSA-N,5.41454,5.41454,True,True,False
AGSNRWKROFLBLI-UHFFFAOYSA-N,5.34679,5.34679,True,True,False
FINWRTHNMLWWST-UHFFFAOYSA-N,5.65758,5.65758,True,True,False
XIKIQDHFFVIHEZ-UHFFFAOYSA-N,5.66959,5.66959,True,True,False
QSASVTHZZTZXAN-UHFFFAOYSA-N,5.52578,5.52578,True,True,False
SWHJODKSCKXUAX-UHFFFAOYSA-N,5.01818,5.01818,True,True,False
IRDZLYUVTZHASS-UHFFFAOYSA-N,5.25259,5.25259,True,True,False
ZZODKRWBFJJHGV-UHFFFAOYSA-N,5.03012,5.03012,True,True,False
OUYDBKLRMLMLMJ-UHFFFAOYSA-N,5.37675,5.37675,True,True,False
CQIUTYRNRVTWNA-UHFFFAOYSA-N,5.72125,5.72125,True,True,False
QBQISILWXDSYAB-UHFFFAOYSA-N,5.21467,5.21467,True,True,False
SZYWAKLFZGGZFL-UHFFFAOYSA-N,5.38722,5.38722,True,True,False
GVTZWCGCQTUNKK-UHFFFAOYSA-N,5.60206,5.60206,True,True,False
XFZNYYDTDGEXBS-UHFFFAOYSA-N,5.42022,5.42022,True,True,False
MXVVFXUVCSFCCH-UHFFFAOYSA-N,5.58503,5.58503,True,True,False
HIOSHKZZXRGRSS-UHFFFAOYSA-N,5.29243,5.29243,True,True,False
VKUFSDYOVDNWPJ-UHFFFAOYSA-N,5.25181,5.25181,True,True,False
QUNVPYVAGHACJZ-UHFFFAOYSA-N,5.67778,5.67778,True,True,False
UPXTYLFOWZJASC-UHFFFAOYSA-N,5.3279,5.3279,True,True,False
HWOGJSPZNZIPLI-UHFFFAOYSA-N,5.26761,5.26761,True,True,False
INDXJGDAAIPEQX-UHFFFAOYSA-N,5.42022,5.42022,True,True,False
DKPILSQFGUMQIS-UHFFFAOYSA-N,5.16749,5.16749,True,True,False
DDAUUFHOQWDQAE-RPCRKUJJSA-N,6.03621,6.03621,True,True,False
SYSVLGHQDUURRS-BFNWXZRRSA-N,7.37675,7.37675,True,True,False
MBVQFYXELMNIPW-BUOZRGFLSA-N,5.81248,5.81248,True,True,False
VAIHSXCXCCBTNV-BUOZRGFLSA-N,6.05552,6.05552,True,True,False
YLFXZYOUOHNWMF-OMYAATJGSA-N,7.24413,7.24413,True,True,False
STCSLEWFMHPGFM-QFFDILLMSA-N,5.02136,5.02136,True,True,False
CWMMOMIPYCYUPM-ZFQRDYFNSA-N,5.55596,5.55596,True,True,False
QGHFTRPRTMZIAB-VIJSPRBVSA-N,6.7167,6.7167,True,True,False
NPZPAMQSTILFKK-XAZDILKDSA-N,7.13966,7.13966,True,True,False
IUFKKNRHNJARAQ-ZRTHHSRSSA-N,7.75696,7.75696,True,True,False
BLPZCYRNZOROBR-WZJLIZBTSA-N,6.36552,6.36552,True,True,False
PPLHOCSIKGJWTP-UHFFFAOYSA-N,6.79588,6.79588,True,True,False
DYDMQTJZQBAGEY-UHFFFAOYSA-N,6.086095,6.086095,True,True,False
DNOBRQKRZLULQE-UHFFFAOYSA-N,5.819455,5.819455,True,True,False
SWZRIMBMJKPHQJ-UHFFFAOYSA-N,6.647905,6.647905,True,True,False
DWOXBDXTFVOWJF-UHFFFAOYSA-N,5.91291,5.91291,True,True,False
FFIZZPFJAXHTDR-UHFFFAOYSA-N,5.962305000000001,5.962305000000001,True,True,False
GLVFHGWUKQPBOF-UHFFFAOYSA-N,5.3778749999999995,5.3778749999999995,True,True,False
PFYRGBJRPBPVMS-UHFFFAOYSA-N,6.271825,6.271825,True,True,False
VCKXKSQVWHZQHR-UHFFFAOYSA-N,6.174285,6.174285,True,True,False
MIQVJQGPYICMPP-UHFFFAOYSA-N,6.664775,6.664775,True,True,False
MIPWRXSZLNVAKQ-UHFFFAOYSA-N,6.697985,6.697985,True,True,False
GDJCEVNDAZNLPF-UHFFFAOYSA-N,6.846355,6.846355,True,True,False
UVYNECUSQBZMSD-UHFFFAOYSA-N,6.714205,6.714205,True,True,False
PPDBWLSEOWISMD-UHFFFAOYSA-N,6.98297,6.98297,True,True,False
MMAVCEZWOWSHTC-UHFFFAOYSA-N,6.63264,6.63264,True,True,False
GDXNXPQGVOTDDZ-UHFFFAOYSA-N,7.58004,7.58004,True,True,False
MNXZMODOWBSHCE-UHFFFAOYSA-N,7.02595,7.02595,True,True,False
CLANWNRWLCNHQF-UHFFFAOYSA-N,5.53611,5.53611,True,True,False
LNXFVCTVJXMJED-UHFFFAOYSA-N,6.55752,6.55752,True,True,False
NZAHEPIMJGOXMA-UHFFFAOYSA-N,7.81248,7.81248,True,True,False
LSJUOQUGCKLCKO-UHFFFAOYSA-N,5.08778,5.08778,True,True,False
OXQMOFFMFYUAFJ-UHFFFAOYSA-N,6.23657,6.23657,True,True,False
PEFVDLQGFKDNNH-UHFFFAOYSA-N,6.40012,6.40012,True,True,False
NXRLTJHVRANPCV-UHFFFAOYSA-P,8.63827,8.63827,True,True,False
KBNHGKIAHMMUCH-UHFFFAOYSA-N,7.18709,7.18709,True,True,False
SCHXMKVUYVNKRR-UHFFFAOYSA-N,8.68613,8.68613,True,True,False
HUAUVHYOLGBGMR-UHFFFAOYSA-N,7.84771,7.84771,True,True,False
ZQFXENUXQNLUDE-UHFFFAOYSA-N,7.84771,7.84771,True,True,False
RFFSRGKCVREDLD-UHFFFAOYSA-N,5.60206,5.60206,True,True,False
QAMJZNPTSBBFDI-LTCQIXDTSA-N,5.20066,5.20066,True,True,False
UGBLOPRVCUMQQB-UHFFFAOYSA-N,7.25964,7.25964,True,True,False
SHPCADFURJJOOU-UHFFFAOYSA-N,7.46852,7.46852,True,True,False
RFIJTJVQDQTLEV-UHFFFAOYSA-N,7.03621,7.03621,True,True,False
AAJCCATVSUSRCY-MDWZMJQESA-N,5.32975,5.32975,True,True,False
RVSWJJUCVKQQRU-XNTDXEJSSA-N,5.04818,5.04818,True,True,False
LZBQTJUASOHOGJ-XNTDXEJSSA-N,5.11748,5.11748,True,True,False
UTANHRBMHJQKJU-SFQUDFHCSA-N,5.22841,5.22841,True,True,False
AXRSIKMWRLWTDO-FMIVXFBMSA-N,7.67572,7.67572,True,True,False
ANZARKBILMMHER-YRNVUSSQSA-N,7.73755,7.73755,True,True,False
XLIOMHFQNGCWAV-GQCTYLIASA-N,8.17393,8.17393,True,True,False
TXSRJQSUOUJAIH-UHFFFAOYSA-N,5.08619,5.08619,True,True,False
XLWGGHNMHFSNAQ-UHFFFAOYSA-N,5.08092,5.08092,True,True,False
MCFWJVVIIHDYGY-UHFFFAOYSA-N,5.95861,5.95861,True,True,False
YMUQNRICCRNBQY-UHFFFAOYSA-N,6.09691,6.09691,True,True,False
JCHKASOGFPNEMX-UHFFFAOYSA-N,5.38722,5.38722,True,True,False
VWMVVTZSFRCBOF-UHFFFAOYSA-N,5.07058,5.07058,True,True,False
NHTLSLIZIOTGBZ-UHFFFAOYSA-N,6.04576,6.04576,True,True,False
WLMCUWNVWHWZRR-UHFFFAOYSA-N,5.17393,5.17393,True,True,False
FOOMLDMUSXDTOO-UHFFFAOYSA-N,5.06048,5.06048,True,True,False
LLRQWHTWQOOTRV-UHFFFAOYSA-N,5.19382,5.19382,True,True,False
GTVSDMPQZNLHNQ-UHFFFAOYSA-N,5.03621,5.03621,True,True,False
KEYLOFFNMVKPSA-UHFFFAOYSA-N,5.76955,5.76955,True,True,False
WSKTVSBIHWPZCM-UHFFFAOYSA-N,6.0,6.0,True,True,False
JPCDBTHAWPVJLV-UHFFFAOYSA-N,5.20761,5.20761,True,True,False
KMFIWXMOTHJQAP-UHFFFAOYSA-N,6.04576,6.04576,True,True,False
RHYLMHYJQBEFDV-UHFFFAOYSA-N,5.3098,5.3098,True,True,False
MJJPABBWHSSTTI-UHFFFAOYSA-N,5.36653,5.36653,True,True,False
ITYHQJQWDFKQFQ-UHFFFAOYSA-N,5.56864,5.56864,True,True,False
HUWWMDRBFQAIAI-UHFFFAOYSA-N,5.67778,5.67778,True,True,False
CACFQCMXTYRFGE-UHFFFAOYSA-N,5.13668,5.13668,True,True,False
OHDDRPINWQDGEH-UHFFFAOYSA-N,5.88606,5.88606,True,True,False
IHQOPGPYTRMDJH-UHFFFAOYSA-N,5.09151,5.09151,True,True,False
GUPUZWRGJITBCC-UHFFFAOYSA-N,5.22185,5.22185,True,True,False
YCPZOCGKKJAVJI-UHFFFAOYSA-N,5.55284,5.55284,True,True,False
HGARWOYCHHRGRX-UHFFFAOYSA-N,5.55284,5.55284,True,True,False
LIZYKHYLXJGMFT-NSHDSACASA-N,5.10237,5.10237,True,True,False
UDVFZVKAWAKSPH-RCCKNPSSSA-N,6.545,6.545,True,True,False
DBANLJZWKHSELJ-HAVVHWLPSA-N,6.27051,6.27051,True,True,False
ZRXXPDPCCMADTA-XSFVSMFZSA-N,6.52129,6.52129,True,True,False
ZUKUWSQYNLPXOD-CJLVFECKSA-N,6.37059,6.37059,True,True,False
NBYRKWCXRBPLLK-HAVVHWLPSA-N,6.40871,6.40871,True,True,False
KAFVKDYWFYNONU-NCELDCMTSA-N,6.02036,6.02036,True,True,False
OYEWBWVWUDMBPW-HSEGREMKSA-N,7.22185,7.22185,True,True,False
SJYVGYLWIJIYHJ-LIUSGKPXSA-N,6.95861,6.95861,True,True,False
LBHVCNVTMBHJEE-BLVABZMVSA-N,5.66354,5.66354,True,True,False
PGQLHDFYYWDJHK-GDGPFORESA-N,6.00436,6.00436,True,True,False
XEPUHYVPCYWYRB-UHFFFAOYSA-N,6.48812,6.48812,True,True,False
OOCKQJHRJFDPCK-UHFFFAOYSA-N,7.03339,7.03339,True,True,False
QWENAWZBDMGXSP-UHFFFAOYSA-N,6.81531,6.81531,True,True,False
OLKLOVAJULLISR-UHFFFAOYSA-N,7.03716,7.03716,True,True,False
WUZJRHKAIFSDMM-UHFFFAOYSA-N,7.00789,7.00789,True,True,False
XKKFXCKMPXLPKK-UHFFFAOYSA-N,6.7986,6.7986,True,True,False
WKAJCZZPMZGMDI-UHFFFAOYSA-N,6.51428,6.51428,True,True,False
ZXEXKQSBZMYPAQ-UHFFFAOYSA-N,6.82681,6.82681,True,True,False
UTSQNVLOMVPCIW-YTTGMZPUSA-N,6.72816,6.72816,True,True,False
LBOYVYBBAFDIGX-NDEPHWFRSA-N,7.4284300000000005,7.4284300000000005,True,True,False
HLSFNIKGKKTOIA-TWAVRPEISA-N,6.27901,6.27901,True,True,False
HSQBZWURRKNSMR-TXMUIZFDSA-N,6.6925,6.6925,True,True,False
SPJCDWMOZIAYNB-HKBQPEDESA-N,6.93554,6.93554,True,True,False
KADKUQSSIRPDHT-VWLOTQADSA-N,6.9685950000000005,6.9685950000000005,True,True,False
PVXRLGDBKZOULP-PMERELPUSA-N,6.81531,6.81531,True,True,False
RKAZYMSLCDWTKC-UHFFFAOYSA-N,5.59688,5.59688,True,True,False
JWBMWBOHEJZYOV-UHFFFAOYSA-N,5.21112,5.21112,True,True,False
DVAUGKNGSJLBSB-UHFFFAOYSA-N,7.84466,7.84466,True,True,False
RTTSLBXGYIFCRM-UHFFFAOYSA-N,7.27003,7.27003,True,True,False
LPKPJMVPAYGIBN-UHFFFAOYSA-N,8.71444,8.71444,True,True,False
IKGNUTZEJZTSQS-UHFFFAOYSA-N,8.26761,8.26761,True,True,False
KXOXQEQCKPBIQE-UHFFFAOYSA-N,7.6073,7.6073,True,True,False
KHNOMXGNYODHJW-UHFFFAOYSA-N,6.98716,6.98716,True,True,False
QOYHHKMVCBONOU-UHFFFAOYSA-N,9.14267,9.14267,True,True,False
CRTRSIPNSJNRTM-UHFFFAOYSA-N,8.03433,8.03433,True,True,False
NUIGMEAFRDCLAO-UHFFFAOYSA-N,6.18642,6.18642,True,True,False
JNVJRXXMPRWOIZ-UHFFFAOYSA-N,6.45842,6.45842,True,True,False
LQSVZGFIJMJIJV-UHFFFAOYSA-N,5.86328,5.86328,True,True,False
IWUDCTOFAHCCJE-UHFFFAOYSA-N,6.09205,6.09205,True,True,False
RQRGYKWAWXKBKX-UHFFFAOYSA-N,8.49349,8.49349,True,True,False
YIHUNKHKTCXRQL-UHFFFAOYSA-N,8.04866,8.04866,True,True,False
FXNPZCDRGIBCKM-UHFFFAOYSA-N,7.01728,7.01728,True,True,False
UFGSUGXQTOJRGK-UHFFFAOYSA-N,7.42022,7.42022,True,True,False
FADJQYHZGWQLHV-UHFFFAOYSA-N,7.48812,7.48812,True,True,False
PTARNCBWLXCSJW-UHFFFAOYSA-N,7.76195,7.76195,True,True,False
PGNONTQJYACCOC-UHFFFAOYSA-N,7.66555,7.66555,True,True,False
JMBDUGUBNUJHAR-UHFFFAOYSA-N,8.16115,8.16115,True,True,False
RKDGVPZXUHBKCP-UHFFFAOYSA-N,6.44249,6.44249,True,True,False
NRAFVOCZEXVTPY-UHFFFAOYSA-N,5.73731,5.73731,True,True,False
OBXWKSPCTDAXSW-UHFFFAOYSA-N,6.0013,6.0013,True,True,False
PVVIEONXARUYJF-UHFFFAOYSA-N,6.0655,6.0655,True,True,False
BXHMIQIIMINKET-UHFFFAOYSA-N,6.27984,6.27984,True,True,False
UPVVEQJBLHRPNK-UHFFFAOYSA-N,5.70071,5.70071,True,True,False
UWJULFQMVVBVHJ-UHFFFAOYSA-N,6.20412,6.20412,True,True,False
PMAJVHWIDLVZJM-UHFFFAOYSA-N,6.19111,6.19111,True,True,False
OLRBSLWJRCTMHB-UHFFFAOYSA-N,6.27003,6.27003,True,True,False
GVMCRURDRWLCRO-UHFFFAOYSA-N,5.92482,5.92482,True,True,False
YQJUFTLWDZPSER-UHFFFAOYSA-N,5.88506,5.88506,True,True,False
QWCXCJHHXFJKII-UHFFFAOYSA-N,5.9813,5.9813,True,True,False
NBAHQYYCUNANCX-UHFFFAOYSA-N,5.01773,5.01773,True,True,False
RTYLHNDNHPELSN-UHFFFAOYSA-N,5.33724,5.33724,True,True,False
PVAHNJQQAFBHBW-UHFFFAOYSA-N,5.3098,5.3098,True,True,False
PXAIJXLXGTZZNP-UHFFFAOYSA-N,5.07572,5.07572,True,True,False
MENPQHDIPOYDSI-UHFFFAOYSA-N,5.55284,5.55284,True,True,False
JWUFDSSCTMPGLI-UHFFFAOYSA-N,6.284,6.284,True,True,False
HEGWZHATVPIKRD-UHFFFAOYSA-N,6.34361,6.34361,True,True,False
HELQVBTZKVKAPS-UHFFFAOYSA-N,6.40304,6.40304,True,True,False
GYANWDNIKGBQDN-UHFFFAOYSA-N,6.501844999999999,6.501844999999999,True,True,False
ATFSKIZVJOMGAR-UHFFFAOYSA-N,7.036315,7.036315,True,True,False
IDTWGEUFPVJYSJ-UHFFFAOYSA-N,6.437285,6.437285,True,True,False
AGELYORQPXWSGA-UHFFFAOYSA-N,6.146965,6.146965,True,True,False
GYSSCMBLUIEVHL-UHFFFAOYSA-N,5.8518799999999995,5.8518799999999995,True,True,False
FTRZTHFGTILUPE-UHFFFAOYSA-N,7.49827,7.49827,True,True,False
JBHLYIVFFLNISJ-UHFFFAOYSA-N,6.39469,6.39469,True,True,False
DHFMNRHFVSQCPD-UHFFFAOYSA-N,6.02826,6.02826,True,True,False
YKSIZFAAHBYGMG-UHFFFAOYSA-N,6.23882,6.23882,True,True,False
RVKSBAURRKECBI-UHFFFAOYSA-N,7.16115,7.16115,True,True,False
YVCAJCVHBUZCNX-UHFFFAOYSA-N,7.24413,7.24413,True,True,False
RUCWXMRMXGLFKN-UHFFFAOYSA-N,6.92812,6.92812,True,True,False
HBJRTZJDKYEAKF-UHFFFAOYSA-N,6.65365,6.65365,True,True,False
FSZQXBYUVRKUIV-UHFFFAOYSA-N,6.49349,6.49349,True,True,False
LVVYCYIWSNRYGP-UHFFFAOYSA-N,8.07058,8.07058,True,True,False
ITDACBKZDRJEOQ-UHFFFAOYSA-N,7.34679,7.34679,True,True,False
UOGHQTLYJXGECW-UHFFFAOYSA-N,6.91721,6.91721,True,True,False
AXHPQZJBCUOUAV-NJNXFGOHSA-N,7.61979,7.61979,True,True,False
CSNVRKSBTKHYQD-UHFFFAOYSA-N,5.98716,5.98716,True,True,False
FQTXEUSQQPBRJW-UHFFFAOYSA-N,5.56543,5.56543,True,True,False
MKJSJENRIWYKKT-PKNBQFBNSA-N,6.56864,6.56864,True,True,False
ZIWHGGCFHGETOI-UHFFFAOYSA-N,6.69465,6.69465,True,True,False
OVSULVUWCMANAO-UHFFFAOYSA-N,5.67675,5.67675,True,True,False
AFZKLKOFXUIXAC-UHFFFAOYSA-N,6.51856,6.51856,True,True,False
CBPLVCKGKVDMPI-UHFFFAOYSA-N,6.30452,6.30452,True,True,False
VUMWKZRTOJCTDT-UHFFFAOYSA-N,6.77469,6.77469,True,True,False
LQWYGHACJQGBFQ-UHFFFAOYSA-N,6.02641,6.02641,True,True,False
ABMUIKNLWXQBLZ-UHFFFAOYSA-N,6.4828,6.4828,True,True,False
XKDPNCLQBQTTEN-UHFFFAOYSA-N,6.2636,6.2636,True,True,False
HXEPFYKTZGQERY-UHFFFAOYSA-N,6.57187,6.57187,True,True,False
KSCFZHJXBZDDOT-UHFFFAOYSA-N,5.49935,5.49935,True,True,False
UCDNIEFZLVXXCD-UHFFFAOYSA-N,6.35952,6.35952,True,True,False
LMFZZLKPWAMHLC-UHFFFAOYSA-N,6.58838,6.58838,True,True,False
RAMACCWHONZEEF-UHFFFAOYSA-N,5.79697,5.79697,True,True,False
VCMCOZQOXDBOJF-UHFFFAOYSA-N,6.41908,6.41908,True,True,False
ZCXKNMJBIIVQIS-UHFFFAOYSA-N,6.23807,6.23807,True,True,False
KTSMPOOZTUCYQH-UHFFFAOYSA-N,6.79588,6.79588,True,True,False
JZLIAEXQDTVQDQ-UHFFFAOYSA-N,5.69724,5.69724,True,True,False
FGKIQUDSHAMYKF-UHFFFAOYSA-N,6.18642,6.18642,True,True,False
XMMRXYIBDPVENS-UHFFFAOYSA-N,6.16368,6.16368,True,True,False
QXXGDBDNPIPTRF-UHFFFAOYSA-N,7.7929,7.7929,True,True,False
GDFJHAWHVPWSSH-UHFFFAOYSA-N,7.61314,7.61314,True,True,False
LHGFBGVOLWJYNC-UHFFFAOYSA-N,6.69897,6.69897,True,True,False
OJHNAGYEVNHLIC-UHFFFAOYSA-N,6.02228,6.02228,True,True,False
LBEVTNNIHCJLJV-UHFFFAOYSA-N,5.86646,5.86646,True,True,False
DJLLGHHQTWRGFO-UHFFFAOYSA-N,6.30103,6.30103,True,True,False
UZWFCPNNTSFTBG-UHFFFAOYSA-N,7.09691,7.09691,True,True,False
BAAFVMSZJXOGGZ-UHFFFAOYSA-N,6.36653,6.36653,True,True,False
TUCZTPCHFSWZTK-UHFFFAOYSA-N,6.04576,6.04576,True,True,False
QBYCNPOCPXMJCE-UHFFFAOYSA-N,6.60206,6.60206,True,True,False
WXZMHKXBHLIMJU-UHFFFAOYSA-N,5.69897,5.69897,True,True,False
PVRJSOWSQUNARV-UHFFFAOYSA-N,7.74473,7.74473,True,True,False
DKBADOYJGAGSRI-UHFFFAOYSA-N,5.32148,5.32148,True,True,False
PPYHOOZGDDPLKM-UHFFFAOYSA-N,6.47756,6.47756,True,True,False
JUFWFSABMFTGBO-CALCHBBNSA-N,6.86967,6.86967,True,True,False
WWFGJJXAAWQFJQ-CALCHBBNSA-N,5.38722,5.38722,True,True,False
KOGFSINKMHAXKX-UHFFFAOYSA-N,5.47756,5.47756,True,True,False
ULFLYJAOFSSHLR-UHFFFAOYSA-N,7.95861,7.95861,True,True,False
SQRYUJGAQGHMFN-UHFFFAOYSA-N,6.29499,6.29499,True,True,False
LSYSMDIKAFQRRE-UHFFFAOYSA-N,6.42251,6.42251,True,True,False
IXIKZBWGIPPSBJ-LJQANCHMSA-N,6.14997,6.14997,True,True,False
TUYLVERIWIAINX-UHFFFAOYSA-N,6.05061,6.05061,True,True,False
JSXCSUSMRGBMGM-UHFFFAOYSA-N,5.57025,5.57025,True,True,False
RWFYAMVEFZZVDS-UHFFFAOYSA-N,5.61618,5.61618,True,True,False
BOIVMJXJOVNQQN-UHFFFAOYSA-N,6.72816,6.72816,True,True,False
MBPIPVLDYQCJKR-UHFFFAOYSA-N,7.74473,7.74473,True,True,False
XWNUTLMQEJHZAD-UHFFFAOYSA-N,6.79588,6.79588,True,True,False
GCSYCHSHITWPIH-UHFFFAOYSA-N,6.5867,6.5867,True,True,False
CJNHSOPFLMXKDT-UHFFFAOYSA-N,6.66354,6.66354,True,True,False
HFRNGSUSVIONOS-UHFFFAOYSA-N,6.4908,6.4908,True,True,False
FQUTYOZUGJMHGR-UHFFFAOYSA-N,6.30452,6.30452,True,True,False
HKQUHJFCVOBXLG-UHFFFAOYSA-N,6.34679,6.34679,True,True,False
OLGDXFNGTFBOPC-UHFFFAOYSA-N,6.18111,6.18111,True,True,False
PAGGEPNXUBSPSP-UHFFFAOYSA-N,6.05849,6.05849,True,True,False
MJGVCCPVNPTNCM-UHFFFAOYSA-N,6.30715,6.30715,True,True,False
IANXMZMJBKUVLQ-UHFFFAOYSA-N,6.10958,6.10958,True,True,False
GXRLPTHGYBPIDP-UHFFFAOYSA-N,5.91614,5.91614,True,True,False
OIMVBDJSADQAOA-UHFFFAOYSA-N,5.98422,5.98422,True,True,False
CJPWVSWHUPXWHU-UHFFFAOYSA-N,6.57512,6.57512,True,True,False
QFDCMSGQKRHGOR-XVUQMAPESA-N,5.00877,5.00877,True,True,False
QKWIPFQYVMSHKA-UHFFFAOYSA-N,6.72125,6.72125,True,True,False
ZMZBWNJJOIXGAL-UHFFFAOYSA-N,6.16115,6.16115,True,True,False
OWEZYYQDVVGJQA-UHFFFAOYSA-N,6.22185,5.517165,True,True,True
HMYXFGCACVUUCG-UHFFFAOYSA-N,6.0,6.0,True,True,False
RNIDTYKTGPWKIQ-UHFFFAOYSA-N,6.10237,6.10237,True,True,False
RRFSDOVSDCRXPJ-UHFFFAOYSA-N,6.52288,6.52288,True,True,False
QGRBYVLSFDOHSR-UHFFFAOYSA-N,6.46852,6.46852,True,True,False
GAUIJIDPRCXNSO-UHFFFAOYSA-N,6.35655,6.35655,True,True,False
XOSFOGCCJRNZJO-UHFFFAOYSA-N,6.02228,6.02228,True,True,False
JPFNCVVRUHCNQD-UHFFFAOYSA-N,6.30103,6.30103,True,True,False
AJZDLFNDVKQVQQ-UHFFFAOYSA-N,6.04096,6.04096,True,True,False
GUHZCGGDBZLQMV-UHFFFAOYSA-N,6.34679,6.34679,True,True,False
LIDNNYGFJAQHNA-UHFFFAOYSA-N,6.0,6.0,True,True,False
FEIPXUMDFMNVDT-UHFFFAOYSA-N,5.22185,5.22185,True,True,False
NZRYFIHNIMWLPT-UHFFFAOYSA-N,5.07058,5.07058,True,True,False
NMWXKURCQUCURF-UHFFFAOYSA-N,5.40894,5.40894,True,True,False
RTJRBYKZQSYWCM-UHFFFAOYSA-N,6.92082,6.92082,True,True,False
KOZYQJMZXSBJNF-UHFFFAOYSA-N,6.48149,6.48149,True,True,False
NEDWFNNKVTXYON-UHFFFAOYSA-N,5.82391,5.82391,True,True,False
NBJOSEVZMRGBSS-WNRWCFFQSA-N,5.00087,5.00087,True,True,False
XCPGTDNRNMDRGQ-HYOWRBRKSA-N,6.04096,6.04096,True,True,False
ZBQYGDWMJWSCCD-JIJPZTSSSA-N,5.77211,5.77211,True,True,False
LQLIXKNTFAWRFM-CXJQTXMHSA-N,6.65758,6.65758,True,True,False
DYCJEZBPGBQOFM-UHFFFAOYSA-N,10.57106,10.57106,True,True,False
GIRLQTWFPQINCE-UHFFFAOYSA-N,10.57106,10.57106,True,True,False
NHOVAZHAWHJCSY-UHFFFAOYSA-N,10.57106,10.57106,True,True,False
FCENVZQUPSLBLT-UHFFFAOYSA-N,10.57106,10.57106,True,True,False
DSRVEVDNVDPNPP-UHFFFAOYSA-N,10.57106,10.57106,True,True,False
QJHWFMNMXCDMAQ-UHFFFAOYSA-N,10.57106,10.57106,True,True,False
DTGVYWWRVPBJJU-UHFFFAOYSA-N,10.57106,10.57106,True,True,False
XRTLNGOFVMCPQN-UHFFFAOYSA-N,10.57106,10.57106,True,True,False
JRGRJSIDGMYVHG-UHFFFAOYSA-N,10.57106,10.57106,True,True,False
RBVJRDMAESBZSC-UHFFFAOYSA-N,10.57106,10.57106,True,True,False
PNELRAOCEOQJMK-HXPUERGNSA-N,5.10624,5.10624,True,True,False
VIHQGHFBJQEGJJ-IGYGKHONSA-N,5.53,5.53,True,True,False
VJWVYCGBFCLUBC-MFMCTBQISA-N,5.186,5.186,True,True,False
NXHUUWUYXXHDSP-XDFJSJKPSA-N,5.242,5.242,True,True,False
NBVXLYNBQKTYAQ-CQTOTRCISA-N,5.253,5.253,True,True,False
XEXQUOKGOOZPEB-UZNNEEJFSA-N,5.169,5.169,True,True,False
BKQAIFRKWCWTHE-XDFJSJKPSA-N,5.606,5.606,True,True,False
QRDCGTOOMUGVPA-XDFJSJKPSA-N,5.668,5.668,True,True,False
UNNOJENDCNIITC-UZNNEEJFSA-N,5.234,5.234,True,True,False
OGFMGNOQSFFHKP-QWOOXDRHSA-N,5.303,5.303,True,True,False
JKNRDZFBYLLNGC-CQTOTRCISA-N,5.648,5.648,True,True,False
YYTSRURMYPFAIZ-IGYGKHONSA-N,5.337,5.337,True,True,False
KOYOWUYGCUEITP-CQTOTRCISA-N,5.286,5.286,True,True,False
VNIABXFLSKCNND-IGYGKHONSA-N,6.26,6.26,True,True,False
WLDRMSCXKLUZKZ-IGYGKHONSA-N,6.409,6.409,True,True,False
OYYNUOXEKAUSGR-MFMCTBQISA-N,5.495,5.495,True,True,False
NKNFICSDYLYWRK-MFMCTBQISA-N,6.149,6.149,True,True,False
NYVFGIAVIORZTJ-XDFJSJKPSA-N,5.554,5.554,True,True,False
NANGDLPJMIPVNK-MFMCTBQISA-N,6.056,6.056,True,True,False
YGFNKCHRZYXYFR-CQTOTRCISA-N,5.268,5.268,True,True,False
BKWIEBMTFUKWGR-MFMCTBQISA-N,6.056,6.056,True,True,False
OLHQFUFHPLFADP-XDFJSJKPSA-N,5.666,5.666,True,True,False
UXNRTEBKIODWKU-CQTOTRCISA-N,6.42,6.42,True,True,False
WHCYDQYHFUAGFI-XYFQYJLHSA-N,6.292,6.292,True,True,False
VBPYUDBSLYCEMA-UHFFFAOYSA-N,8.7167,8.7167,True,True,False
GLKLHBYBAWHWTF-UHFFFAOYSA-N,8.46092,8.46092,True,True,False
IZRQAXRTZHGAMX-UHFFFAOYSA-N,8.18977,8.18977,True,True,False
CRKNHUIAVMQCOT-UHFFFAOYSA-N,7.99568,7.99568,True,True,False
HJOZPGZWSXZPTB-UHFFFAOYSA-N,8.82974,8.82974,True,True,False
PBJAAJDBUSKJEX-UHFFFAOYSA-N,8.43652,8.43652,True,True,False
AFYLKUNLQWZPOJ-MHZLTWQESA-N,5.17328,5.17328,True,True,False
UODQXXGSEDHXMT-NDEPHWFRSA-N,5.02136,5.02136,True,True,False
AYRWSXQHHKEJAX-UHFFFAOYSA-N,6.84771,5.88246,True,True,True
ZXJUUZJTUXQSKP-UHFFFAOYSA-N,7.72125,7.72125,True,True,False
SCGXOMNFUQVBHO-UHFFFAOYSA-N,6.53018,6.53018,True,True,False
ZVCOASYDHWBGID-UHFFFAOYSA-N,6.44733,6.44733,True,True,False
ZENOVZNHBUXHDC-UHFFFAOYSA-N,7.19382,7.19382,True,True,False
CUJOBVKOTOAWII-UHFFFAOYSA-N,7.12494,7.12494,True,True,False
KPPXCNYBUBDEEX-UHFFFAOYSA-N,7.11351,7.11351,True,True,False
LWSFBXYLKVTYIM-UHFFFAOYSA-N,6.90309,6.90309,True,True,False
DZSLVRSYGSLEGV-UHFFFAOYSA-N,5.39794,5.39794,True,True,False
BIQKMKLWZZWWMJ-UHFFFAOYSA-N,6.88606,6.88606,True,True,False
HTSMDVRAOTZYSQ-UHFFFAOYSA-N,8.1549,8.1549,True,True,False
XRMMDZSSROXOHT-UHFFFAOYSA-N,7.22915,7.22915,True,True,False
WLTAFWKKNBLBHO-UHFFFAOYSA-N,9.85387,9.85387,True,True,False
OMWCMVDBFIANLH-UHFFFAOYSA-N,7.497035,7.497035,True,True,False
QYQDDTYKNXOHKG-UHFFFAOYSA-N,6.814075,6.814075,True,True,False
KIPNKBSUTXPLGR-UHFFFAOYSA-N,7.01231,7.01231,True,True,False
FFMMFXZONQYESO-UHFFFAOYSA-N,6.078405,6.078405,True,True,False
ACIBUVSZJSBTER-UHFFFAOYSA-N,8.139610000000001,8.139610000000001,True,True,False
OUPUWBKBRTXEIM-UHFFFAOYSA-N,6.19859,6.19859,True,True,False
VSAZMHWIUAZWGB-UHFFFAOYSA-N,8.24898,8.24898,True,True,False
YYGHBQVPXHKCRO-UHFFFAOYSA-N,8.533815,8.533815,True,True,False
QWJQWXDSWXGISZ-UHFFFAOYSA-N,8.11148,8.11148,True,True,False
GIGJIIJGHXYZQW-UHFFFAOYSA-N,8.121324999999999,8.121324999999999,True,True,False
JAVDJDQEDRNTQR-UHFFFAOYSA-N,7.013954999999999,7.013954999999999,True,True,False
XAZQUPBUJONHAF-UHFFFAOYSA-N,8.068340000000001,8.068340000000001,True,True,False
GAPOASFZXBWUGS-UHFFFAOYSA-N,6.78857,6.78857,True,True,False
OEBRKCOSUFCWJD-UHFFFAOYSA-N,5.91956,5.91956,True,True,False
ISRUGXGCCGIOQO-UHFFFAOYSA-N,5.93371,5.93371,True,True,False
GQBFKBBDGKNSLK-UHFFFAOYSA-N,6.191879999999999,6.191879999999999,True,True,False
SJSTZEWGUCLUTP-UHFFFAOYSA-N,5.00966,4.984135,True,True,True
LCJHAMFHXGMYLX-UHFFFAOYSA-N,6.6472750000000005,6.6472750000000005,True,True,False
IUCANLAVDXMGCM-UHFFFAOYSA-N,5.742395,5.742395,True,True,False
NWHBKNONEOGQEO-UHFFFAOYSA-N,5.280685,5.280685,True,True,False
POYGDFGWFNUJTP-UHFFFAOYSA-O,5.37675,5.37675,True,True,False
QYWAWICPVJULDS-UHFFFAOYSA-O,5.49485,5.49485,True,True,False
MDLWLYHQPBQWFO-UHFFFAOYSA-O,5.40894,5.40894,True,True,False
ICUGREZPKCKXFF-UHFFFAOYSA-O,5.46852,5.46852,True,True,False
SRZVTLOAZSAJRJ-UHFFFAOYSA-O,5.56864,5.56864,True,True,False
YWXDWURUBMGRIF-UHFFFAOYSA-O,5.24413,5.24413,True,True,False
LUUAGTRYWAFYQI-UHFFFAOYSA-O,5.48149,5.48149,True,True,False
WYPOTYDAEGSEFA-UHFFFAOYSA-O,5.42022,5.42022,True,True,False
URBXWDLHACBZLA-UHFFFAOYSA-O,5.29243,5.29243,True,True,False
TWXCFTFNVPGKKH-UHFFFAOYSA-O,5.88606,5.88606,True,True,False
WRQXZMWDSMWNLN-RMKNXTFCSA-O,6.58503,6.58503,True,True,False
HZYMIOCWOBIPFO-VMPITWQZSA-O,6.95861,6.95861,True,True,False
MUDAHBDFKMPCDS-RUDMXATFSA-O,6.67778,6.67778,True,True,False
CQFNFESVGNSYPU-UHFFFAOYSA-O,6.27572,6.27572,True,True,False
WCJWNPHMFIVHJI-UHFFFAOYSA-O,6.35655,6.35655,True,True,False
JVEWFCQGVVKAPN-UHFFFAOYSA-O,6.23657,6.23657,True,True,False
FTTNXWIFPFEOQT-JUDWXZBOSA-N,8.16749,8.16749,True,True,False
LHKWCVMCNOROFZ-MCPFUKIPSA-N,5.45593,5.45593,True,True,False
XKDGQMPLQPRTCS-HHPVDLARSA-N,5.60206,5.60206,True,True,False
LVWDYJONVHLIIF-UHFFFAOYSA-N,5.36051,5.36051,True,True,False
JMDGGQINMCLMOO-UHFFFAOYSA-N,5.81248,5.81248,True,True,False
MGRHULYUJRQSQW-UHFFFAOYSA-N,5.14206,5.14206,True,True,False
VVKDAPKAJJSSNM-UHFFFAOYSA-N,5.1798,5.1798,True,True,False
LVNDSHVRALPGHL-UHFFFAOYSA-N,5.17263,5.17263,True,True,False
CSLMOZNRVLKZJP-UHFFFAOYSA-N,5.45842,5.45842,True,True,False
CYPPDOFLICANMU-UHFFFAOYSA-N,6.58503,6.58503,True,True,False
KSTZJULPHDWERN-UHFFFAOYSA-N,6.67778,6.67778,True,True,False
UORVVOCXCLCVTI-UHFFFAOYSA-N,7.09691,7.09691,True,True,False
DUACEZNSYNKOQI-UHFFFAOYSA-N,6.82391,6.82391,True,True,False
UGEBTJZBDCKUJD-UHFFFAOYSA-N,6.92082,6.92082,True,True,False
LQLZUORNIXSABC-UHFFFAOYSA-N,7.0,7.0,True,True,False
CFKPVXGCGGKCOM-UHFFFAOYSA-N,7.09691,7.09691,True,True,False
MATYDNFWBAVIBC-UHFFFAOYSA-N,7.09691,7.09691,True,True,False
APQPVVOYBLOJDY-UHFFFAOYSA-N,5.0,5.0,True,True,False
JUBDOIQNUNJQNE-UHFFFAOYSA-N,8.1549,8.1549,True,True,False
JTODDVDFMYBPGG-UHFFFAOYSA-N,6.74865,6.74865,True,True,False
CPSSIDMPFSBMRO-UHFFFAOYSA-N,8.42022,8.42022,True,True,False
HMTBXSCYSXEFRI-UHFFFAOYSA-N,8.11351,8.11351,True,True,False
JCZCGQLHQOCURC-QZCRLSDHSA-N,7.43403,7.43403,True,True,False
XVXDTYXMYWAMAF-UHFFFAOYSA-N,8.84466,8.84466,True,True,False
APIRGAOTKZFKAS-UHFFFAOYSA-N,6.42304,6.42304,True,True,False
HYWHYYQDFBRNJV-UHFFFAOYSA-N,8.3363,8.3363,True,True,False
WSXAJVAWKDKQHT-UHFFFAOYSA-N,5.95992,5.95992,True,True,False
AFGFYJJNRLVSLM-UHFFFAOYSA-N,6.56915,6.56915,True,True,False
UTQFNPJLIOYJFL-UHFFFAOYSA-N,7.39924,7.39924,True,True,False
KMMFIXOTKGBTSZ-UHFFFAOYSA-N,8.92812,8.92812,True,True,False
SPEKQSDIHIDYJX-UHFFFAOYSA-N,8.09151,8.09151,True,True,False
RISDMIZNEKTMBT-UHFFFAOYSA-N,7.69789,7.69789,True,True,False
MBBVMMONYFBGOE-UHFFFAOYSA-N,5.48405,5.48405,True,True,False
AKQSCHLJARNVMJ-UHFFFAOYSA-N,7.47147,7.47147,True,True,False
DZVVTCMRQZXZRQ-UHFFFAOYSA-N,6.72946,6.72946,True,True,False
FDPFEWCMKUTRHJ-UHFFFAOYSA-N,7.59176,7.59176,True,True,False
MSAIAIIQMNXQKI-UHFFFAOYSA-N,5.9850650000000005,5.9850650000000005,True,True,False
IEEPPPIAKVRUBJ-UHFFFAOYSA-N,5.221909999999999,5.221909999999999,True,True,False
OMPKNKOTSKEQOH-UHFFFAOYSA-N,5.087775,5.087775,True,True,False
JBANMOPKOHITOL-KWKYVRJSSA-N,5.52288,5.52288,True,True,False
OMPQJMDGDAAXPE-WDDATRMLSA-N,7.45593,7.45593,True,True,False
PLIFLXOUJPNJNC-UHFFFAOYSA-N,5.29243,5.29243,True,True,False
YVAXITGHSDJYIT-XYOKQWHBSA-N,5.16115,5.16115,True,True,False
VXLRZAXUUZPXJL-UHFFFAOYSA-N,6.4908,6.4908,True,True,False
QDAPDSXKSIWXRU-UHFFFAOYSA-N,6.00305,6.00305,True,True,False
DVCKLXBGJWQNDS-UHFFFAOYSA-N,7.35458,7.35458,True,True,False
PDDLTJWNLVDOPM-UHFFFAOYSA-N,6.38091,6.38091,True,True,False
BFCQNBAYDZOIHV-UHFFFAOYSA-N,7.3279,7.3279,True,True,False
PSNSGINHHWVVMS-UHFFFAOYSA-N,7.19997,7.19997,True,True,False
CADLESQJTZFGIT-UHFFFAOYSA-N,7.81531,7.81531,True,True,False
CPIMBZDXMLRJFA-UHFFFAOYSA-N,7.96658,7.96658,True,True,False
LJASCSHXLYLOCF-UHFFFAOYSA-N,9.0655,9.0655,True,True,False
VHCQVFSYGHOPKW-UHFFFAOYSA-N,8.59176,8.59176,True,True,False
BWWUAZJYGRIHDC-UHFFFAOYSA-N,5.68403,5.68403,True,True,False
TYNDGSBNGKLNDC-UHFFFAOYSA-N,5.12523,5.12523,True,True,False
QSCSHQVZPPAOCR-UHFFFAOYSA-N,6.58503,6.58503,True,True,False
LIIAZSOASJOPIC-UHFFFAOYSA-N,5.98464,5.98464,True,True,False
MJILJJIYWSPFOM-UHFFFAOYSA-N,6.65365,6.65365,True,True,False
TWJOHEVVRIJHJT-UHFFFAOYSA-N,6.93181,6.93181,True,True,False
OSNBHPQSXCZVRH-UHFFFAOYSA-N,6.69897,6.69897,True,True,False
WAYXSSGTGMIORU-UHFFFAOYSA-N,6.70115,6.70115,True,True,False
MXWGOVLVJYDLRV-UHFFFAOYSA-N,7.11407,7.11407,True,True,False
ALUMRCODWIMCFJ-UHFFFAOYSA-N,7.31336,7.31336,True,True,False
CSYZWGXEWCKTGL-UHFFFAOYSA-N,7.4908,7.4908,True,True,False
WWRDYDFXVYAZAG-UHFFFAOYSA-N,7.61261,7.61261,True,True,False
HDTGPJNBSTWCLU-UHFFFAOYSA-N,5.7734,5.7734,True,True,False
OPDNPGNAIOMGJW-UHFFFAOYSA-N,6.51145,6.51145,True,True,False
WDVUURYAZSPAGT-UHFFFAOYSA-N,6.37263,6.37263,True,True,False
YXINUXBSKDTHDM-UHFFFAOYSA-N,6.2636,6.2636,True,True,False
CPIHZFXHCABWRY-UHFFFAOYSA-N,5.24795,5.24795,True,True,False
FNFRCUZUVSMULW-ADBHHMNFSA-N,5.01773,5.01773,True,True,False
LBVPJWYDLJNRSM-MVLLCHJPSA-N,5.14874,5.14874,True,True,False
PVKXLBKYESHPJV-UHFFFAOYSA-N,5.14997,5.14997,True,True,False
DBPONSACNGZLMB-UHFFFAOYSA-N,5.18111,5.18111,True,True,False
VMNAQCLDUQQPOY-UHFFFAOYSA-N,5.11295,5.11295,True,True,False
JWBKBWHGJDRYAQ-UHFFFAOYSA-N,5.22475,5.22475,True,True,False
AFZXKZSXWLRMLE-UHFFFAOYSA-N,5.19586,5.19586,True,True,False
VGPBJNURLOIXIG-UHFFFAOYSA-N,5.17328,5.17328,True,True,False
ZLLIOYYADYZYFM-UHFFFAOYSA-N,5.2233,5.2233,True,True,False
YFAGHBJUUNOWSW-UHFFFAOYSA-N,5.20482,5.20482,True,True,False
SVQKKFWLVKQSLW-UHFFFAOYSA-N,5.451,5.451,True,True,False
OZQJWYBNHZBRBX-UHFFFAOYSA-N,5.97062,5.97062,True,True,False
WZWFOPHCKXYHRB-UHFFFAOYSA-N,6.37675,6.37675,True,True,False
MGUINACFKDKBAG-UHFFFAOYSA-N,5.4828,5.4828,True,True,False
SNTKDGFVGSABKO-UHFFFAOYSA-N,5.47237,5.47237,True,True,False
IRGOUNOQCFYPKQ-UHFFFAOYSA-N,5.81248,5.81248,True,True,False
GINLDVRWRYODAL-UHFFFAOYSA-N,5.9393,5.9393,True,True,False
FUKKZBFSDYCCEM-UHFFFAOYSA-N,5.48945,5.48945,True,True,False
MEWMDKQOKDBFDU-UHFFFAOYSA-N,5.43063,5.43063,True,True,False
DJOQLHNWCQJWEC-UHFFFAOYSA-N,5.85699,5.85699,True,True,False
HFMWEPXRFXLNCU-UHFFFAOYSA-N,6.02687,6.02687,True,True,False
DFSIBEALBHGSCF-UHFFFAOYSA-N,5.41341,5.41341,True,True,False
COVMUJMQUZUNFY-UHFFFAOYSA-N,5.4023,5.4023,True,True,False
JSFGIPDLRQSECN-UHFFFAOYSA-N,5.90309,5.90309,True,True,False
ZWYWKYOHGMFLIL-UHFFFAOYSA-N,5.9914,5.9914,True,True,False
QZCSMOSTPUEJNZ-UHFFFAOYSA-N,5.31426,5.31426,True,True,False
GJRMHIXYLGOZSE-HJOYEKEDSA-N,6.21467,6.21467,True,True,False
XATVGNRTOUJFHU-UHFFFAOYSA-N,5.69037,5.69037,True,True,False
IPJZSNUPIXZHAU-UHFFFAOYSA-N,5.77211,5.77211,True,True,False
UUZIPHVUUZOBHC-UHFFFAOYSA-N,5.73993,5.73993,True,True,False
QZRBOLHGJBENEV-UHFFFAOYSA-N,5.86328,5.86328,True,True,False
HZEOKPNLIUABIQ-UHFFFAOYSA-N,7.17393,7.17393,True,True,False
DYEFUKCXAQOFHX-UHFFFAOYSA-N,5.20761,5.01576,True,True,True
GDNYKZBBMBYGFY-UHFFFAOYSA-N,5.20761,5.20761,True,True,False
VCIWBDDYIOWPAI-UHFFFAOYSA-N,5.22915,5.22915,True,True,False
XHNYLCDQTSDLAN-UHFFFAOYSA-N,5.23657,5.23657,True,True,False
CJAJJMPCCMJBPF-UHFFFAOYSA-N,5.20066,5.20066,True,True,False
VMHLPSJKQKSYDH-UHFFFAOYSA-N,5.18709,5.18709,True,True,False
OPCLKGNUDFLWKI-UHFFFAOYSA-N,5.22185,5.22185,True,True,False
RYEDDRYHYDLXMW-UHFFFAOYSA-N,5.20066,5.20066,True,True,False
YEHFSSWVVCTEIL-UHFFFAOYSA-N,5.29243,5.29243,True,True,False
IPZGCQPSTXGNCD-UHFFFAOYSA-N,5.20761,5.20761,True,True,False
IWDIEKVSHZWZHN-UHFFFAOYSA-N,5.33724,5.33724,True,True,False
ZZYXEZHDTZEGCL-UHFFFAOYSA-N,5.17393,5.17393,True,True,False
WJTDBRSQCOOMQI-UHFFFAOYSA-N,5.19382,5.19382,True,True,False
VEFIYLBMXGJEDC-UHFFFAOYSA-N,5.26761,5.26761,True,True,False
ILFYOWGJBKEMSK-UHFFFAOYSA-N,5.25181,5.25181,True,True,False
SBUYGLZLKPSUAZ-UHFFFAOYSA-N,5.19382,5.19382,True,True,False
AQAZJOFHIHBSHN-UHFFFAOYSA-N,5.33724,5.33724,True,True,False
CSWHYHPUEDNIQY-UHFFFAOYSA-N,5.22915,5.22915,True,True,False
SSOOALFUMBNHRK-UHFFFAOYSA-N,5.10237,5.10237,True,True,False
PYCZOGYSNHGOEX-UHFFFAOYSA-N,5.12494,5.12494,True,True,False
GEWSWDQRMYUYDV-UHFFFAOYSA-N,5.00436,5.00436,True,True,False
KFZGLJSYQXZIGP-UHFFFAOYSA-N,5.13077,5.13077,True,True,False
UYHKPWBWEXXTRW-UHFFFAOYSA-N,5.23657,5.23657,True,True,False
FBPIHVVAHJTNMC-UHFFFAOYSA-N,5.20761,5.20761,True,True,False
IZSLOMAFSBIAQQ-UHFFFAOYSA-N,5.20066,5.20066,True,True,False
UFAZLVHMPFPAHH-UHFFFAOYSA-N,5.14874,5.14874,True,True,False
ODRJXAKDUXFICI-UHFFFAOYSA-N,5.13077,5.13077,True,True,False
RVBAUHGQSLEOSR-UHFFFAOYSA-N,5.09691,5.09691,True,True,False
WJFKNYWRSNBZNX-UHFFFAOYSA-N,5.13668,5.13668,True,True,False
BLMNXXGEDNNOQP-UHFFFAOYSA-N,6.52288,6.52288,True,True,False
OBQDVIVZFXUYBQ-UHFFFAOYSA-N,5.79317,5.79317,True,True,False
BIHHINRPCUFIJM-UHFFFAOYSA-N,6.06956,6.06956,True,True,False
JZJRNNWTYHSFGH-NSHDSACASA-N,7.70115,7.70115,True,True,False
YEUPQAFFNFOQJJ-UHFFFAOYSA-N,7.78569,7.78569,True,True,False
NTWUGWNPVACDLR-LBPRGKRZSA-N,7.64956,7.64956,True,True,False
LUSWQSMTZUPZOA-UHFFFAOYSA-N,7.91865,7.91865,True,True,False
FGLFSCKOWSXYQR-UHFFFAOYSA-N,7.77032,7.77032,True,True,False
VSKWWYNXPZTTMQ-UHFFFAOYSA-N,7.80079,7.80079,True,True,False
JCGJTFBZTOZPAF-JTQLQIEISA-N,6.87933,6.87933,True,True,False
XNDCARDVIREOCF-UHFFFAOYSA-N,8.14509,8.14509,True,True,False
VUTDSMCTIDTUEP-NSHDSACASA-N,6.9859,6.9859,True,True,False
QSMQIDSXAKBFRV-UHFFFAOYSA-N,7.51074,7.51074,True,True,False
ZALMTBIBEGCEJF-NSHDSACASA-N,7.55486,7.55486,True,True,False
JLIPZZZIHAMHFT-UHFFFAOYSA-N,7.43215,7.43215,True,True,False
AZPLXDBZIQMMMT-UHFFFAOYSA-N,5.00436,5.00436,True,True,False
BRSFFGZGURCVGX-UHFFFAOYSA-N,8.04576,8.04576,True,True,False
LQKGQMXOOLGDAM-YBFXNURJSA-N,5.81248,5.81248,True,True,False
ZEAXIVSYMLISJH-YBFXNURJSA-N,5.81248,5.81248,True,True,False
BXAOZDHJHXGRFU-XDHOZWIPSA-N,5.82391,5.82391,True,True,False
RLSKFCOIMMXSLS-CPNJWEJPSA-N,6.19654,6.19654,True,True,False
PIJDCHBRSITJLS-XDHOZWIPSA-N,5.66555,5.66555,True,True,False
LPMOTUSFDTTWJL-UDWIEESQSA-N,7.23657,7.23657,True,True,False
DPIFFAVGHCOCCC-DEDYPNTBSA-N,6.46597,6.46597,True,True,False
PBMKYXADBLYWBA-XSFVSMFZSA-N,5.82131,5.82131,True,True,False
CNIWTTNRVIMZIP-DEDYPNTBSA-N,7.36653,7.36653,True,True,False
VXQFGUJASGKRMS-VXLYETTFSA-N,6.12205,6.12205,True,True,False
JATSNZSQYDITNU-UDWIEESQSA-N,6.06905,6.06905,True,True,False
HCOZRFYGIFMIEX-UHFFFAOYSA-N,5.7122,5.7122,True,True,False
KOAPDMKKECXPHX-UHFFFAOYSA-N,5.73518,5.73518,True,True,False
IAXIHKJASWPASP-UHFFFAOYSA-N,5.88273,5.88273,True,True,False
XNMKFKNNXSUXRV-UHFFFAOYSA-N,5.19111,5.19111,True,True,False
WINHZLLDWRZWRT-ATVHPVEESA-N,5.23136,5.23136,True,True,False
CUIHSIWYWATEQL-UHFFFAOYSA-N,6.03152,6.03152,True,True,False
MDBSJGXOQHYGEI-CSKARUKUSA-N,6.273105,6.273105,True,True,False
ARNJIILWEVFCOO-CSKARUKUSA-N,5.77989,5.77989,True,True,False
GXZHJSKUOGHRTO-CMDGGOBGSA-N,6.49349,6.49349,True,True,False
UHIDUYIMHIAFLH-DHZHZOJOSA-N,5.65758,5.65758,True,True,False
UFQJPMAHMNYIOA-VQHVLOKHSA-N,5.797795000000001,5.797795000000001,True,True,False
YAWVNBSVSGFOGD-ZHACJKMWSA-N,5.57187,5.57187,True,True,False
IPNCANNCIDZOHY-VAWYXSNFSA-N,6.366475,6.366475,True,True,False
CEOUELPNODHWPJ-PKNBQFBNSA-N,6.4698,6.4698,True,True,False
KEKBOEROTGNXGK-PKNBQFBNSA-N,6.43202,6.43202,True,True,False
XIIIMLKJDCQWEW-ZHACJKMWSA-N,6.143045,6.143045,True,True,False
MJIJFTHVGZWODF-MDZDMXLPSA-N,6.63078,6.63078,True,True,False
PQXRJZJLERADCX-DHZHZOJOSA-N,5.48149,5.48149,True,True,False
YFJBXYWLXWUNPK-DHZHZOJOSA-N,6.44129,6.44129,True,True,False
IVQHLHDDUYVRFY-DHZHZOJOSA-N,6.47237,6.47237,True,True,False
PRZIVMZUOGFQQX-UHFFFAOYSA-N,5.27409,5.27409,True,True,False
PDZMHDSORBHDFP-UHFFFAOYSA-N,5.42022,5.42022,True,True,False
LZDWBBQKRMLWKK-UHFFFAOYSA-N,5.81248,5.81248,True,True,False
YIQUNQOTSWAGGT-UHFFFAOYSA-N,5.4437,5.4437,True,True,False
QZHMJQWRHNORFP-UHFFFAOYSA-N,5.33442,5.33442,True,True,False
AIGIECZGNBILAQ-UHFFFAOYSA-N,5.30627,5.30627,True,True,False
CAKSHRZUNPHCQP-UHFFFAOYSA-N,5.03339,5.03339,True,True,False
QTSKGKRAUSQIQD-UHFFFAOYSA-N,5.10513,5.10513,True,True,False
VQNHLBHTNLUGAW-UHFFFAOYSA-N,5.44855,5.44855,True,True,False
VITNUIFTUFCBDI-UHFFFAOYSA-N,5.1296,5.1296,True,True,False
PBCGIIRIOLOMJH-UHFFFAOYSA-N,5.07988,5.07988,True,True,False
WXTKBXGKRLFVQP-UHFFFAOYSA-N,5.89466,5.89466,True,True,False
RIRAXUJPOGFDFJ-UHFFFAOYSA-N,7.0942,7.0942,True,True,False
SORZLAJXYYGEIQ-UHFFFAOYSA-N,7.04624,7.04624,True,True,False
FFAOXMVJVQDCQO-UHFFFAOYSA-N,6.40894,6.40894,True,True,False
AIQDEPYUQBAQFT-UHFFFAOYSA-N,6.90309,6.90309,True,True,False
VVVHTKDUIOCALE-UHFFFAOYSA-N,6.50585,6.50585,True,True,False
KPKDJUQXQCVKAW-UHFFFAOYSA-N,6.33724,6.33724,True,True,False
MUOAMAUOYSSLJG-UHFFFAOYSA-N,5.88606,5.88606,True,True,False
KEOQUADZGRDLDB-UHFFFAOYSA-N,5.67778,5.67778,True,True,False
AKOGQQINMRSZAR-UHFFFAOYSA-N,6.74715,6.74715,True,True,False
XLSDMIVWGMAJHD-UHFFFAOYSA-N,6.04576,6.04576,True,True,False
FTRXEEOTFGUKHN-UHFFFAOYSA-N,7.42713,7.42713,True,True,False
HAZCMESEHYLZER-UHFFFAOYSA-N,7.66555,7.66555,True,True,False
CQTFNVLDNHGYMC-UHFFFAOYSA-N,6.96257,6.96257,True,True,False
QUCBXGWIZAVJDM-UHFFFAOYSA-N,7.05502,7.05502,True,True,False
YUVUWSUDMVTYOB-UHFFFAOYSA-N,7.94692,7.94692,True,True,False
XFLYZTYNYBFURZ-UHFFFAOYSA-N,7.73755,7.73755,True,True,False
XYGHSWJYJDPEQM-UHFFFAOYSA-N,8.15989,8.15989,True,True,False
MBQLAHYLZRKMBE-UHFFFAOYSA-N,6.59346,6.59346,True,True,False
JOSKSNIVZAEQFU-UHFFFAOYSA-N,6.03527,6.03527,True,True,False
WRJZOFVBFRGKHL-UHFFFAOYSA-N,6.66959,6.66959,True,True,False
GCQIEQKAWZGVLF-UHFFFAOYSA-N,5.9813,5.9813,True,True,False
QXCYDBYFEDOWQZ-UHFFFAOYSA-N,5.92996,5.92996,True,True,False
PPZMDFRSOSZTFY-UHFFFAOYSA-N,6.15366,6.15366,True,True,False
NHQAJSNDGMKMKP-UHFFFAOYSA-N,5.42022,5.42022,True,True,False
TXZOQRXGVMDJCJ-NTCAYCPXSA-N,5.45717,5.45717,True,True,False
DBXKIEJEFALTHY-SFQUDFHCSA-N,5.29031,5.29031,True,True,False
YJCCUEYVQUDUMO-DTQAZKPQSA-N,5.33068,5.33068,True,True,False
OSLSNUMCXBJEGP-WYMLVPIESA-N,5.22257,5.22257,True,True,False
SBRJGGDKKJIEFJ-FOWTUZBSSA-N,5.464415000000001,5.464415000000001,True,True,False
BVGVBFYFLUSQMK-FOWTUZBSSA-N,5.05899,5.05899,True,True,False
LJBLUDUXRGXMFJ-VQHVLOKHSA-N,6.00436,6.00436,True,True,False
NHFVKPVESFSIPR-MDZDMXLPSA-N,5.95078,5.95078,True,True,False
AHWHBOQIIOPNCM-PKNBQFBNSA-N,6.20066,6.20066,True,True,False
YCOGWPMXFGHUIP-FMIVXFBMSA-N,6.3098,6.3098,True,True,False
VQOPFBQAWVJAON-UHFFFAOYSA-N,5.01323,5.01323,True,True,False
ZAOLYIRFSLIUAV-UHFFFAOYSA-N,5.38722,5.38722,True,True,False
KBSUDEJPIPDJQN-UHFFFAOYSA-N,5.82391,5.82391,True,True,False
MFWCFENQSTYMSU-UHFFFAOYSA-N,5.48149,5.48149,True,True,False
DMOLFVGCLPCFQX-UHFFFAOYSA-N,7.5376,7.5376,True,True,False
ATRSFRGWPPYVGZ-UHFFFAOYSA-N,6.45593,6.45593,True,True,False
XGZDCBGAMNLKSW-UHFFFAOYSA-N,5.29243,5.29243,True,True,False
KHNVQJDWUHRVDK-UHFFFAOYSA-N,7.52288,7.52288,True,True,False
BRBGBGVHTZNKIS-UVTDQMKNSA-N,5.1945,5.1945,True,True,False
CSAKAVFIHSWIKC-PDGQHHTCSA-N,6.00877,6.00877,True,True,False
WPHKUMCSOVGQCK-GDNBJRDFSA-N,5.89963,5.89963,True,True,False
DQPVCSPAVCOSNM-DHZHZOJOSA-N,6.06048,6.06048,True,True,False
ZHTAQWCOSSSQEW-FMIVXFBMSA-N,5.0942,5.0942,True,True,False
UXCHLNWWKFZKMW-UHFFFAOYSA-N,6.61439,6.61439,True,True,False
QBOHSSFTEGRUFM-UHFFFAOYSA-N,7.05552,7.05552,True,True,False
XKRGRLGLKJEACL-UHFFFAOYSA-N,6.8962,6.8962,True,True,False
WJIWWKMTCQJEPQ-UHFFFAOYSA-N,7.49485,7.49485,True,True,False
WIBAQCAJLVMGFE-UHFFFAOYSA-N,7.26761,7.26761,True,True,False
MXYQBFFZAMEOHM-UHFFFAOYSA-N,7.38722,7.38722,True,True,False
RHZKAWSSJKSGEO-UHFFFAOYSA-N,7.01323,7.01323,True,True,False
CSYVGFFWWUUSDU-UHFFFAOYSA-N,6.9431,6.9431,True,True,False
VGQNXCDLTRSTAF-UHFFFAOYSA-N,5.54363,5.54363,True,True,False
AEVWXIOQXSMEOS-UHFFFAOYSA-N,5.31247,5.31247,True,True,False
MMBOOKVUXAQCOP-UHFFFAOYSA-N,5.67366,5.67366,True,True,False
SSYDSLPWPWZKOY-UHFFFAOYSA-N,5.2652,5.2652,True,True,False
MJYITRIIINQALM-UHFFFAOYSA-N,5.50724,5.50724,True,True,False
SQRIUXQNIAMKTL-UHFFFAOYSA-N,6.18575,6.18575,True,True,False
ACJJKDSOGZQROR-UHFFFAOYSA-N,5.71897,5.71897,True,True,False
HASPOWFDQOETTJ-UHFFFAOYSA-N,6.83268,6.83268,True,True,False
GMORXUFYAMIBNR-UHFFFAOYSA-N,6.94692,6.94692,True,True,False
ZBPKNQIMVQSMLB-UHFFFAOYSA-N,7.13668,7.13668,True,True,False
PFSOXGQUNSMPSU-UHFFFAOYSA-N,6.08938,6.08938,True,True,False
SKLIQILUFPGCDR-UHFFFAOYSA-N,6.70997,6.70997,True,True,False
NQXMJGWHWLUOTH-UHFFFAOYSA-N,6.05404,6.05404,True,True,False
QSLYRRWEPSEYKU-UHFFFAOYSA-N,5.70333,5.70333,True,True,False
JVZHCFKOAOKJII-UHFFFAOYSA-N,5.23807,5.23807,True,True,False
QWDLRZDIIOSNHC-UHFFFAOYSA-N,5.07417,5.07417,True,True,False
WMGXBRTXVLFOJR-ODBZBXGJSA-N,5.49214,5.49214,True,True,False
YYQJDQOYLBWLJL-POAOKBCDSA-N,5.71444,5.71444,True,True,False
IOHRSORAVBEFSF-ZZZAPRPPSA-N,5.49757,5.49757,True,True,False
LREPPWLUJRMJNW-HRTPUDOWSA-N,5.7986,5.7986,True,True,False
DGQSERSHMDMJHZ-JQMRRPHZSA-N,6.08092,6.08092,True,True,False
VBFXJAXVUROSKC-QQXSKIMKSA-N,5.74473,5.74473,True,True,False
QVPPFOAURSVYEA-IWIPYMOSSA-N,5.64397,5.64397,True,True,False
WKARSUCWLGJENG-RHANQZHGSA-N,6.00877,6.00877,True,True,False
VZVVNBLYLFQOEC-HMAPJEAMSA-N,5.96257,5.96257,True,True,False
XTZMIYZZPNSVNC-MYYYXRDXSA-N,5.86967,5.86967,True,True,False
RYBKTKCXYJVDPH-STZFKDTASA-N,5.82974,5.82974,True,True,False
WNYNQMDHMSRYKG-HMAPJEAMSA-N,5.99568,5.99568,True,True,False
RYHYUIJQYZLIHK-MYYYXRDXSA-N,6.13668,6.13668,True,True,False
HFXNFOSTKCPMIS-UHFFFAOYSA-N,7.36051,7.36051,True,True,False
DHTIEPUWNIRXPY-UHFFFAOYSA-N,8.01323,8.01323,True,True,False
QVMOLXHRHHMTTI-UHFFFAOYSA-N,7.73993,7.73993,True,True,False
INTOYXAUMDZZCK-UHFFFAOYSA-N,7.88941,7.88941,True,True,False
QVCWJIWRPGTNSS-UHFFFAOYSA-N,8.20761,8.20761,True,True,False
FZNAHZCVWVQRSJ-UHFFFAOYSA-N,8.88606,8.88606,True,True,False
LTIQFVDJDQJRPP-UHFFFAOYSA-N,5.0,5.0,True,True,False
ZGHYKEDJXGZSTQ-UHFFFAOYSA-N,7.48149,7.48149,True,True,False
MGDTVQGTXWJCKH-UHFFFAOYSA-N,6.73049,6.73049,True,True,False
DHIFHWRBNWLKSW-UHFFFAOYSA-N,6.6517,6.6517,True,True,False
HNIRSKKACUNWIE-UHFFFAOYSA-N,6.6925,6.6925,True,True,False
DEFMHIPKLZXSIY-UHFFFAOYSA-N,6.57025,6.57025,True,True,False
PRXIEXWZIFEMSH-UHFFFAOYSA-N,7.01773,7.01773,True,True,False
MQPRMCLMRNEVDW-UHFFFAOYSA-N,6.11464,6.11464,True,True,False
UYAZZCUMASYCFB-UHFFFAOYSA-N,6.25337,6.25337,True,True,False
VXPPQPQIZWGZFS-UHFFFAOYSA-N,5.94885,5.94885,True,True,False
MJVSWROHOTUJRM-UHFFFAOYSA-N,5.97675,5.97675,True,True,False
ZRAWAPXSUBHWOZ-UHFFFAOYSA-N,6.11351,6.11351,True,True,False
JVHJMNINROTJNZ-UHFFFAOYSA-N,6.04915,6.04915,True,True,False
YZMRPVFFYJXHFO-UHFFFAOYSA-N,5.86107,5.86107,True,True,False
NDLBUJGMFUWUJQ-UHFFFAOYSA-N,6.1209,6.1209,True,True,False
KNTBYQICJATPHP-UHFFFAOYSA-N,6.03668,6.03668,True,True,False
UVEJCHNQYXDGJT-UHFFFAOYSA-N,6.01278,6.01278,True,True,False
BKSCVKMNUKKMTH-UHFFFAOYSA-N,6.13727,6.13727,True,True,False
YFPHZYCWNBFAPL-UHFFFAOYSA-N,6.29757,6.29757,True,True,False
APLYXPPJQTTWEK-UHFFFAOYSA-N,6.47756,6.47756,True,True,False
HUXQSDVMBNLXGQ-UHFFFAOYSA-N,6.13549,6.13549,True,True,False
LNJYGCAFEIECPH-UHFFFAOYSA-N,5.95585,5.95585,True,True,False
KYOYTGGOMCXSQC-UHFFFAOYSA-N,6.34679,6.34679,True,True,False
MBLDQIHISLCSNE-UHFFFAOYSA-N,6.26761,6.26761,True,True,False
LMRUKUXUSXXRLD-UHFFFAOYSA-N,6.07469,6.07469,True,True,False
DCIFFTAOKNOUHO-UHFFFAOYSA-N,6.74958,6.74958,True,True,False
RNQQNUBOXVKVNM-UHFFFAOYSA-N,6.86646,6.86646,True,True,False
KZUGFMORYINOHI-UHFFFAOYSA-N,7.34679,7.34679,True,True,False
CJOKBSAEXRAEIR-UHFFFAOYSA-N,5.22475,5.22475,True,True,False
NKSOLADTIRLMCA-UHFFFAOYSA-N,5.51856,5.51856,True,True,False
HVGDAGZJUYPZPA-UHFFFAOYSA-N,5.16002,5.16002,True,True,False
DAAOIXZBUFXSNW-UHFFFAOYSA-N,5.73613,5.73613,True,True,False
JJIWBBUETGHMOL-UHFFFAOYSA-N,5.74958,5.74958,True,True,False
OHGAQBUPHRMCEV-UHFFFAOYSA-N,5.74666,5.74666,True,True,False
HSZBACZLZDUQOX-UHFFFAOYSA-N,5.71489,5.71489,True,True,False
VMOQBQJCSJPFBC-UHFFFAOYSA-N,5.73049,5.73049,True,True,False
VKLXDYMSDQZNBL-JQIJEIRASA-N,5.07572,5.07572,True,True,False
LVAPRXNJGUAWBC-FBMGVBCBSA-N,5.04818,5.04818,True,True,False
YCMQYVCSBIXFBB-CZIZESTLSA-N,5.00305,5.00305,True,True,False
SUHSTQZPQZATNC-FBMGVBCBSA-N,5.73755,5.73755,True,True,False
CEMCHKPKVITYSX-CZIZESTLSA-N,5.86646,5.86646,True,True,False
PQAFELCHIANEDB-FYWRMAATSA-N,5.7122,5.7122,True,True,False
RDISTOXSPWHYOS-ACCUITESSA-N,5.57349,5.57349,True,True,False
KUFZKQHKJGVJHQ-BMRADRMJSA-N,5.80688,5.80688,True,True,False
MTLAAHSBOUTZHH-FYWRMAATSA-N,5.49757,5.49757,True,True,False
GXMWXTXGYXFVDJ-FYWRMAATSA-N,5.1463,5.1463,True,True,False
YKHAIGLEUINAGM-JQIJEIRASA-N,5.31876,5.31876,True,True,False
MAZPMOOWHCJJOW-BMRADRMJSA-N,6.14874,6.14874,True,True,False
SCYGNMDNXKFRRE-HTXNQAPBSA-N,5.3851,5.3851,True,True,False
WYHMIVYQSACMED-WYMLVPIESA-N,5.57675,5.57675,True,True,False
GWVKNWGBCFHQGD-FYWRMAATSA-N,5.20691,5.20691,True,True,False
XYELBLVOUGSOOD-JQIJEIRASA-N,5.95468,5.95468,True,True,False
JPZBGYAKFYXSAQ-FBMGVBCBSA-N,5.53611,5.53611,True,True,False
NFUINQRBUABRIL-ACCUITESSA-N,5.29671,5.29671,True,True,False
QWBLOIWIJRGVSF-UHFFFAOYSA-N,5.54516,5.54516,True,True,False
UIYNBKZEXYKPIY-UHFFFAOYSA-N,5.82102,5.82102,True,True,False
VQICOKOVXNVBBA-UHFFFAOYSA-N,6.12494,6.12494,True,True,False
GIEJCGGPITUYIN-UHFFFAOYSA-N,5.65758,5.65758,True,True,False
KIKQXFWUWFWQLD-UHFFFAOYSA-N,5.76195,5.76195,True,True,False
ZIGIADNCAWZUAB-CTNGQTDRSA-N,6.95861,6.95861,True,True,False
AQBAEXVPMJRMEK-FBHDLOMBSA-N,6.1549,6.1549,True,True,False
JMSMSQFGNNCXFC-FBHDLOMBSA-N,5.87943,5.87943,True,True,False
GUEFWBGMYQHYFE-JJFYIABZSA-N,7.43063,7.43063,True,True,False
NPUJPCOYJUZEQX-FBHDLOMBSA-N,5.22185,5.22185,True,True,False
CIXOQJMFWVATNE-MUXKCCDJSA-N,5.17457,5.17457,True,True,False
SDHJLISGUOUYEM-UWVJOHFNSA-N,6.29243,6.29243,True,True,False
DRFSBESSKRBXBM-UHFFFAOYSA-N,5.0655,5.0655,True,True,False
JHYPOEYZLGFXQR-UHFFFAOYSA-N,5.08092,5.08092,True,True,False
FLDAYDCSQFECEJ-UHFFFAOYSA-N,5.06048,5.06048,True,True,False
TXJCFAYDADYYJH-UHFFFAOYSA-N,5.10237,5.10237,True,True,False
VKTRQOIHJBCMRN-UHFFFAOYSA-N,5.07058,5.07058,True,True,False
WVVLINPPZXEPNK-UHFFFAOYSA-N,5.12494,5.12494,True,True,False
VZCLQGIAEJZYJS-UHFFFAOYSA-N,5.25181,5.25181,True,True,False
MOIHFYGKSJRYIE-UHFFFAOYSA-N,5.14267,5.14267,True,True,False
MWOWSIYESYQDJH-UHFFFAOYSA-N,5.12494,5.12494,True,True,False
JRRZCALMUDMAKV-UHFFFAOYSA-N,5.10791,5.10791,True,True,False
ZCSQLTMELGWEIN-UHFFFAOYSA-N,5.19382,5.19382,True,True,False
ISNUVLPBKHDGCQ-UHFFFAOYSA-N,5.18046,5.18046,True,True,False
CAYWTKCBFPBSRM-UHFFFAOYSA-N,5.07058,5.07058,True,True,False
BSQRZHCDRKROCR-UHFFFAOYSA-N,5.12494,5.12494,True,True,False
POBOHPBOMIXXMU-UHFFFAOYSA-N,5.1549,5.1549,True,True,False
VFNGLFSCRLQIGD-UHFFFAOYSA-N,5.14267,5.14267,True,True,False
GIJJXBWHJXYRLM-UHFFFAOYSA-N,5.06048,5.06048,True,True,False
KIBDZBXFNYGLIL-UHFFFAOYSA-N,5.11919,5.11919,True,True,False
XBQWDVQOXXSCIB-UHFFFAOYSA-N,5.14267,5.14267,True,True,False
FPUNSMTXHBASTG-UHFFFAOYSA-N,5.14267,5.14267,True,True,False
RLWIYDVUQKJTSM-UHFFFAOYSA-N,5.0655,5.0655,True,True,False
BLBJFWLORCOHBS-UHFFFAOYSA-N,5.13077,5.13077,True,True,False
QDRAEXWSWSOQJD-UHFFFAOYSA-N,5.14267,5.14267,True,True,False
AMBHFJHBILUQIM-UHFFFAOYSA-N,5.13668,5.13668,True,True,False
XLBZMPCSCLBTGH-UHFFFAOYSA-N,5.13077,5.13077,True,True,False
VQKVYAIAPBPQEF-UHFFFAOYSA-N,5.1549,5.1549,True,True,False
FATQYLGZPDKQQL-UHFFFAOYSA-N,5.13668,5.13668,True,True,False
JSWJSFQSZOCUKU-UHFFFAOYSA-N,5.20066,5.20066,True,True,False
DWVMMOWLQGQFHO-UHFFFAOYSA-N,5.16749,5.16749,True,True,False
JMYLZKXFAKCSQR-UHFFFAOYSA-N,5.09691,5.09691,True,True,False
ZHDADBWRFGGICV-UHFFFAOYSA-N,5.11919,5.11919,True,True,False
DXTLABYQANGISE-UHFFFAOYSA-N,6.59688,6.59688,True,True,False
XZNDKAUHJQWCTR-AATRIKPKSA-N,5.05552,5.05552,True,True,False
MDXJIXIXYVKOEN-UHFFFAOYSA-N,5.88606,5.88606,True,True,False
CIHBFWGGJXFNKH-UHFFFAOYSA-N,6.09691,6.09691,True,True,False
ZRPZUGGLHWKONF-UHFFFAOYSA-N,5.19382,5.19382,True,True,False
DWSSZRKFQKPFIB-UHFFFAOYSA-N,5.18046,5.18046,True,True,False
BQVIUUDOHMPIGH-UHFFFAOYSA-N,5.18709,5.18709,True,True,False
IBJQDSCPPKPDCZ-UHFFFAOYSA-N,5.37675,5.37675,True,True,False
VYYOWKBDUQMHCO-UHFFFAOYSA-N,5.24413,5.24413,True,True,False
XSTOAKTXDFOBKX-UHFFFAOYSA-N,5.40894,5.40894,True,True,False
VUIISSUPVZMMGI-UHFFFAOYSA-N,5.36653,5.36653,True,True,False
XGHROOZLNALGLN-UHFFFAOYSA-N,5.39794,5.39794,True,True,False
MAFAISNXFRSCJB-UHFFFAOYSA-N,5.4437,5.4437,True,True,False
HNDAZVJZHUACSG-UHFFFAOYSA-N,5.27572,5.27572,True,True,False
CGXIOTWPJFYRNX-UHFFFAOYSA-N,5.23657,5.23657,True,True,False
VTUGXCZRGXSART-UHFFFAOYSA-N,5.35655,5.35655,True,True,False
ZWIYUBCAUDUSLA-JQIJEIRASA-N,5.41794,5.41794,True,True,False
NQJJXIHXKYJTFG-UHFFFAOYSA-O,7.38722,7.38722,True,True,False
UXXRHYNFNMKJKO-UHFFFAOYSA-N,6.36856,6.36856,True,True,False
ASPFGIJSPMICGX-UHFFFAOYSA-N,6.18509,6.18509,True,True,False
OOYNHOMEWFKIFQ-UHFFFAOYSA-O,6.16877,6.16877,True,True,False
OQTFGAPLIYDDDI-UHFFFAOYSA-N,8.23657,8.23657,True,True,False
SZDZCRACSHIWOZ-UHFFFAOYSA-N,7.59176,7.59176,True,True,False
MKDMFAQJDRUVFQ-UHFFFAOYSA-N,6.5817,6.5817,True,True,False
ZCRIJMJHFHJQDW-UHFFFAOYSA-N,7.04096,7.04096,True,True,False
QUWXVIQPKZAESI-UHFFFAOYSA-N,7.55752,7.55752,True,True,False
OAJIBEPXRANJSK-UHFFFAOYSA-N,7.52288,7.52288,True,True,False
PFASLSOBNPNVOU-UHFFFAOYSA-N,7.22185,7.22185,True,True,False
WGCUDLXQJIKMMP-UHFFFAOYSA-N,8.48545,8.48545,True,True,False
SQPBPOPGUFYZGO-UHFFFAOYSA-N,7.74473,7.74473,True,True,False
OOVWJKDNMPDEIH-UHFFFAOYSA-N,7.85387,7.85387,True,True,False
DAIAFJXGDWYUNT-UHFFFAOYSA-N,8.05552,8.05552,True,True,False
RCDHLIBZXYWMNZ-UHFFFAOYSA-N,7.74473,7.74473,True,True,False
LNSPEKLNBMYCKH-UHFFFAOYSA-N,8.53462,8.53462,True,True,False
RCRQOFLAAVCAGE-UHFFFAOYSA-N,7.43771,7.43771,True,True,False
YHZLWNOQTNOLTB-UHFFFAOYSA-N,7.69897,7.69897,True,True,False
FRMYHFABGOUZJS-UHFFFAOYSA-N,5.65758,5.65758,True,True,False
JHMQETKRNMIKSU-UHFFFAOYSA-N,6.09691,6.09691,True,True,False
RUXUXXGSLJSRTL-UHFFFAOYSA-N,6.22185,6.22185,True,True,False
FKNJQDQMEVFNQX-UHFFFAOYSA-N,7.04576,7.04576,True,True,False
WYIYLVMTBPAZLA-ZDUSSCGKSA-N,5.09691,5.09691,True,True,False
WYMSBXTXOHUIGT-UHFFFAOYSA-N,8.0,8.0,True,True,False
UNTPCKJZSHNGQS-UHFFFAOYSA-N,5.3851,5.3851,True,True,False
NXGXFBUVFBAPHZ-UHFFFAOYSA-N,5.67778,5.67778,True,True,False
UKBXFMXMWOETML-UHFFFAOYSA-N,5.18046,5.18046,True,True,False
KDAWBOVUSUFITH-UHFFFAOYSA-N,6.10791,6.10791,True,True,False
HETICUKJHJRLDA-UHFFFAOYSA-N,5.1343,5.1343,True,True,False
CFFDQXIMLVONET-UHFFFAOYSA-N,5.45967,5.45967,True,True,False
GAHQTUGIHSTVHS-UHFFFAOYSA-N,5.17393,5.17393,True,True,False
YHZXHXHCQKEXCC-XGFZBELQSA-N,6.11919,6.11919,True,True,False
MWEAKHOVJKHXJC-FVZYHINPSA-N,7.65758,7.65758,True,True,False
UCJOMTSRQPQWLO-UDWIEESQSA-N,8.46852,8.46852,True,True,False
BLNXPNHAXPHDBZ-YBFXNURJSA-N,9.09691,9.09691,True,True,False
JCLXYRYKVIAWAI-VXLYETTFSA-N,8.5376,8.5376,True,True,False
FRLDRKDNJCBXKL-YBFXNURJSA-N,8.38722,8.38722,True,True,False
SUKGEQOUVPURIK-CIAFOILYSA-N,8.23657,8.23657,True,True,False
ZCHUOVADEIQRLY-CIAFOILYSA-N,8.39794,8.39794,True,True,False
MHUOHSWDRJFQQV-CIAFOILYSA-N,7.73049,7.73049,True,True,False
ONCWKZYZTPVQLL-YBFXNURJSA-N,8.42022,8.42022,True,True,False
VNHHOROPXPPNCP-VXLYETTFSA-N,8.284,8.284,True,True,False
CPAJOYHAWZUZKW-YBFXNURJSA-N,7.15677,7.15677,True,True,False
BGJYSEVLGDJLES-VXLYETTFSA-N,8.4437,8.4437,True,True,False
XGQDJPKSSXWVTG-YBFXNURJSA-N,7.22548,7.22548,True,True,False
VDDAQULAKJCUMT-UHFFFAOYSA-O,5.11805,5.11805,True,True,False
SFMBSJPYTWPKHS-UHFFFAOYSA-N,5.34679,5.34679,True,True,False
SCUZHSPGCIXUKX-UHFFFAOYSA-N,5.92082,5.92082,True,True,False
VKGYDOYSYVLFIR-UHFFFAOYSA-N,6.16749,6.16749,True,True,False
ALODLRYLTVWWDS-UHFFFAOYSA-N,6.55284,6.55284,True,True,False
NPQZWFHXMBANFC-UHFFFAOYSA-N,5.4318,5.4318,True,True,False
BUFPKICHFJPEEE-UHFFFAOYSA-N,6.22915,6.22915,True,True,False
RUOKEQAAGRXIBM-GFCCVEGCSA-N,7.72125,,True,False,False
KISPTSIXDBWEIX-UHFFFAOYSA-N,6.52288,6.52288,True,True,False
WWUYJYQWEXMWHM-UHFFFAOYSA-O,6.1549,6.1549,True,True,False
RHZSWMSVLIQKIA-UHFFFAOYSA-N,5.61979,5.61979,True,True,False
WQRBOFIVDUAUAR-UHFFFAOYSA-N,5.72125,5.72125,True,True,False
INCQLZYLDCIBAL-ACCUITESSA-N,5.36653,5.36653,True,True,False
MHXPBDRJBLYRCN-UHFFFAOYSA-O,5.74473,5.74473,True,True,False
CWDCAJCPFYCQET-UHFFFAOYSA-O,5.76955,5.76955,True,True,False
PKAYWNWAGJBXDY-PKNBQFBNSA-N,5.79588,5.79588,True,True,False
RSAQFSRIDLFGLM-JXMROGBWSA-N,5.55284,5.55284,True,True,False
NEOWNATTXBQULQ-UHFFFAOYSA-N,6.30103,6.30103,True,True,False
YXPJLJSKNPNGNF-UHFFFAOYSA-O,5.82391,5.82391,True,True,False
UIMXUBOPCRXDAL-UHFFFAOYSA-N,6.1549,6.1549,True,True,False
VPFTUQWUYNNLFE-UHFFFAOYSA-N,5.85387,5.85387,True,True,False
VHCLPJJSLILRLH-UHFFFAOYSA-N,5.67778,5.67778,True,True,False
VJWLNNQRIDSKDX-UHFFFAOYSA-N,6.39794,6.39794,True,True,False
FHBVLLLZGIEOFB-UHFFFAOYSA-N,6.22185,6.22185,True,True,False
SJTQWZKOFBNYJK-XYOKQWHBSA-N,5.35655,5.35655,True,True,False
JIQUVNFLHUAJFM-XYOKQWHBSA-N,5.61979,5.61979,True,True,False
LFBXOORKQOCIDD-UHFFFAOYSA-N,6.0,6.0,True,True,False
ZWFOJIJIVGKMKC-UHFFFAOYSA-N,5.60206,5.60206,True,True,False
ZFUFASXRXFBKDR-UHFFFAOYSA-N,5.37675,5.37675,True,True,False
BTDVKDAIQDCWJD-UHFFFAOYSA-O,5.35655,5.35655,True,True,False
DZPIKUQKFUQZQZ-UHFFFAOYSA-N,5.63827,5.63827,True,True,False
XFEJPTLRXOZZDA-GDLZYMKVSA-N,6.05061,6.05061,True,True,False
TXMSSTXNRQZQDT-SANMLTNESA-N,5.3019,5.3019,True,True,False
TXMSSTXNRQZQDT-AREMUKBSSA-N,5.52288,5.52288,True,True,False
APDPXKPLRPNYCX-QHCPKHFHSA-N,6.11919,6.11919,True,True,False
OSBMBUVYRFZYLM-VWLOTQADSA-N,5.19382,5.19382,True,True,False
ORJDLJRUUNFZIZ-VWLOTQADSA-N,6.07058,6.07058,True,True,False
ORJDLJRUUNFZIZ-RUZDIDTESA-N,6.30103,6.30103,True,True,False
FBUMKRRRONRQCL-MHZLTWQESA-N,5.72125,5.72125,True,True,False
MLLNAYHUDYUGTJ-HKBQPEDESA-N,5.51713,5.51713,True,True,False
WRHFBOQIYDLZNC-PMERELPUSA-N,6.05061,6.05061,True,True,False
KDPLPOQPJKJMKU-UHFFFAOYSA-N,7.20066,7.20066,True,True,False
AVWUGHMJDIEZKS-UHFFFAOYSA-N,5.90309,5.90309,True,True,False
WHDUCSUAYGOQMD-UHFFFAOYSA-N,7.40894,7.40894,True,True,False
XPJGDAJASRRBFQ-UHFFFAOYSA-N,5.86328,5.86328,True,True,False
FWPLGZMQIQEXSV-UHFFFAOYSA-N,6.84013,6.84013,True,True,False
PXKRGHFHMWRIDZ-UHFFFAOYSA-N,6.70006,6.70006,True,True,False
MHNHNRZYXRGIGR-UHFFFAOYSA-N,6.69001,6.69001,True,True,False
QGFJHTJOCAHXRT-UHFFFAOYSA-N,7.04998,7.04998,True,True,False
ZEYPYYXWRIPCET-UHFFFAOYSA-N,6.58004,6.58004,True,True,False
YQIQREWAWUPUCT-UHFFFAOYSA-N,6.77006,6.77006,True,True,False
XEAAZTYTACFHPW-UHFFFAOYSA-N,6.40001,6.40001,True,True,False
HNIKWNCSGCNTIO-UHFFFAOYSA-N,7.10002,7.10002,True,True,False
GUFOJPCMBULHAJ-UHFFFAOYSA-N,7.32003,7.32003,True,True,False
LVQOYSSNRSANSB-UHFFFAOYSA-N,7.34998,7.34998,True,True,False
HINFHDUPIIXJBB-UHFFFAOYSA-N,6.64001,6.64001,True,True,False
VEQQFZBLQJIEBI-OHONCRFWSA-N,5.05799,5.05799,True,True,False
GEVLJZUKYNVIEQ-QFNPKNIHSA-N,5.03953,5.03953,True,True,False
CYXSZGQGRZPZSF-IFMSNOOTSA-N,5.40012,5.40012,True,True,False
CYXSZGQGRZPZSF-JNBUQWCCSA-N,5.14448,5.14448,True,True,False
ANPNJITWNOVMBT-XTGWXULMSA-N,5.05404,5.05404,True,True,False
DQRJIPTWWDIFBI-UHFFFAOYSA-N,5.23284,5.23284,True,True,False
ZOGKYTDDIJKAQP-YBFXNURJSA-N,5.31158,5.31158,True,True,False
LCWJAHTZACCSBC-YBFXNURJSA-N,7.85387,7.85387,True,True,False
IVWHCJWPOJBTGB-UHFFFAOYSA-N,6.14874,6.14874,True,True,False
VOIMPDXOQJYVDI-WNRNVDISSA-N,5.21467,5.21467,True,True,False
YPGLQZHTOGJODD-UHFFFAOYSA-N,5.05306,5.05306,True,True,False
IRZDPXVHGNXLGP-UHFFFAOYSA-N,5.08092,5.08092,True,True,False
KZSCJDQFJGAFHT-UHFFFAOYSA-N,5.49894,5.49894,True,True,False
GYKWZSDTWSSKLM-UHFFFAOYSA-N,5.39362,5.39362,True,True,False
DSFLCZDOVKMNEJ-UHFFFAOYSA-N,6.18842,6.18842,True,True,False
NXDHXDOGBRDRPD-UHFFFAOYSA-N,5.21042,5.21042,True,True,False
OREXPKXXVJHBIG-UHFFFAOYSA-N,6.11976,6.11976,True,True,False
KCHQKPAJDQOEDE-UHFFFAOYSA-N,6.81531,6.81531,True,True,False
NQDGCGNKNJWZHP-UHFFFAOYSA-N,6.27572,6.27572,True,True,False
IURNUQXLRLZNBM-YLAFAASESA-N,7.50864,,True,False,False
LVOCVOINJLTJBN-UHFFFAOYSA-N,7.95861,7.95861,True,True,False
UJNOXEIFYNSQPF-UHFFFAOYSA-N,6.56067,6.56067,True,True,False
WOVKOTAVAGGWDJ-UHFFFAOYSA-N,7.65365,7.65365,True,True,False
AXIZSOSOOLEFSM-UHFFFAOYSA-N,6.61547,6.61547,True,True,False
HXYXAQPAPPYGSB-UHFFFAOYSA-O,6.42159,6.42159,True,True,False
PWTNUHLFPUEOFC-UHFFFAOYSA-O,6.04876,6.04876,True,True,False
ZUKMNALKBKPUEP-UHFFFAOYSA-O,5.03306,5.03306,True,True,False
ZHJJSKSXVVYKIY-UHFFFAOYSA-O,5.73025,5.73025,True,True,False
HWZBTWWMRJDMIF-UHFFFAOYSA-O,6.04769,6.04769,True,True,False
PTZFJFZJNAURGQ-UHFFFAOYSA-N,7.15927,7.15927,True,True,False
FONXTPRAHMZUFI-UHFFFAOYSA-O,7.74232,7.74232,True,True,False
DHBVPDNLRAIJMT-UHFFFAOYSA-N,6.84315,6.84315,True,True,False
KWLSUDYDZUXRGE-UHFFFAOYSA-N,6.67778,6.67778,True,True,False
IXJNEFYONZZHLV-UHFFFAOYSA-N,6.25493,6.25493,True,True,False
FWIYQNZCOPHEQL-UHFFFAOYSA-N,6.24565,6.24565,True,True,False
SSBRVQLFUQYUIS-UHFFFAOYSA-N,6.51215,6.51215,True,True,False
GXBABYCGVYRTDT-UHFFFAOYSA-N,6.95664,6.95664,True,True,False
MKUOCPBSADYCLT-UHFFFAOYSA-N,8.0,8.0,True,True,False
ISOJSTQQWFZFEQ-UHFFFAOYSA-N,7.25571,7.25571,True,True,False
OTIRNKFTUNIWRV-UHFFFAOYSA-N,7.36653,7.36653,True,True,False
UBEWDAZDEWQEMO-UHFFFAOYSA-N,7.53018,7.53018,True,True,False
WMDZFQSWUOFIIT-UHFFFAOYSA-N,7.14874,7.14874,True,True,False
GAISCLYYZFHDOC-UHFFFAOYSA-N,7.61979,7.61979,True,True,False
YEPNSNZDXAJYIE-UHFFFAOYSA-N,7.67778,7.67778,True,True,False
MSGCCJOTRQRVSD-UHFFFAOYSA-O,6.93367,6.93367,True,True,False
CZZJEWJXUQCNIT-UHFFFAOYSA-O,8.56864,8.56864,True,True,False
LUHJQZYRFKLLIY-UHFFFAOYSA-N,7.43063,7.43063,True,True,False
CRFBTACSAUOZGA-UHFFFAOYSA-N,7.78252,7.78252,True,True,False
WBXLGRPEPUDTKJ-UHFFFAOYSA-N,9.4437,9.4437,True,True,False
XQGGLAABIKOXNO-UHFFFAOYSA-N,6.767,6.767,True,True,False
BOPFNLKYSPIFLY-UHFFFAOYSA-N,6.0348,6.0348,True,True,False
HMFPNGCVUHYYTQ-UHFFFAOYSA-N,6.46279,6.46279,True,True,False
JEGKSGQGZBQTIZ-UHFFFAOYSA-N,5.27254,5.27254,True,True,False
ZAJSOHVCTIJVQN-UHFFFAOYSA-N,6.21467,6.21467,True,True,False
PIJXULBIDVGVGN-UHFFFAOYSA-N,6.67778,6.67778,True,True,False
ZOCBBCHDTYVHNA-UHFFFAOYSA-N,7.56864,7.56864,True,True,False
WPNZIORZRPYVSP-UHFFFAOYSA-N,6.5376,6.5376,True,True,False
WEZSRIHVUUPAKP-UHFFFAOYSA-N,5.93554,5.93554,True,True,False
AYCMSQHGVRSOEG-UHFFFAOYSA-N,5.70115,5.70115,True,True,False
XLGODKFAPAATHI-UHFFFAOYSA-N,6.3279,6.3279,True,True,False
NCDMSUYCDGOQGE-UHFFFAOYSA-N,6.05061,6.05061,True,True,False
XWDQBUKIHCYZSV-UHFFFAOYSA-N,5.7122,5.7122,True,True,False
NNQNLVYNOGMKMH-GGUWWXLASA-N,5.07572,5.07572,True,True,False
AOVYIEMYIRFGEJ-UHFFFAOYSA-N,6.81248,6.81248,True,True,False
GYRQDJJXSXVSSO-UHFFFAOYSA-O,7.23657,7.23657,True,True,False
BGGSTNHPCNTNBR-UHFFFAOYSA-O,7.69897,7.69897,True,True,False
DJGQKHHVVMWQAU-UHFFFAOYSA-O,7.52288,7.52288,True,True,False
LRMBKIUNXDAEMV-UHFFFAOYSA-O,7.03152,7.03152,True,True,False
KUPGBDOWCRCWEO-UHFFFAOYSA-O,7.69897,7.69897,True,True,False
HDUVPKXTUYUIIV-UHFFFAOYSA-O,7.11351,7.11351,True,True,False
XGKVMUUOYBZEKD-UHFFFAOYSA-O,6.50307,6.50307,True,True,False
FIPLNKOSALQNQE-UHFFFAOYSA-O,5.93554,5.93554,True,True,False
QVTLTOVJHONAJB-UHFFFAOYSA-N,7.4318,7.4318,True,True,False
LFGCRRHRHMMUPN-UHFFFAOYSA-N,8.22185,8.22185,True,True,False
RIXYCWGCLUQKNA-UHFFFAOYSA-N,5.11691,5.11691,True,True,False
GLVAOWPNTIXLJA-UHFFFAOYSA-N,5.5157,5.5157,True,True,False
HCMONNLOJLHXAS-UHFFFAOYSA-N,5.08725,5.08725,True,True,False
YEFWMAZIZIXJFI-UHFFFAOYSA-N,5.27737,5.27737,True,True,False
RTYBGCWRXWDNEV-UHFFFAOYSA-N,7.42829,7.42829,True,True,False
LLXJPNQWAGNDDN-UHFFFAOYSA-N,5.86646,5.86646,True,True,False
KWDIMUXCEPISSB-UHFFFAOYSA-N,5.87943,5.87943,True,True,False
ZGKSUSLLHGSKSG-UHFFFAOYSA-N,6.03905,6.03905,True,True,False
ZEGHJDQNAWLYBT-UHFFFAOYSA-N,6.10182,6.10182,True,True,False
LAFJKVROFSQGPO-UHFFFAOYSA-N,6.03339,6.03339,True,True,False
IXVWXMHLIKJMLG-UHFFFAOYSA-N,9.29243,9.29243,True,True,False
HXSIJHFGWIQULU-UHFFFAOYSA-N,10.54729,10.54729,True,True,False
OTUPYIRPZHVJBH-UHFFFAOYSA-N,10.58153,10.58153,True,True,False
CDSXZKIEHDOCCP-UHFFFAOYSA-N,10.72285,10.72285,True,True,False
HWQNLRVXPNDUKY-UHFFFAOYSA-N,10.87844,10.87844,True,True,False
DXSOTJFLEFYBEJ-UHFFFAOYSA-N,10.84924,10.84924,True,True,False
DWPXWBWEQAPZMW-UHFFFAOYSA-N,10.84134,10.84134,True,True,False
ZYANMUOGHHKYJT-UHFFFAOYSA-N,10.96059,10.96059,True,True,False
ANYIWHFTTOMQKM-UHFFFAOYSA-N,10.67902,10.67902,True,True,False
QRHIIIKMYDTQEI-UHFFFAOYSA-N,10.86902,10.86902,True,True,False
GUWMYOCCFDGLCR-UHFFFAOYSA-N,10.53195,10.53195,True,True,False
BSTDXNRTONCMRM-UHFFFAOYSA-N,10.77676,10.77676,True,True,False
ZSMOZYHRLHHZSY-UHFFFAOYSA-N,10.58637,10.58637,True,True,False
ZEUAMOKVUUJYCM-UHFFFAOYSA-N,10.66595,10.66595,True,True,False
QUFGTPYSVLYXQC-UHFFFAOYSA-N,8.5784,8.5784,True,True,False
CSHQXRFENGZQAM-UHFFFAOYSA-N,8.79048,8.79048,True,True,False
RFJOKGIIFYOSLX-UHFFFAOYSA-N,8.64782,8.64782,True,True,False
KAQFXSGSNQJYSZ-UHFFFAOYSA-N,6.45346,6.45346,True,True,False
BBBDMVQFKWOHPN-UHFFFAOYSA-N,7.18509,7.18509,True,True,False
YEQXVVSCJCAGCN-UHFFFAOYSA-N,7.38091,7.38091,True,True,False
RDJYPEQKOFLDSU-UHFFFAOYSA-N,7.43297,7.43297,True,True,False
KYEOIBNAXBQIIL-UHFFFAOYSA-N,7.451,7.451,True,True,False
DBRDRUNIMYQHRB-UHFFFAOYSA-N,7.07779,7.07779,True,True,False
XXWKFTXCPBFORX-UHFFFAOYSA-N,6.60206,6.60206,True,True,False
MXIWEACZSLWUNJ-UHFFFAOYSA-N,7.10735,7.10735,True,True,False
DHPPKOMQWCJTCC-UHFFFAOYSA-N,6.89076,6.89076,True,True,False
QUKIDURQJXXGLR-UHFFFAOYSA-N,6.66254,6.66254,True,True,False
HZUIZIMBKPSMMN-UHFFFAOYSA-N,6.63827,6.63827,True,True,False
JLYIDWRSRDJZRN-UHFFFAOYSA-N,5.96778,5.96778,True,True,False
JSRJKSWBGDRGCG-UHFFFAOYSA-N,5.23657,5.23657,True,True,False
XWYLEVNGSMGPPA-UHFFFAOYSA-N,5.48945,5.48945,True,True,False
CMCUYOUITXXJIA-UHFFFAOYSA-N,5.18709,5.18709,True,True,False
KNINRYGFSSXZLA-UHFFFAOYSA-N,5.33442,5.33442,True,True,False
NXGXSRJQERFLRS-UHFFFAOYSA-N,5.13906,5.13906,True,True,False
HKPNHUAZURUPMZ-UHFFFAOYSA-N,5.51713,5.51713,True,True,False
FBMQROMIUKCEIV-UHFFFAOYSA-N,5.55909,5.55909,True,True,False
SIOOQAQHGMCZBA-UHFFFAOYSA-N,5.73283,5.73283,True,True,False
HVTXLPYMZKCXHD-UHFFFAOYSA-N,5.49214,5.49214,True,True,False
NANDDLAEPXKMHJ-GXDHUFHOSA-N,5.266,5.266,True,True,False
IXTWYODPRCKMGS-RVDMUPIBSA-N,5.07988,5.07988,True,True,False
VUICJISLOSHCML-UHFFFAOYSA-N,7.77469,7.77469,True,True,False
IIPHMRRBNSABHE-UHFFFAOYSA-N,7.51286,7.51286,True,True,False
NLUCFDWSIZAJOW-UHFFFAOYSA-N,8.11862,8.11862,True,True,False
ABTANIOYSSLHPL-UHFFFAOYSA-N,6.27737,6.27737,True,True,False
MKVRLRPVYJXCMO-UHFFFAOYSA-N,6.92445,6.92445,True,True,False
QUSVCPDTRANDHH-UHFFFAOYSA-N,8.38828,8.38828,True,True,False
OHIUTRCFRLCSIV-UHFFFAOYSA-N,6.63639,6.63639,True,True,False
WELYXMQWLDVBEU-UHFFFAOYSA-N,7.33348,7.33348,True,True,False
JDAXIWBYOWTFLG-UHFFFAOYSA-N,7.5867,7.5867,True,True,False
QEFYWXQDHADMAB-UHFFFAOYSA-N,7.87615,7.87615,True,True,False
GIXIYLOKYKETBF-UHFFFAOYSA-N,7.17653,7.17653,True,True,False
KMZLIUYTTDFDDT-UHFFFAOYSA-N,8.27491,8.27491,True,True,False
PGXWNRJZBFQJBN-UHFFFAOYSA-N,7.43533,7.43533,True,True,False
WSPCNBULOYNLKA-UHFFFAOYSA-N,7.61798,7.61798,True,True,False
YCPMQTFIOCKGEL-UHFFFAOYSA-N,7.97469,7.97469,True,True,False
YJLNHZBJXDIDAF-UHFFFAOYSA-N,7.59688,7.59688,True,True,False
BYPMOXKLMWETND-UHFFFAOYSA-N,7.67366,7.67366,True,True,False
BQFXCCNHGAEHME-UHFFFAOYSA-N,6.50864,6.50864,True,True,False
KKAIOBSUMOSSIY-UHFFFAOYSA-N,6.25414,6.25414,True,True,False
DHEIFLNTYDIUHL-VHEBQXMUSA-N,6.96497,6.96497,True,True,False
FNEGRPYNMCMCTH-FOCLMDBBSA-N,7.18575,7.18575,True,True,False
OBXCJDDMEPVENQ-UHFFFAOYSA-N,6.92445,6.92445,True,True,False
ZGACJRITTJMLJD-UHFFFAOYSA-N,7.28651,7.28651,True,True,False
YFVYBUDUJCAOHJ-UHFFFAOYSA-N,7.02641,7.02641,True,True,False
SKNXOZMELLESMQ-UHFFFAOYSA-N,6.74473,6.74473,True,True,False
QEYUTNWPWKWLIR-UHFFFAOYSA-N,7.04769,7.04769,True,True,False
MXLDMFKZOSQDCE-UHFFFAOYSA-N,7.37779,7.37779,True,True,False
DTAVPFOKFGJGTE-UHFFFAOYSA-N,7.12784,7.12784,True,True,False
YKNBDIOCHDAMFY-UHFFFAOYSA-N,6.11464,6.11464,True,True,False
GHSCLZBQMFGTOK-UHFFFAOYSA-N,6.7122,6.7122,True,True,False
JXQZTEXAQLHFFG-UHFFFAOYSA-N,6.7122,6.7122,True,True,False
HBWDGMCCLIOMLX-UHFFFAOYSA-N,6.53313,6.53313,True,True,False
BHRKGYUZWSOCAN-UHFFFAOYSA-N,6.30892,6.30892,True,True,False
KVDGLEHCVWVBQY-UHFFFAOYSA-N,6.88941,6.88941,True,True,False
ARPJWCQYPTWXJZ-UHFFFAOYSA-N,6.72816,6.72816,True,True,False
SGRUENDUBYUMQG-UHFFFAOYSA-N,5.81531,5.81531,True,True,False
XKEZTSHHHMECRM-UHFFFAOYSA-N,5.0,5.0,True,True,False
VSRZSFOTYXXDHK-UHFFFAOYSA-N,5.09583,5.09583,True,True,False
ZSHSEWWPKNLRHP-UHFFFAOYSA-N,5.02228,5.02228,True,True,False
NAVQOCQBNUXPCV-UHFFFAOYSA-N,5.64975,5.64975,True,True,False
DUIQBBIIFBGGSF-UHFFFAOYSA-N,5.5784,5.5784,True,True,False
AEGVBHAVNJPGMI-VULFUBBASA-N,5.63827,5.63827,True,True,False
ZYZHKFUXMOZNNW-FRNPJSNVSA-N,5.50864,5.50864,True,True,False
PYBQPMPMHPWQPE-SKULXOHFSA-N,5.58503,5.58503,True,True,False
WNMJYKCGWZFFKR-UHFFFAOYSA-N,7.74473,7.74473,True,True,False
BZEWSEKUUPWQDQ-UHFFFAOYSA-N,6.74232,6.74232,True,True,False
VRBKIVRKKCLPHA-UHFFFAOYSA-N,5.98422,5.98422,True,True,False
CNIWTTNRVIMZIP-MOSHPQCFSA-N,7.35556,7.35556,True,True,False
YKOCNDOHGCGTRO-UYRXBGFRSA-N,7.52578,7.52578,True,True,False
XRCNYIUXDHNUNU-UYRXBGFRSA-N,7.67366,7.67366,True,True,False
YPSKYNKEQAAUJV-HAHDFKILSA-N,7.48945,7.48945,True,True,False
JRVMVHDNABIRIF-MOSHPQCFSA-N,7.83268,7.83268,True,True,False
KMGYPQZJZPNGND-UHFFFAOYSA-N,5.89963,5.89963,True,True,False
ZYRSYRWGMJCJBA-UHFFFAOYSA-N,5.85078,5.85078,True,True,False
LXCYBYBVIQAOJW-UHFFFAOYSA-N,5.13847,5.13847,True,True,False
WYPXVHAHDLVPFA-UHFFFAOYSA-N,5.21396,5.21396,True,True,False
YMWXRPAGHCBLJY-UHFFFAOYSA-N,5.84771,5.84771,True,True,False
QVABANWNMXGOAK-UHFFFAOYSA-N,5.44977,5.44977,True,True,False
UWTPHLBHBPMCCU-UHFFFAOYSA-N,7.42022,7.42022,True,True,False
MONBJAXTKVHFAY-UHFFFAOYSA-N,7.63827,7.63827,True,True,False
WPOYFQFVGWXOSQ-UHFFFAOYSA-N,8.4437,8.4437,True,True,False
ONFMFCHPRZDMSB-UHFFFAOYSA-N,8.67778,8.67778,True,True,False
BHHVWPMBOQGGMM-UHFFFAOYSA-N,7.65758,7.65758,True,True,False
XYSJVXMQSXKJCN-UHFFFAOYSA-N,8.19382,8.19382,True,True,False
PAFLSTUCWRQLGI-UHFFFAOYSA-N,8.20066,8.20066,True,True,False
XZBJACSADMRYGX-UHFFFAOYSA-N,6.88606,6.88606,True,True,False
NPERTJUHSMWYIC-UHFFFAOYSA-N,6.52288,6.52288,True,True,False
GFBYPYUSXALYJS-UHFFFAOYSA-N,6.23657,6.23657,True,True,False
XSHPNZOYFVHBMS-UHFFFAOYSA-N,6.50864,6.50864,True,True,False
APTCUMFGOJPFRU-XUXGFYSXSA-N,6.22915,6.22915,True,True,False
JZZKXVYRWZYYQR-UHFFFAOYSA-N,8.75007,8.75007,True,True,False
XNMKRMFEACCDMN-UHFFFAOYSA-N,8.70006,8.70006,True,True,False
CBCQQFGLTZEOPX-UHFFFAOYSA-N,5.97,5.97,True,True,False
VEWFPIVRMZCDAK-UHFFFAOYSA-N,5.4828,5.4828,True,True,False
MKLRZKCKJQKVTL-UHFFFAOYSA-N,5.65365,5.65365,True,True,False
GKANVRNYWJDGIW-UHFFFAOYSA-N,9.02228,9.02228,True,True,False
DSHGUFMOWQBTEN-UHFFFAOYSA-N,8.90309,8.90309,True,True,False
VMTDFPOABMLNGK-UHFFFAOYSA-N,7.27572,7.27572,True,True,False
MHMXFYDLGYPRNA-HOTGVXAUSA-N,9.36653,9.36653,True,True,False
PEOGEDONFNSDPX-DTQAZKPQSA-N,6.18243,6.18243,True,True,False
CZGKNDHIUAGCOG-OBGWFSINSA-N,5.4828,5.4828,True,True,False
GGWONWDLXWAMAR-ZBJSNUHESA-N,5.73283,5.73283,True,True,False
RZIFWXQCOPSVBA-YYADALCUSA-N,5.32606,5.32606,True,True,False
NZTDLGONIXHANG-FOWTUZBSSA-N,5.85078,5.85078,True,True,False
OYAMBDAIKGEMDJ-UHFFFAOYSA-N,7.48149,7.48149,True,True,False
JMDBKECFYDECCX-UHFFFAOYSA-N,9.0,9.0,True,True,False
FNWAXDURVJXKPC-YCRREMRBSA-N,5.06048,5.06048,True,True,False
DLWNTPFPPXXHTP-VQHVLOKHSA-N,5.03386,5.03386,True,True,False
KBZUPJLEMFHZKF-YCRREMRBSA-N,5.12901,5.12901,True,True,False
FAISWNPDVIRIIE-WEVVVXLNSA-N,5.29243,5.29243,True,True,False
ZXLVCFXOIDADKY-VQHVLOKHSA-N,5.22257,5.22257,True,True,False
DLYAUIKDSPJOME-PKNBQFBNSA-N,5.06854,5.06854,True,True,False
SKUJQZRDBDIJFM-WUXMJOGZSA-N,5.11464,5.11464,True,True,False
DDUFGWDEOCTMRD-NTUHNPAUSA-N,5.2652,5.2652,True,True,False
RCCZHOOFHQOKDI-UKTHLTGXSA-N,5.04624,5.04624,True,True,False
POTPHPIXODXBIT-ONNFQVAWSA-N,5.03058,5.03058,True,True,False
RWWUPRRLFJLESJ-VZUCSPMQSA-N,5.451,5.451,True,True,False
FIOCFZWNVLEJQA-YRNVUSSQSA-N,6.01323,6.01323,True,True,False
LCTAOJAKRLVNOM-PKNBQFBNSA-N,5.43297,5.43297,True,True,False
GBKQJDFYZNSJDL-FMIVXFBMSA-N,5.6073,5.6073,True,True,False
HLGHMUDEPXBDGR-PKNBQFBNSA-N,5.35164,5.35164,True,True,False
QCTYJZYINRYADE-WUXMJOGZSA-N,6.0655,6.0655,True,True,False
PRWQMSVROFPTIC-NTUHNPAUSA-N,5.9431,5.9431,True,True,False
ORSNNXRGLXTNEX-UKTHLTGXSA-N,5.00568,5.00568,True,True,False
ZEECVMGYSURPEN-ACCUITESSA-N,5.45967,5.45967,True,True,False
OMBXBKGUDIMNQL-JXMROGBWSA-N,6.67778,6.67778,True,True,False
MSPFDBFICJXJLT-VQHVLOKHSA-N,5.22768,5.22768,True,True,False
XUJCBCJNHZXJCY-ONNFQVAWSA-N,5.91364,5.91364,True,True,False
IRXOULORBNCFOC-VZUCSPMQSA-N,6.04096,6.04096,True,True,False
JRQGALQTHYTIML-YRNVUSSQSA-N,6.67778,6.67778,True,True,False
JCGRBDHQHKNQJU-PKNBQFBNSA-N,6.13077,6.13077,True,True,False
MOQQZFPQHVEHKY-UHFFFAOYSA-N,5.0,5.0,True,True,False
NNJPSKCGFBHMTD-UHFFFAOYSA-N,5.33724,5.33724,True,True,False
ABWKLFAGXDXGFC-UHFFFAOYSA-N,5.3098,5.3098,True,True,False
PPANJQUMADIAMO-UHFFFAOYSA-N,5.67778,5.67778,True,True,False
AZZOSPOHDDQAFO-UHFFFAOYSA-N,5.47991,5.47991,True,True,False
ROYYPPPACDMYJY-JTQLQIEISA-N,5.49309,5.49309,True,True,False
BILZMGRMIJNPTH-UHFFFAOYSA-N,6.20761,6.20761,True,True,False
FYEQJLDNQJUZMM-UHFFFAOYSA-N,6.76955,6.76955,True,True,False
AZLXAYYWUXDYQA-UHFFFAOYSA-N,5.9393,5.9393,True,True,False
FBFKJAVMNOHJDT-UHFFFAOYSA-N,5.78516,5.78516,True,True,False
SULOYNMFUTYGFY-UHFFFAOYSA-N,6.34679,6.34679,True,True,False
NWLCFCJTFBZULK-UHFFFAOYSA-N,6.52288,6.52288,True,True,False
SEVMHMBWJUMZRY-UHFFFAOYSA-N,6.05552,6.05552,True,True,False
HTHMAPYWBARTFD-UHFFFAOYSA-N,6.95861,6.95861,True,True,False
OZAWXAOXPMUIGP-UHFFFAOYSA-N,7.63827,7.63827,True,True,False
PPHUUQGGAWURKS-UHFFFAOYSA-N,6.4318,6.4318,True,True,False
GYJZBBWGLRANDB-UHFFFAOYSA-N,5.38405,5.38405,True,True,False
GWSXEQILOPSURJ-UHFFFAOYSA-N,7.33724,7.33724,True,True,False
JJLKMCMOKOTMJV-UHFFFAOYSA-N,6.23657,6.23657,True,True,False
RNXAJDXEDORTNS-UHFFFAOYSA-N,6.49485,6.49485,True,True,False
IWMNPLRLJRDNCG-UHFFFAOYSA-N,7.38722,7.38722,True,True,False
ONXNRNIGCHXJJM-UHFFFAOYSA-N,7.67778,7.67778,True,True,False
MYWJWRCXIVJIOX-UHFFFAOYSA-N,7.48149,7.48149,True,True,False
QSZSCUZHHCRPOC-UHFFFAOYSA-N,7.04096,7.04096,True,True,False
RVBIUDMTBMMGLC-UHFFFAOYSA-N,6.76955,6.76955,True,True,False
FOEMWEVHSFNASA-UHFFFAOYSA-N,6.06048,6.06048,True,True,False
ADKJHJNFROJLTD-UHFFFAOYSA-N,6.95861,6.95861,True,True,False
CZMZUNUZUGWCRN-UHFFFAOYSA-N,7.25181,7.25181,True,True,False
HLYHYHXLXCHNNE-UHFFFAOYSA-N,5.83565,5.83565,True,True,False
SOTHYLMUQRADIY-UHFFFAOYSA-N,5.44249,5.44249,True,True,False
TVAFVIMAUJSJNE-UHFFFAOYSA-N,6.52288,6.52288,True,True,False
RRMUDFYHNZUTFN-UHFFFAOYSA-N,5.12552,5.12552,True,True,False
LPAILSHOHFNZBM-UHFFFAOYSA-N,6.18046,6.18046,True,True,False
HWFAMARPORWDKE-UHFFFAOYSA-N,5.62709,5.62709,True,True,False
UUECOJIIJDTIAC-UHFFFAOYSA-N,6.01323,6.01323,True,True,False
WHBAVQJRUINPTH-UHFFFAOYSA-N,5.20066,5.20066,True,True,False
YQDALLBKLTWBJF-UHFFFAOYSA-N,5.46597,5.46597,True,True,False
SSSYJOIFOJYAAD-OUKQBFOZSA-N,5.6517,5.6517,True,True,False
BAJOYHCPUXVMBH-UHFFFAOYSA-N,5.61261,5.61261,True,True,False
SRMMNLDVKTUNCR-UHFFFAOYSA-N,5.86012,5.86012,True,True,False
RXFASTRSJRIBEQ-JLHYYAGUSA-N,5.67366,5.67366,True,True,False
PTGRNZYASAEVPN-OUKQBFOZSA-N,5.60033,5.60033,True,True,False
ITOHYYQDWVLDKH-OUKQBFOZSA-N,5.6968,5.6968,True,True,False
RXSZVSISAHLZBD-VAWYXSNFSA-N,6.12494,6.12494,True,True,False
CTWWCIRKFWZLQA-ZHACJKMWSA-N,5.87615,5.87615,True,True,False
DVRSLUOCBYPMQA-FMIVXFBMSA-N,6.00877,6.00877,True,True,False
SIBXURDGGQDAOC-JXMROGBWSA-N,5.74958,5.74958,True,True,False
PIAQBVLTUJMIOG-CSKARUKUSA-N,5.79048,5.79048,True,True,False
IXKCDKJHBGONNW-VAWYXSNFSA-N,5.61261,5.61261,True,True,False
RYQSPKQMKQUAEH-ZHACJKMWSA-N,5.59517,5.59517,True,True,False
VQWLSGGGBVCZAH-FMIVXFBMSA-N,5.41908,5.41908,True,True,False
HTVDGYVAZPIPJH-ZHACJKMWSA-N,5.46092,5.46092,True,True,False
UIDJKYIGMUKBSW-VAWYXSNFSA-N,5.55596,5.55596,True,True,False
DANIUTWEXULISV-UHFFFAOYSA-N,6.3279,6.3279,True,True,False
YCQJXONOYVGKOF-UHFFFAOYSA-N,8.60206,8.60206,True,True,False
KYDRQPDEAFLWHH-UHFFFAOYSA-N,9.52288,9.52288,True,True,False
KGFCDQGKQARIBX-UHFFFAOYSA-N,8.85387,8.85387,True,True,False
PFHHTCZAEAYBFZ-UHFFFAOYSA-N,8.69897,8.69897,True,True,False
QCLKADUVPRHWRU-UHFFFAOYSA-N,8.88606,8.88606,True,True,False
TYMUTPUANLZRMT-UHFFFAOYSA-N,8.85387,8.85387,True,True,False
HMJSYJOCHJOOKM-HMMYKYKNSA-N,6.10791,6.10791,True,True,False
RDXMXMFYYIGFGR-NTCAYCPXSA-N,5.49485,5.49485,True,True,False
NRSCUZWEMZYPRV-UHFFFAOYSA-N,5.420109999999999,5.420109999999999,True,True,False
ZJLQVNQXVJLIGI-UHFFFAOYSA-N,6.05776,6.05776,True,True,False
GHSNUWWKAOQNSM-UHFFFAOYSA-N,5.91541,5.91541,True,True,False
KLTSFNXPVWLHSI-OBGWFSINSA-N,8.56864,8.56864,True,True,False
BZVFMSQUPBFGSK-UHFFFAOYSA-N,6.85387,6.85387,True,True,False
AKHUHXLIAAFKEN-UHFFFAOYSA-N,5.85387,5.85387,True,True,False
QLFPNOYDCBXGNI-UHFFFAOYSA-N,6.07572,6.07572,True,True,False
IEMVOQOAOQXSRB-UHFFFAOYSA-N,6.05061,6.05061,True,True,False
NBANFZDFABUAHK-UHFFFAOYSA-N,5.88606,5.88606,True,True,False
OYUDOWGNEYPOED-UHFFFAOYSA-N,6.0655,6.0655,True,True,False
XOEFPFRIFYUXTJ-UHFFFAOYSA-N,6.31876,6.31876,True,True,False
DUUYHLUSDHATNS-UHFFFAOYSA-N,7.03905,7.03905,True,True,False
MPSZYPNQOASYLS-UHFFFAOYSA-N,6.56067,6.56067,True,True,False
BXNNACCQTQBSOO-UHFFFAOYSA-N,7.69037,7.69037,True,True,False
JWNWVBYZLJCIIB-UHFFFAOYSA-N,7.54061,7.54061,True,True,False
CPQKZLNBCUOHCW-UHFFFAOYSA-N,7.87615,7.87615,True,True,False
JBJVWRHVBXWURS-UHFFFAOYSA-N,7.29243,7.29243,True,True,False
MIGORCBCNUSMCM-UHFFFAOYSA-N,7.02687,7.02687,True,True,False
NAPNJRUKMMPNCH-UHFFFAOYSA-N,6.14509,6.14509,True,True,False
DZXRSFAKIAKMMD-UHFFFAOYSA-N,7.39794,7.39794,True,True,False
WGHVGXHVNKORID-UHFFFAOYSA-N,7.07366,7.07366,True,True,False
BWHJWVZOPVYSAH-UHFFFAOYSA-N,6.58403,6.58403,True,True,False
OCRVFOOHQXMKBB-UHFFFAOYSA-N,6.25259,6.25259,True,True,False
ICALDSOVJLIENB-UHFFFAOYSA-N,6.87615,6.87615,True,True,False
WQEXQLNOSVQQKJ-UHFFFAOYSA-N,5.18709,5.18709,True,True,False
BOTHFECTSJELMD-UHFFFAOYSA-N,7.85387,7.85387,True,True,False
LEPYXEMBDAEDMH-UHFFFAOYSA-N,5.61979,5.61979,True,True,False
BFMCRDMUZOAUJR-UHFFFAOYSA-N,5.30103,5.30103,True,True,False
XKQZQFKGCCBLCH-UHFFFAOYSA-N,5.79588,5.79588,True,True,False
CAUGRGPIGSATHE-LFVJCYFKSA-N,5.56384,5.56384,True,True,False
UWFZXJWPNDCUOE-UXHLAJHPSA-N,6.04576,6.04576,True,True,False
MZMUBKIIIBTNQJ-KBVAKVRCSA-N,5.15304,5.15304,True,True,False
LCNLCVGYIKOJAW-FDAWAROLSA-N,5.42597,5.42597,True,True,False
QOCIGUHOSOHOPZ-FDAWAROLSA-N,5.63827,5.63827,True,True,False
WVIMROQHKDFMRR-KBVAKVRCSA-N,5.39469,5.39469,True,True,False
HUDWJNHJOKPRKI-OCSSWDANSA-N,5.97881,5.97881,True,True,False
VNUMIBCAIFARQP-OCSSWDANSA-N,5.83565,5.83565,True,True,False
UPFUAMRNRBIMEV-FDAWAROLSA-N,5.97881,5.97881,True,True,False
DVNIYUWNPGFHPL-KBVAKVRCSA-N,5.95468,5.95468,True,True,False
ACCSWVGAMRADDI-UHFFFAOYSA-N,6.21467,6.21467,True,True,False
HSUWPQYTIZQCMM-UHFFFAOYSA-N,6.10458,6.10458,True,True,False
RERMGBWFFCPWCM-UHFFFAOYSA-N,6.24336,6.24336,True,True,False
RBXHQVFVPFTMCX-UHFFFAOYSA-N,6.53313,6.53313,True,True,False
GHGXCYPXBDQVRC-UHFFFAOYSA-N,6.66154,6.66154,True,True,False
ZNKBYJMHBTUJRQ-UHFFFAOYSA-N,5.23882,5.23882,True,True,False
WJZURRJVYGWLGY-UHFFFAOYSA-N,6.01728,6.01728,True,True,False
YVKJKOIRYVRHGO-UKTHLTGXSA-N,7.51286,7.51286,True,True,False
XCEUHRXQIRAKKN-RVDMUPIBSA-N,7.5817,7.5817,True,True,False
WIXYVLRIZYZCIN-UHFFFAOYSA-N,8.44249,8.44249,True,True,False
XDSJIKQHXRQOIP-KNTRCKAVSA-N,7.21753,7.21753,True,True,False
VLBMEFQKZXFPCO-FBMGVBCBSA-N,7.25885,7.25885,True,True,False
FRHTWDFXZBLZBU-UHFFFAOYSA-N,8.72125,8.72125,True,True,False
CCGIYZLQUZJLKH-UHFFFAOYSA-N,8.28819,8.28819,True,True,False
MBXWWOQMVCKTJD-UHFFFAOYSA-N,5.87943,5.87943,True,True,False
RHGMPEQTBDUBAP-UHFFFAOYSA-N,5.54061,5.54061,True,True,False
DSYOYHCOKSRCCB-UHFFFAOYSA-N,5.05502,5.05502,True,True,False
RPGKZHKRCUTZJJ-UHFFFAOYSA-N,5.28067,5.28067,True,True,False
QWWFKMFYKDRACG-UHFFFAOYSA-N,5.14086,5.14086,True,True,False
XQQWLYKHCORLFB-UHFFFAOYSA-N,5.24795,5.24795,True,True,False
DETGCLIOJUVWEZ-UHFFFAOYSA-N,5.04096,5.04096,True,True,False
DWTAGOLVNDKSRI-UHFFFAOYSA-N,6.70997,6.70997,True,True,False
OJODVAHCAIUCKZ-UHFFFAOYSA-N,8.38616,8.38616,True,True,False
FQFLPZZATVCNLA-UHFFFAOYSA-N,5.74473,5.74473,True,True,False
YKEPKFWKYHJUNN-UHFFFAOYSA-N,5.82391,5.82391,True,True,False
RUDKRUDNBKIVLP-UHFFFAOYSA-N,8.89997,8.89997,True,True,False
ZVJIYGXYCVEXOA-UHFFFAOYSA-N,8.50004,8.50004,True,True,False
BLVUOIKRKMBLEC-UHFFFAOYSA-N,7.50004,7.50004,True,True,False
GWZNJBBWDDNMOZ-UHFFFAOYSA-N,8.19997,8.19997,True,True,False
UTGZBXOXPAIMOK-UHFFFAOYSA-N,8.70006,8.70006,True,True,False
UIKPRYUVBQFRSX-UHFFFAOYSA-N,7.10002,7.10002,True,True,False
GMPFGFALXNLDAY-UHFFFAOYSA-N,8.50004,8.50004,True,True,False
YWNNZVOAUVSVFF-UHFFFAOYSA-N,8.0,8.0,True,True,False
BQKOWNFTPBQPCP-UHFFFAOYSA-N,8.10002,8.10002,True,True,False
IMOLICJGVYGXAG-UHFFFAOYSA-N,7.70006,7.70006,True,True,False
KVXNLJPGYFESSM-UHFFFAOYSA-N,7.19997,7.19997,True,True,False
QWAXIXJFJWHJOJ-UHFFFAOYSA-N,7.0,7.0,True,True,False
KATPQNPJPWWNSE-UHFFFAOYSA-N,6.4,6.4,True,True,False
GJNQPCWPXQPEOZ-UHFFFAOYSA-N,7.10002,7.10002,True,True,False
LPFRQQSAVVOOFW-FYJGNVAPSA-N,5.83121,5.83121,True,True,False
PQHHHZGJZDSJDP-CIAFOILYSA-N,6.21538,6.21538,True,True,False
DHQHCSROVOIZIA-UHFFFAOYSA-N,7.0,7.0,True,True,False
UPDJYWZNZKMPDX-SRZZPIQSSA-N,5.98297,5.98297,True,True,False
KRJKXHMZSOYNPZ-UHFFFAOYSA-N,7.5376,7.5376,True,True,False
WZYKETQNVWSQLW-UHFFFAOYSA-N,6.66555,6.66555,True,True,False
HEPJUELRSNLABC-UHFFFAOYSA-N,6.77469,6.77469,True,True,False
UHCNDWKIQWKBPR-UHFFFAOYSA-N,6.34294,6.34294,True,True,False
KABZVCNOZFGCQY-UHFFFAOYSA-N,6.29585,6.29585,True,True,False
AZMKNSQZSVBTKB-UHFFFAOYSA-N,6.84771,6.84771,True,True,False
HHMHVPYNIQVEKU-UHFFFAOYSA-N,6.266,6.266,True,True,False
WJKHUZSNGGHVOF-UHFFFAOYSA-N,6.86044,6.86044,True,True,False
MJZWGMRLOIJCMD-UHFFFAOYSA-N,6.27165,6.27165,True,True,False
MRFSMIRSXXECOJ-UTFQDXCBSA-N,5.08619,5.08619,True,True,False
UKIGXRPAJQOYHR-UHFFFAOYSA-N,6.31876,6.31876,True,True,False
NDDYCWJCTGXGIS-UHFFFAOYSA-N,6.4437,6.4437,True,True,False
USYRQXDHKXGTCK-UHFFFAOYSA-N,6.07572,6.07572,True,True,False
FNTHJTUPRVAXFZ-UHFFFAOYSA-N,6.284,6.284,True,True,False
GJARULZXVOTKRA-CCDWMCETSA-N,8.37675,8.37675,True,True,False
KVFYASGAAUBFSE-UHFFFAOYSA-N,7.42022,7.42022,True,True,False
JRYNVBKKSAGWOO-UHFFFAOYSA-N,6.87615,6.87615,True,True,False
OUNZLBTXEMRQQC-UHFFFAOYSA-N,9.09691,9.09691,True,True,False
BNBWNJAILLASJW-PMERELPUSA-N,7.86328,7.86328,True,True,False
BNBWNJAILLASJW-SSEXGKCCSA-N,8.02228,8.02228,True,True,False
BNBWNJAILLASJW-UHFFFAOYSA-N,7.9431,7.9431,True,True,False
ZETZOOFGTLYZGU-UHFFFAOYSA-N,7.62709,7.62709,True,True,False
JFZKYPJKWAMWMK-UHFFFAOYSA-N,7.2321,7.2321,True,True,False
IDMGTGWKKYHBFA-UHFFFAOYSA-N,7.68194,7.68194,True,True,False
IZGHBNGGZIMGSC-UHFFFAOYSA-N,9.13668,9.13668,True,True,False
MSZVAOQNSCIOAB-UHFFFAOYSA-N,8.13077,8.13077,True,True,False
MSZVAOQNSCIOAB-RUZDIDTESA-N,8.16115,8.16115,True,True,False
GFMYQRNZXTUENT-QFIPXVFZSA-N,5.24413,5.24413,True,True,False
FRUHEQBKJAVKNR-QHCPKHFHSA-N,5.88606,5.88606,True,True,False
ODGYOTYMWFEDPR-VWLOTQADSA-N,6.20761,6.20761,True,True,False
PIQLGTWEYNORDA-SANMLTNESA-N,6.02687,6.02687,True,True,False
YYMUQEIOHNQFHD-MHZLTWQESA-N,6.00877,6.00877,True,True,False
BMKLRTWRKHBPOD-NDEPHWFRSA-N,5.88606,5.88606,True,True,False
LNSAIWZSMKGWEC-NRFANRHFSA-N,6.79588,6.79588,True,True,False
KEGGORLMXIOPRP-QFIPXVFZSA-N,7.1549,7.1549,True,True,False
WKYCVHHGPCFKPD-QHCPKHFHSA-N,7.20761,7.20761,True,True,False
XBJIRKNODSWCBD-DEOSSOPVSA-N,7.11919,7.11919,True,True,False
MSZVAOQNSCIOAB-VWLOTQADSA-N,8.20066,8.20066,True,True,False
OMSRHGDYMHUMTI-SANMLTNESA-N,7.72125,7.72125,True,True,False
UOCRSSGPPUIQOX-MHZLTWQESA-N,7.30103,7.30103,True,True,False
IAWFZVSZFNIINF-NRFANRHFSA-N,6.13668,6.13668,True,True,False
QEILUNIAOIINON-QFIPXVFZSA-N,6.23657,6.23657,True,True,False
JKAMSUWXIOJFTB-QHCPKHFHSA-N,5.88606,5.88606,True,True,False
CYZAREYILAFECL-DEOSSOPVSA-N,6.49485,6.49485,True,True,False
UJZHPVYTIDIEKK-SANMLTNESA-N,6.92082,6.92082,True,True,False
HRGIMFWURMHSRX-MHZLTWQESA-N,7.11919,7.11919,True,True,False
AMKXSJPNKIFVBS-UHFFFAOYSA-N,6.60206,6.60206,True,True,False
ZNFVRQSXKUHURV-UHFFFAOYSA-N,5.01323,5.01323,True,True,False
LZRROHVTKKVZEE-UHFFFAOYSA-N,5.01323,5.01323,True,True,False
DFRKMFTYHPJZPY-UHFFFAOYSA-N,5.02687,5.02687,True,True,False
REUPXWMWDMMODN-MHWRWJLKSA-N,7.02641,7.02641,True,True,False
VCFKBYXCFDZGGP-UHFFFAOYSA-N,7.4318,7.4318,True,True,False
AKCQVKULWVLHMR-UHFFFAOYSA-N,7.09691,7.09691,True,True,False
NGGRBSLMIDZMRP-UHFFFAOYSA-N,7.25964,7.25964,True,True,False
NPIBXWJMYNWBHM-UHFFFAOYSA-N,6.82974,6.82974,True,True,False
VIPFRQXJBJUMLE-UHFFFAOYSA-N,6.50724,6.50724,True,True,False
ZHOBXFDNJYCWOK-UHFFFAOYSA-N,6.9914,6.9914,True,True,False
SIVGBONSDGNUGI-UHFFFAOYSA-N,7.14813,7.14813,True,True,False
ZZPNBPQPJRVOMS-VCHYOVAHSA-N,7.24489,7.24489,True,True,False
ZKQGSSZNZGKUHL-XDHOZWIPSA-N,7.38722,7.38722,True,True,False
RBBODLPAWOESCD-VCHYOVAHSA-N,7.10292,7.10292,True,True,False
OFYBBBZAJKDRIN-WOJGMQOQSA-N,6.76422,6.76422,True,True,False
ALVSUYDOTINZNT-VCHYOVAHSA-N,6.64589,6.64589,True,True,False
MPZOWFXNJLLYIO-WOJGMQOQSA-N,6.86934,6.86934,True,True,False
JGGXMRCFUJMMJT-GZTJUZNOSA-N,6.94157,6.94157,True,True,False
NMUYXKGDKIKNFS-LICLKQGHSA-N,7.30277,7.30277,True,True,False
SFVHAIDUIJGMSM-CXUHLZMHSA-N,6.66555,6.66555,True,True,False
BJQFTULFEHYYFF-LICLKQGHSA-N,6.82189,6.82189,True,True,False
VJCSKCRTROHSRP-CXUHLZMHSA-N,6.7607,6.7607,True,True,False
IGKXKYWBWJLCKO-WOJGMQOQSA-N,7.07572,7.07572,True,True,False
ISVNQARPXSBWBP-CXUHLZMHSA-N,6.55846,6.55846,True,True,False
SEDROBTYPDYXTC-UHFFFAOYSA-N,7.25806,7.25806,True,True,False
DOFZSIJMSZOTTG-UHFFFAOYSA-N,7.20761,7.20761,True,True,False
PRJLAHGUHLUZIL-UHFFFAOYSA-N,5.67551,5.67551,True,True,False
JDMMDHVJRHVVMQ-UHFFFAOYSA-N,5.58436,5.58436,True,True,False
ZDESNDWWUUVJLG-UHFFFAOYSA-N,6.39794,6.39794,True,True,False
NKKAMUQXVHRNQH-UHFFFAOYSA-N,5.16115,5.16115,True,True,False
PPCLZSQPGRUGBH-UHFFFAOYSA-N,5.1349,5.1349,True,True,False
XORLKAVTXLAHSI-UHFFFAOYSA-N,5.4045,5.4045,True,True,False
GTJVRLSLZZLTQZ-UHFFFAOYSA-N,5.37469,5.37469,True,True,False
FFRRFBBXYMQKCX-UHFFFAOYSA-N,5.3098,5.3098,True,True,False
WAMFQMXOUNENQQ-UHFFFAOYSA-N,5.30803,5.30803,True,True,False
OCKGFTQIICXDQW-ZEQRLZLVSA-N,5.00261,5.00261,True,True,False
RWRXVWVTDMVZPB-UHFFFAOYSA-N,6.14874,6.14874,True,True,False
WUVQDFKBUGKFCX-UHFFFAOYSA-N,5.92082,5.92082,True,True,False
SNVYJMWDDMTGPN-UHFFFAOYSA-N,6.20761,6.20761,True,True,False
NQBDQXKOFMTXFA-UHFFFAOYSA-N,6.07058,6.07058,True,True,False
AYNXCVSHNGEPCV-UHFFFAOYSA-N,6.22915,6.22915,True,True,False
KAYKWKOWEOGULE-UHFFFAOYSA-N,6.95861,6.95861,True,True,False
KYNUDYSVLRIHRE-UHFFFAOYSA-N,6.14267,6.14267,True,True,False
KPAHTAFRNBMJNE-UHFFFAOYSA-N,5.4318,5.4318,True,True,False
YWXGLRXKEHBFPE-UHFFFAOYSA-N,5.38722,5.38722,True,True,False
DWFUTZFPGPEXNL-UHFFFAOYSA-N,5.63827,5.63827,True,True,False
KWYMUFDXOHWFJH-UHFFFAOYSA-N,5.39794,5.39794,True,True,False
PEZATUMKVOFZTR-UHFFFAOYSA-N,5.61979,5.61979,True,True,False
CSEFTIOVIZHTNF-UHFFFAOYSA-N,5.65758,5.65758,True,True,False
ZZWIYXVNVZCOSL-UHFFFAOYSA-N,5.76955,5.76955,True,True,False
VOWMHOISFVDLCZ-UHFFFAOYSA-N,5.65758,5.65758,True,True,False
ANHVBBGBJUVDKT-LPYMAVHISA-N,5.88606,5.88606,True,True,False
UUWGJQGTYROTGL-KGENOOAVSA-N,5.5376,5.5376,True,True,False
KKXQSDTWYAMGIF-LPYMAVHISA-N,5.88606,5.88606,True,True,False
ZCUFEVHIUABIOG-KGENOOAVSA-N,5.82391,5.82391,True,True,False
QOHKCTPBTRSARF-ZVHZXABRSA-N,6.0,6.0,True,True,False
AXJYQEFCPXMBGY-ZVHZXABRSA-N,6.35655,6.35655,True,True,False
COVOFUSTFFLTKA-XSFVSMFZSA-N,6.04576,6.04576,True,True,False
RPRMFIFIXJKQNV-RCCKNPSSSA-N,5.35655,5.35655,True,True,False
NGERANTYJBWJKM-DEDYPNTBSA-N,5.58503,5.58503,True,True,False
MMNQEFJTQDLXSH-XSFVSMFZSA-N,5.31876,5.31876,True,True,False
FMRVKMBYBQMTPS-XSFVSMFZSA-N,5.55284,5.55284,True,True,False
VVQPLYAHXAZPHF-HMMYKYKNSA-N,5.67778,5.67778,True,True,False
ARLFGJNFOMNXIQ-UHFFFAOYSA-N,6.12494,6.12494,True,True,False
QBSKCKXTLASIRW-UHFFFAOYSA-N,6.11351,6.11351,True,True,False
RCNPQETVOMKGRM-UHFFFAOYSA-N,6.08092,6.08092,True,True,False
DCOKCSRXAPRZJS-UHFFFAOYSA-N,6.4318,6.4318,True,True,False
OLVVWVXHBQTZRY-UHFFFAOYSA-N,5.9914,5.9914,True,True,False
NIYJGHRSFITDCK-UHFFFAOYSA-N,5.95078,5.95078,True,True,False
CKIUOHBAAOVIJX-UHFFFAOYSA-N,5.49621,5.49621,True,True,False
SWXGPRWGTHKINF-UHFFFAOYSA-N,5.86012,5.86012,True,True,False
BTQWMWXRHHEZLJ-UHFFFAOYSA-N,5.96257,5.96257,True,True,False
UFCCFJLCKHGETC-UHFFFAOYSA-N,5.89279,5.89279,True,True,False
GKVMJVDKXNJERX-UHFFFAOYSA-N,6.4437,6.4437,True,True,False
WYAAXMCFRXQPNY-UHFFFAOYSA-N,6.16115,6.16115,True,True,False
LGYZVNPECLNTJE-UHFFFAOYSA-N,6.22915,6.22915,True,True,False
ZMMDRCZWLLXKFJ-UHFFFAOYSA-N,5.90658,5.90658,True,True,False
ZGYZYFFEQOIELG-UHFFFAOYSA-N,6.284,6.284,True,True,False
AVJSOHMZQDCZLD-UHFFFAOYSA-N,6.20066,6.20066,True,True,False
KDHWXYCRFWFNAS-UHFFFAOYSA-N,6.06048,6.06048,True,True,False
VRNMNLPNRFRXDM-UHFFFAOYSA-N,6.4318,6.4318,True,True,False
QGKQRUPULPYQAC-UHFFFAOYSA-N,6.52288,6.52288,True,True,False
GEJGLTWIEMSGMI-UHFFFAOYSA-N,6.39794,6.39794,True,True,False
XSVXXWBXWMWODI-UHFFFAOYSA-N,6.30103,6.30103,True,True,False
CIHYPWXDKRZDGE-UHFFFAOYSA-N,5.91009,5.91009,True,True,False
FMOLUPOSSFZALR-UHFFFAOYSA-N,5.55284,5.55284,True,True,False
HVNNYUJRWYOLPC-UHFFFAOYSA-N,6.38722,6.38722,True,True,False
WEFFINQGWJQUMQ-UHFFFAOYSA-N,5.93554,5.93554,True,True,False
ZYKDPKHIJHFMSS-UHFFFAOYSA-N,5.61083,5.61083,True,True,False
GYNHZAHQEFAGJK-UHFFFAOYSA-N,6.24413,6.24413,True,True,False
RLYFWJDIVYZVTH-UHFFFAOYSA-N,6.16749,6.16749,True,True,False
CCXYJRSEOJUDQL-UHFFFAOYSA-N,5.8729,5.8729,True,True,False
GLSFHIYDEXRABI-UHFFFAOYSA-N,5.86012,5.86012,True,True,False
RQSSUVAKXUVOBX-UHFFFAOYSA-N,5.75203,5.75203,True,True,False
HKCIOSFWIMKXKB-UHFFFAOYSA-N,5.4318,5.4318,True,True,False
NYIVZAOAOSABAD-UHFFFAOYSA-N,6.19382,6.19382,True,True,False
UKWBRAIAVTYTRI-UHFFFAOYSA-N,6.18709,6.18709,True,True,False
NHJYZIKZNHPFGM-UHFFFAOYSA-N,5.55752,5.55752,True,True,False
BMQDPDNXZLCIBS-UHFFFAOYSA-N,5.95861,5.95861,True,True,False
NXEFSPQKVIRTBY-UHFFFAOYSA-N,5.63451,5.63451,True,True,False
FQGHHVRMNYDPNO-UHFFFAOYSA-N,5.89279,5.89279,True,True,False
BAIXDTONAFBRQB-UHFFFAOYSA-N,5.54061,5.54061,True,True,False
HOXPBZAZYWNBBS-UHFFFAOYSA-N,5.60206,5.60206,True,True,False
WUTPTCKMWDKNCG-UHFFFAOYSA-N,5.1209,5.1209,True,True,False
FXEUHDCDRKHKGM-UHFFFAOYSA-N,5.10791,5.10791,True,True,False
OXXZYCGXYYQBCJ-UHFFFAOYSA-N,5.69465,5.69465,True,True,False
SLXSPHAYNAQJBQ-UHFFFAOYSA-N,5.28233,5.28233,True,True,False
MLFJUBNESDQKEA-UHFFFAOYSA-N,5.03621,5.03621,True,True,False
JUPLNCDYYPPYDS-UHFFFAOYSA-N,5.68825,5.68825,True,True,False
YOTWECPFSLWEAX-MTDXEUNCSA-N,6.6968,6.6968,True,True,False
LELOUGOLJJWASA-RDRPBHBLSA-N,7.33348,7.33348,True,True,False
YGLFBEVFQYQQPM-RDRPBHBLSA-N,6.5376,6.5376,True,True,False
UJKROTZTWUTZKN-RDRPBHBLSA-N,7.46597,7.46597,True,True,False
RYLYBQQKQZYJAO-NDZAJKAJSA-N,6.96658,6.96658,True,True,False
SFYPGJPJPBPDJR-NDZAJKAJSA-N,7.3279,7.3279,True,True,False
VYDKUJXIGUGTLY-NDZAJKAJSA-N,7.04383,7.04383,True,True,False
KFJSZOXQHHFOPN-UHFFFAOYSA-N,7.08092,7.08092,True,True,False
KBDRPSKQRUYQSJ-UHFFFAOYSA-N,6.6517,6.6517,True,True,False
GNNIJJBFVPDBRB-UHFFFAOYSA-N,6.1261,6.1261,True,True,False
UGTGSTDFYWUXNH-MJGOQNOKSA-N,7.7167,7.7167,True,True,False
IPSUZAWLWZPFLA-UHFFFAOYSA-N,7.29499,7.29499,True,True,False
YRJBUPQHBMBODA-UHFFFAOYSA-N,8.02687,8.02687,True,True,False
ZKPVWZDNDNCTBB-UWVGGRQHSA-N,9.0,9.0,True,True,False
GFMAMPUENGTAFA-WRTQPQOASA-N,7.55284,7.55284,True,True,False
IWLDUPODTWQNBQ-INDMIFKZSA-N,6.80134,6.80134,True,True,False
DHWUVPPRBIJJKS-VUEDXXQZSA-N,6.33724,6.33724,True,True,False
HRLFUIXSXUASEX-RZTYQLBFSA-N,6.21042,6.21042,True,True,False
MFIHSKBTNZNJIK-RZTYQLBFSA-N,6.04431,6.04431,True,True,False
RKEFSUNLQHLAGZ-YGHPHNMRSA-N,5.65189,5.65189,True,True,False
GHIDWRDXHHQHJD-UHFFFAOYSA-N,6.13077,6.13077,True,True,False
YRVHWRSOZONPGM-UHFFFAOYSA-N,6.29243,6.29243,True,True,False
ZPJWCVJWFWNSQI-HYARGMPZSA-N,5.24489,5.24489,True,True,False
STEXUOBWQLSVBF-XMHGGMMESA-N,5.44129,5.44129,True,True,False
AZCBJXZCMZTCKJ-CPNJWEJPSA-N,5.31785,5.31785,True,True,False
ZPZVREJFRQRDRN-XDHOZWIPSA-N,5.32975,5.32975,True,True,False
JXXLYDKWJOYVAM-XSFVSMFZSA-N,5.32057,5.32057,True,True,False
ZCVJLFXHXPOQPS-CPNJWEJPSA-N,5.93554,5.93554,True,True,False
AXEQAWVHVFYXJD-YDZHTSKRSA-N,5.87943,5.87943,True,True,False
PAFWRCFXMCMCJZ-YDZHTSKRSA-N,5.53611,5.53611,True,True,False
SVGUUFXJKYXVCE-DEDYPNTBSA-N,5.46597,5.46597,True,True,False
RDMQFNXWGNSNBR-DEDYPNTBSA-N,5.72816,5.72816,True,True,False
YTFNVENKXHSUIQ-DEDYPNTBSA-N,6.31069,6.31069,True,True,False
BDZFARBGYZRYRF-CIAFOILYSA-N,6.16622,6.16622,True,True,False
NBMHQAWRLMBPET-UHFFFAOYSA-N,6.46725,6.46725,True,True,False
OKEASALJUMYWFO-UHFFFAOYSA-N,5.92445,5.92445,True,True,False
SPBDMKHPKACUMT-UHFFFAOYSA-N,6.65365,6.65365,True,True,False
BQNZOYNZEQEQRF-UHFFFAOYSA-N,5.92812,5.92812,True,True,False
HCUYMFWFASKLTP-UHFFFAOYSA-N,5.91009,5.91009,True,True,False
UXAIEWGYPKPAOR-UHFFFAOYSA-N,5.8729,5.8729,True,True,False
BCPJRBVIGIXBMJ-UHFFFAOYSA-N,5.28067,5.28067,True,True,False
GEYOUWOYXCLTLH-UHFFFAOYSA-N,5.9914,5.9914,True,True,False
CFFQCZLSZQGOOU-UHFFFAOYSA-N,6.65956,6.65956,True,True,False
SSUCJZRGMBQGJK-UHFFFAOYSA-N,6.73993,6.73993,True,True,False
MQCXVHYEWNJWKF-UHFFFAOYSA-N,7.05061,7.05061,True,True,False
KBIVDYZJPVDUPZ-UHFFFAOYSA-N,6.9914,6.9914,True,True,False
ZXRSUUCBQJQXFN-UHFFFAOYSA-N,6.86646,6.86646,True,True,False
OGMDVMWMCVEIDI-UHFFFAOYSA-N,7.13077,7.13077,True,True,False
JDYATWHUSHCNRV-UHFFFAOYSA-N,7.26761,7.26761,True,True,False
QFDAPLRSMFECOI-UHFFFAOYSA-N,6.45593,6.45593,True,True,False
ZJSDAYWILXQIQR-UHFFFAOYSA-N,5.05849,5.05849,True,True,False
JILOLUUKYKCZRD-UHFFFAOYSA-N,5.15552,5.15552,True,True,False
WUMDNRQNLNCQBM-UHFFFAOYSA-N,5.03433,5.03433,True,True,False
PKHXPQBXAGIJAZ-UHFFFAOYSA-N,5.1343,5.1343,True,True,False
YRXFWPAGFTVJGF-UHFFFAOYSA-N,5.24872,5.24872,True,True,False
RJLLKGPGZLQILJ-HKNVGMCVSA-N,6.09151,6.09151,True,True,False
IWRKOSRQYRCBHW-YIXHJXPBSA-N,5.17328,5.17328,True,True,False
YYWGABLTRMRUIT-XHBSWPGZSA-N,5.59007,5.59007,True,True,False
MXODBKYHGKYPJW-MGBGTMOVSA-N,6.74473,6.74473,True,True,False
BCHYGDBEGKZQHD-XSFVSMFZSA-N,5.88941,5.88941,True,True,False
OCOGBPYFWRDLHI-RELWKKBWSA-N,7.35952,7.35952,True,True,False
HYCPLKOVNZFNAS-UHFFFAOYSA-N,6.14267,6.14267,True,True,False
FNXJKKUKSKUSPD-UHFFFAOYSA-N,6.22185,6.22185,True,True,False
PESSDQDERPAVNH-UHFFFAOYSA-N,6.05552,6.05552,True,True,False
DWYXNGVQEJZWQA-UHFFFAOYSA-N,5.43771,5.43771,True,True,False
QJZZSSBITISGGT-UHFFFAOYSA-N,5.5784,5.5784,True,True,False
RXYDUXPNMOBQTR-UHFFFAOYSA-N,6.19382,6.19382,True,True,False
RLHSWYLCHQWPQD-UHFFFAOYSA-N,5.03386,5.03386,True,True,False
CZOYPJGGAMPDBF-UHFFFAOYSA-N,5.70553,5.70553,True,True,False
CRQRFXAGXWHWTJ-UHFFFAOYSA-N,6.08092,6.08092,True,True,False
DZBUGLKDJFMEHC-UHFFFAOYSA-N,5.16494,5.16494,True,True,False
MWFZYRJWHFSLOE-JLHYYAGUSA-N,5.16749,5.16749,True,True,False
RVHOEUHHAHFBJU-CSKARUKUSA-N,5.04096,5.04096,True,True,False
LQLBWZJHRARWDB-UHFFFAOYSA-N,6.50864,6.50864,True,True,False
IWBHCAPYMPYPRE-UHFFFAOYSA-N,5.52288,5.52288,True,True,False
YFLQQJOCKLGZJZ-UHFFFAOYSA-N,5.87943,5.87943,True,True,False
ZUWQNIVETLIDSE-UHFFFAOYSA-N,6.42022,6.42022,True,True,False
KSSGNEFSJBPCDX-UHFFFAOYSA-N,5.34679,5.34679,True,True,False
MBGOHKNDGDEIAS-UHFFFAOYSA-N,5.3279,5.3279,True,True,False
ULSOYUGFFFZGBY-UHFFFAOYSA-N,5.4318,5.4318,True,True,False
NPKLPPFDSUXDBQ-UHFFFAOYSA-N,5.18046,5.18046,True,True,False
GTDYZHRXBKZMOG-UHFFFAOYSA-N,5.10791,5.10791,True,True,False
YWWSWOHOMIZEMH-UHFFFAOYSA-N,6.13668,6.13668,True,True,False
WCUGNCQJDCCMLE-UHFFFAOYSA-N,5.82391,5.82391,True,True,False
SGPWCCRYWGDWPY-UHFFFAOYSA-N,5.22185,5.22185,True,True,False
BDUXOMBAFKYZLK-UHFFFAOYSA-N,5.04576,5.04576,True,True,False
OCIHMTSJSNPXID-UHFFFAOYSA-N,5.09691,5.09691,True,True,False
AQUGDAJVVDHBAZ-UHFFFAOYSA-N,5.69,5.69,True,True,False
MXQBNZYCTHSRBT-UHFFFAOYSA-N,5.79,5.79,True,True,False
XYRNALHTDPFFOH-UHFFFAOYSA-N,5.81,5.81,True,True,False
IATWWELQJAHECW-UHFFFAOYSA-N,5.72,5.72,True,True,False
LRPPEZVKFXBNIC-UHFFFAOYSA-N,5.91,5.91,True,True,False
HECIYRGCNLFBSR-UHFFFAOYSA-N,5.76,5.76,True,True,False
XWDVGVZCDUPRMY-UHFFFAOYSA-N,6.51999,6.51999,True,True,False
XIIITDFMPLDPLP-UHFFFAOYSA-N,5.62,5.62,True,True,False
YAMIRMVSSOIZND-UHFFFAOYSA-N,5.54,5.54,True,True,False
IATVOXGIWOTVLC-UHFFFAOYSA-N,5.43,5.43,True,True,False
KSKNQTZZBVZTRJ-UHFFFAOYSA-N,5.48,5.48,True,True,False
ABHQPKFAWBLZQM-UHFFFAOYSA-N,5.47,5.47,True,True,False
ZLKPJIXUEUCDST-UYRXBGFRSA-N,5.385,5.385,True,True,False
SKKBAZVFTGGGGC-XKZIYDEJSA-N,5.1083,5.1083,True,True,False
PZHPKJUFRLHDEU-UNOMPAQXSA-N,5.24965,5.24965,True,True,False
IZAYEKLSRQREBG-ODLFYWEKSA-N,5.43427,5.43427,True,True,False
PAQULTPIKMYIGM-UNOMPAQXSA-N,5.60889,5.60889,True,True,False
TWJVTBLXKNKWSB-FMCGGJTJSA-N,5.98338,5.98338,True,True,False
JSWKVMGDOWLBIK-FMCGGJTJSA-N,6.06349,6.06349,True,True,False
WTWYZVLQGXCINR-NDENLUEZSA-N,5.90623,5.90623,True,True,False
DEGSUXMFHIVOEM-NDENLUEZSA-N,5.97224,5.97224,True,True,False
UFQXXDQICIOZAL-NDENLUEZSA-N,5.88506,5.88506,True,True,False
QJPWWFHANHHHDO-NHDPSOOVSA-N,6.01547,6.01547,True,True,False
BHEXKVGLZMEJRQ-UHFFFAOYSA-N,5.94846,5.94846,True,True,False
FUJGEURJBFJMHI-UHFFFAOYSA-N,5.35823,5.35823,True,True,False
SYXPKAXGFWBJTP-UHFFFAOYSA-N,5.50515,5.50515,True,True,False
AGDPSYPPGBDUIX-UHFFFAOYSA-N,5.75746,5.75746,True,True,False
GMSWYGVWFRVORO-UHFFFAOYSA-N,5.64628,5.64628,True,True,False
NCCVVESLAYPODT-UHFFFAOYSA-N,5.81759,5.81759,True,True,False
KAVGFUSYIFGSSP-UHFFFAOYSA-N,5.19436,5.19436,True,True,False
AQMYHUHZQYKIDD-UHFFFAOYSA-N,6.13018,6.13018,True,True,False
HHNLYSCYFKASFN-UHFFFAOYSA-N,6.89279,6.89279,True,True,False
RLLGGQDQUFVCQL-UHFFFAOYSA-N,7.23657,7.23657,True,True,False
CMDAIEIUZXBLAW-UHFFFAOYSA-N,6.74958,6.74958,True,True,False
IQOXJBXAAJLNTO-UHFFFAOYSA-N,6.82681,6.82681,True,True,False
KAXBOKVMLFLTDR-UHFFFAOYSA-N,6.87615,6.87615,True,True,False
GZGCQOBTRUVMOI-UHFFFAOYSA-N,7.16115,7.16115,True,True,False
VFERHOUHYWLGSW-YYDJUVGSSA-N,6.8146,6.8146,True,True,False
URKUVOOMGFZKSL-DARPEHSRSA-N,7.00745,7.00745,True,True,False
ARMJZDJUAIIGAI-ZBJSNUHESA-N,8.011,8.011,True,True,False
YGDFHMALLNHJGR-YYDJUVGSSA-N,7.96981,7.96981,True,True,False
ZDDBXKYJPCPAEW-DARPEHSRSA-N,8.96658,8.96658,True,True,False
JJZULEDSKWBYDC-BSYVCWPDSA-N,7.78146,7.78146,True,True,False
NKGAOXISUWKUFF-ZBJSNUHESA-N,9.03152,9.03152,True,True,False
GOMMQUCIBUSEBS-HEHNFIMWSA-N,6.66486,6.66486,True,True,False
VVTZCIBPJIURIN-QHCPKHFHSA-N,5.45593,5.45593,True,True,False
HVXLNJOMSHCFDF-UHFFFAOYSA-N,5.13493,5.13493,True,True,False
MBGXXUPMENAELF-UHFFFAOYSA-N,5.03621,4.97315,True,True,True
GHGNTVMFYBGHCD-UHFFFAOYSA-N,5.30103,5.30103,True,True,False
CLIQDANMNASFQG-UHFFFAOYSA-N,5.13668,5.13668,True,True,False
RQOFJLSQOIAJOK-UHFFFAOYSA-N,5.37675,5.37675,True,True,False
XLGKBJKHBLDFNJ-UHFFFAOYSA-N,5.60206,5.60206,True,True,False
KEOLOUZSLOEJHF-UHFFFAOYSA-N,5.48149,5.48149,True,True,False
QZPSMYUZXFIHBQ-UHFFFAOYSA-N,5.56864,5.56864,True,True,False
WYAFBHCEHCPITE-UHFFFAOYSA-N,5.76955,5.76955,True,True,False
FLPVNABKUUURNM-UHFFFAOYSA-N,6.00436,6.00436,True,True,False
RLMPEWYPEXSDLV-UHFFFAOYSA-N,5.58503,5.58503,True,True,False
QEACKGYEVKFPKO-UHFFFAOYSA-N,5.83863,5.83863,True,True,False
QEDWUKAMQXUYNI-UHFFFAOYSA-N,5.72125,5.72125,True,True,False
VRPAOBPDQZGZET-UHFFFAOYSA-N,5.60206,5.60206,True,True,False
OUWGJNPXNMQMMF-UHFFFAOYSA-N,5.91364,5.91364,True,True,False
CLOMQWFIANXPLL-UHFFFAOYSA-N,5.58503,5.58503,True,True,False
HSRRXPTXNWLPHR-UHFFFAOYSA-N,5.76955,5.76955,True,True,False
MBNODMHHMMYUBP-UHFFFAOYSA-N,5.45593,5.45593,True,True,False
IRUIAPYBTRKITC-UHFFFAOYSA-N,5.88606,5.88606,True,True,False
ZEJGJFKQOJDBHC-UHFFFAOYSA-N,5.27572,5.27572,True,True,False
VCOKOIFTYIMJJA-UHFFFAOYSA-N,5.82391,5.82391,True,True,False
OWIJQTKCJXOUNO-UHFFFAOYSA-N,6.10237,6.10237,True,True,False
KNIPHGXUVWAHCN-UHFFFAOYSA-N,6.40671,6.40671,True,True,False
JREXJAZIYYZNSO-UHFFFAOYSA-N,6.92082,6.92082,True,True,False
AIIWJMPOAUNFLG-UHFFFAOYSA-N,6.76955,6.76955,True,True,False
YMBIMUZYHSNFFG-UHFFFAOYSA-N,7.41229,7.41229,True,True,False
RHAOFYGYWYBRSI-UHFFFAOYSA-N,6.57025,6.57025,True,True,False
ALRPJVIDEJKLDX-UHFFFAOYSA-N,6.77469,6.77469,True,True,False
LBZYUTMWCPFGPD-UHFFFAOYSA-N,7.91721,7.91721,True,True,False
CLNWLUWTLQVFCS-UHFFFAOYSA-N,7.34969,7.34969,True,True,False
VVVCUWUORGMTNG-UHFFFAOYSA-N,6.5064,6.5064,True,True,False
HZTZFAQVGYSTHZ-UHFFFAOYSA-N,6.52988,6.52988,True,True,False
VMJFCOMMBQFXOH-UHFFFAOYSA-N,6.40494,6.40494,True,True,False
MYLYCZDLVLCRLU-UHFFFAOYSA-N,8.92082,8.92082,True,True,False
WFLNSPBNQAGFFF-UHFFFAOYSA-N,7.39254,7.39254,True,True,False
FPBXMXPANNHQSO-UHFFFAOYSA-N,7.51286,7.51286,True,True,False
STHYVJPMYDZLQB-UHFFFAOYSA-N,7.34486,7.34486,True,True,False
YPWPKJLJKMSERN-UHFFFAOYSA-N,8.3098,8.3098,True,True,False
FOAOMODSQTYPSH-UHFFFAOYSA-N,9.09691,9.09691,True,True,False
RTZCOIZFSLQMHI-UHFFFAOYSA-N,7.63639,7.63639,True,True,False
XJSGAZQHWZKYFW-UHFFFAOYSA-N,7.65956,7.65956,True,True,False
OAPINTTTYXBPJU-UHFFFAOYSA-N,7.81816,7.81816,True,True,False
UJBNMVVJVRQAIM-UHFFFAOYSA-N,7.01144,7.01144,True,True,False
JOQXVIOUNWJRIL-UHFFFAOYSA-N,6.80883,6.80883,True,True,False
FNOUTFPQMJNBDX-UHFFFAOYSA-N,6.98758,6.98758,True,True,False
IOTWCKHUEXDRAB-UHFFFAOYSA-N,6.62452,6.62452,True,True,False
XGMUXKFWISFHAG-UHFFFAOYSA-N,7.30803,7.30803,True,True,False
HEYGXZLHMDENBS-UHFFFAOYSA-N,8.26122,8.26122,True,True,False
AUFZKQKTTGOKEM-UHFFFAOYSA-N,8.36151,8.36151,True,True,False
JGUYMIZRMYBDGV-UHFFFAOYSA-N,9.11351,9.11351,True,True,False
RCGLPLMTBKSXHW-UHFFFAOYSA-N,8.7122,8.7122,True,True,False
MDZYWOBROPAKNM-UHFFFAOYSA-N,8.53165,8.53165,True,True,False
JAUVXAJRIZCOSF-UHFFFAOYSA-N,7.6038,7.6038,True,True,False
KGKBOIZOJSSJCG-FNORWQNLSA-N,8.35556,8.35556,True,True,False
KNKNYKQOFRQZRV-HWKANZROSA-N,8.24872,8.24872,True,True,False
WMCRFEREEQOYQN-UHFFFAOYSA-N,8.97469,8.97469,True,True,False
JNFAYJGOKLFDOK-UHFFFAOYSA-N,6.33724,6.33724,True,True,False
VKLXUQJNJIZNLT-ODLFYWEKSA-N,7.30103,7.30103,True,True,False
VKLXUQJNJIZNLT-YBFXNURJSA-N,7.92082,7.92082,True,True,False
NGKSBGUEGQBVKO-ZDLGFXPLSA-N,8.80967,8.80967,True,True,False
NGKSBGUEGQBVKO-VCHYOVAHSA-N,8.89279,8.89279,True,True,False
BXOSYALHTUWIFI-MBEZDYHHSA-N,5.95861,5.95861,True,True,False
BAZVLRREAJLPPA-MBEZDYHHSA-N,5.14813,5.14813,True,True,False
FJHCVAUTCYJNIR-SETSBSEESA-N,5.67366,5.67366,True,True,False
LFLYZXNTRNWQPR-WXVAWEFUSA-N,5.93554,5.93554,True,True,False
XRLYOLGNUKIZDF-WXVAWEFUSA-N,5.18046,5.18046,True,True,False
LXSUQNNLNNUDLZ-UHFFFAOYSA-N,6.56067,6.56067,True,True,False
DFXFXZRLHHKPPR-UHFFFAOYSA-N,7.23807,7.23807,True,True,False
MOMFQUPSTUUCIS-UHFFFAOYSA-N,7.15614,7.15614,True,True,False
RGXJEOGAMRWBRC-UHFFFAOYSA-N,6.95468,6.95468,True,True,False
SRUORENXKCKPFF-UHFFFAOYSA-N,7.95861,7.95861,True,True,False
OMCLEUFICTWJAY-UHFFFAOYSA-N,8.10292,8.10292,True,True,False
GTUYMOXZKSCJQY-UHFFFAOYSA-N,7.98297,7.98297,True,True,False
NFMKVTKMAZTQRZ-UHFFFAOYSA-N,8.2652,8.2652,True,True,False
XMJSUNRZFVJJHT-UHFFFAOYSA-N,8.43297,8.43297,True,True,False
UBUVCITWHPAWGO-UHFFFAOYSA-N,8.68825,8.68825,True,True,False
JNVGOUUUZBVXPV-UHFFFAOYSA-N,7.31966,7.31966,True,True,False
KYLGVOFITHEPJQ-UHFFFAOYSA-N,8.42022,8.42022,True,True,False
BBTQZRHMEIWKAX-UHFFFAOYSA-N,8.10018,8.10018,True,True,False
JQKJWDFQBYGCOQ-UHFFFAOYSA-N,8.20551,8.20551,True,True,False
HWAJTAQZIKDHGT-UHFFFAOYSA-N,9.35655,9.35655,True,True,False
UZGKESBGVBGSPI-UHFFFAOYSA-N,9.92082,9.92082,True,True,False
VIACPOGORNYWLC-UHFFFAOYSA-N,9.56864,9.56864,True,True,False
YZABYNHVFXOCEC-UHFFFAOYSA-N,8.07831,8.07831,True,True,False
JYPJKGLZUCPORL-UHFFFAOYSA-N,8.15552,8.15552,True,True,False
FPLKSJDEOUBUEL-UHFFFAOYSA-N,6.92082,6.92082,True,True,False
YCJCZVUHPAFTTR-UHFFFAOYSA-N,5.25337,5.25337,True,True,False
SJZOAVOKRIVTGW-UHFFFAOYSA-N,5.42713,5.42713,True,True,False
SHCYGIJBHRLDQT-UHFFFAOYSA-N,5.14267,5.14267,True,True,False
LRGMGVMBUSYGEO-UHFFFAOYSA-N,6.87926,6.87926,True,True,False
UEILVRMESRWYEE-UHFFFAOYSA-N,7.0574,7.0574,True,True,False
LKVRDQOTUSDFNR-UHFFFAOYSA-N,7.03668,7.03668,True,True,False
OKUAQOWGKLYLEZ-UHFFFAOYSA-N,7.101,7.101,True,True,False
KDSGALRBUUYBMG-UHFFFAOYSA-N,6.92885,6.92885,True,True,False
IINXCVBTZBRIPU-UHFFFAOYSA-N,6.84312,6.84312,True,True,False
OYMGYNDSSVLQMM-UHFFFAOYSA-N,7.01131,7.01131,True,True,False
ODZVMGKRPLQMBL-UHFFFAOYSA-N,7.10243,7.10243,True,True,False
OPRGGLBAGJZESP-UHFFFAOYSA-N,7.05164,7.05164,True,True,False
IBSHITWLGHMGMC-UHFFFAOYSA-N,7.32486,7.32486,True,True,False
FDCAPJGTXWXXOK-UHFFFAOYSA-N,7.11623,7.11623,True,True,False
MJSDYTGFAHMQPP-UHFFFAOYSA-N,7.10149,7.10149,True,True,False
MCJOXAQICUCRGY-UHFFFAOYSA-N,7.14333,7.14333,True,True,False
QFVCRJLKNQUTQR-UHFFFAOYSA-N,7.10841,7.10841,True,True,False
JZZKNAKGIFRGQU-UHFFFAOYSA-N,6.9974,6.9974,True,True,False
BTQYMOIZIRVQSA-UHFFFAOYSA-N,7.16431,7.16431,True,True,False
KLAAIIPDIASOQN-UHFFFAOYSA-N,7.10171,7.10171,True,True,False
OKDKJGDJLWWHHY-UHFFFAOYSA-N,7.07237,7.07237,True,True,False
AFMORLSZDSPEHE-UHFFFAOYSA-N,7.16736,7.16736,True,True,False
MHPCSPHWKNFDTR-UHFFFAOYSA-N,7.28937,7.28937,True,True,False
JJLWDJAUAHXDSQ-UHFFFAOYSA-N,7.18,7.18,True,True,False
ZXODYPGVTRAJHS-UHFFFAOYSA-N,7.06763,7.06763,True,True,False
YRYSRRSTKKDAEQ-UHFFFAOYSA-N,5.25649,5.25649,True,True,False
WGWSIOKXWIRGGP-LDADJPATSA-N,6.49485,6.49485,True,True,False
RHKFYLMTJHZFRB-KOEQRZSOSA-N,6.4318,6.4318,True,True,False
RLFGLMFNOCORGT-LFVJCYFKSA-N,5.59346,5.59346,True,True,False
HYDRUOPHTWMPFN-BUVRLJJBSA-N,5.70115,5.70115,True,True,False
HMPHYKVPGMRWBP-LFVJCYFKSA-N,6.26761,6.26761,True,True,False
JTTAUOGRTGUCHJ-BUVRLJJBSA-N,6.49485,6.49485,True,True,False
GBKGLHSRAMRDHC-LFVJCYFKSA-N,6.31876,6.31876,True,True,False
NEVVIBBBCKALHF-XQNSMLJCSA-N,6.42022,6.42022,True,True,False
NXPYNRPULVJZLU-RCCKNPSSSA-N,5.66756,5.66756,True,True,False
LLAPUAXYFXGPTK-CJLVFECKSA-N,6.26761,6.26761,True,True,False
QRBQVMHNRDSIJC-HAVVHWLPSA-N,6.26761,6.26761,True,True,False
YMIKOFNXEFFOIT-HKOYGPOVSA-N,5.37161,5.37161,True,True,False
KDNWXJBHFQSWIY-RCCKNPSSSA-N,6.36653,6.36653,True,True,False
ZWTNIIWZZKKJGW-XSFVSMFZSA-N,5.95861,5.95861,True,True,False
NTMOJNLZGRDYEX-UHFFFAOYSA-N,6.17393,6.17393,True,True,False
QDGFZDSHMCVZQL-UHFFFAOYSA-N,6.0,6.0,True,True,False
YNXCNTICEBIQKR-UHFFFAOYSA-N,6.22915,6.22915,True,True,False
ZLKRKOVDOXDQDL-UHFFFAOYSA-N,6.4437,6.4437,True,True,False
SOHPLFZBNPLYPB-UHFFFAOYSA-N,5.11919,5.11919,True,True,False
RFJJUATUWWQTAO-UHFFFAOYSA-N,5.36653,5.36653,True,True,False
MJYHXFQKEQRPEC-UHFFFAOYSA-N,5.13668,5.13668,True,True,False
OKOIPODBGJKFGU-UHFFFAOYSA-N,5.09151,5.09151,True,True,False
GKGSKVGZCUKOSW-UHFFFAOYSA-N,5.67778,5.67778,True,True,False
ZGXSCBBSDIABRW-UHFFFAOYSA-N,5.27572,5.27572,True,True,False
VIOPWDAUYNQNRM-UHFFFAOYSA-N,6.09151,6.09151,True,True,False
XPYFRMBBCHEZMZ-DARPEHSRSA-N,5.88606,5.88606,True,True,False
XBDYTEFXMPXJIS-DTQAZKPQSA-N,5.29243,5.29243,True,True,False
QOSSCOVDLSVVJA-SDNWHVSQSA-N,5.49485,5.49485,True,True,False
OGHSLHAXPVLHBD-OBGWFSINSA-N,5.3279,5.3279,True,True,False
XTQIWDYCCFYORM-CSKARUKUSA-N,5.24033,5.24033,True,True,False
DBMZBMJYDIJUPI-VQHVLOKHSA-N,5.61618,5.61618,True,True,False
BEWAIWNJAIMESJ-VQHVLOKHSA-N,5.2426,5.2426,True,True,False
LHCVSCQEUOTHJS-SOFGYWHQSA-N,5.24565,5.24565,True,True,False
MFNGDMYATMLOTC-YCRREMRBSA-N,5.46471,5.46471,True,True,False
MJBVBHRRAGRLQN-SOFGYWHQSA-N,5.03105,5.03105,True,True,False
AMZZCUYPZJXZDH-YCRREMRBSA-N,5.0846,5.0846,True,True,False
XVKHPTDTSZLRHX-XVNBXDOJSA-N,5.24109,5.24109,True,True,False
FDCRLLFTRZKKFG-WEVVVXLNSA-N,5.31069,5.31069,True,True,False
VUSXDYWHQVGKND-VQHVLOKHSA-N,5.00393,5.00393,True,True,False
DOQSUJLBOVDRML-UHFFFAOYSA-N,5.1016,5.1016,True,True,False
HGJNVGMGHMPCIT-UHFFFAOYSA-N,5.38902,5.38902,True,True,False
CDBAAXNYHDKTFF-UHFFFAOYSA-N,5.63676,5.63676,True,True,False
WSZHWBCEOHXGOF-UHFFFAOYSA-N,5.6482,5.6482,True,True,False
IKTRKOHDYGDICC-UHFFFAOYSA-N,5.13608,5.13608,True,True,False
TXAPPQYDLMDBMU-UHFFFAOYSA-N,5.4437,5.4437,True,True,False
PVOUNDRVIFNRES-UHFFFAOYSA-N,5.46852,5.46852,True,True,False
HRIHTEQSIMHUPV-UHFFFAOYSA-N,6.16115,6.16115,True,True,False
BEDMQNIMYVNRDK-UHFFFAOYSA-N,6.14267,6.14267,True,True,False
HZCLHLSRFISUOJ-UHFFFAOYSA-N,5.68613,5.68613,True,True,False
XOROMQNBXQGKST-UHFFFAOYSA-N,6.72125,6.72125,True,True,False
RTJODZZGCZZTRF-UHFFFAOYSA-N,5.2815,5.2815,True,True,False
CLIBEFUYKVSXSU-UHFFFAOYSA-N,6.76955,6.76955,True,True,False
JNKSAKWNXKWMIA-UHFFFAOYSA-N,5.02457,5.02457,True,True,False
JKHKSDOTYVTZJI-UHFFFAOYSA-N,5.27327,5.27327,True,True,False
NQFOCEGXWIHLLW-UHFFFAOYSA-N,6.17393,6.17393,True,True,False
MOIXICUBPYLSMJ-UHFFFAOYSA-N,5.03953,5.03953,True,True,False
FEUNUIYGZQUKCU-UHFFFAOYSA-N,5.59346,5.59346,True,True,False
MQEUFDHPRHUBBR-UHFFFAOYSA-N,5.84771,5.84771,True,True,False
QLXMVKYELSPGTQ-UHFFFAOYSA-N,5.75696,5.75696,True,True,False
BYAUSYGZMYTHJS-UHFFFAOYSA-N,5.46725,5.46725,True,True,False
QXEKOLWNPCSFRM-UHFFFAOYSA-N,5.5391,5.5391,True,True,False
AZRZAHIBCRUIAW-UHFFFAOYSA-N,5.65561,5.65561,True,True,False
UQWUUDBALGBOLC-UHFFFAOYSA-N,5.96658,5.96658,True,True,False
NLINSCWNGUDKEU-UHFFFAOYSA-N,5.16115,5.16115,True,True,False
GOTLZBYNOBCKMY-UHFFFAOYSA-N,6.85387,6.85387,True,True,False
FRHQTCUNBCBTCS-UHFFFAOYSA-N,5.56864,5.56864,True,True,False
WSEZFGBHOYBWSA-UHFFFAOYSA-N,5.46597,5.46597,True,True,False
CXVCPGDBKQTMGW-UHFFFAOYSA-N,6.24413,6.24413,True,True,False
GHZYJZGQBTYMSA-UHFFFAOYSA-N,6.04576,6.04576,True,True,False
UTSRJYYICXKRBK-UHFFFAOYSA-N,5.91009,5.91009,True,True,False
GCTHSGKPTPJSDE-UHFFFAOYSA-N,5.6216,5.6216,True,True,False
QVMCAFUGXJPHCH-UHFFFAOYSA-N,5.79048,5.79048,True,True,False
VEAMQUMDOAWEMW-UHFFFAOYSA-N,5.53165,5.53165,True,True,False
GAFAAABHBUAYNC-UHFFFAOYSA-N,5.70115,5.70115,True,True,False
BWTOFLUMSJGBGG-UHFFFAOYSA-N,6.49485,6.49485,True,True,False
WDTQXWNRGMJAOF-UHFFFAOYSA-N,5.82391,5.82391,True,True,False
HHFDHIYFBUUIRK-UHFFFAOYSA-N,6.55284,6.55284,True,True,False
ZCIHKXINHRCRBE-UHFFFAOYSA-N,5.74715,5.74715,True,True,False
UHAGMMWIOVBEPU-UHFFFAOYSA-N,5.99568,5.99568,True,True,False
AJZUVWGFDIHRNS-UHFFFAOYSA-N,5.7122,5.7122,True,True,False
CFLJQEYIHATUMT-UHFFFAOYSA-N,5.28988,5.28988,True,True,False
BCZVOSZRMLMXFO-UHFFFAOYSA-N,5.51286,5.51286,True,True,False
IGYZPHYCTVEWGX-UHFFFAOYSA-N,5.5391,5.5391,True,True,False
OAHAPTWQMVFBTP-UHFFFAOYSA-N,6.27572,6.27572,True,True,False
NUYKEGNINYWXDY-UHFFFAOYSA-N,5.2815,5.2815,True,True,False
UUNWOQNMCUFPJE-UHFFFAOYSA-N,5.98297,5.98297,True,True,False
QPPZDHPOFPAJHH-UHFFFAOYSA-N,5.88941,5.88941,True,True,False
CKLSWIXXWRGDES-UHFFFAOYSA-N,5.98297,5.98297,True,True,False
WJKSDIJOOSZHQC-UHFFFAOYSA-N,5.42946,5.42946,True,True,False
QFBOTQGPSMUXRX-UHFFFAOYSA-N,5.88941,5.88941,True,True,False
XPPHIIJDSGASBC-UHFFFAOYSA-N,5.97469,5.97469,True,True,False
INVGWHRKADIJHF-UHFFFAOYSA-N,5.91364,5.91364,True,True,False
DAWSYIQAGQMLFS-SFHVURJKSA-N,8.19382,8.19382,True,True,False
CVIGIFUFGSHWDX-VQHVLOKHSA-N,5.61798,5.61798,True,True,False
MJLZXQPGFGKYKG-YCRREMRBSA-N,5.27409,5.27409,True,True,False
WFZLZUMSNYZMQL-VQHVLOKHSA-N,5.93272,5.93272,True,True,False
LDZYHULYKCNQFT-XBXARRHUSA-N,6.01773,6.01773,True,True,False
OYIPLAHDKDNEPE-XVNBXDOJSA-N,6.07572,6.07572,True,True,False
FUEAQDJAQZSMNY-UHFFFAOYSA-N,5.0,5.0,True,True,False
VGQLZUNFVYTFBF-UHFFFAOYSA-N,5.24489,5.24489,True,True,False
HUWWFDOJYOUTTO-UHFFFAOYSA-N,5.31966,5.31966,True,True,False
DKIHAPRATQJNSK-UHFFFAOYSA-N,5.80134,5.80134,True,True,False
ODQKBBQRKVQZDH-UHFFFAOYSA-N,5.0655,5.0655,True,True,False
UBZYAQWKNPQKNN-UHFFFAOYSA-N,5.36251,5.36251,True,True,False
IWMVIMXKIPYNDO-UHFFFAOYSA-N,5.04383,5.04383,True,True,False
JPAWCKLWCYDEPB-UHFFFAOYSA-N,5.28567,5.28567,True,True,False
LNIRMTRXIJOOND-UHFFFAOYSA-N,6.17914,6.17914,True,True,False
GMTLISNEXFVQLJ-UHFFFAOYSA-N,6.00966,6.00966,True,True,False
YRPUITYJDDVVFY-UHFFFAOYSA-N,6.20482,6.20482,True,True,False
ZQAMGOXTPCJUFY-UHFFFAOYSA-N,6.45967,6.45967,True,True,False
XNVODOITBYZNTC-UHFFFAOYSA-N,6.98297,6.98297,True,True,False
SLNSWWVQADCKSW-UHFFFAOYSA-N,6.38195,6.38195,True,True,False
OPNOYFYMEWJEMI-UHFFFAOYSA-N,6.59346,6.59346,True,True,False
JBZLIWVDIDZFCY-UHFFFAOYSA-N,5.08513,5.08513,True,True,False
HIVZWGFKJDAQNI-MFOYZWKCSA-N,5.49214,5.49214,True,True,False
MXVXMWJOHZMDDT-ZDLGFXPLSA-N,5.13549,5.13549,True,True,False
ROMZBPLFSUOSKG-ZDLGFXPLSA-N,5.33536,5.33536,True,True,False
PXWCYACVBRUFQF-MFOYZWKCSA-N,6.11976,6.11976,True,True,False
JNMIFBYVUUFRPR-NVMNQCDNSA-N,5.57349,5.57349,True,True,False
STBKQHPFABRPSI-NVMNQCDNSA-N,5.86646,5.86646,True,True,False
AZFNOGDHVUHHHQ-JAIQZWGSSA-N,6.31785,6.31785,True,True,False
VWFUHGNXIZJAQZ-JAIQZWGSSA-N,5.42136,5.42136,True,True,False
AJHXMWXYVYOBQI-UHFFFAOYSA-N,6.28617,6.28617,True,True,False
HSNCNCRRNWZNDA-UHFFFAOYSA-N,6.50515,6.50515,True,True,False
CBQWJVRTMNAWFV-UHFFFAOYSA-N,6.32039,6.32039,True,True,False
PHYFKUVLMXFFMA-UHFFFAOYSA-N,6.67305,6.67305,True,True,False
OSHWRYVCOZUYMD-UHFFFAOYSA-N,6.70841,6.70841,True,True,False
BSYAXFZBHCNOSO-UHFFFAOYSA-N,7.06248,7.06248,True,True,False
QHMDDZOOLIQIDD-UHFFFAOYSA-N,6.88807,6.88807,True,True,False
SJBOKLOBSYZREV-UHFFFAOYSA-N,6.3114,6.3114,True,True,False
QEPADCWYAPMDGA-UHFFFAOYSA-N,7.92445,7.92445,True,True,False
OQUDAZIWXWUCRZ-UHFFFAOYSA-N,6.75301,6.75301,True,True,False
JMYMKXIXWAGFRX-SRDVKXRDSA-N,7.64397,7.64397,True,True,False
HHLHIZQJSGEGON-BSYJTBJZSA-N,7.93181,7.93181,True,True,False
VMMAQHJFFZODBW-DHCVZJGKSA-N,7.91721,7.91721,True,True,False
OQPHIFIGALCHJT-UHFFFAOYSA-N,5.58004,5.58004,True,True,False
ZNNQFFKFWSWODG-UHFFFAOYSA-N,9.48149,9.48149,True,True,False
WIBZBHAULNIINQ-UHFFFAOYSA-N,7.09691,7.09691,True,True,False
CZOTVKAOVGNSQX-UHFFFAOYSA-N,5.10791,5.10791,True,True,False
FYRFGJSXHGSSRA-UHFFFAOYSA-N,5.63827,5.63827,True,True,False
GUDOKVFOWONHLZ-UHFFFAOYSA-N,5.20761,5.20761,True,True,False
OHLLCAOZLCURLY-UHFFFAOYSA-N,6.29243,6.29243,True,True,False
BTQBWKICBNYTJF-UHFFFAOYSA-N,6.26761,6.26761,True,True,False
JRNPBNOKBHQPQV-UHFFFAOYSA-N,5.65758,5.65758,True,True,False
FESXNYAPGUCZIQ-UHFFFAOYSA-N,5.58503,5.58503,True,True,False
DWJVIPVCUJKTNK-UHFFFAOYSA-N,5.95861,5.95861,True,True,False
TYILUFWHLUDPEG-UHFFFAOYSA-N,5.27572,5.27572,True,True,False
VVHSKUVEDZEFPN-UHFFFAOYSA-N,5.65758,5.65758,True,True,False
QCKPPJYQWXOQMU-UHFFFAOYSA-N,5.06048,5.06048,True,True,False
ZFXURHCAGHMGTN-UHFFFAOYSA-O,5.72125,5.72125,True,True,False
AZSSBHLSLTXVLS-UHFFFAOYSA-O,5.04096,5.04096,True,True,False
FWZLSJAQZGRSHU-UHFFFAOYSA-O,5.0655,5.0655,True,True,False
JMULJIQFSHBVOR-UHFFFAOYSA-N,5.29499,5.29499,True,True,False
DXZUJGHPCQSCHE-UHFFFAOYSA-N,5.96138,5.96138,True,True,False
XGLLPXIGVHKLST-UHFFFAOYSA-N,5.66234,5.66234,True,True,False
MIIFHVXEAJWDFO-UHFFFAOYSA-N,6.29328,6.29328,True,True,False
MNYMTRSJCXHXCH-UHFFFAOYSA-N,6.16052,6.16052,True,True,False
WXMOKZNUJCRTEO-UHFFFAOYSA-N,6.28567,6.28567,True,True,False
SQXUZVAZCVIHFU-UHFFFAOYSA-N,5.95782,5.95782,True,True,False
MKGIGQPTXXJMDY-UHFFFAOYSA-N,5.75572,5.75572,True,True,False
KEUNJQULSSTRRQ-UHFFFAOYSA-N,5.62197,5.62197,True,True,False
KZIUKYUXSWKSDB-UHFFFAOYSA-N,5.5187,5.5187,True,True,False
CTEPQURVBGQIEL-UHFFFAOYSA-N,5.51329,5.51329,True,True,False
WNJKRYQIWPFOOG-UHFFFAOYSA-N,5.96218,5.96218,True,True,False
QHSNOGOBQIARBJ-UHFFFAOYSA-N,5.38796,5.38796,True,True,False
VKIJTFYGLUKRHX-UHFFFAOYSA-N,6.20621,6.20621,True,True,False
QGTSXUHNDBYUKW-UHFFFAOYSA-N,5.60189,5.60189,True,True,False
GZRZTVNBEPEBSU-UHFFFAOYSA-N,5.35734,5.35734,True,True,False
MAPUWPDSUZHELW-UHFFFAOYSA-N,8.58503,8.58503,True,True,False
YLNKOYUKDZZJOW-UHFFFAOYSA-N,8.3279,8.3279,True,True,False
YNKUUJYZUJYJRR-UHFFFAOYSA-N,9.0,9.0,True,True,False
UEHKJGRQXQMNEA-UHFFFAOYSA-N,7.08831,7.08831,True,True,False
IGURROANDGIDJI-UHFFFAOYSA-N,8.04576,8.04576,True,True,False
LXDZCXRWZBSWSC-UHFFFAOYSA-N,5.85574,5.85574,True,True,False
RXSPMQWZEIHVDM-UHFFFAOYSA-N,5.88406,5.88406,True,True,False
CWBJELZIHSQSHL-UHFFFAOYSA-N,6.44612,6.44612,True,True,False
QUKLTKQLXYSPFO-UHFFFAOYSA-N,6.64397,6.64397,True,True,False
NTIXCYUTHPYLGJ-UHFFFAOYSA-N,8.40894,8.40894,True,True,False
QNQQDGVPEJIAKF-UHFFFAOYSA-N,5.65758,5.65758,True,True,False
BONSTVLWAPBWEJ-LZZMJICFSA-N,5.26664,5.26664,True,True,False
GHNRWPLXCBXYEM-HFYPTWNKSA-N,5.99913,5.99913,True,True,False
GLSRNLVTJIASQO-MQHRBSSMSA-N,6.86012,6.86012,True,True,False
OCGOVZKWSYWPMO-DUDRRYTISA-N,6.92082,6.92082,True,True,False
XCWQKCHWOQFCQT-FIKWBYJGSA-N,7.50864,7.50864,True,True,False
DUJZJMXOJAJFRY-HFYPTWNKSA-N,7.63827,7.63827,True,True,False
GRGRSPYUJIFMHC-AEOVLEPASA-N,7.74473,7.74473,True,True,False
RKHGQLCCNBYMJX-BWTSREIZSA-N,8.76955,8.76955,True,True,False
MFZFTIAUXVYCFV-UHFFFAOYSA-N,8.73993,8.73993,True,True,False
XVFMIEFXOOYHGW-UHFFFAOYSA-N,8.61979,8.61979,True,True,False
LODADOWHBHYNFI-UHFFFAOYSA-N,8.59007,8.59007,True,True,False
KQBINWYKLBXRPW-UHFFFAOYSA-N,8.6216,8.6216,True,True,False
ZBIXRKNNTMNYEM-UHFFFAOYSA-N,9.38722,9.38722,True,True,False
GJLRIIBNLFEURH-UHFFFAOYSA-N,9.20066,9.20066,True,True,False
REJJQNQSWRYGAY-UHFFFAOYSA-N,8.90309,8.90309,True,True,False
UTWQQVAXYHDONA-DMKCZBPRSA-N,5.79317,5.79317,True,True,False
OMZOMTHYCJMWFQ-FVLCUVFVSA-N,5.36452,5.36452,True,True,False
ZPBAYYLTKSQPGE-UDSSINMLSA-N,5.49757,5.49757,True,True,False
VBKMVDBQDDXULM-UXYIHQQYSA-N,5.39794,5.39794,True,True,False
ZEZHVLKHFYAVTB-PYMCNQPYSA-N,8.22185,8.22185,True,True,False
QIYIAVWWIGXXBQ-QWAKEFERSA-N,7.56864,7.56864,True,True,False
SRVYFUQBPJZPMS-BDYUSTAISA-N,7.65758,7.65758,True,True,False
GAESUMXHPCHJKQ-UHFFFAOYSA-N,9.23657,9.23657,True,True,False
RWXZXJNJQZFMAE-UHFFFAOYSA-N,5.92082,5.92082,True,True,False
KUHCABBCAHJPQR-UHFFFAOYSA-N,6.31876,6.31876,True,True,False
RYVDJROSDCHIPC-UHFFFAOYSA-N,6.33724,6.33724,True,True,False
KOLQZDAHCMXISM-UHFFFAOYSA-N,6.3279,6.3279,True,True,False
NQNJDDJLRMICLQ-UHFFFAOYSA-N,5.92082,5.92082,True,True,False
LMSJPMKZTVCUMM-UHFFFAOYSA-N,5.92082,5.92082,True,True,False
XEKGDDSQICBFDK-UHFFFAOYSA-N,6.04096,6.04096,True,True,False
JFBYGVYECDFTLS-UHFFFAOYSA-N,5.76955,5.76955,True,True,False
UXFJYPQDRBVIIL-UHFFFAOYSA-N,5.82391,5.82391,True,True,False
HUXCCRUQLRWJNF-UHFFFAOYSA-N,6.25964,6.25964,True,True,False
QLJQCJJMXAPXRX-UHFFFAOYSA-N,6.48149,6.48149,True,True,False
KUBYHRTYKKZBKV-UHFFFAOYSA-N,6.25181,6.25181,True,True,False
JORAAUMJWAFSIM-UHFFFAOYSA-N,5.95861,5.95861,True,True,False
HKIDXMKKZYHFEM-UHFFFAOYSA-N,5.869965,5.869965,True,True,False
MWFBGTXYOJLQIW-UHFFFAOYSA-N,6.42022,6.42022,True,True,False
LSEUJBVYGRJBEU-UHFFFAOYSA-N,5.65758,5.65758,True,True,False
OWFPUTJZUAQYFR-UHFFFAOYSA-N,7.68194,7.68194,True,True,False
BVWLKHFEAAHNIO-UHFFFAOYSA-N,8.59517,8.59517,True,True,False
PXDDKQXHQWPKJR-UHFFFAOYSA-N,5.89963,5.89963,True,True,False
CIAUOFBPIZNSLU-UHFFFAOYSA-N,7.39794,7.39794,True,True,False
BBPYQOCREQEZQX-UHFFFAOYSA-N,8.24336,8.24336,True,True,False
LXPPUCDCZRFXKD-UHFFFAOYSA-N,7.32606,7.32606,True,True,False
JGUNLVMXZSXJHV-UHFFFAOYSA-N,8.29243,8.29243,True,True,False
PDWLKJVPQVBZOR-UHFFFAOYSA-N,7.76955,7.76955,True,True,False
AEQOQTVQIUOOKP-UHFFFAOYSA-N,8.55129,8.55129,True,True,False
XCVWIWZWCXBMOJ-UHFFFAOYSA-N,6.73518,6.73518,True,True,False
BMTLZVAZBOEBJY-UHFFFAOYSA-N,7.8729,7.8729,True,True,False
SWOVBPBKUPCUET-UHFFFAOYSA-N,7.7167,7.7167,True,True,False
RHRPEZRIYKIIFR-UHFFFAOYSA-N,8.37779,8.37779,True,True,False
CIMNCRAYKQYYMB-HKOYGPOVSA-N,7.65365,7.65365,True,True,False
CZQSTWRTKNOMPM-BMRADRMJSA-N,7.20971,7.20971,True,True,False
UAELRVBKGQGVOE-WYMLVPIESA-N,7.70553,7.70553,True,True,False
TXTFWJUWTBOXCY-UHFFFAOYSA-O,5.13668,5.13668,True,True,False
HDXNOXGBBUGQSX-YCRREMRBSA-N,7.03621,7.03621,True,True,False
QOEIFKBUDHUWRG-VQHVLOKHSA-O,7.7167,7.7167,True,True,False
CTAZCILTEPEKBH-UXBLZVDNSA-O,8.0655,8.0655,True,True,False
HVTCKKMWZDDWOY-UHFFFAOYSA-O,5.10791,5.10791,True,True,False
DAHMYCXNJSCLGA-UHFFFAOYSA-O,5.63827,5.63827,True,True,False
BINZQDMZAMRQON-YBFXNURJSA-N,7.20066,7.20066,True,True,False
BINZQDMZAMRQON-UHFFFAOYSA-N,6.59688,6.59688,True,True,False
GCUUMOLNVMESBD-CPNJWEJPSA-N,6.21325,6.21325,True,True,False
GCUUMOLNVMESBD-UHFFFAOYSA-N,5.88273,5.88273,True,True,False
RCWXHDBGQZGVNI-XDHOZWIPSA-N,6.94692,6.94692,True,True,False
RCWXHDBGQZGVNI-UHFFFAOYSA-N,6.29671,6.29671,True,True,False
RCWXHDBGQZGVNI-UNOMPAQXSA-N,5.9393,5.9393,True,True,False
HIBLJTJFHVLUBG-XDHOZWIPSA-N,6.01592,6.01592,True,True,False
HIBLJTJFHVLUBG-UHFFFAOYSA-N,5.95861,5.95861,True,True,False
UAPMQEQMDPDITR-UHFFFAOYSA-N,6.19382,6.19382,True,True,False
AACVKVMUDUPMQI-UHFFFAOYSA-N,6.00524,6.00524,True,True,False
MXOTUGVPFHXUME-UHFFFAOYSA-N,6.09745,6.09745,True,True,False
JVNBOQLTIAVWEN-UHFFFAOYSA-N,6.07314,6.07314,True,True,False
VILNYSOFQITFJL-UHFFFAOYSA-N,7.284,7.284,True,True,False
ORSGWXOUQFWSGX-UHFFFAOYSA-N,6.04431,6.04431,True,True,False
QQJBAGHKNSFEOS-UHFFFAOYSA-N,6.03953,6.03953,True,True,False
VMACFTQBTNAOOJ-UHFFFAOYSA-N,7.16749,7.16749,True,True,False
GIAJXBVCANDIRN-UHFFFAOYSA-N,6.77848,6.77848,True,True,False
YBILVISNRAVIPV-UHFFFAOYSA-N,5.010635000000001,5.010635000000001,True,True,False
HTNKYLZCROSXPM-UHFFFAOYSA-N,6.174065000000001,6.174065000000001,True,True,False
GOVLNEXCLWEPBN-UHFFFAOYSA-N,5.683985,5.683985,True,True,False
DMOAIGPIPAOVKX-UHFFFAOYSA-N,7.21827,7.21827,True,True,False
UHBNUHALRRHSEI-UHFFFAOYSA-N,5.0,4.99741,True,True,True
UAHDIKFHLMWTTE-ZPOGELFWSA-N,6.19382,6.19382,True,True,False
KVJZTPHJCIMWTR-JYOAFUTRSA-N,5.06956,5.06956,True,True,False
OEZBWVDBROYJOW-LICLKQGHSA-N,5.13253,5.13253,True,True,False
LCMWMPPNVNTYKF-KSEXSDGBSA-N,9.82391,9.82391,True,True,False
PMBFHRFBVLAAAI-UHFFFAOYSA-N,5.00789,5.00789,True,True,False
PUEOTPVKJIFUJO-UHFFFAOYSA-N,5.34104,5.34104,True,True,False
MEQXHKNKEORMGO-UHFFFAOYSA-N,5.28904,5.28904,True,True,False
BXIOHUDJFOISAV-UHFFFAOYSA-N,5.00261,5.00261,True,True,False
RHNUQUBOFJPVQT-UHFFFAOYSA-N,5.39794,5.39794,True,True,False
GDRNTAGWOJVGBL-UHFFFAOYSA-N,5.19382,5.19382,True,True,False
DVLUABFMKPMTHL-UHFFFAOYSA-N,6.00436,6.00436,True,True,False
ZRIATZZGPDRBDZ-UHFFFAOYSA-N,5.42136,5.42136,True,True,False
FJTAEXLOOHICDN-UHFFFAOYSA-N,6.05552,6.05552,True,True,False
JFUFSEXREKKJTN-UHFFFAOYSA-N,5.0,5.0,True,True,False
VBLIZEIXBKDACF-UHFFFAOYSA-N,5.56067,5.56067,True,True,False
TYEZOYJRIMAXMA-UHFFFAOYSA-N,6.09151,6.09151,True,True,False
XJGKAXITBMNERI-UHFFFAOYSA-N,6.31876,6.31876,True,True,False
IRQIUGGXEPXXJY-UHFFFAOYSA-N,6.38722,6.38722,True,True,False
NXPVMNJFZMAIML-UHFFFAOYSA-N,5.10182,5.10182,True,True,False
TUKXXYVPWUSZAM-UHFFFAOYSA-N,6.46852,6.46852,True,True,False
RKANPVDHWNNOIX-UHFFFAOYSA-N,6.61979,6.61979,True,True,False
LVMJSGWUSMSUOD-UHFFFAOYSA-N,5.41794,5.41794,True,True,False
BQFAYRBTODBBSH-UHFFFAOYSA-N,5.28233,5.28233,True,True,False
OTKIZSHLVPXZAG-UHFFFAOYSA-N,5.76955,5.76955,True,True,False
JIGJRZZQZSNHLN-UHFFFAOYSA-N,6.91364,6.91364,True,True,False
QKKQPTQHEUIDJV-UHFFFAOYSA-N,6.98716,6.98716,True,True,False
LCZPCAYSLMBKLO-UHFFFAOYSA-N,6.29328,6.29328,True,True,False
FWDVLVZVHRZRAM-UHFFFAOYSA-N,6.1152,6.1152,True,True,False
SJVAIPRSGJQDIC-UHFFFAOYSA-N,6.22548,6.22548,True,True,False
PTQTWXRMDHUUQG-UHFFFAOYSA-N,5.8962,5.8962,True,True,False
UXCXYERTOFOPQT-UHFFFAOYSA-N,6.86967,6.86967,True,True,False
GKWIIBXDVVYQCP-UHFFFAOYSA-N,6.05552,6.05552,True,True,False
KWJWMJSYPDQVAD-UHFFFAOYSA-N,5.77469,5.77469,True,True,False
KJLQZKUKATZVAQ-UHFFFAOYSA-N,6.13371,6.13371,True,True,False
DIPUHFMEXYWVPD-UHFFFAOYSA-N,9.09691,9.09691,True,True,False
LFMKGNKNBKYFSY-UHFFFAOYSA-N,8.55284,8.55284,True,True,False
NBLNVKTYUBMWMT-UHFFFAOYSA-N,7.37675,7.37675,True,True,False
BVPDBXVSZHOTFR-UHFFFAOYSA-N,6.86646,6.86646,True,True,False
ICWISHUNHXKOMC-UHFFFAOYSA-N,7.04576,7.04576,True,True,False
HURQPHROLGROAJ-UHFFFAOYSA-N,6.00305,6.00305,True,True,False
YRWJEVUHKGNJHE-UHFFFAOYSA-N,6.04576,6.04576,True,True,False
NQWLATYSYQROLX-UHFFFAOYSA-N,6.52288,6.52288,True,True,False
AJIIKPBRJPXZMA-UHFFFAOYSA-N,6.72354,6.72354,True,True,False
TZXNDDPYDWYKHX-PWSUYJOCSA-N,5.24336,5.24336,True,True,False
UZXQWOTYFRAWSY-VAWYXSNFSA-N,7.0,7.0,True,True,False
ODPBEOCHSYLAAK-UHFFFAOYSA-N,6.84771,6.84771,True,True,False
UHOTUSHGWTWEAM-UHFFFAOYSA-N,6.66555,6.66555,True,True,False
GVDQRHZTBDTQBI-UHFFFAOYSA-N,6.27165,6.27165,True,True,False
WHVZYWOSAKGOJG-UHFFFAOYSA-N,6.64782,6.64782,True,True,False
XJALVWNRLTXILY-UHFFFAOYSA-N,6.08619,6.08619,True,True,False
QWKCJRVELMKAKZ-MDZDMXLPSA-N,5.5784,5.5784,True,True,False
DXJLEIVEYFLNDY-AATRIKPKSA-N,5.55284,5.55284,True,True,False
SIZIRUSXNIUVQH-CMDGGOBGSA-N,5.74473,5.74473,True,True,False
SVFJYZVSHWUWHU-VOTSOKGWSA-N,5.74473,5.74473,True,True,False
MNOAIZGZMMBMDR-ONEGZZNKSA-N,5.74473,5.74473,True,True,False
PPHKMHMVYFIODG-VOTSOKGWSA-N,5.74473,5.74473,True,True,False
LHNGYBCRWZUKJD-ONEGZZNKSA-N,5.74473,5.74473,True,True,False
WMOIBRASIVKPQO-RMKNXTFCSA-N,5.74473,5.74473,True,True,False
QIMIRHMROLJATG-SNAWJCMRSA-N,5.74473,5.74473,True,True,False
WTWKEUPSPLHYDX-JRRWEWNMSA-N,7.10237,7.10237,True,True,False
BIDBTSDAWASQET-UHFFFAOYSA-N,5.58004,5.58004,True,True,False
GLPOBZBQMRDBEA-UHFFFAOYSA-N,5.34679,5.34679,True,True,False
KYZDSNSHJIAEDG-MLGMXDONSA-N,7.45643,7.45643,True,True,False
OKALXOHKHKGSNF-UHFFFAOYSA-N,8.02045,8.02045,True,True,False
MJPUSTKHUHNRCG-UHFFFAOYSA-N,5.28567,5.28567,True,True,False
JPSMOGYAVYUWKI-UHFFFAOYSA-N,6.30103,6.30103,True,True,False
IMKHDCBNRDRUEB-UHFFFAOYSA-N,7.52244,7.52244,True,True,False
ZHIZWWLUDBQEIU-UHFFFAOYSA-N,5.4828,5.4828,True,True,False
ZVPJJAMHJWQHGT-JKSUJKDBSA-N,7.55284,7.55284,True,True,False
HAJGYMFEBBKKTC-UHFFFAOYSA-N,6.79588,6.79588,True,True,False
CEQFRYMDADEDKF-RVDMUPIBSA-N,7.34679,7.34679,True,True,False
FFVCKFMEGAGPOX-UKTHLTGXSA-N,5.53462,5.53462,True,True,False
GWNQGNBUWFEIQD-XYOKQWHBSA-N,6.24413,6.24413,True,True,False
KNWDCQYJQCVXHS-UHFFFAOYSA-N,5.01323,5.01323,True,True,False
SHJXYTKJNPPAHC-UHFFFAOYSA-N,5.24718,5.24718,True,True,False
LGYPFYLGAJMCPY-UHFFFAOYSA-N,5.32239,5.32239,True,True,False
JVYDJHPQTXVJJZ-UHFFFAOYSA-N,5.09691,5.09691,True,True,False
RSEVMSVAXAZESV-UHFFFAOYSA-N,5.71086,5.71086,True,True,False
ALQDGYVZZVYOGY-UHFFFAOYSA-N,6.52143,6.52143,True,True,False
STOKSOGOBDVDSS-UHFFFAOYSA-N,6.18177,6.18177,True,True,False
SHSAGNIXIDZUQJ-UHFFFAOYSA-N,6.56067,6.56067,True,True,False
HRBPSWQZOHNNRA-UHFFFAOYSA-N,6.07366,6.07366,True,True,False
KDMZZYWXGOGWFK-UHFFFAOYSA-N,7.46852,7.46852,True,True,False
SODDJOOZEVURLA-UHFFFAOYSA-N,6.63827,6.63827,True,True,False
RZZFSSACAFOYKN-UHFFFAOYSA-N,5.7508,5.7508,True,True,False
HRVJOYKYWBNCNN-UHFFFAOYSA-N,6.92812,6.92812,True,True,False
COXUDBLORLPKBL-UHFFFAOYSA-N,6.35655,6.35655,True,True,False
XAPKYBVMPJHUOI-UHFFFAOYSA-N,7.20761,7.20761,True,True,False
VTKIALXGDMRVEJ-UHFFFAOYSA-N,5.91471,5.91471,True,True,False
PXAAXYLLOLXDGK-UHFFFAOYSA-N,5.72469,5.72469,True,True,False
AAIVPEBVZWQHCI-UHFFFAOYSA-N,6.61083,6.61083,True,True,False
BUHJJQVDONAZDM-UHFFFAOYSA-N,6.09098,6.09098,True,True,False
CEOCITIVLDEXBN-UHFFFAOYSA-N,6.52433,6.52433,True,True,False
QELNVWZDMSBUAV-UHFFFAOYSA-N,7.25181,7.25181,True,True,False
QAKQWGSCAYEALR-UHFFFAOYSA-N,6.74473,6.74473,True,True,False
GYFOEEWMQWJFGZ-UHFFFAOYSA-N,6.11748,6.11748,True,True,False
JHKMYOWNYNDGJT-UHFFFAOYSA-N,6.88273,6.88273,True,True,False
GHXSXRQVSCGYBK-UHFFFAOYSA-N,5.59482,5.59482,True,True,False
FBSRIKWLHNRNMA-UHFFFAOYSA-N,6.01144,6.01144,True,True,False
RWHDNJUCQNGPQG-UHFFFAOYSA-N,5.19511,5.19511,True,True,False
LGIBRHXFGQHKKA-UHFFFAOYSA-N,6.28316,6.28316,True,True,False
ODICAYAMQUQPSL-UHFFFAOYSA-N,5.95468,5.95468,True,True,False
YHAGFQQXUBFFNL-UHFFFAOYSA-N,6.52143,6.52143,True,True,False
GYJGARZINSSEOU-UHFFFAOYSA-N,7.03152,7.03152,True,True,False
IQPAASSVZQNYRK-UHFFFAOYSA-N,5.05651,5.05651,True,True,False
UPSWPRKJYJNTEG-UHFFFAOYSA-N,6.45593,6.45593,True,True,False
YDNLMFWVFUODEG-UHFFFAOYSA-N,5.40671,5.40671,True,True,False
KAFBBPBROARMRS-UHFFFAOYSA-N,7.38722,7.38722,True,True,False
GMGHYXPXMAUZFF-UHFFFAOYSA-N,5.47886,5.47886,True,True,False
WTPMKFXZAUAECV-UHFFFAOYSA-N,7.83863,7.83863,True,True,False
MSNDBGHTMCHRQB-UHFFFAOYSA-N,8.56703,8.56703,True,True,False
LCWAVZISUIFMQY-UHFFFAOYSA-N,7.88941,7.88941,True,True,False
VPHLBLQNXMWQOL-XZOQPEGZSA-N,8.7122,8.7122,True,True,False
VPHLBLQNXMWQOL-PKTZIBPZSA-N,5.77989,5.77989,True,True,False
SDHJEPJJARZDKU-UHFFFAOYSA-N,5.06687,4.983765,True,True,True
SZOBDUWPNZYVFT-UHFFFAOYSA-N,5.10585,5.10585,True,True,False
HPKITNCURKBAEB-UHFFFAOYSA-N,7.31966,7.31966,True,True,False
ZPQCQCBRYIFSRA-UHFFFAOYSA-N,6.99482,6.99482,True,True,False
QUOFUFOKIMRNON-UHFFFAOYSA-N,5.86391,5.86391,True,True,False
YDDBFPXJGMVSMN-UHFFFAOYSA-N,6.81844,6.81844,True,True,False
BFSKPRUNBBMNCF-UHFFFAOYSA-N,5.25964,5.25964,True,True,False
ZRTFTZCKJUNZIU-HNNXBMFYSA-N,6.60206,6.60206,True,True,False
BQVZIZUQUFCCJT-UHFFFAOYSA-N,8.69897,8.69897,True,True,False
WAPSZYCQSRLWDS-UHFFFAOYSA-N,7.88606,7.88606,True,True,False
QIYIAVWWIGXXBQ-CTNGQTDRSA-N,5.57675,5.57675,True,True,False
QUSFPQCZHHBDSB-UHFFFAOYSA-N,8.1549,8.1549,True,True,False
YHZLWNOQTNOLTB-KTXUZGJCSA-N,7.69897,7.69897,True,True,False
ZSFKPACEHFMZRW-JCDSVUNTSA-N,7.08938,7.08938,True,True,False
HUGQDDJXYKRDAL-UHFFFAOYSA-N,7.23657,7.23657,True,True,False
DLFRLEXQOLTDLP-UHFFFAOYSA-N,5.38195,5.38195,True,True,False
BTGOFNKIKCWRND-MIXAMLLLSA-N,9.284,9.284,True,True,False
XJZIWUHHQSHKBY-DTQAZKPQSA-N,8.87615,8.87615,True,True,False
NIVUGJNFXBTADH-UHFFFAOYSA-N,9.13668,9.13668,True,True,False
RTMBGYVFBGIVHT-UHFFFAOYSA-N,8.92082,8.92082,True,True,False
JNGNBJCWEIWRCU-PKOBYXMFSA-N,6.60206,6.60206,True,True,False
AGATWFCSQRRDGY-UHFFFAOYSA-N,5.39794,5.112375,True,True,True
ZRQDTMBPMKTABL-UHFFFAOYSA-N,7.0,7.0,True,True,False
ZXMQJWJQVOCYQO-UHFFFAOYSA-N,6.28316,6.28316,True,True,False
RIBSWIDLITYLHS-UHFFFAOYSA-N,6.98297,6.98297,True,True,False
QPKSHJTZCXULAH-UHFFFAOYSA-N,8.16749,8.16749,True,True,False
IKYVMKQIWKXWDL-UHFFFAOYSA-N,6.9431,6.9431,True,True,False
LPNBFWMWGSHSBN-UHFFFAOYSA-N,9.67985,9.67985,True,True,False
HIPJVPOPOSHDET-JOCHJYFZSA-N,6.56225,6.56225,True,True,False
URHPFANOQLIROT-UHFFFAOYSA-N,5.26761,5.26761,True,True,False
QMBDDIDQNMQRSU-BKUYFWCQSA-N,6.090785,6.090785,True,True,False
HQJYIGWZKZCCJR-HMAPJEAMSA-N,6.79588,6.79588,True,True,False
VGAYEOMAXFNLKY-PGMHBOJBSA-N,6.45842,6.45842,True,True,False
YWHGWLVJNDHIIG-JCMHNJIXSA-N,6.07314,6.07314,True,True,False
ZKQXQSZQKROBLG-HKWRFOASSA-N,6.2636,6.2636,True,True,False
YDCOHZVNWJNAOQ-NDENLUEZSA-N,6.19179,6.19179,True,True,False
UEXLOTFOJDXOMW-KQWNVCNZSA-N,7.34679,7.34679,True,True,False
XODOSMJGHSZKEN-UHFFFAOYSA-N,5.0,5.0,True,True,False
LCMWUFLTMJGHMS-PNQUVVCRSA-N,5.28432,5.28432,True,True,False
XAYKMQRPZRNJNL-UHFFFAOYSA-N,5.0,5.0,True,True,False
LHSUEACWFJGZKG-UHFFFAOYSA-N,5.69897,5.69897,True,True,False
MUZBUQZTAYXBFD-UHFFFAOYSA-N,7.04576,7.04576,True,True,False
QLPTZIUFLDAANA-UHFFFAOYSA-N,7.0,7.0,True,True,False
JBPRHOFASBBREV-WASYMBJWSA-N,7.82391,7.82391,True,True,False
OTGGFKLZXIIMFI-WVVCCSDTSA-N,6.29243,6.29243,True,True,False
KECMUWNFMHXRRG-YJKCNMNRSA-N,7.33724,7.33724,True,True,False
CSWOSIGYTTVABX-POZMXKMPSA-N,6.82391,6.82391,True,True,False
NUEAHYMDXCXIOO-CWAJCWQHSA-N,5.92445,5.92445,True,True,False
HFVRGDZYGPOTOS-MBJURZOESA-N,5.31426,5.31426,True,True,False
JJNNHTVFAVRIPN-ZJWNILRBSA-N,6.39794,6.39794,True,True,False
SPRDUHMXZHAPRQ-INXUWUOZSA-N,6.45593,6.45593,True,True,False
JNNSZXVFWZVNAW-LCUIJRPUSA-N,6.72125,6.72125,True,True,False
FTVCQIIFMKONLM-WMZOPIPTSA-N,5.1549,5.1549,True,True,False
MMBVAEXRQVWGSC-WMZOPIPTSA-N,5.76955,5.76955,True,True,False
LTTDIGGNYFTEAC-ZFNBISBQSA-N,5.55909,5.55909,True,True,False
RNXRJVOLCWAMHV-HDXZJQDKSA-N,5.63639,5.63639,True,True,False
RNECQBIPECTYJA-ZKYHXBHASA-N,5.72354,5.72354,True,True,False
FCBGXWQSWZDDJH-UHFFFAOYSA-N,6.99568,6.99568,True,True,False
AHKYADRRQAQSLQ-UHFFFAOYSA-N,7.85387,7.85387,True,True,False
SZNDVDHYJXHIKM-UHFFFAOYSA-N,7.51627,7.51627,True,True,False
KQDHFACJRWAFSW-UHFFFAOYSA-N,6.26761,6.26761,True,True,False
GUZRNQYRVJZURX-OQXPWLBDSA-N,5.4318,5.4318,True,True,False
WFJDTYSQBHCNGC-LWZURRPWSA-N,5.49485,5.49485,True,True,False
SIMPNXWTAVEOTO-RKQHYHRCSA-N,5.34199,5.34199,True,True,False
ALYNPVYOZBYRJK-HXBYHMEXSA-N,6.12494,6.12494,True,True,False
SNGVLDNQSXBDPZ-UHFFFAOYSA-N,5.39794,5.39794,True,True,False
TXKCDCFEHZVGFL-UHFFFAOYSA-N,5.72125,5.72125,True,True,False
OZJRXWDHWHJZMC-BEFAXECRSA-N,5.60206,5.60206,True,True,False
WXIJGUPZJIXTMQ-UHFFFAOYSA-N,5.69897,5.69897,True,True,False
TZAAYQWHBGCWJN-UHFFFAOYSA-O,6.60206,6.60206,True,True,False
OHPSPRKKTRQQNU-UHFFFAOYSA-N,5.8881250000000005,5.8881250000000005,True,True,False
ZWUSTXCHVYMQTF-UHFFFAOYSA-N,6.37675,6.37675,True,True,False
TYLORRYICLSBDT-UHFFFAOYSA-N,6.5376,6.5376,True,True,False
PFXJDWFVKKAJGD-UHFFFAOYSA-N,6.61979,6.61979,True,True,False
AYDVADIGEZQAHF-UHFFFAOYSA-N,6.387345,6.387345,True,True,False
MFVMDTXSADLNMJ-UHFFFAOYSA-N,6.52288,6.52288,True,True,False
NMBBYUYGEOQGLX-UHFFFAOYSA-N,6.52288,6.52288,True,True,False
KVANOXIAOYTXBY-VWERDZHISA-N,7.4437,7.4437,True,True,False
KVANOXIAOYTXBY-ZBWWXOROSA-N,7.49485,7.49485,True,True,False
NGKJYYMHPLWVQZ-AFPLUKJUSA-N,7.82391,7.82391,True,True,False
NGKJYYMHPLWVQZ-QIKUIUABSA-N,7.50864,7.50864,True,True,False
XBLBEGLFURYCBO-UHFFFAOYSA-N,9.22185,9.22185,True,True,False
AXSJTNLXZJWIFL-UHFFFAOYSA-N,9.30103,9.30103,True,True,False
FCMMSENDHUPIRC-UHFFFAOYSA-N,6.95861,6.95861,True,True,False
UDHBHTHWWOQPBW-UHFFFAOYSA-O,5.38722,5.38722,True,True,False
XZQUVTLVZJAMJU-UHFFFAOYSA-N,5.82391,5.82391,True,True,False
GPJAPXFGINNPKO-UHFFFAOYSA-N,5.82391,5.82391,True,True,False
MFBLJEWYMXQAKA-UHFFFAOYSA-N,5.82391,5.82391,True,True,False
NKKITZOSLYEBJO-UHFFFAOYSA-N,5.52288,5.52288,True,True,False
VJJLRVDUFIKWCM-LEKKXJIISA-O,5.38722,5.38722,True,True,False
XAYUCVICBPYPRE-RUPNCQHISA-N,5.72125,5.72125,True,True,False
WYTGDNHDOZPMIW-VBNZEHGJSA-O,6.10791,6.10791,True,True,False
WYQIPCUPNMRAKP-UHFFFAOYSA-O,5.82391,5.82391,True,True,False
TZGQRNCWGBGNCJ-UHFFFAOYSA-N,5.46852,5.46852,True,True,False
LWYDBOHLFCMJNH-UHFFFAOYSA-N,7.5376,7.5376,True,True,False
WLAAJJZNAFKAMK-UHFFFAOYSA-N,8.0,8.0,True,True,False
WVGABZRHRYHCCO-XSFVSMFZSA-N,6.52288,6.52288,True,True,False
OHBHEABPPWROKD-UHFFFAOYSA-N,5.25649,5.25649,True,True,False
OIIHAUYKICHNQI-UHFFFAOYSA-N,5.58503,5.58503,True,True,False
WWKQQRVQGOUIMX-UHFFFAOYSA-N,5.28483,5.28483,True,True,False
QAMABQFUDMLHGO-UHFFFAOYSA-N,5.34486,5.34486,True,True,False
QKXAMYHLNVXQGM-UHFFFAOYSA-N,5.79317,5.79317,True,True,False
FMUARSILENPDKK-UHFFFAOYSA-N,5.68613,5.68613,True,True,False
DZRJUXUROORQOH-UHFFFAOYSA-N,5.20551,5.20551,True,True,False
VSDNNQHHKUMUKF-UHFFFAOYSA-N,6.22185,6.22185,True,True,False
CJKAOSXSHTYWOT-UHFFFAOYSA-N,5.10182,5.10182,True,True,False
REFJWTPEDVJJIY-UHFFFAOYSA-N,5.53611,5.53611,True,True,False
YHQUYJYCQFUYJC-UHFFFAOYSA-N,5.3363,5.3363,True,True,False
UFCLZKMFXSILNL-PSEXTPKNSA-N,5.66959,5.66959,True,True,False
IHLSBQVBFDTNTC-UHFFFAOYSA-N,5.60906,5.60906,True,True,False
UQYNGSPDPASNLN-BLAIOOKWSA-N,5.59346,5.59346,True,True,False
VKDMMOFAMUXTQZ-VLRRDGGXSA-N,5.03763,5.03763,True,True,False
VKDMMOFAMUXTQZ-AKMQMZFLSA-N,5.42366,5.42366,True,True,False
MSDHYTBXPYASNM-UHFFFAOYSA-N,5.24489,5.24489,True,True,False
FHYNTHBAMAEFJB-UHFFFAOYSA-N,5.33819,5.33819,True,True,False
MODXTBIKOSPADE-UHFFFAOYSA-N,6.78252,6.78252,True,True,False
KUZVHUCPWIDIGV-UHFFFAOYSA-N,6.8041,6.8041,True,True,False
HWDZHFHEYVMTKZ-UHFFFAOYSA-N,6.83863,6.83863,True,True,False
XDISZLBVVBRPIK-UHFFFAOYSA-N,8.00966,8.00966,True,True,False
XRTYGCKYPFSQNR-UHFFFAOYSA-N,8.07263,8.07263,True,True,False
JEPNAQSFBMZOEC-UHFFFAOYSA-N,8.38616,8.38616,True,True,False
NEQISCFVRYUHIP-UHFFFAOYSA-N,8.30691,8.30691,True,True,False
PGEVOJWBZHSHAR-UHFFFAOYSA-N,7.54363,7.54363,True,True,False
CAXDNLYPWQWWCX-UHFFFAOYSA-N,8.426695,8.426695,True,True,False
YKLYCPQJLBMMOK-UHFFFAOYSA-N,7.88606,7.88606,True,True,False
UHILWSKZCOLDGP-UHFFFAOYSA-N,7.1831,7.1831,True,True,False
ABXOSVSNRQUCLU-UHFFFAOYSA-N,7.5938,7.5938,True,True,False
YXGNCQQSGCFRBR-UHFFFAOYSA-N,7.08804,7.08804,True,True,False
AFNVVBKBUOQYFZ-UHFFFAOYSA-N,7.08698,7.08698,True,True,False
KIEWLGRGIVAZSL-BMRADRMJSA-N,7.25759,7.25759,True,True,False
JYQOQNLXJDCXHD-YCRREMRBSA-N,10.16749,10.16749,True,True,False
QQKLBMIMHAJCJI-YCRREMRBSA-N,9.47625,9.47625,True,True,False
XIJPSDHGQSTMMS-XVNBXDOJSA-N,9.65758,9.65758,True,True,False
NHZQTQJHVKGWNO-YCRREMRBSA-N,9.54668,9.54668,True,True,False
OAGDEHOMTUDPHF-XVNBXDOJSA-N,9.72125,9.72125,True,True,False
QLCWXMQTECDEPJ-QPJJXVBHSA-N,7.93107,7.93107,True,True,False
SOPWLEVFHSWSKJ-ZZXKWVIFSA-N,7.9594,7.9594,True,True,False
HEQJVGJFFZGZOW-QPJJXVBHSA-N,8.0278,8.0278,True,True,False
WZBZEXVUPQKLJA-VMPITWQZSA-N,7.96019,7.96019,True,True,False
ZGOGMVHNWUBZGX-UHFFFAOYSA-N,8.4908,8.4908,True,True,False
SCFYJLFSWICSOK-UHFFFAOYSA-N,8.46218,8.46218,True,True,False
AYKASAIWJOBKAM-UHFFFAOYSA-N,7.53775,7.53775,True,True,False
KZNYVZFDNAOGPE-UHFFFAOYSA-N,8.14327,8.14327,True,True,False
SKVONSLWYHHDMW-PNQUVVCRSA-N,5.11919,5.11919,True,True,False
JJXYJVCUHXNVFT-VVEOGCPPSA-N,5.26761,5.26761,True,True,False
DZXQKWIYTNJLDC-UHFFFAOYSA-N,5.52288,5.52288,True,True,False
OLKYAFAQLVOQDG-UHFFFAOYSA-N,5.52288,5.52288,True,True,False
DZJTVJGTZQRCHE-UHFFFAOYSA-N,5.52288,5.52288,True,True,False
HPHRYPTWOLJCAG-UHFFFAOYSA-N,5.52288,5.52288,True,True,False
OGKOZFQYRRVLDS-UHFFFAOYSA-N,5.52288,5.52288,True,True,False
LVUUTOUXLZZNQA-UHFFFAOYSA-N,5.52288,5.52288,True,True,False
OAIPPRYRUKGVPD-UHFFFAOYSA-N,5.52288,5.52288,True,True,False
QHRPUOKUBRYYKI-UHFFFAOYSA-N,5.52288,5.52288,True,True,False
GXFXMBTYRNXLMV-UHFFFAOYSA-N,5.52288,5.52288,True,True,False
XGJZBERLEOSMIT-UHFFFAOYSA-N,5.52288,5.52288,True,True,False
WKMBYPRUDNQPPA-UHFFFAOYSA-N,5.52288,5.52288,True,True,False
LRYCEYYGXGCVJT-UHFFFAOYSA-N,5.52288,5.52288,True,True,False
GLRZWGPLUSPXHR-UHFFFAOYSA-N,5.52288,5.52288,True,True,False
SZKGSGOFYXVKOX-UHFFFAOYSA-N,5.52288,5.52288,True,True,False
XZZUNARGJTUDCF-UHFFFAOYSA-N,5.52288,5.52288,True,True,False
RIKQUJZHAZWONQ-UHFFFAOYSA-N,6.13077,6.13077,True,True,False
OIQWPSGFYFVEPC-UHFFFAOYSA-N,5.52433,5.52433,True,True,False
DSACCWNHUDYWJF-UHFFFAOYSA-N,6.5376,6.5376,True,True,False
RRSJHXGJAMBCDJ-UHFFFAOYSA-N,6.42022,6.42022,True,True,False
DOTWPYOPUGDXID-UHFFFAOYSA-N,6.24413,6.24413,True,True,False
LXRBPWHQMGKMRT-GOSISDBHSA-N,5.11862,5.11862,True,True,False
QGTBKSTUWGAYSX-UHFFFAOYSA-N,5.92082,5.92082,True,True,False
PZLKJPRPEJQHPN-UHFFFAOYSA-N,8.1986,8.1986,True,True,False
GBQCLUQNACGFMJ-UHFFFAOYSA-N,8.12148,8.12148,True,True,False
AXGABLVKANFJCV-UHFFFAOYSA-N,7.95861,7.95861,True,True,False
HDCMDGLXHFWWIA-UHFFFAOYSA-N,7.56703,7.56703,True,True,False
IIVOUTDXRQRWCT-UHFFFAOYSA-N,6.97964,6.97964,True,True,False
MRGBLPQQHOOJIK-UHFFFAOYSA-N,7.0,7.0,True,True,False
RIGAZEFUPAYEBY-UHFFFAOYSA-N,5.56067,5.56067,True,True,False
QESLWZFHJYKHOG-UHFFFAOYSA-N,7.0,7.0,True,True,False
ITHOQDYOXKNLHE-CAPFRKAQSA-N,5.4045,5.4045,True,True,False
BENIBYVETVNODM-GHTZIAJQSA-N,5.284,5.284,True,True,False
DALMBCBRULLIPO-GHTZIAJQSA-N,6.85387,6.85387,True,True,False
UKAHGKQMJOMGBT-UHFFFAOYSA-N,9.284,9.284,True,True,False
RJYMXTYQGHBQCH-UHFFFAOYSA-N,5.11862,5.11862,True,True,False
BSRISIKVNVNLJD-UHFFFAOYSA-N,5.91009,5.91009,True,True,False
FMHFUABJEGMXDA-UHFFFAOYSA-N,5.43771,5.43771,True,True,False
BYPQEUFUCCZAJU-UHFFFAOYSA-N,5.67985,5.67985,True,True,False
NYFCTSGIAUTTNF-UHFFFAOYSA-N,6.26922,6.26922,True,True,False
MNUPLPUTMVVFAK-UHFFFAOYSA-N,5.93554,5.93554,True,True,False
BNGICRROXYSOFL-UHFFFAOYSA-N,6.76955,6.76955,True,True,False
XARSRMXMKNOSHZ-UHFFFAOYSA-N,5.53313,5.53313,True,True,False
OOHREKMRUITIOI-UHFFFAOYSA-N,5.19654,5.19654,True,True,False
DXQPJYSXJVUZSK-UHFFFAOYSA-N,6.12148,6.12148,True,True,False
BUXAAHHFQFLYHV-UHFFFAOYSA-N,5.35262,5.35262,True,True,False
HKJPSKQLHUWRSF-UHFFFAOYSA-N,5.00877,5.00877,True,True,False
ZSHWOZAWKHAWKL-UHFFFAOYSA-N,5.34104,5.34104,True,True,False
NGSSPAPFVVRZPW-UHFFFAOYSA-N,5.44977,5.44977,True,True,False
AVIFTUQCMKTSNJ-UHFFFAOYSA-N,5.16178,5.16178,True,True,False
ATQZQZVXRCSALL-UHFFFAOYSA-N,5.03716,5.03716,True,True,False
UHZOUSUGNFTACG-UHFFFAOYSA-N,5.14388,5.14388,True,True,False
KMKOTLZTNMZGJF-UHFFFAOYSA-N,6.0655,6.0655,True,True,False
NDXDTKKYWMJWOB-UHFFFAOYSA-N,8.19654,8.19654,True,True,False
XFWWVOBRRAOJSE-UHFFFAOYSA-N,8.19654,8.19654,True,True,False
LGHMDXIUHIJXQC-UHFFFAOYSA-N,8.19654,8.19654,True,True,False
IERDXPUHGSILLC-UHFFFAOYSA-N,8.19654,8.19654,True,True,False
MVUMPHQFSVJJDP-UHFFFAOYSA-N,8.19654,8.19654,True,True,False
WCXZTJJFOZNHMQ-UHFFFAOYSA-N,8.19654,8.19654,True,True,False
VBKJNIHVGMJOBE-UHFFFAOYSA-N,8.19654,8.19654,True,True,False
QEXVTTMBUODJLO-UHFFFAOYSA-N,8.19654,8.19654,True,True,False
YXLWPRMAXINOTF-UHFFFAOYSA-N,6.69897,6.69897,True,True,False
ICEPXSIJDOVNCF-UHFFFAOYSA-N,6.82391,6.82391,True,True,False
PIQISABDIQDKBY-DHZHZOJOSA-N,6.88606,6.88606,True,True,False
QFVGPABOTQMSSV-RMKNXTFCSA-N,6.79588,6.79588,True,True,False
FRBRZGLUFOZRGD-JVPBZIDWSA-N,5.1,5.1,True,True,False
HMRQNXQTMJUDBQ-UHFFFAOYSA-N,5.48945,5.48945,True,True,False
BUHWDQLEICJGTP-UHFFFAOYSA-N,6.17587,6.17587,True,True,False
VUEZWIALQTZWIP-UHFFFAOYSA-N,7.23433,7.23433,True,True,False
XNJHYFAIQOFIJJ-UHFFFAOYSA-N,6.91721,6.91721,True,True,False
FSAILKBVUYCXNV-UHFFFAOYSA-N,7.95468,7.95468,True,True,False
GKOUESSFMCKDBI-UHFFFAOYSA-N,8.25337,8.25337,True,True,False
XAWFXAPFQYDPBV-QFIPXVFZSA-N,5.213480000000001,5.213480000000001,True,True,False
PUQVZTVXJSQDBH-UHFFFAOYSA-N,6.2529,6.2529,True,True,False
ONFFSANHYPZSAW-UHFFFAOYSA-N,5.16647,5.16647,True,True,False
GTXNGJDFXPHWOA-UHFFFAOYSA-N,5.54775,5.54775,True,True,False
GQWXRMJFBBWGBU-UHFFFAOYSA-N,6.27474,6.27474,True,True,False
DSKDAAYTNXQGJV-UHFFFAOYSA-N,5.25259,5.25259,True,True,False
OKXFQHMUKASRBY-UHFFFAOYSA-N,5.33451,5.33451,True,True,False
WPZXTEAEXAJKLC-UHFFFAOYSA-N,6.27646,6.27646,True,True,False
WRQPYUZDNIDAKI-UHFFFAOYSA-N,5.44563,5.44563,True,True,False
BTEJXTBVWONFFU-UHFFFAOYSA-N,6.46814,6.46814,True,True,False
DRGVFCJQZHOVEJ-UHFFFAOYSA-N,5.96617,5.96617,True,True,False
XVBCFWNSQCHPTI-UHFFFAOYSA-N,6.90939,6.90939,True,True,False
RYFYERZCXQBRAD-UHFFFAOYSA-N,5.12344,5.12344,True,True,False
YMGWTTBRRFFMLN-UHFFFAOYSA-N,6.33339,6.33339,True,True,False
GAIKGEKRGGHCMZ-UHFFFAOYSA-N,5.27132,5.27132,True,True,False
VGOWRMCVCDHGIZ-UHFFFAOYSA-N,5.95821,5.95821,True,True,False
HHOQFQNZGOWBHS-UHFFFAOYSA-N,5.25493,5.25493,True,True,False
YMWARYCMQGOOCM-UHFFFAOYSA-N,5.1727,5.1727,True,True,False
LAMQUJNDYPKKMT-UHFFFAOYSA-N,6.47301,6.47301,True,True,False
VIMYNAVDKFZSJY-UHFFFAOYSA-N,5.83684,5.83684,True,True,False
RTSVPQGEMHVGDV-NZQKXSOJSA-N,5.10568,5.10568,True,True,False
DTVPCBIZJATWPE-LAUBAEHRSA-N,5.37059,5.37059,True,True,False
QDOARVWOVAHJIU-PGRDOPGGSA-N,5.44491,5.44491,True,True,False
ZPTZOXPYMMOGAB-OXJNMPFZSA-N,5.32331,5.32331,True,True,False
SDIALEIKIKXUSO-DYESRHJHSA-N,5.75696,5.75696,True,True,False
CFBPNQLXDNLVNE-HRAATJIYSA-N,5.61979,5.61979,True,True,False
PLFDOJBDYAWUKJ-DENIHFKCSA-N,5.05502,5.05502,True,True,False
YHMQNOUAEWRSMB-UHFFFAOYSA-N,7.60206,7.60206,True,True,False
ICNPKYKIVQPEDC-UHFFFAOYSA-N,8.09691,8.09691,True,True,False
IILWHJNAPFMQIG-UHFFFAOYSA-N,5.48149,5.48149,True,True,False
QEVHRUUCFGRFIF-MDEJGZGSSA-N,5.76955,5.76955,True,True,False
JTJQWNKGAGILHA-UHFFFAOYSA-N,7.74473,7.74473,True,True,False
AZQJBDNDDDGKPV-UHFFFAOYSA-N,7.046835,7.046835,True,True,False
FKBZPOPRHZPSRO-UHFFFAOYSA-N,7.19382,7.19382,True,True,False
PCEFDTXXUQXRHF-UHFFFAOYSA-N,7.22185,7.22185,True,True,False
BARZEIXSJGIODB-UHFFFAOYSA-N,6.04096,6.04096,True,True,False
POPGUCONQNKJKN-UHFFFAOYSA-N,6.49485,6.49485,True,True,False
MXESMWXWOKCZLG-UHFFFAOYSA-N,5.55596,5.55596,True,True,False
IKAVVQHSMHYMDJ-OHKUQIHYSA-N,5.13668,5.13668,True,True,False
SKPVSXMCZMZIKN-UHFFFAOYSA-N,5.081239999999999,5.081239999999999,True,True,False
YEDMNOZIAFUYSZ-UHFFFAOYSA-N,5.373395,5.373395,True,True,False
JIVUGVGICZGKIU-UHFFFAOYSA-N,5.48046,5.48046,True,True,False
HQVRKEQGOOXDCP-UHFFFAOYSA-N,5.02264,5.02264,True,True,False
LZKBTCQYBSXKFD-UHFFFAOYSA-N,5.42022,4.60206,True,True,True
SHGLJXBLXNNCTE-UHFFFAOYSA-N,5.82391,5.82391,True,True,False
HJPAZMJTDPKOLV-UHFFFAOYSA-N,6.14813,6.14813,True,True,False
JVSYOGDIPVRFMX-CMDGGOBGSA-N,5.85699,5.85699,True,True,False
STOAYYCAXYRSJU-MDZDMXLPSA-N,5.70333,5.70333,True,True,False
CQPIZDJANRHFKG-ZHACJKMWSA-N,6.67778,6.67778,True,True,False
NUNYQVNSVRDGSF-VAWYXSNFSA-N,7.27572,7.27572,True,True,False
NFKGOOFQVFDLFN-MDZDMXLPSA-N,5.21896,5.21896,True,True,False
LVKPJLCFXSUYOI-OUKQBFOZSA-N,6.42022,6.42022,True,True,False
COWSYZPNNFGXOD-UHFFFAOYSA-N,9.85387,9.85387,True,True,False
XUPZXSZNIKCMMD-UHFFFAOYSA-N,8.1549,8.1549,True,True,False
YCQCPYFOKZXUGC-UHFFFAOYSA-N,9.22185,9.22185,True,True,False
AAUBXOLWHARFEP-UHFFFAOYSA-N,9.39794,9.39794,True,True,False
KNRMIKZZOJGSJX-UHFFFAOYSA-N,10.0,10.0,True,True,False
GZNVWPUZAABVSS-UHFFFAOYSA-N,8.69897,8.69897,True,True,False
QETYDHWZWMJMKU-UHFFFAOYSA-N,9.0,9.0,True,True,False
HUBRSVWWLJIQNA-UHFFFAOYSA-N,9.30103,9.30103,True,True,False
RDSIJVSRSNHGQF-UHFFFAOYSA-N,9.69897,9.69897,True,True,False
BBNQQADTFFCFGB-UHFFFAOYSA-N,6.52288,6.52288,True,True,False
SQZUTUIJWZXJAX-UHFFFAOYSA-N,5.26841,5.26841,True,True,False
BPSDIQLSSVWJQS-UHFFFAOYSA-N,6.79588,6.79588,True,True,False
BYSNJAOABDTNBL-UHFFFAOYSA-N,5.71287,5.71287,True,True,False
YCVKLCITAUMFGJ-UHFFFAOYSA-N,7.76955,7.76955,True,True,False
AJZPRGAIPAIFGA-UHFFFAOYSA-N,5.2204,5.2204,True,True,False
KXTAITOAHXONFJ-UHFFFAOYSA-N,5.36211,5.36211,True,True,False
XORPGTGNAJHWCZ-UHFFFAOYSA-N,5.53121,5.53121,True,True,False
KXDQPAPDYNGFQI-UHFFFAOYSA-N,5.30742,5.30742,True,True,False
PNMOBYJSLJRIMZ-UHFFFAOYSA-N,5.2714,5.2714,True,True,False
ZWUZQGWZVAEYAO-UHFFFAOYSA-N,5.57626,5.57626,True,True,False
IGFAIZMGHCSJKW-UHFFFAOYSA-N,5.74909,5.74909,True,True,False
SYAFXJONAPKFCV-UHFFFAOYSA-N,5.93667,5.93667,True,True,False
DDQJAXGJMXUMJC-UHFFFAOYSA-N,5.25003,5.25003,True,True,False
CYDBJLDDUKNJJI-UHFFFAOYSA-N,5.2181,5.2181,True,True,False
GOMKMYSERUHMOO-UHFFFAOYSA-N,5.52057,5.52057,True,True,False
ZNTRQSRSBVJTIH-UHFFFAOYSA-N,5.59278,5.59278,True,True,False
ZVCIGFZJQSFSGN-UHFFFAOYSA-N,5.47301,5.47301,True,True,False
WEQSWNWRNIQWLG-BQYQJAHWSA-N,5.61979,5.61979,True,True,False
MIPKSQSAVXXZEF-UHFFFAOYSA-N,6.14874,6.14874,True,True,False
HMFJSRNCWMTEHF-UHFFFAOYSA-N,5.96257,5.96257,True,True,False
JIQPKOHKBQJXKT-UHFFFAOYSA-N,5.121335,5.121335,True,True,False
ULNFTCVMWDRSGR-UHFFFAOYSA-N,5.378275,5.378275,True,True,False
TWHZNAUBXFZMCA-UHFFFAOYSA-N,5.635015,5.635015,True,True,False
ZRLYUFOWFPPSTD-QPJJXVBHSA-N,5.06956,5.06956,True,True,False
OYUAMDGBOAEJOY-UHFFFAOYSA-N,5.767,5.767,True,True,False
MIQCVLJKJIPCSE-UHFFFAOYSA-N,5.97184,5.97184,True,True,False
IHWPUDTUIZEHDW-UHFFFAOYSA-N,6.15552,6.15552,True,True,False
WHWPNVHLZGFSQQ-UHFFFAOYSA-N,6.11238,6.11238,True,True,False
FMOPXBFESXXIBU-UHFFFAOYSA-N,5.73025,5.73025,True,True,False
CSKNRMPMCKDQJQ-UHFFFAOYSA-N,5.85201,5.85201,True,True,False
ARHCNTIVEXPAPD-UHFFFAOYSA-N,6.02641,6.02641,True,True,False
RHVMTCMWMCPGJY-UHFFFAOYSA-N,5.93517,5.93517,True,True,False
SDIIOKMAQAQRQY-UHFFFAOYSA-N,6.07779,6.07779,True,True,False
HDTBYABTJXGAHX-UHFFFAOYSA-N,5.94006,5.94006,True,True,False
BGEZQVUFQPULDF-UHFFFAOYSA-N,6.12321,6.12321,True,True,False
BNCIMGUXYMBATA-UHFFFAOYSA-N,6.14997,6.14997,True,True,False
CWGFQVMBODQAPR-UHFFFAOYSA-N,6.31336,6.31336,True,True,False
QYRDAWYSLVTERM-UHFFFAOYSA-N,5.95117,5.95117,True,True,False
WAZZXYZCYJVTAO-UHFFFAOYSA-N,6.14327,6.14327,True,True,False
JZAMLGLUTJCGOD-UHFFFAOYSA-N,6.1343,6.1343,True,True,False
LEZLPUSBDAMTMG-UHFFFAOYSA-N,5.9024,5.9024,True,True,False
IRSAAMPSUYITFF-UHFFFAOYSA-N,6.02091,6.02091,True,True,False
WNNYXKZYAUWGQX-UHFFFAOYSA-N,5.93704,5.93704,True,True,False
QDLXIIMACLSCFH-UHFFFAOYSA-N,6.36051,6.36051,True,True,False
XWPIESWYFSAYJL-UHFFFAOYSA-N,6.54821,6.54821,True,True,False
KYOHNWYBLFAJGG-UHFFFAOYSA-N,6.31785,6.31785,True,True,False
PNANLHXVMDRPFB-UHFFFAOYSA-N,5.9974,5.9974,True,True,False
RYILJMSXZIONRM-UHFFFAOYSA-N,5.94006,5.94006,True,True,False
OCAZWKJIRZTXCJ-UHFFFAOYSA-N,6.03574,6.03574,True,True,False
LWFZGPLTSLSJJQ-UHFFFAOYSA-N,5.9838,5.9838,True,True,False
ZJOTWAJZHISRRW-UHFFFAOYSA-N,6.03058,6.03058,True,True,False
CMFODIWZQCHZNP-UHFFFAOYSA-N,5.9897,5.9897,True,True,False
ULBUABJAUQKQMH-UHFFFAOYSA-N,5.89449,5.89449,True,True,False
CRDYXQNYYHTUGW-UHFFFAOYSA-N,5.92372,5.92372,True,True,False
GROGMIJFMHAXKM-UHFFFAOYSA-N,5.93144,5.93144,True,True,False
JAHFSQXZKPTMCH-UHFFFAOYSA-N,6.01189,6.01189,True,True,False
MDUJWLKSDCTDOJ-UHFFFAOYSA-N,6.03905,6.03905,True,True,False
JOCZIAQMXYHQML-UHFFFAOYSA-N,7.6784,7.6784,True,True,False
XATVSLHMOONKQS-UHFFFAOYSA-N,6.71897,6.71897,True,True,False
GTDLGKVYCHLYGX-AIYWAUIHSA-N,9.36653,9.36653,True,True,False
CYQUVORXHWTTLL-UHFFFAOYSA-N,6.82391,6.82391,True,True,False
DPLIAXFJOVTEMF-UHFFFAOYSA-N,7.25964,7.25964,True,True,False
MHFAWVHGIRXFHE-UHFFFAOYSA-N,6.49485,6.49485,True,True,False
BCHSBAPBQXDRKS-UHFFFAOYSA-N,6.92082,6.92082,True,True,False
LHHRNILYPUULMY-UHFFFAOYSA-N,8.4828,8.4828,True,True,False
WFWHZRVICIFCJX-SFHVURJKSA-N,6.59779,6.59779,True,True,False
CFSVOXAPXLGZJI-IBGZPJMESA-N,6.41417,6.41417,True,True,False
GZEIOWXWYOGVNU-FQEVSTJZSA-N,6.53429,6.53429,True,True,False
RDYGVAJWPDKTBP-NRFANRHFSA-N,6.93126,6.93126,True,True,False
MIRMVUVCTGYBSK-QFIPXVFZSA-N,6.92606,6.92606,True,True,False
KVRDCAGUOYDFAW-FQEVSTJZSA-N,7.42216,7.42216,True,True,False
SIZPSOGNDAPIKG-NRFANRHFSA-N,7.3751,7.3751,True,True,False
IJTJZAWRGQSCSI-FQEVSTJZSA-N,8.08197,8.08197,True,True,False
YXONDHWNKWLFQQ-NRFANRHFSA-N,7.59176,7.59176,True,True,False
FLOHVAHQZJYGNF-FQEVSTJZSA-N,7.32175,7.32175,True,True,False
KYIKXFFEWNORHF-NRFANRHFSA-N,7.25189,7.25189,True,True,False
CZSLYGYSXHUYPJ-UHFFFAOYSA-N,5.90183,5.90183,True,True,False
XTHNESHEQKSPCM-UHFFFAOYSA-N,6.2583,6.2583,True,True,False
XMABALKLBVDHMN-UHFFFAOYSA-N,6.29229,6.29229,True,True,False
VONJCWNKPFFSJN-UHFFFAOYSA-N,6.37563,6.37563,True,True,False
RKXBOYRQFZRSIN-UHFFFAOYSA-N,6.41824,6.41824,True,True,False
NQWIHILFCJBZCJ-UHFFFAOYSA-N,6.56368,6.56368,True,True,False
WJHVUDTYEXHEQF-UHFFFAOYSA-N,6.52697,6.52697,True,True,False
AZBVXAVQXYAGRD-UHFFFAOYSA-N,6.60602,6.60602,True,True,False
ZKVZHPZFKSIJFO-UHFFFAOYSA-N,6.8161,6.8161,True,True,False
JLRUHUZUZIBWEW-UHFFFAOYSA-N,6.49828,6.49828,True,True,False
MQSRHPORQLJLNY-UHFFFAOYSA-N,6.9465,6.9465,True,True,False
SSRMKEPFFMWMTN-UHFFFAOYSA-N,6.6332,6.6332,True,True,False
PHQOLWOIWRSJNI-UHFFFAOYSA-N,6.68867,6.68867,True,True,False
ZSQVLBAJPVNTPW-UHFFFAOYSA-N,6.81645,6.81645,True,True,False
VCUSFEPDEQONLX-UHFFFAOYSA-N,7.67081,7.67081,True,True,False
BFJXBGNYWMKBNZ-UHFFFAOYSA-N,6.81901,6.81901,True,True,False
ZMLLZOVFQZLICZ-UHFFFAOYSA-N,7.51784,7.51784,True,True,False
CWTOXEDVTGWMOK-UHFFFAOYSA-N,7.6362,7.6362,True,True,False
GMGARMBFVHCLEI-UHFFFAOYSA-N,7.18903,7.18903,True,True,False
BOWZGANCSYOXEZ-UHFFFAOYSA-N,7.22812,7.22812,True,True,False
ZRWQMVDTZBQFOR-UHFFFAOYSA-N,7.2594,7.2594,True,True,False
ZNZDRMDAMHRDHM-UHFFFAOYSA-N,6.6968,6.6968,True,True,False
KRAAURHOVFFNAO-UHFFFAOYSA-N,7.31876,7.31876,True,True,False
QUVWIPWKEWECPJ-UHFFFAOYSA-N,6.9914,6.9914,True,True,False
RUEBINIIYPEXAU-UHFFFAOYSA-N,6.91721,6.91721,True,True,False
SLXBJYRWWOPAOU-UHFFFAOYSA-N,6.98297,6.98297,True,True,False
NGRKMHPVLBNQLV-UHFFFAOYSA-N,6.6968,6.6968,True,True,False
CXVRQICJWIZHEA-UHFFFAOYSA-N,7.79588,7.79588,True,True,False
OLKNKTJZXYZQKD-UHFFFAOYSA-N,6.71897,6.71897,True,True,False
XJAGXVKDODROGA-UHFFFAOYSA-N,7.02687,7.02687,True,True,False
HDYXLZCWSJKLCM-UHFFFAOYSA-N,6.98716,6.98716,True,True,False
SWSOSHGQGWFKKE-UHFFFAOYSA-N,6.98297,6.98297,True,True,False
USPOVWSTNSBZKM-UHFFFAOYSA-N,7.02687,7.02687,True,True,False
GPMOPYGHCGDGRI-UHFFFAOYSA-N,5.19246,5.19246,True,True,False
DFOGOJMEWLSLGH-UHFFFAOYSA-N,5.06956,5.06956,True,True,False
SNWRZVRWWSARFE-UHFFFAOYSA-N,5.27737,5.27737,True,True,False
FDUSCPMCGIYKRM-UHFFFAOYSA-N,5.27984,5.27984,True,True,False
IWMIJGXVNDZSFS-UHFFFAOYSA-N,5.07779,5.07779,True,True,False
YOKSATMFQZTEKE-UHFFFAOYSA-N,5.37263,5.37263,True,True,False
FMUOJPHXSJPPGN-UHFFFAOYSA-N,5.29499,5.29499,True,True,False
MQVIMPRUYUVIKT-UHFFFAOYSA-N,5.55596,5.55596,True,True,False
DJRAPDKSMZGRPC-UHFFFAOYSA-N,5.23958,5.23958,True,True,False
YLRMELVICSRIIN-UHFFFAOYSA-N,5.42946,5.42946,True,True,False
IHCFDBCVAKEZJW-UHFFFAOYSA-N,5.42251,5.42251,True,True,False
UQBHJFYPFFUQPN-UHFFFAOYSA-N,6.07572,6.07572,True,True,False
JXTRRQKHDCJFJJ-UHFFFAOYSA-N,5.03668,5.03668,True,True,False
SFWXSRWROPHFKH-UHFFFAOYSA-N,5.5784,5.5784,True,True,False
GESFFNUGCXWEIS-UHFFFAOYSA-N,5.4828,5.4828,True,True,False
SPPAEZPXNAOCEK-UHFFFAOYSA-N,5.5376,5.5376,True,True,False
APFRPSBWVSEADR-UHFFFAOYSA-N,5.53462,5.53462,True,True,False
CCUUHUZSXQOLOC-UHFFFAOYSA-N,5.70774,5.70774,True,True,False
KXJVCQHDBSINAN-UHFFFAOYSA-N,5.79048,5.79048,True,True,False
FUXKZFGUONUHMA-UHFFFAOYSA-N,5.27084,5.27084,True,True,False
HAZVGCUXMXVABK-UHFFFAOYSA-N,5.23657,5.23657,True,True,False
JGAACZBSWXLIBW-UHFFFAOYSA-N,5.01682,5.01682,True,True,False
AVYQOQQYONUJLQ-UHFFFAOYSA-N,5.37161,5.37161,True,True,False
HDIHUTTYMNBETF-UHFFFAOYSA-N,5.42136,5.42136,True,True,False
NCUBADVJTOTUNT-UHFFFAOYSA-N,5.44009,5.44009,True,True,False
WXQFKROJXHJHKK-UHFFFAOYSA-N,5.37469,5.37469,True,True,False
JRYDGQFMBZOCSG-UHFFFAOYSA-N,6.00436,6.00436,True,True,False
RFKHKOZYFWZDAJ-UHFFFAOYSA-N,5.487135,5.487135,True,True,False
XKUVQEPPKYUPPA-FJANEPOYSA-N,5.32883,5.32883,True,True,False
URCBDSWAOOULBM-UHFFFAOYSA-N,6.30016,6.30016,True,True,False
CKSXBOBZGXBJBK-UHFFFAOYSA-N,6.07988,6.07988,True,True,False
LYPPXRDGIFOZKW-UHFFFAOYSA-N,6.58336,6.58336,True,True,False
MPSZWZSOPBDXOR-UHFFFAOYSA-N,5.87943,5.439715,True,True,True
OEWYFSMFZVYMCC-UHFFFAOYSA-N,5.1831,5.09155,True,True,True
ADEQUHXOUYZXBF-UHFFFAOYSA-N,5.74958,5.37479,True,True,True
JQXGILULPQSOFX-UHFFFAOYSA-N,6.00656,5.50328,True,True,True
FDGRCZWNUUYVET-UHFFFAOYSA-N,5.72584,5.36292,True,True,True
STSJHUCWXFKBFA-UHFFFAOYSA-N,5.39147,5.195735,True,True,True
TVPDNFHCRMZOCS-UHFFFAOYSA-N,5.17914,5.17914,True,True,False
LTYPAYZWLRWYFM-UHFFFAOYSA-N,5.49894,5.49894,True,True,False
NZSFDBPTJUKRKX-UHFFFAOYSA-N,5.71444,5.71444,True,True,False
PHFGOIZLVOOKJI-UHFFFAOYSA-N,5.71444,5.71444,True,True,False
YMUVDOUBCZRNBL-UHFFFAOYSA-N,5.71444,5.71444,True,True,False
QZQIWWJXMJNKBO-UHFFFAOYSA-N,5.71444,5.71444,True,True,False
LYLWGHHENUEULW-UHFFFAOYSA-N,5.71444,5.71444,True,True,False
UYTYKFDEXNFOSZ-UHFFFAOYSA-N,5.71444,5.71444,True,True,False
QOTSTOXUEPONQT-UHFFFAOYSA-N,5.71444,5.71444,True,True,False
CLQKBNIMJUBBCW-UHFFFAOYSA-N,5.71444,5.71444,True,True,False
ZCVVFAKYNZZIBG-UHFFFAOYSA-N,5.71444,5.71444,True,True,False
VPEPWBOFQOUJPZ-UHFFFAOYSA-N,5.71444,5.71444,True,True,False
VGQSKNFGHKKWCE-UHFFFAOYSA-N,5.71444,5.71444,True,True,False
PXXIVSWTJVQUHX-UHFFFAOYSA-N,5.71444,5.71444,True,True,False
JFPVGCZTHNVXTJ-UHFFFAOYSA-N,5.71444,5.71444,True,True,False
XOVKZHWKOUZMPI-UHFFFAOYSA-N,5.71444,5.71444,True,True,False
HIXURYPODZMHGG-UHFFFAOYSA-N,6.86646,6.86646,True,True,False
GDIOPSMWYUORMT-UHFFFAOYSA-N,6.86646,6.86646,True,True,False
KWNSERNFKZUVCP-UHFFFAOYSA-N,6.86646,6.86646,True,True,False
CHIDOXYAIAWZHP-UHFFFAOYSA-N,6.86646,6.86646,True,True,False
PODOMHGXKXAZSA-UHFFFAOYSA-N,6.86646,6.86646,True,True,False
IAIZDKPXUHYSNL-UHFFFAOYSA-N,7.69897,7.69897,True,True,False
QTVMLHKUVQWJDT-UHFFFAOYSA-N,6.64975,6.64975,True,True,False
MRSNVBSBCDEKRH-UHFFFAOYSA-N,5.52143,5.52143,True,True,False
GAYUHXBNPCBEJJ-YYDZXFQBSA-N,6.05061,6.05061,True,True,False
GSBGMPKFLCWHGP-UHFFFAOYSA-N,5.83565,5.83565,True,True,False
LNSQBUNVLVSCFP-UHFFFAOYSA-N,5.12321,5.12321,True,True,False
ZQEJEBOCGKSUKW-UHFFFAOYSA-N,5.72125,5.72125,True,True,False
JLGKQTAYUIMGRK-UHFFFAOYSA-N,7.0,7.0,True,True,False
JORCOHASOWOJOX-UHFFFAOYSA-N,5.37779,5.37779,True,True,False
SHXQVJVENHOUOF-UNOMPAQXSA-N,7.5376,7.5376,True,True,False
WLDRMSCXKLUZKZ-UHFFFAOYSA-N,5.86582,5.86582,True,True,False
MQEOYVPELRBCBZ-UHFFFAOYSA-N,6.11126,6.11126,True,True,False
ADOPCGOHJLZEFF-UHFFFAOYSA-N,5.95117,5.95117,True,True,False
AQHFDDAHTUXSMR-UHFFFAOYSA-N,6.03058,6.03058,True,True,False
XMBNNLGYDINVQN-UHFFFAOYSA-N,5.92372,5.92372,True,True,False
VNIABXFLSKCNND-UHFFFAOYSA-N,6.0381,6.0381,True,True,False
RFAMAAZWKDKPHQ-UHFFFAOYSA-N,5.89551,5.89551,True,True,False
PTSDNLRQLSLZJD-UHFFFAOYSA-N,5.84832,5.84832,True,True,False
XCABMPDQXZIWHX-UHFFFAOYSA-N,5.86967,5.86967,True,True,False
CSJBXADTPZCWQJ-UHFFFAOYSA-N,7.4437,7.4437,True,True,False
KVANOXIAOYTXBY-ANHUGMMASA-N,7.173394999999999,7.173394999999999,True,True,False
PQLMRWLEKAGSLO-UHFFFAOYSA-N,6.33161,6.33161,True,True,False
WZYIETQKHAJJIK-UHFFFAOYSA-N,6.05061,6.05061,True,True,False
FEVTUWWOBOHNRE-UHFFFAOYSA-N,6.09691,6.09691,True,True,False
QGOXZNBUSSHYBZ-UHFFFAOYSA-N,6.20691,6.20691,True,True,False
GHHFSGQWXBMGLW-UHFFFAOYSA-N,6.03292,6.03292,True,True,False
SUGGZYOMXAQALQ-UHFFFAOYSA-N,7.03621,7.03621,True,True,False
SQARWLAUMRYONO-UHFFFAOYSA-N,6.87615,6.87615,True,True,False
DANIUTWEXULISV-JJJKAYHGSA-N,6.3279,6.3279,True,True,False
LJJFRDYJWSRAOQ-UHFFFAOYSA-N,5.14086,5.14086,True,True,False
JNLXCPCVQJMBHE-UHFFFAOYSA-N,5.13608,5.13608,True,True,False
HMNNGFZGSKJZAA-UHFFFAOYSA-N,6.6517,6.6517,True,True,False
SQNFGAWWNIPHLE-WBIOMSNFSA-N,5.94692,5.94692,True,True,False
MQXBZGXYQPDNAD-UDEYFRBPSA-N,6.9393,6.9393,True,True,False
SZTDSULVNSEKLP-WBIOMSNFSA-N,6.11805,6.11805,True,True,False
NGNHXYCLUMQSKR-UHFFFAOYSA-N,5.27819,5.27819,True,True,False
CSDHKBSYINDKKG-UHFFFAOYSA-N,5.64975,5.64975,True,True,False
PKZSCEAPZMUGIA-UHFFFAOYSA-N,5.01637,5.01637,True,True,False
ZVKGFLLNDNOWDQ-UHFFFAOYSA-N,5.72354,5.72354,True,True,False
XIWRLCHTIRNUMX-UHFFFAOYSA-N,5.42946,5.42946,True,True,False
GFPJBQCGOUPXQD-UHFFFAOYSA-N,6.58503,6.58503,True,True,False
JBQXHKRLWWMCTB-UHFFFAOYSA-N,6.09151,6.09151,True,True,False
ALZYXIILSHUDQY-UHFFFAOYSA-N,5.22113,5.22113,True,True,False
APPRVPLQWUIXSC-UHFFFAOYSA-N,6.76955,6.76955,True,True,False
ZNRWPCFBMZHWCW-UHFFFAOYSA-N,6.45593,6.45593,True,True,False
CFUZORHXMOWNMN-UHFFFAOYSA-N,6.79588,6.79588,True,True,False
XHQRTHFSQUICQR-UHFFFAOYSA-N,6.20066,6.20066,True,True,False
OTIIXGVFBWDUDH-UHFFFAOYSA-N,6.1261,6.1261,True,True,False
UOOCXIPKYHHRRD-UHFFFAOYSA-N,6.35164,6.35164,True,True,False
AEHUGLUJLXQXMZ-UHFFFAOYSA-N,6.18177,6.18177,True,True,False
UHGWCPXBDDWAKP-UHFFFAOYSA-N,7.58503,7.58503,True,True,False
PXUUPGSNIMQISW-UHFFFAOYSA-N,7.578695,7.578695,True,True,False
PCGROECTIBEWPF-UHFFFAOYSA-N,6.6968,6.6968,True,True,False
QPDCBQORMYFXGT-UHFFFAOYSA-N,7.00436,7.00436,True,True,False
HISLDJKGFNEVLO-UHFFFAOYSA-N,6.51713,6.51713,True,True,False
YSNREIFGEZOQOI-UHFFFAOYSA-N,5.42829,5.42829,True,True,False
MOOXZLVIEUWOJV-UHFFFAOYSA-N,5.06048,5.06048,True,True,False
OINBXQVAEUFUNQ-UHFFFAOYSA-N,5.29328,5.29328,True,True,False
XEHQZRKZBJQOMJ-UHFFFAOYSA-N,6.38616,6.38616,True,True,False
BFZKHVUFJAQCQW-UHFFFAOYSA-N,6.4034,6.4034,True,True,False
RYDDBILRWHKYGG-UHFFFAOYSA-N,6.20412,6.20412,True,True,False
ZAKCOJKXWMIQSX-UHFFFAOYSA-N,6.49485,6.49485,True,True,False
NBJRQXGWAYOEEM-UHFFFAOYSA-N,7.61137,7.61137,True,True,False
BTMINCBPYFAEBH-UHFFFAOYSA-N,7.13501,7.13501,True,True,False
KRVVTJMBYXHIDX-UHFFFAOYSA-N,7.31587,7.31587,True,True,False
ICCOMUGUNPJEBE-UHFFFAOYSA-N,8.63639,8.63639,True,True,False
QUQGCQDEZFMVJK-UHFFFAOYSA-N,7.86044,7.86044,True,True,False
NBJRQXGWAYOEEM-HNNXBMFYSA-N,7.65443,7.65443,True,True,False
BTMINCBPYFAEBH-INIZCTEOSA-N,7.26177,7.26177,True,True,False
KRVVTJMBYXHIDX-HNNXBMFYSA-N,7.66878,7.66878,True,True,False
ICCOMUGUNPJEBE-AWEZNQCLSA-N,9.00436,9.00436,True,True,False
QUQGCQDEZFMVJK-AWEZNQCLSA-N,8.09854,8.09854,True,True,False
QUQGCQDEZFMVJK-CQSZACIVSA-N,8.07676,8.07676,True,True,False
QFBJJKVEXAPDJU-IWANFJPMSA-N,5.33913,5.33913,True,True,False
MNWWVJBJRJRJBI-HTCQTMOXSA-N,5.18376,5.18376,True,True,False
HFHHTRIAKONNBG-UHFFFAOYSA-N,5.0,5.0,True,True,False
FAJBNOKBPQRKGO-UHFFFAOYSA-N,5.77728,5.77728,True,True,False
ILEDWLMCKZNDJK-UHFFFAOYSA-N,5.21254,5.21254,True,True,False
PKFPTYFWUOSWAN-UHFFFAOYSA-N,5.59007,5.59007,True,True,False
ZZIGTYMQBGWBDN-FBHDLOMBSA-N,6.09583,6.09583,True,True,False
KAYVLXUZFXINIG-UHFFFAOYSA-N,7.04096,7.04096,True,True,False
LUEKOVRFNYEOJF-UHFFFAOYSA-N,5.51713,5.51713,True,True,False
KZJOEKCJUWZUDR-UHFFFAOYSA-N,5.31158,5.31158,True,True,False
ZADOZOULRZGFEU-YEWWUXTCSA-N,5.00877,5.00877,True,True,False
BQESVZIPHFRYNG-QOKNQOGYSA-N,6.74473,6.74473,True,True,False
FEKQBPRIVQKBRM-KNBMTAEXSA-N,7.04576,7.04576,True,True,False
DJRBBQJREIMIEU-UHFFFAOYSA-N,6.05968,6.05968,True,True,False
DSMISVLYMKJMLP-UHFFFAOYSA-N,6.11154,6.11154,True,True,False
UJEPFLUMZAEBIS-UHFFFAOYSA-N,5.74352,5.74352,True,True,False
HAIKEIGCWZZVJZ-UHFFFAOYSA-N,7.55596,7.55596,True,True,False
QNMCYVJUCOUFTD-UHFFFAOYSA-N,8.11748,8.11748,True,True,False
HHXJJQNMCWBKJR-UHFFFAOYSA-N,8.04001,8.04001,True,True,False
OKEWJRSOKIRQDH-UHFFFAOYSA-N,7.05998,7.05998,True,True,False
IAIHSEBPXYSHJL-UHFFFAOYSA-N,6.49757,6.49757,True,True,False
PUDHCLJYWOZJKU-UHFFFAOYSA-N,6.49949,6.49949,True,True,False
CWLFGXHLFFZFQI-UHFFFAOYSA-N,6.77989,6.77989,True,True,False
ZOJSQDLJJPDEOF-UHFFFAOYSA-N,7.30364,7.30364,True,True,False
SVAKYIZSPVNOGB-UHFFFAOYSA-N,6.51018,6.51018,True,True,False
AEQDSXWHQNGPGZ-UHFFFAOYSA-N,6.63097,6.63097,True,True,False
ULVNBHIVKFAGNX-UHFFFAOYSA-N,7.46852,7.46852,True,True,False
ROBPMUIFBKVJKL-UHFFFAOYSA-N,7.24185,7.24185,True,True,False
FTRZTHFGTILUPE-FIBGUPNXSA-N,7.64589,7.64589,True,True,False
MREHWTUNQLQCEL-UHFFFAOYSA-N,5.76447,5.76447,True,True,False
PEDICADDHJMWFT-UHFFFAOYSA-N,5.12436,5.12436,True,True,False
YIPGNXOVGLQAOZ-UHFFFAOYSA-N,5.20482,5.20482,True,True,False
BTBUTFQRVMXDKJ-UHFFFAOYSA-N,5.24565,5.24565,True,True,False
KQOOFQFOFRMAQE-UHFFFAOYSA-N,5.81248,5.81248,True,True,False
XGALIJCXCLWOJX-UHFFFAOYSA-N,5.93554,5.93554,True,True,False
MXWPEPSYKDACAS-UHFFFAOYSA-N,6.04096,6.04096,True,True,False
SQNISDDISVNBBL-UHFFFAOYSA-N,5.06702,5.06702,True,True,False
IMCAKSRFVKJJSS-UHFFFAOYSA-N,5.03858,5.03858,True,True,False
BMQXQEPRPKWAAQ-UHFFFAOYSA-N,5.11634,5.11634,True,True,False
IXRXSNWNNPQCSW-UHFFFAOYSA-N,5.51713,5.51713,True,True,False
ZWJFURMVEADFAY-UHFFFAOYSA-N,5.19314,5.19314,True,True,False
XYFJWXDKBAAZFU-UHFFFAOYSA-N,5.12668,5.12668,True,True,False
YFSMREHZFNSCKT-UHFFFAOYSA-N,5.15864,5.15864,True,True,False
NBBMOQUVVXDZLD-IYULWFGRSA-N,5.23359,5.23359,True,True,False
CIQALIQNQDOXMD-KVYUTAICSA-N,5.22841,5.22841,True,True,False
TXDGAIVYTXJVGV-YPHQRDJKSA-N,5.4318,5.4318,True,True,False
RYKFYEQANBUUEN-UHFFFAOYSA-N,7.63078,7.63078,True,True,False
YQMJQJOYEWGACW-UHFFFAOYSA-N,5.06098,5.06098,True,True,False
QZCKEKPPUXNPET-MDWZMJQESA-N,7.14874,7.14874,True,True,False
VDYFLXKKXFAYAX-DJAVKIJBSA-N,5.34679,5.34679,True,True,False
NBNKVDHBVUNWQJ-DUBROFONSA-N,5.3279,5.3279,True,True,False
SIOZWLOYQCNDGH-UHFFFAOYSA-N,6.04576,6.04576,True,True,False
HSTIQTQFKBPUBM-UHFFFAOYSA-N,5.13668,5.13668,True,True,False
ICWVHRHWKAJGOS-UHFFFAOYSA-N,6.5376,6.5376,True,True,False
DXWIIXFZDFWOBL-UHFFFAOYSA-N,8.33255,8.33255,True,True,False
MINIKUTUYGZASU-UHFFFAOYSA-N,5.39362,5.39362,True,True,False
VKTITBMEXWPSIN-UHFFFAOYSA-N,5.2426,5.2426,True,True,False
XRECENIWOQQMGF-UHFFFAOYSA-N,6.36653,6.36653,True,True,False
MWHDDAMRRCZZNY-UHFFFAOYSA-N,7.08619,7.08619,True,True,False
NFOULVLFLSISCN-UHFFFAOYSA-N,5.14206,5.14206,True,True,False
LPWBTWLCFUQWQL-NTUHNPAUSA-N,6.00877,6.00877,True,True,False
YTEJFLYQWQWIGO-APTRMMRNSA-N,6.66154,6.66154,True,True,False
DTEKLVZCVUXGIS-UHFFFAOYSA-N,5.66555,5.66555,True,True,False
GGRKGHDNZLXMDB-UHFFFAOYSA-N,5.97881,5.97881,True,True,False
MRZODELYPSRORZ-UHFFFAOYSA-N,6.29243,6.29243,True,True,False
JHSLDXCFEZQUAS-UHFFFAOYSA-N,5.02319,5.02319,True,True,False
FPQGVNQRNNZNBG-UHFFFAOYSA-N,5.39254,5.39254,True,True,False
RSEZPTUSUAZTRM-UHFFFAOYSA-N,6.25964,6.25964,True,True,False
CUMYADKGBACRPS-UHFFFAOYSA-N,5.50307,5.50307,True,True,False
NYKKDKAYLYOYOO-QECWJDIYSA-N,6.22081,6.22081,True,True,False
CPURJSRAAXYWPA-UUOHFWCXSA-N,5.91937,5.91937,True,True,False
YZXMINZUVZEFFI-QECWJDIYSA-N,6.39862,6.39862,True,True,False
ILWUWKPNIBAOMC-QECWJDIYSA-N,6.37782,6.37782,True,True,False
SNXZMMVSUAKHAR-UUOHFWCXSA-N,6.39169,6.39169,True,True,False
AUHJFZLZTXKJNB-QECWJDIYSA-N,6.432,6.432,True,True,False
PTCNMYXGOLNTLR-QECWJDIYSA-N,6.3457,6.3457,True,True,False
WEETWEFAKIXOIK-LFERIPGTSA-N,6.28912,6.28912,True,True,False
MMIXUHHAJDIRID-XXJPWZBZSA-N,5.47031,5.47031,True,True,False
YQWGVRQOBGYNKV-HOMRVSDPSA-N,5.49512,5.49512,True,True,False
AEQVJPPDDFGNIU-CMDGGOBGSA-N,7.09691,7.09691,True,True,False
XNPHTXPHEGWNFI-MDZDMXLPSA-N,6.26761,6.26761,True,True,False
IQLSOKDRIXLPJB-SOFGYWHQSA-N,5.91364,5.91364,True,True,False
IXDQKTZMNIYQDV-CMDGGOBGSA-N,5.53462,5.53462,True,True,False
KPRFSOUAOXESRX-AATRIKPKSA-N,5.38091,5.38091,True,True,False
NYNMRLANANUXLT-UHFFFAOYSA-N,8.20066,8.20066,True,True,False
STXASRHDDYKCPI-UHFFFAOYSA-N,9.0655,9.0655,True,True,False
LLNZCYJMOMQYIU-UHFFFAOYSA-N,7.29158,7.29158,True,True,False
LUJPPSLEDAYBGR-WDOOIYNRSA-N,8.93554,8.93554,True,True,False
DXGCSAOQHFFGGC-UHFFFAOYSA-N,6.83863,6.83863,True,True,False
GHZDLPVAVLQUAL-UHFFFAOYSA-N,6.8041,6.8041,True,True,False
GJFMBUUKNHBDOX-UHFFFAOYSA-N,6.78252,6.78252,True,True,False
XNXNRZFIGBVNIX-FRKPEAEDSA-N,7.69897,7.69897,True,True,False
RVJDPMYILZZLAX-QGMBQPNBSA-N,7.52288,7.52288,True,True,False
VUSRJYGQLGCFOE-QGMBQPNBSA-N,7.52288,7.52288,True,True,False
HSPQJQFVTHHXMB-QGMBQPNBSA-N,7.0,7.0,True,True,False
QSMHEQGZTCFPPH-REZTVBANSA-N,7.52288,7.52288,True,True,False
CXAJAAIHVWRPHS-UHFFFAOYSA-N,6.5376,6.5376,True,True,False
XRWWKTGWAYEHQQ-UHFFFAOYSA-N,7.39794,7.39794,True,True,False
XSGOZBYZVQPPHR-STZFKDTASA-N,5.57349,5.57349,True,True,False
JNJSWDFXEMVLOC-UHFFFAOYSA-N,5.25337,5.025985,True,True,True
MVEDATNTJMFOJM-STZFKDTASA-N,5.80688,5.80688,True,True,False
PHWJALMIXUGHCL-UHFFFAOYSA-N,5.03953,5.03953,True,True,False
RCDAJHPCKSOXIC-UHFFFAOYSA-N,6.4318,6.4318,True,True,False
STRXWCGIRKOBGT-UHFFFAOYSA-N,5.14026,5.14026,True,True,False
CZGPGJGGQHEQFM-UHFFFAOYSA-N,5.51004,5.51004,True,True,False
WBEHBIFSMVNWHM-UHFFFAOYSA-N,5.21896,5.21896,True,True,False
HMFOFRTZLXXKDW-UHFFFAOYSA-N,5.70774,5.70774,True,True,False
QZBBNYNORVHCNE-UHFFFAOYSA-N,5.42713,5.42713,True,True,False
HGALWJPXVZVXHS-UHFFFAOYSA-N,5.47108,5.47108,True,True,False
CRZZKTYQBUPALN-UHFFFAOYSA-N,5.65956,5.65956,True,True,False
GJVZRJZSQMLPEU-UHFFFAOYSA-N,6.20412,6.20412,True,True,False
WEXWONJFNUSMEA-UHFFFAOYSA-N,5.88273,5.88273,True,True,False
XCQXJBIRRORJNV-UHFFFAOYSA-N,5.23582,5.23582,True,True,False
YQTQZASFSMZOSP-UHFFFAOYSA-N,5.09259,5.09259,True,True,False
UGBXIPMDUULQBN-UHFFFAOYSA-N,5.92849,5.92849,True,True,False
WMLCFSPODJQACH-UHFFFAOYSA-N,6.16941,6.16941,True,True,False
VRJZVNNGDODWAH-UHFFFAOYSA-N,6.54212,6.54212,True,True,False
IRECKSKASFTPJH-UHFFFAOYSA-N,6.04576,6.04576,True,True,False
CKEJHWBBCCURNI-UHFFFAOYSA-N,6.00656,6.00656,True,True,False
DNZXTJWDEHLFNX-UHFFFAOYSA-N,6.21968,6.21968,True,True,False
DSAHQENJONYLLB-UHFFFAOYSA-N,6.03905,6.03905,True,True,False
RQDNTAJWXLKESN-UHFFFAOYSA-N,5.78357,5.78357,True,True,False
JWBJNJVGRBQNPQ-UHFFFAOYSA-N,6.79588,6.79588,True,True,False
BAZNFIZSHOCMMY-UHFFFAOYSA-N,6.35262,6.35262,True,True,False
QWKAMJXVDJQTNH-UHFFFAOYSA-N,6.02319,6.02319,True,True,False
IZKHAXNJVMQZEU-UHFFFAOYSA-N,6.4318,6.4318,True,True,False
UUIMCDFDPAKGBU-UHFFFAOYSA-N,6.47625,6.47625,True,True,False
JOKGWIKGSHAZHL-UHFFFAOYSA-N,6.02319,6.02319,True,True,False
BMMBDSQDOYDNCG-UHFFFAOYSA-N,6.20412,6.20412,True,True,False
YLJREFDVOIBQDA-MICDWDOJSA-N,6.70333,6.70333,True,True,False
STOMQASIEWTJEI-HXUWFJFHSA-N,5.14874,5.14874,True,True,False
KIIZLMFGYAXDCL-UHFFFAOYSA-N,7.60206,7.60206,True,True,False
DSKYIEJPLODCAK-UHFFFAOYSA-N,7.1549,7.1549,True,True,False
LTPNLKINDFQXEG-UZWMFBFFSA-N,5.39469,5.39469,True,True,False
FWMBRKOTQCWSFY-UHFFFAOYSA-N,5.72125,5.72125,True,True,False
MEZUVQGFTTVJEJ-UHFFFAOYSA-N,6.17522,6.17522,True,True,False
IXFZJMFQDLWCLA-UHFFFAOYSA-N,6.94692,6.94692,True,True,False
LPBNFYXQUIGYIX-CCFHIKDMSA-N,6.94692,6.94692,True,True,False
CBLWXPJNXCTMRV-UHFFFAOYSA-N,6.94692,6.94692,True,True,False
GYLCFYGVBPKYEV-MDZDMXLPSA-N,6.37675,6.37675,True,True,False
NZOVMVHEEINJKO-UHFFFAOYSA-N,9.31876,9.31876,True,True,False
IXMHOQHNDDSLRF-UHFFFAOYSA-N,6.39794,6.39794,True,True,False
DVUDQXCAHGMTHD-UHFFFAOYSA-N,7.95468,7.95468,True,True,False
LMBRPCNFMSKSPC-UHFFFAOYSA-N,7.284,7.284,True,True,False
XRNNPQNFSVBARD-RBJSKKJNSA-N,8.58336,8.58336,True,True,False
VPXVPJQOPRBXPO-UHFFFAOYSA-N,,5.019715,False,True,False
