row_position,source_index,InChIkey,cleaned_smiles,scaffold_InChI,split
0,0,GUZKBNUSIOHJIR-UHFFFAOYSA-N,CCOc1nn(-c2cccc(OCc3ccccc3)c2)c(=O)o1,XTYHQGUFADGVIA-UHFFFAOYSA-N,test
1,1,XWIIHZHUZCWNLW-UHFFFAOYSA-N,O=C(N1CCCCC1)n1nc(-c2ccc(Cl)cc2)nc1SCC1CC1,ASQVBJNOBAVQLY-UHFFFAOYSA-N,train
2,3,GTBUYLWBDILEPY-UHFFFAOYSA-N,O=C(N1CCCCC1)n1nc(-c2ccc(Cl)cc2)nc1SCC(F)(F)F,HBEPAIPMAVOACQ-UHFFFAOYSA-N,train
3,4,FBOHEFQKBNWFPO-UHFFFAOYSA-N,CSc1nc(-c2ccc(OC(F)(F)F)cc2)nn1C(=O)N(C)C,NYMLZIFRPNYAHS-UHFFFAOYSA-N,train
4,5,AAXQEELWFXEVAH-UHFFFAOYSA-N,CSc1nc(-c2ccc(C)cc2)nn1C(=O)N(C)c1ccccc1,OVINVLKUIKTPJJ-UHFFFAOYSA-N,train
5,6,BCRUIWHBJPICOM-UHFFFAOYSA-N,CSc1nc(-c2ccc(Cl)cc2)nn1C(=O)N(C)C,NYMLZIFRPNYAHS-UHFFFAOYSA-N,train
6,8,RMOMJDZNOXKMFY-UHFFFAOYSA-N,COc1ccc(-c2nc(SC)n(C(=O)N(C)C)n2)cc1,NYMLZIFRPNYAHS-UHFFFAOYSA-N,train
7,11,FCWFKSMUNCZMFT-UHFFFAOYSA-N,CSc1nc(-c2ccc3ccccc3c2)nn1C(=O)N(C)C,JKXVBPGYSLNZPY-UHFFFAOYSA-N,train
8,13,YKUXAAJJGAYTRC-UHFFFAOYSA-N,CSc1nc(-c2ccc(-c3ccccc3)cc2)nn1C(=O)N(C)C,FZYKBLSPMPIYKD-UHFFFAOYSA-N,train
9,16,AKOLSQVNOPLCPO-UHFFFAOYSA-N,CSc1nc(-c2ccc(Cl)cc2)nn1C(=O)N(C)c1ccccc1,OVINVLKUIKTPJJ-UHFFFAOYSA-N,train
10,18,UXHHCYYVWMSZBI-UHFFFAOYSA-N,CCSc1nc(-c2ccc(OC)cc2)nn1C(=O)N(C)c1ccccc1,OVINVLKUIKTPJJ-UHFFFAOYSA-N,train
11,20,PBUOZLNZOBWRDT-UHFFFAOYSA-N,CSc1nc(-c2ccc(Cl)cc2)nn1C(=O)N1CCCCC1,HBEPAIPMAVOACQ-UHFFFAOYSA-N,train
12,22,BTBHHMNHCCVBKZ-UHFFFAOYSA-N,CSc1nc(-c2ccc(C)cc2)nn1C(=O)N(C)C,NYMLZIFRPNYAHS-UHFFFAOYSA-N,train
13,25,HELKFUZDNOHCMJ-UHFFFAOYSA-N,CCSc1nc(-c2ccc(Cl)cc2)nn1C(=O)N(C)C,NYMLZIFRPNYAHS-UHFFFAOYSA-N,train
14,26,WNOVRIVBMAIXOK-UHFFFAOYSA-N,CCCCCCSc1nc(-c2ccc(C)cc2)nn1C(=O)N(C)C,NYMLZIFRPNYAHS-UHFFFAOYSA-N,train
15,27,PSJHEFSSEIFFSU-UHFFFAOYSA-N,CCCSc1nc(-c2ccc(Cl)cc2)nn1C(=O)N(C)C,NYMLZIFRPNYAHS-UHFFFAOYSA-N,train
16,28,MYAOJPWDGLEXIZ-UHFFFAOYSA-N,Cc1ccc(-c2nc(SCC(F)(F)F)n(C(=O)N(C)C)n2)cc1,NYMLZIFRPNYAHS-UHFFFAOYSA-N,train
17,30,PUBHZTNJRAPIMN-UHFFFAOYSA-N,CSc1nc(-c2ccc(C(F)(F)F)cc2)nn1C(=O)N(C)C,NYMLZIFRPNYAHS-UHFFFAOYSA-N,train
18,34,ALWKGYPQUAPLQC-UHFFFAOYSA-N,CN(C)C(=O)Oc1cccc([N+](C)(C)C)c1,UHOVQNZJYSORNB-UHFFFAOYSA-N,train
19,36,QRIDTWRYUXZUDP-CTNGQTDRSA-N,CN1CC[C@@]2(C)c3cc(OC(=O)NCCCN4CCOCC4)ccc3N(C)[C@@H]12,TXXUQZJQPBIWPG-FBMWCMRBSA-N,test
20,37,VUNAAQIKHSGPRS-IAPPQJPRSA-N,CN1CC[C@@]2(C)c3cc(OC(=O)NCCCCCCCCCCN4CCOCC4)ccc3N(C)[C@@H]12,BQIQANCGHMQWHH-MQNHUJCZSA-N,train
21,39,LFWBAKOCTYKRQI-UHFFFAOYSA-N,N#CC(C#N)=C1Nc2ccccc2N1CCNCc1ccc(CN2CCCCC2)o1,DKQOQRBSBAPSKZ-UHFFFAOYSA-N,train
22,40,AZHRUDQFJNVULC-UHFFFAOYSA-N,COc1cc(N)c(Cl)cc1C(=O)NCCNCc1ccc(CN(C)C)o1,HYIITDFRNMTEAM-UHFFFAOYSA-N,train
23,42,KDQSNHIQQSQHHK-UHFFFAOYSA-N,CN1CCN(Cc2ccc(CNCCN3CCNC3=C(C#N)C#N)o2)CC1,MNFPDDOXBZTXJT-UHFFFAOYSA-N,test
24,43,LQDVCSIWQVRECJ-UHFFFAOYSA-N,Oc1nc2ccccc2n1CCNCc1ccc(CN2CCCCC2)o1,GSNBUYRNVJADAK-UHFFFAOYSA-N,train
25,46,PHELSVIUQBPBLW-UHFFFAOYSA-N,CC1CCCCN1Cc1ccc(CNCCN2CCNC2=C(C#N)C#N)o1,AJXQMEAUVWYGSU-UHFFFAOYSA-N,train
26,47,OKPXRTAMAGECKK-UHFFFAOYSA-N,N#CC(C#N)=C1NCCN1CCNCc1ccc(CN2CCCCC2)o1,AJXQMEAUVWYGSU-UHFFFAOYSA-N,train
27,48,BIYMBWOGRIMVGC-UHFFFAOYSA-N,CNC(NCCNCc1ccc(CN2CCCCC2)o1)=C(C#N)C#N,SBLDBTJGYINGFN-UHFFFAOYSA-N,test
28,52,JHBKIQPZUOVPJP-UHFFFAOYSA-N,N#CC(C#N)=C1NCCN1CCNCc1ccc(CN2CCC(O)CC2)o1,AJXQMEAUVWYGSU-UHFFFAOYSA-N,train
29,53,YQWKSZPFQPPLDB-UHFFFAOYSA-N,CN(C)Cc1ccc(CNCCN2CCNC2=C(C#N)C#N)o1,XFKJDSXEQSVMRW-UHFFFAOYSA-N,train
30,54,NPDBRPLRDKQUMC-UHFFFAOYSA-N,CCN(C)Cc1ccc(CNCCN2CCNC2=C(C#N)C#N)o1,XFKJDSXEQSVMRW-UHFFFAOYSA-N,train
31,56,RRFNSBXPESKQGR-UHFFFAOYSA-N,CCN(CC)Cc1ccc(CNCCN2CCNC2=C(C#N)C#N)o1,XFKJDSXEQSVMRW-UHFFFAOYSA-N,train
32,60,RRGMXBQMCUKRLH-CTNGQTDRSA-N,CCCCCCCNC(=O)Oc1ccc2c(c1)[C@]1(C)CCN(C)[C@@H]1N2C,VOWHONRMOCHCGC-LHIURRSHSA-N,train
33,61,BRGIXRNTFOXZKF-QUCCMNQESA-N,CN1CC[C@@]2(C)c3cc(OC(=O)NCCN4CCOCC4)ccc3N(C)[C@@H]12,QOOVLJDEWVRXFI-FQNRMIAFSA-N,test
34,63,PLQWDBQURPIPGP-UHFFFAOYSA-N,CNC(NCCNCc1ccc(CN(C)C)o1)=C(C#N)C#N,YLQBMQCUIZJEEH-UHFFFAOYSA-N,train
35,64,FDEMXMQQXDTVQU-UHFFFAOYSA-N,CNC(NCCNCc1ccc(CN(C(C)C)C(C)C)o1)=C(C#N)C#N,YLQBMQCUIZJEEH-UHFFFAOYSA-N,train
36,68,HYRWJXSSFVSUQH-UHFFFAOYSA-N,CC1CCN(Cc2ccc(CNCCN3CCNC3=C(C#N)C#N)o2)CC1,AJXQMEAUVWYGSU-UHFFFAOYSA-N,train
37,70,LKBQETKGWDWQQB-PXJZQJOASA-N,CN1CC[C@@]2(C)c3cc(OC(=O)NCCCCCCCCCCCN4CCOCC4)ccc3N(C)[C@@H]12,MNTHQQORHVKLKJ-NRWPOFLRSA-N,test
38,71,XLRRYRJJRDMOHP-UHFFFAOYSA-N,N#CC(C#N)=C1NCCN1CCNCc1ccc(CN2CCCC2)o1,STKGPMACGGTVAE-UHFFFAOYSA-N,test
39,72,KTMHWIASCVHJMZ-UHFFFAOYSA-N,N#CC(C#N)=C1NCCN1CCNCc1ccc(CN2CC=CCC2)o1,NRNVIJBJWGHRDB-UHFFFAOYSA-N,test
40,76,XYIGEYHRXKWSPJ-VPUSJEBWSA-N,CN1CC[C@@]2(C)c3cc(OC(=O)NCCCCCCCCCN4CCOCC4)ccc3N(C)[C@@H]12,JROOHZKVSIFPEO-GWQXNCQPSA-N,train
41,77,HEEOMQHFUSVLEM-DGPALRBDSA-N,CN1CC[C@@]2(C)c3cc(OC(=O)NCCCCCCCCCCCCN4CCOCC4)ccc3N(C)[C@@H]12,HQBNRKGCDQVZPV-ANWICMFUSA-N,train
42,78,GVHHPMZWUWYOJH-UHFFFAOYSA-N,CNC(NCCNCc1ccc(CN2CCCC2)o1)=C(C#N)C#N,OTCUCAGXTNHLEI-UHFFFAOYSA-N,test
43,80,KABXIVJJYZKNDV-UHFFFAOYSA-N,N#CC(C#N)=C1NCCN1CCNCc1ccc(CN2CCSCC2)o1,UHPUGTCWTHYPEQ-UHFFFAOYSA-N,test
44,81,VMXUWOKSQNHOCA-UHFFFAOYSA-N,CNC(=C[N+](=O)[O-])NCCSCc1ccc(CN(C)C)o1,YLQBMQCUIZJEEH-UHFFFAOYSA-N,train
45,82,OAZAZSVSTJITEI-VWNXMTODSA-N,CN1CC[C@@]2(C)c3cc(OC(=O)NCCCCCCN4CCOCC4)ccc3N(C)[C@@H]12,KLSMYIMTXFGOQC-UUSAFJCLSA-N,test
46,83,LHXDCPANSLINDJ-UHFFFAOYSA-N,CC1CCCN(Cc2ccc(CNCCN3CCNC3=C(C#N)C#N)o2)C1,AJXQMEAUVWYGSU-UHFFFAOYSA-N,train
47,84,BGUNJPMNAQNPJN-UHFFFAOYSA-N,CC1CCCC(C)N1Cc1ccc(CNCCN2CCNC2=C(C#N)C#N)o1,AJXQMEAUVWYGSU-UHFFFAOYSA-N,train
48,87,PXRSKRAHRPHMEB-GGAORHGYSA-N,CN1CC[C@@]2(C)c3cc(OC(=O)NCCCCCN4CCOCC4)ccc3N(C)[C@@H]12,HKOREJWUFCOHQT-LRTDYKAYSA-N,train
49,88,PLDHPJSOABLSHM-RSXGOPAZSA-N,CN1CC[C@@]2(C)c3cc(OC(=O)NCCCCCCCCN4CCOCC4)ccc3N(C)[C@@H]12,ZHMGJDLOIOQXOP-AVKWCDSFSA-N,test
50,90,FWJLNPNOFSXKMI-NOZRDPDXSA-N,CN1CC[C@@]2(C)c3cc(OC(=O)NCCCCCCCN4CCOCC4)ccc3N(C)[C@@H]12,MUZSOOXIIDEEQA-BDPMCISCSA-N,test
51,91,KNECVBKLZJDAMM-UHFFFAOYSA-N,COC1CCCN(Cc2ccc(CNCCN3CCNC3=C(C#N)C#N)o2)C1,AJXQMEAUVWYGSU-UHFFFAOYSA-N,train
52,93,DEVJEYZPXPIVKH-UHFFFAOYSA-N,N#CC(C#N)=C1NCCN1CCNCc1ccc(CN2CCCC(O)C2)o1,AJXQMEAUVWYGSU-UHFFFAOYSA-N,train
53,94,OTEXQGZMMAIBKH-FZBYNPQBSA-N,C/N=c1\c(O)c(O)\c1=N/CCNCc1ccc(CN2CCCCC2)o1,ZKFLBEFBAFMKEE-LWAISHCWSA-N,test
54,96,MYRGYOVGGPKBKY-UHFFFAOYSA-N,N#CC(C#N)=C1NCCN1CCNCc1ccc(CN2CCCCCC2)o1,FBRWAGKHNFWMGN-UHFFFAOYSA-N,train
55,97,IIWOUNLDWKZMQI-UHFFFAOYSA-N,COc1ccccc1CNCCCCCCNCCSSCCNCCCCCCNCc1ccccc1OC,NDZRSYYYHXGKLK-UHFFFAOYSA-N,test
56,98,DCPJIWWEBRXADV-UHFFFAOYSA-N,COc1ccccc1CNCCCCCCNCCCCCCCNCCCCCCNCc1ccccc1OC,WAJXNDIIKZANCA-UHFFFAOYSA-N,test
57,99,HDAQKLAKMZNBQB-UHFFFAOYSA-N,COc1ccccc1CN(C)CCCCCC(=O)N(C)CCCCCCCCN(C)C(=O)CCCCCN(C)Cc1ccccc1OC,JHQNMXFHTFUQGJ-UHFFFAOYSA-N,train
58,100,BNMMMFMJYKFYRQ-UHFFFAOYSA-N,COc1ccccc1CNCCCCCCNCCCCCCNCCCCCCNCc1ccccc1OC,SJCMRPCRFNFHCL-UHFFFAOYSA-N,test
59,101,PIJVFDBKTWXHHD-HIFRSBDPSA-N,CNC(=O)Oc1ccc2c(c1)[C@]1(C)CCN(C)[C@@H]1N2C,VOWHONRMOCHCGC-LHIURRSHSA-N,train
60,102,RPMBYDYUVKEZJA-UHFFFAOYSA-N,COc1ccccc1CNCCCCCCNCCCCCCCCNCCCCCCNCc1ccccc1OC,BTBQFAQETBWIOC-UHFFFAOYSA-N,train
61,103,LNYHYEQQDYJOII-UHFFFAOYSA-N,COc1ccccc1CNCCCCCC(=O)N(C)CCCCCCCCN(C)C(=O)CCCCCNCc1ccccc1OC,JHQNMXFHTFUQGJ-UHFFFAOYSA-N,train
62,105,YLJREFDVOIBQDA-UHFFFAOYSA-N,Nc1c2c(nc3ccccc13)CCCC2,RXBYRTSOWREATF-UHFFFAOYSA-N,train
63,106,MMJRYNURNQIZRV-UHFFFAOYSA-N,COc1ccccc1CNCCCCCC(=O)NCCCCCCCCNC(=O)CCCCCNCc1ccccc1OC,JHQNMXFHTFUQGJ-UHFFFAOYSA-N,train
64,107,QHXIAJIYLGAPSH-UHFFFAOYSA-N,COc1ccccc1CNCCCCCCNCCCCCNCCCCCCNCc1ccccc1OC,FTVHXTWXOWQWSW-UHFFFAOYSA-N,train
65,108,BQYXYZYJEUBVBN-UXBLZVDNSA-N,NC12CC(C(F)(F)F)=CC(Cc3nc(O)ccc31)/C2=C\C(F)(F)F,WLYPVMOXMPMMFD-UHFFFAOYSA-N,train
66,110,WPUFLGDKDRHMHB-WTDSWWLTSA-N,C/C=C1\C2C=C(C(F)(F)F)CC1(N)c1ccc(O)nc1C2,WLYPVMOXMPMMFD-UHFFFAOYSA-N,train
67,111,ZRJBHWIHUMBLCN-YQEJDHNASA-N,C/C=C1\[C@H]2C=C(C)C[C@]1(N)c1ccc(=O)[nH]c1C2,RJRFAJLLYUREMK-RGURZIINSA-N,test
68,116,OCTYDCXPLXLOBG-UHFFFAOYSA-O,CN(CCn1cc[n+](C)c1/C=N/O)S(C)(=O)=O,RAXXELZNTBOGNW-UHFFFAOYSA-O,train
69,118,OPWXEMFYURUFIN-YRNVUSSQSA-N,CC1=CC2Cc3nc(O)ccc3C(N)(C1)/C2=C/C(F)(F)F,WLYPVMOXMPMMFD-UHFFFAOYSA-N,train
70,119,CMZUAEAPKGOQSL-UHFFFAOYSA-N,Nc1c2c(nc3ccccc13)-c1ccccc1C2,KUZOQBPSADEASZ-UHFFFAOYSA-N,train
71,120,FRXXZKCFLLWYIW-UHFFFAOYSA-N,Nc1c2c(nc3ccccc13)-c1ccccc1CC2,UYDRVNADJTZXEM-UHFFFAOYSA-N,test
72,123,YRMPTPZWCQVVTR-HAHDFKILSA-N,C/N=C1/CCc2c1n(C)c1ccc(OC(=O)NCc3ccccc3)c(Br)c21,FPUPKICNGPEKDJ-UHFFFAOYSA-N,train
73,124,VTAYNRZFMWKVMV-UHFFFAOYSA-N,COc1cc2cc(C(=O)CC(O)C3CC[N+](C)(Cc4ccccc4)CC3)sc2cc1OC,HXFSUKMKWTWURM-UHFFFAOYSA-O,train
74,125,AYUGQAIEBQUVSS-MFOYZWKCSA-N,C/N=C1/CCc2c1n(C)c1ccc(OC(=O)NC)c(Cl)c21,FXRNSWLBYKVRMO-UHFFFAOYSA-N,train
75,126,RWPNUXJCHLIEDT-UHFFFAOYSA-N,COc1cc2cc(C(=O)CC3=CC[N+](C)(Cc4ccccc4)CC3)sc2cc1OC,PVRQAFWHPUDEJT-UHFFFAOYSA-O,test
76,127,BMJHCSGGVPNGEK-UHFFFAOYSA-N,COc1cc2cc(C(=O)CCc3cc[n+](Cc4ccccc4)cc3)sc2cc1OC,BBHJSPNDPUSPFW-UHFFFAOYSA-N,train
77,128,WYRBPGIEANOZBO-UHFFFAOYSA-N,COc1cc2cc(C(=O)CCC3CC[N+](C)(CCOc4ccccc4)CC3)sc2cc1OC,ROPMAAXYACZQBT-UHFFFAOYSA-O,test
78,129,PWYSKXCZAVHRME-UHFFFAOYSA-N,CCC[n+]1ccc(CCC(=O)c2cc3cc(OC)c(OC)cc3s2)cc1,PYTVRJQBTZESQO-UHFFFAOYSA-O,train
79,130,RQEDOHWZBORVHQ-UHFFFAOYSA-N,COc1cc2cc(C(=O)CCc3cc[n+](CC4CCC4)cc3)sc2cc1OC,YTNDRRDLBRLSKQ-UHFFFAOYSA-N,test
80,131,YTHOQVFHGJGIEH-BOPFTXTBSA-N,C/N=C1/CCc2c1n(C)c1cc(Cl)c(OC(=O)NC)cc21,FXRNSWLBYKVRMO-UHFFFAOYSA-N,train
81,132,YORGAYVXBTXTRA-UHFFFAOYSA-N,COc1cc2cc(C(=O)CCCCC3CC[N+](C)(Cc4ccccc4)CC3)sc2cc1OC,VOBGQUFQKUDUJO-UHFFFAOYSA-O,train
82,133,RESFYLPQQBQWLK-UHFFFAOYSA-N,CC[n+]1ccc(CCC(=O)c2cc3cc(OC)c(OC)cc3s2)cc1,PYTVRJQBTZESQO-UHFFFAOYSA-O,train
83,134,WTKJGTXNTSXOEQ-CLCOLTQESA-N,CNC(=O)Oc1ccc2c(c1)c1c(n2C)/C(=N\CCc2ccccc2)CC1,OHIZMLPSIULFCV-ZZEZOPTASA-N,test
84,135,HUDYYTCJRPYVSA-MTJSOVHGSA-N,CCCn1c2c(c3c(Br)c(OC(=O)NC)ccc31)CC/C2=N/CC,FXRNSWLBYKVRMO-UHFFFAOYSA-N,train
85,138,HNRGYIMKAVPBFM-UHFFFAOYSA-N,COCC[N+]1(C)CCC(CCC(=O)c2cc3cc(OC)c(OC)cc3s2)CC1,HFXNFTNROMCBDY-UHFFFAOYSA-O,train
86,139,SMFGROCXHRURCX-UHFFFAOYSA-N,COC(=O)c1ccc(C[n+]2ccc(CCC(=O)c3cc4cc(OC)c(OC)cc4s3)cc2)cc1,BBHJSPNDPUSPFW-UHFFFAOYSA-N,train
87,140,YAGWRKXZJCAONM-NDENLUEZSA-N,CCCCNC(=O)Oc1ccc2c(c1Br)c1c(n2C)/C(=N\C)CC1,FXRNSWLBYKVRMO-UHFFFAOYSA-N,train
88,141,DACVVTXURVEDPJ-UHFFFAOYSA-N,COc1cc2cc(C(=O)C=C3CC[N+](C)(Cc4ccccc4)CC3)sc2cc1OC,HCWWTCVTEUDIOU-UHFFFAOYSA-O,train
89,142,FUUAKMKHJMTYEE-UHFFFAOYSA-N,COc1cc2cc(C(=O)CCc3cc[n+](Cc4ccc(F)cc4)cc3)sc2cc1OC,BBHJSPNDPUSPFW-UHFFFAOYSA-N,train
90,143,LLFXWTJSKXUPAW-UHFFFAOYSA-N,COc1cc2cc(C(=O)CC(OC)C3CC[N+](C)(Cc4ccccc4)CC3)sc2cc1OC,HXFSUKMKWTWURM-UHFFFAOYSA-O,train
91,144,NKMJIMRHVLBYRZ-UHFFFAOYSA-N,COc1cc2cc(C(=O)CCc3cc[n+](CC4CC4)cc3)sc2cc1OC,PSVRONVAUASEPN-UHFFFAOYSA-N,test
92,145,VNIUREJLUZLBEI-VBKFSLOCSA-N,C/N=C1/CCc2c1n(C)c1ccc(OC(=O)NC)cc21,FXRNSWLBYKVRMO-UHFFFAOYSA-N,train
93,146,LLSISOMGTGWJAD-UHFFFAOYSA-N,COc1cc2cc(C(=O)CC3(O)CC[N+](C)(Cc4ccccc4)CC3)sc2cc1OC,FGXBJZDVJKQHGB-UHFFFAOYSA-O,train
94,147,TWZAUOZTEOEZPS-UHFFFAOYSA-N,COc1cc2cc(C(=O)CCC3CC[N+](C)(CC4CCCCO4)CC3)sc2cc1OC,QTURXZOMULVQDI-UHFFFAOYSA-O,test
95,148,QGDFTXPKVNLAAU-UHFFFAOYSA-N,COc1cc2cc(C(=O)CCc3cc[n+](C)cc3)sc2cc1OC,PYTVRJQBTZESQO-UHFFFAOYSA-O,train
96,149,JWNJPWFLZOKDSC-UHFFFAOYSA-N,COCC[n+]1ccc(CCC(=O)c2cc3cc(OC)c(OC)cc3s2)cc1,PYTVRJQBTZESQO-UHFFFAOYSA-O,train
97,150,SKWVLMXTRDHOMY-UHFFFAOYSA-N,COc1cc2cc(C(=O)CC(O)CCC3CC[N+](C)(Cc4ccccc4)CC3)sc2cc1OC,VOBGQUFQKUDUJO-UHFFFAOYSA-O,train
98,151,KHVCAPTWEKUUOB-UHFFFAOYSA-N,COc1cc2cc(C(=O)CCc3cc[n+](Cc4ccsc4)cc3)sc2cc1OC,FGETXRCMJIPTMK-UHFFFAOYSA-N,train
99,152,RGWBBDIISQYISM-GRSHGNNSSA-N,CC/N=C1/CCc2c1n(C)c1ccc(OC(=O)NC)c(Br)c21,FXRNSWLBYKVRMO-UHFFFAOYSA-N,train
100,153,UMXGLDXVWDZRAT-MFOYZWKCSA-N,C/N=C1/CCc2c1n(C)c1ccc(OC(=O)NC)c(Br)c21,FXRNSWLBYKVRMO-UHFFFAOYSA-N,train
101,154,DVAROHRRIITJSW-UHFFFAOYSA-N,COC(=O)C[N+]1(C)CCC(CCC(=O)c2cc3cc(OC)c(OC)cc3s2)CC1,HFXNFTNROMCBDY-UHFFFAOYSA-O,train
102,156,SGMCTGDOWCTMEU-UHFFFAOYSA-N,COc1cc2cc(C(=O)CCC3CC[N+](C)(Cc4ccccc4)CC3)sc2cc1OC,HXFSUKMKWTWURM-UHFFFAOYSA-O,train
103,157,PCQMYUIQDLAOSQ-UHFFFAOYSA-N,COc1cc2cc(CC3CC[N+](C)(Cc4ccccc4)CC3)sc2cc1OC,IYSYICFAXPFNBE-UHFFFAOYSA-O,train
104,158,KQUCCBKZVSQSCI-GRSHGNNSSA-N,CC/N=C1/CCc2c1n(C)c1ccc(OC(=O)NC)c(Cl)c21,FXRNSWLBYKVRMO-UHFFFAOYSA-N,train
105,160,BMFWRMMCWVMOEJ-RGEXLXHISA-N,CCC/N=C1/CCc2c1n(C)c1ccc(OC(=O)NC)cc21,FXRNSWLBYKVRMO-UHFFFAOYSA-N,train
106,161,JFIAJOKWMHWGNB-UHFFFAOYSA-N,C=CC[n+]1ccc(CCC(=O)c2cc3cc(OC)c(OC)cc3s2)cc1,PYTVRJQBTZESQO-UHFFFAOYSA-O,train
107,162,ICAMBRIYAKJCIK-UHFFFAOYSA-N,CCOCC[n+]1ccc(CCC(=O)c2cc3cc(OC)c(OC)cc3s2)cc1,PYTVRJQBTZESQO-UHFFFAOYSA-O,train
108,164,ONZMCJMKJCZKIT-ZDLGFXPLSA-N,C/N=C1/CCc2c1n(C)c1ccc(OC(=O)N(C)C)c(Br)c21,FXRNSWLBYKVRMO-UHFFFAOYSA-N,train
109,166,FEUIMOLNAYWYJX-UHFFFAOYSA-N,COc1cc2cc(C=C3CC[N+](C)(Cc4ccccc4)CC3)sc2cc1OC,IFSOHTNZJVJJGA-UHFFFAOYSA-O,train
110,167,PIUDKWKHYCTTMB-UHFFFAOYSA-N,COc1cc2cc(C(=O)CCc3cc[n+](Cc4ccc([N+](=O)[O-])o4)cc3)sc2cc1OC,ZSNXWIDURRQELM-UHFFFAOYSA-N,test
111,168,VSDKGQIPHOMCCH-AQTBWJFISA-N,CC/N=C1/CCc2c1n(C)c1ccc(OC(=O)NC)cc21,FXRNSWLBYKVRMO-UHFFFAOYSA-N,train
112,169,QRGWRAREWVXQNK-UHFFFAOYSA-N,COc1cc2cc(C(=O)CCC3CC[N+](C)(Cc4ccc([N+](=O)[O-])o4)CC3)sc2cc1OC,MDZNYKIQTOGKAV-UHFFFAOYSA-O,test
113,170,RDTZOXACZCTDKX-UHFFFAOYSA-N,COc1cc2cc(C(=O)CCC3CC[N+](C)(CC(=O)OC(C)(C)C)CC3)sc2cc1OC,HFXNFTNROMCBDY-UHFFFAOYSA-O,train
114,171,JZTYZCGIRWVERO-YUZLPWPTSA-N,CNC(=O)Oc1ccc2c(c1)[C@]1(C)CCNC1N2,VOWHONRMOCHCGC-UHFFFAOYSA-N,train
115,172,ZTNAPMRRYAYAIK-DAFXYXGESA-N,C[C@@]12CCNC1Nc1ccc(OC(=O)Nc3ccccc3)cc12,ULLJVPKUDFDJKB-UHFFFAOYSA-N,train
116,175,STSMGBGTIPIGCZ-UHFFFAOYSA-N,Nc1c2c(nc3ccccc13)C1CCC2C1,DHRJAVRMPRDVQD-UHFFFAOYSA-N,train
117,176,ITTCFQIHBIBVEN-NNBQYGFHSA-N,CN1c2ccc(OC(=O)Nc3ccccc3)cc2[C@]2(C)CCNC12,ULLJVPKUDFDJKB-UHFFFAOYSA-N,train
118,178,YSZQKPILONCHJM-GPNIZQGCSA-N,CNC(=O)Oc1ccc2c(c1)[C@]1(C)CCN(Cc3ccccc3)C1N2Cc1ccccc1,WKOHIRBMSXYUCL-UHFFFAOYSA-N,train
119,179,DREAHDLCWZKIJL-UHFFFAOYSA-N,Nc1c2c(nc3c(Cl)cccc13)CCCC2,RXBYRTSOWREATF-UHFFFAOYSA-N,train
120,181,ADEBPBSSDYVVLD-UHFFFAOYSA-N,COc1cc2c(cc1OC)C(=O)C(CC1CCN(Cc3ccccc3)CC1)C2,NCTLDXMBTJBAHY-UHFFFAOYSA-N,train
121,182,DWMBEPKCENULIA-PYMCNQPYSA-N,CNC(=O)Oc1ccc2c(c1)[C@]1(C)CCNC1N2C,VOWHONRMOCHCGC-UHFFFAOYSA-N,train
122,183,KVGMGGLTJLJDFE-UHFFFAOYSA-N,Nc1c2c(nc3cccc(Cl)c13)CCCC2,RXBYRTSOWREATF-UHFFFAOYSA-N,train
123,185,GVJXSDRIRBRKBI-QWAKEFERSA-N,CNC(=O)Oc1ccc2c(c1)[C@]1(C)CCN(Cc3ccccc3)C1N2C,ZIWCHHXALIIRHA-UHFFFAOYSA-N,test
124,187,HLVVITIHAZBPKB-UHFFFAOYSA-N,Nc1c2c(nc3ccccc13)CCCC2O,RXBYRTSOWREATF-UHFFFAOYSA-N,train
125,188,SSQDPTTWVYJYFB-UHFFFAOYSA-N,Nc1c2c(nc3cc(Cl)ccc13)C1CCC2C1,DHRJAVRMPRDVQD-UHFFFAOYSA-N,train
126,189,GQZMDBQRGRRPMS-UHFFFAOYSA-N,Nc1c2c(nc3cc(Cl)ccc13)CCCC2,RXBYRTSOWREATF-UHFFFAOYSA-N,train
127,190,NNGFBICBXZNRCM-UHFFFAOYSA-N,Nc1c2c(nc3c(Cl)cccc13)C1CCC2C1,DHRJAVRMPRDVQD-UHFFFAOYSA-N,train
128,194,ZTNAPMRRYAYAIK-UHUGOGIASA-N,C[C@]12CCNC1Nc1ccc(OC(=O)Nc3ccccc3)cc12,ULLJVPKUDFDJKB-UHFFFAOYSA-N,train
129,195,JZTYZCGIRWVERO-GLGOKHISSA-N,CNC(=O)Oc1ccc2c(c1)[C@@]1(C)CCNC1N2,VOWHONRMOCHCGC-UHFFFAOYSA-N,train
130,197,YSZQKPILONCHJM-ZCJYOONXSA-N,CNC(=O)Oc1ccc2c(c1)[C@@]1(C)CCN(Cc3ccccc3)C1N2Cc1ccccc1,WKOHIRBMSXYUCL-UHFFFAOYSA-N,train
131,198,KDPXEJGRLUVMJN-UHFFFAOYSA-N,Nc1c2c(nc3cccc(Cl)c13)C1CCC2C1,DHRJAVRMPRDVQD-UHFFFAOYSA-N,train
132,199,PUKKYURTEBJMKJ-UHFFFAOYSA-N,Nc1c2c(nc3ccc(Cl)cc13)CCCC2,RXBYRTSOWREATF-UHFFFAOYSA-N,train
133,200,LIQUTBYXLQJUQH-UHFFFAOYSA-N,Nc1c2c(nc3ccc(Cl)cc13)C1CCC2C1,DHRJAVRMPRDVQD-UHFFFAOYSA-N,train
134,201,VZIIROIDZAERNQ-UHFFFAOYSA-N,c1ccc(CN2CCC(CCOc3ccc(-c4ccccc4)nn3)CC2)cc1,VZIIROIDZAERNQ-UHFFFAOYSA-N,test
135,205,ZPEZHGZYZCQFAI-UHFFFAOYSA-N,Nc1c2c(nc3c1CCCO3)CCCC2,FZAANFLYCBJAJT-UHFFFAOYSA-N,train
136,206,PWJTVPPFLKWOLF-UHFFFAOYSA-N,COc1cccc2nc3c(c(N)c12)CCCC3,RXBYRTSOWREATF-UHFFFAOYSA-N,train
137,208,ATHZIFFSGSWIAU-UHFFFAOYSA-N,c1ccc(CN2CCC(CCNc3cc4c(nn3)-c3ccccc3CCC4)CC2)cc1,ATHZIFFSGSWIAU-UHFFFAOYSA-N,train
138,209,BXLXHYPSRHQACO-UHFFFAOYSA-N,Nc1c2c(nc3cccc(F)c13)OCCC2,XGTLJTHSJRABII-UHFFFAOYSA-N,train
139,210,HSSQLNQCMMAAPC-UHFFFAOYSA-N,Nc1c2c(nc3cnccc13)OCCC2,BCRYJVQUQPFYFK-UHFFFAOYSA-N,train
140,212,BOEAEKKTIXSDNX-UHFFFAOYSA-N,c1ccc(CN2CCC(CCNc3cc4ccc5ccccc5c4nn3)CC2)cc1,BOEAEKKTIXSDNX-UHFFFAOYSA-N,train
141,213,BMRFESVZYWRROS-UHFFFAOYSA-N,Nc1c2c(nc3c1CCCC3)CCCC2,LLCXJIQXTXEQID-UHFFFAOYSA-N,test
142,214,VJHVXQDJWJBLLR-UHFFFAOYSA-N,Cc1cccc2nc3c(c(N)c12)CCCC3,RXBYRTSOWREATF-UHFFFAOYSA-N,train
143,215,INIMHDIZIDCHML-UHFFFAOYSA-N,c1ccc(CN2CCC(CCN=c3cc4c(n[nH]3)-c3ccccc3C4)CC2)cc1,INIMHDIZIDCHML-UHFFFAOYSA-N,train
144,216,JRBPMDZHWBDEGY-UHFFFAOYSA-N,Nc1c2c(nc3ccc(Cl)cc13)OCCC2,XGTLJTHSJRABII-UHFFFAOYSA-N,train
145,217,PADRKJUJDBXCPM-UHFFFAOYSA-N,Nc1c2c(nc3cccc(F)c13)CCCC2,RXBYRTSOWREATF-UHFFFAOYSA-N,train
146,218,ASSJEIIHRYETRS-UHFFFAOYSA-N,Nc1c2c(nc3ncccc13)CCCC2,PFGHYWVBZDJZPM-UHFFFAOYSA-N,train
147,219,YLUSMKAJIQOXPV-UHFFFAOYSA-N,Nc1c2c(nc3c1CCC3)CCCC2,WTHVYNDBLHHUQG-UHFFFAOYSA-N,test
148,220,AGAAICLBZSPZIQ-UHFFFAOYSA-N,c1ccc(CN2CCC(CCSc3ccc(-c4ccccc4)nn3)CC2)cc1,AGAAICLBZSPZIQ-UHFFFAOYSA-N,train
149,221,QUHKAFSPMKOOBV-UHFFFAOYSA-N,Nc1c2c(nc3ncccc13)OCCC2,PPCLLJMDJVGGHT-UHFFFAOYSA-N,test
150,222,MEOMOJCPDZXFPY-UHFFFAOYSA-N,Nc1c2c(nc3cnccc13)CCCC2,IVIGCJIZBAGQMB-UHFFFAOYSA-N,train
151,223,ZWEQTMLHBVSDBQ-UHFFFAOYSA-N,COc1cccc2nc3c(c(N)c12)CCCO3,XGTLJTHSJRABII-UHFFFAOYSA-N,train
152,224,AOWLKNQZYMUMEF-UHFFFAOYSA-N,Nc1c2c(nc3ccccc13)OCCC2,XGTLJTHSJRABII-UHFFFAOYSA-N,train
153,225,WWPRLDLNFHABPS-UHFFFAOYSA-N,Cc1cc(=NCCC2CCN(Cc3ccccc3)CC2)[nH]nc1-c1ccccc1,PHORSJQGLQBIOY-UHFFFAOYSA-N,train
154,226,ALSNDZNRDOKMKL-UHFFFAOYSA-N,CCc1cc(=NCCC2CCN(Cc3ccccc3)CC2)[nH]nc1-c1ccccc1,PHORSJQGLQBIOY-UHFFFAOYSA-N,train
155,227,VXTOUZSUPQQPPE-UHFFFAOYSA-N,c1ccc(CN2CCC(CCNc3cc4c(nn3)-c3ccccc3CC4)CC2)cc1,VXTOUZSUPQQPPE-UHFFFAOYSA-N,test
156,229,LQNVTFVXRZCQBF-UHFFFAOYSA-N,Nc1c2c(nc3cccc(Cl)c13)OCCC2,XGTLJTHSJRABII-UHFFFAOYSA-N,train
157,230,AUOBGKPJAJDIMF-UHFFFAOYSA-N,Nc1c2c(nc3c1CCCO3)CCC2,HJCIVWBIGFKNCN-UHFFFAOYSA-N,train
158,231,BDRIZQJMKALXBR-UHFFFAOYSA-N,Cc1cccc2nc3c(c(N)c12)CCCO3,XGTLJTHSJRABII-UHFFFAOYSA-N,train
159,233,QILAXHQPGTWYMO-UHFFFAOYSA-O,C=CCC[N+](C)(C)c1ccccc1O,UHOVQNZJYSORNB-UHFFFAOYSA-N,train
160,237,IRYUPEYMYZHTOD-UHFFFAOYSA-N,COc1ccc(C(=O)COc2ccc([N+](C)(C)Cc3ccccc3)cc2)cc1OC,LEOAPPUQLNSKKM-UHFFFAOYSA-O,test
161,238,ZDNNJSHEGAEPON-UHFFFAOYSA-N,COc1ccc(C(=O)CCc2ccc([N+](C)(C)C)cc2)cc1OC,QGGZBXOADPVUPN-UHFFFAOYSA-N,test
162,243,HBGHZHNBJXQJGB-UHFFFAOYSA-N,COc1ccc(C(=O)CCc2ccc([N+](C)(C)Cc3ccccc3)cc2)cc1OC,DBSHGGWKIXHPGL-UHFFFAOYSA-O,train
163,244,HACXKEPOUOHQGM-UHFFFAOYSA-O,C=CC[N+](C)(C)c1cccc(O)c1,UHOVQNZJYSORNB-UHFFFAOYSA-N,train
164,247,QVOLLIZMUMRBBN-UHFFFAOYSA-N,C=CC[N+](C)(C)c1cccc(OC(C)=O)c1,UHOVQNZJYSORNB-UHFFFAOYSA-N,train
165,250,MLDPWYNAHSSJAE-UHFFFAOYSA-N,C=CC[N+](C)(C)c1ccc(OCC(=O)c2ccc(OC)c(OC)c2)cc1,KRSXGTAVHIDVPM-UHFFFAOYSA-N,train
166,251,BEAHCIYYNAZUDK-UHFFFAOYSA-N,COc1ccc(C(=O)CCc2cccc([N+](C)(C)Cc3ccccc3)c2)cc1OC,WVOVCACDLDHRBD-UHFFFAOYSA-O,test
167,255,NBCQROXLJLVMLS-UHFFFAOYSA-O,C=CC[N+](C)(C)c1ccccc1O,UHOVQNZJYSORNB-UHFFFAOYSA-N,train
168,256,LLHDISKIHUGANJ-UHFFFAOYSA-N,COc1ccc(C(=O)COc2cccc([N+](C)(C)C)c2)cc1OC,KRSXGTAVHIDVPM-UHFFFAOYSA-N,train
169,257,UPHRCMQUKNHOJI-UHFFFAOYSA-N,COc1ccc(C(=O)COc2cccc([N+](C)(C)Cc3ccccc3)c2)cc1OC,CYYTWARSWHFVEI-UHFFFAOYSA-O,train
170,260,JKKAWBRGAOZJBD-UHFFFAOYSA-N,COc1ccc(C(=O)COc2ccc([N+](C)(C)C)cc2)cc1OC,KRSXGTAVHIDVPM-UHFFFAOYSA-N,train
171,265,VWLHWLSRQJQWRG-UHFFFAOYSA-O,CC[N+](C)(C)c1cccc(O)c1,UHOVQNZJYSORNB-UHFFFAOYSA-N,train
172,267,FRIKSJMNMRNNFG-UHFFFAOYSA-N,C=CC[N+](C)(C)c1ccccc1OC,UHOVQNZJYSORNB-UHFFFAOYSA-N,train
173,273,DWMBEPKCENULIA-OCCSQVGLSA-N,CNC(=O)Oc1ccc2c(c1)[C@]1(C)CCN[C@@H]1N2C,VOWHONRMOCHCGC-LHIURRSHSA-N,train
174,277,SUYCPJVAABOKNP-UNMCSNQZSA-N,CNC(=O)Oc1ccc2c(c1)[C@]1(C)CCN(CCc3ccccc3)[C@@H]1N2C,ORTKISJGJJVTGX-DAFXYXGESA-N,test
175,279,FYXWOKCKADGGGY-CTNGQTDRSA-N,COc1ccc(NC(=O)Oc2ccc3c(c2)[C@]2(C)CCN(C)[C@@H]2N3C)cc1,ULLJVPKUDFDJKB-FQNRMIAFSA-N,train
176,281,VSPVCSDDENDBFH-IRLDBZIGSA-N,CCCCCCCCNC(=O)Oc1ccc2c(c1)[C@]1(C)CCN(C)[C@@H]1N2C,VOWHONRMOCHCGC-LHIURRSHSA-N,train
177,286,GVJXSDRIRBRKBI-FPOVZHCZSA-N,CNC(=O)Oc1ccc2c(c1)[C@]1(C)CCN(Cc3ccccc3)[C@@H]1N2C,ZIWCHHXALIIRHA-LWKPJOBUSA-N,test
178,288,AKAKQLGKPNQEPO-RDJZCZTQSA-N,C=CCN1CC[C@@]2(C)c3cc(OC(=O)NC)ccc3N(C)[C@@H]12,VOWHONRMOCHCGC-LHIURRSHSA-N,train
179,292,IUHMWLMDASQDJQ-ZBFHGGJFSA-N,CN(C)C(=O)Oc1ccc2c(c1)[C@]1(C)CCN(C)[C@@H]1N2C,VOWHONRMOCHCGC-LHIURRSHSA-N,train
180,294,PBHFNBQPZCRWQP-QUCCMNQESA-N,CN1CC[C@@]2(C)c3cc(OC(=O)Nc4ccccc4)ccc3N(C)[C@@H]12,ULLJVPKUDFDJKB-FQNRMIAFSA-N,train
181,300,ACFCLLGSDFAVEQ-CLVAPQHMSA-N,O=C1/C(=C/c2cc[nH]c2)CN(Cc2ccccc2)C/C1=C\c1cc[nH]c1,ACFCLLGSDFAVEQ-CLVAPQHMSA-N,train
182,304,MYHFJXQJXDZOAD-UHFFFAOYSA-N,CN1CCC(C2Cc3ccccc3C2=O)CC1,YVCOOKHGRIHQLP-UHFFFAOYSA-N,test
183,305,HTZSGCWCLYKYAG-UHFFFAOYSA-N,CN1CCC(CCCC2Cc3ccccc3C2=O)CC1,DGNWGXLLTKEQST-UHFFFAOYSA-N,train
184,306,AICOROYUBQVFMY-WOJGMQOQSA-N,COc1ccc2[nH]cc(/C=C3\CN(Cc4ccccc4)CCC3=O)c2c1,ZPMXWGBWYLLQKG-LDADJPATSA-N,train
185,310,SEXWEUPATCACQF-UHFFFAOYSA-N,CN1CCN(CC2Cc3ccccc3C2=O)CC1,VEAQYSZMSCMCGQ-UHFFFAOYSA-N,test
186,313,ZJGIOIRWZBZLEU-UHFFFAOYSA-N,CC1CCN(Cc2cccc3ccccc23)CC1,LDGDDRDPNUGELX-UHFFFAOYSA-N,test
187,314,BPVUQMXHSAOCEZ-CQSZACIVSA-N,CN1CCC(C[C@@H]2Cc3ccccc3C2=O)CC1,HTMGTCWBXHRXNE-CYBMUJFWSA-N,train
188,315,LHRNGCMLMUPFHM-UHFFFAOYSA-N,CN1CCC(CC2=Cc3ccccc3C2)CC1,YHLZTNLQPDKTRV-UHFFFAOYSA-N,test
189,316,OMPBSOCJDMTCKX-FRKPEAEDSA-N,CN1CCC(CC/C=C2\Cc3ccccc3C2=O)CC1,LJOHFNXUZYVXKU-GIDUJCDVSA-N,test
190,317,PWZKIZAHIAGUMK-UHFFFAOYSA-N,CC1CCN(Cc2ccccc2)CC1,NZVZVGPYTICZBZ-UHFFFAOYSA-N,train
191,320,BAXKIBHBAJDALN-UHFFFAOYSA-N,CC1CCN(C(=O)c2ccccc2)CC1,YXTROGRGRSPWKL-UHFFFAOYSA-N,test
192,322,KMRNXXRTDCMBEZ-PSRLSNJGSA-N,CN1CCC(/C=C/C=C2\Cc3ccccc3C2=O)CC1,LPRUNAQVOWSBJG-HPZPYXEMSA-N,test
193,323,ZUBDLZIJXZLHIZ-UHFFFAOYSA-N,CC1CCN(Cc2ccccc2[N+](=O)[O-])CC1,NZVZVGPYTICZBZ-UHFFFAOYSA-N,train
194,325,YNIWJICOZIEUOZ-UHFFFAOYSA-N,Cc1ccccc1CN1CCC(C)CC1,NZVZVGPYTICZBZ-UHFFFAOYSA-N,train
195,326,BKRYAPWEMVBTBQ-UHFFFAOYSA-N,CC1CCN(CC2CCCCC2)CC1,SFSYFLJDJQTPNM-UHFFFAOYSA-N,test
196,327,FBFCEJZVMXVAGL-UHFFFAOYSA-N,CC1CCN(CC2Cc3ccccc3C2=O)CC1,SQIWVUIDKFUELN-UHFFFAOYSA-N,test
197,328,HRWOMUZLXQICPU-UHFFFAOYSA-N,CC1CCN(CCc2ccccc2)CC1,DBDVAKGHPZJLTH-UHFFFAOYSA-N,train
198,329,BPVUQMXHSAOCEZ-AWEZNQCLSA-N,CN1CCC(C[C@H]2Cc3ccccc3C2=O)CC1,HTMGTCWBXHRXNE-ZDUSSCGKSA-N,train
199,331,ZPMXWGBWYLLQKG-LDADJPATSA-N,O=C1CCN(Cc2ccccc2)C/C1=C\c1c[nH]c2ccccc12,ZPMXWGBWYLLQKG-LDADJPATSA-N,train
200,332,FIPWUGMAEWWECL-UHFFFAOYSA-N,CN1CCC(=C2Cc3ccccc3C2=O)CC1,PJODGASMTJZTAJ-UHFFFAOYSA-N,test
201,333,MIHMYFUMLOHLIM-UHFFFAOYSA-N,CC1CCN(Cc2ccc3ccccc3c2)CC1,KEAMGSGUUNWSOY-UHFFFAOYSA-N,train
202,334,QAHOXZJCERSFGV-UHFFFAOYSA-N,CN1CCC(CCN2C(=O)c3ccccc3C2=O)CC1,UXIHSXPUZBROTR-UHFFFAOYSA-N,train
203,335,XGOMQTZAPRJNJX-UHFFFAOYSA-N,CN1CCC(CCC2C(=O)Nc3ccccc3C2=O)CC1,JSGAUGGABXMCFB-UHFFFAOYSA-N,train
204,336,KABALLAVIAZSJI-GXDHUFHOSA-N,CN1CCC(/C=C2\Cc3ccccc3C2=O)CC1,UCBDHHISAFCQJE-UKTHLTGXSA-N,test
205,338,BTKLXNPLNYFENL-MHWRWJLKSA-N,O=C1CCN(Cc2ccccc2)C/C1=C\c1cc[nH]c1,BTKLXNPLNYFENL-MHWRWJLKSA-N,train
206,341,SQNCNIUGPOSVQF-UHFFFAOYSA-N,CN(CCCCCNc1ccc(-c2ccccc2)nn1)Cc1ccccc1,WDVRHFUZFUWLGS-UHFFFAOYSA-N,test
207,342,HSSFUESYZZQIIN-CTNGQTDRSA-N,Cc1ccc(NC(=O)Oc2ccc3c(c2)[C@]2(C)CCN(C)[C@@H]2N3C)cc1,ULLJVPKUDFDJKB-FQNRMIAFSA-N,train
208,344,GYPZKPCPQHCARI-VWNXMTODSA-N,CCc1cccc(CC)c1NC(=O)Oc1ccc2c(c1)[C@]1(C)CCN(C)[C@@H]1N2C,ULLJVPKUDFDJKB-FQNRMIAFSA-N,train
209,346,LZCXRMUTKSVDOD-GGAORHGYSA-N,CC(C)c1ccccc1NC(=O)Oc1ccc2c(c1)[C@]1(C)CCN(C)[C@@H]1N2C,ULLJVPKUDFDJKB-FQNRMIAFSA-N,train
210,347,SKPQWJYRAXPOCN-IRLDBZIGSA-N,Cc1cccc(C)c1NC(=O)Oc1ccc2c(c1)[C@]1(C)CCN(C)[C@@H]1N2C,ULLJVPKUDFDJKB-FQNRMIAFSA-N,train
211,352,NRKKZJALIFDZIJ-IRLDBZIGSA-N,CCc1ccccc1NC(=O)Oc1ccc2c(c1)[C@]1(C)CCN(C)[C@@H]1N2C,ULLJVPKUDFDJKB-FQNRMIAFSA-N,train
212,355,MMFNDUBHUKJLAW-IRLDBZIGSA-N,Cc1cc(C)cc(NC(=O)Oc2ccc3c(c2)[C@]2(C)CCN(C)[C@@H]2N3C)c1,ULLJVPKUDFDJKB-FQNRMIAFSA-N,train
213,356,ZNARRZNSRNXCPB-ZHACJKMWSA-N,C(=C\C1CCN(Cc2ccccc2)CC1)/c1noc2ccccc12,ZNARRZNSRNXCPB-ZHACJKMWSA-N,test
214,363,PQDJUEVCRHUXJT-CTNGQTDRSA-N,Cc1cccc(NC(=O)Oc2ccc3c(c2)[C@]2(C)CCN(C)[C@@H]2N3C)c1,ULLJVPKUDFDJKB-FQNRMIAFSA-N,train
215,365,UHTNKHARCXSTEU-IRLDBZIGSA-N,Cc1cccc(NC(=O)Oc2ccc3c(c2)[C@]2(C)CCN(C)[C@@H]2N3C)c1C,ULLJVPKUDFDJKB-FQNRMIAFSA-N,train
216,366,JETPGMSWLKMQAI-CTNGQTDRSA-N,CN(C(=O)Oc1ccc2c(c1)[C@]1(C)CCN(C)[C@@H]1N2C)c1ccccc1,ULLJVPKUDFDJKB-FQNRMIAFSA-N,train
217,369,CVZBWJAXPTZWBP-IRLDBZIGSA-N,Cc1ccc(C)c(NC(=O)Oc2ccc3c(c2)[C@]2(C)CCN(C)[C@@H]2N3C)c1,ULLJVPKUDFDJKB-FQNRMIAFSA-N,train
218,373,RQHQYLYBYIHRCT-IRLDBZIGSA-N,Cc1ccc(NC(=O)Oc2ccc3c(c2)[C@]2(C)CCN(C)[C@@H]2N3C)c(C)c1,ULLJVPKUDFDJKB-FQNRMIAFSA-N,train
219,374,HBELXDSVRMNXTN-GGAORHGYSA-N,Cc1cc(C)c(NC(=O)Oc2ccc3c(c2)[C@]2(C)CCN(C)[C@@H]2N3C)c(C)c1,ULLJVPKUDFDJKB-FQNRMIAFSA-N,train
220,376,ZNMNCVVGCVWVBQ-IRLDBZIGSA-N,Cc1ccc(NC(=O)Oc2ccc3c(c2)[C@]2(C)CCN(C)[C@@H]2N3C)cc1C,ULLJVPKUDFDJKB-FQNRMIAFSA-N,train
221,379,XXRVJIACNHMGJG-CTNGQTDRSA-N,Cc1cc2c(cc1OC(=O)Nc1ccccc1)[C@]1(C)CCN(C)[C@@H]1N2C,ULLJVPKUDFDJKB-FQNRMIAFSA-N,train
222,380,CBXFNMRCSJBKBI-GGAORHGYSA-N,CN(C)Cc1cc2c(cc1OC(=O)Nc1ccccc1)[C@]1(C)CCN(C)[C@@H]1N2C,ULLJVPKUDFDJKB-FQNRMIAFSA-N,train
223,382,NKJRRVBTMYRXRB-GGAORHGYSA-N,CC(C)c1ccc(NC(=O)Oc2ccc3c(c2)[C@]2(C)CCN(C)[C@@H]2N3C)cc1,ULLJVPKUDFDJKB-FQNRMIAFSA-N,train
224,384,JGAGHIIOCADQOV-CTNGQTDRSA-N,Cc1ccccc1NC(=O)Oc1ccc2c(c1)[C@]1(C)CCN(C)[C@@H]1N2C,ULLJVPKUDFDJKB-FQNRMIAFSA-N,train
225,390,PHORSJQGLQBIOY-UHFFFAOYSA-N,c1ccc(CN2CCC(CCNc3ccc(-c4ccccc4)nn3)CC2)cc1,PHORSJQGLQBIOY-UHFFFAOYSA-N,train
226,392,UBWZQILFMCCHFE-CTNGQTDRSA-N,CCCCCCNC(=O)Oc1ccc2c(c1)[C@]1(C)CCN(CC)[C@@H]1C2,AYMKUDMWKRYQAG-RRKGBCIJSA-N,train
227,393,UBWZQILFMCCHFE-PZJWPPBQSA-N,CCCCCCNC(=O)Oc1ccc2c(c1)[C@@]1(C)CCN(CC)[C@H]1C2,AYMKUDMWKRYQAG-DTIOYNMSSA-N,train
228,394,CWDMLSUBWFNYMH-DAFXYXGESA-N,CCCCNC(=O)Oc1ccc2c(c1)[C@]1(C)CCN(C)C1N2C,VOWHONRMOCHCGC-UHFFFAOYSA-N,train
229,397,YFILXGYPMFAIER-AKRCKQFNSA-N,CN(C(=O)NCc1ccccc1)C(=O)Oc1ccc2c(c1)[C@]1(C)CCN(C)C1N2C,USUSLYRWRFTFJZ-UHFFFAOYSA-N,test
230,399,TZWAHCVRZYUKJR-QWAKEFERSA-N,CN1CC[C@@]2(C)c3cc(OC(=O)NCc4ccccc4)ccc3N(C)C12,UZXZPGSLNMHGJV-UHFFFAOYSA-N,test
231,400,HJQWOPNMCWHTII-OIBOYYEISA-N,CNC(=O)Oc1ccc2c(c1)[C@]1(C)CC[N+](C)(C)C1N2C.COS(=O)(=O)[O-],VOWHONRMOCHCGC-UHFFFAOYSA-O,train
232,402,FAEIGAUSWCZPCA-IJHRGXPZSA-N,CN1CC[C@@]2(C)c3cc(OC(=O)Nc4ccc(Cl)cc4)ccc3N(C)C12,ULLJVPKUDFDJKB-UHFFFAOYSA-N,train
233,403,PBHFNBQPZCRWQP-IJHRGXPZSA-N,CN1CC[C@@]2(C)c3cc(OC(=O)Nc4ccccc4)ccc3N(C)C12,ULLJVPKUDFDJKB-UHFFFAOYSA-N,train
234,404,IUHMWLMDASQDJQ-WMCAAGNKSA-N,CN(C)C(=O)Oc1ccc2c(c1)[C@]1(C)CCN(C)C1N2C,VOWHONRMOCHCGC-UHFFFAOYSA-N,train
235,407,VSPVCSDDENDBFH-IAXKEJLGSA-N,CCCCCCCCNC(=O)Oc1ccc2c(c1)[C@]1(C)CCN(C)C1N2C,VOWHONRMOCHCGC-UHFFFAOYSA-N,train
236,408,ZAEXMNKDGJNLTA-UHFFFAOYSA-N,C=CC[N+](C)(C)c1ccc(CCC(=O)CCc2ccc([N+](C)(C)CC=C)cc2)cc1,JENANTGGBLOTIB-UHFFFAOYSA-N,train
237,409,FYXWOKCKADGGGY-QWAKEFERSA-N,COc1ccc(NC(=O)Oc2ccc3c(c2)[C@]2(C)CCN(C)C2N3C)cc1,ULLJVPKUDFDJKB-UHFFFAOYSA-N,train
238,410,XRFFIVNZOJUHBC-UHFFFAOYSA-N,CNC(=O)Oc1cccc(CN(C)CCCCCCCCCOc2ccc3c(=O)c4ccccc4oc3c2)c1,WOVNHKCOXVIXBN-UHFFFAOYSA-N,test
239,411,GUFZMXQAUJGGTP-UHFFFAOYSA-N,CNC(=O)Oc1ccc2c(c1)CN(CCCOc1ccc3c(=O)c4ccccc4oc3c1)CC2,XIXLKEWOSRYJSK-UHFFFAOYSA-N,test
240,412,YITSBGUNCGEFBD-UHFFFAOYSA-N,CN(CCCOc1ccc2c(=O)c3ccccc3oc2c1)Cc1cccc(OC(=O)NCCCCCCCCN2CCOCC2)c1,UJVSUYBOENDQMG-UHFFFAOYSA-N,test
241,413,DNSUFPJFKSCBRT-UHFFFAOYSA-N,CNC(=O)Oc1cccc(CN(C)CCCOc2ccc3c(=O)c4ccccc4oc3c2)c1,YJAFJAGEJWHHSY-UHFFFAOYSA-N,train
242,414,NWPIUZHAZCZQMX-UHFFFAOYSA-N,CNC(=O)Oc1cccc(CN(C)CCCOc2ccc(C(=O)c3ccccc3)cc2)c1,UUQQRPWLTMMCSV-UHFFFAOYSA-N,test
243,415,ZCJVEAQKQPJJOE-UHFFFAOYSA-N,CNC(=O)Oc1cccc(CN(C)CCCCCCOc2ccc3c(=O)c4ccccc4oc3c2)c1,NJEMLWAYICNSMV-UHFFFAOYSA-N,train
244,416,HWJZJOWEFUMSJX-UHFFFAOYSA-N,CNC(=O)Oc1cccc(CN(C)CCCOc2ccc3ccccc3c2)c1,VFMMITSTDSXTMO-UHFFFAOYSA-N,test
245,417,GJGXTGDTRQMKRF-UHFFFAOYSA-N,CN(CCCOc1ccc2c(=O)c3ccccc3oc2c1)Cc1cccc(OC(=O)NCCCCCCCCCN2CCOCC2)c1,VSZCXWFWDSAZPT-UHFFFAOYSA-N,test
246,418,SUHPILVZBHLWBS-UHFFFAOYSA-N,CNC(=O)Oc1cccc(CN(C)CCCCCCCCOc2ccc3c(=O)c4ccccc4oc3c2)c1,JITUKBQYIAROBR-UHFFFAOYSA-N,train
247,419,HZBWHMWKDXVMMX-UHFFFAOYSA-N,CN(CCCOc1ccc2c(=O)c3ccccc3oc2c1)Cc1cccc(OC(=O)NCCCCCCN2CCOCC2)c1,ACBZXVJRMPPPRP-UHFFFAOYSA-N,train
248,421,XRABKTHZTSLCHJ-UHFFFAOYSA-N,CNC(=O)Oc1cccc(CN(C)CCCOc2cccc(Cc3ccccc3)c2)c1,GHLQIUUQOWYNQU-UHFFFAOYSA-N,train
249,422,QKVHGMOFMMASRA-UHFFFAOYSA-N,CNC(=O)Oc1cccc(CN(C)CCCCCCCOc2ccc3c(=O)c4ccccc4oc3c2)c1,NQEOISRPUUTSTL-UHFFFAOYSA-N,train
250,423,RCYBYSAMEBZDEK-UHFFFAOYSA-N,CNC(=O)Oc1cccc(CN(C)CCCOc2ccc(-c3ccccc3)cc2)c1,ZTKRTTXZANSSPM-UHFFFAOYSA-N,test
251,424,NSHKRWLPXPEHTJ-UHFFFAOYSA-N,CN(CCCOc1ccc2c(=O)c3ccccc3oc2c1)Cc1cccc(OC(=O)NCCCCCCCN2CCOCC2)c1,OGIHDCJXZFCUKI-UHFFFAOYSA-N,test
252,425,WHEABQVTGKWYIA-UHFFFAOYSA-N,CNC(=O)Oc1cccc(CN(C)CCCOc2ccccc2)c1,WPPCUGSDZTTYQW-UHFFFAOYSA-N,test
253,426,ZMBXOOLDCNMQRK-UHFFFAOYSA-N,CNC(=O)Oc1cccc(CN(C)CC#CCOc2ccc3c(=O)c4ccccc4oc3c2)c1,KRAMYPMGEFPBRK-UHFFFAOYSA-N,test
254,427,SKHRLUFWHGAOII-UHFFFAOYSA-N,CNC(=O)Oc1cccc(CN(C)CCCCCCCCCCOc2ccc3c(=O)c4ccccc4oc3c2)c1,RSOWWSCKFZEGMT-UHFFFAOYSA-N,test
255,429,AGMUUBYEBVEYGU-NNBQYGFHSA-N,CN1CC[C@@]2(C)c3cc(OC(=O)Nc4ccccc4)ccc3NC12,ULLJVPKUDFDJKB-UHFFFAOYSA-N,train
256,430,BLIZSWJUMPREPD-WUJWULDRSA-N,CNC(=O)Oc1ccc2c(c1)[C@]1(C)CCN(C)C1N2C=O,VOWHONRMOCHCGC-UHFFFAOYSA-N,train
257,431,XFHXQJANHQMYQR-UHFFFAOYSA-N,CCN(CCCCCC(=O)N(C)CCCCCCCCN(C)C(=O)CCCCCN(CC)Cc1ccccc1C)Cc1ccccc1C,JHQNMXFHTFUQGJ-UHFFFAOYSA-N,train
258,432,BEWOOQVZCJXCHR-UHFFFAOYSA-N,CC[N+](C)(CCCCCC(=O)N(C)CCCCCCCCN(C)C(=O)CCCCC[N+](C)(CC)Cc1ccccc1Cl)Cc1ccccc1Cl,JHQNMXFHTFUQGJ-UHFFFAOYSA-P,train
259,433,ZWGYIQCSZDFZQV-UHFFFAOYSA-N,CC[N+](C)(CCCCCC(=O)N(CCCCCCCCN(C(=O)CCCCC[N+](C)(CC)Cc1ccccc1OC)C(C)C)C(C)C)Cc1ccccc1OC,JHQNMXFHTFUQGJ-UHFFFAOYSA-P,train
260,434,UUQLGETXWSEMFB-JKGBFCRXSA-N,CN1CC[C@@]2(C)c3cc(OC(=O)Nc4ccccc4)ccc3N(Cc3ccccc3)C12,XWHYLMWZWILHMT-UHFFFAOYSA-N,train
261,435,LHOGDRUXAOULLD-UHFFFAOYSA-N,COc1ccc(CN(C)CCCCCC(=O)N(C)CCCCCCCCN(C)C(=O)CCCCCN(C)Cc2ccc(OC)cc2)cc1,JHQNMXFHTFUQGJ-UHFFFAOYSA-N,train
262,437,MFSFKJAYNZMHEN-VGAJERRHSA-N,CNC(=O)Oc1ccc2c(c1)[C@@]1(C)CCN(C)C1N2Cc1ccccc1,YSXYQGDIUVECGI-UHFFFAOYSA-N,train
263,439,DSJSKPAKOSGGPL-UHFFFAOYSA-N,CCN(CCCCCC(=O)N(CCCCCCCCN(C(=O)CCCCCN(CC)Cc1ccccc1OC)C(C)C)C(C)C)Cc1ccccc1OC,JHQNMXFHTFUQGJ-UHFFFAOYSA-N,train
264,440,NDAKSRSNKJZZLT-UHFFFAOYSA-N,CC[N+](C)(CCCCCC(=O)N(C)CCCCCCCCN(C)C(=O)CCCCC[N+](C)(CC)Cc1ccccc1[N+](=O)[O-])Cc1ccccc1[N+](=O)[O-],JHQNMXFHTFUQGJ-UHFFFAOYSA-P,train
265,444,HCMYZQSCTADARC-UHFFFAOYSA-N,COc1ccccc1CN(CCCCCC(=O)N(C)CCCCCCCCN(C)C(=O)CCCCCN(Cc1ccccc1OC)C(C)C)C(C)C,JHQNMXFHTFUQGJ-UHFFFAOYSA-N,train
266,446,MFSFKJAYNZMHEN-QWAKEFERSA-N,CNC(=O)Oc1ccc2c(c1)[C@]1(C)CCN(C)C1N2Cc1ccccc1,YSXYQGDIUVECGI-UHFFFAOYSA-N,train
267,447,ZOHUWMTXULYLTQ-UHFFFAOYSA-N,COc1cccc(CN(C)CCCCCC(=O)N(C)CCCCCCCCN(C)C(=O)CCCCCN(C)Cc2cccc(OC)c2)c1,JHQNMXFHTFUQGJ-UHFFFAOYSA-N,train
268,448,KHBDHGUQOPEDSD-UHFFFAOYSA-N,CC[N+](C)(CCCCCC(=O)N(C)CCCCCCCCN(C)C(=O)CCCCC[N+](C)(CC)Cc1ccccc1C(F)(F)F)Cc1ccccc1C(F)(F)F,JHQNMXFHTFUQGJ-UHFFFAOYSA-P,train
269,449,HWVIRUSPVVRQOV-UHFFFAOYSA-N,CCN(CCCCCC(=O)N(C)CCCCCCCCN(C)C(=O)CCCCCN(CC)Cc1ccccc1[N+](=O)[O-])Cc1ccccc1[N+](=O)[O-],JHQNMXFHTFUQGJ-UHFFFAOYSA-N,train
270,454,CIZMEDUDJZCVBY-UHFFFAOYSA-N,CC[N+](C)(CCCCCC(=O)N(C)CCCCCCCCN(C)C(=O)CCCCC[N+](C)(CC)Cc1ccccc1)Cc1ccccc1,JHQNMXFHTFUQGJ-UHFFFAOYSA-P,train
271,455,LXMBFDTVWSEIPZ-UHFFFAOYSA-N,CCCOc1ccccc1C[N+](C)(CC)CCCCCC(=O)N(C)CCCCCCCCN(C)C(=O)CCCCC[N+](C)(CC)Cc1ccccc1OCCC,JHQNMXFHTFUQGJ-UHFFFAOYSA-P,train
272,456,DZYFZMCXVUMBKW-UHFFFAOYSA-N,CC[N+](C)(CCCCCC(=O)N(C)CCCCCCCCN(C)C(=O)CCCCC[N+](C)(CC)Cc1ccccc1C)Cc1ccccc1C,JHQNMXFHTFUQGJ-UHFFFAOYSA-P,train
273,458,ICLMGHKDENGQSK-UHFFFAOYSA-N,CCCOc1ccccc1CN(CC)CCCCCC(=O)N(C)CCCCCCCCN(C)C(=O)CCCCCN(CC)Cc1ccccc1OCCC,JHQNMXFHTFUQGJ-UHFFFAOYSA-N,train
274,459,PBHFNBQPZCRWQP-ROPPNANJSA-N,CN1CC[C@]2(C)c3cc(OC(=O)Nc4ccccc4)ccc3N(C)C12,ULLJVPKUDFDJKB-UHFFFAOYSA-N,train
275,460,PIJVFDBKTWXHHD-AWKYBWMHSA-N,CNC(=O)Oc1ccc2c(c1)[C@@]1(C)CCN(C)C1N2C,VOWHONRMOCHCGC-UHFFFAOYSA-N,train
276,461,RNBMJTUDVDLVNT-IJHRGXPZSA-N,CN1CC[C@@]2(C)c3cc(OC(=O)Nc4ccccc4)ccc3N(C=O)C12,ULLJVPKUDFDJKB-UHFFFAOYSA-N,train
277,462,SUIVMEYWDVGNPD-UHFFFAOYSA-N,CCN(CCCCCC(=O)N(C)CCCCCCCCN(C)C(=O)CCCCCN(CC)Cc1ccccc1C(F)(F)F)Cc1ccccc1C(F)(F)F,JHQNMXFHTFUQGJ-UHFFFAOYSA-N,train
278,463,VJXLWYGKZGTXAF-UHFFFAOYSA-N,CCN(CCCCCC(=O)N(C)CCCCCCCCN(C)C(=O)CCCCCN(CC)Cc1ccccc1OC)Cc1ccccc1OC,JHQNMXFHTFUQGJ-UHFFFAOYSA-N,train
279,467,IQTNXMOPVSCWJR-UHFFFAOYSA-N,CCN(CCCCCCOCCCCCCCCOCCCCCCN(CC)Cc1ccccc1OC)Cc1ccccc1OC,LSUCCSWVSLIXFS-UHFFFAOYSA-N,test
280,469,YMEPZNZXGFFWKB-UHFFFAOYSA-N,CCN(CCCCCC(=O)N(C)CCCCCCCCN(C)C(=O)CCCCCN(CC)Cc1ccccc1)Cc1ccccc1,JHQNMXFHTFUQGJ-UHFFFAOYSA-N,train
281,470,GPONHWSDHNCYFZ-TYZXPVIJSA-N,CNC(=O)Oc1ccc2c(c1)[C@@]1(C)CCN(C)C1N2,VOWHONRMOCHCGC-UHFFFAOYSA-N,train
282,471,CFHDUYWCOGVCCF-UHFFFAOYSA-N,CCN(CCCCCC(=O)N(C)CCCCCCCCN(C)C(=O)CCCCCN(CC)Cc1ccccc1Cl)Cc1ccccc1Cl,JHQNMXFHTFUQGJ-UHFFFAOYSA-N,train
283,472,AZORUJDKIYXDQJ-UHFFFAOYSA-N,CC[N+](C)(CCCCCCOCCCCCCCCOCCCCCC[N+](C)(CC)Cc1ccccc1OC)Cc1ccccc1OC,LSUCCSWVSLIXFS-UHFFFAOYSA-P,test
284,474,VTTZSIFCKKPQTK-UHFFFAOYSA-N,CC[N+](C)(CCCCCC(=O)N(C)CCCCCCCCN(C)C(=O)CCCCC[N+](C)(CC)Cc1ccccc1OC)Cc1ccccc1OC,JHQNMXFHTFUQGJ-UHFFFAOYSA-P,train
285,478,GPONHWSDHNCYFZ-PYMCNQPYSA-N,CNC(=O)Oc1ccc2c(c1)[C@]1(C)CCN(C)C1N2,VOWHONRMOCHCGC-UHFFFAOYSA-N,train
286,479,AGMUUBYEBVEYGU-WHCXFUJUSA-N,CN1CC[C@]2(C)c3cc(OC(=O)Nc4ccccc4)ccc3NC12,ULLJVPKUDFDJKB-UHFFFAOYSA-N,train
287,480,WEQZCSNAHHSINY-UHFFFAOYSA-N,Nc1c2c(nc3cc(Cl)ccc13)-c1ccccc1C2,KUZOQBPSADEASZ-UHFFFAOYSA-N,train
288,482,XUHVEOJQELBGLL-UHFFFAOYSA-N,CCCCCCCNc1c2c(nc3cc(Cl)ccc13)CCCC2,RXBYRTSOWREATF-UHFFFAOYSA-N,train
289,485,GBRYDMXCJVBJHH-UHFFFAOYSA-N,CN1C(=O)Cc2cc3c(CCC4CCN(Cc5ccccc5)CC4)noc3cc21,MTCMTKNMZCPKLX-UHFFFAOYSA-N,train
290,486,XCCWBTOIDNKQAT-UHFFFAOYSA-N,COc1ccc2c(c1)-c1nc3ccccc3c(N)c1C2,KUZOQBPSADEASZ-UHFFFAOYSA-N,train
291,487,XUQPWMFRKQMTJR-HZMBPMFUSA-O,CNC(=O)Oc1ccc2c(c1)OC[C@@H]1CC[N+](C)(C)[C@H]21,OMAOPGJSIGOCIM-KWQFWETISA-O,test
292,488,ZZKQNBNYCRCFCW-UHFFFAOYSA-N,Cc1ccc2nc3c(c(N)c2c1)CCCC3,RXBYRTSOWREATF-UHFFFAOYSA-N,train
293,490,KZBQUUNPSWNEND-UHFFFAOYSA-N,COc1cc2nc3c(c(N)c2cc1OC)CCCC3,RXBYRTSOWREATF-UHFFFAOYSA-N,train
294,493,AJQFTXAZPPOZGU-UHFFFAOYSA-N,Nc1c2c(nc3ccc([N+](=O)[O-])cc13)CCCC2,RXBYRTSOWREATF-UHFFFAOYSA-N,train
295,495,LQFCZURJKDQWHF-UHFFFAOYSA-N,Nc1ccc2nc3c(c(N)c2c1)Cc1ccccc1-3,KUZOQBPSADEASZ-UHFFFAOYSA-N,train
296,496,CMOBEQAOWOZHMH-UHFFFAOYSA-N,CCCCCCCNc1c2c(nc3cc(F)ccc13)CCCC2,RXBYRTSOWREATF-UHFFFAOYSA-N,train
297,499,MTCMTKNMZCPKLX-UHFFFAOYSA-N,O=C1Cc2cc3c(CCC4CCN(Cc5ccccc5)CC4)noc3cc2N1,MTCMTKNMZCPKLX-UHFFFAOYSA-N,train
298,501,XEAIOWJVFCHDRX-UHFFFAOYSA-N,Cc1ccc2c(N)c3c(nc2c1)CCCC3,RXBYRTSOWREATF-UHFFFAOYSA-N,train
299,503,KQKYQZVPBJYHCD-UHFFFAOYSA-N,CCCCCCCNc1c2c(nc3cc(C)ccc13)CCCC2,RXBYRTSOWREATF-UHFFFAOYSA-N,train
300,505,SGQCQXFGSNJUNF-UHFFFAOYSA-N,CCCCCCCNc1c2c(nc3cc([N+](=O)[O-])ccc13)CCCC2,RXBYRTSOWREATF-UHFFFAOYSA-N,train
301,507,UKFCIGJAJAIROZ-CABZTGNLSA-N,CNC(=O)Oc1cccc2c1OC[C@@H]1CCN(C)[C@H]21,OMAOPGJSIGOCIM-KWQFWETISA-N,train
302,511,ICVJPRLSCKHIAR-UHFFFAOYSA-N,Nc1c2c(nc3ccccc13)-c1ccc(F)cc1C2,KUZOQBPSADEASZ-UHFFFAOYSA-N,train
303,512,DKTDGXIXEAVNKX-UHFFFAOYSA-N,CCCCCCCNc1c2c(nc3ccc(C)cc13)CCCC2,RXBYRTSOWREATF-UHFFFAOYSA-N,train
304,515,FNHNBWWIASUEQH-HVWQDESWSA-N,COc1ccc(-c2cc3c(c(=O)o2)C[C@]2(O)[C@@]4(C)C(=O)C=CC(C)(C)[C@]4(O)CC[C@@]2(C)O3)cc1,RNBBYLHKCNHDMC-UHFFFAOYSA-N,train
305,519,OEDAMXCGASJANJ-UHFFFAOYSA-N,CC(=O)Nc1ccc2c(CCC3CCN(Cc4ccccc4)CC3)noc2c1,PEZZRWUONLGRDN-UHFFFAOYSA-N,train
306,520,QBTINTSOUQAAND-UHFFFAOYSA-N,Cc1ccc2nc3c(c(NCc4ccccc4)c2c1)CCCC3,JYJAEHAURXXPSD-UHFFFAOYSA-N,train
307,522,GDDBSWQWOFNCSG-UHFFFAOYSA-N,O=C1Cc2cc3onc(CCC4CCN(Cc5ccccc5)CC4)c3cc2N1,GDDBSWQWOFNCSG-UHFFFAOYSA-N,train
308,523,ZVNZKFGWNIWFMC-UHFFFAOYSA-N,Cc1ccc2c(c1)-c1nc3ccccc3c(N)c1C2,KUZOQBPSADEASZ-UHFFFAOYSA-N,train
309,524,GCTSJRRFEWSVAJ-UHFFFAOYSA-N,COc1ccc2c(N)c3c(nc2c1)CCCC3,RXBYRTSOWREATF-UHFFFAOYSA-N,train
310,526,JNAALEZZYYJZPB-FMWQYVROSA-N,O=C(CCCCCCC(=O)NCCCCCCN1CC[C@H]2COc3ccccc3[C@H]21)NCCCCCCN1CC[C@H]2COc3ccccc3[C@H]21,JNAALEZZYYJZPB-FMWQYVROSA-N,train
311,527,UQBAAIYCOXDDQQ-UHFFFAOYSA-N,O=C1CCc2cc3c(CCC4CCN(Cc5ccccc5)CC4)noc3cc2N1,UQBAAIYCOXDDQQ-UHFFFAOYSA-N,test
312,529,DKKGRNTXCNVFPV-UHFFFAOYSA-N,Cc1cccc2c1Cc1c-2nc2ccccc2c1N,KUZOQBPSADEASZ-UHFFFAOYSA-N,train
313,531,MIHBCQWIBJDVPX-JUDWXZBOSA-N,COc1ccc(-c2cc3c(c(=O)o2)C[C@]2(O)[C@@]4(C)C(=O)C=CC(C)(C)[C@]4(O)CC[C@@]2(C)O3)cc1OC,RNBBYLHKCNHDMC-UHFFFAOYSA-N,train
314,532,PBXNNDFKPQPJBB-VJLHXPKFSA-N,COc1cc(-c2cc3c(c(=O)o2)C[C@]2(O)[C@@]4(C)C(=O)C=CC(C)(C)[C@]4(O)CC[C@@]2(C)O3)cc(OC)c1OC,RNBBYLHKCNHDMC-UHFFFAOYSA-N,train
315,533,OICRNZHKHYSUOP-UHFFFAOYSA-N,O=C1Cc2c(ccc3c(CCC4CCN(Cc5ccccc5)CC4)noc23)N1,OICRNZHKHYSUOP-UHFFFAOYSA-N,test
316,534,FXFGIRKFQZPTMA-UHFFFAOYSA-N,Nc1c2c(nc3cc(F)ccc13)CCCC2,RXBYRTSOWREATF-UHFFFAOYSA-N,train
317,538,QJJKZOSVUGJCLY-UHFFFAOYSA-N,Nc1ccc2nc3c(c(N)c2c1)CCCC3,RXBYRTSOWREATF-UHFFFAOYSA-N,train
318,540,LNGUQVVMEJQZNE-UHFFFAOYSA-N,COc1ccc2c(c1)Cc1c-2nc2ccccc2c1N,KUZOQBPSADEASZ-UHFFFAOYSA-N,train
319,541,MLEHSJMTNRGDES-UHFFFAOYSA-N,Nc1c2c(nc3cc([N+](=O)[O-])ccc13)CCCC2,RXBYRTSOWREATF-UHFFFAOYSA-N,train
320,544,MNWULZIBRBDECY-ZANVPECISA-N,CNC(=O)Oc1ccc2c(c1)OC[C@@H]1CCN(C)[C@H]21,OMAOPGJSIGOCIM-KWQFWETISA-N,train
321,545,ACXPJPLICQQAOX-XJJMBZDKSA-N,C[C@]12CC[C@H](O)[C@@](C)(CO)C1C[C@H](O)[C@@]1(C)Oc3cc(-c4ccncc4)oc(=O)c3C(=O)C21,HSTOBJDSCBYOQO-UHFFFAOYSA-N,train
322,548,UOXICDLLJJDAID-UHFFFAOYSA-N,COc1cccc2c1Cc1c-2nc2ccccc2c1N,KUZOQBPSADEASZ-UHFFFAOYSA-N,train
323,549,JLHFZCNZUUJGRC-UHFFFAOYSA-N,CCCCCCCNc1c2c(nc3cc(OC)ccc13)CCCC2,RXBYRTSOWREATF-UHFFFAOYSA-N,train
324,553,LMHYFQXFWSKTJP-UHFFFAOYSA-N,Nc1c2c(nc3cc(Br)ccc13)CCCC2,RXBYRTSOWREATF-UHFFFAOYSA-N,train
325,555,OIKUMDYZSYYSDY-UHFFFAOYSA-N,Nc1c2c(nc3ccccc13)-c1ccc(Cl)cc1C2,KUZOQBPSADEASZ-UHFFFAOYSA-N,train
326,556,YJGBKRNWMAQSOS-UHFFFAOYSA-N,Clc1ccc2c(NCc3ccccc3)c3c(nc2c1)CCCC3,JYJAEHAURXXPSD-UHFFFAOYSA-N,train
327,558,ZUCMSNAIYTWNMO-UHFFFAOYSA-N,Nc1c2c(nc3cc(F)ccc13)-c1ccccc1C2,KUZOQBPSADEASZ-UHFFFAOYSA-N,train
328,559,VZEYMLANIVXUNX-UHFFFAOYSA-N,Nc1c2c(nc3cc(Cl)c(Cl)cc13)CCCC2,RXBYRTSOWREATF-UHFFFAOYSA-N,train
329,561,SIWYMMBMGFYGRC-UHFFFAOYSA-N,O=[N+]([O-])c1ccc2nc3c(c(NCc4ccccc4)c2c1)CCCC3,JYJAEHAURXXPSD-UHFFFAOYSA-N,train
330,564,XJLXDYCGXFZHLY-UHFFFAOYSA-N,Cc1ccc2c(NCc3ccccc3)c3c(nc2c1)CCCC3,JYJAEHAURXXPSD-UHFFFAOYSA-N,train
331,566,HNEVTMFUIZLDMG-UHFFFAOYSA-N,O=[N+]([O-])c1ccc2c(NCc3ccccc3)c3c(nc2c1)CCCC3,JYJAEHAURXXPSD-UHFFFAOYSA-N,train
332,580,ASUTZQLVASHGKV-JDFRZJQESA-N,COc1ccc2c3c1O[C@H]1C[C@@H](O)C=C[C@@]31CCN(C)C2,WGJYTAVHUDKGNK-ZFWWWQNUSA-N,train
333,583,VRSUPYLJJFTWLE-UHFFFAOYSA-O,C#CCCCC[n+]1ccn(C)c1/C=N/O,RAXXELZNTBOGNW-UHFFFAOYSA-O,train
334,584,HZOTZTANVBDFOF-PBCQUBLHSA-N,CNC(=O)Oc1ccc2c(c1)[C@]1(C)CCN(C)[C@@H]1N2C.O=C(O)c1ccccc1O,NMZZPFDEUIAGIT-JDXSOMNQSA-N,train
335,592,XSVMFMHYUFZWBK-NSHDSACASA-N,CCN(C)C(=O)Oc1cccc([C@H](C)N(C)C)c1,UHOVQNZJYSORNB-UHFFFAOYSA-N,train
336,596,UIQTWEXHPAOUGM-FPOVZHCZSA-N,Cc1ccccc1NC(=O)Oc1ccc2c(c1)[C@]1(C)CCN(C)O[C@@H]1N2C,KBCDJDYGGQCOPI-VYIIXAMBSA-N,train
337,598,JXQBQPRGXRDSBS-UHFFFAOYSA-O,C#CCC(C)OC[n+]1ccn(C)c1/C=N/O,RAXXELZNTBOGNW-UHFFFAOYSA-O,train
338,600,CNBHDDBNEKKMJH-ZFWWWQNUSA-N,CNC(=O)Oc1ccc2c(c1)[C@]1(C)CCN(C)O[C@@H]1N2C,AEEBVPFVPFLZOH-HTLJXXAVSA-N,train
339,601,GHYFEILIYSGWHS-ZCVJKFOLSA-N,Cc1ccccc1NC(=O)Oc1ccc2c(c1)[C@]1(C)CC[N@@+](C)([O-])[C@@H]1N2C,ULLJVPKUDFDJKB-FQNRMIAFSA-O,train
340,603,MVHRCJQCKYPDRL-UWDQQESISA-N,CCc1ccccc1NC(=O)Oc1ccc2c(c1)[C@]1(C)CC[N@@+](C)([O-])[C@@H]1N2C,ULLJVPKUDFDJKB-FQNRMIAFSA-O,train
341,605,CWTQKLHIHKZUQO-DHSIGJKJSA-N,CNC(=O)Oc1ccc2c(c1)[C@]1(C)CC[N@@+](C)([O-])[C@@H]1N2C,VOWHONRMOCHCGC-LHIURRSHSA-O,test
342,606,CECHKRCXXNPVOX-UHFFFAOYSA-O,C#CC(CC)OC[n+]1ccn(C)c1/C=N/O,RAXXELZNTBOGNW-UHFFFAOYSA-O,train
343,608,WXAQWLKLTGJRKY-UHFFFAOYSA-O,C#CCC(CCC)OC[n+]1ccn(C)c1/C=N/O,RAXXELZNTBOGNW-UHFFFAOYSA-O,train
344,611,ZOBDWFRKFSPCRB-UNMCSNQZSA-N,CCc1ccccc1NC(=O)Oc1ccc2c(c1)[C@]1(C)CCN(C)O[C@@H]1N2C,KBCDJDYGGQCOPI-VYIIXAMBSA-N,train
345,614,IHKTVXKNZKFQCW-UHFFFAOYSA-O,C#CC(CCC)OC[n+]1ccn(C)c1/C=N/O,RAXXELZNTBOGNW-UHFFFAOYSA-O,train
346,618,JMNTUMBNMVKSOA-ICSRJNTNSA-N,CN1CC[C@@]2(C)c3cc(OC(=O)Nc4ccccc4)ccc3N(C)[C@H]2O1,KBCDJDYGGQCOPI-VYIIXAMBSA-N,train
347,620,PYNCZOMCQLYABK-GREBRCKQSA-N,CN1c2ccc(OC(=O)Nc3ccccc3)cc2[C@]2(C)CC[N@@+](C)([O-])[C@H]12,ULLJVPKUDFDJKB-FQNRMIAFSA-O,train
348,621,NCERWLVJTKFIHR-UHFFFAOYSA-N,Cc1cc2onc(CCC3CCN(Cc4ccccc4)CC3)c2cc1C,PEZZRWUONLGRDN-UHFFFAOYSA-N,train
349,623,PEZZRWUONLGRDN-UHFFFAOYSA-N,c1ccc(CN2CCC(CCc3noc4ccccc34)CC2)cc1,PEZZRWUONLGRDN-UHFFFAOYSA-N,train
350,624,LYTYXHJYOPFOCO-UHFFFAOYSA-N,COc1cccc2c(CCC3CCN(Cc4ccccc4)CC3)noc12,PEZZRWUONLGRDN-UHFFFAOYSA-N,train
351,625,JCWFCWIJNXZDKN-UHFFFAOYSA-N,c1ccc(CN2CCC(CCc3noc4cc(N5CCOCC5)ccc34)CC2)cc1,JCWFCWIJNXZDKN-UHFFFAOYSA-N,train
352,627,RRYREXCAJLJMCL-UHFFFAOYSA-N,O=S(=O)(Nc1ccc2c(CCC3CCN(Cc4ccccc4)CC3)noc2c1)c1ccccc1,RRYREXCAJLJMCL-UHFFFAOYSA-N,test
353,628,NPZKLBFCTYVTBS-UHFFFAOYSA-N,c1ccc(CN2CCC(CCc3n[nH]c4ccccc34)CC2)cc1,NPZKLBFCTYVTBS-UHFFFAOYSA-N,test
354,629,WZVZDMSPGXVHOP-UHFFFAOYSA-N,Cc1ccc2onc(CCC3CCN(Cc4ccccc4)CC3)c2c1,PEZZRWUONLGRDN-UHFFFAOYSA-N,train
355,630,VFDQMJCSKFAKRY-UHFFFAOYSA-N,COc1ccc2c(CCC3CCN(Cc4ccccc4)CC3)noc2c1,PEZZRWUONLGRDN-UHFFFAOYSA-N,train
356,631,ZNARRZNSRNXCPB-KHPPLWFESA-N,C(=C/C1CCN(Cc2ccccc2)CC1)/c1noc2ccccc12,ZNARRZNSRNXCPB-KHPPLWFESA-N,test
357,633,ZJCILDCILOKWCX-UHFFFAOYSA-N,c1ccc(CN2CCC(CCc3ncnc4ccccc34)CC2)cc1,ZJCILDCILOKWCX-UHFFFAOYSA-N,test
358,634,SVVHWFKGOPNOLR-UHFFFAOYSA-N,Brc1ccc2c(CCC3CCN(Cc4ccccc4)CC3)noc2c1,PEZZRWUONLGRDN-UHFFFAOYSA-N,train
359,635,QMQQOVGCVPEGSA-UHFFFAOYSA-N,c1ccc(CN2CCC(CCc3nsc4ccccc34)CC2)cc1,QMQQOVGCVPEGSA-UHFFFAOYSA-N,test
360,636,WNFJUFWSHLTWLJ-UHFFFAOYSA-N,c1ccc(CN2CCC(CCCc3noc4ccccc34)CC2)cc1,WNFJUFWSHLTWLJ-UHFFFAOYSA-N,test
361,637,DZSDRGBLRNZFES-UHFFFAOYSA-N,c1ccc(CN2CCC(CCNc3noc4ccccc34)CC2)cc1,DZSDRGBLRNZFES-UHFFFAOYSA-N,train
362,638,OCXWMIZAVHITQO-UHFFFAOYSA-N,NC(=O)c1ccc2c(CCC3CCN(Cc4ccccc4)CC3)noc2c1,PEZZRWUONLGRDN-UHFFFAOYSA-N,train
363,639,XYBJWCKGZDRJOC-UHFFFAOYSA-N,c1ccc(CN2CCC(CCc3nccc4ccccc34)CC2)cc1,XYBJWCKGZDRJOC-UHFFFAOYSA-N,test
364,640,PMVWXOVLDYBXSN-UHFFFAOYSA-N,c1ccc(CN2CCC(CNc3noc4ccccc34)CC2)cc1,PMVWXOVLDYBXSN-UHFFFAOYSA-N,test
365,641,PPMPPMKWHZDSNI-UHFFFAOYSA-N,Oc1ccc2c(CCC3CCN(Cc4ccccc4)CC3)noc2c1,PEZZRWUONLGRDN-UHFFFAOYSA-N,train
366,642,LLOAJMWVAODKLQ-UHFFFAOYSA-N,Nc1ccc2c(CCC3CCN(Cc4ccccc4)CC3)noc2c1,PEZZRWUONLGRDN-UHFFFAOYSA-N,train
367,643,WNUCJMMTJRRQRG-UHFFFAOYSA-N,O=C(Nc1ccc2c(CCC3CCN(Cc4ccccc4)CC3)noc2c1)c1ccccc1,WNUCJMMTJRRQRG-UHFFFAOYSA-N,test
368,644,XTRTWLAGVWOKQO-UHFFFAOYSA-N,N#Cc1ccc2c(CCC3CCN(Cc4ccccc4)CC3)noc2c1,PEZZRWUONLGRDN-UHFFFAOYSA-N,train
369,646,WLEKXXPTBPECMY-UHFFFAOYSA-N,COc1ccc2onc(CCC3CCN(Cc4ccccc4)CC3)c2c1,PEZZRWUONLGRDN-UHFFFAOYSA-N,train
370,647,OXCFQBATIXKIPU-UHFFFAOYSA-N,c1ccc(CN2CCC(COc3noc4ccccc34)CC2)cc1,OXCFQBATIXKIPU-UHFFFAOYSA-N,test
371,648,LZVMXWWPYZKCHX-LCOAMIHASA-N,CCCCCCNC(=O)Oc1ccc2c(c1)[C@]1(C)CCN(CCC)C1C2.Cc1ccc(C(=O)OC(C(=O)O)C(OC(=O)c2ccc(C)cc2)C(=O)O)cc1,SAKRLMMAMOUNKR-UHFFFAOYSA-N,test
372,649,UBWZQILFMCCHFE-QWAKEFERSA-N,CCCCCCNC(=O)Oc1ccc2c(c1)[C@]1(C)CCN(CC)C1C2,AYMKUDMWKRYQAG-UHFFFAOYSA-N,train
373,650,JOOGXPYATKQKBK-IAXKEJLGSA-N,CCCCCCCNC(=O)Oc1ccc2c(c1)[C@]1(C)CCN(CC)C1C2,AYMKUDMWKRYQAG-UHFFFAOYSA-N,train
374,652,XAWCVUBHVCUDBZ-DAFXYXGESA-N,CCCNC(=O)Oc1ccc2c(c1)[C@]1(C)CCN(CC)C1C2,AYMKUDMWKRYQAG-UHFFFAOYSA-N,train
375,653,AVAFJTWXTNBJNG-GPNIZQGCSA-N,CCCCCCCNC(=O)Oc1ccc2c(c1)[C@]1(C)CCN(Cc3ccccc3)C1C2,DPIGXLBJCYWBNT-UHFFFAOYSA-N,train
376,655,CCLYHFAXRYLZDZ-ZQRQZVKFSA-N,CCCCCCCNC(=O)Oc1ccc2c(c1)[C@@H]1CCN(CCC)C1C2,AYMKUDMWKRYQAG-VUWPPUDQSA-N,train
377,657,ZLFLUZOZKIPTJJ-IJHRGXPZSA-N,CCCCCCNC(=O)Oc1ccc2c(c1)[C@]1(C)CCN(C)C1C2,AYMKUDMWKRYQAG-UHFFFAOYSA-N,train
378,658,MCAQWHWWQNEHOE-QWAKEFERSA-N,CCCCCCCNC(=O)Oc1ccc2c(c1)[C@]1(C)CCN(C)C1C2,AYMKUDMWKRYQAG-UHFFFAOYSA-N,train
379,659,VONJUQXHNPNBDU-NFGFVTGESA-N,CCN1CC[C@@]2(C)c3cc(OC(=O)N[C@@H](C)c4ccccc4)ccc3CC12,VEPPAPQOHSMECW-UHFFFAOYSA-N,train
380,660,HYIYBWCTLLQRLQ-NBFOIZRFSA-N,CCN1CC[C@H]2c3cc(OC(=O)NC)ccc3CC21,AYMKUDMWKRYQAG-VUWPPUDQSA-N,train
381,661,LKLDMKAWSUSARS-LROBGIAVSA-N,CCCCCCNC(=O)Oc1ccc2c(c1)[C@@H]1CCN(CCC)C1C2,AYMKUDMWKRYQAG-VUWPPUDQSA-N,train
382,663,PVMNTYXKDFRXKP-IAXKEJLGSA-N,CCN1CC[C@@]2(C)c3cc(OC(=O)NCc4ccccc4)ccc3CC12,VEPPAPQOHSMECW-UHFFFAOYSA-N,train
383,664,JYMNJIDLAQUBDE-MYJWUSKBSA-N,CCCCNC(=O)Oc1ccc2c(c1)[C@@H]1CCN(CC)C1C2,AYMKUDMWKRYQAG-VUWPPUDQSA-N,train
384,665,NNWAKPXOOYJLNL-LROBGIAVSA-N,CCCCCCCNC(=O)Oc1ccc2c(c1)[C@@H]1CCN(CC)C1C2,AYMKUDMWKRYQAG-VUWPPUDQSA-N,train
385,667,TWWXDKNSBLIIEY-UHFFFAOYSA-N,CCCN1CCCC(c2cccc(OC(=O)NC(C)C)c2)C1,NZYBILDYPCVNMU-UHFFFAOYSA-N,test
386,669,TXJSVDRPBGRIFY-QWAKEFERSA-N,CCN1CC[C@@]2(C)c3cc(OC(=O)Nc4ccccc4)ccc3CC12,HGHUANRELDAGLC-UHFFFAOYSA-N,train
387,670,OEQMWEPWWKQKQL-NNBQYGFHSA-N,CCCCNC(=O)Oc1ccc2c(c1)[C@]1(C)CCN(CC)C1C2,AYMKUDMWKRYQAG-UHFFFAOYSA-N,train
388,671,QSCQOXMIFSONAX-YANBTOMASA-N,CCCCCCCNC(=O)Oc1ccc2c(c1)[C@]1(C)CCN(CCC)C1C2,AYMKUDMWKRYQAG-UHFFFAOYSA-N,train
389,673,XWDNADYVTFQMOY-KKFHFHRHSA-N,CCCCCCNC(=O)Oc1ccc2c(c1)[C@@H]1CCN(CC)C1C2,AYMKUDMWKRYQAG-VUWPPUDQSA-N,train
390,674,VXTBWKBREFKYDA-WMCAAGNKSA-N,CCN1CC[C@@]2(C)c3cc(OC(=O)NC)ccc3CC12,AYMKUDMWKRYQAG-UHFFFAOYSA-N,train
391,675,GFYHFMVUVHAJDW-LBAUFKAWSA-N,CCCNC(=O)Oc1ccc2c(c1)[C@@H]1CCN(CC)C1C2,AYMKUDMWKRYQAG-VUWPPUDQSA-N,train
392,681,WGAVIJGEWZDOOU-UHFFFAOYSA-N,Nc1c2c(nc3ccccc13)CC(O)CC2,RXBYRTSOWREATF-UHFFFAOYSA-N,train
393,683,PYCYYSWVRAEADT-UHFFFAOYSA-N,Nc1c2c(nc3ccccc13)CCC(O)C2,RXBYRTSOWREATF-UHFFFAOYSA-N,train
394,685,BISIFJGUTDFVFR-UHFFFAOYSA-N,Nc1c2c(nc3ccccc13)C(O)CCC2,RXBYRTSOWREATF-UHFFFAOYSA-N,train
395,687,FEKLICVONCXYRV-UHFFFAOYSA-N,COc1ccccc1CN1CCCCCCCCN(Cc2ccccc2OC)C(=O)CCCCCNCc2ccc(cc2)CNCCCCCC1=O,FWHGXAVKRXWJSP-UHFFFAOYSA-N,train
396,691,PWXAXJBDRWUOPZ-UHFFFAOYSA-N,COc1ccccc1CN1CCCCCCCCN(Cc2ccccc2OC)C(=O)CCCCCNCc2ccc(cc2)-c2ccc(cc2)CNCCCCCC1=O,ZDRXODKITUOMRY-UHFFFAOYSA-N,test
397,695,KTURDSDPPQHUFH-UHFFFAOYSA-N,COc1ccccc1CN1CCCCCCCCN(Cc2ccccc2OC)C(=O)CCCCCNCc2cccc(c2)Cc2cccc(c2)CNCCCCCC1=O,IUKJVIWCMHHLFY-UHFFFAOYSA-N,train
398,699,CKKVAQWWMPPXLE-UHFFFAOYSA-N,CC(=O)Oc1ccc(C)c([N+](C)(C)C)c1,UHOVQNZJYSORNB-UHFFFAOYSA-N,train
399,706,MNIMLCHZPSYBJD-UHFFFAOYSA-N,CCC(=O)Oc1cc([N+](C)(C)C)ccc1C,UHOVQNZJYSORNB-UHFFFAOYSA-N,train
400,709,VUELVPNZILZURJ-UHFFFAOYSA-N,CC(=O)Oc1cc([N+](C)(C)C)ccc1C,UHOVQNZJYSORNB-UHFFFAOYSA-N,train
401,713,IFZXCQPMQSSVKJ-UHFFFAOYSA-N,COc1cc2c(c(OC)c1)C(=O)C(C)C2,QNXSIUBBGPHDDE-UHFFFAOYSA-N,train
402,718,VXKMGRRBRAIZKF-UHFFFAOYSA-N,COc1ccc2c(c1)C(=O)C(C)C2,QNXSIUBBGPHDDE-UHFFFAOYSA-N,train
403,723,LTSJAOJBDFVFJN-UHFFFAOYSA-N,COc1cc2c(cc1OC(C)C)CC(C)C2=O,QNXSIUBBGPHDDE-UHFFFAOYSA-N,train
404,730,GYPMBQZAVBFUIZ-UHFFFAOYSA-N,COc1ccc(C)cc1OC,UHOVQNZJYSORNB-UHFFFAOYSA-N,train
405,732,JSGBTKWCLLGUQI-UHFFFAOYSA-O,Cc1ccc(O)cc1[N+](C)(C)C,UHOVQNZJYSORNB-UHFFFAOYSA-N,train
406,734,HVEHGQRVGLFZTA-WMCAAGNKSA-O,CNC(=O)Oc1ccc2c(c1)[C@]1(C)CC[N+](C)(C)C1N2C,VOWHONRMOCHCGC-UHFFFAOYSA-O,train
407,735,VPOGYXOJCCWVRS-UHFFFAOYSA-O,CCCCCCCCOC[n+]1ccn(C)c1/C=N/O,RAXXELZNTBOGNW-UHFFFAOYSA-O,train
408,737,ZDCQKZOFWPDZHL-UHFFFAOYSA-N,Cc1cccc2c1CC(C)C2=O,QNXSIUBBGPHDDE-UHFFFAOYSA-N,train
409,740,AYARUBQRJJYGCJ-UHFFFAOYSA-P,Cn1cc[n+](COC[n+]2ccn(C)c2/C=N/O)c1/C=N/O,CGAHLAWAOLRZHC-UHFFFAOYSA-P,train
410,746,KCIZTNZGSBSSRM-UHFFFAOYSA-N,COc1cc(C)cc(OC)c1OC,UHOVQNZJYSORNB-UHFFFAOYSA-N,train
411,749,LWTBLXRZFDITBS-UHFFFAOYSA-N,CCC(=O)Oc1cccc([N+](C)(C)C)c1,UHOVQNZJYSORNB-UHFFFAOYSA-N,train
412,757,CHLICZRVGGXEOD-UHFFFAOYSA-N,COc1ccc(C)cc1,UHOVQNZJYSORNB-UHFFFAOYSA-N,train
413,761,ZSOHEKFEVDPZKH-UHFFFAOYSA-N,CC1Cc2cc3c(cc2C1=O)OCO3,LKLNTTMWFRNYLE-UHFFFAOYSA-N,test
414,763,BEKNOGMQVKBMQN-UHFFFAOYSA-N,CC1Cc2ccccc2C1=O,QNXSIUBBGPHDDE-UHFFFAOYSA-N,train
415,772,MWXYUIGGCLHWEP-UHFFFAOYSA-N,COc1cccc2c1CC(C)C2=O,QNXSIUBBGPHDDE-UHFFFAOYSA-N,train
416,774,UCMACRIRPLDMDR-UHFFFAOYSA-N,COc1ccc2c(c1OC)C(=O)C(C)C2,QNXSIUBBGPHDDE-UHFFFAOYSA-N,train
417,782,HIQOGHGGZYIFQJ-UHFFFAOYSA-N,COc1cc2c(cc1O)CC(C)C2=O,QNXSIUBBGPHDDE-UHFFFAOYSA-N,train
418,790,PJJMKVJLFRGNKC-UHFFFAOYSA-N,COc1ccc(OC)c2c1CC(C)C2=O,QNXSIUBBGPHDDE-UHFFFAOYSA-N,train
419,794,ZPTVNYMJQHSSEA-UHFFFAOYSA-N,Cc1ccc([N+](=O)[O-])cc1,UHOVQNZJYSORNB-UHFFFAOYSA-N,train
420,796,HMFWEHZULGHDQI-UHFFFAOYSA-O,Cn1cc[n+](COCc2cccc3ccccc23)c1/C=N/O,LBLJHHKZXXWZDP-UHFFFAOYSA-O,test
421,797,BABIQLUCYVRCIX-UHFFFAOYSA-N,CC1Cc2ccc(F)cc2C1=O,QNXSIUBBGPHDDE-UHFFFAOYSA-N,train
422,813,NNZHVFBIRACHKV-UHFFFAOYSA-O,Cc1ccc([N+](C)(C)C)cc1O,UHOVQNZJYSORNB-UHFFFAOYSA-N,train
423,816,NZJAFQIOSNDHPN-UHFFFAOYSA-N,COc1cc2c(c(OC)c1OC)C(=O)C(C)C2,QNXSIUBBGPHDDE-UHFFFAOYSA-N,train
424,822,FYHHSIMJULJXFS-UHFFFAOYSA-O,Cn1cc[n+](COCC(C)(C)C)c1/C=N/O,RAXXELZNTBOGNW-UHFFFAOYSA-O,train
425,823,DRWBHZSJKUMHGN-UHFFFAOYSA-N,COc1cc2c(cc1OC)C(=O)C(C)C2,QNXSIUBBGPHDDE-UHFFFAOYSA-N,train
426,827,OEUQDGNNEYCCQW-UHFFFAOYSA-N,CC(=O)Oc1cccc([N+](C)(C)C)c1,UHOVQNZJYSORNB-UHFFFAOYSA-N,train
427,829,CSKWZSUBRGLJBC-UHFFFAOYSA-O,C[N+](C)(C)c1cccc(O)c1,UHOVQNZJYSORNB-UHFFFAOYSA-N,train
428,831,OSIGJGFTADMDOB-UHFFFAOYSA-N,COc1cccc(C)c1,UHOVQNZJYSORNB-UHFFFAOYSA-N,train
429,834,ANVLUJVUZOJZJH-UHFFFAOYSA-N,CCOc1cc2c(cc1OCC)C(=O)C(C)C2,QNXSIUBBGPHDDE-UHFFFAOYSA-N,train
430,836,MFCLOAFNUWAGGB-UHFFFAOYSA-N,Cc1ccc2c(c1)C(=O)C(C)C2,QNXSIUBBGPHDDE-UHFFFAOYSA-N,train
431,845,RRGLXSHXUVBPPY-UHFFFAOYSA-N,COc1ccc2c(c1OC)CC(C)C2=O,QNXSIUBBGPHDDE-UHFFFAOYSA-N,train
432,860,ROYFCSCGFOUJGP-IAXKEJLGSA-N,CC(C)c1ccc(NC(=O)Oc2ccc3c(c2)[C@]2(C)CCNC2N3C)cc1,ULLJVPKUDFDJKB-UHFFFAOYSA-N,train
433,861,JGAGHIIOCADQOV-QWAKEFERSA-N,Cc1ccccc1NC(=O)Oc1ccc2c(c1)[C@]1(C)CCN(C)C1N2C,ULLJVPKUDFDJKB-UHFFFAOYSA-N,train
434,873,ZIGIADNCAWZUAB-QWAKEFERSA-N,CC(C)c1ccc(NC(=O)Oc2ccc3c(c2)[C@]2(C)CCNC2N3)cc1,ULLJVPKUDFDJKB-UHFFFAOYSA-N,train
435,876,KPWSFHABVRXVSI-ZPHPHTNESA-N,CCCCCCCCc1noc(/C(=N/O)SCCN(CC)CC)n1,BBVIDBNAYOIXOE-UHFFFAOYSA-N,train
436,880,NKJRRVBTMYRXRB-YANBTOMASA-N,CC(C)c1ccc(NC(=O)Oc2ccc3c(c2)[C@]2(C)CCN(C)C2N3C)cc1,ULLJVPKUDFDJKB-UHFFFAOYSA-N,train
437,882,QZIXJLSOJNMYMO-ICFOKQHNSA-N,CCN(CC)CCS/C(=N\O)c1nc(-c2ccccc2)no1,JJBDWBUEPCGFMN-UHFFFAOYSA-N,train
438,884,ZRWYMOGAPUKQLT-IJHRGXPZSA-N,Cc1ccccc1NC(=O)Oc1ccc2c(c1)[C@]1(C)CCN(C)C1N2,ULLJVPKUDFDJKB-UHFFFAOYSA-N,train
439,885,YSHGAURKQQQQLD-STJUJJKNSA-N,Cc1ccccc1NC(=O)Oc1ccc2c(c1)[C@]1(C)CCN(Cc3ccccc3)C1N2Cc1ccccc1,JCZZLPWNFXJVKU-UHFFFAOYSA-N,train
440,887,QJNHONPWJGXIOZ-IJHRGXPZSA-N,Cc1ccccc1NC(=O)Oc1ccc2c(c1)[C@]1(C)CCNC1N2C,ULLJVPKUDFDJKB-UHFFFAOYSA-N,train
441,888,HFXBBZYSRYHHRW-NNBQYGFHSA-N,Cc1ccccc1NC(=O)Oc1ccc2c(c1)[C@]1(C)CCNC1N2,ULLJVPKUDFDJKB-UHFFFAOYSA-N,train
442,892,GUUSRQYNMVBLTK-GPNIZQGCSA-N,Cc1ccccc1NC(=O)Oc1ccc2c(c1)[C@]1(C)CCN(C)C1N2Cc1ccccc1,XWHYLMWZWILHMT-UHFFFAOYSA-N,train
443,893,WZMBVGKJFPMNGN-IAXKEJLGSA-N,CC(C)c1ccc(NC(=O)Oc2ccc3c(c2)[C@]2(C)CCN(C)C2N3)cc1,ULLJVPKUDFDJKB-UHFFFAOYSA-N,train
444,894,KDJIRJJIEGFPOG-UHFFFAOYSA-N,CCCCCSC(=O)OCC[N+](C)(C)C,__NO_SCAFFOLD__,train
445,898,XVAIKIDWWWIJHZ-RXBHZZDJSA-N,Cc1ccccc1NC(=O)Oc1ccc2c(c1)[C@]1(C)CCN(CCc3ccccc3)C1N2C,FGYCMKQXOGBSDD-UHFFFAOYSA-N,train
446,904,REQCZEXYDRLIBE-UHFFFAOYSA-N,CCN(CC)CCNC(=O)c1ccc(N)cc1,UHOVQNZJYSORNB-UHFFFAOYSA-N,train
447,906,PZRHMLTUOQZGFU-UHFFFAOYSA-N,c1ccc2c(c1)CN1CCCCC1=N2,PZRHMLTUOQZGFU-UHFFFAOYSA-N,test
448,907,ZSYBVMLBRRAALN-UHFFFAOYSA-N,Clc1ccc2c(c1)CN1CCCCCC1=N2,SQXQVLHHMMAJIL-UHFFFAOYSA-N,train
449,908,XDJOJDHEYDJBLQ-UHFFFAOYSA-N,CCC1=CC2Cc3nc4cc(F)ccc4c(N)c3C(C1)C2,BZFWBAOVKAGSFN-UHFFFAOYSA-N,train
450,909,QTPHSDHUHXUYFE-KIYNQFGBSA-N,CCC1=CC2Cc3nc4cc(Cl)ccc4c(N)c3[C@@H](C1)C2,BZFWBAOVKAGSFN-KIYNQFGBSA-N,train
451,912,ATSTYEGQPOWINW-UHFFFAOYSA-N,CC1=CC2CC(C1)Cc1nc3ccccc3c(N)c12,YHUVAVMALJCTEP-UHFFFAOYSA-N,train
452,913,IPSRZRXARJYFKS-UHFFFAOYSA-N,Clc1cccc2c1N=C1CCCCCN1C2,SQXQVLHHMMAJIL-UHFFFAOYSA-N,train
453,915,RSDNICWRHUAZOZ-UHFFFAOYSA-N,CCC1=CC2Cc3nc4cc(Cl)cc(Cl)c4c(N)c3C(C1)C2,BZFWBAOVKAGSFN-UHFFFAOYSA-N,train
454,917,YQSFVLAYSTUSTE-UHFFFAOYSA-N,N=c1c2ccc(Cl)cc2nc2n1CCCCC2,SWBGVEITZMQLIH-UHFFFAOYSA-N,test
455,918,NQPUWKFWGHITSP-UHFFFAOYSA-N,CC1=CC2Cc3nc4ccccc4c(N)c3C(C1)C2,BZFWBAOVKAGSFN-UHFFFAOYSA-N,train
456,920,GCTYUVIIPGRTHM-UHFFFAOYSA-N,c1ccc2c(c1)CN1CCCCCCC1=N2,GCTYUVIIPGRTHM-UHFFFAOYSA-N,train
457,921,UKCBMHDZLYYTMI-UHFFFAOYSA-N,CC1=CC2Cc3nc4cc(Cl)ccc4c(N)c3C(C1)C2,BZFWBAOVKAGSFN-UHFFFAOYSA-N,train
458,922,TUVOGCOVFCKQFT-UHFFFAOYSA-N,CCC1=CC2Cc3nc4cccc(F)c4c(N)c3C(C1)C2,BZFWBAOVKAGSFN-UHFFFAOYSA-N,train
459,923,RROMZQOFYWOWAP-UHFFFAOYSA-N,CCC1=CC2Cc3nc4ccc(Cl)cc4c(N)c3C(C1)C2,BZFWBAOVKAGSFN-UHFFFAOYSA-N,train
460,924,NKJPXDDMWQSODY-UHFFFAOYSA-N,CC1=CC2Cc3nc4cc(F)cc(F)c4c(N)c3C(C1)C2,BZFWBAOVKAGSFN-UHFFFAOYSA-N,train
461,925,OMWVNMMKKOBHLD-UHFFFAOYSA-N,Clc1cccc2c1CN1CCCCCC1=N2,SQXQVLHHMMAJIL-UHFFFAOYSA-N,train
462,927,RNTAEWUQJLKDIO-UHFFFAOYSA-N,CCC1=CC2Cc3nc4ccccc4c(N)c3C(C1)C2,BZFWBAOVKAGSFN-UHFFFAOYSA-N,train
463,929,WUFQLZTXIWKION-UHFFFAOYSA-N,c1ccc2c(c1)CN1CCCC1=N2,WUFQLZTXIWKION-UHFFFAOYSA-N,test
464,930,HXXFZJUEWKJOGB-UHFFFAOYSA-N,CC1=CC2Cc3nc4cccc(F)c4c(N)c3C(C1)C2,BZFWBAOVKAGSFN-UHFFFAOYSA-N,train
465,932,GOVGODJNGLRRGL-UHFFFAOYSA-N,CCC1=CC2Cc3nc4cc(C)cc(C)c4c(N)c3C(C1)C2,BZFWBAOVKAGSFN-UHFFFAOYSA-N,train
466,935,CPGLYAIYMGVIIO-WDEREUQCSA-N,CC1=C[C@@H]2Cc3nc4cc(F)ccc4c(N)c3[C@H](C1)C2,BZFWBAOVKAGSFN-NWDGAFQWSA-N,train
467,936,JTXWLCKLIIRZKL-UHFFFAOYSA-N,CCC1=CC2CC(C1)Cc1nc3ccccc3c(N)c12,YHUVAVMALJCTEP-UHFFFAOYSA-N,train
468,938,JHFVYQMIQHRAQS-UHFFFAOYSA-N,Clc1ccc2c(c1)N=C1CCCCCN1C2,SQXQVLHHMMAJIL-UHFFFAOYSA-N,train
469,941,CCZAEYNRTVFBFH-UHFFFAOYSA-N,CCC1=CC2Cc3nc4cccc(Cl)c4c(N)c3C(C1)C2,BZFWBAOVKAGSFN-UHFFFAOYSA-N,train
470,942,AQTFLSFWSDSMCO-UHFFFAOYSA-N,CCC1=CC2Cc3nc4cc(F)cc(F)c4c(N)c3C(C1)C2,BZFWBAOVKAGSFN-UHFFFAOYSA-N,train
471,947,SQXQVLHHMMAJIL-UHFFFAOYSA-N,c1ccc2c(c1)CN1CCCCCC1=N2,SQXQVLHHMMAJIL-UHFFFAOYSA-N,train
472,949,ZCUGLCPNDXQRDS-UHFFFAOYSA-N,O=C(CCC1CCN(Cc2ccccc2)CC1)c1ccc2c(c1)OCCO2,ZCUGLCPNDXQRDS-UHFFFAOYSA-N,test
473,950,OQDJCMHCDIHYKT-UHFFFAOYSA-N,Cc1cc(C(=O)CCC2CC[N+](C)(Cc3ccccc3)CC2)nn1-c1ccccc1,XVVJYFGHYUGDNC-UHFFFAOYSA-O,test
474,951,YXBRWTPSYYDWIO-UHFFFAOYSA-N,CN(C)Cc1ccc(CSCCNc2cc(Nc3ccc(F)cc3)c([N+](=O)[O-])cc2[N+](=O)[O-])o1,GDQOEOCEMHZREX-UHFFFAOYSA-N,train
475,952,MGRJGBMUVSCADJ-UHFFFAOYSA-N,C[N+]1(Cc2ccccc2)CCC(CCC(=O)c2ccc3c(c2)OCO3)CC1,BULPDQLGDINAMU-UHFFFAOYSA-O,train
476,953,HVWVPJQXLNDOEK-UHFFFAOYSA-N,O=C(CCC1CCN(Cc2ccccc2)CC1)c1ccc2[nH]c(-c3ccccc3)nc2c1,HVWVPJQXLNDOEK-UHFFFAOYSA-N,train
477,955,HBZHFOIRLAOODA-UHFFFAOYSA-N,CCCCCNc1cc(NCCSCc2ccc(CN(C)C)o2)c([N+](=O)[O-])cc1[N+](=O)[O-],NMIHDRPHJTXEHH-UHFFFAOYSA-N,train
478,956,FXEKYXNHJDVDPK-UHFFFAOYSA-N,CC(C)=NNc1cc(NCCSCc2ccc(CN(C)C)o2)c([N+](=O)[O-])cc1[N+](=O)[O-],NMIHDRPHJTXEHH-UHFFFAOYSA-N,train
479,958,ADLLVJJAMGWNEL-UHFFFAOYSA-N,CN(C)Cc1ccc(CSCCNc2cccc(F)c2C#N)o1,NMIHDRPHJTXEHH-UHFFFAOYSA-N,train
480,959,NEZXWTGSAGKVIL-UHFFFAOYSA-N,CN(C)Cc1ccc(CSCCNc2ccc(F)cc2[N+](=O)[O-])o1,NMIHDRPHJTXEHH-UHFFFAOYSA-N,train
481,960,HGNLDJVZZAVQMR-UHFFFAOYSA-N,COc1ccc2cc(C(=O)CCC3CC[N+](C)(Cc4ccccc4)CC3)ccc2c1,WBADLUYZHMUYCM-UHFFFAOYSA-O,test
482,961,NMIVJPRSJCLQCG-UHFFFAOYSA-N,CN(C)Cc1ccc(CSCCNc2cc(NCc3cccnc3)c([N+](=O)[O-])cc2[N+](=O)[O-])o1,HMHAEJRJHIUQDY-UHFFFAOYSA-N,train
483,962,XHKYPQJDZKCEOF-UHFFFAOYSA-N,C[N+]1(Cc2ccccc2)CCC(CCC(=O)c2ccc3c(c2)CCO3)CC1,IKICEKYOYFBQLB-UHFFFAOYSA-O,train
484,963,XHKYPQJDZKCEOF-FEHRVWHQSA-N,C[N@+]1(Cc2ccccc2)CC[C@H](CCC(=O)c2ccc3c(c2)CCO3)CC1,IKICEKYOYFBQLB-UHFFFAOYSA-O,train
485,964,KXMCSAUVAHKCOR-UHFFFAOYSA-N,COc1cc2cc(-c3ccc(CN(C)Cc4ccccc4)cc3)c(=O)oc2cc1OC,HQOOCHIABVBRKY-UHFFFAOYSA-N,train
486,965,LAFTTYMJFZRMQP-UHFFFAOYSA-N,CN(C)Cc1ccc(CSCCNc2cc(F)c([N+](=O)[O-])cc2[N+](=O)[O-])o1,NMIHDRPHJTXEHH-UHFFFAOYSA-N,train
487,966,HAFSYIUXFNUVMN-UHFFFAOYSA-N,CN(C)Cc1ccc(CSCCNc2cc(N)c([N+](=O)[O-])cc2[N+](=O)[O-])o1,NMIHDRPHJTXEHH-UHFFFAOYSA-N,train
488,968,USMKQGWAOUAYSP-UHFFFAOYSA-N,COc1cc2cc(C(=O)CCC3CC[N+](C)(Cc4ccccc4)CC3)n(C)c2cc1OC,VHWMUDXEZYJXAX-UHFFFAOYSA-O,test
489,969,PJCKCTODZPQSKT-UHFFFAOYSA-N,CN(C)Cc1ccc(CSCCNc2cc(NN)c([N+](=O)[O-])cc2[N+](=O)[O-])o1,NMIHDRPHJTXEHH-UHFFFAOYSA-N,train
490,971,JONYPUKQVRMTRD-UHFFFAOYSA-N,CCCNc1cc(NCCSCc2ccc(CN(C)C)o2)c([N+](=O)[O-])cc1[N+](=O)[O-],NMIHDRPHJTXEHH-UHFFFAOYSA-N,train
491,972,FYRCWIJBSJSDHG-UHFFFAOYSA-N,CN(C)Cc1ccc(CSCCNc2cc(Nc3ncccc3[N+](=O)[O-])c([N+](=O)[O-])cc2[N+](=O)[O-])o1,WGYOPAOYUFZMIS-UHFFFAOYSA-N,test
492,974,GUSIEDDJDIMRDC-UHFFFAOYSA-N,CNc1cc(NCCSCc2ccc(CN(C)C)o2)c([N+](=O)[O-])cc1[N+](=O)[O-],NMIHDRPHJTXEHH-UHFFFAOYSA-N,train
493,977,WUDBCFDOLSHYHH-UHFFFAOYSA-N,Cc1nc2ccc(C(=O)CCC3CCN(Cc4ccccc4)CC3)cc2s1,HVXOBYDPHVVOFL-UHFFFAOYSA-N,train
494,979,MVJGXHDGHVCSQW-UHFFFAOYSA-N,CN(C)Cc1ccc(CSCCNc2cc(Nc3ccccc3C#N)c([N+](=O)[O-])cc2[N+](=O)[O-])o1,GDQOEOCEMHZREX-UHFFFAOYSA-N,train
495,980,YYWGABLTRMRUIT-HWWQOWPSSA-N,CC1=C[C@H]2Cc3[nH]c(=O)ccc3[C@]3(C1)NCCC[C@H]23,VKEZNBQOJFJFFP-FIXISWKDSA-N,test
496,981,NMPLPABDEKPABN-UHFFFAOYSA-N,CCn1c(C)nc2cc(C(=O)CCC3CCN(Cc4ccccc4)CC3)ccc21,IOFOVWPQJWBUPK-UHFFFAOYSA-N,train
497,982,LFSPBUWIBYIALD-UHFFFAOYSA-N,CN(C)CCNc1cc(NCCSCc2ccc(CN(C)C)o2)c([N+](=O)[O-])cc1[N+](=O)[O-],NMIHDRPHJTXEHH-UHFFFAOYSA-N,train
498,983,XDGMPBUKARQUCK-UHFFFAOYSA-N,O=C(CCC1CCN(Cc2ccccc2)CC1)c1ccccc1,XDGMPBUKARQUCK-UHFFFAOYSA-N,train
499,984,YCFVMRRJBBQZHF-UHFFFAOYSA-N,CN(C)Cc1ccc(CSCCNc2cc(NCCCN3CCOCC3)c([N+](=O)[O-])cc2[N+](=O)[O-])o1,FAHPVPAHXJNBLK-UHFFFAOYSA-N,train
500,985,YSANROTYHBNTDV-UHFFFAOYSA-N,CN(C)Cc1ccc(CSCCNc2nnccc2[N+](=O)[O-])o1,AZDCZJVQTAHDHL-UHFFFAOYSA-N,train
501,986,ZXWMHVSJDRFKHN-UHFFFAOYSA-N,CN(C)Cc1ccc(CSCCNc2cc(NCc3ccccc3)c([N+](=O)[O-])cc2[N+](=O)[O-])o1,KPENLIKLNFPEDW-UHFFFAOYSA-N,test
502,987,LCSLDZZBWHBLFA-UHFFFAOYSA-N,CN(C)Cc1ccc(CSCCNc2cc(Oc3ccc([N+](=O)[O-])cc3)c([N+](=O)[O-])cc2[N+](=O)[O-])o1,POCLLKLLKRLKGI-UHFFFAOYSA-N,test
503,989,MNJMLCSCGCADPC-UHFFFAOYSA-N,COc1cc2c(cc1OC)C(=O)C(CC1CC[N+](C)(Cc3ccccc3)CC1)C2,NCTLDXMBTJBAHY-UHFFFAOYSA-O,test
504,991,IBNAPGSCYPCZRO-UHFFFAOYSA-N,CN(C)Cc1ccc(CSCCNc2cc(NCc3ccccn3)c([N+](=O)[O-])cc2[N+](=O)[O-])o1,LWFQNJAPVYTWRX-UHFFFAOYSA-N,test
505,992,LTHKGHCYYOBVQU-UHFFFAOYSA-N,Cc1nc2cc(C(=O)CCC3CCN(Cc4ccccc4)CC3)ccc2[nH]1,IOFOVWPQJWBUPK-UHFFFAOYSA-N,train
506,994,CWPJXPVVERJSEL-UHFFFAOYSA-N,C[N+]1(Cc2ccccc2)CCC(CCC(=O)c2ccc3c(c2)OCCO3)CC1,ZCUGLCPNDXQRDS-UHFFFAOYSA-O,test
507,996,GWLYGKHENDIOMW-UHFFFAOYSA-N,CN(C)Cc1ccc(CSCCNc2ccc([N+](=O)[O-])cc2[N+](=O)[O-])o1,NMIHDRPHJTXEHH-UHFFFAOYSA-N,train
508,997,XNXQIZLRSMQRTH-UHFFFAOYSA-N,C[N+]1(Cc2ccccc2)CCC(CCC(=O)c2ccc3c(c2)CCCCO3)CC1,NQTQALCNECBQOF-UHFFFAOYSA-O,test
509,998,GXKOKBLWYHLOTL-UHFFFAOYSA-N,CN(C)Cc1ccc(CSCCNc2cc(Nc3ccccc3)c([N+](=O)[O-])cc2[N+](=O)[O-])o1,GDQOEOCEMHZREX-UHFFFAOYSA-N,train
510,1000,AIHREYCBCYOMLZ-UHFFFAOYSA-N,CC(c1cccc(OC(=O)N(C)C)c1)N(C)C,UHOVQNZJYSORNB-UHFFFAOYSA-N,train
511,1002,KMLJERDDNFAXKC-UHFFFAOYSA-N,CNC1CCc2ccc(OC(=O)N(C)C)cc21,PQNFLJBBNBOBRQ-UHFFFAOYSA-N,train
512,1004,CAFPZIPDWWVNRP-UHFFFAOYSA-N,C#CCNC1CCc2c(OC(=O)N(C)CC)cccc21,PQNFLJBBNBOBRQ-UHFFFAOYSA-N,train
513,1008,JHNADFDOHHLJBW-UHFFFAOYSA-N,CN(C)C(=O)Oc1cccc2c1CCC2N,PQNFLJBBNBOBRQ-UHFFFAOYSA-N,train
514,1010,YNBUJXJHKVCTQX-GOSISDBHSA-N,C#CCN(C)[C@H](C)Cc1cccc(OC(=O)N(C)CCCCCC)c1,UHOVQNZJYSORNB-UHFFFAOYSA-N,train
515,1011,HVCOWYUWVWKCLH-UHFFFAOYSA-N,C#CCNC1CCc2cccc(OC(=O)N(C)C)c21,PQNFLJBBNBOBRQ-UHFFFAOYSA-N,train
516,1012,UJAUBYKRRBNBIA-UHFFFAOYSA-N,C#CCNC1CCc2ccc(OC(=O)N(C)Cc3ccccc3)cc21,RLNHUJGJBZYSFV-UHFFFAOYSA-N,test
517,1013,FTMQGFFVKGHYEQ-QGZVFWFLSA-N,C#CCN(C)[C@H](C)Cc1cccc(OC(=O)N(C)C2CCCCC2)c1,GJQFJYAVSJYAOW-UHFFFAOYSA-N,train
518,1014,RVNORUCXEIIROU-UHFFFAOYSA-N,CN(C(=O)Oc1ccc2c(c1)C(N)CC2)C1CCCCC1,MTJZJHKTZWMTHU-UHFFFAOYSA-N,test
519,1019,NMRHFLBCBDWJRZ-UHFFFAOYSA-N,C#CCNC1CCc2ccc(OC(=O)N(C)c3ccc(OC)cc3)cc21,UFYBVHOUUMLJTI-UHFFFAOYSA-N,train
520,1020,KNFAZGBZIYULFY-UHFFFAOYSA-N,CN(C)C(=O)Oc1ccc2c(c1)C(N)CCC2,CXWXQJXEFPUFDZ-UHFFFAOYSA-N,train
521,1022,MVADBDFEPSYKSC-UHFFFAOYSA-N,CCCCCCN(C)C(=O)Oc1ccc2c(c1)C(N)CC2,PQNFLJBBNBOBRQ-UHFFFAOYSA-N,train
522,1024,MNNGVKDERCDSCG-UHFFFAOYSA-N,CN(C)C(=O)Oc1ccc2c(c1)CC(N)CC2,CXWXQJXEFPUFDZ-UHFFFAOYSA-N,train
523,1026,LUAGXUFRPKJMDF-UHFFFAOYSA-N,C#CCN(C)C1CCc2cccc(OC(=O)N(C)C)c21,PQNFLJBBNBOBRQ-UHFFFAOYSA-N,train
524,1027,XFPHEDHECANCFF-UHFFFAOYSA-N,C#CCN(C)CCc1cccc(OC(=O)N(C)C)c1,UHOVQNZJYSORNB-UHFFFAOYSA-N,train
525,1031,FTMQGFFVKGHYEQ-UHFFFAOYSA-N,C#CCN(C)C(C)Cc1cccc(OC(=O)N(C)C2CCCCC2)c1,GJQFJYAVSJYAOW-UHFFFAOYSA-N,train
526,1033,VMEAVLRQBIRDKD-UHFFFAOYSA-N,CCN(C)C(=O)Oc1cccc2c1CCC2N,PQNFLJBBNBOBRQ-UHFFFAOYSA-N,train
527,1036,YNBUJXJHKVCTQX-UHFFFAOYSA-N,C#CCN(C)C(C)Cc1cccc(OC(=O)N(C)CCCCCC)c1,UHOVQNZJYSORNB-UHFFFAOYSA-N,train
528,1038,HLSVSCQFGAPXKJ-CQSZACIVSA-N,C#CCN[C@@H]1CCc2ccc(OC(=O)N(C)C)cc21,PQNFLJBBNBOBRQ-UHFFFAOYSA-N,train
529,1039,HYXHQZASJISSQN-UHFFFAOYSA-N,C#CCNCCc1cccc(OC(=O)N(C)C)c1,UHOVQNZJYSORNB-UHFFFAOYSA-N,train
530,1040,XACHXIXUMOMGHZ-UHFFFAOYSA-N,C#CCNC1CCc2ccc(OC(=O)NCCC)cc21,PQNFLJBBNBOBRQ-UHFFFAOYSA-N,train
531,1043,KLKHEERGMBJKHN-UHFFFAOYSA-N,COc1ccc(N(C)C(=O)Oc2ccc3c(c2)C(N)CC3)cc1,UFYBVHOUUMLJTI-UHFFFAOYSA-N,train
532,1044,ZXLPWFKSNFNNOW-UHFFFAOYSA-N,C#CCN(C)C(C)Cc1cccc(OC(=O)N(C)C)c1,UHOVQNZJYSORNB-UHFFFAOYSA-N,train
533,1045,ACQQSVLNYFFGER-UHFFFAOYSA-N,C#CCNC1CCc2c(OC(=O)N(C)C)cccc21,PQNFLJBBNBOBRQ-UHFFFAOYSA-N,train
534,1046,VRYWLUPKBUBPFK-UHFFFAOYSA-N,CNC1CCc2cccc(OC(=O)N(C)C)c21,PQNFLJBBNBOBRQ-UHFFFAOYSA-N,train
535,1047,SPYQRYLMKRNKFD-UHFFFAOYSA-N,CN(C)C(=O)Oc1cccc2c1CCC2N(C)C,PQNFLJBBNBOBRQ-UHFFFAOYSA-N,train
536,1048,QZQSLQIZEWMPQS-UHFFFAOYSA-N,CN(C)C(=O)Oc1ccc2c(c1)C(N)CC2,PQNFLJBBNBOBRQ-UHFFFAOYSA-N,train
537,1049,KUTPSNLZCMOGGE-UHFFFAOYSA-N,CN(C)C(=O)Oc1cccc2c1C(N)CC2,PQNFLJBBNBOBRQ-UHFFFAOYSA-N,train
538,1051,QHTSCZJBKOYQDW-UHFFFAOYSA-N,CCCNC1CCc2ccc(OC(=O)N(C)CC)cc21,PQNFLJBBNBOBRQ-UHFFFAOYSA-N,train
539,1052,HLSVSCQFGAPXKJ-AWEZNQCLSA-N,C#CCN[C@H]1CCc2ccc(OC(=O)N(C)C)cc21,PQNFLJBBNBOBRQ-UHFFFAOYSA-N,train
540,1053,QGXVPFVJKVEMKS-UHFFFAOYSA-N,CNCCc1cccc(OC(=O)N(C)C)c1,UHOVQNZJYSORNB-UHFFFAOYSA-N,train
541,1055,OGCSBPXIKACNKA-UHFFFAOYSA-N,CCCN(C)C(=O)Oc1ccc2c(c1)C(N)CC2,PQNFLJBBNBOBRQ-UHFFFAOYSA-N,train
542,1056,IRBMYPWDNDKKOG-UHFFFAOYSA-N,CCCNC(=O)Oc1ccc2c(c1)C(N)CC2,PQNFLJBBNBOBRQ-UHFFFAOYSA-N,train
543,1059,WPSQKSZQTBMLDQ-UHFFFAOYSA-N,CN(C)CCc1cccc(OC(=O)N(C)C)c1,UHOVQNZJYSORNB-UHFFFAOYSA-N,train
544,1062,LQVXOBJGBMHXPQ-UHFFFAOYSA-N,CN(C)C(=O)Oc1cccc(CCN)c1,UHOVQNZJYSORNB-UHFFFAOYSA-N,train
545,1065,XSFXVFBRSREQBM-UHFFFAOYSA-N,C#CCC1CCCc2ccc(OC(=O)N(C)C)cc21,CXWXQJXEFPUFDZ-UHFFFAOYSA-N,train
546,1069,JVHQRHHNABNBOK-UHFFFAOYSA-N,C#CCNC(C)Cc1cccc(OC(=O)N(C)C)c1,UHOVQNZJYSORNB-UHFFFAOYSA-N,train
547,1070,FTMQGFFVKGHYEQ-KRWDZBQOSA-N,C#CCN(C)[C@@H](C)Cc1cccc(OC(=O)N(C)C2CCCCC2)c1,GJQFJYAVSJYAOW-UHFFFAOYSA-N,train
548,1071,SHYBFEOFEFSCKU-UHFFFAOYSA-N,C#CCNC(C)Cc1cccc(OC(=O)N(C)C2CCCCC2)c1,GJQFJYAVSJYAOW-UHFFFAOYSA-N,train
549,1072,PKCPZJFXQLSLLL-UHFFFAOYSA-N,CCCN(C)C(=O)Oc1cccc(CCN)c1,UHOVQNZJYSORNB-UHFFFAOYSA-N,train
550,1073,VUTBBKJTQYCZFH-UHFFFAOYSA-N,C#CCNC1CCc2ccc(OC(=O)N(C)c3ccccc3)cc21,UFYBVHOUUMLJTI-UHFFFAOYSA-N,train
551,1074,SWNAPNLHVDTIHF-UHFFFAOYSA-N,CCN(C)C(=O)Oc1ccc2c(c1)C(N)CCC2,CXWXQJXEFPUFDZ-UHFFFAOYSA-N,train
552,1078,HLSVSCQFGAPXKJ-UHFFFAOYSA-N,C#CCNC1CCc2ccc(OC(=O)N(C)C)cc21,PQNFLJBBNBOBRQ-UHFFFAOYSA-N,train
553,1079,PBBZQCRCUHDOBK-KRWDZBQOSA-N,C#CCN[C@H]1CCc2ccc(OC(=O)N(C)CCCC)cc21,PQNFLJBBNBOBRQ-UHFFFAOYSA-N,train
554,1081,HTSFGBRWMBRBLU-GFCCVEGCSA-N,CCN(C)C(=O)Oc1ccc2c(c1)[C@H](N)CC2,PQNFLJBBNBOBRQ-UHFFFAOYSA-N,train
555,1086,HDMFPUCTKDEZMR-UHFFFAOYSA-N,C#CCNC1CCc2ccc(OC(=O)N(C)C)cc2C1,CXWXQJXEFPUFDZ-UHFFFAOYSA-N,train
556,1087,JVYLHZUZDRCHDQ-UHFFFAOYSA-N,C#CC(C)NCCc1cccc(OC(=O)N(C)C)c1,UHOVQNZJYSORNB-UHFFFAOYSA-N,train
557,1089,YFDSCOBTZXZXEN-UHFFFAOYSA-N,C#CC(C)NC1CCc2ccc(SC(=O)N(C)C)cc21,PQNFLJBBNBOBRQ-UHFFFAOYSA-N,train
558,1091,BWNGRRJLFYHENY-INIZCTEOSA-N,C#CCN[C@H]1CCc2ccc(OC(=O)N(C)CCC)cc21,PQNFLJBBNBOBRQ-UHFFFAOYSA-N,train
559,1093,ZMBDILYCKABPBU-UHFFFAOYSA-N,CN(C)C(=O)Oc1ccc2c(c1)C(N(C)C)CC2,PQNFLJBBNBOBRQ-UHFFFAOYSA-N,train
560,1096,YNBUJXJHKVCTQX-SFHVURJKSA-N,C#CCN(C)[C@@H](C)Cc1cccc(OC(=O)N(C)CCCCCC)c1,UHOVQNZJYSORNB-UHFFFAOYSA-N,train
561,1098,NSDLLBNDBVHZTN-UHFFFAOYSA-N,CN(C)Cc1ccc(CSCc2ccccc2CSCc2ccc(CN(C)C)o2)o1,JDXGTEPAXRUDOH-UHFFFAOYSA-N,train
562,1099,NOWQNKKWTMXZLC-UHFFFAOYSA-N,CN(C)Cc1ccc(CSCCCCCCCSCc2ccc(CN(C)C)o2)o1,NDZJPHNYJXXGHH-UHFFFAOYSA-N,test
563,1100,CINOACUWPXQJTR-UHFFFAOYSA-N,CN(C)Cc1ccc(CSCCCCCCCCSCc2ccc(CN(C)C)o2)o1,MSZFXSWPABLXFN-UHFFFAOYSA-N,test
564,1101,KDIDQSZYTUIGNY-UHFFFAOYSA-N,CCCCNC(=O)Oc1ccc2c(c1)C1CCN(CC)C2C1,ODNBLSHUQMAKDZ-UHFFFAOYSA-N,train
565,1103,SYWAOYCXRQDRLP-VLNZMSLLSA-N,CC(=O)O[C@@H]1C2CC[C@H]3C4CC=C([C@H](C)N(C)C)[C@@]4(C)CC[C@@H]3[C@@]2(C)CC[C@@H]1NC(=O)C=C(C)C,VSQLMMNJVBKVKP-URMDTBFRSA-N,test
566,1105,HZOTXNIDOKRKQY-KQFGCDFKSA-N,C/C=C(\C)C(=O)N[C@H]1CC[C@@]2(C)C(=CC[C@H]3[C@@H]4CC[C@H]([C@H](C)N(C)C)[C@@]4(C)CC[C@@H]32)C1=O,QUKURFWPODKMTL-FJGURNMVSA-N,train
567,1106,KLEWHGJJTJIPNR-UHFFFAOYSA-N,CCCCCCNC(=O)Oc1ccc2c(c1)C1(C)CCN(CC)C2C1,ODNBLSHUQMAKDZ-UHFFFAOYSA-N,train
568,1107,BTXJVBGYXBCASF-UHFFFAOYSA-N,CN(C)Cc1ccc(CSCc2cccc(CSCc3ccc(CN(C)C)o3)c2)o1,YAWPADHEYVDXTE-UHFFFAOYSA-N,test
569,1110,NFYOLQNDIDXOOH-UHFFFAOYSA-N,CN(C)Cc1ccc(CSCCNC(=O)CSCc2ccc(CN(C)C)o2)o1,VFJMCRBOTPFVMY-UHFFFAOYSA-N,test
570,1112,RVVWDYHZWLAHCI-UHFFFAOYSA-N,CN(C)Cc1ccc(CSCc2ccc(-c3ccc(CSCc4ccc(CN(C)C)o4)cc3)cc2)o1,NCLFIDYLRZOTLC-UHFFFAOYSA-N,test
571,1113,SMRNNJFLKGLSBA-UHFFFAOYSA-N,CCN1CCC2CC1c1ccc(OC(=O)NC)cc12,ODNBLSHUQMAKDZ-UHFFFAOYSA-N,train
572,1114,ZRDXAEKCZXNZEQ-UHFFFAOYSA-N,CN(C)Cc1ccc(CSCCCCCCSCc2ccc(CN(C)C)o2)o1,GSDUGQNEVHEYFA-UHFFFAOYSA-N,train
573,1115,ARSAQZQCCQIFRU-XKZIYDEJSA-N,CN(C)Cc1ccc(CSCCN/C=C(/NCCSCc2ccc(CN(C)C)o2)[N+](=O)[O-])o1,WFHABXAMFJTSIW-AATRIKPKSA-N,test
574,1116,MYTVLVZQXNODTK-UHFFFAOYSA-N,CN(C)Cc1ccc(CSCCCCCCCCCSCc2ccc(CN(C)C)o2)o1,KDJIOKLLAMSXIU-UHFFFAOYSA-N,train
575,1118,IPVXUJZZPDSBLD-UHFFFAOYSA-N,CCCCCCCNC(=O)Oc1ccc2c(c1)C1CCN(C)C2C1,ODNBLSHUQMAKDZ-UHFFFAOYSA-N,train
576,1123,QLQLZILPUSPCNJ-UHFFFAOYSA-N,CN(C)Cc1ccc(CSCCCCSCc2ccc(CN(C)C)o2)o1,QYXQNFTXXPGTPJ-UHFFFAOYSA-N,test
577,1126,RNLWFDRAYXSZPJ-UHFFFAOYSA-N,CCCCCCCNC(=O)Oc1ccc2c(c1)C1CCN(CC)C2C1,ODNBLSHUQMAKDZ-UHFFFAOYSA-N,train
578,1128,ZMAOKPMWBVUQPK-IWDJEAQTSA-N,C[C@@H]([C@H]1CC[C@H]2[C@@H]3CC[C@H]4C(=O)C(NC(=O)c5ccccc5)=CC[C@]4(C)[C@H]3CC[C@]12C)N(C)C,CAWADKROFCBGAK-CARJLUJMSA-N,train
579,1129,LPWXASFIPNYFQP-UHFFFAOYSA-N,CN(C)Cc1ccc(CSCCNC(=NC#N)NCCSCc2ccc(CN(C)C)o2)o1,OJWMSGASMSISGJ-UHFFFAOYSA-N,test
580,1130,BWTGOLYEGGOWMU-KFDGPNQLSA-N,C/C(=C\C(=O)N(C)[C@H]1CC[C@@]2(C)[C@@H](CC[C@@H]3[C@@H]2CC[C@]2(C)C([C@H](C)N(C)C)=CC[C@@H]32)C1)C(C)C,VSQLMMNJVBKVKP-GFTPRTEMSA-N,test
581,1131,DCTRPSAPKPORBP-UHFFFAOYSA-N,CN(C)Cc1ccc(CSCCCCCSCc2ccc(CN(C)C)o2)o1,ZYHNNIQRWRFXDZ-UHFFFAOYSA-N,test
582,1132,OVYGDFDMZNYEGZ-UHFFFAOYSA-N,CN(C)Cc1ccc(CSCCNc2cc(NCCSCc3ccc(CN(C)C)o3)c([N+](=O)[O-])cc2[N+](=O)[O-])o1,RZOSCINHPANHJN-UHFFFAOYSA-N,test
583,1134,NLOJUKSOUNWUSW-NUOWXSDFSA-N,CN[C@H]1CC[C@@]2(C)C(CC[C@H]3[C@@H]4CC[C@H]([C@H](C)N(C)C)[C@@]4(C)CC[C@@H]32)C1,UACIBCPNAKBWHX-AGLKQIJISA-N,test
584,1136,ZYKGNFBRZVTSQT-UHFFFAOYSA-N,CN(C)Cc1ccc(CSCCCSCc2ccc(CN(C)C)o2)o1,ZBRWAMUMBJESLJ-UHFFFAOYSA-N,test
585,1139,SXUSJKARTRGOFL-UHFFFAOYSA-N,CN(C)Cc1ccc(CSCCCCCCCCCCSCc2ccc(CN(C)C)o2)o1,URSMDKUSODPTCL-UHFFFAOYSA-N,test
586,1141,WCBPBBFIAODRLI-AWUJJIRRSA-N,C/C(=C\C(=O)N(C)[C@H]1CC[C@@]2(C)[C@@H](CC[C@@H]3[C@@H]2CC[C@]2(C)[C@@H]([C@H](C)N(C)C)CC[C@@H]32)C1)C(C)C,UACIBCPNAKBWHX-GFTPRTEMSA-N,train
587,1143,BFYPXOUNPUWUNL-UHFFFAOYSA-N,CN(C)Cc1ccc(CSCCSCc2ccc(CN(C)C)o2)o1,SBILQUBKQUBSRU-UHFFFAOYSA-N,test
588,1145,WKBYYEDQGZSMCP-CNLUTGEBSA-N,C/C=C(\C)C(=O)N[C@@H]1C=C2CC[C@H]3C4=CC[C@H]([C@H](C)N(C)C)[C@@]4(C)CC[C@@H]3[C@@]2(C)CC1,QADGAAYKGOIFOY-MMADZMRASA-N,test
589,1148,GCHGDPVSONOHQE-PNUJEHDGSA-N,C/C=C(\C)C(=O)N[C@H]1CC[C@@]2(C)C(=CC[C@H]3C4=CC[C@H]([C@H](C)N(C)C)[C@@]4(C)CC[C@@H]32)C1=O,JYYICOWOHOXYRP-RIXNLZLZSA-N,train
590,1152,KVLGOUWOJOAJTC-UHFFFAOYSA-N,CCCCCCNC(=O)Oc1ccc2c(c1)C1CCN(CC)C2C1,ODNBLSHUQMAKDZ-UHFFFAOYSA-N,train
591,1153,BKKRKDDJCRFGHJ-UHFFFAOYSA-N,CN(C)Cc1ccc(CSCc2ccc(CSCc3ccc(CN(C)C)o3)cc2)o1,WKLCDAMOZPYEHF-UHFFFAOYSA-N,test
592,1155,UVZXIKHRPFCSKF-NLGFINLOSA-N,C[C@H](NC=O)[C@H]1CC[C@H]2[C@@H]3CC[C@H]4C[C@@H](N(C)C)CC[C@]4(C)[C@H]3CC[C@]12C,UACIBCPNAKBWHX-GFTPRTEMSA-N,train
593,1156,GTJDKKGEHMPRJD-UHFFFAOYSA-N,CCCCCCCNC(=O)Oc1ccc2c(c1)C1(C)CCN(CC)C2C1,ODNBLSHUQMAKDZ-UHFFFAOYSA-N,train
594,1157,ZMNNRQKEGKTIPD-UHFFFAOYSA-N,CN(C)Cc1ccc(CSCC/N=C/NCCSCc2ccc(CN(C)C)o2)o1,QINVJRRTUSSOEP-UHFFFAOYSA-N,test
595,1158,KFWGKECULQNZER-UHFFFAOYSA-N,CCCCCCNC(=O)Oc1ccc2c(c1)C1CCN(C)C2C1,ODNBLSHUQMAKDZ-UHFFFAOYSA-N,train
596,1161,DYTNXFSVOOZIHV-UHFFFAOYSA-N,CN(CCCNc1c2c(nc3ccccc13)CCCC2)CCCNc1c2c(nc3ccccc13)CCCC2,XJFIAYUCPUSWHE-UHFFFAOYSA-N,test
597,1162,LXTKNVLLWOLCOV-PYMCNQPYSA-N,CNC(=O)Oc1ccc2c(c1)[C@]1(C)CCOC1N2C,FXHKMZQULJFLCI-UHFFFAOYSA-N,train
598,1163,DSQSAHYPEXEBHJ-WUJWULDRSA-N,CCNC(=O)Oc1ccc2c(c1)[C@]1(C)CCOC1N2C,FXHKMZQULJFLCI-UHFFFAOYSA-N,train
599,1164,AGOPIOMWLMAZHS-IJHRGXPZSA-N,Cc1ccccc1NC(=O)Oc1ccc2c(c1)[C@]1(C)CCOC1N2C,BLMXFPRHYAECRY-UHFFFAOYSA-N,train
600,1165,NPANUSRHFVUOKM-IAXKEJLGSA-N,CC(C)c1ccc(NC(=O)Oc2ccc3c(c2)[C@]2(C)CCOC2N3C)cc1,BLMXFPRHYAECRY-UHFFFAOYSA-N,train
601,1167,FDRUOIJOXDAUQN-WMCAAGNKSA-N,CCNC(=O)Oc1ccc2c(c1)[C@]1(C)CCN(C)C1N2C,VOWHONRMOCHCGC-UHFFFAOYSA-N,train
602,1170,ZEZHVLKHFYAVTB-UHFFFAOYSA-N,CCNC(=O)Oc1ccc2c(c1)C1(C)CCOC1O2,GXXKXVYPWUFQSX-UHFFFAOYSA-N,train
603,1171,JZMKNXICJRCGJX-UHFFFAOYSA-N,Cc1ccccc1NC(=O)Oc1ccc2c(c1)C1(C)CCOC1O2,HQHNSHBCYQOVNO-UHFFFAOYSA-N,train
604,1172,QIYIAVWWIGXXBQ-UHFFFAOYSA-N,CC(C)c1ccc(NC(=O)Oc2ccc3c(c2)C2(C)CCOC2O3)cc1,HQHNSHBCYQOVNO-UHFFFAOYSA-N,train
605,1173,RAANAGIDXYTUAW-UHFFFAOYSA-N,CCNC(=O)Oc1ccc2c(c1)C1(C)COC(C1)O2,SWDWTXRWCMLESV-UHFFFAOYSA-N,test
606,1174,MBYLQCWDOYEQRA-UHFFFAOYSA-N,Cc1ccccc1NC(=O)Oc1ccc2c(c1)C1(C)COC(C1)O2,XJOKTEONVKMBPL-UHFFFAOYSA-N,train
607,1175,KOFCNZPCQOBXHD-UHFFFAOYSA-N,CC(C)c1ccc(NC(=O)Oc2ccc3c(c2)C2(C)COC(C2)O3)cc1,XJOKTEONVKMBPL-UHFFFAOYSA-N,train
608,1181,MVHRCJQCKYPDRL-IIUCQXFBSA-N,CCc1ccccc1NC(=O)Oc1ccc2c(c1)[C@]1(C)CC[N+](C)([O-])[C@@H]1N2C,ULLJVPKUDFDJKB-FQNRMIAFSA-O,train
609,1187,UXTFWAJYDNDQIT-UHFFFAOYSA-O,Nc1ccc2c(c1)c(-c1ccccc1)[n+](CCCNCCCNCCCNc1c3c(nc4ccccc14)CCCC3)c1cc(N)ccc21,JRYJUGMRNVCXOY-UHFFFAOYSA-N,train
610,1188,SUIMARUJTPHLCU-UHFFFAOYSA-O,COc1ccccc1CN(C)CCCN(C)CCCNCCC[n+]1c(-c2ccccc2)c2cc(N)ccc2c2ccc(N)cc21,ZPZHFEMGZQOKFN-UHFFFAOYSA-N,train
611,1189,GXUQYCUEEMXLQZ-UHFFFAOYSA-N,CCC1=CC2Cc3nc4ccccc4c(NCCCCCCCCNc4c5c(nc6ccccc46)CCCC5)c3C(C1)C2,MLNJQWXAKYYVFO-UHFFFAOYSA-N,train
612,1190,DSOGYBQXIUXXBY-YYGZZXRFSA-N,COc1ccc(-c2cc3c(c(=O)o2)C[C@@]2(O)[C@@]4(C)CCC(=O)OC(C)(C)[C@@]4(O)CC[C@@]2(C)O3)cc1,ISVXEUUPDMXQFL-UHFFFAOYSA-N,train
613,1191,AOFMVUCAUSHJLI-RKFAPSRVSA-N,COc1ccc(-c2cc3c(c(=O)o2)C[C@@]2(O)[C@@]4(C)C(=O)[C@@]5(OC)C(=O)O[C@]4(CC[C@@]2(C)O3)C5(C)C)cc1,IOVMRCPGYSGUMJ-DXOLEWAWSA-N,train
614,1192,XRDDKPLRULFDQK-YYGZZXRFSA-N,COc1ccc(-c2cc3c(c(=O)o2)C[C@@]2(O)[C@@]4(C)C=CC(=O)C(C)(C)[C@@]4(O)CC[C@@]2(C)O3)cc1,GLEKCUCIXWPZNR-UHFFFAOYSA-N,train
615,1193,ARZWKYJFXLHKCZ-YYGZZXRFSA-N,COc1ccc(-c2cc3c(c(=O)o2)C[C@@]2(O)[C@@]4(C)CCC(=O)C(C)(C)[C@@]4(O)CC[C@@]2(C)O3)cc1,QDZBPHUUGXQIRE-UHFFFAOYSA-N,test
616,1194,AENKBRFCOPMCEQ-RYTSNQFKSA-N,COC1=CC(=O)[C@]2(C)[C@]3(O)Cc4c(cc(-c5cc(OC)c(OC)c(OC)c5)oc4=O)O[C@]3(C)CC[C@]2(O)C1(C)C,RNBBYLHKCNHDMC-UHFFFAOYSA-N,train
617,1196,TUHKKEQPFQTBQG-UHFFFAOYSA-N,NC1=C2CCCCC2=NC2CCCCC12,LRSCIYPDEMDQMT-UHFFFAOYSA-N,test
618,1210,MPXYSKOIXYKJDL-UHFFFAOYSA-N,Nc1c2c(nc3cccc(F)c13)C1CC(C2)C1,IXLKETBSVMDOJV-UHFFFAOYSA-N,train
619,1215,MFYFDYREFFENNR-UHFFFAOYSA-N,Nc1c2c(nc3ccc(O)cc13)CCCC2,RXBYRTSOWREATF-UHFFFAOYSA-N,train
620,1223,QTPHSDHUHXUYFE-UHFFFAOYSA-N,CCC1=CC2Cc3nc4cc(Cl)ccc4c(N)c3C(C1)C2,BZFWBAOVKAGSFN-UHFFFAOYSA-N,train
621,1224,CFBDZCKTSONAGK-UHFFFAOYSA-N,C=C1c2ccccc2N=C2CCCCCN12,CFBDZCKTSONAGK-UHFFFAOYSA-N,train
622,1225,MUILZOVEBZOSKO-UHFFFAOYSA-N,C=C1c2cccc(Cl)c2N=C2CCCCCN12,CFBDZCKTSONAGK-UHFFFAOYSA-N,train
623,1226,NRSBDJTYDOITNU-UHFFFAOYSA-N,C=C1c2ccc(Cl)cc2N=C2CCCCCN12,CFBDZCKTSONAGK-UHFFFAOYSA-N,train
624,1227,VHAAMEUGSIJIGI-UHFFFAOYSA-N,C=C1c2cc(Cl)ccc2N=C2CCCCCN12,CFBDZCKTSONAGK-UHFFFAOYSA-N,train
625,1228,KJIWSJOEJZNLAR-UHFFFAOYSA-N,C=C1c2c(Cl)cccc2N=C2CCCCCN12,CFBDZCKTSONAGK-UHFFFAOYSA-N,train
626,1239,BLQLGEMORAKDCK-UHFFFAOYSA-N,COc1cc2onc(CCC3CCN(Cc4ccccc4)CC3)c2cc1C,PEZZRWUONLGRDN-UHFFFAOYSA-N,train
627,1257,FWOCRPGNZYJWBL-UHFFFAOYSA-N,CN1C(=O)Cc2cc3onc(CCC4CCN(Cc5ccccc5)CC4)c3cc21,GDDBSWQWOFNCSG-UHFFFAOYSA-N,train
628,1259,PNVKWWHBNADAIC-UHFFFAOYSA-N,COc1cc2c(cc1OC)C(=O)C(C1CC[N+](C)(Cc3ccccc3)CC1)=C2,CMYOXBIAKNBKIS-UHFFFAOYSA-O,train
629,1260,MLMBMROIKCDDBW-UHFFFAOYSA-N,COc1cc2cc(C(=O)C3CCC[N+](C)(Cc4ccccc4)CC3)sc2cc1OC,PKCKBHWYRVNGHE-UHFFFAOYSA-O,train
630,1261,WCCVUCMETCYHRK-UHFFFAOYSA-N,COc1cc2cc(C(=O)C3CC[N+](C)(Cc4ccccc4)CCC3O)sc2cc1OC,PKCKBHWYRVNGHE-UHFFFAOYSA-O,train
631,1262,ZFPAYSSATREUMU-UHFFFAOYSA-N,COc1cc2cc(C(=O)CC3CCC(O)C[N+](C)(Cc4ccccc4)CC3)sc2cc1OC,HCBHBTDRMMSSGG-UHFFFAOYSA-O,train
632,1263,MKTGQOMRSQXJEL-UHFFFAOYSA-N,COc1cc2cc(C(=O)CC3CCCC[N+](C)(Cc4ccccc4)CC3)sc2cc1OC,HCBHBTDRMMSSGG-UHFFFAOYSA-O,train
633,1264,RANOFWRVYDDHPM-UHFFFAOYSA-N,COc1cc2cc(C(=O)C3CC[N+](C)(Cc4ccccc4)CCC3OC)sc2cc1OC,PKCKBHWYRVNGHE-UHFFFAOYSA-O,train
634,1265,UOILNRQOHGAVRN-UHFFFAOYSA-N,COc1cc2cc(C(=O)C3=CC[N+](C)(Cc4ccccc4)CC3)sc2cc1OC,FBTGIGPIRWBHTC-UHFFFAOYSA-O,train
635,1267,NNBUDCTZXKSTRQ-UHFFFAOYSA-N,COc1cc2cc(C3=CC[N+](C)(Cc4ccccc4)CC3)sc2cc1OC,FCHXTZSDFHPFEA-UHFFFAOYSA-O,train
636,1268,AUIUWDZZXQWWOQ-UHFFFAOYSA-N,COCC[N+]1(C)CCCC(C(=O)c2cc3cc(OC)c(OC)cc3s2)CC1,IWCRTYMKZQLWMC-UHFFFAOYSA-O,train
637,1269,KFZOWBNTEIELDM-UHFFFAOYSA-N,COc1cc2cc(C(=O)C3CCC[N+](C)(Cc4ccc([N+](=O)[O-])o4)CC3)sc2cc1OC,GWBKSBZHYBXTIL-UHFFFAOYSA-O,train
638,1270,ABNOJWGKGYSFSX-UHFFFAOYSA-N,COc1cc2cc(C(=O)C3CCC[N+](C)(CC4CCCCO4)CC3)sc2cc1OC,BAXQFXPUSVVDGE-UHFFFAOYSA-O,train
639,1271,MWKUYSVHHMBCJK-UHFFFAOYSA-N,COc1cc2cc(C(=O)C3CCC[N+](C)(CC(=O)OC(C)(C)C)CC3)sc2cc1OC,IWCRTYMKZQLWMC-UHFFFAOYSA-O,train
640,1272,RUKXDNCEYNEPKG-UHFFFAOYSA-N,COc1cc2cc(C(=O)C3CCC[N+](C)(CCOc4ccccc4)CC3)sc2cc1OC,HDVPIBWSDSUSSZ-UHFFFAOYSA-O,train
641,1273,OZVRHFWGWWQRTO-UHFFFAOYSA-N,COc1cc2cc(C(=O)C3CCC[N+](C)(CC#N)CC3)sc2cc1OC,IWCRTYMKZQLWMC-UHFFFAOYSA-O,train
642,1274,KARHNKQSLZQOBJ-UHFFFAOYSA-N,COc1cc2c(cc1OC)SC(C(=O)CCc1cc[n+](C)cc1)C2,HMNUUZYKJLQTRS-UHFFFAOYSA-O,train
643,1275,SNRGQBSLWSCUGI-UHFFFAOYSA-N,CC[n+]1ccc(CCC(=O)C2Cc3cc(OC)c(OC)cc3S2)cc1,HMNUUZYKJLQTRS-UHFFFAOYSA-O,train
644,1276,ZADFRSASESDRFO-UHFFFAOYSA-N,C=CC[n+]1ccc(CCC(=O)C2Cc3cc(OC)c(OC)cc3S2)cc1,HMNUUZYKJLQTRS-UHFFFAOYSA-O,train
645,1277,APLNAOFQRVXISP-UHFFFAOYSA-N,COc1cc2c(cc1OC)SC(C(=O)CCc1cc[n+](CC3CC3)cc1)C2,CIYYAXBPPLHNDV-UHFFFAOYSA-N,train
646,1278,XHRVEAIUOVPSMY-UHFFFAOYSA-N,COc1cc2c(cc1OC)SC(C(=O)CCc1cc[n+](CC3CCC3)cc1)C2,GDYXVZFBBRJOFV-UHFFFAOYSA-N,train
647,1279,VWDPERVYBORHQM-UHFFFAOYSA-N,CCOCC[n+]1ccc(CCC(=O)C2Cc3cc(OC)c(OC)cc3S2)cc1,HMNUUZYKJLQTRS-UHFFFAOYSA-O,train
648,1280,XFYXMNMVMKEVIT-UHFFFAOYSA-N,COc1cc2c(cc1OC)SC(C(=O)CCc1cc[n+](Cc3ccc(F)cc3)cc1)C2,RSNNTUWEOALCKI-UHFFFAOYSA-N,train
649,1281,ICEVKTXKGNOLEX-UHFFFAOYSA-N,COC(=O)c1ccc(C[n+]2ccc(CCC(=O)C3Cc4cc(OC)c(OC)cc4S3)cc2)cc1,RSNNTUWEOALCKI-UHFFFAOYSA-N,train
650,1282,VSTZXOFXIHXLHI-UHFFFAOYSA-N,COc1cc2c(cc1OC)SC(C(=O)CCc1cc[n+](Cc3ccsc3)cc1)C2,QLPMDTQXZMKPNL-UHFFFAOYSA-N,test
651,1283,LZGLANLBIUAGIM-UHFFFAOYSA-N,COc1cc2c(cc1OC)SC(C(=O)CCc1cc[n+](Cc3coc([N+](=O)[O-])c3)cc1)C2,LSSXTHMZSGISCG-UHFFFAOYSA-N,test
652,1295,QPMZSAYBBBHOOQ-UHFFFAOYSA-N,C=[N+]1N=C(CCC2CCN(Cc3ccccc3)CC2)c2ccccc21,QPMZSAYBBBHOOQ-UHFFFAOYSA-N,test
653,1297,RUCMPVRFPBFNLE-UHFFFAOYSA-N,COc1cc2c(cc1OC)SC(C(=O)CC(O)C1CC[N+](C)(Cc3ccccc3)CC1)C2,UIRLTPXGFDJICZ-UHFFFAOYSA-O,test
654,1298,OFQUUTKEKIIUJE-UHFFFAOYSA-N,COc1cc2c(cc1OC)SC(C(=O)CC1(O)CC[N+](C)(Cc3ccccc3)CC1)C2,NWSSBWKPPZRMSC-UHFFFAOYSA-O,test
655,1299,XXUAMLUZORJNNC-UHFFFAOYSA-N,COc1cc2c(cc1OC)SC(C(=O)CC1C=CC[N+](C)(Cc3ccccc3)CC1)C2,XSEGOLCNHBMJAU-UHFFFAOYSA-O,test
656,1301,NAOZAHRAUOKLTI-UHFFFAOYSA-N,COC(=O)C[N+]1(C)CCC(CCC(=O)C2Cc3cc(OC)c(OC)cc3S2)CC1,MLLIICHDNZVKPP-UHFFFAOYSA-O,test
657,1302,CRMOWQKTQGSOFA-UHFFFAOYSA-N,CCC[n+]1ccc(CCC(=O)C2Cc3cc(OC)c(OC)cc3S2)cc1,HMNUUZYKJLQTRS-UHFFFAOYSA-O,train
658,1303,NVUGDYFHDGXOKY-UHFFFAOYSA-N,COCC[n+]1ccc(CCC(=O)C2Cc3cc(OC)c(OC)cc3S2)cc1,HMNUUZYKJLQTRS-UHFFFAOYSA-O,train
659,1304,UBOLSYAFJBJJBX-UHFFFAOYSA-N,COc1cc2c(cc1OC)SC(C(=O)CCc1cc[n+](Cc3ccccc3)cc1)C2,RSNNTUWEOALCKI-UHFFFAOYSA-N,train
660,1305,CGPFCMGYTPXYSJ-UHFFFAOYSA-N,O=C(CCc1cc[n+](Cc2ccccc2)cc1)c1ccc2c(c1)OCO2,CGPFCMGYTPXYSJ-UHFFFAOYSA-N,train
661,1307,KQOUPMYYRQWZLI-UHFFFAOYSA-N,CNC(=O)Oc1cccc(C(C)N(C)C)c1,UHOVQNZJYSORNB-UHFFFAOYSA-N,train
662,1308,UKFCIGJAJAIROZ-UHFFFAOYSA-N,CNC(=O)Oc1cccc2c1OCC1CCN(C)C21,OMAOPGJSIGOCIM-UHFFFAOYSA-N,train
663,1309,RPFDRSCDZJIZNM-UHFFFAOYSA-N,CNC(=O)Oc1cccc2c1CCC1CCN(C)C21,ICISUXWQUUKZMT-UHFFFAOYSA-N,train
664,1310,HDQBOOHWHLECAC-UHFFFAOYSA-N,CNC(=O)Oc1cccc2c1SCC1CCN(C)C21,SLWUABGTWDNENO-UHFFFAOYSA-N,test
665,1311,GDJCEUYIQJRPFO-UHFFFAOYSA-N,CC(NC(=O)Oc1cccc2c1OCC1CCN(C)C21)c1ccccc1,KXLZLGLFLZFJND-UHFFFAOYSA-N,test
666,1312,LCLQRXYSCAZUJT-UHFFFAOYSA-N,CCCCCCCNC(=O)Oc1cccc2c1OCC1CCN(C)C21,OMAOPGJSIGOCIM-UHFFFAOYSA-N,train
667,1313,OZZLFEZFCLBCIV-UHFFFAOYSA-N,CCNC(=O)Oc1cccc2c1OCC1CCN(C)C21,OMAOPGJSIGOCIM-UHFFFAOYSA-N,train
668,1314,QJKKNTBZVBEQGM-UHFFFAOYSA-N,CCNC(=O)Oc1cccc2c1CCC1CCN(C)C21,ICISUXWQUUKZMT-UHFFFAOYSA-N,train
669,1317,LDYLCLZQCXSJGH-YSMPRRRNSA-N,CNC(=O)Oc1cccc(CN(C)CCCOc2ccc3c(c2)O/C(=C\c2cc(OC)c(OC)c(OC)c2)C3=O)c1,QEBJUDNUEAUMPD-JLPGSUDCSA-N,train
670,1318,JAEZFUCFEMHOTF-FSGOGVSDSA-N,CNC(=O)Oc1cccc(CN(C)CCCOc2ccc3c(c2)O/C(=C\c2cccc4ccccc24)C3=O)c1,PLFYEFVRQHLCEE-VEILYXNESA-N,test
671,1319,KMSYVNUQWIRJRE-FSGOGVSDSA-N,CNC(=O)Oc1cccc(CN(C)CCCOc2ccc3c(c2)O/C(=C\c2ccc4ccccc4c2)C3=O)c1,MBLGSNIMYVNSQY-VEILYXNESA-N,test
672,1320,FIGDFKBRWHQHDX-FSGOGVSDSA-N,CNC(=O)Oc1cccc(CN(C)CCCCCCCOc2ccc3c(c2)O/C(=C\c2cc(OC)c(OC)c(OC)c2)C3=O)c1,RJYLAUWIHNCJFR-RRAHZORUSA-N,train
673,1322,ZQIJTMWONIMKMF-BGDIREAQSA-N,CCC(=O)Oc1cccc(CN(C)CCCCCCCOc2ccc3c(c2)O/C(=C\c2ccc4ccccc4c2)C3=O)c1,UWIUJEBCGNCCDI-JDCMOKTRSA-N,train
674,1324,GLFCSNKKUXWEFI-OFWBYEQRSA-N,CNC(=O)Oc1cccc(CN(C)CCCCCCCOc2ccc3c(c2)O/C(=C\c2ccccc2)C3=O)c1,RJYLAUWIHNCJFR-RRAHZORUSA-N,train
675,1325,PZMSOLAGWTYVMG-FSGOGVSDSA-N,CNC(=O)Oc1cccc(CN(C)CCCCCCCOc2ccc3c(c2)O/C(=C\c2ccc(Cl)c(Cl)c2)C3=O)c1,RJYLAUWIHNCJFR-RRAHZORUSA-N,train
676,1327,KYVIWBPYFDCUME-MTDXEUNCSA-N,CNC(=O)Oc1cccc(CN(C)CCCCCCCOc2ccc3c(c2)C/C(=C\c2cc(OC)c(OC)c(OC)c2)C3=O)c1,RFXAMLDLPLCZJH-NHFJDJAPSA-N,train
677,1328,VPPSWJWBTQDKEJ-OVVQPSECSA-N,CNC(=O)Oc1cccc(CN(C)CCCCCCCOc2ccc3c(c2)OC/C(=C\c2cc(OC)c(OC)c(OC)c2)C3=O)c1,ASCBNEJRFFFGFO-LHLOQNFPSA-N,train
678,1329,FMNIEHIAIMPDIG-ZTKZIYFRSA-N,CNC(=O)Oc1cccc(CN(C)CCCCCCCOc2ccc3c(c2)CC/C(=C\c2cc(OC)c(OC)c(OC)c2)C3=O)c1,KKBRJWZGYFPYRI-XAYXJRQQSA-N,test
679,1343,ITZOKHKOFJOBFS-UHFFFAOYSA-N,c1ccc2c(NCCCCCCCNc3c4c(nc5ccccc35)CCCC4)c3c(nc2c1)CCCC3,ITZOKHKOFJOBFS-UHFFFAOYSA-N,train
680,1344,VRNGRBIMQBSIJF-UHFFFAOYSA-N,Cc1c(Cl)nc2ccccc2c1C(=O)NCCCCCCCNc1c2c(nc3ccccc13)CCCC2,UMDZOBWQMNPPGB-UHFFFAOYSA-N,test
681,1345,ACKJXXOVSOCBPX-UHFFFAOYSA-N,Cc1c(N2CCN(C)CC2)nc2ccccc2c1C(=O)NCCCCCCCNc1c2c(nc3ccccc13)CCCC2,UWQOEQYFXQZWFM-UHFFFAOYSA-N,test
682,1346,AJUUAUZWBQPTFD-UHFFFAOYSA-N,O=C(CCCCC1CCSS1)NCCNc1c2c(nc3ccccc13)CCCC2,AJUUAUZWBQPTFD-UHFFFAOYSA-N,train
683,1347,FUZSKXNTSYMEMF-UHFFFAOYSA-N,O=C(CCCCC1CCSS1)NCCCNc1c2c(nc3ccccc13)CCCC2,FUZSKXNTSYMEMF-UHFFFAOYSA-N,train
684,1348,IEBFRRATFZBOGS-UHFFFAOYSA-N,O=C(CCCCC1CCSS1)NCCCCNc1c2c(nc3ccccc13)CCCC2,IEBFRRATFZBOGS-UHFFFAOYSA-N,train
685,1349,TYGMTYRXRCSMAH-UHFFFAOYSA-N,O=C(CCCCC1CCSS1)NCCCCCNc1c2c(nc3ccccc13)CCCC2,TYGMTYRXRCSMAH-UHFFFAOYSA-N,test
686,1350,GWKZBCSXCDIJEX-UHFFFAOYSA-N,O=C(CCCCC1CCSS1)NCCCCCCNc1c2c(nc3ccccc13)CCCC2,GWKZBCSXCDIJEX-UHFFFAOYSA-N,train
687,1351,UJYFHDXYPAFONC-UHFFFAOYSA-N,O=C(CCCCC1CCSS1)NCCCCCCCNc1c2c(nc3ccccc13)CCCC2,UJYFHDXYPAFONC-UHFFFAOYSA-N,test
688,1352,QVGXTQPZHCDXRZ-UHFFFAOYSA-N,O=C(CCCCC1CCSS1)NCCCNc1c2c(nc3cc(Cl)ccc13)CCCC2,FUZSKXNTSYMEMF-UHFFFAOYSA-N,train
689,1353,YNUALVMKORREBG-UHFFFAOYSA-N,Nc1c2c(nc3cc(Cl)ccc13)CC(CNC(=O)CCCCC1CCSS1)CC2,KLXQFCIXRZUYOM-UHFFFAOYSA-N,test
690,1354,FPBUGSBZFOFWAX-UHFFFAOYSA-N,NCCCNc1c2c(nc3cc(Cl)ccc13)CCCC2,RXBYRTSOWREATF-UHFFFAOYSA-N,train
691,1357,HLRVNJVVXBHFTE-UHFFFAOYSA-N,CC1=CC2Cc3nc4cc(Cl)ccc4c(NCCCCCCNc4c5c(nc6ccccc46)CCCC5)c3C(C1)C2,VTVFXURRUMOQCX-UHFFFAOYSA-N,train
692,1358,DBUWWODVSCMGDY-UHFFFAOYSA-N,CC1=CC2Cc3nc4cc(Cl)ccc4c(NCCCCCCCNc4c5c(nc6ccccc46)CCCC5)c3C(C1)C2,PQWXUVNBAXVYLP-UHFFFAOYSA-N,train
693,1359,XXFJVXFGCDTSND-UHFFFAOYSA-N,CC1=CC2Cc3nc4cc(Cl)ccc4c(NCCCCCCCCNc4c5c(nc6ccccc46)CCCC5)c3C(C1)C2,MLNJQWXAKYYVFO-UHFFFAOYSA-N,train
694,1360,JPBICZJGLXJNKG-RRPNLBNLSA-N,CC1=C[C@@H]2Cc3nc4cc(Cl)ccc4c(NCCCN(C)CCCCNc4c5c(nc6ccccc46)CCCC5)c3[C@H](C1)C2,UXCGNBAZQWGKDQ-IZZNHLLZSA-N,train
695,1361,YNGVZJKKHQZTOO-UHFFFAOYSA-N,CC1=CC2Cc3nc4cc(Cl)ccc4c(NCCCCCCNc4c5c(nc6cc(Cl)ccc46)CCCC5)c3C(C1)C2,VTVFXURRUMOQCX-UHFFFAOYSA-N,train
696,1362,GCPORJYZTJZXFH-UHFFFAOYSA-N,CC1=CC2Cc3nc4cc(Cl)ccc4c(NCCCCCCCNc4c5c(nc6cc(Cl)ccc46)CCCC5)c3C(C1)C2,PQWXUVNBAXVYLP-UHFFFAOYSA-N,train
697,1363,JVAZMJIFYNHUQW-UHFFFAOYSA-N,CC1=CC2Cc3nc4cc(Cl)ccc4c(NCCCCCCCCNc4c5c(nc6cc(Cl)ccc46)CCCC5)c3C(C1)C2,MLNJQWXAKYYVFO-UHFFFAOYSA-N,train
698,1364,XGUXGMNSUSHHSV-IZZNHLLZSA-N,CC1=C[C@@H]2Cc3nc4cc(Cl)ccc4c(NCCCN(C)CCCCNc4c5c(nc6cc(Cl)ccc46)CCCC5)c3[C@H](C1)C2,UXCGNBAZQWGKDQ-IZZNHLLZSA-N,train
699,1389,AIXQQSTVOSFSMO-RBOXIYTFSA-N,COc1ccc2c3c1O[C@H]1C[C@@H](O)C=C[C@@]31CCNC2,WGJYTAVHUDKGNK-ZFWWWQNUSA-N,train
700,1391,BGGBDKDNDXWHQP-SFHVURJKSA-N,CN[C@@H](CCOc1ccc([N+](=O)[O-])cc1)c1ccc(OC(=O)N(C)C)cc1,YNKWXURRTAXYIE-UHFFFAOYSA-N,train
701,1392,XUOUWGWIRPBWCW-OAQYLSRUSA-N,CN(C)C(=O)Oc1ccc2c(c1)C=CCN(C)[C@@H]2CCOc1ccc([N+](=O)[O-])cc1,GYTKOSKWYAYEPO-GOSISDBHSA-N,train
702,1393,XHISNFCRWZVULB-UHFFFAOYSA-N,O=C(CCCCCCNc1c2c(nc3ccccc13)CCCC2)NCCc1c[nH]c2ccccc12,XHISNFCRWZVULB-UHFFFAOYSA-N,train
703,1395,DIHZVMMPFILOAT-UHFFFAOYSA-N,O=C(CCCCCNc1c2c(nc3ccccc13)CCCC2)NCCc1c[nH]c2ccc(O)cc12,FKFJZGFHHCYXOR-UHFFFAOYSA-N,train
704,1396,HSPZASVVTPKCGM-UHFFFAOYSA-N,COc1ccc2[nH]cc(CCNC(=O)CCCCCCNc3c4c(nc5cc(Cl)cc(Cl)c35)CCCC4)c2c1,XHISNFCRWZVULB-UHFFFAOYSA-N,train
705,1397,NNXPYYPDXHQYMI-UHFFFAOYSA-N,COc1ccc2[nH]cc(CCNC(=O)CCCCCCNc3c4c(nc5ccccc35)CCCC4)c2c1,XHISNFCRWZVULB-UHFFFAOYSA-N,train
706,1399,SZRNKXYBFFECAE-UHFFFAOYSA-N,O=C(CCCCCNc1c2c(nc3cccc(Cl)c13)CCCC2)NCCc1c[nH]c2ccccc12,FKFJZGFHHCYXOR-UHFFFAOYSA-N,train
707,1400,DJYUJPYMPVRRIB-UHFFFAOYSA-N,O=C(CCCCCCNc1c2c(nc3cc(Cl)ccc13)CCCC2)NCCc1c[nH]c2ccccc12,XHISNFCRWZVULB-UHFFFAOYSA-N,train
708,1401,ZEZHVLKHFYAVTB-OCCSQVGLSA-N,CCNC(=O)Oc1ccc2c(c1)[C@]1(C)CCO[C@@H]1O2,GXXKXVYPWUFQSX-LHIURRSHSA-N,train
709,1402,NPANUSRHFVUOKM-UNMCSNQZSA-N,CC(C)c1ccc(NC(=O)Oc2ccc3c(c2)[C@]2(C)CCO[C@@H]2N3C)cc1,BLMXFPRHYAECRY-VYIIXAMBSA-N,train
710,1403,AGOPIOMWLMAZHS-UYAOXDASSA-N,Cc1ccccc1NC(=O)Oc1ccc2c(c1)[C@@]1(C)CCO[C@H]1N2C,BLMXFPRHYAECRY-FQNRMIAFSA-N,train
711,1404,AGOPIOMWLMAZHS-ICSRJNTNSA-N,Cc1ccccc1NC(=O)Oc1ccc2c(c1)[C@]1(C)CCO[C@@H]1N2C,BLMXFPRHYAECRY-VYIIXAMBSA-N,train
712,1405,DSQSAHYPEXEBHJ-ZFWWWQNUSA-N,CCNC(=O)Oc1ccc2c(c1)[C@]1(C)CCO[C@@H]1N2C,FXHKMZQULJFLCI-HTLJXXAVSA-N,train
713,1406,LXTKNVLLWOLCOV-TZMCWYRMSA-N,CNC(=O)Oc1ccc2c(c1)[C@@]1(C)CCO[C@H]1N2C,FXHKMZQULJFLCI-LHIURRSHSA-N,train
714,1407,LXTKNVLLWOLCOV-JSGCOSHPSA-N,CNC(=O)Oc1ccc2c(c1)[C@]1(C)CCO[C@@H]1N2C,FXHKMZQULJFLCI-HTLJXXAVSA-N,train
715,1409,JGAGHIIOCADQOV-PZJWPPBQSA-N,Cc1ccccc1NC(=O)Oc1ccc2c(c1)[C@@]1(C)CCN(C)[C@H]1N2C,ULLJVPKUDFDJKB-VYIIXAMBSA-N,test
716,1411,FDRUOIJOXDAUQN-ZBFHGGJFSA-N,CCNC(=O)Oc1ccc2c(c1)[C@]1(C)CCN(C)[C@@H]1N2C,VOWHONRMOCHCGC-LHIURRSHSA-N,train
717,1412,PIJVFDBKTWXHHD-DZGCQCFKSA-N,CNC(=O)Oc1ccc2c(c1)[C@@]1(C)CCN(C)[C@H]1N2C,VOWHONRMOCHCGC-HTLJXXAVSA-N,test
718,1414,KOFCNZPCQOBXHD-CTNGQTDRSA-N,CC(C)c1ccc(NC(=O)Oc2ccc3c(c2)[C@]2(C)CO[C@@H](C2)O3)cc1,XJOKTEONVKMBPL-WVQRXBFSSA-N,train
719,1415,MBYLQCWDOYEQRA-MJGOQNOKSA-N,Cc1ccccc1NC(=O)Oc1ccc2c(c1)[C@]1(C)CO[C@@H](C1)O2,XJOKTEONVKMBPL-WVQRXBFSSA-N,train
720,1416,MBYLQCWDOYEQRA-PKOBYXMFSA-N,Cc1ccccc1NC(=O)Oc1ccc2c(c1)[C@@]1(C)CO[C@H](C1)O2,XJOKTEONVKMBPL-NBFOKTCDSA-N,test
721,1417,RAANAGIDXYTUAW-OCCSQVGLSA-N,CCNC(=O)Oc1ccc2c(c1)[C@]1(C)CO[C@@H](C1)O2,SWDWTXRWCMLESV-OMNKOJBGSA-N,test
722,1418,RAANAGIDXYTUAW-GXTWGEPZSA-N,CCNC(=O)Oc1ccc2c(c1)[C@@]1(C)CO[C@H](C1)O2,SWDWTXRWCMLESV-MHPPCMCBSA-N,test
723,1419,QIYIAVWWIGXXBQ-PZJWPPBQSA-N,CC(C)c1ccc(NC(=O)Oc2ccc3c(c2)[C@@]2(C)CCO[C@H]2O3)cc1,HQHNSHBCYQOVNO-VYIIXAMBSA-N,train
724,1420,JZMKNXICJRCGJX-PKOBYXMFSA-N,Cc1ccccc1NC(=O)Oc1ccc2c(c1)[C@@]1(C)CCO[C@H]1O2,HQHNSHBCYQOVNO-VYIIXAMBSA-N,train
725,1421,JZMKNXICJRCGJX-MJGOQNOKSA-N,Cc1ccccc1NC(=O)Oc1ccc2c(c1)[C@]1(C)CCO[C@@H]1O2,HQHNSHBCYQOVNO-FQNRMIAFSA-N,train
726,1422,ZEZHVLKHFYAVTB-GXTWGEPZSA-N,CCNC(=O)Oc1ccc2c(c1)[C@@]1(C)CCO[C@H]1O2,GXXKXVYPWUFQSX-HTLJXXAVSA-N,train
727,1432,PLKJOOZHDCZCGL-UHFFFAOYSA-N,COc1ccc(CC2=[N+](C)CCc3cc(OC)c(OC)cc32)cc1OC,BQIIGTSQOCWPDH-UHFFFAOYSA-O,train
728,1435,APIOTDBMTZHUEJ-UHFFFAOYSA-N,COc1cc2ccnc(C(O)c3ccccc3OC)c2cc1OC,IZTUINVRJSCOIR-UHFFFAOYSA-N,train
729,1477,OSZNNLWOYWAHSS-UHFFFAOYSA-M,CN(C)C(=O)Oc1cccc([N+](C)(C)C)c1.COS(=O)(=O)[O-],UHOVQNZJYSORNB-UHFFFAOYSA-N,train
730,1478,WDHBXSBNUQDWLT-UHFFFAOYSA-N,N#Cc1ccccc1-c1ccc(CN2CCN(C(c3ccc(F)cc3)c3ccc(F)cc3)CC2)cc1,WELCDKMCOGDZCK-UHFFFAOYSA-N,test
731,1479,CZQFKRLBBDIJNO-UHFFFAOYSA-N,COc1cc(Br)c(CN2CCN(C(c3ccc(F)cc3)c3ccc(F)cc3)CC2)cc1OC,KUAJKNGLESWEFE-UHFFFAOYSA-N,test
732,1480,VSCFNMVKECXBMF-UHFFFAOYSA-N,Cc1cc2c(cc1CN1CCN(C(c3ccc(F)cc3)c3ccc(F)cc3)CC1)OCO2,ORAUEDBBTFLQSK-UHFFFAOYSA-N,test
733,1481,NCZRUTJVTDTOAX-UHFFFAOYSA-N,CC1=C(CCN2CCN(C(c3ccc(F)cc3)c3ccc(F)cc3)CC2)C(=O)C2CCCCC2=N1,AVBMYNQDDDXVFM-UHFFFAOYSA-N,train
734,1482,CYNVKODZVQUAQS-UHFFFAOYSA-N,Cc1nc2ccccn2c(=O)c1CCN1CCN(C(c2ccc(F)cc2)c2ccc(F)cc2)CC1,WZBMGNJGAWYVMR-UHFFFAOYSA-N,test
735,1483,VFHWFWNFMSLODT-UHFFFAOYSA-N,Fc1ccc(C(c2ccc(F)cc2)N2CCN(CCN3CCCC3)CC2)cc1,OOMXYGUNQHRMPV-UHFFFAOYSA-N,test
736,1484,QVIIDWWABZYHCA-UHFFFAOYSA-N,Fc1ccc(C(c2ccc(F)cc2)N2CCN(CCN3CCCCC3)CC2)cc1,HBOWPXFEJMZFMN-UHFFFAOYSA-N,train
737,1485,ZYSAKJROYRNRCW-UHFFFAOYSA-N,Fc1ccc(C(c2ccc(F)cc2)N2CCN(CCN3CCOCC3)CC2)cc1,FDDLGIVTPCIZLY-UHFFFAOYSA-N,train
738,1486,RVUKPUNERJXZRC-UHFFFAOYSA-N,CC1=CC2Cc3nc4cc(Cl)ccc4c(N)c3C(C1)C2NC=O,BZFWBAOVKAGSFN-UHFFFAOYSA-N,train
739,1490,UEGRKPLAHWHWQQ-UHFFFAOYSA-N,CC1=CC2Cc3nc4cc(Cl)ccc4c(N)c3C(C1)C2N,BZFWBAOVKAGSFN-UHFFFAOYSA-N,train
740,1491,IIGBHFJNVWQBMB-UHFFFAOYSA-N,CC1=CC2Cc3nc4cc(Cl)ccc4c(N)c3C(C1)C2NS(C)(=O)=O,BZFWBAOVKAGSFN-UHFFFAOYSA-N,train
741,1492,ORHYETPDBZUFJW-UHFFFAOYSA-N,COc1cc(C(=O)NNc2c3c(nc4ccccc24)CCCC3)cc(OC)c1OC,FEYDUIMOIZSYGW-UHFFFAOYSA-N,train
742,1493,HZEYALYZZKPABJ-UHFFFAOYSA-N,COc1cc(CCC(=O)NCCCCCC(=O)NNc2c3c(nc4ccccc24)CCCC3)cc(OC)c1OC,GMMAWAYCLWHMGA-UHFFFAOYSA-N,train
743,1494,UZTWTDUISHKFGD-UHFFFAOYSA-N,COc1cc(CCC(=O)NCCCCC(=O)NNc2c3c(nc4ccccc24)CCCC3)cc(OC)c1OC,FDWCQOGZLWYUBF-UHFFFAOYSA-N,train
744,1495,IOOCYIJIKUOHFE-UHFFFAOYSA-N,COc1cc(CCC(=O)NCCCC(=O)NNc2c3c(nc4ccccc24)CCCC3)cc(OC)c1OC,XIENCHOJTXJXOY-UHFFFAOYSA-N,test
745,1496,XYQHDYWZDYRZLT-UHFFFAOYSA-N,COc1cc(CCC(=O)NCCC(=O)NNc2c3c(nc4ccccc24)CCCC3)cc(OC)c1OC,LGIYYLQDDURTPC-UHFFFAOYSA-N,test
746,1497,LHUNFEXUROHDNV-UHFFFAOYSA-N,COc1cc(CCC(=O)NCC(=O)NNc2c3c(nc4ccccc24)CCCC3)cc(OC)c1OC,IAHJNKLHIZVAKB-UHFFFAOYSA-N,train
747,1498,ZIHQIMALTYQRGD-UHFFFAOYSA-N,COc1cc(CCC(=O)NNc2c3c(nc4ccccc24)CCCC3)cc(OC)c1OC,HJMWUOBZJOSANB-UHFFFAOYSA-N,train
748,1499,XYJPAVSBBNRJDP-UHFFFAOYSA-N,COc1cc(C(=O)NCCCCCCCCC(=O)NNc2c3c(cc4ccccc24)CCCC3)cc(OC)c1OC,TZZOZGMWCKDXDQ-UHFFFAOYSA-N,test
749,1500,PRXVIQMGMOKJKT-UHFFFAOYSA-N,COc1cc(C(=O)NCCCCCCCC(=O)NNc2c3c(nc4ccccc24)CCCC3)cc(OC)c1OC,AAFADTHXZNSIKG-UHFFFAOYSA-N,train
750,1501,DSRWIKGFKWYMAF-UHFFFAOYSA-N,COc1cc(C(=O)NCCCCCCC(=O)NNc2c3c(nc4ccccc24)CCCC3)cc(OC)c1OC,KZBDXZADYXMDAU-UHFFFAOYSA-N,test
751,1502,JYTGRKGSBZXXDK-UHFFFAOYSA-N,COc1cc(C(=O)NCCCCCC(=O)NNc2c3c(nc4ccccc24)CCCC3)cc(OC)c1OC,YRAAVIIWKQCLLK-UHFFFAOYSA-N,train
752,1503,PJWMHJCVVYVTMN-UHFFFAOYSA-N,COc1cc(C(=O)NCCCCC(=O)NNc2c3c(nc4ccccc24)CCCC3)cc(OC)c1OC,NLEDYPRAHQTVMI-UHFFFAOYSA-N,test
753,1504,JJFPAWUNOIIHJP-UHFFFAOYSA-N,COc1cc(C(=O)NCCCC(=O)NNc2c3c(nc4ccccc24)CCCC3)cc(OC)c1OC,FIAASKNVCMLWNY-UHFFFAOYSA-N,train
754,1505,HHOZIIJUOGFCKO-UHFFFAOYSA-N,COc1cc(C(=O)NCCC(=O)NNc2c3c(nc4ccccc24)CCCC3)cc(OC)c1OC,KHHAVNBRJKYISP-UHFFFAOYSA-N,train
755,1506,OFCBHLPUPDOGOA-UHFFFAOYSA-N,COc1cc(C(=O)NCC(=O)NNc2c3c(nc4ccccc24)CCCC3)cc(OC)c1OC,HMFNQBSADDJDKJ-UHFFFAOYSA-N,train
756,1508,ZNRGREFWBCWZAU-UHFFFAOYSA-N,CCOC(=O)C1=C(C)Nc2nc3c(c(N)c2C1c1ccc(OC)cc1)CCCC3,PHZFCULPFNIUPO-UHFFFAOYSA-N,train
757,1509,SCKWNQRIZNNYFA-UHFFFAOYSA-N,CCOC(=O)C1=C(C)Nc2nc3c(c(N)c2C1c1cccc(OC)c1)CCCC3,PHZFCULPFNIUPO-UHFFFAOYSA-N,train
758,1510,RYUHYOLRLQUVHQ-UHFFFAOYSA-N,CCOC(=O)C1=C(C)Nc2nc3c(c(N)c2C1c1ccccc1OC)CCCC3,PHZFCULPFNIUPO-UHFFFAOYSA-N,train
759,1511,QTVIWMLMXFVZIY-UHFFFAOYSA-N,CCOC(=O)C1=C(C)Nc2nc3c(c(N)c2C1c1ccc(C)cc1)CCCC3,PHZFCULPFNIUPO-UHFFFAOYSA-N,train
760,1512,QTWUJCCPMWZOOB-UHFFFAOYSA-N,CCOC(=O)C1=C(C)Nc2nc3c(c(N)c2C1c1ccc([N+](=O)[O-])cc1)CCCC3,PHZFCULPFNIUPO-UHFFFAOYSA-N,train
761,1513,CWDRVGKNJWGVJS-UHFFFAOYSA-N,CCOC(=O)C1=C(C)Nc2nc3c(c(N)c2C1c1cccc([N+](=O)[O-])c1)CCCC3,PHZFCULPFNIUPO-UHFFFAOYSA-N,train
762,1514,OWDDOOZVDQHYQH-UHFFFAOYSA-N,CCOC(=O)C1=C(C)Nc2nc3c(c(N)c2C1c1ccccc1[N+](=O)[O-])CCCC3,PHZFCULPFNIUPO-UHFFFAOYSA-N,train
763,1515,RDDFBAPIHCKOCC-UHFFFAOYSA-N,CCOC(=O)C1=C(C)Nc2nc3c(c(N)c2C1c1ccc(F)cc1)CCCC3,PHZFCULPFNIUPO-UHFFFAOYSA-N,train
764,1516,POYFPBLOVRVCKS-UHFFFAOYSA-N,CCOC(=O)C1=C(C)Nc2nc3c(c(N)c2C1c1ccccc1)CCCC3,PHZFCULPFNIUPO-UHFFFAOYSA-N,train
765,1529,CHMZSXAIQRLCLX-UHFFFAOYSA-O,Cc1c2c(cc[n+]1C)c1cc(O)ccc1n2C,AIFRHYZBTHREPW-UHFFFAOYSA-O,train
766,1531,ICPRLZDLIOARIN-UHFFFAOYSA-O,Cc1c2[nH]c3ccc(O)cc3c2cc[n+]1C,AIFRHYZBTHREPW-UHFFFAOYSA-O,train
767,1533,OEJPDCAOADNKRJ-UHFFFAOYSA-O,Cn1c2ccc(O)cc2c2cc[n+](C)cc21,AIFRHYZBTHREPW-UHFFFAOYSA-O,train
768,1535,FTXCPBMJKVPYRT-UHFFFAOYSA-O,C[n+]1ccc2c(c1)[nH]c1ccc(O)cc12,AIFRHYZBTHREPW-UHFFFAOYSA-O,train
769,1537,GKOBEAWUMYEQIP-UHFFFAOYSA-O,COc1ccc2[nH]c3c(C)[n+](C)ccc3c2c1,AIFRHYZBTHREPW-UHFFFAOYSA-O,train
770,1539,DSZQQMUYRCNRKS-UHFFFAOYSA-N,COc1ccc2c(c1)c1cc[n+](C)cc1n2C,AIFRHYZBTHREPW-UHFFFAOYSA-O,train
771,1541,UXIBWQLCPYHBSH-UHFFFAOYSA-O,COc1ccc2[nH]c3c[n+](C)ccc3c2c1,AIFRHYZBTHREPW-UHFFFAOYSA-O,train
772,1555,CAAWONCYYQXLJB-UHFFFAOYSA-N,CCN(CCCCCCNc1ccc(Cc2ccc(NCCCCCCN(CC)Cc3ccccc3OC)cc2)cc1)Cc1ccccc1OC,UAMDSORUVLSKHS-UHFFFAOYSA-N,test
773,1556,OXYGPYKFZHTXST-UHFFFAOYSA-N,CCN(CCCCCCNc1ccc(-c2ccc(NCCCCCCN(CC)Cc3ccccc3OC)cc2)cc1)Cc1ccccc1OC,FZCIAYIAQAPWGF-UHFFFAOYSA-N,train
774,1557,MMXVQYINUWPOGL-UHFFFAOYSA-P,CC[N+](C)(CCCCCC(=O)Nc1ccc(CCc2ccc(NC(=O)CCCCC[N+](C)(CC)Cc3ccccc3OC)cc2)cc1)Cc1ccccc1OC,UDEJACXWCNQNDX-UHFFFAOYSA-P,test
775,1558,JJSKTTNIOYMAJG-UHFFFAOYSA-N,CC[N+](C)(CCCCCC(=O)N1CCC(CCCC2CCN(C(=O)CCCCC[N+](C)(CC)Cc3ccccc3OC)CC2)CC1)Cc1ccccc1OC,WREDXEQOXOCWAK-UHFFFAOYSA-P,test
776,1559,MKZBCJVAPJMUCL-UHFFFAOYSA-N,CC[N+](C)(CCCCCC(=O)N1CCC(CCC2CCN(C(=O)CCCCC[N+](C)(CC)Cc3ccccc3OC)CC2)CC1)Cc1ccccc1OC,ZCFTXFRNKQBBTE-UHFFFAOYSA-P,test
777,1560,JTSFQHSYCFLAHM-UHFFFAOYSA-N,CCN(CCCCCC(=O)Nc1ccc(CCc2ccc(NC(=O)CCCCCN(CC)Cc3ccccc3OC)cc2)cc1)Cc1ccccc1OC,UDEJACXWCNQNDX-UHFFFAOYSA-N,test
778,1561,RRQRHRADZOPJNL-UHFFFAOYSA-N,CCN(CCCCCC(=O)Nc1ccc(Cc2ccc(NC(=O)CCCCCN(CC)Cc3ccccc3OC)cc2)cc1)Cc1ccccc1OC,UMZDDMLTGGDCRB-UHFFFAOYSA-N,test
779,1562,DQFITZQWLBZWPL-UHFFFAOYSA-N,CCN(CCCCCC(=O)Nc1ccc(-c2ccc(NC(=O)CCCCCN(CC)Cc3ccccc3OC)cc2)cc1)Cc1ccccc1OC,CTMIALBUPGLVNI-UHFFFAOYSA-N,train
780,1563,OHDAIMUTVTWWBN-UHFFFAOYSA-N,CCN(CCCCCC(=O)N1CCC(CCCC2CCN(C(=O)CCCCCN(CC)Cc3ccccc3OC)CC2)CC1)Cc1ccccc1OC,WREDXEQOXOCWAK-UHFFFAOYSA-N,test
781,1564,OACFNJFRSVQUTM-UHFFFAOYSA-N,CCN(CCCCCC(=O)N1CCC(CCC2CCN(C(=O)CCCCCN(CC)Cc3ccccc3OC)CC2)CC1)Cc1ccccc1OC,ZCFTXFRNKQBBTE-UHFFFAOYSA-N,train
782,1565,QGFZYGZFBJAMKK-UHFFFAOYSA-N,CCN(CCCCCC(=O)N1CCC(CC2CCN(C(=O)CCCCCN(CC)Cc3ccccc3OC)CC2)CC1)Cc1ccccc1OC,VTMJSMRJAMLHBS-UHFFFAOYSA-N,test
783,1566,ZKOHODJSCICEFD-UHFFFAOYSA-N,CCN(CCCCCC(=O)N1CCC(C2CCN(C(=O)CCCCCN(CC)Cc3ccccc3OC)CC2)CC1)Cc1ccccc1OC,OCXLVSDECGGKEI-UHFFFAOYSA-N,test
784,1569,CPLGYLJHIKGTTM-UHFFFAOYSA-N,O=C(CCc1c[nH]c2ccccc12)NCCCCCCNc1c2c(nc3cc(Cl)ccc13)CCCC2,NTISYWBCRKDSDB-UHFFFAOYSA-N,train
785,1571,NFWZCWJFWPWUFN-UHFFFAOYSA-N,O=C(Cc1c[nH]c2ccccc12)NCCCCCCCNc1c2c(nc3cc(Cl)ccc13)CCCC2,ZZMAZRAYKUEZFA-UHFFFAOYSA-N,train
786,1572,FEAVRTOEDVZKCJ-UHFFFAOYSA-N,O=C(Cc1c[nH]c2ccc(Br)cc12)NCCCCCCCNc1c2c(nc3cc(Cl)ccc13)CCCC2,ZZMAZRAYKUEZFA-UHFFFAOYSA-N,train
787,1573,WIIKLWSNLFQLLL-UHFFFAOYSA-N,O=C(CCCc1c[nH]c2ccccc12)NCCCCCNc1c2c(nc3cc(Cl)ccc13)CCCC2,COADHLNTUTYDRI-UHFFFAOYSA-N,train
788,1580,OTLLABLRJBVBHD-UHFFFAOYSA-N,CN(CCCOc1ccc2c(=O)c3ccccc3oc2c1)Cc1ccccc1,YJAFJAGEJWHHSY-UHFFFAOYSA-N,train
789,1583,APQVLCHKJANNBN-UHFFFAOYSA-N,CCN(CCCCCCCOc1ccc2c(=O)c3ccccc3oc2c1)Cc1ccccc1OC,NQEOISRPUUTSTL-UHFFFAOYSA-N,train
790,1594,HCYIWPLGUFGDSL-UHFFFAOYSA-N,COc1ccccc1CN(C)CCCCCCCOc1ccc2c(=O)c3ccccc3oc2c1,NQEOISRPUUTSTL-UHFFFAOYSA-N,train
791,1595,VQPIMTWJBHRDFH-UHFFFAOYSA-N,COc1ccccc1CN(C)CCCOc1ccc2c(=O)c3ccccc3oc2c1,YJAFJAGEJWHHSY-UHFFFAOYSA-N,train
792,1596,YXLAGEWUVMLQRD-UHFFFAOYSA-N,COc1cc2oc3cc(OCCCCCCCN(C)Cc4ccccc4)ccc3c(=O)c2cc1OC,NQEOISRPUUTSTL-UHFFFAOYSA-N,train
793,1597,OTZUHGHWYCAPIJ-UHFFFAOYSA-N,COc1ccc2c(=O)c3ccc(OCCCCCCCN(C)Cc4ccccc4)cc3oc2c1,NQEOISRPUUTSTL-UHFFFAOYSA-N,train
794,1603,JUEPMIFCYDBLJZ-UHFFFAOYSA-N,CN(CCCCCCCOc1ccc2c(=O)c3ccccc3oc2c1)Cc1ccccc1,NQEOISRPUUTSTL-UHFFFAOYSA-N,train
795,1604,NKJXMWCNCBVIAA-UHFFFAOYSA-N,CN(CCCCCCOc1ccc2c(=O)c3ccccc3oc2c1)Cc1ccccc1,NJEMLWAYICNSMV-UHFFFAOYSA-N,train
796,1605,NDUSIOVFIPORBY-UHFFFAOYSA-N,CN(CCCCCOc1ccc2c(=O)c3ccccc3oc2c1)Cc1ccccc1,YYNRPDWLFAYZGE-UHFFFAOYSA-N,train
797,1606,VUBALVZUDJIWHQ-UHFFFAOYSA-N,CN(CCCCOc1ccc2c(=O)c3ccccc3oc2c1)Cc1ccccc1,HJVWJYJVIPHSPH-UHFFFAOYSA-N,train
798,1610,OZPRPMGGGNQZCR-UHFFFAOYSA-N,COc1cc2cc(-c3ccc(C[N+](C)(C)Cc4ccccc4)cc3)c(=O)oc2cc1OC,HQOOCHIABVBRKY-UHFFFAOYSA-O,train
799,1613,VUKFZQAYZWJWTL-UHFFFAOYSA-N,COc1cc2oc(-c3ccc(CN(C)Cc4ccccc4)cc3)cc(=O)c2cc1OC,SDRSWRQKYSRVAD-UHFFFAOYSA-N,test
800,1614,HXKHDYYGFATHQZ-UHFFFAOYSA-N,COc1cc2oc(-c3cccc(CN(C)Cc4ccccc4)c3)cc(=O)c2cc1OC,AOIXPVZGWICCKP-UHFFFAOYSA-N,train
801,1615,UGVDWCWFPOMOMR-UHFFFAOYSA-N,CCN(Cc1ccccc1)Cc1cccc(-c2coc3cc(OC)c(OC)cc3c2=O)c1,QYWYUXDVWSNKER-UHFFFAOYSA-N,train
802,1616,KZJABZGPRMGEQZ-UHFFFAOYSA-N,COc1cc2occ(-c3cccc(CN(C)Cc4ccccc4)c3)c(=O)c2cc1OC,QYWYUXDVWSNKER-UHFFFAOYSA-N,train
803,1617,IBPYXVKCOYANPH-UHFFFAOYSA-N,COc1cc2occ(-c3ccc(CN(C)Cc4ccccc4)cc3)c(=O)c2cc1OC,GWDUBPBCOJUTTH-UHFFFAOYSA-N,train
804,1618,WWWLNIZLSIHRAE-UHFFFAOYSA-N,CN(Cc1ccccc1)Cc1ccc(-c2cc3cc(N)ccc3oc2=O)cc1,HQOOCHIABVBRKY-UHFFFAOYSA-N,train
805,1619,YOADEHMCUGVQME-UHFFFAOYSA-N,CN(Cc1ccccc1)Cc1ccc(-c2cc3cc([N+](=O)[O-])ccc3oc2=O)cc1,HQOOCHIABVBRKY-UHFFFAOYSA-N,train
806,1620,VFAABMDLNHZKGL-UHFFFAOYSA-N,COc1cc2cc(-c3ccc(CN(CCO)Cc4ccccc4)cc3)c(=O)oc2cc1OC,HQOOCHIABVBRKY-UHFFFAOYSA-N,train
807,1621,PNZIOQNBQOTGPK-UHFFFAOYSA-N,CCN(Cc1ccccc1)Cc1ccc(-c2cc3cc(OC)c(OC)cc3oc2=O)cc1,HQOOCHIABVBRKY-UHFFFAOYSA-N,train
808,1622,HOAWDZNYQXALRG-UHFFFAOYSA-N,COc1ccc(CN(C)Cc2ccc(-c3cc4cc(OC)c(OC)cc4oc3=O)cc2)cc1,HQOOCHIABVBRKY-UHFFFAOYSA-N,train
809,1623,UIALHYCUMNMDDP-UHFFFAOYSA-N,COc1cccc(CN(C)Cc2ccc(-c3cc4cc(OC)c(OC)cc4oc3=O)cc2)c1,HQOOCHIABVBRKY-UHFFFAOYSA-N,train
810,1624,WGNYJSHONXWUNW-UHFFFAOYSA-N,COc1ccccc1CN(C)Cc1ccc(-c2cc3cc(OC)c(OC)cc3oc2=O)cc1,HQOOCHIABVBRKY-UHFFFAOYSA-N,train
811,1625,RNNHOLLWKOWGSG-UHFFFAOYSA-N,COc1cc2cc(-c3ccc(CN(C)Cc4ccc(C)cc4)cc3)c(=O)oc2cc1OC,HQOOCHIABVBRKY-UHFFFAOYSA-N,train
812,1626,BIGKNZBLJTVJKF-UHFFFAOYSA-N,COc1cc2cc(-c3ccc(CN(C)Cc4cccc(C)c4)cc3)c(=O)oc2cc1OC,HQOOCHIABVBRKY-UHFFFAOYSA-N,train
813,1627,XZUBXCWVPOEDDO-UHFFFAOYSA-N,COc1cc2cc(-c3ccc(CN(C)Cc4ccccc4C)cc3)c(=O)oc2cc1OC,HQOOCHIABVBRKY-UHFFFAOYSA-N,train
814,1629,QKFXUJGKQVMLDB-UHFFFAOYSA-N,COc1cc2cc(-c3ccc(CN(C)Cc4cccc([N+](=O)[O-])c4)cc3)c(=O)oc2cc1OC,HQOOCHIABVBRKY-UHFFFAOYSA-N,train
815,1630,YNJVJLWDZRPHHU-UHFFFAOYSA-N,COc1cc2cc(-c3ccc(CN(C)Cc4ccccc4[N+](=O)[O-])cc3)c(=O)oc2cc1OC,HQOOCHIABVBRKY-UHFFFAOYSA-N,train
816,1631,LCBAVKSTBQRTAA-UHFFFAOYSA-N,COc1ccc2oc(=O)c(-c3ccc(CN(C)Cc4ccccc4)cc3)cc2c1,HQOOCHIABVBRKY-UHFFFAOYSA-N,train
817,1632,FIEUWEAPAWAGIC-UHFFFAOYSA-N,COc1ccc2oc(=O)c(-c3cccc(CN(C)Cc4ccccc4)c3)cc2c1,ZERKZBWFZJBWEF-UHFFFAOYSA-N,train
818,1633,IQFPRNPELAMHHT-UHFFFAOYSA-N,COc1ccc2cc(-c3ccc(CN(C)Cc4ccccc4)cc3)c(=O)oc2c1,HQOOCHIABVBRKY-UHFFFAOYSA-N,train
819,1634,HKDKMWFYFZIROV-UHFFFAOYSA-N,COc1ccc2cc(-c3cccc(CN(C)Cc4ccccc4)c3)c(=O)oc2c1,ZERKZBWFZJBWEF-UHFFFAOYSA-N,train
820,1635,LEKNRHNLBQAACF-UHFFFAOYSA-N,COc1cc2cc(-c3cccc(CN(C)Cc4ccccc4)c3)c(=O)oc2cc1OC,ZERKZBWFZJBWEF-UHFFFAOYSA-N,train
821,1643,PBZSJALBPJPRTC-UHFFFAOYSA-N,CCN(CCCCCCNC1=CC(=O)C(NCCCCCCN(CC)Cc2ccncc2)=CC1=O)Cc1ccncc1,IGCLIIFZMUGQPQ-UHFFFAOYSA-N,train
822,1644,VKEXSSDEPPNXTH-UHFFFAOYSA-N,CCN(CCCCCCNC1=CC(=O)C(NCCCCCCN(CC)Cc2cccnc2)=CC1=O)Cc1cccnc1,SAUVKKAPUZOTHE-UHFFFAOYSA-N,test
823,1645,ZQZXUEWGYNOIRY-UHFFFAOYSA-N,CCN(CCCCCCNC1=CC(=O)C(NCCCCCCN(CC)Cc2ccccn2)=CC1=O)Cc1ccccn1,RKOBYJYBRDZLHJ-UHFFFAOYSA-N,test
824,1646,HNOUEYJFOGZGJQ-UHFFFAOYSA-N,CCN(CCCCCCNC1=CC(=O)C(NCCCCCCN(CC)Cc2cccs2)=CC1=O)Cc1cccs1,GCOLJWQQANRSNV-UHFFFAOYSA-N,train
825,1647,YKCMZUSFFWAFBL-UHFFFAOYSA-N,CCN(CCCCCCNC1=CC(=O)C(NCCCCCCN(CC)Cc2ccco2)=CC1=O)Cc1ccco1,MJMQVXPRWMGQGF-UHFFFAOYSA-N,test
826,1648,YKPZRVJZMVTFRH-UHFFFAOYSA-N,CCN(CCCCCCNC1=CC(=O)C(NCCCCCCN(CC)Cc2ccccc2[N+](=O)[O-])=CC1=O)Cc1ccccc1[N+](=O)[O-],BWDSTVFADYFLHE-UHFFFAOYSA-N,train
827,1649,NDXMYEYXNUVGFB-UHFFFAOYSA-N,CCN(CCCCCCNC1=CC(=O)C(NCCCCCCN(CC)Cc2ccccc2Cl)=CC1=O)Cc1ccccc1Cl,BWDSTVFADYFLHE-UHFFFAOYSA-N,train
828,1650,FJCJZHJMWARDKI-UHFFFAOYSA-N,CCN(CCCCCCNC1=CC(=O)C(NCCCCCCN(CC)Cc2ccccc2C)=CC1=O)Cc1ccccc1C,BWDSTVFADYFLHE-UHFFFAOYSA-N,train
829,1651,WDAJTWMMIMSMEW-UHFFFAOYSA-N,CCN(CCCCCCNC1=CC(=O)C(NCCCCCCN(CC)Cc2cccc(OC)c2)=CC1=O)Cc1cccc(OC)c1,BWDSTVFADYFLHE-UHFFFAOYSA-N,train
830,1652,KJZRQUDVRXBXSS-UHFFFAOYSA-N,CCN(CCCCCCNC1=CC(=O)C(NCCCCCCN(CC)Cc2ccc(OC)cc2)=CC1=O)Cc1ccc(OC)cc1,BWDSTVFADYFLHE-UHFFFAOYSA-N,train
831,1653,KBWUBMMFRHZIRD-UHFFFAOYSA-N,CCN(CCCCCCNC1=CC(=O)C(NCCCCCCN(CC)Cc2ccccc2)=CC1=O)Cc1ccccc1,BWDSTVFADYFLHE-UHFFFAOYSA-N,train
832,1654,JLHSATALQPHQDC-UHFFFAOYSA-N,COc1ccccc1CN(CCCCCCNC1=CC(=O)C(NCCCCCCN(Cc2ccccc2OC)C(C)C)=CC1=O)C(C)C,BWDSTVFADYFLHE-UHFFFAOYSA-N,train
833,1655,MMZMCKHUJWUWHI-UHFFFAOYSA-N,COc1ccccc1CN(C)CCCCCCNC1=CC(=O)C(NCCCCCCN(C)Cc2ccccc2OC)=CC1=O,BWDSTVFADYFLHE-UHFFFAOYSA-N,train
834,1656,WGCPPVBZEQSYPG-UHFFFAOYSA-N,COc1ccccc1CNCCCCCCNC1=CC(=O)C(NCCCCCCNCc2ccccc2OC)=CC1=O,BWDSTVFADYFLHE-UHFFFAOYSA-N,train
835,1658,RDLNLBPKLFQKGQ-UHFFFAOYSA-N,CCN(CCCCCCNC1=CC(=O)C(NCCCCCCN(CC)CCc2ccccc2OC)=CC1=O)CCc1ccccc1OC,UUOHJJYJQPUSRN-UHFFFAOYSA-N,test
836,1659,YEHMYNHJNYGLSL-UHFFFAOYSA-N,CCN(CCCCCCCNC1=CC(=O)C(NCCCCCCCN(CC)Cc2ccccc2OC)=CC1=O)Cc1ccccc1OC,UXFPBXCPHRAGKB-UHFFFAOYSA-N,test
837,1660,QBDPPJAQPGYPIJ-UHFFFAOYSA-N,CCN(CCCCCNC1=CC(=O)C(NCCCCCN(CC)Cc2ccccc2OC)=CC1=O)Cc1ccccc1OC,AWDLVHWZJJXDBS-UHFFFAOYSA-N,train
838,1661,IHFVYVHVDULYKF-UHFFFAOYSA-N,CCN(CCCCNC1=CC(=O)C(NCCCCN(CC)Cc2ccccc2OC)=CC1=O)Cc1ccccc1OC,KKJQXNILAUPNKG-UHFFFAOYSA-N,test
839,1662,GWPNFCVXNGPDFU-UHFFFAOYSA-N,CCN(CCCNC1=CC(=O)C(NCCCN(CC)Cc2ccccc2OC)=CC1=O)Cc1ccccc1OC,ZMIVPHRLYCRQNU-UHFFFAOYSA-N,train
840,1663,YBQQXJJEGWLVHY-UHFFFAOYSA-N,CCN(CCNC1=CC(=O)C(NCCN(CC)Cc2ccccc2OC)=CC1=O)Cc1ccccc1OC,ASURBWAPVQYRGO-UHFFFAOYSA-N,train
841,1664,LDVMPEHILZZOPY-UHFFFAOYSA-N,CCN(CCCCCCNc1ccc(NCCCCCCN(CC)Cc2ccccc2OC)cc1)Cc1ccccc1OC,NBVVRWCJMBZHFJ-UHFFFAOYSA-N,test
842,1665,BZOAUPBJWLIPPX-UHFFFAOYSA-N,CCN(CCCCCCNC1=C(c2ccccc2)C(=O)C(NCCCCCCN(CC)Cc2ccccc2OC)=C(c2ccccc2)C1=O)Cc1ccccc1OC,NMLCLPFJRCRERN-UHFFFAOYSA-N,test
843,1666,LHWJPLLEASADRZ-UHFFFAOYSA-N,CCN(CCCCCCNC1=C(C)C(=O)C(NCCCCCCN(CC)Cc2ccccc2OC)=C(C)C1=O)Cc1ccccc1OC,BWDSTVFADYFLHE-UHFFFAOYSA-N,train
844,1667,UNBNSDOHDINFJF-UHFFFAOYSA-N,CCN(CCCCCCNC1=C(Br)C(=O)C(NCCCCCCN(CC)Cc2ccccc2OC)=C(Br)C1=O)Cc1ccccc1OC,BWDSTVFADYFLHE-UHFFFAOYSA-N,train
845,1668,OJNIVWNIMGRIAQ-UHFFFAOYSA-N,CCN(CCCCCCNC1=C(Cl)C(=O)C(NCCCCCCN(CC)Cc2ccccc2OC)=C(Cl)C1=O)Cc1ccccc1OC,BWDSTVFADYFLHE-UHFFFAOYSA-N,train
846,1669,IXPJIDYZLDKESL-UHFFFAOYSA-N,CCN(CCCCCCNC1=C(F)C(=O)C(NCCCCCCN(CC)Cc2ccccc2OC)=C(F)C1=O)Cc1ccccc1OC,BWDSTVFADYFLHE-UHFFFAOYSA-N,train
847,1670,YGXZRKFALVLGOZ-UHFFFAOYSA-N,COc1ccccc1CNCCCCCC(=O)N1CCC(CCC2CCN(C(=O)CCCCCNCc3ccccc3OC)CC2)CC1,ZCFTXFRNKQBBTE-UHFFFAOYSA-N,train
848,1671,JCBGAEQLPPOPDK-UHFFFAOYSA-N,COc1ccccc1CNCCCCCCN1CCC(CCC2CCN(CCCCCCNCc3ccccc3OC)CC2)CC1,MIQLQMAVPHSMFC-UHFFFAOYSA-N,test
849,1672,KWEQEHOPDHARIA-UHFFFAOYSA-N,CCCCC1=NC2(CCCC2)C(=O)N1Cc1ccc(-c2ccccc2C#N)cc1,ZXTSTMWVWDUFAQ-UHFFFAOYSA-N,train
850,1673,NZQPLTFMMZVHAD-UHFFFAOYSA-N,CCCCC1=NC2(CCCC2)C(=O)N1Cc1ccc(Br)cc1,BQVUJFOOOANMGT-UHFFFAOYSA-N,train
851,1674,VPOTWSUIDKEOHK-UHFFFAOYSA-N,CCCCC1=NC2(CCCC2)C(=O)N1Cc1ccc(-c2ccccc2C(=O)OC(C)(C)C)cc1,ZXTSTMWVWDUFAQ-UHFFFAOYSA-N,train
852,1675,XYYYFJUWDFFJAL-UHFFFAOYSA-N,CCCCC1=NC2(CCCC2)C(=O)N1Cc1ccc(-c2ccccc2C(=O)OC)cc1,ZXTSTMWVWDUFAQ-UHFFFAOYSA-N,train
853,1676,QDFOCDSQMLOJPC-UHFFFAOYSA-N,CCCCC1=NC2(CCCC2)C(=O)N1Cc1ccc(-c2ccccc2-n2nnnc2C(c2ccccc2)(c2ccccc2)c2ccccc2)cc1,ZNXQRDGTQDUACI-UHFFFAOYSA-N,test
854,1677,GMYZYXFDWJWXDK-UHFFFAOYSA-N,CCCCC1=NC2(CCCC2)C(=O)N1CC(=O)c1ccc(Cl)cc1,XVRGYUKBPIGHFG-UHFFFAOYSA-N,test
855,1678,MPYRVOAJFAMHDI-UHFFFAOYSA-N,CCCCC1=NC2(CCCC2)C(=O)N1Cc1cc2c(cc1C)OCO2,CBKBXTSQLAZNNG-UHFFFAOYSA-N,train
856,1679,MSFLLWRKYGCUSF-UHFFFAOYSA-N,CCCCC1=NC2(CCCC2)C(=O)N1CCN1C(=O)c2ccccc2C1=O,UCWHTIDKHPSLAV-UHFFFAOYSA-N,test
857,1680,ZAVGGNVFCVGTHW-UHFFFAOYSA-N,CCCCC1=NC2(CCCC2)C(=O)N1Cc1ccc([N+](=O)[O-])cc1,BQVUJFOOOANMGT-UHFFFAOYSA-N,train
858,1681,BLWBCYSXCOJFMJ-UHFFFAOYSA-N,CCCCC1=NC2(CCCC2)C(=O)N1Cc1cc(OC)c(OC)cc1Br,BQVUJFOOOANMGT-UHFFFAOYSA-N,train
859,1684,UJEITHAGAPDLTG-JYEUPPAVSA-N,CC[C@H](C)C1=N[C@H]2CC=C3C[C@H]4C(=O)C[C@]5(C)[C@@H]([C@H](C)N(C)C)[C@H](O)C[C@@]5(C)[C@@H]4CC[C@H]3[C@]2(C)CN1,RPCMVOUZHVFWHI-NIHWJDNZSA-N,test
860,1685,VWLHALGORHXQJY-MFZOBWRWSA-N,CC[C@H](C)C1=N[C@H]2CC[C@]34C[C@]35C(=O)C[C@]3(C)[C@@H]([C@H](C)N(C)C)[C@H](O)C[C@@]3(C)[C@@H]5CC[C@H]4[C@]2(C)CN1,WRTKXQQODGIRSM-LETNVAMUSA-N,train
861,1686,SFXVFHUGPHQWAG-PDIVMOMKSA-N,CC(C)C1=N[C@H]2CC[C@]34C[C@]35C(=O)C[C@]3(C)[C@@H]([C@H](C)N(C)C)[C@H](O)C[C@@]3(C)[C@@H]5CC[C@H]4[C@]2(C)CN1,WRTKXQQODGIRSM-LETNVAMUSA-N,train
862,1687,UQAHSQZJTMTZHV-NAPGQHCVSA-N,CN[C@@H](C)[C@H]1[C@H](O)C[C@@]2(C)[C@@H]3CC[C@@H]4C(=CC[C@@H]5N=C(C(C)C)OC[C@]54C)C[C@H]3C(=O)C[C@]12C,JUHUNMSGGHNUAX-NIHWJDNZSA-N,train
863,1688,BQTQETQQERDQEX-ZDVKWCFPSA-N,CC(C)C1=N[C@H]2CC=C3C[C@H]4C(=O)C[C@]5(C)[C@@H]([C@H](C)N(C)C)[C@H](OC(=O)C(C)(C)C)C[C@@]5(C)[C@@H]4CC[C@H]3[C@]2(C)CO1,JUHUNMSGGHNUAX-NIHWJDNZSA-N,train
864,1689,NSFFTMSKXQWKRS-JYEUPPAVSA-N,CC[C@H](C)C1=N[C@H]2CC=C3C[C@H]4C(=O)C[C@]5(C)[C@@H]([C@H](C)N(C)C)[C@H](O)C[C@@]5(C)[C@@H]4CC[C@H]3[C@]2(C)CO1,JUHUNMSGGHNUAX-NIHWJDNZSA-N,train
865,1690,UGJGWPDUYBCBOG-OAOQIFMYSA-N,C[C@@H]([C@H]1[C@H](O)C[C@@]2(C)[C@@H]3CC[C@@H]4C(=CC[C@@H]5N=C(C(C)(C)C)OC[C@]54C)C[C@H]3C(=O)C[C@]12C)N(C)C,JUHUNMSGGHNUAX-NIHWJDNZSA-N,train
866,1691,PFZGYKJSYVRLLH-HUASUHLISA-N,CC1=N[C@H]2CC=C3C[C@H]4C(=O)C[C@]5(C)[C@@H]([C@H](C)N(C)C)[C@H](O)C[C@@]5(C)[C@@H]4CC[C@H]3[C@]2(C)CO1,JUHUNMSGGHNUAX-NIHWJDNZSA-N,train
867,1692,AICOOMRHRUFYCM-RAQALPRNSA-N,CC(C)C1=N[C@H]2CC=C3CC4C(=O)C[C@]5(C)[C@@H]([C@H](C)N(C)C)[C@H](O)C[C@@]5(C)[C@@H]4CC[C@H]3[C@]2(C)CO1,JUHUNMSGGHNUAX-SVEVISFRSA-N,train
868,1729,QQOQYSRVJHIFNC-UHFFFAOYSA-O,CC[N+](CC)(CC)CCOc1ccc(C(=O)NCCCCCC(=O)NNc2c3c(nc4ccccc24)CCCC3)cc1,YRAAVIIWKQCLLK-UHFFFAOYSA-N,train
869,1733,SIRDYHJXMICQFA-UHFFFAOYSA-P,CC[N+](CC)(CC)CCOc1cc(OCC[N+](CC)(CC)CC)c(C(=O)NCCCCCC(=O)NNc2c3c(nc4cc(Cl)ccc24)CCCC3)cc1OCC[N+](CC)(CC)CC,YRAAVIIWKQCLLK-UHFFFAOYSA-N,train
870,1734,WJFJEDDYGFJHOF-UHFFFAOYSA-P,CC[N+](CC)(CC)CCOc1cc(OCC[N+](CC)(CC)CC)c(C(=O)NCCCCCC(=O)NNc2c3c(nc4ccccc24)CCCC3)cc1OCC[N+](CC)(CC)CC,YRAAVIIWKQCLLK-UHFFFAOYSA-N,train
871,1735,HSAIXSYFGMGWPJ-UHFFFAOYSA-P,CC[N+](CC)(CC)CCOc1cc(OCC[N+](CC)(CC)CC)cc(C(=O)NCCCCCC(=O)NNc2c3c(nc4cc(Cl)ccc24)CCCC3)c1,YRAAVIIWKQCLLK-UHFFFAOYSA-N,train
872,1736,VIYONFXJRFZLAO-UHFFFAOYSA-P,CC[N+](CC)(CC)CCOc1cc(OCC[N+](CC)(CC)CC)cc(C(=O)NCCCCCC(=O)NNc2c3c(nc4ccccc24)CCCC3)c1,YRAAVIIWKQCLLK-UHFFFAOYSA-N,train
873,1737,SRSKXXPERFQRQE-UHFFFAOYSA-O,CC[N+](CC)(CC)CCOc1ccc(C(=O)NCCCCCC(=O)NNc2c3c(nc4cc(Cl)ccc24)CCCC3)cc1,YRAAVIIWKQCLLK-UHFFFAOYSA-N,train
874,1740,YIEHIIKZXHJHAT-UHFFFAOYSA-N,c1ccc2c(NCCOCCOCCNc3c4c(nc5ccccc35)CCCC4)c3c(nc2c1)CCCC3,YIEHIIKZXHJHAT-UHFFFAOYSA-N,test
875,1741,WLFOCPXAEKVJHV-UHFFFAOYSA-N,O=C(NCCNc1c2c(nc3ccccc13)CCCC2)C(=O)NCCNc1c2c(nc3ccccc13)CCCC2,WLFOCPXAEKVJHV-UHFFFAOYSA-N,test
876,1742,NDGYHTJSFXYWDD-UHFFFAOYSA-N,O=C(CCCNc1c2c(nc3ccccc13)CCCC2)CCCNc1c2c(nc3ccccc13)CCCC2,NDGYHTJSFXYWDD-UHFFFAOYSA-N,test
877,1745,BIGUPJIJZYZJMV-VIBAHUMZSA-N,CC(=O)O[C@H]1[C@H]2c3cc4c(cc3CN3CCC(=C[C@@H]1O)[C@H]23)OCO4,VAQPSRCIHJPJEJ-BLLLJJGKSA-N,test
878,1746,JSGDAMUNBMFHFH-UHFFFAOYSA-N,COc1cc2c(cc1OC)-c1cccc3c1N(CC3)C2,COJHLECINBFIEC-UHFFFAOYSA-N,train
879,1747,OYSGWKOGUVOGFQ-RBOXIYTFSA-N,CN1CC[C@@]23C=C[C@H](O)C[C@@H]2Oc2c(O)ccc(c23)C1,WGJYTAVHUDKGNK-ZFWWWQNUSA-N,train
880,1748,YLFKDWVECRVHGB-CVGURMSBSA-N,COc1ccc2c3c1O[C@H]1C[C@H](O)C=C[C@@]31[C@H](O)CN(C)C2,WGJYTAVHUDKGNK-ZFWWWQNUSA-N,train
881,1749,YLFKDWVECRVHGB-SYEQVDHESA-N,COc1ccc2c3c1O[C@H]1C[C@@H](O)C=C[C@@]31[C@H](O)CN(C)C2,WGJYTAVHUDKGNK-ZFWWWQNUSA-N,train
882,1754,NDQRWOMGPUUCEK-LMWIJYBJSA-N,COc1cc2c(cc1OC)[C@]1(OC2=O)[C@H](O)[C@@H](O)C=C2CCN(C)[C@H]21,JXHMSNWZWHVJCA-UKRRQHHQSA-N,train
883,1755,UAJBMQOTHJIJOI-WBIUFABUSA-N,Oc1ccc2c3c1O[C@H]1C[C@@H](O)C=C[C@@]31CCNC2,WGJYTAVHUDKGNK-ZFWWWQNUSA-N,train
884,1756,DFQOXFIPAAMFAU-UHFFFAOYSA-N,[O-]c1cc2c3c(c1)c1cc4c(cc1c[n+]3CC2)OCO4,HEPAETZTOMPKRE-UHFFFAOYSA-N,train
885,1761,AGBQKNBQESQNJD-UHFFFAOYSA-N,O=C(O)CCCCC1CCSS1,MUZIZEZCKKMZRT-UHFFFAOYSA-N,test
886,1762,IBPWGZKZWJYGLA-UHFFFAOYSA-N,c1ccc2c(NCCc3ccc(OCCCN4CCCCC4)cc3)c3c(nc2c1)CCCC3,IBPWGZKZWJYGLA-UHFFFAOYSA-N,train
887,1769,QYAGHNCHSVGMMO-UHFFFAOYSA-N,Cc1c(C)c2ccc(OCc3cccc(Cl)c3)cc2oc1=O,QDLFCBKKECTJSK-UHFFFAOYSA-N,train
888,1774,NLCQQMLZYJKGLV-UHFFFAOYSA-O,COc1ccccc1CNCCCNCCCNCCC[n+]1c(-c2ccccc2)c2cc(N)ccc2c2ccc(N)cc21,ZPZHFEMGZQOKFN-UHFFFAOYSA-N,train
889,1791,QLRUDVGUKJOCFW-PCLIKHOPSA-N,Clc1cccc(Cl)c1CO/N=C/c1cc[n+](CCCc2ccccc2)cc1,HMDAOPZJXAZTGC-PTGBLXJZSA-N,train
890,1792,RAHLDBGBLYIYDN-WKCPDWHCSA-N,Clc1cccc(Cl)c1CO/N=C/c1cc[n+](CCC[n+]2ccc(/C=N/OCc3c(Cl)cccc3Cl)cc2)cc1,JVKKLSFINYTXOR-WECXDZCISA-N,train
891,1795,ILLXXNMTJSHHII-GZTJUZNOSA-N,CCN(Cc1ccccc1)Cc1ccc(-c2cc3ccc(OCCNC(=O)/C=C/c4ccc(Cl)c(Cl)c4)cc3oc2=O)cc1,FZOCLHXKQYOSOU-QGOAFFKASA-N,train
892,1796,QTSCLJVLMGAFJO-UHFFFAOYSA-N,CCN(Cc1ccccc1)Cc1ccc(-c2cc3ccc(OCCNC(=O)CCc4ccc(F)c(F)c4)cc3oc2=O)cc1,MJLRCLAZMGKDEF-UHFFFAOYSA-N,test
893,1797,OCCKNKZEIGZTKX-XNTDXEJSSA-N,CCN(Cc1ccccc1)Cc1ccc(-c2cc3ccc(OCCNC(=O)/C=C/c4cc(F)cc(F)c4)cc3oc2=O)cc1,FZOCLHXKQYOSOU-QGOAFFKASA-N,train
894,1798,GRPPZHNSLSWJDA-UHFFFAOYSA-N,CCN(Cc1ccccc1)Cc1ccc(-c2cc3ccc(OCCNC(=O)Cc4cc(F)cc(F)c4)cc3oc2=O)cc1,YSYWGTZUXIHOGJ-UHFFFAOYSA-N,test
895,1800,VXLNOYAINXJRCV-UHFFFAOYSA-N,CCN(Cc1ccccc1)Cc1ccc(-c2cc3cc(OCCNC(=O)CCc4ccc(F)c(F)c4)ccc3oc2=O)cc1,KPFQNZTVVGUJNC-UHFFFAOYSA-N,test
896,1801,OWHHSAFAYNBMOB-XNTDXEJSSA-N,CCN(Cc1ccccc1)Cc1ccc(-c2cc3cc(OCCNC(=O)/C=C/c4cc(F)cc(F)c4)ccc3oc2=O)cc1,DUBCFABUVWVNQL-QGOAFFKASA-N,train
897,1802,YWZCKVAHVJWALI-UHFFFAOYSA-N,CCN(Cc1ccccc1)Cc1ccc(-c2cc3cc(OCCNC(=O)Cc4cc(F)cc(F)c4)ccc3oc2=O)cc1,FPGWIAWVSIHWBX-UHFFFAOYSA-N,train
898,1803,FWBFWRIDEUVUDF-UHFFFAOYSA-N,O=C(CO[N+](=O)[O-])NCCCNc1c2c(nc3ccccc13)CCCC2,RXBYRTSOWREATF-UHFFFAOYSA-N,train
899,1805,NDNHQHDGXMCKAU-UHFFFAOYSA-N,CC(C)(C)C(=O)NCCCCNc1c2c(nc3ccccc13)CCCC2,RXBYRTSOWREATF-UHFFFAOYSA-N,train
900,1806,VVIZOXPPUTVPJG-UHFFFAOYSA-N,CC(C)(CO[N+](=O)[O-])C(=O)NCCCCNc1c2c(nc3ccccc13)CCCC2,RXBYRTSOWREATF-UHFFFAOYSA-N,train
901,1807,NMEYTSAYEUBPIY-UHFFFAOYSA-N,CC(C)(CO[N+](=O)[O-])C(=O)NCCCNc1c2c(nc3ccccc13)CCCC2,RXBYRTSOWREATF-UHFFFAOYSA-N,train
902,1808,UTKJEOLRINOQLT-OHYPFYFLSA-N,O=C(CO/N=[N+](\[O-])N1CCCC1)NCCCCNc1c2c(nc3ccccc13)CCCC2,CJDXDXPZBOPRIH-UHFFFAOYSA-O,train
903,1809,ZMBLKJNXJLBMMG-SGEDCAFJSA-N,O=C(CO/N=[N+](\[O-])N1CCCC1)NCCCNc1c2c(nc3ccccc13)CCCC2,ZBDSSKBPIJGPNI-UHFFFAOYSA-O,test
904,1810,GWQSPHDARHMRIN-UHFFFAOYSA-N,O=[N+]([O-])OCCCCCCNCCCCNc1c2c(nc3ccccc13)CCCC2,RXBYRTSOWREATF-UHFFFAOYSA-N,train
905,1811,NJRCJWGDCROWEJ-UHFFFAOYSA-N,O=[N+]([O-])OCCCNCCCCNc1c2c(nc3ccccc13)CCCC2,RXBYRTSOWREATF-UHFFFAOYSA-N,train
906,1812,IFIQVKGESREEDD-UHFFFAOYSA-N,O=[N+]([O-])OCCNCCCCNc1c2c(nc3ccccc13)CCCC2,RXBYRTSOWREATF-UHFFFAOYSA-N,train
907,1813,KDYGCIXCFTVKNZ-UHFFFAOYSA-N,O=[N+]([O-])OCCCCCCNCCCNc1c2c(nc3ccccc13)CCCC2,RXBYRTSOWREATF-UHFFFAOYSA-N,train
908,1814,ZXUFVYAMHXGBOE-UHFFFAOYSA-N,O=[N+]([O-])OCCCNCCCNc1c2c(nc3ccccc13)CCCC2,RXBYRTSOWREATF-UHFFFAOYSA-N,train
909,1815,YECKWNRTEHRPOA-UHFFFAOYSA-N,O=[N+]([O-])OCCNCCCNc1c2c(nc3ccccc13)CCCC2,RXBYRTSOWREATF-UHFFFAOYSA-N,train
910,1816,FZBSIZBRWNKKOD-UHFFFAOYSA-N,O=C(CCO[N+](=O)[O-])NCCCCNc1c2c(nc3ccccc13)CCCC2,RXBYRTSOWREATF-UHFFFAOYSA-N,train
911,1817,XABKLWBYRPEVGJ-UHFFFAOYSA-N,O=C(CO[N+](=O)[O-])NCCCCNc1c2c(nc3ccccc13)CCCC2,RXBYRTSOWREATF-UHFFFAOYSA-N,train
912,1818,WULXLMMPBPDQLA-UHFFFAOYSA-N,O=C(CCO[N+](=O)[O-])NCCCNc1c2c(nc3ccccc13)CCCC2,RXBYRTSOWREATF-UHFFFAOYSA-N,train
913,1819,PTKHFRNHJULJKT-UHFFFAOYSA-N,c1cc(OCCCN2CCCCC2)ccc1CN1CCCCC1,PTKHFRNHJULJKT-UHFFFAOYSA-N,train
914,1821,MTCUAOILFDZKCO-UHFFFAOYSA-N,C[N+](C)(C)CCCCCCCCCC[N+](C)(C)C,__NO_SCAFFOLD__,train
915,1822,OVDJDGHFBGJJHZ-UHFFFAOYSA-N,OCCC1CCN(Cc2ccc(OCCCN3CCCCC3)cc2)CC1,PTKHFRNHJULJKT-UHFFFAOYSA-N,train
916,1823,CEVWULHGGQMGPD-UHFFFAOYSA-N,OCC1CCN(Cc2ccc(OCCCN3CCCCC3)cc2)CC1,PTKHFRNHJULJKT-UHFFFAOYSA-N,train
917,1824,OZHWKCSDZSJHKE-UHFFFAOYSA-N,OC1CCN(Cc2ccc(OCCCN3CCCCC3)cc2)CC1,PTKHFRNHJULJKT-UHFFFAOYSA-N,train
918,1826,PCOSLLZEMYSIRZ-XPSQVAKYSA-N,CC[C@@]1(c2cccc(O)c2)CCCCN(CCCCCCCCCCN2CCCC[C@@](CC)(c3cccc(O)c3)C2)C1,XVIBJORNDLZYRS-UHFFFAOYSA-N,test
919,1844,JGVUURLOQKRQKQ-ZLTQYVKSSA-N,C/C=C(\C)C(=O)N[C@H]1CC[C@]2(C)[C@H]3CC[C@]4(C)[C@@H]([C@H](C)NC)CC[C@H]4[C@@H]3CC[C@H]2[C@H]1OC(C)=O,UACIBCPNAKBWHX-GFTPRTEMSA-N,train
920,1845,CLUQFEVBBPGSGA-FXLGMTMQSA-N,CN[C@@H](C)[C@H]1CC[C@H]2[C@@H]3CC=C4C(=O)[C@@H](NC(=O)C=C(C)C)CC[C@]4(C)[C@H]3CC[C@]12C,QUKURFWPODKMTL-FJGURNMVSA-N,train
921,1854,BLQBKXIXNYWZQU-UHFFFAOYSA-N,COc1cc2c(cc1OC)CC(CC1CCN(CCCNc3c4c(nc5cc(Cl)ccc35)CCCC4)CC1)C2,HQGLMMZRWJZVMJ-UHFFFAOYSA-N,train
922,1855,POLUICWPCFPRKU-UHFFFAOYSA-N,COc1cc2c(cc1OC)CC(CC1CCN(CCNc3c4c(nc5cc(Cl)ccc35)CCCC4)CC1)C2,MNJYPJBWHILNMT-UHFFFAOYSA-N,train
923,1856,QCWIFUIODMJCQB-UHFFFAOYSA-N,COc1cc2c(cc1OC)CC(CC1CCN(CCCNc3c4c(nc5ccccc35)CCCC4)CC1)C2,HQGLMMZRWJZVMJ-UHFFFAOYSA-N,train
924,1857,GQLCFFCJURYPPV-UHFFFAOYSA-N,COc1cc2c(cc1OC)CC(CC1CCN(CCNc3c4c(nc5ccccc35)CCCC4)CC1)C2,MNJYPJBWHILNMT-UHFFFAOYSA-N,train
925,1858,JLXTZNCTOFGHRK-UHFFFAOYSA-N,COc1cc2c(cc1OC)C(=O)C(CC1CCN(CCCNc3c4c(nc5cc(Cl)ccc35)CCCC4)CC1)C2,ZAUSWNSHRYNCTR-UHFFFAOYSA-N,train
926,1859,FNBJPXIAYRUTAU-UHFFFAOYSA-N,COc1cc2c(cc1OC)C(=O)C(CC1CCN(CCNc3c4c(nc5cc(Cl)ccc35)CCCC4)CC1)C2,UONYENUNDYAGPQ-UHFFFAOYSA-N,test
927,1860,IWFRXMAENNIBJM-UHFFFAOYSA-N,COc1cc2c(cc1OC)C(=O)C(CC1CCN(CCCNc3c4c(nc5ccccc35)CCCC4)CC1)C2,ZAUSWNSHRYNCTR-UHFFFAOYSA-N,train
928,1881,ZVPMATGRPXLGBJ-UHFFFAOYSA-N,CCN(CCCCCCn1c(=O)c2cc3c(=O)n(CCCCCCN(CC)Cc4ccccc4OC)c(=O)c3cc2c1=O)Cc1ccccc1OC,DKLCDUMMOFZXAU-UHFFFAOYSA-N,train
929,1882,BLQXTZGJGNTPNF-UHFFFAOYSA-N,CCN(CCCCCCN1C(=O)c2ccc(-c3ccc4c(c3)C(=O)N(CCCCCCN(CC)Cc3ccccc3OC)C4=O)cc2C1=O)Cc1ccccc1OC,ASAPLFRQNLSINY-UHFFFAOYSA-N,train
930,1883,AHIBLNIHLALZKU-UHFFFAOYSA-N,CCN(CCCCCCN1CCN(CCCCCCN(CC)Cc2ccccc2OC)C1=O)Cc1ccccc1OC,HVQMCODVWMGXKV-UHFFFAOYSA-N,train
931,1884,DKVWATCLAJZDGY-UHFFFAOYSA-N,CCN(CCCCCCn1c(=O)c(=O)n(CCCCCCN(CC)Cc2ccccc2OC)c2ccccc21)Cc1ccccc1OC,WDHCJKQGINHUOE-UHFFFAOYSA-N,test
932,1885,RCSRPMHQFUUQRZ-UHFFFAOYSA-N,CCN(CCCCCCN1CC(=O)N(CCCCCCN(CC)Cc2ccccc2OC)CC1=O)Cc1ccccc1OC,RCLFUHIUOQTJOA-UHFFFAOYSA-N,test
933,1886,UVLGFHNNOKFLBK-UHFFFAOYSA-N,CCN(CCCCCCN1CCN(CCCCCCN(CC)Cc2ccccc2OC)C(=O)C1=O)Cc1ccccc1OC,HWDFWWGRLOONQW-UHFFFAOYSA-N,train
934,1887,LLTRKBUBECHOPI-UHFFFAOYSA-N,CCN(CCCCCC(=O)N1Cc2ccc3c4c(ccc(c24)C1)CN(C(=O)CCCCCN(CC)Cc1ccccc1OC)C3)Cc1ccccc1OC,GEKUZXXXYDSGHP-UHFFFAOYSA-N,train
935,1888,LUFIJPVBOMMOLK-AQOCXMLWSA-N,CCN(CCCCCC(=O)N[C@H]1CC[C@H](NC(=O)CCCCCN(CC)Cc2ccccc2OC)CC1)Cc1ccccc1OC,INXDBDQGBWBWPO-WXUXXXNLSA-N,train
936,1889,BBDGMRAXJHQKAS-HEVIKAOCSA-N,CCN(CCCCCC(=O)N[C@H]1CCCC[C@@H]1NC(=O)CCCCCN(CC)Cc1ccccc1OC)Cc1ccccc1OC,UIEZZUILADFUAR-KYJUHHDHSA-N,test
937,1890,BBDGMRAXJHQKAS-AQOUDTPCSA-N,CCN(CCCCCC(=O)N[C@H]1CCCC[C@H]1NC(=O)CCCCCN(CC)Cc1ccccc1OC)Cc1ccccc1OC,UIEZZUILADFUAR-RNPORBBMSA-N,test
938,1891,OBHYIKJNEIZSIH-UHFFFAOYSA-N,CCN(CCCCCC(=O)N1CCN(C(=O)CCCCCN(CC)Cc2ccccc2OC)CC1)Cc1ccccc1OC,RHDRNMKRKSLQTF-UHFFFAOYSA-N,test
939,1896,DXPIHMLIHBJICH-UHFFFAOYSA-N,CCN(CCCCCCN1C(=O)c2cccc3cccc(c23)C1=O)Cc1ccccc1OC,BOPBLYZHFOTQOO-UHFFFAOYSA-N,train
940,1902,QTEXQXLUTOICEV-UHFFFAOYSA-N,COc1ccc(C(=O)c2ccc(CN(C)Cc3ccccc3)cc2)cc1OC,GKXJDPQNEUIPCD-UHFFFAOYSA-N,train
941,1903,DPOLQHGQIDYDMV-UHFFFAOYSA-N,CCN(Cc1ccccc1)Cc1ccc(C(=O)c2ccc(OC)c(OC)c2)cc1,GKXJDPQNEUIPCD-UHFFFAOYSA-N,train
942,1904,RZOHJSQDLPUILR-UHFFFAOYSA-N,COc1ccc(C(=O)c2ccc(CN(CCO)Cc3ccccc3)cc2)cc1OC,GKXJDPQNEUIPCD-UHFFFAOYSA-N,train
943,1905,SZSKZDFELQPJIB-UHFFFAOYSA-N,COc1ccc(C(=O)c2ccc(CN(C)Cc3ccccc3)cc2)cc1F,GKXJDPQNEUIPCD-UHFFFAOYSA-N,train
944,1906,IVCCFUHRUFOLOP-UHFFFAOYSA-N,COc1ccc(C(=O)c2ccc(CN(C)Cc3cccc(C)c3)cc2)cc1OC,GKXJDPQNEUIPCD-UHFFFAOYSA-N,train
945,1907,WQQMJTPJWKIZIZ-UHFFFAOYSA-N,COc1ccc(C(=O)c2ccc(CN(C)Cc3ccccc3)cc2)cc1,GKXJDPQNEUIPCD-UHFFFAOYSA-N,train
946,1908,YLNYALYMIPJJMT-JXMROGBWSA-N,COc1ccc(C(=O)c2ccc(/C=C/CN(C)Cc3ccccc3)cc2)cc1OC,WHXOOXXOFDWFLD-JXMROGBWSA-N,test
947,1909,VNQCVFGDGAJHND-UHFFFAOYSA-N,COc1ccc(C(=O)c2ccc(CN(C)CCN(C)C)cc2)cc1OC,RWCCWEUUXYIKHB-UHFFFAOYSA-N,test
948,1910,RDCJYQBTRRZJDX-UHFFFAOYSA-N,COc1ccccc1CN(C)Cc1ccc(C(=O)c2ccc(OC)c(OC)c2)cc1,GKXJDPQNEUIPCD-UHFFFAOYSA-N,train
949,1911,QWQUTXMNDAXDHI-UHFFFAOYSA-N,COc1ccc(C(=O)c2ccc(CN(C)Cc3cccc([N+](=O)[O-])c3)cc2)cc1OC,GKXJDPQNEUIPCD-UHFFFAOYSA-N,train
950,1912,ZJYMHWZZRSPNMH-UHFFFAOYSA-N,COc1ccc(C(=O)c2ccc(CN(CCN(C)C)Cc3ccccc3)cc2)cc1OC,GKXJDPQNEUIPCD-UHFFFAOYSA-N,train
951,1918,ZNRGREFWBCWZAU-IBGZPJMESA-N,CCOC(=O)C1=C(C)Nc2nc3c(c(N)c2[C@H]1c1ccc(OC)cc1)CCCC3,PHZFCULPFNIUPO-OAHLLOKOSA-N,train
952,1920,JYCNMGJHVNKCCF-UHFFFAOYSA-N,CCOC(=O)C1=C(C)Nc2nc3c(c(N)c2C1c1ccncc1)CCCC3,JPQZIIHOPJZBDE-UHFFFAOYSA-N,train
953,1921,ONYCNUPACZTCCG-UHFFFAOYSA-N,CCOC(=O)C1=C(C)Nc2nc3c(c(N)c2C1c1cccnc1)CCCC3,PAJMAAKTQTUOKT-UHFFFAOYSA-N,test
954,1922,AAEYHJGXSUBKQJ-UHFFFAOYSA-N,CCOC(=O)C1=C(C)Nc2nc3c(c(N)c2C1c1ccc(OC)c(OC)c1)CCCC3,PHZFCULPFNIUPO-UHFFFAOYSA-N,train
955,1926,ZRWLPNPYQIGISH-UHFFFAOYSA-N,CCOC(=O)C1=C(C)Nc2nc3c(c(N)c2C1c1ccc(-c2ccccc2)cc1)CCCC3,NRBYMTNRRBVKNB-UHFFFAOYSA-N,test
956,1931,YPJRDGRZUYIHEH-UHFFFAOYSA-N,CCOC(=O)C1=C(C)Nc2nc3c(c(N)c2C1c1ccccc1C(F)(F)F)CCCC3,PHZFCULPFNIUPO-UHFFFAOYSA-N,train
957,1934,ZNRGREFWBCWZAU-LJQANCHMSA-N,CCOC(=O)C1=C(C)Nc2nc3c(c(N)c2[C@@H]1c1ccc(OC)cc1)CCCC3,PHZFCULPFNIUPO-HNNXBMFYSA-N,train
958,1936,MTAWKURMWOXCEO-UHFFFAOYSA-N,COc1ccc2c(=O)oc3c(OC)cc(CCN(C)C)c4c(=O)oc1c2c34,LTBJYPJFZDDCOG-UHFFFAOYSA-N,test
959,1939,LPEKEPLZQKHSPL-UHFFFAOYSA-N,Clc1ccc2c(NCCCNCCCOc3cccc4[nH]c5ccccc5c34)c3c(nc2c1)CCCC3,FNXUIRRQXYJKBW-UHFFFAOYSA-N,train
960,1941,CFVHUTNSNQLFIJ-UHFFFAOYSA-N,Clc1ccc2c(NCCCNCCCCCCOc3cccc4[nH]c5ccccc5c34)c3c(nc2c1)CCCC3,NQVFOJBHSPODOM-UHFFFAOYSA-N,test
961,1942,NFCKRAFHWQEUBC-UHFFFAOYSA-N,Clc1ccc2c(NCCCNCCCCCOc3cccc4[nH]c5ccccc5c34)c3c(nc2c1)CCCC3,HXNMQPICJQXWHW-UHFFFAOYSA-N,train
962,1943,CMKFVCOUPURYTM-UHFFFAOYSA-N,Clc1ccc2c(NCCCNCCCCOc3cccc4[nH]c5ccccc5c34)c3c(nc2c1)CCCC3,HSPJHIDTBHDKEQ-UHFFFAOYSA-N,train
963,1950,RPBZUFRIXGCULF-UHFFFAOYSA-N,Oc1cccc(C2=Nc3ccccc3SC(c3cccs3)C2)c1,ZTEYFKCVKUXXFR-UHFFFAOYSA-N,test
964,1952,FAMHVKGFXMORCI-UHFFFAOYSA-N,CC1(C)CC(=O)C2=C(C1)Nc1nc3c(c(N)c1C2c1ccccc1)CCCC3,MUWJXYXJPFUMHC-UHFFFAOYSA-N,train
965,1957,IJHGVZXPADVHCM-UHFFFAOYSA-N,CC1(C)CC(=O)C2=C(C1)Nc1nc3c(c(N)c1C2c1ccncc1)CCCC3,FZGXLGWKSSVIND-UHFFFAOYSA-N,train
966,1958,QTKZLZALZMVCJL-UHFFFAOYSA-N,COc1ccc(C2C3=C(CC(C)(C)CC3=O)Nc3nc4c(c(N)c32)CCCC4)cc1,MUWJXYXJPFUMHC-UHFFFAOYSA-N,train
967,1959,YHCILCVEQLWROP-UHFFFAOYSA-N,Cc1ccc(C2C3=C(CC(C)(C)CC3=O)Nc3nc4c(c(N)c32)CCCC4)cc1,MUWJXYXJPFUMHC-UHFFFAOYSA-N,train
968,1960,PSKJUZDQNUFRGS-UHFFFAOYSA-N,CC1(C)CC(=O)C2=C(C1)Nc1nc3c(c(N)c1C2c1ccc(F)cc1)CCCC3,MUWJXYXJPFUMHC-UHFFFAOYSA-N,train
969,1968,XPNGWXVMPJPEMO-UHFFFAOYSA-N,O=C(CCc1ccc2nc(-c3ccccc3)c3c(c2c1)OCCC3)NCCCCCCCCNc1c2c(nc3cc(Cl)ccc13)CCCC2,RVTAKIVGWWKWJK-UHFFFAOYSA-N,test
970,1969,WZSXQVUTYDCZRO-UHFFFAOYSA-N,O=C(CCc1ccc2nc(-c3ccccc3)c3c(c2c1)OCCC3)NCCCCCCCNc1c2c(nc3cc(Cl)ccc13)CCCC2,GYCRGXGRCCAPPT-UHFFFAOYSA-N,train
971,1970,KLGKWPHPNYLNFS-UHFFFAOYSA-N,O=C(CCc1ccc2nc(-c3ccccc3)c3c(c2c1)OCCC3)NCCCCCCNc1c2c(nc3cc(Cl)ccc13)CCCC2,AGQTUPBLVLPGIW-UHFFFAOYSA-N,train
972,1971,ORGUKHCERGONJS-UHFFFAOYSA-N,O=C(CCc1ccc2nc(-c3ccccc3)c3c(c2c1)OCCC3)NCCCCCNc1c2c(nc3cc(Cl)ccc13)CCCC2,PVFISWJLOVZWCE-UHFFFAOYSA-N,test
973,1972,ISVMYZOITFYUKN-UHFFFAOYSA-N,O=C(CCc1ccc2nc(-c3ccccc3)c3c(c2c1)OCCC3)NCCCCNc1c2c(nc3cc(Cl)ccc13)CCCC2,AAWHBYRLSMVMPT-UHFFFAOYSA-N,train
974,1973,GLBUKRYFJCLYRW-UHFFFAOYSA-N,O=C(NCCCCCCCCCCNc1c2c(nc3cc(Cl)ccc13)CCCC2)c1ccc2nc(-c3ccc(Cl)cc3)c3c(c2c1)OCCC3,RPANZTOPYPDHPI-UHFFFAOYSA-N,test
975,1974,DYQPWUWERYOCLA-UHFFFAOYSA-N,O=C(NCCCCCCCCCNc1c2c(nc3cc(Cl)ccc13)CCCC2)c1ccc2nc(-c3ccc(Cl)cc3)c3c(c2c1)OCCC3,YRSDKEGUOVVYAU-UHFFFAOYSA-N,test
976,1975,RJZPCUVMLZBWGD-UHFFFAOYSA-N,O=C(NCCCCCCCCNc1c2c(nc3cc(Cl)ccc13)CCCC2)c1ccc2nc(-c3ccc(Cl)cc3)c3c(c2c1)OCCC3,DDPFTYYIULVSQO-UHFFFAOYSA-N,train
977,1976,SYACMZGTAWHUQF-UHFFFAOYSA-N,O=C(NCCCCCCCNc1c2c(nc3cc(Cl)ccc13)CCCC2)c1ccc2nc(-c3ccc(Cl)cc3)c3c(c2c1)OCCC3,HCINEXNSUBFADG-UHFFFAOYSA-N,train
978,1977,WKWQTNVUORLIAM-UHFFFAOYSA-N,O=C(NCCCCCCNc1c2c(nc3cc(Cl)ccc13)CCCC2)c1ccc2nc(-c3ccc(Cl)cc3)c3c(c2c1)OCCC3,JSOGOOOZEGOQGP-UHFFFAOYSA-N,train
979,1984,XVOJAMVHTPQUCR-MEKGRNQZSA-N,CCN(CCCCCCNC1=CC(=O)C(NCCCCCCN(CC)[C@@H](C)c2ccccc2OC)=CC1=O)[C@H](C)c1ccccc1OC,BWDSTVFADYFLHE-UHFFFAOYSA-N,train
980,1992,CCSDPCGLZHBBMS-UHFFFAOYSA-N,CCC1=CC2Cc3nc4cc(OC)c(OC)cc4c(N)c3C(C1)C2,BZFWBAOVKAGSFN-UHFFFAOYSA-N,train
981,1993,YWAVTBJTHDTHKT-UHFFFAOYSA-N,CCC1=CC2Cc3nc4ncccc4c(N)c3C(C1)C2,VWVGOALUEAHFJV-UHFFFAOYSA-N,train
982,1994,UOQUCRDUEDCZKN-UHFFFAOYSA-N,CCC1=CC2Cc3nc4cnccc4c(N)c3C(C1)C2,LBCGLABVABNEMP-UHFFFAOYSA-N,test
983,1995,DWHARBCKHSTAMC-UHFFFAOYSA-N,CC1=CC2Cc3nc4oc(C)c(C)c4c(N)c3C(C1)C2,MVOAMTJWCFCFIN-UHFFFAOYSA-N,train
984,1996,UGAUTTFBNQGETK-UHFFFAOYSA-N,CCC1=CC2Cc3nc4oc(C)c(C)c4c(N)c3C(C1)C2,MVOAMTJWCFCFIN-UHFFFAOYSA-N,train
985,2000,AAWCGROUIUANBA-UHFFFAOYSA-N,CCCSc1nc2nc3c(c(N)c2s1)C1CC(C)=CC(C3)C1,BNFDZLOQSFVVEC-UHFFFAOYSA-N,train
986,2001,WFTCUZBQYUOPNQ-UHFFFAOYSA-N,CCCSc1nc2nc3c(c(N)c2s1)C1CC(CC)=CC(C3)C1,BNFDZLOQSFVVEC-UHFFFAOYSA-N,train
987,2004,DAJXAQSGQWQMMX-UHFFFAOYSA-N,CC1=CC2Cc3nc4cc(Cl)ccc4c(NC(=O)CCl)c3C(C1)C2,BZFWBAOVKAGSFN-UHFFFAOYSA-N,train
988,2008,DYEVLJICQPJCQW-UHFFFAOYSA-N,CC1=CC2Cc3nc4cc(Cl)ccc4c(NCCO)c3C(C1)C2,BZFWBAOVKAGSFN-UHFFFAOYSA-N,train
989,2009,SYDCSACHOOPYMT-UHFFFAOYSA-N,CCC1=CC2Cc3nc4cc(Cl)ccc4c(NCCO)c3C(C1)C2,BZFWBAOVKAGSFN-UHFFFAOYSA-N,train
990,2010,NIXAQILCMCHTLA-UHFFFAOYSA-N,CC1=CC2Cc3nc4cc(Cl)ccc4c(NCCCl)c3C(C1)C2,BZFWBAOVKAGSFN-UHFFFAOYSA-N,train
991,2011,IRXMRJWMAGHOQR-UHFFFAOYSA-N,CC1=CC2Cc3nc4cc(Cl)ccc4c(NCCN=[N+]=[N-])c3C(C1)C2,BZFWBAOVKAGSFN-UHFFFAOYSA-N,train
992,2012,HQUSYPKQXVWTEX-UHFFFAOYSA-N,CCC1=CC2Cc3nc4cc(Cl)ccc4c(NCCN=[N+]=[N-])c3C(C1)C2,BZFWBAOVKAGSFN-UHFFFAOYSA-N,train
993,2013,YGJVNJHITFLVDP-UHFFFAOYSA-N,CC1=CC2Cc3nc4ncccc4c(N)c3C(C1)C2,VWVGOALUEAHFJV-UHFFFAOYSA-N,train
994,2014,DRYDFCTXPZWATR-UHFFFAOYSA-N,CCC1=CC2Cc3nc4cc(Cl)ccc4c(NCCn4cc(CCCCCCN5CCc6cc(OC)c(OC)cc6C5c5cccc([N+](=O)[O-])c5)nn4)c3C(C1)C2,MVFNAHUSKVHVBL-UHFFFAOYSA-N,train
995,2015,KMVDTWJIMOFUSQ-UHFFFAOYSA-N,COc1cc2c(cc1OC)C(c1cccc([N+](=O)[O-])c1)N(CCCCCCc1cn(CCNc3c4c(nc5cc(Cl)ccc35)CC3C=C(C)CC4C3)nn1)CC2,MVFNAHUSKVHVBL-UHFFFAOYSA-N,train
996,2016,ZHUAQKVCAFDYCY-UHFFFAOYSA-N,C#CCCCCCCN1CCc2cc(OC)c(OC)cc2C1c1ccc([N+](=O)[O-])cc1,PRTRSEDVLBBFJZ-UHFFFAOYSA-N,train
997,2017,XHLWPOGRJJEMBA-UHFFFAOYSA-N,C#CCCCCCCN1CCc2cc(OC)c(OC)cc2C1c1cccc([N+](=O)[O-])c1,PRTRSEDVLBBFJZ-UHFFFAOYSA-N,train
998,2018,NDRNIFSBRLCSCZ-OCAPTIKFSA-N,C[C@@H]1CCC[C@H](C)N1S(C)(=O)=O,NQRYJNQNLNOLGT-UHFFFAOYSA-N,test
999,2019,JINDARNDFYFWDT-TXEJJXNPSA-N,C[C@@H]1CCC[C@H](C)N1S(=O)(=O)c1ccccc1,VRYWBMTXKFQBCA-UHFFFAOYSA-N,train
1000,2020,XZYRAPQLDBVPJJ-BETUJISGSA-N,Cc1ccc(S(=O)(=O)N2[C@H](C)CCC[C@@H]2C)cc1,VRYWBMTXKFQBCA-UHFFFAOYSA-N,train
1001,2021,HOUVPLOZMHLJPB-OKILXGFUSA-N,C[C@@H]1CCC[C@H](C)N1S(=O)(=O)c1ccc(C(C)(C)C)cc1,VRYWBMTXKFQBCA-UHFFFAOYSA-N,train
1002,2022,HIWROFGCKQGFKO-PHIMTYICSA-N,C[C@@H]1CCC[C@H](C)N1S(=O)(=O)c1ccc(Cl)cc1,VRYWBMTXKFQBCA-UHFFFAOYSA-N,train
1003,2023,AJPTYRJZJJWEKE-AOOOYVTPSA-N,C[C@@H]1CCC[C@H](C)N1S(=O)(=O)c1cc(Cl)ccc1Cl,VRYWBMTXKFQBCA-UHFFFAOYSA-N,train
1004,2024,WAZIUDLZVPYNJC-PHIMTYICSA-N,C[C@@H]1CCC[C@H](C)N1S(=O)(=O)c1ccccc1[N+](=O)[O-],VRYWBMTXKFQBCA-UHFFFAOYSA-N,train
1005,2025,IYTYUVFVDHIBBD-PHIMTYICSA-N,C[C@@H]1CCC[C@H](C)N1S(=O)(=O)c1cccc([N+](=O)[O-])c1,VRYWBMTXKFQBCA-UHFFFAOYSA-N,train
1006,2026,VINZAEQAZWVGHS-PHIMTYICSA-N,C[C@@H]1CCC[C@H](C)N1S(=O)(=O)c1ccc([N+](=O)[O-])cc1,VRYWBMTXKFQBCA-UHFFFAOYSA-N,train
1007,2030,DMQUTDCZMKIKEE-UHFFFAOYSA-N,CCN(CCCCCCNC1=CC(=O)C(NCCCCCCNC(=O)CCCCC2CCSS2)=CC1=O)Cc1ccccc1OC,FGUBIFBCUVCQNS-UHFFFAOYSA-N,train
1008,2031,WUQZNYSVERYXKI-UHFFFAOYSA-N,CCN(CCCCCCNC1=CC(=O)C(NCCCNC(=O)CCCCC2CCSS2)=CC1=O)Cc1ccccc1OC,XKFREQBQWSPHAV-UHFFFAOYSA-N,test
1009,2032,BLZFNCXLVXSHTJ-UHFFFAOYSA-N,CCN(CCCNC1=CC(=O)C(NCCCCCCNC(=O)CCCCC2CCSS2)=CC1=O)Cc1ccccc1OC,MKBDTZUFCAKILN-UHFFFAOYSA-N,test
1010,2033,YZOGNKSLEXJYLX-UHFFFAOYSA-N,CCN(CCCNC1=CC(=O)C(NCCCNC(=O)CCCCC2CCSS2)=CC1=O)Cc1ccccc1OC,DWTMGIXXVYXICU-UHFFFAOYSA-N,train
1011,2035,JIMPGPISVDHAIE-PTLVVNQVSA-N,COc1ccc2c3c1O[C@H]1C[C@@H](O)C=C[C@@]31CCN(CCCN1CCCCC1)C2,PFPVREZQKIPQDX-GMAHTHKFSA-N,test
1012,2036,SUFMWEXOZBWNLL-BDZGNEFQSA-N,COc1ccc2c3c1O[C@H]1C[C@@H](O)C=C[C@@]31CCN(CCCCCCCCN1C(=O)c3ccccc3S1(=O)=O)C2,QZIPJERAEIZSLS-FIBWVYCGSA-N,test
1013,2039,IBNHPFJFQUFNTI-UHFFFAOYSA-N,CCc1c(C(=O)NCCCCCCCNc2c3c(nc4ccccc24)CCCC3)nc(-c2ccccc2Cl)n1-c1ccc(Cl)cc1,JIZHIZADWNBANY-UHFFFAOYSA-N,train
1014,2040,REGUYCWTBDAZDP-UHFFFAOYSA-N,O=S(=O)(/N=C(\NCCCCCCCNc1c2c(nc3ccccc13)CCCC2)N1CC(c2ccccc2)C(c2ccc(Cl)cc2)=N1)c1ccc(Cl)cc1,ZUNZJKJIEFOIOH-UHFFFAOYSA-N,test
1015,2041,STWYWUGMZLRNAY-UHFFFAOYSA-N,CCc1c(C(=O)NCCCCNc2c3c(nc4ccccc24)CCCC3)nc(-c2ccccc2Cl)n1-c1ccc(Cl)cc1,QKUKZQWITZMFJH-UHFFFAOYSA-N,test
1016,2042,DFQGASIMGBFSOR-UHFFFAOYSA-N,O=S(=O)(/N=C(\NCCCCNc1c2c(nc3ccccc13)CCCC2)N1CC(c2ccccc2)C(c2ccc(Cl)cc2)=N1)c1ccc(Cl)cc1,ZZEMHDCXJZUSTL-UHFFFAOYSA-N,test
1017,2044,IYHMNZGACVVNKT-UVBCFPOWSA-N,C/C=C1\[C@H]2C=C(C)C[C@]1(/N=C/c1ccc(O)c(OC)c1)c1ccc(=O)[nH]c1C2,YLCVWWQFUWRBFQ-JLQXUIMWSA-N,train
1018,2045,CMHPUUGPQOSPGZ-GLZCYVEJSA-N,C/C=C1\[C@H]2C=C(C)C[C@]1(/N=C/c1ccc(N(C)C)cc1)c1ccc(=O)[nH]c1C2,YLCVWWQFUWRBFQ-JLQXUIMWSA-N,train
1019,2046,NQSMOKKBRJAZEE-SWQFTIPASA-N,C/C=C1\[C@H]2C=C(C)C[C@]1(/N=C/c1ccc(OC)cc1)c1ccc(=O)[nH]c1C2,YLCVWWQFUWRBFQ-JLQXUIMWSA-N,train
1020,2047,FBKUHDVEHQJBHC-GHYQWDPLSA-N,C/C=C1\[C@H]2C=C(C)C[C@]1(/N=C/c1ccc(O)c(OCC)c1)c1ccc(=O)[nH]c1C2,YLCVWWQFUWRBFQ-JLQXUIMWSA-N,train
1021,2048,LONUDFBKFFIIBJ-GACPZTKFSA-N,C/C=C1\[C@H]2C=C(C)C[C@]1(/N=C/c1cc(OC)cc(OC)c1)c1ccc(=O)[nH]c1C2,YLCVWWQFUWRBFQ-JLQXUIMWSA-N,train
1022,2049,QWYGFYWIRGDLOI-TWDZHTALSA-N,C/C=C1\[C@H]2C=C(C)C[C@]1(/N=C/c1ccc(OC)cc1OC)c1ccc(=O)[nH]c1C2,YLCVWWQFUWRBFQ-JLQXUIMWSA-N,train
1023,2050,LPKDSVJIZOGWMR-FWVVDGPASA-N,C/C=C1\[C@H]2C=C(C)C[C@]1(/N=C/c1ccc(C#N)cc1)c1ccc(=O)[nH]c1C2,YLCVWWQFUWRBFQ-JLQXUIMWSA-N,train
1024,2051,IPRCLNDYSXEAEP-BPMVUICESA-N,C/C=C1\[C@H]2C=C(C)C[C@]1(/N=C/C=C/c1ccccc1)c1ccc(=O)[nH]c1C2,FGUGVXFFERMMID-ONNCBLDTSA-N,train
1025,2052,FAVYHMTUHOXNAF-SMNGAJCCSA-N,C/C=C1\[C@H]2C=C(C)C[C@]1(/N=C/C(=C/c1ccccc1)CCCCC)c1ccc(=O)[nH]c1C2,FGUGVXFFERMMID-ONNCBLDTSA-N,train
1026,2053,UPNJKBJOFORQKA-ZAKCZKPSSA-N,C/C=C1\[C@H]2C=C(C)C[C@]1(/N=C/C(C)=C/c1ccccc1)c1ccc(=O)[nH]c1C2,FGUGVXFFERMMID-ONNCBLDTSA-N,train
1027,2054,KBIJRURQBDTZPS-CXSAASKISA-N,C/C=C1\[C@H]2C=C(C)C[C@]1(/N=C/C=C/c1ccc(N(C)C)cc1)c1ccc(=O)[nH]c1C2,FGUGVXFFERMMID-ONNCBLDTSA-N,train
1028,2055,ZQFPPNIMVJIVRI-QECMQFKJSA-M,C/C=C1\[C@H]2C=C(C)C[C@]1(/N=C/c1ccccc1OS(=O)(=O)[O-])c1ccc(=O)[nH]c1C2,YLCVWWQFUWRBFQ-JLQXUIMWSA-N,train
1029,2056,LKYZDGCATYBVIF-WIHQUOJNSA-N,C=CCOc1ccc(/C=N/[C@@]23CC(C)=C[C@@H](Cc4[nH]c(=O)ccc42)/C3=C\C)cc1,YLCVWWQFUWRBFQ-JLQXUIMWSA-N,train
1030,2059,JBANMOPKOHITOL-ZIDLFYJRSA-N,CO[P@@]1(=O)CC[C@H]2COC(=O)C2=C(C)O1,UREVBHDPQHAWDN-YFKPBYRVSA-N,test
1031,2062,DACCJWKHNMNUQB-IZHWHUGBSA-N,COC(=O)C1=C(C)O[P@](=O)(OC)CC[C@H]1COCc1ccccc1,ZCEGOFUHMHYYKP-ZDUSSCGKSA-N,test
1032,2063,GYEHUGPUFOMJON-UHFFFAOYSA-N,COC(=O)C1=C(C)OP(=O)(OC)CCC1,FGAWVKNKFZRACR-UHFFFAOYSA-N,train
1033,2065,ZTQBDHNTLRKOMZ-UHFFFAOYSA-N,COC(=O)C1=C(C)OP(=O)(OC)CC1,ZHUSPZUMDMLPJJ-UHFFFAOYSA-N,test
1034,2068,MUCZHBLJLSDCSD-UHFFFAOYSA-N,CC(C)OP(=O)(F)OC(C)C,__NO_SCAFFOLD__,train
1035,2069,OMPQJMDGDAAXPE-NPMWZIQKSA-N,CO[P@]1(=O)OC[C@H]2COC(=O)C2=C(C)O1,HNDCEIZRFNIZKS-SCSAIBSYSA-N,train
1036,2070,YEUHJVFRRWHHMS-INKHBPHZSA-N,CN(Cc1ccccc1)Cc1ccc(/C=C2\CCc3cc(OCCCCCN4CCCCC4)ccc3C2=O)cc1,ISRHGZSHTXDBCW-FEZSWGLMSA-N,train
1037,2071,AQOBTKMEQOANSS-FEZSWGLMSA-N,CCN(CC)CCCCCOc1ccc2c(c1)CC/C(=C\c1ccc(CN(C)Cc3ccccc3)cc1)C2=O,QODGEVYNCJFDSD-XQNSMLJCSA-N,train
1038,2072,FAQJAADRJNDSJQ-BUVRLJJBSA-N,COc1cc2c(cc1OC)C(=O)/C(=C/c1ccc(CN(C)Cc3ccccc3)cc1)CC2,QODGEVYNCJFDSD-XQNSMLJCSA-N,train
1039,2073,QBFDDDOIPJMHCU-LFVJCYFKSA-N,COc1ccc2c(c1)C(=O)/C(=C/c1ccc(CN(C)Cc3ccccc3)cc1)CC2,QODGEVYNCJFDSD-XQNSMLJCSA-N,train
1040,2074,LBTQKBBDVONGGY-LFVJCYFKSA-N,COc1ccc2c(c1)CC/C(=C\c1ccc(CN(C)Cc3ccccc3)cc1)C2=O,QODGEVYNCJFDSD-XQNSMLJCSA-N,train
1041,2075,JVWBHMCLFOYJGN-IWBSIUBASA-N,CCN(CC)CCCCCCCOc1ccc2c(c1)C(=O)/C(=C/c1ccc(CN(C)Cc3ccccc3)cc1)C2,IHMCPZVTIHATBD-HYARGMPZSA-N,train
1042,2076,XZXLYGGNQBZOND-AWSUPERCSA-N,CCN(CC)CCCCCCOc1ccc2c(c1)C(=O)/C(=C/c1ccc(CN(C)Cc3ccccc3)cc1)C2,IHMCPZVTIHATBD-HYARGMPZSA-N,train
1043,2077,MUBGEWUJBWWEGW-AWSUPERCSA-N,CN(Cc1ccccc1)Cc1ccc(/C=C2\Cc3ccc(OCCCCCN4CCCCC4)cc3C2=O)cc1,XYSHEKSGIOGNMC-DFKUXCBWSA-N,test
1044,2078,BHEFQVICVNMJDR-DFKUXCBWSA-N,CCN(CC)CCCCCOc1ccc2c(c1)C(=O)/C(=C/c1ccc(CN(C)Cc3ccccc3)cc1)C2,IHMCPZVTIHATBD-HYARGMPZSA-N,train
1045,2079,ZZRZJQCUHYDGJB-DFKUXCBWSA-N,CN(Cc1ccccc1)Cc1ccc(/C=C2\Cc3ccc(OCCCCN4CCCCC4)cc3C2=O)cc1,RBZMHPHLDPBECL-MWAVMZGNSA-N,test
1046,2080,KXGKXFKSSKOSEP-MWAVMZGNSA-N,CN(Cc1ccccc1)Cc1ccc(/C=C2\Cc3ccc(OCCCCN4CCOCC4)cc3C2=O)cc1,RTVVBGHSMVVVKR-ZTKZIYFRSA-N,test
1047,2081,RZMDKGRCDDUXCM-MWAVMZGNSA-N,CCN(CC)CCCCOc1ccc2c(c1)C(=O)/C(=C/c1ccc(CN(C)Cc3ccccc3)cc1)C2,IHMCPZVTIHATBD-HYARGMPZSA-N,train
1048,2082,GQLKHPYCDIKTKU-ZTKZIYFRSA-N,CCN(CC)CCCOc1ccc2c(c1)C(=O)/C(=C/c1ccc(CN(C)Cc3ccccc3)cc1)C2,IHMCPZVTIHATBD-HYARGMPZSA-N,train
1049,2083,WXNORWJOEPIWAI-TURZUDJPSA-N,CCN(CC)CCOc1ccc2c(c1)C(=O)/C(=C/c1ccc(CN(C)Cc3ccccc3)cc1)C2,IHMCPZVTIHATBD-HYARGMPZSA-N,train
1050,2084,ONIWMBSARCTFME-MWAVMZGNSA-N,CCN(CC)CCCCOc1ccc2c(c1)C/C(=C\c1ccc(CN(C)Cc3ccccc3)cc1)C2=O,IHMCPZVTIHATBD-HYARGMPZSA-N,train
1051,2085,XWFKKILSJAOZHO-ZTKZIYFRSA-N,CCN(CC)CCCOc1ccc2c(c1)C/C(=C\c1ccc(CN(C)Cc3ccccc3)cc1)C2=O,IHMCPZVTIHATBD-HYARGMPZSA-N,train
1052,2086,KOYSVHXYWHCRDJ-TURZUDJPSA-N,CCN(CC)CCOc1ccc2c(c1)C/C(=C\c1ccc(CN(C)Cc3ccccc3)cc1)C2=O,IHMCPZVTIHATBD-HYARGMPZSA-N,train
1053,2088,BQLCRHJSCGEICV-BUVRLJJBSA-N,CCN(Cc1ccccc1)Cc1ccc(/C=C2\Cc3ccc(OC)cc3C2=O)cc1,IHMCPZVTIHATBD-HYARGMPZSA-N,train
1054,2089,HKUGGLLNRGRLLR-OEAKJJBVSA-N,COc1ccc2c(c1)C(=O)/C(=C/c1ccc(CN(C)Cc3ccccc3)cc1)C2,IHMCPZVTIHATBD-HYARGMPZSA-N,train
1055,2091,MXNMLTUEKPHQAW-YDZHTSKRSA-N,COc1cc2c(cc1OC)C(=O)/C(=C/c1ccc(CN(C)Cc3ccccc3)cc1)C2,IHMCPZVTIHATBD-HYARGMPZSA-N,train
1056,2101,XJMUBKVBGNJFRH-UHFFFAOYSA-N,c1cc[n+](CCCCCCCCC[n+]2ccccc2)cc1,XJMUBKVBGNJFRH-UHFFFAOYSA-N,train
1057,2102,UONDTBVSZIDJKA-UHFFFAOYSA-N,c1cc[n+](CCCCCCCCCC[n+]2ccccc2)cc1,UONDTBVSZIDJKA-UHFFFAOYSA-N,train
1058,2103,RMHVLBGFZUPBFB-UHFFFAOYSA-N,c1cc[n+](CCCCCCCCCCC[n+]2ccccc2)cc1,RMHVLBGFZUPBFB-UHFFFAOYSA-N,train
1059,2111,JEZXOBKWCWPNSS-UHFFFAOYSA-N,c1cc[n+](Cc2ccc3ccc(C[n+]4ccccc4)cc3c2)cc1,JEZXOBKWCWPNSS-UHFFFAOYSA-N,train
1060,2112,MZBCWMLDVRAXQY-SANMLTNESA-N,CCCCCCOC(=O)[C@H](CCC(=O)NCCC1CCN(Cc2ccccc2)CC1)NC(=O)OC(C)(C)C,NZVZVGPYTICZBZ-UHFFFAOYSA-N,train
1061,2113,MHODVJVESFLWQL-PMERELPUSA-N,CCCCCCOC(=O)[C@H](CCC(=O)NCCC1CCN(Cc2ccccc2)CC1)NC(=O)OCc1ccccc1,XUCUYSNLGRYWHL-UHFFFAOYSA-N,test
1062,2114,IZQYFZRXSFVMFI-HKBQPEDESA-N,CCCCCCOC(=O)[C@H](CCC(=O)NCCC1CCN(Cc2ccccc2)CC1)NC(=O)Cc1cc2ccc(Cl)cc2s1,HSDRUHGSKQONEV-UHFFFAOYSA-N,train
1063,2115,XFEJPTLRXOZZDA-LJAQVGFWSA-N,CCCCCCOC(=O)[C@H](CCC(=O)NCCC1CCN(Cc2ccccc2)CC1)NC(=O)c1ccccc1,DWNXVVDXAPWOOG-UHFFFAOYSA-N,train
1064,2116,OCZMNYKUZZMGJF-SANMLTNESA-N,CCCCCCOC(=O)[C@H](CCC(=O)NCCC1CCN(Cc2ccccc2)CC1)NC(=O)c1cccs1,IVKKKQOFNSTSIZ-UHFFFAOYSA-N,train
1065,2117,RRISCGLVYBLGLP-SANMLTNESA-N,CCCCCCOC(=O)[C@H](CCC(=O)NCCC1CCN(Cc2ccccc2)CC1)NC(=O)c1cc(Br)cs1,IVKKKQOFNSTSIZ-UHFFFAOYSA-N,train
1066,2118,SDWSXUZGRDKRFJ-LJAQVGFWSA-N,CCCCCCOC(=O)[C@H](CCC(=O)NCCC1CCN(Cc2ccccc2)CC1)NC(=O)c1cc2ccccc2s1,PETLIYIMNMNVTM-UHFFFAOYSA-N,test
1067,2119,QRZGIZWNQIUSQZ-NDEPHWFRSA-N,CCCCCCOC(=O)[C@H](CCC(=O)NCCC1CCN(Cc2ccccc2)CC1)NC(=O)c1cc2cccnc2s1,WZFNJDWCRYFFMB-UHFFFAOYSA-N,test
1068,2120,ONGQTEYIIKGJGV-MHZLTWQESA-N,CCCCCCOC(=O)[C@H](CCC(=O)NCCC1CCN(Cc2ccccc2)CC1)NC(=O)c1cc2ccsc2s1,HVOQIFAVBGXVKS-UHFFFAOYSA-N,train
1069,2123,KTSROZJJBCCRGO-UHFFFAOYSA-N,CCOC(=O)c1cc2c(N)c3c(nc2nc1C)CCCCC3,HEVBNUPYWLJPGT-UHFFFAOYSA-N,train
1070,2124,BMMDNFSOYOPLJH-UHFFFAOYSA-N,COC(=O)c1cc2c(N)c3c(nc2nc1C)CCCCC3,HEVBNUPYWLJPGT-UHFFFAOYSA-N,train
1071,2125,LQZDBOQHVFTGOE-UHFFFAOYSA-N,CCOC(=O)c1cc2c(N)c3c(nc2nc1C)CCCCCC3,WDGQGLWXVMWOHB-UHFFFAOYSA-N,train
1072,2126,KEQYWVWFPKVEHO-UHFFFAOYSA-N,CCOC(=O)c1cc2c(N)c3c(nc2nc1C)CCC3,XWNBLHIYRXEHPR-UHFFFAOYSA-N,train
1073,2127,MJNRKJNEVQCSGU-UHFFFAOYSA-N,COC(=O)c1cc2c(N)c3c(nc2nc1C)CCCCCC3,WDGQGLWXVMWOHB-UHFFFAOYSA-N,train
1074,2128,MQPBTVIMKAUQQC-UHFFFAOYSA-N,COC(=O)c1cc2c(N)c3c(nc2nc1C)CCC3,XWNBLHIYRXEHPR-UHFFFAOYSA-N,train
1075,2129,FQFLQQWHOCNXQY-UHFFFAOYSA-N,COC(=O)c1cc2c(N)c3c(nc2nc1C)CCCC3,PFGHYWVBZDJZPM-UHFFFAOYSA-N,train
1076,2130,XGQUEKANWWMGAJ-UHFFFAOYSA-N,CCOC(=O)c1cc2c(N)c3c(nc2nc1C)CCCC3,PFGHYWVBZDJZPM-UHFFFAOYSA-N,train
1077,2135,JVTBQWWKNGNYAV-UHFFFAOYSA-N,Cc1cccc2n1cc(-c1ccc(OC(=O)N(C)C)cc1)[n+]2C,KDHWCFCNNGUJCP-UHFFFAOYSA-O,train
1078,2137,GGZJKOWOYJBDAW-UHFFFAOYSA-N,CN(C)C(=O)Oc1ccc(-c2cn3c(C(F)(F)F)cccc3[n+]2C)cc1,KDHWCFCNNGUJCP-UHFFFAOYSA-O,train
1079,2138,NRURFBIGISKRGS-UHFFFAOYSA-N,COc1cccc2n1cc(-c1ccc(OC(=O)N(C)C)cc1)[n+]2C,KDHWCFCNNGUJCP-UHFFFAOYSA-O,train
1080,2139,CRBCYWRXPNLTSR-UHFFFAOYSA-O,CN(C)C(=O)Oc1ccc(-c2cn3c(NC=O)cccc3[n+]2C)cc1,KDHWCFCNNGUJCP-UHFFFAOYSA-O,train
1081,2140,BJELFHYWVLRPQI-UHFFFAOYSA-O,CC(=O)Nc1cccc2n1cc(-c1ccc(OC(=O)N(C)C)cc1)[n+]2C,KDHWCFCNNGUJCP-UHFFFAOYSA-O,train
1082,2142,ILWJGIVYOJVMLT-UHFFFAOYSA-O,CN(C)C(=O)Oc1ccc(-c2cn3c(NC(=O)c4ccccc4)cccc3[n+]2C)cc1,KGBBKWJISGJVCN-UHFFFAOYSA-O,train
1083,2143,PNCBMWYLTVOWNX-UHFFFAOYSA-O,CNC(=O)Nc1cccc2n1cc(-c1ccc(OC(=O)N(C)C)cc1)[n+]2C,KDHWCFCNNGUJCP-UHFFFAOYSA-O,train
1084,2144,DZGCJIXUSTYSDL-UHFFFAOYSA-O,COC(=O)Nc1cccc2n1cc(-c1ccc(OC(=O)N(C)C)cc1)[n+]2C,KDHWCFCNNGUJCP-UHFFFAOYSA-O,train
1085,2145,DISUNGYVPYEJON-UHFFFAOYSA-O,CN(C)C(=O)Nc1cccc2n1cc(-c1ccc(OC(=O)N(C)C)cc1)[n+]2C,KDHWCFCNNGUJCP-UHFFFAOYSA-O,train
1086,2147,NUSGVSVVGGSTSU-UHFFFAOYSA-O,CNC(=O)Oc1ccc(-c2cn3c(C)cccc3[n+]2C)cc1,KDHWCFCNNGUJCP-UHFFFAOYSA-O,train
1087,2148,LVCZZDYFTPYKNU-UHFFFAOYSA-O,CNC(=O)Oc1ccc(-c2cn3c(NC(C)=O)cccc3[n+]2C)cc1,KDHWCFCNNGUJCP-UHFFFAOYSA-O,train
1088,2149,MOQXQSLPEWYHMC-UHFFFAOYSA-N,CN(C)C(=O)Oc1cccc(-c2cn3ccccc3[n+]2C)c1,KDHWCFCNNGUJCP-UHFFFAOYSA-O,train
1089,2154,BSXYNWXJSDYDGT-UHFFFAOYSA-O,CC(=O)Nc1cccc2n1cc(-c1cccc(OC(=O)N(C)C)c1)[n+]2C,KDHWCFCNNGUJCP-UHFFFAOYSA-O,train
1090,2155,HPADOMZRWJVWQN-UHFFFAOYSA-O,CNC(=O)Oc1cccc(-c2cn3ccccc3[n+]2C)c1,KDHWCFCNNGUJCP-UHFFFAOYSA-O,train
1091,2156,HYLFKWSJNHUCHY-UHFFFAOYSA-O,CNC(=O)Oc1cccc(-c2cn3c(NC(C)=O)cccc3[n+]2C)c1,KDHWCFCNNGUJCP-UHFFFAOYSA-O,train
1092,2158,ITNOFEOARUBFAI-UHFFFAOYSA-O,C[n+]1c(-c2ccccc2)cn2cc(C(N)=O)ccc21,KDHWCFCNNGUJCP-UHFFFAOYSA-O,train
1093,2160,RTDPVOSMBHIAJV-UHFFFAOYSA-N,O=C(CCC1CCN(Cc2ccccc2)CC1)c1ccc2c(c1)CCN2,RTDPVOSMBHIAJV-UHFFFAOYSA-N,train
1094,2161,VUEKQQFQMBNDTO-UHFFFAOYSA-N,CN1CCc2cc(C(=O)CCC3CCN(Cc4ccccc4)CC3)ccc21,RTDPVOSMBHIAJV-UHFFFAOYSA-N,train
1095,2162,RQRWFALEMPRRCW-UHFFFAOYSA-N,CCN1CCc2cc(C(=O)CCC3CCN(Cc4ccccc4)CC3)ccc21,RTDPVOSMBHIAJV-UHFFFAOYSA-N,train
1096,2163,VCGNGVUFQSTPML-UHFFFAOYSA-N,CCCN1CCc2cc(C(=O)CCC3CCN(Cc4ccccc4)CC3)ccc21,RTDPVOSMBHIAJV-UHFFFAOYSA-N,train
1097,2164,OXEYNPROGKVXDG-UHFFFAOYSA-N,CCCCN1CCc2cc(C(=O)CCC3CCN(Cc4ccccc4)CC3)ccc21,RTDPVOSMBHIAJV-UHFFFAOYSA-N,train
1098,2165,GDTZPIJTUNXMBK-UHFFFAOYSA-N,CCCCCN1CCc2cc(C(=O)CCC3CCN(Cc4ccccc4)CC3)ccc21,RTDPVOSMBHIAJV-UHFFFAOYSA-N,train
1099,2166,WWEBTCRGCHRYFS-UHFFFAOYSA-N,O=C(CCC1CCN(Cc2ccccc2)CC1)c1ccc2c(c1)CCN2c1ccccc1,WWEBTCRGCHRYFS-UHFFFAOYSA-N,test
1100,2167,WYTBKZXENKAXMI-UHFFFAOYSA-N,COc1ccccc1CN1CCC(CCC(=O)c2ccc3c(c2)CCN3)CC1,RTDPVOSMBHIAJV-UHFFFAOYSA-N,train
1101,2168,OQUGQBUZOCXPCA-UHFFFAOYSA-N,COc1cccc(CN2CCC(CCC(=O)c3ccc4c(c3)CCN4)CC2)c1,RTDPVOSMBHIAJV-UHFFFAOYSA-N,train
1102,2170,YKTICKJUTVSZBR-UHFFFAOYSA-N,O=C(CCC1CCN(Cc2ccccc2F)CC1)c1ccc2c(c1)CCN2,RTDPVOSMBHIAJV-UHFFFAOYSA-N,train
1103,2171,HJLYQXGLGFBWQI-UHFFFAOYSA-N,O=C(CCC1CCN(Cc2cccc(F)c2)CC1)c1ccc2c(c1)CCN2,RTDPVOSMBHIAJV-UHFFFAOYSA-N,train
1104,2172,IXXWKQBJYPNXDP-UHFFFAOYSA-N,O=C(CCC1CCN(Cc2ccc(F)cc2)CC1)c1ccc2c(c1)CCN2,RTDPVOSMBHIAJV-UHFFFAOYSA-N,train
1105,2173,DXOHWPHMWZTKSU-UHFFFAOYSA-N,O=C(CCC1CCN(Cc2ccccc2Cl)CC1)c1ccc2c(c1)CCN2,RTDPVOSMBHIAJV-UHFFFAOYSA-N,train
1106,2174,AGJAKWSYLMETMB-UHFFFAOYSA-N,O=C(CCC1CCN(Cc2cccc(Cl)c2)CC1)c1ccc2c(c1)CCN2,RTDPVOSMBHIAJV-UHFFFAOYSA-N,train
1107,2175,NLEPKGFELHYOOA-UHFFFAOYSA-N,O=C(CCC1CCN(Cc2ccc(Cl)cc2)CC1)c1ccc2c(c1)CCN2,RTDPVOSMBHIAJV-UHFFFAOYSA-N,train
1108,2176,HANOAHGFQIRMPT-UHFFFAOYSA-N,Cc1cccc(CN2CCC(CCC(=O)c3ccc4c(c3)CCN4)CC2)c1,RTDPVOSMBHIAJV-UHFFFAOYSA-N,train
1109,2177,ZZSQSKJDPPTMNT-UHFFFAOYSA-N,O=C(CCC1CCN(Cc2cccc([N+](=O)[O-])c2)CC1)c1ccc2c(c1)CCN2,RTDPVOSMBHIAJV-UHFFFAOYSA-N,train
1110,2178,RJFOSTXNSIGOHV-UHFFFAOYSA-N,O=C(CCC1CCN(Cc2ccccc2)CC1)c1ccc2c(c1)NCC2,RJFOSTXNSIGOHV-UHFFFAOYSA-N,test
1111,2179,NAMSGSSCIKIOGU-UHFFFAOYSA-N,O=C(CCC1CCN(Cc2ccccc2)CC1)c1ccc2c(c1)N(Cc1ccccc1)CC2,NAMSGSSCIKIOGU-UHFFFAOYSA-N,test
1112,2180,UUQBDBYKPIHDLS-UHFFFAOYSA-N,O=C(CCC1CCN(Cc2ccccc2)CC1)c1ccc2c(c1)CCCN2,UUQBDBYKPIHDLS-UHFFFAOYSA-N,train
1113,2181,MEQINWMQUQFRBU-UHFFFAOYSA-N,CN1CCCc2cc(C(=O)CCC3CCN(Cc4ccccc4)CC3)ccc21,UUQBDBYKPIHDLS-UHFFFAOYSA-N,train
1114,2182,KWRRGOAPOBYBJX-UHFFFAOYSA-N,O=C(CCC1CCN(Cc2ccccc2)CC1)c1ccc2c(c1)NCCC2,KWRRGOAPOBYBJX-UHFFFAOYSA-N,train
1115,2183,FTIASDZNAWKWHK-UHFFFAOYSA-N,O=C(CCC1CCN(Cc2ccccc2)CC1)c1ccc2c(c1)CCCN2c1ccccc1,FTIASDZNAWKWHK-UHFFFAOYSA-N,train
1116,2184,BWZUHISSAMBGLB-UHFFFAOYSA-N,CN1CCCc2ccc(C(=O)CCC3CCN(Cc4ccccc4)CC3)cc21,KWRRGOAPOBYBJX-UHFFFAOYSA-N,train
1117,2185,FLEWNSKCTYCXMT-UHFFFAOYSA-N,O=C(CCC1CCN(Cc2ccccc2)CC1)c1ccc2c(c1)N(c1ccccc1)CCC2,FLEWNSKCTYCXMT-UHFFFAOYSA-N,train
1118,2186,RFJFEUOWKIHAMC-UHFFFAOYSA-N,O=C(CCC1CCN(Cc2ccccc2)CC1)c1ccc2c(c1)CCCCN2,RFJFEUOWKIHAMC-UHFFFAOYSA-N,test
1119,2187,PMBLXLOXUGVTGB-UHFFFAOYSA-N,O=C(CCC1CCN(Cc2ccccc2)CC1)c1ccc2c(c1)NCCCC2,PMBLXLOXUGVTGB-UHFFFAOYSA-N,train
1120,2188,KFRWOMAUCWZWOD-UHFFFAOYSA-N,CN1CCCCc2ccc(C(=O)CCC3CCN(Cc4ccccc4)CC3)cc21,PMBLXLOXUGVTGB-UHFFFAOYSA-N,train
1121,2189,NYVKEUVLHDSEJG-UHFFFAOYSA-N,CCN1CCCCc2ccc(C(=O)CCC3CCN(Cc4ccccc4)CC3)cc21,PMBLXLOXUGVTGB-UHFFFAOYSA-N,train
1122,2190,YTVLWARKUSTOKZ-UHFFFAOYSA-N,CCCN1CCCCc2ccc(C(=O)CCC3CCN(Cc4ccccc4)CC3)cc21,PMBLXLOXUGVTGB-UHFFFAOYSA-N,train
1123,2191,PRULHOMNCDTENF-UHFFFAOYSA-N,O=C(CCC1CCN(Cc2ccccc2)CC1)c1ccc2c(c1)N(Cc1ccccc1)CCCC2,PRULHOMNCDTENF-UHFFFAOYSA-N,test
1124,2192,IHHYWELXELLDTG-UHFFFAOYSA-N,COc1ccccc1CN1CCC(CCC(=O)c2ccc3c(c2)NCCCC3)CC1,PMBLXLOXUGVTGB-UHFFFAOYSA-N,train
1125,2193,HPJURFKSTPRCQI-UHFFFAOYSA-N,COc1cccc(CN2CCC(CCC(=O)c3ccc4c(c3)NCCCC4)CC2)c1,PMBLXLOXUGVTGB-UHFFFAOYSA-N,train
1126,2195,DJYSGFMAGPVHMB-UHFFFAOYSA-N,O=C(CCC1CCN(Cc2ccccc2F)CC1)c1ccc2c(c1)NCCCC2,PMBLXLOXUGVTGB-UHFFFAOYSA-N,train
1127,2196,DPOHSBUWIGXUGW-UHFFFAOYSA-N,O=C(CCC1CCN(Cc2cccc(F)c2)CC1)c1ccc2c(c1)NCCCC2,PMBLXLOXUGVTGB-UHFFFAOYSA-N,train
1128,2197,QFWCNFLCMOTBIO-UHFFFAOYSA-N,O=C(CCC1CCN(Cc2ccc(F)cc2)CC1)c1ccc2c(c1)NCCCC2,PMBLXLOXUGVTGB-UHFFFAOYSA-N,train
1129,2198,MXJGEZDRKZVRGW-UHFFFAOYSA-N,O=C(CCC1CCN(Cc2cccc(Cl)c2)CC1)c1ccc2c(c1)NCCCC2,PMBLXLOXUGVTGB-UHFFFAOYSA-N,train
1130,2199,AIMKJRZZZYKDOX-UHFFFAOYSA-N,Cc1cccc(CN2CCC(CCC(=O)c3ccc4c(c3)NCCCC4)CC2)c1,PMBLXLOXUGVTGB-UHFFFAOYSA-N,train
1131,2200,CVBWSHNUOYZVMQ-UHFFFAOYSA-N,O=C(CCC1CCN(Cc2cccc([N+](=O)[O-])c2)CC1)c1ccc2c(c1)NCCCC2,PMBLXLOXUGVTGB-UHFFFAOYSA-N,train
1132,2201,WNWQLKAZJLNDJZ-UHFFFAOYSA-N,O=C(CCC1CCN(Cc2ccccc2)CC1)c1ccc2c(c1)NCCCCC2,WNWQLKAZJLNDJZ-UHFFFAOYSA-N,test
1133,2221,RTIIFSJFUWPGNM-UHFFFAOYSA-N,c1ccc(CN2CCC(CNc3nsc4ccccc34)CC2)cc1,RTIIFSJFUWPGNM-UHFFFAOYSA-N,test
1134,2224,YAQNHPBYWUEFCO-UHFFFAOYSA-N,c1ccc(CN2CCC(CNc3n[nH]c4ccccc34)CC2)cc1,YAQNHPBYWUEFCO-UHFFFAOYSA-N,test
1135,2225,DNBKUNFFVYUPJA-UHFFFAOYSA-N,COc1ccc2c(c1OC)C(=O)CC2CCC1CCN(Cc2ccccc2)CC1,NAPQAXMGEIBAJT-UHFFFAOYSA-N,test
1136,2226,MCAQWHWWQNEHOE-CTNGQTDRSA-N,CCCCCCCNC(=O)Oc1ccc2c(c1)[C@]1(C)CCN(C)[C@@H]1C2,AYMKUDMWKRYQAG-RRKGBCIJSA-N,train
1137,2227,ZLFLUZOZKIPTJJ-QUCCMNQESA-N,CCCCCCNC(=O)Oc1ccc2c(c1)[C@]1(C)CCN(C)[C@@H]1C2,AYMKUDMWKRYQAG-RRKGBCIJSA-N,train
1138,2228,JOOGXPYATKQKBK-IRLDBZIGSA-N,CCCCCCCNC(=O)Oc1ccc2c(c1)[C@]1(C)CCN(CC)[C@@H]1C2,AYMKUDMWKRYQAG-RRKGBCIJSA-N,train
1139,2230,OEQMWEPWWKQKQL-MJGOQNOKSA-N,CCCCNC(=O)Oc1ccc2c(c1)[C@]1(C)CCN(CC)[C@@H]1C2,AYMKUDMWKRYQAG-RRKGBCIJSA-N,train
1140,2232,XAWCVUBHVCUDBZ-AEFFLSMTSA-N,CCCNC(=O)Oc1ccc2c(c1)[C@]1(C)CCN(CC)[C@@H]1C2,AYMKUDMWKRYQAG-RRKGBCIJSA-N,train
1141,2233,VXTBWKBREFKYDA-ZBFHGGJFSA-N,CCN1CC[C@@]2(C)c3cc(OC(=O)NC)ccc3C[C@@H]12,AYMKUDMWKRYQAG-RRKGBCIJSA-N,train
1142,2234,TXJSVDRPBGRIFY-CTNGQTDRSA-N,CCN1CC[C@@]2(C)c3cc(OC(=O)Nc4ccccc4)ccc3C[C@@H]12,HGHUANRELDAGLC-OMOCHNIRSA-N,train
1143,2235,VONJUQXHNPNBDU-OSZJVERNSA-N,CCN1CC[C@@]2(C)c3cc(OC(=O)NC(C)c4ccccc4)ccc3C[C@@H]12,VEPPAPQOHSMECW-UHUGOGIASA-N,train
1144,2236,PVMNTYXKDFRXKP-IRLDBZIGSA-N,CCN1CC[C@@]2(C)c3cc(OC(=O)NCc4ccccc4)ccc3C[C@@H]12,VEPPAPQOHSMECW-UHUGOGIASA-N,train
1145,2237,QSCQOXMIFSONAX-GGAORHGYSA-N,CCCCCCCNC(=O)Oc1ccc2c(c1)[C@]1(C)CCN(CCC)[C@@H]1C2,AYMKUDMWKRYQAG-RRKGBCIJSA-N,train
1146,2238,JMKIHVULQFDEGK-IRLDBZIGSA-N,CCCCCCNC(=O)Oc1ccc2c(c1)[C@]1(C)CCN(CCC)[C@@H]1C2,AYMKUDMWKRYQAG-RRKGBCIJSA-N,train
1147,2239,AVAFJTWXTNBJNG-VPUSJEBWSA-N,CCCCCCCNC(=O)Oc1ccc2c(c1)[C@]1(C)CCN(Cc3ccccc3)[C@@H]1C2,DPIGXLBJCYWBNT-QRWMCTBCSA-N,train
1148,2240,NNWAKPXOOYJLNL-AZUAARDMSA-N,CCCCCCCNC(=O)Oc1ccc2c(c1)[C@@H]1CCN(CC)[C@@H]1C2,AYMKUDMWKRYQAG-WDEREUQCSA-N,train
1149,2241,XWDNADYVTFQMOY-PKOBYXMFSA-N,CCCCCCNC(=O)Oc1ccc2c(c1)[C@@H]1CCN(CC)[C@@H]1C2,AYMKUDMWKRYQAG-WDEREUQCSA-N,train
1150,2242,JYMNJIDLAQUBDE-UHFFFAOYSA-N,CCCCNC(=O)Oc1ccc2c(c1)C1CCN(CC)C1C2,AYMKUDMWKRYQAG-UHFFFAOYSA-N,train
1151,2243,GFYHFMVUVHAJDW-UHFFFAOYSA-N,CCCNC(=O)Oc1ccc2c(c1)C1CCN(CC)C1C2,AYMKUDMWKRYQAG-UHFFFAOYSA-N,train
1152,2244,HYIYBWCTLLQRLQ-UHFFFAOYSA-N,CCN1CCC2c3cc(OC(=O)NC)ccc3CC21,AYMKUDMWKRYQAG-UHFFFAOYSA-N,train
1153,2245,CCLYHFAXRYLZDZ-UHFFFAOYSA-N,CCCCCCCNC(=O)Oc1ccc2c(c1)C1CCN(CCC)C1C2,AYMKUDMWKRYQAG-UHFFFAOYSA-N,train
1154,2246,LKLDMKAWSUSARS-UHFFFAOYSA-N,CCCCCCNC(=O)Oc1ccc2c(c1)C1CCN(CCC)C1C2,AYMKUDMWKRYQAG-UHFFFAOYSA-N,train
1155,2247,LDOQXEUJTAHDNS-UHFFFAOYSA-N,O=C(NCCC1CCN(Cc2ccccc2)CC1)c1ccccc1,LDOQXEUJTAHDNS-UHFFFAOYSA-N,train
1156,2248,XWAFYFQOGKPZHP-UHFFFAOYSA-N,CN(CCC1CCN(Cc2ccccc2)CC1)C(=O)c1ccccc1,LDOQXEUJTAHDNS-UHFFFAOYSA-N,train
1157,2249,RSMDWTVKHVTHAL-UHFFFAOYSA-N,O=C(c1ccccc1)N(CCC1CCN(Cc2ccccc2)CC1)c1ccccc1,RSMDWTVKHVTHAL-UHFFFAOYSA-N,train
1158,2250,ZIFYLJRFVGDNJE-UHFFFAOYSA-N,COc1ccc(C(=O)N(CCC2CCN(Cc3ccccc3)CC2)c2ccccc2)cc1,RSMDWTVKHVTHAL-UHFFFAOYSA-N,train
1159,2251,IYFAOWGKGUWALB-UHFFFAOYSA-N,O=C(c1ccc(F)cc1)N(CCC1CCN(Cc2ccccc2)CC1)c1ccccc1,RSMDWTVKHVTHAL-UHFFFAOYSA-N,train
1160,2252,SLPWVPABBZSEMK-UHFFFAOYSA-N,O=C(c1ccc([N+](=O)[O-])cc1)N(CCC1CCN(Cc2ccccc2)CC1)c1ccccc1,RSMDWTVKHVTHAL-UHFFFAOYSA-N,train
1161,2253,KTJJCDOTNADSQC-UHFFFAOYSA-N,O=C(c1ccncc1)N(CCC1CCN(Cc2ccccc2)CC1)c1ccccc1,KTJJCDOTNADSQC-UHFFFAOYSA-N,test
1162,2254,ALNLNNGVDVYQOX-UHFFFAOYSA-N,O=C(C1CCCCC1)N(CCC1CCN(Cc2ccccc2)CC1)c1ccccc1,ALNLNNGVDVYQOX-UHFFFAOYSA-N,train
1163,2255,PVDWMIZKHNFLPF-UHFFFAOYSA-N,CC(=O)N(CCC1CCN(Cc2ccccc2)CC1)c1ccccc1,WIVOLTFGVIYIMZ-UHFFFAOYSA-N,train
1164,2256,JGFPTPPWULVKEL-UHFFFAOYSA-N,CCC(=O)N(CCC1CCN(Cc2ccccc2)CC1)c1ccccc1,WIVOLTFGVIYIMZ-UHFFFAOYSA-N,train
1165,2257,PGQDUDULHWMHKG-UHFFFAOYSA-N,COc1cccc(N(CCC2CCN(Cc3ccccc3)CC2)C(C)=O)c1,WIVOLTFGVIYIMZ-UHFFFAOYSA-N,train
1166,2258,GIWNUIFQOLHQBQ-UHFFFAOYSA-N,COc1ccc(N(CCC2CCN(Cc3ccccc3)CC2)C(C)=O)cc1,WIVOLTFGVIYIMZ-UHFFFAOYSA-N,train
1167,2259,FMCFMYIXNIXNBI-UHFFFAOYSA-N,CC(=O)N(CCC1CCN(Cc2ccccc2)CC1)c1cccc(F)c1,WIVOLTFGVIYIMZ-UHFFFAOYSA-N,train
1168,2260,TXBYPGKNXQTWRM-UHFFFAOYSA-N,CC(=O)N(CCC1CCN(Cc2ccccc2)CC1)c1ccc(F)cc1,WIVOLTFGVIYIMZ-UHFFFAOYSA-N,train
1169,2262,RDJZUBCTKUBHFU-UHFFFAOYSA-N,CC(=O)N(CCC1CCN(Cc2ccccc2)CC1)c1ccncc1,VADVWPCYPUHXIR-UHFFFAOYSA-N,test
1170,2263,RBQPQKSBZIHHAR-UHFFFAOYSA-N,CC(=O)N(C)CCC1CCN(Cc2ccccc2)CC1,NZVZVGPYTICZBZ-UHFFFAOYSA-N,train
1171,2264,HTZVJSOFOPIELV-UHFFFAOYSA-N,O=C1c2ccccc2CN1CCC1CCN(Cc2ccccc2)CC1,HTZVJSOFOPIELV-UHFFFAOYSA-N,train
1172,2265,CRPBEXXXEBUOEC-UHFFFAOYSA-N,O=C1c2ccccc2C(=O)N1CCC1CCN(Cc2ccccc2)CC1,CRPBEXXXEBUOEC-UHFFFAOYSA-N,train
1173,2267,CJWDGZCCFKEZLS-UHFFFAOYSA-N,O=C1c2ccc([N+](=O)[O-])cc2C(=O)N1CC1CCN(Cc2ccccc2)CC1,MUERHLJABPQYPK-UHFFFAOYSA-N,test
1174,2268,WPBGBXPZNCPYQB-UHFFFAOYSA-N,O=C1c2ccc([N+](=O)[O-])cc2C(=O)N1CCC1CCN(Cc2ccccc2)CC1,CRPBEXXXEBUOEC-UHFFFAOYSA-N,train
1175,2269,RRVRQLRWRWDWBM-UHFFFAOYSA-N,COc1ccc(CN2CCC(CCN3C(=O)c4ccc([N+](=O)[O-])cc4C3=O)CC2)cc1,CRPBEXXXEBUOEC-UHFFFAOYSA-N,train
1176,2270,CLCFZEJHDXQFNI-UHFFFAOYSA-N,O=C1c2ccc([N+](=O)[O-])cc2C(=O)N1CCC1CCN(Cc2ccc(Cl)cc2)CC1,CRPBEXXXEBUOEC-UHFFFAOYSA-N,train
1177,2271,SAWAJOAVUYQBDZ-UHFFFAOYSA-N,CN1CCC(CCN2C(=O)c3ccc([N+](=O)[O-])cc3C2=O)CC1,UXIHSXPUZBROTR-UHFFFAOYSA-N,train
1178,2272,PZJNCGONKIPEIG-UHFFFAOYSA-N,Nc1ccc2c(c1)C(=O)N(CCC1CCN(Cc3ccccc3)CC1)C2=O,CRPBEXXXEBUOEC-UHFFFAOYSA-N,train
1179,2273,IYQDVAQDSMLFBE-UHFFFAOYSA-N,CC(=O)Nc1ccc2c(c1)C(=O)N(CCC1CCN(Cc3ccccc3)CC1)C2=O,CRPBEXXXEBUOEC-UHFFFAOYSA-N,train
1180,2274,JEXADSKXZBGTNK-UHFFFAOYSA-N,O=C(Nc1ccc2c(c1)C(=O)N(CCC1CCN(Cc3ccccc3)CC1)C2=O)c1ccccc1,JEXADSKXZBGTNK-UHFFFAOYSA-N,train
1181,2275,VIBWVJMPDIEOED-UHFFFAOYSA-N,COc1ccc2c(c1)C(=O)N(CCC1CCN(Cc3ccccc3)CC1)C2=O,CRPBEXXXEBUOEC-UHFFFAOYSA-N,train
1182,2276,VVALFDQDPSGUHW-UHFFFAOYSA-N,O=C(Nc1ccccc1)c1ccc2c(c1)C(=O)N(CCC1CCN(Cc3ccccc3)CC1)C2=O,VVALFDQDPSGUHW-UHFFFAOYSA-N,test
1183,2277,JPWQKDAHORMNTF-UHFFFAOYSA-N,O=C(c1ccccc1)c1ccc2c(c1)C(=O)N(CCC1CCN(Cc3ccccc3)CC1)C2=O,JPWQKDAHORMNTF-UHFFFAOYSA-N,train
1184,2278,QWDWLGHFTINULB-UHFFFAOYSA-N,O=C1c2cccc([N+](=O)[O-])c2C(=O)N1CCC1CCN(Cc2ccccc2)CC1,CRPBEXXXEBUOEC-UHFFFAOYSA-N,train
1185,2279,VQMSAQJYFHAVFV-UHFFFAOYSA-N,Nc1cccc2c1C(=O)N(CCC1CCN(Cc3ccccc3)CC1)C2=O,CRPBEXXXEBUOEC-UHFFFAOYSA-N,train
1186,2280,ZVWREYPHISEIQV-UHFFFAOYSA-N,O=C(Nc1cccc2c1C(=O)N(CCC1CCN(Cc3ccccc3)CC1)C2=O)c1ccccc1,ZVWREYPHISEIQV-UHFFFAOYSA-N,test
1187,2281,LORWXMAHQNWARL-UHFFFAOYSA-N,O=C1c2cccnc2C(=O)N1CCC1CCN(Cc2ccccc2)CC1,LORWXMAHQNWARL-UHFFFAOYSA-N,test
1188,2282,GCDBDMZTKCNPAH-UHFFFAOYSA-N,O=c1c2ccccc2ccn1CCC1CCN(Cc2ccccc2)CC1,GCDBDMZTKCNPAH-UHFFFAOYSA-N,train
1189,2283,BVQFUYUEQBLTCJ-UHFFFAOYSA-N,O=C1c2ccccc2CCN1CCC1CCN(Cc2ccccc2)CC1,BVQFUYUEQBLTCJ-UHFFFAOYSA-N,train
1190,2284,WNLYOXFKVMXTBI-UHFFFAOYSA-N,O=C1Cc2ccccc2CN1CCC1CCN(Cc2ccccc2)CC1,WNLYOXFKVMXTBI-UHFFFAOYSA-N,test
1191,2285,LCMITKKRKVHZDJ-UHFFFAOYSA-N,c1ccc(CN2CCC(CCN3CCc4ccccc4C3)CC2)cc1,LCMITKKRKVHZDJ-UHFFFAOYSA-N,test
1192,2286,NYIRMCGMHBUQGJ-UHFFFAOYSA-N,O=C1Cc2ccccc2C(=O)N1CCC1CCN(Cc2ccccc2)CC1,NYIRMCGMHBUQGJ-UHFFFAOYSA-N,test
1193,2287,XPEZPTDMSZUQAL-UHFFFAOYSA-N,O=c1c2ccccc2ncn1CCC1CCN(Cc2ccccc2)CC1,XPEZPTDMSZUQAL-UHFFFAOYSA-N,test
1194,2288,KXVMGAJDZLDKQI-UHFFFAOYSA-N,O=C1c2ccccc2NCN1CCC1CCN(Cc2ccccc2)CC1,KXVMGAJDZLDKQI-UHFFFAOYSA-N,test
1195,2289,NOUFYSVCMVOTOJ-UHFFFAOYSA-N,O=c1[nH]c2ccccc2c(=O)n1CCC1CCN(Cc2ccccc2)CC1,NOUFYSVCMVOTOJ-UHFFFAOYSA-N,train
1196,2290,YGOWOKNKZNIBEE-UHFFFAOYSA-N,O=C1Nc2ccccc2CN1CCC1CCN(Cc2ccccc2)CC1,YGOWOKNKZNIBEE-UHFFFAOYSA-N,test
1197,2291,LPMLUKYEDMRFFG-UHFFFAOYSA-N,O=c1[nH]c2cc(Cl)ccc2c(=O)n1CCC1CCN(Cc2ccccc2)CC1,NOUFYSVCMVOTOJ-UHFFFAOYSA-N,train
1198,2292,DOBQPNDSZWMKBV-UHFFFAOYSA-N,O=C1CCCCN1CCC1CCN(Cc2ccccc2)CC1,DOBQPNDSZWMKBV-UHFFFAOYSA-N,train
1199,2296,WNCPQDOVHICUNG-UHFFFAOYSA-N,O=C1CNc2cc3onc(CCC4CCN(Cc5ccccc5)CC4)c3cc2C1,WNCPQDOVHICUNG-UHFFFAOYSA-N,test
1200,2298,KBOSVOZLQUMJKM-UHFFFAOYSA-N,CNC(=O)Oc1cccc(CN(C)CCCCOc2ccc3c(=O)c4ccccc4oc3c2)c1,HJVWJYJVIPHSPH-UHFFFAOYSA-N,train
1201,2299,VVHBVIYSSIUBAX-UHFFFAOYSA-N,CCCCCCNC(=O)Oc1cccc(CN(C)CCCCOc2ccc3c(=O)c4ccccc4oc3c2)c1,HJVWJYJVIPHSPH-UHFFFAOYSA-N,train
1202,2300,YVQQQWJNOUYSPP-UHFFFAOYSA-N,CNC(=O)Oc1cccc(CN(C)CCCCCOc2ccc3c(=O)c4ccccc4oc3c2)c1,YYNRPDWLFAYZGE-UHFFFAOYSA-N,train
1203,2301,NRTNJADFJCRFNL-UHFFFAOYSA-N,CCCCCCNC(=O)Oc1cccc(CN(C)CCCCCOc2ccc3c(=O)c4ccccc4oc3c2)c1,YYNRPDWLFAYZGE-UHFFFAOYSA-N,train
1204,2302,ALPCPHJLBPNALD-UHFFFAOYSA-N,CCNC(=O)Oc1cccc(CN(C)CCCOc2ccc3c(=O)c4ccccc4oc3c2)c1,YJAFJAGEJWHHSY-UHFFFAOYSA-N,train
1205,2303,LMCMDUCNDONQKJ-UHFFFAOYSA-N,CCCNC(=O)Oc1cccc(CN(C)CCCOc2ccc3c(=O)c4ccccc4oc3c2)c1,YJAFJAGEJWHHSY-UHFFFAOYSA-N,train
1206,2304,XXYOHHNGEKCFAK-UHFFFAOYSA-N,CCCCNC(=O)Oc1cccc(CN(C)CCCOc2ccc3c(=O)c4ccccc4oc3c2)c1,YJAFJAGEJWHHSY-UHFFFAOYSA-N,train
1207,2305,JLIDJRGQAIERBG-UHFFFAOYSA-N,CN(CCCOc1ccc2c(=O)c3ccccc3oc2c1)Cc1cccc(OC(=O)Nc2ccccc2)c1,LGXCSHCYSGNVRU-UHFFFAOYSA-N,test
1208,2306,NTBGNSLILYZHOK-UHFFFAOYSA-N,CNC(=O)Oc1cccc(CN(C)CCCOc2ccc3c(=O)c4cccnc4oc3c2)c1,WAZZPPCZQVKIJV-UHFFFAOYSA-N,train
1209,2307,ZYNRLEQFTJNNFH-UHFFFAOYSA-N,CCCCNC(=O)Oc1cccc(CN(C)CCCOc2ccc3c(=O)c4cccnc4oc3c2)c1,WAZZPPCZQVKIJV-UHFFFAOYSA-N,train
1210,2308,SVTPJKZZYJPYRV-UHFFFAOYSA-N,CCCCCCNC(=O)Oc1cccc(CN(C)CCCOc2ccc3c(=O)c4cccnc4oc3c2)c1,WAZZPPCZQVKIJV-UHFFFAOYSA-N,train
1211,2309,XVJDMVSHDMGRQA-UHFFFAOYSA-N,CNC(=O)Oc1cccc(CN(C)CCCOc2ccc3ccc(=O)oc3c2)c1,WHYIEUPXCLAOTN-UHFFFAOYSA-N,train
1212,2310,MTHAAFJWKDKWDN-UHFFFAOYSA-N,CCCCNC(=O)Oc1cccc(CN(C)CCCOc2ccc3ccc(=O)oc3c2)c1,WHYIEUPXCLAOTN-UHFFFAOYSA-N,train
1213,2311,ZRCBPVTWLWOJLM-UHFFFAOYSA-N,CCCCCCNC(=O)Oc1cccc(CN(C)CCCOc2ccc3ccc(=O)oc3c2)c1,WHYIEUPXCLAOTN-UHFFFAOYSA-N,train
1214,2312,QCNLPNZWOJVEMC-UHFFFAOYSA-N,CNC(=O)Oc1cccc(CN(C)CCCOc2ccc3c(=O)ccoc3c2)c1,NAMHSXVCGWDOCO-UHFFFAOYSA-N,train
1215,2313,QGZSYSHLTHNVQJ-UHFFFAOYSA-N,CCCCNC(=O)Oc1cccc(CN(C)CCCOc2ccc3c(=O)ccoc3c2)c1,NAMHSXVCGWDOCO-UHFFFAOYSA-N,train
1216,2314,VWWLOQUVDINGGC-UHFFFAOYSA-N,CCCCCCNC(=O)Oc1cccc(CN(C)CCCOc2ccc3c(=O)ccoc3c2)c1,NAMHSXVCGWDOCO-UHFFFAOYSA-N,train
1217,2315,RDDTTZUMDKWHJZ-UHFFFAOYSA-N,CNC(=O)Oc1cccc(CN(C)CCCOc2ccc3c(=O)cc(-c4ccccc4)oc3c2)c1,ONNVQEKPEIIKAW-UHFFFAOYSA-N,train
1218,2316,ZRALBZBQZUJSPR-UHFFFAOYSA-N,CCCCNC(=O)Oc1cccc(CN(C)CCCOc2ccc3c(=O)cc(-c4ccccc4)oc3c2)c1,ONNVQEKPEIIKAW-UHFFFAOYSA-N,train
1219,2317,SHAWTVDNEZSOSR-UHFFFAOYSA-N,CCCCCCNC(=O)Oc1cccc(CN(C)CCCOc2ccc3c(=O)cc(-c4ccccc4)oc3c2)c1,ONNVQEKPEIIKAW-UHFFFAOYSA-N,train
1220,2318,HXQCOCVRUGEICR-UHFFFAOYSA-N,CCN(CCCOc1ccc2c(=O)c3ccccc3oc2c1)Cc1cccc(OC(=O)NC)c1,YJAFJAGEJWHHSY-UHFFFAOYSA-N,train
1221,2319,HHXUHEFFENDWNS-UHFFFAOYSA-N,CCCCNC(=O)Oc1cccc(CN(CC)CCCOc2ccc3c(=O)c4ccccc4oc3c2)c1,YJAFJAGEJWHHSY-UHFFFAOYSA-N,train
1222,2320,PQAZOSKFSMTNGU-UHFFFAOYSA-N,CCCCCCNC(=O)Oc1cccc(CN(CC)CCCOc2ccc3c(=O)c4ccccc4oc3c2)c1,YJAFJAGEJWHHSY-UHFFFAOYSA-N,train
1223,2321,LGGHQISBZXMDCF-UHFFFAOYSA-N,CCCN(CCCOc1ccc2c(=O)c3ccccc3oc2c1)Cc1cccc(OC(=O)NC)c1,YJAFJAGEJWHHSY-UHFFFAOYSA-N,train
1224,2322,MNPIKQZTVMDUBC-UHFFFAOYSA-N,CCCCNC(=O)Oc1cccc(CN(CCC)CCCOc2ccc3c(=O)c4ccccc4oc3c2)c1,YJAFJAGEJWHHSY-UHFFFAOYSA-N,train
1225,2323,LVHYHPPSQCHATE-UHFFFAOYSA-N,CCCCCCNC(=O)Oc1cccc(CN(CCC)CCCOc2ccc3c(=O)c4ccccc4oc3c2)c1,YJAFJAGEJWHHSY-UHFFFAOYSA-N,train
1226,2324,ZYUCOMLJCQLLSP-UHFFFAOYSA-N,CNC(=O)Oc1cccc(CN(CCCOc2ccc3c(=O)c4ccccc4oc3c2)C(C)C)c1,YJAFJAGEJWHHSY-UHFFFAOYSA-N,train
1227,2325,DEJGKDQNTHLAEV-UHFFFAOYSA-N,CCCCNC(=O)Oc1cccc(CN(CCCOc2ccc3c(=O)c4ccccc4oc3c2)C(C)C)c1,YJAFJAGEJWHHSY-UHFFFAOYSA-N,train
1228,2326,WFGJHCVCXBKDHU-UHFFFAOYSA-N,CCCCCCNC(=O)Oc1cccc(CN(CCCOc2ccc3c(=O)c4ccccc4oc3c2)C(C)C)c1,YJAFJAGEJWHHSY-UHFFFAOYSA-N,train
1229,2330,QYPIWAWBCRJQPR-UHFFFAOYSA-N,Cc1cc(-c2ccccc2)nnc1NCCN1CCCCC1,ZMHJBQYKHSJECL-UHFFFAOYSA-N,train
1230,2332,VQVUIXDYVAPMOJ-UHFFFAOYSA-N,Cc1cc(-c2ccc(Cl)cc2)nnc1NCCN1CCCCC1,ZMHJBQYKHSJECL-UHFFFAOYSA-N,train
1231,2333,VUSSXUIWFZLTIX-UHFFFAOYSA-N,Cc1cc(-c2ccc3c(c2)OCO3)nnc1NCCN1CCCCC1,HETNMRPIPFJEGO-UHFFFAOYSA-N,train
1232,2344,FTJHDEREJQMLMM-UHFFFAOYSA-N,c1ccc(-c2ccc(NCCCCCN3Cc4ccccc4CN3)nn2)cc1,FTJHDEREJQMLMM-UHFFFAOYSA-N,train
1233,2360,BULPDQLGDINAMU-UHFFFAOYSA-N,O=C(CCC1CCN(Cc2ccccc2)CC1)c1ccc2c(c1)OCO2,BULPDQLGDINAMU-UHFFFAOYSA-N,train
1234,2365,KEWKCRNEFJBHSP-UHFFFAOYSA-N,CN(CCOCCNC(=S)NC(=O)c1ccccc1)Cc1ccccc1,ITDGDWRZOJLDPH-UHFFFAOYSA-N,train
1235,2366,APEXWSYWURSQFH-UHFFFAOYSA-N,Cc1ccc(C(=O)NC(=S)NCCOCCN(C)Cc2ccccc2)cc1,ITDGDWRZOJLDPH-UHFFFAOYSA-N,train
1236,2367,ZEMPGLFHJOJMQU-UHFFFAOYSA-N,COc1ccc(C(=O)NC(=S)NCCOCCN(C)Cc2ccccc2)cc1,ITDGDWRZOJLDPH-UHFFFAOYSA-N,train
1237,2368,ADVZBBJOYBSROZ-UHFFFAOYSA-N,CN(CCOCCNC(=S)NC(=O)c1ccc(Cl)cc1)Cc1ccccc1,ITDGDWRZOJLDPH-UHFFFAOYSA-N,train
1238,2369,SYZVDDNPSVYYEO-UHFFFAOYSA-N,CN(CCOCCNC(=S)NC(=O)c1cccc([N+](=O)[O-])c1)Cc1ccccc1,ITDGDWRZOJLDPH-UHFFFAOYSA-N,train
1239,2370,XRBNRPQFWXMTTE-UHFFFAOYSA-N,CN(CCOCCNC(=S)NC(=O)c1ccc(Cl)c(Cl)c1)Cc1ccccc1,ITDGDWRZOJLDPH-UHFFFAOYSA-N,train
1240,2371,ZBLLEFQVHGEIDU-UHFFFAOYSA-N,CN(CCOCCNC(=S)NC(=O)c1ccc(-c2ccccc2)cc1)Cc1ccccc1,PKWSOCDZCJUUMT-UHFFFAOYSA-N,test
1241,2372,COHWMQXSPQSORZ-UHFFFAOYSA-N,CN(CCOCCNC(=S)NC(=O)c1ccc2ccccc2c1)Cc1ccccc1,GEVREHPVEIWFQP-UHFFFAOYSA-N,train
1242,2373,QDMQSDWGWSGNCC-UHFFFAOYSA-N,CN(CCOCCNC(=S)NC(=O)c1ccc2c(c1)C(=O)c1ccccc1-2)Cc1ccccc1,GYHWOBABHGPEJX-UHFFFAOYSA-N,train
1243,2374,SSLBYIAJNRQECX-UHFFFAOYSA-N,CN(CCOCCNC(=S)NC(=O)c1ccc2c(c1)C(=O)c1ccccc1C2=O)Cc1ccccc1,HNWLXZHDOFNYPM-UHFFFAOYSA-N,train
1244,2375,GHQMZWFMHBZRED-UHFFFAOYSA-N,CN(CCOCCCNC(=S)NC(=O)c1ccccc1)Cc1ccccc1,DBOBKBYZGORZGL-UHFFFAOYSA-N,train
1245,2376,HBRMXZZVKFXPPL-UHFFFAOYSA-N,CN(CCOCCNC(=S)NC(=O)c1ccccc1)C1CCCCC1,WNRDMOSGJUVDLT-UHFFFAOYSA-N,test
1246,2377,YXIDPUJWSXNQBE-UHFFFAOYSA-N,CN(CCOCCNC(=S)Nc1ccc(Cl)cc1)Cc1ccccc1,NTKQSPHDRBUJAY-UHFFFAOYSA-N,train
1247,2378,QWSNDOLNOYZUGA-UHFFFAOYSA-N,CN(CCOCCNC(=S)Nc1cccc2ccccc12)Cc1ccccc1,HTXLPNDFPVEZPH-UHFFFAOYSA-N,train
1248,2379,IIFXEZWTVNGNEY-UHFFFAOYSA-N,COc1ccc(NC(=S)NCCOCCN(C)Cc2cccc([N+](=O)[O-])c2)cc1OC,NTKQSPHDRBUJAY-UHFFFAOYSA-N,train
1249,2380,RTBUCTZBKMKWAW-UHFFFAOYSA-N,CN(CCOCCNC(=S)Nc1ccc(OC(F)(F)F)cc1)Cc1ccccc1,NTKQSPHDRBUJAY-UHFFFAOYSA-N,train
1250,2381,UQQDDFLWSGLUNL-UHFFFAOYSA-N,CN(CCOCCNC(=S)Nc1ccccn1)Cc1ccccc1,XIJGMMVYDINGDM-UHFFFAOYSA-N,test
1251,2382,TWNJMCYHYFBDME-UHFFFAOYSA-N,CN(CCOCCNC(=S)NC1CCCCC1)Cc1ccccc1,IWNWFATXWHCBFG-UHFFFAOYSA-N,train
1252,2383,HRQGWHKVUGNVNC-UHFFFAOYSA-N,CCN(CCOCCNC(=O)NCc1ccccc1)CC1CCCCC1,YGCYIQMIIZWFDY-UHFFFAOYSA-N,test
1253,2384,IMHFZSFLUOAPRH-UHFFFAOYSA-N,CN(CCOCCNC(=O)Nc1ccc([N+](=O)[O-])cc1)Cc1ccccc1,FBSSMMFYDMWLSR-UHFFFAOYSA-N,train
1254,2386,ZEYCLUAFGXAMIV-UHFFFAOYSA-N,NCCCCCCCNc1c2c(nc3ccccc13)CCCC2,RXBYRTSOWREATF-UHFFFAOYSA-N,train
1255,2387,LFBAUYQQFKFFCF-UHFFFAOYSA-N,NCCCCCCCCNc1c2c(nc3ccccc13)CCCC2,RXBYRTSOWREATF-UHFFFAOYSA-N,train
1256,2388,BMSMAYYXXZZRQN-UHFFFAOYSA-N,NCCCCCCCCCNc1c2c(nc3ccccc13)CCCC2,RXBYRTSOWREATF-UHFFFAOYSA-N,train
1257,2389,ZKQCXLRXJGGZDE-UHFFFAOYSA-N,NCCCCCCCCCCNc1c2c(nc3ccccc13)CCCC2,RXBYRTSOWREATF-UHFFFAOYSA-N,train
1258,2390,AUWJPKWQQCCYFJ-UHFFFAOYSA-N,NCCCCCCCCCCCCNc1c2c(nc3ccccc13)CCCC2,RXBYRTSOWREATF-UHFFFAOYSA-N,train
1259,2391,IQWZFJFZIOQWMO-UHFFFAOYSA-N,CN(C)CCCCCCCNc1c2c(nc3ccccc13)CCCC2,RXBYRTSOWREATF-UHFFFAOYSA-N,train
1260,2392,YBHMQTHNPQNNEB-UHFFFAOYSA-N,CN(C)CCCCCCCCNc1c2c(nc3ccccc13)CCCC2,RXBYRTSOWREATF-UHFFFAOYSA-N,train
1261,2393,LNABAEDQNVYLMM-UHFFFAOYSA-N,CN(C)CCCCCCCCCNc1c2c(nc3ccccc13)CCCC2,RXBYRTSOWREATF-UHFFFAOYSA-N,train
1262,2394,MKWXVXAJEIRGML-UHFFFAOYSA-N,CN(C)CCCCCCCCCCNc1c2c(nc3ccccc13)CCCC2,RXBYRTSOWREATF-UHFFFAOYSA-N,train
1263,2395,RHFKCHRCTNMGMF-UHFFFAOYSA-N,CN(C)CCCCCCCCCCCCNc1c2c(nc3ccccc13)CCCC2,RXBYRTSOWREATF-UHFFFAOYSA-N,train
1264,2396,DAKMZCNUVKKBIH-UHFFFAOYSA-N,c1ccc2c(NCCCCCCCNc3ccncc3)c3c(nc2c1)CCCC3,DAKMZCNUVKKBIH-UHFFFAOYSA-N,train
1265,2397,HAAQFCDOAGMIPV-UHFFFAOYSA-N,c1ccc2c(NCCCCCCCCNc3ccncc3)c3c(nc2c1)CCCC3,HAAQFCDOAGMIPV-UHFFFAOYSA-N,train
1266,2398,SOARTDIDZFKTKX-UHFFFAOYSA-N,c1ccc2c(NCCCCCCCCCNc3ccncc3)c3c(nc2c1)CCCC3,SOARTDIDZFKTKX-UHFFFAOYSA-N,test
1267,2399,VJYJWGAJWFCCLU-UHFFFAOYSA-N,c1ccc2c(NCCCCCCCCCCNc3ccncc3)c3c(nc2c1)CCCC3,VJYJWGAJWFCCLU-UHFFFAOYSA-N,test
1268,2400,RSFASIHHCGSKEP-UHFFFAOYSA-N,c1ccc(NCCCCCCCCCCCCNc2c3c(nc4ccccc24)CCCC3)cc1,RSFASIHHCGSKEP-UHFFFAOYSA-N,test
1269,2401,CRJKPYBOKIRWEV-UHFFFAOYSA-N,c1ccc2c(NCCCCCCCNc3c4c(nc5ccccc35)CCCC4)ccnc2c1,CRJKPYBOKIRWEV-UHFFFAOYSA-N,train
1270,2402,UNVOAAWEEGAXTN-UHFFFAOYSA-N,c1ccc2c(NCCCCCCCCNc3c4c(nc5ccccc35)CCCC4)ccnc2c1,UNVOAAWEEGAXTN-UHFFFAOYSA-N,test
1271,2403,NPGXFJUCABRJKY-UHFFFAOYSA-N,c1ccc2c(NCCCCCCCCCNc3c4c(nc5ccccc35)CCCC4)ccnc2c1,NPGXFJUCABRJKY-UHFFFAOYSA-N,test
1272,2404,GYSCQDBTSDBCGY-UHFFFAOYSA-N,Nc1c2c(nc3ccccc13)CCC2,GEBRPJJJIRIALP-UHFFFAOYSA-N,train
1273,2405,GOXLVSZAUDIXPN-UHFFFAOYSA-N,Nc1c2c(nc3ccccc13)CCCCC2,QPDYCRJIHVDOAD-UHFFFAOYSA-N,train
1274,2406,MOYCAFZXXXJGSU-UHFFFAOYSA-N,Nc1c2c(nc3ccccc13)CCCCCC2,XGBIWDJGWCUOLR-UHFFFAOYSA-N,test
1275,2421,JDBFUNKEBJSDBO-UHFFFAOYSA-N,CC1=C(C)c2nc3ccccc3c(N)c2C1,OIOJPGNLLCFCLD-UHFFFAOYSA-N,test
1276,2423,RTHCYVBBDHJXIQ-UHFFFAOYSA-N,CNCCC(Oc1ccc(C(F)(F)F)cc1)c1ccccc1,BOTNYLSAWDQNEX-UHFFFAOYSA-N,train
1277,2424,MXRJUMCOVVUCLC-UHFFFAOYSA-N,O=C1c2ccccc2CC1CC1CCN(c2ccccc2)CC1,MXRJUMCOVVUCLC-UHFFFAOYSA-N,train
1278,2425,PTCACPKCJXNQCA-UHFFFAOYSA-N,O=C1c2ccccc2CCC1CC1CCN(c2ccccc2)CC1,PTCACPKCJXNQCA-UHFFFAOYSA-N,test
1279,2427,PUIMXWDMXXGCOQ-UHFFFAOYSA-N,COc1cc2c(cc1OC)C(=O)C(CC1CCN(c3ccccc3)CC1)C2,MXRJUMCOVVUCLC-UHFFFAOYSA-N,train
1280,2428,SSBYUQPQURUNFB-UHFFFAOYSA-N,COc1cc2c(cc1OC)C(O)C(CC1CCN(c3ccccc3)CC1)C2,YSXBEGFTKYEHPG-UHFFFAOYSA-N,test
1281,2429,FZSQYWVGOUKAEU-UHFFFAOYSA-N,COc1cc2c(cc1OC)CC(CC1CCN(c3ccccc3)CC1)=C2,WKTWPRRKDHBLDJ-UHFFFAOYSA-N,test
1282,2436,YLTHGBHVBCBJTO-UHFFFAOYSA-N,CNC(=O)Oc1cccc(CN(C)CCCOc2ccc(Cc3ccccc3)cc2)c1,MAPNJCFFJAFKCI-UHFFFAOYSA-N,test
1283,2446,DPFDEENBDAFSHC-UHFFFAOYSA-N,Cc1cc(-c2ccccc2)n[nH]c1=NCCC1CCN(Cc2ccccc2)CC1,PHORSJQGLQBIOY-UHFFFAOYSA-N,train
1284,2447,VPUCFTPWWMDXSU-UHFFFAOYSA-N,CC(C)c1cc(-c2ccccc2)n[nH]c1=NCCC1CCN(Cc2ccccc2)CC1,PHORSJQGLQBIOY-UHFFFAOYSA-N,train
1285,2450,QDPFLDICHQNBMJ-UHFFFAOYSA-N,CCCc1cc(=NCCC2CCN(Cc3ccccc3)CC2)[nH]nc1-c1ccccc1,PHORSJQGLQBIOY-UHFFFAOYSA-N,train
1286,2451,QQCCOTBRJNQDJR-UHFFFAOYSA-N,c1ccc(CN2CCC(CCN=c3[nH]nc(-c4ccccc4)c4ccccc34)CC2)cc1,QQCCOTBRJNQDJR-UHFFFAOYSA-N,test
1287,2452,OTTDOZLQGARJRG-UHFFFAOYSA-N,c1ccc2c(NCCCCCCNc3c4c(nc5ccccc35)CCC4)c3c(nc2c1)CCC3,OTTDOZLQGARJRG-UHFFFAOYSA-N,test
1288,2453,CJYZVXNYXSEUCW-UHFFFAOYSA-N,c1ccc2c(NCCCCCCCNc3c4c(nc5ccccc35)CCC4)c3c(nc2c1)CCC3,CJYZVXNYXSEUCW-UHFFFAOYSA-N,train
1289,2454,KBQNIGWBLLTLRQ-UHFFFAOYSA-N,c1ccc2c(NCCCCCCCCNc3c4c(nc5ccccc35)CCC4)c3c(nc2c1)CCC3,KBQNIGWBLLTLRQ-UHFFFAOYSA-N,train
1290,2455,IYNUCVAQGDCTFO-UHFFFAOYSA-N,c1ccc2c(NCCCCCCNc3c4c(nc5ccccc35)CCCC4)c3c(nc2c1)CCCC3,IYNUCVAQGDCTFO-UHFFFAOYSA-N,train
1291,2457,ZIDVXYDWJIVBSC-UHFFFAOYSA-N,c1ccc2c(NCCCCCCCCNc3c4c(nc5ccccc35)CCCC4)c3c(nc2c1)CCCC3,ZIDVXYDWJIVBSC-UHFFFAOYSA-N,train
1292,2458,RNCHLHHWJBXPLK-UHFFFAOYSA-N,Fc1ccc2c(NCCCCCCNc3c4c(nc5cc(F)ccc35)CCCC4)c3c(nc2c1)CCCC3,IYNUCVAQGDCTFO-UHFFFAOYSA-N,train
1293,2459,MWRCDYACTUEODY-UHFFFAOYSA-N,Fc1ccc2c(NCCCCCCCNc3c4c(nc5cc(F)ccc35)CCCC4)c3c(nc2c1)CCCC3,ITZOKHKOFJOBFS-UHFFFAOYSA-N,train
1294,2460,LGPLUMZTSHOAFT-UHFFFAOYSA-N,Fc1ccc2c(NCCCCCCCCNc3c4c(nc5cc(F)ccc35)CCCC4)c3c(nc2c1)CCCC3,ZIDVXYDWJIVBSC-UHFFFAOYSA-N,train
1295,2461,IXRJZUFMXJZPOC-UHFFFAOYSA-N,Clc1ccc2c(NCCCCCCNc3c4c(nc5cc(Cl)ccc35)CCCC4)c3c(nc2c1)CCCC3,IYNUCVAQGDCTFO-UHFFFAOYSA-N,train
1296,2462,UAGMFLGLVVWYFR-UHFFFAOYSA-N,Clc1ccc2c(NCCCCCCCNc3c4c(nc5cc(Cl)ccc35)CCCC4)c3c(nc2c1)CCCC3,ITZOKHKOFJOBFS-UHFFFAOYSA-N,train
1297,2463,VPKBEAWMABSKGC-UHFFFAOYSA-N,Clc1ccc2c(NCCCCCCCCNc3c4c(nc5cc(Cl)ccc35)CCCC4)c3c(nc2c1)CCCC3,ZIDVXYDWJIVBSC-UHFFFAOYSA-N,train
1298,2464,OYFQRIHSVKLETO-UHFFFAOYSA-N,c1cnc2nc3c(c(NCCCCCCNc4c5c(nc6ncccc46)CCCC5)c2c1)CCCC3,OYFQRIHSVKLETO-UHFFFAOYSA-N,test
1299,2465,CFMNRJWKHXEFOQ-UHFFFAOYSA-N,c1cnc2nc3c(c(NCCCCCCCNc4c5c(nc6ncccc46)CCCC5)c2c1)CCCC3,CFMNRJWKHXEFOQ-UHFFFAOYSA-N,train
1300,2466,WHXABAAQSUQJBY-UHFFFAOYSA-N,c1cnc2nc3c(c(NCCCCCCCCNc4c5c(nc6ncccc46)CCCC5)c2c1)CCCC3,WHXABAAQSUQJBY-UHFFFAOYSA-N,test
1301,2467,CUNSKXFDFJIUPQ-UHFFFAOYSA-N,c1ccc2c(NCCCCCCNc3c4c(nc5ncccc35)CCCCC4)c3c(nc2c1)CCCCC3,CUNSKXFDFJIUPQ-UHFFFAOYSA-N,train
1302,2468,SQIANBUOIQPBJW-UHFFFAOYSA-N,c1ccc2c(NCCCCCCCNc3c4c(nc5ccccc35)CCCCC4)c3c(nc2c1)CCCCC3,SQIANBUOIQPBJW-UHFFFAOYSA-N,test
1303,2469,ZCQVAGLFOBYHQJ-UHFFFAOYSA-N,c1ccc2c(NCCCCCCCCNc3c4c(nc5ccccc35)CCCCC4)c3c(nc2c1)CCCCC3,ZCQVAGLFOBYHQJ-UHFFFAOYSA-N,test
1304,2480,KSVGHHUWOHOEOT-UHFFFAOYSA-N,Cc1ccc2nc3c(c(Nc4ccccc4)c2c1)CCCC3,TXHHGLULBHVWMO-UHFFFAOYSA-N,train
1305,2481,DZAMPWWGUXWQMU-UHFFFAOYSA-N,Cc1ccc2c(Nc3ccccc3)c3c(nc2c1)CCCC3,TXHHGLULBHVWMO-UHFFFAOYSA-N,train
1306,2482,DCFJPBOHDHFDCM-UHFFFAOYSA-N,Clc1ccc2c(Nc3ccccc3)c3c(nc2c1)CCCC3,TXHHGLULBHVWMO-UHFFFAOYSA-N,train
1307,2483,KSWCPMXQTLATNQ-UHFFFAOYSA-N,O=[N+]([O-])c1ccc2nc3c(c(Nc4ccccc4)c2c1)CCCC3,TXHHGLULBHVWMO-UHFFFAOYSA-N,train
1308,2484,NAXCYQYLDAKXOO-UHFFFAOYSA-N,O=[N+]([O-])c1ccc2c(Nc3ccccc3)c3c(nc2c1)CCCC3,TXHHGLULBHVWMO-UHFFFAOYSA-N,train
1309,2491,YMJAIDWXOYOGGU-QFEZKATASA-N,CNC(=O)Oc1cccc(CN(C)CCCOc2ccc3c(c2)O/C(=C\c2cc(O)c(O)c(O)c2)C3=O)c1,QEBJUDNUEAUMPD-JLPGSUDCSA-N,train
1310,2494,VEFMPDZVTZNAQM-MIXAMLLLSA-N,CNC(=O)Oc1cccc(CN(C)CCCCCCCOc2ccc3c(c2)O/C(=C\c2cc(O)c(O)c(O)c2)C3=O)c1,RJYLAUWIHNCJFR-RRAHZORUSA-N,train
1311,2496,JRUNUWICCWKNEM-XSVYLIDLSA-N,CNC(=O)Oc1cccc(CN(C)CCCCCCCOc2ccc3c(c2)O/C(=C\c2ccc4ccccc4c2)C3=O)c1,UWIUJEBCGNCCDI-JDCMOKTRSA-N,train
1312,2497,SGDJPNXFOBBUMA-HBAMXUDRSA-N,CNC(=O)Oc1cccc(CN(C)CCCCCCCOc2ccc3c(c2)O/C(=C\c2c4ccccc4cc4ccccc24)C3=O)c1,SPSDUDYEYNSPNX-LAKKEJQSSA-N,test
1313,2501,WCSMOXXDYDOEJZ-MFKUBSTISA-N,CNC(=O)Oc1cccc(CN(C)CCCCCCCOc2ccc3c(c2)C/C(=C\c2cc(O)c(O)c(O)c2)C3=O)c1,RFXAMLDLPLCZJH-NHFJDJAPSA-N,train
1314,2502,JXBQVNZMJKKIMS-IWIPYMOSSA-N,CNC(=O)Oc1cccc(CN(C)CCCCCCCOc2ccc3c(c2)OC/C(=C/c2cc(O)c(O)c(O)c2)C3=O)c1,ASCBNEJRFFFGFO-QOMWVZHYSA-N,train
1315,2503,GQCOATKLTLZXLW-ONUIUJJFSA-N,CNC(=O)Oc1cccc(CN(C)CCCCCCCOc2ccc3c(c2)CC/C(=C/c2cc(O)c(O)c(O)c2)C3=O)c1,KKBRJWZGYFPYRI-SLMZUGIISA-N,train
1316,2504,OGPXTGFJHPRGJU-UHFFFAOYSA-N,CNC(=O)Oc1cccc(CN(C)CCCCCCCOc2ccc3c(c2)OCC3=O)c1,VMBRWDBCJZPBGV-UHFFFAOYSA-N,test
1317,2505,YYNNNHICPRTURU-UHFFFAOYSA-N,O=C(CCc1c[nH]c2ccccc12)NCCCCCNc1c2c(nc3ccccc13)CCCC2,YYNNNHICPRTURU-UHFFFAOYSA-N,train
1318,2506,MZIDLDQPPBIKHJ-UHFFFAOYSA-N,O=C(CCc1c[nH]c2ccccc12)NCCCCCNc1c2c(nc3cc(Cl)ccc13)CCCC2,YYNNNHICPRTURU-UHFFFAOYSA-N,train
1319,2507,NTISYWBCRKDSDB-UHFFFAOYSA-N,O=C(CCc1c[nH]c2ccccc12)NCCCCCCNc1c2c(nc3ccccc13)CCCC2,NTISYWBCRKDSDB-UHFFFAOYSA-N,train
1320,2508,UGBNXSYMNXHJKM-UHFFFAOYSA-N,O=C(CCc1c[nH]c2ccccc12)NCCCCCCCNc1c2c(nc3ccccc13)CCCC2,UGBNXSYMNXHJKM-UHFFFAOYSA-N,train
1321,2509,CANCFHBYJYSQSR-UHFFFAOYSA-N,O=C(CCc1c[nH]c2ccccc12)NCCCCCCCCNc1c2c(nc3cc(Cl)ccc13)CCCC2,GQBWHZBWCYHEEM-UHFFFAOYSA-N,train
1322,2510,BKAXAPFSKYIFDF-UHFFFAOYSA-N,O=C(CCc1c[nH]c2ccccc12)NCCCCCCCCCNc1c2c(nc3cc(Cl)ccc13)CCCC2,YJNLLZNHSDXDOD-UHFFFAOYSA-N,test
1323,2511,MBPKTUUBOVNOPG-UHFFFAOYSA-N,O=C(CCc1c[nH]c2ccccc12)NCCCCCCCCCCNc1c2c(nc3cc(Cl)ccc13)CCCC2,IBMAZESEFQSFBW-UHFFFAOYSA-N,train
1324,2512,YIFIESCJSCAHBP-UHFFFAOYSA-N,CN(CCCNC(=O)CCc1c[nH]c2ccccc12)CCCNc1c2c(nc3ccccc13)CCCC2,BSFBZLJJPSYZOM-UHFFFAOYSA-N,train
1325,2513,ZNDUXFVNQAAWFO-UHFFFAOYSA-N,CN(CCCNC(=O)CCc1c[nH]c2ccccc12)CCCNc1c2c(nc3cc(Cl)ccc13)CCCC2,BSFBZLJJPSYZOM-UHFFFAOYSA-N,train
1326,2514,PBSOJOMZHQNAPL-UHFFFAOYSA-N,N#Cc1ccc2[nH]cc(CCC(=O)NCCCCCCNc3c4c(nc5cc(Cl)ccc35)CCCC4)c2c1,NTISYWBCRKDSDB-UHFFFAOYSA-N,train
1327,2515,GFHYZPMZHCOIER-DTQAZKPQSA-N,O=C(/C=C/c1c[nH]c2ccccc12)NCCCCCCNc1c2c(nc3cc(Cl)ccc13)CCCC2,RJXMSZGDQQKICG-ISLYRVAYSA-N,test
1328,2516,WRZLBZPGOSUCKT-UHFFFAOYSA-N,O=C(NCCCCCNc1c2c(nc3cc(Cl)ccc13)CCCC2)c1c[nH]c2ccccc12,OSRZHRCGXXPISD-UHFFFAOYSA-N,test
1329,2517,BNYZFCXUCLRASW-UHFFFAOYSA-N,O=C(NCCCCCCNc1c2c(nc3cc(Cl)ccc13)CCCC2)c1c[nH]c2ccccc12,CGIMGXTZKQHJJU-UHFFFAOYSA-N,train
1330,2518,FAYCJMALFQZDBF-UHFFFAOYSA-N,O=C(NCCCCCCCNc1c2c(nc3cc(Cl)ccc13)CCCC2)c1c[nH]c2ccccc12,PSEFHJKVXPWPKW-UHFFFAOYSA-N,train
1331,2519,NTWXQLUPCDPUOH-UHFFFAOYSA-N,O=C(NCCCCCCCCNc1c2c(nc3cc(Cl)ccc13)CCCC2)c1c[nH]c2ccccc12,SXMKBXWHFCHHJR-UHFFFAOYSA-N,test
1332,2523,XXQFKMLSSFZKTL-UHFFFAOYSA-N,O=C(CCCc1c[nH]c2ccccc12)NCCCCCCNc1c2c(nc3cc(Cl)ccc13)CCCC2,KJZFEFHKWSIECZ-UHFFFAOYSA-N,train
1333,2524,XLZKWRHITDAXOX-UHFFFAOYSA-N,Cn1cc(C(=O)NCCCCCCCNc2c3c(nc4cc(Cl)ccc24)CCCC3)c2ccccc21,PSEFHJKVXPWPKW-UHFFFAOYSA-N,train
1334,2525,XYRVXZVCEIJZMQ-UHFFFAOYSA-N,O=C(NCCCCCCCNc1c2c(nc3cc(Cl)ccc13)CCCC2)c1n[nH]c2ccccc12,FKYNMSJYDRYLMD-UHFFFAOYSA-N,train
1335,2526,IXKSPYNBVOXXMS-UHFFFAOYSA-N,O=C(CCOCCc1c[nH]c2ccccc12)NCCCCCNc1c2c(nc3cc(Cl)ccc13)CCCC2,YREMZZRLGYQAJX-UHFFFAOYSA-N,test
1336,2527,YQQLXSBICNXWQG-UHFFFAOYSA-N,O=C(CCOCCc1c[nH]c2ccccc12)NCCCCCCNc1c2c(nc3cc(Cl)ccc13)CCCC2,ROPMBLFOINNFGP-UHFFFAOYSA-N,test
1337,2528,QUZYOFQJXMGVPT-UHFFFAOYSA-N,O=C(CCOCCc1c[nH]c2ccccc12)NCCCCCCCNc1c2c(nc3cc(Cl)ccc13)CCCC2,YEHRIYGLOPUGQS-UHFFFAOYSA-N,test
1338,2529,SCEVFJUWLLRELN-UHFFFAOYSA-N,O=C(Nc1cccc(C2=NCCN2)c1)Nc1cccc(C2=NCCN2)c1,SCEVFJUWLLRELN-UHFFFAOYSA-N,test
1339,2530,FOCBRSKUUQCFGB-UHFFFAOYSA-N,CC(Cc1ccc(O)cc1)C1CCC(C)C(c2ccc(O)cc2)C1,OCVMWGNMBKABQP-UHFFFAOYSA-N,test
1340,2531,BVPWJMCABCPUQY-UHFFFAOYSA-N,COc1cc(N)c(Cl)cc1C(=O)NC1CCN(Cc2ccccc2)CC1,LDGORKJXEGHFBK-UHFFFAOYSA-N,test
1341,2532,LQIUNNAXCPNEBY-UHFFFAOYSA-N,CC(C)Cc1ccc(C(=O)CC(Sc2ccccc2N)c2cccc([N+](=O)[O-])c2)cc1,XFMOIXTZMKSAPF-UHFFFAOYSA-N,test
1342,2533,IRUQUDYGEDZCLL-UHFFFAOYSA-N,Cc1ccc(S(=O)(=O)N(Cc2ccccc2)c2ccc(N)cc2O)cc1,NWEVQURHUSROFY-UHFFFAOYSA-N,test
1343,2534,MMEREBMEEJFGDP-UHFFFAOYSA-N,Cc1nn(S(=O)(=O)c2cc(C(F)(F)F)cc(C(F)(F)F)c2)cc1-c1nsc(Nc2ccccc2)n1,RLDJJXFBAVFUGA-UHFFFAOYSA-N,test
1344,2535,PNPNALAFJBTBHH-UHFFFAOYSA-N,O=C(CC1S/C(=N/c2ccc(C3CCCCC3)cc2)NC1=O)Nc1ccc(OC(F)(F)F)cc1,LHEPJLPPJGFRTK-UHFFFAOYSA-N,test
1345,2536,HYERRBRKDRGAKZ-UHFFFAOYSA-N,Oc1ccc(C2CC(c3ccccc3O)=Nc3ccccc3S2)cc1,MPAHDNFCERDKSX-UHFFFAOYSA-N,test
1346,2537,VKJNTWUNVOZAFH-AUEPDCJTSA-N,C/C(=N\O)c1ccc(Cl)c(NC(=O)c2c(-c3ccccc3Cl)noc2C)c1,LBMKKZJBOCYBME-UHFFFAOYSA-N,test
1347,2538,PJQUGBXJLUQYRX-UHFFFAOYSA-N,Fc1ccc(N(Cc2ccc3c(c2)OCO3)C(=S)Nc2cccc(C(F)(F)F)c2)cc1,BYUCGUMKBQIYAW-UHFFFAOYSA-N,train
1348,2539,KTSWYJBLLHNRLO-UHFFFAOYSA-N,COc1ccc(-c2cc(-c3ccc(N(C)C)cc3)nc(NS(=O)(=O)c3ccc(NC(C)=O)cc3)n2)cc1,ZDZXTUXDUMHCQE-UHFFFAOYSA-N,test
1349,2547,ZDWVWKDAWBGPDN-UHFFFAOYSA-O,CC[N+](C)(CC)CCC[n+]1c(-c2ccccc2)c2cc(N)ccc2c2ccc(N)cc21,XXWONCALJGBUFK-UHFFFAOYSA-O,test
1350,2551,YZEBCQMSYNIRDF-UHFFFAOYSA-N,Oc1c(CNCCCCCCCCCNc2c3c(nc4ccccc24)CCCC3)ccc2cccnc12,BEYZPMKEFLSJEI-UHFFFAOYSA-N,train
1351,2552,KDCDKEGHPMCTKJ-UHFFFAOYSA-N,Cc1ccc2ccc(CNCCCCCCCCNc3c4c(nc5ccccc35)CCCC4)c(O)c2n1,JVIRZDYESYVDMN-UHFFFAOYSA-N,train
1352,2553,WBQRDKIQMPMEDD-UHFFFAOYSA-N,Oc1c(CNCCCCCCCCCNc2c3c(nc4ccccc24)CCCC3)cc(Cl)c2cccnc12,BEYZPMKEFLSJEI-UHFFFAOYSA-N,train
1353,2557,RVOLLAQWKVFTGE-UHFFFAOYSA-N,CN(C)C(=O)Oc1ccc[n+](C)c1,JUJWROOIHBZHMG-UHFFFAOYSA-O,train
1354,2558,YNGSTYODGGYXSA-UHFFFAOYSA-N,CN(C)c1cccc(OC(=O)Nc2ccccc2)c1,XVNKRRXASPPECQ-UHFFFAOYSA-N,train
1355,2559,CQGHRZNZXOPOFO-UHFFFAOYSA-N,COS(=O)(=O)[O-].C[N+](C)(C)c1cccc(OC(=O)Nc2ccccc2)c1,XVNKRRXASPPECQ-UHFFFAOYSA-N,train
1356,2565,QFIKEMJSULRLJK-QWAKEFERSA-O,CN1c2ccc(OC(=O)Nc3ccccc3)cc2[C@]2(C)CC[N+](C)(C)C12,ULLJVPKUDFDJKB-UHFFFAOYSA-O,train
1357,2567,XHZNIFLABLRQGZ-IAXKEJLGSA-O,Cc1ccccc1NC(=O)Oc1ccc2c(c1)[C@]1(C)CC[N+](C)(C)C1N2C,ULLJVPKUDFDJKB-UHFFFAOYSA-O,train
1358,2569,IZIGCHHIRHKMJQ-GITCGBDTSA-O,CC(C)c1ccc(NC(=O)Oc2ccc3c(c2)[C@]2(C)CC[N+](C)(C)C2N3C)cc1,ULLJVPKUDFDJKB-UHFFFAOYSA-O,train
1359,2571,QAOKOBSRMLDYEY-WWKUNUPPSA-O,CC(C)c1ccc(NC(=O)Oc2ccc3c(c2)[C@]2(C)CC[N+](C)(CCc4ccccc4)C2N3C)cc1,FGYCMKQXOGBSDD-UHFFFAOYSA-O,train
1360,2572,WWDYNLRLCYEISG-UHFFFAOYSA-N,O=C(CCCN1C(=O)c2ccccc2C1=O)N1CCCCCC1,WWDYNLRLCYEISG-UHFFFAOYSA-N,test
1361,2577,XLACNYANFVDSES-UHFFFAOYSA-N,CCOC(=O)C1=CN(C)c2cccc(OC(=O)N(C)C)c2C1,ROBKVGDBQLURAF-UHFFFAOYSA-N,test
1362,2578,PFKPSOFWIQHOEE-ZANVPECISA-N,CNC(=O)Oc1ccc2c(c1)SC[C@@H]1CCN(C)[C@H]21,SLWUABGTWDNENO-KWQFWETISA-N,test
1363,2581,RIJIUXWTQZLGEH-YGRLFVJLSA-N,CNC(=O)Oc1ccc2c(c1)CC[C@@H]1CCN(C)[C@H]21,ICISUXWQUUKZMT-PWSUYJOCSA-N,train
1364,2586,AZSNSMQGNNSLPD-CYBMUJFWSA-N,C[C@H](c1cccc(OC(=O)N(C)C)c1)N1CCCCC1,NZVZVGPYTICZBZ-UHFFFAOYSA-N,train
1365,2590,PIJVFDBKTWXHHD-UKRRQHHQSA-N,CNC(=O)Oc1ccc2c(c1)[C@@]1(C)CCN(C)[C@@H]1N2C,VOWHONRMOCHCGC-LHIURRSHSA-N,train
1366,2591,NGUSEKDHYWDTPQ-UHFFFAOYSA-N,CC(C)c1ccc(NC(=O)Oc2ccc3c(c2)C2(C)COC(O3)O2)cc1,VRLUAVDWYSTYDA-UHFFFAOYSA-N,test
1367,2593,YSZQKPILONCHJM-VPUSJEBWSA-N,CNC(=O)Oc1ccc2c(c1)[C@]1(C)CCN(Cc3ccccc3)[C@@H]1N2Cc1ccccc1,WKOHIRBMSXYUCL-SYIFMXBLSA-N,test
1368,2594,LMOCORHCUOWHJF-UHFFFAOYSA-N,O=C(Nc1ccccc1Cl)Oc1ccc2c(c1)CCCN2Cc1ccccc1,IJADZTQNWHSQDA-UHFFFAOYSA-N,train
1369,2595,BLIZSWJUMPREPD-HIFRSBDPSA-N,CNC(=O)Oc1ccc2c(c1)[C@]1(C)CCN(C)[C@@H]1N2C=O,VOWHONRMOCHCGC-LHIURRSHSA-N,train
1370,2596,HFXBBZYSRYHHRW-MJGOQNOKSA-N,Cc1ccccc1NC(=O)Oc1ccc2c(c1)[C@]1(C)CCN[C@@H]1N2,ULLJVPKUDFDJKB-FQNRMIAFSA-N,train
1371,2600,GGURJTHKBIQYLT-UHFFFAOYSA-N,CCNC(=O)Oc1ccc2c(c1)C1(C)COC(O2)O1,JJQGXALJLCIDML-UHFFFAOYSA-N,train
1372,2602,RNBMJTUDVDLVNT-QUCCMNQESA-N,CN1CC[C@@]2(C)c3cc(OC(=O)Nc4ccccc4)ccc3N(C=O)[C@@H]12,ULLJVPKUDFDJKB-FQNRMIAFSA-N,train
1373,2603,UUQLGETXWSEMFB-RSXGOPAZSA-N,CN1CC[C@@]2(C)c3cc(OC(=O)Nc4ccccc4)ccc3N(Cc3ccccc3)[C@@H]12,XWHYLMWZWILHMT-GWQXNCQPSA-N,test
1374,2604,MFSFKJAYNZMHEN-CTNGQTDRSA-N,CNC(=O)Oc1ccc2c(c1)[C@]1(C)CCN(C)[C@@H]1N2Cc1ccccc1,YSXYQGDIUVECGI-OMOCHNIRSA-N,test
1375,2605,IIFRKALDATVOJE-GGAORHGYSA-N,CN1CC[C@@]2(C)c3cc(OC(=O)N4CCc5ccccc5C4)ccc3N(C)[C@@H]12,BFKYRMLUMLJZJD-LRTDYKAYSA-N,train
1376,2608,GUHMRCCRDRBMHO-UHFFFAOYSA-N,CNC(=O)Oc1ccc2c(c1)c(C)cn2Nc1ccncc1F,YFXZWVUZIPQSKX-UHFFFAOYSA-N,test
1377,2612,GPONHWSDHNCYFZ-JSGCOSHPSA-N,CNC(=O)Oc1ccc2c(c1)[C@]1(C)CCN(C)[C@@H]1N2,VOWHONRMOCHCGC-LHIURRSHSA-N,train
1378,2613,ZRWYMOGAPUKQLT-ICSRJNTNSA-N,Cc1ccccc1NC(=O)Oc1ccc2c(c1)[C@]1(C)CCN(C)[C@@H]1N2,ULLJVPKUDFDJKB-FQNRMIAFSA-N,train
1379,2615,GFBWOLCGRWIJDE-UHFFFAOYSA-N,CCCNc1c2c(nc3ccc(OC)cc13)CCCC2,RXBYRTSOWREATF-UHFFFAOYSA-N,train
1380,2617,KBBSAAQAJDSCGH-UHFFFAOYSA-N,CCCCCNc1c2c(nc3ccc(OC)cc13)CCCC2,RXBYRTSOWREATF-UHFFFAOYSA-N,train
1381,2618,FHJNAXWWTVBTEP-UHFFFAOYSA-N,CCCCCCNc1c2c(nc3ccc(OC)cc13)CCCC2,RXBYRTSOWREATF-UHFFFAOYSA-N,train
1382,2619,XRCKCYUZWSKFGD-UHFFFAOYSA-N,CCCCCCCNc1c2c(nc3ccc(OC)cc13)CCCC2,RXBYRTSOWREATF-UHFFFAOYSA-N,train
1383,2620,IFHMPKOJBNGXHV-UHFFFAOYSA-N,CCCCCCCCNc1c2c(nc3ccc(OC)cc13)CCCC2,RXBYRTSOWREATF-UHFFFAOYSA-N,train
1384,2621,CMKNYPAMAODIKM-UHFFFAOYSA-N,CCCCCCCCCNc1c2c(nc3ccc(OC)cc13)CCCC2,RXBYRTSOWREATF-UHFFFAOYSA-N,train
1385,2623,YFVGMWQTMYFWMS-UHFFFAOYSA-N,CCCCCCCCCCCCNc1c2c(nc3ccc(OC)cc13)CCCC2,RXBYRTSOWREATF-UHFFFAOYSA-N,train
1386,2631,IQVIPHARSHGADA-UHFFFAOYSA-N,COc1cc2c(cc1OC)C(=O)C1(C2)C(c2ccc(F)cc2)CN(C)C12C(=O)Nc1ccccc12,DSMOZEUXMCSUIB-UHFFFAOYSA-N,train
1387,2632,VVHJGKZGVWBDEY-UHFFFAOYSA-N,COc1ccc(C2CN(C)C3(C(=O)Nc4ccccc43)C23Cc2cc(OC)c(OC)cc2C3=O)cc1OC,DSMOZEUXMCSUIB-UHFFFAOYSA-N,train
1388,2633,JCRKWESNMGTARN-UHFFFAOYSA-N,COc1cc2c(cc1OC)C(=O)C1(C2)C(c2ccccc2)CN(C)C12C(=O)Nc1ccccc12,DSMOZEUXMCSUIB-UHFFFAOYSA-N,train
1389,2634,OCCFQVNBMSSLPG-UHFFFAOYSA-N,COc1cc2c(cc1OC)C(=O)C1(C2)C(c2ccccc2Cl)CN(C)C12C(=O)Nc1ccccc12,DSMOZEUXMCSUIB-UHFFFAOYSA-N,train
1390,2635,DPBIWBJSIRMTTR-UHFFFAOYSA-N,COc1cc2c(cc1OC)C(=O)C1(C2)C(c2ccc(F)cc2)CN(C)C12C(=O)Nc1ccc(Cl)cc12,DSMOZEUXMCSUIB-UHFFFAOYSA-N,train
1391,2636,WGXWWYALJTUFQJ-UHFFFAOYSA-N,COc1ccc(C2CN(C)C3(C(=O)Nc4ccc(Cl)cc43)C23Cc2cc(OC)c(OC)cc2C3=O)cc1OC,DSMOZEUXMCSUIB-UHFFFAOYSA-N,train
1392,2638,INCLLCIGHHXSPI-UHFFFAOYSA-N,COc1cc2c(cc1OC)C(=O)C1(C2)C(c2ccccc2Cl)CN(C)C12C(=O)Nc1ccc(Cl)cc12,DSMOZEUXMCSUIB-UHFFFAOYSA-N,train
1393,2639,UOCNUTYNIHRYPD-UHFFFAOYSA-N,COc1cc2c(cc1OC)C(=O)C1(C2)C(c2ccc(F)cc2)CN(C)C12C(=O)Nc1ccc([N+](=O)[O-])cc12,DSMOZEUXMCSUIB-UHFFFAOYSA-N,train
1394,2640,QYUROEYAFJQVKH-UHFFFAOYSA-N,COc1ccc(C2CN(C)C3(C(=O)Nc4ccc([N+](=O)[O-])cc43)C23Cc2cc(OC)c(OC)cc2C3=O)cc1OC,DSMOZEUXMCSUIB-UHFFFAOYSA-N,train
1395,2642,JIRMJXZEKAMOEK-UHFFFAOYSA-N,COc1cc2c(cc1OC)C(=O)C1(C2)C(c2ccccc2Cl)CN(C)C12C(=O)Nc1ccc([N+](=O)[O-])cc12,DSMOZEUXMCSUIB-UHFFFAOYSA-N,train
1396,2643,KEKTVADTRWDTIX-UHFFFAOYSA-N,COc1cc2c(cc1OC)C(=O)C1(C2)C(c2ccc(F)cc2)C(c2ccccc2)NC12C(=O)Nc1ccccc12,FOHMZMZGIYKSSS-UHFFFAOYSA-N,train
1397,2644,SHTVSSZRECVTPJ-UHFFFAOYSA-N,COc1ccc(C2C(c3ccccc3)NC3(C(=O)Nc4ccccc43)C23Cc2cc(OC)c(OC)cc2C3=O)cc1OC,FOHMZMZGIYKSSS-UHFFFAOYSA-N,train
1398,2645,BGGPCEJFXRSBSI-UHFFFAOYSA-N,COc1cc2c(cc1OC)C(=O)C1(C2)C(c2ccccc2)C(c2ccccc2)NC12C(=O)Nc1ccccc12,FOHMZMZGIYKSSS-UHFFFAOYSA-N,train
1399,2646,MAIPLBUKRSVRMT-UHFFFAOYSA-N,COc1cc2c(cc1OC)C(=O)C1(C2)C(c2ccccc2Cl)C(c2ccccc2)NC12C(=O)Nc1ccccc12,FOHMZMZGIYKSSS-UHFFFAOYSA-N,train
1400,2647,BVSHUOGAIIDBKK-UHFFFAOYSA-N,COc1cc2c(cc1OC)C(=O)C1(C2)C(c2ccc(F)cc2)C(c2ccccc2)NC12C(=O)Nc1ccc(Cl)cc12,FOHMZMZGIYKSSS-UHFFFAOYSA-N,train
1401,2648,REEWJWLYSHFTIW-UHFFFAOYSA-N,COc1ccc(C2C(c3ccccc3)NC3(C(=O)Nc4ccc(Cl)cc43)C23Cc2cc(OC)c(OC)cc2C3=O)cc1OC,FOHMZMZGIYKSSS-UHFFFAOYSA-N,train
1402,2649,GYHHALPUXKNWQM-UHFFFAOYSA-N,COc1cc2c(cc1OC)C(=O)C1(C2)C(c2ccccc2)C(c2ccccc2)NC12C(=O)Nc1ccc(Cl)cc12,FOHMZMZGIYKSSS-UHFFFAOYSA-N,train
1403,2653,HXMKDDKWRMCIPU-UHFFFAOYSA-N,COc1cc2c(cc1OC)C(=O)C1(C2)C(c2ccccc2)C(c2ccccc2)NC12C(=O)Nc1ccc([N+](=O)[O-])cc12,FOHMZMZGIYKSSS-UHFFFAOYSA-N,train
1404,2654,BKXPSTDRLRHBDC-UHFFFAOYSA-N,COc1cc2c(cc1OC)C(=O)C1(C2)C(c2ccccc2Cl)C(c2ccccc2)NC12C(=O)Nc1ccc([N+](=O)[O-])cc12,FOHMZMZGIYKSSS-UHFFFAOYSA-N,train
1405,2656,BGWSJOXUYWABSA-UHFFFAOYSA-N,CC(C)(C)c1cc[n+](CCCCCCCC[n+]2ccc(C(C)(C)C)cc2)cc1,NZCUMPHHTZXRCK-UHFFFAOYSA-N,test
1406,2657,YOMWUZRONLGHHJ-UHFFFAOYSA-N,CC(C)(C)c1cc[n+](CCCCCCCCCCCC[n+]2ccc(C(C)(C)C)cc2)cc1,PJYVBMNAFDUKRW-UHFFFAOYSA-N,test
1407,2658,JAZQZHGMPOIYPF-UHFFFAOYSA-N,CC(C)(C)c1cc[n+](CCCCCCCCCC[n+]2ccc(C(C)(C)C)cc2)cc1,UONDTBVSZIDJKA-UHFFFAOYSA-N,train
1408,2659,JKRDVRQPPOYWTL-UHFFFAOYSA-N,CC(C)(C)c1cc[n+](CCCCCCC[n+]2ccc(C(C)(C)C)cc2)cc1,SLZRUURKUVNJHO-UHFFFAOYSA-N,test
1409,2660,QWNIAMHRNCGDAT-MBALSZOMSA-N,CC(C)(C)c1cc[n+](/C=C2\C=CC3=CC/C(=C\[n+]4ccc(C(C)(C)C)cc4)C=C3C2)cc1,PLIHHYGGNHREHS-XPWSMXQVSA-N,test
1410,2661,PIAWAKHRHZZEIK-UHFFFAOYSA-N,CC(C)(C)c1cc[n+](CCCCCCCCCCC[n+]2ccc(C(C)(C)C)cc2)cc1,RMHVLBGFZUPBFB-UHFFFAOYSA-N,train
1411,2663,MJOOYCYKVGRRID-UHFFFAOYSA-N,CC(C)(C)c1cc[n+](CCCCCC[n+]2ccc(C(C)(C)C)cc2)cc1,WUAWIFPABARFIQ-UHFFFAOYSA-N,test
1412,2664,RYHRXPJGDAFICN-UHFFFAOYSA-N,CC(C)(C)c1cc[n+](CCCCCCCCC[n+]2ccc(C(C)(C)C)cc2)cc1,XJMUBKVBGNJFRH-UHFFFAOYSA-N,train
1413,2665,FKXZCXLZQSOPPI-UHFFFAOYSA-N,CC(C)(C)c1cc[n+](Cc2ccc(C[n+]3ccc(C(C)(C)C)cc3)cc2)cc1,FNDXYZZNFYPLLV-UHFFFAOYSA-N,train
1414,2666,PRSMLHLMHZPCHZ-UHFFFAOYSA-N,CC(C)(C)c1cc[n+](Cc2cccc(C[n+]3ccc(C(C)(C)C)cc3)c2)cc1,MGWGQFIVWOEKJL-UHFFFAOYSA-N,test
1415,2667,JMBVRTWRCLIWDR-FPLPWBNLSA-N,CC(C)(C)c1cc[n+](C/C=C\C[n+]2ccc(C(C)(C)C)cc2)cc1,GWUUPPPSIZYHCM-FPLPWBNLSA-N,train
1416,2668,JMBVRTWRCLIWDR-BQYQJAHWSA-N,CC(C)(C)c1cc[n+](C/C=C/C[n+]2ccc(C(C)(C)C)cc2)cc1,GWUUPPPSIZYHCM-BQYQJAHWSA-N,train
1417,2669,DVTOGPVSMNYLJQ-UHFFFAOYSA-N,CC(C)(C)c1cc[n+](CCCC[n+]2ccc(C(C)(C)C)cc2)cc1,MAEVORUJDMVVKA-UHFFFAOYSA-N,test
1418,2670,GTRJMKIJDDDXQG-UHFFFAOYSA-N,CC(C)(C)c1cc[n+](Cc2ccccc2C[n+]2ccc(C(C)(C)C)cc2)cc1,ZDDQSNVWQNIFDW-UHFFFAOYSA-N,test
1419,2691,OMPGPMBHVLLRMF-FGCNPPJOSA-N,CC(=O)O[C@H]1C[C@@H]2C(=CC[C@]3(C)[C@@H]([C@H](C)N(C)C)[C@H](O)C[C@@]23C)C[C@@]23O[C@@H]2[C@H]2OC[C@](C)([C@H]2NC(=O)c2ccccc2)[C@H]13,YSYXTOCQZZJQPQ-YMDXCDBESA-N,test
1420,2692,FBMFMDSVTBIJPB-CKTRUMDJSA-N,C[C@@H]([C@H]1[C@H](O)C[C@@]2(C)[C@@H]3C[C@H](O)[C@H]4[C@]5(C)CO[C@]4(C=C[C@@H]5NC(=O)c4ccccc4)CC3=CC[C@]12C)N(C)C,IKOLJXPQOBOIKI-WHQFWZOJSA-N,train
1421,2706,KGNFAYMSUAICCE-UHFFFAOYSA-N,O=C(CCC1CCN(Cc2ccccc2)CC1)c1ccc2c(c1)NC(c1ccccc1)N2,KGNFAYMSUAICCE-UHFFFAOYSA-N,train
1422,2709,JVNVQGLSKUWIEI-UHFFFAOYSA-N,O=C(CCC1CCN(Cc2ccccc2)CC1)c1ccc2c(c1)CNCCC2,JVNVQGLSKUWIEI-UHFFFAOYSA-N,train
1423,2710,MUPLQQBSTUZKET-UHFFFAOYSA-N,O=C(CCC1CCN(Cc2ccccc2)CC1)c1ccc2c(c1)CCNCC2,MUPLQQBSTUZKET-UHFFFAOYSA-N,test
1424,2711,INRAOCPTSHECTL-UHFFFAOYSA-N,O=C(CCC1CCN(Cc2ccccc2)CC1)c1ccc2c(c1)CNCCO2,INRAOCPTSHECTL-UHFFFAOYSA-N,train
1425,2712,XXUHSYCMSYGREM-UHFFFAOYSA-N,O=C(CCC1CCN(Cc2ccccc2)CC1)c1cc2c3c(c1)CC(=O)N3CCC2,XXUHSYCMSYGREM-UHFFFAOYSA-N,test
1426,2713,OCBMJTVTNDLOSK-UHFFFAOYSA-N,O=C(CCC1CCN(Cc2ccccc2)CC1)c1cc2c3c(c1)CCN3C(=O)CC2,OCBMJTVTNDLOSK-UHFFFAOYSA-N,test
1427,2714,NFTXISIRYWWQCH-UHFFFAOYSA-N,O=C(CCC1CCN(Cc2ccccc2F)CC1)c1cc2c3c(ccn3C(=O)CC2)c1,ICVPCSMALLMIGY-UHFFFAOYSA-N,train
1428,2715,OYOUZDWCUVNLTD-UHFFFAOYSA-N,O=C(CCC1CCN(Cc2cccc(F)c2)CC1)c1cc2c3c(ccn3C(=O)CC2)c1,ICVPCSMALLMIGY-UHFFFAOYSA-N,train
1429,2716,MRXNFHHIQYXLCZ-UHFFFAOYSA-N,O=C(CCC1CCN(Cc2ccccc2Cl)CC1)c1cc2c3c(ccn3C(=O)CC2)c1,ICVPCSMALLMIGY-UHFFFAOYSA-N,train
1430,2717,KFFZZHWEFQETQO-UHFFFAOYSA-N,O=C(CCC1CCN(Cc2cccc(Cl)c2)CC1)c1cc2c3c(ccn3C(=O)CC2)c1,ICVPCSMALLMIGY-UHFFFAOYSA-N,train
1431,2718,RUSFDUFFEYGRCA-UHFFFAOYSA-N,O=C(CCC1CCN(Cc2ccc(Cl)cc2)CC1)c1cc2c3c(ccn3C(=O)CC2)c1,ICVPCSMALLMIGY-UHFFFAOYSA-N,train
1432,2719,OLTPXEYIHUWLFT-UHFFFAOYSA-N,COc1ccccc1CN1CCC(CCC(=O)c2cc3c4c(ccn4C(=O)CC3)c2)CC1,ICVPCSMALLMIGY-UHFFFAOYSA-N,train
1433,2720,GJEHCITUSPVLLH-UHFFFAOYSA-N,COc1cccc(CN2CCC(CCC(=O)c3cc4c5c(ccn5C(=O)CC4)c3)CC2)c1,ICVPCSMALLMIGY-UHFFFAOYSA-N,train
1434,2721,YPTZNQZPLHCHTB-UHFFFAOYSA-N,COc1ccc(CN2CCC(CCC(=O)c3cc4c5c(ccn5C(=O)CC4)c3)CC2)cc1,ICVPCSMALLMIGY-UHFFFAOYSA-N,train
1435,2722,GEZUZKUTYJTVML-UHFFFAOYSA-N,O=C(CCC1CCN(Cc2ccccc2O)CC1)c1cc2c3c(ccn3C(=O)CC2)c1,ICVPCSMALLMIGY-UHFFFAOYSA-N,train
1436,2723,SPAOQVWPSOQXTP-UHFFFAOYSA-N,O=C(CCC1CCN(Cc2cccc(O)c2)CC1)c1cc2c3c(ccn3C(=O)CC2)c1,ICVPCSMALLMIGY-UHFFFAOYSA-N,train
1437,2724,YUWFYYYSTMOZFJ-UHFFFAOYSA-N,O=C(CCC1CCN(Cc2ccccc2[N+](=O)[O-])CC1)c1cc2c3c(ccn3C(=O)CC2)c1,ICVPCSMALLMIGY-UHFFFAOYSA-N,train
1438,2725,CGVNEHLIQQXEPD-UHFFFAOYSA-N,O=C(CCC1CCN(Cc2cccc([N+](=O)[O-])c2)CC1)c1cc2c3c(ccn3C(=O)CC2)c1,ICVPCSMALLMIGY-UHFFFAOYSA-N,train
1439,2726,XACMNRBVWCIPLK-UHFFFAOYSA-N,O=C(CCC1CCN(Cc2ccccc2)CC1)c1cc2c3c(c1)CCC(=O)N3CCC2,XACMNRBVWCIPLK-UHFFFAOYSA-N,test
1440,2727,VEEUYGGNXIZQMM-UHFFFAOYSA-N,O=C(CCC1CCN(Cc2ccccc2)CC1)c1cc2c3c(c1)CCN3C(=O)CCC2,VEEUYGGNXIZQMM-UHFFFAOYSA-N,test
1441,2740,CZWCAVOCGLPUTE-UHFFFAOYSA-N,CS(=O)(=O)Nc1ccc2c(CCC3CCN(Cc4ccccc4)CC3)noc2c1,PEZZRWUONLGRDN-UHFFFAOYSA-N,train
1442,2741,ATASLUKKLHOVPH-UHFFFAOYSA-N,c1ccc(CN2CCC(CCc3noc4cc(C5CCCCC5)ccc34)CC2)cc1,ATASLUKKLHOVPH-UHFFFAOYSA-N,train
1443,2754,GAALVBXZLIDHQH-UHFFFAOYSA-N,O=C(CCC1CCN(Cc2ccc(F)cc2)CC1)c1cc2c3c(ccn3C(=O)CC2)c1,ICVPCSMALLMIGY-UHFFFAOYSA-N,train
1444,2755,BBXSIHLAWFYROK-UHFFFAOYSA-N,O=C(CCC1CCN(Cc2ccc(O)cc2)CC1)c1cc2c3c(ccn3C(=O)CC2)c1,ICVPCSMALLMIGY-UHFFFAOYSA-N,train
1445,2756,OFJBQIDHQDBFPW-UHFFFAOYSA-N,O=C(CCC1CCN(Cc2ccc([N+](=O)[O-])cc2)CC1)c1cc2c3c(ccn3C(=O)CC2)c1,ICVPCSMALLMIGY-UHFFFAOYSA-N,train
1446,2763,AJMNQFJBFWKBJZ-UHFFFAOYSA-P,C[N+](C)(CCNC(=O)C(=O)NCC[N+](C)(C)Cc1ccccc1Cl)Cc1ccccc1Cl,DSERASARYOXWOK-UHFFFAOYSA-P,train
1447,2769,AVWREEWMESQTNI-UHFFFAOYSA-N,c1ccc2c[n+](CCCCCC[n+]3ccc4ccccc4c3)ccc2c1,AVWREEWMESQTNI-UHFFFAOYSA-N,train
1448,2770,WTEHSLBHHPNNTR-UHFFFAOYSA-N,c1ccc2c[n+](CCCCCCC[n+]3ccc4ccccc4c3)ccc2c1,WTEHSLBHHPNNTR-UHFFFAOYSA-N,test
1449,2771,GMXBRECDYFCFAU-UHFFFAOYSA-N,c1ccc2c[n+](CCCCCCCC[n+]3ccc4ccccc4c3)ccc2c1,GMXBRECDYFCFAU-UHFFFAOYSA-N,train
1450,2772,UTOPPHLSAAJWHX-UHFFFAOYSA-N,c1ccc2c[n+](CCCCCCCCC[n+]3ccc4ccccc4c3)ccc2c1,UTOPPHLSAAJWHX-UHFFFAOYSA-N,test
1451,2773,LRDCLONACLGVJA-UHFFFAOYSA-N,c1ccc2c[n+](CCCCCCCCCC[n+]3ccc4ccccc4c3)ccc2c1,LRDCLONACLGVJA-UHFFFAOYSA-N,test
1452,2774,ULIWBOHRWMGXPR-UHFFFAOYSA-N,c1ccc2c[n+](CCCCCCCCCCC[n+]3ccc4ccccc4c3)ccc2c1,ULIWBOHRWMGXPR-UHFFFAOYSA-N,test
1453,2776,BYZAGCWPLBSOCX-UHFFFAOYSA-N,c1ccc2c[n+](COC[n+]3ccc4ccccc4c3)ccc2c1,BYZAGCWPLBSOCX-UHFFFAOYSA-N,train
1454,2778,PGHUZXCSVQYQGG-AATRIKPKSA-N,C(=C\C[n+]1ccc2ccccc2c1)/C[n+]1ccc2ccccc2c1,PGHUZXCSVQYQGG-AATRIKPKSA-N,test
1455,2781,SREHLCDERLVEFU-UHFFFAOYSA-N,c1cc(C[n+]2ccc3ccccc3c2)cc(C[n+]2ccc3ccccc3c2)c1,SREHLCDERLVEFU-UHFFFAOYSA-N,test
1456,2783,KNPXKNFBXUYCEE-UHFFFAOYSA-N,c1ccc2c[n+](Cc3ccc4ccc(C[n+]5ccc6ccccc6c5)cc4c3)ccc2c1,KNPXKNFBXUYCEE-UHFFFAOYSA-N,test
1457,2789,XKOPPJJSUOIQCM-UHFFFAOYSA-N,c1ccc2c(c1)ccc[n+]2CCC[n+]1cccc2ccccc21,XKOPPJJSUOIQCM-UHFFFAOYSA-N,test
1458,2791,PYAUTVAEUKAKHU-UHFFFAOYSA-N,c1ccc2c(c1)ccc[n+]2CCCCC[n+]1cccc2ccccc21,PYAUTVAEUKAKHU-UHFFFAOYSA-N,test
1459,2793,BLMJGURMDNTUKU-UHFFFAOYSA-N,c1ccc2c(c1)ccc[n+]2CCCCCCC[n+]1cccc2ccccc21,BLMJGURMDNTUKU-UHFFFAOYSA-N,train
1460,2794,LGGRUTTWKKNPBL-UHFFFAOYSA-N,c1ccc2c(c1)ccc[n+]2CCCCCCCC[n+]1cccc2ccccc21,LGGRUTTWKKNPBL-UHFFFAOYSA-N,test
1461,2795,FEWPEMHIXGPAEH-UHFFFAOYSA-N,c1ccc2c(c1)ccc[n+]2CCCCCCCCC[n+]1cccc2ccccc21,FEWPEMHIXGPAEH-UHFFFAOYSA-N,train
1462,2796,YZDRSBRUONQQBH-UHFFFAOYSA-N,c1ccc2c(c1)ccc[n+]2CCCCCCCCCC[n+]1cccc2ccccc21,YZDRSBRUONQQBH-UHFFFAOYSA-N,test
1463,2797,XZWPKRVTYLJQOV-UHFFFAOYSA-N,c1ccc2c(c1)ccc[n+]2CCCCCCCCCCC[n+]1cccc2ccccc21,XZWPKRVTYLJQOV-UHFFFAOYSA-N,test
1464,2798,KQWKYDIWXCLYSS-UHFFFAOYSA-N,c1ccc2c(c1)ccc[n+]2CCCCCCCCCCCC[n+]1cccc2ccccc21,KQWKYDIWXCLYSS-UHFFFAOYSA-N,test
1465,2801,SDYUXZXBOSJBHM-AATRIKPKSA-N,C(=C\C[n+]1cccc2ccccc21)/C[n+]1cccc2ccccc21,SDYUXZXBOSJBHM-AATRIKPKSA-N,test
1466,2802,SDYUXZXBOSJBHM-WAYWQWQTSA-N,C(=C/C[n+]1cccc2ccccc21)/C[n+]1cccc2ccccc21,SDYUXZXBOSJBHM-WAYWQWQTSA-N,test
1467,2805,WPOFAFLYGQHUBW-UHFFFAOYSA-N,c1ccc2c(c1)ccc[n+]2Cc1ccc2ccc(C[n+]3cccc4ccccc43)cc2c1,WPOFAFLYGQHUBW-UHFFFAOYSA-N,test
1468,2818,NAYIVRUMIMUOGQ-UHFFFAOYSA-N,c1ccc2c(CNc3ccnc(N4CCCC4)n3)cccc2c1,NAYIVRUMIMUOGQ-UHFFFAOYSA-N,test
1469,2820,JAXXPQUWOTTXGC-UHFFFAOYSA-N,CC1CCN(c2nccc(NCCc3ccccc3)n2)CC1,NRHMKKHAPYQNPA-UHFFFAOYSA-N,test
1470,2824,MIALFBONYMMUFB-UHFFFAOYSA-N,c1ccc(CCNc2ccnc(N3CCCC3)n2)cc1,MIALFBONYMMUFB-UHFFFAOYSA-N,test
1471,2845,PGBNXXDXGXQQRQ-UHFFFAOYSA-N,c1ccc(CNc2ccnc(N3CCCC3)n2)cc1,PGBNXXDXGXQQRQ-UHFFFAOYSA-N,test
1472,2853,LAYZENWRJFTEBJ-UHFFFAOYSA-N,COc1cc(CNCCCNC2=CC(=O)C(NCCCNCc3ccc(O)c(OC)c3)=CC2=O)ccc1O,ZMIVPHRLYCRQNU-UHFFFAOYSA-N,train
1473,2854,ASJXQHKDXMZZHI-UHFFFAOYSA-N,COc1cc(CNCCCCCCNC2=CC(=O)C(NCCCCCCNCc3ccc(O)c(OC)c3)=CC2=O)ccc1O,BWDSTVFADYFLHE-UHFFFAOYSA-N,train
1474,2860,DMJZMKWUENVGJJ-UHFFFAOYSA-N,O=C1C=C(NCCCCCCNCc2ccc(-c3nc4ccccc4s3)cc2)C(=O)C=C1NCCCCCCNCc1ccc(-c2nc3ccccc3s2)cc1,DMJZMKWUENVGJJ-UHFFFAOYSA-N,train
1475,2861,SVAAENNVLVWYJB-UHFFFAOYSA-N,c1cc(C[n+]2ccc(N3CCCCC3)cc2)ccc1C[n+]1ccc(N2CCCCC2)cc1,SVAAENNVLVWYJB-UHFFFAOYSA-N,test
1476,2862,XYGKCUFPPNMELX-UHFFFAOYSA-N,c1cc(C[n+]2ccc(N3CCCCC3)cc2)cc(-c2cccc(C[n+]3ccc(N4CCCCC4)cc3)c2)c1,XYGKCUFPPNMELX-UHFFFAOYSA-N,test
1477,2863,UIHMPKAPVFKAFT-UHFFFAOYSA-N,c1cc(C[N+]23CCC(CC2)CC3)cc(-c2cccc(C[N+]34CCC(CC3)CC4)c2)c1,UIHMPKAPVFKAFT-UHFFFAOYSA-N,test
1478,2864,UOZATCLUCGFJDA-UHFFFAOYSA-N,COc1cc2c(cc1OC)CN(c1cc[n+](Cc3ccc(C[n+]4ccc(N5CCCCC5)cc4)cc3)cc1)CC2,BXXICGWXQFEDAP-UHFFFAOYSA-N,train
1479,2867,LJAFQNCTOAFIMB-UHFFFAOYSA-N,CCN(CC)CC(=O)Nc1ccc(C(=O)c2ccc(CN(C)Cc3ccccc3)cc2)cc1,GKXJDPQNEUIPCD-UHFFFAOYSA-N,train
1480,2868,BXPGUJXYGPCRGA-UHFFFAOYSA-N,CN(Cc1ccccc1)Cc1ccc(C(=O)c2ccc(NC(=O)CN3CCCCC3)cc2)cc1,MBSJCNKRIOGOKH-UHFFFAOYSA-N,test
1481,2869,JDOLORVWCDRHKG-UHFFFAOYSA-N,CN(Cc1ccccc1)Cc1ccc(C(=O)c2ccc(NC(=O)CN3CCOCC3)cc2)cc1,ROUMSDZFMIJNCO-UHFFFAOYSA-N,test
1482,2870,NBHYLXBADHTHTJ-UHFFFAOYSA-N,CN(Cc1ccccc1)Cc1ccc(C(=O)c2ccc(NC(=O)CCCCN3CCCCC3)cc2)cc1,CZBDULQWWCSSTR-UHFFFAOYSA-N,train
1483,2871,DJHKGGQDSKLOIG-UHFFFAOYSA-N,CCN(CC)CCCOc1ccc(C(=O)c2ccc(CN(C)Cc3ccccc3)cc2)cc1,GKXJDPQNEUIPCD-UHFFFAOYSA-N,train
1484,2872,WFNOXQQPVZJHPW-UHFFFAOYSA-N,CN(Cc1ccccc1)Cc1ccc(C(=O)c2ccc(OCCCN3CCCCC3)cc2)cc1,MUZKDLUPRQIISK-UHFFFAOYSA-N,test
1485,2873,MWWZUDCUVPZYEH-UHFFFAOYSA-N,CN(Cc1ccccc1)Cc1ccc(C(=O)c2ccc(OCCCN3CCOCC3)cc2)cc1,GIEJESFZGPSEJN-UHFFFAOYSA-N,train
1486,2874,KHXUDLHKQASZJR-UHFFFAOYSA-N,CN(Cc1ccccc1)Cc1ccc(C(=O)c2ccc(OCCCN3CCC(n4c(=O)[nH]c5ccccc54)CC3)cc2)cc1,SNLGXENXRSMKPZ-UHFFFAOYSA-N,test
1487,2875,GGNRKWVBPHCWIF-UHFFFAOYSA-N,CCN(CC)CCCCCOc1ccc(C(=O)c2ccc(CN(C)Cc3ccccc3)cc2)cc1,GKXJDPQNEUIPCD-UHFFFAOYSA-N,train
1488,2876,GKGGPNXFKDZMQC-UHFFFAOYSA-N,CN(Cc1ccccc1)Cc1ccc(C(=O)c2ccc(OCCCCCN3CCCCC3)cc2)cc1,FYWFHMXKMJNXGS-UHFFFAOYSA-N,train
1489,2877,CBEKIFXSBAHZGW-UHFFFAOYSA-N,CCN(CC)CCCCCCOc1ccc(C(=O)c2ccc(CN(C)Cc3ccccc3)cc2)cc1,GKXJDPQNEUIPCD-UHFFFAOYSA-N,train
1490,2878,NYVBQRTTYHHRCD-UHFFFAOYSA-N,CN(Cc1ccccc1)Cc1ccc(C(=O)c2ccc(OCCCCCCN3CCCCC3)cc2)cc1,BGFVDKJHBBUGIK-UHFFFAOYSA-N,train
1491,2879,SDRNTFZOPOEUSB-UHFFFAOYSA-N,CCN(CC)CCCCCCCOc1ccc(C(=O)c2ccc(CN(C)Cc3ccccc3)cc2)cc1,GKXJDPQNEUIPCD-UHFFFAOYSA-N,train
1492,2880,WSCLZQFXVHSGBN-UHFFFAOYSA-N,CN(Cc1ccccc1)Cc1ccc(C(=O)c2ccc(OCCCCCCCN3CCCCC3)cc2)cc1,YFTZUNFODOMQOU-UHFFFAOYSA-N,test
1493,2881,PKMOPDBOZLQVPB-UHFFFAOYSA-N,CCN(CC)CCc1ccc(Oc2ccc(C(=O)c3ccc(CN(C)Cc4ccccc4)cc3)cc2)cc1,KLIDKQGGBABHRK-UHFFFAOYSA-N,test
1494,2892,CDOZDBSBBXSXLB-UHFFFAOYSA-N,CCN(CC)C(C)CN1c2ccccc2Sc2ccccc21,WJFKNYWRSNBZNX-UHFFFAOYSA-N,train
1495,2906,WKDFOVDLOVYRAJ-JDXGNMNLSA-N,CC(C)c1ccc(NC(=O)Oc2ccc3c(c2)[C@]2(C)CCN(CCc4ccccc4)[C@@H]2N3C)cc1,FGYCMKQXOGBSDD-FHZUCYEKSA-N,train
1496,2907,ZVFOYXYQFFWDEX-UHFFFAOYSA-N,CN(C)CC(C)(C)c1cccc(OC(=O)NCCCCN2CCOCC2)c1,HYLWBWVTNPMJSH-UHFFFAOYSA-N,train
1497,2909,QCEWCMMSOWEHFC-UHFFFAOYSA-N,CCN(CC)C(C)C(=O)N1c2ccccc2Sc2ccccc21,WJFKNYWRSNBZNX-UHFFFAOYSA-N,train
1498,2919,HKJROXHSAHRDAO-HOTGVXAUSA-N,C[C@@H](Cc1ccccc1)NC(=O)Oc1cccc([C@H](C)N(C)C)c1,HAXCSBJTTMWOMN-UHFFFAOYSA-N,train
1499,2920,HKJROXHSAHRDAO-CVEARBPZSA-N,C[C@H](Cc1ccccc1)NC(=O)Oc1cccc([C@H](C)N(C)C)c1,HAXCSBJTTMWOMN-UHFFFAOYSA-N,train
1500,2921,QGKSWUZOCNWHHA-IRXDYDNUSA-N,C[C@@H](c1cccc(OC(=O)N(C)[C@@H](C)Cc2ccccc2)c1)N(C)C,HAXCSBJTTMWOMN-UHFFFAOYSA-N,train
1501,2922,QGKSWUZOCNWHHA-SJORKVTESA-N,C[C@H](Cc1ccccc1)N(C)C(=O)Oc1cccc([C@H](C)N(C)C)c1,HAXCSBJTTMWOMN-UHFFFAOYSA-N,train
1502,2925,IIOIREJLGHVBEW-PVSMGPIOSA-N,C[C@@H]([C@H]1[C@H](O)C[C@@]2(C)[C@@H]3CC[C@H]4[C@]5(C)COC(C(C)(C)F)=N[C@H]5CC[C@@]45C[C@@]35C(=O)C[C@]12C)N(C)C,GHTRHGIMNKDACG-LETNVAMUSA-N,train
1503,2926,LXDBYLCKHFKKMI-GDDBXAOJSA-N,C[C@@H]([C@H]1[C@H](O)C[C@@]2(C)[C@@H]3CC[C@H]4[C@]5(C)COC(C(F)(C(F)(F)F)C(F)(F)F)=N[C@H]5CC[C@@]45C[C@@]35C(=O)C[C@]12C)N(C)C,GHTRHGIMNKDACG-LETNVAMUSA-N,train
1504,2930,FOVBVZLMLHBULA-DBCGSKAISA-N,CC(C)C1=N[C@H]2CC[C@]34C[C@]35C(=O)C[C@]3(C)[C@@H]([C@H](C)N(C)C)[C@H](O)C[C@@]3(C)[C@@H]5CC[C@H]4[C@]2(C)C=C1,ZWZGJWMQIIMKKD-VNRATWPSSA-N,test
1505,2931,XXJQHNDZKODONX-DBCGSKAISA-N,CC(C)C1=N[C@H]2CC[C@]34C[C@]35C(=O)C[C@]3(C)[C@@H]([C@H](C)N(C)C)[C@H](O)C[C@@]3(C)[C@@H]5CC[C@H]4[C@]2(C)CC1,NFPBTGUWAVUJPB-VNRATWPSSA-N,test
1506,2932,DTDCDTSLQAMFQK-PDIVMOMKSA-N,CC(C)C1=N[C@H]2CC[C@]34C[C@]35C(=O)C[C@]3(C)[C@@H]([C@H](C)N(C)C)[C@H](O)C[C@@]3(C)[C@@H]5CC[C@H]4[C@]2(C)CS1,ABKDUSYLKSLQKV-LETNVAMUSA-N,train
1507,2933,XMAZYYDJYBXRBC-LAYXPMECSA-N,CN[C@@H](C)[C@H]1[C@H](O)C[C@@]2(C)[C@@H]3CC[C@H]4[C@]5(C)CSC(C(C)C)=N[C@H]5CC[C@@]45C[C@@]35C(=O)C[C@]12C,ABKDUSYLKSLQKV-LETNVAMUSA-N,train
1508,2934,USMPQJQUGATUJU-FPIMZWEASA-N,CC(=O)N(C)[C@@H](C)[C@H]1[C@H](O)C[C@@]2(C)[C@@H]3CC[C@H]4[C@]5(C)CSC(C(C)C)=N[C@H]5CC[C@@]45C[C@@]35C(=O)C[C@]12C,ABKDUSYLKSLQKV-LETNVAMUSA-N,train
1509,2935,WYTLMUZAZAXEOI-FDWYMNALSA-N,CC(C)C1=N[C@H]2CC[C@]34C[C@]35C(=O)C[C@]3(C)[C@@H]([C@H](C)N(C)C(=O)c6ccccc6)[C@H](O)C[C@@]3(C)[C@@H]5CC[C@H]4[C@]2(C)CS1,RCURXEIDTJLNEH-DBUHGEHTSA-N,test
1510,2936,YQRCNYYDEFPBOB-RQTKVAEISA-N,CC(C)C1=N[C@H]2CC[C@]34C[C@]35C(=O)C[C@]3(C)[C@@H]([C@H](C)N(C)C(=O)OC(C)(C)C)[C@H](O)C[C@@]3(C)[C@@H]5CC[C@H]4[C@]2(C)CS1,ABKDUSYLKSLQKV-LETNVAMUSA-N,train
1511,2937,WOJRPSBNVRDMLF-VRGGLLGESA-N,CC(C)C1=N[C@H]2CC[C@]34C[C@]35C(=O)C[C@]3(C)[C@@H]([C@H](C)N(C)Cc6ccccc6)[C@H](O)C[C@@]3(C)[C@@H]5CC[C@H]4[C@]2(C)CS1,QJYDWYKRJCYXDL-BVIHQWTGSA-N,train
1512,2938,DTTWZPSCBDLSIM-KXMYWBMJSA-N,CC(C)C1=N[C@H]2CC[C@]34C[C@]35C(=O)C[C@]3(C)[C@@H]([C@H](C)N(C)CCc6ccccc6)[C@H](O)C[C@@]3(C)[C@@H]5CC[C@H]4[C@]2(C)CS1,SWCJRPRGZRYPLE-DUOMIRJXSA-N,test
1513,2939,VIXJWHYOARGMSA-ZCBCEXPUSA-N,CC(C)C1=N[C@H]2CC[C@]34C[C@]35C(=O)C[C@]3(C)[C@@H]([C@H](C)N(C)CCCc6ccccc6)[C@H](O)C[C@@]3(C)[C@@H]5CC[C@H]4[C@]2(C)CS1,GADQUMYHDUBVIK-HSNWFKKSSA-N,train
1514,2940,BSACLFCWNMRHBP-DRFRAUJUSA-N,COc1ccccc1CN(C)[C@@H](C)[C@H]1[C@H](O)C[C@@]2(C)[C@@H]3CC[C@H]4[C@]5(C)CSC(C(C)C)=N[C@H]5CC[C@@]45C[C@@]35C(=O)C[C@]12C,QJYDWYKRJCYXDL-BVIHQWTGSA-N,train
1515,2941,MNADYPWSJDDNJK-SGOUQRLHSA-N,COc1cccc(CN(C)[C@@H](C)[C@H]2[C@H](O)C[C@@]3(C)[C@@H]4CC[C@H]5[C@]6(C)CSC(C(C)C)=N[C@H]6CC[C@@]56C[C@@]46C(=O)C[C@]23C)c1,QJYDWYKRJCYXDL-BVIHQWTGSA-N,train
1516,2942,JNQCYAPDXOOPBU-SGOUQRLHSA-N,COc1ccc(CN(C)[C@@H](C)[C@H]2[C@H](O)C[C@@]3(C)[C@@H]4CC[C@H]5[C@]6(C)CSC(C(C)C)=N[C@H]6CC[C@@]56C[C@@]46C(=O)C[C@]23C)cc1,QJYDWYKRJCYXDL-BVIHQWTGSA-N,train
1517,2943,YTWWSBXEMIYTEK-NGZBDLKASA-N,CC(C)C1=N[C@H]2CC[C@]34C[C@]35C(=O)C[C@]3(C)[C@@H]([C@H](C)N(C)Cc6ccccc6C(F)(F)F)[C@H](O)C[C@@]3(C)[C@@H]5CC[C@H]4[C@]2(C)CS1,QJYDWYKRJCYXDL-BVIHQWTGSA-N,train
1518,2944,WOMHDKBUDDJYHQ-NGZBDLKASA-N,CC(C)C1=N[C@H]2CC[C@]34C[C@]35C(=O)C[C@]3(C)[C@@H]([C@H](C)N(C)Cc6cccc(C(F)(F)F)c6)[C@H](O)C[C@@]3(C)[C@@H]5CC[C@H]4[C@]2(C)CS1,QJYDWYKRJCYXDL-BVIHQWTGSA-N,train
1519,2945,AGHZIEXSJDHZPW-NGZBDLKASA-N,CC(C)C1=N[C@H]2CC[C@]34C[C@]35C(=O)C[C@]3(C)[C@@H]([C@H](C)N(C)Cc6ccc(C(F)(F)F)cc6)[C@H](O)C[C@@]3(C)[C@@H]5CC[C@H]4[C@]2(C)CS1,QJYDWYKRJCYXDL-BVIHQWTGSA-N,train
1520,2946,JEZIOZMCMPTLRQ-RKYOAFJVSA-N,CC(C)C1=N[C@H]2CC[C@]34C[C@]35C(=O)C[C@]3(C)[C@@H]([C@H](C)N(C)CCN6C(=O)c7ccccc7C6=O)[C@H](O)C[C@@]3(C)[C@@H]5CC[C@H]4[C@]2(C)CS1,UVALZXJXVIPTBJ-AMKOLVODSA-N,test
1521,2947,BODOHUCWCQTCDD-LBWKNVSKSA-N,CC(C)C1=N[C@H]2CC[C@]34C[C@]35C(=O)C[C@]3(C)[C@@H]([C@H](C)N(C)CCCN6C(=O)c7ccccc7C6=O)[C@H](O)C[C@@]3(C)[C@@H]5CC[C@H]4[C@]2(C)CS1,QEUYLKZLLHQFAX-JOOKONRKSA-N,test
1522,2950,GYTGGYLIEXABJO-UHFFFAOYSA-N,O=C(NCCNc1c2c(nc3ccccc13)CCCC2)c1ccc(F)cc1,OBJUJWLRUGLQHZ-UHFFFAOYSA-N,train
1523,2951,MNVLEOSJQKCUMW-UHFFFAOYSA-N,O=C(NCCCNc1c2c(nc3ccccc13)CCCC2)c1ccc(F)cc1,KRXZWCABPZLVBL-UHFFFAOYSA-N,train
1524,2952,OXDAHGHESMCUFV-UHFFFAOYSA-N,O=C(NCCCCNc1c2c(nc3ccccc13)CCCC2)c1ccc(F)cc1,GQSOUIQKDSCQSH-UHFFFAOYSA-N,train
1525,2954,CMHPNWZOHZNFLB-UHFFFAOYSA-N,c1ccc2c(NCCCCCCN3CCOCC3)c3c(nc2c1)CCCC3,CMHPNWZOHZNFLB-UHFFFAOYSA-N,train
1526,2955,GMQZFOMNKDBEQB-UHFFFAOYSA-N,c1ccc2c(NCCCCCCCN3CCOCC3)c3c(nc2c1)CCCC3,GMQZFOMNKDBEQB-UHFFFAOYSA-N,train
1527,2956,RMOFGAOSNXMCIZ-UHFFFAOYSA-N,c1ccc2c(NCCCCCCCCN3CCOCC3)c3c(nc2c1)CCCC3,RMOFGAOSNXMCIZ-UHFFFAOYSA-N,test
1528,2957,PWPZNYJSIAPFAS-UHFFFAOYSA-N,c1ccc2c(NCCCCCCCCCN3CCOCC3)c3c(nc2c1)CCCC3,PWPZNYJSIAPFAS-UHFFFAOYSA-N,test
1529,2958,YEDTVNQWFBUMMP-UHFFFAOYSA-N,c1ccc2c(NCCCCCCCCCCN3CCOCC3)c3c(nc2c1)CCCC3,YEDTVNQWFBUMMP-UHFFFAOYSA-N,test
1530,2959,BFOOQYHXKGWIBI-UHFFFAOYSA-N,O=c1c2ccc(OCCCCCCCNc3c4c(nc5ccccc35)CCCC4)cc2oc2ncccc12,BFOOQYHXKGWIBI-UHFFFAOYSA-N,train
1531,2960,CYAYCBCGPZWTLM-UHFFFAOYSA-N,c1ccc2c(c1)Cc1c-2nc2ccccc2c1NCCCCCCCNc1c2c(nc3ccccc13)CCCC2,CYAYCBCGPZWTLM-UHFFFAOYSA-N,train
1532,2961,ASEDWXNMPGNYLM-UHFFFAOYSA-N,Clc1ccc2c(NCCCCCCCNc3c4c(nc5ccccc35)-c3ccccc3C4)c3c(nc2c1)CCCC3,CYAYCBCGPZWTLM-UHFFFAOYSA-N,train
1533,2962,QUXSCHHIUKJGMX-UHFFFAOYSA-N,Clc1ccc2c(NCCCCCCCNc3c4c(nc5cc(Cl)ccc35)-c3ccccc3C4)c3c(nc2c1)CCCC3,CYAYCBCGPZWTLM-UHFFFAOYSA-N,train
1534,2963,YKUWYPPZSUFMOI-UHFFFAOYSA-N,Clc1ccc2c(NCCCCCCCOc3ccc(-c4cc5ccccc5o4)cc3)c3c(nc2c1)CCCC3,LXHLLMBSBHOUQL-UHFFFAOYSA-N,test
1535,2964,WJLFEPIYIQDTHA-UHFFFAOYSA-N,Clc1ccc2c(NCCCCCCCOc3cccc(-c4cc5ccccc5o4)c3)c3c(nc2c1)CCCC3,OAWQVNVBGWRZNC-UHFFFAOYSA-N,test
1536,2965,NQXQNWAFOUTKOY-UHFFFAOYSA-N,c1ccc2c(c1)Cc1c-2nc2ccccc2c1NCCCCCCCNc1c2c(nc3ccccc13)-c1ccccc1C2,NQXQNWAFOUTKOY-UHFFFAOYSA-N,test
1537,2973,DPVZNLKVPWECGM-UHFFFAOYSA-N,c1ccc2c(CNc3ccnc(N4CCN(C5CCCCC5)CC4)n3)cccc2c1,DPVZNLKVPWECGM-UHFFFAOYSA-N,train
1538,2977,DHFIEEAUWIMEDU-UHFFFAOYSA-N,OCCN1CCN(c2nccc(NCc3cccc4ccccc34)n2)CC1,XGFNUPSMSGUBHW-UHFFFAOYSA-N,test
1539,2984,PUBPSPLUBMSJBN-UHFFFAOYSA-N,c1ccc(C(Nc2ccnc(N3CCN(C4CCCCC4)CC3)n2)c2ccccc2)cc1,PUBPSPLUBMSJBN-UHFFFAOYSA-N,test
1540,2993,NHCDDUNWYVJRPS-NQLNTKRDSA-N,CCCCC/C=C\C/C=C\CCCCCCCC(=O)OCCCc1cc(OC)c2oc(-c3ccc4c(c3)OCO4)cc2c1,DGXHKSQAMQUCQT-UHFFFAOYSA-N,train
1541,2994,GVZWPCDBHBSBHJ-KHPPLWFESA-N,CCCCCCCC/C=C\CCCCCCCC(=O)OCCCc1cc(OC)c2oc(-c3ccc4c(c3)OCO4)cc2c1,DGXHKSQAMQUCQT-UHFFFAOYSA-N,train
1542,2995,AABHSZUTAUSICN-HZJYTTRNSA-N,CCCCC/C=C\C/C=C\CCCCCCCC(=O)OCCCc1ccc2oc(-c3ccc4c(c3)OCO4)cc2c1,DGXHKSQAMQUCQT-UHFFFAOYSA-N,train
1543,2996,GIGIGVBVJACSBJ-KTKRTIGZSA-N,CCCCCCCC/C=C\CCCCCCCC(=O)OCCCc1ccc2oc(-c3ccc4c(c3)OCO4)cc2c1,DGXHKSQAMQUCQT-UHFFFAOYSA-N,train
1544,2997,BBPHUJXUYWFQHY-UHFFFAOYSA-N,COc1cc(CCCOC(=O)Nc2ccccc2)cc2cc(-c3ccc4c(c3)OCO4)oc12,KHEJZVZKTWWWJJ-UHFFFAOYSA-N,train
1545,2998,MGCSMWCSVJYFBV-HNNXBMFYSA-N,CC[C@H](C)C(=O)OCCCc1cc(OC)c2oc(-c3ccc4c(c3)OCO4)cc2c1,DGXHKSQAMQUCQT-UHFFFAOYSA-N,train
1546,2999,MBOVWBBJDJPNSN-HNNXBMFYSA-N,CC[C@H](C)C(=O)OCCCc1ccc2oc(-c3ccc4c(c3)OCO4)cc2c1,DGXHKSQAMQUCQT-UHFFFAOYSA-N,train
1547,3001,SIYLLGKDQZGJHK-UHFFFAOYSA-N,CC(C)(C)CC(C)(C)c1ccc(OCCOCC[N+](C)(C)Cc2ccccc2)cc1,ZRLMXVZVNJDFQC-UHFFFAOYSA-O,test
1548,3002,YBHILYKTIRIUTE-UHFFFAOYSA-N,COc1ccc2cc3[n+](cc2c1OC)CCc1cc2c(cc1-3)OCO2,QFXXWZCOIVFPGL-UHFFFAOYSA-N,test
1549,3004,ABJKWBDEJIDSJZ-UHFFFAOYSA-N,CN(Cc1ccc(C(C)(C)C)cc1)Cc1cccc2ccccc12,KPAKEDUKXVSIAP-UHFFFAOYSA-N,test
1550,3007,MJJALKDDGIKVBE-UHFFFAOYSA-N,CC(C)(C)c1ccc(C(=O)CCCN2CCC(OC(c3ccccc3)c3ccccc3)CC2)cc1,ZTXYFBOPUZGDPH-UHFFFAOYSA-N,test
1551,3008,LGLFFNDHMLKUMI-UHFFFAOYSA-N,CN(C)c1ccc(C(=C2C=CC(=[N+](C)C)C=C2)c2ccc(N(C)C)cc2)cc1,ZMDDANKTRSYYRH-UHFFFAOYSA-N,test
1552,3010,ACGUYXCXAPNIKK-UHFFFAOYSA-N,Oc1c(Cl)cc(Cl)c(Cl)c1Cc1c(O)c(Cl)cc(Cl)c1Cl,CZZYITDELCSZES-UHFFFAOYSA-N,train
1553,3011,AOXRBFRFYPMWLR-XGXHKTLJSA-N,CC[C@]1(O)CC[C@H]2[C@@H]3CCC4=CCCC[C@@H]4[C@H]3CC[C@@]21C,DKKWHIZUXSVRRX-BRNHUXAOSA-N,train
1554,3016,JMPFSEBWVLAJKM-UHFFFAOYSA-N,Cc1cc(C(C#N)c2ccc(Cl)cc2)c(Cl)cc1NC(=O)c1cc(I)cc(I)c1O,JKYYNNQLDINOBY-UHFFFAOYSA-N,train
1555,3019,NEUSVAOJNUQRTM-UHFFFAOYSA-N,CCCCCCCCCCCCCCCC[n+]1ccccc1,JUJWROOIHBZHMG-UHFFFAOYSA-O,train
1556,3021,SGXXNSQHWDMGGP-UHFFFAOYSA-N,CNC(=C[N+](=O)[O-])NCCSCc1csc(CN(C)C)n1,FZWLAAWBMGSTSO-UHFFFAOYSA-N,train
1557,3023,QRJJEGAJXVEBNE-HKOYGPOVSA-N,Clc1ccc(CO/N=C(\Cn2ccnc2)c2ccc(Cl)cc2Cl)c(Cl)c1,OQBRDMWGOIOTHX-CZIZESTLSA-N,test
1558,3024,GPKJTRJOBQGKQK-UHFFFAOYSA-N,CCN(CC)CCCC(C)Nc1c2ccc(Cl)cc2nc2ccc(OC)cc12,DZBUGLKDJFMEHC-UHFFFAOYSA-N,train
1559,3026,WZHJKEUHNJHDLS-QTGUNEKASA-N,CN1C[C@H](CNC(=O)OCc2ccccc2)C[C@@H]2c3cccc4c3c(cn4C)C[C@H]21,MANMACDKCIDQAF-OZOXKJRCSA-N,test
1560,3027,UWKQSNNFCGGAFS-XIFFEERXSA-N,CCc1c2c(nc3ccc(OC(=O)N4CCC(N5CCCCC5)CC4)cc13)-c1cc3c(c(=O)n1C2)COC(=O)[C@]3(O)CC,FJVHNKWJAPRBDC-UHFFFAOYSA-N,train
1561,3029,GZUITABIAKMVPG-UHFFFAOYSA-N,O=C(c1ccc(OCCN2CCCCC2)cc1)c1c(-c2ccc(O)cc2)sc2cc(O)ccc12,OYJDQSXEKOWLQF-UHFFFAOYSA-N,test
1562,3031,PAPNIDWABUXIRG-UHFFFAOYSA-N,CCN(CCCCCCNC(=O)CCCCC1CCSS1)Cc1ccccc1OC,PQBUGFNMDQCOKL-UHFFFAOYSA-N,test
1563,3033,GLEYGYRXUBEHAQ-UHFFFAOYSA-N,O=C(CCCCc1cccs1)NCCCNc1c2c(nc3cc(Cl)ccc13)CCCC2,GKWGQTFMQKLHOX-UHFFFAOYSA-N,train
1564,3035,QVGXTQPZHCDXRZ-GOSISDBHSA-N,O=C(CCCC[C@@H]1CCSS1)NCCCNc1c2c(nc3cc(Cl)ccc13)CCCC2,FUZSKXNTSYMEMF-GOSISDBHSA-N,train
1565,3036,QVGXTQPZHCDXRZ-SFHVURJKSA-N,O=C(CCCC[C@H]1CCSS1)NCCCNc1c2c(nc3cc(Cl)ccc13)CCCC2,FUZSKXNTSYMEMF-SFHVURJKSA-N,train
1566,3044,SUYXUDHQNHYYJQ-UHFFFAOYSA-N,C=CCCCNc1c2c(nc3ccc(OC)cc13)CCCC2,RXBYRTSOWREATF-UHFFFAOYSA-N,train
1567,3045,OHVOPLCDAMQVTG-UHFFFAOYSA-N,COc1ccc2nc3c(c(N4CCCCCN(c5c6c(nc7ccc(OC)cc57)CCCC6)CCCCC4)c2c1)CCCC3,DOPAXULTVCOLJN-UHFFFAOYSA-N,train
1568,3050,MAUFFTGQSVHXFC-AWLFVXQHSA-N,CCCCOC(=O)C(C)CC(=O)C[C@@H](C)[C@H]1CC(=O)[C@@]2(C)C3=C(C(=O)[C@@H](OC(C)=O)[C@]12C)[C@@]1(C)CC[C@H](O)C(C)(C)[C@@H]1CC3=O,PJEXDZXORNEZTE-RURBXUPXSA-N,test
1569,3068,PRKYJSGLTUYCPF-UHFFFAOYSA-N,CCCOCCn1c(=O)nc(NC2CCC(O)CC2)c2nnc(-c3ccc(OC)nc3)cc21,SPDAGUHXTBGUQT-UHFFFAOYSA-N,test
1570,3076,NHKALDYCLFCPIU-UHFFFAOYSA-N,COc1cc2c(cc1OC)C(=O)C(Oc1ccc(CN3CCCC3)cc1)C2,XFRWLGBTTNTYLD-UHFFFAOYSA-N,test
1571,3078,ADCBAOTWERXLAP-UHFFFAOYSA-N,C#CCN(C)Cc1cc2cc(OCCCC3CCN(Cc4ccccc4)CC3)ccc2n1C,KGZFSYDNYXKFSD-UHFFFAOYSA-N,train
1572,3079,VVIKQVODDMCZOV-UHFFFAOYSA-N,COc1ccccc1NCc1cc(=O)oc2cc3oc4ccccc4c3cc12,NHKNFPREKMFLOR-UHFFFAOYSA-N,test
1573,3080,XPLUXJZLCXRYPW-UHFFFAOYSA-N,COc1cc2c(C)c(OC)c(=O)oc2cc1OCCCCOc1cc(O)cc(N(C)C)c1,MVTFIBGTSXRDNV-UHFFFAOYSA-N,test
1574,3081,INGQQCBCWQDABA-UHFFFAOYSA-N,COc1cc2oc(=O)c(OCCCCOc3cc(O)cc(N(C)C)c3)c(C)c2cc1OC,OUCWJFUDEOXQKG-UHFFFAOYSA-N,test
1575,3083,REXRIHWOPDXJCK-UHFFFAOYSA-N,CCN(CCCCCCNC1=CC(=O)c2ccccc2C1=O)Cc1ccccc1OC,LLQHPOGBHSQGIS-UHFFFAOYSA-N,train
1576,3084,VSXXENJQNPVAGO-UHFFFAOYSA-N,CCN(CCCCCCNC1=CC(=O)c2ncccc2C1=O)Cc1ccccc1OC,PQOLHMVBABPJAX-UHFFFAOYSA-N,test
1577,3085,ASNWOHSUKKNPGO-UHFFFAOYSA-N,CCN(CCCCCCNC1=CC(=O)C(C)=C(C)C1=O)Cc1ccccc1OC,KIEJOMKPLBXYDJ-UHFFFAOYSA-N,train
1578,3086,CJKYCZXICOUJLW-UHFFFAOYSA-N,CCN(CCCCCCNC1=CC(=O)C(OC)=CC1=O)Cc1ccccc1OC,KIEJOMKPLBXYDJ-UHFFFAOYSA-N,train
1579,3087,YOWLFNDAAHIOHS-UHFFFAOYSA-N,COc1ccccc1CNCCCCCCNC1=CC(=O)c2ccccc2C1=O,LLQHPOGBHSQGIS-UHFFFAOYSA-N,train
1580,3099,BTGQVTBIXAMVNG-FRKPEAEDSA-N,O/N=C/C1=NCCCN1Cc1ccc(Cl)cc1Cl,KWPBVFQAFVAEQI-UHFFFAOYSA-N,test
1581,3121,XCYSQFHYFNWYFP-CEMXSPGASA-N,CC(C)=CCC/C(C)=C/Cc1c(O)cc2c(c1O)C(=O)C[C@@H](c1ccc(O)c(O)c1)O2,ZONYXWQDUYMKFB-HNNXBMFYSA-N,train
1582,3129,DBUWWODVSCMGDY-IZZNHLLZSA-N,CC1=C[C@@H]2Cc3nc4cc(Cl)ccc4c(NCCCCCCCNc4c5c(nc6ccccc46)CCCC5)c3[C@H](C1)C2,PQWXUVNBAXVYLP-IZZNHLLZSA-N,train
1583,3130,DBUWWODVSCMGDY-FTJBHMTQSA-N,CC1=C[C@H]2Cc3nc4cc(Cl)ccc4c(NCCCCCCCNc4c5c(nc6ccccc46)CCCC5)c3[C@@H](C1)C2,PQWXUVNBAXVYLP-FTJBHMTQSA-N,train
1584,3131,YFDJQAZBRSGJIT-UHFFFAOYSA-N,CC1=CC2Cc3nc4cc(Cl)ccc4c(NCCCN(C)CCCNc4c5c(nc6ccccc46)CCCC5)c3C(C1)C2,WWJOZXNSXTXFDX-UHFFFAOYSA-N,train
1585,3133,PHMROSHDKYSTRK-UHFFFAOYSA-N,CC1=CC2Cc3nc4cc(Cl)ccc4c(NCCCCCCCCCNc4c5c(nc6ccccc46)CCCC5)c3C(C1)C2,BQBKATFOXWUDLB-UHFFFAOYSA-N,train
1586,3134,SWOKEIJMLYUVPF-UHFFFAOYSA-N,CC1=CC2Cc3nc4cc(Cl)ccc4c(NCCCCCCCCCCNc4c5c(nc6ccccc46)CCCC5)c3C(C1)C2,ZIABQGWWOHBVJI-UHFFFAOYSA-N,train
1587,3137,GCPORJYZTJZXFH-LOSJGSFVSA-N,CC1=C[C@@H]2Cc3nc4cc(Cl)ccc4c(NCCCCCCCNc4c5c(nc6cc(Cl)ccc46)CCCC5)c3[C@H](C1)C2,PQWXUVNBAXVYLP-IZZNHLLZSA-N,train
1588,3138,GCPORJYZTJZXFH-RPBOFIJWSA-N,CC1=C[C@H]2Cc3nc4cc(Cl)ccc4c(NCCCCCCCNc4c5c(nc6cc(Cl)ccc46)CCCC5)c3[C@@H](C1)C2,PQWXUVNBAXVYLP-FTJBHMTQSA-N,train
1589,3139,DLMKTWKCMCVAMJ-UHFFFAOYSA-N,CC1=CC2Cc3nc4cc(Cl)ccc4c(NCCCN(C)CCCNc4c5c(nc6cc(Cl)ccc46)CCCC5)c3C(C1)C2,WWJOZXNSXTXFDX-UHFFFAOYSA-N,train
1590,3141,IMMJGBGHWQTBLQ-UHFFFAOYSA-N,CC1=CC2Cc3nc4cc(Cl)ccc4c(NCCCCCCCCCNc4c5c(nc6cc(Cl)ccc46)CCCC5)c3C(C1)C2,BQBKATFOXWUDLB-UHFFFAOYSA-N,train
1591,3142,LUGRPYHMYKPOKB-UHFFFAOYSA-N,CC1=CC2Cc3nc4cc(Cl)ccc4c(NCCCCCCCCCCNc4c5c(nc6cc(Cl)ccc46)CCCC5)c3C(C1)C2,ZIABQGWWOHBVJI-UHFFFAOYSA-N,train
1592,3144,UKCBMHDZLYYTMI-WDEREUQCSA-N,CC1=C[C@@H]2Cc3nc4cc(Cl)ccc4c(N)c3[C@H](C1)C2,BZFWBAOVKAGSFN-NWDGAFQWSA-N,train
1593,3145,UKCBMHDZLYYTMI-MNOVXSKESA-N,CC1=C[C@H]2Cc3nc4cc(Cl)ccc4c(N)c3[C@@H](C1)C2,BZFWBAOVKAGSFN-NEPJUHHUSA-N,train
1594,3151,VMEIRNBRMXRIIJ-UHFFFAOYSA-N,COc1ccc2c(ccc[n+]2Cc2ccccc2)c1,VQGBPCIONNQYIL-UHFFFAOYSA-N,train
1595,3153,VFOGOXRSGPCZGG-QPFJEDRLSA-N,CC[C@H]1C[C@@H]2C[C@H]3c4[nH]c5cc([C@@H]6C[C@H]7C(C(=O)OC)[C@@H](Cc8c6[nH]c6ccccc86)N(C)C[C@H]7CC)ccc5c4CCN(C2)[C@@H]13,UAUXXZWJGLIYPF-HMAQRAJCSA-N,test
1596,3154,PKHROTRJQXGCIW-XIVABZEMSA-N,CC[C@H]1C[C@@H]2CN3CCc4c([nH]c5cc([C@H]6C[C@H]7C(C(=O)OC)[C@H](Cc8c6[nH]c6ccccc86)N(C)C[C@H]7CC)ccc45)[C@](C(=O)OC)(C2)[C@H]13,UAUXXZWJGLIYPF-VGPNNNQLSA-N,test
1597,3156,VNWJCXLTKRADKP-UHFFFAOYSA-N,O=C(NCCCCCCCCCCNc1c2c(nc3cc(Cl)ccc13)CCCC2)c1cc(=O)c2cc(O)c(O)cc2o1,RDTFFLFEGIKFDL-UHFFFAOYSA-N,train
1598,3157,YMRPMJKWTYJBPC-UHFFFAOYSA-N,O=C(NCCCCCCCCCCNc1c2c(nc3ccccc13)CCCC2)c1cc(=O)c2cc(O)c(O)cc2o1,RDTFFLFEGIKFDL-UHFFFAOYSA-N,train
1599,3158,FUYCPEKODNDZTA-UHFFFAOYSA-N,O=C(NCCCCCCCCCCNc1c2c(nc3cc(Cl)ccc13)CCCC2)c1cc(=O)c2c(O)cc(O)cc2o1,RDTFFLFEGIKFDL-UHFFFAOYSA-N,train
1600,3159,ZUULLQGMZOHIHX-UHFFFAOYSA-N,COc1cc(O)c2c(=O)cc(C(=O)NCCCCCCCCCCNc3c4c(nc5cc(Cl)ccc35)CCCC4)oc2c1,RDTFFLFEGIKFDL-UHFFFAOYSA-N,train
1601,3160,VXCQEWKLZIACMS-UHFFFAOYSA-N,O=C(NCCCCCCCCCCNc1c2c(nc3ccccc13)CCCC2)c1cc(=O)c2c(O)cc(O)cc2o1,RDTFFLFEGIKFDL-UHFFFAOYSA-N,train
1602,3161,RRTQIJJHXQOLEO-UHFFFAOYSA-N,COc1cc(O)c2c(=O)cc(C(=O)NCCCCCCCCCCNc3c4c(nc5ccccc35)CCCC4)oc2c1,RDTFFLFEGIKFDL-UHFFFAOYSA-N,train
1603,3162,DULLYLROEIJODI-UHFFFAOYSA-N,O=C(NCCCCCCCCCCNc1c2c(nc3cc(Cl)ccc13)CCCC2)c1cc(=O)c2cc(O)ccc2o1,RDTFFLFEGIKFDL-UHFFFAOYSA-N,train
1604,3163,GQYKIJZPMPGPIM-UHFFFAOYSA-N,O=C(NCCCCCCCCCCNc1c2c(nc3ccccc13)CCCC2)c1cc(=O)c2cc(O)ccc2o1,RDTFFLFEGIKFDL-UHFFFAOYSA-N,train
1605,3164,KBYFEQRBOAAMSZ-UHFFFAOYSA-N,COc1cc2oc(C(=O)NCCCCCCCCCCNc3c4c(nc5cc(Cl)ccc35)CCCC4)cc(=O)c2cc1OC,RDTFFLFEGIKFDL-UHFFFAOYSA-N,train
1606,3165,QDCAJVSXNYAGPD-UHFFFAOYSA-N,COc1cc2oc(C(=O)NCCCCCCCCCCNc3c4c(nc5ccccc35)CCCC4)cc(=O)c2cc1OC,RDTFFLFEGIKFDL-UHFFFAOYSA-N,train
1607,3166,DWXXMYCVGFGBCQ-UHFFFAOYSA-N,COc1cc(OC)c2c(=O)cc(C(=O)NCCCCCCCCCCNc3c4c(nc5cc(Cl)ccc35)CCCC4)oc2c1,RDTFFLFEGIKFDL-UHFFFAOYSA-N,train
1608,3167,ZGZSZRMYJSHPOQ-UHFFFAOYSA-N,COc1cc(OC)c2c(=O)cc(C(=O)NCCCCCCCCCCNc3c4c(nc5ccccc35)CCCC4)oc2c1,RDTFFLFEGIKFDL-UHFFFAOYSA-N,train
1609,3168,SXRQIJKFEIRDFT-UHFFFAOYSA-N,COc1ccc2oc(C(=O)NCCCCCCCCCCNc3c4c(nc5cc(Cl)ccc35)CCCC4)cc(=O)c2c1,RDTFFLFEGIKFDL-UHFFFAOYSA-N,train
1610,3169,UTKKDZJOGSGJSU-UHFFFAOYSA-N,COc1ccc2oc(C(=O)NCCCCCCCCCCNc3c4c(nc5ccccc35)CCCC4)cc(=O)c2c1,RDTFFLFEGIKFDL-UHFFFAOYSA-N,train
1611,3170,PLKUANBZKFHKND-UHFFFAOYSA-N,O=C(NCCCCCCCCCCNc1c2c(nc3cc(Cl)ccc13)CCCC2)c1cc(=O)c2ccccc2o1,RDTFFLFEGIKFDL-UHFFFAOYSA-N,train
1612,3171,RDTFFLFEGIKFDL-UHFFFAOYSA-N,O=C(NCCCCCCCCCCNc1c2c(nc3ccccc13)CCCC2)c1cc(=O)c2ccccc2o1,RDTFFLFEGIKFDL-UHFFFAOYSA-N,train
1613,3172,MMPJDGQUUIZMGJ-UHFFFAOYSA-N,C#CCN1CCc2nc3nc(N4CCCC4)c(C#N)cc3c(N)c2C1,LJFVPOWFRVHVCE-UHFFFAOYSA-N,test
1614,3176,LPCKLAOPKGFZKH-UHFFFAOYSA-N,CN(CCCOc1ccc2ccc(=O)oc2c1)Cc1cccc(OC(=O)NCCCCCc2ccccc2)c1,OLGSQAZZHZPLGV-UHFFFAOYSA-N,train
1615,3177,SBQAIYUBGADZLI-UHFFFAOYSA-N,CN(CCCOc1ccc2ccc(=O)oc2c1)Cc1cccc(OC(=O)NCCCCCCCN2CCOCC2)c1,KQMHXFQNNKQQBX-UHFFFAOYSA-N,test
1616,3178,UAAXSLDYQFFMML-UHFFFAOYSA-N,CN(CCCOc1ccc2c(=O)c3cccnc3oc2c1)Cc1cccc(OC(=O)NCCCCCc2ccccc2)c1,YHMUFBHKACLDAD-UHFFFAOYSA-N,test
1617,3179,ZFRILRHOSKWEAM-UHFFFAOYSA-N,CN(CCCOc1ccc2c(=O)c3cccnc3oc2c1)Cc1cccc(OC(=O)NCCCCCCCN2CCOCC2)c1,URKBFQGIEXVNRN-UHFFFAOYSA-N,test
1618,3185,RSFRMMSXJWXLBM-UHFFFAOYSA-N,COc1ccc(CNc2ccnc(NC3CCN(Cc4ccccc4)CC3)n2)cc1OC,GLHVTNXLNWGCPW-UHFFFAOYSA-N,train
1619,3186,JCSHNHCWHQCGHC-UHFFFAOYSA-N,COc1ccc(CNc2ccnc(NC3CCN(Cc4ccccc4)CC3)n2)cc1,GLHVTNXLNWGCPW-UHFFFAOYSA-N,train
1620,3188,FFPGDISVVGINKZ-UHFFFAOYSA-N,Fc1ccc(CNc2ccnc(NC3CCN(Cc4ccccc4)CC3)n2)cc1,GLHVTNXLNWGCPW-UHFFFAOYSA-N,train
1621,3189,WOAVNWHCIXCOIZ-UHFFFAOYSA-N,Brc1ccc(CNc2ccnc(NC3CCN(Cc4ccccc4)CC3)n2)cc1,GLHVTNXLNWGCPW-UHFFFAOYSA-N,train
1622,3190,OODPIPSSGLSZPL-UHFFFAOYSA-N,Clc1ccc(CNc2ccnc(NC3CCN(Cc4ccccc4)CC3)n2)cc1,GLHVTNXLNWGCPW-UHFFFAOYSA-N,train
1623,3191,KEOHOXIMLALKHI-UHFFFAOYSA-N,Clc1cccc(CNc2ccnc(NC3CCN(Cc4ccccc4)CC3)n2)c1,GLHVTNXLNWGCPW-UHFFFAOYSA-N,train
1624,3192,PWXHGWMZTWHEKM-UHFFFAOYSA-N,Clc1ccccc1CNc1ccnc(NC2CCN(Cc3ccccc3)CC2)n1,GLHVTNXLNWGCPW-UHFFFAOYSA-N,train
1625,3195,YVSGFEGOSAGMBU-UHFFFAOYSA-N,O=C(CCNCCNc1c2c(nc3ccccc13)CCCC2)N1CCN(CCNc2c3c(nc4ccccc24)CCCC3)CC1,YVSGFEGOSAGMBU-UHFFFAOYSA-N,test
1626,3196,NXBQKWBRFRKKMP-UHFFFAOYSA-N,CN(CCCN1CCN(CCNc2c3c(nc4ccccc24)CCCC3)CC1)c1ccccc1,SGCSTIXSMUGSOQ-UHFFFAOYSA-N,test
1627,3197,RQNZWLFUMKUSEY-UHFFFAOYSA-N,CCN(CCCN1CCN(CCNc2c3c(nc4ccccc24)CCCC3)CC1)C1CCCCC1,FXNSMRYOOIJHGY-UHFFFAOYSA-N,train
1628,3198,LXUNVISZTGHADK-UHFFFAOYSA-N,CN(CCCN1CCN(CCNc2c3c(nc4ccccc24)CCCC3)CC1)C1CCCCC1,FXNSMRYOOIJHGY-UHFFFAOYSA-N,train
1629,3199,WAHZPCIDZNITMT-UHFFFAOYSA-N,CN(CCC(=O)N1CCN(CCNc2c3c(nc4ccccc24)CCCC3)CC1)c1ccccc1,CEFRVNUQUYBTRI-UHFFFAOYSA-N,train
1630,3200,VHCMEFWOVWZTPM-UHFFFAOYSA-N,CCN(CCC(=O)N1CCN(CCNc2c3c(nc4ccccc24)CCCC3)CC1)C1CCCCC1,ZBVHGRLWCKTLDV-UHFFFAOYSA-N,train
1631,3201,LCJXIGPIXIZELV-UHFFFAOYSA-N,CN(CCC(=O)N1CCN(CCNc2c3c(nc4ccccc24)CCCC3)CC1)C1CCCCC1,ZBVHGRLWCKTLDV-UHFFFAOYSA-N,train
1632,3202,OCZGACDAHZKCBW-UHFFFAOYSA-N,O=C(CCN1CCCCC1)N1CCN(CCNc2c3c(nc4ccccc24)CCCC3)CC1,OCZGACDAHZKCBW-UHFFFAOYSA-N,test
1633,3203,KKTBUJKAFHLZPF-XNTDXEJSSA-N,CC(C)=CCC/C(C)=C/Cc1ccc(O)c2nc3cccc(O)c3nc12,PCNDJXKNXGMECE-UHFFFAOYSA-N,train
1634,3204,PCGWNGWRZPYWHR-SFQUDFHCSA-N,CC(=O)Oc1cccc2nc3c(OC(C)=O)ccc(C/C=C(\C)CCC=C(C)C)c3nc12,PCNDJXKNXGMECE-UHFFFAOYSA-N,train
1635,3205,JOXNFMAXWAPITK-UHFFFAOYSA-N,Oc1cccc2nc3c(O)cccc3nc12,PCNDJXKNXGMECE-UHFFFAOYSA-N,train
1636,3212,HYGICHQQWFJQBO-UHFFFAOYSA-N,N#Cc1c(N)nc(NC2CCN(Cc3ccccc3)CC2)c(C#N)c1-c1ccccc1,MCBSFPOHLGSBCO-UHFFFAOYSA-N,train
1637,3213,XDYVKYBTRLGBBU-UHFFFAOYSA-N,N#Cc1c(N)nc(NCCC2CCN(Cc3ccccc3)CC2)c(C#N)c1-c1ccccc1,JDPXLGVJUFKCGL-UHFFFAOYSA-N,train
1638,3214,RPCOLXBXNDZKDX-UHFFFAOYSA-N,N#Cc1c(N)nc(NCCCC2CCN(Cc3ccccc3)CC2)c(C#N)c1-c1ccccc1,MOJHDDTXIJMHAS-UHFFFAOYSA-N,train
1639,3215,DVFDTYFATLFXHU-UHFFFAOYSA-N,N#Cc1c(N)nc(NCCCCC2CCN(Cc3ccccc3)CC2)c(C#N)c1-c1ccccc1,KUPDIDJUYIYDME-UHFFFAOYSA-N,train
1640,3216,CUQAAIMMMVTGCT-UHFFFAOYSA-N,N#Cc1cc(C#N)c(NC2CCN(Cc3ccccc3)CC2)nc1N,KHSFZCPGVFDBKX-UHFFFAOYSA-N,train
1641,3217,PNZGBLIDSQOOGI-UHFFFAOYSA-N,N#Cc1cc(C#N)c(NCCC2CCN(Cc3ccccc3)CC2)nc1N,DCFXDNUUQBWFFR-UHFFFAOYSA-N,train
1642,3218,LQXBMNZBJKBXIZ-UHFFFAOYSA-N,N#Cc1cc(C#N)c(NCCCC2CCN(Cc3ccccc3)CC2)nc1N,WFNBIRNJSOCNHT-UHFFFAOYSA-N,train
1643,3219,LZUQODKACLHUIP-UHFFFAOYSA-N,N#Cc1cc(C#N)c(NCCCCC2CCN(Cc3ccccc3)CC2)nc1N,BVMGKNCKLZWDAI-UHFFFAOYSA-N,train
1644,3221,FJPIMKXINVWPJB-UHFFFAOYSA-N,CN(C)c1ccccc1CNCCCCCCCNc1c2c(nc3ccccc13)CCCC2,VVEOYZDAMLRUQD-UHFFFAOYSA-N,test
1645,3222,QDAAXOQEIPAFJS-UHFFFAOYSA-N,CN(C)c1ccccc1CNCCCCCCCCCNc1c2c(nc3ccccc13)CCCC2,CEYJRENWXPAGKD-UHFFFAOYSA-N,train
1646,3223,QYEGQBBNFVLNBH-UHFFFAOYSA-N,CN(C)c1ccccc1CNCCCCCCCCNc1c2c(nc3ccccc13)CCCC2,APTOOUCCLNCNIA-UHFFFAOYSA-N,train
1647,3224,RLVQAAQOGNZVOX-UHFFFAOYSA-N,CN(CCCCCCCOc1cccc(-c2oc3ccccc3c2C(=O)c2ccccc2)c1)Cc1ccccc1,YTHUTSUOWVLSSH-UHFFFAOYSA-N,test
1648,3225,AQUBWCPEKBRMKW-UHFFFAOYSA-N,CNC(=O)Oc1cccc(CN(C)CCCCCCCOc2ccc(-c3oc4ccccc4c3C(=O)c3ccc(C)cc3)cc2)c1,GQVRUSWODVCDOD-UHFFFAOYSA-N,train
1649,3236,LLEJIEBFSOEYIV-UHFFFAOYSA-N,COc1ccc2c(c[n+](C)c3c4cc5c(cc4ccc23)OCO5)c1OC,UPEPSZXXKJZXNG-UHFFFAOYSA-O,test
1650,3238,QUCQEUCGKKTEBI-UHFFFAOYSA-N,COc1cc2c(cc1OC)-c1cc3ccc(OC)c(OC)c3c[n+]1CC2,UICBHOXXGLYZJH-UHFFFAOYSA-N,train
1651,3248,IFYBUPQCUTZITP-UHFFFAOYSA-N,Nc1c2c(nc3c1C(c1ccc(Cl)c(Cl)c1)c1ccc4ccccc4c1O3)CCCC2,NEKNOPAJIGVRKE-UHFFFAOYSA-N,train
1652,3249,UCYMJDLWIMOPFK-UHFFFAOYSA-N,Nc1c2c(nc3c1C(c1c(Cl)cccc1Cl)c1ccc4ccccc4c1O3)CCCC2,NEKNOPAJIGVRKE-UHFFFAOYSA-N,train
1653,3250,SDDWKMVNUHSMAD-UHFFFAOYSA-N,Nc1c2c(nc3c1C(c1ccc([N+](=O)[O-])cc1)c1ccc4ccccc4c1O3)CCCC2,NEKNOPAJIGVRKE-UHFFFAOYSA-N,train
1654,3251,PTNYBRUJEDAMDK-UHFFFAOYSA-N,COc1cc(C2c3ccc4ccccc4c3Oc3nc4c(c(N)c32)CCCC4)cc(OC)c1OC,NEKNOPAJIGVRKE-UHFFFAOYSA-N,train
1655,3252,WVOGNNUVYUMTIT-UHFFFAOYSA-N,COc1ccc(C2c3ccc4ccccc4c3Oc3nc4c(c(N)c32)CCCC4)c(OC)c1,NEKNOPAJIGVRKE-UHFFFAOYSA-N,train
1656,3253,OJLHQYMZDBCDMI-UHFFFAOYSA-N,COc1cc(C2c3ccc4ccccc4c3Oc3nc4c(c(N)c32)CCCC4)ccc1O,NEKNOPAJIGVRKE-UHFFFAOYSA-N,train
1657,3254,GRXDSRZJHKMWBO-UHFFFAOYSA-N,COc1ccccc1C1c2ccc3ccccc3c2Oc2nc3c(c(N)c21)CCCC3,NEKNOPAJIGVRKE-UHFFFAOYSA-N,train
1658,3255,WXNVVRPBWAFRSW-UHFFFAOYSA-N,Nc1c2c(nc3c1C(c1ccc(O)cc1)c1ccc4ccccc4c1O3)CCCC2,NEKNOPAJIGVRKE-UHFFFAOYSA-N,train
1659,3256,NOYFWGHMIIUBCE-UHFFFAOYSA-N,Cc1ccc(C2c3ccc4ccccc4c3Oc3nc4c(c(N)c32)CCCC4)cc1,NEKNOPAJIGVRKE-UHFFFAOYSA-N,train
1660,3257,JLCLWWKDILNTDR-UHFFFAOYSA-N,Nc1c2c(nc3c1C(c1ccccc1)c1ccc4ccccc4c1O3)CCCC2,NEKNOPAJIGVRKE-UHFFFAOYSA-N,train
1661,3260,QTICPRZEJAZQKT-UHFFFAOYSA-N,CC1CCc2nc3nc(-c4ccccc4)cc(C(F)(F)F)c3c(N)c2C1,DHNIRRNPHIBRFM-UHFFFAOYSA-N,train
1662,3261,NBXVRBUWBMRGAG-UHFFFAOYSA-N,CC1CCc2c(nc3nc(-c4ccccc4)cc(C(F)(F)F)c3c2N)C1,DHNIRRNPHIBRFM-UHFFFAOYSA-N,train
1663,3262,VSDNSNOFTZFWQX-UHFFFAOYSA-N,CC1Cc2nc3nc(-c4ccccc4)cc(C(F)(F)F)c3c(N)c2C1,CHESWRHKCUTCBE-UHFFFAOYSA-N,train
1664,3263,FSRJERZUZMLIQD-UHFFFAOYSA-N,Nc1c2c(nc3nc(-c4ccccc4)cc(C(F)(F)F)c13)CCCCCC2,RJYYOQMBEFFJIP-UHFFFAOYSA-N,test
1665,3265,YTBVBEARUPNISG-UHFFFAOYSA-N,Nc1c2c(nc3nc(-c4ccccc4)cc(C(F)(F)F)c13)CCCC2,DHNIRRNPHIBRFM-UHFFFAOYSA-N,train
1666,3266,TYHRWNPKDSIWRP-UHFFFAOYSA-N,Nc1c2c(nc3nc(-c4ccccc4)cc(C(F)(F)F)c13)CCC2,CHESWRHKCUTCBE-UHFFFAOYSA-N,train
1667,3269,VVSBVXXITLYIIA-UHFFFAOYSA-N,COc1ccc(-c2cc(N)c3c(C(F)(F)F)cc(-c4ccccc4)nc3n2)cc1,MMDGFXNXTCVVQZ-UHFFFAOYSA-N,train
1668,3270,QHCJIADFFRMYQJ-UHFFFAOYSA-N,Nc1cc(-c2ccccc2Br)nc2nc(-c3ccccc3)cc(C(F)(F)F)c12,MMDGFXNXTCVVQZ-UHFFFAOYSA-N,train
1669,3271,DPISAUNILCIAKM-UHFFFAOYSA-N,Nc1cc(-c2ccc(Cl)cc2)nc2nc(-c3ccccc3)cc(C(F)(F)F)c12,MMDGFXNXTCVVQZ-UHFFFAOYSA-N,train
1670,3272,MBYSRZFEFLXHSM-UHFFFAOYSA-N,Nc1cc(-c2ccc(F)cc2)nc2nc(-c3ccccc3)cc(C(F)(F)F)c12,MMDGFXNXTCVVQZ-UHFFFAOYSA-N,train
1671,3273,GBPIIHMQBCMUHP-UHFFFAOYSA-N,Nc1cc(-c2cccc(F)c2)nc2nc(-c3ccccc3)cc(C(F)(F)F)c12,MMDGFXNXTCVVQZ-UHFFFAOYSA-N,train
1672,3274,NCHHYUFHLPRUAU-UHFFFAOYSA-N,Nc1cc(-c2ccccc2)nc2nc(-c3ccccc3)cc(C(F)(F)F)c12,MMDGFXNXTCVVQZ-UHFFFAOYSA-N,train
1673,3290,FUFMCGMUAVSMEF-UHFFFAOYSA-N,CCCNC(=O)Oc1cccc(CN(C)CCCOc2ccc3c(=O)ccoc3c2)c1,NAMHSXVCGWDOCO-UHFFFAOYSA-N,train
1674,3292,QRKHDRGNICJNHM-UHFFFAOYSA-N,CCCCCCCNC(=O)Oc1cccc(CN(C)CCCCOc2ccc3c(=O)c4ccccc4oc3c2)c1,HJVWJYJVIPHSPH-UHFFFAOYSA-N,train
1675,3293,BYFZVGVLIHTPKE-UHFFFAOYSA-N,CCCCCCCNC(=O)Oc1cccc(CN(CCCOc2ccc3c(=O)c4ccccc4oc3c2)C(C)C)c1,YJAFJAGEJWHHSY-UHFFFAOYSA-N,train
1676,3300,YMUNYIHDWCEAKU-UHFFFAOYSA-N,CCCCCCCNC(=O)Oc1cccc(CN(C)CCCOc2ccc3c(=O)c4cccnc4oc3c2)c1,WAZZPPCZQVKIJV-UHFFFAOYSA-N,train
1677,3301,LHKSPQCYJKIEEP-UHFFFAOYSA-N,CCN(CCCCCOc1ccc2c(=O)c3ccccc3oc2c1)Cc1cccc(OC(=O)NC)c1,YYNRPDWLFAYZGE-UHFFFAOYSA-N,train
1678,3306,GRFVCGSENMYZKO-UHFFFAOYSA-N,CNCOc1cccc(CN(C)CCCCCCCOc2ccc3c(=O)c4ccccc4oc3c2)c1,NQEOISRPUUTSTL-UHFFFAOYSA-N,train
1679,3308,IJHGVZXPADVHCM-SFHVURJKSA-N,CC1(C)CC(=O)C2=C(C1)Nc1nc3c(c(N)c1[C@H]2c1ccncc1)CCCC3,FZGXLGWKSSVIND-LJQANCHMSA-N,train
1680,3309,QTKZLZALZMVCJL-FQEVSTJZSA-N,COc1ccc([C@H]2C3=C(CC(C)(C)CC3=O)Nc3nc4c(c(N)c32)CCCC4)cc1,MUWJXYXJPFUMHC-HXUWFJFHSA-N,train
1681,3310,YHCILCVEQLWROP-FQEVSTJZSA-N,Cc1ccc([C@H]2C3=C(CC(C)(C)CC3=O)Nc3nc4c(c(N)c32)CCCC4)cc1,MUWJXYXJPFUMHC-HXUWFJFHSA-N,train
1682,3311,PSKJUZDQNUFRGS-IBGZPJMESA-N,CC1(C)CC(=O)C2=C(C1)Nc1nc3c(c(N)c1[C@H]2c1ccc(F)cc1)CCCC3,MUWJXYXJPFUMHC-HXUWFJFHSA-N,train
1683,3312,FAMHVKGFXMORCI-IBGZPJMESA-N,CC1(C)CC(=O)C2=C(C1)Nc1nc3c(c(N)c1[C@H]2c1ccccc1)CCCC3,MUWJXYXJPFUMHC-HXUWFJFHSA-N,train
1684,3314,SCKWNQRIZNNYFA-IBGZPJMESA-N,CCOC(=O)C1=C(C)Nc2nc3c(c(N)c2[C@H]1c1cccc(OC)c1)CCCC3,PHZFCULPFNIUPO-OAHLLOKOSA-N,train
1685,3315,RYUHYOLRLQUVHQ-LJQANCHMSA-N,CCOC(=O)C1=C(C)Nc2nc3c(c(N)c2[C@@H]1c1ccccc1OC)CCCC3,PHZFCULPFNIUPO-HNNXBMFYSA-N,train
1686,3316,QTVIWMLMXFVZIY-IBGZPJMESA-N,CCOC(=O)C1=C(C)Nc2nc3c(c(N)c2[C@H]1c1ccc(C)cc1)CCCC3,PHZFCULPFNIUPO-OAHLLOKOSA-N,train
1687,3317,QTWUJCCPMWZOOB-SFHVURJKSA-N,CCOC(=O)C1=C(C)Nc2nc3c(c(N)c2[C@H]1c1ccc([N+](=O)[O-])cc1)CCCC3,PHZFCULPFNIUPO-OAHLLOKOSA-N,train
1688,3318,CWDRVGKNJWGVJS-SFHVURJKSA-N,CCOC(=O)C1=C(C)Nc2nc3c(c(N)c2[C@H]1c1cccc([N+](=O)[O-])c1)CCCC3,PHZFCULPFNIUPO-OAHLLOKOSA-N,train
1689,3319,OWDDOOZVDQHYQH-SFHVURJKSA-N,CCOC(=O)C1=C(C)Nc2nc3c(c(N)c2[C@H]1c1ccccc1[N+](=O)[O-])CCCC3,PHZFCULPFNIUPO-OAHLLOKOSA-N,train
1690,3320,RDDFBAPIHCKOCC-SFHVURJKSA-N,CCOC(=O)C1=C(C)Nc2nc3c(c(N)c2[C@H]1c1ccc(F)cc1)CCCC3,PHZFCULPFNIUPO-OAHLLOKOSA-N,train
1691,3321,POYFPBLOVRVCKS-SFHVURJKSA-N,CCOC(=O)C1=C(C)Nc2nc3c(c(N)c2[C@H]1c1ccccc1)CCCC3,PHZFCULPFNIUPO-OAHLLOKOSA-N,train
1692,3324,YPDGYNZOSZWZSK-FQEVSTJZSA-N,COc1ccccc1[C@H]1C2=C(CC(C)(C)CC2=O)Oc2nc3c(c(N)c21)CCCC3,IYYBOPITVDILGW-HXUWFJFHSA-N,train
1693,3331,ZBPUYRSHNGEABX-INIZCTEOSA-N,CCOC(=O)C1=C(C)Oc2nc3c(c(N)c2[C@H]1c1cccnc1Cl)CCCC3,FOCJBBQDZCIPRW-CQSZACIVSA-N,train
1694,3332,FLPPJFMEXWGXBF-INIZCTEOSA-N,CCOC(=O)C1=C(C)Oc2nc3c(c(N)c2[C@H]1c1cccnc1Br)CCCC3,FOCJBBQDZCIPRW-CQSZACIVSA-N,train
1695,3333,OUAVXZYSLKLYHJ-KRWDZBQOSA-N,CCOC(=O)C1=C(C)Oc2nc3c(c(N)c2[C@H]1c1cccnc1OC)CCCC3,FOCJBBQDZCIPRW-CQSZACIVSA-N,train
1696,3334,MLXUDSNEEBJDLN-KRWDZBQOSA-N,CCOC(=O)C1=C(C)Oc2nc3c(c(N)c2[C@H]1c1ccccc1)CCC3,DAWIZDFDUWIGTD-CQSZACIVSA-N,train
1697,3335,CNDPWIJZPHZPKX-SFHVURJKSA-N,CCOC(=O)C1=C(C)Oc2nc3c(c(N)c2[C@H]1c1cccc([N+](=O)[O-])c1)CCCC3,QXOHJPJAQVKDBR-OAHLLOKOSA-N,train
1698,3336,VYGAJVSROJLUQQ-IBGZPJMESA-N,CCOC(=O)C1=C(C)Oc2nc3c(c(N)c2[C@H]1c1ccc(C#N)cc1)CCCC3,QXOHJPJAQVKDBR-OAHLLOKOSA-N,train
1699,3337,JIRJOCYULBCNSY-SFHVURJKSA-N,CCOC(=O)C1=C(C)Oc2nc3c(c(N)c2[C@H]1c1ccc(Cl)cc1)CCCC3,QXOHJPJAQVKDBR-OAHLLOKOSA-N,train
1700,3338,UHBYWTXOUSTTSQ-IBGZPJMESA-N,CCOC(=O)C1=C(C)Oc2nc3c(c(N)c2[C@H]1c1ccc(C)cc1)CCCC3,QXOHJPJAQVKDBR-OAHLLOKOSA-N,train
1701,3339,YCDSRUWGEDPILI-SFHVURJKSA-N,CCOC(=O)C1=C(C)Oc2nc3c(c(N)c2[C@H]1c1ccccc1)CCCC3,QXOHJPJAQVKDBR-OAHLLOKOSA-N,train
1702,3343,UCCBGHDJUMENAF-FQEVSTJZSA-N,CCOC(=O)C1=C(C)Oc2nc3c(c(N)c2[C@H]1c1ccc(OC)c(OC)c1)CCCC3,QXOHJPJAQVKDBR-OAHLLOKOSA-N,train
1703,3344,TZRRDDHROFLVMK-IBGZPJMESA-N,CCOC(=O)C1=C(C)Oc2nc3c(c(N)c2[C@H]1c1cccc(OC)c1)CCCC3,QXOHJPJAQVKDBR-OAHLLOKOSA-N,train
1704,3349,OEVGVFJCBVDGJQ-SFHVURJKSA-N,CCOC(=O)C1=C(C)Oc2nc3c(c(N)c2[C@H]1c1ccncc1)CCCCC3,WSZCWFGKBRQCMK-OAHLLOKOSA-N,test
1705,3350,WVRHLGACEZALAP-INIZCTEOSA-N,CCOC(=O)C1=C(C)Oc2nc3c(c(N)c2[C@H]1c1ccco1)CCCC3,YVHQIZFBBDSLIB-LBPRGKRZSA-N,test
1706,3352,IYWZZUSGMOJBHW-KRWDZBQOSA-N,CCOC(=O)C1=C(C)Oc2nc3c(c(N)c2[C@H]1c1cccnc1)CCCC3,FOCJBBQDZCIPRW-CQSZACIVSA-N,train
1707,3353,BUGJFLXBRJKUKA-KRWDZBQOSA-N,CCOC(=O)C1=C(C)Oc2nc3c(c(N)c2[C@H]1c1ccncc1)CCCC3,IFPWYGKQIZAXQD-CQSZACIVSA-N,train
1708,3354,NJPVUJVNAWTZJX-IBGZPJMESA-N,CCOC(=O)C1=C(C)Oc2nc3c(c(N)c2[C@H]1c1ccc(OC)cc1)CCCC3,QXOHJPJAQVKDBR-OAHLLOKOSA-N,train
1709,3356,AGUVCUMUUYGWMV-INIZCTEOSA-N,CCOC(=O)C1=C(C)Oc2nc3c(c(N)c2[C@H]1c1ccncc1)CCC3,DIBVGLXLEPTAFS-CYBMUJFWSA-N,train
1710,3357,ZPMPGNOYMGNLNI-UHFFFAOYSA-N,CCOC(=O)c1c(C)nc2nc3c(c(N)c2c1-c1ccc(OC)cc1)CCCCC3,XEWBJNBOXVLEJL-UHFFFAOYSA-N,train
1711,3358,ZOTLYQAYVPBSTD-UHFFFAOYSA-N,CCOC(=O)c1c(C)nc2nc3c(c(N)c2c1-c1ccc(OC)cc1)CCCC3,VXIBTGIQMBJANX-UHFFFAOYSA-N,train
1712,3362,KHPNJTJAWHKVIL-UHFFFAOYSA-N,Cc1nc2nc3c(c(N)c2c(-c2ccccc2)c1C(=O)OC(C)C)CCCC3,VXIBTGIQMBJANX-UHFFFAOYSA-N,train
1713,3367,FAGLJGFRSMDZBW-UHFFFAOYSA-N,CCOC(=O)c1c(C)nc2nc3c(c(N)c2c1-c1ccc(F)cc1)CCCCC3,XEWBJNBOXVLEJL-UHFFFAOYSA-N,train
1714,3368,FFKCNARCPCGPQH-UHFFFAOYSA-N,CCOC(=O)c1c(C)nc2nc3c(c(N)c2c1-c1ccc(OC)c(OC)c1)CCCCC3,XEWBJNBOXVLEJL-UHFFFAOYSA-N,train
1715,3371,YCHHFZRJBHOKQX-UHFFFAOYSA-N,CCOC(=O)c1c(C)nc2nc3c(c(N)c2c1-c1cccc([N+](=O)[O-])c1)CCCC3,VXIBTGIQMBJANX-UHFFFAOYSA-N,train
1716,3372,OVFJYZWCAVHGMW-UHFFFAOYSA-N,CCOC(=O)c1c(C)nc2nc3c(c(N)c2c1-c1ccc(Cl)cc1)CCCC3,VXIBTGIQMBJANX-UHFFFAOYSA-N,train
1717,3373,DFIMEOJDEVLTMM-UHFFFAOYSA-N,CCOC(=O)c1c(C)nc2nc3c(c(N)c2c1-c1ccc(F)cc1)CCCC3,VXIBTGIQMBJANX-UHFFFAOYSA-N,train
1718,3374,QBNTZYZRSZBWJU-UHFFFAOYSA-N,CCOC(=O)c1c(C)nc2nc3c(c(N)c2c1-c1ccc(OC)c(OC)c1)CCCC3,VXIBTGIQMBJANX-UHFFFAOYSA-N,train
1719,3375,PQXUGFFGKUMGFF-UHFFFAOYSA-N,CCOC(=O)c1c(C)nc2nc3c(c(N)c2c1-c1cccc(OC)c1)CCCC3,VXIBTGIQMBJANX-UHFFFAOYSA-N,train
1720,3376,UMCMDCALLROMIL-UHFFFAOYSA-N,CCOC(=O)c1c(C)nc2nc3c(c(N)c2c1-c1ccncc1)CCCCC3,FROZZPRXNQNBSA-UHFFFAOYSA-N,train
1721,3377,CHKXZOMLVXBARM-UHFFFAOYSA-N,CCOC(=O)c1c(C)nc2nc3c(c(N)c2c1-c1ccncc1)CCCC3,MLRBVLBULRUZSF-UHFFFAOYSA-N,test
1722,3378,QBUOEZCFVIOCPR-UHFFFAOYSA-N,CCOC(=O)c1c(C)nc2nc3c(c(N)c2c1-c1ccncc1)CCC3,AVIDOFAMPMEYPP-UHFFFAOYSA-N,train
1723,3379,UNCWLZOGXZCOJG-UHFFFAOYSA-N,CCOC(=O)c1c(C)nc2nc3c(c(N)c2c1-c1ccccc1)CCCC3,VXIBTGIQMBJANX-UHFFFAOYSA-N,train
1724,3383,XHEFDIBZLJXQHF-UHFFFAOYSA-N,O=c1c(O)c(-c2ccc(O)c(O)c2)oc2cc(O)ccc12,VHBFFQKBGNRLFZ-UHFFFAOYSA-N,train
1725,3384,IKMDFBPHZNJCSN-UHFFFAOYSA-N,O=c1c(O)c(-c2cc(O)c(O)c(O)c2)oc2cc(O)cc(O)c12,VHBFFQKBGNRLFZ-UHFFFAOYSA-N,train
1726,3385,VCCRNZQBSJXYJD-UHFFFAOYSA-N,O=c1c(O)c(-c2ccccc2)oc2cc(O)cc(O)c12,VHBFFQKBGNRLFZ-UHFFFAOYSA-N,train
1727,3386,JPUKWEQWGBDDQB-HBDJNLTOSA-N,O=c1c(OC2O[C@H](CO)[C@H](O)[C@H](O)[C@H]2O)c(-c2ccc(O)cc2)oc2cc(O)cc(O)c12,MJAAADNHPZZOGV-UHFFFAOYSA-N,test
1728,3387,IKGXIBQEEMLURG-NVPNHPEKSA-N,C[C@@H]1O[C@@H](OC[C@H]2O[C@@H](Oc3c(-c4ccc(O)c(O)c4)oc4cc(O)cc(O)c4c3=O)[C@H](O)[C@@H](O)[C@@H]2O)[C@H](O)[C@H](O)[C@H]1O,QHILPYRVSJIJSN-VJBMBRPKSA-N,test
1729,3388,KJFTVNFZEUSHFY-UHFFFAOYSA-N,COc1cc2occ(-c3ccc(N4CCCC4)cc3)c(=O)c2cc1OC,SSWRCTPOIBESLJ-UHFFFAOYSA-N,test
1730,3389,BIKQENFVXXAJHF-UHFFFAOYSA-N,COc1cc2occ(-c3ccc(OC4CCN(Cc5ccccc5)CC4)cc3)c(=O)c2cc1OC,UUCWSKIRKUOACE-UHFFFAOYSA-N,test
1731,3391,UGTGSTDFYWUXNH-PKOBYXMFSA-N,COc1cc2cc(NC(=O)[C@H]3CCC[C@@H](NCc4ccccc4)C3)c(=O)oc2cc1OC,VTDARCCSCBZWAE-RBUKOAKNSA-N,test
1732,3407,VONAWRRNWCSFFR-QVLSZIRFSA-N,O=C(C[C@H]1C[C@H]2CCCN2[C@]12C(=O)Nc1ccccc12)N1C/C(=C\c2ccc(Cl)cc2)C(=O)[C@]2(C[C@H]3CCCN3[C@@]23C(=O)Nc2ccccc23)C1,YPJPJVJYEPAABA-QKHZYRMWSA-N,train
1733,3409,LJVOIVPCWUJLKZ-AVGIRGRJSA-N,O=C(C[C@H]1C[C@H]2CCCN2[C@]12C(=O)Nc1ccccc12)N1C/C(=C\c2ccc(Cl)cc2Cl)C(=O)[C@]2(C[C@H]3CCCN3[C@@]23C(=O)Nc2ccccc23)C1,YPJPJVJYEPAABA-QKHZYRMWSA-N,train
1734,3416,ZGNYWDUENAFLJX-SYYPJRJYSA-N,O=C1/C(=C/c2cccc3ccccc23)CN(C(=O)C[C@H]2C[C@H]3CCCN3[C@]23C(=O)Nc2ccccc23)C/C1=C\c1cccc2ccccc12,ZGNYWDUENAFLJX-SYYPJRJYSA-N,test
1735,3418,CAGSYCPJEBZNQR-AMURHSJLSA-N,O=C1/C(=C/c2ccc(Cl)cc2)CN(C(=O)C[C@H]2C[C@H]3CCCN3[C@]23C(=O)Nc2ccccc23)C/C1=C\c1ccc(Cl)cc1,ZXNYKJWIZZJZPB-UEJDYGPVSA-N,train
1736,3420,VTDKVLOPDSWYSF-RUQYIBFVSA-N,O=C1/C(=C/c2ccc(Cl)cc2Cl)CN(C(=O)C[C@H]2C[C@H]3CCCN3[C@]23C(=O)Nc2ccccc23)C/C1=C\c1ccc(Cl)cc1Cl,ZXNYKJWIZZJZPB-UEJDYGPVSA-N,train
1737,3421,NUGLIROFZZXZSJ-WEMBUXJDSA-N,O=C1/C(=C/c2cccc([N+](=O)[O-])c2)CN(C(=O)C[C@H]2C[C@H]3CCCN3[C@]23C(=O)Nc2ccccc23)C/C1=C\c1cccc([N+](=O)[O-])c1,ZXNYKJWIZZJZPB-UEJDYGPVSA-N,train
1738,3438,LQKVWDKZZLKIEO-UHFFFAOYSA-N,Clc1ccc(-c2nnc3sc(-c4ccoc4)nn23)cc1,RKCGRKYCTUEVJE-UHFFFAOYSA-N,train
1739,3439,UCDXFXYDHXUQQS-UHFFFAOYSA-N,COc1cccc(-c2nnc3sc(-c4ccoc4)nn23)c1,RKCGRKYCTUEVJE-UHFFFAOYSA-N,train
1740,3440,IBQPWMAINWBSPG-UHFFFAOYSA-N,COc1ccccc1-c1nnc2sc(-c3ccoc3)nn12,RKCGRKYCTUEVJE-UHFFFAOYSA-N,train
1741,3441,BQCYOKUETBHDKF-UHFFFAOYSA-N,Fc1ccc(Cc2nnc3sc(-c4ccoc4)nn23)cc1,HSFFEMSAVIUGLY-UHFFFAOYSA-N,train
1742,3442,GTTCAAURUZPYCT-UHFFFAOYSA-N,Fc1ccccc1Cc1nnc2sc(-c3ccoc3)nn12,HSFFEMSAVIUGLY-UHFFFAOYSA-N,train
1743,3443,FOOHHCUOYWOPNH-UHFFFAOYSA-N,Fc1cccc(Cc2nnc3sc(-c4ccoc4)nn23)c1,HSFFEMSAVIUGLY-UHFFFAOYSA-N,train
1744,3444,PXVDNVYERNRUIH-UHFFFAOYSA-N,Clc1ccccc1-c1nnc2sc(-c3ccoc3)nn12,RKCGRKYCTUEVJE-UHFFFAOYSA-N,train
1745,3447,VLFPJNJFSRTVCQ-UHFFFAOYSA-N,Brc1cccc(-c2nnc3sc(-c4ccoc4)nn23)c1,RKCGRKYCTUEVJE-UHFFFAOYSA-N,train
1746,3448,QYCOFCLOPMEREV-UHFFFAOYSA-N,Brc1ccc(-c2nnc3sc(-c4ccoc4)nn23)cc1,RKCGRKYCTUEVJE-UHFFFAOYSA-N,train
1747,3449,BEBHKCHGOXBQFM-UHFFFAOYSA-N,COc1ccc(-c2nnc3sc(-c4ccoc4)nn23)cc1,RKCGRKYCTUEVJE-UHFFFAOYSA-N,train
1748,3452,ACEKJSVJSPWCFJ-QEJYEJBOSA-N,O=C1/C(=C/c2cccc3ccccc23)CN(C(=O)[C@H]2C[C@H]3CCCN3[C@]23C(=O)Nc2cc(Cl)ccc23)C/C1=C\c1cccc2ccccc12,UEYCLHRCXFFCIS-GJGKFWOUSA-N,test
1749,3454,UFZCTLXXZCRXSR-CALHOEHWSA-N,O=C1/C(=C/c2ccc(Cl)cc2)CN(C(=O)[C@H]2C[C@H]3CCCN3[C@]23C(=O)Nc2cc(Cl)ccc23)C/C1=C\c1ccc(Cl)cc1,DENHFQWNVWMYSV-YLPQFATFSA-N,train
1750,3455,KPQUHTNSXKRNNN-HUPMBETNSA-N,Cc1ccc(/C=C2\CN(C(=O)[C@H]3C[C@H]4CCCN4[C@]34C(=O)Nc3cc(Cl)ccc34)C/C(=C\c3ccc(C)cc3)C2=O)cc1,DENHFQWNVWMYSV-YLPQFATFSA-N,train
1751,3456,NVCJOKMKSQXMIZ-PASBQLHESA-N,O=C1/C(=C/c2ccc(Cl)cc2Cl)CN(C(=O)[C@H]2C[C@H]3CCCN3[C@]23C(=O)Nc2cc(Cl)ccc23)C/C1=C\c1ccc(Cl)cc1Cl,DENHFQWNVWMYSV-YLPQFATFSA-N,train
1752,3457,FXQROPSWMDCKSN-GMTJZYHLSA-N,O=C1/C(=C/c2cccc([N+](=O)[O-])c2)CN(C(=O)[C@H]2C[C@H]3CCCN3[C@]23C(=O)Nc2cc(Cl)ccc23)C/C1=C\c1cccc([N+](=O)[O-])c1,DENHFQWNVWMYSV-YLPQFATFSA-N,train
1753,3459,IEZUYXINOLBVPZ-WFUNVFJHSA-N,O=C1/C(=C/c2ccccc2Cl)CN(C(=O)[C@H]2C[C@H]3CCCN3[C@]23C(=O)Nc2cc(Cl)ccc23)C/C1=C\c1ccccc1Cl,DENHFQWNVWMYSV-YLPQFATFSA-N,train
1754,3468,CDXLEFQOEJSRAZ-BEQMOXJMSA-N,C=CC(=O)N1C/C(=C\c2cccc([N+](=O)[O-])c2)C(=O)/C(=C/c2cccc([N+](=O)[O-])c2)C1,KPVTZSGWKGUMLH-JYFOCSDGSA-N,train
1755,3471,ANDKTBBSVHIHPD-IWGRKNQJSA-N,C=CC(=O)N1C/C(=C\c2ccccc2OC)C(=O)/C(=C/c2ccccc2OC)C1,KPVTZSGWKGUMLH-JYFOCSDGSA-N,train
1756,3475,GDFNKJSVDGBNRH-UHFFFAOYSA-N,COc1ccc2cc(C(=O)CN3CCN(Cc4ccccc4)CC3)c(=O)oc2c1,OHVKBQOWWXAVSU-UHFFFAOYSA-N,test
1757,3476,WRBFPGYDKJBYBI-SJORKVTESA-N,CN(C)C(=O)[C@H]1C[C@@H]1c1ccc(-c2ncn(C)c2Sc2ccc(Cl)cn2)cc1,NPZNJZOHGWNLBR-UHFFFAOYSA-N,test
1758,3497,ZCCUUQDIBDJBTK-UHFFFAOYSA-N,O=c1ccc2cc3ccoc3cc2o1,ZCCUUQDIBDJBTK-UHFFFAOYSA-N,train
1759,3498,QXKHYNVANLEOEG-UHFFFAOYSA-N,COc1c2occc2cc2ccc(=O)oc12,ZCCUUQDIBDJBTK-UHFFFAOYSA-N,train
1760,3502,RBQOQRRFDPXAGN-UHFFFAOYSA-N,CCCn1cnc2c1c(=O)n(CCCCC(C)=O)c(=O)n2C,LRFVTYWOQMYALW-UHFFFAOYSA-N,train
1761,3503,BYPFEZZEUUWMEJ-UHFFFAOYSA-N,CC(=O)CCCCn1c(=O)c2c(ncn2C)n(C)c1=O,LRFVTYWOQMYALW-UHFFFAOYSA-N,train
1762,3504,RYYVLZVUVIJVGH-UHFFFAOYSA-N,Cn1c(=O)c2c(ncn2C)n(C)c1=O,LRFVTYWOQMYALW-UHFFFAOYSA-N,train
1763,3505,LRFVTYWOQMYALW-UHFFFAOYSA-N,O=c1[nH]c(=O)c2nc[nH]c2[nH]1,LRFVTYWOQMYALW-UHFFFAOYSA-N,train
1764,3507,IZGRHSRWTILCID-FIXISWKDSA-N,C=C[C@@H]1[C@H]2C=C(C)C[C@]1(N)c1ccc(=O)[nH]c1C2,WKXYTZADUXBGNK-VEDVMXKPSA-N,test
1765,3512,MKCZJPWVOINYIU-UHFFFAOYSA-N,Clc1ccc2[nH]c(-c3ccc(OCCN4CCOCC4)cc3)nc2c1,FVWQPWJWXDUYOX-UHFFFAOYSA-N,train
1766,3513,JWMNDJKJQTZJKT-UHFFFAOYSA-N,Clc1ccc2[nH]c(-c3ccc(OCCN4CCCCC4)cc3)nc2c1,DQHHGJIDSIEIRK-UHFFFAOYSA-N,train
1767,3514,BBTOCHYFQHOWFS-UHFFFAOYSA-N,Clc1ccc2[nH]c(-c3ccc(OCCN4CCCC4)cc3)nc2c1,GPCCQUBMGXQCPH-UHFFFAOYSA-N,train
1768,3515,QEGIKSFQWDYIPY-UHFFFAOYSA-N,CC(C)N(CCOc1ccc(-c2nc3cc(Cl)ccc3[nH]2)cc1)C(C)C,DWYHDSLIWMUSOO-UHFFFAOYSA-N,train
1769,3516,MRCUDDHDPPYVCN-UHFFFAOYSA-N,CCN(CC)CCOc1ccc(-c2nc3cc(Cl)ccc3[nH]2)cc1,DWYHDSLIWMUSOO-UHFFFAOYSA-N,train
1770,3517,UFPXLIINJWSSMV-UHFFFAOYSA-N,CN(C)CCOc1ccc(-c2nc3cc(Cl)ccc3[nH]2)cc1,DWYHDSLIWMUSOO-UHFFFAOYSA-N,train
1771,3520,XVWGGOXBAAKLJP-UHFFFAOYSA-N,Cc1ccc2[nH]c(-c3ccc(OCCN4CCCCC4)cc3)nc2c1,DQHHGJIDSIEIRK-UHFFFAOYSA-N,train
1772,3521,ULFZHPSKEWCTNR-UHFFFAOYSA-N,Cc1ccc2[nH]c(-c3ccc(OCCN4CCCC4)cc3)nc2c1,GPCCQUBMGXQCPH-UHFFFAOYSA-N,train
1773,3526,DQHHGJIDSIEIRK-UHFFFAOYSA-N,c1ccc2[nH]c(-c3ccc(OCCN4CCCCC4)cc3)nc2c1,DQHHGJIDSIEIRK-UHFFFAOYSA-N,train
1774,3527,GPCCQUBMGXQCPH-UHFFFAOYSA-N,c1ccc2[nH]c(-c3ccc(OCCN4CCCC4)cc3)nc2c1,GPCCQUBMGXQCPH-UHFFFAOYSA-N,train
1775,3533,OXQRMHHRDWXOPE-UHFFFAOYSA-N,N#Cc1cc(C#N)c(NC2CCN(Cc3ccccc3)CC2)nc1NC1CCN(Cc2ccccc2)CC1,KZERSYUYKGQNPJ-UHFFFAOYSA-N,test
1776,3534,NGQBESRBBIDATI-UHFFFAOYSA-N,N#Cc1c(NCCC2CCN(Cc3ccccc3)CC2)nc(NCCC2CCN(Cc3ccccc3)CC2)c(C#N)c1-c1ccccc1,HPUGCMFOSXYTPF-UHFFFAOYSA-N,train
1777,3535,VPVULNNWJJSXOM-UHFFFAOYSA-N,N#Cc1cc(C#N)c(NCCCCC2CCN(Cc3ccccc3)CC2)nc1Cl,BVMGKNCKLZWDAI-UHFFFAOYSA-N,train
1778,3536,CXJHSZNBWBHAQG-UHFFFAOYSA-N,N#Cc1cc(C#N)c(NCCCC2CCN(Cc3ccccc3)CC2)nc1Cl,WFNBIRNJSOCNHT-UHFFFAOYSA-N,train
1779,3537,KPKNMUAGNOEDIE-UHFFFAOYSA-N,N#Cc1cc(C#N)c(NCCC2CCN(Cc3ccccc3)CC2)nc1Cl,DCFXDNUUQBWFFR-UHFFFAOYSA-N,train
1780,3538,APUNUGFNNAECLO-UHFFFAOYSA-N,N#Cc1cc(C#N)c(NC2CCN(Cc3ccccc3)CC2)nc1Cl,KHSFZCPGVFDBKX-UHFFFAOYSA-N,train
1781,3539,NXFUAVRJMVGTEU-UHFFFAOYSA-N,N#Cc1c(Cl)nc(NCCCCC2CCN(Cc3ccccc3)CC2)c(C#N)c1-c1ccccc1,KUPDIDJUYIYDME-UHFFFAOYSA-N,train
1782,3540,PWFVTINZOVIFQP-UHFFFAOYSA-N,N#Cc1c(Cl)nc(NCCCC2CCN(Cc3ccccc3)CC2)c(C#N)c1-c1ccccc1,MOJHDDTXIJMHAS-UHFFFAOYSA-N,train
1783,3541,CBUMRMKTVSNLKA-UHFFFAOYSA-N,N#Cc1c(Cl)nc(NCCC2CCN(Cc3ccccc3)CC2)c(C#N)c1-c1ccccc1,JDPXLGVJUFKCGL-UHFFFAOYSA-N,train
1784,3542,RVJXOEYVNUBNPU-UHFFFAOYSA-N,N#Cc1c(Cl)nc(NC2CCN(Cc3ccccc3)CC2)c(C#N)c1-c1ccccc1,MCBSFPOHLGSBCO-UHFFFAOYSA-N,train
1785,3565,ZMKVQRBBDBSXEZ-UHFFFAOYSA-M,COc1c(F)c[n+](CCCCCOc2ccc3c(C)cc(=O)oc3c2)cc1F.O=S(=O)([O-])C(F)(F)F,YAWRJEJWIOOMRI-UHFFFAOYSA-N,train
1786,3566,XRUAEVWJKITXIG-UHFFFAOYSA-M,COc1c(F)c[n+](CCCCOc2ccc3c(C)cc(=O)oc3c2)cc1F.O=S(=O)([O-])C(F)(F)F,XZQCYWLQEZNNLW-UHFFFAOYSA-N,train
1787,3567,RMKGVUWQYULRKN-UHFFFAOYSA-M,COc1c(F)c[n+](CCCOc2ccc3c(C)cc(=O)oc3c2)cc1F.O=S(=O)([O-])C(F)(F)F,GFTMVSFOIQWJSE-UHFFFAOYSA-N,train
1788,3568,KOFNHFQRLFTDHJ-UHFFFAOYSA-M,COc1ccc(C(F)(F)F)c[n+]1CCCCCOc1ccc2c(C)cc(=O)oc2c1.O=S(=O)([O-])C(F)(F)F,YAWRJEJWIOOMRI-UHFFFAOYSA-N,train
1789,3569,FIRPLAXRQZWEEH-UHFFFAOYSA-M,COc1ccc(C(F)(F)F)c[n+]1CCCCOc1ccc2c(C)cc(=O)oc2c1.O=S(=O)([O-])C(F)(F)F,XZQCYWLQEZNNLW-UHFFFAOYSA-N,train
1790,3570,MJCLAGLRDDLAEC-UHFFFAOYSA-M,COc1ccc(C(F)(F)F)c[n+]1CCCOc1ccc2c(C)cc(=O)oc2c1.O=S(=O)([O-])C(F)(F)F,GFTMVSFOIQWJSE-UHFFFAOYSA-N,train
1791,3572,UFMWOXVORSENPN-UHFFFAOYSA-L,COc1ccc(C(F)(F)F)c[n+]1CCC[n+]1cc(C(F)(F)F)ccc1OC.O=S(=O)([O-])C(F)(F)F.O=S(=O)([O-])C(F)(F)F,KMPKEANIOVTMHB-UHFFFAOYSA-N,test
1792,3574,WEAJDBKFZZKOML-UHFFFAOYSA-M,COc1cc2c(cc1OC)C(=O)C(CCCCCCCc1cccc(OC)[n+]1C)C2.O=S(=O)([O-])C(F)(F)F,VFRUSWZSBSOJCG-UHFFFAOYSA-O,test
1793,3575,UJVAAQLXSLBDKJ-UHFFFAOYSA-M,COc1cc2c(cc1OC)C(=O)C(CCCCCCc1cccc(OC)[n+]1C)C2.O=S(=O)([O-])C(F)(F)F,FHAMORVAQLWZNL-UHFFFAOYSA-O,train
1794,3576,VBUYOKNRZXECHE-UHFFFAOYSA-M,COc1cc2c(cc1OC)C(=O)C(CCCCCc1cccc(OC)[n+]1C)C2.O=S(=O)([O-])C(F)(F)F,XXFULCMNJCKZOU-UHFFFAOYSA-O,test
1795,3577,BSUMSWVFHNXTDM-UHFFFAOYSA-L,COc1cc2c(cc1OC)C[N+](C)(CCCCCCCc1cccc(OC)[n+]1C)CC2.O=S(=O)([O-])C(F)(F)F.O=S(=O)([O-])C(F)(F)F,WBMUVKRVRIBYJE-UHFFFAOYSA-P,test
1796,3578,NMTWMKMOKNHOOG-UHFFFAOYSA-L,COc1cc2c(cc1OC)C[N+](C)(CCCCCCc1cccc(OC)[n+]1C)CC2.O=S(=O)([O-])C(F)(F)F.O=S(=O)([O-])C(F)(F)F,PBMNROLRDROASI-UHFFFAOYSA-P,test
1797,3579,DNIAPZKFQRYDIQ-UHFFFAOYSA-L,COc1cc2c(cc1OC)C[N+](C)(CCCCCc1cccc(OC)[n+]1C)CC2.O=S(=O)([O-])C(F)(F)F.O=S(=O)([O-])C(F)(F)F,LXGYQONCQFKEMB-UHFFFAOYSA-P,test
1798,3580,WASMKRBLJDLFHW-UHFFFAOYSA-L,COc1cc2c(cc1OC)C[N+](C)(CCCCc1cccc(OC)[n+]1C)CC2.O=S(=O)([O-])C(F)(F)F.O=S(=O)([O-])C(F)(F)F,GZMDVSNEMMSXNM-UHFFFAOYSA-P,train
1799,3581,QFBURNNTMZXPOD-UHFFFAOYSA-L,COc1cccc(CCCCCCCCc2cccc(OC)[n+]2C)[n+]1C.O=S(=O)([O-])C(F)(F)F.O=S(=O)([O-])C(F)(F)F,CRCCVUJWSLFSBI-UHFFFAOYSA-P,train
1800,3582,QRYDRTQUSXTXJI-UHFFFAOYSA-L,COc1cccc(CCCCCCCc2cccc(OC)[n+]2C)[n+]1C.O=S(=O)([O-])C(F)(F)F.O=S(=O)([O-])C(F)(F)F,BRMDMFQKWSVCHQ-UHFFFAOYSA-P,train
1801,3583,RHYDVDVFZJIWDU-UHFFFAOYSA-L,COc1cccc(CCCCCCc2cccc(OC)[n+]2C)[n+]1C.O=S(=O)([O-])C(F)(F)F.O=S(=O)([O-])C(F)(F)F,VAMTXPFDKXGZRO-UHFFFAOYSA-P,test
1802,3584,QTAZWBRNRWOAHK-UHFFFAOYSA-L,COc1cccc(CCCCCc2cccc(OC)[n+]2C)[n+]1C.O=S(=O)([O-])C(F)(F)F.O=S(=O)([O-])C(F)(F)F,CQURZEFNBDJAOR-UHFFFAOYSA-P,train
1803,3585,JPPCLTDDFRWLJD-UHFFFAOYSA-L,COc1cccc(CCc2cccc(OC)[n+]2C)[n+]1C.O=S(=O)([O-])C(F)(F)F.O=S(=O)([O-])C(F)(F)F,WBIBUCGCVLAPQG-UHFFFAOYSA-P,test
1804,3591,MVZRDWBAHPJFAX-UHFFFAOYSA-N,COc1ccc([N+](=O)[O-])c[n+]1C.F[B-](F)(F)F,JUJWROOIHBZHMG-UHFFFAOYSA-O,train
1805,3624,FIHKSIJMFNDTLZ-HEVIKAOCSA-N,C[C@H](C(=O)NCCCNCCCNC1=CC(=O)C(NCCCNCCCNC(=O)[C@@H](C)c2ccc(-c3ccccc3)c(F)c2)=CC1=O)c1ccc(-c2ccccc2)c(F)c1,WJCASIGPROJICW-UHFFFAOYSA-N,test
1806,3628,JLICOVVJIUJAMC-GWSDYOLYSA-N,CC1=C(CC(=O)NCCCNCCCNC2=CC(=O)C(NCCCNCCCNC(=O)CC3=C(C)/C(=C\c4ccc([S+](C)[O-])cc4)c4ccc(F)cc43)=CC2=O)c2cc(F)ccc2/C1=C/c1ccc([S+](C)[O-])cc1,IOIOYWQHONTBHS-LFOSYLFNSA-N,train
1807,3629,GAIPAIINDRQCBE-UHFFFAOYSA-N,CC(C)Cc1ccc(C(C)C(=O)NCCCNCCCNC2=CC(=O)C(NCCCNCCCNC(=O)C(C)c3ccc(CC(C)C)cc3)=CC2=O)cc1,CVOBJFGIWLQKNN-UHFFFAOYSA-N,train
1808,3631,XWIRRJCYPXRQNW-ZZEZOPTASA-N,CCn1c(=O)n(C)s/c1=N\CCC1CCN(Cc2ccccc2)CC1,HDRPKPOOFYOYQP-UHFFFAOYSA-N,train
1809,3634,UHBYWTXOUSTTSQ-UHFFFAOYSA-N,CCOC(=O)C1=C(C)Oc2nc3c(c(N)c2C1c1ccc(C)cc1)CCCC3,QXOHJPJAQVKDBR-UHFFFAOYSA-N,train
1810,3635,NJPVUJVNAWTZJX-UHFFFAOYSA-N,CCOC(=O)C1=C(C)Oc2nc3c(c(N)c2C1c1ccc(OC)cc1)CCCC3,QXOHJPJAQVKDBR-UHFFFAOYSA-N,train
1811,3638,ISDBEASSBDUORE-UHFFFAOYSA-N,COc1cc2c(cc1OC)[Se](=O)N(CCC1CCN(Cc3ccccc3)CC1)C2=O,YAVSOJFGTXJEAZ-UHFFFAOYSA-N,test
1812,3639,XATRWWMRLDBURC-UHFFFAOYSA-N,COc1cc2[se]n(CCCCC3CCN(Cc4ccccc4)CC3)c(=O)c2cc1OC,NQVWJWZAVCEBQE-UHFFFAOYSA-N,test
1813,3640,SPTPBOSWJWYELM-UHFFFAOYSA-N,COc1cc2[se]n(CCCC3CCN(Cc4ccccc4)CC3)c(=O)c2cc1OC,NUKSUTRZZIIMQZ-UHFFFAOYSA-N,test
1814,3641,PGBBHNPZVCTISZ-UHFFFAOYSA-N,COc1cc2[se]n(CCC3CCN(Cc4ccccc4)CC3)c(=O)c2cc1OC,WYBSTHYTYQKMRS-UHFFFAOYSA-N,test
1815,3643,UEPKIBDCMASFAW-NJNXFGOHSA-N,O=C1/C(=C/c2ccc(F)cc2)COc2cc(OCCCCCCNc3c4c(nc5ccccc35)CCCC4)ccc21,JZSNDOCPSPCPTF-XTCLZLMSSA-N,train
1816,3644,NJHSCOWKTJHWBT-ZZIIXHQDSA-N,COc1ccc(/C=C2\COc3cc(OCCCCCCCCNc4c5c(nc6ccccc46)CCCC5)ccc3C2=O)cc1,PWVCRZKYACFKRV-ZZIIXHQDSA-N,test
1817,3645,CBIYVBDPTVOIOY-XTCLZLMSSA-N,COc1ccc(/C=C2\COc3cc(OCCCCCCNc4c5c(nc6ccccc46)CCCC5)ccc3C2=O)cc1,JZSNDOCPSPCPTF-XTCLZLMSSA-N,train
1818,3646,SKUMQRLMZICTHQ-NJNXFGOHSA-N,COc1ccc(/C=C2\COc3cc(OCCCCCNc4c5c(nc6ccccc46)CCCC5)ccc3C2=O)cc1,ZSTGNFQANZYYGW-NJNXFGOHSA-N,test
1819,3648,BGIOOSDXZCNZQT-UHFFFAOYSA-N,COc1cc2[se]n(CCCCCCNc3c4c(nc5ccccc35)CCCC4)c(=O)c2cc1OC,NAKZJQSHDVVYBW-UHFFFAOYSA-N,train
1820,3649,NAKZJQSHDVVYBW-UHFFFAOYSA-N,O=c1c2ccccc2[se]n1CCCCCCNc1c2c(nc3ccccc13)CCCC2,NAKZJQSHDVVYBW-UHFFFAOYSA-N,train
1821,3650,KZMBWUIEJCJZBV-UHFFFAOYSA-N,c1cc[n+](CCCCCCCCCCCC[n+]2cccc3ccccc32)cc1,KZMBWUIEJCJZBV-UHFFFAOYSA-N,test
1822,3651,OPRFDSBJETWBSK-UHFFFAOYSA-N,c1cc[n+](CCCCCCCCCCC[n+]2cccc3ccccc32)cc1,OPRFDSBJETWBSK-UHFFFAOYSA-N,test
1823,3652,IXYYOCBGKVPOHF-UHFFFAOYSA-N,c1cc[n+](CCCCCCCCCC[n+]2cccc3ccccc32)cc1,IXYYOCBGKVPOHF-UHFFFAOYSA-N,train
1824,3653,SYTVXSVMKRXYMG-UHFFFAOYSA-N,c1cc[n+](CCCCCCCCC[n+]2cccc3ccccc32)cc1,SYTVXSVMKRXYMG-UHFFFAOYSA-N,test
1825,3654,VLINJGAWQXONRY-UHFFFAOYSA-N,c1cc[n+](CCCCCCCC[n+]2cccc3ccccc32)cc1,VLINJGAWQXONRY-UHFFFAOYSA-N,test
1826,3655,AJEOSTRBVYLHFL-UHFFFAOYSA-N,c1cc[n+](CCCCCCC[n+]2cccc3ccccc32)cc1,AJEOSTRBVYLHFL-UHFFFAOYSA-N,train
1827,3656,XMIICGLXEFLORP-UHFFFAOYSA-N,c1cc[n+](CCCCCCCCCCC[n+]2ccc3ccccc3c2)cc1,XMIICGLXEFLORP-UHFFFAOYSA-N,test
1828,3657,TVYZGBBYZJIGGJ-UHFFFAOYSA-N,c1cc[n+](CCCCCCCCCC[n+]2ccc3ccccc3c2)cc1,TVYZGBBYZJIGGJ-UHFFFAOYSA-N,test
1829,3658,JUWPVFGGRPLWHB-UHFFFAOYSA-N,c1cc[n+](CCCCCCCCC[n+]2ccc3ccccc3c2)cc1,JUWPVFGGRPLWHB-UHFFFAOYSA-N,train
1830,3659,PVKAOBUBUDQDRR-UHFFFAOYSA-N,c1cc[n+](CCCCCCCC[n+]2ccc3ccccc3c2)cc1,PVKAOBUBUDQDRR-UHFFFAOYSA-N,test
1831,3660,LYSYREGAWZUWGY-UHFFFAOYSA-N,c1cc[n+](CCCCCCC[n+]2ccc3ccccc3c2)cc1,LYSYREGAWZUWGY-UHFFFAOYSA-N,test
1832,3666,HARGZZNYNSYSGJ-JTQLQIEISA-N,Cc1cccc2c3c(ccc12)C1=C(C(=O)C3=O)[C@@H](C)CO1,WAJVOUALTBWKPV-UHFFFAOYSA-N,test
1833,3673,YJIPHBLIIILVCK-UHFFFAOYSA-N,COc1cc2[se]n(-c3ccc(OCCCCN4CCCCC4)cc3)c(=O)c2cc1OC,HMSMWYXVOXJICA-UHFFFAOYSA-N,train
1834,3674,SEEWNPTXFPHRDI-UHFFFAOYSA-N,COc1cc2[se]n(-c3ccc(OCCCN4CCCCC4)cc3)c(=O)c2cc1OC,IHPSCUSFORMUHM-UHFFFAOYSA-N,train
1835,3675,WBYXSWQBTVRKLU-UHFFFAOYSA-N,COc1cc2[se]n(-c3ccc(OCCN4CCCCC4)cc3)c(=O)c2cc1OC,JBKQSCQUUYXDOK-UHFFFAOYSA-N,train
1836,3679,NBEXJUQNTLSDAH-UHFFFAOYSA-N,COc1cc2[se]n(-c3ccc(CN4CCCCC4)cc3)c(=O)c2cc1OC,HWARFVXWYZKCEU-UHFFFAOYSA-N,train
1837,3680,RSRPZXMUCGYGAT-UHFFFAOYSA-N,COc1cc2[se]n(-c3ccc(CN4CCCC4)cc3)c(=O)c2cc1OC,RYYKOJHWHUNLOT-UHFFFAOYSA-N,test
1838,3685,DMYRBALMXHKIGH-YUVNHMKWSA-N,CN1CC[C@@H](C(=O)N2C/C(=C\c3cccc4ccccc34)C(=O)[C@@]3(C2)[C@H](c2cccc4ccccc24)CN(C)[C@]32C(=O)Nc3ccccc32)[C@@]12C(=O)Nc1ccccc12,YPTPQJUCNLOPQW-DMLLMEQYSA-N,test
1839,3686,JBSBVWSGDQEAHW-QGBZOZHCSA-N,CN1CC[C@@H](C(=O)N2C/C(=C\c3ccc(F)cc3)C(=O)[C@@]3(C2)[C@H](c2ccc(F)cc2)CN(C)[C@]32C(=O)Nc3ccccc32)[C@@]12C(=O)Nc1ccccc12,PAPJYYPFDSUEFY-VPPNEJQJSA-N,train
1840,3687,QSYNZYDUZLMXLT-QGBZOZHCSA-N,CN1CC[C@@H](C(=O)N2C/C(=C\c3ccc(Cl)cc3)C(=O)[C@@]3(C2)[C@H](c2ccc(Cl)cc2)CN(C)[C@]32C(=O)Nc3ccccc32)[C@@]12C(=O)Nc1ccccc12,PAPJYYPFDSUEFY-VPPNEJQJSA-N,train
1841,3688,SYIJWEUVZBXTSK-KHBLXWHLSA-N,Cc1ccc(/C=C2\CN(C(=O)[C@@H]3CCN(C)[C@]34C(=O)Nc3ccccc34)C[C@]3(C2=O)[C@H](c2ccc(C)cc2)CN(C)[C@]32C(=O)Nc3ccccc32)cc1,PAPJYYPFDSUEFY-VPPNEJQJSA-N,train
1842,3689,GPPGIVRQQSJCJT-ZJXUGDSISA-N,CN1CC[C@@H](C(=O)N2C/C(=C\c3ccc(Cl)cc3Cl)C(=O)[C@@]3(C2)[C@H](c2ccc(Cl)cc2Cl)CN(C)[C@]32C(=O)Nc3ccccc32)[C@@]12C(=O)Nc1ccccc12,PAPJYYPFDSUEFY-VPPNEJQJSA-N,train
1843,3690,VPPIZGVJYULPCI-AKXUEXMOSA-N,CN1CC[C@@H](C(=O)N2C/C(=C\c3cccc([N+](=O)[O-])c3)C(=O)[C@@]3(C2)[C@H](c2cccc([N+](=O)[O-])c2)CN(C)[C@]32C(=O)Nc3ccccc32)[C@@]12C(=O)Nc1ccccc12,PAPJYYPFDSUEFY-VPPNEJQJSA-N,train
1844,3691,LZCINFLXWAYHAD-UNICUECWSA-N,CN1CC[C@@H](C(=O)N2C/C(=C\c3ccccc3F)C(=O)[C@@]3(C2)[C@H](c2ccccc2F)CN(C)[C@]32C(=O)Nc3ccccc32)[C@@]12C(=O)Nc1ccccc12,PAPJYYPFDSUEFY-VPPNEJQJSA-N,train
1845,3692,URTUAVNTWXXCEN-UNICUECWSA-N,CN1CC[C@@H](C(=O)N2C/C(=C\c3ccccc3Cl)C(=O)[C@@]3(C2)[C@H](c2ccccc2Cl)CN(C)[C@]32C(=O)Nc3ccccc32)[C@@]12C(=O)Nc1ccccc12,PAPJYYPFDSUEFY-VPPNEJQJSA-N,train
1846,3693,QJLCTYMBVMACFN-UGYSWYPASA-N,COc1ccccc1/C=C1\CN(C(=O)[C@@H]2CCN(C)[C@]23C(=O)Nc2ccccc23)C[C@]2(C1=O)[C@H](c1ccccc1OC)CN(C)[C@]21C(=O)Nc2ccccc21,PAPJYYPFDSUEFY-VPPNEJQJSA-N,train
1847,3694,QSFNNADKNRBZRA-UURVOFGNSA-N,Cc1ccccc1/C=C1\CN(C(=O)[C@@H]2CCN(C)[C@]23C(=O)Nc2ccccc23)C[C@]2(C1=O)[C@H](c1ccccc1C)CN(C)[C@]21C(=O)Nc2ccccc21,PAPJYYPFDSUEFY-VPPNEJQJSA-N,train
1848,3695,YYYKXFFODWMENN-GTRCEIMPSA-N,CN1CC[C@@H](C(=O)N2C/C(=C\c3ccccc3)C(=O)[C@@]3(C2)[C@H](c2ccccc2)CN(C)[C@]32C(=O)Nc3ccccc32)[C@@]12C(=O)Nc1ccccc12,PAPJYYPFDSUEFY-VPPNEJQJSA-N,train
1849,3696,CIGWHVQNGHCCQD-AFCOQHGVSA-N,C=CC(=O)N1C/C(=C\c2cccc3ccccc23)C(=O)[C@@]2(C1)[C@H](c1cccc3ccccc13)CN(C)[C@]21C(=O)Nc2ccccc21,BWFOBDLMBRNFDG-UDDAOAOMSA-N,train
1850,3697,MVRSVSUWAGKMRS-RLKYIGPZSA-N,C=CC(=O)N1C/C(=C\c2ccc(F)cc2)C(=O)[C@@]2(C1)[C@H](c1ccc(F)cc1)CN(C)[C@]21C(=O)Nc2ccccc21,IZSJJCSJAOULBC-GWRLCIEASA-N,train
1851,3698,YIQGIPHCFFIJQN-RLKYIGPZSA-N,C=CC(=O)N1C/C(=C\c2ccc(Cl)cc2)C(=O)[C@@]2(C1)[C@H](c1ccc(Cl)cc1)CN(C)[C@]21C(=O)Nc2ccccc21,IZSJJCSJAOULBC-GWRLCIEASA-N,train
1852,3699,KXQUSZFXGCQBEY-LNEKVJQRSA-N,C=CC(=O)N1C/C(=C\c2ccc(C)cc2)C(=O)[C@@]2(C1)[C@H](c1ccc(C)cc1)CN(C)[C@]21C(=O)Nc2ccccc21,IZSJJCSJAOULBC-GWRLCIEASA-N,train
1853,3700,YLVDGFLHTCJOCC-YDGHPEPZSA-N,C=CC(=O)N1C/C(=C\c2ccc(Cl)cc2Cl)C(=O)[C@@]2(C1)[C@H](c1ccc(Cl)cc1Cl)CN(C)[C@]21C(=O)Nc2ccccc21,IZSJJCSJAOULBC-GWRLCIEASA-N,train
1854,3701,OKHFUHHPYDCFSR-YFCWGEOWSA-N,C=CC(=O)N1C/C(=C\c2cccc([N+](=O)[O-])c2)C(=O)[C@@]2(C1)[C@H](c1cccc([N+](=O)[O-])c1)CN(C)[C@]21C(=O)Nc2ccccc21,IZSJJCSJAOULBC-GWRLCIEASA-N,train
1855,3702,BKDSEXOCOKEHEW-DBTRPOLGSA-N,C=CC(=O)N1C/C(=C\c2ccccc2F)C(=O)[C@@]2(C1)[C@H](c1ccccc1F)CN(C)[C@]21C(=O)Nc2ccccc21,IZSJJCSJAOULBC-GWRLCIEASA-N,train
1856,3703,UBLDCFKBHKDJPB-DBTRPOLGSA-N,C=CC(=O)N1C/C(=C\c2ccccc2Cl)C(=O)[C@@]2(C1)[C@H](c1ccccc1Cl)CN(C)[C@]21C(=O)Nc2ccccc21,IZSJJCSJAOULBC-GWRLCIEASA-N,train
1857,3704,LSLPXJPINXJYED-AOBXVYRYSA-N,C=CC(=O)N1C/C(=C\c2ccccc2OC)C(=O)[C@@]2(C1)[C@H](c1ccccc1OC)CN(C)[C@]21C(=O)Nc2ccccc21,IZSJJCSJAOULBC-GWRLCIEASA-N,train
1858,3705,ZKLQFVFZXDZESS-QFVGFNLVSA-N,C=CC(=O)N1C/C(=C\c2ccccc2C)C(=O)[C@@]2(C1)[C@H](c1ccccc1C)CN(C)[C@]21C(=O)Nc2ccccc21,IZSJJCSJAOULBC-GWRLCIEASA-N,train
1859,3706,LHISBHNARPPDIO-JKHBRONLSA-N,C=CC(=O)N1C/C(=C\c2ccccc2)C(=O)[C@@]2(C1)[C@H](c1ccccc1)CN(C)[C@]21C(=O)Nc2ccccc21,IZSJJCSJAOULBC-GWRLCIEASA-N,train
1860,3712,XBGJISBWJWTPLH-UHFFFAOYSA-N,Nc1ccc2c(c1)c(OCc1ccccc1)nn2Cc1ccccc1,LSHSFAITCUQCLP-UHFFFAOYSA-N,train
1861,3714,QTJUKEFFXJKADG-UHFFFAOYSA-N,O=[N+]([O-])c1ccc2c(c1)c(OCc1ccc3ccccc3c1)nn2Cc1ccccc1,QMRVWNIYVWRACW-UHFFFAOYSA-N,test
1862,3717,NVAPCERQXKPLTK-UHFFFAOYSA-N,CCCCCn1nc(OCc2ccc3ccccc3c2)c2cc([N+](=O)[O-])ccc21,LMCOXFRMYOOHTQ-UHFFFAOYSA-N,test
1863,3718,XXEKUHPLQBJSJY-UHFFFAOYSA-N,O=[N+]([O-])c1ccc2c(c1)c(OCc1cccc3ccccc13)nn2Cc1cccc2ccccc12,OFOSJBGHHQNQQX-UHFFFAOYSA-N,test
1864,3721,FZCLGOSOJHUUST-UHFFFAOYSA-N,CCCCCn1nc(OCc2ccc(OC)cc2)c2cc([N+](=O)[O-])ccc21,KXIMCEQJXLUWHI-UHFFFAOYSA-N,test
1865,3722,RUJMERFUMDLBHZ-UHFFFAOYSA-N,O=[N+]([O-])c1ccc2c(c1)c(OCc1ccccc1)nn2Cc1ccccc1,LSHSFAITCUQCLP-UHFFFAOYSA-N,train
1866,3724,BYEHLGQTZYKVFJ-UHFFFAOYSA-N,CCCCCOc1nn(CCCCC)c2ccc([N+](=O)[O-])cc12,BAXOFTOLAUCFNW-UHFFFAOYSA-N,train
1867,3732,LSHSFAITCUQCLP-UHFFFAOYSA-N,c1ccc(COc2nn(Cc3ccccc3)c3ccccc23)cc1,LSHSFAITCUQCLP-UHFFFAOYSA-N,train
1868,3733,AVHMZIMFLFDTIN-UHFFFAOYSA-N,c1ccc2c(c1)c(OCC1CCCCC1)nn2CC1CCCCC1,AVHMZIMFLFDTIN-UHFFFAOYSA-N,train
1869,3737,SHQNSNOQZLYJOO-UHFFFAOYSA-N,CCNCc1ccc2nc(-c3ccc(Cl)cc3)c3c(c2c1)NCCC3,OMSOTGLXXNYCEC-UHFFFAOYSA-N,train
1870,3740,OEOVOFDXVTWLSY-UHFFFAOYSA-N,CCNCc1ccc2nc(-c3ccc(Cl)cc3)c3c(c2c1)N(Cc1ccccc1)CCC3,SKYIFQCTLQKILO-UHFFFAOYSA-N,train
1871,3741,JZHJADLDLNMVKV-UHFFFAOYSA-N,CCNC(=O)c1ccc2nc(-c3ccc(Cl)cc3)c3c(c2c1)N(Cc1ccccc1)CCC3,SKYIFQCTLQKILO-UHFFFAOYSA-N,train
1872,3745,GLCBTTCWFDKFDR-UHFFFAOYSA-N,CCOC(=O)c1ccc2nc(-c3cccnc3)c3c(c2c1)N(Cc1ccccc1)CCC3,FNKFXYYONXANRT-UHFFFAOYSA-N,train
1873,3749,UBCXCPFVKYUOKF-UHFFFAOYSA-N,CCOC(=O)c1ccc2nc(-c3ccc(Cl)cc3)c3c(c2c1)N(Cc1ccccc1)C(=O)CC3,ZDSAWBGHANWKJZ-UHFFFAOYSA-N,test
1874,3751,FFTKMAHTNAEBCM-UHFFFAOYSA-N,CCN(CCCCOc1ccc(-c2coc3cc(OCCCCN(CC)Cc4ccccc4OC)cc(O)c3c2=O)cc1)Cc1ccccc1OC,VJXQYZRHHROCND-UHFFFAOYSA-N,train
1875,3752,UOQLTFOUMSADAS-UHFFFAOYSA-N,CCN(CCCCOc1ccc(-c2coc3cc(O)cc(O)c3c2=O)cc1)Cc1ccccc1OC,BXKAIFOAFMMETC-UHFFFAOYSA-N,train
1876,3753,ZIZAOGVFUXZHDX-UHFFFAOYSA-N,CCN(CCCCCCOc1cc(O)c2c(=O)c(-c3ccc(O)cc3)coc2c1)Cc1ccccc1,DYSZEFXORVXIQO-UHFFFAOYSA-N,train
1877,3755,PPGMIPTWTYYHRQ-UHFFFAOYSA-N,Cn1ncc2c1-c1c(Br)sc(Br)c1C2NC(=O)CN1CCN(Cc2ccccc2F)CC1,ANOUVHKKLQOCIC-UHFFFAOYSA-N,train
1878,3756,PWBQKEZBWGBFSU-UHFFFAOYSA-N,O=C(CN1CCN(Cc2ccccc2)CC1)NC1c2cnn(-c3ccccc3)c2-c2c(Br)sc(Br)c21,QVEIQLPSATUGLW-UHFFFAOYSA-N,test
1879,3757,ZNDVGZNYUFTVCI-UHFFFAOYSA-N,Cn1ncc2c1-c1c(Br)sc(Br)c1C2NC(=O)CN1CCN(Cc2ccccc2)CC1,ANOUVHKKLQOCIC-UHFFFAOYSA-N,train
1880,3758,NJEFPRGKCUZVSL-UHFFFAOYSA-N,O=C(CN1CCN(Cc2ccccc2)CC1)NC1c2cn[nH]c2-c2c(Br)sc(Br)c21,ANOUVHKKLQOCIC-UHFFFAOYSA-N,train
1881,3759,MTNXXZOBDDKCSJ-UHFFFAOYSA-N,Cn1ncc2c1-c1sccc1C2NC(=O)CN1CCN(Cc2ccccc2F)CC1,KWXRZCJBVNGGSK-UHFFFAOYSA-N,train
1882,3760,WXGWQKDHPDCEHN-UHFFFAOYSA-N,Cn1ncc2c1-c1sccc1C2NC(=O)CN1CCN(Cc2ccccc2)CC1,KWXRZCJBVNGGSK-UHFFFAOYSA-N,train
1883,3761,KWXRZCJBVNGGSK-UHFFFAOYSA-N,O=C(CN1CCN(Cc2ccccc2)CC1)NC1c2cn[nH]c2-c2sccc21,KWXRZCJBVNGGSK-UHFFFAOYSA-N,train
1884,3762,DWPVIADNDHFBJF-UHFFFAOYSA-N,COc1cc2c(cc1OC)C(NC(=O)CN1CCN(Cc3ccccc3F)CC1)c1cnn(-c3ccccc3)c1-2,UZYCYTRGSZTTGC-UHFFFAOYSA-N,train
1885,3763,WTKCPVAHKQZXKI-UHFFFAOYSA-N,COc1cc2c(cc1OC)C(NC(=O)CN1CCN(Cc3ccccc3F)CC1)c1cnn(C)c1-2,NJHWUYOMIXQAPR-UHFFFAOYSA-N,train
1886,3764,TVRBKNAHQZCAIV-UHFFFAOYSA-N,COc1cc2c(cc1OC)C(NC(=O)CN1CCN(Cc3ccccc3)CC1)c1cnn(-c3ccccc3)c1-2,UZYCYTRGSZTTGC-UHFFFAOYSA-N,train
1887,3765,VLPKJIWBKUILOL-UHFFFAOYSA-N,COc1cc2c(cc1OC)C(NC(=O)CN1CCN(Cc3ccccc3)CC1)c1cnn(C)c1-2,NJHWUYOMIXQAPR-UHFFFAOYSA-N,train
1888,3777,FGHBNILZLCPBRA-QYRUWVGISA-N,C[C@@]12CC[C@@H]3[C@@](CC[C@H]4[C@@]3(C)CCC[C@@]4(C)C(=O)OCC[N+](C)(C)CCCCCCCCCCCC[N+](C)(C)CCOC(=O)[C@]3(C)CCC[C@@]4(C)[C@@H]5CC[C@@]6(C)C[C@]5(CC[C@@H]43)CC6=O)(CC1=O)C2,NGMMEVAJJBYSJR-OSHKVUPGSA-P,test
1889,3778,IAEQMVAFPJSDKJ-JYBYPGSNSA-N,C[C@@]12CC[C@@H]3[C@]4(CC[C@H]5[C@@]3(C)CCC[C@@]5(C)C(=O)OCC[N+](C)(C)CCCCCCCCC[N+](C)(C)CCOC(=O)[C@]3(C)CCC[C@@]5(C)[C@@H]6CC[C@@]7(C)C[C@]6(CC[C@@H]53)C[C@H]7OC(=O)CCCCCCCCC(=O)O[C@@H]1C4)C2,LMRYKOITXGPOTD-GNQZZEJZSA-P,test
1890,3781,NDXCWKMYPWRPDY-NUCQJGHSSA-N,C[C@H]1C[C@@]23CC[C@H]4[C@@](C)(CCC[C@@]4(C)C(=O)OCC[N+](C)(C)Cc4ccccc4)[C@@H]2CC[C@]1(Cl)C3,NWAAXZRILYPEMR-FLKHCGGNSA-O,test
1891,3784,SVSUKQDSRBZWNP-QVMKZURUSA-N,CC[C@H]1[C@H]2OC(=O)[C@](C)(O)[C@H]2[C@]23CC[C@@H]([C@@H]4C[C@@H](C)C(=O)O4)N2CCCC[C@@H]13,NEQSCJKQCVKGAH-FZPOJPDKSA-N,test
1892,3790,TVENLJDYWYTMAB-UHFFFAOYSA-N,CN(Cc1ccccc1)Cc1ccc(C(=O)c2ccc(O)c(F)c2)cc1,GKXJDPQNEUIPCD-UHFFFAOYSA-N,train
1893,3791,NTYSPJOKYWFNJE-UHFFFAOYSA-N,O=C(c1ccc(CN2CCC(CCO)CC2)cc1)c1ccc(O)c(F)c1,SBKBEDMRMXTWFQ-UHFFFAOYSA-N,test
1894,3815,FHIVAFMUCKRCQO-UHFFFAOYSA-N,CCOP(=S)(OCC)Oc1cc(C)nc(C(C)C)n1,CZPWVGJYEJSRLH-UHFFFAOYSA-N,train
1895,3817,SNHXSTFOPXTQSU-UHFFFAOYSA-N,O=C(CCCOc1cccc2[nH]c3ccccc3c12)NCCCNc1c2c(nc3ccccc13)CCCC2,SNHXSTFOPXTQSU-UHFFFAOYSA-N,test
1896,3818,WENTUEGJRGNGKW-UHFFFAOYSA-N,c1ccc2c(NCCSSCCNc3c4c(nc5ccccc35)CCCC4)c3c(nc2c1)CCCC3,WENTUEGJRGNGKW-UHFFFAOYSA-N,test
1897,3819,KKKODFFFJFQMSI-BMRADRMJSA-N,COc1cc(/C=C/C(=O)NCCCCCCNc2c3c(nc4ccccc24)CCCC3)ccc1O,RIZHLFWUQTUAPS-VHEBQXMUSA-N,train
1898,3822,NKRXGDHVPLDPRJ-UHFFFAOYSA-N,N/C(=N\O)c1nc(CCCCCNc2c3c(nc4ccccc24)CCCC3)ccc1O,XWILTRCLQISZDK-UHFFFAOYSA-N,train
1899,3823,QJEJKTFOGGGVCM-JVWAILMASA-N,O/N=C/c1nccc(CCCCCNc2c3c(nc4ccccc24)CCCC3)c1O,GPABSMPYRNJXKV-UHFFFAOYSA-N,train
1900,3824,KSMHDBPIJWXMSI-WGOQTCKBSA-N,O/N=C/c1nc(CCCCCNc2c3c(nc4ccccc24)CCCC3)ccc1O,XWILTRCLQISZDK-UHFFFAOYSA-N,train
1901,3825,WBLSVMZKFSZDDW-MFKUBSTISA-N,O/N=C/c1nc(CCCCNc2c3c(nc4ccccc24)CCCC3)ccc1O,DRZHLPIRTGYXKK-UHFFFAOYSA-N,train
1902,3826,YESOUOMKYRFENI-JVWAILMASA-N,O/N=C/c1ncc(CCCCCNc2c3c(nc4ccccc24)CCCC3)cc1O,DGSXIEHZBQNKOR-UHFFFAOYSA-N,train
1903,3828,XWILTRCLQISZDK-UHFFFAOYSA-N,c1ccc(CCCCCNc2c3c(nc4ccccc24)CCCC3)nc1,XWILTRCLQISZDK-UHFFFAOYSA-N,train
1904,3831,HVTMTNROSRDITI-UHFFFAOYSA-N,CC1=CC2Cc3nc4cc(Cl)ccc4c(NCCCCCNC(=O)c4cc(O)c5c(c4)C(=O)c4cccc(O)c4C5=O)c3C(C1)C2,DMDROIPKJWDHFC-UHFFFAOYSA-N,train
1905,3832,UTKHPWKBTQSDGT-UHFFFAOYSA-N,CC1=CC2Cc3nc4cc(Cl)ccc4c(NCCCCCCNC(=O)c4cc(O)c5c(c4)C(=O)c4cccc(O)c4C5=O)c3C(C1)C2,ARFPEMMIFXKGCU-UHFFFAOYSA-N,train
1906,3833,WJBROIRUZGVQPY-UHFFFAOYSA-N,CC1=CC2Cc3nc4cc(Cl)ccc4c(NCCCCCCCNC(=O)c4cc(O)c5c(c4)C(=O)c4cccc(O)c4C5=O)c3C(C1)C2,GCCYSNFKZJTBLZ-UHFFFAOYSA-N,train
1907,3834,SRHFLJYMGNBGDH-UHFFFAOYSA-N,CC1=CC2Cc3nc4cc(Cl)ccc4c(NCCCCCCCCNC(=O)c4cc(O)c5c(c4)C(=O)c4cccc(O)c4C5=O)c3C(C1)C2,APTNCCMNWHKRNB-UHFFFAOYSA-N,train
1908,3835,VZYCFKMNVCPCHV-UHFFFAOYSA-N,CC1=CC2Cc3nc4cc(Cl)ccc4c(NCCCCCCCCCNC(=O)c4cc(O)c5c(c4)C(=O)c4cccc(O)c4C5=O)c3C(C1)C2,GQOCQOJNBAHFNH-UHFFFAOYSA-N,train
1909,3836,VZYCFKMNVCPCHV-RPBOFIJWSA-N,CC1=C[C@H]2Cc3nc4cc(Cl)ccc4c(NCCCCCCCCCNC(=O)c4cc(O)c5c(c4)C(=O)c4cccc(O)c4C5=O)c3[C@@H](C1)C2,GQOCQOJNBAHFNH-SXOMAYOGSA-N,train
1910,3837,VZYCFKMNVCPCHV-LOSJGSFVSA-N,CC1=C[C@@H]2Cc3nc4cc(Cl)ccc4c(NCCCCCCCCCNC(=O)c4cc(O)c5c(c4)C(=O)c4cccc(O)c4C5=O)c3[C@H](C1)C2,GQOCQOJNBAHFNH-RRPNLBNLSA-N,train
1911,3838,DYSVHEIIYHZJGH-UHFFFAOYSA-N,CC1=CC2Cc3nc4cc(Cl)ccc4c(NCCCCCCCCCCNC(=O)c4cc(O)c5c(c4)C(=O)c4cccc(O)c4C5=O)c3C(C1)C2,BFGITSFGKNOFTD-UHFFFAOYSA-N,train
1912,3839,CTMZZPSVNCEBPA-UHFFFAOYSA-N,CC1=CC2Cc3nc4cc(Cl)ccc4c(NCCCCCCCCCCCNC(=O)c4cc(O)c5c(c4)C(=O)c4cccc(O)c4C5=O)c3C(C1)C2,PZRMVJYRXKNQJW-UHFFFAOYSA-N,test
1913,3840,BMUWOXBZGNXOSU-UHFFFAOYSA-N,CC1=CC2Cc3nc4cc(Cl)ccc4c(NCc4ccc(CNC(=O)c5cc(O)c6c(c5)C(=O)c5cccc(O)c5C6=O)cc4)c3C(C1)C2,DWEDPPIPSUJMOA-UHFFFAOYSA-N,train
1914,3845,MPCFYBGGGLVQEC-UHFFFAOYSA-N,COc1cc2[nH]c(=O)c(C(=O)NCC3CCN(Cc4ccccc4)CC3)c(O)c2cc1OC,MXWNJMMFXFRHKR-UHFFFAOYSA-N,train
1915,3846,LANSNGGYDDMUGY-UHFFFAOYSA-N,O=C(NCC1CCN(Cc2ccccc2)CC1)c1c(O)c2cc(O)c(O)cc2[nH]c1=O,MXWNJMMFXFRHKR-UHFFFAOYSA-N,train
1916,3858,BPECKLWRCAONGX-UHFFFAOYSA-N,CCN(CC)CCCCCCOc1ccc(CC2NCCc3cc(OC)c(OC)cc32)cc1,YRYCIFUZSUMAAY-UHFFFAOYSA-N,train
1917,3859,BYRLMUHGBXCVOH-UHFFFAOYSA-N,COc1cc2c(cc1OC)C(Cc1ccc(OCCCCCCN(C)C)cc1)NCC2,YRYCIFUZSUMAAY-UHFFFAOYSA-N,train
1918,3860,QRPYZNBZKALWQQ-UHFFFAOYSA-N,CCCN(CCC)CCCCCCOc1ccc(CC2NCCc3cc(OC)c(OC)cc32)cc1,YRYCIFUZSUMAAY-UHFFFAOYSA-N,train
1919,3861,FQFUKTCPJFQACE-UHFFFAOYSA-N,CCCCN(CCCC)CCCCCCOc1ccc(CC2NCCc3cc(OC)c(OC)cc32)cc1,YRYCIFUZSUMAAY-UHFFFAOYSA-N,train
1920,3862,AGSNRWKROFLBLI-UHFFFAOYSA-N,COc1cc2c(cc1OC)C(Cc1ccc(OCCCCCCN3CCCC3C)cc1)NCC2,CLMAEFKVAQVHEY-UHFFFAOYSA-N,train
1921,3863,FINWRTHNMLWWST-UHFFFAOYSA-N,COc1cc2c(cc1OC)C(Cc1ccc(OCCCCCCN3CCCCC3C)cc1)NCC2,XAYDDCXQBZBODU-UHFFFAOYSA-N,train
1922,3864,XIKIQDHFFVIHEZ-UHFFFAOYSA-N,COc1cc2c(cc1OC)C(Cc1ccc(OCCCCCCN3CCCCC3)cc1)NCC2,XAYDDCXQBZBODU-UHFFFAOYSA-N,train
1923,3865,QSASVTHZZTZXAN-UHFFFAOYSA-N,COc1cc2c(cc1OC)C(Cc1ccc(OCCCCCCN3CCCC3)cc1)NCC2,CLMAEFKVAQVHEY-UHFFFAOYSA-N,train
1924,3866,SWHJODKSCKXUAX-UHFFFAOYSA-N,COc1cc2c(cc1OC)C(Cc1ccc(OCCCCCCN3CCC(O)CC3)cc1)NCC2,XAYDDCXQBZBODU-UHFFFAOYSA-N,train
1925,3870,IRDZLYUVTZHASS-UHFFFAOYSA-N,COc1cc2c(cc1OC)C(Cc1ccc(OCCCCCCN3CCN(Cc4ccccc4)CC3)cc1)NCC2,IDTOBNOIMGGIOU-UHFFFAOYSA-N,train
1926,3871,ZZODKRWBFJJHGV-UHFFFAOYSA-N,COc1cc2c(cc1OC)C(Cc1ccc(OCCCCCCN3CCC(c4ccccc4)CC3)cc1)NCC2,HRAYQSIQNOZKAT-UHFFFAOYSA-N,train
1927,3873,OUYDBKLRMLMLMJ-UHFFFAOYSA-N,CN(Cc1ccccc1)Cc1ccc(C(=O)NCCc2c[nH]c3ccc(O)cc23)cc1,YIYWRZZBMJZQLB-UHFFFAOYSA-N,train
1928,3874,CQIUTYRNRVTWNA-UHFFFAOYSA-N,CN(Cc1ccccc1)Cc1ccc(C(=O)NCCc2c[nH]c3ccccc23)cc1,YIYWRZZBMJZQLB-UHFFFAOYSA-N,train
1929,3875,QBQISILWXDSYAB-UHFFFAOYSA-N,COc1ccc2[nH]cc(CCNC(=O)c3ccc(CN(C)Cc4ccccc4)cc3)c2c1,YIYWRZZBMJZQLB-UHFFFAOYSA-N,train
1930,3876,SZYWAKLFZGGZFL-UHFFFAOYSA-N,COc1ccc2c(CCNC(=O)c3ccc(CN(C)Cc4ccccc4)cc3)c[nH]c2c1,YIYWRZZBMJZQLB-UHFFFAOYSA-N,train
1931,3877,GVTZWCGCQTUNKK-UHFFFAOYSA-N,CN(Cc1ccccc1)Cc1ccc(C(=O)NCCc2c[nH]c3cc(F)ccc23)cc1,YIYWRZZBMJZQLB-UHFFFAOYSA-N,train
1932,3878,XFZNYYDTDGEXBS-UHFFFAOYSA-N,CN(Cc1ccc(C(=O)NCCc2c[nH]c3ccccc23)cc1)Cc1ccccc1Cl,YIYWRZZBMJZQLB-UHFFFAOYSA-N,train
1933,3879,MXVVFXUVCSFCCH-UHFFFAOYSA-N,COc1ccc2[nH]cc(CCNC(=O)c3ccc(CN(C)Cc4ccccc4Cl)cc3)c2c1,YIYWRZZBMJZQLB-UHFFFAOYSA-N,train
1934,3880,HIOSHKZZXRGRSS-UHFFFAOYSA-N,CN(Cc1ccc(C(=O)NCCc2c[nH]c3ccccc23)cc1)Cc1cccc(Cl)c1,YIYWRZZBMJZQLB-UHFFFAOYSA-N,train
1935,3881,VKUFSDYOVDNWPJ-UHFFFAOYSA-N,COc1ccc2[nH]cc(CCNC(=O)c3ccc(CN(C)Cc4cccc(Cl)c4)cc3)c2c1,YIYWRZZBMJZQLB-UHFFFAOYSA-N,train
1936,3882,QUNVPYVAGHACJZ-UHFFFAOYSA-N,COc1ccc2c(CCNC(=O)c3ccc(CN(C)Cc4cccc(Cl)c4)cc3)c[nH]c2c1,YIYWRZZBMJZQLB-UHFFFAOYSA-N,train
1937,3883,UPXTYLFOWZJASC-UHFFFAOYSA-N,COc1ccccc1CN(C)Cc1ccc(C(=O)NCCc2c[nH]c3ccccc23)cc1,YIYWRZZBMJZQLB-UHFFFAOYSA-N,train
1938,3884,HWOGJSPZNZIPLI-UHFFFAOYSA-N,COc1ccc2[nH]cc(CCNC(=O)c3ccc(CN(C)Cc4ccccc4OC)cc3)c2c1,YIYWRZZBMJZQLB-UHFFFAOYSA-N,train
1939,3885,INDXJGDAAIPEQX-UHFFFAOYSA-N,COc1cccc(CN(C)Cc2ccc(C(=O)NCCc3c[nH]c4ccccc34)cc2)c1,YIYWRZZBMJZQLB-UHFFFAOYSA-N,train
1940,3886,DKPILSQFGUMQIS-UHFFFAOYSA-N,COc1cccc(CN(C)Cc2ccc(C(=O)NCCc3c[nH]c4ccc(OC)cc34)cc2)c1,YIYWRZZBMJZQLB-UHFFFAOYSA-N,train
1941,3890,DDAUUFHOQWDQAE-RPCRKUJJSA-N,CCOC(OCC)c1ccc(/C=C2\CNC/C(=C\c3ccc(C(OCC)OCC)cc3)C2=O)cc1,KPVTZSGWKGUMLH-JYFOCSDGSA-N,train
1942,3891,SYSVLGHQDUURRS-BFNWXZRRSA-N,CCOC(OCC)c1ccc(/C=C2\CN(C)C/C(=C\c3ccc(C(OCC)OCC)cc3)C2=O)cc1,KPVTZSGWKGUMLH-JYFOCSDGSA-N,train
1943,3899,MBVQFYXELMNIPW-BUOZRGFLSA-N,CN(C)c1ccc(/C=C2/COC/C(=C\c3ccc(N(C)C)cc3[N+](=O)[O-])C2=O)c([N+](=O)[O-])c1,BYUOXPBVJAPZNL-MJZABRMRSA-N,train
1944,3900,VAIHSXCXCCBTNV-BUOZRGFLSA-N,CN(C)c1ccc(/C=C2/CNC/C(=C\c3ccc(N(C)C)cc3[N+](=O)[O-])C2=O)c([N+](=O)[O-])c1,KPVTZSGWKGUMLH-MJZABRMRSA-N,train
1945,3901,YLFXZYOUOHNWMF-OMYAATJGSA-N,CN1C/C(=C/c2ccc(N(C)C)cc2[N+](=O)[O-])C(=O)/C(=C/c2ccc(N(C)C)cc2[N+](=O)[O-])C1,KPVTZSGWKGUMLH-MJZABRMRSA-N,train
1946,3910,STCSLEWFMHPGFM-QFFDILLMSA-N,O=C1/C(=C\c2ccc(N3CCCC3)cc2)CNC/C1=C\c1ccc(N2CCCC2)cc1,STCSLEWFMHPGFM-QFFDILLMSA-N,train
1947,3911,CWMMOMIPYCYUPM-ZFQRDYFNSA-N,CN1C/C(=C/c2ccc(N3CCCC3)cc2)C(=O)/C(=C/c2ccc(N3CCCC3)cc2)C1,STCSLEWFMHPGFM-QFFDILLMSA-N,train
1948,3926,QGHFTRPRTMZIAB-VIJSPRBVSA-N,CC1=C[C@H]2Cc3nc4cc(Cl)ccc4c(NCCCCCCNc4c5c(nc6cc(Cl)ccc46)C[C@@H]4C=C(C)C[C@H]5C4)c3[C@@H](C1)C2,NFOOIRXYDGCVOJ-VIJSPRBVSA-N,test
1949,3927,NPZPAMQSTILFKK-XAZDILKDSA-N,CC1=C[C@H]2Cc3nc4cc(Cl)ccc4c(NCCCCCCCCNc4c5c(nc6cc(Cl)ccc46)C[C@@H]4C=C(C)C[C@H]5C4)c3[C@@H](C1)C2,LULBMSHNEMZDRJ-XAZDILKDSA-N,test
1950,3928,IUFKKNRHNJARAQ-ZRTHHSRSSA-N,CC1=C[C@H]2Cc3nc4cc(Cl)ccc4c(NCCCCCCCCCCNc4c5c(nc6cc(Cl)ccc46)C[C@@H]4C=C(C)C[C@H]5C4)c3[C@@H](C1)C2,DUDLJENWIGRBBX-ZRTHHSRSSA-N,train
1951,3929,BLPZCYRNZOROBR-WZJLIZBTSA-N,CC1=C[C@H]2Cc3nc4cc(Cl)ccc4c(NCCCCCCCCCCCCNc4c5c(nc6cc(Cl)ccc46)C[C@@H]4C=C(C)C[C@H]5C4)c3[C@@H](C1)C2,KSEVRYJNJWUQGX-WZJLIZBTSA-N,test
1952,3935,PPLHOCSIKGJWTP-UHFFFAOYSA-N,O=S(=O)(CCCN1CCN(Cc2ccccc2)CC1)NCCNc1cccc2ccccc12,PPLHOCSIKGJWTP-UHFFFAOYSA-N,test
1953,3938,DYDMQTJZQBAGEY-UHFFFAOYSA-N,O=c1c2cc(OCCCN3CCCCC3)ccc2nc2n1CCCCC2,DYDMQTJZQBAGEY-UHFFFAOYSA-N,train
1954,3939,DNOBRQKRZLULQE-UHFFFAOYSA-N,CCN(CC)CCCOc1ccc2nc3n(c(=O)c2c1)CCCC3,LMDWOGWJYVSXEP-UHFFFAOYSA-N,test
1955,3940,SWZRIMBMJKPHQJ-UHFFFAOYSA-N,O=c1c2cc(OCCCN3CCCCC3)ccc2nc2n1CCCC2,SWZRIMBMJKPHQJ-UHFFFAOYSA-N,test
1956,3941,DWOXBDXTFVOWJF-UHFFFAOYSA-N,CCN(CC)CCCOc1ccc2nc3n(c(=O)c2c1)CCC3,VARHXCYGZKSOOO-UHFFFAOYSA-N,train
1957,3942,FFIZZPFJAXHTDR-UHFFFAOYSA-N,O=c1c2cc(OCCCN3CCCCC3)ccc2nc2n1CCC2,FFIZZPFJAXHTDR-UHFFFAOYSA-N,train
1958,3944,GLVFHGWUKQPBOF-UHFFFAOYSA-N,CCN(CC)CCCOc1ccc2nc3n(c(=O)c2c1)CCCc1ccccc1-3,ZHZIBLCALQIFDQ-UHFFFAOYSA-N,test
1959,3945,PFYRGBJRPBPVMS-UHFFFAOYSA-N,O=c1c2cc(OCCCN3CCCCC3)ccc2nc2n1CCCc1ccccc1-2,PFYRGBJRPBPVMS-UHFFFAOYSA-N,test
1960,3946,VCKXKSQVWHZQHR-UHFFFAOYSA-N,CCN(CC)CCCOc1ccc2nc3n(c(=O)c2c1)CCc1ccccc1-3,ZTRNUWFOLAADDI-UHFFFAOYSA-N,test
1961,3947,MIQVJQGPYICMPP-UHFFFAOYSA-N,O=c1c2cc(OCCCN3CCCCC3)ccc2nc2n1CCc1ccccc1-2,MIQVJQGPYICMPP-UHFFFAOYSA-N,test
1962,3948,MIPWRXSZLNVAKQ-UHFFFAOYSA-N,CCN(CC)CCCOc1ccc2nc3n(c(=O)c2c1)Cc1ccccc1-3,LNLUVPQAOVPJBA-UHFFFAOYSA-N,test
1963,3949,GDJCEVNDAZNLPF-UHFFFAOYSA-N,O=c1c2cc(OCCCN3CCCCC3)ccc2nc2n1Cc1ccccc1-2,GDJCEVNDAZNLPF-UHFFFAOYSA-N,train
1964,3965,UVYNECUSQBZMSD-UHFFFAOYSA-N,c1cc2c(cc1OCCCN1CCCCC1)CN1CCCC1=N2,UVYNECUSQBZMSD-UHFFFAOYSA-N,test
1965,3966,PPDBWLSEOWISMD-UHFFFAOYSA-N,CN(CCC(=O)NCCCCNc1c2c(nc3ccccc13)CCCC2)C1CCCCC1,WMQRORZTVFOCTL-UHFFFAOYSA-N,train
1966,3967,MMAVCEZWOWSHTC-UHFFFAOYSA-N,CCN(CCC(=O)NCCNc1c2c(nc3ccccc13)CCCC2)C1CCCCC1,WKQKHFZKNGJQPU-UHFFFAOYSA-N,train
1967,3968,GDXNXPQGVOTDDZ-UHFFFAOYSA-N,CCN(CCC(=O)NCCCNc1c2c(nc3ccccc13)CCCC2)C1CCCCC1,ZBMVIVMHUGABFH-UHFFFAOYSA-N,train
1968,3969,MNXZMODOWBSHCE-UHFFFAOYSA-N,CCN(CCC(=O)NCCCCNc1c2c(nc3ccccc13)CCCC2)C1CCCCC1,WMQRORZTVFOCTL-UHFFFAOYSA-N,train
1969,3971,CLANWNRWLCNHQF-UHFFFAOYSA-N,O=C(Cc1cc(=O)oc2cc(O)ccc12)NCCNc1c2c(nc3ccccc13)CCCC2,IVNHZJGUWUCAKA-UHFFFAOYSA-N,train
1970,3972,LNXFVCTVJXMJED-UHFFFAOYSA-N,O=C(Cc1cc(=O)oc2cc(O)ccc12)NCCCNc1c2c(nc3ccccc13)CCCC2,ICXOGDKVJOQDQE-UHFFFAOYSA-N,train
1971,3973,NZAHEPIMJGOXMA-UHFFFAOYSA-N,O=C(Cc1cc(=O)oc2cc(O)ccc12)NCCCCNc1c2c(nc3ccccc13)CCCC2,DGAIWEHSIOVGNT-UHFFFAOYSA-N,train
1972,3974,LSJUOQUGCKLCKO-UHFFFAOYSA-N,O=C(Cc1cc(=O)oc2cc(O)ccc12)NNC(=S)Nc1c2c(nc3ccccc13)CCCC2,HAMAIEQEHDOVOU-UHFFFAOYSA-N,train
1973,3977,OXQMOFFMFYUAFJ-UHFFFAOYSA-N,CN(CCC(=O)NCCNc1c2c(nc3ccccc13)CCCC2)C1CCCCC1,WKQKHFZKNGJQPU-UHFFFAOYSA-N,train
1974,3978,PEFVDLQGFKDNNH-UHFFFAOYSA-N,CN(CCC(=O)NCCCNc1c2c(nc3ccccc13)CCCC2)C1CCCCC1,ZBMVIVMHUGABFH-UHFFFAOYSA-N,train
1975,3979,NXRLTJHVRANPCV-UHFFFAOYSA-P,O=C(C[n+]1ccccc1)N/N=C/c1ccc(/C=N/NC(=O)C[n+]2ccccc2)cc1,NXRLTJHVRANPCV-UHFFFAOYSA-P,test
1976,3981,KBNHGKIAHMMUCH-UHFFFAOYSA-N,CCNC(=O)c1ccc2nc(-c3ccc(Cl)cc3)c3c(c2c1)NCCC3,OMSOTGLXXNYCEC-UHFFFAOYSA-N,train
1977,3984,SCHXMKVUYVNKRR-UHFFFAOYSA-N,O=C(NCCCCCCCCNc1c2c(nc3cc(Cl)ccc13)CCCC2)c1ccc2nc(-c3ccc(Cl)cc3)c3c(c2c1)NCCC3,SBANHXFJJRKKMN-UHFFFAOYSA-N,test
1978,3985,HUAUVHYOLGBGMR-UHFFFAOYSA-N,O=C(NCCCCCNc1c2c(nc3cc(Cl)ccc13)CCCC2)c1ccc2nc(-c3ccc(Cl)cc3)c3c(c2c1)NCCC3,HFDSKLSQDUQSPC-UHFFFAOYSA-N,train
1979,3986,ZQFXENUXQNLUDE-UHFFFAOYSA-N,O=C(NCCCCNc1c2c(nc3cc(Cl)ccc13)CCCC2)c1ccc2nc(-c3ccc(Cl)cc3)c3c(c2c1)NCCC3,MCUOPHKNTJOYFP-UHFFFAOYSA-N,test
1980,3989,RFFSRGKCVREDLD-UHFFFAOYSA-N,CC(=O)N1OC(C)(C)CC(c2ccccc2)=C1CN1C(=O)c2ccccc2C1=O,WOEXURQDMFYJPL-UHFFFAOYSA-N,test
1981,3990,QAMJZNPTSBBFDI-LTCQIXDTSA-N,COC(=O)CC1=NO[C@@H]2[C@H]3CC[C@H](C3)[C@@H]2[C@H]1c1ccccc1,WESHYJRNOPTLFY-XLWJZTARSA-N,test
1982,3997,UGBLOPRVCUMQQB-UHFFFAOYSA-N,O=c1cc(-c2ccc(CN3CCCCC3)cc2)oc2ccccc12,UGBLOPRVCUMQQB-UHFFFAOYSA-N,test
1983,3998,SHPCADFURJJOOU-UHFFFAOYSA-N,COc1cc2oc(-c3ccc(CN4CCCC4)cc3)cc(=O)c2cc1OC,ROVPMXATPGCOPQ-UHFFFAOYSA-N,test
1984,4001,RFIJTJVQDQTLEV-UHFFFAOYSA-N,Cc1cc(=O)oc2cc(OCCN3CCN(CC(=O)Nc4c5c(nc6ccccc46)CCCC5)CC3)ccc12,IFYBWVINZZLKPU-UHFFFAOYSA-N,train
1985,4003,AAJCCATVSUSRCY-MDWZMJQESA-N,CN(C)CCOc1ccc(C(=O)/C=C/c2ccccc2)cc1,DQFBYFPFKXHELB-VAWYXSNFSA-N,train
1986,4005,RVSWJJUCVKQQRU-XNTDXEJSSA-N,CN(C)CCCCOc1ccc(C(=O)/C=C/c2ccccc2)cc1,DQFBYFPFKXHELB-VAWYXSNFSA-N,train
1987,4008,LZBQTJUASOHOGJ-XNTDXEJSSA-N,CCN(CC)CCOc1ccc(C(=O)/C=C/c2ccccc2)cc1,DQFBYFPFKXHELB-VAWYXSNFSA-N,train
1988,4015,UTANHRBMHJQKJU-SFQUDFHCSA-N,CCCN(CCC)CCCCOc1ccc(C(=O)/C=C/c2ccccc2)cc1,DQFBYFPFKXHELB-VAWYXSNFSA-N,train
1989,4025,AXRSIKMWRLWTDO-FMIVXFBMSA-N,COc1cc(CCC(=O)/C=C/c2ccc(CNc3c4c(nc5cc(Cl)ccc35)CC3CC(C)=CC4C3)cc2)cc(CN(C)C)c1O,DIRLNGVZIACMRC-CZIZESTLSA-N,train
1990,4026,ANZARKBILMMHER-YRNVUSSQSA-N,COc1cc(CCC(=O)/C=C/c2ccc(CNc3c4c(nc5cc(Cl)ccc35)CC3CC(C)=CC4C3)cc2)ccc1O,DIRLNGVZIACMRC-CZIZESTLSA-N,train
1991,4027,XLIOMHFQNGCWAV-GQCTYLIASA-N,COc1cc(CCC(=O)/C=C/CCCNc2c3c(nc4cc(Cl)ccc24)CC2CC(C)=CC3C2)ccc1O,LANUZOXSXLEPKJ-LHHJGKSTSA-N,test
1992,4032,TXSRJQSUOUJAIH-UHFFFAOYSA-N,O=c1oc2cc(OCCCCN3CCN(Cc4ccccc4)CC3)ccc2c2ccccc12,TXSRJQSUOUJAIH-UHFFFAOYSA-N,test
1993,4035,XLWGGHNMHFSNAQ-UHFFFAOYSA-N,COc1cccc(CN(C)CCCCOc2ccc3c(c2)oc(=O)c2ccccc23)c1,UGUPNUQNBUBESC-UHFFFAOYSA-N,train
1994,4036,MCFWJVVIIHDYGY-UHFFFAOYSA-N,CN(CCCCOc1ccc2c(c1)oc(=O)c1ccccc12)Cc1ccccc1,UGUPNUQNBUBESC-UHFFFAOYSA-N,train
1995,4038,YMUQNRICCRNBQY-UHFFFAOYSA-N,O=c1oc2cc(OCCCN3CCN(Cc4ccccc4)CC3)ccc2c2ccccc12,YMUQNRICCRNBQY-UHFFFAOYSA-N,test
1996,4040,JCHKASOGFPNEMX-UHFFFAOYSA-N,O=c1oc2cc(OCCCN3CCC(Cc4ccccc4)CC3)ccc2c2ccccc12,JCHKASOGFPNEMX-UHFFFAOYSA-N,train
1997,4042,VWMVVTZSFRCBOF-UHFFFAOYSA-N,CN(CCCOc1ccc2c(c1)oc(=O)c1ccccc12)Cc1ccccc1,LXVLXTOGEZKUHJ-UHFFFAOYSA-N,test
1998,4044,NHTLSLIZIOTGBZ-UHFFFAOYSA-N,O=c1oc2cc(OCCN3CCN(Cc4ccccc4)CC3)ccc2c2ccccc12,NHTLSLIZIOTGBZ-UHFFFAOYSA-N,test
1999,4048,WLMCUWNVWHWZRR-UHFFFAOYSA-N,CN(CCOc1ccc2c(c1)oc(=O)c1ccccc12)Cc1ccccc1,LLKFJYQNMVLNQH-UHFFFAOYSA-N,test
2000,4049,FOOMLDMUSXDTOO-UHFFFAOYSA-N,COc1cccc(CN2CCN(CCCCOc3ccc4c5c(c(=O)oc4c3)CCCC5)CC2)c1,LLRQWHTWQOOTRV-UHFFFAOYSA-N,train
2001,4050,LLRQWHTWQOOTRV-UHFFFAOYSA-N,O=c1oc2cc(OCCCCN3CCN(Cc4ccccc4)CC3)ccc2c2c1CCCC2,LLRQWHTWQOOTRV-UHFFFAOYSA-N,train
2002,4052,GTVSDMPQZNLHNQ-UHFFFAOYSA-N,O=c1oc2cc(OCCCCN3CCC(Cc4ccccc4)CC3)ccc2c2c1CCCC2,GTVSDMPQZNLHNQ-UHFFFAOYSA-N,train
2003,4053,KEYLOFFNMVKPSA-UHFFFAOYSA-N,COc1cccc(CN(C)CCCCOc2ccc3c4c(c(=O)oc3c2)CCCC4)c1,NJDZSOKILZGQAX-UHFFFAOYSA-N,train
2004,4054,WSKTVSBIHWPZCM-UHFFFAOYSA-N,CN(CCCCOc1ccc2c3c(c(=O)oc2c1)CCCC3)Cc1ccccc1,NJDZSOKILZGQAX-UHFFFAOYSA-N,train
2005,4055,JPCDBTHAWPVJLV-UHFFFAOYSA-N,COc1cccc(CN2CCN(CCCOc3ccc4c5c(c(=O)oc4c3)CCCC5)CC2)c1,KMFIWXMOTHJQAP-UHFFFAOYSA-N,train
2006,4056,KMFIWXMOTHJQAP-UHFFFAOYSA-N,O=c1oc2cc(OCCCN3CCN(Cc4ccccc4)CC3)ccc2c2c1CCCC2,KMFIWXMOTHJQAP-UHFFFAOYSA-N,train
2007,4057,RHYLMHYJQBEFDV-UHFFFAOYSA-N,COc1cccc(CC2CCN(CCCOc3ccc4c5c(c(=O)oc4c3)CCCC5)CC2)c1,MJJPABBWHSSTTI-UHFFFAOYSA-N,train
2008,4058,MJJPABBWHSSTTI-UHFFFAOYSA-N,O=c1oc2cc(OCCCN3CCC(Cc4ccccc4)CC3)ccc2c2c1CCCC2,MJJPABBWHSSTTI-UHFFFAOYSA-N,train
2009,4059,ITYHQJQWDFKQFQ-UHFFFAOYSA-N,COc1cccc(CN(C)CCCOc2ccc3c4c(c(=O)oc3c2)CCCC4)c1,GNOKFBCUBTWYGU-UHFFFAOYSA-N,train
2010,4060,HUWWMDRBFQAIAI-UHFFFAOYSA-N,CN(CCCOc1ccc2c3c(c(=O)oc2c1)CCCC3)Cc1ccccc1,GNOKFBCUBTWYGU-UHFFFAOYSA-N,train
2011,4061,CACFQCMXTYRFGE-UHFFFAOYSA-N,COc1cccc(CN2CCN(CCOc3ccc4c5c(c(=O)oc4c3)CCCC5)CC2)c1,OHDDRPINWQDGEH-UHFFFAOYSA-N,train
2012,4062,OHDDRPINWQDGEH-UHFFFAOYSA-N,O=c1oc2cc(OCCN3CCN(Cc4ccccc4)CC3)ccc2c2c1CCCC2,OHDDRPINWQDGEH-UHFFFAOYSA-N,train
2013,4064,IHQOPGPYTRMDJH-UHFFFAOYSA-N,O=c1oc2cc(OCCN3CCC(Cc4ccccc4)CC3)ccc2c2c1CCCC2,IHQOPGPYTRMDJH-UHFFFAOYSA-N,train
2014,4065,GUPUZWRGJITBCC-UHFFFAOYSA-N,COc1cccc(CN(C)CCOc2ccc3c4c(c(=O)oc3c2)CCCC4)c1,FOGMSWLUAUAHDJ-UHFFFAOYSA-N,train
2015,4066,YCPZOCGKKJAVJI-UHFFFAOYSA-N,CN(CCOc1ccc2c3c(c(=O)oc2c1)CCCC3)Cc1ccccc1,FOGMSWLUAUAHDJ-UHFFFAOYSA-N,train
2016,4072,HGARWOYCHHRGRX-UHFFFAOYSA-N,COc1cc(C(C)N(C)C)cc2oc(=O)c3ccccc3c12,TVKNXKLYVUVOCV-UHFFFAOYSA-N,train
2017,4073,LIZYKHYLXJGMFT-NSHDSACASA-N,C[C@@H](c1ccc2c(c1)oc(=O)c1ccccc12)N(C)C,TVKNXKLYVUVOCV-UHFFFAOYSA-N,train
2018,4075,UDVFZVKAWAKSPH-RCCKNPSSSA-N,COc1cc2c(cc1OCCN1CCCCC1)C(=O)/C(=C/c1ccc(N(C)C)cc1)C2,PHUULGHNENMESX-HMMYKYKNSA-N,train
2019,4076,DBANLJZWKHSELJ-HAVVHWLPSA-N,CCN(CC)c1ccc(/C=C2\Cc3cc(OC)c(OCCN4CCCCC4)cc3C2=O)cc1,PHUULGHNENMESX-HMMYKYKNSA-N,train
2020,4077,ZRXXPDPCCMADTA-XSFVSMFZSA-N,CNc1ccc(/C=C2\Cc3cc(OC)c(OCCN4CCCCC4)cc3C2=O)cc1,PHUULGHNENMESX-HMMYKYKNSA-N,train
2021,4078,ZUKUWSQYNLPXOD-CJLVFECKSA-N,CCN(C)c1ccc(/C=C2\Cc3cc(OC)c(OCCN4CCCCC4)cc3C2=O)cc1,PHUULGHNENMESX-HMMYKYKNSA-N,train
2022,4079,NBYRKWCXRBPLLK-HAVVHWLPSA-N,CCCN(C)c1ccc(/C=C2\Cc3cc(OC)c(OCCN4CCCCC4)cc3C2=O)cc1,PHUULGHNENMESX-HMMYKYKNSA-N,train
2023,4080,KAFVKDYWFYNONU-NCELDCMTSA-N,CCCN(CCC)c1ccc(/C=C2\Cc3cc(OC)c(OCCN4CCCCC4)cc3C2=O)cc1,PHUULGHNENMESX-HMMYKYKNSA-N,train
2024,4084,OYEWBWVWUDMBPW-HSEGREMKSA-N,C/C=C1\[C@H]2C=C(C)C[C@]1(NC1OCC3=C4CC(C)(C)[C@H](O)[C@H]4[C@@H](C)CCC31O)c1ccc(=O)[nH]c1C2,YCGLFFGMIUZISY-WKRPIFTMSA-N,train
2025,4085,SJYVGYLWIJIYHJ-LIUSGKPXSA-N,C/C=C1\[C@H]2C=C(C)C[C@]1(NC1OCC3=C4CC(C)(C)C[C@H]4[C@@H](C)[C@H](O)CC31O)c1ccc(=O)[nH]c1C2,YCGLFFGMIUZISY-WKRPIFTMSA-N,train
2026,4086,LBHVCNVTMBHJEE-BLVABZMVSA-N,C/C=C1\[C@H]2C=C(C)C[C@]1(N[C@H]1OC(=O)C3=C4CC(C)(C)C[C@H]4[C@@H](C)[C@@H](O)C[C@]31O)c1ccc(=O)[nH]c1C2,TUAGUVROCPGBRH-HLOKYFMASA-N,train
2027,4087,PGQLHDFYYWDJHK-GDGPFORESA-N,C/C=C1\[C@H]2C=C(C)C[C@]1(N[C@H]1OC(=O)C3=C4CC(C)(C)C[C@H]4[C@@H](C)[C@@H](O)C[C@]31OC)c1ccc(=O)[nH]c1C2,TUAGUVROCPGBRH-HLOKYFMASA-N,train
2028,4089,XEPUHYVPCYWYRB-UHFFFAOYSA-N,Cc1nc(C(=O)NCCCCNc2c3c(nc4ccccc24)CCCC3)cc2c1[nH]c1ccccc12,LZVYOGAQFAUJQK-UHFFFAOYSA-N,test
2029,4090,OOCKQJHRJFDPCK-UHFFFAOYSA-N,Cc1nc(C(=O)NCCCCCCNc2c3c(nc4ccccc24)CCCC3)cc2c1[nH]c1ccccc12,OLKLOVAJULLISR-UHFFFAOYSA-N,train
2030,4091,QWENAWZBDMGXSP-UHFFFAOYSA-N,Cc1nc(C(=O)NCCCCCCCCNc2c3c(nc4ccccc24)CCCC3)cc2c1[nH]c1ccccc12,UAFKYYFMUBYEJQ-UHFFFAOYSA-N,test
2031,4092,OLKLOVAJULLISR-UHFFFAOYSA-N,O=C(NCCCCCCNc1c2c(nc3ccccc13)CCCC2)c1cc2c(cn1)[nH]c1ccccc12,OLKLOVAJULLISR-UHFFFAOYSA-N,train
2032,4093,WUZJRHKAIFSDMM-UHFFFAOYSA-N,CCc1nc(C(=O)NCCCCCCNc2c3c(nc4ccccc24)CCCC3)cc2c1[nH]c1ccccc12,OLKLOVAJULLISR-UHFFFAOYSA-N,train
2033,4094,XKKFXCKMPXLPKK-UHFFFAOYSA-N,O=C(NCCCCCCNc1c2c(nc3ccccc13)CCCC2)c1cc2c([nH]c3ccccc32)c(-c2ccccc2)n1,XKKFXCKMPXLPKK-UHFFFAOYSA-N,train
2034,4095,WKAJCZZPMZGMDI-UHFFFAOYSA-N,O=C(NCCCCCCNc1c2c(nc3ccccc13)CCCC2)c1cc2c([nH]c3ccccc32)c(-c2ccc(F)cc2)n1,XKKFXCKMPXLPKK-UHFFFAOYSA-N,train
2035,4096,ZXEXKQSBZMYPAQ-UHFFFAOYSA-N,COc1ccc(-c2nc(C(=O)NCCCCCCNc3c4c(nc5ccccc35)CCCC4)cc3c2[nH]c2ccccc23)cc1,XKKFXCKMPXLPKK-UHFFFAOYSA-N,train
2036,4097,UTSQNVLOMVPCIW-YTTGMZPUSA-N,CC(C)(C)OC(=O)N1Cc2[nH]c3ccccc3c2C[C@H]1C(=O)NCCCCCCNc1c2c(nc3ccccc13)CCCC2,LBOYVYBBAFDIGX-NDEPHWFRSA-N,train
2037,4098,LBOYVYBBAFDIGX-NDEPHWFRSA-N,O=C(NCCCCCCNc1c2c(nc3ccccc13)CCCC2)[C@@H]1Cc2c([nH]c3ccccc23)CN1,LBOYVYBBAFDIGX-NDEPHWFRSA-N,train
2038,4099,HLSFNIKGKKTOIA-TWAVRPEISA-N,CC1c2[nH]c3ccccc3c2C[C@@H](C(=O)NCCCCCCNc2c3c(nc4ccccc24)CCCC3)N1C(=O)OC(C)(C)C,LBOYVYBBAFDIGX-NDEPHWFRSA-N,train
2039,4100,HSQBZWURRKNSMR-TXMUIZFDSA-N,CC1N[C@H](C(=O)NCCCCCCNc2c3c(nc4ccccc24)CCCC3)Cc2c1[nH]c1ccccc21,LBOYVYBBAFDIGX-NDEPHWFRSA-N,train
2040,4101,SPJCDWMOZIAYNB-HKBQPEDESA-N,CC(C)(C)OC(=O)N[C@@H](Cc1c[nH]c2ccccc12)C(=O)NCCCCCCNc1c2c(nc3ccccc13)CCCC2,NTISYWBCRKDSDB-UHFFFAOYSA-N,train
2041,4102,KADKUQSSIRPDHT-VWLOTQADSA-N,N[C@@H](Cc1c[nH]c2ccccc12)C(=O)NCCCCCCNc1c2c(nc3ccccc13)CCCC2,NTISYWBCRKDSDB-UHFFFAOYSA-N,train
2042,4103,PVXRLGDBKZOULP-PMERELPUSA-N,CC(=O)N[C@@H](Cc1c[nH]c2ccccc12)C(=O)NCCCCCCNc1c2c(nc3ccccc13)CCCC2,NTISYWBCRKDSDB-UHFFFAOYSA-N,train
2043,4109,RKAZYMSLCDWTKC-UHFFFAOYSA-N,COc1ccc2nc3c(c(NCCNC4=CC(=O)c5ccccc5C4=O)c2c1)CCCC3,DVAUGKNGSJLBSB-UHFFFAOYSA-N,train
2044,4110,JWBMWBOHEJZYOV-UHFFFAOYSA-N,COc1ccc2nc3c(c(NCCCNC4=CC(=O)c5ccccc5C4=O)c2c1)CCCC3,RTTSLBXGYIFCRM-UHFFFAOYSA-N,train
2045,4111,DVAUGKNGSJLBSB-UHFFFAOYSA-N,O=C1C=C(NCCNc2c3c(nc4ccccc24)CCCC3)C(=O)c2ccccc21,DVAUGKNGSJLBSB-UHFFFAOYSA-N,train
2046,4112,RTTSLBXGYIFCRM-UHFFFAOYSA-N,O=C1C=C(NCCCNc2c3c(nc4ccccc24)CCCC3)C(=O)c2ccccc21,RTTSLBXGYIFCRM-UHFFFAOYSA-N,train
2047,4113,LPKPJMVPAYGIBN-UHFFFAOYSA-N,O=C1C=C(NCCNc2c3c(nc4cc(Cl)ccc24)CCCC3)C(=O)c2ccccc21,DVAUGKNGSJLBSB-UHFFFAOYSA-N,train
2048,4114,IKGNUTZEJZTSQS-UHFFFAOYSA-N,O=C1C=C(NCCCNc2c3c(nc4cc(Cl)ccc24)CCCC3)C(=O)c2ccccc21,RTTSLBXGYIFCRM-UHFFFAOYSA-N,train
2049,4115,KXOXQEQCKPBIQE-UHFFFAOYSA-N,O=C1C(NCCNc2c3c(nc4ccccc24)CCCC3)=CC(=O)c2c(O)cccc21,DVAUGKNGSJLBSB-UHFFFAOYSA-N,train
2050,4116,KHNOMXGNYODHJW-UHFFFAOYSA-N,O=C1C(NCCCNc2c3c(nc4ccccc24)CCCC3)=CC(=O)c2c(O)cccc21,RTTSLBXGYIFCRM-UHFFFAOYSA-N,train
2051,4117,QOYHHKMVCBONOU-UHFFFAOYSA-N,O=C1C(NCCNc2c3c(nc4cc(Cl)ccc24)CCCC3)=CC(=O)c2c(O)cccc21,DVAUGKNGSJLBSB-UHFFFAOYSA-N,train
2052,4118,CRTRSIPNSJNRTM-UHFFFAOYSA-N,O=C1C(NCCCNc2c3c(nc4cc(Cl)ccc24)CCCC3)=CC(=O)c2c(O)cccc21,RTTSLBXGYIFCRM-UHFFFAOYSA-N,train
2053,4119,NUIGMEAFRDCLAO-UHFFFAOYSA-N,COc1ccc2nc3c(c(NCCNC4=CC(=O)c5c(O)cccc5C4=O)c2c1)CCCC3,DVAUGKNGSJLBSB-UHFFFAOYSA-N,train
2054,4120,JNVJRXXMPRWOIZ-UHFFFAOYSA-N,COc1ccc2nc3c(c(NCCCNC4=CC(=O)c5c(O)cccc5C4=O)c2c1)CCCC3,RTTSLBXGYIFCRM-UHFFFAOYSA-N,train
2055,4121,LQSVZGFIJMJIJV-UHFFFAOYSA-N,COc1ccc2nc3c(c(NCCNC4=C(Cl)C(=O)c5ccccc5C4=O)c2c1)CCCC3,DVAUGKNGSJLBSB-UHFFFAOYSA-N,train
2056,4122,IWUDCTOFAHCCJE-UHFFFAOYSA-N,COc1ccc2nc3c(c(NCCCNC4=C(Cl)C(=O)c5ccccc5C4=O)c2c1)CCCC3,RTTSLBXGYIFCRM-UHFFFAOYSA-N,train
2057,4123,RQRGYKWAWXKBKX-UHFFFAOYSA-N,O=C1C(Cl)=C(NCCNc2c3c(nc4cc(Cl)ccc24)CCCC3)C(=O)c2ccccc21,DVAUGKNGSJLBSB-UHFFFAOYSA-N,train
2058,4124,YIHUNKHKTCXRQL-UHFFFAOYSA-N,O=C1C(Cl)=C(NCCCNc2c3c(nc4cc(Cl)ccc24)CCCC3)C(=O)c2ccccc21,RTTSLBXGYIFCRM-UHFFFAOYSA-N,train
2059,4125,FXNPZCDRGIBCKM-UHFFFAOYSA-N,O=C1C(Cl)=C(NCCNc2c3c(nc4ccccc24)CCCC3)C(=O)c2ccccc21,DVAUGKNGSJLBSB-UHFFFAOYSA-N,train
2060,4126,UFGSUGXQTOJRGK-UHFFFAOYSA-N,O=C1C(Cl)=C(NCCCNc2c3c(nc4ccccc24)CCCC3)C(=O)c2ccccc21,RTTSLBXGYIFCRM-UHFFFAOYSA-N,train
2061,4135,FADJQYHZGWQLHV-UHFFFAOYSA-N,COc1cc2oc(-c3cccc(OCC(=O)NCCCCCCNc4c5c(nc6cc(Cl)ccc46)CCCC5)c3)cc(=O)c2c(OC)c1OC,PIWPEZJQNKKJOO-UHFFFAOYSA-N,test
2062,4136,PTARNCBWLXCSJW-UHFFFAOYSA-N,COc1cc2oc(-c3cccc(OCC(=O)NCCCCCNc4c5c(nc6cc(Cl)ccc46)CCCC5)c3)cc(=O)c2c(OC)c1OC,VUNRXMPUBAYQMR-UHFFFAOYSA-N,test
2063,4137,PGNONTQJYACCOC-UHFFFAOYSA-N,COc1cc2oc(-c3ccc(OCC(=O)NCCCCCCNc4c5c(nc6cc(Cl)ccc46)CCCC5)cc3)cc(=O)c2c(OC)c1OC,MCVYJIHCBHZILG-UHFFFAOYSA-N,test
2064,4138,JMBDUGUBNUJHAR-UHFFFAOYSA-N,COc1cc2oc(-c3ccc(OCC(=O)NCCCCCNc4c5c(nc6cc(Cl)ccc46)CCCC5)cc3)cc(=O)c2c(OC)c1OC,OOXWDOKOBHQXBV-UHFFFAOYSA-N,test
2065,4140,RKDGVPZXUHBKCP-UHFFFAOYSA-N,CN(CCCCCN1C(=O)c2ccccc2C1=O)Cc1ccccc1,ZIWHGGCFHGETOI-UHFFFAOYSA-N,train
2066,4141,NRAFVOCZEXVTPY-UHFFFAOYSA-N,CN(CCCCCCN1C(=O)c2ccccc2C1=O)Cc1ccccc1,OVSULVUWCMANAO-UHFFFAOYSA-N,train
2067,4142,OBXWKSPCTDAXSW-UHFFFAOYSA-N,CN(CCCCCCCN1C(=O)c2ccccc2C1=O)Cc1ccccc1,AFZKLKOFXUIXAC-UHFFFAOYSA-N,train
2068,4143,PVVIEONXARUYJF-UHFFFAOYSA-N,CN(CCCCCCCCN1C(=O)c2ccccc2C1=O)Cc1ccccc1,CBPLVCKGKVDMPI-UHFFFAOYSA-N,train
2069,4144,BXHMIQIIMINKET-UHFFFAOYSA-N,CN(CCCCCN1C(=O)c2ccccc2C1=O)Cc1ccccc1F,ZIWHGGCFHGETOI-UHFFFAOYSA-N,train
2070,4145,UPVVEQJBLHRPNK-UHFFFAOYSA-N,CN(CCCCCCN1C(=O)c2ccccc2C1=O)Cc1ccccc1F,OVSULVUWCMANAO-UHFFFAOYSA-N,train
2071,4146,UWJULFQMVVBVHJ-UHFFFAOYSA-N,CN(CCCCCCCN1C(=O)c2ccccc2C1=O)Cc1ccccc1F,AFZKLKOFXUIXAC-UHFFFAOYSA-N,train
2072,4147,PMAJVHWIDLVZJM-UHFFFAOYSA-N,CN(CCCCCCCCN1C(=O)c2ccccc2C1=O)Cc1ccccc1F,CBPLVCKGKVDMPI-UHFFFAOYSA-N,train
2073,4148,OLRBSLWJRCTMHB-UHFFFAOYSA-N,CN(CCCCCN1C(=O)c2ccccc2C1=O)Cc1cccc(Cl)c1,ZIWHGGCFHGETOI-UHFFFAOYSA-N,train
2074,4149,GVMCRURDRWLCRO-UHFFFAOYSA-N,CN(CCCCCCN1C(=O)c2ccccc2C1=O)Cc1cccc(Cl)c1,OVSULVUWCMANAO-UHFFFAOYSA-N,train
2075,4150,YQJUFTLWDZPSER-UHFFFAOYSA-N,CN(CCCCCCCN1C(=O)c2ccccc2C1=O)Cc1cccc(Cl)c1,AFZKLKOFXUIXAC-UHFFFAOYSA-N,train
2076,4151,QWCXCJHHXFJKII-UHFFFAOYSA-N,CN(CCCCCCCCN1C(=O)c2ccccc2C1=O)Cc1cccc(Cl)c1,CBPLVCKGKVDMPI-UHFFFAOYSA-N,train
2077,4169,NBAHQYYCUNANCX-UHFFFAOYSA-N,CCOC(=O)c1cc2cc(OCCCC3CCN(Cc4ccccc4)CC3)ccc2[nH]1,KGZFSYDNYXKFSD-UHFFFAOYSA-N,train
2078,4170,RTYLHNDNHPELSN-UHFFFAOYSA-N,C=CCNCc1cc2cc(OCCCC3CCN(Cc4ccccc4)CC3)ccc2[nH]1,KGZFSYDNYXKFSD-UHFFFAOYSA-N,train
2079,4171,PVAHNJQQAFBHBW-UHFFFAOYSA-N,C#CCNCc1cc2cc(OCCCC3CCN(Cc4ccccc4)CC3)ccc2[nH]1,KGZFSYDNYXKFSD-UHFFFAOYSA-N,train
2080,4173,PXAIJXLXGTZZNP-UHFFFAOYSA-N,C#CCN(C)Cc1cc2cc(OCCCC3CCN(Cc4ccc(OC(=O)N(C)C)c5ncccc45)CC3)ccc2n1C,OWPNOJPUBBOCFW-UHFFFAOYSA-N,test
2081,4174,MENPQHDIPOYDSI-UHFFFAOYSA-N,C#CCN(C)Cc1cc2cc(OCCCC3CCN(Cc4ccccc4C)CC3)ccc2n1C,KGZFSYDNYXKFSD-UHFFFAOYSA-N,train
2082,4175,JWUFDSSCTMPGLI-UHFFFAOYSA-N,C#CCN(C)Cc1ccc(OC(=O)N(C)C)c2ncccc12,SMWDFEZZVXVKRB-UHFFFAOYSA-N,train
2083,4177,HEGWZHATVPIKRD-UHFFFAOYSA-N,Cc1c(C)c2c(c(C)c1O)CCC(C)(C(=O)NCCCCCCCCCCNc1c3c(nc4ccccc14)CCCC3)O2,VTGOBKAEWBZVCF-UHFFFAOYSA-N,test
2084,4178,HELQVBTZKVKAPS-UHFFFAOYSA-N,Cc1c(C)c2c(c(C)c1O)CCC(C)(C(=O)NCCCCCCCCNc1c3c(nc4ccccc14)CCCC3)O2,AVRIWDJUZPAWDY-UHFFFAOYSA-N,train
2085,4179,GYANWDNIKGBQDN-UHFFFAOYSA-N,Cc1c(C)c2c(c(C)c1O)CCC(C)(C(=O)NCCCCCCCNc1c3c(nc4ccccc14)CCCC3)O2,OOAZAGCRCPQIGH-UHFFFAOYSA-N,train
2086,4180,ATFSKIZVJOMGAR-UHFFFAOYSA-N,Cc1c(C)c2c(c(C)c1O)CCC(C)(C(=O)NCCCCCCNc1c3c(nc4ccccc14)CCCC3)O2,OZWNMQVYKGQDCW-UHFFFAOYSA-N,train
2087,4181,IDTWGEUFPVJYSJ-UHFFFAOYSA-N,Cc1c(C)c2c(c(C)c1O)CCC(C)(C(=O)NCCCCCNc1c3c(nc4ccccc14)CCCC3)O2,OSGYMLNRAOROHH-UHFFFAOYSA-N,train
2088,4182,AGELYORQPXWSGA-UHFFFAOYSA-N,Cc1c(C)c2c(c(C)c1O)CCC(C)(C(=O)NCCCCNc1c3c(nc4ccccc14)CCCC3)O2,ZKFPNRHTYYBOLG-UHFFFAOYSA-N,train
2089,4183,GYSSCMBLUIEVHL-UHFFFAOYSA-N,Cc1c(C)c2c(c(C)c1O)CCC(C)(C(=O)NCCNc1c3c(nc4ccccc14)CCCC3)O2,HGZOEUIMZNUBQP-UHFFFAOYSA-N,train
2090,4184,FTRZTHFGTILUPE-UHFFFAOYSA-N,COc1cc(N)c(Cl)cc1C(=O)CCC1CCN(CC2CCCCC2)CC1,BUZJPSLSVFRWOJ-UHFFFAOYSA-N,train
2091,4186,JBHLYIVFFLNISJ-UHFFFAOYSA-N,CCCCN1CCC(CCC(=O)c2cc(Cl)c(N)cc2OC)CC1,MFEJNKBUECDJDU-UHFFFAOYSA-N,train
2092,4187,DHFMNRHFVSQCPD-UHFFFAOYSA-N,COc1cc(N)c(Cl)cc1C(=O)CCC1CCN(CC2CC2)CC1,VXRJTAPSRDSAGT-UHFFFAOYSA-N,test
2093,4188,YKSIZFAAHBYGMG-UHFFFAOYSA-N,COc1cc(N)c(Cl)cc1C(=O)CCC1CCN(CC2CCC2)CC1,HKBSRKXBNXETSO-UHFFFAOYSA-N,train
2094,4189,RVKSBAURRKECBI-UHFFFAOYSA-N,COc1cc(N)c(Cl)cc1C(=O)CCC1CCN(CC2CCCC2)CC1,URJMHZSCYSXBGN-UHFFFAOYSA-N,test
2095,4190,YVCAJCVHBUZCNX-UHFFFAOYSA-N,COc1cc(N)c(Cl)cc1C(=O)CCC1CCN(CC2CCCCCC2)CC1,QYGREQAQDURQHR-UHFFFAOYSA-N,test
2096,4191,RUCWXMRMXGLFKN-UHFFFAOYSA-N,COc1cc(N)c(Cl)cc1C(=O)CCC1CCN(CC2CCNCC2)CC1,YSXQOWZLOAIQNW-UHFFFAOYSA-N,test
2097,4192,HBJRTZJDKYEAKF-UHFFFAOYSA-N,COc1cc(N)c(Cl)cc1C(=O)CCC1CCN(CCC2CCCCC2)CC1,PPPZECVRUPLQHR-UHFFFAOYSA-N,test
2098,4193,FSZQXBYUVRKUIV-UHFFFAOYSA-N,COc1cc(N)c(Cl)cc1C(=O)CCC1CCN(CC2CCCCC2C)CC1,BUZJPSLSVFRWOJ-UHFFFAOYSA-N,train
2099,4194,LVVYCYIWSNRYGP-UHFFFAOYSA-N,COc1cc(N)c(Cl)cc1C(=O)CCC1CCN(Cc2ccccc2)CC1,XDGMPBUKARQUCK-UHFFFAOYSA-N,train
2100,4195,ITDACBKZDRJEOQ-UHFFFAOYSA-N,COc1cc(N)c(Cl)cc1C(=O)CCC1CCN(Cc2cccnc2)CC1,YPLKVIAPANUJFD-UHFFFAOYSA-N,test
2101,4196,UOGHQTLYJXGECW-UHFFFAOYSA-N,COc1cc(N)c(Cl)cc1C(=O)CCC1CCN(Cc2ccncc2)CC1,UUUBORPVEFCRER-UHFFFAOYSA-N,test
2102,4197,AXHPQZJBCUOUAV-NJNXFGOHSA-N,COc1cc(N)c(Cl)cc1/C(CCC1CCN(CC2CCCCC2)CC1)=N/O,DHLYNZLODLVAFM-UHFFFAOYSA-N,train
2103,4198,CSNVRKSBTKHYQD-UHFFFAOYSA-N,COc1cc(N)c(Cl)cc1C(O)CCC1CCN(CC2CCCCC2)CC1,MDQLANNVTYKPHS-UHFFFAOYSA-N,test
2104,4199,FQTXEUSQQPBRJW-UHFFFAOYSA-N,COc1cc(N)c(Cl)cc1C(=O)OCC1CCN(CC2CCCCC2)CC1,JNMXZXVKKBDEAS-UHFFFAOYSA-N,train
2105,4200,MKJSJENRIWYKKT-PKNBQFBNSA-N,Nc1oc2ccccc2c(=O)c1/C=C1\COc2ccccc2C1=O,OIIFCGIQUWUOCD-UKTHLTGXSA-N,test
2106,4201,ZIWHGGCFHGETOI-UHFFFAOYSA-N,O=C1c2ccccc2C(=O)N1CCCCCNCc1ccccc1,ZIWHGGCFHGETOI-UHFFFAOYSA-N,train
2107,4202,OVSULVUWCMANAO-UHFFFAOYSA-N,O=C1c2ccccc2C(=O)N1CCCCCCNCc1ccccc1,OVSULVUWCMANAO-UHFFFAOYSA-N,train
2108,4203,AFZKLKOFXUIXAC-UHFFFAOYSA-N,O=C1c2ccccc2C(=O)N1CCCCCCCNCc1ccccc1,AFZKLKOFXUIXAC-UHFFFAOYSA-N,train
2109,4204,CBPLVCKGKVDMPI-UHFFFAOYSA-N,O=C1c2ccccc2C(=O)N1CCCCCCCCNCc1ccccc1,CBPLVCKGKVDMPI-UHFFFAOYSA-N,train
2110,4205,VUMWKZRTOJCTDT-UHFFFAOYSA-N,O=C1c2ccccc2C(=O)N1CCCCCNCc1ccccc1F,ZIWHGGCFHGETOI-UHFFFAOYSA-N,train
2111,4206,LQWYGHACJQGBFQ-UHFFFAOYSA-N,O=C1c2ccccc2C(=O)N1CCCCCCNCc1ccccc1F,OVSULVUWCMANAO-UHFFFAOYSA-N,train
2112,4207,ABMUIKNLWXQBLZ-UHFFFAOYSA-N,O=C1c2ccccc2C(=O)N1CCCCCCCNCc1ccccc1F,AFZKLKOFXUIXAC-UHFFFAOYSA-N,train
2113,4208,XKDPNCLQBQTTEN-UHFFFAOYSA-N,O=C1c2ccccc2C(=O)N1CCCCCCCCNCc1ccccc1F,CBPLVCKGKVDMPI-UHFFFAOYSA-N,train
2114,4209,HXEPFYKTZGQERY-UHFFFAOYSA-N,O=C1c2ccccc2C(=O)N1CCCCCNCc1ccc(F)cc1,ZIWHGGCFHGETOI-UHFFFAOYSA-N,train
2115,4210,KSCFZHJXBZDDOT-UHFFFAOYSA-N,O=C1c2ccccc2C(=O)N1CCCCCCNCc1ccc(F)cc1,OVSULVUWCMANAO-UHFFFAOYSA-N,train
2116,4211,UCDNIEFZLVXXCD-UHFFFAOYSA-N,O=C1c2ccccc2C(=O)N1CCCCCCCNCc1ccc(F)cc1,AFZKLKOFXUIXAC-UHFFFAOYSA-N,train
2117,4212,LMFZZLKPWAMHLC-UHFFFAOYSA-N,O=C1c2ccccc2C(=O)N1CCCCCNCc1ccc(F)cc1F,ZIWHGGCFHGETOI-UHFFFAOYSA-N,train
2118,4213,RAMACCWHONZEEF-UHFFFAOYSA-N,O=C1c2ccccc2C(=O)N1CCCCCCNCc1ccc(F)cc1F,OVSULVUWCMANAO-UHFFFAOYSA-N,train
2119,4214,VCMCOZQOXDBOJF-UHFFFAOYSA-N,O=C1c2ccccc2C(=O)N1CCCCCCCNCc1ccc(F)cc1F,AFZKLKOFXUIXAC-UHFFFAOYSA-N,train
2120,4215,ZCXKNMJBIIVQIS-UHFFFAOYSA-N,O=C1c2ccccc2C(=O)N1CCCCCCCCNCc1ccc(F)cc1F,CBPLVCKGKVDMPI-UHFFFAOYSA-N,train
2121,4216,KTSMPOOZTUCYQH-UHFFFAOYSA-N,O=C1c2ccccc2C(=O)N1CCCCCNCc1cccc(Cl)c1,ZIWHGGCFHGETOI-UHFFFAOYSA-N,train
2122,4217,JZLIAEXQDTVQDQ-UHFFFAOYSA-N,O=C1c2ccccc2C(=O)N1CCCCCCNCc1cccc(Cl)c1,OVSULVUWCMANAO-UHFFFAOYSA-N,train
2123,4218,FGKIQUDSHAMYKF-UHFFFAOYSA-N,O=C1c2ccccc2C(=O)N1CCCCCCCNCc1cccc(Cl)c1,AFZKLKOFXUIXAC-UHFFFAOYSA-N,train
2124,4219,XMMRXYIBDPVENS-UHFFFAOYSA-N,O=C1c2ccccc2C(=O)N1CCCCCCCCNCc1cccc(Cl)c1,CBPLVCKGKVDMPI-UHFFFAOYSA-N,train
2125,4222,QXXGDBDNPIPTRF-UHFFFAOYSA-N,Cc1c(C)c2ccc(OCCN3CCN(CCCNc4c5c(nc6ccccc46)CCCC5)CC3)cc2oc1=O,PIWUWOLYFQAYGB-UHFFFAOYSA-N,train
2126,4223,GDFJHAWHVPWSSH-UHFFFAOYSA-N,Cc1c(Cl)c(=O)oc2cc(OCCN3CCN(CCCNc4c5c(nc6ccccc46)CCCC5)CC3)ccc12,PIWUWOLYFQAYGB-UHFFFAOYSA-N,train
2127,4225,LHGFBGVOLWJYNC-UHFFFAOYSA-N,CCN(CCCOc1ccc(-c2cc(=O)c3c(OC)c(OC)c(OC)cc3o2)cc1)Cc1ccccc1OC,MKXCTUCBIJGEMG-UHFFFAOYSA-N,train
2128,4226,OJHNAGYEVNHLIC-UHFFFAOYSA-N,COc1cc2oc(-c3ccc(OCCCCN(C)Cc4ccccc4)cc3)cc(=O)c2c(OC)c1OC,PBAJMQUCTXHZRY-UHFFFAOYSA-N,train
2129,4227,LBEVTNNIHCJLJV-UHFFFAOYSA-N,CCN(CCCCOc1ccc(-c2cc(=O)c3c(OC)c(OC)c(OC)cc3o2)cc1)Cc1ccccc1,PBAJMQUCTXHZRY-UHFFFAOYSA-N,train
2130,4228,DJLLGHHQTWRGFO-UHFFFAOYSA-N,COc1ccccc1CN(C)CCCCOc1ccc(-c2cc(=O)c3c(OC)c(OC)c(OC)cc3o2)cc1,PBAJMQUCTXHZRY-UHFFFAOYSA-N,train
2131,4229,UZWFCPNNTSFTBG-UHFFFAOYSA-N,CCN(CCCCOc1ccc(-c2cc(=O)c3c(OC)c(OC)c(OC)cc3o2)cc1)Cc1ccccc1OC,PBAJMQUCTXHZRY-UHFFFAOYSA-N,train
2132,4230,BAAFVMSZJXOGGZ-UHFFFAOYSA-N,CCN(CCCCCCOc1ccc(-c2cc(=O)c3c(OC)c(OC)c(OC)cc3o2)cc1)Cc1ccccc1OC,VPMPRQLKHHOCSP-UHFFFAOYSA-N,train
2133,4231,TUCZTPCHFSWZTK-UHFFFAOYSA-N,CCN(CCCOc1ccc(-c2cc(=O)c3c(O)c(OC)c(OC)cc3o2)cc1)Cc1ccccc1OC,MKXCTUCBIJGEMG-UHFFFAOYSA-N,train
2134,4232,QBYCNPOCPXMJCE-UHFFFAOYSA-N,CCN(CCCCOc1ccc(-c2cc(=O)c3c(O)c(OC)c(OC)cc3o2)cc1)Cc1ccccc1OC,PBAJMQUCTXHZRY-UHFFFAOYSA-N,train
2135,4233,WXZMHKXBHLIMJU-UHFFFAOYSA-N,CCN(CCCCCCOc1ccc(-c2cc(=O)c3c(O)c(OC)c(OC)cc3o2)cc1)Cc1ccccc1OC,VPMPRQLKHHOCSP-UHFFFAOYSA-N,train
2136,4235,PVRJSOWSQUNARV-UHFFFAOYSA-N,CN1CCN(c2ccc(-c3cnc4[nH]c5cnc(C#N)cc5c4c3)cc2)CC1,JBAFHLCCSPPVOV-UHFFFAOYSA-N,train
2137,4236,DKBADOYJGAGSRI-UHFFFAOYSA-N,CN1CCN(c2cccc(-c3cnc4[nH]c5cnc(C#N)cc5c4c3)c2)CC1,CRSZRYQQPLDHRO-UHFFFAOYSA-N,train
2138,4237,PPYHOOZGDDPLKM-UHFFFAOYSA-N,N#Cc1cc2c(cn1)[nH]c1ncc(-c3ccc(CN4CCCCC4)cc3)cc12,AGJHYDCWZUUFAE-UHFFFAOYSA-N,train
2139,4238,JUFWFSABMFTGBO-CALCHBBNSA-N,C[C@@H]1CCC[C@H](C)N1Cc1ccc(-c2cnc3[nH]c4cnc(C#N)cc4c3c2)cc1,AGJHYDCWZUUFAE-UHFFFAOYSA-N,train
2140,4239,WWFGJJXAAWQFJQ-CALCHBBNSA-N,C[C@@H]1C[C@H](C)CN(Cc2ccc(-c3cnc4[nH]c5cnc(C#N)cc5c4c3)cc2)C1,AGJHYDCWZUUFAE-UHFFFAOYSA-N,train
2141,4240,KOGFSINKMHAXKX-UHFFFAOYSA-N,CC1(C)CCCN(Cc2ccc(-c3cnc4[nH]c5cnc(C#N)cc5c4c3)cc2)C1,AGJHYDCWZUUFAE-UHFFFAOYSA-N,train
2142,4241,ULFLYJAOFSSHLR-UHFFFAOYSA-N,CC1(C)CCN(Cc2ccc(-c3cnc4[nH]c5cnc(C#N)cc5c4c3)cc2)CC1,AGJHYDCWZUUFAE-UHFFFAOYSA-N,train
2143,4242,SQRYUJGAQGHMFN-UHFFFAOYSA-N,CC(C)(c1ccc(-c2cnc3[nH]c4cnc(C#N)cc4c3c2)cc1)N1CCCCC1,AGJHYDCWZUUFAE-UHFFFAOYSA-N,train
2144,4243,LSYSMDIKAFQRRE-UHFFFAOYSA-N,N#Cc1cc2c(cn1)[nH]c1ncc(-c3ccc(CN4CCC(O)CC4)cc3)cc12,AGJHYDCWZUUFAE-UHFFFAOYSA-N,train
2145,4244,IXIKZBWGIPPSBJ-LJQANCHMSA-N,N#Cc1cc2c(cn1)[nH]c1ncc(-c3ccc(CN4CCC[C@@H](O)C4)cc3)cc12,AGJHYDCWZUUFAE-UHFFFAOYSA-N,train
2146,4245,TUYLVERIWIAINX-UHFFFAOYSA-N,N#Cc1cc2c(cn1)[nH]c1ncc(-c3ccc(CN4CCC(F)CC4)cc3)cc12,AGJHYDCWZUUFAE-UHFFFAOYSA-N,train
2147,4246,JSXCSUSMRGBMGM-UHFFFAOYSA-N,N#Cc1cc2c(cn1)[nH]c1ncc(-c3ccc(CN4CCC(C#N)CC4)cc3)cc12,AGJHYDCWZUUFAE-UHFFFAOYSA-N,train
2148,4248,RWFYAMVEFZZVDS-UHFFFAOYSA-N,N#Cc1cc2c(cn1)[nH]c1ncc(-c3ccc(CN4CCC5(CC4)COC5)cc3)cc12,SNUUJGQQDVERLM-UHFFFAOYSA-N,test
2149,4249,BOIVMJXJOVNQQN-UHFFFAOYSA-N,N#Cc1cc2c(cn1)[nH]c1ncc(-c3ccc(CN4CCCCC4)nc3)cc12,YIXQNFAAVIWCGK-UHFFFAOYSA-N,test
2150,4250,MBPIPVLDYQCJKR-UHFFFAOYSA-N,N#Cc1cc2c(cn1)[nH]c1ncc(-c3nc(CN4CCCCC4)cs3)cc12,XJLSQMHRWYVXBT-UHFFFAOYSA-N,test
2151,4251,XWNUTLMQEJHZAD-UHFFFAOYSA-N,CCN1CCc2cc(-c3cnc4[nH]c5cnc(C#N)cc5c4c3)ccc2C1,YFWCPDCWRGTMLM-UHFFFAOYSA-N,test
2152,4252,GCSYCHSHITWPIH-UHFFFAOYSA-N,CCN1CCc2sc(-c3cnc4[nH]c5cnc(C#N)cc5c4c3)cc2C1,TUNVQFKIOJKAON-UHFFFAOYSA-N,test
2153,4253,CJNHSOPFLMXKDT-UHFFFAOYSA-N,NC(=O)c1cc2c(cn1)[nH]c1ncc(-c3ccc(CN4CCCCC4)cc3)cc12,AGJHYDCWZUUFAE-UHFFFAOYSA-N,train
2154,4254,HFRNGSUSVIONOS-UHFFFAOYSA-N,c1ncc(-c2cc3c(cn2)[nH]c2ncc(-c4ccc(CN5CCCCC5)cc4)cc23)o1,HFRNGSUSVIONOS-UHFFFAOYSA-N,train
2155,4255,FQUTYOZUGJMHGR-UHFFFAOYSA-N,c1ncc(-c2cc3c(cn2)[nH]c2ncc(-c4ccc(CN5CCCCC5)cc4)cc23)s1,FQUTYOZUGJMHGR-UHFFFAOYSA-N,train
2156,4256,HKQUHJFCVOBXLG-UHFFFAOYSA-N,c1nnc(-c2cc3c(cn2)[nH]c2ncc(-c4ccc(CN5CCCCC5)cc4)cc23)o1,HKQUHJFCVOBXLG-UHFFFAOYSA-N,train
2157,4257,OLGDXFNGTFBOPC-UHFFFAOYSA-N,c1cc(-c2cnc3[nH]c4cnc(-c5cnoc5)cc4c3c2)ccc1CN1CCCCC1,OLGDXFNGTFBOPC-UHFFFAOYSA-N,test
2158,4258,PAGGEPNXUBSPSP-UHFFFAOYSA-N,Cn1cc(-c2cc3c(cn2)[nH]c2ncc(-c4ccc(CN5CCCCC5)cc4)cc23)cn1,QBHHBZZUNCFRDU-UHFFFAOYSA-N,test
2159,4259,MJGVCCPVNPTNCM-UHFFFAOYSA-N,c1cncc(-c2cc3c(cn2)[nH]c2ncc(-c4ccc(CN5CCCCC5)cc4)cc23)c1,MJGVCCPVNPTNCM-UHFFFAOYSA-N,test
2160,4260,IANXMZMJBKUVLQ-UHFFFAOYSA-N,c1cc(-c2cc3c(cn2)[nH]c2ncc(-c4ccc(CN5CCCCC5)cc4)cc23)ccn1,IANXMZMJBKUVLQ-UHFFFAOYSA-N,train
2161,4261,GXRLPTHGYBPIDP-UHFFFAOYSA-N,c1cnc(-c2cc3c(cn2)[nH]c2ncc(-c4ccc(CN5CCCCC5)cc4)cc23)cn1,GXRLPTHGYBPIDP-UHFFFAOYSA-N,train
2162,4262,OIMVBDJSADQAOA-UHFFFAOYSA-N,c1cc(-c2cc3c(cn2)[nH]c2ncc(-c4ccc(CN5CCCCC5)cc4)cc23)cnn1,OIMVBDJSADQAOA-UHFFFAOYSA-N,test
2163,4263,CJPWVSWHUPXWHU-UHFFFAOYSA-N,c1ncc(-c2cc3c(cn2)[nH]c2ncc(-c4ccc(CN5CCCCC5)cc4)cc23)cn1,CJPWVSWHUPXWHU-UHFFFAOYSA-N,train
2164,4264,QFDCMSGQKRHGOR-XVUQMAPESA-N,C/C(=C\C[C@]12C[C@H]3C[C@@H]4C(C)(C)CC[C@@]4(C1=O)C(=O)[C@](C(=O)c1ccccc1)(C2=O)C3(C)C)CC/C=C/C(C)C,AYZUQWARUALHQF-LKIQXGJQSA-N,train
2165,4268,QKWIPFQYVMSHKA-UHFFFAOYSA-N,Cc1ccc2[nH]c3c(c2c1)CN(CCCCCCN1CCc2[nH]c4ccc(C)cc4c2C1)CC3,SKILGDQGSNDMPO-UHFFFAOYSA-N,test
2166,4269,ZMZBWNJJOIXGAL-UHFFFAOYSA-N,Cc1ccc2[nH]c3c(c2c1)CN(CCCCCCCN1CCc2[nH]c4ccc(C)cc4c2C1)CC3,LPWVTUMTKDCCNP-UHFFFAOYSA-N,test
2167,4271,OWEZYYQDVVGJQA-UHFFFAOYSA-N,O=C(Cc1ccccc1Nc1c(Cl)cccc1Cl)NCCCNCCCNC1=CC(=O)C(NCCCNCCCNC(=O)Cc2ccccc2Nc2c(Cl)cccc2Cl)=CC1=O,ZJZYKESJZMDFSW-UHFFFAOYSA-N,test
2168,4272,HMYXFGCACVUUCG-UHFFFAOYSA-N,Cc1c(C)c2ccc(OCCCN(C)Cc3ccccc3)cc2oc1=O,WHYIEUPXCLAOTN-UHFFFAOYSA-N,train
2169,4273,RNIDTYKTGPWKIQ-UHFFFAOYSA-N,Cc1c(C)c2ccc(OCCCCN(C)Cc3ccccc3)cc2oc1=O,VZFFUWWWOQZWAL-UHFFFAOYSA-N,test
2170,4274,RRFSDOVSDCRXPJ-UHFFFAOYSA-N,Cc1c(C)c2ccc(OCCCCCNCc3ccccc3)cc2oc1=O,MWPIBDBZFHELKC-UHFFFAOYSA-N,train
2171,4275,QGRBYVLSFDOHSR-UHFFFAOYSA-N,Cc1c(C)c2ccc(OCCCCCCN(C)Cc3ccccc3)cc2oc1=O,GXXYQQYKXRBXSU-UHFFFAOYSA-N,train
2172,4276,GAUIJIDPRCXNSO-UHFFFAOYSA-N,CCN(CCCCCCOc1ccc2c(C)c(C)c(=O)oc2c1)Cc1ccccc1,GXXYQQYKXRBXSU-UHFFFAOYSA-N,train
2173,4277,XOSFOGCCJRNZJO-UHFFFAOYSA-N,CN(Cc1ccccc1)Cc1ccc(COc2ccc3ccc(=O)oc3c2)cc1,BOUVISQULAWZBA-UHFFFAOYSA-N,train
2174,4278,JPFNCVVRUHCNQD-UHFFFAOYSA-N,Cc1cc2ccc(OCc3ccc(CN(C)Cc4ccccc4)cc3)cc2oc1=O,BOUVISQULAWZBA-UHFFFAOYSA-N,train
2175,4279,AJZDLFNDVKQVQQ-UHFFFAOYSA-N,Cc1cc(=O)oc2cc(OCc3ccc(CN(C)Cc4ccccc4)cc3)ccc12,BOUVISQULAWZBA-UHFFFAOYSA-N,train
2176,4280,GUHZCGGDBZLQMV-UHFFFAOYSA-N,Cc1c(C)c2ccc(OCc3ccc(CN(C)Cc4ccccc4)cc3)cc2oc1=O,BOUVISQULAWZBA-UHFFFAOYSA-N,train
2177,4281,LIDNNYGFJAQHNA-UHFFFAOYSA-N,Cc1cc(=O)oc2cc(OCc3ccc(CN(C)Cc4cccc(Cl)c4)cc3)ccc12,BOUVISQULAWZBA-UHFFFAOYSA-N,train
2178,4282,FEIPXUMDFMNVDT-UHFFFAOYSA-N,CN(Cc1ccc(C#N)cc1)Cc1ccc(COc2ccc3ccc(=O)oc3c2)cc1,BOUVISQULAWZBA-UHFFFAOYSA-N,train
2179,4283,NZRYFIHNIMWLPT-UHFFFAOYSA-N,Cc1cc(=O)oc2cc(OCc3ccc(CN(C)Cc4ccc(C#N)cc4)cc3)ccc12,BOUVISQULAWZBA-UHFFFAOYSA-N,train
2180,4284,NMWXKURCQUCURF-UHFFFAOYSA-N,Cc1c(C)c2ccc(OCc3ccc(CN(C)Cc4ccc(C#N)cc4)cc3)cc2oc1=O,BOUVISQULAWZBA-UHFFFAOYSA-N,train
2181,4285,RTJRBYKZQSYWCM-UHFFFAOYSA-N,CN(Cc1ccccc1)Cc1ccc(COc2ccc3c(CO)cc(=O)oc3c2)cc1,BOUVISQULAWZBA-UHFFFAOYSA-N,train
2182,4286,KOZYQJMZXSBJNF-UHFFFAOYSA-N,CN(Cc1ccc(COc2ccc3c(CO)cc(=O)oc3c2)cc1)Cc1cccc(Cl)c1,BOUVISQULAWZBA-UHFFFAOYSA-N,train
2183,4287,NEDWFNNKVTXYON-UHFFFAOYSA-N,CN(Cc1ccccc1)Cc1ccc(COc2ccc3ccc(=O)[nH]c3c2)cc1,TZJWHAZJXQOFMQ-UHFFFAOYSA-N,test
2184,4291,NBJOSEVZMRGBSS-WNRWCFFQSA-N,COc1ccc(C(=O)O[C@H]2CC[C@@]3(C)[C@@H](CC[C@@]4(C)C[C@@]5(O)[C@H](CC[C@@H]43)[C@@]3(C)CC[C@@H](O)C(C)(C)[C@@H]3C[C@@H]5O)[C@@]2(C)C(=O)O)cc1O,LPIFXILUEMBTCX-BKKCBISKSA-N,test
2185,4292,XCPGTDNRNMDRGQ-HYOWRBRKSA-N,CC(=O)O[C@H]1CC[C@@]2(C)[C@@H](CC[C@@]3(C)C[C@@]4(O)CC[C@H]5C(C)(C)[C@@H](OC(C)=O)CC[C@]5(C)[C@H]4CC[C@@H]32)C1(C)C,KXIOXPYBXRMFRW-AMHDBWEISA-N,test
2186,4293,ZBQYGDWMJWSCCD-JIJPZTSSSA-N,C[C@@]12CC[C@@H]3[C@](C)(CC[C@H](OC(=O)CCc4ccc(O)cc4)[C@]3(C)C(=O)O)[C@H]1CC[C@H]1C(=CC[C@@H]3[C@]1(C)CC[C@@H](O)[C@]3(C)CO)C2,UFYZCGVAWDOVJS-VAJSGBFNSA-N,test
2187,4301,LQLIXKNTFAWRFM-CXJQTXMHSA-N,CCCC[C@@H](O)/C=C/C=C/C(=O)O,__NO_SCAFFOLD__,train
2188,4303,DYCJEZBPGBQOFM-UHFFFAOYSA-N,COc1ccc(C(C)NS(=O)(=O)NC(=O)OCc2ccccc2)cc1OC,BZHBFQGFWMBRKN-UHFFFAOYSA-N,train
2189,4304,GIRLQTWFPQINCE-UHFFFAOYSA-N,COc1ccc(C(C)NS(=O)(=O)NC(=O)OCc2ccccc2)cc1,BZHBFQGFWMBRKN-UHFFFAOYSA-N,train
2190,4305,NHOVAZHAWHJCSY-UHFFFAOYSA-N,COc1ccccc1C(C)NS(=O)(=O)NC(=O)OCc1ccccc1,BZHBFQGFWMBRKN-UHFFFAOYSA-N,train
2191,4306,FCENVZQUPSLBLT-UHFFFAOYSA-N,COc1ccc(OC)c(C(C)NS(=O)(=O)NC(=O)OCc2ccccc2)c1,BZHBFQGFWMBRKN-UHFFFAOYSA-N,train
2192,4307,DSRVEVDNVDPNPP-UHFFFAOYSA-N,COc1cccc(OC)c1C(C)NS(=O)(=O)NC(=O)OCc1ccccc1,BZHBFQGFWMBRKN-UHFFFAOYSA-N,train
2193,4308,QJHWFMNMXCDMAQ-UHFFFAOYSA-N,COc1ccccc1C(C)NS(N)(=O)=O,UHOVQNZJYSORNB-UHFFFAOYSA-N,train
2194,4309,DTGVYWWRVPBJJU-UHFFFAOYSA-N,COc1ccc(C(C)NS(N)(=O)=O)cc1,UHOVQNZJYSORNB-UHFFFAOYSA-N,train
2195,4310,XRTLNGOFVMCPQN-UHFFFAOYSA-N,COc1ccc(C(C)NS(N)(=O)=O)cc1OC,UHOVQNZJYSORNB-UHFFFAOYSA-N,train
2196,4311,JRGRJSIDGMYVHG-UHFFFAOYSA-N,COc1ccc(OC)c(C(C)NS(N)(=O)=O)c1,UHOVQNZJYSORNB-UHFFFAOYSA-N,train
2197,4312,RBVJRDMAESBZSC-UHFFFAOYSA-N,COc1cccc(OC)c1C(C)NS(N)(=O)=O,UHOVQNZJYSORNB-UHFFFAOYSA-N,train
2198,4320,PNELRAOCEOQJMK-HXPUERGNSA-N,CN(Cc1ccccc1)Cc1ccc(/C=C2\CCc3cc(OCCCCCN4CCN(Cc5ccc(F)cc5)CC4)ccc3C2=O)cc1,HOOUDOBEEYPAQP-HXPUERGNSA-N,train
2199,4350,VIHQGHFBJQEGJJ-IGYGKHONSA-N,CCOC(=O)C1=C(Nc2ccccc2)C[C@@H](c2ccccc2)N(c2ccccc2)[C@@H]1c1ccccc1,BHZJIWUWHZIBMK-VMPREFPWSA-N,train
2200,4351,VJWVYCGBFCLUBC-MFMCTBQISA-N,COC(=O)C1=C(Nc2ccccc2)C[C@@H](c2ccccc2)N(c2ccccc2)[C@@H]1c1ccccc1,BHZJIWUWHZIBMK-VMPREFPWSA-N,train
2201,4352,NXHUUWUYXXHDSP-XDFJSJKPSA-N,COC(=O)C1=C(Nc2ccccc2)C[C@@H](c2ccc(C)cc2)N(c2ccccc2)[C@@H]1c1ccc(C)cc1,BHZJIWUWHZIBMK-VMPREFPWSA-N,train
2202,4353,NBVXLYNBQKTYAQ-CQTOTRCISA-N,CCOC(=O)C1=C(Nc2ccccc2)C[C@@H](c2ccc(C)cc2)N(c2ccccc2)[C@@H]1c1ccc(C)cc1,BHZJIWUWHZIBMK-VMPREFPWSA-N,train
2203,4354,XEXQUOKGOOZPEB-UZNNEEJFSA-N,COC(=O)C1=C(Nc2ccc(C)cc2)C[C@@H](c2ccc(C)cc2)N(c2ccc(C)cc2)[C@@H]1c1ccc(C)cc1,BHZJIWUWHZIBMK-VMPREFPWSA-N,train
2204,4355,BKQAIFRKWCWTHE-XDFJSJKPSA-N,COC(=O)C1=C(Nc2ccc(Br)cc2)C[C@@H](c2ccc(C)cc2)N(c2ccc(Br)cc2)[C@@H]1c1ccc(C)cc1,BHZJIWUWHZIBMK-VMPREFPWSA-N,train
2205,4356,QRDCGTOOMUGVPA-XDFJSJKPSA-N,COC(=O)C1=C(Nc2ccc(Cl)cc2)C[C@@H](c2ccc(C)cc2)N(c2ccc(Cl)cc2)[C@@H]1c1ccc(C)cc1,BHZJIWUWHZIBMK-VMPREFPWSA-N,train
2206,4357,UNNOJENDCNIITC-UZNNEEJFSA-N,COC(=O)C1=C(Nc2ccc(OC)cc2)C[C@@H](c2ccc(C)cc2)N(c2ccc(OC)cc2)[C@@H]1c1ccc(C)cc1,BHZJIWUWHZIBMK-VMPREFPWSA-N,train
2207,4358,OGFMGNOQSFFHKP-QWOOXDRHSA-N,CCOC(=O)C1=C(Nc2ccc(OC)cc2)C[C@@H](c2ccc(C)cc2)N(c2ccc(OC)cc2)[C@@H]1c1ccc(C)cc1,BHZJIWUWHZIBMK-VMPREFPWSA-N,train
2208,4359,JKNRDZFBYLLNGC-CQTOTRCISA-N,CCOC(=O)C1=C(Nc2ccc(OC)cc2)C[C@@H](c2ccccc2)N(c2ccc(OC)cc2)[C@@H]1c1ccccc1,BHZJIWUWHZIBMK-VMPREFPWSA-N,train
2209,4360,YYTSRURMYPFAIZ-IGYGKHONSA-N,CCOC(=O)C1=C(Nc2ccc(Cl)cc2)C[C@@H](c2ccccc2)N(c2ccc(Cl)cc2)[C@@H]1c1ccccc1,BHZJIWUWHZIBMK-VMPREFPWSA-N,train
2210,4361,KOYOWUYGCUEITP-CQTOTRCISA-N,CCOC(=O)C1=C(Nc2ccc(C)cc2)C[C@@H](c2ccccc2)N(c2ccc(C)cc2)[C@@H]1c1ccccc1,BHZJIWUWHZIBMK-VMPREFPWSA-N,train
2211,4363,VNIABXFLSKCNND-IGYGKHONSA-N,CCOC(=O)C1=C(Nc2ccc(F)cc2)C[C@@H](c2ccc(Cl)cc2)N(c2ccc(F)cc2)[C@@H]1c1ccc(Cl)cc1,BHZJIWUWHZIBMK-VMPREFPWSA-N,train
2212,4364,WLDRMSCXKLUZKZ-IGYGKHONSA-N,CCOC(=O)C1=C(Nc2ccccc2)C[C@@H](c2ccc(F)cc2)N(c2ccccc2)[C@@H]1c1ccc(F)cc1,BHZJIWUWHZIBMK-VMPREFPWSA-N,train
2213,4365,OYYNUOXEKAUSGR-MFMCTBQISA-N,COC(=O)C1=C(Nc2ccc(F)cc2)C[C@@H](c2ccc(F)cc2)N(c2ccc(F)cc2)[C@@H]1c1ccc(F)cc1,BHZJIWUWHZIBMK-VMPREFPWSA-N,train
2214,4366,NKNFICSDYLYWRK-MFMCTBQISA-N,COC(=O)C1=C(Nc2ccc(Cl)cc2)C[C@@H](c2ccc(F)cc2)N(c2ccc(Cl)cc2)[C@@H]1c1ccc(F)cc1,BHZJIWUWHZIBMK-VMPREFPWSA-N,train
2215,4367,NYVFGIAVIORZTJ-XDFJSJKPSA-N,CC(C)(C)OC(=O)C1=C(Nc2ccccc2)C[C@@H](c2ccccc2)N(c2ccccc2)[C@@H]1c1ccccc1,BHZJIWUWHZIBMK-VMPREFPWSA-N,train
2216,4368,NANGDLPJMIPVNK-MFMCTBQISA-N,COC(=O)C1=C(Nc2ccccc2)C[C@@H](c2ccc(Cl)cc2)N(c2ccccc2)[C@@H]1c1ccc(Cl)cc1,BHZJIWUWHZIBMK-VMPREFPWSA-N,train
2217,4369,YGFNKCHRZYXYFR-CQTOTRCISA-N,CCOC(=O)C1=C(Nc2ccc(C)cc2)C[C@@H](c2ccc(Cl)cc2)N(c2ccc(C)cc2)[C@@H]1c1ccc(Cl)cc1,BHZJIWUWHZIBMK-VMPREFPWSA-N,train
2218,4370,BKWIEBMTFUKWGR-MFMCTBQISA-N,COC(=O)C1=C(Nc2ccc(Br)cc2)C[C@@H](c2ccc(Cl)cc2)N(c2ccc(Br)cc2)[C@@H]1c1ccc(Cl)cc1,BHZJIWUWHZIBMK-VMPREFPWSA-N,train
2219,4371,OLHQFUFHPLFADP-XDFJSJKPSA-N,COC(=O)C1=C(Nc2ccc(Br)cc2)C[C@@H](c2ccc(OC)cc2)N(c2ccc(Br)cc2)[C@@H]1c1ccc(OC)cc1,BHZJIWUWHZIBMK-VMPREFPWSA-N,train
2220,4372,UXNRTEBKIODWKU-CQTOTRCISA-N,CCOC(=O)C1=C(Nc2ccc(Cl)cc2)C[C@@H](c2ccc(OC)cc2)N(c2ccc(Cl)cc2)[C@@H]1c1ccc(OC)cc1,BHZJIWUWHZIBMK-VMPREFPWSA-N,train
2221,4373,WHCYDQYHFUAGFI-XYFQYJLHSA-N,COC(=O)C1=C(Nc2ccccc2)C[C@@H](c2ccc3c(c2)OCO3)N(c2ccccc2)[C@@H]1c1ccc2c(c1)OCO2,OCEQPLIHADUCNO-SVBPBHIXSA-N,test
2222,4374,VBPYUDBSLYCEMA-UHFFFAOYSA-N,CC1=CC2Cc3nc4cc(Cl)ccc4c(NCCCCCCCCCCCCNc4c5c(nc6ccccc46)CCCC5)c3C(C1)C2,LLPHDNIUYBFXKR-UHFFFAOYSA-N,train
2223,4375,GLKLHBYBAWHWTF-UHFFFAOYSA-N,CC1=CC2Cc3nc4cc(Cl)ccc4c(NCCCCCCCCCCCCNc4c5c(nc6cc(Cl)ccc46)CCCC5)c3C(C1)C2,LLPHDNIUYBFXKR-UHFFFAOYSA-N,train
2224,4376,IZRQAXRTZHGAMX-UHFFFAOYSA-N,CC1=CC2Cc3nc4ccccc4c(NCCCCCCCCCCNc4c5c(nc6ccccc46)CCCC5)c3C(C1)C2,ZIABQGWWOHBVJI-UHFFFAOYSA-N,train
2225,4377,CRKNHUIAVMQCOT-UHFFFAOYSA-N,CC1=CC2Cc3nc4ccccc4c(NCCCCCCCCCCCCNc4c5c(nc6ccccc46)CCCC5)c3C(C1)C2,LLPHDNIUYBFXKR-UHFFFAOYSA-N,train
2226,4378,HJOZPGZWSXZPTB-UHFFFAOYSA-N,CC1=CC2Cc3nc4ccccc4c(NCCCCCCCCCCNc4c5c(nc6cc(Cl)ccc46)CCCC5)c3C(C1)C2,ZIABQGWWOHBVJI-UHFFFAOYSA-N,train
2227,4379,PBJAAJDBUSKJEX-UHFFFAOYSA-N,CC1=CC2Cc3nc4ccccc4c(NCCCCCCCCCCCCNc4c5c(nc6cc(Cl)ccc46)CCCC5)c3C(C1)C2,LLPHDNIUYBFXKR-UHFFFAOYSA-N,train
2228,4392,AFYLKUNLQWZPOJ-MHZLTWQESA-N,CN(C)CCC[C@@]1(c2ccc(F)cc2)OCc2cc(-c3nnc(-c4ccc(Cl)cc4)[nH]3)ccc21,ASYMEXMFTJJQKN-UHFFFAOYSA-N,train
2229,4395,UODQXXGSEDHXMT-NDEPHWFRSA-N,Cc1ccccc1-c1nnc(-c2ccc3c(c2)CO[C@@]3(CCCN(C)C)c2ccc(F)cc2)[nH]1,ASYMEXMFTJJQKN-UHFFFAOYSA-N,train
2230,4402,AYRWSXQHHKEJAX-UHFFFAOYSA-N,CN(C)c1ccc(C(=O)NCCNc2c3c(nc4ccccc24)CCCC3)cc1,OBJUJWLRUGLQHZ-UHFFFAOYSA-N,train
2231,4403,ZXJUUZJTUXQSKP-UHFFFAOYSA-N,CN(C)c1ccc(C(=O)NCCCNc2c3c(nc4ccccc24)CCCC3)cc1,KRXZWCABPZLVBL-UHFFFAOYSA-N,train
2232,4404,SCGXOMNFUQVBHO-UHFFFAOYSA-N,CN(C)c1ccc(C(=O)NCCCCNc2c3c(nc4ccccc24)CCCC3)cc1,GQSOUIQKDSCQSH-UHFFFAOYSA-N,train
2233,4405,ZVCOASYDHWBGID-UHFFFAOYSA-N,CN(C)c1ccc(C(=O)NCCCCCNc2c3c(nc4ccccc24)CCCC3)cc1,OQGWKQPKVGDXCZ-UHFFFAOYSA-N,test
2234,4406,ZENOVZNHBUXHDC-UHFFFAOYSA-N,CN(C)c1ccc(C(=O)NCCCCCCNc2c3c(nc4ccccc24)CCCC3)cc1,SBXOBUMXYFRCBO-UHFFFAOYSA-N,train
2235,4407,CUJOBVKOTOAWII-UHFFFAOYSA-N,CN(C)c1ccc(C(=O)NCCCCCCCNc2c3c(nc4ccccc24)CCCC3)cc1,IDOUJHIGVNLISJ-UHFFFAOYSA-N,train
2236,4408,KPPXCNYBUBDEEX-UHFFFAOYSA-N,CN(C)c1ccc(C(=O)NCCCCCCCCNc2c3c(nc4ccccc24)CCCC3)cc1,JWVHUNHYELTXQP-UHFFFAOYSA-N,train
2237,4409,LWSFBXYLKVTYIM-UHFFFAOYSA-N,CN(C)c1ccc(C(=O)NCCCCCCCCCNc2c3c(nc4ccccc24)CCCC3)cc1,XUDNHHKQLZSOOU-UHFFFAOYSA-N,test
2238,4415,DZSLVRSYGSLEGV-UHFFFAOYSA-N,CC[N+]1(Cc2ccccc2[N+](=O)[O-])CCCCCn2c(C)c3c(=O)n(c2=O)CCCCC[N+](CC)(Cc2ccccc2[N+](=O)[O-])CCCCCn2c(C)c(c(=O)n(c2=O)CCCCC1)C3,VNXVTMNYMMXMNG-UHFFFAOYSA-P,test
2239,4416,BIQKMKLWZZWWMJ-UHFFFAOYSA-N,CC[N+]1(Cc2ccccc2[N+](=O)[O-])CCCCCn2c(C)cc(=O)n(c2=O)CCCCC[N+](CC)(Cc2ccccc2[N+](=O)[O-])CCCCCn2c(=O)cc(C)n(c2=O)CCCCC1,ZRCXWQRLXPFSFA-UHFFFAOYSA-P,test
2240,4417,HTSMDVRAOTZYSQ-UHFFFAOYSA-N,CC[N+]1(Cc2ccccc2[N+](=O)[O-])CCCCCn2c(C)cc(=O)n(c2=O)CCCCC[N+](CC)(Cc2ccccc2[N+](=O)[O-])Cc2ccc(cc2)C1,VBPRQJFLYMCAME-UHFFFAOYSA-P,test
2241,4418,XRMMDZSSROXOHT-UHFFFAOYSA-N,CC[N+]1(Cc2ccccc2[N+](=O)[O-])CCCCCC[N+](CC)(Cc2ccccc2[N+](=O)[O-])CCCCCn2c(=O)cc(C)n(c2=O)CCCCC1,YUTRBUWVLYXVFZ-UHFFFAOYSA-P,test
2242,4419,WLTAFWKKNBLBHO-UHFFFAOYSA-N,CC[N+](CC)(CCCCCn1c(C)cc(=O)n(CCCCC[N+](CC)(CC)Cc2ccccc2[N+](=O)[O-])c1=O)Cc1ccccc1[N+](=O)[O-],FVSZSXKCFKSTNT-UHFFFAOYSA-P,train
2243,4420,OMWCMVDBFIANLH-UHFFFAOYSA-N,CCC(CC)n1cc(C(=O)C(F)F)cn1,WTKZEGDFNFYCGP-UHFFFAOYSA-N,train
2244,4421,QYQDDTYKNXOHKG-UHFFFAOYSA-N,CCCC(C)n1cc(C(=O)C(F)F)cn1,WTKZEGDFNFYCGP-UHFFFAOYSA-N,train
2245,4422,KIPNKBSUTXPLGR-UHFFFAOYSA-N,CCC(C)n1cc(C(=O)C(F)F)cn1,WTKZEGDFNFYCGP-UHFFFAOYSA-N,train
2246,4423,FFMMFXZONQYESO-UHFFFAOYSA-N,CC(C)n1cc(C(=O)C(F)F)cn1,WTKZEGDFNFYCGP-UHFFFAOYSA-N,train
2247,4424,ACIBUVSZJSBTER-UHFFFAOYSA-N,CC(C)(C)c1cccc(C(=O)C(F)F)c1,UHOVQNZJYSORNB-UHFFFAOYSA-N,train
2248,4425,OUPUWBKBRTXEIM-UHFFFAOYSA-N,CC(C)Cn1cc(C(=O)C(F)(F)F)cn1,WTKZEGDFNFYCGP-UHFFFAOYSA-N,train
2249,4426,VSAZMHWIUAZWGB-UHFFFAOYSA-N,O=C(c1cnn(C2CCCC2)c1)C(F)(F)F,JZSAQAFZTUPWAR-UHFFFAOYSA-N,train
2250,4427,YYGHBQVPXHKCRO-UHFFFAOYSA-N,CCC(CC)n1cc(C(=O)C(F)(F)F)cn1,WTKZEGDFNFYCGP-UHFFFAOYSA-N,train
2251,4428,QWJQWXDSWXGISZ-UHFFFAOYSA-N,CCCC(C)n1cc(C(=O)C(F)(F)F)cn1,WTKZEGDFNFYCGP-UHFFFAOYSA-N,train
2252,4429,GIGJIIJGHXYZQW-UHFFFAOYSA-N,CCC(C)n1cc(C(=O)C(F)(F)F)cn1,WTKZEGDFNFYCGP-UHFFFAOYSA-N,train
2253,4430,JAVDJDQEDRNTQR-UHFFFAOYSA-N,CC(C)n1cc(C(=O)C(F)(F)F)cn1,WTKZEGDFNFYCGP-UHFFFAOYSA-N,train
2254,4431,XAZQUPBUJONHAF-UHFFFAOYSA-N,CC(C)(C)c1cccc(C(=O)C(F)(F)F)c1,UHOVQNZJYSORNB-UHFFFAOYSA-N,train
2255,4432,GAPOASFZXBWUGS-UHFFFAOYSA-N,C[Si](C)(C)c1cccc(C(=O)C(F)(F)F)c1,UHOVQNZJYSORNB-UHFFFAOYSA-N,train
2256,4433,OEBRKCOSUFCWJD-UHFFFAOYSA-N,COP(=O)(OC)OC=C(Cl)Cl,__NO_SCAFFOLD__,train
2257,4434,ISRUGXGCCGIOQO-UHFFFAOYSA-N,CNC(=O)Oc1ccccc1OC(C)C,UHOVQNZJYSORNB-UHFFFAOYSA-N,train
2258,4437,GQBFKBBDGKNSLK-UHFFFAOYSA-N,CC(C)(C)c1cccc(C(=O)CF)c1,UHOVQNZJYSORNB-UHFFFAOYSA-N,train
2259,4438,SJSTZEWGUCLUTP-UHFFFAOYSA-N,CC(C)Cn1cc(C(=O)C(F)F)cn1,WTKZEGDFNFYCGP-UHFFFAOYSA-N,train
2260,4439,LCJHAMFHXGMYLX-UHFFFAOYSA-N,O=C(c1cnn(C2CCCC2)c1)C(F)F,JZSAQAFZTUPWAR-UHFFFAOYSA-N,train
2261,4449,IUCANLAVDXMGCM-UHFFFAOYSA-N,O=C(CF)c1cnn(C2CCCC2)c1,JZSAQAFZTUPWAR-UHFFFAOYSA-N,train
2262,4450,NWHBKNONEOGQEO-UHFFFAOYSA-N,CCC(CC)n1cc(C(=O)CF)cn1,WTKZEGDFNFYCGP-UHFFFAOYSA-N,train
2263,4470,POYGDFGWFNUJTP-UHFFFAOYSA-O,O=C(NCCc1c[nH]c2ccccc12)c1cc[n+](Cc2ccccc2)cc1,POYGDFGWFNUJTP-UHFFFAOYSA-O,train
2264,4471,QYWAWICPVJULDS-UHFFFAOYSA-O,O=C(NCCc1c[nH]c2ccccc12)c1cc[n+](Cc2ccccc2F)cc1,POYGDFGWFNUJTP-UHFFFAOYSA-O,train
2265,4472,MDLWLYHQPBQWFO-UHFFFAOYSA-O,O=C(NCCc1c[nH]c2ccccc12)c1cc[n+](Cc2cccc(F)c2)cc1,POYGDFGWFNUJTP-UHFFFAOYSA-O,train
2266,4473,ICUGREZPKCKXFF-UHFFFAOYSA-O,O=C(NCCc1c[nH]c2ccccc12)c1cc[n+](Cc2ccc(F)cc2)cc1,POYGDFGWFNUJTP-UHFFFAOYSA-O,train
2267,4474,SRZVTLOAZSAJRJ-UHFFFAOYSA-O,Cc1cccc(C[n+]2ccc(C(=O)NCCc3c[nH]c4ccccc34)cc2)c1,POYGDFGWFNUJTP-UHFFFAOYSA-O,train
2268,4475,YWXDWURUBMGRIF-UHFFFAOYSA-O,Cc1ccc(C[n+]2ccc(C(=O)NCCc3c[nH]c4ccccc34)cc2)cc1,POYGDFGWFNUJTP-UHFFFAOYSA-O,train
2269,4477,LUUAGTRYWAFYQI-UHFFFAOYSA-O,COc1ccc2[nH]cc(CCNC(=O)c3cc[n+](Cc4ccccc4F)cc3)c2c1,POYGDFGWFNUJTP-UHFFFAOYSA-O,train
2270,4478,WYPOTYDAEGSEFA-UHFFFAOYSA-O,COc1ccc2[nH]cc(CCNC(=O)c3cc[n+](Cc4cccc(F)c4)cc3)c2c1,POYGDFGWFNUJTP-UHFFFAOYSA-O,train
2271,4479,URBXWDLHACBZLA-UHFFFAOYSA-O,COc1ccc2[nH]cc(CCNC(=O)c3cc[n+](Cc4ccc(F)cc4)cc3)c2c1,POYGDFGWFNUJTP-UHFFFAOYSA-O,train
2272,4480,TWXCFTFNVPGKKH-UHFFFAOYSA-O,COc1ccc2[nH]cc(CCNC(=O)c3cc[n+](Cc4ccc(OC(=O)N(C)C)cc4)cc3)c2c1,POYGDFGWFNUJTP-UHFFFAOYSA-O,train
2273,4481,WRQXZMWDSMWNLN-RMKNXTFCSA-O,COc1ccc2[nH]cc(CCNC(=O)/C=C/c3cc[n+](Cc4ccccc4F)cc3)c2c1,QMTYYVPOCHGFBA-ZHACJKMWSA-O,train
2274,4482,HZYMIOCWOBIPFO-VMPITWQZSA-O,COc1ccc2[nH]cc(CCNC(=O)/C=C/c3cc[n+](Cc4cccc(F)c4)cc3)c2c1,QMTYYVPOCHGFBA-ZHACJKMWSA-O,train
2275,4483,MUDAHBDFKMPCDS-RUDMXATFSA-O,COc1ccc2[nH]cc(CCNC(=O)/C=C/c3cc[n+](Cc4ccc(F)cc4)cc3)c2c1,QMTYYVPOCHGFBA-ZHACJKMWSA-O,train
2276,4484,CQFNFESVGNSYPU-UHFFFAOYSA-O,COc1ccc2[nH]cc(CCNC(=O)CCc3cc[n+](Cc4ccccc4F)cc3)c2c1,VTABYHUTDXEGBC-UHFFFAOYSA-O,train
2277,4485,WCJWNPHMFIVHJI-UHFFFAOYSA-O,COc1ccc2[nH]cc(CCNC(=O)CCc3cc[n+](Cc4cccc(F)c4)cc3)c2c1,VTABYHUTDXEGBC-UHFFFAOYSA-O,train
2278,4486,JVEWFCQGVVKAPN-UHFFFAOYSA-O,COc1ccc2[nH]cc(CCNC(=O)CCc3cc[n+](Cc4ccc(F)cc4)cc3)c2c1,VTABYHUTDXEGBC-UHFFFAOYSA-O,train
2279,4492,FTTNXWIFPFEOQT-JUDWXZBOSA-N,COc1cc(-c2cc3c(c(=O)o2)C[C@]2(O)[C@@]4(C)C(=O)C=CC(C)(C)[C@]4(O)CC[C@@]2(C)O3)cc(OC)c1O,RNBBYLHKCNHDMC-UHFFFAOYSA-N,train
2280,4498,LHKWCVMCNOROFZ-MCPFUKIPSA-N,COc1ccc(-c2cc3c(c(=O)o2)C[C@]2(O)[C@@]4(C)CC[C@@H](OC(C)=O)C(C)(C)[C@]4(O)CC[C@@]2(C)O3)cc1,JDYLUVUNDLPZMT-UHFFFAOYSA-N,train
2281,4499,XKDGQMPLQPRTCS-HHPVDLARSA-N,COc1ccc(-c2cc3c(c(=O)o2)C[C@H]2[C@@](C)(CC[C@@]4(O)C(C)(C)C(=O)CC[C@]24C)O3)cc1,QDZBPHUUGXQIRE-UKJIHQRVSA-N,test
2282,4503,LVWDYJONVHLIIF-UHFFFAOYSA-N,COc1ccc2nc3c(c(NCCNC(=O)C4(C)CCc5c(C)c(O)c(C)c(C)c5O4)c2c1)CCCC3,HGZOEUIMZNUBQP-UHFFFAOYSA-N,train
2283,4504,JMDGGQINMCLMOO-UHFFFAOYSA-N,COc1ccc2nc3c(c(NCCCNC(=O)C4(C)CCc5c(C)c(O)c(C)c(C)c5O4)c2c1)CCCC3,XYHRIOOWVZYHPW-UHFFFAOYSA-N,train
2284,4505,MGRHULYUJRQSQW-UHFFFAOYSA-N,COc1ccc2nc3c(c(NCCCCNC(=O)C4(C)CCc5c(C)c(O)c(C)c(C)c5O4)c2c1)CCCC3,ZKFPNRHTYYBOLG-UHFFFAOYSA-N,train
2285,4507,VVKDAPKAJJSSNM-UHFFFAOYSA-N,COc1ccc2nc3c(c(NCCCCCCNC(=O)C4(C)CCc5c(C)c(O)c(C)c(C)c5O4)c2c1)CCCC3,OZWNMQVYKGQDCW-UHFFFAOYSA-N,train
2286,4508,LVNDSHVRALPGHL-UHFFFAOYSA-N,COc1ccc2nc3c(c(NCCCCCCCNC(=O)C4(C)CCc5c(C)c(O)c(C)c(C)c5O4)c2c1)CCCC3,OOAZAGCRCPQIGH-UHFFFAOYSA-N,train
2287,4509,CSLMOZNRVLKZJP-UHFFFAOYSA-N,COc1ccc2nc3c(c(NCCCCCCCCNC(=O)C4(C)CCc5c(C)c(O)c(C)c(C)c5O4)c2c1)CCCC3,AVRIWDJUZPAWDY-UHFFFAOYSA-N,train
2288,4511,CYPPDOFLICANMU-UHFFFAOYSA-N,Cc1c(C)c2c(c(C)c1O)CCC(C)(C(=O)NCCCNc1c3c(nc4ccccc14)CCCC3)O2,XYHRIOOWVZYHPW-UHFFFAOYSA-N,train
2289,4517,KSTZJULPHDWERN-UHFFFAOYSA-N,Cc1c(C)c2c(c(C)c1O)CCC(C)(C(=O)NCCNc1c3c(nc4cc(Cl)ccc14)CCCC3)O2,HGZOEUIMZNUBQP-UHFFFAOYSA-N,train
2290,4518,UORVVOCXCLCVTI-UHFFFAOYSA-N,Cc1c(C)c2c(c(C)c1O)CCC(C)(C(=O)NCCCNc1c3c(nc4cc(Cl)ccc14)CCCC3)O2,XYHRIOOWVZYHPW-UHFFFAOYSA-N,train
2291,4519,DUACEZNSYNKOQI-UHFFFAOYSA-N,Cc1c(C)c2c(c(C)c1O)CCC(C)(C(=O)NCCCCNc1c3c(nc4cc(Cl)ccc14)CCCC3)O2,ZKFPNRHTYYBOLG-UHFFFAOYSA-N,train
2292,4520,UGEBTJZBDCKUJD-UHFFFAOYSA-N,Cc1c(C)c2c(c(C)c1O)CCC(C)(C(=O)NCCCCCNc1c3c(nc4cc(Cl)ccc14)CCCC3)O2,OSGYMLNRAOROHH-UHFFFAOYSA-N,train
2293,4521,LQLZUORNIXSABC-UHFFFAOYSA-N,Cc1c(C)c2c(c(C)c1O)CCC(C)(C(=O)NCCCCCCNc1c3c(nc4cc(Cl)ccc14)CCCC3)O2,OZWNMQVYKGQDCW-UHFFFAOYSA-N,train
2294,4522,CFKPVXGCGGKCOM-UHFFFAOYSA-N,Cc1c(C)c2c(c(C)c1O)CCC(C)(C(=O)NCCCCCCCNc1c3c(nc4cc(Cl)ccc14)CCCC3)O2,OOAZAGCRCPQIGH-UHFFFAOYSA-N,train
2295,4523,MATYDNFWBAVIBC-UHFFFAOYSA-N,Cc1c(C)c2c(c(C)c1O)CCC(C)(C(=O)NCCCCCCCCNc1c3c(nc4cc(Cl)ccc14)CCCC3)O2,AVRIWDJUZPAWDY-UHFFFAOYSA-N,train
2296,4525,APQPVVOYBLOJDY-UHFFFAOYSA-N,COc1ccc2nc3c(c(N)c2c1)CCCC3,RXBYRTSOWREATF-UHFFFAOYSA-N,train
2297,4528,JUBDOIQNUNJQNE-UHFFFAOYSA-N,CC(=O)NCCc1c[nH]c2ccc(OC(=O)NCCCCCCCCCCCCNc3c4c(nc5ccc(Cl)cc35)CCCC4)cc12,BPUWTEOSJHWSHT-UHFFFAOYSA-N,train
2298,4529,JTODDVDFMYBPGG-UHFFFAOYSA-N,CC(=O)NCCc1c[nH]c2ccc(OC(=O)NCCCCCCNc3c4c(nc5ccccc35)CCCC4)cc12,CBPJDUUDTXTXML-UHFFFAOYSA-N,train
2299,4530,CPSSIDMPFSBMRO-UHFFFAOYSA-N,CC(=O)NCCc1c[nH]c2ccc(OC(=O)NCCCCCCCCCCCCNc3c4c(nc5ccccc35)CCCC4)cc12,BPUWTEOSJHWSHT-UHFFFAOYSA-N,train
2300,4531,HMTBXSCYSXEFRI-UHFFFAOYSA-N,CC(=O)NCCc1c[nH]c2ccc(OC(=O)NCCCCCCCNc3c4c(nc5cc(Cl)ccc35)CCCC4)cc12,JYPKWTANCQUPRY-UHFFFAOYSA-N,train
2301,4532,JCZCGQLHQOCURC-QZCRLSDHSA-N,CC(=O)O[C@@]12CCN(C(C)=O)[C@@H]1N(C(C)=O)c1ccc(OC(=O)NCCCCCCNc3c4c(nc5ccccc35)CCCC4)cc12,IFWFLBVLUVGFCZ-NLLRYDLESA-N,train
2302,4533,XVXDTYXMYWAMAF-UHFFFAOYSA-N,CC(=O)NCCc1c[nH]c2ccc(OC(=O)NCCCCCCCCCCNc3c4c(nc5ccc(Cl)cc35)CCCC4)cc12,XPJRKOPDDZHKQB-UHFFFAOYSA-N,train
2303,4534,APIRGAOTKZFKAS-UHFFFAOYSA-N,CC(=O)NCCc1c[nH]c2ccc(OC(=O)NCCCCNc3c4c(nc5ccccc35)CCCC4)cc12,FQVGGJLEHUNKNW-UHFFFAOYSA-N,train
2304,4535,HYWHYYQDFBRNJV-UHFFFAOYSA-N,CC(=O)NCCc1c[nH]c2ccc(OC(=O)NCCCCCCCCNc3c4c(nc5ccccc35)CCCC4)cc12,RIANHBYIFUFFHM-UHFFFAOYSA-N,test
2305,4536,WSXAJVAWKDKQHT-UHFFFAOYSA-N,CC(=O)NCCc1c[nH]c2ccc(OC(=O)NCCNc3c4c(nc5ccccc35)CCCC4)cc12,OPAGCNSHRPDMMX-UHFFFAOYSA-N,train
2306,4537,AFGFYJJNRLVSLM-UHFFFAOYSA-N,CC(=O)NCCc1c[nH]c2ccc(OC(=O)NCCCNc3c4c(nc5ccccc35)CCCC4)cc12,WLPXFUPAMVAKBE-UHFFFAOYSA-N,test
2307,4538,UTQFNPJLIOYJFL-UHFFFAOYSA-N,CC(=O)NCCc1c[nH]c2ccc(OC(=O)NCCCCCCCNc3c4c(nc5ccc(Cl)cc35)CCCC4)cc12,JYPKWTANCQUPRY-UHFFFAOYSA-N,train
2308,4539,KMMFIXOTKGBTSZ-UHFFFAOYSA-N,CC(=O)NCCc1c[nH]c2ccc(OC(=O)NCCCCCCCCCCNc3c4c(nc5ccccc35)CCCC4)cc12,XPJRKOPDDZHKQB-UHFFFAOYSA-N,train
2309,4540,SPEKQSDIHIDYJX-UHFFFAOYSA-N,CC(=O)NCCc1c[nH]c2ccc(OC(=O)NCCCCCCCCCCNc3c4c(nc5cc(Cl)ccc35)CCCC4)cc12,XPJRKOPDDZHKQB-UHFFFAOYSA-N,train
2310,4541,RISDMIZNEKTMBT-UHFFFAOYSA-N,CC(=O)NCCc1c[nH]c2ccc(OC(=O)NCCNc3c4c(nc5cc(Cl)ccc35)CCCC4)cc12,OPAGCNSHRPDMMX-UHFFFAOYSA-N,train
2311,4542,MBBVMMONYFBGOE-UHFFFAOYSA-N,CC(=O)NCCc1c[nH]c2ccc(OC(=O)NCCNc3c4c(nc5ccc(Cl)cc35)CCCC4)cc12,OPAGCNSHRPDMMX-UHFFFAOYSA-N,train
2312,4543,AKQSCHLJARNVMJ-UHFFFAOYSA-N,CC(=O)NCCc1c[nH]c2ccc(OC(=O)NCCCCCCCNc3c4c(nc5ccccc35)CCCC4)cc12,JYPKWTANCQUPRY-UHFFFAOYSA-N,train
2313,4544,DZVVTCMRQZXZRQ-UHFFFAOYSA-N,CC(=O)NCCc1c[nH]c2ccc(OC(=O)NCCCCCNc3c4c(nc5ccccc35)CCCC4)cc12,YDPNZANIARUFGS-UHFFFAOYSA-N,test
2314,4545,FDPFEWCMKUTRHJ-UHFFFAOYSA-N,CC(=O)NCCc1c[nH]c2ccc(OC(=O)NCCCCCCCCCCCCNc3c4c(nc5cc(Cl)ccc35)CCCC4)cc12,BPUWTEOSJHWSHT-UHFFFAOYSA-N,train
2315,4546,MSAIAIIQMNXQKI-UHFFFAOYSA-N,COC(=O)C1=C(C)OP(=O)(OC)OCC1,AZSNCMXKYRSIGD-UHFFFAOYSA-N,train
2316,4547,IEEPPPIAKVRUBJ-UHFFFAOYSA-N,COP1(=O)OCCC(C(=O)OC(C)(C)C)=C(C)O1,AZSNCMXKYRSIGD-UHFFFAOYSA-N,train
2317,4549,OMPKNKOTSKEQOH-UHFFFAOYSA-N,CCOP1(=O)CCCC(C(=O)OC)=C(C)O1,FGAWVKNKFZRACR-UHFFFAOYSA-N,train
2318,4556,JBANMOPKOHITOL-KWKYVRJSSA-N,CO[P@]1(=O)CC[C@@H]2COC(=O)C2=C(C)O1,UREVBHDPQHAWDN-RXMQYKEDSA-N,test
2319,4558,OMPQJMDGDAAXPE-WDDATRMLSA-N,CO[P@]1(=O)OC[C@@H]2COC(=O)C2=C(C)O1,HNDCEIZRFNIZKS-BYPYZUCNSA-N,train
2320,4562,PLIFLXOUJPNJNC-UHFFFAOYSA-N,CCNCc1cccc2[nH]c3cc(Cl)ccc3c12,UJOBWOGCFQCDNV-UHFFFAOYSA-N,test
2321,4564,YVAXITGHSDJYIT-XYOKQWHBSA-N,CCN(Cc1cccc2[nH]c3cc(Cl)ccc3c12)C(=O)/C=C/c1ccc(O)c(OC)c1,NPBDDRBKWFIKJB-BUHFOSPRSA-N,test
2322,4572,VXLRZAXUUZPXJL-UHFFFAOYSA-N,O=C(NCCCCCCCNc1c2c(nc3ccccc13)CCCCC2)c1cc2ccccc2o1,VXLRZAXUUZPXJL-UHFFFAOYSA-N,train
2323,4573,QDAPDSXKSIWXRU-UHFFFAOYSA-N,COc1cccc2cc(C(=O)NCCCCCCCNc3c4c(nc5ccccc35)CCC4)oc12,ALUMRCODWIMCFJ-UHFFFAOYSA-N,train
2324,4574,DVCKLXBGJWQNDS-UHFFFAOYSA-N,COc1cccc2cc(C(=O)NCCCCCCCNc3c4c(nc5ccccc35)CCCC4)oc12,MXWGOVLVJYDLRV-UHFFFAOYSA-N,train
2325,4575,PDDLTJWNLVDOPM-UHFFFAOYSA-N,COc1cccc2cc(C(=O)NCCCCCCCNc3c4c(nc5ccccc35)CCCCC4)oc12,VXLRZAXUUZPXJL-UHFFFAOYSA-N,train
2326,4576,BFCQNBAYDZOIHV-UHFFFAOYSA-N,c1ccc2oc(CNCCCCCCNc3c4c(nc5ccccc35)CCC4)cc2c1,BFCQNBAYDZOIHV-UHFFFAOYSA-N,train
2327,4577,PSNSGINHHWVVMS-UHFFFAOYSA-N,COc1cccc2cc(CNCCCCCCNc3c4c(nc5ccccc35)CCC4)oc12,BFCQNBAYDZOIHV-UHFFFAOYSA-N,train
2328,4578,CADLESQJTZFGIT-UHFFFAOYSA-N,COc1cccc2cc(CNCCCCCCNc3c4c(nc5ccccc35)CCCC4)oc12,JUVYNJSGHLUFJL-UHFFFAOYSA-N,train
2329,4579,CPIMBZDXMLRJFA-UHFFFAOYSA-N,c1ccc2oc(CNCCCCCCCNc3c4c(nc5ccccc35)CCC4)cc2c1,CPIMBZDXMLRJFA-UHFFFAOYSA-N,train
2330,4580,LJASCSHXLYLOCF-UHFFFAOYSA-N,c1ccc2oc(CNCCCCCCCNc3c4c(nc5ccccc35)CCCC4)cc2c1,LJASCSHXLYLOCF-UHFFFAOYSA-N,test
2331,4581,VHCQVFSYGHOPKW-UHFFFAOYSA-N,COc1cccc2cc(CNCCCCCCCNc3c4c(nc5ccccc35)CCCCC4)oc12,NXDGHZOUZSRCDO-UHFFFAOYSA-N,test
2332,4582,BWWUAZJYGRIHDC-UHFFFAOYSA-N,c1ccc2oc(CN(CCCCCCNc3c4c(nc5ccccc35)CCC4)Cc3cc4ccccc4o3)cc2c1,BWWUAZJYGRIHDC-UHFFFAOYSA-N,train
2333,4583,TYNDGSBNGKLNDC-UHFFFAOYSA-N,COc1cccc2cc(CN(CCCCCCNc3c4c(nc5ccccc35)CCC4)Cc3cc4cccc(OC)c4o3)oc12,BWWUAZJYGRIHDC-UHFFFAOYSA-N,train
2334,4584,QSCSHQVZPPAOCR-UHFFFAOYSA-N,COc1cccc2cc(CN(CCCCCCNc3c4c(nc5ccccc35)CCCC4)Cc3cc4cccc(OC)c4o3)oc12,QAFJHMFNIIXQFU-UHFFFAOYSA-N,test
2335,4585,LIIAZSOASJOPIC-UHFFFAOYSA-N,COc1cccc2cc(CN(CCCCCCNc3c4c(nc5ccccc35)CCCCC4)Cc3cc4cccc(OC)c4o3)oc12,VLSZPAALSJTEMI-UHFFFAOYSA-N,test
2336,4586,MJILJJIYWSPFOM-UHFFFAOYSA-N,c1ccc2oc(CN(CCCCCCCNc3c4c(nc5ccccc35)CCC4)Cc3cc4ccccc4o3)cc2c1,MJILJJIYWSPFOM-UHFFFAOYSA-N,test
2337,4587,TWJOHEVVRIJHJT-UHFFFAOYSA-N,c1ccc2oc(CN(CCCCCCCNc3c4c(nc5ccccc35)CCCC4)Cc3cc4ccccc4o3)cc2c1,TWJOHEVVRIJHJT-UHFFFAOYSA-N,test
2338,4588,OSNBHPQSXCZVRH-UHFFFAOYSA-N,c1ccc2oc(CN(CCCCCCCNc3c4c(nc5ccccc35)CCCCC4)Cc3cc4ccccc4o3)cc2c1,OSNBHPQSXCZVRH-UHFFFAOYSA-N,train
2339,4589,WAYXSSGTGMIORU-UHFFFAOYSA-N,COc1cccc2cc(CN(CCCCCCCNc3c4c(nc5ccccc35)CCCCC4)Cc3cc4cccc(OC)c4o3)oc12,OSNBHPQSXCZVRH-UHFFFAOYSA-N,train
2340,4592,MXWGOVLVJYDLRV-UHFFFAOYSA-N,O=C(NCCCCCCCNc1c2c(nc3ccccc13)CCCC2)c1cc2ccccc2o1,MXWGOVLVJYDLRV-UHFFFAOYSA-N,train
2341,4593,ALUMRCODWIMCFJ-UHFFFAOYSA-N,O=C(NCCCCCCCNc1c2c(nc3ccccc13)CCC2)c1cc2ccccc2o1,ALUMRCODWIMCFJ-UHFFFAOYSA-N,train
2342,4594,CSYZWGXEWCKTGL-UHFFFAOYSA-N,COc1cccc2cc(C(=O)NCCCCCCNc3c4c(nc5ccccc35)CCCCC4)oc12,OPDNPGNAIOMGJW-UHFFFAOYSA-N,train
2343,4595,WWRDYDFXVYAZAG-UHFFFAOYSA-N,COc1cccc2cc(C(=O)NCCCCCCNc3c4c(nc5ccccc35)CCCC4)oc12,WDVUURYAZSPAGT-UHFFFAOYSA-N,train
2344,4596,HDTGPJNBSTWCLU-UHFFFAOYSA-N,COc1cccc2cc(C(=O)NCCCCCCNc3c4c(nc5ccccc35)CCC4)oc12,YXINUXBSKDTHDM-UHFFFAOYSA-N,train
2345,4597,OPDNPGNAIOMGJW-UHFFFAOYSA-N,O=C(NCCCCCCNc1c2c(nc3ccccc13)CCCCC2)c1cc2ccccc2o1,OPDNPGNAIOMGJW-UHFFFAOYSA-N,train
2346,4598,WDVUURYAZSPAGT-UHFFFAOYSA-N,O=C(NCCCCCCNc1c2c(nc3ccccc13)CCCC2)c1cc2ccccc2o1,WDVUURYAZSPAGT-UHFFFAOYSA-N,train
2347,4599,YXINUXBSKDTHDM-UHFFFAOYSA-N,O=C(NCCCCCCNc1c2c(nc3ccccc13)CCC2)c1cc2ccccc2o1,YXINUXBSKDTHDM-UHFFFAOYSA-N,train
2348,4600,CPIHZFXHCABWRY-UHFFFAOYSA-N,CCN(CCCCCCCCc1cccc(OC)c1)Cc1ccccc1OC,HKMGZCKGWBFZKW-UHFFFAOYSA-N,train
2349,4602,FNFRCUZUVSMULW-ADBHHMNFSA-N,CC(C)=CC[C@H]1C[C@@]2(CC=C(C)C)C(=O)O[C@@](CC=C(C)C)(C(=O)[C@@H](C(=O)C(C)C)[C@]1(C)C/C=C/C(C)(C)O)C2=O,KGHILXVWRKUVGB-UHFFFAOYSA-N,train
2350,4603,LBVPJWYDLJNRSM-MVLLCHJPSA-N,CCC(C)C(=O)[C@@H]1C(=O)[C@]2(CC=C(C)C)OC(=O)[C@](CC=C(C)C)(C[C@H](CC=C(C)C)[C@@]1(C)C/C=C/C(C)(C)O)C2=O,KGHILXVWRKUVGB-UHFFFAOYSA-N,train
2351,4607,PVKXLBKYESHPJV-UHFFFAOYSA-N,N#CC1=C(N)N2CCNC2=C([N+](=O)[O-])C12C(=O)c1cccc3cccc2c13,OOUOFOSBPSCTLF-UHFFFAOYSA-N,train
2352,4608,DBPONSACNGZLMB-UHFFFAOYSA-N,N#CC1=C(N)N2CCCNC2=C([N+](=O)[O-])C12C(=O)c1cccc3cccc2c13,KJMYCLYQDKTXBQ-UHFFFAOYSA-N,train
2353,4609,VMNAQCLDUQQPOY-UHFFFAOYSA-N,CC1(C)CNC2=C([N+](=O)[O-])C3(C(=O)c4cccc5cccc3c45)C(C#N)=C(N)N2C1,KJMYCLYQDKTXBQ-UHFFFAOYSA-N,train
2354,4610,JWBKBWHGJDRYAQ-UHFFFAOYSA-N,N#CC1=C(N)N(Cc2ccccc2)C(NCc2ccccc2)=C([N+](=O)[O-])C12C(=O)c1cccc3cccc2c13,FBXOOPKVYFVFRA-UHFFFAOYSA-N,train
2355,4611,AFZXKZSXWLRMLE-UHFFFAOYSA-N,N#CC1=C(N)N2CCNC2=C([N+](=O)[O-])C12C(=O)c1ccc(Br)c3c(Br)ccc2c13,OOUOFOSBPSCTLF-UHFFFAOYSA-N,train
2356,4612,VGPBJNURLOIXIG-UHFFFAOYSA-N,N#CC1=C(N)N2CCCNC2=C([N+](=O)[O-])C12C(=O)c1ccc(Br)c3c(Br)ccc2c13,KJMYCLYQDKTXBQ-UHFFFAOYSA-N,train
2357,4613,ZLLIOYYADYZYFM-UHFFFAOYSA-N,CC1(C)CNC2=C([N+](=O)[O-])C3(C(=O)c4ccc(Br)c5c(Br)ccc3c45)C(C#N)=C(N)N2C1,KJMYCLYQDKTXBQ-UHFFFAOYSA-N,train
2358,4614,YFAGHBJUUNOWSW-UHFFFAOYSA-N,N#CC1=C(N)N(Cc2ccccc2)C(NCc2ccccc2)=C([N+](=O)[O-])C12C(=O)c1ccc(Br)c3c(Br)ccc2c13,FBXOOPKVYFVFRA-UHFFFAOYSA-N,train
2359,4615,SVQKKFWLVKQSLW-UHFFFAOYSA-N,N#CC1=C(N)N(Cc2ccccc2)C(NCc2ccccc2)=C([N+](=O)[O-])C12C(=O)Nc1ccc(F)cc12,MFQWVVQBTKFUPW-UHFFFAOYSA-N,train
2360,4616,OZQJWYBNHZBRBX-UHFFFAOYSA-N,CC1(C)CNC2=C([N+](=O)[O-])C3(C(=O)Nc4ccc(F)cc43)C(C#N)=C(N)N2C1,PUAHQWDZHVYAGN-UHFFFAOYSA-N,train
2361,4617,WZWFOPHCKXYHRB-UHFFFAOYSA-N,N#CC1=C(N)N2CCCNC2=C([N+](=O)[O-])C12C(=O)Nc1ccc(F)cc12,PUAHQWDZHVYAGN-UHFFFAOYSA-N,train
2362,4618,MGUINACFKDKBAG-UHFFFAOYSA-N,N#CC1=C(N)N2CCNC2=C([N+](=O)[O-])C12C(=O)Nc1ccc(F)cc12,GYYXDEWHRCMDIO-UHFFFAOYSA-N,train
2363,4619,SNTKDGFVGSABKO-UHFFFAOYSA-N,N#CC1=C(N)N(Cc2ccccc2)C(NCc2ccccc2)=C([N+](=O)[O-])C12C(=O)Nc1ccc([N+](=O)[O-])cc12,MFQWVVQBTKFUPW-UHFFFAOYSA-N,train
2364,4620,IRGOUNOQCFYPKQ-UHFFFAOYSA-N,CC1(C)CNC2=C([N+](=O)[O-])C3(C(=O)Nc4ccc([N+](=O)[O-])cc43)C(C#N)=C(N)N2C1,PUAHQWDZHVYAGN-UHFFFAOYSA-N,train
2365,4621,GINLDVRWRYODAL-UHFFFAOYSA-N,N#CC1=C(N)N2CCCNC2=C([N+](=O)[O-])C12C(=O)Nc1ccc([N+](=O)[O-])cc12,PUAHQWDZHVYAGN-UHFFFAOYSA-N,train
2366,4622,FUKKZBFSDYCCEM-UHFFFAOYSA-N,N#CC1=C(N)N2CCNC2=C([N+](=O)[O-])C12C(=O)Nc1ccc([N+](=O)[O-])cc12,GYYXDEWHRCMDIO-UHFFFAOYSA-N,train
2367,4623,MEWMDKQOKDBFDU-UHFFFAOYSA-N,Cc1ccc2c(c1)C1(C(=O)N2)C(C#N)=C(N)N(Cc2ccccc2)C(NCc2ccccc2)=C1[N+](=O)[O-],MFQWVVQBTKFUPW-UHFFFAOYSA-N,train
2368,4624,DJOQLHNWCQJWEC-UHFFFAOYSA-N,Cc1ccc2c(c1)C1(C(=O)N2)C(C#N)=C(N)N2CC(C)(C)CNC2=C1[N+](=O)[O-],PUAHQWDZHVYAGN-UHFFFAOYSA-N,train
2369,4625,HFMWEPXRFXLNCU-UHFFFAOYSA-N,Cc1ccc2c(c1)C1(C(=O)N2)C(C#N)=C(N)N2CCCNC2=C1[N+](=O)[O-],PUAHQWDZHVYAGN-UHFFFAOYSA-N,train
2370,4626,DFSIBEALBHGSCF-UHFFFAOYSA-N,Cc1ccc2c(c1)C1(C(=O)N2)C(C#N)=C(N)N2CCNC2=C1[N+](=O)[O-],GYYXDEWHRCMDIO-UHFFFAOYSA-N,train
2371,4627,COVMUJMQUZUNFY-UHFFFAOYSA-N,N#CC1=C(N)N(Cc2ccccc2)C(NCc2ccccc2)=C([N+](=O)[O-])C12C(=O)Nc1ccccc12,MFQWVVQBTKFUPW-UHFFFAOYSA-N,train
2372,4628,JSFGIPDLRQSECN-UHFFFAOYSA-N,CC1(C)CNC2=C([N+](=O)[O-])C3(C(=O)Nc4ccccc43)C(C#N)=C(N)N2C1,PUAHQWDZHVYAGN-UHFFFAOYSA-N,train
2373,4629,ZWYWKYOHGMFLIL-UHFFFAOYSA-N,N#CC1=C(N)N2CCCNC2=C([N+](=O)[O-])C12C(=O)Nc1ccccc12,PUAHQWDZHVYAGN-UHFFFAOYSA-N,train
2374,4630,QZCSMOSTPUEJNZ-UHFFFAOYSA-N,N#CC1=C(N)N2CCNC2=C([N+](=O)[O-])C12C(=O)Nc1ccccc12,GYYXDEWHRCMDIO-UHFFFAOYSA-N,train
2375,4631,GJRMHIXYLGOZSE-HJOYEKEDSA-N,COc1ccc2c3c1O[C@H]1CC(O)CC[C@@]31CCN(C)C2,ZKLLFJOEYVRHQY-ZFWWWQNUSA-N,test
2376,4632,XATVGNRTOUJFHU-UHFFFAOYSA-N,O=c1cc(Cl)c2ccc(OCCNC3CCN(Cc4ccccc4)CC3)cc2o1,BOXHJLTYYUXRSS-UHFFFAOYSA-N,train
2377,4633,IPJZSNUPIXZHAU-UHFFFAOYSA-N,Cc1c(C)c2ccc(OCCNC3CCN(Cc4ccccc4)CC3)cc2oc1=O,BOXHJLTYYUXRSS-UHFFFAOYSA-N,train
2378,4634,UUZIPHVUUZOBHC-UHFFFAOYSA-N,Cc1c(Cl)c(=O)oc2cc(OCCNC3CCN(Cc4ccccc4)CC3)ccc12,BOXHJLTYYUXRSS-UHFFFAOYSA-N,train
2379,4635,QZRBOLHGJBENEV-UHFFFAOYSA-N,O=c1oc2cc(OCCNC3CCN(Cc4ccccc4)CC3)ccc2c2c1CCCC2,QZRBOLHGJBENEV-UHFFFAOYSA-N,test
2380,4636,HZEOKPNLIUABIQ-UHFFFAOYSA-N,Cc1cc(=O)oc2cc(CNCCC3CCN(Cc4ccccc4)CC3)ccc12,OQGIBSRLSMLBRM-UHFFFAOYSA-N,test
2381,4638,DYEFUKCXAQOFHX-UHFFFAOYSA-N,O=c1c2ccccc2[se]n1-c1ccccc1,DYEFUKCXAQOFHX-UHFFFAOYSA-N,train
2382,4642,GDNYKZBBMBYGFY-UHFFFAOYSA-N,COc1ccc(C(=O)N2c3ccccc3[Se]c3ccc(Cl)cc32)cc1OC,VEFIYLBMXGJEDC-UHFFFAOYSA-N,train
2383,4643,VCIWBDDYIOWPAI-UHFFFAOYSA-N,COc1cccc(C(=O)N2c3ccccc3[Se]c3ccc(Cl)cc32)c1,VEFIYLBMXGJEDC-UHFFFAOYSA-N,train
2384,4644,XHNYLCDQTSDLAN-UHFFFAOYSA-N,COc1ccc(C(=O)N2c3ccccc3[Se]c3ccc(Cl)cc32)cc1,VEFIYLBMXGJEDC-UHFFFAOYSA-N,train
2385,4645,CJAJJMPCCMJBPF-UHFFFAOYSA-N,O=C(CCc1ccccc1)N1c2ccccc2[Se]c2ccc(Cl)cc21,ZZYXEZHDTZEGCL-UHFFFAOYSA-N,train
2386,4646,VMHLPSJKQKSYDH-UHFFFAOYSA-N,O=C(Cc1ccccc1)N1c2ccccc2[Se]c2ccc(Cl)cc21,WJTDBRSQCOOMQI-UHFFFAOYSA-N,train
2387,4647,OPCLKGNUDFLWKI-UHFFFAOYSA-N,O=C(c1ccccc1)N1c2ccccc2[Se]c2ccc(Cl)cc21,VEFIYLBMXGJEDC-UHFFFAOYSA-N,train
2388,4648,RYEDDRYHYDLXMW-UHFFFAOYSA-N,Clc1ccc2c(c1)Nc1ccccc1[Se]2,ILFYOWGJBKEMSK-UHFFFAOYSA-N,train
2389,4649,YEHFSSWVVCTEIL-UHFFFAOYSA-N,COc1ccc(C(=O)N2c3ccccc3[Se]c3ccccc32)cc1OC,VEFIYLBMXGJEDC-UHFFFAOYSA-N,train
2390,4650,IPZGCQPSTXGNCD-UHFFFAOYSA-N,COc1cccc(C(=O)N2c3ccccc3[Se]c3ccccc32)c1,VEFIYLBMXGJEDC-UHFFFAOYSA-N,train
2391,4651,IWDIEKVSHZWZHN-UHFFFAOYSA-N,COc1ccc(C(=O)N2c3ccccc3[Se]c3ccccc32)cc1,VEFIYLBMXGJEDC-UHFFFAOYSA-N,train
2392,4652,ZZYXEZHDTZEGCL-UHFFFAOYSA-N,O=C(CCc1ccccc1)N1c2ccccc2[Se]c2ccccc21,ZZYXEZHDTZEGCL-UHFFFAOYSA-N,train
2393,4653,WJTDBRSQCOOMQI-UHFFFAOYSA-N,O=C(Cc1ccccc1)N1c2ccccc2[Se]c2ccccc21,WJTDBRSQCOOMQI-UHFFFAOYSA-N,train
2394,4654,VEFIYLBMXGJEDC-UHFFFAOYSA-N,O=C(c1ccccc1)N1c2ccccc2[Se]c2ccccc21,VEFIYLBMXGJEDC-UHFFFAOYSA-N,train
2395,4655,ILFYOWGJBKEMSK-UHFFFAOYSA-N,c1ccc2c(c1)Nc1ccccc1[Se]2,ILFYOWGJBKEMSK-UHFFFAOYSA-N,train
2396,4656,SBUYGLZLKPSUAZ-UHFFFAOYSA-N,COc1ccc(C(=O)N2c3ccccc3Sc3ccc(Cl)cc32)cc1OC,RVBAUHGQSLEOSR-UHFFFAOYSA-N,train
2397,4657,AQAZJOFHIHBSHN-UHFFFAOYSA-N,COc1cccc(C(=O)N2c3ccccc3Sc3ccc(Cl)cc32)c1,RVBAUHGQSLEOSR-UHFFFAOYSA-N,train
2398,4658,CSWHYHPUEDNIQY-UHFFFAOYSA-N,COc1ccc(C(=O)N2c3ccccc3Sc3ccc(Cl)cc32)cc1,RVBAUHGQSLEOSR-UHFFFAOYSA-N,train
2399,4659,SSOOALFUMBNHRK-UHFFFAOYSA-N,O=C(CCc1ccccc1)N1c2ccccc2Sc2ccc(Cl)cc21,UFAZLVHMPFPAHH-UHFFFAOYSA-N,train
2400,4660,PYCZOGYSNHGOEX-UHFFFAOYSA-N,O=C(Cc1ccccc1)N1c2ccccc2Sc2ccc(Cl)cc21,ODRJXAKDUXFICI-UHFFFAOYSA-N,train
2401,4661,GEWSWDQRMYUYDV-UHFFFAOYSA-N,O=C(c1ccccc1)N1c2ccccc2Sc2ccc(Cl)cc21,RVBAUHGQSLEOSR-UHFFFAOYSA-N,train
2402,4662,KFZGLJSYQXZIGP-UHFFFAOYSA-N,Clc1ccc2c(c1)Nc1ccccc1S2,WJFKNYWRSNBZNX-UHFFFAOYSA-N,train
2403,4663,UYHKPWBWEXXTRW-UHFFFAOYSA-N,COc1ccc(C(=O)N2c3ccccc3Sc3ccccc32)cc1OC,RVBAUHGQSLEOSR-UHFFFAOYSA-N,train
2404,4664,FBPIHVVAHJTNMC-UHFFFAOYSA-N,COc1cccc(C(=O)N2c3ccccc3Sc3ccccc32)c1,RVBAUHGQSLEOSR-UHFFFAOYSA-N,train
2405,4665,IZSLOMAFSBIAQQ-UHFFFAOYSA-N,COc1ccc(C(=O)N2c3ccccc3Sc3ccccc32)cc1,RVBAUHGQSLEOSR-UHFFFAOYSA-N,train
2406,4666,UFAZLVHMPFPAHH-UHFFFAOYSA-N,O=C(CCc1ccccc1)N1c2ccccc2Sc2ccccc21,UFAZLVHMPFPAHH-UHFFFAOYSA-N,train
2407,4667,ODRJXAKDUXFICI-UHFFFAOYSA-N,O=C(Cc1ccccc1)N1c2ccccc2Sc2ccccc21,ODRJXAKDUXFICI-UHFFFAOYSA-N,train
2408,4668,RVBAUHGQSLEOSR-UHFFFAOYSA-N,O=C(c1ccccc1)N1c2ccccc2Sc2ccccc21,RVBAUHGQSLEOSR-UHFFFAOYSA-N,train
2409,4669,WJFKNYWRSNBZNX-UHFFFAOYSA-N,c1ccc2c(c1)Nc1ccccc1S2,WJFKNYWRSNBZNX-UHFFFAOYSA-N,train
2410,4670,BLMNXXGEDNNOQP-UHFFFAOYSA-N,C[N+](C)(C)CCOC(=O)c1ccc(Oc2nc(Oc3ccc(C(=O)OCC[N+](C)(C)C)cc3)nc(Oc3ccc(C(=O)OCC[N+](C)(C)C)cc3)n2)cc1,IYDYVVVAQKFGBS-UHFFFAOYSA-N,train
2411,4673,OBQDVIVZFXUYBQ-UHFFFAOYSA-N,CCCCCCCNC(=O)Oc1ccc2c(c1)CN(C)C(c1ccc(F)cc1)N2C,ZPOOXQHMBHARAH-UHFFFAOYSA-N,test
2412,4674,BIHHINRPCUFIJM-UHFFFAOYSA-N,CCCCCCCNC(=O)Oc1ccc2c(c1)CN(C)C(c1cc[nH]c1)N2C,IPUMUXGUXSUZNF-UHFFFAOYSA-N,train
2413,4693,JZJRNNWTYHSFGH-NSHDSACASA-N,COc1cccc2c1CC[C@H](NC(=O)N(C)C)C2,CXWXQJXEFPUFDZ-UHFFFAOYSA-N,train
2414,4694,YEUPQAFFNFOQJJ-UHFFFAOYSA-N,COc1ccc2c(c1)CCC(NC(=O)N(C)C)C2,CXWXQJXEFPUFDZ-UHFFFAOYSA-N,train
2415,4695,NTWUGWNPVACDLR-LBPRGKRZSA-N,COc1ccc2c(c1)C[C@@H](NC(=O)N(C)C)CC2,CXWXQJXEFPUFDZ-UHFFFAOYSA-N,train
2416,4696,LUSWQSMTZUPZOA-UHFFFAOYSA-N,COc1cccc2c1CCC(NS(=O)(=O)N(C)C)C2,CXWXQJXEFPUFDZ-UHFFFAOYSA-N,train
2417,4697,FGLFSCKOWSXYQR-UHFFFAOYSA-N,COc1ccc2c(c1)CCC(NS(=O)(=O)N(C)C)C2,CXWXQJXEFPUFDZ-UHFFFAOYSA-N,train
2418,4698,VSKWWYNXPZTTMQ-UHFFFAOYSA-N,COc1ccc2c(c1)CC(NS(=O)(=O)N(C)C)CC2,CXWXQJXEFPUFDZ-UHFFFAOYSA-N,train
2419,4699,JCGJTFBZTOZPAF-JTQLQIEISA-N,CN(C)C(=O)N[C@H]1CCc2c(O)cccc2C1,CXWXQJXEFPUFDZ-UHFFFAOYSA-N,train
2420,4700,XNDCARDVIREOCF-UHFFFAOYSA-N,CN(C)C(=O)NC1CCc2cc(O)ccc2C1,CXWXQJXEFPUFDZ-UHFFFAOYSA-N,train
2421,4701,VUTDSMCTIDTUEP-NSHDSACASA-N,CN(C)C(=O)N[C@H]1CCc2ccc(O)cc2C1,CXWXQJXEFPUFDZ-UHFFFAOYSA-N,train
2422,4702,QSMQIDSXAKBFRV-UHFFFAOYSA-N,CN(C)S(=O)(=O)NC1CCc2c(O)cccc2C1,CXWXQJXEFPUFDZ-UHFFFAOYSA-N,train
2423,4703,ZALMTBIBEGCEJF-NSHDSACASA-N,CN(C)S(=O)(=O)N[C@H]1CCc2cc(O)ccc2C1,CXWXQJXEFPUFDZ-UHFFFAOYSA-N,train
2424,4704,JLIPZZZIHAMHFT-UHFFFAOYSA-N,CN(C)S(=O)(=O)NC1CCc2ccc(O)cc2C1,CXWXQJXEFPUFDZ-UHFFFAOYSA-N,train
2425,4706,AZPLXDBZIQMMMT-UHFFFAOYSA-N,COc1cc2occ(-c3ccc(O)cc3O)c(=O)c2c(O)c1CC=C(C)C,GOMNOOKGLZYEJT-UHFFFAOYSA-N,train
2426,4709,BRSFFGZGURCVGX-UHFFFAOYSA-N,COc1cc2c(cc1OC)C(=O)C(CC1CCN(CC3CCCCC3)CC1)C2,GAGCOTIFWCHLQP-UHFFFAOYSA-N,train
2427,4712,LQKGQMXOOLGDAM-YBFXNURJSA-N,COc1cc2c(cc1O)C(=O)/C(=C/C1CCN(Cc3ccccc3)CC1)C2,WWOATZYESLZUJT-XSFVSMFZSA-N,train
2428,4713,ZEAXIVSYMLISJH-YBFXNURJSA-N,COc1cc2c(cc1O)C/C(=C\C1CCN(Cc3ccccc3)CC1)C2=O,WWOATZYESLZUJT-XSFVSMFZSA-N,train
2429,4714,BXAOZDHJHXGRFU-XDHOZWIPSA-N,O=C1/C(=C/C2CCN(Cc3ccccc3)CC2)Cc2ccc(O)cc21,WWOATZYESLZUJT-XSFVSMFZSA-N,train
2430,4715,RLSKFCOIMMXSLS-CPNJWEJPSA-N,O=C1/C(=C/C2CCN(Cc3ccccc3)CC2)Cc2cccc(O)c21,WWOATZYESLZUJT-XSFVSMFZSA-N,train
2431,4716,PIJDCHBRSITJLS-XDHOZWIPSA-N,O=C1/C(=C/C2CCN(Cc3ccccc3)CC2)Cc2cc(O)ccc21,WWOATZYESLZUJT-XSFVSMFZSA-N,train
2432,4717,LPMOTUSFDTTWJL-UDWIEESQSA-N,COc1cc2c(cc1OC)C(=O)/C(=C/C1CCN(Cc3ccccc3)CC1)C2,WWOATZYESLZUJT-XSFVSMFZSA-N,train
2433,4718,DPIFFAVGHCOCCC-DEDYPNTBSA-N,COc1ccc2c(c1)C(=O)/C(=C/C1CCN(Cc3ccccc3)CC1)C2,WWOATZYESLZUJT-XSFVSMFZSA-N,train
2434,4719,PBMKYXADBLYWBA-XSFVSMFZSA-N,COc1cccc2c1C(=O)/C(=C/C1CCN(Cc3ccccc3)CC1)C2,WWOATZYESLZUJT-XSFVSMFZSA-N,train
2435,4720,CNIWTTNRVIMZIP-DEDYPNTBSA-N,COc1ccc2c(c1)C/C(=C\C1CCN(Cc3ccccc3)CC1)C2=O,WWOATZYESLZUJT-XSFVSMFZSA-N,train
2436,4721,VXQFGUJASGKRMS-VXLYETTFSA-N,O=C1/C(=C/C2CCN(Cc3ccccc3)CC2)Cc2cc3c(cc21)OCO3,VXQFGUJASGKRMS-VXLYETTFSA-N,test
2437,4722,JATSNZSQYDITNU-UDWIEESQSA-N,COc1cccc(CN2CCC(/C=C3\Cc4cc(OC)ccc4C3=O)CC2)c1,WWOATZYESLZUJT-XSFVSMFZSA-N,train
2438,4730,HCOZRFYGIFMIEX-UHFFFAOYSA-N,O=C(CCCCCCCCc1ccc(O)c(O)c1)c1c(O)cccc1O,GWELKBUOZQOQHZ-UHFFFAOYSA-N,train
2439,4731,KOAPDMKKECXPHX-UHFFFAOYSA-N,O=C(CCCCCCCCc1ccc(O)cc1)c1c(O)cccc1O,GWELKBUOZQOQHZ-UHFFFAOYSA-N,train
2440,4732,IAXIHKJASWPASP-UHFFFAOYSA-N,O=C(CCCCCCCCc1ccccc1)c1c(O)cccc1O,GWELKBUOZQOQHZ-UHFFFAOYSA-N,train
2441,4733,XNMKFKNNXSUXRV-UHFFFAOYSA-N,O=C(CCCCCCCCc1ccc(O)cc1)c1c(O)cc(O)cc1O,GWELKBUOZQOQHZ-UHFFFAOYSA-N,train
2442,4734,WINHZLLDWRZWRT-ATVHPVEESA-N,CCN(CC)CCNC(=O)c1c(C)[nH]c(/C=C2\C(=O)Nc3ccc(F)cc32)c1C,SEZFNTZQMWJIAI-FLIBITNWSA-N,test
2443,4735,CUIHSIWYWATEQL-UHFFFAOYSA-N,Cc1ccc(Nc2nccc(N(C)c3ccc4c(C)n(C)nc4c3)n2)cc1S(N)(=O)=O,QTQIQNGYCKREKA-UHFFFAOYSA-N,test
2444,4736,MDBSJGXOQHYGEI-CSKARUKUSA-N,COc1cc(/C=C/C(=O)NCCC2CCN(Cc3ccccc3)CC2)ccc1O,IPNCANNCIDZOHY-VAWYXSNFSA-N,train
2445,4737,ARNJIILWEVFCOO-CSKARUKUSA-N,COc1ccc(/C=C/C(=O)NCCC2CCN(Cc3ccccc3)CC2)cc1O,IPNCANNCIDZOHY-VAWYXSNFSA-N,train
2446,4738,GXZHJSKUOGHRTO-CMDGGOBGSA-N,COc1cc(/C=C/C(=O)NCCC2CCN(Cc3ccccc3)CC2)cc(OC)c1O,IPNCANNCIDZOHY-VAWYXSNFSA-N,train
2447,4739,UHIDUYIMHIAFLH-DHZHZOJOSA-N,O=C(/C=C/c1ccc(O)cc1)NCCC1CCN(Cc2ccccc2)CC1,IPNCANNCIDZOHY-VAWYXSNFSA-N,train
2448,4740,UFQJPMAHMNYIOA-VQHVLOKHSA-N,O=C(/C=C/c1ccc(O)c(O)c1)NCCC1CCN(Cc2ccccc2)CC1,IPNCANNCIDZOHY-VAWYXSNFSA-N,train
2449,4741,YAWVNBSVSGFOGD-ZHACJKMWSA-N,O=C(/C=C/c1ccccc1O)NCCC1CCN(Cc2ccccc2)CC1,IPNCANNCIDZOHY-VAWYXSNFSA-N,train
2450,4742,IPNCANNCIDZOHY-VAWYXSNFSA-N,O=C(/C=C/c1ccccc1)NCCC1CCN(Cc2ccccc2)CC1,IPNCANNCIDZOHY-VAWYXSNFSA-N,train
2451,4743,CEOUELPNODHWPJ-PKNBQFBNSA-N,COc1cc(/C=C/C(=O)NCCC2CCN(Cc3ccccc3)CC2)ccc1OC(C)=O,IPNCANNCIDZOHY-VAWYXSNFSA-N,train
2452,4744,KEKBOEROTGNXGK-PKNBQFBNSA-N,COc1ccc(/C=C/C(=O)NCCC2CCN(Cc3ccccc3)CC2)cc1OC,IPNCANNCIDZOHY-VAWYXSNFSA-N,train
2453,4745,XIIIMLKJDCQWEW-ZHACJKMWSA-N,COc1cccc(/C=C/C(=O)NCCC2CCN(Cc3ccccc3)CC2)c1,IPNCANNCIDZOHY-VAWYXSNFSA-N,train
2454,4746,MJIJFTHVGZWODF-MDZDMXLPSA-N,COc1cc(/C=C/C(=O)NCCC2CCN(Cc3ccccc3)CC2)cc(OC)c1OC,IPNCANNCIDZOHY-VAWYXSNFSA-N,train
2455,4747,PQXRJZJLERADCX-DHZHZOJOSA-N,O=C(/C=C/c1ccc(F)cc1)NCCC1CCN(Cc2ccccc2)CC1,IPNCANNCIDZOHY-VAWYXSNFSA-N,train
2456,4748,YFJBXYWLXWUNPK-DHZHZOJOSA-N,O=C(/C=C/c1ccc(Cl)cc1)NCCC1CCN(Cc2ccccc2)CC1,IPNCANNCIDZOHY-VAWYXSNFSA-N,train
2457,4749,IVQHLHDDUYVRFY-DHZHZOJOSA-N,O=C(/C=C/c1ccc([N+](=O)[O-])cc1)NCCC1CCN(Cc2ccccc2)CC1,IPNCANNCIDZOHY-VAWYXSNFSA-N,train
2458,4750,PRZIVMZUOGFQQX-UHFFFAOYSA-N,COc1cc(CCC(=O)NCCC2CCN(Cc3ccccc3)CC2)ccc1O,XMRUHTURRZHFIZ-UHFFFAOYSA-N,train
2459,4752,PDZMHDSORBHDFP-UHFFFAOYSA-N,O=C(CC1CCN(Cc2ccccc2)CC1)NCCc1c[nH]c2ccccc12,PDZMHDSORBHDFP-UHFFFAOYSA-N,train
2460,4753,LZDWBBQKRMLWKK-UHFFFAOYSA-N,Cc1ccccc1CN1CCC(CC(=O)NCCc2c[nH]c3ccccc23)CC1,PDZMHDSORBHDFP-UHFFFAOYSA-N,train
2461,4754,YIQUNQOTSWAGGT-UHFFFAOYSA-N,COc1ccc2[nH]cc(CCNC(=O)CC3CCN(Cc4ccccc4C)CC3)c2c1,PDZMHDSORBHDFP-UHFFFAOYSA-N,train
2462,4755,QZHMJQWRHNORFP-UHFFFAOYSA-N,Cc1cccc(CN2CCC(CC(=O)NCCc3c[nH]c4ccccc34)CC2)c1,PDZMHDSORBHDFP-UHFFFAOYSA-N,train
2463,4757,AIGIECZGNBILAQ-UHFFFAOYSA-N,Cc1ccc(CN2CCC(CC(=O)NCCc3c[nH]c4ccccc34)CC2)cc1,PDZMHDSORBHDFP-UHFFFAOYSA-N,train
2464,4758,CAKSHRZUNPHCQP-UHFFFAOYSA-N,COc1ccc2[nH]cc(CCNC(=O)CC3CCN(Cc4ccc(C)cc4)CC3)c2c1,PDZMHDSORBHDFP-UHFFFAOYSA-N,train
2465,4759,QTSKGKRAUSQIQD-UHFFFAOYSA-N,O=C(NCCc1c[nH]c2ccccc12)C1CCN(Cc2ccccc2)CC1,QTSKGKRAUSQIQD-UHFFFAOYSA-N,train
2466,4761,VQNHLBHTNLUGAW-UHFFFAOYSA-N,Cc1ccccc1CN1CCC(C(=O)NCCc2c[nH]c3ccccc23)CC1,QTSKGKRAUSQIQD-UHFFFAOYSA-N,train
2467,4762,VITNUIFTUFCBDI-UHFFFAOYSA-N,COc1ccc2[nH]cc(CCNC(=O)C3CCN(Cc4ccccc4C)CC3)c2c1,QTSKGKRAUSQIQD-UHFFFAOYSA-N,train
2468,4763,PBCGIIRIOLOMJH-UHFFFAOYSA-N,O=C(CCc1c[nH]c2ccccc12)NC1CCN(Cc2ccccc2)CC1,PBCGIIRIOLOMJH-UHFFFAOYSA-N,test
2469,4764,WXTKBXGKRLFVQP-UHFFFAOYSA-N,O=C(CCc1c[nH]c2ccccc12)NCCC1CCN(Cc2ccccc2)CC1,WXTKBXGKRLFVQP-UHFFFAOYSA-N,test
2470,4767,RIRAXUJPOGFDFJ-UHFFFAOYSA-N,Cc1cc(=O)oc2cc(OCCCN(C)Cc3cccc(OC(=O)NCCCCCc4ccccc4)c3)ccc12,OLGSQAZZHZPLGV-UHFFFAOYSA-N,train
2471,4768,SORZLAJXYYGEIQ-UHFFFAOYSA-N,CN(CCCOc1ccc2c3c(c(=O)oc2c1)CCCC3)Cc1cccc(OC(=O)NCCCCCc2ccccc2)c1,VBBFHHDEKPDHJO-UHFFFAOYSA-N,test
2472,4769,FFAOXMVJVQDCQO-UHFFFAOYSA-N,CN(CCCOc1ccc2c(c1)oc(=O)c1ccccc12)Cc1cccc(OC(=O)NCCCCCc2ccccc2)c1,OCKJLJDYHVBYBY-UHFFFAOYSA-N,test
2473,4770,AIQDEPYUQBAQFT-UHFFFAOYSA-N,CN(CCCOc1ccc2cc(-c3ccccc3)c(=O)oc2c1)Cc1cccc(OC(=O)NCCCCCc2ccccc2)c1,KUXIMKCRVUNBIL-UHFFFAOYSA-N,train
2474,4771,VVVHTKDUIOCALE-UHFFFAOYSA-N,COc1ccc(-c2cc3ccc(OCCCN(C)Cc4cccc(OC(=O)NCCCCCc5ccccc5)c4)cc3oc2=O)cc1,KUXIMKCRVUNBIL-UHFFFAOYSA-N,train
2475,4773,KPKDJUQXQCVKAW-UHFFFAOYSA-N,CCCCCCCCCC(C)C1OCc2c[n+](C)c(C)c(OC(=O)N(C)C)c2CO1,TVAPPUQQGZUSQJ-UHFFFAOYSA-O,train
2476,4774,MUOAMAUOYSSLJG-UHFFFAOYSA-N,CCCCCCCCC1OCc2c[n+](C)c(C)c(OC(=O)N(C)C)c2CO1,TVAPPUQQGZUSQJ-UHFFFAOYSA-O,train
2477,4775,KEOQUADZGRDLDB-UHFFFAOYSA-N,CCCCCCCC1OCc2c[n+](C)c(C)c(OC(=O)N(C)C)c2CO1,TVAPPUQQGZUSQJ-UHFFFAOYSA-O,train
2478,4783,AKOGQQINMRSZAR-UHFFFAOYSA-N,COc1ccc(-c2cc3cc(OCCCN(C)Cc4cccc(OC(=O)NCCCCCc5ccccc5)c4)ccc3oc2=O)cc1,JWVJYWXTWZLTIK-UHFFFAOYSA-N,train
2479,4784,XLSDMIVWGMAJHD-UHFFFAOYSA-N,CN(CCCOc1ccc2cc(-c3ccc(Cl)cc3)c(=O)oc2c1)Cc1cccc(OC(=O)NCCCCCc2ccccc2)c1,KUXIMKCRVUNBIL-UHFFFAOYSA-N,train
2480,4785,FTRXEEOTFGUKHN-UHFFFAOYSA-N,CCCCCCCNC(=O)Oc1cccc(CN(C)CCCOc2ccc3ccc(=O)oc3c2)c1,WHYIEUPXCLAOTN-UHFFFAOYSA-N,train
2481,4786,HAZCMESEHYLZER-UHFFFAOYSA-N,CCCCCCCNC(=O)Oc1cccc(CN(C)CCCOc2ccc3c4c(c(=O)oc3c2)CCCC4)c1,GNOKFBCUBTWYGU-UHFFFAOYSA-N,train
2482,4788,CQTFNVLDNHGYMC-UHFFFAOYSA-N,CN(CCCOc1ccc2ccc(=O)oc2c1)Cc1cccc(OC(=O)NCCCCCCc2ccccc2)c1,DNMRPYYNCOVHIX-UHFFFAOYSA-N,train
2483,4789,QUCBXGWIZAVJDM-UHFFFAOYSA-N,CN(CCCCCOc1ccc2ccc(=O)oc2c1)Cc1cccc(OC(=O)NCCCCCc2ccccc2)c1,NEQVUFMZTSBHOS-UHFFFAOYSA-N,test
2484,4790,YUVUWSUDMVTYOB-UHFFFAOYSA-N,CCCCCCCNC(=O)Oc1cccc(CN(C)CCCCCOc2ccc3ccc(=O)oc3c2)c1,MWPIBDBZFHELKC-UHFFFAOYSA-N,train
2485,4791,XFLYZTYNYBFURZ-UHFFFAOYSA-N,CCCCCCCNC(=O)Oc1cccc(CN(C)CCCCCOc2ccc3c4c(c(=O)oc3c2)CCCC4)c1,XMCWOSWMDRNMEV-UHFFFAOYSA-N,test
2486,4792,XYGHSWJYJDPEQM-UHFFFAOYSA-N,CCCCCCCNC(=O)Oc1cccc(CN(C)CCCCCOc2ccc3c(c2)Oc2ncccc2C3)c1,NBOUWUJDTZZUSY-UHFFFAOYSA-N,test
2487,4793,MBQLAHYLZRKMBE-UHFFFAOYSA-N,O=C(NCCCCCc1ccccc1)Oc1ccc(Cn2cc(COc3ccc4ccc(=O)oc4c3)nn2)cc1,MBQLAHYLZRKMBE-UHFFFAOYSA-N,test
2488,4794,JOSKSNIVZAEQFU-UHFFFAOYSA-N,O=C(NCCCCCc1ccccc1)Oc1cccc(Cn2cc(COc3ccc4ccc(=O)oc4c3)nn2)c1,JOSKSNIVZAEQFU-UHFFFAOYSA-N,train
2489,4795,WRJZOFVBFRGKHL-UHFFFAOYSA-N,CCCCCCCNC(=O)Oc1ccc(Cn2cc(COc3ccc4ccc(=O)oc4c3)nn2)cc1,DTIWQBJDQQTGMN-UHFFFAOYSA-N,train
2490,4796,GCQIEQKAWZGVLF-UHFFFAOYSA-N,CCCCCCCNC(=O)Oc1cccc(Cn2cc(COc3ccc4ccc(=O)oc4c3)nn2)c1,DTIWQBJDQQTGMN-UHFFFAOYSA-N,train
2491,4798,QXCYDBYFEDOWQZ-UHFFFAOYSA-N,O=C(NCCCCCc1ccccc1)Oc1cccc(-n2cc(COc3ccc4ccc(=O)oc4c3)nn2)c1,QXCYDBYFEDOWQZ-UHFFFAOYSA-N,test
2492,4800,PPZMDFRSOSZTFY-UHFFFAOYSA-N,CCCCCCCNC(=O)Oc1cccc(-n2cc(COc3ccc4ccc(=O)oc4c3)nn2)c1,LZILEQYIQFONPP-UHFFFAOYSA-N,test
2493,4801,NHQAJSNDGMKMKP-UHFFFAOYSA-N,CCCCCCc1ccc(NC(=O)Oc2cccc(CN(C)CCCOc3ccc4ccc(=O)oc4c3)c2)cc1,IDTSETIJMAVCIZ-UHFFFAOYSA-N,train
2494,4810,TXZOQRXGVMDJCJ-NTCAYCPXSA-N,CN(Cc1ccccc1)Cc1ccc(NC(=O)/C=C/c2cccc(O)c2)cc1,PISPVZFCFKIAFO-DTQAZKPQSA-N,train
2495,4811,DBXKIEJEFALTHY-SFQUDFHCSA-N,COc1ccc(/C=C/C(=O)Nc2ccc(CN(C)Cc3ccccc3)cc2)cc1,PISPVZFCFKIAFO-DTQAZKPQSA-N,train
2496,4812,YJCCUEYVQUDUMO-DTQAZKPQSA-N,COc1cccc(/C=C/C(=O)Nc2ccc(CN(C)Cc3ccccc3)cc2)c1,PISPVZFCFKIAFO-DTQAZKPQSA-N,train
2497,4813,OSLSNUMCXBJEGP-WYMLVPIESA-N,COc1cc(/C=C/C(=O)Nc2cccc(CN(C)Cc3ccccc3)c2)ccc1O,MFPAWVHAZSTHJT-CCEZHUSRSA-N,test
2498,4814,SBRJGGDKKJIEFJ-FOWTUZBSSA-N,COc1ccc(/C=C/C(=O)Nc2ccc(CN(C)Cc3ccccc3)cc2)cc1OC,PISPVZFCFKIAFO-DTQAZKPQSA-N,train
2499,4815,BVGVBFYFLUSQMK-FOWTUZBSSA-N,COc1ccc(/C=C/C(=O)Nc2ccc(CN(C)Cc3ccccc3)cc2)c(OC)c1,PISPVZFCFKIAFO-DTQAZKPQSA-N,train
2500,4817,LJBLUDUXRGXMFJ-VQHVLOKHSA-N,O=C(/C=C/c1ccc(O)cc1O)NCCC1CCN(Cc2ccccc2)CC1,IPNCANNCIDZOHY-VAWYXSNFSA-N,train
2501,4819,NHFVKPVESFSIPR-MDZDMXLPSA-N,O=C(/C=C/c1cccc(O)c1)NCCC1CCN(Cc2ccccc2)CC1,IPNCANNCIDZOHY-VAWYXSNFSA-N,train
2502,4821,AHWHBOQIIOPNCM-PKNBQFBNSA-N,COc1ccc(/C=C/C(=O)NCCC2CCN(Cc3ccccc3)CC2)c(OC)c1,IPNCANNCIDZOHY-VAWYXSNFSA-N,train
2503,4822,YCOGWPMXFGHUIP-FMIVXFBMSA-N,COc1ccc(/C=C/C(=O)NCCC2CCN(Cc3ccccc3)CC2)cc1,IPNCANNCIDZOHY-VAWYXSNFSA-N,train
2504,4825,VQOPFBQAWVJAON-UHFFFAOYSA-N,C#CCN(Cc1ccc2cccc(O)c2n1)CC1CCN(Cc2ccccc2)CC1,JTBMSOXBOXLAFC-UHFFFAOYSA-N,train
2505,4826,ZAOLYIRFSLIUAV-UHFFFAOYSA-N,C#CCN(CCC1CCN(Cc2ccccc2)CC1)Cc1ccc2cccc(O)c2n1,KOIDLCJRXGLPMP-UHFFFAOYSA-N,train
2506,4827,KBSUDEJPIPDJQN-UHFFFAOYSA-N,C#CCN(CCCC1CCN(Cc2ccccc2)CC1)Cc1ccc2cccc(O)c2n1,MGRRNVKTJVOBFR-UHFFFAOYSA-N,train
2507,4829,MFWCFENQSTYMSU-UHFFFAOYSA-N,C#CCN(Cc1ccc2cccc(O)c2n1)C(C#N)CC1CCN(Cc2ccccc2)CC1,KOIDLCJRXGLPMP-UHFFFAOYSA-N,train
2508,4830,DMOLFVGCLPCFQX-UHFFFAOYSA-N,C#CCN(Cc1ccc2cccc(O)c2n1)C(C#N)CCC1CCN(Cc2ccccc2)CC1,MGRRNVKTJVOBFR-UHFFFAOYSA-N,train
2509,4834,ATRSFRGWPPYVGZ-UHFFFAOYSA-N,C#CCN(Cc1ccc(O)c2ncccc12)C(C#N)CCC1CCN(Cc2ccccc2)CC1,BJJFPDPNWBAGOS-UHFFFAOYSA-N,train
2510,4841,XGZDCBGAMNLKSW-UHFFFAOYSA-N,CCSc1nc2sc3c(c2c(=O)n1-c1ccccc1)CCN(Cc1ccccc1)C3,OFDRJSHFLHELOP-UHFFFAOYSA-N,test
2511,4844,KHNVQJDWUHRVDK-UHFFFAOYSA-N,O=C(COc1ccc(Cl)cc1Cl)Nc1ccc(CN2CCCCC2)cc1,NPEHZTLUXMYGJZ-UHFFFAOYSA-N,test
2512,4846,BRBGBGVHTZNKIS-UVTDQMKNSA-N,S=C1/C(=C/c2ccccc2)Oc2ccccc21,BRBGBGVHTZNKIS-UVTDQMKNSA-N,train
2513,4847,CSAKAVFIHSWIKC-PDGQHHTCSA-N,CC(C)Cc1ccc(/C=C2\Oc3ccccc3C2=O)cc1,OMUOMODZGKSORV-UVTDQMKNSA-N,train
2514,4848,WPHKUMCSOVGQCK-GDNBJRDFSA-N,COc1ccc(/C=C2\Oc3ccccc3C2=O)cc1,OMUOMODZGKSORV-UVTDQMKNSA-N,train
2515,4849,DQPVCSPAVCOSNM-DHZHZOJOSA-N,CN(C)C(=O)Oc1cccc(C(=O)/C=C/c2ccc(O)cc2)c1,DQFBYFPFKXHELB-VAWYXSNFSA-N,train
2516,4850,ZHTAQWCOSSSQEW-FMIVXFBMSA-N,COc1ccc(/C=C/C(=O)c2cccc(OC(=O)N(C)C)c2)cc1,DQFBYFPFKXHELB-VAWYXSNFSA-N,train
2517,4852,UXCHLNWWKFZKMW-UHFFFAOYSA-N,COc1cc2c(cc1OC)C(=O)C(CC1CCN(Cc3ccccc3C)CC1)C2,NCTLDXMBTJBAHY-UHFFFAOYSA-N,train
2518,4853,QBOHSSFTEGRUFM-UHFFFAOYSA-N,COc1cc2c(cc1OC)C(=O)C(CC1CCN(Cc3cccc(C)c3)CC1)C2,NCTLDXMBTJBAHY-UHFFFAOYSA-N,train
2519,4854,XKRGRLGLKJEACL-UHFFFAOYSA-N,COc1cc2c(cc1OC)C(=O)C(CC1CCN(Cc3ccc(C)cc3)CC1)C2,NCTLDXMBTJBAHY-UHFFFAOYSA-N,train
2520,4855,WJIWWKMTCQJEPQ-UHFFFAOYSA-N,COc1cc2c(cc1OC)C(=O)C(CC1CCN(Cc3ccccc3F)CC1)C2,NCTLDXMBTJBAHY-UHFFFAOYSA-N,train
2521,4856,WIBAQCAJLVMGFE-UHFFFAOYSA-N,COc1cc2c(cc1OC)C(=O)C(CC1CCN(Cc3cccc(F)c3)CC1)C2,NCTLDXMBTJBAHY-UHFFFAOYSA-N,train
2522,4857,MXYQBFFZAMEOHM-UHFFFAOYSA-N,COc1cc2c(cc1OC)C(=O)C(CC1CCN(Cc3ccc(F)cc3)CC1)C2,NCTLDXMBTJBAHY-UHFFFAOYSA-N,train
2523,4858,RHZKAWSSJKSGEO-UHFFFAOYSA-N,COc1cc2c(cc1OC)C(=O)C(CC1CCN(Cc3ccccc3Cl)CC1)C2,NCTLDXMBTJBAHY-UHFFFAOYSA-N,train
2524,4859,CSYVGFFWWUUSDU-UHFFFAOYSA-N,COc1cc2c(cc1OC)C(=O)C(CC1CCN(Cc3cccc(Cl)c3)CC1)C2,NCTLDXMBTJBAHY-UHFFFAOYSA-N,train
2525,4860,VGQNXCDLTRSTAF-UHFFFAOYSA-N,COc1cc2c(cc1OC)C(=O)C(CC1CCN(Cc3ccc(Cl)cc3)CC1)C2,NCTLDXMBTJBAHY-UHFFFAOYSA-N,train
2526,4861,AEVWXIOQXSMEOS-UHFFFAOYSA-N,COc1cc2c(cc1OC)C(=O)C(CC1CCN(Cc3ccccc3C(F)(F)F)CC1)C2,NCTLDXMBTJBAHY-UHFFFAOYSA-N,train
2527,4862,MMBOOKVUXAQCOP-UHFFFAOYSA-N,COc1cc2c(cc1OC)C(=O)C(CC1CCN(Cc3cccc(C(F)(F)F)c3)CC1)C2,NCTLDXMBTJBAHY-UHFFFAOYSA-N,train
2528,4863,SSYDSLPWPWZKOY-UHFFFAOYSA-N,COc1cc2c(cc1OC)C(=O)C(CC1CCN(Cc3ccc(C(F)(F)F)cc3)CC1)C2,NCTLDXMBTJBAHY-UHFFFAOYSA-N,train
2529,4864,MJYITRIIINQALM-UHFFFAOYSA-N,COc1cc2c(cc1OC)C(=O)C(CC1CCN(Cc3ccccc3[N+](=O)[O-])CC1)C2,NCTLDXMBTJBAHY-UHFFFAOYSA-N,train
2530,4865,SQRIUXQNIAMKTL-UHFFFAOYSA-N,COc1cc2c(cc1OC)C(=O)C(CC1CCN(Cc3cccc([N+](=O)[O-])c3)CC1)C2,NCTLDXMBTJBAHY-UHFFFAOYSA-N,train
2531,4866,ACJJKDSOGZQROR-UHFFFAOYSA-N,COc1cc2c(cc1OC)C(=O)C(CC1CCN(Cc3ccc([N+](=O)[O-])cc3)CC1)C2,NCTLDXMBTJBAHY-UHFFFAOYSA-N,train
2532,4867,HASPOWFDQOETTJ-UHFFFAOYSA-N,COc1cc2c(cc1OC)C(=O)C(CC1CCN(Cc3ccccn3)CC1)C2,UXBVURPUSBIFGC-UHFFFAOYSA-N,train
2533,4868,GMORXUFYAMIBNR-UHFFFAOYSA-N,COc1cc2c(cc1OC)C(=O)C(CC1CCN(Cc3ncccc3C)CC1)C2,UXBVURPUSBIFGC-UHFFFAOYSA-N,train
2534,4869,ZBPKNQIMVQSMLB-UHFFFAOYSA-N,COc1cc2c(cc1OC)C(=O)C(CC1CCN(Cc3cccc(C)n3)CC1)C2,UXBVURPUSBIFGC-UHFFFAOYSA-N,train
2535,4870,PFSOXGQUNSMPSU-UHFFFAOYSA-N,COc1cc2c(cc1OC)C(=O)C(CC1CCN(Cc3ncc(C)cc3C)CC1)C2,UXBVURPUSBIFGC-UHFFFAOYSA-N,train
2536,4871,SKLIQILUFPGCDR-UHFFFAOYSA-N,COc1cc2c(cc1OC)C(=O)C(CC1CCN(Cc3cccc(F)n3)CC1)C2,UXBVURPUSBIFGC-UHFFFAOYSA-N,train
2537,4872,NQXMJGWHWLUOTH-UHFFFAOYSA-N,COc1cc2c(cc1OC)C(=O)C(CC1CCN(Cc3cccc(Cl)n3)CC1)C2,UXBVURPUSBIFGC-UHFFFAOYSA-N,train
2538,4873,QSLYRRWEPSEYKU-UHFFFAOYSA-N,COc1cc2c(cc1OC)C(=O)C(CC1CCN(Cc3cccc(Br)n3)CC1)C2,UXBVURPUSBIFGC-UHFFFAOYSA-N,train
2539,4874,JVZHCFKOAOKJII-UHFFFAOYSA-N,COC(=O)c1cccc(CN2CCC(CC3Cc4cc(OC)c(OC)cc4C3=O)CC2)n1,UXBVURPUSBIFGC-UHFFFAOYSA-N,train
2540,4875,QWDLRZDIIOSNHC-UHFFFAOYSA-N,COc1cc2c(cc1OC)C(=O)C(CC1CCN(Cc3ccc4ccccc4n3)CC1)C2,GQOLUODVXGXBQS-UHFFFAOYSA-N,train
2541,4880,WMGXBRTXVLFOJR-ODBZBXGJSA-N,Cc1ccc(/C=C2\CN(Cc3cccc(C)c3)C/C(=C\c3ccc(C)cc3)C2=O)cc1,VATOZJIGHBQVFX-MUPYBJATSA-N,train
2542,4881,YYQJDQOYLBWLJL-POAOKBCDSA-N,O=C1/C(=C/c2ccccc2)CN(Cc2ccc3ccccc3c2)C/C1=C\c1ccccc1,YYQJDQOYLBWLJL-POAOKBCDSA-N,train
2543,4882,IOHRSORAVBEFSF-ZZZAPRPPSA-N,Cc1cccc(CN2C/C(=C\c3ccccc3)C(=O)/C(=C/c3ccccc3)C2)c1,VATOZJIGHBQVFX-MUPYBJATSA-N,train
2544,4883,LREPPWLUJRMJNW-HRTPUDOWSA-N,Cc1ccc(/C=C2\CN(Cc3ccc4ccccc4c3)C/C(=C\c3ccc(C)cc3)C2=O)cc1,YYQJDQOYLBWLJL-POAOKBCDSA-N,train
2545,4884,DGQSERSHMDMJHZ-JQMRRPHZSA-N,O=C1/C(=C/c2ccc(Br)cc2)CN(Cc2ccc3ccccc3c2)C/C1=C\c1ccc(Br)cc1,YYQJDQOYLBWLJL-POAOKBCDSA-N,train
2546,4885,VBFXJAXVUROSKC-QQXSKIMKSA-N,Cc1ccc(/C=C2/CNCC3=C2N=C2SC=C(c4ccc(C)cc4)N2C3c2ccc(C)cc2)cc1,GHLUFKQBBJSVCU-KQWNVCNZSA-N,train
2547,4886,QVPPFOAURSVYEA-IWIPYMOSSA-N,Cc1ccc(/C=C2/CNCC3=C2N=C2SC=C(c4ccc(Br)cc4)N2C3c2ccc(C)cc2)cc1,GHLUFKQBBJSVCU-KQWNVCNZSA-N,train
2548,4887,WKARSUCWLGJENG-RHANQZHGSA-N,Cc1ccc(/C=C2/CNCC3=C2N=C2SC=C(c4ccc5ccccc5c4)N2C3c2ccc(C)cc2)cc1,SAFHZFSRVDFRNP-PKAZHMFMSA-N,train
2549,4888,VZVVNBLYLFQOEC-HMAPJEAMSA-N,Cc1ccc(C2=CSC3=NC4=C(CNC/C4=C/c4ccc(Cl)cc4)C(c4ccc(Cl)cc4)N23)cc1,GHLUFKQBBJSVCU-KQWNVCNZSA-N,train
2550,4889,XTZMIYZZPNSVNC-MYYYXRDXSA-N,Clc1ccc(/C=C2/CNCC3=C2N=C2SC=C(c4ccc5ccccc5c4)N2C3c2ccc(Cl)cc2)cc1,SAFHZFSRVDFRNP-PKAZHMFMSA-N,train
2551,4890,RYBKTKCXYJVDPH-STZFKDTASA-N,Brc1ccc(/C=C2/CNCC3=C2N=C2SC=C(c4ccccc4)N2C3c2ccc(Br)cc2)cc1,GHLUFKQBBJSVCU-KQWNVCNZSA-N,train
2552,4891,WNYNQMDHMSRYKG-HMAPJEAMSA-N,Cc1ccc(C2=CSC3=NC4=C(CNC/C4=C/c4ccc(Br)cc4)C(c4ccc(Br)cc4)N23)cc1,GHLUFKQBBJSVCU-KQWNVCNZSA-N,train
2553,4892,RYHYUIJQYZLIHK-MYYYXRDXSA-N,Brc1ccc(/C=C2/CNCC3=C2N=C2SC=C(c4ccc5ccccc5c4)N2C3c2ccc(Br)cc2)cc1,SAFHZFSRVDFRNP-PKAZHMFMSA-N,train
2554,4894,HFXNFOSTKCPMIS-UHFFFAOYSA-N,O=S(=O)(c1ccccc1)n1ccc2c(N3CCN(CCNc4c5c(nc6ccccc46)CCCC5)CC3)cccc21,HFXNFOSTKCPMIS-UHFFFAOYSA-N,train
2555,4895,DHTIEPUWNIRXPY-UHFFFAOYSA-N,O=S(=O)(c1ccccc1)n1ccc2c(N3CCN(CCCNc4c5c(nc6ccccc46)CCCC5)CC3)cccc21,DHTIEPUWNIRXPY-UHFFFAOYSA-N,train
2556,4896,QVMOLXHRHHMTTI-UHFFFAOYSA-N,O=S(=O)(c1ccccc1)n1ccc2c(N3CCN(CCCCCNc4c5c(nc6ccccc46)CCCC5)CC3)cccc21,QVMOLXHRHHMTTI-UHFFFAOYSA-N,test
2557,4897,INTOYXAUMDZZCK-UHFFFAOYSA-N,O=S(=O)(c1ccccc1)n1ccc2c(N3CCN(CCCCCCNc4c5c(nc6ccccc46)CCCC5)CC3)cccc21,INTOYXAUMDZZCK-UHFFFAOYSA-N,train
2558,4898,QVCWJIWRPGTNSS-UHFFFAOYSA-N,O=S(=O)(c1ccccc1)n1ccc2c(N3CCN(CCCCCCCNc4c5c(nc6ccccc46)CCCC5)CC3)cccc21,QVCWJIWRPGTNSS-UHFFFAOYSA-N,test
2559,4899,FZNAHZCVWVQRSJ-UHFFFAOYSA-N,O=S(=O)(c1ccccc1)n1ccc2c(N3CCN(CCCCCCCCNc4c5c(nc6ccccc46)CCCC5)CC3)cccc21,FZNAHZCVWVQRSJ-UHFFFAOYSA-N,train
2560,4904,LTIQFVDJDQJRPP-UHFFFAOYSA-N,O=C1NCCCc2c1c1ccccc1n2CCc1ccc(F)cc1,MGCVMPGXEBMMCL-UHFFFAOYSA-N,test
2561,4906,ZGHYKEDJXGZSTQ-UHFFFAOYSA-N,O=C1c2ccccc2S(=O)(=O)N1CCCCCNCc1ccccc1,ZGHYKEDJXGZSTQ-UHFFFAOYSA-N,train
2562,4918,MGDTVQGTXWJCKH-UHFFFAOYSA-N,COc1ccc2nc(NCCc3cc[n+](Cc4ccccc4)cc3)sc2c1,MPSGBKPMPBBJKL-UHFFFAOYSA-N,train
2563,4919,DHIFHWRBNWLKSW-UHFFFAOYSA-N,COc1ccc2nc(NCCc3cc[n+](Cc4ccc(F)cc4)cc3)sc2c1,MPSGBKPMPBBJKL-UHFFFAOYSA-N,train
2564,4920,HNIRSKKACUNWIE-UHFFFAOYSA-N,COc1ccc2nc(NCCc3cc[n+](Cc4c(F)cccc4F)cc3)sc2c1,MPSGBKPMPBBJKL-UHFFFAOYSA-N,train
2565,4921,DEFMHIPKLZXSIY-UHFFFAOYSA-N,Fc1ccc(C[n+]2ccc(CCNc3nc4ccc(F)cc4s3)cc2)cc1,MPSGBKPMPBBJKL-UHFFFAOYSA-N,train
2566,4922,PRXIEXWZIFEMSH-UHFFFAOYSA-N,O=[N+]([O-])c1ccc2nc(NCCc3cc[n+](Cc4ccc(F)cc4)cc3)sc2c1,MPSGBKPMPBBJKL-UHFFFAOYSA-N,train
2567,4923,MQPRMCLMRNEVDW-UHFFFAOYSA-N,CCOC(=O)C1=C(C)Nc2nc3c(c(N)c2C1c1ccc(C(F)(F)F)cc1)CC(C)CC3,PHZFCULPFNIUPO-UHFFFAOYSA-N,train
2568,4924,UYAZZCUMASYCFB-UHFFFAOYSA-N,CC1=C(C(=O)OC(C)C)C(c2cccc(F)c2)c2c(nc3c(c2N)CC(C)(C)CC3)N1,PHZFCULPFNIUPO-UHFFFAOYSA-N,train
2569,4925,VXPPQPQIZWGZFS-UHFFFAOYSA-N,CCOC(=O)C1=C(C)Nc2nc3c(c(N)c2C1c1cccc(C(F)(F)F)c1)CC(C)(C)CC3,PHZFCULPFNIUPO-UHFFFAOYSA-N,train
2570,4926,MJVSWROHOTUJRM-UHFFFAOYSA-N,C=CCOC(=O)C1=C(C)Nc2nc3c(c(N)c2C1c1cccc([N+](=O)[O-])c1)CC(C)(C)CC3,PHZFCULPFNIUPO-UHFFFAOYSA-N,train
2571,4927,ZRAWAPXSUBHWOZ-UHFFFAOYSA-N,CCOC(=O)C1=C(C)Nc2nc3c(c(N)c2C1c1cccc(Cl)c1)CC(C)(C)CC3,PHZFCULPFNIUPO-UHFFFAOYSA-N,train
2572,4928,JVHJMNINROTJNZ-UHFFFAOYSA-N,COC(=O)C1=C(C)Nc2nc3c(c(N)c2C1c1ccccc1)CC(C)(C)CC3,PHZFCULPFNIUPO-UHFFFAOYSA-N,train
2573,4929,YZMRPVFFYJXHFO-UHFFFAOYSA-N,CC1=C(C(=O)OC(C)C)C(c2ccccc2F)c2c(nc3c(c2N)CC(C)(C)CC3)N1,PHZFCULPFNIUPO-UHFFFAOYSA-N,train
2574,4930,NDLBUJGMFUWUJQ-UHFFFAOYSA-N,CC1=C(C(=O)OC2CCC2)C(c2ccccc2F)c2c(nc3c(c2N)CC(C)(C)CC3)N1,BHQDTAPCKJANRQ-UHFFFAOYSA-N,train
2575,4931,KNTBYQICJATPHP-UHFFFAOYSA-N,COCCOC(=O)C1=C(C)Nc2nc3c(c(N)c2C1c1ccccc1Cl)CC(C)(C)CC3,PHZFCULPFNIUPO-UHFFFAOYSA-N,train
2576,4932,UVEJCHNQYXDGJT-UHFFFAOYSA-N,CC1=C(C(=O)OCC2CC2)C(c2ccccc2Cl)c2c(nc3c(c2N)CC(C)(C)CC3)N1,YKNKTKQTSHJVJU-UHFFFAOYSA-N,test
2577,4933,BKSCVKMNUKKMTH-UHFFFAOYSA-N,COC(=O)C1=C(C)Nc2nc3c(c(N)c2C1c1cccc([N+](=O)[O-])c1)CSC3,ILXIVXICKWIRRR-UHFFFAOYSA-N,train
2578,4934,YFPHZYCWNBFAPL-UHFFFAOYSA-N,CCOC(=O)C1=C(C)Nc2nc3c(c(N)c2C1c1cccc([N+](=O)[O-])c1)CC(F)(F)CC3,PHZFCULPFNIUPO-UHFFFAOYSA-N,train
2579,4935,APLYXPPJQTTWEK-UHFFFAOYSA-N,CCOC(=O)C1=C(C)Nc2nc3c(c(N)c2C1c1cccc([N+](=O)[O-])c1)CC(Cl)(Cl)CC3,PHZFCULPFNIUPO-UHFFFAOYSA-N,train
2580,4936,HUXQSDVMBNLXGQ-UHFFFAOYSA-N,COC(=O)C1=C(C)Nc2nc3c(c(N)c2C1c1cccc([N+](=O)[O-])c1)CCCC3Cl,PHZFCULPFNIUPO-UHFFFAOYSA-N,train
2581,4937,LNJYGCAFEIECPH-UHFFFAOYSA-N,COC(=O)C1=C(C)Nc2nc3c(c(N)c2C1c1cccc([N+](=O)[O-])c1)CCC(C)C3,PHZFCULPFNIUPO-UHFFFAOYSA-N,train
2582,4938,KYOYTGGOMCXSQC-UHFFFAOYSA-N,COC(=O)C1=C(C)Nc2nc3c(c(N)c2C1c1ccccc1)CSCC3,VFSWDJZQQQYTJX-UHFFFAOYSA-N,test
2583,4939,MBLDQIHISLCSNE-UHFFFAOYSA-N,CCOC(=O)C1=C(C(F)(F)F)Nc2nc3c(c(N)c2C1c1cccc([N+](=O)[O-])c1)CC(C)(C)CC3,PHZFCULPFNIUPO-UHFFFAOYSA-N,train
2584,4940,LMRUKUXUSXXRLD-UHFFFAOYSA-N,CC1=C(C(=O)OC(C)C)C(c2cncnc2)c2c(nc3c(c2N)CC(C)(C)CC3)N1,CWLLUJZBBZQEIN-UHFFFAOYSA-N,train
2585,4941,DCIFFTAOKNOUHO-UHFFFAOYSA-N,CCOC(=O)C1=C(C)Nc2nc3c(c(N)c2C1c1ccccc1OC)CC(C)CC3,PHZFCULPFNIUPO-UHFFFAOYSA-N,train
2586,4942,RNQQNUBOXVKVNM-UHFFFAOYSA-N,CC1=C(C(=O)OCCN(C)C)C(c2ccccc2)c2c(nc3c(c2N)CC(F)(F)CC3)N1,PHZFCULPFNIUPO-UHFFFAOYSA-N,train
2587,4943,KZUGFMORYINOHI-UHFFFAOYSA-N,COC(=O)C1=C(C)Nc2nc3c(c(N)c2C1c1cccc([N+](=O)[O-])c1)CC(C)(C)CC3,PHZFCULPFNIUPO-UHFFFAOYSA-N,train
2588,4944,CJOKBSAEXRAEIR-UHFFFAOYSA-N,CCOC(=O)C1=C(C)Nc2nc3c(c(N)c2C1c1cccc([N+](=O)[O-])c1)CC(C)(C)CC3,PHZFCULPFNIUPO-UHFFFAOYSA-N,train
2589,4945,NKSOLADTIRLMCA-UHFFFAOYSA-N,CC1=C(C(=O)OC(C)C)C(c2ccccc2Cl)c2c(nc3c(c2N)CC(C)(C)CC3)N1,PHZFCULPFNIUPO-UHFFFAOYSA-N,train
2590,4946,HVGDAGZJUYPZPA-UHFFFAOYSA-N,CC1=C(C(=O)OC(C)C)C(c2cccc(Cl)c2)c2c(nc3c(c2N)CC(C)(C)CC3)N1,PHZFCULPFNIUPO-UHFFFAOYSA-N,train
2591,4947,DAAOIXZBUFXSNW-UHFFFAOYSA-N,CCOC(=O)C1=C(C)Nc2nc3c(c(N)c2C1c1cccc(F)c1)CC(C)(C)CC3,PHZFCULPFNIUPO-UHFFFAOYSA-N,train
2592,4948,JJIWBBUETGHMOL-UHFFFAOYSA-N,C=CCOC(=O)C1=C(C)Nc2nc3c(c(N)c2C1c1cccc(F)c1)CC(C)(C)CC3,PHZFCULPFNIUPO-UHFFFAOYSA-N,train
2593,4949,OHGAQBUPHRMCEV-UHFFFAOYSA-N,C#CCOC(=O)C1=C(C)Nc2nc3c(c(N)c2C1c1cccc(F)c1)CC(C)(C)CC3,PHZFCULPFNIUPO-UHFFFAOYSA-N,train
2594,4950,HSZBACZLZDUQOX-UHFFFAOYSA-N,C#CCOC(=O)C1=C(C)Nc2nc3c(c(N)c2C1c1cccc([N+](=O)[O-])c1)CC(C)(C)CC3,PHZFCULPFNIUPO-UHFFFAOYSA-N,train
2595,4951,VMOQBQJCSJPFBC-UHFFFAOYSA-N,CCOC(=O)C1=C(C)N(C)c2nc3c(c(N)c2C1c1ccccc1Cl)CC(C)(C)CC3,PHZFCULPFNIUPO-UHFFFAOYSA-N,train
2596,4957,VKLXDYMSDQZNBL-JQIJEIRASA-N,COc1cc(/C=C/C(=O)Nc2ccccc2)ccc1OCCCCCCN(C)C,FIIZQHKGJMRJIL-VAWYXSNFSA-N,train
2597,4958,LVAPRXNJGUAWBC-FBMGVBCBSA-N,COc1cc(/C=C/C(=O)Nc2ccccc2)ccc1OCCCCCCCCN(C)C,FIIZQHKGJMRJIL-VAWYXSNFSA-N,train
2598,4959,YCMQYVCSBIXFBB-CZIZESTLSA-N,COc1cc(/C=C/C(=O)Nc2ccccc2)ccc1OCCCCCCCCCCN(C)C,FIIZQHKGJMRJIL-VAWYXSNFSA-N,train
2599,4964,SUHSTQZPQZATNC-FBMGVBCBSA-N,CCN(CC)CCCCCCOc1ccc(/C=C/C(=O)Nc2ccccc2)cc1OC,FIIZQHKGJMRJIL-VAWYXSNFSA-N,train
2600,4965,CEMCHKPKVITYSX-CZIZESTLSA-N,CCN(CC)CCCCCCCCOc1ccc(/C=C/C(=O)Nc2ccccc2)cc1OC,FIIZQHKGJMRJIL-VAWYXSNFSA-N,train
2601,4967,PQAFELCHIANEDB-FYWRMAATSA-N,CCOC(=O)/C=C/c1ccc(OCCCCCCN(CC)CC)c(OC)c1,UHOVQNZJYSORNB-UHFFFAOYSA-N,train
2602,4968,RDISTOXSPWHYOS-ACCUITESSA-N,CCN(CC)CCCCCCOc1ccc(/C=C/C(=O)O)cc1OC,UHOVQNZJYSORNB-UHFFFAOYSA-N,train
2603,4969,KUFZKQHKJGVJHQ-BMRADRMJSA-N,CCOC(=O)/C=C/c1ccc(OCCCCCCCCN(CC)CC)c(OC)c1,UHOVQNZJYSORNB-UHFFFAOYSA-N,train
2604,4970,MTLAAHSBOUTZHH-FYWRMAATSA-N,CCN(CC)CCCCCCCCOc1ccc(/C=C/C(=O)O)cc1OC,UHOVQNZJYSORNB-UHFFFAOYSA-N,train
2605,4973,GXMWXTXGYXFVDJ-FYWRMAATSA-N,COc1cc(/C=C/C(=O)Nc2ccccc2)ccc1OCCCCN1CCCCC1,KERUJWDWMUIWDG-DTQAZKPQSA-N,train
2606,4974,YKHAIGLEUINAGM-JQIJEIRASA-N,COc1cc(/C=C/C(=O)Nc2ccccc2)ccc1OCCCCCN1CCCCC1,QXQTWBLTILRINS-SAPNQHFASA-N,test
2607,4975,MAZPMOOWHCJJOW-BMRADRMJSA-N,COc1cc(/C=C/C(=O)Nc2ccccc2)ccc1OCCCCCCN1CCCCC1,MXZTVIGIQSMVJU-OBGWFSINSA-N,test
2608,4976,SCYGNMDNXKFRRE-HTXNQAPBSA-N,COc1cc(/C=C/C(=O)Nc2ccccc2)ccc1OCCCCCCCCN1CCCCC1,ACFKCHHVTYBUGP-LVZFUZTISA-N,train
2609,4978,WYHMIVYQSACMED-WYMLVPIESA-N,CCOC(=O)/C=C/c1ccc(OCCCCCCN2CCCCC2)c(OC)c1,SPQFEAQCQQEGLU-UHFFFAOYSA-N,test
2610,4983,GWVKNWGBCFHQGD-FYWRMAATSA-N,COc1cc(/C=C/C(=O)Nc2ccccc2)ccc1OCCCCCN1CCCC1,MGELODDGLGDEMO-DTQAZKPQSA-N,test
2611,4984,XYELBLVOUGSOOD-JQIJEIRASA-N,COc1cc(/C=C/C(=O)Nc2ccccc2)ccc1OCCCCCCN1CCCC1,FVQDLYIAYBFTCK-SAPNQHFASA-N,train
2612,4985,JPZBGYAKFYXSAQ-FBMGVBCBSA-N,COc1cc(/C=C/C(=O)Nc2ccccc2)ccc1OCCCCCCCCN1CCCC1,KEJZDNMKCLIUCS-KNTRCKAVSA-N,train
2613,4987,NFUINQRBUABRIL-ACCUITESSA-N,CCOC(=O)/C=C/c1ccc(OCCCCCCN2CCCC2)c(OC)c1,BEJCDKTYSDLZBF-UHFFFAOYSA-N,train
2614,4991,QWBLOIWIJRGVSF-UHFFFAOYSA-N,Cc1ccc(C2c3ccc4cccnc4c3Oc3nc4c(c(N)c32)CCCC4)cc1,JKYBFSJNLQTBCS-UHFFFAOYSA-N,train
2615,4992,UIYNBKZEXYKPIY-UHFFFAOYSA-N,COc1ccc(C2c3ccc4cccnc4c3Oc3nc4c(c(N)c32)CCCC4)cc1,JKYBFSJNLQTBCS-UHFFFAOYSA-N,train
2616,4993,VQICOKOVXNVBBA-UHFFFAOYSA-N,COc1cccc(C2c3ccc4cccnc4c3Oc3nc4c(c(N)c32)CCCC4)c1,JKYBFSJNLQTBCS-UHFFFAOYSA-N,train
2617,4994,GIEJCGGPITUYIN-UHFFFAOYSA-N,Nc1c2c(nc3c1C(c1cccc(F)c1)c1ccc4cccnc4c1O3)CCCC2,JKYBFSJNLQTBCS-UHFFFAOYSA-N,train
2618,4995,KIKQXFWUWFWQLD-UHFFFAOYSA-N,Nc1c2c(nc3c1C(c1ccccc1)c1ccc4cccnc4c1O3)CCCC2,JKYBFSJNLQTBCS-UHFFFAOYSA-N,train
2619,4996,ZIGIADNCAWZUAB-CTNGQTDRSA-N,CC(C)c1ccc(NC(=O)Oc2ccc3c(c2)[C@]2(C)CCN[C@@H]2N3)cc1,ULLJVPKUDFDJKB-FQNRMIAFSA-N,train
2620,4998,AQBAEXVPMJRMEK-FBHDLOMBSA-N,CCN(CC)Cc1ccc(/C=C2\Oc3cc(OC)c(OC)cc3C2=O)cc1O,OMUOMODZGKSORV-UVTDQMKNSA-N,train
2621,4999,JMSMSQFGNNCXFC-FBHDLOMBSA-N,COc1cc2c(cc1OC)C(=O)/C(=C/c1ccc(CN3CCCC3)c(O)c1)O2,IDKGPZZQKZEDSN-UYRXBGFRSA-N,train
2622,5000,GUEFWBGMYQHYFE-JJFYIABZSA-N,COc1cc2c(cc1OC)C(=O)/C(=C/c1ccc(CN3CCCCC3)c(O)c1)O2,TXZWAJSQSQEDHC-ZHZULCJRSA-N,test
2623,5001,NPUJPCOYJUZEQX-FBHDLOMBSA-N,COc1cc2c(cc1OC)C(=O)/C(=C/c1ccc(CN3CCOCC3)c(O)c1)O2,UTSIRBZYENXINM-UYRXBGFRSA-N,test
2624,5005,CIXOQJMFWVATNE-MUXKCCDJSA-N,CCN(Cc1ccc(/C=C2\Oc3cc(OC)c(OC)cc3C2=O)cc1O)Cc1ccccc1N(C)C,MJYGKWGLRNBBFB-HMAPJEAMSA-N,test
2625,5006,SDHJLISGUOUYEM-UWVJOHFNSA-N,COc1cc2c(cc1OC)C(=O)/C(=C/c1ccc(O)c(CN(C)C)c1)O2,OMUOMODZGKSORV-UVTDQMKNSA-N,train
2626,5008,DRFSBESSKRBXBM-UHFFFAOYSA-N,COc1ccc(CNc2nc(NC(N)=O)nc3ccccc23)cc1OC,FVWANTDQRFSCAL-UHFFFAOYSA-N,train
2627,5009,JHYPOEYZLGFXQR-UHFFFAOYSA-N,NC(=O)Nc1nc(NCc2ccccc2)c2ccccc2n1,FVWANTDQRFSCAL-UHFFFAOYSA-N,train
2628,5010,FLDAYDCSQFECEJ-UHFFFAOYSA-N,COc1ccc(CCNc2nc(NC(N)=O)nc3ccccc23)cc1OC,YKOSADJQCBRMRR-UHFFFAOYSA-N,train
2629,5011,TXJCFAYDADYYJH-UHFFFAOYSA-N,NC(=O)Nc1nc(NCCc2ccccc2)c2ccccc2n1,YKOSADJQCBRMRR-UHFFFAOYSA-N,train
2630,5012,VKTRQOIHJBCMRN-UHFFFAOYSA-N,COc1ccc(CNc2nc(NC(C)=O)nc3ccccc23)cc1OC,FVWANTDQRFSCAL-UHFFFAOYSA-N,train
2631,5013,WVVLINPPZXEPNK-UHFFFAOYSA-N,CC(=O)Nc1nc(NCc2ccccc2)c2ccccc2n1,FVWANTDQRFSCAL-UHFFFAOYSA-N,train
2632,5014,VZCLQGIAEJZYJS-UHFFFAOYSA-N,CCCNc1nc(NCc2ccc(OC)c(OC)c2)c2ccccc2n1,FVWANTDQRFSCAL-UHFFFAOYSA-N,train
2633,5015,MOIHFYGKSJRYIE-UHFFFAOYSA-N,COc1ccc(CNc2nc(NC3CC3)nc3ccccc23)cc1OC,ISNUVLPBKHDGCQ-UHFFFAOYSA-N,train
2634,5016,MWOWSIYESYQDJH-UHFFFAOYSA-N,CCNc1nc(NCc2ccccc2)c2ccccc2n1,FVWANTDQRFSCAL-UHFFFAOYSA-N,train
2635,5017,JRRZCALMUDMAKV-UHFFFAOYSA-N,CCCNc1nc(NCc2ccccc2)c2ccccc2n1,FVWANTDQRFSCAL-UHFFFAOYSA-N,train
2636,5018,ZCSQLTMELGWEIN-UHFFFAOYSA-N,CC(C)Nc1nc(NCc2ccccc2)c2ccccc2n1,FVWANTDQRFSCAL-UHFFFAOYSA-N,train
2637,5019,ISNUVLPBKHDGCQ-UHFFFAOYSA-N,c1ccc(CNc2nc(NC3CC3)nc3ccccc23)cc1,ISNUVLPBKHDGCQ-UHFFFAOYSA-N,train
2638,5020,CAYWTKCBFPBSRM-UHFFFAOYSA-N,CNc1nc(NCCc2ccc(OC)c(OC)c2)c2ccccc2n1,YKOSADJQCBRMRR-UHFFFAOYSA-N,train
2639,5021,BSQRZHCDRKROCR-UHFFFAOYSA-N,CCNc1nc(NCCc2ccc(OC)c(OC)c2)c2ccccc2n1,YKOSADJQCBRMRR-UHFFFAOYSA-N,train
2640,5022,POBOHPBOMIXXMU-UHFFFAOYSA-N,CCCNc1nc(NCCc2ccc(OC)c(OC)c2)c2ccccc2n1,YKOSADJQCBRMRR-UHFFFAOYSA-N,train
2641,5023,VFNGLFSCRLQIGD-UHFFFAOYSA-N,COc1ccc(CCNc2nc(NC3CC3)nc3ccccc23)cc1OC,RLWIYDVUQKJTSM-UHFFFAOYSA-N,train
2642,5024,GIJJXBWHJXYRLM-UHFFFAOYSA-N,CNc1nc(NCCc2ccccc2)c2ccccc2n1,YKOSADJQCBRMRR-UHFFFAOYSA-N,train
2643,5025,KIBDZBXFNYGLIL-UHFFFAOYSA-N,CCNc1nc(NCCc2ccccc2)c2ccccc2n1,YKOSADJQCBRMRR-UHFFFAOYSA-N,train
2644,5026,XBQWDVQOXXSCIB-UHFFFAOYSA-N,CCCNc1nc(NCCc2ccccc2)c2ccccc2n1,YKOSADJQCBRMRR-UHFFFAOYSA-N,train
2645,5027,FPUNSMTXHBASTG-UHFFFAOYSA-N,CC(C)Nc1nc(NCCc2ccccc2)c2ccccc2n1,YKOSADJQCBRMRR-UHFFFAOYSA-N,train
2646,5028,RLWIYDVUQKJTSM-UHFFFAOYSA-N,c1ccc(CCNc2nc(NC3CC3)nc3ccccc23)cc1,RLWIYDVUQKJTSM-UHFFFAOYSA-N,train
2647,5029,BLBJFWLORCOHBS-UHFFFAOYSA-N,COc1ccc(CNc2nc(CC(N)=O)nc3ccccc23)cc1OC,FVWANTDQRFSCAL-UHFFFAOYSA-N,train
2648,5030,QDRAEXWSWSOQJD-UHFFFAOYSA-N,NC(=O)Cc1nc(NCc2ccccc2)c2ccccc2n1,FVWANTDQRFSCAL-UHFFFAOYSA-N,train
2649,5032,AMBHFJHBILUQIM-UHFFFAOYSA-N,NC(=O)Cc1nc(NCCc2ccccc2)c2ccccc2n1,YKOSADJQCBRMRR-UHFFFAOYSA-N,train
2650,5033,XLBZMPCSCLBTGH-UHFFFAOYSA-N,COc1ccc(CCNc2nc(NC(C)=O)nc3ccccc23)cc1OC,YKOSADJQCBRMRR-UHFFFAOYSA-N,train
2651,5034,VQKVYAIAPBPQEF-UHFFFAOYSA-N,CC(=O)Nc1nc(NCCc2ccccc2)c2ccccc2n1,YKOSADJQCBRMRR-UHFFFAOYSA-N,train
2652,5035,FATQYLGZPDKQQL-UHFFFAOYSA-N,CNc1nc(NCc2ccc(OC)c(OC)c2)c2ccccc2n1,FVWANTDQRFSCAL-UHFFFAOYSA-N,train
2653,5036,JSWJSFQSZOCUKU-UHFFFAOYSA-N,CCNc1nc(NCc2ccc(OC)c(OC)c2)c2ccccc2n1,FVWANTDQRFSCAL-UHFFFAOYSA-N,train
2654,5037,DWVMMOWLQGQFHO-UHFFFAOYSA-N,COc1ccc(CNc2nc(NC(C)C)nc3ccccc23)cc1OC,FVWANTDQRFSCAL-UHFFFAOYSA-N,train
2655,5038,JMYLZKXFAKCSQR-UHFFFAOYSA-N,CNc1nc(NCc2ccccc2)c2ccccc2n1,FVWANTDQRFSCAL-UHFFFAOYSA-N,train
2656,5039,ZHDADBWRFGGICV-UHFFFAOYSA-N,COc1ccc(CCNc2nc(NC(C)C)nc3ccccc23)cc1OC,YKOSADJQCBRMRR-UHFFFAOYSA-N,train
2657,5044,DXTLABYQANGISE-UHFFFAOYSA-N,O=C(CCCC1CCSS1)NCCCNc1c2c(nc3cc(Cl)ccc13)CCCC2,HMKCOOKZDCPWSP-UHFFFAOYSA-N,train
2658,5047,XZNDKAUHJQWCTR-AATRIKPKSA-N,Oc1cc(O)cc(/C=C/c2ccc(Nc3c4c(nc5cc(Cl)ccc35)CCCC4)cc2)c1,GDQDVGJLHPAPGQ-CCEZHUSRSA-N,train
2659,5048,MDXJIXIXYVKOEN-UHFFFAOYSA-N,Oc1cc(O)cc(CCc2ccc(Nc3c4c(nc5cc(Cl)ccc35)CCCC4)cc2)c1,SPYJBESQZMDZSA-UHFFFAOYSA-N,train
2660,5050,CIHBFWGGJXFNKH-UHFFFAOYSA-N,COc1cc(CCc2ccc(Nc3c4c(nc5cc(Cl)ccc35)CCCC4)cc2)cc(OC)c1,SPYJBESQZMDZSA-UHFFFAOYSA-N,train
2661,5056,ZRPZUGGLHWKONF-UHFFFAOYSA-N,N#CC1=C(N)N2CCNC2=C([N+](=O)[O-])C12c1ccccc1-c1nc3ccccc3nc12,TXQBQEAKTWKEAO-UHFFFAOYSA-N,train
2662,5057,DWSSZRKFQKPFIB-UHFFFAOYSA-N,Cc1cc2nc3c(nc2cc1C)C1(C(C#N)=C(N)N2CCNC2=C1[N+](=O)[O-])c1ccccc1-3,TXQBQEAKTWKEAO-UHFFFAOYSA-N,train
2663,5058,BQVIUUDOHMPIGH-UHFFFAOYSA-N,N#CC1=C(N)N2CCNC2=C([N+](=O)[O-])C12c1ccccc1-c1nc3ccc([N+](=O)[O-])cc3nc12,TXQBQEAKTWKEAO-UHFFFAOYSA-N,train
2664,5059,IBJQDSCPPKPDCZ-UHFFFAOYSA-N,N#CC1=C(N)N2CCCNC2=C([N+](=O)[O-])C12c1ccccc1-c1nc3ccccc3nc12,MQASZTRPRTVQDS-UHFFFAOYSA-N,train
2665,5060,VYYOWKBDUQMHCO-UHFFFAOYSA-N,Cc1cc2nc3c(nc2cc1C)C1(C(C#N)=C(N)N2CCCNC2=C1[N+](=O)[O-])c1ccccc1-3,MQASZTRPRTVQDS-UHFFFAOYSA-N,train
2666,5061,XSTOAKTXDFOBKX-UHFFFAOYSA-N,N#CC1=C(N)N2CCCNC2=C([N+](=O)[O-])C12c1ccccc1-c1nc3ccc([N+](=O)[O-])cc3nc12,MQASZTRPRTVQDS-UHFFFAOYSA-N,train
2667,5062,VUIISSUPVZMMGI-UHFFFAOYSA-N,CC1(C)CNC2=C([N+](=O)[O-])C3(C(C#N)=C(N)N2C1)c1ccccc1-c1nc2ccccc2nc13,MQASZTRPRTVQDS-UHFFFAOYSA-N,train
2668,5063,XGHROOZLNALGLN-UHFFFAOYSA-N,Cc1cc2nc3c(nc2cc1C)C1(C(C#N)=C(N)N2CC(C)(C)CNC2=C1[N+](=O)[O-])c1ccccc1-3,MQASZTRPRTVQDS-UHFFFAOYSA-N,train
2669,5064,MAFAISNXFRSCJB-UHFFFAOYSA-N,CC1(C)CNC2=C([N+](=O)[O-])C3(C(C#N)=C(N)N2C1)c1ccccc1-c1nc2ccc([N+](=O)[O-])cc2nc13,MQASZTRPRTVQDS-UHFFFAOYSA-N,train
2670,5065,HNDAZVJZHUACSG-UHFFFAOYSA-N,N#CC1=C(N)N(Cc2ccccc2)C(NCc2ccccc2)=C([N+](=O)[O-])C12c1ccccc1-c1nc3ccccc3nc12,TTZDIEOPFYIOAI-UHFFFAOYSA-N,train
2671,5066,CGXIOTWPJFYRNX-UHFFFAOYSA-N,Cc1cc2nc3c(nc2cc1C)C1(C(C#N)=C(N)N(Cc2ccccc2)C(NCc2ccccc2)=C1[N+](=O)[O-])c1ccccc1-3,TTZDIEOPFYIOAI-UHFFFAOYSA-N,train
2672,5067,VTUGXCZRGXSART-UHFFFAOYSA-N,N#CC1=C(N)N(Cc2ccccc2)C(NCc2ccccc2)=C([N+](=O)[O-])C12c1ccccc1-c1nc3ccc([N+](=O)[O-])cc3nc12,TTZDIEOPFYIOAI-UHFFFAOYSA-N,train
2673,5068,ZWIYUBCAUDUSLA-JQIJEIRASA-N,COc1cc(/C=C/C(=O)N2CCC(Cc3ccccc3)CC2)ccc1OCCCCN1CCc2ccccc2C1,MXJKOUCXOWLJIZ-SAPNQHFASA-N,test
2674,5070,NQJJXIHXKYJTFG-UHFFFAOYSA-O,COc1cc2c(cc1OC)C(=O)C(Cc1cc[n+](Cc3cccc(Cl)c3)cc1C(N)=O)C2,PEBCGJVBTZAJDW-UHFFFAOYSA-N,train
2675,5071,UXXRHYNFNMKJKO-UHFFFAOYSA-N,COc1cc2c(cc1OC)C(=O)C(CC1C=CN(Cc3ccccc3C)C=C1C(C)=O)C2,XMYNTYLKGUHZIR-UHFFFAOYSA-N,train
2676,5074,ASPFGIJSPMICGX-UHFFFAOYSA-N,CC(=O)C1=CN(Cc2ccccc2C)C=CC1CC1Cc2cc(C)c(C)cc2C1=O,XMYNTYLKGUHZIR-UHFFFAOYSA-N,train
2677,5079,OOYNHOMEWFKIFQ-UHFFFAOYSA-O,COc1cc2c(cc1OC)C(=O)C(Cc1cc[n+](Cc3ccccc3C)cc1C(N)=O)C2,PEBCGJVBTZAJDW-UHFFFAOYSA-N,train
2678,5080,OQTFGAPLIYDDDI-UHFFFAOYSA-N,COC(=O)c1c[n+](Cc2ccccc2C)ccc1CC1Cc2cc(OC)c(OC)cc2C1=O,PEBCGJVBTZAJDW-UHFFFAOYSA-N,train
2679,5081,SZDZCRACSHIWOZ-UHFFFAOYSA-N,COC(=O)c1c[n+](Cc2ccccc2)ccc1CC1Cc2cc(OC)c(OC)cc2C1=O,PEBCGJVBTZAJDW-UHFFFAOYSA-N,train
2680,5084,MKDMFAQJDRUVFQ-UHFFFAOYSA-N,CC(=O)c1c[n+](Cc2ccccc2C)ccc1CC1Cc2cc(Cl)ccc2C1=O,PEBCGJVBTZAJDW-UHFFFAOYSA-N,train
2681,5085,ZCRIJMJHFHJQDW-UHFFFAOYSA-N,CC(=O)c1c[n+](Cc2ccccc2C)ccc1CC1Cc2cc(C)ccc2C1=O,PEBCGJVBTZAJDW-UHFFFAOYSA-N,train
2682,5086,QUWXVIQPKZAESI-UHFFFAOYSA-N,CC(=O)c1c[n+](Cc2ccccc2C)ccc1CC1Cc2cc(C)c(C)cc2C1=O,PEBCGJVBTZAJDW-UHFFFAOYSA-N,train
2683,5087,OAJIBEPXRANJSK-UHFFFAOYSA-N,COc1ccc2c(c1)CC(Cc1cc[n+](Cc3ccccc3C)cc1C(C)=O)C2=O,PEBCGJVBTZAJDW-UHFFFAOYSA-N,train
2684,5088,PFASLSOBNPNVOU-UHFFFAOYSA-N,CC(=O)c1c[n+](Cc2ccccc2C)ccc1CC1Cc2cc3c(cc2C1=O)OCO3,OZRUPLPLEFXKJD-UHFFFAOYSA-N,test
2685,5089,WGCUDLXQJIKMMP-UHFFFAOYSA-N,COc1cc2c(cc1OC)C(=O)C(Cc1cc[n+](Cc3cccc(Cl)c3)cc1C(C)=O)C2,PEBCGJVBTZAJDW-UHFFFAOYSA-N,train
2686,5090,SQPBPOPGUFYZGO-UHFFFAOYSA-N,COc1cc2c(cc1OC)C(=O)C(Cc1cc[n+](Cc3ccccc3Cl)cc1C(C)=O)C2,PEBCGJVBTZAJDW-UHFFFAOYSA-N,train
2687,5091,OOVWJKDNMPDEIH-UHFFFAOYSA-N,COc1cc2c(cc1OC)C(=O)C(Cc1cc[n+](Cc3cccc(C)c3)cc1C(C)=O)C2,PEBCGJVBTZAJDW-UHFFFAOYSA-N,train
2688,5092,DAIAFJXGDWYUNT-UHFFFAOYSA-N,COc1cc2c(cc1OC)C(=O)C(Cc1cc[n+](Cc3ccccc3C)cc1C(C)=O)C2,PEBCGJVBTZAJDW-UHFFFAOYSA-N,train
2689,5093,RCDHLIBZXYWMNZ-UHFFFAOYSA-N,COc1cc2c(cc1OC)C(=O)C(Cc1cc[n+](Cc3ccccc3)cc1C(C)=O)C2,PEBCGJVBTZAJDW-UHFFFAOYSA-N,train
2690,5094,LNSPEKLNBMYCKH-UHFFFAOYSA-N,COc1cc2c(cc1OC)C(=O)C(Cc1cc[n+](Cc3ccccc3)cc1C#N)C2,PEBCGJVBTZAJDW-UHFFFAOYSA-N,train
2691,5095,RCRQOFLAAVCAGE-UHFFFAOYSA-N,COc1cc2c(cc1OC)C(=O)C(Cc1cc[n+](Cc3ccccc3)cc1)C2,PEBCGJVBTZAJDW-UHFFFAOYSA-N,train
2692,5097,YHZLWNOQTNOLTB-UHFFFAOYSA-N,COC(=O)c1cc2c(OC(=O)N(C)C)cccc2[n+](C)c1,SMWDFEZZVXVKRB-UHFFFAOYSA-O,train
2693,5098,FRMYHFABGOUZJS-UHFFFAOYSA-N,COc1ccc(CNc2c3c(nc4ccccc24)CCCC3)cc1OC,JYJAEHAURXXPSD-UHFFFAOYSA-N,train
2694,5099,JHMQETKRNMIKSU-UHFFFAOYSA-N,COc1ccc(CNc2c3c(nc4cc(Cl)ccc24)CCCC3)cc1OC,JYJAEHAURXXPSD-UHFFFAOYSA-N,train
2695,5100,RUXUXXGSLJSRTL-UHFFFAOYSA-N,COc1ccc(CCNc2c3c(nc4cc(Cl)ccc24)CCCC3)cc1OC,RLZNCSIUJOYZJJ-UHFFFAOYSA-N,test
2696,5101,FKNJQDQMEVFNQX-UHFFFAOYSA-N,Clc1ccc2c(NCc3ccccn3)c3c(nc2c1)CCCC3,GAHQTUGIHSTVHS-UHFFFAOYSA-N,train
2697,5104,WYIYLVMTBPAZLA-ZDUSSCGKSA-N,CCO[P@](=O)(SCC)c1ccccc1,UHOVQNZJYSORNB-UHFFFAOYSA-N,train
2698,5108,WYMSBXTXOHUIGT-UHFFFAOYSA-N,CCOP(=O)(OCC)Oc1ccc([N+](=O)[O-])cc1,UHOVQNZJYSORNB-UHFFFAOYSA-N,train
2699,5111,UNTPCKJZSHNGQS-UHFFFAOYSA-N,CN1CC2C(=O)N(C3CCCCC3)C(=O)C2C12C(=O)c1ccccc1C2=O,PMPKPQHVSFOKKI-UHFFFAOYSA-N,test
2700,5112,NXGXFBUVFBAPHZ-UHFFFAOYSA-N,CN1C(=O)C2CN(C)C3(C(=O)c4ccccc4C3=O)C2C1=O,AJMKIWXIURIKPS-UHFFFAOYSA-N,train
2701,5115,UKBXFMXMWOETML-UHFFFAOYSA-N,CN1CC2C(=O)N(c3ccc([N+](=O)[O-])cc3)C(=O)C2C12C(=O)c1ccccc1C2=O,SSMGPKXGPNTFEL-UHFFFAOYSA-N,train
2702,5116,KDAWBOVUSUFITH-UHFFFAOYSA-N,COc1ccc(N2C(=O)C3CN(C)C4(C(=O)c5ccccc5C4=O)C3C2=O)cc1,SSMGPKXGPNTFEL-UHFFFAOYSA-N,train
2703,5119,HETICUKJHJRLDA-UHFFFAOYSA-N,Cc1ccc(N2C(=O)C3CN(C)C4(C(=O)c5ccccc5C4=O)C3C2=O)cc1,SSMGPKXGPNTFEL-UHFFFAOYSA-N,train
2704,5131,CFFDQXIMLVONET-UHFFFAOYSA-N,COc1ccc2nc3c(c(NCCCCCCCNC(=S)NC45CC6CC(CC(C6)C4)C5)c2c1)CCCC3,KVVAPUNFOVXMRP-UHFFFAOYSA-N,test
2705,5132,GAHQTUGIHSTVHS-UHFFFAOYSA-N,c1ccc(CNc2c3c(nc4ccccc24)CCCC3)nc1,GAHQTUGIHSTVHS-UHFFFAOYSA-N,train
2706,5133,YHZXHXHCQKEXCC-XGFZBELQSA-N,CC(C)c1ccc(NC(=O)Oc2ccc3c(c2)[C@]2(C)CCC(C)[C@@H]2C3C)cc1,YPRKAIJELGGDDQ-FWJOYPJLSA-N,train
2707,5134,MWEAKHOVJKHXJC-FVZYHINPSA-N,CC1CC[C@@]2(C)c3cc(OC(=O)Nc4ccccc4)ccc3C(C)[C@@H]12,YPRKAIJELGGDDQ-FWJOYPJLSA-N,train
2708,5147,UCJOMTSRQPQWLO-UDWIEESQSA-N,COc1cc2c(cc1OC)C(=O)/C(=C/c1cc[n+](Cc3ccccc3)cc1)C2,JFZIGIZYTKMSTN-XSFVSMFZSA-N,train
2709,5148,BLNXPNHAXPHDBZ-YBFXNURJSA-N,COc1cc2c(cc1OC)C(=O)/C(=C/c1cc[n+](Cc3ccccc3F)cc1)C2,JFZIGIZYTKMSTN-XSFVSMFZSA-N,train
2710,5149,JCLXYRYKVIAWAI-VXLYETTFSA-N,COc1cc2c(cc1OC)C(=O)/C(=C/c1cc[n+](Cc3cccc(F)c3)cc1)C2,JFZIGIZYTKMSTN-XSFVSMFZSA-N,train
2711,5150,FRLDRKDNJCBXKL-YBFXNURJSA-N,COc1cc2c(cc1OC)C(=O)/C(=C/c1cc[n+](Cc3ccc(F)cc3)cc1)C2,JFZIGIZYTKMSTN-XSFVSMFZSA-N,train
2712,5151,SUKGEQOUVPURIK-CIAFOILYSA-N,COc1cc2c(cc1OC)C(=O)/C(=C/c1cc[n+](Cc3ccccc3C)cc1)C2,JFZIGIZYTKMSTN-XSFVSMFZSA-N,train
2713,5152,ZCHUOVADEIQRLY-CIAFOILYSA-N,COc1cc2c(cc1OC)C(=O)/C(=C/c1cc[n+](Cc3cccc(C)c3)cc1)C2,JFZIGIZYTKMSTN-XSFVSMFZSA-N,train
2714,5153,MHUOHSWDRJFQQV-CIAFOILYSA-N,COc1cc2c(cc1OC)C(=O)/C(=C/c1cc[n+](Cc3ccc(C)cc3)cc1)C2,JFZIGIZYTKMSTN-XSFVSMFZSA-N,train
2715,5154,ONCWKZYZTPVQLL-YBFXNURJSA-N,COc1cc2c(cc1OC)C(=O)/C(=C/c1cc[n+](Cc3ccccc3Br)cc1)C2,JFZIGIZYTKMSTN-XSFVSMFZSA-N,train
2716,5155,VNHHOROPXPPNCP-VXLYETTFSA-N,COc1cc2c(cc1OC)C(=O)/C(=C/c1cc[n+](Cc3cccc(Br)c3)cc1)C2,JFZIGIZYTKMSTN-XSFVSMFZSA-N,train
2717,5156,CPAJOYHAWZUZKW-YBFXNURJSA-N,COc1cc2c(cc1OC)C(=O)/C(=C/c1cc[n+](Cc3ccc(Br)cc3)cc1)C2,JFZIGIZYTKMSTN-XSFVSMFZSA-N,train
2718,5157,BGJYSEVLGDJLES-VXLYETTFSA-N,COc1cc2c(cc1OC)C(=O)/C(=C/c1cc[n+](Cc3cccc([N+](=O)[O-])c3)cc1)C2,JFZIGIZYTKMSTN-XSFVSMFZSA-N,train
2719,5158,XGQDJPKSSXWVTG-YBFXNURJSA-N,COc1cc2c(cc1OC)C(=O)/C(=C/c1cc[n+](Cc3ccc([N+](=O)[O-])cc3)cc1)C2,JFZIGIZYTKMSTN-XSFVSMFZSA-N,train
2720,5216,VDDAQULAKJCUMT-UHFFFAOYSA-O,C[n+]1c2ccccc2c(-c2ccc(N)cc2)c2ccccc21.F[B-](F)(F)F,MTRFEWTWIPAXLG-UHFFFAOYSA-O,test
2721,5236,SFMBSJPYTWPKHS-UHFFFAOYSA-N,CCN(CCCN1C(=O)c2ccccc2C1=O)Cc1ccccc1OC,MOMVTGBGFTXRIQ-UHFFFAOYSA-N,train
2722,5237,SCUZHSPGCIXUKX-UHFFFAOYSA-N,C#CCN(CCCN1C(=O)c2ccccc2C1=O)Cc1ccccc1,MOMVTGBGFTXRIQ-UHFFFAOYSA-N,train
2723,5238,VKGYDOYSYVLFIR-UHFFFAOYSA-N,CCN(CCCCN1C(=O)c2ccccc2C1=O)Cc1ccccc1,VGCNXBCCOLTKPI-UHFFFAOYSA-N,train
2724,5239,ALODLRYLTVWWDS-UHFFFAOYSA-N,CCN(CCCCN1C(=O)c2ccccc2C1=O)Cc1ccccc1OC,VGCNXBCCOLTKPI-UHFFFAOYSA-N,train
2725,5240,NPQZWFHXMBANFC-UHFFFAOYSA-N,CCN(CCCCCCN1C(=O)c2ccccc2C1=O)Cc1ccccc1,OVSULVUWCMANAO-UHFFFAOYSA-N,train
2726,5241,BUFPKICHFJPEEE-UHFFFAOYSA-N,CCN(CCCCCCN1C(=O)c2ccccc2C1=O)Cc1ccccc1OC,OVSULVUWCMANAO-UHFFFAOYSA-N,train
2727,5243,RUOKEQAAGRXIBM-GFCCVEGCSA-N,C#CCN[C@@H]1CCc2ccccc21,PQNFLJBBNBOBRQ-UHFFFAOYSA-N,train
2728,5244,KISPTSIXDBWEIX-UHFFFAOYSA-N,CCn1c2ccccc2c2cc(/C=C/c3ccc4ccccc4[n+]3C)ccc21,MIJXWCITRPAPHN-FMIVXFBMSA-O,test
2729,5245,WWUYJYQWEXMWHM-UHFFFAOYSA-O,C[n+]1c(/C=C/c2cc3ccccc3[nH]2)ccc2ccccc21,KPHCBSJHHQUBBB-VAWYXSNFSA-O,test
2730,5246,RHZSWMSVLIQKIA-UHFFFAOYSA-N,C[n+]1c(/C=C/c2ccc(N3CCOCC3)cc2)ccc2ccccc21,AKAGGWSNVWAIRP-WEVVVXLNSA-O,train
2731,5247,WQRBOFIVDUAUAR-UHFFFAOYSA-N,COc1cc(/C=C/c2ccc3ccccc3[n+]2C)ccc1N1CCOCC1,AKAGGWSNVWAIRP-WEVVVXLNSA-O,train
2732,5248,INCQLZYLDCIBAL-ACCUITESSA-N,C[n+]1c(/C=C/c2ccccc2)ccc2ccccc21,RLGKSXCGHMXELQ-ZRDIBKRKSA-O,train
2733,5249,MHXPBDRJBLYRCN-UHFFFAOYSA-O,C[n+]1c(/C=C/c2ccc(O)cc2)ccc2ccccc21,RLGKSXCGHMXELQ-ZRDIBKRKSA-O,train
2734,5250,CWDCAJCPFYCQET-UHFFFAOYSA-O,COc1cc(/C=C/c2ccc3ccccc3[n+]2C)cc(OC)c1O,RLGKSXCGHMXELQ-ZRDIBKRKSA-O,train
2735,5251,PKAYWNWAGJBXDY-PKNBQFBNSA-N,COc1cc(/C=C/c2ccc3ccccc3[n+]2C)cc(OC)c1OC,RLGKSXCGHMXELQ-ZRDIBKRKSA-O,train
2736,5252,RSAQFSRIDLFGLM-JXMROGBWSA-N,COc1cc(/C=C/c2ccc3ccccc3[n+]2C)ccc1F,RLGKSXCGHMXELQ-ZRDIBKRKSA-O,train
2737,5254,NEOWNATTXBQULQ-UHFFFAOYSA-N,CN(C)c1ccc(/C=C/c2ccc3ccccc3[n+]2C)cc1,RLGKSXCGHMXELQ-ZRDIBKRKSA-O,train
2738,5255,YXPJLJSKNPNGNF-UHFFFAOYSA-O,CCN(CC)c1ccc(/C=C/c2ccc3ccccc3[n+]2C)c(O)c1,RLGKSXCGHMXELQ-ZRDIBKRKSA-O,train
2739,5256,UIMXUBOPCRXDAL-UHFFFAOYSA-N,CCN(CC)c1ccc(/C=C/c2ccc3ccccc3[n+]2C)c(OC)c1,RLGKSXCGHMXELQ-ZRDIBKRKSA-O,train
2740,5257,VPFTUQWUYNNLFE-UHFFFAOYSA-N,CN1CCN(c2ccc(/C=C/c3ccc4ccccc4[n+]3C)cc2)CC1,GONCSTXHHUDHEH-WEVVVXLNSA-O,train
2741,5258,VHCLPJJSLILRLH-UHFFFAOYSA-N,COc1cc(/C=C/c2ccc3ccccc3[n+]2C)ccc1N1CCN(C)CC1,GONCSTXHHUDHEH-WEVVVXLNSA-O,train
2742,5259,VJWLNNQRIDSKDX-UHFFFAOYSA-N,CCN(CC)c1ccc(/C=C/c2ccc3ccccc3[n+]2C)cc1,RLGKSXCGHMXELQ-ZRDIBKRKSA-O,train
2743,5260,FHBVLLLZGIEOFB-UHFFFAOYSA-N,CCN(CC)c1ccc(/C=C/c2ccc3ccccc3[n+]2C)c(Cl)c1,RLGKSXCGHMXELQ-ZRDIBKRKSA-O,train
2744,5261,SJTQWZKOFBNYJK-XYOKQWHBSA-N,C[n+]1c(/C=C/c2ccc(Cl)cc2)ccc2ccccc21,RLGKSXCGHMXELQ-ZRDIBKRKSA-O,train
2745,5262,JIQUVNFLHUAJFM-XYOKQWHBSA-N,C[n+]1c(/C=C/c2ccc(F)cc2)ccc2ccccc21,RLGKSXCGHMXELQ-ZRDIBKRKSA-O,train
2746,5263,LFBXOORKQOCIDD-UHFFFAOYSA-N,CCN(CC)c1ccc(/C=C/c2ccc3ccccc3[n+]2C)c(OC)n1,LUHTXESUYWNUHX-VQHVLOKHSA-O,test
2747,5269,ZWFOJIJIVGKMKC-UHFFFAOYSA-N,CN1CCN(c2ccc(/C=C/c3cc(N4CCN(C)CC4)c4ccccc4[n+]3C)cc2)CC1,IDHWMEGKMHKJEO-VMPITWQZSA-O,train
2748,5270,ZFUFASXRXFBKDR-UHFFFAOYSA-N,COc1cc(/C=C/c2cc(N3CCN(C)CC3)c3ccccc3[n+]2C)ccc1N1CCN(C)CC1,IDHWMEGKMHKJEO-VMPITWQZSA-O,train
2749,5274,BTDVKDAIQDCWJD-UHFFFAOYSA-O,C[n+]1c(/C=C/c2cc3ccccc3[nH]2)cc(N2CCOCC2)c2ccccc21,DAGJMMZCVVNNNP-MDZDMXLPSA-O,train
2750,5275,DZPIKUQKFUQZQZ-UHFFFAOYSA-N,CCn1c2ccccc2c2cc(/C=C/c3cc(N4CCOCC4)c4ccccc4[n+]3C)ccc21,RJVDPGMAANBIGS-PKNBQFBNSA-O,test
2751,5287,XFEJPTLRXOZZDA-GDLZYMKVSA-N,CCCCCCOC(=O)[C@@H](CCC(=O)NCCC1CCN(Cc2ccccc2)CC1)NC(=O)c1ccccc1,DWNXVVDXAPWOOG-UHFFFAOYSA-N,train
2752,5290,TXMSSTXNRQZQDT-SANMLTNESA-N,CCOC(=O)CC[C@H](NC(=O)OCc1ccccc1)C(=O)NCCC1CCN(Cc2ccccc2)CC1,SAKWNBGLNVCIJR-UHFFFAOYSA-N,train
2753,5291,TXMSSTXNRQZQDT-AREMUKBSSA-N,CCOC(=O)CC[C@@H](NC(=O)OCc1ccccc1)C(=O)NCCC1CCN(Cc2ccccc2)CC1,SAKWNBGLNVCIJR-UHFFFAOYSA-N,train
2754,5292,APDPXKPLRPNYCX-QHCPKHFHSA-N,O=C(CC[C@H](NC(=O)c1ccccc1)C(=O)O)NCCC1CCN(Cc2ccccc2)CC1,DWNXVVDXAPWOOG-UHFFFAOYSA-N,train
2755,5294,OSBMBUVYRFZYLM-VWLOTQADSA-N,O=C(CC[C@H](NC(=O)c1c[nH]c2ccccc12)C(=O)O)NCCC1CCN(Cc2ccccc2)CC1,FQMHFLKJYARCJX-UHFFFAOYSA-N,train
2756,5296,ORJDLJRUUNFZIZ-VWLOTQADSA-N,CCOC(=O)[C@H](CCC(=O)NCCC1CCN(Cc2ccccc2)CC1)NC(=O)c1ccccc1,DWNXVVDXAPWOOG-UHFFFAOYSA-N,train
2757,5297,ORJDLJRUUNFZIZ-RUZDIDTESA-N,CCOC(=O)[C@@H](CCC(=O)NCCC1CCN(Cc2ccccc2)CC1)NC(=O)c1ccccc1,DWNXVVDXAPWOOG-UHFFFAOYSA-N,train
2758,5298,FBUMKRRRONRQCL-MHZLTWQESA-N,CCOC(=O)[C@H](CCC(=O)NCCC1CCN(Cc2ccccc2)CC1)NC(=O)c1c[nH]c2ccccc12,FQMHFLKJYARCJX-UHFFFAOYSA-N,train
2759,5299,MLLNAYHUDYUGTJ-HKBQPEDESA-N,CCCCCCOC(=O)[C@H](CCC(=O)NCCC1CCN(Cc2ccccc2)CC1)NC(=O)c1c[nH]c2ccccc12,FQMHFLKJYARCJX-UHFFFAOYSA-N,train
2760,5300,WRHFBOQIYDLZNC-PMERELPUSA-N,CCOC(=O)[C@H](CCC(=O)NCCC1CCN(Cc2ccccc2)CC1)NC(=O)c1ccc2cc(OC)ccc2c1,UKWXEHXXUCHMTL-UHFFFAOYSA-N,test
2761,5302,KDPLPOQPJKJMKU-UHFFFAOYSA-N,CCN(CCCCNC(=O)COc1ccc(-c2cc(=O)c3c(OC)c(OC)c(OC)cc3o2)cc1)Cc1ccccc1OC,KMIFSYKDECMAFO-UHFFFAOYSA-N,train
2762,5303,AVWUGHMJDIEZKS-UHFFFAOYSA-N,CCN(CCCCCCNC(=O)COc1ccc(-c2cc(=O)c3c(OC)c(OC)c(OC)cc3o2)cc1)Cc1ccccc1OC,KWMYGHIJOJWNKS-UHFFFAOYSA-N,train
2763,5304,WHDUCSUAYGOQMD-UHFFFAOYSA-N,CCN(CCCCNC(=O)COc1ccc(-c2cc(=O)c3c(O)c(OC)c(OC)cc3o2)cc1)Cc1ccccc1OC,KMIFSYKDECMAFO-UHFFFAOYSA-N,train
2764,5305,XPJGDAJASRRBFQ-UHFFFAOYSA-N,CCN(CCCCCCNC(=O)COc1ccc(-c2cc(=O)c3c(O)c(OC)c(OC)cc3o2)cc1)Cc1ccccc1OC,KWMYGHIJOJWNKS-UHFFFAOYSA-N,train
2765,5309,FWPLGZMQIQEXSV-UHFFFAOYSA-N,Cc1ccc2c(c1)C(=O)C(=O)N2C(=O)N(C)C,JXDYKVIHCLTXOP-UHFFFAOYSA-N,train
2766,5311,PXKRGHFHMWRIDZ-UHFFFAOYSA-N,Cc1ccc2c(c1)C(=O)C(=O)N2Cc1ccccc1[N+](=O)[O-],SIISFRLGYDVIRG-UHFFFAOYSA-N,train
2767,5312,MHNHNRZYXRGIGR-UHFFFAOYSA-N,Cc1ccc2c(c1)C(=O)C(=O)N2Cc1ccc(Br)cc1,SIISFRLGYDVIRG-UHFFFAOYSA-N,train
2768,5313,QGFJHTJOCAHXRT-UHFFFAOYSA-N,O=C1C(=O)N(Cc2ccc(Br)cc2)c2ccc(Br)cc21,SIISFRLGYDVIRG-UHFFFAOYSA-N,train
2769,5314,ZEYPYYXWRIPCET-UHFFFAOYSA-N,O=C1C(=O)N(Cc2ccccc2[N+](=O)[O-])c2ccc(Br)cc21,SIISFRLGYDVIRG-UHFFFAOYSA-N,train
2770,5315,YQIQREWAWUPUCT-UHFFFAOYSA-N,COc1ccc(NCc2ccc3c(c2)C(=O)C(=O)N3C(=O)c2ccccc2)cc1,CXXXASZSTJDALY-UHFFFAOYSA-N,train
2771,5316,XEAAZTYTACFHPW-UHFFFAOYSA-N,O=C1C(=O)N(C(=O)c2ccccc2)c2ccc(CNc3ccc(Br)cc3)cc21,CXXXASZSTJDALY-UHFFFAOYSA-N,train
2772,5317,HNIKWNCSGCNTIO-UHFFFAOYSA-N,O=C1C(=O)N(C(=O)c2ccccc2)c2ccc(CN3CCCCC3)cc21,HNIKWNCSGCNTIO-UHFFFAOYSA-N,train
2773,5318,GUFOJPCMBULHAJ-UHFFFAOYSA-N,CN1CCN(Cc2ccc3c(c2)C(=O)C(=O)N3C(=O)c2ccccc2)CC1,QRKVKQRNWYLVQT-UHFFFAOYSA-N,test
2774,5319,LVQOYSSNRSANSB-UHFFFAOYSA-N,CCN(CC)Cc1ccc(NC(=O)c2ccccc2)c(C(=O)C(=O)N(CC)CC)c1,ZVSKZLHKADLHSD-UHFFFAOYSA-N,test
2775,5320,HINFHDUPIIXJBB-UHFFFAOYSA-N,O=C(Nc1ccc(CN2CCOCC2)cc1C(=O)C(=O)N1C(=O)CCC1=O)c1ccccc1,HINFHDUPIIXJBB-UHFFFAOYSA-N,train
2776,5329,VEQQFZBLQJIEBI-OHONCRFWSA-N,CC(=O)[C@@]12C(=O)C(CC=C(C)C)=C3O[C@H](C(C)(C)O)C[C@]3(C[C@H](CC=C(C)C)[C@@]1(C)CCC=C(C)C)C2=O,DPHHXAHMHZTUKC-QRIDDKLISA-N,train
2777,5330,GEVLJZUKYNVIEQ-QFNPKNIHSA-N,C=C(C)[C@@H](O)CC[C@]1(C)[C@@H](CC=C(C)C)C[C@]23C[C@@H](C(C)(C)O)OC2=C(CC=C(C)C)C(=O)[C@@]1(C(=O)C(C)C)C3=O,DPHHXAHMHZTUKC-QRIDDKLISA-N,train
2778,5331,CYXSZGQGRZPZSF-IFMSNOOTSA-N,COC(C)(C)/C=C/C[C@]1(C)[C@@H](CC=C(C)C)C[C@]2(CC=C(C)C)C(=O)C3=C(O[C@H](C(C)(C)O)C3)[C@@]1(C(=O)C(C)C)C2=O,ADQQIINZWUFVHW-UHFFFAOYSA-N,train
2779,5332,CYXSZGQGRZPZSF-JNBUQWCCSA-N,COC(C)(C)/C=C/C[C@]1(C)[C@@H](CC=C(C)C)C[C@]2(CC=C(C)C)C(=O)C3=C(O[C@@H](C(C)(C)O)C3)[C@@]1(C(=O)C(C)C)C2=O,ADQQIINZWUFVHW-UHFFFAOYSA-N,train
2780,5334,ANPNJITWNOVMBT-XTGWXULMSA-N,CC(C)=CCC[C@]1(C)[C@@H](CC=C(C)C)C[C@]2(CC=C(C)C)C(=O)C3=C(O[C@H](C(C)(C)O)[C@H]3O)[C@@]1(C(=O)C(C)C)C2=O,ADQQIINZWUFVHW-UHFFFAOYSA-N,train
2781,5340,DQRJIPTWWDIFBI-UHFFFAOYSA-N,O=C(Cc1cc(=O)oc2cc(O)ccc12)NCCCCCCCNC(=O)c1cccc2c(=O)c3ccccc3[nH]c12,GMTNCXSPUZXYPO-UHFFFAOYSA-N,train
2782,5347,ZOGKYTDDIJKAQP-YBFXNURJSA-N,COc1cc2c(cc1OC)C(=O)/C(=C/C1CCN(Cc3cc(N=[N+]=[N-])c4ccccc4n3)CC1)C2,XHSPRRUQWLQPRB-RCCKNPSSSA-N,train
2783,5350,LCWJAHTZACCSBC-YBFXNURJSA-N,COc1cc2c(cc1OC)C(=O)/C(=C/C1CCN(Cc3cc(N)c4ccccc4n3)CC1)C2,XHSPRRUQWLQPRB-RCCKNPSSSA-N,train
2784,5351,IVWHCJWPOJBTGB-UHFFFAOYSA-N,COc1cc2c(cc1OC)C(=O)C(CC1CCN(Cc3cc(N)c4ccccc4n3)CC1)C2,GQOLUODVXGXBQS-UHFFFAOYSA-N,train
2785,5376,VOIMPDXOQJYVDI-WNRNVDISSA-N,COc1cc2c(cc1OC)[C@@H]1[C@H](O)[C@@H](OC)C=C3CCN(C2)[C@H]31,JRVMAVKMPQIGHG-LSDHHAIUSA-N,train
2786,5382,YPGLQZHTOGJODD-UHFFFAOYSA-N,O=C(NCCCCCCNCc1c[nH]c2ccccc12)c1cc(Cl)nc(Cl)c1,PCJBJLDGEJNYDK-UHFFFAOYSA-N,test
2787,5383,IRZDPXVHGNXLGP-UHFFFAOYSA-N,COc1ccccc1CNCCCCCCNC(=O)c1cc(Cl)nc(Cl)c1,XHAVUDYJOYCHMI-UHFFFAOYSA-N,train
2788,5384,KZSCJDQFJGAFHT-UHFFFAOYSA-N,O=C(NCCCCCCNCc1ccccc1)c1cc(Cl)nc(Cl)c1,XHAVUDYJOYCHMI-UHFFFAOYSA-N,train
2789,5385,GYKWZSDTWSSKLM-UHFFFAOYSA-N,O=C(Nc1ccncc1Br)OCCCCCNCc1ccccc1,SNARGSJQPGYJPK-UHFFFAOYSA-N,train
2790,5386,DSFLCZDOVKMNEJ-UHFFFAOYSA-N,O=C(Nc1cc(Cl)nc(Cl)c1)OCCCCCNCc1c[nH]c2ccccc12,ULGZOIPRZKQQDU-UHFFFAOYSA-N,test
2791,5387,NXDHXDOGBRDRPD-UHFFFAOYSA-N,COc1ccccc1CNCCCCCOC(=O)Nc1cc(Cl)nc(Cl)c1,SNARGSJQPGYJPK-UHFFFAOYSA-N,train
2792,5388,OREXPKXXVJHBIG-UHFFFAOYSA-N,O=C(Nc1cc(Cl)nc(Cl)c1)OCCCCCCNCc1ccccc1,MVVYFVDKQLNWKX-UHFFFAOYSA-N,test
2793,5389,KCHQKPAJDQOEDE-UHFFFAOYSA-N,O=C(Nc1cc(Cl)nc(Cl)c1)OCCCCCNCc1ccccc1,SNARGSJQPGYJPK-UHFFFAOYSA-N,train
2794,5390,NQDGCGNKNJWZHP-UHFFFAOYSA-N,C#CCN(C)Cc1cc2cc(OCCCN3CCCCC3)ccc2n1C,DSBWNTHVHNOHNA-UHFFFAOYSA-N,train
2795,5397,IURNUQXLRLZNBM-YLAFAASESA-N,CNC(=O)Oc1ccc2c(c1)[C@]1(C)CCN[C@@H]1N2.O=C(O)c1ccccc1O,NMZZPFDEUIAGIT-JDXSOMNQSA-N,train
2796,5422,LVOCVOINJLTJBN-UHFFFAOYSA-N,COc1ccc(C(=O)CCc2cc[n+](Cc3cccc(F)c3)cc2C#N)cc1OC,DZYZXJVAPHGOBX-UHFFFAOYSA-N,train
2797,5423,UJNOXEIFYNSQPF-UHFFFAOYSA-N,COc1ccc(C(=O)CCc2cc[n+](Cc3ccccc3C(F)(F)F)cc2C#N)cc1OC,DZYZXJVAPHGOBX-UHFFFAOYSA-N,train
2798,5425,WOVKOTAVAGGWDJ-UHFFFAOYSA-N,COc1ccc(C(=O)CCc2cc[n+](Cc3cccc(Cl)c3)cc2C#N)cc1OC,DZYZXJVAPHGOBX-UHFFFAOYSA-N,train
2799,5427,AXIZSOSOOLEFSM-UHFFFAOYSA-N,COc1ccc2c(c1)CCC(Cc1cc[n+](Cc3ccccc3C)cc1C(F)(F)F)C2=O,GDZJKQZAKIQHOI-UHFFFAOYSA-N,train
2800,5429,HXYXAQPAPPYGSB-UHFFFAOYSA-O,COc1ccc2c(c1)CCC(Cc1cc[n+](Cc3ccccc3Cl)cc1C(N)=O)C2=O,GDZJKQZAKIQHOI-UHFFFAOYSA-N,train
2801,5430,PWTNUHLFPUEOFC-UHFFFAOYSA-O,COc1ccc2c(c1)CCC(Cc1cc[n+](Cc3ccccc3C)cc1C(N)=O)C2=O,GDZJKQZAKIQHOI-UHFFFAOYSA-N,train
2802,5431,ZUKMNALKBKPUEP-UHFFFAOYSA-O,COc1cc2c(cc1OC)C(=O)C(Cc1cc[n+](Cc3nc4ccccc4o3)cc1C(N)=O)C2,UESKZASDKHIJNH-UHFFFAOYSA-N,test
2803,5432,ZHJJSKSXVVYKIY-UHFFFAOYSA-O,COc1cc2c(cc1OC)C(=O)C(Cc1cc[n+](Cc3cccc(C)n3)cc1C(N)=O)C2,DJPKUESIAGEBIQ-UHFFFAOYSA-N,train
2804,5433,HWZBTWWMRJDMIF-UHFFFAOYSA-O,COc1cc2c(cc1OC)C(=O)C(Cc1cc[n+](CCc3ccccc3)cc1C(N)=O)C2,PWDURETWWMYYPY-UHFFFAOYSA-N,test
2805,5436,PTZFJFZJNAURGQ-UHFFFAOYSA-N,COC(=O)c1ccccc1C[n+]1ccc(CC2Cc3cc(OC)c(OC)cc3C2=O)c(C(=O)Oc2c(Cl)cc(Cl)cc2Cl)c1,ZSUIZUSDLYSBLQ-UHFFFAOYSA-N,test
2806,5438,FONXTPRAHMZUFI-UHFFFAOYSA-O,COc1ccc(C(=O)CCc2cc[n+](Cc3cccc(Cl)c3)cc2C(=O)O)cc1OC,DZYZXJVAPHGOBX-UHFFFAOYSA-N,train
2807,5439,DHBVPDNLRAIJMT-UHFFFAOYSA-N,COc1ccc(C(=O)CCc2cc[n+](Cc3cccc(Cl)c3)cc2C(C)=O)cc1OC,DZYZXJVAPHGOBX-UHFFFAOYSA-N,train
2808,5440,KWLSUDYDZUXRGE-UHFFFAOYSA-N,COc1ccc2c(c1)CCC(Cc1cc[n+](CC3CCCCC3)cc1C(C)=O)C2=O,GUWLQSYUWKOCAS-UHFFFAOYSA-N,train
2809,5442,IXJNEFYONZZHLV-UHFFFAOYSA-N,COc1ccc2c(c1)CCC(Cc1cc[n+](Cc3ccc(C)cc3)cc1C(C)=O)C2=O,GDZJKQZAKIQHOI-UHFFFAOYSA-N,train
2810,5443,FWIYQNZCOPHEQL-UHFFFAOYSA-N,COc1ccc2c(c1)CCC(Cc1cc[n+](Cc3ccc(Cl)cc3)cc1C(C)=O)C2=O,GDZJKQZAKIQHOI-UHFFFAOYSA-N,train
2811,5444,SSBRVQLFUQYUIS-UHFFFAOYSA-N,COc1ccc2c(c1)CCC(Cc1cc[n+](Cc3cccc(C(F)(F)F)c3)cc1C(C)=O)C2=O,GDZJKQZAKIQHOI-UHFFFAOYSA-N,train
2812,5445,GXBABYCGVYRTDT-UHFFFAOYSA-N,COc1ccc2c(c1)CCC(Cc1cc[n+](Cc3cccc(C)c3)cc1C(C)=O)C2=O,GDZJKQZAKIQHOI-UHFFFAOYSA-N,train
2813,5446,MKUOCPBSADYCLT-UHFFFAOYSA-N,COc1ccc2c(c1)CCC(Cc1cc[n+](Cc3ccccc3C)cc1C(C)=O)C2=O,GDZJKQZAKIQHOI-UHFFFAOYSA-N,train
2814,5447,ISOJSTQQWFZFEQ-UHFFFAOYSA-N,COc1ccc2c(c1)CCC(Cc1cc[n+](Cc3cccc(F)c3)cc1C(C)=O)C2=O,GDZJKQZAKIQHOI-UHFFFAOYSA-N,train
2815,5448,OTIRNKFTUNIWRV-UHFFFAOYSA-N,COc1ccc2c(c1)CCC(Cc1cc[n+](Cc3ccccc3F)cc1C(C)=O)C2=O,GDZJKQZAKIQHOI-UHFFFAOYSA-N,train
2816,5449,UBEWDAZDEWQEMO-UHFFFAOYSA-N,COc1ccc2c(c1)CCC(Cc1cc[n+](Cc3ccccc3Cl)cc1C(C)=O)C2=O,GDZJKQZAKIQHOI-UHFFFAOYSA-N,train
2817,5450,WMDZFQSWUOFIIT-UHFFFAOYSA-N,COc1ccc2c(c1)CCC(Cc1cc[n+](Cc3cccc(Cl)c3)cc1C(C)=O)C2=O,GDZJKQZAKIQHOI-UHFFFAOYSA-N,train
2818,5451,GAISCLYYZFHDOC-UHFFFAOYSA-N,COc1cc2c(cc1OC)C(=O)C(Cc1cc[n+](Cc3ccccc3)cc1C(C)=O)CC2,GDZJKQZAKIQHOI-UHFFFAOYSA-N,train
2819,5452,YEPNSNZDXAJYIE-UHFFFAOYSA-N,COc1cc2c(cc1OC)C(=O)C(Cc1cc[n+](Cc3cccc(Cl)c3)cc1C(C)=O)CC2,GDZJKQZAKIQHOI-UHFFFAOYSA-N,train
2820,5453,MSGCCJOTRQRVSD-UHFFFAOYSA-O,CC(=O)c1c[n+](Cc2cccc(Cl)c2)ccc1CC1Cc2cc(O)ccc2C1=O,PEBCGJVBTZAJDW-UHFFFAOYSA-N,train
2821,5454,CZZJEWJXUQCNIT-UHFFFAOYSA-O,COc1cc2c(cc1O)C(=O)C(Cc1cc[n+](Cc3cccc(Cl)c3)cc1C(C)=O)C2,PEBCGJVBTZAJDW-UHFFFAOYSA-N,train
2822,5455,LUHJQZYRFKLLIY-UHFFFAOYSA-N,CC(=O)c1c[n+](Cc2ccccc2C)ccc1CC1Cc2cc(OCC(F)(F)F)ccc2C1=O,PEBCGJVBTZAJDW-UHFFFAOYSA-N,train
2823,5457,CRFBTACSAUOZGA-UHFFFAOYSA-N,COc1ccc2c(c1)CCC(Cc1cc[n+](Cc3cccc(C)c3)cc1Br)C2=O,GDZJKQZAKIQHOI-UHFFFAOYSA-N,train
2824,5458,WBXLGRPEPUDTKJ-UHFFFAOYSA-N,COc1cc2c(cc1OC)C(=O)C(Cc1cc[n+](Cc3ccccc3)cc1Br)C2,PEBCGJVBTZAJDW-UHFFFAOYSA-N,train
2825,5459,XQGGLAABIKOXNO-UHFFFAOYSA-N,COC(=O)c1c[n+](Cc2cccc(Cl)c2)ccc1CCC(=O)c1ccc(OC)c(OC)c1,DZYZXJVAPHGOBX-UHFFFAOYSA-N,train
2826,5460,BOPFNLKYSPIFLY-UHFFFAOYSA-N,COc1ccc(C(=O)CCC2C=CN(Cc3cccc(Cl)c3)C=C2C#N)cc1OC,TWPTUWWNYBYDOO-UHFFFAOYSA-N,test
2827,5465,HMFPNGCVUHYYTQ-UHFFFAOYSA-N,COc1cc2c(cc1OC)C(=O)C(CC1C=CN(Cc3ccccc3)C=C1C(C)=O)CC2,DOSYFWUKMLAOET-UHFFFAOYSA-N,train
2828,5477,JEGKSGQGZBQTIZ-UHFFFAOYSA-N,COc1cc2c(cc1OC)C(=O)C(CC1C=CN(Cc3cccc(Cl)c3)C=C1C(N)=O)C2,XMYNTYLKGUHZIR-UHFFFAOYSA-N,train
2829,5483,ZAJSOHVCTIJVQN-UHFFFAOYSA-N,Cc1cc(=O)oc2cc(OCCCCCCSC(=S)N3CCCCC3)ccc12,VOPNAWJUQDNWKB-UHFFFAOYSA-N,test
2830,5484,PIJXULBIDVGVGN-UHFFFAOYSA-N,Cc1cc(=O)oc2cc(OCCCCCSC(=S)N3CCCCC3)ccc12,RPYKRIPGSIAVQS-UHFFFAOYSA-N,test
2831,5485,ZOCBBCHDTYVHNA-UHFFFAOYSA-N,Cc1cc(=O)oc2cc(OCCCCSC(=S)N3CCCCC3)ccc12,LOCRPLULLFDVSN-UHFFFAOYSA-N,train
2832,5486,WPNZIORZRPYVSP-UHFFFAOYSA-N,Cc1cc(=O)oc2cc(OCCCSC(=S)N3CCCCC3)ccc12,VWPVBOVNWOJLEJ-UHFFFAOYSA-N,test
2833,5487,WEZSRIHVUUPAKP-UHFFFAOYSA-N,Cc1cc(=O)oc2cc(OCCSC(=S)N3CCC(N4CCCCC4)CC3)ccc12,YMUXVZVELJUUFO-UHFFFAOYSA-N,test
2834,5488,AYCMSQHGVRSOEG-UHFFFAOYSA-N,Cc1cc(=O)oc2cc(OCCSC(=S)N3CCN(C(C)C)CC3)ccc12,VHNMWLPIWVJYAI-UHFFFAOYSA-N,test
2835,5489,XLGODKFAPAATHI-UHFFFAOYSA-N,Cc1cc(=O)oc2cc(OCCSC(=S)N3CCCCC3)ccc12,GHTCVUQAVGOGDY-UHFFFAOYSA-N,train
2836,5490,NCDMSUYCDGOQGE-UHFFFAOYSA-N,Cc1cc(=O)oc2cc(OCCSC(=S)N3CCCC3)ccc12,ATULQKOJYBXQER-UHFFFAOYSA-N,train
2837,5491,XWDQBUKIHCYZSV-UHFFFAOYSA-N,CCN(CC)C(=S)SCCOc1ccc2c(C)cc(=O)oc2c1,ZYGHJZDHTFUPRJ-UHFFFAOYSA-N,train
2838,5498,NNQNLVYNOGMKMH-GGUWWXLASA-N,Oc1ccc(-c2oc3cc(O)c4c5c3c2-c2cc(O)cc(O)c2[C@H](c2ccc(O)cc2)[C@@H]5[C@H](c2ccc(O)cc2)[C@@H]4c2cc(O)cc(O)c2)cc1,KXQNOWMLPWGWBP-CMZGHENWSA-N,test
2839,5500,AOVYIEMYIRFGEJ-UHFFFAOYSA-N,CN(C)C(=O)Oc1cccc2c1cc(C(=O)N(C)C)c[n+]2C,SMWDFEZZVXVKRB-UHFFFAOYSA-O,train
2840,5504,GYRQDJJXSXVSSO-UHFFFAOYSA-O,CC(C)NC(=O)c1cc2c(OC(=O)N(C)C)cccc2[n+](C)c1,SMWDFEZZVXVKRB-UHFFFAOYSA-O,train
2841,5507,BGGSTNHPCNTNBR-UHFFFAOYSA-O,COCCNC(=O)c1cc2c(OC(=O)N(C)C)cccc2[n+](C)c1,SMWDFEZZVXVKRB-UHFFFAOYSA-O,train
2842,5508,DJGQKHHVVMWQAU-UHFFFAOYSA-O,CN(C)C(=O)Oc1cccc2c1cc(C(=O)Nc1ccccc1)c[n+]2C,LQEPEEBJMGRUTB-UHFFFAOYSA-O,test
2843,5509,LRMBKIUNXDAEMV-UHFFFAOYSA-O,COC(=O)CNC(=O)c1cc2c(OC(=O)N(C)C)cccc2[n+](C)c1,SMWDFEZZVXVKRB-UHFFFAOYSA-O,train
2844,5510,KUPGBDOWCRCWEO-UHFFFAOYSA-O,CN(C)C(=O)Oc1cccc2c1cc(C(=O)NC1CCCCC1)c[n+]2C,VQSJWSIUKJFATQ-UHFFFAOYSA-O,test
2845,5511,HDUVPKXTUYUIIV-UHFFFAOYSA-O,CNC(=O)c1cc2c(OC(=O)N(C)C)cccc2[n+](C)c1,SMWDFEZZVXVKRB-UHFFFAOYSA-O,train
2846,5512,XGKVMUUOYBZEKD-UHFFFAOYSA-O,CC[n+]1cc(C(=O)NC)cc2c(OC(=O)N(C)C)cccc21,SMWDFEZZVXVKRB-UHFFFAOYSA-O,train
2847,5513,FIPLNKOSALQNQE-UHFFFAOYSA-O,CNC(=O)c1cc2c(OC(=O)N(C)C)cccc2[n+](Cc2ccccc2)c1,VQGBPCIONNQYIL-UHFFFAOYSA-N,train
2848,5515,QVTLTOVJHONAJB-UHFFFAOYSA-N,CN(C)C(=O)Oc1cccc2c1cc(C(=O)NCCOCCO)c[n+]2C.COS(=O)(=O)[O-],SMWDFEZZVXVKRB-UHFFFAOYSA-O,train
2849,5517,LFGCRRHRHMMUPN-UHFFFAOYSA-N,CN(C)C(=O)Oc1cccc2c1cc(C(=O)NCCOCCOCCN1C(=O)c3ccccc3C1=O)c[n+]2C.O=S(=O)([O-])C(F)(F)F,JCLOJXJAQKBSDI-UHFFFAOYSA-O,train
2850,5522,RIXYCWGCLUQKNA-UHFFFAOYSA-N,COc1ccc(C2NC(=S)Nc3nc4c(c(N)c32)CCCC4)cc1,LBDRAYNINOXQIR-UHFFFAOYSA-N,train
2851,5523,GLVAOWPNTIXLJA-UHFFFAOYSA-N,COc1cccc(C2NC(=S)Nc3nc4c(c(N)c32)CCCC4)c1,LBDRAYNINOXQIR-UHFFFAOYSA-N,train
2852,5525,HCMONNLOJLHXAS-UHFFFAOYSA-N,Nc1c2c(nc3c1C(c1ccc4c(c1)OCO4)NC(=S)N3)CCCC2,VVYRUKLKRCNWHE-UHFFFAOYSA-N,test
2853,5528,YEFWMAZIZIXJFI-UHFFFAOYSA-N,Nc1c2c(nc3c1C(c1ccc(Cl)cc1)NC(=S)N3)CCCC2,LBDRAYNINOXQIR-UHFFFAOYSA-N,train
2854,5529,RTYBGCWRXWDNEV-UHFFFAOYSA-N,Nc1c2c(nc3c1C(c1cccc(Br)c1)NC(=S)N3)CCCC2,LBDRAYNINOXQIR-UHFFFAOYSA-N,train
2855,5533,LLXJPNQWAGNDDN-UHFFFAOYSA-N,Nc1ccc2c(c1)CNC(=O)C2,MGZGPQCRWVOGFE-UHFFFAOYSA-N,test
2856,5534,KWDIMUXCEPISSB-UHFFFAOYSA-N,O=C1Cc2ccc(NC(=O)c3ccccc3)cc2CN1,KWDIMUXCEPISSB-UHFFFAOYSA-N,train
2857,5535,ZGKSUSLLHGSKSG-UHFFFAOYSA-N,O=C1Cc2ccc(NC(=O)c3cccc(Cl)c3)cc2CN1,KWDIMUXCEPISSB-UHFFFAOYSA-N,train
2858,5536,ZEGHJDQNAWLYBT-UHFFFAOYSA-N,Cc1cccc(C(=O)Nc2ccc3c(c2)CNC(=O)C3)c1,KWDIMUXCEPISSB-UHFFFAOYSA-N,train
2859,5537,LAFJKVROFSQGPO-UHFFFAOYSA-N,COc1ccccc1C(=O)Nc1ccc2c(c1)CNC(=O)C2,KWDIMUXCEPISSB-UHFFFAOYSA-N,train
2860,5538,IXVWXMHLIKJMLG-UHFFFAOYSA-N,O=C(Nc1ccc2c(c1)CN(C(=O)c1ccccc1)C(=O)C2)c1ccccc1,IXVWXMHLIKJMLG-UHFFFAOYSA-N,train
2861,5539,HXSIJHFGWIQULU-UHFFFAOYSA-N,O=C(Nc1ccc2c(c1)CN(C(=O)c1cccc(Cl)c1)C(=O)C2)c1ccccc1,IXVWXMHLIKJMLG-UHFFFAOYSA-N,train
2862,5540,OTUPYIRPZHVJBH-UHFFFAOYSA-N,Cc1cccc(C(=O)N2Cc3cc(NC(=O)c4ccccc4)ccc3CC2=O)c1,IXVWXMHLIKJMLG-UHFFFAOYSA-N,train
2863,5541,CDSXZKIEHDOCCP-UHFFFAOYSA-N,COc1ccccc1C(=O)N1Cc2cc(NC(=O)c3ccccc3)ccc2CC1=O,IXVWXMHLIKJMLG-UHFFFAOYSA-N,train
2864,5542,HWQNLRVXPNDUKY-UHFFFAOYSA-N,O=C(Nc1ccc2c(c1)CN(C(=O)c1ccccc1)C(=O)C2)c1cccc(Cl)c1,IXVWXMHLIKJMLG-UHFFFAOYSA-N,train
2865,5543,DXSOTJFLEFYBEJ-UHFFFAOYSA-N,O=C(Nc1ccc2c(c1)CN(C(=O)c1cccc(Cl)c1)C(=O)C2)c1cccc(Cl)c1,IXVWXMHLIKJMLG-UHFFFAOYSA-N,train
2866,5544,DWPXWBWEQAPZMW-UHFFFAOYSA-N,Cc1cccc(C(=O)N2Cc3cc(NC(=O)c4cccc(Cl)c4)ccc3CC2=O)c1,IXVWXMHLIKJMLG-UHFFFAOYSA-N,train
2867,5545,ZYANMUOGHHKYJT-UHFFFAOYSA-N,COc1ccccc1C(=O)N1Cc2cc(NC(=O)c3cccc(Cl)c3)ccc2CC1=O,IXVWXMHLIKJMLG-UHFFFAOYSA-N,train
2868,5546,ANYIWHFTTOMQKM-UHFFFAOYSA-N,Cc1cccc(C(=O)Nc2ccc3c(c2)CN(C(=O)c2cccc(Cl)c2)C(=O)C3)c1,IXVWXMHLIKJMLG-UHFFFAOYSA-N,train
2869,5547,QRHIIIKMYDTQEI-UHFFFAOYSA-N,Cc1cccc(C(=O)Nc2ccc3c(c2)CN(C(=O)c2cccc(C)c2)C(=O)C3)c1,IXVWXMHLIKJMLG-UHFFFAOYSA-N,train
2870,5548,GUWMYOCCFDGLCR-UHFFFAOYSA-N,COc1ccccc1C(=O)Nc1ccc2c(c1)CN(C(=O)c1ccccc1)C(=O)C2,IXVWXMHLIKJMLG-UHFFFAOYSA-N,train
2871,5549,BSTDXNRTONCMRM-UHFFFAOYSA-N,COc1ccccc1C(=O)Nc1ccc2c(c1)CN(C(=O)c1cccc(Cl)c1)C(=O)C2,IXVWXMHLIKJMLG-UHFFFAOYSA-N,train
2872,5550,ZSMOZYHRLHHZSY-UHFFFAOYSA-N,COc1ccccc1C(=O)Nc1ccc2c(c1)CN(C(=O)c1cccc(C)c1)C(=O)C2,IXVWXMHLIKJMLG-UHFFFAOYSA-N,train
2873,5551,ZEUAMOKVUUJYCM-UHFFFAOYSA-N,COc1ccccc1C(=O)Nc1ccc2c(c1)CN(C(=O)c1ccccc1OC)C(=O)C2,IXVWXMHLIKJMLG-UHFFFAOYSA-N,train
2874,5552,QUFGTPYSVLYXQC-UHFFFAOYSA-N,c1ccc2c(NCCCCC[Se][Se]CCCCCNc3c4c(nc5ccccc35)CCCC4)c3c(nc2c1)CCCC3,QUFGTPYSVLYXQC-UHFFFAOYSA-N,test
2875,5553,CSHQXRFENGZQAM-UHFFFAOYSA-N,c1ccc2c(NCCCCCSSCCCCCNc3c4c(nc5ccccc35)CCCC4)c3c(nc2c1)CCCC3,CSHQXRFENGZQAM-UHFFFAOYSA-N,train
2876,5554,RFJOKGIIFYOSLX-UHFFFAOYSA-N,c1ccc2c(NCCCCC[Se]CCCCCNc3c4c(nc5ccccc35)CCCC4)c3c(nc2c1)CCCC3,RFJOKGIIFYOSLX-UHFFFAOYSA-N,test
2877,5557,KAQFXSGSNQJYSZ-UHFFFAOYSA-N,Cc1cc(=O)oc2cc(OCc3cc[n+](Cc4ccccc4)cc3)ccc12,LWQJZEVGFMLOFK-UHFFFAOYSA-N,train
2878,5558,BBBDMVQFKWOHPN-UHFFFAOYSA-N,Cc1cc(=O)oc2cc(OCc3cc[n+](Cc4ccccc4F)cc3)ccc12,LWQJZEVGFMLOFK-UHFFFAOYSA-N,train
2879,5559,YEQXVVSCJCAGCN-UHFFFAOYSA-N,Cc1cc(=O)oc2cc(OCc3cc[n+](Cc4cccc(F)c4)cc3)ccc12,LWQJZEVGFMLOFK-UHFFFAOYSA-N,train
2880,5560,RDJYPEQKOFLDSU-UHFFFAOYSA-N,Cc1cc(=O)oc2cc(OCc3cc[n+](Cc4ccc(F)cc4)cc3)ccc12,LWQJZEVGFMLOFK-UHFFFAOYSA-N,train
2881,5561,KYEOIBNAXBQIIL-UHFFFAOYSA-N,Cc1ccccc1C[n+]1ccc(COc2ccc3c(C)cc(=O)oc3c2)cc1,LWQJZEVGFMLOFK-UHFFFAOYSA-N,train
2882,5562,DBRDRUNIMYQHRB-UHFFFAOYSA-N,Cc1cccc(C[n+]2ccc(COc3ccc4c(C)cc(=O)oc4c3)cc2)c1,LWQJZEVGFMLOFK-UHFFFAOYSA-N,train
2883,5563,XXWKFTXCPBFORX-UHFFFAOYSA-N,Cc1ccc(C[n+]2ccc(COc3ccc4c(C)cc(=O)oc4c3)cc2)cc1,LWQJZEVGFMLOFK-UHFFFAOYSA-N,train
2884,5564,MXIWEACZSLWUNJ-UHFFFAOYSA-N,Cc1cc(=O)oc2cc(OCc3cc[n+](Cc4ccccc4Br)cc3)ccc12,LWQJZEVGFMLOFK-UHFFFAOYSA-N,train
2885,5565,DHPPKOMQWCJTCC-UHFFFAOYSA-N,Cc1cc(=O)oc2cc(OCc3cc[n+](Cc4cccc(Br)c4)cc3)ccc12,LWQJZEVGFMLOFK-UHFFFAOYSA-N,train
2886,5566,QUKIDURQJXXGLR-UHFFFAOYSA-N,Cc1cc(=O)oc2cc(OCc3cc[n+](Cc4ccc(Br)cc4)cc3)ccc12,LWQJZEVGFMLOFK-UHFFFAOYSA-N,train
2887,5567,HZUIZIMBKPSMMN-UHFFFAOYSA-N,Cc1cc(=O)oc2cc(OCc3cc[n+](Cc4cccc([N+](=O)[O-])c4)cc3)ccc12,LWQJZEVGFMLOFK-UHFFFAOYSA-N,train
2888,5568,JLYIDWRSRDJZRN-UHFFFAOYSA-N,Cc1cc(=O)oc2cc(OCc3cc[n+](Cc4ccc([N+](=O)[O-])cc4)cc3)ccc12,LWQJZEVGFMLOFK-UHFFFAOYSA-N,train
2889,5570,JSRJKSWBGDRGCG-UHFFFAOYSA-N,CN(Cc1ccccc1)Cc1ccc(NC(=O)Cc2ccccc2)cc1,YIKIGGAUPKBFKJ-UHFFFAOYSA-N,train
2890,5571,XWYLEVNGSMGPPA-UHFFFAOYSA-N,CN(Cc1ccccc1)Cc1ccc(NC(=O)Cc2ccc(O)cc2)cc1,YIKIGGAUPKBFKJ-UHFFFAOYSA-N,train
2891,5572,CMCUYOUITXXJIA-UHFFFAOYSA-N,CCN(Cc1ccccc1)Cc1ccc(NC(=O)Cc2ccc(O)cc2)cc1,YIKIGGAUPKBFKJ-UHFFFAOYSA-N,train
2892,5573,KNINRYGFSSXZLA-UHFFFAOYSA-N,CN(Cc1ccccc1)Cc1ccc(NC(=O)Cc2ccc(O)c(O)c2)cc1,YIKIGGAUPKBFKJ-UHFFFAOYSA-N,train
2893,5574,NXGXSRJQERFLRS-UHFFFAOYSA-N,CCN(Cc1ccccc1)Cc1ccc(NC(=O)Cc2ccc(O)c(O)c2)cc1,YIKIGGAUPKBFKJ-UHFFFAOYSA-N,train
2894,5575,HKPNHUAZURUPMZ-UHFFFAOYSA-N,COc1ccc(CC(=O)Nc2ccc(CN(C)Cc3ccccc3)cc2)cc1O,YIKIGGAUPKBFKJ-UHFFFAOYSA-N,train
2895,5576,FBMQROMIUKCEIV-UHFFFAOYSA-N,CCN(Cc1ccccc1)Cc1ccc(NC(=O)Cc2ccc(OC)c(O)c2)cc1,YIKIGGAUPKBFKJ-UHFFFAOYSA-N,train
2896,5577,SIOOQAQHGMCZBA-UHFFFAOYSA-N,COc1ccc(CC(=O)Nc2ccc(CN(C)Cc3ccccc3)cc2)cc1OC,YIKIGGAUPKBFKJ-UHFFFAOYSA-N,train
2897,5578,HVTXLPYMZKCXHD-UHFFFAOYSA-N,CCN(Cc1ccccc1)Cc1ccc(NC(=O)Cc2ccc(OC)c(OC)c2)cc1,YIKIGGAUPKBFKJ-UHFFFAOYSA-N,train
2898,5580,NANDDLAEPXKMHJ-GXDHUFHOSA-N,CN(Cc1ccccc1)Cc1ccc(NC(=O)/C=C/c2ccc(O)c(O)c2)cc1,PISPVZFCFKIAFO-DTQAZKPQSA-N,train
2899,5581,IXTWYODPRCKMGS-RVDMUPIBSA-N,COc1cc(/C=C/C(=O)Nc2ccc(CN(C)Cc3ccccc3)cc2)ccc1O,PISPVZFCFKIAFO-DTQAZKPQSA-N,train
2900,5586,VUICJISLOSHCML-UHFFFAOYSA-N,N#Cc1ccccc1CNCC(=O)Nc1ccc2nc3n(c(=O)c2c1)CCC3,OHIUTRCFRLCSIV-UHFFFAOYSA-N,train
2901,5587,IIPHMRRBNSABHE-UHFFFAOYSA-N,O=C(CNCc1ccccc1[N+](=O)[O-])Nc1ccc2nc3n(c(=O)c2c1)CCC3,OHIUTRCFRLCSIV-UHFFFAOYSA-N,train
2902,5588,NLUCFDWSIZAJOW-UHFFFAOYSA-N,O=C(CNCc1cc(F)cc(F)c1)Nc1ccc2nc3n(c(=O)c2c1)CCC3,OHIUTRCFRLCSIV-UHFFFAOYSA-N,train
2903,5589,ABTANIOYSSLHPL-UHFFFAOYSA-N,O=C(CNCc1ccccc1F)Nc1ccc2nc3n(c(=O)c2c1)CCC3,OHIUTRCFRLCSIV-UHFFFAOYSA-N,train
2904,5590,MKVRLRPVYJXCMO-UHFFFAOYSA-N,Cc1ccccc1CNCC(=O)Nc1ccc2nc3n(c(=O)c2c1)CCC3,OHIUTRCFRLCSIV-UHFFFAOYSA-N,train
2905,5591,QUSVCPDTRANDHH-UHFFFAOYSA-N,O=C(CNCCCc1ccccc1)Nc1ccc2nc3n(c(=O)c2c1)CCC3,QUSVCPDTRANDHH-UHFFFAOYSA-N,test
2906,5592,OHIUTRCFRLCSIV-UHFFFAOYSA-N,O=C(CNCc1ccccc1)Nc1ccc2nc3n(c(=O)c2c1)CCC3,OHIUTRCFRLCSIV-UHFFFAOYSA-N,train
2907,5593,WELYXMQWLDVBEU-UHFFFAOYSA-N,C#CCNCC(=O)Nc1ccc2nc3n(c(=O)c2c1)CCC3,VARHXCYGZKSOOO-UHFFFAOYSA-N,train
2908,5594,JDAXIWBYOWTFLG-UHFFFAOYSA-N,CC(C)=CCNCC(=O)Nc1ccc2nc3n(c(=O)c2c1)CCC3,VARHXCYGZKSOOO-UHFFFAOYSA-N,train
2909,5595,QEFYWXQDHADMAB-UHFFFAOYSA-N,C=CCCNCC(=O)Nc1ccc2nc3n(c(=O)c2c1)CCC3,VARHXCYGZKSOOO-UHFFFAOYSA-N,train
2910,5596,GIXIYLOKYKETBF-UHFFFAOYSA-N,C=CCNCC(=O)Nc1ccc2nc3n(c(=O)c2c1)CCC3,VARHXCYGZKSOOO-UHFFFAOYSA-N,train
2911,5597,KMZLIUYTTDFDDT-UHFFFAOYSA-N,CCCCCCCCCCCCCCCCNCC(=O)Nc1ccc2nc3n(c(=O)c2c1)CCC3,VARHXCYGZKSOOO-UHFFFAOYSA-N,train
2912,5598,PGXWNRJZBFQJBN-UHFFFAOYSA-N,CCCCCCCCCCCCNCC(=O)Nc1ccc2nc3n(c(=O)c2c1)CCC3,VARHXCYGZKSOOO-UHFFFAOYSA-N,train
2913,5599,WSPCNBULOYNLKA-UHFFFAOYSA-N,CCCCCCCCCCNCC(=O)Nc1ccc2nc3n(c(=O)c2c1)CCC3,VARHXCYGZKSOOO-UHFFFAOYSA-N,train
2914,5600,YCPMQTFIOCKGEL-UHFFFAOYSA-N,CCCCCCCCNCC(=O)Nc1ccc2nc3n(c(=O)c2c1)CCC3,VARHXCYGZKSOOO-UHFFFAOYSA-N,train
2915,5601,YJLNHZBJXDIDAF-UHFFFAOYSA-N,CCCCCCNCC(=O)Nc1ccc2nc3n(c(=O)c2c1)CCC3,VARHXCYGZKSOOO-UHFFFAOYSA-N,train
2916,5602,BYPMOXKLMWETND-UHFFFAOYSA-N,CCCCNCC(=O)Nc1ccc2nc3n(c(=O)c2c1)CCC3,VARHXCYGZKSOOO-UHFFFAOYSA-N,train
2917,5603,BQFXCCNHGAEHME-UHFFFAOYSA-N,CCCNCC(=O)Nc1ccc2nc3n(c(=O)c2c1)CCC3,VARHXCYGZKSOOO-UHFFFAOYSA-N,train
2918,5604,KKAIOBSUMOSSIY-UHFFFAOYSA-N,CCNCC(=O)Nc1ccc2nc3n(c(=O)c2c1)CCC3,VARHXCYGZKSOOO-UHFFFAOYSA-N,train
2919,5605,DHEIFLNTYDIUHL-VHEBQXMUSA-N,COc1cc(/C=C/C(=O)NCCCCCCNc2c3c(nc4ccccc24)CCCC3)cc(OC)c1OCc1nc(C)c(C)nc1C,WZHNHCZMUGSGNU-OBGWFSINSA-N,test
2920,5606,FNEGRPYNMCMCTH-FOCLMDBBSA-N,COc1cc(/C=C/C(=O)NCCCCCCNc2c3c(nc4ccccc24)CCCC3)cc(OC)c1O,RIZHLFWUQTUAPS-VHEBQXMUSA-N,train
2921,5608,OBXCJDDMEPVENQ-UHFFFAOYSA-N,COc1ccc(Cn2cc(C(=O)NCCCCCCCCNc3c4c(nc5cc(Cl)ccc35)CCCC4)c(=O)c3ccccc32)cc1,RNMJVJJYCAKXFS-UHFFFAOYSA-N,train
2922,5609,ZGACJRITTJMLJD-UHFFFAOYSA-N,COc1ccc(Cn2cc(C(=O)NCCCCCCCNc3c4c(nc5cc(Cl)ccc35)CCCC4)c(=O)c3ccccc32)cc1,HTNHARYYMXRTRJ-UHFFFAOYSA-N,train
2923,5610,YFVYBUDUJCAOHJ-UHFFFAOYSA-N,COc1ccc(Cn2cc(C(=O)NCCCCCCNc3c4c(nc5cc(Cl)ccc35)CCCC4)c(=O)c3ccccc32)cc1,QDERUYQRVSOFNB-UHFFFAOYSA-N,train
2924,5611,SKNXOZMELLESMQ-UHFFFAOYSA-N,COc1ccc(Cn2cc(C(=O)NCCCCCNc3c4c(nc5cc(Cl)ccc35)CCCC4)c(=O)c3ccccc32)cc1,IVZKZMIWFCXNMT-UHFFFAOYSA-N,train
2925,5612,QEYUTNWPWKWLIR-UHFFFAOYSA-N,COc1ccc(Cn2cc(C(=O)NCCCCNc3c4c(nc5cc(Cl)ccc35)CCCC4)c(=O)c3ccccc32)cc1,AYKPOJMTNSVOMN-UHFFFAOYSA-N,train
2926,5613,MXLDMFKZOSQDCE-UHFFFAOYSA-N,COc1ccc(Cn2cc(C(=O)NCCCNc3c4c(nc5cc(Cl)ccc35)CCCC4)c(=O)c3ccccc32)cc1,PBSABDPEFBGNJY-UHFFFAOYSA-N,train
2927,5614,DTAVPFOKFGJGTE-UHFFFAOYSA-N,COc1ccc(Cn2cc(C(=O)NCCNc3c4c(nc5cc(Cl)ccc35)CCCC4)c(=O)c3ccccc32)cc1,XOGKUCCUYXLQCD-UHFFFAOYSA-N,train
2928,5615,YKNBDIOCHDAMFY-UHFFFAOYSA-N,COc1ccc(Cn2cc(C(=O)NCCCCCCCCNc3c4c(nc5ccccc35)CCCC4)c(=O)c3ccccc32)cc1,RNMJVJJYCAKXFS-UHFFFAOYSA-N,train
2929,5616,GHSCLZBQMFGTOK-UHFFFAOYSA-N,COc1ccc(Cn2cc(C(=O)NCCCCCCCNc3c4c(nc5ccccc35)CCCC4)c(=O)c3ccccc32)cc1,HTNHARYYMXRTRJ-UHFFFAOYSA-N,train
2930,5617,JXQZTEXAQLHFFG-UHFFFAOYSA-N,COc1ccc(Cn2cc(C(=O)NCCCCCCNc3c4c(nc5ccccc35)CCCC4)c(=O)c3ccccc32)cc1,QDERUYQRVSOFNB-UHFFFAOYSA-N,train
2931,5618,HBWDGMCCLIOMLX-UHFFFAOYSA-N,COc1ccc(Cn2cc(C(=O)NCCCCCNc3c4c(nc5ccccc35)CCCC4)c(=O)c3ccccc32)cc1,IVZKZMIWFCXNMT-UHFFFAOYSA-N,train
2932,5619,BHRKGYUZWSOCAN-UHFFFAOYSA-N,COc1ccc(Cn2cc(C(=O)NCCCCNc3c4c(nc5ccccc35)CCCC4)c(=O)c3ccccc32)cc1,AYKPOJMTNSVOMN-UHFFFAOYSA-N,train
2933,5620,KVDGLEHCVWVBQY-UHFFFAOYSA-N,COc1ccc(Cn2cc(C(=O)NCCCNc3c4c(nc5ccccc35)CCCC4)c(=O)c3ccccc32)cc1,PBSABDPEFBGNJY-UHFFFAOYSA-N,train
2934,5621,ARPJWCQYPTWXJZ-UHFFFAOYSA-N,COc1ccc(Cn2cc(C(=O)NCCNc3c4c(nc5ccccc35)CCCC4)c(=O)c3ccccc32)cc1,XOGKUCCUYXLQCD-UHFFFAOYSA-N,train
2935,5623,SGRUENDUBYUMQG-UHFFFAOYSA-N,COc1ccc(Cn2cc(C(=O)NCCCCCCCNc3c4c(nc5ccc(OC)cc35)CCCC4)c(=O)c3ccccc32)cc1,HTNHARYYMXRTRJ-UHFFFAOYSA-N,train
2936,5624,XKEZTSHHHMECRM-UHFFFAOYSA-N,COc1ccc(Cn2cc(C(=O)NCCCCCCNc3c4c(nc5ccc(OC)cc35)CCCC4)c(=O)c3ccccc32)cc1,QDERUYQRVSOFNB-UHFFFAOYSA-N,train
2937,5625,VSRZSFOTYXXDHK-UHFFFAOYSA-N,COc1ccc(Cn2cc(C(=O)NCCCCCNc3c4c(nc5ccc(OC)cc35)CCCC4)c(=O)c3ccccc32)cc1,IVZKZMIWFCXNMT-UHFFFAOYSA-N,train
2938,5626,ZSHSEWWPKNLRHP-UHFFFAOYSA-N,COc1ccc(Cn2cc(C(=O)NCCCCNc3c4c(nc5ccc(OC)cc35)CCCC4)c(=O)c3ccccc32)cc1,AYKPOJMTNSVOMN-UHFFFAOYSA-N,train
2939,5627,NAVQOCQBNUXPCV-UHFFFAOYSA-N,COc1ccc(Cn2cc(C(=O)NCCCNc3c4c(nc5ccc(OC)cc35)CCCC4)c(=O)c3ccccc32)cc1,PBSABDPEFBGNJY-UHFFFAOYSA-N,train
2940,5628,DUIQBBIIFBGGSF-UHFFFAOYSA-N,COc1ccc(Cn2cc(C(=O)NCCNc3c4c(nc5ccc(OC)cc35)CCCC4)c(=O)c3ccccc32)cc1,XOGKUCCUYXLQCD-UHFFFAOYSA-N,train
2941,5633,AEGVBHAVNJPGMI-VULFUBBASA-N,O/N=C/c1nc(CCCCNc2c3c(nc4ccc(Cl)cc24)CCCC3)ccc1O,DRZHLPIRTGYXKK-UHFFFAOYSA-N,train
2942,5639,ZYZHKFUXMOZNNW-FRNPJSNVSA-N,CC(=O)OC(C)(C)/C=C/C(=O)[C@](C)(O)[C@H]1[C@H](O)C[C@@]2(C)[C@@H]3CC=C(C(C)(C)C(=O)O)/C(=C\C(=O)O)[C@]3(C)C(=O)C[C@]12C,DASPBOAPKPGSJF-VPTICVGPSA-N,train
2943,5640,PYBQPMPMHPWQPE-SKULXOHFSA-N,CC(=O)OC(C)(C)/C=C/C(=O)[C@](C)(O)[C@H]1[C@H](O)C[C@@]2(C)[C@@H]3CC=C(C(C)(C)C(=O)O)C4=CC(=O)O[C@](O)(C[C@]12C)[C@@]43C,HJBNYAHXYFWQLW-ROCQPJABSA-N,train
2944,5642,WNMJYKCGWZFFKR-UHFFFAOYSA-N,COc1cc2nc(N(C)CCCNC(=O)C3CCCO3)nc(N)c2cc1OC,YDXUFJPFHKAUJT-UHFFFAOYSA-N,test
2945,5643,BZEWSEKUUPWQDQ-UHFFFAOYSA-N,CCCCOc1ccc(C(=O)CCN2CCCCC2)cc1,BIBARRYXKABQKJ-UHFFFAOYSA-N,train
2946,5644,VRBKIVRKKCLPHA-UHFFFAOYSA-N,CCc1nn(CCCN2CCN(c3cccc(Cl)c3)CC2)c(=O)n1CCOc1ccccc1,IQPCLHMOVJNIOM-UHFFFAOYSA-N,train
2947,5646,CNIWTTNRVIMZIP-MOSHPQCFSA-N,COc1ccc2c(c1)C/C(=C/C1CCN(Cc3ccccc3)CC1)C2=O,WWOATZYESLZUJT-ZHZULCJRSA-N,test
2948,5647,YKOCNDOHGCGTRO-UYRXBGFRSA-N,COc1ccc2c(c1)C/C(=C/c1ccccc1-c1ccccc1)C2=O,UNYJUWLOUSQGJX-RGEXLXHISA-N,train
2949,5648,XRCNYIUXDHNUNU-UYRXBGFRSA-N,COc1ccc(-c2ccccc2/C=C2/Cc3cc(OC)ccc3C2=O)cc1,UNYJUWLOUSQGJX-RGEXLXHISA-N,train
2950,5649,YPSKYNKEQAAUJV-HAHDFKILSA-N,COc1ccc2c(c1)C/C(=C/c1ccccc1-c1ccc3ccccc3c1)C2=O,BIDYECAYHGTCEQ-KQWNVCNZSA-N,train
2951,5650,JRVMVHDNABIRIF-MOSHPQCFSA-N,COc1ccc2c(c1)C/C(=C/c1ccccc1-c1ccc3nc(N)ccc3c1)C2=O,HJHKGRFBRKFGHA-QNGOZBTKSA-N,train
2952,5668,KMGYPQZJZPNGND-UHFFFAOYSA-N,O=C(CCCc1c[nH]c2ccccc12)NCCC1CCN(Cc2ccccc2)CC1,KMGYPQZJZPNGND-UHFFFAOYSA-N,test
2953,5670,ZYRSYRWGMJCJBA-UHFFFAOYSA-N,O=C(Cc1c[nH]c2ccc(Br)cc12)NCCC1CCN(Cc2ccccc2)CC1,QVABANWNMXGOAK-UHFFFAOYSA-N,train
2954,5671,LXCYBYBVIQAOJW-UHFFFAOYSA-N,Cc1[nH]c2ccccc2c1CC(=O)NCCC1CCN(Cc2ccccc2)CC1,QVABANWNMXGOAK-UHFFFAOYSA-N,train
2955,5672,WYPXVHAHDLVPFA-UHFFFAOYSA-N,Cn1cc(C(=O)NCCC2CCN(Cc3ccccc3)CC2)c2ccccc21,RVZBUEBWSLHLKO-UHFFFAOYSA-N,test
2956,5673,YMWXRPAGHCBLJY-UHFFFAOYSA-N,Cn1cc(CC(=O)NCCC2CCN(Cc3ccccc3)CC2)c2ccccc21,QVABANWNMXGOAK-UHFFFAOYSA-N,train
2957,5674,QVABANWNMXGOAK-UHFFFAOYSA-N,O=C(Cc1c[nH]c2ccccc12)NCCC1CCN(Cc2ccccc2)CC1,QVABANWNMXGOAK-UHFFFAOYSA-N,train
2958,5676,UWTPHLBHBPMCCU-UHFFFAOYSA-N,COc1ccc2nc3c(c(NCCCNC(=O)c4sc(-c5ccnc(NC(=O)C6CC6)c5)nc4OC)c2c1)CCCC3,FYTTUMGKQQZCRV-UHFFFAOYSA-N,train
2959,5677,MONBJAXTKVHFAY-UHFFFAOYSA-N,COc1ccc2nc3c(c(NCCNC(=O)c4sc(-c5ccnc(NC(=O)C6CC6)c5)nc4OC)c2c1)CCCC3,YIIKATLXAHKFIN-UHFFFAOYSA-N,train
2960,5678,WPOYFQFVGWXOSQ-UHFFFAOYSA-N,COc1nc(-c2ccnc(NC(=O)C3CC3)c2)sc1C(=O)NCCCNc1c2c(nc3cc(Cl)ccc13)CCCC2,FYTTUMGKQQZCRV-UHFFFAOYSA-N,train
2961,5679,ONFMFCHPRZDMSB-UHFFFAOYSA-N,COc1nc(-c2ccnc(NC(=O)C3CC3)c2)sc1C(=O)NCCNc1c2c(nc3cc(Cl)ccc13)CCCC2,YIIKATLXAHKFIN-UHFFFAOYSA-N,train
2962,5680,BHHVWPMBOQGGMM-UHFFFAOYSA-N,COc1nc(-c2ccnc(NC(=O)C3CC3)c2)sc1C(=O)NCCCCCCNc1c2c(nc3ccccc13)CCCC2,JAVPGDUXURVQQD-UHFFFAOYSA-N,train
2963,5681,XYSJVXMQSXKJCN-UHFFFAOYSA-N,COc1nc(-c2ccnc(NC(=O)C3CC3)c2)sc1C(=O)NCCCNc1c2c(nc3ccccc13)CCCC2,FYTTUMGKQQZCRV-UHFFFAOYSA-N,train
2964,5682,PAFLSTUCWRQLGI-UHFFFAOYSA-N,COc1nc(-c2ccnc(NC(=O)C3CC3)c2)sc1C(=O)NCCNc1c2c(nc3ccccc13)CCCC2,YIIKATLXAHKFIN-UHFFFAOYSA-N,train
2965,5683,XZBJACSADMRYGX-UHFFFAOYSA-N,COC(=O)c1sc(-c2ccnc(NC(=O)C3CC3)c2)nc1OCCNc1c2c(nc3ccccc13)CCCC2,ZIGYHMOSHMITBY-UHFFFAOYSA-N,train
2966,5684,NPERTJUHSMWYIC-UHFFFAOYSA-N,NC(=O)c1sc(-c2ccnc(NC(=O)C3CC3)c2)nc1OCCNc1c2c(nc3ccccc13)CCCC2,ZIGYHMOSHMITBY-UHFFFAOYSA-N,train
2967,5685,GFBYPYUSXALYJS-UHFFFAOYSA-N,O=C(O)c1sc(-c2ccnc(NC(=O)C3CC3)c2)nc1OCCNc1c2c(nc3ccccc13)CCCC2,ZIGYHMOSHMITBY-UHFFFAOYSA-N,train
2968,5686,XSHPNZOYFVHBMS-UHFFFAOYSA-N,CCOC(=O)c1sc(-c2ccnc(NC(=O)C3CC3)c2)nc1OCCNc1c2c(nc3ccccc13)CCCC2,ZIGYHMOSHMITBY-UHFFFAOYSA-N,train
2969,5689,APTCUMFGOJPFRU-XUXGFYSXSA-N,C[C@@H]1C[C@H]2CC(=O)[C@H]3CCC[N+]4([O-])CCC[C@]2(O)[C@]34C1,GWSVBLYOVYFHBW-JISICJPESA-O,train
2970,5690,JZZKXVYRWZYYQR-UHFFFAOYSA-N,C[N+](C)(CC#CCOC1=NOCC1)CCCCCCCCCCNc1c2c(nc3ccccc13)CCCC2,YGQKTDVOXJDMRV-UHFFFAOYSA-O,test
2971,5691,XNMKRMFEACCDMN-UHFFFAOYSA-N,C[N+](C)(CC#CCOC1=NOCC1)CCCCCCCNc1c2c(nc3ccccc13)CCCC2,MYNBXKYXIYYIKJ-UHFFFAOYSA-O,test
2972,5692,CBCQQFGLTZEOPX-UHFFFAOYSA-N,CC(C)(CN1C(=O)c2cccc3cccc(c23)C1=O)C[N+](C)(C)CCCCCCCCCC[N+](C)(C)CC#CCOC1=NOCC1,YTFRNFJDILTQRO-UHFFFAOYSA-P,test
2973,5694,VEWFPIVRMZCDAK-UHFFFAOYSA-N,Fc1ccc2c(C3CCN(CCN4CCCC4)CC3)noc2c1,UBTCEVPDFNSJGT-UHFFFAOYSA-N,test
2974,5695,MKLRZKCKJQKVTL-UHFFFAOYSA-N,Fc1ccc2c(C3CCN(CCN4CCCCC4)CC3)noc2c1,DLBUVBWGLMJYOU-UHFFFAOYSA-N,train
2975,5697,GKANVRNYWJDGIW-UHFFFAOYSA-N,Cn1c2nc3ccccc3c-2c(NCCCCCCCCNc2c3c(nc4ccccc24)CCCC3)c2ccccc21,QCQBZAGGYBUVDF-UHFFFAOYSA-N,test
2976,5698,DSHGUFMOWQBTEN-UHFFFAOYSA-N,Cn1c2nc3ccccc3c-2c(NCCCCCCNc2c3c(nc4ccccc24)CCCC3)c2ccccc21,KQDHQTOBWNWDSA-UHFFFAOYSA-N,test
2977,5699,VMTDFPOABMLNGK-UHFFFAOYSA-N,Cn1c2nc3ccccc3c-2c(NCCCCNc2c3c(nc4ccccc24)CCCC3)c2ccccc21,SQIQHULSEGHZJY-UHFFFAOYSA-N,test
2978,5700,MHMXFYDLGYPRNA-HOTGVXAUSA-N,Nc1c2c(nc3cc(Cl)ccc13)C[C@H]1C=C(CCCCn3cc(CO)nn3)C[C@H]2C1,OCLZDIKTRACRPT-HKUYNNGSSA-N,test
2979,5701,PEOGEDONFNSDPX-DTQAZKPQSA-N,CN(C)CCOc1ccc(/C=C2\COc3ccccc3C2=O)cc1,TXRPREROCFYGHX-JLHYYAGUSA-N,train
2980,5702,CZGKNDHIUAGCOG-OBGWFSINSA-N,CCN(CC)CCOc1ccc(/C=C2\COc3ccccc3C2=O)cc1,TXRPREROCFYGHX-JLHYYAGUSA-N,train
2981,5704,GGWONWDLXWAMAR-ZBJSNUHESA-N,CCN(CC)CCCCCCOc1ccc(/C=C2\COc3ccccc3C2=O)cc1,TXRPREROCFYGHX-JLHYYAGUSA-N,train
2982,5707,RZIFWXQCOPSVBA-YYADALCUSA-N,O=C1/C(=C/c2ccc(OCCCN3CCN(Cc4ccccc4)CC3)cc2)COc2ccccc21,RZIFWXQCOPSVBA-YYADALCUSA-N,test
2983,5708,NZTDLGONIXHANG-FOWTUZBSSA-N,CN(C)CCOc1cccc(/C=C2\COc3ccccc3C2=O)c1,TXRPREROCFYGHX-JLHYYAGUSA-N,train
2984,5714,OYAMBDAIKGEMDJ-UHFFFAOYSA-N,CN(CCCCCN1C(=O)c2ccccc2S1(=O)=O)Cc1ccccc1,ZGHYKEDJXGZSTQ-UHFFFAOYSA-N,train
2985,5715,JMDBKECFYDECCX-UHFFFAOYSA-N,C#CCNc1nc(NCCCCC2CCN(Cc3ccccc3)CC2)c(C#N)cc1C#N,BVMGKNCKLZWDAI-UHFFFAOYSA-N,train
2986,5718,FNWAXDURVJXKPC-YCRREMRBSA-N,COc1ccc(NC(=O)c2coc3ccc(/C=C/C(=O)O)cc3c2=O)cc1,NVUUCSMDDBUOOH-UHFFFAOYSA-N,train
2987,5719,DLWNTPFPPXXHTP-VQHVLOKHSA-N,O=C(O)/C=C/c1ccc2occ(C(=O)Nc3ccccc3)c(=O)c2c1,NVUUCSMDDBUOOH-UHFFFAOYSA-N,train
2988,5720,KBZUPJLEMFHZKF-YCRREMRBSA-N,COc1ccc(NC(=O)c2cc(=O)c3cc(/C=C/C(=O)O)ccc3o2)cc1,VVWWYMNUAXKVCF-UHFFFAOYSA-N,train
2989,5721,FAISWNPDVIRIIE-WEVVVXLNSA-N,Cc1ccc(NC(=O)c2cc(=O)c3cc(/C=C/C(=O)O)ccc3o2)cc1,VVWWYMNUAXKVCF-UHFFFAOYSA-N,train
2990,5722,ZXLVCFXOIDADKY-VQHVLOKHSA-N,O=C(O)/C=C/c1ccc2oc(C(=O)Nc3ccccc3)cc(=O)c2c1,VVWWYMNUAXKVCF-UHFFFAOYSA-N,train
2991,5725,DLYAUIKDSPJOME-PKNBQFBNSA-N,CCN(CC)CCOC(=O)/C=C/c1ccc2occ(C(=O)Nc3cccc(Cl)c3)c(=O)c2c1,NVUUCSMDDBUOOH-UHFFFAOYSA-N,train
2992,5726,SKUJQZRDBDIJFM-WUXMJOGZSA-N,CCN(CC)CCOC(=O)/C=C/c1ccc2occ(C(=O)Nc3ccc(Cl)cc3)c(=O)c2c1,NVUUCSMDDBUOOH-UHFFFAOYSA-N,train
2993,5727,DDUFGWDEOCTMRD-NTUHNPAUSA-N,CCN(CC)CCOC(=O)/C=C/c1ccc2occ(C(=O)Nc3ccc(OC)cc3)c(=O)c2c1,NVUUCSMDDBUOOH-UHFFFAOYSA-N,train
2994,5728,RCCZHOOFHQOKDI-UKTHLTGXSA-N,CCN(CC)CCOC(=O)/C=C/c1ccc2occ(C(=O)Nc3ccc(C)cc3)c(=O)c2c1,NVUUCSMDDBUOOH-UHFFFAOYSA-N,train
2995,5729,POTPHPIXODXBIT-ONNFQVAWSA-N,CN(C)CCOC(=O)/C=C/c1ccc2occ(C(=O)Nc3ccc(Cl)cc3)c(=O)c2c1,NVUUCSMDDBUOOH-UHFFFAOYSA-N,train
2996,5730,RWWUPRRLFJLESJ-VZUCSPMQSA-N,COc1ccc(NC(=O)c2coc3ccc(/C=C/C(=O)OCCN(C)C)cc3c2=O)cc1,NVUUCSMDDBUOOH-UHFFFAOYSA-N,train
2997,5731,FIOCFZWNVLEJQA-YRNVUSSQSA-N,Cc1ccc(NC(=O)c2coc3ccc(/C=C/C(=O)OCCN(C)C)cc3c2=O)cc1,NVUUCSMDDBUOOH-UHFFFAOYSA-N,train
2998,5732,LCTAOJAKRLVNOM-PKNBQFBNSA-N,CN(C)CCOC(=O)/C=C/c1ccc2occ(C(=O)Nc3ccccc3)c(=O)c2c1,NVUUCSMDDBUOOH-UHFFFAOYSA-N,train
2999,5733,GBKQJDFYZNSJDL-FMIVXFBMSA-N,CCN(CC)CCOC(=O)/C=C/c1ccc2oc(C(=O)Nc3ccc(C)c(C)c3)cc(=O)c2c1,VVWWYMNUAXKVCF-UHFFFAOYSA-N,train
3000,5734,HLGHMUDEPXBDGR-PKNBQFBNSA-N,CCN(CC)CCOC(=O)/C=C/c1ccc2oc(C(=O)Nc3cccc(Cl)c3)cc(=O)c2c1,VVWWYMNUAXKVCF-UHFFFAOYSA-N,train
3001,5735,QCTYJZYINRYADE-WUXMJOGZSA-N,CCN(CC)CCOC(=O)/C=C/c1ccc2oc(C(=O)Nc3ccc(Cl)cc3)cc(=O)c2c1,VVWWYMNUAXKVCF-UHFFFAOYSA-N,train
3002,5736,PRWQMSVROFPTIC-NTUHNPAUSA-N,CCN(CC)CCOC(=O)/C=C/c1ccc2oc(C(=O)Nc3ccc(OC)cc3)cc(=O)c2c1,VVWWYMNUAXKVCF-UHFFFAOYSA-N,train
3003,5737,ORSNNXRGLXTNEX-UKTHLTGXSA-N,CCN(CC)CCOC(=O)/C=C/c1ccc2oc(C(=O)Nc3ccc(C)cc3)cc(=O)c2c1,VVWWYMNUAXKVCF-UHFFFAOYSA-N,train
3004,5738,ZEECVMGYSURPEN-ACCUITESSA-N,CCN(CC)CCOC(=O)/C=C/c1ccc2oc(C(=O)Nc3ccccc3)cc(=O)c2c1,VVWWYMNUAXKVCF-UHFFFAOYSA-N,train
3005,5739,OMBXBKGUDIMNQL-JXMROGBWSA-N,Cc1ccc(NC(=O)c2cc(=O)c3cc(/C=C/C(=O)OCCN(C)C)ccc3o2)cc1C,VVWWYMNUAXKVCF-UHFFFAOYSA-N,train
3006,5740,MSPFDBFICJXJLT-VQHVLOKHSA-N,CN(C)CCOC(=O)/C=C/c1ccc2oc(C(=O)Nc3cccc(Cl)c3)cc(=O)c2c1,VVWWYMNUAXKVCF-UHFFFAOYSA-N,train
3007,5741,XUJCBCJNHZXJCY-ONNFQVAWSA-N,CN(C)CCOC(=O)/C=C/c1ccc2oc(C(=O)Nc3ccc(Cl)cc3)cc(=O)c2c1,VVWWYMNUAXKVCF-UHFFFAOYSA-N,train
3008,5742,IRXOULORBNCFOC-VZUCSPMQSA-N,COc1ccc(NC(=O)c2cc(=O)c3cc(/C=C/C(=O)OCCN(C)C)ccc3o2)cc1,VVWWYMNUAXKVCF-UHFFFAOYSA-N,train
3009,5743,JRQGALQTHYTIML-YRNVUSSQSA-N,Cc1ccc(NC(=O)c2cc(=O)c3cc(/C=C/C(=O)OCCN(C)C)ccc3o2)cc1,VVWWYMNUAXKVCF-UHFFFAOYSA-N,train
3010,5744,JCGRBDHQHKNQJU-PKNBQFBNSA-N,CN(C)CCOC(=O)/C=C/c1ccc2oc(C(=O)Nc3ccccc3)cc(=O)c2c1,VVWWYMNUAXKVCF-UHFFFAOYSA-N,train
3011,5747,MOQQZFPQHVEHKY-UHFFFAOYSA-N,CN1CCN(C2CCN(C(=O)COc3ccc(-c4ccccc4)cc3)CC2)CC1,KTGAIZHNMMMGNC-UHFFFAOYSA-N,train
3012,5748,NNJPSKCGFBHMTD-UHFFFAOYSA-N,O=C(COc1ccc(-c2ccccc2)cc1)N1CCC(N2CCCCC2)CC1,NNJPSKCGFBHMTD-UHFFFAOYSA-N,test
3013,5762,ABWKLFAGXDXGFC-UHFFFAOYSA-N,CCN1CCN(C2CCN(C(=O)COc3ccc4c(c3)CCC4=O)CC2)CC1,SIMGOTNNVXRWAF-UHFFFAOYSA-N,test
3014,5763,PPANJQUMADIAMO-UHFFFAOYSA-N,CCN1CCN(C2CCN(C(=O)COc3ccc(-c4ccc([N+](=O)[O-])cc4)cc3)CC2)CC1,KTGAIZHNMMMGNC-UHFFFAOYSA-N,train
3015,5765,AZZOSPOHDDQAFO-UHFFFAOYSA-N,Cc1coc2c1c(=O)oc(=O)c1c3c(ccc12)C(C)(C)CCC3,OZUOWZSPTLGQBC-UHFFFAOYSA-N,test
3016,5767,ROYYPPPACDMYJY-JTQLQIEISA-N,C[C@H]1COc2c1c(=O)oc(=O)c1c3c(ccc21)C(C)(C)CCC3,GXAYYQMQBAJZJJ-UHFFFAOYSA-N,train
3017,5769,BILZMGRMIJNPTH-UHFFFAOYSA-N,COc1cc2nc(C(=O)NCCC3CCN(Cc4ccccc4)CC3)cc(OC)c2cc1OC,VXFDWXQFBUGSKI-UHFFFAOYSA-N,test
3018,5770,FYEQJLDNQJUZMM-UHFFFAOYSA-N,COc1cc2[nH]c(C(=O)NCCC3CCN(Cc4ccccc4)CC3)cc(=O)c2cc1OC,OKJRPJHNPPGFPE-UHFFFAOYSA-N,train
3019,5771,AZLXAYYWUXDYQA-UHFFFAOYSA-N,O=C(NCCC1CCN(Cc2ccccc2)CC1)c1cc(=O)c2cccc(O)c2[nH]1,OKJRPJHNPPGFPE-UHFFFAOYSA-N,train
3020,5772,FBFKJAVMNOHJDT-UHFFFAOYSA-N,COc1cccc2c(=O)cc(C(=O)NCCC3CCN(Cc4ccccc4)CC3)[nH]c12,OKJRPJHNPPGFPE-UHFFFAOYSA-N,train
3021,5773,SULOYNMFUTYGFY-UHFFFAOYSA-N,COc1ccc2c(=O)cc(C(=O)NCCC3CCN(Cc4ccccc4)CC3)[nH]c2c1,OKJRPJHNPPGFPE-UHFFFAOYSA-N,train
3022,5774,NWLCFCJTFBZULK-UHFFFAOYSA-N,O=C(NCCC1CCN(Cc2ccccc2)CC1)c1cc(=O)c2cc(O)ccc2[nH]1,OKJRPJHNPPGFPE-UHFFFAOYSA-N,train
3023,5775,SEVMHMBWJUMZRY-UHFFFAOYSA-N,COc1ccc2[nH]c(C(=O)NCCC3CCN(Cc4ccccc4)CC3)cc(=O)c2c1,OKJRPJHNPPGFPE-UHFFFAOYSA-N,train
3024,5776,HTHMAPYWBARTFD-UHFFFAOYSA-N,COc1cc2oc(C(=O)NCCCC3CCN(Cc4ccccc4)CC3)cc(=O)c2cc1OC,VUDMGFTYAXLBJP-UHFFFAOYSA-N,train
3025,5777,OZAWXAOXPMUIGP-UHFFFAOYSA-N,O=C(NCCCC1CCN(Cc2ccccc2)CC1)c1cc(=O)c2cc(O)ccc2o1,VUDMGFTYAXLBJP-UHFFFAOYSA-N,train
3026,5778,PPHUUQGGAWURKS-UHFFFAOYSA-N,COc1ccc2oc(C(=O)NCCCC3CCN(Cc4ccccc4)CC3)cc(=O)c2c1,VUDMGFTYAXLBJP-UHFFFAOYSA-N,train
3027,5779,GYJZBBWGLRANDB-UHFFFAOYSA-N,O=C(NCCC1CCN(Cc2ccccc2)CC1)c1cc(=O)c2cc(O)c(O)cc2o1,ADKJHJNFROJLTD-UHFFFAOYSA-N,train
3028,5780,GWSXEQILOPSURJ-UHFFFAOYSA-N,COc1cc2oc(C(=O)NCCC3CCN(Cc4ccccc4)CC3)cc(=O)c2cc1OC,ADKJHJNFROJLTD-UHFFFAOYSA-N,train
3029,5781,JJLKMCMOKOTMJV-UHFFFAOYSA-N,O=C(NCCC1CCN(Cc2ccccc2)CC1)c1cc(=O)c2c(O)cc(O)cc2o1,ADKJHJNFROJLTD-UHFFFAOYSA-N,train
3030,5782,RNXAJDXEDORTNS-UHFFFAOYSA-N,COc1cc(OC)c2c(=O)cc(C(=O)NCCC3CCN(Cc4ccccc4)CC3)oc2c1,ADKJHJNFROJLTD-UHFFFAOYSA-N,train
3031,5783,IWMNPLRLJRDNCG-UHFFFAOYSA-N,Nc1ccc2oc(C(=O)NCCC3CCN(Cc4ccccc4)CC3)cc(=O)c2c1,ADKJHJNFROJLTD-UHFFFAOYSA-N,train
3032,5784,ONXNRNIGCHXJJM-UHFFFAOYSA-N,O=C(NCCC1CCN(Cc2ccccc2)CC1)c1cc(=O)c2cc([N+](=O)[O-])ccc2o1,ADKJHJNFROJLTD-UHFFFAOYSA-N,train
3033,5785,MYWJWRCXIVJIOX-UHFFFAOYSA-N,COc1ccc2c(=O)cc(C(=O)NCCC3CCN(Cc4ccccc4)CC3)oc2c1,ADKJHJNFROJLTD-UHFFFAOYSA-N,train
3034,5786,QSZSCUZHHCRPOC-UHFFFAOYSA-N,O=C(NCCC1CCN(Cc2ccccc2)CC1)c1cc(=O)c2cc(O)ccc2o1,ADKJHJNFROJLTD-UHFFFAOYSA-N,train
3035,5787,RVBIUDMTBMMGLC-UHFFFAOYSA-N,COc1ccc2oc(C(=O)NCCC3CCN(Cc4ccccc4)CC3)cc(=O)c2c1,ADKJHJNFROJLTD-UHFFFAOYSA-N,train
3036,5788,FOEMWEVHSFNASA-UHFFFAOYSA-N,COc1cccc2oc(C(=O)NCCC3CCN(Cc4ccccc4)CC3)cc(=O)c12,ADKJHJNFROJLTD-UHFFFAOYSA-N,train
3037,5789,ADKJHJNFROJLTD-UHFFFAOYSA-N,O=C(NCCC1CCN(Cc2ccccc2)CC1)c1cc(=O)c2ccccc2o1,ADKJHJNFROJLTD-UHFFFAOYSA-N,train
3038,5790,CZMZUNUZUGWCRN-UHFFFAOYSA-N,COc1cc2oc(C(=O)OCCC3CCN(Cc4ccccc4)CC3)cc(=O)c2cc1OC,AETZMXQABULFHJ-UHFFFAOYSA-N,train
3039,5791,HLYHYHXLXCHNNE-UHFFFAOYSA-N,COc1cc2oc(C(=O)NCC3CCN(Cc4ccccc4)CC3)cc(=O)c2cc1OC,RZTPWYWAKMREKN-UHFFFAOYSA-N,train
3040,5792,SOTHYLMUQRADIY-UHFFFAOYSA-N,COc1ccc2oc(C(=O)NCC3CCN(Cc4ccccc4)CC3)cc(=O)c2c1,RZTPWYWAKMREKN-UHFFFAOYSA-N,train
3041,5793,TVAFVIMAUJSJNE-UHFFFAOYSA-N,COc1cc2oc(C(=O)OCC3CCN(Cc4ccccc4)CC3)cc(=O)c2cc1OC,ZWFDOEBDUQKTNF-UHFFFAOYSA-N,train
3042,5794,RRMUDFYHNZUTFN-UHFFFAOYSA-N,COc1ccc2oc(C(=O)OCC3CCN(Cc4ccccc4)CC3)cc(=O)c2c1,ZWFDOEBDUQKTNF-UHFFFAOYSA-N,train
3043,5795,LPAILSHOHFNZBM-UHFFFAOYSA-N,COc1cc2oc(C(=O)NC3CCN(Cc4ccccc4)CC3)cc(=O)c2cc1OC,KYHRJRLKNXKQIL-UHFFFAOYSA-N,train
3044,5796,HWFAMARPORWDKE-UHFFFAOYSA-N,O=C(NC1CCN(Cc2ccccc2)CC1)c1cc(=O)c2cc(O)ccc2o1,KYHRJRLKNXKQIL-UHFFFAOYSA-N,train
3045,5797,UUECOJIIJDTIAC-UHFFFAOYSA-N,COc1ccc2oc(C(=O)NC3CCN(Cc4ccccc4)CC3)cc(=O)c2c1,KYHRJRLKNXKQIL-UHFFFAOYSA-N,train
3046,5806,WHBAVQJRUINPTH-UHFFFAOYSA-N,Nc1ccc(O)c(CN2CCCC2)c1,CWEGCQIIDCZZED-UHFFFAOYSA-N,train
3047,5817,YQDALLBKLTWBJF-UHFFFAOYSA-N,CC(C)(C)c1cc(CCC(=O)NCCC2CCN(Cc3ccccc3)CC2)cc(C(C)(C)C)c1O,XMRUHTURRZHFIZ-UHFFFAOYSA-N,train
3048,5818,SSSYJOIFOJYAAD-OUKQBFOZSA-N,CC(C)(C)c1cc(/C=C/C(=O)NCCC2CCN(Cc3ccccc3)CC2)cc(C(C)(C)C)c1O,IPNCANNCIDZOHY-VAWYXSNFSA-N,train
3049,5819,BAJOYHCPUXVMBH-UHFFFAOYSA-N,CC(C)(C)c1cc(C(=O)CNCC2CCN(Cc3ccccc3)CC2)cc(C(C)(C)C)c1O,CUPMXLDBQODCHG-UHFFFAOYSA-N,train
3050,5820,SRMMNLDVKTUNCR-UHFFFAOYSA-N,CC(C)(C)c1cc(C(=O)CNCCC2CCN(Cc3ccccc3)CC2)cc(C(C)(C)C)c1O,MLCSJKYEAXGMNU-UHFFFAOYSA-N,test
3051,5822,RXFASTRSJRIBEQ-JLHYYAGUSA-N,COc1ccc(CN2CCC(CCNC(=O)/C=C/c3cc(C(C)(C)C)c(O)c(C(C)(C)C)c3)CC2)cc1,IPNCANNCIDZOHY-VAWYXSNFSA-N,train
3052,5823,PTGRNZYASAEVPN-OUKQBFOZSA-N,Cc1ccccc1CN1CCC(CCNC(=O)/C=C/c2cc(C(C)(C)C)c(O)c(C(C)(C)C)c2)CC1,IPNCANNCIDZOHY-VAWYXSNFSA-N,train
3053,5824,ITOHYYQDWVLDKH-OUKQBFOZSA-N,Cc1ccc(CN2CCC(CCNC(=O)/C=C/c3cc(C(C)(C)C)c(O)c(C(C)(C)C)c3)CC2)cc1,IPNCANNCIDZOHY-VAWYXSNFSA-N,train
3054,5825,RXSZVSISAHLZBD-VAWYXSNFSA-N,CC(C)(C)c1cc(/C=C/C(=O)NCCC2CCN(Cc3ccccc3F)CC2)cc(C(C)(C)C)c1O,IPNCANNCIDZOHY-VAWYXSNFSA-N,train
3055,5826,CTWWCIRKFWZLQA-ZHACJKMWSA-N,CC(C)(C)c1cc(/C=C/C(=O)NCCC2CCN(Cc3cccc(F)c3)CC2)cc(C(C)(C)C)c1O,IPNCANNCIDZOHY-VAWYXSNFSA-N,train
3056,5827,DVRSLUOCBYPMQA-FMIVXFBMSA-N,CC(C)(C)c1cc(/C=C/C(=O)NCCC2CCN(Cc3ccc(F)cc3)CC2)cc(C(C)(C)C)c1O,IPNCANNCIDZOHY-VAWYXSNFSA-N,train
3057,5828,SIBXURDGGQDAOC-JXMROGBWSA-N,CC(C)(C)c1cc(/C=C/C(=O)NCCC2CCN(Cc3ccc(F)cc3F)CC2)cc(C(C)(C)C)c1O,IPNCANNCIDZOHY-VAWYXSNFSA-N,train
3058,5829,PIAQBVLTUJMIOG-CSKARUKUSA-N,CC(C)(C)c1cc(/C=C/C(=O)NCCC2CCN(Cc3ccc(F)c(F)c3)CC2)cc(C(C)(C)C)c1O,IPNCANNCIDZOHY-VAWYXSNFSA-N,train
3059,5830,IXKCDKJHBGONNW-VAWYXSNFSA-N,CC(C)(C)c1cc(/C=C/C(=O)NCCC2CCN(Cc3ccccc3Cl)CC2)cc(C(C)(C)C)c1O,IPNCANNCIDZOHY-VAWYXSNFSA-N,train
3060,5831,RYQSPKQMKQUAEH-ZHACJKMWSA-N,CC(C)(C)c1cc(/C=C/C(=O)NCCC2CCN(Cc3cccc(Cl)c3)CC2)cc(C(C)(C)C)c1O,IPNCANNCIDZOHY-VAWYXSNFSA-N,train
3061,5832,VQWLSGGGBVCZAH-FMIVXFBMSA-N,CC(C)(C)c1cc(/C=C/C(=O)NCCC2CCN(Cc3ccc(Br)cc3)CC2)cc(C(C)(C)C)c1O,IPNCANNCIDZOHY-VAWYXSNFSA-N,train
3062,5833,HTVDGYVAZPIPJH-ZHACJKMWSA-N,CC(C)(C)c1cc(/C=C/C(=O)NCCC2CCN(Cc3cccc([N+](=O)[O-])c3)CC2)cc(C(C)(C)C)c1O,IPNCANNCIDZOHY-VAWYXSNFSA-N,train
3063,5834,UIDJKYIGMUKBSW-VAWYXSNFSA-N,CC(C)(C)c1cc(/C=C/C(=O)NCCC2CCN(Cc3ccc(C#N)cc3)CC2)cc(C(C)(C)C)c1O,IPNCANNCIDZOHY-VAWYXSNFSA-N,train
3064,5837,DANIUTWEXULISV-UHFFFAOYSA-N,COc1ccc2nc3c(c(NCCCCCNC(=S)NC45CC6CC(CC(C6)C4)C5)c2c1)CCCC3,GMHLOJBKEVFYBC-UHFFFAOYSA-N,train
3065,5838,YCQJXONOYVGKOF-UHFFFAOYSA-N,NC12CC3CC(F)(CC(C1)c1cc(NC(=O)CCCCNc4c5c(nc6cc(Cl)ccc46)CCCC5)ccc13)C2,UYGGALTZYKSLEI-UHFFFAOYSA-N,test
3066,5839,KYDRQPDEAFLWHH-UHFFFAOYSA-N,NC12CC3CC(F)(CC(C1)c1cc(NC(=O)CCCNc4c5c(nc6cc(Cl)ccc46)CCCC5)ccc13)C2,IFNVPYBVJOVWAH-UHFFFAOYSA-N,train
3067,5840,KGFCDQGKQARIBX-UHFFFAOYSA-N,FC12CC3CC(NCCCCCNc4c5c(nc6cc(Cl)ccc46)CCCC5)(CC(C1)c1ccccc13)C2,LDRGEOHTADJCMG-UHFFFAOYSA-N,test
3068,5841,PFHHTCZAEAYBFZ-UHFFFAOYSA-N,FC12CC3CC(NCCCCNc4c5c(nc6cc(Cl)ccc46)CCCC5)(CC(C1)c1ccccc13)C2,BJCSXPZMHOHQFQ-UHFFFAOYSA-N,train
3069,5842,QCLKADUVPRHWRU-UHFFFAOYSA-N,O=C(CCCCNc1c2c(nc3cc(Cl)ccc13)CCCC2)NC12CC3CC(F)(CC(C1)c1ccccc13)C2,VJCSRHPAMHRBGW-UHFFFAOYSA-N,test
3070,5843,TYMUTPUANLZRMT-UHFFFAOYSA-N,O=C(CCCNc1c2c(nc3cc(Cl)ccc13)CCCC2)NC12CC3CC(F)(CC(C1)c1ccccc13)C2,JOSSBZXGFHCABJ-UHFFFAOYSA-N,train
3071,5849,HMJSYJOCHJOOKM-HMMYKYKNSA-N,O=C(/C=C/c1ccc(OCCCCCCN2CCCC2)cc1)c1ccc(OCCCCCCN2CCCC2)cc1O,WVNPHZUMSCQBDN-PXLXIMEGSA-N,test
3072,5850,RDXMXMFYYIGFGR-NTCAYCPXSA-N,O=C(/C=C/c1ccccc1)c1ccc(OCCCCCCN2CCCC2)cc1O,WQMAGHZSMFCGDV-SFQUDFHCSA-N,test
3073,5865,NRSCUZWEMZYPRV-UHFFFAOYSA-N,CCCCCCCNC(=O)Oc1ccc2c(c1)CN1CCc3ccccc3C1N2C,HWLGLQZTWCGHLI-UHFFFAOYSA-N,train
3074,5867,ZJLQVNQXVJLIGI-UHFFFAOYSA-N,CN1c2ccc(OC(=O)NCCCCCCN3CCCC3)cc2CN2CCc3ccccc3C21,FEWSBLNWZZKPCG-UHFFFAOYSA-N,train
3075,5869,GHSNUWWKAOQNSM-UHFFFAOYSA-N,CN1c2ccc(OC(=O)NCCCCCCN3CCCCC3)cc2CN2CCc3ccccc3C21,DSSYZJQEEUGKTN-UHFFFAOYSA-N,train
3076,5871,KLTSFNXPVWLHSI-OBGWFSINSA-N,O=C(/C=C/c1ccc([N+](=O)[O-])cc1)NCCCCCCNc1c2c(nc3ccccc13)CCCC2,RIZHLFWUQTUAPS-VHEBQXMUSA-N,train
3077,5873,BZVFMSQUPBFGSK-UHFFFAOYSA-N,Cc1cc(C)c(S(=O)(=O)Nc2ccc(C3C4=C(CC(C)(C)CC4=O)N(c4ccc(Br)cc4)C4=C3C(=O)CC(C)(C)C4)cc2)c(C)c1,ZFHXEPZVGHEEOG-UHFFFAOYSA-N,test
3078,5874,AKHUHXLIAAFKEN-UHFFFAOYSA-N,Cc1c(C)c2ccc(OCC3CCN(Cc4cccc(CO)c4)CC3)cc2oc1=O,DXFDENZBIGTAQD-UHFFFAOYSA-N,train
3079,5875,QLFPNOYDCBXGNI-UHFFFAOYSA-N,Cc1c(C)c2ccc(OCC3CCN(Cc4cccc(OCCCO)c4)CC3)cc2oc1=O,DXFDENZBIGTAQD-UHFFFAOYSA-N,train
3080,5876,IEMVOQOAOQXSRB-UHFFFAOYSA-N,Cc1c(C)c2ccc(OCC3CCN(CCCO)CC3)cc2oc1=O,ICROVGRUHKJRIN-UHFFFAOYSA-N,train
3081,5877,NBANFZDFABUAHK-UHFFFAOYSA-N,Cc1c(C)c2ccc(OCC3CCN(Cc4cccc(CO[N+](=O)[O-])c4)CC3)cc2oc1=O,DXFDENZBIGTAQD-UHFFFAOYSA-N,train
3082,5878,OYUDOWGNEYPOED-UHFFFAOYSA-N,Cc1c(C)c2ccc(OCC3CCN(CCCO[N+](=O)[O-])CC3)cc2oc1=O,ICROVGRUHKJRIN-UHFFFAOYSA-N,train
3083,5879,XOEFPFRIFYUXTJ-UHFFFAOYSA-N,Cc1c(C)c2ccc(OCC3CCN(Cc4cccc(OCCCO[N+](=O)[O-])c4)CC3)cc2oc1=O,DXFDENZBIGTAQD-UHFFFAOYSA-N,train
3084,5882,DUUYHLUSDHATNS-UHFFFAOYSA-N,COc1c(C(=O)CCC2CCN(CC3CCCCC3)CC2)cc(Cl)c2[nH]ccc12,JBJVWRHVBXWURS-UHFFFAOYSA-N,train
3085,5883,MPSZYPNQOASYLS-UHFFFAOYSA-N,COc1c(C(=O)CCC2CCN(Cc3ccccc3)CC2)cc(Cl)c2[nH]c([Si](C)(C)C)cc12,CPQKZLNBCUOHCW-UHFFFAOYSA-N,train
3086,5884,BXNNACCQTQBSOO-UHFFFAOYSA-N,COc1c(C(=O)CCC2CCN(Cc3ccccc3)CC2)cc(Cl)c2[nH]ccc12,CPQKZLNBCUOHCW-UHFFFAOYSA-N,train
3087,5885,JWNWVBYZLJCIIB-UHFFFAOYSA-N,O=C(CCC1CCN(CC2CCCCC2)CC1)c1cc(Cl)c2[nH]ccc2c1,JBJVWRHVBXWURS-UHFFFAOYSA-N,train
3088,5886,CPQKZLNBCUOHCW-UHFFFAOYSA-N,O=C(CCC1CCN(Cc2ccccc2)CC1)c1ccc2[nH]ccc2c1,CPQKZLNBCUOHCW-UHFFFAOYSA-N,train
3089,5887,JBJVWRHVBXWURS-UHFFFAOYSA-N,O=C(CCC1CCN(CC2CCCCC2)CC1)c1ccc2[nH]ccc2c1,JBJVWRHVBXWURS-UHFFFAOYSA-N,train
3090,5888,MIGORCBCNUSMCM-UHFFFAOYSA-N,O=C(CCC1CCN(CC2CCCC2)CC1)c1ccc2[nH]ccc2c1,MIGORCBCNUSMCM-UHFFFAOYSA-N,test
3091,5889,NAPNJRUKMMPNCH-UHFFFAOYSA-N,CCCCN1CCC(CCC(=O)c2ccc3[nH]ccc3c2)CC1,LOMLPRNAQQELSF-UHFFFAOYSA-N,test
3092,5890,DZXRSFAKIAKMMD-UHFFFAOYSA-N,COc1c(C(=O)CCC2CCN(CC3CCCCC3)CC2)ccc2[nH]ccc12,JBJVWRHVBXWURS-UHFFFAOYSA-N,train
3093,5891,WGHVGXHVNKORID-UHFFFAOYSA-N,COc1c(C(=O)CCC2CCN(CC3CCCCC3)CC2)cc(Cl)c2c1ccn2C,JBJVWRHVBXWURS-UHFFFAOYSA-N,train
3094,5892,BWHJWVZOPVYSAH-UHFFFAOYSA-N,COc1c(C(=O)CCC2CCN(CC3CCCCC3)CC2)cc(Cl)c2c1ccn2Cc1ccccc1,ICALDSOVJLIENB-UHFFFAOYSA-N,train
3095,5893,OCRVFOOHQXMKBB-UHFFFAOYSA-N,COc1c(C(=O)CCC2CCN(CC3CCCCC3)CC2)cc(Cl)c2c1ccn2S(=O)(=O)c1ccccc1,QJGJBTMGSJXUEK-UHFFFAOYSA-N,test
3096,5894,ICALDSOVJLIENB-UHFFFAOYSA-N,O=C(CCC1CCN(CC2CCCCC2)CC1)c1ccc2c(ccn2Cc2ccccc2)c1,ICALDSOVJLIENB-UHFFFAOYSA-N,train
3097,5914,WQEXQLNOSVQQKJ-UHFFFAOYSA-N,COc1ccc(C2=NN(C(C)=O)C(c3ccc(N4CCN(C)CC4)cc3)C2)cc1OC,KOEQXAIZPKXQOX-UHFFFAOYSA-N,test
3098,5922,BOTHFECTSJELMD-UHFFFAOYSA-N,Cc1c(OCc2ccccc2)cccc1N1CCN(CCCCCCNc2c3c(nc4c2CCCC4)CCCC3)CC1,NJVWJGAVTXBCBA-UHFFFAOYSA-N,test
3099,5923,LEPYXEMBDAEDMH-UHFFFAOYSA-N,COc1ccccc1CN1CCN(CCCCCOc2cccc3[nH]c4ccccc4c23)CC1,VGGGTYRHDJQAQD-UHFFFAOYSA-N,test
3100,5924,BFMCRDMUZOAUJR-UHFFFAOYSA-N,COc1cc2c(cc1OC)-c1cc(OCCN3CCCCC3)nc(=O)n1CC2,QTIFXMRWBZDFPS-UHFFFAOYSA-N,test
3101,5925,XKQZQFKGCCBLCH-UHFFFAOYSA-N,COc1ccc2nc3c(c(NCCCCCCCCNC(=S)NC45CC6CC(CC(C6)C4)C5)c2c1)CCCC3,OOIIDFVKSKEUOD-UHFFFAOYSA-N,test
3102,5930,CAUGRGPIGSATHE-LFVJCYFKSA-N,C#CCOc1ccc(/C=N/Nc2c3c(nc4ccccc24)CCCC3)cc1,HKTVPOSINVFDKN-KGENOOAVSA-N,train
3103,5931,UWFZXJWPNDCUOE-UXHLAJHPSA-N,C(=N\Nc1c2c(nc3ccccc13)CCCC2)/c1ccc(OCc2cn(-c3ccccc3)nn2)cc1,UWFZXJWPNDCUOE-UXHLAJHPSA-N,train
3104,5932,MZMUBKIIIBTNQJ-KBVAKVRCSA-N,Clc1ccc(-n2cc(COc3ccc(/C=N/Nc4c5c(nc6ccccc46)CCCC5)cc3)nn2)cc1,UWFZXJWPNDCUOE-UXHLAJHPSA-N,train
3105,5934,LCNLCVGYIKOJAW-FDAWAROLSA-N,Cc1ccc(-n2cc(COc3ccc(/C=N/Nc4c5c(nc6ccccc46)CCCC5)cc3)nn2)cc1,UWFZXJWPNDCUOE-UXHLAJHPSA-N,train
3106,5935,QOCIGUHOSOHOPZ-FDAWAROLSA-N,COc1ccc(-n2cc(COc3ccc(/C=N/Nc4c5c(nc6ccccc46)CCCC5)cc3)nn2)cc1,UWFZXJWPNDCUOE-UXHLAJHPSA-N,train
3107,5936,WVIMROQHKDFMRR-KBVAKVRCSA-N,O=C(O)c1ccc(-n2cc(COc3ccc(/C=N/Nc4c5c(nc6ccccc46)CCCC5)cc3)nn2)cc1,UWFZXJWPNDCUOE-UXHLAJHPSA-N,train
3108,5937,HUDWJNHJOKPRKI-OCSSWDANSA-N,O=[N+]([O-])c1ccc(-n2cc(COc3ccc(/C=N/Nc4c5c(nc6ccccc46)CCCC5)cc3)nn2)cc1,UWFZXJWPNDCUOE-UXHLAJHPSA-N,train
3109,5938,VNUMIBCAIFARQP-OCSSWDANSA-N,O=[N+]([O-])c1cccc(-n2cc(COc3ccc(/C=N/Nc4c5c(nc6ccccc46)CCCC5)cc3)nn2)c1,UWFZXJWPNDCUOE-UXHLAJHPSA-N,train
3110,5939,UPFUAMRNRBIMEV-FDAWAROLSA-N,C(=N\Nc1c2c(nc3ccccc13)CCCC2)/c1ccc(OCc2cn(Cc3ccccc3)nn2)cc1,UPFUAMRNRBIMEV-FDAWAROLSA-N,test
3111,5940,DVNIYUWNPGFHPL-KBVAKVRCSA-N,NS(=O)(=O)c1ccc(-n2cc(COc3ccc(/C=N/Nc4c5c(nc6ccccc46)CCCC5)cc3)nn2)cc1,UWFZXJWPNDCUOE-UXHLAJHPSA-N,train
3112,5941,ACCSWVGAMRADDI-UHFFFAOYSA-N,S=C(NNc1c2c(nc3ccccc13)CCCC2)Nc1ccccc1,ACCSWVGAMRADDI-UHFFFAOYSA-N,train
3113,5942,HSUWPQYTIZQCMM-UHFFFAOYSA-N,S=C(NNc1c2c(nc3ccccc13)CCCC2)Nc1ccc(Cl)cc1,ACCSWVGAMRADDI-UHFFFAOYSA-N,train
3114,5943,RERMGBWFFCPWCM-UHFFFAOYSA-N,S=C(NNc1c2c(nc3ccccc13)CCCC2)Nc1ccc(Br)cc1,ACCSWVGAMRADDI-UHFFFAOYSA-N,train
3115,5944,RBXHQVFVPFTMCX-UHFFFAOYSA-N,COc1ccc(NC(=S)NNc2c3c(nc4ccccc24)CCCC3)cc1,ACCSWVGAMRADDI-UHFFFAOYSA-N,train
3116,5945,GHGXCYPXBDQVRC-UHFFFAOYSA-N,S=C(NCc1ccccc1)NNc1c2c(nc3ccccc13)CCCC2,GHGXCYPXBDQVRC-UHFFFAOYSA-N,train
3117,5946,ZNKBYJMHBTUJRQ-UHFFFAOYSA-N,C=CCNC(=S)NNc1c2c(nc3ccccc13)CCCC2,RXBYRTSOWREATF-UHFFFAOYSA-N,train
3118,5947,WJZURRJVYGWLGY-UHFFFAOYSA-N,NS(=O)(=O)c1ccc(NC(=S)NNc2c3c(nc4ccccc24)CCCC3)cc1,ACCSWVGAMRADDI-UHFFFAOYSA-N,train
3119,5954,YVKJKOIRYVRHGO-UKTHLTGXSA-N,COc1ccc2[nH]cc(CCNC(=O)CN(CCC3CCN(Cc4ccccc4)CC3)C(=O)/C=C/c3ccc(O)c(OC)c3)c2c1,ZDIISGQXYRMQOL-FOCLMDBBSA-N,test
3120,5955,XCEUHRXQIRAKKN-RVDMUPIBSA-N,COc1ccc2[nH]cc(CCNC(=O)CN(CCCC3CCN(Cc4ccccc4)CC3)C(=O)/C=C/c3ccc(O)c(OC)c3)c2c1,YOTRKRSZYIWZER-ISLYRVAYSA-N,test
3121,5956,WIXYVLRIZYZCIN-UHFFFAOYSA-N,c1ccc2c(NCc3ccc(-c4ccc(CNc5c6c(nc7ccccc57)CCCC6)cc4)cc3)c3c(nc2c1)CCCC3,WIXYVLRIZYZCIN-UHFFFAOYSA-N,test
3122,5957,XDSJIKQHXRQOIP-KNTRCKAVSA-N,O=C(/C=C/c1ccc(OCc2ccccc2)cc1)NCCNc1c2c(nc3ccccc13)CCCC2,XDSJIKQHXRQOIP-KNTRCKAVSA-N,train
3123,5958,VLBMEFQKZXFPCO-FBMGVBCBSA-N,COc1cc(/C=C/C(=O)NCCNc2c3c(nc4ccccc24)CCCC3)ccc1OCc1ccccc1,XDSJIKQHXRQOIP-KNTRCKAVSA-N,train
3124,5960,FRHTWDFXZBLZBU-UHFFFAOYSA-N,COc1cc2oc(-c3ccc(NCCCNc4c5c(nc6cc(Cl)ccc46)CCCC5)cc3)cc(=O)c2c(OC)c1OC,OQCKWLOIPJNBSU-UHFFFAOYSA-N,test
3125,5961,CCGIYZLQUZJLKH-UHFFFAOYSA-N,COc1cc2oc(-c3ccc(NCCCCNc4c5c(nc6cc(Cl)ccc46)CCCC5)cc3)cc(=O)c2c(OC)c1OC,UPJAFSLAGGYJTO-UHFFFAOYSA-N,test
3126,6004,MBXWWOQMVCKTJD-UHFFFAOYSA-N,COc1cc(NCc2ccc(Oc3c(N)cccc3Cl)cc2)cc(OC)c1OC,MDBSZUMQHKZVNQ-UHFFFAOYSA-N,train
3127,6005,RHGMPEQTBDUBAP-UHFFFAOYSA-N,COc1cc(NCc2ccc(Oc3c(N)cccc3Cl)cc2)cc(OC)c1,MDBSZUMQHKZVNQ-UHFFFAOYSA-N,train
3128,6008,DSYOYHCOKSRCCB-UHFFFAOYSA-N,Nc1cccc(Cl)c1Oc1ccc(CNc2ccc(O)cc2)cc1,MDBSZUMQHKZVNQ-UHFFFAOYSA-N,train
3129,6009,RPGKZHKRCUTZJJ-UHFFFAOYSA-N,COc1ccc(NCc2ccc(Oc3c(N)cccc3Cl)cc2)cc1,MDBSZUMQHKZVNQ-UHFFFAOYSA-N,train
3130,6012,QWWFKMFYKDRACG-UHFFFAOYSA-N,Nc1cccc(Cl)c1Oc1ccc(CNc2cccc(O)c2)cc1,MDBSZUMQHKZVNQ-UHFFFAOYSA-N,train
3131,6013,XQQWLYKHCORLFB-UHFFFAOYSA-N,COc1cccc(NCc2ccc(Oc3c(N)cccc3Cl)cc2)c1,MDBSZUMQHKZVNQ-UHFFFAOYSA-N,train
3132,6017,DETGCLIOJUVWEZ-UHFFFAOYSA-N,OC(CNCc1cccc(OCc2ccccc2)c1)Cn1cc(Br)c2cc(Br)ccc21,KAHSAWGWWLYAFT-UHFFFAOYSA-N,train
3133,6019,DWTAGOLVNDKSRI-UHFFFAOYSA-N,Cc1ccc2[nH]c3c(c2c1)CN(CCCCCN1CCc2[nH]c4ccc(C)cc4c2C1)CC3,ZYPJYLDRGHUJBF-UHFFFAOYSA-N,test
3134,6020,OJODVAHCAIUCKZ-UHFFFAOYSA-N,COc1ccc(CNC(=O)C2CCN(C(=O)c3ccccc3)CC2)cc1OC,KLRSIHXKOHRWGL-UHFFFAOYSA-N,test
3135,6021,FQFLPZZATVCNLA-UHFFFAOYSA-N,C#CCN(C)Cc1ccc(O)c2ncccc12,SMWDFEZZVXVKRB-UHFFFAOYSA-N,train
3136,6022,YKEPKFWKYHJUNN-UHFFFAOYSA-N,COc1ccc2[nH]c3nc4c(c(N)c3c2c1)CCCC4,OZOJQXNQWKXZBF-UHFFFAOYSA-N,test
3137,6028,RUDKRUDNBKIVLP-UHFFFAOYSA-N,CCOc1ccc(Cc2nc3cc(C(=O)N(CC)CC)ccc3n2CCNc2c3c(nc4ccccc24)CCCC3)cc1,IAONPROFUFTPDB-UHFFFAOYSA-N,train
3138,6029,ZVJIYGXYCVEXOA-UHFFFAOYSA-N,CCOc1ccc(Cc2nc3cc(C(=O)N(CC)CC)ccc3n2CCCNc2c3c(nc4ccccc24)CCCC3)cc1,CHOBURRKJISLAI-UHFFFAOYSA-N,train
3139,6030,BLVUOIKRKMBLEC-UHFFFAOYSA-N,CCOc1ccc(Cc2nc3cc(C(=O)N(CC)CC)ccc3n2CCCCNc2c3c(nc4ccccc24)CCCC3)cc1,INTOIIYEBBHGJB-UHFFFAOYSA-N,train
3140,6031,GWZNJBBWDDNMOZ-UHFFFAOYSA-N,CCOc1ccc(Cc2nc3cc(C(=O)N(CC)CC)ccc3n2CCCCCNc2c3c(nc4ccccc24)CCCC3)cc1,IKRUJDIZDVTNER-UHFFFAOYSA-N,train
3141,6032,UTGZBXOXPAIMOK-UHFFFAOYSA-N,CCOc1ccc(Cc2nc3cc(C(=O)N(CC)CC)ccc3n2CCCCCCNc2c3c(nc4ccccc24)CCCC3)cc1,ZEVOVWBNRKGLDL-UHFFFAOYSA-N,test
3142,6033,UIKPRYUVBQFRSX-UHFFFAOYSA-N,CCOc1ccc(Cc2nc3cc(C(=O)NCCNc4c5c(nc6ccccc46)CCCC5)ccc3n2CCC(C)C)cc1,HOJATIWRETURNC-UHFFFAOYSA-N,train
3143,6034,GMPFGFALXNLDAY-UHFFFAOYSA-N,CCOc1ccc(Cc2nc3cc(C(=O)NCCCNc4c5c(nc6ccccc46)CCCC5)ccc3n2CCC(C)C)cc1,VLLRRLPCMCEADG-UHFFFAOYSA-N,test
3144,6035,YWNNZVOAUVSVFF-UHFFFAOYSA-N,CCOc1ccc(Cc2nc3cc(C(=O)NCCCCNc4c5c(nc6ccccc46)CCCC5)ccc3n2CCC(C)C)cc1,VJHQBGAGFAIABW-UHFFFAOYSA-N,train
3145,6036,BQKOWNFTPBQPCP-UHFFFAOYSA-N,CCOc1ccc(Cc2nc3cc(C(=O)NCCCCCNc4c5c(nc6ccccc46)CCCC5)ccc3n2CCC(C)C)cc1,NVDHFTXROXTURM-UHFFFAOYSA-N,test
3146,6037,IMOLICJGVYGXAG-UHFFFAOYSA-N,CCOc1ccc(Cc2nc3cc(C(=O)NCCCCCCNc4c5c(nc6ccccc46)CCCC5)ccc3n2CCC(C)C)cc1,PDNCNRYLFQRSRY-UHFFFAOYSA-N,test
3147,6038,KVXNLJPGYFESSM-UHFFFAOYSA-N,CCOc1ccc(Cc2nc3cc(C(=O)N(CC)CCCCNc4c5c(nc6ccccc46)CCCC5)ccc3n2CCC(C)C)cc1,VJHQBGAGFAIABW-UHFFFAOYSA-N,train
3148,6039,QWAXIXJFJWHJOJ-UHFFFAOYSA-N,CCOc1ccc(Cc2nc3cc(C(=O)N(CC)CC)ccc3n2CCOCCOCCNc2c3c(nc4ccccc24)CCCC3)cc1,RVHZRKHNPYJEEY-UHFFFAOYSA-N,test
3149,6040,KATPQNPJPWWNSE-UHFFFAOYSA-N,CCOc1ccc(Cc2nc3cc(C(=O)NCCOCCOCCNc4c5c(nc6ccccc46)CCCC5)ccc3n2CCC(C)C)cc1,LKYPBIDVZVMEJC-UHFFFAOYSA-N,test
3150,6041,GJNQPCWPXQPEOZ-UHFFFAOYSA-N,CCOc1ccc(Cc2nc3cc(C(=O)NCCSSCCNc4c5c(nc6ccccc46)CCCC5)ccc3n2CCC(C)C)cc1,HPKYQTRKQUMCOS-UHFFFAOYSA-N,train
3151,6043,LPFRQQSAVVOOFW-FYJGNVAPSA-N,Oc1ccc(/C=N/c2c3c(nc4ccccc24)CCCC3)cc1,QMMRHVHQOLFZMP-KGENOOAVSA-N,train
3152,6044,PQHHHZGJZDSJDP-CIAFOILYSA-N,Oc1ccc(/C=N/c2c3c(nc4ccccc24)CCCC3)cc1O,QMMRHVHQOLFZMP-KGENOOAVSA-N,train
3153,6045,DHQHCSROVOIZIA-UHFFFAOYSA-N,Oc1ccc(CNc2c3c(nc4ccccc24)CCCC3)cc1O,JYJAEHAURXXPSD-UHFFFAOYSA-N,train
3154,6046,UPDJYWZNZKMPDX-SRZZPIQSSA-N,Oc1cc(/C=N/c2c3c(nc4ccccc24)CCCC3)cc(O)c1O,QMMRHVHQOLFZMP-KGENOOAVSA-N,train
3155,6047,KRJKXHMZSOYNPZ-UHFFFAOYSA-N,Oc1ccc(CNCCCCCCNc2c3c(nc4ccccc24)CCCC3)cc1O,VWLGZNUAGMXEGX-UHFFFAOYSA-N,test
3156,6048,WZYKETQNVWSQLW-UHFFFAOYSA-N,COc1ccc(CCOCCCCCNc2c3c(nc4ccccc24)CCCC3)cc1,HQDPUZWRGZJKEA-UHFFFAOYSA-N,train
3157,6049,HEPJUELRSNLABC-UHFFFAOYSA-N,COc1ccc(CCOCCCCCNc2c3c(nc4ccccc24)CCCC3)cc1OC,HQDPUZWRGZJKEA-UHFFFAOYSA-N,train
3158,6050,UHCNDWKIQWKBPR-UHFFFAOYSA-N,c1ccc(COc2ccc(CCOCCCCCNc3c4c(nc5ccccc35)CCCC4)cc2)cc1,UHCNDWKIQWKBPR-UHFFFAOYSA-N,test
3159,6051,KABZVCNOZFGCQY-UHFFFAOYSA-N,c1ccc(COc2ccc(CCOCCCCCNc3c4c(nc5ccccc35)CCCC4)cc2OCc2ccccc2)cc1,KABZVCNOZFGCQY-UHFFFAOYSA-N,train
3160,6052,AZMKNSQZSVBTKB-UHFFFAOYSA-N,Oc1ccc(CCOCCCCCNc2c3c(nc4ccccc24)CCCC3)cc1,HQDPUZWRGZJKEA-UHFFFAOYSA-N,train
3161,6053,HHMHVPYNIQVEKU-UHFFFAOYSA-N,Oc1ccc(CCOCCCCCNc2c3c(nc4ccccc24)CCCC3)cc1O,HQDPUZWRGZJKEA-UHFFFAOYSA-N,train
3162,6055,WJKHUZSNGGHVOF-UHFFFAOYSA-N,COc1cc(N)c(Cl)cc1C(=O)CCC1CCN(Cc2ccc(O)c(O)c2)CC1,XDGMPBUKARQUCK-UHFFFAOYSA-N,train
3163,6056,MJZWGMRLOIJCMD-UHFFFAOYSA-N,COc1cc(CN2CCC(CCC(=O)c3cc(Cl)c(N)cc3OC)CC2)ccc1O,XDGMPBUKARQUCK-UHFFFAOYSA-N,train
3164,6061,MRFSMIRSXXECOJ-UTFQDXCBSA-N,COC(=O)/C(=C\C(=O)c1cc(O)ccc1O)CC/C=C(\C)CCC=C(C)C,UHOVQNZJYSORNB-UHFFFAOYSA-N,train
3165,6063,UKIGXRPAJQOYHR-UHFFFAOYSA-N,Cc1ccc2oc(-c3ccc(OCCCCCCN4CCCCCC4)cc3)cc(=O)c2c1,WRDWNDOAIVMNKL-UHFFFAOYSA-N,test
3166,6064,NDDYCWJCTGXGIS-UHFFFAOYSA-N,Cc1ccc2oc(-c3ccc(OCCCCCCN4CCCCC4)cc3)cc(=O)c2c1,IFOPJGURFAUYCJ-UHFFFAOYSA-N,train
3167,6067,USYRQXDHKXGTCK-UHFFFAOYSA-N,Cc1cc(N2CCCCC2)nc2ccccc12,JWKIBLYWKJBSQP-UHFFFAOYSA-N,train
3168,6068,FNTHJTUPRVAXFZ-UHFFFAOYSA-N,O=C(NNC(=S)Nc1ccc(Cl)c(Cl)c1)c1ccccc1O,YFIKTVJZVZMIMY-UHFFFAOYSA-N,test
3169,6073,GJARULZXVOTKRA-CCDWMCETSA-N,CC[C@@H](CN1CCCC1=O)C(=O)NCCCCCCCNc1c2c(nc3cc(Cl)ccc13)C[C@H]1C=C(C)C[C@@H]2C1,CCWGHNPGJUADOI-XZOQPEGZSA-N,train
3170,6074,KVFYASGAAUBFSE-UHFFFAOYSA-N,O=C(Cc1cc(=O)oc2cc(O)ccc12)NCCCNCCNCCCNc1c2c(nc3ccccc13)CCCC2,SVWWISPUCMTYSV-UHFFFAOYSA-N,test
3171,6079,JRYNVBKKSAGWOO-UHFFFAOYSA-N,O=C(Nc1cccc(-c2cn(CCNc3c4c(nc5ccccc35)CCCC4)nn2)n1)Nc1cccc2c1C1CCCCN1C2=O,JRYNVBKKSAGWOO-UHFFFAOYSA-N,train
3172,6080,OUNZLBTXEMRQQC-UHFFFAOYSA-N,O=C(Nc1ccc(-c2cn(CCNc3c4c(nc5ccccc35)CCCC4)nn2)cn1)Nc1cccc2c1C1CCCCN1C2=O,OUNZLBTXEMRQQC-UHFFFAOYSA-N,test
3173,6081,BNBWNJAILLASJW-PMERELPUSA-N,O=C(Nc1cc(-c2cn(CCNc3c4c(nc5ccccc35)CCCC4)nn2)ccn1)Nc1cccc2c1[C@@H]1CCCCN1C2=O,BNBWNJAILLASJW-PMERELPUSA-N,train
3174,6082,BNBWNJAILLASJW-SSEXGKCCSA-N,O=C(Nc1cc(-c2cn(CCNc3c4c(nc5ccccc35)CCCC4)nn2)ccn1)Nc1cccc2c1[C@H]1CCCCN1C2=O,BNBWNJAILLASJW-SSEXGKCCSA-N,train
3175,6083,BNBWNJAILLASJW-UHFFFAOYSA-N,O=C(Nc1cc(-c2cn(CCNc3c4c(nc5ccccc35)CCCC4)nn2)ccn1)Nc1cccc2c1C1CCCCN1C2=O,BNBWNJAILLASJW-UHFFFAOYSA-N,train
3176,6084,ZETZOOFGTLYZGU-UHFFFAOYSA-N,O=C(Nc1cc(CCc2cn(CCNc3c4c(nc5ccccc35)CCCC4)nn2)ccn1)Nc1cccc2c1C1CCCCN1C2=O,ZETZOOFGTLYZGU-UHFFFAOYSA-N,test
3177,6085,JFZKYPJKWAMWMK-UHFFFAOYSA-N,CN(Cc1ccnc(NC(=O)Nc2cccc3c2C2CCCCN2C3=O)c1)Cc1cn(CCNc2c3c(nc4ccccc24)CCCC3)nn1,ZDTBBXCYGVOCRF-UHFFFAOYSA-N,test
3178,6086,IDMGTGWKKYHBFA-UHFFFAOYSA-N,O=C(Nc1cc(COCc2cn(CCNc3c4c(nc5ccccc35)CCCC4)nn2)ccn1)Nc1cccc2c1C1CCCCN1C2=O,IDMGTGWKKYHBFA-UHFFFAOYSA-N,train
3179,6089,IZGHBNGGZIMGSC-UHFFFAOYSA-N,O=C(CCCCCNc1c2c(nc3cc(Cl)ccc13)CCCC2)NCCc1cc2ccccc2[nH]1,KSYYXMRZAZGDOQ-UHFFFAOYSA-N,test
3180,6092,MSZVAOQNSCIOAB-UHFFFAOYSA-N,NC(Cc1c[nH]c2ccccc12)C(=O)NCCCCCCNc1c2c(nc3cc(Cl)ccc13)CCCC2,NTISYWBCRKDSDB-UHFFFAOYSA-N,train
3181,6093,MSZVAOQNSCIOAB-RUZDIDTESA-N,N[C@H](Cc1c[nH]c2ccccc12)C(=O)NCCCCCCNc1c2c(nc3cc(Cl)ccc13)CCCC2,NTISYWBCRKDSDB-UHFFFAOYSA-N,train
3182,6094,GFMYQRNZXTUENT-QFIPXVFZSA-N,COc1ccc2nc3c(c(NCCNC(=O)[C@@H](N)Cc4c[nH]c5ccccc45)c2c1)CCCC3,RUENGMAURQTLGQ-UHFFFAOYSA-N,train
3183,6095,FRUHEQBKJAVKNR-QHCPKHFHSA-N,COc1ccc2nc3c(c(NCCCNC(=O)[C@@H](N)Cc4c[nH]c5ccccc45)c2c1)CCCC3,XLVSJMJWAUTOHH-UHFFFAOYSA-N,train
3184,6097,ODGYOTYMWFEDPR-VWLOTQADSA-N,COc1ccc2nc3c(c(NCCCCCNC(=O)[C@@H](N)Cc4c[nH]c5ccccc45)c2c1)CCCC3,YYNNNHICPRTURU-UHFFFAOYSA-N,train
3185,6098,PIQLGTWEYNORDA-SANMLTNESA-N,COc1ccc2nc3c(c(NCCCCCCNC(=O)[C@@H](N)Cc4c[nH]c5ccccc45)c2c1)CCCC3,NTISYWBCRKDSDB-UHFFFAOYSA-N,train
3186,6099,YYMUQEIOHNQFHD-MHZLTWQESA-N,COc1ccc2nc3c(c(NCCCCCCCNC(=O)[C@@H](N)Cc4c[nH]c5ccccc45)c2c1)CCCC3,UGBNXSYMNXHJKM-UHFFFAOYSA-N,train
3187,6100,BMKLRTWRKHBPOD-NDEPHWFRSA-N,COc1ccc2nc3c(c(NCCCCCCCCNC(=O)[C@@H](N)Cc4c[nH]c5ccccc45)c2c1)CCCC3,GQBWHZBWCYHEEM-UHFFFAOYSA-N,train
3188,6101,LNSAIWZSMKGWEC-NRFANRHFSA-N,N[C@@H](Cc1c[nH]c2ccccc12)C(=O)NCCNc1c2c(nc3cc(Cl)ccc13)CCCC2,RUENGMAURQTLGQ-UHFFFAOYSA-N,train
3189,6102,KEGGORLMXIOPRP-QFIPXVFZSA-N,N[C@@H](Cc1c[nH]c2ccccc12)C(=O)NCCCNc1c2c(nc3cc(Cl)ccc13)CCCC2,XLVSJMJWAUTOHH-UHFFFAOYSA-N,train
3190,6103,WKYCVHHGPCFKPD-QHCPKHFHSA-N,N[C@@H](Cc1c[nH]c2ccccc12)C(=O)NCCCCNc1c2c(nc3cc(Cl)ccc13)CCCC2,YMJFBQQOSAAGSZ-UHFFFAOYSA-N,train
3191,6104,XBJIRKNODSWCBD-DEOSSOPVSA-N,N[C@@H](Cc1c[nH]c2ccccc12)C(=O)NCCCCCNc1c2c(nc3cc(Cl)ccc13)CCCC2,YYNNNHICPRTURU-UHFFFAOYSA-N,train
3192,6105,MSZVAOQNSCIOAB-VWLOTQADSA-N,N[C@@H](Cc1c[nH]c2ccccc12)C(=O)NCCCCCCNc1c2c(nc3cc(Cl)ccc13)CCCC2,NTISYWBCRKDSDB-UHFFFAOYSA-N,train
3193,6106,OMSRHGDYMHUMTI-SANMLTNESA-N,N[C@@H](Cc1c[nH]c2ccccc12)C(=O)NCCCCCCCNc1c2c(nc3cc(Cl)ccc13)CCCC2,UGBNXSYMNXHJKM-UHFFFAOYSA-N,train
3194,6107,UOCRSSGPPUIQOX-MHZLTWQESA-N,N[C@@H](Cc1c[nH]c2ccccc12)C(=O)NCCCCCCCCNc1c2c(nc3cc(Cl)ccc13)CCCC2,GQBWHZBWCYHEEM-UHFFFAOYSA-N,train
3195,6108,IAWFZVSZFNIINF-NRFANRHFSA-N,N[C@@H](Cc1c[nH]c2ccccc12)C(=O)NCCNc1c2c(nc3ccccc13)CCCC2,RUENGMAURQTLGQ-UHFFFAOYSA-N,train
3196,6109,QEILUNIAOIINON-QFIPXVFZSA-N,N[C@@H](Cc1c[nH]c2ccccc12)C(=O)NCCCNc1c2c(nc3ccccc13)CCCC2,XLVSJMJWAUTOHH-UHFFFAOYSA-N,train
3197,6110,JKAMSUWXIOJFTB-QHCPKHFHSA-N,N[C@@H](Cc1c[nH]c2ccccc12)C(=O)NCCCCNc1c2c(nc3ccccc13)CCCC2,YMJFBQQOSAAGSZ-UHFFFAOYSA-N,train
3198,6111,CYZAREYILAFECL-DEOSSOPVSA-N,N[C@@H](Cc1c[nH]c2ccccc12)C(=O)NCCCCCNc1c2c(nc3ccccc13)CCCC2,YYNNNHICPRTURU-UHFFFAOYSA-N,train
3199,6113,UJZHPVYTIDIEKK-SANMLTNESA-N,N[C@@H](Cc1c[nH]c2ccccc12)C(=O)NCCCCCCCNc1c2c(nc3ccccc13)CCCC2,UGBNXSYMNXHJKM-UHFFFAOYSA-N,train
3200,6114,HRGIMFWURMHSRX-MHZLTWQESA-N,N[C@@H](Cc1c[nH]c2ccccc12)C(=O)NCCCCCCCCNc1c2c(nc3ccccc13)CCCC2,GQBWHZBWCYHEEM-UHFFFAOYSA-N,train
3201,6116,AMKXSJPNKIFVBS-UHFFFAOYSA-N,Brc1ccc(-c2nnn3c2C2c4ccccc4CCN2Cc2ccccc2-3)cc1,VPTJNXMKLVQWHQ-UHFFFAOYSA-N,test
3202,6120,ZNFVRQSXKUHURV-UHFFFAOYSA-N,O=C(c1ccccc1Cl)n1nc(OCCN2CCCC2)c2ccccc21,HUTGZRVZRJFBSK-UHFFFAOYSA-N,train
3203,6121,LZRROHVTKKVZEE-UHFFFAOYSA-N,O=C(c1ccccc1Cl)n1nc(OCCCN2CCCCC2)c2ccccc21,BPPUARIPSMKIPO-UHFFFAOYSA-N,train
3204,6127,DFRKMFTYHPJZPY-UHFFFAOYSA-N,O=C(c1c(F)ccc(F)c1F)n1nc(OCCN2CCCCC2)c2ccccc21,XOGBOCMKACZLKD-UHFFFAOYSA-N,test
3205,6142,REUPXWMWDMMODN-MHWRWJLKSA-N,O=C1N/C(=N\c2ccc3oc(=O)ccc3c2)S/C1=C/c1ccccc1,REUPXWMWDMMODN-MHWRWJLKSA-N,train
3206,6143,VCFKBYXCFDZGGP-UHFFFAOYSA-N,O=C(CNc1ccc2oc(=O)ccc2c1)N1CCOCC1,VCFKBYXCFDZGGP-UHFFFAOYSA-N,test
3207,6144,AKCQVKULWVLHMR-UHFFFAOYSA-N,O=C(CNc1ccc2oc(=O)ccc2c1)N1CCN(c2ccccc2)CC1,AKCQVKULWVLHMR-UHFFFAOYSA-N,train
3208,6145,NGGRBSLMIDZMRP-UHFFFAOYSA-N,COc1ccc(C(=O)CNc2ccc3oc(=O)ccc3c2)cc1,NPIBXWJMYNWBHM-UHFFFAOYSA-N,train
3209,6146,NPIBXWJMYNWBHM-UHFFFAOYSA-N,O=C(CNc1ccc2oc(=O)ccc2c1)c1ccccc1,NPIBXWJMYNWBHM-UHFFFAOYSA-N,train
3210,6147,VIPFRQXJBJUMLE-UHFFFAOYSA-N,CSc1ccc(C2SCC(=O)N2c2ccc3oc(=O)ccc3c2)cc1,VKNWDCRSXKCHGZ-UHFFFAOYSA-N,train
3211,6148,ZHOBXFDNJYCWOK-UHFFFAOYSA-N,O=C1CSC(c2ccc(F)cc2)N1c1ccc2oc(=O)ccc2c1,VKNWDCRSXKCHGZ-UHFFFAOYSA-N,train
3212,6149,SIVGBONSDGNUGI-UHFFFAOYSA-N,COc1ccc(C2SCC(=O)N2c2ccc3oc(=O)ccc3c2)cc1,VKNWDCRSXKCHGZ-UHFFFAOYSA-N,train
3213,6150,ZZPNBPQPJRVOMS-VCHYOVAHSA-N,O=c1ccc2cc(/N=C/c3ccc(Br)cc3)ccc2o1,JGGXMRCFUJMMJT-GZTJUZNOSA-N,train
3214,6151,ZKQGSSZNZGKUHL-XDHOZWIPSA-N,CN(C)c1ccc(/C=N/c2ccc3oc(=O)ccc3c2)cc1,JGGXMRCFUJMMJT-GZTJUZNOSA-N,train
3215,6152,RBBODLPAWOESCD-VCHYOVAHSA-N,O=c1ccc2cc(/N=C/c3ccc(Cl)cc3)ccc2o1,JGGXMRCFUJMMJT-GZTJUZNOSA-N,train
3216,6153,OFYBBBZAJKDRIN-WOJGMQOQSA-N,CSc1ccc(/C=N/c2ccc3oc(=O)ccc3c2)cc1,JGGXMRCFUJMMJT-GZTJUZNOSA-N,train
3217,6154,ALVSUYDOTINZNT-VCHYOVAHSA-N,O=c1ccc2cc(/N=C/c3ccc(F)cc3)ccc2o1,JGGXMRCFUJMMJT-GZTJUZNOSA-N,train
3218,6155,MPZOWFXNJLLYIO-WOJGMQOQSA-N,COc1ccc(/C=N/c2ccc3oc(=O)ccc3c2)cc1,JGGXMRCFUJMMJT-GZTJUZNOSA-N,train
3219,6156,JGGXMRCFUJMMJT-GZTJUZNOSA-N,O=c1ccc2cc(/N=C/c3ccccc3)ccc2o1,JGGXMRCFUJMMJT-GZTJUZNOSA-N,train
3220,6157,NMUYXKGDKIKNFS-LICLKQGHSA-N,COc1ccc(/C=C2/S/C(=N/c3ccc4oc(=O)ccc4c3)NC2=O)cc1,REUPXWMWDMMODN-MHWRWJLKSA-N,train
3221,6158,SFVHAIDUIJGMSM-CXUHLZMHSA-N,O=C1N/C(=N\c2ccc3oc(=O)ccc3c2)S/C1=C/c1ccc(F)cc1,REUPXWMWDMMODN-MHWRWJLKSA-N,train
3222,6159,BJQFTULFEHYYFF-LICLKQGHSA-N,CSc1ccc(/C=C2/S/C(=N/c3ccc4oc(=O)ccc4c3)NC2=O)cc1,REUPXWMWDMMODN-MHWRWJLKSA-N,train
3223,6160,VJCSKCRTROHSRP-CXUHLZMHSA-N,O=C1N/C(=N\c2ccc3oc(=O)ccc3c2)S/C1=C/c1ccc(Cl)cc1,REUPXWMWDMMODN-MHWRWJLKSA-N,train
3224,6161,IGKXKYWBWJLCKO-WOJGMQOQSA-N,CN(C)c1ccc(/C=C2/S/C(=N/c3ccc4oc(=O)ccc4c3)NC2=O)cc1,REUPXWMWDMMODN-MHWRWJLKSA-N,train
3225,6162,ISVNQARPXSBWBP-CXUHLZMHSA-N,O=C1N/C(=N\c2ccc3oc(=O)ccc3c2)S/C1=C/c1ccc(Br)cc1,REUPXWMWDMMODN-MHWRWJLKSA-N,train
3226,6163,SEDROBTYPDYXTC-UHFFFAOYSA-N,COc1ccc(NCC(=O)Nc2ccc3oc(=O)ccc3c2)cc1,KDENEWMTDVGOFD-UHFFFAOYSA-N,train
3227,6164,DOFZSIJMSZOTTG-UHFFFAOYSA-N,O=C(CNc1ccc(F)cc1)Nc1ccc2oc(=O)ccc2c1,KDENEWMTDVGOFD-UHFFFAOYSA-N,train
3228,6167,PRJLAHGUHLUZIL-UHFFFAOYSA-N,Fc1ccc2[nH]c3c(c2c1)C[PH](Cc1cccc2ccccc12)(c1ccccc1)CC3,VVQVFAAYWYMLIW-UHFFFAOYSA-N,train
3229,6168,JDMMDHVJRHVVMQ-UHFFFAOYSA-N,Oc1ccc2[nH]c3c(c2c1)C[PH](Cc1cccc2ccccc12)(c1ccccc1)CC3,VVQVFAAYWYMLIW-UHFFFAOYSA-N,train
3230,6170,ZDESNDWWUUVJLG-UHFFFAOYSA-N,Cc1cc(Nc2nccc(-c3sc(C4CCNCC4)nc3-c3ccc(F)cc3)n2)ccn1,TUHIUFIVIUDEFA-UHFFFAOYSA-N,test
3231,6175,NKKAMUQXVHRNQH-UHFFFAOYSA-N,CCOc1ccc2[nH]c(SCc3cn(CC4CCN(Cc5ccccc5)CC4)nn3)nc2c1,PPCLZSQPGRUGBH-UHFFFAOYSA-N,train
3232,6176,PPCLZSQPGRUGBH-UHFFFAOYSA-N,c1ccc(CN2CCC(Cn3cc(CSc4nc5ccccc5[nH]4)nn3)CC2)cc1,PPCLZSQPGRUGBH-UHFFFAOYSA-N,train
3233,6177,XORLKAVTXLAHSI-UHFFFAOYSA-N,COc1cc2ncnc(NCc3cn(CC4CCN(Cc5ccccc5)CC4)nn3)c2cc1OC,GTJVRLSLZZLTQZ-UHFFFAOYSA-N,train
3234,6178,GTJVRLSLZZLTQZ-UHFFFAOYSA-N,c1ccc(CN2CCC(Cn3cc(CNc4ncnc5ccccc45)nn3)CC2)cc1,GTJVRLSLZZLTQZ-UHFFFAOYSA-N,train
3235,6181,FFRRFBBXYMQKCX-UHFFFAOYSA-N,O=C1c2ccccc2C(=O)N1Cc1cn(CC2CCN(Cc3ccccc3)CC2)nn1,FFRRFBBXYMQKCX-UHFFFAOYSA-N,train
3236,6182,WAMFQMXOUNENQQ-UHFFFAOYSA-N,COc1cc2c(cc1OC)C(=O)C(Cc1cn(CC3CCN(Cc4ccccc4)CC3)nn1)C2,HTPULTNUYBAOFU-UHFFFAOYSA-N,train
3237,6184,OCKGFTQIICXDQW-ZEQRLZLVSA-N,Cc1c([C@@H](O)CN2CCN(C[C@H](O)c3ccc4c(c3C)COC4=O)CC2)ccc2c1COC2=O,PYUXNNYRCHVGKZ-UHFFFAOYSA-N,test
3238,6190,RWRXVWVTDMVZPB-UHFFFAOYSA-N,Fc1ccc(CNC2CCN(Cc3ccccc3)CC2)c(F)c1,ZZWIYXVNVZCOSL-UHFFFAOYSA-N,train
3239,6191,WUVQDFKBUGKFCX-UHFFFAOYSA-N,Fc1ccc(CNC2CCN(Cc3ccccc3)CC2)cc1,ZZWIYXVNVZCOSL-UHFFFAOYSA-N,train
3240,6192,SNVYJMWDDMTGPN-UHFFFAOYSA-N,Clc1ccc(CNC2CCN(Cc3ccccc3)CC2)c(Cl)c1,ZZWIYXVNVZCOSL-UHFFFAOYSA-N,train
3241,6193,NQBDQXKOFMTXFA-UHFFFAOYSA-N,Clc1ccc(CNC2CCN(Cc3ccccc3)CC2)cc1,ZZWIYXVNVZCOSL-UHFFFAOYSA-N,train
3242,6194,AYNXCVSHNGEPCV-UHFFFAOYSA-N,FC(F)(F)Oc1ccc(CNC2CCN(Cc3ccccc3)CC2)cc1,ZZWIYXVNVZCOSL-UHFFFAOYSA-N,train
3243,6195,KAYKWKOWEOGULE-UHFFFAOYSA-N,FC(F)(F)c1ccc(CNC2CCN(Cc3ccccc3)CC2)cc1,ZZWIYXVNVZCOSL-UHFFFAOYSA-N,train
3244,6196,KYNUDYSVLRIHRE-UHFFFAOYSA-N,O=[N+]([O-])c1ccc(CNC2CCN(Cc3ccccc3)CC2)cc1,ZZWIYXVNVZCOSL-UHFFFAOYSA-N,train
3245,6197,KPAHTAFRNBMJNE-UHFFFAOYSA-N,Cc1ccc(CNC2CCN(Cc3ccccc3)CC2)cc1,ZZWIYXVNVZCOSL-UHFFFAOYSA-N,train
3246,6198,YWXGLRXKEHBFPE-UHFFFAOYSA-N,Cc1cccc(CNC2CCN(Cc3ccccc3)CC2)c1,ZZWIYXVNVZCOSL-UHFFFAOYSA-N,train
3247,6199,DWFUTZFPGPEXNL-UHFFFAOYSA-N,Oc1ccc(CNC2CCN(Cc3ccccc3)CC2)c(O)c1,ZZWIYXVNVZCOSL-UHFFFAOYSA-N,train
3248,6200,KWYMUFDXOHWFJH-UHFFFAOYSA-N,Oc1ccc(CNC2CCN(Cc3ccccc3)CC2)cc1,ZZWIYXVNVZCOSL-UHFFFAOYSA-N,train
3249,6201,PEZATUMKVOFZTR-UHFFFAOYSA-N,Oc1ccccc1CNC1CCN(Cc2ccccc2)CC1,ZZWIYXVNVZCOSL-UHFFFAOYSA-N,train
3250,6202,CSEFTIOVIZHTNF-UHFFFAOYSA-N,COc1cc(CNC2CCN(Cc3ccccc3)CC2)cc(OC)c1OC,ZZWIYXVNVZCOSL-UHFFFAOYSA-N,train
3251,6203,ZZWIYXVNVZCOSL-UHFFFAOYSA-N,c1ccc(CNC2CCN(Cc3ccccc3)CC2)cc1,ZZWIYXVNVZCOSL-UHFFFAOYSA-N,train
3252,6204,VOWMHOISFVDLCZ-UHFFFAOYSA-N,COc1cccc(CNC2CCN(Cc3ccccc3)CC2)c1OC,ZZWIYXVNVZCOSL-UHFFFAOYSA-N,train
3253,6205,ANHVBBGBJUVDKT-LPYMAVHISA-N,Fc1ccc(/C=N/C2CCN(Cc3ccccc3)CC2)c(F)c1,VVQPLYAHXAZPHF-HMMYKYKNSA-N,train
3254,6206,UUWGJQGTYROTGL-KGENOOAVSA-N,Fc1ccc(/C=N/C2CCN(Cc3ccccc3)CC2)cc1,VVQPLYAHXAZPHF-HMMYKYKNSA-N,train
3255,6207,KKXQSDTWYAMGIF-LPYMAVHISA-N,Clc1ccc(/C=N/C2CCN(Cc3ccccc3)CC2)c(Cl)c1,VVQPLYAHXAZPHF-HMMYKYKNSA-N,train
3256,6208,ZCUFEVHIUABIOG-KGENOOAVSA-N,Clc1ccc(/C=N/C2CCN(Cc3ccccc3)CC2)cc1,VVQPLYAHXAZPHF-HMMYKYKNSA-N,train
3257,6209,QOHKCTPBTRSARF-ZVHZXABRSA-N,FC(F)(F)Oc1ccc(/C=N/C2CCN(Cc3ccccc3)CC2)cc1,VVQPLYAHXAZPHF-HMMYKYKNSA-N,train
3258,6210,AXJYQEFCPXMBGY-ZVHZXABRSA-N,FC(F)(F)c1ccc(/C=N/C2CCN(Cc3ccccc3)CC2)cc1,VVQPLYAHXAZPHF-HMMYKYKNSA-N,train
3259,6211,COVOFUSTFFLTKA-XSFVSMFZSA-N,O=[N+]([O-])c1ccc(/C=N/C2CCN(Cc3ccccc3)CC2)cc1,VVQPLYAHXAZPHF-HMMYKYKNSA-N,train
3260,6212,RPRMFIFIXJKQNV-RCCKNPSSSA-N,Cc1ccc(/C=N/C2CCN(Cc3ccccc3)CC2)cc1,VVQPLYAHXAZPHF-HMMYKYKNSA-N,train
3261,6214,NGERANTYJBWJKM-DEDYPNTBSA-N,Oc1ccc(/C=N/C2CCN(Cc3ccccc3)CC2)c(O)c1,VVQPLYAHXAZPHF-HMMYKYKNSA-N,train
3262,6215,MMNQEFJTQDLXSH-XSFVSMFZSA-N,Oc1ccc(/C=N/C2CCN(Cc3ccccc3)CC2)cc1,VVQPLYAHXAZPHF-HMMYKYKNSA-N,train
3263,6216,FMRVKMBYBQMTPS-XSFVSMFZSA-N,Oc1ccccc1/C=N/C1CCN(Cc2ccccc2)CC1,VVQPLYAHXAZPHF-HMMYKYKNSA-N,train
3264,6218,VVQPLYAHXAZPHF-HMMYKYKNSA-N,C(=N\C1CCN(Cc2ccccc2)CC1)/c1ccccc1,VVQPLYAHXAZPHF-HMMYKYKNSA-N,train
3265,6222,ARLFGJNFOMNXIQ-UHFFFAOYSA-N,COc1ccc(-c2nc(NC3CCN(Cc4ccc(C(F)(F)F)cc4)CC3)sc2-c2ccc(OC)cc2)cc1,OKTYPCAALOTZLW-UHFFFAOYSA-N,train
3266,6223,QBSKCKXTLASIRW-UHFFFAOYSA-N,COc1ccc(CN2CCC(Nc3nc(-c4ccc(OC)cc4)c(-c4ccc(OC)cc4)s3)CC2)cc1,OKTYPCAALOTZLW-UHFFFAOYSA-N,train
3267,6224,RCNPQETVOMKGRM-UHFFFAOYSA-N,COc1ccc(-c2nc(NC3CCN(Cc4ccc(C)cc4)CC3)sc2-c2ccc(OC)cc2)cc1,OKTYPCAALOTZLW-UHFFFAOYSA-N,train
3268,6225,DCOKCSRXAPRZJS-UHFFFAOYSA-N,Fc1ccc(CN2CCC(Nc3nc(-c4ccc(Cl)cc4)c(-c4ccc(Cl)cc4)s3)CC2)c(Cl)c1,OKTYPCAALOTZLW-UHFFFAOYSA-N,train
3269,6226,OLVVWVXHBQTZRY-UHFFFAOYSA-N,N#Cc1ccc(CN2CCC(Nc3nc(-c4ccc(Cl)cc4)c(-c4ccc(Cl)cc4)s3)CC2)cc1,OKTYPCAALOTZLW-UHFFFAOYSA-N,train
3270,6227,NIYJGHRSFITDCK-UHFFFAOYSA-N,COc1ccc(CN2CCC(Nc3nc(-c4ccc(Cl)cc4)c(-c4ccc(Cl)cc4)s3)CC2)cc1,OKTYPCAALOTZLW-UHFFFAOYSA-N,train
3271,6228,CKIUOHBAAOVIJX-UHFFFAOYSA-N,Cc1ccc(CN2CCC(Nc3nc(-c4ccc(Cl)cc4)c(-c4ccc(Cl)cc4)s3)CC2)cc1,OKTYPCAALOTZLW-UHFFFAOYSA-N,train
3272,6229,SWXGPRWGTHKINF-UHFFFAOYSA-N,Clc1ccc(-c2nc(NC3CCN(Cc4ccccc4)CC3)sc2-c2ccc(Cl)cc2)cc1,OKTYPCAALOTZLW-UHFFFAOYSA-N,train
3273,6230,BTQWMWXRHHEZLJ-UHFFFAOYSA-N,Cc1ccc(CN2CCC(Nc3nc(-c4ccc(C)cc4)c(-c4ccc(C)cc4)s3)CC2)cc1,OKTYPCAALOTZLW-UHFFFAOYSA-N,train
3274,6231,UFCCFJLCKHGETC-UHFFFAOYSA-N,Cc1ccc(-c2nc(NC3CCN(Cc4ccccc4)CC3)sc2-c2ccc(C)cc2)cc1,OKTYPCAALOTZLW-UHFFFAOYSA-N,train
3275,6232,GKVMJVDKXNJERX-UHFFFAOYSA-N,COc1ccc(-c2nc(NCC3CCN(Cc4c(F)cccc4Cl)CC3)sc2-c2ccc(OC)cc2)cc1,KJNXOYPMMMQJTK-UHFFFAOYSA-N,train
3276,6233,WYAAXMCFRXQPNY-UHFFFAOYSA-N,COc1ccc(-c2nc(NCC3CCN(Cc4ccccc4C(F)(F)F)CC3)sc2-c2ccc(OC)cc2)cc1,KJNXOYPMMMQJTK-UHFFFAOYSA-N,train
3277,6234,LGYZVNPECLNTJE-UHFFFAOYSA-N,COc1ccc(-c2nc(NCC3CCN(Cc4ccccc4C)CC3)sc2-c2ccc(OC)cc2)cc1,KJNXOYPMMMQJTK-UHFFFAOYSA-N,train
3278,6235,ZMMDRCZWLLXKFJ-UHFFFAOYSA-N,Fc1ccc(CN2CCC(CNc3nc(-c4ccc(Cl)cc4)c(-c4ccc(Cl)cc4)s3)CC2)c(C(F)(F)F)c1,KJNXOYPMMMQJTK-UHFFFAOYSA-N,train
3279,6236,ZGYZYFFEQOIELG-UHFFFAOYSA-N,Fc1ccc(CN2CCC(CNc3nc(-c4ccc(Cl)cc4)c(-c4ccc(Cl)cc4)s3)CC2)c(Cl)c1,KJNXOYPMMMQJTK-UHFFFAOYSA-N,train
3280,6237,AVJSOHMZQDCZLD-UHFFFAOYSA-N,Fc1cc(F)cc(CN2CCC(CNc3nc(-c4ccc(Cl)cc4)c(-c4ccc(Cl)cc4)s3)CC2)c1,KJNXOYPMMMQJTK-UHFFFAOYSA-N,train
3281,6238,KDHWXYCRFWFNAS-UHFFFAOYSA-N,Cc1ccccc1CN1CCC(CNc2nc(-c3ccc(Cl)cc3)c(-c3ccc(Cl)cc3)s2)CC1,KJNXOYPMMMQJTK-UHFFFAOYSA-N,train
3282,6239,VRNMNLPNRFRXDM-UHFFFAOYSA-N,Cc1ccc(-c2nc(NCC3CCN(Cc4ccc(F)cc4)CC3)sc2-c2ccc(C)cc2)cc1,KJNXOYPMMMQJTK-UHFFFAOYSA-N,train
3283,6240,QGKQRUPULPYQAC-UHFFFAOYSA-N,Cc1ccc(-c2nc(NCC3CCN(Cc4cc(F)cc(F)c4)CC3)sc2-c2ccc(C)cc2)cc1,KJNXOYPMMMQJTK-UHFFFAOYSA-N,train
3284,6241,GEJGLTWIEMSGMI-UHFFFAOYSA-N,Cc1ccc(-c2nc(NCC3CCN(Cc4ccccc4C(F)(F)F)CC3)sc2-c2ccc(C)cc2)cc1,KJNXOYPMMMQJTK-UHFFFAOYSA-N,train
3285,6242,XSVXXWBXWMWODI-UHFFFAOYSA-N,Cc1ccc(-c2nc(NCC3CCN(Cc4ccccc4C)CC3)sc2-c2ccc(C)cc2)cc1,KJNXOYPMMMQJTK-UHFFFAOYSA-N,train
3286,6243,CIHYPWXDKRZDGE-UHFFFAOYSA-N,COc1ccc(-c2nc(NC(=O)C3CCN(Cc4ccc(F)cc4C(F)(F)F)CC3)sc2-c2ccc(OC)cc2)cc1,KXOAWIQKVPBDOS-UHFFFAOYSA-N,train
3287,6244,FMOLUPOSSFZALR-UHFFFAOYSA-N,COc1ccc(-c2nc(NC(=O)C3CCN(Cc4ccccc4C#N)CC3)sc2-c2ccc(OC)cc2)cc1,KXOAWIQKVPBDOS-UHFFFAOYSA-N,train
3288,6245,HVNNYUJRWYOLPC-UHFFFAOYSA-N,COc1ccc(-c2nc(NC(=O)C3CCN(Cc4c(F)cccc4Cl)CC3)sc2-c2ccc(OC)cc2)cc1,KXOAWIQKVPBDOS-UHFFFAOYSA-N,train
3289,6246,WEFFINQGWJQUMQ-UHFFFAOYSA-N,COc1ccc(-c2nc(NC(=O)C3CCN(Cc4ccc(F)cc4)CC3)sc2-c2ccc(OC)cc2)cc1,KXOAWIQKVPBDOS-UHFFFAOYSA-N,train
3290,6247,ZYKDPKHIJHFMSS-UHFFFAOYSA-N,COc1ccc(-c2nc(NC(=O)C3CCN(Cc4cc(F)cc(F)c4)CC3)sc2-c2ccc(OC)cc2)cc1,KXOAWIQKVPBDOS-UHFFFAOYSA-N,train
3291,6248,GYNHZAHQEFAGJK-UHFFFAOYSA-N,COc1ccc(-c2nc(NC(=O)C3CCN(Cc4cccc(F)c4)CC3)sc2-c2ccc(OC)cc2)cc1,KXOAWIQKVPBDOS-UHFFFAOYSA-N,train
3292,6249,RLYFWJDIVYZVTH-UHFFFAOYSA-N,COc1ccc(-c2nc(NC(=O)C3CCN(Cc4ccccc4C(F)(F)F)CC3)sc2-c2ccc(OC)cc2)cc1,KXOAWIQKVPBDOS-UHFFFAOYSA-N,train
3293,6250,CCXYJRSEOJUDQL-UHFFFAOYSA-N,COc1ccc(-c2nc(NC(=O)C3CCN(Cc4ccccc4C)CC3)sc2-c2ccc(OC)cc2)cc1,KXOAWIQKVPBDOS-UHFFFAOYSA-N,train
3294,6251,GLSFHIYDEXRABI-UHFFFAOYSA-N,O=C(Nc1nc(-c2ccc(Cl)cc2)c(-c2ccc(Cl)cc2)s1)C1CCN(Cc2ccc(OC(F)(F)F)cc2)CC1,KXOAWIQKVPBDOS-UHFFFAOYSA-N,train
3295,6252,RQSSUVAKXUVOBX-UHFFFAOYSA-N,N#Cc1ccccc1CN1CCC(C(=O)Nc2nc(-c3ccc(Cl)cc3)c(-c3ccc(Cl)cc3)s2)CC1,KXOAWIQKVPBDOS-UHFFFAOYSA-N,train
3296,6253,HKCIOSFWIMKXKB-UHFFFAOYSA-N,O=C(Nc1nc(-c2ccc(Cl)cc2)c(-c2ccc(Cl)cc2)s1)C1CCN(Cc2ccc(F)cc2Cl)CC1,KXOAWIQKVPBDOS-UHFFFAOYSA-N,train
3297,6254,NYIVZAOAOSABAD-UHFFFAOYSA-N,O=C(Nc1nc(-c2ccc(Cl)cc2)c(-c2ccc(Cl)cc2)s1)C1CCN(Cc2cc(F)cc(F)c2)CC1,KXOAWIQKVPBDOS-UHFFFAOYSA-N,train
3298,6255,UKWBRAIAVTYTRI-UHFFFAOYSA-N,O=C(Nc1nc(-c2ccc(Cl)cc2)c(-c2ccc(Cl)cc2)s1)C1CCN(Cc2cccc(F)c2)CC1,KXOAWIQKVPBDOS-UHFFFAOYSA-N,train
3299,6256,NHJYZIKZNHPFGM-UHFFFAOYSA-N,O=C(Nc1nc(-c2ccc(Cl)cc2)c(-c2ccc(Cl)cc2)s1)C1CCN(Cc2ccccc2C(F)(F)F)CC1,KXOAWIQKVPBDOS-UHFFFAOYSA-N,train
3300,6257,BMQDPDNXZLCIBS-UHFFFAOYSA-N,Cc1ccccc1CN1CCC(C(=O)Nc2nc(-c3ccc(Cl)cc3)c(-c3ccc(Cl)cc3)s2)CC1,KXOAWIQKVPBDOS-UHFFFAOYSA-N,train
3301,6259,NXEFSPQKVIRTBY-UHFFFAOYSA-N,Cc1ccc(-c2nc(NC(=O)C3CCN(Cc4ccc([N+](=O)[O-])cc4)CC3)sc2-c2ccc(C)cc2)cc1,KXOAWIQKVPBDOS-UHFFFAOYSA-N,train
3302,6260,FQGHHVRMNYDPNO-UHFFFAOYSA-N,Cc1ccc(-c2nc(NC(=O)C3CCN(Cc4ccc(C#N)cc4)CC3)sc2-c2ccc(C)cc2)cc1,KXOAWIQKVPBDOS-UHFFFAOYSA-N,train
3303,6261,BAIXDTONAFBRQB-UHFFFAOYSA-N,Cc1ccc(-c2nc(NC(=O)C3CCN(Cc4c(F)cccc4Cl)CC3)sc2-c2ccc(C)cc2)cc1,KXOAWIQKVPBDOS-UHFFFAOYSA-N,train
3304,6263,HOXPBZAZYWNBBS-UHFFFAOYSA-N,Cc1ccc(-c2nc(NC(=O)C3CCN(Cc4cc(F)cc(F)c4)CC3)sc2-c2ccc(C)cc2)cc1,KXOAWIQKVPBDOS-UHFFFAOYSA-N,train
3305,6265,WUTPTCKMWDKNCG-UHFFFAOYSA-N,Cc1ccc(-c2nc(NC(=O)C3CCN(Cc4ccccc4C(F)(F)F)CC3)sc2-c2ccc(C)cc2)cc1,KXOAWIQKVPBDOS-UHFFFAOYSA-N,train
3306,6274,FXEUHDCDRKHKGM-UHFFFAOYSA-N,Cc1cccc(C2C([N+](=O)[O-])C(Cc3c[nH]cn3)NC23c2ccccc2-c2nc4ccccc4nc23)c1,ZUPHSZUUVUZQJL-UHFFFAOYSA-N,train
3307,6275,OXXZYCGXYYQBCJ-UHFFFAOYSA-N,Cc1ccc(C2C([N+](=O)[O-])C(Cc3c[nH]cn3)NC23c2ccccc2-c2nc4ccccc4nc23)cc1,ZUPHSZUUVUZQJL-UHFFFAOYSA-N,train
3308,6276,SLXSPHAYNAQJBQ-UHFFFAOYSA-N,COc1ccccc1C1C([N+](=O)[O-])C(Cc2c[nH]cn2)NC12c1ccccc1-c1nc3ccccc3nc12,ZUPHSZUUVUZQJL-UHFFFAOYSA-N,train
3309,6277,MLFJUBNESDQKEA-UHFFFAOYSA-N,COc1cccc(C2C([N+](=O)[O-])C(Cc3c[nH]cn3)NC23c2ccccc2-c2nc4ccccc4nc23)c1,ZUPHSZUUVUZQJL-UHFFFAOYSA-N,train
3310,6278,JUPLNCDYYPPYDS-UHFFFAOYSA-N,COc1ccc(C2C([N+](=O)[O-])C(Cc3c[nH]cn3)NC23c2ccccc2-c2nc4ccccc4nc23)cc1,ZUPHSZUUVUZQJL-UHFFFAOYSA-N,train
3311,6282,YOTWECPFSLWEAX-MTDXEUNCSA-N,O=C1CN(/N=C/c2ccc(-c3ccc([N+](=O)[O-])cc3)o2)C(=O)N1CCN1CCN(Cc2ccccc2)CC1,BHGXULAGFJNHOT-TURZUDJPSA-N,train
3312,6283,LELOUGOLJJWASA-RDRPBHBLSA-N,O=C1CN(/N=C/c2ccc(-c3ccc([N+](=O)[O-])cc3)o2)C(=O)N1CCC1CCN(Cc2ccccc2)CC1,LZXDAZVSVXMDSO-VUTHCHCSSA-N,train
3313,6284,YGLFBEVFQYQQPM-RDRPBHBLSA-N,O=C1CN(/N=C/c2ccc(-c3cccc([N+](=O)[O-])c3)o2)C(=O)N1CCC1CCN(Cc2ccccc2)CC1,LZXDAZVSVXMDSO-VUTHCHCSSA-N,train
3314,6285,UJKROTZTWUTZKN-RDRPBHBLSA-N,O=C1CN(/N=C/c2ccc(-c3ccccc3[N+](=O)[O-])o2)C(=O)N1CCC1CCN(Cc2ccccc2)CC1,LZXDAZVSVXMDSO-VUTHCHCSSA-N,train
3315,6286,RYLYBQQKQZYJAO-NDZAJKAJSA-N,COc1ccc(-c2ccc(/C=N/N3CC(=O)N(CCC4CCN(Cc5ccccc5)CC4)C3=O)o2)cc1,LZXDAZVSVXMDSO-VUTHCHCSSA-N,train
3316,6287,SFYPGJPJPBPDJR-NDZAJKAJSA-N,COc1cccc(-c2ccc(/C=N/N3CC(=O)N(CCC4CCN(Cc5ccccc5)CC4)C3=O)o2)c1,LZXDAZVSVXMDSO-VUTHCHCSSA-N,train
3317,6288,VYDKUJXIGUGTLY-NDZAJKAJSA-N,COc1ccccc1-c1ccc(/C=N/N2CC(=O)N(CCC3CCN(Cc4ccccc4)CC3)C2=O)o1,LZXDAZVSVXMDSO-VUTHCHCSSA-N,train
3318,6289,KFJSZOXQHHFOPN-UHFFFAOYSA-N,COc1ccc(C2c3c(nc4c(c3N)CCCC4)Oc3ccc4ccccc4c32)cc1OC,YJFDHGWJUUBSMM-UHFFFAOYSA-N,test
3319,6291,KBDRPSKQRUYQSJ-UHFFFAOYSA-N,COc1cc2cc(NC(=O)C3CCN(Cc4ccccc4)CC3)c(=O)oc2cc1OC,ZJVYZGDGAGPWGO-UHFFFAOYSA-N,test
3320,6292,GNNIJJBFVPDBRB-UHFFFAOYSA-N,COc1cc2cc(NC(=O)CCCNCc3ccccc3)c(=O)oc2cc1OC,YSLHGKKPVMONGE-UHFFFAOYSA-N,test
3321,6293,UGTGSTDFYWUXNH-MJGOQNOKSA-N,COc1cc2cc(NC(=O)[C@@H]3CCC[C@H](NCc4ccccc4)C3)c(=O)oc2cc1OC,VTDARCCSCBZWAE-MOPGFXCFSA-N,test
3322,6296,IPSUZAWLWZPFLA-UHFFFAOYSA-N,C#CCNc1c2c(nc3ccccc13)CCCC2,RXBYRTSOWREATF-UHFFFAOYSA-N,train
3323,6297,YRJBUPQHBMBODA-UHFFFAOYSA-N,C#CCNc1c2c(nc3cc(Cl)ccc13)CCCC2,RXBYRTSOWREATF-UHFFFAOYSA-N,train
3324,6301,ZKPVWZDNDNCTBB-UWVGGRQHSA-N,COc1ccc([C@H](O)[C@H](N)C(=O)O)cc1OC,UHOVQNZJYSORNB-UHFFFAOYSA-N,train
3325,6303,GFMAMPUENGTAFA-WRTQPQOASA-N,COc1ccc([C@H]2O[C@@H](O)[C@H]3[C@@H]2C(=O)O[C@@H]3c2ccc(OC)c(OC)c2)cc1OC,UOIAPKXVDOJCGV-MWDXBVQZSA-N,test
3326,6304,IWLDUPODTWQNBQ-INDMIFKZSA-N,COc1ccc([C@H]2OC(=O)[C@H]3[C@@H]2C(=O)O[C@@H]3c2ccc3c(c2)OCO3)cc1OC,CRJHULALZRTMAB-MWDXBVQZSA-N,train
3327,6305,DHWUVPPRBIJJKS-VUEDXXQZSA-N,COc1cc([C@H]2OC[C@H]3[C@@H]2CO[C@@H]3c2cc(OC)c3c(c2)OCO3)cc(OC)c1OC,GWCBLTWBJYAFLK-ILRDRHFLSA-N,train
3328,6307,HRLFUIXSXUASEX-RZTYQLBFSA-N,COc1cc([C@H]2OC[C@H]3[C@@H]2CO[C@@H]3c2cc(OC)c(OC)c(OC)c2)cc(OC)c1OC,LCDOURUENWKEAD-WNRNVDISSA-N,train
3329,6308,MFIHSKBTNZNJIK-RZTYQLBFSA-N,COc1ccc([C@H]2OC[C@H]3[C@@H]2CO[C@@H]3c2cc(OC)c(OC)c(OC)c2)cc1OC,LCDOURUENWKEAD-WNRNVDISSA-N,train
3330,6309,RKEFSUNLQHLAGZ-YGHPHNMRSA-N,COc1ccc([C@H]2OC[C@H]3[C@@H]2C(=O)O[C@@H]3c2ccc3c(c2)OCO3)cc1OC,NDQJZSGEUOFWGU-VIBAHUMZSA-N,test
3331,6337,GHIDWRDXHHQHJD-UHFFFAOYSA-N,COc1ccc(CCC(=O)Nc2nc(-c3cc4ccccc4oc3=O)cs2)cc1OC,PLNXUOGYAWTLID-UHFFFAOYSA-N,test
3332,6338,YRVHWRSOZONPGM-UHFFFAOYSA-N,COc1ccc(-c2csc(NC(=O)CCN3CCCC3)n2)cc1,SIYCFRXZXWCSIN-UHFFFAOYSA-N,test
3333,6342,ZPJWCVJWFWNSQI-HYARGMPZSA-N,COc1cc(/C=N/NC(=O)N2CCN(c3ccccn3)CC2)cc(OC)c1OC,STEXUOBWQLSVBF-XMHGGMMESA-N,train
3334,6344,STEXUOBWQLSVBF-XMHGGMMESA-N,O=C(N/N=C/c1ccccc1)N1CCN(c2ccccn2)CC1,STEXUOBWQLSVBF-XMHGGMMESA-N,train
3335,6345,AZCBJXZCMZTCKJ-CPNJWEJPSA-N,O=C(N/N=C/c1ccc(O)cc1)N1CCN(c2ccccn2)CC1,STEXUOBWQLSVBF-XMHGGMMESA-N,train
3336,6347,ZPZVREJFRQRDRN-XDHOZWIPSA-N,O=C(N/N=C/c1ccc(O)cc1O)N1CCN(c2ccccn2)CC1,STEXUOBWQLSVBF-XMHGGMMESA-N,train
3337,6349,JXXLYDKWJOYVAM-XSFVSMFZSA-N,Cc1ccc(/C=N/NC(=O)N2CCN(c3ccccn3)CC2)cc1,STEXUOBWQLSVBF-XMHGGMMESA-N,train
3338,6350,ZCVJLFXHXPOQPS-CPNJWEJPSA-N,O=C(N/N=C/c1ccc([N+](=O)[O-])cc1)N1CCN(c2ccccn2)CC1,STEXUOBWQLSVBF-XMHGGMMESA-N,train
3339,6351,AXEQAWVHVFYXJD-YDZHTSKRSA-N,O=C(N/N=C/c1ccc(C(F)(F)F)cc1)N1CCN(c2ccccn2)CC1,STEXUOBWQLSVBF-XMHGGMMESA-N,train
3340,6352,PAFWRCFXMCMCJZ-YDZHTSKRSA-N,O=C(N/N=C/c1ccc(OC(F)(F)F)cc1)N1CCN(c2ccccn2)CC1,STEXUOBWQLSVBF-XMHGGMMESA-N,train
3341,6353,SVGUUFXJKYXVCE-DEDYPNTBSA-N,O=C(N/N=C/c1ccc(Cl)cc1)N1CCN(c2ccccn2)CC1,STEXUOBWQLSVBF-XMHGGMMESA-N,train
3342,6354,RDMQFNXWGNSNBR-DEDYPNTBSA-N,O=C(N/N=C/c1ccc(F)cc1)N1CCN(c2ccccn2)CC1,STEXUOBWQLSVBF-XMHGGMMESA-N,train
3343,6355,YTFNVENKXHSUIQ-DEDYPNTBSA-N,O=C(N/N=C/c1ccc(Br)cc1)N1CCN(c2ccccn2)CC1,STEXUOBWQLSVBF-XMHGGMMESA-N,train
3344,6356,BDZFARBGYZRYRF-CIAFOILYSA-N,O=C(N/N=C/c1ccc(F)cc1F)N1CCN(c2ccccn2)CC1,STEXUOBWQLSVBF-XMHGGMMESA-N,train
3345,6357,NBMHQAWRLMBPET-UHFFFAOYSA-N,c1ccc(-c2nnc(N3CCN(c4ccccn4)CC3)o2)cc1,NBMHQAWRLMBPET-UHFFFAOYSA-N,train
3346,6358,OKEASALJUMYWFO-UHFFFAOYSA-N,COc1cccc(-c2nnc(N3CCN(c4ccccn4)CC3)o2)c1OC,NBMHQAWRLMBPET-UHFFFAOYSA-N,train
3347,6359,SPBDMKHPKACUMT-UHFFFAOYSA-N,COc1cc(-c2nnc(N3CCN(c4ccccn4)CC3)o2)cc(OC)c1OC,NBMHQAWRLMBPET-UHFFFAOYSA-N,train
3348,6360,BQNZOYNZEQEQRF-UHFFFAOYSA-N,Oc1ccc(-c2nnc(N3CCN(c4ccccn4)CC3)o2)cc1,NBMHQAWRLMBPET-UHFFFAOYSA-N,train
3349,6361,HCUYMFWFASKLTP-UHFFFAOYSA-N,Oc1ccccc1-c1nnc(N2CCN(c3ccccn3)CC2)o1,NBMHQAWRLMBPET-UHFFFAOYSA-N,train
3350,6362,UXAIEWGYPKPAOR-UHFFFAOYSA-N,Oc1ccc(-c2nnc(N3CCN(c4ccccn4)CC3)o2)c(O)c1,NBMHQAWRLMBPET-UHFFFAOYSA-N,train
3351,6363,BCPJRBVIGIXBMJ-UHFFFAOYSA-N,Cc1cccc(-c2nnc(N3CCN(c4ccccn4)CC3)o2)c1,NBMHQAWRLMBPET-UHFFFAOYSA-N,train
3352,6364,GEYOUWOYXCLTLH-UHFFFAOYSA-N,Cc1ccc(-c2nnc(N3CCN(c4ccccn4)CC3)o2)cc1,NBMHQAWRLMBPET-UHFFFAOYSA-N,train
3353,6365,CFFQCZLSZQGOOU-UHFFFAOYSA-N,O=[N+]([O-])c1ccc(-c2nnc(N3CCN(c4ccccn4)CC3)o2)cc1,NBMHQAWRLMBPET-UHFFFAOYSA-N,train
3354,6366,SSUCJZRGMBQGJK-UHFFFAOYSA-N,FC(F)(F)c1ccc(-c2nnc(N3CCN(c4ccccn4)CC3)o2)cc1,NBMHQAWRLMBPET-UHFFFAOYSA-N,train
3355,6367,MQCXVHYEWNJWKF-UHFFFAOYSA-N,FC(F)(F)Oc1ccc(-c2nnc(N3CCN(c4ccccn4)CC3)o2)cc1,NBMHQAWRLMBPET-UHFFFAOYSA-N,train
3356,6368,KBIVDYZJPVDUPZ-UHFFFAOYSA-N,Clc1ccc(-c2nnc(N3CCN(c4ccccn4)CC3)o2)cc1,NBMHQAWRLMBPET-UHFFFAOYSA-N,train
3357,6369,ZXRSUUCBQJQXFN-UHFFFAOYSA-N,Fc1ccc(-c2nnc(N3CCN(c4ccccn4)CC3)o2)cc1,NBMHQAWRLMBPET-UHFFFAOYSA-N,train
3358,6370,OGMDVMWMCVEIDI-UHFFFAOYSA-N,Brc1ccc(-c2nnc(N3CCN(c4ccccn4)CC3)o2)cc1,NBMHQAWRLMBPET-UHFFFAOYSA-N,train
3359,6371,JDYATWHUSHCNRV-UHFFFAOYSA-N,Fc1ccc(-c2nnc(N3CCN(c4ccccn4)CC3)o2)c(F)c1,NBMHQAWRLMBPET-UHFFFAOYSA-N,train
3360,6375,QFDAPLRSMFECOI-UHFFFAOYSA-N,CCn1cc(CNCc2c[nH]nc2-c2ccc(-c3ccccc3)cc2)cn1,GEKCKUZLCCBZMA-UHFFFAOYSA-N,train
3361,6379,ZJSDAYWILXQIQR-UHFFFAOYSA-N,Cc1cc(S(=O)(=O)Nc2ccccc2O)c(C(C)C)cc1O,XAUGWFWQVYXATQ-UHFFFAOYSA-N,test
3362,6380,JILOLUUKYKCZRD-UHFFFAOYSA-N,Cc1cc(S(=O)(=O)NCc2ccccn2)c(C(C)C)cc1O,ATNMJYCSSCNVMR-UHFFFAOYSA-N,train
3363,6381,WUMDNRQNLNCQBM-UHFFFAOYSA-N,Cc1cc(S(=O)(=O)NN)c(C(C)C)cc1O,UHOVQNZJYSORNB-UHFFFAOYSA-N,train
3364,6382,PKHXPQBXAGIJAZ-UHFFFAOYSA-N,Cc1cc(S(=O)(=O)Nc2cnccn2)c(C(C)C)cc1O,KAPFAVLCJMCLFV-UHFFFAOYSA-N,train
3365,6383,YRXFWPAGFTVJGF-UHFFFAOYSA-N,Cc1cc(S(=O)(=O)N2CCOCC2)c(C(C)C)cc1O,LRXKXDGJVHZGBH-UHFFFAOYSA-N,test
3366,6387,RJLLKGPGZLQILJ-HKNVGMCVSA-N,CO[C@]1(c2cn(O)c(=O)c(C(=O)[C@H]3[C@@H]4CC[C@@H](C)C[C@H]4C=C[C@H]3C)c2O)CC[C@@H](O)[C@H]2O[C@H]21,OXTRLWYMOANZPC-JLIAJHNJSA-N,test
3367,6388,IWRKOSRQYRCBHW-YIXHJXPBSA-N,C/C=C1\C2C=C(C)CC1(NCC(=O)OC)c1ccc(=O)[nH]c1C2,RJRFAJLLYUREMK-UHFFFAOYSA-N,test
3368,6393,YYWGABLTRMRUIT-XHBSWPGZSA-N,CC1=C[C@@H]2Cc3[nH]c(=O)ccc3[C@]3(C1)NCCC[C@H]23,VKEZNBQOJFJFFP-UEKVPHQBSA-N,test
3369,6398,MXODBKYHGKYPJW-MGBGTMOVSA-N,COc1ccc2[nH]cc(CCNC(=O)CN(CCCCCCCCNc3c4c(nc5ccccc35)CCCC4)C(=O)CCCC[C@@H]3CCSS3)c2c1,HAYVLGNJEPDADG-JGCGQSQUSA-N,train
3370,6400,BCHYGDBEGKZQHD-XSFVSMFZSA-N,COc1ccc2nc3c(c(NCCCCCCCN(CC(=O)NCCc4c[nH]c5ccc(OC)cc45)C(=O)/C=C/c4ccc(O)c(OC)c4)c2c1)CCCC3,QMEYZUVHEHLNEZ-WCWDXBQESA-N,test
3371,6402,OCOGBPYFWRDLHI-RELWKKBWSA-N,COc1ccc2[nH]cc(CCNC(=O)CN(CCCCCCCCNc3c4c(nc5ccccc35)CCCC4)C(=O)/C=C/c3ccc(O)c(OC)c3)c2c1,UOUHZRIREFJDTJ-OCOZRVBESA-N,test
3372,6403,HYCPLKOVNZFNAS-UHFFFAOYSA-N,O=C(NO)c1ccc(Nc2c3ccccc3nc3ccccc23)cc1,LNVQBBHYPGFSMX-UHFFFAOYSA-N,train
3373,6404,FNXJKKUKSKUSPD-UHFFFAOYSA-N,O=C(NO)c1ccc(Nc2c3ccccc3nc3ccc(F)cc23)cc1,LNVQBBHYPGFSMX-UHFFFAOYSA-N,train
3374,6405,PESSDQDERPAVNH-UHFFFAOYSA-N,O=C(NO)c1ccc(Nc2c3ccccc3nc3ccc(Br)cc23)cc1,LNVQBBHYPGFSMX-UHFFFAOYSA-N,train
3375,6406,DWYXNGVQEJZWQA-UHFFFAOYSA-N,O=C(NO)c1ccc(Nc2c3ccccc3nc3ccc(OC(F)(F)F)cc23)cc1,LNVQBBHYPGFSMX-UHFFFAOYSA-N,train
3376,6407,QJZZSSBITISGGT-UHFFFAOYSA-N,O=C(NO)c1ccc(Nc2c3ccccc3nc3ccc(OCc4ccccc4)cc23)cc1,UBXZAJJWBCKVGQ-UHFFFAOYSA-N,test
3377,6408,RXYDUXPNMOBQTR-UHFFFAOYSA-N,COc1cc2nc3ccccc3c(Nc3ccc(C(=O)NO)cc3)c2c(OC)c1OC,LNVQBBHYPGFSMX-UHFFFAOYSA-N,train
3378,6409,RLHSWYLCHQWPQD-UHFFFAOYSA-N,COc1ccc2nc3cc(Cl)ccc3c(Nc3ccc(C(=O)NO)cc3)c2n1,HYROFEBEBDJRHZ-UHFFFAOYSA-N,train
3379,6410,CZOYPJGGAMPDBF-UHFFFAOYSA-N,O=C(NO)c1ccc(Nc2c3c(nc4ccccc24)CCCC3)cc1,TXHHGLULBHVWMO-UHFFFAOYSA-N,train
3380,6411,CRQRFXAGXWHWTJ-UHFFFAOYSA-N,O=C(NO)c1ccc(Nc2ccnc3ccccc23)cc1,NRTUTGBOQZQBMB-UHFFFAOYSA-N,test
3381,6412,DZBUGLKDJFMEHC-UHFFFAOYSA-N,c1ccc2nc3ccccc3cc2c1,DZBUGLKDJFMEHC-UHFFFAOYSA-N,train
3382,6416,MWFZYRJWHFSLOE-JLHYYAGUSA-N,CCN(C)C(=O)Oc1ccc(/C=C/C(=O)N2CCc3ccccc3C2)cc1,LDIIACNKONNAKC-ZHACJKMWSA-N,test
3383,6422,RVHOEUHHAHFBJU-CSKARUKUSA-N,COc1cc(/C=C/C(=O)N2CCCCC2)ccc1OC(=O)N(C)C,KNOXUMZPTHELAO-MDZDMXLPSA-N,test
3384,6436,LQLBWZJHRARWDB-UHFFFAOYSA-N,NC(=O)c1sc(-c2ccnc(NC(=O)C3CC3)c2)nc1OCCCC1CCN(Cc2ccc(F)cc2)CC1,JNJOUIZDUSOAGG-UHFFFAOYSA-N,train
3385,6437,IWBHCAPYMPYPRE-UHFFFAOYSA-N,NC(=O)c1sc(-c2ccnc(NC(=O)C3CC3)c2)nc1OCCCC1CCN(Cc2cccc(F)c2)CC1,JNJOUIZDUSOAGG-UHFFFAOYSA-N,train
3386,6438,YFLQQJOCKLGZJZ-UHFFFAOYSA-N,NC(=O)c1sc(-c2ccnc(NC(=O)C3CC3)c2)nc1OCCCC1CCN(Cc2ccccc2F)CC1,JNJOUIZDUSOAGG-UHFFFAOYSA-N,train
3387,6439,ZUWQNIVETLIDSE-UHFFFAOYSA-N,NC(=O)c1sc(-c2ccnc(NC(=O)C3CC3)c2)nc1OCCCC1CCN(Cc2ccccc2)CC1,JNJOUIZDUSOAGG-UHFFFAOYSA-N,train
3388,6442,KSSGNEFSJBPCDX-UHFFFAOYSA-N,NC(=O)c1sc(-c2ccnc(NC(=O)C3CC3)c2)nc1OCCC1CCN(Cc2ccc(F)cc2)CC1,NTTPNUSGRGVLEU-UHFFFAOYSA-N,train
3389,6443,MBGOHKNDGDEIAS-UHFFFAOYSA-N,NC(=O)c1sc(-c2ccnc(NC(=O)C3CC3)c2)nc1OCCC1CCN(Cc2cccc(F)c2)CC1,NTTPNUSGRGVLEU-UHFFFAOYSA-N,train
3390,6444,ULSOYUGFFFZGBY-UHFFFAOYSA-N,NC(=O)c1sc(-c2ccnc(NC(=O)C3CC3)c2)nc1OCCC1CCN(Cc2ccccc2Cl)CC1,NTTPNUSGRGVLEU-UHFFFAOYSA-N,train
3391,6445,NPKLPPFDSUXDBQ-UHFFFAOYSA-N,NC(=O)c1sc(-c2ccnc(NC(=O)C3CC3)c2)nc1OCCC1CCN(Cc2ccccn2)CC1,IPPMEFXXXOMSIW-UHFFFAOYSA-N,train
3392,6446,GTDYZHRXBKZMOG-UHFFFAOYSA-N,NC(=O)c1sc(-c2ccnc(NC(=O)C3CC3)c2)nc1OCCC1CCN(Cc2ccccc2F)CC1,NTTPNUSGRGVLEU-UHFFFAOYSA-N,train
3393,6447,YWWSWOHOMIZEMH-UHFFFAOYSA-N,NC(=O)c1sc(-c2ccnc(NC(=O)C3CC3)c2)nc1OCCC1CCN(Cc2ccccc2)CC1,NTTPNUSGRGVLEU-UHFFFAOYSA-N,train
3394,6448,WCUGNCQJDCCMLE-UHFFFAOYSA-N,NC(=O)c1sc(-c2ccnc(NC(=O)C3CC3)c2)nc1OCC1CCN(Cc2ccccc2)CC1,DCXHXENQMQMNRB-UHFFFAOYSA-N,train
3395,6452,SGPWCCRYWGDWPY-UHFFFAOYSA-N,CNC(=O)c1sc(-c2ccnc(NC(=O)C3CC3)c2)nc1OCC1CCN(Cc2cccc([N+](=O)[O-])c2)CC1,DCXHXENQMQMNRB-UHFFFAOYSA-N,train
3396,6458,BDUXOMBAFKYZLK-UHFFFAOYSA-N,CNC(=O)c1sc(-c2ccnc(NC(=O)C3CC3)c2)nc1OCC1CCN(Cc2ccccc2F)CC1,DCXHXENQMQMNRB-UHFFFAOYSA-N,train
3397,6459,OCIHMTSJSNPXID-UHFFFAOYSA-N,CNC(=O)c1sc(-c2ccnc(NC(=O)C3CC3)c2)nc1OCC1CCN(Cc2ccccc2)CC1,DCXHXENQMQMNRB-UHFFFAOYSA-N,train
3398,6461,AQUGDAJVVDHBAZ-UHFFFAOYSA-N,c1ccc(-c2nnc(Nc3ncccn3)o2)cc1,AQUGDAJVVDHBAZ-UHFFFAOYSA-N,train
3399,6462,MXQBNZYCTHSRBT-UHFFFAOYSA-N,Cc1ccc(-c2nnc(Nc3ncccn3)o2)cc1,AQUGDAJVVDHBAZ-UHFFFAOYSA-N,train
3400,6463,XYRNALHTDPFFOH-UHFFFAOYSA-N,COc1ccc(-c2nnc(Nc3ncccn3)o2)cc1,AQUGDAJVVDHBAZ-UHFFFAOYSA-N,train
3401,6464,IATWWELQJAHECW-UHFFFAOYSA-N,COc1ccc(-c2nnc(Nc3ncccn3)o2)cc1OC,AQUGDAJVVDHBAZ-UHFFFAOYSA-N,train
3402,6465,LRPPEZVKFXBNIC-UHFFFAOYSA-N,COc1cc(-c2nnc(Nc3ncccn3)o2)cc(OC)c1OC,AQUGDAJVVDHBAZ-UHFFFAOYSA-N,train
3403,6466,HECIYRGCNLFBSR-UHFFFAOYSA-N,Oc1ccc(-c2nnc(Nc3ncccn3)o2)cc1,AQUGDAJVVDHBAZ-UHFFFAOYSA-N,train
3404,6468,XWDVGVZCDUPRMY-UHFFFAOYSA-N,c1cnc(Nc2nnc(-c3cccc4ccccc34)o2)nc1,XWDVGVZCDUPRMY-UHFFFAOYSA-N,test
3405,6469,XIIITDFMPLDPLP-UHFFFAOYSA-N,Fc1ccc(-c2nnc(Nc3ncccn3)o2)cc1,AQUGDAJVVDHBAZ-UHFFFAOYSA-N,train
3406,6470,YAMIRMVSSOIZND-UHFFFAOYSA-N,Clc1ccc(-c2nnc(Nc3ncccn3)o2)cc1,AQUGDAJVVDHBAZ-UHFFFAOYSA-N,train
3407,6471,IATVOXGIWOTVLC-UHFFFAOYSA-N,Brc1ccc(-c2nnc(Nc3ncccn3)o2)cc1,AQUGDAJVVDHBAZ-UHFFFAOYSA-N,train
3408,6472,KSKNQTZZBVZTRJ-UHFFFAOYSA-N,Brc1cccc(-c2nnc(Nc3ncccn3)o2)c1,AQUGDAJVVDHBAZ-UHFFFAOYSA-N,train
3409,6475,ABHQPKFAWBLZQM-UHFFFAOYSA-N,O=[N+]([O-])c1ccccc1-c1nnc(Nc2ncccn2)o1,AQUGDAJVVDHBAZ-UHFFFAOYSA-N,train
3410,6477,ZLKPJIXUEUCDST-UYRXBGFRSA-N,C(=N/C1CCN(Cc2ccccc2)C1)/c1ccccc1,ZLKPJIXUEUCDST-UYRXBGFRSA-N,train
3411,6479,SKKBAZVFTGGGGC-XKZIYDEJSA-N,COc1cc(/C=N\C2CCN(Cc3ccccc3)C2)cc(OC)c1OC,ZLKPJIXUEUCDST-UYRXBGFRSA-N,train
3412,6480,PZHPKJUFRLHDEU-UNOMPAQXSA-N,Oc1ccc(/C=N\C2CCN(Cc3ccccc3)C2)cc1,ZLKPJIXUEUCDST-UYRXBGFRSA-N,train
3413,6482,IZAYEKLSRQREBG-ODLFYWEKSA-N,Oc1ccc(/C=N\C2CCN(Cc3ccccc3)C2)c(O)c1,ZLKPJIXUEUCDST-UYRXBGFRSA-N,train
3414,6485,PAQULTPIKMYIGM-UNOMPAQXSA-N,O=[N+]([O-])c1ccc(/C=N\C2CCN(Cc3ccccc3)C2)cc1,ZLKPJIXUEUCDST-UYRXBGFRSA-N,train
3415,6486,TWJVTBLXKNKWSB-FMCGGJTJSA-N,FC(F)(F)c1ccc(/C=N\C2CCN(Cc3ccccc3)C2)cc1,ZLKPJIXUEUCDST-UYRXBGFRSA-N,train
3416,6487,JSWKVMGDOWLBIK-FMCGGJTJSA-N,FC(F)(F)Oc1ccc(/C=N\C2CCN(Cc3ccccc3)C2)cc1,ZLKPJIXUEUCDST-UYRXBGFRSA-N,train
3417,6488,WTWYZVLQGXCINR-NDENLUEZSA-N,Clc1ccc(/C=N\C2CCN(Cc3ccccc3)C2)cc1,ZLKPJIXUEUCDST-UYRXBGFRSA-N,train
3418,6489,DEGSUXMFHIVOEM-NDENLUEZSA-N,Fc1ccc(/C=N\C2CCN(Cc3ccccc3)C2)cc1,ZLKPJIXUEUCDST-UYRXBGFRSA-N,train
3419,6490,UFQXXDQICIOZAL-NDENLUEZSA-N,Brc1ccc(/C=N\C2CCN(Cc3ccccc3)C2)cc1,ZLKPJIXUEUCDST-UYRXBGFRSA-N,train
3420,6491,QJPWWFHANHHHDO-NHDPSOOVSA-N,Fc1ccc(/C=N\C2CCN(Cc3ccccc3)C2)c(F)c1,ZLKPJIXUEUCDST-UYRXBGFRSA-N,train
3421,6492,BHEXKVGLZMEJRQ-UHFFFAOYSA-N,c1ccc(CNC2CCN(Cc3ccccc3)C2)cc1,BHEXKVGLZMEJRQ-UHFFFAOYSA-N,train
3422,6493,FUJGEURJBFJMHI-UHFFFAOYSA-N,COc1cccc(CNC2CCN(Cc3ccccc3)C2)c1OC,BHEXKVGLZMEJRQ-UHFFFAOYSA-N,train
3423,6494,SYXPKAXGFWBJTP-UHFFFAOYSA-N,COc1cc(CNC2CCN(Cc3ccccc3)C2)cc(OC)c1OC,BHEXKVGLZMEJRQ-UHFFFAOYSA-N,train
3424,6495,AGDPSYPPGBDUIX-UHFFFAOYSA-N,Oc1ccc(CNC2CCN(Cc3ccccc3)C2)cc1,BHEXKVGLZMEJRQ-UHFFFAOYSA-N,train
3425,6496,GMSWYGVWFRVORO-UHFFFAOYSA-N,Oc1ccccc1CNC1CCN(Cc2ccccc2)C1,BHEXKVGLZMEJRQ-UHFFFAOYSA-N,train
3426,6497,NCCVVESLAYPODT-UHFFFAOYSA-N,Oc1ccc(CNC2CCN(Cc3ccccc3)C2)c(O)c1,BHEXKVGLZMEJRQ-UHFFFAOYSA-N,train
3427,6499,KAVGFUSYIFGSSP-UHFFFAOYSA-N,Cc1ccc(CNC2CCN(Cc3ccccc3)C2)cc1,BHEXKVGLZMEJRQ-UHFFFAOYSA-N,train
3428,6500,AQMYHUHZQYKIDD-UHFFFAOYSA-N,O=[N+]([O-])c1ccc(CNC2CCN(Cc3ccccc3)C2)cc1,BHEXKVGLZMEJRQ-UHFFFAOYSA-N,train
3429,6501,HHNLYSCYFKASFN-UHFFFAOYSA-N,FC(F)(F)c1ccc(CNC2CCN(Cc3ccccc3)C2)cc1,BHEXKVGLZMEJRQ-UHFFFAOYSA-N,train
3430,6502,RLLGGQDQUFVCQL-UHFFFAOYSA-N,FC(F)(F)Oc1ccc(CNC2CCN(Cc3ccccc3)C2)cc1,BHEXKVGLZMEJRQ-UHFFFAOYSA-N,train
3431,6503,CMDAIEIUZXBLAW-UHFFFAOYSA-N,Clc1ccc(CNC2CCN(Cc3ccccc3)C2)cc1,BHEXKVGLZMEJRQ-UHFFFAOYSA-N,train
3432,6504,IQOXJBXAAJLNTO-UHFFFAOYSA-N,Fc1ccc(CNC2CCN(Cc3ccccc3)C2)cc1,BHEXKVGLZMEJRQ-UHFFFAOYSA-N,train
3433,6505,KAXBOKVMLFLTDR-UHFFFAOYSA-N,Brc1ccc(CNC2CCN(Cc3ccccc3)C2)cc1,BHEXKVGLZMEJRQ-UHFFFAOYSA-N,train
3434,6506,GZGCQOBTRUVMOI-UHFFFAOYSA-N,Fc1ccc(CNC2CCN(Cc3ccccc3)C2)c(F)c1,BHEXKVGLZMEJRQ-UHFFFAOYSA-N,train
3435,6511,VFERHOUHYWLGSW-YYDJUVGSSA-N,O=C(CCCCCN1CCC2c3ccccc3NC2C1)Nc1ccc(/C=C2\CCn3c2nc2ccccc2c3=O)cc1,VFERHOUHYWLGSW-YYDJUVGSSA-N,test
3436,6512,URKUVOOMGFZKSL-DARPEHSRSA-N,O=C(CCCCN1CCC2c3ccccc3NC2C1)Nc1ccc(/C=C2\CCn3c2nc2ccccc2c3=O)cc1,URKUVOOMGFZKSL-DARPEHSRSA-N,test
3437,6513,ARMJZDJUAIIGAI-ZBJSNUHESA-N,O=C(CCN1CCC2c3ccccc3NC2C1)Nc1ccc(/C=C2\CCn3c2nc2ccccc2c3=O)cc1,ARMJZDJUAIIGAI-ZBJSNUHESA-N,train
3438,6514,YGDFHMALLNHJGR-YYDJUVGSSA-N,O=C(CCCCCN1CCC2c3ccccc3NC2C1)Oc1ccc(/C=C2\CCn3c2nc2ccccc2c3=O)cc1,YGDFHMALLNHJGR-YYDJUVGSSA-N,test
3439,6515,ZDDBXKYJPCPAEW-DARPEHSRSA-N,O=C(CCCCN1CCC2c3ccccc3NC2C1)Oc1ccc(/C=C2\CCn3c2nc2ccccc2c3=O)cc1,ZDDBXKYJPCPAEW-DARPEHSRSA-N,test
3440,6516,JJZULEDSKWBYDC-BSYVCWPDSA-N,O=C(CCCN1CCC2c3ccccc3NC2C1)Oc1ccc(/C=C2\CCn3c2nc2ccccc2c3=O)cc1,JJZULEDSKWBYDC-BSYVCWPDSA-N,train
3441,6517,NKGAOXISUWKUFF-ZBJSNUHESA-N,O=C(CCN1CCC2c3ccccc3NC2C1)Oc1ccc(/C=C2\CCn3c2nc2ccccc2c3=O)cc1,NKGAOXISUWKUFF-ZBJSNUHESA-N,test
3442,6518,GOMMQUCIBUSEBS-HEHNFIMWSA-N,O=C(CN1CCC2c3ccccc3NC2C1)Oc1ccc(/C=C2\CCn3c2nc2ccccc2c3=O)cc1,GOMMQUCIBUSEBS-HEHNFIMWSA-N,train
3443,6521,VVTZCIBPJIURIN-QHCPKHFHSA-N,CS[C@@H](Cn1nnc2cc(C#Cc3ccc(CN4CCOCC4)cc3)ccc21)N(O)C=O,HDFMURCSXYPBBG-UHFFFAOYSA-N,train
3444,6526,HVXLNJOMSHCFDF-UHFFFAOYSA-N,CCN(C)C(=O)Oc1ccc(-c2cc(=O)c3c(O)cc(OC(=O)N(C)CC)cc3o2)cc1,VHBFFQKBGNRLFZ-UHFFFAOYSA-N,train
3445,6528,MBGXXUPMENAELF-UHFFFAOYSA-N,CCN(C)C(=O)Oc1ccc(-c2cc(=O)c3c(OC(=O)N(C)CC)cc(OC(=O)N(C)CC)cc3o2)cc1,VHBFFQKBGNRLFZ-UHFFFAOYSA-N,train
3446,6533,GHGNTVMFYBGHCD-UHFFFAOYSA-N,COc1ccc2cc3[n+](cc2c1OCc1ccccc1)CCc1cc2c(cc1-3)OCO2,LUVYNKKPQOBDEC-UHFFFAOYSA-N,train
3447,6534,CLIQDANMNASFQG-UHFFFAOYSA-N,COc1ccc2cc3[n+](cc2c1OCc1cccc(C)c1)CCc1cc2c(cc1-3)OCO2,LUVYNKKPQOBDEC-UHFFFAOYSA-N,train
3448,6537,RQOFJLSQOIAJOK-UHFFFAOYSA-N,COc1ccc2cc3[n+](cc2c1OCc1ccc(C(C)C)cc1)CCc1cc2c(cc1-3)OCO2,LUVYNKKPQOBDEC-UHFFFAOYSA-N,train
3449,6538,XLGKBJKHBLDFNJ-UHFFFAOYSA-N,COc1ccc2cc3[n+](cc2c1OCc1cc(C)cc(C)c1)CCc1cc2c(cc1-3)OCO2,LUVYNKKPQOBDEC-UHFFFAOYSA-N,train
3450,6539,KEOLOUZSLOEJHF-UHFFFAOYSA-N,COc1ccc2cc3[n+](cc2c1OCc1ccc(Br)cc1)CCc1cc2c(cc1-3)OCO2,LUVYNKKPQOBDEC-UHFFFAOYSA-N,train
3451,6540,QZPSMYUZXFIHBQ-UHFFFAOYSA-N,COc1ccc2cc3[n+](cc2c1OCc1cccc(Br)c1)CCc1cc2c(cc1-3)OCO2,LUVYNKKPQOBDEC-UHFFFAOYSA-N,train
3452,6541,WYAFBHCEHCPITE-UHFFFAOYSA-N,COc1ccc2cc3[n+](cc2c1OCc1ccccc1Br)CCc1cc2c(cc1-3)OCO2,LUVYNKKPQOBDEC-UHFFFAOYSA-N,train
3453,6542,FLPVNABKUUURNM-UHFFFAOYSA-N,COc1ccc2cc3[n+](cc2c1OCc1ccc([N+](=O)[O-])cc1)CCc1cc2c(cc1-3)OCO2,LUVYNKKPQOBDEC-UHFFFAOYSA-N,train
3454,6543,RLMPEWYPEXSDLV-UHFFFAOYSA-N,COc1ccc2cc3[n+](cc2c1OCc1ccc(SC)cc1)CCc1cc2c(cc1-3)OCO2,LUVYNKKPQOBDEC-UHFFFAOYSA-N,train
3455,6544,QEACKGYEVKFPKO-UHFFFAOYSA-N,COc1ccc2cc3[n+](cc2c1OCc1cccc([N+](=O)[O-])c1)CCc1cc2c(cc1-3)OCO2,LUVYNKKPQOBDEC-UHFFFAOYSA-N,train
3456,6545,QEDWUKAMQXUYNI-UHFFFAOYSA-N,COc1ccc2cc3[n+](cc2c1OCc1cccc(Cl)c1)CCc1cc2c(cc1-3)OCO2,LUVYNKKPQOBDEC-UHFFFAOYSA-N,train
3457,6546,VRPAOBPDQZGZET-UHFFFAOYSA-N,COc1ccc2cc3[n+](cc2c1OCc1ccc(Cl)cc1)CCc1cc2c(cc1-3)OCO2,LUVYNKKPQOBDEC-UHFFFAOYSA-N,train
3458,6547,OUWGJNPXNMQMMF-UHFFFAOYSA-N,COc1ccc2cc3[n+](cc2c1OCc1ccc(Cl)c(Cl)c1)CCc1cc2c(cc1-3)OCO2,LUVYNKKPQOBDEC-UHFFFAOYSA-N,train
3459,6548,CLOMQWFIANXPLL-UHFFFAOYSA-N,COC(=O)c1ccc(COc2c(OC)ccc3cc4[n+](cc23)CCc2cc3c(cc2-4)OCO3)cc1,LUVYNKKPQOBDEC-UHFFFAOYSA-N,train
3460,6549,HSRRXPTXNWLPHR-UHFFFAOYSA-N,COc1ccc2cc3[n+](cc2c1OCc1ccc(C#N)cc1)CCc1cc2c(cc1-3)OCO2,LUVYNKKPQOBDEC-UHFFFAOYSA-N,train
3461,6550,MBNODMHHMMYUBP-UHFFFAOYSA-N,COc1cccc(COc2c(OC)ccc3cc4[n+](cc23)CCc2cc3c(cc2-4)OCO3)c1,LUVYNKKPQOBDEC-UHFFFAOYSA-N,train
3462,6551,IRUIAPYBTRKITC-UHFFFAOYSA-N,COc1ccc2cc3[n+](cc2c1OCc1ccc(C(F)(F)F)cc1)CCc1cc2c(cc1-3)OCO2,LUVYNKKPQOBDEC-UHFFFAOYSA-N,train
3463,6552,ZEJGJFKQOJDBHC-UHFFFAOYSA-N,COc1ccc(COc2c(OC)ccc3cc4[n+](cc23)CCc2cc3c(cc2-4)OCO3)cc1,LUVYNKKPQOBDEC-UHFFFAOYSA-N,train
3464,6553,VCOKOIFTYIMJJA-UHFFFAOYSA-N,COc1ccc2cc3[n+](cc2c1OCc1ccc2ccccc2c1)CCc1cc2c(cc1-3)OCO2,FSIJYTFKWYMORV-UHFFFAOYSA-N,train
3465,6554,OWIJQTKCJXOUNO-UHFFFAOYSA-N,COc1ccc2cc3[n+](cc2c1OC(C)c1ccccc1)CCc1cc2c(cc1-3)OCO2,LUVYNKKPQOBDEC-UHFFFAOYSA-N,train
3466,6556,KNIPHGXUVWAHCN-UHFFFAOYSA-N,O=c1c2ccccc2oc2ccc(OCCCCCN3CCCCCC3)cc12,KNIPHGXUVWAHCN-UHFFFAOYSA-N,train
3467,6557,JREXJAZIYYZNSO-UHFFFAOYSA-N,O=c1c2cc(Cl)ccc2oc2ccc(OCCCCCN3CCCCCC3)cc12,KNIPHGXUVWAHCN-UHFFFAOYSA-N,train
3468,6563,AIIWJMPOAUNFLG-UHFFFAOYSA-N,COc1ccc2cc(C(=O)NCCC3CCN(Cc4ccccc4)CC3)ccc2c1,VTZGYQYDBJMTAJ-UHFFFAOYSA-N,test
3469,6567,YMBIMUZYHSNFFG-UHFFFAOYSA-N,CNC(=O)c1sc(-c2ccnc(NC(=O)C3CC3)c2)nc1OCCc1cn(CCNc2c3c(nc4cc(Cl)ccc24)CCCC3)nn1,WHUJSQXNUCCIJX-UHFFFAOYSA-N,train
3470,6568,RHAOFYGYWYBRSI-UHFFFAOYSA-N,CNC(=O)c1sc(-c2ccnc(NC(=O)C3CC3)c2)nc1OCCc1cn(CCNc2c3c(nc4ccccc24)CCCC3)nn1,WHUJSQXNUCCIJX-UHFFFAOYSA-N,train
3471,6569,ALRPJVIDEJKLDX-UHFFFAOYSA-N,CNC(=O)c1sc(-c2ccnc(NC(=O)C3CC3)c2)nc1OCCCc1cn(CCNc2c3c(nc4ccccc24)CCCC3)nn1,UVDYUAKOGXPKCJ-UHFFFAOYSA-N,test
3472,6572,LBZYUTMWCPFGPD-UHFFFAOYSA-N,CNC(=O)c1sc(-c2ccnc(NC(=O)C3CC3)c2)nc1OCCOCc1cn(CCNc2c3c(nc4cc(Cl)ccc24)CCCC3)nn1,HQNDMWVFMSFTIV-UHFFFAOYSA-N,train
3473,6573,CLNWLUWTLQVFCS-UHFFFAOYSA-N,CNC(=O)c1sc(-c2ccnc(NC(=O)C3CC3)c2)nc1OCCOCc1cn(CCNc2c3c(nc4ccccc24)CCCC3)nn1,HQNDMWVFMSFTIV-UHFFFAOYSA-N,train
3474,6577,VVVCUWUORGMTNG-UHFFFAOYSA-N,O=C(NCCCNc1c2c(nc3ccccc13)CCCC2)c1sc(-c2ccnc(NC(=O)C3CC3)c2)nc1OCC1CC1,VVVCUWUORGMTNG-UHFFFAOYSA-N,test
3475,6578,HZTZFAQVGYSTHZ-UHFFFAOYSA-N,O=C(NCCCNc1c2c(nc3ccccc13)CCCC2)c1sc(-c2ccnc(NC(=O)C3CCC3)c2)nc1OCC1CC1,HZTZFAQVGYSTHZ-UHFFFAOYSA-N,train
3476,6579,VMJFCOMMBQFXOH-UHFFFAOYSA-N,CC(=O)Nc1cc(-c2nc(OCC3CC3)c(C(=O)NCCCNc3c4c(nc5ccccc35)CCCC4)s2)ccn1,SYJAYDHVWRLFTK-UHFFFAOYSA-N,test
3477,6580,MYLYCZDLVLCRLU-UHFFFAOYSA-N,CNC(=O)c1sc(-c2ccnc(NC(=O)CNCCNc3c4c(nc5ccccc35)CCCC4)c2)nc1OCC1CC1,YKYSVZHMNYROGP-UHFFFAOYSA-N,train
3478,6581,WFLNSPBNQAGFFF-UHFFFAOYSA-N,CNC(=O)c1sc(-c2ccnc(NC(=O)CNCCNc3c4c(nc5cc(Cl)ccc35)CCCC4)c2)nc1OCC1CC1,YKYSVZHMNYROGP-UHFFFAOYSA-N,train
3479,6582,FPBXMXPANNHQSO-UHFFFAOYSA-N,CNC(=O)c1sc(-c2ccnc(NC(=O)CNCCNc3c4c(nc5ccc(OC)cc35)CCCC4)c2)nc1OCC1CC1,YKYSVZHMNYROGP-UHFFFAOYSA-N,train
3480,6583,STHYVJPMYDZLQB-UHFFFAOYSA-N,CCNC(=O)c1sc(-c2ccnc(NC(=O)CNCCNc3c4c(nc5ccccc35)CCCC4)c2)nc1OCC1CC1,YKYSVZHMNYROGP-UHFFFAOYSA-N,train
3481,6584,YPWPKJLJKMSERN-UHFFFAOYSA-N,CCCNC(=O)c1sc(-c2ccnc(NC(=O)CNCCNc3c4c(nc5ccccc35)CCCC4)c2)nc1OCC1CC1,YKYSVZHMNYROGP-UHFFFAOYSA-N,train
3482,6585,FOAOMODSQTYPSH-UHFFFAOYSA-N,NC(=O)c1sc(-c2ccnc(NC(=O)CNCCNc3c4c(nc5ccccc35)CCCC4)c2)nc1OCC1CC1,YKYSVZHMNYROGP-UHFFFAOYSA-N,train
3483,6586,RTZCOIZFSLQMHI-UHFFFAOYSA-N,CNC(=O)c1sc(-c2ccnc(NC(=O)CNCCCCNc3c4c(nc5ccccc35)CCCC4)c2)nc1OCC1CC1,DZDRNNGRRUXRQL-UHFFFAOYSA-N,train
3484,6587,XJSGAZQHWZKYFW-UHFFFAOYSA-N,CNC(=O)c1sc(-c2ccnc(NC(=O)CNCCCCCCNc3c4c(nc5ccccc35)CCCC4)c2)nc1OCC1CC1,AEDHVDFWLXLDON-UHFFFAOYSA-N,train
3485,6588,OAPINTTTYXBPJU-UHFFFAOYSA-N,CNC(=O)c1sc(-c2ccnc(NC(=O)CNCCCCCCCCNc3c4c(nc5ccccc35)CCCC4)c2)nc1OCC1CC1,XFIFOPDJPLFQII-UHFFFAOYSA-N,test
3486,6589,UJBNMVVJVRQAIM-UHFFFAOYSA-N,CNC(=O)c1sc(-c2ccnc(NC(=O)CNCCNc3c4c(nc5ccccc35)CCCC4)c2)nc1OC,YEYDWSYCQHCCII-UHFFFAOYSA-N,train
3487,6590,JOQXVIOUNWJRIL-UHFFFAOYSA-N,CNC(=O)c1sc(-c2ccnc(NC(=O)CNCCNc3c4c(nc5ccccc35)CCCC4)c2)nc1OCC1CCC1,SWDBFIRETZDEPQ-UHFFFAOYSA-N,test
3488,6591,FNOUTFPQMJNBDX-UHFFFAOYSA-N,CNC(=O)c1sc(-c2ccnc(NC(=O)CNCCNc3c4c(nc5ccccc35)CCCC4)c2)nc1OCC(C)(C)C,YEYDWSYCQHCCII-UHFFFAOYSA-N,train
3489,6592,IOTWCKHUEXDRAB-UHFFFAOYSA-N,CNC(=O)c1sc(-c2ccnc(NC(=O)CNCCNc3c4c(nc5ccccc35)CCCC4)c2)nc1OC(C)C,YEYDWSYCQHCCII-UHFFFAOYSA-N,train
3490,6593,XGMUXKFWISFHAG-UHFFFAOYSA-N,CNC(=O)c1sc(-c2ccnc(NC(=O)CNCCNc3c4c(nc5ccccc35)CCCC4)c2)nc1OCC(C)C,YEYDWSYCQHCCII-UHFFFAOYSA-N,train
3491,6594,HEYGXZLHMDENBS-UHFFFAOYSA-N,COc1cc(CNC(=O)CCCCNc2c3c(nc4cc(Cl)ccc24)CC2C=C(C)CC3C2)ccc1O,PPSUVVPMICBDBR-UHFFFAOYSA-N,test
3492,6595,AUFZKQKTTGOKEM-UHFFFAOYSA-N,COc1cc(CNC(=O)CCCCCNc2c3c(nc4cc(Cl)ccc24)CC2C=C(C)CC3C2)ccc1O,NQEPTNGZABCQIJ-UHFFFAOYSA-N,test
3493,6596,JGUYMIZRMYBDGV-UHFFFAOYSA-N,COc1cc(CNC(=O)CCCCCCNc2c3c(nc4cc(Cl)ccc24)CC2C=C(C)CC3C2)ccc1O,DSZBRJWAWYRGRC-UHFFFAOYSA-N,train
3494,6597,RCGLPLMTBKSXHW-UHFFFAOYSA-N,COc1cc(CNC(=O)CCCCCCCNc2c3c(nc4cc(Cl)ccc24)CC2C=C(C)CC3C2)ccc1O,YAUOKBMIXBYWPY-UHFFFAOYSA-N,test
3495,6598,MDZYWOBROPAKNM-UHFFFAOYSA-N,COc1cc(CNC(=O)CCCCCCCCNc2c3c(nc4cc(Cl)ccc24)CC2C=C(C)CC3C2)ccc1O,MXSHRGFGPVMCGA-UHFFFAOYSA-N,test
3496,6599,JAUVXAJRIZCOSF-UHFFFAOYSA-N,COc1cc(CNC(=O)c2ccc(CNc3c4c(nc5cc(Cl)ccc35)CC3C=C(C)CC4C3)cc2)ccc1O,BDVRMDSBZVNOLY-UHFFFAOYSA-N,train
3497,6600,KGKBOIZOJSSJCG-FNORWQNLSA-N,COc1cc(CNC(=O)CCCC/C=C/CNc2c3c(nc4cc(Cl)ccc24)CC2C=C(C)CC3C2)ccc1O,MAKIKOJCBLJSBI-XCVCLJGOSA-N,test
3498,6601,KNKNYKQOFRQZRV-HWKANZROSA-N,COc1cc(CNC(=O)CCCC/C=C/CCCNc2c3c(nc4cc(Cl)ccc24)CC2C=C(C)CC3C2)ccc1O,ZUHROIGIDVUJBR-HNQUOIGGSA-N,test
3499,6602,WMCRFEREEQOYQN-UHFFFAOYSA-N,COc1cc(CNC(=O)Cc2cn(CCCCC3=CC4Cc5nc6cc(Cl)ccc6c(N)c5C(C3)C4)nn2)ccc1O,TYFCWXLBVLQLIM-UHFFFAOYSA-N,test
3500,6605,JNFAYJGOKLFDOK-UHFFFAOYSA-N,Cn1c(=O)sc2cc(C(=O)CCN3CCN(Cc4ccccc4)CC3)ccc21,JDISLMCYHFJWQP-UHFFFAOYSA-N,train
3501,6607,VKLXUQJNJIZNLT-ODLFYWEKSA-N,COc1cc2c(cc1OC)/C(=C/c1ccc(N3CCCCC3)c(O)c1)OC2=O,NDTHJEZVTDTZTP-RGEXLXHISA-N,test
3502,6608,VKLXUQJNJIZNLT-YBFXNURJSA-N,COc1cc2c(cc1OC)/C(=C\c1ccc(N3CCCCC3)c(O)c1)OC2=O,NDTHJEZVTDTZTP-XMHGGMMESA-N,test
3503,6609,NGKSBGUEGQBVKO-ZDLGFXPLSA-N,CCN(CC)c1cc(/C=C2\OC(=O)c3cc(OC)c(OC)cc32)ccc1O,YRTPZXMEBGTPLM-UVTDQMKNSA-N,test
3504,6610,NGKSBGUEGQBVKO-VCHYOVAHSA-N,CCN(CC)c1cc(/C=C2/OC(=O)c3cc(OC)c(OC)cc32)ccc1O,YRTPZXMEBGTPLM-GXDHUFHOSA-N,test
3505,6621,BXOSYALHTUWIFI-MBEZDYHHSA-N,COc1ccc([C@@H]2[C@H]3CSCN3C3(C(=O)c4ccccc4C3=O)[C@]23CSc2ccccc2C3=O)cc1,XEDITFPNOHYJHU-WHCXKFMVSA-N,train
3506,6623,BAZVLRREAJLPPA-MBEZDYHHSA-N,Cc1ccc([C@@H]2[C@H]3CSCN3C3(C(=O)c4ccccc4C3=O)[C@]23CSc2ccccc2C3=O)cc1,XEDITFPNOHYJHU-WHCXKFMVSA-N,train
3507,6629,FJHCVAUTCYJNIR-SETSBSEESA-N,CN1C[C@@H](c2cccc3ccccc23)[C@@]2(CSc3ccccc3C2=O)C12C(=O)c1ccccc1C2=O,OKEYDYKIBXQIHJ-PWUYWRBVSA-N,test
3508,6635,LFLYZXNTRNWQPR-WXVAWEFUSA-N,COc1ccc([C@@H]2CN(C)C3(C(=O)c4ccccc4C3=O)[C@]23CSc2ccccc2C3=O)cc1,WIVQWKBFPDKCOF-NBGIEHNGSA-N,train
3509,6637,XRLYOLGNUKIZDF-WXVAWEFUSA-N,Cc1ccc([C@@H]2CN(C)C3(C(=O)c4ccccc4C3=O)[C@]23CSc2ccccc2C3=O)cc1,WIVQWKBFPDKCOF-NBGIEHNGSA-N,train
3510,6646,LXSUQNNLNNUDLZ-UHFFFAOYSA-N,COc1cc2c(cc1O)CCC(C)(CC(=O)NCCCCCCNc1c3c(nc4ccccc14)CCCC3)O2,LFWFCHMDFSYISD-UHFFFAOYSA-N,test
3511,6647,DFXFXZRLHHKPPR-UHFFFAOYSA-N,COc1cc2c(cc1O)CCC(C)(CC(=O)NCCCCCCCCCNc1c3c(nc4ccccc14)CCCC3)O2,BHSMWYLFMWGEGM-UHFFFAOYSA-N,train
3512,6648,MOMFQUPSTUUCIS-UHFFFAOYSA-N,COc1cc2c(cc1O)CCC(C)(CC(=O)NCCCCCCCCNc1c3c(nc4ccccc14)CCCC3)O2,RTBZJWXQCNQHNM-UHFFFAOYSA-N,train
3513,6649,RGXJEOGAMRWBRC-UHFFFAOYSA-N,COc1cc2c(cc1O)CCC(C)(CC(=O)NCCCCCCCNc1c3c(nc4ccccc14)CCCC3)O2,RTGLFNITZWMBGU-UHFFFAOYSA-N,train
3514,6650,SRUORENXKCKPFF-UHFFFAOYSA-N,COc1cc2c(cc1OCc1ccccc1)CCC(C)(CC(=O)NCCCCCCNc1c3c(nc4cc(Cl)ccc14)CCCC3)O2,OFJCZKWVZBQZJZ-UHFFFAOYSA-N,test
3515,6651,OMCLEUFICTWJAY-UHFFFAOYSA-N,COc1cc2c(cc1OCc1ccccc1)CCC(C)(CC(=O)NCCCCCCCCCNc1c3c(nc4cc(Cl)ccc14)CCCC3)O2,UHQTYBXIBDVUFQ-UHFFFAOYSA-N,test
3516,6652,GTUYMOXZKSCJQY-UHFFFAOYSA-N,COc1cc2c(cc1OCc1ccccc1)CCC(C)(CC(=O)NCCCCCCCCNc1c3c(nc4cc(Cl)ccc14)CCCC3)O2,BRYVTSKHCICRKZ-UHFFFAOYSA-N,train
3517,6653,NFMKVTKMAZTQRZ-UHFFFAOYSA-N,COc1cc2c(cc1O)CCC(C)(CC(=O)NCCCCCCCNc1c3c(nc4cc(Cl)ccc14)CCCC3)O2,RTGLFNITZWMBGU-UHFFFAOYSA-N,train
3518,6654,XMJSUNRZFVJJHT-UHFFFAOYSA-N,COc1cc2c(cc1O)CCC(C)(CC(=O)NCCCCCCCCNc1c3c(nc4cc(Cl)ccc14)CCCC3)O2,RTBZJWXQCNQHNM-UHFFFAOYSA-N,train
3519,6655,UBUVCITWHPAWGO-UHFFFAOYSA-N,COc1cc2c(cc1O)CCC(C)(CC(=O)NCCCCCCCCCNc1c3c(nc4cc(Cl)ccc14)CCCC3)O2,BHSMWYLFMWGEGM-UHFFFAOYSA-N,train
3520,6656,JNVGOUUUZBVXPV-UHFFFAOYSA-N,COc1cc2c(cc1O)CCC(C)(CC(=O)NCCOCCOCCNc1c3c(nc4cc(Cl)ccc14)CCCC3)O2,VYRLFPZCUMWHEQ-UHFFFAOYSA-N,test
3521,6657,KYLGVOFITHEPJQ-UHFFFAOYSA-N,COc1cc2c(cc1O)CCC(C)(CCC(=O)NCCCCCCNc1c3c(nc4cc(Cl)ccc14)CCCC3)O2,ZOGDQVJCRYCHIS-UHFFFAOYSA-N,test
3522,6658,BBTQZRHMEIWKAX-UHFFFAOYSA-N,COc1cc2c(cc1O)CCC(C)(CCC(=O)NCCCCCCCNc1c3c(nc4cc(Cl)ccc14)CCCC3)O2,DSSWIVHVLJERRB-UHFFFAOYSA-N,train
3523,6659,JQKJWDFQBYGCOQ-UHFFFAOYSA-N,COc1cc2c(cc1O)CCC(C)(CCC(=O)NCCCCCCCCNc1c3c(nc4cc(Cl)ccc14)CCCC3)O2,NWHJOPLKLQIUDO-UHFFFAOYSA-N,test
3524,6660,HWAJTAQZIKDHGT-UHFFFAOYSA-N,COc1cc2c(cc1O)CCC(C)(CCNCCCCCCCNc1c3c(nc4cc(Cl)ccc14)CCCC3)O2,RDIMDXPJUTXLON-UHFFFAOYSA-N,test
3525,6661,UZGKESBGVBGSPI-UHFFFAOYSA-N,COc1cc2c(cc1O)CCC(C)(CCNCCCCCCCCNc1c3c(nc4cc(Cl)ccc14)CCCC3)O2,RDQGJUULTYCCOC-UHFFFAOYSA-N,test
3526,6662,VIACPOGORNYWLC-UHFFFAOYSA-N,COc1cc2c(cc1O)CCC(C)(CCNCCCCCCCCCNc1c3c(nc4cc(Cl)ccc14)CCCC3)O2,XFCZLDDITSQBRC-UHFFFAOYSA-N,test
3527,6663,YZABYNHVFXOCEC-UHFFFAOYSA-N,COc1cc2c(cc1O)CCC(C)(CCNCCOCCOCCNc1c3c(nc4cc(Cl)ccc14)CCCC3)O2,CVXSFPHLOPUFNE-UHFFFAOYSA-N,train
3528,6664,JYPJKGLZUCPORL-UHFFFAOYSA-N,COc1cc2c(cc1OCc1ccccc1)CCC(C)(CC(=O)NCCCCCCCNc1c3c(nc4cc(Cl)ccc14)CCCC3)O2,DBTAYZNNWNPYIB-UHFFFAOYSA-N,train
3529,6666,FPLKSJDEOUBUEL-UHFFFAOYSA-N,COCCn1cnc2cc(NC(=O)c3ccccc3)cc(C(=O)NCc3cc(F)cc(F)c3)c21,SSSNYUZIEYTSMK-UHFFFAOYSA-N,test
3530,6667,YCJCZVUHPAFTTR-UHFFFAOYSA-N,O=c1ccoc2ccc(OCCCCN3CCCCC3)cc12,YCJCZVUHPAFTTR-UHFFFAOYSA-N,test
3531,6670,SJZOAVOKRIVTGW-UHFFFAOYSA-N,O=c1ccoc2ccc(OCCCCN3CCCC3)cc12,SJZOAVOKRIVTGW-UHFFFAOYSA-N,test
3532,6671,SHCYGIJBHRLDQT-UHFFFAOYSA-N,O=c1ccoc2ccc(OCCCCCN3CCCC3)cc12,SHCYGIJBHRLDQT-UHFFFAOYSA-N,test
3533,6677,LRGMGVMBUSYGEO-UHFFFAOYSA-N,CCOC(=O)c1c(C)nc(N2CCN(S(=O)(=O)c3ccc(NC(C)=O)cc3)CC2)nc1-c1ccc(OC)cc1,AORJEBJUUPLKIC-UHFFFAOYSA-N,train
3534,6678,UEILVRMESRWYEE-UHFFFAOYSA-N,CCOC(=O)c1c(C)nc(N2CCN(S(=O)(=O)c3ccc(NC(C)=O)c(Cl)c3)CC2)nc1-c1ccc(OC)cc1,AORJEBJUUPLKIC-UHFFFAOYSA-N,train
3535,6679,LKVRDQOTUSDFNR-UHFFFAOYSA-N,CCOC(=O)c1c(C)nc(N2CCN(S(=O)(=O)c3ccc(NC(C)=O)c(F)c3)CC2)nc1-c1ccc(OC)cc1,AORJEBJUUPLKIC-UHFFFAOYSA-N,train
3536,6680,OKUAQOWGKLYLEZ-UHFFFAOYSA-N,CCOC(=O)c1c(C)nc(N2CCN(S(=O)(=O)c3ccc(NC(C)=O)c(OC)c3)CC2)nc1-c1ccc(OC)cc1,AORJEBJUUPLKIC-UHFFFAOYSA-N,train
3537,6681,KDSGALRBUUYBMG-UHFFFAOYSA-N,CCOC(=O)c1c(C)nc(N2CCN(S(=O)(=O)c3ccc(NC(C)=O)cc3)CC2)nc1-c1ccccc1,AORJEBJUUPLKIC-UHFFFAOYSA-N,train
3538,6682,IINXCVBTZBRIPU-UHFFFAOYSA-N,CCOC(=O)c1c(C)nc(N2CCN(S(=O)(=O)c3ccc(NC(C)=O)c(Cl)c3)CC2)nc1-c1ccccc1,AORJEBJUUPLKIC-UHFFFAOYSA-N,train
3539,6683,OYMGYNDSSVLQMM-UHFFFAOYSA-N,CCOC(=O)c1c(C)nc(N2CCN(S(=O)(=O)c3ccc(NC(C)=O)c(F)c3)CC2)nc1-c1ccccc1,AORJEBJUUPLKIC-UHFFFAOYSA-N,train
3540,6684,ODZVMGKRPLQMBL-UHFFFAOYSA-N,CCOC(=O)c1c(C)nc(N2CCN(S(=O)(=O)c3ccc(NC(C)=O)c(OC)c3)CC2)nc1-c1ccccc1,AORJEBJUUPLKIC-UHFFFAOYSA-N,train
3541,6685,OPRGGLBAGJZESP-UHFFFAOYSA-N,CCOC(=O)c1c(C)nc(N2CCN(S(=O)(=O)c3ccc(NC(C)=O)cc3)CC2)nc1-c1ccc(OC)c(OC)c1,AORJEBJUUPLKIC-UHFFFAOYSA-N,train
3542,6686,IBSHITWLGHMGMC-UHFFFAOYSA-N,CCOC(=O)c1c(C)nc(N2CCN(S(=O)(=O)c3ccc(NC(C)=O)c(Cl)c3)CC2)nc1-c1ccc(OC)c(OC)c1,AORJEBJUUPLKIC-UHFFFAOYSA-N,train
3543,6687,FDCAPJGTXWXXOK-UHFFFAOYSA-N,CCOC(=O)c1c(C)nc(N2CCN(S(=O)(=O)c3ccc(NC(C)=O)c(F)c3)CC2)nc1-c1ccc(OC)c(OC)c1,AORJEBJUUPLKIC-UHFFFAOYSA-N,train
3544,6688,MJSDYTGFAHMQPP-UHFFFAOYSA-N,CCOC(=O)c1c(C)nc(N2CCN(S(=O)(=O)c3ccc(NC(C)=O)c(OC)c3)CC2)nc1-c1ccc(OC)c(OC)c1,AORJEBJUUPLKIC-UHFFFAOYSA-N,train
3545,6689,MCJOXAQICUCRGY-UHFFFAOYSA-N,CCOC(=O)c1c(C)nc(N2CCN(S(=O)(=O)c3ccc(N)cc3)CC2)nc1-c1ccc(OC)cc1,AORJEBJUUPLKIC-UHFFFAOYSA-N,train
3546,6690,QFVCRJLKNQUTQR-UHFFFAOYSA-N,CCOC(=O)c1c(C)nc(N2CCN(S(=O)(=O)c3ccc(N)c(Cl)c3)CC2)nc1-c1ccc(OC)cc1,AORJEBJUUPLKIC-UHFFFAOYSA-N,train
3547,6691,JZZKNAKGIFRGQU-UHFFFAOYSA-N,CCOC(=O)c1c(C)nc(N2CCN(S(=O)(=O)c3ccc(N)c(F)c3)CC2)nc1-c1ccc(OC)cc1,AORJEBJUUPLKIC-UHFFFAOYSA-N,train
3548,6692,BTQYMOIZIRVQSA-UHFFFAOYSA-N,CCOC(=O)c1c(C)nc(N2CCN(S(=O)(=O)c3ccc(N)c(OC)c3)CC2)nc1-c1ccc(OC)cc1,AORJEBJUUPLKIC-UHFFFAOYSA-N,train
3549,6694,KLAAIIPDIASOQN-UHFFFAOYSA-N,CCOC(=O)c1c(C)nc(N2CCN(S(=O)(=O)c3ccc(N)c(Cl)c3)CC2)nc1-c1ccccc1,AORJEBJUUPLKIC-UHFFFAOYSA-N,train
3550,6696,OKDKJGDJLWWHHY-UHFFFAOYSA-N,CCOC(=O)c1c(C)nc(N2CCN(S(=O)(=O)c3ccc(N)c(OC)c3)CC2)nc1-c1ccccc1,AORJEBJUUPLKIC-UHFFFAOYSA-N,train
3551,6697,AFMORLSZDSPEHE-UHFFFAOYSA-N,CCOC(=O)c1c(C)nc(N2CCN(S(=O)(=O)c3ccc(N)cc3)CC2)nc1-c1ccc(OC)c(OC)c1,AORJEBJUUPLKIC-UHFFFAOYSA-N,train
3552,6698,MHPCSPHWKNFDTR-UHFFFAOYSA-N,CCOC(=O)c1c(C)nc(N2CCN(S(=O)(=O)c3ccc(N)c(Cl)c3)CC2)nc1-c1ccc(OC)c(OC)c1,AORJEBJUUPLKIC-UHFFFAOYSA-N,train
3553,6699,JJLWDJAUAHXDSQ-UHFFFAOYSA-N,CCOC(=O)c1c(C)nc(N2CCN(S(=O)(=O)c3ccc(N)c(F)c3)CC2)nc1-c1ccc(OC)c(OC)c1,AORJEBJUUPLKIC-UHFFFAOYSA-N,train
3554,6700,ZXODYPGVTRAJHS-UHFFFAOYSA-N,CCOC(=O)c1c(C)nc(N2CCN(S(=O)(=O)c3ccc(N)c(OC)c3)CC2)nc1-c1ccc(OC)c(OC)c1,AORJEBJUUPLKIC-UHFFFAOYSA-N,train
3555,6702,YRYSRRSTKKDAEQ-UHFFFAOYSA-N,CCc1ccc(NC(=O)COc2c(Cl)cc(Cl)cc2S(=O)(=O)N2CCN(C(=O)c3ccco3)CC2)cc1,GLEMOZIKWIXRBD-UHFFFAOYSA-N,train
3556,6723,WGWSIOKXWIRGGP-LDADJPATSA-N,COc1cc2c(cc1OC)C(=O)/C(=C/c1ccc(N3CCN(C)CC3)cc1)C2,UCTOTJQSJOBAEG-GHRIWEEISA-N,test
3557,6724,RHKFYLMTJHZFRB-KOEQRZSOSA-N,COc1cc2c(cc1OC)C(=O)/C(=C/c1ccc(N3CC[N+](C)(Cc4ccccc4)CC3)cc1)C2,KEDNXTFFWZJTFK-HKOYGPOVSA-O,train
3558,6725,RLFGLMFNOCORGT-LFVJCYFKSA-N,COc1cc2c(cc1OC)C(=O)/C(=C/c1ccc(N3CC[N+](C)(Cc4ccc(Br)cc4)CC3)cc1)C2,KEDNXTFFWZJTFK-HKOYGPOVSA-O,train
3559,6726,HYDRUOPHTWMPFN-BUVRLJJBSA-N,COc1cc2c(cc1OC)C(=O)/C(=C/c1ccc(N3CC[N+](C)(Cc4cccc(Br)c4)CC3)cc1)C2,KEDNXTFFWZJTFK-HKOYGPOVSA-O,train
3560,6727,HMPHYKVPGMRWBP-LFVJCYFKSA-N,COc1cc2c(cc1OC)C(=O)/C(=C/c1ccc(N3CC[N+](C)(Cc4ccccc4Br)CC3)cc1)C2,KEDNXTFFWZJTFK-HKOYGPOVSA-O,train
3561,6728,JTTAUOGRTGUCHJ-BUVRLJJBSA-N,COc1cc2c(cc1OC)C(=O)/C(=C/c1ccc(N3CC[N+](C)(Cc4cccc(Cl)c4)CC3)cc1)C2,KEDNXTFFWZJTFK-HKOYGPOVSA-O,train
3562,6729,GBKGLHSRAMRDHC-LFVJCYFKSA-N,COc1cc2c(cc1OC)C(=O)/C(=C/c1ccc(N3CC[N+](C)(Cc4ccccc4Cl)CC3)cc1)C2,KEDNXTFFWZJTFK-HKOYGPOVSA-O,train
3563,6730,NEVVIBBBCKALHF-XQNSMLJCSA-N,COc1cc2c(cc1OC)C(=O)/C(=C/c1ccc(N3CC[N+](C)(Cc4ccccn4)CC3)cc1)C2,BQYZQHSHVHKUAX-OQKWZONESA-O,train
3564,6731,NXPYNRPULVJZLU-RCCKNPSSSA-N,CCC[N+]1(C)CCN(c2ccc(/C=C3\Cc4cc(OC)c(OC)cc4C3=O)cc2)CC1,UCTOTJQSJOBAEG-GHRIWEEISA-O,train
3565,6732,LLAPUAXYFXGPTK-CJLVFECKSA-N,CCCC[N+]1(C)CCN(c2ccc(/C=C3\Cc4cc(OC)c(OC)cc4C3=O)cc2)CC1,UCTOTJQSJOBAEG-GHRIWEEISA-O,train
3566,6733,QRBQVMHNRDSIJC-HAVVHWLPSA-N,CCCCC[N+]1(C)CCN(c2ccc(/C=C3\Cc4cc(OC)c(OC)cc4C3=O)cc2)CC1,UCTOTJQSJOBAEG-GHRIWEEISA-O,train
3567,6734,YMIKOFNXEFFOIT-HKOYGPOVSA-N,CCCCCC[N+]1(C)CCN(c2ccc(/C=C3\Cc4cc(OC)c(OC)cc4C3=O)cc2)CC1,UCTOTJQSJOBAEG-GHRIWEEISA-O,train
3568,6735,KDNWXJBHFQSWIY-RCCKNPSSSA-N,C=CC[N+]1(C)CCN(c2ccc(/C=C3\Cc4cc(OC)c(OC)cc4C3=O)cc2)CC1,UCTOTJQSJOBAEG-GHRIWEEISA-O,train
3569,6736,ZWTNIIWZZKKJGW-XSFVSMFZSA-N,COc1cc2c(cc1OC)C(=O)/C(=C/c1ccc(N3CC[N+](C)(CCO)CC3)cc1)C2,UCTOTJQSJOBAEG-GHRIWEEISA-O,train
3570,6741,NTMOJNLZGRDYEX-UHFFFAOYSA-N,O=c1cc(-c2ccc(OCCCCN3CCC(Cc4ccccc4)CC3)cc2)oc2cc(OCCCCN3CCC(Cc4ccccc4)CC3)cc(O)c12,ZUBWDHXNBVPGFR-UHFFFAOYSA-N,test
3571,6742,QDGFZDSHMCVZQL-UHFFFAOYSA-N,O=c1cc(-c2ccc(OCCCCN3CCN(Cc4ccccc4)CC3)cc2)oc2cc(OCCCCN3CCN(Cc4ccccc4)CC3)cc(O)c12,AAFDWODPFAYCQI-UHFFFAOYSA-N,train
3572,6743,YNXCNTICEBIQKR-UHFFFAOYSA-N,O=c1cc(-c2ccc(OCCCCN3CCc4ccccc4C3)cc2)oc2cc(OCCCCN3CCc4ccccc4C3)cc(O)c12,HIFFPOKGECRZHC-UHFFFAOYSA-N,train
3573,6744,ZLKRKOVDOXDQDL-UHFFFAOYSA-N,CCN(CCCCOc1ccc(-c2cc(=O)c3c(O)cc(OCCCCN(CC)Cc4ccccc4)cc3o2)cc1)Cc1ccccc1,GKDPVZRIURCIHE-UHFFFAOYSA-N,train
3574,6745,SOHPLFZBNPLYPB-UHFFFAOYSA-N,O=C1CC(c2ccc(OCCCCN3CCC(Cc4ccccc4)CC3)cc2)Oc2cc(OCCCCN3CCC(Cc4ccccc4)CC3)cc(O)c21,FYVWOSXKRCLPGK-UHFFFAOYSA-N,train
3575,6748,RFJJUATUWWQTAO-UHFFFAOYSA-N,CCN(CCCCOc1ccc(C2CC(=O)c3c(O)cc(OCCCCN(CC)Cc4ccccc4OC)cc3O2)cc1)Cc1ccccc1OC,BTNHZFGRMKCKDX-UHFFFAOYSA-N,train
3576,6749,MJYHXFQKEQRPEC-UHFFFAOYSA-N,O=c1c(-c2ccc(OCCCCN3CCC(Cc4ccccc4)CC3)cc2)coc2cc(OCCCCN3CCC(Cc4ccccc4)CC3)cc(O)c12,OJFJSOOTFXSIFD-UHFFFAOYSA-N,test
3577,6751,OKOIPODBGJKFGU-UHFFFAOYSA-N,O=c1c(-c2ccc(OCCCCN3CCc4ccccc4C3)cc2)coc2cc(OCCCCN3CCc4ccccc4C3)cc(O)c12,FPQXGJLVJGKXJD-UHFFFAOYSA-N,train
3578,6752,GKGSKVGZCUKOSW-UHFFFAOYSA-N,CCN(CCCCOc1ccc(-c2coc3cc(OCCCCN(CC)Cc4ccccc4)cc(O)c3c2=O)cc1)Cc1ccccc1,VJXQYZRHHROCND-UHFFFAOYSA-N,train
3579,6753,ZGXSCBBSDIABRW-UHFFFAOYSA-N,CC1c2ccccc2CCN1CCCCOc1ccc(-c2coc3cc(OCCCCN4CCc5ccccc5C4C)cc(O)c3c2=O)cc1,FPQXGJLVJGKXJD-UHFFFAOYSA-N,train
3580,6754,VIOPWDAUYNQNRM-UHFFFAOYSA-N,O=c1c(-c2ccc(OCCCCN3CCCCC3)cc2)coc2cc(OCCCCN3CCCCC3)cc(O)c12,VXSJAPYUZPJXON-UHFFFAOYSA-N,test
3581,6756,XPYFRMBBCHEZMZ-DARPEHSRSA-N,CCN(CCCCOc1ccc(/C=C/C(=O)c2c(O)cc(OCCCCN(CC)Cc3ccccc3OC)cc2O)cc1)Cc1ccccc1OC,RZIYGVLPPJAHFK-JJIBRWJFSA-N,test
3582,6757,XBDYTEFXMPXJIS-DTQAZKPQSA-N,O=C(/C=C/c1ccc(OCCCCN2CCCCC2)cc1)c1c(O)cc(OCCCCN2CCCCC2)cc1O,LCDFBLQZHZCJQE-DEDYPNTBSA-N,test
3583,6758,QOSSCOVDLSVVJA-SDNWHVSQSA-N,O=C(/C=C/c1ccc(OCCCCN2CCCC2)cc1)c1c(O)cc(OCCCCN2CCCC2)cc1O,NYGPCERXBBZZBX-WOJGMQOQSA-N,test
3584,6759,OGHSLHAXPVLHBD-OBGWFSINSA-N,CCN(CC)CCCCOc1ccc(/C=C/C(=O)c2c(O)cc(OCCCCN(CC)CC)cc2O)cc1,DQFBYFPFKXHELB-VAWYXSNFSA-N,train
3585,6764,XTQIWDYCCFYORM-CSKARUKUSA-N,COc1cc(/C=C/C(=O)NCC(=O)Nc2ccccc2OC)ccc1O,SXDJCGXQZGFHAN-VAWYXSNFSA-N,train
3586,6765,DBMZBMJYDIJUPI-VQHVLOKHSA-N,COc1cccc(NC(=O)CNC(=O)/C=C/c2ccc(O)c(OC)c2)c1,SXDJCGXQZGFHAN-VAWYXSNFSA-N,train
3587,6767,BEWAIWNJAIMESJ-VQHVLOKHSA-N,COc1cc(/C=C/C(=O)NCC(=O)Nc2ccccc2Cl)ccc1O,SXDJCGXQZGFHAN-VAWYXSNFSA-N,train
3588,6768,LHCVSCQEUOTHJS-SOFGYWHQSA-N,COc1cc(/C=C/C(=O)NCC(=O)Nc2cccc(Cl)c2)ccc1O,SXDJCGXQZGFHAN-VAWYXSNFSA-N,train
3589,6769,MFNGDMYATMLOTC-YCRREMRBSA-N,COc1cc(/C=C/C(=O)NCC(=O)Nc2ccc(Cl)cc2)ccc1O,SXDJCGXQZGFHAN-VAWYXSNFSA-N,train
3590,6771,MJBVBHRRAGRLQN-SOFGYWHQSA-N,COc1cc(/C=C/C(=O)NCC(=O)Nc2cccc(C(F)(F)F)c2)ccc1O,SXDJCGXQZGFHAN-VAWYXSNFSA-N,train
3591,6772,AMZZCUYPZJXZDH-YCRREMRBSA-N,COc1cc(/C=C/C(=O)NCC(=O)Nc2ccc(C(F)(F)F)cc2)ccc1O,SXDJCGXQZGFHAN-VAWYXSNFSA-N,train
3592,6781,XVKHPTDTSZLRHX-XVNBXDOJSA-N,COc1cc(/C=C/C(=O)NCC(=O)Nc2ccc3[nH]ccc3c2)ccc1O,GPVZXARJQBEXFP-RMKNXTFCSA-N,train
3593,6782,FDCRLLFTRZKKFG-WEVVVXLNSA-N,COc1cc(/C=C/C(=O)NCC(=O)Nc2ccc3ncccc3c2)ccc1O,SKHKOZVGQSVQQA-DHZHZOJOSA-N,test
3594,6784,VUSXDYWHQVGKND-VQHVLOKHSA-N,COc1cccc(N2CCN(C(=O)/C=C/c3ccc(O)c(OC)c3)CC2)c1,FADBKIXZVPGOPE-VAWYXSNFSA-N,train
3595,6799,DOQSUJLBOVDRML-UHFFFAOYSA-N,CC(C)c1ccc(NC(=O)OC2CCCN(C3Cc4ccccc4C3)C2)cc1,ISMYNYFEVMBAEI-UHFFFAOYSA-N,train
3596,6816,HGJNVGMGHMPCIT-UHFFFAOYSA-N,CC(C)c1ccc(NC(=O)OCC2CCN(C3Cc4ccccc4C3)CC2)cc1,TVXNBKDMGAGSDZ-UHFFFAOYSA-N,test
3597,6817,CDBAAXNYHDKTFF-UHFFFAOYSA-N,CC(C)c1ccc(NC(=O)OC2CCN(C3Cc4ccccc4C3)CC2)cc1,MEQMHNDIDFKKBK-UHFFFAOYSA-N,test
3598,6822,WSZHWBCEOHXGOF-UHFFFAOYSA-N,CC(C)c1ccc(NC(=O)OCC2CCN(Cc3ccccc3)CC2)cc1,IKTRKOHDYGDICC-UHFFFAOYSA-N,train
3599,6825,IKTRKOHDYGDICC-UHFFFAOYSA-N,O=C(Nc1ccccc1)OCC1CCN(Cc2ccccc2)CC1,IKTRKOHDYGDICC-UHFFFAOYSA-N,train
3600,6858,TXAPPQYDLMDBMU-UHFFFAOYSA-N,Cc1ccc(C(=O)N2CCN(CC(=O)N3CCN(CCCc4c[nH]c5ccc(F)cc45)CC3)CC2)cc1,HJELLEISQPFXGX-UHFFFAOYSA-N,train
3601,6859,PVOUNDRVIFNRES-UHFFFAOYSA-N,O=C(CN1CCN(C(=O)c2ccc(F)cc2)CC1)N1CCN(CCCc2c[nH]c3ccc(F)cc23)CC1,HJELLEISQPFXGX-UHFFFAOYSA-N,train
3602,6876,HRIHTEQSIMHUPV-UHFFFAOYSA-N,COc1cccc2cc[n+](-c3ccc(C(F)(F)F)cc3)cc12,KRGUESMZMKNYRU-UHFFFAOYSA-N,train
3603,6879,BEDMQNIMYVNRDK-UHFFFAOYSA-N,COc1cccc2cc[n+](-c3ccc(I)cc3)cc12,KRGUESMZMKNYRU-UHFFFAOYSA-N,train
3604,6881,HZCLHLSRFISUOJ-UHFFFAOYSA-N,COc1cccc2cc[n+](-c3ccccc3I)cc12,KRGUESMZMKNYRU-UHFFFAOYSA-N,train
3605,6882,XOROMQNBXQGKST-UHFFFAOYSA-N,COc1cccc2cc[n+](-c3ccc(Br)cc3)cc12,KRGUESMZMKNYRU-UHFFFAOYSA-N,train
3606,6884,RTJODZZGCZZTRF-UHFFFAOYSA-N,COc1cccc2cc[n+](-c3ccccc3Br)cc12,KRGUESMZMKNYRU-UHFFFAOYSA-N,train
3607,6885,CLIBEFUYKVSXSU-UHFFFAOYSA-N,COc1cccc2cc[n+](-c3ccc(Cl)cc3)cc12,KRGUESMZMKNYRU-UHFFFAOYSA-N,train
3608,6886,JNKSAKWNXKWMIA-UHFFFAOYSA-N,COc1cccc2cc[n+](-c3cccc(Cl)c3)cc12,KRGUESMZMKNYRU-UHFFFAOYSA-N,train
3609,6887,JKHKSDOTYVTZJI-UHFFFAOYSA-N,COc1cccc2cc[n+](-c3ccccc3Cl)cc12,KRGUESMZMKNYRU-UHFFFAOYSA-N,train
3610,6888,NQFOCEGXWIHLLW-UHFFFAOYSA-N,COc1cccc2cc[n+](-c3ccc(F)cc3)cc12,KRGUESMZMKNYRU-UHFFFAOYSA-N,train
3611,6889,MOIXICUBPYLSMJ-UHFFFAOYSA-N,COc1cccc2cc[n+](-c3cccc(F)c3)cc12,KRGUESMZMKNYRU-UHFFFAOYSA-N,train
3612,6890,FEUNUIYGZQUKCU-UHFFFAOYSA-N,COc1cccc2cc[n+](-c3ccccc3F)cc12,KRGUESMZMKNYRU-UHFFFAOYSA-N,train
3613,6891,MQEUFDHPRHUBBR-UHFFFAOYSA-N,COc1cccc2cc[n+](-c3ccccc3)cc12,KRGUESMZMKNYRU-UHFFFAOYSA-N,train
3614,6892,QLXMVKYELSPGTQ-UHFFFAOYSA-N,COc1cccc2cc[n+](-c3ccccc3C#N)cc12,KRGUESMZMKNYRU-UHFFFAOYSA-N,train
3615,6893,BYAUSYGZMYTHJS-UHFFFAOYSA-N,COc1cccc2cc[n+](-c3cccc(C#N)c3)cc12,KRGUESMZMKNYRU-UHFFFAOYSA-N,train
3616,6895,QXEKOLWNPCSFRM-UHFFFAOYSA-N,COc1cccc2cc[n+](-c3ccccc3C)cc12,KRGUESMZMKNYRU-UHFFFAOYSA-N,train
3617,6896,AZRZAHIBCRUIAW-UHFFFAOYSA-N,COc1cccc2cc[n+](-c3cccc(C)c3)cc12,KRGUESMZMKNYRU-UHFFFAOYSA-N,train
3618,6897,UQWUUDBALGBOLC-UHFFFAOYSA-N,COc1cccc2cc[n+](-c3ccc(C)cc3)cc12,KRGUESMZMKNYRU-UHFFFAOYSA-N,train
3619,6899,NLINSCWNGUDKEU-UHFFFAOYSA-N,COc1cccc(-[n+]2ccc3cccc(OC)c3c2)c1,KRGUESMZMKNYRU-UHFFFAOYSA-N,train
3620,6900,GOTLZBYNOBCKMY-UHFFFAOYSA-N,COc1ccc(-[n+]2ccc3cccc(OC)c3c2)cc1,KRGUESMZMKNYRU-UHFFFAOYSA-N,train
3621,6901,FRHQTCUNBCBTCS-UHFFFAOYSA-N,COc1cccc2cc[n+](-c3c(F)cccc3F)cc12,KRGUESMZMKNYRU-UHFFFAOYSA-N,train
3622,6902,WSEZFGBHOYBWSA-UHFFFAOYSA-N,COc1cccc2cc[n+](-c3ccc(Cl)cc3Cl)cc12,KRGUESMZMKNYRU-UHFFFAOYSA-N,train
3623,6904,CXVCPGDBKQTMGW-UHFFFAOYSA-N,COc1cccc2cc[n+](-c3ccc(Br)cc3Br)cc12,KRGUESMZMKNYRU-UHFFFAOYSA-N,train
3624,6905,GHZYJZGQBTYMSA-UHFFFAOYSA-N,COc1cccc2cc[n+](-c3ccc(Br)cc3F)cc12,KRGUESMZMKNYRU-UHFFFAOYSA-N,train
3625,6906,UTSRJYYICXKRBK-UHFFFAOYSA-N,COc1cccc2cc[n+](-c3ccc(I)cc3F)cc12,KRGUESMZMKNYRU-UHFFFAOYSA-N,train
3626,6907,GCTHSGKPTPJSDE-UHFFFAOYSA-N,Brc1ccc(-[n+]2ccc3ccccc3c2)cc1,KRGUESMZMKNYRU-UHFFFAOYSA-N,train
3627,6908,QVMCAFUGXJPHCH-UHFFFAOYSA-N,COc1cccc2c1C=[N+](c1ccccc1)CC2,PQBJBBLQXFSAOH-UHFFFAOYSA-N,train
3628,6909,VEAMQUMDOAWEMW-UHFFFAOYSA-N,COc1cccc2c1C=[N+](c1ccccc1F)CC2,PQBJBBLQXFSAOH-UHFFFAOYSA-N,train
3629,6911,GAFAAABHBUAYNC-UHFFFAOYSA-N,COc1cccc2c1C=[N+](c1ccc(F)cc1)CC2,PQBJBBLQXFSAOH-UHFFFAOYSA-N,train
3630,6914,BWTOFLUMSJGBGG-UHFFFAOYSA-N,COc1cccc2c1C=[N+](c1ccc(Cl)cc1)CC2,PQBJBBLQXFSAOH-UHFFFAOYSA-N,train
3631,6915,WDTQXWNRGMJAOF-UHFFFAOYSA-N,COc1cccc2c1C=[N+](c1ccccc1Br)CC2,PQBJBBLQXFSAOH-UHFFFAOYSA-N,train
3632,6917,HHFDHIYFBUUIRK-UHFFFAOYSA-N,COc1cccc2c1C=[N+](c1ccc(Br)cc1)CC2,PQBJBBLQXFSAOH-UHFFFAOYSA-N,train
3633,6918,ZCIHKXINHRCRBE-UHFFFAOYSA-N,COc1cccc2c1C=[N+](c1ccccc1I)CC2,PQBJBBLQXFSAOH-UHFFFAOYSA-N,train
3634,6920,UHAGMMWIOVBEPU-UHFFFAOYSA-N,COc1cccc2c1C=[N+](c1ccc(I)cc1)CC2,PQBJBBLQXFSAOH-UHFFFAOYSA-N,train
3635,6923,AJZUVWGFDIHRNS-UHFFFAOYSA-N,COc1cccc2c1C=[N+](c1ccc(C(F)(F)F)cc1)CC2,PQBJBBLQXFSAOH-UHFFFAOYSA-N,train
3636,6925,CFLJQEYIHATUMT-UHFFFAOYSA-N,COc1cccc2c1C=[N+](c1cccc(C#N)c1)CC2,PQBJBBLQXFSAOH-UHFFFAOYSA-N,train
3637,6927,BCZVOSZRMLMXFO-UHFFFAOYSA-N,COc1cccc2c1C=[N+](c1ccccc1C)CC2,PQBJBBLQXFSAOH-UHFFFAOYSA-N,train
3638,6928,IGYZPHYCTVEWGX-UHFFFAOYSA-N,COc1cccc2c1C=[N+](c1cccc(C)c1)CC2,PQBJBBLQXFSAOH-UHFFFAOYSA-N,train
3639,6929,OAHAPTWQMVFBTP-UHFFFAOYSA-N,COc1cccc2c1C=[N+](c1ccc(C)cc1)CC2,PQBJBBLQXFSAOH-UHFFFAOYSA-N,train
3640,6931,NUYKEGNINYWXDY-UHFFFAOYSA-N,COc1cccc([N+]2=Cc3c(cccc3OC)CC2)c1,PQBJBBLQXFSAOH-UHFFFAOYSA-N,train
3641,6932,UUNWOQNMCUFPJE-UHFFFAOYSA-N,COc1ccc([N+]2=Cc3c(cccc3OC)CC2)cc1,PQBJBBLQXFSAOH-UHFFFAOYSA-N,train
3642,6933,QPPZDHPOFPAJHH-UHFFFAOYSA-N,COc1cccc2c1C=[N+](c1c(F)cccc1F)CC2,PQBJBBLQXFSAOH-UHFFFAOYSA-N,train
3643,6934,CKLSWIXXWRGDES-UHFFFAOYSA-N,COc1cccc2c1C=[N+](c1ccc(Cl)cc1Cl)CC2,PQBJBBLQXFSAOH-UHFFFAOYSA-N,train
3644,6936,WJKSDIJOOSZHQC-UHFFFAOYSA-N,COc1cccc2c1C=[N+](c1ccc(Br)cc1Br)CC2,PQBJBBLQXFSAOH-UHFFFAOYSA-N,train
3645,6937,QFBOTQGPSMUXRX-UHFFFAOYSA-N,COc1cccc2c1C=[N+](c1ccc(Br)cc1F)CC2,PQBJBBLQXFSAOH-UHFFFAOYSA-N,train
3646,6938,XPPHIIJDSGASBC-UHFFFAOYSA-N,COc1cccc2c1C=[N+](c1ccc(I)cc1F)CC2,PQBJBBLQXFSAOH-UHFFFAOYSA-N,train
3647,6940,INVGWHRKADIJHF-UHFFFAOYSA-N,C[n+]1cc2c3c(ccc2c2ccc4cc5c(cc4c21)OCO5)OCO3,CNXVDVMAYXLWPD-UHFFFAOYSA-O,train
3648,6947,DAWSYIQAGQMLFS-SFHVURJKSA-N,CC(C)=CCc1c(O)cc(O)c2c1O[C@H](c1ccccc1)CC2=O,ZONYXWQDUYMKFB-HNNXBMFYSA-N,train
3649,6956,CVIGIFUFGSHWDX-VQHVLOKHSA-N,COc1cccc(NC(=O)CCNC(=O)/C=C/c2ccc(O)c(OC)c2)c1,GGEBRZRCKLLEQY-VAWYXSNFSA-N,train
3650,6957,MJLZXQPGFGKYKG-YCRREMRBSA-N,COc1cc(/C=C/C(=O)NCCC(=O)Nc2ccc(Cl)cc2)ccc1O,GGEBRZRCKLLEQY-VAWYXSNFSA-N,train
3651,6958,WFZLZUMSNYZMQL-VQHVLOKHSA-N,COc1cc(/C=C/C(=O)NCC(=O)NCCc2c[nH]c3ccccc23)ccc1O,IUXDHDQACLSYLE-ZHACJKMWSA-N,train
3652,6959,LDZYHULYKCNQFT-XBXARRHUSA-N,COc1ccc2[nH]cc(CCNC(=O)CNC(=O)/C=C/c3ccc(O)c(OC)c3)c2c1,IUXDHDQACLSYLE-ZHACJKMWSA-N,train
3653,6960,OYIPLAHDKDNEPE-XVNBXDOJSA-N,COc1cc(/C=C/C(=O)NCC(=O)NCCc2c[nH]c3ccc(Cl)cc23)ccc1O,IUXDHDQACLSYLE-ZHACJKMWSA-N,train
3654,6965,FUEAQDJAQZSMNY-UHFFFAOYSA-N,Cc1ccc2nc3c(c(N)c2c1)CCC3,GEBRPJJJIRIALP-UHFFFAOYSA-N,train
3655,6968,VGQLZUNFVYTFBF-UHFFFAOYSA-N,Nc1c2c(nc3ccc(Br)cc13)CCC2,GEBRPJJJIRIALP-UHFFFAOYSA-N,train
3656,6969,HUWWFDOJYOUTTO-UHFFFAOYSA-N,Nc1c2c(nc3ccc(Br)cc13)CCCC2,RXBYRTSOWREATF-UHFFFAOYSA-N,train
3657,6971,DKIHAPRATQJNSK-UHFFFAOYSA-N,Nc1c2c(nc3ccc(Cl)cc13)CCC2,GEBRPJJJIRIALP-UHFFFAOYSA-N,train
3658,6973,ODQKBBQRKVQZDH-UHFFFAOYSA-N,Nc1c2c(nc3ccc(Cl)cc13)CCCCC2,QPDYCRJIHVDOAD-UHFFFAOYSA-N,train
3659,6975,UBZYAQWKNPQKNN-UHFFFAOYSA-N,Nc1c2c(nc3c(Cl)cc(Cl)cc13)CCCC2,RXBYRTSOWREATF-UHFFFAOYSA-N,train
3660,6976,IWMVIMXKIPYNDO-UHFFFAOYSA-N,Nc1c2c(nc3c(Cl)cc(Cl)cc13)CCCCC2,QPDYCRJIHVDOAD-UHFFFAOYSA-N,train
3661,6978,JPAWCKLWCYDEPB-UHFFFAOYSA-N,Nc1c2c(nc3c(Br)cc(Br)cc13)CCCC2,RXBYRTSOWREATF-UHFFFAOYSA-N,train
3662,6980,LNIRMTRXIJOOND-UHFFFAOYSA-N,Nc1c2c(nc3ccc(F)cc13)CCC2,GEBRPJJJIRIALP-UHFFFAOYSA-N,train
3663,6981,GMTLISNEXFVQLJ-UHFFFAOYSA-N,Nc1c2c(nc3ccc(F)cc13)CCCC2,RXBYRTSOWREATF-UHFFFAOYSA-N,train
3664,6982,YRPUITYJDDVVFY-UHFFFAOYSA-N,Nc1c2c(nc3ccc(F)cc13)CCCCC2,QPDYCRJIHVDOAD-UHFFFAOYSA-N,train
3665,6985,ZQAMGOXTPCJUFY-UHFFFAOYSA-N,Cc1ccc2c(N)c3c(nc2c1)CCC3,GEBRPJJJIRIALP-UHFFFAOYSA-N,train
3666,6987,XNVODOITBYZNTC-UHFFFAOYSA-N,Cc1ccc2c(N)c3c(nc2c1)CCCCC3,QPDYCRJIHVDOAD-UHFFFAOYSA-N,train
3667,6988,SLNSWWVQADCKSW-UHFFFAOYSA-N,Cc1cccc2nc3c(c(N)c12)CCC3,GEBRPJJJIRIALP-UHFFFAOYSA-N,train
3668,6990,OPNOYFYMEWJEMI-UHFFFAOYSA-N,Cc1cccc2nc3c(c(N)c12)CCCCC3,QPDYCRJIHVDOAD-UHFFFAOYSA-N,train
3669,6991,JBZLIWVDIDZFCY-UHFFFAOYSA-N,COc1ccc2nc3c(c(N)c2c1)CCC3,GEBRPJJJIRIALP-UHFFFAOYSA-N,train
3670,6995,HIVZWGFKJDAQNI-MFOYZWKCSA-N,CCOC(=O)/C(=N\Nc1ccccc1)C(=O)C(F)(F)F,UHOVQNZJYSORNB-UHFFFAOYSA-N,train
3671,6996,MXVXMWJOHZMDDT-ZDLGFXPLSA-N,CCOC(=O)/C(=N\Nc1ccc(C)cc1)C(=O)C(F)(F)F,UHOVQNZJYSORNB-UHFFFAOYSA-N,train
3672,6998,ROMZBPLFSUOSKG-ZDLGFXPLSA-N,CCOC(=O)/C(=N\Nc1ccc(OC)cc1)C(=O)C(F)(F)F,UHOVQNZJYSORNB-UHFFFAOYSA-N,train
3673,6999,PXWCYACVBRUFQF-MFOYZWKCSA-N,CCOC(=O)/C(=N\Nc1ccccc1[N+](=O)[O-])C(=O)C(F)(F)F,UHOVQNZJYSORNB-UHFFFAOYSA-N,train
3674,7000,JNMIFBYVUUFRPR-NVMNQCDNSA-N,CCOC(=O)/C(=N\Nc1ccc(F)cc1)C(=O)C(F)(F)F,UHOVQNZJYSORNB-UHFFFAOYSA-N,train
3675,7001,STBKQHPFABRPSI-NVMNQCDNSA-N,CCOC(=O)/C(=N\Nc1ccc(Br)cc1)C(=O)C(F)(F)F,UHOVQNZJYSORNB-UHFFFAOYSA-N,train
3676,7002,AZFNOGDHVUHHHQ-JAIQZWGSSA-N,CCOC(=O)/C(=N\Nc1ccccc1C(=O)OCC)C(=O)C(F)(F)F,UHOVQNZJYSORNB-UHFFFAOYSA-N,train
3677,7003,VWFUHGNXIZJAQZ-JAIQZWGSSA-N,CCOC(=O)/C(=N\Nc1ccc(C(=O)OCC)cc1)C(=O)C(F)(F)F,UHOVQNZJYSORNB-UHFFFAOYSA-N,train
3678,7008,AJHXMWXYVYOBQI-UHFFFAOYSA-N,Cc1ccc(S(=O)(=O)SCc2ccccc2)cc1,SCHZXZPFGJTWJB-UHFFFAOYSA-N,train
3679,7009,HSNCNCRRNWZNDA-UHFFFAOYSA-N,Cc1ccc(S(=O)(=O)SCc2ccc(F)cc2)cc1,SCHZXZPFGJTWJB-UHFFFAOYSA-N,train
3680,7010,CBQWJVRTMNAWFV-UHFFFAOYSA-N,Cc1ccc(S(=O)(=O)SCc2ccc(Cl)cc2)cc1,SCHZXZPFGJTWJB-UHFFFAOYSA-N,train
3681,7011,PHYFKUVLMXFFMA-UHFFFAOYSA-N,Cc1ccc(S(=O)(=O)SCc2ccc([N+](=O)[O-])cc2)cc1,SCHZXZPFGJTWJB-UHFFFAOYSA-N,train
3682,7012,OSHWRYVCOZUYMD-UHFFFAOYSA-N,Cc1ccc(S(=O)(=O)SCc2ccc(C#N)cc2)cc1,SCHZXZPFGJTWJB-UHFFFAOYSA-N,train
3683,7013,BSYAXFZBHCNOSO-UHFFFAOYSA-N,Cc1ccc(S(=O)(=O)SCc2ccc(C(F)(F)F)cc2)cc1,SCHZXZPFGJTWJB-UHFFFAOYSA-N,train
3684,7014,QHMDDZOOLIQIDD-UHFFFAOYSA-N,Cc1ccc(S(=O)(=O)SCc2ccc(OC(F)(F)F)cc2)cc1,SCHZXZPFGJTWJB-UHFFFAOYSA-N,train
3685,7015,SJBOKLOBSYZREV-UHFFFAOYSA-N,COc1ccc(CSS(=O)(=O)c2ccc(C)cc2)cc1,SCHZXZPFGJTWJB-UHFFFAOYSA-N,train
3686,7016,QEPADCWYAPMDGA-UHFFFAOYSA-N,Cc1ccc(S(=O)(=O)SCc2ccc(C(C)C)cc2)cc1,SCHZXZPFGJTWJB-UHFFFAOYSA-N,train
3687,7017,OQUDAZIWXWUCRZ-UHFFFAOYSA-N,Cc1ccc(S(=O)(=O)SCc2ccc(C(C)(C)C)cc2)cc1,SCHZXZPFGJTWJB-UHFFFAOYSA-N,train
3688,7020,JMYMKXIXWAGFRX-SRDVKXRDSA-N,CC1=CC2Cc3nc4cc(Cl)ccc4c(NCCCCCNC(=O)[C@@H](N)Cc4c[nH]c5ccccc45)c3C(C1)C2,VZTQBNKNBJPYPH-UHFFFAOYSA-N,test
3689,7021,HHLHIZQJSGEGON-BSYJTBJZSA-N,CC1=CC2Cc3nc4cc(Cl)ccc4c(NCCCCCCNC(=O)[C@@H](N)Cc4c[nH]c5ccccc45)c3C(C1)C2,XQBZGLNGUYDILV-UHFFFAOYSA-N,test
3690,7022,VMMAQHJFFZODBW-DHCVZJGKSA-N,CC1=CC2Cc3nc4cc(Cl)ccc4c(NCCCCCCCNC(=O)[C@@H](N)Cc4c[nH]c5ccccc45)c3C(C1)C2,XKJCXGCDYJCZFS-UHFFFAOYSA-N,test
3691,7027,OQPHIFIGALCHJT-UHFFFAOYSA-N,COc1ccc2nc3c(c(N)c2c1)C1CC(C)=CC(C3)C1,BZFWBAOVKAGSFN-UHFFFAOYSA-N,train
3692,7028,ZNNQFFKFWSWODG-UHFFFAOYSA-N,C[n+]1ccc2c(c1)c1ccccc1n2CCCCCCCCCn1c2ccccc2c2c[n+](C)ccc21,WIBZBHAULNIINQ-UHFFFAOYSA-P,test
3693,7029,WIBZBHAULNIINQ-UHFFFAOYSA-N,c1ccc2c(c1)c1cnccc1n2CCCCCCCCCn1c2ccccc2c2cnccc21,WIBZBHAULNIINQ-UHFFFAOYSA-N,test
3694,7030,CZOTVKAOVGNSQX-UHFFFAOYSA-N,CN1CCc2c(c3ccccc3n2CCC(=O)N2c3ccccc3Sc3ccccc32)C1,JTIUHMBHOXJDNB-UHFFFAOYSA-N,train
3695,7039,FYRFGJSXHGSSRA-UHFFFAOYSA-N,O=C(CCn1c2ccccc2c2cnccc21)N1c2ccccc2Sc2ccccc21,FYRFGJSXHGSSRA-UHFFFAOYSA-N,train
3696,7040,GUDOKVFOWONHLZ-UHFFFAOYSA-N,O=C(CCn1c2ccncc2c2cc(F)ccc21)N1c2ccccc2Sc2ccccc21,FYRFGJSXHGSSRA-UHFFFAOYSA-N,train
3697,7041,OHLLCAOZLCURLY-UHFFFAOYSA-N,Cc1ccc2c(c1)c1cnccc1n2CCC(=O)N1c2ccccc2Sc2ccccc21,FYRFGJSXHGSSRA-UHFFFAOYSA-N,train
3698,7042,BTQBWKICBNYTJF-UHFFFAOYSA-N,COc1ccc2c(c1)c1cnccc1n2CCC(=O)N1c2ccccc2Sc2ccccc21,FYRFGJSXHGSSRA-UHFFFAOYSA-N,train
3699,7043,JRNPBNOKBHQPQV-UHFFFAOYSA-N,C[n+]1ccc2c(c1)c1ccccc1n2CCC(=O)N1c2ccccc2Sc2ccccc21,FYRFGJSXHGSSRA-UHFFFAOYSA-O,train
3700,7044,FESXNYAPGUCZIQ-UHFFFAOYSA-N,C[n+]1ccc2c(c1)c1cc(F)ccc1n2CCC(=O)N1c2ccccc2Sc2ccccc21,FYRFGJSXHGSSRA-UHFFFAOYSA-O,train
3701,7045,DWJVIPVCUJKTNK-UHFFFAOYSA-N,Cc1ccc2c(c1)c1c[n+](C)ccc1n2CCC(=O)N1c2ccccc2Sc2ccccc21,FYRFGJSXHGSSRA-UHFFFAOYSA-O,train
3702,7046,TYILUFWHLUDPEG-UHFFFAOYSA-N,COc1ccc2c(c1)c1c[n+](C)ccc1n2CCC(=O)N1c2ccccc2Sc2ccccc21,FYRFGJSXHGSSRA-UHFFFAOYSA-O,train
3703,7047,VVHSKUVEDZEFPN-UHFFFAOYSA-N,O=C(CCn1c2ccccc2c2c[n+](Cc3ccccc3)ccc21)N1c2ccccc2Sc2ccccc21,VVHSKUVEDZEFPN-UHFFFAOYSA-N,test
3704,7048,QCKPPJYQWXOQMU-UHFFFAOYSA-N,Cn1ccc2nc3ccccc3c-2c1,OWZUVXOHWWCLNL-UHFFFAOYSA-N,test
3705,7049,ZFXURHCAGHMGTN-UHFFFAOYSA-O,C[n+]1ccc2[nH]c3ccc(F)cc3c2c1,RDMFHRSPDKWERA-UHFFFAOYSA-O,train
3706,7050,AZSSBHLSLTXVLS-UHFFFAOYSA-O,Cc1ccc2[nH]c3cc[n+](C)cc3c2c1,RDMFHRSPDKWERA-UHFFFAOYSA-O,train
3707,7052,FWZLSJAQZGRSHU-UHFFFAOYSA-O,c1ccc(C[n+]2ccc3[nH]c4ccccc4c3c2)cc1,FWZLSJAQZGRSHU-UHFFFAOYSA-O,train
3708,7055,JMULJIQFSHBVOR-UHFFFAOYSA-N,c1ccc(CN2CCC(c3cc4ccccc4o3)CC2)cc1,JMULJIQFSHBVOR-UHFFFAOYSA-N,train
3709,7074,DXZUJGHPCQSCHE-UHFFFAOYSA-N,O=C(NCC1CCN(Cc2ccccc2)CC1)c1n[nH]c2ccc(-c3cccnc3)cc12,DXZUJGHPCQSCHE-UHFFFAOYSA-N,train
3710,7075,XGLLPXIGVHKLST-UHFFFAOYSA-N,O=C(NCC1CCN(Cc2ccccc2F)CC1)c1n[nH]c2ccc(-c3cccnc3)cc12,DXZUJGHPCQSCHE-UHFFFAOYSA-N,train
3711,7076,MIIFHVXEAJWDFO-UHFFFAOYSA-N,O=C(CC1CCN(Cc2ccccc2)CC1)Nc1n[nH]c2cc(-c3cccnc3)ccc12,MIIFHVXEAJWDFO-UHFFFAOYSA-N,train
3712,7077,MNYMTRSJCXHXCH-UHFFFAOYSA-N,O=C(CC1CCN(Cc2ccccc2F)CC1)Nc1n[nH]c2cc(-c3cccnc3)ccc12,MIIFHVXEAJWDFO-UHFFFAOYSA-N,train
3713,7078,WXMOKZNUJCRTEO-UHFFFAOYSA-N,O=C(CC1CCN(Cc2ccc(F)cc2)CC1)Nc1n[nH]c2cc(-c3cccnc3)ccc12,MIIFHVXEAJWDFO-UHFFFAOYSA-N,train
3714,7080,SQXUZVAZCVIHFU-UHFFFAOYSA-N,O=C(NCC1CCN(Cc2ccccc2)CC1)c1cncc(NC(=O)c2ccnc(NC(=O)C3CC3)c2)c1,SQXUZVAZCVIHFU-UHFFFAOYSA-N,train
3715,7081,MKGIGQPTXXJMDY-UHFFFAOYSA-N,O=C(NCC1CCN(Cc2ccccc2F)CC1)c1cncc(NC(=O)c2ccnc(NC(=O)C3CC3)c2)c1,SQXUZVAZCVIHFU-UHFFFAOYSA-N,train
3716,7082,KEUNJQULSSTRRQ-UHFFFAOYSA-N,O=C(NCC1CCN(Cc2cccc(F)c2)CC1)c1cncc(NC(=O)c2ccnc(NC(=O)C3CC3)c2)c1,SQXUZVAZCVIHFU-UHFFFAOYSA-N,train
3717,7083,KZIUKYUXSWKSDB-UHFFFAOYSA-N,O=C(NCC1CCN(Cc2ccc(F)cc2)CC1)c1cncc(NC(=O)c2ccnc(NC(=O)C3CC3)c2)c1,SQXUZVAZCVIHFU-UHFFFAOYSA-N,train
3718,7084,CTEPQURVBGQIEL-UHFFFAOYSA-N,O=C(NCC1CCN(Cc2ccc(F)c(F)c2)CC1)c1cncc(NC(=O)c2ccnc(NC(=O)C3CC3)c2)c1,SQXUZVAZCVIHFU-UHFFFAOYSA-N,train
3719,7085,WNJKRYQIWPFOOG-UHFFFAOYSA-N,O=C(NCC1CCN(Cc2cccc(Cl)c2)CC1)c1cncc(NC(=O)c2ccnc(NC(=O)C3CC3)c2)c1,SQXUZVAZCVIHFU-UHFFFAOYSA-N,train
3720,7086,QHSNOGOBQIARBJ-UHFFFAOYSA-N,Cc1ccccc1CN1CCC(CNC(=O)c2cncc(NC(=O)c3ccnc(NC(=O)C4CC4)c3)c2)CC1,SQXUZVAZCVIHFU-UHFFFAOYSA-N,train
3721,7089,VKIJTFYGLUKRHX-UHFFFAOYSA-N,O=C(Nc1cncc(C(=O)NC2CCN(Cc3ccccc3)CC2)c1)c1ccnc(NC(=O)C2CC2)c1,VKIJTFYGLUKRHX-UHFFFAOYSA-N,train
3722,7090,QGTSXUHNDBYUKW-UHFFFAOYSA-N,O=C(Nc1cncc(C(=O)NC2CCN(Cc3cccc(Cl)c3)CC2)c1)c1ccnc(NC(=O)C2CC2)c1,VKIJTFYGLUKRHX-UHFFFAOYSA-N,train
3723,7091,GZRZTVNBEPEBSU-UHFFFAOYSA-N,O=C(NCCC1CCN(Cc2cccc(Cl)c2)CC1)c1cncc(NC(=O)c2cccc(NC(=O)C3CC3)c2)c1,BCCIUWOSUZTVEO-UHFFFAOYSA-N,train
3724,7092,MAPUWPDSUZHELW-UHFFFAOYSA-N,O=C(Nc1cncc(OCC2CCN(Cc3ccccc3)CC2)c1)c1ccnc(NC(=O)C2CC2)c1,MAPUWPDSUZHELW-UHFFFAOYSA-N,train
3725,7093,YLNKOYUKDZZJOW-UHFFFAOYSA-N,O=C(Nc1cncc(OCC2CCN(Cc3ccccc3F)CC2)c1)c1ccnc(NC(=O)C2CC2)c1,MAPUWPDSUZHELW-UHFFFAOYSA-N,train
3726,7094,YNKUUJYZUJYJRR-UHFFFAOYSA-N,O=C(Nc1cncc(OCC2CCN(Cc3ccc(F)cc3)CC2)c1)c1ccnc(NC(=O)C2CC2)c1,MAPUWPDSUZHELW-UHFFFAOYSA-N,train
3727,7095,UEHKJGRQXQMNEA-UHFFFAOYSA-N,O=C(Nc1cncc(OCC2CCN(Cc3ccccc3Cl)CC2)c1)c1ccnc(NC(=O)C2CC2)c1,MAPUWPDSUZHELW-UHFFFAOYSA-N,train
3728,7097,IGURROANDGIDJI-UHFFFAOYSA-N,CC(=O)Nc1cc(C(=O)Nc2cncc(OCC3CCN(Cc4ccc(F)cc4)CC3)c2)ccn1,LFMPWJJCTJFRIQ-UHFFFAOYSA-N,test
3729,7098,LXDZCXRWZBSWSC-UHFFFAOYSA-N,O=C(Nc1cccc(OCC2CCN(Cc3ccccc3)CC2)c1)c1ccnc(NC(=O)C2CC2)c1,LXDZCXRWZBSWSC-UHFFFAOYSA-N,test
3730,7100,RXSPMQWZEIHVDM-UHFFFAOYSA-N,O=C(NCC1CCN(Cc2cccc(Cl)c2)CC1)c1cncc(NC(=O)c2ccnc3[nH]ccc23)c1,ZRVDIESZASJAED-UHFFFAOYSA-N,test
3731,7101,CWBJELZIHSQSHL-UHFFFAOYSA-N,O=C(NC1CCN(Cc2ccccc2)CC1)c1cncc(NC(=O)c2ccnc3[nH]ccc23)c1,CWBJELZIHSQSHL-UHFFFAOYSA-N,train
3732,7102,QUKLTKQLXYSPFO-UHFFFAOYSA-N,O=C(NC1CCN(Cc2ccc(F)cc2)CC1)c1cncc(NC(=O)c2ccnc3[nH]ccc23)c1,CWBJELZIHSQSHL-UHFFFAOYSA-N,train
3733,7103,NTIXCYUTHPYLGJ-UHFFFAOYSA-N,O=C(Nc1cncc(OCC2CCN(Cc3ccccc3)CC2)c1)c1ccnc2[nH]ccc12,NTIXCYUTHPYLGJ-UHFFFAOYSA-N,test
3734,7108,QNQQDGVPEJIAKF-UHFFFAOYSA-N,COc1ccc2[nH]cc(CCNC(=O)Cn3cc(CCCCN(C)CCCC4c5cc(OC)c(OC)cc5CCN4C)nn3)c2c1,CVAIGSAFBABGAE-UHFFFAOYSA-N,train
3735,7110,BONSTVLWAPBWEJ-LZZMJICFSA-N,COc1ccc2[nH]cc(CCNC(=O)Cn3cc(CN4CC[C@@]56C=C[C@H](O)C[C@@H]5Oc5c(OC)ccc(c56)C4)nn3)c2c1,IBPXTZGMIXISTL-FIBWVYCGSA-N,train
3736,7111,GHNRWPLXCBXYEM-HFYPTWNKSA-N,COc1ccc2[nH]cc(CCNC(=O)CCCCn3cc(CN4CC[C@@]56C=C[C@H](O)C[C@@H]5Oc5c(OC)ccc(c56)C4)nn3)c2c1,GTNXCLKKSLDQGQ-DITALETJSA-N,train
3737,7112,GLSRNLVTJIASQO-MQHRBSSMSA-N,COc1ccc2c3c1O[C@H]1C[C@@H](O)C=C[C@@]31CCN(CCCCc1cn(CC(=O)NCCc3c[nH]c4ccccc34)nn1)C2,DFLQQJXXKXGEQT-DITALETJSA-N,train
3738,7113,OCGOVZKWSYWPMO-DUDRRYTISA-N,COc1ccc2c3c1O[C@H]1C[C@@H](O)C=C[C@@]31CCN(CCCCc1cn(CCCC(=O)NCCc3c[nH]c4ccccc34)nn1)C2,DGLKFDAONHVJIA-SHUZPENHSA-N,train
3739,7114,XCWQKCHWOQFCQT-FIKWBYJGSA-N,COc1ccc2c3c1O[C@H]1C[C@@H](O)C=C[C@@]31CCN(CCCCc1cn(CCCCC(=O)NCCc3c[nH]c4ccccc34)nn1)C2,ADESHZMJQLDWKW-JUKUECOXSA-N,train
3740,7115,DUJZJMXOJAJFRY-HFYPTWNKSA-N,COc1ccc2[nH]cc(CCNC(=O)Cn3cc(CCCCN4CC[C@@]56C=C[C@H](O)C[C@@H]5Oc5c(OC)ccc(c56)C4)nn3)c2c1,DFLQQJXXKXGEQT-DITALETJSA-N,train
3741,7116,GRGRSPYUJIFMHC-AEOVLEPASA-N,COc1ccc2[nH]cc(CCNC(=O)CCCCn3cc(CCCCN4CC[C@@]56C=C[C@H](O)C[C@@H]5Oc5c(OC)ccc(c56)C4)nn3)c2c1,ADESHZMJQLDWKW-JUKUECOXSA-N,train
3742,7118,RKHGQLCCNBYMJX-BWTSREIZSA-N,Fc1ccccc1-c1ccc(N[C@H]2C[C@@H]3CN(CC4CCOCC4)C[C@@H]3C2)nn1,LNJNVHASYGIIGW-AERCQKQUSA-N,test
3743,7119,MFZFTIAUXVYCFV-UHFFFAOYSA-N,CC1=CC2Cc3nc4cc(Cl)ccc4c(NCCCCCCCCCNC(=O)c4ccc[nH]c4=O)c3C(C1)C2,QLBIXDIGRIWNRL-UHFFFAOYSA-N,test
3744,7120,XVFMIEFXOOYHGW-UHFFFAOYSA-N,CC1=CC2Cc3nc4cc(Cl)ccc4c(NCCCCCCCCCNS(=O)(=O)c4cn[nH]c4)c3C(C1)C2,MKXMFZOCSSEJCV-UHFFFAOYSA-N,test
3745,7121,LODADOWHBHYNFI-UHFFFAOYSA-N,CC1=CC2Cc3nc4cc(Cl)ccc4c(NCCCCCCCCCNC(=O)c4cc(O)cc(O)c4)c3C(C1)C2,LSFWUJRQMXZSOC-UHFFFAOYSA-N,test
3746,7122,KQBINWYKLBXRPW-UHFFFAOYSA-N,CC1=CC2Cc3nc4cc(Cl)ccc4c(NCCCCCCCCC(=O)Nc4cn[nH]c4)c3C(C1)C2,NAZLILVDVXJSSN-UHFFFAOYSA-N,test
3747,7123,ZBIXRKNNTMNYEM-UHFFFAOYSA-N,CC1=CC2Cc3nc4cc(Cl)ccc4c(NCCCCCCCCC(=O)N4CCNC(=O)C4)c3C(C1)C2,PZLDMOAIURCRGS-UHFFFAOYSA-N,test
3748,7124,GJLRIIBNLFEURH-UHFFFAOYSA-N,CC1=CC2Cc3nc4cc(Cl)ccc4c(NCCCCCCCCC(=O)NCc4cc[nH]c(=O)c4)c3C(C1)C2,SPOAEXCLKJDYCF-UHFFFAOYSA-N,test
3749,7125,REJJQNQSWRYGAY-UHFFFAOYSA-N,COc1cc(CNC(=O)CCCCCCCCNc2c3c(nc4cc(Cl)ccc24)CC2C=C(C)CC3C2)ccn1,XSIFHJVFGIDFTA-UHFFFAOYSA-N,test
3750,7142,UTWQQVAXYHDONA-DMKCZBPRSA-N,CO[C@H]1C[C@H]2C(=C[C@@H]1OC(=O)c1ccc(Cl)c([N+](=O)[O-])c1)[C@H]1CN2Cc2cc3c(cc21)OCO3,WEJXNCZIDWRHGK-UXPWSPDFSA-N,train
3751,7143,OMZOMTHYCJMWFQ-FVLCUVFVSA-N,CO[C@H]1C[C@H]2C(=C[C@@H]1OC(=O)c1ccc(C)c([N+](=O)[O-])c1)[C@H]1CN2Cc2cc3c(cc21)OCO3,WEJXNCZIDWRHGK-UXPWSPDFSA-N,train
3752,7144,ZPBAYYLTKSQPGE-UDSSINMLSA-N,CO[C@H]1C[C@H]2C(=C[C@@H]1OC(=O)c1cc([N+](=O)[O-])ccc1Cl)[C@H]1CN2Cc2cc3c(cc21)OCO3,WEJXNCZIDWRHGK-UXPWSPDFSA-N,train
3753,7161,VBKMVDBQDDXULM-UXYIHQQYSA-N,O=C(O[C@H]1CN2Cc3cc4c(cc3[C@]13C=C[C@@H](O)C[C@H]23)OCO4)c1cccc([N+](=O)[O-])c1,VWEJXLMNMJKIFU-FUDKSRODSA-N,test
3754,7181,ZEZHVLKHFYAVTB-PYMCNQPYSA-N,CCNC(=O)Oc1ccc2c(c1)[C@]1(C)CCOC1O2,GXXKXVYPWUFQSX-UHFFFAOYSA-N,train
3755,7182,QIYIAVWWIGXXBQ-QWAKEFERSA-N,CC(C)c1ccc(NC(=O)Oc2ccc3c(c2)[C@]2(C)CCOC2O3)cc1,HQHNSHBCYQOVNO-UHFFFAOYSA-N,train
3756,7183,SRVYFUQBPJZPMS-BDYUSTAISA-N,CN1c2ccc(OC(=O)NC3CCCCC3)cc2[C@]2(C)CCN(CCc3ccccc3)[C@H]12,HXGOXMIBOVOIRT-FHZUCYEKSA-N,train
3757,7184,GAESUMXHPCHJKQ-UHFFFAOYSA-N,N#Cc1ccc2[nH]cc(CCCCN3CCN(c4ccc(C(=O)CCC5CCN(Cc6ccccc6)CC5)cc4)CC3)c2c1,AEUPTFPGPNPFKY-UHFFFAOYSA-N,train
3758,7186,RWXZXJNJQZFMAE-UHFFFAOYSA-N,Cc1c(C)c2ccc(OCC3CCCN(Cc4cccc(F)c4)C3)cc2oc1=O,ZBJSUGDKPWWCDP-UHFFFAOYSA-N,train
3759,7187,KUHCABBCAHJPQR-UHFFFAOYSA-N,Cc1c(C)c2ccc(OCC3CCCN(CCCC(F)F)C3)cc2oc1=O,SYTMOMAWXWINBD-UHFFFAOYSA-N,train
3760,7188,RYVDJROSDCHIPC-UHFFFAOYSA-N,Cc1c(C)c2ccc(OCC3CCN(Cc4cccc(F)c4)CC3)cc2oc1=O,DXFDENZBIGTAQD-UHFFFAOYSA-N,train
3761,7189,KOLQZDAHCMXISM-UHFFFAOYSA-N,Cc1c(C)c2ccc(OCC3CCN(Cc4cccc(C(F)(F)F)c4)CC3)cc2oc1=O,DXFDENZBIGTAQD-UHFFFAOYSA-N,train
3762,7190,NQNJDDJLRMICLQ-UHFFFAOYSA-N,Cc1c(C)c2ccc(OCC3CCN(CCCC(F)F)CC3)cc2oc1=O,ICROVGRUHKJRIN-UHFFFAOYSA-N,train
3763,7191,LMSJPMKZTVCUMM-UHFFFAOYSA-N,CCN(CCCOc1ccc2c(C)c(C)c(=O)oc2c1)Cc1cccc(F)c1,WHYIEUPXCLAOTN-UHFFFAOYSA-N,train
3764,7192,XEKGDDSQICBFDK-UHFFFAOYSA-N,Cc1c(C)c2ccc(OCCCN(Cc3cccc(F)c3)C(C)C)cc2oc1=O,WHYIEUPXCLAOTN-UHFFFAOYSA-N,train
3765,7193,JFBYGVYECDFTLS-UHFFFAOYSA-N,Cc1c(C)c2ccc(OCc3cccc(CN(C)CCCC(F)F)c3)cc2oc1=O,QDLFCBKKECTJSK-UHFFFAOYSA-N,train
3766,7194,UXFJYPQDRBVIIL-UHFFFAOYSA-N,Cc1c(C)c2ccc(OCc3ccc(CN(C)CCCC(F)F)cc3)cc2oc1=O,QDLFCBKKECTJSK-UHFFFAOYSA-N,train
3767,7195,HUXCCRUQLRWJNF-UHFFFAOYSA-N,CN(CCCC(F)F)Cc1ccc(COc2ccc3c(CO)cc(=O)oc3c2)cc1,QDLFCBKKECTJSK-UHFFFAOYSA-N,train
3768,7196,QLJQCJJMXAPXRX-UHFFFAOYSA-N,CN(Cc1ccc(COc2ccc3c(CO)cc(=O)oc3c2)cc1)Cc1cccc(F)c1,BOUVISQULAWZBA-UHFFFAOYSA-N,train
3769,7198,KUBYHRTYKKZBKV-UHFFFAOYSA-N,CN(Cc1ccccc1)Cc1ccc(COc2ccc3c(C(F)F)cc(=O)oc3c2)cc1,BOUVISQULAWZBA-UHFFFAOYSA-N,train
3770,7199,JORAAUMJWAFSIM-UHFFFAOYSA-N,Cc1c(C)c2ccc(OCC3CCCN(CCCO)C3)cc2oc1=O,SYTMOMAWXWINBD-UHFFFAOYSA-N,train
3771,7200,HKIDXMKKZYHFEM-UHFFFAOYSA-N,Cc1c(C)c2ccc(OCC3CCCN(Cc4ccccc4)C3)cc2oc1=O,ZBJSUGDKPWWCDP-UHFFFAOYSA-N,train
3772,7202,MWFBGTXYOJLQIW-UHFFFAOYSA-N,Cc1c(C)c2ccc(OCC3CCN(Cc4ccccc4)CC3)cc2oc1=O,DXFDENZBIGTAQD-UHFFFAOYSA-N,train
3773,7203,LSEUJBVYGRJBEU-UHFFFAOYSA-N,CN(CCCO)Cc1ccc(COc2ccc3c(CO)cc(=O)oc3c2)cc1,QDLFCBKKECTJSK-UHFFFAOYSA-N,train
3774,7211,OWFPUTJZUAQYFR-UHFFFAOYSA-N,COC(=O)c1c(CCCCCCCCNc2c3c(nc4ccccc24)CCCC3)cccc1OC,GZLZSRBYDJULSD-UHFFFAOYSA-N,train
3775,7212,BVWLKHFEAAHNIO-UHFFFAOYSA-N,COC(=O)c1c(CCCCCCCCNc2c3c(nc4cc(Cl)ccc24)CCCC3)cccc1OC,GZLZSRBYDJULSD-UHFFFAOYSA-N,train
3776,7213,PXDDKQXHQWPKJR-UHFFFAOYSA-N,COC(=O)c1c(CCCCCCCCNc2c3c(nc4ccc(OC)cc24)CCCC3)cccc1OC,GZLZSRBYDJULSD-UHFFFAOYSA-N,train
3777,7214,CIAUOFBPIZNSLU-UHFFFAOYSA-N,COc1cccc(CCCCCCCCNc2c3c(nc4ccccc24)CCCC3)c1,GZLZSRBYDJULSD-UHFFFAOYSA-N,train
3778,7215,BBPYQOCREQEZQX-UHFFFAOYSA-N,COc1cccc(CCCCCCCCNc2c3c(nc4cc(Cl)ccc24)CCCC3)c1,GZLZSRBYDJULSD-UHFFFAOYSA-N,train
3779,7216,LXPPUCDCZRFXKD-UHFFFAOYSA-N,COc1cc(CCCCCCCCNc2c3c(nc4ccccc24)CCCC3)cc(OC)c1,GZLZSRBYDJULSD-UHFFFAOYSA-N,train
3780,7217,JGUNLVMXZSXJHV-UHFFFAOYSA-N,COc1cc(CCCCCCCCNc2c3c(nc4cc(Cl)ccc24)CCCC3)cc(OC)c1,GZLZSRBYDJULSD-UHFFFAOYSA-N,train
3781,7218,PDWLKJVPQVBZOR-UHFFFAOYSA-N,COC(=O)c1c(O)cccc1CCCCCCCCNc1c2c(nc3ccccc13)CCCC2,GZLZSRBYDJULSD-UHFFFAOYSA-N,train
3782,7219,AEQOQTVQIUOOKP-UHFFFAOYSA-N,COC(=O)c1c(O)cccc1CCCCCCCCNc1c2c(nc3cc(Cl)ccc13)CCCC2,GZLZSRBYDJULSD-UHFFFAOYSA-N,train
3783,7220,XCVWIWZWCXBMOJ-UHFFFAOYSA-N,O=C(O)c1c(O)cccc1CCCCCCCCNc1c2c(nc3ccccc13)CCCC2,GZLZSRBYDJULSD-UHFFFAOYSA-N,train
3784,7221,BMTLZVAZBOEBJY-UHFFFAOYSA-N,O=C(O)c1c(O)cccc1CCCCCCCCNc1c2c(nc3cc(Cl)ccc13)CCCC2,GZLZSRBYDJULSD-UHFFFAOYSA-N,train
3785,7222,SWOVBPBKUPCUET-UHFFFAOYSA-N,Oc1cccc(CCCCCCCCNc2c3c(nc4ccccc24)CCCC3)c1,GZLZSRBYDJULSD-UHFFFAOYSA-N,train
3786,7223,RHRPEZRIYKIIFR-UHFFFAOYSA-N,Oc1cccc(CCCCCCCCNc2c3c(nc4cc(Cl)ccc24)CCCC3)c1,GZLZSRBYDJULSD-UHFFFAOYSA-N,train
3787,7229,CIMNCRAYKQYYMB-HKOYGPOVSA-N,COc1ccc2nc3c(c(NCCCCCCCCN(CC(=O)Nc4ccc5ccccc5c4)C(=O)/C=C/c4ccc(O)c(OC)c4)c2c1)CCCC3,YRJNNKXUTVFNRH-SOYKGTTHSA-N,test
3788,7230,CZQSTWRTKNOMPM-BMRADRMJSA-N,COC(=O)/C=C/c1ccc(OCCCCCN2CCN(CC(=O)Nc3c4c(nc5ccccc35)CCCC4)CC2)c(OC)c1,JHINFXUXJFRIPN-UHFFFAOYSA-N,train
3789,7231,UAELRVBKGQGVOE-WYMLVPIESA-N,COc1cc(/C=C/C(=O)OCCCCCN(C)Cc2cccc(OC(=O)N(C)C)c2)ccc1O,SZSFHDVLPHPEGD-CCEZHUSRSA-N,test
3790,7232,TXTFWJUWTBOXCY-UHFFFAOYSA-O,C[N+](C)(C)CCNC(=O)/C=C/c1ccc(O)c(O)c1,UHOVQNZJYSORNB-UHFFFAOYSA-N,train
3791,7234,HDXNOXGBBUGQSX-YCRREMRBSA-N,COc1cc(/C=C/c2nnc(-c3ccc(OC(F)(F)F)cc3)o2)ccc1O,MIQDFIINRMWWAK-VAWYXSNFSA-N,train
3792,7235,QOEIFKBUDHUWRG-VQHVLOKHSA-O,COc1ccc(/C=C/C(=O)Nc2cc[n+](Cc3cccc(F)c3)cc2)cc1OC,XSUIFVDCVKFUQX-VAWYXSNFSA-O,train
3793,7236,CTAZCILTEPEKBH-UXBLZVDNSA-O,COc1ccc(/C=C/C(=O)Nc2cc[n+](Cc3ccc(F)cc3)cc2)cc1OC,XSUIFVDCVKFUQX-VAWYXSNFSA-O,train
3794,7237,HVTCKKMWZDDWOY-UHFFFAOYSA-O,COc1ccc2cc3[n+](cc2c1OC)CCc1cc(O)c(O)cc1-3,UICBHOXXGLYZJH-UHFFFAOYSA-N,train
3795,7238,DAHMYCXNJSCLGA-UHFFFAOYSA-O,Oc1cc2c(cc1O)-c1cc3ccc(O)c(O)c3c[n+]1CC2,UICBHOXXGLYZJH-UHFFFAOYSA-N,train
3796,7240,BINZQDMZAMRQON-YBFXNURJSA-N,CCN(CC)Cc1ccc(/C=C2\Cc3cc(OC)c(OC)cc3C2=O)cc1,ITHXOKQJEXLMKO-GXDHUFHOSA-N,train
3797,7241,BINZQDMZAMRQON-UHFFFAOYSA-N,CCN(CC)Cc1ccc(C=C2Cc3cc(OC)c(OC)cc3C2=O)cc1,ITHXOKQJEXLMKO-UHFFFAOYSA-N,train
3798,7242,GCUUMOLNVMESBD-CPNJWEJPSA-N,CCN(CC)Cc1ccc(/C=C2\Cc3ccccc3C2=O)cc1,ITHXOKQJEXLMKO-GXDHUFHOSA-N,train
3799,7243,GCUUMOLNVMESBD-UHFFFAOYSA-N,CCN(CC)Cc1ccc(C=C2Cc3ccccc3C2=O)cc1,ITHXOKQJEXLMKO-UHFFFAOYSA-N,train
3800,7244,RCWXHDBGQZGVNI-XDHOZWIPSA-N,CCN(CC)Cc1ccc(/C=C2\Cc3cc(OC)ccc3C2=O)cc1,ITHXOKQJEXLMKO-GXDHUFHOSA-N,train
3801,7245,RCWXHDBGQZGVNI-UHFFFAOYSA-N,CCN(CC)Cc1ccc(C=C2Cc3cc(OC)ccc3C2=O)cc1,ITHXOKQJEXLMKO-UHFFFAOYSA-N,train
3802,7246,RCWXHDBGQZGVNI-UNOMPAQXSA-N,CCN(CC)Cc1ccc(/C=C2/Cc3cc(OC)ccc3C2=O)cc1,ITHXOKQJEXLMKO-UVTDQMKNSA-N,train
3803,7247,HIBLJTJFHVLUBG-XDHOZWIPSA-N,CCN(CC)Cc1ccc(/C=C2\Cc3ccc(OC)cc3C2=O)cc1,ITHXOKQJEXLMKO-GXDHUFHOSA-N,train
3804,7248,HIBLJTJFHVLUBG-UHFFFAOYSA-N,CCN(CC)Cc1ccc(C=C2Cc3ccc(OC)cc3C2=O)cc1,ITHXOKQJEXLMKO-UHFFFAOYSA-N,train
3805,7252,UAPMQEQMDPDITR-UHFFFAOYSA-N,CC(=O)N1N=C(c2ccc(-c3ccccc3)cc2)CC1c1ccccc1[N+](=O)[O-],KXIBITNVZKITGB-UHFFFAOYSA-N,test
3806,7258,AACVKVMUDUPMQI-UHFFFAOYSA-N,CC(=O)N1N=C(c2ccc(-c3ccccc3)cc2)CC1c1ccc2c(c1)OCO2,ZBMYRGLRRRJDSK-UHFFFAOYSA-N,test
3807,7259,MXOTUGVPFHXUME-UHFFFAOYSA-N,CC(=O)N1N=C(c2ccc(-c3ccccc3)cc2)CC1c1ccc2ccccc2c1,XCGMCCCRFJSDBJ-UHFFFAOYSA-N,test
3808,7260,JVNBOQLTIAVWEN-UHFFFAOYSA-N,CC(=O)N1N=C(c2ccc(C)cc2)CC1c1ccc(-c2ccccc2)cc1,BQTRLZBZPXOORP-UHFFFAOYSA-N,train
3809,7261,VILNYSOFQITFJL-UHFFFAOYSA-N,CC(=O)N1N=C(c2ccccc2[N+](=O)[O-])CC1c1ccc(-c2ccccc2)cc1,BQTRLZBZPXOORP-UHFFFAOYSA-N,train
3810,7262,ORSGWXOUQFWSGX-UHFFFAOYSA-N,CC(=O)N1N=C(c2ccc(Br)cc2)CC1c1ccc(-c2ccccc2)cc1,BQTRLZBZPXOORP-UHFFFAOYSA-N,train
3811,7266,QQJBAGHKNSFEOS-UHFFFAOYSA-N,CC(=O)N1N=C(c2ccc3c(c2)OCO3)CC1c1ccc(-c2ccccc2)cc1,YDQDLCRGBDSPDW-UHFFFAOYSA-N,test
3812,7268,VMACFTQBTNAOOJ-UHFFFAOYSA-N,CC(=O)N1N=C(c2ccc3ccccc3c2)CC1c1ccc(-c2ccccc2)cc1,OTKHHYSCQTULRO-UHFFFAOYSA-N,test
3813,7277,GIAJXBVCANDIRN-UHFFFAOYSA-N,CCCCCCCNC(=O)Oc1ccc(Cc2nc3cc(C(=O)N(CC)CC)ccc3n2CCC(C)C)cc1,YTLQFZVCLXFFRK-UHFFFAOYSA-N,train
3814,7278,YBILVISNRAVIPV-UHFFFAOYSA-N,CCN(CC)C(=O)c1ccc2c(c1)nc(Cc1ccc(OC(=O)NCCCCCCN3CCc4ccccc4C3)cc1)n2CCC(C)C,ANEOOKIJLUCTER-UHFFFAOYSA-N,train
3815,7279,HTNKYLZCROSXPM-UHFFFAOYSA-N,CCN(CC)C(=O)c1ccc2c(c1)nc(Cc1ccc(OC(=O)N3CCC3)cc1)n2CCC(C)C,BDRKAJHQPXZFOY-UHFFFAOYSA-N,train
3816,7281,GOVLNEXCLWEPBN-UHFFFAOYSA-N,CCCCCCCNC(=O)Oc1ccc(Cc2nc3cc(C(=O)N(CC)CC)ccc3n2CCCCN2CCCCC2)cc1,COTJTXZAIZKSJE-UHFFFAOYSA-N,train
3817,7282,DMOAIGPIPAOVKX-UHFFFAOYSA-N,CCCCCCCNC(=O)Oc1ccc(Cc2nc3cc(C(=O)N4CCCCC4)ccc3n2CCC(C)C)cc1,BZVKJEORXGAQFX-UHFFFAOYSA-N,train
3818,7287,UHBNUHALRRHSEI-UHFFFAOYSA-N,CCCCCCCNC(=O)Oc1ccc(Cc2nc3cc(C(=O)N(CC)CC)ccc3n2CCN2CCCCC2)cc1,VLYNCEGTKLNTLR-UHFFFAOYSA-N,test
3819,7293,UAHDIKFHLMWTTE-ZPOGELFWSA-N,COc1ccc(-c2cc3c(c(=O)o2)C[C@]2(O)[C@@]4(C)CC[C@@H](O)C(C)(C)[C@]4(O)CC[C@@]2(C)O3)cc1,JDYLUVUNDLPZMT-UHFFFAOYSA-N,train
3820,7294,KVJZTPHJCIMWTR-JYOAFUTRSA-N,COC/C(C=O)=C\CCC1=CC(c2cc(O)ccc2O)OC1=O,UXMKOLJFXKKWEQ-UHFFFAOYSA-N,train
3821,7295,OEZBWVDBROYJOW-LICLKQGHSA-N,CCOC1(c2cc(O)ccc2O)C=C(CC/C=C(\C)CCC=C(C)C)C(=O)O1,UXMKOLJFXKKWEQ-UHFFFAOYSA-N,train
3822,7296,LCMWMPPNVNTYKF-KSEXSDGBSA-N,COc1cc2c(cc1OC)C(=O)/C(=C/c1cc[n+](Cc3ccc(F)cc3)cc1)OC2,CGJQKDDDVUSTBP-STZFKDTASA-N,train
3823,7297,PMBFHRFBVLAAAI-UHFFFAOYSA-N,COc1ccc(OCCCN(C)C(=O)c2cnc(CC(=O)c3ccc(OC)cc3)nc2)cc1,SVBJFROCZXYNSY-UHFFFAOYSA-N,train
3824,7300,PUEOTPVKJIFUJO-UHFFFAOYSA-N,COc1ccc(C(=O)Cc2ncc(C(=O)N(C)CCCOc3ccc([N+](=O)[O-])cc3)cn2)cc1,SVBJFROCZXYNSY-UHFFFAOYSA-N,train
3825,7302,MEQXHKNKEORMGO-UHFFFAOYSA-N,COc1ccc(C(=O)Cc2ncc(C(=O)N(C)CCCOc3c(F)c(F)c(F)c(F)c3F)cn2)cc1,SVBJFROCZXYNSY-UHFFFAOYSA-N,train
3826,7303,BXIOHUDJFOISAV-UHFFFAOYSA-N,CN(CCCOc1ccc([N+](=O)[O-])cc1)C(=O)c1cnc(CC(=O)c2ccccc2)nc1,SVBJFROCZXYNSY-UHFFFAOYSA-N,train
3827,7304,RHNUQUBOFJPVQT-UHFFFAOYSA-N,COc1cccc(C(=O)Cc2ncc(C(=O)N(C)CCCOc3ccc([N+](=O)[O-])cc3)cn2)c1,SVBJFROCZXYNSY-UHFFFAOYSA-N,train
3828,7305,GDRNTAGWOJVGBL-UHFFFAOYSA-N,CCOc1ccc(C(=O)Cc2ncc(C(=O)N(C)CCCOc3ccc([N+](=O)[O-])cc3)cn2)cc1,SVBJFROCZXYNSY-UHFFFAOYSA-N,train
3829,7306,DVLUABFMKPMTHL-UHFFFAOYSA-N,CN(CCCOc1ccc([N+](=O)[O-])cc1)C(=O)c1cnc(CC(=O)c2ccc3c(c2)OCO3)nc1,ABEMVQRELSYIGR-UHFFFAOYSA-N,train
3830,7307,ZRIATZZGPDRBDZ-UHFFFAOYSA-N,COc1ccc(C(=O)Cc2ncc(C(=O)N(C)CCCOc3ccc([N+](=O)[O-])cc3)cn2)cc1OC,SVBJFROCZXYNSY-UHFFFAOYSA-N,train
3831,7308,FJTAEXLOOHICDN-UHFFFAOYSA-N,CN(CCCOc1ccc([N+](=O)[O-])cc1)C(=O)c1cnc(CC(=O)c2cccs2)nc1,SGGOMSQMONCIIY-UHFFFAOYSA-N,test
3832,7310,JFUFSEXREKKJTN-UHFFFAOYSA-N,COc1ccc(C(=O)Cc2ncc(C(=O)NCc3ccc(OC)c(OC)c3)cn2)cc1,SPZDHPMAWREVNW-UHFFFAOYSA-N,test
3833,7317,VBLIZEIXBKDACF-UHFFFAOYSA-N,Cc1cccc2sc(NC(=O)CCN3CCN(C(C)C)CC3)nc12,FELPMYGHWVAGQT-UHFFFAOYSA-N,train
3834,7318,TYEZOYJRIMAXMA-UHFFFAOYSA-N,Cc1cccc2sc(NC(=O)CCN3CCN(C(C)(C)C)CC3)nc12,FELPMYGHWVAGQT-UHFFFAOYSA-N,train
3835,7320,XJGKAXITBMNERI-UHFFFAOYSA-N,Cc1cccc2sc(NC(=O)CCN3CCN(CCN(C)C)CC3)nc12,FELPMYGHWVAGQT-UHFFFAOYSA-N,train
3836,7321,IRQIUGGXEPXXJY-UHFFFAOYSA-N,Cc1cccc2sc(NC(=O)CCN3CCN(CCCN(C)C)CC3)nc12,FELPMYGHWVAGQT-UHFFFAOYSA-N,train
3837,7324,NXPVMNJFZMAIML-UHFFFAOYSA-N,Cc1cccc2sc(NC(=O)CCN3CCN(CC4CCCO4)CC3)nc12,CHZAJDNXPGNBLF-UHFFFAOYSA-N,train
3838,7326,TUKXXYVPWUSZAM-UHFFFAOYSA-N,Cc1cccc2sc(NC(=O)CCN3CCN(CC4CCCCC4)CC3)nc12,NMQBEVVOJCHTGM-UHFFFAOYSA-N,test
3839,7328,RKANPVDHWNNOIX-UHFFFAOYSA-N,Cc1cccc2sc(NC(=O)CCN3CCN(CCN(C(C)C)C(C)C)CC3)nc12,FELPMYGHWVAGQT-UHFFFAOYSA-N,train
3840,7330,LVMJSGWUSMSUOD-UHFFFAOYSA-N,CC(=O)c1ccc(N2CCN(CCC(=O)Nc3nc4c(C)cccc4s3)CC2)cc1,LYKSSAAPEDIAHE-UHFFFAOYSA-N,test
3841,7334,BQFAYRBTODBBSH-UHFFFAOYSA-N,Cc1cccc2sc(NC(=O)CCN3CCN(Cc4ccccc4F)CC3)nc12,YXVJRNSHXRZMDO-UHFFFAOYSA-N,test
3842,7342,OTKIZSHLVPXZAG-UHFFFAOYSA-N,O=C(COc1ccc(-c2ccccc2)cc1)NCC1CCN(Cc2ccccc2)CC1,OTKIZSHLVPXZAG-UHFFFAOYSA-N,test
3843,7343,JIGJRZZQZSNHLN-UHFFFAOYSA-N,O=C(COc1ccc(Cl)cc1[N+](=O)[O-])NCC1CCN(Cc2ccccc2)CC1,IEDHWFWHULKXLC-UHFFFAOYSA-N,train
3844,7344,QKKQPTQHEUIDJV-UHFFFAOYSA-N,O=C(COc1cc(F)ccc1[N+](=O)[O-])NCC1CCN(Cc2ccccc2)CC1,IEDHWFWHULKXLC-UHFFFAOYSA-N,train
3845,7345,LCZPCAYSLMBKLO-UHFFFAOYSA-N,O=C(COc1ccc([N+](=O)[O-])cc1)NCC1CCN(Cc2ccccc2)CC1,IEDHWFWHULKXLC-UHFFFAOYSA-N,train
3846,7346,FWDVLVZVHRZRAM-UHFFFAOYSA-N,O=C(COc1ccccc1C(F)(F)F)NCC1CCN(Cc2ccccc2)CC1,IEDHWFWHULKXLC-UHFFFAOYSA-N,train
3847,7347,SJVAIPRSGJQDIC-UHFFFAOYSA-N,Cc1cc(Br)cc(C)c1OCC(=O)NCC1CCN(Cc2ccccc2)CC1,IEDHWFWHULKXLC-UHFFFAOYSA-N,train
3848,7348,PTQTWXRMDHUUQG-UHFFFAOYSA-N,O=C(COc1ccc(Cc2ccccc2)cc1)NCC1CCN(Cc2ccccc2)CC1,PTQTWXRMDHUUQG-UHFFFAOYSA-N,test
3849,7349,UXCXYERTOFOPQT-UHFFFAOYSA-N,O=C(COc1ccc(CCc2ccccc2)cc1)NCC1CCN(Cc2ccccc2)CC1,UXCXYERTOFOPQT-UHFFFAOYSA-N,test
3850,7350,GKWIIBXDVVYQCP-UHFFFAOYSA-N,COc1ccc(OCC(=O)NCC2CCN(Cc3ccccc3)CC2)cc1,IEDHWFWHULKXLC-UHFFFAOYSA-N,train
3851,7351,KWJWMJSYPDQVAD-UHFFFAOYSA-N,O=C(COc1ccc(Cl)cc1)NCC1CCN(Cc2ccccc2)CC1,IEDHWFWHULKXLC-UHFFFAOYSA-N,train
3852,7352,KJLQZKUKATZVAQ-UHFFFAOYSA-N,O=C(COc1ccc(-c2ccccc2)cc1)NCCN1CCN(Cc2ccccc2)CC1,KJLQZKUKATZVAQ-UHFFFAOYSA-N,train
3853,7353,DIPUHFMEXYWVPD-UHFFFAOYSA-N,O=C(COc1ccc(Cl)cc1[N+](=O)[O-])NCCN1CCN(Cc2ccccc2)CC1,CGIBXWFVPBDEKZ-UHFFFAOYSA-N,train
3854,7354,LFMKGNKNBKYFSY-UHFFFAOYSA-N,O=C(COc1cc(F)ccc1[N+](=O)[O-])NCCN1CCN(Cc2ccccc2)CC1,CGIBXWFVPBDEKZ-UHFFFAOYSA-N,train
3855,7355,NBLNVKTYUBMWMT-UHFFFAOYSA-N,O=C(COc1ccc([N+](=O)[O-])cc1)NCCN1CCN(Cc2ccccc2)CC1,CGIBXWFVPBDEKZ-UHFFFAOYSA-N,train
3856,7356,BVPDBXVSZHOTFR-UHFFFAOYSA-N,O=C(COc1ccccc1C(F)(F)F)NCCN1CCN(Cc2ccccc2)CC1,CGIBXWFVPBDEKZ-UHFFFAOYSA-N,train
3857,7357,ICWISHUNHXKOMC-UHFFFAOYSA-N,Cc1cc(Br)cc(C)c1OCC(=O)NCCN1CCN(Cc2ccccc2)CC1,CGIBXWFVPBDEKZ-UHFFFAOYSA-N,train
3858,7358,HURQPHROLGROAJ-UHFFFAOYSA-N,O=C(COc1ccc(Cc2ccccc2)cc1)NCCN1CCN(Cc2ccccc2)CC1,HURQPHROLGROAJ-UHFFFAOYSA-N,train
3859,7359,YRWJEVUHKGNJHE-UHFFFAOYSA-N,O=C(COc1ccc(CCc2ccccc2)cc1)NCCN1CCN(Cc2ccccc2)CC1,YRWJEVUHKGNJHE-UHFFFAOYSA-N,test
3860,7360,NQWLATYSYQROLX-UHFFFAOYSA-N,COc1ccc(OCC(=O)NCCN2CCN(Cc3ccccc3)CC2)cc1,CGIBXWFVPBDEKZ-UHFFFAOYSA-N,train
3861,7361,AJIIKPBRJPXZMA-UHFFFAOYSA-N,O=C(COc1ccc(Cl)cc1)NCCN1CCN(Cc2ccccc2)CC1,CGIBXWFVPBDEKZ-UHFFFAOYSA-N,train
3862,7365,TZXNDDPYDWYKHX-PWSUYJOCSA-N,O=c1c2ccccc2nc2n1CC[C@@H]2[C@@H]1CCCN1,TZXNDDPYDWYKHX-PWSUYJOCSA-N,test
3863,7366,UZXQWOTYFRAWSY-VAWYXSNFSA-N,COc1cc2c(Nc3ccc(C(=O)/C=C/c4nc(C)c(C)nc4C)cc3)ncnc2c(OC)c1OC,WQZDGLCFDUUGFR-MDZDMXLPSA-N,test
3864,7375,ODPBEOCHSYLAAK-UHFFFAOYSA-N,c1ccc2c(c1)CN1Cc3cc(OCCCN4CCCCC4)ccc3N=C21,ODPBEOCHSYLAAK-UHFFFAOYSA-N,test
3865,7376,UHOTUSHGWTWEAM-UHFFFAOYSA-N,c1ccc2c(c1)CCN1Cc3cc(OCCCN4CCCCC4)ccc3N=C21,UHOTUSHGWTWEAM-UHFFFAOYSA-N,test
3866,7377,GVDQRHZTBDTQBI-UHFFFAOYSA-N,c1ccc2c(c1)CCCN1Cc3cc(OCCCN4CCCCC4)ccc3N=C21,GVDQRHZTBDTQBI-UHFFFAOYSA-N,train
3867,7379,WHVZYWOSAKGOJG-UHFFFAOYSA-N,c1cc2c(cc1OCCCN1CCCCC1)CN1CCCCC1=N2,WHVZYWOSAKGOJG-UHFFFAOYSA-N,test
3868,7380,XJALVWNRLTXILY-UHFFFAOYSA-N,c1cc2c(cc1OCCCN1CCCCC1)CN1CCCCCC1=N2,XJALVWNRLTXILY-UHFFFAOYSA-N,test
3869,7381,QWKCJRVELMKAKZ-MDZDMXLPSA-N,CCn1c2ccccc2c2cc(/C=C/c3ccc(NC(=S)NCCN4CCCC4)cc3)ccc21,AQMKOPRIUIYUJV-BQYQJAHWSA-N,train
3870,7383,DXJLEIVEYFLNDY-AATRIKPKSA-N,COc1cc(/C=C/c2cc(=O)oc3c2ccc2oc(-c4cc(OC)cc(OC)c4)cc23)cc(OC)c1,LUKPNRXQTALJFU-VAWYXSNFSA-N,train
3871,7385,SIZIRUSXNIUVQH-CMDGGOBGSA-N,COc1cc(/C=C/c2cc(=O)oc3c2ccc2oc(-c4ccccc4)cc23)cc(OC)c1,LUKPNRXQTALJFU-VAWYXSNFSA-N,train
3872,7386,SVFJYZVSHWUWHU-VOTSOKGWSA-N,COc1cc(/C=C/c2cc(=O)oc3c2ccc2oc(-c4cccc(F)c4)cc23)cc(OC)c1,LUKPNRXQTALJFU-VAWYXSNFSA-N,train
3873,7387,MNOAIZGZMMBMDR-ONEGZZNKSA-N,COc1cc(/C=C/c2cc(=O)oc3c2ccc2oc(-c4ccc(F)cc4)cc23)cc(OC)c1,LUKPNRXQTALJFU-VAWYXSNFSA-N,train
3874,7388,PPHKMHMVYFIODG-VOTSOKGWSA-N,COc1cc(/C=C/c2cc(=O)oc3c2ccc2oc(-c4cccc(Cl)c4)cc23)cc(OC)c1,LUKPNRXQTALJFU-VAWYXSNFSA-N,train
3875,7389,LHNGYBCRWZUKJD-ONEGZZNKSA-N,COc1cc(/C=C/c2cc(=O)oc3c2ccc2oc(-c4ccc(Cl)cc4)cc23)cc(OC)c1,LUKPNRXQTALJFU-VAWYXSNFSA-N,train
3876,7390,WMOIBRASIVKPQO-RMKNXTFCSA-N,COc1cc(/C=C/c2cc(=O)oc3c2ccc2oc(-c4ccc(C)cc4)cc23)cc(OC)c1,LUKPNRXQTALJFU-VAWYXSNFSA-N,train
3877,7391,QIMIRHMROLJATG-SNAWJCMRSA-N,COc1ccc(-c2cc3c(ccc4c(/C=C/c5cc(OC)cc(OC)c5)cc(=O)oc43)o2)cc1,LUKPNRXQTALJFU-VAWYXSNFSA-N,train
3878,7392,WTWKEUPSPLHYDX-JRRWEWNMSA-N,COc1ccccc1/C=C/C=C(\Br)S(=O)(=O)F,UHOVQNZJYSORNB-UHFFFAOYSA-N,train
3879,7393,BIDBTSDAWASQET-UHFFFAOYSA-N,COc1ccc2nc3c(c(N)c2c1)C1CC=CC(C3)C1,BZFWBAOVKAGSFN-UHFFFAOYSA-N,train
3880,7394,GLPOBZBQMRDBEA-UHFFFAOYSA-N,COc1cc2oc(C(=O)Nc3cccc(CN(C)Cc4ccccc4)c3)cc(=O)c2cc1OC,WXOUYBTTWQDIOV-UHFFFAOYSA-N,test
3881,7395,KYZDSNSHJIAEDG-MLGMXDONSA-N,O=c1cc(/N=N/N=P(CCP(=N/N=N/c2cc(=O)oc3ccccc23)(c2ccccc2)c2ccccc2)(c2ccccc2)c2ccccc2)c2ccccc2o1,KYZDSNSHJIAEDG-MLGMXDONSA-N,test
3882,7397,OKALXOHKHKGSNF-UHFFFAOYSA-N,C#CCOc1cccc(-c2cc(-c3ccc(OCCN4CCOCC4)cc3)nc(C)n2)c1,SGIRALQRNVQBBG-UHFFFAOYSA-N,train
3883,7398,MJPUSTKHUHNRCG-UHFFFAOYSA-N,CCN1CCN(c2ccc(-c3nc4ccccc4[nH]3)cc2)CC1,CJYRQVSVJMWRPL-UHFFFAOYSA-N,train
3884,7400,JPSMOGYAVYUWKI-UHFFFAOYSA-N,Clc1ccc2c(NCCCNCC34CC5CC(CC(C5)C3)C4)ccnc2c1,OFFDPPCITSWXJK-UHFFFAOYSA-N,test
3885,7402,IMKHDCBNRDRUEB-UHFFFAOYSA-N,CC1(C)CCCC2(C)OC(=O)C=C12,YQFNHECEHPJPRC-UHFFFAOYSA-N,test
3886,7403,ZHIZWWLUDBQEIU-UHFFFAOYSA-N,O=C(CCN1CCN(Cc2ccccc2)CC1)Nc1ccc2nc3n(c(=O)c2c1)CCC3,ZHIZWWLUDBQEIU-UHFFFAOYSA-N,test
3887,7406,ZVPJJAMHJWQHGT-JKSUJKDBSA-N,CNC(=O)Oc1ccc2c(c1)[C@]1(C)CCN(C)[C@]1(C)N2C,VOWHONRMOCHCGC-UHFFFAOYSA-N,train
3888,7408,HAJGYMFEBBKKTC-UHFFFAOYSA-N,CN1c2ccccc2C(NCCCCCCC(=O)CCCCNc2c3c(nc4ccccc24)CCCC3)c2ccc(Cl)cc2S1(=O)=O,BQNHPQADYSFXTR-UHFFFAOYSA-N,train
3889,7422,CEQFRYMDADEDKF-RVDMUPIBSA-N,CCC1C/C(=C\c2cc(OC)c(OC)c(OC)c2Br)C(=O)c2ccccc21,JNRAEZULKWNOQO-NTCAYCPXSA-N,train
3890,7423,FFVCKFMEGAGPOX-UKTHLTGXSA-N,COc1ccc(/C=C2\CCc3cc([N+](=O)[O-])ccc3C2=O)c(Cl)c1OC,JNRAEZULKWNOQO-NTCAYCPXSA-N,train
3891,7424,GWNQGNBUWFEIQD-XYOKQWHBSA-N,COc1cc(/C=C2\CCc3cc([N+](=O)[O-])ccc3C2=O)c(Br)c(OC)c1OC,JNRAEZULKWNOQO-NTCAYCPXSA-N,train
3892,7427,KNWDCQYJQCVXHS-UHFFFAOYSA-N,CCN(C)C(=O)Oc1ccc(C2CC(=O)c3c(O)cc(OC(=O)N(C)CC)cc3O2)cc1,ZONYXWQDUYMKFB-UHFFFAOYSA-N,test
3893,7432,SHJXYTKJNPPAHC-UHFFFAOYSA-N,CCC(c1ccc(O)c(OC)c1)c1cccc(O)c1O,CZZYITDELCSZES-UHFFFAOYSA-N,train
3894,7433,LGYPFYLGAJMCPY-UHFFFAOYSA-N,CCC(c1ccc(O)c(OC)c1)c1ccc(OC)cc1O,CZZYITDELCSZES-UHFFFAOYSA-N,train
3895,7436,JVYDJHPQTXVJJZ-UHFFFAOYSA-N,O=C1OCc2cc(-c3ccc(-c4ccc(CO)cc4)s3)ccc21,FHXCKAKIBCYHMZ-UHFFFAOYSA-N,train
3896,7438,RSEVMSVAXAZESV-UHFFFAOYSA-N,O=C(CN1CCN(c2ccccc2)CC1)Nc1n[nH]c2ncccc12,RSEVMSVAXAZESV-UHFFFAOYSA-N,test
3897,7439,ALQDGYVZZVYOGY-UHFFFAOYSA-N,O=C(CN1CCN(Cc2ccccc2)CC1)Nc1n[nH]c2ncccc12,ALQDGYVZZVYOGY-UHFFFAOYSA-N,train
3898,7440,STOKSOGOBDVDSS-UHFFFAOYSA-N,O=C(CCN1CCCCC1)Nc1n[nH]c2ncccc12,STOKSOGOBDVDSS-UHFFFAOYSA-N,test
3899,7441,SHSAGNIXIDZUQJ-UHFFFAOYSA-N,O=C(CCN1CCOCC1)Nc1n[nH]c2ncccc12,SHSAGNIXIDZUQJ-UHFFFAOYSA-N,test
3900,7442,HRBPSWQZOHNNRA-UHFFFAOYSA-N,CN1CCN(CCC(=O)Nc2n[nH]c3ncccc23)CC1,HILWYPBKRZUKKA-UHFFFAOYSA-N,train
3901,7443,KDMZZYWXGOGWFK-UHFFFAOYSA-N,O=C(CCN1CCN(Cc2ccccc2)CC1)Nc1n[nH]c2ncccc12,KDMZZYWXGOGWFK-UHFFFAOYSA-N,train
3902,7444,SODDJOOZEVURLA-UHFFFAOYSA-N,O=C(CCN1CCN(c2ccccc2)CC1)Nc1n[nH]c2ncccc12,SODDJOOZEVURLA-UHFFFAOYSA-N,test
3903,7445,RZZFSSACAFOYKN-UHFFFAOYSA-N,Cc1ccc2nc3c(c(N4CCOCC4)c2c1)CCCC3,AEFUUWFATZZAGD-UHFFFAOYSA-N,train
3904,7446,HRVJOYKYWBNCNN-UHFFFAOYSA-N,Cc1ccc2nc3c(c(N4CCCCC4)c2c1)CCCC3,PHKKNMUDCVZREA-UHFFFAOYSA-N,train
3905,7447,COXUDBLORLPKBL-UHFFFAOYSA-N,Cc1ccc2nc3c(c(N4CCN(C)CC4)c2c1)CCCC3,SIVRCFKUZDWTJH-UHFFFAOYSA-N,train
3906,7448,XAPKYBVMPJHUOI-UHFFFAOYSA-N,COc1cc2nc3c(c(N4CCOCC4)c2cc1OC)CCCC3,AEFUUWFATZZAGD-UHFFFAOYSA-N,train
3907,7449,VTKIALXGDMRVEJ-UHFFFAOYSA-N,O=[N+]([O-])c1ccc2nc3c(c(N4CCOCC4)c2c1)CCCC3,AEFUUWFATZZAGD-UHFFFAOYSA-N,train
3908,7450,PXAAXYLLOLXDGK-UHFFFAOYSA-N,O=[N+]([O-])c1ccc2nc3c(c(N4CCCCC4)c2c1)CCCC3,PHKKNMUDCVZREA-UHFFFAOYSA-N,train
3909,7451,AAIVPEBVZWQHCI-UHFFFAOYSA-N,CN1CCN(c2c3c(nc4ccc([N+](=O)[O-])cc24)CCCC3)CC1,SIVRCFKUZDWTJH-UHFFFAOYSA-N,train
3910,7452,BUHJJQVDONAZDM-UHFFFAOYSA-N,Cc1ccc2nc3c(c(Nc4[nH]nc5ncccc45)c2c1)CCCC3,GKDPNDFNLNWGMS-UHFFFAOYSA-N,train
3911,7453,CEOCITIVLDEXBN-UHFFFAOYSA-N,O=[N+]([O-])c1ccc2nc3c(c(Nc4[nH]nc5ncccc45)c2c1)CCCC3,GKDPNDFNLNWGMS-UHFFFAOYSA-N,train
3912,7454,QELNVWZDMSBUAV-UHFFFAOYSA-N,Nc1nn(-c2c3c(nc4ccc([N+](=O)[O-])cc24)CCCC3)c2ncccc12,AQXGOLHXODDTBW-UHFFFAOYSA-N,train
3913,7455,QAKQWGSCAYEALR-UHFFFAOYSA-N,Cc1ccc2nc3c(c(NCCO)c2c1)CCCC3,RXBYRTSOWREATF-UHFFFAOYSA-N,train
3914,7456,GYFOEEWMQWJFGZ-UHFFFAOYSA-N,Cc1ccc2nc3c(c(NCCCl)c2c1)CCCC3,RXBYRTSOWREATF-UHFFFAOYSA-N,train
3915,7457,JHKMYOWNYNDGJT-UHFFFAOYSA-N,Cc1ccc2nc3c(c(NCCN4CCOCC4)c2c1)CCCC3,GYJGARZINSSEOU-UHFFFAOYSA-N,train
3916,7458,GHXSXRQVSCGYBK-UHFFFAOYSA-N,Cc1ccc2nc3c(c(NCCN4CCCCC4)c2c1)CCCC3,WGEJVJPDALKEOC-UHFFFAOYSA-N,test
3917,7459,FBSRIKWLHNRNMA-UHFFFAOYSA-N,Cc1ccc2nc3c(c(NCCN4CCN(C)CC4)c2c1)CCCC3,ALBLVLIIOKNDOE-UHFFFAOYSA-N,train
3918,7460,RWHDNJUCQNGPQG-UHFFFAOYSA-N,Cc1ccc2nc3c(c(NCCN4CCN(Cc5ccccc5)CC4)c2c1)CCCC3,OSZQGMKOCAROTI-UHFFFAOYSA-N,test
3919,7461,LGIBRHXFGQHKKA-UHFFFAOYSA-N,Cc1ccc2nc3c(c(N4CCN(c5c6c(nc7ccc(C)cc57)CCCC6)CC4)c2c1)CCCC3,NYDPLXXJKZDBBI-UHFFFAOYSA-N,test
3920,7462,ODICAYAMQUQPSL-UHFFFAOYSA-N,CC(=O)Nc1ccc2nc3c(c(N4CCOCC4)c2c1)CCCC3,AEFUUWFATZZAGD-UHFFFAOYSA-N,train
3921,7463,YHAGFQQXUBFFNL-UHFFFAOYSA-N,CC(=O)Nc1ccc2nc3c(c(N4CCCCC4)c2c1)CCCC3,PHKKNMUDCVZREA-UHFFFAOYSA-N,train
3922,7467,GYJGARZINSSEOU-UHFFFAOYSA-N,c1ccc2c(NCCN3CCOCC3)c3c(nc2c1)CCCC3,GYJGARZINSSEOU-UHFFFAOYSA-N,train
3923,7468,IQPAASSVZQNYRK-UHFFFAOYSA-N,CCCCC1OC(=O)c2cc(OCc3ccc(CN(C)C)c(O)c3)ccc21,HUQHGGFJJGKEJU-UHFFFAOYSA-N,train
3924,7469,UPSWPRKJYJNTEG-UHFFFAOYSA-N,CCCCC1OC(=O)c2cc(OCc3ccc(CN(CC)CC)c(O)c3)ccc21,HUQHGGFJJGKEJU-UHFFFAOYSA-N,train
3925,7470,YDNLMFWVFUODEG-UHFFFAOYSA-N,CCCCC1OC(=O)c2cc(OCc3ccc(CN4CCCC4)c(O)c3)ccc21,RUAKBHPRJUYDHQ-UHFFFAOYSA-N,test
3926,7471,KAFBBPBROARMRS-UHFFFAOYSA-N,CCCCC1OC(=O)c2cc(OCc3ccc(CN4CCCCC4)c(O)c3)ccc21,RTDRHAQJQZGXSJ-UHFFFAOYSA-N,test
3927,7472,GMGHYXPXMAUZFF-UHFFFAOYSA-N,CCCCC1OC(=O)c2cc(OCc3ccc(CN4CCOCC4)c(O)c3)ccc21,PKWMTTPNRFTHIX-UHFFFAOYSA-N,test
3928,7474,WTPMKFXZAUAECV-UHFFFAOYSA-N,O=C(Nc1ccc(OC(F)(F)F)cc1)NC1CCN(C(=O)CCNc2c3c(nc4cc(Cl)ccc24)CCCC3)CC1,GEQSEZZYXMMYJU-UHFFFAOYSA-N,train
3929,7475,MSNDBGHTMCHRQB-UHFFFAOYSA-N,O=C(Nc1ccc(OC(F)(F)F)cc1)NC1CCN(C(=O)CCCNc2c3c(nc4cc(Cl)ccc24)CCCC3)CC1,HKRHQXGLSIAVJS-UHFFFAOYSA-N,train
3930,7476,LCWAVZISUIFMQY-UHFFFAOYSA-N,O=C(Nc1ccc(OC(F)(F)F)cc1)NC1CCN(C(=O)CCCCNc2c3c(nc4cc(Cl)ccc24)CCCC3)CC1,BOUNYXVANQUHLS-UHFFFAOYSA-N,train
3931,7477,VPHLBLQNXMWQOL-XZOQPEGZSA-N,CC1=C[C@@H]2Cc3nc4cc(Cl)ccc4c(NCCCCC(=O)N4CCC(NC(=O)Nc5ccc(OC(F)(F)F)cc5)CC4)c3[C@H](C1)C2,CIYWTMZGOWASMQ-BJKOFHAPSA-N,train
3932,7478,VPHLBLQNXMWQOL-PKTZIBPZSA-N,CC1=C[C@H]2Cc3nc4cc(Cl)ccc4c(NCCCCC(=O)N4CCC(NC(=O)Nc5ccc(OC(F)(F)F)cc5)CC4)c3[C@@H](C1)C2,CIYWTMZGOWASMQ-RPWUZVMVSA-N,train
3933,7486,SDHJEPJJARZDKU-UHFFFAOYSA-N,CN(C)C1CCC(CCN(CCCc2c[nH]c3ccccc23)CCC2CCCCCC2)CC1,DXVFVBXROXFFKZ-UHFFFAOYSA-N,train
3934,7487,SZOBDUWPNZYVFT-UHFFFAOYSA-N,CCCCN(CCCc1c[nH]c2ccccc12)CCC1CCN(Cc2ccccc2)CC1,AJOZGTLFPZNNHP-UHFFFAOYSA-N,train
3935,7489,HPKITNCURKBAEB-UHFFFAOYSA-N,CCCCN(CCOc1cccc2c(OC(=O)N(C)C)cccc12)CCC1CCCCCC1,IBTOQVUCTSMFOJ-UHFFFAOYSA-N,train
3936,7491,ZPQCQCBRYIFSRA-UHFFFAOYSA-N,CCCCN(CCC1CCCCCC1)Cc1ccc(OC(=O)N(C)C)c2ccccc12,LRCIAPHTAFIGJP-UHFFFAOYSA-N,test
3937,7493,QUOFUFOKIMRNON-UHFFFAOYSA-N,CCCCN(CCc1c[nH]c2c(OC(=O)C(C)C)cccc12)CCC1CCCCCC1,KKCCFJLKYWLUFQ-UHFFFAOYSA-N,test
3938,7494,YDDBFPXJGMVSMN-UHFFFAOYSA-N,CCCCN(CCC1CCCCCC1)Cc1cn(OC(=O)N(C)C)c2ccccc12,BVKKIMOYVHNQMN-UHFFFAOYSA-N,train
3939,7495,BFSKPRUNBBMNCF-UHFFFAOYSA-N,Cc1c(Nc2ccc(S(=O)(=O)N3CCN(C)CC3)cc2F)nc2ccc(Nc3cnn(C4CC4)c3)cn2c1=O,XXMSOWCJJWRKHL-UHFFFAOYSA-N,test
3940,7496,ZRTFTZCKJUNZIU-HNNXBMFYSA-N,C[C@H]1CCCN1Cc1nc2cc(NC(=O)c3ccc4cnccc4c3)ccc2[nH]1,MJBVDDUQDWQHJK-UHFFFAOYSA-N,test
3941,7497,BQVZIZUQUFCCJT-UHFFFAOYSA-N,O=c1c(NCCCCc2c3c(nc4cc(Cl)ccc24)CCCC3)c(NCCCCc2c3c(nc4ccc(Cl)cc24)CCCC3)c1=O,CKWMJAPAGAYHIS-UHFFFAOYSA-N,train
3942,7498,WAPSZYCQSRLWDS-UHFFFAOYSA-N,O=c1c(NCCCCCCCc2c3c(nc4ccccc24)CCCC3)c(NCCCCCCCc2c3c(nc4ccccc24)CCCC3)c1=O,WAPSZYCQSRLWDS-UHFFFAOYSA-N,test
3943,7508,QIYIAVWWIGXXBQ-CTNGQTDRSA-N,CC(C)c1ccc(NC(=O)Oc2ccc3c(c2)[C@]2(C)CCO[C@@H]2O3)cc1,HQHNSHBCYQOVNO-FQNRMIAFSA-N,train
3944,7514,QUSFPQCZHHBDSB-UHFFFAOYSA-N,CCOC(=O)c1cc2c(OC(=O)N(C)C)cccc2[n+](C)c1,SMWDFEZZVXVKRB-UHFFFAOYSA-O,train
3945,7516,YHZLWNOQTNOLTB-KTXUZGJCSA-N,COC(=O)c1cc2c(OC(=O)N(C)C)cccc2[n+]([11CH3])c1,SMWDFEZZVXVKRB-UHFFFAOYSA-O,train
3946,7517,ZSFKPACEHFMZRW-JCDSVUNTSA-N,CCN1/C(=C/C(C)=O)Sc2ccc(OC(=O)OCCOCCNC(=O)c3cc4c(OC(=O)N(C)C)cccc4[n+](C)c3)cc21.COS(=O)(=O)[O-],JRTSDOAXCDGRPI-UHFFFAOYSA-O,train
3947,7519,HUGQDDJXYKRDAL-UHFFFAOYSA-N,CNC(=O)Oc1cccc2c1CCC1C2CCN1CCC1CCCCC1,LYTOTCHMODLODP-UHFFFAOYSA-N,test
3948,7522,DLFRLEXQOLTDLP-UHFFFAOYSA-N,CCN(C)C(=O)Oc1cccc(CN2CCC(CCC(=O)c3cc(Cl)c(N)cc3OC)CC2)c1,XDGMPBUKARQUCK-UHFFFAOYSA-N,train
3949,7525,BTGOFNKIKCWRND-MIXAMLLLSA-N,CNC(=O)Oc1cccc(CN(C)CCCCCCOc2ccc3c(c2)O/C(=C\c2cc(OC)c(OC)c(OC)c2)C3=O)c1,OHCXCKFPUPWCHV-DIBXZPPDSA-N,test
3950,7526,XJZIWUHHQSHKBY-DTQAZKPQSA-N,CNC(=O)Oc1cccc(CN(C)CCCCCCOc2ccc(C(=O)/C=C/c3cc(OC)c(OC)c(OC)c3)c(O)c2)c1,YOOWQKHKSXRNQR-HMMYKYKNSA-N,test
3951,7527,NIVUGJNFXBTADH-UHFFFAOYSA-N,CNC(=O)Oc1cccc(CN(C)CCCCCCCOc2ccc(-c3cc(=O)c4ccccc4o3)cc2)c1,WUPXIBBAMVISOW-UHFFFAOYSA-N,test
3952,7529,RTMBGYVFBGIVHT-UHFFFAOYSA-N,CNC(=O)Oc1cccc(CN(C)CCCCCCCOc2ccc(-c3cc4ccccc4oc3=O)cc2)c1,JFOVBMZALMKBGS-UHFFFAOYSA-N,train
3953,7530,JNGNBJCWEIWRCU-PKOBYXMFSA-N,CC(=O)N1CC[C@@]2(O)c3cc(OC(=O)Nc4ccccc4)ccc3N[C@@H]12,ULLJVPKUDFDJKB-FQNRMIAFSA-N,train
3954,7535,AGATWFCSQRRDGY-UHFFFAOYSA-N,C#CCN(C)C1CCc2c(OC(=O)N(C)CC)cccc21,PQNFLJBBNBOBRQ-UHFFFAOYSA-N,train
3955,7537,ZRQDTMBPMKTABL-UHFFFAOYSA-N,O=C1CCOc2cc(OCCCCCSC(=S)N3CCCCC3)ccc21,ZRQDTMBPMKTABL-UHFFFAOYSA-N,test
3956,7538,ZXMQJWJQVOCYQO-UHFFFAOYSA-N,CN(CCCOc1ccc2ccc(=O)oc2c1)Cc1cccc(OC(=O)NC2CCCC2)c1,KSHJDRKPALPTDQ-UHFFFAOYSA-N,test
3957,7539,RIBSWIDLITYLHS-UHFFFAOYSA-N,CN(CCCOc1ccc2ccc(=O)oc2c1)Cc1cccc(OC(=O)NC2CCCCC2)c1,YRUZEHRUHWMXBG-UHFFFAOYSA-N,test
3958,7540,QPKSHJTZCXULAH-UHFFFAOYSA-N,Cc1c(Cl)c(=O)oc2cc(OCCCCSC(=S)N3CCCCC3C)ccc12,LOCRPLULLFDVSN-UHFFFAOYSA-N,train
3959,7541,IKYVMKQIWKXWDL-UHFFFAOYSA-N,Cc1c(Cl)c(=O)oc2cc(OCCCCSC(=S)N3C(C)CCCC3C)ccc12,LOCRPLULLFDVSN-UHFFFAOYSA-N,train
3960,7542,LPNBFWMWGSHSBN-UHFFFAOYSA-N,COc1cccc2c1CCCC2NS(=O)(=O)NC(=O)OCc1ccccc1,RZXZUNNYUATLPQ-UHFFFAOYSA-N,test
3961,7544,HIPJVPOPOSHDET-JOCHJYFZSA-N,CC[C@@]1(c2cccc(OC(=O)Nc3ccccc3)c2)CCCCN(C)C1,VFKNDVADZLQDOZ-UHFFFAOYSA-N,test
3962,7548,URHPFANOQLIROT-UHFFFAOYSA-N,Cn1ccc2cc(-c3cnc4ccc(C(=O)N5CCCCC5)cc4n3)ccc2c1=O,GCLZEYNUSOGYSP-UHFFFAOYSA-N,train
3963,7549,QMBDDIDQNMQRSU-BKUYFWCQSA-N,COc1cc(/C=C2\Oc3cc(OCCN4CCCCC4)ccc3C2=O)cc(OC)c1OC,PABWBTSMYNHWRV-QNGOZBTKSA-N,train
3964,7550,HQJYIGWZKZCCJR-HMAPJEAMSA-N,COc1ccc2c(c1)O/C(=C\c1ccc(OCCN3CCCCC3)c(Cl)c1)C2=O,VGAYEOMAXFNLKY-PGMHBOJBSA-N,train
3965,7551,VGAYEOMAXFNLKY-PGMHBOJBSA-N,O=C1/C(=C/c2ccc(OCCN3CCCCC3)cc2)Oc2ccccc21,VGAYEOMAXFNLKY-PGMHBOJBSA-N,train
3966,7552,YWHGWLVJNDHIIG-JCMHNJIXSA-N,COc1ccc(/C=C2\Oc3cc(OCCN4CCCCC4)ccc3C2=O)cc1,PABWBTSMYNHWRV-QNGOZBTKSA-N,train
3967,7553,ZKQXQSZQKROBLG-HKWRFOASSA-N,O=C1/C(=C/c2ccc(OCCN3CCCC3)cc2)Oc2ccccc21,ZKQXQSZQKROBLG-HKWRFOASSA-N,test
3968,7554,YDCOHZVNWJNAOQ-NDENLUEZSA-N,COc1cc(/C=C2\Oc3cc(OCCN4CCCC4)ccc3C2=O)cc(OC)c1OC,RGKRBGOMLNQRHE-ZHZULCJRSA-N,train
3969,7555,UEXLOTFOJDXOMW-KQWNVCNZSA-N,CCOc1ccc2c(c1)O/C(=C\c1ccc(OCCN3CCCCC3)cc1)C2=O,VGAYEOMAXFNLKY-PGMHBOJBSA-N,train
3970,7559,XODOSMJGHSZKEN-UHFFFAOYSA-N,O=c1c(O)c(-c2ccccc2)oc2cc(Br)c(I)cc12,VHBFFQKBGNRLFZ-UHFFFAOYSA-N,train
3971,7560,LCMWUFLTMJGHMS-PNQUVVCRSA-N,O=c1c(/C=N/Nc2ccc(C(F)(F)F)cc2)coc2c1ccc1oc(-c3ccc(Cl)cc3)cc12,SDKXGQOQSQDQBT-AFUMVMLFSA-N,test
3972,7561,XAYKMQRPZRNJNL-UHFFFAOYSA-N,COc1ccc(-c2cc3cc4c(=O)c(C=O)coc4cc3o2)cc1,BHGVAXXUXFNVSG-UHFFFAOYSA-N,train
3973,7563,LHSUEACWFJGZKG-UHFFFAOYSA-N,COc1ccc2[nH]cc(CCNC(=O)CN(CCCCC3CCN(Cc4ccccc4)CC3)C(=O)c3cc(=O)c4ccccc4o3)c2c1,ISCNDFDWIJRPET-UHFFFAOYSA-N,train
3974,7564,MUZBUQZTAYXBFD-UHFFFAOYSA-N,COc1ccc2c(=O)cc(C(=O)NCCN3CCCCC3)oc2c1,ZQGLWKUQUXUBNW-UHFFFAOYSA-N,test
3975,7565,QLPTZIUFLDAANA-UHFFFAOYSA-N,CCOP(=O)(OCC)C(NCCc1ccc(OC)cc1)c1coc2ccccc2c1=O,LWVUZOJDTADSJC-UHFFFAOYSA-N,test
3976,7567,JBPRHOFASBBREV-WASYMBJWSA-N,COc1cc2c(cc1OC)/C(=N\NC(=O)C(C)c1ccc(CC(C)C)cc1)C(CC1CCN(Cc3ccccc3)CC1)C2,NDGGVWHRGGHRQA-GCUVURNUSA-N,test
3977,7568,OTGGFKLZXIIMFI-WVVCCSDTSA-N,COc1ccc2c(c1)c(CC(=O)N/N=C1\c3cc(OC)c(OC)cc3CC1CC1CCN(Cc3ccccc3)CC1)c(C)n2C(=O)c1ccc(Cl)cc1,RKUHNKMVRIYYJA-GJARRJKISA-N,test
3978,7569,KECMUWNFMHXRRG-YJKCNMNRSA-N,COc1cc2c(cc1OC)/C(=N\NC(=O)c1ccccc1OC(C)=O)C(CC1CCN(Cc3ccccc3)CC1)C2,OJSAURWCBVGMDS-HYOGKJQXSA-N,test
3979,7570,CSWOSIGYTTVABX-POZMXKMPSA-N,COc1ccc2cc([C@H](C)C(=O)N/N=C3\c4cc(OC)c(OC)cc4CC3CC3CCN(Cc4ccccc4)CC3)ccc2c1,GQRRQUSXVVAHGB-ZSWXBHCYSA-N,train
3980,7571,NUEAHYMDXCXIOO-CWAJCWQHSA-N,COc1cc2c(cc1OC)/C(=N\NC(=O)CNC(=O)C(C)c1ccc(CC(C)C)cc1)C(CC1CCN(Cc3ccccc3)CC1)C2,CFMWIHNMZXMOGE-JCUPVDEDSA-N,train
3981,7572,HFVRGDZYGPOTOS-MBJURZOESA-N,COc1cc2c(cc1OC)/C(=N\NC(=O)CCNC(=O)C(C)c1ccc(CC(C)C)cc1)C(CC1CCN(Cc3ccccc3)CC1)C2,XRHILUGZODPNTA-NECWGFRUSA-N,test
3982,7573,JJNNHTVFAVRIPN-ZJWNILRBSA-N,COc1cc2c(cc1OC)/C(=N\NC(=O)C(NC(=O)C(C)c1ccc(CC(C)C)cc1)C(C)C)C(CC1CCN(Cc3ccccc3)CC1)C2,CFMWIHNMZXMOGE-JCUPVDEDSA-N,train
3983,7574,SPRDUHMXZHAPRQ-INXUWUOZSA-N,COc1cc2c(cc1OC)/C(=N\NC(=O)C(CC(C)C)NC(=O)C(C)c1ccc(CC(C)C)cc1)C(CC1CCN(Cc3ccccc3)CC1)C2,CFMWIHNMZXMOGE-JCUPVDEDSA-N,train
3984,7575,JNNSZXVFWZVNAW-LCUIJRPUSA-N,COc1cc2c(cc1OC)/C(=N\N)C(CC1CCN(Cc3ccccc3)CC1)C2,MMWUNHFZUYXYTK-UHFFFAOYSA-N,test
3985,7576,FTVCQIIFMKONLM-WMZOPIPTSA-N,CN1c2ccc(OC(=O)Nc3ccncc3)cc2[C@]2(C)CCO[C@H]12,VHWJSSUZKSFJKX-CVRLYYSRSA-N,test
3986,7577,MMBVAEXRQVWGSC-WMZOPIPTSA-N,CN1c2ccc(OC(=O)Nc3cccnc3)cc2[C@]2(C)CCO[C@H]12,YLNVOFZMXZZSPL-CVRLYYSRSA-N,test
3987,7578,LTTDIGGNYFTEAC-ZFNBISBQSA-N,COc1cc2c(cc1OC)C(=O)[C@]1(C2)[C@H](c2ccccc2OC)[C@H](Cc2c[nH]c3ccccc23)NC12C(=O)Nc1ccccc12,XSRAKZVLHDSYCR-YWCZSCKXSA-N,train
3988,7579,RNXRJVOLCWAMHV-HDXZJQDKSA-N,COc1cccc([C@@H]2[C@H](Cc3c[nH]c4ccccc34)NC3(C(=O)Nc4ccccc43)[C@@]23Cc2cc(OC)c(OC)cc2C3=O)c1,XSRAKZVLHDSYCR-YWCZSCKXSA-N,train
3989,7580,RNECQBIPECTYJA-ZKYHXBHASA-N,COc1cc2c(cc1OC)C(=O)[C@]1(C2)[C@H](c2cccc([N+](=O)[O-])c2)[C@H](Cc2c[nH]c3ccccc23)NC12C(=O)Nc1ccccc12,XSRAKZVLHDSYCR-YWCZSCKXSA-N,train
3990,7584,FCBGXWQSWZDDJH-UHFFFAOYSA-N,CCN(C)C(=O)Oc1ccc(C(CCOc2ccc([N+](=O)[O-])cc2)NC)cc1,YNKWXURRTAXYIE-UHFFFAOYSA-N,train
3991,7585,AHKYADRRQAQSLQ-UHFFFAOYSA-N,CCN(C)C(=O)Oc1ccc2c(c1)C=CC(C)N(C)C2CCOc1ccc([N+](=O)[O-])cc1,GYTKOSKWYAYEPO-UHFFFAOYSA-N,train
3992,7586,SZNDVDHYJXHIKM-UHFFFAOYSA-N,C#CCOc1ccc(-c2cc(-c3ccc(OCCN4CCOCC4)cc3)nc(N)n2)cc1,SGIRALQRNVQBBG-UHFFFAOYSA-N,train
3993,7587,KQDHFACJRWAFSW-UHFFFAOYSA-N,Cc1c(C)c2c(c(C)c1O)CCC(C)(C(=O)NCCC1CCN(Cc3ccccc3F)CC1)O2,RSYCIJFAJNBHEE-UHFFFAOYSA-N,test
3994,7591,GUZRNQYRVJZURX-OQXPWLBDSA-N,C/C=C1/CN2CCc3c([nH]c4ccccc34)[C@@H]2CC1/C(=C\C(=O)OC)OC,HJAAUEGOLKGVQB-HNNXBMFYSA-N,train
3995,7593,WFJDTYSQBHCNGC-LWZURRPWSA-N,CC1=C(CO[C@@H]2O[C@H](CO[C@@H]3O[C@H](CO)[C@@H](O)[C@H](O)[C@H]3O)[C@@H](O)[C@H](O)[C@H]2O)C(C)(C)CCC1,YWPGPDBCUWQOFS-OKZBNKHCSA-N,test
3996,7594,SIMPNXWTAVEOTO-RKQHYHRCSA-N,COc1cc(CO)ccc1O[C@@H]1O[C@H](CO)[C@@H](O)[C@H](O)[C@H]1O,SHRDVLUJLDYXSO-NSHDSACASA-N,test
3997,7595,ALYNPVYOZBYRJK-HXBYHMEXSA-N,COc1cc([C@@H](O)[C@H](CO[C@@H]2O[C@H](CO)[C@@H](O)[C@H](O)[C@H]2O)Oc2ccc(CCCO)cc2OC)ccc1O,QCWMDCDYHKUILA-UXHICEINSA-N,test
3998,7597,SNGVLDNQSXBDPZ-UHFFFAOYSA-N,COc1ccc2c(c1)[nH]c1c(C(C)=O)nccc12,AIFRHYZBTHREPW-UHFFFAOYSA-N,train
3999,7598,TXKCDCFEHZVGFL-UHFFFAOYSA-N,C#CCn1c2cc(OC)ccc2c2ccnc(C)c21,AIFRHYZBTHREPW-UHFFFAOYSA-N,train
4000,7600,OZJRXWDHWHJZMC-BEFAXECRSA-N,COc1ccc([C@@H]2N[C@@H](C(=O)O)Cc3c2n(C)c2ccccc32)cc1OC,INERHEQVAVQJBO-INIZCTEOSA-N,train
4001,7601,WXIJGUPZJIXTMQ-UHFFFAOYSA-N,COc1ccc2c3c([nH]c2c1N)C(C)NCC3,CFTOTSJVQRFXOF-UHFFFAOYSA-N,train
4002,7603,TZAAYQWHBGCWJN-UHFFFAOYSA-O,CCOC(=O)[n+]1ccc2c([nH]c3cc(OC)ccc32)c1C,AIFRHYZBTHREPW-UHFFFAOYSA-O,train
4003,7604,OHPSPRKKTRQQNU-UHFFFAOYSA-N,CC(C)n1c2ccccc2c2cc[n+](-c3ccccc3)cc21,BLYRLILMLCWJOU-UHFFFAOYSA-O,train
4004,7605,ZWUSTXCHVYMQTF-UHFFFAOYSA-N,Cc1ccc2c(c1)c1cc[n+](-c3ccccc3)cc1n2C,BLYRLILMLCWJOU-UHFFFAOYSA-O,train
4005,7606,TYLORRYICLSBDT-UHFFFAOYSA-N,Cc1ccc(-[n+]2ccc3c4ccccc4n(C)c3c2)cc1,BLYRLILMLCWJOU-UHFFFAOYSA-O,train
4006,7607,PFXJDWFVKKAJGD-UHFFFAOYSA-N,Cn1c2ccccc2c2cc[n+](-c3ccc(I)cc3)cc21,BLYRLILMLCWJOU-UHFFFAOYSA-O,train
4007,7608,AYDVADIGEZQAHF-UHFFFAOYSA-N,Cn1c2ccccc2c2cc[n+](-c3ccc(Cl)cc3)cc21,BLYRLILMLCWJOU-UHFFFAOYSA-O,train
4008,7609,MFVMDTXSADLNMJ-UHFFFAOYSA-N,Cn1c2ccccc2c2cc[n+](-c3ccc(Br)cc3)cc21,BLYRLILMLCWJOU-UHFFFAOYSA-O,train
4009,7614,NMBBYUYGEOQGLX-UHFFFAOYSA-N,COc1ccc(-[n+]2ccc3c4ccccc4n(C)c3c2)cc1,BLYRLILMLCWJOU-UHFFFAOYSA-O,train
4010,7617,KVANOXIAOYTXBY-VWERDZHISA-N,O=C1C2Cc3c([nH]c4ccccc34)[C@@H](c3ccc4c(c3)OCO4)N2C(=O)CN1CCC1CCN(Cc2ccccc2)CC1,KVANOXIAOYTXBY-VWERDZHISA-N,test
4011,7618,KVANOXIAOYTXBY-ZBWWXOROSA-N,O=C1[C@@H]2Cc3c([nH]c4ccccc34)[C@@H](c3ccc4c(c3)OCO4)N2C(=O)CN1CCC1CCN(Cc2ccccc2)CC1,KVANOXIAOYTXBY-ZBWWXOROSA-N,test
4012,7619,NGKJYYMHPLWVQZ-AFPLUKJUSA-N,COc1ccc([C@@H]2c3[nH]c4ccccc4c3C[C@H]3C(=O)N(CCC4CCN(Cc5ccccc5)CC4)CC(=O)N23)cc1,CDCUJCXPBYIZLI-BZKUTMRRSA-N,train
4013,7620,NGKJYYMHPLWVQZ-QIKUIUABSA-N,COc1ccc([C@@H]2c3[nH]c4ccccc4c3C[C@@H]3C(=O)N(CCC4CCN(Cc5ccccc5)CC4)CC(=O)N23)cc1,CDCUJCXPBYIZLI-LXANVCGNSA-N,train
4014,7622,XBLBEGLFURYCBO-UHFFFAOYSA-N,C[n+]1ccc2c3ccccc3n(CCCCCCCCCn3c4ccccc4c4cc[n+](C)cc43)c2c1,JJAATQLWMKLMJU-UHFFFAOYSA-P,train
4015,7623,AXSJTNLXZJWIFL-UHFFFAOYSA-N,C[n+]1ccc2c3ccccc3n(CCc3ccccc3)c2c1,MCPRSRMRWSYGJU-UHFFFAOYSA-O,test
4016,7624,FCMMSENDHUPIRC-UHFFFAOYSA-N,Cn1c2ccccc2c2cc[n+](-c3ccc(Br)cc3Br)cc21,BLYRLILMLCWJOU-UHFFFAOYSA-O,train
4017,7625,UDHBHTHWWOQPBW-UHFFFAOYSA-O,C[n+]1ccc2c(c1)[nH]c1ccccc12,AIFRHYZBTHREPW-UHFFFAOYSA-O,train
4018,7633,XZQUVTLVZJAMJU-UHFFFAOYSA-N,Cn1c2c(c3ccccc31)CC[N+](c1ccc(Br)cc1)=C2,QQPOIWRPDHPGOI-UHFFFAOYSA-O,train
4019,7634,GPJAPXFGINNPKO-UHFFFAOYSA-N,Cn1c2c(c3ccccc31)CC[N+](c1ccc(I)cc1)=C2,QQPOIWRPDHPGOI-UHFFFAOYSA-O,train
4020,7635,MFBLJEWYMXQAKA-UHFFFAOYSA-N,Cc1ccc([N+]2=Cc3c(c4ccccc4n3C)CC2)cc1,QQPOIWRPDHPGOI-UHFFFAOYSA-O,train
4021,7638,NKKITZOSLYEBJO-UHFFFAOYSA-N,CN1c2ccc(OCc3ccccc3)cc2C(=O)N2CCc3c([nH]c4ccccc34)C21,OAZTXGCSZTVLGF-UHFFFAOYSA-N,test
4022,7639,VJJLRVDUFIKWCM-LEKKXJIISA-O,C=C[C@H]1C[N+]2=C(C[C@@H]1/C(=C\OC)C(=O)OC)c1[nH]c3cccc(OC)c3c1CC2,WCJSIHHWFYNIQC-UHFFFAOYSA-O,test
4023,7640,XAYUCVICBPYPRE-RUPNCQHISA-N,C=C[C@H]1[C@@H](/C(=C/O)C(=O)OC)C[C@H]2c3[nH]c4ccccc4c3CCN2[C@H]1O[C@@H]1O[C@H](CO)[C@@H](O)[C@H](O)[C@H]1O,MHNIYXOAHVKAHP-FHWLQOOXSA-N,test
4024,7642,WYTGDNHDOZPMIW-VBNZEHGJSA-O,COC(=O)C1=CO[C@@H](C)[C@H]2C[n+]3ccc4c([nH]c5ccccc54)c3C[C@H]12,HTYXBZGNCHYWRS-QWHCGFSZSA-O,train
4025,7643,WYQIPCUPNMRAKP-UHFFFAOYSA-O,O=C1c2ccccc2-[n+]2ccc3c([nH]c4ccccc43)c21,WYQIPCUPNMRAKP-UHFFFAOYSA-O,test
4026,7644,TZGQRNCWGBGNCJ-UHFFFAOYSA-N,c1ccc2c(c1)CN1CCc3c([nH]c4ccccc34)C1=N2,TZGQRNCWGBGNCJ-UHFFFAOYSA-N,test
4027,7645,LWYDBOHLFCMJNH-UHFFFAOYSA-N,O=C(CCN1CCCC1)Nc1ccc2c(c1)CN1CCc3c([nH]c4ccccc34)C1=N2,LWYDBOHLFCMJNH-UHFFFAOYSA-N,test
4028,7646,WLAAJJZNAFKAMK-UHFFFAOYSA-N,O=C(CN1CCCCC1)Nc1ccc2nc3c4[nH]c5ccccc5c4ccn3c(=O)c2c1,WLAAJJZNAFKAMK-UHFFFAOYSA-N,test
4029,7647,WVGABZRHRYHCCO-XSFVSMFZSA-N,COc1cc2c(cc1OC)C(=O)/C(=C/c1ccc(OCCN3CCCCC3)cc1)C2,MROACZYPNSACCS-CAPFRKAQSA-N,test
4030,7648,OHBHEABPPWROKD-UHFFFAOYSA-N,COc1ccc2c(c1)c(C=O)cn2CCCCCCCN(C)Cc1cccc(O)c1,XRFAUWJPLYPREY-UHFFFAOYSA-N,train
4031,7649,OIIHAUYKICHNQI-UHFFFAOYSA-N,COc1ccc2c(c1)c(C=O)cn2CCCCCCCCN(C)Cc1cccc(O)c1,RHDMKEZBXPYVGT-UHFFFAOYSA-N,train
4032,7650,WWKQQRVQGOUIMX-UHFFFAOYSA-N,COc1ccc2c(c1)c(C=O)cn2CCCCCCCCCN(C)Cc1cccc(O)c1,DEGUCBACNWCFPX-UHFFFAOYSA-N,train
4033,7651,QAMABQFUDMLHGO-UHFFFAOYSA-N,COc1ccc2c(c1)c(C=O)cn2CCCCCCCCCCN(C)Cc1cccc(O)c1,QWDHZOFJHVXPEU-UHFFFAOYSA-N,train
4034,7653,QKXAMYHLNVXQGM-UHFFFAOYSA-N,COc1ccc2c(c1)c(C=O)cn2CCCCCCCN(C)Cc1ccc(O)cc1,XRFAUWJPLYPREY-UHFFFAOYSA-N,train
4035,7654,FMUARSILENPDKK-UHFFFAOYSA-N,COc1ccc2c(c1)c(C=O)cn2CCCCCCCCN(C)Cc1ccc(O)cc1,RHDMKEZBXPYVGT-UHFFFAOYSA-N,train
4036,7655,DZRJUXUROORQOH-UHFFFAOYSA-N,COc1ccc2c(c1)c(C=O)cn2CCCCCCCCCN(C)Cc1ccc(O)cc1,DEGUCBACNWCFPX-UHFFFAOYSA-N,train
4037,7656,VSDNNQHHKUMUKF-UHFFFAOYSA-N,COc1ccc2c(c1)c(C=O)cn2CCCCCCCCCCN(C)Cc1ccc(O)cc1,QWDHZOFJHVXPEU-UHFFFAOYSA-N,train
4038,7661,CJKAOSXSHTYWOT-UHFFFAOYSA-N,CCCCCCCCCCCC1=CC(=O)C=CC1=O,AZQWKYJCGOJGHM-UHFFFAOYSA-N,train
4039,7666,REFJWTPEDVJJIY-UHFFFAOYSA-N,O=c1c(O)c(-c2ccc(O)c(O)c2)oc2cc(O)cc(O)c12,VHBFFQKBGNRLFZ-UHFFFAOYSA-N,train
4040,7667,YHQUYJYCQFUYJC-UHFFFAOYSA-N,CC(C)=CCCC1(C)C=Cc2c(ccc3cc(-c4cc(O)cc(O)c4CC=C(C)C)oc23)O1,CEJSCHVZPLJXOS-UHFFFAOYSA-N,train
4041,7670,UFCLZKMFXSILNL-PSEXTPKNSA-N,O=C(/C=C/c1ccc(O)c(O)c1)O[C@@H]1[C@H](O)C[C@@](O)(C(=O)O)C[C@H]1OC(=O)/C=C/c1ccc(O)c(O)c1,IXEXLDBKPOEUPH-JNQSZTNGSA-N,train
4042,7672,IHLSBQVBFDTNTC-UHFFFAOYSA-N,COc1cc(O)c2c(=O)cc(-c3ccccc3)oc2c1OC,VHBFFQKBGNRLFZ-UHFFFAOYSA-N,train
4043,7674,UQYNGSPDPASNLN-BLAIOOKWSA-N,Cc1cc2c(c(C)c1CCO[C@@H]1O[C@H](CO)[C@@H](O)[C@H](O)[C@H]1O)C(=O)[C@H](C)C2,PPPXDRHTRMAHDD-INIZCTEOSA-N,train
4044,7675,VKDMMOFAMUXTQZ-VLRRDGGXSA-N,Cc1cc2c(c(C)c1CCO[C@@H]1O[C@H](CO)[C@@H](O)[C@H](O)[C@H]1O)C(=O)[C@@H](C)[C@H]2O,PPPXDRHTRMAHDD-INIZCTEOSA-N,train
4045,7676,VKDMMOFAMUXTQZ-AKMQMZFLSA-N,Cc1cc2c(c(C)c1CCO[C@@H]1O[C@H](CO)[C@@H](O)[C@H](O)[C@H]1O)C(=O)[C@H](C)[C@H]2O,PPPXDRHTRMAHDD-INIZCTEOSA-N,train
4046,7679,MSDHYTBXPYASNM-UHFFFAOYSA-N,Oc1cc(O)cc(Oc2cc(O)c(O)c3c2Oc2c(O)cc(Oc4c(O)cc(Oc5c(O)cc(O)c6c5Oc5c(O)cc(O)cc5O6)cc4O)cc2O3)c1,IPZAJWSORPKWGS-UHFFFAOYSA-N,train
4047,7680,FHYNTHBAMAEFJB-UHFFFAOYSA-N,Oc1cc(O)cc(Oc2c(O)cc(O)c3c2Oc2c(cc(O)c(-c4c(O)cc5c(c4O)Oc4c(Oc6cc(O)cc(O)c6)c(O)cc(O)c4O5)c2O)O3)c1,KHXGOLJEPMMSDR-UHFFFAOYSA-N,train
4048,7682,MODXTBIKOSPADE-UHFFFAOYSA-N,COc1ccc(NCC2CCN(Cc3ccccc3)CC2)cc1,INWYPVOENBYPSU-UHFFFAOYSA-N,train
4049,7683,KUZVHUCPWIDIGV-UHFFFAOYSA-N,COc1ccccc1NCC1CCN(Cc2ccccc2)CC1,INWYPVOENBYPSU-UHFFFAOYSA-N,train
4050,7684,HWDZHFHEYVMTKZ-UHFFFAOYSA-N,COc1ccc(NCC2CCN(Cc3ccccc3)CC2)cc1OC,INWYPVOENBYPSU-UHFFFAOYSA-N,train
4051,7685,XDISZLBVVBRPIK-UHFFFAOYSA-N,COc1ccc(NC(=O)C2CCN(C(=O)c3ccccc3)CC2)cc1,ZJEMMILNQUDGAY-UHFFFAOYSA-N,train
4052,7686,XRTYGCKYPFSQNR-UHFFFAOYSA-N,COc1ccccc1NC(=O)C1CCN(C(=O)c2ccccc2)CC1,ZJEMMILNQUDGAY-UHFFFAOYSA-N,train
4053,7687,JEPNAQSFBMZOEC-UHFFFAOYSA-N,COc1ccc(NC(=O)C2CCN(C(=O)c3ccccc3)CC2)cc1OC,ZJEMMILNQUDGAY-UHFFFAOYSA-N,train
4054,7688,NEQISCFVRYUHIP-UHFFFAOYSA-N,CCC1=CC2Cc3nc4cc(Cl)ccc4c(NCCCN4CCC(CC5Cc6cc(OC)c(OC)cc6C5)CC4)c3C(C1)C2,RGQVLYRBIUCEMS-UHFFFAOYSA-N,train
4055,7690,PGEVOJWBZHSHAR-UHFFFAOYSA-N,CCC1=CC2Cc3nc4cc(Cl)ccc4c(NCCN4CCC(CC5Cc6cc(OC)c(OC)cc6C5)CC4)c3C(C1)C2,ZYNVCAFXAHFVII-UHFFFAOYSA-N,train
4056,7691,CAXDNLYPWQWWCX-UHFFFAOYSA-N,COc1cc2c(cc1OC)CC(CC1CCN(CCCNc3c4c(nc5cc(Cl)ccc35)CC3C=C(C)CC4C3)CC1)C2,RGQVLYRBIUCEMS-UHFFFAOYSA-N,train
4057,7693,YKLYCPQJLBMMOK-UHFFFAOYSA-N,COc1cc2c(cc1OC)CC(CC1CCN(CCNc3c4c(nc5cc(Cl)ccc35)CC3C=C(C)CC4C3)CC1)C2,ZYNVCAFXAHFVII-UHFFFAOYSA-N,train
4058,7699,UHILWSKZCOLDGP-UHFFFAOYSA-N,O=C1Cc2cc(N3C(=O)c4ccccc4C3=O)ccc2CN1C(=O)c1ccccc1,UHILWSKZCOLDGP-UHFFFAOYSA-N,train
4059,7700,ABXOSVSNRQUCLU-UHFFFAOYSA-N,Cc1cccc(C(=O)N2Cc3ccc(N4C(=O)c5ccccc5C4=O)cc3CC2=O)c1,UHILWSKZCOLDGP-UHFFFAOYSA-N,train
4060,7701,YXGNCQQSGCFRBR-UHFFFAOYSA-N,COc1ccccc1C(=O)N1Cc2ccc(N3C(=O)c4ccccc4C3=O)cc2CC1=O,UHILWSKZCOLDGP-UHFFFAOYSA-N,train
4061,7702,AFNVVBKBUOQYFZ-UHFFFAOYSA-N,COc1ccc(C(=O)N2Cc3ccc(N4C(=O)c5ccccc5C4=O)cc3CC2=O)cc1,UHILWSKZCOLDGP-UHFFFAOYSA-N,train
4062,7703,KIEWLGRGIVAZSL-BMRADRMJSA-N,C/C(=C\C1=CCN(C(=O)CCc2ccccc2)C(=O)C1)N1C(=O)c2ccccc2C1=O,KDZSNGMKOGBFFX-UHFFFAOYSA-N,train
4063,7704,JYQOQNLXJDCXHD-YCRREMRBSA-N,COc1cc(/C=C/c2nnc(-c3ccc(C(F)(F)F)cc3)o2)ccc1O,MIQDFIINRMWWAK-VAWYXSNFSA-N,train
4064,7706,QQKLBMIMHAJCJI-YCRREMRBSA-N,COc1cc(/C=C/c2nnc(-c3ccc(Cl)cc3)o2)ccc1O,MIQDFIINRMWWAK-VAWYXSNFSA-N,train
4065,7707,XIJPSDHGQSTMMS-XVNBXDOJSA-N,COc1cc(/C=C/c2nnc(-c3ccc(Cl)cc3Cl)o2)ccc1O,MIQDFIINRMWWAK-VAWYXSNFSA-N,train
4066,7708,NHZQTQJHVKGWNO-YCRREMRBSA-N,COc1cc(/C=C/c2nnc(-c3ccc(F)cc3)o2)ccc1O,MIQDFIINRMWWAK-VAWYXSNFSA-N,train
4067,7709,OAGDEHOMTUDPHF-XVNBXDOJSA-N,COc1cc(/C=C/c2nnc(-c3ccc(F)cc3F)o2)ccc1O,MIQDFIINRMWWAK-VAWYXSNFSA-N,train
4068,7710,QLCWXMQTECDEPJ-QPJJXVBHSA-N,COc1ccc(/C=C/C(=O)c2cc(I)c(Cl)cc2O)cc1,DQFBYFPFKXHELB-VAWYXSNFSA-N,train
4069,7711,SOPWLEVFHSWSKJ-ZZXKWVIFSA-N,O=C(/C=C/c1ccc(F)cc1)c1cc(I)c(Br)cc1O,DQFBYFPFKXHELB-VAWYXSNFSA-N,train
4070,7712,HEQJVGJFFZGZOW-QPJJXVBHSA-N,COc1cc(O)c(C(=O)/C=C/c2ccc(F)cc2)cc1I,DQFBYFPFKXHELB-VAWYXSNFSA-N,train
4071,7713,WZBZEXVUPQKLJA-VMPITWQZSA-N,COc1ccc(/C=C/C(=O)c2cc(I)c(OC)cc2O)cc1,DQFBYFPFKXHELB-VAWYXSNFSA-N,train
4072,7714,ZGOGMVHNWUBZGX-UHFFFAOYSA-N,O=c1c(O)c(-c2ccc(F)cc2)oc2cc(F)c(I)cc12,VHBFFQKBGNRLFZ-UHFFFAOYSA-N,train
4073,7715,SCFYJLFSWICSOK-UHFFFAOYSA-N,O=c1c(O)c(-c2ccc(Cl)cc2)oc2cc(F)c(I)cc12,VHBFFQKBGNRLFZ-UHFFFAOYSA-N,train
4074,7716,AYKASAIWJOBKAM-UHFFFAOYSA-N,COc1ccc(-c2oc3cc(Br)c(I)cc3c(=O)c2O)cc1,VHBFFQKBGNRLFZ-UHFFFAOYSA-N,train
4075,7717,KZNYVZFDNAOGPE-UHFFFAOYSA-N,COc1ccc(-c2oc3cc(OC)c(I)cc3c(=O)c2O)cc1,VHBFFQKBGNRLFZ-UHFFFAOYSA-N,train
4076,7718,SKVONSLWYHHDMW-PNQUVVCRSA-N,O=c1c(/C=N/Nc2ccc(C(F)(F)F)cc2)coc2cc3oc(-c4cccc(F)c4)cc3cc12,DDKKGAJXXCAMEW-AFUMVMLFSA-N,train
4077,7720,JJXYJVCUHXNVFT-VVEOGCPPSA-N,COc1ccc(-c2cc3cc4c(=O)c(/C=N/Nc5ccc(C(F)(F)F)cc5)coc4cc3o2)cc1,DDKKGAJXXCAMEW-AFUMVMLFSA-N,train
4078,7723,DZXQKWIYTNJLDC-UHFFFAOYSA-N,O=c1ccoc2ccc(Oc3ccccc3)cc12,DZXQKWIYTNJLDC-UHFFFAOYSA-N,train
4079,7724,OLKYAFAQLVOQDG-UHFFFAOYSA-N,Cc1c(C)c2ccc(OCc3ccccc3)cc2oc1=O,QDLFCBKKECTJSK-UHFFFAOYSA-N,train
4080,7725,DZJTVJGTZQRCHE-UHFFFAOYSA-N,Cc1cc(=O)c2cc(Oc3ccccc3)ccc2o1,DZXQKWIYTNJLDC-UHFFFAOYSA-N,train
4081,7726,HPHRYPTWOLJCAG-UHFFFAOYSA-N,Cc1c(C)c2ccc(OCCc3ccccc3)cc2oc1=O,NNIPQCUULGCFDQ-UHFFFAOYSA-N,test
4082,7727,OGKOZFQYRRVLDS-UHFFFAOYSA-N,Cc1c(C)c2ccc(OCc3cc(F)cc(F)c3)cc2oc1=O,QDLFCBKKECTJSK-UHFFFAOYSA-N,train
4083,7728,LVUUTOUXLZZNQA-UHFFFAOYSA-N,Cc1c(C)c2ccc(OCc3ccc(Cl)cc3)cc2oc1=O,QDLFCBKKECTJSK-UHFFFAOYSA-N,train
4084,7729,OAIPPRYRUKGVPD-UHFFFAOYSA-N,Cc1c(C)c2ccc(OCc3ccc(F)c(F)c3)cc2oc1=O,QDLFCBKKECTJSK-UHFFFAOYSA-N,train
4085,7730,QHRPUOKUBRYYKI-UHFFFAOYSA-N,Cc1c(C)c2ccc(OCc3ccc(F)cc3)cc2oc1=O,QDLFCBKKECTJSK-UHFFFAOYSA-N,train
4086,7731,GXFXMBTYRNXLMV-UHFFFAOYSA-N,Cc1ccc(COc2ccc3c(C)c(C)c(=O)oc3c2)cc1,QDLFCBKKECTJSK-UHFFFAOYSA-N,train
4087,7733,XGJZBERLEOSMIT-UHFFFAOYSA-N,Cc1c(C)c2ccc(OCc3cccc(F)c3)cc2oc1=O,QDLFCBKKECTJSK-UHFFFAOYSA-N,train
4088,7734,WKMBYPRUDNQPPA-UHFFFAOYSA-N,Cc1c(C)c2ccc(OCc3cccc(N)c3)cc2oc1=O,QDLFCBKKECTJSK-UHFFFAOYSA-N,train
4089,7735,LRYCEYYGXGCVJT-UHFFFAOYSA-N,COc1cccc(COc2ccc3c(C)c(C)c(=O)oc3c2)c1,QDLFCBKKECTJSK-UHFFFAOYSA-N,train
4090,7736,GLRZWGPLUSPXHR-UHFFFAOYSA-N,Cc1c(C)c2ccc(OCc3cccc(O)c3)cc2oc1=O,QDLFCBKKECTJSK-UHFFFAOYSA-N,train
4091,7737,SZKGSGOFYXVKOX-UHFFFAOYSA-N,Cc1ccccc1COc1ccc2c(C)c(C)c(=O)oc2c1,QDLFCBKKECTJSK-UHFFFAOYSA-N,train
4092,7738,XZZUNARGJTUDCF-UHFFFAOYSA-N,Cc1cccc(COc2ccc3c(C)c(C)c(=O)oc3c2)c1,QDLFCBKKECTJSK-UHFFFAOYSA-N,train
4093,7739,RIKQUJZHAZWONQ-UHFFFAOYSA-N,Cc1ccc(-c2noc(-c3cccc(OCC4CCN(Cc5ccccc5)CC4)c3)n2)cn1,FBAAZIXWQQGYFU-UHFFFAOYSA-N,train
4094,7740,OIQWPSGFYFVEPC-UHFFFAOYSA-N,Cc1ccc(-c2noc(-c3cccc(OCC4CCN(Cc5ccc(F)cc5)CC4)c3)n2)cn1,FBAAZIXWQQGYFU-UHFFFAOYSA-N,train
4095,7741,DSACCWNHUDYWJF-UHFFFAOYSA-N,Cc1ccc(-c2noc(-c3cccc(OCC4CCN(Cc5ccccc5F)CC4)c3)n2)cn1,FBAAZIXWQQGYFU-UHFFFAOYSA-N,train
4096,7742,RRSJHXGJAMBCDJ-UHFFFAOYSA-N,Cc1ccc(-c2noc(-c3cccc(OCC4CCN(Cc5cccc(F)c5)CC4)c3)n2)cn1,FBAAZIXWQQGYFU-UHFFFAOYSA-N,train
4097,7743,DOTWPYOPUGDXID-UHFFFAOYSA-N,Cc1ccc(-c2noc(-c3cccc(OCC4CCN(Cc5ccccc5Cl)CC4)c3)n2)cn1,FBAAZIXWQQGYFU-UHFFFAOYSA-N,train
4098,7748,LXRBPWHQMGKMRT-GOSISDBHSA-N,CC(C)C[C@@H](NC(=O)C1(C(F)(F)F)CCCCC1)C(=O)Nc1nnc(Cc2ccc(C#N)cc2)s1,UKCJVDQKFPALJF-UHFFFAOYSA-N,test
4099,7750,QGTBKSTUWGAYSX-UHFFFAOYSA-N,CCN(CC)C(=O)Oc1ccc(-c2cc(=O)c3c(O)c(O)c(O)cc3o2)cc1,VHBFFQKBGNRLFZ-UHFFFAOYSA-N,train
4100,7752,PZLKJPRPEJQHPN-UHFFFAOYSA-N,COc1ccc(-c2cc(=O)c3ccc(OCCN4CCC(C)CC4)cc3o2)cc1,HUPDUDCVVDWTET-UHFFFAOYSA-N,train
4101,7753,GBQCLUQNACGFMJ-UHFFFAOYSA-N,COc1ccc(-c2cc(=O)c3ccc(OCCN4CCN(CCO)CC4)cc3o2)cc1,DBXSKMIIRVJQNR-UHFFFAOYSA-N,train
4102,7754,AXGABLVKANFJCV-UHFFFAOYSA-N,COc1ccc(-c2cc(=O)c3ccc(OCCN4CCOCC4)cc3o2)cc1,SWMZMBJRZBWPHB-UHFFFAOYSA-N,test
4103,7755,HDCMDGLXHFWWIA-UHFFFAOYSA-N,CCN(CC)CCOc1ccc2c(=O)cc(-c3ccc(OC)cc3)oc2c1,VHBFFQKBGNRLFZ-UHFFFAOYSA-N,train
4104,7756,IIVOUTDXRQRWCT-UHFFFAOYSA-N,COc1ccc(-c2cc(=O)c3ccc(OCCN4CCCC4)cc3o2)cc1,UJQBBIXNEJESPI-UHFFFAOYSA-N,test
4105,7757,MRGBLPQQHOOJIK-UHFFFAOYSA-N,CCC(=O)CNC(=O)Nc1nc2ccc(-c3oc4c(OC)c(O)c(O)c(OC)c4c(=O)c3O)cc2s1,ALRYRBBCEXMJGI-UHFFFAOYSA-N,train
4106,7758,RIGAZEFUPAYEBY-UHFFFAOYSA-N,CN(C)CCNC(=O)COc1cc(O)c2c(=O)c(-c3ccc(O)cc3)coc2c1,GOMNOOKGLZYEJT-UHFFFAOYSA-N,train
4107,7759,QESLWZFHJYKHOG-UHFFFAOYSA-N,CCN(CC)CCCCOc1cc(O)c2c(=O)c(-c3ccc(O)cc3)coc2c1,GOMNOOKGLZYEJT-UHFFFAOYSA-N,train
4108,7760,ITHOQDYOXKNLHE-CAPFRKAQSA-N,COc1ccc(/C=C2\COc3cc(OCCCN4CCCCC4)ccc3C2=O)cc1,ZXAMHJQYPFXQDF-CAPFRKAQSA-N,test
4109,7762,BENIBYVETVNODM-GHTZIAJQSA-N,Cc1ccc(NCC[C@@H]2CCCN3CCCC[C@H]23)c2c(=O)c3ccccc3sc12,YYHRZDBSUJQRKI-FXAWDEMLSA-N,train
4110,7763,DALMBCBRULLIPO-GHTZIAJQSA-N,Cc1ccc(NCC[C@@H]2CCCN3CCCC[C@H]23)c2c(=O)c3ccccc3oc12,HDFNORIXMROTFT-FXAWDEMLSA-N,train
4111,7764,UKAHGKQMJOMGBT-UHFFFAOYSA-N,CNC(=O)Oc1cccc(CN(C)CCCCCCCOc2cccc(-c3cc(=O)c4ccccc4o3)c2)c1,ZEXKZNFDZZEDBE-UHFFFAOYSA-N,test
4112,7767,RJYMXTYQGHBQCH-UHFFFAOYSA-N,O=C1CC2CCc3ccsc3C2=NN1CCCCN1CCN(Cc2cccc3c2ccn3S(=O)(=O)c2ccccc2)CC1,RJYMXTYQGHBQCH-UHFFFAOYSA-N,test
4113,7768,BSRISIKVNVNLJD-UHFFFAOYSA-N,O=C1CC2CCCc3ccsc3C2=NN1CCCCN1CCN(Cc2ccccc2)CC1,BSRISIKVNVNLJD-UHFFFAOYSA-N,train
4114,7769,FMHFUABJEGMXDA-UHFFFAOYSA-N,O=C1CC2CCc3ccsc3C2=NN1Cc1ccc(CN2CCN(Cc3ccccc3)CC2)cc1,FMHFUABJEGMXDA-UHFFFAOYSA-N,train
4115,7770,BYPQEUFUCCZAJU-UHFFFAOYSA-N,O=C1CC2CCc3ccsc3C2=NN1CCCCN1CCCCC1,BYPQEUFUCCZAJU-UHFFFAOYSA-N,train
4116,7771,NYFCTSGIAUTTNF-UHFFFAOYSA-N,O=C1CC2Cc3ccsc3C2=NN1CCCCN1CCN(Cc2ccccc2)CC1,NYFCTSGIAUTTNF-UHFFFAOYSA-N,test
4117,7772,MNUPLPUTMVVFAK-UHFFFAOYSA-N,O=C1CC2CCc3ccsc3C2=NN1CCCCN1CCCC1,MNUPLPUTMVVFAK-UHFFFAOYSA-N,test
4118,7773,BNGICRROXYSOFL-UHFFFAOYSA-N,O=C1CC2CCc3ccsc3C2=NN1CCN1CCN(Cc2ccccc2)CC1,BNGICRROXYSOFL-UHFFFAOYSA-N,train
4119,7775,XARSRMXMKNOSHZ-UHFFFAOYSA-N,CCN(CC)CCCCN1N=C2c3sccc3CCC2CC1=O,SWAXJSBSRJXHAC-UHFFFAOYSA-N,train
4120,7776,OOHREKMRUITIOI-UHFFFAOYSA-N,CN(C)CCCCN1N=C2c3sccc3CCC2CC1=O,SWAXJSBSRJXHAC-UHFFFAOYSA-N,train
4121,7777,DXQPJYSXJVUZSK-UHFFFAOYSA-N,O=C1CC2CCc3ccsc3C2=NN1CCCCN1CCN(Cc2ccccc2)CC1,DXQPJYSXJVUZSK-UHFFFAOYSA-N,train
4122,7779,BUXAAHHFQFLYHV-UHFFFAOYSA-N,O=C1CC2CCc3ccsc3C2=NN1CCCCCN1CCN(Cc2cccc3c2ccn3S(=O)(=O)c2ccccc2)CC1,BUXAAHHFQFLYHV-UHFFFAOYSA-N,train
4123,7780,HKJPSKQLHUWRSF-UHFFFAOYSA-N,O=C1CC2CCc3ccsc3C2=NN1CCCCCCN1CCN(Cc2cccc3c2ccn3S(=O)(=O)c2ccccc2)CC1,HKJPSKQLHUWRSF-UHFFFAOYSA-N,train
4124,7781,ZSHWOZAWKHAWKL-UHFFFAOYSA-N,O=C1CC2CCc3ccsc3C2=NN1CCCCCCCN1CCN(Cc2cccc3c2ccn3S(=O)(=O)c2ccccc2)CC1,ZSHWOZAWKHAWKL-UHFFFAOYSA-N,test
4125,7782,NGSSPAPFVVRZPW-UHFFFAOYSA-N,O=C1CC2Cc3ccsc3C2=NN1CCCCN1CCN(Cc2cccc3c2ccn3S(=O)(=O)c2ccccc2)CC1,NGSSPAPFVVRZPW-UHFFFAOYSA-N,test
4126,7783,AVIFTUQCMKTSNJ-UHFFFAOYSA-N,O=C1CC2Cc3ccsc3C2=NN1CCCCCN1CCN(Cc2cccc3c2ccn3S(=O)(=O)c2ccccc2)CC1,AVIFTUQCMKTSNJ-UHFFFAOYSA-N,train
4127,7784,ATQZQZVXRCSALL-UHFFFAOYSA-N,O=C1CC2Cc3ccsc3C2=NN1CCCCCCN1CCN(Cc2cccc3c2ccn3S(=O)(=O)c2ccccc2)CC1,ATQZQZVXRCSALL-UHFFFAOYSA-N,train
4128,7785,UHZOUSUGNFTACG-UHFFFAOYSA-N,O=C1CC2Cc3ccsc3C2=NN1CCCCCCCN1CCN(Cc2cccc3c2ccn3S(=O)(=O)c2ccccc2)CC1,UHZOUSUGNFTACG-UHFFFAOYSA-N,test
4129,7786,KMKOTLZTNMZGJF-UHFFFAOYSA-N,O=C1CC2CCc3sccc3C2=NN1CCCCN1CCN(Cc2ccccc2)CC1,KMKOTLZTNMZGJF-UHFFFAOYSA-N,test
4130,7791,NDXDTKKYWMJWOB-UHFFFAOYSA-N,COc1cccc(C2CC(c3cc(F)ccc3F)=NN2c2ccc(S(N)(=O)=O)cc2)c1OC,FGCZQOHSWGMVPN-UHFFFAOYSA-N,train
4131,7792,XFWWVOBRRAOJSE-UHFFFAOYSA-N,COc1ccc(C2CC(c3cc(F)ccc3F)=NN2c2ccc(S(N)(=O)=O)cc2)c(OC)c1,FGCZQOHSWGMVPN-UHFFFAOYSA-N,train
4132,7793,LGHMDXIUHIJXQC-UHFFFAOYSA-N,COc1ccc(OC)c(C2CC(c3cc(F)ccc3F)=NN2c2ccc(S(N)(=O)=O)cc2)c1,FGCZQOHSWGMVPN-UHFFFAOYSA-N,train
4133,7794,IERDXPUHGSILLC-UHFFFAOYSA-N,COc1ccc(C2CC(c3cc(F)ccc3F)=NN2c2ccc(S(N)(=O)=O)cc2)cc1OC,FGCZQOHSWGMVPN-UHFFFAOYSA-N,train
4134,7795,MVUMPHQFSVJJDP-UHFFFAOYSA-N,COc1cccc(C2CC(c3cc(F)cc(F)c3)=NN2c2ccc(S(N)(=O)=O)cc2)c1OC,FGCZQOHSWGMVPN-UHFFFAOYSA-N,train
4135,7796,WCXZTJJFOZNHMQ-UHFFFAOYSA-N,COc1ccc(C2CC(c3cc(F)cc(F)c3)=NN2c2ccc(S(N)(=O)=O)cc2)c(OC)c1,FGCZQOHSWGMVPN-UHFFFAOYSA-N,train
4136,7797,VBKJNIHVGMJOBE-UHFFFAOYSA-N,COc1ccc(OC)c(C2CC(c3cc(F)cc(F)c3)=NN2c2ccc(S(N)(=O)=O)cc2)c1,FGCZQOHSWGMVPN-UHFFFAOYSA-N,train
4137,7798,QEXVTTMBUODJLO-UHFFFAOYSA-N,COc1ccc(C2CC(c3cc(F)cc(F)c3)=NN2c2ccc(S(N)(=O)=O)cc2)cc1OC,FGCZQOHSWGMVPN-UHFFFAOYSA-N,train
4138,7799,YXLWPRMAXINOTF-UHFFFAOYSA-N,Cc1ccc2cc(C3CC(c4sccc4Cl)=NN3)c(Cl)nc2c1,IPJHLISTNYEINS-UHFFFAOYSA-N,train
4139,7801,ICEPXSIJDOVNCF-UHFFFAOYSA-N,Cc1ccc2cc(C3CC(c4cc(Cl)sc4Cl)=NN3)c(Cl)nc2c1,IKXBHEWXARZDSL-UHFFFAOYSA-N,train
4140,7802,PIQISABDIQDKBY-DHZHZOJOSA-N,Cc1ccc(C(=O)/C=C/c2ccc(N3CCCCC3)cc2)s1,PEEHJHNPSOPBHE-DHZHZOJOSA-N,train
4141,7803,QFVGPABOTQMSSV-RMKNXTFCSA-N,O=C(/C=C/c1ccc(N2CCCCC2)cc1)c1sccc1Cl,PEEHJHNPSOPBHE-DHZHZOJOSA-N,train
4142,7804,FRBRZGLUFOZRGD-JVPBZIDWSA-N,CC(=O)Nc1c(F)cc(C(=O)N[C@H]2CC[C@H](O)CC2)cc1O[C@@H](C)c1ccccc1,GNEBPJLUBLDSCS-UHFFFAOYSA-N,train
4143,7808,HMRQNXQTMJUDBQ-UHFFFAOYSA-N,CON(C)C(=O)Oc1ccccc1C(=O)NCCc1c[nH]c2ccccc12,KTEDBFKQSUUOQJ-UHFFFAOYSA-N,test
4144,7809,BUHWDQLEICJGTP-UHFFFAOYSA-N,Cc1cc(=O)[nH]c2c1C(=O)C(NCCNc1c3c(nc4ccccc14)CCCC3)=CC2=O,IESCBRYMXHTAKI-UHFFFAOYSA-N,train
4145,7810,VUEZWIALQTZWIP-UHFFFAOYSA-N,Cc1cc(=O)[nH]c2c1C(=O)C(NCCCCNc1c3c(nc4ccccc14)CCCC3)=CC2=O,WLZZZKIRXUHSSI-UHFFFAOYSA-N,train
4146,7811,XNJHYFAIQOFIJJ-UHFFFAOYSA-N,Cc1cc(=O)[nH]c2c1C(=O)C(NCCNc1c3c(nc4cc(Cl)ccc14)CCCC3)=CC2=O,IESCBRYMXHTAKI-UHFFFAOYSA-N,train
4147,7812,FSAILKBVUYCXNV-UHFFFAOYSA-N,Cc1cc(=O)[nH]c2c1C(=O)C(NCCCNc1c3c(nc4cc(Cl)ccc14)CCCC3)=CC2=O,LXVCDZVNBBFHGI-UHFFFAOYSA-N,test
4148,7813,GKOUESSFMCKDBI-UHFFFAOYSA-N,Cc1cc(=O)[nH]c2c1C(=O)C(NCCCCNc1c3c(nc4cc(Cl)ccc14)CCCC3)=CC2=O,WLZZZKIRXUHSSI-UHFFFAOYSA-N,train
4149,7818,XAWFXAPFQYDPBV-QFIPXVFZSA-N,CCN(C)C(=O)Oc1ccc(-c2cc(=O)c3c(O)c(O)c(OC(=O)N[C@@H](Cc4ccccc4)C(=O)OC(C)(C)C)cc3o2)cc1,HAHTWEYOLHQDOM-UHFFFAOYSA-N,train
4150,7822,PUQVZTVXJSQDBH-UHFFFAOYSA-N,CN(CCC1CCCCCC1)Cc1c[nH]c2c(OC(=O)N(C)C)cccc12,BVKKIMOYVHNQMN-UHFFFAOYSA-N,train
4151,7823,ONFFSANHYPZSAW-UHFFFAOYSA-N,CCN(C)C(=O)Oc1cccc2c(CN(C)CCC3CCCCCC3)c[nH]c12,BVKKIMOYVHNQMN-UHFFFAOYSA-N,train
4152,7824,GTXNGJDFXPHWOA-UHFFFAOYSA-N,CC(C)N(C)C(=O)Oc1cccc2c(CN(C)CCC3CCCCCC3)c[nH]c12,BVKKIMOYVHNQMN-UHFFFAOYSA-N,train
4153,7826,GQWXRMJFBBWGBU-UHFFFAOYSA-N,CN(CCC1CCCCCC1)Cc1c[nH]c2c(OC(=O)N(C)Cc3ccccc3)cccc12,WVICGACWYTXOJC-UHFFFAOYSA-N,test
4154,7827,DSKDAAYTNXQGJV-UHFFFAOYSA-N,CCN(CC)C(=O)Oc1cccc2c(CN(C)CCC3CCCCCC3)c[nH]c12,BVKKIMOYVHNQMN-UHFFFAOYSA-N,train
4155,7828,OKXFQHMUKASRBY-UHFFFAOYSA-N,CC(C)N(C(=O)Oc1cccc2c(CN(C)CCC3CCCCCC3)c[nH]c12)C(C)C,BVKKIMOYVHNQMN-UHFFFAOYSA-N,train
4156,7829,WPZXTEAEXAJKLC-UHFFFAOYSA-N,CN(CCC1CCCCCC1)Cc1c[nH]c2c(OC(=O)N3CCCCC3)cccc12,QSGYQUZAEAUBMW-UHFFFAOYSA-N,test
4157,7830,WRQPYUZDNIDAKI-UHFFFAOYSA-N,CN(CCC1CCCCCC1)Cc1c[nH]c2c(OC(=O)N3CCOCC3)cccc12,PICDNVODQBODMG-UHFFFAOYSA-N,test
4158,7831,BTEJXTBVWONFFU-UHFFFAOYSA-N,C#CCN(C)C(=O)Oc1cccc2c(CN(C)CCC3CCCCCC3)c[nH]c12,BVKKIMOYVHNQMN-UHFFFAOYSA-N,train
4159,7832,DRGVFCJQZHOVEJ-UHFFFAOYSA-N,C#CCCCN(C)C(=O)Oc1cccc2c(CN(C)CCC3CCCCCC3)c[nH]c12,BVKKIMOYVHNQMN-UHFFFAOYSA-N,train
4160,7833,XVBCFWNSQCHPTI-UHFFFAOYSA-N,C#CCCCCCCCCCN(C)C(=O)Oc1cccc2c(CN(C)CCC3CCCCCC3)c[nH]c12,BVKKIMOYVHNQMN-UHFFFAOYSA-N,train
4161,7834,RYFYERZCXQBRAD-UHFFFAOYSA-N,C#CCN(CC)C(=O)Oc1cccc2c(CN(C)CCC3CCCCCC3)c[nH]c12,BVKKIMOYVHNQMN-UHFFFAOYSA-N,train
4162,7835,YMGWTTBRRFFMLN-UHFFFAOYSA-N,C#CCN(CC#C)C(=O)Oc1cccc2c(CN(C)CCC3CCCCCC3)c[nH]c12,BVKKIMOYVHNQMN-UHFFFAOYSA-N,train
4163,7836,GAIKGEKRGGHCMZ-UHFFFAOYSA-N,C#CCN(C(=O)Oc1cccc2c(CN(C)CCC3CCCCCC3)c[nH]c12)C(C)C,BVKKIMOYVHNQMN-UHFFFAOYSA-N,train
4164,7837,VGOWRMCVCDHGIZ-UHFFFAOYSA-N,CON(C)C(=O)Oc1cccc2c(CN(C)CCC3CCCCCC3)c[nH]c12,BVKKIMOYVHNQMN-UHFFFAOYSA-N,train
4165,7838,HHOQFQNZGOWBHS-UHFFFAOYSA-N,CN(CCC1CCCCCC1)Cc1c[nH]c2c(OC(=O)N(C)N(C)C)cccc12,BVKKIMOYVHNQMN-UHFFFAOYSA-N,train
4166,7839,YMWARYCMQGOOCM-UHFFFAOYSA-N,CN(CCC1CCCCCC1)Cc1c[nH]c2cc(OC(=O)N(C)C)ccc12,BVKKIMOYVHNQMN-UHFFFAOYSA-N,train
4167,7840,LAMQUJNDYPKKMT-UHFFFAOYSA-N,CC(C)N(C(=O)Oc1ccc2c(CN(C)CCC3CCCCCC3)c[nH]c2c1)C(C)C,BVKKIMOYVHNQMN-UHFFFAOYSA-N,train
4168,7841,VIMYNAVDKFZSJY-UHFFFAOYSA-N,C#CCN(C)C(=O)Oc1ccc2c(CN(C)CCC3CCCCCC3)c[nH]c2c1,BVKKIMOYVHNQMN-UHFFFAOYSA-N,train
4169,7842,RTSVPQGEMHVGDV-NZQKXSOJSA-N,Cc1ccc(NCCCSC[C@@H]2CCCN3CCCC[C@H]23)c2c(=O)c3ccccc3sc12,HZNMNQYADWOOOP-SIKLNZKXSA-N,train
4170,7843,DTVPCBIZJATWPE-LAUBAEHRSA-N,Cc1ccc(NCC[C@@H]2CCCN3CCCC[C@H]23)c2c(=O)c3cc(O)ccc3sc12,YYHRZDBSUJQRKI-FXAWDEMLSA-N,train
4171,7844,QDOARVWOVAHJIU-PGRDOPGGSA-N,COc1ccc2sc3c(C)ccc(NCC[C@@H]4CCCN5CCCC[C@H]45)c3c(=O)c2c1,YYHRZDBSUJQRKI-FXAWDEMLSA-N,train
4172,7845,ZPTZOXPYMMOGAB-OXJNMPFZSA-N,COc1ccc2sc3c([N+](=O)[O-])ccc(NCC[C@@H]4CCCN5CCCC[C@H]45)c3c(=O)c2c1,YYHRZDBSUJQRKI-FXAWDEMLSA-N,train
4173,7846,SDIALEIKIKXUSO-DYESRHJHSA-N,COc1ccc2sc3c([N+](=O)[O-])ccc(NCCC[C@@H]4CCCN5CCCC[C@H]45)c3c(=O)c2c1,MYKHEWPSSAYWKG-WIYYLYMNSA-N,test
4174,7847,CFBPNQLXDNLVNE-HRAATJIYSA-N,COc1ccc2sc3c(N)ccc(NCC[C@@H]4CCCN5CCCC[C@H]45)c3c(=O)c2c1,YYHRZDBSUJQRKI-FXAWDEMLSA-N,train
4175,7849,PLFDOJBDYAWUKJ-DENIHFKCSA-N,Cc1ccc(NCCC[C@@H]2CCCN3CCCC[C@H]23)c2c(=O)c3ccccc3oc12,MPBUSSAAMDECNY-WIYYLYMNSA-N,test
4176,7856,YHMQNOUAEWRSMB-UHFFFAOYSA-N,S=C(NCCCCNc1c2c(nc3ccccc13)CCCC2)Nc1c[nH]c2ccccc12,YHMQNOUAEWRSMB-UHFFFAOYSA-N,test
4177,7858,ICNPKYKIVQPEDC-UHFFFAOYSA-N,Clc1ccc2c(NCCCCCN3c4ccccc4Sc4ccccc43)c3c(nc2c1)CCCC3,RVIFLGXSBJINPW-UHFFFAOYSA-N,test
4178,7859,IILWHJNAPFMQIG-UHFFFAOYSA-N,COC(=O)c1cc(C(=O)c2ccc(OC)cc2)n2ccc(CCCc3cc[n+](C)cc3)cc12,OSEVWMNUMURESW-UHFFFAOYSA-O,test
4179,7860,QEVHRUUCFGRFIF-MDEJGZGSSA-N,COC(=O)[C@H]1[C@H]2C[C@@H]3c4[nH]c5cc(OC)ccc5c4CCN3C[C@H]2C[C@@H](OC(=O)c2cc(OC)c(OC)c(OC)c2)[C@@H]1OC,IMALDZVHQDNXNG-CMCWBKRRSA-N,train
4180,7861,JTJQWNKGAGILHA-UHFFFAOYSA-N,O=C(NCCCNc1c2c(nc3cc(Cl)ccc13)CCCC2)c1nc2ccc([N+](=O)[O-])cc2s1,HRYFGNDZFJDCOM-UHFFFAOYSA-N,train
4181,7862,AZQJBDNDDDGKPV-UHFFFAOYSA-N,Cc1ccc(S(=O)(=O)NCCCCCNc2c3c(nc4ccccc24)CCCC3)cc1,SYPPXUDWANGIJA-UHFFFAOYSA-N,test
4182,7863,FKBZPOPRHZPSRO-UHFFFAOYSA-N,FC(F)(F)c1ccc(-c2nnc(CNC3CCN(Cc4ccccc4)C3)o2)cc1,XTOHGLCGVPPIMS-UHFFFAOYSA-N,test
4183,7864,PCEFDTXXUQXRHF-UHFFFAOYSA-N,CCOC(=O)C1=C(C)N(CCC2CCN(Cc3ccccc3)CC2)C(=O)NC1c1coc2c(Cl)cc(Cl)cc2c1=O,JGJZSXALRKGPRE-UHFFFAOYSA-N,train
4184,7866,BARZEIXSJGIODB-UHFFFAOYSA-N,CCN(CCCCCOc1cc(O)c2c(c1)OC(c1ccc(O)cc1)CC2=O)Cc1ccccc1,BKCVYBKXHLCECF-UHFFFAOYSA-N,train
4185,7868,POPGUCONQNKJKN-UHFFFAOYSA-N,c1cc2[nH]c3nc(NCCCCCCN4CCCC4)nnc3c2cc1N1CCCCC1,POPGUCONQNKJKN-UHFFFAOYSA-N,test
4186,7869,MXESMWXWOKCZLG-UHFFFAOYSA-N,O=c1nc2sc3ccccc3n2c2ncccc12,MXESMWXWOKCZLG-UHFFFAOYSA-N,test
4187,7870,IKAVVQHSMHYMDJ-OHKUQIHYSA-N,COc1cc2c(cc1OC)-c1c(-c3ccc(Cl)cc3)c(/C=N/c3ccc(/N=C/c4cn5c(c4-c4ccc(Cl)cc4)-c4cc(OC)c(OC)cc4CC5)cc3)cn1CC2,IOMWIGQKJJJFHJ-XHVGDULWSA-N,train
4188,7877,SKPVSXMCZMZIKN-UHFFFAOYSA-N,CCN(CC)C(=O)c1ccc2c(c1)nc(Cc1ccc(OC(=O)N(C)C)cc1)n2CCC(C)C,YTLQFZVCLXFFRK-UHFFFAOYSA-N,train
4189,7881,YEDMNOZIAFUYSZ-UHFFFAOYSA-N,CCN(CC)C(=O)c1ccc2c(c1)nc(Cc1ccc(OC(=O)NCc3ccccc3)cc1)n2CCC(C)C,HKGPUPDKEUBKQY-UHFFFAOYSA-N,train
4190,7882,JIVUGVGICZGKIU-UHFFFAOYSA-N,CCN(CC)C(=O)c1ccc2c(c1)nc(Cc1ccc(OC(=O)N(C)c3ccccc3)cc1)n2CCC(C)C,KCUPGLSWPZVOAR-UHFFFAOYSA-N,train
4191,7883,HQVRKEQGOOXDCP-UHFFFAOYSA-N,CCN(CC)C(=O)c1ccc2c(c1)nc(Cc1ccc(OC(=O)N(C)Cc3ccccc3)cc1)n2CCC(C)C,HKGPUPDKEUBKQY-UHFFFAOYSA-N,train
4192,7908,LZKBTCQYBSXKFD-UHFFFAOYSA-N,CCN(CC)C(=O)c1ccc2c(c1)nc(Cc1ccccc1)n2CCC(C)C,YTLQFZVCLXFFRK-UHFFFAOYSA-N,train
4193,7909,SHGLJXBLXNNCTE-UHFFFAOYSA-N,O=c1cc(-c2ccc(O)cc2)oc2ccccc12,VHBFFQKBGNRLFZ-UHFFFAOYSA-N,train
4194,7910,HJPAZMJTDPKOLV-UHFFFAOYSA-N,O=c1cc(-c2ccc(O)cc2)oc2cccc(OCc3ccccc3)c12,DBQKSAHSXVRXEM-UHFFFAOYSA-N,train
4195,7911,JVSYOGDIPVRFMX-CMDGGOBGSA-N,COC(=O)/C=C/C(=O)Nc1cccc(OCCSC(=S)N2CCCCC2)c1,VKJZYEPEKJWSTQ-UHFFFAOYSA-N,test
4196,7912,STOAYYCAXYRSJU-MDZDMXLPSA-N,COC(=O)/C=C/C(=O)Nc1cccc(OCCCSC(=S)N2CCCCC2)c1,LORLQYHGPSTDNK-UHFFFAOYSA-N,test
4197,7913,CQPIZDJANRHFKG-ZHACJKMWSA-N,COC(=O)/C=C/C(=O)Nc1cccc(OCCCCSC(=S)N2CCCCC2)c1,NBWIXESVYJNPLA-UHFFFAOYSA-N,train
4198,7914,NUNYQVNSVRDGSF-VAWYXSNFSA-N,COC(=O)/C=C/C(=O)Nc1cccc(OCCCCSC(=S)N2CCCCC2C)c1,NBWIXESVYJNPLA-UHFFFAOYSA-N,train
4199,7915,NFKGOOFQVFDLFN-MDZDMXLPSA-N,COC(=O)/C=C/C(=O)Nc1cccc(OCCCCSC(=S)N2CCCC2)c1,CWSYGAVOGHHPRG-UHFFFAOYSA-N,train
4200,7916,LVKPJLCFXSUYOI-OUKQBFOZSA-N,COC(=O)/C=C/C(=O)Nc1ccc(OCCCCSC(=S)N2CCCCC2C)cc1,NBWIXESVYJNPLA-UHFFFAOYSA-N,train
4201,7920,COWSYZPNNFGXOD-UHFFFAOYSA-N,CC[N+](CC)(CCCCCn1c(C)cc(=O)n(CCCCC[N+](CC)(CC)Cc2ccccc2)c1=O)Cc1ccccc1,FVSZSXKCFKSTNT-UHFFFAOYSA-P,train
4202,7921,XUPZXSZNIKCMMD-UHFFFAOYSA-N,CC[N+](CC)(CCCCCn1c(=O)cc(C)n(CCCn2c(C)cc(=O)n(C)c2=O)c1=O)Cc1ccccc1[N+](=O)[O-],IVMJFBQNFVMHFG-UHFFFAOYSA-O,train
4203,7922,YCQCPYFOKZXUGC-UHFFFAOYSA-N,CC[N+](CC)(CCCCCn1c(=O)cc(C)n(CCCCn2c(C)cc(=O)n(C)c2=O)c1=O)Cc1ccccc1[N+](=O)[O-],QLVMBBYTMJJCGL-UHFFFAOYSA-O,train
4204,7923,AAUBXOLWHARFEP-UHFFFAOYSA-N,CC[N+](CC)(CCCCCn1c(=O)cc(C)n(CCCCCn2c(C)cc(=O)n(C)c2=O)c1=O)Cc1ccccc1[N+](=O)[O-],BSXSSABLTDVJDT-UHFFFAOYSA-O,train
4205,7924,KNRMIKZZOJGSJX-UHFFFAOYSA-N,CC[N+](CC)(CCCCCn1c(=O)cc(C)n(CCCCCCn2c(C)cc(=O)n(C)c2=O)c1=O)Cc1ccccc1[N+](=O)[O-],USJIDDWMHJWKRB-UHFFFAOYSA-O,train
4206,7925,GZNVWPUZAABVSS-UHFFFAOYSA-N,CC[N+](CC)(CCCCCn1c(=O)cc(C)n(CCCn2c(C)cc(=O)n(C)c2=O)c1=O)Cc1ccccc1C(F)(F)F,IVMJFBQNFVMHFG-UHFFFAOYSA-O,train
4207,7926,QETYDHWZWMJMKU-UHFFFAOYSA-N,CC[N+](CC)(CCCCCn1c(=O)cc(C)n(CCCCn2c(C)cc(=O)n(C)c2=O)c1=O)Cc1ccccc1C(F)(F)F,QLVMBBYTMJJCGL-UHFFFAOYSA-O,train
4208,7927,HUBRSVWWLJIQNA-UHFFFAOYSA-N,CC[N+](CC)(CCCCCn1c(=O)cc(C)n(CCCCCn2c(C)cc(=O)n(C)c2=O)c1=O)Cc1ccccc1C(F)(F)F,BSXSSABLTDVJDT-UHFFFAOYSA-O,train
4209,7928,RDSIJVSRSNHGQF-UHFFFAOYSA-N,CC[N+](CC)(CCCCCn1c(=O)cc(C)n(CCCCCCn2c(C)cc(=O)n(C)c2=O)c1=O)Cc1ccccc1C(F)(F)F,USJIDDWMHJWKRB-UHFFFAOYSA-O,train
4210,7930,BBNQQADTFFCFGB-UHFFFAOYSA-N,O=C1c2ccccc2C(=O)c2c(O)c(O)cc(O)c21,RZVHIXYEVGDQDX-UHFFFAOYSA-N,test
4211,7941,SQZUTUIJWZXJAX-UHFFFAOYSA-N,CC(=O)n1c2c(c3ccccc31)Oc1nc(C)[nH]c(=O)c1C2c1ccccc1,RVNVFDXQOFFQES-UHFFFAOYSA-N,test
4212,7944,BPSDIQLSSVWJQS-UHFFFAOYSA-N,O=C1Cc2cc(OCc3ccc(F)cc3)ccc2C=C1C(=O)NCCc1c[nH]c2ccccc12,DEOJEYMDLUNGLO-UHFFFAOYSA-N,train
4213,7945,BYSNJAOABDTNBL-UHFFFAOYSA-N,O=C(Nc1cccc(-c2cc(-c3ccc(Cl)cc3)n[nH]2)c1)c1ccccc1,NVKSGCKLTHACJP-UHFFFAOYSA-N,test
4214,7947,YCVKLCITAUMFGJ-UHFFFAOYSA-N,CCOP(=O)(OCC)C(NCc1cccs1)c1cn(-c2ccccc2)nc1-c1ccc(Cl)cc1,FCZMQSCKAWGXJI-UHFFFAOYSA-N,train
4215,7948,AJZPRGAIPAIFGA-UHFFFAOYSA-N,O=C1Nc2ccccc2C12NNC(Nc1cccc(Cl)c1)=C2[N+](=O)[O-],PFDJQURLASUNSB-UHFFFAOYSA-N,test
4216,8016,KXTAITOAHXONFJ-UHFFFAOYSA-N,CCOP(=O)(OCC)C(Nc1cccc(O)c1)c1ccc(OCc2nc3ccccc3c(=O)n2-c2ccc(F)cc2)c(OC)c1,YCDNLBMUZPUINA-UHFFFAOYSA-N,train
4217,8017,XORPGTGNAJHWCZ-UHFFFAOYSA-N,CCOP(=O)(OCC)C(Nc1ccccc1C#N)c1ccc(OCc2nc3ccccc3c(=O)n2-c2ccc(F)cc2)c(OC)c1,YCDNLBMUZPUINA-UHFFFAOYSA-N,train
4218,8018,KXDQPAPDYNGFQI-UHFFFAOYSA-N,CCOP(=O)(OCC)C(Nc1ccccc1C(F)(F)F)c1ccc(OCc2nc3ccccc3c(=O)n2-c2ccc(F)cc2)c(OC)c1,YCDNLBMUZPUINA-UHFFFAOYSA-N,train
4219,8019,PNMOBYJSLJRIMZ-UHFFFAOYSA-N,CCOP(=O)(OCC)C(Nc1ccccc1C)c1ccc(OCc2nc3ccccc3c(=O)n2-c2ccc(F)cc2)c(OC)c1,YCDNLBMUZPUINA-UHFFFAOYSA-N,train
4220,8020,ZWUZQGWZVAEYAO-UHFFFAOYSA-N,CCOP(=O)(OCC)C(Nc1ccccc1OC)c1ccc(OCc2nc3ccccc3c(=O)n2-c2ccc(F)cc2)c(OC)c1,YCDNLBMUZPUINA-UHFFFAOYSA-N,train
4221,8021,IGFAIZMGHCSJKW-UHFFFAOYSA-N,CCOP(=O)(OCC)C(Nc1ccc([N+](=O)[O-])cc1)c1ccc(OCc2nc3ccccc3c(=O)n2-c2ccc(F)cc2)c(OC)c1,YCDNLBMUZPUINA-UHFFFAOYSA-N,train
4222,8022,SYAFXJONAPKFCV-UHFFFAOYSA-N,CCOP(=O)(OCC)C(Nc1ccc(C(=O)O)cc1)c1ccc(OCc2nc3ccccc3c(=O)n2-c2ccc(F)cc2)c(OC)c1,YCDNLBMUZPUINA-UHFFFAOYSA-N,train
4223,8023,DDQJAXGJMXUMJC-UHFFFAOYSA-N,CCOP(=O)(OCC)C(Nc1ccccc1C(C)=O)c1ccc(OCc2nc3ccccc3c(=O)n2-c2ccc(F)cc2)c(OC)c1,YCDNLBMUZPUINA-UHFFFAOYSA-N,train
4224,8024,CYDBJLDDUKNJJI-UHFFFAOYSA-N,CCOP(=O)(OCC)C(Nc1cc(C)ccc1C)c1ccc(OCc2nc3ccccc3c(=O)n2-c2ccc(F)cc2)c(OC)c1,YCDNLBMUZPUINA-UHFFFAOYSA-N,train
4225,8025,GOMKMYSERUHMOO-UHFFFAOYSA-N,CCOP(=O)(OCC)C(Nc1c(C)cccc1C)c1ccc(OCc2nc3ccccc3c(=O)n2-c2ccc(F)cc2)c(OC)c1,YCDNLBMUZPUINA-UHFFFAOYSA-N,train
4226,8026,ZNTRQSRSBVJTIH-UHFFFAOYSA-N,CCOP(=O)(OCC)C(Nc1cccc(Cl)c1Cl)c1ccc(OCc2nc3ccccc3c(=O)n2-c2ccc(F)cc2)c(OC)c1,YCDNLBMUZPUINA-UHFFFAOYSA-N,train
4227,8027,ZVCIGFZJQSFSGN-UHFFFAOYSA-N,CCOP(=O)(OCC)C(Nc1nncs1)c1ccc(OCc2nc3ccccc3c(=O)n2-c2ccc(F)cc2)c(OC)c1,VIWFBBHZWUZKIE-UHFFFAOYSA-N,test
4228,8029,WEQSWNWRNIQWLG-BQYQJAHWSA-N,Cc1cc(C)c(C(=O)/C=C/c2nc(C)c(C)nc2C)cc1C,KFJULHIJZGIJHV-VOTSOKGWSA-N,train
4229,8030,MIPKSQSAVXXZEF-UHFFFAOYSA-N,COc1cccc(C(c2ccc(F)cc2)N2CCN(c3cnccn3)CC2)c1O,VNYYZZUTCYXDEN-UHFFFAOYSA-N,train
4230,8031,HMFJSRNCWMTEHF-UHFFFAOYSA-N,Cc1ccc(C(c2ccccc2O)N2CCN(c3cnccn3)CC2)cc1,VNYYZZUTCYXDEN-UHFFFAOYSA-N,train
4231,8047,JIQPKOHKBQJXKT-UHFFFAOYSA-N,CN(C)CCCN1C(=O)CSC1c1cccc(F)c1F,ZMOOFKQWPDBUEM-UHFFFAOYSA-N,train
4232,8048,ULNFTCVMWDRSGR-UHFFFAOYSA-N,CN(C)CCCN1C(=O)CSC1c1cccc(Cl)c1Cl,ZMOOFKQWPDBUEM-UHFFFAOYSA-N,train
4233,8063,TWHZNAUBXFZMCA-UHFFFAOYSA-N,COc1cc(O)c(C(=O)Nc2nc(C(=O)NCCN(C(C)C)C(C)C)cs2)cc1OC,SCQBDADQAVXTMZ-UHFFFAOYSA-N,test
4234,8122,ZRLYUFOWFPPSTD-QPJJXVBHSA-N,COc1cc(/C=C/C(=O)NCCc2ccc(O)c(O)c2)ccc1O,BOSUEWCVNFFBGV-VAWYXSNFSA-N,train
4235,8127,OYUAMDGBOAEJOY-UHFFFAOYSA-N,CN1CCN(c2ccc(C(=O)Nc3cc(-c4nc5ccccc5[nH]4)n[nH]3)cc2)CC1,XIXBDRAYBSRWGU-UHFFFAOYSA-N,test
4236,8132,MIQCVLJKJIPCSE-UHFFFAOYSA-N,O=C(Cn1nc(-c2ccccc2)c(-c2ccccc2)nc1=O)Nc1ccc([N+](=O)[O-])cc1,RRFFUSGBGWODEN-UHFFFAOYSA-N,train
4237,8133,IHWPUDTUIZEHDW-UHFFFAOYSA-N,O=C(Cn1nc(-c2ccccc2)c(-c2ccccc2)nc1=O)Nc1ccc([N+](=O)[O-])cc1Cl,RRFFUSGBGWODEN-UHFFFAOYSA-N,train
4238,8134,WHWPNVHLZGFSQQ-UHFFFAOYSA-N,O=C(Cn1nc(-c2ccccc2)c(-c2ccccc2)nc1=O)Nc1cc(Br)cc(Br)c1,RRFFUSGBGWODEN-UHFFFAOYSA-N,train
4239,8135,FMOPXBFESXXIBU-UHFFFAOYSA-N,N#Cc1ccccc1NC(=O)Cn1nc(-c2ccccc2)c(-c2ccccc2)nc1=O,RRFFUSGBGWODEN-UHFFFAOYSA-N,train
4240,8136,CSKNRMPMCKDQJQ-UHFFFAOYSA-N,O=C(Cn1nc(-c2ccccc2)c(-c2ccccc2)nc1=O)Nc1ccc(Cl)cc1,RRFFUSGBGWODEN-UHFFFAOYSA-N,train
4241,8137,ARHCNTIVEXPAPD-UHFFFAOYSA-N,O=C(Cn1nc(-c2ccccc2)c(-c2ccccc2)nc1=O)Nc1ccc(Br)cc1,RRFFUSGBGWODEN-UHFFFAOYSA-N,train
4242,8138,RHVMTCMWMCPGJY-UHFFFAOYSA-N,O=C(Cn1nc(-c2ccccc2)c(-c2ccccc2)nc1=O)Nc1cccc(Cl)c1,RRFFUSGBGWODEN-UHFFFAOYSA-N,train
4243,8139,SDIIOKMAQAQRQY-UHFFFAOYSA-N,O=C(Cn1nc(-c2ccccc2)c(-c2ccccc2)nc1=O)Nc1ccc(F)cc1,RRFFUSGBGWODEN-UHFFFAOYSA-N,train
4244,8140,HDTBYABTJXGAHX-UHFFFAOYSA-N,O=C(Cn1nc(-c2ccccc2)c(-c2ccccc2)nc1=O)Nc1ccc(O)cc1,RRFFUSGBGWODEN-UHFFFAOYSA-N,train
4245,8141,BGEZQVUFQPULDF-UHFFFAOYSA-N,O=C(Cn1nc(-c2ccccc2)c(-c2ccccc2)nc1=O)Nc1ccccc1O,RRFFUSGBGWODEN-UHFFFAOYSA-N,train
4246,8142,BNCIMGUXYMBATA-UHFFFAOYSA-N,COc1cc(NC(=O)Cn2nc(-c3ccccc3)c(-c3ccccc3)nc2=O)cc(OC)c1OC,RRFFUSGBGWODEN-UHFFFAOYSA-N,train
4247,8143,CWGFQVMBODQAPR-UHFFFAOYSA-N,COc1cc(NC(=O)Cn2nc(-c3ccccc3)c(-c3ccccc3)nc2=O)cc(OC)c1,RRFFUSGBGWODEN-UHFFFAOYSA-N,train
4248,8144,QYRDAWYSLVTERM-UHFFFAOYSA-N,O=C(Cn1nc(-c2ccccc2)c(-c2ccccc2)nc1=O)Nc1cccc([N+](=O)[O-])c1,RRFFUSGBGWODEN-UHFFFAOYSA-N,train
4249,8145,WAZZXYZCYJVTAO-UHFFFAOYSA-N,O=C(Cn1nc(-c2ccccc2)c(-c2ccccc2)nc1=O)Nc1ccccc1Cl,RRFFUSGBGWODEN-UHFFFAOYSA-N,train
4250,8146,JZAMLGLUTJCGOD-UHFFFAOYSA-N,O=C(Cn1nc(-c2ccccc2)c(-c2ccccc2)nc1=O)Nc1ccccc1[N+](=O)[O-],RRFFUSGBGWODEN-UHFFFAOYSA-N,train
4251,8147,LEZLPUSBDAMTMG-UHFFFAOYSA-N,N#Cc1cccc(NC(=O)Cn2nc(-c3ccccc3)c(-c3ccccc3)nc2=O)c1,RRFFUSGBGWODEN-UHFFFAOYSA-N,train
4252,8148,IRSAAMPSUYITFF-UHFFFAOYSA-N,Cc1ccccc1NC(=O)Cn1nc(-c2ccccc2)c(-c2ccccc2)nc1=O,RRFFUSGBGWODEN-UHFFFAOYSA-N,train
4253,8149,WNNYXKZYAUWGQX-UHFFFAOYSA-N,O=C(Cn1nc(-c2ccccc2)c(-c2ccccc2)nc1=O)Nc1ccc(F)cc1F,RRFFUSGBGWODEN-UHFFFAOYSA-N,train
4254,8151,QDLXIIMACLSCFH-UHFFFAOYSA-N,COc1cc2ncnc(N3CCN(C(c4ccccc4)c4ccccc4)CC3)c2cc1OC,SJNZMXPJQGTFGM-UHFFFAOYSA-N,test
4255,8152,XWPIESWYFSAYJL-UHFFFAOYSA-N,COc1cc2ncnc(N3CCN(Cc4ccccc4)CC3)c2cc1OC,GWKUFDSPVUIGEP-UHFFFAOYSA-N,train
4256,8153,KYOHNWYBLFAJGG-UHFFFAOYSA-N,COc1cc2ncnc(N3CCN(c4ccc([N+](=O)[O-])cc4)CC3)c2cc1OC,JYIDXZNSMUEXHK-UHFFFAOYSA-N,train
4257,8154,PNANLHXVMDRPFB-UHFFFAOYSA-N,COc1cc2ncnc(N3CCN(c4ccccc4)CC3)c2cc1OC,JYIDXZNSMUEXHK-UHFFFAOYSA-N,train
4258,8155,RYILJMSXZIONRM-UHFFFAOYSA-N,COc1cc2ncnc(N3CCN(c4ccccn4)CC3)c2cc1OC,KXAKIOXJTOXOFV-UHFFFAOYSA-N,test
4259,8156,OCAZWKJIRZTXCJ-UHFFFAOYSA-N,COc1cc2ncnc(N3CCN(Cc4ccc(Cl)cc4)CC3)c2cc1OC,GWKUFDSPVUIGEP-UHFFFAOYSA-N,train
4260,8157,LWFZGPLTSLSJJQ-UHFFFAOYSA-N,COc1cc2ncnc(N3CCN(c4ccc(F)cc4)CC3)c2cc1OC,JYIDXZNSMUEXHK-UHFFFAOYSA-N,train
4261,8158,ZJOTWAJZHISRRW-UHFFFAOYSA-N,COc1cc2ncnc(N3CCN(Cc4ccc(F)cc4)CC3)c2cc1OC,GWKUFDSPVUIGEP-UHFFFAOYSA-N,train
4262,8159,CMFODIWZQCHZNP-UHFFFAOYSA-N,COc1cc2ncnc(N3CCN(Cc4ccc(C)cc4)CC3)c2cc1OC,GWKUFDSPVUIGEP-UHFFFAOYSA-N,train
4263,8160,ULBUABJAUQKQMH-UHFFFAOYSA-N,COc1cc2ncnc(N3CCN(C)CC3)c2cc1OC,KLTHGJYCURVMAK-UHFFFAOYSA-N,train
4264,8161,CRDYXQNYYHTUGW-UHFFFAOYSA-N,COc1cc2ncnc(N3CCN(C(C)=O)CC3)c2cc1OC,KLTHGJYCURVMAK-UHFFFAOYSA-N,train
4265,8162,GROGMIJFMHAXKM-UHFFFAOYSA-N,COc1cc2ncnc(N3CCN(c4ccc(C)cc4)CC3)c2cc1OC,JYIDXZNSMUEXHK-UHFFFAOYSA-N,train
4266,8163,JAHFSQXZKPTMCH-UHFFFAOYSA-N,COc1cc2ncnc(N3CCN(c4ccc(Br)cc4)CC3)c2cc1OC,JYIDXZNSMUEXHK-UHFFFAOYSA-N,train
4267,8164,MDUJWLKSDCTDOJ-UHFFFAOYSA-N,COc1cc2ncnc(N3CCN(c4ccccc4[N+](=O)[O-])CC3)c2cc1OC,JYIDXZNSMUEXHK-UHFFFAOYSA-N,train
4268,8168,JOCZIAQMXYHQML-UHFFFAOYSA-N,O=C(CCN1CCCCC1)Nc1ccc2nc(-c3cc4ccccc4[nH]3)[nH]c(=O)c2c1,JOCZIAQMXYHQML-UHFFFAOYSA-N,train
4269,8173,XATVSLHMOONKQS-UHFFFAOYSA-N,c1ccc(CN2CCN(c3nc(-c4ccccc4)nc4ccccc34)CC2)cc1,XATVSLHMOONKQS-UHFFFAOYSA-N,test
4270,8176,GTDLGKVYCHLYGX-AIYWAUIHSA-N,COc1cc2c(cc1OC)C(c1ccccc1)N(CCc1cn(CCCCC3=C[C@H]4Cc5nc6cc(Cl)ccc6c(N)c5[C@H](C3)C4)nn1)CC2,ZOWPDLIMOJEBGU-FWABEYBWSA-N,test
4271,8177,CYQUVORXHWTTLL-UHFFFAOYSA-N,CCCCCCCCCCCC1=C(O)C(=O)C=C(NCCC2CCN(Cc3ccccc3)CC2)C1=O,GBMZEHMOSHVJAK-UHFFFAOYSA-N,train
4272,8178,DPLIAXFJOVTEMF-UHFFFAOYSA-N,FC(F)(F)c1ccc(-c2nnc(NC3CCN(Cc4ccccc4)CC3)o2)cc1,LJMKYGLQLOCVOX-UHFFFAOYSA-N,test
4273,8179,MHFAWVHGIRXFHE-UHFFFAOYSA-N,COc1cc2cc(C(=O)NCCC3CCN(Cc4ccccc4)CC3)[nH]c2cc1OC,IFWJDCJQEWTHSS-UHFFFAOYSA-N,train
4274,8181,BCHSBAPBQXDRKS-UHFFFAOYSA-N,COc1ccc2[nH]c(C(=O)Nc3ccc4nc5n(c(=O)c4c3)CCC5)cc2c1,WMVNKXATYYASHC-UHFFFAOYSA-N,test
4275,8183,LHHRNILYPUULMY-UHFFFAOYSA-N,O=C(CCCCN1CCN(Cc2ccccc2)CC1)Nc1ccc2nc3n(c(=O)c2c1)CCC3,LHHRNILYPUULMY-UHFFFAOYSA-N,test
4276,8186,WFWHZRVICIFCJX-SFHVURJKSA-N,C[C@@H](c1cccc(OC(=O)NCCNc2c3c(nc4ccccc24)CCCC3)c1)N(C)C,ACYWKEMFHFVNQN-UHFFFAOYSA-N,train
4277,8187,CFSVOXAPXLGZJI-IBGZPJMESA-N,C[C@@H](c1cccc(OC(=O)NCCCNc2c3c(nc4ccccc24)CCCC3)c1)N(C)C,RZGFESDLROXNEK-UHFFFAOYSA-N,test
4278,8188,GZEIOWXWYOGVNU-FQEVSTJZSA-N,C[C@@H](c1cccc(OC(=O)NCCCCNc2c3c(nc4ccccc24)CCCC3)c1)N(C)C,HTWCATBXDHROAO-UHFFFAOYSA-N,train
4279,8189,RDYGVAJWPDKTBP-NRFANRHFSA-N,C[C@@H](c1cccc(OC(=O)NCCCCCNc2c3c(nc4ccccc24)CCCC3)c1)N(C)C,OYNKGUDNFLIGLP-UHFFFAOYSA-N,train
4280,8190,MIRMVUVCTGYBSK-QFIPXVFZSA-N,C[C@@H](c1cccc(OC(=O)NCCCCCCNc2c3c(nc4ccccc24)CCCC3)c1)N(C)C,FTDKCSONXJICST-UHFFFAOYSA-N,train
4281,8191,KVRDCAGUOYDFAW-FQEVSTJZSA-N,C[C@@H](c1cccc(OC(=O)NCCCCCNc2c3c(nc4cc(F)ccc24)CCCC3)c1)N(C)C,OYNKGUDNFLIGLP-UHFFFAOYSA-N,train
4282,8192,SIZPSOGNDAPIKG-NRFANRHFSA-N,C[C@@H](c1cccc(OC(=O)NCCCCCCNc2c3c(nc4cc(F)ccc24)CCCC3)c1)N(C)C,FTDKCSONXJICST-UHFFFAOYSA-N,train
4283,8193,IJTJZAWRGQSCSI-FQEVSTJZSA-N,C[C@@H](c1cccc(OC(=O)NCCCCCNc2c3c(nc4cc(Cl)ccc24)CCCC3)c1)N(C)C,OYNKGUDNFLIGLP-UHFFFAOYSA-N,train
4284,8194,YXONDHWNKWLFQQ-NRFANRHFSA-N,C[C@@H](c1cccc(OC(=O)NCCCCCCNc2c3c(nc4cc(Cl)ccc24)CCCC3)c1)N(C)C,FTDKCSONXJICST-UHFFFAOYSA-N,train
4285,8195,FLOHVAHQZJYGNF-FQEVSTJZSA-N,C[C@@H](c1cccc(OC(=O)NCCCCCNc2c3c(nc4cc(Br)ccc24)CCCC3)c1)N(C)C,OYNKGUDNFLIGLP-UHFFFAOYSA-N,train
4286,8196,KYIKXFFEWNORHF-NRFANRHFSA-N,C[C@@H](c1cccc(OC(=O)NCCCCCCNc2c3c(nc4cc(Br)ccc24)CCCC3)c1)N(C)C,FTDKCSONXJICST-UHFFFAOYSA-N,train
4287,8197,CZSLYGYSXHUYPJ-UHFFFAOYSA-N,O=C(NCCNc1c2c(nc3ccccc13)CCCC2)Oc1ccc2cc[nH]c2c1,CZSLYGYSXHUYPJ-UHFFFAOYSA-N,train
4288,8198,XTHNESHEQKSPCM-UHFFFAOYSA-N,O=C(NCCCNc1c2c(nc3ccccc13)CCCC2)Oc1ccc2cc[nH]c2c1,XTHNESHEQKSPCM-UHFFFAOYSA-N,test
4289,8199,XMABALKLBVDHMN-UHFFFAOYSA-N,O=C(NCCCCNc1c2c(nc3ccccc13)CCCC2)Oc1ccc2cc[nH]c2c1,XMABALKLBVDHMN-UHFFFAOYSA-N,test
4290,8200,VONJCWNKPFFSJN-UHFFFAOYSA-N,O=C(NCCCCCNc1c2c(nc3ccccc13)CCCC2)Oc1ccc2cc[nH]c2c1,VONJCWNKPFFSJN-UHFFFAOYSA-N,train
4291,8201,RKXBOYRQFZRSIN-UHFFFAOYSA-N,O=C(NCCCCCCNc1c2c(nc3ccccc13)CCCC2)Oc1ccc2cc[nH]c2c1,RKXBOYRQFZRSIN-UHFFFAOYSA-N,train
4292,8202,NQWIHILFCJBZCJ-UHFFFAOYSA-N,O=C(NCCCCCNc1c2c(nc3cc(F)ccc13)CCCC2)Oc1ccc2cc[nH]c2c1,VONJCWNKPFFSJN-UHFFFAOYSA-N,train
4293,8203,WJHVUDTYEXHEQF-UHFFFAOYSA-N,O=C(NCCCCCCNc1c2c(nc3cc(F)ccc13)CCCC2)Oc1ccc2cc[nH]c2c1,RKXBOYRQFZRSIN-UHFFFAOYSA-N,train
4294,8204,AZBVXAVQXYAGRD-UHFFFAOYSA-N,O=C(NCCCCCNc1c2c(nc3cc(Cl)ccc13)CCCC2)Oc1ccc2cc[nH]c2c1,VONJCWNKPFFSJN-UHFFFAOYSA-N,train
4295,8205,ZKVZHPZFKSIJFO-UHFFFAOYSA-N,O=C(NCCCCCCNc1c2c(nc3cc(Cl)ccc13)CCCC2)Oc1ccc2cc[nH]c2c1,RKXBOYRQFZRSIN-UHFFFAOYSA-N,train
4296,8206,JLRUHUZUZIBWEW-UHFFFAOYSA-N,O=C(NCCCCCNc1c2c(nc3cc(Br)ccc13)CCCC2)Oc1ccc2cc[nH]c2c1,VONJCWNKPFFSJN-UHFFFAOYSA-N,train
4297,8207,MQSRHPORQLJLNY-UHFFFAOYSA-N,O=C(NCCCCCCNc1c2c(nc3cc(Br)ccc13)CCCC2)Oc1ccc2cc[nH]c2c1,RKXBOYRQFZRSIN-UHFFFAOYSA-N,train
4298,8209,SSRMKEPFFMWMTN-UHFFFAOYSA-N,O=C(NCCCNc1c2c(nc3ccccc13)CCCC2)Oc1ccc(-c2cc3cccnc3[nH]2)cc1,SSRMKEPFFMWMTN-UHFFFAOYSA-N,test
4299,8210,PHQOLWOIWRSJNI-UHFFFAOYSA-N,O=C(NCCCCNc1c2c(nc3ccccc13)CCCC2)Oc1ccc(-c2cc3cccnc3[nH]2)cc1,PHQOLWOIWRSJNI-UHFFFAOYSA-N,test
4300,8211,ZSQVLBAJPVNTPW-UHFFFAOYSA-N,O=C(NCCCCCNc1c2c(nc3ccccc13)CCCC2)Oc1ccc(-c2cc3cccnc3[nH]2)cc1,ZSQVLBAJPVNTPW-UHFFFAOYSA-N,train
4301,8212,VCUSFEPDEQONLX-UHFFFAOYSA-N,O=C(NCCCCCCNc1c2c(nc3ccccc13)CCCC2)Oc1ccc(-c2cc3cccnc3[nH]2)cc1,VCUSFEPDEQONLX-UHFFFAOYSA-N,train
4302,8213,BFJXBGNYWMKBNZ-UHFFFAOYSA-N,O=C(NCCCCCNc1c2c(nc3cc(F)ccc13)CCCC2)Oc1ccc(-c2cc3cccnc3[nH]2)cc1,ZSQVLBAJPVNTPW-UHFFFAOYSA-N,train
4303,8214,ZMLLZOVFQZLICZ-UHFFFAOYSA-N,O=C(NCCCCCCNc1c2c(nc3cc(F)ccc13)CCCC2)Oc1ccc(-c2cc3cccnc3[nH]2)cc1,VCUSFEPDEQONLX-UHFFFAOYSA-N,train
4304,8215,CWTOXEDVTGWMOK-UHFFFAOYSA-N,O=C(NCCCCCNc1c2c(nc3cc(Cl)ccc13)CCCC2)Oc1ccc(-c2cc3cccnc3[nH]2)cc1,ZSQVLBAJPVNTPW-UHFFFAOYSA-N,train
4305,8216,GMGARMBFVHCLEI-UHFFFAOYSA-N,O=C(NCCCCCCNc1c2c(nc3cc(Cl)ccc13)CCCC2)Oc1ccc(-c2cc3cccnc3[nH]2)cc1,VCUSFEPDEQONLX-UHFFFAOYSA-N,train
4306,8217,BOWZGANCSYOXEZ-UHFFFAOYSA-N,O=C(NCCCCCNc1c2c(nc3cc(Br)ccc13)CCCC2)Oc1ccc(-c2cc3cccnc3[nH]2)cc1,ZSQVLBAJPVNTPW-UHFFFAOYSA-N,train
4307,8218,ZRWQMVDTZBQFOR-UHFFFAOYSA-N,O=C(NCCCCCCNc1c2c(nc3cc(Br)ccc13)CCCC2)Oc1ccc(-c2cc3cccnc3[nH]2)cc1,VCUSFEPDEQONLX-UHFFFAOYSA-N,train
4308,8220,ZNZDRMDAMHRDHM-UHFFFAOYSA-N,CCCNC(C)C(=O)Nc1c(C)csc1-c1nc(C)no1,ASIVDOCWODPISQ-UHFFFAOYSA-N,train
4309,8221,KRAAURHOVFFNAO-UHFFFAOYSA-N,CCCNC(C)C(=O)Nc1c(C)csc1-c1nc(Cc2ccccc2)no1,APSMOVSBJJPGKN-UHFFFAOYSA-N,train
4310,8222,QUVWIPWKEWECPJ-UHFFFAOYSA-N,CCCNC(C)C(=O)Nc1c(C)csc1-c1nc(-c2ccccc2)no1,IHNSIFFSNUQGQN-UHFFFAOYSA-N,train
4311,8223,RUEBINIIYPEXAU-UHFFFAOYSA-N,CCCNC(C)C(=O)Nc1c(C)csc1-c1nc(-c2ccccc2N)no1,IHNSIFFSNUQGQN-UHFFFAOYSA-N,train
4312,8224,SLXBJYRWWOPAOU-UHFFFAOYSA-N,Cc1noc(-c2ccc(N)cc2)n1,SNFAEUZNFIYGNA-UHFFFAOYSA-N,train
4313,8225,NGRKMHPVLBNQLV-UHFFFAOYSA-N,Nc1ccc(-c2nc(-c3ccccc3N)no2)cc1,VIZNDSYPXQJMCM-UHFFFAOYSA-N,train
4314,8226,CXVRQICJWIZHEA-UHFFFAOYSA-N,CCCCOc1cc(-c2nc(C)no2)ccc1N,SNFAEUZNFIYGNA-UHFFFAOYSA-N,train
4315,8227,OLKNKTJZXYZQKD-UHFFFAOYSA-N,CCCCOc1cc(-c2nc(-c3ccccc3)no2)ccc1N,VIZNDSYPXQJMCM-UHFFFAOYSA-N,train
4316,8228,XJAGXVKDODROGA-UHFFFAOYSA-N,Cc1cc(NS(=O)(=O)c2ccc(NC(=O)COc3ccccc3-c3nc(-c4ccccc4)no3)cc2)no1,OMSJHFWKMDVZBZ-UHFFFAOYSA-N,test
4317,8229,HDYXLZCWSJKLCM-UHFFFAOYSA-N,Cc1cc(NS(=O)(=O)c2ccc(-n3cc(COc4ccccc4-c4nc(Cc5ccccc5)no4)nn3)cc2)no1,RDCNDXDRJWIAQL-UHFFFAOYSA-N,test
4318,8230,SWSOSHGQGWFKKE-UHFFFAOYSA-N,Cc1cc(NS(=O)(=O)c2ccc(-n3cc(COc4ccccc4-c4nc(-c5ccccc5)no4)nn3)cc2)no1,KIMJOHZHCYGQGH-UHFFFAOYSA-N,train
4319,8231,USPOVWSTNSBZKM-UHFFFAOYSA-N,CC(CCCCn1c(=O)c2c(ncn2C)n(C)c1=O)=NNC(=O)COc1ccccc1-c1nc(-c2ccccc2)no1,SXZDYJVLSXAMCA-UHFFFAOYSA-N,test
4320,8236,GPMOPYGHCGDGRI-UHFFFAOYSA-N,Nc1c2c(nc3ccc(Oc4ccccc4)cc13)CCC2,CZPGYOUJFCVDTH-UHFFFAOYSA-N,train
4321,8238,DFOGOJMEWLSLGH-UHFFFAOYSA-N,COc1ccccc1Oc1ccc2nc3c(c(N)c2c1)CCC3,CZPGYOUJFCVDTH-UHFFFAOYSA-N,train
4322,8239,SNWRZVRWWSARFE-UHFFFAOYSA-N,Cc1cccc(Oc2ccc3nc4c(c(N)c3c2)CCC4)c1,CZPGYOUJFCVDTH-UHFFFAOYSA-N,train
4323,8240,FDUSCPMCGIYKRM-UHFFFAOYSA-N,COc1cccc(Oc2ccc3nc4c(c(N)c3c2)CCC4)c1,CZPGYOUJFCVDTH-UHFFFAOYSA-N,train
4324,8241,IWMIJGXVNDZSFS-UHFFFAOYSA-N,Cc1ccc(Oc2ccc3nc4c(c(N)c3c2)CCC4)cc1,CZPGYOUJFCVDTH-UHFFFAOYSA-N,train
4325,8242,YOKSATMFQZTEKE-UHFFFAOYSA-N,COc1ccc(Oc2ccc3nc4c(c(N)c3c2)CCC4)cc1,CZPGYOUJFCVDTH-UHFFFAOYSA-N,train
4326,8243,FMUOJPHXSJPPGN-UHFFFAOYSA-N,Nc1c2c(nc3ccc(Oc4ccc(Cl)cc4)cc13)CCC2,CZPGYOUJFCVDTH-UHFFFAOYSA-N,train
4327,8244,MQVIMPRUYUVIKT-UHFFFAOYSA-N,CC(C)(C)c1ccc(Oc2ccc3nc4c(c(N)c3c2)CCC4)cc1,CZPGYOUJFCVDTH-UHFFFAOYSA-N,train
4328,8245,DJRAPDKSMZGRPC-UHFFFAOYSA-N,CC(=O)c1ccc(Oc2ccc3nc4c(c(N)c3c2)CCC4)cc1,CZPGYOUJFCVDTH-UHFFFAOYSA-N,train
4329,8246,YLRMELVICSRIIN-UHFFFAOYSA-N,Cc1cc(C)cc(Oc2ccc3nc4c(c(N)c3c2)CCC4)c1,CZPGYOUJFCVDTH-UHFFFAOYSA-N,train
4330,8247,IHCFDBCVAKEZJW-UHFFFAOYSA-N,Cc1ccccc1Oc1ccc2nc3c(c(N)c2c1)CCCC3,YQECNLHNFBWCNG-UHFFFAOYSA-N,train
4331,8248,UQBHJFYPFFUQPN-UHFFFAOYSA-N,COc1ccccc1Oc1ccc2nc3c(c(N)c2c1)CCCC3,YQECNLHNFBWCNG-UHFFFAOYSA-N,train
4332,8249,JXTRRQKHDCJFJJ-UHFFFAOYSA-N,Cc1cccc(Oc2ccc3nc4c(c(N)c3c2)CCCC4)c1,YQECNLHNFBWCNG-UHFFFAOYSA-N,train
4333,8250,SFWXSRWROPHFKH-UHFFFAOYSA-N,COc1cccc(Oc2ccc3nc4c(c(N)c3c2)CCCC4)c1,YQECNLHNFBWCNG-UHFFFAOYSA-N,train
4334,8251,GESFFNUGCXWEIS-UHFFFAOYSA-N,Cc1ccc(Oc2ccc3nc4c(c(N)c3c2)CCCC4)cc1,YQECNLHNFBWCNG-UHFFFAOYSA-N,train
4335,8252,SPPAEZPXNAOCEK-UHFFFAOYSA-N,COc1ccc(Oc2ccc3nc4c(c(N)c3c2)CCCC4)cc1,YQECNLHNFBWCNG-UHFFFAOYSA-N,train
4336,8253,APFRPSBWVSEADR-UHFFFAOYSA-N,Nc1c2c(nc3ccc(Oc4ccc(Cl)cc4)cc13)CCCC2,YQECNLHNFBWCNG-UHFFFAOYSA-N,train
4337,8254,CCUUHUZSXQOLOC-UHFFFAOYSA-N,CC(C)(C)c1ccc(Oc2ccc3nc4c(c(N)c3c2)CCCC4)cc1,YQECNLHNFBWCNG-UHFFFAOYSA-N,train
4338,8255,KXJVCQHDBSINAN-UHFFFAOYSA-N,Cc1cc(C)cc(Oc2ccc3nc4c(c(N)c3c2)CCCC4)c1,YQECNLHNFBWCNG-UHFFFAOYSA-N,train
4339,8256,FUXKZFGUONUHMA-UHFFFAOYSA-N,Nc1c2c(nc3ccc(Oc4ccccc4)cc13)CCCCC2,HDSPUJRIJBZPAJ-UHFFFAOYSA-N,train
4340,8257,HAZVGCUXMXVABK-UHFFFAOYSA-N,Cc1ccccc1Oc1ccc2nc3c(c(N)c2c1)CCCCC3,HDSPUJRIJBZPAJ-UHFFFAOYSA-N,train
4341,8258,JGAACZBSWXLIBW-UHFFFAOYSA-N,COc1ccccc1Oc1ccc2nc3c(c(N)c2c1)CCCCC3,HDSPUJRIJBZPAJ-UHFFFAOYSA-N,train
4342,8260,AVYQOQQYONUJLQ-UHFFFAOYSA-N,COc1cccc(Oc2ccc3nc4c(c(N)c3c2)CCCCC4)c1,HDSPUJRIJBZPAJ-UHFFFAOYSA-N,train
4343,8261,HDIHUTTYMNBETF-UHFFFAOYSA-N,Cc1ccc(Oc2ccc3nc4c(c(N)c3c2)CCCCC4)cc1,HDSPUJRIJBZPAJ-UHFFFAOYSA-N,train
4344,8262,NCUBADVJTOTUNT-UHFFFAOYSA-N,COc1ccc(Oc2ccc3nc4c(c(N)c3c2)CCCCC4)cc1,HDSPUJRIJBZPAJ-UHFFFAOYSA-N,train
4345,8263,WXQFKROJXHJHKK-UHFFFAOYSA-N,Nc1c2c(nc3ccc(Oc4ccc(Cl)cc4)cc13)CCCCC2,HDSPUJRIJBZPAJ-UHFFFAOYSA-N,train
4346,8265,JRYDGQFMBZOCSG-UHFFFAOYSA-N,Cc1cc(C)cc(Oc2ccc3nc4c(c(N)c3c2)CCCCC4)c1,HDSPUJRIJBZPAJ-UHFFFAOYSA-N,train
4347,8266,RFKHKOZYFWZDAJ-UHFFFAOYSA-N,Nc1c2c(nc3ccc(Oc4ccccc4)cc13)CCCC2,YQECNLHNFBWCNG-UHFFFAOYSA-N,train
4348,8268,XKUVQEPPKYUPPA-FJANEPOYSA-N,CCOc1cc2c(cc1OCC)-c1c(-c3ccc(Cl)cc3)c(/C=N/c3ccc(/N=C/c4c(-c5ccc(Cl)cc5)c5n(c4-c4ccccc4)CCc4cc(OC)c(OC)cc4-5)cc3)c(-c3ccccc3)n1CC2,OPSUSLKROLFAJC-WRVBFVOHSA-N,test
4349,8270,URCBDSWAOOULBM-UHFFFAOYSA-N,CN(Cc1ccc(COc2ccc3c(CO)cc(=O)oc3c2)cc1)Cc1cccs1,ZFTBUERGLDNAPI-UHFFFAOYSA-N,test
4350,8271,CKSXBOBZGXBJBK-UHFFFAOYSA-N,CN(Cc1ccc(COc2ccc3c(CO)cc(=O)oc3c2)cc1)Cc1ccco1,QGAJUSBQTLQGFB-UHFFFAOYSA-N,test
4351,8272,LYPPXRDGIFOZKW-UHFFFAOYSA-N,CN(Cc1ccc(COc2ccc3c(CO)cc(=O)oc3c2)cc1)Cc1ccsc1,DIFMBALLHUXGIP-UHFFFAOYSA-N,train
4352,8273,MPSZWZSOPBDXOR-UHFFFAOYSA-N,CN(Cc1ccc(COc2ccc3c(CO)cc(=O)oc3c2)cc1)Cc1ncc[nH]1,VIKPLMAMOFWNSK-UHFFFAOYSA-N,test
4353,8274,OEWYFSMFZVYMCC-UHFFFAOYSA-N,CN(Cc1ccc(COc2ccc3c(CO)cc(=O)oc3c2)cc1)Cc1nccs1,ZVTYHQHLTNMVRA-UHFFFAOYSA-N,test
4354,8275,ADEQUHXOUYZXBF-UHFFFAOYSA-N,CN(Cc1ccc(COc2ccc3c(CO)cc(=O)oc3c2)cc1)Cc1cscn1,VZFYGCGGVNFWSP-UHFFFAOYSA-N,test
4355,8276,JQXGILULPQSOFX-UHFFFAOYSA-N,CN(Cc1ccc(COc2ccc3c(CO)cc(=O)oc3c2)cc1)Cc1cccnc1,ZGLHOBRLZGGTSA-UHFFFAOYSA-N,test
4356,8277,FDGRCZWNUUYVET-UHFFFAOYSA-N,CN(Cc1ccncc1)Cc1ccc(COc2ccc3c(CO)cc(=O)oc3c2)cc1,SHFCIWCRLOISRA-UHFFFAOYSA-N,test
4357,8278,STSJHUCWXFKBFA-UHFFFAOYSA-N,CN(Cc1ccc(COc2ccc3c(CO)cc(=O)oc3c2)cc1)Cc1cncnc1,STZVWDKGDFRNCG-UHFFFAOYSA-N,test
4358,8279,TVPDNFHCRMZOCS-UHFFFAOYSA-N,CN(CCc1cccs1)Cc1ccc(COc2ccc3c(CO)cc(=O)oc3c2)cc1,UZEAVGVQQHZREJ-UHFFFAOYSA-N,test
4359,8280,LTYPAYZWLRWYFM-UHFFFAOYSA-N,CN(CCc1ccsc1)Cc1ccc(COc2ccc3c(CO)cc(=O)oc3c2)cc1,CYDBQWRWTJIQJX-UHFFFAOYSA-N,train
4360,8290,NZSFDBPTJUKRKX-UHFFFAOYSA-N,CNC(=O)COc1cc(C(C)C)ccc1C,UHOVQNZJYSORNB-UHFFFAOYSA-N,train
4361,8291,PHFGOIZLVOOKJI-UHFFFAOYSA-N,CCCNC(=O)COc1cc(C(C)C)ccc1C,UHOVQNZJYSORNB-UHFFFAOYSA-N,train
4362,8292,YMUVDOUBCZRNBL-UHFFFAOYSA-N,CCN(CC)C(=O)COc1cc(C(C)C)ccc1C,UHOVQNZJYSORNB-UHFFFAOYSA-N,train
4363,8293,QZQIWWJXMJNKBO-UHFFFAOYSA-N,Cc1ccc(C(C)C)cc1OCC(=O)N(C(C)C)C(C)C,UHOVQNZJYSORNB-UHFFFAOYSA-N,train
4364,8294,LYLWGHHENUEULW-UHFFFAOYSA-N,Cc1ccc(C(C)C)cc1OCC(=O)NC1CCCCC1,CQWWLWGATIFQLU-UHFFFAOYSA-N,train
4365,8295,UYTYKFDEXNFOSZ-UHFFFAOYSA-N,Cc1ccc(C(C)C)cc1OCC(=O)N1CCCCC1,IUPQNTVJUFOXAX-UHFFFAOYSA-N,train
4366,8296,QOTSTOXUEPONQT-UHFFFAOYSA-N,Cc1ccc(C(C)C)cc1OCC(=O)N1Cc2ccccc2C1,GWRLTTKCUHEBFF-UHFFFAOYSA-N,train
4367,8297,CLQKBNIMJUBBCW-UHFFFAOYSA-N,Cc1ccc(C(C)C)cc1OCC(=O)NCCN1CCCC1,DJHVCZIPEGSZEW-UHFFFAOYSA-N,train
4368,8298,ZCVVFAKYNZZIBG-UHFFFAOYSA-N,Cc1ccc(C(C)C)cc1OCC(=O)NCCN1CCOCC1,REXYZBPHGWETIR-UHFFFAOYSA-N,test
4369,8299,VPEPWBOFQOUJPZ-UHFFFAOYSA-N,Cc1ccc(C(C)C)cc1OCC(=O)NCCC1=CCCCC1,DPQLZQXGCGFULQ-UHFFFAOYSA-N,train
4370,8300,VGQSKNFGHKKWCE-UHFFFAOYSA-N,COc1ccc(CCNC(=O)COc2cc(C(C)C)ccc2C)cc1OC,GDCVHJQWGCHXEY-UHFFFAOYSA-N,train
4371,8301,PXXIVSWTJVQUHX-UHFFFAOYSA-N,Cc1ccc(C(C)C)cc1OCC(=O)NCc1ccc2c(c1)OCO2,YOUGRKPDJMAREZ-UHFFFAOYSA-N,test
4372,8302,JFPVGCZTHNVXTJ-UHFFFAOYSA-N,Cc1ccc(C(C)C)cc1OCC(=O)NCCN1CCN(C)CC1,YAGBUEGHMZUAMB-UHFFFAOYSA-N,test
4373,8303,XOVKZHWKOUZMPI-UHFFFAOYSA-N,Cc1ccc(C(C)C)cc1OCC(=O)NCCNc1cccc2cccnc12,YFWPUFIZWKLWFN-UHFFFAOYSA-N,test
4374,8304,HIXURYPODZMHGG-UHFFFAOYSA-N,C=CCNCC(O)COc1cc(C(C)C)ccc1C,UHOVQNZJYSORNB-UHFFFAOYSA-N,train
4375,8305,GDIOPSMWYUORMT-UHFFFAOYSA-N,CCN(CC)CC(O)COc1cc(C(C)C)ccc1C,UHOVQNZJYSORNB-UHFFFAOYSA-N,train
4376,8306,KWNSERNFKZUVCP-UHFFFAOYSA-N,Cc1ccc(C(C)C)cc1OCC(O)CNC(C)(C)C,UHOVQNZJYSORNB-UHFFFAOYSA-N,train
4377,8307,CHIDOXYAIAWZHP-UHFFFAOYSA-N,Cc1ccc(C(C)C)cc1OCC(O)CNCc1cccnc1,KCYQEWRYCDDVDT-UHFFFAOYSA-N,train
4378,8308,PODOMHGXKXAZSA-UHFFFAOYSA-N,Cc1ccc(C(C)C)cc1OCC(O)CNCCC1=CCCCC1,YCPRTONNBYYDNV-UHFFFAOYSA-N,test
4379,8309,IAIZDKPXUHYSNL-UHFFFAOYSA-N,O=C(NCCCCCCNc1c2c(nc3ccccc13)CCCC2)c1ccccc1O,SBXOBUMXYFRCBO-UHFFFAOYSA-N,train
4380,8311,QTVMLHKUVQWJDT-UHFFFAOYSA-N,O=C(NCCCCCCCCNc1c2c(nc3ccccc13)CCCC2)c1ccccc1O,JWVHUNHYELTXQP-UHFFFAOYSA-N,train
4381,8313,MRSNVBSBCDEKRH-UHFFFAOYSA-N,COc1cc(CNCCCNc2c3c(nc4ccccc24)CCCCC3)ccc1O,RHVLYHCTGBXSAL-UHFFFAOYSA-N,test
4382,8314,GAYUHXBNPCBEJJ-YYDZXFQBSA-N,C/C(NCCCCNc1c2c(nc3ccccc13)CCCC2)=C(/N=N/c1ccc(C)cc1)C(=O)c1ccccc1,GCMIDFMBOMINIX-DWCJFUQGSA-N,train
4383,8315,GSBGMPKFLCWHGP-UHFFFAOYSA-N,O=C(CNCCCCNCC(=O)Nc1c2c(nc3c1CCC3)CCCC2)Nc1c2c(nc3c1CCC3)CCCC2,GSBGMPKFLCWHGP-UHFFFAOYSA-N,train
4384,8317,LNSQBUNVLVSCFP-UHFFFAOYSA-N,S=C(NCCCCNC(=S)Nc1c2c(nc3c1CCC3)CCCC2)Nc1c2c(nc3c1CCC3)CCCC2,LNSQBUNVLVSCFP-UHFFFAOYSA-N,test
4385,8318,ZQEJEBOCGKSUKW-UHFFFAOYSA-N,CC(C)(C)c1cc(CNCCNc2c3c(nc4ccccc24)CCCCC3)cc(C(C)(C)C)c1O,GDDZAQXRTNVYPY-UHFFFAOYSA-N,train
4386,8326,JLGKQTAYUIMGRK-UHFFFAOYSA-N,Clc1ccc(C(Cn2ccnc2)OCc2csc3c(Cl)cccc23)c(Cl)c1,AXFNCHDFGGPKMF-UHFFFAOYSA-N,train
4387,8329,JORCOHASOWOJOX-UHFFFAOYSA-N,Cc1cc2c(cc1C)[n+](Cc1ccccc1C)cn2C(c1ccccc1)c1ccccc1,WEWUTXFGEVHYIZ-UHFFFAOYSA-N,test
4388,8330,SHXQVJVENHOUOF-UNOMPAQXSA-N,[O-]/[N+](=C\c1ccc2cccc(O)c2n1)Cc1ccccc1,XNFOYUVUCVPYHJ-UHFFFAOYSA-O,test
4389,8332,WLDRMSCXKLUZKZ-UHFFFAOYSA-N,CCOC(=O)C1=C(Nc2ccccc2)CC(c2ccc(F)cc2)N(c2ccccc2)C1c1ccc(F)cc1,BHZJIWUWHZIBMK-UHFFFAOYSA-N,train
4390,8333,MQEOYVPELRBCBZ-UHFFFAOYSA-N,CCOC(=O)C1=C(Nc2ccc(F)cc2)CC(c2ccc(F)cc2)N(c2ccc(F)cc2)C1c1ccc(F)cc1,BHZJIWUWHZIBMK-UHFFFAOYSA-N,train
4391,8334,ADOPCGOHJLZEFF-UHFFFAOYSA-N,CCOC(=O)C1=C(Nc2ccc(F)cc2)CC(c2cccc(F)c2)N(c2ccc(F)cc2)C1c1cccc(F)c1,BHZJIWUWHZIBMK-UHFFFAOYSA-N,train
4392,8335,AQHFDDAHTUXSMR-UHFFFAOYSA-N,CCOC(=O)C1=C(Nc2ccc(F)cc2)CC(c2ccc(C(F)(F)F)cc2)N(c2ccc(F)cc2)C1c1ccc(C(F)(F)F)cc1,BHZJIWUWHZIBMK-UHFFFAOYSA-N,train
4393,8337,XMBNNLGYDINVQN-UHFFFAOYSA-N,CCOC(=O)C1=C(Nc2cccc(F)c2)CC(c2ccc(C(F)(F)F)cc2)N(c2cccc(F)c2)C1c1ccc(C(F)(F)F)cc1,BHZJIWUWHZIBMK-UHFFFAOYSA-N,train
4394,8338,VNIABXFLSKCNND-UHFFFAOYSA-N,CCOC(=O)C1=C(Nc2ccc(F)cc2)CC(c2ccc(Cl)cc2)N(c2ccc(F)cc2)C1c1ccc(Cl)cc1,BHZJIWUWHZIBMK-UHFFFAOYSA-N,train
4395,8339,RFAMAAZWKDKPHQ-UHFFFAOYSA-N,CCOC(=O)C1=C(Nc2cccc(F)c2)CC(c2ccc(Cl)cc2)N(c2cccc(F)c2)C1c1ccc(Cl)cc1,BHZJIWUWHZIBMK-UHFFFAOYSA-N,train
4396,8340,PTSDNLRQLSLZJD-UHFFFAOYSA-N,CCOC(=O)C1=C(Nc2cccc(F)c2)CC(c2ccc(F)cc2)N(c2cccc(F)c2)C1c1ccc(F)cc1,BHZJIWUWHZIBMK-UHFFFAOYSA-N,train
4397,8341,XCABMPDQXZIWHX-UHFFFAOYSA-N,C#CCOc1ccc(-c2cc(-c3ccc(OCC#C)cc3)nc(N)n2)cc1,BWRMZQGIDWILAU-UHFFFAOYSA-N,train
4398,8343,CSJBXADTPZCWQJ-UHFFFAOYSA-N,N#Cc1cccnc1N1CCN(c2cc(Oc3cccc4cccnc34)ncn2)CC1,KONHBRCXLFNLSI-UHFFFAOYSA-N,test
4399,8353,KVANOXIAOYTXBY-ANHUGMMASA-N,O=C1[C@H]2Cc3c([nH]c4ccccc34)[C@@H](c3ccc4c(c3)OCO4)N2C(=O)CN1CCC1CCN(Cc2ccccc2)CC1,KVANOXIAOYTXBY-ANHUGMMASA-N,test
4400,8358,PQLMRWLEKAGSLO-UHFFFAOYSA-N,O=[N+]([O-])c1cccc(-c2cnc3cccnc3n2)c1,WATGCYZSCSXVKY-UHFFFAOYSA-N,train
4401,8359,WZYIETQKHAJJIK-UHFFFAOYSA-N,Cc1cccc(-c2cnc3cccnc3n2)c1,WATGCYZSCSXVKY-UHFFFAOYSA-N,train
4402,8360,FEVTUWWOBOHNRE-UHFFFAOYSA-N,Fc1cccc(-c2cnc3cccnc3n2)c1,WATGCYZSCSXVKY-UHFFFAOYSA-N,train
4403,8361,QGOXZNBUSSHYBZ-UHFFFAOYSA-N,Brc1ccc(Cn2cc(CNC3CCCCCC3)nn2)cc1,ONMCHNHOMQZLSO-UHFFFAOYSA-N,train
4404,8362,GHHFSGQWXBMGLW-UHFFFAOYSA-N,Clc1ccc(Cn2cc(CNC3CCCCCC3)nn2)cc1,ONMCHNHOMQZLSO-UHFFFAOYSA-N,train
4405,8363,SUGGZYOMXAQALQ-UHFFFAOYSA-N,Brc1ccc(Cn2cc(CNC34CC5CC(CC(C5)C3)C4)nn2)cc1,HFWKIXNIVIXPBP-UHFFFAOYSA-N,train
4406,8364,SQARWLAUMRYONO-UHFFFAOYSA-N,Clc1ccc(Cn2cc(CNC34CC5CC(CC(C5)C3)C4)nn2)cc1,HFWKIXNIVIXPBP-UHFFFAOYSA-N,train
4407,8365,DANIUTWEXULISV-JJJKAYHGSA-N,COc1ccc2nc3c(c(NCCCCCNC(=S)N[C@]45CC6C[C@@H](C[C@@H](C6)C4)C5)c2c1)CCCC3,GMHLOJBKEVFYBC-SOWLTJPBSA-N,train
4408,8370,LJJFRDYJWSRAOQ-UHFFFAOYSA-N,Cc1ccc(-c2cn(Cc3ccc4ccccc4c3)nn2)cc1C(=O)NCCN1CCOCC1,IOUAQOHTMDFCRB-UHFFFAOYSA-N,train
4409,8371,JNLXCPCVQJMBHE-UHFFFAOYSA-N,COc1ccc2c(c1)c(=O)c1ccccc1n2Cc1cn(Cc2ccc(Cl)cc2)nn1,JNNPDYMRWFDTIS-UHFFFAOYSA-N,train
4410,8394,HMNNGFZGSKJZAA-UHFFFAOYSA-N,O=c1[nH]c(COCCC2CCN(Cc3ccccc3)CC2)nc2c1cnn2C1CCCC1,HMNNGFZGSKJZAA-UHFFFAOYSA-N,train
4411,8395,SQNFGAWWNIPHLE-WBIOMSNFSA-N,COc1ccc2c3c1O[C@H]1C[C@@H](O)C=C[C@@]31CCN(CCCCNC13CC4CC(C)(CC(C)(C4)C1)C3)C2,QQLTXHXQFVTFDN-AFTMWWLOSA-N,test
4412,8396,MQXBZGXYQPDNAD-UDEYFRBPSA-N,COc1ccc2c3c1O[C@H]1C[C@@H](O)C=C[C@@]31CCN(C/C=C/CNC13CC4CC(C)(CC(C)(C4)C1)C3)C2,GPZKVONVKFJEEO-JQSCYJAISA-N,train
4413,8397,SZTDSULVNSEKLP-WBIOMSNFSA-N,COc1ccc2c3c1O[C@H]1C[C@@H](O)C=C[C@@]31CCN(CC#CCNC13CC4CC(C)(CC(C)(C4)C1)C3)C2,GWPZNAONEMYVFA-AFTMWWLOSA-N,train
4414,8398,NGNHXYCLUMQSKR-UHFFFAOYSA-N,Nc1n[nH]c2nc(-c3ccccc3)cc(-c3ccccc3)c12,BDGLNVUCTWNUPS-UHFFFAOYSA-N,train
4415,8399,CSDHKBSYINDKKG-UHFFFAOYSA-N,Nc1n[nH]c2nc(-c3ccccc3)cc(-c3ccc(Br)cc3)c12,BDGLNVUCTWNUPS-UHFFFAOYSA-N,train
4416,8401,PKZSCEAPZMUGIA-UHFFFAOYSA-N,COc1ccc(-c2cc(-c3ccccc3)nc3[nH]nc(N)c23)cc1OC,BDGLNVUCTWNUPS-UHFFFAOYSA-N,train
4417,8402,ZVKGFLLNDNOWDQ-UHFFFAOYSA-N,COc1cc(-c2cc(-c3ccccc3)nc3[nH]nc(N)c23)cc(OC)c1OC,BDGLNVUCTWNUPS-UHFFFAOYSA-N,train
4418,8403,XIWRLCHTIRNUMX-UHFFFAOYSA-N,COc1ccc(-c2cc(-c3ccc(Br)cc3)c3c(N)n[nH]c3n2)cc1,BDGLNVUCTWNUPS-UHFFFAOYSA-N,train
4419,8404,GFPJBQCGOUPXQD-UHFFFAOYSA-N,COc1ccc(-c2cc(-c3ccc(OC)cc3)c3c(N)n[nH]c3n2)cc1,BDGLNVUCTWNUPS-UHFFFAOYSA-N,train
4420,8405,JBQXHKRLWWMCTB-UHFFFAOYSA-N,COc1ccc(-c2cc(-c3ccc(OC)c(OC)c3)c3c(N)n[nH]c3n2)cc1,BDGLNVUCTWNUPS-UHFFFAOYSA-N,train
4421,8406,ALZYXIILSHUDQY-UHFFFAOYSA-N,COc1ccc(-c2cc(-c3cc(OC)c(OC)c(OC)c3)c3c(N)n[nH]c3n2)cc1,BDGLNVUCTWNUPS-UHFFFAOYSA-N,train
4422,8407,APPRVPLQWUIXSC-UHFFFAOYSA-N,Nc1n[nH]c2nc(-c3ccc(Br)cc3)cc(-c3ccc(Br)cc3)c12,BDGLNVUCTWNUPS-UHFFFAOYSA-N,train
4423,8408,ZNRWPCFBMZHWCW-UHFFFAOYSA-N,COc1ccc(-c2cc(-c3ccc(Br)cc3)nc3[nH]nc(N)c23)cc1,BDGLNVUCTWNUPS-UHFFFAOYSA-N,train
4424,8409,CFUZORHXMOWNMN-UHFFFAOYSA-N,COc1ccc(-c2cc(-c3ccc(Br)cc3)nc3[nH]nc(N)c23)cc1OC,BDGLNVUCTWNUPS-UHFFFAOYSA-N,train
4425,8410,XHQRTHFSQUICQR-UHFFFAOYSA-N,COc1cc(-c2cc(-c3ccc(Br)cc3)nc3[nH]nc(N)c23)cc(OC)c1OC,BDGLNVUCTWNUPS-UHFFFAOYSA-N,train
4426,8434,OTIIXGVFBWDUDH-UHFFFAOYSA-N,CCCCN1CCC(CCC(=O)c2ccc(N)cc2OC)CC1,MFEJNKBUECDJDU-UHFFFAOYSA-N,train
4427,8435,UOOCXIPKYHHRRD-UHFFFAOYSA-N,CCCCN1CCC(CCC(=O)c2cc(Br)ccc2OC)CC1,MFEJNKBUECDJDU-UHFFFAOYSA-N,train
4428,8436,AEHUGLUJLXQXMZ-UHFFFAOYSA-N,CCCCN1CCC(CCC(=O)c2cc(I)c(N)cc2OC)CC1,MFEJNKBUECDJDU-UHFFFAOYSA-N,train
4429,8437,UHGWCPXBDDWAKP-UHFFFAOYSA-N,COc1cc(N)ccc1C(=O)CCC1CCN(CC2CCCCC2)CC1,BUZJPSLSVFRWOJ-UHFFFAOYSA-N,train
4430,8438,PXUUPGSNIMQISW-UHFFFAOYSA-N,COc1cc(N)c(F)cc1C(=O)CCC1CCN(CC2CCCCC2)CC1,BUZJPSLSVFRWOJ-UHFFFAOYSA-N,train
4431,8443,PCGROECTIBEWPF-UHFFFAOYSA-N,COc1cc(N)c(Cl)cc1C(=O)C(C)CC1CCN(CC2CCCCC2)CC1,BUZJPSLSVFRWOJ-UHFFFAOYSA-N,train
4432,8447,QPDCBQORMYFXGT-UHFFFAOYSA-N,COc1cc(N)c(Br)cc1C(=O)CCC1CCN(CC2CCCCC2)CC1,BUZJPSLSVFRWOJ-UHFFFAOYSA-N,train
4433,8448,HISLDJKGFNEVLO-UHFFFAOYSA-N,COc1cc(N)c(I)cc1C(=O)CCC1CCN(CC2CCCCC2)CC1,BUZJPSLSVFRWOJ-UHFFFAOYSA-N,train
4434,8450,YSNREIFGEZOQOI-UHFFFAOYSA-N,COc1c(C(N)=O)cc(Cl)c(N)c1CC1CCN(CC2CCCCC2)CC1,QPIABXAGJULOSK-UHFFFAOYSA-N,test
4435,8451,MOOXZLVIEUWOJV-UHFFFAOYSA-N,COc1cc(N)c(Br)cc1C(=O)NCC1CCN(CC2CCCCC2)CC1,VQHPLNYDVBCJMS-UHFFFAOYSA-N,train
4436,8452,OINBXQVAEUFUNQ-UHFFFAOYSA-N,COc1cc(N)c(I)cc1C(=O)NCC1CCN(CC2CCCCC2)CC1,VQHPLNYDVBCJMS-UHFFFAOYSA-N,train
4437,8454,XEHQZRKZBJQOMJ-UHFFFAOYSA-N,Nc1cc(O)c(C(=O)CCC2CCN(CC3CCCCC3)CC2)cc1Cl,BUZJPSLSVFRWOJ-UHFFFAOYSA-N,train
4438,8455,BFZKHVUFJAQCQW-UHFFFAOYSA-N,CCOc1cc(N)c(Cl)cc1C(=O)CCC1CCN(CC2CCCCC2)CC1,BUZJPSLSVFRWOJ-UHFFFAOYSA-N,train
4439,8456,RYDDBILRWHKYGG-UHFFFAOYSA-N,Nc1cc(OCCF)c(C(=O)CCC2CCN(CC3CCCCC3)CC2)cc1Cl,BUZJPSLSVFRWOJ-UHFFFAOYSA-N,train
4440,8457,ZAKCOJKXWMIQSX-UHFFFAOYSA-N,CON=C(CCC1CCN(CC2CCCCC2)CC1)c1cc(Cl)c(N)cc1OC,DHLYNZLODLVAFM-UHFFFAOYSA-N,train
4441,8461,NBJRQXGWAYOEEM-UHFFFAOYSA-N,CC(c1cccc(OC(=O)NCCc2c[nH]c3ccccc23)c1)N(C)C,KXQJVRXDPOYTNZ-UHFFFAOYSA-N,train
4442,8462,BTMINCBPYFAEBH-UHFFFAOYSA-N,Cc1ccc2[nH]cc(CCNC(=O)Oc3cccc(C(C)N(C)C)c3)c2c1,KXQJVRXDPOYTNZ-UHFFFAOYSA-N,train
4443,8463,KRVVTJMBYXHIDX-UHFFFAOYSA-N,COc1ccc2[nH]cc(CCNC(=O)Oc3cccc(C(C)N(C)C)c3)c2c1,KXQJVRXDPOYTNZ-UHFFFAOYSA-N,train
4444,8464,ICCOMUGUNPJEBE-UHFFFAOYSA-N,CC(c1cccc(OC(=O)NCCc2c[nH]c3ccc(O)cc23)c1)N(C)C,KXQJVRXDPOYTNZ-UHFFFAOYSA-N,train
4445,8465,QUQGCQDEZFMVJK-UHFFFAOYSA-N,CC(c1cccc(OC(=O)NCCc2c[nH]c3ccc(Cl)cc23)c1)N(C)C,KXQJVRXDPOYTNZ-UHFFFAOYSA-N,train
4446,8466,NBJRQXGWAYOEEM-HNNXBMFYSA-N,C[C@@H](c1cccc(OC(=O)NCCc2c[nH]c3ccccc23)c1)N(C)C,KXQJVRXDPOYTNZ-UHFFFAOYSA-N,train
4447,8467,BTMINCBPYFAEBH-INIZCTEOSA-N,Cc1ccc2[nH]cc(CCNC(=O)Oc3cccc([C@H](C)N(C)C)c3)c2c1,KXQJVRXDPOYTNZ-UHFFFAOYSA-N,train
4448,8468,KRVVTJMBYXHIDX-HNNXBMFYSA-N,COc1ccc2[nH]cc(CCNC(=O)Oc3cccc([C@H](C)N(C)C)c3)c2c1,KXQJVRXDPOYTNZ-UHFFFAOYSA-N,train
4449,8469,ICCOMUGUNPJEBE-AWEZNQCLSA-N,C[C@@H](c1cccc(OC(=O)NCCc2c[nH]c3ccc(O)cc23)c1)N(C)C,KXQJVRXDPOYTNZ-UHFFFAOYSA-N,train
4450,8470,QUQGCQDEZFMVJK-AWEZNQCLSA-N,C[C@@H](c1cccc(OC(=O)NCCc2c[nH]c3ccc(Cl)cc23)c1)N(C)C,KXQJVRXDPOYTNZ-UHFFFAOYSA-N,train
4451,8471,QUQGCQDEZFMVJK-CQSZACIVSA-N,C[C@H](c1cccc(OC(=O)NCCc2c[nH]c3ccc(Cl)cc23)c1)N(C)C,KXQJVRXDPOYTNZ-UHFFFAOYSA-N,train
4452,8493,QFBJJKVEXAPDJU-IWANFJPMSA-N,C=CCc1ccc(O)c(-c2cc(CC=C)cc(-c3cc(CC=C)ccc3O)c2O[C@H]2CC(C)(C)[C@@H]3CC[C@]4(C)C[C@]23CC[C@H]4O)c1,VSXPZXKLWOWDGU-NAMNSSPESA-N,test
4453,8494,MNWWVJBJRJRJBI-HTCQTMOXSA-N,C=CCc1ccc(O)c(-c2cc(CC=C)cc(-c3cc(CC=C)ccc3O)c2O[C@@H]2C[C@@H](C(C)C)C=C[C@]2(C)O)c1,PTKZMCIWJWMWOR-NRFANRHFSA-N,test
4454,8495,HFHHTRIAKONNBG-UHFFFAOYSA-N,C=CCc1ccc(Oc2cc(CC=C)cc(-c3cc(CC=C)ccc3O)c2O)cc1,WALUZVFMEKNFCM-UHFFFAOYSA-N,test
4455,8496,FAJBNOKBPQRKGO-UHFFFAOYSA-N,O=c1c2nc(-c3ccc(C(F)(F)F)cc3)sc2nc2n1CCCC2,BWHNZUPBZKVKFE-UHFFFAOYSA-N,train
4456,8502,ILEDWLMCKZNDJK-UHFFFAOYSA-N,O=c1ccc2cc(O)c(O)cc2o1,ZYGHJZDHTFUPRJ-UHFFFAOYSA-N,train
4457,8503,PKFPTYFWUOSWAN-UHFFFAOYSA-N,COc1cc(Cn2cc(COc3ccc4ccc(=O)oc4c3C(C)=O)nn2)cc(OC)c1,DTIWQBJDQQTGMN-UHFFFAOYSA-N,train
4458,8504,ZZIGTYMQBGWBDN-FBHDLOMBSA-N,Cc1cc(=O)oc2cc(OCC(=O)N/N=C\c3ccc(C(=O)O)cc3)ccc12,QIVBXKAFNSVMNC-ODLFYWEKSA-N,test
4459,8505,KAYVLXUZFXINIG-UHFFFAOYSA-N,COc1cccc2cc(-c3ccc(NC(=O)c4ccc(CCl)cc4)cc3)c(=O)oc12,WKJVBSGHFVPAEU-UHFFFAOYSA-N,test
4460,8507,LUEKOVRFNYEOJF-UHFFFAOYSA-N,O=C1OC2=C(O)C(O)=CCC2C=C1c1ccc(O)c(O)c1,OFQUOYFZCOZNTR-UHFFFAOYSA-N,test
4461,8508,KZJOEKCJUWZUDR-UHFFFAOYSA-N,O=C1CCOc2ccc(OCCN3CCCCCC3)cc21,KZJOEKCJUWZUDR-UHFFFAOYSA-N,test
4462,8527,ZADOZOULRZGFEU-YEWWUXTCSA-N,COc1ccc2c3c1O[C@H]1C[C@@H](O)C=C[C@@]31CCN(C(C)=O)C2,WGJYTAVHUDKGNK-ZFWWWQNUSA-N,train
4463,8528,BQESVZIPHFRYNG-QOKNQOGYSA-N,C=CCN1CC[C@@]23C=C[C@H](O)C[C@@H]2Oc2c(OC)ccc(c23)C1,WGJYTAVHUDKGNK-ZFWWWQNUSA-N,train
4464,8529,FEKQBPRIVQKBRM-KNBMTAEXSA-N,C=C(C)CN1CC[C@@]23C=C[C@H](O)C[C@@H]2Oc2c(OC)ccc(c23)C1,WGJYTAVHUDKGNK-ZFWWWQNUSA-N,train
4465,8531,DJRBBQJREIMIEU-UHFFFAOYSA-N,COc1cc2c(cc1O)C(=O)C(CC1CCN(Cc3ccccc3)CC1)C2,NCTLDXMBTJBAHY-UHFFFAOYSA-N,train
4466,8532,DSMISVLYMKJMLP-UHFFFAOYSA-N,COc1cc2c(cc1O)CC(CC1CCN(Cc3ccccc3)CC1)C2=O,NCTLDXMBTJBAHY-UHFFFAOYSA-N,train
4467,8533,UJEPFLUMZAEBIS-UHFFFAOYSA-N,O=C1c2cc(O)c(O)cc2CC1CC1CCN(Cc2ccccc2)CC1,NCTLDXMBTJBAHY-UHFFFAOYSA-N,train
4468,8534,HAIKEIGCWZZVJZ-UHFFFAOYSA-N,COc1cc2c(cc1OC(=O)CCCCC1CCSS1)C(=O)C(CC1CCN(Cc3ccccc3)CC1)C2,VDQFJTZEAIFARA-UHFFFAOYSA-N,test
4469,8535,QNMCYVJUCOUFTD-UHFFFAOYSA-N,COc1cc2c(cc1OCCCCCC1CCSS1)C(=O)C(CC1CCN(Cc3ccccc3)CC1)C2,KEQOENWOUKJZFA-UHFFFAOYSA-N,train
4470,8536,HHXJJQNMCWBKJR-UHFFFAOYSA-N,COc1cc2c(cc1OCCCCCC1CCSS1)CC(CC1CCN(Cc3ccccc3)CC1)C2=O,QGCJFKITCHBFSD-UHFFFAOYSA-N,test
4471,8543,OKEWJRSOKIRQDH-UHFFFAOYSA-N,CCOc1cc(N)ccc1C(=O)CCC1CCN(CC2CCCCC2)CC1,BUZJPSLSVFRWOJ-UHFFFAOYSA-N,train
4472,8544,IAIHSEBPXYSHJL-UHFFFAOYSA-N,Nc1ccc(C(=O)CCC2CCN(CC3CCCCC3)CC2)c(OCCF)c1,BUZJPSLSVFRWOJ-UHFFFAOYSA-N,train
4473,8545,PUDHCLJYWOZJKU-UHFFFAOYSA-N,Nc1ccc(C(=O)CCC2CCN(CC3CCCCC3)CC2)cc1,BUZJPSLSVFRWOJ-UHFFFAOYSA-N,train
4474,8546,CWLFGXHLFFZFQI-UHFFFAOYSA-N,COc1ccccc1C(=O)CCC1CCN(CC2CCCCC2)CC1,BUZJPSLSVFRWOJ-UHFFFAOYSA-N,train
4475,8547,ZOJSQDLJJPDEOF-UHFFFAOYSA-N,Nc1ccc(C(=O)CCC2CCN(CC3CCCCC3)CC2)cc1Cl,BUZJPSLSVFRWOJ-UHFFFAOYSA-N,train
4476,8549,SVAKYIZSPVNOGB-UHFFFAOYSA-N,COc1c(C(=O)CCC2CCN(CC3CCCCC3)CC2)cc(F)c(N)c1Br,BUZJPSLSVFRWOJ-UHFFFAOYSA-N,train
4477,8550,AEQDSXWHQNGPGZ-UHFFFAOYSA-N,COc1c(C(=O)CCC2CCN(CC3CCCCC3)CC2)cc(F)c(N)c1I,BUZJPSLSVFRWOJ-UHFFFAOYSA-N,train
4478,8551,ULVNBHIVKFAGNX-UHFFFAOYSA-N,COc1cc(NC(C)=O)c(Cl)cc1C(=O)CCC1CCN(CC2CCCCC2)CC1,BUZJPSLSVFRWOJ-UHFFFAOYSA-N,train
4479,8552,ROBPMUIFBKVJKL-UHFFFAOYSA-N,CC(=O)Nc1cc(O)c(C(=O)CCC2CCN(CC3CCCCC3)CC2)cc1Cl,BUZJPSLSVFRWOJ-UHFFFAOYSA-N,train
4480,8556,FTRZTHFGTILUPE-FIBGUPNXSA-N,[2H]C([2H])([2H])Oc1cc(N)c(Cl)cc1C(=O)CCC1CCN(CC2CCCCC2)CC1,BUZJPSLSVFRWOJ-UHFFFAOYSA-N,train
4481,8563,MREHWTUNQLQCEL-UHFFFAOYSA-N,N/C(=N\O)c1cccc(NC(=O)Nc2cccc(F)c2)c1,GWEHVDNNLFDJLR-UHFFFAOYSA-N,train
4482,8564,PEDICADDHJMWFT-UHFFFAOYSA-N,N/C(=N\O)c1cccc(NC(=O)Nc2ccc(F)cc2)c1,GWEHVDNNLFDJLR-UHFFFAOYSA-N,train
4483,8574,YIPGNXOVGLQAOZ-UHFFFAOYSA-N,N/C(=N\O)c1cccc(NC(=O)Nc2ccc3[nH]ccc3c2)c1,LVXOVQNGTKABGZ-UHFFFAOYSA-N,train
4484,8575,BTBUTFQRVMXDKJ-UHFFFAOYSA-N,N/C(=N\O)c1cccc(NC(=O)Nc2ccc3ncccc3c2)c1,JZNREJCVLZNWHA-UHFFFAOYSA-N,train
4485,8576,KQOOFQFOFRMAQE-UHFFFAOYSA-N,N/C(=N\O)c1cccc(NC(=O)NCCc2c[nH]c3ccccc23)c1,ZGQABPLJNQKODP-UHFFFAOYSA-N,train
4486,8577,XGALIJCXCLWOJX-UHFFFAOYSA-N,N/C(=N\O)c1cccc(NC(=O)NCCc2c[nH]c3ccc(Cl)cc23)c1,ZGQABPLJNQKODP-UHFFFAOYSA-N,train
4487,8578,MXWPEPSYKDACAS-UHFFFAOYSA-N,COc1ccc2[nH]cc(CCNC(=O)Nc3cccc(/C(N)=N/O)c3)c2c1,ZGQABPLJNQKODP-UHFFFAOYSA-N,train
4488,8581,SQNISDDISVNBBL-UHFFFAOYSA-N,Cc1ccccc1NC(=O)Nc1ccc(/C(N)=N/O)cc1,GWEHVDNNLFDJLR-UHFFFAOYSA-N,train
4489,8582,IMCAKSRFVKJJSS-UHFFFAOYSA-N,COc1cccc(NC(=O)Nc2ccc(/C(N)=N/O)cc2)c1,GWEHVDNNLFDJLR-UHFFFAOYSA-N,train
4490,8583,BMQXQEPRPKWAAQ-UHFFFAOYSA-N,N/C(=N\O)c1ccc(NC(=O)Nc2ccc(Cl)cc2)cc1,GWEHVDNNLFDJLR-UHFFFAOYSA-N,train
4491,8584,IXRXSNWNNPQCSW-UHFFFAOYSA-N,N/C(=N\O)c1ccc(NC(=O)Nc2cccc(F)c2)cc1,GWEHVDNNLFDJLR-UHFFFAOYSA-N,train
4492,8585,ZWJFURMVEADFAY-UHFFFAOYSA-N,N/C(=N\O)c1ccc(NC(=O)Nc2cccc(Br)c2)cc1,GWEHVDNNLFDJLR-UHFFFAOYSA-N,train
4493,8586,XYFJWXDKBAAZFU-UHFFFAOYSA-N,N/C(=N\O)c1ccc(NC(=O)Nc2ccc3[nH]ccc3c2)cc1,LVXOVQNGTKABGZ-UHFFFAOYSA-N,train
4494,8587,YFSMREHZFNSCKT-UHFFFAOYSA-N,N/C(=N\O)c1ccc(NC(=O)Nc2ccc3ncccc3c2)cc1,JZNREJCVLZNWHA-UHFFFAOYSA-N,train
4495,8590,NBBMOQUVVXDZLD-IYULWFGRSA-N,C[C@@H]1CC[C@]2(C(=O)O)CC[C@]3(C)C(=CC[C@@H]4[C@@]5(C)C[C@@H](OC(=O)CCc6ccccc6)[C@H](OC(=O)CCc6ccccc6)[C@@](C)(CO)[C@@H]5CC[C@]43C)[C@@H]2[C@]1(C)O,XBCUDBCRHRRCII-DXERQICSSA-N,test
4496,8594,CIQALIQNQDOXMD-KVYUTAICSA-N,C[C@@H]1CC[C@]2(C(=O)O)CC[C@]3(C)C(=CC[C@@H]4[C@@]5(C)C[C@@H](OC(=O)c6ccc(Cl)cc6)[C@H](OC(=O)c6ccc(Cl)cc6)[C@@](C)(COC(=O)c6ccc(Cl)cc6)[C@@H]5CC[C@]43C)[C@@H]2[C@]1(C)O,AZTOXGFWBBSJAK-MRKIMWIVSA-N,train
4497,8611,TXDGAIVYTXJVGV-YPHQRDJKSA-N,C[C@@H]1CC[C@]2(C(=O)NCc3ccccc3Cl)CC[C@]3(C)C(=CC[C@@H]4[C@@]5(C)C[C@@H](O)[C@H](O)[C@@](C)(CO)[C@@H]5CC[C@]43C)[C@@H]2[C@]1(C)O,BLNLCJPKUXWYSV-QUOSSWOJSA-N,train
4498,8624,RYKFYEQANBUUEN-UHFFFAOYSA-N,CN(C)CCN1CCN(Cc2ccc(C(=O)Nc3nc4ccccc4s3)cc2)CC1,ZNWQSESOPIAXKB-UHFFFAOYSA-N,test
4499,8625,YQMJQJOYEWGACW-UHFFFAOYSA-N,COc1ccc(C2CC(c3ccc(O)cc3)=NN2c2nc3ccc(C)cc3s2)cc1OC,USJXZZZMUUXSBK-UHFFFAOYSA-N,test
4500,8626,QZCKEKPPUXNPET-MDWZMJQESA-N,O=C(/C=C/c1ccc(-c2ccccc2)cc1)Nc1nc2ccc(O)cc2s1,XBNOFSFXALCRJV-NTCAYCPXSA-N,test
4501,8631,VDYFLXKKXFAYAX-DJAVKIJBSA-N,CC1=CC(=O)[C@](C)(O)C(=O)/C1=C\Nc1ccc(Cc2ccccc2)cc1,TWPRMDZZQGEGAZ-VKAVYKQESA-N,test
4502,8638,NBNKVDHBVUNWQJ-DUBROFONSA-N,CC1=CC(=O)[C@@](C)(O)C(=O)/C1=C\Nc1ccc(Oc2ccc(C#N)cc2)cc1,QJPHENQDZAYGQK-YPKPFQOOSA-N,test
4503,8643,SIOZWLOYQCNDGH-UHFFFAOYSA-N,CN(CCCOc1ccc([N+](=O)[O-])cc1)C(=O)c1cnc(N2CCN(c3ccc(C(=O)N4CCOCC4)cc3[N+](=O)[O-])CC2)nc1,XBFPQTJCJOVBJR-UHFFFAOYSA-N,test
4504,8644,HSTIQTQFKBPUBM-UHFFFAOYSA-N,CCN(CCCCCn1c(C)cc(=O)n(CCCCCN(CC)Cc2ccccc2C#N)c1=O)Cc1ccccc1C#N,FVSZSXKCFKSTNT-UHFFFAOYSA-N,train
4505,8645,ICWVHRHWKAJGOS-UHFFFAOYSA-N,CCN(CCCCCn1c(C)cc(=O)n(CCCCCN(CC)Cc2cccc(C(=O)OC)c2)c1=O)Cc1cccc(C(=O)OC)c1,FVSZSXKCFKSTNT-UHFFFAOYSA-N,train
4506,8646,DXWIIXFZDFWOBL-UHFFFAOYSA-N,Cc1ccc(O)c(CNc2c(N)n(C)c(=O)n(C)c2=O)c1,PBRBBWKUUQNONR-UHFFFAOYSA-N,test
4507,8647,MINIKUTUYGZASU-UHFFFAOYSA-N,N#CC1C(N)N2CCCNC2C(C#N)C12C(=O)Nc1ccccc12,HQQWZYLEQVBJQQ-UHFFFAOYSA-N,train
4508,8648,VKTITBMEXWPSIN-UHFFFAOYSA-N,COc1cccc(-c2nc(SCCCSc3nc(N)c(C#N)c(-c4cccc(OC)c4)n3)nc(N)c2C#N)c1,DMCKQGJPQJHYSG-UHFFFAOYSA-N,train
4509,8649,XRECENIWOQQMGF-UHFFFAOYSA-N,Cc1cccc(-c2nccc(N3CCOCC3)n2)c1,KXPZDBDNEFKDID-UHFFFAOYSA-N,test
4510,8651,MWHDDAMRRCZZNY-UHFFFAOYSA-N,CCOC(=O)C1=C(C)N=C2SC(c3ccc([N+](=O)[O-])cc3)=NN2C1c1ccc(C=O)cn1,FBYBSOYWJDHSSE-UHFFFAOYSA-N,train
4511,8653,NFOULVLFLSISCN-UHFFFAOYSA-N,C#CCNc1ccc(-c2cc(-c3ccc(OCCN4CCOCC4)cc3)nc(N)n2)cc1,SGIRALQRNVQBBG-UHFFFAOYSA-N,train
4512,8654,LPWBTWLCFUQWQL-NTUHNPAUSA-N,COc1cc(/C=C/C(=O)c2ccc(OCCN3CCCC3)cc2)ccc1OCc1nc(C)c(C)nc1C,DCYGRUQSKMONOT-LFYBBSHMSA-N,train
4513,8655,YTEJFLYQWQWIGO-APTRMMRNSA-N,COC(=O)C1=CO[C@H](OC)[C@H]2C(CN3CCN(Cc4nc(C)c(C)nc4C)CC3)=CC[C@@H]12,BPSMUHLNMYEXRF-MAUKXSAKSA-N,train
4514,8656,DTEKLVZCVUXGIS-UHFFFAOYSA-N,CCOC(=O)c1c(OC(=O)c2ccccc2)sc2c1CCCCC2,IKTIJQIGYVSLLE-UHFFFAOYSA-N,train
4515,8657,GGRKGHDNZLXMDB-UHFFFAOYSA-N,CCOC(=O)c1c(OC(=O)c2ccc(Cl)cc2)sc2c1CCCCC2,IKTIJQIGYVSLLE-UHFFFAOYSA-N,train
4516,8658,MRZODELYPSRORZ-UHFFFAOYSA-N,O=C1c2c(sc3c2CCCCC3)OC(c2ccccc2)N1c1ccccc1,MRZODELYPSRORZ-UHFFFAOYSA-N,train
4517,8659,JHSLDXCFEZQUAS-UHFFFAOYSA-N,O=C1c2c(sc3c2CCCCC3)OC(c2ccccc2)N1c1ccc(Cl)cc1,MRZODELYPSRORZ-UHFFFAOYSA-N,train
4518,8660,FPQGVNQRNNZNBG-UHFFFAOYSA-N,COc1ccc(N2C(=O)c3c(sc4c3CCCCC4)OC2c2ccccc2)cc1,MRZODELYPSRORZ-UHFFFAOYSA-N,train
4519,8661,RSEZPTUSUAZTRM-UHFFFAOYSA-N,O=C1c2c(sc3c2CCCCC3)OC(c2ccc(Cl)cc2)N1c1ccccc1,MRZODELYPSRORZ-UHFFFAOYSA-N,train
4520,8663,CUMYADKGBACRPS-UHFFFAOYSA-N,COc1ccc(N2C(=O)c3c(sc4c3CCCCC4)OC2c2ccc(Cl)cc2)cc1,MRZODELYPSRORZ-UHFFFAOYSA-N,train
4521,8665,NYKKDKAYLYOYOO-QECWJDIYSA-N,COc1ccc2c3c1O[C@H]1C[C@@H](OC(=O)NC4CCN(Cc5cccc(C(F)(F)F)c5)CC4)C=C[C@@]31CCN(C)C2,VMSAIXHBENMYGL-AGJHTDJMSA-N,train
4522,8666,CPURJSRAAXYWPA-UUOHFWCXSA-N,COc1ccc2c3c1O[C@H]1C[C@@H](OC(=O)NC4CCN(Cc5ccc(F)cc5F)CC4)C=C[C@@]31CCN(C)C2,VMSAIXHBENMYGL-AGJHTDJMSA-N,train
4523,8667,YZXMINZUVZEFFI-QECWJDIYSA-N,COc1ccc2c3c1O[C@H]1C[C@@H](OC(=O)NC4CCN(Cc5ccc(F)cc5)CC4)C=C[C@@]31CCN(C)C2,VMSAIXHBENMYGL-AGJHTDJMSA-N,train
4524,8668,ILWUWKPNIBAOMC-QECWJDIYSA-N,COc1ccc2c3c1O[C@H]1C[C@@H](OC(=O)NC4CCN(Cc5cccc(F)c5)CC4)C=C[C@@]31CCN(C)C2,VMSAIXHBENMYGL-AGJHTDJMSA-N,train
4525,8669,SNXZMMVSUAKHAR-UUOHFWCXSA-N,COc1ccc2c3c1O[C@H]1C[C@@H](OC(=O)NC4CCN(Cc5ccccc5F)CC4)C=C[C@@]31CCN(C)C2,VMSAIXHBENMYGL-AGJHTDJMSA-N,train
4526,8670,AUHJFZLZTXKJNB-QECWJDIYSA-N,COc1ccc2c3c1O[C@H]1C[C@@H](OC(=O)NC4CCN(Cc5ccccc5)CC4)C=C[C@@]31CCN(C)C2,VMSAIXHBENMYGL-AGJHTDJMSA-N,train
4527,8673,PTCNMYXGOLNTLR-QECWJDIYSA-N,COc1ccc2c3c1O[C@H]1C[C@@H](OC(=O)NC4CCN(Cc5ccc(OC(F)(F)F)cc5)CC4)C=C[C@@]31CCN(C)C2,VMSAIXHBENMYGL-AGJHTDJMSA-N,train
4528,8674,WEETWEFAKIXOIK-LFERIPGTSA-N,COc1ccc2c3c1O[C@H]1C[C@@H](OCc4ccc(Cc5ccccc5F)cn4)C=C[C@@]31CCN(C)C2,HRYYACWYRVZXQV-MPYJOUPCSA-N,train
4529,8675,MMIXUHHAJDIRID-XXJPWZBZSA-N,COc1ccc2c3c1O[C@H]1C[C@@H](OCc4ccc(Cc5cccc(Cl)c5)cn4)C=C[C@@]31CCN(C)C2,HRYYACWYRVZXQV-MPYJOUPCSA-N,train
4530,8676,YQWGVRQOBGYNKV-HOMRVSDPSA-N,COc1ccccc1Cc1ccc(CO[C@H]2C=C[C@@]34CCN(C)Cc5ccc(OC)c(c53)O[C@H]4C2)nc1,HRYYACWYRVZXQV-MPYJOUPCSA-N,train
4531,8677,AEQVJPPDDFGNIU-CMDGGOBGSA-N,Nc1ccccc1C(=O)/C=C/c1cccc(Cl)c1Cl,DQFBYFPFKXHELB-VAWYXSNFSA-N,train
4532,8678,XNPHTXPHEGWNFI-MDZDMXLPSA-N,Nc1ccccc1C(=O)/C=C/c1cnc2ccccc2c1,SBWJOUKTWPKMLG-ZHACJKMWSA-N,test
4533,8679,IQLSOKDRIXLPJB-SOFGYWHQSA-N,CSc1ccc(/C=C/C(=O)c2ccccc2N)cn1,MHYINARESROASH-CMDGGOBGSA-N,train
4534,8680,IXDQKTZMNIYQDV-CMDGGOBGSA-N,Cc1ccc(/C=C/C(=O)c2ccccc2N)cn1,MHYINARESROASH-CMDGGOBGSA-N,train
4535,8681,KPRFSOUAOXESRX-AATRIKPKSA-N,Nc1ccccc1C(=O)/C=C/c1cnc2c(c1)OCO2,POEDVRFNACZOFS-VOTSOKGWSA-N,test
4536,8685,NYNMRLANANUXLT-UHFFFAOYSA-N,COc1nc(-c2ccnc(NC(=O)C3CC3)c2)sc1C(=O)NCNc1c2c(nc3ccccc13)CCCC2,MAQLCQISUAKZHH-UHFFFAOYSA-N,test
4537,8688,STXASRHDDYKCPI-UHFFFAOYSA-N,c1ccc2oc(CNCCCCCCCNc3c4c(cc5ccccc35)CCCC4)cc2c1,STXASRHDDYKCPI-UHFFFAOYSA-N,test
4538,8693,LLNZCYJMOMQYIU-UHFFFAOYSA-N,Cn1c(NCCCCCCCNc2c3c(nc4cc(Cl)ccc24)CCCC3)nc(-c2ccncc2F)cc1=O,SYJBLKZHHVCBDQ-UHFFFAOYSA-N,test
4539,8699,LUJPPSLEDAYBGR-WDOOIYNRSA-N,COc1ccc2c3c1O[C@H]1C[C@@H](O)C=C[C@@]31CCN(CCCCCCNC13CC4CC(C)(CC(C)(C4)C1)C3)C2,ZSQCGLVOAUBPOM-HLQWFMOUSA-N,test
4540,8706,DXGCSAOQHFFGGC-UHFFFAOYSA-N,COc1ccc(NC(=O)C2CCN(Cc3ccccc3)CC2)cc1OC,XSDOUTCGNPXQDF-UHFFFAOYSA-N,train
4541,8707,GHZDLPVAVLQUAL-UHFFFAOYSA-N,COc1ccccc1NC(=O)C1CCN(Cc2ccccc2)CC1,XSDOUTCGNPXQDF-UHFFFAOYSA-N,train
4542,8708,GJFMBUUKNHBDOX-UHFFFAOYSA-N,COc1ccc(NC(=O)C2CCN(Cc3ccccc3)CC2)cc1,XSDOUTCGNPXQDF-UHFFFAOYSA-N,train
4543,8709,XNXNRZFIGBVNIX-FRKPEAEDSA-N,O=C(N/N=C/c1ccc([N+](=O)[O-])cc1)c1ccc(Cl)nc1,BAZGGMGNEFKCHN-OQLLNIDSSA-N,train
4544,8710,RVJDPMYILZZLAX-QGMBQPNBSA-N,COc1ccc(/C=N/NC(=O)c2ccc(Cl)nc2)cc1OC,BAZGGMGNEFKCHN-OQLLNIDSSA-N,train
4545,8711,VUSRJYGQLGCFOE-QGMBQPNBSA-N,CCOc1cc(/C=N/NC(=O)c2ccc(Cl)nc2)ccc1O,BAZGGMGNEFKCHN-OQLLNIDSSA-N,train
4546,8712,HSPQJQFVTHHXMB-QGMBQPNBSA-N,COC(=O)c1ccc(/C=N/NC(=O)c2ccc(Cl)nc2)cc1,BAZGGMGNEFKCHN-OQLLNIDSSA-N,train
4547,8713,QSMHEQGZTCFPPH-REZTVBANSA-N,COc1cc(/C=N/NC(=O)c2ccc(Cl)nc2)ccc1O,BAZGGMGNEFKCHN-OQLLNIDSSA-N,train
4548,8718,CXAJAAIHVWRPHS-UHFFFAOYSA-N,O=c1[nH]c(CNCCC2CCN(Cc3ccccc3)CC2)nc2c1cnn2C1CCCC1,CXAJAAIHVWRPHS-UHFFFAOYSA-N,train
4549,8720,XRWWKTGWAYEHQQ-UHFFFAOYSA-N,O=c1[nH]c(CCCCC2CCN(Cc3ccccc3)CC2)nc2c1cnn2C1CCCC1,XRWWKTGWAYEHQQ-UHFFFAOYSA-N,test
4550,8721,XSGOZBYZVQPPHR-STZFKDTASA-N,COc1ccccc1/C=C1\Oc2cc(OCCN3CCCC3)ccc2C1=O,RGKRBGOMLNQRHE-ZHZULCJRSA-N,train
4551,8725,JNJSWDFXEMVLOC-UHFFFAOYSA-N,O=c1ccoc2ccc(OCCCN3CCCCC3)cc12,JNJSWDFXEMVLOC-UHFFFAOYSA-N,train
4552,8726,MVEDATNTJMFOJM-STZFKDTASA-N,COc1ccc(/C=C2\Oc3cc(OCCN4CCCC4)ccc3C2=O)c(OC)c1OC,RGKRBGOMLNQRHE-ZHZULCJRSA-N,train
4553,8730,PHWJALMIXUGHCL-UHFFFAOYSA-N,O=C(CN1CCC(Cc2ccccc2)CC1)c1ccc2ccccc2c1,PHWJALMIXUGHCL-UHFFFAOYSA-N,test
4554,8732,RCDAJHPCKSOXIC-UHFFFAOYSA-N,O=C(NCCC1CCN(Cc2ccccc2)CC1)c1coc2cc(OCc3ccccc3)ccc2c1=O,RCDAJHPCKSOXIC-UHFFFAOYSA-N,test
4555,8733,STRXWCGIRKOBGT-UHFFFAOYSA-N,C#CCOc1c(CN2CCOCC2)cc(-c2cc(=O)c3ccccc3o2)cc1OC,CVDOCHGSBFJTHT-UHFFFAOYSA-N,train
4556,8734,CZGPGJGGQHEQFM-UHFFFAOYSA-N,C#CCOc1c(CN2CCCCC2)cc(-c2cc(=O)c3ccccc3o2)cc1OC,CPIQFWQUWNIJFA-UHFFFAOYSA-N,train
4557,8735,WBEHBIFSMVNWHM-UHFFFAOYSA-N,C#CCCOc1c(CN2CCOCC2)cc(-c2cc(=O)c3ccccc3o2)cc1OCC,CVDOCHGSBFJTHT-UHFFFAOYSA-N,train
4558,8736,HMFOFRTZLXXKDW-UHFFFAOYSA-N,C#CCCCOc1c(CN2CCCCC2)cc(-c2cc(=O)c3ccccc3o2)cc1OCC,CPIQFWQUWNIJFA-UHFFFAOYSA-N,train
4559,8737,QZBBNYNORVHCNE-UHFFFAOYSA-N,C#CCOc1c(CN2CCOCC2)cc(-c2cc(=O)c3ccccc3o2)cc1CN1CCOCC1,MDDTVJMVDHXEQM-UHFFFAOYSA-N,train
4560,8738,HGALWJPXVZVXHS-UHFFFAOYSA-N,C#CCCCOc1c(CN2CCOCC2)cc(-c2cc(=O)c3ccccc3o2)cc1CN1CCOCC1,MDDTVJMVDHXEQM-UHFFFAOYSA-N,train
4561,8739,CRZZKTYQBUPALN-UHFFFAOYSA-N,C#CCOc1ccc(-c2cc(=O)c3ccccc3o2)cc1CN1CCOCC1,CVDOCHGSBFJTHT-UHFFFAOYSA-N,train
4562,8740,GJVZRJZSQMLPEU-UHFFFAOYSA-N,C#CCCCOc1ccc(-c2cc(=O)c3ccccc3o2)cc1CN1CCCCC1,CPIQFWQUWNIJFA-UHFFFAOYSA-N,train
4563,8741,WEXWONJFNUSMEA-UHFFFAOYSA-N,C#CCCCOc1c(CN2CCCCC2)cc(-c2cc(=O)c3ccccc3o2)cc1CN1CCCCC1,BYUXNAQCYOUTID-UHFFFAOYSA-N,train
4564,8742,XCQXJBIRRORJNV-UHFFFAOYSA-N,C#CCCCOc1c(CN2CCN(Cc3ccccc3)CC2)cc(-c2cc(=O)c3ccccc3o2)cc1OC,OGYIZKLYBCRMRK-UHFFFAOYSA-N,test
4565,8743,YQTQZASFSMZOSP-UHFFFAOYSA-N,C#CCCCOc1c(CN2CCc3ccccc3C2)cc(-c2cc(=O)c3ccccc3o2)cc1OC,SFFRPEOBTXIOJR-UHFFFAOYSA-N,test
4566,8745,UGBXIPMDUULQBN-UHFFFAOYSA-N,Nc1c2c(nc3ccc(-c4ccncc4)cc13)CCCC2,VUTKNZLZEHUNMY-UHFFFAOYSA-N,train
4567,8746,WMLCFSPODJQACH-UHFFFAOYSA-N,COc1cc(-c2ccc3nc4c(c(N)c3c2)CCCC4)ccn1,VUTKNZLZEHUNMY-UHFFFAOYSA-N,train
4568,8747,VRJZVNNGDODWAH-UHFFFAOYSA-N,Nc1c2c(nc3ccc(-c4ccc(Cl)nc4)cc13)CCCC2,NJTDMKZXUVAWHE-UHFFFAOYSA-N,train
4569,8748,IRECKSKASFTPJH-UHFFFAOYSA-N,Nc1c2c(nc3ccc(-c4ccc(F)nc4)cc13)CCCC2,NJTDMKZXUVAWHE-UHFFFAOYSA-N,train
4570,8749,CKEJHWBBCCURNI-UHFFFAOYSA-N,Nc1c2c(nc3ccc(-c4cncnc4)cc13)CCCC2,FEGQVVIECGDZNL-UHFFFAOYSA-N,train
4571,8750,DNZXTJWDEHLFNX-UHFFFAOYSA-N,COc1ncc(-c2ccc3nc4c(c(N)c3c2)CCCC4)cn1,FEGQVVIECGDZNL-UHFFFAOYSA-N,train
4572,8751,DSAHQENJONYLLB-UHFFFAOYSA-N,COc1ncc(-c2ccc3nc4c(c(N)c3c2)CCCC4)c(OC)n1,FEGQVVIECGDZNL-UHFFFAOYSA-N,train
4573,8752,RQDNTAJWXLKESN-UHFFFAOYSA-N,Nc1c2c(nc3ccc(-c4ccoc4)cc13)CCCC2,PXNRMROQFCCYRI-UHFFFAOYSA-N,test
4574,8753,JWBJNJVGRBQNPQ-UHFFFAOYSA-N,Cc1ccc(-c2ccc3nc4c(c(N)c3c2)CCCC4)o1,GFGBBOQRRYWKTG-UHFFFAOYSA-N,train
4575,8754,BAZNFIZSHOCMMY-UHFFFAOYSA-N,Nc1c2c(nc3ccc(-c4ccsc4)cc13)CCCC2,FKAXNOMJEFGVMA-UHFFFAOYSA-N,train
4576,8755,QWKAMJXVDJQTNH-UHFFFAOYSA-N,Nc1c2c(nc3ccc(-c4cccs4)cc13)CCCC2,YHYRFYGZJRXSJH-UHFFFAOYSA-N,train
4577,8756,IZKHAXNJVMQZEU-UHFFFAOYSA-N,Nc1c2c(nc3ccc(-c4ccc(Cl)s4)cc13)CCCC2,YHYRFYGZJRXSJH-UHFFFAOYSA-N,train
4578,8757,UUIMCDFDPAKGBU-UHFFFAOYSA-N,Cc1csc(-c2ccc3nc4c(c(N)c3c2)CCCC4)c1,YHYRFYGZJRXSJH-UHFFFAOYSA-N,train
4579,8758,JOKGWIKGSHAZHL-UHFFFAOYSA-N,CN(C)c1cccc(-c2ccc3nc4c(c(N)c3c2)CCCC4)c1,NLOASZMJKPMPNX-UHFFFAOYSA-N,train
4580,8759,BMMBDSQDOYDNCG-UHFFFAOYSA-N,CC(C)COc1cccc(-c2ccc3nc4c(c(N)c3c2)CCCC4)c1,NLOASZMJKPMPNX-UHFFFAOYSA-N,train
4581,8760,YLJREFDVOIBQDA-MICDWDOJSA-N,[2H]c1ccc2nc3c(c(N)c2c1)CCCC3,RXBYRTSOWREATF-UHFFFAOYSA-N,train
4582,8769,STOMQASIEWTJEI-HXUWFJFHSA-N,COCc1c(O)c(Oc2c(C=O)c(O)cc(C)c2C(=O)OC)c2c(c1O)C(=O)O[C@H]2O,BWZFLAUDFHHCEQ-UHFFFAOYSA-N,train
4583,8775,KIIZLMFGYAXDCL-UHFFFAOYSA-N,S=C(NCCCCNc1c2c(nc3ccccc13)CCCC2)NCCc1c[nH]c2ccccc12,KIIZLMFGYAXDCL-UHFFFAOYSA-N,train
4584,8776,DSKYIEJPLODCAK-UHFFFAOYSA-N,COn1cc(CCNC(=S)NCCCCCNc2c3c(nc4ccccc24)CCCC3)c2ccccc21,DZNRRYKCVFWJKP-UHFFFAOYSA-N,train
4585,8777,LTPNLKINDFQXEG-UZWMFBFFSA-N,CC(C)(C)c1ccc(/C=N/CCNc2c3c(nc4ccccc24)CCCCC3)c(C(C)(C)C)c1O,CYWUMGVSXWDCBM-JJIBRWJFSA-N,train
4586,8778,FWMBRKOTQCWSFY-UHFFFAOYSA-N,CC(C)(C)c1ccc(CNCCNc2c3c(nc4ccccc24)CCCCC3)c(C(C)(C)C)c1O,GDDZAQXRTNVYPY-UHFFFAOYSA-N,train
4587,8779,MEZUVQGFTTVJEJ-UHFFFAOYSA-N,Cc1ccc(S(=O)(=O)NCCCCNc2c3c(nc4ccccc24)CCCC3)cc1,NOZRXNPVVANDGJ-UHFFFAOYSA-N,test
4588,8783,IXFZJMFQDLWCLA-UHFFFAOYSA-N,C[Si]1(Cl)C=CC(=O)C1=P(c1ccccc1)(c1ccccc1)c1ccccc1,NLDKFVWWVKTRFG-UHFFFAOYSA-N,test
4589,8784,LPBNFYXQUIGYIX-CCFHIKDMSA-N,C[Si]1(Cl)C=C/C(=N\c2ccccc2)C1=P(c1ccccc1)(c1ccccc1)c1ccccc1,XMKQIJRRQHWDGR-ORIPQNMZSA-N,test
4590,8785,CBLWXPJNXCTMRV-UHFFFAOYSA-N,C[Si](C)(C)c1c([Si](C)(C)C)c(=P(c2ccccc2)(c2ccccc2)c2ccccc2)c1=O,ANQGNYZKGOFNSV-UHFFFAOYSA-N,train
4591,8786,GYLCFYGVBPKYEV-MDZDMXLPSA-N,O=C(/C=C/c1cccs1)c1ccc(OCCCCBr)cc1,VLDDOTFTMZJIEM-CMDGGOBGSA-N,test
4592,8787,NZOVMVHEEINJKO-UHFFFAOYSA-N,FC(F)(F)c1cccc(-c2cc(-c3cccs3)n(-c3ccc(Br)cc3)n2)c1,JERJOBBWKLLKDH-UHFFFAOYSA-N,train
4593,8788,IXMHOQHNDDSLRF-UHFFFAOYSA-N,O=C(NNC(=S)Nc1ccccc1[N+](=O)[O-])c1sccc1Cl,HNOZXLPXQCPGFX-UHFFFAOYSA-N,train
4594,8790,DVUDQXCAHGMTHD-UHFFFAOYSA-N,Cc1cc(=O)[nH]c2c1C(=O)C(NCNc1c3c(nc4ccccc14)CCCC3)=CC2=O,YMMQJFMCSBUCJB-UHFFFAOYSA-N,test
4595,8791,LMBRPCNFMSKSPC-UHFFFAOYSA-N,O=C(NCCCNc1c2c(nc3ccccc13)CCC2)c1cnc(Cl)c(Cl)c1,VYPWGZVTORLPEM-UHFFFAOYSA-N,test
4596,8792,XRNNPQNFSVBARD-RBJSKKJNSA-N,COc1cc2c(cc1OC)CC(CN1CCN(CCCNc3c4c(nc5cc(Cl)ccc35)C[C@H]3C=C(C)C[C@@H]4C3)CC1)C2,MYJKEHAUGRXSIE-RBJSKKJNSA-N,test
